lambda (nm), Source power (W), Trans power (W), FF total power (W), Power in cone angles (1,)
300	2.0676e-14	7.14194e-18	1.21386e-17	6.39065e-20	5.52238e-19	1.2534e-18	2.09925e-18	2.66367e-18	3.57286e-18	4.71358e-18	5.80729e-18	6.63096e-18	7.18706e-18	7.62426e-18	7.98698e-18	8.27705e-18	8.725e-18	9.76594e-18	1.09688e-17	1.19456e-17	1.20855e-17	1.21023e-17	1.21112e-17	1.21172e-17	1.21215e-17	1.21242e-17	1.21262e-17	1.21274e-17	1.21287e-17	1.21298e-17	1.21305e-17	1.21312e-17	1.21319e-17	1.21325e-17	1.21328e-17	1.21333e-17	1.21337e-17	1.21339e-17	1.21343e-17	1.21346e-17	1.21348e-17	1.21351e-17	1.21353e-17	1.21355e-17	1.21357e-17	1.21358e-17	1.2136e-17	1.21362e-17	1.21363e-17	1.21365e-17	1.21366e-17	1.21367e-17	1.21368e-17	1.2137e-17	1.2137e-17	1.21371e-17	1.21372e-17	1.21373e-17	1.21374e-17	1.21375e-17	1.21375e-17	1.21376e-17	1.21377e-17	1.21377e-17	1.21378e-17	1.21379e-17	1.21379e-17	1.2138e-17	1.2138e-17	1.21381e-17	1.21381e-17	1.21381e-17	1.21382e-17	1.21382e-17	1.21383e-17	1.21383e-17	1.21383e-17	1.21384e-17	1.21384e-17	1.21384e-17	1.21384e-17	1.21384e-17	1.21385e-17	1.21385e-17	1.21385e-17	1.21385e-17	1.21386e-17	1.21386e-17	1.21386e-17	1.21386e-17	1.21386e-17	1.21386e-17	1.21386e-17
303.01	2.06766e-14	7.95714e-18	1.36027e-17	7.07749e-20	6.37402e-19	1.43011e-18	2.40983e-18	3.05957e-18	4.09789e-18	5.42824e-18	6.69299e-18	7.63846e-18	8.30476e-18	8.80734e-18	9.17066e-18	9.45156e-18	9.90502e-18	1.10259e-17	1.23315e-17	1.3393e-17	1.35482e-17	1.35661e-17	1.35759e-17	1.35824e-17	1.35869e-17	1.35898e-17	1.35918e-17	1.3593e-17	1.35944e-17	1.35955e-17	1.35962e-17	1.35968e-17	1.35975e-17	1.3598e-17	1.35983e-17	1.35987e-17	1.3599e-17	1.35993e-17	1.35995e-17	1.35998e-17	1.36e-17	1.36001e-17	1.36003e-17	1.36005e-17	1.36006e-17	1.36008e-17	1.36009e-17	1.3601e-17	1.36011e-17	1.36012e-17	1.36013e-17	1.36014e-17	1.36014e-17	1.36015e-17	1.36016e-17	1.36017e-17	1.36017e-17	1.36018e-17	1.36018e-17	1.36019e-17	1.36019e-17	1.3602e-17	1.3602e-17	1.36021e-17	1.36021e-17	1.36022e-17	1.36022e-17	1.36022e-17	1.36023e-17	1.36023e-17	1.36023e-17	1.36024e-17	1.36024e-17	1.36024e-17	1.36024e-17	1.36025e-17	1.36025e-17	1.36025e-17	1.36025e-17	1.36026e-17	1.36026e-17	1.36026e-17	1.36026e-17	1.36027e-17	1.36027e-17	1.36027e-17	1.36027e-17	1.36027e-17	1.36027e-17	1.36027e-17	1.36027e-17	1.36027e-17	1.36027e-17
306.02	2.06771e-14	8.94943e-18	1.53659e-17	7.94746e-20	7.43558e-19	1.65189e-18	2.79956e-18	3.56091e-18	4.76047e-18	6.34105e-18	7.81735e-18	8.92863e-18	9.71157e-18	1.02761e-17	1.06386e-17	1.09063e-17	1.13532e-17	1.25402e-17	1.39488e-17	1.51147e-17	1.52919e-17	1.53127e-17	1.53245e-17	1.53328e-17	1.53386e-17	1.53426e-17	1.53455e-17	1.53473e-17	1.53494e-17	1.53512e-17	1.53523e-17	1.53533e-17	1.53546e-17	1.53556e-17	1.53561e-17	1.5357e-17	1.53577e-17	1.53581e-17	1.53587e-17	1.53594e-17	1.53597e-17	1.53602e-17	1.53606e-17	1.53609e-17	1.53613e-17	1.53616e-17	1.53619e-17	1.53622e-17	1.53624e-17	1.53627e-17	1.53628e-17	1.53631e-17	1.53633e-17	1.53635e-17	1.53636e-17	1.53638e-17	1.5364e-17	1.53641e-17	1.53642e-17	1.53644e-17	1.53645e-17	1.53646e-17	1.53647e-17	1.53648e-17	1.53649e-17	1.53649e-17	1.53651e-17	1.53651e-17	1.53651e-17	1.53652e-17	1.53653e-17	1.53653e-17	1.53654e-17	1.53655e-17	1.53655e-17	1.53655e-17	1.53656e-17	1.53656e-17	1.53656e-17	1.53657e-17	1.53657e-17	1.53657e-17	1.53657e-17	1.53658e-17	1.53658e-17	1.53658e-17	1.53658e-17	1.53659e-17	1.53659e-17	1.53659e-17	1.53659e-17	1.53659e-17	1.53659e-17
309.03	2.06776e-14	1.01254e-17	1.74051e-17	9.04397e-20	8.69337e-19	1.91926e-18	3.26586e-18	4.16435e-18	5.55658e-18	7.44147e-18	9.16417e-18	1.04813e-17	1.13821e-17	1.19989e-17	1.23707e-17	1.26258e-17	1.30603e-17	1.43059e-17	1.58241e-17	1.71134e-17	1.73155e-17	1.73402e-17	1.73545e-17	1.73649e-17	1.73724e-17	1.73778e-17	1.73817e-17	1.7384e-17	1.73869e-17	1.73894e-17	1.73909e-17	1.73923e-17	1.7394e-17	1.73953e-17	1.7396e-17	1.73971e-17	1.7398e-17	1.73985e-17	1.73992e-17	1.73999e-17	1.74002e-17	1.74007e-17	1.74012e-17	1.74015e-17	1.74019e-17	1.74021e-17	1.74024e-17	1.74026e-17	1.74028e-17	1.7403e-17	1.74031e-17	1.74033e-17	1.74034e-17	1.74036e-17	1.74036e-17	1.74038e-17	1.74038e-17	1.74039e-17	1.7404e-17	1.74041e-17	1.74041e-17	1.74042e-17	1.74042e-17	1.74043e-17	1.74043e-17	1.74044e-17	1.74044e-17	1.74045e-17	1.74045e-17	1.74045e-17	1.74046e-17	1.74046e-17	1.74046e-17	1.74047e-17	1.74047e-17	1.74047e-17	1.74047e-17	1.74048e-17	1.74048e-17	1.74048e-17	1.74049e-17	1.74049e-17	1.74049e-17	1.74049e-17	1.7405e-17	1.7405e-17	1.7405e-17	1.74051e-17	1.74051e-17	1.74051e-17	1.74051e-17	1.74051e-17	1.74051e-17
312.04	2.06782e-14	1.14771e-17	1.96885e-17	1.04033e-19	1.01192e-18	2.22943e-18	3.80043e-18	4.8583e-18	6.47157e-18	8.70094e-18	1.06963e-17	1.22484e-17	1.32714e-17	1.3936e-17	1.43327e-17	1.4583e-17	1.50047e-17	1.63085e-17	1.79456e-17	1.93682e-17	1.95937e-17	1.96216e-17	1.96379e-17	1.96497e-17	1.96581e-17	1.96641e-17	1.96682e-17	1.96707e-17	1.96736e-17	1.9676e-17	1.96775e-17	1.96787e-17	1.96801e-17	1.96811e-17	1.96817e-17	1.96824e-17	1.9683e-17	1.96834e-17	1.96838e-17	1.96842e-17	1.96844e-17	1.96846e-17	1.96849e-17	1.96851e-17	1.96852e-17	1.96854e-17	1.96855e-17	1.96857e-17	1.96858e-17	1.96859e-17	1.9686e-17	1.96861e-17	1.96862e-17	1.96864e-17	1.96865e-17	1.96866e-17	1.96867e-17	1.96868e-17	1.96869e-17	1.9687e-17	1.96871e-17	1.96872e-17	1.96873e-17	1.96874e-17	1.96875e-17	1.96875e-17	1.96876e-17	1.96877e-17	1.96877e-17	1.96878e-17	1.96879e-17	1.96879e-17	1.9688e-17	1.96881e-17	1.96881e-17	1.96881e-17	1.96882e-17	1.96883e-17	1.96883e-17	1.96883e-17	1.96883e-17	1.96884e-17	1.96884e-17	1.96884e-17	1.96885e-17	1.96885e-17	1.96885e-17	1.96885e-17	1.96885e-17	1.96885e-17	1.96885e-17	1.96885e-17	1.96885e-17
315.05	2.06786e-14	1.30008e-17	2.22002e-17	1.20578e-19	1.16903e-18	2.57978e-18	4.39679e-18	5.6332e-18	7.49408e-18	1.00961e-17	1.23854e-17	1.41919e-17	1.53495e-17	1.60733e-17	1.65111e-17	1.67702e-17	1.71823e-17	1.85481e-17	2.03093e-17	2.18604e-17	2.21048e-17	2.21342e-17	2.21513e-17	2.21633e-17	2.21714e-17	2.21769e-17	2.21806e-17	2.21828e-17	2.21851e-17	2.21869e-17	2.2188e-17	2.21889e-17	2.21898e-17	2.21906e-17	2.2191e-17	2.21915e-17	2.2192e-17	2.21924e-17	2.21927e-17	2.21932e-17	2.21935e-17	2.21938e-17	2.21943e-17	2.21945e-17	2.21949e-17	2.21952e-17	2.21956e-17	2.21959e-17	2.21961e-17	2.21965e-17	2.21967e-17	2.2197e-17	2.21972e-17	2.21975e-17	2.21977e-17	2.21979e-17	2.21981e-17	2.21983e-17	2.21984e-17	2.21986e-17	2.21987e-17	2.21988e-17	2.21989e-17	2.2199e-17	2.21992e-17	2.21992e-17	2.21993e-17	2.21994e-17	2.21994e-17	2.21995e-17	2.21996e-17	2.21996e-17	2.21996e-17	2.21997e-17	2.21997e-17	2.21998e-17	2.21998e-17	2.21999e-17	2.21999e-17	2.21999e-17	2.21999e-17	2.22e-17	2.22e-17	2.22e-17	2.22001e-17	2.22001e-17	2.22002e-17	2.22002e-17	2.22002e-17	2.22002e-17	2.22002e-17	2.22002e-17	2.22002e-17
318.06	2.06791e-14	1.47064e-17	2.49395e-17	1.4035e-19	1.34009e-18	2.96995e-18	5.05445e-18	6.48728e-18	8.6237e-18	1.16226e-17	1.42296e-17	1.63077e-17	1.76195e-17	1.84308e-17	1.89265e-17	1.92095e-17	1.96176e-17	2.10477e-17	2.29261e-17	2.45859e-17	2.4845e-17	2.48739e-17	2.48909e-17	2.49025e-17	2.49097e-17	2.49146e-17	2.49177e-17	2.49196e-17	2.49216e-17	2.49233e-17	2.49244e-17	2.49254e-17	2.49266e-17	2.49276e-17	2.49282e-17	2.49292e-17	2.49301e-17	2.49306e-17	2.49315e-17	2.49324e-17	2.49328e-17	2.49335e-17	2.49342e-17	2.49346e-17	2.49352e-17	2.49355e-17	2.4936e-17	2.49363e-17	2.49366e-17	2.49369e-17	2.4937e-17	2.49373e-17	2.49374e-17	2.49376e-17	2.49377e-17	2.49379e-17	2.49379e-17	2.49381e-17	2.49381e-17	2.49382e-17	2.49383e-17	2.49383e-17	2.49384e-17	2.49384e-17	2.49385e-17	2.49386e-17	2.49386e-17	2.49387e-17	2.49387e-17	2.49388e-17	2.49389e-17	2.49389e-17	2.49389e-17	2.4939e-17	2.4939e-17	2.49391e-17	2.49391e-17	2.49392e-17	2.49392e-17	2.49392e-17	2.49393e-17	2.49393e-17	2.49393e-17	2.49394e-17	2.49394e-17	2.49394e-17	2.49395e-17	2.49395e-17	2.49395e-17	2.49395e-17	2.49395e-17	2.49395e-17	2.49395e-17
321.07	2.06796e-14	1.66071e-17	2.7913e-17	1.63463e-19	1.52568e-18	3.40076e-18	5.77654e-18	7.42363e-18	9.86657e-18	1.32897e-17	1.62454e-17	1.86171e-17	2.01077e-17	2.10429e-17	2.16143e-17	2.19342e-17	2.23444e-17	2.38333e-17	2.58064e-17	2.7544e-17	2.78152e-17	2.78432e-17	2.786e-17	2.78715e-17	2.78784e-17	2.78834e-17	2.78868e-17	2.78889e-17	2.78915e-17	2.78938e-17	2.78955e-17	2.7897e-17	2.78989e-17	2.79006e-17	2.79014e-17	2.79029e-17	2.79041e-17	2.79048e-17	2.79057e-17	2.79066e-17	2.7907e-17	2.79076e-17	2.79081e-17	2.79084e-17	2.79087e-17	2.79089e-17	2.79091e-17	2.79093e-17	2.79095e-17	2.79096e-17	2.79097e-17	2.79099e-17	2.791e-17	2.79101e-17	2.79103e-17	2.79104e-17	2.79105e-17	2.79107e-17	2.79108e-17	2.7911e-17	2.79111e-17	2.79112e-17	2.79114e-17	2.79115e-17	2.79116e-17	2.79117e-17	2.79118e-17	2.7912e-17	2.7912e-17	2.79121e-17	2.79122e-17	2.79122e-17	2.79123e-17	2.79124e-17	2.79125e-17	2.79125e-17	2.79126e-17	2.79126e-17	2.79127e-17	2.79127e-17	2.79127e-17	2.79128e-17	2.79128e-17	2.79129e-17	2.79129e-17	2.79129e-17	2.7913e-17	2.7913e-17	2.7913e-17	2.7913e-17	2.7913e-17	2.7913e-17	2.7913e-17
324.08	2.06801e-14	1.86963e-17	3.10953e-17	1.89665e-19	1.72559e-18	3.87007e-18	6.56187e-18	8.43993e-18	1.12209e-17	1.50992e-17	1.84403e-17	2.11336e-17	2.28283e-17	2.39188e-17	2.45843e-17	2.49502e-17	2.53679e-17	2.68976e-17	2.89272e-17	3.07072e-17	3.09902e-17	3.10182e-17	3.10358e-17	3.10481e-17	3.1056e-17	3.10621e-17	3.10665e-17	3.10692e-17	3.10729e-17	3.10761e-17	3.10782e-17	3.10801e-17	3.10823e-17	3.1084e-17	3.10849e-17	3.10861e-17	3.1087e-17	3.10876e-17	3.10881e-17	3.10886e-17	3.10889e-17	3.10892e-17	3.10895e-17	3.10897e-17	3.109e-17	3.10902e-17	3.10905e-17	3.10908e-17	3.1091e-17	3.10914e-17	3.10915e-17	3.10919e-17	3.10921e-17	3.10925e-17	3.10927e-17	3.1093e-17	3.10931e-17	3.10934e-17	3.10935e-17	3.10937e-17	3.10938e-17	3.1094e-17	3.10941e-17	3.10942e-17	3.10943e-17	3.10943e-17	3.10944e-17	3.10945e-17	3.10945e-17	3.10946e-17	3.10947e-17	3.10947e-17	3.10947e-17	3.10948e-17	3.10948e-17	3.10949e-17	3.10949e-17	3.1095e-17	3.1095e-17	3.1095e-17	3.10951e-17	3.10951e-17	3.10951e-17	3.10952e-17	3.10953e-17	3.10953e-17	3.10953e-17	3.10953e-17	3.10953e-17	3.10953e-17	3.10953e-17	3.10953e-17	3.10953e-17
327.09	2.06805e-14	2.09239e-17	3.44009e-17	2.18151e-19	1.93646e-18	4.3681e-18	7.39578e-18	9.5165e-18	1.26605e-17	1.70211e-17	2.07809e-17	2.38233e-17	2.57433e-17	2.70062e-17	2.77797e-17	2.81989e-17	2.86273e-17	3.01666e-17	3.2204e-17	3.39916e-17	3.42869e-17	3.43165e-17	3.4336e-17	3.435e-17	3.43596e-17	3.4367e-17	3.43725e-17	3.43757e-17	3.43798e-17	3.43831e-17	3.43852e-17	3.43869e-17	3.43886e-17	3.43898e-17	3.43904e-17	3.43912e-17	3.43918e-17	3.43922e-17	3.43926e-17	3.43931e-17	3.43934e-17	3.43939e-17	3.43945e-17	3.43949e-17	3.43955e-17	3.43959e-17	3.43964e-17	3.43968e-17	3.43971e-17	3.43976e-17	3.43978e-17	3.43981e-17	3.43983e-17	3.43986e-17	3.43987e-17	3.43989e-17	3.4399e-17	3.43991e-17	3.43992e-17	3.43992e-17	3.43993e-17	3.43994e-17	3.43995e-17	3.43995e-17	3.43996e-17	3.43997e-17	3.43998e-17	3.43999e-17	3.43999e-17	3.44e-17	3.44001e-17	3.44001e-17	3.44002e-17	3.44003e-17	3.44004e-17	3.44004e-17	3.44005e-17	3.44006e-17	3.44006e-17	3.44006e-17	3.44007e-17	3.44007e-17	3.44008e-17	3.44008e-17	3.44009e-17	3.44009e-17	3.44009e-17	3.44009e-17	3.44009e-17	3.44009e-17	3.44009e-17	3.44009e-17	3.44009e-17
330.1	2.06809e-14	2.31878e-17	3.76735e-17	2.47482e-19	2.1503e-18	4.87444e-18	8.24479e-18	1.06095e-17	1.41259e-17	1.89794e-17	2.31742e-17	2.6582e-17	2.87384e-17	3.01738e-17	3.10612e-17	3.15409e-17	3.198e-17	3.34893e-17	3.54822e-17	3.72462e-17	3.75525e-17	3.7585e-17	3.76064e-17	3.76223e-17	3.76331e-17	3.76411e-17	3.76468e-17	3.76499e-17	3.76535e-17	3.76562e-17	3.76577e-17	3.76589e-17	3.76601e-17	3.7661e-17	3.76615e-17	3.76623e-17	3.76631e-17	3.76637e-17	3.76645e-17	3.76655e-17	3.76659e-17	3.76667e-17	3.76675e-17	3.76679e-17	3.76686e-17	3.76689e-17	3.76693e-17	3.76696e-17	3.76698e-17	3.767e-17	3.76701e-17	3.76703e-17	3.76704e-17	3.76706e-17	3.76707e-17	3.76708e-17	3.76709e-17	3.76711e-17	3.76712e-17	3.76714e-17	3.76715e-17	3.76717e-17	3.76718e-17	3.7672e-17	3.76721e-17	3.76722e-17	3.76724e-17	3.76725e-17	3.76725e-17	3.76726e-17	3.76727e-17	3.76728e-17	3.76729e-17	3.76729e-17	3.7673e-17	3.7673e-17	3.76731e-17	3.76731e-17	3.76732e-17	3.76732e-17	3.76732e-17	3.76732e-17	3.76733e-17	3.76734e-17	3.76734e-17	3.76734e-17	3.76735e-17	3.76735e-17	3.76735e-17	3.76735e-17	3.76735e-17	3.76735e-17	3.76735e-17
333.11	2.06814e-14	2.53437e-17	4.07047e-17	2.75696e-19	2.35483e-18	5.35899e-18	9.05818e-18	1.1653e-17	1.55274e-17	2.08558e-17	2.54729e-17	2.92412e-17	3.16303e-17	3.32245e-17	3.42221e-17	3.47712e-17	3.52188e-17	3.66581e-17	3.85575e-17	4.027e-17	4.05821e-17	4.06171e-17	4.06398e-17	4.06565e-17	4.06672e-17	4.06746e-17	4.06795e-17	4.06822e-17	4.06849e-17	4.06868e-17	4.0688e-17	4.06891e-17	4.06904e-17	4.06916e-17	4.06923e-17	4.06936e-17	4.06948e-17	4.06956e-17	4.06966e-17	4.06977e-17	4.06981e-17	4.06988e-17	4.06993e-17	4.06996e-17	4.06999e-17	4.07001e-17	4.07003e-17	4.07005e-17	4.07006e-17	4.07009e-17	4.0701e-17	4.07013e-17	4.07015e-17	4.07018e-17	4.0702e-17	4.07023e-17	4.07025e-17	4.07028e-17	4.07028e-17	4.07031e-17	4.07032e-17	4.07034e-17	4.07035e-17	4.07036e-17	4.07037e-17	4.07037e-17	4.07038e-17	4.07039e-17	4.07039e-17	4.07039e-17	4.0704e-17	4.0704e-17	4.07041e-17	4.07042e-17	4.07042e-17	4.07042e-17	4.07043e-17	4.07044e-17	4.07044e-17	4.07044e-17	4.07044e-17	4.07045e-17	4.07045e-17	4.07046e-17	4.07046e-17	4.07046e-17	4.07047e-17	4.07047e-17	4.07047e-17	4.07047e-17	4.07047e-17	4.07047e-17	4.07047e-17
336.12	2.06818e-14	2.72346e-17	4.32792e-17	3.00604e-19	2.53539e-18	5.7866e-18	9.77637e-18	1.25704e-17	1.67609e-17	2.2511e-17	2.75033e-17	3.16004e-17	3.42014e-17	3.59324e-17	3.70308e-17	3.76587e-17	3.81139e-17	3.94511e-17	4.12172e-17	4.28512e-17	4.31604e-17	4.31962e-17	4.32185e-17	4.32347e-17	4.3244e-17	4.32502e-17	4.32541e-17	4.32562e-17	4.32585e-17	4.32604e-17	4.32618e-17	4.32632e-17	4.32651e-17	4.32668e-17	4.32677e-17	4.32692e-17	4.32704e-17	4.32711e-17	4.32718e-17	4.32724e-17	4.32727e-17	4.32731e-17	4.32734e-17	4.32736e-17	4.32739e-17	4.32741e-17	4.32745e-17	4.32748e-17	4.32751e-17	4.32756e-17	4.32758e-17	4.32762e-17	4.32764e-17	4.32767e-17	4.32769e-17	4.32771e-17	4.32772e-17	4.32774e-17	4.32774e-17	4.32775e-17	4.32776e-17	4.32776e-17	4.32777e-17	4.32778e-17	4.32779e-17	4.32779e-17	4.32781e-17	4.32782e-17	4.32782e-17	4.32783e-17	4.32784e-17	4.32784e-17	4.32785e-17	4.32786e-17	4.32787e-17	4.32787e-17	4.32788e-17	4.32789e-17	4.32789e-17	4.32789e-17	4.32789e-17	4.3279e-17	4.32791e-17	4.32791e-17	4.32792e-17	4.32792e-17	4.32792e-17	4.32792e-17	4.32792e-17	4.32792e-17	4.32792e-17	4.32792e-17	4.32792e-17
339.13	2.06822e-14	2.87246e-17	4.52231e-17	3.2019e-19	2.67797e-18	6.124e-18	1.0343e-17	1.32898e-17	1.77292e-17	2.38147e-17	2.91034e-17	3.34726e-17	3.62495e-17	3.80924e-17	3.92821e-17	3.99979e-17	4.04657e-17	4.16829e-17	4.32885e-17	4.48164e-17	4.51119e-17	4.51463e-17	4.51668e-17	4.51815e-17	4.51891e-17	4.51942e-17	4.51977e-17	4.51996e-17	4.52023e-17	4.52047e-17	4.52065e-17	4.52083e-17	4.52104e-17	4.52121e-17	4.52129e-17	4.5214e-17	4.52147e-17	4.52152e-17	4.52156e-17	4.5216e-17	4.52162e-17	4.52166e-17	4.52171e-17	4.52175e-17	4.5218e-17	4.52184e-17	4.52189e-17	4.52193e-17	4.52196e-17	4.52199e-17	4.52201e-17	4.52203e-17	4.52204e-17	4.52206e-17	4.52206e-17	4.52208e-17	4.52208e-17	4.5221e-17	4.5221e-17	4.52212e-17	4.52213e-17	4.52215e-17	4.52216e-17	4.52217e-17	4.52219e-17	4.52219e-17	4.52221e-17	4.52222e-17	4.52222e-17	4.52223e-17	4.52224e-17	4.52225e-17	4.52225e-17	4.52226e-17	4.52226e-17	4.52226e-17	4.52227e-17	4.52227e-17	4.52228e-17	4.52228e-17	4.52228e-17	4.52228e-17	4.52229e-17	4.52229e-17	4.5223e-17	4.5223e-17	4.5223e-17	4.52231e-17	4.52231e-17	4.52231e-17	4.52231e-17	4.52231e-17	4.52231e-17
342.14	2.06826e-14	2.97293e-17	4.64438e-17	3.32991e-19	2.7721e-18	6.34654e-18	1.07166e-17	1.37593e-17	1.83631e-17	2.46736e-17	3.01592e-17	3.4726e-17	3.76328e-17	3.95638e-17	4.08401e-17	4.16523e-17	4.21469e-17	4.32426e-17	4.46741e-17	4.60693e-17	4.63417e-17	4.6373e-17	4.63912e-17	4.64042e-17	4.64106e-17	4.64154e-17	4.64191e-17	4.64213e-17	4.64245e-17	4.64273e-17	4.64292e-17	4.64309e-17	4.64326e-17	4.64338e-17	4.64343e-17	4.6435e-17	4.64355e-17	4.64358e-17	4.64363e-17	4.6437e-17	4.64373e-17	4.6438e-17	4.64386e-17	4.6439e-17	4.64396e-17	4.64399e-17	4.64402e-17	4.64404e-17	4.64406e-17	4.64407e-17	4.64408e-17	4.64409e-17	4.6441e-17	4.64413e-17	4.64414e-17	4.64416e-17	4.64418e-17	4.6442e-17	4.64421e-17	4.64423e-17	4.64424e-17	4.64426e-17	4.64427e-17	4.64428e-17	4.64429e-17	4.64429e-17	4.64429e-17	4.6443e-17	4.6443e-17	4.64431e-17	4.64432e-17	4.64432e-17	4.64432e-17	4.64433e-17	4.64433e-17	4.64433e-17	4.64434e-17	4.64435e-17	4.64435e-17	4.64435e-17	4.64435e-17	4.64436e-17	4.64436e-17	4.64437e-17	4.64437e-17	4.64437e-17	4.64438e-17	4.64438e-17	4.64438e-17	4.64438e-17	4.64438e-17	4.64438e-17	4.64438e-17
345.151	2.06829e-14	3.02291e-17	4.69463e-17	3.3835e-19	2.81278e-18	6.44271e-18	1.08782e-17	1.39561e-17	1.86328e-17	2.50484e-17	3.06253e-17	3.53083e-17	3.82971e-17	4.02953e-17	4.16598e-17	4.25778e-17	4.31226e-17	4.41108e-17	4.53678e-17	4.66087e-17	4.68526e-17	4.68804e-17	4.68965e-17	4.69082e-17	4.69143e-17	4.69195e-17	4.69236e-17	4.6926e-17	4.69294e-17	4.6932e-17	4.69335e-17	4.69347e-17	4.69358e-17	4.69365e-17	4.69369e-17	4.69375e-17	4.69382e-17	4.69387e-17	4.69394e-17	4.69403e-17	4.69407e-17	4.69413e-17	4.69418e-17	4.69421e-17	4.69423e-17	4.69425e-17	4.69426e-17	4.69428e-17	4.69429e-17	4.69432e-17	4.69433e-17	4.69436e-17	4.69437e-17	4.69441e-17	4.69442e-17	4.69445e-17	4.69446e-17	4.69447e-17	4.69448e-17	4.69449e-17	4.69449e-17	4.6945e-17	4.69451e-17	4.69451e-17	4.69452e-17	4.69452e-17	4.69453e-17	4.69454e-17	4.69454e-17	4.69455e-17	4.69456e-17	4.69456e-17	4.69457e-17	4.69458e-17	4.69458e-17	4.69458e-17	4.69459e-17	4.6946e-17	4.6946e-17	4.6946e-17	4.6946e-17	4.69461e-17	4.69461e-17	4.69462e-17	4.69462e-17	4.69462e-17	4.69462e-17	4.69463e-17	4.69463e-17	4.69463e-17	4.69463e-17	4.69463e-17	4.69463e-17
348.161	2.06833e-14	3.02668e-17	4.68215e-17	3.36477e-19	2.80102e-18	6.41536e-18	1.0833e-17	1.38889e-17	1.85512e-17	2.49566e-17	3.05269e-17	3.52489e-17	3.82764e-17	4.03256e-17	4.17841e-17	4.28198e-17	4.3444e-17	4.43514e-17	4.54446e-17	4.65209e-17	4.67354e-17	4.67601e-17	4.67747e-17	4.6786e-17	4.67922e-17	4.67978e-17	4.68019e-17	4.68042e-17	4.68071e-17	4.6809e-17	4.681e-17	4.68108e-17	4.68116e-17	4.68123e-17	4.68128e-17	4.68137e-17	4.68146e-17	4.68151e-17	4.68159e-17	4.68165e-17	4.68168e-17	4.68171e-17	4.68173e-17	4.68175e-17	4.68177e-17	4.68178e-17	4.68181e-17	4.68184e-17	4.68186e-17	4.6819e-17	4.68191e-17	4.68194e-17	4.68195e-17	4.68197e-17	4.68198e-17	4.68199e-17	4.68199e-17	4.682e-17	4.682e-17	4.68201e-17	4.68202e-17	4.68203e-17	4.68204e-17	4.68205e-17	4.68206e-17	4.68207e-17	4.68208e-17	4.68209e-17	4.68209e-17	4.6821e-17	4.68211e-17	4.68211e-17	4.68211e-17	4.68212e-17	4.68212e-17	4.68212e-17	4.68212e-17	4.68213e-17	4.68213e-17	4.68213e-17	4.68213e-17	4.68214e-17	4.68214e-17	4.68214e-17	4.68215e-17	4.68215e-17	4.68215e-17	4.68215e-17	4.68215e-17	4.68215e-17	4.68215e-17	4.68215e-17	4.68215e-17
351.171	2.06837e-14	2.99293e-17	4.62172e-17	3.28318e-19	2.74292e-18	6.27946e-18	1.06064e-17	1.35919e-17	1.81649e-17	2.44612e-17	2.99453e-17	3.46412e-17	3.76736e-17	3.97623e-17	4.13213e-17	4.24893e-17	4.3222e-17	4.40842e-17	4.50341e-17	4.59501e-17	4.61378e-17	4.61605e-17	4.61741e-17	4.61852e-17	4.61916e-17	4.61969e-17	4.62005e-17	4.62025e-17	4.62045e-17	4.62058e-17	4.62065e-17	4.62072e-17	4.62081e-17	4.62091e-17	4.62096e-17	4.62106e-17	4.62114e-17	4.62119e-17	4.62123e-17	4.62126e-17	4.62128e-17	4.6213e-17	4.62132e-17	4.62134e-17	4.62138e-17	4.6214e-17	4.62144e-17	4.62146e-17	4.62149e-17	4.62151e-17	4.62151e-17	4.62153e-17	4.62153e-17	4.62154e-17	4.62155e-17	4.62156e-17	4.62157e-17	4.62158e-17	4.62158e-17	4.6216e-17	4.62161e-17	4.62163e-17	4.62163e-17	4.62164e-17	4.62165e-17	4.62165e-17	4.62166e-17	4.62166e-17	4.62166e-17	4.62167e-17	4.62167e-17	4.62167e-17	4.62167e-17	4.62168e-17	4.62168e-17	4.62168e-17	4.62169e-17	4.62169e-17	4.62169e-17	4.6217e-17	4.6217e-17	4.6217e-17	4.62171e-17	4.62171e-17	4.62171e-17	4.62171e-17	4.62172e-17	4.62172e-17	4.62172e-17	4.62172e-17	4.62172e-17	4.62172e-17	4.62172e-17
354.181	2.0684e-14	2.93232e-17	4.52984e-17	3.15295e-19	2.64789e-18	6.05785e-18	1.0237e-17	1.31153e-17	1.75417e-17	2.36529e-17	2.89933e-17	3.36144e-17	3.66285e-17	3.87501e-17	4.04124e-17	4.17278e-17	4.25926e-17	4.34504e-17	4.42853e-17	4.506e-17	4.52256e-17	4.52469e-17	4.52598e-17	4.52706e-17	4.52766e-17	4.52812e-17	4.5284e-17	4.52855e-17	4.52868e-17	4.52879e-17	4.52886e-17	4.52894e-17	4.52906e-17	4.52916e-17	4.52921e-17	4.52929e-17	4.52934e-17	4.52936e-17	4.52938e-17	4.52941e-17	4.52942e-17	4.52946e-17	4.5295e-17	4.52952e-17	4.52956e-17	4.52958e-17	4.5296e-17	4.52962e-17	4.52963e-17	4.52963e-17	4.52964e-17	4.52965e-17	4.52966e-17	4.52968e-17	4.52968e-17	4.5297e-17	4.52971e-17	4.52973e-17	4.52973e-17	4.52974e-17	4.52975e-17	4.52975e-17	4.52976e-17	4.52976e-17	4.52976e-17	4.52977e-17	4.52977e-17	4.52978e-17	4.52978e-17	4.52978e-17	4.52979e-17	4.52979e-17	4.5298e-17	4.5298e-17	4.52981e-17	4.52981e-17	4.52981e-17	4.52982e-17	4.52982e-17	4.52982e-17	4.52982e-17	4.52983e-17	4.52983e-17	4.52983e-17	4.52983e-17	4.52983e-17	4.52984e-17	4.52984e-17	4.52984e-17	4.52984e-17	4.52984e-17	4.52984e-17	4.52984e-17
357.191	2.06844e-14	2.85513e-17	4.42133e-17	2.98993e-19	2.52658e-18	5.77618e-18	9.7677e-18	1.25145e-17	1.67547e-17	2.26294e-17	2.77898e-17	3.23034e-17	3.52857e-17	3.74367e-17	3.91995e-17	4.06733e-17	4.16861e-17	4.25806e-17	4.33353e-17	4.39988e-17	4.41471e-17	4.41674e-17	4.41794e-17	4.41896e-17	4.41948e-17	4.41984e-17	4.42006e-17	4.42016e-17	4.42028e-17	4.42039e-17	4.42048e-17	4.42057e-17	4.42068e-17	4.42077e-17	4.4208e-17	4.42085e-17	4.42087e-17	4.42089e-17	4.42092e-17	4.42096e-17	4.42097e-17	4.42102e-17	4.42105e-17	4.42108e-17	4.4211e-17	4.42111e-17	4.42112e-17	4.42112e-17	4.42113e-17	4.42115e-17	4.42115e-17	4.42117e-17	4.42118e-17	4.42121e-17	4.42121e-17	4.42123e-17	4.42123e-17	4.42124e-17	4.42124e-17	4.42124e-17	4.42125e-17	4.42125e-17	4.42125e-17	4.42126e-17	4.42127e-17	4.42127e-17	4.42128e-17	4.42129e-17	4.42129e-17	4.42129e-17	4.4213e-17	4.4213e-17	4.4213e-17	4.42131e-17	4.42131e-17	4.42131e-17	4.42131e-17	4.42132e-17	4.42132e-17	4.42132e-17	4.42132e-17	4.42132e-17	4.42132e-17	4.42132e-17	4.42133e-17	4.42133e-17	4.42133e-17	4.42133e-17	4.42133e-17	4.42133e-17	4.42133e-17	4.42133e-17	4.42133e-17
360.201	2.06847e-14	2.76958e-17	4.30719e-17	2.8089e-19	2.3891e-18	5.45859e-18	9.2386e-18	1.18401e-17	1.58712e-17	2.14791e-17	2.64399e-17	3.08265e-17	3.37698e-17	3.59482e-17	3.78024e-17	3.94369e-17	4.06057e-17	4.15747e-17	4.22881e-17	4.28755e-17	4.30115e-17	4.3031e-17	4.3042e-17	4.30513e-17	4.30556e-17	4.30584e-17	4.30602e-17	4.30611e-17	4.30624e-17	4.30637e-17	4.30646e-17	4.30655e-17	4.30664e-17	4.30669e-17	4.30671e-17	4.30674e-17	4.30677e-17	4.30679e-17	4.30683e-17	4.30688e-17	4.3069e-17	4.30693e-17	4.30695e-17	4.30696e-17	4.30697e-17	4.30698e-17	4.30699e-17	4.30701e-17	4.30702e-17	4.30704e-17	4.30705e-17	4.30707e-17	4.30707e-17	4.30708e-17	4.30709e-17	4.30709e-17	4.3071e-17	4.3071e-17	4.3071e-17	4.30711e-17	4.30712e-17	4.30713e-17	4.30713e-17	4.30714e-17	4.30715e-17	4.30715e-17	4.30715e-17	4.30716e-17	4.30716e-17	4.30716e-17	4.30716e-17	4.30716e-17	4.30717e-17	4.30717e-17	4.30717e-17	4.30717e-17	4.30717e-17	4.30718e-17	4.30718e-17	4.30718e-17	4.30718e-17	4.30718e-17	4.30719e-17	4.30719e-17	4.30719e-17	4.30719e-17	4.30719e-17	4.30719e-17	4.30719e-17	4.30719e-17	4.30719e-17	4.30719e-17	4.30719e-17
363.211	2.0685e-14	2.68121e-17	4.19404e-17	2.62167e-19	2.24387e-18	5.12485e-18	8.68251e-18	1.11332e-17	1.49444e-17	2.02721e-17	2.50244e-17	2.92731e-17	3.21732e-17	3.43763e-17	3.63085e-17	3.8094e-17	3.94212e-17	4.04961e-17	4.12082e-17	4.17556e-17	4.18843e-17	4.19031e-17	4.19131e-17	4.19214e-17	4.1925e-17	4.19274e-17	4.19292e-17	4.19301e-17	4.19316e-17	4.1933e-17	4.19339e-17	4.19345e-17	4.19351e-17	4.19355e-17	4.19356e-17	4.1936e-17	4.19365e-17	4.19367e-17	4.19372e-17	4.19376e-17	4.19377e-17	4.19379e-17	4.1938e-17	4.19381e-17	4.19382e-17	4.19383e-17	4.19385e-17	4.19387e-17	4.19389e-17	4.1939e-17	4.19391e-17	4.19391e-17	4.19392e-17	4.19392e-17	4.19393e-17	4.19394e-17	4.19394e-17	4.19395e-17	4.19396e-17	4.19397e-17	4.19397e-17	4.19398e-17	4.19398e-17	4.19399e-17	4.19399e-17	4.19399e-17	4.19399e-17	4.194e-17	4.194e-17	4.194e-17	4.194e-17	4.194e-17	4.19401e-17	4.19401e-17	4.19401e-17	4.19402e-17	4.19402e-17	4.19402e-17	4.19403e-17	4.19403e-17	4.19403e-17	4.19403e-17	4.19403e-17	4.19403e-17	4.19404e-17	4.19404e-17	4.19404e-17	4.19404e-17	4.19404e-17	4.19404e-17	4.19404e-17	4.19404e-17	4.19404e-17
366.221	2.06853e-14	2.59317e-17	4.08494e-17	2.43637e-19	2.09718e-18	4.7894e-18	8.12322e-18	1.04229e-17	1.40122e-17	1.90574e-17	2.3598e-17	2.77025e-17	3.0556e-17	3.27789e-17	3.47726e-17	3.66893e-17	3.8174e-17	3.93795e-17	4.01283e-17	4.06689e-17	4.07957e-17	4.08141e-17	4.08232e-17	4.08307e-17	4.08341e-17	4.08364e-17	4.08385e-17	4.08396e-17	4.08412e-17	4.08425e-17	4.08432e-17	4.08436e-17	4.08441e-17	4.08445e-17	4.08447e-17	4.08453e-17	4.08458e-17	4.08461e-17	4.08464e-17	4.08466e-17	4.08467e-17	4.08468e-17	4.0847e-17	4.08471e-17	4.08474e-17	4.08476e-17	4.08478e-17	4.08479e-17	4.0848e-17	4.0848e-17	4.08481e-17	4.08481e-17	4.08482e-17	4.08483e-17	4.08484e-17	4.08485e-17	4.08486e-17	4.08487e-17	4.08487e-17	4.08488e-17	4.08488e-17	4.08488e-17	4.08488e-17	4.08489e-17	4.08489e-17	4.08489e-17	4.0849e-17	4.0849e-17	4.0849e-17	4.08491e-17	4.08492e-17	4.08492e-17	4.08492e-17	4.08492e-17	4.08492e-17	4.08493e-17	4.08493e-17	4.08493e-17	4.08493e-17	4.08493e-17	4.08493e-17	4.08493e-17	4.08494e-17	4.08494e-17	4.08494e-17	4.08494e-17	4.08494e-17	4.08494e-17	4.08494e-17	4.08494e-17	4.08494e-17	4.08494e-17	4.08494e-17
369.231	2.06856e-14	2.50707e-17	3.98114e-17	2.25768e-19	1.95334e-18	4.46174e-18	7.5763e-18	9.72818e-18	1.30993e-17	1.78663e-17	2.21943e-17	2.61505e-17	2.89532e-17	3.11888e-17	3.32271e-17	3.52494e-17	3.68892e-17	3.82454e-17	3.90641e-17	3.96278e-17	3.97577e-17	3.97761e-17	3.97845e-17	3.97917e-17	3.97952e-17	3.97978e-17	3.98003e-17	3.98015e-17	3.98031e-17	3.98043e-17	3.98048e-17	3.98052e-17	3.98058e-17	3.98064e-17	3.98067e-17	3.98073e-17	3.98078e-17	3.9808e-17	3.98082e-17	3.98084e-17	3.98085e-17	3.98087e-17	3.9809e-17	3.98092e-17	3.98095e-17	3.98096e-17	3.98097e-17	3.98098e-17	3.98098e-17	3.98099e-17	3.981e-17	3.98101e-17	3.98102e-17	3.98104e-17	3.98104e-17	3.98105e-17	3.98106e-17	3.98106e-17	3.98106e-17	3.98107e-17	3.98107e-17	3.98108e-17	3.98108e-17	3.98109e-17	3.98109e-17	3.9811e-17	3.9811e-17	3.98111e-17	3.98111e-17	3.98111e-17	3.98112e-17	3.98112e-17	3.98112e-17	3.98112e-17	3.98112e-17	3.98112e-17	3.98112e-17	3.98113e-17	3.98113e-17	3.98113e-17	3.98113e-17	3.98113e-17	3.98113e-17	3.98114e-17	3.98114e-17	3.98114e-17	3.98114e-17	3.98114e-17	3.98114e-17	3.98114e-17	3.98114e-17	3.98114e-17	3.98114e-17
372.241	2.06859e-14	2.42405e-17	3.88375e-17	2.08772e-19	1.81514e-18	4.14773e-18	7.05125e-18	9.06038e-18	1.22207e-17	1.67179e-17	2.08343e-17	2.46393e-17	2.73869e-17	2.96265e-17	3.16933e-17	3.37979e-17	3.55902e-17	3.71155e-17	3.80318e-17	3.86442e-17	3.87814e-17	3.88001e-17	3.88082e-17	3.88156e-17	3.88197e-17	3.88228e-17	3.88257e-17	3.8827e-17	3.88285e-17	3.88295e-17	3.883e-17	3.88305e-17	3.88314e-17	3.88322e-17	3.88326e-17	3.88331e-17	3.88335e-17	3.88336e-17	3.88338e-17	3.88342e-17	3.88343e-17	3.88347e-17	3.8835e-17	3.88352e-17	3.88353e-17	3.88354e-17	3.88355e-17	3.88356e-17	3.88357e-17	3.88359e-17	3.8836e-17	3.88362e-17	3.88363e-17	3.88364e-17	3.88364e-17	3.88365e-17	3.88365e-17	3.88366e-17	3.88366e-17	3.88367e-17	3.88368e-17	3.88368e-17	3.88369e-17	3.8837e-17	3.8837e-17	3.8837e-17	3.88371e-17	3.88371e-17	3.88371e-17	3.88371e-17	3.88372e-17	3.88372e-17	3.88372e-17	3.88373e-17	3.88373e-17	3.88373e-17	3.88373e-17	3.88374e-17	3.88374e-17	3.88374e-17	3.88374e-17	3.88374e-17	3.88375e-17	3.88375e-17	3.88375e-17	3.88375e-17	3.88375e-17	3.88375e-17	3.88375e-17	3.88375e-17	3.88375e-17	3.88375e-17	3.88375e-17
375.251	2.06862e-14	2.3456e-17	3.79497e-17	1.92714e-19	1.68449e-18	3.85107e-18	6.55408e-18	8.42697e-18	1.13871e-17	1.56253e-17	1.95336e-17	2.31867e-17	2.5876e-17	2.81113e-17	3.01933e-17	3.23655e-17	3.43094e-17	3.60236e-17	3.70599e-17	3.77415e-17	3.78888e-17	3.79084e-17	3.79166e-17	3.79248e-17	3.79298e-17	3.79335e-17	3.79366e-17	3.79379e-17	3.79392e-17	3.79403e-17	3.79411e-17	3.79418e-17	3.79429e-17	3.79438e-17	3.79442e-17	3.79446e-17	3.79449e-17	3.79451e-17	3.79455e-17	3.7946e-17	3.79462e-17	3.79466e-17	3.79468e-17	3.79469e-17	3.79471e-17	3.79472e-17	3.79473e-17	3.79476e-17	3.79477e-17	3.79479e-17	3.7948e-17	3.79481e-17	3.79482e-17	3.79483e-17	3.79483e-17	3.79484e-17	3.79485e-17	3.79486e-17	3.79487e-17	3.79488e-17	3.79489e-17	3.79489e-17	3.7949e-17	3.7949e-17	3.7949e-17	3.79491e-17	3.79491e-17	3.79492e-17	3.79492e-17	3.79492e-17	3.79493e-17	3.79493e-17	3.79494e-17	3.79494e-17	3.79494e-17	3.79494e-17	3.79495e-17	3.79495e-17	3.79495e-17	3.79495e-17	3.79495e-17	3.79496e-17	3.79496e-17	3.79496e-17	3.79496e-17	3.79496e-17	3.79497e-17	3.79497e-17	3.79497e-17	3.79497e-17	3.79497e-17	3.79497e-17	3.79497e-17
378.261	2.06865e-14	2.27395e-17	3.71836e-17	1.77617e-19	1.56277e-18	3.57451e-18	6.08927e-18	7.83389e-18	1.06072e-17	1.46002e-17	1.83077e-17	2.18124e-17	2.44429e-17	2.66677e-17	2.87557e-17	3.09936e-17	3.3092e-17	3.50165e-17	3.61913e-17	3.69565e-17	3.71159e-17	3.71371e-17	3.71457e-17	3.71553e-17	3.71614e-17	3.71654e-17	3.71686e-17	3.717e-17	3.71713e-17	3.71727e-17	3.71738e-17	3.71748e-17	3.7176e-17	3.71768e-17	3.71771e-17	3.71775e-17	3.7178e-17	3.71783e-17	3.71789e-17	3.71795e-17	3.71797e-17	3.718e-17	3.71802e-17	3.71803e-17	3.71806e-17	3.71808e-17	3.7181e-17	3.71813e-17	3.71814e-17	3.71816e-17	3.71816e-17	3.71817e-17	3.71818e-17	3.7182e-17	3.71821e-17	3.71822e-17	3.71823e-17	3.71825e-17	3.71825e-17	3.71826e-17	3.71826e-17	3.71827e-17	3.71827e-17	3.71828e-17	3.71829e-17	3.71829e-17	3.7183e-17	3.7183e-17	3.71831e-17	3.71831e-17	3.71832e-17	3.71832e-17	3.71832e-17	3.71833e-17	3.71833e-17	3.71833e-17	3.71833e-17	3.71834e-17	3.71834e-17	3.71834e-17	3.71834e-17	3.71835e-17	3.71835e-17	3.71835e-17	3.71835e-17	3.71835e-17	3.71836e-17	3.71836e-17	3.71836e-17	3.71836e-17	3.71836e-17	3.71836e-17	3.71836e-17
381.271	2.06868e-14	2.21183e-17	3.65822e-17	1.63524e-19	1.45114e-18	3.32047e-18	5.66085e-18	7.28685e-18	9.88976e-18	1.36542e-17	1.71734e-17	2.05391e-17	2.31142e-17	2.5326e-17	2.74166e-17	2.97305e-17	3.19921e-17	3.41481e-17	3.54766e-17	3.63333e-17	3.65062e-17	3.65297e-17	3.65391e-17	3.65505e-17	3.65575e-17	3.65616e-17	3.65648e-17	3.65663e-17	3.65679e-17	3.65699e-17	3.65712e-17	3.65724e-17	3.65735e-17	3.65742e-17	3.65745e-17	3.65752e-17	3.65759e-17	3.65764e-17	3.6577e-17	3.65775e-17	3.65777e-17	3.65779e-17	3.65782e-17	3.65784e-17	3.65788e-17	3.65791e-17	3.65794e-17	3.65795e-17	3.65797e-17	3.65798e-17	3.65799e-17	3.65801e-17	3.65802e-17	3.65804e-17	3.65805e-17	3.65807e-17	3.65808e-17	3.65809e-17	3.65809e-17	3.6581e-17	3.6581e-17	3.65811e-17	3.65812e-17	3.65813e-17	3.65814e-17	3.65815e-17	3.65815e-17	3.65816e-17	3.65816e-17	3.65817e-17	3.65817e-17	3.65817e-17	3.65818e-17	3.65818e-17	3.65818e-17	3.65819e-17	3.65819e-17	3.6582e-17	3.6582e-17	3.6582e-17	3.6582e-17	3.65821e-17	3.65821e-17	3.65821e-17	3.65821e-17	3.65821e-17	3.65822e-17	3.65822e-17	3.65822e-17	3.65822e-17	3.65822e-17	3.65822e-17	3.65822e-17
384.281	2.06871e-14	2.16187e-17	3.61819e-17	1.50521e-19	1.35052e-18	3.09106e-18	5.27254e-18	6.79126e-18	9.24258e-18	1.27988e-17	1.61476e-17	1.93898e-17	2.19174e-17	2.41176e-17	2.62135e-17	2.86224e-17	3.10615e-17	3.34664e-17	3.49592e-17	3.5909e-17	3.6097e-17	3.61233e-17	3.61339e-17	3.61471e-17	3.61545e-17	3.61585e-17	3.61619e-17	3.61635e-17	3.61657e-17	3.61682e-17	3.61697e-17	3.61709e-17	3.61719e-17	3.61727e-17	3.61731e-17	3.61741e-17	3.6175e-17	3.61755e-17	3.6176e-17	3.61764e-17	3.61766e-17	3.6177e-17	3.61775e-17	3.61778e-17	3.61782e-17	3.61784e-17	3.61786e-17	3.61788e-17	3.61789e-17	3.61792e-17	3.61793e-17	3.61796e-17	3.61797e-17	3.618e-17	3.618e-17	3.61802e-17	3.61802e-17	3.61803e-17	3.61804e-17	3.61806e-17	3.61806e-17	3.61808e-17	3.61809e-17	3.61809e-17	3.6181e-17	3.61811e-17	3.61811e-17	3.61812e-17	3.61812e-17	3.61813e-17	3.61813e-17	3.61814e-17	3.61814e-17	3.61815e-17	3.61815e-17	3.61815e-17	3.61816e-17	3.61817e-17	3.61817e-17	3.61817e-17	3.61817e-17	3.61817e-17	3.61818e-17	3.61818e-17	3.61819e-17	3.61819e-17	3.61819e-17	3.61819e-17	3.61819e-17	3.61819e-17	3.61819e-17	3.61819e-17	3.61819e-17
387.291	2.06874e-14	2.12566e-17	3.59962e-17	1.38725e-19	1.26145e-18	2.88768e-18	4.92701e-18	6.35121e-18	8.6713e-18	1.20422e-17	1.5243e-17	1.83828e-17	2.08742e-17	2.30671e-17	2.51773e-17	2.77019e-17	3.03358e-17	3.29976e-17	3.46585e-17	3.5698e-17	3.5903e-17	3.59323e-17	3.59438e-17	3.59585e-17	3.59659e-17	3.59699e-17	3.59736e-17	3.59757e-17	3.59786e-17	3.59813e-17	3.59827e-17	3.59838e-17	3.59848e-17	3.59859e-17	3.59865e-17	3.59878e-17	3.59886e-17	3.59891e-17	3.59895e-17	3.59899e-17	3.59902e-17	3.59908e-17	3.59914e-17	3.59917e-17	3.59921e-17	3.59922e-17	3.59924e-17	3.59927e-17	3.59929e-17	3.59933e-17	3.59934e-17	3.59937e-17	3.59938e-17	3.5994e-17	3.5994e-17	3.59942e-17	3.59943e-17	3.59945e-17	3.59946e-17	3.59948e-17	3.59949e-17	3.5995e-17	3.5995e-17	3.59951e-17	3.59952e-17	3.59952e-17	3.59953e-17	3.59954e-17	3.59954e-17	3.59955e-17	3.59956e-17	3.59956e-17	3.59957e-17	3.59958e-17	3.59958e-17	3.59958e-17	3.59958e-17	3.59959e-17	3.59959e-17	3.5996e-17	3.5996e-17	3.5996e-17	3.59961e-17	3.59961e-17	3.59962e-17	3.59962e-17	3.59962e-17	3.59962e-17	3.59962e-17	3.59962e-17	3.59962e-17	3.59962e-17	3.59962e-17
390.301	2.06876e-14	2.10294e-17	3.60013e-17	1.28243e-19	1.18387e-18	2.71052e-18	4.625e-18	5.96808e-18	8.17724e-18	1.13873e-17	1.44645e-17	1.75259e-17	1.99937e-17	2.2185e-17	2.43219e-17	2.69782e-17	2.98205e-17	3.27338e-17	3.45557e-17	3.56785e-17	3.59014e-17	3.59333e-17	3.59455e-17	3.5961e-17	3.59682e-17	3.59724e-17	3.59768e-17	3.59793e-17	3.59826e-17	3.59852e-17	3.59865e-17	3.59875e-17	3.59888e-17	3.59903e-17	3.59911e-17	3.59923e-17	3.5993e-17	3.59934e-17	3.59938e-17	3.59946e-17	3.59949e-17	3.59957e-17	3.59961e-17	3.59964e-17	3.59967e-17	3.59969e-17	3.59972e-17	3.59976e-17	3.59979e-17	3.59982e-17	3.59983e-17	3.59985e-17	3.59986e-17	3.59988e-17	3.5999e-17	3.59992e-17	3.59993e-17	3.59996e-17	3.59996e-17	3.59998e-17	3.59999e-17	3.59999e-17	3.6e-17	3.60001e-17	3.60002e-17	3.60003e-17	3.60004e-17	3.60005e-17	3.60005e-17	3.60006e-17	3.60007e-17	3.60007e-17	3.60007e-17	3.60008e-17	3.60009e-17	3.60009e-17	3.60009e-17	3.6001e-17	3.6001e-17	3.60011e-17	3.60011e-17	3.60011e-17	3.60012e-17	3.60012e-17	3.60012e-17	3.60012e-17	3.60013e-17	3.60013e-17	3.60013e-17	3.60013e-17	3.60013e-17	3.60013e-17	3.60013e-17
393.311	2.06879e-14	2.09102e-17	3.61284e-17	1.1913e-19	1.11698e-18	2.55799e-18	4.36444e-18	5.63935e-18	7.7559e-18	1.08286e-17	1.38057e-17	1.68117e-17	1.92671e-17	2.14613e-17	2.36374e-17	2.643e-17	2.94826e-17	3.26242e-17	3.45871e-17	3.57838e-17	3.60243e-17	3.60577e-17	3.60702e-17	3.60858e-17	3.60929e-17	3.60976e-17	3.61027e-17	3.61056e-17	3.61088e-17	3.61111e-17	3.61124e-17	3.61135e-17	3.61153e-17	3.6117e-17	3.61178e-17	3.61188e-17	3.61193e-17	3.61198e-17	3.61205e-17	3.61215e-17	3.61219e-17	3.61225e-17	3.61228e-17	3.61231e-17	3.61234e-17	3.61238e-17	3.61242e-17	3.61246e-17	3.61248e-17	3.61251e-17	3.61252e-17	3.61254e-17	3.61255e-17	3.61258e-17	3.6126e-17	3.61263e-17	3.61264e-17	3.61265e-17	3.61266e-17	3.61267e-17	3.61268e-17	3.61269e-17	3.6127e-17	3.61272e-17	3.61273e-17	3.61273e-17	3.61275e-17	3.61275e-17	3.61276e-17	3.61276e-17	3.61277e-17	3.61277e-17	3.61278e-17	3.61279e-17	3.61279e-17	3.61279e-17	3.6128e-17	3.61281e-17	3.61281e-17	3.61281e-17	3.61281e-17	3.61282e-17	3.61282e-17	3.61283e-17	3.61283e-17	3.61283e-17	3.61284e-17	3.61284e-17	3.61284e-17	3.61284e-17	3.61284e-17	3.61284e-17	3.61284e-17
396.321	2.06881e-14	2.08461e-17	3.62646e-17	1.11353e-19	1.05917e-18	2.42662e-18	4.13999e-18	5.35802e-18	7.39634e-18	1.03517e-17	1.32477e-17	1.62163e-17	1.86655e-17	2.08635e-17	2.30862e-17	2.6005e-17	2.92497e-17	3.25764e-17	3.46463e-17	3.59035e-17	3.61589e-17	3.61927e-17	3.6205e-17	3.62201e-17	3.62275e-17	3.62328e-17	3.62384e-17	3.62415e-17	3.62443e-17	3.62464e-17	3.62479e-17	3.62493e-17	3.62513e-17	3.62529e-17	3.62536e-17	3.62543e-17	3.62551e-17	3.62556e-17	3.62566e-17	3.62575e-17	3.62579e-17	3.62583e-17	3.62587e-17	3.6259e-17	3.62596e-17	3.62599e-17	3.62603e-17	3.62606e-17	3.62608e-17	3.6261e-17	3.62611e-17	3.62615e-17	3.62616e-17	3.6262e-17	3.62621e-17	3.62623e-17	3.62624e-17	3.62625e-17	3.62626e-17	3.62628e-17	3.62629e-17	3.62631e-17	3.62632e-17	3.62633e-17	3.62634e-17	3.62635e-17	3.62635e-17	3.62636e-17	3.62636e-17	3.62637e-17	3.62638e-17	3.62639e-17	3.6264e-17	3.6264e-17	3.62641e-17	3.62641e-17	3.62642e-17	3.62642e-17	3.62643e-17	3.62643e-17	3.62643e-17	3.62643e-17	3.62644e-17	3.62645e-17	3.62645e-17	3.62645e-17	3.62646e-17	3.62646e-17	3.62646e-17	3.62646e-17	3.62646e-17	3.62646e-17	3.62646e-17
399.331	2.06884e-14	2.07631e-17	3.62636e-17	1.04772e-19	1.00813e-18	2.31113e-18	3.94323e-18	5.11285e-18	7.08176e-18	9.93372e-18	1.27603e-17	1.57001e-17	1.8142e-17	2.03384e-17	2.2606e-17	2.56239e-17	2.90169e-17	3.24647e-17	3.45949e-17	3.58938e-17	3.6159e-17	3.61921e-17	3.62037e-17	3.62181e-17	3.62262e-17	3.6232e-17	3.62376e-17	3.62405e-17	3.62429e-17	3.6245e-17	3.62467e-17	3.62484e-17	3.62505e-17	3.62517e-17	3.62523e-17	3.62531e-17	3.62541e-17	3.62547e-17	3.62558e-17	3.62564e-17	3.62567e-17	3.62571e-17	3.62576e-17	3.6258e-17	3.62587e-17	3.62589e-17	3.62592e-17	3.62594e-17	3.62596e-17	3.626e-17	3.62601e-17	3.62605e-17	3.62607e-17	3.6261e-17	3.6261e-17	3.62612e-17	3.62613e-17	3.62615e-17	3.62616e-17	3.62618e-17	3.62619e-17	3.62621e-17	3.62622e-17	3.62622e-17	3.62623e-17	3.62624e-17	3.62625e-17	3.62626e-17	3.62626e-17	3.62628e-17	3.62628e-17	3.62629e-17	3.62629e-17	3.6263e-17	3.6263e-17	3.62631e-17	3.62631e-17	3.62632e-17	3.62632e-17	3.62633e-17	3.62633e-17	3.62633e-17	3.62634e-17	3.62634e-17	3.62635e-17	3.62635e-17	3.62635e-17	3.62636e-17	3.62636e-17	3.62636e-17	3.62636e-17	3.62636e-17	3.62636e-17
402.341	2.06886e-14	2.05743e-17	3.59644e-17	9.91416e-20	9.61048e-19	2.20499e-18	3.76342e-18	4.88941e-18	6.79122e-18	9.54569e-18	1.23049e-17	1.52127e-17	1.76363e-17	1.98184e-17	2.21163e-17	2.51896e-17	2.8661e-17	3.21469e-17	3.42809e-17	3.5595e-17	3.58633e-17	3.58949e-17	3.59056e-17	3.59193e-17	3.59282e-17	3.59341e-17	3.59393e-17	3.59419e-17	3.59441e-17	3.59464e-17	3.59482e-17	3.59501e-17	3.59517e-17	3.59527e-17	3.59533e-17	3.59543e-17	3.59555e-17	3.59561e-17	3.59569e-17	3.59574e-17	3.59576e-17	3.59582e-17	3.59588e-17	3.59593e-17	3.59597e-17	3.59599e-17	3.59602e-17	3.59604e-17	3.59607e-17	3.59611e-17	3.59613e-17	3.59616e-17	3.59617e-17	3.59619e-17	3.5962e-17	3.59622e-17	3.59623e-17	3.59626e-17	3.59627e-17	3.59628e-17	3.59629e-17	3.5963e-17	3.59631e-17	3.59632e-17	3.59633e-17	3.59633e-17	3.59635e-17	3.59636e-17	3.59636e-17	3.59637e-17	3.59638e-17	3.59638e-17	3.59639e-17	3.5964e-17	3.5964e-17	3.5964e-17	3.59641e-17	3.59642e-17	3.59642e-17	3.59642e-17	3.59642e-17	3.59643e-17	3.59643e-17	3.59644e-17	3.59644e-17	3.59644e-17	3.59644e-17	3.59644e-17	3.59644e-17	3.59644e-17	3.59644e-17	3.59644e-17	3.59644e-17
405.351	2.06888e-14	2.01922e-17	3.52156e-17	9.41404e-20	9.14934e-19	2.10114e-18	3.58873e-18	4.67175e-18	6.50218e-18	9.15599e-18	1.18397e-17	1.4699e-17	1.70835e-17	1.92305e-17	2.15305e-17	2.46009e-17	2.80589e-17	3.14849e-17	3.35611e-17	3.48559e-17	3.51196e-17	3.51494e-17	3.51591e-17	3.51722e-17	3.51817e-17	3.51871e-17	3.51916e-17	3.51938e-17	3.5196e-17	3.51986e-17	3.52004e-17	3.52021e-17	3.52033e-17	3.52043e-17	3.52048e-17	3.52062e-17	3.52072e-17	3.52078e-17	3.52082e-17	3.52088e-17	3.5209e-17	3.52098e-17	3.52103e-17	3.52107e-17	3.5211e-17	3.52112e-17	3.52114e-17	3.52118e-17	3.52121e-17	3.52125e-17	3.52126e-17	3.52127e-17	3.52129e-17	3.52131e-17	3.52132e-17	3.52135e-17	3.52136e-17	3.52138e-17	3.52139e-17	3.5214e-17	3.52141e-17	3.52142e-17	3.52143e-17	3.52144e-17	3.52145e-17	3.52146e-17	3.52147e-17	3.52148e-17	3.52148e-17	3.52148e-17	3.52149e-17	3.52149e-17	3.5215e-17	3.52151e-17	3.52151e-17	3.52151e-17	3.52152e-17	3.52153e-17	3.52153e-17	3.52153e-17	3.52153e-17	3.52154e-17	3.52154e-17	3.52155e-17	3.52155e-17	3.52155e-17	3.52155e-17	3.52156e-17	3.52156e-17	3.52156e-17	3.52156e-17	3.52156e-17	3.52156e-17
408.361	2.06891e-14	1.95419e-17	3.38985e-17	8.94078e-20	8.66995e-19	1.99295e-18	3.40772e-18	4.44446e-18	6.19334e-18	8.73454e-18	1.13249e-17	1.4107e-17	1.64229e-17	1.85067e-17	2.07683e-17	2.3767e-17	2.71065e-17	3.0367e-17	3.23228e-17	3.35577e-17	3.38093e-17	3.38373e-17	3.38459e-17	3.38585e-17	3.38678e-17	3.38724e-17	3.38762e-17	3.38781e-17	3.38806e-17	3.38831e-17	3.38847e-17	3.3886e-17	3.3887e-17	3.38881e-17	3.38887e-17	3.389e-17	3.38907e-17	3.38912e-17	3.38916e-17	3.38922e-17	3.38925e-17	3.38933e-17	3.38936e-17	3.38939e-17	3.38941e-17	3.38944e-17	3.38947e-17	3.38951e-17	3.38953e-17	3.38955e-17	3.38956e-17	3.38958e-17	3.38959e-17	3.38962e-17	3.38964e-17	3.38966e-17	3.38967e-17	3.38968e-17	3.38968e-17	3.3897e-17	3.3897e-17	3.38972e-17	3.38973e-17	3.38974e-17	3.38975e-17	3.38975e-17	3.38976e-17	3.38977e-17	3.38977e-17	3.38978e-17	3.38978e-17	3.38979e-17	3.3898e-17	3.3898e-17	3.3898e-17	3.38981e-17	3.38981e-17	3.38982e-17	3.38982e-17	3.38982e-17	3.38982e-17	3.38983e-17	3.38983e-17	3.38984e-17	3.38984e-17	3.38984e-17	3.38985e-17	3.38985e-17	3.38985e-17	3.38985e-17	3.38985e-17	3.38985e-17	3.38985e-17
411.371	2.06893e-14	1.85737e-17	3.19492e-17	8.45923e-20	8.14972e-19	1.87498e-18	3.21079e-18	4.19462e-18	5.84746e-18	8.25686e-18	1.07284e-17	1.33954e-17	1.56066e-17	1.75941e-17	1.97686e-17	2.26213e-17	2.57358e-17	2.87267e-17	3.05037e-17	3.16358e-17	3.18683e-17	3.18946e-17	3.19021e-17	3.19139e-17	3.19225e-17	3.19261e-17	3.19293e-17	3.19309e-17	3.19335e-17	3.19358e-17	3.19371e-17	3.1938e-17	3.1939e-17	3.19402e-17	3.19408e-17	3.19418e-17	3.19423e-17	3.19426e-17	3.19431e-17	3.19438e-17	3.19441e-17	3.19446e-17	3.19449e-17	3.19451e-17	3.19454e-17	3.19457e-17	3.1946e-17	3.19462e-17	3.19464e-17	3.19466e-17	3.19466e-17	3.19469e-17	3.1947e-17	3.19473e-17	3.19474e-17	3.19475e-17	3.19476e-17	3.19477e-17	3.19477e-17	3.19479e-17	3.1948e-17	3.19481e-17	3.19482e-17	3.19483e-17	3.19483e-17	3.19484e-17	3.19484e-17	3.19485e-17	3.19485e-17	3.19486e-17	3.19487e-17	3.19487e-17	3.19488e-17	3.19488e-17	3.19489e-17	3.19489e-17	3.19489e-17	3.1949e-17	3.1949e-17	3.1949e-17	3.1949e-17	3.19491e-17	3.19491e-17	3.19491e-17	3.19492e-17	3.19492e-17	3.19492e-17	3.19492e-17	3.19492e-17	3.19492e-17	3.19492e-17	3.19492e-17	3.19492e-17
414.381	2.06895e-14	1.72721e-17	2.93726e-17	7.93986e-20	7.57414e-19	1.74375e-18	2.99143e-18	3.91345e-18	5.45357e-18	7.7073e-18	1.00301e-17	1.25389e-17	1.46071e-17	1.64628e-17	1.8499e-17	2.11323e-17	2.39262e-17	2.6556e-17	2.81039e-17	2.90942e-17	2.93011e-17	2.93259e-17	2.93322e-17	2.93427e-17	2.935e-17	2.93528e-17	2.93555e-17	2.9357e-17	2.93595e-17	2.93613e-17	2.93622e-17	2.93629e-17	2.9364e-17	2.9365e-17	2.93656e-17	2.93662e-17	2.93666e-17	2.93669e-17	2.93675e-17	2.93681e-17	2.93684e-17	2.93686e-17	2.93689e-17	2.93691e-17	2.93695e-17	2.93697e-17	2.93699e-17	2.937e-17	2.93702e-17	2.93704e-17	2.93704e-17	2.93707e-17	2.93708e-17	2.9371e-17	2.9371e-17	2.93711e-17	2.93712e-17	2.93714e-17	2.93714e-17	2.93716e-17	2.93716e-17	2.93717e-17	2.93717e-17	2.93718e-17	2.93719e-17	2.93719e-17	2.9372e-17	2.9372e-17	2.93721e-17	2.93721e-17	2.93722e-17	2.93722e-17	2.93722e-17	2.93723e-17	2.93723e-17	2.93723e-17	2.93724e-17	2.93724e-17	2.93724e-17	2.93724e-17	2.93725e-17	2.93725e-17	2.93725e-17	2.93725e-17	2.93726e-17	2.93726e-17	2.93726e-17	2.93726e-17	2.93726e-17	2.93726e-17	2.93726e-17	2.93726e-17	2.93726e-17
417.391	2.06897e-14	1.56604e-17	2.6247e-17	7.36253e-20	6.93846e-19	1.59811e-18	2.74704e-18	3.59747e-18	5.00828e-18	7.08116e-18	9.22438e-18	1.15322e-17	1.34211e-17	1.51113e-17	1.69616e-17	1.93105e-17	2.17097e-17	2.39102e-17	2.51916e-17	2.60098e-17	2.6186e-17	2.6209e-17	2.62141e-17	2.62228e-17	2.62287e-17	2.62308e-17	2.62331e-17	2.62345e-17	2.62366e-17	2.62378e-17	2.62385e-17	2.62391e-17	2.62402e-17	2.6241e-17	2.62414e-17	2.62418e-17	2.62422e-17	2.62425e-17	2.6243e-17	2.62434e-17	2.62436e-17	2.62438e-17	2.6244e-17	2.62442e-17	2.62446e-17	2.62447e-17	2.62448e-17	2.62449e-17	2.62451e-17	2.62453e-17	2.62454e-17	2.62455e-17	2.62456e-17	2.62457e-17	2.62458e-17	2.62459e-17	2.62459e-17	2.62461e-17	2.62461e-17	2.62462e-17	2.62462e-17	2.62463e-17	2.62463e-17	2.62464e-17	2.62465e-17	2.62465e-17	2.62466e-17	2.62466e-17	2.62466e-17	2.62467e-17	2.62467e-17	2.62467e-17	2.62467e-17	2.62468e-17	2.62468e-17	2.62468e-17	2.62469e-17	2.62469e-17	2.62469e-17	2.62469e-17	2.62469e-17	2.6247e-17	2.6247e-17	2.6247e-17	2.6247e-17	2.6247e-17	2.6247e-17	2.6247e-17	2.6247e-17	2.6247e-17	2.6247e-17	2.6247e-17	2.6247e-17
420.401	2.06899e-14	1.38006e-17	2.27198e-17	6.7189e-20	6.24806e-19	1.43935e-18	2.47921e-18	3.24882e-18	4.51615e-18	6.38529e-18	8.32115e-18	1.0391e-17	1.20702e-17	1.35669e-17	1.51936e-17	1.72084e-17	1.91688e-17	2.09036e-17	2.18985e-17	2.25283e-17	2.26699e-17	2.26907e-17	2.26944e-17	2.27012e-17	2.27056e-17	2.27073e-17	2.27091e-17	2.27103e-17	2.27118e-17	2.27127e-17	2.27132e-17	2.27138e-17	2.27146e-17	2.27152e-17	2.27154e-17	2.27157e-17	2.27161e-17	2.27164e-17	2.27168e-17	2.2717e-17	2.27171e-17	2.27173e-17	2.27175e-17	2.27177e-17	2.27179e-17	2.2718e-17	2.27181e-17	2.27182e-17	2.27183e-17	2.27185e-17	2.27185e-17	2.27186e-17	2.27187e-17	2.27187e-17	2.27188e-17	2.27189e-17	2.2719e-17	2.27191e-17	2.27191e-17	2.27191e-17	2.27192e-17	2.27192e-17	2.27193e-17	2.27193e-17	2.27194e-17	2.27194e-17	2.27194e-17	2.27194e-17	2.27195e-17	2.27195e-17	2.27195e-17	2.27195e-17	2.27196e-17	2.27196e-17	2.27196e-17	2.27196e-17	2.27197e-17	2.27197e-17	2.27197e-17	2.27197e-17	2.27197e-17	2.27197e-17	2.27197e-17	2.27198e-17	2.27198e-17	2.27198e-17	2.27198e-17	2.27198e-17	2.27198e-17	2.27198e-17	2.27198e-17	2.27198e-17	2.27198e-17
423.411	2.06901e-14	1.17872e-17	1.89931e-17	6.01325e-20	5.51762e-19	1.27098e-18	2.19343e-18	2.87497e-18	3.98902e-18	5.63723e-18	7.34458e-18	9.14988e-18	1.05993e-17	1.18836e-17	1.32633e-17	1.49162e-17	1.64278e-17	1.76981e-17	1.84079e-17	1.88494e-17	1.89545e-17	1.89724e-17	1.8975e-17	1.89796e-17	1.89828e-17	1.89842e-17	1.89855e-17	1.89864e-17	1.89875e-17	1.8988e-17	1.89884e-17	1.89889e-17	1.89895e-17	1.89898e-17	1.899e-17	1.89902e-17	1.89905e-17	1.89907e-17	1.89909e-17	1.89911e-17	1.89911e-17	1.89913e-17	1.89915e-17	1.89916e-17	1.89917e-17	1.89918e-17	1.89919e-17	1.8992e-17	1.89921e-17	1.89922e-17	1.89922e-17	1.89922e-17	1.89923e-17	1.89924e-17	1.89924e-17	1.89925e-17	1.89925e-17	1.89926e-17	1.89926e-17	1.89926e-17	1.89926e-17	1.89927e-17	1.89927e-17	1.89927e-17	1.89928e-17	1.89928e-17	1.89928e-17	1.89928e-17	1.89928e-17	1.89929e-17	1.89929e-17	1.89929e-17	1.89929e-17	1.8993e-17	1.8993e-17	1.8993e-17	1.8993e-17	1.8993e-17	1.8993e-17	1.8993e-17	1.8993e-17	1.8993e-17	1.8993e-17	1.89931e-17	1.89931e-17	1.89931e-17	1.89931e-17	1.89931e-17	1.89931e-17	1.89931e-17	1.89931e-17	1.89931e-17	1.89931e-17
426.421	2.06903e-14	9.73759e-18	1.53035e-17	5.26157e-20	4.76919e-19	1.09828e-18	1.89845e-18	2.48771e-18	3.44452e-18	4.86297e-18	6.33014e-18	7.85811e-18	9.07037e-18	1.01357e-17	1.12623e-17	1.25514e-17	1.36397e-17	1.44856e-17	1.49353e-17	1.5206e-17	1.52757e-17	1.52902e-17	1.52918e-17	1.52946e-17	1.52968e-17	1.5298e-17	1.52988e-17	1.52993e-17	1.52999e-17	1.53003e-17	1.53006e-17	1.53009e-17	1.53013e-17	1.53015e-17	1.53015e-17	1.53018e-17	1.5302e-17	1.53021e-17	1.53022e-17	1.53023e-17	1.53023e-17	1.53025e-17	1.53026e-17	1.53026e-17	1.53027e-17	1.53027e-17	1.53028e-17	1.53029e-17	1.53029e-17	1.53029e-17	1.5303e-17	1.5303e-17	1.5303e-17	1.53031e-17	1.53031e-17	1.53032e-17	1.53032e-17	1.53032e-17	1.53032e-17	1.53033e-17	1.53033e-17	1.53033e-17	1.53033e-17	1.53033e-17	1.53033e-17	1.53034e-17	1.53034e-17	1.53034e-17	1.53034e-17	1.53034e-17	1.53034e-17	1.53034e-17	1.53034e-17	1.53035e-17	1.53035e-17	1.53035e-17	1.53035e-17	1.53035e-17	1.53035e-17	1.53035e-17	1.53035e-17	1.53035e-17	1.53035e-17	1.53035e-17	1.53035e-17	1.53035e-17	1.53035e-17	1.53035e-17	1.53035e-17	1.53035e-17	1.53035e-17	1.53035e-17	1.53035e-17
429.431	2.06905e-14	7.78007e-18	1.18977e-17	4.48926e-20	4.02951e-19	9.27626e-19	1.60513e-18	2.10175e-18	2.90392e-18	4.09393e-18	5.32056e-18	6.57421e-18	7.55597e-18	8.40966e-18	9.29488e-18	1.02464e-17	1.09698e-17	1.14678e-17	1.17066e-17	1.18403e-17	1.18791e-17	1.189e-17	1.1891e-17	1.18924e-17	1.18939e-17	1.18947e-17	1.18951e-17	1.18954e-17	1.18957e-17	1.1896e-17	1.18961e-17	1.18963e-17	1.18965e-17	1.18966e-17	1.18966e-17	1.18968e-17	1.18968e-17	1.18969e-17	1.18969e-17	1.1897e-17	1.1897e-17	1.18971e-17	1.18972e-17	1.18972e-17	1.18972e-17	1.18972e-17	1.18973e-17	1.18973e-17	1.18973e-17	1.18974e-17	1.18974e-17	1.18974e-17	1.18974e-17	1.18974e-17	1.18975e-17	1.18975e-17	1.18975e-17	1.18975e-17	1.18975e-17	1.18975e-17	1.18975e-17	1.18975e-17	1.18976e-17	1.18976e-17	1.18976e-17	1.18976e-17	1.18976e-17	1.18976e-17	1.18976e-17	1.18976e-17	1.18976e-17	1.18976e-17	1.18976e-17	1.18976e-17	1.18976e-17	1.18976e-17	1.18976e-17	1.18976e-17	1.18976e-17	1.18977e-17	1.18977e-17	1.18977e-17	1.18977e-17	1.18977e-17	1.18977e-17	1.18977e-17	1.18977e-17	1.18977e-17	1.18977e-17	1.18977e-17	1.18977e-17	1.18977e-17	1.18977e-17
432.441	2.06907e-14	6.04002e-18	9.00689e-18	3.72787e-20	3.32699e-19	7.65751e-19	1.32522e-18	1.73298e-18	2.38976e-18	3.3634e-18	4.36104e-18	5.35925e-18	6.13109e-18	6.7943e-18	7.46678e-18	8.13318e-18	8.57845e-18	8.83515e-18	8.9342e-18	8.97905e-18	8.99535e-18	9.00287e-18	9.00366e-18	9.00425e-18	9.0051e-18	9.00563e-18	9.00581e-18	9.00595e-18	9.00611e-18	9.00625e-18	9.00631e-18	9.00637e-18	9.00643e-18	9.00648e-18	9.0065e-18	9.00655e-18	9.00658e-18	9.0066e-18	9.00662e-18	9.00665e-18	9.00666e-18	9.00669e-18	9.0067e-18	9.00671e-18	9.00673e-18	9.00674e-18	9.00675e-18	9.00676e-18	9.00676e-18	9.00678e-18	9.00678e-18	9.00679e-18	9.0068e-18	9.00681e-18	9.00681e-18	9.00681e-18	9.00682e-18	9.00683e-18	9.00683e-18	9.00684e-18	9.00684e-18	9.00684e-18	9.00685e-18	9.00685e-18	9.00685e-18	9.00686e-18	9.00686e-18	9.00686e-18	9.00686e-18	9.00687e-18	9.00687e-18	9.00687e-18	9.00687e-18	9.00688e-18	9.00688e-18	9.00688e-18	9.00688e-18	9.00688e-18	9.00688e-18	9.00688e-18	9.00689e-18	9.00689e-18	9.00689e-18	9.00689e-18	9.00689e-18	9.00689e-18	9.00689e-18	9.00689e-18	9.00689e-18	9.00689e-18	9.00689e-18	9.00689e-18	9.00689e-18
435.452	2.06909e-14	4.62771e-18	6.82529e-18	3.0113e-20	2.68873e-19	6.19022e-19	1.07011e-18	1.39682e-18	1.92348e-18	2.70295e-18	3.49459e-18	4.27058e-18	4.86542e-18	5.37189e-18	5.87423e-18	6.33057e-18	6.60569e-18	6.74933e-18	6.79636e-18	6.81173e-18	6.81767e-18	6.82258e-18	6.82357e-18	6.82399e-18	6.82445e-18	6.8248e-18	6.82494e-18	6.82502e-18	6.82508e-18	6.82515e-18	6.82517e-18	6.82518e-18	6.8252e-18	6.82522e-18	6.82522e-18	6.82523e-18	6.82523e-18	6.82524e-18	6.82524e-18	6.82525e-18	6.82525e-18	6.82525e-18	6.82526e-18	6.82526e-18	6.82526e-18	6.82526e-18	6.82527e-18	6.82527e-18	6.82527e-18	6.82527e-18	6.82527e-18	6.82527e-18	6.82527e-18	6.82527e-18	6.82528e-18	6.82528e-18	6.82528e-18	6.82528e-18	6.82528e-18	6.82528e-18	6.82528e-18	6.82528e-18	6.82528e-18	6.82528e-18	6.82528e-18	6.82528e-18	6.82528e-18	6.82529e-18	6.82529e-18	6.82529e-18	6.82529e-18	6.82529e-18	6.82529e-18	6.82529e-18	6.82529e-18	6.82529e-18	6.82529e-18	6.82529e-18	6.82529e-18	6.82529e-18	6.82529e-18	6.82529e-18	6.82529e-18	6.82529e-18	6.82529e-18	6.82529e-18	6.82529e-18	6.82529e-18	6.82529e-18	6.82529e-18	6.82529e-18	6.82529e-18	6.82529e-18
438.462	2.06911e-14	3.6281e-18	5.49258e-18	2.37202e-20	2.13787e-19	4.92809e-19	8.49624e-19	1.1066e-18	1.52337e-18	2.13941e-18	2.75785e-18	3.35636e-18	3.81679e-18	4.21011e-18	4.59507e-18	4.93241e-18	5.15861e-18	5.32904e-18	5.42155e-18	5.47432e-18	5.4851e-18	5.48871e-18	5.49023e-18	5.49112e-18	5.49152e-18	5.49182e-18	5.49211e-18	5.49222e-18	5.49228e-18	5.49234e-18	5.49239e-18	5.49241e-18	5.49243e-18	5.49245e-18	5.49246e-18	5.49248e-18	5.49248e-18	5.49249e-18	5.4925e-18	5.49251e-18	5.49251e-18	5.49252e-18	5.49252e-18	5.49253e-18	5.49253e-18	5.49253e-18	5.49254e-18	5.49254e-18	5.49254e-18	5.49255e-18	5.49255e-18	5.49255e-18	5.49255e-18	5.49255e-18	5.49256e-18	5.49256e-18	5.49256e-18	5.49256e-18	5.49256e-18	5.49256e-18	5.49256e-18	5.49257e-18	5.49257e-18	5.49257e-18	5.49257e-18	5.49257e-18	5.49257e-18	5.49257e-18	5.49257e-18	5.49257e-18	5.49258e-18	5.49258e-18	5.49258e-18	5.49258e-18	5.49258e-18	5.49258e-18	5.49258e-18	5.49258e-18	5.49258e-18	5.49258e-18	5.49258e-18	5.49258e-18	5.49258e-18	5.49258e-18	5.49258e-18	5.49258e-18	5.49258e-18	5.49258e-18	5.49258e-18	5.49258e-18	5.49258e-18	5.49258e-18	5.49258e-18
441.472	2.06913e-14	3.09414e-18	5.08392e-18	1.83775e-20	1.69167e-19	3.91028e-19	6.71201e-19	8.72459e-19	1.20299e-18	1.69255e-18	2.17798e-18	2.65152e-18	3.02641e-18	3.35641e-18	3.68253e-18	4.00021e-18	4.30338e-18	4.64198e-18	4.87911e-18	5.03955e-18	5.07227e-18	5.07635e-18	5.07867e-18	5.08065e-18	5.08143e-18	5.08184e-18	5.08242e-18	5.08264e-18	5.08285e-18	5.08298e-18	5.0831e-18	5.08318e-18	5.08326e-18	5.08333e-18	5.08338e-18	5.08343e-18	5.08347e-18	5.0835e-18	5.08354e-18	5.08358e-18	5.08359e-18	5.08361e-18	5.08364e-18	5.08366e-18	5.08368e-18	5.0837e-18	5.08371e-18	5.08373e-18	5.08374e-18	5.08376e-18	5.08376e-18	5.08377e-18	5.08378e-18	5.0838e-18	5.0838e-18	5.08382e-18	5.08382e-18	5.08383e-18	5.08383e-18	5.08384e-18	5.08384e-18	5.08385e-18	5.08386e-18	5.08386e-18	5.08387e-18	5.08387e-18	5.08387e-18	5.08388e-18	5.08388e-18	5.08389e-18	5.08389e-18	5.08389e-18	5.08389e-18	5.0839e-18	5.0839e-18	5.0839e-18	5.0839e-18	5.08391e-18	5.08391e-18	5.08391e-18	5.08391e-18	5.08392e-18	5.08392e-18	5.08392e-18	5.08392e-18	5.08392e-18	5.08392e-18	5.08392e-18	5.08392e-18	5.08392e-18	5.08392e-18	5.08392e-18	5.08392e-18
444.482	2.06915e-14	3.04395e-18	5.60718e-18	1.42895e-20	1.36026e-19	3.1588e-19	5.39337e-19	7.00546e-19	9.70322e-19	1.37372e-18	1.77085e-18	2.1756e-18	2.51635e-18	2.83501e-18	3.16224e-18	3.55981e-18	4.06215e-18	4.70251e-18	5.17719e-18	5.51443e-18	5.58675e-18	5.59339e-18	5.59669e-18	5.60043e-18	5.6021e-18	5.60272e-18	5.6037e-18	5.60414e-18	5.60466e-18	5.60493e-18	5.60517e-18	5.60534e-18	5.60558e-18	5.60574e-18	5.60585e-18	5.60595e-18	5.60606e-18	5.60614e-18	5.60624e-18	5.60631e-18	5.60634e-18	5.60642e-18	5.60649e-18	5.60654e-18	5.60658e-18	5.60661e-18	5.60665e-18	5.6067e-18	5.60673e-18	5.60676e-18	5.60677e-18	5.60681e-18	5.60682e-18	5.60687e-18	5.60688e-18	5.6069e-18	5.60691e-18	5.60694e-18	5.60694e-18	5.60697e-18	5.60699e-18	5.607e-18	5.60701e-18	5.60702e-18	5.60703e-18	5.60704e-18	5.60706e-18	5.60707e-18	5.60707e-18	5.60708e-18	5.60709e-18	5.6071e-18	5.6071e-18	5.60711e-18	5.60712e-18	5.60712e-18	5.60713e-18	5.60714e-18	5.60714e-18	5.60714e-18	5.60714e-18	5.60715e-18	5.60716e-18	5.60716e-18	5.60717e-18	5.60717e-18	5.60717e-18	5.60718e-18	5.60718e-18	5.60718e-18	5.60718e-18	5.60718e-18	5.60718e-18
447.492	2.06916e-14	3.46178e-18	7.00726e-18	1.15739e-20	1.1464e-19	2.67796e-19	4.55407e-19	5.92813e-19	8.27491e-19	1.18554e-18	1.54052e-18	1.93234e-18	2.28924e-18	2.64672e-18	3.03243e-18	3.60225e-18	4.4148e-18	5.4748e-18	6.26719e-18	6.84462e-18	6.97336e-18	6.98485e-18	6.98927e-18	6.99545e-18	6.99847e-18	6.99942e-18	7.0009e-18	7.0017e-18	7.00268e-18	7.00313e-18	7.00351e-18	7.00385e-18	7.00433e-18	7.00459e-18	7.00475e-18	7.00496e-18	7.0052e-18	7.00535e-18	7.0055e-18	7.00562e-18	7.00569e-18	7.00587e-18	7.00598e-18	7.00606e-18	7.00612e-18	7.00619e-18	7.0063e-18	7.00636e-18	7.00642e-18	7.00646e-18	7.00649e-18	7.00658e-18	7.00661e-18	7.00668e-18	7.0067e-18	7.00673e-18	7.00676e-18	7.00681e-18	7.00683e-18	7.00688e-18	7.0069e-18	7.00691e-18	7.00693e-18	7.00696e-18	7.00699e-18	7.007e-18	7.00703e-18	7.00705e-18	7.00705e-18	7.00707e-18	7.00709e-18	7.00709e-18	7.00711e-18	7.00713e-18	7.00714e-18	7.00714e-18	7.00716e-18	7.00718e-18	7.00718e-18	7.00719e-18	7.00719e-18	7.00719e-18	7.00721e-18	7.00722e-18	7.00724e-18	7.00724e-18	7.00725e-18	7.00726e-18	7.00726e-18	7.00726e-18	7.00726e-18	7.00726e-18	7.00726e-18
450.502	2.06918e-14	4.30247e-18	9.1763e-18	1.02563e-20	1.04585e-19	2.4558e-19	4.17838e-19	5.47217e-19	7.71167e-19	1.12255e-18	1.48e-18	1.91092e-18	2.32999e-18	2.77116e-18	3.26684e-18	4.08826e-18	5.30479e-18	6.8806e-18	8.05362e-18	8.92452e-18	9.12442e-18	9.1431e-18	9.14876e-18	9.15806e-18	9.16277e-18	9.16414e-18	9.16627e-18	9.16759e-18	9.16909e-18	9.16974e-18	9.17033e-18	9.17094e-18	9.17168e-18	9.17204e-18	9.17226e-18	9.17268e-18	9.17307e-18	9.1733e-18	9.17347e-18	9.17372e-18	9.17384e-18	9.17413e-18	9.17426e-18	9.17436e-18	9.17452e-18	9.17464e-18	9.1748e-18	9.17487e-18	9.17495e-18	9.17505e-18	9.17509e-18	9.17525e-18	9.17529e-18	9.17537e-18	9.17541e-18	9.17547e-18	9.17553e-18	9.17562e-18	9.17564e-18	9.17569e-18	9.17572e-18	9.17576e-18	9.17579e-18	9.17584e-18	9.17589e-18	9.17591e-18	9.17593e-18	9.17597e-18	9.17598e-18	9.176e-18	9.17604e-18	9.17605e-18	9.17608e-18	9.17611e-18	9.17612e-18	9.17613e-18	9.17615e-18	9.17617e-18	9.17619e-18	9.17619e-18	9.1762e-18	9.17621e-18	9.17624e-18	9.17626e-18	9.17628e-18	9.17628e-18	9.17629e-18	9.1763e-18	9.1763e-18	9.1763e-18	9.1763e-18	9.1763e-18	9.1763e-18
453.512	2.0692e-14	5.49829e-18	1.1968e-17	1.02767e-20	1.04853e-19	2.46693e-19	4.22551e-19	5.58315e-19	7.93444e-19	1.17251e-18	1.57309e-18	2.08858e-18	2.60909e-18	3.17098e-18	3.81984e-18	4.95526e-18	6.64811e-18	8.81023e-18	1.04073e-17	1.16113e-17	1.1894e-17	1.19222e-17	1.19292e-17	1.19422e-17	1.19488e-17	1.19507e-17	1.19537e-17	1.19556e-17	1.19576e-17	1.19586e-17	1.19594e-17	1.19604e-17	1.19614e-17	1.19619e-17	1.19622e-17	1.19629e-17	1.19634e-17	1.19637e-17	1.19639e-17	1.19644e-17	1.19645e-17	1.19649e-17	1.19651e-17	1.19652e-17	1.19655e-17	1.19657e-17	1.19659e-17	1.19659e-17	1.1966e-17	1.19663e-17	1.19663e-17	1.19665e-17	1.19666e-17	1.19667e-17	1.19667e-17	1.19669e-17	1.19669e-17	1.1967e-17	1.19671e-17	1.19671e-17	1.19672e-17	1.19673e-17	1.19673e-17	1.19674e-17	1.19674e-17	1.19675e-17	1.19675e-17	1.19675e-17	1.19675e-17	1.19676e-17	1.19677e-17	1.19677e-17	1.19677e-17	1.19677e-17	1.19678e-17	1.19678e-17	1.19678e-17	1.19678e-17	1.19679e-17	1.19679e-17	1.19679e-17	1.19679e-17	1.19679e-17	1.1968e-17	1.1968e-17	1.1968e-17	1.1968e-17	1.1968e-17	1.1968e-17	1.1968e-17	1.1968e-17	1.1968e-17	1.1968e-17
456.522	2.06921e-14	6.96723e-18	1.5214e-17	1.15025e-20	1.14003e-19	2.67639e-19	4.63613e-19	6.1813e-19	8.83055e-19	1.31836e-18	1.79681e-18	2.434e-18	3.08691e-18	3.79715e-18	4.6327e-18	6.12591e-18	8.34378e-18	1.11353e-17	1.31801e-17	1.47408e-17	1.51143e-17	1.5154e-17	1.51625e-17	1.51797e-17	1.51883e-17	1.5191e-17	1.51949e-17	1.51976e-17	1.52e-17	1.52013e-17	1.52025e-17	1.52039e-17	1.5205e-17	1.52057e-17	1.52062e-17	1.52072e-17	1.52078e-17	1.52081e-17	1.52085e-17	1.52092e-17	1.52094e-17	1.52098e-17	1.521e-17	1.52103e-17	1.52107e-17	1.52109e-17	1.52111e-17	1.52112e-17	1.52114e-17	1.52117e-17	1.52118e-17	1.5212e-17	1.52121e-17	1.52122e-17	1.52123e-17	1.52125e-17	1.52126e-17	1.52127e-17	1.52127e-17	1.52128e-17	1.52129e-17	1.52131e-17	1.52131e-17	1.52132e-17	1.52132e-17	1.52133e-17	1.52133e-17	1.52134e-17	1.52134e-17	1.52135e-17	1.52136e-17	1.52136e-17	1.52136e-17	1.52137e-17	1.52137e-17	1.52137e-17	1.52138e-17	1.52138e-17	1.52138e-17	1.52138e-17	1.52139e-17	1.52139e-17	1.52139e-17	1.5214e-17	1.5214e-17	1.5214e-17	1.5214e-17	1.5214e-17	1.5214e-17	1.5214e-17	1.5214e-17	1.5214e-17	1.5214e-17
459.532	2.06923e-14	8.62173e-18	1.87404e-17	1.37479e-20	1.30334e-19	3.04394e-19	5.33979e-19	7.17155e-19	1.02676e-18	1.54027e-18	2.12426e-18	2.91115e-18	3.7184e-18	4.59484e-18	5.64033e-18	7.51678e-18	1.02846e-17	1.37217e-17	1.62197e-17	1.8144e-17	1.86122e-17	1.86652e-17	1.86753e-17	1.86967e-17	1.87074e-17	1.87112e-17	1.87161e-17	1.87195e-17	1.87223e-17	1.87242e-17	1.87258e-17	1.87276e-17	1.87288e-17	1.87298e-17	1.87304e-17	1.87318e-17	1.87324e-17	1.87328e-17	1.87334e-17	1.87343e-17	1.87346e-17	1.87349e-17	1.87354e-17	1.87357e-17	1.87362e-17	1.87364e-17	1.87366e-17	1.87369e-17	1.87371e-17	1.87375e-17	1.87376e-17	1.87377e-17	1.87379e-17	1.87382e-17	1.87383e-17	1.87385e-17	1.87386e-17	1.87387e-17	1.87387e-17	1.87389e-17	1.8739e-17	1.87392e-17	1.87392e-17	1.87393e-17	1.87394e-17	1.87394e-17	1.87396e-17	1.87396e-17	1.87397e-17	1.87397e-17	1.87398e-17	1.87398e-17	1.87399e-17	1.87399e-17	1.874e-17	1.874e-17	1.87401e-17	1.87401e-17	1.87402e-17	1.87402e-17	1.87402e-17	1.87402e-17	1.87403e-17	1.87403e-17	1.87404e-17	1.87404e-17	1.87404e-17	1.87404e-17	1.87404e-17	1.87404e-17	1.87404e-17	1.87404e-17	1.87404e-17
462.542	2.06924e-14	1.03767e-17	2.23825e-17	1.67954e-20	1.52062e-19	3.52827e-19	6.26243e-19	8.45361e-19	1.21071e-18	1.81771e-18	2.52741e-18	3.48288e-18	4.45763e-18	5.50883e-18	6.77765e-18	9.04636e-18	1.23672e-17	1.64411e-17	1.93821e-17	2.16612e-17	2.2224e-17	2.22913e-17	2.23031e-17	2.23288e-17	2.23418e-17	2.23468e-17	2.23527e-17	2.23568e-17	2.23601e-17	2.23627e-17	2.23647e-17	2.23666e-17	2.23681e-17	2.23696e-17	2.23704e-17	2.23718e-17	2.23725e-17	2.2373e-17	2.2374e-17	2.23749e-17	2.23752e-17	2.23756e-17	2.23763e-17	2.23767e-17	2.23772e-17	2.23775e-17	2.23777e-17	2.23782e-17	2.23785e-17	2.23788e-17	2.23789e-17	2.23792e-17	2.23793e-17	2.23797e-17	2.23798e-17	2.238e-17	2.23801e-17	2.23803e-17	2.23804e-17	2.23807e-17	2.23808e-17	2.23809e-17	2.2381e-17	2.23811e-17	2.23812e-17	2.23812e-17	2.23814e-17	2.23815e-17	2.23815e-17	2.23816e-17	2.23817e-17	2.23817e-17	2.23818e-17	2.23819e-17	2.23819e-17	2.2382e-17	2.23821e-17	2.23821e-17	2.23821e-17	2.23822e-17	2.23822e-17	2.23822e-17	2.23823e-17	2.23823e-17	2.23824e-17	2.23824e-17	2.23825e-17	2.23825e-17	2.23825e-17	2.23825e-17	2.23825e-17	2.23825e-17	2.23825e-17
465.552	2.06926e-14	1.21562e-17	2.59966e-17	2.04178e-20	1.77476e-19	4.0906e-19	7.33312e-19	9.93114e-19	1.42168e-18	2.13132e-18	2.97962e-18	4.11425e-18	5.26175e-18	6.48827e-18	7.98494e-18	1.06415e-17	1.44998e-17	1.9181e-17	2.2542e-17	2.51535e-17	2.5807e-17	2.58893e-17	2.59029e-17	2.59325e-17	2.5948e-17	2.59545e-17	2.59613e-17	2.59659e-17	2.59698e-17	2.59732e-17	2.59755e-17	2.59776e-17	2.59794e-17	2.59814e-17	2.59824e-17	2.59838e-17	2.59847e-17	2.59853e-17	2.59867e-17	2.59875e-17	2.59879e-17	2.59885e-17	2.59893e-17	2.59898e-17	2.59902e-17	2.59906e-17	2.5991e-17	2.59915e-17	2.59919e-17	2.59921e-17	2.59923e-17	2.59927e-17	2.59929e-17	2.59933e-17	2.59934e-17	2.59936e-17	2.59938e-17	2.59941e-17	2.59942e-17	2.59944e-17	2.59946e-17	2.59946e-17	2.59948e-17	2.59949e-17	2.59951e-17	2.59952e-17	2.59953e-17	2.59954e-17	2.59955e-17	2.59955e-17	2.59957e-17	2.59957e-17	2.59958e-17	2.59959e-17	2.59959e-17	2.5996e-17	2.59961e-17	2.59961e-17	2.59962e-17	2.59962e-17	2.59962e-17	2.59963e-17	2.59964e-17	2.59964e-17	2.59965e-17	2.59965e-17	2.59966e-17	2.59966e-17	2.59966e-17	2.59966e-17	2.59966e-17	2.59966e-17	2.59966e-17
468.562	2.06927e-14	1.38983e-17	2.94685e-17	2.43968e-20	2.05066e-19	4.69754e-19	8.4894e-19	1.1519e-18	1.64801e-18	2.46428e-18	3.45758e-18	4.7749e-18	6.0939e-18	7.49014e-18	9.21184e-18	1.22422e-17	1.66077e-17	2.18506e-17	2.55994e-17	2.85109e-17	2.92482e-17	2.93451e-17	2.93605e-17	2.93936e-17	2.94122e-17	2.94201e-17	2.94276e-17	2.94326e-17	2.94375e-17	2.94416e-17	2.94442e-17	2.94463e-17	2.94487e-17	2.9451e-17	2.94522e-17	2.94535e-17	2.94548e-17	2.94556e-17	2.9457e-17	2.94578e-17	2.94583e-17	2.94593e-17	2.94601e-17	2.94607e-17	2.94611e-17	2.94615e-17	2.94622e-17	2.94626e-17	2.9463e-17	2.94633e-17	2.94635e-17	2.94641e-17	2.94643e-17	2.94647e-17	2.94648e-17	2.94651e-17	2.94653e-17	2.94657e-17	2.94658e-17	2.9466e-17	2.94661e-17	2.94663e-17	2.94664e-17	2.94666e-17	2.94668e-17	2.94669e-17	2.9467e-17	2.94671e-17	2.94672e-17	2.94673e-17	2.94674e-17	2.94675e-17	2.94676e-17	2.94677e-17	2.94678e-17	2.94678e-17	2.94679e-17	2.9468e-17	2.9468e-17	2.94681e-17	2.94681e-17	2.94682e-17	2.94683e-17	2.94683e-17	2.94684e-17	2.94684e-17	2.94684e-17	2.94685e-17	2.94685e-17	2.94685e-17	2.94685e-17	2.94685e-17	2.94685e-17
471.572	2.06929e-14	1.55576e-17	3.27173e-17	2.85393e-20	2.33601e-19	5.32284e-19	9.68092e-19	1.31484e-18	1.8803e-18	2.80323e-18	3.94263e-18	5.44074e-18	6.92518e-18	8.48134e-18	1.04197e-17	1.38034e-17	1.86363e-17	2.4385e-17	2.84828e-17	3.16556e-17	3.24678e-17	3.25783e-17	3.25954e-17	3.26317e-17	3.26537e-17	3.2663e-17	3.2671e-17	3.26763e-17	3.26824e-17	3.26872e-17	3.26899e-17	3.2692e-17	3.26951e-17	3.26977e-17	3.2699e-17	3.27002e-17	3.2702e-17	3.2703e-17	3.27044e-17	3.27052e-17	3.27058e-17	3.27071e-17	3.27079e-17	3.27084e-17	3.2709e-17	3.27096e-17	3.27104e-17	3.27107e-17	3.27111e-17	3.27116e-17	3.27118e-17	3.27125e-17	3.27127e-17	3.2713e-17	3.27132e-17	3.27136e-17	3.27138e-17	3.27142e-17	3.27143e-17	3.27145e-17	3.27146e-17	3.2715e-17	3.27151e-17	3.27153e-17	3.27155e-17	3.27156e-17	3.27157e-17	3.27158e-17	3.27159e-17	3.27161e-17	3.27163e-17	3.27163e-17	3.27164e-17	3.27165e-17	3.27166e-17	3.27166e-17	3.27167e-17	3.27168e-17	3.27169e-17	3.27169e-17	3.2717e-17	3.27171e-17	3.27171e-17	3.27172e-17	3.27172e-17	3.27173e-17	3.27173e-17	3.27173e-17	3.27173e-17	3.27173e-17	3.27173e-17	3.27173e-17	3.27173e-17
474.582	2.0693e-14	1.71063e-17	3.56964e-17	3.26867e-20	2.62179e-19	5.94818e-19	1.08712e-18	1.47691e-18	2.11168e-18	3.13872e-18	4.42139e-18	6.09463e-18	7.7354e-18	9.43947e-18	1.15824e-17	1.52964e-17	2.05517e-17	2.67452e-17	3.11497e-17	3.45429e-17	3.54198e-17	3.55422e-17	3.55609e-17	3.55999e-17	3.56258e-17	3.56363e-17	3.56447e-17	3.56503e-17	3.56577e-17	3.56629e-17	3.56658e-17	3.5668e-17	3.56719e-17	3.56745e-17	3.56758e-17	3.56773e-17	3.56794e-17	3.56807e-17	3.56818e-17	3.56829e-17	3.56835e-17	3.56851e-17	3.56857e-17	3.56863e-17	3.56872e-17	3.56878e-17	3.56886e-17	3.56889e-17	3.56893e-17	3.56901e-17	3.56903e-17	3.56909e-17	3.56911e-17	3.56915e-17	3.56918e-17	3.56923e-17	3.56925e-17	3.56928e-17	3.56929e-17	3.56932e-17	3.56934e-17	3.56937e-17	3.56939e-17	3.5694e-17	3.56942e-17	3.56943e-17	3.56945e-17	3.56947e-17	3.56947e-17	3.5695e-17	3.56951e-17	3.56952e-17	3.56952e-17	3.56954e-17	3.56955e-17	3.56955e-17	3.56957e-17	3.56958e-17	3.56958e-17	3.56959e-17	3.56959e-17	3.5696e-17	3.56961e-17	3.56962e-17	3.56962e-17	3.56963e-17	3.56963e-17	3.56964e-17	3.56964e-17	3.56964e-17	3.56964e-17	3.56964e-17	3.56964e-17
477.592	2.06932e-14	1.85327e-17	3.83897e-17	3.67212e-20	2.90227e-19	6.56299e-19	1.20379e-18	1.63501e-18	2.33786e-18	3.46515e-18	4.88576e-18	6.72627e-18	8.51288e-18	1.03524e-17	1.2686e-17	1.67069e-17	2.23387e-17	2.89157e-17	3.3584e-17	3.71578e-17	3.80891e-17	3.82212e-17	3.82413e-17	3.82829e-17	3.8313e-17	3.83242e-17	3.83329e-17	3.83389e-17	3.83477e-17	3.83531e-17	3.83561e-17	3.83585e-17	3.83631e-17	3.83657e-17	3.83669e-17	3.83689e-17	3.83712e-17	3.83726e-17	3.83735e-17	3.83751e-17	3.83758e-17	3.83773e-17	3.8378e-17	3.83785e-17	3.83798e-17	3.83803e-17	3.8381e-17	3.83814e-17	3.83819e-17	3.83829e-17	3.83831e-17	3.83835e-17	3.83838e-17	3.83844e-17	3.83847e-17	3.83852e-17	3.83854e-17	3.83856e-17	3.83858e-17	3.83862e-17	3.83864e-17	3.83867e-17	3.83869e-17	3.8387e-17	3.83873e-17	3.83874e-17	3.83877e-17	3.83879e-17	3.83879e-17	3.83881e-17	3.83883e-17	3.83883e-17	3.83884e-17	3.83886e-17	3.83887e-17	3.83887e-17	3.83889e-17	3.8389e-17	3.83891e-17	3.83891e-17	3.83891e-17	3.83892e-17	3.83893e-17	3.83894e-17	3.83896e-17	3.83896e-17	3.83897e-17	3.83897e-17	3.83897e-17	3.83897e-17	3.83897e-17	3.83897e-17	3.83897e-17
480.602	2.06933e-14	1.98389e-17	4.08075e-17	4.05655e-20	3.17471e-19	7.16356e-19	1.3171e-18	1.78775e-18	2.55688e-18	3.78034e-18	5.3324e-18	7.33151e-18	9.25347e-18	1.12168e-17	1.37268e-17	1.80331e-17	2.39976e-17	3.09012e-17	3.57918e-17	3.95099e-17	4.04861e-17	4.06256e-17	4.0647e-17	4.06911e-17	4.07253e-17	4.07369e-17	4.0746e-17	4.07525e-17	4.07625e-17	4.07679e-17	4.07711e-17	4.0774e-17	4.07789e-17	4.07814e-17	4.07826e-17	4.07852e-17	4.07875e-17	4.07889e-17	4.07899e-17	4.07919e-17	4.07927e-17	4.07939e-17	4.07947e-17	4.07954e-17	4.07968e-17	4.07974e-17	4.07979e-17	4.07986e-17	4.07991e-17	4.08001e-17	4.08003e-17	4.08007e-17	4.0801e-17	4.08018e-17	4.0802e-17	4.08025e-17	4.08027e-17	4.0803e-17	4.08032e-17	4.08038e-17	4.0804e-17	4.08041e-17	4.08044e-17	4.08046e-17	4.08048e-17	4.08049e-17	4.08053e-17	4.08054e-17	4.08055e-17	4.08056e-17	4.08058e-17	4.08059e-17	4.08061e-17	4.08062e-17	4.08063e-17	4.08064e-17	4.08065e-17	4.08067e-17	4.08067e-17	4.08068e-17	4.08068e-17	4.08069e-17	4.0807e-17	4.08072e-17	4.08073e-17	4.08073e-17	4.08074e-17	4.08075e-17	4.08075e-17	4.08075e-17	4.08075e-17	4.08075e-17	4.08075e-17
483.612	2.06935e-14	2.10373e-17	4.29791e-17	4.41793e-20	3.43885e-19	7.75156e-19	1.42711e-18	1.93516e-18	2.76867e-18	4.08484e-18	5.76181e-18	7.91111e-18	9.959e-18	1.20365e-17	1.47094e-17	1.92823e-17	2.55408e-17	3.27208e-17	3.77953e-17	4.16274e-17	4.26403e-17	4.2785e-17	4.28076e-17	4.28542e-17	4.28922e-17	4.2904e-17	4.29135e-17	4.29206e-17	4.29315e-17	4.29369e-17	4.29404e-17	4.29438e-17	4.29488e-17	4.29513e-17	4.29526e-17	4.29558e-17	4.29579e-17	4.29592e-17	4.29605e-17	4.29627e-17	4.29636e-17	4.29645e-17	4.29657e-17	4.29665e-17	4.29678e-17	4.29683e-17	4.29689e-17	4.29697e-17	4.29704e-17	4.29711e-17	4.29714e-17	4.29719e-17	4.29723e-17	4.29732e-17	4.29734e-17	4.29737e-17	4.2974e-17	4.29745e-17	4.29746e-17	4.29752e-17	4.29754e-17	4.29755e-17	4.29758e-17	4.29761e-17	4.29764e-17	4.29765e-17	4.29767e-17	4.29769e-17	4.2977e-17	4.29772e-17	4.29774e-17	4.29774e-17	4.29777e-17	4.29779e-17	4.29779e-17	4.2978e-17	4.29781e-17	4.29783e-17	4.29783e-17	4.29784e-17	4.29784e-17	4.29786e-17	4.29787e-17	4.29788e-17	4.29789e-17	4.29789e-17	4.2979e-17	4.29791e-17	4.29791e-17	4.29791e-17	4.29791e-17	4.29791e-17	4.29791e-17
486.622	2.06936e-14	2.21474e-17	4.49464e-17	4.75535e-20	3.69622e-19	8.3324e-19	1.53461e-18	2.07831e-18	2.97454e-18	4.38113e-18	6.17726e-18	8.46931e-18	1.06355e-17	1.28196e-17	1.56437e-17	2.04678e-17	2.69875e-17	3.44024e-17	3.96276e-17	4.35496e-17	4.45932e-17	4.47414e-17	4.4765e-17	4.48142e-17	4.48554e-17	4.48673e-17	4.48774e-17	4.48853e-17	4.48964e-17	4.4902e-17	4.49057e-17	4.49098e-17	4.49144e-17	4.49172e-17	4.49187e-17	4.49222e-17	4.4924e-17	4.49253e-17	4.49271e-17	4.49293e-17	4.49302e-17	4.4931e-17	4.49325e-17	4.49334e-17	4.49345e-17	4.49351e-17	4.49357e-17	4.49367e-17	4.49375e-17	4.4938e-17	4.49382e-17	4.4939e-17	4.49394e-17	4.49402e-17	4.49404e-17	4.49408e-17	4.49411e-17	4.49417e-17	4.49419e-17	4.49423e-17	4.49425e-17	4.49427e-17	4.4943e-17	4.49433e-17	4.49437e-17	4.49438e-17	4.49439e-17	4.49441e-17	4.49442e-17	4.49445e-17	4.49447e-17	4.49448e-17	4.4945e-17	4.49451e-17	4.49452e-17	4.49453e-17	4.49454e-17	4.49456e-17	4.49457e-17	4.49457e-17	4.49458e-17	4.4946e-17	4.49461e-17	4.49461e-17	4.49462e-17	4.49462e-17	4.49463e-17	4.49464e-17	4.49464e-17	4.49464e-17	4.49464e-17	4.49464e-17	4.49464e-17
489.632	2.06937e-14	2.31917e-17	4.67566e-17	5.07018e-20	3.94947e-19	8.91346e-19	1.64081e-18	2.21887e-18	3.17664e-18	4.67279e-18	6.58361e-18	9.0124e-18	1.12912e-17	1.3577e-17	1.65428e-17	2.16059e-17	2.83607e-17	3.59779e-17	4.13262e-17	4.53211e-17	4.63913e-17	4.65421e-17	4.65665e-17	4.66184e-17	4.6662e-17	4.66741e-17	4.66848e-17	4.66935e-17	4.67044e-17	4.67104e-17	4.67145e-17	4.67189e-17	4.67232e-17	4.67264e-17	4.6728e-17	4.67316e-17	4.67332e-17	4.67345e-17	4.67369e-17	4.67388e-17	4.67396e-17	4.67407e-17	4.67423e-17	4.67434e-17	4.67441e-17	4.67448e-17	4.67457e-17	4.67467e-17	4.67474e-17	4.67478e-17	4.67481e-17	4.67492e-17	4.67495e-17	4.67501e-17	4.67504e-17	4.67509e-17	4.67513e-17	4.67519e-17	4.6752e-17	4.67523e-17	4.67525e-17	4.6753e-17	4.67532e-17	4.67535e-17	4.67538e-17	4.67539e-17	4.67541e-17	4.67543e-17	4.67544e-17	4.67548e-17	4.6755e-17	4.6755e-17	4.67551e-17	4.67553e-17	4.67554e-17	4.67555e-17	4.67557e-17	4.67559e-17	4.67559e-17	4.6756e-17	4.67561e-17	4.67562e-17	4.67563e-17	4.67564e-17	4.67565e-17	4.67565e-17	4.67566e-17	4.67566e-17	4.67566e-17	4.67566e-17	4.67566e-17	4.67566e-17	4.67566e-17
492.642	2.06939e-14	2.41926e-17	4.84566e-17	5.36525e-20	4.20163e-19	9.50257e-19	1.74709e-18	2.35875e-18	3.37743e-18	4.96366e-18	6.9863e-18	9.54734e-18	1.19352e-17	1.432e-17	1.74201e-17	2.27126e-17	2.96826e-17	3.74784e-17	4.29285e-17	4.69857e-17	4.80804e-17	4.82337e-17	4.82591e-17	4.83135e-17	4.83586e-17	4.83711e-17	4.83824e-17	4.83918e-17	4.84023e-17	4.84088e-17	4.84132e-17	4.84179e-17	4.84217e-17	4.84255e-17	4.84274e-17	4.84306e-17	4.84323e-17	4.84336e-17	4.84364e-17	4.84379e-17	4.84388e-17	4.84402e-17	4.84418e-17	4.84428e-17	4.84435e-17	4.84444e-17	4.84455e-17	4.84462e-17	4.84468e-17	4.84475e-17	4.84478e-17	4.84489e-17	4.84492e-17	4.84497e-17	4.84501e-17	4.84507e-17	4.8451e-17	4.84516e-17	4.84517e-17	4.8452e-17	4.84523e-17	4.84528e-17	4.84531e-17	4.84532e-17	4.84535e-17	4.84537e-17	4.8454e-17	4.84542e-17	4.84543e-17	4.84546e-17	4.84548e-17	4.84549e-17	4.84549e-17	4.84552e-17	4.84553e-17	4.84554e-17	4.84556e-17	4.84558e-17	4.84558e-17	4.84559e-17	4.84559e-17	4.8456e-17	4.84562e-17	4.84563e-17	4.84564e-17	4.84564e-17	4.84565e-17	4.84566e-17	4.84566e-17	4.84566e-17	4.84566e-17	4.84566e-17	4.84566e-17
495.652	2.0694e-14	2.51701e-17	5.00878e-17	5.64408e-20	4.45564e-19	1.01067e-18	1.85473e-18	2.49975e-18	3.57924e-18	5.25731e-18	7.39042e-18	1.00806e-17	1.25758e-17	1.50586e-17	1.82881e-17	2.38024e-17	3.09732e-17	3.89311e-17	4.44678e-17	4.85827e-17	4.9701e-17	4.98581e-17	4.98843e-17	4.99409e-17	4.99866e-17	5e-17	5.00118e-17	5.00218e-17	5.00316e-17	5.0039e-17	5.00436e-17	5.00482e-17	5.00518e-17	5.00561e-17	5.00582e-17	5.00609e-17	5.00629e-17	5.00643e-17	5.00671e-17	5.00685e-17	5.00693e-17	5.00712e-17	5.00726e-17	5.00735e-17	5.00743e-17	5.00753e-17	5.00765e-17	5.0077e-17	5.00776e-17	5.00785e-17	5.00789e-17	5.00798e-17	5.00802e-17	5.00806e-17	5.00811e-17	5.00818e-17	5.00821e-17	5.00825e-17	5.00827e-17	5.00831e-17	5.00834e-17	5.00839e-17	5.00842e-17	5.00843e-17	5.00846e-17	5.00847e-17	5.00851e-17	5.00854e-17	5.00854e-17	5.00856e-17	5.00859e-17	5.00859e-17	5.00861e-17	5.00863e-17	5.00864e-17	5.00865e-17	5.00868e-17	5.00869e-17	5.0087e-17	5.0087e-17	5.0087e-17	5.00871e-17	5.00873e-17	5.00875e-17	5.00876e-17	5.00876e-17	5.00878e-17	5.00878e-17	5.00878e-17	5.00878e-17	5.00878e-17	5.00878e-17	5.00878e-17
498.662	2.06941e-14	2.61402e-17	5.16837e-17	5.91023e-20	4.71389e-19	1.07313e-18	1.96475e-18	2.64337e-18	3.78399e-18	5.55653e-18	7.8001e-18	1.06177e-17	1.32196e-17	1.5801e-17	1.91564e-17	2.48861e-17	3.22477e-17	4.03571e-17	4.59704e-17	5.01433e-17	5.12859e-17	5.14485e-17	5.14755e-17	5.15341e-17	5.15797e-17	5.15942e-17	5.16063e-17	5.16168e-17	5.1626e-17	5.16342e-17	5.16389e-17	5.16432e-17	5.1647e-17	5.16516e-17	5.16538e-17	5.16561e-17	5.16584e-17	5.16601e-17	5.16626e-17	5.16639e-17	5.16648e-17	5.16669e-17	5.16681e-17	5.1669e-17	5.16701e-17	5.1671e-17	5.16722e-17	5.16726e-17	5.16732e-17	5.16744e-17	5.16747e-17	5.16754e-17	5.16758e-17	5.16765e-17	5.16769e-17	5.16776e-17	5.16778e-17	5.16782e-17	5.16784e-17	5.1679e-17	5.16793e-17	5.16796e-17	5.16799e-17	5.16801e-17	5.16804e-17	5.16805e-17	5.1681e-17	5.16812e-17	5.16813e-17	5.16814e-17	5.16817e-17	5.16817e-17	5.1682e-17	5.16822e-17	5.16823e-17	5.16824e-17	5.16826e-17	5.16827e-17	5.16828e-17	5.16829e-17	5.16829e-17	5.1683e-17	5.16832e-17	5.16834e-17	5.16835e-17	5.16835e-17	5.16836e-17	5.16837e-17	5.16837e-17	5.16837e-17	5.16837e-17	5.16837e-17	5.16837e-17
501.672	2.06942e-14	2.71136e-17	5.32681e-17	6.16683e-20	4.97797e-19	1.13794e-18	2.07784e-18	2.79062e-18	3.99298e-18	5.86311e-18	8.21818e-18	1.1162e-17	1.38713e-17	1.65524e-17	2.00319e-17	2.59711e-17	3.35162e-17	4.17705e-17	4.74551e-17	5.16899e-17	5.28581e-17	5.30289e-17	5.30565e-17	5.31167e-17	5.31617e-17	5.31776e-17	5.31898e-17	5.32005e-17	5.32093e-17	5.32183e-17	5.3223e-17	5.32269e-17	5.32311e-17	5.32358e-17	5.3238e-17	5.324e-17	5.32428e-17	5.32446e-17	5.32466e-17	5.32482e-17	5.32491e-17	5.32513e-17	5.32523e-17	5.32531e-17	5.32546e-17	5.32554e-17	5.32564e-17	5.32569e-17	5.32576e-17	5.32588e-17	5.32592e-17	5.32597e-17	5.32601e-17	5.3261e-17	5.32613e-17	5.32619e-17	5.32622e-17	5.32626e-17	5.32628e-17	5.32635e-17	5.32638e-17	5.3264e-17	5.32642e-17	5.32645e-17	5.32649e-17	5.3265e-17	5.32654e-17	5.32656e-17	5.32657e-17	5.32658e-17	5.32661e-17	5.32662e-17	5.32665e-17	5.32667e-17	5.32668e-17	5.32668e-17	5.3267e-17	5.32672e-17	5.32673e-17	5.32674e-17	5.32674e-17	5.32675e-17	5.32677e-17	5.32678e-17	5.32679e-17	5.3268e-17	5.32681e-17	5.32681e-17	5.32681e-17	5.32681e-17	5.32681e-17	5.32681e-17	5.32681e-17
504.682	2.06944e-14	2.80962e-17	5.48552e-17	6.41634e-20	5.24864e-19	1.2052e-18	2.1943e-18	2.94202e-18	4.20683e-18	6.1778e-18	8.64606e-18	1.17157e-17	1.45332e-17	1.73153e-17	2.0918e-17	2.70606e-17	3.4784e-17	4.3179e-17	4.89327e-17	5.32358e-17	5.44313e-17	5.4613e-17	5.46413e-17	5.47025e-17	5.47467e-17	5.4764e-17	5.47763e-17	5.47868e-17	5.47957e-17	5.48052e-17	5.481e-17	5.48134e-17	5.48182e-17	5.48227e-17	5.48249e-17	5.48268e-17	5.48299e-17	5.48318e-17	5.48334e-17	5.48354e-17	5.48363e-17	5.48383e-17	5.48392e-17	5.484e-17	5.48418e-17	5.48425e-17	5.48433e-17	5.4844e-17	5.48448e-17	5.48459e-17	5.48462e-17	5.48467e-17	5.48472e-17	5.48482e-17	5.48484e-17	5.48489e-17	5.48492e-17	5.48498e-17	5.485e-17	5.48506e-17	5.48508e-17	5.4851e-17	5.48513e-17	5.48517e-17	5.48521e-17	5.48522e-17	5.48524e-17	5.48527e-17	5.48528e-17	5.4853e-17	5.48533e-17	5.48534e-17	5.48536e-17	5.48538e-17	5.48539e-17	5.4854e-17	5.48541e-17	5.48543e-17	5.48544e-17	5.48545e-17	5.48546e-17	5.48547e-17	5.48549e-17	5.4855e-17	5.48551e-17	5.48551e-17	5.48551e-17	5.48552e-17	5.48552e-17	5.48552e-17	5.48552e-17	5.48552e-17	5.48552e-17
507.692	2.06945e-14	2.90892e-17	5.64504e-17	6.66043e-20	5.52585e-19	1.27482e-18	2.31409e-18	3.09761e-18	4.42555e-18	6.50037e-18	9.08383e-18	1.22789e-17	1.52054e-17	1.80899e-17	2.18153e-17	2.81548e-17	3.6052e-17	4.45846e-17	5.04069e-17	5.47859e-17	5.60108e-17	5.62061e-17	5.6235e-17	5.62966e-17	5.634e-17	5.63588e-17	5.63709e-17	5.63812e-17	5.63905e-17	5.64003e-17	5.6405e-17	5.64081e-17	5.64135e-17	5.64177e-17	5.64197e-17	5.6422e-17	5.64251e-17	5.6427e-17	5.64283e-17	5.64306e-17	5.64317e-17	5.64332e-17	5.64343e-17	5.64352e-17	5.6437e-17	5.64376e-17	5.64383e-17	5.64393e-17	5.64401e-17	5.64409e-17	5.64412e-17	5.64419e-17	5.64424e-17	5.64434e-17	5.64436e-17	5.6444e-17	5.64444e-17	5.64451e-17	5.64452e-17	5.64457e-17	5.64459e-17	5.64462e-17	5.64465e-17	5.64469e-17	5.64473e-17	5.64474e-17	5.64475e-17	5.64478e-17	5.64479e-17	5.64483e-17	5.64485e-17	5.64486e-17	5.64487e-17	5.6449e-17	5.6449e-17	5.64491e-17	5.64493e-17	5.64495e-17	5.64496e-17	5.64497e-17	5.64497e-17	5.64499e-17	5.645e-17	5.64501e-17	5.64502e-17	5.64502e-17	5.64503e-17	5.64504e-17	5.64504e-17	5.64504e-17	5.64504e-17	5.64504e-17	5.64504e-17
510.702	2.06946e-14	3.00903e-17	5.8052e-17	6.90003e-20	5.8089e-19	1.34654e-18	2.43688e-18	3.25705e-18	4.64865e-18	6.82984e-18	9.53055e-18	1.28506e-17	1.58867e-17	1.88742e-17	2.27222e-17	2.92516e-17	3.73182e-17	4.59851e-17	5.18764e-17	5.63388e-17	5.7595e-17	5.78063e-17	5.78356e-17	5.78971e-17	5.79402e-17	5.79602e-17	5.7972e-17	5.7982e-17	5.7992e-17	5.80018e-17	5.80065e-17	5.80094e-17	5.80152e-17	5.80191e-17	5.8021e-17	5.80237e-17	5.80266e-17	5.80285e-17	5.80298e-17	5.80324e-17	5.80334e-17	5.80346e-17	5.8036e-17	5.8037e-17	5.80385e-17	5.80391e-17	5.80398e-17	5.80409e-17	5.80417e-17	5.80423e-17	5.80426e-17	5.80436e-17	5.8044e-17	5.80448e-17	5.80451e-17	5.80456e-17	5.8046e-17	5.80467e-17	5.80468e-17	5.80471e-17	5.80474e-17	5.80479e-17	5.80482e-17	5.80484e-17	5.80488e-17	5.80489e-17	5.80491e-17	5.80494e-17	5.80495e-17	5.80499e-17	5.80501e-17	5.80501e-17	5.80502e-17	5.80505e-17	5.80506e-17	5.80507e-17	5.8051e-17	5.80511e-17	5.80512e-17	5.80513e-17	5.80513e-17	5.80514e-17	5.80516e-17	5.80517e-17	5.80518e-17	5.80519e-17	5.8052e-17	5.8052e-17	5.8052e-17	5.8052e-17	5.8052e-17	5.8052e-17	5.8052e-17
513.712	2.06947e-14	3.10949e-17	5.96537e-17	7.13556e-20	6.09668e-19	1.42e-18	2.5622e-18	3.41974e-18	4.8753e-18	7.16478e-18	9.98459e-18	1.34289e-17	1.65745e-17	1.96653e-17	2.36357e-17	3.03473e-17	3.85786e-17	4.73758e-17	5.33365e-17	5.78883e-17	5.91781e-17	5.94069e-17	5.94366e-17	5.94976e-17	5.95408e-17	5.95617e-17	5.95733e-17	5.95829e-17	5.95937e-17	5.96033e-17	5.9608e-17	5.96109e-17	5.9617e-17	5.96206e-17	5.96223e-17	5.96256e-17	5.96282e-17	5.96299e-17	5.96315e-17	5.96341e-17	5.96351e-17	5.96361e-17	5.96377e-17	5.96388e-17	5.964e-17	5.96407e-17	5.96415e-17	5.96426e-17	5.96434e-17	5.96439e-17	5.96442e-17	5.96454e-17	5.96457e-17	5.96464e-17	5.96467e-17	5.96473e-17	5.96477e-17	5.96483e-17	5.96484e-17	5.96487e-17	5.9649e-17	5.96496e-17	5.96499e-17	5.965e-17	5.96503e-17	5.96505e-17	5.96508e-17	5.96511e-17	5.96512e-17	5.96515e-17	5.96517e-17	5.96518e-17	5.96519e-17	5.96521e-17	5.96522e-17	5.96523e-17	5.96526e-17	5.96528e-17	5.96528e-17	5.96529e-17	5.96529e-17	5.9653e-17	5.96532e-17	5.96534e-17	5.96535e-17	5.96535e-17	5.96537e-17	5.96537e-17	5.96537e-17	5.96537e-17	5.96537e-17	5.96537e-17	5.96537e-17
516.722	2.06948e-14	3.20974e-17	6.12467e-17	7.36713e-20	6.38791e-19	1.49484e-18	2.68948e-18	3.58499e-18	5.10455e-18	7.50356e-18	1.0444e-17	1.40117e-17	1.72662e-17	2.04595e-17	2.45521e-17	3.1438e-17	3.98289e-17	4.87514e-17	5.47812e-17	5.94265e-17	6.07517e-17	6.09989e-17	6.1029e-17	6.1089e-17	6.11329e-17	6.11544e-17	6.11659e-17	6.11751e-17	6.11869e-17	6.11961e-17	6.12008e-17	6.1204e-17	6.121e-17	6.12134e-17	6.12151e-17	6.12189e-17	6.1221e-17	6.12226e-17	6.12246e-17	6.1227e-17	6.1228e-17	6.1229e-17	6.12308e-17	6.12319e-17	6.12328e-17	6.12336e-17	6.12346e-17	6.12355e-17	6.12362e-17	6.12369e-17	6.12372e-17	6.12384e-17	6.12387e-17	6.12392e-17	6.12396e-17	6.12403e-17	6.12406e-17	6.12411e-17	6.12413e-17	6.12417e-17	6.1242e-17	6.12425e-17	6.12428e-17	6.12429e-17	6.12432e-17	6.12434e-17	6.12438e-17	6.12441e-17	6.12441e-17	6.12443e-17	6.12446e-17	6.12447e-17	6.12449e-17	6.12451e-17	6.12452e-17	6.12453e-17	6.12455e-17	6.12457e-17	6.12458e-17	6.12458e-17	6.12459e-17	6.12459e-17	6.12461e-17	6.12463e-17	6.12465e-17	6.12465e-17	6.12466e-17	6.12467e-17	6.12467e-17	6.12467e-17	6.12467e-17	6.12467e-17	6.12467e-17
519.732	2.06949e-14	3.30922e-17	6.28219e-17	7.59484e-20	6.6814e-19	1.57071e-18	2.8182e-18	3.75212e-18	5.33549e-18	7.84469e-18	1.09071e-17	1.45968e-17	1.79591e-17	2.12536e-17	2.54682e-17	3.25204e-17	4.10653e-17	5.01074e-17	5.62051e-17	6.0945e-17	6.23076e-17	6.25731e-17	6.26036e-17	6.26624e-17	6.27077e-17	6.27293e-17	6.27408e-17	6.27498e-17	6.27624e-17	6.27711e-17	6.2776e-17	6.27796e-17	6.27853e-17	6.27887e-17	6.27904e-17	6.27944e-17	6.27962e-17	6.27977e-17	6.28002e-17	6.28022e-17	6.28032e-17	6.28044e-17	6.28061e-17	6.28073e-17	6.2808e-17	6.28089e-17	6.28101e-17	6.28107e-17	6.28114e-17	6.28123e-17	6.28126e-17	6.28136e-17	6.2814e-17	6.28145e-17	6.2815e-17	6.28157e-17	6.28159e-17	6.28163e-17	6.28165e-17	6.28172e-17	6.28174e-17	6.28178e-17	6.28181e-17	6.28182e-17	6.28186e-17	6.28187e-17	6.28192e-17	6.28194e-17	6.28194e-17	6.28196e-17	6.28199e-17	6.28199e-17	6.28202e-17	6.28205e-17	6.28205e-17	6.28206e-17	6.28208e-17	6.2821e-17	6.28211e-17	6.28211e-17	6.28212e-17	6.28213e-17	6.28215e-17	6.28216e-17	6.28217e-17	6.28218e-17	6.28219e-17	6.28219e-17	6.28219e-17	6.28219e-17	6.28219e-17	6.28219e-17	6.28219e-17
522.742	2.0695e-14	3.40749e-17	6.43722e-17	7.81895e-20	6.97623e-19	1.64731e-18	2.94795e-18	3.92062e-18	5.56743e-18	8.18697e-18	1.13723e-17	1.51827e-17	1.86511e-17	2.20451e-17	2.63815e-17	3.35926e-17	4.22857e-17	5.14409e-17	5.76044e-17	6.24372e-17	6.38388e-17	6.41221e-17	6.41528e-17	6.42102e-17	6.42575e-17	6.42791e-17	6.42907e-17	6.42996e-17	6.43127e-17	6.43212e-17	6.43262e-17	6.43302e-17	6.43354e-17	6.4339e-17	6.43409e-17	6.43448e-17	6.43465e-17	6.43479e-17	6.43507e-17	6.43524e-17	6.43533e-17	6.43549e-17	6.43565e-17	6.43575e-17	6.43583e-17	6.43593e-17	6.43605e-17	6.4361e-17	6.43616e-17	6.43628e-17	6.43631e-17	6.43638e-17	6.43642e-17	6.43649e-17	6.43653e-17	6.4366e-17	6.43663e-17	6.43666e-17	6.43668e-17	6.43676e-17	6.43678e-17	6.4368e-17	6.43683e-17	6.43686e-17	6.4369e-17	6.43691e-17	6.43694e-17	6.43697e-17	6.43697e-17	6.43699e-17	6.43702e-17	6.43703e-17	6.43706e-17	6.43708e-17	6.43709e-17	6.43709e-17	6.43711e-17	6.43713e-17	6.43714e-17	6.43715e-17	6.43715e-17	6.43717e-17	6.43718e-17	6.43719e-17	6.4372e-17	6.43721e-17	6.43721e-17	6.43722e-17	6.43722e-17	6.43722e-17	6.43722e-17	6.43722e-17	6.43722e-17
525.753	2.06951e-14	3.50432e-17	6.58931e-17	8.04018e-20	7.27192e-19	1.72448e-18	3.0785e-18	4.09016e-18	5.79997e-18	8.52972e-18	1.18388e-17	1.57687e-17	1.93412e-17	2.28328e-17	2.72911e-17	3.46543e-17	4.34901e-17	5.27517e-17	5.89785e-17	6.38994e-17	6.53412e-17	6.5641e-17	6.56721e-17	6.5728e-17	6.57777e-17	6.57992e-17	6.58111e-17	6.58201e-17	6.58335e-17	6.58418e-17	6.5847e-17	6.58514e-17	6.5856e-17	6.586e-17	6.5862e-17	6.58656e-17	6.58673e-17	6.58688e-17	6.58717e-17	6.58732e-17	6.5874e-17	6.5876e-17	6.58773e-17	6.58782e-17	6.58793e-17	6.58802e-17	6.58814e-17	6.58818e-17	6.58824e-17	6.58838e-17	6.58841e-17	6.58846e-17	6.5885e-17	6.58859e-17	6.58863e-17	6.58869e-17	6.58871e-17	6.58876e-17	6.58878e-17	6.58885e-17	6.58887e-17	6.58889e-17	6.58892e-17	6.58895e-17	6.58899e-17	6.58901e-17	6.58903e-17	6.58905e-17	6.58906e-17	6.58909e-17	6.58912e-17	6.58912e-17	6.58914e-17	6.58917e-17	6.58917e-17	6.58918e-17	6.5892e-17	6.58922e-17	6.58923e-17	6.58924e-17	6.58924e-17	6.58926e-17	6.58927e-17	6.58928e-17	6.58929e-17	6.58929e-17	6.5893e-17	6.58931e-17	6.58931e-17	6.58931e-17	6.58931e-17	6.58931e-17	6.58931e-17
528.763	2.06952e-14	3.59966e-17	6.73838e-17	8.25972e-20	7.56846e-19	1.80215e-18	3.20982e-18	4.2607e-18	6.03307e-18	8.87279e-18	1.23066e-17	1.63547e-17	2.00295e-17	2.36165e-17	2.81973e-17	3.57071e-17	4.46807e-17	5.40424e-17	6.03295e-17	6.53314e-17	6.6814e-17	6.71288e-17	6.71604e-17	6.7215e-17	6.72674e-17	6.72888e-17	6.73012e-17	6.73103e-17	6.73236e-17	6.73321e-17	6.73375e-17	6.73421e-17	6.73463e-17	6.73507e-17	6.73529e-17	6.7356e-17	6.73579e-17	6.73595e-17	6.73623e-17	6.73638e-17	6.73646e-17	6.73667e-17	6.73678e-17	6.73687e-17	6.73701e-17	6.73709e-17	6.73719e-17	6.73725e-17	6.73731e-17	6.73744e-17	6.73747e-17	6.73752e-17	6.73756e-17	6.73767e-17	6.73769e-17	6.73774e-17	6.73777e-17	6.73783e-17	6.73785e-17	6.7379e-17	6.73793e-17	6.73796e-17	6.73798e-17	6.73802e-17	6.73806e-17	6.73807e-17	6.73809e-17	6.73811e-17	6.73812e-17	6.73816e-17	6.73818e-17	6.73819e-17	6.7382e-17	6.73823e-17	6.73823e-17	6.73824e-17	6.73827e-17	6.73829e-17	6.73829e-17	6.7383e-17	6.7383e-17	6.73832e-17	6.73834e-17	6.73835e-17	6.73836e-17	6.73836e-17	6.73837e-17	6.73838e-17	6.73838e-17	6.73838e-17	6.73838e-17	6.73838e-17	6.73838e-17
531.773	2.06953e-14	3.69372e-17	6.88472e-17	8.47934e-20	7.86636e-19	1.88036e-18	3.34206e-18	4.43244e-18	6.26708e-18	9.21662e-18	1.27762e-17	1.6942e-17	2.07171e-17	2.43977e-17	2.9102e-17	3.67545e-17	4.58617e-17	5.5318e-17	6.16627e-17	6.67369e-17	6.82603e-17	6.85885e-17	6.86206e-17	6.86741e-17	6.87293e-17	6.87509e-17	6.87637e-17	6.87733e-17	6.87862e-17	6.8795e-17	6.88007e-17	6.88054e-17	6.88092e-17	6.8814e-17	6.88164e-17	6.88191e-17	6.88213e-17	6.88229e-17	6.88255e-17	6.88271e-17	6.88279e-17	6.88301e-17	6.8831e-17	6.88318e-17	6.88336e-17	6.88343e-17	6.88351e-17	6.88358e-17	6.88366e-17	6.88377e-17	6.8838e-17	6.88385e-17	6.8839e-17	6.884e-17	6.88402e-17	6.88406e-17	6.88411e-17	6.88418e-17	6.88419e-17	6.88423e-17	6.88425e-17	6.8843e-17	6.88433e-17	6.88435e-17	6.88439e-17	6.8844e-17	6.88442e-17	6.88445e-17	6.88446e-17	6.8845e-17	6.88452e-17	6.88452e-17	6.88453e-17	6.88456e-17	6.88457e-17	6.88458e-17	6.88461e-17	6.88462e-17	6.88463e-17	6.88464e-17	6.88464e-17	6.88465e-17	6.88467e-17	6.88468e-17	6.8847e-17	6.8847e-17	6.88471e-17	6.88472e-17	6.88472e-17	6.88472e-17	6.88472e-17	6.88472e-17	6.88472e-17
534.783	2.06954e-14	3.78689e-17	7.02897e-17	8.70129e-20	8.16656e-19	1.95927e-18	3.47554e-18	4.6058e-18	6.50263e-18	9.56212e-18	1.32489e-17	1.75322e-17	2.14063e-17	2.51789e-17	3.00084e-17	3.78014e-17	4.70392e-17	5.65858e-17	6.29861e-17	6.81227e-17	6.96862e-17	7.00262e-17	7.0059e-17	7.01119e-17	7.01698e-17	7.01919e-17	7.02053e-17	7.02153e-17	7.02277e-17	7.02371e-17	7.02429e-17	7.02476e-17	7.02513e-17	7.02564e-17	7.02588e-17	7.02612e-17	7.02637e-17	7.02655e-17	7.02677e-17	7.02695e-17	7.02704e-17	7.02725e-17	7.02734e-17	7.02742e-17	7.02761e-17	7.02767e-17	7.02774e-17	7.02784e-17	7.02792e-17	7.028e-17	7.02803e-17	7.02811e-17	7.02815e-17	7.02824e-17	7.02827e-17	7.02831e-17	7.02835e-17	7.02842e-17	7.02844e-17	7.02847e-17	7.0285e-17	7.02855e-17	7.02858e-17	7.0286e-17	7.02863e-17	7.02864e-17	7.02868e-17	7.0287e-17	7.02871e-17	7.02874e-17	7.02876e-17	7.02877e-17	7.02878e-17	7.02881e-17	7.02882e-17	7.02883e-17	7.02885e-17	7.02887e-17	7.02888e-17	7.02888e-17	7.02889e-17	7.02889e-17	7.02891e-17	7.02893e-17	7.02895e-17	7.02895e-17	7.02896e-17	7.02897e-17	7.02897e-17	7.02897e-17	7.02897e-17	7.02897e-17	7.02897e-17
537.793	2.06955e-14	3.87975e-17	7.17205e-17	8.92824e-20	8.47034e-19	2.03909e-18	3.6107e-18	4.78134e-18	6.74061e-18	9.91053e-18	1.37262e-17	1.81276e-17	2.20998e-17	2.59633e-17	3.09205e-17	3.88538e-17	4.82203e-17	5.78543e-17	6.4309e-17	6.94986e-17	7.11006e-17	7.14511e-17	7.14846e-17	7.15375e-17	7.1598e-17	7.1621e-17	7.1635e-17	7.16454e-17	7.16572e-17	7.16674e-17	7.16734e-17	7.16779e-17	7.16817e-17	7.1687e-17	7.16894e-17	7.16917e-17	7.16945e-17	7.16964e-17	7.16981e-17	7.17004e-17	7.17013e-17	7.1703e-17	7.17041e-17	7.1705e-17	7.17068e-17	7.17074e-17	7.1708e-17	7.17092e-17	7.171e-17	7.17106e-17	7.17109e-17	7.1712e-17	7.17124e-17	7.17131e-17	7.17134e-17	7.1714e-17	7.17143e-17	7.1715e-17	7.17151e-17	7.17155e-17	7.17157e-17	7.17163e-17	7.17166e-17	7.17167e-17	7.1717e-17	7.17172e-17	7.17176e-17	7.17179e-17	7.17179e-17	7.17181e-17	7.17184e-17	7.17184e-17	7.17187e-17	7.17189e-17	7.1719e-17	7.17191e-17	7.17193e-17	7.17195e-17	7.17196e-17	7.17196e-17	7.17197e-17	7.17198e-17	7.172e-17	7.17201e-17	7.17203e-17	7.17203e-17	7.17204e-17	7.17205e-17	7.17205e-17	7.17205e-17	7.17205e-17	7.17205e-17	7.17205e-17
540.803	2.06956e-14	3.97296e-17	7.31505e-17	9.16307e-20	8.77914e-19	2.12005e-18	3.74802e-18	4.95973e-18	6.98198e-18	1.02633e-17	1.42101e-17	1.8731e-17	2.28009e-17	2.67547e-17	3.18426e-17	3.99178e-17	4.94126e-17	5.91329e-17	6.56417e-17	7.08757e-17	7.25141e-17	7.28741e-17	7.29085e-17	7.2962e-17	7.30248e-17	7.30491e-17	7.30638e-17	7.30746e-17	7.30858e-17	7.30969e-17	7.3103e-17	7.31073e-17	7.31114e-17	7.31167e-17	7.31191e-17	7.31215e-17	7.31244e-17	7.31264e-17	7.31278e-17	7.31304e-17	7.31314e-17	7.31328e-17	7.31341e-17	7.31351e-17	7.31367e-17	7.31373e-17	7.31381e-17	7.31392e-17	7.314e-17	7.31405e-17	7.31409e-17	7.31421e-17	7.31425e-17	7.3143e-17	7.31434e-17	7.31441e-17	7.31444e-17	7.31449e-17	7.31451e-17	7.31456e-17	7.31459e-17	7.31464e-17	7.31466e-17	7.31468e-17	7.31471e-17	7.31472e-17	7.31477e-17	7.3148e-17	7.3148e-17	7.31482e-17	7.31484e-17	7.31485e-17	7.31488e-17	7.3149e-17	7.31491e-17	7.31492e-17	7.31493e-17	7.31495e-17	7.31496e-17	7.31497e-17	7.31498e-17	7.31499e-17	7.31501e-17	7.31502e-17	7.31503e-17	7.31503e-17	7.31504e-17	7.31505e-17	7.31505e-17	7.31505e-17	7.31505e-17	7.31505e-17	7.31505e-17
543.813	2.06957e-14	4.06721e-17	7.45915e-17	9.40871e-20	9.09443e-19	2.20239e-18	3.88797e-18	5.1416e-18	7.22775e-18	1.06219e-17	1.47023e-17	1.93447e-17	2.35126e-17	2.75569e-17	3.27792e-17	4.09996e-17	5.06232e-17	6.04303e-17	6.69943e-17	7.22657e-17	7.39381e-17	7.43068e-17	7.43422e-17	7.43971e-17	7.44618e-17	7.44879e-17	7.45032e-17	7.45145e-17	7.45251e-17	7.45372e-17	7.45435e-17	7.45475e-17	7.45521e-17	7.45571e-17	7.45595e-17	7.45623e-17	7.45652e-17	7.45671e-17	7.45684e-17	7.45713e-17	7.45724e-17	7.45735e-17	7.4575e-17	7.45762e-17	7.45774e-17	7.45781e-17	7.45791e-17	7.45801e-17	7.45808e-17	7.45815e-17	7.45818e-17	7.4583e-17	7.45834e-17	7.45839e-17	7.45843e-17	7.45851e-17	7.45854e-17	7.45858e-17	7.4586e-17	7.45866e-17	7.45869e-17	7.45872e-17	7.45875e-17	7.45878e-17	7.45881e-17	7.45883e-17	7.45887e-17	7.45889e-17	7.4589e-17	7.45892e-17	7.45894e-17	7.45895e-17	7.45898e-17	7.459e-17	7.45901e-17	7.45902e-17	7.45903e-17	7.45905e-17	7.45906e-17	7.45907e-17	7.45908e-17	7.4591e-17	7.45911e-17	7.45912e-17	7.45913e-17	7.45913e-17	7.45914e-17	7.45915e-17	7.45915e-17	7.45915e-17	7.45915e-17	7.45915e-17	7.45915e-17
546.823	2.06958e-14	4.16317e-17	7.60545e-17	9.6679e-20	9.41751e-19	2.28631e-18	4.03094e-18	5.32746e-18	7.47875e-18	1.09875e-17	1.52044e-17	1.99711e-17	2.42378e-17	2.83733e-17	3.37338e-17	4.21043e-17	5.18584e-17	6.17544e-17	6.83754e-17	7.36797e-17	7.53833e-17	7.57604e-17	7.5797e-17	7.58538e-17	7.59203e-17	7.59486e-17	7.59645e-17	7.59761e-17	7.59865e-17	7.59994e-17	7.60058e-17	7.60096e-17	7.60148e-17	7.60195e-17	7.60218e-17	7.60251e-17	7.60279e-17	7.60297e-17	7.60312e-17	7.60342e-17	7.60352e-17	7.60362e-17	7.6038e-17	7.60392e-17	7.60401e-17	7.6041e-17	7.60422e-17	7.60429e-17	7.60436e-17	7.60445e-17	7.60449e-17	7.6046e-17	7.60463e-17	7.60469e-17	7.60474e-17	7.60482e-17	7.60484e-17	7.60488e-17	7.60489e-17	7.60497e-17	7.605e-17	7.60502e-17	7.60505e-17	7.60508e-17	7.60512e-17	7.60514e-17	7.60516e-17	7.60519e-17	7.6052e-17	7.60523e-17	7.60525e-17	7.60526e-17	7.60528e-17	7.60531e-17	7.60531e-17	7.60532e-17	7.60534e-17	7.60536e-17	7.60537e-17	7.60538e-17	7.60538e-17	7.6054e-17	7.60542e-17	7.60543e-17	7.60544e-17	7.60544e-17	7.60545e-17	7.60545e-17	7.60545e-17	7.60545e-17	7.60545e-17	7.60545e-17	7.60545e-17
549.833	2.06959e-14	4.26143e-17	7.75494e-17	9.943e-20	9.74938e-19	2.37191e-18	4.17717e-18	5.51766e-18	7.73558e-18	1.13611e-17	1.57173e-17	2.06116e-17	2.49785e-17	2.92063e-17	3.47092e-17	4.32357e-17	5.31228e-17	6.31111e-17	6.97919e-17	7.51271e-17	7.68592e-17	7.72446e-17	7.72826e-17	7.73419e-17	7.74099e-17	7.74407e-17	7.74574e-17	7.74692e-17	7.74795e-17	7.74932e-17	7.74997e-17	7.75035e-17	7.75091e-17	7.75136e-17	7.75158e-17	7.75197e-17	7.75222e-17	7.7524e-17	7.75258e-17	7.75286e-17	7.75297e-17	7.75308e-17	7.75326e-17	7.75338e-17	7.75346e-17	7.75356e-17	7.7537e-17	7.75375e-17	7.75382e-17	7.75394e-17	7.75397e-17	7.75405e-17	7.75409e-17	7.75417e-17	7.75421e-17	7.75428e-17	7.75431e-17	7.75435e-17	7.75437e-17	7.75445e-17	7.75447e-17	7.75449e-17	7.75452e-17	7.75456e-17	7.7546e-17	7.75462e-17	7.75463e-17	7.75466e-17	7.75467e-17	7.75471e-17	7.75473e-17	7.75474e-17	7.75476e-17	7.75478e-17	7.75479e-17	7.7548e-17	7.75482e-17	7.75484e-17	7.75485e-17	7.75486e-17	7.75486e-17	7.75488e-17	7.75489e-17	7.75491e-17	7.75492e-17	7.75492e-17	7.75493e-17	7.75494e-17	7.75494e-17	7.75494e-17	7.75494e-17	7.75494e-17	7.75494e-17
552.843	2.0696e-14	4.3624e-17	7.90832e-17	1.02358e-19	1.00906e-18	2.45921e-18	4.32671e-18	5.7123e-18	7.99853e-18	1.17432e-17	1.62416e-17	2.12669e-17	2.57357e-17	3.00575e-17	3.57067e-17	4.4396e-17	5.44189e-17	6.45039e-17	7.12478e-17	7.66146e-17	7.8373e-17	7.8767e-17	7.88065e-17	7.88686e-17	7.89381e-17	7.89717e-17	7.8989e-17	7.9001e-17	7.90116e-17	7.90258e-17	7.90326e-17	7.90365e-17	7.90424e-17	7.90466e-17	7.90488e-17	7.90533e-17	7.90556e-17	7.90572e-17	7.90595e-17	7.90621e-17	7.90631e-17	7.90645e-17	7.90662e-17	7.90674e-17	7.90683e-17	7.90693e-17	7.90707e-17	7.90711e-17	7.90718e-17	7.90732e-17	7.90735e-17	7.90741e-17	7.90746e-17	7.90755e-17	7.90759e-17	7.90765e-17	7.90768e-17	7.90774e-17	7.90775e-17	7.90782e-17	7.90784e-17	7.90787e-17	7.9079e-17	7.90794e-17	7.90798e-17	7.908e-17	7.90801e-17	7.90804e-17	7.90805e-17	7.90809e-17	7.90812e-17	7.90812e-17	7.90813e-17	7.90816e-17	7.90817e-17	7.90818e-17	7.90821e-17	7.90823e-17	7.90823e-17	7.90824e-17	7.90824e-17	7.90825e-17	7.90828e-17	7.90829e-17	7.9083e-17	7.90831e-17	7.90832e-17	7.90832e-17	7.90832e-17	7.90832e-17	7.90832e-17	7.90832e-17	7.90832e-17
555.853	2.06961e-14	4.46635e-17	8.06605e-17	1.05476e-19	1.04413e-18	2.5481e-18	4.47941e-18	5.9112e-18	8.26745e-18	1.21335e-17	1.67769e-17	2.19369e-17	2.65095e-17	3.0927e-17	3.6726e-17	4.55852e-17	5.57471e-17	6.59338e-17	7.27444e-17	7.8146e-17	7.99291e-17	8.03321e-17	8.03731e-17	8.04385e-17	8.05094e-17	8.0546e-17	8.05639e-17	8.0576e-17	8.05871e-17	8.06017e-17	8.06087e-17	8.06129e-17	8.06191e-17	8.0623e-17	8.06252e-17	8.06302e-17	8.06323e-17	8.06338e-17	8.06366e-17	8.06388e-17	8.06398e-17	8.06416e-17	8.06432e-17	8.06443e-17	8.06454e-17	8.06464e-17	8.06477e-17	8.06482e-17	8.06488e-17	8.06503e-17	8.06506e-17	8.06512e-17	8.06516e-17	8.06528e-17	8.0653e-17	8.06535e-17	8.06539e-17	8.06546e-17	8.06548e-17	8.06553e-17	8.06555e-17	8.0656e-17	8.06563e-17	8.06566e-17	8.0657e-17	8.06571e-17	8.06574e-17	8.06577e-17	8.06577e-17	8.06581e-17	8.06584e-17	8.06584e-17	8.06585e-17	8.06588e-17	8.06589e-17	8.0659e-17	8.06593e-17	8.06595e-17	8.06596e-17	8.06596e-17	8.06597e-17	8.06597e-17	8.066e-17	8.06601e-17	8.06603e-17	8.06603e-17	8.06604e-17	8.06605e-17	8.06605e-17	8.06605e-17	8.06605e-17	8.06605e-17	8.06605e-17
558.863	2.06962e-14	4.57332e-17	8.22822e-17	1.08786e-19	1.08008e-18	2.63835e-18	4.63488e-18	6.11385e-18	8.54183e-18	1.25315e-17	1.73219e-17	2.262e-17	2.72984e-17	3.18137e-17	3.77654e-17	4.68013e-17	5.71055e-17	6.73991e-17	7.42798e-17	7.97215e-17	8.15283e-17	8.19411e-17	8.1984e-17	8.20525e-17	8.2125e-17	8.21645e-17	8.2183e-17	8.21952e-17	8.22071e-17	8.22218e-17	8.22291e-17	8.22338e-17	8.224e-17	8.2244e-17	8.22463e-17	8.22515e-17	8.22534e-17	8.22549e-17	8.22581e-17	8.226e-17	8.22609e-17	8.22632e-17	8.22645e-17	8.22655e-17	8.2267e-17	8.22679e-17	8.22691e-17	8.22697e-17	8.22705e-17	8.22718e-17	8.22721e-17	8.22728e-17	8.22732e-17	8.22744e-17	8.22746e-17	8.22751e-17	8.22755e-17	8.22763e-17	8.22765e-17	8.22768e-17	8.22771e-17	8.22777e-17	8.2278e-17	8.22782e-17	8.22785e-17	8.22787e-17	8.22791e-17	8.22794e-17	8.22794e-17	8.22797e-17	8.228e-17	8.22801e-17	8.22802e-17	8.22805e-17	8.22806e-17	8.22807e-17	8.2281e-17	8.22812e-17	8.22812e-17	8.22813e-17	8.22813e-17	8.22814e-17	8.22817e-17	8.22818e-17	8.2282e-17	8.2282e-17	8.22821e-17	8.22822e-17	8.22822e-17	8.22822e-17	8.22822e-17	8.22822e-17	8.22822e-17
561.873	2.06963e-14	4.68316e-17	8.3946e-17	1.12285e-19	1.11682e-18	2.72961e-18	4.79249e-18	6.31949e-18	8.82069e-18	1.29357e-17	1.78748e-17	2.33141e-17	2.80999e-17	3.27148e-17	3.88214e-17	4.80404e-17	5.84896e-17	6.88951e-17	7.58494e-17	8.13379e-17	8.31685e-17	8.3592e-17	8.36368e-17	8.37084e-17	8.37826e-17	8.3825e-17	8.38442e-17	8.38565e-17	8.38693e-17	8.3884e-17	8.38917e-17	8.38969e-17	8.3903e-17	8.39071e-17	8.39095e-17	8.39148e-17	8.39168e-17	8.39183e-17	8.39216e-17	8.39233e-17	8.39243e-17	8.39269e-17	8.3928e-17	8.3929e-17	8.39308e-17	8.39316e-17	8.39325e-17	8.39335e-17	8.39343e-17	8.39354e-17	8.39357e-17	8.39365e-17	8.3937e-17	8.3938e-17	8.39383e-17	8.39388e-17	8.39393e-17	8.39401e-17	8.39402e-17	8.39406e-17	8.39408e-17	8.39415e-17	8.39418e-17	8.39419e-17	8.39423e-17	8.39424e-17	8.39429e-17	8.39432e-17	8.39433e-17	8.39435e-17	8.39438e-17	8.39438e-17	8.39441e-17	8.39444e-17	8.39444e-17	8.39445e-17	8.39447e-17	8.39449e-17	8.3945e-17	8.39451e-17	8.39452e-17	8.39453e-17	8.39455e-17	8.39457e-17	8.39458e-17	8.39458e-17	8.39459e-17	8.3946e-17	8.3946e-17	8.3946e-17	8.3946e-17	8.3946e-17	8.3946e-17
564.883	2.06964e-14	4.79553e-17	8.56464e-17	1.15962e-19	1.15419e-18	2.82143e-18	4.95144e-18	6.52707e-18	9.10272e-18	1.33444e-17	1.84329e-17	2.40157e-17	2.89105e-17	3.36268e-17	3.98892e-17	4.92966e-17	5.98932e-17	7.04151e-17	7.74458e-17	8.29891e-17	8.48442e-17	8.52795e-17	8.53265e-17	8.54008e-17	8.54768e-17	8.5522e-17	8.55419e-17	8.55543e-17	8.5568e-17	8.55827e-17	8.55908e-17	8.55966e-17	8.56025e-17	8.56068e-17	8.56096e-17	8.56146e-17	8.56168e-17	8.56184e-17	8.56217e-17	8.56234e-17	8.56244e-17	8.56271e-17	8.56281e-17	8.5629e-17	8.56311e-17	8.56318e-17	8.56327e-17	8.56338e-17	8.56347e-17	8.56355e-17	8.56359e-17	8.5637e-17	8.56374e-17	8.56383e-17	8.56386e-17	8.56393e-17	8.56397e-17	8.56404e-17	8.56405e-17	8.5641e-17	8.56412e-17	8.56419e-17	8.56422e-17	8.56423e-17	8.56427e-17	8.56428e-17	8.56434e-17	8.56436e-17	8.56437e-17	8.56439e-17	8.56442e-17	8.56442e-17	8.56446e-17	8.56448e-17	8.56449e-17	8.5645e-17	8.56451e-17	8.56454e-17	8.56455e-17	8.56455e-17	8.56456e-17	8.56458e-17	8.5646e-17	8.56461e-17	8.56462e-17	8.56462e-17	8.56463e-17	8.56464e-17	8.56464e-17	8.56464e-17	8.56464e-17	8.56464e-17	8.56464e-17
567.893	2.06965e-14	4.90992e-17	8.73752e-17	1.19799e-19	1.19197e-18	2.91324e-18	5.11076e-18	6.73531e-18	9.38624e-18	1.37552e-17	1.8993e-17	2.47209e-17	2.97256e-17	3.45445e-17	4.09626e-17	5.05625e-17	6.13083e-17	7.19504e-17	7.90596e-17	8.46659e-17	8.6547e-17	8.69955e-17	8.70448e-17	8.71216e-17	8.71995e-17	8.72472e-17	8.72678e-17	8.72804e-17	8.72951e-17	8.73097e-17	8.73183e-17	8.73247e-17	8.73303e-17	8.7335e-17	8.7338e-17	8.73426e-17	8.73451e-17	8.73469e-17	8.73499e-17	8.73518e-17	8.73529e-17	8.73555e-17	8.73566e-17	8.73575e-17	8.73597e-17	8.73604e-17	8.73611e-17	8.73624e-17	8.73634e-17	8.7364e-17	8.73644e-17	8.73657e-17	8.73661e-17	8.73668e-17	8.73672e-17	8.7368e-17	8.73683e-17	8.73689e-17	8.73691e-17	8.73697e-17	8.737e-17	8.73705e-17	8.73708e-17	8.7371e-17	8.73714e-17	8.73716e-17	8.7372e-17	8.73723e-17	8.73724e-17	8.73726e-17	8.73729e-17	8.7373e-17	8.73733e-17	8.73736e-17	8.73736e-17	8.73737e-17	8.73739e-17	8.73741e-17	8.73742e-17	8.73743e-17	8.73743e-17	8.73746e-17	8.73747e-17	8.73749e-17	8.7375e-17	8.7375e-17	8.73751e-17	8.73752e-17	8.73752e-17	8.73752e-17	8.73752e-17	8.73752e-17	8.73752e-17
570.903	2.06965e-14	5.02568e-17	8.91217e-17	1.23771e-19	1.22995e-18	3.00445e-18	5.26934e-18	6.94279e-18	9.66937e-18	1.41656e-17	1.95513e-17	2.54248e-17	3.05399e-17	3.54623e-17	4.20349e-17	5.18298e-17	6.27258e-17	7.34907e-17	8.06799e-17	8.63572e-17	8.82666e-17	8.87298e-17	8.87814e-17	8.88602e-17	8.89402e-17	8.899e-17	8.90114e-17	8.90244e-17	8.90399e-17	8.90544e-17	8.90636e-17	8.90705e-17	8.90758e-17	8.90809e-17	8.90842e-17	8.90883e-17	8.90913e-17	8.90932e-17	8.90959e-17	8.90981e-17	8.90993e-17	8.91017e-17	8.91029e-17	8.91039e-17	8.9106e-17	8.91067e-17	8.91075e-17	8.91088e-17	8.91098e-17	8.91104e-17	8.91107e-17	8.91122e-17	8.91125e-17	8.91131e-17	8.91136e-17	8.91145e-17	8.91148e-17	8.91153e-17	8.91155e-17	8.91163e-17	8.91166e-17	8.91169e-17	8.91172e-17	8.91175e-17	8.9118e-17	8.91181e-17	8.91185e-17	8.91187e-17	8.91188e-17	8.91191e-17	8.91194e-17	8.91195e-17	8.91198e-17	8.912e-17	8.91201e-17	8.91202e-17	8.91204e-17	8.91206e-17	8.91207e-17	8.91208e-17	8.91209e-17	8.91211e-17	8.91212e-17	8.91214e-17	8.91215e-17	8.91215e-17	8.91216e-17	8.91217e-17	8.91217e-17	8.91217e-17	8.91217e-17	8.91217e-17	8.91217e-17
573.913	2.06966e-14	5.14207e-17	9.08739e-17	1.2785e-19	1.26784e-18	3.09439e-18	5.42603e-18	7.14799e-18	9.95007e-18	1.45726e-17	2.01041e-17	2.61226e-17	3.13477e-17	3.63741e-17	4.30986e-17	5.30894e-17	6.41359e-17	7.50251e-17	8.22947e-17	8.80507e-17	8.99909e-17	9.04702e-17	9.05244e-17	9.06049e-17	9.06868e-17	9.07384e-17	9.07607e-17	9.07741e-17	9.07903e-17	9.08049e-17	9.08146e-17	9.08219e-17	9.0827e-17	9.08325e-17	9.0836e-17	9.08398e-17	9.08432e-17	9.08453e-17	9.08475e-17	9.08502e-17	9.08514e-17	9.08534e-17	9.08549e-17	9.0856e-17	9.08578e-17	9.08586e-17	9.08596e-17	9.08608e-17	9.08617e-17	9.08625e-17	9.08628e-17	9.08642e-17	9.08646e-17	9.08652e-17	9.08657e-17	9.08667e-17	9.08669e-17	9.08673e-17	9.08675e-17	9.08684e-17	9.08687e-17	9.0869e-17	9.08693e-17	9.08697e-17	9.08702e-17	9.08703e-17	9.08705e-17	9.08708e-17	9.08709e-17	9.08714e-17	9.08716e-17	9.08717e-17	9.08719e-17	9.08721e-17	9.08722e-17	9.08723e-17	9.08726e-17	9.08728e-17	9.08729e-17	9.0873e-17	9.08731e-17	9.08732e-17	9.08734e-17	9.08736e-17	9.08737e-17	9.08737e-17	9.08738e-17	9.08739e-17	9.08739e-17	9.08739e-17	9.08739e-17	9.08739e-17	9.08739e-17
576.923	2.06967e-14	5.25828e-17	9.26189e-17	1.32005e-19	1.30539e-18	3.18243e-18	5.57965e-18	7.34937e-18	1.02262e-17	1.49733e-17	2.06473e-17	2.68091e-17	3.21432e-17	3.72733e-17	4.41463e-17	5.43321e-17	6.55285e-17	7.65424e-17	8.38921e-17	8.97332e-17	9.1707e-17	9.22041e-17	9.22609e-17	9.23426e-17	9.24265e-17	9.24794e-17	9.25028e-17	9.25167e-17	9.25334e-17	9.25482e-17	9.25584e-17	9.2566e-17	9.25711e-17	9.25769e-17	9.25806e-17	9.2584e-17	9.25878e-17	9.25901e-17	9.25919e-17	9.2595e-17	9.25962e-17	9.25979e-17	9.25997e-17	9.26009e-17	9.26024e-17	9.26033e-17	9.26045e-17	9.26055e-17	9.26064e-17	9.26074e-17	9.26077e-17	9.26089e-17	9.26094e-17	9.26101e-17	9.26106e-17	9.26115e-17	9.26117e-17	9.26122e-17	9.26124e-17	9.26133e-17	9.26136e-17	9.26138e-17	9.26142e-17	9.26146e-17	9.26151e-17	9.26152e-17	9.26154e-17	9.26157e-17	9.26158e-17	9.26163e-17	9.26166e-17	9.26166e-17	9.26168e-17	9.2617e-17	9.26171e-17	9.26173e-17	9.26176e-17	9.26178e-17	9.26179e-17	9.26179e-17	9.2618e-17	9.26181e-17	9.26183e-17	9.26185e-17	9.26187e-17	9.26187e-17	9.26188e-17	9.26189e-17	9.26189e-17	9.26189e-17	9.26189e-17	9.26189e-17	9.26189e-17
579.933	2.06968e-14	5.37353e-17	9.43436e-17	1.36205e-19	1.34233e-18	3.26793e-18	5.72907e-18	7.54545e-18	1.04958e-17	1.53649e-17	2.1177e-17	2.74793e-17	3.29207e-17	3.81538e-17	4.51707e-17	5.5549e-17	6.68939e-17	7.80318e-17	8.54605e-17	9.13919e-17	9.3402e-17	9.39184e-17	9.39781e-17	9.40606e-17	9.41465e-17	9.42001e-17	9.42247e-17	9.42392e-17	9.42562e-17	9.42715e-17	9.42821e-17	9.42898e-17	9.42951e-17	9.4301e-17	9.43048e-17	9.43082e-17	9.43122e-17	9.43146e-17	9.43162e-17	9.43195e-17	9.43208e-17	9.43223e-17	9.43243e-17	9.43256e-17	9.43268e-17	9.43278e-17	9.43293e-17	9.433e-17	9.43308e-17	9.43321e-17	9.43325e-17	9.43334e-17	9.43339e-17	9.43348e-17	9.43353e-17	9.4336e-17	9.43363e-17	9.4337e-17	9.43371e-17	9.43379e-17	9.43382e-17	9.43385e-17	9.43389e-17	9.43393e-17	9.43397e-17	9.43399e-17	9.43401e-17	9.43404e-17	9.43405e-17	9.4341e-17	9.43413e-17	9.43413e-17	9.43415e-17	9.43417e-17	9.43419e-17	9.4342e-17	9.43423e-17	9.43425e-17	9.43426e-17	9.43427e-17	9.43427e-17	9.43428e-17	9.4343e-17	9.43432e-17	9.43434e-17	9.43434e-17	9.43435e-17	9.43436e-17	9.43436e-17	9.43436e-17	9.43436e-17	9.43436e-17	9.43436e-17
582.943	2.06969e-14	5.48704e-17	9.60358e-17	1.40418e-19	1.3784e-18	3.35032e-18	5.87325e-18	7.73486e-18	1.0757e-17	1.57448e-17	2.16899e-17	2.81288e-17	3.36749e-17	3.90098e-17	4.61652e-17	5.6732e-17	6.82233e-17	7.94834e-17	8.69893e-17	9.30147e-17	9.50637e-17	9.56008e-17	9.56634e-17	9.57466e-17	9.58342e-17	9.58883e-17	9.59141e-17	9.59292e-17	9.59464e-17	9.59622e-17	9.59733e-17	9.5981e-17	9.59866e-17	9.59926e-17	9.59964e-17	9.59999e-17	9.6004e-17	9.60064e-17	9.60079e-17	9.60114e-17	9.60128e-17	9.60141e-17	9.60163e-17	9.60177e-17	9.60187e-17	9.60198e-17	9.60214e-17	9.6022e-17	9.60227e-17	9.60242e-17	9.60246e-17	9.60254e-17	9.60258e-17	9.6027e-17	9.60274e-17	9.6028e-17	9.60284e-17	9.60291e-17	9.60293e-17	9.60299e-17	9.60302e-17	9.60307e-17	9.6031e-17	9.60313e-17	9.60318e-17	9.60319e-17	9.60323e-17	9.60326e-17	9.60327e-17	9.6033e-17	9.60333e-17	9.60334e-17	9.60336e-17	9.60339e-17	9.6034e-17	9.60341e-17	9.60344e-17	9.60346e-17	9.60347e-17	9.60348e-17	9.60348e-17	9.6035e-17	9.60352e-17	9.60354e-17	9.60355e-17	9.60355e-17	9.60357e-17	9.60358e-17	9.60358e-17	9.60358e-17	9.60358e-17	9.60358e-17	9.60358e-17
585.953	2.06969e-14	5.59812e-17	9.76842e-17	1.44614e-19	1.41339e-18	3.42911e-18	6.01126e-18	7.91638e-18	1.1008e-17	1.61106e-17	2.21827e-17	2.87534e-17	3.44012e-17	3.9836e-17	4.71241e-17	5.78739e-17	6.9509e-17	8.08887e-17	8.84693e-17	9.45908e-17	9.66811e-17	9.72401e-17	9.73059e-17	9.73895e-17	9.74787e-17	9.75328e-17	9.75599e-17	9.75757e-17	9.75929e-17	9.76095e-17	9.76208e-17	9.76284e-17	9.76346e-17	9.76405e-17	9.76441e-17	9.76481e-17	9.76521e-17	9.76545e-17	9.76562e-17	9.76596e-17	9.7661e-17	9.76624e-17	9.76646e-17	9.7666e-17	9.76669e-17	9.76681e-17	9.76697e-17	9.76703e-17	9.7671e-17	9.76726e-17	9.76731e-17	9.76737e-17	9.76742e-17	9.76755e-17	9.76758e-17	9.76763e-17	9.76768e-17	9.76776e-17	9.76778e-17	9.76782e-17	9.76785e-17	9.76792e-17	9.76795e-17	9.76797e-17	9.76801e-17	9.76803e-17	9.76808e-17	9.76811e-17	9.76812e-17	9.76814e-17	9.76817e-17	9.76818e-17	9.76821e-17	9.76824e-17	9.76825e-17	9.76826e-17	9.76828e-17	9.76831e-17	9.76831e-17	9.76832e-17	9.76833e-17	9.76835e-17	9.76837e-17	9.76838e-17	9.7684e-17	9.7684e-17	9.76841e-17	9.76842e-17	9.76842e-17	9.76842e-17	9.76842e-17	9.76842e-17	9.76842e-17
588.963	2.0697e-14	5.70617e-17	9.92797e-17	1.48768e-19	1.44711e-18	3.50388e-18	6.14238e-18	8.08905e-18	1.12475e-17	1.64605e-17	2.26531e-17	2.935e-17	3.50958e-17	4.06283e-17	4.80428e-17	5.8969e-17	7.07448e-17	8.22408e-17	8.98933e-17	9.61116e-17	9.82451e-17	9.88269e-17	9.88959e-17	9.89798e-17	9.90705e-17	9.91245e-17	9.91528e-17	9.91693e-17	9.91864e-17	9.92038e-17	9.92154e-17	9.92228e-17	9.92296e-17	9.92353e-17	9.92389e-17	9.92434e-17	9.92471e-17	9.92495e-17	9.92515e-17	9.92548e-17	9.92561e-17	9.92578e-17	9.92598e-17	9.92612e-17	9.92623e-17	9.92634e-17	9.9265e-17	9.92656e-17	9.92664e-17	9.9268e-17	9.92684e-17	9.9269e-17	9.92695e-17	9.92709e-17	9.92711e-17	9.92717e-17	9.92722e-17	9.92731e-17	9.92732e-17	9.92736e-17	9.92739e-17	9.92746e-17	9.9275e-17	9.92752e-17	9.92755e-17	9.92757e-17	9.92762e-17	9.92766e-17	9.92766e-17	9.92768e-17	9.92771e-17	9.92772e-17	9.92776e-17	9.92779e-17	9.9278e-17	9.92781e-17	9.92782e-17	9.92785e-17	9.92786e-17	9.92787e-17	9.92787e-17	9.92789e-17	9.92791e-17	9.92793e-17	9.92794e-17	9.92794e-17	9.92796e-17	9.92797e-17	9.92797e-17	9.92797e-17	9.92797e-17	9.92797e-17	9.92797e-17
591.973	2.06971e-14	5.81072e-17	1.00815e-16	1.52857e-19	1.47942e-18	3.57436e-18	6.26604e-18	8.25213e-18	1.14744e-17	1.6793e-17	2.30992e-17	2.9916e-17	3.57559e-17	4.13835e-17	4.89181e-17	6.00133e-17	7.19262e-17	8.35349e-17	9.1256e-17	9.75704e-17	9.97486e-17	1.00354e-16	1.00426e-16	1.0051e-16	1.00602e-16	1.00656e-16	1.00685e-16	1.00703e-16	1.0072e-16	1.00738e-16	1.0075e-16	1.00757e-16	1.00764e-16	1.0077e-16	1.00773e-16	1.00779e-16	1.00782e-16	1.00784e-16	1.00787e-16	1.0079e-16	1.00791e-16	1.00793e-16	1.00795e-16	1.00796e-16	1.00797e-16	1.00799e-16	1.008e-16	1.00801e-16	1.00802e-16	1.00803e-16	1.00803e-16	1.00804e-16	1.00805e-16	1.00806e-16	1.00806e-16	1.00807e-16	1.00807e-16	1.00808e-16	1.00808e-16	1.00809e-16	1.00809e-16	1.0081e-16	1.0081e-16	1.0081e-16	1.00811e-16	1.00811e-16	1.00811e-16	1.00812e-16	1.00812e-16	1.00812e-16	1.00812e-16	1.00812e-16	1.00813e-16	1.00813e-16	1.00813e-16	1.00813e-16	1.00813e-16	1.00814e-16	1.00814e-16	1.00814e-16	1.00814e-16	1.00814e-16	1.00814e-16	1.00815e-16	1.00815e-16	1.00815e-16	1.00815e-16	1.00815e-16	1.00815e-16	1.00815e-16	1.00815e-16	1.00815e-16	1.00815e-16
594.983	2.06972e-14	5.91144e-17	1.02285e-16	1.56866e-19	1.51023e-18	3.64035e-18	6.3819e-18	8.40515e-18	1.16881e-17	1.71072e-17	2.352e-17	3.04501e-17	3.63796e-17	4.20996e-17	4.97479e-17	6.10042e-17	7.30505e-17	8.47681e-17	9.25545e-17	9.89631e-17	1.01187e-16	1.01816e-16	1.01892e-16	1.01976e-16	1.02069e-16	1.02123e-16	1.02153e-16	1.02171e-16	1.02188e-16	1.02207e-16	1.02219e-16	1.02226e-16	1.02234e-16	1.0224e-16	1.02243e-16	1.02249e-16	1.02252e-16	1.02254e-16	1.02257e-16	1.02259e-16	1.02261e-16	1.02263e-16	1.02265e-16	1.02266e-16	1.02268e-16	1.02269e-16	1.0227e-16	1.02271e-16	1.02272e-16	1.02273e-16	1.02273e-16	1.02274e-16	1.02275e-16	1.02276e-16	1.02276e-16	1.02277e-16	1.02277e-16	1.02278e-16	1.02278e-16	1.02279e-16	1.02279e-16	1.0228e-16	1.0228e-16	1.0228e-16	1.02281e-16	1.02281e-16	1.02282e-16	1.02282e-16	1.02282e-16	1.02282e-16	1.02283e-16	1.02283e-16	1.02283e-16	1.02283e-16	1.02283e-16	1.02283e-16	1.02284e-16	1.02284e-16	1.02284e-16	1.02284e-16	1.02284e-16	1.02284e-16	1.02285e-16	1.02285e-16	1.02285e-16	1.02285e-16	1.02285e-16	1.02285e-16	1.02285e-16	1.02285e-16	1.02285e-16	1.02285e-16	1.02285e-16
597.993	2.06972e-14	6.00813e-17	1.03688e-16	1.60782e-19	1.53949e-18	3.70182e-18	6.48982e-18	8.54794e-18	1.18883e-17	1.74028e-17	2.39151e-17	3.09515e-17	3.69662e-17	4.27758e-17	5.05317e-17	6.19411e-17	7.41169e-17	8.59395e-17	9.37881e-17	1.00288e-16	1.02558e-16	1.03211e-16	1.0329e-16	1.03375e-16	1.03469e-16	1.03522e-16	1.03554e-16	1.03572e-16	1.03589e-16	1.03609e-16	1.03621e-16	1.03628e-16	1.03637e-16	1.03642e-16	1.03645e-16	1.03651e-16	1.03654e-16	1.03656e-16	1.0366e-16	1.03662e-16	1.03663e-16	1.03666e-16	1.03667e-16	1.03669e-16	1.0367e-16	1.03671e-16	1.03672e-16	1.03674e-16	1.03675e-16	1.03676e-16	1.03676e-16	1.03677e-16	1.03678e-16	1.03679e-16	1.03679e-16	1.0368e-16	1.0368e-16	1.03681e-16	1.03681e-16	1.03682e-16	1.03682e-16	1.03683e-16	1.03683e-16	1.03683e-16	1.03684e-16	1.03684e-16	1.03684e-16	1.03685e-16	1.03685e-16	1.03685e-16	1.03685e-16	1.03685e-16	1.03686e-16	1.03686e-16	1.03686e-16	1.03686e-16	1.03686e-16	1.03687e-16	1.03687e-16	1.03687e-16	1.03687e-16	1.03687e-16	1.03687e-16	1.03687e-16	1.03688e-16	1.03688e-16	1.03688e-16	1.03688e-16	1.03688e-16	1.03688e-16	1.03688e-16	1.03688e-16	1.03688e-16
601.003	2.06973e-14	6.10075e-17	1.05023e-16	1.64601e-19	1.56721e-18	3.75882e-18	6.58988e-18	8.68056e-18	1.2075e-17	1.76799e-17	2.42848e-17	3.14207e-17	3.75161e-17	4.34125e-17	5.12704e-17	6.28248e-17	7.51264e-17	8.70505e-17	9.49582e-17	1.01545e-16	1.03862e-16	1.04538e-16	1.04621e-16	1.04706e-16	1.04801e-16	1.04855e-16	1.04887e-16	1.04906e-16	1.04923e-16	1.04943e-16	1.04956e-16	1.04963e-16	1.04972e-16	1.04977e-16	1.0498e-16	1.04986e-16	1.04989e-16	1.04991e-16	1.04995e-16	1.04997e-16	1.04998e-16	1.05001e-16	1.05003e-16	1.05004e-16	1.05006e-16	1.05007e-16	1.05008e-16	1.05009e-16	1.0501e-16	1.05011e-16	1.05011e-16	1.05013e-16	1.05013e-16	1.05014e-16	1.05014e-16	1.05015e-16	1.05016e-16	1.05016e-16	1.05016e-16	1.05017e-16	1.05018e-16	1.05018e-16	1.05018e-16	1.05019e-16	1.05019e-16	1.05019e-16	1.05019e-16	1.0502e-16	1.0502e-16	1.0502e-16	1.05021e-16	1.05021e-16	1.05021e-16	1.05021e-16	1.05021e-16	1.05021e-16	1.05022e-16	1.05022e-16	1.05022e-16	1.05022e-16	1.05022e-16	1.05022e-16	1.05023e-16	1.05023e-16	1.05023e-16	1.05023e-16	1.05023e-16	1.05023e-16	1.05023e-16	1.05023e-16	1.05023e-16	1.05023e-16	1.05023e-16
604.013	2.06974e-14	6.18939e-17	1.06294e-16	1.68322e-19	1.59344e-18	3.81152e-18	6.68233e-18	8.80335e-18	1.22487e-17	1.79393e-17	2.46303e-17	3.18588e-17	3.80305e-17	4.40109e-17	5.19661e-17	6.36578e-17	7.60816e-17	8.81038e-17	9.60681e-17	1.02739e-16	1.05102e-16	1.058e-16	1.05887e-16	1.05972e-16	1.06068e-16	1.06122e-16	1.06155e-16	1.06174e-16	1.06191e-16	1.06212e-16	1.06225e-16	1.06233e-16	1.06242e-16	1.06247e-16	1.0625e-16	1.06257e-16	1.06259e-16	1.06261e-16	1.06265e-16	1.06267e-16	1.06268e-16	1.06272e-16	1.06273e-16	1.06274e-16	1.06276e-16	1.06277e-16	1.06278e-16	1.06279e-16	1.0628e-16	1.06281e-16	1.06281e-16	1.06283e-16	1.06283e-16	1.06284e-16	1.06285e-16	1.06286e-16	1.06286e-16	1.06286e-16	1.06287e-16	1.06288e-16	1.06288e-16	1.06288e-16	1.06288e-16	1.06289e-16	1.06289e-16	1.0629e-16	1.0629e-16	1.0629e-16	1.0629e-16	1.06291e-16	1.06291e-16	1.06291e-16	1.06291e-16	1.06292e-16	1.06292e-16	1.06292e-16	1.06292e-16	1.06292e-16	1.06292e-16	1.06293e-16	1.06293e-16	1.06293e-16	1.06293e-16	1.06293e-16	1.06293e-16	1.06293e-16	1.06293e-16	1.06294e-16	1.06294e-16	1.06294e-16	1.06294e-16	1.06294e-16	1.06294e-16
607.023	2.06974e-14	6.27424e-17	1.07503e-16	1.7195e-19	1.61829e-18	3.8602e-18	6.7676e-18	8.91686e-18	1.24101e-17	1.81821e-17	2.4953e-17	3.22679e-17	3.85117e-17	4.45737e-17	5.26219e-17	6.4444e-17	7.69867e-17	8.91042e-17	9.71229e-17	1.03872e-16	1.06281e-16	1.07002e-16	1.07091e-16	1.07177e-16	1.07274e-16	1.07329e-16	1.07363e-16	1.07382e-16	1.074e-16	1.07421e-16	1.07434e-16	1.07442e-16	1.07451e-16	1.07456e-16	1.07459e-16	1.07466e-16	1.07469e-16	1.07471e-16	1.07475e-16	1.07477e-16	1.07478e-16	1.07481e-16	1.07483e-16	1.07484e-16	1.07486e-16	1.07487e-16	1.07488e-16	1.07489e-16	1.0749e-16	1.07491e-16	1.07491e-16	1.07493e-16	1.07493e-16	1.07494e-16	1.07494e-16	1.07495e-16	1.07496e-16	1.07496e-16	1.07496e-16	1.07497e-16	1.07498e-16	1.07498e-16	1.07498e-16	1.07499e-16	1.07499e-16	1.07499e-16	1.075e-16	1.075e-16	1.075e-16	1.075e-16	1.07501e-16	1.07501e-16	1.07501e-16	1.07501e-16	1.07501e-16	1.07501e-16	1.07502e-16	1.07502e-16	1.07502e-16	1.07502e-16	1.07502e-16	1.07502e-16	1.07503e-16	1.07503e-16	1.07503e-16	1.07503e-16	1.07503e-16	1.07503e-16	1.07503e-16	1.07503e-16	1.07503e-16	1.07503e-16	1.07503e-16
610.033	2.06975e-14	6.35561e-17	1.08658e-16	1.75493e-19	1.64187e-18	3.9052e-18	6.84627e-18	9.02183e-18	1.25603e-17	1.84098e-17	2.52553e-17	3.26504e-17	3.89626e-17	4.51039e-17	5.3242e-17	6.51881e-17	7.78468e-17	9.00575e-17	9.8129e-17	1.04952e-16	1.07407e-16	1.08148e-16	1.08241e-16	1.08327e-16	1.08425e-16	1.08482e-16	1.08516e-16	1.08536e-16	1.08554e-16	1.08575e-16	1.08589e-16	1.08597e-16	1.08606e-16	1.08611e-16	1.08614e-16	1.08621e-16	1.08624e-16	1.08626e-16	1.0863e-16	1.08632e-16	1.08633e-16	1.08636e-16	1.08638e-16	1.08639e-16	1.08641e-16	1.08642e-16	1.08643e-16	1.08644e-16	1.08645e-16	1.08646e-16	1.08646e-16	1.08648e-16	1.08648e-16	1.08649e-16	1.0865e-16	1.0865e-16	1.08651e-16	1.08651e-16	1.08652e-16	1.08652e-16	1.08653e-16	1.08653e-16	1.08653e-16	1.08654e-16	1.08654e-16	1.08654e-16	1.08655e-16	1.08655e-16	1.08655e-16	1.08656e-16	1.08656e-16	1.08656e-16	1.08656e-16	1.08656e-16	1.08657e-16	1.08657e-16	1.08657e-16	1.08657e-16	1.08657e-16	1.08657e-16	1.08657e-16	1.08658e-16	1.08658e-16	1.08658e-16	1.08658e-16	1.08658e-16	1.08658e-16	1.08658e-16	1.08658e-16	1.08658e-16	1.08658e-16	1.08658e-16	1.08658e-16
613.043	2.06976e-14	6.43389e-17	1.09767e-16	1.78964e-19	1.66437e-18	3.94694e-18	6.91904e-18	9.11918e-18	1.27005e-17	1.86242e-17	2.55395e-17	3.30096e-17	3.93867e-17	4.56056e-17	5.38312e-17	6.58961e-17	7.86682e-17	9.09705e-17	9.90939e-17	1.05987e-16	1.08486e-16	1.09247e-16	1.09344e-16	1.0943e-16	1.09528e-16	1.09587e-16	1.09622e-16	1.09642e-16	1.0966e-16	1.09682e-16	1.09696e-16	1.09705e-16	1.09713e-16	1.09719e-16	1.09722e-16	1.09728e-16	1.09732e-16	1.09734e-16	1.09737e-16	1.0974e-16	1.09741e-16	1.09744e-16	1.09746e-16	1.09747e-16	1.09749e-16	1.0975e-16	1.09751e-16	1.09752e-16	1.09753e-16	1.09754e-16	1.09755e-16	1.09756e-16	1.09756e-16	1.09757e-16	1.09758e-16	1.09758e-16	1.09759e-16	1.0976e-16	1.0976e-16	1.0976e-16	1.09761e-16	1.09761e-16	1.09762e-16	1.09762e-16	1.09762e-16	1.09762e-16	1.09763e-16	1.09763e-16	1.09763e-16	1.09764e-16	1.09764e-16	1.09764e-16	1.09764e-16	1.09765e-16	1.09765e-16	1.09765e-16	1.09765e-16	1.09765e-16	1.09765e-16	1.09766e-16	1.09766e-16	1.09766e-16	1.09766e-16	1.09766e-16	1.09766e-16	1.09766e-16	1.09766e-16	1.09767e-16	1.09767e-16	1.09767e-16	1.09767e-16	1.09767e-16	1.09767e-16
616.054	2.06976e-14	6.5095e-17	1.10836e-16	1.82378e-19	1.68595e-18	3.98591e-18	6.9867e-18	9.2099e-18	1.28321e-17	1.88273e-17	2.58086e-17	3.33489e-17	3.97881e-17	4.6083e-17	5.43949e-17	6.65743e-17	7.94579e-17	9.18507e-17	1.00026e-16	1.06984e-16	1.09528e-16	1.10307e-16	1.10407e-16	1.10494e-16	1.10592e-16	1.10654e-16	1.1069e-16	1.1071e-16	1.10729e-16	1.1075e-16	1.10764e-16	1.10774e-16	1.10782e-16	1.10788e-16	1.10792e-16	1.10797e-16	1.10801e-16	1.10804e-16	1.10807e-16	1.10809e-16	1.10811e-16	1.10813e-16	1.10815e-16	1.10817e-16	1.10818e-16	1.10819e-16	1.1082e-16	1.10821e-16	1.10822e-16	1.10824e-16	1.10824e-16	1.10825e-16	1.10825e-16	1.10827e-16	1.10827e-16	1.10828e-16	1.10828e-16	1.10829e-16	1.10829e-16	1.1083e-16	1.1083e-16	1.10831e-16	1.10831e-16	1.10831e-16	1.10832e-16	1.10832e-16	1.10832e-16	1.10833e-16	1.10833e-16	1.10833e-16	1.10833e-16	1.10833e-16	1.10834e-16	1.10834e-16	1.10834e-16	1.10834e-16	1.10834e-16	1.10835e-16	1.10835e-16	1.10835e-16	1.10835e-16	1.10835e-16	1.10835e-16	1.10836e-16	1.10836e-16	1.10836e-16	1.10836e-16	1.10836e-16	1.10836e-16	1.10836e-16	1.10836e-16	1.10836e-16	1.10836e-16
619.064	2.06977e-14	6.58293e-17	1.11876e-16	1.8575e-19	1.70682e-18	4.0226e-18	7.05008e-18	9.29507e-18	1.29565e-17	1.90214e-17	2.60654e-17	3.36719e-17	4.01708e-17	4.65409e-17	5.49386e-17	6.72294e-17	8.02229e-17	9.27059e-17	1.00933e-16	1.07952e-16	1.1054e-16	1.11337e-16	1.1144e-16	1.11527e-16	1.11626e-16	1.1169e-16	1.11727e-16	1.11748e-16	1.11767e-16	1.11788e-16	1.11803e-16	1.11814e-16	1.11821e-16	1.11827e-16	1.11831e-16	1.11836e-16	1.11841e-16	1.11844e-16	1.11846e-16	1.11849e-16	1.11851e-16	1.11852e-16	1.11855e-16	1.11856e-16	1.11857e-16	1.11859e-16	1.1186e-16	1.11861e-16	1.11862e-16	1.11863e-16	1.11864e-16	1.11864e-16	1.11865e-16	1.11866e-16	1.11867e-16	1.11867e-16	1.11868e-16	1.11869e-16	1.11869e-16	1.11869e-16	1.11869e-16	1.1187e-16	1.11871e-16	1.11871e-16	1.11871e-16	1.11871e-16	1.11872e-16	1.11872e-16	1.11872e-16	1.11873e-16	1.11873e-16	1.11873e-16	1.11873e-16	1.11874e-16	1.11874e-16	1.11874e-16	1.11874e-16	1.11874e-16	1.11874e-16	1.11874e-16	1.11875e-16	1.11875e-16	1.11875e-16	1.11875e-16	1.11875e-16	1.11875e-16	1.11875e-16	1.11876e-16	1.11876e-16	1.11876e-16	1.11876e-16	1.11876e-16	1.11876e-16
622.074	2.06978e-14	6.65464e-17	1.12894e-16	1.89099e-19	1.72718e-18	4.05752e-18	7.11004e-18	9.37581e-18	1.30754e-17	1.92086e-17	2.63131e-17	3.39825e-17	4.05393e-17	4.6984e-17	5.54681e-17	6.78682e-17	8.09706e-17	9.35439e-17	1.01824e-16	1.08901e-16	1.11532e-16	1.12346e-16	1.12452e-16	1.1254e-16	1.12638e-16	1.12706e-16	1.12744e-16	1.12765e-16	1.12785e-16	1.12806e-16	1.12821e-16	1.12832e-16	1.1284e-16	1.12846e-16	1.1285e-16	1.12855e-16	1.1286e-16	1.12862e-16	1.12865e-16	1.12868e-16	1.12869e-16	1.12871e-16	1.12873e-16	1.12875e-16	1.12876e-16	1.12877e-16	1.12879e-16	1.1288e-16	1.1288e-16	1.12882e-16	1.12883e-16	1.12883e-16	1.12884e-16	1.12885e-16	1.12885e-16	1.12886e-16	1.12886e-16	1.12887e-16	1.12888e-16	1.12888e-16	1.12888e-16	1.12889e-16	1.12889e-16	1.1289e-16	1.1289e-16	1.1289e-16	1.12891e-16	1.12891e-16	1.12891e-16	1.12891e-16	1.12892e-16	1.12892e-16	1.12892e-16	1.12892e-16	1.12892e-16	1.12893e-16	1.12893e-16	1.12893e-16	1.12893e-16	1.12893e-16	1.12893e-16	1.12894e-16	1.12894e-16	1.12894e-16	1.12894e-16	1.12894e-16	1.12894e-16	1.12894e-16	1.12894e-16	1.12894e-16	1.12894e-16	1.12894e-16	1.12894e-16
625.084	2.06978e-14	6.72511e-17	1.13901e-16	1.9244e-19	1.74722e-18	4.09119e-18	7.16746e-18	9.45322e-18	1.31902e-17	1.93912e-17	2.65547e-17	3.42844e-17	4.08977e-17	4.74169e-17	5.59887e-17	6.84972e-17	8.17081e-17	9.4372e-17	1.02706e-16	1.09839e-16	1.12512e-16	1.13343e-16	1.13452e-16	1.13539e-16	1.13638e-16	1.13709e-16	1.13749e-16	1.1377e-16	1.13791e-16	1.13811e-16	1.13826e-16	1.13838e-16	1.13846e-16	1.13852e-16	1.13856e-16	1.13861e-16	1.13866e-16	1.13869e-16	1.13871e-16	1.13874e-16	1.13876e-16	1.13877e-16	1.1388e-16	1.13882e-16	1.13883e-16	1.13884e-16	1.13886e-16	1.13886e-16	1.13887e-16	1.13889e-16	1.13889e-16	1.1389e-16	1.1389e-16	1.13892e-16	1.13892e-16	1.13893e-16	1.13893e-16	1.13894e-16	1.13894e-16	1.13895e-16	1.13895e-16	1.13896e-16	1.13896e-16	1.13896e-16	1.13897e-16	1.13897e-16	1.13897e-16	1.13898e-16	1.13898e-16	1.13898e-16	1.13898e-16	1.13898e-16	1.13899e-16	1.13899e-16	1.13899e-16	1.13899e-16	1.139e-16	1.139e-16	1.139e-16	1.139e-16	1.139e-16	1.139e-16	1.139e-16	1.13901e-16	1.13901e-16	1.13901e-16	1.13901e-16	1.13901e-16	1.13901e-16	1.13901e-16	1.13901e-16	1.13901e-16	1.13901e-16
628.094	2.06979e-14	6.79475e-17	1.14904e-16	1.95789e-19	1.76715e-18	4.1241e-18	7.22316e-18	9.52836e-18	1.33025e-17	1.95713e-17	2.67929e-17	3.45811e-17	4.12502e-17	4.7844e-17	5.65058e-17	6.91226e-17	8.24417e-17	9.51973e-17	1.03587e-16	1.10774e-16	1.13488e-16	1.14336e-16	1.14447e-16	1.14535e-16	1.14633e-16	1.14708e-16	1.1475e-16	1.14772e-16	1.14792e-16	1.14813e-16	1.14828e-16	1.14841e-16	1.14848e-16	1.14855e-16	1.14859e-16	1.14863e-16	1.14868e-16	1.14872e-16	1.14874e-16	1.14877e-16	1.14879e-16	1.1488e-16	1.14883e-16	1.14884e-16	1.14885e-16	1.14887e-16	1.14888e-16	1.14889e-16	1.1489e-16	1.14891e-16	1.14892e-16	1.14893e-16	1.14893e-16	1.14894e-16	1.14895e-16	1.14895e-16	1.14896e-16	1.14897e-16	1.14897e-16	1.14897e-16	1.14898e-16	1.14898e-16	1.14899e-16	1.14899e-16	1.14899e-16	1.149e-16	1.149e-16	1.149e-16	1.149e-16	1.14901e-16	1.14901e-16	1.14901e-16	1.14901e-16	1.14902e-16	1.14902e-16	1.14902e-16	1.14902e-16	1.14903e-16	1.14903e-16	1.14903e-16	1.14903e-16	1.14903e-16	1.14903e-16	1.14903e-16	1.14904e-16	1.14904e-16	1.14904e-16	1.14904e-16	1.14904e-16	1.14904e-16	1.14904e-16	1.14904e-16	1.14904e-16
631.104	2.0698e-14	6.86396e-17	1.1591e-16	1.99159e-19	1.78712e-18	4.15671e-18	7.27791e-18	9.60223e-18	1.34135e-17	1.97508e-17	2.70304e-17	3.48759e-17	4.16005e-17	4.82694e-17	5.70239e-17	6.97501e-17	8.31776e-17	9.60258e-17	1.04474e-16	1.11713e-16	1.14468e-16	1.15332e-16	1.15445e-16	1.15534e-16	1.15632e-16	1.1571e-16	1.15754e-16	1.15777e-16	1.15797e-16	1.15818e-16	1.15833e-16	1.15846e-16	1.15854e-16	1.1586e-16	1.15865e-16	1.15869e-16	1.15874e-16	1.15877e-16	1.1588e-16	1.15883e-16	1.15885e-16	1.15886e-16	1.15889e-16	1.1589e-16	1.15892e-16	1.15893e-16	1.15894e-16	1.15895e-16	1.15896e-16	1.15897e-16	1.15898e-16	1.15899e-16	1.15899e-16	1.159e-16	1.15901e-16	1.15902e-16	1.15902e-16	1.15903e-16	1.15903e-16	1.15904e-16	1.15904e-16	1.15904e-16	1.15905e-16	1.15905e-16	1.15906e-16	1.15906e-16	1.15906e-16	1.15906e-16	1.15906e-16	1.15907e-16	1.15907e-16	1.15907e-16	1.15908e-16	1.15908e-16	1.15908e-16	1.15908e-16	1.15908e-16	1.15909e-16	1.15909e-16	1.15909e-16	1.15909e-16	1.15909e-16	1.15909e-16	1.1591e-16	1.1591e-16	1.1591e-16	1.1591e-16	1.1591e-16	1.1591e-16	1.1591e-16	1.1591e-16	1.1591e-16	1.1591e-16
634.114	2.0698e-14	6.93305e-17	1.16926e-16	2.02562e-19	1.8073e-18	4.18944e-18	7.33243e-18	9.67573e-18	1.35246e-17	1.99314e-17	2.72696e-17	3.51717e-17	4.19518e-17	4.86967e-17	5.75472e-17	7.03844e-17	8.39208e-17	9.68628e-17	1.05371e-16	1.12662e-16	1.15457e-16	1.16337e-16	1.16452e-16	1.16542e-16	1.1664e-16	1.16721e-16	1.16768e-16	1.16791e-16	1.16812e-16	1.16832e-16	1.16848e-16	1.16861e-16	1.16869e-16	1.16876e-16	1.1688e-16	1.16884e-16	1.1689e-16	1.16893e-16	1.16895e-16	1.16898e-16	1.169e-16	1.16902e-16	1.16904e-16	1.16905e-16	1.16907e-16	1.16908e-16	1.16909e-16	1.16911e-16	1.16912e-16	1.16913e-16	1.16913e-16	1.16914e-16	1.16915e-16	1.16916e-16	1.16916e-16	1.16917e-16	1.16918e-16	1.16918e-16	1.16918e-16	1.16919e-16	1.1692e-16	1.1692e-16	1.1692e-16	1.16921e-16	1.16921e-16	1.16921e-16	1.16922e-16	1.16922e-16	1.16922e-16	1.16923e-16	1.16923e-16	1.16923e-16	1.16923e-16	1.16923e-16	1.16924e-16	1.16924e-16	1.16924e-16	1.16924e-16	1.16924e-16	1.16924e-16	1.16925e-16	1.16925e-16	1.16925e-16	1.16925e-16	1.16925e-16	1.16925e-16	1.16925e-16	1.16926e-16	1.16926e-16	1.16926e-16	1.16926e-16	1.16926e-16	1.16926e-16
637.124	2.06981e-14	7.00228e-17	1.17956e-16	2.06004e-19	1.82782e-18	4.22266e-18	7.38735e-18	9.74965e-18	1.36368e-17	2.01147e-17	2.75124e-17	3.54711e-17	4.2307e-17	4.91288e-17	5.8079e-17	7.10296e-17	8.46754e-17	9.77123e-17	1.06284e-16	1.13625e-16	1.1646e-16	1.17357e-16	1.17474e-16	1.17564e-16	1.17662e-16	1.17746e-16	1.17796e-16	1.1782e-16	1.17841e-16	1.17861e-16	1.17877e-16	1.1789e-16	1.17899e-16	1.17905e-16	1.17909e-16	1.17914e-16	1.17919e-16	1.17922e-16	1.17925e-16	1.17928e-16	1.17929e-16	1.17932e-16	1.17934e-16	1.17935e-16	1.17937e-16	1.17938e-16	1.17939e-16	1.1794e-16	1.17942e-16	1.17942e-16	1.17943e-16	1.17944e-16	1.17945e-16	1.17946e-16	1.17946e-16	1.17947e-16	1.17947e-16	1.17948e-16	1.17948e-16	1.17949e-16	1.1795e-16	1.1795e-16	1.1795e-16	1.17951e-16	1.17951e-16	1.17951e-16	1.17952e-16	1.17952e-16	1.17952e-16	1.17952e-16	1.17953e-16	1.17953e-16	1.17953e-16	1.17953e-16	1.17954e-16	1.17954e-16	1.17954e-16	1.17954e-16	1.17954e-16	1.17954e-16	1.17954e-16	1.17955e-16	1.17955e-16	1.17955e-16	1.17955e-16	1.17955e-16	1.17955e-16	1.17956e-16	1.17956e-16	1.17956e-16	1.17956e-16	1.17956e-16	1.17956e-16
640.134	2.06981e-14	7.07182e-17	1.19003e-16	2.09492e-19	1.84876e-18	4.25666e-18	7.44319e-18	9.82465e-18	1.37511e-17	2.03018e-17	2.77604e-17	3.57759e-17	4.26684e-17	4.95682e-17	5.8622e-17	7.16887e-17	8.54447e-17	9.85773e-17	1.07214e-16	1.14607e-16	1.17481e-16	1.18395e-16	1.18514e-16	1.18604e-16	1.18702e-16	1.18789e-16	1.18842e-16	1.18867e-16	1.18887e-16	1.18908e-16	1.18924e-16	1.18936e-16	1.18947e-16	1.18953e-16	1.18957e-16	1.18962e-16	1.18966e-16	1.18969e-16	1.18973e-16	1.18975e-16	1.18977e-16	1.1898e-16	1.18981e-16	1.18983e-16	1.18985e-16	1.18986e-16	1.18987e-16	1.18988e-16	1.18989e-16	1.1899e-16	1.18991e-16	1.18992e-16	1.18993e-16	1.18993e-16	1.18994e-16	1.18995e-16	1.18995e-16	1.18996e-16	1.18996e-16	1.18997e-16	1.18997e-16	1.18998e-16	1.18998e-16	1.18998e-16	1.18999e-16	1.18999e-16	1.18999e-16	1.19e-16	1.19e-16	1.19e-16	1.19001e-16	1.19001e-16	1.19001e-16	1.19001e-16	1.19001e-16	1.19001e-16	1.19002e-16	1.19002e-16	1.19002e-16	1.19002e-16	1.19002e-16	1.19002e-16	1.19003e-16	1.19003e-16	1.19003e-16	1.19003e-16	1.19003e-16	1.19003e-16	1.19003e-16	1.19003e-16	1.19003e-16	1.19003e-16	1.19003e-16
643.144	2.06982e-14	7.14176e-17	1.20071e-16	2.13025e-19	1.87021e-18	4.29169e-18	7.50036e-18	9.90126e-18	1.38681e-17	2.04937e-17	2.80149e-17	3.60878e-17	4.30377e-17	5.00165e-17	5.91779e-17	7.23638e-17	8.62306e-17	9.94596e-17	1.08164e-16	1.15609e-16	1.18521e-16	1.19452e-16	1.19573e-16	1.19664e-16	1.19762e-16	1.19852e-16	1.19907e-16	1.19933e-16	1.19954e-16	1.19974e-16	1.19991e-16	1.20003e-16	1.20014e-16	1.2002e-16	1.20024e-16	1.20029e-16	1.20034e-16	1.20036e-16	1.20041e-16	1.20043e-16	1.20044e-16	1.20047e-16	1.20049e-16	1.2005e-16	1.20053e-16	1.20054e-16	1.20054e-16	1.20056e-16	1.20057e-16	1.20058e-16	1.20058e-16	1.2006e-16	1.2006e-16	1.20061e-16	1.20062e-16	1.20063e-16	1.20063e-16	1.20064e-16	1.20064e-16	1.20065e-16	1.20065e-16	1.20065e-16	1.20066e-16	1.20066e-16	1.20067e-16	1.20067e-16	1.20067e-16	1.20068e-16	1.20068e-16	1.20068e-16	1.20068e-16	1.20068e-16	1.20069e-16	1.20069e-16	1.20069e-16	1.20069e-16	1.20069e-16	1.2007e-16	1.2007e-16	1.2007e-16	1.2007e-16	1.2007e-16	1.2007e-16	1.20071e-16	1.20071e-16	1.20071e-16	1.20071e-16	1.20071e-16	1.20071e-16	1.20071e-16	1.20071e-16	1.20071e-16	1.20071e-16
646.154	2.06983e-14	7.21211e-17	1.21159e-16	2.16601e-19	1.8922e-18	4.32793e-18	7.55921e-18	9.97989e-18	1.39883e-17	2.06909e-17	2.82766e-17	3.64077e-17	4.34159e-17	5.04747e-17	5.97477e-17	7.3056e-17	8.70341e-17	1.0036e-16	1.09133e-16	1.16632e-16	1.19581e-16	1.20531e-16	1.20653e-16	1.20744e-16	1.20844e-16	1.20935e-16	1.20993e-16	1.2102e-16	1.21041e-16	1.21062e-16	1.21078e-16	1.2109e-16	1.21102e-16	1.21107e-16	1.21111e-16	1.21117e-16	1.21121e-16	1.21124e-16	1.21129e-16	1.21131e-16	1.21132e-16	1.21135e-16	1.21137e-16	1.21138e-16	1.21141e-16	1.21142e-16	1.21143e-16	1.21144e-16	1.21145e-16	1.21146e-16	1.21146e-16	1.21148e-16	1.21148e-16	1.21149e-16	1.2115e-16	1.21151e-16	1.21151e-16	1.21152e-16	1.21152e-16	1.21153e-16	1.21153e-16	1.21154e-16	1.21154e-16	1.21154e-16	1.21155e-16	1.21155e-16	1.21155e-16	1.21156e-16	1.21156e-16	1.21156e-16	1.21156e-16	1.21156e-16	1.21157e-16	1.21157e-16	1.21157e-16	1.21158e-16	1.21158e-16	1.21158e-16	1.21158e-16	1.21158e-16	1.21158e-16	1.21158e-16	1.21159e-16	1.21159e-16	1.21159e-16	1.21159e-16	1.21159e-16	1.21159e-16	1.21159e-16	1.21159e-16	1.21159e-16	1.21159e-16	1.21159e-16
649.164	2.06983e-14	7.28283e-17	1.22267e-16	2.20214e-19	1.91473e-18	4.36549e-18	7.61993e-18	1.00608e-17	1.4112e-17	2.08937e-17	2.8546e-17	3.67362e-17	4.38036e-17	5.09433e-17	6.03315e-17	7.37656e-17	8.78553e-17	1.01278e-16	1.10121e-16	1.17674e-16	1.2066e-16	1.21629e-16	1.21753e-16	1.21844e-16	1.21945e-16	1.22038e-16	1.22098e-16	1.22127e-16	1.22147e-16	1.22168e-16	1.22185e-16	1.22197e-16	1.22209e-16	1.22215e-16	1.22219e-16	1.22225e-16	1.22229e-16	1.22231e-16	1.22236e-16	1.22238e-16	1.2224e-16	1.22243e-16	1.22245e-16	1.22246e-16	1.22248e-16	1.22249e-16	1.2225e-16	1.22252e-16	1.22253e-16	1.22254e-16	1.22254e-16	1.22256e-16	1.22256e-16	1.22257e-16	1.22258e-16	1.22258e-16	1.22259e-16	1.2226e-16	1.2226e-16	1.2226e-16	1.22261e-16	1.22262e-16	1.22262e-16	1.22262e-16	1.22262e-16	1.22263e-16	1.22263e-16	1.22264e-16	1.22264e-16	1.22264e-16	1.22264e-16	1.22264e-16	1.22265e-16	1.22265e-16	1.22265e-16	1.22265e-16	1.22266e-16	1.22266e-16	1.22266e-16	1.22266e-16	1.22266e-16	1.22266e-16	1.22267e-16	1.22267e-16	1.22267e-16	1.22267e-16	1.22267e-16	1.22267e-16	1.22267e-16	1.22267e-16	1.22267e-16	1.22267e-16	1.22267e-16
652.174	2.06984e-14	7.35376e-17	1.23393e-16	2.23853e-19	1.93779e-18	4.40442e-18	7.68264e-18	1.01441e-17	1.42395e-17	2.11022e-17	2.8823e-17	3.70733e-17	4.42008e-17	5.14221e-17	6.09289e-17	7.44917e-17	8.86929e-17	1.02211e-16	1.11126e-16	1.18735e-16	1.21757e-16	1.22744e-16	1.22871e-16	1.22962e-16	1.23064e-16	1.23158e-16	1.23221e-16	1.23251e-16	1.23271e-16	1.23292e-16	1.23309e-16	1.23321e-16	1.23334e-16	1.2334e-16	1.23343e-16	1.2335e-16	1.23354e-16	1.23356e-16	1.23361e-16	1.23364e-16	1.23365e-16	1.23368e-16	1.2337e-16	1.23371e-16	1.23374e-16	1.23375e-16	1.23376e-16	1.23377e-16	1.23378e-16	1.23379e-16	1.2338e-16	1.23381e-16	1.23381e-16	1.23383e-16	1.23383e-16	1.23384e-16	1.23384e-16	1.23385e-16	1.23385e-16	1.23386e-16	1.23386e-16	1.23387e-16	1.23387e-16	1.23388e-16	1.23388e-16	1.23388e-16	1.23389e-16	1.23389e-16	1.23389e-16	1.23389e-16	1.2339e-16	1.2339e-16	1.2339e-16	1.23391e-16	1.23391e-16	1.23391e-16	1.23391e-16	1.23391e-16	1.23391e-16	1.23391e-16	1.23391e-16	1.23392e-16	1.23392e-16	1.23392e-16	1.23392e-16	1.23392e-16	1.23392e-16	1.23393e-16	1.23393e-16	1.23393e-16	1.23393e-16	1.23393e-16	1.23393e-16
655.184	2.06984e-14	7.42473e-17	1.24532e-16	2.27508e-19	1.96133e-18	4.4447e-18	7.74735e-18	1.02297e-17	1.43705e-17	2.13161e-17	2.91072e-17	3.74185e-17	4.46069e-17	5.19102e-17	6.15385e-17	7.52326e-17	8.9545e-17	1.03158e-16	1.12144e-16	1.19811e-16	1.22867e-16	1.23874e-16	1.24003e-16	1.24094e-16	1.24198e-16	1.24293e-16	1.24358e-16	1.24389e-16	1.2441e-16	1.24431e-16	1.24448e-16	1.24459e-16	1.24473e-16	1.24479e-16	1.24482e-16	1.24489e-16	1.24493e-16	1.24496e-16	1.24501e-16	1.24503e-16	1.24504e-16	1.24507e-16	1.24509e-16	1.24511e-16	1.24513e-16	1.24514e-16	1.24515e-16	1.24516e-16	1.24517e-16	1.24519e-16	1.24519e-16	1.2452e-16	1.24521e-16	1.24522e-16	1.24523e-16	1.24523e-16	1.24524e-16	1.24525e-16	1.24525e-16	1.24525e-16	1.24526e-16	1.24526e-16	1.24527e-16	1.24527e-16	1.24527e-16	1.24528e-16	1.24528e-16	1.24529e-16	1.24529e-16	1.24529e-16	1.24529e-16	1.24529e-16	1.2453e-16	1.2453e-16	1.2453e-16	1.2453e-16	1.24531e-16	1.24531e-16	1.24531e-16	1.24531e-16	1.24531e-16	1.24531e-16	1.24532e-16	1.24532e-16	1.24532e-16	1.24532e-16	1.24532e-16	1.24532e-16	1.24532e-16	1.24532e-16	1.24532e-16	1.24532e-16	1.24532e-16
658.194	2.06985e-14	7.49546e-17	1.25682e-16	2.31161e-19	1.98526e-18	4.48626e-18	7.81399e-18	1.03177e-17	1.45049e-17	2.15348e-17	2.9398e-17	3.7771e-17	4.50209e-17	5.24062e-17	6.21584e-17	7.59862e-17	9.04088e-17	1.04114e-16	1.13172e-16	1.20898e-16	1.23988e-16	1.25014e-16	1.25146e-16	1.25237e-16	1.25342e-16	1.25438e-16	1.25505e-16	1.25537e-16	1.25558e-16	1.25579e-16	1.25596e-16	1.25607e-16	1.25622e-16	1.25628e-16	1.25631e-16	1.25638e-16	1.25642e-16	1.25645e-16	1.25649e-16	1.25652e-16	1.25654e-16	1.25656e-16	1.25658e-16	1.2566e-16	1.25662e-16	1.25663e-16	1.25665e-16	1.25666e-16	1.25666e-16	1.25668e-16	1.25669e-16	1.2567e-16	1.2567e-16	1.25672e-16	1.25672e-16	1.25672e-16	1.25673e-16	1.25674e-16	1.25674e-16	1.25675e-16	1.25675e-16	1.25676e-16	1.25676e-16	1.25676e-16	1.25677e-16	1.25677e-16	1.25678e-16	1.25678e-16	1.25678e-16	1.25678e-16	1.25679e-16	1.25679e-16	1.25679e-16	1.25679e-16	1.2568e-16	1.2568e-16	1.2568e-16	1.2568e-16	1.2568e-16	1.2568e-16	1.25681e-16	1.25681e-16	1.25681e-16	1.25681e-16	1.25681e-16	1.25681e-16	1.25681e-16	1.25682e-16	1.25682e-16	1.25682e-16	1.25682e-16	1.25682e-16	1.25682e-16
661.204	2.06985e-14	7.56566e-17	1.26835e-16	2.34796e-19	2.0095e-18	4.52898e-18	7.88241e-18	1.04078e-17	1.46424e-17	2.17578e-17	2.96943e-17	3.81297e-17	4.54414e-17	5.29084e-17	6.27862e-17	7.67493e-17	9.12808e-17	1.05076e-16	1.14203e-16	1.2199e-16	1.25112e-16	1.26159e-16	1.26293e-16	1.26384e-16	1.2649e-16	1.26588e-16	1.26657e-16	1.26689e-16	1.2671e-16	1.26731e-16	1.26749e-16	1.2676e-16	1.26775e-16	1.26781e-16	1.26784e-16	1.26791e-16	1.26795e-16	1.26798e-16	1.26803e-16	1.26806e-16	1.26807e-16	1.2681e-16	1.26812e-16	1.26814e-16	1.26815e-16	1.26817e-16	1.26819e-16	1.26819e-16	1.2682e-16	1.26822e-16	1.26823e-16	1.26823e-16	1.26824e-16	1.26825e-16	1.26826e-16	1.26826e-16	1.26827e-16	1.26828e-16	1.26828e-16	1.26829e-16	1.26829e-16	1.2683e-16	1.2683e-16	1.2683e-16	1.26831e-16	1.26831e-16	1.26831e-16	1.26832e-16	1.26832e-16	1.26832e-16	1.26833e-16	1.26833e-16	1.26833e-16	1.26833e-16	1.26833e-16	1.26833e-16	1.26834e-16	1.26834e-16	1.26834e-16	1.26834e-16	1.26834e-16	1.26835e-16	1.26835e-16	1.26835e-16	1.26835e-16	1.26835e-16	1.26835e-16	1.26835e-16	1.26835e-16	1.26835e-16	1.26835e-16	1.26835e-16	1.26835e-16
664.214	2.06986e-14	7.635e-17	1.27988e-16	2.38393e-19	2.03392e-18	4.57269e-18	7.95236e-18	1.04996e-17	1.47823e-17	2.19839e-17	2.99948e-17	3.8493e-17	4.58667e-17	5.34146e-17	6.34188e-17	7.75182e-17	9.21567e-17	1.06038e-16	1.15234e-16	1.23081e-16	1.26235e-16	1.27303e-16	1.27439e-16	1.2753e-16	1.27638e-16	1.27736e-16	1.27807e-16	1.27839e-16	1.27861e-16	1.27882e-16	1.279e-16	1.27911e-16	1.27926e-16	1.27933e-16	1.27936e-16	1.27943e-16	1.27947e-16	1.2795e-16	1.27954e-16	1.27958e-16	1.27959e-16	1.27962e-16	1.27964e-16	1.27966e-16	1.27967e-16	1.27969e-16	1.27971e-16	1.27971e-16	1.27972e-16	1.27974e-16	1.27975e-16	1.27975e-16	1.27976e-16	1.27977e-16	1.27978e-16	1.27979e-16	1.27979e-16	1.2798e-16	1.2798e-16	1.27981e-16	1.27981e-16	1.27982e-16	1.27982e-16	1.27982e-16	1.27983e-16	1.27983e-16	1.27984e-16	1.27984e-16	1.27984e-16	1.27985e-16	1.27985e-16	1.27985e-16	1.27985e-16	1.27985e-16	1.27986e-16	1.27986e-16	1.27986e-16	1.27986e-16	1.27987e-16	1.27987e-16	1.27987e-16	1.27987e-16	1.27987e-16	1.27987e-16	1.27987e-16	1.27987e-16	1.27988e-16	1.27988e-16	1.27988e-16	1.27988e-16	1.27988e-16	1.27988e-16	1.27988e-16
667.224	2.06986e-14	7.7031e-17	1.29132e-16	2.4193e-19	2.05839e-18	4.61719e-18	8.02356e-18	1.05929e-17	1.49242e-17	2.22121e-17	3.02981e-17	3.88592e-17	4.62945e-17	5.39224e-17	6.40531e-17	7.8289e-17	9.30319e-17	1.06996e-16	1.16258e-16	1.24166e-16	1.27351e-16	1.28438e-16	1.28578e-16	1.28668e-16	1.28777e-16	1.28876e-16	1.28948e-16	1.28982e-16	1.29003e-16	1.29024e-16	1.29043e-16	1.29054e-16	1.29069e-16	1.29076e-16	1.2908e-16	1.29086e-16	1.29091e-16	1.29094e-16	1.29098e-16	1.29102e-16	1.29103e-16	1.29105e-16	1.29108e-16	1.2911e-16	1.29111e-16	1.29112e-16	1.29114e-16	1.29115e-16	1.29116e-16	1.29118e-16	1.29118e-16	1.29119e-16	1.2912e-16	1.29121e-16	1.29122e-16	1.29123e-16	1.29123e-16	1.29124e-16	1.29124e-16	1.29125e-16	1.29125e-16	1.29126e-16	1.29126e-16	1.29126e-16	1.29127e-16	1.29127e-16	1.29127e-16	1.29128e-16	1.29128e-16	1.29128e-16	1.29129e-16	1.29129e-16	1.29129e-16	1.29129e-16	1.2913e-16	1.2913e-16	1.2913e-16	1.2913e-16	1.2913e-16	1.29131e-16	1.29131e-16	1.29131e-16	1.29131e-16	1.29131e-16	1.29131e-16	1.29131e-16	1.29132e-16	1.29132e-16	1.29132e-16	1.29132e-16	1.29132e-16	1.29132e-16	1.29132e-16
670.234	2.06987e-14	7.76958e-17	1.3026e-16	2.45388e-19	2.08276e-18	4.66223e-18	8.09566e-18	1.06871e-17	1.50673e-17	2.24413e-17	3.06026e-17	3.92262e-17	4.67227e-17	5.44289e-17	6.46853e-17	7.90572e-17	9.39013e-17	1.07943e-16	1.17268e-16	1.25238e-16	1.28452e-16	1.29559e-16	1.29701e-16	1.29791e-16	1.29901e-16	1.30001e-16	1.30075e-16	1.30108e-16	1.3013e-16	1.30152e-16	1.3017e-16	1.30182e-16	1.30196e-16	1.30204e-16	1.30208e-16	1.30214e-16	1.30219e-16	1.30223e-16	1.30226e-16	1.3023e-16	1.30232e-16	1.30233e-16	1.30236e-16	1.30238e-16	1.3024e-16	1.30241e-16	1.30243e-16	1.30244e-16	1.30245e-16	1.30246e-16	1.30247e-16	1.30248e-16	1.30249e-16	1.3025e-16	1.3025e-16	1.30251e-16	1.30252e-16	1.30252e-16	1.30252e-16	1.30254e-16	1.30254e-16	1.30254e-16	1.30254e-16	1.30255e-16	1.30256e-16	1.30256e-16	1.30256e-16	1.30256e-16	1.30257e-16	1.30257e-16	1.30258e-16	1.30258e-16	1.30258e-16	1.30258e-16	1.30258e-16	1.30258e-16	1.30259e-16	1.30259e-16	1.30259e-16	1.30259e-16	1.30259e-16	1.30259e-16	1.3026e-16	1.3026e-16	1.3026e-16	1.3026e-16	1.3026e-16	1.3026e-16	1.3026e-16	1.3026e-16	1.3026e-16	1.3026e-16	1.3026e-16
673.244	2.06987e-14	7.83404e-17	1.31367e-16	2.48742e-19	2.10689e-18	4.70754e-18	8.16828e-18	1.07818e-17	1.52108e-17	2.26701e-17	3.09063e-17	3.95919e-17	4.71488e-17	5.49312e-17	6.53117e-17	7.9818e-17	9.47597e-17	1.08875e-16	1.18257e-16	1.26289e-16	1.29531e-16	1.30657e-16	1.30803e-16	1.30892e-16	1.31003e-16	1.31104e-16	1.31179e-16	1.31212e-16	1.31235e-16	1.31256e-16	1.31275e-16	1.31287e-16	1.31301e-16	1.3131e-16	1.31314e-16	1.31319e-16	1.31324e-16	1.31328e-16	1.31332e-16	1.31336e-16	1.31338e-16	1.31339e-16	1.31342e-16	1.31344e-16	1.31346e-16	1.31347e-16	1.31349e-16	1.3135e-16	1.31351e-16	1.31352e-16	1.31353e-16	1.31354e-16	1.31355e-16	1.31356e-16	1.31356e-16	1.31357e-16	1.31358e-16	1.31358e-16	1.31358e-16	1.3136e-16	1.3136e-16	1.3136e-16	1.31361e-16	1.31361e-16	1.31362e-16	1.31362e-16	1.31362e-16	1.31363e-16	1.31363e-16	1.31363e-16	1.31363e-16	1.31364e-16	1.31364e-16	1.31364e-16	1.31364e-16	1.31364e-16	1.31365e-16	1.31365e-16	1.31365e-16	1.31365e-16	1.31365e-16	1.31366e-16	1.31366e-16	1.31366e-16	1.31366e-16	1.31366e-16	1.31366e-16	1.31367e-16	1.31367e-16	1.31367e-16	1.31367e-16	1.31367e-16	1.31367e-16
676.254	2.06988e-14	7.8961e-17	1.32443e-16	2.51972e-19	2.13059e-18	4.75285e-18	8.241e-18	1.08764e-17	1.5354e-17	2.28972e-17	3.12075e-17	3.99541e-17	4.75701e-17	5.54264e-17	6.59285e-17	8.05668e-17	9.56016e-17	1.09784e-16	1.1922e-16	1.27311e-16	1.3058e-16	1.31726e-16	1.31875e-16	1.31963e-16	1.32075e-16	1.32177e-16	1.32253e-16	1.32286e-16	1.3231e-16	1.3233e-16	1.32349e-16	1.32362e-16	1.32376e-16	1.32385e-16	1.32389e-16	1.32394e-16	1.324e-16	1.32404e-16	1.32407e-16	1.32412e-16	1.32413e-16	1.32415e-16	1.32418e-16	1.3242e-16	1.32422e-16	1.32423e-16	1.32424e-16	1.32426e-16	1.32427e-16	1.32428e-16	1.32428e-16	1.3243e-16	1.32431e-16	1.32431e-16	1.32432e-16	1.32433e-16	1.32434e-16	1.32434e-16	1.32434e-16	1.32436e-16	1.32436e-16	1.32436e-16	1.32437e-16	1.32437e-16	1.32438e-16	1.32438e-16	1.32438e-16	1.32439e-16	1.32439e-16	1.32439e-16	1.32439e-16	1.3244e-16	1.3244e-16	1.3244e-16	1.3244e-16	1.32441e-16	1.32441e-16	1.32441e-16	1.32441e-16	1.32441e-16	1.32441e-16	1.32442e-16	1.32442e-16	1.32442e-16	1.32442e-16	1.32442e-16	1.32442e-16	1.32443e-16	1.32443e-16	1.32443e-16	1.32443e-16	1.32443e-16	1.32443e-16
679.264	2.06988e-14	7.95535e-17	1.33481e-16	2.55055e-19	2.15372e-18	4.79783e-18	8.31337e-18	1.09704e-17	1.54959e-17	2.3121e-17	3.15042e-17	4.03105e-17	4.79841e-17	5.59114e-17	6.65316e-17	8.12984e-17	9.64215e-17	1.10664e-16	1.2015e-16	1.28299e-16	1.31594e-16	1.32757e-16	1.3291e-16	1.32998e-16	1.3311e-16	1.33213e-16	1.3329e-16	1.33323e-16	1.33347e-16	1.33368e-16	1.33386e-16	1.334e-16	1.33414e-16	1.33423e-16	1.33428e-16	1.33432e-16	1.33438e-16	1.33443e-16	1.33445e-16	1.3345e-16	1.33452e-16	1.33454e-16	1.33456e-16	1.33458e-16	1.3346e-16	1.33461e-16	1.33463e-16	1.33464e-16	1.33465e-16	1.33466e-16	1.33467e-16	1.33469e-16	1.33469e-16	1.3347e-16	1.33471e-16	1.33472e-16	1.33472e-16	1.33473e-16	1.33473e-16	1.33474e-16	1.33475e-16	1.33475e-16	1.33475e-16	1.33476e-16	1.33476e-16	1.33476e-16	1.33477e-16	1.33477e-16	1.33478e-16	1.33478e-16	1.33478e-16	1.33478e-16	1.33479e-16	1.33479e-16	1.33479e-16	1.33479e-16	1.3348e-16	1.3348e-16	1.3348e-16	1.3348e-16	1.3348e-16	1.3348e-16	1.33481e-16	1.33481e-16	1.33481e-16	1.33481e-16	1.33481e-16	1.33481e-16	1.33481e-16	1.33481e-16	1.33481e-16	1.33481e-16	1.33481e-16
682.274	2.06989e-14	8.01142e-17	1.34476e-16	2.5797e-19	2.17611e-18	4.8422e-18	8.38494e-18	1.10633e-17	1.56358e-17	2.33403e-17	3.17944e-17	4.06588e-17	4.83879e-17	5.6383e-17	6.71171e-17	8.20082e-17	9.72138e-17	1.11511e-16	1.21039e-16	1.29244e-16	1.32564e-16	1.33745e-16	1.339e-16	1.33988e-16	1.341e-16	1.34204e-16	1.34282e-16	1.34315e-16	1.3434e-16	1.3436e-16	1.34379e-16	1.34394e-16	1.34407e-16	1.34417e-16	1.34421e-16	1.34426e-16	1.34432e-16	1.34436e-16	1.34439e-16	1.34444e-16	1.34445e-16	1.34448e-16	1.3445e-16	1.34452e-16	1.34454e-16	1.34455e-16	1.34457e-16	1.34458e-16	1.3446e-16	1.3446e-16	1.34461e-16	1.34463e-16	1.34463e-16	1.34464e-16	1.34465e-16	1.34466e-16	1.34466e-16	1.34467e-16	1.34467e-16	1.34468e-16	1.34469e-16	1.34469e-16	1.3447e-16	1.3447e-16	1.3447e-16	1.34471e-16	1.34471e-16	1.34472e-16	1.34472e-16	1.34472e-16	1.34472e-16	1.34472e-16	1.34473e-16	1.34473e-16	1.34473e-16	1.34474e-16	1.34474e-16	1.34474e-16	1.34474e-16	1.34474e-16	1.34474e-16	1.34475e-16	1.34475e-16	1.34475e-16	1.34475e-16	1.34475e-16	1.34475e-16	1.34476e-16	1.34476e-16	1.34476e-16	1.34476e-16	1.34476e-16	1.34476e-16
685.284	2.06989e-14	8.06394e-17	1.35418e-16	2.60699e-19	2.1976e-18	4.88563e-18	8.45524e-18	1.11544e-17	1.57728e-17	2.35535e-17	3.20762e-17	4.09965e-17	4.8779e-17	5.68384e-17	6.76812e-17	8.26912e-17	9.79733e-17	1.12317e-16	1.21882e-16	1.3014e-16	1.33484e-16	1.34681e-16	1.3484e-16	1.34928e-16	1.35039e-16	1.35144e-16	1.35223e-16	1.35256e-16	1.35281e-16	1.35301e-16	1.3532e-16	1.35336e-16	1.35349e-16	1.35359e-16	1.35363e-16	1.35368e-16	1.35374e-16	1.35378e-16	1.35382e-16	1.35386e-16	1.35388e-16	1.3539e-16	1.35392e-16	1.35394e-16	1.35397e-16	1.35398e-16	1.35399e-16	1.35401e-16	1.35402e-16	1.35403e-16	1.35403e-16	1.35405e-16	1.35406e-16	1.35407e-16	1.35407e-16	1.35409e-16	1.35409e-16	1.3541e-16	1.3541e-16	1.35411e-16	1.35411e-16	1.35412e-16	1.35412e-16	1.35413e-16	1.35413e-16	1.35413e-16	1.35414e-16	1.35414e-16	1.35415e-16	1.35415e-16	1.35415e-16	1.35415e-16	1.35416e-16	1.35416e-16	1.35416e-16	1.35416e-16	1.35417e-16	1.35417e-16	1.35417e-16	1.35417e-16	1.35417e-16	1.35417e-16	1.35418e-16	1.35418e-16	1.35418e-16	1.35418e-16	1.35418e-16	1.35418e-16	1.35418e-16	1.35418e-16	1.35418e-16	1.35418e-16	1.35418e-16
688.294	2.0699e-14	8.11259e-17	1.36303e-16	2.63222e-19	2.21804e-18	4.9278e-18	8.52381e-18	1.12432e-17	1.5906e-17	2.37594e-17	3.23477e-17	4.13214e-17	4.91547e-17	5.72745e-17	6.82202e-17	8.33429e-17	9.86948e-17	1.13078e-16	1.22673e-16	1.30981e-16	1.34348e-16	1.3556e-16	1.35722e-16	1.35809e-16	1.3592e-16	1.36026e-16	1.36106e-16	1.36139e-16	1.36164e-16	1.36184e-16	1.36203e-16	1.36219e-16	1.36233e-16	1.36243e-16	1.36248e-16	1.36252e-16	1.36258e-16	1.36262e-16	1.36266e-16	1.3627e-16	1.36272e-16	1.36275e-16	1.36277e-16	1.36278e-16	1.36282e-16	1.36283e-16	1.36284e-16	1.36285e-16	1.36287e-16	1.36288e-16	1.36288e-16	1.3629e-16	1.36291e-16	1.36292e-16	1.36292e-16	1.36293e-16	1.36294e-16	1.36295e-16	1.36295e-16	1.36295e-16	1.36296e-16	1.36297e-16	1.36297e-16	1.36297e-16	1.36298e-16	1.36298e-16	1.36299e-16	1.36299e-16	1.36299e-16	1.363e-16	1.363e-16	1.363e-16	1.363e-16	1.36301e-16	1.36301e-16	1.36301e-16	1.36301e-16	1.36302e-16	1.36302e-16	1.36302e-16	1.36302e-16	1.36302e-16	1.36302e-16	1.36303e-16	1.36303e-16	1.36303e-16	1.36303e-16	1.36303e-16	1.36303e-16	1.36303e-16	1.36303e-16	1.36303e-16	1.36303e-16
691.304	2.0699e-14	8.15706e-17	1.37124e-16	2.65524e-19	2.23727e-18	4.96842e-18	8.59019e-18	1.13291e-17	1.60345e-17	2.39565e-17	3.2607e-17	4.16314e-17	4.95127e-17	5.76887e-17	6.87307e-17	8.39589e-17	9.93733e-17	1.13788e-16	1.23407e-16	1.3176e-16	1.35148e-16	1.36375e-16	1.3654e-16	1.36627e-16	1.36736e-16	1.36843e-16	1.36924e-16	1.36957e-16	1.36984e-16	1.37003e-16	1.37022e-16	1.37039e-16	1.37052e-16	1.37063e-16	1.37067e-16	1.37072e-16	1.37078e-16	1.37082e-16	1.37087e-16	1.3709e-16	1.37092e-16	1.37095e-16	1.37097e-16	1.37098e-16	1.37102e-16	1.37103e-16	1.37104e-16	1.37106e-16	1.37107e-16	1.37108e-16	1.37109e-16	1.3711e-16	1.37111e-16	1.37112e-16	1.37113e-16	1.37113e-16	1.37114e-16	1.37115e-16	1.37116e-16	1.37116e-16	1.37116e-16	1.37117e-16	1.37118e-16	1.37118e-16	1.37118e-16	1.37119e-16	1.37119e-16	1.3712e-16	1.3712e-16	1.3712e-16	1.3712e-16	1.37121e-16	1.37121e-16	1.37121e-16	1.37121e-16	1.37121e-16	1.37122e-16	1.37122e-16	1.37122e-16	1.37122e-16	1.37122e-16	1.37123e-16	1.37123e-16	1.37123e-16	1.37123e-16	1.37123e-16	1.37123e-16	1.37124e-16	1.37124e-16	1.37124e-16	1.37124e-16	1.37124e-16	1.37124e-16
694.314	2.06991e-14	8.19705e-17	1.37874e-16	2.67589e-19	2.25516e-18	5.00719e-18	8.65392e-18	1.14116e-17	1.61576e-17	2.41436e-17	3.28525e-17	4.19243e-17	4.98504e-17	5.80781e-17	6.92092e-17	8.4535e-17	1.00004e-16	1.14442e-16	1.24077e-16	1.32471e-16	1.3588e-16	1.37121e-16	1.37289e-16	1.37376e-16	1.37483e-16	1.37591e-16	1.37673e-16	1.37706e-16	1.37733e-16	1.37753e-16	1.37771e-16	1.37789e-16	1.37802e-16	1.37813e-16	1.37818e-16	1.37822e-16	1.37828e-16	1.37832e-16	1.37837e-16	1.37841e-16	1.37842e-16	1.37846e-16	1.37848e-16	1.37849e-16	1.37853e-16	1.37854e-16	1.37855e-16	1.37856e-16	1.37858e-16	1.37859e-16	1.3786e-16	1.37861e-16	1.37861e-16	1.37863e-16	1.37864e-16	1.37864e-16	1.37865e-16	1.37866e-16	1.37866e-16	1.37867e-16	1.37867e-16	1.37868e-16	1.37868e-16	1.37869e-16	1.37869e-16	1.37869e-16	1.3787e-16	1.3787e-16	1.3787e-16	1.37871e-16	1.37871e-16	1.37871e-16	1.37872e-16	1.37872e-16	1.37872e-16	1.37872e-16	1.37873e-16	1.37873e-16	1.37873e-16	1.37873e-16	1.37873e-16	1.37873e-16	1.37874e-16	1.37874e-16	1.37874e-16	1.37874e-16	1.37874e-16	1.37874e-16	1.37874e-16	1.37874e-16	1.37874e-16	1.37874e-16	1.37874e-16
697.324	2.06991e-14	8.23232e-17	1.3855e-16	2.69405e-19	2.27158e-18	5.04382e-18	8.71459e-18	1.14901e-17	1.62746e-17	2.43195e-17	3.30824e-17	4.21982e-17	5.01658e-17	5.84405e-17	6.96528e-17	8.50675e-17	1.00583e-16	1.15037e-16	1.24681e-16	1.3311e-16	1.36539e-16	1.37792e-16	1.37963e-16	1.38049e-16	1.38155e-16	1.38264e-16	1.38347e-16	1.3838e-16	1.38408e-16	1.38427e-16	1.38446e-16	1.38463e-16	1.38478e-16	1.38488e-16	1.38493e-16	1.38498e-16	1.38503e-16	1.38507e-16	1.38513e-16	1.38516e-16	1.38518e-16	1.38522e-16	1.38523e-16	1.38525e-16	1.38528e-16	1.38529e-16	1.38531e-16	1.38532e-16	1.38533e-16	1.38535e-16	1.38536e-16	1.38537e-16	1.38537e-16	1.38539e-16	1.3854e-16	1.3854e-16	1.38541e-16	1.38542e-16	1.38542e-16	1.38543e-16	1.38543e-16	1.38544e-16	1.38544e-16	1.38545e-16	1.38545e-16	1.38545e-16	1.38546e-16	1.38546e-16	1.38546e-16	1.38547e-16	1.38547e-16	1.38547e-16	1.38548e-16	1.38548e-16	1.38548e-16	1.38548e-16	1.38549e-16	1.38549e-16	1.38549e-16	1.38549e-16	1.38549e-16	1.38549e-16	1.3855e-16	1.3855e-16	1.3855e-16	1.3855e-16	1.3855e-16	1.3855e-16	1.3855e-16	1.3855e-16	1.3855e-16	1.3855e-16	1.3855e-16
700.334	2.06992e-14	8.26266e-17	1.39147e-16	2.70962e-19	2.28643e-18	5.07805e-18	8.77177e-18	1.15641e-17	1.63846e-17	2.44832e-17	3.32953e-17	4.24512e-17	5.04566e-17	5.87736e-17	7.00587e-17	8.55528e-17	1.01107e-16	1.15567e-16	1.25213e-16	1.33672e-16	1.37119e-16	1.38384e-16	1.38557e-16	1.38644e-16	1.38748e-16	1.38857e-16	1.38941e-16	1.38974e-16	1.39003e-16	1.39022e-16	1.39041e-16	1.39058e-16	1.39073e-16	1.39084e-16	1.39088e-16	1.39094e-16	1.39099e-16	1.39103e-16	1.39109e-16	1.39113e-16	1.39114e-16	1.39118e-16	1.3912e-16	1.39121e-16	1.39124e-16	1.39126e-16	1.39127e-16	1.39129e-16	1.3913e-16	1.39132e-16	1.39132e-16	1.39133e-16	1.39134e-16	1.39136e-16	1.39136e-16	1.39137e-16	1.39137e-16	1.39138e-16	1.39139e-16	1.39139e-16	1.3914e-16	1.3914e-16	1.39141e-16	1.39141e-16	1.39142e-16	1.39142e-16	1.39142e-16	1.39143e-16	1.39143e-16	1.39143e-16	1.39144e-16	1.39144e-16	1.39144e-16	1.39144e-16	1.39145e-16	1.39145e-16	1.39145e-16	1.39145e-16	1.39146e-16	1.39146e-16	1.39146e-16	1.39146e-16	1.39146e-16	1.39147e-16	1.39147e-16	1.39147e-16	1.39147e-16	1.39147e-16	1.39147e-16	1.39147e-16	1.39147e-16	1.39147e-16	1.39147e-16
703.344	2.06992e-14	8.28787e-17	1.3966e-16	2.72251e-19	2.29959e-18	5.10962e-18	8.82508e-18	1.16332e-17	1.6487e-17	2.46336e-17	3.34897e-17	4.26817e-17	5.07211e-17	5.90752e-17	7.04245e-17	8.59878e-17	1.01571e-16	1.1603e-16	1.2567e-16	1.34153e-16	1.37617e-16	1.38893e-16	1.39068e-16	1.39155e-16	1.39257e-16	1.39367e-16	1.39452e-16	1.39486e-16	1.39514e-16	1.39534e-16	1.39552e-16	1.3957e-16	1.39586e-16	1.39596e-16	1.39601e-16	1.39607e-16	1.39612e-16	1.39615e-16	1.39622e-16	1.39625e-16	1.39627e-16	1.39631e-16	1.39633e-16	1.39634e-16	1.39637e-16	1.39639e-16	1.39641e-16	1.39642e-16	1.39643e-16	1.39645e-16	1.39645e-16	1.39646e-16	1.39647e-16	1.39649e-16	1.39649e-16	1.3965e-16	1.3965e-16	1.39651e-16	1.39652e-16	1.39652e-16	1.39653e-16	1.39653e-16	1.39654e-16	1.39654e-16	1.39655e-16	1.39655e-16	1.39656e-16	1.39656e-16	1.39656e-16	1.39657e-16	1.39657e-16	1.39657e-16	1.39657e-16	1.39658e-16	1.39658e-16	1.39658e-16	1.39658e-16	1.39659e-16	1.39659e-16	1.39659e-16	1.39659e-16	1.39659e-16	1.3966e-16	1.3966e-16	1.3966e-16	1.3966e-16	1.3966e-16	1.3966e-16	1.3966e-16	1.3966e-16	1.3966e-16	1.3966e-16	1.3966e-16
706.355	2.06993e-14	8.3078e-17	1.40087e-16	2.73265e-19	2.31098e-18	5.13831e-18	8.87415e-18	1.16969e-17	1.65813e-17	2.47697e-17	3.36644e-17	4.2888e-17	5.09574e-17	5.93436e-17	7.07479e-17	8.63698e-17	1.01973e-16	1.16422e-16	1.26049e-16	1.34549e-16	1.38029e-16	1.39315e-16	1.39493e-16	1.39579e-16	1.39679e-16	1.3979e-16	1.39876e-16	1.3991e-16	1.39939e-16	1.39959e-16	1.39977e-16	1.39995e-16	1.40012e-16	1.40022e-16	1.40026e-16	1.40033e-16	1.40038e-16	1.40041e-16	1.40048e-16	1.40052e-16	1.40053e-16	1.40057e-16	1.40059e-16	1.40061e-16	1.40063e-16	1.40065e-16	1.40067e-16	1.40068e-16	1.40069e-16	1.40071e-16	1.40072e-16	1.40072e-16	1.40073e-16	1.40075e-16	1.40075e-16	1.40076e-16	1.40077e-16	1.40078e-16	1.40078e-16	1.40079e-16	1.40079e-16	1.4008e-16	1.4008e-16	1.40081e-16	1.40081e-16	1.40082e-16	1.40082e-16	1.40082e-16	1.40082e-16	1.40083e-16	1.40083e-16	1.40084e-16	1.40084e-16	1.40084e-16	1.40084e-16	1.40084e-16	1.40085e-16	1.40085e-16	1.40085e-16	1.40085e-16	1.40085e-16	1.40086e-16	1.40086e-16	1.40086e-16	1.40086e-16	1.40086e-16	1.40086e-16	1.40087e-16	1.40087e-16	1.40087e-16	1.40087e-16	1.40087e-16	1.40087e-16
709.365	2.06993e-14	8.32233e-17	1.40423e-16	2.74001e-19	2.32053e-18	5.1639e-18	8.91864e-18	1.17548e-17	1.66667e-17	2.48908e-17	3.38182e-17	4.30689e-17	5.11642e-17	5.95772e-17	7.10271e-17	8.66964e-17	1.0231e-16	1.1674e-16	1.26347e-16	1.34858e-16	1.38352e-16	1.39647e-16	1.39828e-16	1.39913e-16	1.40011e-16	1.40123e-16	1.4021e-16	1.40245e-16	1.40275e-16	1.40294e-16	1.40313e-16	1.40331e-16	1.40348e-16	1.40358e-16	1.40362e-16	1.4037e-16	1.40374e-16	1.40377e-16	1.40384e-16	1.40388e-16	1.4039e-16	1.40393e-16	1.40396e-16	1.40397e-16	1.404e-16	1.40401e-16	1.40404e-16	1.40405e-16	1.40405e-16	1.40408e-16	1.40408e-16	1.40409e-16	1.4041e-16	1.40412e-16	1.40412e-16	1.40413e-16	1.40414e-16	1.40414e-16	1.40415e-16	1.40416e-16	1.40416e-16	1.40417e-16	1.40417e-16	1.40417e-16	1.40418e-16	1.40418e-16	1.40419e-16	1.40419e-16	1.40419e-16	1.4042e-16	1.4042e-16	1.4042e-16	1.40421e-16	1.40421e-16	1.40421e-16	1.40421e-16	1.40422e-16	1.40422e-16	1.40422e-16	1.40422e-16	1.40422e-16	1.40422e-16	1.40423e-16	1.40423e-16	1.40423e-16	1.40423e-16	1.40423e-16	1.40423e-16	1.40423e-16	1.40423e-16	1.40423e-16	1.40423e-16	1.40423e-16
712.375	2.06993e-14	8.33136e-17	1.40669e-16	2.74457e-19	2.32817e-18	5.18621e-18	8.95825e-18	1.18066e-17	1.67429e-17	2.49962e-17	3.39502e-17	4.32231e-17	5.13399e-17	5.97745e-17	7.12605e-17	8.69655e-17	1.0258e-16	1.16983e-16	1.26563e-16	1.35077e-16	1.38584e-16	1.39888e-16	1.40071e-16	1.40156e-16	1.40252e-16	1.40364e-16	1.40452e-16	1.40488e-16	1.40518e-16	1.40538e-16	1.40557e-16	1.40574e-16	1.40592e-16	1.40603e-16	1.40607e-16	1.40614e-16	1.40619e-16	1.40622e-16	1.40629e-16	1.40633e-16	1.40635e-16	1.40638e-16	1.4064e-16	1.40642e-16	1.40644e-16	1.40646e-16	1.40649e-16	1.4065e-16	1.4065e-16	1.40653e-16	1.40653e-16	1.40654e-16	1.40655e-16	1.40656e-16	1.40657e-16	1.40658e-16	1.40659e-16	1.40659e-16	1.40659e-16	1.40661e-16	1.40661e-16	1.40662e-16	1.40662e-16	1.40662e-16	1.40663e-16	1.40663e-16	1.40664e-16	1.40664e-16	1.40664e-16	1.40665e-16	1.40665e-16	1.40665e-16	1.40666e-16	1.40666e-16	1.40666e-16	1.40666e-16	1.40667e-16	1.40667e-16	1.40667e-16	1.40667e-16	1.40667e-16	1.40667e-16	1.40668e-16	1.40668e-16	1.40668e-16	1.40668e-16	1.40668e-16	1.40669e-16	1.40669e-16	1.40669e-16	1.40669e-16	1.40669e-16	1.40669e-16
715.385	2.06994e-14	8.33484e-17	1.4082e-16	2.74631e-19	2.33386e-18	5.20507e-18	8.99271e-18	1.18518e-17	1.68094e-17	2.50853e-17	3.40595e-17	4.33495e-17	5.14835e-17	5.99343e-17	7.14467e-17	8.71756e-17	1.0278e-16	1.17148e-16	1.26695e-16	1.35205e-16	1.38724e-16	1.40036e-16	1.4022e-16	1.40305e-16	1.40399e-16	1.40511e-16	1.40601e-16	1.40638e-16	1.40668e-16	1.40689e-16	1.40707e-16	1.40724e-16	1.40743e-16	1.40753e-16	1.40758e-16	1.40766e-16	1.4077e-16	1.40773e-16	1.4078e-16	1.40785e-16	1.40786e-16	1.40789e-16	1.40792e-16	1.40794e-16	1.40796e-16	1.40797e-16	1.408e-16	1.40801e-16	1.40802e-16	1.40804e-16	1.40805e-16	1.40806e-16	1.40807e-16	1.40808e-16	1.40808e-16	1.4081e-16	1.4081e-16	1.40811e-16	1.40811e-16	1.40812e-16	1.40813e-16	1.40813e-16	1.40814e-16	1.40814e-16	1.40815e-16	1.40815e-16	1.40815e-16	1.40816e-16	1.40816e-16	1.40816e-16	1.40817e-16	1.40817e-16	1.40817e-16	1.40818e-16	1.40818e-16	1.40818e-16	1.40818e-16	1.40818e-16	1.40819e-16	1.40819e-16	1.40819e-16	1.40819e-16	1.40819e-16	1.4082e-16	1.4082e-16	1.4082e-16	1.4082e-16	1.4082e-16	1.4082e-16	1.4082e-16	1.4082e-16	1.4082e-16	1.4082e-16
718.395	2.06994e-14	8.33274e-17	1.40877e-16	2.74527e-19	2.33756e-18	5.22035e-18	9.02175e-18	1.18902e-17	1.68657e-17	2.51575e-17	3.41455e-17	4.34474e-17	5.1594e-17	6.00556e-17	7.15848e-17	8.73253e-17	1.0291e-16	1.17235e-16	1.26741e-16	1.3524e-16	1.38769e-16	1.40088e-16	1.40274e-16	1.40359e-16	1.40451e-16	1.40564e-16	1.40654e-16	1.40693e-16	1.40723e-16	1.40744e-16	1.40763e-16	1.4078e-16	1.408e-16	1.4081e-16	1.40814e-16	1.40822e-16	1.40826e-16	1.4083e-16	1.40836e-16	1.40841e-16	1.40843e-16	1.40846e-16	1.40849e-16	1.40851e-16	1.40852e-16	1.40854e-16	1.40857e-16	1.40858e-16	1.40859e-16	1.40861e-16	1.40861e-16	1.40863e-16	1.40864e-16	1.40864e-16	1.40865e-16	1.40867e-16	1.40867e-16	1.40868e-16	1.40868e-16	1.40869e-16	1.4087e-16	1.4087e-16	1.4087e-16	1.40871e-16	1.40871e-16	1.40872e-16	1.40872e-16	1.40873e-16	1.40873e-16	1.40873e-16	1.40873e-16	1.40874e-16	1.40874e-16	1.40875e-16	1.40875e-16	1.40875e-16	1.40875e-16	1.40875e-16	1.40875e-16	1.40876e-16	1.40876e-16	1.40876e-16	1.40876e-16	1.40876e-16	1.40877e-16	1.40877e-16	1.40877e-16	1.40877e-16	1.40877e-16	1.40877e-16	1.40877e-16	1.40877e-16	1.40877e-16
721.405	2.06995e-14	8.32503e-17	1.40838e-16	2.74147e-19	2.33926e-18	5.23193e-18	9.04519e-18	1.19216e-17	1.69116e-17	2.52125e-17	3.42075e-17	4.3516e-17	5.16706e-17	6.01377e-17	7.16739e-17	8.74137e-17	1.02969e-16	1.17241e-16	1.26701e-16	1.35182e-16	1.38719e-16	1.40045e-16	1.40233e-16	1.40318e-16	1.40408e-16	1.40521e-16	1.40613e-16	1.40653e-16	1.40683e-16	1.40705e-16	1.40724e-16	1.4074e-16	1.4076e-16	1.40771e-16	1.40775e-16	1.40783e-16	1.40788e-16	1.40791e-16	1.40797e-16	1.40803e-16	1.40805e-16	1.40807e-16	1.4081e-16	1.40812e-16	1.40814e-16	1.40815e-16	1.40818e-16	1.40819e-16	1.40821e-16	1.40822e-16	1.40823e-16	1.40824e-16	1.40825e-16	1.40826e-16	1.40827e-16	1.40828e-16	1.40829e-16	1.40829e-16	1.40829e-16	1.40831e-16	1.40831e-16	1.40832e-16	1.40832e-16	1.40832e-16	1.40833e-16	1.40833e-16	1.40834e-16	1.40834e-16	1.40834e-16	1.40835e-16	1.40835e-16	1.40835e-16	1.40836e-16	1.40836e-16	1.40836e-16	1.40836e-16	1.40837e-16	1.40837e-16	1.40837e-16	1.40837e-16	1.40837e-16	1.40837e-16	1.40838e-16	1.40838e-16	1.40838e-16	1.40838e-16	1.40838e-16	1.40838e-16	1.40838e-16	1.40838e-16	1.40838e-16	1.40838e-16	1.40838e-16
724.415	2.06995e-14	8.31175e-17	1.40704e-16	2.73497e-19	2.33895e-18	5.23971e-18	9.06282e-18	1.19457e-17	1.69467e-17	2.525e-17	3.42452e-17	4.35547e-17	5.17127e-17	6.018e-17	7.17136e-17	8.74403e-17	1.02955e-16	1.17167e-16	1.26575e-16	1.35031e-16	1.38574e-16	1.39907e-16	1.40097e-16	1.40181e-16	1.40269e-16	1.40382e-16	1.40476e-16	1.40517e-16	1.40548e-16	1.4057e-16	1.40589e-16	1.40605e-16	1.40626e-16	1.40636e-16	1.40641e-16	1.40649e-16	1.40653e-16	1.40657e-16	1.40663e-16	1.40669e-16	1.40671e-16	1.40673e-16	1.40676e-16	1.40678e-16	1.4068e-16	1.40681e-16	1.40684e-16	1.40685e-16	1.40687e-16	1.40688e-16	1.40688e-16	1.4069e-16	1.40691e-16	1.40692e-16	1.40693e-16	1.40694e-16	1.40695e-16	1.40695e-16	1.40696e-16	1.40696e-16	1.40697e-16	1.40698e-16	1.40698e-16	1.40698e-16	1.40699e-16	1.40699e-16	1.407e-16	1.407e-16	1.407e-16	1.40701e-16	1.40701e-16	1.40701e-16	1.40702e-16	1.40702e-16	1.40702e-16	1.40702e-16	1.40703e-16	1.40703e-16	1.40703e-16	1.40703e-16	1.40703e-16	1.40703e-16	1.40704e-16	1.40704e-16	1.40704e-16	1.40704e-16	1.40704e-16	1.40704e-16	1.40704e-16	1.40704e-16	1.40704e-16	1.40704e-16	1.40704e-16
727.425	2.06996e-14	8.29293e-17	1.40475e-16	2.72583e-19	2.33662e-18	5.24362e-18	9.0745e-18	1.19623e-17	1.69709e-17	2.52697e-17	3.42583e-17	4.35632e-17	5.17199e-17	6.0182e-17	7.17036e-17	8.74048e-17	1.02869e-16	1.17013e-16	1.26364e-16	1.34787e-16	1.38334e-16	1.39673e-16	1.39864e-16	1.39948e-16	1.40034e-16	1.40148e-16	1.40243e-16	1.40287e-16	1.40317e-16	1.40339e-16	1.40359e-16	1.40374e-16	1.40396e-16	1.40407e-16	1.40412e-16	1.40419e-16	1.40424e-16	1.40428e-16	1.40433e-16	1.40439e-16	1.40441e-16	1.40443e-16	1.40446e-16	1.40449e-16	1.40451e-16	1.40452e-16	1.40454e-16	1.40456e-16	1.40458e-16	1.40459e-16	1.40459e-16	1.40461e-16	1.40462e-16	1.40463e-16	1.40463e-16	1.40465e-16	1.40465e-16	1.40466e-16	1.40466e-16	1.40467e-16	1.40467e-16	1.40468e-16	1.40469e-16	1.40469e-16	1.4047e-16	1.4047e-16	1.40471e-16	1.40471e-16	1.40471e-16	1.40472e-16	1.40472e-16	1.40472e-16	1.40472e-16	1.40473e-16	1.40473e-16	1.40473e-16	1.40473e-16	1.40474e-16	1.40474e-16	1.40474e-16	1.40474e-16	1.40474e-16	1.40474e-16	1.40475e-16	1.40475e-16	1.40475e-16	1.40475e-16	1.40475e-16	1.40475e-16	1.40475e-16	1.40475e-16	1.40475e-16	1.40475e-16
730.435	2.06996e-14	8.26863e-17	1.40151e-16	2.71412e-19	2.33231e-18	5.24363e-18	9.08012e-18	1.19713e-17	1.69839e-17	2.52716e-17	3.42466e-17	4.35413e-17	5.16919e-17	6.01437e-17	7.16439e-17	8.73072e-17	1.02711e-16	1.16779e-16	1.26066e-16	1.34451e-16	1.38e-16	1.39344e-16	1.39538e-16	1.39621e-16	1.39705e-16	1.39819e-16	1.39916e-16	1.39961e-16	1.39992e-16	1.40015e-16	1.40034e-16	1.40049e-16	1.40071e-16	1.40083e-16	1.40088e-16	1.40095e-16	1.401e-16	1.40104e-16	1.40108e-16	1.40115e-16	1.40117e-16	1.4012e-16	1.40122e-16	1.40125e-16	1.40127e-16	1.40128e-16	1.4013e-16	1.40132e-16	1.40134e-16	1.40135e-16	1.40135e-16	1.40137e-16	1.40138e-16	1.40139e-16	1.40139e-16	1.40141e-16	1.40141e-16	1.40142e-16	1.40143e-16	1.40143e-16	1.40143e-16	1.40144e-16	1.40145e-16	1.40145e-16	1.40146e-16	1.40146e-16	1.40147e-16	1.40147e-16	1.40147e-16	1.40148e-16	1.40148e-16	1.40148e-16	1.40148e-16	1.40149e-16	1.40149e-16	1.40149e-16	1.4015e-16	1.4015e-16	1.4015e-16	1.4015e-16	1.4015e-16	1.4015e-16	1.40151e-16	1.40151e-16	1.40151e-16	1.40151e-16	1.40151e-16	1.40151e-16	1.40151e-16	1.40151e-16	1.40151e-16	1.40151e-16	1.40151e-16
733.445	2.06996e-14	8.23893e-17	1.39734e-16	2.69994e-19	2.32604e-18	5.23969e-18	9.07959e-18	1.19725e-17	1.69857e-17	2.52555e-17	3.42102e-17	4.34888e-17	5.16286e-17	6.00648e-17	7.15347e-17	8.71479e-17	1.02481e-16	1.16464e-16	1.25685e-16	1.34024e-16	1.37573e-16	1.38922e-16	1.39117e-16	1.392e-16	1.39283e-16	1.39396e-16	1.39495e-16	1.39542e-16	1.39573e-16	1.39596e-16	1.39616e-16	1.39631e-16	1.39653e-16	1.39665e-16	1.3967e-16	1.39677e-16	1.39682e-16	1.39687e-16	1.39691e-16	1.39697e-16	1.397e-16	1.39702e-16	1.39705e-16	1.39707e-16	1.39709e-16	1.39711e-16	1.39712e-16	1.39715e-16	1.39716e-16	1.39717e-16	1.39718e-16	1.3972e-16	1.3972e-16	1.39722e-16	1.39722e-16	1.39723e-16	1.39724e-16	1.39725e-16	1.39725e-16	1.39726e-16	1.39726e-16	1.39727e-16	1.39728e-16	1.39728e-16	1.39728e-16	1.39729e-16	1.39729e-16	1.3973e-16	1.3973e-16	1.3973e-16	1.39731e-16	1.39731e-16	1.39731e-16	1.39731e-16	1.39731e-16	1.39732e-16	1.39732e-16	1.39732e-16	1.39733e-16	1.39733e-16	1.39733e-16	1.39733e-16	1.39733e-16	1.39733e-16	1.39734e-16	1.39734e-16	1.39734e-16	1.39734e-16	1.39734e-16	1.39734e-16	1.39734e-16	1.39734e-16	1.39734e-16
736.455	2.06997e-14	8.20393e-17	1.39224e-16	2.68339e-19	2.31784e-18	5.23181e-18	9.07285e-18	1.1966e-17	1.69762e-17	2.52217e-17	3.41491e-17	4.34058e-17	5.15301e-17	5.99457e-17	7.13764e-17	8.69275e-17	1.0218e-16	1.16071e-16	1.2522e-16	1.33507e-16	1.37053e-16	1.38407e-16	1.38604e-16	1.38687e-16	1.38768e-16	1.38881e-16	1.38982e-16	1.39031e-16	1.39063e-16	1.39086e-16	1.39106e-16	1.39121e-16	1.39142e-16	1.39155e-16	1.3916e-16	1.39167e-16	1.39172e-16	1.39177e-16	1.39181e-16	1.39187e-16	1.3919e-16	1.39193e-16	1.39195e-16	1.39197e-16	1.392e-16	1.39201e-16	1.39203e-16	1.39205e-16	1.39207e-16	1.39208e-16	1.39208e-16	1.3921e-16	1.39211e-16	1.39212e-16	1.39213e-16	1.39213e-16	1.39214e-16	1.39215e-16	1.39216e-16	1.39216e-16	1.39216e-16	1.39217e-16	1.39218e-16	1.39218e-16	1.39219e-16	1.39219e-16	1.3922e-16	1.3922e-16	1.3922e-16	1.39221e-16	1.39221e-16	1.39221e-16	1.39221e-16	1.39222e-16	1.39222e-16	1.39222e-16	1.39222e-16	1.39223e-16	1.39223e-16	1.39223e-16	1.39223e-16	1.39223e-16	1.39224e-16	1.39224e-16	1.39224e-16	1.39224e-16	1.39224e-16	1.39224e-16	1.39224e-16	1.39224e-16	1.39224e-16	1.39224e-16	1.39224e-16
739.465	2.06997e-14	8.16375e-17	1.38624e-16	2.66457e-19	2.30775e-18	5.22001e-18	9.05989e-18	1.19516e-17	1.69554e-17	2.51701e-17	3.40635e-17	4.32925e-17	5.13965e-17	5.97865e-17	7.11696e-17	8.66468e-17	1.01808e-16	1.156e-16	1.24673e-16	1.32903e-16	1.36444e-16	1.37802e-16	1.38e-16	1.38083e-16	1.38163e-16	1.38276e-16	1.38379e-16	1.38429e-16	1.38462e-16	1.38486e-16	1.38506e-16	1.3852e-16	1.38542e-16	1.38555e-16	1.3856e-16	1.38566e-16	1.38572e-16	1.38577e-16	1.3858e-16	1.38587e-16	1.38589e-16	1.38593e-16	1.38595e-16	1.38597e-16	1.386e-16	1.38601e-16	1.38603e-16	1.38605e-16	1.38607e-16	1.38608e-16	1.38608e-16	1.3861e-16	1.38611e-16	1.38612e-16	1.38613e-16	1.38613e-16	1.38614e-16	1.38615e-16	1.38616e-16	1.38616e-16	1.38616e-16	1.38617e-16	1.38618e-16	1.38618e-16	1.38619e-16	1.38619e-16	1.3862e-16	1.3862e-16	1.3862e-16	1.38621e-16	1.38621e-16	1.38621e-16	1.38621e-16	1.38622e-16	1.38622e-16	1.38622e-16	1.38622e-16	1.38623e-16	1.38623e-16	1.38623e-16	1.38623e-16	1.38623e-16	1.38624e-16	1.38624e-16	1.38624e-16	1.38624e-16	1.38624e-16	1.38624e-16	1.38624e-16	1.38624e-16	1.38624e-16	1.38624e-16	1.38624e-16
742.475	2.06997e-14	8.11851e-17	1.37936e-16	2.6436e-19	2.29584e-18	5.20432e-18	9.04071e-18	1.19293e-17	1.69232e-17	2.51011e-17	3.39537e-17	4.31492e-17	5.12283e-17	5.95878e-17	7.09151e-17	8.63069e-17	1.01368e-16	1.15053e-16	1.24046e-16	1.32213e-16	1.35746e-16	1.37108e-16	1.37308e-16	1.3739e-16	1.37469e-16	1.37582e-16	1.37687e-16	1.37739e-16	1.37773e-16	1.37797e-16	1.37817e-16	1.37831e-16	1.37852e-16	1.37866e-16	1.37872e-16	1.37878e-16	1.37883e-16	1.37888e-16	1.37892e-16	1.37898e-16	1.37901e-16	1.37904e-16	1.37906e-16	1.37908e-16	1.37911e-16	1.37913e-16	1.37914e-16	1.37916e-16	1.37918e-16	1.37919e-16	1.3792e-16	1.37921e-16	1.37922e-16	1.37924e-16	1.37924e-16	1.37925e-16	1.37926e-16	1.37927e-16	1.37927e-16	1.37928e-16	1.37928e-16	1.37929e-16	1.37929e-16	1.3793e-16	1.37931e-16	1.37931e-16	1.37931e-16	1.37931e-16	1.37931e-16	1.37932e-16	1.37933e-16	1.37933e-16	1.37933e-16	1.37933e-16	1.37933e-16	1.37934e-16	1.37934e-16	1.37934e-16	1.37934e-16	1.37935e-16	1.37935e-16	1.37935e-16	1.37935e-16	1.37935e-16	1.37936e-16	1.37936e-16	1.37936e-16	1.37936e-16	1.37936e-16	1.37936e-16	1.37936e-16	1.37936e-16	1.37936e-16
745.485	2.06998e-14	8.06836e-17	1.37161e-16	2.62061e-19	2.28217e-18	5.1848e-18	9.01534e-18	1.18992e-17	1.68799e-17	2.50148e-17	3.38202e-17	4.29765e-17	5.10259e-17	5.93501e-17	7.06138e-17	8.59092e-17	1.0086e-16	1.14432e-16	1.23341e-16	1.31439e-16	1.34962e-16	1.36328e-16	1.3653e-16	1.36612e-16	1.36689e-16	1.36802e-16	1.36909e-16	1.36962e-16	1.36997e-16	1.37022e-16	1.37042e-16	1.37056e-16	1.37077e-16	1.37091e-16	1.37097e-16	1.37103e-16	1.37109e-16	1.37114e-16	1.37117e-16	1.37123e-16	1.37126e-16	1.3713e-16	1.37132e-16	1.37134e-16	1.37137e-16	1.37138e-16	1.3714e-16	1.37142e-16	1.37143e-16	1.37145e-16	1.37146e-16	1.37147e-16	1.37147e-16	1.37149e-16	1.3715e-16	1.3715e-16	1.37151e-16	1.37152e-16	1.37153e-16	1.37153e-16	1.37154e-16	1.37154e-16	1.37155e-16	1.37155e-16	1.37156e-16	1.37156e-16	1.37157e-16	1.37157e-16	1.37157e-16	1.37158e-16	1.37158e-16	1.37158e-16	1.37159e-16	1.37159e-16	1.37159e-16	1.37159e-16	1.37159e-16	1.3716e-16	1.3716e-16	1.3716e-16	1.3716e-16	1.3716e-16	1.37161e-16	1.37161e-16	1.37161e-16	1.37161e-16	1.37161e-16	1.37161e-16	1.37161e-16	1.37161e-16	1.37161e-16	1.37161e-16	1.37161e-16
748.495	2.06998e-14	8.01345e-17	1.36303e-16	2.5957e-19	2.26679e-18	5.16152e-18	8.98384e-18	1.18614e-17	1.68255e-17	2.49117e-17	3.36635e-17	4.27747e-17	5.07899e-17	5.90741e-17	7.02669e-17	8.54551e-17	1.00287e-16	1.13738e-16	1.22561e-16	1.30586e-16	1.34096e-16	1.35464e-16	1.35668e-16	1.35749e-16	1.35826e-16	1.35939e-16	1.36047e-16	1.36103e-16	1.36139e-16	1.36163e-16	1.36184e-16	1.36198e-16	1.36218e-16	1.36233e-16	1.36239e-16	1.36245e-16	1.3625e-16	1.36256e-16	1.36259e-16	1.36265e-16	1.36267e-16	1.36272e-16	1.36274e-16	1.36275e-16	1.36279e-16	1.3628e-16	1.36282e-16	1.36284e-16	1.36285e-16	1.36287e-16	1.36288e-16	1.36289e-16	1.36289e-16	1.36291e-16	1.36292e-16	1.36292e-16	1.36293e-16	1.36294e-16	1.36294e-16	1.36295e-16	1.36296e-16	1.36296e-16	1.36297e-16	1.36297e-16	1.36298e-16	1.36298e-16	1.36299e-16	1.36299e-16	1.36299e-16	1.363e-16	1.363e-16	1.363e-16	1.363e-16	1.36301e-16	1.36301e-16	1.36301e-16	1.36301e-16	1.36302e-16	1.36302e-16	1.36302e-16	1.36302e-16	1.36302e-16	1.36303e-16	1.36303e-16	1.36303e-16	1.36303e-16	1.36303e-16	1.36303e-16	1.36303e-16	1.36303e-16	1.36303e-16	1.36303e-16	1.36303e-16
751.505	2.06999e-14	7.95396e-17	1.35364e-16	2.56902e-19	2.24979e-18	5.13457e-18	8.94632e-18	1.18158e-17	1.67602e-17	2.47921e-17	3.34841e-17	4.25446e-17	5.05211e-17	5.87607e-17	6.98755e-17	8.49463e-17	9.96503e-17	1.12974e-16	1.21708e-16	1.29654e-16	1.33149e-16	1.34519e-16	1.34725e-16	1.34807e-16	1.34882e-16	1.34994e-16	1.35105e-16	1.35162e-16	1.352e-16	1.35224e-16	1.35245e-16	1.35259e-16	1.35279e-16	1.35293e-16	1.353e-16	1.35306e-16	1.35311e-16	1.35317e-16	1.3532e-16	1.35326e-16	1.35328e-16	1.35333e-16	1.35335e-16	1.35336e-16	1.3534e-16	1.35342e-16	1.35343e-16	1.35345e-16	1.35346e-16	1.35348e-16	1.35349e-16	1.3535e-16	1.3535e-16	1.35352e-16	1.35353e-16	1.35354e-16	1.35354e-16	1.35355e-16	1.35355e-16	1.35357e-16	1.35357e-16	1.35357e-16	1.35358e-16	1.35358e-16	1.35359e-16	1.35359e-16	1.3536e-16	1.3536e-16	1.3536e-16	1.35361e-16	1.35361e-16	1.35361e-16	1.35362e-16	1.35362e-16	1.35362e-16	1.35362e-16	1.35363e-16	1.35363e-16	1.35363e-16	1.35363e-16	1.35363e-16	1.35363e-16	1.35364e-16	1.35364e-16	1.35364e-16	1.35364e-16	1.35364e-16	1.35364e-16	1.35364e-16	1.35364e-16	1.35364e-16	1.35364e-16	1.35364e-16
754.515	2.06999e-14	7.89005e-17	1.34348e-16	2.5407e-19	2.23124e-18	5.10406e-18	8.90287e-18	1.17628e-17	1.66842e-17	2.46565e-17	3.32827e-17	4.22871e-17	5.02202e-17	5.84109e-17	6.9441e-17	8.43846e-17	9.89522e-17	1.12143e-16	1.20783e-16	1.28648e-16	1.32125e-16	1.33497e-16	1.33705e-16	1.33786e-16	1.33861e-16	1.33972e-16	1.34085e-16	1.34143e-16	1.34183e-16	1.34207e-16	1.34228e-16	1.34242e-16	1.34261e-16	1.34276e-16	1.34283e-16	1.34289e-16	1.34294e-16	1.343e-16	1.34304e-16	1.34309e-16	1.34311e-16	1.34316e-16	1.34318e-16	1.3432e-16	1.34323e-16	1.34325e-16	1.34327e-16	1.34328e-16	1.34329e-16	1.34332e-16	1.34332e-16	1.34333e-16	1.34334e-16	1.34336e-16	1.34336e-16	1.34337e-16	1.34338e-16	1.34338e-16	1.34339e-16	1.3434e-16	1.3434e-16	1.34341e-16	1.34341e-16	1.34342e-16	1.34342e-16	1.34343e-16	1.34343e-16	1.34343e-16	1.34344e-16	1.34344e-16	1.34344e-16	1.34344e-16	1.34345e-16	1.34345e-16	1.34345e-16	1.34346e-16	1.34346e-16	1.34346e-16	1.34346e-16	1.34346e-16	1.34346e-16	1.34347e-16	1.34347e-16	1.34347e-16	1.34347e-16	1.34347e-16	1.34348e-16	1.34348e-16	1.34348e-16	1.34348e-16	1.34348e-16	1.34348e-16	1.34348e-16
757.525	2.06999e-14	7.82192e-17	1.33256e-16	2.51086e-19	2.21122e-18	5.07009e-18	8.85364e-18	1.17023e-17	1.65978e-17	2.45054e-17	3.30601e-17	4.20028e-17	4.98884e-17	5.80258e-17	6.8965e-17	8.37721e-17	9.81952e-17	1.11246e-16	1.19791e-16	1.27571e-16	1.31027e-16	1.324e-16	1.3261e-16	1.32691e-16	1.32765e-16	1.32876e-16	1.3299e-16	1.3305e-16	1.33091e-16	1.33116e-16	1.33137e-16	1.33151e-16	1.3317e-16	1.33185e-16	1.33192e-16	1.33198e-16	1.33203e-16	1.33208e-16	1.33213e-16	1.33218e-16	1.3322e-16	1.33225e-16	1.33227e-16	1.33229e-16	1.33232e-16	1.33233e-16	1.33235e-16	1.33237e-16	1.33238e-16	1.3324e-16	1.33241e-16	1.33242e-16	1.33242e-16	1.33244e-16	1.33245e-16	1.33246e-16	1.33246e-16	1.33247e-16	1.33247e-16	1.33249e-16	1.33249e-16	1.3325e-16	1.3325e-16	1.3325e-16	1.33251e-16	1.33251e-16	1.33252e-16	1.33252e-16	1.33252e-16	1.33253e-16	1.33253e-16	1.33253e-16	1.33254e-16	1.33254e-16	1.33254e-16	1.33254e-16	1.33255e-16	1.33255e-16	1.33255e-16	1.33255e-16	1.33255e-16	1.33255e-16	1.33256e-16	1.33256e-16	1.33256e-16	1.33256e-16	1.33256e-16	1.33256e-16	1.33256e-16	1.33256e-16	1.33256e-16	1.33256e-16	1.33256e-16
760.535	2.07e-14	7.74975e-17	1.32094e-16	2.47964e-19	2.18983e-18	5.0328e-18	8.79879e-18	1.16347e-17	1.65012e-17	2.43394e-17	3.2817e-17	4.16928e-17	4.95265e-17	5.76065e-17	6.84489e-17	8.31108e-17	9.73817e-17	1.10287e-16	1.18735e-16	1.26425e-16	1.29858e-16	1.31232e-16	1.31443e-16	1.31525e-16	1.31598e-16	1.31708e-16	1.31823e-16	1.31885e-16	1.31928e-16	1.31953e-16	1.31974e-16	1.31988e-16	1.32006e-16	1.32022e-16	1.32029e-16	1.32035e-16	1.3204e-16	1.32045e-16	1.3205e-16	1.32055e-16	1.32057e-16	1.32062e-16	1.32065e-16	1.32066e-16	1.32069e-16	1.32071e-16	1.32073e-16	1.32074e-16	1.32075e-16	1.32078e-16	1.32078e-16	1.32079e-16	1.3208e-16	1.32081e-16	1.32082e-16	1.32083e-16	1.32084e-16	1.32084e-16	1.32085e-16	1.32086e-16	1.32086e-16	1.32087e-16	1.32087e-16	1.32088e-16	1.32088e-16	1.32088e-16	1.32089e-16	1.3209e-16	1.3209e-16	1.3209e-16	1.3209e-16	1.3209e-16	1.32091e-16	1.32091e-16	1.32091e-16	1.32092e-16	1.32092e-16	1.32092e-16	1.32092e-16	1.32092e-16	1.32092e-16	1.32093e-16	1.32093e-16	1.32093e-16	1.32093e-16	1.32093e-16	1.32093e-16	1.32094e-16	1.32094e-16	1.32094e-16	1.32094e-16	1.32094e-16	1.32094e-16
763.545	2.07e-14	7.67376e-17	1.30863e-16	2.44716e-19	2.16714e-18	4.99234e-18	8.7385e-18	1.156e-17	1.63947e-17	2.41589e-17	3.25544e-17	4.13581e-17	4.91358e-17	5.71543e-17	6.78945e-17	8.24029e-17	9.65142e-17	1.09268e-16	1.17616e-16	1.25215e-16	1.28623e-16	1.29996e-16	1.30209e-16	1.30291e-16	1.30364e-16	1.30472e-16	1.30589e-16	1.30652e-16	1.30697e-16	1.30723e-16	1.30743e-16	1.30758e-16	1.30775e-16	1.3079e-16	1.30798e-16	1.30805e-16	1.3081e-16	1.30814e-16	1.30819e-16	1.30824e-16	1.30826e-16	1.30831e-16	1.30834e-16	1.30836e-16	1.30838e-16	1.3084e-16	1.30842e-16	1.30843e-16	1.30844e-16	1.30847e-16	1.30848e-16	1.30849e-16	1.30849e-16	1.30851e-16	1.30851e-16	1.30853e-16	1.30853e-16	1.30854e-16	1.30854e-16	1.30855e-16	1.30856e-16	1.30856e-16	1.30857e-16	1.30857e-16	1.30857e-16	1.30858e-16	1.30858e-16	1.30859e-16	1.30859e-16	1.30859e-16	1.3086e-16	1.3086e-16	1.3086e-16	1.30861e-16	1.30861e-16	1.30861e-16	1.30861e-16	1.30861e-16	1.30862e-16	1.30862e-16	1.30862e-16	1.30862e-16	1.30862e-16	1.30862e-16	1.30863e-16	1.30863e-16	1.30863e-16	1.30863e-16	1.30863e-16	1.30863e-16	1.30863e-16	1.30863e-16	1.30863e-16
766.555	2.07e-14	7.59413e-17	1.29568e-16	2.41357e-19	2.14326e-18	4.94885e-18	8.67297e-18	1.14786e-17	1.62787e-17	2.39648e-17	3.22732e-17	4.09997e-17	4.87174e-17	5.66707e-17	6.73036e-17	8.16507e-17	9.55957e-17	1.08193e-16	1.16439e-16	1.23944e-16	1.27324e-16	1.28695e-16	1.28911e-16	1.28993e-16	1.29065e-16	1.29173e-16	1.29291e-16	1.29355e-16	1.29402e-16	1.29428e-16	1.29448e-16	1.29463e-16	1.2948e-16	1.29495e-16	1.29502e-16	1.2951e-16	1.29514e-16	1.29519e-16	1.29524e-16	1.29529e-16	1.29531e-16	1.29536e-16	1.29539e-16	1.29541e-16	1.29543e-16	1.29545e-16	1.29547e-16	1.29548e-16	1.29549e-16	1.29552e-16	1.29552e-16	1.29554e-16	1.29554e-16	1.29556e-16	1.29556e-16	1.29558e-16	1.29558e-16	1.29559e-16	1.29559e-16	1.2956e-16	1.29561e-16	1.29561e-16	1.29562e-16	1.29562e-16	1.29562e-16	1.29563e-16	1.29563e-16	1.29564e-16	1.29564e-16	1.29564e-16	1.29564e-16	1.29565e-16	1.29565e-16	1.29565e-16	1.29566e-16	1.29566e-16	1.29566e-16	1.29566e-16	1.29566e-16	1.29567e-16	1.29567e-16	1.29567e-16	1.29567e-16	1.29567e-16	1.29567e-16	1.29567e-16	1.29568e-16	1.29568e-16	1.29568e-16	1.29568e-16	1.29568e-16	1.29568e-16	1.29568e-16
769.565	2.07001e-14	7.51109e-17	1.28212e-16	2.37898e-19	2.11826e-18	4.90249e-18	8.60241e-18	1.13906e-17	1.61535e-17	2.37575e-17	3.19742e-17	4.06189e-17	4.82726e-17	5.61569e-17	6.66779e-17	8.08567e-17	9.46288e-17	1.07064e-16	1.15207e-16	1.22616e-16	1.25965e-16	1.27335e-16	1.27552e-16	1.27635e-16	1.27706e-16	1.27813e-16	1.27931e-16	1.27997e-16	1.28046e-16	1.28072e-16	1.28092e-16	1.28107e-16	1.28124e-16	1.28139e-16	1.28146e-16	1.28154e-16	1.28159e-16	1.28163e-16	1.28169e-16	1.28173e-16	1.28175e-16	1.2818e-16	1.28183e-16	1.28185e-16	1.28187e-16	1.28189e-16	1.28191e-16	1.28193e-16	1.28194e-16	1.28196e-16	1.28196e-16	1.28198e-16	1.28199e-16	1.282e-16	1.282e-16	1.28202e-16	1.28202e-16	1.28203e-16	1.28203e-16	1.28204e-16	1.28205e-16	1.28205e-16	1.28206e-16	1.28206e-16	1.28206e-16	1.28207e-16	1.28207e-16	1.28208e-16	1.28208e-16	1.28208e-16	1.28209e-16	1.28209e-16	1.28209e-16	1.28209e-16	1.2821e-16	1.2821e-16	1.2821e-16	1.28211e-16	1.28211e-16	1.28211e-16	1.28211e-16	1.28211e-16	1.28211e-16	1.28211e-16	1.28212e-16	1.28212e-16	1.28212e-16	1.28212e-16	1.28212e-16	1.28212e-16	1.28212e-16	1.28212e-16	1.28212e-16
772.575	2.07001e-14	7.42486e-17	1.26799e-16	2.34351e-19	2.09224e-18	4.85342e-18	8.52704e-18	1.12964e-17	1.60196e-17	2.35379e-17	3.16586e-17	4.02168e-17	4.78028e-17	5.56146e-17	6.60193e-17	8.00232e-17	9.36165e-17	1.05886e-16	1.13922e-16	1.21233e-16	1.24551e-16	1.25917e-16	1.26136e-16	1.2622e-16	1.2629e-16	1.26396e-16	1.26515e-16	1.26581e-16	1.26633e-16	1.2666e-16	1.2668e-16	1.26695e-16	1.26711e-16	1.26726e-16	1.26732e-16	1.26741e-16	1.26746e-16	1.2675e-16	1.26756e-16	1.2676e-16	1.26762e-16	1.26767e-16	1.2677e-16	1.26772e-16	1.26774e-16	1.26776e-16	1.26779e-16	1.2678e-16	1.26781e-16	1.26783e-16	1.26783e-16	1.26785e-16	1.26786e-16	1.26787e-16	1.26787e-16	1.26789e-16	1.26789e-16	1.2679e-16	1.2679e-16	1.26791e-16	1.26792e-16	1.26793e-16	1.26793e-16	1.26793e-16	1.26794e-16	1.26794e-16	1.26795e-16	1.26795e-16	1.26795e-16	1.26796e-16	1.26796e-16	1.26796e-16	1.26796e-16	1.26797e-16	1.26797e-16	1.26797e-16	1.26797e-16	1.26798e-16	1.26798e-16	1.26798e-16	1.26798e-16	1.26798e-16	1.26798e-16	1.26799e-16	1.26799e-16	1.26799e-16	1.26799e-16	1.26799e-16	1.26799e-16	1.26799e-16	1.26799e-16	1.26799e-16	1.26799e-16
775.585	2.07001e-14	7.33564e-17	1.25333e-16	2.30729e-19	2.0653e-18	4.80183e-18	8.44713e-18	1.11962e-17	1.58774e-17	2.33066e-17	3.13273e-17	3.97947e-17	4.73093e-17	5.50453e-17	6.53299e-17	7.91528e-17	9.25617e-17	1.0466e-16	1.1259e-16	1.19801e-16	1.23084e-16	1.24447e-16	1.24667e-16	1.24752e-16	1.24822e-16	1.24926e-16	1.25046e-16	1.25113e-16	1.25167e-16	1.25194e-16	1.25214e-16	1.25229e-16	1.25245e-16	1.25259e-16	1.25266e-16	1.25275e-16	1.2528e-16	1.25284e-16	1.2529e-16	1.25294e-16	1.25296e-16	1.25301e-16	1.25304e-16	1.25306e-16	1.25308e-16	1.2531e-16	1.25312e-16	1.25314e-16	1.25315e-16	1.25317e-16	1.25317e-16	1.25319e-16	1.2532e-16	1.25321e-16	1.25321e-16	1.25323e-16	1.25323e-16	1.25324e-16	1.25324e-16	1.25325e-16	1.25325e-16	1.25326e-16	1.25327e-16	1.25327e-16	1.25327e-16	1.25328e-16	1.25328e-16	1.25329e-16	1.25329e-16	1.25329e-16	1.2533e-16	1.2533e-16	1.2533e-16	1.2533e-16	1.2533e-16	1.25331e-16	1.25331e-16	1.25331e-16	1.25332e-16	1.25332e-16	1.25332e-16	1.25332e-16	1.25332e-16	1.25332e-16	1.25332e-16	1.25333e-16	1.25333e-16	1.25333e-16	1.25333e-16	1.25333e-16	1.25333e-16	1.25333e-16	1.25333e-16
778.595	2.07002e-14	7.24366e-17	1.23817e-16	2.27044e-19	2.03753e-18	4.74787e-18	8.36291e-18	1.10904e-17	1.57272e-17	2.30643e-17	3.09813e-17	3.93538e-17	4.67937e-17	5.44506e-17	6.46114e-17	7.82481e-17	9.14675e-17	1.03392e-16	1.11212e-16	1.18322e-16	1.2157e-16	1.22927e-16	1.23149e-16	1.23235e-16	1.23304e-16	1.23407e-16	1.23527e-16	1.23595e-16	1.23651e-16	1.23678e-16	1.23698e-16	1.23713e-16	1.23729e-16	1.23743e-16	1.2375e-16	1.2376e-16	1.23764e-16	1.23768e-16	1.23774e-16	1.23779e-16	1.23781e-16	1.23785e-16	1.23789e-16	1.23791e-16	1.23793e-16	1.23794e-16	1.23797e-16	1.23798e-16	1.238e-16	1.23801e-16	1.23802e-16	1.23804e-16	1.23804e-16	1.23805e-16	1.23806e-16	1.23807e-16	1.23808e-16	1.23809e-16	1.23809e-16	1.23809e-16	1.2381e-16	1.23811e-16	1.23811e-16	1.23812e-16	1.23812e-16	1.23812e-16	1.23813e-16	1.23813e-16	1.23813e-16	1.23814e-16	1.23814e-16	1.23814e-16	1.23814e-16	1.23815e-16	1.23815e-16	1.23815e-16	1.23815e-16	1.23816e-16	1.23816e-16	1.23816e-16	1.23816e-16	1.23816e-16	1.23817e-16	1.23817e-16	1.23817e-16	1.23817e-16	1.23817e-16	1.23817e-16	1.23817e-16	1.23817e-16	1.23817e-16	1.23817e-16	1.23817e-16
781.605	2.07002e-14	7.14914e-17	1.22256e-16	2.23307e-19	2.009e-18	4.69174e-18	8.27465e-18	1.09792e-17	1.55696e-17	2.28117e-17	3.06218e-17	3.88955e-17	4.62573e-17	5.38321e-17	6.38661e-17	7.73114e-17	9.03369e-17	1.02083e-16	1.09792e-16	1.16801e-16	1.20011e-16	1.21363e-16	1.21586e-16	1.21673e-16	1.21741e-16	1.21843e-16	1.21963e-16	1.22032e-16	1.22089e-16	1.22117e-16	1.22137e-16	1.22152e-16	1.22168e-16	1.22182e-16	1.22188e-16	1.22199e-16	1.22203e-16	1.22207e-16	1.22213e-16	1.22218e-16	1.2222e-16	1.22224e-16	1.22227e-16	1.2223e-16	1.22231e-16	1.22233e-16	1.22235e-16	1.22237e-16	1.22239e-16	1.2224e-16	1.2224e-16	1.22242e-16	1.22243e-16	1.22244e-16	1.22245e-16	1.22246e-16	1.22246e-16	1.22248e-16	1.22248e-16	1.22248e-16	1.22249e-16	1.22249e-16	1.2225e-16	1.2225e-16	1.22251e-16	1.22251e-16	1.22251e-16	1.22252e-16	1.22252e-16	1.22253e-16	1.22253e-16	1.22253e-16	1.22253e-16	1.22254e-16	1.22254e-16	1.22254e-16	1.22254e-16	1.22254e-16	1.22255e-16	1.22255e-16	1.22255e-16	1.22255e-16	1.22255e-16	1.22255e-16	1.22256e-16	1.22256e-16	1.22256e-16	1.22256e-16	1.22256e-16	1.22256e-16	1.22256e-16	1.22256e-16	1.22256e-16
784.615	2.07002e-14	7.0523e-17	1.20653e-16	2.19528e-19	1.97983e-18	4.63362e-18	8.18263e-18	1.0863e-17	1.5405e-17	2.25497e-17	3.02497e-17	3.8421e-17	4.57017e-17	5.31916e-17	6.30958e-17	7.63456e-17	8.91729e-17	1.00737e-16	1.08335e-16	1.1524e-16	1.18412e-16	1.19757e-16	1.19982e-16	1.20069e-16	1.20136e-16	1.20238e-16	1.20358e-16	1.20426e-16	1.20486e-16	1.20515e-16	1.20534e-16	1.20549e-16	1.20565e-16	1.20578e-16	1.20585e-16	1.20595e-16	1.206e-16	1.20604e-16	1.20609e-16	1.20615e-16	1.20617e-16	1.20621e-16	1.20624e-16	1.20627e-16	1.20629e-16	1.2063e-16	1.20632e-16	1.20634e-16	1.20636e-16	1.20637e-16	1.20637e-16	1.20639e-16	1.2064e-16	1.20641e-16	1.20642e-16	1.20643e-16	1.20643e-16	1.20645e-16	1.20645e-16	1.20645e-16	1.20646e-16	1.20646e-16	1.20647e-16	1.20647e-16	1.20648e-16	1.20648e-16	1.20648e-16	1.20649e-16	1.20649e-16	1.2065e-16	1.2065e-16	1.2065e-16	1.2065e-16	1.20651e-16	1.20651e-16	1.20651e-16	1.20651e-16	1.20651e-16	1.20652e-16	1.20652e-16	1.20652e-16	1.20652e-16	1.20652e-16	1.20652e-16	1.20653e-16	1.20653e-16	1.20653e-16	1.20653e-16	1.20653e-16	1.20653e-16	1.20653e-16	1.20653e-16	1.20653e-16
787.625	2.07003e-14	6.95336e-17	1.19012e-16	2.15718e-19	1.95008e-18	4.57367e-18	8.08711e-18	1.0742e-17	1.52338e-17	2.22789e-17	2.98662e-17	3.79318e-17	4.51283e-17	5.25308e-17	6.23025e-17	7.5353e-17	8.79786e-17	9.93586e-17	1.06843e-16	1.13645e-16	1.16776e-16	1.18114e-16	1.1834e-16	1.18428e-16	1.18495e-16	1.18595e-16	1.18714e-16	1.18783e-16	1.18844e-16	1.18874e-16	1.18893e-16	1.18908e-16	1.18924e-16	1.18937e-16	1.18943e-16	1.18954e-16	1.1896e-16	1.18963e-16	1.18968e-16	1.18974e-16	1.18977e-16	1.1898e-16	1.18983e-16	1.18986e-16	1.18988e-16	1.18989e-16	1.18991e-16	1.18993e-16	1.18995e-16	1.18996e-16	1.18997e-16	1.18999e-16	1.18999e-16	1.19e-16	1.19001e-16	1.19002e-16	1.19002e-16	1.19004e-16	1.19004e-16	1.19004e-16	1.19005e-16	1.19006e-16	1.19006e-16	1.19006e-16	1.19007e-16	1.19007e-16	1.19008e-16	1.19008e-16	1.19008e-16	1.19009e-16	1.19009e-16	1.19009e-16	1.19009e-16	1.1901e-16	1.1901e-16	1.1901e-16	1.1901e-16	1.1901e-16	1.19011e-16	1.19011e-16	1.19011e-16	1.19011e-16	1.19011e-16	1.19011e-16	1.19012e-16	1.19012e-16	1.19012e-16	1.19012e-16	1.19012e-16	1.19012e-16	1.19012e-16	1.19012e-16	1.19012e-16
790.635	2.07003e-14	6.85255e-17	1.17337e-16	2.11886e-19	1.91985e-18	4.51209e-18	7.98838e-18	1.06168e-17	1.50565e-17	2.20002e-17	2.94723e-17	3.7429e-17	4.45388e-17	5.18512e-17	6.14884e-17	7.43363e-17	8.67569e-17	9.795e-17	1.05319e-16	1.12018e-16	1.15108e-16	1.16437e-16	1.16664e-16	1.16753e-16	1.16819e-16	1.16918e-16	1.17037e-16	1.17106e-16	1.17168e-16	1.17199e-16	1.17218e-16	1.17233e-16	1.17249e-16	1.17262e-16	1.17268e-16	1.17279e-16	1.17285e-16	1.17288e-16	1.17293e-16	1.17299e-16	1.17302e-16	1.17305e-16	1.17308e-16	1.17311e-16	1.17313e-16	1.17314e-16	1.17316e-16	1.17318e-16	1.1732e-16	1.17321e-16	1.17322e-16	1.17323e-16	1.17324e-16	1.17325e-16	1.17326e-16	1.17327e-16	1.17327e-16	1.17329e-16	1.17329e-16	1.1733e-16	1.1733e-16	1.1733e-16	1.17331e-16	1.17331e-16	1.17332e-16	1.17332e-16	1.17332e-16	1.17333e-16	1.17333e-16	1.17333e-16	1.17334e-16	1.17334e-16	1.17334e-16	1.17335e-16	1.17335e-16	1.17335e-16	1.17335e-16	1.17335e-16	1.17335e-16	1.17336e-16	1.17336e-16	1.17336e-16	1.17336e-16	1.17336e-16	1.17337e-16	1.17337e-16	1.17337e-16	1.17337e-16	1.17337e-16	1.17337e-16	1.17337e-16	1.17337e-16	1.17337e-16
793.645	2.07003e-14	6.75008e-17	1.15631e-16	2.08042e-19	1.88922e-18	4.44905e-18	7.88672e-18	1.04875e-17	1.48737e-17	2.17141e-17	2.90691e-17	3.69142e-17	4.39347e-17	5.11548e-17	6.06555e-17	7.32979e-17	8.55109e-17	9.65149e-17	1.03768e-16	1.10363e-16	1.1341e-16	1.1473e-16	1.14958e-16	1.15049e-16	1.15113e-16	1.15211e-16	1.1533e-16	1.15399e-16	1.15462e-16	1.15494e-16	1.15513e-16	1.15527e-16	1.15544e-16	1.15557e-16	1.15563e-16	1.15574e-16	1.15579e-16	1.15583e-16	1.15588e-16	1.15593e-16	1.15596e-16	1.156e-16	1.15603e-16	1.15605e-16	1.15608e-16	1.15609e-16	1.15611e-16	1.15613e-16	1.15615e-16	1.15616e-16	1.15616e-16	1.15618e-16	1.15619e-16	1.1562e-16	1.15621e-16	1.15621e-16	1.15622e-16	1.15623e-16	1.15624e-16	1.15624e-16	1.15625e-16	1.15625e-16	1.15625e-16	1.15626e-16	1.15627e-16	1.15627e-16	1.15627e-16	1.15627e-16	1.15627e-16	1.15628e-16	1.15628e-16	1.15629e-16	1.15629e-16	1.15629e-16	1.15629e-16	1.1563e-16	1.1563e-16	1.1563e-16	1.1563e-16	1.1563e-16	1.1563e-16	1.15631e-16	1.15631e-16	1.15631e-16	1.15631e-16	1.15631e-16	1.15631e-16	1.15631e-16	1.15631e-16	1.15631e-16	1.15631e-16	1.15631e-16	1.15631e-16
796.656	2.07004e-14	6.64617e-17	1.13899e-16	2.04194e-19	1.85827e-18	4.38473e-18	7.7824e-18	1.03545e-17	1.46858e-17	2.14215e-17	2.86577e-17	3.63885e-17	4.33174e-17	5.0443e-17	5.98056e-17	7.22404e-17	8.42434e-17	9.50565e-17	1.02193e-16	1.08683e-16	1.11688e-16	1.12997e-16	1.13226e-16	1.13318e-16	1.13381e-16	1.13478e-16	1.13596e-16	1.13665e-16	1.13729e-16	1.13762e-16	1.13781e-16	1.13795e-16	1.13812e-16	1.13824e-16	1.13831e-16	1.13842e-16	1.13847e-16	1.13851e-16	1.13856e-16	1.13861e-16	1.13865e-16	1.13868e-16	1.13871e-16	1.13873e-16	1.13876e-16	1.13877e-16	1.13879e-16	1.13881e-16	1.13883e-16	1.13884e-16	1.13885e-16	1.13886e-16	1.13887e-16	1.13888e-16	1.13889e-16	1.13889e-16	1.1389e-16	1.13891e-16	1.13891e-16	1.13892e-16	1.13893e-16	1.13893e-16	1.13893e-16	1.13894e-16	1.13895e-16	1.13895e-16	1.13895e-16	1.13895e-16	1.13896e-16	1.13896e-16	1.13896e-16	1.13896e-16	1.13897e-16	1.13897e-16	1.13897e-16	1.13898e-16	1.13898e-16	1.13898e-16	1.13898e-16	1.13898e-16	1.13898e-16	1.13899e-16	1.13899e-16	1.13899e-16	1.13899e-16	1.13899e-16	1.13899e-16	1.13899e-16	1.13899e-16	1.13899e-16	1.13899e-16	1.13899e-16	1.13899e-16
799.666	2.07004e-14	6.54103e-17	1.12144e-16	2.00351e-19	1.82707e-18	4.3193e-18	7.67571e-18	1.02182e-17	1.44932e-17	2.11231e-17	2.8239e-17	3.58534e-17	4.26884e-17	4.97177e-17	5.89408e-17	7.11661e-17	8.29573e-17	9.35781e-17	1.00597e-16	1.06983e-16	1.09944e-16	1.11242e-16	1.11471e-16	1.11564e-16	1.11627e-16	1.11723e-16	1.11839e-16	1.11909e-16	1.11973e-16	1.12007e-16	1.12026e-16	1.12039e-16	1.12057e-16	1.12069e-16	1.12076e-16	1.12086e-16	1.12093e-16	1.12097e-16	1.12101e-16	1.12106e-16	1.1211e-16	1.12113e-16	1.12116e-16	1.12118e-16	1.12121e-16	1.12122e-16	1.12124e-16	1.12126e-16	1.12128e-16	1.12129e-16	1.1213e-16	1.12131e-16	1.12132e-16	1.12133e-16	1.12134e-16	1.12134e-16	1.12135e-16	1.12136e-16	1.12136e-16	1.12137e-16	1.12138e-16	1.12138e-16	1.12138e-16	1.12139e-16	1.1214e-16	1.1214e-16	1.1214e-16	1.12141e-16	1.12141e-16	1.12141e-16	1.12141e-16	1.12141e-16	1.12142e-16	1.12142e-16	1.12142e-16	1.12143e-16	1.12143e-16	1.12143e-16	1.12143e-16	1.12143e-16	1.12143e-16	1.12144e-16	1.12144e-16	1.12144e-16	1.12144e-16	1.12144e-16	1.12144e-16	1.12144e-16	1.12144e-16	1.12144e-16	1.12144e-16	1.12144e-16	1.12144e-16
802.676	2.07004e-14	6.43486e-17	1.1037e-16	1.9652e-19	1.7957e-18	4.25294e-18	7.56691e-18	1.0079e-17	1.42964e-17	2.08196e-17	2.7814e-17	3.531e-17	4.20493e-17	4.89806e-17	5.8063e-17	7.00776e-17	8.16555e-17	9.20827e-17	9.89833e-17	1.05265e-16	1.08181e-16	1.09468e-16	1.09698e-16	1.09791e-16	1.09853e-16	1.09948e-16	1.10064e-16	1.10133e-16	1.10197e-16	1.10232e-16	1.10251e-16	1.10264e-16	1.10282e-16	1.10295e-16	1.10301e-16	1.10312e-16	1.10318e-16	1.10323e-16	1.10326e-16	1.10332e-16	1.10335e-16	1.10339e-16	1.10342e-16	1.10344e-16	1.10347e-16	1.10348e-16	1.10349e-16	1.10351e-16	1.10353e-16	1.10355e-16	1.10356e-16	1.10357e-16	1.10357e-16	1.10359e-16	1.1036e-16	1.1036e-16	1.10361e-16	1.10362e-16	1.10362e-16	1.10363e-16	1.10364e-16	1.10364e-16	1.10364e-16	1.10365e-16	1.10365e-16	1.10366e-16	1.10366e-16	1.10366e-16	1.10366e-16	1.10367e-16	1.10367e-16	1.10367e-16	1.10368e-16	1.10368e-16	1.10368e-16	1.10368e-16	1.10368e-16	1.10369e-16	1.10369e-16	1.10369e-16	1.10369e-16	1.10369e-16	1.10369e-16	1.1037e-16	1.1037e-16	1.1037e-16	1.1037e-16	1.1037e-16	1.1037e-16	1.1037e-16	1.1037e-16	1.1037e-16	1.1037e-16
805.686	2.07004e-14	6.32787e-17	1.0858e-16	1.92708e-19	1.76422e-18	4.1858e-18	7.45629e-18	9.93703e-18	1.4096e-17	2.05117e-17	2.73838e-17	3.47597e-17	4.14015e-17	4.82331e-17	5.7174e-17	6.8977e-17	8.03407e-17	9.05736e-17	9.7355e-17	1.03532e-16	1.06404e-16	1.07679e-16	1.07908e-16	1.08003e-16	1.08064e-16	1.08158e-16	1.08272e-16	1.08342e-16	1.08406e-16	1.08441e-16	1.08461e-16	1.08474e-16	1.08492e-16	1.08505e-16	1.08511e-16	1.08521e-16	1.08528e-16	1.08532e-16	1.08536e-16	1.08542e-16	1.08545e-16	1.08548e-16	1.08551e-16	1.08553e-16	1.08557e-16	1.08558e-16	1.08559e-16	1.08561e-16	1.08563e-16	1.08565e-16	1.08565e-16	1.08567e-16	1.08567e-16	1.08569e-16	1.08569e-16	1.0857e-16	1.08571e-16	1.08571e-16	1.08572e-16	1.08573e-16	1.08573e-16	1.08574e-16	1.08574e-16	1.08574e-16	1.08575e-16	1.08575e-16	1.08576e-16	1.08576e-16	1.08576e-16	1.08576e-16	1.08577e-16	1.08577e-16	1.08577e-16	1.08578e-16	1.08578e-16	1.08578e-16	1.08578e-16	1.08578e-16	1.08579e-16	1.08579e-16	1.08579e-16	1.08579e-16	1.08579e-16	1.08579e-16	1.08579e-16	1.08579e-16	1.0858e-16	1.0858e-16	1.0858e-16	1.0858e-16	1.0858e-16	1.0858e-16	1.0858e-16
808.696	2.07005e-14	6.22024e-17	1.06777e-16	1.88921e-19	1.73271e-18	4.11804e-18	7.3441e-18	9.7928e-18	1.38923e-17	2.02001e-17	2.69493e-17	3.42036e-17	4.07464e-17	4.7477e-17	5.62758e-17	6.78666e-17	7.90155e-17	8.90536e-17	9.57154e-17	1.01789e-16	1.04616e-16	1.05877e-16	1.06107e-16	1.06202e-16	1.06262e-16	1.06355e-16	1.06468e-16	1.06538e-16	1.06602e-16	1.06638e-16	1.06658e-16	1.0667e-16	1.06689e-16	1.06702e-16	1.06708e-16	1.06718e-16	1.06725e-16	1.0673e-16	1.06733e-16	1.06739e-16	1.06742e-16	1.06746e-16	1.06749e-16	1.06751e-16	1.06754e-16	1.06755e-16	1.06757e-16	1.06758e-16	1.0676e-16	1.06762e-16	1.06763e-16	1.06764e-16	1.06764e-16	1.06766e-16	1.06767e-16	1.06767e-16	1.06768e-16	1.06769e-16	1.06769e-16	1.0677e-16	1.06771e-16	1.06771e-16	1.06771e-16	1.06772e-16	1.06772e-16	1.06772e-16	1.06773e-16	1.06773e-16	1.06773e-16	1.06774e-16	1.06774e-16	1.06774e-16	1.06774e-16	1.06775e-16	1.06775e-16	1.06775e-16	1.06775e-16	1.06776e-16	1.06776e-16	1.06776e-16	1.06776e-16	1.06776e-16	1.06776e-16	1.06776e-16	1.06777e-16	1.06777e-16	1.06777e-16	1.06777e-16	1.06777e-16	1.06777e-16	1.06777e-16	1.06777e-16	1.06777e-16
811.706	2.07005e-14	6.11218e-17	1.04965e-16	1.85166e-19	1.70121e-18	4.04981e-18	7.2306e-18	9.64658e-18	1.36857e-17	1.98853e-17	2.65113e-17	3.3643e-17	4.00855e-17	4.67138e-17	5.537e-17	6.67486e-17	7.76825e-17	8.75257e-17	9.40673e-17	1.00037e-16	1.02819e-16	1.04067e-16	1.04296e-16	1.04393e-16	1.04451e-16	1.04543e-16	1.04655e-16	1.04725e-16	1.04789e-16	1.04826e-16	1.04845e-16	1.04858e-16	1.04876e-16	1.04889e-16	1.04896e-16	1.04906e-16	1.04913e-16	1.04918e-16	1.04921e-16	1.04927e-16	1.0493e-16	1.04934e-16	1.04937e-16	1.04938e-16	1.04942e-16	1.04943e-16	1.04945e-16	1.04946e-16	1.04948e-16	1.0495e-16	1.04951e-16	1.04952e-16	1.04952e-16	1.04954e-16	1.04955e-16	1.04956e-16	1.04956e-16	1.04957e-16	1.04957e-16	1.04958e-16	1.04959e-16	1.04959e-16	1.04959e-16	1.0496e-16	1.0496e-16	1.0496e-16	1.04961e-16	1.04961e-16	1.04961e-16	1.04962e-16	1.04962e-16	1.04962e-16	1.04962e-16	1.04963e-16	1.04963e-16	1.04963e-16	1.04963e-16	1.04964e-16	1.04964e-16	1.04964e-16	1.04964e-16	1.04964e-16	1.04964e-16	1.04964e-16	1.04965e-16	1.04965e-16	1.04965e-16	1.04965e-16	1.04965e-16	1.04965e-16	1.04965e-16	1.04965e-16	1.04965e-16
814.716	2.07005e-14	6.00386e-17	1.03147e-16	1.81448e-19	1.6698e-18	3.98127e-18	7.11603e-18	9.49868e-18	1.34769e-17	1.95681e-17	2.60708e-17	3.30789e-17	3.94199e-17	4.5945e-17	5.44584e-17	6.56251e-17	7.6344e-17	8.59925e-17	9.24138e-17	9.82801e-17	1.01018e-16	1.02251e-16	1.0248e-16	1.02577e-16	1.02635e-16	1.02725e-16	1.02837e-16	1.02906e-16	1.02969e-16	1.03007e-16	1.03027e-16	1.03039e-16	1.03057e-16	1.03071e-16	1.03078e-16	1.03088e-16	1.03095e-16	1.031e-16	1.03103e-16	1.03108e-16	1.03111e-16	1.03116e-16	1.03119e-16	1.0312e-16	1.03124e-16	1.03125e-16	1.03127e-16	1.03128e-16	1.0313e-16	1.03132e-16	1.03133e-16	1.03134e-16	1.03134e-16	1.03136e-16	1.03137e-16	1.03138e-16	1.03138e-16	1.03139e-16	1.03139e-16	1.0314e-16	1.0314e-16	1.03141e-16	1.03141e-16	1.03142e-16	1.03142e-16	1.03142e-16	1.03143e-16	1.03143e-16	1.03143e-16	1.03144e-16	1.03144e-16	1.03144e-16	1.03144e-16	1.03145e-16	1.03145e-16	1.03145e-16	1.03145e-16	1.03145e-16	1.03146e-16	1.03146e-16	1.03146e-16	1.03146e-16	1.03146e-16	1.03146e-16	1.03146e-16	1.03146e-16	1.03147e-16	1.03147e-16	1.03147e-16	1.03147e-16	1.03147e-16	1.03147e-16	1.03147e-16
817.726	2.07006e-14	5.89546e-17	1.01325e-16	1.77772e-19	1.63853e-18	3.91254e-18	7.00065e-18	9.34941e-18	1.3266e-17	1.92489e-17	2.56286e-17	3.25125e-17	3.8751e-17	4.51721e-17	5.35427e-17	6.44981e-17	7.50025e-17	8.44567e-17	9.07575e-17	9.6521e-17	9.92136e-17	1.00432e-16	1.00661e-16	1.00759e-16	1.00815e-16	1.00905e-16	1.01015e-16	1.01084e-16	1.01147e-16	1.01185e-16	1.01205e-16	1.01217e-16	1.01236e-16	1.0125e-16	1.01257e-16	1.01266e-16	1.01274e-16	1.01279e-16	1.01282e-16	1.01287e-16	1.0129e-16	1.01295e-16	1.01297e-16	1.01299e-16	1.01302e-16	1.01304e-16	1.01306e-16	1.01307e-16	1.01308e-16	1.01311e-16	1.01312e-16	1.01313e-16	1.01313e-16	1.01315e-16	1.01315e-16	1.01316e-16	1.01317e-16	1.01317e-16	1.01318e-16	1.01319e-16	1.01319e-16	1.0132e-16	1.0132e-16	1.0132e-16	1.01321e-16	1.01321e-16	1.01322e-16	1.01322e-16	1.01322e-16	1.01322e-16	1.01323e-16	1.01323e-16	1.01323e-16	1.01323e-16	1.01323e-16	1.01324e-16	1.01324e-16	1.01324e-16	1.01324e-16	1.01324e-16	1.01324e-16	1.01325e-16	1.01325e-16	1.01325e-16	1.01325e-16	1.01325e-16	1.01325e-16	1.01325e-16	1.01325e-16	1.01325e-16	1.01325e-16	1.01325e-16	1.01325e-16
820.736	2.07006e-14	5.78715e-17	9.95039e-17	1.74142e-19	1.60743e-18	3.84376e-18	6.88467e-18	9.19907e-18	1.30537e-17	1.89285e-17	2.51855e-17	3.19448e-17	3.80801e-17	4.43964e-17	5.26243e-17	6.33694e-17	7.36602e-17	8.29208e-17	8.91011e-17	9.47622e-17	9.74101e-17	9.86136e-17	9.88416e-17	9.89401e-17	9.89953e-17	9.90838e-17	9.91929e-17	9.9262e-17	9.93242e-17	9.93629e-17	9.93828e-17	9.93951e-17	9.94134e-17	9.94277e-17	9.94355e-17	9.94447e-17	9.94521e-17	9.9457e-17	9.94606e-17	9.94654e-17	9.94682e-17	9.94732e-17	9.94759e-17	9.94777e-17	9.9481e-17	9.94827e-17	9.94843e-17	9.94856e-17	9.94868e-17	9.94893e-17	9.94901e-17	9.94914e-17	9.94919e-17	9.94931e-17	9.94938e-17	9.9495e-17	9.94954e-17	9.94959e-17	9.94961e-17	9.94972e-17	9.94976e-17	9.94983e-17	9.94987e-17	9.94989e-17	9.94993e-17	9.94994e-17	9.95001e-17	9.95005e-17	9.95006e-17	9.95009e-17	9.95012e-17	9.95013e-17	9.95015e-17	9.95018e-17	9.95019e-17	9.9502e-17	9.95025e-17	9.95027e-17	9.95028e-17	9.95029e-17	9.9503e-17	9.95031e-17	9.95034e-17	9.95035e-17	9.95036e-17	9.95037e-17	9.95038e-17	9.95039e-17	9.95039e-17	9.95039e-17	9.95039e-17	9.95039e-17	9.95039e-17
823.746	2.07006e-14	5.67907e-17	9.76849e-17	1.70563e-19	1.57657e-18	3.77505e-18	6.76832e-18	9.04793e-18	1.28401e-17	1.86073e-17	2.47421e-17	3.13767e-17	3.74083e-17	4.36193e-17	5.17049e-17	6.22408e-17	7.23192e-17	8.13872e-17	8.74472e-17	9.30065e-17	9.56098e-17	9.6798e-17	9.70251e-17	9.7124e-17	9.71783e-17	9.72655e-17	9.73736e-17	9.74426e-17	9.7504e-17	9.75431e-17	9.75632e-17	9.75755e-17	9.75937e-17	9.76083e-17	9.76165e-17	9.76256e-17	9.7633e-17	9.7638e-17	9.76417e-17	9.76463e-17	9.7649e-17	9.76542e-17	9.7657e-17	9.76589e-17	9.7662e-17	9.76637e-17	9.76655e-17	9.76667e-17	9.76679e-17	9.76703e-17	9.76711e-17	9.76726e-17	9.76731e-17	9.76741e-17	9.76748e-17	9.7676e-17	9.76765e-17	9.7677e-17	9.76773e-17	9.76782e-17	9.76786e-17	9.76794e-17	9.76798e-17	9.768e-17	9.76804e-17	9.76805e-17	9.76811e-17	9.76815e-17	9.76816e-17	9.7682e-17	9.76823e-17	9.76824e-17	9.76826e-17	9.76828e-17	9.76829e-17	9.7683e-17	9.76835e-17	9.76838e-17	9.76838e-17	9.76839e-17	9.7684e-17	9.76842e-17	9.76844e-17	9.76845e-17	9.76847e-17	9.76847e-17	9.76848e-17	9.76849e-17	9.76849e-17	9.76849e-17	9.76849e-17	9.76849e-17	9.76849e-17
826.756	2.07006e-14	5.57139e-17	9.58711e-17	1.67036e-19	1.54598e-18	3.70653e-18	6.65179e-18	8.89628e-18	1.26258e-17	1.82859e-17	2.42993e-17	3.08093e-17	3.67366e-17	4.2842e-17	5.07857e-17	6.11141e-17	7.09814e-17	7.98582e-17	8.57981e-17	9.12561e-17	9.38151e-17	9.49877e-17	9.52139e-17	9.53131e-17	9.53664e-17	9.54524e-17	9.55594e-17	9.56285e-17	9.56891e-17	9.57284e-17	9.57487e-17	9.5761e-17	9.5779e-17	9.5794e-17	9.58025e-17	9.58116e-17	9.58191e-17	9.5824e-17	9.58279e-17	9.58324e-17	9.58349e-17	9.58403e-17	9.58432e-17	9.58451e-17	9.58481e-17	9.58498e-17	9.58518e-17	9.58529e-17	9.58541e-17	9.58564e-17	9.58572e-17	9.58588e-17	9.58593e-17	9.58603e-17	9.5861e-17	9.58622e-17	9.58627e-17	9.58633e-17	9.58635e-17	9.58643e-17	9.58647e-17	9.58655e-17	9.5866e-17	9.58662e-17	9.58666e-17	9.58667e-17	9.58672e-17	9.58676e-17	9.58677e-17	9.58681e-17	9.58685e-17	9.58686e-17	9.58687e-17	9.5869e-17	9.58691e-17	9.58692e-17	9.58696e-17	9.58699e-17	9.587e-17	9.587e-17	9.58701e-17	9.58703e-17	9.58705e-17	9.58707e-17	9.58708e-17	9.58708e-17	9.58709e-17	9.58711e-17	9.58711e-17	9.58711e-17	9.58711e-17	9.58711e-17	9.58711e-17
829.766	2.07007e-14	5.46424e-17	9.40647e-17	1.63567e-19	1.5157e-18	3.6383e-18	6.5353e-18	8.74435e-18	1.2411e-17	1.79647e-17	2.38577e-17	3.02433e-17	3.60663e-17	4.20657e-17	4.98682e-17	5.99908e-17	6.96487e-17	7.83357e-17	8.41559e-17	8.95133e-17	9.20285e-17	9.31853e-17	9.34103e-17	9.35098e-17	9.35621e-17	9.36468e-17	9.37528e-17	9.38219e-17	9.38817e-17	9.39212e-17	9.39417e-17	9.39541e-17	9.39719e-17	9.39871e-17	9.39959e-17	9.40052e-17	9.40126e-17	9.40176e-17	9.40217e-17	9.4026e-17	9.40284e-17	9.40338e-17	9.40369e-17	9.40389e-17	9.40417e-17	9.40435e-17	9.40455e-17	9.40467e-17	9.40478e-17	9.40501e-17	9.40508e-17	9.40526e-17	9.40531e-17	9.4054e-17	9.40547e-17	9.40559e-17	9.40564e-17	9.40571e-17	9.40573e-17	9.4058e-17	9.40583e-17	9.40592e-17	9.40597e-17	9.40599e-17	9.40603e-17	9.40604e-17	9.40609e-17	9.40613e-17	9.40613e-17	9.40618e-17	9.40622e-17	9.40623e-17	9.40624e-17	9.40627e-17	9.40628e-17	9.40629e-17	9.40633e-17	9.40635e-17	9.40636e-17	9.40637e-17	9.40637e-17	9.4064e-17	9.40642e-17	9.40643e-17	9.40645e-17	9.40645e-17	9.40646e-17	9.40647e-17	9.40647e-17	9.40647e-17	9.40647e-17	9.40647e-17	9.40647e-17
832.776	2.07007e-14	5.35776e-17	9.22682e-17	1.60157e-19	1.48577e-18	3.57046e-18	6.41902e-18	8.5924e-18	1.21962e-17	1.76441e-17	2.34179e-17	2.96796e-17	3.53981e-17	4.12917e-17	4.89537e-17	5.88724e-17	6.83229e-17	7.68219e-17	8.2523e-17	8.77804e-17	9.0252e-17	9.13929e-17	9.16167e-17	9.17163e-17	9.17676e-17	9.1851e-17	9.19561e-17	9.20252e-17	9.20843e-17	9.21239e-17	9.21445e-17	9.2157e-17	9.21746e-17	9.219e-17	9.21991e-17	9.22086e-17	9.2216e-17	9.22209e-17	9.22253e-17	9.22294e-17	9.22318e-17	9.22372e-17	9.22403e-17	9.22425e-17	9.22452e-17	9.22469e-17	9.22491e-17	9.22503e-17	9.22514e-17	9.22535e-17	9.22542e-17	9.22562e-17	9.22567e-17	9.22576e-17	9.22582e-17	9.22594e-17	9.22599e-17	9.22607e-17	9.2261e-17	9.22615e-17	9.22618e-17	9.22627e-17	9.22632e-17	9.22635e-17	9.22639e-17	9.2264e-17	9.22644e-17	9.22647e-17	9.22648e-17	9.22653e-17	9.22657e-17	9.22658e-17	9.2266e-17	9.22662e-17	9.22663e-17	9.22664e-17	9.22667e-17	9.2267e-17	9.22671e-17	9.22671e-17	9.22672e-17	9.22675e-17	9.22677e-17	9.22678e-17	9.22679e-17	9.2268e-17	9.22681e-17	9.22682e-17	9.22682e-17	9.22682e-17	9.22682e-17	9.22682e-17	9.22682e-17
835.786	2.07007e-14	5.25207e-17	9.04836e-17	1.56808e-19	1.45621e-18	3.5031e-18	6.30312e-18	8.44066e-18	1.19815e-17	1.73247e-17	2.29805e-17	2.91189e-17	3.47331e-17	4.05208e-17	4.80432e-17	5.77604e-17	6.70056e-17	7.53184e-17	8.09011e-17	8.60592e-17	8.84877e-17	8.96127e-17	8.9835e-17	8.99347e-17	8.99852e-17	9.00672e-17	9.01712e-17	9.02405e-17	9.02988e-17	9.03384e-17	9.03593e-17	9.03718e-17	9.03892e-17	9.04049e-17	9.04142e-17	9.04239e-17	9.04313e-17	9.04362e-17	9.04408e-17	9.04448e-17	9.04471e-17	9.04524e-17	9.04558e-17	9.04581e-17	9.04606e-17	9.04623e-17	9.04645e-17	9.04658e-17	9.0467e-17	9.04689e-17	9.04696e-17	9.04716e-17	9.04722e-17	9.04731e-17	9.04737e-17	9.04748e-17	9.04754e-17	9.04762e-17	9.04765e-17	9.0477e-17	9.04773e-17	9.04782e-17	9.04786e-17	9.04789e-17	9.04794e-17	9.04795e-17	9.04799e-17	9.04802e-17	9.04802e-17	9.04808e-17	9.04812e-17	9.04812e-17	9.04814e-17	9.04817e-17	9.04818e-17	9.04819e-17	9.04822e-17	9.04824e-17	9.04825e-17	9.04825e-17	9.04826e-17	9.04829e-17	9.04831e-17	9.04833e-17	9.04834e-17	9.04834e-17	9.04835e-17	9.04836e-17	9.04836e-17	9.04836e-17	9.04836e-17	9.04836e-17	9.04836e-17
838.796	2.07007e-14	5.14727e-17	8.8713e-17	1.53522e-19	1.42705e-18	3.43631e-18	6.18776e-18	8.28933e-18	1.17673e-17	1.70068e-17	2.25459e-17	2.8562e-17	3.40721e-17	3.97542e-17	4.71379e-17	5.66558e-17	6.56982e-17	7.38271e-17	7.92921e-17	8.43517e-17	8.67376e-17	8.78465e-17	8.80674e-17	8.81671e-17	8.82166e-17	8.82972e-17	8.84003e-17	8.84697e-17	8.85274e-17	8.85669e-17	8.85879e-17	8.86006e-17	8.86178e-17	8.86336e-17	8.86432e-17	8.86532e-17	8.86605e-17	8.86654e-17	8.86701e-17	8.86741e-17	8.86764e-17	8.86816e-17	8.86851e-17	8.86875e-17	8.86899e-17	8.86917e-17	8.86939e-17	8.86952e-17	8.86964e-17	8.86982e-17	8.86989e-17	8.8701e-17	8.87016e-17	8.87026e-17	8.87031e-17	8.87041e-17	8.87047e-17	8.87057e-17	8.8706e-17	8.87064e-17	8.87067e-17	8.87075e-17	8.87079e-17	8.87083e-17	8.87088e-17	8.8709e-17	8.87093e-17	8.87095e-17	8.87096e-17	8.87101e-17	8.87105e-17	8.87106e-17	8.87108e-17	8.87111e-17	8.87112e-17	8.87113e-17	8.87115e-17	8.87117e-17	8.87118e-17	8.87119e-17	8.8712e-17	8.87123e-17	8.87125e-17	8.87126e-17	8.87127e-17	8.87127e-17	8.87128e-17	8.8713e-17	8.8713e-17	8.8713e-17	8.8713e-17	8.8713e-17	8.8713e-17
841.806	2.07008e-14	5.04349e-17	8.6958e-17	1.503e-19	1.39832e-18	3.37016e-18	6.07309e-18	8.13862e-18	1.15539e-17	1.66907e-17	2.21147e-17	2.80095e-17	3.34159e-17	3.89927e-17	4.62388e-17	5.55601e-17	6.44022e-17	7.23494e-17	7.76977e-17	8.26596e-17	8.50033e-17	8.60962e-17	8.63156e-17	8.64151e-17	8.64638e-17	8.6543e-17	8.66451e-17	8.67147e-17	8.67718e-17	8.68112e-17	8.68323e-17	8.68452e-17	8.68621e-17	8.6878e-17	8.68878e-17	8.68982e-17	8.69055e-17	8.69104e-17	8.69152e-17	8.69191e-17	8.69215e-17	8.69265e-17	8.69301e-17	8.69327e-17	8.69351e-17	8.69368e-17	8.6939e-17	8.69404e-17	8.69417e-17	8.69433e-17	8.69439e-17	8.69461e-17	8.69468e-17	8.69478e-17	8.69483e-17	8.69492e-17	8.69498e-17	8.69508e-17	8.69511e-17	8.69516e-17	8.69518e-17	8.69526e-17	8.6953e-17	8.69534e-17	8.6954e-17	8.69541e-17	8.69544e-17	8.69546e-17	8.69547e-17	8.69552e-17	8.69556e-17	8.69557e-17	8.69559e-17	8.69562e-17	8.69563e-17	8.69564e-17	8.69566e-17	8.69568e-17	8.69569e-17	8.6957e-17	8.6957e-17	8.69574e-17	8.69576e-17	8.69577e-17	8.69578e-17	8.69578e-17	8.69579e-17	8.6958e-17	8.6958e-17	8.6958e-17	8.6958e-17	8.6958e-17	8.6958e-17
844.816	2.07008e-14	4.9408e-17	8.52205e-17	1.47145e-19	1.37004e-18	3.30471e-18	5.95924e-18	7.98871e-18	1.13416e-17	1.63768e-17	2.16873e-17	2.74619e-17	3.27653e-17	3.82371e-17	4.53469e-17	5.44741e-17	6.31188e-17	7.08867e-17	7.61194e-17	8.09844e-17	8.32865e-17	8.43634e-17	8.45811e-17	8.46804e-17	8.47283e-17	8.4806e-17	8.49073e-17	8.4977e-17	8.50336e-17	8.50729e-17	8.50941e-17	8.51072e-17	8.51239e-17	8.51398e-17	8.51497e-17	8.51605e-17	8.51679e-17	8.51727e-17	8.51777e-17	8.51816e-17	8.51839e-17	8.51888e-17	8.51926e-17	8.51952e-17	8.51976e-17	8.51992e-17	8.52014e-17	8.52029e-17	8.52043e-17	8.52057e-17	8.52064e-17	8.52086e-17	8.52092e-17	8.52104e-17	8.52109e-17	8.52117e-17	8.52123e-17	8.52134e-17	8.52137e-17	8.52141e-17	8.52144e-17	8.52151e-17	8.52155e-17	8.52159e-17	8.52165e-17	8.52167e-17	8.52169e-17	8.52172e-17	8.52172e-17	8.52177e-17	8.52181e-17	8.52182e-17	8.52184e-17	8.52187e-17	8.52188e-17	8.5219e-17	8.52191e-17	8.52193e-17	8.52194e-17	8.52195e-17	8.52195e-17	8.52198e-17	8.522e-17	8.52202e-17	8.52203e-17	8.52203e-17	8.52204e-17	8.52205e-17	8.52205e-17	8.52205e-17	8.52205e-17	8.52205e-17	8.52205e-17
847.826	2.07008e-14	4.83931e-17	8.35019e-17	1.44055e-19	1.34222e-18	3.24004e-18	5.84634e-18	7.83978e-18	1.11305e-17	1.60654e-17	2.12641e-17	2.69199e-17	3.21207e-17	3.74883e-17	4.44629e-17	5.3399e-17	6.18491e-17	6.94404e-17	7.45586e-17	7.93276e-17	8.15887e-17	8.26496e-17	8.28656e-17	8.29646e-17	8.30118e-17	8.3088e-17	8.31883e-17	8.32582e-17	8.33144e-17	8.33535e-17	8.33749e-17	8.33881e-17	8.34046e-17	8.34205e-17	8.34306e-17	8.34418e-17	8.34491e-17	8.34539e-17	8.34591e-17	8.3463e-17	8.34654e-17	8.347e-17	8.34739e-17	8.34766e-17	8.3479e-17	8.34807e-17	8.34828e-17	8.34844e-17	8.34858e-17	8.34872e-17	8.34878e-17	8.349e-17	8.34906e-17	8.34919e-17	8.34924e-17	8.34931e-17	8.34937e-17	8.34948e-17	8.34952e-17	8.34956e-17	8.34959e-17	8.34965e-17	8.34968e-17	8.34973e-17	8.3498e-17	8.34981e-17	8.34984e-17	8.34986e-17	8.34987e-17	8.34991e-17	8.34995e-17	8.34996e-17	8.34999e-17	8.35002e-17	8.35003e-17	8.35004e-17	8.35006e-17	8.35008e-17	8.35008e-17	8.35009e-17	8.3501e-17	8.35012e-17	8.35014e-17	8.35016e-17	8.35017e-17	8.35017e-17	8.35018e-17	8.35019e-17	8.35019e-17	8.35019e-17	8.35019e-17	8.35019e-17	8.35019e-17
850.836	2.07008e-14	4.73908e-17	8.18036e-17	1.41032e-19	1.31487e-18	3.17619e-18	5.7345e-18	7.69196e-18	1.09209e-17	1.57568e-17	2.08454e-17	2.63838e-17	3.1483e-17	3.67469e-17	4.35878e-17	5.23355e-17	6.05942e-17	6.80115e-17	7.30166e-17	7.76904e-17	7.9911e-17	8.09561e-17	8.11704e-17	8.1269e-17	8.13155e-17	8.13902e-17	8.14896e-17	8.15596e-17	8.16156e-17	8.16545e-17	8.1676e-17	8.16894e-17	8.17057e-17	8.17215e-17	8.17317e-17	8.17433e-17	8.17507e-17	8.17555e-17	8.17607e-17	8.17647e-17	8.17671e-17	8.17715e-17	8.17755e-17	8.17783e-17	8.17808e-17	8.17824e-17	8.17844e-17	8.17861e-17	8.17876e-17	8.17889e-17	8.17895e-17	8.17917e-17	8.17923e-17	8.17937e-17	8.17942e-17	8.17948e-17	8.17954e-17	8.17965e-17	8.17969e-17	8.17974e-17	8.17977e-17	8.17982e-17	8.17985e-17	8.1799e-17	8.17997e-17	8.17998e-17	8.18002e-17	8.18004e-17	8.18005e-17	8.18008e-17	8.18011e-17	8.18012e-17	8.18016e-17	8.18019e-17	8.1802e-17	8.18021e-17	8.18023e-17	8.18025e-17	8.18025e-17	8.18026e-17	8.18027e-17	8.18029e-17	8.18031e-17	8.18033e-17	8.18034e-17	8.18034e-17	8.18035e-17	8.18036e-17	8.18036e-17	8.18036e-17	8.18036e-17	8.18036e-17	8.18036e-17
853.846	2.07009e-14	4.64018e-17	8.01268e-17	1.38077e-19	1.28802e-18	3.1132e-18	5.62381e-18	7.54542e-18	1.07129e-17	1.54512e-17	2.04316e-17	2.58541e-17	3.08525e-17	3.60136e-17	4.27221e-17	5.12845e-17	5.93549e-17	6.66011e-17	7.14944e-17	7.6074e-17	7.82547e-17	7.92841e-17	7.94967e-17	7.95948e-17	7.96406e-17	7.97138e-17	7.98123e-17	7.98824e-17	7.99383e-17	7.99771e-17	7.99986e-17	8.00122e-17	8.00284e-17	8.00441e-17	8.00542e-17	8.00663e-17	8.00738e-17	8.00786e-17	8.00839e-17	8.00879e-17	8.00904e-17	8.00945e-17	8.00985e-17	8.01014e-17	8.0104e-17	8.01056e-17	8.01076e-17	8.01093e-17	8.01109e-17	8.01121e-17	8.01128e-17	8.01148e-17	8.01154e-17	8.0117e-17	8.01174e-17	8.01181e-17	8.01187e-17	8.01197e-17	8.01201e-17	8.01207e-17	8.01211e-17	8.01215e-17	8.01217e-17	8.01222e-17	8.01229e-17	8.0123e-17	8.01234e-17	8.01237e-17	8.01237e-17	8.0124e-17	8.01243e-17	8.01244e-17	8.01248e-17	8.01251e-17	8.01252e-17	8.01254e-17	8.01255e-17	8.01257e-17	8.01258e-17	8.01259e-17	8.01259e-17	8.01261e-17	8.01263e-17	8.01265e-17	8.01266e-17	8.01266e-17	8.01267e-17	8.01268e-17	8.01268e-17	8.01268e-17	8.01268e-17	8.01268e-17	8.01268e-17
856.856	2.07009e-14	4.54269e-17	7.84726e-17	1.35188e-19	1.26166e-18	3.05113e-18	5.51437e-18	7.40027e-18	1.05068e-17	1.51488e-17	2.00229e-17	2.53312e-17	3.02298e-17	3.52889e-17	4.18665e-17	5.02466e-17	5.81321e-17	6.52101e-17	6.99931e-17	7.44795e-17	7.66209e-17	7.76348e-17	7.78456e-17	7.79431e-17	7.79883e-17	7.806e-17	7.81575e-17	7.82277e-17	7.82837e-17	7.83223e-17	7.83439e-17	7.83576e-17	7.83737e-17	7.83892e-17	7.83994e-17	7.84119e-17	7.84194e-17	7.84242e-17	7.84296e-17	7.84337e-17	7.84362e-17	7.84401e-17	7.84442e-17	7.84471e-17	7.84498e-17	7.84514e-17	7.84533e-17	7.84551e-17	7.84567e-17	7.8458e-17	7.84586e-17	7.84605e-17	7.84612e-17	7.84628e-17	7.84633e-17	7.84639e-17	7.84645e-17	7.84655e-17	7.84658e-17	7.84666e-17	7.84669e-17	7.84673e-17	7.84675e-17	7.8468e-17	7.84687e-17	7.84688e-17	7.84693e-17	7.84695e-17	7.84696e-17	7.84699e-17	7.84701e-17	7.84702e-17	7.84706e-17	7.84709e-17	7.8471e-17	7.84712e-17	7.84713e-17	7.84715e-17	7.84716e-17	7.84717e-17	7.84717e-17	7.84719e-17	7.84721e-17	7.84723e-17	7.84724e-17	7.84724e-17	7.84725e-17	7.84726e-17	7.84726e-17	7.84726e-17	7.84726e-17	7.84726e-17	7.84726e-17
859.866	2.07009e-14	4.44664e-17	7.6842e-17	1.32366e-19	1.23581e-18	2.99e-18	5.40626e-18	7.25664e-18	1.03028e-17	1.48498e-17	1.96196e-17	2.48155e-17	2.96152e-17	3.45734e-17	4.10216e-17	4.92226e-17	5.69264e-17	6.38393e-17	6.85136e-17	7.29078e-17	7.50104e-17	7.6009e-17	7.62179e-17	7.63149e-17	7.63595e-17	7.64297e-17	7.65262e-17	7.65966e-17	7.66526e-17	7.66911e-17	7.67128e-17	7.67267e-17	7.67427e-17	7.6758e-17	7.67681e-17	7.6781e-17	7.67886e-17	7.67935e-17	7.67988e-17	7.6803e-17	7.68056e-17	7.68093e-17	7.68134e-17	7.68163e-17	7.68192e-17	7.68208e-17	7.68226e-17	7.68244e-17	7.68261e-17	7.68273e-17	7.6828e-17	7.68298e-17	7.68304e-17	7.68322e-17	7.68327e-17	7.68333e-17	7.68339e-17	7.68348e-17	7.68352e-17	7.68359e-17	7.68364e-17	7.68367e-17	7.68369e-17	7.68374e-17	7.6838e-17	7.68381e-17	7.68387e-17	7.68389e-17	7.6839e-17	7.68392e-17	7.68395e-17	7.68396e-17	7.68399e-17	7.68402e-17	7.68404e-17	7.68405e-17	7.68407e-17	7.68409e-17	7.6841e-17	7.68411e-17	7.68411e-17	7.68413e-17	7.68415e-17	7.68416e-17	7.68417e-17	7.68417e-17	7.68418e-17	7.6842e-17	7.6842e-17	7.6842e-17	7.6842e-17	7.6842e-17	7.6842e-17
862.876	2.07009e-14	4.35209e-17	7.52357e-17	1.2961e-19	1.21047e-18	2.92984e-18	5.29954e-18	7.11462e-18	1.01009e-17	1.45545e-17	1.92219e-17	2.4307e-17	2.90092e-17	3.38674e-17	4.01878e-17	4.82128e-17	5.57385e-17	6.24894e-17	6.70565e-17	7.13596e-17	7.3424e-17	7.44075e-17	7.46146e-17	7.4711e-17	7.4755e-17	7.48237e-17	7.49193e-17	7.49896e-17	7.50459e-17	7.50843e-17	7.51061e-17	7.51201e-17	7.51361e-17	7.51512e-17	7.51612e-17	7.51744e-17	7.51821e-17	7.51871e-17	7.51923e-17	7.51967e-17	7.51993e-17	7.52029e-17	7.52069e-17	7.52098e-17	7.52129e-17	7.52145e-17	7.52162e-17	7.52181e-17	7.52198e-17	7.52211e-17	7.52218e-17	7.52235e-17	7.52241e-17	7.52259e-17	7.52264e-17	7.52271e-17	7.52276e-17	7.52285e-17	7.52288e-17	7.52297e-17	7.52301e-17	7.52304e-17	7.52307e-17	7.52311e-17	7.52317e-17	7.52318e-17	7.52324e-17	7.52327e-17	7.52327e-17	7.5233e-17	7.52332e-17	7.52333e-17	7.52336e-17	7.52339e-17	7.5234e-17	7.52342e-17	7.52344e-17	7.52346e-17	7.52347e-17	7.52348e-17	7.52348e-17	7.5235e-17	7.52352e-17	7.52353e-17	7.52354e-17	7.52354e-17	7.52356e-17	7.52357e-17	7.52357e-17	7.52357e-17	7.52357e-17	7.52357e-17	7.52357e-17
865.886	2.0701e-14	4.25907e-17	7.36545e-17	1.26919e-19	1.18564e-18	2.87067e-18	5.19428e-18	6.97431e-18	9.90125e-18	1.4263e-17	1.88299e-17	2.38062e-17	2.84121e-17	3.31715e-17	3.93656e-17	4.72177e-17	5.45689e-17	6.11608e-17	6.56226e-17	6.98356e-17	7.18625e-17	7.28311e-17	7.30363e-17	7.31321e-17	7.31756e-17	7.32428e-17	7.33373e-17	7.34077e-17	7.34643e-17	7.35026e-17	7.35245e-17	7.35386e-17	7.35546e-17	7.35695e-17	7.35794e-17	7.35929e-17	7.36007e-17	7.36057e-17	7.36109e-17	7.36154e-17	7.36181e-17	7.36215e-17	7.36255e-17	7.36284e-17	7.36317e-17	7.36333e-17	7.3635e-17	7.36368e-17	7.36385e-17	7.36399e-17	7.36407e-17	7.36422e-17	7.36428e-17	7.36446e-17	7.36452e-17	7.36459e-17	7.36464e-17	7.36472e-17	7.36476e-17	7.36485e-17	7.36489e-17	7.36492e-17	7.36495e-17	7.36499e-17	7.36504e-17	7.36505e-17	7.36512e-17	7.36514e-17	7.36515e-17	7.36518e-17	7.3652e-17	7.36521e-17	7.36523e-17	7.36527e-17	7.36528e-17	7.36529e-17	7.36532e-17	7.36534e-17	7.36535e-17	7.36536e-17	7.36536e-17	7.36537e-17	7.3654e-17	7.36541e-17	7.36542e-17	7.36542e-17	7.36543e-17	7.36545e-17	7.36545e-17	7.36545e-17	7.36545e-17	7.36545e-17	7.36545e-17
868.896	2.0701e-14	4.16762e-17	7.20989e-17	1.24293e-19	1.16132e-18	2.81252e-18	5.09052e-18	6.83578e-18	9.70406e-18	1.39753e-17	1.84438e-17	2.33133e-17	2.78241e-17	3.24858e-17	3.85554e-17	4.62378e-17	5.34179e-17	5.98542e-17	6.42123e-17	6.83365e-17	7.03263e-17	7.12803e-17	7.14837e-17	7.15788e-17	7.16217e-17	7.16874e-17	7.1781e-17	7.18513e-17	7.19084e-17	7.19467e-17	7.19687e-17	7.19829e-17	7.19988e-17	7.20135e-17	7.20232e-17	7.2037e-17	7.2045e-17	7.205e-17	7.20552e-17	7.20597e-17	7.20625e-17	7.20658e-17	7.20697e-17	7.20726e-17	7.20761e-17	7.20777e-17	7.20793e-17	7.20812e-17	7.20829e-17	7.20844e-17	7.20852e-17	7.20866e-17	7.20872e-17	7.2089e-17	7.20896e-17	7.20904e-17	7.20909e-17	7.20916e-17	7.20919e-17	7.20929e-17	7.20934e-17	7.20937e-17	7.2094e-17	7.20943e-17	7.20948e-17	7.20949e-17	7.20956e-17	7.20959e-17	7.20959e-17	7.20962e-17	7.20964e-17	7.20965e-17	7.20968e-17	7.20971e-17	7.20972e-17	7.20973e-17	7.20976e-17	7.20978e-17	7.20979e-17	7.2098e-17	7.20981e-17	7.20982e-17	7.20984e-17	7.20985e-17	7.20986e-17	7.20986e-17	7.20987e-17	7.20989e-17	7.20989e-17	7.20989e-17	7.20989e-17	7.20989e-17	7.20989e-17
871.906	2.0701e-14	4.07775e-17	7.05694e-17	1.21731e-19	1.13752e-18	2.75539e-18	4.98832e-18	6.69911e-18	9.50937e-18	1.36916e-17	1.80637e-17	2.28282e-17	2.72454e-17	3.18107e-17	3.77574e-17	4.52734e-17	5.2286e-17	5.85697e-17	6.28261e-17	6.68626e-17	6.8816e-17	6.97556e-17	6.99571e-17	7.00515e-17	7.00939e-17	7.01582e-17	7.02507e-17	7.0321e-17	7.03785e-17	7.04169e-17	7.0439e-17	7.04533e-17	7.04693e-17	7.04837e-17	7.04933e-17	7.05072e-17	7.05153e-17	7.05205e-17	7.05255e-17	7.05302e-17	7.05331e-17	7.05362e-17	7.05401e-17	7.05429e-17	7.05466e-17	7.05482e-17	7.05499e-17	7.05516e-17	7.05534e-17	7.05549e-17	7.05558e-17	7.05571e-17	7.05577e-17	7.05595e-17	7.05601e-17	7.0561e-17	7.05615e-17	7.05622e-17	7.05625e-17	7.05634e-17	7.05639e-17	7.05642e-17	7.05646e-17	7.05649e-17	7.05653e-17	7.05654e-17	7.05661e-17	7.05664e-17	7.05665e-17	7.05668e-17	7.0567e-17	7.05671e-17	7.05673e-17	7.05676e-17	7.05677e-17	7.05678e-17	7.05681e-17	7.05684e-17	7.05684e-17	7.05685e-17	7.05686e-17	7.05687e-17	7.05689e-17	7.0569e-17	7.05691e-17	7.05692e-17	7.05693e-17	7.05694e-17	7.05694e-17	7.05694e-17	7.05694e-17	7.05694e-17	7.05694e-17
874.916	2.0701e-14	3.9895e-17	6.90664e-17	1.19231e-19	1.11422e-18	2.6993e-18	4.88769e-18	6.56435e-18	9.31729e-18	1.34121e-17	1.76897e-17	2.23513e-17	2.66762e-17	3.11464e-17	3.69719e-17	4.43246e-17	5.11734e-17	5.73079e-17	6.14644e-17	6.54144e-17	6.73319e-17	6.82573e-17	6.8457e-17	6.85507e-17	6.85927e-17	6.86555e-17	6.8747e-17	6.88172e-17	6.88752e-17	6.89137e-17	6.89359e-17	6.89502e-17	6.89663e-17	6.89804e-17	6.89899e-17	6.90039e-17	6.90122e-17	6.90174e-17	6.90224e-17	6.90271e-17	6.903e-17	6.90332e-17	6.9037e-17	6.90397e-17	6.90436e-17	6.90452e-17	6.90469e-17	6.90486e-17	6.90503e-17	6.9052e-17	6.90529e-17	6.90541e-17	6.90547e-17	6.90564e-17	6.90571e-17	6.90581e-17	6.90585e-17	6.90592e-17	6.90595e-17	6.90604e-17	6.90609e-17	6.90613e-17	6.90617e-17	6.90619e-17	6.90623e-17	6.90625e-17	6.90631e-17	6.90634e-17	6.90635e-17	6.90638e-17	6.9064e-17	6.90641e-17	6.90643e-17	6.90646e-17	6.90647e-17	6.90648e-17	6.90651e-17	6.90654e-17	6.90655e-17	6.90656e-17	6.90656e-17	6.90657e-17	6.90659e-17	6.90661e-17	6.90662e-17	6.90662e-17	6.90663e-17	6.90664e-17	6.90664e-17	6.90664e-17	6.90664e-17	6.90664e-17	6.90664e-17
877.926	2.07011e-14	3.90287e-17	6.75902e-17	1.16793e-19	1.09142e-18	2.64425e-18	4.78868e-18	6.43156e-18	9.12788e-18	1.31367e-17	1.73219e-17	2.18826e-17	2.61167e-17	3.04932e-17	3.61992e-17	4.33917e-17	5.00803e-17	5.60688e-17	6.01273e-17	6.39921e-17	6.58743e-17	6.67858e-17	6.69836e-17	6.70767e-17	6.71181e-17	6.71796e-17	6.727e-17	6.734e-17	6.73986e-17	6.74373e-17	6.74596e-17	6.74739e-17	6.74901e-17	6.75041e-17	6.75134e-17	6.75274e-17	6.75358e-17	6.75412e-17	6.7546e-17	6.75508e-17	6.75538e-17	6.75569e-17	6.75606e-17	6.75632e-17	6.75673e-17	6.7569e-17	6.75707e-17	6.75723e-17	6.7574e-17	6.75758e-17	6.75767e-17	6.75779e-17	6.75785e-17	6.75802e-17	6.75809e-17	6.75819e-17	6.75824e-17	6.7583e-17	6.75833e-17	6.75842e-17	6.75847e-17	6.75851e-17	6.75855e-17	6.75858e-17	6.75861e-17	6.75863e-17	6.75869e-17	6.75872e-17	6.75873e-17	6.75877e-17	6.75879e-17	6.7588e-17	6.75881e-17	6.75884e-17	6.75885e-17	6.75886e-17	6.75889e-17	6.75891e-17	6.75892e-17	6.75893e-17	6.75894e-17	6.75895e-17	6.75897e-17	6.75899e-17	6.759e-17	6.759e-17	6.75901e-17	6.75902e-17	6.75902e-17	6.75902e-17	6.75902e-17	6.75902e-17	6.75902e-17
880.936	2.07011e-14	3.81787e-17	6.6141e-17	1.14415e-19	1.06912e-18	2.59024e-18	4.6913e-18	6.30078e-18	8.9412e-18	1.28655e-17	1.69603e-17	2.14222e-17	2.55669e-17	2.9851e-17	3.54393e-17	4.24749e-17	4.90068e-17	5.48526e-17	5.88151e-17	6.25959e-17	6.44433e-17	6.53411e-17	6.55371e-17	6.56296e-17	6.56706e-17	6.57307e-17	6.582e-17	6.58898e-17	6.59489e-17	6.59879e-17	6.60103e-17	6.60247e-17	6.60409e-17	6.60547e-17	6.60639e-17	6.60778e-17	6.60864e-17	6.60918e-17	6.60966e-17	6.61014e-17	6.61044e-17	6.61076e-17	6.61112e-17	6.61138e-17	6.61179e-17	6.61197e-17	6.61214e-17	6.6123e-17	6.61246e-17	6.61265e-17	6.61275e-17	6.61287e-17	6.61293e-17	6.61308e-17	6.61316e-17	6.61327e-17	6.61331e-17	6.61338e-17	6.61341e-17	6.61349e-17	6.61354e-17	6.61359e-17	6.61363e-17	6.61365e-17	6.61369e-17	6.6137e-17	6.61376e-17	6.61379e-17	6.6138e-17	6.61384e-17	6.61387e-17	6.61387e-17	6.61389e-17	6.61391e-17	6.61392e-17	6.61393e-17	6.61396e-17	6.61399e-17	6.614e-17	6.61401e-17	6.61401e-17	6.61403e-17	6.61405e-17	6.61406e-17	6.61407e-17	6.61408e-17	6.61409e-17	6.6141e-17	6.6141e-17	6.6141e-17	6.6141e-17	6.6141e-17	6.6141e-17
883.946	2.07011e-14	3.73451e-17	6.47188e-17	1.12096e-19	1.04731e-18	2.53727e-18	4.59557e-18	6.17203e-18	8.75732e-18	1.25987e-17	1.66049e-17	2.097e-17	2.5027e-17	2.92201e-17	3.46925e-17	4.15741e-17	4.7953e-17	5.36593e-17	5.75278e-17	6.12259e-17	6.30391e-17	6.39235e-17	6.41177e-17	6.42095e-17	6.42501e-17	6.43089e-17	6.43971e-17	6.44666e-17	6.45263e-17	6.45656e-17	6.45882e-17	6.46026e-17	6.46189e-17	6.46325e-17	6.46415e-17	6.46554e-17	6.46641e-17	6.46696e-17	6.46743e-17	6.46791e-17	6.46821e-17	6.46853e-17	6.46888e-17	6.46914e-17	6.46956e-17	6.46974e-17	6.46992e-17	6.47008e-17	6.47024e-17	6.47043e-17	6.47053e-17	6.47065e-17	6.47071e-17	6.47086e-17	6.47093e-17	6.47105e-17	6.4711e-17	6.47116e-17	6.47119e-17	6.47127e-17	6.47131e-17	6.47137e-17	6.47142e-17	6.47144e-17	6.47147e-17	6.47149e-17	6.47154e-17	6.47157e-17	6.47158e-17	6.47163e-17	6.47165e-17	6.47166e-17	6.47167e-17	6.4717e-17	6.4717e-17	6.47171e-17	6.47174e-17	6.47177e-17	6.47178e-17	6.47179e-17	6.47179e-17	6.47181e-17	6.47183e-17	6.47184e-17	6.47185e-17	6.47186e-17	6.47187e-17	6.47188e-17	6.47188e-17	6.47188e-17	6.47188e-17	6.47188e-17	6.47188e-17
886.957	2.07011e-14	3.65278e-17	6.33237e-17	1.09834e-19	1.02599e-18	2.48534e-18	4.5015e-18	6.04535e-18	8.57627e-18	1.23361e-17	1.62558e-17	2.05261e-17	2.44969e-17	2.86005e-17	3.39587e-17	4.06895e-17	4.69189e-17	5.2489e-17	5.62655e-17	5.98822e-17	6.16617e-17	6.2533e-17	6.27254e-17	6.28166e-17	6.28567e-17	6.29142e-17	6.30013e-17	6.30705e-17	6.31308e-17	6.31705e-17	6.31932e-17	6.32076e-17	6.3224e-17	6.32374e-17	6.32463e-17	6.326e-17	6.32688e-17	6.32744e-17	6.3279e-17	6.32839e-17	6.32869e-17	6.32902e-17	6.32936e-17	6.32961e-17	6.33004e-17	6.33023e-17	6.33042e-17	6.33057e-17	6.33072e-17	6.33092e-17	6.33102e-17	6.33114e-17	6.33121e-17	6.33134e-17	6.33142e-17	6.33154e-17	6.33159e-17	6.33166e-17	6.33169e-17	6.33176e-17	6.3318e-17	6.33186e-17	6.33191e-17	6.33193e-17	6.33197e-17	6.33198e-17	6.33203e-17	6.33206e-17	6.33207e-17	6.33212e-17	6.33214e-17	6.33215e-17	6.33217e-17	6.33219e-17	6.3322e-17	6.33221e-17	6.33223e-17	6.33226e-17	6.33227e-17	6.33227e-17	6.33228e-17	6.3323e-17	6.33232e-17	6.33233e-17	6.33235e-17	6.33235e-17	6.33236e-17	6.33237e-17	6.33237e-17	6.33237e-17	6.33237e-17	6.33237e-17	6.33237e-17
889.967	2.07012e-14	3.57267e-17	6.19557e-17	1.07628e-19	1.00515e-18	2.43444e-18	4.40909e-18	5.92076e-18	8.39808e-18	1.2078e-17	1.5913e-17	2.00905e-17	2.39766e-17	2.79923e-17	3.32381e-17	3.98211e-17	4.59044e-17	5.13416e-17	5.50281e-17	5.85648e-17	6.03112e-17	6.11695e-17	6.13601e-17	6.14508e-17	6.14904e-17	6.15467e-17	6.16326e-17	6.17014e-17	6.17623e-17	6.18024e-17	6.18253e-17	6.18397e-17	6.18562e-17	6.18695e-17	6.18782e-17	6.18918e-17	6.19007e-17	6.19063e-17	6.19109e-17	6.19157e-17	6.19187e-17	6.19221e-17	6.19254e-17	6.19279e-17	6.19322e-17	6.19341e-17	6.19361e-17	6.19376e-17	6.19391e-17	6.19411e-17	6.19421e-17	6.19434e-17	6.19441e-17	6.19453e-17	6.19461e-17	6.19474e-17	6.19479e-17	6.19486e-17	6.19489e-17	6.19496e-17	6.195e-17	6.19506e-17	6.19511e-17	6.19513e-17	6.19517e-17	6.19519e-17	6.19523e-17	6.19525e-17	6.19526e-17	6.19531e-17	6.19534e-17	6.19535e-17	6.19537e-17	6.19539e-17	6.1954e-17	6.1954e-17	6.19543e-17	6.19545e-17	6.19546e-17	6.19547e-17	6.19548e-17	6.1955e-17	6.19552e-17	6.19553e-17	6.19554e-17	6.19555e-17	6.19555e-17	6.19557e-17	6.19557e-17	6.19557e-17	6.19557e-17	6.19557e-17	6.19557e-17
892.977	2.07012e-14	3.49419e-17	6.06146e-17	1.05477e-19	9.8477e-19	2.38456e-18	4.31835e-18	5.79827e-18	8.22279e-18	1.18241e-17	1.55764e-17	1.96632e-17	2.34662e-17	2.73954e-17	3.25305e-17	3.89688e-17	4.49096e-17	5.0217e-17	5.38156e-17	5.72736e-17	5.89873e-17	5.98329e-17	6.00218e-17	6.01119e-17	6.01512e-17	6.02062e-17	6.0291e-17	6.03593e-17	6.04207e-17	6.04614e-17	6.04845e-17	6.04988e-17	6.05154e-17	6.05285e-17	6.05372e-17	6.05505e-17	6.05595e-17	6.05652e-17	6.05697e-17	6.05745e-17	6.05775e-17	6.05809e-17	6.05842e-17	6.05867e-17	6.0591e-17	6.0593e-17	6.05951e-17	6.05965e-17	6.05979e-17	6.06e-17	6.0601e-17	6.06024e-17	6.06031e-17	6.06042e-17	6.0605e-17	6.06062e-17	6.06068e-17	6.06076e-17	6.06079e-17	6.06085e-17	6.06089e-17	6.06095e-17	6.061e-17	6.06103e-17	6.06106e-17	6.06108e-17	6.06112e-17	6.06114e-17	6.06115e-17	6.06121e-17	6.06123e-17	6.06124e-17	6.06126e-17	6.06128e-17	6.06129e-17	6.0613e-17	6.06132e-17	6.06135e-17	6.06135e-17	6.06136e-17	6.06137e-17	6.06139e-17	6.06141e-17	6.06142e-17	6.06144e-17	6.06144e-17	6.06145e-17	6.06146e-17	6.06146e-17	6.06146e-17	6.06146e-17	6.06146e-17	6.06146e-17
895.987	2.07012e-14	3.41731e-17	5.93003e-17	1.03378e-19	9.64851e-19	2.33569e-18	4.22927e-18	5.67788e-18	8.05041e-18	1.15747e-17	1.5246e-17	1.92441e-17	2.29656e-17	2.68099e-17	3.18362e-17	3.81326e-17	4.39343e-17	4.91151e-17	5.26277e-17	5.60085e-17	5.769e-17	5.85231e-17	5.87104e-17	5.87999e-17	5.88388e-17	5.88926e-17	5.89762e-17	5.90441e-17	5.91059e-17	5.91471e-17	5.91705e-17	5.91848e-17	5.92015e-17	5.92144e-17	5.9223e-17	5.92361e-17	5.92451e-17	5.92509e-17	5.92553e-17	5.926e-17	5.9263e-17	5.92666e-17	5.92699e-17	5.92723e-17	5.92766e-17	5.92786e-17	5.92808e-17	5.92822e-17	5.92836e-17	5.92857e-17	5.92867e-17	5.92881e-17	5.92888e-17	5.92899e-17	5.92907e-17	5.92919e-17	5.92925e-17	5.92933e-17	5.92937e-17	5.92942e-17	5.92946e-17	5.92952e-17	5.92957e-17	5.9296e-17	5.92964e-17	5.92966e-17	5.9297e-17	5.92972e-17	5.92973e-17	5.92978e-17	5.92981e-17	5.92981e-17	5.92984e-17	5.92986e-17	5.92987e-17	5.92988e-17	5.9299e-17	5.92992e-17	5.92993e-17	5.92993e-17	5.92994e-17	5.92996e-17	5.92998e-17	5.93e-17	5.93001e-17	5.93001e-17	5.93002e-17	5.93003e-17	5.93003e-17	5.93003e-17	5.93003e-17	5.93003e-17	5.93003e-17
898.997	2.07012e-14	3.34202e-17	5.80127e-17	1.01331e-19	9.45381e-19	2.28782e-18	4.14184e-18	5.5596e-18	7.88095e-18	1.13296e-17	1.49218e-17	1.88331e-17	2.24747e-17	2.62356e-17	3.11549e-17	3.73124e-17	4.29783e-17	4.80356e-17	5.14642e-17	5.47692e-17	5.64191e-17	5.72399e-17	5.74255e-17	5.75146e-17	5.7553e-17	5.76057e-17	5.76882e-17	5.77556e-17	5.78178e-17	5.78595e-17	5.78831e-17	5.78974e-17	5.79142e-17	5.7927e-17	5.79355e-17	5.79483e-17	5.79573e-17	5.79631e-17	5.79676e-17	5.79722e-17	5.79752e-17	5.79789e-17	5.79821e-17	5.79845e-17	5.79887e-17	5.79908e-17	5.79931e-17	5.79945e-17	5.79959e-17	5.79979e-17	5.7999e-17	5.80005e-17	5.80012e-17	5.80023e-17	5.80031e-17	5.80042e-17	5.80048e-17	5.80057e-17	5.80061e-17	5.80066e-17	5.80069e-17	5.80076e-17	5.8008e-17	5.80084e-17	5.80088e-17	5.8009e-17	5.80093e-17	5.80095e-17	5.80096e-17	5.80101e-17	5.80104e-17	5.80105e-17	5.80108e-17	5.8011e-17	5.8011e-17	5.80112e-17	5.80113e-17	5.80115e-17	5.80116e-17	5.80117e-17	5.80117e-17	5.8012e-17	5.80122e-17	5.80123e-17	5.80124e-17	5.80125e-17	5.80126e-17	5.80127e-17	5.80127e-17	5.80127e-17	5.80127e-17	5.80127e-17	5.80127e-17
902.007	2.07012e-14	3.26831e-17	5.67514e-17	9.93334e-20	9.26351e-19	2.24094e-18	4.05606e-18	5.44343e-18	7.71441e-18	1.10888e-17	1.46037e-17	1.84303e-17	2.19935e-17	2.56726e-17	3.04866e-17	3.6508e-17	4.20415e-17	4.69784e-17	5.03251e-17	5.35557e-17	5.51743e-17	5.5983e-17	5.6167e-17	5.62556e-17	5.62937e-17	5.63453e-17	5.64266e-17	5.64934e-17	5.6556e-17	5.65982e-17	5.66221e-17	5.66365e-17	5.66532e-17	5.6666e-17	5.66745e-17	5.66869e-17	5.6696e-17	5.67018e-17	5.67062e-17	5.67108e-17	5.67137e-17	5.67175e-17	5.67207e-17	5.67232e-17	5.67273e-17	5.67294e-17	5.67318e-17	5.67332e-17	5.67346e-17	5.67366e-17	5.67376e-17	5.67392e-17	5.674e-17	5.6741e-17	5.67418e-17	5.67429e-17	5.67435e-17	5.67445e-17	5.67448e-17	5.67453e-17	5.67457e-17	5.67463e-17	5.67467e-17	5.67471e-17	5.67476e-17	5.67478e-17	5.6748e-17	5.67483e-17	5.67483e-17	5.67488e-17	5.67491e-17	5.67492e-17	5.67495e-17	5.67497e-17	5.67498e-17	5.67499e-17	5.67501e-17	5.67503e-17	5.67503e-17	5.67504e-17	5.67505e-17	5.67507e-17	5.67509e-17	5.6751e-17	5.67511e-17	5.67512e-17	5.67513e-17	5.67514e-17	5.67514e-17	5.67514e-17	5.67514e-17	5.67514e-17	5.67514e-17
905.017	2.07013e-14	3.19616e-17	5.55162e-17	9.73844e-20	9.07749e-19	2.19503e-18	3.97191e-18	5.32936e-18	7.5508e-18	1.08524e-17	1.42916e-17	1.80354e-17	2.15218e-17	2.51207e-17	2.98312e-17	3.57193e-17	4.11237e-17	4.59431e-17	4.92099e-17	5.23675e-17	5.39554e-17	5.47523e-17	5.49346e-17	5.50229e-17	5.50605e-17	5.51111e-17	5.51912e-17	5.52574e-17	5.53203e-17	5.53631e-17	5.53872e-17	5.54016e-17	5.54184e-17	5.54311e-17	5.54395e-17	5.54516e-17	5.54607e-17	5.54665e-17	5.54709e-17	5.54754e-17	5.54783e-17	5.54822e-17	5.54854e-17	5.54879e-17	5.54919e-17	5.5494e-17	5.54965e-17	5.5498e-17	5.54994e-17	5.55013e-17	5.55023e-17	5.5504e-17	5.55048e-17	5.55058e-17	5.55065e-17	5.55076e-17	5.55083e-17	5.55093e-17	5.55096e-17	5.55101e-17	5.55105e-17	5.5511e-17	5.55115e-17	5.55119e-17	5.55124e-17	5.55126e-17	5.55129e-17	5.55131e-17	5.55132e-17	5.55136e-17	5.55139e-17	5.5514e-17	5.55143e-17	5.55145e-17	5.55146e-17	5.55147e-17	5.55149e-17	5.55151e-17	5.55151e-17	5.55152e-17	5.55153e-17	5.55155e-17	5.55157e-17	5.55158e-17	5.55159e-17	5.5516e-17	5.55161e-17	5.55162e-17	5.55162e-17	5.55162e-17	5.55162e-17	5.55162e-17	5.55162e-17
908.027	2.07013e-14	3.12554e-17	5.43067e-17	9.54823e-20	8.89566e-19	2.15008e-18	3.88938e-18	5.21739e-18	7.39011e-18	1.06203e-17	1.39856e-17	1.76484e-17	2.10597e-17	2.45798e-17	2.91887e-17	3.49463e-17	4.02245e-17	4.49295e-17	4.81184e-17	5.12044e-17	5.27621e-17	5.35473e-17	5.3728e-17	5.38159e-17	5.38532e-17	5.39027e-17	5.39816e-17	5.40473e-17	5.41103e-17	5.41537e-17	5.41781e-17	5.41925e-17	5.42094e-17	5.4222e-17	5.42304e-17	5.42421e-17	5.42512e-17	5.42569e-17	5.42615e-17	5.42658e-17	5.42687e-17	5.42726e-17	5.42758e-17	5.42784e-17	5.42823e-17	5.42845e-17	5.4287e-17	5.42885e-17	5.42899e-17	5.42918e-17	5.42928e-17	5.42945e-17	5.42953e-17	5.42964e-17	5.42971e-17	5.42981e-17	5.42988e-17	5.42998e-17	5.43002e-17	5.43007e-17	5.43011e-17	5.43016e-17	5.4302e-17	5.43024e-17	5.4303e-17	5.43032e-17	5.43035e-17	5.43037e-17	5.43038e-17	5.43042e-17	5.43044e-17	5.43045e-17	5.43049e-17	5.43051e-17	5.43052e-17	5.43053e-17	5.43055e-17	5.43056e-17	5.43057e-17	5.43058e-17	5.43058e-17	5.4306e-17	5.43062e-17	5.43064e-17	5.43065e-17	5.43065e-17	5.43066e-17	5.43067e-17	5.43067e-17	5.43067e-17	5.43067e-17	5.43067e-17	5.43067e-17
911.037	2.07013e-14	3.05644e-17	5.31227e-17	9.36257e-20	8.71792e-19	2.10606e-18	3.80845e-18	5.1075e-18	7.23233e-18	1.03925e-17	1.36855e-17	1.72692e-17	2.06068e-17	2.40498e-17	2.85588e-17	3.41886e-17	3.93439e-17	4.39374e-17	4.70502e-17	5.00662e-17	5.1594e-17	5.23677e-17	5.25469e-17	5.26344e-17	5.26713e-17	5.27199e-17	5.27976e-17	5.28627e-17	5.29258e-17	5.29698e-17	5.29945e-17	5.30089e-17	5.30257e-17	5.30383e-17	5.30467e-17	5.30581e-17	5.30671e-17	5.30728e-17	5.30774e-17	5.30816e-17	5.30844e-17	5.30885e-17	5.30917e-17	5.30943e-17	5.30981e-17	5.31003e-17	5.31029e-17	5.31045e-17	5.31059e-17	5.31077e-17	5.31087e-17	5.31105e-17	5.31113e-17	5.31124e-17	5.31131e-17	5.31141e-17	5.31148e-17	5.31158e-17	5.31162e-17	5.31168e-17	5.31171e-17	5.31176e-17	5.3118e-17	5.31184e-17	5.3119e-17	5.31192e-17	5.31195e-17	5.31197e-17	5.31198e-17	5.31202e-17	5.31204e-17	5.31205e-17	5.31209e-17	5.31211e-17	5.31212e-17	5.31213e-17	5.31215e-17	5.31217e-17	5.31217e-17	5.31218e-17	5.31218e-17	5.3122e-17	5.31222e-17	5.31224e-17	5.31225e-17	5.31225e-17	5.31226e-17	5.31227e-17	5.31227e-17	5.31227e-17	5.31227e-17	5.31227e-17	5.31227e-17
914.047	2.07013e-14	2.98882e-17	5.19638e-17	9.1813e-20	8.54417e-19	2.06297e-18	3.72911e-18	4.99967e-18	7.07745e-18	1.01689e-17	1.33912e-17	1.68977e-17	2.01633e-17	2.35307e-17	2.79416e-17	3.34461e-17	3.84815e-17	4.29663e-17	4.60051e-17	4.89523e-17	5.04509e-17	5.12132e-17	5.13908e-17	5.14781e-17	5.15146e-17	5.15623e-17	5.16388e-17	5.17032e-17	5.17663e-17	5.18109e-17	5.18359e-17	5.18504e-17	5.18672e-17	5.18797e-17	5.18881e-17	5.18992e-17	5.19081e-17	5.19138e-17	5.19184e-17	5.19226e-17	5.19253e-17	5.19294e-17	5.19326e-17	5.19353e-17	5.1939e-17	5.19412e-17	5.19439e-17	5.19455e-17	5.1947e-17	5.19487e-17	5.19497e-17	5.19515e-17	5.19523e-17	5.19535e-17	5.19542e-17	5.19551e-17	5.19558e-17	5.19569e-17	5.19572e-17	5.19578e-17	5.19582e-17	5.19586e-17	5.1959e-17	5.19594e-17	5.196e-17	5.19603e-17	5.19605e-17	5.19608e-17	5.19609e-17	5.19612e-17	5.19614e-17	5.19616e-17	5.19619e-17	5.19622e-17	5.19622e-17	5.19624e-17	5.19626e-17	5.19627e-17	5.19628e-17	5.19629e-17	5.19629e-17	5.19631e-17	5.19633e-17	5.19634e-17	5.19635e-17	5.19636e-17	5.19637e-17	5.19638e-17	5.19638e-17	5.19638e-17	5.19638e-17	5.19638e-17	5.19638e-17
917.057	2.07013e-14	2.92267e-17	5.08295e-17	9.00429e-20	8.37429e-19	2.02078e-18	3.65133e-18	4.8939e-18	6.92545e-18	9.94947e-18	1.31028e-17	1.65338e-17	1.97288e-17	2.30222e-17	2.73367e-17	3.27186e-17	3.76371e-17	4.2016e-17	4.49826e-17	4.78626e-17	4.93323e-17	5.00834e-17	5.02595e-17	5.03465e-17	5.03827e-17	5.04294e-17	5.05047e-17	5.05685e-17	5.06316e-17	5.06767e-17	5.0702e-17	5.07165e-17	5.07333e-17	5.07457e-17	5.07541e-17	5.07649e-17	5.07738e-17	5.07794e-17	5.07841e-17	5.07882e-17	5.07909e-17	5.0795e-17	5.07982e-17	5.0801e-17	5.08045e-17	5.08068e-17	5.08095e-17	5.08112e-17	5.08127e-17	5.08143e-17	5.08153e-17	5.08172e-17	5.0818e-17	5.08192e-17	5.08199e-17	5.08208e-17	5.08215e-17	5.08226e-17	5.08229e-17	5.08236e-17	5.0824e-17	5.08244e-17	5.08247e-17	5.08251e-17	5.08257e-17	5.0826e-17	5.08263e-17	5.08266e-17	5.08267e-17	5.0827e-17	5.08272e-17	5.08273e-17	5.08276e-17	5.08279e-17	5.0828e-17	5.08281e-17	5.08283e-17	5.08285e-17	5.08285e-17	5.08286e-17	5.08287e-17	5.08288e-17	5.0829e-17	5.08292e-17	5.08293e-17	5.08293e-17	5.08294e-17	5.08295e-17	5.08295e-17	5.08295e-17	5.08295e-17	5.08295e-17	5.08295e-17
920.067	2.07014e-14	2.85796e-17	4.97196e-17	8.83141e-20	8.2082e-19	1.97948e-18	3.57509e-18	4.79016e-18	6.77631e-18	9.73426e-18	1.282e-17	1.61773e-17	1.93033e-17	2.25243e-17	2.67441e-17	3.20059e-17	3.68104e-17	4.10861e-17	4.39824e-17	4.67966e-17	4.82379e-17	4.89778e-17	4.91525e-17	4.92393e-17	4.92751e-17	4.9321e-17	4.93951e-17	4.94582e-17	4.95212e-17	4.95667e-17	4.95923e-17	4.9607e-17	4.96237e-17	4.9636e-17	4.96445e-17	4.9655e-17	4.96638e-17	4.96693e-17	4.96741e-17	4.96781e-17	4.96807e-17	4.96848e-17	4.96881e-17	4.96909e-17	4.96944e-17	4.96967e-17	4.96994e-17	4.97012e-17	4.97027e-17	4.97043e-17	4.97053e-17	4.97071e-17	4.9708e-17	4.97092e-17	4.971e-17	4.97108e-17	4.97115e-17	4.97125e-17	4.97129e-17	4.97136e-17	4.9714e-17	4.97144e-17	4.97147e-17	4.97151e-17	4.97157e-17	4.9716e-17	4.97163e-17	4.97166e-17	4.97167e-17	4.9717e-17	4.97172e-17	4.97173e-17	4.97177e-17	4.97179e-17	4.9718e-17	4.97181e-17	4.97183e-17	4.97185e-17	4.97186e-17	4.97187e-17	4.97187e-17	4.97189e-17	4.97191e-17	4.97192e-17	4.97193e-17	4.97193e-17	4.97194e-17	4.97196e-17	4.97196e-17	4.97196e-17	4.97196e-17	4.97196e-17	4.97196e-17
923.077	2.07014e-14	2.79466e-17	4.86334e-17	8.66252e-20	8.04579e-19	1.93905e-18	3.50038e-18	4.68844e-18	6.63002e-18	9.52318e-18	1.25429e-17	1.58282e-17	1.88867e-17	2.20367e-17	2.61637e-17	3.13079e-17	3.60011e-17	4.01762e-17	4.3004e-17	4.57539e-17	4.71672e-17	4.78962e-17	4.80693e-17	4.8156e-17	4.81915e-17	4.82365e-17	4.83094e-17	4.83718e-17	4.84346e-17	4.84807e-17	4.85065e-17	4.85213e-17	4.8538e-17	4.85502e-17	4.85587e-17	4.85689e-17	4.85776e-17	4.8583e-17	4.85879e-17	4.85918e-17	4.85945e-17	4.85986e-17	4.86019e-17	4.86047e-17	4.86081e-17	4.86104e-17	4.86131e-17	4.8615e-17	4.86166e-17	4.86181e-17	4.86191e-17	4.86209e-17	4.86218e-17	4.86231e-17	4.86238e-17	4.86246e-17	4.86253e-17	4.86264e-17	4.86268e-17	4.86275e-17	4.86279e-17	4.86283e-17	4.86286e-17	4.8629e-17	4.86296e-17	4.86298e-17	4.86302e-17	4.86305e-17	4.86306e-17	4.86309e-17	4.86311e-17	4.86312e-17	4.86315e-17	4.86318e-17	4.86319e-17	4.8632e-17	4.86322e-17	4.86324e-17	4.86325e-17	4.86326e-17	4.86326e-17	4.86328e-17	4.86329e-17	4.86331e-17	4.86332e-17	4.86332e-17	4.86333e-17	4.86334e-17	4.86334e-17	4.86334e-17	4.86334e-17	4.86334e-17	4.86334e-17
926.087	2.07014e-14	2.73275e-17	4.75708e-17	8.49749e-20	7.88696e-19	1.89947e-18	3.42717e-18	4.5887e-18	6.48653e-18	9.31618e-18	1.22713e-17	1.54863e-17	1.84787e-17	2.15593e-17	2.55952e-17	3.06242e-17	3.52089e-17	3.92861e-17	4.20471e-17	4.47341e-17	4.61198e-17	4.68381e-17	4.70097e-17	4.70962e-17	4.71314e-17	4.71756e-17	4.72473e-17	4.73091e-17	4.73716e-17	4.7418e-17	4.74442e-17	4.74591e-17	4.74757e-17	4.74879e-17	4.74963e-17	4.75063e-17	4.75149e-17	4.75202e-17	4.75252e-17	4.75291e-17	4.75316e-17	4.75357e-17	4.75391e-17	4.7542e-17	4.75453e-17	4.75476e-17	4.75503e-17	4.75523e-17	4.75539e-17	4.75554e-17	4.75564e-17	4.75582e-17	4.7559e-17	4.75605e-17	4.75612e-17	4.75619e-17	4.75626e-17	4.75637e-17	4.75641e-17	4.75649e-17	4.75653e-17	4.75656e-17	4.7566e-17	4.75663e-17	4.75669e-17	4.75671e-17	4.75676e-17	4.75679e-17	4.7568e-17	4.75682e-17	4.75685e-17	4.75686e-17	4.75689e-17	4.75691e-17	4.75692e-17	4.75693e-17	4.75696e-17	4.75698e-17	4.75698e-17	4.75699e-17	4.757e-17	4.75701e-17	4.75703e-17	4.75704e-17	4.75705e-17	4.75706e-17	4.75706e-17	4.75708e-17	4.75708e-17	4.75708e-17	4.75708e-17	4.75708e-17	4.75708e-17
929.097	2.07014e-14	2.67219e-17	4.65312e-17	8.3362e-20	7.73163e-19	1.86073e-18	3.35543e-18	4.49094e-18	6.34584e-18	9.11322e-18	1.20051e-17	1.51515e-17	1.80793e-17	2.1092e-17	2.50385e-17	2.99547e-17	3.44335e-17	3.84152e-17	4.11114e-17	4.37369e-17	4.50954e-17	4.58029e-17	4.59731e-17	4.60595e-17	4.60944e-17	4.61378e-17	4.62083e-17	4.62694e-17	4.63316e-17	4.63784e-17	4.64049e-17	4.64199e-17	4.64364e-17	4.64485e-17	4.64569e-17	4.64667e-17	4.64752e-17	4.64805e-17	4.64855e-17	4.64893e-17	4.64919e-17	4.64959e-17	4.64993e-17	4.65023e-17	4.65055e-17	4.65079e-17	4.65105e-17	4.65126e-17	4.65142e-17	4.65157e-17	4.65167e-17	4.65185e-17	4.65193e-17	4.65208e-17	4.65215e-17	4.65223e-17	4.6523e-17	4.6524e-17	4.65244e-17	4.65252e-17	4.65257e-17	4.6526e-17	4.65263e-17	4.65267e-17	4.65272e-17	4.65275e-17	4.65279e-17	4.65283e-17	4.65284e-17	4.65286e-17	4.65288e-17	4.65289e-17	4.65292e-17	4.65295e-17	4.65296e-17	4.65297e-17	4.653e-17	4.65301e-17	4.65302e-17	4.65303e-17	4.65304e-17	4.65305e-17	4.65307e-17	4.65308e-17	4.65309e-17	4.65309e-17	4.6531e-17	4.65312e-17	4.65312e-17	4.65312e-17	4.65312e-17	4.65312e-17	4.65312e-17
932.107	2.07014e-14	2.61298e-17	4.55141e-17	8.17853e-20	7.57969e-19	1.82281e-18	3.28516e-18	4.39511e-18	6.20791e-18	8.91426e-18	1.17444e-17	1.48237e-17	1.76883e-17	2.06346e-17	2.44934e-17	2.92991e-17	3.36746e-17	3.75634e-17	4.01962e-17	4.27617e-17	4.40935e-17	4.47904e-17	4.49592e-17	4.50455e-17	4.50801e-17	4.51227e-17	4.51921e-17	4.52525e-17	4.53142e-17	4.53614e-17	4.53881e-17	4.54033e-17	4.54197e-17	4.54318e-17	4.54402e-17	4.54497e-17	4.54581e-17	4.54633e-17	4.54684e-17	4.54722e-17	4.54747e-17	4.54787e-17	4.54821e-17	4.54851e-17	4.54884e-17	4.54907e-17	4.54933e-17	4.54955e-17	4.54971e-17	4.54987e-17	4.54996e-17	4.55014e-17	4.55022e-17	4.55037e-17	4.55045e-17	4.55052e-17	4.55059e-17	4.55069e-17	4.55073e-17	4.55082e-17	4.55086e-17	4.5509e-17	4.55093e-17	4.55097e-17	4.55102e-17	4.55104e-17	4.55109e-17	4.55112e-17	4.55113e-17	4.55116e-17	4.55118e-17	4.55119e-17	4.55122e-17	4.55124e-17	4.55125e-17	4.55127e-17	4.55129e-17	4.55131e-17	4.55132e-17	4.55133e-17	4.55133e-17	4.55135e-17	4.55136e-17	4.55138e-17	4.55139e-17	4.55139e-17	4.5514e-17	4.55141e-17	4.55141e-17	4.55141e-17	4.55141e-17	4.55141e-17	4.55141e-17
935.117	2.07015e-14	2.55506e-17	4.45193e-17	8.02436e-20	7.43106e-19	1.78569e-18	3.21631e-18	4.30121e-18	6.07272e-18	8.71925e-18	1.14889e-17	1.45027e-17	1.73055e-17	2.01869e-17	2.39597e-17	2.86572e-17	3.2932e-17	3.67301e-17	3.93014e-17	4.18082e-17	4.31137e-17	4.38002e-17	4.39674e-17	4.40536e-17	4.4088e-17	4.41298e-17	4.41981e-17	4.42578e-17	4.4319e-17	4.43665e-17	4.43935e-17	4.44089e-17	4.44252e-17	4.44371e-17	4.44455e-17	4.44549e-17	4.44631e-17	4.44682e-17	4.44735e-17	4.44772e-17	4.44798e-17	4.44837e-17	4.44871e-17	4.44902e-17	4.44934e-17	4.44957e-17	4.44982e-17	4.45005e-17	4.45022e-17	4.45038e-17	4.45047e-17	4.45064e-17	4.45072e-17	4.45088e-17	4.45096e-17	4.45104e-17	4.45111e-17	4.4512e-17	4.45124e-17	4.45133e-17	4.45138e-17	4.45142e-17	4.45145e-17	4.45148e-17	4.45153e-17	4.45155e-17	4.4516e-17	4.45164e-17	4.45165e-17	4.45167e-17	4.4517e-17	4.45171e-17	4.45173e-17	4.45175e-17	4.45176e-17	4.45178e-17	4.45181e-17	4.45182e-17	4.45183e-17	4.45184e-17	4.45185e-17	4.45186e-17	4.45188e-17	4.45189e-17	4.4519e-17	4.4519e-17	4.45191e-17	4.45193e-17	4.45193e-17	4.45193e-17	4.45193e-17	4.45193e-17	4.45193e-17
938.127	2.07015e-14	2.49843e-17	4.35462e-17	7.87359e-20	7.28565e-19	1.74935e-18	3.14888e-18	4.20921e-18	5.94023e-18	8.52814e-18	1.12387e-17	1.41885e-17	1.69309e-17	1.97488e-17	2.34372e-17	2.80289e-17	3.22053e-17	3.59151e-17	3.84265e-17	4.08759e-17	4.21555e-17	4.28316e-17	4.29975e-17	4.30836e-17	4.31177e-17	4.31588e-17	4.3226e-17	4.3285e-17	4.33457e-17	4.33934e-17	4.34206e-17	4.34362e-17	4.34524e-17	4.34642e-17	4.34726e-17	4.34818e-17	4.34899e-17	4.34949e-17	4.35003e-17	4.3504e-17	4.35066e-17	4.35104e-17	4.35138e-17	4.35169e-17	4.35201e-17	4.35225e-17	4.35249e-17	4.35273e-17	4.3529e-17	4.35306e-17	4.35316e-17	4.35332e-17	4.3534e-17	4.35357e-17	4.35364e-17	4.35373e-17	4.35379e-17	4.35388e-17	4.35392e-17	4.35402e-17	4.35406e-17	4.3541e-17	4.35414e-17	4.35417e-17	4.35421e-17	4.35423e-17	4.35429e-17	4.35432e-17	4.35433e-17	4.35436e-17	4.35439e-17	4.3544e-17	4.35442e-17	4.35444e-17	4.35445e-17	4.35447e-17	4.35449e-17	4.35451e-17	4.35452e-17	4.35453e-17	4.35454e-17	4.35455e-17	4.35457e-17	4.35458e-17	4.35459e-17	4.35459e-17	4.3546e-17	4.35462e-17	4.35462e-17	4.35462e-17	4.35462e-17	4.35462e-17	4.35462e-17
941.137	2.07015e-14	2.44305e-17	4.25944e-17	7.72611e-20	7.14338e-19	1.71379e-18	3.08284e-18	4.11908e-18	5.81042e-18	8.34088e-18	1.09936e-17	1.38809e-17	1.65642e-17	1.93201e-17	2.29258e-17	2.74138e-17	3.14942e-17	3.51179e-17	3.7571e-17	3.99645e-17	4.12186e-17	4.18844e-17	4.20488e-17	4.21349e-17	4.21687e-17	4.22092e-17	4.22752e-17	4.23335e-17	4.23937e-17	4.24416e-17	4.2469e-17	4.24847e-17	4.25009e-17	4.25126e-17	4.25209e-17	4.253e-17	4.2538e-17	4.2543e-17	4.25483e-17	4.25522e-17	4.25547e-17	4.25584e-17	4.25618e-17	4.2565e-17	4.25682e-17	4.25706e-17	4.2573e-17	4.25753e-17	4.25771e-17	4.25788e-17	4.25798e-17	4.25813e-17	4.25821e-17	4.25838e-17	4.25846e-17	4.25855e-17	4.25861e-17	4.2587e-17	4.25874e-17	4.25883e-17	4.25888e-17	4.25893e-17	4.25896e-17	4.25899e-17	4.25903e-17	4.25905e-17	4.25911e-17	4.25914e-17	4.25915e-17	4.25918e-17	4.25921e-17	4.25922e-17	4.25924e-17	4.25926e-17	4.25927e-17	4.25929e-17	4.25931e-17	4.25933e-17	4.25934e-17	4.25935e-17	4.25936e-17	4.25938e-17	4.25939e-17	4.2594e-17	4.25941e-17	4.25941e-17	4.25942e-17	4.25944e-17	4.25944e-17	4.25944e-17	4.25944e-17	4.25944e-17	4.25944e-17
944.147	2.07015e-14	2.3889e-17	4.16635e-17	7.58182e-20	7.00417e-19	1.67897e-18	3.01816e-18	4.03079e-18	5.68325e-18	8.15743e-18	1.07536e-17	1.35797e-17	1.62054e-17	1.89006e-17	2.24254e-17	2.68118e-17	3.07985e-17	3.43383e-17	3.67345e-17	3.90735e-17	4.03026e-17	4.09582e-17	4.11211e-17	4.12071e-17	4.12407e-17	4.12805e-17	4.13455e-17	4.14031e-17	4.14626e-17	4.15107e-17	4.15383e-17	4.15542e-17	4.15703e-17	4.15819e-17	4.15902e-17	4.15991e-17	4.16069e-17	4.16119e-17	4.16173e-17	4.16212e-17	4.16237e-17	4.16273e-17	4.16308e-17	4.16339e-17	4.16372e-17	4.16395e-17	4.16419e-17	4.16443e-17	4.16461e-17	4.16478e-17	4.16488e-17	4.16504e-17	4.16511e-17	4.16528e-17	4.16536e-17	4.16545e-17	4.16552e-17	4.1656e-17	4.16564e-17	4.16574e-17	4.16579e-17	4.16584e-17	4.16587e-17	4.1659e-17	4.16594e-17	4.16596e-17	4.16602e-17	4.16605e-17	4.16606e-17	4.1661e-17	4.16612e-17	4.16614e-17	4.16615e-17	4.16618e-17	4.16619e-17	4.1662e-17	4.16622e-17	4.16624e-17	4.16625e-17	4.16626e-17	4.16627e-17	4.16629e-17	4.1663e-17	4.16631e-17	4.16632e-17	4.16633e-17	4.16634e-17	4.16635e-17	4.16635e-17	4.16635e-17	4.16635e-17	4.16635e-17	4.16635e-17
947.157	2.07015e-14	2.33595e-17	4.07531e-17	7.44063e-20	6.86793e-19	1.6449e-18	2.95482e-18	3.94433e-18	5.55869e-18	7.97773e-18	1.05185e-17	1.3285e-17	1.58542e-17	1.84902e-17	2.19356e-17	2.62226e-17	3.01178e-17	3.35759e-17	3.59168e-17	3.82025e-17	3.94069e-17	4.00524e-17	4.02139e-17	4.02999e-17	4.03333e-17	4.03724e-17	4.04363e-17	4.04932e-17	4.05521e-17	4.06002e-17	4.06281e-17	4.06441e-17	4.06601e-17	4.06716e-17	4.06798e-17	4.06887e-17	4.06964e-17	4.07012e-17	4.07067e-17	4.07107e-17	4.07132e-17	4.07168e-17	4.07202e-17	4.07234e-17	4.07267e-17	4.0729e-17	4.07313e-17	4.07337e-17	4.07356e-17	4.07374e-17	4.07384e-17	4.07399e-17	4.07406e-17	4.07423e-17	4.07431e-17	4.07441e-17	4.07448e-17	4.07456e-17	4.0746e-17	4.07469e-17	4.07474e-17	4.0748e-17	4.07483e-17	4.07486e-17	4.0749e-17	4.07492e-17	4.07497e-17	4.07501e-17	4.07501e-17	4.07506e-17	4.07508e-17	4.0751e-17	4.07511e-17	4.07514e-17	4.07515e-17	4.07516e-17	4.07518e-17	4.0752e-17	4.07521e-17	4.07522e-17	4.07523e-17	4.07525e-17	4.07526e-17	4.07527e-17	4.07528e-17	4.07529e-17	4.0753e-17	4.07531e-17	4.07531e-17	4.07531e-17	4.07531e-17	4.07531e-17	4.07531e-17
950.167	2.07015e-14	2.28418e-17	3.98628e-17	7.30243e-20	6.7346e-19	1.61154e-18	2.8928e-18	3.85966e-18	5.4367e-18	7.80174e-18	1.02884e-17	1.29965e-17	1.55106e-17	1.80887e-17	2.14564e-17	2.5646e-17	2.9452e-17	3.28303e-17	3.51174e-17	3.73511e-17	3.85313e-17	3.91668e-17	3.93268e-17	3.94127e-17	3.94459e-17	3.94844e-17	3.95472e-17	3.96035e-17	3.96617e-17	3.97099e-17	3.97378e-17	3.97541e-17	3.977e-17	3.97814e-17	3.97895e-17	3.97983e-17	3.98059e-17	3.98107e-17	3.98162e-17	3.98202e-17	3.98228e-17	3.98263e-17	3.98297e-17	3.98329e-17	3.98362e-17	3.98386e-17	3.98408e-17	3.98433e-17	3.98451e-17	3.9847e-17	3.9848e-17	3.98495e-17	3.98502e-17	3.98519e-17	3.98527e-17	3.98538e-17	3.98544e-17	3.98552e-17	3.98556e-17	3.98566e-17	3.9857e-17	3.98576e-17	3.9858e-17	3.98583e-17	3.98587e-17	3.98589e-17	3.98594e-17	3.98597e-17	3.98598e-17	3.98602e-17	3.98605e-17	3.98606e-17	3.98608e-17	3.9861e-17	3.98611e-17	3.98613e-17	3.98615e-17	3.98617e-17	3.98618e-17	3.98619e-17	3.9862e-17	3.98622e-17	3.98623e-17	3.98624e-17	3.98625e-17	3.98625e-17	3.98626e-17	3.98628e-17	3.98628e-17	3.98628e-17	3.98628e-17	3.98628e-17	3.98628e-17
953.177	2.07016e-14	2.23356e-17	3.89922e-17	7.16716e-20	6.60409e-19	1.57889e-18	2.83208e-18	3.77676e-18	5.31727e-18	7.62941e-18	1.0063e-17	1.27142e-17	1.51743e-17	1.76959e-17	2.09875e-17	2.50819e-17	2.88006e-17	3.21013e-17	3.43359e-17	3.65189e-17	3.76753e-17	3.83008e-17	3.84594e-17	3.85452e-17	3.85782e-17	3.86161e-17	3.86779e-17	3.87335e-17	3.87909e-17	3.88391e-17	3.88673e-17	3.88837e-17	3.88995e-17	3.89108e-17	3.89189e-17	3.89275e-17	3.8935e-17	3.89398e-17	3.89453e-17	3.89494e-17	3.8952e-17	3.89555e-17	3.89589e-17	3.8962e-17	3.89655e-17	3.89678e-17	3.897e-17	3.89724e-17	3.89743e-17	3.89763e-17	3.89773e-17	3.89788e-17	3.89795e-17	3.89812e-17	3.8982e-17	3.89831e-17	3.89838e-17	3.89845e-17	3.8985e-17	3.89858e-17	3.89863e-17	3.89869e-17	3.89873e-17	3.89876e-17	3.8988e-17	3.89882e-17	3.89887e-17	3.8989e-17	3.89891e-17	3.89896e-17	3.89899e-17	3.899e-17	3.89902e-17	3.89904e-17	3.89905e-17	3.89906e-17	3.89908e-17	3.8991e-17	3.89911e-17	3.89912e-17	3.89913e-17	3.89915e-17	3.89916e-17	3.89917e-17	3.89919e-17	3.89919e-17	3.8992e-17	3.89922e-17	3.89922e-17	3.89922e-17	3.89922e-17	3.89922e-17	3.89922e-17
956.187	2.07016e-14	2.18407e-17	3.81408e-17	7.03472e-20	6.47635e-19	1.54693e-18	2.77264e-18	3.6956e-18	5.20035e-18	7.46068e-18	9.84242e-18	1.24379e-17	1.48454e-17	1.73118e-17	2.05288e-17	2.45299e-17	2.81636e-17	3.13884e-17	3.35719e-17	3.57055e-17	3.68385e-17	3.74541e-17	3.76112e-17	3.76969e-17	3.77298e-17	3.77672e-17	3.78279e-17	3.78829e-17	3.79396e-17	3.79877e-17	3.80159e-17	3.80325e-17	3.80483e-17	3.80595e-17	3.80675e-17	3.80761e-17	3.80834e-17	3.80882e-17	3.80937e-17	3.80979e-17	3.81005e-17	3.81039e-17	3.81073e-17	3.81105e-17	3.8114e-17	3.81163e-17	3.81185e-17	3.81209e-17	3.81228e-17	3.81248e-17	3.81259e-17	3.81273e-17	3.81281e-17	3.81297e-17	3.81305e-17	3.81317e-17	3.81324e-17	3.81331e-17	3.81336e-17	3.81344e-17	3.81349e-17	3.81355e-17	3.81359e-17	3.81363e-17	3.81366e-17	3.81369e-17	3.81373e-17	3.81376e-17	3.81377e-17	3.81382e-17	3.81385e-17	3.81386e-17	3.81388e-17	3.8139e-17	3.81391e-17	3.81393e-17	3.81395e-17	3.81396e-17	3.81397e-17	3.81398e-17	3.81399e-17	3.81402e-17	3.81403e-17	3.81404e-17	3.81405e-17	3.81405e-17	3.81406e-17	3.81408e-17	3.81408e-17	3.81408e-17	3.81408e-17	3.81408e-17	3.81408e-17
959.197	2.07016e-14	2.13569e-17	3.73083e-17	6.90503e-20	6.3513e-19	1.51565e-18	2.71445e-18	3.61616e-18	5.0859e-18	7.29552e-18	9.6265e-18	1.21676e-17	1.45236e-17	1.69361e-17	2.00801e-17	2.39899e-17	2.75404e-17	3.06913e-17	3.28251e-17	3.49105e-17	3.60205e-17	3.66264e-17	3.6782e-17	3.68676e-17	3.69004e-17	3.69371e-17	3.69968e-17	3.70512e-17	3.71071e-17	3.71551e-17	3.71835e-17	3.72003e-17	3.7216e-17	3.7227e-17	3.72349e-17	3.72435e-17	3.72507e-17	3.72554e-17	3.7261e-17	3.72653e-17	3.72679e-17	3.72713e-17	3.72747e-17	3.72778e-17	3.72814e-17	3.72837e-17	3.72858e-17	3.72882e-17	3.72901e-17	3.72922e-17	3.72933e-17	3.72948e-17	3.72955e-17	3.72971e-17	3.7298e-17	3.72991e-17	3.72998e-17	3.73006e-17	3.73011e-17	3.73019e-17	3.73024e-17	3.7303e-17	3.73034e-17	3.73038e-17	3.73042e-17	3.73044e-17	3.73048e-17	3.73051e-17	3.73052e-17	3.73057e-17	3.7306e-17	3.73061e-17	3.73063e-17	3.73066e-17	3.73067e-17	3.73068e-17	3.7307e-17	3.73072e-17	3.73073e-17	3.73074e-17	3.73075e-17	3.73077e-17	3.73078e-17	3.73079e-17	3.7308e-17	3.73081e-17	3.73082e-17	3.73083e-17	3.73083e-17	3.73083e-17	3.73083e-17	3.73083e-17	3.73083e-17
962.207	2.07016e-14	2.0884e-17	3.64944e-17	6.77802e-20	6.22888e-19	1.48504e-18	2.6575e-18	3.53841e-18	4.97391e-18	7.13387e-18	9.41517e-18	1.19031e-17	1.42087e-17	1.65686e-17	1.96413e-17	2.34617e-17	2.69311e-17	3.00098e-17	3.20951e-17	3.41335e-17	3.5221e-17	3.58171e-17	3.59712e-17	3.60567e-17	3.60894e-17	3.61256e-17	3.61843e-17	3.62381e-17	3.62932e-17	3.63411e-17	3.63695e-17	3.63864e-17	3.64021e-17	3.64131e-17	3.64208e-17	3.64293e-17	3.64364e-17	3.64412e-17	3.64467e-17	3.64512e-17	3.64538e-17	3.64572e-17	3.64605e-17	3.64636e-17	3.64673e-17	3.64696e-17	3.64717e-17	3.64741e-17	3.6476e-17	3.64782e-17	3.64793e-17	3.64808e-17	3.64815e-17	3.6483e-17	3.64839e-17	3.64851e-17	3.64858e-17	3.64866e-17	3.64871e-17	3.64879e-17	3.64884e-17	3.6489e-17	3.64894e-17	3.64898e-17	3.64902e-17	3.64904e-17	3.64908e-17	3.64911e-17	3.64912e-17	3.64917e-17	3.6492e-17	3.64921e-17	3.64923e-17	3.64926e-17	3.64927e-17	3.64929e-17	3.6493e-17	3.64932e-17	3.64933e-17	3.64934e-17	3.64935e-17	3.64937e-17	3.64938e-17	3.64939e-17	3.64941e-17	3.64941e-17	3.64942e-17	3.64944e-17	3.64944e-17	3.64944e-17	3.64944e-17	3.64944e-17	3.64944e-17
965.217	2.07016e-14	2.04216e-17	3.56986e-17	6.65362e-20	6.10902e-19	1.45507e-18	2.60175e-18	3.46232e-18	4.86432e-18	6.97568e-18	9.20838e-18	1.16443e-17	1.39008e-17	1.62093e-17	1.92121e-17	2.29451e-17	2.63351e-17	2.93435e-17	3.13816e-17	3.33743e-17	3.44396e-17	3.5026e-17	3.51786e-17	3.5264e-17	3.52965e-17	3.53322e-17	3.53899e-17	3.54431e-17	3.54975e-17	3.55452e-17	3.55736e-17	3.55907e-17	3.56064e-17	3.56172e-17	3.56248e-17	3.56333e-17	3.56403e-17	3.56451e-17	3.56506e-17	3.56551e-17	3.56579e-17	3.56612e-17	3.56645e-17	3.56676e-17	3.56713e-17	3.56736e-17	3.56758e-17	3.56781e-17	3.568e-17	3.56822e-17	3.56834e-17	3.56849e-17	3.56856e-17	3.56871e-17	3.5688e-17	3.56892e-17	3.56899e-17	3.56908e-17	3.56913e-17	3.5692e-17	3.56925e-17	3.56932e-17	3.56936e-17	3.5694e-17	3.56944e-17	3.56946e-17	3.5695e-17	3.56953e-17	3.56954e-17	3.56958e-17	3.56962e-17	3.56963e-17	3.56965e-17	3.56968e-17	3.56969e-17	3.5697e-17	3.56972e-17	3.56974e-17	3.56975e-17	3.56976e-17	3.56977e-17	3.56979e-17	3.5698e-17	3.56981e-17	3.56983e-17	3.56983e-17	3.56984e-17	3.56986e-17	3.56986e-17	3.56986e-17	3.56986e-17	3.56986e-17	3.56986e-17
968.227	2.07017e-14	1.99697e-17	3.49206e-17	6.53176e-20	5.99168e-19	1.42575e-18	2.5472e-18	3.38787e-18	4.75711e-18	6.8209e-18	9.00603e-18	1.13912e-17	1.35996e-17	1.5858e-17	1.87924e-17	2.24399e-17	2.57524e-17	2.86922e-17	3.06843e-17	3.26323e-17	3.36758e-17	3.42527e-17	3.44038e-17	3.4489e-17	3.45214e-17	3.45566e-17	3.46133e-17	3.46659e-17	3.47195e-17	3.4767e-17	3.47955e-17	3.48128e-17	3.48284e-17	3.48391e-17	3.48466e-17	3.48551e-17	3.4862e-17	3.48668e-17	3.48722e-17	3.48769e-17	3.48797e-17	3.4883e-17	3.48863e-17	3.48894e-17	3.48931e-17	3.48954e-17	3.48976e-17	3.48999e-17	3.49018e-17	3.49041e-17	3.49052e-17	3.49068e-17	3.49075e-17	3.4909e-17	3.49098e-17	3.49111e-17	3.49118e-17	3.49127e-17	3.49132e-17	3.49139e-17	3.49144e-17	3.49151e-17	3.49155e-17	3.49159e-17	3.49164e-17	3.49166e-17	3.4917e-17	3.49172e-17	3.49173e-17	3.49178e-17	3.49181e-17	3.49182e-17	3.49185e-17	3.49188e-17	3.49189e-17	3.4919e-17	3.49192e-17	3.49194e-17	3.49195e-17	3.49196e-17	3.49197e-17	3.49199e-17	3.492e-17	3.49201e-17	3.49202e-17	3.49203e-17	3.49204e-17	3.49206e-17	3.49206e-17	3.49206e-17	3.49206e-17	3.49206e-17	3.49206e-17
971.237	2.07017e-14	1.95279e-17	3.416e-17	6.41238e-20	5.87678e-19	1.39704e-18	2.49382e-18	3.31504e-18	4.65225e-18	6.66948e-18	8.80807e-18	1.11436e-17	1.33051e-17	1.55145e-17	1.8382e-17	2.19459e-17	2.51827e-17	2.80555e-17	3.00028e-17	3.19072e-17	3.29294e-17	3.34968e-17	3.36464e-17	3.37314e-17	3.37638e-17	3.37984e-17	3.38542e-17	3.39062e-17	3.39591e-17	3.40063e-17	3.40348e-17	3.40522e-17	3.40678e-17	3.40784e-17	3.40858e-17	3.40942e-17	3.4101e-17	3.41058e-17	3.41112e-17	3.4116e-17	3.41189e-17	3.41223e-17	3.41255e-17	3.41286e-17	3.41323e-17	3.41347e-17	3.41369e-17	3.41391e-17	3.4141e-17	3.41433e-17	3.41445e-17	3.41461e-17	3.41469e-17	3.41483e-17	3.41491e-17	3.41504e-17	3.41512e-17	3.41521e-17	3.41526e-17	3.41533e-17	3.41538e-17	3.41544e-17	3.41549e-17	3.41553e-17	3.41557e-17	3.4156e-17	3.41563e-17	3.41566e-17	3.41567e-17	3.41572e-17	3.41575e-17	3.41576e-17	3.41579e-17	3.41582e-17	3.41583e-17	3.41584e-17	3.41586e-17	3.41588e-17	3.41589e-17	3.4159e-17	3.41591e-17	3.41593e-17	3.41594e-17	3.41595e-17	3.41597e-17	3.41597e-17	3.41598e-17	3.416e-17	3.416e-17	3.416e-17	3.416e-17	3.416e-17	3.416e-17
974.247	2.07017e-14	1.90962e-17	3.34165e-17	6.29541e-20	5.76428e-19	1.36895e-18	2.44159e-18	3.2438e-18	4.54969e-18	6.52138e-18	8.61443e-18	1.09014e-17	1.3017e-17	1.51786e-17	1.79809e-17	2.14629e-17	2.46257e-17	2.74331e-17	2.93367e-17	3.11988e-17	3.22e-17	3.2758e-17	3.2906e-17	3.29908e-17	3.30231e-17	3.30572e-17	3.31122e-17	3.31636e-17	3.32157e-17	3.32626e-17	3.32912e-17	3.33086e-17	3.33243e-17	3.33347e-17	3.3342e-17	3.33504e-17	3.33572e-17	3.3362e-17	3.33673e-17	3.33723e-17	3.33751e-17	3.33786e-17	3.33818e-17	3.33848e-17	3.33887e-17	3.3391e-17	3.33932e-17	3.33954e-17	3.33973e-17	3.33997e-17	3.34009e-17	3.34025e-17	3.34033e-17	3.34046e-17	3.34055e-17	3.34068e-17	3.34075e-17	3.34085e-17	3.3409e-17	3.34097e-17	3.34102e-17	3.34109e-17	3.34113e-17	3.34118e-17	3.34122e-17	3.34125e-17	3.34128e-17	3.34131e-17	3.34132e-17	3.34136e-17	3.34139e-17	3.3414e-17	3.34143e-17	3.34146e-17	3.34148e-17	3.34149e-17	3.34151e-17	3.34153e-17	3.34154e-17	3.34155e-17	3.34156e-17	3.34157e-17	3.34159e-17	3.3416e-17	3.34161e-17	3.34162e-17	3.34163e-17	3.34165e-17	3.34165e-17	3.34165e-17	3.34165e-17	3.34165e-17	3.34165e-17
977.258	2.07017e-14	1.86742e-17	3.26898e-17	6.18079e-20	5.65412e-19	1.34146e-18	2.39049e-18	3.17411e-18	4.4494e-18	6.37655e-18	8.42503e-18	1.06645e-17	1.27354e-17	1.48504e-17	1.75887e-17	2.09906e-17	2.40813e-17	2.68249e-17	2.86858e-17	3.05066e-17	3.14872e-17	3.20359e-17	3.21824e-17	3.22669e-17	3.22992e-17	3.23328e-17	3.23869e-17	3.24377e-17	3.24891e-17	3.25357e-17	3.25642e-17	3.25818e-17	3.25975e-17	3.26078e-17	3.2615e-17	3.26234e-17	3.263e-17	3.26349e-17	3.26402e-17	3.26452e-17	3.26481e-17	3.26517e-17	3.26549e-17	3.26578e-17	3.26617e-17	3.2664e-17	3.26663e-17	3.26685e-17	3.26704e-17	3.26727e-17	3.26739e-17	3.26757e-17	3.26765e-17	3.26778e-17	3.26787e-17	3.26799e-17	3.26807e-17	3.26817e-17	3.26822e-17	3.26829e-17	3.26834e-17	3.2684e-17	3.26845e-17	3.26849e-17	3.26854e-17	3.26857e-17	3.2686e-17	3.26863e-17	3.26864e-17	3.26868e-17	3.26871e-17	3.26872e-17	3.26876e-17	3.26879e-17	3.2688e-17	3.26881e-17	3.26883e-17	3.26885e-17	3.26886e-17	3.26887e-17	3.26888e-17	3.2689e-17	3.26891e-17	3.26892e-17	3.26894e-17	3.26894e-17	3.26896e-17	3.26898e-17	3.26898e-17	3.26898e-17	3.26898e-17	3.26898e-17	3.26898e-17
980.268	2.07017e-14	1.82618e-17	3.19794e-17	6.06846e-20	5.54624e-19	1.31456e-18	2.3405e-18	3.10597e-18	4.35136e-18	6.23493e-18	8.2398e-18	1.04329e-17	1.246e-17	1.45295e-17	1.72054e-17	2.0529e-17	2.35491e-17	2.62304e-17	2.80498e-17	2.98303e-17	3.07908e-17	3.13302e-17	3.14751e-17	3.15594e-17	3.15916e-17	3.16247e-17	3.1678e-17	3.17283e-17	3.17789e-17	3.18251e-17	3.18537e-17	3.18713e-17	3.1887e-17	3.18973e-17	3.19043e-17	3.19127e-17	3.19193e-17	3.19242e-17	3.19294e-17	3.19345e-17	3.19375e-17	3.19411e-17	3.19443e-17	3.19473e-17	3.19512e-17	3.19535e-17	3.19558e-17	3.19579e-17	3.19598e-17	3.19622e-17	3.19634e-17	3.19652e-17	3.1966e-17	3.19673e-17	3.19682e-17	3.19694e-17	3.19702e-17	3.19713e-17	3.19718e-17	3.19725e-17	3.1973e-17	3.19736e-17	3.1974e-17	3.19745e-17	3.1975e-17	3.19753e-17	3.19757e-17	3.19759e-17	3.19761e-17	3.19765e-17	3.19767e-17	3.19769e-17	3.19772e-17	3.19775e-17	3.19776e-17	3.19777e-17	3.19779e-17	3.19782e-17	3.19782e-17	3.19783e-17	3.19784e-17	3.19786e-17	3.19788e-17	3.19789e-17	3.1979e-17	3.19791e-17	3.19792e-17	3.19794e-17	3.19794e-17	3.19794e-17	3.19794e-17	3.19794e-17	3.19794e-17
983.278	2.07017e-14	1.78588e-17	3.12852e-17	5.95838e-20	5.44061e-19	1.28824e-18	2.29161e-18	3.03933e-18	4.25552e-18	6.09648e-18	8.05868e-18	1.02064e-17	1.21908e-17	1.42159e-17	1.68307e-17	2.00778e-17	2.30289e-17	2.56494e-17	2.74283e-17	2.91696e-17	3.01103e-17	3.06406e-17	3.07839e-17	3.08679e-17	3.09001e-17	3.09327e-17	3.09851e-17	3.10349e-17	3.10848e-17	3.11307e-17	3.11592e-17	3.11769e-17	3.11927e-17	3.12028e-17	3.12098e-17	3.12181e-17	3.12246e-17	3.12295e-17	3.12347e-17	3.12399e-17	3.12429e-17	3.12467e-17	3.12499e-17	3.12528e-17	3.12567e-17	3.12591e-17	3.12614e-17	3.12635e-17	3.12654e-17	3.12677e-17	3.1269e-17	3.12709e-17	3.12717e-17	3.1273e-17	3.12739e-17	3.1275e-17	3.12759e-17	3.1277e-17	3.12775e-17	3.12782e-17	3.12787e-17	3.12793e-17	3.12797e-17	3.12802e-17	3.12807e-17	3.1281e-17	3.12814e-17	3.12817e-17	3.12818e-17	3.12822e-17	3.12824e-17	3.12826e-17	3.12829e-17	3.12832e-17	3.12833e-17	3.12835e-17	3.12837e-17	3.12839e-17	3.1284e-17	3.12841e-17	3.12842e-17	3.12843e-17	3.12845e-17	3.12846e-17	3.12848e-17	3.12848e-17	3.1285e-17	3.12852e-17	3.12852e-17	3.12852e-17	3.12852e-17	3.12852e-17	3.12852e-17
986.288	2.07018e-14	1.74651e-17	3.06067e-17	5.85049e-20	5.33717e-19	1.26248e-18	2.24378e-18	2.97419e-18	4.16184e-18	5.96114e-18	7.88161e-18	9.98504e-18	1.19276e-17	1.39094e-17	1.64646e-17	1.96369e-17	2.25206e-17	2.50817e-17	2.68211e-17	2.85241e-17	2.94455e-17	2.99668e-17	3.01085e-17	3.01921e-17	3.02243e-17	3.02564e-17	3.0308e-17	3.03573e-17	3.04065e-17	3.0452e-17	3.04804e-17	3.04982e-17	3.0514e-17	3.05241e-17	3.05309e-17	3.05392e-17	3.05457e-17	3.05507e-17	3.05558e-17	3.05611e-17	3.05641e-17	3.0568e-17	3.05712e-17	3.05741e-17	3.0578e-17	3.05804e-17	3.05828e-17	3.05848e-17	3.05868e-17	3.05891e-17	3.05903e-17	3.05922e-17	3.05931e-17	3.05944e-17	3.05953e-17	3.05964e-17	3.05973e-17	3.05984e-17	3.05989e-17	3.05996e-17	3.06002e-17	3.06007e-17	3.06012e-17	3.06017e-17	3.06022e-17	3.06025e-17	3.06029e-17	3.06032e-17	3.06033e-17	3.06037e-17	3.06039e-17	3.06041e-17	3.06044e-17	3.06047e-17	3.06048e-17	3.0605e-17	3.06052e-17	3.06054e-17	3.06055e-17	3.06056e-17	3.06057e-17	3.06058e-17	3.0606e-17	3.06061e-17	3.06063e-17	3.06064e-17	3.06065e-17	3.06067e-17	3.06067e-17	3.06067e-17	3.06067e-17	3.06067e-17	3.06067e-17
989.298	2.07018e-14	1.70803e-17	2.99437e-17	5.74473e-20	5.23587e-19	1.23727e-18	2.19701e-18	2.9105e-18	4.0703e-18	5.82888e-18	7.7085e-18	9.7686e-18	1.16704e-17	1.36098e-17	1.61068e-17	1.9206e-17	2.20238e-17	2.4527e-17	2.62278e-17	2.78936e-17	2.8796e-17	2.93084e-17	2.94484e-17	2.95318e-17	2.95638e-17	2.95956e-17	2.96464e-17	2.96951e-17	2.97436e-17	2.97888e-17	2.98171e-17	2.9835e-17	2.98508e-17	2.98608e-17	2.98675e-17	2.98758e-17	2.98823e-17	2.98873e-17	2.98923e-17	2.98977e-17	2.99008e-17	2.99048e-17	2.9908e-17	2.99109e-17	2.99148e-17	2.99171e-17	2.99196e-17	2.99216e-17	2.99236e-17	2.99258e-17	2.99271e-17	2.99291e-17	2.993e-17	2.99313e-17	2.99322e-17	2.99333e-17	2.99341e-17	2.99353e-17	2.99358e-17	2.99366e-17	2.99371e-17	2.99376e-17	2.99381e-17	2.99386e-17	2.99391e-17	2.99395e-17	2.99399e-17	2.99401e-17	2.99403e-17	2.99406e-17	2.99409e-17	2.9941e-17	2.99413e-17	2.99417e-17	2.99418e-17	2.99419e-17	2.99421e-17	2.99424e-17	2.99424e-17	2.99426e-17	2.99426e-17	2.99428e-17	2.9943e-17	2.99431e-17	2.99433e-17	2.99433e-17	2.99435e-17	2.99437e-17	2.99437e-17	2.99437e-17	2.99437e-17	2.99437e-17	2.99437e-17
992.308	2.07018e-14	1.67045e-17	2.92958e-17	5.64107e-20	5.13668e-19	1.21261e-18	2.15127e-18	2.84824e-18	3.98085e-18	5.69963e-18	7.5393e-18	9.55704e-18	1.14189e-17	1.33172e-17	1.57573e-17	1.8785e-17	2.15385e-17	2.39851e-17	2.56483e-17	2.72777e-17	2.81616e-17	2.86651e-17	2.88035e-17	2.88865e-17	2.89185e-17	2.89498e-17	2.89998e-17	2.9048e-17	2.90959e-17	2.91407e-17	2.9169e-17	2.91868e-17	2.92027e-17	2.92126e-17	2.92193e-17	2.92276e-17	2.9234e-17	2.9239e-17	2.9244e-17	2.92494e-17	2.92525e-17	2.92567e-17	2.92599e-17	2.92628e-17	2.92667e-17	2.92691e-17	2.92716e-17	2.92736e-17	2.92755e-17	2.92778e-17	2.92791e-17	2.92811e-17	2.9282e-17	2.92833e-17	2.92842e-17	2.92853e-17	2.92862e-17	2.92874e-17	2.92879e-17	2.92887e-17	2.92892e-17	2.92897e-17	2.92902e-17	2.92907e-17	2.92912e-17	2.92915e-17	2.9292e-17	2.92923e-17	2.92924e-17	2.92927e-17	2.9293e-17	2.92931e-17	2.92935e-17	2.92938e-17	2.92939e-17	2.9294e-17	2.92943e-17	2.92945e-17	2.92946e-17	2.92947e-17	2.92948e-17	2.92949e-17	2.92951e-17	2.92953e-17	2.92954e-17	2.92955e-17	2.92956e-17	2.92958e-17	2.92958e-17	2.92958e-17	2.92958e-17	2.92958e-17	2.92958e-17
995.318	2.07018e-14	1.63373e-17	2.86628e-17	5.53946e-20	5.03953e-19	1.18848e-18	2.10654e-18	2.7874e-18	3.89347e-18	5.57334e-18	7.37395e-18	9.35026e-18	1.11732e-17	1.30312e-17	1.54159e-17	1.83737e-17	2.10643e-17	2.34556e-17	2.50822e-17	2.66762e-17	2.75419e-17	2.80366e-17	2.81734e-17	2.82559e-17	2.8288e-17	2.83189e-17	2.83681e-17	2.84158e-17	2.84631e-17	2.85074e-17	2.85356e-17	2.85535e-17	2.85695e-17	2.85793e-17	2.85859e-17	2.85941e-17	2.86005e-17	2.86056e-17	2.86106e-17	2.8616e-17	2.86192e-17	2.86234e-17	2.86267e-17	2.86296e-17	2.86335e-17	2.86359e-17	2.86384e-17	2.86404e-17	2.86424e-17	2.86446e-17	2.86459e-17	2.86479e-17	2.86489e-17	2.86502e-17	2.86511e-17	2.86522e-17	2.8653e-17	2.86542e-17	2.86548e-17	2.86556e-17	2.86562e-17	2.86566e-17	2.86571e-17	2.86576e-17	2.86582e-17	2.86585e-17	2.86589e-17	2.86592e-17	2.86594e-17	2.86597e-17	2.866e-17	2.86601e-17	2.86604e-17	2.86607e-17	2.86609e-17	2.8661e-17	2.86613e-17	2.86615e-17	2.86616e-17	2.86617e-17	2.86618e-17	2.86619e-17	2.86621e-17	2.86623e-17	2.86624e-17	2.86625e-17	2.86626e-17	2.86628e-17	2.86628e-17	2.86628e-17	2.86628e-17	2.86628e-17	2.86628e-17
998.328	2.07018e-14	1.59786e-17	2.80444e-17	5.43984e-20	4.9444e-19	1.16487e-18	2.06282e-18	2.72794e-18	3.80811e-18	5.44998e-18	7.21236e-18	9.14819e-18	1.09331e-17	1.27518e-17	1.50823e-17	1.79719e-17	2.06011e-17	2.29384e-17	2.45292e-17	2.60887e-17	2.69366e-17	2.74227e-17	2.75579e-17	2.76399e-17	2.7672e-17	2.77024e-17	2.77509e-17	2.77981e-17	2.78448e-17	2.78887e-17	2.79169e-17	2.79348e-17	2.79508e-17	2.79605e-17	2.7967e-17	2.79753e-17	2.79817e-17	2.79868e-17	2.79917e-17	2.79971e-17	2.80004e-17	2.80047e-17	2.8008e-17	2.8011e-17	2.80148e-17	2.80172e-17	2.80198e-17	2.80218e-17	2.80238e-17	2.8026e-17	2.80273e-17	2.80294e-17	2.80303e-17	2.80317e-17	2.80326e-17	2.80336e-17	2.80345e-17	2.80357e-17	2.80363e-17	2.80371e-17	2.80377e-17	2.80382e-17	2.80386e-17	2.80391e-17	2.80397e-17	2.804e-17	2.80405e-17	2.80408e-17	2.80409e-17	2.80412e-17	2.80415e-17	2.80417e-17	2.8042e-17	2.80423e-17	2.80424e-17	2.80425e-17	2.80428e-17	2.8043e-17	2.80431e-17	2.80432e-17	2.80433e-17	2.80435e-17	2.80437e-17	2.80438e-17	2.80439e-17	2.8044e-17	2.80441e-17	2.80444e-17	2.80444e-17	2.80444e-17	2.80444e-17	2.80444e-17	2.80444e-17
1001.34	2.07018e-14	1.56283e-17	2.74402e-17	5.34217e-20	4.85124e-19	1.14178e-18	2.02006e-18	2.66984e-18	3.72474e-18	5.32948e-18	7.05448e-18	8.95072e-18	1.06985e-17	1.24789e-17	1.47565e-17	1.75795e-17	2.01487e-17	2.24333e-17	2.39891e-17	2.5515e-17	2.63455e-17	2.6823e-17	2.69566e-17	2.70381e-17	2.70702e-17	2.71002e-17	2.71479e-17	2.71947e-17	2.72408e-17	2.72843e-17	2.73123e-17	2.73302e-17	2.73463e-17	2.7356e-17	2.73625e-17	2.73706e-17	2.73771e-17	2.73822e-17	2.73871e-17	2.73926e-17	2.73958e-17	2.74003e-17	2.74036e-17	2.74066e-17	2.74104e-17	2.74128e-17	2.74154e-17	2.74175e-17	2.74195e-17	2.74216e-17	2.74229e-17	2.7425e-17	2.7426e-17	2.74274e-17	2.74284e-17	2.74294e-17	2.74302e-17	2.74314e-17	2.7432e-17	2.74329e-17	2.74335e-17	2.74339e-17	2.74344e-17	2.74349e-17	2.74354e-17	2.74358e-17	2.74363e-17	2.74366e-17	2.74367e-17	2.74371e-17	2.74373e-17	2.74375e-17	2.74378e-17	2.74381e-17	2.74382e-17	2.74384e-17	2.74386e-17	2.74389e-17	2.74389e-17	2.74391e-17	2.74391e-17	2.74393e-17	2.74395e-17	2.74397e-17	2.74398e-17	2.74399e-17	2.744e-17	2.74402e-17	2.74402e-17	2.74402e-17	2.74402e-17	2.74402e-17	2.74402e-17
1004.35	2.07018e-14	1.52862e-17	2.685e-17	5.24643e-20	4.76e-19	1.11918e-18	1.97827e-18	2.61307e-18	3.64332e-18	5.2118e-18	6.90024e-18	8.75778e-18	1.04693e-17	1.22123e-17	1.44383e-17	1.71962e-17	1.97068e-17	2.19399e-17	2.34615e-17	2.49547e-17	2.57681e-17	2.62373e-17	2.63692e-17	2.64502e-17	2.64823e-17	2.65119e-17	2.65589e-17	2.66052e-17	2.66508e-17	2.66939e-17	2.67218e-17	2.67397e-17	2.67558e-17	2.67655e-17	2.67719e-17	2.678e-17	2.67864e-17	2.67916e-17	2.67965e-17	2.6802e-17	2.68052e-17	2.68098e-17	2.68132e-17	2.68162e-17	2.682e-17	2.68224e-17	2.68251e-17	2.68272e-17	2.68292e-17	2.68313e-17	2.68326e-17	2.68347e-17	2.68357e-17	2.68371e-17	2.68381e-17	2.68391e-17	2.684e-17	2.68412e-17	2.68417e-17	2.68427e-17	2.68432e-17	2.68437e-17	2.68442e-17	2.68447e-17	2.68452e-17	2.68456e-17	2.68461e-17	2.68464e-17	2.68465e-17	2.68469e-17	2.68472e-17	2.68473e-17	2.68476e-17	2.68479e-17	2.6848e-17	2.68482e-17	2.68485e-17	2.68487e-17	2.68488e-17	2.68489e-17	2.6849e-17	2.68492e-17	2.68494e-17	2.68495e-17	2.68496e-17	2.68497e-17	2.68498e-17	2.685e-17	2.685e-17	2.685e-17	2.685e-17	2.685e-17	2.685e-17
1007.36	2.07019e-14	1.49521e-17	2.62735e-17	5.15255e-20	4.67065e-19	1.09708e-18	1.93742e-18	2.55761e-18	3.56381e-18	5.09688e-18	6.74958e-18	8.56928e-18	1.02453e-17	1.1952e-17	1.41276e-17	1.68219e-17	1.92753e-17	2.14581e-17	2.29464e-17	2.44076e-17	2.52044e-17	2.56653e-17	2.57955e-17	2.5876e-17	2.5908e-17	2.59373e-17	2.59836e-17	2.60293e-17	2.60745e-17	2.61172e-17	2.6145e-17	2.61628e-17	2.6179e-17	2.61886e-17	2.6195e-17	2.62031e-17	2.62095e-17	2.62148e-17	2.62196e-17	2.62251e-17	2.62284e-17	2.62331e-17	2.62366e-17	2.62396e-17	2.62433e-17	2.62458e-17	2.62484e-17	2.62505e-17	2.62526e-17	2.62546e-17	2.6256e-17	2.62581e-17	2.62591e-17	2.62606e-17	2.62616e-17	2.62625e-17	2.62634e-17	2.62646e-17	2.62652e-17	2.62661e-17	2.62667e-17	2.62672e-17	2.62677e-17	2.62682e-17	2.62687e-17	2.6269e-17	2.62696e-17	2.62699e-17	2.62701e-17	2.62704e-17	2.62707e-17	2.62709e-17	2.62711e-17	2.62714e-17	2.62715e-17	2.62717e-17	2.6272e-17	2.62722e-17	2.62723e-17	2.62724e-17	2.62725e-17	2.62727e-17	2.62729e-17	2.62731e-17	2.62732e-17	2.62733e-17	2.62733e-17	2.62735e-17	2.62735e-17	2.62735e-17	2.62735e-17	2.62735e-17	2.62735e-17
1010.37	2.07019e-14	1.46258e-17	2.57105e-17	5.0605e-20	4.58314e-19	1.07545e-18	1.89748e-18	2.50343e-18	3.48619e-18	4.98468e-18	6.60242e-18	8.38513e-18	1.00266e-17	1.16976e-17	1.38241e-17	1.64565e-17	1.88539e-17	2.09876e-17	2.24434e-17	2.38734e-17	2.46539e-17	2.51066e-17	2.52352e-17	2.53151e-17	2.53471e-17	2.5376e-17	2.54217e-17	2.54669e-17	2.55116e-17	2.55539e-17	2.55816e-17	2.55994e-17	2.56157e-17	2.56252e-17	2.56315e-17	2.56396e-17	2.56461e-17	2.56513e-17	2.56561e-17	2.56617e-17	2.5665e-17	2.56698e-17	2.56733e-17	2.56763e-17	2.56801e-17	2.56825e-17	2.56852e-17	2.56874e-17	2.56894e-17	2.56914e-17	2.56928e-17	2.56949e-17	2.56959e-17	2.56975e-17	2.56984e-17	2.56994e-17	2.57003e-17	2.57015e-17	2.5702e-17	2.5703e-17	2.57036e-17	2.57041e-17	2.57046e-17	2.57051e-17	2.57056e-17	2.5706e-17	2.57065e-17	2.57069e-17	2.5707e-17	2.57074e-17	2.57077e-17	2.57078e-17	2.57081e-17	2.57084e-17	2.57085e-17	2.57087e-17	2.5709e-17	2.57092e-17	2.57093e-17	2.57094e-17	2.57095e-17	2.57097e-17	2.57099e-17	2.571e-17	2.57101e-17	2.57103e-17	2.57103e-17	2.57105e-17	2.57105e-17	2.57105e-17	2.57105e-17	2.57105e-17	2.57105e-17
1013.38	2.07019e-14	1.43072e-17	2.51607e-17	4.97025e-20	4.49745e-19	1.0543e-18	1.85845e-18	2.45051e-18	3.41041e-18	4.87513e-18	6.4587e-18	8.20525e-18	9.81289e-18	1.14493e-17	1.35279e-17	1.60997e-17	1.84424e-17	2.05282e-17	2.19522e-17	2.33519e-17	2.41165e-17	2.45611e-17	2.4688e-17	2.47674e-17	2.47994e-17	2.48278e-17	2.48728e-17	2.49176e-17	2.49619e-17	2.50037e-17	2.50313e-17	2.50491e-17	2.50654e-17	2.50749e-17	2.50812e-17	2.50893e-17	2.50958e-17	2.51011e-17	2.51059e-17	2.51114e-17	2.51147e-17	2.51196e-17	2.51232e-17	2.51263e-17	2.513e-17	2.51324e-17	2.51351e-17	2.51373e-17	2.51394e-17	2.51414e-17	2.51428e-17	2.51449e-17	2.51459e-17	2.51475e-17	2.51485e-17	2.51495e-17	2.51503e-17	2.51515e-17	2.51521e-17	2.51531e-17	2.51537e-17	2.51542e-17	2.51547e-17	2.51552e-17	2.51557e-17	2.51561e-17	2.51566e-17	2.5157e-17	2.51571e-17	2.51575e-17	2.51578e-17	2.5158e-17	2.51583e-17	2.51585e-17	2.51586e-17	2.51588e-17	2.51591e-17	2.51593e-17	2.51594e-17	2.51595e-17	2.51596e-17	2.51599e-17	2.51601e-17	2.51602e-17	2.51603e-17	2.51604e-17	2.51605e-17	2.51607e-17	2.51607e-17	2.51607e-17	2.51607e-17	2.51607e-17	2.51607e-17
1016.39	2.07019e-14	1.39962e-17	2.46237e-17	4.88175e-20	4.41352e-19	1.03361e-18	1.82031e-18	2.39882e-18	3.33644e-18	4.7682e-18	6.31836e-18	8.02955e-18	9.60419e-18	1.12067e-17	1.32386e-17	1.57514e-17	1.80407e-17	2.00796e-17	2.14726e-17	2.28427e-17	2.35917e-17	2.40284e-17	2.41537e-17	2.42324e-17	2.42644e-17	2.42925e-17	2.43369e-17	2.43812e-17	2.4425e-17	2.44665e-17	2.4494e-17	2.45117e-17	2.45281e-17	2.45376e-17	2.45438e-17	2.45518e-17	2.45584e-17	2.45637e-17	2.45686e-17	2.4574e-17	2.45774e-17	2.45823e-17	2.4586e-17	2.45891e-17	2.45928e-17	2.45953e-17	2.4598e-17	2.46002e-17	2.46023e-17	2.46043e-17	2.46056e-17	2.46077e-17	2.46088e-17	2.46104e-17	2.46114e-17	2.46124e-17	2.46133e-17	2.46144e-17	2.4615e-17	2.46161e-17	2.46167e-17	2.46172e-17	2.46177e-17	2.46182e-17	2.46187e-17	2.46191e-17	2.46196e-17	2.462e-17	2.46201e-17	2.46205e-17	2.46208e-17	2.4621e-17	2.46213e-17	2.46215e-17	2.46217e-17	2.46219e-17	2.46221e-17	2.46224e-17	2.46224e-17	2.46226e-17	2.46227e-17	2.46229e-17	2.46231e-17	2.46232e-17	2.46233e-17	2.46235e-17	2.46235e-17	2.46237e-17	2.46237e-17	2.46237e-17	2.46237e-17	2.46237e-17	2.46237e-17
1019.4	2.07019e-14	1.36926e-17	2.40994e-17	4.79497e-20	4.33132e-19	1.01337e-18	1.78303e-18	2.34834e-18	3.26423e-18	4.66383e-18	6.18133e-18	7.85796e-18	9.40035e-18	1.09699e-17	1.29562e-17	1.54113e-17	1.76486e-17	1.96417e-17	2.10044e-17	2.23456e-17	2.30794e-17	2.35083e-17	2.3632e-17	2.37101e-17	2.3742e-17	2.37698e-17	2.38135e-17	2.38574e-17	2.39008e-17	2.39419e-17	2.39692e-17	2.39869e-17	2.40033e-17	2.40128e-17	2.40191e-17	2.4027e-17	2.40336e-17	2.4039e-17	2.40439e-17	2.40493e-17	2.40527e-17	2.40577e-17	2.40614e-17	2.40646e-17	2.40683e-17	2.40707e-17	2.40734e-17	2.40757e-17	2.40778e-17	2.40798e-17	2.40812e-17	2.40832e-17	2.40843e-17	2.4086e-17	2.4087e-17	2.4088e-17	2.40889e-17	2.409e-17	2.40906e-17	2.40917e-17	2.40923e-17	2.40928e-17	2.40933e-17	2.40938e-17	2.40943e-17	2.40947e-17	2.40952e-17	2.40956e-17	2.40958e-17	2.40962e-17	2.40965e-17	2.40967e-17	2.4097e-17	2.40972e-17	2.40974e-17	2.40975e-17	2.40978e-17	2.4098e-17	2.40981e-17	2.40982e-17	2.40983e-17	2.40986e-17	2.40988e-17	2.40989e-17	2.4099e-17	2.40991e-17	2.40992e-17	2.40994e-17	2.40994e-17	2.40994e-17	2.40994e-17	2.40994e-17	2.40994e-17
1022.41	2.07019e-14	1.33962e-17	2.35875e-17	4.70987e-20	4.25082e-19	9.93574e-19	1.7466e-18	2.29903e-18	3.19376e-18	4.56197e-18	6.04754e-18	7.69038e-18	9.20128e-18	1.07386e-17	1.26805e-17	1.50794e-17	1.72658e-17	1.92142e-17	2.05473e-17	2.18604e-17	2.25794e-17	2.30006e-17	2.31226e-17	2.32e-17	2.3232e-17	2.32594e-17	2.33024e-17	2.33459e-17	2.33889e-17	2.34296e-17	2.34569e-17	2.34745e-17	2.3491e-17	2.35005e-17	2.35067e-17	2.35146e-17	2.35212e-17	2.35266e-17	2.35315e-17	2.3537e-17	2.35404e-17	2.35454e-17	2.35492e-17	2.35524e-17	2.35561e-17	2.35586e-17	2.35612e-17	2.35635e-17	2.35657e-17	2.35677e-17	2.35691e-17	2.35711e-17	2.35722e-17	2.35739e-17	2.35749e-17	2.35759e-17	2.35768e-17	2.35779e-17	2.35785e-17	2.35796e-17	2.35802e-17	2.35808e-17	2.35813e-17	2.35818e-17	2.35823e-17	2.35827e-17	2.35832e-17	2.35836e-17	2.35838e-17	2.35842e-17	2.35845e-17	2.35847e-17	2.3585e-17	2.35852e-17	2.35854e-17	2.35856e-17	2.35858e-17	2.35861e-17	2.35862e-17	2.35863e-17	2.35864e-17	2.35867e-17	2.35869e-17	2.3587e-17	2.35871e-17	2.35872e-17	2.35872e-17	2.35875e-17	2.35875e-17	2.35875e-17	2.35875e-17	2.35875e-17	2.35875e-17
1025.42	2.07019e-14	1.31069e-17	2.30876e-17	4.62642e-20	4.17197e-19	9.74208e-19	1.711e-18	2.25089e-18	3.12499e-18	4.46257e-18	5.91693e-18	7.52673e-18	9.00689e-18	1.05128e-17	1.24115e-17	1.47555e-17	1.68921e-17	1.8797e-17	2.01011e-17	2.13867e-17	2.20912e-17	2.25049e-17	2.26253e-17	2.2702e-17	2.27339e-17	2.2761e-17	2.28035e-17	2.28464e-17	2.28891e-17	2.29295e-17	2.29566e-17	2.29741e-17	2.29907e-17	2.30002e-17	2.30064e-17	2.30142e-17	2.30209e-17	2.30263e-17	2.30313e-17	2.30368e-17	2.30402e-17	2.30452e-17	2.30491e-17	2.30523e-17	2.3056e-17	2.30585e-17	2.30612e-17	2.30635e-17	2.30656e-17	2.30677e-17	2.30691e-17	2.30711e-17	2.30722e-17	2.30739e-17	2.3075e-17	2.3076e-17	2.30769e-17	2.3078e-17	2.30786e-17	2.30797e-17	2.30803e-17	2.30809e-17	2.30814e-17	2.30819e-17	2.30824e-17	2.30828e-17	2.30833e-17	2.30837e-17	2.30839e-17	2.30843e-17	2.30847e-17	2.30849e-17	2.30851e-17	2.30854e-17	2.30855e-17	2.30857e-17	2.3086e-17	2.30862e-17	2.30863e-17	2.30864e-17	2.30865e-17	2.30868e-17	2.3087e-17	2.30871e-17	2.30872e-17	2.30874e-17	2.30874e-17	2.30876e-17	2.30876e-17	2.30876e-17	2.30876e-17	2.30876e-17	2.30876e-17
1028.43	2.0702e-14	1.28246e-17	2.25997e-17	4.54457e-20	4.09475e-19	9.55265e-19	1.67621e-18	2.20387e-18	3.05787e-18	4.36557e-18	5.78943e-18	7.36694e-18	8.81706e-18	1.02923e-17	1.21488e-17	1.44393e-17	1.65275e-17	1.83897e-17	1.96656e-17	2.09244e-17	2.16147e-17	2.2021e-17	2.21397e-17	2.22158e-17	2.22477e-17	2.22744e-17	2.23163e-17	2.23588e-17	2.24011e-17	2.24412e-17	2.24682e-17	2.24857e-17	2.25023e-17	2.25118e-17	2.2518e-17	2.25257e-17	2.25325e-17	2.25379e-17	2.2543e-17	2.25484e-17	2.25518e-17	2.25569e-17	2.25608e-17	2.25641e-17	2.25678e-17	2.25703e-17	2.25729e-17	2.25753e-17	2.25775e-17	2.25796e-17	2.25809e-17	2.25829e-17	2.2584e-17	2.25858e-17	2.25869e-17	2.25879e-17	2.25888e-17	2.25899e-17	2.25905e-17	2.25916e-17	2.25922e-17	2.25929e-17	2.25934e-17	2.25938e-17	2.25944e-17	2.25948e-17	2.25953e-17	2.25957e-17	2.25958e-17	2.25963e-17	2.25966e-17	2.25969e-17	2.25971e-17	2.25974e-17	2.25975e-17	2.25977e-17	2.2598e-17	2.25982e-17	2.25983e-17	2.25984e-17	2.25986e-17	2.25988e-17	2.2599e-17	2.25992e-17	2.25992e-17	2.25994e-17	2.25994e-17	2.25997e-17	2.25997e-17	2.25997e-17	2.25997e-17	2.25997e-17	2.25997e-17
1031.44	2.0702e-14	1.2549e-17	2.21233e-17	4.4643e-20	4.01911e-19	9.36735e-19	1.64221e-18	2.15796e-18	2.99238e-18	4.27092e-18	5.66498e-18	7.21091e-18	8.6317e-18	1.00771e-17	1.18924e-17	1.41308e-17	1.61716e-17	1.79922e-17	1.92405e-17	2.04732e-17	2.11497e-17	2.15487e-17	2.16658e-17	2.17412e-17	2.1773e-17	2.17994e-17	2.18407e-17	2.18828e-17	2.19248e-17	2.19645e-17	2.19914e-17	2.20088e-17	2.20255e-17	2.2035e-17	2.20411e-17	2.20489e-17	2.20556e-17	2.20611e-17	2.20663e-17	2.20717e-17	2.20751e-17	2.20802e-17	2.20842e-17	2.20875e-17	2.20912e-17	2.20937e-17	2.20963e-17	2.20987e-17	2.21009e-17	2.2103e-17	2.21044e-17	2.21064e-17	2.21075e-17	2.21092e-17	2.21103e-17	2.21114e-17	2.21123e-17	2.21134e-17	2.2114e-17	2.21151e-17	2.21157e-17	2.21164e-17	2.21169e-17	2.21174e-17	2.2118e-17	2.21183e-17	2.21188e-17	2.21192e-17	2.21194e-17	2.21199e-17	2.21202e-17	2.21204e-17	2.21207e-17	2.2121e-17	2.21211e-17	2.21214e-17	2.21216e-17	2.21218e-17	2.21219e-17	2.21221e-17	2.21222e-17	2.21225e-17	2.21227e-17	2.21228e-17	2.21229e-17	2.2123e-17	2.2123e-17	2.21233e-17	2.21233e-17	2.21233e-17	2.21233e-17	2.21233e-17	2.21233e-17
1034.45	2.0702e-14	1.22801e-17	2.16583e-17	4.38557e-20	3.94502e-19	9.18609e-19	1.60899e-18	2.11314e-18	2.92848e-18	4.17858e-18	5.54351e-18	7.05857e-18	8.45071e-18	9.86692e-18	1.16422e-17	1.38297e-17	1.58243e-17	1.76043e-17	1.88256e-17	2.00328e-17	2.06958e-17	2.10876e-17	2.12032e-17	2.12778e-17	2.13096e-17	2.13357e-17	2.13764e-17	2.14181e-17	2.14597e-17	2.14991e-17	2.1526e-17	2.15433e-17	2.156e-17	2.15695e-17	2.15757e-17	2.15833e-17	2.15901e-17	2.15957e-17	2.16009e-17	2.16063e-17	2.16097e-17	2.16148e-17	2.16189e-17	2.16222e-17	2.16259e-17	2.16284e-17	2.1631e-17	2.16334e-17	2.16356e-17	2.16378e-17	2.16392e-17	2.16412e-17	2.16423e-17	2.1644e-17	2.16452e-17	2.16462e-17	2.16472e-17	2.16483e-17	2.16489e-17	2.16499e-17	2.16506e-17	2.16513e-17	2.16518e-17	2.16523e-17	2.16529e-17	2.16532e-17	2.16537e-17	2.16541e-17	2.16543e-17	2.16548e-17	2.16551e-17	2.16554e-17	2.16557e-17	2.16559e-17	2.16561e-17	2.16563e-17	2.16565e-17	2.16568e-17	2.16569e-17	2.1657e-17	2.16571e-17	2.16574e-17	2.16576e-17	2.16577e-17	2.16578e-17	2.1658e-17	2.1658e-17	2.16583e-17	2.16583e-17	2.16583e-17	2.16583e-17	2.16583e-17	2.16583e-17
1037.46	2.0702e-14	1.20177e-17	2.12043e-17	4.30834e-20	3.87245e-19	9.00878e-19	1.57653e-18	2.06937e-18	2.86612e-18	4.08848e-18	5.42495e-18	6.90983e-18	8.27399e-18	9.66173e-18	1.1398e-17	1.35359e-17	1.54854e-17	1.72257e-17	1.84206e-17	1.96029e-17	2.02528e-17	2.06377e-17	2.07516e-17	2.08256e-17	2.08573e-17	2.08831e-17	2.09232e-17	2.09644e-17	2.10058e-17	2.10449e-17	2.10717e-17	2.10889e-17	2.11056e-17	2.11151e-17	2.11213e-17	2.11289e-17	2.11358e-17	2.11414e-17	2.11467e-17	2.11521e-17	2.11555e-17	2.11606e-17	2.11647e-17	2.1168e-17	2.11717e-17	2.11742e-17	2.11768e-17	2.11792e-17	2.11815e-17	2.11837e-17	2.11851e-17	2.11871e-17	2.11882e-17	2.11899e-17	2.11911e-17	2.11922e-17	2.11932e-17	2.11942e-17	2.11949e-17	2.11959e-17	2.11965e-17	2.11973e-17	2.11978e-17	2.11983e-17	2.11989e-17	2.11992e-17	2.11997e-17	2.12001e-17	2.12003e-17	2.12008e-17	2.12012e-17	2.12014e-17	2.12017e-17	2.1202e-17	2.12021e-17	2.12024e-17	2.12026e-17	2.12028e-17	2.12029e-17	2.12031e-17	2.12032e-17	2.12035e-17	2.12037e-17	2.12038e-17	2.12039e-17	2.1204e-17	2.12041e-17	2.12043e-17	2.12043e-17	2.12043e-17	2.12043e-17	2.12043e-17	2.12043e-17
1040.47	2.0702e-14	1.17616e-17	2.07613e-17	4.23259e-20	3.80136e-19	8.83532e-19	1.54482e-18	2.02663e-18	2.80528e-18	4.00059e-18	5.30924e-18	6.76461e-18	8.10145e-18	9.46141e-18	1.11596e-17	1.32492e-17	1.51546e-17	1.68562e-17	1.80255e-17	1.91835e-17	1.98205e-17	2.01985e-17	2.03109e-17	2.03841e-17	2.04158e-17	2.04413e-17	2.04808e-17	2.05216e-17	2.05627e-17	2.06015e-17	2.06282e-17	2.06453e-17	2.06621e-17	2.06716e-17	2.06778e-17	2.06854e-17	2.06922e-17	2.06979e-17	2.07033e-17	2.07087e-17	2.07121e-17	2.07172e-17	2.07213e-17	2.07247e-17	2.07284e-17	2.07309e-17	2.07335e-17	2.07359e-17	2.07382e-17	2.07404e-17	2.07419e-17	2.07438e-17	2.07449e-17	2.07467e-17	2.07479e-17	2.0749e-17	2.075e-17	2.0751e-17	2.07517e-17	2.07527e-17	2.07533e-17	2.07541e-17	2.07546e-17	2.07551e-17	2.07557e-17	2.07561e-17	2.07566e-17	2.0757e-17	2.07572e-17	2.07577e-17	2.0758e-17	2.07583e-17	2.07586e-17	2.07589e-17	2.0759e-17	2.07593e-17	2.07595e-17	2.07597e-17	2.07598e-17	2.076e-17	2.07601e-17	2.07604e-17	2.07606e-17	2.07607e-17	2.07608e-17	2.07609e-17	2.0761e-17	2.07613e-17	2.07613e-17	2.07613e-17	2.07613e-17	2.07613e-17	2.07613e-17
1043.48	2.0702e-14	1.15117e-17	2.03288e-17	4.15828e-20	3.73172e-19	8.66564e-19	1.51382e-18	1.9849e-18	2.74592e-18	3.91484e-18	5.19632e-18	6.62284e-18	7.93298e-18	9.26583e-18	1.0927e-17	1.29695e-17	1.4832e-17	1.64957e-17	1.76398e-17	1.87741e-17	1.93986e-17	1.97699e-17	1.98807e-17	1.99532e-17	1.99848e-17	2.001e-17	2.00491e-17	2.00894e-17	2.01302e-17	2.01687e-17	2.01953e-17	2.02124e-17	2.02292e-17	2.02387e-17	2.02449e-17	2.02524e-17	2.02593e-17	2.0265e-17	2.02705e-17	2.02759e-17	2.02794e-17	2.02844e-17	2.02885e-17	2.02919e-17	2.02957e-17	2.02982e-17	2.03007e-17	2.03032e-17	2.03055e-17	2.03078e-17	2.03092e-17	2.03112e-17	2.03123e-17	2.0314e-17	2.03152e-17	2.03164e-17	2.03174e-17	2.03184e-17	2.03191e-17	2.03201e-17	2.03208e-17	2.03215e-17	2.03221e-17	2.03226e-17	2.03232e-17	2.03236e-17	2.0324e-17	2.03245e-17	2.03246e-17	2.03251e-17	2.03255e-17	2.03257e-17	2.03261e-17	2.03264e-17	2.03265e-17	2.03268e-17	2.0327e-17	2.03272e-17	2.03273e-17	2.03275e-17	2.03276e-17	2.03279e-17	2.03281e-17	2.03282e-17	2.03283e-17	2.03285e-17	2.03285e-17	2.03288e-17	2.03288e-17	2.03288e-17	2.03288e-17	2.03288e-17	2.03288e-17
1046.49	2.0702e-14	1.12679e-17	1.99067e-17	4.08538e-20	3.66349e-19	8.49963e-19	1.48354e-18	1.94415e-18	2.688e-18	3.8312e-18	5.08612e-18	6.48443e-18	7.7685e-18	9.07489e-18	1.07e-17	1.26966e-17	1.45171e-17	1.61439e-17	1.72634e-17	1.83747e-17	1.8987e-17	1.93516e-17	1.94609e-17	1.95326e-17	1.95642e-17	1.95891e-17	1.96276e-17	1.96675e-17	1.9708e-17	1.97463e-17	1.97728e-17	1.97898e-17	1.98067e-17	1.98162e-17	1.98224e-17	1.98299e-17	1.98368e-17	1.98425e-17	1.98481e-17	1.98536e-17	1.9857e-17	1.9862e-17	1.98661e-17	1.98696e-17	1.98733e-17	1.98759e-17	1.98783e-17	1.98808e-17	1.98831e-17	1.98855e-17	1.98869e-17	1.98889e-17	1.989e-17	1.98917e-17	1.9893e-17	1.98941e-17	1.98951e-17	1.98962e-17	1.98969e-17	1.98979e-17	1.98985e-17	1.98993e-17	1.98999e-17	1.99004e-17	1.9901e-17	1.99014e-17	1.99019e-17	1.99023e-17	1.99025e-17	1.99029e-17	1.99033e-17	1.99036e-17	1.99039e-17	1.99042e-17	1.99044e-17	1.99046e-17	1.99048e-17	1.99051e-17	1.99052e-17	1.99054e-17	1.99055e-17	1.99058e-17	1.9906e-17	1.99061e-17	1.99062e-17	1.99063e-17	1.99064e-17	1.99067e-17	1.99067e-17	1.99067e-17	1.99067e-17	1.99067e-17	1.99067e-17
1049.5	2.07021e-14	1.10301e-17	1.94947e-17	4.01386e-20	3.59664e-19	8.33721e-19	1.45394e-18	1.90436e-18	2.6315e-18	3.7496e-18	4.97857e-18	6.3493e-18	7.6079e-18	8.88846e-18	1.04784e-17	1.24303e-17	1.42099e-17	1.58007e-17	1.68962e-17	1.79849e-17	1.85852e-17	1.89435e-17	1.90512e-17	1.91222e-17	1.91537e-17	1.91783e-17	1.92163e-17	1.92557e-17	1.9296e-17	1.93341e-17	1.93605e-17	1.93774e-17	1.93943e-17	1.94039e-17	1.941e-17	1.94174e-17	1.94244e-17	1.94301e-17	1.94358e-17	1.94413e-17	1.94448e-17	1.94497e-17	1.94539e-17	1.94573e-17	1.94611e-17	1.94637e-17	1.94661e-17	1.94686e-17	1.94709e-17	1.94733e-17	1.94748e-17	1.94768e-17	1.94778e-17	1.94796e-17	1.94808e-17	1.9482e-17	1.9483e-17	1.94841e-17	1.94848e-17	1.94858e-17	1.94864e-17	1.94872e-17	1.94878e-17	1.94883e-17	1.9489e-17	1.94893e-17	1.94898e-17	1.94902e-17	1.94904e-17	1.94909e-17	1.94913e-17	1.94915e-17	1.94919e-17	1.94922e-17	1.94924e-17	1.94926e-17	1.94928e-17	1.94931e-17	1.94932e-17	1.94934e-17	1.94935e-17	1.94938e-17	1.9494e-17	1.94941e-17	1.94942e-17	1.94944e-17	1.94944e-17	1.94947e-17	1.94947e-17	1.94947e-17	1.94947e-17	1.94947e-17	1.94947e-17
1052.51	2.07021e-14	1.0798e-17	1.90927e-17	3.94368e-20	3.53114e-19	8.1783e-19	1.42502e-18	1.86551e-18	2.57636e-18	3.67e-18	4.87363e-18	6.21738e-18	7.4511e-18	8.70645e-18	1.02621e-17	1.21705e-17	1.39102e-17	1.54658e-17	1.65378e-17	1.76045e-17	1.81932e-17	1.85451e-17	1.86514e-17	1.87216e-17	1.8753e-17	1.87774e-17	1.88148e-17	1.88538e-17	1.88938e-17	1.89317e-17	1.89581e-17	1.89749e-17	1.89918e-17	1.90014e-17	1.90076e-17	1.90149e-17	1.90219e-17	1.90276e-17	1.90334e-17	1.9039e-17	1.90425e-17	1.90474e-17	1.90515e-17	1.90549e-17	1.90588e-17	1.90613e-17	1.90637e-17	1.90662e-17	1.90685e-17	1.9071e-17	1.90725e-17	1.90745e-17	1.90756e-17	1.90773e-17	1.90786e-17	1.90798e-17	1.90808e-17	1.90819e-17	1.90826e-17	1.90836e-17	1.90842e-17	1.9085e-17	1.90856e-17	1.90861e-17	1.90868e-17	1.90872e-17	1.90877e-17	1.90881e-17	1.90883e-17	1.90887e-17	1.90892e-17	1.90894e-17	1.90897e-17	1.90901e-17	1.90902e-17	1.90905e-17	1.90907e-17	1.9091e-17	1.90911e-17	1.90912e-17	1.90914e-17	1.90917e-17	1.90919e-17	1.9092e-17	1.90921e-17	1.90923e-17	1.90924e-17	1.90927e-17	1.90927e-17	1.90927e-17	1.90927e-17	1.90927e-17	1.90927e-17
1055.52	2.07021e-14	1.05715e-17	1.87002e-17	3.87482e-20	3.46696e-19	8.02281e-19	1.39675e-18	1.82757e-18	2.52256e-18	3.59235e-18	4.77121e-18	6.08859e-18	7.298e-18	8.52874e-18	1.00511e-17	1.1917e-17	1.36178e-17	1.5139e-17	1.61881e-17	1.72333e-17	1.78106e-17	1.81564e-17	1.82612e-17	1.83306e-17	1.83619e-17	1.83861e-17	1.8423e-17	1.84616e-17	1.85014e-17	1.8539e-17	1.85653e-17	1.85821e-17	1.85989e-17	1.86086e-17	1.86148e-17	1.86221e-17	1.8629e-17	1.86348e-17	1.86407e-17	1.86463e-17	1.86498e-17	1.86547e-17	1.86588e-17	1.86622e-17	1.86661e-17	1.86686e-17	1.8671e-17	1.86735e-17	1.86758e-17	1.86783e-17	1.86798e-17	1.86819e-17	1.8683e-17	1.86847e-17	1.8686e-17	1.86872e-17	1.86882e-17	1.86894e-17	1.86901e-17	1.8691e-17	1.86917e-17	1.86925e-17	1.8693e-17	1.86936e-17	1.86943e-17	1.86947e-17	1.86952e-17	1.86956e-17	1.86958e-17	1.86962e-17	1.86967e-17	1.86969e-17	1.86972e-17	1.86976e-17	1.86978e-17	1.8698e-17	1.86982e-17	1.86985e-17	1.86986e-17	1.86988e-17	1.86989e-17	1.86992e-17	1.86994e-17	1.86996e-17	1.86997e-17	1.86998e-17	1.86999e-17	1.87002e-17	1.87002e-17	1.87002e-17	1.87002e-17	1.87002e-17	1.87002e-17
1058.53	2.07021e-14	1.03506e-17	1.83172e-17	3.80725e-20	3.40407e-19	7.87066e-19	1.36913e-18	1.79052e-18	2.47007e-18	3.5166e-18	4.67126e-18	5.96285e-18	7.14852e-18	8.35522e-18	9.84505e-18	1.16696e-17	1.33324e-17	1.48202e-17	1.58469e-17	1.6871e-17	1.74373e-17	1.77771e-17	1.78804e-17	1.79491e-17	1.79803e-17	1.80042e-17	1.80407e-17	1.80788e-17	1.81183e-17	1.81558e-17	1.8182e-17	1.81987e-17	1.82155e-17	1.82252e-17	1.82314e-17	1.82386e-17	1.82456e-17	1.82514e-17	1.82574e-17	1.82631e-17	1.82666e-17	1.82714e-17	1.82756e-17	1.8279e-17	1.82828e-17	1.82854e-17	1.82878e-17	1.82903e-17	1.82925e-17	1.82951e-17	1.82966e-17	1.82987e-17	1.82998e-17	1.83015e-17	1.83028e-17	1.8304e-17	1.83051e-17	1.83062e-17	1.83069e-17	1.83079e-17	1.83086e-17	1.83093e-17	1.83099e-17	1.83105e-17	1.83112e-17	1.83116e-17	1.83121e-17	1.83125e-17	1.83127e-17	1.83132e-17	1.83136e-17	1.83138e-17	1.83142e-17	1.83145e-17	1.83147e-17	1.8315e-17	1.83152e-17	1.83155e-17	1.83156e-17	1.83158e-17	1.83159e-17	1.83162e-17	1.83164e-17	1.83165e-17	1.83167e-17	1.83168e-17	1.83169e-17	1.83172e-17	1.83172e-17	1.83172e-17	1.83172e-17	1.83172e-17	1.83172e-17
1061.54	2.07021e-14	1.01351e-17	1.79434e-17	3.74093e-20	3.34243e-19	7.72175e-19	1.34213e-18	1.75434e-18	2.41885e-18	3.4427e-18	4.57372e-18	5.84009e-18	7.00255e-18	8.18578e-18	9.64396e-18	1.14283e-17	1.30541e-17	1.45091e-17	1.55139e-17	1.65175e-17	1.70731e-17	1.74069e-17	1.75088e-17	1.75767e-17	1.76078e-17	1.76315e-17	1.76675e-17	1.77052e-17	1.77444e-17	1.77817e-17	1.78079e-17	1.78246e-17	1.78414e-17	1.78511e-17	1.78573e-17	1.78644e-17	1.78714e-17	1.78772e-17	1.78833e-17	1.7889e-17	1.78926e-17	1.78974e-17	1.79015e-17	1.79049e-17	1.79088e-17	1.79113e-17	1.79137e-17	1.79162e-17	1.79185e-17	1.7921e-17	1.79226e-17	1.79247e-17	1.79258e-17	1.79275e-17	1.79288e-17	1.793e-17	1.79311e-17	1.79323e-17	1.7933e-17	1.79339e-17	1.79346e-17	1.79354e-17	1.7936e-17	1.79366e-17	1.79373e-17	1.79377e-17	1.79382e-17	1.79386e-17	1.79388e-17	1.79393e-17	1.79397e-17	1.79399e-17	1.79403e-17	1.79406e-17	1.79408e-17	1.79411e-17	1.79413e-17	1.79416e-17	1.79417e-17	1.79419e-17	1.79421e-17	1.79423e-17	1.79425e-17	1.79427e-17	1.79428e-17	1.7943e-17	1.79431e-17	1.79434e-17	1.79434e-17	1.79434e-17	1.79434e-17	1.79434e-17	1.79434e-17
1064.55	2.07021e-14	9.92479e-18	1.75785e-17	3.67584e-20	3.28201e-19	7.57603e-19	1.31574e-18	1.719e-18	2.36886e-18	3.37061e-18	4.47853e-18	5.72023e-18	6.86001e-18	8.02032e-18	9.44767e-18	1.11928e-17	1.27824e-17	1.42055e-17	1.51889e-17	1.61726e-17	1.67176e-17	1.70457e-17	1.71461e-17	1.72133e-17	1.72443e-17	1.72678e-17	1.73033e-17	1.73405e-17	1.73795e-17	1.74166e-17	1.74427e-17	1.74594e-17	1.74762e-17	1.74859e-17	1.74921e-17	1.74992e-17	1.75062e-17	1.7512e-17	1.75182e-17	1.7524e-17	1.75275e-17	1.75323e-17	1.75364e-17	1.75398e-17	1.75437e-17	1.75462e-17	1.75486e-17	1.7551e-17	1.75533e-17	1.75559e-17	1.75575e-17	1.75597e-17	1.75608e-17	1.75625e-17	1.75638e-17	1.7565e-17	1.75661e-17	1.75673e-17	1.7568e-17	1.7569e-17	1.75697e-17	1.75704e-17	1.7571e-17	1.75716e-17	1.75723e-17	1.75727e-17	1.75733e-17	1.75737e-17	1.75739e-17	1.75744e-17	1.75748e-17	1.7575e-17	1.75754e-17	1.75757e-17	1.75759e-17	1.75762e-17	1.75764e-17	1.75767e-17	1.75768e-17	1.7577e-17	1.75772e-17	1.75775e-17	1.75777e-17	1.75778e-17	1.7578e-17	1.75781e-17	1.75782e-17	1.75785e-17	1.75785e-17	1.75785e-17	1.75785e-17	1.75785e-17	1.75785e-17
1067.56	2.07021e-14	9.71962e-18	1.72224e-17	3.61196e-20	3.2228e-19	7.43339e-19	1.28994e-18	1.68449e-18	2.32009e-18	3.30027e-18	4.38563e-18	5.6032e-18	6.72082e-18	7.85874e-18	9.25606e-18	1.09629e-17	1.25174e-17	1.39093e-17	1.48718e-17	1.58359e-17	1.63707e-17	1.66932e-17	1.67922e-17	1.68587e-17	1.68896e-17	1.69128e-17	1.69478e-17	1.69846e-17	1.70234e-17	1.70603e-17	1.70864e-17	1.7103e-17	1.71198e-17	1.71296e-17	1.71357e-17	1.71428e-17	1.71497e-17	1.71555e-17	1.71618e-17	1.71677e-17	1.71713e-17	1.7176e-17	1.718e-17	1.71834e-17	1.71873e-17	1.71899e-17	1.71922e-17	1.71947e-17	1.71969e-17	1.71996e-17	1.72011e-17	1.72034e-17	1.72045e-17	1.72062e-17	1.72075e-17	1.72087e-17	1.72099e-17	1.72111e-17	1.72118e-17	1.72127e-17	1.72135e-17	1.72142e-17	1.72148e-17	1.72154e-17	1.72161e-17	1.72165e-17	1.72171e-17	1.72175e-17	1.72177e-17	1.72182e-17	1.72186e-17	1.72189e-17	1.72192e-17	1.72196e-17	1.72198e-17	1.72201e-17	1.72203e-17	1.72206e-17	1.72207e-17	1.72209e-17	1.7221e-17	1.72213e-17	1.72215e-17	1.72217e-17	1.72218e-17	1.7222e-17	1.72221e-17	1.72224e-17	1.72224e-17	1.72224e-17	1.72224e-17	1.72224e-17	1.72224e-17
1070.57	2.07021e-14	9.51942e-18	1.68749e-17	3.54924e-20	3.16474e-19	7.29377e-19	1.26471e-18	1.65077e-18	2.27248e-18	3.23165e-18	4.29496e-18	5.48893e-18	6.58488e-18	7.70094e-18	9.06899e-18	1.07387e-17	1.22588e-17	1.36203e-17	1.45624e-17	1.55074e-17	1.60321e-17	1.63491e-17	1.64468e-17	1.65126e-17	1.65433e-17	1.65663e-17	1.66009e-17	1.66373e-17	1.66758e-17	1.67125e-17	1.67386e-17	1.67551e-17	1.67719e-17	1.67817e-17	1.67879e-17	1.67949e-17	1.68018e-17	1.68076e-17	1.68139e-17	1.68199e-17	1.68235e-17	1.68282e-17	1.68322e-17	1.68356e-17	1.68395e-17	1.68421e-17	1.68444e-17	1.68468e-17	1.68491e-17	1.68517e-17	1.68533e-17	1.68556e-17	1.68567e-17	1.68585e-17	1.68597e-17	1.6861e-17	1.68621e-17	1.68633e-17	1.68641e-17	1.6865e-17	1.68658e-17	1.68665e-17	1.68671e-17	1.68677e-17	1.68685e-17	1.68689e-17	1.68694e-17	1.68699e-17	1.68701e-17	1.68705e-17	1.6871e-17	1.68712e-17	1.68716e-17	1.68719e-17	1.68721e-17	1.68724e-17	1.68727e-17	1.68729e-17	1.68731e-17	1.68733e-17	1.68734e-17	1.68737e-17	1.68739e-17	1.68741e-17	1.68742e-17	1.68744e-17	1.68745e-17	1.68749e-17	1.68749e-17	1.68749e-17	1.68749e-17	1.68749e-17	1.68749e-17
1073.58	2.07022e-14	9.32409e-18	1.65356e-17	3.48767e-20	3.10783e-19	7.15708e-19	1.24006e-18	1.61784e-18	2.22602e-18	3.16469e-18	4.20646e-18	5.37734e-18	6.45212e-18	7.5468e-18	8.88635e-18	1.05198e-17	1.20064e-17	1.33383e-17	1.42604e-17	1.51868e-17	1.57017e-17	1.60134e-17	1.61097e-17	1.61747e-17	1.62054e-17	1.62282e-17	1.62623e-17	1.62983e-17	1.63365e-17	1.63731e-17	1.63991e-17	1.64156e-17	1.64323e-17	1.64422e-17	1.64484e-17	1.64553e-17	1.64622e-17	1.6468e-17	1.64744e-17	1.64804e-17	1.64841e-17	1.64888e-17	1.64928e-17	1.64961e-17	1.65e-17	1.65025e-17	1.65049e-17	1.65073e-17	1.65095e-17	1.65122e-17	1.65138e-17	1.65161e-17	1.65172e-17	1.6519e-17	1.65203e-17	1.65216e-17	1.65227e-17	1.65239e-17	1.65247e-17	1.65257e-17	1.65264e-17	1.65271e-17	1.65277e-17	1.65283e-17	1.65291e-17	1.65295e-17	1.65301e-17	1.65305e-17	1.65307e-17	1.65312e-17	1.65316e-17	1.65319e-17	1.65322e-17	1.65326e-17	1.65328e-17	1.65331e-17	1.65333e-17	1.65336e-17	1.65338e-17	1.6534e-17	1.65341e-17	1.65344e-17	1.65346e-17	1.65348e-17	1.6535e-17	1.65351e-17	1.65352e-17	1.65356e-17	1.65356e-17	1.65356e-17	1.65356e-17	1.65356e-17	1.65356e-17
1076.59	2.07022e-14	9.13348e-18	1.62044e-17	3.42722e-20	3.05203e-19	7.02326e-19	1.21594e-18	1.58566e-18	2.18066e-18	3.09936e-18	4.12007e-18	5.26837e-18	6.32245e-18	7.39625e-18	8.70802e-18	1.03062e-17	1.17602e-17	1.30631e-17	1.39657e-17	1.48738e-17	1.53793e-17	1.56857e-17	1.57807e-17	1.5845e-17	1.58755e-17	1.58981e-17	1.59318e-17	1.59673e-17	1.60053e-17	1.60418e-17	1.60677e-17	1.60842e-17	1.61009e-17	1.61108e-17	1.6117e-17	1.61239e-17	1.61307e-17	1.61365e-17	1.61429e-17	1.6149e-17	1.61527e-17	1.61574e-17	1.61614e-17	1.61647e-17	1.61686e-17	1.61711e-17	1.61734e-17	1.61758e-17	1.61781e-17	1.61808e-17	1.61824e-17	1.61847e-17	1.61859e-17	1.61877e-17	1.6189e-17	1.61902e-17	1.61914e-17	1.61926e-17	1.61934e-17	1.61944e-17	1.61951e-17	1.61958e-17	1.61964e-17	1.61971e-17	1.61978e-17	1.61982e-17	1.61988e-17	1.61993e-17	1.61995e-17	1.62e-17	1.62004e-17	1.62006e-17	1.6201e-17	1.62014e-17	1.62016e-17	1.62019e-17	1.62021e-17	1.62024e-17	1.62026e-17	1.62028e-17	1.62029e-17	1.62032e-17	1.62034e-17	1.62036e-17	1.62038e-17	1.62039e-17	1.6204e-17	1.62044e-17	1.62044e-17	1.62044e-17	1.62044e-17	1.62044e-17	1.62044e-17
1079.6	2.07022e-14	8.94747e-18	1.58811e-17	3.36787e-20	2.99731e-19	6.89222e-19	1.19237e-18	1.55423e-18	2.13639e-18	3.0356e-18	4.03574e-18	5.16194e-18	6.19578e-18	7.24917e-18	8.53387e-18	1.00977e-17	1.15198e-17	1.27945e-17	1.36781e-17	1.45684e-17	1.50646e-17	1.53659e-17	1.54596e-17	1.55232e-17	1.55536e-17	1.55759e-17	1.56092e-17	1.56443e-17	1.56821e-17	1.57183e-17	1.57442e-17	1.57607e-17	1.57774e-17	1.57873e-17	1.57935e-17	1.58003e-17	1.58071e-17	1.58129e-17	1.58193e-17	1.58255e-17	1.58292e-17	1.5834e-17	1.58379e-17	1.58411e-17	1.5845e-17	1.58476e-17	1.58499e-17	1.58523e-17	1.58545e-17	1.58572e-17	1.58588e-17	1.58612e-17	1.58624e-17	1.58642e-17	1.58655e-17	1.58668e-17	1.58679e-17	1.58692e-17	1.587e-17	1.58709e-17	1.58717e-17	1.58724e-17	1.5873e-17	1.58737e-17	1.58744e-17	1.58748e-17	1.58755e-17	1.58759e-17	1.58761e-17	1.58766e-17	1.5877e-17	1.58773e-17	1.58776e-17	1.5878e-17	1.58782e-17	1.58785e-17	1.58788e-17	1.58791e-17	1.58792e-17	1.58794e-17	1.58796e-17	1.58799e-17	1.58801e-17	1.58803e-17	1.58804e-17	1.58806e-17	1.58807e-17	1.58811e-17	1.58811e-17	1.58811e-17	1.58811e-17	1.58811e-17	1.58811e-17
1082.61	2.07022e-14	8.76595e-18	1.55655e-17	3.30958e-20	2.94364e-19	6.7639e-19	1.16931e-18	1.52351e-18	2.09316e-18	2.97338e-18	3.95342e-18	5.058e-18	6.07204e-18	7.10548e-18	8.36381e-18	9.89412e-18	1.12853e-17	1.25324e-17	1.33974e-17	1.42702e-17	1.47574e-17	1.50537e-17	1.51461e-17	1.52091e-17	1.52393e-17	1.52615e-17	1.52943e-17	1.5329e-17	1.53665e-17	1.54026e-17	1.54285e-17	1.54449e-17	1.54616e-17	1.54715e-17	1.54777e-17	1.54845e-17	1.54912e-17	1.5497e-17	1.55034e-17	1.55097e-17	1.55135e-17	1.55182e-17	1.55221e-17	1.55253e-17	1.55292e-17	1.55317e-17	1.55341e-17	1.55364e-17	1.55386e-17	1.55413e-17	1.55429e-17	1.55454e-17	1.55465e-17	1.55484e-17	1.55497e-17	1.5551e-17	1.55521e-17	1.55534e-17	1.55542e-17	1.55552e-17	1.5556e-17	1.55567e-17	1.55573e-17	1.55579e-17	1.55587e-17	1.55591e-17	1.55598e-17	1.55602e-17	1.55604e-17	1.55609e-17	1.55613e-17	1.55616e-17	1.5562e-17	1.55623e-17	1.55626e-17	1.55628e-17	1.55631e-17	1.55634e-17	1.55636e-17	1.55638e-17	1.55639e-17	1.55642e-17	1.55645e-17	1.55646e-17	1.55648e-17	1.55649e-17	1.55651e-17	1.55655e-17	1.55655e-17	1.55655e-17	1.55655e-17	1.55655e-17	1.55655e-17
1085.62	2.07022e-14	8.58879e-18	1.52573e-17	3.25233e-20	2.89101e-19	6.63823e-19	1.14675e-18	1.49349e-18	2.05096e-18	2.91265e-18	3.87304e-18	4.95646e-18	5.95116e-18	6.96509e-18	8.19771e-18	9.69542e-18	1.10563e-17	1.22765e-17	1.31233e-17	1.39792e-17	1.44575e-17	1.4749e-17	1.48401e-17	1.49024e-17	1.49325e-17	1.49545e-17	1.49869e-17	1.50212e-17	1.50584e-17	1.50944e-17	1.51202e-17	1.51367e-17	1.51533e-17	1.51632e-17	1.51693e-17	1.51761e-17	1.51828e-17	1.51886e-17	1.5195e-17	1.52014e-17	1.52051e-17	1.52099e-17	1.52137e-17	1.5217e-17	1.52208e-17	1.52233e-17	1.52257e-17	1.5228e-17	1.52302e-17	1.52329e-17	1.52345e-17	1.5237e-17	1.52382e-17	1.52401e-17	1.52414e-17	1.52427e-17	1.52438e-17	1.52451e-17	1.5246e-17	1.52469e-17	1.52477e-17	1.52484e-17	1.5249e-17	1.52497e-17	1.52504e-17	1.52509e-17	1.52515e-17	1.5252e-17	1.52522e-17	1.52527e-17	1.52531e-17	1.52534e-17	1.52538e-17	1.52541e-17	1.52544e-17	1.52547e-17	1.52549e-17	1.52552e-17	1.52554e-17	1.52556e-17	1.52558e-17	1.52561e-17	1.52563e-17	1.52565e-17	1.52566e-17	1.52568e-17	1.52569e-17	1.52573e-17	1.52573e-17	1.52573e-17	1.52573e-17	1.52573e-17	1.52573e-17
1088.63	2.07022e-14	8.41587e-18	1.49564e-17	3.19611e-20	2.83938e-19	6.51513e-19	1.12469e-18	1.46414e-18	2.00975e-18	2.85337e-18	3.79457e-18	4.85728e-18	5.83304e-18	6.8279e-18	8.03546e-18	9.50142e-18	1.08329e-17	1.20268e-17	1.28559e-17	1.36951e-17	1.41648e-17	1.44515e-17	1.45414e-17	1.46031e-17	1.4633e-17	1.46548e-17	1.46868e-17	1.47207e-17	1.47576e-17	1.47934e-17	1.48192e-17	1.48357e-17	1.48523e-17	1.48622e-17	1.48683e-17	1.48751e-17	1.48817e-17	1.48874e-17	1.48939e-17	1.49003e-17	1.49041e-17	1.49089e-17	1.49127e-17	1.49159e-17	1.49197e-17	1.49222e-17	1.49246e-17	1.49269e-17	1.49291e-17	1.49317e-17	1.49334e-17	1.49359e-17	1.49371e-17	1.4939e-17	1.49404e-17	1.49416e-17	1.49428e-17	1.49441e-17	1.4945e-17	1.49459e-17	1.49467e-17	1.49474e-17	1.4948e-17	1.49487e-17	1.49495e-17	1.49499e-17	1.49506e-17	1.4951e-17	1.49512e-17	1.49518e-17	1.49522e-17	1.49525e-17	1.49528e-17	1.49532e-17	1.49534e-17	1.49537e-17	1.4954e-17	1.49543e-17	1.49545e-17	1.49547e-17	1.49549e-17	1.49552e-17	1.49554e-17	1.49556e-17	1.49558e-17	1.49559e-17	1.4956e-17	1.49564e-17	1.49564e-17	1.49564e-17	1.49564e-17	1.49564e-17	1.49564e-17
1091.64	2.07022e-14	8.24709e-18	1.46626e-17	3.14087e-20	2.78873e-19	6.39455e-19	1.10311e-18	1.43546e-18	1.9695e-18	2.7955e-18	3.71794e-18	4.76038e-18	5.71763e-18	6.69382e-18	7.87696e-18	9.31199e-18	1.06147e-17	1.1783e-17	1.25947e-17	1.34177e-17	1.3879e-17	1.41611e-17	1.42498e-17	1.43108e-17	1.43406e-17	1.43622e-17	1.43938e-17	1.44273e-17	1.44639e-17	1.44996e-17	1.45254e-17	1.45418e-17	1.45584e-17	1.45683e-17	1.45744e-17	1.45811e-17	1.45877e-17	1.45934e-17	1.45998e-17	1.46063e-17	1.46101e-17	1.46149e-17	1.46187e-17	1.46219e-17	1.46257e-17	1.46282e-17	1.46305e-17	1.46329e-17	1.4635e-17	1.46377e-17	1.46393e-17	1.46419e-17	1.46431e-17	1.46451e-17	1.46464e-17	1.46477e-17	1.46489e-17	1.46502e-17	1.4651e-17	1.4652e-17	1.46528e-17	1.46535e-17	1.46541e-17	1.46548e-17	1.46556e-17	1.4656e-17	1.46567e-17	1.46572e-17	1.46574e-17	1.46579e-17	1.46584e-17	1.46586e-17	1.4659e-17	1.46594e-17	1.46596e-17	1.46599e-17	1.46602e-17	1.46605e-17	1.46607e-17	1.46609e-17	1.4661e-17	1.46614e-17	1.46616e-17	1.46617e-17	1.4662e-17	1.46621e-17	1.46622e-17	1.46626e-17	1.46626e-17	1.46626e-17	1.46626e-17	1.46626e-17	1.46626e-17
1094.65	2.07022e-14	8.08231e-18	1.43757e-17	3.08662e-20	2.73904e-19	6.27641e-19	1.08199e-18	1.40742e-18	1.93019e-18	2.739e-18	3.6431e-18	4.6657e-18	5.60483e-18	6.56278e-18	7.7221e-18	9.12701e-18	1.04017e-17	1.1545e-17	1.23398e-17	1.31468e-17	1.35999e-17	1.38775e-17	1.39651e-17	1.40255e-17	1.40551e-17	1.40765e-17	1.41077e-17	1.41408e-17	1.41771e-17	1.42127e-17	1.42384e-17	1.42548e-17	1.42714e-17	1.42813e-17	1.42874e-17	1.42941e-17	1.43005e-17	1.43062e-17	1.43126e-17	1.43192e-17	1.4323e-17	1.43279e-17	1.43317e-17	1.43348e-17	1.43386e-17	1.43411e-17	1.43434e-17	1.43457e-17	1.43479e-17	1.43505e-17	1.43522e-17	1.43548e-17	1.4356e-17	1.4358e-17	1.43593e-17	1.43606e-17	1.43618e-17	1.43631e-17	1.4364e-17	1.4365e-17	1.43658e-17	1.43665e-17	1.43671e-17	1.43678e-17	1.43686e-17	1.4369e-17	1.43697e-17	1.43702e-17	1.43704e-17	1.43709e-17	1.43714e-17	1.43717e-17	1.4372e-17	1.43724e-17	1.43727e-17	1.4373e-17	1.43732e-17	1.43736e-17	1.43737e-17	1.4374e-17	1.43741e-17	1.43744e-17	1.43747e-17	1.43748e-17	1.4375e-17	1.43752e-17	1.43753e-17	1.43757e-17	1.43757e-17	1.43757e-17	1.43757e-17	1.43757e-17	1.43757e-17
1097.66	2.07023e-14	7.92144e-18	1.40955e-17	3.03331e-20	2.69028e-19	6.16065e-19	1.06132e-18	1.38001e-18	1.89179e-18	2.68383e-18	3.57001e-18	4.57319e-18	5.4946e-18	6.43469e-18	7.57078e-18	8.94634e-18	1.01937e-17	1.13127e-17	1.20909e-17	1.28824e-17	1.33274e-17	1.36007e-17	1.36871e-17	1.37469e-17	1.37763e-17	1.37975e-17	1.38284e-17	1.38611e-17	1.38971e-17	1.39325e-17	1.39582e-17	1.39746e-17	1.39911e-17	1.40011e-17	1.40071e-17	1.40138e-17	1.40202e-17	1.40258e-17	1.40321e-17	1.40388e-17	1.40426e-17	1.40475e-17	1.40513e-17	1.40544e-17	1.40582e-17	1.40606e-17	1.4063e-17	1.40653e-17	1.40674e-17	1.407e-17	1.40717e-17	1.40743e-17	1.40755e-17	1.40776e-17	1.4079e-17	1.40803e-17	1.40815e-17	1.40828e-17	1.40837e-17	1.40847e-17	1.40855e-17	1.40862e-17	1.40868e-17	1.40875e-17	1.40883e-17	1.40887e-17	1.40894e-17	1.40899e-17	1.40901e-17	1.40907e-17	1.40911e-17	1.40914e-17	1.40918e-17	1.40922e-17	1.40924e-17	1.40927e-17	1.4093e-17	1.40933e-17	1.40935e-17	1.40937e-17	1.40939e-17	1.40942e-17	1.40944e-17	1.40946e-17	1.40948e-17	1.4095e-17	1.40951e-17	1.40955e-17	1.40955e-17	1.40955e-17	1.40955e-17	1.40955e-17	1.40955e-17
1100.67	2.07023e-14	7.76436e-18	1.38218e-17	2.98093e-20	2.64243e-19	6.04722e-19	1.0411e-18	1.3532e-18	1.85428e-18	2.62996e-18	3.49862e-18	4.48279e-18	5.38684e-18	6.30946e-18	7.4229e-18	8.76986e-18	9.99057e-18	1.10858e-17	1.18478e-17	1.26241e-17	1.30614e-17	1.33303e-17	1.34156e-17	1.34748e-17	1.3504e-17	1.35251e-17	1.35556e-17	1.35879e-17	1.36236e-17	1.36588e-17	1.36845e-17	1.37009e-17	1.37174e-17	1.37273e-17	1.37334e-17	1.374e-17	1.37463e-17	1.37519e-17	1.37582e-17	1.37648e-17	1.37688e-17	1.37737e-17	1.37774e-17	1.37805e-17	1.37843e-17	1.37867e-17	1.37891e-17	1.37913e-17	1.37935e-17	1.37961e-17	1.37977e-17	1.38004e-17	1.38016e-17	1.38037e-17	1.38051e-17	1.38064e-17	1.38076e-17	1.3809e-17	1.38098e-17	1.38109e-17	1.38117e-17	1.38124e-17	1.38131e-17	1.38137e-17	1.38145e-17	1.38149e-17	1.38157e-17	1.38161e-17	1.38163e-17	1.38169e-17	1.38174e-17	1.38177e-17	1.3818e-17	1.38185e-17	1.38187e-17	1.3819e-17	1.38192e-17	1.38196e-17	1.38198e-17	1.382e-17	1.38202e-17	1.38205e-17	1.38207e-17	1.38209e-17	1.38211e-17	1.38213e-17	1.38214e-17	1.38218e-17	1.38218e-17	1.38218e-17	1.38218e-17	1.38218e-17	1.38218e-17
1103.68	2.07023e-14	7.61097e-18	1.35545e-17	2.92946e-20	2.59546e-19	5.93604e-19	1.0213e-18	1.32699e-18	1.81763e-18	2.57735e-18	3.42887e-18	4.39443e-18	5.28151e-18	6.18702e-18	7.27836e-18	8.59746e-18	9.79221e-18	1.08642e-17	1.16105e-17	1.23718e-17	1.28015e-17	1.30663e-17	1.31505e-17	1.3209e-17	1.32381e-17	1.3259e-17	1.32891e-17	1.3321e-17	1.33564e-17	1.33915e-17	1.34171e-17	1.34336e-17	1.345e-17	1.346e-17	1.3466e-17	1.34726e-17	1.34788e-17	1.34844e-17	1.34906e-17	1.34973e-17	1.35012e-17	1.35062e-17	1.35099e-17	1.3513e-17	1.35167e-17	1.35191e-17	1.35215e-17	1.35238e-17	1.35259e-17	1.35285e-17	1.35301e-17	1.35328e-17	1.3534e-17	1.35362e-17	1.35376e-17	1.35389e-17	1.35401e-17	1.35415e-17	1.35424e-17	1.35434e-17	1.35443e-17	1.3545e-17	1.35456e-17	1.35463e-17	1.3547e-17	1.35475e-17	1.35482e-17	1.35487e-17	1.35489e-17	1.35495e-17	1.355e-17	1.35503e-17	1.35507e-17	1.35511e-17	1.35513e-17	1.35516e-17	1.35519e-17	1.35522e-17	1.35524e-17	1.35526e-17	1.35528e-17	1.35531e-17	1.35534e-17	1.35535e-17	1.35538e-17	1.35539e-17	1.35541e-17	1.35545e-17	1.35545e-17	1.35545e-17	1.35545e-17	1.35545e-17	1.35545e-17
1106.69	2.07023e-14	7.46116e-18	1.32933e-17	2.87888e-20	2.54937e-19	5.82707e-19	1.00192e-18	1.30134e-18	1.78181e-18	2.52596e-18	3.36074e-18	4.30807e-18	5.17852e-18	6.06728e-18	7.13707e-18	8.42902e-18	9.59846e-18	1.06479e-17	1.13787e-17	1.21255e-17	1.25476e-17	1.28083e-17	1.28915e-17	1.29495e-17	1.29784e-17	1.29991e-17	1.30289e-17	1.30604e-17	1.30954e-17	1.31304e-17	1.3156e-17	1.31724e-17	1.31889e-17	1.31988e-17	1.32048e-17	1.32114e-17	1.32175e-17	1.3223e-17	1.32292e-17	1.32358e-17	1.32398e-17	1.32448e-17	1.32486e-17	1.32516e-17	1.32553e-17	1.32577e-17	1.32601e-17	1.32623e-17	1.32645e-17	1.3267e-17	1.32687e-17	1.32714e-17	1.32726e-17	1.32748e-17	1.32762e-17	1.32776e-17	1.32788e-17	1.32802e-17	1.3281e-17	1.32821e-17	1.3283e-17	1.32837e-17	1.32843e-17	1.3285e-17	1.32857e-17	1.32862e-17	1.3287e-17	1.32874e-17	1.32877e-17	1.32883e-17	1.32887e-17	1.3289e-17	1.32894e-17	1.32898e-17	1.32901e-17	1.32904e-17	1.32906e-17	1.3291e-17	1.32912e-17	1.32914e-17	1.32916e-17	1.32919e-17	1.32922e-17	1.32924e-17	1.32926e-17	1.32927e-17	1.32929e-17	1.32933e-17	1.32933e-17	1.32933e-17	1.32933e-17	1.32933e-17	1.32933e-17
1109.7	2.07023e-14	7.31483e-18	1.30381e-17	2.82916e-20	2.50412e-19	5.72024e-19	9.82952e-19	1.27626e-18	1.7468e-18	2.47576e-18	3.29416e-18	4.22364e-18	5.07782e-18	5.95019e-18	6.99894e-18	8.26443e-18	9.40919e-18	1.04365e-17	1.11522e-17	1.18848e-17	1.22997e-17	1.25564e-17	1.26385e-17	1.26959e-17	1.27247e-17	1.27452e-17	1.27746e-17	1.28058e-17	1.28405e-17	1.28753e-17	1.29008e-17	1.29173e-17	1.29337e-17	1.29436e-17	1.29496e-17	1.29561e-17	1.29622e-17	1.29677e-17	1.29737e-17	1.29804e-17	1.29844e-17	1.29895e-17	1.29932e-17	1.29963e-17	1.29999e-17	1.30023e-17	1.30047e-17	1.30069e-17	1.30091e-17	1.30116e-17	1.30132e-17	1.30159e-17	1.30172e-17	1.30194e-17	1.30208e-17	1.30222e-17	1.30235e-17	1.30248e-17	1.30257e-17	1.30268e-17	1.30277e-17	1.30284e-17	1.3029e-17	1.30297e-17	1.30305e-17	1.30309e-17	1.30317e-17	1.30321e-17	1.30324e-17	1.3033e-17	1.30335e-17	1.30338e-17	1.30342e-17	1.30346e-17	1.30348e-17	1.30351e-17	1.30354e-17	1.30358e-17	1.30359e-17	1.30362e-17	1.30364e-17	1.30367e-17	1.3037e-17	1.30372e-17	1.30374e-17	1.30375e-17	1.30377e-17	1.30381e-17	1.30381e-17	1.30381e-17	1.30381e-17	1.30381e-17	1.30381e-17
1112.71	2.07023e-14	7.17188e-18	1.27887e-17	2.78029e-20	2.45969e-19	5.6155e-19	9.64376e-19	1.25172e-18	1.71259e-18	2.42672e-18	3.2291e-18	4.1411e-18	4.97934e-18	5.83566e-18	6.86388e-18	8.10358e-18	9.22428e-18	1.02301e-17	1.0931e-17	1.16496e-17	1.20574e-17	1.23103e-17	1.23913e-17	1.24483e-17	1.24768e-17	1.24972e-17	1.25263e-17	1.2557e-17	1.25914e-17	1.2626e-17	1.26515e-17	1.2668e-17	1.26844e-17	1.26943e-17	1.27003e-17	1.27068e-17	1.27127e-17	1.27181e-17	1.27241e-17	1.27308e-17	1.27348e-17	1.27399e-17	1.27437e-17	1.27467e-17	1.27503e-17	1.27527e-17	1.27551e-17	1.27573e-17	1.27595e-17	1.27619e-17	1.27636e-17	1.27663e-17	1.27676e-17	1.27698e-17	1.27713e-17	1.27727e-17	1.2774e-17	1.27753e-17	1.27762e-17	1.27773e-17	1.27782e-17	1.27789e-17	1.27796e-17	1.27803e-17	1.2781e-17	1.27815e-17	1.27822e-17	1.27827e-17	1.27829e-17	1.27836e-17	1.27841e-17	1.27843e-17	1.27848e-17	1.27852e-17	1.27854e-17	1.27857e-17	1.2786e-17	1.27864e-17	1.27866e-17	1.27868e-17	1.2787e-17	1.27873e-17	1.27876e-17	1.27878e-17	1.2788e-17	1.27882e-17	1.27883e-17	1.27887e-17	1.27887e-17	1.27887e-17	1.27887e-17	1.27887e-17	1.27887e-17
1115.72	2.07023e-14	7.03222e-18	1.2545e-17	2.73226e-20	2.41608e-19	5.51281e-19	9.46185e-19	1.22771e-18	1.67914e-18	2.3788e-18	3.16552e-18	4.06039e-18	4.88303e-18	5.72362e-18	6.7318e-18	7.94636e-18	9.0436e-18	1.00284e-17	1.07149e-17	1.14199e-17	1.18207e-17	1.20698e-17	1.21499e-17	1.22062e-17	1.22346e-17	1.22548e-17	1.22836e-17	1.23139e-17	1.2348e-17	1.23824e-17	1.24079e-17	1.24244e-17	1.24407e-17	1.24506e-17	1.24566e-17	1.24631e-17	1.24689e-17	1.24743e-17	1.24802e-17	1.24869e-17	1.24908e-17	1.2496e-17	1.24998e-17	1.25029e-17	1.25064e-17	1.25088e-17	1.25111e-17	1.25134e-17	1.25155e-17	1.2518e-17	1.25197e-17	1.25224e-17	1.25236e-17	1.25259e-17	1.25274e-17	1.25288e-17	1.25301e-17	1.25315e-17	1.25324e-17	1.25335e-17	1.25344e-17	1.25351e-17	1.25358e-17	1.25365e-17	1.25372e-17	1.25377e-17	1.25384e-17	1.25389e-17	1.25392e-17	1.25398e-17	1.25403e-17	1.25406e-17	1.2541e-17	1.25414e-17	1.25417e-17	1.2542e-17	1.25423e-17	1.25427e-17	1.25428e-17	1.25431e-17	1.25433e-17	1.25436e-17	1.25439e-17	1.25441e-17	1.25443e-17	1.25445e-17	1.25446e-17	1.2545e-17	1.2545e-17	1.2545e-17	1.2545e-17	1.2545e-17	1.2545e-17
1118.73	2.07023e-14	6.89575e-18	1.23069e-17	2.68504e-20	2.37325e-19	5.4121e-19	9.28369e-19	1.20421e-18	1.64643e-18	2.33196e-18	3.10338e-18	3.98147e-18	4.78883e-18	5.61401e-18	6.60262e-18	7.79266e-18	8.86703e-18	9.8313e-18	1.05038e-17	1.11954e-17	1.15894e-17	1.18348e-17	1.19139e-17	1.19698e-17	1.19979e-17	1.2018e-17	1.20464e-17	1.20764e-17	1.21101e-17	1.21444e-17	1.21697e-17	1.21863e-17	1.22026e-17	1.22125e-17	1.22184e-17	1.22249e-17	1.22307e-17	1.2236e-17	1.22417e-17	1.22484e-17	1.22524e-17	1.22576e-17	1.22614e-17	1.22645e-17	1.2268e-17	1.22703e-17	1.22727e-17	1.22749e-17	1.22771e-17	1.22795e-17	1.22812e-17	1.22839e-17	1.22852e-17	1.22875e-17	1.2289e-17	1.22904e-17	1.22917e-17	1.22931e-17	1.2294e-17	1.22952e-17	1.22961e-17	1.22968e-17	1.22975e-17	1.22982e-17	1.22989e-17	1.22994e-17	1.23002e-17	1.23006e-17	1.23009e-17	1.23016e-17	1.2302e-17	1.23023e-17	1.23028e-17	1.23032e-17	1.23035e-17	1.23038e-17	1.2304e-17	1.23044e-17	1.23046e-17	1.23049e-17	1.2305e-17	1.23054e-17	1.23057e-17	1.23059e-17	1.23061e-17	1.23063e-17	1.23064e-17	1.23069e-17	1.23069e-17	1.23069e-17	1.23069e-17	1.23069e-17	1.23069e-17
1121.74	2.07023e-14	6.76239e-18	1.2074e-17	2.63861e-20	2.33119e-19	5.31332e-19	9.10918e-19	1.18121e-18	1.61445e-18	2.28619e-18	3.04263e-18	3.90429e-18	4.69667e-18	5.50675e-18	6.47625e-18	7.64239e-18	8.69445e-18	9.63871e-18	1.02975e-17	1.0976e-17	1.13633e-17	1.16051e-17	1.16833e-17	1.17386e-17	1.17666e-17	1.17866e-17	1.18146e-17	1.18443e-17	1.18776e-17	1.19117e-17	1.1937e-17	1.19535e-17	1.19699e-17	1.19797e-17	1.19856e-17	1.1992e-17	1.19978e-17	1.2003e-17	1.20087e-17	1.20153e-17	1.20193e-17	1.20246e-17	1.20284e-17	1.20314e-17	1.20349e-17	1.20373e-17	1.20396e-17	1.20418e-17	1.2044e-17	1.20464e-17	1.20481e-17	1.20508e-17	1.20521e-17	1.20544e-17	1.2056e-17	1.20574e-17	1.20587e-17	1.20601e-17	1.20611e-17	1.20622e-17	1.20631e-17	1.20639e-17	1.20646e-17	1.20652e-17	1.2066e-17	1.20665e-17	1.20672e-17	1.20677e-17	1.2068e-17	1.20687e-17	1.20691e-17	1.20694e-17	1.20699e-17	1.20703e-17	1.20706e-17	1.20709e-17	1.20712e-17	1.20716e-17	1.20717e-17	1.2072e-17	1.20722e-17	1.20725e-17	1.20728e-17	1.2073e-17	1.20733e-17	1.20734e-17	1.20736e-17	1.2074e-17	1.2074e-17	1.2074e-17	1.2074e-17	1.2074e-17	1.2074e-17
1124.75	2.07024e-14	6.63203e-18	1.18464e-17	2.59296e-20	2.28988e-19	5.21644e-19	8.93822e-19	1.1587e-18	1.58318e-18	2.24145e-18	2.98324e-18	3.82879e-18	4.60651e-18	5.40179e-18	6.35263e-18	7.49546e-18	8.52575e-18	9.4505e-18	1.00958e-17	1.07615e-17	1.11424e-17	1.13806e-17	1.14578e-17	1.15127e-17	1.15406e-17	1.15603e-17	1.1588e-17	1.16173e-17	1.16504e-17	1.16842e-17	1.17095e-17	1.1726e-17	1.17423e-17	1.17522e-17	1.17581e-17	1.17644e-17	1.17701e-17	1.17753e-17	1.17808e-17	1.17874e-17	1.17914e-17	1.17967e-17	1.18005e-17	1.18036e-17	1.18071e-17	1.18094e-17	1.18117e-17	1.1814e-17	1.18162e-17	1.18186e-17	1.18203e-17	1.18229e-17	1.18242e-17	1.18266e-17	1.18281e-17	1.18296e-17	1.1831e-17	1.18324e-17	1.18333e-17	1.18344e-17	1.18353e-17	1.18361e-17	1.18368e-17	1.18375e-17	1.18383e-17	1.18388e-17	1.18395e-17	1.184e-17	1.18403e-17	1.1841e-17	1.18414e-17	1.18417e-17	1.18422e-17	1.18426e-17	1.18429e-17	1.18432e-17	1.18435e-17	1.18439e-17	1.18441e-17	1.18443e-17	1.18445e-17	1.18449e-17	1.18452e-17	1.18454e-17	1.18456e-17	1.18458e-17	1.1846e-17	1.18464e-17	1.18464e-17	1.18464e-17	1.18464e-17	1.18464e-17	1.18464e-17
1127.76	2.07024e-14	6.5046e-18	1.16238e-17	2.54807e-20	2.2493e-19	5.12141e-19	8.77073e-19	1.13666e-18	1.55259e-18	2.19772e-18	2.92517e-18	3.75494e-18	4.51829e-18	5.29907e-18	6.23167e-18	7.35175e-18	8.36083e-18	9.26652e-18	9.89872e-18	1.05519e-17	1.09264e-17	1.11612e-17	1.12375e-17	1.12919e-17	1.13196e-17	1.13392e-17	1.13665e-17	1.13955e-17	1.14282e-17	1.14618e-17	1.1487e-17	1.15036e-17	1.15199e-17	1.15297e-17	1.15355e-17	1.15419e-17	1.15475e-17	1.15526e-17	1.1558e-17	1.15645e-17	1.15685e-17	1.15739e-17	1.15778e-17	1.15808e-17	1.15843e-17	1.15866e-17	1.15889e-17	1.15911e-17	1.15933e-17	1.15957e-17	1.15974e-17	1.16001e-17	1.16014e-17	1.16038e-17	1.16053e-17	1.16069e-17	1.16082e-17	1.16096e-17	1.16106e-17	1.16117e-17	1.16127e-17	1.16134e-17	1.16141e-17	1.16148e-17	1.16156e-17	1.16161e-17	1.16169e-17	1.16173e-17	1.16176e-17	1.16183e-17	1.16188e-17	1.16191e-17	1.16196e-17	1.162e-17	1.16203e-17	1.16206e-17	1.16209e-17	1.16213e-17	1.16215e-17	1.16217e-17	1.16219e-17	1.16223e-17	1.16226e-17	1.16228e-17	1.1623e-17	1.16232e-17	1.16234e-17	1.16238e-17	1.16238e-17	1.16238e-17	1.16238e-17	1.16238e-17	1.16238e-17
1130.77	2.07024e-14	6.38001e-18	1.14062e-17	2.50393e-20	2.20945e-19	5.02817e-19	8.60661e-19	1.11508e-18	1.52266e-18	2.15495e-18	2.86838e-18	3.6827e-18	4.43196e-18	5.19852e-18	6.1133e-18	7.2112e-18	8.19958e-18	9.08667e-18	9.70605e-18	1.0347e-17	1.07152e-17	1.09466e-17	1.1022e-17	1.1076e-17	1.11035e-17	1.11229e-17	1.115e-17	1.11786e-17	1.12109e-17	1.12443e-17	1.12695e-17	1.12861e-17	1.13024e-17	1.13122e-17	1.1318e-17	1.13243e-17	1.13298e-17	1.13348e-17	1.13402e-17	1.13466e-17	1.13506e-17	1.1356e-17	1.13599e-17	1.13629e-17	1.13664e-17	1.13687e-17	1.1371e-17	1.13732e-17	1.13754e-17	1.13778e-17	1.13795e-17	1.13822e-17	1.13835e-17	1.13859e-17	1.13875e-17	1.1389e-17	1.13904e-17	1.13918e-17	1.13928e-17	1.13939e-17	1.13949e-17	1.13957e-17	1.13964e-17	1.13971e-17	1.13979e-17	1.13984e-17	1.13991e-17	1.13996e-17	1.13999e-17	1.14006e-17	1.14011e-17	1.14014e-17	1.14019e-17	1.14023e-17	1.14026e-17	1.14029e-17	1.14032e-17	1.14036e-17	1.14038e-17	1.14041e-17	1.14043e-17	1.14046e-17	1.14049e-17	1.14051e-17	1.14054e-17	1.14056e-17	1.14057e-17	1.14062e-17	1.14062e-17	1.14062e-17	1.14062e-17	1.14062e-17	1.14062e-17
1133.78	2.07024e-14	6.25819e-18	1.11933e-17	2.46053e-20	2.17029e-19	4.9367e-19	8.44579e-19	1.09395e-18	1.49339e-18	2.11314e-18	2.81285e-18	3.61201e-18	4.34746e-18	5.10009e-18	5.99745e-18	7.0737e-18	8.04189e-18	8.91084e-18	9.51769e-18	1.01466e-17	1.05087e-17	1.07369e-17	1.08114e-17	1.08649e-17	1.08922e-17	1.09115e-17	1.09383e-17	1.09665e-17	1.09985e-17	1.10317e-17	1.10567e-17	1.10733e-17	1.10896e-17	1.10994e-17	1.11052e-17	1.11115e-17	1.11169e-17	1.11219e-17	1.11271e-17	1.11335e-17	1.11374e-17	1.11428e-17	1.11467e-17	1.11498e-17	1.11532e-17	1.11555e-17	1.11579e-17	1.11601e-17	1.11623e-17	1.11647e-17	1.11664e-17	1.11691e-17	1.11704e-17	1.11728e-17	1.11744e-17	1.11759e-17	1.11773e-17	1.11788e-17	1.11798e-17	1.11809e-17	1.11819e-17	1.11827e-17	1.11834e-17	1.11841e-17	1.11849e-17	1.11854e-17	1.11862e-17	1.11867e-17	1.11869e-17	1.11876e-17	1.11881e-17	1.11884e-17	1.1189e-17	1.11894e-17	1.11897e-17	1.119e-17	1.11903e-17	1.11907e-17	1.11909e-17	1.11912e-17	1.11914e-17	1.11917e-17	1.1192e-17	1.11923e-17	1.11925e-17	1.11927e-17	1.11929e-17	1.11933e-17	1.11933e-17	1.11933e-17	1.11933e-17	1.11933e-17	1.11933e-17
1136.79	2.07024e-14	6.13905e-18	1.09851e-17	2.41784e-20	2.13183e-19	4.84693e-19	8.28817e-19	1.07326e-18	1.46474e-18	2.07224e-18	2.75853e-18	3.54284e-18	4.26476e-18	5.00372e-18	5.88405e-18	6.93918e-18	7.88766e-18	8.7389e-18	9.33351e-18	9.9506e-18	1.03067e-17	1.05317e-17	1.06054e-17	1.06585e-17	1.06856e-17	1.07047e-17	1.07312e-17	1.07591e-17	1.07907e-17	1.08237e-17	1.08487e-17	1.08652e-17	1.08815e-17	1.08913e-17	1.0897e-17	1.09033e-17	1.09086e-17	1.09136e-17	1.09187e-17	1.0925e-17	1.09289e-17	1.09343e-17	1.09383e-17	1.09414e-17	1.09448e-17	1.09471e-17	1.09494e-17	1.09516e-17	1.09538e-17	1.09562e-17	1.0958e-17	1.09606e-17	1.09619e-17	1.09643e-17	1.09659e-17	1.09675e-17	1.09689e-17	1.09704e-17	1.09714e-17	1.09726e-17	1.09735e-17	1.09743e-17	1.09751e-17	1.09758e-17	1.09766e-17	1.09771e-17	1.09778e-17	1.09784e-17	1.09786e-17	1.09793e-17	1.09798e-17	1.09802e-17	1.09807e-17	1.09811e-17	1.09814e-17	1.09817e-17	1.0982e-17	1.09825e-17	1.09826e-17	1.09829e-17	1.09831e-17	1.09835e-17	1.09838e-17	1.0984e-17	1.09843e-17	1.09845e-17	1.09847e-17	1.09851e-17	1.09851e-17	1.09851e-17	1.09851e-17	1.09851e-17	1.09851e-17
1139.8	2.07024e-14	6.02251e-18	1.07814e-17	2.37585e-20	2.09404e-19	4.75885e-19	8.13367e-19	1.053e-18	1.43671e-18	2.03225e-18	2.7054e-18	3.47515e-18	4.18381e-18	4.90936e-18	5.77304e-18	6.80754e-18	7.7368e-18	8.57075e-18	9.1534e-18	9.75895e-18	1.01092e-17	1.0331e-17	1.04039e-17	1.04566e-17	1.04835e-17	1.05025e-17	1.05286e-17	1.05562e-17	1.05875e-17	1.06202e-17	1.06451e-17	1.06617e-17	1.0678e-17	1.06877e-17	1.06934e-17	1.06996e-17	1.07049e-17	1.07098e-17	1.07148e-17	1.0721e-17	1.07249e-17	1.07303e-17	1.07343e-17	1.07374e-17	1.07408e-17	1.07431e-17	1.07454e-17	1.07476e-17	1.07499e-17	1.07523e-17	1.0754e-17	1.07567e-17	1.0758e-17	1.07604e-17	1.0762e-17	1.07636e-17	1.07651e-17	1.07666e-17	1.07676e-17	1.07687e-17	1.07697e-17	1.07705e-17	1.07713e-17	1.0772e-17	1.07728e-17	1.07733e-17	1.07741e-17	1.07746e-17	1.07748e-17	1.07756e-17	1.07761e-17	1.07764e-17	1.07769e-17	1.07774e-17	1.07776e-17	1.0778e-17	1.07783e-17	1.07787e-17	1.07789e-17	1.07792e-17	1.07794e-17	1.07798e-17	1.07801e-17	1.07803e-17	1.07806e-17	1.07808e-17	1.0781e-17	1.07814e-17	1.07814e-17	1.07814e-17	1.07814e-17	1.07814e-17	1.07814e-17
1142.81	2.07024e-14	5.90851e-18	1.05821e-17	2.33456e-20	2.0569e-19	4.6724e-19	7.98223e-19	1.03314e-18	1.40927e-18	1.99312e-18	2.65342e-18	3.4089e-18	4.10456e-18	4.81695e-18	5.66435e-18	6.67872e-18	7.58922e-18	8.40629e-18	8.97725e-18	9.57149e-18	9.91602e-18	1.01347e-17	1.02068e-17	1.02591e-17	1.02859e-17	1.03047e-17	1.03305e-17	1.03578e-17	1.03886e-17	1.04211e-17	1.04459e-17	1.04625e-17	1.04788e-17	1.04885e-17	1.04942e-17	1.05004e-17	1.05056e-17	1.05104e-17	1.05153e-17	1.05214e-17	1.05253e-17	1.05307e-17	1.05347e-17	1.05378e-17	1.05412e-17	1.05435e-17	1.05458e-17	1.0548e-17	1.05503e-17	1.05527e-17	1.05545e-17	1.05571e-17	1.05584e-17	1.05609e-17	1.05625e-17	1.05641e-17	1.05656e-17	1.05671e-17	1.05681e-17	1.05693e-17	1.05703e-17	1.05711e-17	1.05719e-17	1.05726e-17	1.05734e-17	1.0574e-17	1.05747e-17	1.05752e-17	1.05755e-17	1.05762e-17	1.05767e-17	1.0577e-17	1.05776e-17	1.0578e-17	1.05783e-17	1.05786e-17	1.0579e-17	1.05794e-17	1.05796e-17	1.05799e-17	1.05801e-17	1.05805e-17	1.05808e-17	1.0581e-17	1.05813e-17	1.05815e-17	1.05817e-17	1.05821e-17	1.05821e-17	1.05821e-17	1.05821e-17	1.05821e-17	1.05821e-17
1145.82	2.07024e-14	5.79698e-18	1.03871e-17	2.29394e-20	2.02042e-19	4.58755e-19	7.83377e-19	1.0137e-18	1.38241e-18	1.95485e-18	2.60256e-18	3.34405e-18	4.02696e-18	4.72645e-18	5.55793e-18	6.55263e-18	7.44483e-18	8.24542e-18	8.80496e-18	9.38812e-18	9.727e-18	9.94268e-18	1.00139e-17	1.00658e-17	1.00925e-17	1.01111e-17	1.01366e-17	1.01636e-17	1.01941e-17	1.02264e-17	1.02511e-17	1.02676e-17	1.02839e-17	1.02936e-17	1.02993e-17	1.03054e-17	1.03105e-17	1.03153e-17	1.03201e-17	1.03261e-17	1.033e-17	1.03354e-17	1.03394e-17	1.03425e-17	1.03459e-17	1.03482e-17	1.03505e-17	1.03527e-17	1.0355e-17	1.03574e-17	1.03592e-17	1.03618e-17	1.03632e-17	1.03656e-17	1.03673e-17	1.03689e-17	1.03704e-17	1.03719e-17	1.03729e-17	1.03741e-17	1.03751e-17	1.03759e-17	1.03767e-17	1.03775e-17	1.03783e-17	1.03788e-17	1.03796e-17	1.03801e-17	1.03804e-17	1.03811e-17	1.03816e-17	1.03819e-17	1.03825e-17	1.0383e-17	1.03832e-17	1.03836e-17	1.03839e-17	1.03843e-17	1.03845e-17	1.03848e-17	1.0385e-17	1.03854e-17	1.03857e-17	1.0386e-17	1.03862e-17	1.03865e-17	1.03866e-17	1.03871e-17	1.03871e-17	1.03871e-17	1.03871e-17	1.03871e-17	1.03871e-17
1148.83	2.07024e-14	5.68784e-18	1.01962e-17	2.25399e-20	1.98456e-19	4.50427e-19	7.68821e-19	9.94643e-19	1.35612e-18	1.9174e-18	2.5528e-18	3.28058e-18	3.95099e-18	4.63781e-18	5.45371e-18	6.4292e-18	7.30353e-18	8.08804e-18	8.63641e-18	9.20871e-18	9.54206e-18	9.75477e-18	9.82524e-18	9.87678e-18	9.90327e-18	9.92177e-18	9.94698e-18	9.97363e-18	1.00037e-17	1.00358e-17	1.00603e-17	1.00769e-17	1.00932e-17	1.01028e-17	1.01085e-17	1.01146e-17	1.01196e-17	1.01244e-17	1.0129e-17	1.01349e-17	1.01388e-17	1.01442e-17	1.01482e-17	1.01514e-17	1.01548e-17	1.01571e-17	1.01593e-17	1.01616e-17	1.01639e-17	1.01663e-17	1.01681e-17	1.01707e-17	1.01721e-17	1.01745e-17	1.01762e-17	1.01778e-17	1.01793e-17	1.01809e-17	1.01819e-17	1.01831e-17	1.01841e-17	1.0185e-17	1.01857e-17	1.01865e-17	1.01873e-17	1.01879e-17	1.01886e-17	1.01892e-17	1.01894e-17	1.01902e-17	1.01907e-17	1.0191e-17	1.01916e-17	1.0192e-17	1.01923e-17	1.01927e-17	1.0193e-17	1.01935e-17	1.01936e-17	1.01939e-17	1.01941e-17	1.01946e-17	1.01949e-17	1.01951e-17	1.01954e-17	1.01956e-17	1.01958e-17	1.01962e-17	1.01962e-17	1.01962e-17	1.01962e-17	1.01962e-17	1.01962e-17
1151.84	2.07025e-14	5.58103e-18	1.00094e-17	2.2147e-20	1.94933e-19	4.42252e-19	7.54549e-19	9.75974e-19	1.33039e-18	1.88075e-18	2.5041e-18	3.21844e-18	3.87658e-18	4.55099e-18	5.35163e-18	6.30836e-18	7.16525e-18	7.93405e-18	8.47152e-18	9.03317e-18	9.36109e-18	9.57089e-18	9.64059e-18	9.69177e-18	9.71811e-18	9.73645e-18	9.76136e-18	9.7877e-18	9.81744e-18	9.84921e-18	9.87368e-18	9.8902e-18	9.90651e-18	9.91615e-18	9.92175e-18	9.9278e-18	9.93282e-18	9.93749e-18	9.94202e-18	9.94784e-18	9.95164e-18	9.95704e-18	9.96109e-18	9.96425e-18	9.96768e-18	9.96995e-18	9.97222e-18	9.97444e-18	9.97678e-18	9.97921e-18	9.98101e-18	9.98365e-18	9.98503e-18	9.98746e-18	9.98914e-18	9.99083e-18	9.99232e-18	9.99391e-18	9.99495e-18	9.99619e-18	9.99718e-18	9.99803e-18	9.99883e-18	9.99957e-18	1.00004e-17	1.0001e-17	1.00017e-17	1.00023e-17	1.00026e-17	1.00033e-17	1.00038e-17	1.00041e-17	1.00047e-17	1.00052e-17	1.00054e-17	1.00058e-17	1.00062e-17	1.00066e-17	1.00068e-17	1.00071e-17	1.00073e-17	1.00077e-17	1.00081e-17	1.00083e-17	1.00085e-17	1.00088e-17	1.0009e-17	1.00094e-17	1.00094e-17	1.00094e-17	1.00094e-17	1.00094e-17	1.00094e-17
1154.85	2.07025e-14	5.47648e-18	9.82658e-18	2.17604e-20	1.9147e-19	4.34227e-19	7.40554e-19	9.5768e-19	1.30518e-18	1.84489e-18	2.45644e-18	3.15759e-18	3.80372e-18	4.46593e-18	5.25165e-18	6.19005e-18	7.02991e-18	7.78337e-18	8.31017e-18	8.86139e-18	9.18398e-18	9.39092e-18	9.45988e-18	9.51071e-18	9.53689e-18	9.55508e-18	9.5797e-18	9.60573e-18	9.6351e-18	9.66661e-18	9.69096e-18	9.70746e-18	9.72377e-18	9.73339e-18	9.73896e-18	9.74497e-18	9.74993e-18	9.75455e-18	9.75898e-18	9.76468e-18	9.76845e-18	9.77382e-18	9.77789e-18	9.78106e-18	9.78451e-18	9.78678e-18	9.78905e-18	9.79127e-18	9.79362e-18	9.79607e-18	9.79788e-18	9.80053e-18	9.80192e-18	9.80435e-18	9.80605e-18	9.80775e-18	9.80927e-18	9.81087e-18	9.81192e-18	9.81318e-18	9.81418e-18	9.81504e-18	9.81584e-18	9.8166e-18	9.81746e-18	9.81805e-18	9.81877e-18	9.81933e-18	9.81961e-18	9.82033e-18	9.82085e-18	9.82121e-18	9.82179e-18	9.82226e-18	9.82254e-18	9.82291e-18	9.82328e-18	9.82372e-18	9.82388e-18	9.8242e-18	9.82442e-18	9.82485e-18	9.82518e-18	9.82543e-18	9.82567e-18	9.82592e-18	9.8261e-18	9.82658e-18	9.82658e-18	9.82658e-18	9.82658e-18	9.82658e-18	9.82658e-18
1157.86	2.07025e-14	5.37414e-18	9.64756e-18	2.13802e-20	1.88067e-19	4.26349e-19	7.26831e-19	9.39753e-19	1.28051e-18	1.8098e-18	2.4098e-18	3.09802e-18	3.73235e-18	4.3826e-18	5.15371e-18	6.07419e-18	6.89742e-18	7.63591e-18	8.15228e-18	8.69328e-18	9.01063e-18	9.21477e-18	9.28299e-18	9.33347e-18	9.35951e-18	9.37755e-18	9.40188e-18	9.4276e-18	9.4566e-18	9.48785e-18	9.51208e-18	9.52854e-18	9.54486e-18	9.55446e-18	9.56e-18	9.56597e-18	9.57088e-18	9.57544e-18	9.57977e-18	9.58537e-18	9.5891e-18	9.59443e-18	9.59851e-18	9.6017e-18	9.60517e-18	9.60744e-18	9.6097e-18	9.61193e-18	9.61429e-18	9.61676e-18	9.61859e-18	9.62125e-18	9.62265e-18	9.62509e-18	9.62679e-18	9.62852e-18	9.63005e-18	9.63168e-18	9.63274e-18	9.634e-18	9.63501e-18	9.63589e-18	9.6367e-18	9.63746e-18	9.63834e-18	9.63893e-18	9.63966e-18	9.64023e-18	9.64051e-18	9.64123e-18	9.64176e-18	9.64212e-18	9.64271e-18	9.64318e-18	9.64346e-18	9.64384e-18	9.64422e-18	9.64467e-18	9.64482e-18	9.64515e-18	9.64537e-18	9.64582e-18	9.64614e-18	9.64639e-18	9.64663e-18	9.64689e-18	9.64708e-18	9.64756e-18	9.64756e-18	9.64756e-18	9.64756e-18	9.64756e-18	9.64756e-18
1160.87	2.07025e-14	5.27395e-18	9.47228e-18	2.10062e-20	1.84722e-19	4.18614e-19	7.13371e-19	9.22183e-19	1.25634e-18	1.77545e-18	2.36414e-18	3.03969e-18	3.66245e-18	4.30095e-18	5.05775e-18	5.96073e-18	6.76771e-18	7.49157e-18	7.99776e-18	8.52873e-18	8.84095e-18	9.04232e-18	9.10983e-18	9.15997e-18	9.18586e-18	9.20376e-18	9.2278e-18	9.25322e-18	9.28185e-18	9.31283e-18	9.33693e-18	9.35336e-18	9.36969e-18	9.37927e-18	9.38477e-18	9.39071e-18	9.39555e-18	9.40006e-18	9.40431e-18	9.40979e-18	9.41348e-18	9.41877e-18	9.42286e-18	9.42606e-18	9.42955e-18	9.43183e-18	9.43409e-18	9.43632e-18	9.43869e-18	9.44118e-18	9.44304e-18	9.44571e-18	9.44712e-18	9.44956e-18	9.45128e-18	9.45302e-18	9.45456e-18	9.45621e-18	9.45729e-18	9.45857e-18	9.45959e-18	9.46047e-18	9.46129e-18	9.46206e-18	9.46295e-18	9.46355e-18	9.46428e-18	9.46486e-18	9.46515e-18	9.46587e-18	9.4664e-18	9.46677e-18	9.46736e-18	9.46784e-18	9.46812e-18	9.46851e-18	9.46889e-18	9.46935e-18	9.4695e-18	9.46983e-18	9.47006e-18	9.47052e-18	9.47084e-18	9.47109e-18	9.47133e-18	9.4716e-18	9.47179e-18	9.47228e-18	9.47228e-18	9.47228e-18	9.47228e-18	9.47228e-18	9.47228e-18
1163.88	2.07025e-14	5.17584e-18	9.30064e-18	2.06382e-20	1.81435e-19	4.1102e-19	7.00171e-19	9.04962e-19	1.23267e-18	1.74182e-18	2.31944e-18	2.98257e-18	3.59398e-18	4.22095e-18	4.96374e-18	5.84959e-18	6.64072e-18	7.35029e-18	7.84652e-18	8.36766e-18	8.67482e-18	8.87349e-18	8.94029e-18	8.9901e-18	9.01586e-18	9.0336e-18	9.05736e-18	9.08248e-18	9.11075e-18	9.14145e-18	9.16542e-18	9.18181e-18	9.19814e-18	9.20771e-18	9.21318e-18	9.21907e-18	9.22386e-18	9.22832e-18	9.23248e-18	9.23786e-18	9.2415e-18	9.24674e-18	9.25085e-18	9.25405e-18	9.25756e-18	9.25986e-18	9.26211e-18	9.26435e-18	9.26673e-18	9.26924e-18	9.27112e-18	9.2738e-18	9.27523e-18	9.27767e-18	9.27941e-18	9.28116e-18	9.28272e-18	9.28439e-18	9.28547e-18	9.28677e-18	9.2878e-18	9.28869e-18	9.28952e-18	9.2903e-18	9.2912e-18	9.29181e-18	9.29255e-18	9.29313e-18	9.29343e-18	9.29414e-18	9.29469e-18	9.29506e-18	9.29565e-18	9.29614e-18	9.29643e-18	9.29682e-18	9.29721e-18	9.29767e-18	9.29782e-18	9.29816e-18	9.29839e-18	9.29886e-18	9.29919e-18	9.29944e-18	9.29968e-18	9.29995e-18	9.30014e-18	9.30064e-18	9.30064e-18	9.30064e-18	9.30064e-18	9.30064e-18	9.30064e-18
1166.89	2.07025e-14	5.07977e-18	9.13255e-18	2.02763e-20	1.78204e-19	4.03564e-19	6.87224e-19	8.88082e-19	1.20949e-18	1.7089e-18	2.27569e-18	2.92662e-18	3.52691e-18	4.14255e-18	4.87162e-18	5.74074e-18	6.51637e-18	7.21198e-18	7.69847e-18	8.20997e-18	8.51218e-18	8.70817e-18	8.77428e-18	8.82377e-18	8.84939e-18	8.86699e-18	8.89047e-18	8.91529e-18	8.9432e-18	8.97362e-18	8.99746e-18	9.01379e-18	9.03013e-18	9.03968e-18	9.04513e-18	9.05098e-18	9.05572e-18	9.06013e-18	9.0642e-18	9.06947e-18	9.07307e-18	9.07826e-18	9.08237e-18	9.08558e-18	9.08912e-18	9.09142e-18	9.09367e-18	9.09591e-18	9.09831e-18	9.10084e-18	9.10274e-18	9.10544e-18	9.10688e-18	9.10933e-18	9.11108e-18	9.11284e-18	9.11442e-18	9.11611e-18	9.11721e-18	9.11852e-18	9.11956e-18	9.12046e-18	9.12129e-18	9.12208e-18	9.123e-18	9.12361e-18	9.12436e-18	9.12496e-18	9.12525e-18	9.12597e-18	9.12653e-18	9.1269e-18	9.1275e-18	9.12799e-18	9.12828e-18	9.12868e-18	9.12908e-18	9.12954e-18	9.12969e-18	9.13003e-18	9.13027e-18	9.13075e-18	9.13108e-18	9.13133e-18	9.13157e-18	9.13185e-18	9.13204e-18	9.13255e-18	9.13255e-18	9.13255e-18	9.13255e-18	9.13255e-18	9.13255e-18
1169.9	2.07025e-14	4.98568e-18	8.96791e-18	1.99203e-20	1.75029e-19	3.96242e-19	6.74525e-19	8.71535e-19	1.18678e-18	1.67668e-18	2.23285e-18	2.87183e-18	3.4612e-18	4.06572e-18	4.78135e-18	5.6341e-18	6.39459e-18	7.07656e-18	7.55354e-18	8.05559e-18	8.35291e-18	8.54628e-18	8.61171e-18	8.66088e-18	8.68637e-18	8.70383e-18	8.72703e-18	8.75156e-18	8.77911e-18	8.80925e-18	8.83294e-18	8.84923e-18	8.86557e-18	8.87511e-18	8.88052e-18	8.88633e-18	8.89102e-18	8.89538e-18	8.89938e-18	8.90454e-18	8.9081e-18	8.91323e-18	8.91734e-18	8.92055e-18	8.92412e-18	8.92643e-18	8.92868e-18	8.93093e-18	8.93334e-18	8.9359e-18	8.93781e-18	8.94053e-18	8.94199e-18	8.94445e-18	8.94621e-18	8.94799e-18	8.94958e-18	8.95129e-18	8.95239e-18	8.95373e-18	8.95478e-18	8.95569e-18	8.95653e-18	8.95732e-18	8.95826e-18	8.95887e-18	8.95963e-18	8.96024e-18	8.96054e-18	8.96125e-18	8.96182e-18	8.9622e-18	8.96279e-18	8.96329e-18	8.96359e-18	8.96399e-18	8.9644e-18	8.96486e-18	8.96502e-18	8.96537e-18	8.96561e-18	8.96609e-18	8.96643e-18	8.96668e-18	8.96692e-18	8.96721e-18	8.9674e-18	8.96791e-18	8.96791e-18	8.96791e-18	8.96791e-18	8.96791e-18	8.96791e-18
1172.91	2.07025e-14	4.89352e-18	8.80665e-18	1.95701e-20	1.71908e-19	3.89054e-19	6.62068e-19	8.55314e-19	1.16453e-18	1.64512e-18	2.1909e-18	2.81817e-18	3.39682e-18	3.99043e-18	4.69289e-18	5.52962e-18	6.27532e-18	6.94397e-18	7.41165e-18	7.90443e-18	8.19695e-18	8.38773e-18	8.45249e-18	8.50135e-18	8.52672e-18	8.54404e-18	8.56696e-18	8.5912e-18	8.61839e-18	8.64824e-18	8.67179e-18	8.68802e-18	8.70436e-18	8.71389e-18	8.71928e-18	8.72504e-18	8.72968e-18	8.73399e-18	8.73792e-18	8.74298e-18	8.7465e-18	8.75156e-18	8.75567e-18	8.75889e-18	8.76248e-18	8.7648e-18	8.76706e-18	8.76931e-18	8.77173e-18	8.77431e-18	8.77625e-18	8.77899e-18	8.78047e-18	8.78294e-18	8.78472e-18	8.7865e-18	8.78811e-18	8.78983e-18	8.79095e-18	8.7923e-18	8.79336e-18	8.79428e-18	8.79513e-18	8.79594e-18	8.79688e-18	8.7975e-18	8.79827e-18	8.79888e-18	8.79919e-18	8.79991e-18	8.80048e-18	8.80087e-18	8.80146e-18	8.80196e-18	8.80227e-18	8.80268e-18	8.80309e-18	8.80356e-18	8.80372e-18	8.80407e-18	8.80431e-18	8.80481e-18	8.80514e-18	8.8054e-18	8.80564e-18	8.80593e-18	8.80612e-18	8.80665e-18	8.80665e-18	8.80665e-18	8.80665e-18	8.80665e-18	8.80665e-18
1175.92	2.07025e-14	4.80324e-18	8.64868e-18	1.92256e-20	1.6884e-19	3.81995e-19	6.49848e-19	8.39411e-19	1.14274e-18	1.61422e-18	2.14983e-18	2.7656e-18	3.33374e-18	3.91664e-18	4.60619e-18	5.42725e-18	6.1585e-18	6.81413e-18	7.27271e-18	7.7564e-18	8.04421e-18	8.23244e-18	8.29654e-18	8.3451e-18	8.37034e-18	8.38752e-18	8.41017e-18	8.43412e-18	8.46095e-18	8.49052e-18	8.51391e-18	8.53008e-18	8.54642e-18	8.55594e-18	8.56131e-18	8.56702e-18	8.57161e-18	8.57588e-18	8.57975e-18	8.5847e-18	8.58818e-18	8.59318e-18	8.59728e-18	8.6005e-18	8.60411e-18	8.60645e-18	8.60871e-18	8.61097e-18	8.6134e-18	8.61601e-18	8.61796e-18	8.62073e-18	8.62223e-18	8.62471e-18	8.6265e-18	8.6283e-18	8.62992e-18	8.63167e-18	8.63279e-18	8.63416e-18	8.63523e-18	8.63616e-18	8.63701e-18	8.63783e-18	8.63879e-18	8.63942e-18	8.64019e-18	8.64082e-18	8.64112e-18	8.64185e-18	8.64243e-18	8.64282e-18	8.64342e-18	8.64393e-18	8.64423e-18	8.64465e-18	8.64507e-18	8.64554e-18	8.64571e-18	8.64606e-18	8.64631e-18	8.64682e-18	8.64715e-18	8.64741e-18	8.64765e-18	8.64795e-18	8.64814e-18	8.64868e-18	8.64868e-18	8.64868e-18	8.64868e-18	8.64868e-18	8.64868e-18
1178.93	2.07025e-14	4.71479e-18	8.49391e-18	1.88868e-20	1.65825e-19	3.75064e-19	6.37861e-19	8.23821e-19	1.12139e-18	1.58397e-18	2.10961e-18	2.71411e-18	3.27194e-18	3.84431e-18	4.52122e-18	5.32695e-18	6.04407e-18	6.68697e-18	7.13666e-18	7.61144e-18	7.8946e-18	8.08032e-18	8.14377e-18	8.19203e-18	8.21715e-18	8.2342e-18	8.25658e-18	8.28025e-18	8.30672e-18	8.336e-18	8.35924e-18	8.37534e-18	8.39168e-18	8.40119e-18	8.40653e-18	8.4122e-18	8.41674e-18	8.42097e-18	8.42477e-18	8.42963e-18	8.43306e-18	8.438e-18	8.44209e-18	8.4453e-18	8.44894e-18	8.45129e-18	8.45357e-18	8.45584e-18	8.45828e-18	8.4609e-18	8.46288e-18	8.46567e-18	8.46719e-18	8.46969e-18	8.4715e-18	8.4733e-18	8.47494e-18	8.4767e-18	8.47784e-18	8.47922e-18	8.48031e-18	8.48125e-18	8.4821e-18	8.48293e-18	8.4839e-18	8.48454e-18	8.48532e-18	8.48596e-18	8.48627e-18	8.48699e-18	8.48758e-18	8.48798e-18	8.48858e-18	8.48909e-18	8.4894e-18	8.48983e-18	8.49025e-18	8.49073e-18	8.4909e-18	8.49125e-18	8.49151e-18	8.49203e-18	8.49236e-18	8.49262e-18	8.49286e-18	8.49317e-18	8.49336e-18	8.49391e-18	8.49391e-18	8.49391e-18	8.49391e-18	8.49391e-18	8.49391e-18
1181.94	2.07025e-14	4.62814e-18	8.34227e-18	1.85535e-20	1.62862e-19	3.68258e-19	6.26102e-19	8.08535e-19	1.10047e-18	1.55434e-18	2.07023e-18	2.66368e-18	3.21138e-18	3.77343e-18	4.43794e-18	5.22865e-18	5.93197e-18	6.56243e-18	7.00342e-18	7.46946e-18	7.74806e-18	7.93129e-18	7.9941e-18	8.04206e-18	8.06708e-18	8.08399e-18	8.10611e-18	8.12949e-18	8.15562e-18	8.1846e-18	8.20768e-18	8.22371e-18	8.24005e-18	8.24955e-18	8.25486e-18	8.26049e-18	8.26499e-18	8.26917e-18	8.27292e-18	8.27769e-18	8.28108e-18	8.28594e-18	8.29001e-18	8.29323e-18	8.2969e-18	8.29926e-18	8.30154e-18	8.30382e-18	8.30627e-18	8.30892e-18	8.31092e-18	8.31374e-18	8.31528e-18	8.31779e-18	8.31962e-18	8.32143e-18	8.32308e-18	8.32486e-18	8.32601e-18	8.32742e-18	8.32851e-18	8.32946e-18	8.33032e-18	8.33116e-18	8.33214e-18	8.33278e-18	8.33358e-18	8.33422e-18	8.33453e-18	8.33526e-18	8.33587e-18	8.33627e-18	8.33687e-18	8.33739e-18	8.33771e-18	8.33814e-18	8.33856e-18	8.33905e-18	8.33922e-18	8.33958e-18	8.33984e-18	8.34037e-18	8.3407e-18	8.34096e-18	8.3412e-18	8.34151e-18	8.34171e-18	8.34227e-18	8.34227e-18	8.34227e-18	8.34227e-18	8.34227e-18	8.34227e-18
1184.95	2.07026e-14	4.54323e-18	8.19369e-18	1.82257e-20	1.59949e-19	3.61575e-19	6.14566e-19	7.93547e-19	1.07997e-18	1.52533e-18	2.03166e-18	2.61427e-18	3.15204e-18	3.70394e-18	4.3563e-18	5.13233e-18	5.82214e-18	6.44045e-18	6.87293e-18	7.33041e-18	7.6045e-18	7.78529e-18	7.84747e-18	7.89514e-18	7.92004e-18	7.93682e-18	7.95868e-18	7.98179e-18	8.00757e-18	8.03625e-18	8.05917e-18	8.07513e-18	8.09145e-18	8.10094e-18	8.10624e-18	8.11183e-18	8.11628e-18	8.12042e-18	8.12411e-18	8.12879e-18	8.13214e-18	8.13694e-18	8.14099e-18	8.1442e-18	8.14789e-18	8.15027e-18	8.15256e-18	8.15485e-18	8.15731e-18	8.15998e-18	8.16201e-18	8.16485e-18	8.16641e-18	8.16895e-18	8.17079e-18	8.17261e-18	8.17428e-18	8.17608e-18	8.17723e-18	8.17866e-18	8.17976e-18	8.18072e-18	8.18159e-18	8.18244e-18	8.18343e-18	8.18408e-18	8.18489e-18	8.18554e-18	8.18585e-18	8.18659e-18	8.1872e-18	8.18761e-18	8.18821e-18	8.18874e-18	8.18906e-18	8.1895e-18	8.18993e-18	8.19042e-18	8.19059e-18	8.19096e-18	8.19122e-18	8.19177e-18	8.1921e-18	8.19236e-18	8.1926e-18	8.19292e-18	8.19312e-18	8.19369e-18	8.19369e-18	8.19369e-18	8.19369e-18	8.19369e-18	8.19369e-18
1187.96	2.07026e-14	4.46003e-18	8.04809e-18	1.79034e-20	1.57087e-19	3.55012e-19	6.03249e-19	7.78852e-19	1.05989e-18	1.49691e-18	1.99388e-18	2.56586e-18	3.09389e-18	3.63583e-18	4.27627e-18	5.03792e-18	5.71454e-18	6.32096e-18	6.74513e-18	7.1942e-18	7.46386e-18	7.64224e-18	7.70379e-18	7.75117e-18	7.77597e-18	7.79262e-18	7.81422e-18	7.83705e-18	7.86249e-18	7.89088e-18	7.91363e-18	7.92951e-18	7.94582e-18	7.95531e-18	7.96058e-18	7.96613e-18	7.97053e-18	7.97463e-18	7.97828e-18	7.98288e-18	7.98619e-18	7.99091e-18	7.99495e-18	7.99815e-18	8.00186e-18	8.00426e-18	8.00656e-18	8.00886e-18	8.01133e-18	8.01402e-18	8.01607e-18	8.01894e-18	8.02052e-18	8.02308e-18	8.02494e-18	8.02678e-18	8.02846e-18	8.03028e-18	8.03143e-18	8.03288e-18	8.034e-18	8.03496e-18	8.03584e-18	8.0367e-18	8.0377e-18	8.03836e-18	8.03918e-18	8.03984e-18	8.04015e-18	8.0409e-18	8.04152e-18	8.04193e-18	8.04253e-18	8.04306e-18	8.04339e-18	8.04384e-18	8.04427e-18	8.04477e-18	8.04495e-18	8.04532e-18	8.04559e-18	8.04614e-18	8.04647e-18	8.04674e-18	8.04698e-18	8.0473e-18	8.0475e-18	8.04809e-18	8.04809e-18	8.04809e-18	8.04809e-18	8.04809e-18	8.04809e-18
1190.97	2.07026e-14	4.37849e-18	7.9054e-18	1.75863e-20	1.54274e-19	3.48569e-19	5.92146e-19	7.64444e-19	1.0402e-18	1.46908e-18	1.95688e-18	2.51844e-18	3.03691e-18	3.56907e-18	4.19783e-18	4.94539e-18	5.6091e-18	6.2039e-18	6.61994e-18	7.06076e-18	7.32607e-18	7.50206e-18	7.56299e-18	7.61009e-18	7.63478e-18	7.65131e-18	7.67265e-18	7.69522e-18	7.72031e-18	7.7484e-18	7.77099e-18	7.78678e-18	7.80308e-18	7.81256e-18	7.81781e-18	7.82333e-18	7.82769e-18	7.83175e-18	7.83535e-18	7.83987e-18	7.84314e-18	7.84779e-18	7.85181e-18	7.855e-18	7.85874e-18	7.86115e-18	7.86346e-18	7.86577e-18	7.86825e-18	7.87097e-18	7.87303e-18	7.87594e-18	7.87754e-18	7.88012e-18	7.882e-18	7.88385e-18	7.88555e-18	7.88738e-18	7.88855e-18	7.89002e-18	7.89114e-18	7.89212e-18	7.893e-18	7.89387e-18	7.89488e-18	7.89554e-18	7.89637e-18	7.89704e-18	7.89736e-18	7.89811e-18	7.89874e-18	7.89916e-18	7.89976e-18	7.9003e-18	7.90064e-18	7.90109e-18	7.90153e-18	7.90203e-18	7.90221e-18	7.90259e-18	7.90286e-18	7.90342e-18	7.90376e-18	7.90402e-18	7.90427e-18	7.90459e-18	7.9048e-18	7.9054e-18	7.9054e-18	7.9054e-18	7.9054e-18	7.9054e-18	7.9054e-18
1193.98	2.07026e-14	4.29857e-18	7.76556e-18	1.72745e-20	1.51509e-19	3.42241e-19	5.81254e-19	7.50315e-19	1.02092e-18	1.44182e-18	1.92065e-18	2.47198e-18	2.98108e-18	3.50362e-18	4.12093e-18	4.8547e-18	5.50579e-18	6.08923e-18	6.49731e-18	6.93005e-18	7.19107e-18	7.3647e-18	7.42502e-18	7.47182e-18	7.49642e-18	7.51282e-18	7.53392e-18	7.55622e-18	7.58098e-18	7.60877e-18	7.63119e-18	7.64689e-18	7.66317e-18	7.67265e-18	7.67788e-18	7.68335e-18	7.68767e-18	7.69169e-18	7.69525e-18	7.6997e-18	7.70294e-18	7.70752e-18	7.71151e-18	7.71469e-18	7.71845e-18	7.72088e-18	7.7232e-18	7.72552e-18	7.72802e-18	7.73075e-18	7.73284e-18	7.73578e-18	7.7374e-18	7.74001e-18	7.7419e-18	7.74376e-18	7.74548e-18	7.74733e-18	7.7485e-18	7.74999e-18	7.75113e-18	7.75211e-18	7.75301e-18	7.75388e-18	7.7549e-18	7.75557e-18	7.75641e-18	7.75709e-18	7.75742e-18	7.75817e-18	7.75881e-18	7.75924e-18	7.75983e-18	7.76039e-18	7.76073e-18	7.76119e-18	7.76162e-18	7.76213e-18	7.76232e-18	7.7627e-18	7.76298e-18	7.76355e-18	7.76389e-18	7.76416e-18	7.76441e-18	7.76473e-18	7.76494e-18	7.76556e-18	7.76556e-18	7.76556e-18	7.76556e-18	7.76556e-18	7.76556e-18
1196.99	2.07026e-14	4.22025e-18	7.62849e-18	1.69678e-20	1.48793e-19	3.36028e-19	5.70568e-19	7.36462e-19	1.00202e-18	1.41511e-18	1.88516e-18	2.42647e-18	2.92636e-18	3.43947e-18	4.04554e-18	4.76581e-18	5.40455e-18	5.97688e-18	6.37718e-18	6.80199e-18	7.05878e-18	7.23008e-18	7.28979e-18	7.33632e-18	7.36082e-18	7.3771e-18	7.39795e-18	7.41998e-18	7.44441e-18	7.47191e-18	7.49415e-18	7.50976e-18	7.52602e-18	7.53549e-18	7.54071e-18	7.54615e-18	7.55042e-18	7.55441e-18	7.55793e-18	7.56231e-18	7.56551e-18	7.57002e-18	7.57398e-18	7.57716e-18	7.58094e-18	7.58338e-18	7.58572e-18	7.58805e-18	7.59056e-18	7.59331e-18	7.59542e-18	7.59839e-18	7.60003e-18	7.60266e-18	7.60458e-18	7.60646e-18	7.60819e-18	7.61006e-18	7.61124e-18	7.61275e-18	7.61389e-18	7.61489e-18	7.61579e-18	7.61667e-18	7.6177e-18	7.61838e-18	7.61923e-18	7.61992e-18	7.62025e-18	7.62101e-18	7.62166e-18	7.62209e-18	7.62269e-18	7.62325e-18	7.6236e-18	7.62406e-18	7.6245e-18	7.62502e-18	7.62521e-18	7.62559e-18	7.62588e-18	7.62646e-18	7.6268e-18	7.62707e-18	7.62732e-18	7.62765e-18	7.62787e-18	7.62849e-18	7.62849e-18	7.62849e-18	7.62849e-18	7.62849e-18	7.62849e-18
1200	2.07026e-14	4.14348e-18	7.49415e-18	1.66663e-20	1.46123e-19	3.29928e-19	5.60085e-19	7.22878e-19	9.83497e-19	1.38896e-18	1.8504e-18	2.38187e-18	2.87273e-18	3.37658e-18	3.97164e-18	4.67868e-18	5.30533e-18	5.8668e-18	6.25949e-18	6.67653e-18	6.92916e-18	7.09815e-18	7.15726e-18	7.2035e-18	7.22791e-18	7.24408e-18	7.26468e-18	7.28645e-18	7.31056e-18	7.33775e-18	7.35982e-18	7.37533e-18	7.39157e-18	7.40104e-18	7.40623e-18	7.41164e-18	7.41588e-18	7.41982e-18	7.42331e-18	7.42763e-18	7.4308e-18	7.43525e-18	7.43918e-18	7.44234e-18	7.44613e-18	7.44859e-18	7.45095e-18	7.45329e-18	7.45581e-18	7.45858e-18	7.46071e-18	7.46371e-18	7.46537e-18	7.46804e-18	7.46998e-18	7.47186e-18	7.47362e-18	7.4755e-18	7.47669e-18	7.47822e-18	7.47937e-18	7.48038e-18	7.48129e-18	7.48218e-18	7.48322e-18	7.4839e-18	7.48477e-18	7.48546e-18	7.48579e-18	7.48656e-18	7.48723e-18	7.48766e-18	7.48826e-18	7.48883e-18	7.48918e-18	7.48965e-18	7.49009e-18	7.49062e-18	7.49082e-18	7.4912e-18	7.4915e-18	7.49209e-18	7.49243e-18	7.4927e-18	7.49296e-18	7.49329e-18	7.49351e-18	7.49415e-18	7.49415e-18	7.49415e-18	7.49415e-18	7.49415e-18	7.49415e-18
