lambda (nm), Source power (W), Trans power (W), FF total power (W), Power in cone angles (1,)
300	2.07044e-14	1.5204e-16	1.51089e-16	2.90247e-19	2.58484e-18	5.92212e-18	1.01917e-17	1.32616e-17	1.81608e-17	2.45415e-17	3.12188e-17	3.73352e-17	4.29639e-17	5.05486e-17	5.78374e-17	6.37897e-17	6.88218e-17	7.42793e-17	8.10059e-17	8.65485e-17	9.04909e-17	9.26083e-17	9.51233e-17	9.7213e-17	9.95044e-17	1.01096e-16	1.03362e-16	1.0555e-16	1.07169e-16	1.08881e-16	1.10826e-16	1.12449e-16	1.13855e-16	1.15579e-16	1.17417e-16	1.18791e-16	1.20468e-16	1.21847e-16	1.23439e-16	1.2478e-16	1.2638e-16	1.27355e-16	1.28916e-16	1.30273e-16	1.31324e-16	1.3268e-16	1.33822e-16	1.34904e-16	1.36041e-16	1.3728e-16	1.38238e-16	1.39145e-16	1.4004e-16	1.40786e-16	1.41755e-16	1.42452e-16	1.43299e-16	1.44051e-16	1.44719e-16	1.45237e-16	1.45781e-16	1.463e-16	1.46724e-16	1.47101e-16	1.47542e-16	1.47759e-16	1.48276e-16	1.48543e-16	1.48846e-16	1.49154e-16	1.49458e-16	1.49609e-16	1.49927e-16	1.50142e-16	1.5026e-16	1.50408e-16	1.50561e-16	1.50686e-16	1.50733e-16	1.5081e-16	1.50858e-16	1.50909e-16	1.50974e-16	1.51002e-16	1.51028e-16	1.51051e-16	1.51063e-16	1.51089e-16	1.51089e-16	1.51089e-16	1.51089e-16	1.51089e-16	1.51089e-16
303.01	2.07044e-14	1.54265e-16	1.53321e-16	2.94413e-19	2.61314e-18	5.99787e-18	1.03271e-17	1.34464e-17	1.84369e-17	2.49409e-17	3.17799e-17	3.80512e-17	4.38291e-17	5.16561e-17	5.91674e-17	6.53146e-17	7.04997e-17	7.60929e-17	8.29481e-17	8.84943e-17	9.23877e-17	9.44489e-17	9.68722e-17	9.88896e-17	1.0112e-16	1.0269e-16	1.04948e-16	1.07148e-16	1.08783e-16	1.10515e-16	1.12497e-16	1.14165e-16	1.15606e-16	1.17364e-16	1.1924e-16	1.20651e-16	1.22379e-16	1.23793e-16	1.2541e-16	1.2677e-16	1.28407e-16	1.29407e-16	1.31e-16	1.32374e-16	1.33433e-16	1.34806e-16	1.35969e-16	1.37099e-16	1.38216e-16	1.39457e-16	1.40421e-16	1.41341e-16	1.42256e-16	1.43019e-16	1.43997e-16	1.4469e-16	1.45526e-16	1.4627e-16	1.46935e-16	1.47456e-16	1.48005e-16	1.48526e-16	1.4895e-16	1.49323e-16	1.49761e-16	1.49978e-16	1.50499e-16	1.5077e-16	1.51078e-16	1.51391e-16	1.51696e-16	1.51846e-16	1.52161e-16	1.52374e-16	1.5249e-16	1.52637e-16	1.5279e-16	1.52915e-16	1.52964e-16	1.53041e-16	1.5309e-16	1.53141e-16	1.53207e-16	1.53235e-16	1.53261e-16	1.53284e-16	1.53296e-16	1.53321e-16	1.53321e-16	1.53321e-16	1.53321e-16	1.53321e-16	1.53321e-16
306.02	2.07044e-14	1.56375e-16	1.55439e-16	2.98345e-19	2.64033e-18	6.07028e-18	1.04562e-17	1.36214e-17	1.86993e-17	2.53211e-17	3.23131e-17	3.87314e-17	4.46517e-17	5.27108e-17	6.04286e-17	6.6768e-17	7.20934e-17	7.78071e-17	8.47776e-17	9.03222e-17	9.41612e-17	9.61609e-17	9.84969e-17	1.00455e-16	1.0264e-16	1.04191e-16	1.06439e-16	1.08654e-16	1.10315e-16	1.12074e-16	1.14084e-16	1.15786e-16	1.17263e-16	1.19067e-16	1.20983e-16	1.2242e-16	1.24188e-16	1.25641e-16	1.27293e-16	1.28675e-16	1.30338e-16	1.31356e-16	1.32982e-16	1.34382e-16	1.35452e-16	1.36833e-16	1.38009e-16	1.39157e-16	1.40288e-16	1.41539e-16	1.42505e-16	1.4343e-16	1.44354e-16	1.45131e-16	1.46125e-16	1.46822e-16	1.47652e-16	1.48381e-16	1.49035e-16	1.49552e-16	1.50102e-16	1.50629e-16	1.51059e-16	1.51435e-16	1.51874e-16	1.5209e-16	1.52609e-16	1.5288e-16	1.53189e-16	1.53505e-16	1.53815e-16	1.53966e-16	1.54284e-16	1.54495e-16	1.5461e-16	1.54755e-16	1.54905e-16	1.5503e-16	1.55078e-16	1.55156e-16	1.55205e-16	1.55256e-16	1.55323e-16	1.55352e-16	1.55378e-16	1.55402e-16	1.55414e-16	1.55439e-16	1.55439e-16	1.55439e-16	1.55439e-16	1.55439e-16	1.55439e-16
309.03	2.07044e-14	1.58331e-16	1.57403e-16	3.01787e-19	2.66614e-18	6.13714e-18	1.05763e-17	1.37829e-17	1.89416e-17	2.56744e-17	3.28072e-17	3.93622e-17	4.5417e-17	5.36914e-17	6.16e-17	6.81199e-17	7.35739e-17	7.9395e-17	8.64629e-17	9.20009e-17	9.578e-17	9.77164e-17	9.99696e-17	1.01874e-16	1.04028e-16	1.05567e-16	1.07803e-16	1.10031e-16	1.11721e-16	1.13513e-16	1.15552e-16	1.17275e-16	1.18782e-16	1.20636e-16	1.22602e-16	1.24063e-16	1.25859e-16	1.27343e-16	1.29035e-16	1.30447e-16	1.32134e-16	1.33165e-16	1.34816e-16	1.36243e-16	1.3733e-16	1.38723e-16	1.39905e-16	1.41062e-16	1.42206e-16	1.43473e-16	1.44448e-16	1.45375e-16	1.46301e-16	1.47081e-16	1.48087e-16	1.48791e-16	1.49622e-16	1.50346e-16	1.50988e-16	1.51495e-16	1.5204e-16	1.52568e-16	1.53004e-16	1.53387e-16	1.53834e-16	1.54052e-16	1.54572e-16	1.54842e-16	1.55149e-16	1.55464e-16	1.55775e-16	1.55928e-16	1.56249e-16	1.56462e-16	1.56578e-16	1.56722e-16	1.56871e-16	1.56994e-16	1.57042e-16	1.57118e-16	1.57167e-16	1.57218e-16	1.57285e-16	1.57314e-16	1.5734e-16	1.57365e-16	1.57377e-16	1.57403e-16	1.57403e-16	1.57403e-16	1.57403e-16	1.57403e-16	1.57403e-16
312.04	2.07044e-14	1.60102e-16	1.59181e-16	3.04525e-19	2.68988e-18	6.19596e-18	1.06837e-17	1.39268e-17	1.91566e-17	2.59917e-17	3.32494e-17	3.99285e-17	4.61084e-17	5.45753e-17	6.26593e-17	6.93402e-17	7.49106e-17	8.0829e-17	8.79762e-17	9.3501e-17	9.72134e-17	9.90878e-17	1.01264e-16	1.03119e-16	1.05251e-16	1.06783e-16	1.0901e-16	1.11246e-16	1.12961e-16	1.14789e-16	1.16863e-16	1.18604e-16	1.20167e-16	1.22028e-16	1.24049e-16	1.2554e-16	1.2736e-16	1.28864e-16	1.30592e-16	1.32038e-16	1.33756e-16	1.34799e-16	1.36466e-16	1.37912e-16	1.39018e-16	1.40432e-16	1.41622e-16	1.42783e-16	1.43933e-16	1.45213e-16	1.462e-16	1.47136e-16	1.48064e-16	1.48844e-16	1.49848e-16	1.50554e-16	1.51391e-16	1.52117e-16	1.52755e-16	1.53257e-16	1.53794e-16	1.54317e-16	1.54754e-16	1.55142e-16	1.55599e-16	1.55822e-16	1.56351e-16	1.56622e-16	1.56929e-16	1.57242e-16	1.57551e-16	1.57703e-16	1.58024e-16	1.58239e-16	1.58356e-16	1.58502e-16	1.58653e-16	1.58776e-16	1.58823e-16	1.58899e-16	1.58947e-16	1.58997e-16	1.59063e-16	1.59092e-16	1.59118e-16	1.59142e-16	1.59154e-16	1.59181e-16	1.59181e-16	1.59181e-16	1.59181e-16	1.59181e-16	1.59181e-16
315.05	2.07044e-14	1.61668e-16	1.60754e-16	3.06445e-19	2.71076e-18	6.24475e-18	1.07751e-17	1.40492e-17	1.93385e-17	2.6265e-17	3.36295e-17	4.04184e-17	4.67116e-17	5.53448e-17	6.35881e-17	7.04075e-17	7.60798e-17	8.20867e-17	8.92985e-17	9.48006e-17	9.84385e-17	1.00254e-16	1.02359e-16	1.0417e-16	1.06281e-16	1.07808e-16	1.10035e-16	1.12278e-16	1.14011e-16	1.1587e-16	1.17981e-16	1.19746e-16	1.21291e-16	1.23218e-16	1.2529e-16	1.26816e-16	1.28665e-16	1.30184e-16	1.31937e-16	1.33413e-16	1.35168e-16	1.36227e-16	1.37908e-16	1.39366e-16	1.40486e-16	1.41922e-16	1.43127e-16	1.44295e-16	1.45449e-16	1.46734e-16	1.4773e-16	1.48678e-16	1.49616e-16	1.50396e-16	1.51393e-16	1.52096e-16	1.52934e-16	1.53662e-16	1.54303e-16	1.54806e-16	1.55342e-16	1.55864e-16	1.56299e-16	1.56687e-16	1.57149e-16	1.57375e-16	1.57917e-16	1.58193e-16	1.58504e-16	1.58818e-16	1.59126e-16	1.59277e-16	1.59595e-16	1.59809e-16	1.59926e-16	1.60073e-16	1.60225e-16	1.6035e-16	1.60397e-16	1.60474e-16	1.60523e-16	1.60572e-16	1.60638e-16	1.60667e-16	1.60692e-16	1.60716e-16	1.60728e-16	1.60754e-16	1.60754e-16	1.60754e-16	1.60754e-16	1.60754e-16	1.60754e-16
318.06	2.07044e-14	1.6302e-16	1.62116e-16	3.07545e-19	2.72799e-18	6.28233e-18	1.08482e-17	1.41477e-17	1.94839e-17	2.64888e-17	3.39416e-17	4.08246e-17	4.72171e-17	5.59902e-17	6.43743e-17	7.13109e-17	7.70681e-17	8.31531e-17	9.04192e-17	9.58865e-17	9.94419e-17	1.01201e-16	1.03241e-16	1.05015e-16	1.07105e-16	1.08626e-16	1.10858e-16	1.13111e-16	1.14859e-16	1.1674e-16	1.18884e-16	1.20678e-16	1.22244e-16	1.24197e-16	1.26308e-16	1.27865e-16	1.29748e-16	1.31288e-16	1.3306e-16	1.34558e-16	1.36347e-16	1.37425e-16	1.39126e-16	1.40594e-16	1.41723e-16	1.43175e-16	1.44397e-16	1.45547e-16	1.46738e-16	1.48025e-16	1.49026e-16	1.49984e-16	1.50934e-16	1.5172e-16	1.52717e-16	1.53415e-16	1.54246e-16	1.54972e-16	1.55616e-16	1.56125e-16	1.56667e-16	1.57193e-16	1.5763e-16	1.58019e-16	1.58482e-16	1.58711e-16	1.59259e-16	1.5954e-16	1.59857e-16	1.60176e-16	1.60487e-16	1.60638e-16	1.60955e-16	1.61167e-16	1.61283e-16	1.61429e-16	1.61581e-16	1.61706e-16	1.61755e-16	1.61833e-16	1.61882e-16	1.61932e-16	1.61999e-16	1.62028e-16	1.62054e-16	1.62078e-16	1.6209e-16	1.62116e-16	1.62116e-16	1.62116e-16	1.62116e-16	1.62116e-16	1.62116e-16
321.07	2.07044e-14	1.64155e-16	1.6326e-16	3.07908e-19	2.7409e-18	6.30824e-18	1.09015e-17	1.42207e-17	1.95915e-17	2.66601e-17	3.41829e-17	4.11438e-17	4.76196e-17	5.65074e-17	6.50108e-17	7.20458e-17	7.78694e-17	8.4019e-17	9.1331e-17	9.67493e-17	1.00216e-16	1.01918e-16	1.039e-16	1.05645e-16	1.07711e-16	1.09226e-16	1.11463e-16	1.1373e-16	1.15495e-16	1.1739e-16	1.19556e-16	1.21381e-16	1.22973e-16	1.24953e-16	1.27093e-16	1.28675e-16	1.30591e-16	1.32158e-16	1.33952e-16	1.35466e-16	1.37281e-16	1.38376e-16	1.40102e-16	1.41585e-16	1.42721e-16	1.44184e-16	1.4542e-16	1.46615e-16	1.47787e-16	1.49082e-16	1.50086e-16	1.51049e-16	1.52007e-16	1.52803e-16	1.53806e-16	1.54505e-16	1.5533e-16	1.56051e-16	1.56694e-16	1.57206e-16	1.57758e-16	1.58294e-16	1.58739e-16	1.59135e-16	1.59601e-16	1.5983e-16	1.6038e-16	1.60663e-16	1.60984e-16	1.6131e-16	1.61625e-16	1.61779e-16	1.62097e-16	1.6231e-16	1.62425e-16	1.6257e-16	1.62721e-16	1.62845e-16	1.62893e-16	1.62971e-16	1.63021e-16	1.63073e-16	1.6314e-16	1.6317e-16	1.63196e-16	1.63221e-16	1.63233e-16	1.6326e-16	1.6326e-16	1.6326e-16	1.6326e-16	1.6326e-16	1.6326e-16
324.08	2.07044e-14	1.65065e-16	1.64176e-16	3.07658e-19	2.74881e-18	6.32225e-18	1.09337e-17	1.42672e-17	1.96604e-17	2.67764e-17	3.43516e-17	4.13734e-17	4.79147e-17	5.68934e-17	6.54917e-17	7.26075e-17	7.8479e-17	8.46762e-17	9.20228e-17	9.73775e-17	1.00749e-16	1.02395e-16	1.04323e-16	1.06044e-16	1.08089e-16	1.09596e-16	1.11833e-16	1.14117e-16	1.15899e-16	1.17806e-16	1.19987e-16	1.21836e-16	1.23493e-16	1.25469e-16	1.27635e-16	1.29233e-16	1.31176e-16	1.32771e-16	1.34595e-16	1.36127e-16	1.3796e-16	1.39067e-16	1.40818e-16	1.42321e-16	1.43468e-16	1.44942e-16	1.46187e-16	1.47394e-16	1.4858e-16	1.4989e-16	1.509e-16	1.51866e-16	1.52831e-16	1.53632e-16	1.54647e-16	1.55351e-16	1.56177e-16	1.56897e-16	1.57539e-16	1.58051e-16	1.58608e-16	1.59154e-16	1.59611e-16	1.60018e-16	1.60494e-16	1.60726e-16	1.61278e-16	1.61562e-16	1.61884e-16	1.62212e-16	1.62531e-16	1.62687e-16	1.6301e-16	1.63225e-16	1.63341e-16	1.63487e-16	1.63637e-16	1.6376e-16	1.63808e-16	1.63886e-16	1.63935e-16	1.63986e-16	1.64054e-16	1.64084e-16	1.64111e-16	1.64136e-16	1.64149e-16	1.64176e-16	1.64176e-16	1.64176e-16	1.64176e-16	1.64176e-16	1.64176e-16
327.09	2.07044e-14	1.65729e-16	1.64845e-16	3.06902e-19	2.75098e-18	6.32379e-18	1.09432e-17	1.42847e-17	1.96886e-17	2.6834e-17	3.44435e-17	4.1508e-17	4.80956e-17	5.71407e-17	6.58071e-17	7.29846e-17	7.88859e-17	8.51112e-17	9.24741e-17	9.77506e-17	1.01022e-16	1.0261e-16	1.04487e-16	1.06187e-16	1.08213e-16	1.09712e-16	1.11946e-16	1.14244e-16	1.16043e-16	1.17963e-16	1.20154e-16	1.2202e-16	1.23663e-16	1.25713e-16	1.27909e-16	1.29521e-16	1.31481e-16	1.331e-16	1.34958e-16	1.36514e-16	1.38364e-16	1.39481e-16	1.41252e-16	1.42774e-16	1.43938e-16	1.45429e-16	1.46682e-16	1.47896e-16	1.49096e-16	1.50423e-16	1.51445e-16	1.5242e-16	1.5339e-16	1.54195e-16	1.55217e-16	1.55929e-16	1.56764e-16	1.57489e-16	1.58133e-16	1.58646e-16	1.59206e-16	1.59759e-16	1.60225e-16	1.60643e-16	1.61133e-16	1.61371e-16	1.61933e-16	1.62219e-16	1.62542e-16	1.62869e-16	1.63188e-16	1.63345e-16	1.63672e-16	1.6389e-16	1.64008e-16	1.64155e-16	1.64307e-16	1.64431e-16	1.64479e-16	1.64556e-16	1.64605e-16	1.64656e-16	1.64724e-16	1.64754e-16	1.6478e-16	1.64805e-16	1.64818e-16	1.64845e-16	1.64845e-16	1.64845e-16	1.64845e-16	1.64845e-16	1.64845e-16
330.1	2.07044e-14	1.66113e-16	1.65235e-16	3.05684e-19	2.74646e-18	6.3115e-18	1.09272e-17	1.42696e-17	1.96714e-17	2.68261e-17	3.44501e-17	4.15373e-17	4.81503e-17	5.72344e-17	6.59401e-17	7.31554e-17	7.9068e-17	8.53004e-17	9.26523e-17	9.7836e-17	1.01003e-16	1.0253e-16	1.0436e-16	1.06037e-16	1.08049e-16	1.0954e-16	1.11767e-16	1.14073e-16	1.15886e-16	1.1782e-16	1.20023e-16	1.219e-16	1.23562e-16	1.25645e-16	1.27873e-16	1.29502e-16	1.31477e-16	1.33113e-16	1.35003e-16	1.36587e-16	1.38461e-16	1.39587e-16	1.41373e-16	1.42911e-16	1.44094e-16	1.45607e-16	1.46873e-16	1.48095e-16	1.49305e-16	1.50647e-16	1.51684e-16	1.52672e-16	1.53651e-16	1.54462e-16	1.55491e-16	1.56208e-16	1.57053e-16	1.57788e-16	1.58441e-16	1.58959e-16	1.59524e-16	1.60082e-16	1.60555e-16	1.6098e-16	1.61482e-16	1.61726e-16	1.62303e-16	1.62595e-16	1.62921e-16	1.63249e-16	1.63568e-16	1.63724e-16	1.64052e-16	1.64271e-16	1.6439e-16	1.64539e-16	1.64693e-16	1.64819e-16	1.64868e-16	1.64946e-16	1.64995e-16	1.65046e-16	1.65114e-16	1.65144e-16	1.6517e-16	1.65195e-16	1.65208e-16	1.65235e-16	1.65235e-16	1.65235e-16	1.65235e-16	1.65235e-16	1.65235e-16
333.11	2.07044e-14	1.66168e-16	1.65296e-16	3.03963e-19	2.73412e-18	6.28314e-18	1.08818e-17	1.42162e-17	1.96014e-17	2.67429e-17	3.43581e-17	4.14448e-17	4.80603e-17	5.7151e-17	6.58647e-17	7.30885e-17	7.89915e-17	8.52091e-17	9.25148e-17	9.75899e-17	1.00646e-16	1.02113e-16	1.03896e-16	1.0555e-16	1.07547e-16	1.09032e-16	1.11252e-16	1.13561e-16	1.15382e-16	1.17329e-16	1.19546e-16	1.21434e-16	1.2311e-16	1.25217e-16	1.27478e-16	1.29127e-16	1.3112e-16	1.32771e-16	1.34686e-16	1.36298e-16	1.382e-16	1.3934e-16	1.4114e-16	1.42693e-16	1.4389e-16	1.45427e-16	1.46711e-16	1.47916e-16	1.49167e-16	1.50522e-16	1.51574e-16	1.52577e-16	1.53569e-16	1.5439e-16	1.55427e-16	1.56149e-16	1.57001e-16	1.57746e-16	1.58412e-16	1.5894e-16	1.59515e-16	1.60079e-16	1.60558e-16	1.60989e-16	1.61498e-16	1.61747e-16	1.62337e-16	1.62636e-16	1.62968e-16	1.63301e-16	1.63622e-16	1.63778e-16	1.64105e-16	1.64323e-16	1.64442e-16	1.64592e-16	1.64747e-16	1.64875e-16	1.64924e-16	1.65004e-16	1.65054e-16	1.65106e-16	1.65174e-16	1.65204e-16	1.65231e-16	1.65256e-16	1.65269e-16	1.65296e-16	1.65296e-16	1.65296e-16	1.65296e-16	1.65296e-16	1.65296e-16
336.12	2.07044e-14	1.65839e-16	1.64974e-16	3.01619e-19	2.7127e-18	6.23574e-18	1.08021e-17	1.41175e-17	1.94691e-17	2.65718e-17	3.41506e-17	4.12101e-17	4.78027e-17	5.6862e-17	6.55488e-17	7.27464e-17	7.86156e-17	8.47944e-17	9.20147e-17	9.69635e-17	9.99029e-17	1.0131e-16	1.03049e-16	1.04678e-16	1.0666e-16	1.08137e-16	1.10353e-16	1.1266e-16	1.14484e-16	1.1644e-16	1.18671e-16	1.20574e-16	1.22263e-16	1.24387e-16	1.26676e-16	1.28347e-16	1.30363e-16	1.3203e-16	1.33966e-16	1.356e-16	1.37533e-16	1.38689e-16	1.40509e-16	1.42076e-16	1.43286e-16	1.44844e-16	1.46149e-16	1.47372e-16	1.48637e-16	1.50004e-16	1.51068e-16	1.52085e-16	1.53092e-16	1.53926e-16	1.54977e-16	1.55704e-16	1.56562e-16	1.57316e-16	1.57993e-16	1.58532e-16	1.5912e-16	1.59697e-16	1.60184e-16	1.6062e-16	1.61135e-16	1.61386e-16	1.61984e-16	1.62288e-16	1.62626e-16	1.62965e-16	1.63291e-16	1.63449e-16	1.63777e-16	1.63994e-16	1.64113e-16	1.64262e-16	1.64417e-16	1.64545e-16	1.64595e-16	1.64675e-16	1.64727e-16	1.64779e-16	1.64849e-16	1.6488e-16	1.64907e-16	1.64933e-16	1.64946e-16	1.64974e-16	1.64974e-16	1.64974e-16	1.64974e-16	1.64974e-16	1.64974e-16
339.13	2.07044e-14	1.65076e-16	1.64216e-16	2.98475e-19	2.68102e-18	6.16614e-18	1.06829e-17	1.39664e-17	1.92642e-17	2.62998e-17	3.38103e-17	4.08123e-17	4.73536e-17	5.63383e-17	6.49595e-17	7.20928e-17	7.79003e-17	8.40135e-17	9.11087e-17	9.59122e-17	9.87282e-17	1.00078e-16	1.01775e-16	1.0338e-16	1.05344e-16	1.06813e-16	1.09028e-16	1.1133e-16	1.13155e-16	1.15115e-16	1.17358e-16	1.1928e-16	1.20983e-16	1.23122e-16	1.2543e-16	1.2712e-16	1.29164e-16	1.30852e-16	1.3281e-16	1.34461e-16	1.3642e-16	1.37593e-16	1.39439e-16	1.41025e-16	1.42246e-16	1.43822e-16	1.45147e-16	1.4639e-16	1.47672e-16	1.49055e-16	1.5013e-16	1.51159e-16	1.5218e-16	1.53027e-16	1.54093e-16	1.5483e-16	1.55697e-16	1.56457e-16	1.57141e-16	1.57691e-16	1.58292e-16	1.58884e-16	1.59382e-16	1.59825e-16	1.60346e-16	1.606e-16	1.61201e-16	1.61507e-16	1.61849e-16	1.62192e-16	1.62523e-16	1.62684e-16	1.63015e-16	1.63234e-16	1.63353e-16	1.63502e-16	1.63657e-16	1.63784e-16	1.63833e-16	1.63914e-16	1.63965e-16	1.64018e-16	1.64089e-16	1.6412e-16	1.64148e-16	1.64174e-16	1.64187e-16	1.64216e-16	1.64216e-16	1.64216e-16	1.64216e-16	1.64216e-16	1.64216e-16
342.14	2.07044e-14	1.63847e-16	1.62993e-16	2.94342e-19	2.63814e-18	6.07164e-18	1.052e-17	1.3757e-17	1.89785e-17	2.59161e-17	3.3323e-17	4.02343e-17	4.66936e-17	5.55571e-17	6.40702e-17	7.10999e-17	7.68156e-17	8.2833e-17	8.97671e-17	9.44061e-17	9.7094e-17	9.8389e-17	1.00047e-16	1.01631e-16	1.03576e-16	1.05037e-16	1.07251e-16	1.09551e-16	1.11376e-16	1.13336e-16	1.15589e-16	1.1753e-16	1.19251e-16	1.21406e-16	1.23728e-16	1.25434e-16	1.27504e-16	1.29217e-16	1.312e-16	1.32869e-16	1.34847e-16	1.36035e-16	1.37909e-16	1.39517e-16	1.40753e-16	1.42347e-16	1.43687e-16	1.44947e-16	1.46249e-16	1.47652e-16	1.48739e-16	1.49778e-16	1.50811e-16	1.51669e-16	1.52751e-16	1.53498e-16	1.54378e-16	1.55146e-16	1.55836e-16	1.56392e-16	1.57003e-16	1.57608e-16	1.58118e-16	1.58569e-16	1.591e-16	1.59356e-16	1.59962e-16	1.60268e-16	1.60611e-16	1.60954e-16	1.61288e-16	1.6145e-16	1.61785e-16	1.62008e-16	1.62127e-16	1.62277e-16	1.62432e-16	1.62559e-16	1.62609e-16	1.62689e-16	1.6274e-16	1.62793e-16	1.62864e-16	1.62895e-16	1.62923e-16	1.6295e-16	1.62963e-16	1.62993e-16	1.62993e-16	1.62993e-16	1.62993e-16	1.62993e-16	1.62993e-16
345.151	2.07044e-14	1.62148e-16	1.613e-16	2.89063e-19	2.58366e-18	5.95068e-18	1.03109e-17	1.3486e-17	1.86071e-17	2.54148e-17	3.26813e-17	3.94673e-17	4.58126e-17	5.45077e-17	6.28683e-17	6.97563e-17	7.53501e-17	8.12398e-17	8.79817e-17	9.24401e-17	9.49978e-17	9.6242e-17	9.78645e-17	9.94332e-17	1.01361e-16	1.02815e-16	1.05028e-16	1.07329e-16	1.09156e-16	1.11116e-16	1.13376e-16	1.15333e-16	1.17073e-16	1.19251e-16	1.21586e-16	1.23304e-16	1.25397e-16	1.27134e-16	1.29148e-16	1.30838e-16	1.32831e-16	1.34031e-16	1.3593e-16	1.37562e-16	1.38816e-16	1.40429e-16	1.41783e-16	1.43091e-16	1.44376e-16	1.45799e-16	1.469e-16	1.47951e-16	1.48994e-16	1.4986e-16	1.50954e-16	1.51712e-16	1.52604e-16	1.53382e-16	1.54078e-16	1.5464e-16	1.55257e-16	1.55871e-16	1.5639e-16	1.5685e-16	1.57391e-16	1.57651e-16	1.58262e-16	1.58568e-16	1.58911e-16	1.59254e-16	1.59587e-16	1.59749e-16	1.60085e-16	1.60309e-16	1.60431e-16	1.60582e-16	1.60739e-16	1.60867e-16	1.60916e-16	1.60997e-16	1.61048e-16	1.61101e-16	1.61171e-16	1.61202e-16	1.61231e-16	1.61257e-16	1.61271e-16	1.613e-16	1.613e-16	1.613e-16	1.613e-16	1.613e-16	1.613e-16
348.161	2.07044e-14	1.60012e-16	1.59172e-16	2.82554e-19	2.51786e-18	5.80336e-18	1.00562e-17	1.31541e-17	1.81509e-17	2.4797e-17	3.18874e-17	3.85143e-17	4.47142e-17	5.31964e-17	6.13609e-17	6.80725e-17	7.35167e-17	7.92481e-17	8.57732e-17	9.00398e-17	9.24692e-17	9.36675e-17	9.52611e-17	9.68208e-17	9.87367e-17	1.00187e-16	1.024e-16	1.04704e-16	1.06536e-16	1.085e-16	1.10768e-16	1.12739e-16	1.14498e-16	1.167e-16	1.19052e-16	1.20782e-16	1.22895e-16	1.24654e-16	1.267e-16	1.28412e-16	1.30424e-16	1.31633e-16	1.33549e-16	1.35204e-16	1.36477e-16	1.38111e-16	1.3948e-16	1.40801e-16	1.42098e-16	1.43537e-16	1.44652e-16	1.45716e-16	1.46769e-16	1.47642e-16	1.48743e-16	1.49509e-16	1.50412e-16	1.51199e-16	1.51904e-16	1.52471e-16	1.53094e-16	1.53711e-16	1.54235e-16	1.54702e-16	1.55249e-16	1.55513e-16	1.5613e-16	1.56439e-16	1.56781e-16	1.57125e-16	1.57455e-16	1.57616e-16	1.5795e-16	1.58174e-16	1.58296e-16	1.58449e-16	1.58606e-16	1.58736e-16	1.58786e-16	1.58867e-16	1.58919e-16	1.58972e-16	1.59043e-16	1.59074e-16	1.59103e-16	1.59129e-16	1.59142e-16	1.59172e-16	1.59172e-16	1.59172e-16	1.59172e-16	1.59172e-16	1.59172e-16
351.171	2.07044e-14	1.57507e-16	1.56676e-16	2.7483e-19	2.4418e-18	5.63177e-18	9.75941e-18	1.27661e-17	1.76169e-17	2.40724e-17	3.09547e-17	3.73919e-17	4.34176e-17	5.1648e-17	5.95775e-17	6.60837e-17	7.13558e-17	7.69026e-17	8.31933e-17	8.72643e-17	8.95721e-17	9.07308e-17	9.23042e-17	9.38625e-17	9.57746e-17	9.72259e-17	9.94414e-17	1.01754e-16	1.03593e-16	1.05567e-16	1.07848e-16	1.09831e-16	1.11608e-16	1.13836e-16	1.16209e-16	1.17955e-16	1.20086e-16	1.21863e-16	1.23937e-16	1.25673e-16	1.27707e-16	1.28926e-16	1.30854e-16	1.32527e-16	1.33817e-16	1.35472e-16	1.36857e-16	1.38156e-16	1.39495e-16	1.40945e-16	1.42071e-16	1.43147e-16	1.44211e-16	1.4509e-16	1.46197e-16	1.46966e-16	1.47875e-16	1.4867e-16	1.49383e-16	1.49955e-16	1.50583e-16	1.51203e-16	1.51728e-16	1.52198e-16	1.52747e-16	1.53013e-16	1.53634e-16	1.53946e-16	1.5429e-16	1.54633e-16	1.54961e-16	1.55121e-16	1.55452e-16	1.55674e-16	1.55795e-16	1.55947e-16	1.56105e-16	1.56236e-16	1.56286e-16	1.56368e-16	1.56421e-16	1.56474e-16	1.56546e-16	1.56578e-16	1.56606e-16	1.56633e-16	1.56646e-16	1.56676e-16	1.56676e-16	1.56676e-16	1.56676e-16	1.56676e-16	1.56676e-16
354.181	2.07044e-14	1.54735e-16	1.53914e-16	2.66014e-19	2.35733e-18	5.4399e-18	9.42766e-18	1.23316e-17	1.70183e-17	2.32589e-17	2.99074e-17	3.61297e-17	4.19577e-17	4.9906e-17	5.75694e-17	6.38492e-17	6.89332e-17	7.42774e-17	8.0324e-17	8.42035e-17	8.64012e-17	8.75287e-17	8.90937e-17	9.06589e-17	9.25782e-17	9.40375e-17	9.62619e-17	9.85867e-17	1.00437e-16	1.02427e-16	1.04727e-16	1.06726e-16	1.08562e-16	1.10771e-16	1.1317e-16	1.14935e-16	1.17086e-16	1.1888e-16	1.20977e-16	1.22734e-16	1.24792e-16	1.26022e-16	1.27962e-16	1.29649e-16	1.30951e-16	1.32623e-16	1.34024e-16	1.35368e-16	1.3668e-16	1.38136e-16	1.39269e-16	1.40353e-16	1.41426e-16	1.42311e-16	1.43422e-16	1.44193e-16	1.45103e-16	1.45901e-16	1.46619e-16	1.47195e-16	1.47827e-16	1.4845e-16	1.48976e-16	1.49444e-16	1.49993e-16	1.50258e-16	1.50879e-16	1.51191e-16	1.51535e-16	1.51879e-16	1.52207e-16	1.52366e-16	1.52695e-16	1.52914e-16	1.53033e-16	1.53184e-16	1.5334e-16	1.53469e-16	1.5352e-16	1.53602e-16	1.53655e-16	1.53709e-16	1.53782e-16	1.53815e-16	1.53843e-16	1.5387e-16	1.53884e-16	1.53914e-16	1.53914e-16	1.53914e-16	1.53914e-16	1.53914e-16	1.53914e-16
357.191	2.07044e-14	1.51824e-16	1.51013e-16	2.5633e-19	2.26693e-18	5.23346e-18	9.0707e-18	1.18636e-17	1.63735e-17	2.23816e-17	2.87789e-17	3.47688e-17	4.03827e-17	4.80294e-17	5.54067e-17	6.14479e-17	6.63359e-17	7.147e-17	7.7272e-17	8.09718e-17	8.30758e-17	8.41825e-17	8.57532e-17	8.73348e-17	8.92738e-17	9.07485e-17	9.2992e-17	9.53351e-17	9.72003e-17	9.92132e-17	1.0154e-16	1.0356e-16	1.05371e-16	1.07644e-16	1.1007e-16	1.11856e-16	1.14032e-16	1.15845e-16	1.17959e-16	1.19733e-16	1.21814e-16	1.23054e-16	1.25008e-16	1.26706e-16	1.28016e-16	1.297e-16	1.31113e-16	1.32466e-16	1.33786e-16	1.35246e-16	1.36379e-16	1.37466e-16	1.38545e-16	1.39433e-16	1.40547e-16	1.41319e-16	1.42228e-16	1.43025e-16	1.43743e-16	1.4432e-16	1.44954e-16	1.45579e-16	1.46104e-16	1.46571e-16	1.47116e-16	1.47379e-16	1.47995e-16	1.48305e-16	1.48647e-16	1.48989e-16	1.49317e-16	1.49475e-16	1.49804e-16	1.5002e-16	1.50138e-16	1.50287e-16	1.5044e-16	1.50568e-16	1.50618e-16	1.507e-16	1.50752e-16	1.50806e-16	1.5088e-16	1.50912e-16	1.50941e-16	1.50969e-16	1.50982e-16	1.51013e-16	1.51013e-16	1.51013e-16	1.51013e-16	1.51013e-16	1.51013e-16
360.201	2.07044e-14	1.48915e-16	1.48114e-16	2.46081e-19	2.17357e-18	5.0193e-18	8.70036e-18	1.13779e-17	1.57047e-17	2.14708e-17	2.76088e-17	3.33577e-17	3.87498e-17	4.60875e-17	5.31714e-17	5.89725e-17	6.3665e-17	6.85924e-17	7.41597e-17	7.76983e-17	7.97289e-17	8.08273e-17	8.242e-17	8.40287e-17	8.60005e-17	8.74984e-17	8.97734e-17	9.21425e-17	9.40281e-17	9.60693e-17	9.84288e-17	1.00478e-16	1.02309e-16	1.04604e-16	1.07056e-16	1.08864e-16	1.11069e-16	1.12902e-16	1.15033e-16	1.1682e-16	1.18917e-16	1.20168e-16	1.22137e-16	1.23844e-16	1.2516e-16	1.26852e-16	1.2827e-16	1.29629e-16	1.30954e-16	1.32416e-16	1.33547e-16	1.34633e-16	1.35711e-16	1.366e-16	1.37715e-16	1.38486e-16	1.39392e-16	1.40185e-16	1.40899e-16	1.41473e-16	1.42105e-16	1.42728e-16	1.43253e-16	1.43717e-16	1.44258e-16	1.44518e-16	1.45126e-16	1.45431e-16	1.45769e-16	1.46107e-16	1.46433e-16	1.4659e-16	1.46916e-16	1.47132e-16	1.47249e-16	1.47396e-16	1.47547e-16	1.47673e-16	1.47722e-16	1.47802e-16	1.47854e-16	1.47907e-16	1.4798e-16	1.48012e-16	1.48041e-16	1.48069e-16	1.48083e-16	1.48114e-16	1.48114e-16	1.48114e-16	1.48114e-16	1.48114e-16	1.48114e-16
363.211	2.07044e-14	1.4615e-16	1.45359e-16	2.35619e-19	2.08039e-18	4.80484e-18	8.32943e-18	1.08915e-17	1.50357e-17	2.05591e-17	2.64397e-17	3.19487e-17	3.71202e-17	4.41541e-17	5.09506e-17	5.65202e-17	6.10262e-17	6.57612e-17	7.11144e-17	7.45163e-17	7.64963e-17	7.76004e-17	7.92321e-17	8.08802e-17	8.28979e-17	8.44264e-17	8.67463e-17	8.9151e-17	9.10637e-17	9.31379e-17	9.55365e-17	9.76191e-17	9.94762e-17	1.01797e-16	1.04273e-16	1.06103e-16	1.08338e-16	1.10194e-16	1.12342e-16	1.14139e-16	1.16246e-16	1.17505e-16	1.19488e-16	1.21205e-16	1.22526e-16	1.24221e-16	1.2564e-16	1.26986e-16	1.28325e-16	1.29787e-16	1.30915e-16	1.31996e-16	1.33068e-16	1.33954e-16	1.35065e-16	1.35833e-16	1.36734e-16	1.37521e-16	1.38229e-16	1.38798e-16	1.39425e-16	1.40042e-16	1.40563e-16	1.41023e-16	1.41559e-16	1.41816e-16	1.42414e-16	1.42714e-16	1.43046e-16	1.43377e-16	1.43697e-16	1.43853e-16	1.44175e-16	1.44389e-16	1.44505e-16	1.4465e-16	1.44801e-16	1.44925e-16	1.44974e-16	1.45053e-16	1.45103e-16	1.45155e-16	1.45226e-16	1.45258e-16	1.45287e-16	1.45315e-16	1.45328e-16	1.45359e-16	1.45359e-16	1.45359e-16	1.45359e-16	1.45359e-16	1.45359e-16
366.221	2.07044e-14	1.43659e-16	1.4288e-16	2.25308e-19	1.99049e-18	4.59739e-18	7.97054e-18	1.04211e-17	1.43897e-17	1.96786e-17	2.53132e-17	3.05927e-17	3.55537e-17	4.23008e-17	4.88287e-17	5.41854e-17	5.85216e-17	6.30874e-17	6.82572e-17	7.15511e-17	7.3505e-17	7.46294e-17	7.63172e-17	7.8018e-17	8.00938e-17	8.16606e-17	8.40376e-17	8.64883e-17	8.8436e-17	9.05478e-17	9.29906e-17	9.51105e-17	9.69971e-17	9.93484e-17	1.0185e-16	1.03701e-16	1.05965e-16	1.07843e-16	1.10012e-16	1.11818e-16	1.13932e-16	1.15195e-16	1.17187e-16	1.18912e-16	1.20239e-16	1.21935e-16	1.23351e-16	1.24703e-16	1.26027e-16	1.27484e-16	1.28608e-16	1.29683e-16	1.30745e-16	1.31623e-16	1.32726e-16	1.33488e-16	1.34381e-16	1.35161e-16	1.35862e-16	1.36424e-16	1.37041e-16	1.37649e-16	1.38163e-16	1.38617e-16	1.39146e-16	1.394e-16	1.39988e-16	1.40282e-16	1.40607e-16	1.4093e-16	1.41243e-16	1.41395e-16	1.4171e-16	1.41921e-16	1.42035e-16	1.4218e-16	1.42329e-16	1.42452e-16	1.425e-16	1.42579e-16	1.42629e-16	1.4268e-16	1.42749e-16	1.42781e-16	1.42809e-16	1.42836e-16	1.42849e-16	1.4288e-16	1.4288e-16	1.4288e-16	1.4288e-16	1.4288e-16	1.4288e-16
369.231	2.07044e-14	1.41548e-16	1.40782e-16	2.15492e-19	1.90667e-18	4.40353e-18	7.63509e-18	9.98187e-18	1.37876e-17	1.88581e-17	2.42664e-17	2.93351e-17	3.41036e-17	4.05913e-17	4.68803e-17	5.20507e-17	5.62408e-17	6.06674e-17	6.56926e-17	6.89108e-17	7.08631e-17	7.20223e-17	7.37818e-17	7.55489e-17	7.76942e-17	7.93066e-17	8.17512e-17	8.42583e-17	8.62486e-17	8.84029e-17	9.08946e-17	9.3053e-17	9.49723e-17	9.73599e-17	9.98895e-17	1.0176e-16	1.0405e-16	1.05951e-16	1.0814e-16	1.09957e-16	1.12076e-16	1.1334e-16	1.15336e-16	1.17066e-16	1.18397e-16	1.20094e-16	1.21504e-16	1.22813e-16	1.24161e-16	1.25609e-16	1.26727e-16	1.27793e-16	1.28844e-16	1.29713e-16	1.30803e-16	1.31555e-16	1.32437e-16	1.33208e-16	1.33899e-16	1.34452e-16	1.35059e-16	1.35656e-16	1.36161e-16	1.36605e-16	1.37125e-16	1.37373e-16	1.37952e-16	1.38239e-16	1.38557e-16	1.38872e-16	1.39177e-16	1.39324e-16	1.39631e-16	1.39837e-16	1.39949e-16	1.40091e-16	1.40238e-16	1.4036e-16	1.40407e-16	1.40485e-16	1.40534e-16	1.40585e-16	1.40654e-16	1.40685e-16	1.40713e-16	1.40739e-16	1.40752e-16	1.40782e-16	1.40782e-16	1.40782e-16	1.40782e-16	1.40782e-16	1.40782e-16
372.241	2.07044e-14	1.39894e-16	1.39142e-16	2.06466e-19	1.83118e-18	4.22866e-18	7.33245e-18	9.58613e-18	1.32466e-17	1.81214e-17	2.33297e-17	2.8213e-17	3.2813e-17	3.90768e-17	4.5165e-17	5.01822e-17	5.42549e-17	5.85767e-17	6.35015e-17	6.66779e-17	6.86523e-17	6.98596e-17	7.17047e-17	7.35509e-17	7.57757e-17	7.74407e-17	7.99608e-17	8.25336e-17	8.45728e-17	8.6775e-17	8.93198e-17	9.15167e-17	9.34705e-17	9.58978e-17	9.84592e-17	1.00351e-16	1.02664e-16	1.04584e-16	1.06793e-16	1.0862e-16	1.10745e-16	1.1201e-16	1.14005e-16	1.15735e-16	1.17068e-16	1.18762e-16	1.20167e-16	1.21489e-16	1.228e-16	1.24234e-16	1.25342e-16	1.26397e-16	1.27436e-16	1.28294e-16	1.29368e-16	1.30107e-16	1.30975e-16	1.31733e-16	1.32412e-16	1.32956e-16	1.33552e-16	1.34137e-16	1.34629e-16	1.35063e-16	1.3557e-16	1.35813e-16	1.36379e-16	1.36659e-16	1.3697e-16	1.37277e-16	1.37573e-16	1.37717e-16	1.38014e-16	1.38214e-16	1.38323e-16	1.38461e-16	1.38604e-16	1.38724e-16	1.38771e-16	1.38847e-16	1.38896e-16	1.38947e-16	1.39016e-16	1.39046e-16	1.39073e-16	1.39099e-16	1.39113e-16	1.39142e-16	1.39142e-16	1.39142e-16	1.39142e-16	1.39142e-16	1.39142e-16
375.251	2.07044e-14	1.38737e-16	1.37998e-16	1.98458e-19	1.76564e-18	4.07665e-18	7.06936e-18	9.24275e-18	1.27787e-17	1.74853e-17	2.25246e-17	2.72526e-17	3.17124e-17	3.7793e-17	4.37242e-17	4.86246e-17	5.26119e-17	5.68656e-17	6.17363e-17	6.4905e-17	6.69234e-17	6.81904e-17	7.01322e-17	7.20684e-17	7.43815e-17	7.61052e-17	7.87064e-17	8.13522e-17	8.34447e-17	8.57e-17	8.83015e-17	9.05369e-17	9.25252e-17	9.49927e-17	9.75901e-17	9.9504e-17	1.01839e-16	1.03776e-16	1.06e-16	1.07836e-16	1.09969e-16	1.11234e-16	1.13225e-16	1.14952e-16	1.16282e-16	1.17973e-16	1.1937e-16	1.20658e-16	1.21977e-16	1.23394e-16	1.24487e-16	1.25529e-16	1.26554e-16	1.274e-16	1.28455e-16	1.29181e-16	1.30032e-16	1.30775e-16	1.31439e-16	1.31973e-16	1.32556e-16	1.33129e-16	1.33608e-16	1.34029e-16	1.34523e-16	1.34758e-16	1.35309e-16	1.35582e-16	1.35884e-16	1.36184e-16	1.36472e-16	1.36612e-16	1.369e-16	1.37093e-16	1.37198e-16	1.37332e-16	1.37471e-16	1.37587e-16	1.37633e-16	1.37707e-16	1.37756e-16	1.37806e-16	1.37873e-16	1.37903e-16	1.37931e-16	1.37957e-16	1.3797e-16	1.37998e-16	1.37998e-16	1.37998e-16	1.37998e-16	1.37998e-16	1.37998e-16
378.261	2.07044e-14	1.38084e-16	1.37358e-16	1.91619e-19	1.71097e-18	3.94972e-18	6.84967e-18	8.95681e-18	1.23908e-17	1.69592e-17	2.1863e-17	2.64683e-17	3.08181e-17	3.67591e-17	4.25791e-17	4.74006e-17	5.13355e-17	5.55577e-17	6.042e-17	6.36131e-17	6.5695e-17	6.70308e-17	6.9078e-17	7.11122e-17	7.35204e-17	7.53079e-17	7.79937e-17	8.07178e-17	8.28653e-17	8.51781e-17	8.78387e-17	9.01129e-17	9.21827e-17	9.46408e-17	9.72764e-17	9.92132e-17	1.0157e-16	1.03522e-16	1.05757e-16	1.076e-16	1.09739e-16	1.11005e-16	1.12994e-16	1.14714e-16	1.16037e-16	1.1772e-16	1.19109e-16	1.20419e-16	1.2169e-16	1.23086e-16	1.24162e-16	1.25188e-16	1.26197e-16	1.27029e-16	1.28065e-16	1.28777e-16	1.29611e-16	1.30336e-16	1.30983e-16	1.31505e-16	1.32074e-16	1.32633e-16	1.331e-16	1.33509e-16	1.33987e-16	1.34216e-16	1.34748e-16	1.35013e-16	1.35306e-16	1.35598e-16	1.35878e-16	1.36013e-16	1.36293e-16	1.3648e-16	1.36582e-16	1.36711e-16	1.36844e-16	1.36957e-16	1.37001e-16	1.37073e-16	1.3712e-16	1.37169e-16	1.37235e-16	1.37264e-16	1.37291e-16	1.37317e-16	1.37329e-16	1.37358e-16	1.37358e-16	1.37358e-16	1.37358e-16	1.37358e-16	1.37358e-16
381.271	2.07044e-14	1.37908e-16	1.37195e-16	1.86017e-19	1.66737e-18	3.84842e-18	6.67442e-18	8.72962e-18	1.20846e-17	1.65455e-17	2.13475e-17	2.58628e-17	3.01333e-17	3.59778e-17	4.1732e-17	4.65113e-17	5.04257e-17	5.4651e-17	5.95472e-17	6.27932e-17	6.49551e-17	6.63664e-17	6.85246e-17	7.06618e-17	7.31698e-17	7.50245e-17	7.77966e-17	8.06018e-17	8.28044e-17	8.51769e-17	8.78976e-17	9.02117e-17	9.23144e-17	9.48068e-17	9.74805e-17	9.944e-17	1.0182e-16	1.03786e-16	1.06028e-16	1.07874e-16	1.10016e-16	1.11283e-16	1.13271e-16	1.14983e-16	1.16298e-16	1.1797e-16	1.19346e-16	1.20633e-16	1.219e-16	1.23276e-16	1.24334e-16	1.25341e-16	1.26333e-16	1.2715e-16	1.28166e-16	1.28863e-16	1.29679e-16	1.30385e-16	1.31016e-16	1.31523e-16	1.32076e-16	1.3262e-16	1.33074e-16	1.33473e-16	1.33936e-16	1.34157e-16	1.34669e-16	1.34926e-16	1.35209e-16	1.35492e-16	1.35763e-16	1.35894e-16	1.36165e-16	1.36346e-16	1.36445e-16	1.3657e-16	1.36698e-16	1.36807e-16	1.36849e-16	1.36919e-16	1.36964e-16	1.3701e-16	1.37075e-16	1.37103e-16	1.37129e-16	1.37154e-16	1.37167e-16	1.37195e-16	1.37195e-16	1.37195e-16	1.37195e-16	1.37195e-16	1.37195e-16
384.281	2.07044e-14	1.38158e-16	1.37457e-16	1.81649e-19	1.6344e-18	3.77183e-18	6.54207e-18	8.55914e-18	1.18569e-17	1.62398e-17	2.09721e-17	2.54289e-17	2.96489e-17	3.54374e-17	4.11678e-17	4.59387e-17	4.98618e-17	5.41212e-17	5.90881e-17	6.24104e-17	6.46652e-17	6.6156e-17	6.84285e-17	7.06703e-17	7.32803e-17	7.52037e-17	7.80628e-17	8.09495e-17	8.3206e-17	8.56381e-17	8.84176e-17	9.07726e-17	9.28575e-17	9.54299e-17	9.8139e-17	1.0012e-16	1.02523e-16	1.04501e-16	1.06748e-16	1.08596e-16	1.10736e-16	1.12004e-16	1.13992e-16	1.15696e-16	1.17002e-16	1.18659e-16	1.20021e-16	1.21294e-16	1.22545e-16	1.23901e-16	1.24941e-16	1.2593e-16	1.26902e-16	1.27703e-16	1.28698e-16	1.29381e-16	1.30177e-16	1.30866e-16	1.3148e-16	1.31972e-16	1.32509e-16	1.33035e-16	1.33476e-16	1.33864e-16	1.34312e-16	1.34526e-16	1.3502e-16	1.35268e-16	1.3554e-16	1.35813e-16	1.36074e-16	1.36201e-16	1.36463e-16	1.36639e-16	1.36734e-16	1.36855e-16	1.36979e-16	1.37084e-16	1.37125e-16	1.37192e-16	1.37235e-16	1.3728e-16	1.37341e-16	1.37369e-16	1.37394e-16	1.37418e-16	1.3743e-16	1.37457e-16	1.37457e-16	1.37457e-16	1.37457e-16	1.37457e-16	1.37457e-16
387.291	2.07044e-14	1.38761e-16	1.38074e-16	1.78449e-19	1.61111e-18	3.71782e-18	6.44897e-18	8.44052e-18	1.17008e-17	1.60327e-17	2.07243e-17	2.51505e-17	2.93458e-17	3.51144e-17	4.08576e-17	4.56495e-17	4.9606e-17	5.39257e-17	5.89936e-17	6.24097e-17	6.47664e-17	6.63381e-17	6.87256e-17	7.10707e-17	7.37827e-17	7.5774e-17	7.87195e-17	8.16859e-17	8.39944e-17	8.64836e-17	8.93189e-17	9.17149e-17	9.38283e-17	9.64298e-17	9.91699e-17	1.0117e-16	1.03594e-16	1.05583e-16	1.07836e-16	1.09682e-16	1.11818e-16	1.13084e-16	1.1507e-16	1.16767e-16	1.18066e-16	1.19707e-16	1.21053e-16	1.22289e-16	1.23543e-16	1.24879e-16	1.25903e-16	1.26875e-16	1.27827e-16	1.2861e-16	1.29584e-16	1.30251e-16	1.31028e-16	1.317e-16	1.32297e-16	1.32775e-16	1.33295e-16	1.33805e-16	1.34231e-16	1.34607e-16	1.3504e-16	1.35247e-16	1.35725e-16	1.35964e-16	1.36226e-16	1.36487e-16	1.36739e-16	1.36861e-16	1.37115e-16	1.37284e-16	1.37376e-16	1.37494e-16	1.37614e-16	1.37714e-16	1.37754e-16	1.37819e-16	1.3786e-16	1.37903e-16	1.37963e-16	1.37989e-16	1.38013e-16	1.38036e-16	1.38047e-16	1.38074e-16	1.38074e-16	1.38074e-16	1.38074e-16	1.38074e-16	1.38074e-16
390.301	2.07044e-14	1.39633e-16	1.38959e-16	1.763e-19	1.59617e-18	3.68333e-18	6.38993e-18	8.36688e-18	1.16063e-17	1.59107e-17	2.05861e-17	2.50055e-17	2.91978e-17	3.49769e-17	4.07627e-17	4.55995e-17	4.9609e-17	5.40094e-17	5.9201e-17	6.27223e-17	6.51855e-17	6.68373e-17	6.93384e-17	7.17834e-17	7.45948e-17	7.66511e-17	7.96813e-17	8.27236e-17	8.50821e-17	8.76241e-17	9.05106e-17	9.29458e-17	9.50855e-17	9.77146e-17	1.00481e-16	1.02497e-16	1.04939e-16	1.06937e-16	1.09196e-16	1.1104e-16	1.13168e-16	1.14431e-16	1.16413e-16	1.18103e-16	1.19395e-16	1.21019e-16	1.2235e-16	1.23569e-16	1.24804e-16	1.26119e-16	1.27127e-16	1.28082e-16	1.29016e-16	1.29783e-16	1.30734e-16	1.31385e-16	1.32144e-16	1.32799e-16	1.3338e-16	1.33843e-16	1.34348e-16	1.34841e-16	1.35253e-16	1.35616e-16	1.36035e-16	1.36235e-16	1.36697e-16	1.36927e-16	1.3718e-16	1.37431e-16	1.37673e-16	1.3779e-16	1.38035e-16	1.38198e-16	1.38287e-16	1.384e-16	1.38516e-16	1.38613e-16	1.38652e-16	1.38714e-16	1.38754e-16	1.38796e-16	1.38853e-16	1.38878e-16	1.38901e-16	1.38923e-16	1.38934e-16	1.38959e-16	1.38959e-16	1.38959e-16	1.38959e-16	1.38959e-16	1.38959e-16
393.311	2.07044e-14	1.40683e-16	1.40024e-16	1.75055e-19	1.588e-18	3.66475e-18	6.35879e-18	8.33003e-18	1.1562e-17	1.58578e-17	2.05366e-17	2.49678e-17	2.91742e-17	3.4988e-17	4.08382e-17	4.57379e-17	4.98145e-17	5.43099e-17	5.964e-17	6.3272e-17	6.58421e-17	6.75711e-17	7.01824e-17	7.27223e-17	7.56286e-17	7.77456e-17	8.08575e-17	8.39704e-17	8.63764e-17	8.89656e-17	9.18982e-17	9.43686e-17	9.6582e-17	9.91873e-17	1.01975e-16	1.04005e-16	1.0646e-16	1.08465e-16	1.10729e-16	1.12571e-16	1.1469e-16	1.15948e-16	1.17922e-16	1.19606e-16	1.2089e-16	1.22499e-16	1.23814e-16	1.25049e-16	1.26232e-16	1.27526e-16	1.28518e-16	1.29457e-16	1.30375e-16	1.31126e-16	1.32055e-16	1.32691e-16	1.3343e-16	1.34069e-16	1.34635e-16	1.35085e-16	1.35574e-16	1.36051e-16	1.3645e-16	1.368e-16	1.37205e-16	1.37399e-16	1.37846e-16	1.38068e-16	1.38311e-16	1.38553e-16	1.38787e-16	1.38899e-16	1.39134e-16	1.3929e-16	1.39376e-16	1.39484e-16	1.39597e-16	1.39691e-16	1.39728e-16	1.39788e-16	1.39827e-16	1.39867e-16	1.39922e-16	1.39946e-16	1.39968e-16	1.3999e-16	1.4e-16	1.40024e-16	1.40024e-16	1.40024e-16	1.40024e-16	1.40024e-16	1.40024e-16
396.321	2.07044e-14	1.41825e-16	1.41181e-16	1.74546e-19	1.58494e-18	3.65819e-18	6.34896e-18	8.32126e-18	1.15553e-17	1.58572e-17	2.05537e-17	2.501e-17	2.92426e-17	3.51084e-17	4.10375e-17	4.60118e-17	5.01639e-17	5.47624e-17	6.02383e-17	6.39813e-17	6.66547e-17	6.84565e-17	7.11727e-17	7.38016e-17	7.67968e-17	7.8969e-17	8.21581e-17	8.53353e-17	8.77858e-17	9.04162e-17	9.33894e-17	9.58894e-17	9.80737e-17	1.00753e-16	1.03559e-16	1.056e-16	1.08063e-16	1.10072e-16	1.12339e-16	1.14179e-16	1.1629e-16	1.17543e-16	1.19505e-16	1.21181e-16	1.22457e-16	1.24051e-16	1.25353e-16	1.2654e-16	1.27735e-16	1.29008e-16	1.29982e-16	1.30907e-16	1.3181e-16	1.32547e-16	1.33456e-16	1.34077e-16	1.34798e-16	1.3542e-16	1.35971e-16	1.36409e-16	1.36884e-16	1.37347e-16	1.37733e-16	1.38071e-16	1.38463e-16	1.38649e-16	1.39081e-16	1.39296e-16	1.39531e-16	1.39765e-16	1.3999e-16	1.40098e-16	1.40323e-16	1.40474e-16	1.40556e-16	1.4066e-16	1.40769e-16	1.40859e-16	1.40895e-16	1.40953e-16	1.40991e-16	1.41029e-16	1.41082e-16	1.41105e-16	1.41127e-16	1.41148e-16	1.41158e-16	1.41181e-16	1.41181e-16	1.41181e-16	1.41181e-16	1.41181e-16	1.41181e-16
399.331	2.07044e-14	1.42978e-16	1.42348e-16	1.74599e-19	1.58535e-18	3.65985e-18	6.3539e-18	8.33189e-18	1.15742e-17	1.5892e-17	2.06154e-17	2.51049e-17	2.9371e-17	3.52999e-17	4.13148e-17	4.63695e-17	5.06004e-17	5.53045e-17	6.09259e-17	6.4776e-17	6.75459e-17	6.94149e-17	7.22291e-17	7.49409e-17	7.80177e-17	8.02392e-17	8.34995e-17	8.67344e-17	8.92255e-17	9.1891e-17	9.48997e-17	9.74226e-17	9.96753e-17	1.02325e-16	1.05146e-16	1.07195e-16	1.09663e-16	1.11673e-16	1.1394e-16	1.15776e-16	1.17882e-16	1.19128e-16	1.21079e-16	1.22745e-16	1.2401e-16	1.2559e-16	1.2688e-16	1.28072e-16	1.2923e-16	1.30481e-16	1.31438e-16	1.32348e-16	1.33238e-16	1.33961e-16	1.34852e-16	1.3546e-16	1.36164e-16	1.3677e-16	1.37306e-16	1.37733e-16	1.38195e-16	1.38644e-16	1.39019e-16	1.39346e-16	1.39725e-16	1.39906e-16	1.40323e-16	1.4053e-16	1.40758e-16	1.40984e-16	1.41201e-16	1.41306e-16	1.41522e-16	1.41668e-16	1.41746e-16	1.41847e-16	1.41951e-16	1.42038e-16	1.42072e-16	1.42128e-16	1.42164e-16	1.42201e-16	1.42252e-16	1.42275e-16	1.42296e-16	1.42316e-16	1.42326e-16	1.42348e-16	1.42348e-16	1.42348e-16	1.42348e-16	1.42348e-16	1.42348e-16
402.341	2.07044e-14	1.44072e-16	1.43456e-16	1.75045e-19	1.58771e-18	3.66614e-18	6.3675e-18	8.35383e-18	1.16073e-17	1.59467e-17	2.07015e-17	2.52274e-17	2.953e-17	3.55269e-17	4.16282e-17	4.67636e-17	5.10719e-17	5.58793e-17	6.16395e-17	6.5589e-17	6.84461e-17	7.0376e-17	7.328e-17	7.60684e-17	7.92191e-17	8.14842e-17	8.48083e-17	8.80945e-17	9.06211e-17	9.33159e-17	9.63553e-17	9.88947e-17	1.01162e-16	1.03828e-16	1.06662e-16	1.08718e-16	1.11186e-16	1.13194e-16	1.15457e-16	1.17289e-16	1.19389e-16	1.2063e-16	1.2257e-16	1.24224e-16	1.25478e-16	1.27044e-16	1.2832e-16	1.29508e-16	1.30642e-16	1.31874e-16	1.32815e-16	1.33709e-16	1.34585e-16	1.35296e-16	1.36172e-16	1.36768e-16	1.37455e-16	1.38047e-16	1.3857e-16	1.38986e-16	1.39436e-16	1.39871e-16	1.40236e-16	1.40554e-16	1.40922e-16	1.41097e-16	1.41501e-16	1.41701e-16	1.41922e-16	1.4214e-16	1.4235e-16	1.42452e-16	1.4266e-16	1.42801e-16	1.42877e-16	1.42973e-16	1.43074e-16	1.43157e-16	1.4319e-16	1.43244e-16	1.43279e-16	1.43314e-16	1.43364e-16	1.43385e-16	1.43406e-16	1.43425e-16	1.43434e-16	1.43456e-16	1.43456e-16	1.43456e-16	1.43456e-16	1.43456e-16	1.43456e-16
405.351	2.07044e-14	1.4505e-16	1.44447e-16	1.75726e-19	1.59068e-18	3.6739e-18	6.38436e-18	8.37986e-18	1.16444e-17	1.60074e-17	2.0794e-17	2.53553e-17	2.96936e-17	3.57581e-17	4.19411e-17	4.71524e-17	5.15332e-17	5.64374e-17	6.23241e-17	6.63628e-17	6.9296e-17	7.12802e-17	7.42651e-17	7.71241e-17	8.03405e-17	8.26442e-17	8.60237e-17	8.93549e-17	9.19114e-17	9.46302e-17	9.76953e-17	1.00246e-16	1.02524e-16	1.052e-16	1.08047e-16	1.10106e-16	1.12572e-16	1.14577e-16	1.16832e-16	1.18659e-16	1.20752e-16	1.21988e-16	1.23918e-16	1.2556e-16	1.26803e-16	1.28353e-16	1.29616e-16	1.3079e-16	1.31911e-16	1.33126e-16	1.34053e-16	1.34933e-16	1.35794e-16	1.36494e-16	1.37356e-16	1.37941e-16	1.38614e-16	1.39193e-16	1.39704e-16	1.40109e-16	1.40548e-16	1.40973e-16	1.41328e-16	1.41636e-16	1.41994e-16	1.42164e-16	1.42557e-16	1.42751e-16	1.42965e-16	1.43176e-16	1.43379e-16	1.43478e-16	1.4368e-16	1.43816e-16	1.43889e-16	1.43983e-16	1.44079e-16	1.4416e-16	1.44191e-16	1.44243e-16	1.44277e-16	1.44311e-16	1.44359e-16	1.44379e-16	1.44399e-16	1.44417e-16	1.44426e-16	1.44447e-16	1.44447e-16	1.44447e-16	1.44447e-16	1.44447e-16	1.44447e-16
408.361	2.07044e-14	1.45868e-16	1.45279e-16	1.76499e-19	1.59317e-18	3.68052e-18	6.39991e-18	8.40392e-18	1.16773e-17	1.60624e-17	2.08782e-17	2.54702e-17	2.98403e-17	3.59676e-17	4.22232e-17	4.75019e-17	5.1947e-17	5.69383e-17	6.29351e-17	6.70504e-17	7.00481e-17	7.20803e-17	7.51366e-17	7.80602e-17	8.13345e-17	8.36724e-17	8.70986e-17	9.04689e-17	9.30489e-17	9.5787e-17	9.88725e-17	1.01431e-16	1.03716e-16	1.06397e-16	1.09253e-16	1.11313e-16	1.13777e-16	1.15776e-16	1.18021e-16	1.19841e-16	1.21924e-16	1.23156e-16	1.25077e-16	1.26709e-16	1.2794e-16	1.29475e-16	1.30723e-16	1.31884e-16	1.32993e-16	1.34194e-16	1.35108e-16	1.35976e-16	1.36822e-16	1.37512e-16	1.38361e-16	1.38936e-16	1.39596e-16	1.40164e-16	1.40664e-16	1.4106e-16	1.41488e-16	1.41903e-16	1.4225e-16	1.4255e-16	1.42899e-16	1.43064e-16	1.43447e-16	1.43636e-16	1.43844e-16	1.44049e-16	1.44246e-16	1.44342e-16	1.44538e-16	1.44669e-16	1.44741e-16	1.44831e-16	1.44924e-16	1.45002e-16	1.45033e-16	1.45083e-16	1.45115e-16	1.45148e-16	1.45194e-16	1.45214e-16	1.45232e-16	1.4525e-16	1.45259e-16	1.45279e-16	1.45279e-16	1.45279e-16	1.45279e-16	1.45279e-16	1.45279e-16
411.371	2.07044e-14	1.46498e-16	1.45921e-16	1.77241e-19	1.59431e-18	3.68392e-18	6.41048e-18	8.42112e-18	1.16995e-17	1.61025e-17	2.0942e-17	2.55577e-17	2.99532e-17	3.61348e-17	4.2451e-17	4.77853e-17	5.22843e-17	5.7351e-17	6.34384e-17	6.7616e-17	7.06667e-17	7.27406e-17	7.58597e-17	7.8842e-17	8.21665e-17	8.4535e-17	8.7999e-17	9.1403e-17	9.40004e-17	9.67535e-17	9.98536e-17	1.02418e-16	1.04656e-16	1.07387e-16	1.10248e-16	1.12308e-16	1.14769e-16	1.1676e-16	1.18994e-16	1.20805e-16	1.22878e-16	1.24104e-16	1.26017e-16	1.27639e-16	1.28861e-16	1.3038e-16	1.31613e-16	1.32732e-16	1.33857e-16	1.35046e-16	1.35951e-16	1.36807e-16	1.37641e-16	1.38321e-16	1.39157e-16	1.39722e-16	1.40371e-16	1.40929e-16	1.41419e-16	1.41807e-16	1.42226e-16	1.42634e-16	1.42972e-16	1.43265e-16	1.43606e-16	1.43767e-16	1.44141e-16	1.44325e-16	1.44528e-16	1.44728e-16	1.4492e-16	1.45012e-16	1.45203e-16	1.45331e-16	1.454e-16	1.45488e-16	1.45578e-16	1.45654e-16	1.45684e-16	1.45732e-16	1.45763e-16	1.45796e-16	1.45839e-16	1.45858e-16	1.45876e-16	1.45893e-16	1.45902e-16	1.45921e-16	1.45921e-16	1.45921e-16	1.45921e-16	1.45921e-16	1.45921e-16
414.381	2.07044e-14	1.4692e-16	1.46356e-16	1.77846e-19	1.59346e-18	3.68258e-18	6.41332e-18	8.42776e-18	1.1706e-17	1.61209e-17	2.09767e-17	2.56072e-17	3.002e-17	3.62444e-17	4.26074e-17	4.79834e-17	5.25244e-17	5.76528e-17	6.38098e-17	6.80345e-17	7.11269e-17	7.32372e-17	7.64111e-17	7.94462e-17	8.28141e-17	8.52097e-17	8.87038e-17	9.21362e-17	9.47451e-17	9.75095e-17	1.00618e-16	1.03187e-16	1.05426e-16	1.08152e-16	1.11015e-16	1.13071e-16	1.15528e-16	1.17509e-16	1.19733e-16	1.21536e-16	1.23595e-16	1.24816e-16	1.2672e-16	1.28333e-16	1.29547e-16	1.3105e-16	1.3227e-16	1.33404e-16	1.34488e-16	1.35665e-16	1.36562e-16	1.37409e-16	1.38232e-16	1.38903e-16	1.39727e-16	1.40283e-16	1.40922e-16	1.41471e-16	1.41952e-16	1.42334e-16	1.42745e-16	1.43145e-16	1.43476e-16	1.43763e-16	1.44097e-16	1.44255e-16	1.44621e-16	1.44801e-16	1.44999e-16	1.45195e-16	1.45382e-16	1.45473e-16	1.45658e-16	1.45783e-16	1.4585e-16	1.45936e-16	1.46024e-16	1.46098e-16	1.46126e-16	1.46173e-16	1.46203e-16	1.46235e-16	1.46277e-16	1.46296e-16	1.46313e-16	1.46329e-16	1.46337e-16	1.46356e-16	1.46356e-16	1.46356e-16	1.46356e-16	1.46356e-16	1.46356e-16
417.391	2.07044e-14	1.47128e-16	1.46576e-16	1.78229e-19	1.59021e-18	3.67548e-18	6.40649e-18	8.42125e-18	1.16937e-17	1.61127e-17	2.09764e-17	2.56117e-17	3.00327e-17	3.62864e-17	4.26809e-17	4.80835e-17	5.26538e-17	5.78295e-17	6.40347e-17	6.82905e-17	7.14142e-17	7.35561e-17	7.67783e-17	7.98602e-17	8.32652e-17	8.56846e-17	8.92023e-17	9.26577e-17	9.52735e-17	9.80456e-17	1.01157e-16	1.0373e-16	1.05966e-16	1.08686e-16	1.11546e-16	1.13597e-16	1.16048e-16	1.18018e-16	1.20232e-16	1.22025e-16	1.24071e-16	1.25285e-16	1.27178e-16	1.28783e-16	1.2999e-16	1.3148e-16	1.32686e-16	1.33798e-16	1.3488e-16	1.36046e-16	1.36934e-16	1.37774e-16	1.38588e-16	1.39252e-16	1.40065e-16	1.40613e-16	1.41244e-16	1.41783e-16	1.42256e-16	1.42633e-16	1.43037e-16	1.43431e-16	1.43756e-16	1.44039e-16	1.44366e-16	1.44522e-16	1.44879e-16	1.45056e-16	1.4525e-16	1.45443e-16	1.45626e-16	1.45715e-16	1.45896e-16	1.46018e-16	1.46084e-16	1.46167e-16	1.46253e-16	1.46325e-16	1.46353e-16	1.46399e-16	1.46428e-16	1.46458e-16	1.465e-16	1.46518e-16	1.46535e-16	1.46551e-16	1.46558e-16	1.46576e-16	1.46576e-16	1.46576e-16	1.46576e-16	1.46576e-16	1.46576e-16
420.401	2.07044e-14	1.47123e-16	1.46583e-16	1.78321e-19	1.58433e-18	3.66209e-18	6.38881e-18	8.39994e-18	1.16607e-17	1.60751e-17	2.09373e-17	2.5567e-17	2.99867e-17	3.62549e-17	4.26652e-17	4.80791e-17	5.26654e-17	5.78733e-17	6.41057e-17	6.83766e-17	7.15223e-17	7.36915e-17	7.69572e-17	8.00801e-17	8.35168e-17	8.59567e-17	8.94925e-17	9.29658e-17	9.55848e-17	9.83612e-17	1.0147e-16	1.04045e-16	1.06278e-16	1.0899e-16	1.11842e-16	1.13887e-16	1.1633e-16	1.18288e-16	1.20492e-16	1.22275e-16	1.2431e-16	1.25516e-16	1.27395e-16	1.28993e-16	1.30193e-16	1.3167e-16	1.32866e-16	1.33975e-16	1.35036e-16	1.36192e-16	1.37072e-16	1.37904e-16	1.38712e-16	1.3937e-16	1.40173e-16	1.40714e-16	1.41336e-16	1.41868e-16	1.42334e-16	1.42705e-16	1.43104e-16	1.43492e-16	1.43813e-16	1.44092e-16	1.44414e-16	1.44567e-16	1.44918e-16	1.45092e-16	1.45283e-16	1.45473e-16	1.45653e-16	1.4574e-16	1.45918e-16	1.46037e-16	1.46102e-16	1.46184e-16	1.46267e-16	1.46337e-16	1.46365e-16	1.46409e-16	1.46438e-16	1.46467e-16	1.46508e-16	1.46526e-16	1.46542e-16	1.46558e-16	1.46565e-16	1.46583e-16	1.46583e-16	1.46583e-16	1.46583e-16	1.46583e-16	1.46583e-16
423.411	2.07044e-14	1.46911e-16	1.46382e-16	1.7807e-19	1.57571e-18	3.6422e-18	6.35966e-18	8.36303e-18	1.16063e-17	1.60071e-17	2.08579e-17	2.54719e-17	2.98804e-17	3.61478e-17	4.25582e-17	4.7968e-17	5.25575e-17	5.77824e-17	6.40222e-17	6.82924e-17	7.14515e-17	7.36446e-17	7.69504e-17	8.01091e-17	8.35725e-17	8.60293e-17	8.95794e-17	9.30654e-17	9.5685e-17	9.84623e-17	1.01564e-16	1.0414e-16	1.06366e-16	1.09071e-16	1.11911e-16	1.13949e-16	1.16382e-16	1.18328e-16	1.20522e-16	1.22294e-16	1.2432e-16	1.25518e-16	1.27382e-16	1.28972e-16	1.30164e-16	1.31631e-16	1.32817e-16	1.33914e-16	1.34965e-16	1.36111e-16	1.36983e-16	1.37809e-16	1.38611e-16	1.39264e-16	1.4006e-16	1.40595e-16	1.4121e-16	1.41734e-16	1.42194e-16	1.4256e-16	1.42954e-16	1.43337e-16	1.43654e-16	1.4393e-16	1.44248e-16	1.44399e-16	1.44745e-16	1.44917e-16	1.45105e-16	1.45291e-16	1.45469e-16	1.45554e-16	1.45731e-16	1.45848e-16	1.45911e-16	1.45992e-16	1.46073e-16	1.46142e-16	1.46169e-16	1.46213e-16	1.46241e-16	1.4627e-16	1.4631e-16	1.46327e-16	1.46343e-16	1.46358e-16	1.46365e-16	1.46382e-16	1.46382e-16	1.46382e-16	1.46382e-16	1.46382e-16	1.46382e-16
426.421	2.07044e-14	1.46505e-16	1.45987e-16	1.7744e-19	1.56439e-18	3.61591e-18	6.31895e-18	8.31035e-18	1.15307e-17	1.59086e-17	2.07381e-17	2.53267e-17	2.97147e-17	3.59658e-17	4.2361e-17	4.77522e-17	5.23323e-17	5.75593e-17	6.37879e-17	6.80427e-17	7.12079e-17	7.34218e-17	7.67657e-17	7.99553e-17	8.34413e-17	8.59111e-17	8.94726e-17	9.29664e-17	9.55852e-17	9.83599e-17	1.01453e-16	1.04026e-16	1.06244e-16	1.08942e-16	1.11768e-16	1.13799e-16	1.16218e-16	1.18152e-16	1.20334e-16	1.22096e-16	1.24114e-16	1.25304e-16	1.27154e-16	1.28733e-16	1.29917e-16	1.31376e-16	1.32552e-16	1.3363e-16	1.34683e-16	1.35819e-16	1.36684e-16	1.37504e-16	1.38299e-16	1.38947e-16	1.39737e-16	1.40268e-16	1.40877e-16	1.41394e-16	1.41849e-16	1.4221e-16	1.426e-16	1.42979e-16	1.43293e-16	1.43567e-16	1.43881e-16	1.44031e-16	1.44373e-16	1.44543e-16	1.44728e-16	1.44912e-16	1.45087e-16	1.45171e-16	1.45346e-16	1.45462e-16	1.45524e-16	1.45604e-16	1.45684e-16	1.45751e-16	1.45778e-16	1.45821e-16	1.45849e-16	1.45877e-16	1.45916e-16	1.45933e-16	1.45949e-16	1.45963e-16	1.45971e-16	1.45987e-16	1.45987e-16	1.45987e-16	1.45987e-16	1.45987e-16	1.45987e-16
429.431	2.07044e-14	1.4592e-16	1.45412e-16	1.76405e-19	1.55046e-18	3.58354e-18	6.26697e-18	8.24227e-18	1.14346e-17	1.57809e-17	2.05791e-17	2.51335e-17	2.94918e-17	3.5712e-17	4.2077e-17	4.74361e-17	5.19952e-17	5.72098e-17	6.34103e-17	6.76361e-17	7.08009e-17	7.30332e-17	7.64139e-17	7.96305e-17	8.31353e-17	8.56144e-17	8.91853e-17	9.26825e-17	9.52992e-17	9.8068e-17	1.01151e-16	1.03717e-16	1.05977e-16	1.08618e-16	1.11429e-16	1.13451e-16	1.15854e-16	1.17777e-16	1.19945e-16	1.21698e-16	1.23708e-16	1.2489e-16	1.26729e-16	1.28295e-16	1.2947e-16	1.3092e-16	1.32088e-16	1.33157e-16	1.34203e-16	1.35331e-16	1.3619e-16	1.37004e-16	1.37792e-16	1.38436e-16	1.39222e-16	1.39749e-16	1.40352e-16	1.40865e-16	1.41315e-16	1.41672e-16	1.42058e-16	1.42433e-16	1.42744e-16	1.43016e-16	1.43328e-16	1.43476e-16	1.43816e-16	1.43984e-16	1.44167e-16	1.44349e-16	1.44523e-16	1.44606e-16	1.44779e-16	1.44893e-16	1.44955e-16	1.45034e-16	1.45113e-16	1.4518e-16	1.45206e-16	1.45249e-16	1.45276e-16	1.45304e-16	1.45342e-16	1.45359e-16	1.45374e-16	1.45389e-16	1.45396e-16	1.45412e-16	1.45412e-16	1.45412e-16	1.45412e-16	1.45412e-16	1.45412e-16
432.441	2.07044e-14	1.45172e-16	1.44673e-16	1.74957e-19	1.53408e-18	3.54554e-18	6.20425e-18	8.15952e-18	1.13194e-17	1.56256e-17	2.03829e-17	2.48952e-17	2.92154e-17	3.53909e-17	4.17114e-17	4.70262e-17	5.15536e-17	5.67423e-17	6.28991e-17	6.70839e-17	7.02428e-17	7.24916e-17	7.59081e-17	7.91485e-17	8.2669e-17	8.51538e-17	8.87322e-17	9.22291e-17	9.4843e-17	9.76027e-17	1.00675e-16	1.03232e-16	1.05482e-16	1.08114e-16	1.10911e-16	1.12924e-16	1.1531e-16	1.17222e-16	1.19374e-16	1.21118e-16	1.2312e-16	1.24295e-16	1.26123e-16	1.27677e-16	1.28843e-16	1.30284e-16	1.31442e-16	1.32513e-16	1.33544e-16	1.34665e-16	1.3552e-16	1.36329e-16	1.37111e-16	1.3775e-16	1.3853e-16	1.39054e-16	1.39654e-16	1.40164e-16	1.40609e-16	1.40963e-16	1.41346e-16	1.41718e-16	1.42026e-16	1.42296e-16	1.42606e-16	1.42753e-16	1.43091e-16	1.43258e-16	1.4344e-16	1.4362e-16	1.43793e-16	1.43875e-16	1.44047e-16	1.4416e-16	1.44221e-16	1.44299e-16	1.44378e-16	1.44444e-16	1.4447e-16	1.44513e-16	1.44539e-16	1.44566e-16	1.44604e-16	1.44621e-16	1.44636e-16	1.4465e-16	1.44657e-16	1.44673e-16	1.44673e-16	1.44673e-16	1.44673e-16	1.44673e-16	1.44673e-16
435.452	2.07044e-14	1.44278e-16	1.43788e-16	1.73095e-19	1.51544e-18	3.50245e-18	6.13156e-18	8.06314e-18	1.11865e-17	1.5445e-17	2.01523e-17	2.46155e-17	2.88898e-17	3.50079e-17	4.12707e-17	4.65302e-17	5.10163e-17	5.61666e-17	6.22655e-17	6.6399e-17	6.95475e-17	7.18111e-17	7.52624e-17	7.85246e-17	8.20579e-17	8.45454e-17	8.81294e-17	9.16233e-17	9.42331e-17	9.69815e-17	1.00044e-16	1.02589e-16	1.04779e-16	1.0745e-16	1.10232e-16	1.12235e-16	1.14605e-16	1.16505e-16	1.18641e-16	1.20375e-16	1.22368e-16	1.23537e-16	1.25357e-16	1.26897e-16	1.28055e-16	1.29486e-16	1.30635e-16	1.31673e-16	1.32724e-16	1.3384e-16	1.34693e-16	1.35496e-16	1.36273e-16	1.36908e-16	1.37682e-16	1.38203e-16	1.388e-16	1.39307e-16	1.3975e-16	1.401e-16	1.40481e-16	1.4085e-16	1.41156e-16	1.41424e-16	1.41733e-16	1.4188e-16	1.42216e-16	1.42382e-16	1.42563e-16	1.42743e-16	1.42914e-16	1.42996e-16	1.43166e-16	1.43278e-16	1.43339e-16	1.43416e-16	1.43496e-16	1.43561e-16	1.43587e-16	1.43629e-16	1.43656e-16	1.43682e-16	1.4372e-16	1.43736e-16	1.43752e-16	1.43766e-16	1.43773e-16	1.43788e-16	1.43788e-16	1.43788e-16	1.43788e-16	1.43788e-16	1.43788e-16
438.462	2.07044e-14	1.43255e-16	1.42775e-16	1.70831e-19	1.49475e-18	3.45484e-18	6.04978e-18	7.95433e-18	1.10375e-17	1.52418e-17	1.98902e-17	2.42982e-17	2.85196e-17	3.45693e-17	4.07619e-17	4.59566e-17	5.0393e-17	5.54936e-17	6.15213e-17	6.5595e-17	6.87295e-17	7.1007e-17	7.44917e-17	7.77741e-17	8.13178e-17	8.38056e-17	8.73931e-17	9.0882e-17	9.34864e-17	9.62218e-17	9.92738e-17	1.01806e-16	1.03985e-16	1.06642e-16	1.09412e-16	1.11404e-16	1.13757e-16	1.15645e-16	1.17764e-16	1.19489e-16	1.21471e-16	1.22635e-16	1.24447e-16	1.25976e-16	1.27126e-16	1.28546e-16	1.29686e-16	1.30745e-16	1.31763e-16	1.32874e-16	1.33725e-16	1.34525e-16	1.35298e-16	1.35929e-16	1.36696e-16	1.37214e-16	1.37809e-16	1.38314e-16	1.38754e-16	1.39103e-16	1.39482e-16	1.39848e-16	1.40153e-16	1.4042e-16	1.40728e-16	1.40873e-16	1.41208e-16	1.41374e-16	1.41555e-16	1.41733e-16	1.41904e-16	1.41986e-16	1.42155e-16	1.42267e-16	1.42327e-16	1.42404e-16	1.42484e-16	1.42548e-16	1.42574e-16	1.42616e-16	1.42643e-16	1.42669e-16	1.42706e-16	1.42723e-16	1.42738e-16	1.42752e-16	1.42759e-16	1.42775e-16	1.42775e-16	1.42775e-16	1.42775e-16	1.42775e-16	1.42775e-16
441.472	2.07044e-14	1.42121e-16	1.41649e-16	1.68188e-19	1.47221e-18	3.40329e-18	5.95988e-18	7.83445e-18	1.08744e-17	1.50185e-17	1.96e-17	2.39476e-17	2.81098e-17	3.40816e-17	4.01924e-17	4.5314e-17	4.96934e-17	5.47344e-17	6.0679e-17	6.46862e-17	6.78038e-17	7.00946e-17	7.36109e-17	7.69126e-17	8.04646e-17	8.29511e-17	8.65395e-17	9.00225e-17	9.26198e-17	9.53411e-17	9.8382e-17	1.009e-16	1.0307e-16	1.0571e-16	1.08467e-16	1.10447e-16	1.12786e-16	1.1466e-16	1.16763e-16	1.18479e-16	1.20448e-16	1.21608e-16	1.23411e-16	1.2493e-16	1.26074e-16	1.27482e-16	1.28613e-16	1.2964e-16	1.30678e-16	1.31786e-16	1.32635e-16	1.33432e-16	1.34204e-16	1.34831e-16	1.35592e-16	1.36107e-16	1.36699e-16	1.37201e-16	1.3764e-16	1.37988e-16	1.38366e-16	1.38729e-16	1.39034e-16	1.39301e-16	1.39607e-16	1.39752e-16	1.40086e-16	1.40251e-16	1.40432e-16	1.4061e-16	1.4078e-16	1.40862e-16	1.4103e-16	1.41142e-16	1.41202e-16	1.41279e-16	1.41358e-16	1.41423e-16	1.41448e-16	1.4149e-16	1.41517e-16	1.41543e-16	1.4158e-16	1.41597e-16	1.41612e-16	1.41626e-16	1.41633e-16	1.41649e-16	1.41649e-16	1.41649e-16	1.41649e-16	1.41649e-16	1.41649e-16
444.482	2.07044e-14	1.40891e-16	1.40427e-16	1.65196e-19	1.44805e-18	3.34836e-18	5.86285e-18	7.7049e-18	1.06986e-17	1.47778e-17	1.92852e-17	2.35679e-17	2.76652e-17	3.3551e-17	3.95701e-17	4.46114e-17	4.89275e-17	5.39005e-17	5.9751e-17	6.36863e-17	6.6785e-17	6.90889e-17	7.26347e-17	7.59549e-17	7.95136e-17	8.19979e-17	8.55844e-17	8.9061e-17	9.16494e-17	9.43565e-17	9.73849e-17	9.98907e-17	1.021e-16	1.04672e-16	1.07414e-16	1.09382e-16	1.11708e-16	1.13568e-16	1.15657e-16	1.17362e-16	1.19319e-16	1.20474e-16	1.22267e-16	1.23779e-16	1.24916e-16	1.26313e-16	1.27437e-16	1.28475e-16	1.29489e-16	1.30593e-16	1.31439e-16	1.32235e-16	1.33007e-16	1.3363e-16	1.34386e-16	1.34899e-16	1.35486e-16	1.35986e-16	1.36425e-16	1.36773e-16	1.37149e-16	1.37511e-16	1.37816e-16	1.38082e-16	1.38388e-16	1.38532e-16	1.38866e-16	1.39031e-16	1.39212e-16	1.39388e-16	1.39559e-16	1.39641e-16	1.39809e-16	1.39921e-16	1.39981e-16	1.40057e-16	1.40136e-16	1.40201e-16	1.40226e-16	1.40268e-16	1.40294e-16	1.40322e-16	1.40359e-16	1.40375e-16	1.4039e-16	1.40404e-16	1.40411e-16	1.40427e-16	1.40427e-16	1.40427e-16	1.40427e-16	1.40427e-16	1.40427e-16
447.492	2.07044e-14	1.39582e-16	1.39125e-16	1.61895e-19	1.42248e-18	3.2906e-18	5.75973e-18	7.56714e-18	1.0512e-17	1.45225e-17	1.89494e-17	2.31631e-17	2.71908e-17	3.29842e-17	3.89025e-17	4.38573e-17	4.8105e-17	5.30031e-17	5.87495e-17	6.2609e-17	6.56875e-17	6.80047e-17	7.15779e-17	7.49158e-17	7.84795e-17	8.09614e-17	8.45434e-17	8.80135e-17	9.05913e-17	9.32844e-17	9.62983e-17	9.87927e-17	1.00943e-16	1.03545e-16	1.06272e-16	1.08226e-16	1.1054e-16	1.12386e-16	1.14461e-16	1.16156e-16	1.18102e-16	1.1925e-16	1.21032e-16	1.22537e-16	1.23667e-16	1.25055e-16	1.26173e-16	1.27214e-16	1.28213e-16	1.29313e-16	1.30156e-16	1.30951e-16	1.31722e-16	1.32343e-16	1.33096e-16	1.33606e-16	1.3419e-16	1.34687e-16	1.35126e-16	1.35472e-16	1.35848e-16	1.3621e-16	1.36515e-16	1.3678e-16	1.37086e-16	1.3723e-16	1.37565e-16	1.37729e-16	1.3791e-16	1.38086e-16	1.38256e-16	1.38338e-16	1.38506e-16	1.38619e-16	1.38679e-16	1.38755e-16	1.38834e-16	1.38899e-16	1.38924e-16	1.38966e-16	1.38992e-16	1.3902e-16	1.39057e-16	1.39073e-16	1.39088e-16	1.39102e-16	1.39109e-16	1.39125e-16	1.39125e-16	1.39125e-16	1.39125e-16	1.39125e-16	1.39125e-16
450.502	2.07044e-14	1.38209e-16	1.37758e-16	1.58331e-19	1.39573e-18	3.2305e-18	5.65153e-18	7.42262e-18	1.03163e-17	1.4255e-17	1.85961e-17	2.27374e-17	2.66914e-17	3.23871e-17	3.81971e-17	4.30604e-17	4.72355e-17	5.20529e-17	5.76866e-17	6.14676e-17	6.45251e-17	6.68559e-17	7.04546e-17	7.38091e-17	7.73767e-17	7.98564e-17	8.34312e-17	8.68948e-17	8.94608e-17	9.21403e-17	9.51377e-17	9.7622e-17	9.97623e-17	1.02345e-16	1.05054e-16	1.06995e-16	1.09297e-16	1.11129e-16	1.13193e-16	1.14876e-16	1.16812e-16	1.17954e-16	1.19725e-16	1.21221e-16	1.22345e-16	1.23726e-16	1.24838e-16	1.25872e-16	1.26867e-16	1.27962e-16	1.28801e-16	1.29596e-16	1.30366e-16	1.30986e-16	1.31737e-16	1.32245e-16	1.32824e-16	1.3332e-16	1.33758e-16	1.34103e-16	1.34478e-16	1.34841e-16	1.35146e-16	1.35411e-16	1.35717e-16	1.35862e-16	1.36198e-16	1.36362e-16	1.36542e-16	1.36718e-16	1.36888e-16	1.36971e-16	1.37138e-16	1.3725e-16	1.37311e-16	1.37387e-16	1.37466e-16	1.37532e-16	1.37557e-16	1.37599e-16	1.37625e-16	1.37653e-16	1.3769e-16	1.37706e-16	1.37721e-16	1.37735e-16	1.37742e-16	1.37758e-16	1.37758e-16	1.37758e-16	1.37758e-16	1.37758e-16	1.37758e-16
453.512	2.07044e-14	1.36786e-16	1.36341e-16	1.54556e-19	1.368e-18	3.16852e-18	5.53926e-18	7.27277e-18	1.01132e-17	1.39777e-17	1.82289e-17	2.22947e-17	2.61716e-17	3.17657e-17	3.74612e-17	4.22289e-17	4.6328e-17	5.10603e-17	5.65741e-17	6.02746e-17	6.3311e-17	6.56557e-17	6.92785e-17	7.26486e-17	7.62188e-17	7.86966e-17	8.22624e-17	8.57192e-17	8.82726e-17	9.09392e-17	9.39181e-17	9.63933e-17	9.85228e-17	1.01088e-16	1.03778e-16	1.05706e-16	1.07996e-16	1.09815e-16	1.11867e-16	1.13538e-16	1.15466e-16	1.16601e-16	1.1836e-16	1.19847e-16	1.20963e-16	1.22339e-16	1.23446e-16	1.24475e-16	1.25466e-16	1.26556e-16	1.27392e-16	1.28185e-16	1.28954e-16	1.29573e-16	1.30324e-16	1.3083e-16	1.31406e-16	1.319e-16	1.32336e-16	1.32681e-16	1.33056e-16	1.33419e-16	1.33725e-16	1.33989e-16	1.34297e-16	1.34442e-16	1.34779e-16	1.34943e-16	1.35123e-16	1.353e-16	1.3547e-16	1.35552e-16	1.35719e-16	1.35831e-16	1.35892e-16	1.35969e-16	1.36048e-16	1.36114e-16	1.3614e-16	1.36181e-16	1.36208e-16	1.36236e-16	1.36273e-16	1.36289e-16	1.36304e-16	1.36318e-16	1.36325e-16	1.36341e-16	1.36341e-16	1.36341e-16	1.36341e-16	1.36341e-16	1.36341e-16
456.522	2.07044e-14	1.35327e-16	1.34889e-16	1.50624e-19	1.3395e-18	3.10508e-18	5.42388e-18	7.11898e-18	9.90414e-18	1.3693e-17	1.78511e-17	2.18388e-17	2.5636e-17	3.11256e-17	3.6702e-17	4.13706e-17	4.53913e-17	5.00353e-17	5.54234e-17	5.90422e-17	6.20575e-17	6.44169e-17	6.80628e-17	7.1447e-17	7.50189e-17	7.74951e-17	8.10505e-17	8.45e-17	8.70408e-17	8.96948e-17	9.26541e-17	9.51206e-17	9.72385e-17	9.97892e-17	1.02457e-16	1.04374e-16	1.06649e-16	1.08456e-16	1.10497e-16	1.12157e-16	1.14077e-16	1.15205e-16	1.16954e-16	1.18431e-16	1.19539e-16	1.20909e-16	1.22013e-16	1.23037e-16	1.24025e-16	1.25109e-16	1.25943e-16	1.26735e-16	1.27501e-16	1.28119e-16	1.2887e-16	1.29374e-16	1.29949e-16	1.30443e-16	1.30877e-16	1.31221e-16	1.31595e-16	1.31959e-16	1.32265e-16	1.32529e-16	1.32838e-16	1.32984e-16	1.33322e-16	1.33486e-16	1.33668e-16	1.33845e-16	1.34016e-16	1.34098e-16	1.34264e-16	1.34376e-16	1.34438e-16	1.34514e-16	1.34594e-16	1.3466e-16	1.34686e-16	1.34728e-16	1.34754e-16	1.34782e-16	1.3482e-16	1.34836e-16	1.34851e-16	1.34866e-16	1.34873e-16	1.34889e-16	1.34889e-16	1.34889e-16	1.34889e-16	1.34889e-16	1.34889e-16
459.532	2.07044e-14	1.33846e-16	1.33413e-16	1.46592e-19	1.31044e-18	3.04058e-18	5.30634e-18	6.96257e-18	9.69085e-18	1.34029e-17	1.74659e-17	2.13733e-17	2.50892e-17	3.04722e-17	3.59261e-17	4.04933e-17	4.44339e-17	4.89872e-17	5.42452e-17	5.7782e-17	6.07767e-17	6.3151e-17	6.68201e-17	7.0217e-17	7.37893e-17	7.62641e-17	7.98088e-17	8.32502e-17	8.57787e-17	8.84204e-17	9.13597e-17	9.38171e-17	9.59227e-17	9.84609e-17	1.01107e-16	1.03012e-16	1.05272e-16	1.07069e-16	1.09098e-16	1.10747e-16	1.1266e-16	1.1378e-16	1.15521e-16	1.16986e-16	1.18086e-16	1.19451e-16	1.2055e-16	1.21572e-16	1.22557e-16	1.23636e-16	1.24469e-16	1.25258e-16	1.26023e-16	1.26639e-16	1.27389e-16	1.27892e-16	1.28466e-16	1.2896e-16	1.29393e-16	1.29736e-16	1.3011e-16	1.30475e-16	1.30781e-16	1.31045e-16	1.31356e-16	1.31502e-16	1.31841e-16	1.32006e-16	1.32188e-16	1.32368e-16	1.32538e-16	1.3262e-16	1.32787e-16	1.32899e-16	1.32961e-16	1.33038e-16	1.33117e-16	1.33183e-16	1.33209e-16	1.33251e-16	1.33278e-16	1.33306e-16	1.33344e-16	1.33361e-16	1.33376e-16	1.33391e-16	1.33397e-16	1.33413e-16	1.33413e-16	1.33413e-16	1.33413e-16	1.33413e-16	1.33413e-16
462.542	2.07044e-14	1.32355e-16	1.31928e-16	1.42518e-19	1.28104e-18	2.97538e-18	5.1875e-18	6.8048e-18	9.47485e-18	1.31095e-17	1.70766e-17	2.09017e-17	2.45353e-17	2.98104e-17	3.51399e-17	3.96041e-17	4.34634e-17	4.79246e-17	5.305e-17	5.65048e-17	5.94796e-17	6.18692e-17	6.55618e-17	6.89701e-17	7.25421e-17	7.50152e-17	7.85495e-17	8.19818e-17	8.44989e-17	8.71282e-17	9.00482e-17	9.24954e-17	9.45884e-17	9.71157e-17	9.97402e-17	1.01634e-16	1.03878e-16	1.05666e-16	1.07682e-16	1.09321e-16	1.11226e-16	1.1234e-16	1.14074e-16	1.15527e-16	1.16619e-16	1.17977e-16	1.19072e-16	1.20084e-16	1.21075e-16	1.22151e-16	1.22983e-16	1.23769e-16	1.24532e-16	1.25147e-16	1.25895e-16	1.26397e-16	1.26971e-16	1.27464e-16	1.27897e-16	1.28241e-16	1.28615e-16	1.2898e-16	1.29286e-16	1.29551e-16	1.29863e-16	1.3001e-16	1.30349e-16	1.30515e-16	1.30699e-16	1.30879e-16	1.3105e-16	1.31132e-16	1.313e-16	1.31412e-16	1.31474e-16	1.31551e-16	1.3163e-16	1.31696e-16	1.31722e-16	1.31765e-16	1.31792e-16	1.3182e-16	1.31859e-16	1.31876e-16	1.31891e-16	1.31905e-16	1.31912e-16	1.31928e-16	1.31928e-16	1.31928e-16	1.31928e-16	1.31928e-16	1.31928e-16
465.552	2.07044e-14	1.30867e-16	1.30445e-16	1.38456e-19	1.25149e-18	2.90982e-18	5.0682e-18	6.64682e-18	9.25763e-18	1.28145e-17	1.66859e-17	2.04274e-17	2.39784e-17	2.91451e-17	3.43492e-17	3.87097e-17	4.24875e-17	4.68557e-17	5.18474e-17	5.52207e-17	5.81766e-17	6.05818e-17	6.42988e-17	6.77174e-17	7.12884e-17	7.37591e-17	7.7284e-17	8.07064e-17	8.32129e-17	8.58296e-17	8.87317e-17	9.11675e-17	9.32958e-17	9.57651e-17	9.83692e-17	1.00252e-16	1.02479e-16	1.0426e-16	1.06262e-16	1.07892e-16	1.09788e-16	1.10896e-16	1.12624e-16	1.14066e-16	1.15151e-16	1.16501e-16	1.17591e-16	1.18612e-16	1.19591e-16	1.20666e-16	1.21496e-16	1.2228e-16	1.23041e-16	1.23655e-16	1.244e-16	1.24901e-16	1.25475e-16	1.25968e-16	1.26401e-16	1.26747e-16	1.27121e-16	1.27486e-16	1.27793e-16	1.28059e-16	1.28371e-16	1.28518e-16	1.28858e-16	1.29026e-16	1.2921e-16	1.29392e-16	1.29563e-16	1.29646e-16	1.29815e-16	1.29928e-16	1.29989e-16	1.30067e-16	1.30145e-16	1.30211e-16	1.30238e-16	1.3028e-16	1.30307e-16	1.30336e-16	1.30375e-16	1.30392e-16	1.30408e-16	1.30422e-16	1.30429e-16	1.30445e-16	1.30445e-16	1.30445e-16	1.30445e-16	1.30445e-16	1.30445e-16
468.562	2.07044e-14	1.29393e-16	1.28975e-16	1.34458e-19	1.22199e-18	2.84421e-18	4.9492e-18	6.48968e-18	9.04062e-18	1.25198e-17	1.62965e-17	1.99534e-17	2.34224e-17	2.84804e-17	3.35597e-17	3.78164e-17	4.1513e-17	4.5788e-17	5.06464e-17	5.39394e-17	5.68776e-17	5.92985e-17	6.30409e-17	6.64691e-17	7.00385e-17	7.2506e-17	7.60227e-17	7.94345e-17	8.19315e-17	8.45353e-17	8.74214e-17	8.98444e-17	9.19126e-17	9.44196e-17	9.70051e-17	9.8877e-17	1.01087e-16	1.02861e-16	1.0485e-16	1.06472e-16	1.08357e-16	1.09461e-16	1.11184e-16	1.12616e-16	1.13695e-16	1.15034e-16	1.16119e-16	1.17114e-16	1.18116e-16	1.19191e-16	1.20019e-16	1.20801e-16	1.21563e-16	1.22175e-16	1.22917e-16	1.23417e-16	1.2399e-16	1.24483e-16	1.24916e-16	1.25264e-16	1.25638e-16	1.26005e-16	1.26312e-16	1.26579e-16	1.26891e-16	1.27039e-16	1.27379e-16	1.27549e-16	1.27733e-16	1.27916e-16	1.28089e-16	1.28172e-16	1.28343e-16	1.28456e-16	1.28518e-16	1.28596e-16	1.28674e-16	1.2874e-16	1.28767e-16	1.2881e-16	1.28837e-16	1.28865e-16	1.28905e-16	1.28922e-16	1.28937e-16	1.28952e-16	1.28959e-16	1.28975e-16	1.28975e-16	1.28975e-16	1.28975e-16	1.28975e-16	1.28975e-16
471.572	2.07044e-14	1.27941e-16	1.27529e-16	1.3057e-19	1.19272e-18	2.77884e-18	4.8312e-18	6.33432e-18	8.82519e-18	1.22269e-17	1.59108e-17	1.94828e-17	2.28707e-17	2.78205e-17	3.27762e-17	3.693e-17	4.05462e-17	4.47282e-17	4.94551e-17	5.26695e-17	5.55913e-17	5.8028e-17	6.17969e-17	6.52344e-17	6.88021e-17	7.12652e-17	7.4775e-17	7.8176e-17	8.06643e-17	8.32551e-17	8.61271e-17	8.85364e-17	9.06413e-17	9.30892e-17	9.56581e-17	9.75187e-17	9.97132e-17	1.0148e-16	1.03455e-16	1.05071e-16	1.06943e-16	1.08044e-16	1.09761e-16	1.11185e-16	1.12259e-16	1.13587e-16	1.14669e-16	1.15688e-16	1.16662e-16	1.17737e-16	1.18563e-16	1.19344e-16	1.20106e-16	1.20716e-16	1.21457e-16	1.21955e-16	1.22527e-16	1.23018e-16	1.23453e-16	1.23802e-16	1.24178e-16	1.24546e-16	1.24854e-16	1.25122e-16	1.25434e-16	1.25583e-16	1.25924e-16	1.26095e-16	1.2628e-16	1.26463e-16	1.26637e-16	1.26721e-16	1.26894e-16	1.27008e-16	1.27069e-16	1.27148e-16	1.27226e-16	1.27293e-16	1.2732e-16	1.27363e-16	1.2739e-16	1.27418e-16	1.27457e-16	1.27474e-16	1.2749e-16	1.27505e-16	1.27512e-16	1.27529e-16	1.27529e-16	1.27529e-16	1.27529e-16	1.27529e-16	1.27529e-16
474.582	2.07044e-14	1.26523e-16	1.26114e-16	1.26832e-19	1.16385e-18	2.714e-18	4.71481e-18	6.18157e-18	8.61257e-18	1.19373e-17	1.55309e-17	1.9018e-17	2.23268e-17	2.7169e-17	3.20032e-17	3.60558e-17	3.95929e-17	4.36827e-17	4.82809e-17	5.14187e-17	5.43258e-17	5.67783e-17	6.05746e-17	6.40215e-17	6.75874e-17	7.00453e-17	7.35493e-17	7.69397e-17	7.94201e-17	8.19976e-17	8.48573e-17	8.72526e-17	8.92994e-17	9.17828e-17	9.43367e-17	9.61859e-17	9.83669e-17	1.00125e-16	1.02089e-16	1.03697e-16	1.05557e-16	1.06655e-16	1.08365e-16	1.09784e-16	1.10852e-16	1.12171e-16	1.13248e-16	1.14239e-16	1.15238e-16	1.16312e-16	1.17136e-16	1.17918e-16	1.18678e-16	1.19287e-16	1.20028e-16	1.20525e-16	1.21095e-16	1.21585e-16	1.2202e-16	1.2237e-16	1.22747e-16	1.23118e-16	1.23428e-16	1.23697e-16	1.2401e-16	1.24159e-16	1.24502e-16	1.24672e-16	1.24857e-16	1.25042e-16	1.25217e-16	1.25301e-16	1.25476e-16	1.2559e-16	1.25652e-16	1.25732e-16	1.25811e-16	1.25878e-16	1.25905e-16	1.25948e-16	1.25975e-16	1.26003e-16	1.26042e-16	1.26059e-16	1.26075e-16	1.2609e-16	1.26097e-16	1.26114e-16	1.26114e-16	1.26114e-16	1.26114e-16	1.26114e-16	1.26114e-16
477.592	2.07044e-14	1.25144e-16	1.24739e-16	1.23278e-19	1.13555e-18	2.64994e-18	4.60057e-18	6.03211e-18	8.40389e-18	1.16523e-17	1.51585e-17	1.85615e-17	2.17933e-17	2.65292e-17	3.12445e-17	3.51982e-17	3.86582e-17	4.26569e-17	4.713e-17	5.01939e-17	5.3088e-17	5.55567e-17	5.93808e-17	6.28374e-17	6.64018e-17	6.88538e-17	7.23527e-17	7.57334e-17	7.82062e-17	8.07705e-17	8.36192e-17	8.60008e-17	8.80386e-17	9.05083e-17	9.30486e-17	9.4886e-17	9.70556e-17	9.8805e-17	1.00758e-16	1.02359e-16	1.04207e-16	1.05302e-16	1.07004e-16	1.08419e-16	1.09482e-16	1.10792e-16	1.11867e-16	1.12879e-16	1.13851e-16	1.14925e-16	1.15747e-16	1.16529e-16	1.17288e-16	1.17897e-16	1.18638e-16	1.19134e-16	1.19701e-16	1.20191e-16	1.20626e-16	1.20976e-16	1.21355e-16	1.21729e-16	1.2204e-16	1.2231e-16	1.22625e-16	1.22775e-16	1.23118e-16	1.23289e-16	1.23475e-16	1.2366e-16	1.23836e-16	1.23921e-16	1.24097e-16	1.24212e-16	1.24274e-16	1.24354e-16	1.24435e-16	1.24502e-16	1.24529e-16	1.24573e-16	1.24601e-16	1.24627e-16	1.24666e-16	1.24684e-16	1.247e-16	1.24715e-16	1.24723e-16	1.24739e-16	1.24739e-16	1.24739e-16	1.24739e-16	1.24739e-16	1.24739e-16
480.602	2.07044e-14	1.23811e-16	1.23411e-16	1.19934e-19	1.10794e-18	2.58689e-18	4.48895e-18	5.88654e-18	8.20016e-18	1.13731e-17	1.47952e-17	1.81153e-17	2.12728e-17	2.59039e-17	3.05036e-17	3.43613e-17	3.77463e-17	4.16556e-17	4.6008e-17	4.90011e-17	5.18842e-17	5.43691e-17	5.8221e-17	6.16881e-17	6.52516e-17	6.76972e-17	7.11913e-17	7.45634e-17	7.7029e-17	7.95805e-17	8.24188e-17	8.47876e-17	8.6865e-17	8.92727e-17	9.18e-17	9.36256e-17	9.57857e-17	9.75258e-17	9.94694e-17	1.01063e-16	1.029e-16	1.03991e-16	1.05685e-16	1.07096e-16	1.08155e-16	1.09459e-16	1.1053e-16	1.11537e-16	1.12509e-16	1.13582e-16	1.14402e-16	1.15184e-16	1.15942e-16	1.1655e-16	1.17293e-16	1.17787e-16	1.18354e-16	1.18843e-16	1.19277e-16	1.19626e-16	1.20007e-16	1.20385e-16	1.20697e-16	1.20969e-16	1.21285e-16	1.21436e-16	1.2178e-16	1.21952e-16	1.22138e-16	1.22324e-16	1.22502e-16	1.22586e-16	1.22763e-16	1.22879e-16	1.22942e-16	1.23022e-16	1.23104e-16	1.23172e-16	1.23199e-16	1.23243e-16	1.23271e-16	1.23298e-16	1.23337e-16	1.23355e-16	1.23372e-16	1.23387e-16	1.23394e-16	1.23411e-16	1.23411e-16	1.23411e-16	1.23411e-16	1.23411e-16	1.23411e-16
483.612	2.07044e-14	1.22529e-16	1.22133e-16	1.16816e-19	1.08114e-18	2.52506e-18	4.38033e-18	5.7453e-18	8.00219e-18	1.11008e-17	1.44422e-17	1.76812e-17	2.07674e-17	2.52954e-17	2.97833e-17	3.35484e-17	3.68609e-17	4.06827e-17	4.49194e-17	4.78452e-17	5.07192e-17	5.32208e-17	5.71001e-17	6.05783e-17	6.41416e-17	6.6581e-17	7.007e-17	7.3435e-17	7.58935e-17	7.84329e-17	8.12607e-17	8.36181e-17	8.5641e-17	8.80816e-17	9.05959e-17	9.24098e-17	9.45618e-17	9.62925e-17	9.82285e-17	9.98141e-17	1.01642e-16	1.02729e-16	1.04412e-16	1.05821e-16	1.06874e-16	1.08174e-16	1.09242e-16	1.10219e-16	1.11217e-16	1.12287e-16	1.13106e-16	1.13889e-16	1.14644e-16	1.15253e-16	1.15997e-16	1.16491e-16	1.17057e-16	1.17546e-16	1.17978e-16	1.18327e-16	1.1871e-16	1.19089e-16	1.19403e-16	1.19678e-16	1.19997e-16	1.20148e-16	1.20493e-16	1.20665e-16	1.20853e-16	1.2104e-16	1.21217e-16	1.21302e-16	1.21479e-16	1.21596e-16	1.21659e-16	1.2174e-16	1.21824e-16	1.21892e-16	1.21919e-16	1.21964e-16	1.21992e-16	1.22019e-16	1.22059e-16	1.22077e-16	1.22093e-16	1.22109e-16	1.22116e-16	1.22133e-16	1.22133e-16	1.22133e-16	1.22133e-16	1.22133e-16	1.22133e-16
486.622	2.07044e-14	1.213e-16	1.20909e-16	1.13934e-19	1.05525e-18	2.46465e-18	4.27503e-18	5.60873e-18	7.81068e-18	1.08362e-17	1.41004e-17	1.72606e-17	2.02787e-17	2.47059e-17	2.90856e-17	3.27621e-17	3.60051e-17	3.97417e-17	4.38676e-17	4.673e-17	4.95973e-17	5.21158e-17	5.60215e-17	5.95117e-17	6.30755e-17	6.55093e-17	6.89927e-17	7.2352e-17	7.48037e-17	7.73319e-17	8.01486e-17	8.24962e-17	8.45126e-17	8.69391e-17	8.94402e-17	9.12428e-17	9.33873e-17	9.51091e-17	9.70387e-17	9.86154e-17	1.00435e-16	1.01518e-16	1.03192e-16	1.04597e-16	1.05645e-16	1.06942e-16	1.08007e-16	1.0898e-16	1.09978e-16	1.11046e-16	1.11864e-16	1.12646e-16	1.13398e-16	1.14009e-16	1.14753e-16	1.15246e-16	1.15814e-16	1.16303e-16	1.16734e-16	1.17083e-16	1.17467e-16	1.17847e-16	1.18162e-16	1.1844e-16	1.18761e-16	1.18913e-16	1.1926e-16	1.19433e-16	1.19622e-16	1.19809e-16	1.19987e-16	1.20072e-16	1.2025e-16	1.20368e-16	1.20431e-16	1.20512e-16	1.20597e-16	1.20665e-16	1.20693e-16	1.20738e-16	1.20766e-16	1.20795e-16	1.20835e-16	1.20853e-16	1.20869e-16	1.20885e-16	1.20892e-16	1.20909e-16	1.20909e-16	1.20909e-16	1.20909e-16	1.20909e-16	1.20909e-16
489.632	2.07044e-14	1.20128e-16	1.19741e-16	1.1129e-19	1.03034e-18	2.40582e-18	4.17327e-18	5.47708e-18	7.62614e-18	1.058e-17	1.37705e-17	1.68546e-17	1.9808e-17	2.41368e-17	2.84124e-17	3.20044e-17	3.5181e-17	3.88352e-17	4.28555e-17	4.56585e-17	4.85212e-17	5.10572e-17	5.49882e-17	5.84908e-17	6.20559e-17	6.4485e-17	6.79622e-17	7.1317e-17	7.37621e-17	7.62802e-17	7.9085e-17	8.14242e-17	8.34343e-17	8.58483e-17	8.83356e-17	9.01274e-17	9.22643e-17	9.39783e-17	9.59022e-17	9.747e-17	9.92832e-17	1.0036e-16	1.02026e-16	1.03426e-16	1.04469e-16	1.05764e-16	1.06826e-16	1.07797e-16	1.08795e-16	1.0986e-16	1.10679e-16	1.11459e-16	1.12208e-16	1.1282e-16	1.13563e-16	1.14057e-16	1.14627e-16	1.15115e-16	1.15546e-16	1.15895e-16	1.1628e-16	1.1666e-16	1.16977e-16	1.17258e-16	1.17581e-16	1.17734e-16	1.18082e-16	1.18257e-16	1.18446e-16	1.18633e-16	1.18812e-16	1.18898e-16	1.19077e-16	1.19195e-16	1.19259e-16	1.19341e-16	1.19425e-16	1.19494e-16	1.19522e-16	1.19567e-16	1.19596e-16	1.19625e-16	1.19666e-16	1.19684e-16	1.197e-16	1.19716e-16	1.19724e-16	1.19741e-16	1.19741e-16	1.19741e-16	1.19741e-16	1.19741e-16	1.19741e-16
492.642	2.07044e-14	1.19013e-16	1.18629e-16	1.0888e-19	1.00646e-18	2.34871e-18	4.07522e-18	5.35048e-18	7.44893e-18	1.03329e-17	1.34531e-17	1.6464e-17	1.9356e-17	2.35892e-17	2.77648e-17	3.12768e-17	3.43903e-17	3.7965e-17	4.18849e-17	4.46328e-17	4.74932e-17	5.00469e-17	5.40018e-17	5.75173e-17	6.10844e-17	6.35098e-17	6.69801e-17	7.03315e-17	7.27703e-17	7.52796e-17	7.80716e-17	8.04035e-17	8.24536e-17	8.48105e-17	8.72835e-17	8.90653e-17	9.11939e-17	9.29014e-17	9.48199e-17	9.63791e-17	9.81861e-17	9.92575e-17	1.00916e-16	1.02311e-16	1.03349e-16	1.04642e-16	1.05701e-16	1.06696e-16	1.07668e-16	1.08731e-16	1.0955e-16	1.10327e-16	1.11075e-16	1.11687e-16	1.12428e-16	1.12923e-16	1.13496e-16	1.13984e-16	1.14416e-16	1.14765e-16	1.15151e-16	1.1553e-16	1.15848e-16	1.16132e-16	1.16456e-16	1.1661e-16	1.16962e-16	1.17137e-16	1.17328e-16	1.17515e-16	1.17695e-16	1.17781e-16	1.1796e-16	1.1808e-16	1.18144e-16	1.18225e-16	1.1831e-16	1.1838e-16	1.18408e-16	1.18453e-16	1.18483e-16	1.18513e-16	1.18553e-16	1.18571e-16	1.18588e-16	1.18604e-16	1.18612e-16	1.18629e-16	1.18629e-16	1.18629e-16	1.18629e-16	1.18629e-16	1.18629e-16
495.652	2.07044e-14	1.17954e-16	1.17574e-16	1.06693e-19	9.83637e-19	2.29344e-18	3.98097e-18	5.22899e-18	7.27925e-18	1.00952e-17	1.31483e-17	1.60893e-17	1.89232e-17	2.30639e-17	2.71437e-17	3.05802e-17	3.36338e-17	3.71323e-17	4.09569e-17	4.36541e-17	4.65143e-17	4.9086e-17	5.30632e-17	5.65918e-17	6.01614e-17	6.25844e-17	6.60473e-17	6.93958e-17	7.18288e-17	7.43303e-17	7.71089e-17	7.94341e-17	8.14308e-17	8.38259e-17	8.62845e-17	8.8057e-17	9.01762e-17	9.18785e-17	9.37915e-17	9.53431e-17	9.71438e-17	9.82095e-17	9.98627e-17	1.0125e-16	1.02284e-16	1.03574e-16	1.0463e-16	1.05625e-16	1.06596e-16	1.07659e-16	1.08478e-16	1.09252e-16	1.09999e-16	1.1061e-16	1.11349e-16	1.11845e-16	1.12419e-16	1.12908e-16	1.13342e-16	1.13692e-16	1.14078e-16	1.14457e-16	1.14777e-16	1.15062e-16	1.15387e-16	1.15542e-16	1.15897e-16	1.16073e-16	1.16265e-16	1.16452e-16	1.16633e-16	1.1672e-16	1.169e-16	1.1702e-16	1.17084e-16	1.17166e-16	1.17252e-16	1.17323e-16	1.1735e-16	1.17396e-16	1.17425e-16	1.17456e-16	1.17497e-16	1.17515e-16	1.17532e-16	1.17548e-16	1.17556e-16	1.17574e-16	1.17574e-16	1.17574e-16	1.17574e-16	1.17574e-16	1.17574e-16
498.662	2.07044e-14	1.1695e-16	1.16572e-16	1.04713e-19	9.61871e-19	2.24009e-18	3.89058e-18	5.11261e-18	7.11718e-18	9.86731e-18	1.28562e-17	1.57308e-17	1.85099e-17	2.25613e-17	2.65493e-17	2.99149e-17	3.29119e-17	3.63377e-17	4.0072e-17	4.27228e-17	4.55847e-17	4.81746e-17	5.21727e-17	5.57143e-17	5.92868e-17	6.17084e-17	6.51636e-17	6.85094e-17	7.09371e-17	7.3432e-17	7.61967e-17	7.85152e-17	8.05048e-17	8.28935e-17	8.5338e-17	8.71019e-17	8.92106e-17	9.09089e-17	9.2816e-17	9.4361e-17	9.61549e-17	9.72151e-17	9.88635e-17	1.00244e-16	1.01275e-16	1.0256e-16	1.03612e-16	1.04609e-16	1.05578e-16	1.06642e-16	1.07461e-16	1.08232e-16	1.08979e-16	1.09587e-16	1.10324e-16	1.10822e-16	1.11397e-16	1.11887e-16	1.12323e-16	1.12674e-16	1.13061e-16	1.13439e-16	1.13761e-16	1.14047e-16	1.14373e-16	1.14529e-16	1.14887e-16	1.15064e-16	1.15256e-16	1.15444e-16	1.15626e-16	1.15714e-16	1.15895e-16	1.16015e-16	1.1608e-16	1.16162e-16	1.16248e-16	1.1632e-16	1.16348e-16	1.16393e-16	1.16423e-16	1.16454e-16	1.16495e-16	1.16513e-16	1.1653e-16	1.16546e-16	1.16554e-16	1.16572e-16	1.16572e-16	1.16572e-16	1.16572e-16	1.16572e-16	1.16572e-16
501.672	2.07044e-14	1.15998e-16	1.15623e-16	1.02919e-19	9.41151e-19	2.18875e-18	3.80404e-18	5.00124e-18	6.96265e-18	9.64922e-18	1.25768e-17	1.53885e-17	1.81157e-17	2.20813e-17	2.59815e-17	2.92808e-17	3.22246e-17	3.55812e-17	3.923e-17	4.18385e-17	4.47041e-17	4.73121e-17	5.13297e-17	5.48838e-17	5.84596e-17	6.08806e-17	6.43281e-17	6.7671e-17	7.00939e-17	7.2583e-17	7.53342e-17	7.76455e-17	7.96736e-17	8.20115e-17	8.44426e-17	8.61984e-17	8.82957e-17	8.99907e-17	9.18914e-17	9.34312e-17	9.52173e-17	9.62727e-17	9.79165e-17	9.92902e-17	1.00319e-16	1.01599e-16	1.02648e-16	1.03644e-16	1.04612e-16	1.05678e-16	1.06496e-16	1.07266e-16	1.08011e-16	1.08618e-16	1.09353e-16	1.09851e-16	1.10426e-16	1.10917e-16	1.11356e-16	1.11708e-16	1.12096e-16	1.12475e-16	1.12798e-16	1.13084e-16	1.13412e-16	1.13568e-16	1.13929e-16	1.14106e-16	1.143e-16	1.14488e-16	1.14672e-16	1.14761e-16	1.14941e-16	1.15062e-16	1.15127e-16	1.1521e-16	1.15297e-16	1.15369e-16	1.15397e-16	1.15443e-16	1.15473e-16	1.15504e-16	1.15545e-16	1.15563e-16	1.1558e-16	1.15597e-16	1.15605e-16	1.15623e-16	1.15623e-16	1.15623e-16	1.15623e-16	1.15623e-16	1.15623e-16
504.682	2.07044e-14	1.15095e-16	1.14724e-16	1.01289e-19	9.21447e-19	2.13944e-18	3.7213e-18	4.89478e-18	6.81549e-18	9.44097e-18	1.23099e-17	1.50621e-17	1.77403e-17	2.16236e-17	2.54402e-17	2.86774e-17	3.15713e-17	3.48623e-17	3.84303e-17	4.10006e-17	4.38714e-17	4.64971e-17	5.0533e-17	5.40991e-17	5.76781e-17	6.0099e-17	6.35392e-17	6.68786e-17	6.92973e-17	7.1781e-17	7.45195e-17	7.68227e-17	7.88429e-17	8.11771e-17	8.3596e-17	8.5344e-17	8.74297e-17	8.91216e-17	9.10154e-17	9.25512e-17	9.43286e-17	9.53797e-17	9.70187e-17	9.8387e-17	9.94134e-17	1.00687e-16	1.01734e-16	1.02728e-16	1.03696e-16	1.04764e-16	1.05581e-16	1.06349e-16	1.07094e-16	1.07698e-16	1.08432e-16	1.0893e-16	1.09504e-16	1.09996e-16	1.10437e-16	1.1079e-16	1.1118e-16	1.11561e-16	1.11886e-16	1.12171e-16	1.125e-16	1.12657e-16	1.13021e-16	1.13198e-16	1.13392e-16	1.13582e-16	1.13767e-16	1.13856e-16	1.14036e-16	1.14158e-16	1.14224e-16	1.14307e-16	1.14396e-16	1.14468e-16	1.14496e-16	1.14542e-16	1.14572e-16	1.14603e-16	1.14645e-16	1.14663e-16	1.14681e-16	1.14697e-16	1.14705e-16	1.14724e-16	1.14724e-16	1.14724e-16	1.14724e-16	1.14724e-16	1.14724e-16
507.692	2.07044e-14	1.14238e-16	1.1387e-16	9.97977e-20	9.02718e-19	2.09218e-18	3.64227e-18	4.79306e-18	6.67545e-18	9.24244e-18	1.20551e-17	1.47513e-17	1.73832e-17	2.11877e-17	2.49246e-17	2.8104e-17	3.09509e-17	3.41801e-17	3.76718e-17	4.02076e-17	4.30849e-17	4.57279e-17	4.9781e-17	5.33581e-17	5.69403e-17	5.93613e-17	6.27945e-17	6.61299e-17	6.85448e-17	7.10234e-17	7.37502e-17	7.60443e-17	7.80101e-17	8.03873e-17	8.27954e-17	8.45357e-17	8.66099e-17	8.82984e-17	9.0185e-17	9.17177e-17	9.34857e-17	9.45333e-17	9.61664e-17	9.75307e-17	9.85553e-17	9.98231e-17	1.00867e-16	1.01859e-16	1.02825e-16	1.03895e-16	1.04712e-16	1.0548e-16	1.06224e-16	1.06825e-16	1.07558e-16	1.08055e-16	1.08628e-16	1.09121e-16	1.09564e-16	1.09918e-16	1.1031e-16	1.10693e-16	1.11019e-16	1.11304e-16	1.11635e-16	1.11792e-16	1.12158e-16	1.12335e-16	1.12531e-16	1.12722e-16	1.12908e-16	1.12997e-16	1.13177e-16	1.133e-16	1.13366e-16	1.1345e-16	1.13539e-16	1.13612e-16	1.1364e-16	1.13686e-16	1.13716e-16	1.13748e-16	1.13791e-16	1.13809e-16	1.13826e-16	1.13843e-16	1.13851e-16	1.1387e-16	1.1387e-16	1.1387e-16	1.1387e-16	1.1387e-16	1.1387e-16
510.702	2.07044e-14	1.13423e-16	1.13057e-16	9.84196e-20	8.84908e-19	2.04698e-18	3.56686e-18	4.69589e-18	6.5422e-18	9.05339e-18	1.18121e-17	1.44557e-17	1.70434e-17	2.07729e-17	2.4434e-17	2.75595e-17	3.03623e-17	3.35332e-17	3.6953e-17	3.94579e-17	4.23426e-17	4.50022e-17	4.90715e-17	5.26586e-17	5.62439e-17	5.86647e-17	6.20916e-17	6.5422e-17	6.78336e-17	7.03068e-17	7.30235e-17	7.53075e-17	7.72653e-17	7.96387e-17	8.20376e-17	8.37701e-17	8.58334e-17	8.75177e-17	8.93972e-17	9.0927e-17	9.26855e-17	9.373e-17	9.5356e-17	9.67175e-17	9.77404e-17	9.90026e-17	1.00044e-16	1.01031e-16	1.01998e-16	1.03069e-16	1.03884e-16	1.04653e-16	1.05395e-16	1.05995e-16	1.06727e-16	1.07224e-16	1.07795e-16	1.08289e-16	1.08733e-16	1.09087e-16	1.09481e-16	1.09866e-16	1.10194e-16	1.10479e-16	1.10813e-16	1.1097e-16	1.11337e-16	1.11515e-16	1.11711e-16	1.11904e-16	1.1209e-16	1.12179e-16	1.1236e-16	1.12483e-16	1.1255e-16	1.12635e-16	1.12723e-16	1.12797e-16	1.12825e-16	1.12872e-16	1.12902e-16	1.12934e-16	1.12978e-16	1.12997e-16	1.13014e-16	1.13031e-16	1.13039e-16	1.13057e-16	1.13057e-16	1.13057e-16	1.13057e-16	1.13057e-16	1.13057e-16
513.712	2.07044e-14	1.12645e-16	1.12282e-16	9.71292e-20	8.67955e-19	2.00381e-18	3.49491e-18	4.60308e-18	6.41537e-18	8.87351e-18	1.15803e-17	1.41744e-17	1.67202e-17	2.03782e-17	2.39674e-17	2.70426e-17	2.98041e-17	3.29201e-17	3.62722e-17	3.87494e-17	4.16423e-17	4.43175e-17	4.84021e-17	5.19981e-17	5.55861e-17	5.80062e-17	6.14272e-17	6.4752e-17	6.71605e-17	6.96281e-17	7.23359e-17	7.46091e-17	7.65593e-17	7.89277e-17	8.13187e-17	8.30433e-17	8.50967e-17	8.67757e-17	8.86484e-17	9.01754e-17	9.19245e-17	9.29662e-17	9.45836e-17	9.59433e-17	9.69642e-17	9.82222e-17	9.9261e-17	1.00243e-16	1.01209e-16	1.0228e-16	1.03095e-16	1.03864e-16	1.04605e-16	1.05204e-16	1.05935e-16	1.0643e-16	1.07e-16	1.07496e-16	1.0794e-16	1.08295e-16	1.0869e-16	1.09077e-16	1.09406e-16	1.09693e-16	1.10029e-16	1.10186e-16	1.10553e-16	1.10732e-16	1.1093e-16	1.11124e-16	1.11309e-16	1.11399e-16	1.1158e-16	1.11704e-16	1.11772e-16	1.11857e-16	1.11945e-16	1.12019e-16	1.12048e-16	1.12095e-16	1.12125e-16	1.12158e-16	1.12202e-16	1.12221e-16	1.12239e-16	1.12255e-16	1.12263e-16	1.12282e-16	1.12282e-16	1.12282e-16	1.12282e-16	1.12282e-16	1.12282e-16
516.722	2.07044e-14	1.119e-16	1.1154e-16	9.59018e-20	8.51793e-19	1.96264e-18	3.42629e-18	4.5144e-18	6.29456e-18	8.70238e-18	1.13594e-17	1.3907e-17	1.64126e-17	2.00026e-17	2.35236e-17	2.6552e-17	2.92745e-17	3.23389e-17	3.56276e-17	3.808e-17	4.09814e-17	4.36711e-17	4.77703e-17	5.13739e-17	5.49641e-17	5.73827e-17	6.07983e-17	6.41169e-17	6.65222e-17	6.89838e-17	7.16839e-17	7.39459e-17	7.58888e-17	7.82509e-17	8.06352e-17	8.23516e-17	8.43963e-17	8.60688e-17	8.79351e-17	8.94588e-17	9.11991e-17	9.22379e-17	9.38458e-17	9.52039e-17	9.62223e-17	9.74776e-17	9.85142e-17	9.94906e-17	1.00455e-16	1.01524e-16	1.0234e-16	1.0311e-16	1.03849e-16	1.04447e-16	1.05177e-16	1.05671e-16	1.06241e-16	1.06737e-16	1.0718e-16	1.07536e-16	1.07933e-16	1.08322e-16	1.08652e-16	1.0894e-16	1.09278e-16	1.09436e-16	1.09804e-16	1.09983e-16	1.10182e-16	1.10376e-16	1.10562e-16	1.10652e-16	1.10834e-16	1.10958e-16	1.11026e-16	1.11112e-16	1.11199e-16	1.11274e-16	1.11303e-16	1.11351e-16	1.11381e-16	1.11415e-16	1.11459e-16	1.11479e-16	1.11496e-16	1.11513e-16	1.11521e-16	1.1154e-16	1.1154e-16	1.1154e-16	1.1154e-16	1.1154e-16	1.1154e-16
519.732	2.07044e-14	1.11184e-16	1.10826e-16	9.47145e-20	8.36352e-19	1.92341e-18	3.36083e-18	4.42964e-18	6.17935e-18	8.53957e-18	1.11488e-17	1.36525e-17	1.61196e-17	1.96449e-17	2.31015e-17	2.60861e-17	2.87719e-17	3.17878e-17	3.5017e-17	3.74474e-17	4.03574e-17	4.30602e-17	4.71731e-17	5.07831e-17	5.43751e-17	5.67913e-17	6.02017e-17	6.35133e-17	6.59156e-17	6.83705e-17	7.10638e-17	7.33145e-17	7.52506e-17	7.76047e-17	7.9983e-17	8.16911e-17	8.37282e-17	8.53932e-17	8.72536e-17	8.87733e-17	9.05057e-17	9.15411e-17	9.31389e-17	9.4495e-17	9.55104e-17	9.67646e-17	9.77989e-17	9.87445e-17	9.97333e-17	1.00799e-16	1.01615e-16	1.02385e-16	1.03122e-16	1.0372e-16	1.04448e-16	1.04941e-16	1.05512e-16	1.06009e-16	1.06451e-16	1.06808e-16	1.07205e-16	1.07595e-16	1.07926e-16	1.08216e-16	1.08555e-16	1.08714e-16	1.09083e-16	1.09264e-16	1.09463e-16	1.09658e-16	1.09843e-16	1.09934e-16	1.10117e-16	1.10242e-16	1.1031e-16	1.10396e-16	1.10483e-16	1.10558e-16	1.10587e-16	1.10636e-16	1.10666e-16	1.107e-16	1.10745e-16	1.10764e-16	1.10782e-16	1.10799e-16	1.10807e-16	1.10826e-16	1.10826e-16	1.10826e-16	1.10826e-16	1.10826e-16	1.10826e-16
522.742	2.07044e-14	1.10493e-16	1.10137e-16	9.35466e-20	8.21562e-19	1.88606e-18	3.29837e-18	4.34856e-18	6.06931e-18	8.38458e-18	1.09479e-17	1.34102e-17	1.58403e-17	1.9304e-17	2.26998e-17	2.56434e-17	2.82945e-17	3.12647e-17	3.44384e-17	3.6849e-17	3.97676e-17	4.24821e-17	4.66077e-17	5.0223e-17	5.3816e-17	5.6229e-17	5.96339e-17	6.29382e-17	6.53372e-17	6.7785e-17	7.0472e-17	7.27115e-17	7.46414e-17	7.6986e-17	7.93585e-17	8.10583e-17	8.30885e-17	8.47452e-17	8.66002e-17	8.81149e-17	8.98404e-17	9.08719e-17	9.24595e-17	9.38128e-17	9.48247e-17	9.6079e-17	9.71107e-17	9.80773e-17	9.90384e-17	1.001e-16	1.00917e-16	1.01686e-16	1.02422e-16	1.0302e-16	1.03746e-16	1.04238e-16	1.04809e-16	1.05305e-16	1.05748e-16	1.06106e-16	1.06503e-16	1.06893e-16	1.07226e-16	1.07517e-16	1.07857e-16	1.08017e-16	1.08387e-16	1.08569e-16	1.08769e-16	1.08965e-16	1.0915e-16	1.0924e-16	1.09426e-16	1.0955e-16	1.09618e-16	1.09704e-16	1.09791e-16	1.09866e-16	1.09896e-16	1.09945e-16	1.09976e-16	1.10009e-16	1.10054e-16	1.10074e-16	1.10092e-16	1.10109e-16	1.10117e-16	1.10137e-16	1.10137e-16	1.10137e-16	1.10137e-16	1.10137e-16	1.10137e-16
525.753	2.07044e-14	1.09822e-16	1.09467e-16	9.23801e-20	8.07355e-19	1.8505e-18	3.23874e-18	4.27096e-18	5.96402e-18	8.23688e-18	1.07561e-17	1.31793e-17	1.55736e-17	1.89788e-17	2.23172e-17	2.52224e-17	2.78405e-17	3.07675e-17	3.38895e-17	3.62826e-17	3.92093e-17	4.19341e-17	4.60713e-17	4.96906e-17	5.3284e-17	5.56927e-17	5.90919e-17	6.23887e-17	6.4784e-17	6.72241e-17	6.99048e-17	7.21337e-17	7.40577e-17	7.63916e-17	7.87581e-17	8.04495e-17	8.24735e-17	8.41213e-17	8.59714e-17	8.74802e-17	8.91998e-17	9.02264e-17	9.18042e-17	9.31535e-17	9.41616e-17	9.54164e-17	9.64455e-17	9.74091e-17	9.83669e-17	9.9424e-17	1.00242e-16	1.01009e-16	1.01744e-16	1.02341e-16	1.03065e-16	1.03556e-16	1.04128e-16	1.04624e-16	1.05068e-16	1.05427e-16	1.05824e-16	1.06213e-16	1.06547e-16	1.06839e-16	1.0718e-16	1.07341e-16	1.07713e-16	1.07896e-16	1.08095e-16	1.08292e-16	1.08478e-16	1.08569e-16	1.08755e-16	1.08879e-16	1.08947e-16	1.09034e-16	1.0912e-16	1.09196e-16	1.09226e-16	1.09275e-16	1.09306e-16	1.09339e-16	1.09384e-16	1.09404e-16	1.09422e-16	1.0944e-16	1.09448e-16	1.09467e-16	1.09467e-16	1.09467e-16	1.09467e-16	1.09467e-16	1.09467e-16
528.763	2.07044e-14	1.09167e-16	1.08815e-16	9.11999e-20	7.93666e-19	1.81666e-18	3.18176e-18	4.19662e-18	5.86309e-18	8.09594e-18	1.05729e-17	1.2959e-17	1.53185e-17	1.86679e-17	2.19525e-17	2.48215e-17	2.74082e-17	3.02944e-17	3.33682e-17	3.57456e-17	3.868e-17	4.14135e-17	4.5561e-17	4.91834e-17	5.27762e-17	5.51799e-17	5.85727e-17	6.18617e-17	6.42529e-17	6.66851e-17	6.93589e-17	7.15777e-17	7.34961e-17	7.58187e-17	7.81786e-17	7.98617e-17	8.18794e-17	8.35183e-17	8.53636e-17	8.68658e-17	8.858e-17	8.96012e-17	9.11699e-17	9.25137e-17	9.35178e-17	9.47731e-17	9.57994e-17	9.67613e-17	9.77154e-17	9.8768e-17	9.9585e-17	1.0035e-16	1.01085e-16	1.01681e-16	1.02402e-16	1.02893e-16	1.03464e-16	1.03961e-16	1.04405e-16	1.04766e-16	1.05162e-16	1.05552e-16	1.05886e-16	1.06178e-16	1.06519e-16	1.06681e-16	1.07055e-16	1.07239e-16	1.07439e-16	1.07636e-16	1.07823e-16	1.07914e-16	1.08101e-16	1.08225e-16	1.08293e-16	1.0838e-16	1.08467e-16	1.08542e-16	1.08573e-16	1.08622e-16	1.08653e-16	1.08685e-16	1.0873e-16	1.08751e-16	1.08769e-16	1.08787e-16	1.08796e-16	1.08815e-16	1.08815e-16	1.08815e-16	1.08815e-16	1.08815e-16	1.08815e-16
531.773	2.07044e-14	1.08527e-16	1.08177e-16	8.99939e-20	7.80434e-19	1.78445e-18	3.12727e-18	4.12534e-18	5.76614e-18	7.96123e-18	1.03977e-17	1.27485e-17	1.50743e-17	1.83704e-17	2.16043e-17	2.44393e-17	2.69958e-17	2.98432e-17	3.28724e-17	3.52358e-17	3.81772e-17	4.09179e-17	4.50742e-17	4.86985e-17	5.229e-17	5.46878e-17	5.80734e-17	6.13545e-17	6.3741e-17	6.61652e-17	6.88313e-17	7.10406e-17	7.29532e-17	7.52644e-17	7.76168e-17	7.92919e-17	8.13029e-17	8.29331e-17	8.47733e-17	8.62685e-17	8.79779e-17	8.89928e-17	9.05534e-17	9.18905e-17	9.28906e-17	9.41456e-17	9.51688e-17	9.61051e-17	9.70802e-17	9.81289e-17	9.89444e-17	9.97059e-17	1.00441e-16	1.01036e-16	1.01754e-16	1.02245e-16	1.02816e-16	1.03311e-16	1.03758e-16	1.04119e-16	1.04516e-16	1.04906e-16	1.05241e-16	1.05532e-16	1.05873e-16	1.06035e-16	1.06411e-16	1.06595e-16	1.06795e-16	1.06994e-16	1.07182e-16	1.07273e-16	1.07461e-16	1.07584e-16	1.07652e-16	1.07739e-16	1.07827e-16	1.07903e-16	1.07933e-16	1.07982e-16	1.08014e-16	1.08045e-16	1.08091e-16	1.08111e-16	1.0813e-16	1.08148e-16	1.08157e-16	1.08177e-16	1.08177e-16	1.08177e-16	1.08177e-16	1.08177e-16	1.08177e-16
534.783	2.07044e-14	1.07896e-16	1.07548e-16	8.87533e-20	7.67605e-19	1.75376e-18	3.07511e-18	4.05691e-18	5.67283e-18	7.83224e-18	1.02299e-17	1.25471e-17	1.484e-17	1.80851e-17	2.12714e-17	2.40742e-17	2.66017e-17	2.94122e-17	3.23998e-17	3.47508e-17	3.76986e-17	4.04449e-17	4.46083e-17	4.82335e-17	5.18228e-17	5.42141e-17	5.75914e-17	6.08645e-17	6.32457e-17	6.56618e-17	6.83192e-17	7.05194e-17	7.24706e-17	7.4726e-17	7.707e-17	7.87373e-17	8.07408e-17	8.23628e-17	8.41976e-17	8.56857e-17	8.739e-17	8.83983e-17	8.99516e-17	9.1281e-17	9.22773e-17	9.35306e-17	9.45508e-17	9.55126e-17	9.64581e-17	9.75035e-17	9.83164e-17	9.90747e-17	9.98104e-17	1.00402e-16	1.01118e-16	1.01609e-16	1.02178e-16	1.02674e-16	1.03122e-16	1.03484e-16	1.0388e-16	1.04273e-16	1.04607e-16	1.04897e-16	1.05238e-16	1.05401e-16	1.05777e-16	1.05961e-16	1.06162e-16	1.06362e-16	1.06551e-16	1.06642e-16	1.0683e-16	1.06954e-16	1.07022e-16	1.0711e-16	1.07198e-16	1.07273e-16	1.07304e-16	1.07353e-16	1.07385e-16	1.07415e-16	1.07461e-16	1.07482e-16	1.07501e-16	1.07519e-16	1.07528e-16	1.07548e-16	1.07548e-16	1.07548e-16	1.07548e-16	1.07548e-16	1.07548e-16
537.793	2.07044e-14	1.07272e-16	1.06927e-16	8.74723e-20	7.55131e-19	1.7245e-18	3.0251e-18	3.99114e-18	5.58284e-18	7.70845e-18	1.0069e-17	1.23539e-17	1.46148e-17	1.78109e-17	2.09526e-17	2.37249e-17	2.62244e-17	2.89996e-17	3.19486e-17	3.42884e-17	3.72419e-17	3.99924e-17	4.41608e-17	4.77861e-17	5.13721e-17	5.37565e-17	5.71244e-17	6.03893e-17	6.27647e-17	6.51727e-17	6.78201e-17	7.00114e-17	7.19117e-17	7.42011e-17	7.65358e-17	7.81954e-17	8.01905e-17	8.18047e-17	8.36335e-17	8.51146e-17	8.68135e-17	8.78149e-17	8.93617e-17	9.06827e-17	9.16755e-17	9.29257e-17	9.39427e-17	9.4905e-17	9.58463e-17	9.68889e-17	9.76983e-17	9.84535e-17	9.9189e-17	9.97781e-17	1.00492e-16	1.00982e-16	1.01549e-16	1.02045e-16	1.02494e-16	1.02857e-16	1.03253e-16	1.03648e-16	1.03982e-16	1.04271e-16	1.04612e-16	1.04775e-16	1.0515e-16	1.05335e-16	1.05536e-16	1.05738e-16	1.05928e-16	1.06019e-16	1.06207e-16	1.06332e-16	1.064e-16	1.06487e-16	1.06576e-16	1.06651e-16	1.06682e-16	1.06731e-16	1.06763e-16	1.06794e-16	1.0684e-16	1.06861e-16	1.0688e-16	1.06898e-16	1.06907e-16	1.06927e-16	1.06927e-16	1.06927e-16	1.06927e-16	1.06927e-16	1.06927e-16
540.803	2.07044e-14	1.06653e-16	1.0631e-16	8.61479e-20	7.42969e-19	1.69657e-18	2.9771e-18	3.92785e-18	5.49588e-18	7.58938e-18	9.91455e-18	1.21684e-17	1.43981e-17	1.7547e-17	2.06467e-17	2.339e-17	2.58624e-17	2.86038e-17	3.15168e-17	3.38466e-17	3.6805e-17	3.95583e-17	4.37295e-17	4.73539e-17	5.09359e-17	5.33128e-17	5.667e-17	5.99265e-17	6.22955e-17	6.46955e-17	6.73317e-17	6.95142e-17	7.14074e-17	7.36872e-17	7.60118e-17	7.76639e-17	7.96495e-17	8.12564e-17	8.30783e-17	8.45529e-17	8.62457e-17	8.72403e-17	8.87809e-17	9.00933e-17	9.10828e-17	9.23284e-17	9.33423e-17	9.42796e-17	9.5242e-17	9.62823e-17	9.70873e-17	9.784e-17	9.85745e-17	9.91605e-17	9.98734e-17	1.00362e-16	1.00927e-16	1.01422e-16	1.01871e-16	1.02234e-16	1.02632e-16	1.03029e-16	1.03362e-16	1.03651e-16	1.03992e-16	1.04155e-16	1.04529e-16	1.04714e-16	1.04915e-16	1.05118e-16	1.05308e-16	1.05399e-16	1.05589e-16	1.05714e-16	1.05782e-16	1.0587e-16	1.05959e-16	1.06034e-16	1.06064e-16	1.06114e-16	1.06146e-16	1.06177e-16	1.06223e-16	1.06244e-16	1.06263e-16	1.06281e-16	1.0629e-16	1.0631e-16	1.0631e-16	1.0631e-16	1.0631e-16	1.0631e-16	1.0631e-16
543.813	2.07044e-14	1.06037e-16	1.05696e-16	8.47798e-20	7.31085e-19	1.66986e-18	2.93096e-18	3.86688e-18	5.41169e-18	7.4746e-18	9.7659e-18	1.19899e-17	1.4189e-17	1.72923e-17	2.03527e-17	2.30683e-17	2.55143e-17	2.82231e-17	3.11025e-17	3.34234e-17	3.63859e-17	3.91407e-17	4.33123e-17	4.6935e-17	5.05119e-17	5.28812e-17	5.62264e-17	5.94741e-17	6.18361e-17	6.42283e-17	6.68522e-17	6.90257e-17	7.0911e-17	7.31819e-17	7.5496e-17	7.71408e-17	7.91158e-17	8.07157e-17	8.25298e-17	8.39983e-17	8.56842e-17	8.66723e-17	8.82067e-17	8.95106e-17	9.04969e-17	9.17367e-17	9.27475e-17	9.3709e-17	9.46428e-17	9.56809e-17	9.64812e-17	9.72318e-17	9.79644e-17	9.85473e-17	9.92593e-17	9.97461e-17	1.00308e-16	1.00803e-16	1.01252e-16	1.01615e-16	1.02014e-16	1.02413e-16	1.02746e-16	1.03035e-16	1.03376e-16	1.03539e-16	1.0391e-16	1.04095e-16	1.04298e-16	1.045e-16	1.04691e-16	1.04782e-16	1.04972e-16	1.05098e-16	1.05167e-16	1.05255e-16	1.05345e-16	1.05419e-16	1.05449e-16	1.05499e-16	1.05531e-16	1.05563e-16	1.05609e-16	1.05629e-16	1.05649e-16	1.05667e-16	1.05676e-16	1.05696e-16	1.05696e-16	1.05696e-16	1.05696e-16	1.05696e-16	1.05696e-16
546.823	2.07044e-14	1.0542e-16	1.05082e-16	8.33698e-20	7.19448e-19	1.64428e-18	2.88653e-18	3.80804e-18	5.33003e-18	7.36367e-18	9.6226e-18	1.18177e-17	1.3987e-17	1.70462e-17	2.00694e-17	2.27586e-17	2.51789e-17	2.78562e-17	3.07042e-17	3.30169e-17	3.59828e-17	3.87379e-17	4.29073e-17	4.65272e-17	5.00983e-17	5.24597e-17	5.57916e-17	5.90301e-17	6.13847e-17	6.3769e-17	6.63797e-17	6.85437e-17	7.04205e-17	7.26831e-17	7.49865e-17	7.6624e-17	7.85875e-17	8.01804e-17	8.1986e-17	8.34488e-17	8.51269e-17	8.61089e-17	8.76367e-17	8.89327e-17	8.99157e-17	9.11489e-17	9.21567e-17	9.31161e-17	9.40467e-17	9.50822e-17	9.58777e-17	9.66268e-17	9.73565e-17	9.79367e-17	9.86479e-17	9.91322e-17	9.96917e-17	1.00186e-16	1.00634e-16	1.00996e-16	1.01397e-16	1.01798e-16	1.02131e-16	1.02421e-16	1.02762e-16	1.02925e-16	1.03294e-16	1.03478e-16	1.03681e-16	1.03883e-16	1.04074e-16	1.04165e-16	1.04356e-16	1.04483e-16	1.04551e-16	1.04639e-16	1.0473e-16	1.04804e-16	1.04835e-16	1.04885e-16	1.04917e-16	1.04949e-16	1.04995e-16	1.05015e-16	1.05034e-16	1.05052e-16	1.05061e-16	1.05082e-16	1.05082e-16	1.05082e-16	1.05082e-16	1.05082e-16	1.05082e-16
549.833	2.07044e-14	1.04802e-16	1.04466e-16	8.19221e-20	7.08035e-19	1.61973e-18	2.84367e-18	3.75119e-18	5.25071e-18	7.25621e-18	9.48418e-18	1.16513e-17	1.37914e-17	1.68077e-17	1.97959e-17	2.24598e-17	2.48549e-17	2.75018e-17	3.03203e-17	3.26253e-17	3.5594e-17	3.83481e-17	4.25128e-17	4.61289e-17	4.96934e-17	5.20468e-17	5.53642e-17	5.85925e-17	6.09395e-17	6.33159e-17	6.59128e-17	6.80666e-17	6.9934e-17	7.21887e-17	7.44814e-17	7.61117e-17	7.8063e-17	7.96486e-17	8.14449e-17	8.29024e-17	8.45719e-17	8.55482e-17	8.70689e-17	8.83575e-17	8.9337e-17	9.05632e-17	9.15681e-17	9.24995e-17	9.34517e-17	9.4484e-17	9.52751e-17	9.60229e-17	9.67489e-17	9.73268e-17	9.80371e-17	9.85186e-17	9.90761e-17	9.95698e-17	1.00015e-16	1.00378e-16	1.00779e-16	1.01181e-16	1.01514e-16	1.01806e-16	1.02147e-16	1.0231e-16	1.02677e-16	1.02861e-16	1.03063e-16	1.03264e-16	1.03455e-16	1.03546e-16	1.03738e-16	1.03866e-16	1.03934e-16	1.04022e-16	1.04113e-16	1.04188e-16	1.04218e-16	1.04268e-16	1.04301e-16	1.04333e-16	1.04379e-16	1.04399e-16	1.04418e-16	1.04436e-16	1.04446e-16	1.04466e-16	1.04466e-16	1.04466e-16	1.04466e-16	1.04466e-16	1.04466e-16
552.843	2.07044e-14	1.0418e-16	1.03847e-16	8.04423e-20	6.9683e-19	1.5961e-18	2.80226e-18	3.69616e-18	5.17353e-18	7.15188e-18	9.35019e-18	1.14902e-17	1.36017e-17	1.65763e-17	1.95313e-17	2.21708e-17	2.45413e-17	2.71586e-17	2.99491e-17	3.22471e-17	3.52179e-17	3.79698e-17	4.21273e-17	4.57384e-17	4.92955e-17	5.16407e-17	5.49425e-17	5.81598e-17	6.04988e-17	6.28672e-17	6.54498e-17	6.75928e-17	6.94501e-17	7.16967e-17	7.39791e-17	7.56022e-17	7.75409e-17	7.91186e-17	8.0905e-17	8.23573e-17	8.40177e-17	8.49888e-17	8.65015e-17	8.77833e-17	8.87588e-17	8.99782e-17	9.09801e-17	9.19072e-17	9.28564e-17	9.38846e-17	9.46715e-17	9.5418e-17	9.61399e-17	9.6716e-17	9.7425e-17	9.79034e-17	9.84595e-17	9.89519e-17	9.93949e-17	9.97568e-17	1.00159e-16	1.00561e-16	1.00894e-16	1.01188e-16	1.0153e-16	1.01692e-16	1.02058e-16	1.02242e-16	1.02444e-16	1.02643e-16	1.02833e-16	1.02924e-16	1.03117e-16	1.03245e-16	1.03313e-16	1.03401e-16	1.03493e-16	1.03568e-16	1.03599e-16	1.03649e-16	1.03681e-16	1.03714e-16	1.0376e-16	1.0378e-16	1.03799e-16	1.03817e-16	1.03826e-16	1.03847e-16	1.03847e-16	1.03847e-16	1.03847e-16	1.03847e-16	1.03847e-16
555.853	2.07044e-14	1.03553e-16	1.03223e-16	7.89373e-20	6.85818e-19	1.57331e-18	2.76216e-18	3.64281e-18	5.09833e-18	7.05035e-18	9.22021e-18	1.13338e-17	1.34175e-17	1.63513e-17	1.92746e-17	2.18907e-17	2.42371e-17	2.68255e-17	2.95895e-17	3.18808e-17	3.48528e-17	3.76015e-17	4.17493e-17	4.53542e-17	4.89032e-17	5.12399e-17	5.45252e-17	5.77304e-17	6.00611e-17	6.24212e-17	6.49896e-17	6.71209e-17	6.89676e-17	7.12056e-17	7.3478e-17	7.50937e-17	7.70199e-17	7.8589e-17	8.03648e-17	8.18118e-17	8.34627e-17	8.44289e-17	8.59329e-17	8.72082e-17	8.81793e-17	8.93924e-17	9.03911e-17	9.13133e-17	9.22591e-17	9.32823e-17	9.40654e-17	9.48103e-17	9.55278e-17	9.61026e-17	9.68097e-17	9.72853e-17	9.78403e-17	9.83308e-17	9.87713e-17	9.91329e-17	9.9535e-17	9.99364e-17	1.0027e-16	1.00566e-16	1.00907e-16	1.01069e-16	1.01435e-16	1.01619e-16	1.0182e-16	1.02017e-16	1.02207e-16	1.02298e-16	1.02491e-16	1.02619e-16	1.02687e-16	1.02775e-16	1.02867e-16	1.02944e-16	1.02974e-16	1.03024e-16	1.03057e-16	1.0309e-16	1.03135e-16	1.03155e-16	1.03174e-16	1.03193e-16	1.03202e-16	1.03223e-16	1.03223e-16	1.03223e-16	1.03223e-16	1.03223e-16	1.03223e-16
558.863	2.07044e-14	1.02919e-16	1.02593e-16	7.7415e-20	6.74991e-19	1.55127e-18	2.72325e-18	3.591e-18	5.02496e-18	6.95135e-18	9.09382e-18	1.11817e-17	1.32381e-17	1.61322e-17	1.9025e-17	2.16184e-17	2.39413e-17	2.65015e-17	2.92401e-17	3.15249e-17	3.44973e-17	3.72418e-17	4.13775e-17	4.49748e-17	4.8515e-17	5.08431e-17	5.4111e-17	5.73029e-17	5.9625e-17	6.19764e-17	6.45308e-17	6.66497e-17	6.84852e-17	7.07138e-17	7.29766e-17	7.45848e-17	7.64986e-17	7.80581e-17	7.98231e-17	8.12644e-17	8.29058e-17	8.38672e-17	8.53617e-17	8.66308e-17	8.75969e-17	8.88042e-17	8.97995e-17	9.07408e-17	9.16586e-17	9.26758e-17	9.34555e-17	9.41981e-17	9.49114e-17	9.54851e-17	9.61898e-17	9.66629e-17	9.7217e-17	9.77051e-17	9.81434e-17	9.85045e-17	9.89062e-17	9.93061e-17	9.964e-17	9.9938e-17	1.00279e-16	1.0044e-16	1.00807e-16	1.00991e-16	1.0119e-16	1.01386e-16	1.01575e-16	1.01667e-16	1.01858e-16	1.01986e-16	1.02054e-16	1.02142e-16	1.02235e-16	1.02312e-16	1.02343e-16	1.02393e-16	1.02426e-16	1.02458e-16	1.02504e-16	1.02524e-16	1.02544e-16	1.02562e-16	1.02571e-16	1.02593e-16	1.02593e-16	1.02593e-16	1.02593e-16	1.02593e-16	1.02593e-16
561.873	2.07044e-14	1.02278e-16	1.01954e-16	7.58837e-20	6.64343e-19	1.52989e-18	2.68542e-18	3.54059e-18	4.95327e-18	6.85461e-18	8.97067e-18	1.10334e-17	1.30632e-17	1.59183e-17	1.87819e-17	2.13532e-17	2.3653e-17	2.61856e-17	2.88997e-17	3.11782e-17	3.41502e-17	3.68893e-17	4.10108e-17	4.45989e-17	4.81296e-17	5.04489e-17	5.36988e-17	5.68759e-17	5.91892e-17	6.15316e-17	6.40721e-17	6.61779e-17	6.8002e-17	7.022e-17	7.24734e-17	7.40739e-17	7.59758e-17	7.75249e-17	7.92787e-17	8.07136e-17	8.23456e-17	8.33022e-17	8.47867e-17	8.60495e-17	8.701e-17	8.82121e-17	8.92037e-17	9.01397e-17	9.10536e-17	9.20642e-17	9.28403e-17	9.35799e-17	9.42892e-17	9.4862e-17	9.55637e-17	9.60347e-17	9.65881e-17	9.70734e-17	9.751e-17	9.78704e-17	9.82711e-17	9.86691e-17	9.90034e-17	9.93023e-17	9.96424e-17	9.98038e-17	1.00172e-16	1.00355e-16	1.00554e-16	1.00748e-16	1.00937e-16	1.01028e-16	1.01219e-16	1.01346e-16	1.01414e-16	1.01502e-16	1.01596e-16	1.01673e-16	1.01704e-16	1.01754e-16	1.01786e-16	1.01819e-16	1.01865e-16	1.01886e-16	1.01905e-16	1.01924e-16	1.01933e-16	1.01954e-16	1.01954e-16	1.01954e-16	1.01954e-16	1.01954e-16	1.01954e-16
564.883	2.07044e-14	1.01628e-16	1.01307e-16	7.43522e-20	6.53873e-19	1.5091e-18	2.64856e-18	3.49146e-18	4.88314e-18	6.7599e-18	8.85038e-18	1.08886e-17	1.28923e-17	1.57092e-17	1.85444e-17	2.10942e-17	2.33713e-17	2.5877e-17	2.85673e-17	3.08394e-17	3.38101e-17	3.65427e-17	4.0648e-17	4.42255e-17	4.77459e-17	5.00561e-17	5.32875e-17	5.64484e-17	5.87524e-17	6.10852e-17	6.36124e-17	6.57045e-17	6.7517e-17	6.97229e-17	7.19671e-17	7.35596e-17	7.54501e-17	7.6988e-17	7.87306e-17	8.01582e-17	8.17811e-17	8.27327e-17	8.42069e-17	8.5463e-17	8.64175e-17	8.76149e-17	8.86023e-17	8.95334e-17	9.04429e-17	9.14464e-17	9.22189e-17	9.29545e-17	9.36602e-17	9.42319e-17	9.49303e-17	9.53997e-17	9.5952e-17	9.64346e-17	9.68698e-17	9.72293e-17	9.76286e-17	9.80245e-17	9.83591e-17	9.86579e-17	9.89973e-17	9.91586e-17	9.95282e-17	9.9711e-17	9.99087e-17	1.00102e-16	1.00291e-16	1.00382e-16	1.00571e-16	1.00697e-16	1.00765e-16	1.00853e-16	1.00947e-16	1.01025e-16	1.01055e-16	1.01105e-16	1.01138e-16	1.01171e-16	1.01218e-16	1.01238e-16	1.01258e-16	1.01276e-16	1.01286e-16	1.01307e-16	1.01307e-16	1.01307e-16	1.01307e-16	1.01307e-16	1.01307e-16
567.893	2.07044e-14	1.00968e-16	1.0065e-16	7.28291e-20	6.43579e-19	1.48881e-18	2.61257e-18	3.44347e-18	4.81445e-18	6.66702e-18	8.73266e-18	1.07468e-17	1.2725e-17	1.55044e-17	1.8312e-17	2.08407e-17	2.30956e-17	2.55747e-17	2.82419e-17	3.05075e-17	3.34758e-17	3.62009e-17	4.02883e-17	4.38535e-17	4.73628e-17	4.96635e-17	5.28759e-17	5.60193e-17	5.83136e-17	6.06362e-17	6.31506e-17	6.52284e-17	6.70712e-17	6.92217e-17	7.14565e-17	7.30408e-17	7.49205e-17	7.64464e-17	7.81776e-17	7.95969e-17	8.1211e-17	8.21574e-17	8.36213e-17	8.48701e-17	8.58183e-17	8.7011e-17	8.79938e-17	8.89206e-17	8.98253e-17	9.08217e-17	9.15901e-17	9.2321e-17	9.30233e-17	9.35935e-17	9.42884e-17	9.47566e-17	9.53076e-17	9.57873e-17	9.62217e-17	9.658e-17	9.69775e-17	9.73715e-17	9.7706e-17	9.80039e-17	9.83426e-17	9.85038e-17	9.88746e-17	9.90566e-17	9.9254e-17	9.94467e-17	9.96353e-17	9.97263e-17	9.99129e-17	1.00039e-16	1.00107e-16	1.00195e-16	1.00289e-16	1.00367e-16	1.00397e-16	1.00447e-16	1.00479e-16	1.00513e-16	1.0056e-16	1.00581e-16	1.006e-16	1.00619e-16	1.00628e-16	1.0065e-16	1.0065e-16	1.0065e-16	1.0065e-16	1.0065e-16	1.0065e-16
570.903	2.07044e-14	1.00296e-16	9.9981e-17	7.13229e-20	6.33464e-19	1.46897e-18	2.57735e-18	3.39651e-18	4.74708e-18	6.5758e-18	8.61718e-18	1.06077e-17	1.25609e-17	1.53036e-17	1.80839e-17	2.05919e-17	2.2825e-17	2.52781e-17	2.79226e-17	3.01814e-17	3.31462e-17	3.58628e-17	3.99306e-17	4.3482e-17	4.69792e-17	4.927e-17	5.24631e-17	5.55877e-17	5.78718e-17	6.01836e-17	6.26854e-17	6.47488e-17	6.65379e-17	6.87155e-17	7.09405e-17	7.25163e-17	7.43855e-17	7.58992e-17	7.76187e-17	7.90289e-17	8.06344e-17	8.15752e-17	8.30289e-17	8.42699e-17	8.52115e-17	8.63993e-17	8.7377e-17	8.82762e-17	8.91999e-17	9.01892e-17	9.0953e-17	9.16784e-17	9.23775e-17	9.29456e-17	9.36369e-17	9.41043e-17	9.46535e-17	9.51307e-17	9.55644e-17	9.59211e-17	9.63168e-17	9.67092e-17	9.70432e-17	9.73396e-17	9.76775e-17	9.78385e-17	9.821e-17	9.83912e-17	9.85884e-17	9.87811e-17	9.89694e-17	9.90601e-17	9.92447e-17	9.937e-17	9.94384e-17	9.95259e-17	9.96198e-17	9.96971e-17	9.97272e-17	9.9777e-17	9.98096e-17	9.98441e-17	9.98913e-17	9.99123e-17	9.99317e-17	9.99504e-17	9.99596e-17	9.9981e-17	9.9981e-17	9.9981e-17	9.9981e-17	9.9981e-17	9.9981e-17
573.913	2.07044e-14	9.96131e-17	9.93003e-17	6.98415e-20	6.23528e-19	1.4495e-18	2.5428e-18	3.35046e-18	4.68094e-18	6.48606e-18	8.50368e-18	1.0471e-17	1.23996e-17	1.51063e-17	1.78598e-17	2.03472e-17	2.25589e-17	2.49863e-17	2.76085e-17	2.98603e-17	3.28204e-17	3.55272e-17	3.95742e-17	4.31101e-17	4.65943e-17	4.88746e-17	5.20482e-17	5.51528e-17	5.74259e-17	5.97262e-17	6.22159e-17	6.42645e-17	6.6042e-17	6.82035e-17	7.0418e-17	7.19851e-17	7.38442e-17	7.53453e-17	7.70531e-17	7.84533e-17	8.00502e-17	8.0985e-17	8.2429e-17	8.36614e-17	8.45963e-17	8.57788e-17	8.67508e-17	8.76472e-17	8.85654e-17	8.9548e-17	9.03067e-17	9.10262e-17	9.17218e-17	9.22872e-17	9.29752e-17	9.34417e-17	9.39887e-17	9.44637e-17	9.48968e-17	9.52516e-17	9.56456e-17	9.60366e-17	9.63698e-17	9.66642e-17	9.70014e-17	9.7162e-17	9.75334e-17	9.77137e-17	9.7911e-17	9.8104e-17	9.82917e-17	9.83821e-17	9.8565e-17	9.869e-17	9.87586e-17	9.88457e-17	9.89387e-17	9.90157e-17	9.90457e-17	9.90954e-17	9.9128e-17	9.91632e-17	9.92107e-17	9.92318e-17	9.92511e-17	9.92698e-17	9.92789e-17	9.93003e-17	9.93003e-17	9.93003e-17	9.93003e-17	9.93003e-17	9.93003e-17
576.923	2.07044e-14	9.89169e-17	9.86066e-17	6.83921e-20	6.13775e-19	1.43035e-18	2.50885e-18	3.30523e-18	4.61592e-18	6.39767e-18	8.39191e-18	1.03364e-17	1.22409e-17	1.49122e-17	1.76391e-17	2.0106e-17	2.22966e-17	2.46987e-17	2.72988e-17	2.95432e-17	3.24973e-17	3.51933e-17	3.92181e-17	4.2737e-17	4.62072e-17	4.84765e-17	5.16303e-17	5.47138e-17	5.69753e-17	5.92634e-17	6.1741e-17	6.37749e-17	6.55813e-17	6.76851e-17	6.98883e-17	7.14462e-17	7.32953e-17	7.47839e-17	7.64799e-17	7.78691e-17	7.94574e-17	8.03858e-17	8.18207e-17	8.30439e-17	8.3972e-17	8.51483e-17	8.61145e-17	8.7032e-17	8.79209e-17	8.88974e-17	8.96504e-17	9.03636e-17	9.10554e-17	9.16175e-17	9.23022e-17	9.27679e-17	9.33123e-17	9.37855e-17	9.42177e-17	9.45705e-17	9.49629e-17	9.53528e-17	9.56849e-17	9.59771e-17	9.63137e-17	9.64737e-17	9.68441e-17	9.70235e-17	9.7221e-17	9.74142e-17	9.76012e-17	9.76912e-17	9.78731e-17	9.79978e-17	9.80665e-17	9.81533e-17	9.8245e-17	9.83216e-17	9.83516e-17	9.84013e-17	9.84338e-17	9.84695e-17	9.85173e-17	9.85384e-17	9.85575e-17	9.85762e-17	9.85852e-17	9.86066e-17	9.86066e-17	9.86066e-17	9.86066e-17	9.86066e-17	9.86066e-17
579.933	2.07044e-14	9.82071e-17	9.78992e-17	6.69811e-20	6.04208e-19	1.41147e-18	2.47541e-18	3.26071e-18	4.55192e-18	6.31049e-18	8.28165e-18	1.02037e-17	1.20843e-17	1.47209e-17	1.74213e-17	1.98678e-17	2.20376e-17	2.44146e-17	2.69929e-17	2.92295e-17	3.21762e-17	3.48602e-17	3.88617e-17	4.23622e-17	4.58171e-17	4.80746e-17	5.12085e-17	5.42701e-17	5.65191e-17	5.87944e-17	6.12597e-17	6.32789e-17	6.50329e-17	6.71595e-17	6.93505e-17	7.0899e-17	7.2738e-17	7.42142e-17	7.58981e-17	7.72759e-17	7.88552e-17	7.97769e-17	8.12031e-17	8.24166e-17	8.3338e-17	8.45071e-17	8.54671e-17	8.63584e-17	8.72654e-17	8.82363e-17	8.89833e-17	8.96902e-17	9.03776e-17	9.09358e-17	9.16174e-17	9.20819e-17	9.26234e-17	9.30952e-17	9.35263e-17	9.38769e-17	9.42679e-17	9.46568e-17	9.49874e-17	9.52777e-17	9.56136e-17	9.57729e-17	9.61416e-17	9.63201e-17	9.65176e-17	9.67109e-17	9.68969e-17	9.69867e-17	9.7168e-17	9.72925e-17	9.73612e-17	9.74477e-17	9.7538e-17	9.76142e-17	9.76443e-17	9.7694e-17	9.77264e-17	9.77623e-17	9.78102e-17	9.78312e-17	9.78502e-17	9.78689e-17	9.78777e-17	9.78992e-17	9.78992e-17	9.78992e-17	9.78992e-17	9.78992e-17	9.78992e-17
582.943	2.07044e-14	9.74831e-17	9.71775e-17	6.56141e-20	5.94827e-19	1.39281e-18	2.4424e-18	3.21681e-18	4.48886e-18	6.22442e-18	8.17269e-18	1.00725e-17	1.19297e-17	1.45322e-17	1.72061e-17	1.9632e-17	2.17814e-17	2.41335e-17	2.669e-17	2.89183e-17	3.18563e-17	3.4527e-17	3.85043e-17	4.1985e-17	4.54235e-17	4.76685e-17	5.07821e-17	5.38211e-17	5.60568e-17	5.83186e-17	6.07712e-17	6.27759e-17	6.4518e-17	6.66263e-17	6.88039e-17	7.03428e-17	7.21712e-17	7.36355e-17	7.5307e-17	7.6673e-17	7.82428e-17	7.91574e-17	8.05755e-17	8.17789e-17	8.26937e-17	8.38545e-17	8.48083e-17	8.57201e-17	8.65982e-17	8.75639e-17	8.83046e-17	8.90054e-17	8.96877e-17	9.02415e-17	9.09201e-17	9.1383e-17	9.19216e-17	9.23922e-17	9.28216e-17	9.31701e-17	9.356e-17	9.39477e-17	9.42767e-17	9.45653e-17	9.49004e-17	9.50588e-17	9.54253e-17	9.56031e-17	9.58003e-17	9.59933e-17	9.61783e-17	9.62678e-17	9.64489e-17	9.65732e-17	9.66417e-17	9.6728e-17	9.68169e-17	9.68929e-17	9.69232e-17	9.69729e-17	9.70051e-17	9.70409e-17	9.70888e-17	9.71097e-17	9.71286e-17	9.71472e-17	9.7156e-17	9.71775e-17	9.71775e-17	9.71775e-17	9.71775e-17	9.71775e-17	9.71775e-17
585.953	2.07044e-14	9.67442e-17	9.6441e-17	6.42957e-20	5.85636e-19	1.37433e-18	2.40976e-18	3.17344e-18	4.42665e-18	6.13935e-18	8.06485e-18	9.9426e-18	1.17766e-17	1.43456e-17	1.6993e-17	1.93982e-17	2.15273e-17	2.38547e-17	2.63896e-17	2.86091e-17	3.15369e-17	3.41931e-17	3.81452e-17	4.16048e-17	4.50257e-17	4.72573e-17	5.03505e-17	5.33663e-17	5.55878e-17	5.78354e-17	6.02748e-17	6.22651e-17	6.39952e-17	6.6085e-17	6.82481e-17	6.9777e-17	7.15944e-17	7.3047e-17	7.47059e-17	7.60598e-17	7.76194e-17	7.85268e-17	7.9937e-17	8.11303e-17	8.20385e-17	8.31902e-17	8.41376e-17	8.50223e-17	8.59184e-17	8.68793e-17	8.76137e-17	8.83086e-17	8.89853e-17	8.95344e-17	9.02098e-17	9.06704e-17	9.12062e-17	9.16757e-17	9.21032e-17	9.24496e-17	9.28385e-17	9.32247e-17	9.3552e-17	9.38393e-17	9.41734e-17	9.43309e-17	9.46948e-17	9.4872e-17	9.50687e-17	9.52611e-17	9.54448e-17	9.5534e-17	9.57153e-17	9.58392e-17	9.59075e-17	9.59936e-17	9.60813e-17	9.61572e-17	9.61876e-17	9.62373e-17	9.62693e-17	9.63048e-17	9.63524e-17	9.63732e-17	9.63921e-17	9.64107e-17	9.64195e-17	9.6441e-17	9.6441e-17	9.6441e-17	9.6441e-17	9.6441e-17	9.6441e-17
588.963	2.07044e-14	9.59901e-17	9.56893e-17	6.30294e-20	5.76634e-19	1.35599e-18	2.37744e-18	3.13053e-18	4.3652e-18	6.0552e-18	7.95798e-18	9.81388e-18	1.16249e-17	1.4161e-17	1.67818e-17	1.9166e-17	2.12749e-17	2.35778e-17	2.60911e-17	2.83013e-17	3.12173e-17	3.3858e-17	3.77838e-17	4.12213e-17	4.46233e-17	4.68408e-17	4.99128e-17	5.29052e-17	5.51118e-17	5.73445e-17	5.97698e-17	6.17458e-17	6.34637e-17	6.55349e-17	6.76826e-17	6.92012e-17	7.10068e-17	7.24482e-17	7.4094e-17	7.54359e-17	7.69845e-17	7.78847e-17	7.92871e-17	8.04702e-17	8.1372e-17	8.25136e-17	8.34546e-17	8.43348e-17	8.52255e-17	8.61816e-17	8.69099e-17	8.75993e-17	8.82697e-17	8.8814e-17	8.94859e-17	8.99438e-17	9.04769e-17	9.09453e-17	9.13704e-17	9.17149e-17	9.21027e-17	9.24871e-17	9.28128e-17	9.30991e-17	9.3432e-17	9.35885e-17	9.395e-17	9.41265e-17	9.43222e-17	9.45136e-17	9.46961e-17	9.4785e-17	9.49665e-17	9.50899e-17	9.51578e-17	9.52437e-17	9.53306e-17	9.54065e-17	9.54371e-17	9.54867e-17	9.55186e-17	9.55534e-17	9.56008e-17	9.56215e-17	9.56404e-17	9.5659e-17	9.56678e-17	9.56893e-17	9.56893e-17	9.56893e-17	9.56893e-17	9.56893e-17	9.56893e-17
591.973	2.07044e-14	9.52202e-17	9.49221e-17	6.18177e-20	5.67821e-19	1.33778e-18	2.34537e-18	3.08801e-18	4.30444e-18	5.97187e-18	7.85194e-18	9.68612e-18	1.14743e-17	1.39781e-17	1.65722e-17	1.89351e-17	2.10238e-17	2.33023e-17	2.5794e-17	2.79944e-17	3.08972e-17	3.3521e-17	3.74197e-17	4.0834e-17	4.4216e-17	4.64183e-17	4.94688e-17	5.24374e-17	5.46283e-17	5.68456e-17	5.92558e-17	6.12176e-17	6.29229e-17	6.49758e-17	6.7107e-17	6.86152e-17	7.04081e-17	7.18386e-17	7.3471e-17	7.48009e-17	7.63376e-17	7.72306e-17	7.86252e-17	7.97983e-17	8.06936e-17	8.18246e-17	8.2759e-17	8.36337e-17	8.45191e-17	8.54704e-17	8.61927e-17	8.68769e-17	8.75408e-17	8.80803e-17	8.87481e-17	8.92028e-17	8.97333e-17	9.02003e-17	9.06229e-17	9.09658e-17	9.13524e-17	9.17344e-17	9.20586e-17	9.23441e-17	9.26756e-17	9.2831e-17	9.31903e-17	9.33663e-17	9.35607e-17	9.37508e-17	9.39321e-17	9.40205e-17	9.42021e-17	9.43247e-17	9.43922e-17	9.4478e-17	9.45644e-17	9.46403e-17	9.4671e-17	9.47206e-17	9.47523e-17	9.47863e-17	9.48334e-17	9.48541e-17	9.48731e-17	9.48918e-17	9.49007e-17	9.49221e-17	9.49221e-17	9.49221e-17	9.49221e-17	9.49221e-17	9.49221e-17
594.983	2.07044e-14	9.44344e-17	9.41392e-17	6.06623e-20	5.59196e-19	1.31965e-18	2.3135e-18	3.04581e-18	4.2443e-18	5.88931e-18	7.74661e-18	9.55915e-18	1.13246e-17	1.37966e-17	1.63638e-17	1.87051e-17	2.07737e-17	2.30277e-17	2.54978e-17	2.76879e-17	3.0576e-17	3.31818e-17	3.70523e-17	4.04425e-17	4.38033e-17	4.59897e-17	4.90179e-17	5.19625e-17	5.4137e-17	5.63384e-17	5.87324e-17	6.06799e-17	6.24101e-17	6.44071e-17	6.65211e-17	6.80185e-17	6.9798e-17	7.12178e-17	7.28363e-17	7.41544e-17	7.56785e-17	7.65644e-17	7.79507e-17	7.91141e-17	8.00029e-17	8.1123e-17	8.20508e-17	8.29416e-17	8.37989e-17	8.47449e-17	8.54617e-17	8.6141e-17	8.6798e-17	8.7333e-17	8.7996e-17	8.84473e-17	8.89753e-17	8.94406e-17	8.98606e-17	9.02019e-17	9.0587e-17	9.09665e-17	9.12892e-17	9.15738e-17	9.19037e-17	9.20582e-17	9.24156e-17	9.25909e-17	9.27838e-17	9.29725e-17	9.31526e-17	9.32406e-17	9.34219e-17	9.35436e-17	9.36106e-17	9.36963e-17	9.37824e-17	9.38583e-17	9.3889e-17	9.39385e-17	9.39702e-17	9.40033e-17	9.40502e-17	9.4071e-17	9.40902e-17	9.41088e-17	9.41178e-17	9.41392e-17	9.41392e-17	9.41392e-17	9.41392e-17	9.41392e-17	9.41392e-17
597.993	2.07044e-14	9.36325e-17	9.33403e-17	5.95638e-20	5.50756e-19	1.3016e-18	2.2818e-18	3.00388e-18	4.18471e-18	5.80744e-18	7.64189e-18	9.43284e-18	1.11757e-17	1.36164e-17	1.61566e-17	1.84758e-17	2.05242e-17	2.27538e-17	2.52023e-17	2.73814e-17	3.02534e-17	3.28401e-17	3.66813e-17	4.00467e-17	4.33851e-17	4.55546e-17	4.85598e-17	5.14802e-17	5.36377e-17	5.58227e-17	5.81994e-17	6.01325e-17	6.18117e-17	6.38285e-17	6.59247e-17	6.74112e-17	6.91763e-17	7.05855e-17	7.21896e-17	7.34962e-17	7.5007e-17	7.58858e-17	7.72633e-17	7.84174e-17	7.92996e-17	8.04087e-17	8.13297e-17	8.22126e-17	8.30647e-17	8.40049e-17	8.47165e-17	8.53911e-17	8.60414e-17	8.6572e-17	8.72296e-17	8.76772e-17	8.82027e-17	8.86658e-17	8.90833e-17	8.94232e-17	8.98065e-17	9.01831e-17	9.05045e-17	9.0788e-17	9.11159e-17	9.12696e-17	9.16255e-17	9.18002e-17	9.19913e-17	9.21787e-17	9.23576e-17	9.24451e-17	9.26257e-17	9.27464e-17	9.28129e-17	9.28983e-17	9.29845e-17	9.30602e-17	9.30908e-17	9.31401e-17	9.31718e-17	9.32043e-17	9.32511e-17	9.3272e-17	9.32913e-17	9.33099e-17	9.3319e-17	9.33403e-17	9.33403e-17	9.33403e-17	9.33403e-17	9.33403e-17	9.33403e-17
601.003	2.07044e-14	9.28144e-17	9.25254e-17	5.85219e-20	5.42498e-19	1.2836e-18	2.25023e-18	2.96218e-18	4.12561e-18	5.72621e-18	7.5377e-18	9.30708e-18	1.10273e-17	1.34372e-17	1.59502e-17	1.82469e-17	2.0275e-17	2.24801e-17	2.49069e-17	2.70745e-17	2.99291e-17	3.24956e-17	3.63064e-17	3.96461e-17	4.29611e-17	4.51131e-17	4.80942e-17	5.09903e-17	5.31304e-17	5.52984e-17	5.76567e-17	5.95751e-17	6.12405e-17	6.32397e-17	6.53176e-17	6.67929e-17	6.85431e-17	6.99415e-17	7.15309e-17	7.28261e-17	7.4323e-17	7.51949e-17	7.65629e-17	7.7708e-17	7.85834e-17	7.96816e-17	8.05957e-17	8.147e-17	8.23165e-17	8.32502e-17	8.3957e-17	8.46269e-17	8.52706e-17	8.57971e-17	8.64488e-17	8.68925e-17	8.74155e-17	8.7876e-17	8.8291e-17	8.86295e-17	8.90107e-17	8.93843e-17	8.97044e-17	8.99863e-17	9.03123e-17	9.04652e-17	9.08199e-17	9.09937e-17	9.1183e-17	9.13693e-17	9.15472e-17	9.16341e-17	9.18137e-17	9.19331e-17	9.19992e-17	9.20843e-17	9.21705e-17	9.22458e-17	9.22763e-17	9.23255e-17	9.23572e-17	9.23891e-17	9.24358e-17	9.24569e-17	9.24764e-17	9.2495e-17	9.25042e-17	9.25254e-17	9.25254e-17	9.25254e-17	9.25254e-17	9.25254e-17	9.25254e-17
604.013	2.07044e-14	9.19803e-17	9.16944e-17	5.75356e-20	5.34416e-19	1.26565e-18	2.21876e-18	2.92065e-18	4.06696e-18	5.64558e-18	7.43398e-18	9.18175e-18	1.08794e-17	1.32589e-17	1.57446e-17	1.80183e-17	2.0026e-17	2.22065e-17	2.46115e-17	2.67671e-17	2.96029e-17	3.21482e-17	3.59274e-17	3.92407e-17	4.25313e-17	4.46651e-17	4.76212e-17	5.04925e-17	5.26148e-17	5.47656e-17	5.71043e-17	5.90077e-17	6.06589e-17	6.26406e-17	6.46999e-17	6.61638e-17	6.78983e-17	6.92858e-17	7.08601e-17	7.2144e-17	7.36265e-17	7.44917e-17	7.58493e-17	7.69857e-17	7.78541e-17	7.89417e-17	7.98488e-17	8.07137e-17	8.15544e-17	8.2481e-17	8.31831e-17	8.38482e-17	8.44857e-17	8.50083e-17	8.56536e-17	8.60935e-17	8.66136e-17	8.70711e-17	8.74839e-17	8.7821e-17	8.81997e-17	8.85703e-17	8.8889e-17	8.91689e-17	8.94928e-17	8.96451e-17	8.99985e-17	9.01715e-17	9.03591e-17	9.05444e-17	9.07214e-17	9.08076e-17	9.09857e-17	9.11041e-17	9.11696e-17	9.12544e-17	9.13406e-17	9.14153e-17	9.14455e-17	9.14946e-17	9.15263e-17	9.15579e-17	9.16046e-17	9.16258e-17	9.16455e-17	9.16641e-17	9.16733e-17	9.16944e-17	9.16944e-17	9.16944e-17	9.16944e-17	9.16944e-17	9.16944e-17
607.023	2.07044e-14	9.11302e-17	9.08475e-17	5.66031e-20	5.26504e-19	1.24774e-18	2.18737e-18	2.87928e-18	4.00869e-18	5.56549e-18	7.33067e-18	9.05678e-18	1.07318e-17	1.30813e-17	1.55395e-17	1.77899e-17	1.97768e-17	2.19326e-17	2.43158e-17	2.64587e-17	2.92746e-17	3.17977e-17	3.55442e-17	3.88303e-17	4.20956e-17	4.42106e-17	4.71406e-17	4.99867e-17	5.2091e-17	5.42241e-17	5.65423e-17	5.84302e-17	6.0103e-17	6.2031e-17	6.40715e-17	6.55238e-17	6.72421e-17	6.86184e-17	7.01772e-17	7.14498e-17	7.29177e-17	7.37763e-17	7.51228e-17	7.62506e-17	7.71118e-17	7.81891e-17	7.90888e-17	7.99442e-17	8.07786e-17	8.16975e-17	8.23951e-17	8.3055e-17	8.36868e-17	8.42055e-17	8.48441e-17	8.52804e-17	8.57973e-17	8.62513e-17	8.66621e-17	8.69977e-17	8.73736e-17	8.77414e-17	8.80585e-17	8.8336e-17	8.86578e-17	8.88095e-17	8.91615e-17	8.93334e-17	8.95195e-17	8.97041e-17	8.98802e-17	8.99656e-17	9.01422e-17	9.02595e-17	9.03246e-17	9.04089e-17	9.04949e-17	9.05689e-17	9.05988e-17	9.06477e-17	9.06794e-17	9.07109e-17	9.07576e-17	9.07788e-17	9.07986e-17	9.08172e-17	9.08264e-17	9.08475e-17	9.08475e-17	9.08475e-17	9.08475e-17	9.08475e-17	9.08475e-17
610.033	2.07044e-14	9.02645e-17	8.99848e-17	5.57219e-20	5.18756e-19	1.22985e-18	2.15604e-18	2.83802e-18	3.95078e-18	5.48592e-18	7.22774e-18	8.93211e-18	1.05845e-17	1.29042e-17	1.5335e-17	1.75615e-17	1.95274e-17	2.16583e-17	2.40195e-17	2.61493e-17	2.89441e-17	3.14441e-17	3.51565e-17	3.84148e-17	4.1654e-17	4.37496e-17	4.66526e-17	4.94731e-17	5.15589e-17	5.36742e-17	5.59711e-17	5.78429e-17	5.94641e-17	6.1411e-17	6.34325e-17	6.4873e-17	6.65749e-17	6.79395e-17	6.94826e-17	7.07437e-17	7.21967e-17	7.30488e-17	7.43835e-17	7.55027e-17	7.63564e-17	7.7424e-17	7.83161e-17	7.91618e-17	7.99895e-17	8.08999e-17	8.1593e-17	8.22475e-17	8.28739e-17	8.33887e-17	8.40206e-17	8.44535e-17	8.49667e-17	8.54171e-17	8.5826e-17	8.61598e-17	8.65327e-17	8.6898e-17	8.72133e-17	8.7488e-17	8.78075e-17	8.79586e-17	8.83088e-17	8.84797e-17	8.86645e-17	8.88486e-17	8.90238e-17	8.91084e-17	8.92834e-17	8.93998e-17	8.94645e-17	8.95482e-17	8.96338e-17	8.97069e-17	8.97365e-17	8.97851e-17	8.98168e-17	8.98484e-17	8.9895e-17	8.99162e-17	8.9936e-17	8.99545e-17	8.99638e-17	8.99848e-17	8.99848e-17	8.99848e-17	8.99848e-17	8.99848e-17	8.99848e-17
613.043	2.07044e-14	8.93836e-17	8.91067e-17	5.48892e-20	5.11163e-19	1.212e-18	2.12476e-18	2.79687e-18	3.89318e-18	5.40684e-18	7.12516e-18	8.80769e-18	1.04374e-17	1.27277e-17	1.51308e-17	1.7333e-17	1.92776e-17	2.13835e-17	2.37226e-17	2.58386e-17	2.86113e-17	3.10874e-17	3.47645e-17	3.79943e-17	4.12066e-17	4.32824e-17	4.61573e-17	4.89515e-17	5.10186e-17	5.31158e-17	5.53909e-17	5.7246e-17	5.88514e-17	6.07807e-17	6.27833e-17	6.42115e-17	6.58969e-17	6.72494e-17	6.87766e-17	7.00258e-17	7.1464e-17	7.23094e-17	7.36318e-17	7.47424e-17	7.55884e-17	7.66466e-17	7.75306e-17	7.83669e-17	7.91874e-17	8.0089e-17	8.07773e-17	8.1426e-17	8.20474e-17	8.25582e-17	8.31834e-17	8.3613e-17	8.41223e-17	8.45688e-17	8.49757e-17	8.53077e-17	8.56773e-17	8.60404e-17	8.63536e-17	8.66252e-17	8.69426e-17	8.7093e-17	8.7441e-17	8.76107e-17	8.77945e-17	8.79782e-17	8.81524e-17	8.82362e-17	8.84097e-17	8.85254e-17	8.85895e-17	8.86726e-17	8.87576e-17	8.88298e-17	8.88592e-17	8.89075e-17	8.89392e-17	8.89707e-17	8.90172e-17	8.90383e-17	8.9058e-17	8.90765e-17	8.90857e-17	8.91067e-17	8.91067e-17	8.91067e-17	8.91067e-17	8.91067e-17	8.91067e-17
616.054	2.07044e-14	8.8488e-17	8.82138e-17	5.41015e-20	5.03717e-19	1.19417e-18	2.09352e-18	2.75582e-18	3.83588e-18	5.32821e-18	7.02291e-18	8.68349e-18	1.02904e-17	1.25515e-17	1.4927e-17	1.71045e-17	1.90274e-17	2.1108e-17	2.34248e-17	2.55266e-17	2.82762e-17	3.07276e-17	3.43683e-17	3.75687e-17	4.07534e-17	4.28092e-17	4.5655e-17	4.84223e-17	5.04704e-17	5.25493e-17	5.48021e-17	5.66398e-17	5.8229e-17	6.01403e-17	6.21239e-17	6.35396e-17	6.52085e-17	6.65485e-17	6.80595e-17	6.92966e-17	7.07198e-17	7.15586e-17	7.28681e-17	7.39699e-17	7.48079e-17	7.5857e-17	7.67328e-17	7.75598e-17	7.83727e-17	7.92652e-17	7.99485e-17	8.05909e-17	8.12077e-17	8.17142e-17	8.23329e-17	8.27595e-17	8.32643e-17	8.3707e-17	8.41119e-17	8.44417e-17	8.48081e-17	8.51691e-17	8.54799e-17	8.57485e-17	8.60636e-17	8.62133e-17	8.65584e-17	8.67269e-17	8.69098e-17	8.70931e-17	8.72662e-17	8.73493e-17	8.75215e-17	8.76366e-17	8.77003e-17	8.77826e-17	8.78669e-17	8.79383e-17	8.79673e-17	8.80154e-17	8.8047e-17	8.80786e-17	8.81247e-17	8.81455e-17	8.81651e-17	8.81835e-17	8.81928e-17	8.82138e-17	8.82138e-17	8.82138e-17	8.82138e-17	8.82138e-17	8.82138e-17
619.064	2.07044e-14	8.75782e-17	8.73067e-17	5.33551e-20	4.96409e-19	1.17638e-18	2.06232e-18	2.71484e-18	3.77885e-18	5.25003e-18	6.92099e-18	8.55949e-18	1.01437e-17	1.23757e-17	1.47235e-17	1.68759e-17	1.87767e-17	2.08319e-17	2.31262e-17	2.52131e-17	2.79389e-17	3.03649e-17	3.39678e-17	3.71382e-17	4.02947e-17	4.23301e-17	4.5146e-17	4.78855e-17	4.99144e-17	5.19747e-17	5.4205e-17	5.60248e-17	5.75972e-17	5.94901e-17	6.14547e-17	6.28577e-17	6.45101e-17	6.58371e-17	6.73319e-17	6.85563e-17	6.99647e-17	7.07967e-17	7.2093e-17	7.31858e-17	7.40156e-17	7.50557e-17	7.59229e-17	7.67412e-17	7.75461e-17	7.84293e-17	7.91071e-17	7.9743e-17	8.03553e-17	8.08573e-17	8.14697e-17	8.18932e-17	8.23933e-17	8.28323e-17	8.32349e-17	8.35624e-17	8.39255e-17	8.42848e-17	8.45929e-17	8.48585e-17	8.51712e-17	8.532e-17	8.56618e-17	8.58291e-17	8.60112e-17	8.61938e-17	8.63659e-17	8.64482e-17	8.66194e-17	8.67341e-17	8.67972e-17	8.68788e-17	8.69623e-17	8.70329e-17	8.70616e-17	8.71094e-17	8.71409e-17	8.71724e-17	8.72181e-17	8.72386e-17	8.72581e-17	8.72764e-17	8.72856e-17	8.73067e-17	8.73067e-17	8.73067e-17	8.73067e-17	8.73067e-17	8.73067e-17
622.074	2.07044e-14	8.6655e-17	8.63861e-17	5.26462e-20	4.8923e-19	1.15863e-18	2.03115e-18	2.67395e-18	3.72207e-18	5.17227e-18	6.81941e-18	8.43569e-18	9.99702e-18	1.22001e-17	1.45202e-17	1.66472e-17	1.85256e-17	2.05552e-17	2.28268e-17	2.48983e-17	2.75994e-17	2.99994e-17	3.35634e-17	3.6703e-17	3.98306e-17	4.18455e-17	4.46307e-17	4.73417e-17	4.9351e-17	5.13924e-17	5.36001e-17	5.54014e-17	5.69916e-17	5.88306e-17	6.07761e-17	6.2166e-17	6.38021e-17	6.51157e-17	6.65943e-17	6.78057e-17	6.91992e-17	7.00241e-17	7.13072e-17	7.23906e-17	7.32119e-17	7.42431e-17	7.51015e-17	7.59114e-17	7.67081e-17	7.75819e-17	7.82539e-17	7.8883e-17	7.94908e-17	7.99879e-17	8.05943e-17	8.10148e-17	8.15098e-17	8.19453e-17	8.23453e-17	8.26703e-17	8.30303e-17	8.33879e-17	8.36931e-17	8.39558e-17	8.42662e-17	8.4414e-17	8.47519e-17	8.49179e-17	8.50992e-17	8.52809e-17	8.54518e-17	8.55335e-17	8.5704e-17	8.58183e-17	8.58808e-17	8.59617e-17	8.60444e-17	8.61143e-17	8.61428e-17	8.61903e-17	8.62216e-17	8.6253e-17	8.62982e-17	8.63183e-17	8.63376e-17	8.63558e-17	8.63649e-17	8.63861e-17	8.63861e-17	8.63861e-17	8.63861e-17	8.63861e-17	8.63861e-17
625.084	2.07044e-14	8.57191e-17	8.54528e-17	5.19705e-20	4.8217e-19	1.14093e-18	2.00004e-18	2.63313e-18	3.66554e-18	5.09494e-18	6.71817e-18	8.3121e-18	9.85055e-18	1.20248e-17	1.43172e-17	1.64185e-17	1.82741e-17	2.02778e-17	2.25264e-17	2.4582e-17	2.72577e-17	2.96313e-17	3.31553e-17	3.62632e-17	3.93613e-17	4.13556e-17	4.41095e-17	4.6791e-17	4.87803e-17	5.08027e-17	5.29878e-17	5.47701e-17	5.63426e-17	5.81624e-17	6.00885e-17	6.14651e-17	6.30851e-17	6.4385e-17	6.58474e-17	6.70453e-17	6.8424e-17	6.92414e-17	7.05112e-17	7.15849e-17	7.23977e-17	7.34198e-17	7.42693e-17	7.50711e-17	7.58593e-17	7.67238e-17	7.73895e-17	7.80117e-17	7.86148e-17	7.91067e-17	7.97075e-17	8.01247e-17	8.06147e-17	8.10467e-17	8.14439e-17	8.17662e-17	8.21232e-17	8.24791e-17	8.27812e-17	8.30414e-17	8.33493e-17	8.34958e-17	8.38296e-17	8.39945e-17	8.41748e-17	8.43552e-17	8.45248e-17	8.46059e-17	8.4776e-17	8.48898e-17	8.49518e-17	8.50319e-17	8.51139e-17	8.51834e-17	8.52117e-17	8.52588e-17	8.52899e-17	8.53211e-17	8.53656e-17	8.53854e-17	8.54044e-17	8.54225e-17	8.54317e-17	8.54528e-17	8.54528e-17	8.54528e-17	8.54528e-17	8.54528e-17	8.54528e-17
628.094	2.07044e-14	8.47712e-17	8.45079e-17	5.13239e-20	4.75218e-19	1.12328e-18	1.96897e-18	2.59241e-18	3.60925e-18	5.01801e-18	6.6173e-18	8.18874e-18	9.70428e-18	1.18498e-17	1.41144e-17	1.61897e-17	1.80222e-17	1.99998e-17	2.22252e-17	2.42644e-17	2.69141e-17	2.92607e-17	3.27437e-17	3.58191e-17	3.88872e-17	4.08607e-17	4.35829e-17	4.62341e-17	4.8203e-17	5.02059e-17	5.23687e-17	5.41316e-17	5.5652e-17	5.7486e-17	5.93926e-17	6.07554e-17	6.23595e-17	6.36456e-17	6.50917e-17	6.62757e-17	6.76395e-17	6.84491e-17	6.97058e-17	7.07695e-17	7.15737e-17	7.25865e-17	7.34267e-17	7.42208e-17	7.50004e-17	7.58559e-17	7.65148e-17	7.713e-17	7.77281e-17	7.82146e-17	7.881e-17	7.92237e-17	7.97086e-17	8.01373e-17	8.05313e-17	8.08509e-17	8.12049e-17	8.15591e-17	8.18579e-17	8.2116e-17	8.24212e-17	8.25664e-17	8.2896e-17	8.30595e-17	8.32387e-17	8.34174e-17	8.35857e-17	8.36663e-17	8.38359e-17	8.39493e-17	8.40107e-17	8.40902e-17	8.41717e-17	8.42408e-17	8.42689e-17	8.43157e-17	8.43465e-17	8.43773e-17	8.44212e-17	8.44408e-17	8.44596e-17	8.44775e-17	8.44867e-17	8.45079e-17	8.45079e-17	8.45079e-17	8.45079e-17	8.45079e-17	8.45079e-17
631.104	2.07044e-14	8.38123e-17	8.35521e-17	5.07021e-20	4.68365e-19	1.10569e-18	1.93798e-18	2.55179e-18	3.5532e-18	4.9415e-18	6.51682e-18	8.06564e-18	9.55827e-18	1.1675e-17	1.39119e-17	1.5961e-17	1.777e-17	1.97214e-17	2.19233e-17	2.39454e-17	2.65687e-17	2.88879e-17	3.23289e-17	3.5371e-17	3.84085e-17	4.03612e-17	4.30513e-17	4.56714e-17	4.76195e-17	4.96026e-17	5.17432e-17	5.34865e-17	5.49891e-17	5.68021e-17	5.86889e-17	6.00377e-17	6.1626e-17	6.28981e-17	6.43281e-17	6.54978e-17	6.68466e-17	6.76481e-17	6.88917e-17	6.9945e-17	7.07407e-17	7.17438e-17	7.25748e-17	7.33408e-17	7.41321e-17	7.49787e-17	7.56305e-17	7.62388e-17	7.68317e-17	7.73125e-17	7.79025e-17	7.83125e-17	7.87923e-17	7.92178e-17	7.96083e-17	7.99251e-17	8.02765e-17	8.06286e-17	8.09241e-17	8.11804e-17	8.14828e-17	8.16266e-17	8.19519e-17	8.21142e-17	8.22919e-17	8.24686e-17	8.26355e-17	8.27156e-17	8.28848e-17	8.29977e-17	8.30584e-17	8.31373e-17	8.32185e-17	8.32874e-17	8.33153e-17	8.33617e-17	8.33922e-17	8.34227e-17	8.3466e-17	8.34854e-17	8.3504e-17	8.35218e-17	8.3531e-17	8.35521e-17	8.35521e-17	8.35521e-17	8.35521e-17	8.35521e-17	8.35521e-17
634.114	2.07044e-14	8.28434e-17	8.25864e-17	5.01011e-20	4.61601e-19	1.08816e-18	1.90706e-18	2.51128e-18	3.49741e-18	4.8654e-18	6.41674e-18	7.94283e-18	9.41255e-18	1.15005e-17	1.37096e-17	1.57324e-17	1.75176e-17	1.94426e-17	2.16207e-17	2.36253e-17	2.62215e-17	2.8513e-17	3.19113e-17	3.49194e-17	3.79257e-17	3.98574e-17	4.25152e-17	4.51035e-17	4.70302e-17	4.89931e-17	5.11118e-17	5.28352e-17	5.432e-17	5.61115e-17	5.7978e-17	5.93125e-17	6.08852e-17	6.21431e-17	6.35571e-17	6.47122e-17	6.60461e-17	6.68391e-17	6.80697e-17	6.91124e-17	6.98995e-17	7.08926e-17	7.17142e-17	7.24929e-17	7.32552e-17	7.4093e-17	7.47376e-17	7.5339e-17	7.59262e-17	7.64013e-17	7.6986e-17	7.7392e-17	7.78668e-17	7.8289e-17	7.86757e-17	7.89898e-17	7.93386e-17	7.96884e-17	7.99807e-17	8.02354e-17	8.05349e-17	8.06771e-17	8.09984e-17	8.11593e-17	8.13354e-17	8.15097e-17	8.16753e-17	8.17548e-17	8.19233e-17	8.20356e-17	8.20958e-17	8.2174e-17	8.22552e-17	8.23239e-17	8.23517e-17	8.23977e-17	8.24279e-17	8.2458e-17	8.25009e-17	8.252e-17	8.25385e-17	8.25562e-17	8.25653e-17	8.25864e-17	8.25864e-17	8.25864e-17	8.25864e-17	8.25864e-17	8.25864e-17
637.124	2.07044e-14	8.18652e-17	8.16117e-17	4.95169e-20	4.54917e-19	1.07072e-18	1.87624e-18	2.47089e-18	3.44187e-18	4.78973e-18	6.31711e-18	7.82037e-18	9.26721e-18	1.13263e-17	1.35077e-17	1.5504e-17	1.72651e-17	1.91636e-17	2.13176e-17	2.33042e-17	2.58729e-17	2.81363e-17	3.14912e-17	3.44644e-17	3.7439e-17	3.93498e-17	4.1975e-17	4.45309e-17	4.64358e-17	4.83781e-17	5.0475e-17	5.21786e-17	5.36455e-17	5.5415e-17	5.72606e-17	5.85807e-17	6.01376e-17	6.13815e-17	6.27795e-17	6.392e-17	6.52386e-17	6.60228e-17	6.72405e-17	6.82725e-17	6.90511e-17	7.00337e-17	7.0846e-17	7.15968e-17	7.23705e-17	7.31997e-17	7.38368e-17	7.44316e-17	7.50127e-17	7.54821e-17	7.60614e-17	7.6463e-17	7.69329e-17	7.73519e-17	7.77346e-17	7.8046e-17	7.83922e-17	7.87393e-17	7.90287e-17	7.92819e-17	7.95783e-17	7.97189e-17	8.00366e-17	8.0196e-17	8.03701e-17	8.0542e-17	8.07061e-17	8.07851e-17	8.09526e-17	8.10641e-17	8.11237e-17	8.12015e-17	8.12827e-17	8.13513e-17	8.13788e-17	8.14245e-17	8.14544e-17	8.14842e-17	8.15267e-17	8.15457e-17	8.15641e-17	8.15817e-17	8.15908e-17	8.16117e-17	8.16117e-17	8.16117e-17	8.16117e-17	8.16117e-17	8.16117e-17
640.134	2.07044e-14	8.08789e-17	8.0629e-17	4.89457e-20	4.48304e-19	1.05337e-18	1.84553e-18	2.43066e-18	3.3866e-18	4.71448e-18	6.21796e-18	7.69828e-18	9.12229e-18	1.11526e-17	1.33062e-17	1.5276e-17	1.70127e-17	1.88845e-17	2.10141e-17	2.29822e-17	2.5523e-17	2.7758e-17	3.10689e-17	3.40066e-17	3.6949e-17	3.88386e-17	4.14314e-17	4.39543e-17	4.58369e-17	4.77581e-17	4.98334e-17	5.1517e-17	5.29986e-17	5.47132e-17	5.65376e-17	5.78428e-17	5.9384e-17	6.06139e-17	6.1996e-17	6.31217e-17	6.4425e-17	6.52e-17	6.6405e-17	6.7426e-17	6.81963e-17	6.91681e-17	6.99709e-17	7.07336e-17	7.14788e-17	7.22994e-17	7.2929e-17	7.35174e-17	7.40922e-17	7.45558e-17	7.51295e-17	7.55266e-17	7.59917e-17	7.64072e-17	7.67858e-17	7.70946e-17	7.74383e-17	7.77824e-17	7.80688e-17	7.83207e-17	7.86139e-17	7.87529e-17	7.90672e-17	7.92251e-17	7.93971e-17	7.95664e-17	7.9729e-17	7.98076e-17	7.99736e-17	8.00842e-17	8.01433e-17	8.02205e-17	8.03019e-17	8.03704e-17	8.03977e-17	8.04429e-17	8.04725e-17	8.05022e-17	8.05444e-17	8.05634e-17	8.05817e-17	8.05992e-17	8.06082e-17	8.0629e-17	8.0629e-17	8.0629e-17	8.0629e-17	8.0629e-17	8.0629e-17
643.144	2.07044e-14	7.98854e-17	7.96392e-17	4.83838e-20	4.41752e-19	1.03612e-18	1.81496e-18	2.3906e-18	3.33162e-18	4.63968e-18	6.11932e-18	7.57664e-18	8.97789e-18	1.09793e-17	1.31051e-17	1.50482e-17	1.67604e-17	1.86055e-17	2.07104e-17	2.26595e-17	2.51719e-17	2.73784e-17	3.06449e-17	3.35463e-17	3.6456e-17	3.83244e-17	4.08847e-17	4.33742e-17	4.5234e-17	4.71337e-17	4.91874e-17	5.08513e-17	5.23147e-17	5.4007e-17	5.58097e-17	5.70999e-17	5.8625e-17	5.98412e-17	6.12073e-17	6.23184e-17	6.3606e-17	6.43718e-17	6.55639e-17	6.65738e-17	6.73359e-17	6.82967e-17	6.90901e-17	6.98443e-17	7.05809e-17	7.1393e-17	7.20151e-17	7.25974e-17	7.31654e-17	7.36235e-17	7.41914e-17	7.45837e-17	7.50441e-17	7.54558e-17	7.58303e-17	7.61366e-17	7.64776e-17	7.68185e-17	7.71022e-17	7.73527e-17	7.76427e-17	7.77801e-17	7.80913e-17	7.82475e-17	7.84174e-17	7.85841e-17	7.87453e-17	7.88232e-17	7.89875e-17	7.90969e-17	7.91557e-17	7.92323e-17	7.93138e-17	7.9382e-17	7.94091e-17	7.9454e-17	7.94833e-17	7.9513e-17	7.95551e-17	7.95741e-17	7.95922e-17	7.96096e-17	7.96186e-17	7.96392e-17	7.96392e-17	7.96392e-17	7.96392e-17	7.96392e-17	7.96392e-17
646.154	2.07044e-14	7.88858e-17	7.86432e-17	4.7828e-20	4.35254e-19	1.01897e-18	1.78453e-18	2.35072e-18	3.27695e-18	4.56532e-18	6.02123e-18	7.45549e-18	8.83408e-18	1.08065e-17	1.29046e-17	1.4821e-17	1.65085e-17	1.83268e-17	2.04067e-17	2.23363e-17	2.48201e-17	2.69978e-17	3.02195e-17	3.30841e-17	3.59604e-17	3.78074e-17	4.03355e-17	4.27913e-17	4.46279e-17	4.65057e-17	4.85376e-17	5.01819e-17	5.15957e-17	5.32972e-17	5.50776e-17	5.63525e-17	5.78615e-17	5.90639e-17	6.04143e-17	6.15108e-17	6.27826e-17	6.35389e-17	6.47181e-17	6.57169e-17	6.64709e-17	6.74203e-17	6.82043e-17	6.89497e-17	6.96778e-17	7.04812e-17	7.1096e-17	7.16722e-17	7.22335e-17	7.26861e-17	7.32481e-17	7.36355e-17	7.40911e-17	7.44988e-17	7.48692e-17	7.51729e-17	7.55112e-17	7.58487e-17	7.61297e-17	7.63787e-17	7.66655e-17	7.68013e-17	7.71098e-17	7.72642e-17	7.74319e-17	7.75962e-17	7.77558e-17	7.78331e-17	7.79952e-17	7.81035e-17	7.81618e-17	7.82379e-17	7.83194e-17	7.83873e-17	7.84141e-17	7.84587e-17	7.84877e-17	7.85175e-17	7.85596e-17	7.85786e-17	7.85966e-17	7.86139e-17	7.86228e-17	7.86432e-17	7.86432e-17	7.86432e-17	7.86432e-17	7.86432e-17	7.86432e-17
649.164	2.07044e-14	7.78809e-17	7.76419e-17	4.72752e-20	4.28803e-19	1.00194e-18	1.75428e-18	2.31106e-18	3.2226e-18	4.49144e-18	5.92372e-18	7.33489e-18	8.69093e-18	1.06344e-17	1.27046e-17	1.45944e-17	1.62571e-17	1.80486e-17	2.01032e-17	2.20128e-17	2.44676e-17	2.66164e-17	2.9793e-17	3.26203e-17	3.54628e-17	3.72882e-17	3.97841e-17	4.22062e-17	4.40192e-17	4.58745e-17	4.78847e-17	4.95095e-17	5.09059e-17	5.25845e-17	5.43422e-17	5.56017e-17	5.7094e-17	5.82829e-17	5.96175e-17	6.06997e-17	6.19555e-17	6.27023e-17	6.38684e-17	6.4856e-17	6.56019e-17	6.65399e-17	6.73146e-17	6.80508e-17	6.87704e-17	6.95649e-17	7.01724e-17	7.07428e-17	7.12972e-17	7.17445e-17	7.23003e-17	7.26828e-17	7.31337e-17	7.35371e-17	7.39034e-17	7.42045e-17	7.454e-17	7.48738e-17	7.51525e-17	7.53998e-17	7.56833e-17	7.58176e-17	7.61235e-17	7.62761e-17	7.64416e-17	7.66036e-17	7.67617e-17	7.68382e-17	7.69978e-17	7.71049e-17	7.71629e-17	7.72384e-17	7.73196e-17	7.73871e-17	7.74137e-17	7.74579e-17	7.74867e-17	7.75167e-17	7.75589e-17	7.75779e-17	7.75957e-17	7.7613e-17	7.76217e-17	7.76419e-17	7.76419e-17	7.76419e-17	7.76419e-17	7.76419e-17	7.76419e-17
652.174	2.07044e-14	7.68719e-17	7.66364e-17	4.67227e-20	4.22392e-19	9.85034e-19	1.72422e-18	2.27163e-18	3.1686e-18	4.41804e-18	5.82684e-18	7.2149e-18	8.54852e-18	1.0463e-17	1.25053e-17	1.43685e-17	1.60063e-17	1.7771e-17	1.98e-17	2.16892e-17	2.41147e-17	2.62344e-17	2.93659e-17	3.21553e-17	3.49636e-17	3.67673e-17	3.92312e-17	4.16193e-17	4.34085e-17	4.5241e-17	4.72291e-17	4.88347e-17	5.02445e-17	5.18696e-17	5.36042e-17	5.48481e-17	5.63234e-17	5.7499e-17	5.88177e-17	5.98858e-17	6.11256e-17	6.18628e-17	6.30155e-17	6.3992e-17	6.47299e-17	6.56564e-17	6.64219e-17	6.71486e-17	6.78595e-17	6.8645e-17	6.92453e-17	6.98099e-17	7.03575e-17	7.07998e-17	7.13492e-17	7.17267e-17	7.21728e-17	7.25717e-17	7.29339e-17	7.32324e-17	7.35648e-17	7.3895e-17	7.41714e-17	7.44167e-17	7.4697e-17	7.48299e-17	7.51334e-17	7.5284e-17	7.54474e-17	7.56074e-17	7.57638e-17	7.58396e-17	7.59966e-17	7.61025e-17	7.61601e-17	7.62349e-17	7.63156e-17	7.63826e-17	7.64089e-17	7.64527e-17	7.64813e-17	7.65116e-17	7.65539e-17	7.65728e-17	7.65905e-17	7.66077e-17	7.66164e-17	7.66364e-17	7.66364e-17	7.66364e-17	7.66364e-17	7.66364e-17	7.66364e-17
655.184	2.07044e-14	7.58597e-17	7.56275e-17	4.61681e-20	4.16014e-19	9.68261e-19	1.69437e-18	2.23246e-18	3.11496e-18	4.34514e-18	5.73061e-18	7.09559e-18	8.40694e-18	1.02924e-17	1.23067e-17	1.41433e-17	1.57563e-17	1.74942e-17	1.94974e-17	2.13658e-17	2.37617e-17	2.58522e-17	2.89384e-17	3.16896e-17	3.44633e-17	3.6245e-17	3.8677e-17	4.10314e-17	4.27964e-17	4.46058e-17	4.65715e-17	4.8158e-17	4.95502e-17	5.11532e-17	5.28645e-17	5.40926e-17	5.55505e-17	5.67128e-17	5.80157e-17	5.907e-17	6.02935e-17	6.10212e-17	6.21603e-17	6.31256e-17	6.38556e-17	6.47706e-17	6.5527e-17	6.62439e-17	6.69462e-17	6.77222e-17	6.83155e-17	6.88743e-17	6.94152e-17	6.98527e-17	7.03956e-17	7.07682e-17	7.12095e-17	7.16035e-17	7.19617e-17	7.22575e-17	7.25866e-17	7.29132e-17	7.31873e-17	7.34305e-17	7.37076e-17	7.38392e-17	7.41402e-17	7.42889e-17	7.44504e-17	7.46085e-17	7.47632e-17	7.48381e-17	7.49925e-17	7.50971e-17	7.51544e-17	7.52285e-17	7.53083e-17	7.53746e-17	7.54008e-17	7.54442e-17	7.54726e-17	7.55032e-17	7.55455e-17	7.55644e-17	7.5582e-17	7.55991e-17	7.56076e-17	7.56275e-17	7.56275e-17	7.56275e-17	7.56275e-17	7.56275e-17	7.56275e-17
658.194	2.07044e-14	7.48453e-17	7.46161e-17	4.56092e-20	4.09664e-19	9.51628e-19	1.66474e-18	2.19357e-18	3.06172e-18	4.27276e-18	5.63508e-18	6.977e-18	8.26626e-18	1.01227e-17	1.21091e-17	1.39191e-17	1.55071e-17	1.72183e-17	1.91956e-17	2.10427e-17	2.34088e-17	2.547e-17	2.85109e-17	3.12237e-17	3.39623e-17	3.57217e-17	3.81221e-17	4.04428e-17	4.21835e-17	4.39696e-17	4.59125e-17	4.748e-17	4.88549e-17	5.0436e-17	5.21237e-17	5.33359e-17	5.4776e-17	5.59251e-17	5.72122e-17	5.82529e-17	5.94602e-17	6.01784e-17	6.13036e-17	6.22578e-17	6.29798e-17	6.38835e-17	6.46307e-17	6.53377e-17	6.60312e-17	6.67975e-17	6.73838e-17	6.79368e-17	6.84712e-17	6.8904e-17	6.94403e-17	6.98082e-17	7.02445e-17	7.06335e-17	7.09878e-17	7.12806e-17	7.16063e-17	7.19294e-17	7.22012e-17	7.2442e-17	7.27161e-17	7.28463e-17	7.31448e-17	7.32916e-17	7.34512e-17	7.36076e-17	7.37606e-17	7.38347e-17	7.39864e-17	7.40898e-17	7.41468e-17	7.42201e-17	7.42988e-17	7.43644e-17	7.43903e-17	7.44334e-17	7.44617e-17	7.44925e-17	7.45348e-17	7.45536e-17	7.4571e-17	7.4588e-17	7.45963e-17	7.46161e-17	7.46161e-17	7.46161e-17	7.46161e-17	7.46161e-17	7.46161e-17
661.204	2.07044e-14	7.38295e-17	7.36032e-17	4.50443e-20	4.03339e-19	9.35141e-19	1.63537e-18	2.15499e-18	3.00889e-18	4.20092e-18	5.54027e-18	6.85921e-18	8.12655e-18	9.95396e-18	1.19123e-17	1.36959e-17	1.52591e-17	1.69437e-17	1.88947e-17	2.07203e-17	2.30562e-17	2.5088e-17	2.80838e-17	3.07579e-17	3.34611e-17	3.51981e-17	3.75668e-17	3.98541e-17	4.15705e-17	4.3333e-17	4.52527e-17	4.68014e-17	4.81296e-17	4.97186e-17	5.13826e-17	5.25788e-17	5.40007e-17	5.51367e-17	5.64079e-17	5.74353e-17	5.86263e-17	5.93351e-17	6.04461e-17	6.13892e-17	6.21031e-17	6.29957e-17	6.37338e-17	6.44126e-17	6.51154e-17	6.58718e-17	6.64512e-17	6.69982e-17	6.75263e-17	6.79545e-17	6.84843e-17	6.88475e-17	6.92789e-17	6.96627e-17	7.0013e-17	7.03028e-17	7.06249e-17	7.09445e-17	7.1214e-17	7.14523e-17	7.17234e-17	7.18523e-17	7.21482e-17	7.2293e-17	7.24509e-17	7.26058e-17	7.27569e-17	7.28301e-17	7.29795e-17	7.30817e-17	7.31382e-17	7.32107e-17	7.3288e-17	7.33529e-17	7.33786e-17	7.34214e-17	7.34494e-17	7.34803e-17	7.35226e-17	7.35412e-17	7.35584e-17	7.35754e-17	7.35836e-17	7.36032e-17	7.36032e-17	7.36032e-17	7.36032e-17	7.36032e-17	7.36032e-17
664.214	2.07044e-14	7.28133e-17	7.25897e-17	4.4472e-20	3.97033e-19	9.18807e-19	1.60626e-18	2.11674e-18	2.9565e-18	4.12964e-18	5.44623e-18	6.74225e-18	7.98789e-18	9.78633e-18	1.17166e-17	1.34738e-17	1.50122e-17	1.66704e-17	1.85951e-17	2.03987e-17	2.27043e-17	2.47066e-17	2.76572e-17	3.02926e-17	3.29601e-17	3.46745e-17	3.70117e-17	3.92657e-17	4.09578e-17	4.26967e-17	4.45927e-17	4.61225e-17	4.74629e-17	4.90014e-17	5.06419e-17	5.1822e-17	5.32253e-17	5.43481e-17	5.56034e-17	5.66179e-17	5.77926e-17	5.84921e-17	5.95886e-17	6.05207e-17	6.12264e-17	6.2108e-17	6.28371e-17	6.35242e-17	6.41998e-17	6.49459e-17	6.55184e-17	6.60593e-17	6.65813e-17	6.7005e-17	6.75282e-17	6.78871e-17	6.83133e-17	6.86919e-17	6.90384e-17	6.93248e-17	6.96432e-17	6.99595e-17	7.02264e-17	7.0462e-17	7.07304e-17	7.0858e-17	7.1151e-17	7.12939e-17	7.14503e-17	7.16037e-17	7.1753e-17	7.18252e-17	7.19724e-17	7.20734e-17	7.21295e-17	7.22012e-17	7.2277e-17	7.23411e-17	7.23666e-17	7.2409e-17	7.24368e-17	7.24677e-17	7.25097e-17	7.25283e-17	7.25453e-17	7.25621e-17	7.25702e-17	7.25897e-17	7.25897e-17	7.25897e-17	7.25897e-17	7.25897e-17	7.25897e-17
667.224	2.07044e-14	7.17976e-17	7.15765e-17	4.38911e-20	3.90745e-19	9.02631e-19	1.57743e-18	2.07883e-18	2.90458e-18	4.05894e-18	5.35297e-18	6.6262e-18	7.85034e-18	9.61989e-18	1.15221e-17	1.32529e-17	1.47667e-17	1.63986e-17	1.82968e-17	2.00782e-17	2.23531e-17	2.4326e-17	2.72317e-17	2.98282e-17	3.24598e-17	3.41513e-17	3.64571e-17	3.86782e-17	4.03461e-17	4.20612e-17	4.39331e-17	4.54441e-17	4.67673e-17	4.82851e-17	4.99021e-17	5.10662e-17	5.24506e-17	5.35602e-17	5.47995e-17	5.58012e-17	5.69597e-17	5.765e-17	5.87319e-17	5.96528e-17	6.03503e-17	6.12212e-17	6.19412e-17	6.26186e-17	6.32851e-17	6.40208e-17	6.45862e-17	6.51208e-17	6.56369e-17	6.60561e-17	6.65729e-17	6.69276e-17	6.73487e-17	6.77221e-17	6.80646e-17	6.83475e-17	6.86621e-17	6.8975e-17	6.92394e-17	6.94723e-17	6.9738e-17	6.98643e-17	7.01542e-17	7.02953e-17	7.04501e-17	7.06021e-17	7.07495e-17	7.08208e-17	7.09661e-17	7.1066e-17	7.11216e-17	7.11923e-17	7.12666e-17	7.13299e-17	7.13553e-17	7.13973e-17	7.14248e-17	7.14555e-17	7.14972e-17	7.15156e-17	7.15324e-17	7.15492e-17	7.15571e-17	7.15765e-17	7.15765e-17	7.15765e-17	7.15765e-17	7.15765e-17	7.15765e-17
670.234	2.07044e-14	7.07832e-17	7.05645e-17	4.33007e-20	3.84471e-19	8.86617e-19	1.54889e-18	2.04129e-18	2.85313e-18	3.98884e-18	5.26054e-18	6.5111e-18	7.71396e-18	9.45472e-18	1.13288e-17	1.30334e-17	1.45227e-17	1.61284e-17	1.80001e-17	1.9759e-17	2.20031e-17	2.39464e-17	2.68074e-17	2.93651e-17	3.19605e-17	3.36291e-17	3.59034e-17	3.8092e-17	3.97356e-17	4.1427e-17	4.32746e-17	4.47667e-17	4.60445e-17	4.75702e-17	4.91639e-17	5.03119e-17	5.16773e-17	5.27735e-17	5.39968e-17	5.49859e-17	5.61284e-17	5.68096e-17	5.78766e-17	5.87864e-17	5.94754e-17	6.03359e-17	6.10468e-17	6.16971e-17	6.2372e-17	6.30972e-17	6.36554e-17	6.41835e-17	6.46938e-17	6.51085e-17	6.56191e-17	6.59697e-17	6.63857e-17	6.6754e-17	6.70925e-17	6.73718e-17	6.76825e-17	6.79921e-17	6.82538e-17	6.84838e-17	6.87469e-17	6.88719e-17	6.91586e-17	6.92979e-17	6.94512e-17	6.96017e-17	6.97472e-17	6.98176e-17	6.99612e-17	7.006e-17	7.0115e-17	7.01849e-17	7.02577e-17	7.03203e-17	7.03455e-17	7.03871e-17	7.04144e-17	7.04446e-17	7.04859e-17	7.05041e-17	7.05207e-17	7.05374e-17	7.05452e-17	7.05645e-17	7.05645e-17	7.05645e-17	7.05645e-17	7.05645e-17	7.05645e-17
673.244	2.07044e-14	6.97709e-17	6.95546e-17	4.27004e-20	3.78212e-19	8.70771e-19	1.52067e-18	2.00415e-18	2.8022e-18	3.91935e-18	5.16896e-18	6.397e-18	7.57881e-18	9.29091e-18	1.11368e-17	1.28153e-17	1.42802e-17	1.586e-17	1.77051e-17	1.94413e-17	2.16543e-17	2.35682e-17	2.63846e-17	2.89036e-17	3.14627e-17	3.31082e-17	3.53511e-17	3.75074e-17	3.9127e-17	4.07948e-17	4.26175e-17	4.40908e-17	4.53517e-17	4.68571e-17	4.84277e-17	4.95597e-17	5.09059e-17	5.19887e-17	5.31959e-17	5.41726e-17	5.52991e-17	5.59714e-17	5.70233e-17	5.7922e-17	5.86024e-17	5.94527e-17	6.01546e-17	6.08131e-17	6.14613e-17	6.2176e-17	6.27269e-17	6.32482e-17	6.37528e-17	6.41629e-17	6.46675e-17	6.50142e-17	6.5425e-17	6.57884e-17	6.61229e-17	6.63984e-17	6.67052e-17	6.70114e-17	6.72702e-17	6.74975e-17	6.7758e-17	6.78816e-17	6.81649e-17	6.83026e-17	6.84544e-17	6.86034e-17	6.8747e-17	6.88165e-17	6.89586e-17	6.90563e-17	6.91107e-17	6.91797e-17	6.92511e-17	6.93129e-17	6.9338e-17	6.93792e-17	6.94062e-17	6.94359e-17	6.94767e-17	6.94946e-17	6.95111e-17	6.95276e-17	6.95354e-17	6.95546e-17	6.95546e-17	6.95546e-17	6.95546e-17	6.95546e-17	6.95546e-17
676.254	2.07044e-14	6.87613e-17	6.85476e-17	4.20899e-20	3.71965e-19	8.55095e-19	1.49277e-18	1.96741e-18	2.75178e-18	3.8505e-18	5.07825e-18	6.28394e-18	7.44495e-18	9.12855e-18	1.09462e-17	1.25987e-17	1.40394e-17	1.55936e-17	1.74121e-17	1.91253e-17	2.13071e-17	2.31914e-17	2.59636e-17	2.8444e-17	3.09668e-17	3.2589e-17	3.48006e-17	3.69249e-17	3.85206e-17	4.01649e-17	4.19626e-17	4.34169e-17	4.46609e-17	4.61463e-17	4.76941e-17	4.88102e-17	5.01372e-17	5.12063e-17	5.23975e-17	5.33618e-17	5.44727e-17	5.5136e-17	5.61729e-17	5.70602e-17	5.77321e-17	5.85723e-17	5.9265e-17	5.99146e-17	6.05537e-17	6.12578e-17	6.18013e-17	6.23156e-17	6.28145e-17	6.32199e-17	6.37186e-17	6.40615e-17	6.44672e-17	6.48259e-17	6.51563e-17	6.54279e-17	6.57309e-17	6.60337e-17	6.62894e-17	6.6514e-17	6.67719e-17	6.68941e-17	6.7174e-17	6.73102e-17	6.74604e-17	6.76077e-17	6.77495e-17	6.78181e-17	6.79589e-17	6.80554e-17	6.81091e-17	6.81773e-17	6.82475e-17	6.83087e-17	6.83335e-17	6.83743e-17	6.8401e-17	6.843e-17	6.84703e-17	6.8488e-17	6.85044e-17	6.85207e-17	6.85285e-17	6.85476e-17	6.85476e-17	6.85476e-17	6.85476e-17	6.85476e-17	6.85476e-17
679.264	2.07044e-14	6.77553e-17	6.75441e-17	4.1469e-20	3.6573e-19	8.39593e-19	1.4652e-18	1.93109e-18	2.70192e-18	3.78231e-18	4.98844e-18	6.17198e-18	7.31242e-18	8.9677e-18	1.07572e-17	1.23837e-17	1.38005e-17	1.53292e-17	1.71211e-17	1.88112e-17	2.09616e-17	2.28165e-17	2.55446e-17	2.79867e-17	3.04731e-17	3.2072e-17	3.42521e-17	3.63447e-17	3.79169e-17	3.95379e-17	4.13104e-17	4.27455e-17	4.39724e-17	4.54383e-17	4.69635e-17	4.80639e-17	4.93716e-17	5.0427e-17	5.16021e-17	5.25542e-17	5.36495e-17	5.4304e-17	5.53257e-17	5.62018e-17	5.68648e-17	5.76951e-17	5.83787e-17	5.90029e-17	5.96496e-17	6.03433e-17	6.08793e-17	6.13865e-17	6.18796e-17	6.22801e-17	6.27733e-17	6.31124e-17	6.3513e-17	6.38672e-17	6.41935e-17	6.44612e-17	6.47604e-17	6.50597e-17	6.53122e-17	6.55342e-17	6.57894e-17	6.59101e-17	6.61866e-17	6.63212e-17	6.64698e-17	6.66155e-17	6.67553e-17	6.68232e-17	6.69627e-17	6.70581e-17	6.71111e-17	6.71784e-17	6.72476e-17	6.73081e-17	6.73328e-17	6.73731e-17	6.73995e-17	6.74278e-17	6.74675e-17	6.7485e-17	6.75013e-17	6.75175e-17	6.75252e-17	6.75441e-17	6.75441e-17	6.75441e-17	6.75441e-17	6.75441e-17	6.75441e-17
682.274	2.07044e-14	6.67535e-17	6.6545e-17	4.08379e-20	3.5951e-19	8.24268e-19	1.43798e-18	1.89521e-18	2.65261e-18	3.71479e-18	4.89956e-18	6.06115e-18	7.18128e-18	8.80845e-18	1.05698e-17	1.21705e-17	1.35635e-17	1.50669e-17	1.68323e-17	1.84992e-17	2.06181e-17	2.24435e-17	2.51279e-17	2.75318e-17	2.99819e-17	3.15575e-17	3.37062e-17	3.57674e-17	3.73161e-17	3.8914e-17	4.06612e-17	4.20771e-17	4.33138e-17	4.47333e-17	4.62364e-17	4.73211e-17	4.86098e-17	4.96512e-17	5.08104e-17	5.17501e-17	5.28301e-17	5.34758e-17	5.44825e-17	5.53472e-17	5.60014e-17	5.68217e-17	5.74963e-17	5.8129e-17	5.87498e-17	5.94332e-17	5.99615e-17	6.04616e-17	6.09487e-17	6.13443e-17	6.18319e-17	6.21673e-17	6.2563e-17	6.29129e-17	6.3235e-17	6.34989e-17	6.37944e-17	6.40899e-17	6.43392e-17	6.45585e-17	6.48111e-17	6.49303e-17	6.52033e-17	6.53365e-17	6.54834e-17	6.56273e-17	6.57653e-17	6.58324e-17	6.59707e-17	6.60649e-17	6.61171e-17	6.61837e-17	6.6252e-17	6.63119e-17	6.63364e-17	6.63763e-17	6.64023e-17	6.64299e-17	6.6469e-17	6.64863e-17	6.65025e-17	6.65186e-17	6.65263e-17	6.6545e-17	6.6545e-17	6.6545e-17	6.6545e-17	6.6545e-17	6.6545e-17
685.284	2.07044e-14	6.57565e-17	6.55508e-17	4.01971e-20	3.53303e-19	8.09122e-19	1.41111e-18	1.85978e-18	2.60389e-18	3.64796e-18	4.81162e-18	5.95149e-18	7.05155e-18	8.65086e-18	1.03841e-17	1.19591e-17	1.33285e-17	1.4807e-17	1.65459e-17	1.81895e-17	2.02767e-17	2.20728e-17	2.47138e-17	2.70798e-17	2.94935e-17	3.10458e-17	3.31631e-17	3.51932e-17	3.67187e-17	3.82938e-17	4.00156e-17	4.14122e-17	4.26048e-17	4.40319e-17	4.55132e-17	4.65824e-17	4.78522e-17	4.88795e-17	5.00227e-17	5.09501e-17	5.20151e-17	5.2652e-17	5.36437e-17	5.44969e-17	5.51423e-17	5.59527e-17	5.66182e-17	5.72265e-17	5.78547e-17	5.85281e-17	5.90486e-17	5.95414e-17	6.00224e-17	6.04129e-17	6.08952e-17	6.12268e-17	6.16177e-17	6.19635e-17	6.22813e-17	6.25415e-17	6.28333e-17	6.3125e-17	6.3371e-17	6.35878e-17	6.38375e-17	6.39552e-17	6.42248e-17	6.43566e-17	6.45017e-17	6.46438e-17	6.47801e-17	6.48463e-17	6.49834e-17	6.50764e-17	6.51279e-17	6.51937e-17	6.52613e-17	6.53206e-17	6.53448e-17	6.53843e-17	6.541e-17	6.54368e-17	6.54755e-17	6.54926e-17	6.55088e-17	6.55246e-17	6.55323e-17	6.55508e-17	6.55508e-17	6.55508e-17	6.55508e-17	6.55508e-17	6.55508e-17
688.294	2.07044e-14	6.4765e-17	6.45619e-17	3.95471e-20	3.47113e-19	7.94156e-19	1.3846e-18	1.82482e-18	2.55577e-18	3.58184e-18	4.72464e-18	5.84304e-18	6.92329e-18	8.49499e-18	1.02002e-17	1.17495e-17	1.30956e-17	1.45494e-17	1.6262e-17	1.78823e-17	1.99378e-17	2.17046e-17	2.43024e-17	2.66307e-17	2.90083e-17	3.05373e-17	3.26232e-17	3.46225e-17	3.6125e-17	3.76774e-17	3.93739e-17	4.07512e-17	4.19265e-17	4.33345e-17	4.47942e-17	4.5848e-17	4.70992e-17	4.81124e-17	4.92396e-17	5.01547e-17	5.12049e-17	5.18329e-17	5.28099e-17	5.36515e-17	5.4288e-17	5.50885e-17	5.57449e-17	5.63456e-17	5.69648e-17	5.76283e-17	5.8141e-17	5.86266e-17	5.91013e-17	5.94866e-17	5.99635e-17	6.02914e-17	6.06775e-17	6.10194e-17	6.13331e-17	6.15896e-17	6.18778e-17	6.21655e-17	6.24083e-17	6.26225e-17	6.28693e-17	6.29855e-17	6.32518e-17	6.33821e-17	6.35254e-17	6.36657e-17	6.38002e-17	6.38657e-17	6.40014e-17	6.40931e-17	6.41439e-17	6.42091e-17	6.4276e-17	6.43346e-17	6.43586e-17	6.43976e-17	6.44231e-17	6.44493e-17	6.44875e-17	6.45045e-17	6.45206e-17	6.45362e-17	6.45439e-17	6.45619e-17	6.45619e-17	6.45619e-17	6.45619e-17	6.45619e-17	6.45619e-17
691.304	2.07044e-14	6.37793e-17	6.35796e-17	3.88885e-20	3.40942e-19	7.79372e-19	1.35845e-18	1.79034e-18	2.50826e-18	3.51645e-18	4.63864e-18	5.73582e-18	6.79652e-18	8.3409e-18	1.00181e-17	1.15419e-17	1.28649e-17	1.42942e-17	1.59807e-17	1.75776e-17	1.96013e-17	2.1339e-17	2.38939e-17	2.6185e-17	2.85265e-17	3.00323e-17	3.20868e-17	3.40555e-17	3.55352e-17	3.70652e-17	3.87366e-17	4.00945e-17	4.12785e-17	4.26413e-17	4.40797e-17	4.51184e-17	4.63512e-17	4.73501e-17	4.84615e-17	4.93643e-17	5.03998e-17	5.10191e-17	5.19815e-17	5.28114e-17	5.3439e-17	5.42296e-17	5.48769e-17	5.54863e-17	5.60804e-17	5.67345e-17	5.72393e-17	5.77178e-17	5.81859e-17	5.8566e-17	5.90375e-17	5.93615e-17	5.97431e-17	6.00811e-17	6.03907e-17	6.06437e-17	6.09284e-17	6.1212e-17	6.14516e-17	6.16632e-17	6.1907e-17	6.20216e-17	6.22847e-17	6.24136e-17	6.25549e-17	6.26934e-17	6.28263e-17	6.2891e-17	6.30252e-17	6.31157e-17	6.31658e-17	6.32303e-17	6.32966e-17	6.33546e-17	6.33783e-17	6.34169e-17	6.3442e-17	6.34678e-17	6.35055e-17	6.35224e-17	6.35384e-17	6.35539e-17	6.35615e-17	6.35796e-17	6.35796e-17	6.35796e-17	6.35796e-17	6.35796e-17	6.35796e-17
694.314	2.07044e-14	6.28002e-17	6.26033e-17	3.82223e-20	3.34791e-19	7.64772e-19	1.33268e-18	1.75634e-18	2.46137e-18	3.45181e-18	4.55364e-18	5.62986e-18	6.67127e-18	8.18863e-18	9.83797e-18	1.13364e-17	1.26365e-17	1.40416e-17	1.57021e-17	1.72756e-17	1.92676e-17	2.09762e-17	2.34886e-17	2.57427e-17	2.80483e-17	2.95311e-17	3.15543e-17	3.34926e-17	3.49497e-17	3.64575e-17	3.8104e-17	3.94425e-17	4.05832e-17	4.19528e-17	4.33702e-17	4.43938e-17	4.56086e-17	4.65932e-17	4.76889e-17	4.85794e-17	4.96004e-17	5.02108e-17	5.11589e-17	5.1977e-17	5.25959e-17	5.33764e-17	5.40147e-17	5.46114e-17	5.52022e-17	5.58469e-17	5.6344e-17	5.68153e-17	5.72768e-17	5.76516e-17	5.81177e-17	5.84377e-17	5.88148e-17	5.91491e-17	5.94546e-17	5.97043e-17	5.99855e-17	6.02649e-17	6.05013e-17	6.07103e-17	6.0951e-17	6.1064e-17	6.13241e-17	6.14515e-17	6.15909e-17	6.17276e-17	6.18588e-17	6.19228e-17	6.20554e-17	6.21447e-17	6.2194e-17	6.22579e-17	6.23236e-17	6.2381e-17	6.24044e-17	6.24425e-17	6.24674e-17	6.24928e-17	6.25301e-17	6.25468e-17	6.25628e-17	6.25781e-17	6.25857e-17	6.26033e-17	6.26033e-17	6.26033e-17	6.26033e-17	6.26033e-17	6.26033e-17
697.324	2.07044e-14	6.1828e-17	6.16344e-17	3.75493e-20	3.28665e-19	7.50357e-19	1.30729e-18	1.72283e-18	2.41511e-18	3.38792e-18	4.46965e-18	5.52519e-18	6.54757e-18	8.03824e-18	9.65983e-18	1.1133e-17	1.24104e-17	1.37917e-17	1.54264e-17	1.69766e-17	1.89368e-17	2.06165e-17	2.30867e-17	2.5304e-17	2.75741e-17	2.90339e-17	3.10259e-17	3.2934e-17	3.43687e-17	3.58545e-17	3.74763e-17	3.87955e-17	3.99443e-17	4.12693e-17	4.2666e-17	4.36746e-17	4.48717e-17	4.5842e-17	4.69221e-17	4.78002e-17	4.8807e-17	4.94086e-17	5.03426e-17	5.11489e-17	5.1759e-17	5.25293e-17	5.31586e-17	5.37532e-17	5.43303e-17	5.4966e-17	5.54554e-17	5.59198e-17	5.63745e-17	5.67439e-17	5.72044e-17	5.75204e-17	5.78931e-17	5.82237e-17	5.85252e-17	5.87717e-17	5.90495e-17	5.93248e-17	5.9558e-17	5.97643e-17	6.00019e-17	6.01133e-17	6.03704e-17	6.04963e-17	6.06337e-17	6.07687e-17	6.08982e-17	6.09615e-17	6.10924e-17	6.11805e-17	6.12291e-17	6.12924e-17	6.13575e-17	6.14141e-17	6.14373e-17	6.1475e-17	6.14996e-17	6.15247e-17	6.15616e-17	6.15783e-17	6.15941e-17	6.16092e-17	6.16168e-17	6.16344e-17	6.16344e-17	6.16344e-17	6.16344e-17	6.16344e-17	6.16344e-17
700.334	2.07044e-14	6.08632e-17	6.06727e-17	3.68707e-20	3.22566e-19	7.36128e-19	1.28228e-18	1.68982e-18	2.3695e-18	3.3248e-18	4.38669e-18	5.42184e-18	6.42543e-18	7.88975e-18	9.48377e-18	1.09319e-17	1.21868e-17	1.35444e-17	1.51535e-17	1.66804e-17	1.8609e-17	2.026e-17	2.26882e-17	2.48693e-17	2.71039e-17	2.8541e-17	3.05019e-17	3.238e-17	3.37926e-17	3.52565e-17	3.68539e-17	3.81538e-17	3.926e-17	4.05913e-17	4.19672e-17	4.2961e-17	4.41408e-17	4.50968e-17	4.61615e-17	4.70272e-17	4.802e-17	4.86126e-17	4.95328e-17	5.03272e-17	5.09287e-17	5.16887e-17	5.23091e-17	5.28965e-17	5.34653e-17	5.40921e-17	5.45738e-17	5.50315e-17	5.54792e-17	5.58433e-17	5.62982e-17	5.66101e-17	5.69785e-17	5.73054e-17	5.7603e-17	5.78463e-17	5.81207e-17	5.83919e-17	5.86222e-17	5.88257e-17	5.90601e-17	5.91699e-17	5.9424e-17	5.95484e-17	5.96839e-17	5.98172e-17	5.99451e-17	6.00076e-17	6.01368e-17	6.02236e-17	6.02716e-17	6.03342e-17	6.03987e-17	6.04546e-17	6.04774e-17	6.05147e-17	6.05391e-17	6.05639e-17	6.06005e-17	6.0617e-17	6.06328e-17	6.06477e-17	6.06552e-17	6.06727e-17	6.06727e-17	6.06727e-17	6.06727e-17	6.06727e-17	6.06727e-17
703.344	2.07044e-14	5.99061e-17	5.97186e-17	3.61874e-20	3.16499e-19	7.22085e-19	1.25764e-18	1.65732e-18	2.32455e-18	3.26247e-18	4.30476e-18	5.31982e-18	6.30489e-18	7.74321e-18	9.30982e-18	1.0733e-17	1.19657e-17	1.32999e-17	1.48836e-17	1.63874e-17	1.82844e-17	1.99069e-17	2.22935e-17	2.44386e-17	2.6638e-17	2.80526e-17	2.99825e-17	3.18309e-17	3.32214e-17	3.46637e-17	3.62371e-17	3.75177e-17	3.86318e-17	3.99188e-17	4.12743e-17	4.22534e-17	4.34161e-17	4.43579e-17	4.54074e-17	4.62607e-17	4.72396e-17	4.78234e-17	4.87299e-17	4.95125e-17	5.01055e-17	5.0855e-17	5.14667e-17	5.20417e-17	5.26073e-17	5.32255e-17	5.36998e-17	5.41508e-17	5.45916e-17	5.49504e-17	5.53994e-17	5.57071e-17	5.60712e-17	5.63944e-17	5.66882e-17	5.69286e-17	5.71997e-17	5.74667e-17	5.76941e-17	5.78947e-17	5.81259e-17	5.82342e-17	5.84854e-17	5.86081e-17	5.87417e-17	5.88735e-17	5.89998e-17	5.90614e-17	5.91889e-17	5.92744e-17	5.93218e-17	5.93838e-17	5.94475e-17	5.95027e-17	5.95252e-17	5.9562e-17	5.95862e-17	5.96109e-17	5.96471e-17	5.96635e-17	5.96792e-17	5.96939e-17	5.97014e-17	5.97186e-17	5.97186e-17	5.97186e-17	5.97186e-17	5.97186e-17	5.97186e-17
706.355	2.07044e-14	5.89573e-17	5.87727e-17	3.55007e-20	3.10466e-19	7.08229e-19	1.23339e-18	1.62533e-18	2.28025e-18	3.20093e-18	4.22389e-18	5.21915e-18	6.18596e-18	7.59864e-18	9.13804e-18	1.05364e-17	1.17471e-17	1.30582e-17	1.46168e-17	1.60975e-17	1.79631e-17	1.95573e-17	2.19026e-17	2.4012e-17	2.61766e-17	2.75689e-17	2.94681e-17	3.12869e-17	3.26556e-17	3.40763e-17	3.5626e-17	3.68875e-17	3.79844e-17	3.92524e-17	4.05876e-17	4.1552e-17	4.26979e-17	4.36256e-17	4.46601e-17	4.5501e-17	4.64661e-17	4.7041e-17	4.79343e-17	4.87051e-17	4.92896e-17	5.00285e-17	5.06315e-17	5.12042e-17	5.17568e-17	5.23664e-17	5.28335e-17	5.32779e-17	5.37118e-17	5.40654e-17	5.45085e-17	5.48119e-17	5.51718e-17	5.54912e-17	5.57813e-17	5.60188e-17	5.62865e-17	5.65496e-17	5.67741e-17	5.69718e-17	5.71998e-17	5.73067e-17	5.75548e-17	5.7676e-17	5.78077e-17	5.79379e-17	5.80627e-17	5.81235e-17	5.82491e-17	5.83335e-17	5.83803e-17	5.84415e-17	5.85045e-17	5.85588e-17	5.8581e-17	5.86175e-17	5.86415e-17	5.8666e-17	5.87018e-17	5.87181e-17	5.87336e-17	5.87482e-17	5.87556e-17	5.87727e-17	5.87727e-17	5.87727e-17	5.87727e-17	5.87727e-17	5.87727e-17
709.365	2.07044e-14	5.8017e-17	5.78351e-17	3.48118e-20	3.04472e-19	6.94561e-19	1.20952e-18	1.59385e-18	2.23663e-18	3.14021e-18	4.14407e-18	5.11985e-18	6.06865e-18	7.45607e-18	8.96848e-18	1.03422e-17	1.15312e-17	1.28194e-17	1.43531e-17	1.58109e-17	1.76452e-17	1.92114e-17	2.15157e-17	2.35899e-17	2.57199e-17	2.70901e-17	2.89588e-17	3.07483e-17	3.20952e-17	3.34945e-17	3.50208e-17	3.62634e-17	3.73191e-17	3.85923e-17	3.99072e-17	4.08571e-17	4.19864e-17	4.29002e-17	4.39198e-17	4.47485e-17	4.56999e-17	4.6266e-17	4.71461e-17	4.79052e-17	4.84813e-17	4.92096e-17	4.9804e-17	5.03692e-17	5.0914e-17	5.15152e-17	5.19752e-17	5.24133e-17	5.28403e-17	5.31888e-17	5.36258e-17	5.39249e-17	5.42806e-17	5.4596e-17	5.48826e-17	5.51173e-17	5.53816e-17	5.56408e-17	5.58626e-17	5.60573e-17	5.6282e-17	5.63875e-17	5.66327e-17	5.67522e-17	5.68821e-17	5.70109e-17	5.7134e-17	5.7194e-17	5.73178e-17	5.7401e-17	5.74473e-17	5.75078e-17	5.75699e-17	5.76235e-17	5.76453e-17	5.76814e-17	5.77052e-17	5.77295e-17	5.7765e-17	5.77811e-17	5.77965e-17	5.78109e-17	5.78182e-17	5.78351e-17	5.78351e-17	5.78351e-17	5.78351e-17	5.78351e-17	5.78351e-17
712.375	2.07044e-14	5.70855e-17	5.69063e-17	3.41218e-20	2.98521e-19	6.81081e-19	1.18604e-18	1.56289e-18	2.19367e-18	3.08031e-18	4.06532e-18	5.02193e-18	5.95297e-18	7.31551e-18	8.80118e-18	1.01505e-17	1.13179e-17	1.25835e-17	1.40926e-17	1.55277e-17	1.73309e-17	1.88693e-17	2.11329e-17	2.31722e-17	2.5268e-17	2.66164e-17	2.84548e-17	3.02152e-17	3.15406e-17	3.29185e-17	3.44218e-17	3.56457e-17	3.66849e-17	3.79388e-17	3.92335e-17	4.01689e-17	4.12818e-17	4.21818e-17	4.31867e-17	4.40033e-17	4.49412e-17	4.54985e-17	4.63657e-17	4.71131e-17	4.76809e-17	4.83986e-17	4.89845e-17	4.95422e-17	5.00793e-17	5.06721e-17	5.11252e-17	5.15571e-17	5.19773e-17	5.23208e-17	5.27515e-17	5.30464e-17	5.33978e-17	5.37092e-17	5.39923e-17	5.42243e-17	5.44852e-17	5.47407e-17	5.49597e-17	5.51514e-17	5.5373e-17	5.54772e-17	5.57192e-17	5.58371e-17	5.59652e-17	5.60926e-17	5.62142e-17	5.62733e-17	5.63953e-17	5.64775e-17	5.65231e-17	5.65829e-17	5.66441e-17	5.66969e-17	5.67184e-17	5.67541e-17	5.67777e-17	5.68018e-17	5.68369e-17	5.68528e-17	5.6868e-17	5.68823e-17	5.68895e-17	5.69063e-17	5.69063e-17	5.69063e-17	5.69063e-17	5.69063e-17	5.69063e-17
715.385	2.07044e-14	5.61632e-17	5.59865e-17	3.34319e-20	2.92617e-19	6.6779e-19	1.16294e-18	1.53244e-18	2.15139e-18	3.02125e-18	3.98766e-18	4.9254e-18	5.83895e-18	7.17698e-18	8.63618e-18	9.96122e-18	1.11073e-17	1.23506e-17	1.38353e-17	1.52478e-17	1.70202e-17	1.85311e-17	2.07544e-17	2.27592e-17	2.48211e-17	2.61478e-17	2.79563e-17	2.96878e-17	3.09918e-17	3.23485e-17	3.38291e-17	3.50344e-17	3.60575e-17	3.7292e-17	3.85668e-17	3.94877e-17	4.05843e-17	4.14707e-17	4.24612e-17	4.32657e-17	4.41902e-17	4.47388e-17	4.55932e-17	4.63291e-17	4.68888e-17	4.75957e-17	4.81733e-17	4.87092e-17	4.92528e-17	4.98374e-17	5.02837e-17	5.07095e-17	5.1123e-17	5.14618e-17	5.18861e-17	5.21768e-17	5.25238e-17	5.28312e-17	5.31108e-17	5.33401e-17	5.35976e-17	5.38495e-17	5.40658e-17	5.42545e-17	5.44731e-17	5.45759e-17	5.48147e-17	5.4931e-17	5.50574e-17	5.51834e-17	5.53034e-17	5.53616e-17	5.5482e-17	5.55631e-17	5.56082e-17	5.56671e-17	5.57275e-17	5.57794e-17	5.58007e-17	5.5836e-17	5.58593e-17	5.58832e-17	5.59179e-17	5.59336e-17	5.59486e-17	5.59627e-17	5.59699e-17	5.59865e-17	5.59865e-17	5.59865e-17	5.59865e-17	5.59865e-17	5.59865e-17
718.395	2.07044e-14	5.52503e-17	5.50761e-17	3.27433e-20	2.86765e-19	6.54688e-19	1.14021e-18	1.5025e-18	2.10979e-18	2.96302e-18	3.91107e-18	4.83028e-18	5.72658e-18	7.0405e-18	8.47349e-18	9.77451e-18	1.08996e-17	1.21207e-17	1.35812e-17	1.49714e-17	1.67133e-17	1.81969e-17	2.03803e-17	2.23508e-17	2.43792e-17	2.56846e-17	2.74634e-17	2.91664e-17	3.04491e-17	3.17846e-17	3.32429e-17	3.44299e-17	3.5437e-17	3.66523e-17	3.79071e-17	3.88136e-17	3.98941e-17	4.07671e-17	4.17433e-17	4.2536e-17	4.34472e-17	4.39871e-17	4.4829e-17	4.55534e-17	4.6105e-17	4.68012e-17	4.73706e-17	4.78989e-17	4.84348e-17	4.90112e-17	4.94509e-17	4.98707e-17	5.02778e-17	5.06118e-17	5.10298e-17	5.13163e-17	5.16589e-17	5.19621e-17	5.22384e-17	5.2465e-17	5.2719e-17	5.29676e-17	5.31812e-17	5.33668e-17	5.35824e-17	5.36839e-17	5.39195e-17	5.40341e-17	5.41589e-17	5.42835e-17	5.44019e-17	5.44593e-17	5.4578e-17	5.46582e-17	5.47027e-17	5.47608e-17	5.48202e-17	5.48714e-17	5.48924e-17	5.49273e-17	5.49504e-17	5.4974e-17	5.50082e-17	5.50237e-17	5.50385e-17	5.50524e-17	5.50595e-17	5.50761e-17	5.50761e-17	5.50761e-17	5.50761e-17	5.50761e-17	5.50761e-17
721.405	2.07044e-14	5.43471e-17	5.41751e-17	3.20572e-20	2.80967e-19	6.41775e-19	1.11787e-18	1.47308e-18	2.06887e-18	2.90564e-18	3.83558e-18	4.73657e-18	5.61588e-18	6.90607e-18	8.31316e-18	9.59038e-18	1.06946e-17	1.18939e-17	1.33305e-17	1.46985e-17	1.64102e-17	1.78669e-17	2.00107e-17	2.19474e-17	2.39425e-17	2.52269e-17	2.69764e-17	2.8651e-17	2.99127e-17	3.12271e-17	3.26632e-17	3.38321e-17	3.48465e-17	3.60198e-17	3.72549e-17	3.8147e-17	3.92114e-17	4.00712e-17	4.10333e-17	4.18143e-17	4.27122e-17	4.32436e-17	4.40731e-17	4.47862e-17	4.53298e-17	4.60154e-17	4.65766e-17	4.71111e-17	4.76256e-17	4.81937e-17	4.86271e-17	4.90409e-17	4.94418e-17	4.97712e-17	5.01828e-17	5.04653e-17	5.08034e-17	5.11024e-17	5.13754e-17	5.15991e-17	5.18497e-17	5.2095e-17	5.23059e-17	5.24886e-17	5.27012e-17	5.28016e-17	5.30337e-17	5.31467e-17	5.327e-17	5.33932e-17	5.351e-17	5.35665e-17	5.36838e-17	5.3763e-17	5.38068e-17	5.38641e-17	5.39227e-17	5.39731e-17	5.39938e-17	5.40283e-17	5.40512e-17	5.40745e-17	5.41081e-17	5.41234e-17	5.41379e-17	5.41518e-17	5.41588e-17	5.41751e-17	5.41751e-17	5.41751e-17	5.41751e-17	5.41751e-17	5.41751e-17
724.415	2.07044e-14	5.34538e-17	5.32842e-17	3.13747e-20	2.75229e-19	6.29053e-19	1.0959e-18	1.44417e-18	2.02862e-18	2.84913e-18	3.7612e-18	4.64428e-18	5.50684e-18	6.7737e-18	8.1552e-18	9.40886e-18	1.04925e-17	1.16702e-17	1.30832e-17	1.44292e-17	1.6111e-17	1.75411e-17	1.96457e-17	2.15489e-17	2.35112e-17	2.47747e-17	2.64954e-17	2.81418e-17	2.93826e-17	3.06761e-17	3.20904e-17	3.32413e-17	3.42176e-17	3.53948e-17	3.66101e-17	3.7488e-17	3.85364e-17	3.93831e-17	4.03314e-17	4.11008e-17	4.19856e-17	4.25086e-17	4.33258e-17	4.40278e-17	4.45634e-17	4.52384e-17	4.57916e-17	4.63137e-17	4.68254e-17	4.73853e-17	4.78125e-17	4.82203e-17	4.86151e-17	4.894e-17	4.93453e-17	4.96238e-17	4.99574e-17	5.02521e-17	5.05218e-17	5.07428e-17	5.09899e-17	5.12321e-17	5.14403e-17	5.162e-17	5.18299e-17	5.1929e-17	5.21576e-17	5.22691e-17	5.23908e-17	5.25126e-17	5.26278e-17	5.26834e-17	5.27994e-17	5.28776e-17	5.29209e-17	5.29773e-17	5.3035e-17	5.30847e-17	5.31051e-17	5.31392e-17	5.31618e-17	5.31848e-17	5.32179e-17	5.32329e-17	5.32473e-17	5.3261e-17	5.3268e-17	5.32842e-17	5.32842e-17	5.32842e-17	5.32842e-17	5.32842e-17	5.32842e-17
727.425	2.07044e-14	5.25707e-17	5.24035e-17	3.06969e-20	2.69555e-19	6.16521e-19	1.07431e-18	1.41577e-18	1.98906e-18	2.79347e-18	3.68791e-18	4.55341e-18	5.39948e-18	6.64339e-18	7.99963e-18	9.22999e-18	1.02932e-17	1.14497e-17	1.28392e-17	1.41634e-17	1.58157e-17	1.72196e-17	1.92854e-17	2.11554e-17	2.30852e-17	2.43283e-17	2.60204e-17	2.7639e-17	2.88591e-17	3.01317e-17	3.15244e-17	3.26577e-17	3.36188e-17	3.47773e-17	3.59731e-17	3.68368e-17	3.78692e-17	3.8703e-17	3.96375e-17	4.03956e-17	4.12675e-17	4.17822e-17	4.25873e-17	4.32782e-17	4.38059e-17	4.44705e-17	4.50158e-17	4.55212e-17	4.60344e-17	4.65861e-17	4.70072e-17	4.74091e-17	4.7798e-17	4.81185e-17	4.85176e-17	4.87922e-17	4.91212e-17	4.94117e-17	4.96781e-17	4.98962e-17	5.01398e-17	5.03791e-17	5.05845e-17	5.07614e-17	5.09685e-17	5.10663e-17	5.12915e-17	5.14014e-17	5.15217e-17	5.1642e-17	5.17555e-17	5.18104e-17	5.1925e-17	5.20024e-17	5.2045e-17	5.21006e-17	5.21575e-17	5.22065e-17	5.22267e-17	5.22603e-17	5.22827e-17	5.23053e-17	5.23378e-17	5.23526e-17	5.23668e-17	5.23803e-17	5.23873e-17	5.24035e-17	5.24035e-17	5.24035e-17	5.24035e-17	5.24035e-17	5.24035e-17
730.435	2.07044e-14	5.16978e-17	5.1533e-17	3.00248e-20	2.63947e-19	6.0418e-19	1.05308e-18	1.38787e-18	1.95017e-18	2.73868e-18	3.61574e-18	4.46397e-18	5.2938e-18	6.51514e-18	7.84646e-18	9.05378e-18	1.00969e-17	1.12323e-17	1.25986e-17	1.39013e-17	1.55244e-17	1.69025e-17	1.89299e-17	2.07671e-17	2.26648e-17	2.38876e-17	2.55516e-17	2.71426e-17	2.83423e-17	2.9594e-17	3.09654e-17	3.20812e-17	3.30493e-17	3.41676e-17	3.53441e-17	3.61935e-17	3.721e-17	3.80311e-17	3.8952e-17	3.96989e-17	4.0558e-17	4.10645e-17	4.18576e-17	4.25377e-17	4.30576e-17	4.37118e-17	4.42493e-17	4.47558e-17	4.52528e-17	4.57963e-17	4.62114e-17	4.66074e-17	4.69906e-17	4.73067e-17	4.76997e-17	4.79706e-17	4.8295e-17	4.85813e-17	4.88444e-17	4.90596e-17	4.92998e-17	4.95361e-17	4.97387e-17	4.99129e-17	5.01172e-17	5.02138e-17	5.04355e-17	5.05439e-17	5.06627e-17	5.07814e-17	5.08935e-17	5.09475e-17	5.10609e-17	5.11373e-17	5.11793e-17	5.12341e-17	5.12902e-17	5.13387e-17	5.13585e-17	5.13918e-17	5.14138e-17	5.1436e-17	5.14681e-17	5.14826e-17	5.14966e-17	5.151e-17	5.15169e-17	5.1533e-17	5.1533e-17	5.1533e-17	5.1533e-17	5.1533e-17	5.1533e-17
733.445	2.07044e-14	5.08355e-17	5.06731e-17	2.93593e-20	2.58411e-19	5.92031e-19	1.03223e-18	1.36047e-18	1.91195e-18	2.68477e-18	3.54468e-18	4.37596e-18	5.1898e-18	6.38895e-18	7.69569e-18	8.88026e-18	9.90353e-18	1.10181e-17	1.23615e-17	1.36429e-17	1.52372e-17	1.65898e-17	1.85793e-17	2.0384e-17	2.225e-17	2.34527e-17	2.5089e-17	2.66529e-17	2.78322e-17	2.90633e-17	3.04136e-17	3.15121e-17	3.24439e-17	3.35657e-17	3.4723e-17	3.55585e-17	3.6559e-17	3.73675e-17	3.82749e-17	3.90109e-17	3.98572e-17	4.03558e-17	4.1137e-17	4.18064e-17	4.23185e-17	4.29625e-17	4.34922e-17	4.39909e-17	4.44808e-17	4.50161e-17	4.54252e-17	4.58154e-17	4.61931e-17	4.65049e-17	4.68919e-17	4.71592e-17	4.74789e-17	4.7761e-17	4.80208e-17	4.82331e-17	4.84698e-17	4.87034e-17	4.8903e-17	4.90747e-17	4.92762e-17	4.93717e-17	4.95898e-17	4.96968e-17	4.98141e-17	4.99312e-17	5.00417e-17	5.0095e-17	5.02072e-17	5.02827e-17	5.0324e-17	5.0378e-17	5.04335e-17	5.04814e-17	5.0501e-17	5.05338e-17	5.05555e-17	5.05773e-17	5.06089e-17	5.06232e-17	5.0637e-17	5.06502e-17	5.06571e-17	5.06731e-17	5.06731e-17	5.06731e-17	5.06731e-17	5.06731e-17	5.06731e-17
736.455	2.07044e-14	4.99838e-17	4.98238e-17	2.87014e-20	2.52948e-19	5.80073e-19	1.01174e-18	1.33358e-18	1.8744e-18	2.63173e-18	3.47474e-18	4.28939e-18	5.08749e-18	6.26482e-18	7.54735e-18	8.70944e-18	9.7131e-18	1.08071e-17	1.21279e-17	1.33882e-17	1.49541e-17	1.62815e-17	1.82336e-17	2.00062e-17	2.18408e-17	2.30238e-17	2.46328e-17	2.61698e-17	2.7329e-17	2.85397e-17	2.9869e-17	3.09505e-17	3.18679e-17	3.29717e-17	3.41101e-17	3.49317e-17	3.59164e-17	3.67124e-17	3.76064e-17	3.83316e-17	3.91653e-17	3.96562e-17	4.04255e-17	4.10844e-17	4.15887e-17	4.22227e-17	4.27448e-17	4.32358e-17	4.37185e-17	4.42456e-17	4.46489e-17	4.50333e-17	4.54055e-17	4.57131e-17	4.60942e-17	4.6358e-17	4.6673e-17	4.69512e-17	4.72076e-17	4.74169e-17	4.76502e-17	4.7881e-17	4.80777e-17	4.82469e-17	4.84458e-17	4.854e-17	4.87546e-17	4.88602e-17	4.8976e-17	4.90914e-17	4.92004e-17	4.9253e-17	4.9364e-17	4.94386e-17	4.94793e-17	4.95325e-17	4.95874e-17	4.96348e-17	4.96541e-17	4.96864e-17	4.97078e-17	4.97293e-17	4.97603e-17	4.97744e-17	4.9788e-17	4.98011e-17	4.98079e-17	4.98238e-17	4.98238e-17	4.98238e-17	4.98238e-17	4.98238e-17	4.98238e-17
739.465	2.07044e-14	4.9143e-17	4.89853e-17	2.8052e-20	2.47564e-19	5.68307e-19	9.91609e-19	1.30717e-18	1.83752e-18	2.57958e-18	3.40592e-18	4.20425e-18	4.98685e-18	6.14275e-18	7.40141e-18	8.54134e-18	9.52564e-18	1.05994e-17	1.18977e-17	1.31371e-17	1.46751e-17	1.59778e-17	1.78928e-17	1.96337e-17	2.14373e-17	2.26008e-17	2.4183e-17	2.56934e-17	2.68328e-17	2.80232e-17	2.93316e-17	3.03963e-17	3.13203e-17	3.23857e-17	3.35055e-17	3.43134e-17	3.52822e-17	3.60659e-17	3.69466e-17	3.76612e-17	3.84824e-17	3.89657e-17	3.97233e-17	4.03719e-17	4.08685e-17	4.14926e-17	4.20071e-17	4.24904e-17	4.2966e-17	4.34851e-17	4.38826e-17	4.42611e-17	4.46281e-17	4.49314e-17	4.53068e-17	4.55672e-17	4.58776e-17	4.61518e-17	4.64048e-17	4.66112e-17	4.68412e-17	4.70691e-17	4.72629e-17	4.74297e-17	4.76259e-17	4.77188e-17	4.793e-17	4.80342e-17	4.81486e-17	4.82622e-17	4.83698e-17	4.84217e-17	4.85315e-17	4.86052e-17	4.86453e-17	4.86977e-17	4.87521e-17	4.87989e-17	4.88179e-17	4.88498e-17	4.88709e-17	4.8892e-17	4.89226e-17	4.89366e-17	4.89499e-17	4.89629e-17	4.89696e-17	4.89853e-17	4.89853e-17	4.89853e-17	4.89853e-17	4.89853e-17	4.89853e-17
742.475	2.07044e-14	4.8313e-17	4.81578e-17	2.74117e-20	2.42259e-19	5.56734e-19	9.71837e-19	1.28125e-18	1.8013e-18	2.5283e-18	3.33823e-18	4.12054e-18	4.8879e-18	6.02272e-18	7.25789e-18	8.37596e-18	9.34117e-18	1.03949e-17	1.16711e-17	1.28898e-17	1.44002e-17	1.56786e-17	1.75571e-17	1.92666e-17	2.10396e-17	2.21839e-17	2.37397e-17	2.52239e-17	2.63436e-17	2.75139e-17	2.88017e-17	2.98497e-17	3.07391e-17	3.18079e-17	3.29092e-17	3.37036e-17	3.46566e-17	3.5428e-17	3.62955e-17	3.69998e-17	3.78087e-17	3.82845e-17	3.90305e-17	3.96688e-17	4.01578e-17	4.07723e-17	4.12791e-17	4.17468e-17	4.22235e-17	4.27346e-17	4.31264e-17	4.3499e-17	4.38609e-17	4.41599e-17	4.45298e-17	4.47868e-17	4.50926e-17	4.5363e-17	4.56126e-17	4.58161e-17	4.60427e-17	4.62678e-17	4.64587e-17	4.66233e-17	4.68168e-17	4.69084e-17	4.71162e-17	4.72191e-17	4.7332e-17	4.74438e-17	4.75499e-17	4.76011e-17	4.77097e-17	4.77825e-17	4.7822e-17	4.78737e-17	4.79276e-17	4.7974e-17	4.79927e-17	4.80242e-17	4.80449e-17	4.80657e-17	4.80959e-17	4.81097e-17	4.81229e-17	4.81357e-17	4.81423e-17	4.81578e-17	4.81578e-17	4.81578e-17	4.81578e-17	4.81578e-17	4.81578e-17
745.485	2.07044e-14	4.74942e-17	4.73414e-17	2.67813e-20	2.37038e-19	5.45354e-19	9.52418e-19	1.25581e-18	1.76574e-18	2.4779e-18	3.27165e-18	4.03826e-18	4.79063e-18	5.90473e-18	7.11678e-18	8.21331e-18	9.1597e-18	1.01937e-17	1.14479e-17	1.26463e-17	1.41296e-17	1.5384e-17	1.72265e-17	1.89049e-17	2.06477e-17	2.17731e-17	2.33029e-17	2.47613e-17	2.58616e-17	2.7012e-17	2.82793e-17	2.93108e-17	3.01865e-17	3.12382e-17	3.23214e-17	3.31024e-17	3.40398e-17	3.4799e-17	3.56534e-17	3.63473e-17	3.71441e-17	3.76127e-17	3.83471e-17	3.89755e-17	3.94568e-17	4.00618e-17	4.05611e-17	4.10216e-17	4.14912e-17	4.19944e-17	4.23805e-17	4.27473e-17	4.3104e-17	4.33987e-17	4.37633e-17	4.4017e-17	4.43182e-17	4.45849e-17	4.48312e-17	4.50317e-17	4.52551e-17	4.54774e-17	4.56653e-17	4.58277e-17	4.60185e-17	4.61089e-17	4.63134e-17	4.64149e-17	4.65262e-17	4.66362e-17	4.6741e-17	4.67916e-17	4.68988e-17	4.69707e-17	4.70097e-17	4.70606e-17	4.71142e-17	4.716e-17	4.71785e-17	4.72095e-17	4.72299e-17	4.72505e-17	4.72803e-17	4.72939e-17	4.73069e-17	4.73195e-17	4.73261e-17	4.73414e-17	4.73414e-17	4.73414e-17	4.73414e-17	4.73414e-17	4.73414e-17
748.495	2.07044e-14	4.66865e-17	4.65362e-17	2.61613e-20	2.31903e-19	5.34167e-19	9.3335e-19	1.23085e-18	1.73083e-18	2.42839e-18	3.20621e-18	3.9574e-18	4.69503e-18	5.78876e-18	6.97807e-18	8.05339e-18	8.98123e-18	9.99578e-18	1.12283e-17	1.24065e-17	1.38631e-17	1.5094e-17	1.6901e-17	1.85488e-17	2.02616e-17	2.13683e-17	2.28727e-17	2.43055e-17	2.53867e-17	2.65174e-17	2.77644e-17	2.87797e-17	2.96615e-17	3.06768e-17	3.1742e-17	3.25099e-17	3.34317e-17	3.4179e-17	3.50202e-17	3.5704e-17	3.64888e-17	3.69502e-17	3.76733e-17	3.82918e-17	3.87655e-17	3.93612e-17	3.98531e-17	4.03184e-17	4.0769e-17	4.12644e-17	4.16448e-17	4.20059e-17	4.23575e-17	4.2648e-17	4.30073e-17	4.32577e-17	4.35545e-17	4.38177e-17	4.40605e-17	4.42581e-17	4.44783e-17	4.46978e-17	4.48828e-17	4.50431e-17	4.52311e-17	4.53202e-17	4.55216e-17	4.56217e-17	4.57315e-17	4.58397e-17	4.59431e-17	4.5993e-17	4.6099e-17	4.61699e-17	4.62083e-17	4.62585e-17	4.63118e-17	4.63571e-17	4.63753e-17	4.64059e-17	4.6426e-17	4.64463e-17	4.64758e-17	4.64892e-17	4.65021e-17	4.65146e-17	4.65211e-17	4.65362e-17	4.65362e-17	4.65362e-17	4.65362e-17	4.65362e-17	4.65362e-17
751.505	2.07044e-14	4.589e-17	4.57421e-17	2.55525e-20	2.26856e-19	5.23173e-19	9.14628e-19	1.20636e-18	1.69656e-18	2.37975e-18	3.14188e-18	3.87797e-18	4.6011e-18	5.67481e-18	6.84176e-18	7.89619e-18	8.80577e-18	9.80115e-18	1.10122e-17	1.21704e-17	1.36008e-17	1.48085e-17	1.65806e-17	1.81981e-17	1.98815e-17	2.09698e-17	2.2449e-17	2.38568e-17	2.4919e-17	2.60303e-17	2.72571e-17	2.82564e-17	2.91049e-17	3.01236e-17	3.11712e-17	3.19262e-17	3.28326e-17	3.35679e-17	3.43961e-17	3.50699e-17	3.58428e-17	3.62973e-17	3.70091e-17	3.76179e-17	3.80841e-17	3.86706e-17	3.91551e-17	3.96133e-17	4.00571e-17	4.05449e-17	4.09196e-17	4.1275e-17	4.16216e-17	4.19078e-17	4.2262e-17	4.25091e-17	4.28016e-17	4.30612e-17	4.33006e-17	4.34954e-17	4.37126e-17	4.39291e-17	4.41113e-17	4.42695e-17	4.44548e-17	4.45426e-17	4.47409e-17	4.48397e-17	4.49478e-17	4.50542e-17	4.51563e-17	4.52057e-17	4.53102e-17	4.53802e-17	4.54181e-17	4.54677e-17	4.55205e-17	4.55653e-17	4.55833e-17	4.56134e-17	4.56332e-17	4.56534e-17	4.56826e-17	4.56959e-17	4.57085e-17	4.57209e-17	4.57273e-17	4.57421e-17	4.57421e-17	4.57421e-17	4.57421e-17	4.57421e-17	4.57421e-17
754.515	2.07044e-14	4.51049e-17	4.49594e-17	2.49552e-20	2.21899e-19	5.12372e-19	8.96249e-19	1.18233e-18	1.66293e-18	2.33199e-18	3.07869e-18	3.79996e-18	4.50884e-18	5.56287e-18	6.70783e-18	7.74172e-18	8.63331e-18	9.6098e-18	1.07997e-17	1.19381e-17	1.33427e-17	1.45277e-17	1.62654e-17	1.7853e-17	1.95073e-17	2.05773e-17	2.20319e-17	2.3415e-17	2.44586e-17	2.55508e-17	2.67575e-17	2.77409e-17	2.85761e-17	2.95786e-17	3.06089e-17	3.13513e-17	3.22424e-17	3.29659e-17	3.37811e-17	3.4445e-17	3.52062e-17	3.56539e-17	3.63546e-17	3.69538e-17	3.74126e-17	3.79901e-17	3.84672e-17	3.89185e-17	3.93556e-17	3.98358e-17	4.0205e-17	4.05546e-17	4.08963e-17	4.11781e-17	4.15274e-17	4.17712e-17	4.20594e-17	4.23157e-17	4.25517e-17	4.27438e-17	4.29579e-17	4.31715e-17	4.33508e-17	4.35071e-17	4.36896e-17	4.3776e-17	4.39714e-17	4.40689e-17	4.41753e-17	4.428e-17	4.43807e-17	4.44295e-17	4.45326e-17	4.46016e-17	4.4639e-17	4.4688e-17	4.47404e-17	4.47848e-17	4.48025e-17	4.48321e-17	4.48516e-17	4.48717e-17	4.49007e-17	4.49138e-17	4.49263e-17	4.49385e-17	4.49448e-17	4.49594e-17	4.49594e-17	4.49594e-17	4.49594e-17	4.49594e-17	4.49594e-17
757.525	2.07044e-14	4.43312e-17	4.4188e-17	2.43698e-20	2.17034e-19	5.01765e-19	8.78209e-19	1.15875e-18	1.62993e-18	2.2851e-18	3.01661e-18	3.72337e-18	4.41823e-18	5.45292e-18	6.57626e-18	7.58995e-18	8.46385e-18	9.42175e-18	1.05907e-17	1.17096e-17	1.30888e-17	1.42514e-17	1.59554e-17	1.75134e-17	1.9139e-17	2.01911e-17	2.16214e-17	2.29803e-17	2.40055e-17	2.50788e-17	2.62656e-17	2.72333e-17	2.80553e-17	2.9042e-17	3.00553e-17	3.07853e-17	3.16613e-17	3.2373e-17	3.31754e-17	3.38294e-17	3.45791e-17	3.50201e-17	3.57099e-17	3.62997e-17	3.67511e-17	3.73197e-17	3.77894e-17	3.82226e-17	3.86645e-17	3.91373e-17	3.95009e-17	3.9845e-17	4.01816e-17	4.04592e-17	4.08035e-17	4.1044e-17	4.13281e-17	4.15811e-17	4.18137e-17	4.20031e-17	4.22143e-17	4.24249e-17	4.26016e-17	4.27558e-17	4.29356e-17	4.30207e-17	4.32132e-17	4.33093e-17	4.34141e-17	4.35171e-17	4.36165e-17	4.36647e-17	4.37662e-17	4.38343e-17	4.38713e-17	4.39196e-17	4.39716e-17	4.40154e-17	4.40329e-17	4.40621e-17	4.40814e-17	4.41014e-17	4.41301e-17	4.41431e-17	4.41554e-17	4.41675e-17	4.41736e-17	4.4188e-17	4.4188e-17	4.4188e-17	4.4188e-17	4.4188e-17	4.4188e-17
760.535	2.07044e-14	4.35689e-17	4.34281e-17	2.37968e-20	2.12262e-19	4.9135e-19	8.60503e-19	1.13563e-18	1.59755e-18	2.23908e-18	2.95565e-18	3.64817e-18	4.32928e-18	5.34495e-18	6.44705e-18	7.44088e-18	8.29739e-18	9.23698e-18	1.03852e-17	1.14849e-17	1.28391e-17	1.39797e-17	1.56505e-17	1.71794e-17	1.87766e-17	1.98111e-17	2.12175e-17	2.25525e-17	2.35596e-17	2.46143e-17	2.57815e-17	2.67336e-17	2.75426e-17	2.85137e-17	2.95103e-17	3.02281e-17	3.10893e-17	3.17893e-17	3.25789e-17	3.32232e-17	3.39615e-17	3.43959e-17	3.5075e-17	3.56554e-17	3.60996e-17	3.66594e-17	3.71218e-17	3.75598e-17	3.79838e-17	3.84494e-17	3.88074e-17	3.91461e-17	3.94777e-17	3.9751e-17	4.00904e-17	4.03276e-17	4.06076e-17	4.08574e-17	4.10867e-17	4.12735e-17	4.14818e-17	4.16895e-17	4.18635e-17	4.20158e-17	4.21928e-17	4.22766e-17	4.24663e-17	4.2561e-17	4.26642e-17	4.27655e-17	4.28636e-17	4.29112e-17	4.30111e-17	4.30783e-17	4.31149e-17	4.31626e-17	4.32141e-17	4.32574e-17	4.32746e-17	4.33035e-17	4.33224e-17	4.33424e-17	4.33709e-17	4.33838e-17	4.33959e-17	4.34079e-17	4.34139e-17	4.34281e-17	4.34281e-17	4.34281e-17	4.34281e-17	4.34281e-17	4.34281e-17
763.545	2.07044e-14	4.28181e-17	4.26794e-17	2.32363e-20	2.07584e-19	4.81129e-19	8.4313e-19	1.11295e-18	1.56579e-18	2.19392e-18	2.8958e-18	3.57438e-18	4.24197e-18	5.23895e-18	6.32018e-18	7.29449e-18	8.1339e-18	9.05548e-18	1.01833e-17	1.12639e-17	1.25935e-17	1.37126e-17	1.53508e-17	1.6851e-17	1.84202e-17	1.94372e-17	2.08202e-17	2.21318e-17	2.3121e-17	2.41575e-17	2.53051e-17	2.62419e-17	2.70379e-17	2.79937e-17	2.89738e-17	2.96798e-17	3.05263e-17	3.12149e-17	3.19918e-17	3.26264e-17	3.33535e-17	3.37814e-17	3.44498e-17	3.50211e-17	3.54581e-17	3.60092e-17	3.64645e-17	3.68849e-17	3.73135e-17	3.77721e-17	3.81247e-17	3.84579e-17	3.87846e-17	3.90536e-17	3.93882e-17	3.96221e-17	3.98981e-17	4.01447e-17	4.03707e-17	4.0555e-17	4.07605e-17	4.09653e-17	4.11366e-17	4.1287e-17	4.14612e-17	4.15438e-17	4.17308e-17	4.18241e-17	4.19257e-17	4.20253e-17	4.21221e-17	4.21691e-17	4.22674e-17	4.23336e-17	4.23698e-17	4.2417e-17	4.24679e-17	4.25107e-17	4.25277e-17	4.25562e-17	4.25749e-17	4.25949e-17	4.26231e-17	4.26358e-17	4.26478e-17	4.26597e-17	4.26655e-17	4.26794e-17	4.26794e-17	4.26794e-17	4.26794e-17	4.26794e-17	4.26794e-17
766.555	2.07044e-14	4.20788e-17	4.19424e-17	2.26886e-20	2.03002e-19	4.711e-19	8.26084e-19	1.09071e-18	1.53463e-18	2.14962e-18	2.83707e-18	3.50198e-18	4.1563e-18	5.13489e-18	6.19562e-18	7.15076e-18	7.97338e-18	8.87726e-18	9.98492e-18	1.10467e-17	1.23522e-17	1.34501e-17	1.50562e-17	1.65282e-17	1.80698e-17	1.90696e-17	2.04295e-17	2.17181e-17	2.26898e-17	2.37082e-17	2.48364e-17	2.57581e-17	2.65413e-17	2.74821e-17	2.8446e-17	2.91403e-17	2.99725e-17	3.06496e-17	3.1414e-17	3.2039e-17	3.2755e-17	3.31765e-17	3.38345e-17	3.43967e-17	3.48266e-17	3.53692e-17	3.58173e-17	3.62424e-17	3.66537e-17	3.71054e-17	3.74526e-17	3.77806e-17	3.81023e-17	3.83671e-17	3.86969e-17	3.89274e-17	3.91996e-17	3.9443e-17	3.96658e-17	3.98477e-17	4.00503e-17	4.02522e-17	4.04211e-17	4.05695e-17	4.0741e-17	4.08222e-17	4.10066e-17	4.10985e-17	4.11985e-17	4.12966e-17	4.13921e-17	4.14384e-17	4.15351e-17	4.16004e-17	4.16362e-17	4.16828e-17	4.17332e-17	4.17754e-17	4.17922e-17	4.18203e-17	4.18388e-17	4.18587e-17	4.18868e-17	4.18993e-17	4.19111e-17	4.19229e-17	4.19286e-17	4.19424e-17	4.19424e-17	4.19424e-17	4.19424e-17	4.19424e-17	4.19424e-17
769.565	2.07044e-14	4.1351e-17	4.12167e-17	2.2154e-20	1.98516e-19	4.61263e-19	8.09362e-19	1.0689e-18	1.50407e-18	2.10618e-18	2.77944e-18	3.43095e-18	4.07225e-18	5.03277e-18	6.07336e-18	7.00968e-18	7.81581e-18	8.70228e-18	9.79004e-18	1.08332e-17	1.2115e-17	1.3192e-17	1.47668e-17	1.6211e-17	1.77253e-17	1.87081e-17	2.00454e-17	2.13114e-17	2.22658e-17	2.32665e-17	2.43756e-17	2.52823e-17	2.60705e-17	2.69787e-17	2.79268e-17	2.86096e-17	2.94278e-17	3.00936e-17	3.08456e-17	3.1461e-17	3.21661e-17	3.25813e-17	3.32291e-17	3.37824e-17	3.42053e-17	3.47394e-17	3.51805e-17	3.55993e-17	3.60044e-17	3.64494e-17	3.67912e-17	3.71141e-17	3.74309e-17	3.76914e-17	3.80165e-17	3.82436e-17	3.8512e-17	3.87522e-17	3.89719e-17	3.91514e-17	3.93513e-17	3.95503e-17	3.97168e-17	3.98632e-17	4.00321e-17	4.01121e-17	4.02939e-17	4.03843e-17	4.04827e-17	4.05793e-17	4.06735e-17	4.07192e-17	4.08143e-17	4.08787e-17	4.09141e-17	4.09601e-17	4.10098e-17	4.10514e-17	4.10681e-17	4.10958e-17	4.11141e-17	4.1134e-17	4.11618e-17	4.11742e-17	4.11859e-17	4.11975e-17	4.12031e-17	4.12167e-17	4.12167e-17	4.12167e-17	4.12167e-17	4.12167e-17	4.12167e-17
772.575	2.07044e-14	4.06347e-17	4.05024e-17	2.16323e-20	1.94127e-19	4.51618e-19	7.92961e-19	1.04751e-18	1.4741e-18	2.06357e-18	2.72291e-18	3.3613e-18	3.98981e-18	4.93256e-18	5.95338e-18	6.87122e-18	7.66116e-18	8.53054e-18	9.59866e-18	1.06235e-17	1.18819e-17	1.29385e-17	1.44825e-17	1.58993e-17	1.73867e-17	1.83528e-17	1.96678e-17	2.09116e-17	2.18491e-17	2.28324e-17	2.39225e-17	2.48145e-17	2.55723e-17	2.64837e-17	2.74162e-17	2.80878e-17	2.88921e-17	2.95469e-17	3.02866e-17	3.08925e-17	3.15868e-17	3.19957e-17	3.26335e-17	3.3178e-17	3.3594e-17	3.41197e-17	3.45539e-17	3.49629e-17	3.53655e-17	3.58039e-17	3.61405e-17	3.64584e-17	3.67703e-17	3.70267e-17	3.73471e-17	3.75708e-17	3.78354e-17	3.80725e-17	3.8289e-17	3.84662e-17	3.86635e-17	3.88596e-17	3.90238e-17	3.91683e-17	3.93345e-17	3.94133e-17	3.95925e-17	3.96815e-17	3.97784e-17	3.98735e-17	3.99663e-17	4.00114e-17	4.01049e-17	4.01684e-17	4.02034e-17	4.02489e-17	4.02978e-17	4.03389e-17	4.03554e-17	4.03828e-17	4.04008e-17	4.04207e-17	4.04483e-17	4.04605e-17	4.0472e-17	4.04835e-17	4.0489e-17	4.05024e-17	4.05024e-17	4.05024e-17	4.05024e-17	4.05024e-17	4.05024e-17
775.585	2.07044e-14	3.993e-17	3.97996e-17	2.11238e-20	1.89834e-19	4.42163e-19	7.76876e-19	1.02654e-18	1.44471e-18	2.02181e-18	2.66747e-18	3.293e-18	3.90897e-18	4.83425e-18	5.83565e-18	6.73535e-18	7.50942e-18	8.36201e-18	9.41077e-18	1.04174e-17	1.1653e-17	1.26895e-17	1.42033e-17	1.55931e-17	1.7054e-17	1.80037e-17	1.92967e-17	2.05189e-17	2.14396e-17	2.24058e-17	2.34772e-17	2.43546e-17	2.51173e-17	2.5997e-17	2.69142e-17	2.75748e-17	2.83655e-17	2.90093e-17	2.9737e-17	3.03335e-17	3.10172e-17	3.14198e-17	3.20477e-17	3.25836e-17	3.29929e-17	3.35102e-17	3.39375e-17	3.4344e-17	3.47371e-17	3.51691e-17	3.55005e-17	3.58135e-17	3.61206e-17	3.6373e-17	3.66886e-17	3.69089e-17	3.71698e-17	3.74037e-17	3.76172e-17	3.77921e-17	3.79867e-17	3.81801e-17	3.8342e-17	3.84845e-17	3.86482e-17	3.87258e-17	3.89025e-17	3.89901e-17	3.90855e-17	3.91792e-17	3.92706e-17	3.93151e-17	3.94069e-17	3.94696e-17	3.95042e-17	3.95491e-17	3.95972e-17	3.96378e-17	3.96541e-17	3.96812e-17	3.9699e-17	3.97188e-17	3.97461e-17	3.97583e-17	3.97696e-17	3.9781e-17	3.97864e-17	3.97996e-17	3.97996e-17	3.97996e-17	3.97996e-17	3.97996e-17	3.97996e-17
778.595	2.07044e-14	3.92367e-17	3.91082e-17	2.06284e-20	1.85638e-19	4.32898e-19	7.61103e-19	1.00598e-18	1.41589e-18	1.98087e-18	2.61311e-18	3.22605e-18	3.82972e-18	4.73782e-18	5.72016e-18	6.60207e-18	7.36057e-18	8.19666e-18	9.22635e-18	1.02151e-17	1.14281e-17	1.24449e-17	1.39292e-17	1.52925e-17	1.67273e-17	1.76607e-17	1.89322e-17	2.0133e-17	2.10373e-17	2.19868e-17	2.30396e-17	2.39026e-17	2.46528e-17	2.55186e-17	2.64207e-17	2.70705e-17	2.78479e-17	2.84809e-17	2.91967e-17	2.97838e-17	3.0457e-17	3.08536e-17	3.14717e-17	3.19991e-17	3.24018e-17	3.29109e-17	3.33314e-17	3.37318e-17	3.41191e-17	3.45448e-17	3.48712e-17	3.51794e-17	3.54817e-17	3.57301e-17	3.6041e-17	3.62579e-17	3.65151e-17	3.67458e-17	3.69563e-17	3.71291e-17	3.73211e-17	3.75117e-17	3.76714e-17	3.7812e-17	3.79732e-17	3.80496e-17	3.82239e-17	3.83101e-17	3.84039e-17	3.84963e-17	3.85863e-17	3.86301e-17	3.87205e-17	3.87822e-17	3.88165e-17	3.88608e-17	3.89081e-17	3.89481e-17	3.89643e-17	3.8991e-17	3.90087e-17	3.90283e-17	3.90554e-17	3.90674e-17	3.90786e-17	3.90898e-17	3.90951e-17	3.91082e-17	3.91082e-17	3.91082e-17	3.91082e-17	3.91082e-17	3.91082e-17
781.605	2.07044e-14	3.8555e-17	3.8428e-17	2.01461e-20	1.81538e-19	4.23822e-19	7.4564e-19	9.8583e-19	1.38764e-18	1.94074e-18	2.55983e-18	3.16044e-18	3.75203e-18	4.64325e-18	5.60687e-18	6.47132e-18	7.21456e-18	8.03448e-18	9.04536e-18	1.00165e-17	1.12073e-17	1.22047e-17	1.36601e-17	1.49973e-17	1.64064e-17	1.73238e-17	1.8574e-17	1.9754e-17	2.06422e-17	2.15752e-17	2.26097e-17	2.34585e-17	2.41795e-17	2.50484e-17	2.59357e-17	2.65749e-17	2.73393e-17	2.79616e-17	2.86658e-17	2.92436e-17	2.99065e-17	3.02969e-17	3.09056e-17	3.14245e-17	3.18207e-17	3.23217e-17	3.27355e-17	3.31265e-17	3.35114e-17	3.39309e-17	3.42525e-17	3.45561e-17	3.48536e-17	3.50981e-17	3.54043e-17	3.56178e-17	3.58714e-17	3.60989e-17	3.63065e-17	3.6477e-17	3.66664e-17	3.68545e-17	3.7012e-17	3.71507e-17	3.73095e-17	3.73847e-17	3.75566e-17	3.76414e-17	3.77338e-17	3.78248e-17	3.79135e-17	3.79566e-17	3.80454e-17	3.81064e-17	3.81402e-17	3.81839e-17	3.82304e-17	3.82699e-17	3.82858e-17	3.83123e-17	3.83298e-17	3.83492e-17	3.8376e-17	3.83878e-17	3.83989e-17	3.841e-17	3.84153e-17	3.8428e-17	3.8428e-17	3.8428e-17	3.8428e-17	3.8428e-17	3.8428e-17
784.615	2.07044e-14	3.78846e-17	3.77596e-17	1.96768e-20	1.77534e-19	4.14933e-19	7.30482e-19	9.66074e-19	1.35994e-18	1.90143e-18	2.50761e-18	3.09614e-18	3.67591e-18	4.55052e-18	5.49576e-18	6.3431e-18	7.07138e-18	7.87542e-18	8.8678e-18	9.82156e-18	1.09905e-17	1.19689e-17	1.33959e-17	1.47076e-17	1.60914e-17	1.6993e-17	1.82223e-17	1.93818e-17	2.02543e-17	2.1171e-17	2.21874e-17	2.30222e-17	2.37479e-17	2.45864e-17	2.54591e-17	2.60879e-17	2.68396e-17	2.74514e-17	2.81441e-17	2.87128e-17	2.93655e-17	2.97498e-17	3.03492e-17	3.08599e-17	3.12496e-17	3.17425e-17	3.21498e-17	3.25382e-17	3.29141e-17	3.33275e-17	3.36443e-17	3.39434e-17	3.42363e-17	3.4477e-17	3.47785e-17	3.49887e-17	3.52387e-17	3.54628e-17	3.56676e-17	3.58359e-17	3.60228e-17	3.62082e-17	3.63637e-17	3.65005e-17	3.66569e-17	3.67311e-17	3.69005e-17	3.69839e-17	3.70749e-17	3.71646e-17	3.72519e-17	3.72944e-17	3.73818e-17	3.74419e-17	3.74753e-17	3.75184e-17	3.7564e-17	3.7603e-17	3.76188e-17	3.7645e-17	3.76623e-17	3.76815e-17	3.77079e-17	3.77196e-17	3.77306e-17	3.77416e-17	3.77467e-17	3.77596e-17	3.77596e-17	3.77596e-17	3.77596e-17	3.77596e-17	3.77596e-17
787.625	2.07044e-14	3.72256e-17	3.71023e-17	1.92204e-20	1.73626e-19	4.0623e-19	7.15626e-19	9.4671e-19	1.33279e-18	1.86291e-18	2.45644e-18	3.03315e-18	3.60132e-18	4.4596e-18	5.38681e-18	6.21736e-18	6.93099e-18	7.71947e-18	8.69363e-18	9.63024e-18	1.07777e-17	1.17374e-17	1.31367e-17	1.44233e-17	1.57822e-17	1.66682e-17	1.78769e-17	1.90163e-17	1.98733e-17	2.07741e-17	2.17728e-17	2.25938e-17	2.32911e-17	2.41325e-17	2.4991e-17	2.56095e-17	2.63487e-17	2.69503e-17	2.76317e-17	2.81913e-17	2.88339e-17	2.92123e-17	2.98025e-17	3.0305e-17	3.06886e-17	3.11735e-17	3.15743e-17	3.19534e-17	3.2327e-17	3.27345e-17	3.30466e-17	3.33413e-17	3.36297e-17	3.38667e-17	3.41636e-17	3.43704e-17	3.46168e-17	3.48377e-17	3.50396e-17	3.52058e-17	3.53901e-17	3.5573e-17	3.57265e-17	3.58613e-17	3.60155e-17	3.60886e-17	3.62556e-17	3.63377e-17	3.64274e-17	3.65158e-17	3.66017e-17	3.66435e-17	3.67296e-17	3.67887e-17	3.68217e-17	3.68643e-17	3.6909e-17	3.69475e-17	3.69631e-17	3.6989e-17	3.70061e-17	3.7025e-17	3.70512e-17	3.70627e-17	3.70736e-17	3.70844e-17	3.70896e-17	3.71023e-17	3.71023e-17	3.71023e-17	3.71023e-17	3.71023e-17	3.71023e-17
790.635	2.07044e-14	3.6578e-17	3.64562e-17	1.87767e-20	1.69812e-19	3.97712e-19	7.01068e-19	9.27731e-19	1.30618e-18	1.82518e-18	2.40632e-18	2.97144e-18	3.52825e-18	4.37049e-18	5.27999e-18	6.09408e-18	6.79337e-18	7.56657e-18	8.52281e-18	9.44253e-18	1.05689e-17	1.15103e-17	1.28824e-17	1.41444e-17	1.54787e-17	1.63494e-17	1.75378e-17	1.86576e-17	1.94994e-17	2.03845e-17	2.13657e-17	2.21731e-17	2.28588e-17	2.36868e-17	2.45313e-17	2.51397e-17	2.58667e-17	2.64581e-17	2.71285e-17	2.76791e-17	2.83118e-17	2.86843e-17	2.92655e-17	2.976e-17	3.01374e-17	3.06144e-17	3.10089e-17	3.13853e-17	3.17502e-17	3.21517e-17	3.24593e-17	3.27498e-17	3.30337e-17	3.32671e-17	3.35594e-17	3.3763e-17	3.40058e-17	3.42234e-17	3.44225e-17	3.45865e-17	3.47683e-17	3.49487e-17	3.51002e-17	3.52331e-17	3.53852e-17	3.54573e-17	3.56219e-17	3.57027e-17	3.5791e-17	3.58781e-17	3.59627e-17	3.60038e-17	3.60886e-17	3.61469e-17	3.61795e-17	3.62214e-17	3.62653e-17	3.63033e-17	3.63188e-17	3.63443e-17	3.63613e-17	3.63799e-17	3.64057e-17	3.64171e-17	3.64278e-17	3.64385e-17	3.64436e-17	3.64562e-17	3.64562e-17	3.64562e-17	3.64562e-17	3.64562e-17	3.64562e-17
793.645	2.07044e-14	3.59416e-17	3.58214e-17	1.83456e-20	1.66091e-19	3.89376e-19	6.86804e-19	9.09131e-19	1.28009e-18	1.78822e-18	2.35723e-18	2.91101e-18	3.45669e-18	4.28315e-18	5.17527e-18	5.97323e-18	6.65846e-18	7.41671e-18	8.35532e-18	9.2584e-18	1.0364e-17	1.12873e-17	1.26329e-17	1.38708e-17	1.5181e-17	1.60366e-17	1.7205e-17	1.83055e-17	1.91325e-17	2.00022e-17	2.09662e-17	2.17601e-17	2.24344e-17	2.32491e-17	2.40798e-17	2.46783e-17	2.53933e-17	2.59748e-17	2.66344e-17	2.71761e-17	2.7799e-17	2.81657e-17	2.87381e-17	2.92247e-17	2.9596e-17	3.00652e-17	3.04535e-17	3.0824e-17	3.11835e-17	3.15792e-17	3.18823e-17	3.21687e-17	3.24483e-17	3.26782e-17	3.29659e-17	3.31663e-17	3.34056e-17	3.36199e-17	3.38162e-17	3.39779e-17	3.41572e-17	3.43353e-17	3.44849e-17	3.46159e-17	3.47659e-17	3.48369e-17	3.49992e-17	3.50787e-17	3.51658e-17	3.52516e-17	3.53349e-17	3.53754e-17	3.54588e-17	3.55163e-17	3.55484e-17	3.55897e-17	3.56328e-17	3.56703e-17	3.56856e-17	3.57109e-17	3.57276e-17	3.57459e-17	3.57714e-17	3.57826e-17	3.57933e-17	3.58039e-17	3.58089e-17	3.58214e-17	3.58214e-17	3.58214e-17	3.58214e-17	3.58214e-17	3.58214e-17
796.656	2.07044e-14	3.53164e-17	3.51977e-17	1.79268e-20	1.62463e-19	3.81221e-19	6.7283e-19	8.90904e-19	1.25453e-18	1.75203e-18	2.30916e-18	2.85184e-18	3.38661e-18	4.19757e-18	5.07262e-18	5.85477e-18	6.52626e-18	7.26983e-18	8.19112e-18	9.07782e-18	1.01631e-17	1.10686e-17	1.23882e-17	1.36024e-17	1.48889e-17	1.57297e-17	1.68784e-17	1.796e-17	1.87724e-17	1.9627e-17	2.05741e-17	2.13547e-17	2.20178e-17	2.28194e-17	2.36366e-17	2.42253e-17	2.49285e-17	2.55002e-17	2.61493e-17	2.66822e-17	2.72956e-17	2.76564e-17	2.82202e-17	2.86991e-17	2.90645e-17	2.9526e-17	2.99082e-17	3.02727e-17	3.06269e-17	3.10169e-17	3.13156e-17	3.15979e-17	3.18733e-17	3.20998e-17	3.23831e-17	3.25804e-17	3.28161e-17	3.30271e-17	3.32207e-17	3.33802e-17	3.3557e-17	3.37327e-17	3.38803e-17	3.40095e-17	3.41575e-17	3.42275e-17	3.43875e-17	3.44658e-17	3.45516e-17	3.46362e-17	3.47181e-17	3.4758e-17	3.48402e-17	3.48968e-17	3.49284e-17	3.49691e-17	3.50115e-17	3.50485e-17	3.50637e-17	3.50886e-17	3.51051e-17	3.5123e-17	3.51482e-17	3.51593e-17	3.51699e-17	3.51803e-17	3.51854e-17	3.51977e-17	3.51977e-17	3.51977e-17	3.51977e-17	3.51977e-17	3.51977e-17
799.666	2.07044e-14	3.47022e-17	3.45851e-17	1.75201e-20	1.58926e-19	3.73245e-19	6.59142e-19	8.73043e-19	1.22947e-18	1.71659e-18	2.26209e-18	2.79391e-18	3.31799e-18	4.11372e-18	4.97203e-18	5.73867e-18	6.3967e-18	7.12591e-18	8.03016e-18	8.90074e-18	9.9659e-18	1.08541e-17	1.21482e-17	1.33393e-17	1.46024e-17	1.54286e-17	1.65579e-17	1.7621e-17	1.84191e-17	1.92589e-17	2.01893e-17	2.09569e-17	2.16089e-17	2.23976e-17	2.32016e-17	2.37806e-17	2.44723e-17	2.50344e-17	2.56731e-17	2.61974e-17	2.68013e-17	2.71564e-17	2.77117e-17	2.8183e-17	2.85426e-17	2.89965e-17	2.93727e-17	2.97222e-17	3.00803e-17	3.04646e-17	3.07591e-17	3.10374e-17	3.13087e-17	3.15319e-17	3.18108e-17	3.2005e-17	3.22372e-17	3.24449e-17	3.26358e-17	3.2793e-17	3.29673e-17	3.31408e-17	3.32865e-17	3.34139e-17	3.35599e-17	3.3629e-17	3.37866e-17	3.38638e-17	3.39484e-17	3.40317e-17	3.41123e-17	3.41516e-17	3.42326e-17	3.42884e-17	3.43195e-17	3.43596e-17	3.44013e-17	3.44378e-17	3.44528e-17	3.44774e-17	3.44937e-17	3.45112e-17	3.4536e-17	3.4547e-17	3.45576e-17	3.45679e-17	3.45729e-17	3.45851e-17	3.45851e-17	3.45851e-17	3.45851e-17	3.45851e-17	3.45851e-17
802.676	2.07044e-14	3.4099e-17	3.39835e-17	1.71252e-20	1.55478e-19	3.65446e-19	6.45737e-19	8.55543e-19	1.20492e-18	1.68189e-18	2.21601e-18	2.7372e-18	3.25082e-18	4.03157e-18	4.87345e-18	5.6249e-18	6.26976e-18	6.98489e-18	7.87242e-18	8.72713e-18	9.77256e-18	1.06437e-17	1.19128e-17	1.30812e-17	1.43215e-17	1.51333e-17	1.62434e-17	1.72884e-17	1.80725e-17	1.88977e-17	1.98118e-17	2.05665e-17	2.12228e-17	2.19837e-17	2.27746e-17	2.33441e-17	2.40246e-17	2.45773e-17	2.52057e-17	2.57215e-17	2.63161e-17	2.66657e-17	2.72126e-17	2.76764e-17	2.80303e-17	2.84768e-17	2.8847e-17	2.91999e-17	2.95436e-17	2.99222e-17	3.02126e-17	3.0487e-17	3.07544e-17	3.09743e-17	3.1249e-17	3.14402e-17	3.16689e-17	3.18734e-17	3.20615e-17	3.22165e-17	3.23883e-17	3.25595e-17	3.27032e-17	3.2829e-17	3.2973e-17	3.30412e-17	3.31965e-17	3.32726e-17	3.3356e-17	3.34381e-17	3.35174e-17	3.35561e-17	3.3636e-17	3.36909e-17	3.37215e-17	3.3761e-17	3.38021e-17	3.3838e-17	3.38528e-17	3.38771e-17	3.38933e-17	3.39104e-17	3.39349e-17	3.39458e-17	3.39562e-17	3.39664e-17	3.39713e-17	3.39835e-17	3.39835e-17	3.39835e-17	3.39835e-17	3.39835e-17	3.39835e-17
805.686	2.07044e-14	3.35068e-17	3.33927e-17	1.67419e-20	1.52119e-19	3.57821e-19	6.3261e-19	8.38398e-19	1.18086e-18	1.64792e-18	2.17091e-18	2.6817e-18	3.18508e-18	3.95111e-18	4.77686e-18	5.51342e-18	6.1454e-18	6.84674e-18	7.71784e-18	8.55695e-18	9.58298e-18	1.04373e-17	1.16821e-17	1.28283e-17	1.4046e-17	1.48437e-17	1.5935e-17	1.69622e-17	1.77325e-17	1.85435e-17	1.94416e-17	2.01835e-17	2.08141e-17	2.15775e-17	2.23557e-17	2.29158e-17	2.35852e-17	2.41286e-17	2.47471e-17	2.52546e-17	2.584e-17	2.6184e-17	2.67227e-17	2.71793e-17	2.75276e-17	2.79666e-17	2.83311e-17	2.86782e-17	2.90167e-17	2.93898e-17	2.96761e-17	2.99466e-17	3.02102e-17	3.0427e-17	3.06974e-17	3.08858e-17	3.1111e-17	3.13123e-17	3.14978e-17	3.16504e-17	3.18198e-17	3.19887e-17	3.21305e-17	3.22546e-17	3.23967e-17	3.2464e-17	3.26171e-17	3.26921e-17	3.27743e-17	3.28552e-17	3.29333e-17	3.29714e-17	3.30502e-17	3.31042e-17	3.31344e-17	3.31733e-17	3.32137e-17	3.32492e-17	3.32638e-17	3.32878e-17	3.33037e-17	3.33205e-17	3.33446e-17	3.33554e-17	3.33657e-17	3.33757e-17	3.33807e-17	3.33927e-17	3.33927e-17	3.33927e-17	3.33927e-17	3.33927e-17	3.33927e-17
808.696	2.07044e-14	3.29252e-17	3.28126e-17	1.637e-20	1.48846e-19	3.50369e-19	6.19758e-19	8.21601e-19	1.15728e-18	1.61466e-18	2.12677e-18	2.62738e-18	3.12073e-18	3.8723e-18	4.68222e-18	5.40419e-18	6.02358e-18	6.71141e-18	7.56639e-18	8.39016e-18	9.39712e-18	1.0235e-17	1.14559e-17	1.25804e-17	1.3776e-17	1.45598e-17	1.56325e-17	1.66422e-17	1.73991e-17	1.8196e-17	1.90784e-17	1.98079e-17	2.04279e-17	2.1179e-17	2.19446e-17	2.24955e-17	2.3154e-17	2.36884e-17	2.42971e-17	2.47964e-17	2.53728e-17	2.57114e-17	2.6242e-17	2.66914e-17	2.70342e-17	2.7466e-17	2.78249e-17	2.81574e-17	2.84996e-17	2.88671e-17	2.91494e-17	2.94162e-17	2.9676e-17	2.98897e-17	3.01561e-17	3.03417e-17	3.05635e-17	3.07616e-17	3.09444e-17	3.10948e-17	3.12617e-17	3.14284e-17	3.15682e-17	3.16907e-17	3.1831e-17	3.18973e-17	3.20483e-17	3.21222e-17	3.22033e-17	3.2283e-17	3.23599e-17	3.23974e-17	3.24751e-17	3.25283e-17	3.2558e-17	3.25963e-17	3.26361e-17	3.26711e-17	3.26855e-17	3.27091e-17	3.27248e-17	3.27413e-17	3.27651e-17	3.27757e-17	3.2786e-17	3.27959e-17	3.28008e-17	3.28126e-17	3.28126e-17	3.28126e-17	3.28126e-17	3.28126e-17	3.28126e-17
811.706	2.07044e-14	3.23544e-17	3.22434e-17	1.6009e-20	1.45658e-19	3.43086e-19	6.07176e-19	8.05147e-19	1.13418e-18	1.5821e-18	2.08358e-18	2.57422e-18	3.05777e-18	3.79513e-18	4.58952e-18	5.29719e-18	5.90426e-18	6.57885e-18	7.41801e-18	8.2267e-18	9.21492e-18	1.00366e-17	1.12342e-17	1.23374e-17	1.35113e-17	1.42814e-17	1.53358e-17	1.63284e-17	1.70722e-17	1.78553e-17	1.87223e-17	1.94394e-17	2.00492e-17	2.07881e-17	2.15414e-17	2.20832e-17	2.2731e-17	2.32566e-17	2.38556e-17	2.43468e-17	2.49143e-17	2.52477e-17	2.57703e-17	2.62127e-17	2.65501e-17	2.69749e-17	2.73281e-17	2.7655e-17	2.79921e-17	2.83541e-17	2.86324e-17	2.88955e-17	2.91517e-17	2.93625e-17	2.96249e-17	2.98077e-17	3.00261e-17	3.02212e-17	3.04013e-17	3.05494e-17	3.07139e-17	3.08784e-17	3.10163e-17	3.11371e-17	3.12756e-17	3.13409e-17	3.14899e-17	3.15627e-17	3.16427e-17	3.17213e-17	3.1797e-17	3.1834e-17	3.19106e-17	3.19629e-17	3.19921e-17	3.20299e-17	3.20691e-17	3.21036e-17	3.21178e-17	3.21411e-17	3.21566e-17	3.21727e-17	3.21962e-17	3.22068e-17	3.22169e-17	3.22267e-17	3.22316e-17	3.22434e-17	3.22434e-17	3.22434e-17	3.22434e-17	3.22434e-17	3.22434e-17
814.716	2.07044e-14	3.17941e-17	3.16846e-17	1.56587e-20	1.42553e-19	3.3597e-19	5.94861e-19	7.89031e-19	1.11155e-18	1.55023e-18	2.04132e-18	2.52222e-18	2.99616e-18	3.71957e-18	4.49872e-18	5.19238e-18	5.78739e-18	6.44903e-18	7.27266e-18	8.06655e-18	9.03634e-18	9.84217e-18	1.10169e-17	1.20993e-17	1.32519e-17	1.40086e-17	1.5045e-17	1.60208e-17	1.67516e-17	1.75212e-17	1.8373e-17	1.90781e-17	1.96778e-17	2.04047e-17	2.11458e-17	2.16788e-17	2.23161e-17	2.28329e-17	2.34225e-17	2.39058e-17	2.44646e-17	2.47927e-17	2.53076e-17	2.57431e-17	2.60752e-17	2.6493e-17	2.68407e-17	2.71622e-17	2.74941e-17	2.78507e-17	2.81251e-17	2.83845e-17	2.86373e-17	2.8845e-17	2.91036e-17	2.92838e-17	2.94989e-17	2.9691e-17	2.98684e-17	3.00142e-17	3.01764e-17	3.03386e-17	3.04745e-17	3.05937e-17	3.07304e-17	3.07949e-17	3.09418e-17	3.10136e-17	3.10925e-17	3.11699e-17	3.12445e-17	3.1281e-17	3.13565e-17	3.14081e-17	3.14368e-17	3.1474e-17	3.15127e-17	3.15467e-17	3.15607e-17	3.15837e-17	3.15989e-17	3.16148e-17	3.16379e-17	3.16484e-17	3.16584e-17	3.16681e-17	3.16729e-17	3.16846e-17	3.16846e-17	3.16846e-17	3.16846e-17	3.16846e-17	3.16846e-17
817.726	2.07044e-14	3.12441e-17	3.11361e-17	1.53189e-20	1.3953e-19	3.29019e-19	5.82809e-19	7.73245e-19	1.08937e-18	1.51904e-18	1.99997e-18	2.47134e-18	2.93589e-18	3.64559e-18	4.40978e-18	5.08972e-18	5.67295e-18	6.32189e-18	7.1303e-18	7.90964e-18	8.86133e-18	9.65159e-18	1.08039e-17	1.18659e-17	1.29977e-17	1.37412e-17	1.47599e-17	1.57191e-17	1.64373e-17	1.71936e-17	1.80307e-17	1.87238e-17	1.93276e-17	2.00286e-17	2.07579e-17	2.12821e-17	2.19091e-17	2.24174e-17	2.29977e-17	2.34733e-17	2.40234e-17	2.43464e-17	2.48536e-17	2.52824e-17	2.56094e-17	2.60204e-17	2.63627e-17	2.66872e-17	2.70056e-17	2.73567e-17	2.76273e-17	2.7883e-17	2.81324e-17	2.83373e-17	2.85921e-17	2.87697e-17	2.89816e-17	2.91708e-17	2.93455e-17	2.94891e-17	2.96489e-17	2.98088e-17	2.99428e-17	3.00605e-17	3.01954e-17	3.02589e-17	3.04038e-17	3.04748e-17	3.05526e-17	3.06288e-17	3.07023e-17	3.07383e-17	3.08127e-17	3.08635e-17	3.08918e-17	3.09284e-17	3.09666e-17	3.10001e-17	3.10139e-17	3.10366e-17	3.10516e-17	3.10672e-17	3.109e-17	3.11003e-17	3.11103e-17	3.11198e-17	3.11246e-17	3.11361e-17	3.11361e-17	3.11361e-17	3.11361e-17	3.11361e-17	3.11361e-17
820.736	2.07044e-14	3.07045e-17	3.05979e-17	1.49891e-20	1.36586e-19	3.22228e-19	5.71014e-19	7.57786e-19	1.06765e-18	1.48851e-18	1.95952e-18	2.42156e-18	2.87692e-18	3.57317e-18	4.32268e-18	4.98917e-18	5.56087e-18	6.1974e-18	6.99087e-18	7.75594e-18	8.68983e-18	9.46482e-18	1.05952e-17	1.16373e-17	1.27487e-17	1.34791e-17	1.44803e-17	1.54233e-17	1.61291e-17	1.68724e-17	1.7695e-17	1.83764e-17	1.89703e-17	1.96598e-17	2.03775e-17	2.0893e-17	2.151e-17	2.20099e-17	2.2581e-17	2.3049e-17	2.35906e-17	2.39087e-17	2.44083e-17	2.48306e-17	2.51524e-17	2.55568e-17	2.58937e-17	2.62128e-17	2.65263e-17	2.68721e-17	2.71389e-17	2.7391e-17	2.76371e-17	2.78391e-17	2.80903e-17	2.82654e-17	2.84741e-17	2.86604e-17	2.88325e-17	2.89739e-17	2.91314e-17	2.9289e-17	2.94211e-17	2.95373e-17	2.96704e-17	2.9733e-17	2.9876e-17	2.9946e-17	3.00227e-17	3.00978e-17	3.01703e-17	3.02057e-17	3.02792e-17	3.03291e-17	3.03569e-17	3.03931e-17	3.04307e-17	3.04638e-17	3.04774e-17	3.04997e-17	3.05145e-17	3.05298e-17	3.05524e-17	3.05626e-17	3.05724e-17	3.05818e-17	3.05866e-17	3.05979e-17	3.05979e-17	3.05979e-17	3.05979e-17	3.05979e-17	3.05979e-17
823.746	2.07044e-14	3.0175e-17	3.00699e-17	1.4669e-20	1.33719e-19	3.15597e-19	5.59474e-19	7.42646e-19	1.04637e-18	1.45863e-18	1.91995e-18	2.37287e-18	2.81925e-18	3.50227e-18	4.23739e-18	4.8907e-18	5.45114e-18	6.07549e-18	6.85432e-18	7.60538e-18	8.52181e-18	9.28181e-18	1.03907e-17	1.14133e-17	1.25047e-17	1.32224e-17	1.42064e-17	1.51334e-17	1.58271e-17	1.65575e-17	1.73659e-17	1.80358e-17	1.86065e-17	1.92983e-17	2.00044e-17	2.05115e-17	2.11185e-17	2.16103e-17	2.21724e-17	2.26329e-17	2.31662e-17	2.34794e-17	2.39716e-17	2.43875e-17	2.47043e-17	2.51022e-17	2.54338e-17	2.57476e-17	2.60562e-17	2.63967e-17	2.66597e-17	2.69082e-17	2.71511e-17	2.73503e-17	2.7598e-17	2.77706e-17	2.79763e-17	2.81598e-17	2.83293e-17	2.84685e-17	2.86237e-17	2.87791e-17	2.89093e-17	2.90239e-17	2.91552e-17	2.92169e-17	2.9358e-17	2.94271e-17	2.95027e-17	2.95768e-17	2.96483e-17	2.96832e-17	2.97556e-17	2.98048e-17	2.98322e-17	2.98678e-17	2.9905e-17	2.99375e-17	2.99509e-17	2.99729e-17	2.99875e-17	3.00026e-17	3.00249e-17	3.0035e-17	3.00447e-17	3.00539e-17	3.00587e-17	3.00699e-17	3.00699e-17	3.00699e-17	3.00699e-17	3.00699e-17	3.00699e-17
826.756	2.07044e-14	2.96554e-17	2.95517e-17	1.43584e-20	1.30928e-19	3.09121e-19	5.48184e-19	7.27821e-19	1.02553e-18	1.42939e-18	1.88125e-18	2.32525e-18	2.76284e-18	3.43288e-18	4.15387e-18	4.79428e-18	5.34369e-18	5.95613e-18	6.72061e-18	7.45792e-18	8.35719e-18	9.10249e-18	1.01904e-17	1.11939e-17	1.22656e-17	1.29708e-17	1.39379e-17	1.48493e-17	1.5531e-17	1.62488e-17	1.70434e-17	1.7702e-17	1.82765e-17	1.89438e-17	1.96387e-17	2.01374e-17	2.07347e-17	2.12185e-17	2.17717e-17	2.22249e-17	2.27499e-17	2.30584e-17	2.35432e-17	2.39529e-17	2.42648e-17	2.46563e-17	2.49828e-17	2.52914e-17	2.55952e-17	2.59305e-17	2.61897e-17	2.64347e-17	2.66743e-17	2.68708e-17	2.71151e-17	2.72853e-17	2.7488e-17	2.76688e-17	2.78358e-17	2.79728e-17	2.81257e-17	2.82788e-17	2.84071e-17	2.85202e-17	2.86497e-17	2.87106e-17	2.88498e-17	2.8918e-17	2.89926e-17	2.90656e-17	2.91361e-17	2.91706e-17	2.92419e-17	2.92904e-17	2.93173e-17	2.93525e-17	2.93891e-17	2.94212e-17	2.94344e-17	2.94561e-17	2.94704e-17	2.94854e-17	2.95073e-17	2.95173e-17	2.95269e-17	2.9536e-17	2.95407e-17	2.95517e-17	2.95517e-17	2.95517e-17	2.95517e-17	2.95517e-17	2.95517e-17
829.766	2.07044e-14	2.91457e-17	2.90434e-17	1.4057e-20	1.28211e-19	3.02799e-19	5.37139e-19	7.13305e-19	1.00511e-18	1.40078e-18	1.8434e-18	2.27867e-18	2.70767e-18	3.36497e-18	4.0721e-18	4.69986e-18	5.2385e-18	5.83927e-18	6.58968e-18	7.3135e-18	8.19593e-18	8.92682e-18	9.99407e-18	1.0979e-17	1.20314e-17	1.27244e-17	1.36749e-17	1.45708e-17	1.52408e-17	1.59463e-17	1.67273e-17	1.73747e-17	1.79269e-17	1.85962e-17	1.92801e-17	1.97707e-17	2.03584e-17	2.08343e-17	2.13788e-17	2.18248e-17	2.23417e-17	2.26455e-17	2.31232e-17	2.35267e-17	2.38338e-17	2.42191e-17	2.45406e-17	2.48361e-17	2.51431e-17	2.54732e-17	2.57286e-17	2.59701e-17	2.62066e-17	2.64003e-17	2.66414e-17	2.68093e-17	2.7009e-17	2.71873e-17	2.73517e-17	2.74866e-17	2.76373e-17	2.77882e-17	2.79145e-17	2.80261e-17	2.81539e-17	2.82138e-17	2.83512e-17	2.84185e-17	2.84921e-17	2.85641e-17	2.86336e-17	2.86676e-17	2.8738e-17	2.87857e-17	2.88123e-17	2.8847e-17	2.88831e-17	2.89146e-17	2.89276e-17	2.8949e-17	2.89632e-17	2.89779e-17	2.89996e-17	2.90095e-17	2.90189e-17	2.90279e-17	2.90325e-17	2.90434e-17	2.90434e-17	2.90434e-17	2.90434e-17	2.90434e-17	2.90434e-17
832.776	2.07044e-14	2.86457e-17	2.85448e-17	1.37643e-20	1.25565e-19	2.96625e-19	5.26336e-19	6.99093e-19	9.85118e-19	1.37277e-18	1.80638e-18	2.23312e-18	2.65371e-18	3.29851e-18	3.99204e-18	4.60742e-18	5.13551e-18	5.72486e-18	6.46148e-18	7.17207e-18	8.03797e-18	8.75474e-18	9.80177e-18	1.07684e-17	1.1802e-17	1.2483e-17	1.34171e-17	1.42978e-17	1.49564e-17	1.56497e-17	1.64174e-17	1.7054e-17	1.75971e-17	1.82555e-17	1.89285e-17	1.94111e-17	1.99894e-17	2.04577e-17	2.09935e-17	2.14326e-17	2.19414e-17	2.22407e-17	2.27112e-17	2.31087e-17	2.34111e-17	2.37905e-17	2.41069e-17	2.44054e-17	2.46998e-17	2.50248e-17	2.52765e-17	2.55145e-17	2.57479e-17	2.59389e-17	2.61768e-17	2.63424e-17	2.65392e-17	2.6715e-17	2.68769e-17	2.70097e-17	2.71584e-17	2.73069e-17	2.74314e-17	2.75414e-17	2.76674e-17	2.77265e-17	2.78622e-17	2.79286e-17	2.80011e-17	2.80721e-17	2.81407e-17	2.81743e-17	2.82436e-17	2.82907e-17	2.83168e-17	2.83511e-17	2.83867e-17	2.84178e-17	2.84305e-17	2.84516e-17	2.84656e-17	2.84802e-17	2.85015e-17	2.85113e-17	2.85206e-17	2.85295e-17	2.85341e-17	2.85448e-17	2.85448e-17	2.85448e-17	2.85448e-17	2.85448e-17	2.85448e-17
835.786	2.07044e-14	2.81552e-17	2.80557e-17	1.34802e-20	1.22989e-19	2.90599e-19	5.15769e-19	6.85179e-19	9.65533e-19	1.34537e-18	1.77017e-18	2.18857e-18	2.60094e-18	3.23347e-18	3.91366e-18	4.51691e-18	5.03469e-18	5.61286e-18	6.33596e-18	7.03358e-18	7.88326e-18	8.58618e-18	9.61341e-18	1.05622e-17	1.15773e-17	1.22465e-17	1.31645e-17	1.40304e-17	1.46776e-17	1.53591e-17	1.61138e-17	1.67396e-17	1.72739e-17	1.79216e-17	1.85838e-17	1.90587e-17	1.96277e-17	2.00884e-17	2.06159e-17	2.1048e-17	2.15489e-17	2.18438e-17	2.23073e-17	2.26989e-17	2.29967e-17	2.33702e-17	2.36817e-17	2.39753e-17	2.42651e-17	2.45851e-17	2.4833e-17	2.50677e-17	2.5298e-17	2.54863e-17	2.57211e-17	2.58844e-17	2.60784e-17	2.62518e-17	2.64112e-17	2.65421e-17	2.66886e-17	2.68349e-17	2.69576e-17	2.70661e-17	2.71903e-17	2.72485e-17	2.73824e-17	2.74479e-17	2.75194e-17	2.75895e-17	2.76572e-17	2.76903e-17	2.77587e-17	2.7805e-17	2.78308e-17	2.78646e-17	2.78997e-17	2.79303e-17	2.79429e-17	2.79637e-17	2.79775e-17	2.79919e-17	2.8013e-17	2.80226e-17	2.80318e-17	2.80406e-17	2.80451e-17	2.80557e-17	2.80557e-17	2.80557e-17	2.80557e-17	2.80557e-17	2.80557e-17
838.796	2.07044e-14	2.7674e-17	2.75758e-17	1.32042e-20	1.2048e-19	2.84715e-19	5.05436e-19	6.71557e-19	9.46352e-19	1.31855e-18	1.73476e-18	2.145e-18	2.54934e-18	3.16983e-18	3.83693e-18	4.4283e-18	4.936e-18	5.50321e-18	6.21308e-18	6.89798e-18	7.73173e-18	8.42109e-18	9.42891e-18	1.03602e-17	1.13572e-17	1.20148e-17	1.29171e-17	1.37683e-17	1.44045e-17	1.50742e-17	1.58162e-17	1.64315e-17	1.69696e-17	1.75942e-17	1.8246e-17	1.87131e-17	1.92732e-17	1.97265e-17	2.02456e-17	2.06709e-17	2.11641e-17	2.14546e-17	2.19112e-17	2.22971e-17	2.25903e-17	2.29581e-17	2.32648e-17	2.35461e-17	2.38389e-17	2.4154e-17	2.43982e-17	2.46295e-17	2.48567e-17	2.50424e-17	2.52741e-17	2.54352e-17	2.56266e-17	2.57975e-17	2.59546e-17	2.60836e-17	2.6228e-17	2.6372e-17	2.64929e-17	2.65998e-17	2.67223e-17	2.67796e-17	2.69118e-17	2.69765e-17	2.7047e-17	2.71162e-17	2.7183e-17	2.72156e-17	2.7283e-17	2.73287e-17	2.73541e-17	2.73875e-17	2.74221e-17	2.74522e-17	2.74646e-17	2.74852e-17	2.74988e-17	2.7513e-17	2.75337e-17	2.75432e-17	2.75523e-17	2.7561e-17	2.75654e-17	2.75758e-17	2.75758e-17	2.75758e-17	2.75758e-17	2.75758e-17	2.75758e-17
841.806	2.07044e-14	2.72021e-17	2.71053e-17	1.29362e-20	1.18037e-19	2.78972e-19	4.95331e-19	6.58223e-19	9.27568e-19	1.29231e-18	1.70013e-18	2.10239e-18	2.49888e-18	3.10756e-18	3.76183e-18	4.34155e-18	4.8394e-18	5.39588e-18	6.09277e-18	6.7652e-18	7.58334e-18	8.25941e-18	9.2482e-18	1.01624e-17	1.11417e-17	1.17879e-17	1.26747e-17	1.35115e-17	1.41368e-17	1.47951e-17	1.55246e-17	1.61295e-17	1.66468e-17	1.72734e-17	1.79148e-17	1.83745e-17	1.89256e-17	1.93717e-17	1.98826e-17	2.03013e-17	2.07868e-17	2.1073e-17	2.15228e-17	2.19031e-17	2.21919e-17	2.25541e-17	2.2856e-17	2.31329e-17	2.3421e-17	2.37313e-17	2.39719e-17	2.41998e-17	2.4424e-17	2.4607e-17	2.48357e-17	2.49946e-17	2.51834e-17	2.5352e-17	2.55068e-17	2.56339e-17	2.57763e-17	2.5918e-17	2.60372e-17	2.61426e-17	2.62633e-17	2.63198e-17	2.64503e-17	2.65141e-17	2.65836e-17	2.66519e-17	2.67178e-17	2.675e-17	2.68164e-17	2.68615e-17	2.68866e-17	2.69196e-17	2.69536e-17	2.69833e-17	2.69955e-17	2.70158e-17	2.70292e-17	2.70433e-17	2.70637e-17	2.70731e-17	2.7082e-17	2.70906e-17	2.7095e-17	2.71053e-17	2.71053e-17	2.71053e-17	2.71053e-17	2.71053e-17	2.71053e-17
844.816	2.07044e-14	2.67393e-17	2.66437e-17	1.26758e-20	1.15659e-19	2.73366e-19	4.8545e-19	6.45172e-19	9.09173e-19	1.26663e-18	1.66627e-18	2.06073e-18	2.44954e-18	3.04663e-18	3.68831e-18	4.25663e-18	4.74484e-18	5.29082e-18	5.975e-18	6.6352e-18	7.43803e-18	8.10107e-18	9.07121e-18	9.96864e-18	1.09306e-17	1.15657e-17	1.24373e-17	1.32599e-17	1.38746e-17	1.45215e-17	1.52388e-17	1.58337e-17	1.63426e-17	1.6959e-17	1.75903e-17	1.80425e-17	1.85849e-17	1.9024e-17	1.95268e-17	1.99389e-17	2.04169e-17	2.06989e-17	2.1142e-17	2.15167e-17	2.18012e-17	2.2158e-17	2.24552e-17	2.27351e-17	2.30114e-17	2.33169e-17	2.35538e-17	2.37785e-17	2.39996e-17	2.41801e-17	2.44058e-17	2.45626e-17	2.47488e-17	2.49152e-17	2.50677e-17	2.51929e-17	2.53334e-17	2.54729e-17	2.55903e-17	2.56942e-17	2.58131e-17	2.58688e-17	2.59976e-17	2.60605e-17	2.6129e-17	2.61965e-17	2.62616e-17	2.62933e-17	2.63588e-17	2.64033e-17	2.6428e-17	2.64606e-17	2.64941e-17	2.65234e-17	2.65354e-17	2.65554e-17	2.65687e-17	2.65825e-17	2.66027e-17	2.66119e-17	2.66208e-17	2.66292e-17	2.66335e-17	2.66437e-17	2.66437e-17	2.66437e-17	2.66437e-17	2.66437e-17	2.66437e-17
847.826	2.07044e-14	2.62853e-17	2.6191e-17	1.24227e-20	1.13342e-19	2.67895e-19	4.75788e-19	6.32397e-19	8.9116e-19	1.2415e-18	1.63315e-18	2.01998e-18	2.4013e-18	2.98702e-18	3.61635e-18	4.17351e-18	4.65228e-18	5.18797e-18	5.8597e-18	6.50793e-18	7.29574e-18	7.94603e-18	8.89788e-18	9.7789e-18	1.07238e-17	1.13481e-17	1.22048e-17	1.30134e-17	1.36176e-17	1.42535e-17	1.49587e-17	1.55437e-17	1.60445e-17	1.66508e-17	1.72721e-17	1.77171e-17	1.82509e-17	1.86831e-17	1.9178e-17	1.95837e-17	2.00542e-17	2.03321e-17	2.07686e-17	2.11379e-17	2.14181e-17	2.17697e-17	2.20623e-17	2.23354e-17	2.26098e-17	2.29106e-17	2.3144e-17	2.33653e-17	2.35834e-17	2.37614e-17	2.39842e-17	2.41388e-17	2.43226e-17	2.44867e-17	2.46371e-17	2.47606e-17	2.48991e-17	2.50364e-17	2.51522e-17	2.52545e-17	2.53717e-17	2.54265e-17	2.55537e-17	2.56157e-17	2.56832e-17	2.57499e-17	2.58141e-17	2.58454e-17	2.59099e-17	2.59538e-17	2.59783e-17	2.60104e-17	2.60434e-17	2.60723e-17	2.60841e-17	2.61039e-17	2.6117e-17	2.61307e-17	2.61505e-17	2.61597e-17	2.61683e-17	2.61767e-17	2.61809e-17	2.6191e-17	2.6191e-17	2.6191e-17	2.6191e-17	2.6191e-17	2.6191e-17
850.836	2.07044e-14	2.58401e-17	2.57469e-17	1.21767e-20	1.11085e-19	2.62554e-19	4.66342e-19	6.19894e-19	8.73523e-19	1.21691e-18	1.60077e-18	1.98014e-18	2.35412e-18	2.92869e-18	3.54591e-18	4.09214e-18	4.56168e-18	5.0873e-18	5.74683e-18	6.38332e-18	7.1564e-18	7.79422e-18	8.72813e-18	9.59307e-18	1.05213e-17	1.1135e-17	1.1977e-17	1.27719e-17	1.33658e-17	1.39908e-17	1.46843e-17	1.52596e-17	1.57523e-17	1.63488e-17	1.69603e-17	1.73983e-17	1.79236e-17	1.8349e-17	1.88361e-17	1.92355e-17	1.96987e-17	1.99725e-17	2.04025e-17	2.07665e-17	2.10425e-17	2.13889e-17	2.16771e-17	2.19412e-17	2.22161e-17	2.25123e-17	2.27422e-17	2.29603e-17	2.31754e-17	2.33508e-17	2.35708e-17	2.37233e-17	2.39046e-17	2.40666e-17	2.42148e-17	2.43366e-17	2.44732e-17	2.46083e-17	2.47225e-17	2.48233e-17	2.49388e-17	2.49928e-17	2.51183e-17	2.51794e-17	2.5246e-17	2.53119e-17	2.53752e-17	2.54061e-17	2.54698e-17	2.55131e-17	2.55372e-17	2.55689e-17	2.56014e-17	2.56299e-17	2.56415e-17	2.5661e-17	2.5674e-17	2.56875e-17	2.57071e-17	2.57161e-17	2.57246e-17	2.57329e-17	2.57371e-17	2.57469e-17	2.57469e-17	2.57469e-17	2.57469e-17	2.57469e-17	2.57469e-17
853.846	2.07044e-14	2.54034e-17	2.53115e-17	1.19374e-20	1.08886e-19	2.5734e-19	4.57107e-19	6.07658e-19	8.56253e-19	1.19285e-18	1.5691e-18	1.94117e-18	2.30799e-18	2.87163e-18	3.47698e-18	4.0125e-18	4.47301e-18	4.98877e-18	5.63634e-18	6.26132e-18	7.01998e-18	7.64558e-18	8.5619e-18	9.4111e-18	1.0323e-17	1.09262e-17	1.17539e-17	1.25353e-17	1.31192e-17	1.37334e-17	1.44154e-17	1.49811e-17	1.5466e-17	1.60528e-17	1.66547e-17	1.70857e-17	1.76028e-17	1.80216e-17	1.8501e-17	1.88942e-17	1.93502e-17	1.96201e-17	2.00436e-17	2.04024e-17	2.06743e-17	2.10156e-17	2.12994e-17	2.15595e-17	2.18302e-17	2.21219e-17	2.23482e-17	2.25632e-17	2.27752e-17	2.29482e-17	2.31653e-17	2.33157e-17	2.34947e-17	2.36545e-17	2.38007e-17	2.39208e-17	2.40555e-17	2.41886e-17	2.43012e-17	2.44004e-17	2.45142e-17	2.45675e-17	2.46913e-17	2.47515e-17	2.48173e-17	2.48823e-17	2.49448e-17	2.49752e-17	2.5038e-17	2.50808e-17	2.51046e-17	2.51359e-17	2.5168e-17	2.5196e-17	2.52075e-17	2.52268e-17	2.52396e-17	2.52529e-17	2.52722e-17	2.5281e-17	2.52894e-17	2.52976e-17	2.53017e-17	2.53115e-17	2.53115e-17	2.53115e-17	2.53115e-17	2.53115e-17	2.53115e-17
856.856	2.07044e-14	2.49752e-17	2.48845e-17	1.17047e-20	1.06744e-19	2.52251e-19	4.48079e-19	5.95684e-19	8.39345e-19	1.1693e-18	1.53812e-18	1.90306e-18	2.26289e-18	2.81581e-18	3.40951e-18	3.93455e-18	4.38623e-18	4.89232e-18	5.52818e-18	6.14188e-18	6.8864e-18	7.50004e-18	8.39913e-18	9.23289e-18	1.01288e-17	1.07218e-17	1.15355e-17	1.23036e-17	1.28775e-17	1.34812e-17	1.41519e-17	1.47083e-17	1.51966e-17	1.57628e-17	1.63552e-17	1.67794e-17	1.72883e-17	1.77006e-17	1.81725e-17	1.85596e-17	1.90086e-17	1.92745e-17	1.96916e-17	2.00453e-17	2.03132e-17	2.06496e-17	2.09291e-17	2.11922e-17	2.14518e-17	2.17391e-17	2.1962e-17	2.21739e-17	2.23829e-17	2.25534e-17	2.27677e-17	2.2916e-17	2.30927e-17	2.32504e-17	2.33946e-17	2.35131e-17	2.3646e-17	2.37771e-17	2.38881e-17	2.39858e-17	2.40979e-17	2.41505e-17	2.42726e-17	2.43319e-17	2.43967e-17	2.4461e-17	2.45226e-17	2.45526e-17	2.46146e-17	2.46569e-17	2.46803e-17	2.47113e-17	2.47428e-17	2.47704e-17	2.47818e-17	2.48008e-17	2.48135e-17	2.48266e-17	2.48456e-17	2.48543e-17	2.48626e-17	2.48707e-17	2.48748e-17	2.48845e-17	2.48845e-17	2.48845e-17	2.48845e-17	2.48845e-17	2.48845e-17
859.866	2.07044e-14	2.45552e-17	2.44657e-17	1.14782e-20	1.04656e-19	2.47284e-19	4.39252e-19	5.83966e-19	8.22791e-19	1.14626e-18	1.50783e-18	1.8658e-18	2.21878e-18	2.76119e-18	3.34348e-18	3.85825e-18	4.30129e-18	4.79791e-18	5.4223e-18	6.02495e-18	6.75562e-18	7.35755e-18	8.23974e-18	9.05837e-18	9.93866e-18	1.05216e-17	1.13215e-17	1.20766e-17	1.26407e-17	1.32341e-17	1.38937e-17	1.4441e-17	1.49106e-17	1.54786e-17	1.60617e-17	1.64792e-17	1.69801e-17	1.7386e-17	1.78505e-17	1.82317e-17	1.86737e-17	1.89357e-17	1.93466e-17	1.96952e-17	1.99592e-17	2.02908e-17	2.0566e-17	2.08253e-17	2.10809e-17	2.13639e-17	2.15834e-17	2.17922e-17	2.19982e-17	2.21663e-17	2.23778e-17	2.25241e-17	2.26985e-17	2.28541e-17	2.29963e-17	2.31132e-17	2.32444e-17	2.33735e-17	2.3483e-17	2.35792e-17	2.36897e-17	2.37415e-17	2.38619e-17	2.39204e-17	2.39844e-17	2.40478e-17	2.41086e-17	2.41382e-17	2.41994e-17	2.42411e-17	2.42643e-17	2.42948e-17	2.43259e-17	2.43531e-17	2.43643e-17	2.43831e-17	2.43957e-17	2.44085e-17	2.44273e-17	2.44359e-17	2.44441e-17	2.4452e-17	2.44561e-17	2.44657e-17	2.44657e-17	2.44657e-17	2.44657e-17	2.44657e-17	2.44657e-17
862.876	2.07044e-14	2.41432e-17	2.4055e-17	1.12578e-20	1.02621e-19	2.42435e-19	4.30624e-19	5.725e-19	8.06585e-19	1.12371e-18	1.47821e-18	1.82935e-18	2.17565e-18	2.70777e-18	3.27886e-18	3.78357e-18	4.21815e-18	4.70551e-18	5.31865e-18	5.91048e-18	6.62757e-18	7.21805e-18	8.08367e-18	8.88747e-18	9.7524e-18	1.03255e-17	1.11119e-17	1.18543e-17	1.24088e-17	1.2992e-17	1.36406e-17	1.4179e-17	1.46519e-17	1.52001e-17	1.5774e-17	1.6185e-17	1.66781e-17	1.70777e-17	1.7535e-17	1.79103e-17	1.83455e-17	1.86037e-17	1.90083e-17	1.93519e-17	1.9612e-17	1.99389e-17	2.021e-17	2.04655e-17	2.07173e-17	2.0996e-17	2.12122e-17	2.14181e-17	2.1621e-17	2.17867e-17	2.19955e-17	2.21397e-17	2.23119e-17	2.24655e-17	2.26057e-17	2.27211e-17	2.28505e-17	2.29777e-17	2.30858e-17	2.31805e-17	2.32894e-17	2.33405e-17	2.34592e-17	2.35168e-17	2.35799e-17	2.36426e-17	2.37026e-17	2.37317e-17	2.37921e-17	2.38333e-17	2.38562e-17	2.38863e-17	2.39169e-17	2.39438e-17	2.39549e-17	2.39735e-17	2.39859e-17	2.39985e-17	2.4017e-17	2.40255e-17	2.40335e-17	2.40414e-17	2.40454e-17	2.4055e-17	2.4055e-17	2.4055e-17	2.4055e-17	2.4055e-17	2.4055e-17
865.886	2.07044e-14	2.37392e-17	2.36521e-17	1.10432e-20	1.00637e-19	2.37701e-19	4.2219e-19	5.6128e-19	7.90719e-19	1.10165e-18	1.44924e-18	1.79371e-18	2.13347e-18	2.65549e-18	3.21561e-18	3.71048e-18	4.13679e-18	4.61507e-18	5.21719e-18	5.79841e-18	6.5022e-18	7.08148e-18	7.93085e-18	8.72011e-18	9.56999e-18	1.01334e-17	1.09066e-17	1.16365e-17	1.21816e-17	1.27548e-17	1.33927e-17	1.39223e-17	1.43772e-17	1.49272e-17	1.54921e-17	1.58967e-17	1.6382e-17	1.67755e-17	1.72257e-17	1.75952e-17	1.80237e-17	1.82781e-17	1.86767e-17	1.90153e-17	1.92716e-17	1.95939e-17	1.98609e-17	2.01062e-17	2.03607e-17	2.06354e-17	2.08483e-17	2.10512e-17	2.12512e-17	2.14146e-17	2.16206e-17	2.17628e-17	2.19327e-17	2.20843e-17	2.22227e-17	2.23366e-17	2.24643e-17	2.25897e-17	2.26963e-17	2.27895e-17	2.28969e-17	2.29473e-17	2.30643e-17	2.31211e-17	2.31833e-17	2.32452e-17	2.33043e-17	2.33331e-17	2.33927e-17	2.34334e-17	2.3456e-17	2.34856e-17	2.35159e-17	2.35424e-17	2.35533e-17	2.35717e-17	2.3584e-17	2.35964e-17	2.36146e-17	2.3623e-17	2.36309e-17	2.36387e-17	2.36427e-17	2.36521e-17	2.36521e-17	2.36521e-17	2.36521e-17	2.36521e-17	2.36521e-17
868.896	2.07044e-14	2.3343e-17	2.32571e-17	1.08341e-20	9.87029e-20	2.33079e-19	4.13944e-19	5.50302e-19	7.75188e-19	1.08006e-18	1.4209e-18	1.75885e-18	2.09222e-18	2.60436e-18	3.15372e-18	3.63895e-18	4.05716e-18	4.52654e-18	5.11787e-18	5.68869e-18	6.37946e-18	6.94778e-18	7.78122e-18	8.55623e-18	9.39135e-18	9.94536e-18	1.07056e-17	1.14231e-17	1.1959e-17	1.25223e-17	1.31498e-17	1.36708e-17	1.41289e-17	1.46597e-17	1.52158e-17	1.56141e-17	1.60918e-17	1.64793e-17	1.69225e-17	1.72863e-17	1.77083e-17	1.7959e-17	1.83515e-17	1.86853e-17	1.89379e-17	1.92557e-17	1.95187e-17	1.97669e-17	2.00112e-17	2.02818e-17	2.04915e-17	2.06916e-17	2.08887e-17	2.10497e-17	2.12529e-17	2.13932e-17	2.15609e-17	2.17105e-17	2.18471e-17	2.19595e-17	2.20855e-17	2.22091e-17	2.23143e-17	2.2406e-17	2.2512e-17	2.25617e-17	2.26769e-17	2.2733e-17	2.27943e-17	2.28555e-17	2.29137e-17	2.29421e-17	2.3001e-17	2.30412e-17	2.30634e-17	2.30927e-17	2.31226e-17	2.31488e-17	2.31595e-17	2.31777e-17	2.31898e-17	2.3202e-17	2.322e-17	2.32282e-17	2.32361e-17	2.32438e-17	2.32477e-17	2.32571e-17	2.32571e-17	2.32571e-17	2.32571e-17	2.32571e-17	2.32571e-17
871.906	2.07044e-14	2.29544e-17	2.28696e-17	1.06304e-20	9.68166e-20	2.28567e-19	4.05884e-19	5.39562e-19	7.59985e-19	1.05893e-18	1.39318e-18	1.72475e-18	2.05189e-18	2.55433e-18	3.09314e-18	3.56894e-18	3.97922e-18	4.43989e-18	5.02064e-18	5.58128e-18	6.25929e-18	6.81689e-18	7.63472e-18	8.39574e-18	9.21639e-18	9.76115e-18	1.05088e-17	1.12142e-17	1.17409e-17	1.22947e-17	1.29117e-17	1.34243e-17	1.38649e-17	1.43976e-17	1.4945e-17	1.53371e-17	1.58074e-17	1.6189e-17	1.66253e-17	1.69836e-17	1.73991e-17	1.76461e-17	1.80328e-17	1.83617e-17	1.86106e-17	1.89239e-17	1.91831e-17	1.94278e-17	1.96684e-17	1.99352e-17	2.01417e-17	2.0339e-17	2.05332e-17	2.0692e-17	2.08924e-17	2.10307e-17	2.11963e-17	2.13439e-17	2.14787e-17	2.15896e-17	2.17139e-17	2.18358e-17	2.19397e-17	2.203e-17	2.21345e-17	2.21835e-17	2.22971e-17	2.23523e-17	2.24128e-17	2.24732e-17	2.25307e-17	2.25586e-17	2.26168e-17	2.26565e-17	2.26784e-17	2.27073e-17	2.27368e-17	2.27627e-17	2.27733e-17	2.27912e-17	2.28032e-17	2.28152e-17	2.28329e-17	2.2841e-17	2.28488e-17	2.28564e-17	2.28603e-17	2.28696e-17	2.28696e-17	2.28696e-17	2.28696e-17	2.28696e-17	2.28696e-17
874.916	2.07044e-14	2.25733e-17	2.24895e-17	1.04319e-20	9.49766e-20	2.24161e-19	3.98005e-19	5.29053e-19	7.45103e-19	1.03825e-18	1.36608e-18	1.6914e-18	2.01244e-18	2.50539e-18	3.03386e-18	3.50042e-18	3.90294e-18	4.35508e-18	4.92546e-18	5.47612e-18	6.14164e-18	6.68875e-18	7.49127e-18	8.23858e-18	9.04503e-18	9.58073e-18	1.03159e-17	1.10095e-17	1.15273e-17	1.20716e-17	1.26784e-17	1.31827e-17	1.36165e-17	1.41408e-17	1.46796e-17	1.50657e-17	1.55286e-17	1.59044e-17	1.6334e-17	1.66869e-17	1.7096e-17	1.73395e-17	1.77202e-17	1.80444e-17	1.82898e-17	1.85987e-17	1.8854e-17	1.90953e-17	1.93324e-17	1.95953e-17	1.97988e-17	1.99933e-17	2.01846e-17	2.03412e-17	2.05389e-17	2.06753e-17	2.08387e-17	2.09843e-17	2.11174e-17	2.12269e-17	2.13495e-17	2.14698e-17	2.15723e-17	2.16612e-17	2.17643e-17	2.18127e-17	2.19246e-17	2.1979e-17	2.20387e-17	2.20983e-17	2.2155e-17	2.21825e-17	2.224e-17	2.22792e-17	2.23008e-17	2.23293e-17	2.23584e-17	2.2384e-17	2.23945e-17	2.24122e-17	2.2424e-17	2.24358e-17	2.24533e-17	2.24613e-17	2.2469e-17	2.24765e-17	2.24804e-17	2.24895e-17	2.24895e-17	2.24895e-17	2.24895e-17	2.24895e-17	2.24895e-17
877.926	2.07044e-14	2.21994e-17	2.21168e-17	1.02383e-20	9.31815e-20	2.19858e-19	3.90303e-19	5.18772e-19	7.30537e-19	1.01802e-18	1.33956e-18	1.65878e-18	1.97386e-18	2.4575e-18	2.97585e-18	3.43336e-18	3.82828e-18	4.27207e-18	4.83229e-18	5.37317e-18	6.02645e-18	6.5633e-18	7.35083e-18	8.08468e-18	8.87721e-18	9.40401e-18	1.01271e-17	1.0809e-17	1.13181e-17	1.1853e-17	1.24498e-17	1.2946e-17	1.3373e-17	1.38891e-17	1.44196e-17	1.47997e-17	1.52554e-17	1.56255e-17	1.60485e-17	1.6396e-17	1.6799e-17	1.70388e-17	1.74138e-17	1.77333e-17	1.79751e-17	1.82797e-17	1.85313e-17	1.8763e-17	1.90029e-17	1.9262e-17	1.94625e-17	1.96543e-17	1.98428e-17	1.99973e-17	2.01922e-17	2.03267e-17	2.0488e-17	2.06316e-17	2.0763e-17	2.08711e-17	2.09921e-17	2.11107e-17	2.12119e-17	2.12995e-17	2.14012e-17	2.1449e-17	2.15592e-17	2.16129e-17	2.16718e-17	2.17306e-17	2.17865e-17	2.18136e-17	2.18704e-17	2.19091e-17	2.19304e-17	2.19585e-17	2.19873e-17	2.20126e-17	2.20229e-17	2.20404e-17	2.20521e-17	2.20637e-17	2.2081e-17	2.20889e-17	2.20964e-17	2.21039e-17	2.21077e-17	2.21168e-17	2.21168e-17	2.21168e-17	2.21168e-17	2.21168e-17	2.21168e-17
880.936	2.07044e-14	2.18327e-17	2.17512e-17	1.00495e-20	9.14298e-20	2.15657e-19	3.82774e-19	5.08713e-19	7.16281e-19	9.98215e-19	1.31362e-18	1.62687e-18	1.93612e-18	2.41066e-18	2.91907e-18	3.36773e-18	3.75522e-18	4.19082e-18	4.74109e-18	5.27237e-18	5.91368e-18	6.44049e-18	7.21332e-18	7.93397e-18	8.71285e-18	9.23092e-18	9.94213e-18	1.06127e-17	1.11131e-17	1.16389e-17	1.22259e-17	1.2714e-17	1.31344e-17	1.36424e-17	1.41647e-17	1.4539e-17	1.49876e-17	1.5352e-17	1.57686e-17	1.61108e-17	1.65077e-17	1.67441e-17	1.71135e-17	1.74283e-17	1.76666e-17	1.79669e-17	1.82148e-17	1.84433e-17	1.86797e-17	1.89352e-17	1.91328e-17	1.93219e-17	1.95077e-17	1.966e-17	1.98523e-17	1.99849e-17	2.01441e-17	2.02858e-17	2.04155e-17	2.05222e-17	2.06415e-17	2.07586e-17	2.08585e-17	2.09448e-17	2.10451e-17	2.10923e-17	2.12009e-17	2.12538e-17	2.13119e-17	2.13699e-17	2.1425e-17	2.14517e-17	2.15079e-17	2.15461e-17	2.15671e-17	2.15948e-17	2.16233e-17	2.16483e-17	2.16585e-17	2.16758e-17	2.16873e-17	2.16988e-17	2.17158e-17	2.17236e-17	2.1731e-17	2.17384e-17	2.17422e-17	2.17512e-17	2.17512e-17	2.17512e-17	2.17512e-17	2.17512e-17	2.17512e-17
883.946	2.07044e-14	2.1473e-17	2.13925e-17	9.86536e-21	8.97201e-20	2.11553e-19	3.75414e-19	4.98873e-19	7.02327e-19	9.78837e-19	1.28825e-18	1.59565e-18	1.89922e-18	2.36482e-18	2.86351e-18	3.3035e-18	3.6837e-18	4.11128e-18	4.6518e-18	5.17368e-18	5.80326e-18	6.32026e-18	7.07868e-18	7.78638e-18	8.55186e-18	9.06138e-18	9.76096e-18	1.04203e-17	1.09123e-17	1.14292e-17	1.20064e-17	1.24867e-17	1.29101e-17	1.34006e-17	1.39149e-17	1.42835e-17	1.47251e-17	1.5084e-17	1.54943e-17	1.58313e-17	1.62222e-17	1.64551e-17	1.6819e-17	1.71292e-17	1.73641e-17	1.76601e-17	1.79045e-17	1.81298e-17	1.83628e-17	1.86147e-17	1.88095e-17	1.8996e-17	1.91791e-17	1.93293e-17	1.95189e-17	1.96497e-17	1.98068e-17	1.99465e-17	2.00746e-17	2.01799e-17	2.02977e-17	2.04132e-17	2.05118e-17	2.05969e-17	2.06959e-17	2.07424e-17	2.08494e-17	2.09016e-17	2.0959e-17	2.10161e-17	2.10705e-17	2.10968e-17	2.11524e-17	2.119e-17	2.12108e-17	2.12381e-17	2.12663e-17	2.12909e-17	2.1301e-17	2.13181e-17	2.13294e-17	2.13408e-17	2.13576e-17	2.13653e-17	2.13726e-17	2.138e-17	2.13837e-17	2.13925e-17	2.13925e-17	2.13925e-17	2.13925e-17	2.13925e-17	2.13925e-17
886.957	2.07044e-14	2.11202e-17	2.10408e-17	9.6856e-21	8.80511e-20	2.07544e-19	3.68218e-19	4.89245e-19	6.88671e-19	9.59875e-19	1.26343e-18	1.56511e-18	1.86311e-18	2.31998e-18	2.80913e-18	3.24063e-18	3.61371e-18	4.03344e-18	4.56438e-18	5.07706e-18	5.69516e-18	6.20255e-18	6.94687e-18	7.64186e-18	8.39419e-18	8.89531e-18	9.58351e-18	1.02319e-17	1.07157e-17	1.12237e-17	1.17913e-17	1.2264e-17	1.26713e-17	1.31637e-17	1.36701e-17	1.4033e-17	1.44679e-17	1.48213e-17	1.52253e-17	1.55573e-17	1.59424e-17	1.61718e-17	1.65302e-17	1.6836e-17	1.70674e-17	1.73593e-17	1.76001e-17	1.78283e-17	1.8052e-17	1.83004e-17	1.84924e-17	1.86764e-17	1.88568e-17	1.90051e-17	1.9192e-17	1.9321e-17	1.9476e-17	1.96138e-17	1.97403e-17	1.98442e-17	1.99604e-17	2.00744e-17	2.01717e-17	2.02556e-17	2.03533e-17	2.03992e-17	2.05047e-17	2.05562e-17	2.06128e-17	2.06691e-17	2.07227e-17	2.07487e-17	2.08036e-17	2.08407e-17	2.08612e-17	2.08881e-17	2.09161e-17	2.09404e-17	2.09504e-17	2.09672e-17	2.09784e-17	2.09896e-17	2.10062e-17	2.10138e-17	2.10211e-17	2.10283e-17	2.1032e-17	2.10408e-17	2.10408e-17	2.10408e-17	2.10408e-17	2.10408e-17	2.10408e-17
889.967	2.07044e-14	2.07741e-17	2.06956e-17	9.51011e-21	8.64214e-20	2.03628e-19	3.61183e-19	4.79827e-19	6.75306e-19	9.41318e-19	1.23915e-18	1.53524e-18	1.8278e-18	2.2761e-18	2.75591e-18	3.1791e-18	3.5452e-18	3.95723e-18	4.47881e-18	4.98246e-18	5.58931e-18	6.08732e-18	6.8178e-18	7.50032e-18	8.23975e-18	8.73264e-18	9.40968e-18	1.00474e-17	1.0523e-17	1.10224e-17	1.15806e-17	1.20457e-17	1.24466e-17	1.29315e-17	1.34302e-17	1.37876e-17	1.42157e-17	1.45638e-17	1.49617e-17	1.52886e-17	1.5668e-17	1.58941e-17	1.62471e-17	1.65484e-17	1.67765e-17	1.70642e-17	1.73017e-17	1.75207e-17	1.77472e-17	1.79921e-17	1.81815e-17	1.8363e-17	1.85408e-17	1.86871e-17	1.88714e-17	1.89986e-17	1.91516e-17	1.92875e-17	1.94123e-17	1.95148e-17	1.96295e-17	1.97421e-17	1.98381e-17	1.99208e-17	2.00172e-17	2.00626e-17	2.01665e-17	2.02174e-17	2.02732e-17	2.03288e-17	2.03816e-17	2.04072e-17	2.04615e-17	2.04981e-17	2.05183e-17	2.05448e-17	2.05725e-17	2.05966e-17	2.06064e-17	2.0623e-17	2.06341e-17	2.06451e-17	2.06615e-17	2.0669e-17	2.06762e-17	2.06834e-17	2.0687e-17	2.06956e-17	2.06956e-17	2.06956e-17	2.06956e-17	2.06956e-17	2.06956e-17
892.977	2.07044e-14	2.04346e-17	2.03572e-17	9.33873e-21	8.48298e-20	1.99802e-19	3.54305e-19	4.70614e-19	6.62227e-19	9.23157e-19	1.21539e-18	1.506e-18	1.79325e-18	2.23317e-18	2.70382e-18	3.11888e-18	3.47815e-18	3.88264e-18	4.39503e-18	4.88984e-18	5.48568e-18	5.9745e-18	6.69144e-18	7.36172e-18	8.08849e-18	8.57329e-18	9.23941e-18	9.86657e-18	1.03342e-17	1.08251e-17	1.13741e-17	1.18317e-17	1.22265e-17	1.27039e-17	1.3195e-17	1.3547e-17	1.39685e-17	1.43113e-17	1.47032e-17	1.50252e-17	1.5399e-17	1.56217e-17	1.59696e-17	1.62665e-17	1.64913e-17	1.67749e-17	1.70089e-17	1.72308e-17	1.74483e-17	1.76898e-17	1.78765e-17	1.80556e-17	1.82309e-17	1.83752e-17	1.85569e-17	1.86825e-17	1.88334e-17	1.89674e-17	1.90907e-17	1.91918e-17	1.93049e-17	1.94161e-17	1.95108e-17	1.95924e-17	1.96876e-17	1.97324e-17	1.98348e-17	1.9885e-17	1.994e-17	1.99948e-17	2.0047e-17	2.00722e-17	2.01258e-17	2.0162e-17	2.01819e-17	2.0208e-17	2.02355e-17	2.02593e-17	2.0269e-17	2.02854e-17	2.02963e-17	2.03072e-17	2.03234e-17	2.03308e-17	2.0338e-17	2.0345e-17	2.03486e-17	2.03572e-17	2.03572e-17	2.03572e-17	2.03572e-17	2.03572e-17	2.03572e-17
895.987	2.07044e-14	2.01015e-17	2.00251e-17	9.17132e-21	8.32751e-20	1.96063e-19	3.4758e-19	4.616e-19	6.49427e-19	9.05385e-19	1.19215e-18	1.4774e-18	1.75945e-18	2.19116e-18	2.65285e-18	3.05995e-18	3.41252e-18	3.80963e-18	4.31302e-18	4.79915e-18	5.38421e-18	5.86404e-18	6.56771e-18	7.22599e-18	7.94033e-18	8.41719e-18	9.07261e-18	9.68947e-18	1.01493e-17	1.06319e-17	1.11718e-17	1.16221e-17	1.20107e-17	1.24808e-17	1.29645e-17	1.33112e-17	1.37262e-17	1.40638e-17	1.44498e-17	1.4767e-17	1.51353e-17	1.53547e-17	1.56975e-17	1.599e-17	1.62116e-17	1.64911e-17	1.67218e-17	1.69406e-17	1.71551e-17	1.73933e-17	1.75775e-17	1.77541e-17	1.7927e-17	1.80694e-17	1.82486e-17	1.83724e-17	1.85213e-17	1.86535e-17	1.87751e-17	1.88749e-17	1.89865e-17	1.90963e-17	1.91898e-17	1.92703e-17	1.93642e-17	1.94085e-17	1.95094e-17	1.95589e-17	1.96133e-17	1.96673e-17	1.97187e-17	1.97436e-17	1.97966e-17	1.98323e-17	1.98519e-17	1.98777e-17	1.99049e-17	1.99284e-17	1.9938e-17	1.99541e-17	1.99649e-17	1.99757e-17	1.99918e-17	1.99991e-17	2.00061e-17	2.00131e-17	2.00167e-17	2.00251e-17	2.00251e-17	2.00251e-17	2.00251e-17	2.00251e-17	2.00251e-17
898.997	2.07044e-14	1.97747e-17	1.96993e-17	9.00773e-21	8.1756e-20	1.9241e-19	3.41005e-19	4.52783e-19	6.36901e-19	8.87993e-19	1.16941e-18	1.44942e-18	1.72638e-18	2.15005e-18	2.60296e-18	3.00226e-18	3.34828e-18	3.73816e-18	4.23272e-18	4.71035e-18	5.28486e-18	5.7559e-18	6.44657e-18	7.09307e-18	7.79521e-18	8.26427e-18	8.9092e-18	9.51599e-18	9.96817e-18	1.04426e-17	1.09735e-17	1.14166e-17	1.17992e-17	1.22622e-17	1.27386e-17	1.308e-17	1.34887e-17	1.38212e-17	1.42014e-17	1.45138e-17	1.48767e-17	1.50929e-17	1.54306e-17	1.57189e-17	1.59373e-17	1.62128e-17	1.64403e-17	1.66503e-17	1.68674e-17	1.71024e-17	1.72841e-17	1.74583e-17	1.76289e-17	1.77694e-17	1.79461e-17	1.80683e-17	1.82152e-17	1.83455e-17	1.84656e-17	1.85641e-17	1.86741e-17	1.87825e-17	1.88748e-17	1.89542e-17	1.9047e-17	1.90906e-17	1.91901e-17	1.92391e-17	1.92927e-17	1.93459e-17	1.93967e-17	1.94213e-17	1.94735e-17	1.95088e-17	1.95281e-17	1.95535e-17	1.95805e-17	1.96037e-17	1.96132e-17	1.96291e-17	1.96397e-17	1.96504e-17	1.96663e-17	1.96736e-17	1.96805e-17	1.96875e-17	1.96909e-17	1.96993e-17	1.96993e-17	1.96993e-17	1.96993e-17	1.96993e-17	1.96993e-17
902.007	2.07044e-14	1.94541e-17	1.93797e-17	8.84785e-21	8.02716e-20	1.88839e-19	3.34575e-19	4.44156e-19	6.24644e-19	8.70972e-19	1.14716e-18	1.42204e-18	1.69403e-18	2.10983e-18	2.55413e-18	2.9458e-18	3.2854e-18	3.66819e-18	4.1541e-18	4.6234e-18	5.18758e-18	5.65001e-18	6.32796e-18	6.9629e-18	7.65306e-18	8.11446e-18	8.74912e-18	9.34603e-18	9.79071e-18	1.02572e-17	1.07792e-17	1.12152e-17	1.16006e-17	1.20479e-17	1.25171e-17	1.28535e-17	1.32559e-17	1.35834e-17	1.39579e-17	1.42655e-17	1.46232e-17	1.48362e-17	1.5169e-17	1.54531e-17	1.56683e-17	1.59399e-17	1.61641e-17	1.63768e-17	1.65853e-17	1.68171e-17	1.69963e-17	1.71682e-17	1.73365e-17	1.74752e-17	1.76494e-17	1.777e-17	1.79149e-17	1.80435e-17	1.8162e-17	1.82591e-17	1.83677e-17	1.84747e-17	1.85657e-17	1.86442e-17	1.87357e-17	1.87788e-17	1.88769e-17	1.89253e-17	1.89782e-17	1.90306e-17	1.90807e-17	1.9105e-17	1.91566e-17	1.91914e-17	1.92105e-17	1.92356e-17	1.92623e-17	1.92852e-17	1.92945e-17	1.93102e-17	1.93207e-17	1.93314e-17	1.93471e-17	1.93542e-17	1.93611e-17	1.9368e-17	1.93714e-17	1.93797e-17	1.93797e-17	1.93797e-17	1.93797e-17	1.93797e-17	1.93797e-17
905.017	2.07044e-14	1.91396e-17	1.90661e-17	8.69153e-21	7.88206e-20	1.85349e-19	3.28288e-19	4.35717e-19	6.12651e-19	8.54315e-19	1.12539e-18	1.39524e-18	1.66237e-18	2.07046e-18	2.50633e-18	2.89054e-18	3.22385e-18	3.5997e-18	4.07712e-18	4.53826e-18	5.09232e-18	5.54634e-18	6.21182e-18	6.83542e-18	7.51382e-18	7.96769e-18	8.59228e-18	9.17952e-18	9.61684e-18	1.00755e-17	1.05889e-17	1.10179e-17	1.13973e-17	1.18378e-17	1.23e-17	1.26313e-17	1.30277e-17	1.33502e-17	1.37191e-17	1.40221e-17	1.43746e-17	1.45845e-17	1.49125e-17	1.51924e-17	1.54045e-17	1.56722e-17	1.58932e-17	1.61029e-17	1.63086e-17	1.65372e-17	1.6714e-17	1.68837e-17	1.70497e-17	1.71865e-17	1.73585e-17	1.74775e-17	1.76204e-17	1.77472e-17	1.78642e-17	1.796e-17	1.80671e-17	1.81728e-17	1.82625e-17	1.83399e-17	1.84303e-17	1.84729e-17	1.85697e-17	1.86174e-17	1.86696e-17	1.87213e-17	1.87708e-17	1.87947e-17	1.88457e-17	1.888e-17	1.88988e-17	1.89236e-17	1.895e-17	1.89727e-17	1.89819e-17	1.89974e-17	1.90077e-17	1.90183e-17	1.90339e-17	1.90409e-17	1.90477e-17	1.90545e-17	1.90579e-17	1.90661e-17	1.90661e-17	1.90661e-17	1.90661e-17	1.90661e-17	1.90661e-17
908.027	2.07044e-14	1.88309e-17	1.87583e-17	8.53866e-21	7.74021e-20	1.81937e-19	3.22139e-19	4.27461e-19	6.00914e-19	8.38014e-19	1.10408e-18	1.36901e-18	1.63139e-18	2.03194e-18	2.45955e-18	2.83645e-18	3.1636e-18	3.53265e-18	4.00176e-18	4.45489e-18	4.99904e-18	5.44482e-18	6.0981e-18	6.71058e-18	7.37743e-18	7.82391e-18	8.43861e-18	9.01639e-18	9.4465e-18	9.89752e-18	1.04023e-17	1.08245e-17	1.11895e-17	1.16319e-17	1.20872e-17	1.24136e-17	1.2804e-17	1.31216e-17	1.3485e-17	1.37835e-17	1.41308e-17	1.43377e-17	1.46609e-17	1.49368e-17	1.51459e-17	1.54097e-17	1.56276e-17	1.58325e-17	1.60371e-17	1.62627e-17	1.64371e-17	1.66045e-17	1.67683e-17	1.69034e-17	1.7073e-17	1.71905e-17	1.73315e-17	1.74566e-17	1.7572e-17	1.76665e-17	1.77722e-17	1.78765e-17	1.7965e-17	1.80415e-17	1.81307e-17	1.81727e-17	1.82682e-17	1.83153e-17	1.83668e-17	1.84178e-17	1.84666e-17	1.84903e-17	1.85406e-17	1.85745e-17	1.8593e-17	1.86175e-17	1.86437e-17	1.8666e-17	1.86751e-17	1.86904e-17	1.87006e-17	1.87111e-17	1.87265e-17	1.87335e-17	1.87402e-17	1.87469e-17	1.87502e-17	1.87583e-17	1.87583e-17	1.87583e-17	1.87583e-17	1.87583e-17	1.87583e-17
911.037	2.07044e-14	1.85281e-17	1.84564e-17	8.38913e-21	7.60151e-20	1.786e-19	3.16126e-19	4.19385e-19	5.8943e-19	8.2206e-19	1.08324e-18	1.34335e-18	1.60107e-18	1.99424e-18	2.41377e-18	2.78351e-18	3.10463e-18	3.46702e-18	3.92797e-18	4.37325e-18	4.9077e-18	5.34542e-18	5.98675e-18	6.58832e-18	7.24383e-18	7.68304e-18	8.28805e-18	8.85655e-18	9.27961e-18	9.72312e-18	1.02195e-17	1.06349e-17	1.10026e-17	1.143e-17	1.18786e-17	1.22002e-17	1.25847e-17	1.28975e-17	1.32555e-17	1.35495e-17	1.38917e-17	1.40956e-17	1.44142e-17	1.46861e-17	1.48922e-17	1.51522e-17	1.5367e-17	1.55708e-17	1.57708e-17	1.59933e-17	1.61654e-17	1.63306e-17	1.64923e-17	1.66257e-17	1.6793e-17	1.6909e-17	1.70481e-17	1.71715e-17	1.72854e-17	1.73786e-17	1.74828e-17	1.75858e-17	1.76732e-17	1.77486e-17	1.78367e-17	1.78782e-17	1.79723e-17	1.80189e-17	1.80698e-17	1.812e-17	1.81682e-17	1.81916e-17	1.82412e-17	1.82747e-17	1.8293e-17	1.83171e-17	1.83431e-17	1.83651e-17	1.83741e-17	1.83892e-17	1.83992e-17	1.84097e-17	1.8425e-17	1.84319e-17	1.84385e-17	1.84451e-17	1.84484e-17	1.84564e-17	1.84564e-17	1.84564e-17	1.84564e-17	1.84564e-17	1.84564e-17
914.047	2.07044e-14	1.82309e-17	1.816e-17	8.24283e-21	7.46585e-20	1.75338e-19	3.10244e-19	4.11483e-19	5.78193e-19	8.06448e-19	1.06283e-18	1.31823e-18	1.5714e-18	1.95733e-18	2.36895e-18	2.73169e-18	3.0469e-18	3.40276e-18	3.85572e-18	4.29331e-18	4.81826e-18	5.24809e-18	5.87772e-18	6.46857e-18	7.11296e-18	7.54503e-18	8.14053e-18	8.69994e-18	9.11609e-18	9.55225e-18	1.00404e-17	1.04492e-17	1.08029e-17	1.12321e-17	1.16741e-17	1.19909e-17	1.23697e-17	1.26778e-17	1.30304e-17	1.332e-17	1.36573e-17	1.38582e-17	1.41722e-17	1.44403e-17	1.46434e-17	1.48997e-17	1.51114e-17	1.53106e-17	1.55096e-17	1.5729e-17	1.58989e-17	1.60619e-17	1.62215e-17	1.63532e-17	1.65183e-17	1.66328e-17	1.677e-17	1.68918e-17	1.70042e-17	1.70962e-17	1.7199e-17	1.73006e-17	1.73868e-17	1.74613e-17	1.75482e-17	1.75891e-17	1.76821e-17	1.77281e-17	1.77783e-17	1.78278e-17	1.78754e-17	1.78985e-17	1.79475e-17	1.79805e-17	1.79986e-17	1.80224e-17	1.80481e-17	1.80699e-17	1.80787e-17	1.80936e-17	1.81035e-17	1.81139e-17	1.81291e-17	1.81359e-17	1.81424e-17	1.81489e-17	1.81522e-17	1.816e-17	1.816e-17	1.816e-17	1.816e-17	1.816e-17	1.816e-17
917.057	2.07044e-14	1.79393e-17	1.78693e-17	8.09966e-21	7.33316e-20	1.72148e-19	3.04492e-19	4.03752e-19	5.67198e-19	7.91169e-19	1.04287e-18	1.29365e-18	1.54236e-18	1.92122e-18	2.32508e-18	2.68097e-18	2.99039e-18	3.33985e-18	3.78497e-18	4.21501e-18	4.73067e-18	5.15278e-18	5.77095e-18	6.3513e-18	6.98476e-18	7.40982e-18	7.99597e-18	8.54649e-18	8.95586e-18	9.38483e-18	9.86491e-18	1.02671e-17	1.06154e-17	1.10381e-17	1.14737e-17	1.17858e-17	1.2159e-17	1.24624e-17	1.28098e-17	1.3095e-17	1.34274e-17	1.36254e-17	1.3935e-17	1.41992e-17	1.43994e-17	1.46521e-17	1.48607e-17	1.50537e-17	1.52533e-17	1.54698e-17	1.56374e-17	1.57982e-17	1.59558e-17	1.60859e-17	1.62488e-17	1.63618e-17	1.64973e-17	1.66174e-17	1.67284e-17	1.6819e-17	1.69205e-17	1.70208e-17	1.71057e-17	1.71793e-17	1.72651e-17	1.73055e-17	1.73972e-17	1.74427e-17	1.74922e-17	1.75411e-17	1.75881e-17	1.76109e-17	1.76592e-17	1.76918e-17	1.77097e-17	1.77332e-17	1.77586e-17	1.77801e-17	1.77889e-17	1.78036e-17	1.78134e-17	1.78237e-17	1.78387e-17	1.78454e-17	1.78519e-17	1.78583e-17	1.78615e-17	1.78693e-17	1.78693e-17	1.78693e-17	1.78693e-17	1.78693e-17	1.78693e-17
920.067	2.07044e-14	1.76532e-17	1.75839e-17	7.95952e-21	7.20333e-20	1.69027e-19	2.98864e-19	3.96189e-19	5.5644e-19	7.76216e-19	1.02333e-18	1.26958e-18	1.51394e-18	1.88587e-18	2.28214e-18	2.63132e-18	2.93507e-18	3.27826e-18	3.7157e-18	4.13834e-18	4.64489e-18	5.05944e-18	5.66639e-18	6.23645e-18	6.85918e-18	7.27734e-18	7.85432e-18	8.39613e-18	8.79886e-18	9.22079e-18	9.69292e-18	1.00886e-17	1.04395e-17	1.08479e-17	1.12771e-17	1.15847e-17	1.19523e-17	1.22512e-17	1.25934e-17	1.28744e-17	1.3202e-17	1.33971e-17	1.37023e-17	1.39627e-17	1.41601e-17	1.44091e-17	1.46149e-17	1.48051e-17	1.50019e-17	1.52154e-17	1.53808e-17	1.55395e-17	1.56951e-17	1.58235e-17	1.59844e-17	1.6096e-17	1.62296e-17	1.63482e-17	1.64577e-17	1.65471e-17	1.66472e-17	1.67463e-17	1.683e-17	1.69027e-17	1.69873e-17	1.70272e-17	1.71177e-17	1.71626e-17	1.72115e-17	1.72597e-17	1.73062e-17	1.73287e-17	1.73764e-17	1.74085e-17	1.74262e-17	1.74494e-17	1.74745e-17	1.74958e-17	1.75045e-17	1.75189e-17	1.75286e-17	1.75389e-17	1.75537e-17	1.75604e-17	1.75668e-17	1.75731e-17	1.75763e-17	1.75839e-17	1.75839e-17	1.75839e-17	1.75839e-17	1.75839e-17	1.75839e-17
923.077	2.07044e-14	1.73724e-17	1.73039e-17	7.82232e-21	7.0763e-20	1.65974e-19	2.93359e-19	3.88789e-19	5.45914e-19	7.61582e-19	1.00421e-18	1.24603e-18	1.48612e-18	1.85126e-18	2.2401e-18	2.58271e-18	2.88091e-18	3.21796e-18	3.64786e-18	4.06326e-18	4.56089e-18	4.96804e-18	5.56401e-18	6.12397e-18	6.73616e-18	7.14754e-18	7.71551e-18	8.24878e-18	8.64501e-18	9.06005e-18	9.52438e-18	9.91375e-18	1.02592e-17	1.06614e-17	1.10844e-17	1.13875e-17	1.17497e-17	1.20442e-17	1.23813e-17	1.2658e-17	1.29808e-17	1.31732e-17	1.3474e-17	1.37308e-17	1.39254e-17	1.41709e-17	1.43737e-17	1.45645e-17	1.47553e-17	1.49659e-17	1.51291e-17	1.52857e-17	1.54393e-17	1.55661e-17	1.57249e-17	1.58352e-17	1.59671e-17	1.60841e-17	1.61922e-17	1.62804e-17	1.63791e-17	1.64769e-17	1.65594e-17	1.66312e-17	1.67147e-17	1.67541e-17	1.68434e-17	1.68877e-17	1.6936e-17	1.69836e-17	1.70295e-17	1.70518e-17	1.70987e-17	1.71305e-17	1.7148e-17	1.71709e-17	1.71957e-17	1.72168e-17	1.72253e-17	1.72396e-17	1.72492e-17	1.72594e-17	1.7274e-17	1.72806e-17	1.72869e-17	1.72932e-17	1.72963e-17	1.73039e-17	1.73039e-17	1.73039e-17	1.73039e-17	1.73039e-17	1.73039e-17
926.087	2.07044e-14	1.70968e-17	1.70291e-17	7.68797e-21	6.95197e-20	1.62987e-19	2.87973e-19	3.81548e-19	5.35614e-19	7.4726e-19	9.85489e-19	1.22297e-18	1.45889e-18	1.81739e-18	2.19895e-18	2.53513e-18	2.82789e-18	3.15892e-18	3.58143e-18	3.98972e-18	4.47862e-18	4.87853e-18	5.46374e-18	6.0138e-18	6.61565e-18	7.02036e-18	7.57949e-18	8.10438e-18	8.49425e-18	8.90255e-18	9.35921e-18	9.74235e-18	1.00746e-17	1.04786e-17	1.08955e-17	1.11941e-17	1.15511e-17	1.18412e-17	1.21732e-17	1.24459e-17	1.2764e-17	1.29536e-17	1.32502e-17	1.35033e-17	1.36952e-17	1.39372e-17	1.41371e-17	1.4322e-17	1.45134e-17	1.4721e-17	1.48821e-17	1.50366e-17	1.51883e-17	1.53136e-17	1.54704e-17	1.55792e-17	1.57094e-17	1.5825e-17	1.59316e-17	1.60186e-17	1.6116e-17	1.62125e-17	1.62939e-17	1.63648e-17	1.64472e-17	1.6486e-17	1.65742e-17	1.6618e-17	1.66657e-17	1.67126e-17	1.67579e-17	1.678e-17	1.68263e-17	1.68577e-17	1.6875e-17	1.68976e-17	1.69221e-17	1.69429e-17	1.69513e-17	1.69655e-17	1.69749e-17	1.69851e-17	1.69996e-17	1.70061e-17	1.70123e-17	1.70185e-17	1.70216e-17	1.70291e-17	1.70291e-17	1.70291e-17	1.70291e-17	1.70291e-17	1.70291e-17
929.097	2.07044e-14	1.68263e-17	1.67593e-17	7.55638e-21	6.83027e-20	1.60065e-19	2.82703e-19	3.74464e-19	5.25537e-19	7.33245e-19	9.67171e-19	1.2004e-18	1.43223e-18	1.78423e-18	2.15867e-18	2.48856e-18	2.77598e-18	3.10112e-18	3.51639e-18	3.9177e-18	4.39805e-18	4.79086e-18	5.36555e-18	5.90589e-18	6.49759e-18	6.89575e-18	7.44618e-18	7.96287e-18	8.34651e-18	8.7482e-18	9.19735e-18	9.57436e-18	9.90149e-18	1.02994e-17	1.07102e-17	1.10045e-17	1.13563e-17	1.16421e-17	1.19693e-17	1.22378e-17	1.25513e-17	1.27381e-17	1.30306e-17	1.32802e-17	1.34694e-17	1.3708e-17	1.39051e-17	1.40922e-17	1.4276e-17	1.44808e-17	1.46397e-17	1.47922e-17	1.4942e-17	1.50657e-17	1.52205e-17	1.53281e-17	1.54566e-17	1.55707e-17	1.56759e-17	1.57618e-17	1.58579e-17	1.59531e-17	1.60334e-17	1.61034e-17	1.61847e-17	1.6223e-17	1.63101e-17	1.63533e-17	1.64003e-17	1.64466e-17	1.64914e-17	1.65132e-17	1.65589e-17	1.65899e-17	1.6607e-17	1.66294e-17	1.66536e-17	1.66741e-17	1.66825e-17	1.66964e-17	1.67057e-17	1.67158e-17	1.67302e-17	1.67366e-17	1.67428e-17	1.67489e-17	1.67519e-17	1.67593e-17	1.67593e-17	1.67593e-17	1.67593e-17	1.67593e-17	1.67593e-17
932.107	2.07044e-14	1.65608e-17	1.64946e-17	7.42748e-21	6.71112e-20	1.57205e-19	2.77546e-19	3.67532e-19	5.15677e-19	7.19527e-19	9.4924e-19	1.17831e-18	1.40613e-18	1.75177e-18	2.11923e-18	2.44296e-18	2.72516e-18	3.04452e-18	3.45268e-18	3.84716e-18	4.31913e-18	4.705e-18	5.26939e-18	5.80021e-18	6.38194e-18	6.77365e-18	7.31554e-18	7.82419e-18	8.20171e-18	8.59694e-18	9.03873e-18	9.4097e-18	9.73927e-18	1.01237e-17	1.05286e-17	1.08187e-17	1.11654e-17	1.14469e-17	1.17693e-17	1.20338e-17	1.23427e-17	1.25269e-17	1.28152e-17	1.30613e-17	1.32479e-17	1.34831e-17	1.36775e-17	1.38619e-17	1.40432e-17	1.42452e-17	1.4402e-17	1.45524e-17	1.47003e-17	1.48225e-17	1.49754e-17	1.50816e-17	1.52085e-17	1.53212e-17	1.54251e-17	1.55098e-17	1.56046e-17	1.56986e-17	1.57778e-17	1.58469e-17	1.5927e-17	1.59648e-17	1.60508e-17	1.60935e-17	1.61399e-17	1.61856e-17	1.62299e-17	1.62514e-17	1.62965e-17	1.63271e-17	1.6344e-17	1.63662e-17	1.63901e-17	1.64103e-17	1.64186e-17	1.64324e-17	1.64416e-17	1.64516e-17	1.64658e-17	1.64722e-17	1.64783e-17	1.64843e-17	1.64873e-17	1.64946e-17	1.64946e-17	1.64946e-17	1.64946e-17	1.64946e-17	1.64946e-17
935.117	2.07044e-14	1.63003e-17	1.62348e-17	7.30119e-21	6.59445e-20	1.54406e-19	2.725e-19	3.60749e-19	5.06029e-19	7.06103e-19	9.3169e-19	1.15668e-18	1.38058e-18	1.71999e-18	2.08062e-18	2.39832e-18	2.6754e-18	2.9891e-18	3.3903e-18	3.77807e-18	4.24184e-18	4.62091e-18	5.17521e-18	5.69669e-18	6.26864e-18	6.65402e-18	7.1875e-18	7.68826e-18	8.0598e-18	8.44871e-18	8.88328e-18	9.24832e-18	9.57277e-18	9.95144e-18	1.03505e-17	1.06364e-17	1.09781e-17	1.12556e-17	1.15731e-17	1.18337e-17	1.21381e-17	1.23196e-17	1.26039e-17	1.28466e-17	1.30306e-17	1.32626e-17	1.34542e-17	1.36361e-17	1.38148e-17	1.40139e-17	1.41686e-17	1.4317e-17	1.44631e-17	1.45838e-17	1.47348e-17	1.48398e-17	1.4965e-17	1.50764e-17	1.51789e-17	1.52625e-17	1.53561e-17	1.54488e-17	1.55269e-17	1.55951e-17	1.56742e-17	1.57115e-17	1.57964e-17	1.58385e-17	1.58843e-17	1.59294e-17	1.59732e-17	1.59944e-17	1.60389e-17	1.60692e-17	1.60859e-17	1.61078e-17	1.61314e-17	1.61514e-17	1.61596e-17	1.61732e-17	1.61823e-17	1.61922e-17	1.62063e-17	1.62126e-17	1.62186e-17	1.62246e-17	1.62275e-17	1.62348e-17	1.62348e-17	1.62348e-17	1.62348e-17	1.62348e-17	1.62348e-17
938.127	2.07044e-14	1.60445e-17	1.59797e-17	7.17744e-21	6.4802e-20	1.51666e-19	2.67561e-19	3.54111e-19	4.96589e-19	6.92965e-19	9.14511e-19	1.1355e-18	1.35556e-18	1.68887e-18	2.04282e-18	2.35462e-18	2.62669e-18	2.93484e-18	3.3292e-18	3.7104e-18	4.16614e-18	4.53855e-18	5.08297e-18	5.5953e-18	6.15764e-18	6.5368e-18	7.06201e-18	7.55504e-18	7.92072e-18	8.30344e-18	8.73093e-18	9.09015e-18	9.40229e-18	9.78255e-18	1.01758e-17	1.04576e-17	1.07945e-17	1.10679e-17	1.13808e-17	1.16375e-17	1.19375e-17	1.21164e-17	1.23966e-17	1.2636e-17	1.28175e-17	1.30462e-17	1.32351e-17	1.34098e-17	1.35907e-17	1.37871e-17	1.39397e-17	1.40861e-17	1.42303e-17	1.43495e-17	1.44987e-17	1.46024e-17	1.47261e-17	1.48361e-17	1.49373e-17	1.50199e-17	1.51122e-17	1.52037e-17	1.52807e-17	1.5348e-17	1.5426e-17	1.54628e-17	1.55466e-17	1.55882e-17	1.56334e-17	1.5678e-17	1.57212e-17	1.57422e-17	1.57861e-17	1.5816e-17	1.58326e-17	1.58542e-17	1.58775e-17	1.58973e-17	1.59053e-17	1.59188e-17	1.59278e-17	1.59377e-17	1.59516e-17	1.59578e-17	1.59637e-17	1.59697e-17	1.59725e-17	1.59797e-17	1.59797e-17	1.59797e-17	1.59797e-17	1.59797e-17	1.59797e-17
941.137	2.07044e-14	1.57935e-17	1.57294e-17	7.05616e-21	6.36829e-20	1.48984e-19	2.62728e-19	3.47615e-19	4.87352e-19	6.80106e-19	8.97695e-19	1.11477e-18	1.33107e-18	1.6584e-18	2.00581e-18	2.31184e-18	2.579e-18	2.88171e-18	3.26936e-18	3.64412e-18	4.09198e-18	4.45787e-18	4.99263e-18	5.49599e-18	6.0489e-18	6.42194e-18	6.93902e-18	7.42447e-18	7.7844e-18	8.16105e-18	8.58161e-18	8.93511e-18	9.24243e-18	9.61696e-18	1.00046e-17	1.02823e-17	1.06144e-17	1.08839e-17	1.11922e-17	1.1445e-17	1.17407e-17	1.1917e-17	1.21933e-17	1.24294e-17	1.26084e-17	1.2834e-17	1.30203e-17	1.31925e-17	1.33708e-17	1.35645e-17	1.37151e-17	1.38595e-17	1.40019e-17	1.41196e-17	1.42669e-17	1.43694e-17	1.44916e-17	1.46003e-17	1.47002e-17	1.47817e-17	1.48729e-17	1.49631e-17	1.50391e-17	1.51056e-17	1.51825e-17	1.52188e-17	1.53015e-17	1.53425e-17	1.53872e-17	1.54312e-17	1.54739e-17	1.54947e-17	1.5538e-17	1.55675e-17	1.55839e-17	1.56053e-17	1.56282e-17	1.56478e-17	1.56558e-17	1.56691e-17	1.5678e-17	1.56878e-17	1.57016e-17	1.57077e-17	1.57136e-17	1.57195e-17	1.57223e-17	1.57294e-17	1.57294e-17	1.57294e-17	1.57294e-17	1.57294e-17	1.57294e-17
944.147	2.07044e-14	1.55471e-17	1.54836e-17	6.93728e-21	6.25867e-20	1.46357e-19	2.57997e-19	3.41258e-19	4.78314e-19	6.67522e-19	8.81234e-19	1.09447e-18	1.30708e-18	1.62857e-18	1.96958e-18	2.26995e-18	2.5323e-18	2.82968e-18	3.21076e-18	3.5792e-18	4.01935e-18	4.37885e-18	4.90415e-18	5.39871e-18	5.94237e-18	6.3094e-18	6.81848e-18	7.29648e-18	7.65078e-18	8.0215e-18	8.43527e-18	8.78315e-18	9.08571e-18	9.4546e-18	9.83665e-18	1.01105e-17	1.04378e-17	1.07034e-17	1.10072e-17	1.12563e-17	1.15476e-17	1.17214e-17	1.19939e-17	1.22267e-17	1.24033e-17	1.26258e-17	1.28095e-17	1.29824e-17	1.31552e-17	1.33462e-17	1.34946e-17	1.36371e-17	1.37777e-17	1.38939e-17	1.40395e-17	1.41408e-17	1.42614e-17	1.43689e-17	1.44675e-17	1.4548e-17	1.4638e-17	1.47271e-17	1.4802e-17	1.48676e-17	1.49435e-17	1.49793e-17	1.5061e-17	1.51014e-17	1.51455e-17	1.51889e-17	1.52311e-17	1.52516e-17	1.52944e-17	1.53236e-17	1.53398e-17	1.5361e-17	1.53836e-17	1.5403e-17	1.54109e-17	1.54241e-17	1.54329e-17	1.54425e-17	1.54561e-17	1.54622e-17	1.5468e-17	1.54738e-17	1.54766e-17	1.54836e-17	1.54836e-17	1.54836e-17	1.54836e-17	1.54836e-17	1.54836e-17
947.157	2.07044e-14	1.53052e-17	1.52424e-17	6.82073e-21	6.15126e-20	1.43786e-19	2.53365e-19	3.35037e-19	4.69471e-19	6.55206e-19	8.6512e-19	1.07459e-18	1.28359e-18	1.59936e-18	1.9341e-18	2.22894e-18	2.48657e-18	2.77873e-18	3.15336e-18	3.5156e-18	3.9482e-18	4.30144e-18	4.81748e-18	5.30343e-18	5.838e-18	6.19911e-18	6.70033e-18	7.17102e-18	7.5198e-18	7.88471e-18	8.29183e-18	8.6342e-18	8.93904e-18	9.29542e-18	9.67198e-18	9.94189e-18	1.02647e-17	1.05264e-17	1.08258e-17	1.10713e-17	1.13583e-17	1.15296e-17	1.17982e-17	1.20278e-17	1.2202e-17	1.24215e-17	1.26027e-17	1.27747e-17	1.29436e-17	1.31319e-17	1.32784e-17	1.34189e-17	1.35577e-17	1.36724e-17	1.38163e-17	1.39164e-17	1.40356e-17	1.41417e-17	1.42391e-17	1.43186e-17	1.44075e-17	1.44954e-17	1.45693e-17	1.46341e-17	1.47089e-17	1.47443e-17	1.48249e-17	1.48648e-17	1.49083e-17	1.49512e-17	1.49928e-17	1.50131e-17	1.50553e-17	1.50842e-17	1.51002e-17	1.51211e-17	1.51435e-17	1.51626e-17	1.51704e-17	1.51835e-17	1.51922e-17	1.52017e-17	1.52152e-17	1.52212e-17	1.5227e-17	1.52327e-17	1.52355e-17	1.52424e-17	1.52424e-17	1.52424e-17	1.52424e-17	1.52424e-17	1.52424e-17
950.167	2.07044e-14	1.50678e-17	1.50056e-17	6.70647e-21	6.04603e-20	1.41267e-19	2.48832e-19	3.28948e-19	4.60818e-19	6.43151e-19	8.49346e-19	1.05513e-18	1.26059e-18	1.57075e-18	1.89936e-18	2.18879e-18	2.44179e-18	2.72883e-18	3.09714e-18	3.4533e-18	3.87851e-18	4.22562e-18	4.73258e-18	5.21009e-18	5.73575e-18	6.09105e-18	6.58453e-18	7.04805e-18	7.39141e-18	7.75063e-18	8.15124e-18	8.4882e-18	8.78834e-18	9.13935e-18	9.51051e-18	9.77658e-18	1.00948e-17	1.03529e-17	1.06479e-17	1.08898e-17	1.11726e-17	1.13415e-17	1.16062e-17	1.18327e-17	1.20045e-17	1.22211e-17	1.23998e-17	1.25695e-17	1.2736e-17	1.29217e-17	1.30662e-17	1.32048e-17	1.33418e-17	1.34551e-17	1.35972e-17	1.36961e-17	1.38138e-17	1.39187e-17	1.40149e-17	1.40935e-17	1.41812e-17	1.4268e-17	1.4341e-17	1.44049e-17	1.44787e-17	1.45136e-17	1.45931e-17	1.46325e-17	1.46754e-17	1.47178e-17	1.47589e-17	1.4779e-17	1.48206e-17	1.48492e-17	1.4865e-17	1.48857e-17	1.49077e-17	1.49267e-17	1.49344e-17	1.49473e-17	1.4956e-17	1.49654e-17	1.49787e-17	1.49847e-17	1.49903e-17	1.4996e-17	1.49988e-17	1.50056e-17	1.50056e-17	1.50056e-17	1.50056e-17	1.50056e-17	1.50056e-17
953.177	2.07044e-14	1.48348e-17	1.47732e-17	6.59443e-21	5.9429e-20	1.38801e-19	2.44393e-19	3.22988e-19	4.52351e-19	6.31354e-19	8.33903e-19	1.03608e-18	1.23807e-18	1.54274e-18	1.86534e-18	2.14947e-18	2.39795e-18	2.67997e-18	3.04208e-18	3.39228e-18	3.81023e-18	4.15134e-18	4.64943e-18	5.11865e-18	5.63556e-18	5.98516e-18	6.47102e-18	6.92749e-18	7.26555e-18	7.61919e-18	8.01343e-18	8.34508e-18	8.64061e-18	8.98632e-18	9.35216e-18	9.61446e-18	9.92827e-18	1.01826e-17	1.04735e-17	1.07118e-17	1.09905e-17	1.11569e-17	1.14179e-17	1.16413e-17	1.18108e-17	1.20244e-17	1.22007e-17	1.23681e-17	1.25324e-17	1.27155e-17	1.2858e-17	1.29947e-17	1.31299e-17	1.32417e-17	1.33821e-17	1.34798e-17	1.35962e-17	1.36999e-17	1.37949e-17	1.38726e-17	1.39592e-17	1.40448e-17	1.41169e-17	1.41799e-17	1.42527e-17	1.42872e-17	1.43657e-17	1.44045e-17	1.44469e-17	1.44887e-17	1.45293e-17	1.45491e-17	1.45903e-17	1.46184e-17	1.46342e-17	1.46546e-17	1.46763e-17	1.4695e-17	1.47027e-17	1.47155e-17	1.47241e-17	1.47334e-17	1.47465e-17	1.47524e-17	1.47581e-17	1.47637e-17	1.47664e-17	1.47732e-17	1.47732e-17	1.47732e-17	1.47732e-17	1.47732e-17	1.47732e-17
956.187	2.07044e-14	1.4606e-17	1.4545e-17	6.48455e-21	5.84182e-20	1.36385e-19	2.40046e-19	3.17155e-19	4.44065e-19	6.19807e-19	8.18784e-19	1.01742e-18	1.216e-18	1.51531e-18	1.83203e-18	2.11097e-18	2.35502e-18	2.63212e-18	2.98814e-18	3.33249e-18	3.74334e-18	4.07857e-18	4.56797e-18	5.02908e-18	5.53741e-18	5.8814e-18	6.35976e-18	6.80932e-18	7.14217e-18	7.49035e-18	7.87835e-18	8.20479e-18	8.48917e-18	8.83628e-18	9.19687e-18	9.45546e-18	9.7649e-18	1.00157e-17	1.03024e-17	1.05372e-17	1.08118e-17	1.09759e-17	1.12332e-17	1.14535e-17	1.16207e-17	1.18315e-17	1.20054e-17	1.21706e-17	1.23326e-17	1.25132e-17	1.26537e-17	1.27886e-17	1.2922e-17	1.30324e-17	1.3171e-17	1.32676e-17	1.33826e-17	1.34851e-17	1.3579e-17	1.36557e-17	1.37412e-17	1.38258e-17	1.38969e-17	1.39591e-17	1.40309e-17	1.40649e-17	1.41424e-17	1.41807e-17	1.42226e-17	1.42639e-17	1.4304e-17	1.43235e-17	1.43641e-17	1.4392e-17	1.44075e-17	1.44277e-17	1.44492e-17	1.44677e-17	1.44753e-17	1.4488e-17	1.44964e-17	1.45056e-17	1.45186e-17	1.45244e-17	1.453e-17	1.45356e-17	1.45383e-17	1.4545e-17	1.4545e-17	1.4545e-17	1.4545e-17	1.4545e-17	1.4545e-17
959.197	2.07044e-14	1.43814e-17	1.4321e-17	6.37678e-21	5.74274e-20	1.34018e-19	2.3579e-19	3.11445e-19	4.35958e-19	6.08505e-19	8.03983e-19	9.99145e-19	1.1944e-18	1.48844e-18	1.79941e-18	2.07328e-18	2.31298e-18	2.58526e-18	2.93531e-18	3.27393e-18	3.67782e-18	4.00728e-18	4.48817e-18	4.94134e-18	5.44124e-18	5.77972e-18	6.2507e-18	6.69347e-18	7.02121e-18	7.36403e-18	7.74593e-18	8.06727e-18	8.35382e-18	8.68917e-18	9.04459e-18	9.29952e-18	9.60467e-18	9.85197e-18	1.01345e-17	1.03659e-17	1.06366e-17	1.07983e-17	1.10519e-17	1.12692e-17	1.14342e-17	1.16422e-17	1.18138e-17	1.19768e-17	1.21366e-17	1.23147e-17	1.24533e-17	1.25863e-17	1.27179e-17	1.28269e-17	1.29638e-17	1.30592e-17	1.31729e-17	1.32742e-17	1.3367e-17	1.34428e-17	1.35273e-17	1.36107e-17	1.3681e-17	1.37424e-17	1.38133e-17	1.38468e-17	1.39233e-17	1.39611e-17	1.40023e-17	1.40431e-17	1.40827e-17	1.4102e-17	1.41421e-17	1.41697e-17	1.4185e-17	1.4205e-17	1.42262e-17	1.42445e-17	1.4252e-17	1.42646e-17	1.42729e-17	1.4282e-17	1.42949e-17	1.43006e-17	1.43062e-17	1.43117e-17	1.43144e-17	1.4321e-17	1.4321e-17	1.4321e-17	1.4321e-17	1.4321e-17	1.4321e-17
962.207	2.07044e-14	1.41609e-17	1.41011e-17	6.27106e-21	5.64562e-20	1.31699e-19	2.31622e-19	3.05855e-19	4.28024e-19	5.97443e-19	7.89492e-19	9.81253e-19	1.17323e-18	1.46212e-18	1.76747e-18	2.03636e-18	2.27181e-18	2.53937e-18	2.88356e-18	3.21655e-18	3.61362e-18	3.93744e-18	4.41e-18	4.85538e-18	5.34701e-18	5.68008e-18	6.1438e-18	6.5799e-18	6.90262e-18	7.2402e-18	7.61611e-18	7.93245e-18	8.20822e-18	8.54493e-18	8.89526e-18	9.14658e-18	9.44751e-18	9.69138e-18	9.96991e-18	1.0198e-17	1.04647e-17	1.06241e-17	1.08741e-17	1.10884e-17	1.12511e-17	1.14564e-17	1.16257e-17	1.17824e-17	1.19442e-17	1.21199e-17	1.22566e-17	1.23878e-17	1.25177e-17	1.26252e-17	1.27605e-17	1.28547e-17	1.2967e-17	1.30672e-17	1.31589e-17	1.32338e-17	1.33173e-17	1.33997e-17	1.34691e-17	1.35297e-17	1.35996e-17	1.36327e-17	1.37082e-17	1.37455e-17	1.37862e-17	1.38265e-17	1.38655e-17	1.38846e-17	1.39242e-17	1.39514e-17	1.39666e-17	1.39864e-17	1.40072e-17	1.40254e-17	1.40328e-17	1.40452e-17	1.40535e-17	1.40625e-17	1.40752e-17	1.40809e-17	1.40864e-17	1.40919e-17	1.40945e-17	1.41011e-17	1.41011e-17	1.41011e-17	1.41011e-17	1.41011e-17	1.41011e-17
965.217	2.07044e-14	1.39444e-17	1.38853e-17	6.16736e-21	5.55039e-20	1.29427e-19	2.2754e-19	3.00382e-19	4.20259e-19	5.86616e-19	7.75305e-19	9.63732e-19	1.1525e-18	1.43634e-18	1.73618e-18	2.00022e-18	2.23149e-18	2.49442e-18	2.83286e-18	3.16033e-18	3.55072e-18	3.86901e-18	4.33341e-18	4.77117e-18	5.25469e-18	5.58243e-18	6.03901e-18	6.46855e-18	6.78636e-18	7.11879e-18	7.48885e-18	7.80028e-18	8.07818e-18	8.4035e-18	8.74881e-18	8.99658e-18	9.29336e-18	9.53386e-18	9.80845e-18	1.00333e-17	1.02961e-17	1.04532e-17	1.06996e-17	1.0911e-17	1.10715e-17	1.12742e-17	1.14412e-17	1.16e-17	1.17555e-17	1.19288e-17	1.20636e-17	1.2193e-17	1.23211e-17	1.24273e-17	1.25609e-17	1.2654e-17	1.27649e-17	1.2864e-17	1.29546e-17	1.30286e-17	1.31111e-17	1.31925e-17	1.32611e-17	1.33209e-17	1.33899e-17	1.34226e-17	1.34971e-17	1.35338e-17	1.3574e-17	1.36138e-17	1.36523e-17	1.36711e-17	1.37103e-17	1.37371e-17	1.37522e-17	1.37717e-17	1.37923e-17	1.38102e-17	1.38176e-17	1.38299e-17	1.38381e-17	1.38469e-17	1.38596e-17	1.38652e-17	1.38707e-17	1.38761e-17	1.38787e-17	1.38853e-17	1.38853e-17	1.38853e-17	1.38853e-17	1.38853e-17	1.38853e-17
968.227	2.07044e-14	1.37319e-17	1.36733e-17	6.06562e-21	5.45702e-20	1.272e-19	2.23542e-19	2.95025e-19	4.12661e-19	5.76018e-19	7.61414e-19	9.46573e-19	1.1322e-18	1.4111e-18	1.70555e-18	1.96482e-18	2.19201e-18	2.45039e-18	2.7832e-18	3.10526e-18	3.4891e-18	3.80196e-18	4.25838e-18	4.68866e-18	5.16422e-18	5.48675e-18	5.9363e-18	6.35939e-18	6.67238e-18	6.99975e-18	7.36408e-18	7.6707e-18	7.94441e-18	8.26483e-18	8.60518e-18	8.84946e-18	9.14215e-18	9.37935e-18	9.65007e-18	9.8717e-18	1.01307e-17	1.02856e-17	1.05285e-17	1.0737e-17	1.08953e-17	1.10953e-17	1.12601e-17	1.14169e-17	1.15704e-17	1.17414e-17	1.18743e-17	1.20019e-17	1.21283e-17	1.22331e-17	1.2365e-17	1.24569e-17	1.25666e-17	1.26645e-17	1.2754e-17	1.28273e-17	1.29087e-17	1.29892e-17	1.30569e-17	1.31159e-17	1.3184e-17	1.32163e-17	1.32898e-17	1.33261e-17	1.33658e-17	1.3405e-17	1.34431e-17	1.34616e-17	1.35003e-17	1.35268e-17	1.35417e-17	1.3561e-17	1.35813e-17	1.35991e-17	1.36064e-17	1.36185e-17	1.36266e-17	1.36354e-17	1.36478e-17	1.36535e-17	1.36589e-17	1.36642e-17	1.36668e-17	1.36733e-17	1.36733e-17	1.36733e-17	1.36733e-17	1.36733e-17	1.36733e-17
971.237	2.07044e-14	1.35232e-17	1.34652e-17	5.96579e-21	5.36546e-20	1.25018e-19	2.19626e-19	2.89779e-19	4.05224e-19	5.65645e-19	7.47814e-19	9.2977e-19	1.11231e-18	1.38636e-18	1.67554e-18	1.93015e-18	2.15334e-18	2.40727e-18	2.73455e-18	3.0513e-18	3.42872e-18	3.73627e-18	4.18487e-18	4.60783e-18	5.07558e-18	5.39298e-18	5.83561e-18	6.25237e-18	6.56062e-18	6.88304e-18	7.24176e-18	7.54366e-18	7.80713e-18	8.12886e-18	8.46433e-18	8.70517e-18	8.99383e-18	9.22779e-18	9.49471e-18	9.71321e-18	9.96846e-18	1.01212e-17	1.03606e-17	1.05662e-17	1.07224e-17	1.09198e-17	1.10824e-17	1.12373e-17	1.13887e-17	1.15574e-17	1.16885e-17	1.18144e-17	1.19391e-17	1.20425e-17	1.21727e-17	1.22635e-17	1.23718e-17	1.24686e-17	1.25571e-17	1.26295e-17	1.271e-17	1.27895e-17	1.28564e-17	1.29147e-17	1.2982e-17	1.30138e-17	1.30864e-17	1.31221e-17	1.31613e-17	1.32e-17	1.32376e-17	1.32559e-17	1.32941e-17	1.33203e-17	1.3335e-17	1.33541e-17	1.33742e-17	1.33917e-17	1.3399e-17	1.3411e-17	1.3419e-17	1.34276e-17	1.344e-17	1.34455e-17	1.34509e-17	1.34562e-17	1.34588e-17	1.34652e-17	1.34652e-17	1.34652e-17	1.34652e-17	1.34652e-17	1.34652e-17
974.247	2.07044e-14	1.33184e-17	1.32609e-17	5.86783e-21	5.27566e-20	1.2288e-19	2.1579e-19	2.84643e-19	3.97946e-19	5.55492e-19	7.34497e-19	9.13313e-19	1.09282e-18	1.36214e-18	1.64615e-18	1.8962e-18	2.11547e-18	2.36504e-18	2.68688e-18	2.99842e-18	3.36955e-18	3.6719e-18	4.11285e-18	4.52863e-18	4.98872e-18	5.30108e-18	5.7369e-18	6.14744e-18	6.45105e-18	6.7686e-18	7.12182e-18	7.41911e-18	7.67863e-18	7.99553e-18	8.3262e-18	8.56365e-18	8.84834e-18	9.07912e-18	9.34231e-18	9.55775e-18	9.80933e-18	9.95989e-18	1.01958e-17	1.03986e-17	1.05527e-17	1.07475e-17	1.09081e-17	1.1057e-17	1.12104e-17	1.13769e-17	1.15062e-17	1.16304e-17	1.17534e-17	1.18554e-17	1.19839e-17	1.20736e-17	1.21807e-17	1.22763e-17	1.23638e-17	1.24354e-17	1.2515e-17	1.25936e-17	1.26596e-17	1.27172e-17	1.27836e-17	1.28151e-17	1.28867e-17	1.2922e-17	1.29606e-17	1.29989e-17	1.30359e-17	1.3054e-17	1.30917e-17	1.31176e-17	1.31321e-17	1.3151e-17	1.31708e-17	1.31882e-17	1.31954e-17	1.32073e-17	1.32152e-17	1.32237e-17	1.32359e-17	1.32414e-17	1.32467e-17	1.3252e-17	1.32546e-17	1.32609e-17	1.32609e-17	1.32609e-17	1.32609e-17	1.32609e-17	1.32609e-17
977.258	2.07044e-14	1.31173e-17	1.30604e-17	5.7717e-21	5.18759e-20	1.20783e-19	2.12032e-19	2.79614e-19	3.90823e-19	5.45552e-19	7.21458e-19	8.97197e-19	1.07374e-18	1.3384e-18	1.61736e-18	1.86295e-18	2.07838e-18	2.32367e-18	2.64019e-18	2.94662e-18	3.31158e-18	3.60883e-18	4.04227e-18	4.45103e-18	4.90361e-18	5.21102e-18	5.64015e-18	6.04456e-18	6.3436e-18	6.65638e-18	7.00423e-18	7.29698e-18	7.55264e-18	7.86479e-18	8.19073e-18	8.42484e-18	8.70562e-18	8.93328e-18	9.1928e-18	9.40524e-18	9.65322e-18	9.80166e-18	1.00342e-17	1.02342e-17	1.03862e-17	1.05785e-17	1.07369e-17	1.0884e-17	1.10354e-17	1.11997e-17	1.13274e-17	1.14499e-17	1.15711e-17	1.16719e-17	1.17987e-17	1.18873e-17	1.1993e-17	1.20876e-17	1.21741e-17	1.22449e-17	1.23235e-17	1.24012e-17	1.24665e-17	1.25233e-17	1.25889e-17	1.262e-17	1.26906e-17	1.27255e-17	1.27636e-17	1.28014e-17	1.28379e-17	1.28558e-17	1.2893e-17	1.29186e-17	1.29329e-17	1.29516e-17	1.29712e-17	1.29883e-17	1.29954e-17	1.30072e-17	1.30151e-17	1.30234e-17	1.30355e-17	1.3041e-17	1.30463e-17	1.30515e-17	1.3054e-17	1.30604e-17	1.30604e-17	1.30604e-17	1.30604e-17	1.30604e-17	1.30604e-17
980.268	2.07044e-14	1.29198e-17	1.28634e-17	5.67735e-21	5.1012e-20	1.18728e-19	2.0835e-19	2.74689e-19	3.83851e-19	5.35823e-19	7.0869e-19	8.81412e-19	1.05503e-18	1.31515e-18	1.58916e-18	1.83039e-18	2.04205e-18	2.28315e-18	2.59444e-18	2.89586e-18	3.25477e-18	3.54702e-18	3.97313e-18	4.375e-18	4.8202e-18	5.12276e-18	5.54529e-18	5.9437e-18	6.23826e-18	6.54634e-18	6.88892e-18	7.17724e-18	7.4291e-18	7.73658e-18	8.05787e-18	8.28869e-18	8.56561e-18	8.79021e-18	9.04613e-18	9.25563e-18	9.50009e-18	9.64644e-18	9.87568e-18	1.00728e-17	1.02228e-17	1.04125e-17	1.0569e-17	1.07181e-17	1.08637e-17	1.10259e-17	1.11519e-17	1.12727e-17	1.13923e-17	1.14917e-17	1.16169e-17	1.17043e-17	1.18088e-17	1.19022e-17	1.19878e-17	1.20578e-17	1.21355e-17	1.22123e-17	1.22768e-17	1.2333e-17	1.23977e-17	1.24284e-17	1.24982e-17	1.25326e-17	1.25702e-17	1.26075e-17	1.26436e-17	1.26612e-17	1.2698e-17	1.27232e-17	1.27374e-17	1.27558e-17	1.27752e-17	1.27921e-17	1.27992e-17	1.28108e-17	1.28186e-17	1.28268e-17	1.28388e-17	1.28442e-17	1.28495e-17	1.28546e-17	1.28572e-17	1.28634e-17	1.28634e-17	1.28634e-17	1.28634e-17	1.28634e-17	1.28634e-17
983.278	2.07044e-14	1.2726e-17	1.26701e-17	5.58474e-21	5.01646e-20	1.16714e-19	2.04742e-19	2.69867e-19	3.77027e-19	5.26299e-19	6.96188e-19	8.65952e-19	1.03671e-18	1.29237e-18	1.56154e-18	1.79849e-18	2.00646e-18	2.24346e-18	2.54962e-18	2.84611e-18	3.1991e-18	3.48644e-18	3.90537e-18	4.3005e-18	4.73846e-18	5.03625e-18	5.45231e-18	5.8448e-18	6.13496e-18	6.43844e-18	6.77585e-18	7.05982e-18	7.30797e-18	7.61087e-18	7.92756e-18	8.15515e-18	8.42827e-18	8.64985e-18	8.90224e-18	9.10886e-18	9.34986e-18	9.49417e-18	9.72012e-18	9.91453e-18	1.00625e-17	1.02497e-17	1.04041e-17	1.05515e-17	1.06952e-17	1.08554e-17	1.09796e-17	1.10989e-17	1.12169e-17	1.13149e-17	1.14385e-17	1.15248e-17	1.1628e-17	1.17203e-17	1.18049e-17	1.18741e-17	1.19509e-17	1.20268e-17	1.20906e-17	1.21461e-17	1.22101e-17	1.22404e-17	1.23092e-17	1.23432e-17	1.23804e-17	1.24171e-17	1.24527e-17	1.24701e-17	1.25065e-17	1.25314e-17	1.25454e-17	1.25636e-17	1.25827e-17	1.25995e-17	1.26065e-17	1.2618e-17	1.26257e-17	1.26338e-17	1.26457e-17	1.2651e-17	1.26562e-17	1.26613e-17	1.26639e-17	1.26701e-17	1.26701e-17	1.26701e-17	1.26701e-17	1.26701e-17	1.26701e-17
986.288	2.07044e-14	1.25356e-17	1.24802e-17	5.49384e-21	4.93332e-20	1.14738e-19	2.01207e-19	2.65143e-19	3.70347e-19	5.16975e-19	6.83946e-19	8.5081e-19	1.01876e-18	1.27005e-18	1.53449e-18	1.76725e-18	1.97161e-18	2.20458e-18	2.50571e-18	2.79737e-18	3.14454e-18	3.42708e-18	3.83896e-18	4.22749e-18	4.65836e-18	4.95147e-18	5.36115e-18	5.74782e-18	6.03366e-18	6.33262e-18	6.66497e-18	6.94468e-18	7.19483e-18	7.48758e-18	7.79976e-18	8.02417e-18	8.29354e-18	8.51215e-18	8.76107e-18	8.96487e-18	9.20248e-18	9.34478e-18	9.5675e-18	9.7592e-18	9.90512e-18	1.00899e-17	1.02423e-17	1.03879e-17	1.05299e-17	1.0688e-17	1.08106e-17	1.09283e-17	1.10447e-17	1.11414e-17	1.12633e-17	1.13486e-17	1.14505e-17	1.15417e-17	1.16253e-17	1.16937e-17	1.17696e-17	1.18447e-17	1.19078e-17	1.19626e-17	1.20258e-17	1.20558e-17	1.21238e-17	1.21573e-17	1.2194e-17	1.22303e-17	1.22654e-17	1.22826e-17	1.23185e-17	1.23431e-17	1.23569e-17	1.23748e-17	1.23938e-17	1.24104e-17	1.24172e-17	1.24286e-17	1.24362e-17	1.24443e-17	1.2456e-17	1.24614e-17	1.24665e-17	1.24715e-17	1.24741e-17	1.24802e-17	1.24802e-17	1.24802e-17	1.24802e-17	1.24802e-17	1.24802e-17
989.298	2.07044e-14	1.23487e-17	1.22938e-17	5.40461e-21	4.85174e-20	1.12802e-19	1.97743e-19	2.60517e-19	3.63808e-19	5.07847e-19	6.71957e-19	8.35979e-19	1.00117e-18	1.24818e-18	1.50798e-18	1.73664e-18	1.93747e-18	2.16649e-18	2.46268e-18	2.7496e-18	3.09107e-18	3.36891e-18	3.77389e-18	4.15595e-18	4.57986e-18	4.86838e-18	5.27179e-18	5.65274e-18	5.93434e-18	6.22885e-18	6.55624e-18	6.83177e-18	7.07269e-18	7.36668e-18	7.67442e-18	7.89569e-18	8.16136e-18	8.37706e-18	8.62257e-18	8.8236e-18	9.05788e-18	9.19822e-18	9.41776e-18	9.60679e-18	9.75072e-18	9.93313e-18	1.00835e-17	1.02273e-17	1.03675e-17	1.05237e-17	1.06448e-17	1.07609e-17	1.08757e-17	1.09712e-17	1.10915e-17	1.11756e-17	1.12763e-17	1.13664e-17	1.1449e-17	1.15167e-17	1.15917e-17	1.1666e-17	1.17283e-17	1.17825e-17	1.1845e-17	1.18745e-17	1.19417e-17	1.19748e-17	1.2011e-17	1.20468e-17	1.20815e-17	1.20985e-17	1.21339e-17	1.21582e-17	1.21718e-17	1.21896e-17	1.22083e-17	1.22247e-17	1.22315e-17	1.22427e-17	1.22503e-17	1.22582e-17	1.22698e-17	1.22751e-17	1.22802e-17	1.22852e-17	1.22877e-17	1.22938e-17	1.22938e-17	1.22938e-17	1.22938e-17	1.22938e-17	1.22938e-17
992.308	2.07044e-14	1.21652e-17	1.21108e-17	5.317e-21	4.7717e-20	1.10902e-19	1.94347e-19	2.55986e-19	3.57406e-19	4.98911e-19	6.60216e-19	8.21452e-19	9.8394e-19	1.22675e-18	1.48201e-18	1.70667e-18	1.90402e-18	2.12918e-18	2.42052e-18	2.70279e-18	3.03867e-18	3.31189e-18	3.71012e-18	4.08584e-18	4.50292e-18	4.78693e-18	5.18418e-18	5.55951e-18	5.83693e-18	6.12708e-18	6.4496e-18	6.72104e-18	6.95845e-18	7.24812e-18	7.55148e-18	7.76966e-18	8.0317e-18	8.24451e-18	8.48667e-18	8.68499e-18	8.91602e-18	9.05442e-18	9.27084e-18	9.45724e-18	9.5992e-18	9.77922e-18	9.92769e-18	1.00698e-17	1.02082e-17	1.03624e-17	1.0482e-17	1.05967e-17	1.07099e-17	1.08041e-17	1.09228e-17	1.10058e-17	1.11053e-17	1.11942e-17	1.12759e-17	1.13428e-17	1.14169e-17	1.14904e-17	1.15521e-17	1.16056e-17	1.16674e-17	1.16966e-17	1.17629e-17	1.17956e-17	1.18314e-17	1.18667e-17	1.1901e-17	1.19177e-17	1.19527e-17	1.19767e-17	1.19901e-17	1.20077e-17	1.20261e-17	1.20423e-17	1.20491e-17	1.20602e-17	1.20676e-17	1.20755e-17	1.2087e-17	1.20922e-17	1.20973e-17	1.21022e-17	1.21047e-17	1.21108e-17	1.21108e-17	1.21108e-17	1.21108e-17	1.21108e-17	1.21108e-17
995.318	2.07044e-14	1.1985e-17	1.19311e-17	5.23099e-21	4.69315e-20	1.0904e-19	1.9102e-19	2.51548e-19	3.51139e-19	4.90162e-19	6.48718e-19	8.07223e-19	9.67054e-19	1.20575e-18	1.45657e-18	1.6773e-18	1.87126e-18	2.09263e-18	2.37921e-18	2.65692e-18	2.98732e-18	3.25601e-18	3.64762e-18	4.01713e-18	4.42752e-18	4.7071e-18	5.09829e-18	5.46808e-18	5.74142e-18	6.02727e-18	6.34502e-18	6.61244e-18	6.84642e-18	7.13184e-18	7.4309e-18	7.64604e-18	7.90448e-18	8.11447e-18	8.35333e-18	8.54899e-18	8.77683e-18	8.91333e-18	9.1267e-18	9.3105e-18	9.45052e-18	9.62816e-18	9.77472e-18	9.91507e-18	1.00518e-17	1.02042e-17	1.03222e-17	1.04354e-17	1.05472e-17	1.06402e-17	1.07572e-17	1.08392e-17	1.09374e-17	1.10252e-17	1.11059e-17	1.11721e-17	1.12454e-17	1.13181e-17	1.1379e-17	1.1432e-17	1.1493e-17	1.15219e-17	1.15874e-17	1.16197e-17	1.1655e-17	1.16899e-17	1.17237e-17	1.17403e-17	1.17748e-17	1.17985e-17	1.18118e-17	1.18291e-17	1.18473e-17	1.18633e-17	1.187e-17	1.1881e-17	1.18883e-17	1.18961e-17	1.19075e-17	1.19127e-17	1.19177e-17	1.19226e-17	1.19251e-17	1.19311e-17	1.19311e-17	1.19311e-17	1.19311e-17	1.19311e-17	1.19311e-17
998.328	2.07044e-14	1.1808e-17	1.17546e-17	5.14653e-21	4.61607e-20	1.07213e-19	1.87759e-19	2.472e-19	3.45004e-19	4.81596e-19	6.37458e-19	7.93284e-19	9.50507e-19	1.18517e-18	1.43165e-18	1.64853e-18	1.83917e-18	2.05682e-18	2.33873e-18	2.61196e-18	2.93698e-18	3.20123e-18	3.58637e-18	3.94979e-18	4.35361e-18	4.62885e-18	5.01408e-18	5.37844e-18	5.64775e-18	5.92938e-18	6.24246e-18	6.50594e-18	6.73654e-18	7.01779e-18	7.31263e-18	7.52478e-18	7.77968e-18	7.98688e-18	8.2225e-18	8.41554e-18	8.64027e-18	8.7749e-18	8.98526e-18	9.1665e-18	9.30461e-18	9.47991e-18	9.62457e-18	9.76323e-18	9.89834e-18	1.00488e-17	1.01654e-17	1.02772e-17	1.03875e-17	1.04792e-17	1.05948e-17	1.06756e-17	1.07726e-17	1.08594e-17	1.09391e-17	1.10045e-17	1.10769e-17	1.11488e-17	1.12091e-17	1.12615e-17	1.13218e-17	1.13503e-17	1.14151e-17	1.14469e-17	1.14819e-17	1.15163e-17	1.15497e-17	1.1566e-17	1.16001e-17	1.16235e-17	1.16366e-17	1.16537e-17	1.16717e-17	1.16876e-17	1.16941e-17	1.1705e-17	1.17123e-17	1.172e-17	1.17313e-17	1.17364e-17	1.17414e-17	1.17462e-17	1.17486e-17	1.17546e-17	1.17546e-17	1.17546e-17	1.17546e-17	1.17546e-17	1.17546e-17
1001.34	2.07044e-14	1.16343e-17	1.15813e-17	5.0636e-21	4.54042e-20	1.05421e-19	1.84562e-19	2.42941e-19	3.38997e-19	4.73209e-19	6.26429e-19	7.79631e-19	9.34292e-19	1.16501e-18	1.40722e-18	1.62035e-18	1.80773e-18	2.02173e-18	2.29907e-18	2.5679e-18	2.88764e-18	3.14754e-18	3.52633e-18	3.8838e-18	4.28117e-18	4.55215e-18	4.93152e-18	5.29053e-18	5.55589e-18	5.83337e-18	6.14186e-18	6.40148e-18	6.62877e-18	6.90594e-18	7.19661e-18	7.40583e-18	7.65724e-18	7.86169e-18	8.09412e-18	8.2846e-18	8.50626e-18	8.63906e-18	8.84649e-18	9.0252e-18	9.16143e-18	9.33441e-18	9.4772e-18	9.61417e-18	9.74765e-18	9.89637e-18	1.00115e-17	1.01219e-17	1.02308e-17	1.03213e-17	1.04353e-17	1.05151e-17	1.06108e-17	1.06965e-17	1.07753e-17	1.08399e-17	1.09115e-17	1.09826e-17	1.10422e-17	1.1094e-17	1.11537e-17	1.11819e-17	1.12459e-17	1.12773e-17	1.13119e-17	1.13458e-17	1.13788e-17	1.13949e-17	1.14286e-17	1.14517e-17	1.14646e-17	1.14815e-17	1.14993e-17	1.1515e-17	1.15215e-17	1.15322e-17	1.15394e-17	1.1547e-17	1.15582e-17	1.15633e-17	1.15682e-17	1.15729e-17	1.15754e-17	1.15813e-17	1.15813e-17	1.15813e-17	1.15813e-17	1.15813e-17	1.15813e-17
1004.35	2.07044e-14	1.14637e-17	1.14111e-17	4.98217e-21	4.46617e-20	1.03664e-19	1.81428e-19	2.38768e-19	3.33115e-19	4.64996e-19	6.15628e-19	7.66256e-19	9.18401e-19	1.14524e-18	1.38329e-18	1.59274e-18	1.77693e-18	1.98736e-18	2.2602e-18	2.52471e-18	2.83928e-18	3.09491e-18	3.46748e-18	3.81911e-18	4.21016e-18	4.47696e-18	4.85057e-18	5.20432e-18	5.4658e-18	5.7392e-18	6.04319e-18	6.29902e-18	6.52306e-18	6.79623e-18	7.08282e-18	7.28914e-18	7.53711e-18	7.73886e-18	7.96814e-18	8.1561e-18	8.37477e-18	8.50577e-18	8.71031e-18	8.88655e-18	9.02092e-18	9.1916e-18	9.33254e-18	9.46786e-18	9.59973e-18	9.74668e-18	9.86046e-18	9.96951e-18	1.00769e-17	1.01663e-17	1.02788e-17	1.03576e-17	1.0452e-17	1.05366e-17	1.06145e-17	1.06783e-17	1.07491e-17	1.08194e-17	1.08784e-17	1.09296e-17	1.09886e-17	1.10165e-17	1.10797e-17	1.11108e-17	1.1145e-17	1.11785e-17	1.1211e-17	1.1227e-17	1.12602e-17	1.1283e-17	1.12958e-17	1.13125e-17	1.13301e-17	1.13455e-17	1.13519e-17	1.13626e-17	1.13697e-17	1.13772e-17	1.13882e-17	1.13933e-17	1.13981e-17	1.14028e-17	1.14053e-17	1.14111e-17	1.14111e-17	1.14111e-17	1.14111e-17	1.14111e-17	1.14111e-17
1007.36	2.07044e-14	1.12961e-17	1.1244e-17	4.90219e-21	4.39328e-20	1.0194e-19	1.78355e-19	2.34679e-19	3.27355e-19	4.56955e-19	6.05049e-19	7.53153e-19	9.02829e-19	1.12587e-18	1.35985e-18	1.56569e-18	1.74675e-18	1.95368e-18	2.22211e-18	2.48238e-18	2.79187e-18	3.04331e-18	3.40979e-18	3.7557e-18	4.14056e-18	4.40326e-18	4.7712e-18	5.11978e-18	5.37745e-18	5.64684e-18	5.94641e-18	6.19852e-18	6.41937e-18	6.68862e-18	6.97118e-18	7.17466e-18	7.41925e-18	7.61833e-18	7.84452e-18	8.03001e-18	8.24573e-18	8.37497e-18	8.57669e-18	8.75049e-18	8.88303e-18	9.05144e-18	9.19056e-18	9.32423e-18	9.45452e-18	9.59973e-18	9.71216e-18	9.81989e-18	9.92595e-18	1.00142e-17	1.01252e-17	1.0203e-17	1.02962e-17	1.03797e-17	1.04566e-17	1.05197e-17	1.05896e-17	1.06592e-17	1.07175e-17	1.07682e-17	1.08265e-17	1.08541e-17	1.09166e-17	1.09473e-17	1.0981e-17	1.10141e-17	1.10463e-17	1.10621e-17	1.10949e-17	1.11174e-17	1.113e-17	1.11465e-17	1.11639e-17	1.11791e-17	1.11855e-17	1.1196e-17	1.1203e-17	1.12105e-17	1.12214e-17	1.12263e-17	1.12312e-17	1.12358e-17	1.12382e-17	1.1244e-17	1.1244e-17	1.1244e-17	1.1244e-17	1.1244e-17	1.1244e-17
1010.37	2.07044e-14	1.11316e-17	1.10799e-17	4.82363e-21	4.32174e-20	1.00248e-19	1.75343e-19	2.30673e-19	3.21715e-19	4.49081e-19	5.94686e-19	7.40317e-19	8.87567e-19	1.10689e-18	1.33687e-18	1.53918e-18	1.71718e-18	1.92068e-18	2.18478e-18	2.44089e-18	2.7454e-18	2.99274e-18	3.35324e-18	3.69355e-18	4.07232e-18	4.331e-18	4.69339e-18	5.03688e-18	5.2908e-18	5.55624e-18	5.85148e-18	6.09994e-18	6.32265e-18	6.58306e-18	6.86167e-18	7.06236e-18	7.30361e-18	7.50006e-18	7.72321e-18	7.90626e-18	8.1191e-18	8.24661e-18	8.44556e-18	8.61697e-18	8.74771e-18	8.91388e-18	9.05119e-18	9.18322e-18	9.31196e-18	9.45547e-18	9.56658e-18	9.67303e-18	9.77776e-18	9.86493e-18	9.97443e-18	1.00512e-17	1.01432e-17	1.02256e-17	1.03016e-17	1.03639e-17	1.0433e-17	1.05019e-17	1.05594e-17	1.06096e-17	1.06673e-17	1.06946e-17	1.07564e-17	1.07868e-17	1.08201e-17	1.08528e-17	1.08846e-17	1.09001e-17	1.09325e-17	1.09548e-17	1.09672e-17	1.09835e-17	1.10007e-17	1.10158e-17	1.1022e-17	1.10324e-17	1.10393e-17	1.10467e-17	1.10575e-17	1.10624e-17	1.10672e-17	1.10718e-17	1.10742e-17	1.10799e-17	1.10799e-17	1.10799e-17	1.10799e-17	1.10799e-17	1.10799e-17
1013.38	2.07044e-14	1.097e-17	1.09188e-17	4.74648e-21	4.2515e-20	9.8589e-20	1.7239e-19	2.26748e-19	3.16192e-19	4.41369e-19	5.84536e-19	7.27742e-19	8.72609e-19	1.08828e-18	1.31435e-18	1.51321e-18	1.68821e-18	1.88834e-18	2.14819e-18	2.40022e-18	2.69984e-18	2.94315e-18	3.2978e-18	3.63262e-18	4.00543e-18	4.26016e-18	4.61708e-18	4.95558e-18	5.20582e-18	5.46738e-18	5.75835e-18	6.00324e-18	6.21788e-18	6.4795e-18	6.75424e-18	6.95219e-18	7.19015e-18	7.38401e-18	7.60415e-18	7.78481e-18	7.99483e-18	8.12063e-18	8.31688e-18	8.48594e-18	8.6149e-18	8.77886e-18	8.91439e-18	9.0448e-18	9.172e-18	9.31384e-18	9.42367e-18	9.52885e-18	9.63229e-18	9.71838e-18	9.82645e-18	9.90223e-18	9.99304e-18	1.00744e-17	1.01494e-17	1.0211e-17	1.02792e-17	1.03473e-17	1.04043e-17	1.04539e-17	1.0511e-17	1.05379e-17	1.0599e-17	1.06291e-17	1.0662e-17	1.06943e-17	1.07257e-17	1.07411e-17	1.07731e-17	1.07951e-17	1.08074e-17	1.08235e-17	1.08404e-17	1.08553e-17	1.08615e-17	1.08718e-17	1.08786e-17	1.08859e-17	1.08966e-17	1.09014e-17	1.09062e-17	1.09107e-17	1.09131e-17	1.09188e-17	1.09188e-17	1.09188e-17	1.09188e-17	1.09188e-17	1.09188e-17
1016.39	2.07044e-14	1.08113e-17	1.07605e-17	4.67069e-21	4.18254e-20	9.69609e-20	1.69494e-19	2.22901e-19	3.10783e-19	4.33817e-19	5.74593e-19	7.15421e-19	8.57949e-19	1.07004e-18	1.29228e-18	1.48776e-18	1.65982e-18	1.85666e-18	2.11234e-18	2.36036e-18	2.65518e-18	2.89454e-18	3.24345e-18	3.57289e-18	3.93985e-18	4.1907e-18	4.54226e-18	4.87584e-18	5.12246e-18	5.38021e-18	5.66701e-18	5.90837e-18	6.12e-18	6.37792e-18	6.64885e-18	6.84409e-18	7.07883e-18	7.27012e-18	7.48732e-18	7.66562e-18	7.87286e-18	7.99699e-18	8.19059e-18	8.35734e-18	8.48457e-18	8.64633e-18	8.7801e-18	8.90891e-18	9.03459e-18	9.17478e-18	9.28335e-18	9.3873e-18	9.4895e-18	9.57453e-18	9.6812e-18	9.75602e-18	9.84564e-18	9.92596e-18	1e-17	1.00608e-17	1.01283e-17	1.01956e-17	1.02519e-17	1.0301e-17	1.03575e-17	1.03841e-17	1.04445e-17	1.04743e-17	1.05068e-17	1.05387e-17	1.05698e-17	1.0585e-17	1.06166e-17	1.06383e-17	1.06504e-17	1.06663e-17	1.06831e-17	1.06978e-17	1.07039e-17	1.0714e-17	1.07208e-17	1.0728e-17	1.07386e-17	1.07434e-17	1.0748e-17	1.07526e-17	1.07549e-17	1.07605e-17	1.07605e-17	1.07605e-17	1.07605e-17	1.07605e-17	1.07605e-17
1019.4	2.07044e-14	1.06555e-17	1.06051e-17	4.59624e-21	4.11483e-20	9.53633e-20	1.66655e-19	2.19131e-19	3.05485e-19	4.26421e-19	5.64852e-19	7.0335e-19	8.4358e-19	1.05217e-18	1.27065e-18	1.46282e-18	1.632e-18	1.82561e-18	2.07719e-18	2.32128e-18	2.61139e-18	2.84687e-18	3.19016e-18	3.51433e-18	3.87556e-18	4.12261e-18	4.4689e-18	4.79764e-18	5.04071e-18	5.2947e-18	5.57739e-18	5.8153e-18	6.02873e-18	6.27826e-18	6.54544e-18	6.73804e-18	6.96959e-18	7.15836e-18	7.37265e-18	7.54864e-18	7.75315e-18	7.87564e-18	8.06665e-18	8.23113e-18	8.35665e-18	8.51626e-18	8.64829e-18	8.7755e-18	8.89969e-18	9.03824e-18	9.14558e-18	9.24833e-18	9.34931e-18	9.43332e-18	9.53862e-18	9.61249e-18	9.70095e-18	9.78023e-18	9.85333e-18	9.91339e-18	9.98003e-18	1.00466e-17	1.01023e-17	1.01509e-17	1.02067e-17	1.0233e-17	1.02928e-17	1.03222e-17	1.03544e-17	1.03859e-17	1.04166e-17	1.04317e-17	1.04629e-17	1.04843e-17	1.04963e-17	1.0512e-17	1.05285e-17	1.05431e-17	1.05491e-17	1.05591e-17	1.05658e-17	1.0573e-17	1.05834e-17	1.05881e-17	1.05928e-17	1.05972e-17	1.05995e-17	1.06051e-17	1.06051e-17	1.06051e-17	1.06051e-17	1.06051e-17	1.06051e-17
1022.41	2.07044e-14	1.05025e-17	1.04525e-17	4.5231e-21	4.04835e-20	9.37956e-20	1.6387e-19	2.15437e-19	3.00296e-19	4.19177e-19	5.5531e-19	6.91523e-19	8.29496e-19	1.03464e-18	1.24945e-18	1.43838e-18	1.60474e-18	1.79518e-18	2.04275e-18	2.28297e-18	2.56846e-18	2.80014e-18	3.13791e-18	3.45691e-18	3.81252e-18	4.05584e-18	4.39695e-18	4.72094e-18	4.96052e-18	5.21083e-18	5.48948e-18	5.724e-18	5.92974e-18	6.18048e-18	6.44399e-18	6.63398e-18	6.8624e-18	7.04869e-18	7.26012e-18	7.43382e-18	7.63566e-18	7.75653e-18	7.945e-18	8.10726e-18	8.2311e-18	8.38858e-18	8.5189e-18	8.64127e-18	8.76723e-18	8.90417e-18	9.01031e-18	9.11189e-18	9.21168e-18	9.29468e-18	9.39866e-18	9.47161e-18	9.55891e-18	9.63716e-18	9.70933e-18	9.76864e-18	9.83448e-18	9.90029e-18	9.95529e-18	1.00034e-17	1.00586e-17	1.00846e-17	1.01438e-17	1.01729e-17	1.02047e-17	1.02359e-17	1.02662e-17	1.02811e-17	1.03119e-17	1.03331e-17	1.03449e-17	1.03605e-17	1.03768e-17	1.03912e-17	1.03971e-17	1.0407e-17	1.04136e-17	1.04207e-17	1.0431e-17	1.04357e-17	1.04403e-17	1.04447e-17	1.0447e-17	1.04525e-17	1.04525e-17	1.04525e-17	1.04525e-17	1.04525e-17	1.04525e-17
1025.42	2.07044e-14	1.03522e-17	1.03026e-17	4.45124e-21	3.98306e-20	9.22572e-20	1.6114e-19	2.11815e-19	2.95213e-19	4.12082e-19	5.45962e-19	6.79934e-19	8.15691e-19	1.01746e-18	1.22867e-18	1.41442e-18	1.57802e-18	1.76536e-18	2.00899e-18	2.24542e-18	2.52636e-18	2.75431e-18	3.08668e-18	3.40062e-18	3.7507e-18	3.99037e-18	4.3264e-18	4.64571e-18	4.88186e-18	5.12854e-18	5.40323e-18	5.63442e-18	5.84192e-18	6.08455e-18	6.34444e-18	6.53188e-18	6.75721e-18	6.94105e-18	7.14966e-18	7.32111e-18	7.52032e-18	7.63961e-18	7.8256e-18	7.98568e-18	8.10787e-18	8.26326e-18	8.39189e-18	8.51594e-18	8.63719e-18	8.77253e-18	8.87748e-18	8.97791e-18	9.07655e-18	9.15857e-18	9.26126e-18	9.3333e-18	9.41948e-18	9.49672e-18	9.56796e-18	9.62652e-18	9.69156e-18	9.75661e-18	9.81097e-18	9.85858e-18	9.91317e-18	9.9389e-18	9.99744e-18	1.00262e-17	1.00577e-17	1.00885e-17	1.01185e-17	1.01332e-17	1.01637e-17	1.01846e-17	1.01963e-17	1.02117e-17	1.02278e-17	1.0242e-17	1.02478e-17	1.02576e-17	1.02642e-17	1.02711e-17	1.02813e-17	1.0286e-17	1.02905e-17	1.02949e-17	1.02971e-17	1.03026e-17	1.03026e-17	1.03026e-17	1.03026e-17	1.03026e-17	1.03026e-17
1028.43	2.07044e-14	1.02046e-17	1.01553e-17	4.38064e-21	3.91896e-20	9.07474e-20	1.58462e-19	2.08266e-19	2.90234e-19	4.05132e-19	5.36804e-19	6.68579e-19	8.02158e-19	1.00061e-18	1.20831e-18	1.39095e-18	1.55184e-18	1.73614e-18	1.9759e-18	2.2086e-18	2.48509e-18	2.70938e-18	3.03645e-18	3.34542e-18	3.69009e-18	3.92616e-18	4.25721e-18	4.57193e-18	4.8047e-18	5.04782e-18	5.31861e-18	5.54653e-18	5.75115e-18	5.99042e-18	6.24676e-18	6.43169e-18	6.654e-18	6.83542e-18	7.04126e-18	7.21048e-18	7.40711e-18	7.52484e-18	7.70839e-18	7.86633e-18	7.98692e-18	8.14024e-18	8.26721e-18	8.38971e-18	8.5095e-18	8.64327e-18	8.74705e-18	8.84634e-18	8.94387e-18	9.02494e-18	9.12636e-18	9.19753e-18	9.28259e-18	9.35884e-18	9.42916e-18	9.48698e-18	9.55122e-18	9.61551e-18	9.66924e-18	9.71634e-18	9.77032e-18	9.79576e-18	9.8537e-18	9.88215e-18	9.91328e-18	9.94378e-18	9.97345e-18	9.98798e-18	1.00181e-17	1.00388e-17	1.00503e-17	1.00655e-17	1.00814e-17	1.00954e-17	1.01012e-17	1.01109e-17	1.01174e-17	1.01243e-17	1.01344e-17	1.0139e-17	1.01434e-17	1.01477e-17	1.015e-17	1.01553e-17	1.01553e-17	1.01553e-17	1.01553e-17	1.01553e-17	1.01553e-17
1031.44	2.07044e-14	1.00596e-17	1.00108e-17	4.31127e-21	3.856e-20	8.92656e-20	1.55835e-19	2.04787e-19	2.85356e-19	3.98324e-19	5.2783e-19	6.57452e-19	7.88892e-19	9.84101e-19	1.18834e-18	1.36794e-18	1.52618e-18	1.7075e-18	1.94346e-18	2.17251e-18	2.44462e-18	2.66532e-18	2.98718e-18	3.2913e-18	3.63066e-18	3.86321e-18	4.18935e-18	4.49955e-18	4.72902e-18	4.96863e-18	5.23559e-18	5.46029e-18	5.65758e-18	5.89805e-18	6.15091e-18	6.33337e-18	6.5527e-18	6.73174e-18	6.93485e-18	7.10189e-18	7.29598e-18	7.41217e-18	7.59334e-18	7.74919e-18	7.86819e-18	8.01948e-18	8.14481e-18	8.26576e-18	8.38412e-18	8.51633e-18	8.61897e-18	8.71715e-18	8.81358e-18	8.89372e-18	8.99392e-18	9.06423e-18	9.14821e-18	9.22348e-18	9.29289e-18	9.34997e-18	9.41342e-18	9.47694e-18	9.53004e-18	9.57664e-18	9.63003e-18	9.65518e-18	9.71252e-18	9.74067e-18	9.77145e-18	9.80163e-18	9.83096e-18	9.84533e-18	9.8751e-18	9.89552e-18	9.90694e-18	9.92199e-18	9.93771e-18	9.95154e-18	9.95725e-18	9.96684e-18	9.97325e-18	9.98005e-18	9.99e-18	9.99455e-18	9.99895e-18	1.00032e-17	1.00054e-17	1.00108e-17	1.00108e-17	1.00108e-17	1.00108e-17	1.00108e-17	1.00108e-17
1034.45	2.07044e-14	9.91715e-18	9.86874e-18	4.2431e-21	3.79416e-20	8.78112e-20	1.53258e-19	2.01376e-19	2.80578e-19	3.91655e-19	5.19038e-19	6.46548e-19	7.75887e-19	9.6791e-19	1.16877e-18	1.34538e-18	1.50103e-18	1.67942e-18	1.91166e-18	2.13712e-18	2.40494e-18	2.6221e-18	2.93887e-18	3.23822e-18	3.57237e-18	3.80146e-18	4.1228e-18	4.42856e-18	4.65477e-18	4.89093e-18	5.15413e-18	5.37567e-18	5.57024e-18	5.80741e-18	6.05685e-18	6.23689e-18	6.45329e-18	6.62998e-18	6.8304e-18	6.99529e-18	7.18688e-18	7.30155e-18	7.48039e-18	7.63419e-18	7.75164e-18	7.90093e-18	8.02466e-18	8.14408e-18	8.26102e-18	8.39168e-18	8.49318e-18	8.59027e-18	8.68563e-18	8.76486e-18	8.86388e-18	8.93335e-18	9.01627e-18	9.09058e-18	9.1591e-18	9.21544e-18	9.27812e-18	9.34087e-18	9.39334e-18	9.43943e-18	9.49222e-18	9.51709e-18	9.57384e-18	9.60169e-18	9.63214e-18	9.662e-18	9.69102e-18	9.70523e-18	9.73465e-18	9.75484e-18	9.76614e-18	9.78102e-18	9.79654e-18	9.81021e-18	9.81585e-18	9.82533e-18	9.83167e-18	9.83839e-18	9.84822e-18	9.85272e-18	9.85707e-18	9.8613e-18	9.86349e-18	9.86874e-18	9.86874e-18	9.86874e-18	9.86874e-18	9.86874e-18	9.86874e-18
1037.46	2.07044e-14	9.77727e-18	9.72926e-18	4.17611e-21	3.73343e-20	8.63837e-20	1.50731e-19	1.98032e-19	2.75895e-19	3.85121e-19	5.10422e-19	6.35862e-19	7.63137e-19	9.52035e-19	1.14958e-18	1.32327e-18	1.47638e-18	1.65191e-18	1.88049e-18	2.10242e-18	2.36602e-18	2.57973e-18	2.89149e-18	3.18616e-18	3.51521e-18	3.74091e-18	4.05752e-18	4.35892e-18	4.58193e-18	4.81471e-18	5.07421e-18	5.29264e-18	5.48453e-18	5.71846e-18	5.96453e-18	6.1422e-18	6.35572e-18	6.5301e-18	6.72788e-18	6.89064e-18	7.07978e-18	7.19296e-18	7.3695e-18	7.52129e-18	7.63723e-18	7.78456e-18	7.9067e-18	8.0246e-18	8.14014e-18	8.26926e-18	8.36965e-18	8.46566e-18	8.55998e-18	8.63832e-18	8.73618e-18	8.80484e-18	8.88672e-18	8.96009e-18	9.02774e-18	9.08335e-18	9.14526e-18	9.20724e-18	9.25909e-18	9.30467e-18	9.35687e-18	9.38146e-18	9.43762e-18	9.46518e-18	9.49529e-18	9.52484e-18	9.55355e-18	9.56761e-18	9.59671e-18	9.61667e-18	9.62783e-18	9.64256e-18	9.65789e-18	9.6714e-18	9.67696e-18	9.68634e-18	9.69261e-18	9.69925e-18	9.70897e-18	9.71342e-18	9.71771e-18	9.7219e-18	9.72407e-18	9.72926e-18	9.72926e-18	9.72926e-18	9.72926e-18	9.72926e-18	9.72926e-18
1040.47	2.07044e-14	9.63986e-18	9.59225e-18	4.11028e-21	3.67377e-20	8.49823e-20	1.48252e-19	1.94754e-19	2.71308e-19	3.78719e-19	5.0198e-19	6.25389e-19	7.50638e-19	9.36469e-19	1.13076e-18	1.3016e-18	1.45221e-18	1.62493e-18	1.84993e-18	2.06839e-18	2.32786e-18	2.53816e-18	2.84503e-18	3.13511e-18	3.45915e-18	3.68152e-18	3.9935e-18	4.2906e-18	4.51047e-18	4.73992e-18	4.99578e-18	5.21116e-18	5.40041e-18	5.63117e-18	5.87394e-18	6.04926e-18	6.25996e-18	6.43207e-18	6.62724e-18	6.7879e-18	6.97462e-18	7.08634e-18	7.26063e-18	7.41045e-18	7.5249e-18	7.67031e-18	7.79089e-18	7.90427e-18	8.02144e-18	8.14905e-18	8.24833e-18	8.34328e-18	8.43658e-18	8.51405e-18	8.61079e-18	8.67864e-18	8.75952e-18	8.83197e-18	8.89875e-18	8.95365e-18	9.01479e-18	9.07601e-18	9.12724e-18	9.17232e-18	9.22392e-18	9.24823e-18	9.30382e-18	9.33108e-18	9.36086e-18	9.39012e-18	9.41852e-18	9.43243e-18	9.4612e-18	9.48094e-18	9.49199e-18	9.50656e-18	9.5217e-18	9.53505e-18	9.54055e-18	9.54983e-18	9.55603e-18	9.56259e-18	9.57219e-18	9.57658e-18	9.58082e-18	9.58498e-18	9.58712e-18	9.59225e-18	9.59225e-18	9.59225e-18	9.59225e-18	9.59225e-18	9.59225e-18
1043.48	2.07044e-14	9.50489e-18	9.45768e-18	4.04557e-21	3.61517e-20	8.36067e-20	1.4582e-19	1.9154e-19	2.66812e-19	3.72447e-19	4.93706e-19	6.15125e-19	7.38383e-19	9.21205e-19	1.11232e-18	1.28036e-18	1.42852e-18	1.59849e-18	1.81997e-18	2.03503e-18	2.29043e-18	2.4974e-18	2.79945e-18	3.08504e-18	3.40416e-18	3.62326e-18	3.9307e-18	4.22358e-18	4.44036e-18	4.66654e-18	4.91882e-18	5.1312e-18	5.31785e-18	5.54549e-18	5.78502e-18	5.95805e-18	6.16597e-18	6.33583e-18	6.52844e-18	6.68704e-18	6.87138e-18	6.98165e-18	7.15374e-18	7.30162e-18	7.41462e-18	7.55813e-18	7.67719e-18	7.79211e-18	7.90489e-18	8.03098e-18	8.12917e-18	8.22307e-18	8.31537e-18	8.39199e-18	8.48764e-18	8.55472e-18	8.63461e-18	8.70617e-18	8.7721e-18	8.82629e-18	8.88668e-18	8.94713e-18	8.99774e-18	9.04231e-18	9.09333e-18	9.11736e-18	9.17238e-18	9.19935e-18	9.22881e-18	9.25777e-18	9.28588e-18	9.29963e-18	9.32809e-18	9.34762e-18	9.35855e-18	9.37296e-18	9.38792e-18	9.40111e-18	9.40656e-18	9.41574e-18	9.42188e-18	9.42835e-18	9.43783e-18	9.44218e-18	9.44637e-18	9.45049e-18	9.45259e-18	9.45768e-18	9.45768e-18	9.45768e-18	9.45768e-18	9.45768e-18	9.45768e-18
1046.49	2.07044e-14	9.37229e-18	9.32548e-18	3.98198e-21	3.55761e-20	8.22562e-20	1.43434e-19	1.88388e-19	2.62407e-19	3.66302e-19	4.85599e-19	6.05066e-19	7.26367e-19	9.06237e-19	1.09423e-18	1.25952e-18	1.4053e-18	1.57257e-18	1.7906e-18	2.00232e-18	2.25372e-18	2.45742e-18	2.75474e-18	3.03592e-18	3.35022e-18	3.56612e-18	3.86909e-18	4.15783e-18	4.37158e-18	4.59454e-18	4.8433e-18	5.05273e-18	5.23683e-18	5.4614e-18	5.69774e-18	5.86852e-18	6.07371e-18	6.24136e-18	6.43146e-18	6.58801e-18	6.77001e-18	6.87885e-18	7.04878e-18	7.19477e-18	7.30633e-18	7.448e-18	7.56555e-18	7.67902e-18	7.79043e-18	7.91503e-18	8.01214e-18	8.105e-18	8.19632e-18	8.2721e-18	8.36668e-18	8.43301e-18	8.51194e-18	8.58263e-18	8.64772e-18	8.70123e-18	8.76087e-18	8.82056e-18	8.87056e-18	8.91462e-18	8.96505e-18	8.9888e-18	9.04326e-18	9.06995e-18	9.09908e-18	9.12776e-18	9.15557e-18	9.16918e-18	9.19734e-18	9.21665e-18	9.22747e-18	9.24173e-18	9.25651e-18	9.26955e-18	9.27494e-18	9.28402e-18	9.2901e-18	9.29649e-18	9.30586e-18	9.31015e-18	9.31429e-18	9.31837e-18	9.32045e-18	9.32548e-18	9.32548e-18	9.32548e-18	9.32548e-18	9.32548e-18	9.32548e-18
1049.5	2.07044e-14	9.24203e-18	9.19563e-18	3.91947e-21	3.50105e-20	8.09304e-20	1.41093e-19	1.85298e-19	2.58089e-19	3.6028e-19	4.77652e-19	5.95205e-19	7.14585e-19	8.91558e-19	1.07649e-18	1.2391e-18	1.38253e-18	1.54716e-18	1.7618e-18	1.97024e-18	2.21772e-18	2.4182e-18	2.71089e-18	2.98774e-18	3.29731e-18	3.51006e-18	3.80865e-18	4.09332e-18	4.30409e-18	4.52389e-18	4.76919e-18	4.97572e-18	5.1573e-18	5.37886e-18	5.61206e-18	5.78063e-18	5.98314e-18	6.14862e-18	6.33624e-18	6.49078e-18	6.67047e-18	6.77791e-18	6.94571e-18	7.08985e-18	7.20001e-18	7.33985e-18	7.45593e-18	7.56796e-18	7.67803e-18	7.80115e-18	7.89718e-18	7.98903e-18	8.07937e-18	8.15433e-18	8.24788e-18	8.31347e-18	8.39147e-18	8.46131e-18	8.52558e-18	8.57841e-18	8.63732e-18	8.69625e-18	8.74565e-18	8.78919e-18	8.83904e-18	8.86251e-18	8.91641e-18	8.94281e-18	8.97163e-18	9.00003e-18	9.02755e-18	9.04102e-18	9.06888e-18	9.08799e-18	9.09869e-18	9.11281e-18	9.12742e-18	9.14031e-18	9.14564e-18	9.15462e-18	9.16064e-18	9.16695e-18	9.17621e-18	9.18046e-18	9.18455e-18	9.18859e-18	9.19064e-18	9.19563e-18	9.19563e-18	9.19563e-18	9.19563e-18	9.19563e-18	9.19563e-18
1052.51	2.07044e-14	9.11406e-18	9.06805e-18	3.85802e-21	3.44549e-20	7.96286e-20	1.38796e-19	1.82267e-19	2.53858e-19	3.54378e-19	4.69864e-19	5.8554e-19	7.03032e-19	8.77162e-19	1.0591e-18	1.21908e-18	1.36021e-18	1.52225e-18	1.73356e-18	1.93878e-18	2.18241e-18	2.37973e-18	2.66787e-18	2.94048e-18	3.2454e-18	3.45507e-18	3.74936e-18	4.03002e-18	4.23786e-18	4.45456e-18	4.69646e-18	4.90014e-18	5.07924e-18	5.29784e-18	5.52796e-18	5.69435e-18	5.89423e-18	6.05757e-18	6.24275e-18	6.39531e-18	6.57273e-18	6.67879e-18	6.8445e-18	6.98681e-18	7.0956e-18	7.23366e-18	7.3483e-18	7.4589e-18	7.56765e-18	7.68931e-18	7.78427e-18	7.8751e-18	7.96449e-18	8.03864e-18	8.13119e-18	8.19605e-18	8.27314e-18	8.34216e-18	8.40563e-18	8.45779e-18	8.51598e-18	8.57416e-18	8.62296e-18	8.66599e-18	8.71526e-18	8.73846e-18	8.79179e-18	8.81791e-18	8.84641e-18	8.87454e-18	8.90177e-18	8.9151e-18	8.94267e-18	8.96159e-18	8.97218e-18	8.98615e-18	9.00059e-18	9.01334e-18	9.01861e-18	9.0275e-18	9.03346e-18	9.0397e-18	9.04884e-18	9.05304e-18	9.05709e-18	9.06109e-18	9.06312e-18	9.06805e-18	9.06805e-18	9.06805e-18	9.06805e-18	9.06805e-18	9.06805e-18
1055.52	2.07044e-14	8.98833e-18	8.94273e-18	3.79762e-21	3.39091e-20	7.83505e-20	1.36543e-19	1.79295e-19	2.4971e-19	3.48594e-19	4.6223e-19	5.76065e-19	6.91704e-19	8.63042e-19	1.04204e-18	1.19944e-18	1.33832e-18	1.49782e-18	1.70587e-18	1.90793e-18	2.14777e-18	2.34199e-18	2.62566e-18	2.89412e-18	3.19448e-18	3.40111e-18	3.69119e-18	3.96792e-18	4.17288e-18	4.38653e-18	4.62509e-18	4.82595e-18	5.00262e-18	5.21831e-18	5.4454e-18	5.60965e-18	5.80695e-18	5.96818e-18	6.15096e-18	6.30157e-18	6.47675e-18	6.58144e-18	6.7451e-18	6.88562e-18	6.99307e-18	7.12938e-18	7.2426e-18	7.35181e-18	7.45924e-18	7.57945e-18	7.67336e-18	7.76318e-18	7.85164e-18	7.92499e-18	8.01655e-18	8.08071e-18	8.15692e-18	8.22513e-18	8.28782e-18	8.33933e-18	8.39681e-18	8.45425e-18	8.50245e-18	8.54498e-18	8.59367e-18	8.61659e-18	8.66936e-18	8.6952e-18	8.72339e-18	8.75125e-18	8.7782e-18	8.79138e-18	8.81868e-18	8.8374e-18	8.84788e-18	8.86171e-18	8.87599e-18	8.8886e-18	8.89382e-18	8.90262e-18	8.90852e-18	8.91467e-18	8.92371e-18	8.92787e-18	8.93187e-18	8.93583e-18	8.93784e-18	8.94273e-18	8.94273e-18	8.94273e-18	8.94273e-18	8.94273e-18	8.94273e-18
1058.53	2.07044e-14	8.86479e-18	8.81959e-18	3.73824e-21	3.33727e-20	7.70955e-20	1.34332e-19	1.7638e-19	2.45645e-19	3.42926e-19	4.54747e-19	5.66777e-19	6.80594e-19	8.49194e-19	1.02532e-18	1.18018e-18	1.31685e-18	1.47387e-18	1.67871e-18	1.87767e-18	2.11379e-18	2.30497e-18	2.58426e-18	2.84863e-18	3.14452e-18	3.34818e-18	3.63412e-18	3.90698e-18	4.10911e-18	4.31976e-18	4.55503e-18	4.75314e-18	4.93136e-18	5.14023e-18	5.36435e-18	5.52649e-18	5.72125e-18	5.88041e-18	6.06084e-18	6.20952e-18	6.38249e-18	6.48584e-18	6.64748e-18	6.78624e-18	6.89237e-18	7.02697e-18	7.1388e-18	7.24663e-18	7.35278e-18	7.47155e-18	7.56441e-18	7.65323e-18	7.74076e-18	7.81333e-18	7.90393e-18	7.9674e-18	8.04275e-18	8.11017e-18	8.17211e-18	8.22298e-18	8.27976e-18	8.33647e-18	8.38408e-18	8.4261e-18	8.47421e-18	8.49686e-18	8.54907e-18	8.57463e-18	8.60252e-18	8.63011e-18	8.65678e-18	8.66983e-18	8.69684e-18	8.71538e-18	8.72576e-18	8.73944e-18	8.75356e-18	8.76604e-18	8.77121e-18	8.77992e-18	8.78577e-18	8.79184e-18	8.80078e-18	8.80489e-18	8.80884e-18	8.81277e-18	8.81475e-18	8.81959e-18	8.81959e-18	8.81959e-18	8.81959e-18	8.81959e-18	8.81959e-18
1061.54	2.07044e-14	8.74341e-18	8.69861e-18	3.67986e-21	3.28457e-20	7.58632e-20	1.32162e-19	1.73522e-19	2.4166e-19	3.3737e-19	4.47411e-19	5.57671e-19	6.697e-19	8.35611e-19	1.00891e-18	1.1613e-18	1.29581e-18	1.45038e-18	1.65208e-18	1.84799e-18	2.08047e-18	2.26865e-18	2.54363e-18	2.80399e-18	3.0955e-18	3.29624e-18	3.57811e-18	3.84718e-18	4.04653e-18	4.25424e-18	4.48627e-18	4.68167e-18	4.85357e-18	5.06358e-18	5.28477e-18	5.44485e-18	5.63711e-18	5.79423e-18	5.97234e-18	6.11913e-18	6.28992e-18	6.39195e-18	6.5516e-18	6.68864e-18	6.79346e-18	6.92639e-18	7.03685e-18	7.14057e-18	7.24821e-18	7.36557e-18	7.45738e-18	7.54522e-18	7.63183e-18	7.70362e-18	7.79328e-18	7.85607e-18	7.93058e-18	7.99724e-18	8.05844e-18	8.10869e-18	8.16479e-18	8.22078e-18	8.26781e-18	8.30932e-18	8.35686e-18	8.37924e-18	8.43089e-18	8.45616e-18	8.48375e-18	8.51108e-18	8.53747e-18	8.55038e-18	8.57713e-18	8.59549e-18	8.60576e-18	8.6193e-18	8.63327e-18	8.64562e-18	8.65074e-18	8.65936e-18	8.66515e-18	8.67115e-18	8.67998e-18	8.68405e-18	8.68797e-18	8.69185e-18	8.69382e-18	8.69861e-18	8.69861e-18	8.69861e-18	8.69861e-18	8.69861e-18	8.69861e-18
1064.55	2.07044e-14	8.62414e-18	8.57974e-18	3.62246e-21	3.23278e-20	7.4653e-20	1.30032e-19	1.70717e-19	2.37753e-19	3.31924e-19	4.4022e-19	5.48744e-19	6.59015e-19	8.22288e-19	9.92818e-19	1.14278e-18	1.27517e-18	1.42734e-18	1.62596e-18	1.81888e-18	2.04777e-18	2.23302e-18	2.50377e-18	2.7602e-18	3.0474e-18	3.24527e-18	3.52316e-18	3.78849e-18	3.98512e-18	4.18993e-18	4.41878e-18	4.61151e-18	4.78108e-18	4.98832e-18	5.20663e-18	5.36468e-18	5.55449e-18	5.70961e-18	5.88544e-18	6.03036e-18	6.19901e-18	6.29973e-18	6.45742e-18	6.59276e-18	6.69632e-18	6.8276e-18	6.93673e-18	7.04188e-18	7.1455e-18	7.26146e-18	7.35224e-18	7.4391e-18	7.52481e-18	7.59583e-18	7.68456e-18	7.74668e-18	7.82038e-18	7.8863e-18	7.94678e-18	7.99642e-18	8.05185e-18	8.10713e-18	8.15359e-18	8.19459e-18	8.24157e-18	8.26368e-18	8.31477e-18	8.33976e-18	8.36705e-18	8.39412e-18	8.42024e-18	8.43301e-18	8.4595e-18	8.47767e-18	8.48784e-18	8.50125e-18	8.51507e-18	8.5273e-18	8.53236e-18	8.5409e-18	8.54664e-18	8.55256e-18	8.5613e-18	8.56532e-18	8.56919e-18	8.57305e-18	8.57499e-18	8.57974e-18	8.57974e-18	8.57974e-18	8.57974e-18	8.57974e-18	8.57974e-18
1067.56	2.07044e-14	8.50694e-18	8.46294e-18	3.56602e-21	3.18189e-20	7.34646e-20	1.27942e-19	1.67967e-19	2.33922e-19	3.26585e-19	4.3317e-19	5.3999e-19	6.48535e-19	8.09218e-19	9.77032e-19	1.12461e-18	1.25492e-18	1.40476e-18	1.60035e-18	1.79033e-18	2.01569e-18	2.19806e-18	2.46466e-18	2.71723e-18	3.0002e-18	3.19525e-18	3.46923e-18	3.7309e-18	3.92484e-18	4.12681e-18	4.35253e-18	4.54263e-18	4.70992e-18	4.91443e-18	5.12991e-18	5.28595e-18	5.47336e-18	5.6265e-18	5.8001e-18	5.94318e-18	6.10971e-18	6.20915e-18	6.36491e-18	6.49859e-18	6.60089e-18	6.73056e-18	6.83838e-18	6.93953e-18	7.04461e-18	7.15919e-18	7.24896e-18	7.33484e-18	7.41965e-18	7.48991e-18	7.57773e-18	7.6392e-18	7.7121e-18	7.7773e-18	7.83707e-18	7.88613e-18	7.94091e-18	7.99549e-18	8.04139e-18	8.08188e-18	8.1283e-18	8.15015e-18	8.20068e-18	8.22539e-18	8.25238e-18	8.27918e-18	8.30503e-18	8.31766e-18	8.3439e-18	8.36189e-18	8.37197e-18	8.38524e-18	8.39892e-18	8.41102e-18	8.41604e-18	8.42449e-18	8.43018e-18	8.43603e-18	8.44467e-18	8.44865e-18	8.45249e-18	8.4563e-18	8.45823e-18	8.46294e-18	8.46294e-18	8.46294e-18	8.46294e-18	8.46294e-18	8.46294e-18
1070.57	2.07044e-14	8.39177e-18	8.34815e-18	3.51053e-21	3.13188e-20	7.22975e-20	1.25891e-19	1.65268e-19	2.30166e-19	3.21351e-19	4.26257e-19	5.31407e-19	6.38257e-19	7.96397e-19	9.61548e-19	1.1068e-18	1.23507e-18	1.3826e-18	1.57523e-18	1.76232e-18	1.98423e-18	2.16376e-18	2.42628e-18	2.67506e-18	2.95388e-18	3.14617e-18	3.41631e-18	3.67437e-18	3.86567e-18	4.06486e-18	4.2875e-18	4.47502e-18	4.64005e-18	4.84187e-18	5.05457e-18	5.20864e-18	5.39368e-18	5.54489e-18	5.71629e-18	5.85755e-18	6.02201e-18	6.12018e-18	6.27404e-18	6.40607e-18	6.50714e-18	6.63523e-18	6.74177e-18	6.84434e-18	6.94551e-18	7.05873e-18	7.14748e-18	7.2324e-18	7.31632e-18	7.38583e-18	7.47275e-18	7.53358e-18	7.60571e-18	7.67019e-18	7.72929e-18	7.77777e-18	7.83191e-18	7.88581e-18	7.93116e-18	7.97115e-18	8.01701e-18	8.0386e-18	8.08857e-18	8.113e-18	8.13969e-18	8.16624e-18	8.19181e-18	8.20431e-18	8.23029e-18	8.24812e-18	8.25809e-18	8.27123e-18	8.28477e-18	8.29676e-18	8.30173e-18	8.31009e-18	8.31573e-18	8.32151e-18	8.33006e-18	8.334e-18	8.3378e-18	8.34158e-18	8.34348e-18	8.34815e-18	8.34815e-18	8.34815e-18	8.34815e-18	8.34815e-18	8.34815e-18
1073.58	2.07044e-14	8.27858e-18	8.23535e-18	3.45596e-21	3.08273e-20	7.11512e-20	1.23878e-19	1.62621e-19	2.26484e-19	3.1622e-19	4.19479e-19	5.22991e-19	6.28175e-19	7.83819e-19	9.46357e-19	1.08932e-18	1.2156e-18	1.36087e-18	1.55058e-18	1.73484e-18	1.95335e-18	2.13011e-18	2.38862e-18	2.63367e-18	2.90842e-18	3.09799e-18	3.36437e-18	3.61889e-18	3.8076e-18	4.00405e-18	4.22366e-18	4.40864e-18	4.57514e-18	4.77063e-18	4.98058e-18	5.13272e-18	5.31544e-18	5.46474e-18	5.63397e-18	5.77345e-18	5.93586e-18	6.03278e-18	6.18477e-18	6.31519e-18	6.41505e-18	6.54158e-18	6.64687e-18	6.74818e-18	6.84816e-18	6.96003e-18	7.04778e-18	7.13175e-18	7.21478e-18	7.28354e-18	7.36958e-18	7.42977e-18	7.50115e-18	7.56495e-18	7.62337e-18	7.6713e-18	7.72482e-18	7.77804e-18	7.82285e-18	7.86235e-18	7.90767e-18	7.92899e-18	7.9784e-18	8.00255e-18	8.02896e-18	8.05524e-18	8.08054e-18	8.09291e-18	8.11864e-18	8.1363e-18	8.14617e-18	8.15918e-18	8.17259e-18	8.18446e-18	8.18938e-18	8.19767e-18	8.20326e-18	8.20897e-18	8.21742e-18	8.22133e-18	8.22509e-18	8.22884e-18	8.23072e-18	8.23535e-18	8.23535e-18	8.23535e-18	8.23535e-18	8.23535e-18	8.23535e-18
1076.59	2.07044e-14	8.16733e-18	8.12449e-18	3.4023e-21	3.03443e-20	7.00254e-20	1.21903e-19	1.60024e-19	2.22873e-19	3.11189e-19	4.12833e-19	5.14738e-19	6.18286e-19	7.71479e-19	9.31454e-19	1.07217e-18	1.19649e-18	1.33956e-18	1.52641e-18	1.70789e-18	1.92306e-18	2.09708e-18	2.35166e-18	2.59306e-18	2.8638e-18	3.05071e-18	3.31339e-18	3.56443e-18	3.7506e-18	3.94435e-18	4.16099e-18	4.34347e-18	4.50409e-18	4.70067e-18	4.90792e-18	5.05816e-18	5.23858e-18	5.38601e-18	5.55312e-18	5.69085e-18	5.85123e-18	5.94693e-18	6.09706e-18	6.2259e-18	6.32457e-18	6.44958e-18	6.55363e-18	6.65111e-18	6.75251e-18	6.86307e-18	6.94982e-18	7.03285e-18	7.115e-18	7.18303e-18	7.26819e-18	7.32776e-18	7.39839e-18	7.46151e-18	7.51929e-18	7.56667e-18	7.61959e-18	7.67216e-18	7.71644e-18	7.75545e-18	7.80022e-18	7.82129e-18	7.87014e-18	7.89401e-18	7.92013e-18	7.94615e-18	7.97119e-18	7.98342e-18	8.00891e-18	8.02639e-18	8.03617e-18	8.04904e-18	8.06233e-18	8.07409e-18	8.07897e-18	8.08717e-18	8.09271e-18	8.09836e-18	8.10672e-18	8.11059e-18	8.11432e-18	8.11803e-18	8.1199e-18	8.12449e-18	8.12449e-18	8.12449e-18	8.12449e-18	8.12449e-18	8.12449e-18
1079.6	2.07044e-14	8.058e-18	8.01553e-18	3.34953e-21	2.98695e-20	6.89196e-20	1.19963e-19	1.57476e-19	2.19331e-19	3.06257e-19	4.06316e-19	5.06644e-19	6.08585e-19	7.59371e-19	9.16833e-19	1.05535e-18	1.17775e-18	1.31865e-18	1.5027e-18	1.68144e-18	1.89333e-18	2.06467e-18	2.31539e-18	2.55319e-18	2.82e-18	3.00429e-18	3.26335e-18	3.51097e-18	3.69463e-18	3.88575e-18	4.09946e-18	4.27948e-18	4.43795e-18	4.63196e-18	4.83656e-18	4.98492e-18	5.1631e-18	5.30868e-18	5.4737e-18	5.6097e-18	5.7681e-18	5.86258e-18	6.0109e-18	6.13817e-18	6.23566e-18	6.35918e-18	6.46202e-18	6.5609e-18	6.65854e-18	6.7678e-18	6.85357e-18	6.93567e-18	7.01695e-18	7.08424e-18	7.16854e-18	7.22749e-18	7.29739e-18	7.35986e-18	7.41701e-18	7.46386e-18	7.51619e-18	7.56811e-18	7.61188e-18	7.6504e-18	7.69465e-18	7.71546e-18	7.76375e-18	7.78735e-18	7.81318e-18	7.83893e-18	7.8637e-18	7.87581e-18	7.90105e-18	7.91837e-18	7.92804e-18	7.94079e-18	7.95395e-18	7.96561e-18	7.97044e-18	7.97857e-18	7.98406e-18	7.98964e-18	7.99792e-18	8.00175e-18	8.00545e-18	8.00913e-18	8.01098e-18	8.01553e-18	8.01553e-18	8.01553e-18	8.01553e-18	8.01553e-18	8.01553e-18
1082.61	2.07044e-14	7.95052e-18	7.90843e-18	3.29764e-21	2.94028e-20	6.78334e-20	1.1806e-19	1.54976e-19	2.15858e-19	3.01419e-19	3.99924e-19	4.98706e-19	5.99068e-19	7.47492e-19	9.02486e-19	1.03885e-18	1.15937e-18	1.29814e-18	1.47943e-18	1.6555e-18	1.86416e-18	2.03287e-18	2.27979e-18	2.51407e-18	2.77702e-18	2.95873e-18	3.21422e-18	3.4585e-18	3.6397e-18	3.82822e-18	4.03904e-18	4.21665e-18	4.373e-18	4.56449e-18	4.76647e-18	4.91298e-18	5.08895e-18	5.23272e-18	5.39569e-18	5.52999e-18	5.68642e-18	5.77972e-18	5.92624e-18	6.05196e-18	6.14831e-18	6.27036e-18	6.372e-18	6.4697e-18	6.56621e-18	6.6742e-18	6.759e-18	6.84017e-18	6.92059e-18	6.98715e-18	7.0706e-18	7.12893e-18	7.19811e-18	7.25994e-18	7.31647e-18	7.36281e-18	7.41456e-18	7.46586e-18	7.50913e-18	7.54717e-18	7.59089e-18	7.61146e-18	7.65919e-18	7.68252e-18	7.70806e-18	7.73355e-18	7.75806e-18	7.77003e-18	7.79504e-18	7.81219e-18	7.82176e-18	7.83439e-18	7.84743e-18	7.85897e-18	7.86376e-18	7.87182e-18	7.87725e-18	7.88278e-18	7.89098e-18	7.89477e-18	7.89843e-18	7.90208e-18	7.90391e-18	7.90843e-18	7.90843e-18	7.90843e-18	7.90843e-18	7.90843e-18	7.90843e-18
1085.62	2.07044e-14	7.84488e-18	7.80316e-18	3.2466e-21	2.89441e-20	6.67665e-20	1.16191e-19	1.52523e-19	2.12451e-19	2.96676e-19	3.93656e-19	4.9092e-19	5.89732e-19	7.35835e-19	8.88409e-19	1.02266e-18	1.14133e-18	1.27801e-18	1.45661e-18	1.63004e-18	1.83554e-18	2.00166e-18	2.24485e-18	2.47566e-18	2.73482e-18	2.914e-18	3.166e-18	3.40698e-18	3.58576e-18	3.77173e-18	3.97972e-18	4.15495e-18	4.30922e-18	4.49822e-18	4.69763e-18	4.84231e-18	5.01612e-18	5.15809e-18	5.31905e-18	5.45168e-18	5.60618e-18	5.6983e-18	5.84305e-18	5.96726e-18	6.06246e-18	6.18307e-18	6.28355e-18	6.38009e-18	6.47549e-18	6.58222e-18	6.66606e-18	6.74633e-18	6.82588e-18	6.89172e-18	6.97432e-18	7.03204e-18	7.10053e-18	7.16172e-18	7.21765e-18	7.26349e-18	7.31468e-18	7.36537e-18	7.40814e-18	7.44572e-18	7.48893e-18	7.50925e-18	7.55643e-18	7.57948e-18	7.60475e-18	7.62997e-18	7.65421e-18	7.66605e-18	7.69082e-18	7.70781e-18	7.71729e-18	7.72978e-18	7.74271e-18	7.75415e-18	7.7589e-18	7.76688e-18	7.77226e-18	7.77773e-18	7.78585e-18	7.78961e-18	7.79324e-18	7.79686e-18	7.79867e-18	7.80316e-18	7.80316e-18	7.80316e-18	7.80316e-18	7.80316e-18	7.80316e-18
1088.63	2.07044e-14	7.74103e-18	7.69967e-18	3.1964e-21	2.84933e-20	6.57185e-20	1.14356e-19	1.50116e-19	2.0911e-19	2.92024e-19	3.87507e-19	4.83283e-19	5.80572e-19	7.24397e-19	8.74596e-19	1.00677e-18	1.12363e-18	1.25827e-18	1.43421e-18	1.60506e-18	1.80745e-18	1.97103e-18	2.21055e-18	2.43796e-18	2.69339e-18	2.87009e-18	3.11865e-18	3.35639e-18	3.5328e-18	3.71627e-18	3.92148e-18	4.09437e-18	4.25004e-18	4.43313e-18	4.63001e-18	4.77289e-18	4.94456e-18	5.08478e-18	5.24375e-18	5.37474e-18	5.52734e-18	5.61831e-18	5.76131e-18	5.88402e-18	5.9781e-18	6.09729e-18	6.19662e-18	6.29203e-18	6.38633e-18	6.49184e-18	6.57473e-18	6.6541e-18	6.7328e-18	6.79792e-18	6.87969e-18	6.9368e-18	7.0046e-18	7.06516e-18	7.12051e-18	7.16586e-18	7.2165e-18	7.2666e-18	7.30889e-18	7.34601e-18	7.38871e-18	7.40879e-18	7.45542e-18	7.47821e-18	7.5032e-18	7.52816e-18	7.55213e-18	7.56384e-18	7.58838e-18	7.6052e-18	7.61458e-18	7.62695e-18	7.63977e-18	7.6511e-18	7.65581e-18	7.66371e-18	7.66905e-18	7.67446e-18	7.68251e-18	7.68624e-18	7.68983e-18	7.69342e-18	7.69522e-18	7.69967e-18	7.69967e-18	7.69967e-18	7.69967e-18	7.69967e-18	7.69967e-18
1091.64	2.07044e-14	7.63893e-18	7.59793e-18	3.14702e-21	2.80501e-20	6.46889e-20	1.12555e-19	1.47753e-19	2.05832e-19	2.87461e-19	3.81477e-19	4.75792e-19	5.71585e-19	7.13172e-19	8.6104e-19	9.91181e-19	1.10627e-18	1.2389e-18	1.41224e-18	1.58054e-18	1.77988e-18	1.94096e-18	2.17688e-18	2.40094e-18	2.65272e-18	2.82697e-18	3.07217e-18	3.30673e-18	3.4808e-18	3.66181e-18	3.86428e-18	4.03487e-18	4.18506e-18	4.3692e-18	4.56358e-18	4.70469e-18	4.87426e-18	5.01275e-18	5.16977e-18	5.29914e-18	5.44988e-18	5.5397e-18	5.68098e-18	5.80223e-18	5.89519e-18	6.01299e-18	6.11119e-18	6.20303e-18	6.29872e-18	6.40301e-18	6.48497e-18	6.56345e-18	6.64132e-18	6.70573e-18	6.78666e-18	6.84318e-18	6.91029e-18	6.97023e-18	7.025e-18	7.06988e-18	7.11999e-18	7.16951e-18	7.21133e-18	7.24801e-18	7.29021e-18	7.31006e-18	7.35614e-18	7.37867e-18	7.40337e-18	7.42807e-18	7.45178e-18	7.46337e-18	7.48766e-18	7.50432e-18	7.51361e-18	7.52585e-18	7.53856e-18	7.5498e-18	7.55446e-18	7.56229e-18	7.56758e-18	7.57294e-18	7.58091e-18	7.5846e-18	7.58817e-18	7.59172e-18	7.59351e-18	7.59793e-18	7.59793e-18	7.59793e-18	7.59793e-18	7.59793e-18	7.59793e-18
1094.65	2.07044e-14	7.53856e-18	7.4979e-18	3.09846e-21	2.76144e-20	6.36775e-20	1.10787e-19	1.45435e-19	2.02617e-19	2.82986e-19	3.75561e-19	4.68443e-19	5.62767e-19	7.02157e-19	8.47737e-19	9.75882e-19	1.08923e-18	1.21989e-18	1.39067e-18	1.55648e-18	1.75282e-18	1.91146e-18	2.14383e-18	2.36461e-18	2.61279e-18	2.78464e-18	3.02652e-18	3.25796e-18	3.42973e-18	3.60834e-18	3.80811e-18	3.97644e-18	4.12464e-18	4.3064e-18	4.49832e-18	4.63769e-18	4.80518e-18	4.94198e-18	5.09709e-18	5.22486e-18	5.37375e-18	5.46246e-18	5.60204e-18	5.72183e-18	5.81371e-18	5.93013e-18	6.02722e-18	6.118e-18	6.2126e-18	6.31572e-18	6.39675e-18	6.47436e-18	6.55139e-18	6.6151e-18	6.6952e-18	6.75113e-18	6.81756e-18	6.8769e-18	6.93111e-18	6.97552e-18	7.0251e-18	7.07407e-18	7.11543e-18	7.15167e-18	7.19339e-18	7.21301e-18	7.25855e-18	7.28081e-18	7.30525e-18	7.32968e-18	7.35313e-18	7.36458e-18	7.38865e-18	7.40514e-18	7.41433e-18	7.42646e-18	7.43905e-18	7.45019e-18	7.45481e-18	7.46257e-18	7.46781e-18	7.47312e-18	7.48102e-18	7.48468e-18	7.48822e-18	7.49174e-18	7.49351e-18	7.4979e-18	7.4979e-18	7.4979e-18	7.4979e-18	7.4979e-18	7.4979e-18
1097.66	2.07044e-14	7.43986e-18	7.39954e-18	3.05069e-21	2.7186e-20	6.26838e-20	1.09051e-19	1.4316e-19	1.99462e-19	2.78596e-19	3.69758e-19	4.61233e-19	5.54114e-19	6.91346e-19	8.3468e-19	9.60868e-19	1.0725e-18	1.20123e-18	1.36951e-18	1.53287e-18	1.72627e-18	1.88249e-18	2.11139e-18	2.32893e-18	2.57358e-18	2.74307e-18	2.9817e-18	3.21007e-18	3.37958e-18	3.55582e-18	3.75295e-18	3.91905e-18	4.06529e-18	4.24471e-18	4.4342e-18	4.57186e-18	4.73731e-18	4.87244e-18	5.02566e-18	5.15187e-18	5.29895e-18	5.38656e-18	5.52446e-18	5.64282e-18	5.73362e-18	5.84869e-18	5.94469e-18	6.03682e-18	6.12796e-18	6.22992e-18	6.31004e-18	6.3868e-18	6.463e-18	6.52601e-18	6.60529e-18	6.66062e-18	6.72639e-18	6.78513e-18	6.83879e-18	6.88275e-18	6.93181e-18	6.98024e-18	7.02115e-18	7.05696e-18	7.09821e-18	7.1176e-18	7.16262e-18	7.18462e-18	7.20878e-18	7.23294e-18	7.25614e-18	7.26747e-18	7.2913e-18	7.30763e-18	7.31672e-18	7.32872e-18	7.34122e-18	7.35226e-18	7.35683e-18	7.36452e-18	7.36971e-18	7.37497e-18	7.38281e-18	7.38644e-18	7.38994e-18	7.39343e-18	7.39519e-18	7.39954e-18	7.39954e-18	7.39954e-18	7.39954e-18	7.39954e-18	7.39954e-18
1100.67	2.07044e-14	7.34282e-18	7.30283e-18	3.0037e-21	2.6765e-20	6.17075e-20	1.07347e-19	1.40926e-19	1.96367e-19	2.74289e-19	3.64065e-19	4.54159e-19	5.45622e-19	6.80735e-19	8.21865e-19	9.46132e-19	1.05609e-18	1.18292e-18	1.34874e-18	1.5097e-18	1.7002e-18	1.85406e-18	2.07953e-18	2.2939e-18	2.53508e-18	2.70224e-18	2.93769e-18	3.16304e-18	3.33034e-18	3.50425e-18	3.69877e-18	3.86269e-18	4.00699e-18	4.1841e-18	4.37121e-18	4.50717e-18	4.67062e-18	4.8041e-18	4.95547e-18	5.08015e-18	5.22544e-18	5.31196e-18	5.44821e-18	5.56516e-18	5.65489e-18	5.76864e-18	5.86355e-18	5.95227e-18	6.04476e-18	6.14558e-18	6.22481e-18	6.30072e-18	6.3761e-18	6.43842e-18	6.51689e-18	6.57164e-18	6.63675e-18	6.69489e-18	6.748e-18	6.79152e-18	6.84008e-18	6.88797e-18	6.92846e-18	6.96384e-18	7.00464e-18	7.02381e-18	7.0683e-18	7.09004e-18	7.11394e-18	7.13784e-18	7.16078e-18	7.17198e-18	7.19558e-18	7.21174e-18	7.22074e-18	7.23262e-18	7.24501e-18	7.25595e-18	7.26049e-18	7.2681e-18	7.27325e-18	7.27846e-18	7.28623e-18	7.28983e-18	7.2933e-18	7.29677e-18	7.29851e-18	7.30283e-18	7.30283e-18	7.30283e-18	7.30283e-18	7.30283e-18	7.30283e-18
1103.68	2.07044e-14	7.24739e-18	7.20772e-18	2.95748e-21	2.6351e-20	6.07484e-20	1.05673e-19	1.38734e-19	1.9333e-19	2.70064e-19	3.58479e-19	4.47219e-19	5.3729e-19	6.70321e-19	8.09286e-19	9.31668e-19	1.03998e-18	1.16495e-18	1.32836e-18	1.48696e-18	1.67461e-18	1.82615e-18	2.04826e-18	2.25951e-18	2.49727e-18	2.66215e-18	2.89446e-18	3.11685e-18	3.28197e-18	3.4536e-18	3.64556e-18	3.80732e-18	3.94973e-18	4.12456e-18	4.30932e-18	4.44361e-18	4.60508e-18	4.73694e-18	4.88648e-18	5.00965e-18	5.15318e-18	5.23865e-18	5.37327e-18	5.48883e-18	5.57751e-18	5.68994e-18	5.78379e-18	5.8715e-18	5.96297e-18	6.06267e-18	6.14103e-18	6.2161e-18	6.29068e-18	6.35232e-18	6.42997e-18	6.48414e-18	6.54859e-18	6.60615e-18	6.65872e-18	6.7018e-18	6.74988e-18	6.79725e-18	6.83731e-18	6.87229e-18	6.91263e-18	6.9316e-18	6.97556e-18	6.99706e-18	7.0207e-18	7.04433e-18	7.06702e-18	7.07809e-18	7.10146e-18	7.11746e-18	7.12636e-18	7.13812e-18	7.15041e-18	7.16125e-18	7.16575e-18	7.17329e-18	7.17839e-18	7.18356e-18	7.19126e-18	7.19483e-18	7.19827e-18	7.20171e-18	7.20344e-18	7.20772e-18	7.20772e-18	7.20772e-18	7.20772e-18	7.20772e-18	7.20772e-18
1106.69	2.07044e-14	7.15355e-18	7.11419e-18	2.91201e-21	2.5944e-20	5.9806e-20	1.0403e-19	1.36583e-19	1.90351e-19	2.65919e-19	3.52999e-19	4.40409e-19	5.29112e-19	6.60099e-19	7.96938e-19	9.1747e-19	1.02417e-18	1.14731e-18	1.30835e-18	1.46463e-18	1.64949e-18	1.79876e-18	2.01756e-18	2.22574e-18	2.46014e-18	2.62278e-18	2.85201e-18	3.07148e-18	3.23446e-18	3.40385e-18	3.59329e-18	3.75293e-18	3.89348e-18	4.06607e-18	4.24851e-18	4.38114e-18	4.54067e-18	4.67094e-18	4.81868e-18	4.94037e-18	5.08217e-18	5.16659e-18	5.2996e-18	5.41379e-18	5.50143e-18	5.61257e-18	5.70538e-18	5.79442e-18	5.88256e-18	5.98116e-18	6.05866e-18	6.13292e-18	6.20669e-18	6.26766e-18	6.34451e-18	6.39811e-18	6.46191e-18	6.51888e-18	6.57092e-18	6.61357e-18	6.66116e-18	6.70803e-18	6.74768e-18	6.78226e-18	6.82217e-18	6.84092e-18	6.88438e-18	6.90563e-18	6.92901e-18	6.95238e-18	6.97482e-18	6.98576e-18	7.0089e-18	7.02474e-18	7.03355e-18	7.04519e-18	7.05738e-18	7.06812e-18	7.07257e-18	7.08004e-18	7.0851e-18	7.09022e-18	7.09786e-18	7.1014e-18	7.10482e-18	7.10823e-18	7.10994e-18	7.11419e-18	7.11419e-18	7.11419e-18	7.11419e-18	7.11419e-18	7.11419e-18
1109.7	2.07044e-14	7.06126e-18	7.0222e-18	2.86729e-21	2.55438e-20	5.888e-20	1.02416e-19	1.3447e-19	1.87426e-19	2.61852e-19	3.47621e-19	4.33726e-19	5.21085e-19	6.50064e-19	7.84817e-19	9.03534e-19	1.00865e-18	1.13e-18	1.28871e-18	1.44271e-18	1.62483e-18	1.77186e-18	1.98741e-18	2.19257e-18	2.42367e-18	2.5841e-18	2.81031e-18	3.02692e-18	3.18779e-18	3.35498e-18	3.54194e-18	3.6995e-18	3.83821e-18	4.00859e-18	4.18875e-18	4.31976e-18	4.47737e-18	4.60607e-18	4.75205e-18	4.87227e-18	5.01237e-18	5.09576e-18	5.22719e-18	5.34003e-18	5.42664e-18	5.5365e-18	5.62828e-18	5.71632e-18	5.8035e-18	5.90103e-18	5.97768e-18	6.05114e-18	6.12412e-18	6.18443e-18	6.26048e-18	6.3135e-18	6.37666e-18	6.43305e-18	6.48457e-18	6.52679e-18	6.57391e-18	6.62029e-18	6.65953e-18	6.69372e-18	6.73321e-18	6.75176e-18	6.79472e-18	6.81573e-18	6.83885e-18	6.86196e-18	6.88415e-18	6.89497e-18	6.91789e-18	6.93356e-18	6.94227e-18	6.95379e-18	6.96588e-18	6.97653e-18	6.98094e-18	6.98834e-18	6.99334e-18	6.99843e-18	7.00601e-18	7.00952e-18	7.01291e-18	7.01628e-18	7.01799e-18	7.0222e-18	7.0222e-18	7.0222e-18	7.0222e-18	7.0222e-18	7.0222e-18
1112.71	2.07044e-14	6.97049e-18	6.93173e-18	2.82328e-21	2.51503e-20	5.79701e-20	1.00832e-19	1.32397e-19	1.84557e-19	2.57862e-19	3.42344e-19	4.27167e-19	5.13208e-19	6.40214e-19	7.72918e-19	8.89852e-19	9.93414e-19	1.113e-18	1.26943e-18	1.4212e-18	1.60062e-18	1.74545e-18	1.95781e-18	2.16e-18	2.38786e-18	2.54612e-18	2.76934e-18	2.98315e-18	3.14195e-18	3.30697e-18	3.4915e-18	3.64701e-18	3.78391e-18	3.95212e-18	4.13002e-18	4.25943e-18	4.41515e-18	4.5423e-18	4.68654e-18	4.80534e-18	4.94375e-18	5.02613e-18	5.156e-18	5.26751e-18	5.35311e-18	5.46172e-18	5.55247e-18	5.63953e-18	5.72576e-18	5.82224e-18	5.89805e-18	5.97073e-18	6.04293e-18	6.10258e-18	6.17784e-18	6.2303e-18	6.29281e-18	6.34863e-18	6.39964e-18	6.44144e-18	6.48808e-18	6.53398e-18	6.57284e-18	6.60665e-18	6.64571e-18	6.66407e-18	6.70654e-18	6.72732e-18	6.75019e-18	6.77304e-18	6.79498e-18	6.80569e-18	6.82837e-18	6.84388e-18	6.8525e-18	6.8639e-18	6.8759e-18	6.88645e-18	6.89081e-18	6.89814e-18	6.9031e-18	6.90815e-18	6.91567e-18	6.91914e-18	6.92251e-18	6.92585e-18	6.92755e-18	6.93173e-18	6.93173e-18	6.93173e-18	6.93173e-18	6.93173e-18	6.93173e-18
1115.72	2.07044e-14	6.8812e-18	6.84273e-18	2.78e-21	2.47635e-20	5.70761e-20	9.92754e-20	1.30361e-19	1.8174e-19	2.53946e-19	3.37165e-19	4.20731e-19	5.05475e-19	6.30544e-19	7.61236e-19	8.7642e-19	9.78455e-19	1.09631e-18	1.2505e-18	1.40008e-18	1.57685e-18	1.71952e-18	1.92874e-18	2.12802e-18	2.35268e-18	2.5088e-18	2.72911e-18	2.94015e-18	3.09691e-18	3.25981e-18	3.44195e-18	3.59544e-18	3.73056e-18	3.89662e-18	4.07231e-18	4.20013e-18	4.35399e-18	4.47963e-18	4.62215e-18	4.73954e-18	4.8763e-18	4.95768e-18	5.08601e-18	5.19621e-18	5.28081e-18	5.38818e-18	5.47792e-18	5.56403e-18	5.64932e-18	5.74476e-18	5.81975e-18	5.89166e-18	5.96309e-18	6.0221e-18	6.09658e-18	6.14848e-18	6.21035e-18	6.26559e-18	6.31609e-18	6.35748e-18	6.40366e-18	6.44909e-18	6.48755e-18	6.521e-18	6.55966e-18	6.57783e-18	6.61982e-18	6.64037e-18	6.663e-18	6.68559e-18	6.70729e-18	6.71788e-18	6.74033e-18	6.75568e-18	6.7642e-18	6.77549e-18	6.78738e-18	6.79784e-18	6.80216e-18	6.80942e-18	6.81433e-18	6.81934e-18	6.8268e-18	6.83025e-18	6.83358e-18	6.8369e-18	6.83858e-18	6.84273e-18	6.84273e-18	6.84273e-18	6.84273e-18	6.84273e-18	6.84273e-18
1118.73	2.07044e-14	6.79337e-18	6.75518e-18	2.73741e-21	2.43831e-20	5.61975e-20	9.77471e-20	1.28363e-19	1.78976e-19	2.50103e-19	3.32082e-19	4.14413e-19	4.97884e-19	6.2105e-19	7.49765e-19	8.63232e-19	9.63769e-19	1.07993e-18	1.23192e-18	1.37934e-18	1.55351e-18	1.69406e-18	1.9002e-18	2.0966e-18	2.31813e-18	2.47215e-18	2.68957e-18	2.89791e-18	3.05266e-18	3.21348e-18	3.39326e-18	3.54477e-18	3.67815e-18	3.84209e-18	4.01559e-18	4.14185e-18	4.29387e-18	4.41801e-18	4.55885e-18	4.67485e-18	4.80998e-18	4.89039e-18	5.01721e-18	5.12611e-18	5.20972e-18	5.31587e-18	5.40462e-18	5.48977e-18	5.57414e-18	5.66857e-18	5.74276e-18	5.81391e-18	5.88458e-18	5.94296e-18	6.01666e-18	6.068e-18	6.12925e-18	6.18392e-18	6.23391e-18	6.27488e-18	6.32061e-18	6.36558e-18	6.40366e-18	6.43674e-18	6.47502e-18	6.493e-18	6.53452e-18	6.55485e-18	6.57723e-18	6.59958e-18	6.62104e-18	6.63151e-18	6.65374e-18	6.66892e-18	6.67736e-18	6.68852e-18	6.70032e-18	6.71068e-18	6.71496e-18	6.72215e-18	6.72701e-18	6.73198e-18	6.73939e-18	6.7428e-18	6.74611e-18	6.7494e-18	6.75107e-18	6.75518e-18	6.75518e-18	6.75518e-18	6.75518e-18	6.75518e-18	6.75518e-18
1121.74	2.07044e-14	6.70698e-18	6.66905e-18	2.69551e-21	2.40091e-20	5.53342e-20	9.62461e-20	1.264e-19	1.76262e-19	2.46331e-19	3.27093e-19	4.08213e-19	4.90433e-19	6.11729e-19	7.38503e-19	8.50283e-19	9.49349e-19	1.06384e-18	1.21367e-18	1.35897e-18	1.5306e-18	1.66906e-18	1.87217e-18	2.06575e-18	2.28419e-18	2.43613e-18	2.65074e-18	2.8564e-18	3.00919e-18	3.16796e-18	3.34542e-18	3.49499e-18	3.62664e-18	3.78849e-18	3.95984e-18	4.08456e-18	4.23477e-18	4.35744e-18	4.49661e-18	4.61125e-18	4.74478e-18	4.82423e-18	4.94955e-18	5.05718e-18	5.13982e-18	5.24476e-18	5.33252e-18	5.41675e-18	5.50021e-18	5.59363e-18	5.66703e-18	5.73744e-18	5.80737e-18	5.86512e-18	5.93806e-18	5.98885e-18	6.04947e-18	6.10357e-18	6.15306e-18	6.19363e-18	6.2389e-18	6.28342e-18	6.32113e-18	6.35386e-18	6.39175e-18	6.40955e-18	6.45061e-18	6.47073e-18	6.49288e-18	6.51497e-18	6.5362e-18	6.54655e-18	6.56856e-18	6.58358e-18	6.59192e-18	6.60297e-18	6.61468e-18	6.62493e-18	6.62917e-18	6.63629e-18	6.6411e-18	6.64605e-18	6.65339e-18	6.65678e-18	6.66006e-18	6.66332e-18	6.66497e-18	6.66905e-18	6.66905e-18	6.66905e-18	6.66905e-18	6.66905e-18	6.66905e-18
1124.75	2.07044e-14	6.62198e-18	6.58432e-18	2.6543e-21	2.36413e-20	5.44858e-20	9.47719e-20	1.24474e-19	1.73599e-19	2.42629e-19	3.22197e-19	4.02126e-19	4.83118e-19	6.02576e-19	7.27445e-19	8.37569e-19	9.35189e-19	1.04805e-18	1.19575e-18	1.33897e-18	1.50809e-18	1.64451e-18	1.84464e-18	2.03544e-18	2.25085e-18	2.40075e-18	2.61257e-18	2.81562e-18	2.96647e-18	3.12323e-18	3.29842e-18	3.44606e-18	3.57602e-18	3.73582e-18	3.90504e-18	4.02825e-18	4.17667e-18	4.29788e-18	4.43542e-18	4.54871e-18	4.68067e-18	4.75918e-18	4.88303e-18	4.9894e-18	5.07108e-18	5.17482e-18	5.26162e-18	5.34275e-18	5.42749e-18	5.51993e-18	5.59256e-18	5.66224e-18	5.73143e-18	5.78857e-18	5.86075e-18	5.911e-18	5.97099e-18	6.02453e-18	6.07353e-18	6.11369e-18	6.1585e-18	6.20258e-18	6.23992e-18	6.27231e-18	6.30983e-18	6.32745e-18	6.36807e-18	6.38798e-18	6.40989e-18	6.43174e-18	6.45274e-18	6.46299e-18	6.48476e-18	6.49963e-18	6.50788e-18	6.51882e-18	6.53042e-18	6.54058e-18	6.54478e-18	6.55183e-18	6.55659e-18	6.5615e-18	6.56879e-18	6.57214e-18	6.5754e-18	6.57863e-18	6.58027e-18	6.58432e-18	6.58432e-18	6.58432e-18	6.58432e-18	6.58432e-18	6.58432e-18
1127.76	2.07044e-14	6.53835e-18	6.50095e-18	2.61374e-21	2.32797e-20	5.3652e-20	9.3324e-20	1.22582e-19	1.70984e-19	2.38995e-19	3.1739e-19	3.96151e-19	4.75936e-19	5.9359e-19	7.16586e-19	8.25083e-19	9.21285e-19	1.03254e-18	1.17815e-18	1.31934e-18	1.48599e-18	1.62041e-18	1.8176e-18	2.00568e-18	2.21809e-18	2.36599e-18	2.57508e-18	2.77554e-18	2.9245e-18	3.07928e-18	3.25223e-18	3.39798e-18	3.52627e-18	3.68405e-18	3.85118e-18	3.97289e-18	4.11954e-18	4.23933e-18	4.37525e-18	4.48723e-18	4.61764e-18	4.69522e-18	4.81762e-18	4.92274e-18	5.00348e-18	5.10605e-18	5.19188e-18	5.27213e-18	5.35597e-18	5.44744e-18	5.5193e-18	5.58827e-18	5.65674e-18	5.71328e-18	5.78471e-18	5.83442e-18	5.8938e-18	5.94678e-18	5.99528e-18	6.03503e-18	6.0794e-18	6.12304e-18	6.16002e-18	6.19208e-18	6.22922e-18	6.24667e-18	6.28686e-18	6.30657e-18	6.32825e-18	6.34986e-18	6.37064e-18	6.38077e-18	6.40233e-18	6.41704e-18	6.4252e-18	6.43602e-18	6.44753e-18	6.45759e-18	6.46175e-18	6.46873e-18	6.47344e-18	6.47832e-18	6.48555e-18	6.48887e-18	6.4921e-18	6.49531e-18	6.49693e-18	6.50095e-18	6.50095e-18	6.50095e-18	6.50095e-18	6.50095e-18	6.50095e-18
1130.77	2.07044e-14	6.45607e-18	6.41891e-18	2.57385e-21	2.2924e-20	5.28326e-20	9.19018e-20	1.20724e-19	1.68417e-19	2.35428e-19	3.12672e-19	3.90285e-19	4.68885e-19	5.84766e-19	7.05921e-19	8.12821e-19	9.0763e-19	1.0173e-18	1.16087e-18	1.30005e-18	1.46429e-18	1.59673e-18	1.79104e-18	1.97643e-18	2.18591e-18	2.33183e-18	2.53823e-18	2.73616e-18	2.88325e-18	3.03608e-18	3.20683e-18	3.35073e-18	3.48029e-18	3.63317e-18	3.79823e-18	3.91846e-18	4.06338e-18	4.18175e-18	4.31609e-18	4.42676e-18	4.55565e-18	4.63231e-18	4.75329e-18	4.8572e-18	4.93699e-18	5.0384e-18	5.12328e-18	5.20479e-18	5.28561e-18	5.37613e-18	5.44724e-18	5.51551e-18	5.58326e-18	5.63921e-18	5.7099e-18	5.75909e-18	5.81786e-18	5.87028e-18	5.91829e-18	5.95764e-18	6.00157e-18	6.04477e-18	6.0814e-18	6.11312e-18	6.14991e-18	6.16719e-18	6.20695e-18	6.22646e-18	6.24792e-18	6.2693e-18	6.28986e-18	6.29989e-18	6.32122e-18	6.33578e-18	6.34385e-18	6.35456e-18	6.36597e-18	6.37594e-18	6.38005e-18	6.38696e-18	6.39163e-18	6.39648e-18	6.40365e-18	6.40694e-18	6.41014e-18	6.41332e-18	6.41493e-18	6.41891e-18	6.41891e-18	6.41891e-18	6.41891e-18	6.41891e-18	6.41891e-18
1133.78	2.07044e-14	6.3751e-18	6.33818e-18	2.53459e-21	2.25743e-20	5.20273e-20	9.05049e-20	1.18899e-19	1.65897e-19	2.31927e-19	3.0804e-19	3.84525e-19	4.61961e-19	5.761e-19	6.95448e-19	8.00779e-19	8.94219e-19	1.00234e-18	1.1439e-18	1.28111e-18	1.44297e-18	1.57348e-18	1.76496e-18	1.94771e-18	2.15429e-18	2.29827e-18	2.50202e-18	2.69746e-18	2.8427e-18	2.99364e-18	3.16222e-18	3.30429e-18	3.42933e-18	3.58316e-18	3.74617e-18	3.86495e-18	4.00816e-18	4.12514e-18	4.25791e-18	4.36731e-18	4.49468e-18	4.57046e-18	4.69002e-18	4.79273e-18	4.8716e-18	4.97187e-18	5.05581e-18	5.13433e-18	5.21639e-18	5.30597e-18	5.37635e-18	5.44393e-18	5.51098e-18	5.56636e-18	5.63632e-18	5.68498e-18	5.74314e-18	5.79501e-18	5.84254e-18	5.88149e-18	5.92497e-18	5.96775e-18	6.00402e-18	6.03543e-18	6.07186e-18	6.08898e-18	6.12833e-18	6.14764e-18	6.16889e-18	6.19004e-18	6.21038e-18	6.2203e-18	6.24142e-18	6.25583e-18	6.26381e-18	6.27441e-18	6.28573e-18	6.29559e-18	6.29966e-18	6.30651e-18	6.31113e-18	6.31594e-18	6.32306e-18	6.32632e-18	6.32949e-18	6.33265e-18	6.33424e-18	6.33818e-18	6.33818e-18	6.33818e-18	6.33818e-18	6.33818e-18	6.33818e-18
1136.79	2.07044e-14	6.29542e-18	6.25874e-18	2.49597e-21	2.22304e-20	5.12358e-20	8.91326e-20	1.17108e-19	1.63422e-19	2.28489e-19	3.03492e-19	3.7887e-19	4.55162e-19	5.6759e-19	6.85163e-19	7.88952e-19	8.81047e-19	9.87644e-19	1.12723e-18	1.2625e-18	1.42203e-18	1.55064e-18	1.73934e-18	1.91949e-18	2.12322e-18	2.26529e-18	2.46643e-18	2.65942e-18	2.80286e-18	2.95192e-18	3.11837e-18	3.25865e-18	3.3821e-18	3.53399e-18	3.695e-18	3.81234e-18	3.95385e-18	4.06947e-18	4.20069e-18	4.30883e-18	4.43472e-18	4.50962e-18	4.6278e-18	4.72932e-18	4.80729e-18	4.90642e-18	4.98943e-18	5.06918e-18	5.1483e-18	5.23695e-18	5.3066e-18	5.37351e-18	5.43988e-18	5.49468e-18	5.56392e-18	5.61208e-18	5.66964e-18	5.72096e-18	5.768e-18	5.80655e-18	5.8496e-18	5.89195e-18	5.92787e-18	5.95896e-18	5.99505e-18	6.012e-18	6.05095e-18	6.07008e-18	6.09111e-18	6.11204e-18	6.13218e-18	6.14199e-18	6.1629e-18	6.17715e-18	6.18505e-18	6.19554e-18	6.20676e-18	6.21653e-18	6.22056e-18	6.22734e-18	6.23191e-18	6.23669e-18	6.24375e-18	6.24698e-18	6.25013e-18	6.25325e-18	6.25483e-18	6.25874e-18	6.25874e-18	6.25874e-18	6.25874e-18	6.25874e-18	6.25874e-18
1139.8	2.07044e-14	6.21701e-18	6.18056e-18	2.45798e-21	2.18923e-20	5.04579e-20	8.77846e-20	1.15348e-19	1.60992e-19	2.25114e-19	2.99027e-19	3.73318e-19	4.48486e-19	5.59233e-19	6.7506e-19	7.77335e-19	8.6811e-19	9.73208e-19	1.11085e-18	1.24423e-18	1.40146e-18	1.52821e-18	1.71417e-18	1.89176e-18	2.0927e-18	2.23288e-18	2.43146e-18	2.62204e-18	2.7637e-18	2.91091e-18	3.07527e-18	3.21378e-18	3.33567e-18	3.48566e-18	3.64469e-18	3.76061e-18	3.90045e-18	4.01472e-18	4.14441e-18	4.25132e-18	4.37575e-18	4.44978e-18	4.5666e-18	4.66695e-18	4.74402e-18	4.84204e-18	4.92414e-18	5.00302e-18	5.0813e-18	5.16904e-18	5.23798e-18	5.30423e-18	5.36991e-18	5.42416e-18	5.49269e-18	5.54035e-18	5.59731e-18	5.64809e-18	5.69465e-18	5.73281e-18	5.77542e-18	5.81735e-18	5.85292e-18	5.8837e-18	5.91944e-18	5.93624e-18	5.97479e-18	5.99374e-18	6.01457e-18	6.03527e-18	6.05521e-18	6.06493e-18	6.08562e-18	6.09973e-18	6.10755e-18	6.11793e-18	6.12905e-18	6.13872e-18	6.14272e-18	6.14942e-18	6.15395e-18	6.1587e-18	6.16571e-18	6.16891e-18	6.17202e-18	6.17512e-18	6.17668e-18	6.18056e-18	6.18056e-18	6.18056e-18	6.18056e-18	6.18056e-18	6.18056e-18
1142.81	2.07044e-14	6.13983e-18	6.10361e-18	2.42059e-21	2.15597e-20	4.96933e-20	8.64604e-20	1.1362e-19	1.58606e-19	2.218e-19	2.94642e-19	3.67865e-19	4.4193e-19	5.51024e-19	6.65137e-19	7.65925e-19	8.55401e-19	9.59027e-19	1.09476e-18	1.22627e-18	1.38126e-18	1.50617e-18	1.68945e-18	1.86452e-18	2.0627e-18	2.20103e-18	2.39708e-18	2.58529e-18	2.7252e-18	2.8706e-18	3.03291e-18	3.16968e-18	3.29003e-18	3.43814e-18	3.59522e-18	3.70974e-18	3.84794e-18	3.96087e-18	4.08906e-18	4.19475e-18	4.31775e-18	4.39092e-18	4.5064e-18	4.6056e-18	4.68179e-18	4.7787e-18	4.8599e-18	4.93793e-18	5.01538e-18	5.10222e-18	5.17046e-18	5.23605e-18	5.30107e-18	5.35478e-18	5.42261e-18	5.46977e-18	5.52615e-18	5.57639e-18	5.62247e-18	5.66024e-18	5.70241e-18	5.74392e-18	5.77914e-18	5.80962e-18	5.84503e-18	5.86167e-18	5.89983e-18	5.91861e-18	5.93923e-18	5.95972e-18	5.97947e-18	5.98909e-18	6.00957e-18	6.02354e-18	6.03128e-18	6.04155e-18	6.05258e-18	6.06215e-18	6.0661e-18	6.07274e-18	6.07722e-18	6.08194e-18	6.08889e-18	6.09206e-18	6.09515e-18	6.09822e-18	6.09977e-18	6.10361e-18	6.10361e-18	6.10361e-18	6.10361e-18	6.10361e-18	6.10361e-18
1145.82	2.07044e-14	6.06387e-18	6.02787e-18	2.38381e-21	2.12327e-20	4.89418e-20	8.51595e-20	1.11922e-19	1.56263e-19	2.18546e-19	2.90337e-19	3.62511e-19	4.35491e-19	5.42962e-19	6.5539e-19	7.54716e-19	8.42917e-19	9.45096e-19	1.07896e-18	1.20864e-18	1.36141e-18	1.48452e-18	1.66516e-18	1.83776e-18	2.03323e-18	2.16972e-18	2.36329e-18	2.54917e-18	2.68735e-18	2.83098e-18	2.99126e-18	3.12632e-18	3.24516e-18	3.39142e-18	3.54657e-18	3.65972e-18	3.79629e-18	3.90791e-18	4.03462e-18	4.1391e-18	4.26069e-18	4.33303e-18	4.44718e-18	4.54525e-18	4.62057e-18	4.71639e-18	4.79669e-18	4.87187e-18	4.95052e-18	5.03647e-18	5.10401e-18	5.16897e-18	5.23333e-18	5.2865e-18	5.35365e-18	5.40032e-18	5.45612e-18	5.50583e-18	5.55144e-18	5.58881e-18	5.63055e-18	5.67165e-18	5.70652e-18	5.7367e-18	5.77177e-18	5.78826e-18	5.82605e-18	5.84465e-18	5.86508e-18	5.88536e-18	5.90491e-18	5.91444e-18	5.93472e-18	5.94855e-18	5.95621e-18	5.96638e-18	5.97731e-18	5.98678e-18	5.9907e-18	5.99727e-18	6.0017e-18	6.0064e-18	6.01329e-18	6.01643e-18	6.01949e-18	6.02253e-18	6.02406e-18	6.02787e-18	6.02787e-18	6.02787e-18	6.02787e-18	6.02787e-18	6.02787e-18
1148.83	2.07044e-14	5.9891e-18	5.95331e-18	2.34763e-21	2.0911e-20	4.82031e-20	8.38815e-20	1.10255e-19	1.53962e-19	2.15351e-19	2.86109e-19	3.57252e-19	4.29167e-19	5.35043e-19	6.45815e-19	7.43704e-19	8.30653e-19	9.31409e-19	1.06343e-18	1.19131e-18	1.3419e-18	1.46326e-18	1.64129e-18	1.81146e-18	2.00426e-18	2.13895e-18	2.33007e-18	2.51366e-18	2.65015e-18	2.79202e-18	2.95032e-18	3.08369e-18	3.20105e-18	3.34548e-18	3.49874e-18	3.61052e-18	3.74549e-18	3.85582e-18	3.98107e-18	4.08437e-18	4.20456e-18	4.27607e-18	4.38892e-18	4.48588e-18	4.56034e-18	4.65509e-18	4.7345e-18	4.81087e-18	4.88669e-18	4.97176e-18	5.03862e-18	5.10295e-18	5.16667e-18	5.21931e-18	5.28579e-18	5.33198e-18	5.38721e-18	5.43639e-18	5.48154e-18	5.51851e-18	5.55982e-18	5.60051e-18	5.63503e-18	5.66492e-18	5.69966e-18	5.71599e-18	5.75341e-18	5.77184e-18	5.79208e-18	5.81216e-18	5.83153e-18	5.84097e-18	5.86105e-18	5.87473e-18	5.88232e-18	5.89239e-18	5.90322e-18	5.9126e-18	5.91648e-18	5.92299e-18	5.92737e-18	5.93204e-18	5.93887e-18	5.94198e-18	5.94502e-18	5.94803e-18	5.94954e-18	5.95331e-18	5.95331e-18	5.95331e-18	5.95331e-18	5.95331e-18	5.95331e-18
1151.84	2.07044e-14	5.91549e-18	5.87992e-18	2.31202e-21	2.05947e-20	4.74771e-20	8.26258e-20	1.08617e-19	1.51702e-19	2.12213e-19	2.81956e-19	3.52087e-19	4.22955e-19	5.27264e-19	6.36409e-19	7.32887e-19	8.18604e-19	9.17961e-19	1.04817e-18	1.17428e-18	1.32274e-18	1.44237e-18	1.61785e-18	1.78562e-18	1.97579e-18	2.10871e-18	2.29742e-18	2.47875e-18	2.61357e-18	2.75372e-18	2.91007e-18	3.04178e-18	3.15768e-18	3.30031e-18	3.4517e-18	3.56214e-18	3.69553e-18	3.80458e-18	3.92838e-18	4.03052e-18	4.14933e-18	4.22004e-18	4.3316e-18	4.42747e-18	4.50108e-18	4.59478e-18	4.67332e-18	4.74885e-18	4.82388e-18	4.90808e-18	4.97426e-18	5.03797e-18	5.10106e-18	5.15319e-18	5.219e-18	5.26472e-18	5.31939e-18	5.36805e-18	5.41274e-18	5.44932e-18	5.4902e-18	5.53048e-18	5.56466e-18	5.59425e-18	5.62866e-18	5.64484e-18	5.6819e-18	5.70017e-18	5.72021e-18	5.7401e-18	5.75929e-18	5.76864e-18	5.78852e-18	5.80208e-18	5.80959e-18	5.81956e-18	5.83029e-18	5.83958e-18	5.84342e-18	5.84986e-18	5.8542e-18	5.85884e-18	5.86562e-18	5.8687e-18	5.8717e-18	5.87469e-18	5.87619e-18	5.87992e-18	5.87992e-18	5.87992e-18	5.87992e-18	5.87992e-18	5.87992e-18
1154.85	2.07044e-14	5.84303e-18	5.80767e-18	2.27699e-21	2.02837e-20	4.67634e-20	8.13921e-20	1.07008e-19	1.49482e-19	2.09131e-19	2.77878e-19	3.47013e-19	4.16853e-19	5.19622e-19	6.27168e-19	7.22258e-19	8.06765e-19	9.04748e-19	1.03318e-18	1.15755e-18	1.30392e-18	1.42184e-18	1.59481e-18	1.76023e-18	1.94781e-18	2.07898e-18	2.26532e-18	2.44442e-18	2.57761e-18	2.71607e-18	2.87049e-18	3.00057e-18	3.11503e-18	3.2559e-18	3.40544e-18	3.51456e-18	3.64638e-18	3.75417e-18	3.87656e-18	3.97754e-18	4.09501e-18	4.16491e-18	4.27521e-18	4.36999e-18	4.44278e-18	4.53543e-18	4.6131e-18	4.68783e-18	4.76206e-18	4.8454e-18	4.91092e-18	4.97402e-18	5.03648e-18	5.0881e-18	5.15327e-18	5.19853e-18	5.25264e-18	5.30079e-18	5.34502e-18	5.38122e-18	5.42167e-18	5.46155e-18	5.49538e-18	5.52468e-18	5.55876e-18	5.57479e-18	5.6115e-18	5.6296e-18	5.64946e-18	5.66915e-18	5.68816e-18	5.69743e-18	5.71712e-18	5.73055e-18	5.73798e-18	5.74786e-18	5.75849e-18	5.7677e-18	5.7715e-18	5.77788e-18	5.78218e-18	5.78678e-18	5.7935e-18	5.79655e-18	5.79953e-18	5.80249e-18	5.80397e-18	5.80767e-18	5.80767e-18	5.80767e-18	5.80767e-18	5.80767e-18	5.80767e-18
1157.86	2.07044e-14	5.77169e-18	5.73654e-18	2.24253e-21	1.99777e-20	4.60619e-20	8.018e-20	1.05428e-19	1.47301e-19	2.06104e-19	2.73872e-19	3.4203e-19	4.1086e-19	5.12115e-19	6.18089e-19	7.11816e-19	7.95133e-19	8.91763e-19	1.01845e-18	1.14111e-18	1.28542e-18	1.40167e-18	1.57218e-18	1.73528e-18	1.92031e-18	2.04976e-18	2.23376e-18	2.41068e-18	2.54225e-18	2.67904e-18	2.83157e-18	2.96005e-18	3.07309e-18	3.21222e-18	3.35995e-18	3.46776e-18	3.59804e-18	3.70459e-18	3.82557e-18	3.92542e-18	4.04155e-18	4.11067e-18	4.21972e-18	4.31344e-18	4.38541e-18	4.47703e-18	4.55385e-18	4.62777e-18	4.70123e-18	4.78371e-18	4.84858e-18	4.91107e-18	4.97292e-18	5.02404e-18	5.08857e-18	5.13337e-18	5.18694e-18	5.23459e-18	5.27836e-18	5.31418e-18	5.3542e-18	5.39368e-18	5.42716e-18	5.45618e-18	5.48994e-18	5.50582e-18	5.54217e-18	5.56011e-18	5.57979e-18	5.59929e-18	5.61814e-18	5.62732e-18	5.64682e-18	5.66012e-18	5.66749e-18	5.67728e-18	5.68781e-18	5.69693e-18	5.70069e-18	5.70701e-18	5.71127e-18	5.71584e-18	5.7225e-18	5.72553e-18	5.72848e-18	5.73141e-18	5.73287e-18	5.73654e-18	5.73654e-18	5.73654e-18	5.73654e-18	5.73654e-18	5.73654e-18
1160.87	2.07044e-14	5.70145e-18	5.6665e-18	2.20862e-21	1.96769e-20	4.53723e-20	7.8989e-20	1.03875e-19	1.45159e-19	2.03131e-19	2.69937e-19	3.37135e-19	4.04972e-19	5.04739e-19	6.09169e-19	7.01556e-19	7.83703e-19	8.79003e-19	1.00397e-18	1.12495e-18	1.26724e-18	1.38185e-18	1.54993e-18	1.71075e-18	1.89328e-18	2.02103e-18	2.20273e-18	2.37749e-18	2.50748e-18	2.64263e-18	2.79331e-18	2.92021e-18	3.03185e-18	3.16927e-18	3.3152e-18	3.42173e-18	3.55048e-18	3.65581e-18	3.7754e-18	3.87414e-18	3.98895e-18	4.0573e-18	4.16512e-18	4.2578e-18	4.32896e-18	4.41956e-18	4.49555e-18	4.56677e-18	4.64135e-18	4.72299e-18	4.78721e-18	4.8491e-18	4.91034e-18	4.96099e-18	5.02488e-18	5.06924e-18	5.12227e-18	5.16942e-18	5.21275e-18	5.24819e-18	5.28779e-18	5.32686e-18	5.36e-18	5.38874e-18	5.42217e-18	5.4379e-18	5.47391e-18	5.49168e-18	5.51119e-18	5.53051e-18	5.54918e-18	5.55829e-18	5.57761e-18	5.59078e-18	5.59809e-18	5.60778e-18	5.61822e-18	5.62725e-18	5.63098e-18	5.63724e-18	5.64145e-18	5.646e-18	5.6526e-18	5.6556e-18	5.65852e-18	5.66142e-18	5.66287e-18	5.6665e-18	5.6665e-18	5.6665e-18	5.6665e-18	5.6665e-18	5.6665e-18
1163.88	2.07044e-14	5.63228e-18	5.59755e-18	2.17526e-21	1.9381e-20	4.46944e-20	7.78187e-20	1.02349e-19	1.43055e-19	2.0021e-19	2.66072e-19	3.32325e-19	3.99187e-19	4.97493e-19	6.00404e-19	6.91473e-19	7.72471e-19	8.66463e-19	9.89738e-19	1.10907e-18	1.24937e-18	1.36237e-18	1.52807e-18	1.68665e-18	1.86671e-18	1.99279e-18	2.17222e-18	2.34486e-18	2.47329e-18	2.60683e-18	2.75567e-18	2.88102e-18	2.9913e-18	3.12702e-18	3.27118e-18	3.37644e-18	3.50369e-18	3.60781e-18	3.72604e-18	3.82368e-18	3.9372e-18	4.00478e-18	4.1114e-18	4.20304e-18	4.27341e-18	4.36301e-18	4.43816e-18	4.50862e-18	4.58241e-18	4.66322e-18	4.7268e-18	4.7881e-18	4.84875e-18	4.89891e-18	4.96218e-18	5.00611e-18	5.05861e-18	5.10527e-18	5.14816e-18	5.18323e-18	5.22241e-18	5.26108e-18	5.29387e-18	5.32233e-18	5.35543e-18	5.37101e-18	5.40668e-18	5.4243e-18	5.44363e-18	5.46277e-18	5.48128e-18	5.49031e-18	5.50945e-18	5.52251e-18	5.52975e-18	5.53935e-18	5.5497e-18	5.55865e-18	5.56234e-18	5.56854e-18	5.57271e-18	5.57722e-18	5.58378e-18	5.58674e-18	5.58964e-18	5.59251e-18	5.59395e-18	5.59755e-18	5.59755e-18	5.59755e-18	5.59755e-18	5.59755e-18	5.59755e-18
1166.89	2.07044e-14	5.56417e-18	5.52964e-18	2.14244e-21	1.909e-20	4.4028e-20	7.66687e-20	1.0085e-19	1.40988e-19	1.97342e-19	2.62275e-19	3.276e-19	3.93504e-19	4.90373e-19	5.91792e-19	6.81566e-19	7.61433e-19	8.54139e-19	9.75752e-19	1.09346e-18	1.23181e-18	1.34323e-18	1.50659e-18	1.66297e-18	1.8406e-18	1.96503e-18	2.14222e-18	2.31277e-18	2.43966e-18	2.57162e-18	2.71866e-18	2.84248e-18	2.95391e-18	3.08547e-18	3.22789e-18	3.3319e-18	3.45766e-18	3.56059e-18	3.67747e-18	3.77402e-18	3.88626e-18	3.95309e-18	4.05852e-18	4.14915e-18	4.21874e-18	4.30735e-18	4.38168e-18	4.45324e-18	4.5244e-18	4.60438e-18	4.66732e-18	4.72804e-18	4.7881e-18	4.83779e-18	4.90046e-18	4.94396e-18	4.99594e-18	5.04212e-18	5.08458e-18	5.11927e-18	5.15804e-18	5.19631e-18	5.22876e-18	5.25693e-18	5.28971e-18	5.30514e-18	5.34047e-18	5.35794e-18	5.3771e-18	5.39606e-18	5.41442e-18	5.42337e-18	5.44233e-18	5.45527e-18	5.46245e-18	5.47197e-18	5.48222e-18	5.49109e-18	5.49475e-18	5.50089e-18	5.50502e-18	5.50951e-18	5.516e-18	5.51894e-18	5.52181e-18	5.52466e-18	5.52608e-18	5.52964e-18	5.52964e-18	5.52964e-18	5.52964e-18	5.52964e-18	5.52964e-18
1169.9	2.07044e-14	5.4971e-18	5.46278e-18	2.11015e-21	1.88039e-20	4.33729e-20	7.55387e-20	9.93777e-20	1.38957e-19	1.94523e-19	2.58545e-19	3.22958e-19	3.8792e-19	4.83377e-19	5.83329e-19	6.7183e-19	7.50585e-19	8.42025e-19	9.62004e-19	1.07812e-18	1.21456e-18	1.32442e-18	1.48548e-18	1.63969e-18	1.81493e-18	1.93774e-18	2.11272e-18	2.28122e-18	2.40659e-18	2.53698e-18	2.68227e-18	2.80457e-18	2.91218e-18	3.0446e-18	3.1853e-18	3.28807e-18	3.41238e-18	3.51413e-18	3.62968e-18	3.72516e-18	3.83614e-18	3.90223e-18	4.00648e-18	4.09611e-18	4.16493e-18	4.25257e-18	4.3261e-18	4.39505e-18	4.46729e-18	4.54645e-18	4.60877e-18	4.66891e-18	4.72839e-18	4.77762e-18	4.83969e-18	4.88277e-18	4.93424e-18	4.97995e-18	5.02198e-18	5.0563e-18	5.09466e-18	5.13254e-18	5.16464e-18	5.19254e-18	5.22499e-18	5.24027e-18	5.27527e-18	5.29258e-18	5.31157e-18	5.33035e-18	5.34856e-18	5.35744e-18	5.37622e-18	5.38905e-18	5.39617e-18	5.40561e-18	5.41577e-18	5.42456e-18	5.42819e-18	5.43428e-18	5.43837e-18	5.44282e-18	5.44926e-18	5.45217e-18	5.45501e-18	5.45784e-18	5.45925e-18	5.46278e-18	5.46278e-18	5.46278e-18	5.46278e-18	5.46278e-18	5.46278e-18
1172.91	2.07044e-14	5.43104e-18	5.39692e-18	2.07838e-21	1.85224e-20	4.27289e-20	7.44282e-20	9.79307e-20	1.36961e-19	1.91754e-19	2.5488e-19	3.18397e-19	3.82433e-19	4.76503e-19	5.75012e-19	6.62261e-19	7.39923e-19	8.30118e-19	9.48491e-19	1.06304e-18	1.19759e-18	1.30593e-18	1.46474e-18	1.6168e-18	1.78969e-18	1.9109e-18	2.08371e-18	2.25018e-18	2.37407e-18	2.50292e-18	2.64646e-18	2.76729e-18	2.87359e-18	3.00439e-18	3.1434e-18	3.24496e-18	3.36782e-18	3.46841e-18	3.58265e-18	3.67707e-18	3.78681e-18	3.85217e-18	3.95527e-18	4.04391e-18	4.11198e-18	4.19865e-18	4.27138e-18	4.33959e-18	4.41108e-18	4.48942e-18	4.55113e-18	4.61069e-18	4.6696e-18	4.71837e-18	4.77985e-18	4.82252e-18	4.87349e-18	4.91874e-18	4.96034e-18	4.99431e-18	5.03226e-18	5.06974e-18	5.10151e-18	5.12912e-18	5.16125e-18	5.17639e-18	5.21105e-18	5.2282e-18	5.24703e-18	5.26563e-18	5.28369e-18	5.2925e-18	5.31111e-18	5.32384e-18	5.3309e-18	5.34026e-18	5.35033e-18	5.35904e-18	5.36263e-18	5.36867e-18	5.37273e-18	5.37715e-18	5.38353e-18	5.38642e-18	5.38923e-18	5.39203e-18	5.39343e-18	5.39692e-18	5.39692e-18	5.39692e-18	5.39692e-18	5.39692e-18	5.39692e-18
1175.92	2.07044e-14	5.36598e-18	5.33207e-18	2.04712e-21	1.82456e-20	4.20957e-20	7.3337e-20	9.65088e-20	1.35e-19	1.89033e-19	2.51279e-19	3.13914e-19	3.77041e-19	4.69748e-19	5.66839e-19	6.52857e-19	7.29444e-19	8.18414e-19	9.35206e-19	1.04822e-18	1.18092e-18	1.28776e-18	1.44434e-18	1.59431e-18	1.76488e-18	1.88452e-18	2.05518e-18	2.21966e-18	2.34207e-18	2.46942e-18	2.61125e-18	2.73061e-18	2.83563e-18	2.96484e-18	3.10218e-18	3.20254e-18	3.32397e-18	3.42342e-18	3.53636e-18	3.62974e-18	3.73826e-18	3.8029e-18	3.90486e-18	3.99252e-18	4.05985e-18	4.14557e-18	4.21752e-18	4.2868e-18	4.35573e-18	4.43328e-18	4.49437e-18	4.55336e-18	4.61171e-18	4.66002e-18	4.72093e-18	4.76319e-18	4.81368e-18	4.85847e-18	4.89966e-18	4.93326e-18	4.97081e-18	5.00791e-18	5.03933e-18	5.06667e-18	5.09848e-18	5.11346e-18	5.14779e-18	5.16479e-18	5.18345e-18	5.20189e-18	5.21979e-18	5.22853e-18	5.24698e-18	5.2596e-18	5.26661e-18	5.27589e-18	5.28587e-18	5.29451e-18	5.29807e-18	5.30405e-18	5.30808e-18	5.31246e-18	5.3188e-18	5.32166e-18	5.32445e-18	5.32722e-18	5.3286e-18	5.33207e-18	5.33207e-18	5.33207e-18	5.33207e-18	5.33207e-18	5.33207e-18
1178.93	2.07044e-14	5.3019e-18	5.26819e-18	2.01638e-21	1.79734e-20	4.14733e-20	7.22645e-20	9.51115e-20	1.33074e-19	1.8636e-19	2.4774e-19	3.0951e-19	3.71743e-19	4.63109e-19	5.58806e-19	6.43614e-19	7.19144e-19	8.06908e-19	9.22145e-19	1.03364e-18	1.16452e-18	1.2699e-18	1.4243e-18	1.5722e-18	1.74049e-18	1.85857e-18	2.02712e-18	2.18963e-18	2.3106e-18	2.43646e-18	2.57661e-18	2.69454e-18	2.79828e-18	2.92593e-18	3.06162e-18	3.1608e-18	3.28083e-18	3.37915e-18	3.49081e-18	3.58316e-18	3.69047e-18	3.7544e-18	3.85524e-18	3.94195e-18	4.00854e-18	4.09333e-18	4.16451e-18	4.23304e-18	4.30125e-18	4.37799e-18	4.43848e-18	4.49691e-18	4.5547e-18	4.60257e-18	4.6629e-18	4.70477e-18	4.75477e-18	4.79912e-18	4.8399e-18	4.87315e-18	4.91031e-18	4.94702e-18	4.9781e-18	5.00517e-18	5.03665e-18	5.05148e-18	5.08548e-18	5.10232e-18	5.12082e-18	5.13909e-18	5.15685e-18	5.16552e-18	5.1838e-18	5.19632e-18	5.20327e-18	5.21248e-18	5.22238e-18	5.23095e-18	5.23447e-18	5.24041e-18	5.2444e-18	5.24875e-18	5.25503e-18	5.25787e-18	5.26064e-18	5.26339e-18	5.26475e-18	5.26819e-18	5.26819e-18	5.26819e-18	5.26819e-18	5.26819e-18	5.26819e-18
1181.94	2.07044e-14	5.23878e-18	5.20527e-18	1.98613e-21	1.77057e-20	4.08614e-20	7.12105e-20	9.37384e-20	1.3118e-19	1.83733e-19	2.44263e-19	3.05181e-19	3.66536e-19	4.56585e-19	5.50912e-19	6.34529e-19	7.09019e-19	7.95597e-19	9.09305e-19	1.01931e-18	1.14841e-18	1.25233e-18	1.40459e-18	1.55047e-18	1.71651e-18	1.83306e-18	1.99952e-18	2.1601e-18	2.27965e-18	2.40403e-18	2.54253e-18	2.65905e-18	2.7639e-18	2.88765e-18	3.02172e-18	3.11973e-18	3.23837e-18	3.33557e-18	3.44598e-18	3.53731e-18	3.64343e-18	3.70667e-18	3.80639e-18	3.89216e-18	3.95803e-18	4.0419e-18	4.11231e-18	4.18012e-18	4.2476e-18	4.32356e-18	4.38345e-18	4.44132e-18	4.49856e-18	4.54599e-18	4.60576e-18	4.64724e-18	4.69676e-18	4.74068e-18	4.78105e-18	4.81396e-18	4.85073e-18	4.88705e-18	4.9178e-18	4.94459e-18	4.97575e-18	4.99043e-18	5.0241e-18	5.04079e-18	5.05912e-18	5.07722e-18	5.09484e-18	5.10344e-18	5.12156e-18	5.13398e-18	5.14088e-18	5.15002e-18	5.15983e-18	5.16833e-18	5.17183e-18	5.17772e-18	5.18167e-18	5.186e-18	5.19223e-18	5.19504e-18	5.19778e-18	5.20051e-18	5.20186e-18	5.20527e-18	5.20527e-18	5.20527e-18	5.20527e-18	5.20527e-18	5.20527e-18
1184.95	2.07044e-14	5.1766e-18	5.14329e-18	1.95637e-21	1.74424e-20	4.02598e-20	7.01746e-20	9.2389e-20	1.2932e-19	1.81152e-19	2.40846e-19	3.00926e-19	3.61418e-19	4.50173e-19	5.43152e-19	6.25598e-19	6.99066e-19	7.84476e-19	8.96679e-19	1.00523e-18	1.13256e-18	1.23507e-18	1.38522e-18	1.5291e-18	1.69293e-18	1.80798e-18	1.97238e-18	2.13105e-18	2.2492e-18	2.37214e-18	2.509e-18	2.62413e-18	2.7254e-18	2.84999e-18	2.98245e-18	3.07932e-18	3.19658e-18	3.29269e-18	3.40185e-18	3.49218e-18	3.59713e-18	3.65967e-18	3.75831e-18	3.84314e-18	3.90831e-18	3.99127e-18	4.06093e-18	4.12801e-18	4.19479e-18	4.26997e-18	4.32925e-18	4.38657e-18	4.44327e-18	4.49026e-18	4.54947e-18	4.59057e-18	4.63963e-18	4.68312e-18	4.7231e-18	4.75567e-18	4.79205e-18	4.828e-18	4.85841e-18	4.88493e-18	4.91576e-18	4.9303e-18	4.96364e-18	4.98017e-18	4.99834e-18	5.01628e-18	5.03375e-18	5.04228e-18	5.06025e-18	5.07257e-18	5.07942e-18	5.08849e-18	5.09821e-18	5.10665e-18	5.11012e-18	5.11596e-18	5.11988e-18	5.12418e-18	5.13035e-18	5.13315e-18	5.13587e-18	5.13857e-18	5.13991e-18	5.14329e-18	5.14329e-18	5.14329e-18	5.14329e-18	5.14329e-18	5.14329e-18
1187.96	2.07044e-14	5.11534e-18	5.08224e-18	1.92709e-21	1.71835e-20	3.96684e-20	6.91564e-20	9.10628e-20	1.27491e-19	1.78615e-19	2.37488e-19	2.96745e-19	3.56389e-19	4.43871e-19	5.35525e-19	6.1682e-19	6.89281e-19	7.73542e-19	8.84265e-19	9.91371e-19	1.11698e-18	1.2181e-18	1.36618e-18	1.50809e-18	1.66974e-18	1.78331e-18	1.94568e-18	2.10247e-18	2.21924e-18	2.34075e-18	2.47601e-18	2.58977e-18	2.69214e-18	2.81293e-18	2.94382e-18	3.03955e-18	3.15546e-18	3.25048e-18	3.35841e-18	3.44775e-18	3.55155e-18	3.61341e-18	3.71097e-18	3.79489e-18	3.85936e-18	3.94142e-18	4.01034e-18	4.0767e-18	4.14278e-18	4.21719e-18	4.27589e-18	4.33265e-18	4.38881e-18	4.43537e-18	4.49404e-18	4.53476e-18	4.58336e-18	4.62644e-18	4.66602e-18	4.69825e-18	4.73426e-18	4.76984e-18	4.79991e-18	4.82617e-18	4.85668e-18	4.87106e-18	4.90408e-18	4.92045e-18	4.93846e-18	4.95623e-18	4.97356e-18	4.98202e-18	4.99983e-18	5.01206e-18	5.01886e-18	5.02786e-18	5.0375e-18	5.04587e-18	5.04932e-18	5.05512e-18	5.05901e-18	5.06327e-18	5.0694e-18	5.07217e-18	5.07487e-18	5.07755e-18	5.07889e-18	5.08224e-18	5.08224e-18	5.08224e-18	5.08224e-18	5.08224e-18	5.08224e-18
1190.97	2.07044e-14	5.05499e-18	5.02208e-18	1.8983e-21	1.69288e-20	3.90869e-20	6.81557e-20	8.97594e-20	1.25694e-19	1.76122e-19	2.34187e-19	2.92635e-19	3.51445e-19	4.37676e-19	5.28027e-19	6.0819e-19	6.79662e-19	7.62792e-19	8.72058e-19	9.77748e-19	1.10166e-18	1.20141e-18	1.34746e-18	1.48744e-18	1.64695e-18	1.75905e-18	1.91943e-18	2.07436e-18	2.18976e-18	2.30988e-18	2.44356e-18	2.55597e-18	2.65485e-18	2.77647e-18	2.9058e-18	3.00041e-18	3.11499e-18	3.20893e-18	3.31566e-18	3.40402e-18	3.50668e-18	3.56787e-18	3.66437e-18	3.74738e-18	3.81116e-18	3.89234e-18	3.96054e-18	4.02448e-18	4.09157e-18	4.16522e-18	4.22333e-18	4.27955e-18	4.33517e-18	4.38131e-18	4.43944e-18	4.47978e-18	4.52794e-18	4.5706e-18	4.6098e-18	4.64171e-18	4.67735e-18	4.71255e-18	4.7423e-18	4.76829e-18	4.79847e-18	4.81271e-18	4.8454e-18	4.86161e-18	4.87946e-18	4.89706e-18	4.91425e-18	4.92264e-18	4.94031e-18	4.95244e-18	4.95919e-18	4.96813e-18	4.97769e-18	4.986e-18	4.98941e-18	4.99517e-18	4.99904e-18	5.00327e-18	5.00935e-18	5.0121e-18	5.01477e-18	5.01744e-18	5.01876e-18	5.02208e-18	5.02208e-18	5.02208e-18	5.02208e-18	5.02208e-18	5.02208e-18
1193.98	2.07044e-14	4.99553e-18	4.96282e-18	1.86997e-21	1.66783e-20	3.85152e-20	6.71721e-20	8.84783e-20	1.23927e-19	1.73672e-19	2.30943e-19	2.88595e-19	3.46585e-19	4.31587e-19	5.20657e-19	5.99707e-19	6.70205e-19	7.52221e-19	8.60053e-19	9.64351e-19	1.0866e-18	1.185e-18	1.32905e-18	1.46713e-18	1.62453e-18	1.73519e-18	1.8936e-18	2.0467e-18	2.16076e-18	2.2795e-18	2.41163e-18	2.52271e-18	2.62042e-18	2.74059e-18	2.86838e-18	2.9619e-18	3.07515e-18	3.16804e-18	3.27357e-18	3.36097e-18	3.4625e-18	3.52303e-18	3.61849e-18	3.70061e-18	3.76371e-18	3.84402e-18	3.91149e-18	3.97644e-18	4.04115e-18	4.11404e-18	4.17157e-18	4.22724e-18	4.28234e-18	4.32805e-18	4.38565e-18	4.42563e-18	4.47334e-18	4.5156e-18	4.55442e-18	4.58601e-18	4.62129e-18	4.65613e-18	4.68555e-18	4.71127e-18	4.74114e-18	4.75523e-18	4.78758e-18	4.80364e-18	4.82133e-18	4.83877e-18	4.85581e-18	4.86414e-18	4.88165e-18	4.89369e-18	4.9004e-18	4.90927e-18	4.91875e-18	4.927e-18	4.93039e-18	4.93611e-18	4.93995e-18	4.94414e-18	4.95018e-18	4.95291e-18	4.95557e-18	4.95821e-18	4.95953e-18	4.96282e-18	4.96282e-18	4.96282e-18	4.96282e-18	4.96282e-18	4.96282e-18
1196.99	2.07044e-14	4.93695e-18	4.90443e-18	1.8421e-21	1.6432e-20	3.79531e-20	6.62053e-20	8.72191e-20	1.22191e-19	1.71263e-19	2.27754e-19	2.84623e-19	3.41808e-19	4.25601e-19	5.13412e-19	5.91366e-19	6.60906e-19	7.41827e-19	8.48247e-19	9.51175e-19	1.07178e-18	1.16887e-18	1.31095e-18	1.44716e-18	1.60249e-18	1.71173e-18	1.86819e-18	2.01949e-18	2.13223e-18	2.2496e-18	2.3802e-18	2.48998e-18	2.58875e-18	2.70528e-18	2.83156e-18	2.92398e-18	3.03594e-18	3.12779e-18	3.23214e-18	3.31858e-18	3.41901e-18	3.47888e-18	3.57331e-18	3.65455e-18	3.71698e-18	3.79643e-18	3.8632e-18	3.92746e-18	3.99149e-18	4.06363e-18	4.1206e-18	4.17572e-18	4.2303e-18	4.27559e-18	4.33266e-18	4.37228e-18	4.41955e-18	4.46142e-18	4.49987e-18	4.53115e-18	4.56607e-18	4.60055e-18	4.62965e-18	4.65511e-18	4.68465e-18	4.6986e-18	4.73063e-18	4.74653e-18	4.76405e-18	4.78133e-18	4.79822e-18	4.80649e-18	4.82385e-18	4.83579e-18	4.84245e-18	4.85126e-18	4.86067e-18	4.86886e-18	4.87223e-18	4.87791e-18	4.88172e-18	4.88589e-18	4.89188e-18	4.89459e-18	4.89723e-18	4.89985e-18	4.90116e-18	4.90443e-18	4.90443e-18	4.90443e-18	4.90443e-18	4.90443e-18	4.90443e-18
1200	2.07044e-14	4.87922e-18	4.84689e-18	1.81468e-21	1.61898e-20	3.74004e-20	6.52549e-20	8.59814e-20	1.20484e-19	1.68896e-19	2.2462e-19	2.80719e-19	3.37112e-19	4.19717e-19	5.06289e-19	5.83166e-19	6.51763e-19	7.31605e-19	8.36636e-19	9.38216e-19	1.05721e-18	1.153e-18	1.29315e-18	1.42753e-18	1.58081e-18	1.68865e-18	1.84319e-18	1.99271e-18	2.10415e-18	2.22018e-18	2.34928e-18	2.45777e-18	2.55319e-18	2.67052e-18	2.79531e-18	2.88667e-18	2.99734e-18	3.08816e-18	3.19135e-18	3.27685e-18	3.37619e-18	3.43541e-18	3.52882e-18	3.6092e-18	3.67097e-18	3.74958e-18	3.81565e-18	3.87757e-18	3.94259e-18	4.01399e-18	4.07039e-18	4.12498e-18	4.17904e-18	4.22391e-18	4.28046e-18	4.31972e-18	4.36657e-18	4.40805e-18	4.44614e-18	4.47711e-18	4.51167e-18	4.5458e-18	4.57459e-18	4.59978e-18	4.62901e-18	4.64281e-18	4.67451e-18	4.69025e-18	4.70761e-18	4.72473e-18	4.74148e-18	4.74967e-18	4.76689e-18	4.77874e-18	4.78536e-18	4.7941e-18	4.80343e-18	4.81157e-18	4.81491e-18	4.82056e-18	4.82434e-18	4.82848e-18	4.83443e-18	4.83712e-18	4.83974e-18	4.84234e-18	4.84364e-18	4.84689e-18	4.84689e-18	4.84689e-18	4.84689e-18	4.84689e-18	4.84689e-18
