lambda (nm), Source power (W), Trans power (W), 1-R power (W), FF total power (W), Power in cone angles (1,)
400	3.31748e-14	2.5815e-14	2.96325e-14	3.04001e-13	1.52964e-13	1.55672e-13	1.59638e-13	1.64069e-13	1.68011e-13	1.73114e-13	1.77981e-13	1.82259e-13	1.88628e-13	1.94097e-13	1.99854e-13	2.07099e-13	2.14079e-13	2.2326e-13	2.29807e-13	2.36624e-13	2.42073e-13	2.47223e-13	2.51939e-13	2.56657e-13	2.61112e-13	2.64805e-13	2.68124e-13	2.71636e-13	2.75378e-13	2.79165e-13	2.82493e-13	2.855e-13	2.87635e-13	2.9e-13	2.91693e-13	2.93702e-13	2.95113e-13	2.96439e-13	2.97585e-13	2.9851e-13	2.99278e-13	2.99969e-13	3.00481e-13	3.00963e-13	3.01289e-13	3.01639e-13	3.01922e-13	3.02164e-13	3.02416e-13	3.02578e-13	3.02748e-13	3.02884e-13	3.03007e-13	3.0312e-13	3.03211e-13	3.03302e-13	3.03377e-13	3.03444e-13	3.03507e-13	3.03556e-13	3.03603e-13	3.03646e-13	3.03682e-13	3.03717e-13	3.03752e-13	3.03774e-13	3.03796e-13	3.03822e-13	3.03837e-13	3.03851e-13	3.03869e-13	3.03883e-13	3.03895e-13	3.03906e-13	3.03918e-13	3.03927e-13	3.03935e-13	3.03943e-13	3.03949e-13	3.03954e-13	3.03961e-13	3.03968e-13	3.03971e-13	3.03976e-13	3.0398e-13	3.03982e-13	3.03985e-13	3.0399e-13	3.03993e-13	3.03994e-13	3.04001e-13	3.04001e-13	3.04001e-13	3.04001e-13
403.017	3.31748e-14	2.61787e-14	2.97529e-14	2.96043e-13	1.46881e-13	1.50094e-13	1.54012e-13	1.58179e-13	1.62016e-13	1.6611e-13	1.70523e-13	1.75768e-13	1.79884e-13	1.85937e-13	1.93546e-13	2.00901e-13	2.06923e-13	2.14915e-13	2.20852e-13	2.26237e-13	2.32019e-13	2.36811e-13	2.42365e-13	2.46337e-13	2.50494e-13	2.54269e-13	2.57753e-13	2.61643e-13	2.64963e-13	2.69211e-13	2.73071e-13	2.76018e-13	2.78476e-13	2.80596e-13	2.8272e-13	2.84648e-13	2.86292e-13	2.87662e-13	2.88771e-13	2.89966e-13	2.90807e-13	2.91557e-13	2.92139e-13	2.92667e-13	2.93039e-13	2.93433e-13	2.9378e-13	2.94074e-13	2.94281e-13	2.94512e-13	2.94665e-13	2.9482e-13	2.94974e-13	2.95082e-13	2.95211e-13	2.95294e-13	2.9538e-13	2.95461e-13	2.95517e-13	2.95571e-13	2.95624e-13	2.9567e-13	2.95708e-13	2.95744e-13	2.95776e-13	2.95805e-13	2.95826e-13	2.9585e-13	2.95872e-13	2.95888e-13	2.95904e-13	2.95919e-13	2.95934e-13	2.95943e-13	2.95952e-13	2.95962e-13	2.95971e-13	2.95981e-13	2.95989e-13	2.95994e-13	2.96e-13	2.96004e-13	2.96008e-13	2.96013e-13	2.96016e-13	2.96023e-13	2.96026e-13	2.96031e-13	2.96034e-13	2.96037e-13	2.96043e-13	2.96043e-13	2.96043e-13	2.96043e-13
406.034	3.31748e-14	2.67937e-14	2.99275e-14	2.95657e-13	1.43886e-13	1.48265e-13	1.51262e-13	1.55945e-13	1.59308e-13	1.64845e-13	1.68774e-13	1.74472e-13	1.80742e-13	1.8654e-13	1.91942e-13	1.9938e-13	2.05826e-13	2.1197e-13	2.18937e-13	2.24053e-13	2.2964e-13	2.34267e-13	2.38843e-13	2.43179e-13	2.47694e-13	2.52067e-13	2.5595e-13	2.597e-13	2.63604e-13	2.66823e-13	2.70838e-13	2.74267e-13	2.76759e-13	2.7957e-13	2.81512e-13	2.83355e-13	2.85108e-13	2.86524e-13	2.87829e-13	2.88855e-13	2.89871e-13	2.90701e-13	2.9142e-13	2.92006e-13	2.92411e-13	2.92862e-13	2.93193e-13	2.93506e-13	2.93755e-13	2.93992e-13	2.94162e-13	2.94346e-13	2.94489e-13	2.94622e-13	2.94719e-13	2.94825e-13	2.94933e-13	2.95007e-13	2.95074e-13	2.95142e-13	2.952e-13	2.95242e-13	2.95291e-13	2.9533e-13	2.95363e-13	2.95398e-13	2.95421e-13	2.95449e-13	2.95472e-13	2.95495e-13	2.95511e-13	2.95524e-13	2.9554e-13	2.95553e-13	2.95566e-13	2.95576e-13	2.95586e-13	2.95592e-13	2.95599e-13	2.95605e-13	2.95613e-13	2.95621e-13	2.95625e-13	2.95634e-13	2.95638e-13	2.95643e-13	2.95646e-13	2.95649e-13	2.95651e-13	2.95653e-13	2.95657e-13	2.95657e-13	2.95657e-13	2.95657e-13
409.052	3.31748e-14	2.72321e-14	2.97362e-14	2.89028e-13	1.37042e-13	1.42473e-13	1.44687e-13	1.49011e-13	1.52164e-13	1.57149e-13	1.60968e-13	1.64739e-13	1.7144e-13	1.77007e-13	1.83037e-13	1.89415e-13	1.95442e-13	2.01176e-13	2.09102e-13	2.14191e-13	2.19826e-13	2.24984e-13	2.29791e-13	2.34469e-13	2.39077e-13	2.43169e-13	2.46845e-13	2.50547e-13	2.54571e-13	2.57843e-13	2.61227e-13	2.64978e-13	2.68572e-13	2.71243e-13	2.73618e-13	2.7548e-13	2.772e-13	2.78906e-13	2.80269e-13	2.8144e-13	2.82528e-13	2.83397e-13	2.84184e-13	2.8482e-13	2.8535e-13	2.85855e-13	2.8622e-13	2.86581e-13	2.86891e-13	2.87111e-13	2.8733e-13	2.87518e-13	2.87711e-13	2.87841e-13	2.87974e-13	2.88091e-13	2.88186e-13	2.88278e-13	2.88373e-13	2.88444e-13	2.88503e-13	2.88568e-13	2.88617e-13	2.8866e-13	2.88706e-13	2.88736e-13	2.88767e-13	2.88794e-13	2.88821e-13	2.88842e-13	2.88868e-13	2.88884e-13	2.889e-13	2.88914e-13	2.88925e-13	2.88937e-13	2.88949e-13	2.8896e-13	2.88969e-13	2.88976e-13	2.88982e-13	2.88987e-13	2.88993e-13	2.88998e-13	2.89001e-13	2.89006e-13	2.89009e-13	2.89015e-13	2.89018e-13	2.8902e-13	2.89028e-13	2.89028e-13	2.89028e-13	2.89028e-13
412.069	3.31748e-14	2.77301e-14	2.9775e-14	2.85415e-13	1.2939e-13	1.35005e-13	1.37578e-13	1.41009e-13	1.43803e-13	1.48396e-13	1.52139e-13	1.56882e-13	1.63006e-13	1.68364e-13	1.74759e-13	1.80955e-13	1.88426e-13	1.93491e-13	2.0058e-13	2.06176e-13	2.11516e-13	2.17177e-13	2.21021e-13	2.25847e-13	2.30469e-13	2.35118e-13	2.38924e-13	2.43587e-13	2.47208e-13	2.51088e-13	2.55193e-13	2.58924e-13	2.62299e-13	2.65867e-13	2.68039e-13	2.70286e-13	2.72309e-13	2.73928e-13	2.75378e-13	2.76848e-13	2.78058e-13	2.79026e-13	2.79915e-13	2.80673e-13	2.81288e-13	2.81859e-13	2.82306e-13	2.82683e-13	2.83019e-13	2.833e-13	2.83538e-13	2.83769e-13	2.83965e-13	2.8411e-13	2.84262e-13	2.84384e-13	2.8451e-13	2.846e-13	2.84691e-13	2.84772e-13	2.84854e-13	2.84917e-13	2.84966e-13	2.85018e-13	2.85066e-13	2.851e-13	2.85137e-13	2.85173e-13	2.85199e-13	2.85222e-13	2.85242e-13	2.85261e-13	2.85277e-13	2.85295e-13	2.85311e-13	2.85326e-13	2.85339e-13	2.85348e-13	2.85355e-13	2.85365e-13	2.85371e-13	2.85375e-13	2.85378e-13	2.85385e-13	2.85389e-13	2.85394e-13	2.85396e-13	2.85403e-13	2.85406e-13	2.85407e-13	2.85415e-13	2.85415e-13	2.85415e-13	2.85415e-13
415.086	3.31748e-14	2.83294e-14	3.02472e-14	2.84322e-13	1.28067e-13	1.33261e-13	1.36843e-13	1.40287e-13	1.43155e-13	1.47704e-13	1.52042e-13	1.56444e-13	1.62011e-13	1.67928e-13	1.73831e-13	1.79673e-13	1.86159e-13	1.92066e-13	1.98326e-13	2.05194e-13	2.10345e-13	2.14865e-13	2.19284e-13	2.23842e-13	2.28185e-13	2.32864e-13	2.36811e-13	2.414e-13	2.45488e-13	2.49435e-13	2.53431e-13	2.56687e-13	2.60234e-13	2.63691e-13	2.66411e-13	2.68774e-13	2.70578e-13	2.72364e-13	2.73931e-13	2.75263e-13	2.76502e-13	2.77545e-13	2.78398e-13	2.79236e-13	2.79957e-13	2.80498e-13	2.81009e-13	2.81457e-13	2.81796e-13	2.82126e-13	2.82343e-13	2.82602e-13	2.82799e-13	2.82978e-13	2.83122e-13	2.83268e-13	2.83384e-13	2.83471e-13	2.83575e-13	2.8365e-13	2.83725e-13	2.83799e-13	2.83857e-13	2.83908e-13	2.83951e-13	2.83995e-13	2.84028e-13	2.84061e-13	2.84089e-13	2.84112e-13	2.8414e-13	2.84162e-13	2.8418e-13	2.84196e-13	2.84207e-13	2.84218e-13	2.84229e-13	2.8424e-13	2.84248e-13	2.84256e-13	2.84265e-13	2.84272e-13	2.84277e-13	2.84286e-13	2.8429e-13	2.84299e-13	2.84302e-13	2.84309e-13	2.84312e-13	2.84316e-13	2.84322e-13	2.84322e-13	2.84322e-13	2.84322e-13
418.103	3.31748e-14	2.8548e-14	3.02595e-14	2.81961e-13	1.27152e-13	1.31155e-13	1.35294e-13	1.39414e-13	1.43233e-13	1.47201e-13	1.51199e-13	1.55668e-13	1.60863e-13	1.66053e-13	1.71893e-13	1.77079e-13	1.83505e-13	1.90142e-13	1.96046e-13	2.02512e-13	2.07634e-13	2.12148e-13	2.16955e-13	2.21569e-13	2.26543e-13	2.31619e-13	2.35748e-13	2.39911e-13	2.43737e-13	2.47542e-13	2.51074e-13	2.5405e-13	2.57103e-13	2.60556e-13	2.63674e-13	2.6605e-13	2.68091e-13	2.69677e-13	2.71272e-13	2.72699e-13	2.73916e-13	2.74932e-13	2.75875e-13	2.76659e-13	2.77385e-13	2.78049e-13	2.78554e-13	2.78955e-13	2.79362e-13	2.79665e-13	2.79918e-13	2.80175e-13	2.80396e-13	2.80581e-13	2.80735e-13	2.8087e-13	2.81001e-13	2.81088e-13	2.81183e-13	2.81265e-13	2.81346e-13	2.81416e-13	2.81481e-13	2.81539e-13	2.81588e-13	2.81625e-13	2.81655e-13	2.81694e-13	2.8172e-13	2.81748e-13	2.81772e-13	2.81794e-13	2.81815e-13	2.81833e-13	2.81849e-13	2.81866e-13	2.8188e-13	2.81893e-13	2.81903e-13	2.81909e-13	2.8192e-13	2.81927e-13	2.81932e-13	2.81936e-13	2.81941e-13	2.81946e-13	2.81949e-13	2.81953e-13	2.81954e-13	2.81957e-13	2.81961e-13	2.81961e-13	2.81961e-13	2.81961e-13
421.121	3.31748e-14	2.80824e-14	2.97926e-14	2.69717e-13	1.17111e-13	1.19459e-13	1.22971e-13	1.26902e-13	1.31078e-13	1.3489e-13	1.39229e-13	1.43493e-13	1.47195e-13	1.52952e-13	1.58444e-13	1.63744e-13	1.69631e-13	1.76102e-13	1.80594e-13	1.8733e-13	1.92452e-13	1.96959e-13	2.02651e-13	2.07035e-13	2.12199e-13	2.16496e-13	2.21298e-13	2.25022e-13	2.28887e-13	2.32924e-13	2.36134e-13	2.39606e-13	2.42851e-13	2.46597e-13	2.49604e-13	2.52344e-13	2.54446e-13	2.56338e-13	2.57856e-13	2.59262e-13	2.60675e-13	2.61775e-13	2.62838e-13	2.63743e-13	2.6451e-13	2.65183e-13	2.65802e-13	2.6628e-13	2.66705e-13	2.67101e-13	2.67391e-13	2.67654e-13	2.67878e-13	2.68085e-13	2.68245e-13	2.68421e-13	2.68565e-13	2.6869e-13	2.68802e-13	2.68902e-13	2.68983e-13	2.69069e-13	2.69138e-13	2.69203e-13	2.69258e-13	2.69316e-13	2.69356e-13	2.69393e-13	2.69425e-13	2.69458e-13	2.69483e-13	2.69507e-13	2.69527e-13	2.69546e-13	2.69562e-13	2.6958e-13	2.69595e-13	2.69608e-13	2.69621e-13	2.69631e-13	2.69644e-13	2.69655e-13	2.6966e-13	2.69671e-13	2.69674e-13	2.69686e-13	2.6969e-13	2.69699e-13	2.69704e-13	2.69708e-13	2.69717e-13	2.69717e-13	2.69717e-13	2.69717e-13
424.138	3.31748e-14	2.78721e-14	2.98804e-14	2.59209e-13	1.07169e-13	1.0835e-13	1.10901e-13	1.13854e-13	1.17195e-13	1.20879e-13	1.2537e-13	1.28869e-13	1.32573e-13	1.38327e-13	1.43631e-13	1.49039e-13	1.55337e-13	1.61817e-13	1.66715e-13	1.72875e-13	1.79416e-13	1.84202e-13	1.8905e-13	1.93556e-13	1.98155e-13	2.01935e-13	2.06132e-13	2.10532e-13	2.14276e-13	2.18719e-13	2.22511e-13	2.26512e-13	2.29687e-13	2.33159e-13	2.36643e-13	2.39771e-13	2.42167e-13	2.44213e-13	2.45853e-13	2.47417e-13	2.4901e-13	2.50232e-13	2.51399e-13	2.52401e-13	2.53252e-13	2.5396e-13	2.54651e-13	2.55296e-13	2.55775e-13	2.56222e-13	2.56613e-13	2.56919e-13	2.57173e-13	2.57427e-13	2.57648e-13	2.57815e-13	2.57998e-13	2.5813e-13	2.5823e-13	2.58354e-13	2.58429e-13	2.58521e-13	2.58583e-13	2.58655e-13	2.58712e-13	2.58765e-13	2.58804e-13	2.58859e-13	2.58893e-13	2.58923e-13	2.58955e-13	2.58985e-13	2.59008e-13	2.59028e-13	2.59051e-13	2.59069e-13	2.59085e-13	2.59098e-13	2.59112e-13	2.59122e-13	2.59134e-13	2.59145e-13	2.59152e-13	2.59161e-13	2.59166e-13	2.59176e-13	2.59182e-13	2.5919e-13	2.59196e-13	2.59199e-13	2.59209e-13	2.59209e-13	2.59209e-13	2.59209e-13
427.155	3.31748e-14	2.84701e-14	3.05906e-14	2.60907e-13	1.08363e-13	1.09059e-13	1.11155e-13	1.1352e-13	1.16214e-13	1.19801e-13	1.24226e-13	1.27645e-13	1.31295e-13	1.36948e-13	1.42529e-13	1.48371e-13	1.54538e-13	1.61109e-13	1.66338e-13	1.71796e-13	1.77797e-13	1.82903e-13	1.87775e-13	1.92086e-13	1.95609e-13	1.99442e-13	2.03709e-13	2.0893e-13	2.13341e-13	2.18108e-13	2.22821e-13	2.26209e-13	2.29971e-13	2.3361e-13	2.36604e-13	2.39654e-13	2.42407e-13	2.44626e-13	2.46697e-13	2.48422e-13	2.49978e-13	2.51386e-13	2.52566e-13	2.53588e-13	2.54486e-13	2.55276e-13	2.55959e-13	2.56649e-13	2.57232e-13	2.57648e-13	2.58059e-13	2.58425e-13	2.58696e-13	2.58946e-13	2.59188e-13	2.59368e-13	2.59539e-13	2.59698e-13	2.59819e-13	2.59941e-13	2.60046e-13	2.60142e-13	2.6022e-13	2.60289e-13	2.60355e-13	2.60413e-13	2.60461e-13	2.6051e-13	2.60554e-13	2.60596e-13	2.60629e-13	2.6066e-13	2.60688e-13	2.60712e-13	2.60734e-13	2.60756e-13	2.60773e-13	2.60789e-13	2.60803e-13	2.60813e-13	2.60827e-13	2.60839e-13	2.60846e-13	2.60857e-13	2.60862e-13	2.60874e-13	2.60878e-13	2.60887e-13	2.60892e-13	2.60895e-13	2.60907e-13	2.60907e-13	2.60907e-13	2.60907e-13
430.172	3.31748e-14	2.88244e-14	3.09701e-14	2.63296e-13	1.16854e-13	1.17734e-13	1.20116e-13	1.22832e-13	1.25807e-13	1.29651e-13	1.34301e-13	1.38177e-13	1.41816e-13	1.47221e-13	1.52738e-13	1.58293e-13	1.64047e-13	1.69852e-13	1.753e-13	1.79407e-13	1.85068e-13	1.8995e-13	1.93673e-13	1.97501e-13	2.01393e-13	2.06007e-13	2.10752e-13	2.15725e-13	2.19816e-13	2.24289e-13	2.28499e-13	2.31648e-13	2.34869e-13	2.37716e-13	2.40434e-13	2.43517e-13	2.46209e-13	2.48455e-13	2.50227e-13	2.51953e-13	2.53285e-13	2.54586e-13	2.5567e-13	2.56563e-13	2.57437e-13	2.58271e-13	2.58937e-13	2.59492e-13	2.60004e-13	2.6045e-13	2.60787e-13	2.61114e-13	2.61426e-13	2.6164e-13	2.61833e-13	2.62023e-13	2.62143e-13	2.62279e-13	2.62397e-13	2.62494e-13	2.62579e-13	2.62642e-13	2.62726e-13	2.62778e-13	2.62832e-13	2.62871e-13	2.62916e-13	2.62954e-13	2.62987e-13	2.63017e-13	2.63046e-13	2.63075e-13	2.63098e-13	2.63118e-13	2.63139e-13	2.63156e-13	2.63172e-13	2.63185e-13	2.63201e-13	2.63209e-13	2.63223e-13	2.63233e-13	2.6324e-13	2.6325e-13	2.63255e-13	2.63266e-13	2.63269e-13	2.63278e-13	2.63283e-13	2.63285e-13	2.63296e-13	2.63296e-13	2.63296e-13	2.63296e-13
433.19	3.31748e-14	2.83146e-14	3.0321e-14	2.59705e-13	1.18124e-13	1.19784e-13	1.22788e-13	1.26215e-13	1.29537e-13	1.33319e-13	1.37704e-13	1.41147e-13	1.45036e-13	1.49694e-13	1.5486e-13	1.59603e-13	1.6399e-13	1.70022e-13	1.75025e-13	1.78669e-13	1.83754e-13	1.88246e-13	1.92324e-13	1.9652e-13	2.00962e-13	2.05622e-13	2.10186e-13	2.14583e-13	2.18827e-13	2.22416e-13	2.26078e-13	2.29224e-13	2.31847e-13	2.34818e-13	2.37392e-13	2.40121e-13	2.4281e-13	2.45155e-13	2.47154e-13	2.4869e-13	2.49926e-13	2.50969e-13	2.51939e-13	2.53025e-13	2.53784e-13	2.54584e-13	2.55287e-13	2.55833e-13	2.56324e-13	2.56735e-13	2.57117e-13	2.57447e-13	2.57725e-13	2.57997e-13	2.58165e-13	2.58332e-13	2.58482e-13	2.58603e-13	2.58745e-13	2.58852e-13	2.58962e-13	2.59036e-13	2.59109e-13	2.59179e-13	2.59242e-13	2.59294e-13	2.59342e-13	2.59387e-13	2.59428e-13	2.59463e-13	2.59496e-13	2.59522e-13	2.59546e-13	2.59571e-13	2.59591e-13	2.59606e-13	2.5962e-13	2.59632e-13	2.59642e-13	2.5965e-13	2.59659e-13	2.59666e-13	2.59672e-13	2.59677e-13	2.59681e-13	2.59687e-13	2.59691e-13	2.59695e-13	2.59697e-13	2.59699e-13	2.59705e-13	2.59705e-13	2.59705e-13	2.59705e-13
436.207	3.31748e-14	2.82136e-14	2.95559e-14	2.59896e-13	1.08956e-13	1.11687e-13	1.15127e-13	1.18836e-13	1.21765e-13	1.2487e-13	1.28583e-13	1.31675e-13	1.35727e-13	1.39962e-13	1.44511e-13	1.49304e-13	1.54297e-13	1.59924e-13	1.65838e-13	1.69866e-13	1.74607e-13	1.79491e-13	1.84428e-13	1.88629e-13	1.94405e-13	1.98671e-13	2.03259e-13	2.07546e-13	2.12057e-13	2.15678e-13	2.19272e-13	2.23035e-13	2.26055e-13	2.29564e-13	2.32924e-13	2.36167e-13	2.39413e-13	2.42093e-13	2.44341e-13	2.45913e-13	2.47616e-13	2.48819e-13	2.50091e-13	2.51302e-13	2.52445e-13	2.53323e-13	2.54149e-13	2.54808e-13	2.55373e-13	2.55926e-13	2.56436e-13	2.56901e-13	2.57282e-13	2.57579e-13	2.57864e-13	2.58046e-13	2.58256e-13	2.58444e-13	2.58603e-13	2.58759e-13	2.58873e-13	2.58994e-13	2.59098e-13	2.59195e-13	2.59273e-13	2.59349e-13	2.59402e-13	2.59455e-13	2.59503e-13	2.59535e-13	2.59579e-13	2.59611e-13	2.5964e-13	2.59665e-13	2.59694e-13	2.59721e-13	2.59744e-13	2.59765e-13	2.59782e-13	2.59794e-13	2.59811e-13	2.59823e-13	2.59832e-13	2.59844e-13	2.59852e-13	2.59861e-13	2.59868e-13	2.59877e-13	2.59882e-13	2.59886e-13	2.59896e-13	2.59896e-13	2.59896e-13	2.59896e-13
439.224	3.31748e-14	2.87486e-14	2.96393e-14	2.67054e-13	1.01561e-13	1.05415e-13	1.09007e-13	1.1243e-13	1.14712e-13	1.1722e-13	1.20943e-13	1.24371e-13	1.28315e-13	1.32268e-13	1.37467e-13	1.41959e-13	1.47422e-13	1.53176e-13	1.59896e-13	1.64528e-13	1.69376e-13	1.74871e-13	1.80777e-13	1.86241e-13	1.91448e-13	1.95936e-13	2.00106e-13	2.03815e-13	2.08131e-13	2.12862e-13	2.16991e-13	2.21585e-13	2.26438e-13	2.30727e-13	2.3488e-13	2.38466e-13	2.41914e-13	2.44925e-13	2.47606e-13	2.49756e-13	2.51479e-13	2.53242e-13	2.54922e-13	2.56435e-13	2.57831e-13	2.58933e-13	2.59782e-13	2.60679e-13	2.61379e-13	2.62064e-13	2.62714e-13	2.63304e-13	2.63817e-13	2.64193e-13	2.64528e-13	2.64835e-13	2.65063e-13	2.65307e-13	2.65526e-13	2.65721e-13	2.65867e-13	2.65998e-13	2.6612e-13	2.66241e-13	2.66332e-13	2.66418e-13	2.66478e-13	2.66555e-13	2.66609e-13	2.66667e-13	2.66718e-13	2.66758e-13	2.66803e-13	2.66834e-13	2.66862e-13	2.66891e-13	2.66913e-13	2.66932e-13	2.66949e-13	2.66968e-13	2.66981e-13	2.66992e-13	2.67e-13	2.67009e-13	2.67016e-13	2.67023e-13	2.67028e-13	2.67036e-13	2.6704e-13	2.67044e-13	2.67054e-13	2.67054e-13	2.67054e-13	2.67054e-13
442.241	3.31748e-14	2.92407e-14	3.03695e-14	2.75245e-13	1.03336e-13	1.08335e-13	1.11963e-13	1.15058e-13	1.1705e-13	1.1961e-13	1.23767e-13	1.27404e-13	1.31012e-13	1.34483e-13	1.40369e-13	1.45363e-13	1.51774e-13	1.57764e-13	1.6477e-13	1.69576e-13	1.74584e-13	1.80899e-13	1.86642e-13	1.91139e-13	1.94981e-13	1.98807e-13	2.02597e-13	2.06814e-13	2.11173e-13	2.1796e-13	2.22398e-13	2.27909e-13	2.33083e-13	2.37557e-13	2.41699e-13	2.45299e-13	2.48181e-13	2.51282e-13	2.53861e-13	2.56384e-13	2.586e-13	2.60713e-13	2.62627e-13	2.64156e-13	2.65456e-13	2.66559e-13	2.67479e-13	2.68357e-13	2.69334e-13	2.69987e-13	2.70648e-13	2.71283e-13	2.71751e-13	2.72172e-13	2.72532e-13	2.72873e-13	2.73215e-13	2.73452e-13	2.73676e-13	2.73855e-13	2.74039e-13	2.74171e-13	2.74309e-13	2.74406e-13	2.74511e-13	2.74583e-13	2.74662e-13	2.74731e-13	2.74797e-13	2.74861e-13	2.74908e-13	2.74948e-13	2.74987e-13	2.7501e-13	2.75044e-13	2.75066e-13	2.75086e-13	2.75104e-13	2.75119e-13	2.75135e-13	2.75152e-13	2.75165e-13	2.75174e-13	2.7519e-13	2.75196e-13	2.75209e-13	2.75216e-13	2.75226e-13	2.75231e-13	2.75236e-13	2.75245e-13	2.75245e-13	2.75245e-13	2.75245e-13
445.259	3.31748e-14	2.96137e-14	3.09346e-14	2.83287e-13	1.16994e-13	1.23531e-13	1.2702e-13	1.30064e-13	1.32433e-13	1.3538e-13	1.39652e-13	1.43458e-13	1.47094e-13	1.50489e-13	1.56627e-13	1.62407e-13	1.68046e-13	1.73786e-13	1.80583e-13	1.85471e-13	1.89864e-13	1.94776e-13	1.9969e-13	2.02783e-13	2.05737e-13	2.09589e-13	2.13225e-13	2.18561e-13	2.23892e-13	2.30393e-13	2.35416e-13	2.3997e-13	2.44575e-13	2.4873e-13	2.51896e-13	2.55201e-13	2.57792e-13	2.605e-13	2.63245e-13	2.65994e-13	2.68326e-13	2.70065e-13	2.7183e-13	2.73096e-13	2.74193e-13	2.75214e-13	2.76181e-13	2.76959e-13	2.77814e-13	2.78661e-13	2.79159e-13	2.79694e-13	2.80088e-13	2.80456e-13	2.80852e-13	2.81161e-13	2.81452e-13	2.81699e-13	2.81873e-13	2.82054e-13	2.82199e-13	2.82343e-13	2.82457e-13	2.82565e-13	2.82649e-13	2.82722e-13	2.82791e-13	2.82849e-13	2.82911e-13	2.82956e-13	2.83003e-13	2.83042e-13	2.83069e-13	2.83095e-13	2.83119e-13	2.83138e-13	2.83157e-13	2.83178e-13	2.83196e-13	2.83209e-13	2.83224e-13	2.83236e-13	2.83244e-13	2.83253e-13	2.8326e-13	2.83266e-13	2.8327e-13	2.83274e-13	2.8328e-13	2.83282e-13	2.83287e-13	2.83287e-13	2.83287e-13	2.83287e-13
448.276	3.31748e-14	2.96789e-14	3.04945e-14	2.88535e-13	1.36342e-13	1.44718e-13	1.47693e-13	1.50954e-13	1.54041e-13	1.56908e-13	1.60963e-13	1.65125e-13	1.68576e-13	1.71901e-13	1.77456e-13	1.82828e-13	1.87856e-13	1.92354e-13	1.97839e-13	2.0281e-13	2.06321e-13	2.09641e-13	2.12923e-13	2.15995e-13	2.19505e-13	2.23435e-13	2.28323e-13	2.3422e-13	2.39382e-13	2.44216e-13	2.4887e-13	2.52731e-13	2.56089e-13	2.59534e-13	2.6183e-13	2.64409e-13	2.66935e-13	2.69194e-13	2.71649e-13	2.73705e-13	2.75961e-13	2.77614e-13	2.78799e-13	2.79971e-13	2.8084e-13	2.81725e-13	2.825e-13	2.83337e-13	2.84018e-13	2.84571e-13	2.85151e-13	2.85531e-13	2.85877e-13	2.86175e-13	2.86476e-13	2.86782e-13	2.87006e-13	2.87204e-13	2.87369e-13	2.87501e-13	2.87629e-13	2.87734e-13	2.87826e-13	2.87914e-13	2.8798e-13	2.88048e-13	2.881e-13	2.8816e-13	2.8821e-13	2.88248e-13	2.8829e-13	2.88311e-13	2.88343e-13	2.88366e-13	2.88387e-13	2.88409e-13	2.88429e-13	2.88446e-13	2.88458e-13	2.88468e-13	2.8848e-13	2.88488e-13	2.88493e-13	2.88499e-13	2.88504e-13	2.88509e-13	2.88513e-13	2.88519e-13	2.88523e-13	2.88526e-13	2.88535e-13	2.88535e-13	2.88535e-13	2.88535e-13
451.293	3.31748e-14	2.8924e-14	2.94691e-14	2.84642e-13	1.40315e-13	1.49207e-13	1.51396e-13	1.5498e-13	1.5816e-13	1.60476e-13	1.64391e-13	1.68637e-13	1.71494e-13	1.74686e-13	1.79199e-13	1.83766e-13	1.881e-13	1.92615e-13	1.96956e-13	2.01515e-13	2.04912e-13	2.07377e-13	2.11068e-13	2.1519e-13	2.19321e-13	2.24697e-13	2.29886e-13	2.34257e-13	2.38948e-13	2.43185e-13	2.47281e-13	2.50279e-13	2.52957e-13	2.56088e-13	2.5847e-13	2.60956e-13	2.63371e-13	2.65557e-13	2.67978e-13	2.70501e-13	2.72259e-13	2.73704e-13	2.74824e-13	2.75927e-13	2.76699e-13	2.77635e-13	2.78504e-13	2.79338e-13	2.80029e-13	2.80551e-13	2.80961e-13	2.81425e-13	2.81758e-13	2.82114e-13	2.82447e-13	2.82701e-13	2.82966e-13	2.83157e-13	2.83324e-13	2.83456e-13	2.8362e-13	2.83734e-13	2.83849e-13	2.83936e-13	2.84015e-13	2.84065e-13	2.84143e-13	2.842e-13	2.84253e-13	2.84303e-13	2.84341e-13	2.84376e-13	2.84412e-13	2.84433e-13	2.84463e-13	2.84488e-13	2.84509e-13	2.84527e-13	2.84541e-13	2.84556e-13	2.84566e-13	2.84575e-13	2.8458e-13	2.8459e-13	2.84597e-13	2.84607e-13	2.84612e-13	2.84621e-13	2.84627e-13	2.8463e-13	2.84642e-13	2.84642e-13	2.84642e-13	2.84642e-13
454.31	3.31748e-14	2.79878e-14	2.90593e-14	2.77843e-13	1.23528e-13	1.3117e-13	1.32829e-13	1.36401e-13	1.39061e-13	1.41089e-13	1.44636e-13	1.48461e-13	1.50951e-13	1.54143e-13	1.58146e-13	1.62065e-13	1.66739e-13	1.71086e-13	1.75861e-13	1.80773e-13	1.84317e-13	1.87424e-13	1.91935e-13	1.9719e-13	2.02424e-13	2.0808e-13	2.13868e-13	2.18026e-13	2.21964e-13	2.25565e-13	2.29505e-13	2.32929e-13	2.35959e-13	2.39682e-13	2.43131e-13	2.4629e-13	2.49876e-13	2.52742e-13	2.55709e-13	2.58494e-13	2.60723e-13	2.62509e-13	2.64017e-13	2.65184e-13	2.66742e-13	2.67973e-13	2.69278e-13	2.70325e-13	2.71197e-13	2.71881e-13	2.72456e-13	2.73033e-13	2.73638e-13	2.74152e-13	2.74618e-13	2.75025e-13	2.75325e-13	2.75641e-13	2.75872e-13	2.76121e-13	2.76319e-13	2.76536e-13	2.76671e-13	2.76804e-13	2.76927e-13	2.77029e-13	2.7713e-13	2.77219e-13	2.77301e-13	2.77363e-13	2.7742e-13	2.77472e-13	2.77514e-13	2.77557e-13	2.77599e-13	2.7763e-13	2.77659e-13	2.77684e-13	2.77708e-13	2.77724e-13	2.7774e-13	2.77755e-13	2.77767e-13	2.77782e-13	2.77789e-13	2.778e-13	2.77806e-13	2.77819e-13	2.77824e-13	2.77829e-13	2.77843e-13	2.77843e-13	2.77843e-13	2.77843e-13
457.328	3.31748e-14	2.79123e-14	2.92123e-14	2.80271e-13	1.08398e-13	1.14607e-13	1.16182e-13	1.19421e-13	1.21569e-13	1.23724e-13	1.26711e-13	1.30143e-13	1.32485e-13	1.35696e-13	1.39492e-13	1.43346e-13	1.48487e-13	1.53412e-13	1.58616e-13	1.63792e-13	1.68351e-13	1.72247e-13	1.78124e-13	1.85527e-13	1.91101e-13	1.95992e-13	2.00553e-13	2.04835e-13	2.08796e-13	2.12542e-13	2.16428e-13	2.21688e-13	2.2605e-13	2.30542e-13	2.35309e-13	2.39742e-13	2.4398e-13	2.48357e-13	2.51537e-13	2.54654e-13	2.57392e-13	2.5954e-13	2.61467e-13	2.63399e-13	2.65066e-13	2.67217e-13	2.689e-13	2.70241e-13	2.71295e-13	2.72234e-13	2.72863e-13	2.7368e-13	2.74634e-13	2.75331e-13	2.75914e-13	2.76416e-13	2.76855e-13	2.77195e-13	2.77585e-13	2.77928e-13	2.78253e-13	2.78498e-13	2.78741e-13	2.78889e-13	2.79057e-13	2.79201e-13	2.79325e-13	2.79459e-13	2.79561e-13	2.79652e-13	2.79733e-13	2.79791e-13	2.79856e-13	2.79911e-13	2.79956e-13	2.79997e-13	2.80041e-13	2.80071e-13	2.80093e-13	2.80116e-13	2.80142e-13	2.80162e-13	2.80174e-13	2.80192e-13	2.80202e-13	2.80217e-13	2.80228e-13	2.80241e-13	2.80251e-13	2.80256e-13	2.80271e-13	2.80271e-13	2.80271e-13	2.80271e-13
460.345	3.31748e-14	2.8477e-14	2.9459e-14	2.90623e-13	1.04709e-13	1.10057e-13	1.11814e-13	1.14645e-13	1.16736e-13	1.19125e-13	1.21844e-13	1.2503e-13	1.2737e-13	1.30839e-13	1.34377e-13	1.3874e-13	1.44429e-13	1.49976e-13	1.55727e-13	1.61759e-13	1.67158e-13	1.71656e-13	1.77572e-13	1.84637e-13	1.90606e-13	1.95019e-13	1.98716e-13	2.02394e-13	2.05721e-13	2.1073e-13	2.16099e-13	2.22615e-13	2.28047e-13	2.33559e-13	2.39786e-13	2.45678e-13	2.50474e-13	2.54212e-13	2.58116e-13	2.60844e-13	2.6375e-13	2.66318e-13	2.68809e-13	2.71394e-13	2.73766e-13	2.75957e-13	2.77597e-13	2.79061e-13	2.80215e-13	2.81109e-13	2.82292e-13	2.83124e-13	2.84099e-13	2.84978e-13	2.85693e-13	2.86204e-13	2.866e-13	2.87051e-13	2.87491e-13	2.87911e-13	2.88232e-13	2.8859e-13	2.88838e-13	2.89049e-13	2.8924e-13	2.8941e-13	2.89564e-13	2.89707e-13	2.89813e-13	2.89928e-13	2.90016e-13	2.90096e-13	2.90163e-13	2.90219e-13	2.9028e-13	2.90326e-13	2.90366e-13	2.90399e-13	2.90437e-13	2.90466e-13	2.90489e-13	2.90501e-13	2.90518e-13	2.90539e-13	2.90554e-13	2.90569e-13	2.90578e-13	2.90592e-13	2.90603e-13	2.90609e-13	2.90623e-13	2.90623e-13	2.90623e-13	2.90623e-13
463.362	3.31748e-14	2.87424e-14	2.96031e-14	2.99352e-13	1.10933e-13	1.15979e-13	1.18075e-13	1.20563e-13	1.22986e-13	1.25447e-13	1.28146e-13	1.3106e-13	1.33812e-13	1.37389e-13	1.409e-13	1.45727e-13	1.52036e-13	1.58084e-13	1.63956e-13	1.70457e-13	1.76451e-13	1.81158e-13	1.85599e-13	1.91947e-13	1.96301e-13	1.9973e-13	2.0281e-13	2.06819e-13	2.10732e-13	2.17024e-13	2.23416e-13	2.29694e-13	2.36498e-13	2.42529e-13	2.48137e-13	2.54282e-13	2.5836e-13	2.62181e-13	2.65641e-13	2.68236e-13	2.71207e-13	2.74286e-13	2.76771e-13	2.79918e-13	2.82652e-13	2.84517e-13	2.86251e-13	2.8757e-13	2.88641e-13	2.89677e-13	2.90593e-13	2.91925e-13	2.92776e-13	2.93678e-13	2.94378e-13	2.94912e-13	2.95356e-13	2.95748e-13	2.96219e-13	2.96646e-13	2.97052e-13	2.97287e-13	2.97533e-13	2.97737e-13	2.97932e-13	2.9816e-13	2.98293e-13	2.98446e-13	2.98556e-13	2.9864e-13	2.98746e-13	2.98821e-13	2.989e-13	2.98967e-13	2.99011e-13	2.99055e-13	2.99096e-13	2.99137e-13	2.99175e-13	2.99196e-13	2.99221e-13	2.99243e-13	2.99264e-13	2.99277e-13	2.99287e-13	2.99297e-13	2.99307e-13	2.99321e-13	2.9933e-13	2.99338e-13	2.99352e-13	2.99352e-13	2.99352e-13	2.99352e-13
466.379	3.31748e-14	2.79523e-14	2.93911e-14	2.98039e-13	1.24068e-13	1.29122e-13	1.31794e-13	1.33986e-13	1.36854e-13	1.39151e-13	1.42136e-13	1.44891e-13	1.48208e-13	1.5158e-13	1.55288e-13	1.59992e-13	1.65875e-13	1.7203e-13	1.77205e-13	1.82637e-13	1.88635e-13	1.92902e-13	1.96354e-13	1.99888e-13	2.02921e-13	2.06053e-13	2.09132e-13	2.1341e-13	2.18576e-13	2.25502e-13	2.31312e-13	2.37559e-13	2.43647e-13	2.48947e-13	2.53809e-13	2.58501e-13	2.62266e-13	2.65095e-13	2.67956e-13	2.70568e-13	2.73202e-13	2.75755e-13	2.78972e-13	2.81378e-13	2.83453e-13	2.85149e-13	2.86398e-13	2.87543e-13	2.88474e-13	2.89488e-13	2.9063e-13	2.91517e-13	2.92389e-13	2.93096e-13	2.93716e-13	2.9422e-13	2.94585e-13	2.95007e-13	2.95377e-13	2.95737e-13	2.96039e-13	2.96301e-13	2.96494e-13	2.96676e-13	2.96845e-13	2.96977e-13	2.97138e-13	2.97259e-13	2.97363e-13	2.97444e-13	2.97516e-13	2.97584e-13	2.97647e-13	2.97696e-13	2.97741e-13	2.97795e-13	2.97826e-13	2.97854e-13	2.97879e-13	2.97905e-13	2.97933e-13	2.97955e-13	2.97969e-13	2.9798e-13	2.97991e-13	2.98e-13	2.98011e-13	2.98019e-13	2.98023e-13	2.9803e-13	2.98039e-13	2.98039e-13	2.98039e-13	2.98039e-13
469.397	3.31748e-14	2.66285e-14	2.86941e-14	2.91141e-13	1.43948e-13	1.49033e-13	1.5247e-13	1.54474e-13	1.57563e-13	1.59652e-13	1.62802e-13	1.65593e-13	1.69048e-13	1.72222e-13	1.75444e-13	1.79714e-13	1.84074e-13	1.89116e-13	1.93201e-13	1.97597e-13	2.02137e-13	2.04992e-13	2.07225e-13	2.09792e-13	2.1239e-13	2.15137e-13	2.18785e-13	2.23835e-13	2.30036e-13	2.34768e-13	2.40359e-13	2.45903e-13	2.50335e-13	2.54128e-13	2.57354e-13	2.6063e-13	2.63804e-13	2.65825e-13	2.68074e-13	2.70258e-13	2.72198e-13	2.74569e-13	2.77164e-13	2.78824e-13	2.80385e-13	2.81511e-13	2.82346e-13	2.83248e-13	2.83883e-13	2.84751e-13	2.85637e-13	2.86387e-13	2.86999e-13	2.87443e-13	2.87875e-13	2.88201e-13	2.88602e-13	2.88871e-13	2.89189e-13	2.89432e-13	2.89672e-13	2.89819e-13	2.89973e-13	2.90113e-13	2.90242e-13	2.90363e-13	2.90452e-13	2.90546e-13	2.90619e-13	2.90677e-13	2.90746e-13	2.90795e-13	2.9084e-13	2.9088e-13	2.90918e-13	2.90946e-13	2.90972e-13	2.90998e-13	2.91019e-13	2.91033e-13	2.9105e-13	2.91066e-13	2.91078e-13	2.91093e-13	2.91102e-13	2.91112e-13	2.91119e-13	2.91124e-13	2.91127e-13	2.91131e-13	2.91141e-13	2.91141e-13	2.91141e-13	2.91141e-13
472.414	3.31748e-14	2.62972e-14	2.78974e-14	2.93984e-13	1.65867e-13	1.71081e-13	1.75284e-13	1.7732e-13	1.80534e-13	1.82748e-13	1.85934e-13	1.88892e-13	1.9222e-13	1.95236e-13	1.979e-13	2.0178e-13	2.0513e-13	2.09348e-13	2.12736e-13	2.15932e-13	2.19504e-13	2.21749e-13	2.23759e-13	2.26059e-13	2.28491e-13	2.31969e-13	2.36917e-13	2.41587e-13	2.47081e-13	2.51061e-13	2.55903e-13	2.59246e-13	2.62332e-13	2.65527e-13	2.67712e-13	2.70168e-13	2.72101e-13	2.74081e-13	2.75872e-13	2.77473e-13	2.79389e-13	2.81156e-13	2.82725e-13	2.84206e-13	2.85206e-13	2.86158e-13	2.86868e-13	2.87496e-13	2.88279e-13	2.88952e-13	2.89647e-13	2.9018e-13	2.90669e-13	2.91055e-13	2.91301e-13	2.91554e-13	2.91798e-13	2.92123e-13	2.92349e-13	2.92555e-13	2.92734e-13	2.92866e-13	2.92978e-13	2.93093e-13	2.93226e-13	2.93327e-13	2.93421e-13	2.93486e-13	2.93541e-13	2.93596e-13	2.93638e-13	2.93683e-13	2.93727e-13	2.93758e-13	2.93786e-13	2.93812e-13	2.93836e-13	2.93857e-13	2.93874e-13	2.93887e-13	2.93901e-13	2.93912e-13	2.93918e-13	2.93928e-13	2.93934e-13	2.93947e-13	2.93952e-13	2.93965e-13	2.93968e-13	2.93972e-13	2.93984e-13	2.93984e-13	2.93984e-13	2.93984e-13
475.431	3.31748e-14	2.74743e-14	2.77848e-14	3.1071e-13	1.70964e-13	1.76077e-13	1.80591e-13	1.8289e-13	1.86069e-13	1.8858e-13	1.91899e-13	1.95164e-13	1.98479e-13	2.01218e-13	2.03931e-13	2.07758e-13	2.11069e-13	2.1504e-13	2.19026e-13	2.22241e-13	2.26091e-13	2.28758e-13	2.31046e-13	2.33266e-13	2.37282e-13	2.42788e-13	2.48004e-13	2.52984e-13	2.58346e-13	2.6288e-13	2.66795e-13	2.69282e-13	2.72381e-13	2.75737e-13	2.78042e-13	2.8036e-13	2.83001e-13	2.85338e-13	2.87261e-13	2.8982e-13	2.92401e-13	2.94185e-13	2.96031e-13	2.97649e-13	2.9892e-13	3.00022e-13	3.00827e-13	3.01711e-13	3.02799e-13	3.0396e-13	3.04767e-13	3.05409e-13	3.05981e-13	3.06423e-13	3.06817e-13	3.07163e-13	3.07592e-13	3.07987e-13	3.08355e-13	3.08601e-13	3.08836e-13	3.09012e-13	3.09199e-13	3.09395e-13	3.09572e-13	3.09729e-13	3.09867e-13	3.09979e-13	3.10058e-13	3.10138e-13	3.10219e-13	3.10287e-13	3.1034e-13	3.1039e-13	3.10434e-13	3.10473e-13	3.10503e-13	3.10533e-13	3.10556e-13	3.10583e-13	3.10606e-13	3.10624e-13	3.10634e-13	3.10651e-13	3.10659e-13	3.10668e-13	3.10675e-13	3.10685e-13	3.10691e-13	3.10694e-13	3.1071e-13	3.1071e-13	3.1071e-13	3.1071e-13
478.448	3.31748e-14	2.83514e-14	2.82711e-14	3.22021e-13	1.53977e-13	1.58427e-13	1.6244e-13	1.64975e-13	1.67787e-13	1.70162e-13	1.73448e-13	1.76734e-13	1.79899e-13	1.82266e-13	1.85122e-13	1.88925e-13	1.92254e-13	1.96417e-13	2.01166e-13	2.05597e-13	2.09909e-13	2.13143e-13	2.15761e-13	2.19228e-13	2.25109e-13	2.32963e-13	2.38728e-13	2.44027e-13	2.49277e-13	2.53933e-13	2.57259e-13	2.61032e-13	2.64555e-13	2.68484e-13	2.72641e-13	2.75913e-13	2.79675e-13	2.83117e-13	2.87019e-13	2.90511e-13	2.94098e-13	2.97151e-13	2.99099e-13	3.01125e-13	3.03071e-13	3.04527e-13	3.06187e-13	3.07962e-13	3.09551e-13	3.11237e-13	3.12488e-13	3.13609e-13	3.14356e-13	3.15037e-13	3.1566e-13	3.16487e-13	3.17161e-13	3.17759e-13	3.18229e-13	3.18741e-13	3.18993e-13	3.1932e-13	3.19591e-13	3.1992e-13	3.20212e-13	3.20426e-13	3.20657e-13	3.20794e-13	3.20938e-13	3.21095e-13	3.21211e-13	3.21327e-13	3.21442e-13	3.21519e-13	3.21575e-13	3.21643e-13	3.21694e-13	3.21748e-13	3.21788e-13	3.21821e-13	3.2186e-13	3.21885e-13	3.21909e-13	3.21932e-13	3.21947e-13	3.21966e-13	3.21977e-13	3.21988e-13	3.22e-13	3.22009e-13	3.22021e-13	3.22021e-13	3.22021e-13	3.22021e-13
481.466	3.31748e-14	2.80585e-14	2.86122e-14	3.20654e-13	1.30692e-13	1.34552e-13	1.37776e-13	1.40254e-13	1.42657e-13	1.44746e-13	1.47667e-13	1.50621e-13	1.53328e-13	1.55468e-13	1.58382e-13	1.61749e-13	1.64962e-13	1.69845e-13	1.75368e-13	1.80188e-13	1.84409e-13	1.88308e-13	1.91634e-13	1.96623e-13	2.04002e-13	2.12822e-13	2.17889e-13	2.23611e-13	2.27461e-13	2.31743e-13	2.35322e-13	2.40442e-13	2.44867e-13	2.4908e-13	2.55204e-13	2.5997e-13	2.64436e-13	2.69812e-13	2.75507e-13	2.79886e-13	2.84157e-13	2.87904e-13	2.90249e-13	2.9268e-13	2.95002e-13	2.97097e-13	2.99626e-13	3.01886e-13	3.04671e-13	3.06368e-13	3.08322e-13	3.09496e-13	3.1052e-13	3.11272e-13	3.1225e-13	3.13288e-13	3.14381e-13	3.15055e-13	3.15764e-13	3.1626e-13	3.16753e-13	3.17132e-13	3.17564e-13	3.17932e-13	3.18277e-13	3.18579e-13	3.18812e-13	3.19059e-13	3.19211e-13	3.19392e-13	3.19598e-13	3.19737e-13	3.19857e-13	3.19977e-13	3.20083e-13	3.20171e-13	3.20228e-13	3.20295e-13	3.20352e-13	3.20396e-13	3.2044e-13	3.20477e-13	3.20507e-13	3.20532e-13	3.20556e-13	3.20575e-13	3.20594e-13	3.20611e-13	3.20621e-13	3.20632e-13	3.20654e-13	3.20654e-13	3.20654e-13	3.20654e-13
484.483	3.31748e-14	2.74408e-14	2.84735e-14	3.17868e-13	1.15563e-13	1.19244e-13	1.21816e-13	1.24084e-13	1.26149e-13	1.28142e-13	1.30587e-13	1.33215e-13	1.35479e-13	1.37394e-13	1.40435e-13	1.43126e-13	1.46565e-13	1.52054e-13	1.58367e-13	1.6293e-13	1.67095e-13	1.7152e-13	1.76665e-13	1.81828e-13	1.89612e-13	1.96303e-13	2.02071e-13	2.06755e-13	2.10001e-13	2.14435e-13	2.18602e-13	2.24356e-13	2.29432e-13	2.35475e-13	2.41494e-13	2.47399e-13	2.53758e-13	2.59495e-13	2.66287e-13	2.72105e-13	2.76224e-13	2.79691e-13	2.82952e-13	2.85475e-13	2.88098e-13	2.90841e-13	2.93571e-13	2.97339e-13	2.99553e-13	3.01574e-13	3.03308e-13	3.04949e-13	3.05909e-13	3.06974e-13	3.08261e-13	3.09524e-13	3.10529e-13	3.11467e-13	3.12198e-13	3.12773e-13	3.13226e-13	3.13882e-13	3.14336e-13	3.14836e-13	3.15183e-13	3.15516e-13	3.15798e-13	3.16001e-13	3.1624e-13	3.16484e-13	3.16642e-13	3.16814e-13	3.16986e-13	3.17102e-13	3.17185e-13	3.17308e-13	3.17411e-13	3.17488e-13	3.17543e-13	3.17598e-13	3.17638e-13	3.17677e-13	3.17708e-13	3.17741e-13	3.17765e-13	3.17788e-13	3.17808e-13	3.17821e-13	3.17834e-13	3.1785e-13	3.17868e-13	3.17868e-13	3.17868e-13	3.17868e-13
487.5	3.31748e-14	2.71489e-14	2.79572e-14	3.20552e-13	1.10453e-13	1.14329e-13	1.16517e-13	1.18712e-13	1.20624e-13	1.22599e-13	1.24666e-13	1.27204e-13	1.2929e-13	1.31002e-13	1.34055e-13	1.36486e-13	1.40169e-13	1.46114e-13	1.52753e-13	1.57046e-13	1.61804e-13	1.67178e-13	1.73993e-13	1.79507e-13	1.84729e-13	1.90567e-13	1.95154e-13	1.99137e-13	2.02396e-13	2.07252e-13	2.12644e-13	2.18859e-13	2.25291e-13	2.32558e-13	2.38854e-13	2.4538e-13	2.52526e-13	2.58702e-13	2.65974e-13	2.72373e-13	2.75922e-13	2.79472e-13	2.82548e-13	2.85279e-13	2.88355e-13	2.9162e-13	2.95588e-13	2.98685e-13	3.0135e-13	3.03358e-13	3.04869e-13	3.06203e-13	3.07206e-13	3.08585e-13	3.10153e-13	3.11557e-13	3.12543e-13	3.13628e-13	3.14312e-13	3.14883e-13	3.15495e-13	3.16077e-13	3.16845e-13	3.17296e-13	3.1777e-13	3.18087e-13	3.18304e-13	3.18592e-13	3.18848e-13	3.19042e-13	3.19308e-13	3.19483e-13	3.19622e-13	3.19749e-13	3.19861e-13	3.1996e-13	3.20037e-13	3.20119e-13	3.20195e-13	3.20259e-13	3.20303e-13	3.2035e-13	3.20385e-13	3.20414e-13	3.20443e-13	3.20461e-13	3.20479e-13	3.20496e-13	3.20512e-13	3.20527e-13	3.20552e-13	3.20552e-13	3.20552e-13	3.20552e-13
490.517	3.31748e-14	2.69038e-14	2.70702e-14	3.24986e-13	1.15295e-13	1.19659e-13	1.21727e-13	1.23882e-13	1.25822e-13	1.27828e-13	1.29617e-13	1.32182e-13	1.34492e-13	1.36235e-13	1.39324e-13	1.41952e-13	1.45822e-13	1.51902e-13	1.58411e-13	1.62754e-13	1.67583e-13	1.73969e-13	1.81412e-13	1.86031e-13	1.89777e-13	1.93798e-13	1.97212e-13	2.00801e-13	2.04909e-13	2.09957e-13	2.16876e-13	2.2304e-13	2.31064e-13	2.38751e-13	2.45635e-13	2.52976e-13	2.59033e-13	2.65268e-13	2.71671e-13	2.767e-13	2.80889e-13	2.83954e-13	2.86815e-13	2.89751e-13	2.92672e-13	2.96673e-13	3.0061e-13	3.0362e-13	3.06418e-13	3.08008e-13	3.09578e-13	3.1058e-13	3.11819e-13	3.12958e-13	3.14799e-13	3.1606e-13	3.17269e-13	3.18098e-13	3.18786e-13	3.193e-13	3.19918e-13	3.206e-13	3.21151e-13	3.21773e-13	3.22159e-13	3.22528e-13	3.22767e-13	3.23012e-13	3.23269e-13	3.2353e-13	3.23726e-13	3.23907e-13	3.24074e-13	3.24194e-13	3.24298e-13	3.2441e-13	3.24482e-13	3.24557e-13	3.24618e-13	3.24662e-13	3.24731e-13	3.24778e-13	3.24814e-13	3.24842e-13	3.24865e-13	3.24897e-13	3.24919e-13	3.24938e-13	3.24952e-13	3.24961e-13	3.24986e-13	3.24986e-13	3.24986e-13	3.24986e-13
493.534	3.31748e-14	2.61718e-14	2.60195e-14	3.24569e-13	1.27036e-13	1.31904e-13	1.33853e-13	1.36015e-13	1.38142e-13	1.40146e-13	1.41651e-13	1.44135e-13	1.46662e-13	1.48773e-13	1.51869e-13	1.54695e-13	1.58623e-13	1.64112e-13	1.70641e-13	1.74985e-13	1.79527e-13	1.86402e-13	1.92557e-13	1.95937e-13	1.98808e-13	2.01549e-13	2.04527e-13	2.07746e-13	2.13454e-13	2.18577e-13	2.26644e-13	2.33102e-13	2.40425e-13	2.46603e-13	2.54028e-13	2.6083e-13	2.6655e-13	2.71442e-13	2.77237e-13	2.81005e-13	2.84738e-13	2.87447e-13	2.90146e-13	2.92814e-13	2.9584e-13	2.99677e-13	3.02822e-13	3.05451e-13	3.07492e-13	3.09533e-13	3.10608e-13	3.11673e-13	3.12913e-13	3.14269e-13	3.15503e-13	3.16681e-13	3.17695e-13	3.18545e-13	3.19028e-13	3.19569e-13	3.20028e-13	3.20666e-13	3.21222e-13	3.21637e-13	3.2211e-13	3.22387e-13	3.22595e-13	3.22837e-13	3.23051e-13	3.23248e-13	3.23458e-13	3.23597e-13	3.2374e-13	3.2387e-13	3.23956e-13	3.24043e-13	3.24132e-13	3.24202e-13	3.24254e-13	3.24302e-13	3.24336e-13	3.24375e-13	3.24404e-13	3.24447e-13	3.24474e-13	3.24495e-13	3.24513e-13	3.24525e-13	3.24534e-13	3.24542e-13	3.24569e-13	3.24569e-13	3.24569e-13	3.24569e-13
496.552	3.31748e-14	2.45798e-14	2.50589e-14	3.14123e-13	1.44509e-13	1.50118e-13	1.52128e-13	1.5426e-13	1.56515e-13	1.58708e-13	1.6027e-13	1.62644e-13	1.65059e-13	1.67564e-13	1.70511e-13	1.73134e-13	1.77057e-13	1.81248e-13	1.86687e-13	1.90696e-13	1.94803e-13	2.00194e-13	2.03745e-13	2.05946e-13	2.08126e-13	2.1064e-13	2.13335e-13	2.16887e-13	2.2328e-13	2.28345e-13	2.35324e-13	2.41895e-13	2.46995e-13	2.52785e-13	2.58481e-13	2.6368e-13	2.68693e-13	2.72286e-13	2.75855e-13	2.78952e-13	2.82004e-13	2.84268e-13	2.86578e-13	2.89018e-13	2.92005e-13	2.94245e-13	2.96498e-13	2.98786e-13	3.00537e-13	3.01811e-13	3.02748e-13	3.03704e-13	3.04843e-13	3.06127e-13	3.07083e-13	3.07994e-13	3.08791e-13	3.09358e-13	3.09797e-13	3.10183e-13	3.10666e-13	3.11049e-13	3.11485e-13	3.11844e-13	3.12124e-13	3.12373e-13	3.1255e-13	3.12731e-13	3.12898e-13	3.13051e-13	3.13199e-13	3.13338e-13	3.13442e-13	3.13513e-13	3.13601e-13	3.13698e-13	3.13756e-13	3.13811e-13	3.13857e-13	3.13907e-13	3.13943e-13	3.13971e-13	3.13994e-13	3.14014e-13	3.14028e-13	3.14052e-13	3.14065e-13	3.14082e-13	3.14097e-13	3.14108e-13	3.14123e-13	3.14123e-13	3.14123e-13	3.14123e-13
499.569	3.31748e-14	2.28189e-14	2.4565e-14	3.01308e-13	1.65391e-13	1.71927e-13	1.74122e-13	1.76371e-13	1.7864e-13	1.81028e-13	1.82785e-13	1.85355e-13	1.87679e-13	1.90356e-13	1.92934e-13	1.95341e-13	1.98757e-13	2.01679e-13	2.05235e-13	2.08715e-13	2.12038e-13	2.14788e-13	2.16876e-13	2.18467e-13	2.20204e-13	2.2256e-13	2.25353e-13	2.29877e-13	2.35218e-13	2.40313e-13	2.45871e-13	2.51075e-13	2.54497e-13	2.5904e-13	2.62478e-13	2.65977e-13	2.69602e-13	2.7201e-13	2.74401e-13	2.76768e-13	2.78694e-13	2.80426e-13	2.82296e-13	2.84086e-13	2.86209e-13	2.87646e-13	2.89105e-13	2.90409e-13	2.91666e-13	2.92397e-13	2.93202e-13	2.93848e-13	2.94781e-13	2.95606e-13	2.96418e-13	2.96978e-13	2.97554e-13	2.979e-13	2.98196e-13	2.98478e-13	2.98835e-13	2.99169e-13	2.99408e-13	2.99678e-13	2.99896e-13	3.00022e-13	3.0016e-13	3.00292e-13	3.00408e-13	3.00529e-13	3.00624e-13	3.00725e-13	3.00802e-13	3.0087e-13	3.00926e-13	3.00979e-13	3.01034e-13	3.01078e-13	3.01114e-13	3.01144e-13	3.01177e-13	3.01198e-13	3.01219e-13	3.01234e-13	3.01245e-13	3.01264e-13	3.01273e-13	3.01286e-13	3.01294e-13	3.01298e-13	3.01308e-13	3.01308e-13	3.01308e-13	3.01308e-13
502.586	3.31748e-14	2.23177e-14	2.47975e-14	3.03638e-13	1.88597e-13	1.96331e-13	1.98956e-13	2.0141e-13	2.03588e-13	2.06139e-13	2.07981e-13	2.10825e-13	2.13253e-13	2.16031e-13	2.18214e-13	2.20538e-13	2.23746e-13	2.26192e-13	2.28737e-13	2.31674e-13	2.34396e-13	2.36125e-13	2.3781e-13	2.39301e-13	2.40958e-13	2.43023e-13	2.46395e-13	2.51222e-13	2.54954e-13	2.59829e-13	2.63999e-13	2.68188e-13	2.70881e-13	2.73675e-13	2.75881e-13	2.7829e-13	2.80449e-13	2.82309e-13	2.83916e-13	2.85466e-13	2.87081e-13	2.8837e-13	2.89823e-13	2.91352e-13	2.92746e-13	2.93921e-13	2.94725e-13	2.9558e-13	2.96381e-13	2.96916e-13	2.9742e-13	2.98018e-13	2.98765e-13	2.99366e-13	2.99915e-13	3.00481e-13	3.00817e-13	3.01077e-13	3.01297e-13	3.01568e-13	3.01804e-13	3.02024e-13	3.02224e-13	3.02377e-13	3.02515e-13	3.02614e-13	3.02711e-13	3.02839e-13	3.02948e-13	3.03013e-13	3.03117e-13	3.03179e-13	3.03225e-13	3.0328e-13	3.03329e-13	3.03381e-13	3.03411e-13	3.03445e-13	3.03475e-13	3.03502e-13	3.03523e-13	3.03541e-13	3.03552e-13	3.03575e-13	3.03587e-13	3.03604e-13	3.0361e-13	3.03617e-13	3.03621e-13	3.03625e-13	3.03638e-13	3.03638e-13	3.03638e-13	3.03638e-13
505.603	3.31748e-14	2.39511e-14	2.57743e-14	3.31329e-13	2.0451e-13	2.1346e-13	2.1663e-13	2.19434e-13	2.21672e-13	2.24698e-13	2.26773e-13	2.30104e-13	2.32867e-13	2.359e-13	2.37893e-13	2.40407e-13	2.43525e-13	2.46021e-13	2.48779e-13	2.52371e-13	2.55166e-13	2.56941e-13	2.59004e-13	2.60801e-13	2.62466e-13	2.6502e-13	2.69406e-13	2.74433e-13	2.78325e-13	2.83502e-13	2.8724e-13	2.90641e-13	2.93371e-13	2.95753e-13	2.98307e-13	3.00597e-13	3.02251e-13	3.04499e-13	3.06274e-13	3.07843e-13	3.09659e-13	3.11346e-13	3.13684e-13	3.15534e-13	3.17054e-13	3.18399e-13	3.19424e-13	3.20389e-13	3.2113e-13	3.21927e-13	3.22577e-13	3.23998e-13	3.24782e-13	3.25582e-13	3.26177e-13	3.26774e-13	3.27279e-13	3.27614e-13	3.27914e-13	3.28341e-13	3.28741e-13	3.29047e-13	3.29344e-13	3.2959e-13	3.29748e-13	3.29898e-13	3.30038e-13	3.30202e-13	3.30382e-13	3.3051e-13	3.30611e-13	3.30706e-13	3.30776e-13	3.30834e-13	3.30902e-13	3.30963e-13	3.31021e-13	3.31073e-13	3.31113e-13	3.31142e-13	3.31173e-13	3.31201e-13	3.31221e-13	3.31245e-13	3.31257e-13	3.31269e-13	3.3128e-13	3.31294e-13	3.31302e-13	3.3131e-13	3.31329e-13	3.31329e-13	3.31329e-13	3.31329e-13
508.621	3.31748e-14	2.6562e-14	2.69858e-14	3.69029e-13	2.00844e-13	2.10336e-13	2.13721e-13	2.16682e-13	2.1899e-13	2.22472e-13	2.24696e-13	2.28394e-13	2.31378e-13	2.34482e-13	2.36397e-13	2.39139e-13	2.4191e-13	2.4481e-13	2.48092e-13	2.5372e-13	2.56916e-13	2.58982e-13	2.61583e-13	2.63995e-13	2.66203e-13	2.70557e-13	2.77181e-13	2.82862e-13	2.8902e-13	2.94971e-13	2.98541e-13	3.02034e-13	3.05793e-13	3.08686e-13	3.1314e-13	3.16366e-13	3.19022e-13	3.22238e-13	3.24894e-13	3.27714e-13	3.30723e-13	3.34322e-13	3.38681e-13	3.41501e-13	3.44062e-13	3.46229e-13	3.48149e-13	3.49277e-13	3.50673e-13	3.52207e-13	3.5397e-13	3.55616e-13	3.57824e-13	3.58824e-13	3.59982e-13	3.60794e-13	3.61568e-13	3.6214e-13	3.62903e-13	3.63661e-13	3.64342e-13	3.64948e-13	3.65433e-13	3.65838e-13	3.6618e-13	3.6642e-13	3.66745e-13	3.67056e-13	3.6727e-13	3.6754e-13	3.67817e-13	3.67959e-13	3.68087e-13	3.68221e-13	3.68324e-13	3.68408e-13	3.6851e-13	3.68587e-13	3.6866e-13	3.68722e-13	3.68777e-13	3.68819e-13	3.68851e-13	3.68896e-13	3.68924e-13	3.68942e-13	3.68958e-13	3.6898e-13	3.68995e-13	3.69007e-13	3.69029e-13	3.69029e-13	3.69029e-13	3.69029e-13
511.638	3.31748e-14	2.77451e-14	2.76471e-14	3.85898e-13	1.75384e-13	1.8433e-13	1.8742e-13	1.90065e-13	1.92181e-13	1.956e-13	1.97645e-13	2.0114e-13	2.03916e-13	2.06589e-13	2.08416e-13	2.11145e-13	2.13513e-13	2.16766e-13	2.21063e-13	2.27528e-13	2.30726e-13	2.3328e-13	2.36026e-13	2.39295e-13	2.43431e-13	2.49526e-13	2.56572e-13	2.64458e-13	2.72272e-13	2.78293e-13	2.82328e-13	2.86824e-13	2.91026e-13	2.9567e-13	3.01707e-13	3.05698e-13	3.10377e-13	3.14276e-13	3.18472e-13	3.23223e-13	3.27613e-13	3.3436e-13	3.40563e-13	3.45742e-13	3.48849e-13	3.51751e-13	3.54256e-13	3.56059e-13	3.57964e-13	3.60434e-13	3.64042e-13	3.66761e-13	3.69174e-13	3.70878e-13	3.72459e-13	3.73489e-13	3.74269e-13	3.75347e-13	3.76372e-13	3.77843e-13	3.78893e-13	3.79761e-13	3.80602e-13	3.8116e-13	3.81643e-13	3.82088e-13	3.8254e-13	3.83028e-13	3.83409e-13	3.83769e-13	3.84055e-13	3.84333e-13	3.8454e-13	3.84699e-13	3.84931e-13	3.85066e-13	3.8518e-13	3.85281e-13	3.8536e-13	3.85446e-13	3.85538e-13	3.85592e-13	3.85648e-13	3.8568e-13	3.85723e-13	3.85763e-13	3.85795e-13	3.85822e-13	3.8585e-13	3.8587e-13	3.85898e-13	3.85898e-13	3.85898e-13	3.85898e-13
514.655	3.31748e-14	2.70293e-14	2.74912e-14	3.77752e-13	1.45846e-13	1.53642e-13	1.56367e-13	1.58589e-13	1.60339e-13	1.63158e-13	1.64855e-13	1.67731e-13	1.70072e-13	1.72303e-13	1.73893e-13	1.76414e-13	1.78412e-13	1.81591e-13	1.86883e-13	1.92894e-13	1.95652e-13	1.98562e-13	2.01744e-13	2.06449e-13	2.13823e-13	2.20717e-13	2.27046e-13	2.36351e-13	2.42896e-13	2.4731e-13	2.52294e-13	2.56735e-13	2.61732e-13	2.67779e-13	2.74084e-13	2.7985e-13	2.85225e-13	2.89883e-13	2.95989e-13	3.01399e-13	3.07907e-13	3.16219e-13	3.23296e-13	3.29197e-13	3.32179e-13	3.36007e-13	3.38655e-13	3.41e-13	3.4303e-13	3.46884e-13	3.51314e-13	3.5518e-13	3.57232e-13	3.59838e-13	3.61431e-13	3.62767e-13	3.63579e-13	3.64886e-13	3.66433e-13	3.67873e-13	3.69156e-13	3.70235e-13	3.71299e-13	3.7195e-13	3.72414e-13	3.73015e-13	3.73739e-13	3.74247e-13	3.74751e-13	3.75225e-13	3.75577e-13	3.75821e-13	3.76093e-13	3.76359e-13	3.76545e-13	3.76755e-13	3.76917e-13	3.77041e-13	3.77152e-13	3.77231e-13	3.77331e-13	3.77402e-13	3.77474e-13	3.77532e-13	3.77585e-13	3.77621e-13	3.77657e-13	3.77683e-13	3.77703e-13	3.77722e-13	3.77752e-13	3.77752e-13	3.77752e-13	3.77752e-13
517.672	3.31748e-14	2.55329e-14	2.67601e-14	3.60496e-13	1.24319e-13	1.31037e-13	1.33432e-13	1.35394e-13	1.36916e-13	1.39039e-13	1.40522e-13	1.42833e-13	1.44831e-13	1.46843e-13	1.4828e-13	1.50585e-13	1.5237e-13	1.55393e-13	1.61477e-13	1.66199e-13	1.68974e-13	1.72069e-13	1.7611e-13	1.83238e-13	1.921e-13	1.9823e-13	2.039e-13	2.11062e-13	2.15491e-13	2.19153e-13	2.25137e-13	2.29492e-13	2.35263e-13	2.4278e-13	2.48666e-13	2.55516e-13	2.61578e-13	2.67677e-13	2.74095e-13	2.80897e-13	2.88056e-13	2.95454e-13	3.02775e-13	3.08205e-13	3.11893e-13	3.1514e-13	3.18059e-13	3.20558e-13	3.23431e-13	3.27513e-13	3.32111e-13	3.35678e-13	3.38561e-13	3.40852e-13	3.43032e-13	3.44056e-13	3.45159e-13	3.4643e-13	3.4843e-13	3.4989e-13	3.51e-13	3.525e-13	3.53496e-13	3.54182e-13	3.54778e-13	3.55306e-13	3.56008e-13	3.56691e-13	3.57158e-13	3.57696e-13	3.58117e-13	3.58401e-13	3.58621e-13	3.58946e-13	3.59224e-13	3.5942e-13	3.59554e-13	3.59715e-13	3.59859e-13	3.59952e-13	3.60029e-13	3.60104e-13	3.60172e-13	3.60237e-13	3.60289e-13	3.60344e-13	3.6039e-13	3.60419e-13	3.60437e-13	3.60457e-13	3.60496e-13	3.60496e-13	3.60496e-13	3.60496e-13
520.69	3.31748e-14	2.42343e-14	2.57041e-14	3.47323e-13	1.1145e-13	1.17437e-13	1.1964e-13	1.21416e-13	1.22863e-13	1.24721e-13	1.26079e-13	1.27861e-13	1.29561e-13	1.31405e-13	1.3285e-13	1.35025e-13	1.36725e-13	1.39508e-13	1.45486e-13	1.49245e-13	1.52362e-13	1.56214e-13	1.61459e-13	1.69536e-13	1.78491e-13	1.8374e-13	1.88707e-13	1.93533e-13	1.96857e-13	2.00776e-13	2.0691e-13	2.12435e-13	2.18959e-13	2.27344e-13	2.32721e-13	2.39869e-13	2.45411e-13	2.52965e-13	2.60125e-13	2.67772e-13	2.75411e-13	2.8316e-13	2.89301e-13	2.94071e-13	2.98576e-13	3.01211e-13	3.04354e-13	3.07054e-13	3.10398e-13	3.14045e-13	3.18993e-13	3.2202e-13	3.25558e-13	3.27923e-13	3.29953e-13	3.3111e-13	3.3235e-13	3.33809e-13	3.35522e-13	3.37059e-13	3.38224e-13	3.39481e-13	3.40381e-13	3.40948e-13	3.41597e-13	3.42371e-13	3.42982e-13	3.43611e-13	3.44141e-13	3.44495e-13	3.44896e-13	3.4518e-13	3.45462e-13	3.45738e-13	3.45969e-13	3.46234e-13	3.46453e-13	3.46568e-13	3.46669e-13	3.46778e-13	3.46887e-13	3.46958e-13	3.47014e-13	3.47078e-13	3.47127e-13	3.47163e-13	3.47205e-13	3.4723e-13	3.47258e-13	3.47285e-13	3.47323e-13	3.47323e-13	3.47323e-13	3.47323e-13
523.707	3.31748e-14	2.34625e-14	2.4433e-14	3.42312e-13	1.07383e-13	1.13028e-13	1.15161e-13	1.16824e-13	1.18285e-13	1.2e-13	1.21265e-13	1.22764e-13	1.24264e-13	1.25961e-13	1.27402e-13	1.29454e-13	1.31223e-13	1.35021e-13	1.39676e-13	1.43222e-13	1.47142e-13	1.52768e-13	1.57848e-13	1.65819e-13	1.74553e-13	1.7882e-13	1.82531e-13	1.85985e-13	1.89245e-13	1.93703e-13	2.00163e-13	2.06924e-13	2.13577e-13	2.21445e-13	2.27538e-13	2.33923e-13	2.40173e-13	2.47879e-13	2.55032e-13	2.64469e-13	2.71602e-13	2.78312e-13	2.8371e-13	2.88503e-13	2.92712e-13	2.95728e-13	2.98727e-13	3.01767e-13	3.05715e-13	3.10242e-13	3.13492e-13	3.16403e-13	3.19965e-13	3.22528e-13	3.23887e-13	3.25494e-13	3.26707e-13	3.28762e-13	3.303e-13	3.31683e-13	3.33475e-13	3.34446e-13	3.35257e-13	3.35905e-13	3.36526e-13	3.37306e-13	3.38021e-13	3.38563e-13	3.39158e-13	3.39645e-13	3.39934e-13	3.40199e-13	3.40526e-13	3.40781e-13	3.41016e-13	3.41188e-13	3.41376e-13	3.41575e-13	3.41704e-13	3.41782e-13	3.41856e-13	3.41939e-13	3.42015e-13	3.4207e-13	3.42123e-13	3.42169e-13	3.42199e-13	3.42232e-13	3.42249e-13	3.42269e-13	3.42312e-13	3.42312e-13	3.42312e-13	3.42312e-13
526.724	3.31748e-14	2.31113e-14	2.30788e-14	3.44607e-13	1.09561e-13	1.15306e-13	1.1742e-13	1.19083e-13	1.20523e-13	1.22247e-13	1.23521e-13	1.25064e-13	1.26598e-13	1.28222e-13	1.29903e-13	1.31948e-13	1.33959e-13	1.38845e-13	1.42974e-13	1.46685e-13	1.52762e-13	1.58006e-13	1.62803e-13	1.71075e-13	1.7781e-13	1.81035e-13	1.8417e-13	1.87158e-13	1.90963e-13	1.96395e-13	2.02973e-13	2.11694e-13	2.1826e-13	2.25175e-13	2.32268e-13	2.3771e-13	2.45433e-13	2.51829e-13	2.59571e-13	2.69737e-13	2.77359e-13	2.825e-13	2.87535e-13	2.91937e-13	2.95408e-13	2.99172e-13	3.01831e-13	3.05456e-13	3.10065e-13	3.14233e-13	3.16688e-13	3.19903e-13	3.22267e-13	3.24647e-13	3.25874e-13	3.27304e-13	3.29011e-13	3.30983e-13	3.32867e-13	3.34147e-13	3.35673e-13	3.36953e-13	3.37551e-13	3.38185e-13	3.38885e-13	3.39604e-13	3.40287e-13	3.40904e-13	3.41386e-13	3.41885e-13	3.42253e-13	3.42471e-13	3.4278e-13	3.43068e-13	3.43293e-13	3.43543e-13	3.43703e-13	3.43824e-13	3.43966e-13	3.4409e-13	3.44193e-13	3.4426e-13	3.44299e-13	3.44361e-13	3.4442e-13	3.44466e-13	3.44499e-13	3.44531e-13	3.44543e-13	3.44565e-13	3.44607e-13	3.44607e-13	3.44607e-13	3.44607e-13
529.741	3.31748e-14	2.26436e-14	2.17016e-14	3.46342e-13	1.19326e-13	1.25658e-13	1.27922e-13	1.29668e-13	1.3117e-13	1.32969e-13	1.34292e-13	1.35907e-13	1.37476e-13	1.39142e-13	1.41157e-13	1.43265e-13	1.45614e-13	1.49697e-13	1.53716e-13	1.57341e-13	1.64494e-13	1.69193e-13	1.7507e-13	1.81639e-13	1.8567e-13	1.88315e-13	1.91042e-13	1.93847e-13	1.98067e-13	2.04393e-13	2.11161e-13	2.20952e-13	2.27528e-13	2.34971e-13	2.42013e-13	2.47609e-13	2.54909e-13	2.60587e-13	2.68692e-13	2.75985e-13	2.83564e-13	2.87845e-13	2.92263e-13	2.96709e-13	2.9958e-13	3.02795e-13	3.05528e-13	3.10178e-13	3.14217e-13	3.18062e-13	3.20855e-13	3.23372e-13	3.25699e-13	3.27195e-13	3.28663e-13	3.29755e-13	3.31946e-13	3.33836e-13	3.35398e-13	3.36708e-13	3.37996e-13	3.39004e-13	3.39669e-13	3.40152e-13	3.40889e-13	3.41748e-13	3.42228e-13	3.42861e-13	3.43434e-13	3.43825e-13	3.44165e-13	3.44454e-13	3.44677e-13	3.44874e-13	3.45101e-13	3.45329e-13	3.45477e-13	3.4561e-13	3.45723e-13	3.45804e-13	3.45918e-13	3.46018e-13	3.46073e-13	3.46139e-13	3.46175e-13	3.46206e-13	3.46236e-13	3.46258e-13	3.46281e-13	3.46302e-13	3.46342e-13	3.46342e-13	3.46342e-13	3.46342e-13
532.759	3.31748e-14	2.15824e-14	2.03764e-14	3.40286e-13	1.35072e-13	1.42282e-13	1.44858e-13	1.4673e-13	1.48321e-13	1.50181e-13	1.51603e-13	1.53265e-13	1.55051e-13	1.56868e-13	1.59283e-13	1.61149e-13	1.63655e-13	1.66885e-13	1.70923e-13	1.74434e-13	1.80777e-13	1.85184e-13	1.91217e-13	1.95022e-13	1.97291e-13	1.9962e-13	2.01839e-13	2.04763e-13	2.09324e-13	2.15205e-13	2.23001e-13	2.31834e-13	2.3749e-13	2.44927e-13	2.51236e-13	2.56497e-13	2.62339e-13	2.68321e-13	2.75318e-13	2.80402e-13	2.85737e-13	2.89768e-13	2.9336e-13	2.96544e-13	2.99259e-13	3.01752e-13	3.05236e-13	3.08825e-13	3.12824e-13	3.15468e-13	3.18396e-13	3.20501e-13	3.22524e-13	3.23608e-13	3.24733e-13	3.25948e-13	3.27473e-13	3.29227e-13	3.30295e-13	3.318e-13	3.32983e-13	3.33684e-13	3.34295e-13	3.34813e-13	3.35395e-13	3.36168e-13	3.36753e-13	3.37272e-13	3.37781e-13	3.38072e-13	3.38321e-13	3.38562e-13	3.38818e-13	3.39042e-13	3.3918e-13	3.39371e-13	3.39521e-13	3.39643e-13	3.39737e-13	3.39836e-13	3.39912e-13	3.39978e-13	3.40032e-13	3.40096e-13	3.40134e-13	3.40178e-13	3.40201e-13	3.40222e-13	3.40238e-13	3.40249e-13	3.40286e-13	3.40286e-13	3.40286e-13	3.40286e-13
535.776	3.31748e-14	1.99362e-14	1.94886e-14	3.25976e-13	1.54235e-13	1.62422e-13	1.65353e-13	1.67365e-13	1.69197e-13	1.7109e-13	1.72614e-13	1.74203e-13	1.76132e-13	1.78109e-13	1.80833e-13	1.82492e-13	1.85063e-13	1.87756e-13	1.9132e-13	1.94277e-13	1.99084e-13	2.02675e-13	2.06602e-13	2.08648e-13	2.10309e-13	2.12369e-13	2.14331e-13	2.17468e-13	2.22361e-13	2.28001e-13	2.35443e-13	2.41882e-13	2.46586e-13	2.52432e-13	2.5784e-13	2.62348e-13	2.66712e-13	2.72226e-13	2.77173e-13	2.80811e-13	2.84143e-13	2.87652e-13	2.90262e-13	2.92446e-13	2.94561e-13	2.96459e-13	2.99426e-13	3.02371e-13	3.05328e-13	3.07133e-13	3.09501e-13	3.11441e-13	3.12575e-13	3.1346e-13	3.14228e-13	3.15388e-13	3.16618e-13	3.17659e-13	3.18624e-13	3.19579e-13	3.20542e-13	3.20963e-13	3.21383e-13	3.2188e-13	3.22398e-13	3.2283e-13	3.2327e-13	3.23693e-13	3.24098e-13	3.24336e-13	3.24511e-13	3.24659e-13	3.24841e-13	3.25017e-13	3.25156e-13	3.25266e-13	3.25371e-13	3.25461e-13	3.25532e-13	3.25607e-13	3.25682e-13	3.25724e-13	3.2576e-13	3.25813e-13	3.25833e-13	3.25874e-13	3.25897e-13	3.25915e-13	3.2593e-13	3.25944e-13	3.25976e-13	3.25976e-13	3.25976e-13	3.25976e-13
538.793	3.31748e-14	1.85489e-14	1.96434e-14	3.15119e-13	1.76e-13	1.8542e-13	1.88758e-13	1.90943e-13	1.92989e-13	1.94794e-13	1.96486e-13	1.9798e-13	2.0004e-13	2.02098e-13	2.04831e-13	2.06308e-13	2.08904e-13	2.11198e-13	2.14049e-13	2.16686e-13	2.2008e-13	2.22527e-13	2.24509e-13	2.25806e-13	2.27244e-13	2.2914e-13	2.30962e-13	2.34132e-13	2.38624e-13	2.44314e-13	2.49595e-13	2.53757e-13	2.58325e-13	2.62003e-13	2.65946e-13	2.69651e-13	2.72436e-13	2.76596e-13	2.79435e-13	2.82463e-13	2.84537e-13	2.87252e-13	2.89076e-13	2.90728e-13	2.92085e-13	2.93825e-13	2.95895e-13	2.98347e-13	2.99813e-13	3.01379e-13	3.03006e-13	3.0451e-13	3.05193e-13	3.05805e-13	3.06382e-13	3.07331e-13	3.08393e-13	3.08993e-13	3.0985e-13	3.10508e-13	3.11046e-13	3.1138e-13	3.11663e-13	3.11999e-13	3.12505e-13	3.12809e-13	3.13074e-13	3.13419e-13	3.1371e-13	3.13871e-13	3.14017e-13	3.14139e-13	3.14289e-13	3.14388e-13	3.14493e-13	3.14617e-13	3.14697e-13	3.14748e-13	3.148e-13	3.14847e-13	3.14904e-13	3.14941e-13	3.14964e-13	3.15006e-13	3.15027e-13	3.1505e-13	3.15061e-13	3.15075e-13	3.15088e-13	3.15096e-13	3.15119e-13	3.15119e-13	3.15119e-13	3.15119e-13
541.81	3.31748e-14	1.80483e-14	2.054e-14	3.18629e-13	2.04761e-13	2.15934e-13	2.19919e-13	2.2257e-13	2.2482e-13	2.26764e-13	2.28699e-13	2.30383e-13	2.32603e-13	2.34789e-13	2.37325e-13	2.38652e-13	2.40999e-13	2.42672e-13	2.4491e-13	2.47055e-13	2.49192e-13	2.50683e-13	2.52077e-13	2.53022e-13	2.54399e-13	2.56134e-13	2.5782e-13	2.6089e-13	2.64421e-13	2.69268e-13	2.72765e-13	2.7582e-13	2.7998e-13	2.82403e-13	2.85141e-13	2.87468e-13	2.89539e-13	2.91803e-13	2.93729e-13	2.95616e-13	2.96899e-13	2.98793e-13	3.00245e-13	3.0139e-13	3.02296e-13	3.03754e-13	3.05324e-13	3.06818e-13	3.07641e-13	3.08932e-13	3.09817e-13	3.10625e-13	3.11235e-13	3.11589e-13	3.12132e-13	3.12764e-13	3.13578e-13	3.1408e-13	3.14722e-13	3.15387e-13	3.15673e-13	3.15895e-13	3.16105e-13	3.16365e-13	3.16655e-13	3.16944e-13	3.17149e-13	3.17375e-13	3.17539e-13	3.1766e-13	3.17757e-13	3.1787e-13	3.17982e-13	3.18082e-13	3.18163e-13	3.18237e-13	3.18302e-13	3.18344e-13	3.18381e-13	3.18413e-13	3.18458e-13	3.18488e-13	3.18515e-13	3.18543e-13	3.18559e-13	3.18583e-13	3.18595e-13	3.18603e-13	3.1861e-13	3.18614e-13	3.18629e-13	3.18629e-13	3.18629e-13	3.18629e-13
544.828	3.31748e-14	1.92902e-14	2.2094e-14	3.49943e-13	2.34648e-13	2.48071e-13	2.52833e-13	2.56129e-13	2.58626e-13	2.61033e-13	2.63348e-13	2.65401e-13	2.67963e-13	2.70379e-13	2.72842e-13	2.74148e-13	2.76494e-13	2.77968e-13	2.80109e-13	2.82403e-13	2.84477e-13	2.86046e-13	2.87391e-13	2.88386e-13	2.89753e-13	2.91487e-13	2.93357e-13	2.96528e-13	2.99584e-13	3.03904e-13	3.0688e-13	3.1084e-13	3.14336e-13	3.1644e-13	3.18654e-13	3.20435e-13	3.22368e-13	3.24145e-13	3.26073e-13	3.2732e-13	3.28692e-13	3.29922e-13	3.31343e-13	3.32438e-13	3.33442e-13	3.35105e-13	3.36884e-13	3.38103e-13	3.39037e-13	3.39981e-13	3.40879e-13	3.41461e-13	3.41995e-13	3.42389e-13	3.43085e-13	3.44056e-13	3.44721e-13	3.45386e-13	3.4592e-13	3.46374e-13	3.46692e-13	3.4687e-13	3.4714e-13	3.47465e-13	3.47794e-13	3.48071e-13	3.48352e-13	3.48563e-13	3.48714e-13	3.48835e-13	3.48937e-13	3.4906e-13	3.49202e-13	3.49298e-13	3.49418e-13	3.49495e-13	3.49558e-13	3.4961e-13	3.49662e-13	3.49706e-13	3.49748e-13	3.49776e-13	3.49799e-13	3.49833e-13	3.49849e-13	3.49886e-13	3.49898e-13	3.4991e-13	3.49916e-13	3.49923e-13	3.49943e-13	3.49943e-13	3.49943e-13	3.49943e-13
547.845	3.31748e-14	2.22087e-14	2.39123e-14	4.06556e-13	2.56349e-13	2.72071e-13	2.77635e-13	2.8127e-13	2.84086e-13	2.87049e-13	2.89697e-13	2.92126e-13	2.95006e-13	2.97717e-13	3.00356e-13	3.0176e-13	3.0426e-13	3.05699e-13	3.08642e-13	3.11786e-13	3.14506e-13	3.16701e-13	3.18018e-13	3.19422e-13	3.21004e-13	3.23109e-13	3.25702e-13	3.29372e-13	3.33118e-13	3.38001e-13	3.41561e-13	3.46956e-13	3.50255e-13	3.53114e-13	3.55598e-13	3.58159e-13	3.6127e-13	3.63703e-13	3.66453e-13	3.68011e-13	3.70374e-13	3.7203e-13	3.74078e-13	3.75735e-13	3.77873e-13	3.80547e-13	3.83877e-13	3.86149e-13	3.87875e-13	3.89096e-13	3.90499e-13	3.91277e-13	3.9203e-13	3.92984e-13	3.94156e-13	3.96352e-13	3.97428e-13	3.98556e-13	3.99655e-13	4.00266e-13	4.00763e-13	4.01102e-13	4.01578e-13	4.02326e-13	4.02844e-13	4.03217e-13	4.03697e-13	4.04182e-13	4.04389e-13	4.04596e-13	4.04828e-13	4.05092e-13	4.05304e-13	4.05488e-13	4.05635e-13	4.05772e-13	4.05899e-13	4.05989e-13	4.06078e-13	4.06172e-13	4.06254e-13	4.06315e-13	4.06358e-13	4.06391e-13	4.06414e-13	4.06461e-13	4.06481e-13	4.065e-13	4.06518e-13	4.06533e-13	4.06556e-13	4.06556e-13	4.06556e-13	4.06556e-13
550.862	3.31748e-14	2.51773e-14	2.52961e-14	4.60261e-13	2.53633e-13	2.70222e-13	2.75836e-13	2.79497e-13	2.82524e-13	2.85612e-13	2.88542e-13	2.9105e-13	2.9399e-13	2.9684e-13	2.99642e-13	3.0135e-13	3.03952e-13	3.05417e-13	3.101e-13	3.13792e-13	3.17253e-13	3.19966e-13	3.21215e-13	3.23113e-13	3.25215e-13	3.28712e-13	3.3385e-13	3.3875e-13	3.44095e-13	3.50575e-13	3.5596e-13	3.61349e-13	3.64795e-13	3.69877e-13	3.73799e-13	3.78869e-13	3.83863e-13	3.8757e-13	3.91214e-13	3.94226e-13	3.97678e-13	4.00708e-13	4.04061e-13	4.07375e-13	4.12171e-13	4.173e-13	4.22531e-13	4.25925e-13	4.28871e-13	4.31227e-13	4.3281e-13	4.34348e-13	4.35788e-13	4.377e-13	4.40436e-13	4.43052e-13	4.44803e-13	4.46337e-13	4.48317e-13	4.495e-13	4.50264e-13	4.51181e-13	4.51947e-13	4.53126e-13	4.54241e-13	4.54794e-13	4.55415e-13	4.56142e-13	4.56556e-13	4.5686e-13	4.57271e-13	4.5776e-13	4.58187e-13	4.58495e-13	4.58765e-13	4.5905e-13	4.59191e-13	4.59371e-13	4.5949e-13	4.59618e-13	4.59755e-13	4.59861e-13	4.59958e-13	4.60017e-13	4.60063e-13	4.60117e-13	4.60146e-13	4.60183e-13	4.60211e-13	4.60237e-13	4.60261e-13	4.60261e-13	4.60261e-13	4.60261e-13
553.879	3.31748e-14	2.6274e-14	2.58219e-14	4.78888e-13	2.2259e-13	2.3763e-13	2.42503e-13	2.45841e-13	2.48896e-13	2.5191e-13	2.54519e-13	2.56734e-13	2.59253e-13	2.61804e-13	2.6443e-13	2.66262e-13	2.68644e-13	2.70156e-13	2.75411e-13	2.79783e-13	2.83457e-13	2.86355e-13	2.87693e-13	2.9014e-13	2.93225e-13	2.99256e-13	3.08006e-13	3.14007e-13	3.19912e-13	3.27228e-13	3.34433e-13	3.39488e-13	3.43713e-13	3.51419e-13	3.57306e-13	3.65259e-13	3.71557e-13	3.76635e-13	3.81061e-13	3.86057e-13	3.90494e-13	3.94901e-13	3.99596e-13	4.05096e-13	4.12033e-13	4.20226e-13	4.26001e-13	4.30433e-13	4.34459e-13	4.3824e-13	4.40121e-13	4.42362e-13	4.44606e-13	4.47448e-13	4.529e-13	4.5573e-13	4.58195e-13	4.60301e-13	4.62488e-13	4.64041e-13	4.65004e-13	4.66468e-13	4.68206e-13	4.69472e-13	4.7081e-13	4.71846e-13	4.72735e-13	4.73424e-13	4.73961e-13	4.74415e-13	4.74919e-13	4.75508e-13	4.76146e-13	4.7656e-13	4.769e-13	4.7726e-13	4.77497e-13	4.777e-13	4.77926e-13	4.78103e-13	4.78252e-13	4.78352e-13	4.78449e-13	4.78552e-13	4.78629e-13	4.78683e-13	4.78738e-13	4.78783e-13	4.7881e-13	4.78842e-13	4.78888e-13	4.78888e-13	4.78888e-13	4.78888e-13
556.897	3.31748e-14	2.52775e-14	2.55141e-14	4.60854e-13	1.83697e-13	1.96221e-13	2.00215e-13	2.02985e-13	2.05592e-13	2.08055e-13	2.10068e-13	2.11914e-13	2.13912e-13	2.15978e-13	2.18103e-13	2.19762e-13	2.2179e-13	2.23353e-13	2.28352e-13	2.33141e-13	2.36388e-13	2.39094e-13	2.40696e-13	2.43593e-13	2.48078e-13	2.57164e-13	2.67021e-13	2.74096e-13	2.80932e-13	2.86679e-13	2.93827e-13	2.98607e-13	3.03768e-13	3.12605e-13	3.19941e-13	3.28504e-13	3.3477e-13	3.40981e-13	3.45367e-13	3.51933e-13	3.56385e-13	3.62318e-13	3.67792e-13	3.75749e-13	3.84516e-13	3.93106e-13	3.98575e-13	4.0382e-13	4.0848e-13	4.12367e-13	4.14928e-13	4.17077e-13	4.20086e-13	4.24617e-13	4.3006e-13	4.33142e-13	4.35861e-13	4.38352e-13	4.40487e-13	4.42257e-13	4.43529e-13	4.4472e-13	4.47618e-13	4.50142e-13	4.51327e-13	4.52597e-13	4.53901e-13	4.54582e-13	4.55123e-13	4.55803e-13	4.56516e-13	4.57138e-13	4.57668e-13	4.58189e-13	4.58643e-13	4.59001e-13	4.59214e-13	4.59439e-13	4.5969e-13	4.59925e-13	4.60107e-13	4.60231e-13	4.60346e-13	4.60441e-13	4.6052e-13	4.60601e-13	4.60661e-13	4.60715e-13	4.60758e-13	4.60794e-13	4.60854e-13	4.60854e-13	4.60854e-13	4.60854e-13
559.914	3.31748e-14	2.3475e-14	2.48202e-14	4.2964e-13	1.48727e-13	1.58857e-13	1.61949e-13	1.64279e-13	1.66422e-13	1.68331e-13	1.7007e-13	1.71592e-13	1.73155e-13	1.74801e-13	1.76388e-13	1.77859e-13	1.79426e-13	1.81126e-13	1.85418e-13	1.89933e-13	1.9276e-13	1.95289e-13	1.97553e-13	2.01737e-13	2.07852e-13	2.18315e-13	2.2673e-13	2.33302e-13	2.40178e-13	2.44801e-13	2.50851e-13	2.55496e-13	2.61691e-13	2.70594e-13	2.79765e-13	2.88043e-13	2.94045e-13	3.0047e-13	3.05216e-13	3.12091e-13	3.16772e-13	3.23409e-13	3.29482e-13	3.4124e-13	3.51343e-13	3.58058e-13	3.63484e-13	3.69303e-13	3.74062e-13	3.77684e-13	3.80804e-13	3.82676e-13	3.86647e-13	3.91438e-13	3.96674e-13	3.99973e-13	4.0258e-13	4.06205e-13	4.08051e-13	4.0937e-13	4.10835e-13	4.12362e-13	4.14491e-13	4.17681e-13	4.19118e-13	4.20347e-13	4.2177e-13	4.22747e-13	4.23273e-13	4.23897e-13	4.24794e-13	4.25654e-13	4.26166e-13	4.26622e-13	4.27263e-13	4.27711e-13	4.27971e-13	4.28145e-13	4.28353e-13	4.28614e-13	4.28828e-13	4.28986e-13	4.29116e-13	4.2923e-13	4.29325e-13	4.29382e-13	4.29447e-13	4.29502e-13	4.29543e-13	4.29575e-13	4.2964e-13	4.2964e-13	4.2964e-13	4.2964e-13
562.931	3.31748e-14	2.18869e-14	2.38618e-14	4.04378e-13	1.23806e-13	1.32185e-13	1.34677e-13	1.36574e-13	1.38253e-13	1.39768e-13	1.41341e-13	1.42605e-13	1.43953e-13	1.45345e-13	1.46824e-13	1.48291e-13	1.49508e-13	1.51391e-13	1.55354e-13	1.59161e-13	1.61551e-13	1.63938e-13	1.67353e-13	1.74856e-13	1.82187e-13	1.89959e-13	1.98149e-13	2.04636e-13	2.09475e-13	2.14056e-13	2.19167e-13	2.23877e-13	2.31566e-13	2.39834e-13	2.50853e-13	2.58644e-13	2.65597e-13	2.71313e-13	2.77115e-13	2.8237e-13	2.8875e-13	2.94892e-13	3.02996e-13	3.16206e-13	3.26616e-13	3.32485e-13	3.37852e-13	3.43192e-13	3.48136e-13	3.5122e-13	3.54367e-13	3.57076e-13	3.61343e-13	3.67065e-13	3.71478e-13	3.75047e-13	3.78258e-13	3.81207e-13	3.83382e-13	3.84534e-13	3.85986e-13	3.87977e-13	3.90329e-13	3.92102e-13	3.93944e-13	3.95295e-13	3.96567e-13	3.97594e-13	3.98147e-13	3.98837e-13	3.99704e-13	4.00647e-13	4.01164e-13	4.01614e-13	4.02033e-13	4.02473e-13	4.02769e-13	4.03012e-13	4.0324e-13	4.03405e-13	4.03562e-13	4.03743e-13	4.03878e-13	4.03982e-13	4.04074e-13	4.04156e-13	4.04215e-13	4.04258e-13	4.04281e-13	4.04318e-13	4.04378e-13	4.04378e-13	4.04378e-13	4.04378e-13
565.948	3.31748e-14	2.06363e-14	2.25983e-14	3.86119e-13	1.10621e-13	1.18282e-13	1.20471e-13	1.22098e-13	1.23429e-13	1.24701e-13	1.26136e-13	1.27143e-13	1.28353e-13	1.29488e-13	1.30788e-13	1.32248e-13	1.33257e-13	1.35192e-13	1.38286e-13	1.41427e-13	1.43409e-13	1.46134e-13	1.51535e-13	1.60581e-13	1.67986e-13	1.74264e-13	1.81954e-13	1.88775e-13	1.92322e-13	1.96921e-13	2.01216e-13	2.06687e-13	2.15488e-13	2.23106e-13	2.34864e-13	2.42151e-13	2.49623e-13	2.55265e-13	2.61238e-13	2.65927e-13	2.72696e-13	2.78296e-13	2.88418e-13	2.97744e-13	3.07752e-13	3.13958e-13	3.18849e-13	3.23626e-13	3.27842e-13	3.30607e-13	3.33314e-13	3.37164e-13	3.41065e-13	3.49004e-13	3.52582e-13	3.56159e-13	3.60106e-13	3.62681e-13	3.64448e-13	3.65537e-13	3.66854e-13	3.6962e-13	3.72282e-13	3.73735e-13	3.75245e-13	3.77173e-13	3.78379e-13	3.79115e-13	3.79787e-13	3.80468e-13	3.81427e-13	3.82119e-13	3.82841e-13	3.8337e-13	3.83801e-13	3.8413e-13	3.84365e-13	3.84682e-13	3.84902e-13	3.85134e-13	3.85314e-13	3.85453e-13	3.85574e-13	3.85708e-13	3.85794e-13	3.85868e-13	3.85927e-13	3.85979e-13	3.86009e-13	3.86061e-13	3.86119e-13	3.86119e-13	3.86119e-13	3.86119e-13
568.966	3.31748e-14	1.98009e-14	2.11348e-14	3.76474e-13	1.05022e-13	1.12411e-13	1.14378e-13	1.15841e-13	1.17044e-13	1.18247e-13	1.1964e-13	1.20497e-13	1.21599e-13	1.22594e-13	1.23793e-13	1.25122e-13	1.26078e-13	1.28123e-13	1.30789e-13	1.33458e-13	1.35515e-13	1.39279e-13	1.48411e-13	1.56373e-13	1.63364e-13	1.69868e-13	1.76935e-13	1.82124e-13	1.85022e-13	1.89214e-13	1.93219e-13	1.99623e-13	2.08437e-13	2.17921e-13	2.27861e-13	2.35262e-13	2.42068e-13	2.4857e-13	2.55027e-13	2.59819e-13	2.66319e-13	2.72828e-13	2.84125e-13	2.91243e-13	2.98738e-13	3.05061e-13	3.09595e-13	3.14273e-13	3.17716e-13	3.20599e-13	3.23045e-13	3.27498e-13	3.32932e-13	3.38336e-13	3.42367e-13	3.4581e-13	3.50051e-13	3.52638e-13	3.53995e-13	3.55361e-13	3.56608e-13	3.59285e-13	3.6241e-13	3.63988e-13	3.65223e-13	3.67323e-13	3.68579e-13	3.69199e-13	3.69787e-13	3.70638e-13	3.71438e-13	3.72149e-13	3.72745e-13	3.73547e-13	3.74123e-13	3.7447e-13	3.74699e-13	3.74893e-13	3.75221e-13	3.75486e-13	3.75668e-13	3.75823e-13	3.75968e-13	3.76051e-13	3.76145e-13	3.76217e-13	3.76301e-13	3.76328e-13	3.76381e-13	3.76411e-13	3.76474e-13	3.76474e-13	3.76474e-13	3.76474e-13
571.983	3.31748e-14	1.92376e-14	1.9452e-14	3.72924e-13	1.04889e-13	1.12383e-13	1.14278e-13	1.15606e-13	1.16677e-13	1.17906e-13	1.19215e-13	1.2e-13	1.21099e-13	1.22087e-13	1.23237e-13	1.2463e-13	1.25571e-13	1.27702e-13	1.30273e-13	1.32785e-13	1.35688e-13	1.40689e-13	1.50966e-13	1.5681e-13	1.63926e-13	1.70868e-13	1.76087e-13	1.79573e-13	1.82317e-13	1.86643e-13	1.91144e-13	1.9833e-13	2.06066e-13	2.17361e-13	2.24655e-13	2.32124e-13	2.38228e-13	2.45095e-13	2.51856e-13	2.56636e-13	2.63168e-13	2.71514e-13	2.82466e-13	2.90858e-13	2.9645e-13	3.02902e-13	3.07946e-13	3.11728e-13	3.14699e-13	3.17526e-13	3.20192e-13	3.25033e-13	3.32251e-13	3.36545e-13	3.4027e-13	3.43535e-13	3.4753e-13	3.50144e-13	3.51307e-13	3.52415e-13	3.53967e-13	3.56734e-13	3.5924e-13	3.61024e-13	3.62649e-13	3.63946e-13	3.65023e-13	3.65737e-13	3.66213e-13	3.67054e-13	3.68065e-13	3.68748e-13	3.69278e-13	3.69849e-13	3.70533e-13	3.71021e-13	3.71271e-13	3.71499e-13	3.71666e-13	3.7188e-13	3.72112e-13	3.72309e-13	3.72419e-13	3.72528e-13	3.72626e-13	3.7267e-13	3.72738e-13	3.7278e-13	3.72828e-13	3.72855e-13	3.72924e-13	3.72924e-13	3.72924e-13	3.72924e-13
575	3.31748e-14	1.89777e-14	1.79446e-14	3.75523e-13	1.07142e-13	1.14944e-13	1.16831e-13	1.18111e-13	1.19224e-13	1.20439e-13	1.21746e-13	1.22508e-13	1.2354e-13	1.24575e-13	1.25908e-13	1.27556e-13	1.28591e-13	1.30843e-13	1.33291e-13	1.35791e-13	1.40672e-13	1.46754e-13	1.5455e-13	1.59531e-13	1.68094e-13	1.73601e-13	1.77436e-13	1.8037e-13	1.83251e-13	1.88092e-13	1.93292e-13	2.01427e-13	2.08679e-13	2.19596e-13	2.24997e-13	2.3298e-13	2.38843e-13	2.45798e-13	2.52133e-13	2.57742e-13	2.64149e-13	2.75859e-13	2.84243e-13	2.93559e-13	2.98656e-13	3.052e-13	3.11553e-13	3.15288e-13	3.18292e-13	3.20863e-13	3.24161e-13	3.29312e-13	3.36514e-13	3.40675e-13	3.43671e-13	3.48036e-13	3.5093e-13	3.53204e-13	3.5448e-13	3.55425e-13	3.57543e-13	3.59845e-13	3.61756e-13	3.63461e-13	3.65497e-13	3.67076e-13	3.67837e-13	3.68627e-13	3.6917e-13	3.69883e-13	3.70845e-13	3.7147e-13	3.71926e-13	3.72468e-13	3.72993e-13	3.73364e-13	3.73733e-13	3.73982e-13	3.74232e-13	3.74405e-13	3.74571e-13	3.74793e-13	3.74958e-13	3.75104e-13	3.75188e-13	3.75264e-13	3.75329e-13	3.75381e-13	3.75419e-13	3.75442e-13	3.75523e-13	3.75523e-13	3.75523e-13	3.75523e-13
578.017	3.31748e-14	1.87972e-14	1.68908e-14	3.80617e-13	1.12828e-13	1.21044e-13	1.22942e-13	1.24215e-13	1.25362e-13	1.26665e-13	1.27913e-13	1.28686e-13	1.29762e-13	1.30968e-13	1.32612e-13	1.34378e-13	1.35659e-13	1.3797e-13	1.4061e-13	1.43795e-13	1.49683e-13	1.56117e-13	1.62162e-13	1.68118e-13	1.76172e-13	1.79881e-13	1.82953e-13	1.85898e-13	1.89253e-13	1.94356e-13	2.00323e-13	2.09887e-13	2.18133e-13	2.26947e-13	2.32212e-13	2.40066e-13	2.45647e-13	2.51925e-13	2.57603e-13	2.6487e-13	2.71781e-13	2.85298e-13	2.93181e-13	3.00872e-13	3.05809e-13	3.10927e-13	3.17218e-13	3.20798e-13	3.23881e-13	3.26474e-13	3.30471e-13	3.36617e-13	3.42174e-13	3.45794e-13	3.48762e-13	3.53094e-13	3.56119e-13	3.57962e-13	3.59362e-13	3.6053e-13	3.62415e-13	3.65966e-13	3.6746e-13	3.68809e-13	3.70922e-13	3.72713e-13	3.73513e-13	3.7417e-13	3.74921e-13	3.75636e-13	3.76295e-13	3.76823e-13	3.77464e-13	3.77879e-13	3.78243e-13	3.78532e-13	3.78818e-13	3.79126e-13	3.79437e-13	3.79615e-13	3.79798e-13	3.79938e-13	3.80041e-13	3.80184e-13	3.80268e-13	3.80378e-13	3.80422e-13	3.80478e-13	3.80514e-13	3.80534e-13	3.80617e-13	3.80617e-13	3.80617e-13	3.80617e-13
581.034	3.31748e-14	1.79331e-14	1.57878e-14	3.73299e-13	1.23133e-13	1.32168e-13	1.34224e-13	1.35528e-13	1.36707e-13	1.3816e-13	1.3943e-13	1.40355e-13	1.41599e-13	1.42956e-13	1.44589e-13	1.46368e-13	1.47846e-13	1.50375e-13	1.5309e-13	1.57973e-13	1.63842e-13	1.68415e-13	1.74563e-13	1.81204e-13	1.85741e-13	1.88076e-13	1.907e-13	1.93635e-13	1.97826e-13	2.02877e-13	2.09053e-13	2.18456e-13	2.27814e-13	2.34516e-13	2.3976e-13	2.46902e-13	2.52428e-13	2.57311e-13	2.62646e-13	2.69622e-13	2.77402e-13	2.86604e-13	2.9488e-13	2.99932e-13	3.05388e-13	3.09843e-13	3.14707e-13	3.176e-13	3.20109e-13	3.22993e-13	3.26815e-13	3.33384e-13	3.38301e-13	3.41565e-13	3.44696e-13	3.48223e-13	3.51064e-13	3.52366e-13	3.53513e-13	3.55073e-13	3.56892e-13	3.59278e-13	3.60893e-13	3.62201e-13	3.63797e-13	3.65409e-13	3.66199e-13	3.66672e-13	3.67393e-13	3.68338e-13	3.69032e-13	3.69478e-13	3.70121e-13	3.7068e-13	3.71058e-13	3.71337e-13	3.71549e-13	3.71829e-13	3.7207e-13	3.72378e-13	3.72544e-13	3.727e-13	3.72833e-13	3.72915e-13	3.7298e-13	3.73059e-13	3.73111e-13	3.73162e-13	3.73212e-13	3.73243e-13	3.73299e-13	3.73299e-13	3.73299e-13	3.73299e-13
584.052	3.31748e-14	1.68672e-14	1.539e-14	3.61861e-13	1.3348e-13	1.43346e-13	1.45525e-13	1.46941e-13	1.48179e-13	1.49548e-13	1.50845e-13	1.51845e-13	1.5316e-13	1.54672e-13	1.56238e-13	1.57947e-13	1.59545e-13	1.62146e-13	1.64822e-13	1.7005e-13	1.74647e-13	1.78713e-13	1.85095e-13	1.90739e-13	1.93126e-13	1.94919e-13	1.97048e-13	1.99822e-13	2.04645e-13	2.09729e-13	2.17874e-13	2.26249e-13	2.34438e-13	2.39573e-13	2.45488e-13	2.51516e-13	2.57386e-13	2.61082e-13	2.66501e-13	2.73225e-13	2.80246e-13	2.86919e-13	2.93435e-13	2.97016e-13	3.02529e-13	3.06596e-13	3.10116e-13	3.12875e-13	3.1496e-13	3.17597e-13	3.21237e-13	3.27761e-13	3.31152e-13	3.33849e-13	3.3721e-13	3.39731e-13	3.4177e-13	3.42915e-13	3.43856e-13	3.45392e-13	3.48002e-13	3.49569e-13	3.50995e-13	3.52181e-13	3.53449e-13	3.54451e-13	3.55096e-13	3.55565e-13	3.5604e-13	3.56997e-13	3.57822e-13	3.58302e-13	3.58841e-13	3.5945e-13	3.59866e-13	3.60097e-13	3.60304e-13	3.60535e-13	3.60749e-13	3.609e-13	3.6114e-13	3.61307e-13	3.61452e-13	3.6155e-13	3.61613e-13	3.61656e-13	3.61699e-13	3.61753e-13	3.61786e-13	3.61806e-13	3.61861e-13	3.61861e-13	3.61861e-13	3.61861e-13
587.069	3.31748e-14	1.57235e-14	1.56162e-14	3.49461e-13	1.47665e-13	1.58649e-13	1.61045e-13	1.62606e-13	1.64087e-13	1.65448e-13	1.6674e-13	1.67798e-13	1.69135e-13	1.70495e-13	1.72145e-13	1.73985e-13	1.7553e-13	1.77811e-13	1.80342e-13	1.83513e-13	1.8723e-13	1.91709e-13	1.96741e-13	2.00059e-13	2.01527e-13	2.03124e-13	2.05033e-13	2.07813e-13	2.12869e-13	2.17674e-13	2.26768e-13	2.34052e-13	2.40725e-13	2.4486e-13	2.51681e-13	2.56443e-13	2.61806e-13	2.65142e-13	2.70335e-13	2.76382e-13	2.83121e-13	2.8819e-13	2.92987e-13	2.96375e-13	3.01512e-13	3.04668e-13	3.0701e-13	3.09268e-13	3.1119e-13	3.13931e-13	3.17456e-13	3.21588e-13	3.24276e-13	3.26497e-13	3.29669e-13	3.31735e-13	3.32832e-13	3.33824e-13	3.34536e-13	3.35802e-13	3.38523e-13	3.3992e-13	3.40885e-13	3.42225e-13	3.43135e-13	3.43783e-13	3.44259e-13	3.44665e-13	3.45101e-13	3.45638e-13	3.46207e-13	3.46729e-13	3.47173e-13	3.47541e-13	3.4784e-13	3.48065e-13	3.48228e-13	3.4839e-13	3.48574e-13	3.4869e-13	3.48821e-13	3.48946e-13	3.49079e-13	3.49186e-13	3.49244e-13	3.49295e-13	3.4933e-13	3.49369e-13	3.49384e-13	3.49411e-13	3.49461e-13	3.49461e-13	3.49461e-13	3.49461e-13
590.086	3.31748e-14	1.4607e-14	1.61111e-14	3.37521e-13	1.66288e-13	1.78721e-13	1.81306e-13	1.83175e-13	1.84825e-13	1.86266e-13	1.87494e-13	1.88749e-13	1.90188e-13	1.91639e-13	1.93307e-13	1.95376e-13	1.96935e-13	1.98978e-13	2.01684e-13	2.04097e-13	2.07644e-13	2.11453e-13	2.13989e-13	2.15682e-13	2.16792e-13	2.18255e-13	2.19865e-13	2.22743e-13	2.2719e-13	2.32269e-13	2.40018e-13	2.45685e-13	2.50272e-13	2.54067e-13	2.60277e-13	2.64339e-13	2.68172e-13	2.71375e-13	2.75483e-13	2.79799e-13	2.85614e-13	2.8924e-13	2.92361e-13	2.95961e-13	2.99859e-13	3.02969e-13	3.04511e-13	3.06237e-13	3.08017e-13	3.10347e-13	3.13473e-13	3.15882e-13	3.17981e-13	3.19869e-13	3.21907e-13	3.23602e-13	3.24382e-13	3.25115e-13	3.2571e-13	3.26636e-13	3.28155e-13	3.29325e-13	3.3e-13	3.31189e-13	3.32332e-13	3.32777e-13	3.33066e-13	3.33482e-13	3.33887e-13	3.34425e-13	3.3479e-13	3.35163e-13	3.35715e-13	3.36124e-13	3.36274e-13	3.3644e-13	3.36579e-13	3.36748e-13	3.36873e-13	3.36959e-13	3.37073e-13	3.37172e-13	3.37216e-13	3.37288e-13	3.3733e-13	3.3738e-13	3.37417e-13	3.37447e-13	3.37465e-13	3.37479e-13	3.37521e-13	3.37521e-13	3.37521e-13	3.37521e-13
593.103	3.31748e-14	1.36848e-14	1.65392e-14	3.30986e-13	1.93862e-13	2.08474e-13	2.11412e-13	2.13756e-13	2.15757e-13	2.17165e-13	2.1845e-13	2.19922e-13	2.21365e-13	2.2289e-13	2.24568e-13	2.26687e-13	2.28424e-13	2.30168e-13	2.3252e-13	2.34271e-13	2.37124e-13	2.39262e-13	2.40503e-13	2.41635e-13	2.42461e-13	2.43687e-13	2.45189e-13	2.47849e-13	2.51435e-13	2.56442e-13	2.61269e-13	2.65077e-13	2.68537e-13	2.72679e-13	2.76788e-13	2.80394e-13	2.83195e-13	2.85549e-13	2.88278e-13	2.918e-13	2.94735e-13	2.96925e-13	2.98961e-13	3.01721e-13	3.03827e-13	3.06353e-13	3.07436e-13	3.0856e-13	3.09902e-13	3.11603e-13	3.14354e-13	3.15673e-13	3.17151e-13	3.18689e-13	3.20097e-13	3.21183e-13	3.21735e-13	3.22132e-13	3.22643e-13	3.23475e-13	3.24367e-13	3.25061e-13	3.25679e-13	3.26339e-13	3.27133e-13	3.27487e-13	3.27683e-13	3.27954e-13	3.28382e-13	3.28705e-13	3.28975e-13	3.29174e-13	3.29574e-13	3.29883e-13	3.30055e-13	3.30135e-13	3.30243e-13	3.3037e-13	3.30477e-13	3.30555e-13	3.30632e-13	3.30713e-13	3.30751e-13	3.30813e-13	3.30836e-13	3.30874e-13	3.30894e-13	3.30921e-13	3.30944e-13	3.30959e-13	3.30986e-13	3.30986e-13	3.30986e-13	3.30986e-13
596.121	3.31748e-14	1.37093e-14	1.71371e-14	3.46283e-13	2.31742e-13	2.49315e-13	2.52773e-13	2.5567e-13	2.57926e-13	2.59398e-13	2.60956e-13	2.62484e-13	2.63867e-13	2.65306e-13	2.67068e-13	2.69053e-13	2.70796e-13	2.72155e-13	2.74036e-13	2.75294e-13	2.77548e-13	2.78923e-13	2.799e-13	2.80844e-13	2.81542e-13	2.82579e-13	2.83877e-13	2.85976e-13	2.88717e-13	2.92775e-13	2.95501e-13	2.97898e-13	3.0055e-13	3.04814e-13	3.07919e-13	3.10893e-13	3.12746e-13	3.14447e-13	3.16196e-13	3.1875e-13	3.2055e-13	3.22033e-13	3.23505e-13	3.25416e-13	3.26877e-13	3.2818e-13	3.29015e-13	3.29792e-13	3.30754e-13	3.31774e-13	3.33293e-13	3.3436e-13	3.35369e-13	3.36924e-13	3.38202e-13	3.38789e-13	3.39237e-13	3.39518e-13	3.40028e-13	3.40662e-13	3.41301e-13	3.41756e-13	3.42378e-13	3.42959e-13	3.43363e-13	3.43646e-13	3.43785e-13	3.43967e-13	3.44301e-13	3.44733e-13	3.44943e-13	3.45109e-13	3.45329e-13	3.45476e-13	3.45593e-13	3.45671e-13	3.45723e-13	3.45799e-13	3.45871e-13	3.4594e-13	3.46018e-13	3.46069e-13	3.46095e-13	3.4614e-13	3.46166e-13	3.46199e-13	3.46212e-13	3.46238e-13	3.46251e-13	3.46259e-13	3.46283e-13	3.46283e-13	3.46283e-13	3.46283e-13
599.138	3.31748e-14	1.50635e-14	1.78729e-14	3.93824e-13	2.82926e-13	3.04717e-13	3.09046e-13	3.12792e-13	3.15509e-13	3.17231e-13	3.19402e-13	3.21264e-13	3.22957e-13	3.24778e-13	3.26836e-13	3.28773e-13	3.3057e-13	3.31631e-13	3.33148e-13	3.34238e-13	3.36599e-13	3.3797e-13	3.38951e-13	3.39918e-13	3.40639e-13	3.41621e-13	3.42697e-13	3.44544e-13	3.46834e-13	3.49432e-13	3.51058e-13	3.5292e-13	3.5492e-13	3.59249e-13	3.6151e-13	3.6367e-13	3.65026e-13	3.66653e-13	3.68098e-13	3.69897e-13	3.7119e-13	3.72512e-13	3.73693e-13	3.75026e-13	3.76203e-13	3.76927e-13	3.77715e-13	3.78346e-13	3.79502e-13	3.80833e-13	3.81845e-13	3.82791e-13	3.83592e-13	3.84747e-13	3.85587e-13	3.85998e-13	3.86358e-13	3.86691e-13	3.87307e-13	3.88341e-13	3.89049e-13	3.89462e-13	3.90038e-13	3.90645e-13	3.90951e-13	3.91121e-13	3.91302e-13	3.91505e-13	3.9187e-13	3.92181e-13	3.9244e-13	3.92657e-13	3.92858e-13	3.92985e-13	3.93085e-13	3.93187e-13	3.93263e-13	3.93337e-13	3.93412e-13	3.93467e-13	3.93539e-13	3.93602e-13	3.93642e-13	3.93675e-13	3.93694e-13	3.93737e-13	3.93752e-13	3.93776e-13	3.93789e-13	3.93796e-13	3.93824e-13	3.93824e-13	3.93824e-13	3.93824e-13
602.155	3.31748e-14	1.789e-14	1.89225e-14	4.74628e-13	3.33582e-13	3.59813e-13	3.65144e-13	3.69909e-13	3.73102e-13	3.75226e-13	3.78318e-13	3.8069e-13	3.82703e-13	3.84921e-13	3.87217e-13	3.89208e-13	3.91105e-13	3.922e-13	3.93949e-13	3.95616e-13	3.9888e-13	4.00549e-13	4.01706e-13	4.02788e-13	4.03683e-13	4.04779e-13	4.05933e-13	4.0791e-13	4.10482e-13	4.13266e-13	4.14932e-13	4.17395e-13	4.19805e-13	4.23895e-13	4.26073e-13	4.28425e-13	4.30098e-13	4.3305e-13	4.3547e-13	4.37914e-13	4.39656e-13	4.41411e-13	4.43032e-13	4.4448e-13	4.45963e-13	4.46734e-13	4.47934e-13	4.49098e-13	4.51914e-13	4.55152e-13	4.56825e-13	4.58158e-13	4.59377e-13	4.60478e-13	4.61623e-13	4.62219e-13	4.62712e-13	4.63378e-13	4.6426e-13	4.66149e-13	4.67463e-13	4.6805e-13	4.68733e-13	4.6962e-13	4.70035e-13	4.70264e-13	4.70508e-13	4.7088e-13	4.71567e-13	4.72004e-13	4.72394e-13	4.72711e-13	4.73023e-13	4.73233e-13	4.73373e-13	4.73544e-13	4.73738e-13	4.73902e-13	4.7404e-13	4.74114e-13	4.74206e-13	4.74285e-13	4.74345e-13	4.74408e-13	4.74448e-13	4.74492e-13	4.74516e-13	4.74565e-13	4.74584e-13	4.74597e-13	4.74628e-13	4.74628e-13	4.74628e-13	4.74628e-13
605.172	3.31748e-14	2.10682e-14	2.02063e-14	5.5769e-13	3.56371e-13	3.84838e-13	3.90652e-13	3.96025e-13	3.99404e-13	4.01998e-13	4.05791e-13	4.08586e-13	4.10882e-13	4.13313e-13	4.15748e-13	4.17945e-13	4.20013e-13	4.2121e-13	4.23228e-13	4.26327e-13	4.30739e-13	4.32794e-13	4.34208e-13	4.35503e-13	4.36751e-13	4.3827e-13	4.40363e-13	4.4399e-13	4.47832e-13	4.51287e-13	4.5386e-13	4.5804e-13	4.61216e-13	4.651e-13	4.68099e-13	4.71548e-13	4.74547e-13	4.80764e-13	4.85734e-13	4.89381e-13	4.92624e-13	4.95124e-13	4.98123e-13	5.0018e-13	5.0257e-13	5.04054e-13	5.06459e-13	5.09382e-13	5.15011e-13	5.22289e-13	5.25831e-13	5.28124e-13	5.31092e-13	5.32928e-13	5.34693e-13	5.35675e-13	5.36546e-13	5.38036e-13	5.40094e-13	5.42348e-13	5.44401e-13	5.45469e-13	5.47078e-13	5.48407e-13	5.49221e-13	5.49668e-13	5.5006e-13	5.50984e-13	5.5214e-13	5.52986e-13	5.5349e-13	5.54205e-13	5.54821e-13	5.55179e-13	5.55403e-13	5.55634e-13	5.55985e-13	5.56419e-13	5.56712e-13	5.56846e-13	5.57013e-13	5.57128e-13	5.57208e-13	5.57319e-13	5.57393e-13	5.57469e-13	5.57517e-13	5.57567e-13	5.57602e-13	5.57637e-13	5.5769e-13	5.5769e-13	5.5769e-13	5.5769e-13
608.19	3.31748e-14	2.25931e-14	2.11969e-14	5.93061e-13	3.35344e-13	3.62218e-13	3.67762e-13	3.73099e-13	3.76316e-13	3.79186e-13	3.82681e-13	3.85428e-13	3.87543e-13	3.90089e-13	3.92408e-13	3.94723e-13	3.96813e-13	3.98018e-13	4.00516e-13	4.05781e-13	4.09681e-13	4.11626e-13	4.13051e-13	4.14525e-13	4.16268e-13	4.18299e-13	4.22333e-13	4.28261e-13	4.34079e-13	4.3796e-13	4.41433e-13	4.4642e-13	4.50589e-13	4.54742e-13	4.58941e-13	4.63565e-13	4.69432e-13	4.77851e-13	4.85819e-13	4.90308e-13	4.94982e-13	4.98358e-13	5.02882e-13	5.05988e-13	5.0893e-13	5.1179e-13	5.15468e-13	5.21338e-13	5.28434e-13	5.37665e-13	5.42439e-13	5.45547e-13	5.50389e-13	5.53266e-13	5.55066e-13	5.56753e-13	5.58173e-13	5.61136e-13	5.65938e-13	5.70248e-13	5.72318e-13	5.74212e-13	5.76788e-13	5.78761e-13	5.79783e-13	5.80517e-13	5.81222e-13	5.82328e-13	5.84986e-13	5.86182e-13	5.86923e-13	5.87938e-13	5.89133e-13	5.89832e-13	5.90205e-13	5.90511e-13	5.90822e-13	5.91246e-13	5.91641e-13	5.91926e-13	5.92155e-13	5.92319e-13	5.92426e-13	5.92524e-13	5.92599e-13	5.92713e-13	5.92819e-13	5.92877e-13	5.92936e-13	5.92977e-13	5.93061e-13	5.93061e-13	5.93061e-13	5.93061e-13
611.207	3.31748e-14	2.2135e-14	2.18514e-14	5.78267e-13	2.84104e-13	3.06639e-13	3.11692e-13	3.16304e-13	3.18997e-13	3.2172e-13	3.24661e-13	3.26969e-13	3.2867e-13	3.30841e-13	3.32668e-13	3.34627e-13	3.36448e-13	3.37585e-13	3.40175e-13	3.45649e-13	3.48413e-13	3.50332e-13	3.51761e-13	3.53286e-13	3.55898e-13	3.58902e-13	3.66153e-13	3.72836e-13	3.79603e-13	3.84373e-13	3.89267e-13	3.94046e-13	3.98563e-13	4.02924e-13	4.08727e-13	4.14285e-13	4.24536e-13	4.34039e-13	4.45188e-13	4.50859e-13	4.56427e-13	4.61227e-13	4.67275e-13	4.71496e-13	4.74636e-13	4.78843e-13	4.82783e-13	4.93167e-13	5.03211e-13	5.11397e-13	5.17286e-13	5.21645e-13	5.26231e-13	5.2982e-13	5.31654e-13	5.33863e-13	5.3587e-13	5.39269e-13	5.47429e-13	5.53133e-13	5.55105e-13	5.57959e-13	5.61086e-13	5.63048e-13	5.64409e-13	5.65356e-13	5.6635e-13	5.67648e-13	5.69285e-13	5.70906e-13	5.71631e-13	5.72681e-13	5.73617e-13	5.74395e-13	5.74847e-13	5.753e-13	5.75755e-13	5.76029e-13	5.76369e-13	5.76725e-13	5.77094e-13	5.77322e-13	5.77533e-13	5.77714e-13	5.77809e-13	5.77906e-13	5.77986e-13	5.78078e-13	5.78144e-13	5.78184e-13	5.78267e-13	5.78267e-13	5.78267e-13	5.78267e-13
614.224	3.31748e-14	2.08331e-14	2.2097e-14	5.40964e-13	2.23413e-13	2.41107e-13	2.45178e-13	2.48792e-13	2.50967e-13	2.53397e-13	2.55553e-13	2.57571e-13	2.58957e-13	2.60698e-13	2.62294e-13	2.63832e-13	2.65285e-13	2.66427e-13	2.69821e-13	2.76085e-13	2.78463e-13	2.80211e-13	2.81659e-13	2.83328e-13	2.87245e-13	2.92502e-13	3.04378e-13	3.11146e-13	3.16974e-13	3.22602e-13	3.30027e-13	3.34919e-13	3.39701e-13	3.44124e-13	3.51192e-13	3.57089e-13	3.70161e-13	3.79755e-13	3.9026e-13	3.95986e-13	4.01978e-13	4.08281e-13	4.14526e-13	4.19589e-13	4.22814e-13	4.28309e-13	4.33657e-13	4.47488e-13	4.59311e-13	4.66138e-13	4.7267e-13	4.78757e-13	4.83297e-13	4.86868e-13	4.88878e-13	4.90937e-13	4.9339e-13	4.97302e-13	5.05522e-13	5.1147e-13	5.13841e-13	5.17418e-13	5.22138e-13	5.24047e-13	5.25316e-13	5.26393e-13	5.27666e-13	5.29497e-13	5.31494e-13	5.32777e-13	5.33888e-13	5.34837e-13	5.35871e-13	5.36408e-13	5.36939e-13	5.37516e-13	5.38135e-13	5.38704e-13	5.39015e-13	5.3929e-13	5.39626e-13	5.39977e-13	5.40202e-13	5.40373e-13	5.40488e-13	5.40609e-13	5.4069e-13	5.40751e-13	5.40806e-13	5.40858e-13	5.40964e-13	5.40964e-13	5.40964e-13	5.40964e-13
617.241	3.31748e-14	1.93449e-14	2.16688e-14	5.02784e-13	1.79866e-13	1.94051e-13	1.97486e-13	2.00316e-13	2.01921e-13	2.04035e-13	2.05754e-13	2.07633e-13	2.08807e-13	2.10238e-13	2.11612e-13	2.12861e-13	2.13941e-13	2.15099e-13	2.17897e-13	2.24764e-13	2.26706e-13	2.28264e-13	2.29804e-13	2.31856e-13	2.37629e-13	2.45109e-13	2.58017e-13	2.64196e-13	2.69771e-13	2.76129e-13	2.83599e-13	2.88343e-13	2.93427e-13	2.97955e-13	3.05513e-13	3.12265e-13	3.26626e-13	3.35984e-13	3.45081e-13	3.51291e-13	3.5754e-13	3.65772e-13	3.72045e-13	3.77311e-13	3.80918e-13	3.86235e-13	3.94454e-13	4.06023e-13	4.19273e-13	4.25045e-13	4.30912e-13	4.39303e-13	4.44185e-13	4.47311e-13	4.49584e-13	4.51569e-13	4.55012e-13	4.59872e-13	4.672e-13	4.71929e-13	4.74754e-13	4.77421e-13	4.82298e-13	4.84609e-13	4.85778e-13	4.86903e-13	4.88157e-13	4.90404e-13	4.92376e-13	4.93425e-13	4.95117e-13	4.96505e-13	4.97501e-13	4.98089e-13	4.98533e-13	4.99192e-13	4.99817e-13	5.00372e-13	5.0082e-13	5.01137e-13	5.01387e-13	5.01669e-13	5.01879e-13	5.02092e-13	5.02263e-13	5.02375e-13	5.02496e-13	5.02577e-13	5.0264e-13	5.02707e-13	5.02784e-13	5.02784e-13	5.02784e-13	5.02784e-13
620.259	3.31748e-14	1.82161e-14	2.09597e-14	4.75516e-13	1.51347e-13	1.63216e-13	1.66181e-13	1.68555e-13	1.69754e-13	1.71539e-13	1.7303e-13	1.74639e-13	1.75647e-13	1.76818e-13	1.78057e-13	1.79126e-13	1.80046e-13	1.81274e-13	1.8514e-13	1.91095e-13	1.92671e-13	1.94065e-13	1.95713e-13	1.984e-13	2.0785e-13	2.19069e-13	2.30064e-13	2.35376e-13	2.41348e-13	2.48425e-13	2.54511e-13	2.58721e-13	2.64013e-13	2.6885e-13	2.76151e-13	2.85715e-13	2.98408e-13	3.0737e-13	3.14137e-13	3.21025e-13	3.27734e-13	3.36657e-13	3.42761e-13	3.48625e-13	3.52638e-13	3.57382e-13	3.69553e-13	3.79618e-13	3.90756e-13	3.96522e-13	4.01693e-13	4.10596e-13	4.15821e-13	4.18716e-13	4.21243e-13	4.23321e-13	4.27594e-13	4.32879e-13	4.4086e-13	4.44173e-13	4.47475e-13	4.50829e-13	4.53112e-13	4.55171e-13	4.5626e-13	4.57225e-13	4.5871e-13	4.61328e-13	4.63616e-13	4.64751e-13	4.65942e-13	4.67939e-13	4.69566e-13	4.70105e-13	4.70554e-13	4.71187e-13	4.71904e-13	4.72682e-13	4.73235e-13	4.73698e-13	4.74104e-13	4.7432e-13	4.74508e-13	4.74695e-13	4.74871e-13	4.75019e-13	4.75159e-13	4.75259e-13	4.75328e-13	4.75411e-13	4.75516e-13	4.75516e-13	4.75516e-13	4.75516e-13
623.276	3.31748e-14	1.73471e-14	1.98105e-14	4.57231e-13	1.33284e-13	1.43676e-13	1.46396e-13	1.48486e-13	1.4952e-13	1.51074e-13	1.52324e-13	1.53633e-13	1.54421e-13	1.55394e-13	1.56537e-13	1.57626e-13	1.58584e-13	1.5984e-13	1.63971e-13	1.69328e-13	1.70709e-13	1.72306e-13	1.74282e-13	1.78036e-13	1.90421e-13	2.01588e-13	2.10111e-13	2.14819e-13	2.20946e-13	2.27709e-13	2.31931e-13	2.36001e-13	2.40939e-13	2.46941e-13	2.5529e-13	2.67485e-13	2.77502e-13	2.87381e-13	2.92861e-13	3.00145e-13	3.06636e-13	3.13725e-13	3.19368e-13	3.24768e-13	3.29223e-13	3.34784e-13	3.50619e-13	3.63176e-13	3.71811e-13	3.78183e-13	3.8349e-13	3.90967e-13	3.96404e-13	3.98906e-13	4.01319e-13	4.03831e-13	4.07806e-13	4.1707e-13	4.21622e-13	4.24555e-13	4.28476e-13	4.33401e-13	4.35969e-13	4.37429e-13	4.38582e-13	4.39682e-13	4.41451e-13	4.44131e-13	4.46382e-13	4.47549e-13	4.49e-13	4.50334e-13	4.51613e-13	4.52202e-13	4.52605e-13	4.53173e-13	4.53757e-13	4.54402e-13	4.54855e-13	4.55316e-13	4.55776e-13	4.56149e-13	4.56368e-13	4.56492e-13	4.56639e-13	4.5675e-13	4.5687e-13	4.56944e-13	4.57041e-13	4.57116e-13	4.57231e-13	4.57231e-13	4.57231e-13	4.57231e-13
626.293	3.31748e-14	1.68666e-14	1.84399e-14	4.49263e-13	1.22122e-13	1.31738e-13	1.34313e-13	1.3605e-13	1.36984e-13	1.38483e-13	1.39584e-13	1.40694e-13	1.41407e-13	1.42387e-13	1.43425e-13	1.4457e-13	1.45614e-13	1.46885e-13	1.49734e-13	1.53614e-13	1.54857e-13	1.56702e-13	1.59274e-13	1.66893e-13	1.8108e-13	1.90306e-13	1.96625e-13	2.01876e-13	2.09089e-13	2.14866e-13	2.18298e-13	2.22584e-13	2.27263e-13	2.34287e-13	2.43393e-13	2.57012e-13	2.66061e-13	2.7564e-13	2.80039e-13	2.87993e-13	2.94968e-13	3.0047e-13	3.0606e-13	3.1089e-13	3.15728e-13	3.22663e-13	3.38142e-13	3.52623e-13	3.58393e-13	3.65206e-13	3.71213e-13	3.78338e-13	3.83608e-13	3.86319e-13	3.88522e-13	3.9181e-13	3.95774e-13	4.06973e-13	4.12401e-13	4.15551e-13	4.19604e-13	4.25019e-13	4.27766e-13	4.28855e-13	4.30139e-13	4.31374e-13	4.3354e-13	4.36911e-13	4.38805e-13	4.40208e-13	4.41466e-13	4.42816e-13	4.43761e-13	4.44481e-13	4.4499e-13	4.45528e-13	4.4611e-13	4.46622e-13	4.47062e-13	4.47519e-13	4.47937e-13	4.48271e-13	4.48509e-13	4.48672e-13	4.48802e-13	4.48877e-13	4.48988e-13	4.49045e-13	4.49102e-13	4.49163e-13	4.49263e-13	4.49263e-13	4.49263e-13	4.49263e-13
629.31	3.31748e-14	1.69172e-14	1.72519e-14	4.5648e-13	1.152e-13	1.24302e-13	1.26833e-13	1.28359e-13	1.29234e-13	1.30543e-13	1.31513e-13	1.32527e-13	1.33166e-13	1.34096e-13	1.35114e-13	1.36226e-13	1.37408e-13	1.38696e-13	1.40368e-13	1.43722e-13	1.45024e-13	1.4744e-13	1.51184e-13	1.65305e-13	1.7829e-13	1.86084e-13	1.91103e-13	1.9723e-13	2.03668e-13	2.08821e-13	2.12365e-13	2.17431e-13	2.22393e-13	2.31211e-13	2.42049e-13	2.59933e-13	2.70103e-13	2.79516e-13	2.84861e-13	2.93371e-13	3.01529e-13	3.06309e-13	3.11775e-13	3.16702e-13	3.22498e-13	3.31201e-13	3.445e-13	3.58231e-13	3.632e-13	3.71104e-13	3.78104e-13	3.8417e-13	3.884e-13	3.91162e-13	3.93277e-13	3.96595e-13	4.02738e-13	4.11092e-13	4.16823e-13	4.20193e-13	4.24019e-13	4.30194e-13	4.32908e-13	4.34061e-13	4.35209e-13	4.36676e-13	4.39529e-13	4.42422e-13	4.44251e-13	4.45777e-13	4.4797e-13	4.49499e-13	4.50345e-13	4.50965e-13	4.5159e-13	4.52199e-13	4.52845e-13	4.53457e-13	4.5389e-13	4.54236e-13	4.548e-13	4.55289e-13	4.55558e-13	4.55756e-13	4.55918e-13	4.56081e-13	4.56205e-13	4.56273e-13	4.56322e-13	4.56394e-13	4.5648e-13	4.5648e-13	4.5648e-13	4.5648e-13
632.328	3.31748e-14	1.66501e-14	1.566e-14	4.57538e-13	1.13071e-13	1.21966e-13	1.24618e-13	1.26061e-13	1.26977e-13	1.28142e-13	1.29031e-13	1.29973e-13	1.30607e-13	1.31447e-13	1.3248e-13	1.3362e-13	1.34837e-13	1.36159e-13	1.37752e-13	1.40724e-13	1.42289e-13	1.45741e-13	1.52585e-13	1.73367e-13	1.81584e-13	1.88008e-13	1.92858e-13	2.00732e-13	2.05454e-13	2.09906e-13	2.13998e-13	2.19831e-13	2.24958e-13	2.3613e-13	2.47929e-13	2.61898e-13	2.71371e-13	2.7853e-13	2.84938e-13	2.92942e-13	3.0135e-13	3.06039e-13	3.11858e-13	3.17185e-13	3.25382e-13	3.36609e-13	3.50708e-13	3.61126e-13	3.66529e-13	3.73949e-13	3.8338e-13	3.88766e-13	3.92057e-13	3.94738e-13	3.97045e-13	3.99888e-13	4.05675e-13	4.13913e-13	4.17959e-13	4.21406e-13	4.261e-13	4.29853e-13	4.32785e-13	4.33843e-13	4.34794e-13	4.36207e-13	4.39191e-13	4.41991e-13	4.43621e-13	4.45024e-13	4.47699e-13	4.50339e-13	4.51338e-13	4.51932e-13	4.5258e-13	4.53563e-13	4.5429e-13	4.54763e-13	4.55228e-13	4.55666e-13	4.55997e-13	4.56322e-13	4.56539e-13	4.56766e-13	4.56949e-13	4.5706e-13	4.57193e-13	4.573e-13	4.57355e-13	4.57439e-13	4.57538e-13	4.57538e-13	4.57538e-13	4.57538e-13
635.345	3.31748e-14	1.66508e-14	1.44421e-14	4.66092e-13	1.1121e-13	1.1997e-13	1.22736e-13	1.24112e-13	1.25097e-13	1.26179e-13	1.27033e-13	1.28003e-13	1.28606e-13	1.29452e-13	1.30478e-13	1.31562e-13	1.32842e-13	1.34194e-13	1.35581e-13	1.3795e-13	1.39805e-13	1.45927e-13	1.58298e-13	1.73599e-13	1.79348e-13	1.85379e-13	1.90681e-13	1.99428e-13	2.03275e-13	2.07846e-13	2.12244e-13	2.19371e-13	2.25564e-13	2.40949e-13	2.54958e-13	2.66453e-13	2.76235e-13	2.81811e-13	2.89361e-13	2.96805e-13	3.05283e-13	3.10224e-13	3.14777e-13	3.20595e-13	3.30289e-13	3.45597e-13	3.58554e-13	3.66538e-13	3.73321e-13	3.79494e-13	3.91459e-13	3.96575e-13	3.99206e-13	4.01526e-13	4.04273e-13	4.07688e-13	4.16333e-13	4.22832e-13	4.26232e-13	4.30882e-13	4.36409e-13	4.40255e-13	4.42393e-13	4.4358e-13	4.44597e-13	4.46059e-13	4.48635e-13	4.51406e-13	4.52803e-13	4.54484e-13	4.56803e-13	4.58729e-13	4.5991e-13	4.60502e-13	4.60946e-13	4.61803e-13	4.62663e-13	4.63397e-13	4.63796e-13	4.64228e-13	4.6458e-13	4.64862e-13	4.65045e-13	4.65262e-13	4.65425e-13	4.65588e-13	4.65733e-13	4.65851e-13	4.65909e-13	4.65971e-13	4.66092e-13	4.66092e-13	4.66092e-13	4.66092e-13
638.362	3.31748e-14	1.68484e-14	1.40486e-14	4.80272e-13	1.08994e-13	1.17504e-13	1.20483e-13	1.21786e-13	1.22789e-13	1.23817e-13	1.24762e-13	1.25749e-13	1.26392e-13	1.27288e-13	1.28241e-13	1.29247e-13	1.3058e-13	1.32129e-13	1.33736e-13	1.36117e-13	1.38396e-13	1.4916e-13	1.67258e-13	1.78062e-13	1.83411e-13	1.89677e-13	1.95381e-13	2.00965e-13	2.04142e-13	2.08481e-13	2.13412e-13	2.21024e-13	2.28156e-13	2.45748e-13	2.63018e-13	2.7226e-13	2.82339e-13	2.87504e-13	2.9768e-13	3.05029e-13	3.12959e-13	3.1839e-13	3.22331e-13	3.28924e-13	3.39985e-13	3.59347e-13	3.71745e-13	3.78464e-13	3.86743e-13	3.93394e-13	4.02817e-13	4.07638e-13	4.09887e-13	4.12091e-13	4.15373e-13	4.20081e-13	4.29872e-13	4.36554e-13	4.39659e-13	4.44785e-13	4.50672e-13	4.54385e-13	4.55893e-13	4.57247e-13	4.5835e-13	4.59682e-13	4.62697e-13	4.6588e-13	4.6722e-13	4.68883e-13	4.71655e-13	4.73386e-13	4.74424e-13	4.75146e-13	4.75611e-13	4.7626e-13	4.76857e-13	4.77469e-13	4.77919e-13	4.78329e-13	4.78739e-13	4.79022e-13	4.79237e-13	4.794e-13	4.79538e-13	4.7971e-13	4.79837e-13	4.79963e-13	4.80067e-13	4.8015e-13	4.80272e-13	4.80272e-13	4.80272e-13	4.80272e-13
641.379	3.31748e-14	1.66547e-14	1.38818e-14	4.83542e-13	1.08758e-13	1.1717e-13	1.20279e-13	1.21487e-13	1.22516e-13	1.23461e-13	1.2439e-13	1.25389e-13	1.26146e-13	1.27058e-13	1.28044e-13	1.29091e-13	1.30384e-13	1.31934e-13	1.33226e-13	1.35467e-13	1.38664e-13	1.55509e-13	1.67778e-13	1.75269e-13	1.80699e-13	1.88842e-13	1.95478e-13	1.99603e-13	2.02516e-13	2.06467e-13	2.127e-13	2.21096e-13	2.30539e-13	2.4809e-13	2.65439e-13	2.74007e-13	2.82499e-13	2.88516e-13	2.99031e-13	3.0634e-13	3.12787e-13	3.17965e-13	3.22323e-13	3.30599e-13	3.41732e-13	3.62168e-13	3.73133e-13	3.79547e-13	3.89009e-13	3.97331e-13	4.03394e-13	4.09039e-13	4.11334e-13	4.1396e-13	4.17785e-13	4.23863e-13	4.3286e-13	4.39632e-13	4.42693e-13	4.47381e-13	4.55054e-13	4.58849e-13	4.60477e-13	4.61709e-13	4.63145e-13	4.65095e-13	4.67445e-13	4.69676e-13	4.71183e-13	4.73097e-13	4.75144e-13	4.76585e-13	4.77457e-13	4.78097e-13	4.78645e-13	4.79277e-13	4.80011e-13	4.80458e-13	4.80957e-13	4.81563e-13	4.82005e-13	4.82285e-13	4.82511e-13	4.82695e-13	4.82896e-13	4.8302e-13	4.83142e-13	4.83249e-13	4.83345e-13	4.83418e-13	4.83542e-13	4.83542e-13	4.83542e-13	4.83542e-13
644.397	3.31748e-14	1.52816e-14	1.30324e-14	4.53158e-13	1.1319e-13	1.2204e-13	1.25294e-13	1.26458e-13	1.27637e-13	1.28641e-13	1.29524e-13	1.30427e-13	1.31211e-13	1.32114e-13	1.3318e-13	1.34113e-13	1.35364e-13	1.36705e-13	1.37876e-13	1.40291e-13	1.46119e-13	1.60232e-13	1.68114e-13	1.73391e-13	1.78844e-13	1.86339e-13	1.9169e-13	1.94836e-13	1.9788e-13	2.01234e-13	2.07453e-13	2.15528e-13	2.27484e-13	2.40142e-13	2.53356e-13	2.60462e-13	2.67064e-13	2.74675e-13	2.84127e-13	2.91609e-13	2.96771e-13	3.01767e-13	3.05888e-13	3.14937e-13	3.27376e-13	3.44087e-13	3.52791e-13	3.58148e-13	3.65442e-13	3.74929e-13	3.79533e-13	3.84058e-13	3.8653e-13	3.88931e-13	3.92699e-13	4.0045e-13	4.08482e-13	4.13117e-13	4.16246e-13	4.2007e-13	4.25013e-13	4.29042e-13	4.30532e-13	4.31536e-13	4.32967e-13	4.35087e-13	4.38152e-13	4.39843e-13	4.4127e-13	4.43416e-13	4.45191e-13	4.46343e-13	4.47054e-13	4.47572e-13	4.4818e-13	4.49101e-13	4.49734e-13	4.50146e-13	4.50503e-13	4.51042e-13	4.51691e-13	4.5203e-13	4.5227e-13	4.52415e-13	4.52582e-13	4.52705e-13	4.52843e-13	4.5293e-13	4.52995e-13	4.53041e-13	4.53158e-13	4.53158e-13	4.53158e-13	4.53158e-13
647.414	3.31748e-14	1.43684e-14	1.32879e-14	4.34212e-13	1.15348e-13	1.24485e-13	1.27862e-13	1.2903e-13	1.30241e-13	1.31173e-13	1.32024e-13	1.32863e-13	1.33778e-13	1.34587e-13	1.3564e-13	1.36578e-13	1.381e-13	1.39358e-13	1.40736e-13	1.44588e-13	1.53766e-13	1.59781e-13	1.65052e-13	1.6925e-13	1.75241e-13	1.8095e-13	1.84431e-13	1.86894e-13	1.89695e-13	1.92868e-13	1.98834e-13	2.07024e-13	2.2101e-13	2.32299e-13	2.42427e-13	2.48845e-13	2.55494e-13	2.64392e-13	2.72106e-13	2.80961e-13	2.8534e-13	2.90851e-13	2.95326e-13	3.0417e-13	3.1885e-13	3.28856e-13	3.36523e-13	3.41661e-13	3.48349e-13	3.59196e-13	3.64143e-13	3.67226e-13	3.69857e-13	3.72155e-13	3.76093e-13	3.85002e-13	3.9193e-13	3.94903e-13	3.98368e-13	4.02297e-13	4.06722e-13	4.10124e-13	4.1143e-13	4.12451e-13	4.13714e-13	4.16136e-13	4.19477e-13	4.2101e-13	4.22259e-13	4.24204e-13	4.26952e-13	4.27985e-13	4.28582e-13	4.29039e-13	4.29621e-13	4.30452e-13	4.31129e-13	4.31547e-13	4.31959e-13	4.32381e-13	4.32831e-13	4.33155e-13	4.33372e-13	4.33529e-13	4.33683e-13	4.33768e-13	4.33915e-13	4.3397e-13	4.34039e-13	4.34108e-13	4.34212e-13	4.34212e-13	4.34212e-13	4.34212e-13
650.431	3.31748e-14	1.32624e-14	1.35856e-14	4.12994e-13	1.19465e-13	1.28986e-13	1.32526e-13	1.337e-13	1.34978e-13	1.35827e-13	1.36668e-13	1.37416e-13	1.38428e-13	1.39231e-13	1.40255e-13	1.41248e-13	1.4297e-13	1.44399e-13	1.46032e-13	1.52956e-13	1.65301e-13	1.69071e-13	1.73537e-13	1.77508e-13	1.83668e-13	1.86927e-13	1.89488e-13	1.91369e-13	1.93883e-13	1.96837e-13	2.01923e-13	2.09977e-13	2.24113e-13	2.34546e-13	2.42827e-13	2.4848e-13	2.55739e-13	2.6541e-13	2.7172e-13	2.78667e-13	2.82144e-13	2.87573e-13	2.92514e-13	2.99491e-13	3.14095e-13	3.21451e-13	3.27657e-13	3.32385e-13	3.3817e-13	3.45538e-13	3.49634e-13	3.51496e-13	3.53901e-13	3.55959e-13	3.5979e-13	3.68251e-13	3.75015e-13	3.77614e-13	3.81205e-13	3.85562e-13	3.88933e-13	3.91158e-13	3.9249e-13	3.93476e-13	3.94575e-13	3.97105e-13	3.99776e-13	4.01198e-13	4.02233e-13	4.04065e-13	4.06571e-13	4.07569e-13	4.08091e-13	4.08491e-13	4.09061e-13	4.09723e-13	4.10326e-13	4.1075e-13	4.11129e-13	4.11528e-13	4.11826e-13	4.12067e-13	4.12211e-13	4.12383e-13	4.1255e-13	4.12645e-13	4.12763e-13	4.12813e-13	4.12861e-13	4.12919e-13	4.12994e-13	4.12994e-13	4.12994e-13	4.12994e-13
653.448	3.31748e-14	1.18887e-14	1.36389e-14	3.82016e-13	1.25398e-13	1.35429e-13	1.39212e-13	1.4039e-13	1.41816e-13	1.42622e-13	1.43547e-13	1.44264e-13	1.45251e-13	1.46008e-13	1.471e-13	1.48101e-13	1.49885e-13	1.51347e-13	1.53031e-13	1.58428e-13	1.6646e-13	1.69046e-13	1.73713e-13	1.77771e-13	1.82083e-13	1.84157e-13	1.85985e-13	1.87727e-13	1.90231e-13	1.93002e-13	1.9869e-13	2.06691e-13	2.2116e-13	2.29538e-13	2.35659e-13	2.40422e-13	2.46304e-13	2.56471e-13	2.61655e-13	2.67423e-13	2.70337e-13	2.74805e-13	2.80601e-13	2.86978e-13	2.98149e-13	3.04509e-13	3.09152e-13	3.13827e-13	3.19962e-13	3.24312e-13	3.27702e-13	3.29093e-13	3.31041e-13	3.32964e-13	3.36281e-13	3.44096e-13	3.4896e-13	3.51487e-13	3.55012e-13	3.60215e-13	3.6322e-13	3.64607e-13	3.65605e-13	3.66324e-13	3.67609e-13	3.68967e-13	3.70988e-13	3.72292e-13	3.73319e-13	3.74577e-13	3.76395e-13	3.7726e-13	3.77753e-13	3.78097e-13	3.78637e-13	3.79208e-13	3.79637e-13	3.80029e-13	3.8042e-13	3.80747e-13	3.80976e-13	3.81187e-13	3.81279e-13	3.81411e-13	3.81539e-13	3.81651e-13	3.81758e-13	3.81837e-13	3.81869e-13	3.81929e-13	3.82016e-13	3.82016e-13	3.82016e-13	3.82016e-13
656.466	3.31748e-14	1.04068e-14	1.34217e-14	3.46335e-13	1.35851e-13	1.46698e-13	1.5089e-13	1.52078e-13	1.5364e-13	1.54479e-13	1.55518e-13	1.56281e-13	1.57271e-13	1.5799e-13	1.59167e-13	1.60335e-13	1.61968e-13	1.63375e-13	1.65146e-13	1.67721e-13	1.71706e-13	1.73814e-13	1.78818e-13	1.82063e-13	1.85041e-13	1.8663e-13	1.88146e-13	1.89808e-13	1.92112e-13	1.94424e-13	1.9998e-13	2.06723e-13	2.15917e-13	2.22575e-13	2.26284e-13	2.29884e-13	2.34956e-13	2.43336e-13	2.47768e-13	2.51698e-13	2.54574e-13	2.58111e-13	2.64047e-13	2.71319e-13	2.77715e-13	2.82245e-13	2.85857e-13	2.91204e-13	2.96101e-13	2.99067e-13	3.01885e-13	3.03192e-13	3.04596e-13	3.06692e-13	3.09703e-13	3.15178e-13	3.18429e-13	3.20587e-13	3.2347e-13	3.28907e-13	3.31903e-13	3.32868e-13	3.33625e-13	3.34322e-13	3.3549e-13	3.3674e-13	3.37645e-13	3.38604e-13	3.39607e-13	3.40767e-13	3.41731e-13	3.4236e-13	3.42727e-13	3.42974e-13	3.43336e-13	3.43828e-13	3.44157e-13	3.44471e-13	3.44848e-13	3.45197e-13	3.45478e-13	3.45677e-13	3.45776e-13	3.45875e-13	3.45952e-13	3.46033e-13	3.46101e-13	3.46175e-13	3.462e-13	3.4626e-13	3.46335e-13	3.46335e-13	3.46335e-13	3.46335e-13
659.483	3.31748e-14	9.84469e-15	1.36632e-14	3.39395e-13	1.48787e-13	1.60861e-13	1.65391e-13	1.66702e-13	1.6834e-13	1.69234e-13	1.70459e-13	1.71317e-13	1.7233e-13	1.73082e-13	1.74322e-13	1.75641e-13	1.77225e-13	1.78496e-13	1.80629e-13	1.82295e-13	1.85124e-13	1.87186e-13	1.9239e-13	1.95165e-13	1.97248e-13	1.98485e-13	1.99875e-13	2.01566e-13	2.03969e-13	2.06523e-13	2.12972e-13	2.19763e-13	2.25785e-13	2.30975e-13	2.34101e-13	2.38185e-13	2.4345e-13	2.49911e-13	2.53537e-13	2.56322e-13	2.59345e-13	2.62331e-13	2.69542e-13	2.77731e-13	2.8237e-13	2.8594e-13	2.88744e-13	2.93755e-13	2.97469e-13	2.99841e-13	3.01794e-13	3.03034e-13	3.0401e-13	3.06259e-13	3.09543e-13	3.13049e-13	3.15289e-13	3.17202e-13	3.20197e-13	3.23565e-13	3.25895e-13	3.2668e-13	3.27256e-13	3.27895e-13	3.28941e-13	3.30597e-13	3.31403e-13	3.32134e-13	3.33194e-13	3.34615e-13	3.35412e-13	3.35832e-13	3.36154e-13	3.36396e-13	3.36651e-13	3.37008e-13	3.37275e-13	3.37539e-13	3.37844e-13	3.38207e-13	3.38609e-13	3.38813e-13	3.38922e-13	3.39018e-13	3.39104e-13	3.39171e-13	3.39208e-13	3.39259e-13	3.39289e-13	3.39325e-13	3.39395e-13	3.39395e-13	3.39395e-13	3.39395e-13
662.5	3.31748e-14	9.65663e-15	1.36401e-14	3.46176e-13	1.70121e-13	1.84002e-13	1.89259e-13	1.90871e-13	1.92644e-13	1.93621e-13	1.94845e-13	1.9583e-13	1.96939e-13	1.97817e-13	1.99322e-13	2.00735e-13	2.0257e-13	2.03851e-13	2.05797e-13	2.06943e-13	2.09386e-13	2.12222e-13	2.17064e-13	2.18672e-13	2.20393e-13	2.21227e-13	2.22484e-13	2.23984e-13	2.26169e-13	2.29579e-13	2.36308e-13	2.43766e-13	2.48132e-13	2.51841e-13	2.54603e-13	2.59274e-13	2.64157e-13	2.68322e-13	2.71554e-13	2.73666e-13	2.76829e-13	2.79694e-13	2.85994e-13	2.92835e-13	2.95856e-13	2.98693e-13	3.01241e-13	3.05711e-13	3.09567e-13	3.11361e-13	3.12645e-13	3.13999e-13	3.14954e-13	3.17359e-13	3.21504e-13	3.2411e-13	3.25564e-13	3.27363e-13	3.30065e-13	3.33268e-13	3.34667e-13	3.35336e-13	3.35771e-13	3.36302e-13	3.37155e-13	3.38108e-13	3.38864e-13	3.39416e-13	3.40486e-13	3.41958e-13	3.42773e-13	3.43092e-13	3.43353e-13	3.43633e-13	3.43968e-13	3.44299e-13	3.44526e-13	3.44736e-13	3.44978e-13	3.45224e-13	3.45551e-13	3.45707e-13	3.45797e-13	3.45872e-13	3.4594e-13	3.45999e-13	3.46039e-13	3.4608e-13	3.461e-13	3.46123e-13	3.46176e-13	3.46176e-13	3.46176e-13	3.46176e-13
665.517	3.31748e-14	9.78734e-15	1.32152e-14	3.64637e-13	2.02134e-13	2.18774e-13	2.24954e-13	2.26856e-13	2.28999e-13	2.30153e-13	2.31524e-13	2.32874e-13	2.34173e-13	2.35099e-13	2.3669e-13	2.38187e-13	2.4007e-13	2.41219e-13	2.42989e-13	2.43863e-13	2.46065e-13	2.48807e-13	2.52154e-13	2.53257e-13	2.54503e-13	2.55304e-13	2.56553e-13	2.5794e-13	2.60096e-13	2.63812e-13	2.69534e-13	2.76109e-13	2.79207e-13	2.81963e-13	2.84452e-13	2.8951e-13	2.93801e-13	2.9684e-13	2.9973e-13	3.01431e-13	3.04103e-13	3.06869e-13	3.11692e-13	3.16736e-13	3.18973e-13	3.21115e-13	3.23529e-13	3.2721e-13	3.31107e-13	3.3267e-13	3.33614e-13	3.34814e-13	3.35858e-13	3.37946e-13	3.41753e-13	3.44059e-13	3.45257e-13	3.47044e-13	3.50046e-13	3.5237e-13	3.53449e-13	3.54114e-13	3.54466e-13	3.54949e-13	3.55945e-13	3.57159e-13	3.57892e-13	3.584e-13	3.59382e-13	3.60784e-13	3.61572e-13	3.61882e-13	3.62062e-13	3.62313e-13	3.6263e-13	3.62951e-13	3.63168e-13	3.63374e-13	3.63605e-13	3.63833e-13	3.64091e-13	3.64193e-13	3.64271e-13	3.64352e-13	3.6442e-13	3.64456e-13	3.64499e-13	3.64546e-13	3.6457e-13	3.6459e-13	3.64637e-13	3.64637e-13	3.64637e-13	3.64637e-13
668.534	3.31748e-14	1.00798e-14	1.21737e-14	3.94934e-13	2.50454e-13	2.71343e-13	2.78985e-13	2.81386e-13	2.83998e-13	2.85442e-13	2.86915e-13	2.88595e-13	2.89957e-13	2.90957e-13	2.92522e-13	2.94108e-13	2.96019e-13	2.97309e-13	2.98941e-13	2.99751e-13	3.01797e-13	3.04209e-13	3.05929e-13	3.06904e-13	3.07926e-13	3.08763e-13	3.09999e-13	3.11408e-13	3.13315e-13	3.17348e-13	3.21808e-13	3.26282e-13	3.29124e-13	3.3169e-13	3.34075e-13	3.38421e-13	3.42026e-13	3.44354e-13	3.46637e-13	3.48122e-13	3.50195e-13	3.52687e-13	3.55221e-13	3.58409e-13	3.60145e-13	3.62035e-13	3.64786e-13	3.67135e-13	3.69726e-13	3.70886e-13	3.7153e-13	3.72303e-13	3.73235e-13	3.7447e-13	3.77831e-13	3.79247e-13	3.8014e-13	3.81495e-13	3.83786e-13	3.8528e-13	3.85979e-13	3.86421e-13	3.86766e-13	3.87197e-13	3.88033e-13	3.8937e-13	3.89812e-13	3.90286e-13	3.90745e-13	3.91623e-13	3.92362e-13	3.92633e-13	3.92793e-13	3.9298e-13	3.93325e-13	3.9371e-13	3.93897e-13	3.94042e-13	3.94195e-13	3.94329e-13	3.94463e-13	3.94549e-13	3.94598e-13	3.94652e-13	3.94703e-13	3.94769e-13	3.94807e-13	3.94845e-13	3.94866e-13	3.94875e-13	3.94934e-13	3.94934e-13	3.94934e-13	3.94934e-13
671.552	3.31748e-14	1.08632e-14	1.08946e-14	4.46775e-13	3.13392e-13	3.39998e-13	3.49396e-13	3.52512e-13	3.55832e-13	3.57882e-13	3.59438e-13	3.61563e-13	3.63029e-13	3.64255e-13	3.65871e-13	3.67707e-13	3.69438e-13	3.70677e-13	3.72171e-13	3.72959e-13	3.75055e-13	3.76769e-13	3.77851e-13	3.78777e-13	3.79611e-13	3.80538e-13	3.81644e-13	3.83143e-13	3.84826e-13	3.88704e-13	3.91555e-13	3.94588e-13	3.96788e-13	3.99314e-13	4.02234e-13	4.05382e-13	4.08293e-13	4.09678e-13	4.11324e-13	4.12456e-13	4.13862e-13	4.15926e-13	4.18048e-13	4.19988e-13	4.21527e-13	4.23014e-13	4.26099e-13	4.28131e-13	4.29656e-13	4.30485e-13	4.30984e-13	4.31508e-13	4.32289e-13	4.33186e-13	4.34372e-13	4.35386e-13	4.3609e-13	4.37198e-13	4.39045e-13	4.4009e-13	4.40503e-13	4.40785e-13	4.41079e-13	4.41413e-13	4.42173e-13	4.42776e-13	4.4317e-13	4.43559e-13	4.44004e-13	4.44384e-13	4.44715e-13	4.44914e-13	4.45048e-13	4.45153e-13	4.45313e-13	4.45638e-13	4.45806e-13	4.45932e-13	4.46083e-13	4.4623e-13	4.4636e-13	4.4643e-13	4.46473e-13	4.46535e-13	4.46574e-13	4.4661e-13	4.46643e-13	4.46705e-13	4.46722e-13	4.46736e-13	4.46775e-13	4.46775e-13	4.46775e-13	4.46775e-13
674.569	3.31748e-14	1.21252e-14	9.87494e-15	5.16891e-13	3.83954e-13	4.17032e-13	4.28511e-13	4.32688e-13	4.3648e-13	4.39314e-13	4.40999e-13	4.43492e-13	4.44992e-13	4.46357e-13	4.48155e-13	4.50011e-13	4.51557e-13	4.5287e-13	4.54188e-13	4.54966e-13	4.57668e-13	4.59327e-13	4.60169e-13	4.61121e-13	4.6178e-13	4.62732e-13	4.637e-13	4.64982e-13	4.6633e-13	4.69209e-13	4.70822e-13	4.72499e-13	4.74132e-13	4.76395e-13	4.8024e-13	4.82256e-13	4.8398e-13	4.84849e-13	4.85894e-13	4.86807e-13	4.87921e-13	4.90317e-13	4.91971e-13	4.93478e-13	4.94628e-13	4.96014e-13	4.98408e-13	5.00157e-13	5.00913e-13	5.01589e-13	5.02022e-13	5.02485e-13	5.034e-13	5.04787e-13	5.05756e-13	5.06653e-13	5.07345e-13	5.08261e-13	5.09483e-13	5.10132e-13	5.10481e-13	5.10698e-13	5.10954e-13	5.11353e-13	5.12027e-13	5.12766e-13	5.13136e-13	5.13527e-13	5.14163e-13	5.14837e-13	5.15094e-13	5.15259e-13	5.15386e-13	5.15535e-13	5.15706e-13	5.15859e-13	5.15976e-13	5.16093e-13	5.16243e-13	5.16378e-13	5.16474e-13	5.16557e-13	5.16597e-13	5.16645e-13	5.16689e-13	5.1675e-13	5.16783e-13	5.16817e-13	5.1683e-13	5.16845e-13	5.16891e-13	5.16891e-13	5.16891e-13	5.16891e-13
677.586	3.31748e-14	1.34922e-14	9.89882e-15	5.88636e-13	4.40188e-13	4.78962e-13	4.91871e-13	4.97109e-13	5.01016e-13	5.04468e-13	5.06414e-13	5.09252e-13	5.10973e-13	5.12482e-13	5.14307e-13	5.16138e-13	5.17732e-13	5.19041e-13	5.20418e-13	5.21321e-13	5.24632e-13	5.26713e-13	5.27567e-13	5.28596e-13	5.29241e-13	5.30105e-13	5.3099e-13	5.32242e-13	5.33323e-13	5.35345e-13	5.36544e-13	5.37967e-13	5.39466e-13	5.41537e-13	5.45911e-13	5.47919e-13	5.49428e-13	5.50245e-13	5.51307e-13	5.5252e-13	5.53973e-13	5.57786e-13	5.59488e-13	5.60881e-13	5.62055e-13	5.63186e-13	5.65125e-13	5.6686e-13	5.67579e-13	5.68182e-13	5.68711e-13	5.69397e-13	5.71075e-13	5.73574e-13	5.74987e-13	5.75881e-13	5.76785e-13	5.77848e-13	5.79195e-13	5.79879e-13	5.80242e-13	5.80537e-13	5.80848e-13	5.81641e-13	5.82892e-13	5.83966e-13	5.84405e-13	5.84903e-13	5.85288e-13	5.85937e-13	5.86271e-13	5.86446e-13	5.86623e-13	5.86856e-13	5.87196e-13	5.87469e-13	5.87602e-13	5.87755e-13	5.87898e-13	5.88033e-13	5.88154e-13	5.88235e-13	5.88275e-13	5.88343e-13	5.88393e-13	5.88453e-13	5.88486e-13	5.88561e-13	5.88577e-13	5.88598e-13	5.88636e-13	5.88636e-13	5.88636e-13	5.88636e-13
680.603	3.31748e-14	1.42452e-14	1.12588e-14	6.26164e-13	4.53384e-13	4.93995e-13	5.07003e-13	5.12746e-13	5.16555e-13	5.20371e-13	5.22389e-13	5.25284e-13	5.274e-13	5.28953e-13	5.30899e-13	5.32517e-13	5.34025e-13	5.35209e-13	5.36548e-13	5.37705e-13	5.4098e-13	5.43402e-13	5.44257e-13	5.45189e-13	5.4588e-13	5.46669e-13	5.4785e-13	5.49569e-13	5.51331e-13	5.53915e-13	5.55495e-13	5.57005e-13	5.58624e-13	5.6091e-13	5.64207e-13	5.65566e-13	5.66915e-13	5.67836e-13	5.69116e-13	5.71132e-13	5.73084e-13	5.77868e-13	5.80726e-13	5.82323e-13	5.83972e-13	5.85397e-13	5.87252e-13	5.89007e-13	5.89953e-13	5.90851e-13	5.91612e-13	5.92768e-13	5.95722e-13	6.03013e-13	6.05552e-13	6.06623e-13	6.08229e-13	6.1005e-13	6.11181e-13	6.12005e-13	6.12567e-13	6.12997e-13	6.13541e-13	6.14766e-13	6.17539e-13	6.19111e-13	6.19646e-13	6.20551e-13	6.21267e-13	6.21776e-13	6.2217e-13	6.22392e-13	6.22636e-13	6.23019e-13	6.23548e-13	6.24125e-13	6.2441e-13	6.24606e-13	6.24885e-13	6.25176e-13	6.25427e-13	6.25543e-13	6.25622e-13	6.25735e-13	6.25836e-13	6.25911e-13	6.25971e-13	6.26041e-13	6.26062e-13	6.26091e-13	6.26164e-13	6.26164e-13	6.26164e-13	6.26164e-13
683.621	3.31748e-14	1.42849e-14	1.35341e-14	6.24641e-13	4.17795e-13	4.56173e-13	4.67435e-13	4.72713e-13	4.76328e-13	4.79779e-13	4.81882e-13	4.84654e-13	4.86873e-13	4.88269e-13	4.90234e-13	4.91589e-13	4.92973e-13	4.94046e-13	4.95369e-13	4.96896e-13	4.99502e-13	5.01608e-13	5.02442e-13	5.0331e-13	5.04102e-13	5.05145e-13	5.06683e-13	5.1026e-13	5.13603e-13	5.16611e-13	5.18788e-13	5.20725e-13	5.23359e-13	5.2658e-13	5.29403e-13	5.30979e-13	5.32446e-13	5.33806e-13	5.36044e-13	5.40373e-13	5.4502e-13	5.50116e-13	5.54613e-13	5.56552e-13	5.59392e-13	5.62625e-13	5.64626e-13	5.66792e-13	5.68366e-13	5.69676e-13	5.7095e-13	5.7278e-13	5.76907e-13	5.87481e-13	5.91661e-13	5.93116e-13	5.96095e-13	5.99862e-13	6.01759e-13	6.02873e-13	6.03855e-13	6.04605e-13	6.05538e-13	6.07337e-13	6.11631e-13	6.13803e-13	6.14691e-13	6.16087e-13	6.18103e-13	6.18969e-13	6.19426e-13	6.19733e-13	6.20067e-13	6.2066e-13	6.21494e-13	6.22222e-13	6.22614e-13	6.22829e-13	6.23047e-13	6.23337e-13	6.23648e-13	6.23846e-13	6.23958e-13	6.24094e-13	6.24226e-13	6.24316e-13	6.24383e-13	6.2448e-13	6.24519e-13	6.24561e-13	6.24641e-13	6.24641e-13	6.24641e-13	6.24641e-13
686.638	3.31748e-14	1.37577e-14	1.54511e-14	5.9789e-13	3.61088e-13	3.94526e-13	4.04043e-13	4.08795e-13	4.11995e-13	4.1501e-13	4.17096e-13	4.19441e-13	4.21444e-13	4.22646e-13	4.24433e-13	4.25601e-13	4.26877e-13	4.27955e-13	4.2921e-13	4.31312e-13	4.34151e-13	4.36103e-13	4.36916e-13	4.37853e-13	4.38741e-13	4.40291e-13	4.42127e-13	4.47254e-13	4.51921e-13	4.55072e-13	4.57817e-13	4.60133e-13	4.63632e-13	4.6789e-13	4.70812e-13	4.73023e-13	4.74988e-13	4.77285e-13	4.80389e-13	4.8796e-13	4.97476e-13	5.03215e-13	5.08819e-13	5.11057e-13	5.14682e-13	5.19556e-13	5.22405e-13	5.24993e-13	5.27182e-13	5.28844e-13	5.3101e-13	5.33482e-13	5.38714e-13	5.47999e-13	5.53008e-13	5.55179e-13	5.59911e-13	5.67499e-13	5.70222e-13	5.71639e-13	5.72829e-13	5.73901e-13	5.75257e-13	5.77723e-13	5.81469e-13	5.83913e-13	5.85073e-13	5.86419e-13	5.8836e-13	5.89947e-13	5.90666e-13	5.91204e-13	5.91589e-13	5.92477e-13	5.93984e-13	5.94965e-13	5.95413e-13	5.95753e-13	5.9609e-13	5.96441e-13	5.96696e-13	5.96885e-13	5.97031e-13	5.97215e-13	5.97378e-13	5.97487e-13	5.97577e-13	5.97702e-13	5.97761e-13	5.97801e-13	5.9789e-13	5.9789e-13	5.9789e-13	5.9789e-13
689.655	3.31748e-14	1.32612e-14	1.65979e-14	5.72091e-13	3.04769e-13	3.33308e-13	3.41123e-13	3.45402e-13	3.48013e-13	3.50587e-13	3.52383e-13	3.54544e-13	3.56439e-13	3.57391e-13	3.58869e-13	3.59947e-13	3.61159e-13	3.62336e-13	3.63543e-13	3.65946e-13	3.68244e-13	3.69941e-13	3.70763e-13	3.7179e-13	3.72799e-13	3.75171e-13	3.78015e-13	3.86077e-13	3.91863e-13	3.95071e-13	3.98257e-13	4.01269e-13	4.06086e-13	4.10689e-13	4.13426e-13	4.16164e-13	4.18554e-13	4.22065e-13	4.26575e-13	4.36847e-13	4.51194e-13	4.58534e-13	4.65006e-13	4.68079e-13	4.72536e-13	4.78473e-13	4.81545e-13	4.83842e-13	4.86486e-13	4.88337e-13	4.91357e-13	4.96233e-13	5.05606e-13	5.11804e-13	5.1657e-13	5.19493e-13	5.23697e-13	5.34448e-13	5.37975e-13	5.39457e-13	5.40753e-13	5.42168e-13	5.44002e-13	5.49015e-13	5.54008e-13	5.56136e-13	5.57474e-13	5.59412e-13	5.61995e-13	5.63384e-13	5.64421e-13	5.65013e-13	5.65612e-13	5.6628e-13	5.67386e-13	5.6854e-13	5.69119e-13	5.69554e-13	5.70048e-13	5.70453e-13	5.70721e-13	5.70947e-13	5.711e-13	5.71296e-13	5.71453e-13	5.71622e-13	5.71732e-13	5.71827e-13	5.71885e-13	5.71928e-13	5.72091e-13	5.72091e-13	5.72091e-13	5.72091e-13
692.672	3.31748e-14	1.26109e-14	1.65831e-14	5.44602e-13	2.6228e-13	2.87501e-13	2.93731e-13	2.97522e-13	2.99669e-13	3.01883e-13	3.03569e-13	3.05379e-13	3.06995e-13	3.07804e-13	3.08893e-13	3.0982e-13	3.10882e-13	3.12068e-13	3.13434e-13	3.17711e-13	3.19397e-13	3.21166e-13	3.22012e-13	3.23107e-13	3.24424e-13	3.27973e-13	3.3184e-13	3.4067e-13	3.4885e-13	3.5287e-13	3.56164e-13	3.59172e-13	3.65835e-13	3.70287e-13	3.73058e-13	3.7622e-13	3.78868e-13	3.8334e-13	3.88895e-13	3.99125e-13	4.17133e-13	4.24612e-13	4.30551e-13	4.34289e-13	4.3901e-13	4.45883e-13	4.49524e-13	4.51569e-13	4.54365e-13	4.56528e-13	4.59961e-13	4.66799e-13	4.77021e-13	4.84579e-13	4.88935e-13	4.92406e-13	4.95407e-13	5.03363e-13	5.07436e-13	5.0894e-13	5.10098e-13	5.11747e-13	5.1438e-13	5.18393e-13	5.23898e-13	5.25882e-13	5.27479e-13	5.29517e-13	5.32535e-13	5.34068e-13	5.34988e-13	5.3576e-13	5.36495e-13	5.3771e-13	5.39121e-13	5.40052e-13	5.40686e-13	5.41327e-13	5.41916e-13	5.42398e-13	5.42835e-13	5.43057e-13	5.43213e-13	5.43516e-13	5.43744e-13	5.43982e-13	5.44116e-13	5.44268e-13	5.44384e-13	5.44434e-13	5.44602e-13	5.44602e-13	5.44602e-13	5.44602e-13
695.69	3.31748e-14	1.27566e-14	1.6337e-14	5.48257e-13	2.30638e-13	2.53118e-13	2.58518e-13	2.62018e-13	2.63987e-13	2.65841e-13	2.67453e-13	2.69071e-13	2.70535e-13	2.71357e-13	2.72351e-13	2.73416e-13	2.74484e-13	2.75874e-13	2.77787e-13	2.84015e-13	2.8568e-13	2.87287e-13	2.88214e-13	2.89692e-13	2.92064e-13	2.98407e-13	3.06876e-13	3.16309e-13	3.23513e-13	3.28076e-13	3.32342e-13	3.36211e-13	3.42883e-13	3.47725e-13	3.50775e-13	3.54357e-13	3.57506e-13	3.63942e-13	3.72444e-13	3.85992e-13	4.04676e-13	4.11339e-13	4.16764e-13	4.22033e-13	4.27571e-13	4.34268e-13	4.38033e-13	4.4007e-13	4.42753e-13	4.4573e-13	4.50037e-13	4.61105e-13	4.72404e-13	4.79153e-13	4.82961e-13	4.88205e-13	4.93274e-13	4.97902e-13	5.01972e-13	5.03629e-13	5.04917e-13	5.06888e-13	5.10733e-13	5.17637e-13	5.22198e-13	5.24286e-13	5.26185e-13	5.29384e-13	5.32473e-13	5.33975e-13	5.34821e-13	5.35866e-13	5.36844e-13	5.39218e-13	5.41624e-13	5.4319e-13	5.43947e-13	5.44757e-13	5.45563e-13	5.46245e-13	5.46745e-13	5.47037e-13	5.47218e-13	5.47383e-13	5.47536e-13	5.47715e-13	5.47831e-13	5.47921e-13	5.48045e-13	5.48093e-13	5.48257e-13	5.48257e-13	5.48257e-13	5.48257e-13
698.707	3.31748e-14	1.36912e-14	1.62177e-14	5.81239e-13	2.01372e-13	2.2133e-13	2.26004e-13	2.29202e-13	2.30961e-13	2.32553e-13	2.33892e-13	2.35001e-13	2.36188e-13	2.36979e-13	2.37877e-13	2.38968e-13	2.4007e-13	2.41523e-13	2.43178e-13	2.49529e-13	2.51406e-13	2.52901e-13	2.54051e-13	2.56144e-13	2.59855e-13	2.68829e-13	2.83407e-13	2.93274e-13	3.00033e-13	3.04733e-13	3.10898e-13	3.16559e-13	3.23321e-13	3.28234e-13	3.31619e-13	3.36092e-13	3.40138e-13	3.4848e-13	3.60974e-13	3.79484e-13	3.96641e-13	4.04557e-13	4.09923e-13	4.1777e-13	4.24499e-13	4.30548e-13	4.34571e-13	4.37082e-13	4.39713e-13	4.44289e-13	4.50326e-13	4.69463e-13	4.86875e-13	4.94313e-13	4.98403e-13	5.07274e-13	5.14573e-13	5.19095e-13	5.22267e-13	5.24167e-13	5.25665e-13	5.27779e-13	5.32178e-13	5.43359e-13	5.49852e-13	5.52424e-13	5.55195e-13	5.60319e-13	5.646e-13	5.66516e-13	5.67449e-13	5.6853e-13	5.69802e-13	5.71471e-13	5.73343e-13	5.75053e-13	5.75702e-13	5.76683e-13	5.7778e-13	5.78946e-13	5.79462e-13	5.7977e-13	5.7996e-13	5.80247e-13	5.80469e-13	5.80602e-13	5.80751e-13	5.80879e-13	5.80998e-13	5.8107e-13	5.81239e-13	5.81239e-13	5.81239e-13	5.81239e-13
701.724	3.31748e-14	1.47337e-14	1.58815e-14	6.24725e-13	1.7765e-13	1.95186e-13	1.99449e-13	2.02295e-13	2.04053e-13	2.05534e-13	2.06816e-13	2.07835e-13	2.08964e-13	2.09793e-13	2.10576e-13	2.11609e-13	2.126e-13	2.14202e-13	2.15791e-13	2.21219e-13	2.22933e-13	2.24469e-13	2.25892e-13	2.2886e-13	2.34839e-13	2.48331e-13	2.70478e-13	2.79227e-13	2.85366e-13	2.8996e-13	2.99108e-13	3.06456e-13	3.13286e-13	3.18375e-13	3.2251e-13	3.28447e-13	3.3417e-13	3.46962e-13	3.67185e-13	3.88622e-13	4.01187e-13	4.09031e-13	4.14081e-13	4.24516e-13	4.34817e-13	4.41613e-13	4.46623e-13	4.50019e-13	4.52857e-13	4.58486e-13	4.65607e-13	4.93104e-13	5.14766e-13	5.22255e-13	5.2689e-13	5.38526e-13	5.51989e-13	5.57712e-13	5.605e-13	5.62919e-13	5.64804e-13	5.67109e-13	5.7217e-13	5.81551e-13	5.87711e-13	5.90493e-13	5.9328e-13	6.0049e-13	6.05438e-13	6.0751e-13	6.08567e-13	6.09575e-13	6.11166e-13	6.14037e-13	6.16526e-13	6.1796e-13	6.18646e-13	6.19402e-13	6.20218e-13	6.21476e-13	6.2241e-13	6.22778e-13	6.23033e-13	6.23524e-13	6.2378e-13	6.24072e-13	6.24241e-13	6.24362e-13	6.2447e-13	6.2454e-13	6.24725e-13	6.24725e-13	6.24725e-13	6.24725e-13
704.741	3.31748e-14	1.46553e-14	1.44066e-14	6.30728e-13	1.64645e-13	1.80833e-13	1.84787e-13	1.87662e-13	1.89169e-13	1.90484e-13	1.91865e-13	1.92861e-13	1.93977e-13	1.94853e-13	1.95546e-13	1.96617e-13	1.97672e-13	1.98997e-13	2.00597e-13	2.05464e-13	2.06824e-13	2.0836e-13	2.09846e-13	2.12399e-13	2.20924e-13	2.37809e-13	2.62335e-13	2.70634e-13	2.76885e-13	2.82158e-13	2.91307e-13	2.99237e-13	3.04086e-13	3.09495e-13	3.14508e-13	3.21591e-13	3.28206e-13	3.41912e-13	3.68886e-13	3.89073e-13	4.00335e-13	4.08105e-13	4.1435e-13	4.27249e-13	4.37645e-13	4.44445e-13	4.49226e-13	4.53085e-13	4.5611e-13	4.62137e-13	4.70821e-13	4.94099e-13	5.14626e-13	5.22587e-13	5.28037e-13	5.38129e-13	5.55893e-13	5.62166e-13	5.64791e-13	5.67335e-13	5.69564e-13	5.72182e-13	5.78156e-13	5.88174e-13	5.93578e-13	5.96383e-13	5.98842e-13	6.04549e-13	6.10099e-13	6.12471e-13	6.13668e-13	6.14614e-13	6.16236e-13	6.19887e-13	6.22849e-13	6.24321e-13	6.25205e-13	6.26136e-13	6.27057e-13	6.2771e-13	6.28432e-13	6.28836e-13	6.29147e-13	6.29442e-13	6.29687e-13	6.29965e-13	6.30165e-13	6.303e-13	6.30456e-13	6.30532e-13	6.30728e-13	6.30728e-13	6.30728e-13	6.30728e-13
707.759	3.31748e-14	1.43799e-14	1.25855e-14	6.31183e-13	1.58745e-13	1.74189e-13	1.78241e-13	1.81148e-13	1.8257e-13	1.83707e-13	1.85076e-13	1.85977e-13	1.87039e-13	1.88008e-13	1.88775e-13	1.89871e-13	1.90802e-13	1.91968e-13	1.93565e-13	2.0172e-13	2.03367e-13	2.05074e-13	2.06959e-13	2.10412e-13	2.23506e-13	2.38286e-13	2.55884e-13	2.63422e-13	2.69582e-13	2.77168e-13	2.86963e-13	2.97504e-13	3.02003e-13	3.07387e-13	3.12354e-13	3.19585e-13	3.28488e-13	3.4289e-13	3.76969e-13	3.94817e-13	4.04456e-13	4.13123e-13	4.21396e-13	4.34055e-13	4.47281e-13	4.53525e-13	4.58699e-13	4.62289e-13	4.6582e-13	4.72031e-13	4.83296e-13	5.00562e-13	5.1639e-13	5.23227e-13	5.29172e-13	5.37052e-13	5.5362e-13	5.59922e-13	5.62491e-13	5.64788e-13	5.67501e-13	5.70418e-13	5.78193e-13	5.89306e-13	5.94277e-13	5.97677e-13	6.01307e-13	6.0644e-13	6.0918e-13	6.11201e-13	6.12352e-13	6.1336e-13	6.14575e-13	6.17592e-13	6.21001e-13	6.23168e-13	6.24282e-13	6.25571e-13	6.26992e-13	6.27839e-13	6.28402e-13	6.28841e-13	6.29241e-13	6.29635e-13	6.30021e-13	6.30326e-13	6.3052e-13	6.30711e-13	6.30893e-13	6.30973e-13	6.31183e-13	6.31183e-13	6.31183e-13	6.31183e-13
710.776	3.31748e-14	1.34998e-14	1.02068e-14	6.10144e-13	1.5592e-13	1.7153e-13	1.75293e-13	1.78096e-13	1.79436e-13	1.80445e-13	1.81799e-13	1.8256e-13	1.83526e-13	1.84576e-13	1.85287e-13	1.8632e-13	1.87211e-13	1.88359e-13	1.89731e-13	1.94057e-13	1.95486e-13	1.97485e-13	1.99773e-13	2.04202e-13	2.23361e-13	2.37979e-13	2.5147e-13	2.57495e-13	2.62982e-13	2.73305e-13	2.85228e-13	2.95143e-13	2.99371e-13	3.04501e-13	3.10013e-13	3.16886e-13	3.28433e-13	3.43589e-13	3.71717e-13	3.87577e-13	3.96876e-13	4.05802e-13	4.16082e-13	4.26796e-13	4.41098e-13	4.46721e-13	4.51626e-13	4.55233e-13	4.59172e-13	4.65612e-13	4.84274e-13	5.0104e-13	5.11725e-13	5.18488e-13	5.24562e-13	5.3351e-13	5.42855e-13	5.48767e-13	5.51277e-13	5.52941e-13	5.5563e-13	5.58937e-13	5.64465e-13	5.70788e-13	5.74944e-13	5.78706e-13	5.83136e-13	5.87894e-13	5.9087e-13	5.92159e-13	5.9333e-13	5.9419e-13	5.95464e-13	5.97645e-13	5.99478e-13	6.00843e-13	6.01975e-13	6.03102e-13	6.04666e-13	6.06249e-13	6.0699e-13	6.07462e-13	6.07935e-13	6.08404e-13	6.08863e-13	6.09194e-13	6.09502e-13	6.09693e-13	6.09831e-13	6.09927e-13	6.10144e-13	6.10144e-13	6.10144e-13	6.10144e-13
713.793	3.31748e-14	1.36725e-14	9.66279e-15	6.22996e-13	1.45996e-13	1.61219e-13	1.64445e-13	1.66998e-13	1.68295e-13	1.69182e-13	1.70469e-13	1.71199e-13	1.72096e-13	1.73159e-13	1.7384e-13	1.74662e-13	1.75397e-13	1.76458e-13	1.78015e-13	1.8229e-13	1.83691e-13	1.85913e-13	1.89273e-13	1.97837e-13	2.27374e-13	2.43794e-13	2.55133e-13	2.60798e-13	2.67038e-13	2.81383e-13	2.90522e-13	2.97908e-13	3.02024e-13	3.07272e-13	3.13345e-13	3.20916e-13	3.36029e-13	3.49738e-13	3.70844e-13	3.83848e-13	3.91214e-13	4.00175e-13	4.12844e-13	4.22227e-13	4.35432e-13	4.40834e-13	4.45084e-13	4.49658e-13	4.54217e-13	4.60899e-13	4.83784e-13	5.04535e-13	5.13085e-13	5.20044e-13	5.2831e-13	5.41716e-13	5.48681e-13	5.53361e-13	5.55953e-13	5.57809e-13	5.6028e-13	5.64446e-13	5.7326e-13	5.7983e-13	5.8347e-13	5.8711e-13	5.93211e-13	5.99061e-13	6.02158e-13	6.0346e-13	6.04586e-13	6.05541e-13	6.06879e-13	6.10368e-13	6.13435e-13	6.1499e-13	6.16133e-13	6.17334e-13	6.18262e-13	6.1903e-13	6.19677e-13	6.20054e-13	6.2045e-13	6.20918e-13	6.21292e-13	6.21758e-13	6.22113e-13	6.22446e-13	6.22607e-13	6.22781e-13	6.22996e-13	6.22996e-13	6.22996e-13	6.22996e-13
716.81	3.31748e-14	1.35726e-14	9.65287e-15	6.28537e-13	1.35376e-13	1.4974e-13	1.52576e-13	1.5489e-13	1.56182e-13	1.57018e-13	1.58286e-13	1.59009e-13	1.59833e-13	1.60868e-13	1.61474e-13	1.62387e-13	1.63257e-13	1.64324e-13	1.66207e-13	1.69054e-13	1.70486e-13	1.72902e-13	1.78153e-13	1.88421e-13	2.21261e-13	2.33628e-13	2.4175e-13	2.46946e-13	2.52927e-13	2.69412e-13	2.75977e-13	2.81796e-13	2.85796e-13	2.90913e-13	2.9715e-13	3.06703e-13	3.29046e-13	3.50785e-13	3.69964e-13	3.81896e-13	3.89027e-13	3.99461e-13	4.15473e-13	4.26901e-13	4.35993e-13	4.41318e-13	4.45158e-13	4.50315e-13	4.55565e-13	4.63415e-13	4.82735e-13	5.06206e-13	5.13926e-13	5.20809e-13	5.3061e-13	5.41628e-13	5.48925e-13	5.52656e-13	5.55325e-13	5.57419e-13	5.59585e-13	5.64879e-13	5.74192e-13	5.81697e-13	5.84921e-13	5.88393e-13	5.95539e-13	6.05325e-13	6.09213e-13	6.10857e-13	6.11949e-13	6.13121e-13	6.14682e-13	6.16668e-13	6.18628e-13	6.20082e-13	6.21284e-13	6.22951e-13	6.24233e-13	6.25192e-13	6.25835e-13	6.26257e-13	6.26635e-13	6.26968e-13	6.27212e-13	6.27516e-13	6.27785e-13	6.2797e-13	6.28087e-13	6.28289e-13	6.28537e-13	6.28537e-13	6.28537e-13	6.28537e-13
719.828	3.31748e-14	1.34628e-14	1.02308e-14	6.25346e-13	1.25222e-13	1.38677e-13	1.41303e-13	1.43431e-13	1.44679e-13	1.45395e-13	1.46453e-13	1.47126e-13	1.47783e-13	1.48722e-13	1.49363e-13	1.50316e-13	1.51194e-13	1.5224e-13	1.5411e-13	1.56684e-13	1.58211e-13	1.60743e-13	1.68595e-13	1.80663e-13	2.04641e-13	2.13334e-13	2.18911e-13	2.23472e-13	2.30004e-13	2.45463e-13	2.50921e-13	2.56118e-13	2.60321e-13	2.65513e-13	2.72754e-13	2.84793e-13	3.16533e-13	3.47436e-13	3.62535e-13	3.72284e-13	3.79105e-13	3.89354e-13	4.09686e-13	4.19891e-13	4.2658e-13	4.32942e-13	4.36898e-13	4.42446e-13	4.48132e-13	4.57857e-13	4.76967e-13	4.96105e-13	5.03507e-13	5.1022e-13	5.22123e-13	5.32031e-13	5.3871e-13	5.41905e-13	5.44585e-13	5.46738e-13	5.48731e-13	5.56071e-13	5.67675e-13	5.74559e-13	5.77928e-13	5.81601e-13	5.87784e-13	5.96653e-13	6.0085e-13	6.02358e-13	6.0335e-13	6.04722e-13	6.06575e-13	6.08914e-13	6.11095e-13	6.12479e-13	6.13798e-13	6.16507e-13	6.19394e-13	6.21387e-13	6.22116e-13	6.2255e-13	6.23127e-13	6.23629e-13	6.23936e-13	6.24258e-13	6.2451e-13	6.24751e-13	6.24882e-13	6.25091e-13	6.25346e-13	6.25346e-13	6.25346e-13	6.25346e-13
722.845	3.31748e-14	1.27292e-14	1.05569e-14	6.05321e-13	1.1839e-13	1.31205e-13	1.33589e-13	1.35554e-13	1.36727e-13	1.37352e-13	1.38439e-13	1.39121e-13	1.39712e-13	1.40555e-13	1.41192e-13	1.42118e-13	1.42933e-13	1.44008e-13	1.45799e-13	1.47706e-13	1.49344e-13	1.52102e-13	1.64261e-13	1.79345e-13	1.93365e-13	2.00124e-13	2.04993e-13	2.10328e-13	2.19881e-13	2.29532e-13	2.34232e-13	2.38829e-13	2.43209e-13	2.4851e-13	2.56249e-13	2.69791e-13	3.01756e-13	3.31517e-13	3.44404e-13	3.55113e-13	3.63143e-13	3.73561e-13	3.96586e-13	4.07714e-13	4.12831e-13	4.19074e-13	4.22496e-13	4.27093e-13	4.3397e-13	4.46739e-13	4.61887e-13	4.72947e-13	4.80236e-13	4.86669e-13	4.99937e-13	5.11124e-13	5.16733e-13	5.19486e-13	5.22354e-13	5.24887e-13	5.27465e-13	5.36926e-13	5.5497e-13	5.61935e-13	5.65225e-13	5.68363e-13	5.75567e-13	5.82494e-13	5.85568e-13	5.86915e-13	5.87836e-13	5.89058e-13	5.9126e-13	5.93512e-13	5.95108e-13	5.9611e-13	5.96988e-13	5.98342e-13	5.99742e-13	6.01039e-13	6.01965e-13	6.02377e-13	6.02885e-13	6.03477e-13	6.0403e-13	6.04365e-13	6.04713e-13	6.04876e-13	6.04983e-13	6.05114e-13	6.05321e-13	6.05321e-13	6.05321e-13	6.05321e-13
725.862	3.31748e-14	1.22289e-14	1.13475e-14	5.89165e-13	1.11243e-13	1.23381e-13	1.25622e-13	1.27471e-13	1.2863e-13	1.29224e-13	1.3021e-13	1.30905e-13	1.31536e-13	1.32474e-13	1.33189e-13	1.34104e-13	1.34879e-13	1.3586e-13	1.37549e-13	1.39504e-13	1.41451e-13	1.45757e-13	1.62968e-13	1.77613e-13	1.87123e-13	1.93353e-13	1.97859e-13	2.05734e-13	2.12906e-13	2.19254e-13	2.22797e-13	2.26508e-13	2.30904e-13	2.35835e-13	2.43883e-13	2.59028e-13	2.86804e-13	3.13228e-13	3.23895e-13	3.34009e-13	3.42541e-13	3.54986e-13	3.74077e-13	3.83572e-13	3.87456e-13	3.93216e-13	3.96534e-13	4.00672e-13	4.10098e-13	4.28763e-13	4.44746e-13	4.52799e-13	4.59947e-13	4.67027e-13	4.82632e-13	4.97967e-13	5.02512e-13	5.05151e-13	5.07656e-13	5.10311e-13	5.13228e-13	5.19558e-13	5.36751e-13	5.44263e-13	5.47274e-13	5.50686e-13	5.57136e-13	5.6382e-13	5.6649e-13	5.67668e-13	5.68652e-13	5.6979e-13	5.72694e-13	5.77461e-13	5.80146e-13	5.81296e-13	5.82349e-13	5.83759e-13	5.85213e-13	5.86077e-13	5.8664e-13	5.87123e-13	5.87408e-13	5.877e-13	5.87952e-13	5.88203e-13	5.88517e-13	5.88654e-13	5.8879e-13	5.88927e-13	5.89165e-13	5.89165e-13	5.89165e-13	5.89165e-13
728.879	3.31748e-14	1.08323e-14	1.13045e-14	5.45498e-13	1.07248e-13	1.18906e-13	1.21184e-13	1.22988e-13	1.2421e-13	1.24855e-13	1.25915e-13	1.26694e-13	1.27408e-13	1.28193e-13	1.28843e-13	1.29703e-13	1.30499e-13	1.31581e-13	1.33347e-13	1.35473e-13	1.37927e-13	1.46462e-13	1.82645e-13	1.95228e-13	2.01988e-13	2.07599e-13	2.12396e-13	2.22995e-13	2.29291e-13	2.3378e-13	2.37142e-13	2.40372e-13	2.44577e-13	2.48518e-13	2.56716e-13	2.74904e-13	2.95371e-13	3.15042e-13	3.24311e-13	3.31897e-13	3.39813e-13	3.50178e-13	3.62216e-13	3.70402e-13	3.73971e-13	3.78476e-13	3.82179e-13	3.86574e-13	3.9821e-13	4.19992e-13	4.35507e-13	4.42028e-13	4.48249e-13	4.54844e-13	4.67705e-13	4.79254e-13	4.83042e-13	4.85175e-13	4.86803e-13	4.89033e-13	4.92083e-13	4.95594e-13	5.02404e-13	5.07181e-13	5.09542e-13	5.12486e-13	5.18441e-13	5.23307e-13	5.25242e-13	5.2642e-13	5.27395e-13	5.28326e-13	5.30643e-13	5.34183e-13	5.36753e-13	5.37912e-13	5.38882e-13	5.40279e-13	5.4158e-13	5.42661e-13	5.4318e-13	5.43556e-13	5.43856e-13	5.4419e-13	5.44399e-13	5.44617e-13	5.44824e-13	5.44988e-13	5.45134e-13	5.45271e-13	5.45498e-13	5.45498e-13	5.45498e-13	5.45498e-13
731.897	3.31748e-14	9.79343e-15	1.1636e-14	5.09301e-13	1.02955e-13	1.14123e-13	1.16353e-13	1.18056e-13	1.19246e-13	1.19878e-13	1.20708e-13	1.21432e-13	1.22103e-13	1.22762e-13	1.23307e-13	1.24113e-13	1.24959e-13	1.26042e-13	1.27485e-13	1.2966e-13	1.32929e-13	1.4474e-13	1.82678e-13	1.92615e-13	1.97122e-13	2.02576e-13	2.06655e-13	2.15402e-13	2.2038e-13	2.24012e-13	2.27266e-13	2.29865e-13	2.33945e-13	2.37746e-13	2.47636e-13	2.65744e-13	2.85532e-13	3.00175e-13	3.07952e-13	3.1474e-13	3.23299e-13	3.33255e-13	3.42495e-13	3.49496e-13	3.52954e-13	3.56738e-13	3.61254e-13	3.65542e-13	3.77873e-13	3.99857e-13	4.14713e-13	4.20015e-13	4.25372e-13	4.3119e-13	4.41116e-13	4.48484e-13	4.52035e-13	4.53855e-13	4.55279e-13	4.57468e-13	4.61324e-13	4.69717e-13	4.75131e-13	4.78653e-13	4.81191e-13	4.84742e-13	4.89358e-13	4.92231e-13	4.93893e-13	4.94908e-13	4.95763e-13	4.96666e-13	4.98957e-13	5.00485e-13	5.01662e-13	5.02557e-13	5.03389e-13	5.04463e-13	5.05569e-13	5.06474e-13	5.06969e-13	5.07322e-13	5.07693e-13	5.08132e-13	5.08398e-13	5.08658e-13	5.088e-13	5.08909e-13	5.09009e-13	5.09114e-13	5.09301e-13	5.09301e-13	5.09301e-13	5.09301e-13
734.914	3.31748e-14	8.85169e-15	1.19719e-14	4.63816e-13	1.01509e-13	1.12695e-13	1.14836e-13	1.16461e-13	1.17648e-13	1.183e-13	1.19053e-13	1.19711e-13	1.204e-13	1.21125e-13	1.21611e-13	1.22333e-13	1.23189e-13	1.24146e-13	1.25344e-13	1.27101e-13	1.3099e-13	1.41516e-13	1.57501e-13	1.63532e-13	1.66934e-13	1.71771e-13	1.78426e-13	1.87768e-13	1.91463e-13	1.94393e-13	1.97255e-13	1.9972e-13	2.03754e-13	2.07734e-13	2.19555e-13	2.37131e-13	2.52048e-13	2.61466e-13	2.68327e-13	2.75079e-13	2.88043e-13	2.963e-13	3.02994e-13	3.08945e-13	3.12631e-13	3.15641e-13	3.20318e-13	3.25238e-13	3.37189e-13	3.64229e-13	3.73297e-13	3.7797e-13	3.83129e-13	3.91728e-13	3.97958e-13	4.02916e-13	4.05693e-13	4.07279e-13	4.08584e-13	4.10568e-13	4.15171e-13	4.21855e-13	4.278e-13	4.30277e-13	4.32892e-13	4.36684e-13	4.42217e-13	4.45221e-13	4.46531e-13	4.47481e-13	4.48351e-13	4.49248e-13	4.51764e-13	4.54251e-13	4.55958e-13	4.56857e-13	4.57902e-13	4.58979e-13	4.60006e-13	4.607e-13	4.61048e-13	4.61392e-13	4.61675e-13	4.62229e-13	4.6262e-13	4.63034e-13	4.63238e-13	4.63398e-13	4.63547e-13	4.63645e-13	4.63816e-13	4.63816e-13	4.63816e-13	4.63816e-13
737.931	3.31748e-14	8.38739e-15	1.24151e-14	4.51399e-13	1.0117e-13	1.12387e-13	1.1449e-13	1.16038e-13	1.17255e-13	1.17949e-13	1.18581e-13	1.19207e-13	1.19927e-13	1.20624e-13	1.21141e-13	1.21981e-13	1.22827e-13	1.23742e-13	1.24939e-13	1.26361e-13	1.31958e-13	1.40145e-13	1.48761e-13	1.53117e-13	1.55801e-13	1.61529e-13	1.66594e-13	1.72792e-13	1.7531e-13	1.77795e-13	1.80572e-13	1.8298e-13	1.87714e-13	1.93441e-13	2.09226e-13	2.30667e-13	2.44624e-13	2.52395e-13	2.59481e-13	2.65438e-13	2.79205e-13	2.89085e-13	2.94686e-13	2.99062e-13	3.02331e-13	3.0484e-13	3.097e-13	3.15314e-13	3.26884e-13	3.49333e-13	3.57634e-13	3.62038e-13	3.67779e-13	3.78977e-13	3.86412e-13	3.90777e-13	3.9343e-13	3.95016e-13	3.96557e-13	3.98539e-13	4.05277e-13	4.1398e-13	4.1907e-13	4.21137e-13	4.24227e-13	4.28121e-13	4.32924e-13	4.35268e-13	4.36419e-13	4.37203e-13	4.38002e-13	4.39159e-13	4.41156e-13	4.43084e-13	4.44322e-13	4.45157e-13	4.46356e-13	4.47615e-13	4.48619e-13	4.49386e-13	4.49745e-13	4.4997e-13	4.50149e-13	4.50403e-13	4.50607e-13	4.50812e-13	4.5093e-13	4.5104e-13	4.5119e-13	4.51268e-13	4.51399e-13	4.51399e-13	4.51399e-13	4.51399e-13
740.948	3.31748e-14	8.65262e-15	1.31705e-14	4.64956e-13	1.01682e-13	1.13005e-13	1.15142e-13	1.16659e-13	1.17877e-13	1.18618e-13	1.19292e-13	1.19976e-13	1.20763e-13	1.21511e-13	1.2203e-13	1.22831e-13	1.23691e-13	1.24683e-13	1.26025e-13	1.27789e-13	1.41562e-13	1.47544e-13	1.52353e-13	1.55546e-13	1.58323e-13	1.66652e-13	1.73017e-13	1.77073e-13	1.79422e-13	1.81786e-13	1.84375e-13	1.86627e-13	1.91705e-13	1.98585e-13	2.13476e-13	2.36818e-13	2.48475e-13	2.54185e-13	2.60878e-13	2.6628e-13	2.78299e-13	2.86945e-13	2.92075e-13	2.95633e-13	2.99144e-13	3.01901e-13	3.07088e-13	3.14205e-13	3.28497e-13	3.45002e-13	3.52072e-13	3.56416e-13	3.62459e-13	3.75613e-13	3.83544e-13	3.8656e-13	3.89065e-13	3.909e-13	3.92636e-13	3.94889e-13	4.02967e-13	4.21297e-13	4.28782e-13	4.31146e-13	4.34146e-13	4.39526e-13	4.44055e-13	4.4614e-13	4.47198e-13	4.48123e-13	4.49004e-13	4.50605e-13	4.53395e-13	4.556e-13	4.56692e-13	4.57492e-13	4.58682e-13	4.60052e-13	4.61398e-13	4.62212e-13	4.62574e-13	4.62859e-13	4.63147e-13	4.63505e-13	4.63776e-13	4.64059e-13	4.64256e-13	4.64416e-13	4.64579e-13	4.64737e-13	4.64956e-13	4.64956e-13	4.64956e-13	4.64956e-13
743.966	3.31748e-14	8.91689e-15	1.35171e-14	4.8713e-13	1.06075e-13	1.17994e-13	1.20282e-13	1.21876e-13	1.23182e-13	1.23986e-13	1.24636e-13	1.25308e-13	1.26216e-13	1.26958e-13	1.27463e-13	1.28338e-13	1.29282e-13	1.30561e-13	1.32437e-13	1.34951e-13	1.56684e-13	1.62509e-13	1.66123e-13	1.68906e-13	1.72081e-13	1.81698e-13	1.87183e-13	1.90511e-13	1.92847e-13	1.95089e-13	1.97538e-13	1.99821e-13	2.0537e-13	2.15852e-13	2.32296e-13	2.54061e-13	2.64835e-13	2.69443e-13	2.75498e-13	2.80909e-13	2.91363e-13	2.99457e-13	3.04224e-13	3.07393e-13	3.10979e-13	3.13824e-13	3.1938e-13	3.28086e-13	3.41208e-13	3.53643e-13	3.60718e-13	3.65559e-13	3.71828e-13	3.8907e-13	3.99586e-13	4.0285e-13	4.04774e-13	4.0651e-13	4.08206e-13	4.109e-13	4.18325e-13	4.35329e-13	4.42154e-13	4.44622e-13	4.47695e-13	4.55631e-13	4.62575e-13	4.64874e-13	4.66032e-13	4.66972e-13	4.68011e-13	4.69612e-13	4.73099e-13	4.76973e-13	4.78479e-13	4.79377e-13	4.80621e-13	4.82151e-13	4.8372e-13	4.8468e-13	4.85115e-13	4.85397e-13	4.85706e-13	4.85975e-13	4.86209e-13	4.86451e-13	4.86582e-13	4.86761e-13	4.86889e-13	4.86976e-13	4.8713e-13	4.8713e-13	4.8713e-13	4.8713e-13
746.983	3.31748e-14	8.36539e-15	1.28202e-14	4.80641e-13	1.14691e-13	1.2765e-13	1.30188e-13	1.31842e-13	1.33258e-13	1.3419e-13	1.34758e-13	1.3552e-13	1.3647e-13	1.37148e-13	1.37654e-13	1.38444e-13	1.39363e-13	1.4048e-13	1.42689e-13	1.45881e-13	1.71899e-13	1.76855e-13	1.79781e-13	1.82829e-13	1.87929e-13	2.00544e-13	2.04111e-13	2.0649e-13	2.08769e-13	2.11113e-13	2.13929e-13	2.16931e-13	2.22699e-13	2.35748e-13	2.53062e-13	2.70919e-13	2.7997e-13	2.84416e-13	2.91035e-13	2.98336e-13	3.09314e-13	3.16959e-13	3.21003e-13	3.23627e-13	3.27103e-13	3.2997e-13	3.34527e-13	3.4425e-13	3.55621e-13	3.62482e-13	3.68197e-13	3.73236e-13	3.79776e-13	3.95245e-13	4.06518e-13	4.09778e-13	4.11439e-13	4.13061e-13	4.14622e-13	4.17285e-13	4.22737e-13	4.34572e-13	4.39962e-13	4.42209e-13	4.44669e-13	4.52119e-13	4.60925e-13	4.63942e-13	4.65146e-13	4.65999e-13	4.66942e-13	4.68433e-13	4.70819e-13	4.72792e-13	4.7399e-13	4.74922e-13	4.75746e-13	4.767e-13	4.77467e-13	4.78021e-13	4.78526e-13	4.78807e-13	4.79157e-13	4.79411e-13	4.79818e-13	4.79971e-13	4.80131e-13	4.80308e-13	4.80389e-13	4.80472e-13	4.80641e-13	4.80641e-13	4.80641e-13	4.80641e-13
750	3.31748e-14	7.59954e-15	1.14877e-14	4.47727e-13	1.26552e-13	1.40815e-13	1.43688e-13	1.45495e-13	1.47052e-13	1.48183e-13	1.48821e-13	1.49571e-13	1.50586e-13	1.51377e-13	1.52039e-13	1.53008e-13	1.53972e-13	1.55199e-13	1.57305e-13	1.60248e-13	1.69743e-13	1.72534e-13	1.74637e-13	1.77354e-13	1.81672e-13	1.89287e-13	1.91359e-13	1.93122e-13	1.95551e-13	1.97762e-13	2.00376e-13	2.0412e-13	2.09153e-13	2.24071e-13	2.39565e-13	2.51823e-13	2.58962e-13	2.63416e-13	2.70625e-13	2.81643e-13	2.90491e-13	2.97799e-13	3.0146e-13	3.03884e-13	3.07361e-13	3.10544e-13	3.15334e-13	3.31686e-13	3.43021e-13	3.48812e-13	3.53655e-13	3.5877e-13	3.65522e-13	3.75436e-13	3.83192e-13	3.86042e-13	3.87574e-13	3.88936e-13	3.90612e-13	3.93354e-13	3.99312e-13	4.06943e-13	4.10602e-13	4.12649e-13	4.15393e-13	4.20172e-13	4.26332e-13	4.2894e-13	4.30096e-13	4.3079e-13	4.31538e-13	4.3332e-13	4.36048e-13	4.37842e-13	4.38785e-13	4.3978e-13	4.4117e-13	4.43039e-13	4.44638e-13	4.45298e-13	4.45691e-13	4.46014e-13	4.46418e-13	4.46626e-13	4.46851e-13	4.47064e-13	4.4723e-13	4.47365e-13	4.4745e-13	4.47538e-13	4.47727e-13	4.47727e-13	4.47727e-13	4.47727e-13
753.017	3.31748e-14	7.97931e-15	1.07938e-14	4.9056e-13	1.40101e-13	1.55984e-13	1.59214e-13	1.6125e-13	1.62959e-13	1.64183e-13	1.64996e-13	1.6567e-13	1.66593e-13	1.67453e-13	1.68044e-13	1.69133e-13	1.70298e-13	1.71691e-13	1.7434e-13	1.82512e-13	1.90163e-13	1.92777e-13	1.95139e-13	1.99185e-13	2.05701e-13	2.09494e-13	2.11428e-13	2.13008e-13	2.15664e-13	2.1797e-13	2.21285e-13	2.26975e-13	2.3459e-13	2.54059e-13	2.65228e-13	2.74383e-13	2.80643e-13	2.85166e-13	2.93709e-13	3.09399e-13	3.17282e-13	3.23353e-13	3.27122e-13	3.29689e-13	3.33203e-13	3.37643e-13	3.43908e-13	3.70502e-13	3.89717e-13	3.95437e-13	4.00033e-13	4.05919e-13	4.1555e-13	4.24485e-13	4.30079e-13	4.33164e-13	4.34656e-13	4.36058e-13	4.38023e-13	4.4165e-13	4.50704e-13	4.56578e-13	4.59935e-13	4.62347e-13	4.66356e-13	4.69934e-13	4.7255e-13	4.7467e-13	4.75688e-13	4.76352e-13	4.77177e-13	4.78688e-13	4.81179e-13	4.8307e-13	4.84082e-13	4.84936e-13	4.85853e-13	4.86949e-13	4.87668e-13	4.88226e-13	4.88525e-13	4.88832e-13	4.89152e-13	4.89446e-13	4.89697e-13	4.89881e-13	4.9007e-13	4.90213e-13	4.90291e-13	4.904e-13	4.9056e-13	4.9056e-13	4.9056e-13	4.9056e-13
756.034	3.31748e-14	8.42349e-15	9.75543e-15	5.25112e-13	1.58295e-13	1.7628e-13	1.80106e-13	1.82371e-13	1.84256e-13	1.85589e-13	1.86493e-13	1.87361e-13	1.88549e-13	1.89651e-13	1.90455e-13	1.9161e-13	1.93076e-13	1.94728e-13	1.96941e-13	1.99949e-13	2.03815e-13	2.06276e-13	2.08855e-13	2.16222e-13	2.24875e-13	2.28047e-13	2.30398e-13	2.32041e-13	2.3505e-13	2.37719e-13	2.42319e-13	2.48641e-13	2.56307e-13	2.79842e-13	2.90265e-13	2.97663e-13	3.03706e-13	3.09418e-13	3.19601e-13	3.37537e-13	3.458e-13	3.5094e-13	3.54493e-13	3.57009e-13	3.59913e-13	3.64889e-13	3.70619e-13	3.90263e-13	4.10524e-13	4.15789e-13	4.20201e-13	4.28036e-13	4.41257e-13	4.4975e-13	4.53917e-13	4.56573e-13	4.5812e-13	4.59344e-13	4.61416e-13	4.65017e-13	4.73815e-13	4.81622e-13	4.84666e-13	4.87746e-13	4.93537e-13	5.00305e-13	5.02772e-13	5.04613e-13	5.05625e-13	5.06373e-13	5.07366e-13	5.09552e-13	5.13113e-13	5.15001e-13	5.15932e-13	5.17151e-13	5.18609e-13	5.20512e-13	5.21557e-13	5.22035e-13	5.22377e-13	5.22717e-13	5.23111e-13	5.23634e-13	5.23992e-13	5.24314e-13	5.24556e-13	5.24706e-13	5.24807e-13	5.24941e-13	5.25112e-13	5.25112e-13	5.25112e-13	5.25112e-13
759.052	3.31748e-14	8.63752e-15	8.27316e-15	5.63243e-13	1.84542e-13	2.05665e-13	2.10153e-13	2.12691e-13	2.14755e-13	2.16307e-13	2.17369e-13	2.18606e-13	2.20109e-13	2.21556e-13	2.22668e-13	2.23856e-13	2.25513e-13	2.27512e-13	2.30389e-13	2.34031e-13	2.37141e-13	2.3992e-13	2.43757e-13	2.59474e-13	2.66225e-13	2.68594e-13	2.71122e-13	2.7268e-13	2.75943e-13	2.79154e-13	2.85547e-13	2.95108e-13	3.07794e-13	3.3253e-13	3.43402e-13	3.49772e-13	3.55868e-13	3.62866e-13	3.71967e-13	3.83568e-13	3.89902e-13	3.94172e-13	3.97952e-13	4.0108e-13	4.04033e-13	4.10825e-13	4.2018e-13	4.35143e-13	4.52926e-13	4.58184e-13	4.62145e-13	4.70228e-13	4.85159e-13	4.95525e-13	4.98979e-13	5.01489e-13	5.033e-13	5.04701e-13	5.07097e-13	5.11426e-13	5.17184e-13	5.2191e-13	5.24204e-13	5.27327e-13	5.33088e-13	5.39671e-13	5.43088e-13	5.44588e-13	5.45659e-13	5.46467e-13	5.47423e-13	5.48753e-13	5.50866e-13	5.52335e-13	5.53256e-13	5.54493e-13	5.55986e-13	5.57974e-13	5.59482e-13	5.59956e-13	5.60323e-13	5.6068e-13	5.6104e-13	5.61532e-13	5.61951e-13	5.62309e-13	5.62626e-13	5.62741e-13	5.62892e-13	5.63056e-13	5.63243e-13	5.63243e-13	5.63243e-13	5.63243e-13
762.069	3.31748e-14	9.03361e-15	6.70366e-15	6.0874e-13	2.13163e-13	2.37834e-13	2.43028e-13	2.45793e-13	2.48041e-13	2.49865e-13	2.50922e-13	2.52379e-13	2.54031e-13	2.55792e-13	2.57233e-13	2.58521e-13	2.60553e-13	2.6267e-13	2.65743e-13	2.69308e-13	2.71689e-13	2.75107e-13	2.81713e-13	2.99613e-13	3.02854e-13	3.0487e-13	3.07306e-13	3.09236e-13	3.13542e-13	3.16953e-13	3.23508e-13	3.38473e-13	3.54939e-13	3.74957e-13	3.84597e-13	3.8975e-13	3.963e-13	4.04145e-13	4.12865e-13	4.24302e-13	4.3127e-13	4.35025e-13	4.38869e-13	4.41938e-13	4.44914e-13	4.53279e-13	4.63901e-13	4.7687e-13	4.87429e-13	4.92193e-13	4.96197e-13	5.05886e-13	5.18825e-13	5.27866e-13	5.31155e-13	5.33481e-13	5.35599e-13	5.37085e-13	5.39923e-13	5.47713e-13	5.59985e-13	5.64429e-13	5.66721e-13	5.70179e-13	5.78189e-13	5.85575e-13	5.90202e-13	5.91516e-13	5.92585e-13	5.93528e-13	5.94604e-13	5.96272e-13	5.98535e-13	5.99678e-13	6.00402e-13	6.01426e-13	6.02933e-13	6.04627e-13	6.05929e-13	6.06546e-13	6.0685e-13	6.07099e-13	6.07323e-13	6.07547e-13	6.0772e-13	6.07926e-13	6.08108e-13	6.08247e-13	6.08424e-13	6.08568e-13	6.0874e-13	6.0874e-13	6.0874e-13	6.0874e-13
765.086	3.31748e-14	1.00324e-14	6.0482e-15	6.85636e-13	2.48371e-13	2.76876e-13	2.83273e-13	2.86485e-13	2.8915e-13	2.91471e-13	2.92872e-13	2.94261e-13	2.95921e-13	2.97973e-13	2.99591e-13	3.01279e-13	3.03666e-13	3.05876e-13	3.08649e-13	3.12076e-13	3.1449e-13	3.18492e-13	3.26227e-13	3.41988e-13	3.4504e-13	3.46686e-13	3.48806e-13	3.5053e-13	3.54929e-13	3.59164e-13	3.66358e-13	3.84221e-13	4.04685e-13	4.19672e-13	4.28928e-13	4.33724e-13	4.41143e-13	4.50908e-13	4.62498e-13	4.71404e-13	4.7765e-13	4.80782e-13	4.84455e-13	4.87566e-13	4.90692e-13	5.00032e-13	5.17205e-13	5.34684e-13	5.43048e-13	5.485e-13	5.52487e-13	5.6348e-13	5.79345e-13	5.85893e-13	5.8948e-13	5.91807e-13	5.9398e-13	5.95669e-13	5.98633e-13	6.09802e-13	6.24632e-13	6.29374e-13	6.31736e-13	6.34672e-13	6.45888e-13	6.57059e-13	6.61277e-13	6.62794e-13	6.63782e-13	6.64953e-13	6.66291e-13	6.68945e-13	6.7308e-13	6.74768e-13	6.75651e-13	6.76954e-13	6.7887e-13	6.80668e-13	6.82193e-13	6.82951e-13	6.83348e-13	6.83628e-13	6.84001e-13	6.84255e-13	6.84527e-13	6.84718e-13	6.84961e-13	6.85065e-13	6.85274e-13	6.85388e-13	6.85636e-13	6.85636e-13	6.85636e-13	6.85636e-13
768.103	3.31748e-14	9.14525e-15	3.71221e-15	6.57113e-13	2.91795e-13	3.25452e-13	3.32916e-13	3.36635e-13	3.39683e-13	3.42326e-13	3.44079e-13	3.4559e-13	3.47206e-13	3.49103e-13	3.50564e-13	3.51795e-13	3.54043e-13	3.56066e-13	3.58409e-13	3.61299e-13	3.63361e-13	3.66828e-13	3.75846e-13	3.81519e-13	3.83413e-13	3.84537e-13	3.86252e-13	3.88075e-13	3.91475e-13	3.9601e-13	4.02527e-13	4.1901e-13	4.34143e-13	4.41576e-13	4.48034e-13	4.51876e-13	4.57308e-13	4.65123e-13	4.73744e-13	4.78962e-13	4.83284e-13	4.85445e-13	4.88181e-13	4.90831e-13	4.93944e-13	5.02451e-13	5.21121e-13	5.33676e-13	5.38975e-13	5.4412e-13	5.48338e-13	5.56704e-13	5.70639e-13	5.75485e-13	5.78265e-13	5.79924e-13	5.81639e-13	5.8318e-13	5.8584e-13	5.95517e-13	6.09436e-13	6.13049e-13	6.15172e-13	6.17295e-13	6.25524e-13	6.33342e-13	6.35949e-13	6.3717e-13	6.37821e-13	6.38724e-13	6.40105e-13	6.425e-13	6.45635e-13	6.47078e-13	6.47799e-13	6.49113e-13	6.51198e-13	6.5317e-13	6.54345e-13	6.54875e-13	6.55206e-13	6.55502e-13	6.55839e-13	6.56076e-13	6.56283e-13	6.56474e-13	6.56643e-13	6.56732e-13	6.56864e-13	6.56933e-13	6.57113e-13	6.57113e-13	6.57113e-13	6.57113e-13
771.121	3.31748e-14	9.21412e-15	3.54886e-15	6.96891e-13	3.28595e-13	3.6604e-13	3.74913e-13	3.79255e-13	3.82769e-13	3.85824e-13	3.88011e-13	3.89848e-13	3.91645e-13	3.93741e-13	3.95433e-13	3.96618e-13	3.98613e-13	4.0055e-13	4.02896e-13	4.0514e-13	4.06626e-13	4.10776e-13	4.16513e-13	4.19918e-13	4.21638e-13	4.22837e-13	4.24724e-13	4.26918e-13	4.29944e-13	4.34902e-13	4.41625e-13	4.5728e-13	4.73965e-13	4.814e-13	4.867e-13	4.90614e-13	4.97788e-13	5.08438e-13	5.21129e-13	5.26535e-13	5.31213e-13	5.33655e-13	5.36325e-13	5.38981e-13	5.4251e-13	5.52293e-13	5.77375e-13	5.90013e-13	5.9482e-13	6.00142e-13	6.05301e-13	6.14927e-13	6.26297e-13	6.30575e-13	6.33055e-13	6.34379e-13	6.3597e-13	6.37741e-13	6.40294e-13	6.47023e-13	6.54922e-13	6.58145e-13	6.59949e-13	6.62817e-13	6.68801e-13	6.76282e-13	6.79188e-13	6.80355e-13	6.80983e-13	6.81682e-13	6.83025e-13	6.85352e-13	6.87429e-13	6.88473e-13	6.89203e-13	6.90087e-13	6.91551e-13	6.93118e-13	6.94091e-13	6.94661e-13	6.94958e-13	6.95235e-13	6.95493e-13	6.95791e-13	6.96057e-13	6.96282e-13	6.964e-13	6.96577e-13	6.96645e-13	6.96726e-13	6.96891e-13	6.96891e-13	6.96891e-13	6.96891e-13
774.138	3.31748e-14	8.25148e-15	3.46967e-15	6.62005e-13	3.63095e-13	4.04557e-13	4.14597e-13	4.19349e-13	4.22943e-13	4.26178e-13	4.28543e-13	4.30305e-13	4.31924e-13	4.33734e-13	4.35271e-13	4.36294e-13	4.38184e-13	4.39801e-13	4.4182e-13	4.43808e-13	4.45093e-13	4.49785e-13	4.52087e-13	4.5409e-13	4.55361e-13	4.56327e-13	4.57934e-13	4.59991e-13	4.62347e-13	4.67217e-13	4.72396e-13	4.83748e-13	4.97116e-13	5.02723e-13	5.07381e-13	5.10827e-13	5.17566e-13	5.31091e-13	5.40577e-13	5.43711e-13	5.46579e-13	5.48272e-13	5.50303e-13	5.52773e-13	5.56138e-13	5.6321e-13	5.79143e-13	5.87046e-13	5.90332e-13	5.94927e-13	5.99451e-13	6.04948e-13	6.11464e-13	6.14309e-13	6.15774e-13	6.16689e-13	6.17763e-13	6.1923e-13	6.21506e-13	6.27117e-13	6.31229e-13	6.33282e-13	6.34605e-13	6.3731e-13	6.41303e-13	6.45279e-13	6.47045e-13	6.47818e-13	6.483e-13	6.48741e-13	6.49761e-13	6.51932e-13	6.5343e-13	6.54286e-13	6.54848e-13	6.55654e-13	6.57224e-13	6.59066e-13	6.59804e-13	6.60156e-13	6.60468e-13	6.60687e-13	6.60874e-13	6.61085e-13	6.61267e-13	6.61408e-13	6.61524e-13	6.61662e-13	6.61696e-13	6.618e-13	6.62005e-13	6.62005e-13	6.62005e-13	6.62005e-13
777.155	3.31748e-14	7.06226e-15	4.36953e-15	6.02918e-13	3.74729e-13	4.17686e-13	4.28155e-13	4.33016e-13	4.36633e-13	4.39888e-13	4.42395e-13	4.44127e-13	4.45685e-13	4.47546e-13	4.49096e-13	4.50071e-13	4.51418e-13	4.52633e-13	4.54014e-13	4.55613e-13	4.56993e-13	4.62735e-13	4.65446e-13	4.66762e-13	4.67837e-13	4.68686e-13	4.69801e-13	4.71339e-13	4.73273e-13	4.77969e-13	4.82423e-13	4.89486e-13	4.96904e-13	5.00014e-13	5.02872e-13	5.06157e-13	5.12285e-13	5.23238e-13	5.28625e-13	5.30657e-13	5.32914e-13	5.34016e-13	5.35282e-13	5.37046e-13	5.396e-13	5.4565e-13	5.52756e-13	5.56163e-13	5.5807e-13	5.60902e-13	5.64502e-13	5.69056e-13	5.71799e-13	5.73292e-13	5.74119e-13	5.74664e-13	5.75299e-13	5.76263e-13	5.77734e-13	5.80658e-13	5.83156e-13	5.8435e-13	5.85379e-13	5.87621e-13	5.90314e-13	5.91888e-13	5.92728e-13	5.93219e-13	5.93593e-13	5.93933e-13	5.94593e-13	5.96732e-13	5.97946e-13	5.98503e-13	5.98903e-13	5.99437e-13	6.00193e-13	6.00781e-13	6.0112e-13	6.01315e-13	6.01493e-13	6.01678e-13	6.01903e-13	6.02122e-13	6.02386e-13	6.02531e-13	6.02656e-13	6.02738e-13	6.02764e-13	6.02804e-13	6.02918e-13	6.02918e-13	6.02918e-13	6.02918e-13
780.172	3.31748e-14	6.47841e-15	6.44724e-15	5.73457e-13	3.71554e-13	4.14376e-13	4.24918e-13	4.29781e-13	4.33394e-13	4.36397e-13	4.38728e-13	4.40436e-13	4.41956e-13	4.43534e-13	4.44809e-13	4.45714e-13	4.46942e-13	4.47958e-13	4.49049e-13	4.50345e-13	4.51693e-13	4.56903e-13	4.58394e-13	4.5918e-13	4.60051e-13	4.60793e-13	4.61744e-13	4.63064e-13	4.64556e-13	4.69995e-13	4.75002e-13	4.81452e-13	4.86455e-13	4.88727e-13	4.90948e-13	4.93349e-13	4.97981e-13	5.05473e-13	5.08945e-13	5.10397e-13	5.11883e-13	5.1284e-13	5.13749e-13	5.15268e-13	5.17585e-13	5.23624e-13	5.2788e-13	5.29971e-13	5.31612e-13	5.3388e-13	5.38235e-13	5.42548e-13	5.44491e-13	5.45654e-13	5.46308e-13	5.46869e-13	5.47325e-13	5.48281e-13	5.50212e-13	5.52271e-13	5.53583e-13	5.54431e-13	5.55436e-13	5.57775e-13	5.62776e-13	5.65108e-13	5.65796e-13	5.66263e-13	5.66584e-13	5.6691e-13	5.67303e-13	5.68435e-13	5.69332e-13	5.69794e-13	5.70104e-13	5.70666e-13	5.71313e-13	5.71863e-13	5.72199e-13	5.72353e-13	5.72493e-13	5.72623e-13	5.72776e-13	5.72904e-13	5.7303e-13	5.73123e-13	5.73188e-13	5.73316e-13	5.73343e-13	5.73367e-13	5.73457e-13	5.73457e-13	5.73457e-13	5.73457e-13
783.19	3.31748e-14	5.7132e-15	8.18065e-15	5.31543e-13	3.68742e-13	4.11348e-13	4.21994e-13	4.2678e-13	4.30209e-13	4.33216e-13	4.35504e-13	4.37106e-13	4.38447e-13	4.39844e-13	4.40948e-13	4.41799e-13	4.42893e-13	4.43712e-13	4.4458e-13	4.45561e-13	4.46679e-13	4.50475e-13	4.51466e-13	4.52045e-13	4.52713e-13	4.53301e-13	4.54169e-13	4.55345e-13	4.5642e-13	4.60089e-13	4.63835e-13	4.67429e-13	4.69454e-13	4.70801e-13	4.72276e-13	4.74446e-13	4.78357e-13	4.83457e-13	4.85632e-13	4.86445e-13	4.8737e-13	4.88133e-13	4.88778e-13	4.89913e-13	4.91596e-13	4.95439e-13	4.97967e-13	4.9936e-13	5.00541e-13	5.02223e-13	5.08179e-13	5.11513e-13	5.12908e-13	5.1367e-13	5.14215e-13	5.14666e-13	5.15018e-13	5.15743e-13	5.1756e-13	5.19628e-13	5.20459e-13	5.21041e-13	5.21873e-13	5.23134e-13	5.25144e-13	5.26425e-13	5.26776e-13	5.27039e-13	5.27226e-13	5.27423e-13	5.27627e-13	5.27954e-13	5.28313e-13	5.28571e-13	5.28791e-13	5.29238e-13	5.29874e-13	5.30397e-13	5.30618e-13	5.30747e-13	5.30864e-13	5.30964e-13	5.31054e-13	5.31145e-13	5.31234e-13	5.31285e-13	5.3134e-13	5.31412e-13	5.31431e-13	5.31453e-13	5.31543e-13	5.31543e-13	5.31543e-13	5.31543e-13
786.207	3.31748e-14	4.96129e-15	9.36639e-15	4.84893e-13	3.64544e-13	4.06333e-13	4.17031e-13	4.21887e-13	4.25215e-13	4.28135e-13	4.30384e-13	4.31958e-13	4.33158e-13	4.34388e-13	4.35363e-13	4.36213e-13	4.37044e-13	4.37637e-13	4.38239e-13	4.38974e-13	4.39844e-13	4.41145e-13	4.41612e-13	4.41993e-13	4.42477e-13	4.42878e-13	4.43475e-13	4.44268e-13	4.44919e-13	4.47132e-13	4.48736e-13	4.49916e-13	4.50863e-13	4.51581e-13	4.52857e-13	4.54926e-13	4.57e-13	4.58895e-13	4.59862e-13	4.60323e-13	4.60773e-13	4.6119e-13	4.61511e-13	4.62217e-13	4.63255e-13	4.64661e-13	4.65542e-13	4.66173e-13	4.66777e-13	4.67586e-13	4.70564e-13	4.72301e-13	4.7291e-13	4.7327e-13	4.73586e-13	4.73806e-13	4.74032e-13	4.74453e-13	4.75854e-13	4.77822e-13	4.78335e-13	4.78715e-13	4.7921e-13	4.80188e-13	4.81229e-13	4.81639e-13	4.81826e-13	4.81958e-13	4.82092e-13	4.82237e-13	4.82587e-13	4.83037e-13	4.83237e-13	4.83369e-13	4.83497e-13	4.83653e-13	4.83828e-13	4.84007e-13	4.84087e-13	4.84136e-13	4.84202e-13	4.84313e-13	4.84399e-13	4.84518e-13	4.84597e-13	4.84695e-13	4.84752e-13	4.8479e-13	4.84805e-13	4.84824e-13	4.84893e-13	4.84893e-13	4.84893e-13	4.84893e-13
789.224	3.31748e-14	4.6001e-15	1.01061e-14	4.65232e-13	3.55254e-13	3.96158e-13	4.06745e-13	4.11478e-13	4.14626e-13	4.17321e-13	4.19471e-13	4.21003e-13	4.22121e-13	4.23144e-13	4.24083e-13	4.2491e-13	4.25676e-13	4.26229e-13	4.26747e-13	4.27385e-13	4.29083e-13	4.30354e-13	4.3077e-13	4.31118e-13	4.3151e-13	4.31842e-13	4.32253e-13	4.32886e-13	4.33276e-13	4.34283e-13	4.35423e-13	4.3626e-13	4.36839e-13	4.37325e-13	4.38e-13	4.39575e-13	4.40666e-13	4.41716e-13	4.42296e-13	4.42622e-13	4.42922e-13	4.43276e-13	4.43604e-13	4.44379e-13	4.46016e-13	4.47969e-13	4.49127e-13	4.49705e-13	4.50215e-13	4.50714e-13	4.52098e-13	4.53525e-13	4.53893e-13	4.54136e-13	4.54335e-13	4.54537e-13	4.54798e-13	4.55258e-13	4.56974e-13	4.589e-13	4.59421e-13	4.59716e-13	4.60123e-13	4.60797e-13	4.61667e-13	4.61957e-13	4.62114e-13	4.62249e-13	4.62378e-13	4.62591e-13	4.62994e-13	4.63548e-13	4.63902e-13	4.64055e-13	4.64186e-13	4.6434e-13	4.6449e-13	4.64635e-13	4.64728e-13	4.64772e-13	4.6481e-13	4.64885e-13	4.64923e-13	4.64987e-13	4.65019e-13	4.65071e-13	4.65097e-13	4.65165e-13	4.65184e-13	4.652e-13	4.65232e-13	4.65232e-13	4.65232e-13	4.65232e-13
792.241	3.31748e-14	4.64074e-15	1.03054e-14	4.74298e-13	3.48223e-13	3.88184e-13	3.98743e-13	4.035e-13	4.06452e-13	4.09121e-13	4.11268e-13	4.12808e-13	4.13874e-13	4.14866e-13	4.15765e-13	4.16546e-13	4.17299e-13	4.17869e-13	4.18407e-13	4.19207e-13	4.22965e-13	4.24767e-13	4.25217e-13	4.25608e-13	4.26047e-13	4.26411e-13	4.26851e-13	4.27559e-13	4.28136e-13	4.3005e-13	4.31356e-13	4.32321e-13	4.33071e-13	4.33835e-13	4.34918e-13	4.3818e-13	4.39637e-13	4.40636e-13	4.41348e-13	4.41821e-13	4.4221e-13	4.42771e-13	4.43331e-13	4.44662e-13	4.47619e-13	4.49897e-13	4.51068e-13	4.51803e-13	4.5259e-13	4.53463e-13	4.54514e-13	4.56063e-13	4.5647e-13	4.5676e-13	4.57047e-13	4.57357e-13	4.57752e-13	4.5856e-13	4.61648e-13	4.64126e-13	4.64909e-13	4.65333e-13	4.66066e-13	4.67204e-13	4.68378e-13	4.68723e-13	4.68936e-13	4.6911e-13	4.69287e-13	4.6961e-13	4.70264e-13	4.71049e-13	4.71586e-13	4.71787e-13	4.7202e-13	4.72345e-13	4.72706e-13	4.73008e-13	4.73173e-13	4.7324e-13	4.73346e-13	4.73482e-13	4.73622e-13	4.73844e-13	4.73972e-13	4.74067e-13	4.74118e-13	4.74182e-13	4.74214e-13	4.74234e-13	4.74298e-13	4.74298e-13	4.74298e-13	4.74298e-13
795.259	3.31748e-14	4.81532e-15	9.75481e-15	4.92035e-13	3.3896e-13	3.77897e-13	3.88377e-13	3.93118e-13	3.96004e-13	3.98551e-13	4.00591e-13	4.02209e-13	4.03259e-13	4.04183e-13	4.05145e-13	4.05919e-13	4.06723e-13	4.07335e-13	4.07845e-13	4.08739e-13	4.11564e-13	4.13386e-13	4.1389e-13	4.14313e-13	4.1485e-13	4.15342e-13	4.15838e-13	4.17033e-13	4.18386e-13	4.23555e-13	4.26249e-13	4.27373e-13	4.28307e-13	4.29377e-13	4.30586e-13	4.33811e-13	4.35164e-13	4.36027e-13	4.36795e-13	4.37426e-13	4.38053e-13	4.38843e-13	4.398e-13	4.42268e-13	4.50081e-13	4.54798e-13	4.56609e-13	4.57559e-13	4.58711e-13	4.60597e-13	4.62123e-13	4.63575e-13	4.641e-13	4.64534e-13	4.64934e-13	4.65421e-13	4.66095e-13	4.6774e-13	4.7176e-13	4.75135e-13	4.76405e-13	4.7712e-13	4.78195e-13	4.80203e-13	4.81911e-13	4.82416e-13	4.8273e-13	4.82965e-13	4.83257e-13	4.83831e-13	4.8498e-13	4.86257e-13	4.87076e-13	4.87355e-13	4.87849e-13	4.8901e-13	4.90081e-13	4.90696e-13	4.90973e-13	4.9108e-13	4.91224e-13	4.91343e-13	4.91456e-13	4.91574e-13	4.91649e-13	4.91762e-13	4.91828e-13	4.91881e-13	4.91935e-13	4.91968e-13	4.92035e-13	4.92035e-13	4.92035e-13	4.92035e-13
798.276	3.31748e-14	5.24877e-15	8.68218e-15	5.29708e-13	3.33968e-13	3.71885e-13	3.82462e-13	3.87377e-13	3.90135e-13	3.92652e-13	3.94776e-13	3.96497e-13	3.97551e-13	3.98489e-13	3.99565e-13	4.00317e-13	4.01187e-13	4.01937e-13	4.02635e-13	4.04208e-13	4.07856e-13	4.09428e-13	4.10001e-13	4.10438e-13	4.1107e-13	4.11643e-13	4.1229e-13	4.1419e-13	4.16245e-13	4.22118e-13	4.2579e-13	4.27343e-13	4.28707e-13	4.30291e-13	4.32049e-13	4.38665e-13	4.41562e-13	4.42795e-13	4.44103e-13	4.4512e-13	4.46088e-13	4.47408e-13	4.49182e-13	4.5189e-13	4.62138e-13	4.69669e-13	4.71927e-13	4.7338e-13	4.75415e-13	4.79199e-13	4.82115e-13	4.84186e-13	4.8533e-13	4.85998e-13	4.86538e-13	4.87257e-13	4.88375e-13	4.91007e-13	4.96301e-13	4.99587e-13	5.01228e-13	5.02346e-13	5.03969e-13	5.07091e-13	5.09812e-13	5.10772e-13	5.11236e-13	5.1166e-13	5.12152e-13	5.13467e-13	5.1666e-13	5.20077e-13	5.21704e-13	5.22268e-13	5.22878e-13	5.24404e-13	5.26253e-13	5.27534e-13	5.28088e-13	5.28354e-13	5.28544e-13	5.28762e-13	5.28916e-13	5.29078e-13	5.29198e-13	5.29327e-13	5.29392e-13	5.29502e-13	5.29571e-13	5.29625e-13	5.29708e-13	5.29708e-13	5.29708e-13	5.29708e-13
801.293	3.31748e-14	5.78295e-15	7.09576e-15	5.80082e-13	3.32213e-13	3.70169e-13	3.80849e-13	3.8572e-13	3.88387e-13	3.90824e-13	3.92828e-13	3.94616e-13	3.95701e-13	3.96509e-13	3.97776e-13	3.98562e-13	3.99526e-13	4.00378e-13	4.01334e-13	4.03657e-13	4.09522e-13	4.10992e-13	4.11734e-13	4.12216e-13	4.1298e-13	4.13833e-13	4.15016e-13	4.18886e-13	4.23486e-13	4.28218e-13	4.32961e-13	4.34683e-13	4.3629e-13	4.38619e-13	4.42314e-13	4.49471e-13	4.53773e-13	4.55195e-13	4.569e-13	4.58362e-13	4.59798e-13	4.61861e-13	4.64972e-13	4.69876e-13	4.84195e-13	4.92098e-13	4.95084e-13	4.97205e-13	5.00557e-13	5.06866e-13	5.11871e-13	5.14031e-13	5.1582e-13	5.16769e-13	5.17562e-13	5.18764e-13	5.20585e-13	5.24439e-13	5.31047e-13	5.34513e-13	5.36493e-13	5.3829e-13	5.42438e-13	5.49643e-13	5.53766e-13	5.55638e-13	5.56421e-13	5.57096e-13	5.5777e-13	5.59773e-13	5.64982e-13	5.70068e-13	5.72124e-13	5.72922e-13	5.73565e-13	5.74428e-13	5.7561e-13	5.76652e-13	5.77368e-13	5.7773e-13	5.78011e-13	5.78304e-13	5.78647e-13	5.78969e-13	5.79161e-13	5.79331e-13	5.79456e-13	5.79642e-13	5.79757e-13	5.79834e-13	5.80082e-13	5.80082e-13	5.80082e-13	5.80082e-13
804.31	3.31748e-14	6.37223e-15	5.33746e-15	6.46153e-13	3.24279e-13	3.61221e-13	3.7186e-13	3.76793e-13	3.79566e-13	3.81843e-13	3.83754e-13	3.85621e-13	3.86789e-13	3.87611e-13	3.88769e-13	3.89579e-13	3.90592e-13	3.91567e-13	3.92787e-13	3.96525e-13	4.05902e-13	4.07968e-13	4.08966e-13	4.09674e-13	4.1096e-13	4.12234e-13	4.1437e-13	4.22993e-13	4.38478e-13	4.44823e-13	4.50519e-13	4.53367e-13	4.5619e-13	4.61142e-13	4.69385e-13	4.78222e-13	4.83847e-13	4.85621e-13	4.87704e-13	4.8955e-13	4.91705e-13	4.94558e-13	5.00233e-13	5.0716e-13	5.19856e-13	5.28173e-13	5.31879e-13	5.35245e-13	5.42287e-13	5.52984e-13	5.59994e-13	5.62252e-13	5.64368e-13	5.65606e-13	5.66803e-13	5.68562e-13	5.7147e-13	5.79156e-13	5.89432e-13	5.94005e-13	5.96463e-13	5.99071e-13	6.03224e-13	6.105e-13	6.15197e-13	6.17157e-13	6.18235e-13	6.19101e-13	6.19916e-13	6.21574e-13	6.28639e-13	6.36297e-13	6.39032e-13	6.39985e-13	6.40982e-13	6.41732e-13	6.42349e-13	6.42932e-13	6.43465e-13	6.43864e-13	6.44203e-13	6.44477e-13	6.44806e-13	6.45135e-13	6.45362e-13	6.45596e-13	6.45732e-13	6.4583e-13	6.45907e-13	6.45967e-13	6.46153e-13	6.46153e-13	6.46153e-13	6.46153e-13
807.328	3.31748e-14	6.69238e-15	3.25633e-15	6.88184e-13	3.19148e-13	3.55153e-13	3.65765e-13	3.7075e-13	3.73263e-13	3.75772e-13	3.77727e-13	3.79683e-13	3.8093e-13	3.81958e-13	3.83183e-13	3.83966e-13	3.84854e-13	3.85738e-13	3.86919e-13	3.90507e-13	3.98538e-13	4.00266e-13	4.01375e-13	4.02191e-13	4.03719e-13	4.05764e-13	4.09145e-13	4.22776e-13	4.41127e-13	4.47605e-13	4.53148e-13	4.55771e-13	4.59553e-13	4.68183e-13	4.78047e-13	4.84745e-13	4.89197e-13	4.91197e-13	4.93677e-13	4.96104e-13	4.98698e-13	5.02925e-13	5.14523e-13	5.28402e-13	5.38158e-13	5.45396e-13	5.4974e-13	5.54046e-13	5.6251e-13	5.76247e-13	5.82991e-13	5.85416e-13	5.87825e-13	5.89583e-13	5.91099e-13	5.93238e-13	5.98364e-13	6.14802e-13	6.3387e-13	6.38334e-13	6.41138e-13	6.44708e-13	6.49612e-13	6.54537e-13	6.58226e-13	6.59866e-13	6.60932e-13	6.61744e-13	6.62741e-13	6.65349e-13	6.70588e-13	6.74568e-13	6.76527e-13	6.7754e-13	6.79103e-13	6.81429e-13	6.83162e-13	6.84212e-13	6.84684e-13	6.85226e-13	6.8557e-13	6.86001e-13	6.86435e-13	6.86791e-13	6.87173e-13	6.87421e-13	6.87589e-13	6.87779e-13	6.87876e-13	6.87988e-13	6.88184e-13	6.88184e-13	6.88184e-13	6.88184e-13
810.345	3.31748e-14	7.6077e-15	2.34295e-15	7.66208e-13	3.08415e-13	3.43442e-13	3.5368e-13	3.58448e-13	3.60693e-13	3.6304e-13	3.64794e-13	3.66549e-13	3.67824e-13	3.68836e-13	3.70373e-13	3.71249e-13	3.7216e-13	3.73069e-13	3.74261e-13	3.7676e-13	3.82627e-13	3.8412e-13	3.85259e-13	3.86286e-13	3.88393e-13	3.91641e-13	3.96044e-13	4.11085e-13	4.29356e-13	4.35879e-13	4.40865e-13	4.44639e-13	4.49629e-13	4.65106e-13	4.84712e-13	4.91905e-13	4.9748e-13	4.9997e-13	5.02773e-13	5.06312e-13	5.10761e-13	5.16726e-13	5.32802e-13	5.55954e-13	5.67677e-13	5.76029e-13	5.81354e-13	5.88597e-13	6.01467e-13	6.27089e-13	6.37755e-13	6.41395e-13	6.43997e-13	6.46373e-13	6.48124e-13	6.50499e-13	6.58014e-13	6.72235e-13	6.87295e-13	6.91485e-13	6.94532e-13	6.99344e-13	7.08009e-13	7.18549e-13	7.22064e-13	7.2401e-13	7.25272e-13	7.26316e-13	7.27713e-13	7.3032e-13	7.36031e-13	7.41056e-13	7.43877e-13	7.45377e-13	7.47577e-13	7.51989e-13	7.55237e-13	7.56932e-13	7.57786e-13	7.58427e-13	7.59208e-13	7.60305e-13	7.61953e-13	7.62932e-13	7.64295e-13	7.64689e-13	7.65135e-13	7.65435e-13	7.65591e-13	7.65867e-13	7.66208e-13	7.66208e-13	7.66208e-13	7.66208e-13
813.362	3.31748e-14	7.55793e-15	1.25712e-15	7.85645e-13	2.86953e-13	3.19475e-13	3.29416e-13	3.33957e-13	3.36237e-13	3.38251e-13	3.39861e-13	3.41587e-13	3.42723e-13	3.43632e-13	3.44977e-13	3.45805e-13	3.46578e-13	3.47407e-13	3.48514e-13	3.50714e-13	3.53951e-13	3.55032e-13	3.56193e-13	3.5726e-13	3.59334e-13	3.63655e-13	3.70391e-13	3.86272e-13	4.02924e-13	4.10281e-13	4.16534e-13	4.20627e-13	4.25859e-13	4.46264e-13	4.67563e-13	4.74012e-13	4.80054e-13	4.83013e-13	4.86023e-13	4.90689e-13	4.96399e-13	5.04287e-13	5.32588e-13	5.66055e-13	5.76186e-13	5.83483e-13	5.89389e-13	5.97536e-13	6.139e-13	6.39639e-13	6.52028e-13	6.56008e-13	6.58481e-13	6.61553e-13	6.63737e-13	6.66783e-13	6.75459e-13	6.94905e-13	7.06181e-13	7.10316e-13	7.13558e-13	7.19093e-13	7.32584e-13	7.4533e-13	7.49055e-13	7.51443e-13	7.52808e-13	7.54138e-13	7.55561e-13	7.58811e-13	7.63073e-13	7.65249e-13	7.66887e-13	7.68421e-13	7.70598e-13	7.74526e-13	7.77567e-13	7.79062e-13	7.79763e-13	7.80288e-13	7.80899e-13	7.8165e-13	7.82555e-13	7.83143e-13	7.83873e-13	7.84201e-13	7.84545e-13	7.84855e-13	7.84985e-13	7.85189e-13	7.85645e-13	7.85645e-13	7.85645e-13	7.85645e-13
816.379	3.31748e-14	8.88855e-15	2.7253e-15	8.64676e-13	2.56519e-13	2.85565e-13	2.94537e-13	2.98596e-13	3.00621e-13	3.02465e-13	3.03907e-13	3.05535e-13	3.06647e-13	3.07713e-13	3.08767e-13	3.09632e-13	3.1054e-13	3.11425e-13	3.12536e-13	3.14612e-13	3.17466e-13	3.18732e-13	3.20155e-13	3.21262e-13	3.23726e-13	3.28178e-13	3.35668e-13	3.48844e-13	3.65143e-13	3.7219e-13	3.79103e-13	3.84002e-13	3.91051e-13	4.15272e-13	4.31299e-13	4.36981e-13	4.42335e-13	4.45942e-13	4.4954e-13	4.54248e-13	4.60811e-13	4.71858e-13	5.09579e-13	5.58417e-13	5.70948e-13	5.78933e-13	5.8587e-13	5.94159e-13	6.11271e-13	6.26956e-13	6.38691e-13	6.43193e-13	6.45687e-13	6.49308e-13	6.52322e-13	6.56765e-13	6.6739e-13	7.05719e-13	7.20231e-13	7.25564e-13	7.29523e-13	7.37767e-13	7.58288e-13	7.76473e-13	7.8198e-13	7.84438e-13	7.86372e-13	7.88696e-13	7.91514e-13	7.99727e-13	8.19243e-13	8.31986e-13	8.3517e-13	8.37706e-13	8.41275e-13	8.46115e-13	8.50472e-13	8.52702e-13	8.53703e-13	8.54487e-13	8.55494e-13	8.5704e-13	8.58572e-13	8.6074e-13	8.61747e-13	8.62555e-13	8.63036e-13	8.63474e-13	8.63668e-13	8.63953e-13	8.64676e-13	8.64676e-13	8.64676e-13	8.64676e-13
819.397	3.31748e-14	8.49179e-15	2.98254e-15	8.58624e-13	2.29148e-13	2.54891e-13	2.62883e-13	2.66681e-13	2.6865e-13	2.70351e-13	2.71666e-13	2.73126e-13	2.74199e-13	2.75196e-13	2.7626e-13	2.77222e-13	2.7807e-13	2.79296e-13	2.80637e-13	2.83968e-13	2.86798e-13	2.88182e-13	2.8986e-13	2.91517e-13	2.94421e-13	3.00859e-13	3.14818e-13	3.36831e-13	3.55028e-13	3.62151e-13	3.69105e-13	3.74565e-13	3.85261e-13	4.06903e-13	4.18971e-13	4.24587e-13	4.29105e-13	4.32723e-13	4.36302e-13	4.42319e-13	4.49051e-13	4.6281e-13	4.98488e-13	5.42995e-13	5.56986e-13	5.64895e-13	5.73493e-13	5.84657e-13	6.07728e-13	6.19431e-13	6.28084e-13	6.32236e-13	6.34587e-13	6.38035e-13	6.41814e-13	6.46532e-13	6.56809e-13	7.07373e-13	7.32598e-13	7.38854e-13	7.43829e-13	7.54351e-13	7.75877e-13	7.9278e-13	7.9818e-13	8.00477e-13	8.02109e-13	8.04005e-13	8.06347e-13	8.0964e-13	8.16053e-13	8.22126e-13	8.24353e-13	8.26316e-13	8.306e-13	8.37584e-13	8.44627e-13	8.47312e-13	8.48409e-13	8.49332e-13	8.50091e-13	8.51315e-13	8.52583e-13	8.54431e-13	8.55765e-13	8.56325e-13	8.57007e-13	8.57435e-13	8.57695e-13	8.57913e-13	8.58624e-13	8.58624e-13	8.58624e-13	8.58624e-13
822.414	3.31748e-14	7.91645e-15	3.7277e-15	8.20427e-13	2.05365e-13	2.28291e-13	2.35515e-13	2.39037e-13	2.40818e-13	2.42489e-13	2.43777e-13	2.45234e-13	2.46356e-13	2.47646e-13	2.48672e-13	2.49751e-13	2.50625e-13	2.51984e-13	2.53212e-13	2.58489e-13	2.63051e-13	2.648e-13	2.66563e-13	2.68242e-13	2.71737e-13	2.82058e-13	2.98113e-13	3.12238e-13	3.24261e-13	3.30949e-13	3.36149e-13	3.41883e-13	3.53127e-13	3.73076e-13	3.83736e-13	3.88217e-13	3.92059e-13	3.95995e-13	3.99592e-13	4.05264e-13	4.13942e-13	4.3444e-13	4.79841e-13	5.20797e-13	5.32662e-13	5.39398e-13	5.49521e-13	5.62368e-13	5.86262e-13	5.97855e-13	6.05461e-13	6.09711e-13	6.12014e-13	6.14956e-13	6.18966e-13	6.23866e-13	6.40104e-13	6.68716e-13	6.84909e-13	6.89782e-13	6.94996e-13	7.06025e-13	7.33369e-13	7.50781e-13	7.55434e-13	7.57604e-13	7.58994e-13	7.60973e-13	7.63558e-13	7.70657e-13	7.82187e-13	7.89338e-13	7.913e-13	7.933e-13	7.97133e-13	8.03572e-13	8.09448e-13	8.12395e-13	8.13631e-13	8.14373e-13	8.1495e-13	8.15645e-13	8.16347e-13	8.17165e-13	8.17991e-13	8.18333e-13	8.1882e-13	8.19257e-13	8.19529e-13	8.19732e-13	8.20427e-13	8.20427e-13	8.20427e-13	8.20427e-13
825.431	3.31748e-14	6.92427e-15	4.29924e-15	7.41534e-13	1.87945e-13	2.08744e-13	2.1544e-13	2.18864e-13	2.20532e-13	2.22029e-13	2.23106e-13	2.24197e-13	2.25218e-13	2.26339e-13	2.27168e-13	2.28023e-13	2.28735e-13	2.29822e-13	2.30885e-13	2.35943e-13	2.40591e-13	2.41966e-13	2.4406e-13	2.46306e-13	2.51297e-13	2.66889e-13	2.86442e-13	2.96276e-13	3.06356e-13	3.12458e-13	3.18027e-13	3.25603e-13	3.39361e-13	3.54491e-13	3.61525e-13	3.65041e-13	3.68122e-13	3.72083e-13	3.75315e-13	3.80973e-13	3.90877e-13	4.13474e-13	4.45071e-13	4.76648e-13	4.8491e-13	4.90902e-13	5.01759e-13	5.16488e-13	5.3181e-13	5.41198e-13	5.46066e-13	5.49354e-13	5.51402e-13	5.5372e-13	5.58486e-13	5.65199e-13	5.86602e-13	6.18127e-13	6.31171e-13	6.36583e-13	6.4155e-13	6.50076e-13	6.65676e-13	6.75005e-13	6.78832e-13	6.80898e-13	6.82263e-13	6.84292e-13	6.87361e-13	6.96919e-13	7.04608e-13	7.08752e-13	7.10487e-13	7.12358e-13	7.1713e-13	7.25703e-13	7.32536e-13	7.35355e-13	7.36395e-13	7.37013e-13	7.37707e-13	7.38155e-13	7.38459e-13	7.38838e-13	7.39157e-13	7.39583e-13	7.39905e-13	7.40306e-13	7.40643e-13	7.40762e-13	7.41534e-13	7.41534e-13	7.41534e-13	7.41534e-13
828.448	3.31748e-14	6.92877e-15	6.34374e-15	7.78074e-13	1.69082e-13	1.8784e-13	1.93956e-13	1.97023e-13	1.98611e-13	1.99955e-13	2.00945e-13	2.02002e-13	2.02863e-13	2.03887e-13	2.04887e-13	2.05951e-13	2.06768e-13	2.08065e-13	2.09195e-13	2.10791e-13	2.12697e-13	2.14043e-13	2.16538e-13	2.19605e-13	2.287e-13	2.6416e-13	2.87768e-13	2.97303e-13	3.07351e-13	3.1525e-13	3.22768e-13	3.37289e-13	3.60965e-13	3.77065e-13	3.84625e-13	3.89418e-13	3.92972e-13	3.98187e-13	4.01492e-13	4.07175e-13	4.19964e-13	4.59148e-13	4.93915e-13	5.16055e-13	5.25566e-13	5.32028e-13	5.47314e-13	5.78821e-13	5.98603e-13	6.0939e-13	6.13838e-13	6.18045e-13	6.20747e-13	6.22809e-13	6.28249e-13	6.36635e-13	6.51654e-13	6.69411e-13	6.78915e-13	6.83786e-13	6.89524e-13	6.98466e-13	7.13292e-13	7.20461e-13	7.24533e-13	7.26595e-13	7.27929e-13	7.29766e-13	7.32609e-13	7.40621e-13	7.49348e-13	7.53792e-13	7.55562e-13	7.57334e-13	7.59979e-13	7.63641e-13	7.67087e-13	7.68868e-13	7.69886e-13	7.70494e-13	7.71289e-13	7.72353e-13	7.73476e-13	7.74176e-13	7.74774e-13	7.75351e-13	7.75791e-13	7.76396e-13	7.7688e-13	7.77162e-13	7.78074e-13	7.78074e-13	7.78074e-13	7.78074e-13
831.466	3.31748e-14	6.40399e-15	7.39581e-15	7.26526e-13	1.50698e-13	1.67393e-13	1.72868e-13	1.7566e-13	1.77138e-13	1.7838e-13	1.79244e-13	1.80111e-13	1.80795e-13	1.81623e-13	1.82361e-13	1.83127e-13	1.83782e-13	1.85021e-13	1.86428e-13	1.8858e-13	1.90685e-13	1.91992e-13	1.95167e-13	1.98371e-13	2.07135e-13	2.45351e-13	2.67751e-13	2.76588e-13	2.83087e-13	2.88022e-13	2.94643e-13	3.10232e-13	3.32154e-13	3.39871e-13	3.44963e-13	3.48528e-13	3.51199e-13	3.55695e-13	3.59409e-13	3.65317e-13	3.81178e-13	4.21767e-13	4.53768e-13	4.69559e-13	4.77413e-13	4.82659e-13	4.93761e-13	5.15187e-13	5.29957e-13	5.36372e-13	5.39363e-13	5.42841e-13	5.45514e-13	5.47768e-13	5.5321e-13	5.65299e-13	6.01994e-13	6.17646e-13	6.2381e-13	6.28197e-13	6.33994e-13	6.42027e-13	6.53068e-13	6.58739e-13	6.61916e-13	6.63887e-13	6.65283e-13	6.67041e-13	6.70674e-13	6.8339e-13	6.97482e-13	7.02227e-13	7.04237e-13	7.06191e-13	7.0916e-13	7.13238e-13	7.16989e-13	7.18357e-13	7.19319e-13	7.19989e-13	7.20865e-13	7.21853e-13	7.2314e-13	7.24123e-13	7.24762e-13	7.25208e-13	7.25511e-13	7.25766e-13	7.2591e-13	7.2607e-13	7.26526e-13	7.26526e-13	7.26526e-13	7.26526e-13
834.483	3.31748e-14	6.20397e-15	8.5722e-15	7.30878e-13	1.34129e-13	1.4897e-13	1.53994e-13	1.56602e-13	1.58079e-13	1.59233e-13	1.601e-13	1.60911e-13	1.61475e-13	1.62512e-13	1.63288e-13	1.64277e-13	1.65e-13	1.66252e-13	1.67803e-13	1.69844e-13	1.71972e-13	1.73409e-13	1.76777e-13	1.81413e-13	1.92425e-13	2.39832e-13	2.60536e-13	2.68292e-13	2.73989e-13	2.79809e-13	2.88839e-13	3.09198e-13	3.2021e-13	3.27048e-13	3.31467e-13	3.3477e-13	3.37772e-13	3.42642e-13	3.47418e-13	3.53776e-13	3.72573e-13	4.13832e-13	4.43752e-13	4.58356e-13	4.67458e-13	4.74641e-13	4.92431e-13	5.23633e-13	5.40981e-13	5.47761e-13	5.5103e-13	5.55029e-13	5.5805e-13	5.60859e-13	5.66277e-13	5.78011e-13	6.07208e-13	6.28981e-13	6.34773e-13	6.39851e-13	6.46626e-13	6.57496e-13	6.6527e-13	6.69502e-13	6.72294e-13	6.74415e-13	6.7594e-13	6.77894e-13	6.82591e-13	6.93224e-13	7.07383e-13	7.13097e-13	7.14953e-13	7.16967e-13	7.1907e-13	7.2107e-13	7.23043e-13	7.23952e-13	7.24705e-13	7.25341e-13	7.2613e-13	7.26878e-13	7.28026e-13	7.28916e-13	7.29481e-13	7.29831e-13	7.30104e-13	7.30306e-13	7.30405e-13	7.30567e-13	7.30878e-13	7.30878e-13	7.30878e-13	7.30878e-13
837.5	3.31748e-14	5.42997e-15	9.10087e-15	6.41014e-13	1.25569e-13	1.39431e-13	1.44144e-13	1.46525e-13	1.47871e-13	1.48819e-13	1.49541e-13	1.50238e-13	1.50743e-13	1.51596e-13	1.52336e-13	1.53078e-13	1.53608e-13	1.54823e-13	1.5637e-13	1.58488e-13	1.59818e-13	1.60977e-13	1.6315e-13	1.68268e-13	1.80095e-13	2.0566e-13	2.20216e-13	2.26781e-13	2.3178e-13	2.37664e-13	2.47622e-13	2.74048e-13	2.84514e-13	2.89839e-13	2.92615e-13	2.95483e-13	2.97819e-13	3.02069e-13	3.05577e-13	3.10896e-13	3.26047e-13	3.53773e-13	3.75528e-13	3.84336e-13	3.91439e-13	3.98319e-13	4.13328e-13	4.40035e-13	4.50221e-13	4.53804e-13	4.56515e-13	4.59796e-13	4.62793e-13	4.65326e-13	4.70225e-13	4.86482e-13	5.10867e-13	5.23008e-13	5.27647e-13	5.32582e-13	5.40649e-13	5.6357e-13	5.75736e-13	5.79489e-13	5.82144e-13	5.83883e-13	5.85349e-13	5.87111e-13	5.90495e-13	5.99959e-13	6.10025e-13	6.14443e-13	6.16137e-13	6.189e-13	6.24118e-13	6.2986e-13	6.32548e-13	6.33489e-13	6.3432e-13	6.35029e-13	6.35849e-13	6.36839e-13	6.37559e-13	6.3883e-13	6.3928e-13	6.39852e-13	6.40086e-13	6.40306e-13	6.40433e-13	6.40611e-13	6.41014e-13	6.41014e-13	6.41014e-13	6.41014e-13
840.517	3.31748e-14	5.45217e-15	1.01787e-14	6.37368e-13	1.18034e-13	1.31034e-13	1.35481e-13	1.37702e-13	1.38961e-13	1.39892e-13	1.40574e-13	1.41229e-13	1.41787e-13	1.42362e-13	1.43025e-13	1.43729e-13	1.44141e-13	1.45056e-13	1.46223e-13	1.48574e-13	1.50159e-13	1.51444e-13	1.54541e-13	1.62466e-13	1.72443e-13	1.89695e-13	1.99676e-13	2.04558e-13	2.0849e-13	2.13285e-13	2.25766e-13	2.5474e-13	2.66379e-13	2.71168e-13	2.74006e-13	2.769e-13	2.79089e-13	2.83663e-13	2.88854e-13	2.94482e-13	3.17914e-13	3.43097e-13	3.58054e-13	3.64572e-13	3.70713e-13	3.78001e-13	3.88587e-13	4.14429e-13	4.26305e-13	4.30143e-13	4.32419e-13	4.35145e-13	4.38018e-13	4.40976e-13	4.45624e-13	4.65969e-13	4.99e-13	5.11401e-13	5.15797e-13	5.19724e-13	5.25577e-13	5.44972e-13	5.62503e-13	5.66174e-13	5.68762e-13	5.70591e-13	5.72259e-13	5.74081e-13	5.7829e-13	5.90209e-13	5.98384e-13	6.02611e-13	6.04891e-13	6.07088e-13	6.11288e-13	6.19218e-13	6.23799e-13	6.25843e-13	6.26811e-13	6.27795e-13	6.29105e-13	6.30887e-13	6.32708e-13	6.34157e-13	6.34679e-13	6.35424e-13	6.35833e-13	6.3617e-13	6.36417e-13	6.36744e-13	6.37368e-13	6.37368e-13	6.37368e-13	6.37368e-13
843.534	3.31748e-14	5.72724e-15	1.10852e-14	6.90979e-13	1.11274e-13	1.23442e-13	1.27604e-13	1.29699e-13	1.30774e-13	1.31765e-13	1.3248e-13	1.33046e-13	1.33661e-13	1.34454e-13	1.35218e-13	1.35955e-13	1.36418e-13	1.37438e-13	1.38495e-13	1.40283e-13	1.42035e-13	1.43463e-13	1.469e-13	1.59405e-13	1.74901e-13	1.93026e-13	2.01348e-13	2.05943e-13	2.09562e-13	2.15314e-13	2.27811e-13	2.57822e-13	2.66354e-13	2.69552e-13	2.72695e-13	2.75725e-13	2.78359e-13	2.82821e-13	2.89327e-13	2.98562e-13	3.32732e-13	3.70415e-13	3.83773e-13	3.8958e-13	3.96208e-13	4.05127e-13	4.12268e-13	4.27326e-13	4.37388e-13	4.41101e-13	4.43741e-13	4.46297e-13	4.49781e-13	4.53452e-13	4.59473e-13	4.92739e-13	5.44566e-13	5.58075e-13	5.62986e-13	5.6728e-13	5.75394e-13	6.01041e-13	6.17572e-13	6.21707e-13	6.23965e-13	6.25691e-13	6.27641e-13	6.30006e-13	6.3568e-13	6.51952e-13	6.6453e-13	6.69057e-13	6.71295e-13	6.73146e-13	6.7488e-13	6.77263e-13	6.7867e-13	6.7971e-13	6.80346e-13	6.81014e-13	6.82289e-13	6.83957e-13	6.85888e-13	6.86997e-13	6.88403e-13	6.89063e-13	6.89541e-13	6.89968e-13	6.90168e-13	6.90442e-13	6.90979e-13	6.90979e-13	6.90979e-13	6.90979e-13
846.552	3.31748e-14	5.80954e-15	1.15046e-14	7.32183e-13	1.0662e-13	1.18208e-13	1.22243e-13	1.24333e-13	1.25426e-13	1.2644e-13	1.27186e-13	1.27837e-13	1.28447e-13	1.29443e-13	1.302e-13	1.31127e-13	1.3168e-13	1.3272e-13	1.33697e-13	1.34926e-13	1.36593e-13	1.38568e-13	1.44084e-13	1.68384e-13	1.83757e-13	1.98762e-13	2.07102e-13	2.11792e-13	2.16643e-13	2.26089e-13	2.35333e-13	2.47596e-13	2.53591e-13	2.56529e-13	2.59279e-13	2.62672e-13	2.65397e-13	2.69543e-13	2.7739e-13	2.89004e-13	3.22633e-13	3.74381e-13	3.91062e-13	3.9885e-13	4.07347e-13	4.22244e-13	4.38362e-13	4.54709e-13	4.6529e-13	4.70222e-13	4.73566e-13	4.76305e-13	4.80897e-13	4.86584e-13	4.95869e-13	5.30768e-13	6.06653e-13	6.26141e-13	6.32061e-13	6.36777e-13	6.46823e-13	6.64569e-13	6.74896e-13	6.78963e-13	6.80976e-13	6.82412e-13	6.84052e-13	6.86163e-13	6.89777e-13	6.96065e-13	7.02329e-13	7.05652e-13	7.07118e-13	7.09194e-13	7.12527e-13	7.16171e-13	7.18224e-13	7.19125e-13	7.19686e-13	7.20367e-13	7.21475e-13	7.23657e-13	7.25854e-13	7.27735e-13	7.29438e-13	7.30121e-13	7.30492e-13	7.31002e-13	7.31219e-13	7.31409e-13	7.32183e-13	7.32183e-13	7.32183e-13	7.32183e-13
849.569	3.31748e-14	5.18891e-15	1.10984e-14	6.67721e-13	1.05624e-13	1.17074e-13	1.21105e-13	1.23164e-13	1.24223e-13	1.252e-13	1.25962e-13	1.26625e-13	1.272e-13	1.27887e-13	1.28539e-13	1.29385e-13	1.2989e-13	1.3082e-13	1.31629e-13	1.32824e-13	1.34911e-13	1.3777e-13	1.45367e-13	1.817e-13	1.9753e-13	2.07165e-13	2.12857e-13	2.16996e-13	2.21745e-13	2.35668e-13	2.53156e-13	2.61409e-13	2.66711e-13	2.69235e-13	2.71779e-13	2.74739e-13	2.77345e-13	2.81052e-13	2.89224e-13	3.03535e-13	3.37513e-13	3.70859e-13	3.8454e-13	3.90886e-13	3.97981e-13	4.13172e-13	4.31228e-13	4.42213e-13	4.48093e-13	4.51815e-13	4.54647e-13	4.56769e-13	4.60048e-13	4.64786e-13	4.72703e-13	4.90851e-13	5.23253e-13	5.38062e-13	5.42581e-13	5.47815e-13	5.65921e-13	5.99502e-13	6.08571e-13	6.12195e-13	6.13926e-13	6.15262e-13	6.16699e-13	6.18745e-13	6.21724e-13	6.24198e-13	6.26072e-13	6.27834e-13	6.29406e-13	6.32976e-13	6.40124e-13	6.48233e-13	6.50546e-13	6.51648e-13	6.52575e-13	6.53134e-13	6.54784e-13	6.57775e-13	6.59206e-13	6.63473e-13	6.63999e-13	6.6606e-13	6.66363e-13	6.66727e-13	6.66936e-13	6.67144e-13	6.67721e-13	6.67721e-13	6.67721e-13	6.67721e-13
852.586	3.31748e-14	5.545e-15	1.12619e-14	7.37606e-13	1.03379e-13	1.14484e-13	1.18452e-13	1.20643e-13	1.21776e-13	1.22913e-13	1.23645e-13	1.24342e-13	1.25018e-13	1.2588e-13	1.26675e-13	1.27519e-13	1.28039e-13	1.29069e-13	1.3029e-13	1.32273e-13	1.34778e-13	1.38475e-13	1.47066e-13	1.86692e-13	2.03344e-13	2.11141e-13	2.17379e-13	2.22112e-13	2.28607e-13	2.53229e-13	2.75244e-13	2.83957e-13	2.89955e-13	2.93052e-13	2.96077e-13	2.9964e-13	3.03611e-13	3.08505e-13	3.19555e-13	3.39541e-13	3.74021e-13	4.0315e-13	4.15896e-13	4.23032e-13	4.30865e-13	4.51898e-13	4.79844e-13	4.9192e-13	4.98753e-13	5.03458e-13	5.06441e-13	5.09138e-13	5.12928e-13	5.18832e-13	5.28197e-13	5.56389e-13	5.77941e-13	5.88475e-13	5.92425e-13	5.97864e-13	6.1061e-13	6.41511e-13	6.5411e-13	6.58011e-13	6.60588e-13	6.62159e-13	6.64396e-13	6.67391e-13	6.77439e-13	6.93186e-13	7.0011e-13	7.02812e-13	7.05047e-13	7.08266e-13	7.14689e-13	7.23164e-13	7.27123e-13	7.28591e-13	7.29381e-13	7.30149e-13	7.31235e-13	7.3232e-13	7.33093e-13	7.33966e-13	7.34644e-13	7.35252e-13	7.35697e-13	7.36158e-13	7.36507e-13	7.36748e-13	7.37606e-13	7.37606e-13	7.37606e-13	7.37606e-13
855.603	3.31748e-14	5.59807e-15	1.10432e-14	7.7799e-13	1.03888e-13	1.1511e-13	1.19236e-13	1.21371e-13	1.22556e-13	1.23559e-13	1.244e-13	1.2517e-13	1.25734e-13	1.26339e-13	1.2701e-13	1.2784e-13	1.28291e-13	1.29299e-13	1.3041e-13	1.31886e-13	1.34778e-13	1.40983e-13	1.52354e-13	2.02323e-13	2.1667e-13	2.21543e-13	2.2643e-13	2.30966e-13	2.41024e-13	2.91623e-13	3.14631e-13	3.21329e-13	3.27218e-13	3.30871e-13	3.34018e-13	3.37915e-13	3.42359e-13	3.48083e-13	3.62385e-13	3.83761e-13	4.13355e-13	4.32989e-13	4.43451e-13	4.50975e-13	4.61442e-13	4.88606e-13	5.25064e-13	5.37546e-13	5.44287e-13	5.48724e-13	5.51434e-13	5.5427e-13	5.57788e-13	5.64736e-13	5.8079e-13	6.14896e-13	6.3453e-13	6.43731e-13	6.48549e-13	6.54669e-13	6.69953e-13	6.87647e-13	6.96631e-13	6.99957e-13	7.02245e-13	7.03676e-13	7.05767e-13	7.09551e-13	7.19885e-13	7.31721e-13	7.39385e-13	7.42101e-13	7.44406e-13	7.48313e-13	7.55093e-13	7.63696e-13	7.67522e-13	7.68931e-13	7.6973e-13	7.70605e-13	7.71522e-13	7.72591e-13	7.7366e-13	7.74596e-13	7.75087e-13	7.75682e-13	7.76112e-13	7.76482e-13	7.76827e-13	7.77051e-13	7.7799e-13	7.7799e-13	7.7799e-13	7.7799e-13
858.621	3.31748e-14	5.43457e-15	1.02137e-14	7.47321e-13	1.07994e-13	1.19534e-13	1.2371e-13	1.25967e-13	1.27158e-13	1.28256e-13	1.29083e-13	1.29896e-13	1.30562e-13	1.31146e-13	1.31799e-13	1.32721e-13	1.33151e-13	1.34166e-13	1.35484e-13	1.3694e-13	1.39898e-13	1.45544e-13	1.58294e-13	1.8567e-13	1.93528e-13	1.97501e-13	2.0218e-13	2.07594e-13	2.17576e-13	2.52684e-13	2.63394e-13	2.67138e-13	2.71443e-13	2.74382e-13	2.77762e-13	2.82419e-13	2.88194e-13	2.95524e-13	3.13514e-13	3.51822e-13	3.82692e-13	3.94958e-13	4.031e-13	4.10284e-13	4.18986e-13	4.42205e-13	4.68868e-13	4.76042e-13	4.81521e-13	4.86402e-13	4.89161e-13	4.91964e-13	4.95538e-13	5.02941e-13	5.22109e-13	5.63122e-13	5.77907e-13	5.85307e-13	5.905e-13	5.96758e-13	6.11928e-13	6.28335e-13	6.35306e-13	6.38736e-13	6.40995e-13	6.42541e-13	6.44798e-13	6.49922e-13	6.65181e-13	6.89068e-13	7.00487e-13	7.0354e-13	7.06389e-13	7.12918e-13	7.23835e-13	7.34846e-13	7.38826e-13	7.40048e-13	7.4093e-13	7.41767e-13	7.4249e-13	7.43055e-13	7.43522e-13	7.44114e-13	7.44438e-13	7.44957e-13	7.45305e-13	7.45766e-13	7.4615e-13	7.4636e-13	7.47321e-13	7.47321e-13	7.47321e-13	7.47321e-13
861.638	3.31748e-14	5.08709e-15	8.9558e-15	7.43253e-13	1.13197e-13	1.25255e-13	1.29677e-13	1.32227e-13	1.33629e-13	1.3468e-13	1.35444e-13	1.3626e-13	1.37128e-13	1.3778e-13	1.3849e-13	1.39494e-13	1.40075e-13	1.41348e-13	1.42757e-13	1.44771e-13	1.48921e-13	1.58876e-13	1.77915e-13	1.98022e-13	2.04351e-13	2.074e-13	2.12294e-13	2.1828e-13	2.31759e-13	2.73271e-13	2.85445e-13	2.89438e-13	2.94378e-13	2.97177e-13	3.00148e-13	3.04454e-13	3.10408e-13	3.18837e-13	3.39279e-13	3.7817e-13	3.97274e-13	4.06891e-13	4.14128e-13	4.22035e-13	4.34678e-13	4.72123e-13	5.01991e-13	5.10535e-13	5.14696e-13	5.19076e-13	5.22333e-13	5.25419e-13	5.29633e-13	5.38355e-13	5.61428e-13	6.01863e-13	6.17059e-13	6.23678e-13	6.28901e-13	6.3469e-13	6.46148e-13	6.60073e-13	6.66651e-13	6.69932e-13	6.71669e-13	6.73089e-13	6.74673e-13	6.78459e-13	6.86588e-13	6.96869e-13	7.03381e-13	7.05929e-13	7.08105e-13	7.11922e-13	7.2029e-13	7.27136e-13	7.30734e-13	7.32009e-13	7.32862e-13	7.33909e-13	7.35229e-13	7.36767e-13	7.38396e-13	7.39614e-13	7.40155e-13	7.40747e-13	7.41012e-13	7.41805e-13	7.42301e-13	7.42567e-13	7.43253e-13	7.43253e-13	7.43253e-13	7.43253e-13
864.655	3.31748e-14	5.46159e-15	8.10055e-15	8.26168e-13	1.18723e-13	1.31351e-13	1.36092e-13	1.38591e-13	1.39928e-13	1.41072e-13	1.41914e-13	1.42848e-13	1.43661e-13	1.44167e-13	1.44853e-13	1.4624e-13	1.46884e-13	1.48341e-13	1.50188e-13	1.52578e-13	1.5766e-13	1.76335e-13	1.89879e-13	2.03906e-13	2.10114e-13	2.13035e-13	2.17453e-13	2.24045e-13	2.34042e-13	2.53309e-13	2.61689e-13	2.64778e-13	2.69003e-13	2.72527e-13	2.75575e-13	2.80752e-13	2.8933e-13	3.01976e-13	3.35084e-13	3.89469e-13	4.07391e-13	4.16562e-13	4.24809e-13	4.34529e-13	4.50364e-13	4.95801e-13	5.2324e-13	5.32383e-13	5.36001e-13	5.39751e-13	5.43241e-13	5.4667e-13	5.52169e-13	5.6577e-13	6.11012e-13	6.67742e-13	6.84097e-13	6.91792e-13	6.99932e-13	7.10243e-13	7.27286e-13	7.35737e-13	7.40148e-13	7.43175e-13	7.45271e-13	7.47178e-13	7.49273e-13	7.54827e-13	7.67763e-13	7.82022e-13	7.90625e-13	7.9322e-13	7.95716e-13	7.9991e-13	8.06588e-13	8.11372e-13	8.14405e-13	8.15722e-13	8.16683e-13	8.17553e-13	8.18478e-13	8.19794e-13	8.21158e-13	8.22565e-13	8.23368e-13	8.23912e-13	8.24417e-13	8.24814e-13	8.25233e-13	8.25417e-13	8.26168e-13	8.26168e-13	8.26168e-13	8.26168e-13
867.672	3.31748e-14	6.1598e-15	7.54146e-15	9.37313e-13	1.24048e-13	1.37219e-13	1.42221e-13	1.44739e-13	1.46086e-13	1.47232e-13	1.48123e-13	1.48848e-13	1.49907e-13	1.50519e-13	1.51432e-13	1.53305e-13	1.5432e-13	1.55594e-13	1.57535e-13	1.60507e-13	1.68208e-13	2.0479e-13	2.28959e-13	2.41486e-13	2.48995e-13	2.52176e-13	2.5818e-13	2.70996e-13	2.87101e-13	2.98988e-13	3.06042e-13	3.08985e-13	3.13311e-13	3.17244e-13	3.20337e-13	3.25911e-13	3.35086e-13	3.50801e-13	3.82748e-13	4.42412e-13	4.57902e-13	4.6602e-13	4.76139e-13	4.87108e-13	5.01604e-13	5.31268e-13	5.54067e-13	5.62131e-13	5.66084e-13	5.69603e-13	5.73424e-13	5.77478e-13	5.83885e-13	5.97013e-13	6.52638e-13	7.06687e-13	7.20085e-13	7.26699e-13	7.36287e-13	7.52238e-13	7.93161e-13	8.13638e-13	8.18895e-13	8.22774e-13	8.25755e-13	8.28323e-13	8.31565e-13	8.39091e-13	8.61497e-13	8.85776e-13	8.97035e-13	9.00134e-13	9.03857e-13	9.09607e-13	9.18549e-13	9.24631e-13	9.27284e-13	9.28763e-13	9.29914e-13	9.3075e-13	9.31506e-13	9.32227e-13	9.32991e-13	9.33766e-13	9.34293e-13	9.34811e-13	9.35523e-13	9.35903e-13	9.36359e-13	9.36736e-13	9.37313e-13	9.37313e-13	9.37313e-13	9.37313e-13
870.69	3.31748e-14	6.66001e-15	6.35326e-15	1.03538e-12	1.32794e-13	1.46838e-13	1.52305e-13	1.55243e-13	1.56851e-13	1.58196e-13	1.59254e-13	1.60237e-13	1.61274e-13	1.62068e-13	1.63126e-13	1.64698e-13	1.65931e-13	1.67707e-13	1.70489e-13	1.73835e-13	1.87163e-13	2.45537e-13	2.72877e-13	2.82559e-13	2.89127e-13	2.92852e-13	3.00577e-13	3.1843e-13	3.49119e-13	3.57326e-13	3.63243e-13	3.66487e-13	3.70374e-13	3.74611e-13	3.78297e-13	3.85582e-13	3.97443e-13	4.179e-13	4.50992e-13	5.15896e-13	5.33204e-13	5.42644e-13	5.53097e-13	5.66786e-13	5.92159e-13	6.10105e-13	6.26781e-13	6.34224e-13	6.3775e-13	6.41379e-13	6.46369e-13	6.51549e-13	6.59837e-13	6.78284e-13	7.61796e-13	8.2443e-13	8.40642e-13	8.47009e-13	8.56778e-13	8.6959e-13	8.83962e-13	8.94218e-13	8.98166e-13	9.0097e-13	9.03244e-13	9.05477e-13	9.08767e-13	9.15171e-13	9.3518e-13	9.53086e-13	9.59452e-13	9.63113e-13	9.67172e-13	9.76212e-13	9.9587e-13	1.00729e-12	1.01192e-12	1.01361e-12	1.01503e-12	1.01709e-12	1.02058e-12	1.02248e-12	1.02758e-12	1.02989e-12	1.03214e-12	1.03286e-12	1.0336e-12	1.03394e-12	1.03434e-12	1.03471e-12	1.03538e-12	1.03538e-12	1.03538e-12	1.03538e-12
873.707	3.31748e-14	7.36282e-15	5.8548e-15	1.26668e-12	1.3873e-13	1.53428e-13	1.58983e-13	1.62015e-13	1.63711e-13	1.65043e-13	1.6619e-13	1.67186e-13	1.68409e-13	1.69318e-13	1.70482e-13	1.72319e-13	1.73879e-13	1.76007e-13	1.7926e-13	1.83393e-13	2.03834e-13	2.68903e-13	3.03883e-13	3.12565e-13	3.19105e-13	3.23311e-13	3.39071e-13	3.66077e-13	3.89522e-13	3.98189e-13	4.05123e-13	4.09126e-13	4.13656e-13	4.18824e-13	4.24141e-13	4.33129e-13	4.49991e-13	4.84172e-13	5.39758e-13	6.00087e-13	6.21211e-13	6.34164e-13	6.50744e-13	6.7933e-13	7.55393e-13	8.04464e-13	8.23542e-13	8.3212e-13	8.37048e-13	8.41717e-13	8.47966e-13	8.54558e-13	8.64236e-13	8.8308e-13	9.59339e-13	1.02767e-12	1.04287e-12	1.0516e-12	1.06627e-12	1.10468e-12	1.15237e-12	1.16882e-12	1.1755e-12	1.17972e-12	1.18296e-12	1.18562e-12	1.18922e-12	1.19644e-12	1.21383e-12	1.23019e-12	1.23589e-12	1.23948e-12	1.24296e-12	1.24558e-12	1.24959e-12	1.2529e-12	1.25518e-12	1.25676e-12	1.25777e-12	1.25885e-12	1.26002e-12	1.26116e-12	1.26192e-12	1.26275e-12	1.26344e-12	1.26397e-12	1.26461e-12	1.265e-12	1.26547e-12	1.26582e-12	1.26668e-12	1.26668e-12	1.26668e-12	1.26668e-12
876.724	3.31748e-14	6.93946e-15	3.58703e-15	1.1729e-12	1.5205e-13	1.6814e-13	1.74536e-13	1.77876e-13	1.79686e-13	1.81159e-13	1.82502e-13	1.8369e-13	1.8491e-13	1.85815e-13	1.87081e-13	1.88912e-13	1.90543e-13	1.92578e-13	1.96258e-13	2.01067e-13	2.33826e-13	2.76924e-13	2.93641e-13	2.9967e-13	3.06837e-13	3.11027e-13	3.28709e-13	3.67359e-13	3.80389e-13	3.85997e-13	3.91264e-13	3.94732e-13	3.99351e-13	4.04938e-13	4.10072e-13	4.19933e-13	4.40256e-13	4.81381e-13	5.45064e-13	5.77979e-13	5.94774e-13	6.04473e-13	6.17275e-13	6.45637e-13	7.06933e-13	7.37574e-13	7.51093e-13	7.59612e-13	7.6444e-13	7.6824e-13	7.73001e-13	7.7898e-13	7.87496e-13	8.06558e-13	8.65398e-13	9.20497e-13	9.32787e-13	9.41255e-13	9.57633e-13	1.00819e-12	1.05226e-12	1.06836e-12	1.07473e-12	1.07871e-12	1.0819e-12	1.08483e-12	1.08803e-12	1.09577e-12	1.10839e-12	1.11915e-12	1.12331e-12	1.12619e-12	1.12998e-12	1.13412e-12	1.1387e-12	1.14107e-12	1.14252e-12	1.14389e-12	1.14513e-12	1.14674e-12	1.15004e-12	1.15671e-12	1.15961e-12	1.16444e-12	1.16671e-12	1.16803e-12	1.16903e-12	1.16961e-12	1.17049e-12	1.17116e-12	1.1729e-12	1.1729e-12	1.1729e-12	1.1729e-12
879.741	3.31748e-14	8.6742e-15	4.04528e-15	1.46815e-12	1.59656e-13	1.76438e-13	1.82865e-13	1.86388e-13	1.88366e-13	1.89993e-13	1.91388e-13	1.92538e-13	1.93998e-13	1.95046e-13	1.96287e-13	1.98247e-13	2.00386e-13	2.02167e-13	2.05652e-13	2.10799e-13	2.41884e-13	2.85148e-13	3.00746e-13	3.06917e-13	3.15987e-13	3.2512e-13	3.99509e-13	5.03255e-13	5.23607e-13	5.30934e-13	5.38158e-13	5.42927e-13	5.47419e-13	5.5446e-13	5.59937e-13	5.70177e-13	5.89941e-13	6.34116e-13	6.89256e-13	7.19338e-13	7.37935e-13	7.48681e-13	7.63084e-13	8.01817e-13	8.5297e-13	8.87177e-13	9.02536e-13	9.12395e-13	9.18615e-13	9.22622e-13	9.27731e-13	9.34623e-13	9.44109e-13	9.7217e-13	1.00849e-12	1.02452e-12	1.03594e-12	1.04664e-12	1.06542e-12	1.14891e-12	1.22964e-12	1.25241e-12	1.26178e-12	1.26625e-12	1.27062e-12	1.27448e-12	1.27978e-12	1.29313e-12	1.32102e-12	1.33973e-12	1.34669e-12	1.35264e-12	1.36381e-12	1.38351e-12	1.41777e-12	1.43859e-12	1.44503e-12	1.44817e-12	1.45068e-12	1.45273e-12	1.45531e-12	1.45793e-12	1.46066e-12	1.46231e-12	1.46355e-12	1.46427e-12	1.46513e-12	1.46569e-12	1.46641e-12	1.46683e-12	1.46815e-12	1.46815e-12	1.46815e-12	1.46815e-12
882.759	3.31748e-14	6.54753e-15	1.7738e-16	1.18595e-12	1.82367e-13	2.01396e-13	2.0848e-13	2.12695e-13	2.1506e-13	2.16815e-13	2.18384e-13	2.19825e-13	2.21399e-13	2.22553e-13	2.24011e-13	2.25537e-13	2.26878e-13	2.28242e-13	2.31464e-13	2.36679e-13	2.67435e-13	2.90773e-13	2.99323e-13	3.03184e-13	3.09478e-13	3.15753e-13	3.57158e-13	4.24173e-13	4.33769e-13	4.3879e-13	4.4417e-13	4.48432e-13	4.52068e-13	4.59342e-13	4.65565e-13	4.75273e-13	4.95829e-13	5.52462e-13	5.93596e-13	6.11727e-13	6.25676e-13	6.35037e-13	6.47972e-13	6.77088e-13	7.08751e-13	7.29394e-13	7.37956e-13	7.43616e-13	7.48342e-13	7.52057e-13	7.5652e-13	7.63523e-13	7.74405e-13	8.05752e-13	8.63402e-13	8.81445e-13	8.93197e-13	9.02334e-13	9.13421e-13	9.66554e-13	1.02956e-12	1.0479e-12	1.054e-12	1.05737e-12	1.06033e-12	1.06341e-12	1.06725e-12	1.07519e-12	1.08608e-12	1.0941e-12	1.09932e-12	1.10351e-12	1.11125e-12	1.13218e-12	1.1528e-12	1.16501e-12	1.16878e-12	1.17072e-12	1.17252e-12	1.17389e-12	1.17568e-12	1.1777e-12	1.17945e-12	1.18132e-12	1.18217e-12	1.18277e-12	1.18346e-12	1.18393e-12	1.18442e-12	1.18504e-12	1.18595e-12	1.18595e-12	1.18595e-12	1.18595e-12
885.776	3.31748e-14	8.02744e-15	1.01435e-15	1.42631e-12	1.89322e-13	2.09175e-13	2.16801e-13	2.20866e-13	2.23247e-13	2.24935e-13	2.26252e-13	2.27573e-13	2.2963e-13	2.31108e-13	2.32912e-13	2.34639e-13	2.3663e-13	2.38393e-13	2.42522e-13	2.52772e-13	3.22016e-13	3.42205e-13	3.51271e-13	3.56146e-13	3.64624e-13	3.78504e-13	4.20773e-13	4.44165e-13	4.51002e-13	4.55131e-13	4.60247e-13	4.64717e-13	4.68387e-13	4.75749e-13	4.85395e-13	4.98068e-13	5.45234e-13	6.45546e-13	6.99188e-13	7.20775e-13	7.37258e-13	7.47461e-13	7.62578e-13	8.08571e-13	8.36845e-13	8.57045e-13	8.64012e-13	8.7093e-13	8.76921e-13	8.8206e-13	8.87827e-13	8.97066e-13	9.13733e-13	9.69399e-13	1.02616e-12	1.04229e-12	1.05409e-12	1.06309e-12	1.07624e-12	1.10032e-12	1.13305e-12	1.15016e-12	1.15534e-12	1.15932e-12	1.16319e-12	1.16936e-12	1.17844e-12	1.21388e-12	1.27154e-12	1.29823e-12	1.30514e-12	1.3117e-12	1.32289e-12	1.34944e-12	1.37723e-12	1.39364e-12	1.39829e-12	1.4011e-12	1.40349e-12	1.40526e-12	1.40932e-12	1.41365e-12	1.41651e-12	1.4206e-12	1.42172e-12	1.42312e-12	1.42376e-12	1.42444e-12	1.42478e-12	1.42503e-12	1.42631e-12	1.42631e-12	1.42631e-12	1.42631e-12
888.793	3.31748e-14	7.10758e-15	-3.16736e-16	1.30653e-12	2.02903e-13	2.23926e-13	2.31669e-13	2.36344e-13	2.39004e-13	2.41005e-13	2.42423e-13	2.43991e-13	2.45652e-13	2.47031e-13	2.49054e-13	2.50879e-13	2.53034e-13	2.54596e-13	2.58636e-13	2.68674e-13	2.96894e-13	3.09889e-13	3.17137e-13	3.21944e-13	3.29904e-13	3.39491e-13	3.58126e-13	3.71392e-13	3.76974e-13	3.80569e-13	3.85477e-13	3.91197e-13	3.95191e-13	4.02748e-13	4.12725e-13	4.29543e-13	4.77121e-13	5.76432e-13	6.25933e-13	6.4465e-13	6.5902e-13	6.69363e-13	6.83997e-13	7.43038e-13	7.84387e-13	8.02276e-13	8.10117e-13	8.15302e-13	8.19976e-13	8.24093e-13	8.29998e-13	8.41022e-13	8.57456e-13	9.20536e-13	9.91164e-13	1.0051e-12	1.01542e-12	1.02519e-12	1.03999e-12	1.0574e-12	1.07205e-12	1.08315e-12	1.08725e-12	1.0905e-12	1.09382e-12	1.0993e-12	1.10793e-12	1.14127e-12	1.19868e-12	1.22585e-12	1.23246e-12	1.23793e-12	1.24445e-12	1.25582e-12	1.26602e-12	1.27334e-12	1.27647e-12	1.27813e-12	1.27971e-12	1.28123e-12	1.28409e-12	1.28718e-12	1.28971e-12	1.29162e-12	1.29386e-12	1.29542e-12	1.29825e-12	1.30012e-12	1.30149e-12	1.30243e-12	1.30653e-12	1.30653e-12	1.30653e-12	1.30653e-12
891.81	3.31748e-14	7.38277e-15	4.38623e-16	1.50044e-12	2.07886e-13	2.29265e-13	2.37064e-13	2.42082e-13	2.44827e-13	2.46902e-13	2.4889e-13	2.50427e-13	2.5269e-13	2.54456e-13	2.56328e-13	2.5877e-13	2.62198e-13	2.64338e-13	2.68445e-13	2.82469e-13	3.08139e-13	3.18016e-13	3.23522e-13	3.27106e-13	3.37962e-13	3.63707e-13	3.99294e-13	4.109e-13	4.15631e-13	4.19637e-13	4.2546e-13	4.31503e-13	4.35965e-13	4.45038e-13	4.56046e-13	4.73293e-13	5.30066e-13	6.6858e-13	7.20335e-13	7.38856e-13	7.55244e-13	7.69123e-13	7.93609e-13	8.64023e-13	9.21696e-13	9.39377e-13	9.4797e-13	9.5475e-13	9.60726e-13	9.66027e-13	9.72365e-13	9.85862e-13	1.01327e-12	1.12058e-12	1.22541e-12	1.24091e-12	1.2548e-12	1.26859e-12	1.28941e-12	1.31803e-12	1.33584e-12	1.34628e-12	1.34992e-12	1.35245e-12	1.3552e-12	1.35848e-12	1.36372e-12	1.37726e-12	1.3939e-12	1.4053e-12	1.41035e-12	1.41469e-12	1.42433e-12	1.44406e-12	1.46143e-12	1.47404e-12	1.47767e-12	1.47961e-12	1.48194e-12	1.48404e-12	1.48697e-12	1.49023e-12	1.49224e-12	1.49432e-12	1.49551e-12	1.49663e-12	1.4972e-12	1.49821e-12	1.49867e-12	1.49906e-12	1.50044e-12	1.50044e-12	1.50044e-12	1.50044e-12
894.828	3.31748e-14	6.07397e-15	-2.06338e-16	1.18231e-12	2.20338e-13	2.43324e-13	2.52347e-13	2.5703e-13	2.59756e-13	2.6175e-13	2.63687e-13	2.65103e-13	2.67105e-13	2.68541e-13	2.70423e-13	2.72247e-13	2.74581e-13	2.76067e-13	2.80443e-13	2.92927e-13	3.1502e-13	3.23428e-13	3.2894e-13	3.31237e-13	3.40484e-13	3.50201e-13	3.60379e-13	3.67162e-13	3.70529e-13	3.73242e-13	3.76997e-13	3.81479e-13	3.84632e-13	3.92826e-13	4.06272e-13	4.23842e-13	4.72292e-13	5.70036e-13	6.10551e-13	6.22264e-13	6.33996e-13	6.4408e-13	6.69374e-13	7.1176e-13	7.4111e-13	7.50779e-13	7.55838e-13	7.60152e-13	7.64198e-13	7.67349e-13	7.7082e-13	7.79931e-13	8.0534e-13	8.39079e-13	8.65438e-13	8.7424e-13	8.83319e-13	8.96087e-13	9.24593e-13	9.62819e-13	9.75855e-13	9.83356e-13	9.87124e-13	9.89538e-13	9.91903e-13	9.94231e-13	9.98517e-13	1.01e-12	1.02061e-12	1.02712e-12	1.03209e-12	1.03599e-12	1.05297e-12	1.09518e-12	1.13079e-12	1.14781e-12	1.15171e-12	1.15393e-12	1.15675e-12	1.15906e-12	1.16204e-12	1.16546e-12	1.16775e-12	1.16976e-12	1.17134e-12	1.17258e-12	1.17334e-12	1.17658e-12	1.17734e-12	1.17798e-12	1.18231e-12	1.18231e-12	1.18231e-12	1.18231e-12
897.845	3.31748e-14	6.12096e-15	1.55525e-15	1.28752e-12	2.20825e-13	2.43935e-13	2.53231e-13	2.57816e-13	2.60483e-13	2.62509e-13	2.64521e-13	2.65923e-13	2.67729e-13	2.69233e-13	2.71628e-13	2.73599e-13	2.7575e-13	2.77207e-13	2.81269e-13	2.89259e-13	2.9888e-13	3.03819e-13	3.08691e-13	3.12597e-13	3.42403e-13	3.77156e-13	3.84426e-13	3.90614e-13	3.94071e-13	3.9694e-13	4.00718e-13	4.0573e-13	4.0974e-13	4.18209e-13	4.35428e-13	4.54012e-13	4.95904e-13	5.42145e-13	5.61662e-13	5.71051e-13	5.81968e-13	5.98535e-13	6.43086e-13	7.04502e-13	7.35848e-13	7.4626e-13	7.52271e-13	7.5728e-13	7.6274e-13	7.67764e-13	7.73073e-13	7.86384e-13	8.30495e-13	9.29587e-13	9.57341e-13	9.67865e-13	9.77468e-13	9.93501e-13	1.04599e-12	1.10701e-12	1.12364e-12	1.13141e-12	1.13615e-12	1.13928e-12	1.14213e-12	1.14554e-12	1.1533e-12	1.19163e-12	1.21677e-12	1.22774e-12	1.23205e-12	1.23556e-12	1.2405e-12	1.25014e-12	1.25938e-12	1.26476e-12	1.26729e-12	1.26863e-12	1.26982e-12	1.27153e-12	1.27366e-12	1.27609e-12	1.27837e-12	1.28014e-12	1.28149e-12	1.28296e-12	1.28359e-12	1.28422e-12	1.28606e-12	1.28654e-12	1.28752e-12	1.28752e-12	1.28752e-12	1.28752e-12
900.862	3.31748e-14	7.29775e-15	4.40678e-15	1.47322e-12	2.19383e-13	2.42336e-13	2.51421e-13	2.55907e-13	2.58638e-13	2.60766e-13	2.62939e-13	2.64431e-13	2.66153e-13	2.67696e-13	2.70643e-13	2.72229e-13	2.74002e-13	2.75218e-13	2.7946e-13	2.87485e-13	2.91778e-13	2.96787e-13	3.02229e-13	3.08706e-13	3.57213e-13	4.12901e-13	4.20241e-13	4.25733e-13	4.29011e-13	4.32332e-13	4.36917e-13	4.4232e-13	4.46622e-13	4.54928e-13	4.75028e-13	4.96761e-13	5.52796e-13	5.90693e-13	6.06477e-13	6.15532e-13	6.26851e-13	6.44942e-13	6.80461e-13	7.3229e-13	7.58722e-13	7.67996e-13	7.73441e-13	7.77749e-13	7.82824e-13	7.88369e-13	7.93893e-13	8.0681e-13	8.42243e-13	9.13039e-13	9.34783e-13	9.44103e-13	9.52528e-13	9.69997e-13	1.00851e-12	1.04794e-12	1.06306e-12	1.06978e-12	1.07536e-12	1.08101e-12	1.08634e-12	1.09663e-12	1.12262e-12	1.26466e-12	1.36738e-12	1.39914e-12	1.40693e-12	1.41583e-12	1.42587e-12	1.43889e-12	1.45017e-12	1.45585e-12	1.45885e-12	1.46068e-12	1.46228e-12	1.46351e-12	1.465e-12	1.46607e-12	1.46717e-12	1.46795e-12	1.46887e-12	1.46987e-12	1.47065e-12	1.47132e-12	1.47188e-12	1.47227e-12	1.47322e-12	1.47322e-12	1.47322e-12	1.47322e-12
903.879	3.31748e-14	5.17812e-15	4.31478e-15	1.22882e-12	2.25734e-13	2.49393e-13	2.58868e-13	2.63299e-13	2.66052e-13	2.6823e-13	2.70374e-13	2.71784e-13	2.73718e-13	2.75136e-13	2.7781e-13	2.79718e-13	2.81903e-13	2.83332e-13	2.87596e-13	2.93193e-13	2.98098e-13	3.02579e-13	3.06952e-13	3.12244e-13	3.50744e-13	3.78337e-13	3.82409e-13	3.85967e-13	3.89087e-13	3.92238e-13	3.95877e-13	4.01151e-13	4.06556e-13	4.17009e-13	4.35634e-13	4.61392e-13	5.33693e-13	5.65826e-13	5.81963e-13	5.90848e-13	6.01563e-13	6.20369e-13	6.55658e-13	6.90282e-13	7.0627e-13	7.14743e-13	7.20092e-13	7.23703e-13	7.28494e-13	7.34138e-13	7.40465e-13	7.58128e-13	8.3847e-13	9.58177e-13	9.86321e-13	9.96915e-13	1.00469e-12	1.02418e-12	1.0647e-12	1.10334e-12	1.1153e-12	1.11988e-12	1.12363e-12	1.12649e-12	1.12904e-12	1.13233e-12	1.13743e-12	1.15605e-12	1.17533e-12	1.18563e-12	1.1894e-12	1.19249e-12	1.1976e-12	1.20452e-12	1.21198e-12	1.21705e-12	1.21901e-12	1.22018e-12	1.22131e-12	1.22221e-12	1.22291e-12	1.22369e-12	1.22422e-12	1.22472e-12	1.22513e-12	1.22582e-12	1.22645e-12	1.22713e-12	1.22759e-12	1.22833e-12	1.22882e-12	1.22882e-12	1.22882e-12	1.22882e-12
906.897	3.31748e-14	6.11516e-15	7.12679e-15	1.41327e-12	2.20668e-13	2.43394e-13	2.51886e-13	2.57128e-13	2.60069e-13	2.62253e-13	2.64445e-13	2.6591e-13	2.6803e-13	2.70089e-13	2.73104e-13	2.75086e-13	2.77203e-13	2.78584e-13	2.83098e-13	2.88498e-13	2.92219e-13	2.95761e-13	3.00012e-13	3.05851e-13	3.71483e-13	4.04322e-13	4.09864e-13	4.14309e-13	4.17885e-13	4.21113e-13	4.25047e-13	4.31772e-13	4.40008e-13	4.51936e-13	4.80949e-13	5.30437e-13	6.1329e-13	6.43579e-13	6.59768e-13	6.7145e-13	6.84964e-13	7.23544e-13	7.67051e-13	8.00258e-13	8.1358e-13	8.22333e-13	8.27874e-13	8.31945e-13	8.37364e-13	8.44233e-13	8.51217e-13	8.6801e-13	9.41316e-13	1.02589e-12	1.04656e-12	1.05659e-12	1.06527e-12	1.09217e-12	1.15665e-12	1.20799e-12	1.22348e-12	1.2294e-12	1.23394e-12	1.23827e-12	1.24199e-12	1.24745e-12	1.25895e-12	1.28892e-12	1.31708e-12	1.32733e-12	1.33233e-12	1.3369e-12	1.34698e-12	1.3601e-12	1.37159e-12	1.37688e-12	1.3791e-12	1.38078e-12	1.38308e-12	1.38705e-12	1.39105e-12	1.39731e-12	1.40088e-12	1.40335e-12	1.40527e-12	1.4065e-12	1.4072e-12	1.40902e-12	1.4095e-12	1.4103e-12	1.41327e-12	1.41327e-12	1.41327e-12	1.41327e-12
909.914	3.31748e-14	4.79552e-15	7.67199e-15	1.12305e-12	2.27671e-13	2.51286e-13	2.60287e-13	2.65091e-13	2.67895e-13	2.69858e-13	2.72304e-13	2.73909e-13	2.75647e-13	2.77272e-13	2.79741e-13	2.81452e-13	2.83643e-13	2.8507e-13	2.89749e-13	2.93561e-13	2.96887e-13	3.00663e-13	3.0439e-13	3.08356e-13	3.17983e-13	3.24708e-13	3.27294e-13	3.30524e-13	3.33483e-13	3.36028e-13	3.3916e-13	3.44158e-13	3.50854e-13	3.61099e-13	3.98192e-13	4.54029e-13	5.06705e-13	5.38278e-13	5.51183e-13	5.60567e-13	5.72243e-13	6.19689e-13	6.57667e-13	6.7606e-13	6.85383e-13	6.92091e-13	6.9601e-13	6.99037e-13	7.02996e-13	7.08766e-13	7.15645e-13	7.29755e-13	7.7252e-13	8.09343e-13	8.23614e-13	8.30323e-13	8.37367e-13	8.61461e-13	9.16462e-13	9.45877e-13	9.55299e-13	9.59277e-13	9.62493e-13	9.65998e-13	9.69715e-13	9.74956e-13	9.89356e-13	1.025e-12	1.04991e-12	1.05894e-12	1.06364e-12	1.06755e-12	1.0755e-12	1.08541e-12	1.09342e-12	1.09631e-12	1.09816e-12	1.09935e-12	1.10048e-12	1.10176e-12	1.10308e-12	1.1044e-12	1.10549e-12	1.10674e-12	1.10847e-12	1.11012e-12	1.11232e-12	1.11476e-12	1.11649e-12	1.11888e-12	1.12305e-12	1.12305e-12	1.12305e-12	1.12305e-12
912.931	3.31748e-14	5.61515e-15	9.95856e-15	1.39601e-12	2.22276e-13	2.45342e-13	2.54147e-13	2.58995e-13	2.61831e-13	2.64045e-13	2.67045e-13	2.68646e-13	2.7075e-13	2.72635e-13	2.74614e-13	2.77066e-13	2.79857e-13	2.81529e-13	2.85927e-13	2.89967e-13	2.93262e-13	2.96456e-13	3.00974e-13	3.14606e-13	3.28931e-13	3.37538e-13	3.40357e-13	3.43904e-13	3.47479e-13	3.51087e-13	3.54288e-13	3.60813e-13	3.6979e-13	3.81249e-13	4.30057e-13	4.95439e-13	5.29595e-13	5.49431e-13	5.63329e-13	5.75623e-13	5.94043e-13	6.7602e-13	7.40215e-13	7.58755e-13	7.68062e-13	7.76031e-13	7.81418e-13	7.86572e-13	7.92267e-13	8.00108e-13	8.09684e-13	8.29527e-13	9.08986e-13	9.60315e-13	9.77517e-13	9.86383e-13	9.97086e-13	1.03385e-12	1.13044e-12	1.17809e-12	1.19133e-12	1.19792e-12	1.20211e-12	1.20666e-12	1.21194e-12	1.21819e-12	1.24049e-12	1.2994e-12	1.33047e-12	1.33824e-12	1.34302e-12	1.34929e-12	1.3596e-12	1.36722e-12	1.37222e-12	1.37466e-12	1.37656e-12	1.37779e-12	1.37904e-12	1.38091e-12	1.3835e-12	1.38544e-12	1.38712e-12	1.38832e-12	1.38937e-12	1.39026e-12	1.39144e-12	1.39242e-12	1.39291e-12	1.39351e-12	1.39601e-12	1.39601e-12	1.39601e-12	1.39601e-12
915.948	3.31748e-14	5.35216e-15	1.08216e-14	1.34158e-12	2.28771e-13	2.52664e-13	2.62036e-13	2.66827e-13	2.69779e-13	2.72278e-13	2.75282e-13	2.76806e-13	2.78883e-13	2.80931e-13	2.8331e-13	2.85635e-13	2.88164e-13	2.89809e-13	2.92797e-13	2.95888e-13	2.98535e-13	3.01952e-13	3.08597e-13	3.46343e-13	3.8256e-13	3.89857e-13	3.92875e-13	3.95838e-13	3.98914e-13	4.0213e-13	4.05093e-13	4.11415e-13	4.19766e-13	4.3187e-13	4.88757e-13	5.59193e-13	5.8988e-13	6.03641e-13	6.14462e-13	6.25981e-13	6.4176e-13	7.07089e-13	7.61208e-13	7.74933e-13	7.82826e-13	7.9016e-13	7.94733e-13	7.99525e-13	8.03824e-13	8.11629e-13	8.25271e-13	8.48542e-13	9.44497e-13	9.90994e-13	1.0039e-12	1.01151e-12	1.02074e-12	1.04177e-12	1.1011e-12	1.13512e-12	1.14597e-12	1.15109e-12	1.1536e-12	1.1564e-12	1.15931e-12	1.16328e-12	1.16875e-12	1.18028e-12	1.18968e-12	1.19472e-12	1.19915e-12	1.2062e-12	1.23082e-12	1.25855e-12	1.28012e-12	1.28582e-12	1.2885e-12	1.29106e-12	1.29379e-12	1.29832e-12	1.30708e-12	1.31773e-12	1.32683e-12	1.33278e-12	1.33412e-12	1.33637e-12	1.3372e-12	1.33877e-12	1.33904e-12	1.33963e-12	1.34158e-12	1.34158e-12	1.34158e-12	1.34158e-12
918.966	3.31748e-14	4.23668e-15	1.05148e-14	1.18923e-12	2.4655e-13	2.7223e-13	2.82076e-13	2.87571e-13	2.90952e-13	2.93917e-13	2.96424e-13	2.97861e-13	2.99516e-13	3.01552e-13	3.05119e-13	3.07932e-13	3.11625e-13	3.13666e-13	3.1778e-13	3.20798e-13	3.23427e-13	3.2659e-13	3.31815e-13	3.38467e-13	3.44655e-13	3.48636e-13	3.50403e-13	3.52531e-13	3.55335e-13	3.58407e-13	3.61414e-13	3.67628e-13	3.79015e-13	3.95627e-13	4.74453e-13	5.80465e-13	6.15124e-13	6.2916e-13	6.4048e-13	6.52479e-13	6.70407e-13	7.35737e-13	7.99924e-13	8.12842e-13	8.19697e-13	8.25707e-13	8.29453e-13	8.33419e-13	8.36659e-13	8.4151e-13	8.50021e-13	8.65731e-13	8.95776e-13	9.18478e-13	9.28629e-13	9.34565e-13	9.42222e-13	9.59277e-13	1.0045e-12	1.03048e-12	1.0394e-12	1.0435e-12	1.04538e-12	1.04761e-12	1.05056e-12	1.0548e-12	1.0634e-12	1.07347e-12	1.07812e-12	1.08143e-12	1.08556e-12	1.09175e-12	1.11276e-12	1.13978e-12	1.15992e-12	1.16603e-12	1.16818e-12	1.1701e-12	1.17207e-12	1.17449e-12	1.17753e-12	1.18073e-12	1.18275e-12	1.18481e-12	1.18563e-12	1.18637e-12	1.18695e-12	1.18754e-12	1.18789e-12	1.18821e-12	1.18923e-12	1.18923e-12	1.18923e-12	1.18923e-12
921.983	3.31748e-14	5.77798e-15	1.23629e-14	1.5224e-12	2.39013e-13	2.63934e-13	2.73525e-13	2.78717e-13	2.81852e-13	2.8446e-13	2.88076e-13	2.89867e-13	2.92028e-13	2.94305e-13	2.9739e-13	3.00103e-13	3.0359e-13	3.05723e-13	3.09418e-13	3.12348e-13	3.14635e-13	3.1822e-13	3.32657e-13	3.48109e-13	3.52468e-13	3.57029e-13	3.59351e-13	3.61858e-13	3.6613e-13	3.69964e-13	3.73817e-13	3.82551e-13	3.96686e-13	4.18039e-13	5.47956e-13	6.54646e-13	6.83251e-13	6.96526e-13	7.10176e-13	7.22735e-13	7.49917e-13	8.01071e-13	8.63304e-13	8.78586e-13	8.86323e-13	8.9211e-13	8.96606e-13	9.0186e-13	9.06276e-13	9.13319e-13	9.30321e-13	9.66726e-13	1.01269e-12	1.02722e-12	1.03733e-12	1.04641e-12	1.05862e-12	1.09622e-12	1.13311e-12	1.14814e-12	1.15711e-12	1.16129e-12	1.16516e-12	1.16889e-12	1.17714e-12	1.18997e-12	1.25373e-12	1.3717e-12	1.41816e-12	1.42615e-12	1.43486e-12	1.44247e-12	1.4579e-12	1.47417e-12	1.48265e-12	1.48625e-12	1.48821e-12	1.48984e-12	1.4917e-12	1.49449e-12	1.49945e-12	1.50267e-12	1.50616e-12	1.50939e-12	1.51131e-12	1.51262e-12	1.5145e-12	1.51635e-12	1.51772e-12	1.51919e-12	1.5224e-12	1.5224e-12	1.5224e-12	1.5224e-12
925	3.31748e-14	4.07943e-15	1.0927e-14	1.29431e-12	2.66438e-13	2.9434e-13	3.05497e-13	3.11386e-13	3.14986e-13	3.17815e-13	3.2136e-13	3.23184e-13	3.25385e-13	3.27284e-13	3.28773e-13	3.30228e-13	3.33046e-13	3.35028e-13	3.38396e-13	3.42284e-13	3.4642e-13	3.54376e-13	4.15679e-13	5.26421e-13	5.38464e-13	5.444e-13	5.47691e-13	5.50465e-13	5.54175e-13	5.57842e-13	5.61535e-13	5.68922e-13	5.8366e-13	6.03607e-13	6.90613e-13	7.63342e-13	7.83062e-13	7.93571e-13	8.06189e-13	8.25118e-13	8.67789e-13	9.08726e-13	9.42821e-13	9.52869e-13	9.58569e-13	9.62937e-13	9.66925e-13	9.70469e-13	9.74221e-13	9.79791e-13	9.94826e-13	1.02606e-12	1.05212e-12	1.06275e-12	1.07038e-12	1.0781e-12	1.09013e-12	1.12608e-12	1.17011e-12	1.18402e-12	1.19093e-12	1.19386e-12	1.19614e-12	1.19794e-12	1.20083e-12	1.20515e-12	1.21073e-12	1.21957e-12	1.22564e-12	1.22815e-12	1.23132e-12	1.23605e-12	1.24367e-12	1.25311e-12	1.25896e-12	1.26169e-12	1.26311e-12	1.26409e-12	1.26617e-12	1.26839e-12	1.27562e-12	1.28191e-12	1.28534e-12	1.28931e-12	1.29033e-12	1.29147e-12	1.29195e-12	1.29249e-12	1.29294e-12	1.29344e-12	1.29431e-12	1.29431e-12	1.29431e-12	1.29431e-12
928.017	3.31748e-14	2.68245e-15	9.3114e-15	9.11796e-13	2.87897e-13	3.18052e-13	3.29736e-13	3.35994e-13	3.39735e-13	3.4268e-13	3.4483e-13	3.4635e-13	3.48035e-13	3.49776e-13	3.51343e-13	3.52816e-13	3.5473e-13	3.56007e-13	3.57638e-13	3.59192e-13	3.60745e-13	3.63649e-13	3.86485e-13	4.09958e-13	4.13913e-13	4.16414e-13	4.18191e-13	4.19719e-13	4.22409e-13	4.24865e-13	4.2729e-13	4.32316e-13	4.42396e-13	4.54947e-13	4.89766e-13	5.18741e-13	5.27068e-13	5.33854e-13	5.42759e-13	5.58663e-13	5.9687e-13	6.42925e-13	6.58168e-13	6.65237e-13	6.68809e-13	6.71446e-13	6.74249e-13	6.76437e-13	6.78969e-13	6.83348e-13	6.97015e-13	7.28828e-13	7.5071e-13	7.57064e-13	7.62433e-13	7.69171e-13	7.79769e-13	8.12253e-13	8.31792e-13	8.3833e-13	8.41884e-13	8.43767e-13	8.45209e-13	8.46327e-13	8.4803e-13	8.52613e-13	8.59935e-13	8.66287e-13	8.69491e-13	8.7127e-13	8.73474e-13	8.802e-13	8.90028e-13	8.98599e-13	9.02872e-13	9.04262e-13	9.05163e-13	9.05978e-13	9.06414e-13	9.06881e-13	9.07596e-13	9.08212e-13	9.0871e-13	9.09258e-13	9.0959e-13	9.10082e-13	9.10396e-13	9.10778e-13	9.11063e-13	9.11331e-13	9.11796e-13	9.11796e-13	9.11796e-13	9.11796e-13
931.034	3.31748e-14	2.82125e-15	8.44586e-15	8.92106e-13	3.03675e-13	3.35414e-13	3.47553e-13	3.54018e-13	3.57796e-13	3.60171e-13	3.62962e-13	3.64658e-13	3.66353e-13	3.68334e-13	3.70147e-13	3.71683e-13	3.7295e-13	3.74021e-13	3.75293e-13	3.76922e-13	3.78047e-13	3.80166e-13	3.86159e-13	3.91104e-13	3.92581e-13	3.94171e-13	3.95281e-13	3.96505e-13	3.98255e-13	4.00173e-13	4.03208e-13	4.08303e-13	4.20688e-13	4.40575e-13	4.56024e-13	4.72572e-13	4.79612e-13	4.8503e-13	4.91182e-13	5.07445e-13	5.29826e-13	5.50101e-13	5.60098e-13	5.65137e-13	5.68058e-13	5.70305e-13	5.73203e-13	5.75638e-13	5.79776e-13	5.84784e-13	6.02684e-13	6.5733e-13	6.87383e-13	6.93315e-13	6.97812e-13	7.03112e-13	7.10562e-13	7.37478e-13	7.58827e-13	7.64505e-13	7.68145e-13	7.70375e-13	7.71953e-13	7.7335e-13	7.75824e-13	7.82897e-13	8.02018e-13	8.21771e-13	8.3029e-13	8.32536e-13	8.34954e-13	8.43304e-13	8.57519e-13	8.68397e-13	8.7384e-13	8.75284e-13	8.76536e-13	8.7745e-13	8.7819e-13	8.78964e-13	8.80287e-13	8.81078e-13	8.82004e-13	8.8285e-13	8.83428e-13	8.84803e-13	8.86421e-13	8.87201e-13	8.89201e-13	8.90206e-13	8.92106e-13	8.92106e-13	8.92106e-13	8.92106e-13
934.052	3.31748e-14	2.46941e-15	6.54919e-15	8.58198e-13	3.23936e-13	3.58097e-13	3.71813e-13	3.78251e-13	3.82209e-13	3.85118e-13	3.8745e-13	3.88949e-13	3.90418e-13	3.9267e-13	3.94235e-13	3.95508e-13	3.96866e-13	3.97927e-13	3.98854e-13	4.00622e-13	4.0218e-13	4.06909e-13	4.24862e-13	4.28031e-13	4.29422e-13	4.30911e-13	4.31991e-13	4.33132e-13	4.34718e-13	4.36832e-13	4.39851e-13	4.45427e-13	4.64442e-13	4.94047e-13	5.04874e-13	5.155e-13	5.21331e-13	5.25706e-13	5.31272e-13	5.47284e-13	5.69683e-13	5.87426e-13	5.95129e-13	6.00102e-13	6.02507e-13	6.04368e-13	6.06712e-13	6.08978e-13	6.11972e-13	6.15385e-13	6.2932e-13	6.71463e-13	6.93807e-13	6.98322e-13	7.02629e-13	7.07639e-13	7.16685e-13	7.37717e-13	7.54657e-13	7.58366e-13	7.60793e-13	7.62429e-13	7.63675e-13	7.65023e-13	7.66429e-13	7.71476e-13	7.8065e-13	7.90113e-13	7.93392e-13	7.95069e-13	7.97028e-13	8.02062e-13	8.1394e-13	8.26811e-13	8.35938e-13	8.38069e-13	8.39093e-13	8.40282e-13	8.41311e-13	8.43296e-13	8.46963e-13	8.49348e-13	8.5217e-13	8.53951e-13	8.54723e-13	8.55266e-13	8.55768e-13	8.56427e-13	8.56874e-13	8.57281e-13	8.58198e-13	8.58198e-13	8.58198e-13	8.58198e-13
937.069	3.31748e-14	2.73944e-15	4.80815e-15	1.00098e-12	3.50082e-13	3.86852e-13	4.01015e-13	4.08512e-13	4.1283e-13	4.15846e-13	4.18803e-13	4.20734e-13	4.22869e-13	4.24976e-13	4.2673e-13	4.28365e-13	4.29902e-13	4.31064e-13	4.32372e-13	4.33934e-13	4.35427e-13	4.4322e-13	4.63423e-13	4.66986e-13	4.68542e-13	4.70169e-13	4.71464e-13	4.72749e-13	4.74942e-13	4.78153e-13	4.83009e-13	4.88963e-13	5.07225e-13	5.46286e-13	5.61041e-13	5.73318e-13	5.81291e-13	5.86983e-13	5.96064e-13	6.30395e-13	6.62819e-13	6.75441e-13	6.8115e-13	6.86234e-13	6.89068e-13	6.91282e-13	6.938e-13	6.97062e-13	7.01645e-13	7.07239e-13	7.30092e-13	7.89261e-13	8.15285e-13	8.20821e-13	8.25309e-13	8.31351e-13	8.42356e-13	8.54724e-13	8.67188e-13	8.70801e-13	8.732e-13	8.75238e-13	8.76948e-13	8.79199e-13	8.82209e-13	8.93071e-13	9.20358e-13	9.51026e-13	9.58154e-13	9.60498e-13	9.63518e-13	9.67403e-13	9.76588e-13	9.8269e-13	9.86578e-13	9.88354e-13	9.89236e-13	9.9003e-13	9.90884e-13	9.92506e-13	9.94233e-13	9.95549e-13	9.96731e-13	9.97524e-13	9.98004e-13	9.98403e-13	9.98791e-13	9.9935e-13	9.99789e-13	9.99982e-13	1.00098e-12	1.00098e-12	1.00098e-12	1.00098e-12
940.086	3.31748e-14	3.68767e-15	3.38991e-15	1.3324e-12	3.80683e-13	4.20533e-13	4.35104e-13	4.44012e-13	4.49204e-13	4.52715e-13	4.56078e-13	4.58494e-13	4.61221e-13	4.64026e-13	4.66059e-13	4.67696e-13	4.70166e-13	4.71916e-13	4.73702e-13	4.76138e-13	4.78727e-13	4.87831e-13	4.98848e-13	5.01345e-13	5.02788e-13	5.049e-13	5.06987e-13	5.08708e-13	5.11408e-13	5.14805e-13	5.19729e-13	5.35025e-13	5.7975e-13	6.5158e-13	6.72562e-13	6.87279e-13	6.96236e-13	7.03778e-13	7.16324e-13	7.68011e-13	8.18853e-13	8.367e-13	8.44379e-13	8.5199e-13	8.55439e-13	8.58645e-13	8.6245e-13	8.67548e-13	8.73057e-13	8.81066e-13	9.18427e-13	9.92674e-13	1.02083e-12	1.02819e-12	1.03444e-12	1.04479e-12	1.07374e-12	1.09967e-12	1.111e-12	1.11643e-12	1.11968e-12	1.12278e-12	1.12537e-12	1.1289e-12	1.13359e-12	1.14864e-12	1.19038e-12	1.24538e-12	1.25893e-12	1.26305e-12	1.26892e-12	1.27651e-12	1.29546e-12	1.30582e-12	1.31207e-12	1.31497e-12	1.31645e-12	1.31773e-12	1.31907e-12	1.32047e-12	1.32224e-12	1.32346e-12	1.32449e-12	1.3257e-12	1.32639e-12	1.32788e-12	1.32861e-12	1.32942e-12	1.33116e-12	1.33157e-12	1.3324e-12	1.3324e-12	1.3324e-12	1.3324e-12
943.103	3.31748e-14	3.06016e-15	1.76366e-17	1.24705e-12	4.11981e-13	4.5521e-13	4.7124e-13	4.80879e-13	4.86334e-13	4.89916e-13	4.93601e-13	4.95982e-13	4.98185e-13	5.00895e-13	5.02739e-13	5.04514e-13	5.06236e-13	5.07775e-13	5.09192e-13	5.11412e-13	5.13587e-13	5.2466e-13	5.33204e-13	5.35792e-13	5.37434e-13	5.39344e-13	5.41114e-13	5.4297e-13	5.45984e-13	5.5037e-13	5.55886e-13	5.65731e-13	6.00563e-13	6.54351e-13	6.76164e-13	6.86607e-13	6.95155e-13	7.0223e-13	7.15413e-13	7.77378e-13	8.25048e-13	8.39273e-13	8.44838e-13	8.51073e-13	8.54552e-13	8.57749e-13	8.61074e-13	8.65412e-13	8.6991e-13	8.78896e-13	9.14935e-13	9.75109e-13	9.95204e-13	1.00177e-12	1.00757e-12	1.01916e-12	1.06928e-12	1.13504e-12	1.15192e-12	1.1583e-12	1.16129e-12	1.16385e-12	1.16591e-12	1.16753e-12	1.16977e-12	1.17309e-12	1.18297e-12	1.19878e-12	1.20506e-12	1.20732e-12	1.21017e-12	1.21548e-12	1.22426e-12	1.2312e-12	1.23574e-12	1.23765e-12	1.23871e-12	1.23958e-12	1.24048e-12	1.24131e-12	1.24229e-12	1.24295e-12	1.24347e-12	1.24396e-12	1.2444e-12	1.24492e-12	1.24533e-12	1.24571e-12	1.24613e-12	1.24641e-12	1.24705e-12	1.24705e-12	1.24705e-12	1.24705e-12
946.121	3.31748e-14	3.1607e-15	-2.52951e-15	1.2715e-12	4.41669e-13	4.88562e-13	5.07154e-13	5.16865e-13	5.22638e-13	5.26638e-13	5.30045e-13	5.32461e-13	5.34875e-13	5.37519e-13	5.39831e-13	5.41903e-13	5.43506e-13	5.45047e-13	5.46398e-13	5.49383e-13	5.5313e-13	5.7672e-13	5.94805e-13	5.97939e-13	5.99543e-13	6.0138e-13	6.03556e-13	6.05378e-13	6.07929e-13	6.11334e-13	6.16356e-13	6.28466e-13	6.84971e-13	7.39618e-13	7.5434e-13	7.63404e-13	7.70725e-13	7.77171e-13	7.92187e-13	8.41088e-13	8.79847e-13	8.91569e-13	8.97337e-13	9.02019e-13	9.04966e-13	9.07785e-13	9.10713e-13	9.14646e-13	9.19814e-13	9.30226e-13	9.66204e-13	1.02312e-12	1.04018e-12	1.04683e-12	1.05197e-12	1.06304e-12	1.0959e-12	1.13732e-12	1.15118e-12	1.15585e-12	1.15844e-12	1.16064e-12	1.16231e-12	1.16393e-12	1.16611e-12	1.1691e-12	1.1723e-12	1.1771e-12	1.18055e-12	1.18342e-12	1.18666e-12	1.19836e-12	1.21692e-12	1.23729e-12	1.24492e-12	1.24799e-12	1.24935e-12	1.25079e-12	1.25218e-12	1.25347e-12	1.25503e-12	1.25625e-12	1.2571e-12	1.25791e-12	1.25896e-12	1.26067e-12	1.26239e-12	1.26486e-12	1.26703e-12	1.26782e-12	1.2715e-12	1.2715e-12	1.2715e-12	1.2715e-12
949.138	3.31748e-14	1.81695e-15	-6.33232e-15	8.64299e-13	4.79725e-13	5.30869e-13	5.51013e-13	5.60744e-13	5.66592e-13	5.70543e-13	5.73772e-13	5.76107e-13	5.78236e-13	5.80163e-13	5.8161e-13	5.83013e-13	5.84047e-13	5.84973e-13	5.858e-13	5.87114e-13	5.88877e-13	5.9425e-13	5.974e-13	5.98581e-13	5.99418e-13	6.00309e-13	6.01405e-13	6.02266e-13	6.03743e-13	6.06185e-13	6.09677e-13	6.14998e-13	6.34685e-13	6.55785e-13	6.6105e-13	6.63687e-13	6.6663e-13	6.70184e-13	6.78329e-13	7.0689e-13	7.2603e-13	7.32141e-13	7.34478e-13	7.36666e-13	7.38152e-13	7.3941e-13	7.4087e-13	7.42616e-13	7.4465e-13	7.49481e-13	7.57142e-13	7.71091e-13	7.76456e-13	7.79333e-13	7.81486e-13	7.86236e-13	8.02929e-13	8.2088e-13	8.25771e-13	8.27374e-13	8.28383e-13	8.29263e-13	8.29916e-13	8.30751e-13	8.31746e-13	8.33751e-13	8.35912e-13	8.37705e-13	8.38706e-13	8.39568e-13	8.40455e-13	8.41672e-13	8.42911e-13	8.44451e-13	8.45394e-13	8.46144e-13	8.46599e-13	8.47162e-13	8.48338e-13	8.5043e-13	8.54144e-13	8.57504e-13	8.59409e-13	8.61015e-13	8.61612e-13	8.62101e-13	8.62458e-13	8.62877e-13	8.63131e-13	8.63491e-13	8.64299e-13	8.64299e-13	8.64299e-13	8.64299e-13
952.155	3.31748e-14	1.84186e-15	-7.82284e-15	8.96114e-13	4.66249e-13	5.15998e-13	5.35265e-13	5.44916e-13	5.50641e-13	5.54372e-13	5.57541e-13	5.59834e-13	5.6188e-13	5.64094e-13	5.65599e-13	5.67049e-13	5.68373e-13	5.6961e-13	5.70828e-13	5.72607e-13	5.77941e-13	6.00721e-13	6.04869e-13	6.06555e-13	6.07785e-13	6.09032e-13	6.10517e-13	6.11645e-13	6.13211e-13	6.16155e-13	6.21289e-13	6.30358e-13	6.63939e-13	6.79114e-13	6.83063e-13	6.8617e-13	6.89664e-13	6.94041e-13	7.06439e-13	7.26936e-13	7.38411e-13	7.41862e-13	7.43307e-13	7.4472e-13	7.4614e-13	7.47159e-13	7.48281e-13	7.50203e-13	7.52354e-13	7.57945e-13	7.64454e-13	7.7028e-13	7.74412e-13	7.77195e-13	7.804e-13	7.89156e-13	8.19354e-13	8.4073e-13	8.44723e-13	8.46866e-13	8.482e-13	8.49366e-13	8.50236e-13	8.51324e-13	8.52689e-13	8.55267e-13	8.58924e-13	8.6236e-13	8.63657e-13	8.64652e-13	8.66188e-13	8.68921e-13	8.71525e-13	8.72937e-13	8.73689e-13	8.74494e-13	8.7507e-13	8.75611e-13	8.77171e-13	8.80426e-13	8.83789e-13	8.88699e-13	8.91046e-13	8.92787e-13	8.93693e-13	8.94198e-13	8.94485e-13	8.94795e-13	8.95131e-13	8.95601e-13	8.96114e-13	8.96114e-13	8.96114e-13	8.96114e-13
955.172	3.31748e-14	1.30079e-15	-8.77176e-15	6.91237e-13	4.62328e-13	5.11644e-13	5.30287e-13	5.40062e-13	5.4569e-13	5.49355e-13	5.52342e-13	5.54469e-13	5.56072e-13	5.57687e-13	5.58974e-13	5.60141e-13	5.61013e-13	5.61764e-13	5.62441e-13	5.63231e-13	5.64149e-13	5.66719e-13	5.67651e-13	5.68369e-13	5.68911e-13	5.69411e-13	5.70076e-13	5.70594e-13	5.71215e-13	5.72671e-13	5.74773e-13	5.77911e-13	5.84019e-13	5.88346e-13	5.89659e-13	5.90654e-13	5.92004e-13	5.93957e-13	5.99125e-13	6.05644e-13	6.08995e-13	6.10333e-13	6.10988e-13	6.11557e-13	6.12281e-13	6.12797e-13	6.13299e-13	6.14104e-13	6.15269e-13	6.19324e-13	6.26225e-13	6.28549e-13	6.29673e-13	6.30551e-13	6.31522e-13	6.33815e-13	6.39611e-13	6.44438e-13	6.4561e-13	6.46222e-13	6.46683e-13	6.4708e-13	6.475e-13	6.48189e-13	6.49316e-13	6.53274e-13	6.58888e-13	6.61707e-13	6.62733e-13	6.63636e-13	6.65484e-13	6.71611e-13	6.80362e-13	6.85614e-13	6.87067e-13	6.8763e-13	6.88143e-13	6.88459e-13	6.88703e-13	6.88982e-13	6.89334e-13	6.89516e-13	6.89668e-13	6.89889e-13	6.90047e-13	6.90308e-13	6.90442e-13	6.90598e-13	6.90753e-13	6.90942e-13	6.91237e-13	6.91237e-13	6.91237e-13	6.91237e-13
958.19	3.31748e-14	9.92101e-16	-8.27472e-15	5.90911e-13	4.36962e-13	4.83671e-13	5.01095e-13	5.10506e-13	5.15919e-13	5.19583e-13	5.22209e-13	5.2418e-13	5.25689e-13	5.27046e-13	5.28149e-13	5.29132e-13	5.29907e-13	5.30571e-13	5.31165e-13	5.31777e-13	5.3255e-13	5.33517e-13	5.33989e-13	5.34539e-13	5.34948e-13	5.35314e-13	5.35797e-13	5.36143e-13	5.36515e-13	5.37339e-13	5.38184e-13	5.39218e-13	5.40799e-13	5.42144e-13	5.42819e-13	5.43372e-13	5.44214e-13	5.45545e-13	5.49725e-13	5.55781e-13	5.58123e-13	5.59005e-13	5.59463e-13	5.59808e-13	5.60163e-13	5.60424e-13	5.60628e-13	5.61005e-13	5.61573e-13	5.62885e-13	5.65399e-13	5.66501e-13	5.67009e-13	5.67537e-13	5.68272e-13	5.70566e-13	5.76088e-13	5.79355e-13	5.80143e-13	5.80502e-13	5.80732e-13	5.80944e-13	5.81135e-13	5.81436e-13	5.8199e-13	5.8345e-13	5.85006e-13	5.85661e-13	5.85904e-13	5.86142e-13	5.86411e-13	5.86828e-13	5.87539e-13	5.88177e-13	5.88462e-13	5.88589e-13	5.88704e-13	5.88784e-13	5.88879e-13	5.89004e-13	5.89237e-13	5.89344e-13	5.89472e-13	5.89591e-13	5.89726e-13	5.90005e-13	5.90106e-13	5.90393e-13	5.90439e-13	5.90572e-13	5.90911e-13	5.90911e-13	5.90911e-13	5.90911e-13
961.207	3.31748e-14	9.21638e-16	-6.57593e-15	5.68027e-13	4.00881e-13	4.43918e-13	4.60081e-13	4.68609e-13	4.73503e-13	4.76765e-13	4.79252e-13	4.8108e-13	4.82479e-13	4.83721e-13	4.84728e-13	4.85624e-13	4.86374e-13	4.87013e-13	4.87546e-13	4.88166e-13	4.89168e-13	4.90099e-13	4.90586e-13	4.91096e-13	4.91499e-13	4.91899e-13	4.92351e-13	4.92739e-13	4.93195e-13	4.94332e-13	4.96273e-13	5.00431e-13	5.02146e-13	5.0356e-13	5.04263e-13	5.04833e-13	5.061e-13	5.09026e-13	5.14523e-13	5.19038e-13	5.20487e-13	5.21236e-13	5.2167e-13	5.22033e-13	5.22439e-13	5.228e-13	5.23179e-13	5.23859e-13	5.2509e-13	5.29488e-13	5.36627e-13	5.3848e-13	5.39302e-13	5.40064e-13	5.40977e-13	5.42964e-13	5.47002e-13	5.49346e-13	5.50136e-13	5.50527e-13	5.50798e-13	5.5108e-13	5.51428e-13	5.51993e-13	5.5325e-13	5.57773e-13	5.6237e-13	5.64213e-13	5.64623e-13	5.65065e-13	5.6543e-13	5.65833e-13	5.66283e-13	5.66592e-13	5.66789e-13	5.66887e-13	5.66986e-13	5.67092e-13	5.6719e-13	5.67291e-13	5.67462e-13	5.67587e-13	5.67636e-13	5.6769e-13	5.6772e-13	5.6781e-13	5.67832e-13	5.67936e-13	5.67963e-13	5.67985e-13	5.68027e-13	5.68027e-13	5.68027e-13	5.68027e-13
964.224	3.31748e-14	8.0127e-16	-4.39804e-15	5.05153e-13	3.59929e-13	3.98699e-13	4.1318e-13	4.20894e-13	4.25333e-13	4.28311e-13	4.30487e-13	4.32132e-13	4.33391e-13	4.34482e-13	4.35367e-13	4.36134e-13	4.36818e-13	4.37422e-13	4.37935e-13	4.3851e-13	4.39653e-13	4.40471e-13	4.40891e-13	4.41307e-13	4.41696e-13	4.42046e-13	4.42456e-13	4.4283e-13	4.43229e-13	4.44576e-13	4.46558e-13	4.50465e-13	4.51732e-13	4.52756e-13	4.53394e-13	4.53853e-13	4.5492e-13	4.57432e-13	4.60126e-13	4.61284e-13	4.61849e-13	4.62226e-13	4.62516e-13	4.62784e-13	4.6311e-13	4.63412e-13	4.63822e-13	4.6453e-13	4.66213e-13	4.7187e-13	4.78498e-13	4.79875e-13	4.8051e-13	4.81133e-13	4.81749e-13	4.82695e-13	4.84562e-13	4.85971e-13	4.86483e-13	4.86734e-13	4.86935e-13	4.8714e-13	4.87409e-13	4.87873e-13	4.88973e-13	4.91795e-13	4.94514e-13	4.95495e-13	4.95901e-13	4.96225e-13	4.96912e-13	4.98407e-13	5.00375e-13	5.01601e-13	5.01934e-13	5.021e-13	5.02229e-13	5.02431e-13	5.02665e-13	5.0301e-13	5.0364e-13	5.04204e-13	5.04342e-13	5.04632e-13	5.04686e-13	5.04792e-13	5.04839e-13	5.04964e-13	5.05014e-13	5.05062e-13	5.05153e-13	5.05153e-13	5.05153e-13	5.05153e-13
967.241	3.31748e-14	1.05071e-15	-1.66647e-15	5.53415e-13	3.21893e-13	3.56668e-13	3.69614e-13	3.76537e-13	3.80519e-13	3.83094e-13	3.85273e-13	3.86831e-13	3.88005e-13	3.89052e-13	3.89882e-13	3.90579e-13	3.91297e-13	3.91981e-13	3.92637e-13	3.93768e-13	4.02112e-13	4.0799e-13	4.09026e-13	4.09602e-13	4.10104e-13	4.10505e-13	4.11229e-13	4.11977e-13	4.12903e-13	4.14946e-13	4.18987e-13	4.27317e-13	4.29858e-13	4.31489e-13	4.32473e-13	4.33292e-13	4.35659e-13	4.41579e-13	4.47812e-13	4.50492e-13	4.51787e-13	4.5265e-13	4.53254e-13	4.5372e-13	4.54332e-13	4.54952e-13	4.5568e-13	4.56877e-13	4.59509e-13	4.6765e-13	4.7895e-13	4.81403e-13	4.82541e-13	4.83536e-13	4.84961e-13	4.87796e-13	4.90199e-13	4.91709e-13	4.92545e-13	4.92988e-13	4.93316e-13	4.93667e-13	4.94096e-13	4.94826e-13	4.96702e-13	4.99669e-13	5.02418e-13	5.03753e-13	5.04389e-13	5.05097e-13	5.06522e-13	5.09616e-13	5.12554e-13	5.143e-13	5.15016e-13	5.15756e-13	5.1627e-13	5.17169e-13	5.20047e-13	5.2683e-13	5.3622e-13	5.41233e-13	5.4727e-13	5.49533e-13	5.50366e-13	5.50926e-13	5.51269e-13	5.51693e-13	5.52277e-13	5.52738e-13	5.53415e-13	5.53415e-13	5.53415e-13	5.53415e-13
970.259	3.31748e-14	7.83927e-16	4.25163e-16	4.8197e-13	2.87408e-13	3.18605e-13	3.3025e-13	3.36397e-13	3.39899e-13	3.42249e-13	3.44082e-13	3.4549e-13	3.46553e-13	3.47449e-13	3.48156e-13	3.4877e-13	3.49356e-13	3.49911e-13	3.50393e-13	3.51075e-13	3.53458e-13	3.55473e-13	3.56014e-13	3.56434e-13	3.56852e-13	3.57282e-13	3.57984e-13	3.58586e-13	3.59402e-13	3.63313e-13	3.68775e-13	3.74828e-13	3.76952e-13	3.78468e-13	3.79616e-13	3.80473e-13	3.83094e-13	3.88935e-13	3.92264e-13	3.93752e-13	3.9467e-13	3.95365e-13	3.95829e-13	3.96185e-13	3.96643e-13	3.97116e-13	3.97702e-13	3.98766e-13	4.03049e-13	4.08668e-13	4.12361e-13	4.13913e-13	4.14714e-13	4.15859e-13	4.17914e-13	4.2231e-13	4.26268e-13	4.27559e-13	4.28344e-13	4.28794e-13	4.29238e-13	4.29679e-13	4.30448e-13	4.31495e-13	4.36421e-13	4.47534e-13	4.59088e-13	4.60973e-13	4.61843e-13	4.62712e-13	4.65258e-13	4.7143e-13	4.76055e-13	4.77856e-13	4.78349e-13	4.78794e-13	4.79147e-13	4.79377e-13	4.7961e-13	4.79872e-13	4.80263e-13	4.80512e-13	4.80741e-13	4.80979e-13	4.81111e-13	4.81334e-13	4.81425e-13	4.81541e-13	4.8168e-13	4.81771e-13	4.8197e-13	4.8197e-13	4.8197e-13	4.8197e-13
973.276	3.31748e-14	8.04306e-16	2.55298e-15	4.86047e-13	2.54661e-13	2.82374e-13	2.92611e-13	2.98187e-13	3.01324e-13	3.03413e-13	3.05123e-13	3.06401e-13	3.07437e-13	3.08231e-13	3.08822e-13	3.09345e-13	3.09921e-13	3.10513e-13	3.10988e-13	3.11669e-13	3.13056e-13	3.1429e-13	3.14846e-13	3.15282e-13	3.15718e-13	3.16179e-13	3.16932e-13	3.17811e-13	3.19262e-13	3.27794e-13	3.40492e-13	3.4575e-13	3.4764e-13	3.495e-13	3.51094e-13	3.5257e-13	3.56372e-13	3.64368e-13	3.71007e-13	3.73136e-13	3.74337e-13	3.75237e-13	3.75855e-13	3.76386e-13	3.7711e-13	3.78065e-13	3.78966e-13	3.80804e-13	3.91163e-13	4.07007e-13	4.11871e-13	4.14009e-13	4.15177e-13	4.16798e-13	4.20671e-13	4.28876e-13	4.33602e-13	4.35256e-13	4.36242e-13	4.36863e-13	4.37315e-13	4.37742e-13	4.38222e-13	4.39011e-13	4.41371e-13	4.45574e-13	4.48288e-13	4.49282e-13	4.50071e-13	4.50877e-13	4.54324e-13	4.6093e-13	4.67962e-13	4.70403e-13	4.71216e-13	4.71899e-13	4.72426e-13	4.73219e-13	4.74098e-13	4.76655e-13	4.80122e-13	4.81751e-13	4.83726e-13	4.84296e-13	4.84619e-13	4.84901e-13	4.85131e-13	4.85363e-13	4.85468e-13	4.85745e-13	4.86047e-13	4.86047e-13	4.86047e-13	4.86047e-13
976.293	3.31748e-14	1.10017e-15	4.59912e-15	6.2146e-13	2.23435e-13	2.48071e-13	2.57811e-13	2.62138e-13	2.64664e-13	2.66239e-13	2.67933e-13	2.69115e-13	2.70066e-13	2.70898e-13	2.71515e-13	2.72048e-13	2.72623e-13	2.73192e-13	2.73654e-13	2.74426e-13	2.75297e-13	2.76104e-13	2.76718e-13	2.77374e-13	2.78134e-13	2.78957e-13	2.80344e-13	2.81852e-13	2.84802e-13	2.95462e-13	3.08897e-13	3.14946e-13	3.17999e-13	3.20974e-13	3.23512e-13	3.26116e-13	3.3499e-13	3.52991e-13	3.60886e-13	3.63163e-13	3.64594e-13	3.66144e-13	3.67418e-13	3.68402e-13	3.6958e-13	3.7122e-13	3.72952e-13	3.76488e-13	3.92945e-13	4.22547e-13	4.31776e-13	4.35327e-13	4.37597e-13	4.40518e-13	4.48536e-13	4.64617e-13	4.72472e-13	4.75136e-13	4.76828e-13	4.78236e-13	4.79559e-13	4.80861e-13	4.83093e-13	4.86416e-13	5.02326e-13	5.42486e-13	5.66557e-13	5.71564e-13	5.74527e-13	5.76405e-13	5.81025e-13	5.92216e-13	6.06202e-13	6.11366e-13	6.12981e-13	6.14079e-13	6.15e-13	6.15725e-13	6.16424e-13	6.17213e-13	6.18235e-13	6.18886e-13	6.19404e-13	6.19733e-13	6.19998e-13	6.20305e-13	6.20564e-13	6.20816e-13	6.21004e-13	6.21198e-13	6.2146e-13	6.2146e-13	6.2146e-13	6.2146e-13
979.31	3.31748e-14	1.08116e-15	5.99852e-15	6.7498e-13	1.99653e-13	2.21617e-13	2.29858e-13	2.34189e-13	2.36676e-13	2.3837e-13	2.39669e-13	2.40654e-13	2.41375e-13	2.42314e-13	2.43084e-13	2.43722e-13	2.44325e-13	2.45072e-13	2.4573e-13	2.4671e-13	2.48005e-13	2.49097e-13	2.49917e-13	2.50814e-13	2.51618e-13	2.5249e-13	2.54373e-13	2.57287e-13	2.63072e-13	2.81259e-13	3.03185e-13	3.122e-13	3.16333e-13	3.20183e-13	3.23783e-13	3.28141e-13	3.41749e-13	3.70381e-13	3.81617e-13	3.85168e-13	3.87803e-13	3.90112e-13	3.9181e-13	3.93124e-13	3.949e-13	3.97705e-13	4.01099e-13	4.07483e-13	4.32628e-13	4.99394e-13	5.25004e-13	5.31185e-13	5.34804e-13	5.39772e-13	5.53009e-13	5.80512e-13	5.92382e-13	5.95505e-13	5.9779e-13	5.99329e-13	6.00963e-13	6.02198e-13	6.03717e-13	6.05839e-13	6.12573e-13	6.3398e-13	6.46838e-13	6.50983e-13	6.52522e-13	6.53989e-13	6.55357e-13	6.58368e-13	6.62897e-13	6.65249e-13	6.66609e-13	6.67254e-13	6.67664e-13	6.68232e-13	6.69088e-13	6.70048e-13	6.71182e-13	6.72199e-13	6.72759e-13	6.73233e-13	6.73485e-13	6.738e-13	6.74023e-13	6.7433e-13	6.74545e-13	6.74692e-13	6.7498e-13	6.7498e-13	6.7498e-13	6.7498e-13
982.328	3.31748e-14	1.07379e-15	7.10009e-15	6.55709e-13	1.76048e-13	1.95584e-13	2.03096e-13	2.06782e-13	2.09081e-13	2.10597e-13	2.11729e-13	2.12677e-13	2.13508e-13	2.14431e-13	2.15039e-13	2.15649e-13	2.16175e-13	2.16878e-13	2.17457e-13	2.18578e-13	2.20659e-13	2.21588e-13	2.2222e-13	2.23036e-13	2.23913e-13	2.25263e-13	2.27554e-13	2.31734e-13	2.38614e-13	2.61934e-13	2.99604e-13	3.09533e-13	3.14859e-13	3.19214e-13	3.2408e-13	3.30597e-13	3.57174e-13	4.01026e-13	4.12115e-13	4.16315e-13	4.1895e-13	4.21054e-13	4.23003e-13	4.24437e-13	4.25863e-13	4.28443e-13	4.31034e-13	4.36113e-13	4.47727e-13	4.70701e-13	4.83732e-13	4.88111e-13	4.91131e-13	4.95969e-13	5.10432e-13	5.3917e-13	5.53541e-13	5.56773e-13	5.59066e-13	5.60448e-13	5.61962e-13	5.63122e-13	5.6501e-13	5.67399e-13	5.7654e-13	6.04186e-13	6.17117e-13	6.21822e-13	6.23498e-13	6.25032e-13	6.26125e-13	6.27575e-13	6.29868e-13	6.31566e-13	6.32863e-13	6.33604e-13	6.34076e-13	6.34843e-13	6.36793e-13	6.40251e-13	6.43761e-13	6.47394e-13	6.49314e-13	6.50934e-13	6.5159e-13	6.525e-13	6.52903e-13	6.53733e-13	6.54515e-13	6.54758e-13	6.55709e-13	6.55709e-13	6.55709e-13	6.55709e-13
985.345	3.31748e-14	6.20149e-16	7.65683e-15	3.80139e-13	1.69075e-13	1.87801e-13	1.94716e-13	1.98368e-13	2.0044e-13	2.01778e-13	2.02873e-13	2.03716e-13	2.04398e-13	2.0507e-13	2.05487e-13	2.05897e-13	2.06264e-13	2.06736e-13	2.07148e-13	2.08062e-13	2.10198e-13	2.10837e-13	2.11219e-13	2.1166e-13	2.12323e-13	2.1285e-13	2.13875e-13	2.16095e-13	2.21035e-13	2.3067e-13	2.43122e-13	2.47674e-13	2.4977e-13	2.51331e-13	2.53357e-13	2.56323e-13	2.63957e-13	2.74753e-13	2.78337e-13	2.79619e-13	2.80575e-13	2.8133e-13	2.82107e-13	2.82783e-13	2.83523e-13	2.8501e-13	2.86813e-13	2.90024e-13	2.99711e-13	3.10202e-13	3.15585e-13	3.17551e-13	3.19144e-13	3.21131e-13	3.28347e-13	3.40437e-13	3.46007e-13	3.47495e-13	3.48267e-13	3.48825e-13	3.4934e-13	3.49813e-13	3.50424e-13	3.51324e-13	3.52852e-13	3.54901e-13	3.5662e-13	3.57827e-13	3.58322e-13	3.59011e-13	3.6045e-13	3.61978e-13	3.63449e-13	3.64018e-13	3.64438e-13	3.64775e-13	3.64967e-13	3.65145e-13	3.65389e-13	3.65714e-13	3.6597e-13	3.66248e-13	3.66732e-13	3.67638e-13	3.68788e-13	3.70559e-13	3.72717e-13	3.74147e-13	3.76409e-13	3.78284e-13	3.80139e-13	3.80139e-13	3.80139e-13	3.80139e-13
988.362	3.31748e-14	5.15289e-16	8.19673e-15	4.01818e-13	1.59174e-13	1.76874e-13	1.83372e-13	1.86813e-13	1.88714e-13	1.89979e-13	1.90956e-13	1.91712e-13	1.92262e-13	1.92842e-13	1.93352e-13	1.93832e-13	1.94343e-13	1.94819e-13	1.95262e-13	1.96407e-13	2.00305e-13	2.01113e-13	2.01508e-13	2.02119e-13	2.02973e-13	2.03659e-13	2.05318e-13	2.08806e-13	2.14542e-13	2.3071e-13	2.4372e-13	2.477e-13	2.50045e-13	2.51691e-13	2.54064e-13	2.57416e-13	2.64644e-13	2.77155e-13	2.80538e-13	2.81815e-13	2.82925e-13	2.83985e-13	2.84977e-13	2.85902e-13	2.86855e-13	2.88722e-13	2.91805e-13	2.9776e-13	3.20143e-13	3.38487e-13	3.43184e-13	3.45026e-13	3.46979e-13	3.49314e-13	3.56392e-13	3.67529e-13	3.72542e-13	3.74146e-13	3.74951e-13	3.75673e-13	3.76395e-13	3.77114e-13	3.77956e-13	3.79643e-13	3.83519e-13	3.8782e-13	3.89421e-13	3.90773e-13	3.91501e-13	3.92306e-13	3.93885e-13	3.95844e-13	3.98061e-13	3.99004e-13	3.99469e-13	3.99766e-13	3.99978e-13	4.00133e-13	4.00323e-13	4.00526e-13	4.00731e-13	4.00878e-13	4.00991e-13	4.01123e-13	4.01225e-13	4.0136e-13	4.01456e-13	4.01584e-13	4.01646e-13	4.01698e-13	4.01818e-13	4.01818e-13	4.01818e-13	4.01818e-13
991.379	3.31748e-14	5.96749e-16	8.65154e-15	4.25438e-13	1.53558e-13	1.70717e-13	1.7703e-13	1.80418e-13	1.82314e-13	1.83561e-13	1.8455e-13	1.85291e-13	1.85864e-13	1.86436e-13	1.86899e-13	1.87409e-13	1.87899e-13	1.8846e-13	1.89098e-13	1.91516e-13	2.02756e-13	2.04468e-13	2.05132e-13	2.05746e-13	2.06584e-13	2.07228e-13	2.08552e-13	2.12265e-13	2.17354e-13	2.24701e-13	2.32373e-13	2.35288e-13	2.36852e-13	2.38345e-13	2.40992e-13	2.46117e-13	2.49388e-13	2.54131e-13	2.56174e-13	2.57149e-13	2.58061e-13	2.58942e-13	2.59884e-13	2.60703e-13	2.61623e-13	2.63204e-13	2.65872e-13	2.7179e-13	2.85628e-13	2.96181e-13	3.00589e-13	3.02691e-13	3.05167e-13	3.08883e-13	3.20053e-13	3.32341e-13	3.3652e-13	3.383e-13	3.39214e-13	3.40124e-13	3.41039e-13	3.42154e-13	3.43905e-13	3.47804e-13	3.63242e-13	3.86372e-13	3.94479e-13	3.96926e-13	3.98761e-13	4.00982e-13	4.05813e-13	4.12219e-13	4.1693e-13	4.18075e-13	4.18837e-13	4.19484e-13	4.19911e-13	4.20362e-13	4.21126e-13	4.22119e-13	4.22984e-13	4.23577e-13	4.23958e-13	4.24196e-13	4.2437e-13	4.24539e-13	4.24729e-13	4.24935e-13	4.2506e-13	4.25179e-13	4.25438e-13	4.25438e-13	4.25438e-13	4.25438e-13
994.397	3.31748e-14	8.8121e-16	9.02552e-15	5.32378e-13	1.47517e-13	1.64067e-13	1.70098e-13	1.73423e-13	1.75281e-13	1.76538e-13	1.77505e-13	1.78236e-13	1.78781e-13	1.79377e-13	1.79924e-13	1.80522e-13	1.81006e-13	1.81684e-13	1.82326e-13	1.83987e-13	1.91165e-13	1.92638e-13	1.93264e-13	1.94008e-13	1.94905e-13	1.95862e-13	1.98098e-13	2.04565e-13	2.13681e-13	2.25409e-13	2.32161e-13	2.35323e-13	2.3812e-13	2.40709e-13	2.46886e-13	2.70818e-13	2.82339e-13	2.89208e-13	2.92848e-13	2.94485e-13	2.95767e-13	2.97088e-13	2.98444e-13	2.99618e-13	3.00786e-13	3.03131e-13	3.07673e-13	3.15819e-13	3.37958e-13	3.49539e-13	3.5417e-13	3.57079e-13	3.60972e-13	3.67778e-13	3.92444e-13	4.14763e-13	4.2114e-13	4.23503e-13	4.24625e-13	4.25593e-13	4.26544e-13	4.27631e-13	4.28811e-13	4.30951e-13	4.36473e-13	4.4355e-13	4.47502e-13	4.49231e-13	4.50617e-13	4.53079e-13	4.57365e-13	4.62466e-13	4.67284e-13	4.68778e-13	4.70151e-13	4.71542e-13	4.72558e-13	4.74738e-13	4.81669e-13	4.96152e-13	5.03962e-13	5.16598e-13	5.23673e-13	5.26049e-13	5.27889e-13	5.28407e-13	5.29012e-13	5.29595e-13	5.30207e-13	5.31014e-13	5.32378e-13	5.32378e-13	5.32378e-13	5.32378e-13
997.414	3.31748e-14	9.53562e-16	8.99839e-15	6.97474e-13	1.43218e-13	1.59353e-13	1.65175e-13	1.6842e-13	1.70269e-13	1.71532e-13	1.72417e-13	1.73096e-13	1.73663e-13	1.74357e-13	1.7492e-13	1.75544e-13	1.76175e-13	1.77096e-13	1.77948e-13	1.80576e-13	1.88332e-13	1.90187e-13	1.91014e-13	1.9241e-13	1.94603e-13	1.97052e-13	2.01842e-13	2.22543e-13	2.42845e-13	2.64746e-13	2.75794e-13	2.81873e-13	2.86023e-13	2.89723e-13	2.99197e-13	3.33594e-13	3.58375e-13	3.67955e-13	3.74326e-13	3.77313e-13	3.79416e-13	3.81298e-13	3.8328e-13	3.85294e-13	3.87428e-13	3.90356e-13	3.97025e-13	4.1109e-13	4.416e-13	4.55669e-13	4.61879e-13	4.66404e-13	4.72771e-13	4.82575e-13	5.18641e-13	5.5214e-13	5.62105e-13	5.65883e-13	5.67895e-13	5.69386e-13	5.71061e-13	5.73005e-13	5.75827e-13	5.82179e-13	6.03641e-13	6.18636e-13	6.23608e-13	6.2645e-13	6.29167e-13	6.34633e-13	6.50045e-13	6.66243e-13	6.81412e-13	6.84871e-13	6.86397e-13	6.87962e-13	6.8907e-13	6.89686e-13	6.9043e-13	6.91191e-13	6.91639e-13	6.92155e-13	6.92623e-13	6.93094e-13	6.93636e-13	6.94247e-13	6.94795e-13	6.95455e-13	6.95854e-13	6.96461e-13	6.97474e-13	6.97474e-13	6.97474e-13	6.97474e-13
1000.43	3.31748e-14	7.84434e-16	8.57766e-15	5.92474e-13	1.37555e-13	1.5324e-13	1.59142e-13	1.62073e-13	1.63807e-13	1.64966e-13	1.65862e-13	1.66565e-13	1.6717e-13	1.67935e-13	1.68593e-13	1.69223e-13	1.69848e-13	1.70788e-13	1.72124e-13	1.77872e-13	1.9156e-13	1.9344e-13	1.94386e-13	1.95524e-13	1.97759e-13	2.00809e-13	2.0529e-13	2.24554e-13	2.39776e-13	2.46864e-13	2.53022e-13	2.57167e-13	2.6019e-13	2.64141e-13	2.78289e-13	3.20272e-13	3.46752e-13	3.52852e-13	3.57362e-13	3.59069e-13	3.60323e-13	3.61687e-13	3.63162e-13	3.64669e-13	3.6614e-13	3.68534e-13	3.75588e-13	3.89241e-13	4.08829e-13	4.17312e-13	4.21104e-13	4.24255e-13	4.2817e-13	4.33989e-13	4.44467e-13	4.58706e-13	4.64411e-13	4.66736e-13	4.67962e-13	4.69079e-13	4.70545e-13	4.72309e-13	4.74986e-13	4.82313e-13	5.06368e-13	5.2945e-13	5.37219e-13	5.4018e-13	5.42493e-13	5.46604e-13	5.56307e-13	5.67077e-13	5.76102e-13	5.78892e-13	5.79824e-13	5.80837e-13	5.81723e-13	5.82399e-13	5.83044e-13	5.83701e-13	5.84095e-13	5.84491e-13	5.84858e-13	5.85529e-13	5.866e-13	5.87251e-13	5.88325e-13	5.89662e-13	5.90523e-13	5.90774e-13	5.92474e-13	5.92474e-13	5.92474e-13	5.92474e-13
1003.45	3.31748e-14	1.84557e-15	8.92235e-15	1.20974e-12	1.36504e-13	1.51887e-13	1.57208e-13	1.60463e-13	1.62238e-13	1.63299e-13	1.64373e-13	1.65224e-13	1.65895e-13	1.66967e-13	1.67846e-13	1.68756e-13	1.69778e-13	1.7147e-13	1.73113e-13	1.81511e-13	2.11614e-13	2.15978e-13	2.17931e-13	2.20902e-13	2.25853e-13	2.32541e-13	2.44054e-13	2.96006e-13	3.42989e-13	3.56085e-13	3.64751e-13	3.72555e-13	3.79164e-13	3.8752e-13	4.22055e-13	4.78938e-13	5.09062e-13	5.17366e-13	5.24685e-13	5.29127e-13	5.3216e-13	5.3491e-13	5.38203e-13	5.42044e-13	5.46981e-13	5.53175e-13	5.73336e-13	6.22296e-13	6.62106e-13	6.75225e-13	6.83445e-13	6.91437e-13	6.99922e-13	7.19251e-13	7.3384e-13	7.45789e-13	7.5361e-13	7.58017e-13	7.60767e-13	7.6308e-13	7.6613e-13	7.7113e-13	7.78718e-13	8.00188e-13	8.61365e-13	9.077e-13	9.22686e-13	9.3058e-13	9.39321e-13	9.63753e-13	1.01682e-12	1.08301e-12	1.11717e-12	1.12865e-12	1.13409e-12	1.13809e-12	1.14072e-12	1.14631e-12	1.15728e-12	1.17144e-12	1.1829e-12	1.19151e-12	1.19763e-12	1.2e-12	1.20165e-12	1.20245e-12	1.20391e-12	1.20483e-12	1.20573e-12	1.20679e-12	1.20974e-12	1.20974e-12	1.20974e-12	1.20974e-12
1006.47	3.31748e-14	1.10227e-15	7.69742e-15	8.23652e-13	1.34348e-13	1.49686e-13	1.55297e-13	1.58348e-13	1.60214e-13	1.61274e-13	1.62157e-13	1.62881e-13	1.63419e-13	1.64216e-13	1.64847e-13	1.65712e-13	1.66299e-13	1.6759e-13	1.68683e-13	1.70477e-13	1.77524e-13	1.79212e-13	1.80385e-13	1.82326e-13	1.85514e-13	1.90064e-13	2.01055e-13	2.49341e-13	2.80564e-13	2.89472e-13	2.96114e-13	3.0186e-13	3.07931e-13	3.17702e-13	3.70913e-13	4.53379e-13	4.76676e-13	4.82741e-13	4.88245e-13	4.91855e-13	4.94062e-13	4.96318e-13	4.98511e-13	5.01202e-13	5.04513e-13	5.0846e-13	5.2361e-13	5.51125e-13	5.66761e-13	5.74423e-13	5.79085e-13	5.85168e-13	5.93084e-13	6.1892e-13	6.44394e-13	6.53615e-13	6.59485e-13	6.62507e-13	6.64135e-13	6.65256e-13	6.66697e-13	6.6867e-13	6.71337e-13	6.75525e-13	6.86698e-13	6.97149e-13	7.02443e-13	7.04787e-13	7.08237e-13	7.14474e-13	7.26276e-13	7.35892e-13	7.40114e-13	7.4254e-13	7.44339e-13	7.46325e-13	7.4857e-13	7.53867e-13	7.66358e-13	7.78159e-13	7.96177e-13	8.05686e-13	8.12621e-13	8.16191e-13	8.17596e-13	8.18554e-13	8.19802e-13	8.20985e-13	8.21409e-13	8.22265e-13	8.23652e-13	8.23652e-13	8.23652e-13	8.23652e-13
1009.48	3.31748e-14	1.19908e-15	6.81724e-15	9.78793e-13	1.40927e-13	1.57108e-13	1.63006e-13	1.66227e-13	1.67936e-13	1.69014e-13	1.69988e-13	1.70931e-13	1.71615e-13	1.72598e-13	1.7324e-13	1.73974e-13	1.74579e-13	1.75881e-13	1.76979e-13	1.78802e-13	1.86814e-13	1.88841e-13	1.90442e-13	1.9319e-13	1.9583e-13	1.99638e-13	2.10287e-13	2.57868e-13	2.91367e-13	3.01448e-13	3.07174e-13	3.12142e-13	3.16827e-13	3.24585e-13	3.5914e-13	4.06561e-13	4.21269e-13	4.25972e-13	4.32363e-13	4.36026e-13	4.38479e-13	4.41042e-13	4.43855e-13	4.48296e-13	4.54507e-13	4.63584e-13	4.99309e-13	5.98677e-13	6.37398e-13	6.49823e-13	6.56803e-13	6.64221e-13	6.76414e-13	7.08493e-13	7.4514e-13	7.58767e-13	7.65212e-13	7.69067e-13	7.71214e-13	7.72604e-13	7.7409e-13	7.76185e-13	7.79673e-13	7.86265e-13	7.9355e-13	7.99567e-13	8.04895e-13	8.08994e-13	8.1405e-13	8.30425e-13	8.74912e-13	9.21963e-13	9.40121e-13	9.47167e-13	9.49875e-13	9.52674e-13	9.54673e-13	9.57248e-13	9.60476e-13	9.64935e-13	9.69377e-13	9.71587e-13	9.72885e-13	9.73938e-13	9.74866e-13	9.75419e-13	9.76086e-13	9.76728e-13	9.77335e-13	9.77742e-13	9.78793e-13	9.78793e-13	9.78793e-13	9.78793e-13
1012.5	3.31748e-14	1.81021e-15	6.33966e-15	1.20401e-12	1.37437e-13	1.53327e-13	1.59115e-13	1.62348e-13	1.64141e-13	1.65285e-13	1.66237e-13	1.67123e-13	1.67839e-13	1.69023e-13	1.69897e-13	1.70624e-13	1.71361e-13	1.7282e-13	1.74224e-13	1.75166e-13	1.78824e-13	1.80749e-13	1.82284e-13	1.85975e-13	1.92219e-13	2.00214e-13	2.1775e-13	2.83241e-13	3.22496e-13	3.31381e-13	3.38576e-13	3.46348e-13	3.52967e-13	3.65828e-13	4.30569e-13	4.98345e-13	5.19287e-13	5.25938e-13	5.31906e-13	5.36086e-13	5.38719e-13	5.41743e-13	5.45564e-13	5.50969e-13	5.5745e-13	5.68837e-13	6.21147e-13	7.38565e-13	7.82457e-13	7.94718e-13	8.01653e-13	8.1049e-13	8.23994e-13	8.58691e-13	8.87138e-13	8.9789e-13	9.03738e-13	9.07998e-13	9.10269e-13	9.12196e-13	9.13849e-13	9.17041e-13	9.21937e-13	9.36381e-13	9.51696e-13	9.58207e-13	9.62311e-13	9.65557e-13	9.69547e-13	9.77377e-13	9.93162e-13	1.01171e-12	1.02058e-12	1.02556e-12	1.02873e-12	1.03154e-12	1.03427e-12	1.0436e-12	1.06647e-12	1.09126e-12	1.11843e-12	1.13939e-12	1.15056e-12	1.15886e-12	1.16383e-12	1.16932e-12	1.17512e-12	1.17962e-12	1.18585e-12	1.19063e-12	1.20401e-12	1.20401e-12	1.20401e-12	1.20401e-12
1015.52	3.31748e-14	1.94109e-15	5.15922e-15	1.27712e-12	1.42952e-13	1.5965e-13	1.6592e-13	1.69126e-13	1.71035e-13	1.72278e-13	1.73283e-13	1.74214e-13	1.74869e-13	1.75771e-13	1.7666e-13	1.77835e-13	1.78683e-13	1.7989e-13	1.81036e-13	1.82047e-13	1.85026e-13	1.86445e-13	1.87757e-13	1.9043e-13	1.96573e-13	2.08105e-13	2.2618e-13	2.54673e-13	2.75288e-13	2.81461e-13	2.87112e-13	2.93892e-13	2.99307e-13	3.0895e-13	3.50576e-13	3.81521e-13	3.91242e-13	3.95862e-13	4.00883e-13	4.04642e-13	4.06904e-13	4.09686e-13	4.1323e-13	4.18063e-13	4.24058e-13	4.34228e-13	4.72454e-13	5.75102e-13	6.1035e-13	6.20276e-13	6.25197e-13	6.33795e-13	6.47404e-13	6.87604e-13	7.23484e-13	7.33482e-13	7.39489e-13	7.44097e-13	7.47167e-13	7.50511e-13	7.53496e-13	7.60448e-13	7.70352e-13	8.16474e-13	8.93343e-13	9.27837e-13	9.36293e-13	9.43408e-13	9.51543e-13	9.73312e-13	1.01883e-12	1.06273e-12	1.0769e-12	1.0827e-12	1.08736e-12	1.09123e-12	1.09574e-12	1.10703e-12	1.13837e-12	1.18036e-12	1.22197e-12	1.23777e-12	1.25457e-12	1.25926e-12	1.26321e-12	1.26495e-12	1.26778e-12	1.26909e-12	1.27245e-12	1.27372e-12	1.27712e-12	1.27712e-12	1.27712e-12	1.27712e-12
1018.53	3.31748e-14	1.49678e-15	3.73425e-15	1.15699e-12	1.39641e-13	1.55919e-13	1.618e-13	1.64856e-13	1.66504e-13	1.67521e-13	1.68473e-13	1.69467e-13	1.7012e-13	1.71064e-13	1.71766e-13	1.7251e-13	1.7325e-13	1.74738e-13	1.76077e-13	1.76907e-13	1.7909e-13	1.80355e-13	1.81536e-13	1.84603e-13	1.9004e-13	1.98917e-13	2.15418e-13	2.33111e-13	2.48601e-13	2.54402e-13	2.58827e-13	2.66396e-13	2.75909e-13	2.93834e-13	3.6083e-13	4.06891e-13	4.17658e-13	4.22578e-13	4.27009e-13	4.30604e-13	4.33363e-13	4.35878e-13	4.38904e-13	4.432e-13	4.49211e-13	4.58001e-13	4.84475e-13	5.68003e-13	6.00269e-13	6.10724e-13	6.1653e-13	6.25721e-13	6.39853e-13	6.79415e-13	7.20141e-13	7.31117e-13	7.36965e-13	7.41761e-13	7.44887e-13	7.47938e-13	7.50828e-13	7.56737e-13	7.66038e-13	8.095e-13	8.74004e-13	9.12502e-13	9.22516e-13	9.30027e-13	9.36297e-13	9.52171e-13	9.96094e-13	1.05491e-12	1.07813e-12	1.08483e-12	1.08843e-12	1.09263e-12	1.09512e-12	1.09832e-12	1.1119e-12	1.12398e-12	1.13625e-12	1.14321e-12	1.14566e-12	1.1494e-12	1.15125e-12	1.15273e-12	1.15327e-12	1.1544e-12	1.15482e-12	1.15517e-12	1.15699e-12	1.15699e-12	1.15699e-12	1.15699e-12
1021.55	3.31748e-14	9.60807e-16	1.49779e-15	9.19487e-13	1.49186e-13	1.66451e-13	1.72125e-13	1.76064e-13	1.78014e-13	1.79318e-13	1.80408e-13	1.81604e-13	1.82341e-13	1.83126e-13	1.84063e-13	1.85112e-13	1.86187e-13	1.87538e-13	1.89138e-13	1.89997e-13	1.91605e-13	1.92777e-13	1.9442e-13	1.96952e-13	2.02564e-13	2.16866e-13	2.51148e-13	2.81912e-13	3.0225e-13	3.08706e-13	3.13021e-13	3.19659e-13	3.27585e-13	3.45837e-13	3.60845e-13	3.7607e-13	3.82596e-13	3.85438e-13	3.8847e-13	3.91964e-13	3.94457e-13	3.96721e-13	3.99619e-13	4.041e-13	4.10475e-13	4.21337e-13	4.43752e-13	5.12224e-13	5.43655e-13	5.51667e-13	5.57861e-13	5.6904e-13	5.91479e-13	6.58777e-13	7.21945e-13	7.3279e-13	7.38769e-13	7.42125e-13	7.44927e-13	7.47168e-13	7.49252e-13	7.51808e-13	7.57081e-13	7.72539e-13	7.89565e-13	8.01773e-13	8.06242e-13	8.09704e-13	8.13942e-13	8.27515e-13	8.56158e-13	8.87661e-13	9.02283e-13	9.05042e-13	9.07284e-13	9.09129e-13	9.09947e-13	9.10491e-13	9.1139e-13	9.12656e-13	9.13923e-13	9.14747e-13	9.15573e-13	9.16532e-13	9.17144e-13	9.1776e-13	9.18178e-13	9.18444e-13	9.18685e-13	9.18884e-13	9.19487e-13	9.19487e-13	9.19487e-13	9.19487e-13
1024.57	3.31748e-14	1.2878e-15	8.32595e-17	1.14965e-12	1.55915e-13	1.74158e-13	1.80444e-13	1.84065e-13	1.86031e-13	1.87218e-13	1.88322e-13	1.89617e-13	1.90499e-13	1.91654e-13	1.92585e-13	1.93399e-13	1.94138e-13	1.95533e-13	1.97357e-13	1.98393e-13	2.00283e-13	2.02331e-13	2.05183e-13	2.10818e-13	2.26433e-13	2.62232e-13	3.21407e-13	3.61388e-13	3.858e-13	3.94941e-13	4.01858e-13	4.1459e-13	4.38366e-13	5.57107e-13	5.93554e-13	6.11481e-13	6.20693e-13	6.25486e-13	6.29164e-13	6.33987e-13	6.37267e-13	6.40394e-13	6.44261e-13	6.49267e-13	6.58545e-13	6.74349e-13	6.98201e-13	7.32632e-13	7.57476e-13	7.64521e-13	7.7123e-13	7.82246e-13	8.13023e-13	8.4814e-13	8.68889e-13	8.78298e-13	8.82287e-13	8.85697e-13	8.88234e-13	8.90653e-13	8.93088e-13	8.96844e-13	9.03908e-13	9.41858e-13	9.80347e-13	1.01068e-12	1.01555e-12	1.01999e-12	1.0232e-12	1.03003e-12	1.05732e-12	1.07926e-12	1.09185e-12	1.09497e-12	1.09667e-12	1.09872e-12	1.09988e-12	1.10066e-12	1.10182e-12	1.10272e-12	1.10397e-12	1.10476e-12	1.1065e-12	1.10875e-12	1.11479e-12	1.11744e-12	1.12437e-12	1.13005e-12	1.13141e-12	1.13504e-12	1.14965e-12	1.14965e-12	1.14965e-12	1.14965e-12
1027.59	3.31748e-14	2.20024e-15	-7.3769e-16	1.69926e-12	1.58273e-13	1.76874e-13	1.83204e-13	1.86993e-13	1.89005e-13	1.90324e-13	1.91627e-13	1.93322e-13	1.94392e-13	1.95843e-13	1.97062e-13	1.98216e-13	1.99481e-13	2.01677e-13	2.0384e-13	2.05233e-13	2.07327e-13	2.10036e-13	2.13311e-13	2.2049e-13	2.39505e-13	2.83477e-13	3.14017e-13	3.36959e-13	3.53578e-13	3.61173e-13	3.68502e-13	3.81972e-13	4.05724e-13	4.98274e-13	5.29113e-13	5.40551e-13	5.4957e-13	5.55457e-13	5.59495e-13	5.64675e-13	5.68543e-13	5.72587e-13	5.77359e-13	5.84452e-13	5.99406e-13	6.36578e-13	7.18276e-13	7.49486e-13	7.69393e-13	7.78934e-13	7.88705e-13	8.05727e-13	8.741e-13	9.50778e-13	9.75397e-13	9.87067e-13	9.92419e-13	9.97888e-13	1.00351e-12	1.00911e-12	1.01755e-12	1.02828e-12	1.05819e-12	1.28028e-12	1.44166e-12	1.53013e-12	1.53969e-12	1.55131e-12	1.5593e-12	1.56774e-12	1.57764e-12	1.58389e-12	1.58901e-12	1.59247e-12	1.59426e-12	1.59626e-12	1.59806e-12	1.59972e-12	1.6018e-12	1.60405e-12	1.60658e-12	1.60853e-12	1.61139e-12	1.61827e-12	1.62411e-12	1.63672e-12	1.65222e-12	1.66324e-12	1.67484e-12	1.68002e-12	1.69926e-12	1.69926e-12	1.69926e-12	1.69926e-12
1030.6	3.31748e-14	2.38128e-15	-2.17789e-15	2.51891e-12	1.61123e-13	1.80279e-13	1.87006e-13	1.90834e-13	1.92978e-13	1.94351e-13	1.95725e-13	1.97829e-13	1.99009e-13	2.0075e-13	2.02609e-13	2.04051e-13	2.05731e-13	2.07791e-13	2.1158e-13	2.14929e-13	2.19191e-13	2.2452e-13	2.30431e-13	2.41587e-13	2.84895e-13	4.49207e-13	5.27584e-13	5.61808e-13	5.89651e-13	6.028e-13	6.16427e-13	6.40696e-13	6.83929e-13	8.16112e-13	8.63996e-13	8.9137e-13	9.07207e-13	9.15314e-13	9.21802e-13	9.30103e-13	9.3704e-13	9.43689e-13	9.53618e-13	9.69838e-13	1.0058e-12	1.09659e-12	1.35679e-12	1.45615e-12	1.49469e-12	1.51334e-12	1.53169e-12	1.56465e-12	1.71273e-12	1.88463e-12	1.92401e-12	1.9431e-12	1.9522e-12	1.95973e-12	1.96677e-12	1.97498e-12	1.98376e-12	1.99778e-12	2.0308e-12	2.14214e-12	2.28899e-12	2.34792e-12	2.36084e-12	2.372e-12	2.38436e-12	2.40636e-12	2.42973e-12	2.444e-12	2.45092e-12	2.45559e-12	2.45925e-12	2.46206e-12	2.46485e-12	2.46883e-12	2.47674e-12	2.4841e-12	2.49439e-12	2.50011e-12	2.50352e-12	2.50613e-12	2.50766e-12	2.51021e-12	2.51156e-12	2.5132e-12	2.51532e-12	2.51633e-12	2.51891e-12	2.51891e-12	2.51891e-12	2.51891e-12
1033.62	3.31748e-14	2.72723e-15	-3.40072e-15	2.4823e-12	1.64897e-13	1.84647e-13	1.9182e-13	1.9599e-13	1.98101e-13	1.99454e-13	2.00813e-13	2.02338e-13	2.03288e-13	2.04805e-13	2.06538e-13	2.0784e-13	2.09052e-13	2.11568e-13	2.14419e-13	2.16628e-13	2.20574e-13	2.2542e-13	2.3131e-13	2.45113e-13	2.87897e-13	4.38185e-13	5.07071e-13	5.32822e-13	5.54589e-13	5.6538e-13	5.74608e-13	5.97061e-13	6.32387e-13	6.7938e-13	7.03785e-13	7.15897e-13	7.25942e-13	7.32225e-13	7.36415e-13	7.44026e-13	7.51277e-13	7.57983e-13	7.66359e-13	7.80271e-13	8.13025e-13	8.7667e-13	1.04467e-12	1.12709e-12	1.15959e-12	1.17944e-12	1.19727e-12	1.23029e-12	1.38184e-12	1.57681e-12	1.61928e-12	1.63861e-12	1.64817e-12	1.65596e-12	1.6629e-12	1.67092e-12	1.67875e-12	1.68825e-12	1.71477e-12	1.77413e-12	1.82068e-12	1.84526e-12	1.85911e-12	1.87607e-12	1.9024e-12	2.01586e-12	2.19087e-12	2.32045e-12	2.36644e-12	2.37768e-12	2.38952e-12	2.39663e-12	2.40075e-12	2.40588e-12	2.41113e-12	2.41545e-12	2.41982e-12	2.42335e-12	2.42707e-12	2.43202e-12	2.43824e-12	2.44541e-12	2.45299e-12	2.46064e-12	2.46471e-12	2.47003e-12	2.4823e-12	2.4823e-12	2.4823e-12	2.4823e-12
1036.64	3.31748e-14	2.37367e-15	-5.27017e-15	2.39992e-12	1.70636e-13	1.91085e-13	1.98208e-13	2.02249e-13	2.04436e-13	2.05907e-13	2.07633e-13	2.09734e-13	2.10883e-13	2.12533e-13	2.14194e-13	2.15446e-13	2.16807e-13	2.19539e-13	2.21945e-13	2.23667e-13	2.26793e-13	2.32288e-13	2.38894e-13	2.54819e-13	3.09368e-13	4.70372e-13	5.44025e-13	5.67294e-13	5.8473e-13	5.94754e-13	6.06437e-13	6.48393e-13	7.33223e-13	7.97082e-13	8.3108e-13	8.45468e-13	8.56011e-13	8.62869e-13	8.67467e-13	8.74661e-13	8.82809e-13	8.89829e-13	8.98322e-13	9.13835e-13	9.51065e-13	1.01903e-12	1.10809e-12	1.16556e-12	1.1866e-12	1.20396e-12	1.22024e-12	1.25701e-12	1.37912e-12	1.59586e-12	1.6636e-12	1.68452e-12	1.69552e-12	1.70386e-12	1.7109e-12	1.72072e-12	1.73224e-12	1.74896e-12	1.79759e-12	1.9802e-12	2.13652e-12	2.18291e-12	2.19796e-12	2.20918e-12	2.22002e-12	2.23631e-12	2.25344e-12	2.26668e-12	2.27494e-12	2.27915e-12	2.28287e-12	2.28652e-12	2.29071e-12	2.29813e-12	2.31124e-12	2.32729e-12	2.34053e-12	2.35085e-12	2.35735e-12	2.36161e-12	2.3663e-12	2.37399e-12	2.3777e-12	2.38427e-12	2.38827e-12	2.39512e-12	2.39992e-12	2.39992e-12	2.39992e-12	2.39992e-12
1039.66	3.31748e-14	2.17202e-15	-6.39824e-15	2.55687e-12	1.62488e-13	1.82194e-13	1.89339e-13	1.93321e-13	1.95512e-13	1.96954e-13	1.98603e-13	2.01244e-13	2.02664e-13	2.04497e-13	2.06809e-13	2.08777e-13	2.10961e-13	2.1462e-13	2.18723e-13	2.22621e-13	2.27801e-13	2.35581e-13	2.4552e-13	2.75454e-13	4.2975e-13	6.35161e-13	7.10521e-13	7.32112e-13	7.59045e-13	7.79238e-13	7.99165e-13	8.96038e-13	1.15601e-12	1.28179e-12	1.31926e-12	1.33442e-12	1.34658e-12	1.35383e-12	1.35885e-12	1.36655e-12	1.37556e-12	1.38506e-12	1.39788e-12	1.42205e-12	1.48373e-12	1.64163e-12	1.74511e-12	1.78698e-12	1.8092e-12	1.82806e-12	1.84247e-12	1.87307e-12	1.94134e-12	2.02157e-12	2.05587e-12	2.07007e-12	2.07926e-12	2.08547e-12	2.0907e-12	2.09774e-12	2.10648e-12	2.11814e-12	2.16375e-12	2.25095e-12	2.32859e-12	2.35224e-12	2.36345e-12	2.37195e-12	2.38847e-12	2.42392e-12	2.4579e-12	2.47415e-12	2.48235e-12	2.48683e-12	2.49028e-12	2.49342e-12	2.49661e-12	2.50034e-12	2.50463e-12	2.51082e-12	2.51636e-12	2.51908e-12	2.52118e-12	2.52442e-12	2.52774e-12	2.53443e-12	2.53666e-12	2.54438e-12	2.54635e-12	2.54923e-12	2.55687e-12	2.55687e-12	2.55687e-12	2.55687e-12
1042.67	3.31748e-14	2.64231e-15	-6.9571e-15	3.14167e-12	1.66549e-13	1.86737e-13	1.93794e-13	1.97924e-13	2.00004e-13	2.01439e-13	2.03123e-13	2.05863e-13	2.07136e-13	2.08832e-13	2.1124e-13	2.13324e-13	2.15707e-13	2.19e-13	2.22543e-13	2.2522e-13	2.29438e-13	2.36695e-13	2.44752e-13	2.67694e-13	3.91245e-13	5.50649e-13	6.25452e-13	6.41992e-13	6.62462e-13	6.8052e-13	7.04563e-13	8.12496e-13	1.04478e-12	1.13931e-12	1.17105e-12	1.18651e-12	1.201e-12	1.21153e-12	1.21851e-12	1.22937e-12	1.24023e-12	1.25069e-12	1.26719e-12	1.30189e-12	1.37897e-12	1.63213e-12	1.83054e-12	1.88741e-12	1.91651e-12	1.94333e-12	1.96904e-12	2.04505e-12	2.20769e-12	2.30252e-12	2.33747e-12	2.35143e-12	2.36251e-12	2.3698e-12	2.37684e-12	2.38681e-12	2.39753e-12	2.41124e-12	2.44716e-12	2.52779e-12	2.61862e-12	2.64803e-12	2.66465e-12	2.68214e-12	2.7208e-12	2.83561e-12	2.96282e-12	3.03766e-12	3.06322e-12	3.07542e-12	3.08317e-12	3.08959e-12	3.09434e-12	3.1005e-12	3.10633e-12	3.11471e-12	3.12187e-12	3.12556e-12	3.12862e-12	3.13092e-12	3.13264e-12	3.13418e-12	3.13542e-12	3.13666e-12	3.13785e-12	3.13891e-12	3.14167e-12	3.14167e-12	3.14167e-12	3.14167e-12
1045.69	3.31748e-14	1.79279e-15	-8.94039e-15	2.3372e-12	1.7597e-13	1.97325e-13	2.04448e-13	2.08869e-13	2.11187e-13	2.12831e-13	2.14563e-13	2.17201e-13	2.18494e-13	2.20113e-13	2.22174e-13	2.23663e-13	2.25367e-13	2.27511e-13	2.30794e-13	2.33443e-13	2.37126e-13	2.43833e-13	2.52592e-13	2.74818e-13	4.00579e-13	4.96187e-13	5.28874e-13	5.46049e-13	5.61709e-13	5.75527e-13	5.96566e-13	7.21696e-13	9.6874e-13	1.01496e-12	1.03653e-12	1.04721e-12	1.05879e-12	1.06657e-12	1.07172e-12	1.08001e-12	1.09121e-12	1.10091e-12	1.11347e-12	1.13756e-12	1.20128e-12	1.38929e-12	1.55979e-12	1.59998e-12	1.62032e-12	1.643e-12	1.66573e-12	1.72021e-12	1.8619e-12	1.96692e-12	2.00411e-12	2.01635e-12	2.02573e-12	2.03083e-12	2.03548e-12	2.04076e-12	2.04774e-12	2.05689e-12	2.0678e-12	2.07826e-12	2.09165e-12	2.10153e-12	2.10928e-12	2.11805e-12	2.13582e-12	2.17971e-12	2.22677e-12	2.25798e-12	2.26961e-12	2.27484e-12	2.279e-12	2.28226e-12	2.28519e-12	2.29116e-12	2.29789e-12	2.30934e-12	2.31863e-12	2.32392e-12	2.32838e-12	2.33046e-12	2.33155e-12	2.33227e-12	2.33315e-12	2.33395e-12	2.33465e-12	2.3354e-12	2.3372e-12	2.3372e-12	2.3372e-12	2.3372e-12
1048.71	3.31748e-14	1.64624e-15	-9.63047e-15	1.87148e-12	1.88939e-13	2.11949e-13	2.19611e-13	2.24034e-13	2.26358e-13	2.28011e-13	2.29597e-13	2.31908e-13	2.33134e-13	2.34537e-13	2.36413e-13	2.37532e-13	2.38765e-13	2.40546e-13	2.42481e-13	2.44203e-13	2.46557e-13	2.53701e-13	2.64965e-13	2.85991e-13	3.39251e-13	3.86728e-13	4.0476e-13	4.13396e-13	4.23571e-13	4.34724e-13	4.5401e-13	5.5192e-13	7.34687e-13	7.79323e-13	7.9505e-13	8.0341e-13	8.11968e-13	8.18096e-13	8.21917e-13	8.26365e-13	8.33228e-13	8.40356e-13	8.49162e-13	8.63796e-13	9.11163e-13	1.02667e-12	1.11582e-12	1.14103e-12	1.15417e-12	1.16926e-12	1.18513e-12	1.25065e-12	1.34059e-12	1.38039e-12	1.39543e-12	1.40186e-12	1.40771e-12	1.41121e-12	1.41465e-12	1.41874e-12	1.42506e-12	1.43391e-12	1.45859e-12	1.48093e-12	1.49605e-12	1.50311e-12	1.51037e-12	1.51669e-12	1.53407e-12	1.58602e-12	1.65308e-12	1.69259e-12	1.70722e-12	1.71237e-12	1.71899e-12	1.72422e-12	1.73022e-12	1.75164e-12	1.78189e-12	1.80449e-12	1.8331e-12	1.84438e-12	1.85174e-12	1.85677e-12	1.85926e-12	1.86198e-12	1.86421e-12	1.86586e-12	1.86698e-12	1.8683e-12	1.87148e-12	1.87148e-12	1.87148e-12	1.87148e-12
1051.72	3.31748e-14	1.17034e-15	-1.0038e-14	1.53981e-12	1.95994e-13	2.20054e-13	2.28066e-13	2.32571e-13	2.34901e-13	2.36595e-13	2.38201e-13	2.4045e-13	2.41823e-13	2.43153e-13	2.44593e-13	2.45559e-13	2.46636e-13	2.48229e-13	2.50617e-13	2.52656e-13	2.55216e-13	2.6188e-13	2.77088e-13	3.16543e-13	3.81342e-13	4.18082e-13	4.35712e-13	4.44387e-13	4.52033e-13	4.61596e-13	4.79593e-13	5.51126e-13	6.39603e-13	6.63606e-13	6.73258e-13	6.78952e-13	6.85287e-13	6.90274e-13	6.93761e-13	6.97315e-13	7.02575e-13	7.08327e-13	7.16069e-13	7.32496e-13	7.85446e-13	9.00202e-13	9.44149e-13	9.59878e-13	9.70236e-13	9.83311e-13	9.99749e-13	1.06025e-12	1.15734e-12	1.19641e-12	1.20935e-12	1.21626e-12	1.22128e-12	1.22455e-12	1.22876e-12	1.23283e-12	1.2414e-12	1.251e-12	1.31284e-12	1.39275e-12	1.44267e-12	1.4532e-12	1.46006e-12	1.46578e-12	1.47133e-12	1.47895e-12	1.48833e-12	1.49611e-12	1.50122e-12	1.50292e-12	1.50455e-12	1.50641e-12	1.50825e-12	1.51098e-12	1.51423e-12	1.51722e-12	1.51988e-12	1.5214e-12	1.52297e-12	1.52429e-12	1.52645e-12	1.52801e-12	1.53107e-12	1.53305e-12	1.53495e-12	1.5358e-12	1.53981e-12	1.53981e-12	1.53981e-12	1.53981e-12
1054.74	3.31748e-14	1.12159e-15	-9.26745e-15	1.72279e-12	1.9099e-13	2.14304e-13	2.21588e-13	2.26165e-13	2.28705e-13	2.30506e-13	2.32384e-13	2.35001e-13	2.36383e-13	2.3769e-13	2.39219e-13	2.4039e-13	2.42212e-13	2.44077e-13	2.46538e-13	2.49026e-13	2.52163e-13	2.61506e-13	2.8108e-13	3.42772e-13	4.08923e-13	4.39968e-13	4.59475e-13	4.68116e-13	4.78042e-13	4.93683e-13	5.27703e-13	6.41699e-13	7.11855e-13	7.30177e-13	7.41117e-13	7.47112e-13	7.54296e-13	7.59246e-13	7.63242e-13	7.67799e-13	7.75121e-13	7.82324e-13	7.93705e-13	8.19381e-13	9.18037e-13	1.08735e-12	1.15364e-12	1.17384e-12	1.18814e-12	1.20899e-12	1.24019e-12	1.3476e-12	1.47372e-12	1.50607e-12	1.52119e-12	1.53039e-12	1.53546e-12	1.54043e-12	1.54375e-12	1.54787e-12	1.55394e-12	1.56768e-12	1.59324e-12	1.61949e-12	1.63207e-12	1.63816e-12	1.64204e-12	1.6479e-12	1.65645e-12	1.66433e-12	1.66901e-12	1.67223e-12	1.67508e-12	1.67683e-12	1.67832e-12	1.68037e-12	1.68353e-12	1.68896e-12	1.69623e-12	1.7043e-12	1.71036e-12	1.71424e-12	1.71606e-12	1.71739e-12	1.71827e-12	1.71894e-12	1.71985e-12	1.72058e-12	1.72109e-12	1.72153e-12	1.72279e-12	1.72279e-12	1.72279e-12	1.72279e-12
1057.76	3.31748e-14	1.79918e-15	-6.84055e-15	2.48308e-12	1.83415e-13	2.06004e-13	2.13204e-13	2.17815e-13	2.20302e-13	2.22192e-13	2.2449e-13	2.26819e-13	2.28129e-13	2.29612e-13	2.32299e-13	2.34067e-13	2.35889e-13	2.38796e-13	2.43758e-13	2.48366e-13	2.5425e-13	2.70794e-13	3.17634e-13	4.71278e-13	5.91421e-13	6.30894e-13	6.46983e-13	6.58381e-13	6.70969e-13	6.92638e-13	7.57759e-13	8.53872e-13	9.02191e-13	9.21116e-13	9.3025e-13	9.3635e-13	9.42874e-13	9.49027e-13	9.55434e-13	9.60676e-13	9.70471e-13	9.83642e-13	1.00165e-12	1.04381e-12	1.23143e-12	1.46052e-12	1.51577e-12	1.5407e-12	1.55819e-12	1.58058e-12	1.62326e-12	1.70798e-12	1.80965e-12	1.83826e-12	1.8537e-12	1.86477e-12	1.87186e-12	1.87917e-12	1.88605e-12	1.89535e-12	1.91268e-12	1.95399e-12	2.07604e-12	2.24665e-12	2.29844e-12	2.31526e-12	2.32648e-12	2.33905e-12	2.36398e-12	2.39458e-12	2.41258e-12	2.41929e-12	2.4232e-12	2.42639e-12	2.42886e-12	2.43127e-12	2.4345e-12	2.43878e-12	2.44442e-12	2.45063e-12	2.45609e-12	2.46022e-12	2.46283e-12	2.46586e-12	2.46842e-12	2.47049e-12	2.47393e-12	2.47582e-12	2.47787e-12	2.48002e-12	2.48308e-12	2.48308e-12	2.48308e-12	2.48308e-12
1060.78	3.31748e-14	1.40055e-15	-6.20018e-15	1.96868e-12	1.82376e-13	2.04794e-13	2.11671e-13	2.1637e-13	2.1879e-13	2.20575e-13	2.22353e-13	2.2488e-13	2.26166e-13	2.2733e-13	2.29375e-13	2.30744e-13	2.32174e-13	2.34001e-13	2.37228e-13	2.40351e-13	2.43956e-13	2.54776e-13	2.75973e-13	3.25663e-13	3.65598e-13	3.888e-13	4.00676e-13	4.06827e-13	4.16577e-13	4.3648e-13	5.16108e-13	6.35442e-13	6.74495e-13	6.89872e-13	6.97687e-13	7.03649e-13	7.09213e-13	7.14374e-13	7.19371e-13	7.23384e-13	7.32077e-13	7.44381e-13	7.58264e-13	7.81759e-13	8.95383e-13	1.07941e-12	1.114e-12	1.133e-12	1.14454e-12	1.16718e-12	1.22517e-12	1.33243e-12	1.38882e-12	1.40749e-12	1.41848e-12	1.42599e-12	1.43085e-12	1.43556e-12	1.43947e-12	1.44514e-12	1.45358e-12	1.47659e-12	1.5308e-12	1.58477e-12	1.6044e-12	1.61396e-12	1.62466e-12	1.63977e-12	1.69488e-12	1.79963e-12	1.87783e-12	1.90872e-12	1.91634e-12	1.92192e-12	1.92664e-12	1.92985e-12	1.93381e-12	1.93879e-12	1.94464e-12	1.95024e-12	1.95415e-12	1.95667e-12	1.95821e-12	1.95994e-12	1.96113e-12	1.96256e-12	1.96376e-12	1.96462e-12	1.9656e-12	1.96646e-12	1.96868e-12	1.96868e-12	1.96868e-12	1.96868e-12
1063.79	3.31748e-14	2.10305e-15	-4.22901e-15	2.37782e-12	1.72942e-13	1.94461e-13	2.01273e-13	2.05294e-13	2.07531e-13	2.09244e-13	2.1103e-13	2.13563e-13	2.14916e-13	2.16189e-13	2.1868e-13	2.20426e-13	2.21873e-13	2.23957e-13	2.27228e-13	2.30419e-13	2.34414e-13	2.52709e-13	3.07537e-13	3.67615e-13	4.10233e-13	4.28659e-13	4.39535e-13	4.48041e-13	4.58298e-13	4.84247e-13	5.58652e-13	6.74105e-13	7.0619e-13	7.21818e-13	7.30757e-13	7.36732e-13	7.42319e-13	7.47731e-13	7.51903e-13	7.55674e-13	7.64164e-13	7.7545e-13	7.90685e-13	8.17371e-13	8.74973e-13	9.59447e-13	9.90201e-13	1.00481e-12	1.01497e-12	1.03658e-12	1.09638e-12	1.2317e-12	1.3109e-12	1.33177e-12	1.34553e-12	1.35431e-12	1.36155e-12	1.36722e-12	1.37436e-12	1.38312e-12	1.39846e-12	1.44373e-12	1.59648e-12	1.75367e-12	1.80421e-12	1.81714e-12	1.8325e-12	1.84785e-12	1.89408e-12	1.98725e-12	2.07382e-12	2.11093e-12	2.12061e-12	2.12758e-12	2.13523e-12	2.14074e-12	2.15219e-12	2.17281e-12	2.2104e-12	2.25299e-12	2.28527e-12	2.30318e-12	2.31391e-12	2.32206e-12	2.32844e-12	2.33632e-12	2.34495e-12	2.34951e-12	2.35668e-12	2.36665e-12	2.37782e-12	2.37782e-12	2.37782e-12	2.37782e-12
1066.81	3.31748e-14	8.47264e-16	-3.60139e-15	1.30224e-12	1.75823e-13	1.97737e-13	2.04504e-13	2.08532e-13	2.10788e-13	2.12498e-13	2.14192e-13	2.16158e-13	2.1751e-13	2.18722e-13	2.20345e-13	2.21589e-13	2.2312e-13	2.24608e-13	2.27884e-13	2.31546e-13	2.36253e-13	2.58518e-13	3.38905e-13	4.05205e-13	4.29034e-13	4.40561e-13	4.50109e-13	4.5493e-13	4.61923e-13	4.87844e-13	5.08533e-13	5.25702e-13	5.33605e-13	5.39712e-13	5.433e-13	5.46075e-13	5.4914e-13	5.52863e-13	5.56546e-13	5.59603e-13	5.65572e-13	5.75598e-13	5.91374e-13	6.38769e-13	7.47519e-13	7.96048e-13	8.18333e-13	8.2924e-13	8.37701e-13	8.5535e-13	9.19357e-13	9.90314e-13	1.01624e-12	1.02521e-12	1.03025e-12	1.0338e-12	1.03728e-12	1.04014e-12	1.04362e-12	1.04699e-12	1.05418e-12	1.07379e-12	1.12169e-12	1.16531e-12	1.18276e-12	1.18829e-12	1.19249e-12	1.19822e-12	1.20901e-12	1.22325e-12	1.23716e-12	1.24491e-12	1.24765e-12	1.24921e-12	1.25096e-12	1.25232e-12	1.25406e-12	1.25701e-12	1.26211e-12	1.26915e-12	1.2755e-12	1.27898e-12	1.28215e-12	1.28467e-12	1.2867e-12	1.28972e-12	1.29237e-12	1.29407e-12	1.29655e-12	1.29889e-12	1.30224e-12	1.30224e-12	1.30224e-12	1.30224e-12
1069.83	3.31748e-14	1.36071e-15	-1.0841e-15	1.79993e-12	1.67974e-13	1.89177e-13	1.96039e-13	2.00027e-13	2.02137e-13	2.03739e-13	2.05327e-13	2.07233e-13	2.08369e-13	2.09402e-13	2.11494e-13	2.13044e-13	2.14458e-13	2.16105e-13	2.18915e-13	2.21837e-13	2.25014e-13	2.39512e-13	2.74526e-13	3.12355e-13	3.32e-13	3.4158e-13	3.49537e-13	3.54742e-13	3.63775e-13	4.03022e-13	4.34061e-13	4.46712e-13	4.53759e-13	4.59322e-13	4.6293e-13	4.66664e-13	4.7051e-13	4.75492e-13	4.80188e-13	4.84891e-13	4.92604e-13	5.06113e-13	5.26027e-13	5.84504e-13	7.46819e-13	8.20114e-13	8.43858e-13	8.5714e-13	8.69214e-13	8.90679e-13	9.78346e-13	1.09025e-12	1.1275e-12	1.14007e-12	1.14653e-12	1.15193e-12	1.15789e-12	1.16324e-12	1.16943e-12	1.17691e-12	1.18996e-12	1.2339e-12	1.36183e-12	1.46219e-12	1.48941e-12	1.50178e-12	1.51002e-12	1.52239e-12	1.56653e-12	1.62457e-12	1.67228e-12	1.69815e-12	1.70493e-12	1.70913e-12	1.71296e-12	1.71633e-12	1.72123e-12	1.72813e-12	1.74511e-12	1.76453e-12	1.77917e-12	1.78162e-12	1.78757e-12	1.7892e-12	1.79058e-12	1.79194e-12	1.79341e-12	1.79427e-12	1.7961e-12	1.79812e-12	1.79993e-12	1.79993e-12	1.79993e-12	1.79993e-12
1072.84	3.31748e-14	2.51151e-15	1.82373e-15	2.75586e-12	1.55832e-13	1.75493e-13	1.81733e-13	1.85323e-13	1.87244e-13	1.88645e-13	1.89922e-13	1.93397e-13	1.9496e-13	1.96197e-13	1.99371e-13	2.01717e-13	2.03935e-13	2.0643e-13	2.12026e-13	2.16486e-13	2.24029e-13	2.76356e-13	3.64289e-13	4.4285e-13	4.68542e-13	4.84739e-13	4.95603e-13	5.06048e-13	5.30052e-13	6.43035e-13	7.34146e-13	7.5306e-13	7.68615e-13	7.80429e-13	7.87445e-13	7.93513e-13	7.99562e-13	8.06964e-13	8.1371e-13	8.19889e-13	8.30419e-13	8.48357e-13	8.74033e-13	9.3547e-13	1.08774e-12	1.1821e-12	1.2157e-12	1.23583e-12	1.25499e-12	1.28942e-12	1.45173e-12	1.61834e-12	1.66164e-12	1.68042e-12	1.69282e-12	1.7027e-12	1.71049e-12	1.71818e-12	1.7264e-12	1.73961e-12	1.75447e-12	1.83003e-12	2.06906e-12	2.22428e-12	2.26415e-12	2.28093e-12	2.29393e-12	2.31272e-12	2.37184e-12	2.42478e-12	2.46305e-12	2.47985e-12	2.48672e-12	2.49181e-12	2.49572e-12	2.49875e-12	2.50295e-12	2.51096e-12	2.52434e-12	2.53149e-12	2.5465e-12	2.5547e-12	2.56285e-12	2.57751e-12	2.60297e-12	2.6255e-12	2.64692e-12	2.6822e-12	2.69519e-12	2.70386e-12	2.75586e-12	2.75586e-12	2.75586e-12	2.75586e-12
1075.86	3.31748e-14	1.23159e-15	1.44214e-15	1.91772e-12	1.53487e-13	1.72815e-13	1.78608e-13	1.82096e-13	1.84153e-13	1.85779e-13	1.87476e-13	1.90247e-13	1.916e-13	1.92507e-13	1.94827e-13	1.9712e-13	1.99313e-13	2.01454e-13	2.06622e-13	2.10787e-13	2.16942e-13	2.6954e-13	3.411e-13	3.89068e-13	4.01582e-13	4.09366e-13	4.17705e-13	4.26747e-13	4.45758e-13	5.46089e-13	6.21504e-13	6.41e-13	6.52629e-13	6.60681e-13	6.64933e-13	6.69053e-13	6.72996e-13	6.78577e-13	6.83514e-13	6.8735e-13	6.93219e-13	7.05365e-13	7.28488e-13	7.86287e-13	9.12477e-13	9.79258e-13	9.99584e-13	1.01573e-12	1.03201e-12	1.0578e-12	1.20036e-12	1.37907e-12	1.42808e-12	1.44392e-12	1.4519e-12	1.45835e-12	1.46373e-12	1.46798e-12	1.47252e-12	1.47769e-12	1.4859e-12	1.51317e-12	1.57158e-12	1.61996e-12	1.63858e-12	1.64743e-12	1.65471e-12	1.67054e-12	1.72627e-12	1.79452e-12	1.85724e-12	1.87665e-12	1.88338e-12	1.88851e-12	1.89227e-12	1.89468e-12	1.89699e-12	1.89903e-12	1.9015e-12	1.90327e-12	1.90509e-12	1.90662e-12	1.90808e-12	1.90985e-12	1.91138e-12	1.91224e-12	1.91342e-12	1.91428e-12	1.91525e-12	1.91576e-12	1.91772e-12	1.91772e-12	1.91772e-12	1.91772e-12
1078.88	3.31748e-14	1.86703e-15	3.39658e-15	2.86867e-12	1.44028e-13	1.62512e-13	1.68345e-13	1.72188e-13	1.74585e-13	1.76569e-13	1.78488e-13	1.81226e-13	1.83176e-13	1.84901e-13	1.88794e-13	1.9223e-13	1.94883e-13	1.97623e-13	2.03276e-13	2.09207e-13	2.21765e-13	3.3725e-13	4.37692e-13	4.72567e-13	4.8652e-13	5.00162e-13	5.13919e-13	5.29591e-13	5.69232e-13	7.63238e-13	8.79567e-13	9.02076e-13	9.15447e-13	9.2498e-13	9.30831e-13	9.37064e-13	9.42103e-13	9.49094e-13	9.56403e-13	9.63365e-13	9.73485e-13	9.96468e-13	1.02679e-12	1.10008e-12	1.23323e-12	1.28936e-12	1.31352e-12	1.33391e-12	1.36e-12	1.39145e-12	1.5946e-12	1.88838e-12	1.94686e-12	1.96882e-12	1.97989e-12	1.99087e-12	1.99801e-12	2.0076e-12	2.01519e-12	2.03061e-12	2.04525e-12	2.20111e-12	2.41895e-12	2.5972e-12	2.62407e-12	2.64117e-12	2.65367e-12	2.66828e-12	2.70233e-12	2.74144e-12	2.78109e-12	2.79884e-12	2.80643e-12	2.81091e-12	2.81521e-12	2.81862e-12	2.82195e-12	2.82531e-12	2.82933e-12	2.8325e-12	2.83495e-12	2.83698e-12	2.83907e-12	2.84266e-12	2.84699e-12	2.84913e-12	2.85383e-12	2.8561e-12	2.8606e-12	2.86139e-12	2.86867e-12	2.86867e-12	2.86867e-12	2.86867e-12
1081.9	3.31748e-14	1.26308e-15	4.50443e-15	2.01441e-12	1.45339e-13	1.63916e-13	1.69501e-13	1.73167e-13	1.75433e-13	1.77364e-13	1.80015e-13	1.82184e-13	1.8364e-13	1.84773e-13	1.87069e-13	1.89395e-13	1.93497e-13	1.96603e-13	2.00565e-13	2.04474e-13	2.12923e-13	2.94864e-13	3.70483e-13	3.95487e-13	4.0523e-13	4.14477e-13	4.25983e-13	4.40463e-13	4.8233e-13	6.96557e-13	7.80941e-13	7.97381e-13	8.06985e-13	8.1559e-13	8.21063e-13	8.2542e-13	8.28462e-13	8.32922e-13	8.38258e-13	8.44118e-13	8.50648e-13	8.67593e-13	8.98519e-13	9.71845e-13	1.03073e-12	1.05896e-12	1.07261e-12	1.08566e-12	1.09976e-12	1.11762e-12	1.20046e-12	1.38455e-12	1.43822e-12	1.45241e-12	1.46018e-12	1.46666e-12	1.4721e-12	1.47805e-12	1.48297e-12	1.49281e-12	1.50336e-12	1.57285e-12	1.6836e-12	1.75085e-12	1.76725e-12	1.77639e-12	1.78451e-12	1.80254e-12	1.83973e-12	1.8791e-12	1.90784e-12	1.91877e-12	1.92478e-12	1.92859e-12	1.93192e-12	1.93551e-12	1.94236e-12	1.95327e-12	1.96887e-12	1.98182e-12	1.9905e-12	1.99571e-12	1.99779e-12	1.99976e-12	2.00199e-12	2.00373e-12	2.00615e-12	2.00785e-12	2.00982e-12	2.01083e-12	2.01441e-12	2.01441e-12	2.01441e-12	2.01441e-12
1084.91	3.31748e-14	1.92135e-15	6.27327e-15	2.71096e-12	1.42046e-13	1.60476e-13	1.66349e-13	1.7006e-13	1.72025e-13	1.7371e-13	1.75385e-13	1.77425e-13	1.78816e-13	1.79764e-13	1.81716e-13	1.83763e-13	1.85944e-13	1.88261e-13	1.94253e-13	2.00491e-13	2.13528e-13	3.49838e-13	4.59566e-13	4.85422e-13	4.98038e-13	5.08905e-13	5.22252e-13	5.37024e-13	5.68322e-13	7.58267e-13	8.2768e-13	8.41229e-13	8.49782e-13	8.58529e-13	8.6323e-13	8.68328e-13	8.72171e-13	8.78803e-13	8.86023e-13	8.92171e-13	8.98944e-13	9.20701e-13	9.54692e-13	1.01871e-12	1.07971e-12	1.1095e-12	1.12119e-12	1.13367e-12	1.14841e-12	1.16898e-12	1.21147e-12	1.32518e-12	1.37313e-12	1.38436e-12	1.39232e-12	1.39835e-12	1.40594e-12	1.41745e-12	1.42763e-12	1.45038e-12	1.48069e-12	1.6676e-12	1.92529e-12	2.08691e-12	2.11702e-12	2.14097e-12	2.15863e-12	2.20325e-12	2.32031e-12	2.47287e-12	2.58955e-12	2.62144e-12	2.63217e-12	2.64236e-12	2.64893e-12	2.65325e-12	2.65811e-12	2.66387e-12	2.67204e-12	2.67914e-12	2.68653e-12	2.69171e-12	2.69491e-12	2.69703e-12	2.69873e-12	2.70046e-12	2.70245e-12	2.70433e-12	2.70614e-12	2.70796e-12	2.71096e-12	2.71096e-12	2.71096e-12	2.71096e-12
1087.93	3.31748e-14	1.78061e-15	7.49867e-15	1.70326e-12	1.44538e-13	1.6308e-13	1.68544e-13	1.72199e-13	1.7434e-13	1.76142e-13	1.77758e-13	1.79456e-13	1.80532e-13	1.81566e-13	1.84215e-13	1.8642e-13	1.88798e-13	1.90946e-13	1.94634e-13	1.99036e-13	2.08656e-13	3.02966e-13	3.87789e-13	4.08115e-13	4.15667e-13	4.22409e-13	4.28532e-13	4.36598e-13	4.49573e-13	4.88797e-13	5.11279e-13	5.15631e-13	5.18929e-13	5.23515e-13	5.26743e-13	5.30276e-13	5.32741e-13	5.36271e-13	5.41375e-13	5.47215e-13	5.54886e-13	5.76386e-13	6.52544e-13	8.05235e-13	8.82449e-13	9.07385e-13	9.20149e-13	9.31863e-13	9.40555e-13	9.52824e-13	9.651e-13	9.86977e-13	1.00483e-12	1.01008e-12	1.01457e-12	1.01752e-12	1.02172e-12	1.02682e-12	1.032e-12	1.04257e-12	1.05747e-12	1.13219e-12	1.25232e-12	1.33857e-12	1.35673e-12	1.36798e-12	1.37438e-12	1.38426e-12	1.40293e-12	1.42303e-12	1.43496e-12	1.43984e-12	1.44302e-12	1.44521e-12	1.44725e-12	1.44957e-12	1.45194e-12	1.45476e-12	1.45866e-12	1.4617e-12	1.46463e-12	1.46976e-12	1.48081e-12	1.5021e-12	1.51918e-12	1.55671e-12	1.58357e-12	1.60898e-12	1.63323e-12	1.66863e-12	1.70326e-12	1.70326e-12	1.70326e-12	1.70326e-12
1090.95	3.31748e-14	4.023e-16	7.43637e-15	7.2968e-13	1.5021e-13	1.69711e-13	1.75585e-13	1.79219e-13	1.81295e-13	1.83005e-13	1.84476e-13	1.85915e-13	1.86956e-13	1.87915e-13	1.8923e-13	1.90255e-13	1.91908e-13	1.93562e-13	1.96467e-13	1.98765e-13	2.02109e-13	2.3114e-13	2.60357e-13	2.69202e-13	2.73238e-13	2.76567e-13	2.8118e-13	2.8895e-13	3.01666e-13	3.1268e-13	3.20242e-13	3.22322e-13	3.23918e-13	3.25877e-13	3.27357e-13	3.29101e-13	3.30497e-13	3.32493e-13	3.35803e-13	3.40094e-13	3.44313e-13	3.58311e-13	4.04864e-13	4.80795e-13	5.05618e-13	5.18431e-13	5.25534e-13	5.32138e-13	5.39927e-13	5.59731e-13	5.81653e-13	5.93254e-13	6.01321e-13	6.03751e-13	6.05647e-13	6.06773e-13	6.08405e-13	6.10247e-13	6.11813e-13	6.13789e-13	6.16292e-13	6.21656e-13	6.32203e-13	6.43768e-13	6.48157e-13	6.51114e-13	6.5378e-13	6.58709e-13	6.72438e-13	6.90936e-13	7.01403e-13	7.0483e-13	7.06703e-13	7.08116e-13	7.0909e-13	7.10353e-13	7.12331e-13	7.15185e-13	7.1735e-13	7.19988e-13	7.21698e-13	7.22426e-13	7.23132e-13	7.23789e-13	7.24523e-13	7.25518e-13	7.26471e-13	7.27027e-13	7.27967e-13	7.28883e-13	7.2968e-13	7.2968e-13	7.2968e-13	7.2968e-13
1093.97	3.31748e-14	1.75781e-15	8.6896e-15	2.96511e-12	1.37399e-13	1.55306e-13	1.60633e-13	1.64096e-13	1.66394e-13	1.68366e-13	1.70418e-13	1.72776e-13	1.74658e-13	1.76683e-13	1.80693e-13	1.83465e-13	1.869e-13	1.90316e-13	1.97315e-13	2.03163e-13	2.09681e-13	2.33068e-13	2.71867e-13	2.91024e-13	3.00909e-13	3.15005e-13	3.42534e-13	4.37569e-13	7.09413e-13	7.9519e-13	8.38119e-13	8.5009e-13	8.59154e-13	8.68067e-13	8.7495e-13	8.8176e-13	8.88252e-13	8.96268e-13	9.08475e-13	9.25311e-13	9.42558e-13	9.94601e-13	1.21691e-12	1.54318e-12	1.62096e-12	1.65796e-12	1.68381e-12	1.71845e-12	1.77577e-12	2.01327e-12	2.40074e-12	2.50152e-12	2.54579e-12	2.56261e-12	2.57733e-12	2.58426e-12	2.59066e-12	2.59754e-12	2.60389e-12	2.61164e-12	2.62789e-12	2.64454e-12	2.65581e-12	2.66679e-12	2.67544e-12	2.68286e-12	2.69226e-12	2.7051e-12	2.71735e-12	2.73167e-12	2.74538e-12	2.75422e-12	2.75915e-12	2.76436e-12	2.76934e-12	2.7761e-12	2.78919e-12	2.8188e-12	2.86969e-12	2.90592e-12	2.92504e-12	2.93403e-12	2.9404e-12	2.94513e-12	2.94748e-12	2.95133e-12	2.95533e-12	2.95648e-12	2.95942e-12	2.96149e-12	2.96511e-12	2.96511e-12	2.96511e-12	2.96511e-12
1096.98	3.31748e-14	1.13839e-15	8.65662e-15	2.17532e-12	1.40054e-13	1.58288e-13	1.6359e-13	1.67008e-13	1.69382e-13	1.71385e-13	1.73222e-13	1.75538e-13	1.76783e-13	1.77716e-13	1.80637e-13	1.83261e-13	1.86977e-13	1.91324e-13	1.9607e-13	2.01325e-13	2.07596e-13	2.29034e-13	2.55724e-13	2.66793e-13	2.73577e-13	2.84794e-13	3.06957e-13	3.91104e-13	6.95399e-13	7.78203e-13	8.0665e-13	8.15841e-13	8.22182e-13	8.29542e-13	8.36073e-13	8.42175e-13	8.473e-13	8.53526e-13	8.63416e-13	8.77315e-13	8.93147e-13	9.42946e-13	1.15266e-12	1.43168e-12	1.48928e-12	1.51472e-12	1.53151e-12	1.55231e-12	1.58327e-12	1.69557e-12	1.90135e-12	1.95636e-12	1.98275e-12	1.99591e-12	2.00351e-12	2.0081e-12	2.01178e-12	2.01593e-12	2.02055e-12	2.02695e-12	2.04121e-12	2.05808e-12	2.06793e-12	2.07539e-12	2.08135e-12	2.08644e-12	2.09243e-12	2.10044e-12	2.1073e-12	2.11292e-12	2.11757e-12	2.12129e-12	2.12393e-12	2.12616e-12	2.12782e-12	2.12974e-12	2.13226e-12	2.13666e-12	2.14473e-12	2.15026e-12	2.15381e-12	2.15607e-12	2.15744e-12	2.16009e-12	2.1612e-12	2.16516e-12	2.16671e-12	2.17068e-12	2.17202e-12	2.17371e-12	2.17532e-12	2.17532e-12	2.17532e-12	2.17532e-12
1100	3.31748e-14	7.57336e-16	9.10713e-15	1.15632e-12	1.48591e-13	1.68133e-13	1.73939e-13	1.77871e-13	1.80192e-13	1.82087e-13	1.83623e-13	1.85269e-13	1.86384e-13	1.87534e-13	1.89846e-13	1.91231e-13	1.93573e-13	1.96476e-13	1.99905e-13	2.02548e-13	2.05323e-13	2.10476e-13	2.1805e-13	2.20592e-13	2.2272e-13	2.25416e-13	2.31836e-13	2.40842e-13	2.55921e-13	2.63596e-13	2.69604e-13	2.72121e-13	2.73714e-13	2.76088e-13	2.78811e-13	2.81361e-13	2.83922e-13	2.88587e-13	2.95648e-13	3.0487e-13	3.17397e-13	3.63692e-13	5.22059e-13	6.35066e-13	6.61748e-13	6.7336e-13	6.81278e-13	6.9109e-13	7.08027e-13	7.31843e-13	7.64956e-13	7.77864e-13	7.83851e-13	7.87683e-13	7.89803e-13	7.91675e-13	7.93627e-13	7.96355e-13	7.99778e-13	8.05218e-13	8.2058e-13	8.46375e-13	8.6261e-13	8.68231e-13	8.73182e-13	8.77721e-13	8.83628e-13	9.06554e-13	9.38078e-13	9.65119e-13	9.7727e-13	9.8048e-13	9.84303e-13	9.88434e-13	9.91097e-13	9.96844e-13	1.00879e-12	1.03987e-12	1.07468e-12	1.11166e-12	1.12929e-12	1.13856e-12	1.14182e-12	1.14372e-12	1.14498e-12	1.14646e-12	1.1492e-12	1.15058e-12	1.15174e-12	1.15304e-12	1.15632e-12	1.15632e-12	1.15632e-12	1.15632e-12
