# In-plane momentum (1/um), PSD (a.u.)
1.256637061435917246e+00,2.998274930996635230e+05
2.513274122871834493e+00,2.972557725468386197e+05
3.769911184307751739e+00,2.671318134617349133e+05
5.026548245743668986e+00,2.339255229880027182e+05
6.283185307179586232e+00,2.488076292874864303e+05
7.539822368615503478e+00,2.594174292807623569e+05
8.796459430051420725e+00,1.981804189634172653e+05
1.005309649148733797e+01,2.385551723517079372e+05
1.130973355292325522e+01,2.388479392050078604e+05
1.256637061435917246e+01,2.364325785767652269e+05
1.382300767579508793e+01,2.206623624960861052e+05
1.507964473723100696e+01,2.115483408127992006e+05
1.633628179866692420e+01,2.400387046745704138e+05
1.759291886010284145e+01,1.934190382094925153e+05
1.884955592153875870e+01,1.813183685987881909e+05
2.010619298297467594e+01,2.256889818702907942e+05
2.136283004441059319e+01,1.847727538482798263e+05
2.261946710584651044e+01,1.853436928206757875e+05
2.387610416728242768e+01,1.812390340070374077e+05
2.513274122871834493e+01,1.510117821846328443e+05
2.638937829015426217e+01,1.686179864750477136e+05
2.764601535159017587e+01,1.591589789223831904e+05
2.890265241302609667e+01,1.513994105491697555e+05
3.015928947446201391e+01,1.273108275482370227e+05
3.141592653589793116e+01,1.357877434612652869e+05
3.267256359733384841e+01,1.070703817289074796e+05
3.392920065876976565e+01,1.173896446465195186e+05
3.518583772020568290e+01,1.003711250370670605e+05
3.644247478164160015e+01,9.693500202785037982e+04
3.769911184307751739e+01,9.087216423970980395e+04
3.895574890451343464e+01,8.639930473558654194e+04
4.021238596594935188e+01,6.887057105546833191e+04
4.146902302738526913e+01,7.011520632887152897e+04
4.272566008882118638e+01,6.272841961084704963e+04
4.398229715025710362e+01,5.955549000630049704e+04
4.523893421169302087e+01,5.121373116578153713e+04
4.649557127312893812e+01,4.781754166675849410e+04
4.775220833456485536e+01,4.366625818552120472e+04
4.900884539600077261e+01,3.705458197462421958e+04
5.026548245743668986e+01,3.943376483286178700e+04
5.152211951887260000e+01,3.678892615240333544e+04
5.277875658030852435e+01,3.481218751471566793e+04
5.403539364174444160e+01,3.514862206481226167e+04
5.529203070318035174e+01,3.332911549870082672e+04
5.654866776461627609e+01,3.484777619878174301e+04
5.780530482605219333e+01,3.898000443224597257e+04
5.906194188748811769e+01,3.725086022380689974e+04
6.031857894892402783e+01,3.765011190831728891e+04
6.157521601035993797e+01,4.405992002116881486e+04
6.283185307179586232e+01,3.932754349383166846e+04
6.408849013323177246e+01,4.164640261133548483e+04
6.534512719466769681e+01,4.085343319433875877e+04
6.660176425610362116e+01,3.879814276069086191e+04
6.785840131753953131e+01,4.028432066470284190e+04
6.911503837897545566e+01,4.255561890513652907e+04
7.037167544041136580e+01,3.881067147194044810e+04
7.162831250184727594e+01,4.126253389843650803e+04
7.288494956328320029e+01,3.685372055564562470e+04
7.414158662471911043e+01,3.421603507195329439e+04
7.539822368615503478e+01,3.477377544652411598e+04
7.665486074759095914e+01,3.426111828028588207e+04
7.791149780902686928e+01,3.191477058031518754e+04
7.916813487046279363e+01,2.874543456323536884e+04
8.042477193189870377e+01,2.911441683890780041e+04
8.168140899333461391e+01,2.896078329217013379e+04
8.293804605477053826e+01,2.504939651286968001e+04
8.419468311620644840e+01,2.329772937665352219e+04
8.545132017764237276e+01,2.195690118092521152e+04
8.670795723907829711e+01,1.898213749857133735e+04
8.796459430051420725e+01,1.829718438053615318e+04
8.922123136195013160e+01,1.633405317914304032e+04
9.047786842338604174e+01,1.768269132273968717e+04
9.173450548482195188e+01,1.481573871635995238e+04
9.299114254625787623e+01,1.594356605512286478e+04
9.424777960769378637e+01,1.551708733644750464e+04
9.550441666912971073e+01,1.584837016333726024e+04
9.676105373056563508e+01,1.527623511691413660e+04
9.801769079200154522e+01,1.530480418053589710e+04
9.927432785343746957e+01,1.607716340678416600e+04
1.005309649148733797e+02,1.684293824476240115e+04
1.017876019763092899e+02,1.778648215955293927e+04
1.030442390377452000e+02,1.850504630925874153e+04
1.043008760991811386e+02,1.927814629841842907e+04
1.055575131606170487e+02,1.918203193081959398e+04
1.068141502220529730e+02,2.008721195985964005e+04
1.080707872834888832e+02,1.926239743213311158e+04
1.093274243449247933e+02,2.026649288800005161e+04
1.105840614063607035e+02,1.950435197416332448e+04
1.118406984677966420e+02,1.929904618226991079e+04
1.130973355292325522e+02,1.989571044368782168e+04
1.143539725906684623e+02,1.833500342192672542e+04
1.156106096521043867e+02,1.878322992295805307e+04
1.168672467135402968e+02,1.810785481659757352e+04
1.181238837749762354e+02,1.875485601205624698e+04
1.193805208364121455e+02,1.791517470989955473e+04
1.206371578978480557e+02,1.557412101028057441e+04
1.218937949592839658e+02,1.550646517066293563e+04
1.231504320207198759e+02,1.487467692940739107e+04
1.244070690821558145e+02,1.421233487076922938e+04
1.256637061435917246e+02,1.343620390911424147e+04
1.269203432050276490e+02,1.205217253411553065e+04
1.281769802664635449e+02,1.113090183824365704e+04
1.294336173278994693e+02,1.086813251698206841e+04
1.306902543893353936e+02,1.010025524783294532e+04
1.319468914507713180e+02,9.688930818230668592e+03
1.332035285122072423e+02,9.185504848654916714e+03
1.344601655736431383e+02,9.148453799663266182e+03
1.357168026350790626e+02,8.741091553676451440e+03
1.369734396965149585e+02,8.278976559968199581e+03
1.382300767579509113e+02,8.605459313753221068e+03
1.394867138193868072e+02,8.836110219611568027e+03
1.407433508808227316e+02,9.317525048160681763e+03
1.419999879422586559e+02,9.584722729947248808e+03
1.432566250036945519e+02,1.081510935334308306e+04
1.445132620651305047e+02,1.055537792104065556e+04
1.457698991265664006e+02,1.076400407929758330e+04
1.470265361880023249e+02,1.190163653211564633e+04
1.482831732494382209e+02,1.134238990025894600e+04
1.495398103108741452e+02,1.209103065341241927e+04
1.507964473723100696e+02,1.216874526192353915e+04
1.520530844337459939e+02,1.215613551351346723e+04
1.533097214951819183e+02,1.258887164669437516e+04
1.545663585566178142e+02,1.229010598423398369e+04
1.558229956180537386e+02,1.244289365770712175e+04
1.570796326794896345e+02,1.222578141749250062e+04
1.583362697409255873e+02,1.168801319515642535e+04
1.595929068023614832e+02,1.095414265996967515e+04
1.608495438637974075e+02,1.087137493614991945e+04
1.621061809252333319e+02,1.042585285299910538e+04
1.633628179866692278e+02,1.048348477412255488e+04
1.646194550481051806e+02,9.833072605538956850e+03
1.658760921095410765e+02,9.377619116984520588e+03
1.671327291709770009e+02,9.247014387384469956e+03
1.683893662324128968e+02,8.016091301751986975e+03
1.696460032938488212e+02,7.631366030772904196e+03
1.709026403552847455e+02,7.428429309376128913e+03
1.721592774167206699e+02,6.797713718640966363e+03
1.734159144781565942e+02,6.634776637188147106e+03
1.746725515395924901e+02,5.981509195372775139e+03
1.759291886010284145e+02,5.946581874926078854e+03
1.771858256624643104e+02,5.649283704160904563e+03
1.784424627239002632e+02,5.674920151181768233e+03
1.796990997853361591e+02,6.017569258449420886e+03
1.809557368467720835e+02,6.264929009808560295e+03
1.822123739082080078e+02,6.432168895482335756e+03
1.834690109696439038e+02,6.331753124027932245e+03
1.847256480310798565e+02,6.913673376081088463e+03
1.859822850925157525e+02,7.407477309029619391e+03
1.872389221539516768e+02,7.368957931937185094e+03
1.884955592153875727e+02,7.875892885214944727e+03
1.897521962768234971e+02,7.830598153972238833e+03
1.910088333382594215e+02,8.383542887927607808e+03
1.922654703996953458e+02,8.031554458639022414e+03
1.935221074611312702e+02,7.982885685741167435e+03
1.947787445225671661e+02,8.244783776697840949e+03
1.960353815840030904e+02,8.740118879162393569e+03
1.972920186454389864e+02,8.328170886598874858e+03
1.985486557068749391e+02,8.127773455023906536e+03
1.998052927683108351e+02,8.149260564470590907e+03
2.010619298297467594e+02,8.161037211153062344e+03
2.023185668911826838e+02,8.004125880892335772e+03
2.035752039526185797e+02,7.815611943102183432e+03
2.048318410140545041e+02,7.407628083589577727e+03
2.060884780754904000e+02,7.129150215568850399e+03
2.073451151369263243e+02,6.841558964773977095e+03
2.086017521983622771e+02,6.344178004020715889e+03
2.098583892597982015e+02,5.917982222942969202e+03
2.111150263212340974e+02,5.758699301794259554e+03
2.123716633826700217e+02,5.497258337015146026e+03
2.136283004441059461e+02,4.852486873352711882e+03
2.148849375055418420e+02,4.819968728761512466e+03
2.161415745669777664e+02,4.456347315468765373e+03
2.173982116284136623e+02,4.512751057075267454e+03
2.186548486898495867e+02,4.298876224297415320e+03
2.199114857512855110e+02,4.190470097631618046e+03
2.211681228127214069e+02,4.127666553867947187e+03
2.224247598741573597e+02,4.404761594218981372e+03
2.236813969355932841e+02,4.477488550466076958e+03
2.249380339970292084e+02,4.665769687215581143e+03
2.261946710584651044e+02,4.957760261898978570e+03
2.274513081199010287e+02,5.212723078390758019e+03
2.287079451813369246e+02,5.522296983694292067e+03
2.299645822427728490e+02,5.494054239697176854e+03
2.312212193042087733e+02,5.774237876585675622e+03
2.324778563656446693e+02,6.054696822911017080e+03
2.337344934270805936e+02,6.062853710883055101e+03
2.349911304885165464e+02,6.325168254584304123e+03
2.362477675499524707e+02,6.621578350881019105e+03
2.375044046113883667e+02,6.291226130172082776e+03
2.387610416728242910e+02,6.445113490735675441e+03
2.400176787342601870e+02,6.162582307727748230e+03
2.412743157956961113e+02,6.131564749820722682e+03
2.425309528571320357e+02,6.320790887518292038e+03
2.437875899185679316e+02,6.139468818422768891e+03
2.450442269800038559e+02,6.021115573844759638e+03
2.463008640414397519e+02,5.875957946132438337e+03
2.475575011028756762e+02,5.277213110590763790e+03
2.488141381643116290e+02,5.137419207258171809e+03
2.500707752257475533e+02,4.916846843692097536e+03
2.513274122871834493e+02,4.624987997784195613e+03
2.525840493486193736e+02,4.339052243833260945e+03
2.538406864100552980e+02,4.252776831850894268e+03
2.550973234714911939e+02,3.941929025969080158e+03
2.563539605329270898e+02,3.631052567242684290e+03
2.576105975943630142e+02,3.487492827007044070e+03
2.588672346557989385e+02,3.238800920752526054e+03
2.601238717172348629e+02,3.312748582860532224e+03
2.613805087786707873e+02,3.287628094841813436e+03
2.626371458401067116e+02,3.346594914993453131e+03
2.638937829015426360e+02,3.495252786898162867e+03
2.651504199629785603e+02,3.349002633558979142e+03
2.664070570244144847e+02,3.667563880381334911e+03
2.676636940858503522e+02,3.753873375588148065e+03
2.689203311472862765e+02,3.869645556760872751e+03
2.701769682087222009e+02,4.083776655841599677e+03
2.714336052701581252e+02,4.288490179467018606e+03
2.726902423315940496e+02,4.472560835149783998e+03
2.739468793930299171e+02,4.579212594075273955e+03
2.752035164544658983e+02,4.867470957913657912e+03
2.764601535159018226e+02,4.812365927921107868e+03
2.777167905773377470e+02,4.713834286007259834e+03
2.789734276387736145e+02,5.099029330917121115e+03
2.802300647002095388e+02,4.885928126360688111e+03
2.814867017616454632e+02,4.930684930492480817e+03
2.827433388230813875e+02,5.042908387845588550e+03
2.839999758845173119e+02,4.866442433884129059e+03
2.852566129459531794e+02,4.664343895947888086e+03
2.865132500073891038e+02,4.684986449312563309e+03
2.877698870688250281e+02,4.480784817265261154e+03
2.890265241302610093e+02,4.443767096576231779e+03
2.902831611916968768e+02,4.240411269794598411e+03
2.915397982531328012e+02,4.040452437762866793e+03
2.927964353145687255e+02,3.721228404909982146e+03
2.940530723760046499e+02,3.557444967187481780e+03
2.953097094374405742e+02,3.459739216031528031e+03
2.965663464988764417e+02,3.154882116330943518e+03
2.978229835603123661e+02,2.978686833722003030e+03
2.990796206217482904e+02,2.901159589419694385e+03
3.003362576831842148e+02,2.761190140353576226e+03
3.015928947446201391e+02,2.598235490887576361e+03
3.028495318060560635e+02,2.677479187315727813e+03
3.041061688674919878e+02,2.607993580261751049e+03
3.053628059289279122e+02,2.672755810516463953e+03
3.066194429903638365e+02,2.715090427562704008e+03
3.078760800517997041e+02,2.924659104850499716e+03
3.091327171132356284e+02,2.993572494142660162e+03
3.103893541746715528e+02,3.122381913049087871e+03
3.116459912361074771e+02,3.315108862781588869e+03
3.129026282975434015e+02,3.445956930326540714e+03
3.141592653589792690e+02,3.542390506143964558e+03
3.154159024204152502e+02,3.709544535175454712e+03
3.166725394818511745e+02,3.803801730280986249e+03
3.179291765432870989e+02,3.794911188377116105e+03
3.191858136047229664e+02,3.966378576163821435e+03
3.204424506661588907e+02,3.937587193350211692e+03
3.216990877275948151e+02,4.055538635554912616e+03
3.229557247890307394e+02,3.978836779480829136e+03
3.242123618504666638e+02,4.090447668618715852e+03
3.254689989119025313e+02,3.990358994759289089e+03
3.267256359733384556e+02,4.014723799160181443e+03
3.279822730347743800e+02,3.880202434322524368e+03
3.292389100962103612e+02,3.778438306712918802e+03
3.304955471576462287e+02,3.685214740302062182e+03
3.317521842190821530e+02,3.497817269535328705e+03
3.330088212805180774e+02,3.448896693104547921e+03
3.342654583419540018e+02,3.244700917156459582e+03
3.355220954033899261e+02,2.988624941324191241e+03
3.367787324648257936e+02,2.868824668053675396e+03
3.380353695262617180e+02,2.626640828755631446e+03
3.392920065876976423e+02,2.495037499271403249e+03
3.405486436491335667e+02,2.379923648588885499e+03
3.418052807105694910e+02,2.223841322409986788e+03
3.430619177720054154e+02,2.155342910151585329e+03
3.443185548334413397e+02,2.123319933919932282e+03
3.455751918948772641e+02,2.149554821293689201e+03
3.468318289563131884e+02,2.137713401702103056e+03
3.480884660177490559e+02,2.226197664276008254e+03
3.493451030791849803e+02,2.177071449222517913e+03
3.506017401406209046e+02,2.426451698676431533e+03
3.518583772020568290e+02,2.520517359187692364e+03
3.531150142634927533e+02,2.602714562046784977e+03
3.543716513249286209e+02,2.817865032495868945e+03
3.556282883863646020e+02,2.930547442229220906e+03
3.568849254478005264e+02,2.940046683403993484e+03
3.581415625092364508e+02,3.208937991908553613e+03
3.593981995706723183e+02,3.225201400516601552e+03
3.606548366321082426e+02,3.245451429047533566e+03
3.619114736935441670e+02,3.456139190667148341e+03
3.631681107549800913e+02,3.384289234878617663e+03
3.644247478164160157e+02,3.328199108786541274e+03
3.656813848778518832e+02,3.411441687006162283e+03
3.669380219392878075e+02,3.247065406854484536e+03
3.681946590007237319e+02,3.275155813556221347e+03
3.694512960621597131e+02,3.212043234468944775e+03
3.707079331235955806e+02,3.190846338819494122e+03
3.719645701850315049e+02,3.109770822721607601e+03
3.732212072464674293e+02,2.945217257014932784e+03
3.744778443079033536e+02,2.855805898183000863e+03
3.757344813693392780e+02,2.730759361679507492e+03
3.769911184307751455e+02,2.544773834010477003e+03
3.782477554922110698e+02,2.426904520902798595e+03
3.795043925536469942e+02,2.363719179994244769e+03
3.807610296150829186e+02,2.128565189804945021e+03
3.820176666765188429e+02,2.019881631067461740e+03
3.832743037379547673e+02,1.936568495234736247e+03
3.845309407993906916e+02,1.853815886755546671e+03
3.857875778608266160e+02,1.862381070102690501e+03
3.870442149222625403e+02,1.796846523308594669e+03
3.883008519836984078e+02,1.826216398493832003e+03
3.895574890451343322e+02,1.864197570228949189e+03
3.908141261065702565e+02,1.945170954767964304e+03
3.920707631680061809e+02,2.016464093460917866e+03
3.933274002294421052e+02,2.097632583510374843e+03
3.945840372908779727e+02,2.157681018631063580e+03
3.958406743523139539e+02,2.287265364769154985e+03
3.970973114137498783e+02,2.450708964722881774e+03
3.983539484751858026e+02,2.525917703428202913e+03
3.996105855366216701e+02,2.615527870500786321e+03
4.008672225980575945e+02,2.708296665626920458e+03
4.021238596594935188e+02,2.739909743759047615e+03
4.033804967209294432e+02,2.817901195519392331e+03
4.046371337823653676e+02,2.880166665099537568e+03
4.058937708438012351e+02,2.773202430560532775e+03
4.071504079052371594e+02,2.872184911499378359e+03
4.084070449666730838e+02,2.959922588229314897e+03
4.096636820281090081e+02,2.878713263764215753e+03
4.109203190895449325e+02,2.836111680733705725e+03
4.121769561509808000e+02,2.674995141491871436e+03
4.134335932124167812e+02,2.689978239964258591e+03
4.146902302738526487e+02,2.547072739000553611e+03
4.159468673352886299e+02,2.486331396576792486e+03
4.172035043967245542e+02,2.310421548549021281e+03
4.184601414581604217e+02,2.186446343220475228e+03
4.197167785195964029e+02,2.090430038132096342e+03
4.209734155810322704e+02,1.996252078842373976e+03
4.222300526424681948e+02,1.888252628602996992e+03
4.234866897039040623e+02,1.823667910192974432e+03
4.247433267653400435e+02,1.702779133093798691e+03
4.259999638267759110e+02,1.600319273977411513e+03
4.272566008882118922e+02,1.556103694083767550e+03
4.285132379496477597e+02,1.580765536864893193e+03
4.297698750110836841e+02,1.579403750808245604e+03
4.310265120725196653e+02,1.547961125547363736e+03
4.322831491339555328e+02,1.661121216478189126e+03
4.335397861953914571e+02,1.720961516628458412e+03
4.347964232568273246e+02,1.767777401771107634e+03
4.360530603182633058e+02,1.859924341557120670e+03
4.373096973796991733e+02,1.978081042561955201e+03
4.385663344411351545e+02,2.058415323084602278e+03
4.398229715025710220e+02,2.149224167344588295e+03
4.410796085640069464e+02,2.179457899644635745e+03
4.423362456254428139e+02,2.330844457462294940e+03
4.435928826868787951e+02,2.342098287031477412e+03
4.448495197483147194e+02,2.447801113210037784e+03
4.461061568097505869e+02,2.473543976296608889e+03
4.473627938711865681e+02,2.408860963882515080e+03
4.486194309326224356e+02,2.532784787120984220e+03
4.498760679940584168e+02,2.493159350022681338e+03
4.511327050554942844e+02,2.437944954708416390e+03
4.523893421169302087e+02,2.371661545469377870e+03
4.536459791783660762e+02,2.363456102890409966e+03
4.549026162398020574e+02,2.347938316165609194e+03
4.561592533012379818e+02,2.283034676361382026e+03
4.574158903626738493e+02,2.181427471758189313e+03
4.586725274241098305e+02,2.040410641559868054e+03
4.599291644855456980e+02,1.994172983812824214e+03
4.611858015469816792e+02,1.803613046022864637e+03
4.624424386084175467e+02,1.757530905043066468e+03
4.636990756698534710e+02,1.675688270185656620e+03
4.649557127312893385e+02,1.571505243099790277e+03
4.662123497927253197e+02,1.500114456920797920e+03
4.674689868541611872e+02,1.418272963088513507e+03
4.687256239155971116e+02,1.412538141073694078e+03
4.699822609770330928e+02,1.372066656723916140e+03
4.712388980384689603e+02,1.339948641148811475e+03
4.724955350999049415e+02,1.330126005281139669e+03
4.737521721613408090e+02,1.380739331424925695e+03
4.750088092227767333e+02,1.419781014666712736e+03
4.762654462842126009e+02,1.516797951018938420e+03
4.775220833456485821e+02,1.570623940308803867e+03
4.787787204070844496e+02,1.715193822402098476e+03
4.800353574685203739e+02,1.798052931400347688e+03
4.812919945299562414e+02,1.854854337021660740e+03
4.825486315913922226e+02,1.895126586653920185e+03
4.838052686528282038e+02,2.002778297745447844e+03
4.850619057142640713e+02,2.045554971122394136e+03
4.863185427756999957e+02,2.087850606886580863e+03
4.875751798371358632e+02,2.121687479304834596e+03
4.888318168985718444e+02,2.147624825088450507e+03
4.900884539600077119e+02,2.184414768666454620e+03
4.913450910214436362e+02,2.188150154636756724e+03
4.926017280828795037e+02,2.153537159012965731e+03
4.938583651443154849e+02,2.125486160574460428e+03
4.951150022057513524e+02,2.052605859030562442e+03
4.963716392671873336e+02,2.055389840999842818e+03
4.976282763286232580e+02,2.017451784825382219e+03
4.988849133900591255e+02,1.963597628757359871e+03
5.001415504514951067e+02,1.853656263643161765e+03
5.013981875129309742e+02,1.748364598697277188e+03
5.026548245743668986e+02,1.688885844242529856e+03
5.039114616358027661e+02,1.580226930839548004e+03
5.051680986972387473e+02,1.496778902838292879e+03
5.064247357586746148e+02,1.395671891527820435e+03
5.076813728201105960e+02,1.359240223842491332e+03
5.089380098815464635e+02,1.277091791639093799e+03
5.101946469429823878e+02,1.262830411727370574e+03
5.114512840044183690e+02,1.184435667221137464e+03
5.127079210658541797e+02,1.168792967651000026e+03
5.139645581272901609e+02,1.202524378710477322e+03
5.152211951887260284e+02,1.252605877593672631e+03
5.164778322501620096e+02,1.252228056340745070e+03
5.177344693115978771e+02,1.328192894254647854e+03
5.189911063730338583e+02,1.399124631387320505e+03
5.202477434344697258e+02,1.481931049629427889e+03
5.215043804959057070e+02,1.568238493727983268e+03
5.227610175573415745e+02,1.605394855871685877e+03
5.240176546187774420e+02,1.693042519895875785e+03
5.252742916802134232e+02,1.753991334060064673e+03
5.265309287416492907e+02,1.767061436319008180e+03
5.277875658030852719e+02,1.841284088546199200e+03
5.290442028645211394e+02,1.877791840569935403e+03
5.303008399259571206e+02,1.907662922152159581e+03
5.315574769873929881e+02,1.909873324289373386e+03
5.328141140488289693e+02,1.921359970159382556e+03
5.340707511102648368e+02,1.946886481995736176e+03
5.353273881717007043e+02,1.904380225465058402e+03
5.365840252331366855e+02,1.898991590381760034e+03
5.378406622945725530e+02,1.804456540832183009e+03
5.390972993560085342e+02,1.780122433095617907e+03
5.403539364174444017e+02,1.744858617341498530e+03
5.416105734788803829e+02,1.625240355640605912e+03
5.428672105403162504e+02,1.553767655702072943e+03
5.441238476017522316e+02,1.511510463585048228e+03
5.453804846631880991e+02,1.449778074258400920e+03
5.466371217246239667e+02,1.362491084931353498e+03
5.478937587860598342e+02,1.302570260507314970e+03
5.491503958474958154e+02,1.213573820609988161e+03
5.504070329089317966e+02,1.161862899820941493e+03
5.516636699703676641e+02,1.088787587915352788e+03
5.529203070318036453e+02,1.094058277173489842e+03
5.541769440932395128e+02,1.062041255050463860e+03
5.554335811546754940e+02,1.067110506282831238e+03
5.566902182161113615e+02,1.080092058968017454e+03
5.579468552775472290e+02,1.118600579578036786e+03
5.592034923389830965e+02,1.169651894134888607e+03
5.604601294004190777e+02,1.205993313614105091e+03
5.617167664618549452e+02,1.276406310403445332e+03
5.629734035232909264e+02,1.341757824812211993e+03
5.642300405847269076e+02,1.414390237366675137e+03
5.654866776461627751e+02,1.474543849978333128e+03
5.667433147075987563e+02,1.490633978974288084e+03
5.679999517690346238e+02,1.608225913788956859e+03
5.692565888304704913e+02,1.620603861806746181e+03
5.705132258919063588e+02,1.647003076160451883e+03
5.717698629533423400e+02,1.710499956471181804e+03
5.730265000147782075e+02,1.720276194695989716e+03
5.742831370762141887e+02,1.705797495100496235e+03
5.755397741376500562e+02,1.685671225600555772e+03
5.767964111990860374e+02,1.698045619447648505e+03
5.780530482605220186e+02,1.680183016790922466e+03
5.793096853219578861e+02,1.611096802953224369e+03
5.805663223833937536e+02,1.601651973255007761e+03
5.818229594448296211e+02,1.553299411646773024e+03
5.830795965062656023e+02,1.507800285421547187e+03
5.843362335677014698e+02,1.463199026880454539e+03
5.855928706291374510e+02,1.404877918758860005e+03
5.868495076905733185e+02,1.284739737283997329e+03
5.881061447520092997e+02,1.232478230554537504e+03
5.893627818134451672e+02,1.176429844944110300e+03
5.906194188748811484e+02,1.112314199151808452e+03
5.918760559363170159e+02,1.046985507284014602e+03
5.931326929977528835e+02,9.938441552549153357e+02
5.943893300591888647e+02,9.604958732493444131e+02
5.956459671206247322e+02,9.637779623134124449e+02
5.969026041820607134e+02,9.392151116722277493e+02
5.981592412434965809e+02,9.678078329589899340e+02
5.994158783049325621e+02,1.002676749467968193e+03
6.006725153663684296e+02,1.042234223574046609e+03
6.019291524278044108e+02,1.070907389333047149e+03
6.031857894892402783e+02,1.135462377637903501e+03
6.044424265506761458e+02,1.167037726956336201e+03
6.056990636121121270e+02,1.261298257629211321e+03
6.069557006735479945e+02,1.312678390236073710e+03
6.082123377349839757e+02,1.335482364778868259e+03
6.094689747964198432e+02,1.382285935980805334e+03
6.107256118578558244e+02,1.432447827103241480e+03
6.119822489192916919e+02,1.534874081360022956e+03
6.132388859807276731e+02,1.505458092288459284e+03
6.144955230421635406e+02,1.514467752827167942e+03
6.157521601035994081e+02,1.521506929475559673e+03
6.170087971650353893e+02,1.531713607978115533e+03
6.182654342264712568e+02,1.521840168102234429e+03
6.195220712879072380e+02,1.522248072786938110e+03
6.207787083493431055e+02,1.463904082061705594e+03
6.220353454107790867e+02,1.463948389965910565e+03
6.232919824722149542e+02,1.420325040327005581e+03
6.245486195336509354e+02,1.415656915343450692e+03
6.258052565950868029e+02,1.335751543429865251e+03
6.270618936565226704e+02,1.309031100047910968e+03
6.283185307179585379e+02,1.208685807011530869e+03
6.295751677793945191e+02,1.138021157970087188e+03
6.308318048408305003e+02,1.088216931475660431e+03
6.320884419022663678e+02,1.002118709897667031e+03
6.333450789637023490e+02,9.698511091634979948e+02
6.346017160251382165e+02,9.302112453455217747e+02
6.358583530865741977e+02,9.100599120896907834e+02
6.371149901480100652e+02,8.553897416667890639e+02
6.383716272094459327e+02,8.489342957304296533e+02
6.396282642708818003e+02,8.573718845121237564e+02
6.408849013323177815e+02,8.982383767179164806e+02
6.421415383937536490e+02,9.239986270591816719e+02
6.433981754551896302e+02,9.455249086234982769e+02
6.446548125166256114e+02,1.016540935854414442e+03
6.459114495780614789e+02,1.053934767717472596e+03
6.471680866394974601e+02,1.125017751949140120e+03
6.484247237009333276e+02,1.175848720242179525e+03
6.496813607623691951e+02,1.240756402256091633e+03
6.509379978238050626e+02,1.268056159130786455e+03
6.521946348852410438e+02,1.282016654559974540e+03
6.534512719466769113e+02,1.360298279201613013e+03
6.547079090081128925e+02,1.366207344737881158e+03
6.559645460695487600e+02,1.383355236434066001e+03
6.572211831309847412e+02,1.426592707667633476e+03
6.584778201924207224e+02,1.375324547090058559e+03
6.597344572538565899e+02,1.397206981139356003e+03
6.609910943152924574e+02,1.361860103312803631e+03
6.622477313767283249e+02,1.365120134503848931e+03
6.635043684381643061e+02,1.354487798936239415e+03
6.647610054996001736e+02,1.326967440666173388e+03
6.660176425610361548e+02,1.253378813791073526e+03
6.672742796224720223e+02,1.221380316597903402e+03
6.685309166839080035e+02,1.168461231153267363e+03
6.697875537453438710e+02,1.094525669214647223e+03
6.710441908067798522e+02,1.046446775346895492e+03
6.723008278682157197e+02,9.990867004375140823e+02
6.735574649296515872e+02,9.472398682155176175e+02
6.748141019910875684e+02,9.240118317148037477e+02
6.760707390525234359e+02,8.603307425478053574e+02
6.773273761139594171e+02,8.366163652811986822e+02
6.785840131753952846e+02,8.089856843748904112e+02
6.798406502368312658e+02,7.813860024682869607e+02
6.810972872982671333e+02,8.100392131504415829e+02
6.823539243597031145e+02,8.107263761310316568e+02
6.836105614211389820e+02,8.167015114828243441e+02
6.848671984825748495e+02,8.625693417139710846e+02
6.861238355440108307e+02,9.206983349605858393e+02
6.873804726054466983e+02,9.419811803571623159e+02
6.886371096668826794e+02,9.950090076836177104e+02
6.898937467283185470e+02,1.026079634173221848e+03
6.911503837897545282e+02,1.101575370352182290e+03
6.924070208511903957e+02,1.127890506919854033e+03
6.936636579126263769e+02,1.174206574848802347e+03
6.949202949740622444e+02,1.191243512913511722e+03
6.961769320354981119e+02,1.243166475865095208e+03
6.974335690969340931e+02,1.269946020687728378e+03
6.986902061583699606e+02,1.231859023581859674e+03
6.999468432198059418e+02,1.299146360797371699e+03
7.012034802812418093e+02,1.284911745705379872e+03
7.024601173426777905e+02,1.258713730760982571e+03
7.037167544041136580e+02,1.234636703897021562e+03
7.049733914655496392e+02,1.238143701249504375e+03
7.062300285269855067e+02,1.211365993871511819e+03
7.074866655884213742e+02,1.171744224286163217e+03
7.087433026498572417e+02,1.121469696450019910e+03
7.099999397112932229e+02,1.102649312959974168e+03
7.112565767727292041e+02,1.020728637098474337e+03
7.125132138341650716e+02,9.804496225374891765e+02
7.137698508956010528e+02,9.290001413051796817e+02
7.150264879570369203e+02,9.121911687135751663e+02
7.162831250184729015e+02,8.566905534401191744e+02
7.175397620799087690e+02,8.061311879790341663e+02
7.187963991413446365e+02,7.632431878504837641e+02
7.200530362027805040e+02,7.423723489941042999e+02
7.213096732642164852e+02,7.362300419409726828e+02
7.225663103256523527e+02,7.190885426639755451e+02
7.238229473870883339e+02,7.359515220511256075e+02
7.250795844485243151e+02,7.395646209118359593e+02
7.263362215099601826e+02,7.672346245196775953e+02
7.275928585713961638e+02,8.344417284832426276e+02
7.288494956328320313e+02,8.504744052486452119e+02
7.301061326942678988e+02,8.907243080241560165e+02
7.313627697557037664e+02,9.470626482989472379e+02
7.326194068171397475e+02,9.799174021842393358e+02
7.338760438785756151e+02,1.024966970440024852e+03
7.351326809400115962e+02,1.082470274254786773e+03
7.363893180014474638e+02,1.079661553054664637e+03
7.376459550628834450e+02,1.133936506600171015e+03
7.389025921243194261e+02,1.114427600608091780e+03
7.401592291857552937e+02,1.168279829066226057e+03
7.414158662471911612e+02,1.179081904253743915e+03
7.426725033086270287e+02,1.166734846235772011e+03
7.439291403700630099e+02,1.166347315151927660e+03
7.451857774314988774e+02,1.130517284501724362e+03
7.464424144929348586e+02,1.150678543624271015e+03
7.476990515543707261e+02,1.090092109728974947e+03
7.489556886158067073e+02,1.091969081759231813e+03
7.502123256772425748e+02,1.060553477594955439e+03
7.514689627386785560e+02,1.035830872863595914e+03
7.527255998001144235e+02,9.899970677296396389e+02
7.539822368615502910e+02,9.276831407861244543e+02
7.552388739229862722e+02,8.717984866642738098e+02
7.564955109844221397e+02,8.357102723197242540e+02
7.577521480458581209e+02,7.853886127209459573e+02
7.590087851072939884e+02,7.599647094074383631e+02
7.602654221687299696e+02,7.029625352461629291e+02
7.615220592301658371e+02,6.903420839789008596e+02
7.627786962916018183e+02,6.663207501362250014e+02
7.640353333530376858e+02,6.534667238282756898e+02
7.652919704144735533e+02,6.796170993365269624e+02
7.665486074759095345e+02,6.968753914135950254e+02
7.678052445373454020e+02,7.068551491445061856e+02
7.690618815987813832e+02,7.262586544141205422e+02
7.703185186602172507e+02,7.758983599729383513e+02
7.715751557216532319e+02,8.182300819931538172e+02
7.728317927830890994e+02,8.596132133901895713e+02
7.740884298445250806e+02,8.999594740535703750e+02
7.753450669059609481e+02,9.380942352436475176e+02
7.766017039673968156e+02,9.798426821252143100e+02
7.778583410288327968e+02,9.950014927344532225e+02
7.791149780902686643e+02,1.018661843579207016e+03
7.803716151517046455e+02,1.042512072568120857e+03
7.816282522131405130e+02,1.087418727699672900e+03
7.828848892745764942e+02,1.091510877450942417e+03
7.841415263360123618e+02,1.081396501442870886e+03
7.853981633974483429e+02,1.075370452972800194e+03
7.866548004588842105e+02,1.061287332973558478e+03
7.879114375203200780e+02,1.076468880864168796e+03
7.891680745817559455e+02,1.023974671658095076e+03
7.904247116431919267e+02,9.931480337636691047e+02
7.916813487046279079e+02,1.001606461245519313e+03
7.929379857660637754e+02,9.336458824941104240e+02
7.941946228274997566e+02,9.099861148399646709e+02
7.954512598889356241e+02,8.645051271613575636e+02
7.967078969503716053e+02,8.211217989536351070e+02
7.979645340118074728e+02,7.941316191942190699e+02
7.992211710732433403e+02,7.509298914748617335e+02
8.004778081346792078e+02,7.032219613666831037e+02
8.017344451961151890e+02,6.623315591410909065e+02
8.029910822575510565e+02,6.429337788933959246e+02
8.042477193189870377e+02,6.194501199456914264e+02
8.055043563804230189e+02,6.164527778052315625e+02
8.067609934418588864e+02,6.099311724598146611e+02
8.080176305032948676e+02,6.307148111267412105e+02
8.092742675647307351e+02,6.476864700844555500e+02
8.105309046261666026e+02,6.801232485180257754e+02
8.117875416876024701e+02,7.010972583985287656e+02
8.130441787490384513e+02,7.309275324302724357e+02
8.143008158104743188e+02,7.690253134220463380e+02
8.155574528719103000e+02,8.068773016337347599e+02
8.168140899333461675e+02,8.468931790571080001e+02
8.180707269947821487e+02,8.715605717212046102e+02
8.193273640562180162e+02,9.139847971494909871e+02
8.205840011176539974e+02,9.488991575709453627e+02
8.218406381790898649e+02,9.651770148362486452e+02
8.230972752405257324e+02,9.921410331288477664e+02
8.243539123019616000e+02,9.902494701805494515e+02
8.256105493633976948e+02,1.011579713077075667e+03
8.268671864248335623e+02,9.953942822964804691e+02
8.281238234862694298e+02,9.688752134890293064e+02
8.293804605477052974e+02,9.858326623033118494e+02
8.306370976091413922e+02,9.723525398271837048e+02
8.318937346705772597e+02,9.562821290291924470e+02
8.331503717320131273e+02,9.166335678093111028e+02
8.344070087934491085e+02,8.742983381974288477e+02
8.356636458548849760e+02,8.473790843822026773e+02
8.369202829163208435e+02,8.115624062235483507e+02
8.381769199777567110e+02,7.636933147939281525e+02
8.394335570391928059e+02,7.383864945773613044e+02
8.406901941006286734e+02,6.958750190930198869e+02
8.419468311620645409e+02,6.593588137551488444e+02
8.432034682235004084e+02,6.399682756287943448e+02
8.444601052849363896e+02,6.002010507969127957e+02
8.457167423463722571e+02,5.867244969468301861e+02
8.469733794078081246e+02,5.685861111714496019e+02
8.482300164692442195e+02,5.642429498655444604e+02
8.494866535306800870e+02,5.764359746357781660e+02
8.507432905921159545e+02,5.935177125354254031e+02
8.519999276535518220e+02,6.163687767368924142e+02
8.532565647149879169e+02,6.373650752462006039e+02
8.545132017764237844e+02,6.737348715598873241e+02
8.557698388378596519e+02,7.060174714478478109e+02
8.570264758992955194e+02,7.429618298318617917e+02
8.582831129607315006e+02,7.874074627694792525e+02
8.595397500221673681e+02,8.080715470018002407e+02
8.607963870836032356e+02,8.342796838612663350e+02
8.620530241450393305e+02,8.542843826879878861e+02
8.633096612064751980e+02,8.893048143251545525e+02
8.645662982679110655e+02,9.034063334510442473e+02
8.658229353293469330e+02,9.107726869010896280e+02
8.670795723907829142e+02,9.305061865161230799e+02
8.683362094522187817e+02,9.323093506125268277e+02
8.695928465136546492e+02,9.229956234248144256e+02
8.708494835750905168e+02,9.117190671258924795e+02
8.721061206365266116e+02,8.921912341355207445e+02
8.733627576979624791e+02,8.736223365541695784e+02
8.746193947593983467e+02,8.631055312429261903e+02
8.758760318208344415e+02,8.482708627191158257e+02
8.771326688822703090e+02,8.048073697109539353e+02
8.783893059437061765e+02,7.787443937598275170e+02
8.796459430051420441e+02,7.371888966776485859e+02
8.809025800665780253e+02,7.064137079223445426e+02
8.821592171280138928e+02,6.520639649275115062e+02
8.834158541894497603e+02,6.233675849460553309e+02
8.846724912508856278e+02,5.977512787635696441e+02
8.859291283123217227e+02,5.681436198331384730e+02
8.871857653737575902e+02,5.415289859294377948e+02
8.884424024351934577e+02,5.377280605617770561e+02
8.896990394966294389e+02,5.266133046269316083e+02
8.909556765580653064e+02,5.313553410932564702e+02
8.922123136195011739e+02,5.520853676697084893e+02
8.934689506809370414e+02,5.651817207181896947e+02
8.947255877423731363e+02,6.000445602528430982e+02
8.959822248038090038e+02,6.109995488540598672e+02
8.972388618652448713e+02,6.425447236854201947e+02
8.984954989266809662e+02,6.806404431210100938e+02
8.997521359881168337e+02,7.211112347333937578e+02
9.010087730495527012e+02,7.384348664599933727e+02
9.022654101109885687e+02,7.813533950033594238e+02
9.035220471724245499e+02,7.823190593422225447e+02
9.047786842338604174e+02,8.177801991035001947e+02
9.060353212952962849e+02,8.352226967669712394e+02
9.072919583567321524e+02,8.482306985226032339e+02
9.085485954181682473e+02,8.539668065044767218e+02
9.098052324796041148e+02,8.712872685602696947e+02
9.110618695410399823e+02,8.732834470295872507e+02
9.123185066024759635e+02,8.656933371464984930e+02
9.135751436639118310e+02,8.483950647232682059e+02
9.148317807253476985e+02,8.236097518563166204e+02
9.160884177867835660e+02,8.032997079252204458e+02
9.173450548482196609e+02,7.822838151305891188e+02
9.186016919096555284e+02,7.562507346060516511e+02
9.198583289710913959e+02,7.289488521596539385e+02
9.211149660325272635e+02,6.980177038456444052e+02
9.223716030939633583e+02,6.555960170770363220e+02
9.236282401553992258e+02,6.338418605931742604e+02
9.248848772168350933e+02,5.937836457357672089e+02
9.261415142782710745e+02,5.684247967644286064e+02
9.273981513397069421e+02,5.369816521858326723e+02
9.286547884011428096e+02,5.193100698114602665e+02
9.299114254625786771e+02,5.019611139376212350e+02
9.311680625240147720e+02,4.862589096605397572e+02
9.324246995854506395e+02,4.877713760671699106e+02
9.336813366468865070e+02,4.981311180864308881e+02
9.349379737083223745e+02,5.168578465685820902e+02
9.361946107697583557e+02,5.377734857708534264e+02
9.374512478311942232e+02,5.652465761667597235e+02
9.387078848926300907e+02,5.902591430049068322e+02
9.399645219540661856e+02,6.241964464982389700e+02
9.412211590155020531e+02,6.477526243952173672e+02
9.424777960769379206e+02,6.905623116995719784e+02
9.437344331383737881e+02,7.051117456045566314e+02
9.449910701998098830e+02,7.309485406491950243e+02
9.462477072612457505e+02,7.536567710773285853e+02
9.475043443226816180e+02,7.701846652298586378e+02
9.487609813841174855e+02,7.992868592182775274e+02
9.500176184455534667e+02,8.042795093517564737e+02
9.512742555069893342e+02,8.085473435837134275e+02
9.525308925684252017e+02,8.250485099524205452e+02
9.537875296298612966e+02,8.110255980515207739e+02
9.550441666912971641e+02,7.981588804716199093e+02
9.563008037527330316e+02,7.728900958428934018e+02
9.575574408141688991e+02,7.798732139415476468e+02
9.588140778756048803e+02,7.497832400292847979e+02
9.600707149370407478e+02,7.212862761018752735e+02
9.613273519984766153e+02,6.915557678196607867e+02
9.625839890599124828e+02,6.578965836364204733e+02
9.638406261213485777e+02,6.345975159252569711e+02
9.650972631827844452e+02,6.001057374531958430e+02
9.663539002442203127e+02,5.683901140852832441e+02
9.676105373056564076e+02,5.473136116260569679e+02
9.688671743670922751e+02,5.109182726303282607e+02
9.701238114285281426e+02,4.896732890500696840e+02
9.713804484899640102e+02,4.693418213137637736e+02
9.726370855513999913e+02,4.660635340123365609e+02
9.738937226128358589e+02,4.638112904741909688e+02
9.751503596742717264e+02,4.695522387777888866e+02
9.764069967357075939e+02,4.778610079515949565e+02
9.776636337971436888e+02,4.949778550064609703e+02
9.789202708585795563e+02,5.176727236974962807e+02
9.801769079200154238e+02,5.503562894899689582e+02
9.814335449814514050e+02,5.834979925787222328e+02
9.826901820428872725e+02,6.006290355354551593e+02
9.839468191043231400e+02,6.377394679172042515e+02
9.852034561657590075e+02,6.672511292189244614e+02
9.864600932271951024e+02,6.826209132146649381e+02
9.877167302886309699e+02,6.939867767214791456e+02
9.889733673500668374e+02,7.250643873461170870e+02
9.902300044115027049e+02,7.397336051345964734e+02
9.914866414729387998e+02,7.383763610701945481e+02
9.927432785343746673e+02,7.466702182342413607e+02
9.939999155958105348e+02,7.531128912336245094e+02
9.952565526572465160e+02,7.602985042831977580e+02
9.965131897186823835e+02,7.543013370688727264e+02
9.977698267801182510e+02,7.423844795481986694e+02
9.990264638415541185e+02,7.348917415008435228e+02
1.000283100902990213e+03,6.995649598929801414e+02
1.001539737964426081e+03,6.756690902893599286e+02
1.002796375025861948e+03,6.483890998848230538e+02
1.004053012087297816e+03,6.333003711921131753e+02
1.005309649148733797e+03,5.997365090647680290e+02
1.006566286210169665e+03,5.629773109844821875e+02
1.007822923271605532e+03,5.405151696500217895e+02
1.009079560333041627e+03,5.151514552503007280e+02
1.010336197394477495e+03,4.928610129685752099e+02
1.011592834455913362e+03,4.675271913670425761e+02
1.012849471517349230e+03,4.494037333775363550e+02
1.014106108578785324e+03,4.448601110510071521e+02
1.015362745640221192e+03,4.420492966156522812e+02
1.016619382701657059e+03,4.404748963183571959e+02
1.017876019763092927e+03,4.559422786325195034e+02
1.019132656824528908e+03,4.561500030655529372e+02
1.020389293885964776e+03,4.819777308294979434e+02
1.021645930947400643e+03,5.106579528309804914e+02
1.022902568008836738e+03,5.412104765648675766e+02
1.024159205070272492e+03,5.483280231985610271e+02
1.025415842131708359e+03,5.925756236735253424e+02
1.026672479193144227e+03,6.050024642146187261e+02
1.027929116254580322e+03,6.378672282631359849e+02
1.029185753316016189e+03,6.541750063999829763e+02
1.030442390377452057e+03,6.755195122552806879e+02
1.031699027438887924e+03,6.865779680224932235e+02
1.032955664500324019e+03,7.018358642896923811e+02
1.034212301561759887e+03,7.035058621058201425e+02
1.035468938623195754e+03,7.064789194313027565e+02
1.036725575684631849e+03,7.234521991044910010e+02
1.037982212746067717e+03,7.130961345349270459e+02
1.039238849807503584e+03,7.033675617022686311e+02
1.040495486868939452e+03,6.878390441903194414e+02
1.041752123930375546e+03,6.594863766406581362e+02
1.043008760991811414e+03,6.447460656031602184e+02
1.044265398053247281e+03,6.284337818877243080e+02
1.045522035114683149e+03,5.935228839025243133e+02
1.046778672176119017e+03,5.733050746122928558e+02
1.048035309237554884e+03,5.564757474175330572e+02
1.049291946298990752e+03,5.168913797721565970e+02
1.050548583360426846e+03,4.851932516488366787e+02
1.051805220421862714e+03,4.773025816514781923e+02
1.053061857483298581e+03,4.475939397028370195e+02
1.054318494544734449e+03,4.309605414380143884e+02
1.055575131606170544e+03,4.242357593892364207e+02
1.056831768667606411e+03,4.128579864715968597e+02
1.058088405729042279e+03,4.118361030544705272e+02
1.059345042790478374e+03,4.169833280506174447e+02
1.060601679851914241e+03,4.309697585710962926e+02
1.061858316913350109e+03,4.526318250516948751e+02
1.063114953974785976e+03,4.643091032678462966e+02
1.064371591036222071e+03,4.972914410872165263e+02
1.065628228097657939e+03,5.194778973969283697e+02
1.066884865159093806e+03,5.482285013231800122e+02
1.068141502220529674e+03,5.756558347122340820e+02
1.069398139281965541e+03,6.006620125139745596e+02
1.070654776343401409e+03,6.152813461147378575e+02
1.071911413404837276e+03,6.303580875584776777e+02
1.073168050466273371e+03,6.456489754608728617e+02
1.074424687527709239e+03,6.524269681525014448e+02
1.075681324589145106e+03,6.695431002124664701e+02
1.076937961650580974e+03,6.759008282427626000e+02
1.078194598712017068e+03,6.774755664409020710e+02
1.079451235773452936e+03,6.705557595964642132e+02
1.080707872834888803e+03,6.725819255649765864e+02
1.081964509896324671e+03,6.546852614734000326e+02
1.083221146957760766e+03,6.324457411743723014e+02
1.084477784019196633e+03,6.207324356297953045e+02
1.085734421080632501e+03,6.025359686542893769e+02
1.086991058142068596e+03,5.737554649977781764e+02
1.088247695203504463e+03,5.614206382010200969e+02
1.089504332264940331e+03,5.222220409271105837e+02
1.090760969326376198e+03,4.978331174989226042e+02
1.092017606387812066e+03,4.816665197357625061e+02
1.093274243449247933e+03,4.515162864322881546e+02
1.094530880510683801e+03,4.265959294619526645e+02
1.095787517572119668e+03,4.073173034569842343e+02
1.097044154633555763e+03,3.969890714580546955e+02
1.098300791694991631e+03,3.834103591640474065e+02
1.099557428756427498e+03,3.924242785098992385e+02
1.100814065817863593e+03,3.875392719060717468e+02
1.102070702879299461e+03,4.008929059559147277e+02
1.103327339940735328e+03,4.190470950492691031e+02
1.104583977002171196e+03,4.385864928253635640e+02
1.105840614063607291e+03,4.612083894563236868e+02
1.107097251125043158e+03,4.816573220818878553e+02
1.108353888186479026e+03,5.035949816148120703e+02
1.109610525247914893e+03,5.287290619609904070e+02
1.110867162309350988e+03,5.601855714759227567e+02
1.112123799370786855e+03,5.749674547165963077e+02
1.113380436432222723e+03,5.936170877565444925e+02
1.114637073493658590e+03,6.104413813250503154e+02
1.115893710555094458e+03,6.133119703425116995e+02
1.117150347616530325e+03,6.240703949728141424e+02
1.118406984677966193e+03,6.425833928491291545e+02
1.119663621739402288e+03,6.264327644523651770e+02
1.120920258800838155e+03,6.370130007486800423e+02
1.122176895862274023e+03,6.270415726864870294e+02
1.123433532923709890e+03,6.227911368163353245e+02
1.124690169985145985e+03,6.037935650372044165e+02
1.125946807046581853e+03,5.900236679388186758e+02
1.127203444108017720e+03,5.766136786844961080e+02
1.128460081169453815e+03,5.446447194695520011e+02
1.129716718230889683e+03,5.228063982551251456e+02
1.130973355292325550e+03,5.193312238800004934e+02
1.132229992353761418e+03,4.750890488735206532e+02
1.133486629415197513e+03,4.599942517844758640e+02
1.134743266476633380e+03,4.393035157209121735e+02
1.135999903538069248e+03,4.148270987028722629e+02
1.137256540599505115e+03,4.020003604730943607e+02
1.138513177660940983e+03,3.789443116234301669e+02
1.139769814722376850e+03,3.684623610374569580e+02
1.141026451783812718e+03,3.709276159651676039e+02
1.142283088845248813e+03,3.770092653439696164e+02
1.143539725906684680e+03,3.807271043123602681e+02
1.144796362968120548e+03,3.869167159063125041e+02
1.146053000029556415e+03,4.104954774029525311e+02
1.147309637090992510e+03,4.349133348430098067e+02
1.148566274152428377e+03,4.461788471711109878e+02
1.149822911213864245e+03,4.751710521644170058e+02
1.151079548275300112e+03,4.916549464742662963e+02
1.152336185336736207e+03,5.138867934056721651e+02
1.153592822398172075e+03,5.392871861697100258e+02
1.154849459459607942e+03,5.562614638119027859e+02
1.156106096521044037e+03,5.587910943950760156e+02
1.157362733582479905e+03,5.847357438902946569e+02
1.158619370643915772e+03,5.876461884820706700e+02
1.159876007705351640e+03,6.008431979707355595e+02
1.161132644766787507e+03,6.052171196688373129e+02
1.162389281828223375e+03,6.027167029770808995e+02
1.163645918889659242e+03,5.997987142806035763e+02
1.164902555951095110e+03,5.933279502708940072e+02
1.166159193012531205e+03,5.684439567683448331e+02
1.167415830073967072e+03,5.715343761734244481e+02
1.168672467135402940e+03,5.421606979587969590e+02
1.169929104196839035e+03,5.259432002867637266e+02
1.171185741258274902e+03,5.172225674715668902e+02
1.172442378319710770e+03,4.879336035078219993e+02
1.173699015381146637e+03,4.638416211161670049e+02
1.174955652442582732e+03,4.437791219221600727e+02
1.176212289504018599e+03,4.264978354820309505e+02
1.177468926565454467e+03,4.002898316743738860e+02
1.178725563626890334e+03,3.884790273864063010e+02
1.179982200688326429e+03,3.711715293372926681e+02
1.181238837749762297e+03,3.597330414685591791e+02
1.182495474811198164e+03,3.460645292714249308e+02
1.183752111872634032e+03,3.585259096575183548e+02
1.185008748934069899e+03,3.652418927437578873e+02
1.186265385995505767e+03,3.688887094145223386e+02
1.187522023056941634e+03,3.797492780155297396e+02
1.188778660118377729e+03,4.020550200078534999e+02
1.190035297179813597e+03,4.262153747475669547e+02
1.191291934241249464e+03,4.409872283053461501e+02
1.192548571302685332e+03,4.543538512542931471e+02
1.193805208364121427e+03,4.793706988324874487e+02
1.195061845425557294e+03,5.124204646078466112e+02
1.196318482486993162e+03,5.250105780833234803e+02
1.197575119548429257e+03,5.380377078900150991e+02
1.198831756609865124e+03,5.550061983452177401e+02
1.200088393671300992e+03,5.526382339777760535e+02
1.201345030732736859e+03,5.665321296297632898e+02
1.202601667794172954e+03,5.858794139708161310e+02
1.203858304855608822e+03,5.729949611366282625e+02
1.205114941917044689e+03,5.556199146311147388e+02
1.206371578978480557e+03,5.633209314993690668e+02
1.207628216039916424e+03,5.534765683401939214e+02
1.208884853101352292e+03,5.504357205084720590e+02
1.210141490162788159e+03,5.199377070134728456e+02
1.211398127224224254e+03,5.191158110148666083e+02
1.212654764285660121e+03,4.947897583152231960e+02
1.213911401347095989e+03,4.788507848593943663e+02
1.215168038408531856e+03,4.601503587433411440e+02
1.216424675469967951e+03,4.257071220235376927e+02
1.217681312531403819e+03,4.144495397027753825e+02
1.218937949592839686e+03,3.921391300942489693e+02
1.220194586654275781e+03,3.758703828360586954e+02
1.221451223715711649e+03,3.631524546662683406e+02
1.222707860777147516e+03,3.481742302858400535e+02
1.223964497838583384e+03,3.432900229939319274e+02
1.225221134900019479e+03,3.385145511688003239e+02
1.226477771961455346e+03,3.444416365081979734e+02
1.227734409022891214e+03,3.509864740114946358e+02
1.228991046084327081e+03,3.605148919217263597e+02
1.230247683145762949e+03,3.800513312913613504e+02
1.231504320207198816e+03,3.945321335184717100e+02
1.232760957268634684e+03,4.154440877318996286e+02
1.234017594330070779e+03,4.386807340616196029e+02
1.235274231391506646e+03,4.604564623966308545e+02
1.236530868452942514e+03,4.690064977966084143e+02
1.237787505514378381e+03,4.863457755059272927e+02
1.239044142575814476e+03,5.016462975799474293e+02
1.240300779637250344e+03,5.217605184310535833e+02
1.241557416698686211e+03,5.329744729695649994e+02
1.242814053760122079e+03,5.301590724105685695e+02
1.244070690821558173e+03,5.408918229305764953e+02
1.245327327882994041e+03,5.497661062091865460e+02
1.246583964944429908e+03,5.356839558714046916e+02
1.247840602005866003e+03,5.397709903175751833e+02
1.249097239067301871e+03,5.308321215452670003e+02
1.250353876128737738e+03,5.214118661301599786e+02
1.251610513190173606e+03,5.101250825798773008e+02
1.252867150251609473e+03,4.971409210380286936e+02
1.254123787313045341e+03,4.817027883185152746e+02
1.255380424374481208e+03,4.573468382970261814e+02
1.256637061435917076e+03,4.378895545031043071e+02
1.257893698497353171e+03,4.134566671018238821e+02
1.259150335558789038e+03,3.959008252565475345e+02
1.260406972620224906e+03,3.815840726097037532e+02
1.261663609681661001e+03,3.592152668049487829e+02
1.262920246743096868e+03,3.561692361977771384e+02
1.264176883804532736e+03,3.357769187007823461e+02
1.265433520865968603e+03,3.271818936857603148e+02
1.266690157927404698e+03,3.295444117723922659e+02
1.267946794988840566e+03,3.241338177926194248e+02
1.269203432050276433e+03,3.356741516178243501e+02
1.270460069111712301e+03,3.478448538716848475e+02
1.271716706173148395e+03,3.635575339603990415e+02
1.272973343234584263e+03,3.682525628287482391e+02
1.274229980296020130e+03,3.861428078156437778e+02
1.275486617357455998e+03,4.126506576179531294e+02
1.276743254418891865e+03,4.284410152637036617e+02
1.277999891480327733e+03,4.409609815635991481e+02
1.279256528541763601e+03,4.631176765708278253e+02
1.280513165603199695e+03,4.794957506379455481e+02
1.281769802664635563e+03,4.920170165673782208e+02
1.283026439726071430e+03,5.029060120540726189e+02
1.284283076787507298e+03,5.063767482696892444e+02
1.285539713848943393e+03,5.175594559142128901e+02
1.286796350910379260e+03,5.173403934356770151e+02
1.288052987971815128e+03,5.154199590202571244e+02
1.289309625033251223e+03,5.048768748274181348e+02
1.290566262094687090e+03,5.121886981240264731e+02
1.291822899156122958e+03,4.987647712907635196e+02
1.293079536217558825e+03,4.934626824432651233e+02
1.294336173278994920e+03,4.713507120980883087e+02
1.295592810340430788e+03,4.486573081853305780e+02
1.296849447401866655e+03,4.308842354557859835e+02
1.298106084463302523e+03,4.280400886503757079e+02
1.299362721524738390e+03,4.075757312169630495e+02
1.300619358586174258e+03,3.858725109605668990e+02
1.301875995647610125e+03,3.712049683660509345e+02
1.303132632709046220e+03,3.520691236453068313e+02
1.304389269770482088e+03,3.415844950136804528e+02
1.305645906831917955e+03,3.228445514383242312e+02
1.306902543893353823e+03,3.220523112486337141e+02
1.308159180954789917e+03,3.142003548692095478e+02
1.309415818016225785e+03,3.189055658976089944e+02
1.310672455077661652e+03,3.217381340969052417e+02
1.311929092139097520e+03,3.256063082437997878e+02
1.313185729200533615e+03,3.345710545140695444e+02
1.314442366261969482e+03,3.550927659299885022e+02
1.315699003323405350e+03,3.644606099474329426e+02
1.316955640384841445e+03,3.905140597357457182e+02
1.318212277446277312e+03,4.010487048434710573e+02
1.319468914507713180e+03,4.196163629268789350e+02
1.320725551569149047e+03,4.379137295132718464e+02
1.321982188630584915e+03,4.495269779964357326e+02
1.323238825692020782e+03,4.621726027128090095e+02
1.324495462753456650e+03,4.726046327735367640e+02
1.325752099814892517e+03,4.804811819815556078e+02
1.327008736876328612e+03,4.869027016626803857e+02
1.328265373937764480e+03,4.924646556468257472e+02
1.329522010999200347e+03,4.995146558264374903e+02
1.330778648060636442e+03,4.945369814796744663e+02
1.332035285122072310e+03,4.898530447040736817e+02
1.333291922183508177e+03,4.855741304433379923e+02
1.334548559244944045e+03,4.676855564951451925e+02
1.335805196306380140e+03,4.580994316477232928e+02
1.337061833367816007e+03,4.485824906824157665e+02
1.338318470429251875e+03,4.353438250503330664e+02
1.339575107490687742e+03,4.112183928754180329e+02
1.340831744552123837e+03,3.970815663503973951e+02
1.342088381613559704e+03,3.787696831602486327e+02
1.343345018674995572e+03,3.625692929032413758e+02
1.344601655736431439e+03,3.480765992564369640e+02
1.345858292797867307e+03,3.271874874507132063e+02
1.347114929859303174e+03,3.179833530260474390e+02
1.348371566920739042e+03,3.109949680141777435e+02
1.349628203982175137e+03,3.016387080255444175e+02
1.350884841043611004e+03,2.991828077653746050e+02
1.352141478105046872e+03,3.047450680475196236e+02
1.353398115166482739e+03,3.109567140982601359e+02
1.354654752227918834e+03,3.227815581369328015e+02
1.355911389289354702e+03,3.311299362807404805e+02
1.357168026350790569e+03,3.542825665270129889e+02
1.358424663412226664e+03,3.656220238758064625e+02
1.359681300473662532e+03,3.738298604173782564e+02
1.360937937535098399e+03,3.968468002203348419e+02
1.362194574596534267e+03,4.149007288541459957e+02
1.363451211657970362e+03,4.306417172553278760e+02
1.364707848719406229e+03,4.356896150405295316e+02
1.365964485780842097e+03,4.548081740669240958e+02
1.367221122842277964e+03,4.615589201871712248e+02
1.368477759903713832e+03,4.653971410720790232e+02
1.369734396965149699e+03,4.696384003501339635e+02
1.370991034026585567e+03,4.730499738912905627e+02
1.372247671088021661e+03,4.816696330988114028e+02
1.373504308149457529e+03,4.738453632256540686e+02
1.374760945210893397e+03,4.612395826889384693e+02
1.376017582272329264e+03,4.522146004264565704e+02
1.377274219333765359e+03,4.506380765115354166e+02
1.378530856395201226e+03,4.303861030363460145e+02
1.379787493456637094e+03,4.112162896582085523e+02
1.381044130518073189e+03,3.993900174548178370e+02
1.382300767579509056e+03,3.845415103240364374e+02
1.383557404640944924e+03,3.674053488187702783e+02
1.384814041702380791e+03,3.488772689953542567e+02
1.386070678763816886e+03,3.350264100317207863e+02
1.387327315825252754e+03,3.248444442794334464e+02
1.388583952886688621e+03,3.137622028439637916e+02
1.389840589948124489e+03,2.986445126243280015e+02
1.391097227009560356e+03,2.978561697434738562e+02
1.392353864070996224e+03,2.896641628268235991e+02
1.393610501132432091e+03,2.943075966811622379e+02
1.394867138193868186e+03,2.918173762073760713e+02
1.396123775255304054e+03,3.054180015096852685e+02
1.397380412316739921e+03,3.169585615227413200e+02
1.398637049378175789e+03,3.289616742517277999e+02
1.399893686439611884e+03,3.368613784452184632e+02
1.401150323501047751e+03,3.576193267994815983e+02
1.402406960562483619e+03,3.702803250542224873e+02
1.403663597623919486e+03,3.885765344854166869e+02
1.404920234685355581e+03,3.998094817630577040e+02
1.406176871746791448e+03,4.222408777119323418e+02
1.407433508808227316e+03,4.341459649983503937e+02
1.408690145869663411e+03,4.401391192813666748e+02
1.409946782931099278e+03,4.443154307801759728e+02
1.411203419992535146e+03,4.533976734688003489e+02
1.412460057053971013e+03,4.543082745494783126e+02
1.413716694115406881e+03,4.496610945243559740e+02
1.414973331176842748e+03,4.443617472406642719e+02
1.416229968238278616e+03,4.535092679015256749e+02
1.417486605299714483e+03,4.363563350558421234e+02
1.418743242361150578e+03,4.271369686111683563e+02
1.419999879422586446e+03,4.136195120347542229e+02
1.421256516484022313e+03,4.030024879620211209e+02
1.422513153545458408e+03,3.889982320676954828e+02
1.423769790606894276e+03,3.712140751212605210e+02
1.425026427668330143e+03,3.574781148172842222e+02
1.426283064729766011e+03,3.386136957438213244e+02
1.427539701791202106e+03,3.219824652735101722e+02
1.428796338852637973e+03,3.104588677224666071e+02
1.430052975914073841e+03,3.009403253220157239e+02
1.431309612975509708e+03,2.866149280836476692e+02
1.432566250036945803e+03,2.793867101934329185e+02
1.433822887098381671e+03,2.742848659505941669e+02
1.435079524159817538e+03,2.773425067390882077e+02
1.436336161221253406e+03,2.807823049363019550e+02
1.437592798282689273e+03,2.840424219511140791e+02
1.438849435344125141e+03,2.991533233450035141e+02
1.440106072405561008e+03,3.114363371026796585e+02
1.441362709466997103e+03,3.232596396498269087e+02
1.442619346528432970e+03,3.333081569868343195e+02
1.443875983589868838e+03,3.473454383459179553e+02
1.445132620651304705e+03,3.673858255684445453e+02
1.446389257712740800e+03,3.770676046701941573e+02
1.447645894774176668e+03,3.894100912229513938e+02
1.448902531835612535e+03,4.098419458816235874e+02
1.450159168897048630e+03,4.187811030870894342e+02
1.451415805958484498e+03,4.252077270099423458e+02
1.452672443019920365e+03,4.223332573646013088e+02
1.453929080081356233e+03,4.260912381223349144e+02
1.455185717142792328e+03,4.353975428704359842e+02
1.456442354204228195e+03,4.363138696436291752e+02
1.457698991265664063e+03,4.311161382640939905e+02
1.458955628327099930e+03,4.154968679249068373e+02
1.460212265388535798e+03,4.127843973685641004e+02
1.461468902449971665e+03,4.041168672187068296e+02
1.462725539511407533e+03,3.841704762398285879e+02
1.463982176572843628e+03,3.753872792305186863e+02
1.465238813634279495e+03,3.573498375305778154e+02
1.466495450695715363e+03,3.461920506264208939e+02
1.467752087757151230e+03,3.292167029097454360e+02
1.469008724818587325e+03,3.151334829897012355e+02
1.470265361880023192e+03,3.052722531540013051e+02
1.471521998941459060e+03,3.001980487597306251e+02
1.472778636002894928e+03,2.772041872374508102e+02
1.474035273064331022e+03,2.736715543829441799e+02
1.475291910125766890e+03,2.714404087200210256e+02
1.476548547187202757e+03,2.680673993325447668e+02
1.477805184248638852e+03,2.715657432607435453e+02
1.479061821310074720e+03,2.721058041602423714e+02
1.480318458371510587e+03,2.845421430821808713e+02
1.481575095432946455e+03,2.966967096916396827e+02
1.482831732494382322e+03,3.083758761720524149e+02
1.484088369555818190e+03,3.165303328406112655e+02
1.485345006617254057e+03,3.314834025913388587e+02
1.486601643678689925e+03,3.488565287548643710e+02
1.487858280740126020e+03,3.618283976801653807e+02
1.489114917801561887e+03,3.779737982336871482e+02
1.490371554862997755e+03,3.855448899929487538e+02
1.491628191924433850e+03,3.989343299850107769e+02
1.492884828985869717e+03,4.042044212771901357e+02
1.494141466047305585e+03,4.088326490690964761e+02
1.495398103108741452e+03,4.120700124691156816e+02
1.496654740170177547e+03,4.146091610708619442e+02
1.497911377231613415e+03,4.206614001574803865e+02
1.499168014293049282e+03,4.152409856128128354e+02
1.500424651354485150e+03,4.009153920439508738e+02
1.501681288415921244e+03,4.026409993213757730e+02
1.502937925477357112e+03,3.909757780292848679e+02
1.504194562538792979e+03,3.790632083834517516e+02
1.505451199600228847e+03,3.684664178193034445e+02
1.506707836661664714e+03,3.577239205899712147e+02
1.507964473723100582e+03,3.454034135591265340e+02
1.509221110784536450e+03,3.262271374496280600e+02
1.510477747845972544e+03,3.107519960061446227e+02
1.511734384907408412e+03,2.936748758170177780e+02
1.512991021968844279e+03,2.883354563896417631e+02
1.514247659030280147e+03,2.714373626013015723e+02
1.515504296091716242e+03,2.660520753465397092e+02
1.516760933153152109e+03,2.654237086688663680e+02
1.518017570214587977e+03,2.612409440588513689e+02
1.519274207276024072e+03,2.584262389940714684e+02
1.520530844337459939e+03,2.611539253747686189e+02
1.521787481398895807e+03,2.754246164725597055e+02
1.523044118460331674e+03,2.810584693854285661e+02
1.524300755521767769e+03,2.904915304568316401e+02
1.525557392583203637e+03,3.086007828479463910e+02
1.526814029644639504e+03,3.163623331429488417e+02
1.528070666706075372e+03,3.335534602523673584e+02
1.529327303767511239e+03,3.435756634807120804e+02
1.530583940828947107e+03,3.534541658962378960e+02
1.531840577890382974e+03,3.683909470282327447e+02
1.533097214951819069e+03,3.798427946456233713e+02
1.534353852013254937e+03,3.870792389806356368e+02
1.535610489074690804e+03,3.950323156371327968e+02
1.536867126136126672e+03,4.013400929320571322e+02
1.538123763197562766e+03,4.040020402719622439e+02
1.539380400258998634e+03,4.055115041295801461e+02
1.540637037320434501e+03,3.992195427120979616e+02
1.541893674381870596e+03,3.944087433798951565e+02
1.543150311443306464e+03,3.910403207113282065e+02
1.544406948504742331e+03,3.865549761232331889e+02
1.545663585566178199e+03,3.637611633179891442e+02
1.546920222627614294e+03,3.681475734599922021e+02
1.548176859689050161e+03,3.479080616015356213e+02
1.549433496750486029e+03,3.393595854677953980e+02
1.550690133811921896e+03,3.232716910054884352e+02
1.551946770873357764e+03,3.129859565314089309e+02
1.553203407934793631e+03,2.987660324713414184e+02
1.554460044996229499e+03,2.885619532683256239e+02
1.555716682057665594e+03,2.805320897090026619e+02
1.556973319119101461e+03,2.723078103644479029e+02
1.558229956180537329e+03,2.651145388182418401e+02
1.559486593241973196e+03,2.655130474458477465e+02
1.560743230303409291e+03,2.619340336764342965e+02
1.561999867364845159e+03,2.682072507360849158e+02
1.563256504426281026e+03,2.696382228087873614e+02
1.564513141487716894e+03,2.812794277063634922e+02
1.565769778549152988e+03,2.865953122343671566e+02
1.567026415610588856e+03,2.944654159426619344e+02
1.568283052672024724e+03,3.096242578834861661e+02
1.569539689733460818e+03,3.175057943578465824e+02
1.570796326794896686e+03,3.368568136979629344e+02
1.572052963856332553e+03,3.493316363828100748e+02
1.573309600917768421e+03,3.535245476550489343e+02
1.574566237979204288e+03,3.645516813339310147e+02
1.575822875040640156e+03,3.784160966860309259e+02
1.577079512102076023e+03,3.778836473910848781e+02
1.578336149163511891e+03,3.881002256499719465e+02
1.579592786224947986e+03,3.852065758346013240e+02
1.580849423286383853e+03,3.905813477266497671e+02
1.582106060347819721e+03,3.872281651586416160e+02
1.583362697409255816e+03,3.867115224766250776e+02
1.584619334470691683e+03,3.851105069118004280e+02
1.585875971532127551e+03,3.759326952721274324e+02
1.587132608593563418e+03,3.584687188851266342e+02
1.588389245654999513e+03,3.587168293744070979e+02
1.589645882716435381e+03,3.519136185907490244e+02
1.590902519777871248e+03,3.313831745570930707e+02
1.592159156839307116e+03,3.257858860063578845e+02
1.593415793900743211e+03,3.090635969973316719e+02
1.594672430962179078e+03,3.051094206943535028e+02
1.595929068023614946e+03,2.874159890431682811e+02
1.597185705085050813e+03,2.769353213988655966e+02
1.598442342146486681e+03,2.670996904659540974e+02
1.599698979207922548e+03,2.649463523945448173e+02
1.600955616269358416e+03,2.611333182499066083e+02
1.602212253330794510e+03,2.599201471027215575e+02
1.603468890392230378e+03,2.564958007144357452e+02
1.604725527453666245e+03,2.626669187121527216e+02
1.605982164515102113e+03,2.747839315903443662e+02
1.607238801576538208e+03,2.764628512423710163e+02
1.608495438637974075e+03,2.871792972045755619e+02
1.609752075699409943e+03,2.964775747891271749e+02
1.611008712760846038e+03,3.037540345417773437e+02
1.612265349822281905e+03,3.184781274855340598e+02
1.613521986883717773e+03,3.259723099669748194e+02
1.614778623945153640e+03,3.348477570712183251e+02
1.616035261006589735e+03,3.469999641820775196e+02
1.617291898068025603e+03,3.575656286526581766e+02
1.618548535129461470e+03,3.621291415479469151e+02
1.619805172190897338e+03,3.634361906532849957e+02
1.621061809252333205e+03,3.741500559050722359e+02
1.622318446313769073e+03,3.703686525915770176e+02
1.623575083375204940e+03,3.719971640303679692e+02
1.624831720436641035e+03,3.699169441068197557e+02
1.626088357498076903e+03,3.707856661772592020e+02
1.627344994559512770e+03,3.666018413178273931e+02
1.628601631620948638e+03,3.528080258874098263e+02
1.629858268682384733e+03,3.382490987826507194e+02
1.631114905743820600e+03,3.269604314593235586e+02
1.632371542805256468e+03,3.200477918881813935e+02
1.633628179866692335e+03,3.034120292293961825e+02
1.634884816928128430e+03,2.939869585396888283e+02
1.636141453989564297e+03,2.855756293460036659e+02
1.637398091051000165e+03,2.712860082693021013e+02
1.638654728112436032e+03,2.616132756629691016e+02
1.639911365173872127e+03,2.546718155444832234e+02
1.641168002235307995e+03,2.456394103837812963e+02
1.642424639296743862e+03,2.466042037713669686e+02
1.643681276358179730e+03,2.411297272076008085e+02
1.644937913419615597e+03,2.415249262752768118e+02
1.646194550481051465e+03,2.464368333889959501e+02
1.647451187542487560e+03,2.533326738656133443e+02
1.648707824603923200e+03,2.584710884677547824e+02
1.649964461665359295e+03,2.693370160569700715e+02
1.651221098726795390e+03,2.736488394252000376e+02
1.652477735788231030e+03,2.843857291289261866e+02
1.653734372849667125e+03,2.921538057442619447e+02
1.654991009911103220e+03,3.084317593250533491e+02
1.656247646972538860e+03,3.158695111840492586e+02
1.657504284033974955e+03,3.278272128252979769e+02
1.658760921095410595e+03,3.344426755506723339e+02
1.660017558156846690e+03,3.392689398855491731e+02
1.661274195218282784e+03,3.501954161398615497e+02
1.662530832279718425e+03,3.554487918209378563e+02
1.663787469341154519e+03,3.535830178540253428e+02
1.665044106402590387e+03,3.556003712131442285e+02
1.666300743464026255e+03,3.571742936977979639e+02
1.667557380525462122e+03,3.505144553746175120e+02
1.668814017586898217e+03,3.448404242963055708e+02
1.670070654648333857e+03,3.426275598731315881e+02
1.671327291709769952e+03,3.283480237003167304e+02
1.672583928771205592e+03,3.177643297013665347e+02
1.673840565832641687e+03,3.156078330580940587e+02
1.675097202894077782e+03,3.011414450845427382e+02
1.676353839955513422e+03,2.881810250302877421e+02
1.677610477016949517e+03,2.750699614843111362e+02
1.678867114078385612e+03,2.615285880886430050e+02
1.680123751139821252e+03,2.528899521119161307e+02
1.681380388201257347e+03,2.476296431553647039e+02
1.682637025262693442e+03,2.371545146008618019e+02
1.683893662324129082e+03,2.367812271608243577e+02
1.685150299385565177e+03,2.342642451740206297e+02
1.686406936447000817e+03,2.318715698316898965e+02
1.687663573508436912e+03,2.365312630740405382e+02
1.688920210569872779e+03,2.359922073133301978e+02
1.690176847631308647e+03,2.480939607418767423e+02
1.691433484692744514e+03,2.522302817688449750e+02
1.692690121754180609e+03,2.632614443807425459e+02
1.693946758815616249e+03,2.705865573845568406e+02
1.695203395877052344e+03,2.811606666195194748e+02
1.696460032938488439e+03,2.945207492812107830e+02
1.697716669999924079e+03,3.054394259769499058e+02
1.698973307061360174e+03,3.132340581022631909e+02
1.700229944122795814e+03,3.213560238587401727e+02
1.701486581184231909e+03,3.343737333613404417e+02
1.702743218245668004e+03,3.411040989909314476e+02
1.703999855307103644e+03,3.392596246445357338e+02
1.705256492368539739e+03,3.451261541889663818e+02
1.706513129429975834e+03,3.456246852472842761e+02
1.707769766491411474e+03,3.470564906650768080e+02
1.709026403552847569e+03,3.463479189167887853e+02
1.710283040614283436e+03,3.383940635576350928e+02
1.711539677675719304e+03,3.272888088733898826e+02
1.712796314737155171e+03,3.253278936238345409e+02
1.714052951798591039e+03,3.107212454861280548e+02
1.715309588860026906e+03,3.047986198119261303e+02
1.716566225921463001e+03,2.947674982913560484e+02
1.717822862982898641e+03,2.858358542600574879e+02
1.719079500044334736e+03,2.740605700812662349e+02
1.720336137105770831e+03,2.660523047274785426e+02
1.721592774167206471e+03,2.591103859106309528e+02
1.722849411228642566e+03,2.479744651570901226e+02
1.724106048290078661e+03,2.437864171362297441e+02
1.725362685351514301e+03,2.361333471833574436e+02
1.726619322412950396e+03,2.321402014672487439e+02
1.727875959474386036e+03,2.374305798084476464e+02
1.729132596535822131e+03,2.305949150599191455e+02
1.730389233597258226e+03,2.327873525515936137e+02
1.731645870658693866e+03,2.411433046818485479e+02
1.732902507720129961e+03,2.460591499107370907e+02
1.734159144781565828e+03,2.554831592464424830e+02
1.735415781843001696e+03,2.633928974496736259e+02
1.736672418904437563e+03,2.731138068043734393e+02
1.737929055965873658e+03,2.829601979858941263e+02
1.739185693027309298e+03,2.931505272350192968e+02
1.740442330088745393e+03,2.997255365875359416e+02
1.741698967150181034e+03,3.114013537369499431e+02
1.742955604211617128e+03,3.131275763930140101e+02
1.744212241273053223e+03,3.221918390935887828e+02
1.745468878334488863e+03,3.285561836941313345e+02
1.746725515395924958e+03,3.291380005829063293e+02
1.747982152457361053e+03,3.280408366000567639e+02
1.749238789518796693e+03,3.310182919923856844e+02
1.750495426580232788e+03,3.294791079409278041e+02
1.751752063641668883e+03,3.236256516293212826e+02
1.753008700703104523e+03,3.231884595159773994e+02
1.754265337764540618e+03,3.159476743565540460e+02
1.755521974825976258e+03,3.031085930418163343e+02
1.756778611887412353e+03,2.933873149122217683e+02
1.758035248948848221e+03,2.831427951517413248e+02
1.759291886010284088e+03,2.714711949738007775e+02
1.760548523071719956e+03,2.596561434031572730e+02
1.761805160133156051e+03,2.479321394019468983e+02
1.763061797194591691e+03,2.373353517911119752e+02
1.764318434256027786e+03,2.291105484454713235e+02
1.765575071317463880e+03,2.306620773134020794e+02
1.766831708378899521e+03,2.215527059968721630e+02
1.768088345440335615e+03,2.158501929774842267e+02
1.769344982501771256e+03,2.151142530840105564e+02
1.770601619563207350e+03,2.141149042788089503e+02
1.771858256624643445e+03,2.169934158834637117e+02
1.773114893686079085e+03,2.239235597164574756e+02
1.774371530747515180e+03,2.293988898475512315e+02
1.775628167808951275e+03,2.379851960916046494e+02
1.776884804870386915e+03,2.476600583784771743e+02
1.778141441931823010e+03,2.544078328544719909e+02
1.779398078993258878e+03,2.703619811994895485e+02
1.780654716054694745e+03,2.769781388083987963e+02
1.781911353116130613e+03,2.873854722613981494e+02
1.783167990177566708e+03,2.966654510155768776e+02
1.784424627239002348e+03,3.014756820467686680e+02
1.785681264300438443e+03,3.099808124513940015e+02
1.786937901361874083e+03,3.186783670356006724e+02
1.788194538423310178e+03,3.205445211672863479e+02
1.789451175484746273e+03,3.152317334198431809e+02
1.790707812546181913e+03,3.240110192864047463e+02
1.791964449607618008e+03,3.224200415414206873e+02
1.793221086669054102e+03,3.170740999901598229e+02
1.794477723730489743e+03,3.120282233027314192e+02
1.795734360791925837e+03,3.065111393839492848e+02
1.796990997853361932e+03,2.961088707516146314e+02
1.798247634914797572e+03,2.872379192683123392e+02
1.799504271976233667e+03,2.829177247120647394e+02
1.800760909037669308e+03,2.741463329939581968e+02
1.802017546099105402e+03,2.636084361673759417e+02
1.803274183160541270e+03,2.554814530383212343e+02
1.804530820221977137e+03,2.432618485975945930e+02
1.805787457283413005e+03,2.340572358880809531e+02
1.807044094344849100e+03,2.262223617831592151e+02
1.808300731406284740e+03,2.259462600933907481e+02
1.809557368467720835e+03,2.176393537839462624e+02
1.810814005529156930e+03,2.161102812693760313e+02
1.812070642590592570e+03,2.151744556799156385e+02
1.813327279652028665e+03,2.142052869997648372e+02
1.814583916713464305e+03,2.197141159664547558e+02
1.815840553774900400e+03,2.264110822943752623e+02
1.817097190836336495e+03,2.317089917031773325e+02
1.818353827897772135e+03,2.391966503453278960e+02
1.819610464959208230e+03,2.485122849859216672e+02
1.820867102020644325e+03,2.558839333937223159e+02
1.822123739082079965e+03,2.668970280717612695e+02
1.823380376143516060e+03,2.756142757501562528e+02
1.824637013204951927e+03,2.818935769502142534e+02
1.825893650266387795e+03,2.909559468243160723e+02
1.827150287327823662e+03,2.972822171163420535e+02
1.828406924389259530e+03,3.017219318776187151e+02
1.829663561450695397e+03,3.089256043629455348e+02
1.830920198512131492e+03,3.131998363386673532e+02
1.832176835573567132e+03,3.146991489448976722e+02
1.833433472635003227e+03,3.084550357157542066e+02
1.834690109696439322e+03,3.083464127851679564e+02
1.835946746757874962e+03,3.043304586040094932e+02
1.837203383819311057e+03,2.955973510712892676e+02
1.838460020880747152e+03,2.915826172348147338e+02
1.839716657942182792e+03,2.816748957609183321e+02
1.840973295003618887e+03,2.743480096547678500e+02
1.842229932065054527e+03,2.669363457890271434e+02
1.843486569126490622e+03,2.561301136040812594e+02
1.844743206187926717e+03,2.483241234588746806e+02
1.845999843249362357e+03,2.370709714840264439e+02
1.847256480310798452e+03,2.312418144262883004e+02
1.848513117372234319e+03,2.181201750856714909e+02
1.849769754433670187e+03,2.123511045777170807e+02
1.851026391495106054e+03,2.134479903626192367e+02
1.852283028556542149e+03,2.117911823758356036e+02
1.853539665617977789e+03,2.105141121790202874e+02
1.854796302679413884e+03,2.088579238267451217e+02
1.856052939740849524e+03,2.117165891312261010e+02
1.857309576802285619e+03,2.194686851690266565e+02
1.858566213863721714e+03,2.226416791041566228e+02
1.859822850925157354e+03,2.294003466333459471e+02
1.861079487986593449e+03,2.377341065677105689e+02
1.862336125048029544e+03,2.501431625814927884e+02
1.863592762109465184e+03,2.601810790699524887e+02
1.864849399170901279e+03,2.671262493890940277e+02
1.866106036232337374e+03,2.753452979276404449e+02
1.867362673293773014e+03,2.790625302985155258e+02
1.868619310355209109e+03,2.921133199008556858e+02
1.869875947416644749e+03,2.937237378698570183e+02
1.871132584478080844e+03,3.001736541332966226e+02
1.872389221539516711e+03,2.996678404689957347e+02
1.873645858600952579e+03,3.016446542220037372e+02
1.874902495662388446e+03,2.988787831096390164e+02
1.876159132723824541e+03,2.932017188618411296e+02
1.877415769785260181e+03,2.942971975611331459e+02
1.878672406846696276e+03,2.918962401236549908e+02
1.879929043908132371e+03,2.883482531855150341e+02
1.881185680969568011e+03,2.801036334953565756e+02
1.882442318031004106e+03,2.659594130981968192e+02
1.883698955092439746e+03,2.590937926235013151e+02
1.884955592153875841e+03,2.544548275672825071e+02
1.886212229215311936e+03,2.459569591530760988e+02
1.887468866276747576e+03,2.381999998241477101e+02
1.888725503338183671e+03,2.268866145910984358e+02
1.889982140399619766e+03,2.216075292710041822e+02
1.891238777461055406e+03,2.143708558348563145e+02
1.892495414522491501e+03,2.100453975195137559e+02
1.893752051583927368e+03,2.079007994327795075e+02
1.895008688645363236e+03,2.060599266474378055e+02
1.896265325706799104e+03,2.052275387552122936e+02
1.897521962768234971e+03,2.063549095628818009e+02
1.898778599829670839e+03,2.101411493030099962e+02
1.900035236891106933e+03,2.149656552349236165e+02
1.901291873952542574e+03,2.212328169472780246e+02
1.902548511013978668e+03,2.263745506380601284e+02
1.903805148075414763e+03,2.363304903167765474e+02
1.905061785136850403e+03,2.443017830484529327e+02
1.906318422198286498e+03,2.526173681780161928e+02
1.907575059259722593e+03,2.623412255003537439e+02
1.908831696321158233e+03,2.701495846178789861e+02
1.910088333382594328e+03,2.746491804553776888e+02
1.911344970444029968e+03,2.801684916502840110e+02
1.912601607505466063e+03,2.843593718056662851e+02
1.913858244566902158e+03,2.887656016515232409e+02
1.915114881628337798e+03,2.867501092332208827e+02
1.916371518689773893e+03,2.940838678608573673e+02
1.917628155751209761e+03,2.901036752172275328e+02
1.918884792812645628e+03,2.873298656612131481e+02
1.920141429874081496e+03,2.796876747810044890e+02
1.921398066935517591e+03,2.795891102139502209e+02
1.922654703996953231e+03,2.700921962995174113e+02
1.923911341058389326e+03,2.633218596671717364e+02
1.925167978119824966e+03,2.517440262856916036e+02
1.926424615181261061e+03,2.434154175464013008e+02
1.927681252242697155e+03,2.335278726667064291e+02
1.928937889304132796e+03,2.254334614998192308e+02
1.930194526365568890e+03,2.149410804967099580e+02
1.931451163427004985e+03,2.073330001154422462e+02
1.932707800488440625e+03,1.995560766122745235e+02
1.933964437549876720e+03,1.946429469312254810e+02
1.935221074611312815e+03,1.923260409710934198e+02
1.936477711672748455e+03,1.900951692103331823e+02
1.937734348734184550e+03,1.943932743159475081e+02
1.938990985795620190e+03,1.951167001227073570e+02
1.940247622857056285e+03,1.965013882014039268e+02
1.941504259918492153e+03,2.016629047032226936e+02
1.942760896979928020e+03,2.115082660215343537e+02
1.944017534041363888e+03,2.167265547844348816e+02
1.945274171102799983e+03,2.252175960431646047e+02
1.946530808164235623e+03,2.326887877267939473e+02
1.947787445225671718e+03,2.443663561792819792e+02
1.949044082287107813e+03,2.558925081392978598e+02
1.950300719348543453e+03,2.621258556028848261e+02
1.951557356409979548e+03,2.652884863629877259e+02
1.952813993471415188e+03,2.749808099955451439e+02
1.954070630532851283e+03,2.758432414935912789e+02
1.955327267594287378e+03,2.778464981187893272e+02
1.956583904655723018e+03,2.853523153476920697e+02
1.957840541717159113e+03,2.847379781107958365e+02
1.959097178778595207e+03,2.870190247904099010e+02
1.960353815840030848e+03,2.774969330002806487e+02
1.961610452901466942e+03,2.763803066769634142e+02
1.962867089962902810e+03,2.732788423560870115e+02
1.964123727024338677e+03,2.657088150628426320e+02
1.965380364085774545e+03,2.583397710674468613e+02
1.966637001147210412e+03,2.522715097512728448e+02
1.967893638208646280e+03,2.450975550766544586e+02
1.969150275270082375e+03,2.352150323055570027e+02
1.970406912331518015e+03,2.279090084706104165e+02
1.971663549392954110e+03,2.156715545792852424e+02
1.972920186454390205e+03,2.101555222783020440e+02
1.974176823515825845e+03,2.021715462039942395e+02
1.975433460577261940e+03,1.981873141070327051e+02
1.976690097638698035e+03,1.922086422840655757e+02
1.977946734700133675e+03,1.886791049682155688e+02
1.979203371761569770e+03,1.894064333570655663e+02
1.980460008823005410e+03,1.888368133202453976e+02
1.981716645884441505e+03,1.908055801866648267e+02
1.982973282945877600e+03,1.941599023057979707e+02
1.984229920007313240e+03,1.984500023128492501e+02
1.985486557068749335e+03,2.082143263152321424e+02
1.986743194130185202e+03,2.140221736998391862e+02
1.987999831191621070e+03,2.225601130046421190e+02
1.989256468253056937e+03,2.309731003758948589e+02
1.990513105314493032e+03,2.400987804339932552e+02
1.991769742375928672e+03,2.500814668512824142e+02
1.993026379437364767e+03,2.534837879589268255e+02
1.994283016498800407e+03,2.609007231182901023e+02
1.995539653560236502e+03,2.649590909405914658e+02
1.996796290621672597e+03,2.748335000639901295e+02
1.998052927683108237e+03,2.702641016663083064e+02
1.999309564744544332e+03,2.696809073453080714e+02
2.000566201805980427e+03,2.778265223161999415e+02
2.001822838867416067e+03,2.732467365093745002e+02
2.003079475928852162e+03,2.739003651606208791e+02
2.004336112990288257e+03,2.664745939651743356e+02
2.005592750051723897e+03,2.594273409101738253e+02
2.006849387113159992e+03,2.603229887126996118e+02
2.008106024174595632e+03,2.513518289430765265e+02
2.009362661236031727e+03,2.400077867024373006e+02
2.010619298297467594e+03,2.338444958628265056e+02
2.011875935358903462e+03,2.251735442889996932e+02
2.013132572420339329e+03,2.223066423999537733e+02
2.014389209481775424e+03,2.138915349432971311e+02
2.015645846543211064e+03,2.087470703319740153e+02
2.016902483604647159e+03,2.023197426711990090e+02
2.018159120666083254e+03,1.981472244695558231e+02
2.019415757727518894e+03,1.952671623184866405e+02
2.020672394788954989e+03,1.928611443365935827e+02
2.021929031850390629e+03,1.965306609093852046e+02
2.023185668911826724e+03,1.982640297620576462e+02
2.024442305973262819e+03,1.994218083691010008e+02
2.025698943034698459e+03,2.040735738387936635e+02
2.026955580096134554e+03,2.115761498362285238e+02
2.028212217157570649e+03,2.183331331457532940e+02
2.029468854219006289e+03,2.231502028204468218e+02
2.030725491280442384e+03,2.288902309890295328e+02
2.031982128341878251e+03,2.379738038411743730e+02
2.033238765403314119e+03,2.435826957926485932e+02
2.034495402464749986e+03,2.503993635748482234e+02
2.035752039526185854e+03,2.525139474329069458e+02
2.037008676587621721e+03,2.559058555034661140e+02
2.038265313649057816e+03,2.655826295170325579e+02
2.039521950710493456e+03,2.650904959606011744e+02
2.040778587771929551e+03,2.686850847696764504e+02
2.042035224833365646e+03,2.712152101253113869e+02
2.043291861894801286e+03,2.718448074102055330e+02
2.044548498956237381e+03,2.637296573900647445e+02
2.045805136017673476e+03,2.603928165979059486e+02
2.047061773079109116e+03,2.558206461574249033e+02
2.048318410140544984e+03,2.535924817793548129e+02
2.049575047201980851e+03,2.466597363966771184e+02
2.050831684263416719e+03,2.395015776455382763e+02
2.052088321324853041e+03,2.335015330026380411e+02
2.053344958386288454e+03,2.239276160466617398e+02
2.054601595447724776e+03,2.148816082259027667e+02
2.055858232509160644e+03,2.108706410468870729e+02
2.057114869570596511e+03,2.067625455983747997e+02
2.058371506632032379e+03,1.995709623769963059e+02
2.059628143693468701e+03,1.947623519369805365e+02
2.060884780754904114e+03,1.956591402608540875e+02
2.062141417816340436e+03,1.907669614358340766e+02
2.063398054877775849e+03,1.891827350034068616e+02
2.064654691939212171e+03,1.949931044897478216e+02
2.065911329000648038e+03,1.964550179716403306e+02
2.067167966062083906e+03,2.011664794036014143e+02
2.068424603123519773e+03,2.022671231220594166e+02
2.069681240184955641e+03,2.119069173417058494e+02
2.070937877246391508e+03,2.192218166568397919e+02
2.072194514307827376e+03,2.249181226347946279e+02
2.073451151369263698e+03,2.315727216733848195e+02
2.074707788430699111e+03,2.352929279617199825e+02
2.075964425492135433e+03,2.472711393103897990e+02
2.077221062553570846e+03,2.518320367027033342e+02
2.078477699615007168e+03,2.563868931424075299e+02
2.079734336676443036e+03,2.577646330818525939e+02
2.080990973737878903e+03,2.639974656058931828e+02
2.082247610799314771e+03,2.683535405541759928e+02
2.083504247860751093e+03,2.651919069915144860e+02
2.084760884922186506e+03,2.677246733439385480e+02
2.086017521983622828e+03,2.667901653096096766e+02
2.087274159045058695e+03,2.623807332086960855e+02
2.088530796106494563e+03,2.574344478839172439e+02
2.089787433167930430e+03,2.521516140734602232e+02
2.091044070229366298e+03,2.478468863205159494e+02
2.092300707290802166e+03,2.427153041027177380e+02
2.093557344352238033e+03,2.337773211935294739e+02
2.094813981413673901e+03,2.295655838376870577e+02
2.096070618475109768e+03,2.201941783090039735e+02
2.097327255536546090e+03,2.126409363148722775e+02
2.098583892597981503e+03,2.089896063279872749e+02
2.099840529659417825e+03,2.007320088592099125e+02
2.101097166720853693e+03,1.981348596619210412e+02
2.102353803782289560e+03,1.956308021282632126e+02
2.103610440843725428e+03,1.923201186917581538e+02
2.104867077905161750e+03,1.917217316035337831e+02
2.106123714966597163e+03,1.907573083736076853e+02
2.107380352028033485e+03,1.933706608717139659e+02
2.108636989089468898e+03,1.974176204158434587e+02
2.109893626150905220e+03,2.006949420382927372e+02
2.111150263212341088e+03,2.062348281769376968e+02
2.112406900273776955e+03,2.160528828193625941e+02
2.113663537335212823e+03,2.185270863521672311e+02
2.114920174396648690e+03,2.248422141348756327e+02
2.116176811458084558e+03,2.330025124766792146e+02
2.117433448519520425e+03,2.363802140841268056e+02
2.118690085580956747e+03,2.457601581783040103e+02
2.119946722642392160e+03,2.472628672586685639e+02
2.121203359703828482e+03,2.524261708272611315e+02
2.122459996765263895e+03,2.596760077299995260e+02
2.123716633826700217e+03,2.611929501854220348e+02
2.124973270888136085e+03,2.615160550599297267e+02
2.126229907949571952e+03,2.620121191662099136e+02
2.127486545011007820e+03,2.637112453358641915e+02
2.128743182072444142e+03,2.609338840972972093e+02
2.129999819133879555e+03,2.538830366571165769e+02
2.131256456195315877e+03,2.528948229975008815e+02
2.132513093256751745e+03,2.452003591115784218e+02
2.133769730318187612e+03,2.446042767026233093e+02
2.135026367379623480e+03,2.362712645871296786e+02
2.136283004441059347e+03,2.327720875596404824e+02
2.137539641502495215e+03,2.252676872394499981e+02
2.138796278563931082e+03,2.144918925336407369e+02
2.140052915625366950e+03,2.116294989395134110e+02
2.141309552686802817e+03,2.057884536808938094e+02
2.142566189748239140e+03,2.011846834371630734e+02
2.143822826809674552e+03,1.975075980089688414e+02
2.145079463871110875e+03,1.916244719223696507e+02
2.146336100932546742e+03,1.935823923421219774e+02
2.147592737993982610e+03,1.951389937033156912e+02
2.148849375055418477e+03,1.922026963085504008e+02
2.150106012116854345e+03,1.988751263905088535e+02
2.151362649178290212e+03,1.981900245224921662e+02
2.152619286239726534e+03,2.032906844691127048e+02
2.153875923301161947e+03,2.105359890252590560e+02
2.155132560362598269e+03,2.169921148895492422e+02
2.156389197424034137e+03,2.205346250520847491e+02
2.157645834485470004e+03,2.273149389819855628e+02
2.158902471546905872e+03,2.327634854638367017e+02
2.160159108608341739e+03,2.404454485702001421e+02
2.161415745669777607e+03,2.408281645946551635e+02
2.162672382731213474e+03,2.475840093636809343e+02
2.163929019792649342e+03,2.470975723695544559e+02
2.165185656854085209e+03,2.546407390979552474e+02
2.166442293915521532e+03,2.546216888287962661e+02
2.167698930976956945e+03,2.531546721399418800e+02
2.168955568038393267e+03,2.533334806255682565e+02
2.170212205099829134e+03,2.527306199790990036e+02
2.171468842161265002e+03,2.497553851101209546e+02
2.172725479222700869e+03,2.459240423452092728e+02
2.173982116284137192e+03,2.379095993108612674e+02
2.175238753345572604e+03,2.334105143168956999e+02
2.176495390407008927e+03,2.258766450563605872e+02
2.177752027468444339e+03,2.243953729255725875e+02
2.179008664529880662e+03,2.159872015696292635e+02
2.180265301591316529e+03,2.090281044419178329e+02
2.181521938652752397e+03,2.024266424768774471e+02
2.182778575714188264e+03,1.952323143978195787e+02
2.184035212775624132e+03,1.922806084410916014e+02
2.185291849837059999e+03,1.892422228772921073e+02
2.186548486898495867e+03,1.861878847763237559e+02
2.187805123959932189e+03,1.833677491050336528e+02
2.189061761021367602e+03,1.837382490612205288e+02
2.190318398082803924e+03,1.847722282765623731e+02
2.191575035144239337e+03,1.888389768915598381e+02
2.192831672205675659e+03,1.913315538907761493e+02
2.194088309267111526e+03,1.947298272128683436e+02
2.195344946328547394e+03,2.008881542379232030e+02
2.196601583389983261e+03,2.072609666548117673e+02
2.197858220451419584e+03,2.100538046933598082e+02
2.199114857512854996e+03,2.155590055248103170e+02
2.200371494574291319e+03,2.218560687346476072e+02
2.201628131635727186e+03,2.280397856816287288e+02
2.202884768697163054e+03,2.335282741257804844e+02
2.204141405758598921e+03,2.367370024834918070e+02
2.205398042820034789e+03,2.432691075375303740e+02
2.206654679881470656e+03,2.458632169838726895e+02
2.207911316942906524e+03,2.473733576471786080e+02
2.209167954004342391e+03,2.461737870837233402e+02
2.210424591065778259e+03,2.450889005706192449e+02
2.211681228127214581e+03,2.438748400573085746e+02
2.212937865188649994e+03,2.406547946162419009e+02
2.214194502250086316e+03,2.402266594317869988e+02
2.215451139311522184e+03,2.342005079186479293e+02
2.216707776372958051e+03,2.252947660379717831e+02
2.217964413434393919e+03,2.203469065497710915e+02
2.219221050495829786e+03,2.169414586492165427e+02
2.220477687557265654e+03,2.094808373956377352e+02
2.221734324618701976e+03,2.068004258423523254e+02
2.222990961680137389e+03,2.002453213586811671e+02
2.224247598741573711e+03,1.937475607805934601e+02
2.225504235803009578e+03,1.887506586379683711e+02
2.226760872864445446e+03,1.854704859373405839e+02
2.228017509925881313e+03,1.827033555143259207e+02
2.229274146987317181e+03,1.774260339821724415e+02
2.230530784048753048e+03,1.782639002978611131e+02
2.231787421110188916e+03,1.773763046293087484e+02
2.233044058171624783e+03,1.820463002620770112e+02
2.234300695233060651e+03,1.830033077984489864e+02
2.235557332294496973e+03,1.820639523083571305e+02
2.236813969355932386e+03,1.914309837675553752e+02
2.238070606417368708e+03,1.951611412806827843e+02
2.239327243478804576e+03,1.999276917351172074e+02
2.240583880540240443e+03,2.033993569155762771e+02
2.241840517601676311e+03,2.111869021008548089e+02
2.243097154663112633e+03,2.178233725544374124e+02
2.244353791724548046e+03,2.211738569563764543e+02
2.245610428785984368e+03,2.266281492511058957e+02
2.246867065847419781e+03,2.269621472315894550e+02
2.248123702908856103e+03,2.310688514414715655e+02
2.249380339970291971e+03,2.363893149700348886e+02
2.250636977031727838e+03,2.353850356236056030e+02
2.251893614093163706e+03,2.357355794610855924e+02
2.253150251154599573e+03,2.335498343318809873e+02
2.254406888216035441e+03,2.337374049768110638e+02
2.255663525277471308e+03,2.317388638704704817e+02
2.256920162338907630e+03,2.253908945530580752e+02
2.258176799400343043e+03,2.217080604400181585e+02
2.259433436461779365e+03,2.181977669174987113e+02
2.260690073523214778e+03,2.121397147219389865e+02
2.261946710584651100e+03,2.046785278890700113e+02
2.263203347646086968e+03,1.981218879632270955e+02
2.264459984707522835e+03,1.956130477522824833e+02
2.265716621768958703e+03,1.887195845933323426e+02
2.266973258830395025e+03,1.818119914103353949e+02
2.268229895891830438e+03,1.833515214832891900e+02
2.269486532953266760e+03,1.785129495783732523e+02
2.270743170014702628e+03,1.758761737392332805e+02
2.271999807076138495e+03,1.744832408948613249e+02
2.273256444137574363e+03,1.738960012755291018e+02
2.274513081199010230e+03,1.747311626345120317e+02
2.275769718260446098e+03,1.757980494550964465e+02
2.277026355321881965e+03,1.816020286619995261e+02
2.278282992383317833e+03,1.874940468911514699e+02
2.279539629444753700e+03,1.881529005836997328e+02
2.280796266506190022e+03,1.941658973168958937e+02
2.282052903567625435e+03,1.997346042656857321e+02
2.283309540629061757e+03,2.052660324084075683e+02
2.284566177690497625e+03,2.109016896989162717e+02
2.285822814751933493e+03,2.149287129220867598e+02
2.287079451813369360e+03,2.172184999857423406e+02
2.288336088874805228e+03,2.277266481940115739e+02
2.289592725936241095e+03,2.263422214250063575e+02
2.290849362997677417e+03,2.291321433189491188e+02
2.292106000059112830e+03,2.280981787630889812e+02
2.293362637120549152e+03,2.297055336207931191e+02
2.294619274181985020e+03,2.298237297233206675e+02
2.295875911243420887e+03,2.293103118977134613e+02
2.297132548304856755e+03,2.272767396637429442e+02
2.298389185366292622e+03,2.230220504471471088e+02
2.299645822427728490e+03,2.190678203382011588e+02
2.300902459489164357e+03,2.160100634000313562e+02
2.302159096550600225e+03,2.089352803382897719e+02
2.303415733612036092e+03,2.058585785689909926e+02
2.304672370673472415e+03,1.984349135325514624e+02
2.305929007734907827e+03,1.930871982056191314e+02
2.307185644796344150e+03,1.878149134755491332e+02
2.308442281857780017e+03,1.841659619021206993e+02
2.309698918919215885e+03,1.806614046126788935e+02
2.310955555980651752e+03,1.778437529035357443e+02
2.312212193042088074e+03,1.765216040329987379e+02
2.313468830103523487e+03,1.761543786860679859e+02
2.314725467164959809e+03,1.750656044722901186e+02
2.315982104226395222e+03,1.749514966909654277e+02
2.317238741287831544e+03,1.790464179046706477e+02
2.318495378349267412e+03,1.783522742001439383e+02
2.319752015410703279e+03,1.844713175237949656e+02
2.321008652472139147e+03,1.863900139138377483e+02
2.322265289533575015e+03,1.926514263220049656e+02
2.323521926595010882e+03,1.971995497158389412e+02
2.324778563656446750e+03,1.979834749541614940e+02
2.326035200717883072e+03,2.104270595324941553e+02
2.327291837779318485e+03,2.119874178770359094e+02
2.328548474840754807e+03,2.132798793519169749e+02
2.329805111902190220e+03,2.172981651806750563e+02
2.331061748963626542e+03,2.168421823870815501e+02
2.332318386025062409e+03,2.226943337545431234e+02
2.333575023086498277e+03,2.244056629401258931e+02
2.334831660147934144e+03,2.279407920133070888e+02
2.336088297209370467e+03,2.244990444936273946e+02
2.337344934270805879e+03,2.209964378490699346e+02
2.338601571332242202e+03,2.213593505538706836e+02
2.339858208393678069e+03,2.165876560840784464e+02
2.341114845455113937e+03,2.149384896612538114e+02
2.342371482516549804e+03,2.098693316154211743e+02
2.343628119577985672e+03,2.073583049268719947e+02
2.344884756639421539e+03,2.017512996687191844e+02
2.346141393700857407e+03,1.953018994973548104e+02
2.347398030762293274e+03,1.926810293209308895e+02
2.348654667823729142e+03,1.837583200317860417e+02
2.349911304885165464e+03,1.818333988792983007e+02
2.351167941946600877e+03,1.767012565742167567e+02
2.352424579008037199e+03,1.749755017149015544e+02
2.353681216069473066e+03,1.725878375971026344e+02
2.354937853130908934e+03,1.694823912373352925e+02
2.356194490192344801e+03,1.691000911628449330e+02
2.357451127253780669e+03,1.695441680109054516e+02
2.358707764315216536e+03,1.694214081227686108e+02
2.359964401376652859e+03,1.724401288655423912e+02
2.361221038438088272e+03,1.759276510174767338e+02
2.362477675499524594e+03,1.782161273221986164e+02
2.363734312560960461e+03,1.824379797737040292e+02
2.364990949622396329e+03,1.885932824226213995e+02
2.366247586683832196e+03,1.935363611529264745e+02
2.367504223745268064e+03,1.983911350771038542e+02
2.368760860806703931e+03,2.049318245227998432e+02
2.370017497868139799e+03,2.078424068007064420e+02
2.371274134929575666e+03,2.130474843991806040e+02
2.372530771991011534e+03,2.145563003966926203e+02
2.373787409052447856e+03,2.203960013652965415e+02
2.375044046113883269e+03,2.196434759779485262e+02
2.376300683175319591e+03,2.192031784785579305e+02
2.377557320236755459e+03,2.189440274996979667e+02
2.378813957298191326e+03,2.213838008553858003e+02
2.380070594359627194e+03,2.184214030144441949e+02
2.381327231421063516e+03,2.165880178767354209e+02
2.382583868482498929e+03,2.127747201986489642e+02
2.383840505543935251e+03,2.106315630770721441e+02
2.385097142605370664e+03,2.037563029018656664e+02
2.386353779666806986e+03,2.000310062410927969e+02
2.387610416728242853e+03,1.927953757872664085e+02
2.388867053789678721e+03,1.871731229833225711e+02
2.390123690851114588e+03,1.860415743611240202e+02
2.391380327912550456e+03,1.778711909743439037e+02
2.392636964973986323e+03,1.739622807668946507e+02
2.393893602035422191e+03,1.700591027571585698e+02
2.395150239096858513e+03,1.691425935510829959e+02
2.396406876158293926e+03,1.661262030288072538e+02
2.397663513219730248e+03,1.673694097162600372e+02
2.398920150281165661e+03,1.653067126882032198e+02
2.400176787342601983e+03,1.664155214669757470e+02
2.401433424404037851e+03,1.682151322138513478e+02
2.402690061465473718e+03,1.712369701299454050e+02
2.403946698526909586e+03,1.739717634451540675e+02
2.405203335588345908e+03,1.779333980537691389e+02
2.406459972649781321e+03,1.800377248929613643e+02
2.407716609711217643e+03,1.868914967871680517e+02
2.408973246772653511e+03,1.921979539598522138e+02
2.410229883834089378e+03,1.992382861381616124e+02
2.411486520895525246e+03,2.008953976988755699e+02
2.412743157956961113e+03,2.091581442527910610e+02
2.413999795018396981e+03,2.070316389870042997e+02
2.415256432079832848e+03,2.116772038755574670e+02
2.416513069141268716e+03,2.168056031259047245e+02
2.417769706202704583e+03,2.199193639957025823e+02
2.419026343264140905e+03,2.179451218182346963e+02
2.420282980325576318e+03,2.203175790401154188e+02
2.421539617387012640e+03,2.185901077191672073e+02
2.422796254448448508e+03,2.143600171313929934e+02
2.424052891509884375e+03,2.118536376341730545e+02
2.425309528571320243e+03,2.079190782318475215e+02
2.426566165632756565e+03,2.074413315012877774e+02
2.427822802694191978e+03,2.031995504293397516e+02
2.429079439755628300e+03,1.968558818499432448e+02
2.430336076817063713e+03,1.940868203671214474e+02
2.431592713878500035e+03,1.885031362080851807e+02
2.432849350939935903e+03,1.859256428539690091e+02
2.434105988001371770e+03,1.803024941450955225e+02
2.435362625062807638e+03,1.781235812182934524e+02
2.436619262124243505e+03,1.741378260904178603e+02
2.437875899185679373e+03,1.729120287547947328e+02
2.439132536247115240e+03,1.705381378896945250e+02
2.440389173308551563e+03,1.696607195963444497e+02
2.441645810369986975e+03,1.706189778965172366e+02
2.442902447431423298e+03,1.738501234412220526e+02
2.444159084492858710e+03,1.738207514387891024e+02
2.445415721554295033e+03,1.747352814226995008e+02
2.446672358615730900e+03,1.790625383282712448e+02
2.447928995677166768e+03,1.804762613913244991e+02
2.449185632738602635e+03,1.873965129132803042e+02
2.450442269800038957e+03,1.898957071633945475e+02
2.451698906861474370e+03,1.976841949481610925e+02
2.452955543922910692e+03,1.977174376838979128e+02
2.454212180984346560e+03,2.013852045110403424e+02
2.455468818045782427e+03,2.057295056569558653e+02
2.456725455107218295e+03,2.077931396342707728e+02
2.457982092168654162e+03,2.104972052562299609e+02
2.459238729230090030e+03,2.126539728691871858e+02
2.460495366291525897e+03,2.118964490368172733e+02
2.461752003352961765e+03,2.149533401003532447e+02
2.463008640414397632e+03,2.125473846997256260e+02
2.464265277475833955e+03,2.129578879694242346e+02
2.465521914537269367e+03,2.084287079506175644e+02
2.466778551598705690e+03,2.061082407312252940e+02
2.468035188660141557e+03,2.023945896297894365e+02
2.469291825721577425e+03,1.982734683324855212e+02
2.470548462783013292e+03,1.955710302006461063e+02
2.471805099844449160e+03,1.875755185396438378e+02
2.473061736905885027e+03,1.847295704044585705e+02
2.474318373967321349e+03,1.828615098867335007e+02
2.475575011028756762e+03,1.778295383404997949e+02
2.476831648090193084e+03,1.748448066097209619e+02
2.478088285151628952e+03,1.738193820223351338e+02
2.479344922213064820e+03,1.742685685312658563e+02
2.480601559274500687e+03,1.751822651592394493e+02
2.481858196335936555e+03,1.704514122071533109e+02
2.483114833397372422e+03,1.738948758706651461e+02
2.484371470458808290e+03,1.733333526492966712e+02
2.485628107520244157e+03,1.761625446184434622e+02
2.486884744581680025e+03,1.803048292765821259e+02
2.488141381643116347e+03,1.828032668250714039e+02
2.489398018704551760e+03,1.867021057070614916e+02
2.490654655765988082e+03,1.890482474647460833e+02
2.491911292827423949e+03,1.928573915619090542e+02
2.493167929888859817e+03,1.984921113799118473e+02
2.494424566950295684e+03,1.989928514867468436e+02
2.495681204011732007e+03,2.026132372307211540e+02
2.496937841073167419e+03,2.056680476431934324e+02
2.498194478134603742e+03,2.082514694766100831e+02
2.499451115196039154e+03,2.095475477949762535e+02
2.500707752257475477e+03,2.094103329143244707e+02
2.501964389318911344e+03,2.137371168170433293e+02
2.503221026380347212e+03,2.112481187476613798e+02
2.504477663441783079e+03,2.099278364258123872e+02
2.505734300503218947e+03,2.092870936136251601e+02
2.506990937564654814e+03,2.088797589323420425e+02
2.508247574626090682e+03,2.033771606177816693e+02
2.509504211687527004e+03,2.003732757250828911e+02
2.510760848748962417e+03,2.014834852619230787e+02
2.512017485810398739e+03,1.964084070467263246e+02
2.513274122871834152e+03,1.923970187810350865e+02
2.514530759933270474e+03,1.873435033000288001e+02
2.515787396994706342e+03,1.844539451246123178e+02
2.517044034056142209e+03,1.784576249622800503e+02
2.518300671117578077e+03,1.766711983904693000e+02
2.519557308179014399e+03,1.738513706588928187e+02
2.520813945240449812e+03,1.684256119437191614e+02
2.522070582301886134e+03,1.687819127056803268e+02
2.523327219363322001e+03,1.716094774933451674e+02
2.524583856424757869e+03,1.712930108196633512e+02
2.525840493486193736e+03,1.699313194551142772e+02
2.527097130547629604e+03,1.723845718112045233e+02
2.528353767609065471e+03,1.745980653050633862e+02
2.529610404670501339e+03,1.751186404276351425e+02
2.530867041731937206e+03,1.790856558898162803e+02
2.532123678793373074e+03,1.832106996315343395e+02
2.533380315854809396e+03,1.867957875051586427e+02
2.534636952916244809e+03,1.878435634348158203e+02
2.535893589977681131e+03,1.937060453898228047e+02
2.537150227039116999e+03,1.985326335531509301e+02
2.538406864100552866e+03,2.025092925773053878e+02
2.539663501161988734e+03,2.041767741904922104e+02
2.540920138223424601e+03,2.089034507688618305e+02
2.542176775284860469e+03,2.070608916870897644e+02
2.543433412346296791e+03,2.088005053281127346e+02
2.544690049407732204e+03,2.087423182846767702e+02
2.545946686469168526e+03,2.066360192469892638e+02
2.547203323530604393e+03,2.057175211560503669e+02
2.548459960592040261e+03,2.042941848057728009e+02
2.549716597653476128e+03,2.029323328361003291e+02
2.550973234714911996e+03,1.991330980727114479e+02
2.552229871776347863e+03,1.959492786744255852e+02
2.553486508837783731e+03,1.918807969665523672e+02
2.554743145899219599e+03,1.897925167988733222e+02
2.555999782960655466e+03,1.839401122407258811e+02
2.557256420022091788e+03,1.804821317350381378e+02
2.558513057083527201e+03,1.766506493235116295e+02
2.559769694144963523e+03,1.734779192515812554e+02
2.561026331206399391e+03,1.707532421760867294e+02
2.562282968267835258e+03,1.688254612225275650e+02
2.563539605329271126e+03,1.660746886234856277e+02
2.564796242390707448e+03,1.682564680003590638e+02
2.566052879452142861e+03,1.673685471606066528e+02
2.567309516513579183e+03,1.666570020463358617e+02
2.568566153575014596e+03,1.690166545966550871e+02
2.569822790636450918e+03,1.741326876017014058e+02
2.571079427697886786e+03,1.726773865568452209e+02
2.572336064759322653e+03,1.797820988814007990e+02
2.573592701820758521e+03,1.827458364112485754e+02
2.574849338882194388e+03,1.867512551488168810e+02
2.576105975943630256e+03,1.906045867568096810e+02
2.577362613005066123e+03,1.946625291525194541e+02
2.578619250066502445e+03,1.976568202878681575e+02
2.579875887127937858e+03,2.039302746021230348e+02
2.581132524189374180e+03,2.054093338420139219e+02
2.582389161250809593e+03,2.099492868337954405e+02
2.583645798312245915e+03,2.108081996070449122e+02
2.584902435373681783e+03,2.134687878576509661e+02
2.586159072435117650e+03,2.142466154719313636e+02
2.587415709496553518e+03,2.145614227289019880e+02
2.588672346557989840e+03,2.150786728167523734e+02
2.589928983619425253e+03,2.123919042049118104e+02
2.591185620680861575e+03,2.160270741106585035e+02
2.592442257742297443e+03,2.095394407568183226e+02
2.593698894803733310e+03,2.051306403724227891e+02
2.594955531865169178e+03,1.999315735578524311e+02
2.596212168926605045e+03,2.009079483205767929e+02
2.597468805988040913e+03,1.943120265255772949e+02
2.598725443049476780e+03,1.954095129440243852e+02
2.599982080110912648e+03,1.888057735807665551e+02
2.601238717172348515e+03,1.889691784245528652e+02
2.602495354233784838e+03,1.833841881467019448e+02
2.603751991295220250e+03,1.784294294069336502e+02
2.605008628356656573e+03,1.809555787334328727e+02
2.606265265418092440e+03,1.790895168637786981e+02
2.607521902479528308e+03,1.752818823593804041e+02
2.608778539540964175e+03,1.794772198807798986e+02
2.610035176602400043e+03,1.779027596702134133e+02
2.611291813663835910e+03,1.786067522720950933e+02
2.612548450725272232e+03,1.836128622488121209e+02
2.613805087786707645e+03,1.854820944350718719e+02
2.615061724848143967e+03,1.866787332396047816e+02
2.616318361909579835e+03,1.922519223605072227e+02
2.617574998971015702e+03,1.982765372936118240e+02
2.618831636032451570e+03,1.972295622683739964e+02
2.620088273093887437e+03,2.017629752880008880e+02
2.621344910155323305e+03,2.075694096764935637e+02
2.622601547216759172e+03,2.102343953607618516e+02
2.623858184278195040e+03,2.109945524723119377e+02
2.625114821339630907e+03,2.142854520179378994e+02
2.626371458401067230e+03,2.157529837423504659e+02
2.627628095462502642e+03,2.144032231510098825e+02
2.628884732523938965e+03,2.145605193230408645e+02
2.630141369585374832e+03,2.150717781015972889e+02
2.631398006646810700e+03,2.142676714149207271e+02
2.632654643708246567e+03,2.136832351291370742e+02
2.633911280769682890e+03,2.102906274973873337e+02
2.635167917831118302e+03,2.065853055335752799e+02
2.636424554892554625e+03,2.028061167253290478e+02
2.637681191953990037e+03,2.015641032900311416e+02
2.638937829015426360e+03,1.976165486974715861e+02
2.640194466076862227e+03,1.944769170646831924e+02
2.641451103138298095e+03,1.920365544291439335e+02
2.642707740199733962e+03,1.885084674562669136e+02
2.643964377261169830e+03,1.895817358784414637e+02
2.645221014322605697e+03,1.836071459498222680e+02
2.646477651384041565e+03,1.838260986383014028e+02
2.647734288445477887e+03,1.837462921716632991e+02
2.648990925506913300e+03,1.821452189858814847e+02
2.650247562568349622e+03,1.841773613330200021e+02
2.651504199629785035e+03,1.857015474124704895e+02
2.652760836691221357e+03,1.835154066554360099e+02
2.654017473752657224e+03,1.883591168980058796e+02
2.655274110814093092e+03,1.903227639245334615e+02
2.656530747875528959e+03,1.925037986469970406e+02
2.657787384936965282e+03,1.923788611933154868e+02
2.659044021998400694e+03,1.957827864153681787e+02
2.660300659059837017e+03,1.991287218863970736e+02
2.661557296121272884e+03,2.000514092689047061e+02
2.662813933182708752e+03,2.065777985599031581e+02
2.664070570244144619e+03,2.064420361031538960e+02
2.665327207305580487e+03,2.092460567229987021e+02
2.666583844367016354e+03,2.111668539203502917e+02
2.667840481428452222e+03,2.150425399485177138e+02
2.669097118489888089e+03,2.131365453596569637e+02
2.670353755551323957e+03,2.142059033150121365e+02
2.671610392612760279e+03,2.108667337472268173e+02
2.672867029674195692e+03,2.106070837083894673e+02
2.674123666735632014e+03,2.105618826723317056e+02
2.675380303797067882e+03,2.055878318689964317e+02
2.676636940858503749e+03,2.068647034589199905e+02
2.677893577919939617e+03,2.024106669505705156e+02
2.679150214981375484e+03,1.999240370885691505e+02
2.680406852042811352e+03,1.965507411519955383e+02
2.681663489104247674e+03,1.947087445644146158e+02
2.682920126165683087e+03,1.918486688499958177e+02
2.684176763227119409e+03,1.875605475656977319e+02
2.685433400288555276e+03,1.840560882414216337e+02
2.686690037349991144e+03,1.837961128929950974e+02
2.687946674411427011e+03,1.817819614278549238e+02
2.689203311472862879e+03,1.805258519635969776e+02
2.690459948534298746e+03,1.769834867837464856e+02
2.691716585595734614e+03,1.771931504470404093e+02
2.692973222657170481e+03,1.777052233775631294e+02
2.694229859718606349e+03,1.765503364840386951e+02
2.695486496780042671e+03,1.766948295026682558e+02
2.696743133841478084e+03,1.782698671775505943e+02
2.697999770902914406e+03,1.820730253241546279e+02
2.699256407964350274e+03,1.837256762104670429e+02
2.700513045025786141e+03,1.868874815975630099e+02
2.701769682087222009e+03,1.868266476238779319e+02
2.703026319148658331e+03,1.904748766913858731e+02
2.704282956210093744e+03,1.954080916724169867e+02
2.705539593271530066e+03,1.970157729863516920e+02
2.706796230332965479e+03,2.009516546923019291e+02
2.708052867394401801e+03,2.043799403640829837e+02
2.709309504455837669e+03,2.038935370197822863e+02
2.710566141517273536e+03,2.047496978775440368e+02
2.711822778578709404e+03,2.054593046073777032e+02
2.713079415640145271e+03,2.051369928899157458e+02
2.714336052701581139e+03,2.055692788095986145e+02
2.715592689763017006e+03,2.029304177713065087e+02
2.716849326824453328e+03,2.033876067588134049e+02
2.718105963885888741e+03,1.990747103719066047e+02
2.719362600947325063e+03,2.001681320830178947e+02
2.720619238008760476e+03,1.947112501326623715e+02
2.721875875070196798e+03,1.924771156267568415e+02
2.723132512131632666e+03,1.874824666180649615e+02
2.724389149193068533e+03,1.853310084372495510e+02
2.725645786254504401e+03,1.844574693446485298e+02
2.726902423315940723e+03,1.817390141889804909e+02
2.728159060377376136e+03,1.797775893540605523e+02
2.729415697438812458e+03,1.771168658753814213e+02
2.730672334500248326e+03,1.757890496619334044e+02
2.731928971561684193e+03,1.758790899307155939e+02
2.733185608623120061e+03,1.743141635143908559e+02
2.734442245684555928e+03,1.713389498406346831e+02
2.735698882745991796e+03,1.717737812922812850e+02
2.736955519807427663e+03,1.740735214089031615e+02
2.738212156868863531e+03,1.747776030220309735e+02
2.739468793930299398e+03,1.760459012546525059e+02
2.740725430991735720e+03,1.773585258832535771e+02
2.741982068053171133e+03,1.783324631945801571e+02
2.743238705114607455e+03,1.810088225633632817e+02
2.744495342176043323e+03,1.860443712915113395e+02
2.745751979237479190e+03,1.857672782404773102e+02
2.747008616298915058e+03,1.862594032464711518e+02
2.748265253360351380e+03,1.901889966102244216e+02
2.749521890421786793e+03,1.912076246884812747e+02
2.750778527483223115e+03,1.941882709069960526e+02
2.752035164544658528e+03,1.920628241910823988e+02
2.753291801606094850e+03,1.943700964417153614e+02
2.754548438667530718e+03,1.927945484715732221e+02
2.755805075728966585e+03,1.896277882286707381e+02
2.757061712790402453e+03,1.917532297997282740e+02
2.758318349851838320e+03,1.892107418953380602e+02
2.759574986913274188e+03,1.887749979122052366e+02
2.760831623974710055e+03,1.835945111758416317e+02
2.762088261036146378e+03,1.832221415032491052e+02
2.763344898097581790e+03,1.799167989561136665e+02
2.764601535159018113e+03,1.755343548047505351e+02
2.765858172220453525e+03,1.733525298171465749e+02
2.767114809281889848e+03,1.695804151450902282e+02
2.768371446343325715e+03,1.665514269451581129e+02
2.769628083404761583e+03,1.653996380967439563e+02
2.770884720466197450e+03,1.645406774556261098e+02
2.772141357527633772e+03,1.643463476120683424e+02
2.773397994589069185e+03,1.645245054010255785e+02
2.774654631650505507e+03,1.654575772392502984e+02
2.775911268711941375e+03,1.652655942458260370e+02
2.777167905773377242e+03,1.660106007244181399e+02
2.778424542834813110e+03,1.686115570252743794e+02
2.779681179896248977e+03,1.733388693766857784e+02
2.780937816957684845e+03,1.755623031028718231e+02
2.782194454019120712e+03,1.773458556975179476e+02
2.783451091080556580e+03,1.793491054188722842e+02
2.784707728141992447e+03,1.838343706336218872e+02
2.785964365203428770e+03,1.868875452167257265e+02
2.787221002264864183e+03,1.900674636811185110e+02
2.788477639326300505e+03,1.912877425978339829e+02
2.789734276387736372e+03,1.933432941882167597e+02
2.790990913449172240e+03,1.946341606441811791e+02
2.792247550510608107e+03,1.985608465332896628e+02
2.793504187572043975e+03,1.998113904659386719e+02
2.794760824633479842e+03,1.986101666185476233e+02
2.796017461694916165e+03,1.991891799420771747e+02
2.797274098756351577e+03,1.988020582975160835e+02
2.798530735817787900e+03,1.951670033087127649e+02
2.799787372879223767e+03,1.962142964913429637e+02
2.801044009940659635e+03,1.956768279735865690e+02
2.802300647002095502e+03,1.928406531632219298e+02
2.803557284063531370e+03,1.888004867616109550e+02
2.804813921124967237e+03,1.835899442319284276e+02
2.806070558186403105e+03,1.826152195411733601e+02
2.807327195247838972e+03,1.770694098383337405e+02
2.808583832309274840e+03,1.754570092100755687e+02
2.809840469370711162e+03,1.717189971189601465e+02
2.811097106432146575e+03,1.691427594927430107e+02
2.812353743493582897e+03,1.662761409094894134e+02
2.813610380555018764e+03,1.645108440482974856e+02
2.814867017616454632e+03,1.618657577908222152e+02
2.816123654677890499e+03,1.639632316306299913e+02
2.817380291739326822e+03,1.622806731058574314e+02
2.818636928800762234e+03,1.632243631338024841e+02
2.819893565862198557e+03,1.645605366206339681e+02
2.821150202923633969e+03,1.669818080004910428e+02
2.822406839985070292e+03,1.669560613198471231e+02
2.823663477046506159e+03,1.682844974506812434e+02
2.824920114107942027e+03,1.709852891487020372e+02
2.826176751169377894e+03,1.747178216694921389e+02
2.827433388230813762e+03,1.791379804379880056e+02
2.828690025292249629e+03,1.788094830241504951e+02
2.829946662353685497e+03,1.799207610939229482e+02
2.831203299415121819e+03,1.861707030780782191e+02
2.832459936476557232e+03,1.879137985474994821e+02
2.833716573537993554e+03,1.899630211755884659e+02
2.834973210599428967e+03,1.913651184350204346e+02
2.836229847660865289e+03,1.964881906674291656e+02
2.837486484722301157e+03,1.963180449276048023e+02
2.838743121783737024e+03,1.948179407197681883e+02
2.839999758845172892e+03,1.969505538942245551e+02
2.841256395906609214e+03,1.963048253911068457e+02
2.842513032968044627e+03,1.922737902312500751e+02
2.843769670029480949e+03,1.909429735825096088e+02
2.845026307090916816e+03,1.884376348926345202e+02
2.846282944152352684e+03,1.893919219001639362e+02
2.847539581213788551e+03,1.828576504130411706e+02
2.848796218275224419e+03,1.803354628403122604e+02
2.850052855336660286e+03,1.797769256898439494e+02
2.851309492398096154e+03,1.764800107478060056e+02
2.852566129459532021e+03,1.727435729145340133e+02
2.853822766520967889e+03,1.702789850881310372e+02
2.855079403582404211e+03,1.674684586337312453e+02
2.856336040643839624e+03,1.670464696155197828e+02
2.857592677705275946e+03,1.656603454706218201e+02
2.858849314766711814e+03,1.662045504284905917e+02
2.860105951828147681e+03,1.649544212500379103e+02
2.861362588889583549e+03,1.645245845836116132e+02
2.862619225951019416e+03,1.637001204684156619e+02
2.863875863012455284e+03,1.658116513353063226e+02
2.865132500073891606e+03,1.668506591556568424e+02
2.866389137135327019e+03,1.690688515571273740e+02
2.867645774196763341e+03,1.700641270295334095e+02
2.868902411258199209e+03,1.740859484046519299e+02
2.870159048319635076e+03,1.754459463793306497e+02
2.871415685381070944e+03,1.778447457352820038e+02
2.872672322442506811e+03,1.795477878460483794e+02
2.873928959503942679e+03,1.821726563592731623e+02
2.875185596565378546e+03,1.858919814178775312e+02
2.876442233626814414e+03,1.830408595262515519e+02
2.877698870688250281e+03,1.858838706960996205e+02
2.878955507749686603e+03,1.884883982392503299e+02
2.880212144811122016e+03,1.855484148500131596e+02
2.881468781872558338e+03,1.862528102854367660e+02
2.882725418933994206e+03,1.843612438121700734e+02
2.883982055995430073e+03,1.827044089998009611e+02
2.885238693056865941e+03,1.824849040830738431e+02
2.886495330118302263e+03,1.804700035884571321e+02
2.887751967179737676e+03,1.795789972784721158e+02
2.889008604241173998e+03,1.771697053594247109e+02
2.890265241302609411e+03,1.749073054101019125e+02
2.891521878364045733e+03,1.716402473631706869e+02
2.892778515425481601e+03,1.684934679374889583e+02
2.894035152486917468e+03,1.668371382466491752e+02
2.895291789548353336e+03,1.643386575878390943e+02
2.896548426609789203e+03,1.617516270461204329e+02
2.897805063671225071e+03,1.630688827128873299e+02
2.899061700732660938e+03,1.605642408250213862e+02
2.900318337794097260e+03,1.619786868699856939e+02
2.901574974855532673e+03,1.606833712422019005e+02
2.902831611916968996e+03,1.625064826089883923e+02
2.904088248978404408e+03,1.612205186899683156e+02
2.905344886039840731e+03,1.634665852832027895e+02
2.906601523101276598e+03,1.657907438061974972e+02
2.907858160162712466e+03,1.672528391734549018e+02
2.909114797224148333e+03,1.720691120570907913e+02
2.910371434285584655e+03,1.736235158136450991e+02
2.911628071347020068e+03,1.793598076831762569e+02
2.912884708408456390e+03,1.800537758059324744e+02
2.914141345469892258e+03,1.832920575300981909e+02
2.915397982531328125e+03,1.858601718176719260e+02
2.916654619592763993e+03,1.887441886703707610e+02
2.917911256654199860e+03,1.898096370268850706e+02
2.919167893715635728e+03,1.901397177161471745e+02
2.920424530777071595e+03,1.923221545643735055e+02
2.921681167838507463e+03,1.911858381239430571e+02
2.922937804899943330e+03,1.906191237252305655e+02
2.924194441961379653e+03,1.887614518022985521e+02
2.925451079022815065e+03,1.872493869853161925e+02
2.926707716084251388e+03,1.887953022526306768e+02
2.927964353145687255e+03,1.863396287017949646e+02
2.929220990207123123e+03,1.842777378113590316e+02
2.930477627268558990e+03,1.812476922634636480e+02
2.931734264329994858e+03,1.764256994353260666e+02
2.932990901391430725e+03,1.752035439868676860e+02
2.934247538452867047e+03,1.735700952976608562e+02
2.935504175514302460e+03,1.695295093920884426e+02
2.936760812575738782e+03,1.672074806048249229e+02
2.938017449637174650e+03,1.663554895929440249e+02
2.939274086698610517e+03,1.612119972126293703e+02
2.940530723760046385e+03,1.594088834282242715e+02
2.941787360821482253e+03,1.606104642174643118e+02
2.943043997882918120e+03,1.610586830494998196e+02
2.944300634944353988e+03,1.605980874391254929e+02
2.945557272005789855e+03,1.588377927255535838e+02
2.946813909067225723e+03,1.630455465330378786e+02
2.948070546128662045e+03,1.611871411475543994e+02
2.949327183190097458e+03,1.627812544702923390e+02
2.950583820251533780e+03,1.643822111801568724e+02
2.951840457312969647e+03,1.690644267747841241e+02
2.953097094374405515e+03,1.714100843249303807e+02
2.954353731435841382e+03,1.724700760541620639e+02
2.955610368497277705e+03,1.754381218341308681e+02
2.956867005558713117e+03,1.757421889958266661e+02
2.958123642620149440e+03,1.777714504913656413e+02
2.959380279681584852e+03,1.796415222372358471e+02
2.960636916743021175e+03,1.815730459317593102e+02
2.961893553804457042e+03,1.827214643880396352e+02
2.963150190865892910e+03,1.841202999199150270e+02
2.964406827927328777e+03,1.837278284966834576e+02
2.965663464988764645e+03,1.812339673989869198e+02
2.966920102050200512e+03,1.827612118505371086e+02
2.968176739111636380e+03,1.821104555592085035e+02
2.969433376173072702e+03,1.803759680243577463e+02
2.970690013234508115e+03,1.788677638954661688e+02
2.971946650295944437e+03,1.764055771141579783e+02
2.973203287357379850e+03,1.771999722830731514e+02
2.974459924418816172e+03,1.738607793011719593e+02
2.975716561480252039e+03,1.740689117157337193e+02
2.976973198541687907e+03,1.718167366026538900e+02
2.978229835603123774e+03,1.696773000421675590e+02
2.979486472664560097e+03,1.688496189131957976e+02
2.980743109725995510e+03,1.663804194166680190e+02
2.981999746787431832e+03,1.657470252416295295e+02
2.983256383848867699e+03,1.649599585865113056e+02
2.984513020910303567e+03,1.655218873137886249e+02
2.985769657971739434e+03,1.654161619660949896e+02
2.987026295033175302e+03,1.669805768966956236e+02
2.988282932094611169e+03,1.671747348495864571e+02
2.989539569156047037e+03,1.678772158830196872e+02
2.990796206217482904e+03,1.691359840283581946e+02
2.992052843278918772e+03,1.716904061284346596e+02
2.993309480340355094e+03,1.731969987982455450e+02
2.994566117401790507e+03,1.738467883601491906e+02
2.995822754463226829e+03,1.767970632094245502e+02
2.997079391524662697e+03,1.779405298740401520e+02
2.998336028586098564e+03,1.806361473555581654e+02
2.999592665647534432e+03,1.823040899390134371e+02
3.000849302708970299e+03,1.849695011331999979e+02
3.002105939770406167e+03,1.836299494404947268e+02
3.003362576831842489e+03,1.852314216754602398e+02
3.004619213893277902e+03,1.864303962545941147e+02
3.005875850954714224e+03,1.859169204422989026e+02
3.007132488016150091e+03,1.863504050572884410e+02
3.008389125077585959e+03,1.843949971224299134e+02
3.009645762139021826e+03,1.875641442540371031e+02
3.010902399200457694e+03,1.846964393693396005e+02
3.012159036261893561e+03,1.823600611271866399e+02
3.013415673323329429e+03,1.791867333539545086e+02
3.014672310384765296e+03,1.774452287218537663e+02
3.015928947446201164e+03,1.740198397575068725e+02
3.017185584507637486e+03,1.744237457218922316e+02
3.018442221569072899e+03,1.721674883846780517e+02
3.019698858630509221e+03,1.692809797202021116e+02
3.020955495691945089e+03,1.658313703133589740e+02
3.022212132753380956e+03,1.655802738434598211e+02
3.023468769814816824e+03,1.668794931272547046e+02
3.024725406876253146e+03,1.638957351767772082e+02
3.025982043937688559e+03,1.645873748627143982e+02
3.027238680999124881e+03,1.622010020056273447e+02
3.028495318060560294e+03,1.629128473204326610e+02
3.029751955121996616e+03,1.643917206019750665e+02
3.031008592183432484e+03,1.644542680581891716e+02
3.032265229244868351e+03,1.657060793042121816e+02
3.033521866306304219e+03,1.668904812064249654e+02
3.034778503367740086e+03,1.679036564904351962e+02
3.036035140429175954e+03,1.721945842451473823e+02
3.037291777490611821e+03,1.718698292317127425e+02
3.038548414552048143e+03,1.740615618130285327e+02
3.039805051613483556e+03,1.756466698139878417e+02
3.041061688674919878e+03,1.765180172871936577e+02
3.042318325736355291e+03,1.788914460487492022e+02
3.043574962797791613e+03,1.787254391813011694e+02
3.044831599859227481e+03,1.790456687221234233e+02
3.046088236920663348e+03,1.797901863409543921e+02
3.047344873982099216e+03,1.793124434195895560e+02
3.048601511043535538e+03,1.779199195722709135e+02
3.049858148104970951e+03,1.785481202026507788e+02
3.051114785166407273e+03,1.751132299393223093e+02
3.052371422227843141e+03,1.727451371535106830e+02
3.053628059289279008e+03,1.695773091853308188e+02
3.054884696350714876e+03,1.680737518059144975e+02
3.056141333412150743e+03,1.655577461567661430e+02
3.057397970473586611e+03,1.637827460084909319e+02
3.058654607535022478e+03,1.618297707891906896e+02
3.059911244596458346e+03,1.578003885406540121e+02
3.061167881657894213e+03,1.571534510867763004e+02
3.062424518719330536e+03,1.545283084457890652e+02
3.063681155780765948e+03,1.551565173579673171e+02
3.064937792842202271e+03,1.523929198464715000e+02
3.066194429903638138e+03,1.526474924265109223e+02
3.067451066965074006e+03,1.511015984358214723e+02
3.068707704026509873e+03,1.532149011572357153e+02
3.069964341087946195e+03,1.537195879122590725e+02
3.071220978149381608e+03,1.543203615234287156e+02
3.072477615210817930e+03,1.562937902498482856e+02
3.073734252272253343e+03,1.591033785148758568e+02
3.074990889333689665e+03,1.612327931736261348e+02
3.076247526395125533e+03,1.623050999006867130e+02
3.077504163456561400e+03,1.661235335960239468e+02
3.078760800517997268e+03,1.687124636342181816e+02
3.080017437579433135e+03,1.708279467022397569e+02
3.081274074640869003e+03,1.711158409474716677e+02
3.082530711702304870e+03,1.752014663541713730e+02
3.083787348763741193e+03,1.769036885904771452e+02
3.085043985825176605e+03,1.791502515841028753e+02
3.086300622886612928e+03,1.817395500508390285e+02
3.087557259948048340e+03,1.792690456508745172e+02
3.088813897009484663e+03,1.816576160174758456e+02
3.090070534070920530e+03,1.826537373370850048e+02
3.091327171132356398e+03,1.820601080056075887e+02
3.092583808193792265e+03,1.808871250982549839e+02
3.093840445255228587e+03,1.813583609325991404e+02
3.095097082316664000e+03,1.810384239187680180e+02
3.096353719378100323e+03,1.773788886209266877e+02
3.097610356439536190e+03,1.772504397950001476e+02
3.098866993500972058e+03,1.755616755830288866e+02
3.100123630562407925e+03,1.727249430667762624e+02
3.101380267623843793e+03,1.687636406575821582e+02
3.102636904685279660e+03,1.673606655581397433e+02
3.103893541746715528e+03,1.642190478683562276e+02
3.105150178808151395e+03,1.643595520798896530e+02
3.106406815869587263e+03,1.618012623022832770e+02
3.107663452931023585e+03,1.607412231204327497e+02
3.108920089992458998e+03,1.613077715234462914e+02
3.110176727053895320e+03,1.600723922697787884e+02
3.111433364115331187e+03,1.585970632461198591e+02
3.112690001176767055e+03,1.607557840711555741e+02
3.113946638238202922e+03,1.610996937769414501e+02
3.115203275299638790e+03,1.586822436300193147e+02
3.116459912361074657e+03,1.619100366972119787e+02
3.117716549422510980e+03,1.632877880622483531e+02
3.118973186483946392e+03,1.660701787763505308e+02
3.120229823545382715e+03,1.680903778541039060e+02
3.121486460606818582e+03,1.708100201599434627e+02
3.122743097668254450e+03,1.718468688843499592e+02
3.123999734729690317e+03,1.717733412830347106e+02
3.125256371791126185e+03,1.741932767434884113e+02
3.126513008852562052e+03,1.781353117173838712e+02
3.127769645913997920e+03,1.779091517885793792e+02
3.129026282975433787e+03,1.801534407276765535e+02
3.130282920036869655e+03,1.814624424385684165e+02
3.131539557098305977e+03,1.834544860097386447e+02
3.132796194159741390e+03,1.829852735577827616e+02
3.134052831221177712e+03,1.816559358841436449e+02
3.135309468282613580e+03,1.816798662014059857e+02
3.136566105344049447e+03,1.825356394464715777e+02
3.137822742405485315e+03,1.804204772881263352e+02
3.139079379466921637e+03,1.807309743782094529e+02
3.140336016528357050e+03,1.787939021068278862e+02
3.141592653589793372e+03,4.388437853505920416e-01
3.142849290651228785e+03,0.000000000000000000e+00
3.144105927712665107e+03,0.000000000000000000e+00
3.145362564774100974e+03,0.000000000000000000e+00
3.146619201835536842e+03,0.000000000000000000e+00
3.147875838896972709e+03,0.000000000000000000e+00
3.149132475958408577e+03,0.000000000000000000e+00
3.150389113019844444e+03,0.000000000000000000e+00
3.151645750081280312e+03,0.000000000000000000e+00
3.152902387142716634e+03,0.000000000000000000e+00
3.154159024204152047e+03,0.000000000000000000e+00
3.155415661265588369e+03,0.000000000000000000e+00
3.156672298327023782e+03,0.000000000000000000e+00
3.157928935388460104e+03,0.000000000000000000e+00
3.159185572449895972e+03,0.000000000000000000e+00
3.160442209511331839e+03,0.000000000000000000e+00
3.161698846572767707e+03,0.000000000000000000e+00
3.162955483634204029e+03,0.000000000000000000e+00
3.164212120695639442e+03,0.000000000000000000e+00
3.165468757757075764e+03,0.000000000000000000e+00
3.166725394818511631e+03,0.000000000000000000e+00
3.167982031879947499e+03,0.000000000000000000e+00
3.169238668941383366e+03,0.000000000000000000e+00
3.170495306002819234e+03,0.000000000000000000e+00
3.171751943064255101e+03,0.000000000000000000e+00
3.173008580125690969e+03,0.000000000000000000e+00
3.174265217187126837e+03,0.000000000000000000e+00
3.175521854248562704e+03,0.000000000000000000e+00
3.176778491309999026e+03,0.000000000000000000e+00
3.178035128371434439e+03,0.000000000000000000e+00
3.179291765432870761e+03,0.000000000000000000e+00
3.180548402494306629e+03,0.000000000000000000e+00
3.181805039555742496e+03,0.000000000000000000e+00
3.183061676617178364e+03,0.000000000000000000e+00
3.184318313678614231e+03,0.000000000000000000e+00
3.185574950740050099e+03,0.000000000000000000e+00
3.186831587801486421e+03,0.000000000000000000e+00
3.188088224862921834e+03,0.000000000000000000e+00
3.189344861924358156e+03,0.000000000000000000e+00
3.190601498985794024e+03,0.000000000000000000e+00
3.191858136047229891e+03,0.000000000000000000e+00
3.193114773108665759e+03,0.000000000000000000e+00
3.194371410170101626e+03,0.000000000000000000e+00
3.195628047231537494e+03,0.000000000000000000e+00
3.196884684292973361e+03,0.000000000000000000e+00
3.198141321354409229e+03,0.000000000000000000e+00
3.199397958415845096e+03,0.000000000000000000e+00
3.200654595477281418e+03,0.000000000000000000e+00
3.201911232538716831e+03,0.000000000000000000e+00
3.203167869600153153e+03,0.000000000000000000e+00
3.204424506661589021e+03,0.000000000000000000e+00
3.205681143723024888e+03,0.000000000000000000e+00
3.206937780784460756e+03,0.000000000000000000e+00
3.208194417845897078e+03,0.000000000000000000e+00
3.209451054907332491e+03,0.000000000000000000e+00
3.210707691968768813e+03,0.000000000000000000e+00
3.211964329030204226e+03,0.000000000000000000e+00
3.213220966091640548e+03,0.000000000000000000e+00
3.214477603153076416e+03,0.000000000000000000e+00
3.215734240214512283e+03,0.000000000000000000e+00
3.216990877275948151e+03,0.000000000000000000e+00
3.218247514337384018e+03,0.000000000000000000e+00
3.219504151398819886e+03,0.000000000000000000e+00
3.220760788460255753e+03,0.000000000000000000e+00
3.222017425521692076e+03,0.000000000000000000e+00
3.223274062583127488e+03,0.000000000000000000e+00
3.224530699644563811e+03,0.000000000000000000e+00
3.225787336705999223e+03,0.000000000000000000e+00
3.227043973767435546e+03,0.000000000000000000e+00
3.228300610828871413e+03,0.000000000000000000e+00
3.229557247890307281e+03,0.000000000000000000e+00
3.230813884951743148e+03,0.000000000000000000e+00
3.232070522013179470e+03,0.000000000000000000e+00
3.233327159074614883e+03,0.000000000000000000e+00
3.234583796136051205e+03,0.000000000000000000e+00
3.235840433197487073e+03,0.000000000000000000e+00
3.237097070258922940e+03,0.000000000000000000e+00
3.238353707320358808e+03,0.000000000000000000e+00
3.239610344381794675e+03,0.000000000000000000e+00
3.240866981443230543e+03,0.000000000000000000e+00
3.242123618504666410e+03,0.000000000000000000e+00
3.243380255566102278e+03,0.000000000000000000e+00
3.244636892627538145e+03,0.000000000000000000e+00
3.245893529688974468e+03,0.000000000000000000e+00
3.247150166750409880e+03,0.000000000000000000e+00
3.248406803811846203e+03,0.000000000000000000e+00
3.249663440873282070e+03,0.000000000000000000e+00
3.250920077934717938e+03,0.000000000000000000e+00
3.252176714996153805e+03,0.000000000000000000e+00
3.253433352057589673e+03,0.000000000000000000e+00
3.254689989119025540e+03,0.000000000000000000e+00
3.255946626180461863e+03,0.000000000000000000e+00
3.257203263241897275e+03,0.000000000000000000e+00
3.258459900303333598e+03,0.000000000000000000e+00
3.259716537364769465e+03,0.000000000000000000e+00
3.260973174426205333e+03,0.000000000000000000e+00
3.262229811487641200e+03,0.000000000000000000e+00
3.263486448549077068e+03,0.000000000000000000e+00
3.264743085610512935e+03,0.000000000000000000e+00
3.265999722671948803e+03,0.000000000000000000e+00
3.267256359733384670e+03,0.000000000000000000e+00
3.268512996794820538e+03,0.000000000000000000e+00
3.269769633856256860e+03,0.000000000000000000e+00
3.271026270917692273e+03,0.000000000000000000e+00
3.272282907979128595e+03,0.000000000000000000e+00
3.273539545040564462e+03,0.000000000000000000e+00
3.274796182102000330e+03,0.000000000000000000e+00
3.276052819163436197e+03,0.000000000000000000e+00
3.277309456224872065e+03,0.000000000000000000e+00
3.278566093286307932e+03,0.000000000000000000e+00
3.279822730347744255e+03,0.000000000000000000e+00
3.281079367409180122e+03,0.000000000000000000e+00
3.282336004470615990e+03,0.000000000000000000e+00
3.283592641532051402e+03,0.000000000000000000e+00
3.284849278593487725e+03,0.000000000000000000e+00
3.286105915654923592e+03,0.000000000000000000e+00
3.287362552716359460e+03,0.000000000000000000e+00
3.288619189777795782e+03,0.000000000000000000e+00
3.289875826839231195e+03,0.000000000000000000e+00
3.291132463900667062e+03,0.000000000000000000e+00
3.292389100962102930e+03,0.000000000000000000e+00
3.293645738023539252e+03,0.000000000000000000e+00
3.294902375084975120e+03,0.000000000000000000e+00
3.296159012146411442e+03,0.000000000000000000e+00
3.297415649207846400e+03,0.000000000000000000e+00
3.298672286269282722e+03,0.000000000000000000e+00
3.299928923330718590e+03,0.000000000000000000e+00
3.301185560392154912e+03,0.000000000000000000e+00
3.302442197453590779e+03,0.000000000000000000e+00
3.303698834515026192e+03,0.000000000000000000e+00
3.304955471576462060e+03,0.000000000000000000e+00
3.306212108637898382e+03,0.000000000000000000e+00
3.307468745699334249e+03,0.000000000000000000e+00
3.308725382760770117e+03,0.000000000000000000e+00
3.309982019822206439e+03,0.000000000000000000e+00
3.311238656883641852e+03,0.000000000000000000e+00
3.312495293945077719e+03,0.000000000000000000e+00
3.313751931006513587e+03,0.000000000000000000e+00
3.315008568067949909e+03,0.000000000000000000e+00
3.316265205129385777e+03,0.000000000000000000e+00
3.317521842190821189e+03,0.000000000000000000e+00
3.318778479252257057e+03,0.000000000000000000e+00
3.320035116313693379e+03,0.000000000000000000e+00
3.321291753375129247e+03,0.000000000000000000e+00
3.322548390436565569e+03,0.000000000000000000e+00
3.323805027498001436e+03,0.000000000000000000e+00
3.325061664559436849e+03,0.000000000000000000e+00
3.326318301620872717e+03,0.000000000000000000e+00
3.327574938682309039e+03,0.000000000000000000e+00
3.328831575743744907e+03,0.000000000000000000e+00
3.330088212805180774e+03,0.000000000000000000e+00
3.331344849866616187e+03,0.000000000000000000e+00
3.332601486928052509e+03,0.000000000000000000e+00
3.333858123989488377e+03,0.000000000000000000e+00
3.335114761050924244e+03,0.000000000000000000e+00
3.336371398112360566e+03,0.000000000000000000e+00
3.337628035173796434e+03,0.000000000000000000e+00
3.338884672235231847e+03,0.000000000000000000e+00
3.340141309296667714e+03,0.000000000000000000e+00
3.341397946358104036e+03,0.000000000000000000e+00
3.342654583419539904e+03,0.000000000000000000e+00
3.343911220480976226e+03,0.000000000000000000e+00
3.345167857542411184e+03,0.000000000000000000e+00
3.346424494603847506e+03,0.000000000000000000e+00
3.347681131665283374e+03,0.000000000000000000e+00
3.348937768726719696e+03,0.000000000000000000e+00
3.350194405788155564e+03,0.000000000000000000e+00
3.351451042849591431e+03,0.000000000000000000e+00
3.352707679911026844e+03,0.000000000000000000e+00
3.353964316972463166e+03,0.000000000000000000e+00
3.355220954033899034e+03,0.000000000000000000e+00
3.356477591095334901e+03,0.000000000000000000e+00
3.357734228156771223e+03,0.000000000000000000e+00
3.358990865218206636e+03,0.000000000000000000e+00
3.360247502279642504e+03,0.000000000000000000e+00
3.361504139341078371e+03,0.000000000000000000e+00
3.362760776402514693e+03,0.000000000000000000e+00
3.364017413463950561e+03,0.000000000000000000e+00
3.365274050525386883e+03,0.000000000000000000e+00
3.366530687586821841e+03,0.000000000000000000e+00
3.367787324648258164e+03,0.000000000000000000e+00
3.369043961709694031e+03,0.000000000000000000e+00
3.370300598771130353e+03,0.000000000000000000e+00
3.371557235832566221e+03,0.000000000000000000e+00
3.372813872894001634e+03,0.000000000000000000e+00
3.374070509955437501e+03,0.000000000000000000e+00
3.375327147016873823e+03,0.000000000000000000e+00
3.376583784078309691e+03,0.000000000000000000e+00
3.377840421139745558e+03,0.000000000000000000e+00
3.379097058201181881e+03,0.000000000000000000e+00
3.380353695262617293e+03,0.000000000000000000e+00
3.381610332324053161e+03,0.000000000000000000e+00
3.382866969385489028e+03,0.000000000000000000e+00
3.384123606446925351e+03,0.000000000000000000e+00
3.385380243508361218e+03,0.000000000000000000e+00
3.386636880569796631e+03,0.000000000000000000e+00
3.387893517631232498e+03,0.000000000000000000e+00
3.389150154692668821e+03,0.000000000000000000e+00
3.390406791754104688e+03,0.000000000000000000e+00
3.391663428815541010e+03,0.000000000000000000e+00
3.392920065876976878e+03,0.000000000000000000e+00
3.394176702938412291e+03,0.000000000000000000e+00
3.395433339999848158e+03,0.000000000000000000e+00
3.396689977061284480e+03,0.000000000000000000e+00
3.397946614122720348e+03,0.000000000000000000e+00
3.399203251184156215e+03,0.000000000000000000e+00
3.400459888245591628e+03,0.000000000000000000e+00
3.401716525307027950e+03,0.000000000000000000e+00
3.402973162368463818e+03,0.000000000000000000e+00
3.404229799429899685e+03,0.000000000000000000e+00
3.405486436491336008e+03,0.000000000000000000e+00
3.406743073552771875e+03,0.000000000000000000e+00
3.407999710614207288e+03,0.000000000000000000e+00
3.409256347675643156e+03,0.000000000000000000e+00
3.410512984737079478e+03,0.000000000000000000e+00
3.411769621798515345e+03,0.000000000000000000e+00
3.413026258859951668e+03,0.000000000000000000e+00
3.414282895921386626e+03,0.000000000000000000e+00
3.415539532982822948e+03,0.000000000000000000e+00
3.416796170044258815e+03,0.000000000000000000e+00
3.418052807105695138e+03,0.000000000000000000e+00
3.419309444167131005e+03,0.000000000000000000e+00
3.420566081228566873e+03,0.000000000000000000e+00
3.421822718290002285e+03,0.000000000000000000e+00
3.423079355351438608e+03,0.000000000000000000e+00
3.424335992412874475e+03,0.000000000000000000e+00
3.425592629474310343e+03,0.000000000000000000e+00
3.426849266535746665e+03,0.000000000000000000e+00
3.428105903597182078e+03,0.000000000000000000e+00
3.429362540658617945e+03,0.000000000000000000e+00
3.430619177720053813e+03,0.000000000000000000e+00
3.431875814781490135e+03,0.000000000000000000e+00
3.433132451842926002e+03,0.000000000000000000e+00
3.434389088904362325e+03,0.000000000000000000e+00
3.435645725965797283e+03,0.000000000000000000e+00
3.436902363027233605e+03,0.000000000000000000e+00
3.438159000088669472e+03,0.000000000000000000e+00
3.439415637150105795e+03,0.000000000000000000e+00
3.440672274211541662e+03,0.000000000000000000e+00
3.441928911272977075e+03,0.000000000000000000e+00
3.443185548334412942e+03,0.000000000000000000e+00
3.444442185395849265e+03,0.000000000000000000e+00
3.445698822457285132e+03,0.000000000000000000e+00
3.446955459518721000e+03,0.000000000000000000e+00
3.448212096580157322e+03,0.000000000000000000e+00
3.449468733641592735e+03,0.000000000000000000e+00
3.450725370703028602e+03,0.000000000000000000e+00
3.451982007764464470e+03,0.000000000000000000e+00
3.453238644825900792e+03,0.000000000000000000e+00
3.454495281887336660e+03,0.000000000000000000e+00
3.455751918948772072e+03,0.000000000000000000e+00
3.457008556010207940e+03,0.000000000000000000e+00
3.458265193071644262e+03,0.000000000000000000e+00
3.459521830133080130e+03,0.000000000000000000e+00
3.460778467194516452e+03,0.000000000000000000e+00
3.462035104255952319e+03,0.000000000000000000e+00
3.463291741317387732e+03,0.000000000000000000e+00
3.464548378378823600e+03,0.000000000000000000e+00
3.465805015440259922e+03,0.000000000000000000e+00
3.467061652501695789e+03,0.000000000000000000e+00
3.468318289563131657e+03,0.000000000000000000e+00
3.469574926624567070e+03,0.000000000000000000e+00
3.470831563686003392e+03,0.000000000000000000e+00
3.472088200747439259e+03,0.000000000000000000e+00
3.473344837808875127e+03,0.000000000000000000e+00
3.474601474870311449e+03,0.000000000000000000e+00
3.475858111931747317e+03,0.000000000000000000e+00
3.477114748993182729e+03,0.000000000000000000e+00
3.478371386054618597e+03,0.000000000000000000e+00
3.479628023116054919e+03,0.000000000000000000e+00
3.480884660177490787e+03,0.000000000000000000e+00
3.482141297238927109e+03,0.000000000000000000e+00
3.483397934300362067e+03,0.000000000000000000e+00
3.484654571361798389e+03,0.000000000000000000e+00
3.485911208423234257e+03,0.000000000000000000e+00
3.487167845484670579e+03,0.000000000000000000e+00
3.488424482546106447e+03,0.000000000000000000e+00
3.489681119607542314e+03,0.000000000000000000e+00
3.490937756668977727e+03,0.000000000000000000e+00
3.492194393730414049e+03,0.000000000000000000e+00
3.493451030791849917e+03,0.000000000000000000e+00
3.494707667853285784e+03,0.000000000000000000e+00
3.495964304914722106e+03,0.000000000000000000e+00
3.497220941976157519e+03,0.000000000000000000e+00
3.498477579037593387e+03,0.000000000000000000e+00
3.499734216099029254e+03,0.000000000000000000e+00
3.500990853160465576e+03,0.000000000000000000e+00
3.502247490221901444e+03,0.000000000000000000e+00
3.503504127283337766e+03,0.000000000000000000e+00
3.504760764344772724e+03,0.000000000000000000e+00
3.506017401406209046e+03,0.000000000000000000e+00
3.507274038467644914e+03,0.000000000000000000e+00
3.508530675529081236e+03,0.000000000000000000e+00
3.509787312590517104e+03,0.000000000000000000e+00
3.511043949651952516e+03,0.000000000000000000e+00
3.512300586713388384e+03,0.000000000000000000e+00
3.513557223774824706e+03,0.000000000000000000e+00
3.514813860836260574e+03,0.000000000000000000e+00
3.516070497897696441e+03,0.000000000000000000e+00
3.517327134959132763e+03,0.000000000000000000e+00
3.518583772020568176e+03,0.000000000000000000e+00
3.519840409082004044e+03,0.000000000000000000e+00
3.521097046143439911e+03,0.000000000000000000e+00
3.522353683204876234e+03,0.000000000000000000e+00
3.523610320266312101e+03,0.000000000000000000e+00
3.524866957327747514e+03,0.000000000000000000e+00
3.526123594389183381e+03,0.000000000000000000e+00
3.527380231450619704e+03,0.000000000000000000e+00
3.528636868512055571e+03,0.000000000000000000e+00
3.529893505573491893e+03,0.000000000000000000e+00
3.531150142634927761e+03,0.000000000000000000e+00
3.532406779696363174e+03,0.000000000000000000e+00
3.533663416757799041e+03,0.000000000000000000e+00
3.534920053819235363e+03,0.000000000000000000e+00
3.536176690880671231e+03,0.000000000000000000e+00
3.537433327942107098e+03,0.000000000000000000e+00
3.538689965003542511e+03,0.000000000000000000e+00
3.539946602064978833e+03,0.000000000000000000e+00
3.541203239126414701e+03,0.000000000000000000e+00
3.542459876187850568e+03,0.000000000000000000e+00
3.543716513249286891e+03,0.000000000000000000e+00
3.544973150310722758e+03,0.000000000000000000e+00
3.546229787372158171e+03,0.000000000000000000e+00
3.547486424433594038e+03,0.000000000000000000e+00
3.548743061495030361e+03,0.000000000000000000e+00
3.549999698556466228e+03,0.000000000000000000e+00
3.551256335617902550e+03,0.000000000000000000e+00
3.552512972679338418e+03,0.000000000000000000e+00
3.553769609740773831e+03,0.000000000000000000e+00
3.555026246802209698e+03,0.000000000000000000e+00
3.556282883863646020e+03,0.000000000000000000e+00
3.557539520925081888e+03,0.000000000000000000e+00
3.558796157986517755e+03,0.000000000000000000e+00
3.560052795047953168e+03,0.000000000000000000e+00
3.561309432109389491e+03,0.000000000000000000e+00
3.562566069170825358e+03,0.000000000000000000e+00
3.563822706232261226e+03,0.000000000000000000e+00
3.565079343293697548e+03,0.000000000000000000e+00
3.566335980355133415e+03,0.000000000000000000e+00
3.567592617416568828e+03,0.000000000000000000e+00
3.568849254478004696e+03,0.000000000000000000e+00
3.570105891539441018e+03,0.000000000000000000e+00
3.571362528600876885e+03,0.000000000000000000e+00
3.572619165662313208e+03,0.000000000000000000e+00
3.573875802723748166e+03,0.000000000000000000e+00
3.575132439785184488e+03,0.000000000000000000e+00
3.576389076846620355e+03,0.000000000000000000e+00
3.577645713908056678e+03,0.000000000000000000e+00
3.578902350969492545e+03,0.000000000000000000e+00
3.580158988030928413e+03,0.000000000000000000e+00
3.581415625092363825e+03,0.000000000000000000e+00
3.582672262153800148e+03,0.000000000000000000e+00
3.583928899215236015e+03,0.000000000000000000e+00
3.585185536276671883e+03,0.000000000000000000e+00
3.586442173338108205e+03,0.000000000000000000e+00
3.587698810399543618e+03,0.000000000000000000e+00
3.588955447460979485e+03,0.000000000000000000e+00
3.590212084522415353e+03,0.000000000000000000e+00
3.591468721583851675e+03,0.000000000000000000e+00
3.592725358645287542e+03,0.000000000000000000e+00
3.593981995706723865e+03,0.000000000000000000e+00
3.595238632768158823e+03,0.000000000000000000e+00
3.596495269829595145e+03,0.000000000000000000e+00
3.597751906891031012e+03,0.000000000000000000e+00
3.599008543952467335e+03,0.000000000000000000e+00
3.600265181013903202e+03,0.000000000000000000e+00
3.601521818075338615e+03,0.000000000000000000e+00
3.602778455136774483e+03,0.000000000000000000e+00
3.604035092198210805e+03,0.000000000000000000e+00
3.605291729259646672e+03,0.000000000000000000e+00
3.606548366321082540e+03,0.000000000000000000e+00
3.607805003382518862e+03,0.000000000000000000e+00
3.609061640443954275e+03,0.000000000000000000e+00
3.610318277505390142e+03,0.000000000000000000e+00
3.611574914566826010e+03,0.000000000000000000e+00
3.612831551628262332e+03,0.000000000000000000e+00
3.614088188689698200e+03,0.000000000000000000e+00
3.615344825751133612e+03,0.000000000000000000e+00
3.616601462812569480e+03,0.000000000000000000e+00
3.617858099874005802e+03,0.000000000000000000e+00
3.619114736935441670e+03,0.000000000000000000e+00
3.620371373996877992e+03,0.000000000000000000e+00
3.621628011058313859e+03,0.000000000000000000e+00
3.622884648119749272e+03,0.000000000000000000e+00
3.624141285181185140e+03,0.000000000000000000e+00
3.625397922242621462e+03,0.000000000000000000e+00
3.626654559304057329e+03,0.000000000000000000e+00
3.627911196365493197e+03,0.000000000000000000e+00
3.629167833426928610e+03,0.000000000000000000e+00
3.630424470488364932e+03,0.000000000000000000e+00
3.631681107549800799e+03,0.000000000000000000e+00
3.632937744611236667e+03,0.000000000000000000e+00
3.634194381672672989e+03,0.000000000000000000e+00
3.635451018734108857e+03,0.000000000000000000e+00
3.636707655795544269e+03,0.000000000000000000e+00
3.637964292856980137e+03,0.000000000000000000e+00
3.639220929918416459e+03,0.000000000000000000e+00
3.640477566979852327e+03,0.000000000000000000e+00
3.641734204041288649e+03,0.000000000000000000e+00
3.642990841102723607e+03,0.000000000000000000e+00
3.644247478164159929e+03,0.000000000000000000e+00
3.645504115225595797e+03,0.000000000000000000e+00
3.646760752287032119e+03,0.000000000000000000e+00
3.648017389348467987e+03,0.000000000000000000e+00
3.649274026409903854e+03,0.000000000000000000e+00
3.650530663471339267e+03,0.000000000000000000e+00
3.651787300532775589e+03,0.000000000000000000e+00
3.653043937594211457e+03,0.000000000000000000e+00
3.654300574655647324e+03,0.000000000000000000e+00
3.655557211717083646e+03,0.000000000000000000e+00
3.656813848778519059e+03,0.000000000000000000e+00
3.658070485839954927e+03,0.000000000000000000e+00
3.659327122901390794e+03,0.000000000000000000e+00
3.660583759962827116e+03,0.000000000000000000e+00
3.661840397024262984e+03,0.000000000000000000e+00
3.663097034085699306e+03,0.000000000000000000e+00
3.664353671147134264e+03,0.000000000000000000e+00
3.665610308208570586e+03,0.000000000000000000e+00
3.666866945270006454e+03,0.000000000000000000e+00
3.668123582331442776e+03,0.000000000000000000e+00
3.669380219392878644e+03,0.000000000000000000e+00
3.670636856454314056e+03,0.000000000000000000e+00
3.671893493515749924e+03,0.000000000000000000e+00
3.673150130577186246e+03,0.000000000000000000e+00
3.674406767638622114e+03,0.000000000000000000e+00
3.675663404700057981e+03,0.000000000000000000e+00
3.676920041761494304e+03,0.000000000000000000e+00
3.678176678822929716e+03,0.000000000000000000e+00
3.679433315884365584e+03,0.000000000000000000e+00
3.680689952945801451e+03,0.000000000000000000e+00
3.681946590007237774e+03,0.000000000000000000e+00
3.683203227068673641e+03,0.000000000000000000e+00
3.684459864130109054e+03,0.000000000000000000e+00
3.685716501191544921e+03,0.000000000000000000e+00
3.686973138252981244e+03,0.000000000000000000e+00
3.688229775314417111e+03,0.000000000000000000e+00
3.689486412375853433e+03,0.000000000000000000e+00
3.690743049437289301e+03,0.000000000000000000e+00
3.691999686498724714e+03,0.000000000000000000e+00
3.693256323560160581e+03,0.000000000000000000e+00
3.694512960621596903e+03,0.000000000000000000e+00
3.695769597683032771e+03,0.000000000000000000e+00
3.697026234744468638e+03,0.000000000000000000e+00
3.698282871805904051e+03,0.000000000000000000e+00
3.699539508867340373e+03,0.000000000000000000e+00
3.700796145928776241e+03,0.000000000000000000e+00
3.702052782990212108e+03,0.000000000000000000e+00
3.703309420051648431e+03,0.000000000000000000e+00
3.704566057113084298e+03,0.000000000000000000e+00
3.705822694174519711e+03,0.000000000000000000e+00
3.707079331235955578e+03,0.000000000000000000e+00
3.708335968297391901e+03,0.000000000000000000e+00
3.709592605358827768e+03,0.000000000000000000e+00
3.710849242420264090e+03,0.000000000000000000e+00
3.712105879481699048e+03,0.000000000000000000e+00
3.713362516543135371e+03,0.000000000000000000e+00
3.714619153604571238e+03,0.000000000000000000e+00
3.715875790666007561e+03,0.000000000000000000e+00
3.717132427727443428e+03,0.000000000000000000e+00
3.718389064788879296e+03,0.000000000000000000e+00
3.719645701850314708e+03,0.000000000000000000e+00
3.720902338911751031e+03,0.000000000000000000e+00
3.722158975973186898e+03,0.000000000000000000e+00
3.723415613034622766e+03,0.000000000000000000e+00
3.724672250096059088e+03,0.000000000000000000e+00
3.725928887157494501e+03,0.000000000000000000e+00
3.727185524218930368e+03,0.000000000000000000e+00
3.728442161280366236e+03,0.000000000000000000e+00
3.729698798341802558e+03,0.000000000000000000e+00
3.730955435403238425e+03,0.000000000000000000e+00
3.732212072464674748e+03,0.000000000000000000e+00
3.733468709526109706e+03,0.000000000000000000e+00
3.734725346587546028e+03,0.000000000000000000e+00
3.735981983648981895e+03,0.000000000000000000e+00
3.737238620710418218e+03,0.000000000000000000e+00
3.738495257771854085e+03,0.000000000000000000e+00
3.739751894833289498e+03,0.000000000000000000e+00
3.741008531894725365e+03,0.000000000000000000e+00
3.742265168956161688e+03,0.000000000000000000e+00
3.743521806017597555e+03,0.000000000000000000e+00
3.744778443079033423e+03,0.000000000000000000e+00
3.746035080140469745e+03,0.000000000000000000e+00
3.747291717201905158e+03,0.000000000000000000e+00
3.748548354263341025e+03,0.000000000000000000e+00
3.749804991324776893e+03,0.000000000000000000e+00
3.751061628386213215e+03,0.000000000000000000e+00
3.752318265447649082e+03,0.000000000000000000e+00
3.753574902509084495e+03,0.000000000000000000e+00
3.754831539570520363e+03,0.000000000000000000e+00
3.756088176631956685e+03,0.000000000000000000e+00
3.757344813693392553e+03,0.000000000000000000e+00
3.758601450754828875e+03,0.000000000000000000e+00
3.759858087816264742e+03,0.000000000000000000e+00
3.761114724877700155e+03,0.000000000000000000e+00
3.762371361939136023e+03,0.000000000000000000e+00
3.763627999000572345e+03,0.000000000000000000e+00
3.764884636062008212e+03,0.000000000000000000e+00
3.766141273123444080e+03,0.000000000000000000e+00
3.767397910184879493e+03,0.000000000000000000e+00
3.768654547246315815e+03,0.000000000000000000e+00
3.769911184307751682e+03,0.000000000000000000e+00
3.771167821369187550e+03,0.000000000000000000e+00
3.772424458430623872e+03,0.000000000000000000e+00
3.773681095492059740e+03,0.000000000000000000e+00
3.774937732553495152e+03,0.000000000000000000e+00
3.776194369614931020e+03,0.000000000000000000e+00
3.777451006676367342e+03,0.000000000000000000e+00
3.778707643737803210e+03,0.000000000000000000e+00
3.779964280799239532e+03,0.000000000000000000e+00
3.781220917860674490e+03,0.000000000000000000e+00
3.782477554922110812e+03,0.000000000000000000e+00
3.783734191983546680e+03,0.000000000000000000e+00
3.784990829044983002e+03,0.000000000000000000e+00
3.786247466106418869e+03,0.000000000000000000e+00
3.787504103167854737e+03,0.000000000000000000e+00
3.788760740229290150e+03,0.000000000000000000e+00
3.790017377290726472e+03,0.000000000000000000e+00
3.791274014352162339e+03,0.000000000000000000e+00
3.792530651413598207e+03,0.000000000000000000e+00
3.793787288475034529e+03,0.000000000000000000e+00
3.795043925536469942e+03,0.000000000000000000e+00
3.796300562597905810e+03,0.000000000000000000e+00
3.797557199659341677e+03,0.000000000000000000e+00
3.798813836720777999e+03,0.000000000000000000e+00
3.800070473782213867e+03,0.000000000000000000e+00
3.801327110843650189e+03,0.000000000000000000e+00
3.802583747905085147e+03,0.000000000000000000e+00
3.803840384966521469e+03,0.000000000000000000e+00
3.805097022027957337e+03,0.000000000000000000e+00
3.806353659089393659e+03,0.000000000000000000e+00
3.807610296150829527e+03,0.000000000000000000e+00
3.808866933212264939e+03,0.000000000000000000e+00
3.810123570273700807e+03,0.000000000000000000e+00
3.811380207335137129e+03,0.000000000000000000e+00
3.812636844396572997e+03,0.000000000000000000e+00
3.813893481458008864e+03,0.000000000000000000e+00
3.815150118519445186e+03,0.000000000000000000e+00
3.816406755580880599e+03,0.000000000000000000e+00
3.817663392642316467e+03,0.000000000000000000e+00
3.818920029703752334e+03,0.000000000000000000e+00
3.820176666765188656e+03,0.000000000000000000e+00
3.821433303826624524e+03,0.000000000000000000e+00
3.822689940888059937e+03,0.000000000000000000e+00
3.823946577949495804e+03,0.000000000000000000e+00
3.825203215010932126e+03,0.000000000000000000e+00
3.826459852072367994e+03,0.000000000000000000e+00
3.827716489133804316e+03,0.000000000000000000e+00
3.828973126195240184e+03,0.000000000000000000e+00
3.830229763256675596e+03,0.000000000000000000e+00
3.831486400318111464e+03,0.000000000000000000e+00
3.832743037379547786e+03,0.000000000000000000e+00
3.833999674440983654e+03,0.000000000000000000e+00
3.835256311502419521e+03,0.000000000000000000e+00
3.836512948563854934e+03,0.000000000000000000e+00
3.837769585625291256e+03,0.000000000000000000e+00
3.839026222686727124e+03,0.000000000000000000e+00
3.840282859748162991e+03,0.000000000000000000e+00
3.841539496809599314e+03,0.000000000000000000e+00
3.842796133871035181e+03,0.000000000000000000e+00
3.844052770932470594e+03,0.000000000000000000e+00
3.845309407993906461e+03,0.000000000000000000e+00
3.846566045055342784e+03,0.000000000000000000e+00
3.847822682116778651e+03,0.000000000000000000e+00
3.849079319178214973e+03,0.000000000000000000e+00
3.850335956239649931e+03,0.000000000000000000e+00
3.851592593301086254e+03,0.000000000000000000e+00
3.852849230362522121e+03,0.000000000000000000e+00
3.854105867423958443e+03,0.000000000000000000e+00
3.855362504485394311e+03,0.000000000000000000e+00
3.856619141546830178e+03,0.000000000000000000e+00
3.857875778608265591e+03,0.000000000000000000e+00
3.859132415669701913e+03,0.000000000000000000e+00
3.860389052731137781e+03,0.000000000000000000e+00
3.861645689792573648e+03,0.000000000000000000e+00
3.862902326854009971e+03,0.000000000000000000e+00
3.864158963915445383e+03,0.000000000000000000e+00
3.865415600976881251e+03,0.000000000000000000e+00
3.866672238038317118e+03,0.000000000000000000e+00
3.867928875099753441e+03,0.000000000000000000e+00
3.869185512161189308e+03,0.000000000000000000e+00
3.870442149222625631e+03,0.000000000000000000e+00
3.871698786284060589e+03,0.000000000000000000e+00
3.872955423345496911e+03,0.000000000000000000e+00
3.874212060406932778e+03,0.000000000000000000e+00
3.875468697468369101e+03,0.000000000000000000e+00
3.876725334529804968e+03,0.000000000000000000e+00
3.877981971591240381e+03,0.000000000000000000e+00
3.879238608652676248e+03,0.000000000000000000e+00
3.880495245714112571e+03,0.000000000000000000e+00
3.881751882775548438e+03,0.000000000000000000e+00
3.883008519836984306e+03,0.000000000000000000e+00
3.884265156898420628e+03,0.000000000000000000e+00
3.885521793959856041e+03,0.000000000000000000e+00
3.886778431021291908e+03,0.000000000000000000e+00
3.888035068082727776e+03,0.000000000000000000e+00
3.889291705144164098e+03,0.000000000000000000e+00
3.890548342205599965e+03,0.000000000000000000e+00
3.891804979267035378e+03,0.000000000000000000e+00
3.893061616328471246e+03,0.000000000000000000e+00
3.894318253389907568e+03,0.000000000000000000e+00
3.895574890451343435e+03,0.000000000000000000e+00
3.896831527512779758e+03,0.000000000000000000e+00
3.898088164574215625e+03,0.000000000000000000e+00
3.899344801635651038e+03,0.000000000000000000e+00
3.900601438697086905e+03,0.000000000000000000e+00
3.901858075758523228e+03,0.000000000000000000e+00
3.903114712819959095e+03,0.000000000000000000e+00
3.904371349881394963e+03,0.000000000000000000e+00
3.905627986942830375e+03,0.000000000000000000e+00
3.906884624004266698e+03,0.000000000000000000e+00
3.908141261065702565e+03,0.000000000000000000e+00
3.909397898127138433e+03,0.000000000000000000e+00
3.910654535188574755e+03,0.000000000000000000e+00
3.911911172250010623e+03,0.000000000000000000e+00
3.913167809311446035e+03,0.000000000000000000e+00
3.914424446372881903e+03,0.000000000000000000e+00
3.915681083434318225e+03,0.000000000000000000e+00
3.916937720495754093e+03,0.000000000000000000e+00
3.918194357557190415e+03,0.000000000000000000e+00
3.919450994618625373e+03,0.000000000000000000e+00
3.920707631680061695e+03,0.000000000000000000e+00
3.921964268741497563e+03,0.000000000000000000e+00
3.923220905802933885e+03,0.000000000000000000e+00
3.924477542864369752e+03,0.000000000000000000e+00
3.925734179925805620e+03,0.000000000000000000e+00
3.926990816987241033e+03,0.000000000000000000e+00
3.928247454048677355e+03,0.000000000000000000e+00
3.929504091110113222e+03,0.000000000000000000e+00
3.930760728171549090e+03,0.000000000000000000e+00
3.932017365232985412e+03,0.000000000000000000e+00
3.933274002294420825e+03,0.000000000000000000e+00
3.934530639355856692e+03,0.000000000000000000e+00
3.935787276417292560e+03,0.000000000000000000e+00
3.937043913478728882e+03,0.000000000000000000e+00
3.938300550540164750e+03,0.000000000000000000e+00
3.939557187601601072e+03,0.000000000000000000e+00
3.940813824663036030e+03,0.000000000000000000e+00
3.942070461724472352e+03,0.000000000000000000e+00
3.943327098785908220e+03,0.000000000000000000e+00
3.944583735847344542e+03,0.000000000000000000e+00
3.945840372908780409e+03,0.000000000000000000e+00
3.947097009970215822e+03,0.000000000000000000e+00
3.948353647031651690e+03,0.000000000000000000e+00
3.949610284093088012e+03,0.000000000000000000e+00
3.950866921154523880e+03,0.000000000000000000e+00
3.952123558215959747e+03,0.000000000000000000e+00
3.953380195277396069e+03,0.000000000000000000e+00
3.954636832338831482e+03,0.000000000000000000e+00
3.955893469400267350e+03,0.000000000000000000e+00
3.957150106461703217e+03,0.000000000000000000e+00
3.958406743523139539e+03,0.000000000000000000e+00
3.959663380584575407e+03,0.000000000000000000e+00
3.960920017646010820e+03,0.000000000000000000e+00
3.962176654707446687e+03,0.000000000000000000e+00
3.963433291768883009e+03,0.000000000000000000e+00
3.964689928830318877e+03,0.000000000000000000e+00
3.965946565891755199e+03,0.000000000000000000e+00
3.967203202953191067e+03,0.000000000000000000e+00
3.968459840014626479e+03,0.000000000000000000e+00
3.969716477076062347e+03,0.000000000000000000e+00
3.970973114137498669e+03,0.000000000000000000e+00
3.972229751198934537e+03,0.000000000000000000e+00
3.973486388260370404e+03,0.000000000000000000e+00
3.974743025321805817e+03,0.000000000000000000e+00
3.975999662383242139e+03,0.000000000000000000e+00
3.977256299444678007e+03,0.000000000000000000e+00
3.978512936506113874e+03,0.000000000000000000e+00
3.979769573567550196e+03,0.000000000000000000e+00
3.981026210628986064e+03,0.000000000000000000e+00
3.982282847690421477e+03,0.000000000000000000e+00
3.983539484751857344e+03,0.000000000000000000e+00
3.984796121813293666e+03,0.000000000000000000e+00
3.986052758874729534e+03,0.000000000000000000e+00
3.987309395936165856e+03,0.000000000000000000e+00
3.988566032997600814e+03,0.000000000000000000e+00
3.989822670059037137e+03,0.000000000000000000e+00
3.991079307120473004e+03,0.000000000000000000e+00
3.992335944181909326e+03,0.000000000000000000e+00
3.993592581243345194e+03,0.000000000000000000e+00
3.994849218304781061e+03,0.000000000000000000e+00
3.996105855366216474e+03,0.000000000000000000e+00
3.997362492427652796e+03,0.000000000000000000e+00
3.998619129489088664e+03,0.000000000000000000e+00
3.999875766550524531e+03,0.000000000000000000e+00
4.001132403611960854e+03,0.000000000000000000e+00
4.002389040673396266e+03,0.000000000000000000e+00
4.003645677734832134e+03,0.000000000000000000e+00
4.004902314796268001e+03,0.000000000000000000e+00
4.006158951857704324e+03,0.000000000000000000e+00
4.007415588919140191e+03,0.000000000000000000e+00
4.008672225980576513e+03,0.000000000000000000e+00
4.009928863042011471e+03,0.000000000000000000e+00
4.011185500103447794e+03,0.000000000000000000e+00
4.012442137164883661e+03,0.000000000000000000e+00
4.013698774226319983e+03,0.000000000000000000e+00
4.014955411287755851e+03,0.000000000000000000e+00
4.016212048349191264e+03,0.000000000000000000e+00
4.017468685410627131e+03,0.000000000000000000e+00
4.018725322472063453e+03,0.000000000000000000e+00
4.019981959533499321e+03,0.000000000000000000e+00
4.021238596594935188e+03,0.000000000000000000e+00
4.022495233656371511e+03,0.000000000000000000e+00
4.023751870717806923e+03,0.000000000000000000e+00
4.025008507779242791e+03,0.000000000000000000e+00
4.026265144840678659e+03,0.000000000000000000e+00
4.027521781902114981e+03,0.000000000000000000e+00
4.028778418963550848e+03,0.000000000000000000e+00
4.030035056024986261e+03,0.000000000000000000e+00
4.031291693086422129e+03,0.000000000000000000e+00
4.032548330147858451e+03,0.000000000000000000e+00
4.033804967209294318e+03,0.000000000000000000e+00
4.035061604270730641e+03,0.000000000000000000e+00
4.036318241332166508e+03,0.000000000000000000e+00
4.037574878393601921e+03,0.000000000000000000e+00
4.038831515455037788e+03,0.000000000000000000e+00
4.040088152516474111e+03,0.000000000000000000e+00
4.041344789577909978e+03,0.000000000000000000e+00
4.042601426639345846e+03,0.000000000000000000e+00
4.043858063700781258e+03,0.000000000000000000e+00
4.045114700762217581e+03,0.000000000000000000e+00
4.046371337823653448e+03,0.000000000000000000e+00
4.047627974885089316e+03,0.000000000000000000e+00
4.048884611946525638e+03,0.000000000000000000e+00
4.050141249007961505e+03,0.000000000000000000e+00
4.051397886069396918e+03,0.000000000000000000e+00
4.052654523130832786e+03,0.000000000000000000e+00
4.053911160192269108e+03,0.000000000000000000e+00
4.055167797253704975e+03,0.000000000000000000e+00
4.056424434315141298e+03,0.000000000000000000e+00
4.057681071376576256e+03,0.000000000000000000e+00
4.058937708438012578e+03,0.000000000000000000e+00
4.060194345499448445e+03,0.000000000000000000e+00
4.061450982560884768e+03,0.000000000000000000e+00
4.062707619622320635e+03,0.000000000000000000e+00
4.063964256683756503e+03,0.000000000000000000e+00
4.065220893745191916e+03,0.000000000000000000e+00
4.066477530806628238e+03,0.000000000000000000e+00
4.067734167868064105e+03,0.000000000000000000e+00
4.068990804929499973e+03,0.000000000000000000e+00
4.070247441990936295e+03,0.000000000000000000e+00
4.071504079052371708e+03,0.000000000000000000e+00
4.072760716113807575e+03,0.000000000000000000e+00
4.074017353175243443e+03,0.000000000000000000e+00
4.075273990236679765e+03,0.000000000000000000e+00
4.076530627298115633e+03,0.000000000000000000e+00
4.077787264359551955e+03,0.000000000000000000e+00
4.079043901420986913e+03,0.000000000000000000e+00
4.080300538482423235e+03,0.000000000000000000e+00
4.081557175543859103e+03,0.000000000000000000e+00
4.082813812605295425e+03,0.000000000000000000e+00
4.084070449666731292e+03,0.000000000000000000e+00
4.085327086728166705e+03,0.000000000000000000e+00
4.086583723789602573e+03,0.000000000000000000e+00
4.087840360851038895e+03,0.000000000000000000e+00
4.089096997912474762e+03,0.000000000000000000e+00
4.090353634973910630e+03,0.000000000000000000e+00
4.091610272035346952e+03,0.000000000000000000e+00
4.092866909096782365e+03,0.000000000000000000e+00
4.094123546158218232e+03,0.000000000000000000e+00
4.095380183219654100e+03,0.000000000000000000e+00
4.096636820281089967e+03,0.000000000000000000e+00
4.097893457342526744e+03,0.000000000000000000e+00
4.099150094403961702e+03,0.000000000000000000e+00
4.100406731465397570e+03,0.000000000000000000e+00
4.101663368526833437e+03,0.000000000000000000e+00
4.102920005588270215e+03,0.000000000000000000e+00
4.104176642649706082e+03,0.000000000000000000e+00
4.105433279711141950e+03,0.000000000000000000e+00
4.106689916772576908e+03,0.000000000000000000e+00
4.107946553834013685e+03,0.000000000000000000e+00
4.109203190895449552e+03,0.000000000000000000e+00
4.110459827956885420e+03,0.000000000000000000e+00
4.111716465018321287e+03,0.000000000000000000e+00
4.112973102079757155e+03,0.000000000000000000e+00
4.114229739141193022e+03,0.000000000000000000e+00
4.115486376202628890e+03,0.000000000000000000e+00
4.116743013264064757e+03,0.000000000000000000e+00
4.117999650325500625e+03,0.000000000000000000e+00
4.119256287386937402e+03,0.000000000000000000e+00
4.120512924448372360e+03,0.000000000000000000e+00
4.121769561509808227e+03,0.000000000000000000e+00
4.123026198571244095e+03,0.000000000000000000e+00
4.124282835632680872e+03,0.000000000000000000e+00
4.125539472694116739e+03,0.000000000000000000e+00
4.126796109755551697e+03,0.000000000000000000e+00
4.128052746816987565e+03,0.000000000000000000e+00
4.129309383878424342e+03,0.000000000000000000e+00
4.130566020939860209e+03,0.000000000000000000e+00
4.131822658001296077e+03,0.000000000000000000e+00
4.133079295062731944e+03,0.000000000000000000e+00
4.134335932124167812e+03,0.000000000000000000e+00
4.135592569185603679e+03,0.000000000000000000e+00
4.136849206247039547e+03,0.000000000000000000e+00
4.138105843308475414e+03,0.000000000000000000e+00
4.139362480369911282e+03,0.000000000000000000e+00
4.140619117431347149e+03,0.000000000000000000e+00
4.141875754492783017e+03,0.000000000000000000e+00
4.143132391554218884e+03,0.000000000000000000e+00
4.144389028615654752e+03,0.000000000000000000e+00
4.145645665677091529e+03,0.000000000000000000e+00
4.146902302738527396e+03,0.000000000000000000e+00
4.148158939799962354e+03,0.000000000000000000e+00
4.149415576861398222e+03,0.000000000000000000e+00
4.150672213922834999e+03,0.000000000000000000e+00
4.151928850984270866e+03,0.000000000000000000e+00
4.153185488045706734e+03,0.000000000000000000e+00
4.154442125107141692e+03,0.000000000000000000e+00
4.155698762168578469e+03,0.000000000000000000e+00
4.156955399230014336e+03,0.000000000000000000e+00
4.158212036291450204e+03,0.000000000000000000e+00
4.159468673352886071e+03,0.000000000000000000e+00
4.160725310414321939e+03,0.000000000000000000e+00
4.161981947475757806e+03,0.000000000000000000e+00
4.163238584537193674e+03,0.000000000000000000e+00
4.164495221598629541e+03,0.000000000000000000e+00
4.165751858660065409e+03,0.000000000000000000e+00
4.167008495721502186e+03,0.000000000000000000e+00
4.168265132782937144e+03,0.000000000000000000e+00
4.169521769844373011e+03,0.000000000000000000e+00
4.170778406905808879e+03,0.000000000000000000e+00
4.172035043967245656e+03,0.000000000000000000e+00
4.173291681028681523e+03,0.000000000000000000e+00
4.174548318090117391e+03,0.000000000000000000e+00
4.175804955151552349e+03,0.000000000000000000e+00
4.177061592212989126e+03,0.000000000000000000e+00
4.178318229274424993e+03,0.000000000000000000e+00
4.179574866335860861e+03,0.000000000000000000e+00
4.180831503397296729e+03,0.000000000000000000e+00
4.182088140458732596e+03,0.000000000000000000e+00
4.183344777520168464e+03,0.000000000000000000e+00
4.184601414581604331e+03,0.000000000000000000e+00
4.185858051643040199e+03,0.000000000000000000e+00
4.187114688704476066e+03,0.000000000000000000e+00
4.188371325765912843e+03,0.000000000000000000e+00
4.189627962827347801e+03,0.000000000000000000e+00
4.190884599888783669e+03,0.000000000000000000e+00
4.192141236950219536e+03,0.000000000000000000e+00
4.193397874011656313e+03,0.000000000000000000e+00
4.194654511073092181e+03,0.000000000000000000e+00
4.195911148134528048e+03,0.000000000000000000e+00
4.197167785195963006e+03,0.000000000000000000e+00
4.198424422257399783e+03,0.000000000000000000e+00
4.199681059318835651e+03,0.000000000000000000e+00
4.200937696380271518e+03,0.000000000000000000e+00
4.202194333441707386e+03,0.000000000000000000e+00
4.203450970503143253e+03,0.000000000000000000e+00
4.204707607564579121e+03,0.000000000000000000e+00
4.205964244626014988e+03,0.000000000000000000e+00
4.207220881687450856e+03,0.000000000000000000e+00
4.208477518748886723e+03,0.000000000000000000e+00
4.209734155810323500e+03,0.000000000000000000e+00
4.210990792871758458e+03,0.000000000000000000e+00
4.212247429933194326e+03,0.000000000000000000e+00
4.213504066994630193e+03,0.000000000000000000e+00
4.214760704056066970e+03,0.000000000000000000e+00
4.216017341117502838e+03,0.000000000000000000e+00
4.217273978178937796e+03,0.000000000000000000e+00
4.218530615240373663e+03,0.000000000000000000e+00
4.219787252301810440e+03,0.000000000000000000e+00
4.221043889363246308e+03,0.000000000000000000e+00
4.222300526424682175e+03,0.000000000000000000e+00
4.223557163486118043e+03,0.000000000000000000e+00
4.224813800547553910e+03,0.000000000000000000e+00
4.226070437608989778e+03,0.000000000000000000e+00
4.227327074670425645e+03,0.000000000000000000e+00
4.228583711731861513e+03,0.000000000000000000e+00
4.229840348793297380e+03,0.000000000000000000e+00
4.231096985854733248e+03,0.000000000000000000e+00
4.232353622916169115e+03,0.000000000000000000e+00
4.233610259977604983e+03,0.000000000000000000e+00
4.234866897039040850e+03,0.000000000000000000e+00
4.236123534100477627e+03,0.000000000000000000e+00
4.237380171161913495e+03,0.000000000000000000e+00
4.238636808223348453e+03,0.000000000000000000e+00
4.239893445284784320e+03,0.000000000000000000e+00
4.241150082346221097e+03,0.000000000000000000e+00
4.242406719407656965e+03,0.000000000000000000e+00
4.243663356469092832e+03,0.000000000000000000e+00
4.244919993530527790e+03,0.000000000000000000e+00
4.246176630591964567e+03,0.000000000000000000e+00
4.247433267653400435e+03,0.000000000000000000e+00
4.248689904714836302e+03,0.000000000000000000e+00
4.249946541776272170e+03,0.000000000000000000e+00
4.251203178837708037e+03,0.000000000000000000e+00
4.252459815899143905e+03,0.000000000000000000e+00
4.253716452960579772e+03,0.000000000000000000e+00
4.254973090022015640e+03,0.000000000000000000e+00
4.256229727083451507e+03,0.000000000000000000e+00
4.257486364144888284e+03,0.000000000000000000e+00
4.258743001206323243e+03,0.000000000000000000e+00
4.259999638267759110e+03,0.000000000000000000e+00
4.261256275329194978e+03,0.000000000000000000e+00
4.262512912390631755e+03,0.000000000000000000e+00
4.263769549452067622e+03,0.000000000000000000e+00
4.265026186513503490e+03,0.000000000000000000e+00
4.266282823574938448e+03,0.000000000000000000e+00
4.267539460636375225e+03,0.000000000000000000e+00
4.268796097697811092e+03,0.000000000000000000e+00
4.270052734759246960e+03,0.000000000000000000e+00
4.271309371820682827e+03,0.000000000000000000e+00
4.272566008882118695e+03,0.000000000000000000e+00
4.273822645943554562e+03,0.000000000000000000e+00
4.275079283004990430e+03,0.000000000000000000e+00
4.276335920066426297e+03,0.000000000000000000e+00
4.277592557127862165e+03,0.000000000000000000e+00
4.278849194189298942e+03,0.000000000000000000e+00
4.280105831250733900e+03,0.000000000000000000e+00
4.281362468312169767e+03,0.000000000000000000e+00
4.282619105373605635e+03,0.000000000000000000e+00
4.283875742435042412e+03,0.000000000000000000e+00
4.285132379496478279e+03,0.000000000000000000e+00
4.286389016557913237e+03,0.000000000000000000e+00
4.287645653619349105e+03,0.000000000000000000e+00
4.288902290680785882e+03,0.000000000000000000e+00
4.290158927742221749e+03,0.000000000000000000e+00
4.291415564803657617e+03,0.000000000000000000e+00
4.292672201865093484e+03,0.000000000000000000e+00
4.293928838926529352e+03,0.000000000000000000e+00
4.295185475987965219e+03,0.000000000000000000e+00
4.296442113049401087e+03,0.000000000000000000e+00
4.297698750110836954e+03,0.000000000000000000e+00
4.298955387172272822e+03,0.000000000000000000e+00
4.300212024233708689e+03,0.000000000000000000e+00
4.301468661295144557e+03,0.000000000000000000e+00
4.302725298356580424e+03,0.000000000000000000e+00
4.303981935418016292e+03,0.000000000000000000e+00
4.305238572479453069e+03,0.000000000000000000e+00
4.306495209540888936e+03,0.000000000000000000e+00
4.307751846602323894e+03,0.000000000000000000e+00
4.309008483663759762e+03,0.000000000000000000e+00
4.310265120725196539e+03,0.000000000000000000e+00
4.311521757786632406e+03,0.000000000000000000e+00
4.312778394848068274e+03,0.000000000000000000e+00
4.314035031909503232e+03,0.000000000000000000e+00
4.315291668970940009e+03,0.000000000000000000e+00
4.316548306032375876e+03,0.000000000000000000e+00
4.317804943093811744e+03,0.000000000000000000e+00
4.319061580155247611e+03,0.000000000000000000e+00
4.320318217216683479e+03,0.000000000000000000e+00
4.321574854278119346e+03,0.000000000000000000e+00
4.322831491339555214e+03,0.000000000000000000e+00
4.324088128400991081e+03,0.000000000000000000e+00
4.325344765462426949e+03,0.000000000000000000e+00
4.326601402523863726e+03,0.000000000000000000e+00
4.327858039585298684e+03,0.000000000000000000e+00
4.329114676646734551e+03,0.000000000000000000e+00
4.330371313708170419e+03,0.000000000000000000e+00
4.331627950769607196e+03,0.000000000000000000e+00
4.332884587831043063e+03,0.000000000000000000e+00
4.334141224892478931e+03,0.000000000000000000e+00
4.335397861953913889e+03,0.000000000000000000e+00
4.336654499015350666e+03,0.000000000000000000e+00
4.337911136076786534e+03,0.000000000000000000e+00
4.339167773138222401e+03,0.000000000000000000e+00
4.340424410199658269e+03,0.000000000000000000e+00
4.341681047261094136e+03,0.000000000000000000e+00
4.342937684322530004e+03,0.000000000000000000e+00
4.344194321383965871e+03,0.000000000000000000e+00
4.345450958445401739e+03,0.000000000000000000e+00
4.346707595506837606e+03,0.000000000000000000e+00
4.347964232568274383e+03,0.000000000000000000e+00
4.349220869629709341e+03,0.000000000000000000e+00
4.350477506691145209e+03,0.000000000000000000e+00
4.351734143752581076e+03,0.000000000000000000e+00
4.352990780814017853e+03,0.000000000000000000e+00
4.354247417875453721e+03,0.000000000000000000e+00
4.355504054936888679e+03,0.000000000000000000e+00
4.356760691998324546e+03,0.000000000000000000e+00
4.358017329059761323e+03,0.000000000000000000e+00
4.359273966121197191e+03,0.000000000000000000e+00
4.360530603182633058e+03,0.000000000000000000e+00
4.361787240244068926e+03,0.000000000000000000e+00
4.363043877305504793e+03,0.000000000000000000e+00
4.364300514366940661e+03,0.000000000000000000e+00
4.365557151428376528e+03,0.000000000000000000e+00
4.366813788489812396e+03,0.000000000000000000e+00
4.368070425551248263e+03,0.000000000000000000e+00
4.369327062612684131e+03,0.000000000000000000e+00
4.370583699674119998e+03,0.000000000000000000e+00
4.371840336735555866e+03,0.000000000000000000e+00
4.373096973796991733e+03,0.000000000000000000e+00
4.374353610858428510e+03,0.000000000000000000e+00
4.375610247919864378e+03,0.000000000000000000e+00
4.376866884981299336e+03,0.000000000000000000e+00
4.378123522042735203e+03,0.000000000000000000e+00
4.379380159104171980e+03,0.000000000000000000e+00
4.380636796165607848e+03,0.000000000000000000e+00
4.381893433227043715e+03,0.000000000000000000e+00
4.383150070288478673e+03,0.000000000000000000e+00
4.384406707349915450e+03,0.000000000000000000e+00
4.385663344411351318e+03,0.000000000000000000e+00
4.386919981472787185e+03,0.000000000000000000e+00
4.388176618534223053e+03,0.000000000000000000e+00
4.389433255595658920e+03,0.000000000000000000e+00
4.390689892657094788e+03,0.000000000000000000e+00
4.391946529718530655e+03,0.000000000000000000e+00
4.393203166779966523e+03,0.000000000000000000e+00
4.394459803841402390e+03,0.000000000000000000e+00
4.395716440902839167e+03,0.000000000000000000e+00
4.396973077964274125e+03,0.000000000000000000e+00
4.398229715025709993e+03,0.000000000000000000e+00
4.399486352087145860e+03,0.000000000000000000e+00
4.400742989148582637e+03,0.000000000000000000e+00
4.401999626210018505e+03,0.000000000000000000e+00
4.403256263271454372e+03,0.000000000000000000e+00
4.404512900332889330e+03,0.000000000000000000e+00
4.405769537394326107e+03,0.000000000000000000e+00
4.407026174455761975e+03,0.000000000000000000e+00
4.408282811517197842e+03,0.000000000000000000e+00
4.409539448578633710e+03,0.000000000000000000e+00
4.410796085640069577e+03,0.000000000000000000e+00
4.412052722701505445e+03,0.000000000000000000e+00
4.413309359762941313e+03,0.000000000000000000e+00
4.414565996824377180e+03,0.000000000000000000e+00
4.415822633885813048e+03,0.000000000000000000e+00
4.417079270947249825e+03,0.000000000000000000e+00
4.418335908008684783e+03,0.000000000000000000e+00
4.419592545070120650e+03,0.000000000000000000e+00
4.420849182131556518e+03,0.000000000000000000e+00
4.422105819192993295e+03,0.000000000000000000e+00
4.423362456254429162e+03,0.000000000000000000e+00
4.424619093315864120e+03,0.000000000000000000e+00
4.425875730377299988e+03,0.000000000000000000e+00
4.427132367438736765e+03,0.000000000000000000e+00
4.428389004500172632e+03,0.000000000000000000e+00
4.429645641561608500e+03,0.000000000000000000e+00
4.430902278623044367e+03,0.000000000000000000e+00
4.432158915684480235e+03,0.000000000000000000e+00
4.433415552745916102e+03,0.000000000000000000e+00
4.434672189807351970e+03,0.000000000000000000e+00
4.435928826868787837e+03,0.000000000000000000e+00
4.437185463930223705e+03,0.000000000000000000e+00
4.438442100991659572e+03,0.000000000000000000e+00
4.439698738053095440e+03,0.000000000000000000e+00
4.440955375114531307e+03,0.000000000000000000e+00
4.442212012175967175e+03,0.000000000000000000e+00
