Modenumber, Lambda (um), beta  (per um), alpha/2  (per um), k0  (per um); Thickness=0.5; um
0,0.3000,1.040415687092E+02,8.867668863533E+01,2.094395102393E+01
0,0.3010,1.039979412684E+02,8.705447177761E+01,2.087436979129E+01
0,0.3020,1.039546027003E+02,8.544299807790E+01,2.080524936152E+01
0,0.3030,1.039115501453E+02,8.384216116828E+01,2.073658517221E+01
0,0.3040,1.038687807813E+02,8.225185608043E+01,2.066837272099E+01
0,0.3050,1.038262918232E+02,8.067197922267E+01,2.060060756452E+01
0,0.3060,1.037840805224E+02,7.910242835745E+01,2.053328531758E+01
0,0.3070,1.037421441661E+02,7.754310257929E+01,2.046640165205E+01
0,0.3080,1.037004800766E+02,7.599390229320E+01,2.039995229604E+01
0,0.3090,1.036590856110E+02,7.445472919343E+01,2.033393303294E+01
0,0.3100,1.036179581605E+02,7.292548624268E+01,2.026833970058E+01
0,0.3110,1.032654771769E+02,7.209500568704E+01,2.020316819029E+01
0,0.3120,1.029152522190E+02,7.126984872471E+01,2.013841444609E+01
0,0.3130,1.025672616646E+02,7.044996433082E+01,2.007407446383E+01
0,0.3140,1.022214841667E+02,6.963530213053E+01,2.001014429038E+01
0,0.3150,1.018778986493E+02,6.882581238864E+01,1.994662002279E+01
0,0.3160,1.015364843034E+02,6.802144599956E+01,1.988349780753E+01
0,0.3170,1.011972205826E+02,6.722215447729E+01,1.982077383968E+01
0,0.3180,1.008600871987E+02,6.642788994572E+01,1.975844436220E+01
0,0.3190,1.005250641181E+02,6.563860512908E+01,1.969650566514E+01
0,0.3200,1.001921315575E+02,6.485425334254E+01,1.963495408494E+01
0,0.3210,1.000416502629E+02,6.425486731426E+01,1.957378600367E+01
0,0.3220,9.989210293804E+01,6.365920418057E+01,1.951299784838E+01
0,0.3230,9.974348091212E+01,6.306722936349E+01,1.945258609034E+01
0,0.3240,9.959577562103E+01,6.247890871195E+01,1.939254724438E+01
0,0.3250,9.944897860614E+01,6.189420849519E+01,1.933287786824E+01
0,0.3260,9.930308151255E+01,6.131309539632E+01,1.927357456190E+01
0,0.3270,9.915807608764E+01,6.073553650601E+01,1.921463396691E+01
0,0.3280,9.901395417921E+01,6.016149931624E+01,1.915605276579E+01
0,0.3290,9.887070773434E+01,5.959095171426E+01,1.909782768140E+01
0,0.3300,9.872832879749E+01,5.902386197654E+01,1.903995547630E+01
0,0.3310,9.863054404429E+01,5.861205822652E+01,1.898243295220E+01
0,0.3320,9.853334804867E+01,5.820273522199E+01,1.892525694934E+01
0,0.3330,9.843673550856E+01,5.779587061388E+01,1.886842434588E+01
0,0.3340,9.834070118524E+01,5.739144232079E+01,1.881193205742E+01
0,0.3350,9.824523990252E+01,5.698942852497E+01,1.875577703636E+01
0,0.3360,9.815034654589E+01,5.658980766841E+01,1.869995627137E+01
0,0.3370,9.805601606139E+01,5.619255844899E+01,1.864446678688E+01
0,0.3380,9.796224345498E+01,5.579765981666E+01,1.858930564254E+01
0,0.3390,9.786902379152E+01,5.540509096977E+01,1.853446993268E+01
0,0.3400,9.777635219390E+01,5.501483135139E+01,1.847995678582E+01
0,0.3410,9.784480758164E+01,5.478163705799E+01,1.842576336416E+01
0,0.3420,9.791286250928E+01,5.454980647391E+01,1.837188686310E+01
0,0.3430,9.798052048081E+01,5.431932767166E+01,1.831832451073E+01
0,0.3440,9.804778495937E+01,5.409018886245E+01,1.826507356738E+01
0,0.3450,9.811465936792E+01,5.386237839416E+01,1.821213132516E+01
0,0.3460,9.818114708997E+01,5.363588474938E+01,1.815949510746E+01
0,0.3470,9.824725146989E+01,5.341069654348E+01,1.810716226853E+01
0,0.3480,9.831297581353E+01,5.318680252267E+01,1.805513019304E+01
0,0.3490,9.837832338908E+01,5.296419156215E+01,1.800339629564E+01
0,0.3500,9.844329742710E+01,5.274285266427E+01,1.795195802051E+01
0,0.3510,9.911577713988E+01,5.264271040272E+01,1.790081284097E+01
0,0.3520,9.978442201104E+01,5.254313713129E+01,1.784995825903E+01
0,0.3530,1.004492649957E+02,5.244412801437E+01,1.779939180504E+01
0,0.3540,1.011103386643E+02,5.234567827100E+01,1.774911103723E+01
0,0.3550,1.017676752081E+02,5.224778317407E+01,1.769911354135E+01
0,0.3560,1.024213064457E+02,5.215043804959E+01,1.764939693028E+01
0,0.3570,1.030712638279E+02,5.205363827595E+01,1.759995884364E+01
0,0.3580,1.037175784438E+02,5.195737928317E+01,1.755079694743E+01
0,0.3590,1.043602810263E+02,5.186165655219E+01,1.750190893365E+01
0,0.3600,1.049994019572E+02,5.176646561415E+01,1.745329251994E+01
0,0.3610,1.062154295399E+02,5.023937503926E+01,1.740494544925E+01
0,0.3620,1.074247008244E+02,4.872072142888E+01,1.735686548945E+01
0,0.3630,1.086272731012E+02,4.721043505601E+01,1.730905043300E+01
0,0.3640,1.098232029588E+02,4.570844695992E+01,1.726149809665E+01
0,0.3650,1.110125462970E+02,4.421468893559E+01,1.721420632104E+01
0,0.3660,1.121953583410E+02,4.272909352342E+01,1.716717297044E+01
0,0.3670,1.133716936543E+02,4.125159399904E+01,1.712039593237E+01
0,0.3680,1.145416061512E+02,3.978212436339E+01,1.707387311734E+01
0,0.3690,1.157051491088E+02,3.832061933281E+01,1.702760245848E+01
0,0.3700,1.168623751788E+02,3.686701432942E+01,1.698158191130E+01
0,0.3710,1.160802334501E+02,3.469300566511E+01,1.693580945331E+01
0,0.3720,1.153022844284E+02,3.253068521943E+01,1.689028308382E+01
0,0.3730,1.145284942608E+02,3.037995898525E+01,1.684500082354E+01
0,0.3740,1.137588294547E+02,2.824073396088E+01,1.679996071438E+01
0,0.3750,1.129932568726E+02,2.611291813664E+01,1.675516081915E+01
0,0.3760,1.122317437279E+02,2.399642048168E+01,1.671059922122E+01
0,0.3770,1.114742575797E+02,2.189115093098E+01,1.666627402435E+01
0,0.3780,1.107207663287E+02,1.979702037262E+01,1.662218335233E+01
0,0.3790,1.099712382121E+02,1.771394063515E+01,1.657832534876E+01
0,0.3800,1.092256417997E+02,1.564182447524E+01,1.653469817679E+01
0,0.3810,1.079851869552E+02,1.477455568688E+01,1.649130001884E+01
0,0.3820,1.067511887162E+02,1.391182757281E+01,1.644812907639E+01
0,0.3830,1.055235955982E+02,1.305360456638E+01,1.640518356966E+01
0,0.3840,1.043023566235E+02,1.219985147144E+01,1.636246173745E+01
0,0.3850,1.030874213143E+02,1.135053345752E+01,1.631996183683E+01
0,0.3860,1.018787396846E+02,1.050561605506E+01,1.627768214295E+01
0,0.3870,1.006762622321E+02,9.665065150811E+00,1.623562094878E+01
0,0.3880,9.947993993178E+01,8.828846983181E+00,1.619377656490E+01
0,0.3890,9.828972422732E+01,7.996928137750E+00,1.615214731923E+01
0,0.3900,9.710556702421E+01,7.169275542807E+00,1.611073155687E+01
0,0.3910,9.617050830958E+01,6.911503837898E+00,1.606952763985E+01
0,0.3920,9.524019070682E+01,6.655047294747E+00,1.602853394689E+01
0,0.3930,9.431457746448E+01,6.399895873954E+00,1.598774887323E+01
0,0.3940,9.339363219034E+01,6.146039638038E+00,1.594717083041E+01
0,0.3950,9.247731884641E+01,5.893468750152E+00,1.590679824602E+01
0,0.3960,9.156560174375E+01,5.642173472811E+00,1.586662956358E+01
0,0.3970,9.065844553803E+01,5.392144166640E+00,1.582666324227E+01
0,0.3980,8.975581522427E+01,5.143371289143E+00,1.578689775673E+01
0,0.3990,8.885767613252E+01,4.895845393489E+00,1.574733159694E+01
0,0.4000,8.796399392284E+01,4.649557127313E+00,1.570796326795E+01
0,0.4010,8.729928008310E+01,4.529847561859E+00,1.566879128972E+01
0,0.4020,8.663785383411E+01,4.410733566383E+00,1.562981419696E+01
0,0.4030,8.597969044901E+01,4.292210707361E+00,1.559103053891E+01
0,0.4040,8.532476544129E+01,4.174274595166E+00,1.555243887916E+01
0,0.4050,8.467305456197E+01,4.056920883525E+00,1.551403779551E+01
0,0.4060,8.402453379639E+01,3.940145268985E+00,1.547582587975E+01
0,0.4070,8.337917936142E+01,3.823943490389E+00,1.543780173754E+01
0,0.4080,8.273696770250E+01,3.708311328355E+00,1.539996398819E+01
0,0.4090,8.209787549049E+01,3.593244604766E+00,1.536231126450E+01
0,0.4100,8.146187961923E+01,3.478739182268E+00,1.532484221263E+01
0,0.4110,8.093929841352E+01,3.392308563657E+00,1.528755549192E+01
0,0.4120,8.041923928627E+01,3.306297511157E+00,1.525044977471E+01
0,0.4130,7.990168377139E+01,3.220702977070E+00,1.521352374620E+01
0,0.4140,7.938661357918E+01,3.135521943148E+00,1.517677610430E+01
0,0.4150,7.887401059453E+01,3.050751420233E+00,1.514020555947E+01
0,0.4160,7.836385687441E+01,2.966388447909E+00,1.510381083457E+01
0,0.4170,7.785613464615E+01,2.882430094157E+00,1.506759066470E+01
0,0.4180,7.735082630482E+01,2.798873455016E+00,1.503154379708E+01
0,0.4190,7.684791441206E+01,2.715715654249E+00,1.499566899088E+01
0,0.4200,7.634738169325E+01,2.632953843009E+00,1.495996501709E+01
0,0.4210,7.591056987708E+01,2.569986959374E+00,1.492443065838E+01
0,0.4220,7.547581605765E+01,2.507318496988E+00,1.488906470896E+01
0,0.4230,7.504310554058E+01,2.444946339389E+00,1.485386597442E+01
0,0.4240,7.461242376931E+01,2.382868390081E+00,1.481883327165E+01
0,0.4250,7.418375632329E+01,2.321082572299E+00,1.478396542866E+01
0,0.4260,7.375708891633E+01,2.259586828779E+00,1.474926128446E+01
0,0.4270,7.333240739489E+01,2.198379121528E+00,1.471471968895E+01
0,0.4280,7.290969773673E+01,2.137457431601E+00,1.468033950276E+01
0,0.4290,7.248894604936E+01,2.076819758877E+00,1.464611959716E+01
0,0.4300,7.207013856837E+01,2.016464121839E+00,1.461205885391E+01
0,0.4310,7.170151622048E+01,1.966593266679E+00,1.457815616515E+01
0,0.4320,7.133459035467E+01,1.916953295107E+00,1.454441043329E+01
0,0.4330,7.096934915146E+01,1.867542607469E+00,1.451082057085E+01
0,0.4340,7.060578089958E+01,1.818359618852E+00,1.447738550041E+01
0,0.4350,7.024387399513E+01,1.769402758918E+00,1.444410415444E+01
0,0.4360,6.988361693990E+01,1.720670471737E+00,1.441097547518E+01
0,0.4370,6.952499834042E+01,1.672161215618E+00,1.437799841460E+01
0,0.4380,6.916800690691E+01,1.623873462951E+00,1.434517193420E+01
0,0.4390,6.881263145174E+01,1.575805700047E+00,1.431249500496E+01
0,0.4400,6.845886088827E+01,1.527956426973E+00,1.427996660723E+01
0,0.4410,6.812955634482E+01,1.495002020225E+00,1.424758573057E+01
0,0.4420,6.780173265173E+01,1.462196728440E+00,1.421535137371E+01
0,0.4430,6.747537972754E+01,1.429539541810E+00,1.418326254442E+01
0,0.4440,6.715048758166E+01,1.397029459624E+00,1.415131825941E+01
0,0.4450,6.682704631251E+01,1.364665490167E+00,1.411951754422E+01
0,0.4460,6.650504610720E+01,1.332446650618E+00,1.408785943314E+01
0,0.4470,6.618447724017E+01,1.300371966950E+00,1.405634296908E+01
0,0.4480,6.586533007209E+01,1.268440473834E+00,1.402496720353E+01
0,0.4490,6.554759504964E+01,1.236651214541E+00,1.399373119639E+01
0,0.4500,6.523126270338E+01,1.205003240845E+00,1.396263401595E+01
0,0.4510,6.494009329735E+01,1.181543941427E+00,1.393167473876E+01
0,0.4520,6.465020409061E+01,1.158188444218E+00,1.390085244951E+01
0,0.4530,6.436158656487E+01,1.134936061787E+00,1.387016624101E+01
0,0.4540,6.407423227704E+01,1.111786112760E+00,1.383961521405E+01
0,0.4550,6.378813285778E+01,1.088737921749E+00,1.380919847732E+01
0,0.4560,6.350328001098E+01,1.065790819296E+00,1.377891514732E+01
0,0.4570,6.321966551282E+01,1.042944141799E+00,1.374876434831E+01
0,0.4580,6.293728121125E+01,1.020197231453E+00,1.371874521218E+01
0,0.4590,6.265611902480E+01,9.975494361844E-01,1.368885687839E+01
0,0.4600,6.237617094212E+01,9.750001095908E-01,1.365909849387E+01
0,0.4610,6.211658491581E+01,9.602165502576E-01,1.362946921297E+01
0,0.4620,6.185811536321E+01,9.454969890167E-01,1.359996819736E+01
0,0.4630,6.160075502001E+01,9.308410111938E-01,1.357059461594E+01
0,0.4640,6.134449668382E+01,9.162482056890E-01,1.354134764478E+01
0,0.4650,6.108933321474E+01,9.017181649391E-01,1.351222646705E+01
0,0.4660,6.083525753333E+01,8.872504848791E-01,1.348323027292E+01
0,0.4670,6.058226262125E+01,8.728447649050E-01,1.345435825949E+01
0,0.4680,6.033034151954E+01,8.585006078367E-01,1.342560963073E+01
0,0.4690,6.007948732866E+01,8.442176198818E-01,1.339698359740E+01
0,0.4700,5.982969320753E+01,8.299954105990E-01,1.336847937698E+01
0,0.4710,5.959702770857E+01,8.187857561508E-01,1.334009619359E+01
0,0.4720,5.936534158089E+01,8.076236002383E-01,1.331183327792E+01
0,0.4730,5.913462859000E+01,7.965086416024E-01,1.328368986719E+01
0,0.4740,5.890488255369E+01,7.854405815261E-01,1.325566520502E+01
0,0.4750,5.867609734176E+01,7.744191238081E-01,1.322775854143E+01
0,0.4760,5.844826687562E+01,7.634439747359E-01,1.319996913273E+01
0,0.4770,5.822138512736E+01,7.525148430602E-01,1.317229624147E+01
0,0.4780,5.799544611935E+01,7.416314399690E-01,1.314473913636E+01
0,0.4790,5.777044392410E+01,7.307934790619E-01,1.311729709223E+01
0,0.4800,5.754637266321E+01,7.200006763252E-01,1.308996938996E+01
0,0.4810,5.733503571165E+01,7.108320372249E-01,1.306275531638E+01
0,0.4820,5.712456975936E+01,7.017014422703E-01,1.303565416427E+01
0,0.4830,5.691496937845E+01,6.926086551623E-01,1.300866523226E+01
0,0.4840,5.670622918565E+01,6.835534415547E-01,1.298178782475E+01
0,0.4850,5.649834384227E+01,6.745355690342E-01,1.295502125192E+01
0,0.4860,5.629130805323E+01,6.655548071001E-01,1.292836482959E+01
0,0.4870,5.608511656710E+01,6.566109271453E-01,1.290181787922E+01
0,0.4880,5.587976417524E+01,6.477037024362E-01,1.287537972783E+01
0,0.4890,5.567524571164E+01,6.388329080940E-01,1.284904970793E+01
0,0.4900,5.547155605252E+01,6.299983210756E-01,1.282282715751E+01
0,0.4910,5.528540518968E+01,6.223603818808E-01,1.279671141992E+01
0,0.4920,5.510000599987E+01,6.147534912194E-01,1.277070184386E+01
0,0.4930,5.491535389756E+01,6.071774601550E-01,1.274479778333E+01
0,0.4940,5.473144433399E+01,5.996321012811E-01,1.271899859753E+01
0,0.4950,5.454827279718E+01,5.921172287057E-01,1.269330365087E+01
0,0.4960,5.436583481149E+01,5.846326580358E-01,1.266771231286E+01
0,0.4970,5.418412593760E+01,5.771782063626E-01,1.264222395811E+01
0,0.4980,5.400314177118E+01,5.697536922463E-01,1.261683796622E+01
0,0.4990,5.382287794385E+01,5.623589357017E-01,1.259155372180E+01
0,0.5000,5.364333012175E+01,5.549937581832E-01,1.256637061436E+01
0,0.5010,5.346827537076E+01,5.478686762100E-01,1.254128803828E+01
0,0.5020,5.329391320566E+01,5.407719810176E-01,1.251630539279E+01
0,0.5030,5.312023948529E+01,5.337035033011E-01,1.249142208187E+01
0,0.5040,5.294725010126E+01,5.266630750993E-01,1.246663751425E+01
0,0.5050,5.277494097787E+01,5.196505297815E-01,1.244195110333E+01
0,0.5060,5.260330807142E+01,5.126657020341E-01,1.241736226715E+01
0,0.5070,5.243234737024E+01,5.057084278479E-01,1.239287042836E+01
0,0.5080,5.226205489414E+01,4.987785445049E-01,1.236847501413E+01
0,0.5090,5.209242669440E+01,4.918758905661E-01,1.234417545615E+01
0,0.5100,5.192345885296E+01,4.850003058583E-01,1.231997119055E+01
0,0.5110,5.176132815263E+01,4.804214475246E-01,1.229586165789E+01
0,0.5120,5.159982627013E+01,4.758604753562E-01,1.227184630309E+01
0,0.5130,5.143894951985E+01,4.713172847558E-01,1.224792457540E+01
0,0.5140,5.127869424479E+01,4.667917719397E-01,1.222409592836E+01
0,0.5150,5.111905681604E+01,4.622838339308E-01,1.220035981977E+01
0,0.5160,5.096003363342E+01,4.577933685497E-01,1.217671571159E+01
0,0.5170,5.080162112407E+01,4.533202744081E-01,1.215316306998E+01
0,0.5180,5.064381574280E+01,4.488644509002E-01,1.212970136521E+01
0,0.5190,5.048661397198E+01,4.444257981958E-01,1.210633007164E+01
0,0.5200,5.033001232079E+01,4.400042172326E-01,1.208304866765E+01
0,0.5210,5.018128380612E+01,4.351714847982E-01,1.205985663566E+01
0,0.5220,5.003312103674E+01,4.303572685800E-01,1.203675346203E+01
0,0.5230,4.988552076144E+01,4.255614623665E-01,1.201373863705E+01
0,0.5240,4.973847975362E+01,4.207839607569E-01,1.199081165492E+01
0,0.5250,4.959199481115E+01,4.160246591534E-01,1.196797201368E+01
0,0.5260,4.944606275637E+01,4.112834537537E-01,1.194521921517E+01
0,0.5270,4.930068043582E+01,4.065602415434E-01,1.192255276505E+01
0,0.5280,4.915584471970E+01,4.018549202884E-01,1.189997217269E+01
0,0.5290,4.901155250199E+01,3.971673885278E-01,1.187747695119E+01
0,0.5300,4.886780070024E+01,3.924975455662E-01,1.185506661732E+01
0,0.5310,4.872815696509E+01,3.884298288572E-01,1.183274069149E+01
0,0.5320,4.858903432498E+01,3.843774043163E-01,1.181049869771E+01
0,0.5330,4.845042984192E+01,3.803401858712E-01,1.178834016356E+01
0,0.5340,4.831234059969E+01,3.763180880945E-01,1.176626462019E+01
0,0.5350,4.817476370395E+01,3.723110261973E-01,1.174427160220E+01
0,0.5360,4.803769628170E+01,3.683189160236E-01,1.172236064772E+01
0,0.5370,4.790113548176E+01,3.643416740442E-01,1.170053129829E+01
0,0.5380,4.776507847386E+01,3.603792173510E-01,1.167878309885E+01
0,0.5390,4.762952244870E+01,3.564314636510E-01,1.165711559774E+01
0,0.5400,4.749446461811E+01,3.524983312611E-01,1.163552834663E+01
0,0.5410,4.736457645957E+01,3.491441805176E-01,1.161402090052E+01
0,0.5420,4.723516399263E+01,3.458024067141E-01,1.159259281767E+01
0,0.5430,4.710622458537E+01,3.424729414697E-01,1.157124365963E+01
0,0.5440,4.697775562480E+01,3.391557169064E-01,1.154997299114E+01
0,0.5450,4.684975451758E+01,3.358506656442E-01,1.152878038015E+01
0,0.5460,4.672221868903E+01,3.325577207969E-01,1.150766539776E+01
0,0.5470,4.659514558332E+01,3.292768159674E-01,1.148662761824E+01
0,0.5480,4.646853266351E+01,3.260078852430E-01,1.146566661894E+01
0,0.5490,4.634237741090E+01,3.227508631916E-01,1.144478198029E+01
0,0.5500,4.621667732523E+01,3.195056848567E-01,1.142397328578E+01
0,0.5510,4.609487293781E+01,3.164057036630E-01,1.140324012192E+01
0,0.5520,4.597350648765E+01,3.133169542852E-01,1.138258207822E+01
0,0.5530,4.585257559584E+01,3.102393757912E-01,1.136199874716E+01
0,0.5540,4.573207790062E+01,3.071729076889E-01,1.134148972415E+01
0,0.5550,4.561201105733E+01,3.041174899221E-01,1.132105460753E+01
0,0.5560,4.549237273815E+01,3.010730628667E-01,1.130069299852E+01
0,0.5570,4.537316063178E+01,2.980395673267E-01,1.128040450122E+01
0,0.5580,4.525437244383E+01,2.950169445307E-01,1.126018872254E+01
0,0.5590,4.513600589618E+01,2.920051361274E-01,1.124004527224E+01
0,0.5600,4.501805872687E+01,2.890040841827E-01,1.121997376282E+01
0,0.5610,4.490278374207E+01,2.866666896486E-01,1.119997380959E+01
0,0.5620,4.478791576085E+01,2.843376132444E-01,1.118004503057E+01
0,0.5630,4.467345261171E+01,2.820168106464E-01,1.116018704650E+01
0,0.5640,4.455939213862E+01,2.797042378447E-01,1.114039948081E+01
0,0.5650,4.444573220118E+01,2.773998511415E-01,1.112068195961E+01
0,0.5660,4.433247067367E+01,2.751036071475E-01,1.110103411162E+01
0,0.5670,4.421960544561E+01,2.728154627795E-01,1.108145556822E+01
0,0.5680,4.410713442127E+01,2.705353752579E-01,1.106194596334E+01
0,0.5690,4.399505551984E+01,2.682633021037E-01,1.104250493353E+01
0,0.5700,4.388336667475E+01,2.659992011361E-01,1.102313211786E+01
0,0.5710,4.377539009941E+01,2.637650381238E-01,1.100382715793E+01
0,0.5720,4.366778805314E+01,2.615386868703E-01,1.098458969787E+01
0,0.5730,4.356055857326E+01,2.593201064764E-01,1.096541938426E+01
0,0.5740,4.345369971051E+01,2.571092563277E-01,1.094631586617E+01
0,0.5750,4.334720952951E+01,2.549060960926E-01,1.092727879509E+01
0,0.5760,4.324108610823E+01,2.527105857194E-01,1.090830782496E+01
0,0.5770,4.313532753779E+01,2.505226854341E-01,1.088940261210E+01
0,0.5780,4.302993192290E+01,2.483423557381E-01,1.087056281519E+01
0,0.5790,4.292489738099E+01,2.461695574055E-01,1.085178809530E+01
0,0.5800,4.282022204258E+01,2.440042514809E-01,1.083307811583E+01
0,0.5810,4.271808268730E+01,2.420237559709E-01,1.081443254248E+01
0,0.5820,4.261629146950E+01,2.400500662874E-01,1.079585104326E+01
0,0.5830,4.251484659634E+01,2.380831474090E-01,1.077733328847E+01
0,0.5840,4.241374628732E+01,2.361229645541E-01,1.075887895065E+01
0,0.5850,4.231298877405E+01,2.341694831791E-01,1.074048770458E+01
0,0.5860,4.221257230003E+01,2.322226689760E-01,1.072215922727E+01
0,0.5870,4.211249512117E+01,2.302824878708E-01,1.070389319792E+01
0,0.5880,4.201275550476E+01,2.283489060209E-01,1.068568929792E+01
0,0.5890,4.191335173029E+01,2.264218898141E-01,1.066754721083E+01
0,0.5900,4.181428208866E+01,2.245014058655E-01,1.064946662234E+01
0,0.5910,4.171768724897E+01,2.229021118543E-01,1.063144722027E+01
0,0.5920,4.162141603999E+01,2.213082208635E-01,1.061348869456E+01
0,0.5930,4.152546682327E+01,2.197197055589E-01,1.059559073723E+01
0,0.5940,4.142983797178E+01,2.181365387908E-01,1.057775304239E+01
0,0.5950,4.133452786908E+01,2.165586935916E-01,1.055997530618E+01
0,0.5960,4.123953490978E+01,2.149861431749E-01,1.054225722681E+01
0,0.5970,4.114485749934E+01,2.134188609339E-01,1.052459850449E+01
0,0.5980,4.105049405363E+01,2.118568204394E-01,1.050699884144E+01
0,0.5990,4.095644299934E+01,2.102999954392E-01,1.048945794187E+01
0,0.6000,4.086270277334E+01,2.087483598555E-01,1.047197551197E+01
0,0.6010,4.077032547538E+01,2.068453875867E-01,1.045455125987E+01
0,0.6020,4.067825246940E+01,2.049487374849E-01,1.043718489565E+01
0,0.6030,4.058648224050E+01,2.030583780965E-01,1.041987613131E+01
0,0.6040,4.049501328430E+01,2.011742781763E-01,1.040262468076E+01
0,0.6050,4.040384410593E+01,1.992964066856E-01,1.038543025980E+01
0,0.6060,4.031297322071E+01,1.974247327905E-01,1.036829258610E+01
0,0.6070,4.022239915344E+01,1.955592258606E-01,1.035121137921E+01
0,0.6080,4.013212043892E+01,1.936998554665E-01,1.033418636049E+01
0,0.6090,4.004213562138E+01,1.918465913792E-01,1.031721725317E+01
0,0.6100,3.995244325464E+01,1.899994035676E-01,1.030030378226E+01
0,0.6110,3.986511529590E+01,1.885788551254E-01,1.028344567460E+01
0,0.6120,3.977807026374E+01,1.871629489983E-01,1.026664265879E+01
0,0.6130,3.969130677332E+01,1.857516624670E-01,1.024989446522E+01
0,0.6140,3.960482344853E+01,1.843449729604E-01,1.023320082603E+01
0,0.6150,3.951861892228E+01,1.829428580537E-01,1.021656147509E+01
0,0.6160,3.943269183639E+01,1.815452954681E-01,1.019997614802E+01
0,0.6170,3.934704084139E+01,1.801522630692E-01,1.018344458214E+01
0,0.6180,3.926166459669E+01,1.787637388658E-01,1.016696651647E+01
0,0.6190,3.917656177004E+01,1.773797010088E-01,1.015054169173E+01
0,0.6200,3.909173103846E+01,1.760001277900E-01,1.013416985029E+01
0,0.6210,3.900819137292E+01,1.747828361126E-01,1.011785073620E+01
0,0.6220,3.892491795730E+01,1.735694585564E-01,1.010158409514E+01
0,0.6230,3.884190950888E+01,1.723599762732E-01,1.008536967445E+01
0,0.6240,3.875916475388E+01,1.711543705359E-01,1.006920722304E+01
0,0.6250,3.867668242606E+01,1.699526227368E-01,1.005309649149E+01
0,0.6260,3.859446126762E+01,1.687547143877E-01,1.003703723192E+01
0,0.6270,3.851250002868E+01,1.675606271177E-01,1.002102919805E+01
0,0.6280,3.843079746721E+01,1.663703426735E-01,1.000507214519E+01
0,0.6290,3.834935234953E+01,1.651838429175E-01,9.989165830174E+00
0,0.6300,3.826816344920E+01,1.640011098274E-01,9.973310011396E+00
0,0.6310,3.818823394527E+01,1.627335037055E-01,9.957504448779E+00
0,0.6320,3.810855510731E+01,1.614699089954E-01,9.941748903765E+00
0,0.6330,3.802912574746E+01,1.602103066856E-01,9.926043139304E+00
0,0.6340,3.794994468501E+01,1.589546778847E-01,9.910386919842E+00
0,0.6350,3.787101074677E+01,1.577030038202E-01,9.894780011306E+00
0,0.6360,3.779232276698E+01,1.564552658376E-01,9.879222181100E+00
0,0.6370,3.771387958735E+01,1.552114453998E-01,9.863713198084E+00
0,0.6380,3.763568005644E+01,1.539715240855E-01,9.848252832570E+00
0,0.6390,3.755772303035E+01,1.527354835892E-01,9.832840856306E+00
0,0.6400,3.748000737236E+01,1.515033057194E-01,9.817477042468E+00
0,0.6410,3.740352095775E+01,1.502857547756E-01,9.802161165647E+00
0,0.6420,3.732727063327E+01,1.490719968254E-01,9.786893001837E+00
0,0.6430,3.725125529741E+01,1.478620141721E-01,9.771672328429E+00
0,0.6440,3.717547385550E+01,1.466557892289E-01,9.756498924192E+00
0,0.6450,3.709992521986E+01,1.454533045181E-01,9.741372569271E+00
0,0.6460,3.702460830927E+01,1.442545426701E-01,9.726293045170E+00
0,0.6470,3.694952204934E+01,1.430594864230E-01,9.711260134744E+00
0,0.6480,3.687466537223E+01,1.418681186210E-01,9.696273622191E+00
0,0.6490,3.680003721690E+01,1.406804222144E-01,9.681333293035E+00
0,0.6500,3.672563652862E+01,1.394963802583E-01,9.666438934122E+00
0,0.6510,3.665243634572E+01,1.383816067262E-01,9.651590333609E+00
0,0.6520,3.657945860659E+01,1.372702527448E-01,9.636787280950E+00
0,0.6530,3.650670228965E+01,1.361623026040E-01,9.622029566891E+00
0,0.6540,3.643416637930E+01,1.350577406900E-01,9.607316983455E+00
0,0.6550,3.636184986631E+01,1.339565514841E-01,9.592649323938E+00
0,0.6560,3.628975174731E+01,1.328587195624E-01,9.578026382896E+00
0,0.6570,3.621787102545E+01,1.317642295948E-01,9.563447956133E+00
0,0.6580,3.614620670966E+01,1.306730663444E-01,9.548913840698E+00
0,0.6590,3.607475781509E+01,1.295852146669E-01,9.534423834870E+00
0,0.6600,3.600352336264E+01,1.285006595096E-01,9.519977738151E+00
0,0.6610,3.593346199858E+01,1.275885851522E-01,9.505575351255E+00
0,0.6620,3.586361029140E+01,1.266792663065E-01,9.491216476102E+00
0,0.6630,3.579396729226E+01,1.257726905041E-01,9.476900915806E+00
0,0.6640,3.572453205886E+01,1.248688453517E-01,9.462628474668E+00
0,0.6650,3.565530365420E+01,1.239677185306E-01,9.448398958165E+00
0,0.6660,3.558628114671E+01,1.230692977960E-01,9.434212172942E+00
0,0.6670,3.551746361078E+01,1.221735709767E-01,9.420067926806E+00
0,0.6680,3.544885012619E+01,1.212805259742E-01,9.405966028712E+00
0,0.6690,3.538043977816E+01,1.203901507625E-01,9.391906288759E+00
0,0.6700,3.531223165747E+01,1.195024333871E-01,9.377888518178E+00
0,0.6710,3.524422486027E+01,1.185396414913E-01,9.363912529329E+00
0,0.6720,3.517641848816E+01,1.175797150475E-01,9.349978135684E+00
0,0.6730,3.510881164806E+01,1.166226412826E-01,9.336085151827E+00
0,0.6740,3.504140345195E+01,1.156684074991E-01,9.322233393442E+00
0,0.6750,3.497419301750E+01,1.147170010751E-01,9.308422677303E+00
0,0.6760,3.490717946728E+01,1.137684094629E-01,9.294652821272E+00
0,0.6770,3.484036192931E+01,1.128226201894E-01,9.280923644283E+00
0,0.6780,3.477373953632E+01,1.118796208547E-01,9.267234966342E+00
0,0.6790,3.470731142686E+01,1.109393991321E-01,9.253586608512E+00
0,0.6800,3.464107674370E+01,1.100019427676E-01,9.239978392911E+00
0,0.6810,3.457596659862E+01,1.091908734748E-01,9.226410142701E+00
0,0.6820,3.451104550160E+01,1.083821826843E-01,9.212881682082E+00
0,0.6830,3.444631262242E+01,1.075758599489E-01,9.199392836281E+00
0,0.6840,3.438176713601E+01,1.067718948823E-01,9.185943431549E+00
0,0.6850,3.431740822209E+01,1.059702771589E-01,9.172533295153E+00
0,0.6860,3.425323506515E+01,1.051709965134E-01,9.159162255364E+00
0,0.6870,3.418924685465E+01,1.043740427403E-01,9.145830141455E+00
0,0.6880,3.412544278445E+01,1.035794056933E-01,9.132536783691E+00
0,0.6890,3.406182205311E+01,1.027870752850E-01,9.119282013323E+00
0,0.6900,3.399838386402E+01,1.019970414865E-01,9.106065662579E+00
0,0.6910,3.393696489836E+01,1.012374822786E-01,9.092887564659E+00
0,0.6920,3.387572168795E+01,1.004801183286E-01,9.079747553728E+00
0,0.6930,3.381465347280E+01,9.972494013304E-02,9.066645464906E+00
0,0.6940,3.375375949693E+01,9.897193824355E-02,9.053581134265E+00
0,0.6950,3.369303900888E+01,9.822110326597E-02,9.040554398820E+00
0,0.6960,3.363249126147E+01,9.747242586017E-02,9.027565096522E+00
0,0.6970,3.357211551162E+01,9.672589673961E-02,9.014613066255E+00
0,0.6980,3.351191102088E+01,9.598150667096E-02,9.001698147822E+00
0,0.6990,3.345187705473E+01,9.523924647376E-02,8.988820181945E+00
0,0.7000,3.339201288296E+01,9.449910701998E-02,8.975979010257E+00
0,0.7010,3.333141189673E+01,9.394213535809E-02,8.963174475292E+00
0,0.7020,3.327098178664E+01,9.338675051004E-02,8.950406420484E+00
0,0.7030,3.321072182415E+01,9.283294570424E-02,8.937674690156E+00
0,0.7040,3.315063128472E+01,9.228071420755E-02,8.924979129516E+00
0,0.7050,3.309070944776E+01,9.173004932503E-02,8.912319584652E+00
0,0.7060,3.303095559716E+01,9.118094439968E-02,8.899695902521E+00
0,0.7070,3.297136902052E+01,9.063339281218E-02,8.887107930947E+00
0,0.7080,3.291194900962E+01,9.008738798057E-02,8.874555518615E+00
0,0.7090,3.285269486013E+01,8.954292336005E-02,8.862038515063E+00
0,0.7100,3.279360587182E+01,8.899999244268E-02,8.849556770675E+00
0,0.7110,3.273646814225E+01,8.849367208440E-02,8.837110136680E+00
0,0.7120,3.267948926699E+01,8.798877397431E-02,8.824698465140E+00
0,0.7130,3.262266857841E+01,8.748529212820E-02,8.812321608948E+00
0,0.7140,3.256600541245E+01,8.698322059539E-02,8.799979421820E+00
0,0.7150,3.250949910882E+01,8.648255345848E-02,8.787671758293E+00
0,0.7160,3.245314901094E+01,8.598328483312E-02,8.775398473715E+00
0,0.7170,3.239695446604E+01,8.548540886780E-02,8.763159424239E+00
0,0.7180,3.234091482479E+01,8.498891974362E-02,8.750954466824E+00
0,0.7190,3.228502944154E+01,8.449381167402E-02,8.738783459221E+00
0,0.7200,3.222929767415E+01,8.400007890461E-02,8.726646259972E+00
0,0.7210,3.217371888427E+01,8.329133361698E-02,8.714542728404E+00
0,0.7220,3.211829243683E+01,8.258455161270E-02,8.702472724625E+00
0,0.7230,3.206301770029E+01,8.187972474535E-02,8.690436109515E+00
0,0.7240,3.200789404708E+01,8.117684491356E-02,8.678432744723E+00
0,0.7250,3.195292085220E+01,8.047590406061E-02,8.666462492661E+00
0,0.7260,3.189809749493E+01,7.977689417419E-02,8.654525216501E+00
0,0.7270,3.184342335753E+01,7.907980728609E-02,8.642620780164E+00
0,0.7280,3.178889782584E+01,7.838463547186E-02,8.630749048324E+00
0,0.7290,3.173452028892E+01,7.769137085053E-02,8.618909886392E+00
0,0.7300,3.168029013926E+01,7.700000558433E-02,8.607103160520E+00
0,0.7310,3.162707621461E+01,7.639261726781E-02,8.595328737592E+00
0,0.7320,3.157400614557E+01,7.578688848221E-02,8.583586485218E+00
0,0.7330,3.152107934402E+01,7.518281243545E-02,8.571876271732E+00
0,0.7340,3.146829522508E+01,7.458038237247E-02,8.560197966185E+00
0,0.7350,3.141565320728E+01,7.397959157496E-02,8.548551438340E+00
0,0.7360,3.136315271201E+01,7.338043336115E-02,8.536936558668E+00
0,0.7370,3.131079316401E+01,7.278290108550E-02,8.525353198344E+00
0,0.7380,3.125857399100E+01,7.218698813851E-02,8.513801229241E+00
0,0.7390,3.120649462388E+01,7.159268794645E-02,8.502280523924E+00
0,0.7400,3.115455449653E+01,7.099999397113E-02,8.490790955648E+00
0,0.7410,3.110275304624E+01,7.044332579918E-02,8.479332398353E+00
0,0.7420,3.105108971281E+01,6.988815808052E-02,8.467904726657E+00
0,0.7430,3.099956393926E+01,6.933448475680E-02,8.456507815854E+00
0,0.7440,3.094817517190E+01,6.878229980222E-02,8.445141541908E+00
0,0.7450,3.089692285958E+01,6.823159722337E-02,8.433805781449E+00
0,0.7460,3.084580645433E+01,6.768237105893E-02,8.422500411769E+00
0,0.7470,3.079482541108E+01,6.713461537954E-02,8.411225310816E+00
0,0.7480,3.074397918767E+01,6.658832428753E-02,8.399980357192E+00
0,0.7490,3.069326724488E+01,6.604349191673E-02,8.388765430146E+00
0,0.7500,3.064268904629E+01,6.550011243224E-02,8.377580409573E+00
0,0.7510,3.059309082178E+01,6.489292191390E-02,8.366425176005E+00
0,0.7520,3.054362307281E+01,6.428734626396E-02,8.355299610611E+00
0,0.7530,3.049428528013E+01,6.368337904869E-02,8.344203595192E+00
0,0.7540,3.044507692781E+01,6.308101386846E-02,8.333137012175E+00
0,0.7550,3.039599750211E+01,6.248024435759E-02,8.322099744609E+00
0,0.7560,3.034704649216E+01,6.188106418404E-02,8.311091676163E+00
0,0.7570,3.029822338998E+01,6.128346704927E-02,8.300112691122E+00
0,0.7580,3.024952768988E+01,6.068744668793E-02,8.289162674379E+00
0,0.7590,3.020095888926E+01,6.009299686774E-02,8.278241511436E+00
0,0.7600,3.015251648799E+01,5.950011138917E-02,8.267349088394E+00
0,0.7610,3.010419998861E+01,5.904476839808E-02,8.256485291957E+00
0,0.7620,3.005600889612E+01,5.859062053295E-02,8.245650009422E+00
0,0.7630,3.000794271827E+01,5.813766309473E-02,8.234843128676E+00
0,0.7640,2.996000096526E+01,5.768589140896E-02,8.224064538193E+00
0,0.7650,2.991218315007E+01,5.723530082564E-02,8.213314127032E+00
0,0.7660,2.986448878805E+01,5.678588671903E-02,8.202591784830E+00
0,0.7670,2.981691739704E+01,5.633764448755E-02,8.191897401799E+00
0,0.7680,2.976946849750E+01,5.589056955354E-02,8.181230868723E+00
0,0.7690,2.972214161245E+01,5.544465736318E-02,8.170592076957E+00
0,0.7700,2.967493626715E+01,5.499990338630E-02,8.159980918415E+00
0,0.7710,2.962867724990E+01,5.464586499241E-02,8.149397285577E+00
0,0.7720,2.958253673876E+01,5.429274379642E-02,8.138841071476E+00
0,0.7730,2.953651427474E+01,5.394053623872E-02,8.128312169702E+00
0,0.7740,2.949060940106E+01,5.358923877807E-02,8.117810474392E+00
0,0.7750,2.944482166329E+01,5.323884789151E-02,8.107335880232E+00
0,0.7760,2.939915060940E+01,5.288936007425E-02,8.096888282448E+00
0,0.7770,2.935359578979E+01,5.254077183952E-02,8.086467576808E+00
0,0.7780,2.930815675691E+01,5.219307971851E-02,8.076073659614E+00
0,0.7790,2.926283306596E+01,5.184628026020E-02,8.065706427702E+00
0,0.7800,2.921762427383E+01,5.150037003127E-02,8.055365778435E+00
0,0.7810,2.917252994019E+01,5.098446871980E-02,8.045051609705E+00
0,0.7820,2.912754962673E+01,5.046988684902E-02,8.034763819923E+00
0,0.7830,2.908268289727E+01,4.995661936360E-02,8.024502308020E+00
0,0.7840,2.903792931819E+01,4.944466123402E-02,8.014266973443E+00
0,0.7850,2.899328845768E+01,4.893400745635E-02,8.004057716152E+00
0,0.7860,2.894875988632E+01,4.842465305217E-02,7.993874436615E+00
0,0.7870,2.890434317717E+01,4.791659306833E-02,7.983717035806E+00
0,0.7880,2.886003790492E+01,4.740982257684E-02,7.973585415203E+00
0,0.7890,2.881584364672E+01,4.690433667467E-02,7.963479476780E+00
0,0.7900,2.877175998195E+01,4.640013048365E-02,7.953399123012E+00
0,0.7910,2.872778649172E+01,4.600570523281E-02,7.943344256864E+00
0,0.7920,2.868392275978E+01,4.561227600532E-02,7.933314781792E+00
0,0.7930,2.864016837148E+01,4.521983903314E-02,7.923310601740E+00
0,0.7940,2.859652291470E+01,4.482839056719E-02,7.913331621133E+00
0,0.7950,2.855298597910E+01,4.443792687725E-02,7.903377744880E+00
0,0.7960,2.850955715638E+01,4.404844425186E-02,7.893448878366E+00
0,0.7970,2.846623604051E+01,4.365993899817E-02,7.883544927452E+00
0,0.7980,2.842302222744E+01,4.327240744187E-02,7.873665798471E+00
0,0.7990,2.837991531494E+01,4.288584592700E-02,7.863811398222E+00
0,0.8000,2.833691490305E+01,4.250025081593E-02,7.853981633974E+00
0,0.8010,2.829481561160E+01,4.212103097087E-02,7.844176413458E+00
0,0.8020,2.825282008846E+01,4.174275681122E-02,7.834395644862E+00
0,0.8030,2.821092794668E+01,4.136542480389E-02,7.824639236836E+00
0,0.8040,2.816913880124E+01,4.098903143340E-02,7.814907098482E+00
0,0.8050,2.812745226938E+01,4.061357320171E-02,7.805199139354E+00
0,0.8060,2.808586796976E+01,4.023904662817E-02,7.795515269454E+00
0,0.8070,2.804438552315E+01,3.986544824936E-02,7.785855399231E+00
0,0.8080,2.800300455249E+01,3.949277461901E-02,7.776219439579E+00
0,0.8090,2.796172468200E+01,3.912102230790E-02,7.766607301829E+00
0,0.8100,2.792054553826E+01,3.875018790372E-02,7.757018897753E+00
0,0.8110,2.787946674940E+01,3.840637693148E-02,7.747454139556E+00
0,0.8120,2.783848794560E+01,3.806341278429E-02,7.737912939876E+00
0,0.8130,2.779760875866E+01,3.772129233734E-02,7.728395211783E+00
0,0.8140,2.775682882220E+01,3.738001248116E-02,7.718900868771E+00
0,0.8150,2.771614777181E+01,3.703957012157E-02,7.709429824760E+00
0,0.8160,2.767556524476E+01,3.669996217952E-02,7.699981994093E+00
0,0.8170,2.763508088010E+01,3.636118559107E-02,7.690557291529E+00
0,0.8180,2.759469431856E+01,3.602323730723E-02,7.681155632249E+00
0,0.8190,2.755440520273E+01,3.568611429393E-02,7.671776931843E+00
0,0.8200,2.751421317711E+01,3.534981353188E-02,7.662421106317E+00
0,0.8210,2.747411788756E+01,3.504655151729E-02,7.653088072082E+00
0,0.8220,2.743411898185E+01,3.474402736649E-02,7.643777745961E+00
0,0.8230,2.739421610943E+01,3.444223838981E-02,7.634490045176E+00
0,0.8240,2.735440892175E+01,3.414118191064E-02,7.625224887354E+00
0,0.8250,2.731469707139E+01,3.384085526536E-02,7.615982190521E+00
0,0.8260,2.727508021300E+01,3.354125580324E-02,7.606761873099E+00
0,0.8270,2.723555800288E+01,3.324238088638E-02,7.597563853905E+00
0,0.8280,2.719613009887E+01,3.294422788960E-02,7.588388052149E+00
0,0.8290,2.715679616037E+01,3.264679420042E-02,7.579234387430E+00
0,0.8300,2.711755584889E+01,3.235007721892E-02,7.570102779734E+00
0,0.8310,2.707840882701E+01,3.206201340052E-02,7.560993149434E+00
0,0.8320,2.703935475916E+01,3.177464204322E-02,7.551905417283E+00
0,0.8330,2.700039331143E+01,3.148796065316E-02,7.542839504417E+00
0,0.8340,2.696152415145E+01,3.120196674846E-02,7.533795332350E+00
0,0.8350,2.692274694849E+01,3.091665785909E-02,7.524772822970E+00
0,0.8360,2.688406137333E+01,3.063203152688E-02,7.515771898540E+00
0,0.8370,2.684546709843E+01,3.034808530538E-02,7.506792481696E+00
0,0.8380,2.680696379764E+01,3.006481675982E-02,7.497834495441E+00
0,0.8390,2.676855114671E+01,2.978222346705E-02,7.488897863146E+00
0,0.8400,2.673022882237E+01,2.950030301546E-02,7.479982508547E+00
0,0.8410,2.669275455350E+01,2.921725994369E-02,7.471088355743E+00
0,0.8420,2.665536821161E+01,2.893488918325E-02,7.462215329192E+00
0,0.8430,2.661806948454E+01,2.865318834158E-02,7.453363353712E+00
0,0.8440,2.658085806195E+01,2.837215503745E-02,7.444532354478E+00
0,0.8450,2.654373363458E+01,2.809178690090E-02,7.435722257017E+00
0,0.8460,2.650669589474E+01,2.781208157318E-02,7.426932987210E+00
0,0.8470,2.646974453624E+01,2.753303670669E-02,7.418164471286E+00
0,0.8480,2.643287925424E+01,2.725464996489E-02,7.409416635825E+00
0,0.8490,2.639609974558E+01,2.697691902224E-02,7.400689407750E+00
0,0.8500,2.635940570818E+01,2.669984156416E-02,7.391982714329E+00
0,0.8510,2.632279684173E+01,2.642193862764E-02,7.383296483172E+00
0,0.8520,2.628627284691E+01,2.614468804544E-02,7.374630642230E+00
0,0.8530,2.624983342619E+01,2.586808752323E-02,7.365985119788E+00
0,0.8540,2.621347828337E+01,2.559213477741E-02,7.357359844473E+00
0,0.8550,2.617720712341E+01,2.531682753509E-02,7.348754745239E+00
0,0.8560,2.614101965282E+01,2.504216353399E-02,7.340169751378E+00
0,0.8570,2.610491557945E+01,2.476814052239E-02,7.331604792508E+00
0,0.8580,2.606889461258E+01,2.449475625907E-02,7.323059798578E+00
0,0.8590,2.603295646270E+01,2.422200851324E-02,7.314534699860E+00
0,0.8600,2.599710084191E+01,2.394989506449E-02,7.306029426953E+00
0,0.8610,2.596206831367E+01,2.370738495207E-02,7.297543910778E+00
0,0.8620,2.592711606378E+01,2.346543750811E-02,7.289078082575E+00
0,0.8630,2.589224381433E+01,2.322405077666E-02,7.280631873904E+00
0,0.8640,2.585745128799E+01,2.298322281078E-02,7.272205216643E+00
0,0.8650,2.582273820946E+01,2.274295167258E-02,7.263798042982E+00
0,0.8660,2.578810430401E+01,2.250323543307E-02,7.255410285427E+00
0,0.8670,2.575354929878E+01,2.226407217221E-02,7.247041876793E+00
0,0.8680,2.571907292161E+01,2.202545997876E-02,7.238692750207E+00
0,0.8690,2.568467490223E+01,2.178739695032E-02,7.230362839102E+00
0,0.8700,2.565035497092E+01,2.154988119321E-02,7.222052077218E+00
0,0.8710,2.561538031567E+01,2.130742836455E-02,7.213760398599E+00
0,0.8720,2.558048485370E+01,2.106553162036E-02,7.205487737591E+00
0,0.8730,2.554566831340E+01,2.082418904969E-02,7.197234028843E+00
0,0.8740,2.551093042467E+01,2.058339875036E-02,7.188999207299E+00
0,0.8750,2.547627091859E+01,2.034315882885E-02,7.180783208205E+00
0,0.8760,2.544168952764E+01,2.010346740031E-02,7.172585967100E+00
0,0.8770,2.540718598550E+01,1.986432258848E-02,7.164407419817E+00
0,0.8780,2.537276002683E+01,1.962572252566E-02,7.156247502482E+00
0,0.8790,2.533841138784E+01,1.938766535262E-02,7.148106151513E+00
0,0.8800,2.530413980521E+01,1.915014921862E-02,7.139983303613E+00
0,0.8810,2.527066944825E+01,1.894811848788E-02,7.131878895777E+00
0,0.8820,2.523727402302E+01,1.874654587671E-02,7.123792865283E+00
0,0.8830,2.520395327598E+01,1.854542982864E-02,7.115725149694E+00
0,0.8840,2.517070695438E+01,1.834476879426E-02,7.107675686855E+00
0,0.8850,2.513753480672E+01,1.814456123114E-02,7.099644414892E+00
0,0.8860,2.510443658268E+01,1.794480560383E-02,7.091631272212E+00
0,0.8870,2.507141203300E+01,1.774550038380E-02,7.083636197497E+00
0,0.8880,2.503846090980E+01,1.754664404939E-02,7.075659129707E+00
0,0.8890,2.500558296571E+01,1.734823508582E-02,7.067700008076E+00
0,0.8900,2.497277795515E+01,1.715027198509E-02,7.059758772112E+00
0,0.8910,2.494004563326E+01,1.694824007135E-02,7.051835361593E+00
0,0.8920,2.490738575640E+01,1.674666114395E-02,7.043929716569E+00
0,0.8930,2.487479808187E+01,1.654553368113E-02,7.036041777357E+00
0,0.8940,2.484228236835E+01,1.634485616788E-02,7.028171484541E+00
0,0.8950,2.480983837525E+01,1.614462709600E-02,7.020318778972E+00
0,0.8960,2.477746586345E+01,1.594484496402E-02,7.012483601763E+00
0,0.8970,2.474516459444E+01,1.574550827714E-02,7.004665894292E+00
0,0.8980,2.471293433110E+01,1.554661554725E-02,6.996865598196E+00
0,0.8990,2.468077483724E+01,1.534816529285E-02,6.989082655372E+00
0,0.9000,2.464868587785E+01,1.515015603901E-02,6.981317007977E+00
0,0.9010,2.461666721875E+01,1.498856993134E-02,6.973568598424E+00
0,0.9020,2.458471862697E+01,1.482734210771E-02,6.965837369379E+00
0,0.9030,2.455283987048E+01,1.466647137783E-02,6.958123263765E+00
0,0.9040,2.452103071842E+01,1.450595655664E-02,6.950426224756E+00
0,0.9050,2.448929094058E+01,1.434579646434E-02,6.942746195779E+00
0,0.9060,2.445762030825E+01,1.418598992632E-02,6.935083120507E+00
0,0.9070,2.442601859355E+01,1.402653577318E-02,6.927436942866E+00
0,0.9080,2.439448556938E+01,1.386743284063E-02,6.919807607026E+00
0,0.9090,2.436302100990E+01,1.370867996955E-02,6.912195057403E+00
0,0.9100,2.433162469022E+01,1.355027600587E-02,6.904599238659E+00
0,0.9110,2.430029638633E+01,1.339373714504E-02,6.897020095697E+00
0,0.9120,2.426903587522E+01,1.323754157119E-02,6.889457573662E+00
0,0.9130,2.423784293514E+01,1.308168815631E-02,6.881911617940E+00
0,0.9140,2.420671734485E+01,1.292617577735E-02,6.874382174157E+00
0,0.9150,2.417565888446E+01,1.277100331617E-02,6.866869188174E+00
0,0.9160,2.414466733460E+01,1.261616965948E-02,6.859372606091E+00
0,0.9170,2.411374247756E+01,1.246167369888E-02,6.851892374242E+00
0,0.9180,2.408288409568E+01,1.230751433079E-02,6.844428439193E+00
0,0.9190,2.405209197325E+01,1.215369045643E-02,6.836980747747E+00
0,0.9200,2.402136589459E+01,1.200020098179E-02,6.829549246934E+00
0,0.9210,2.399139937081E+01,1.184363375069E-02,6.822133884017E+00
0,0.9220,2.396149699581E+01,1.168740614481E-02,6.814734606485E+00
0,0.9230,2.393165856195E+01,1.153151706030E-02,6.807351362058E+00
0,0.9240,2.390188386238E+01,1.137596539804E-02,6.799984098679E+00
0,0.9250,2.387217269130E+01,1.122075006371E-02,6.792632764518E+00
0,0.9260,2.384252484342E+01,1.106586996767E-02,6.785297307969E+00
0,0.9270,2.381294011460E+01,1.091132402503E-02,6.777977677648E+00
0,0.9280,2.378341830156E+01,1.075711115554E-02,6.770673822392E+00
0,0.9290,2.375395920210E+01,1.060323028361E-02,6.763385691259E+00
0,0.9300,2.372456261465E+01,1.044968033830E-02,6.756113233526E+00
0,0.9310,2.369454188038E+01,1.031846152508E-02,6.748856398689E+00
0,0.9320,2.366458469343E+01,1.018752429731E-02,6.741615136459E+00
0,0.9330,2.363469085020E+01,1.005686774955E-02,6.734389396763E+00
0,0.9340,2.360486014813E+01,9.926490980266E-03,6.727179129743E+00
0,0.9350,2.357509238515E+01,9.796393091771E-03,6.719984285754E+00
0,0.9360,2.354538736049E+01,9.666573190219E-03,6.712804815363E+00
0,0.9370,2.351574487399E+01,9.537030385574E-03,6.705640669349E+00
0,0.9380,2.348616472621E+01,9.407763791601E-03,6.698491798699E+00
0,0.9390,2.345664671910E+01,9.278772525836E-03,6.691358154611E+00
0,0.9400,2.342719065473E+01,9.150055709572E-03,6.684239688489E+00
0,0.9410,2.339847568555E+01,9.013733446944E-03,6.677136351944E+00
0,0.9420,2.336982086129E+01,8.877700615870E-03,6.670048096794E+00
0,0.9430,2.334122599103E+01,8.741956295573E-03,6.662974875058E+00
0,0.9440,2.331269088503E+01,8.606499569175E-03,6.655916638961E+00
0,0.9450,2.328421535441E+01,8.471329523680E-03,6.648873340931E+00
0,0.9460,2.325579921101E+01,8.336445249951E-03,6.641844933594E+00
0,0.9470,2.322744226734E+01,8.201845842692E-03,6.634831369778E+00
0,0.9480,2.319914433693E+01,8.067530400427E-03,6.627832602510E+00
0,0.9490,2.317090523385E+01,7.933498025480E-03,6.620848585015E+00
0,0.9500,2.314272477315E+01,7.799747823955E-03,6.613879270715E+00
0,0.9510,2.311460277043E+01,7.688742449398E-03,6.606924613228E+00
0,0.9520,2.308653904255E+01,7.577970279409E-03,6.599984566365E+00
0,0.9530,2.305853340653E+01,7.467430579872E-03,6.593059084134E+00
0,0.9540,2.303058568031E+01,7.357122619746E-03,6.586148120733E+00
0,0.9550,2.300269568319E+01,7.247045671056E-03,6.579251630555E+00
0,0.9560,2.297486323422E+01,7.137199008869E-03,6.572369568179E+00
0,0.9570,2.294708815416E+01,7.027581911284E-03,6.565501888380E+00
0,0.9580,2.291937026376E+01,6.918193659415E-03,6.558648546116E+00
0,0.9590,2.289170938508E+01,6.809033537372E-03,6.551809496538E+00
0,0.9600,2.286410534057E+01,6.700100832250E-03,6.544984694979E+00
0,0.9610,2.283655795355E+01,6.594108176361E-03,6.538174096961E+00
0,0.9620,2.280906704809E+01,6.488335879423E-03,6.531377658191E+00
0,0.9630,2.278163244900E+01,6.382783254962E-03,6.524595334558E+00
0,0.9640,2.275425398168E+01,6.277449619347E-03,6.517827082136E+00
0,0.9650,2.272693147257E+01,6.172334291786E-03,6.511072857181E+00
0,0.9660,2.269966474838E+01,6.067436594303E-03,6.504332616128E+00
0,0.9670,2.267245363689E+01,5.962755851726E-03,6.497606315594E+00
0,0.9680,2.264529796639E+01,5.858291391675E-03,6.490893912376E+00
0,0.9690,2.261819756607E+01,5.754042544545E-03,6.484195363446E+00
0,0.9700,2.259115226564E+01,5.650008643492E-03,6.477510625958E+00
0,0.9710,2.256416189555E+01,5.564216783703E-03,6.470839657240E+00
0,0.9720,2.253722628711E+01,5.478601450375E-03,6.464182414794E+00
0,0.9730,2.251034527216E+01,5.393162099232E-03,6.457538856300E+00
0,0.9740,2.248351868309E+01,5.307898188236E-03,6.450908939609E+00
0,0.9750,2.245674635354E+01,5.222809177569E-03,6.444292622748E+00
0,0.9760,2.243002811706E+01,5.137894529630E-03,6.437689863914E+00
0,0.9770,2.240336380846E+01,5.053153709015E-03,6.431100621473E+00
0,0.9780,2.237675326291E+01,4.968586182511E-03,6.424524853967E+00
0,0.9790,2.235019631654E+01,4.884191419085E-03,6.417962520102E+00
0,0.9800,2.232369280586E+01,4.799968889870E-03,6.411413578755E+00
0,0.9810,2.229724256822E+01,4.714195155978E-03,6.404877988970E+00
0,0.9820,2.227084544159E+01,4.628596114007E-03,6.398355709959E+00
0,0.9830,2.224450126459E+01,4.543171230820E-03,6.391846701098E+00
0,0.9840,2.221820987643E+01,4.457919975444E-03,6.385350921930E+00
0,0.9850,2.219197111729E+01,4.372841819064E-03,6.378868332162E+00
0,0.9860,2.216578482740E+01,4.287936235009E-03,6.372398891663E+00
0,0.9870,2.213965084810E+01,4.203202698743E-03,6.365942560466E+00
0,0.9880,2.211356902145E+01,4.118640687855E-03,6.359499298765E+00
0,0.9890,2.208753918977E+01,4.034249682044E-03,6.353069066916E+00
0,0.9900,2.206156119632E+01,3.950029163114E-03,6.346651825434E+00
0,0.9910,2.203628082204E+01,3.874347741704E-03,6.340247534995E+00
0,0.9920,2.201105070597E+01,3.798818903806E-03,6.333856156431E+00
0,0.9930,2.198587069681E+01,3.723442188441E-03,6.327477650735E+00
0,0.9940,2.196074064435E+01,3.648217136487E-03,6.321111979054E+00
0,0.9950,2.193566039834E+01,3.573143290668E-03,6.314759102693E+00
0,0.9960,2.191062980956E+01,3.498220195543E-03,6.308418983112E+00
0,0.9970,2.188564872934E+01,3.423447397500E-03,6.302091581925E+00
0,0.9980,2.186071700943E+01,3.348824444743E-03,6.295776860901E+00
0,0.9990,2.183583450248E+01,3.274350887287E-03,6.289474781962E+00
0,1.0000,2.181100106135E+01,3.200026276947E-03,6.283185307180E+00
0,1.0010,2.178557688844E+01,3.134945407595E-03,6.276908398781E+00
0,1.0020,2.176020273220E+01,3.069994440179E-03,6.270644019141E+00
0,1.0030,2.173487844389E+01,3.005172986158E-03,6.264392130787E+00
0,1.0040,2.170960387507E+01,2.940480658538E-03,6.258152696394E+00
0,1.0050,2.168437887828E+01,2.875917071870E-03,6.251925678786E+00
0,1.0060,2.165920330609E+01,2.811481842232E-03,6.245711040934E+00
0,1.0070,2.163407701206E+01,2.747174587232E-03,6.239508745958E+00
0,1.0080,2.160899985017E+01,2.682994925991E-03,6.233318757123E+00
0,1.0090,2.158397167508E+01,2.618942479143E-03,6.227141037839E+00
0,1.0100,2.155899234190E+01,2.555016868823E-03,6.220975551663E+00
0,1.0110,2.153469519991E+01,2.498513919999E-03,6.214822262294E+00
0,1.0120,2.151044539337E+01,2.442122637081E-03,6.208681133577E+00
0,1.0130,2.148624278280E+01,2.385842689371E-03,6.202552129496E+00
0,1.0140,2.146208722897E+01,2.329673747476E-03,6.196435214181E+00
0,1.0150,2.143797859394E+01,2.273615483298E-03,6.190330351901E+00
0,1.0160,2.141391673952E+01,2.217667570034E-03,6.184237507067E+00
0,1.0170,2.138990152858E+01,2.161829682165E-03,6.178156644228E+00
0,1.0180,2.136593282400E+01,2.106101495451E-03,6.172087728074E+00
0,1.0190,2.134201048990E+01,2.050482686924E-03,6.166030723434E+00
0,1.0200,2.131813439034E+01,1.994972934885E-03,6.159985595274E+00
0,1.0210,2.129430439044E+01,1.946045876722E-03,6.153952308697E+00
0,1.0220,2.127052035521E+01,1.897214566227E-03,6.147930828943E+00
0,1.0230,2.124678215061E+01,1.848478722614E-03,6.141921121388E+00
0,1.0240,2.122308964316E+01,1.799838066196E-03,6.135923151543E+00
0,1.0250,2.119944269966E+01,1.751292318375E-03,6.129936885053E+00
0,1.0260,2.117584118760E+01,1.702841201642E-03,6.123962287699E+00
0,1.0270,2.115228497494E+01,1.654484439567E-03,6.117999325394E+00
0,1.0280,2.112877393014E+01,1.606221756795E-03,6.112047964182E+00
0,1.0290,2.110530792213E+01,1.558052879044E-03,6.106108170243E+00
0,1.0300,2.108188682045E+01,1.509977533093E-03,6.100179909883E+00
0,1.0310,2.105851049511E+01,1.471648759615E-03,6.094263149544E+00
0,1.0320,2.103517881641E+01,1.433394266705E-03,6.088357855794E+00
0,1.0330,2.101189165571E+01,1.395213838642E-03,6.082463995334E+00
0,1.0340,2.098864888428E+01,1.357107260535E-03,6.076581534990E+00
0,1.0350,2.096545037411E+01,1.319074318329E-03,6.070710441719E+00
0,1.0360,2.094229599775E+01,1.281114798791E-03,6.064850682606E+00
0,1.0370,2.091918562808E+01,1.243228489512E-03,6.059002224860E+00
0,1.0380,2.089611913851E+01,1.205415178903E-03,6.053165035818E+00
0,1.0390,2.087309640324E+01,1.167674656187E-03,6.047339082945E+00
0,1.0400,2.085011729658E+01,1.130006711399E-03,6.041524333827E+00
0,1.0410,2.082718169338E+01,1.098235605911E-03,6.035720756176E+00
0,1.0420,2.080428946921E+01,1.066525481431E-03,6.029928317831E+00
0,1.0430,2.078144049987E+01,1.034876162560E-03,6.024146986749E+00
0,1.0440,2.075863466161E+01,1.003287474567E-03,6.018376731015E+00
0,1.0450,2.073587183146E+01,9.717592433936E-04,6.012617518832E+00
0,1.0460,2.071315188648E+01,9.402912956450E-04,6.006869318527E+00
0,1.0470,2.069047470468E+01,9.088834585892E-04,6.001132098548E+00
0,1.0480,2.066784016403E+01,8.775355601539E-04,5.995405827461E+00
0,1.0490,2.064524814353E+01,8.462474289223E-04,5.989690473956E+00
0,1.0500,2.062269852192E+01,8.150188941313E-04,5.983986006838E+00
0,1.0510,2.060019117917E+01,7.887944313071E-04,5.978292395033E+00
0,1.0520,2.057772599531E+01,7.626198248760E-04,5.972609607585E+00
0,1.0530,2.055530285080E+01,7.364949327972E-04,5.966937613656E+00
0,1.0540,2.053292162662E+01,7.104196135686E-04,5.961276382523E+00
0,1.0550,2.051058220422E+01,6.843937262248E-04,5.955625883583E+00
0,1.0560,2.048828446551E+01,6.584171303343E-04,5.949986086344E+00
0,1.0570,2.046602829276E+01,6.324896859971E-04,5.944356960435E+00
0,1.0580,2.044381356875E+01,6.066112538419E-04,5.938738475595E+00
0,1.0590,2.042164017691E+01,5.807816950242E-04,5.933130601680E+00
0,1.0600,2.039950800046E+01,5.550008712231E-04,5.927533308660E+00
0,1.0610,2.037741692384E+01,5.393691167034E-04,5.921946566616E+00
0,1.0620,2.035536683151E+01,5.237668005161E-04,5.916370345743E+00
0,1.0630,2.033335760853E+01,5.081938395803E-04,5.910804616350E+00
0,1.0640,2.031138914002E+01,4.926501511275E-04,5.905249348853E+00
0,1.0650,2.028946131199E+01,4.771356527000E-04,5.899704513784E+00
0,1.0660,2.026757401069E+01,4.616502621494E-04,5.894170081782E+00
0,1.0670,2.024572712289E+01,4.461938976355E-04,5.888646023598E+00
0,1.0680,2.022392053545E+01,4.307664776244E-04,5.883132310093E+00
0,1.0690,2.020215413615E+01,4.153679208874E-04,5.877628912235E+00
0,1.0700,2.018042781276E+01,3.999981464995E-04,5.872135801102E+00
0,1.0710,2.015874145367E+01,3.909226591861E-04,5.866652947880E+00
0,1.0720,2.013709494796E+01,3.818641037520E-04,5.861180323862E+00
0,1.0730,2.011548818444E+01,3.728224328574E-04,5.855717900447E+00
0,1.0740,2.009392105289E+01,3.637975993388E-04,5.850265649143E+00
0,1.0750,2.007239344330E+01,3.547895562081E-04,5.844823541562E+00
0,1.0760,2.005090524612E+01,3.457982566521E-04,5.839391549423E+00
0,1.0770,2.002945635213E+01,3.368236540311E-04,5.833969644549E+00
0,1.0780,2.000804665263E+01,3.278657018788E-04,5.828557798868E+00
0,1.0790,1.998667603925E+01,3.189243539010E-04,5.823155984411E+00
0,1.0800,1.996534440405E+01,3.099995639751E-04,5.817764173314E+00
0,1.0810,1.994464518337E+01,3.024374338983E-04,5.812382337816E+00
0,1.0820,1.992398365892E+01,2.948892818808E-04,5.807010450258E+00
0,1.0830,1.990335972711E+01,2.873550692023E-04,5.801648483084E+00
0,1.0840,1.988277328415E+01,2.798347572851E-04,5.796296408837E+00
0,1.0850,1.986222422740E+01,2.723283076941E-04,5.790954200166E+00
0,1.0860,1.984171245371E+01,2.648356821354E-04,5.785621829815E+00
0,1.0870,1.982123786116E+01,2.573568424564E-04,5.780299270634E+00
0,1.0880,1.980080034767E+01,2.498917506444E-04,5.774986495569E+00
0,1.0890,1.978039981184E+01,2.424403688265E-04,5.769683477667E+00
0,1.0900,1.976003615237E+01,2.350026592689E-04,5.764390190073E+00
0,1.0910,1.973912101814E+01,2.289527072121E-04,5.759106606031E+00
0,1.0920,1.971824360689E+01,2.229138356536E-04,5.753832698882E+00
0,1.0930,1.969740381559E+01,2.168860141802E-04,5.748568442067E+00
0,1.0940,1.967660154167E+01,2.108692124902E-04,5.743313809122E+00
0,1.0950,1.965583668301E+01,2.048634003923E-04,5.738068773680E+00
0,1.0960,1.963510913771E+01,1.988685478055E-04,5.732833309470E+00
0,1.0970,1.961441880447E+01,1.928846247586E-04,5.727607390319E+00
0,1.0980,1.959376558200E+01,1.869116013893E-04,5.722390990145E+00
0,1.0990,1.957314936989E+01,1.809494479443E-04,5.717184082966E+00
0,1.1000,1.955257006744E+01,1.749981347782E-04,5.711986642891E+00
0,1.1010,1.953261063073E+01,1.709654151404E-04,5.706798644123E+00
0,1.1020,1.951268687532E+01,1.669400144129E-04,5.701620060962E+00
0,1.1030,1.949279870482E+01,1.629219126895E-04,5.696450867797E+00
0,1.1040,1.947294602309E+01,1.589110901359E-04,5.691291039112E+00
0,1.1050,1.945312873422E+01,1.549075269896E-04,5.686140549484E+00
0,1.1060,1.943334674314E+01,1.509112035597E-04,5.680999373580E+00
0,1.1070,1.941359995456E+01,1.469221002263E-04,5.675867486160E+00
0,1.1080,1.939388827370E+01,1.429401974404E-04,5.670744862075E+00
0,1.1090,1.937421160606E+01,1.389654757236E-04,5.665631476267E+00
0,1.1100,1.935456985813E+01,1.349979156675E-04,5.660527303765E+00
0,1.1110,1.933438498470E+01,1.314695729630E-04,5.655432319694E+00
0,1.1120,1.931423585435E+01,1.279475761986E-04,5.650346499262E+00
0,1.1130,1.929412237087E+01,1.244319082694E-04,5.645269817771E+00
0,1.1140,1.927404443914E+01,1.209225521317E-04,5.640202250610E+00
0,1.1150,1.925400196399E+01,1.174194908033E-04,5.635143773255E+00
0,1.1160,1.923399485071E+01,1.139227073626E-04,5.630094361272E+00
0,1.1170,1.921402300500E+01,1.104321849486E-04,5.625053990313E+00
0,1.1180,1.919408633278E+01,1.069479067608E-04,5.620022636118E+00
0,1.1190,1.917418474011E+01,1.034698560586E-04,5.615000274513E+00
0,1.1200,1.915431813373E+01,9.999801616114E-05,5.609986881410E+00
0,1.1210,1.913505936079E+01,9.747793098372E-05,5.604982432810E+00
0,1.1220,1.911583439558E+01,9.496233793674E-05,5.599986904795E+00
0,1.1230,1.909664314852E+01,9.245122501986E-05,5.595000273535E+00
0,1.1240,1.907748552989E+01,8.994458027543E-05,5.590022515284E+00
0,1.1250,1.905836145110E+01,8.744239178832E-05,5.585053606382E+00
0,1.1260,1.903927082301E+01,8.494464768573E-05,5.580093523250E+00
0,1.1270,1.902021355704E+01,8.245133613701E-05,5.575142242395E+00
0,1.1280,1.900118956515E+01,7.996244535344E-05,5.570199740407E+00
0,1.1290,1.898219875956E+01,7.747796358810E-05,5.565265993959E+00
0,1.1300,1.896324105285E+01,7.499787913561E-05,5.560340979805E+00
0,1.1310,1.894374834390E+01,7.247818136859E-05,5.555424674783E+00
0,1.1320,1.892428953480E+01,6.996293536442E-05,5.550517055812E+00
0,1.1330,1.890486453650E+01,6.745212933554E-05,5.545618099894E+00
0,1.1340,1.888547326017E+01,6.494575153599E-05,5.540727784109E+00
0,1.1350,1.886611561711E+01,6.244379026119E-05,5.535846085621E+00
0,1.1360,1.884679151916E+01,5.994623384780E-05,5.530972981672E+00
0,1.1370,1.882750087813E+01,5.745307067347E-05,5.526108449586E+00
0,1.1380,1.880824360675E+01,5.496428915675E-05,5.521252466766E+00
0,1.1390,1.878901961756E+01,5.247987775683E-05,5.516405010693E+00
0,1.1400,1.876982882347E+01,4.999982497339E-05,5.511566058929E+00
0,1.1410,1.875123431458E+01,4.838724508270E-05,5.506735589114E+00
0,1.1420,1.873267186920E+01,4.677748932491E-05,5.501913578966E+00
0,1.1430,1.871414140366E+01,4.517055028761E-05,5.497100006281E+00
0,1.1440,1.869564283485E+01,4.356642058429E-05,5.492294848933E+00
0,1.1450,1.867717607962E+01,4.196509285426E-05,5.487498084873E+00
0,1.1460,1.865874105541E+01,4.036655976249E-05,5.482709692129E+00
0,1.1470,1.864033767954E+01,3.877081399957E-05,5.477929648805E+00
0,1.1480,1.862196586998E+01,3.717784828153E-05,5.473157933083E+00
0,1.1490,1.860362554488E+01,3.558765534977E-05,5.468394523220E+00
0,1.1500,1.858531662234E+01,3.400022797094E-05,5.463639397547E+00
0,1.1510,1.856703902159E+01,3.269003205344E-05,5.458892534474E+00
0,1.1520,1.854879266122E+01,3.138211078164E-05,5.454153912482E+00
0,1.1530,1.853057746060E+01,3.007645823711E-05,5.449423510130E+00
0,1.1540,1.851239333930E+01,2.877306852194E-05,5.444701306048E+00
0,1.1550,1.849424021715E+01,2.747193575866E-05,5.439987278943E+00
0,1.1560,1.847611801403E+01,2.617305409013E-05,5.435281407595E+00
0,1.1570,1.845802665066E+01,2.487641767945E-05,5.430583670855E+00
0,1.1580,1.843996604732E+01,2.358202070990E-05,5.425894047651E+00
0,1.1590,1.842193612524E+01,2.228985738481E-05,5.421212516980E+00
0,1.1600,1.840393680525E+01,2.099992192753E-05,5.416539057913E+00
0,1.1610,1.838596800936E+01,1.999216480518E-05,5.411873649595E+00
0,1.1620,1.836802965880E+01,1.898614220455E-05,5.407216271239E+00
0,1.1630,1.835012167581E+01,1.798184965139E-05,5.402566902132E+00
0,1.1640,1.833224398257E+01,1.697928268680E-05,5.397925521632E+00
0,1.1650,1.831439650158E+01,1.597843686722E-05,5.393292109167E+00
0,1.1660,1.829657915579E+01,1.497930776431E-05,5.388666644236E+00
0,1.1670,1.827879186817E+01,1.398189096492E-05,5.384049106409E+00
0,1.1680,1.826103456202E+01,1.298618207101E-05,5.379439475325E+00
0,1.1690,1.824330716093E+01,1.199217669959E-05,5.374837730693E+00
0,1.1700,1.822560958864E+01,1.099987048265E-05,5.370243852290E+00
0,1.1710,1.820794176966E+01,1.021892751207E-05,5.365657819965E+00
0,1.1720,1.819030362784E+01,9.439317208681E-06,5.361079613634E+00
0,1.1730,1.817269508832E+01,8.661036164121E-06,5.356509213282E+00
0,1.1740,1.815511607545E+01,7.884080981646E-06,5.351946598960E+00
0,1.1750,1.813756651483E+01,7.108448276079E-06,5.347391750791E+00
0,1.1760,1.812004633155E+01,6.334134673751E-06,5.342844648962E+00
0,1.1770,1.810255545141E+01,5.561136812465E-06,5.338305273729E+00
0,1.1780,1.808509380028E+01,4.789451341435E-06,5.333773605416E+00
0,1.1790,1.806766130428E+01,4.019074921247E-06,5.329249624410E+00
0,1.1800,1.805025788981E+01,3.250004223805E-06,5.324733311169E+00
0,1.1810,1.803288348360E+01,3.103898861971E-06,5.320224646215E+00
0,1.1820,1.801553801245E+01,2.958040717332E-06,5.315723610135E+00
0,1.1830,1.799822140352E+01,2.812429162962E-06,5.311230183584E+00
0,1.1840,1.798093358417E+01,2.667063574056E-06,5.306744347280E+00
0,1.1850,1.796367448208E+01,2.521943327916E-06,5.302266082008E+00
0,1.1860,1.794644402518E+01,2.377067803945E-06,5.297795368617E+00
0,1.1870,1.792924214144E+01,2.232436383636E-06,5.293332188020E+00
0,1.1880,1.791206875927E+01,2.088048450568E-06,5.288876521195E+00
0,1.1890,1.789492380743E+01,1.943903390389E-06,5.284428349184E+00
0,1.1900,1.787780721455E+01,1.800000590816E-06,5.279987653092E+00
0,1.1910,1.786071890991E+01,1.729469176907E-06,5.275554414089E+00
0,1.1920,1.784365882258E+01,1.659056104298E-06,5.271128613406E+00
0,1.1930,1.782662688225E+01,1.588761075397E-06,5.266710232338E+00
0,1.1940,1.780962301886E+01,1.518583793614E-06,5.262299252244E+00
0,1.1950,1.779264716234E+01,1.448523963348E-06,5.257895654544E+00
0,1.1960,1.777569924267E+01,1.378581289990E-06,5.253499420719E+00
0,1.1970,1.775877919070E+01,1.308755479911E-06,5.249110532314E+00
0,1.1980,1.774188693704E+01,1.239046240467E-06,5.244728970935E+00
0,1.1990,1.772502241253E+01,1.169453279988E-06,5.240354718248E+00
0,1.2000,1.770818554856E+01,1.099976307777E-06,5.235987755983E+00
0,1.2010,1.769137627640E+01,1.054643901810E-06,5.231628065928E+00
0,1.2020,1.767459452778E+01,1.009386924140E-06,5.227275629933E+00
0,1.2030,1.765784023436E+01,9.642051866653E-07,5.222930429908E+00
0,1.2040,1.764111332858E+01,9.190985019106E-07,5.218592447824E+00
0,1.2050,1.762441374240E+01,8.740666830228E-07,5.214261665709E+00
0,1.2060,1.760774140870E+01,8.291095437683E-07,5.209938065655E+00
0,1.2070,1.759109625991E+01,7.842268985307E-07,5.205621629809E+00
0,1.2080,1.757447822932E+01,7.394185623084E-07,5.201312340380E+00
0,1.2090,1.755788725007E+01,6.946843507119E-07,5.197010179636E+00
0,1.2100,1.754132325521E+01,6.500240799609E-07,5.192715129900E+00
0,1.2110,1.752531769371E+01,6.258431321134E-07,5.188427173559E+00
0,1.2120,1.750933813202E+01,6.017020868201E-07,5.184146293052E+00
0,1.2130,1.749338450627E+01,5.776008453938E-07,5.179872470882E+00
0,1.2140,1.747745675289E+01,5.535393094723E-07,5.175605689604E+00
0,1.2150,1.746155480856E+01,5.295173810173E-07,5.171345931835E+00
0,1.2160,1.744567860991E+01,5.055349623130E-07,5.167093180246E+00
0,1.2170,1.742982809421E+01,4.815919559649E-07,5.162847417567E+00
0,1.2180,1.741400319842E+01,4.576882648981E-07,5.158608626584E+00
0,1.2190,1.739820386022E+01,4.338237923565E-07,5.154376790139E+00
0,1.2200,1.738243001695E+01,4.099984419010E-07,5.150151891131E+00
0,1.2210,1.736615432440E+01,3.923697419283E-07,5.145933912514E+00
0,1.2220,1.734990484129E+01,3.747698941650E-07,5.141722837299E+00
0,1.2230,1.733368150402E+01,3.571988278372E-07,5.137518648552E+00
0,1.2240,1.731748424895E+01,3.396564724021E-07,5.133321329395E+00
0,1.2250,1.730131301260E+01,3.221427575472E-07,5.129130863004E+00
0,1.2260,1.728516773198E+01,3.046576131897E-07,5.124947232610E+00
0,1.2270,1.726904834386E+01,2.872009694750E-07,5.120770421499E+00
0,1.2280,1.725295478563E+01,2.697727567761E-07,5.116600413013E+00
0,1.2290,1.723688699468E+01,2.523729056926E-07,5.112437190545E+00
0,1.2300,1.722084490877E+01,2.350013470500E-07,5.108280737544E+00
0,1.2310,1.720482846564E+01,2.234170029478E-07,5.104131037514E+00
0,1.2320,1.718883760323E+01,2.118514645991E-07,5.099988074009E+00
0,1.2330,1.717287225973E+01,2.003046862477E-07,5.095851830640E+00
0,1.2340,1.715693237408E+01,1.887766222858E-07,5.091722291069E+00
0,1.2350,1.714101788438E+01,1.772672272535E-07,5.087599439012E+00
0,1.2360,1.712512872975E+01,1.657764558377E-07,5.083483258236E+00
0,1.2370,1.710926484914E+01,1.543042628720E-07,5.079373732562E+00
0,1.2380,1.709342618180E+01,1.428506033360E-07,5.075270845864E+00
0,1.2390,1.707761266708E+01,1.314154323546E-07,5.071174582066E+00
0,1.2400,1.706182424478E+01,1.199987051973E-07,5.067084925145E+00
0,1.2410,1.704606085454E+01,1.129480782344E-07,5.063001859129E+00
0,1.2420,1.703032243660E+01,1.059088049382E-07,5.058925368100E+00
0,1.2430,1.701460893091E+01,9.888085790628E-08,5.054855436186E+00
0,1.2440,1.699892027798E+01,9.186420982460E-08,5.050792047572E+00
0,1.2450,1.698325641861E+01,8.485883346674E-08,5.046735186490E+00
0,1.2460,1.696761729306E+01,7.786470169373E-08,5.042684837223E+00
0,1.2470,1.695200284269E+01,7.088178745364E-08,5.038640984106E+00
0,1.2480,1.693641300885E+01,6.391006378123E-08,5.034603611522E+00
0,1.2490,1.692084773232E+01,5.694950379766E-08,5.030572703907E+00
0,1.2500,1.690530695490E+01,5.000008071006E-08,5.026548245744E+00
0,1.2510,1.688979061862E+01,4.677703386674E-08,5.022530221566E+00
0,1.2520,1.687429866497E+01,4.355913566056E-08,5.018518615958E+00
0,1.2530,1.685883103636E+01,4.034637376436E-08,5.014513413551E+00
0,1.2540,1.684338767454E+01,3.713873589032E-08,5.010514599027E+00
0,1.2550,1.682796852281E+01,3.393620978979E-08,5.006522157115E+00
0,1.2560,1.681257352298E+01,3.073878325311E-08,5.002536072595E+00
0,1.2570,1.679720261829E+01,2.754644410949E-08,4.998556330294E+00
0,1.2580,1.678185575161E+01,2.435918022683E-08,4.994582915087E+00
0,1.2590,1.676653286642E+01,2.117697951157E-08,4.990615811898E+00
0,1.2600,1.675123390591E+01,1.799982990857E-08,4.986655005698E+00
0,1.2610,1.673646984274E+01,1.719415334057E-08,4.982700481506E+00
0,1.2620,1.672172880451E+01,1.638975359756E-08,4.978752224390E+00
0,1.2630,1.670701073737E+01,1.558662764670E-08,4.974810219461E+00
0,1.2640,1.669231558674E+01,1.478477246474E-08,4.970874451883E+00
0,1.2650,1.667764329906E+01,1.398418503802E-08,4.966944906861E+00
0,1.2660,1.666299382058E+01,1.318486236237E-08,4.963021569652E+00
0,1.2670,1.664836709750E+01,1.238680144311E-08,4.959104425556E+00
0,1.2680,1.663376307646E+01,1.158999929502E-08,4.955193459921E+00
0,1.2690,1.661918170452E+01,1.079445294227E-08,4.951288658140E+00
0,1.2700,1.660462292827E+01,1.000015941843E-08,4.947390005653E+00
0,1.2710,1.658957957399E+01,9.597306023098E-09,4.943497487946E+00
0,1.2720,1.657455948469E+01,9.195086045058E-09,4.939611090550E+00
0,1.2730,1.655956260588E+01,8.793497991572E-09,4.935730799041E+00
0,1.2740,1.654458888330E+01,8.392540374590E-09,4.931856599042E+00
0,1.2750,1.652963826297E+01,7.992211710732E-09,4.927988476219E+00
0,1.2760,1.651471069105E+01,7.592510521269E-09,4.924126416285E+00
0,1.2770,1.649980611393E+01,7.193435332103E-09,4.920270404996E+00
0,1.2780,1.648492447802E+01,6.794984673750E-09,4.916420428153E+00
0,1.2790,1.647006573021E+01,6.397157081320E-09,4.912576471602E+00
0,1.2800,1.645522981672E+01,5.999951094504E-09,4.908738521234E+00
0,1.2810,1.644091996110E+01,5.753234677582E-09,4.904906562982E+00
0,1.2820,1.642663207156E+01,5.506903153666E-09,4.901080582823E+00
0,1.2830,1.641236609720E+01,5.260955622772E-09,4.897260566781E+00
0,1.2840,1.639812198698E+01,5.015391187721E-09,4.893446500919E+00
0,1.2850,1.638389969053E+01,4.770208954126E-09,4.889638371346E+00
0,1.2860,1.636969915710E+01,4.525408030380E-09,4.885836164214E+00
0,1.2870,1.635552033685E+01,4.280987527650E-09,4.882039865718E+00
0,1.2880,1.634136317928E+01,4.036946559863E-09,4.878249462096E+00
0,1.2890,1.632722763461E+01,3.793284243693E-09,4.874464939627E+00
0,1.2900,1.631311365288E+01,3.549999698556E-09,4.870686284635E+00
0,1.2910,1.629852169716E+01,3.419094326591E-09,4.866913483485E+00
0,1.2920,1.628395195666E+01,3.288391594520E-09,4.863146522585E+00
0,1.2930,1.626940437958E+01,3.157891032182E-09,4.859385388383E+00
0,1.2940,1.625487891568E+01,3.027592170868E-09,4.855630067372E+00
0,1.2950,1.624037551370E+01,2.897494543316E-09,4.851880546085E+00
0,1.2960,1.622589412336E+01,2.767597683708E-09,4.848136811095E+00
0,1.2970,1.621143469372E+01,2.637901127662E-09,4.844398849020E+00
0,1.2980,1.619699717495E+01,2.508404412225E-09,4.840666646517E+00
0,1.2990,1.618258151667E+01,2.379107075874E-09,4.836940190285E+00
0,0.3000,1.040281233881E+02,8.867668863533E+01,2.094395102393E+01
0,0.3010,1.039844830773E+02,8.705447177761E+01,2.087436979129E+01
0,0.3020,1.039411317120E+02,8.544299807790E+01,2.080524936152E+01
0,0.3030,1.038980664320E+02,8.384216116828E+01,2.073658517221E+01
0,0.3040,1.038552844145E+02,8.225185608043E+01,2.066837272099E+01
0,0.3050,1.038127828740E+02,8.067197922267E+01,2.060060756452E+01
0,0.3060,1.037705590613E+02,7.910242835745E+01,2.053328531758E+01
0,0.3070,1.037286102629E+02,7.754310257929E+01,2.046640165205E+01
0,0.3080,1.036869338006E+02,7.599390229320E+01,2.039995229604E+01
0,0.3090,1.036455270310E+02,7.445472919343E+01,2.033393303294E+01
0,0.3100,1.036043873445E+02,7.292548624268E+01,2.026833970058E+01
0,0.3110,1.032518164961E+02,7.209500568704E+01,2.020316819029E+01
0,0.3120,1.029015013618E+02,7.126984872471E+01,2.013841444609E+01
0,0.3130,1.025534203194E+02,7.044996433082E+01,2.007407446383E+01
0,0.3140,1.022075520214E+02,6.963530213053E+01,2.001014429038E+01
0,0.3150,1.018638753921E+02,6.882581238864E+01,1.994662002279E+01
0,0.3160,1.015223696221E+02,6.802144599956E+01,1.988349780753E+01
0,0.3170,1.011830141648E+02,6.722215447729E+01,1.982077383968E+01
0,0.3180,1.008457887319E+02,6.642788994572E+01,1.975844436220E+01
0,0.3190,1.005106732897E+02,6.563860512908E+01,1.969650566514E+01
0,0.3200,1.001776480547E+02,6.485425334254E+01,1.963495408494E+01
0,0.3210,1.000271234186E+02,6.425486731426E+01,1.957378600367E+01
0,0.3220,9.987753282973E+01,6.365920418057E+01,1.951299784838E+01
0,0.3230,9.972886761708E+01,6.306722936349E+01,1.945258609034E+01
0,0.3240,9.958111921652E+01,6.247890871195E+01,1.939254724438E+01
0,0.3250,9.943427916938E+01,6.189420849519E+01,1.933287786824E+01
0,0.3260,9.928833912068E+01,6.131309539632E+01,1.927357456190E+01
0,0.3270,9.914329081771E+01,6.073553650601E+01,1.921463396691E+01
0,0.3280,9.899912610825E+01,6.016149931624E+01,1.915605276579E+01
0,0.3290,9.885583693922E+01,5.959095171426E+01,1.909782768140E+01
0,0.3300,9.871341535521E+01,5.902386197654E+01,1.903995547630E+01
0,0.3310,9.861560057181E+01,5.861205822652E+01,1.898243295220E+01
0,0.3320,9.851837463950E+01,5.820273522199E+01,1.892525694934E+01
0,0.3330,9.842173225576E+01,5.779587061388E+01,1.886842434588E+01
0,0.3340,9.832566818147E+01,5.739144232079E+01,1.881193205742E+01
0,0.3350,9.823017724010E+01,5.698942852497E+01,1.875577703636E+01
0,0.3360,9.813525431667E+01,5.658980766841E+01,1.869995627137E+01
0,0.3370,9.804089435699E+01,5.619255844899E+01,1.864446678688E+01
0,0.3380,9.794709236654E+01,5.579765981666E+01,1.858930564254E+01
0,0.3390,9.785384340982E+01,5.540509096977E+01,1.853446993268E+01
0,0.3400,9.776114260934E+01,5.501483135139E+01,1.847995678582E+01
0,0.3410,9.782961618885E+01,5.478163705799E+01,1.842576336416E+01
0,0.3420,9.789768917955E+01,5.454980647391E+01,1.837188686310E+01
0,0.3430,9.796536508674E+01,5.431932767166E+01,1.831832451073E+01
0,0.3440,9.803264737493E+01,5.409018886245E+01,1.826507356738E+01
0,0.3450,9.809953946834E+01,5.386237839416E+01,1.821213132516E+01
0,0.3460,9.816604475164E+01,5.363588474938E+01,1.815949510746E+01
0,0.3470,9.823216657056E+01,5.341069654348E+01,1.810716226853E+01
0,0.3480,9.829790823214E+01,5.318680252267E+01,1.805513019304E+01
0,0.3490,9.836327300575E+01,5.296419156215E+01,1.800339629564E+01
0,0.3500,9.842826412314E+01,5.274285266427E+01,1.795195802051E+01
0,0.3510,9.910093504020E+01,5.264271040272E+01,1.790081284097E+01
0,0.3520,9.976976650299E+01,5.254313713129E+01,1.784995825903E+01
0,0.3530,1.004347916191E+02,5.244412801437E+01,1.779939180504E+01
0,0.3540,1.010960431050E+02,5.234567827100E+01,1.774911103723E+01
0,0.3550,1.017535532923E+02,5.224778317407E+01,1.769911354135E+01
0,0.3560,1.024073541339E+02,5.215043804959E+01,1.764939693028E+01
0,0.3570,1.030574772099E+02,5.205363827595E+01,1.759995884364E+01
0,0.3580,1.037039537331E+02,5.195737928317E+01,1.755079694743E+01
0,0.3590,1.043468145557E+02,5.186165655219E+01,1.750190893365E+01
0,0.3600,1.049860901734E+02,5.176646561415E+01,1.745329251994E+01
0,0.3610,1.062024059871E+02,5.023937503926E+01,1.740494544925E+01
0,0.3620,1.074119548266E+02,4.872072142888E+01,1.735686548945E+01
0,0.3630,1.086147945152E+02,4.721043505601E+01,1.730905043300E+01
0,0.3640,1.098109821409E+02,4.570844695992E+01,1.726149809665E+01
0,0.3650,1.110005740728E+02,4.421468893559E+01,1.721420632104E+01
0,0.3660,1.121836259770E+02,4.272909352342E+01,1.716717297044E+01
0,0.3670,1.133601928318E+02,4.125159399904E+01,1.712039593237E+01
0,0.3680,1.145303289416E+02,3.978212436339E+01,1.707387311734E+01
0,0.3690,1.156940879509E+02,3.832061933281E+01,1.702760245848E+01
0,0.3700,1.168515228577E+02,3.686701432942E+01,1.698158191130E+01
0,0.3710,1.160692393768E+02,3.469300566511E+01,1.693580945331E+01
0,0.3720,1.152911465972E+02,3.253068521943E+01,1.689028308382E+01
0,0.3730,1.145172106325E+02,3.037995898525E+01,1.684500082354E+01
0,0.3740,1.137473979558E+02,2.824073396088E+01,1.679996071438E+01
0,0.3750,1.129816753951E+02,2.611291813664E+01,1.675516081915E+01
0,0.3760,1.122200101281E+02,2.399642048168E+01,1.671059922122E+01
0,0.3770,1.114623696778E+02,2.189115093098E+01,1.666627402435E+01
0,0.3780,1.107087219078E+02,1.979702037262E+01,1.662218335233E+01
0,0.3790,1.099590350178E+02,1.771394063515E+01,1.657832534876E+01
0,0.3800,1.092132775389E+02,1.564182447524E+01,1.653469817679E+01
0,0.3810,1.079725482151E+02,1.477455568688E+01,1.649130001884E+01
0,0.3820,1.067382677989E+02,1.391182757281E+01,1.644812907639E+01
0,0.3830,1.055103845323E+02,1.305360456638E+01,1.640518356966E+01
0,0.3840,1.042888471529E+02,1.219985147144E+01,1.636246173745E+01
0,0.3850,1.030736048851E+02,1.135053345752E+01,1.631996183683E+01
0,0.3860,1.018646074325E+02,1.050561605506E+01,1.627768214295E+01
0,0.3870,1.006618049683E+02,9.665065150811E+00,1.623562094878E+01
0,0.3880,9.946514812843E+01,8.828846983181E+00,1.619377656490E+01
0,0.3890,9.827458800242E+01,7.996928137750E+00,1.615214731923E+01
0,0.3900,9.709007612519E+01,7.169275542807E+00,1.611073155687E+01
0,0.3910,9.615472823259E+01,6.911503837898E+00,1.606952763985E+01
0,0.3920,9.522411485187E+01,6.655047294747E+00,1.602853394689E+01
0,0.3930,9.429819904381E+01,6.399895873954E+00,1.598774887323E+01
0,0.3940,9.337694422214E+01,6.146039638038E+00,1.594717083041E+01
0,0.3950,9.246031414800E+01,5.893468750152E+00,1.590679824602E+01
0,0.3960,9.154827292449E+01,5.642173472811E+00,1.586662956358E+01
0,0.3970,9.064078499209E+01,5.392144166640E+00,1.582666324227E+01
0,0.3980,8.973781512313E+01,5.143371289143E+00,1.578689775673E+01
0,0.3990,8.883932841679E+01,4.895845393489E+00,1.574733159694E+01
0,0.4000,8.794529029440E+01,4.649557127313E+00,1.570796326795E+01
0,0.4010,8.728030453783E+01,4.529847561859E+00,1.566879128972E+01
0,0.4020,8.661860182251E+01,4.410733566383E+00,1.562981419696E+01
0,0.4030,8.596015732955E+01,4.292210707361E+00,1.559103053891E+01
0,0.4040,8.530494647785E+01,4.174274595166E+00,1.555243887916E+01
0,0.4050,8.465294492193E+01,4.056920883525E+00,1.551403779551E+01
0,0.4060,8.400412854803E+01,3.940145268985E+00,1.547582587975E+01
0,0.4070,8.335847347161E+01,3.823943490389E+00,1.543780173754E+01
0,0.4080,8.271595603401E+01,3.708311328355E+00,1.539996398819E+01
0,0.4090,8.207655279975E+01,3.593244604766E+00,1.536231126450E+01
0,0.4100,8.144024055336E+01,3.478739182268E+00,1.532484221263E+01
0,0.4110,8.091739370791E+01,3.392308563657E+00,1.528755549192E+01
0,0.4120,8.039706536610E+01,3.306297511157E+00,1.525044977471E+01
0,0.4130,7.987923700488E+01,3.220702977070E+00,1.521352374620E+01
0,0.4140,7.936389027690E+01,3.135521943148E+00,1.517677610430E+01
0,0.4150,7.885100700807E+01,3.050751420233E+00,1.514020555947E+01
0,0.4160,7.834056919526E+01,2.966388447909E+00,1.510381083457E+01
0,0.4170,7.783255900469E+01,2.882430094157E+00,1.506759066470E+01
0,0.4180,7.732695876931E+01,2.798873455016E+00,1.503154379708E+01
0,0.4190,7.682375098697E+01,2.715715654249E+00,1.499566899088E+01
0,0.4200,7.632291831833E+01,2.632953843009E+00,1.495996501709E+01
0,0.4210,7.588583982315E+01,2.569986959374E+00,1.492443065838E+01
0,0.4220,7.545081625407E+01,2.507318496988E+00,1.488906470896E+01
0,0.4230,7.501783287598E+01,2.444946339389E+00,1.485386597442E+01
0,0.4240,7.458687509103E+01,2.382868390081E+00,1.481883327165E+01
0,0.4250,7.415792843633E+01,2.321082572299E+00,1.478396542866E+01
0,0.4260,7.373097858313E+01,2.259586828779E+00,1.474926128446E+01
0,0.4270,7.330601133433E+01,2.198379121528E+00,1.471471968895E+01
0,0.4280,7.288301262380E+01,2.137457431601E+00,1.468033950276E+01
0,0.4290,7.246196851407E+01,2.076819758877E+00,1.464611959716E+01
0,0.4300,7.204286519515E+01,2.016464121839E+00,1.461205885391E+01
0,0.4310,7.167397804465E+01,1.966593266679E+00,1.457815616515E+01
0,0.4320,7.130678476980E+01,1.916953295107E+00,1.454441043329E+01
0,0.4330,7.094127352217E+01,1.867542607469E+00,1.451082057085E+01
0,0.4340,7.057743256143E+01,1.818359618852E+00,1.447738550041E+01
0,0.4350,7.021525025393E+01,1.769402758918E+00,1.444410415444E+01
0,0.4360,6.985471507154E+01,1.720670471737E+00,1.441097547518E+01
0,0.4370,6.949581559052E+01,1.672161215618E+00,1.437799841460E+01
0,0.4380,6.913854049016E+01,1.623873462951E+00,1.434517193420E+01
0,0.4390,6.878287855166E+01,1.575805700047E+00,1.431249500496E+01
0,0.4400,6.842881865714E+01,1.527956426973E+00,1.427996660723E+01
0,0.4410,6.809924075154E+01,1.495002020225E+00,1.424758573057E+01
0,0.4420,6.777114122640E+01,1.462196728440E+00,1.421535137371E+01
0,0.4430,6.744450997547E+01,1.429539541810E+00,1.418326254442E+01
0,0.4440,6.711933698310E+01,1.397029459624E+00,1.415131825941E+01
0,0.4450,6.679561232245E+01,1.364665490167E+00,1.411951754422E+01
0,0.4460,6.647332615505E+01,1.332446650618E+00,1.408785943314E+01
0,0.4470,6.615246872939E+01,1.300371966950E+00,1.405634296908E+01
0,0.4480,6.583303038016E+01,1.268440473834E+00,1.402496720353E+01
0,0.4490,6.551500152720E+01,1.236651214541E+00,1.399373119639E+01
0,0.4500,6.519837267467E+01,1.205003240845E+00,1.396263401595E+01
0,0.4510,6.490692644246E+01,1.181543941427E+00,1.393167473876E+01
0,0.4520,6.461675816243E+01,1.158188444218E+00,1.390085244951E+01
0,0.4530,6.432785929655E+01,1.134936061787E+00,1.387016624101E+01
0,0.4540,6.404022138158E+01,1.111786112760E+00,1.383961521405E+01
0,0.4550,6.375383602811E+01,1.088737921749E+00,1.380919847732E+01
0,0.4560,6.346869491971E+01,1.065790819296E+00,1.377891514732E+01
0,0.4570,6.318478981188E+01,1.042944141799E+00,1.374876434831E+01
0,0.4580,6.290211253180E+01,1.020197231453E+00,1.371874521218E+01
0,0.4590,6.262065497696E+01,9.975494361844E-01,1.368885687839E+01
0,0.4600,6.234040911492E+01,9.750001095908E-01,1.365909849387E+01
0,0.4610,6.208054327931E+01,9.602165502576E-01,1.362946921297E+01
0,0.4620,6.182179186642E+01,9.454969890167E-01,1.359996819736E+01
0,0.4630,6.156414759559E+01,9.308410111938E-01,1.357059461594E+01
0,0.4640,6.130760324890E+01,9.162482056890E-01,1.354134764478E+01
0,0.4650,6.105215166969E+01,9.017181649391E-01,1.351222646705E+01
0,0.4660,6.079778576263E+01,8.872504848791E-01,1.348323027292E+01
0,0.4670,6.054449849247E+01,8.728447649050E-01,1.345435825949E+01
0,0.4680,6.029228288376E+01,8.585006078367E-01,1.342560963073E+01
0,0.4690,6.004113202024E+01,8.442176198818E-01,1.339698359740E+01
0,0.4700,5.979103904393E+01,8.299954105990E-01,1.336847937698E+01
0,0.4710,5.955809168695E+01,8.187857561508E-01,1.334009619359E+01
0,0.4720,5.932612183256E+01,8.076236002383E-01,1.331183327792E+01
0,0.4730,5.909512323344E+01,7.965086416024E-01,1.328368986719E+01
0,0.4740,5.886508969440E+01,7.854405815261E-01,1.325566520502E+01
0,0.4750,5.863601507246E+01,7.744191238081E-01,1.322775854143E+01
0,0.4760,5.840789327569E+01,7.634439747359E-01,1.319996913273E+01
0,0.4770,5.818071826307E+01,7.525148430602E-01,1.317229624147E+01
0,0.4780,5.795448404381E+01,7.416314399690E-01,1.314473913636E+01
0,0.4790,5.772918467686E+01,7.307934790619E-01,1.311729709223E+01
0,0.4800,5.750481427022E+01,7.200006763252E-01,1.308996938996E+01
0,0.4810,5.729319187437E+01,7.108320372249E-01,1.306275531638E+01
0,0.4820,5.708243873979E+01,7.017014422703E-01,1.303565416427E+01
0,0.4830,5.687254942815E+01,6.926086551623E-01,1.300866523226E+01
0,0.4840,5.666351854529E+01,6.835534415547E-01,1.298178782475E+01
0,0.4850,5.645534074159E+01,6.745355690342E-01,1.295502125192E+01
0,0.4860,5.624801071127E+01,6.655548071001E-01,1.292836482959E+01
0,0.4870,5.604152319193E+01,6.566109271453E-01,1.290181787922E+01
0,0.4880,5.583587296378E+01,6.477037024362E-01,1.287537972783E+01
0,0.4890,5.563105484975E+01,6.388329080940E-01,1.284904970793E+01
0,0.4900,5.542706371491E+01,6.299983210756E-01,1.282282715751E+01
0,0.4910,5.524063408750E+01,6.223603818808E-01,1.279671141992E+01
0,0.4920,5.505495466186E+01,6.147534912194E-01,1.277070184386E+01
0,0.4930,5.487002084466E+01,6.071774601550E-01,1.274479778333E+01
0,0.4940,5.468582807968E+01,5.996321012811E-01,1.271899859753E+01
0,0.4950,5.450237184746E+01,5.921172287057E-01,1.269330365087E+01
0,0.4960,5.431964766493E+01,5.846326580358E-01,1.266771231286E+01
0,0.4970,5.413765108474E+01,5.771782063626E-01,1.264222395811E+01
0,0.4980,5.395637769544E+01,5.697536922463E-01,1.261683796622E+01
0,0.4990,5.377582312046E+01,5.623589357017E-01,1.259155372180E+01
0,0.5000,5.359598301843E+01,5.549937581832E-01,1.256637061436E+01
0,0.5010,5.342064053313E+01,5.478686762100E-01,1.254128803828E+01
0,0.5020,5.324598917228E+01,5.407719810176E-01,1.251630539279E+01
0,0.5030,5.307202478768E+01,5.337035033011E-01,1.249142208187E+01
0,0.5040,5.289874326397E+01,5.266630750993E-01,1.246663751425E+01
0,0.5050,5.272614051823E+01,5.196505297815E-01,1.244195110333E+01
0,0.5060,5.255421249979E+01,5.126657020341E-01,1.241736226715E+01
0,0.5070,5.238295518961E+01,5.057084278479E-01,1.239287042836E+01
0,0.5080,5.221236460038E+01,4.987785445049E-01,1.236847501413E+01
0,0.5090,5.204243677590E+01,4.918758905661E-01,1.234417545615E+01
0,0.5100,5.187316779092E+01,4.850003058583E-01,1.231997119055E+01
0,0.5110,5.171074529298E+01,4.804214475246E-01,1.229586165789E+01
0,0.5120,5.154895022738E+01,4.758604753562E-01,1.227184630309E+01
0,0.5130,5.138777890228E+01,4.713172847558E-01,1.224792457540E+01
0,0.5140,5.122722765462E+01,4.667917719397E-01,1.222409592836E+01
0,0.5150,5.106729284955E+01,4.622838339308E-01,1.220035981977E+01
0,0.5160,5.090797088032E+01,4.577933685497E-01,1.217671571159E+01
0,0.5170,5.074925816807E+01,4.533202744081E-01,1.215316306998E+01
0,0.5180,5.059115116130E+01,4.488644509002E-01,1.212970136521E+01
0,0.5190,5.043364633618E+01,4.444257981958E-01,1.210633007164E+01
0,0.5200,5.027674019557E+01,4.400042172326E-01,1.208304866765E+01
0,0.5210,5.012771968177E+01,4.351714847982E-01,1.205985663566E+01
0,0.5220,4.997926364407E+01,4.303572685800E-01,1.203675346203E+01
0,0.5230,4.983136882578E+01,4.255614623665E-01,1.201373863705E+01
0,0.5240,4.968403199575E+01,4.207839607569E-01,1.199081165492E+01
0,0.5250,4.953724994667E+01,4.160246591534E-01,1.196797201368E+01
0,0.5260,4.939101949602E+01,4.112834537537E-01,1.194521921517E+01
0,0.5270,4.924533748526E+01,4.065602415434E-01,1.192255276505E+01
0,0.5280,4.910020077962E+01,4.018549202884E-01,1.189997217269E+01
0,0.5290,4.895560626795E+01,3.971673885278E-01,1.187747695119E+01
0,0.5300,4.881155086278E+01,3.924975455662E-01,1.185506661732E+01
0,0.5310,4.867160961643E+01,3.884298288572E-01,1.183274069149E+01
0,0.5320,4.853218823523E+01,3.843774043163E-01,1.181049869771E+01
0,0.5330,4.839328377671E+01,3.803401858712E-01,1.178834016356E+01
0,0.5340,4.825489332007E+01,3.763180880945E-01,1.176626462019E+01
0,0.5350,4.811701396659E+01,3.723110261973E-01,1.174427160220E+01
0,0.5360,4.797964283886E+01,3.683189160236E-01,1.172236064772E+01
0,0.5370,4.784277708098E+01,3.643416740442E-01,1.170053129829E+01
0,0.5380,4.770641385829E+01,3.603792173510E-01,1.167878309885E+01
0,0.5390,4.757055035694E+01,3.564314636510E-01,1.165711559774E+01
0,0.5400,4.743518378402E+01,3.524983312611E-01,1.163552834663E+01
0,0.5410,4.730499608786E+01,3.491441805176E-01,1.161402090052E+01
0,0.5420,4.717528292901E+01,3.458024067141E-01,1.159259281767E+01
0,0.5430,4.704604167186E+01,3.424729414697E-01,1.157124365963E+01
0,0.5440,4.691726969968E+01,3.391557169064E-01,1.154997299114E+01
0,0.5450,4.678896441510E+01,3.358506656442E-01,1.152878038015E+01
0,0.5460,4.666112323991E+01,3.325577207969E-01,1.150766539776E+01
0,0.5470,4.653374361437E+01,3.292768159674E-01,1.148662761824E+01
0,0.5480,4.640682299782E+01,3.260078852430E-01,1.146566661894E+01
0,0.5490,4.628035886753E+01,3.227508631916E-01,1.144478198029E+01
0,0.5500,4.615434871965E+01,3.195056848567E-01,1.142397328578E+01
0,0.5510,4.603224138850E+01,3.164057036630E-01,1.140324012192E+01
0,0.5520,4.591057089344E+01,3.133169542852E-01,1.138258207822E+01
0,0.5530,4.578933485219E+01,3.102393757912E-01,1.136199874716E+01
0,0.5540,4.566853089980E+01,3.071729076889E-01,1.134148972415E+01
0,0.5550,4.554815668821E+01,3.041174899221E-01,1.132105460753E+01
0,0.5560,4.542820988631E+01,3.010730628667E-01,1.130069299852E+01
0,0.5570,4.530868817958E+01,2.980395673267E-01,1.128040450122E+01
0,0.5580,4.518958927018E+01,2.950169445307E-01,1.126018872254E+01
0,0.5590,4.507091087662E+01,2.920051361274E-01,1.124004527224E+01
0,0.5600,4.495265073362E+01,2.890040841827E-01,1.121997376282E+01
0,0.5610,4.483706748564E+01,2.866666896486E-01,1.119997380959E+01
0,0.5620,4.472189016822E+01,2.843376132444E-01,1.118004503057E+01
0,0.5630,4.460711660691E+01,2.820168106464E-01,1.116018704650E+01
0,0.5640,4.449274464287E+01,2.797042378447E-01,1.114039948081E+01
0,0.5650,4.437877213238E+01,2.773998511415E-01,1.112068195961E+01
0,0.5660,4.426519694684E+01,2.751036071475E-01,1.110103411162E+01
0,0.5670,4.415201697269E+01,2.728154627795E-01,1.108145556822E+01
0,0.5680,4.403923011131E+01,2.705353752579E-01,1.106194596334E+01
0,0.5690,4.392683427864E+01,2.682633021037E-01,1.104250493353E+01
0,0.5700,4.381482740533E+01,2.659992011361E-01,1.102313211786E+01
0,0.5710,4.370654092660E+01,2.637650381238E-01,1.100382715793E+01
0,0.5720,4.359862796676E+01,2.615386868703E-01,1.098458969787E+01
0,0.5730,4.349108656056E+01,2.593201064764E-01,1.096541938426E+01
0,0.5740,4.338391475634E+01,2.571092563277E-01,1.094631586617E+01
0,0.5750,4.327711061614E+01,2.549060960926E-01,1.092727879509E+01
0,0.5760,4.317067221522E+01,2.527105857194E-01,1.090830782496E+01
0,0.5770,4.306459764226E+01,2.505226854341E-01,1.088940261210E+01
0,0.5780,4.295888499943E+01,2.483423557381E-01,1.087056281519E+01
0,0.5790,4.285353240147E+01,2.461695574055E-01,1.085178809530E+01
0,0.5800,4.274853797638E+01,2.440042514809E-01,1.083307811583E+01
0,0.5810,4.264608496008E+01,2.420237559709E-01,1.081443254248E+01
0,0.5820,4.254397910777E+01,2.400500662874E-01,1.079585104326E+01
0,0.5830,4.244221862456E+01,2.380831474090E-01,1.077733328847E+01
0,0.5840,4.234080172742E+01,2.361229645541E-01,1.075887895065E+01
0,0.5850,4.223972664578E+01,2.341694831791E-01,1.074048770458E+01
0,0.5860,4.213899162104E+01,2.322226689760E-01,1.072215922727E+01
0,0.5870,4.203859490659E+01,2.302824878708E-01,1.070389319792E+01
0,0.5880,4.193853476763E+01,2.283489060209E-01,1.068568929792E+01
0,0.5890,4.183880948118E+01,2.264218898141E-01,1.066754721083E+01
0,0.5900,4.173941733596E+01,2.245014058655E-01,1.064946662234E+01
0,0.5910,4.164250576945E+01,2.229021118543E-01,1.063144722027E+01
0,0.5920,4.154591690032E+01,2.213082208635E-01,1.061348869456E+01
0,0.5930,4.144964908820E+01,2.197197055589E-01,1.059559073723E+01
0,0.5940,4.135370070377E+01,2.181365387908E-01,1.057775304239E+01
0,0.5950,4.125807012891E+01,2.165586935916E-01,1.055997530618E+01
0,0.5960,4.116275575624E+01,2.149861431749E-01,1.054225722681E+01
0,0.5970,4.106775598909E+01,2.134188609339E-01,1.052459850449E+01
0,0.5980,4.097306924139E+01,2.118568204394E-01,1.050699884144E+01
0,0.5990,4.087869393762E+01,2.102999954392E-01,1.048945794187E+01
0,0.6000,4.078462851298E+01,2.087483598555E-01,1.047197551197E+01
0,0.6010,4.069192860747E+01,2.068453875867E-01,1.045455125987E+01
0,0.6020,4.059953207207E+01,2.049487374849E-01,1.043718489565E+01
0,0.6030,4.050743739058E+01,2.030583780965E-01,1.041987613131E+01
0,0.6040,4.041564305645E+01,2.011742781763E-01,1.040262468076E+01
0,0.6050,4.032414757299E+01,1.992964066856E-01,1.038543025980E+01
0,0.6060,4.023294945366E+01,1.974247327905E-01,1.036829258610E+01
0,0.6070,4.014204722137E+01,1.955592258606E-01,1.035121137921E+01
0,0.6080,4.005143940892E+01,1.936998554665E-01,1.033418636049E+01
0,0.6090,3.996112455884E+01,1.918465913792E-01,1.031721725317E+01
0,0.6100,3.987110122309E+01,1.899994035676E-01,1.030030378226E+01
0,0.6110,3.978344876118E+01,1.885788551254E-01,1.028344567460E+01
0,0.6120,3.969607834987E+01,1.871629489983E-01,1.026664265879E+01
0,0.6130,3.960898860261E+01,1.857516624670E-01,1.024989446522E+01
0,0.6140,3.952217814168E+01,1.843449729604E-01,1.023320082603E+01
0,0.6150,3.943564559840E+01,1.829428580537E-01,1.021656147509E+01
0,0.6160,3.934938961288E+01,1.815452954681E-01,1.019997614802E+01
0,0.6170,3.926340883406E+01,1.801522630692E-01,1.018344458214E+01
0,0.6180,3.917770191979E+01,1.787637388658E-01,1.016696651647E+01
0,0.6190,3.909226753632E+01,1.773797010088E-01,1.015054169173E+01
0,0.6200,3.900710435877E+01,1.760001277900E-01,1.013416985029E+01
0,0.6210,3.892323521926E+01,1.747828361126E-01,1.011785073620E+01
0,0.6220,3.883963146951E+01,1.735694585564E-01,1.010158409514E+01
0,0.6230,3.875629182580E+01,1.723599762732E-01,1.008536967445E+01
0,0.6240,3.867321501255E+01,1.711543705359E-01,1.006920722304E+01
0,0.6250,3.859039976215E+01,1.699526227368E-01,1.005309649149E+01
0,0.6260,3.850784481526E+01,1.687547143877E-01,1.003703723192E+01
0,0.6270,3.842554892061E+01,1.675606271177E-01,1.002102919805E+01
0,0.6280,3.834351083470E+01,1.663703426735E-01,1.000507214519E+01
0,0.6290,3.826172932201E+01,1.651838429175E-01,9.989165830174E+00
0,0.6300,3.818020315494E+01,1.640011098274E-01,9.973310011396E+00
0,0.6310,3.809993953578E+01,1.627335037055E-01,9.957504448779E+00
0,0.6320,3.801992574063E+01,1.614699089954E-01,9.941748903765E+00
0,0.6330,3.794016058011E+01,1.602103066856E-01,9.926043139304E+00
0,0.6340,3.786064287232E+01,1.589546778847E-01,9.910386919842E+00
0,0.6350,3.778137144243E+01,1.577030038202E-01,9.894780011306E+00
0,0.6360,3.770234512353E+01,1.564552658376E-01,9.879222181100E+00
0,0.6370,3.762356275574E+01,1.552114453998E-01,9.863713198084E+00
0,0.6380,3.754502318654E+01,1.539715240855E-01,9.848252832570E+00
0,0.6390,3.746672527033E+01,1.527354835892E-01,9.832840856306E+00
0,0.6400,3.738866786927E+01,1.515033057194E-01,9.817477042468E+00
0,0.6410,3.731184304647E+01,1.502857547756E-01,9.802161165647E+00
0,0.6420,3.723525349119E+01,1.490719968254E-01,9.786893001837E+00
0,0.6430,3.715889810057E+01,1.478620141721E-01,9.771672328429E+00
0,0.6440,3.708277577885E+01,1.466557892289E-01,9.756498924192E+00
0,0.6450,3.700688543684E+01,1.454533045181E-01,9.741372569271E+00
0,0.6460,3.693122599224E+01,1.442545426701E-01,9.726293045170E+00
0,0.6470,3.685579636936E+01,1.430594864230E-01,9.711260134744E+00
0,0.6480,3.678059549916E+01,1.418681186210E-01,9.696273622191E+00
0,0.6490,3.670562231921E+01,1.406804222144E-01,9.681333293035E+00
0,0.6500,3.663087577342E+01,1.394963802583E-01,9.666438934122E+00
0,0.6510,3.655733325487E+01,1.383816067262E-01,9.651590333609E+00
0,0.6520,3.648401237834E+01,1.372702527448E-01,9.636787280950E+00
0,0.6530,3.641091212108E+01,1.361623026040E-01,9.622029566891E+00
0,0.6540,3.633803146637E+01,1.350577406900E-01,9.607316983455E+00
0,0.6550,3.626536940372E+01,1.339565514841E-01,9.592649323938E+00
0,0.6560,3.619292492882E+01,1.328587195624E-01,9.578026382896E+00
0,0.6570,3.612069704362E+01,1.317642295948E-01,9.563447956133E+00
0,0.6580,3.604868475575E+01,1.306730663444E-01,9.548913840698E+00
0,0.6590,3.597688707934E+01,1.295852146669E-01,9.534423834870E+00
0,0.6600,3.590530303405E+01,1.285006595096E-01,9.519977738151E+00
0,0.6610,3.583489578878E+01,1.275885851522E-01,9.505575351255E+00
0,0.6620,3.576469742066E+01,1.266792663065E-01,9.491216476102E+00
0,0.6630,3.569470698052E+01,1.257726905041E-01,9.476900915806E+00
0,0.6640,3.562492352445E+01,1.248688453517E-01,9.462628474668E+00
0,0.6650,3.555534611442E+01,1.239677185306E-01,9.448398958165E+00
0,0.6660,3.548597381817E+01,1.230692977960E-01,9.434212172942E+00
0,0.6670,3.541680570890E+01,1.221735709767E-01,9.420067926806E+00
0,0.6680,3.534784086520E+01,1.212805259742E-01,9.405966028712E+00
0,0.6690,3.527907837130E+01,1.203901507625E-01,9.391906288759E+00
0,0.6700,3.521051731724E+01,1.195024333871E-01,9.377888518178E+00
0,0.6710,3.514215679780E+01,1.185396414913E-01,9.363912529329E+00
0,0.6720,3.507399591361E+01,1.175797150475E-01,9.349978135684E+00
0,0.6730,3.500603377048E+01,1.166226412826E-01,9.336085151827E+00
0,0.6740,3.493826947962E+01,1.156684074991E-01,9.322233393442E+00
0,0.6750,3.487070215739E+01,1.147170010751E-01,9.308422677303E+00
0,0.6760,3.480333092542E+01,1.137684094629E-01,9.294652821272E+00
0,0.6770,3.473615491057E+01,1.128226201894E-01,9.280923644283E+00
0,0.6780,3.466917324478E+01,1.118796208547E-01,9.267234966342E+00
0,0.6790,3.460238506514E+01,1.109393991321E-01,9.253586608512E+00
0,0.6800,3.453578951378E+01,1.100019427676E-01,9.239978392911E+00
0,0.6810,3.447032256783E+01,1.091908734748E-01,9.226410142701E+00
0,0.6820,3.440504390420E+01,1.083821826843E-01,9.212881682082E+00
0,0.6830,3.433995269234E+01,1.075758599489E-01,9.199392836281E+00
0,0.6840,3.427504810579E+01,1.067718948823E-01,9.185943431549E+00
0,0.6850,3.421032932363E+01,1.059702771589E-01,9.172533295153E+00
0,0.6860,3.414579552927E+01,1.051709965134E-01,9.159162255364E+00
0,0.6870,3.408144591109E+01,1.043740427403E-01,9.145830141455E+00
0,0.6880,3.401727966224E+01,1.035794056933E-01,9.132536783691E+00
0,0.6890,3.395329598028E+01,1.027870752850E-01,9.119282013323E+00
0,0.6900,3.388949406776E+01,1.019970414865E-01,9.106065662579E+00
0,0.6910,3.382772068581E+01,1.012374822786E-01,9.092887564659E+00
0,0.6920,3.376612235391E+01,1.004801183286E-01,9.079747553728E+00
0,0.6930,3.370469831094E+01,9.972494013304E-02,9.066645464906E+00
0,0.6940,3.364344780072E+01,9.897193824355E-02,9.053581134265E+00
0,0.6950,3.358237007048E+01,9.822110326597E-02,9.040554398820E+00
0,0.6960,3.352146437274E+01,9.747242586017E-02,9.027565096522E+00
0,0.6970,3.346072996370E+01,9.672589673961E-02,9.014613066255E+00
0,0.6980,3.340016610391E+01,9.598150667096E-02,9.001698147822E+00
0,0.6990,3.333977205839E+01,9.523924647376E-02,8.988820181945E+00
0,0.7000,3.327954709634E+01,9.449910701998E-02,8.975979010257E+00
0,0.7010,3.321857939543E+01,9.394213535809E-02,8.963174475292E+00
0,0.7020,3.315778182334E+01,9.338675051004E-02,8.950406420484E+00
0,0.7030,3.309715365029E+01,9.283294570424E-02,8.937674690156E+00
0,0.7040,3.303669415087E+01,9.228071420755E-02,8.924979129516E+00
0,0.7050,3.297640260395E+01,9.173004932503E-02,8.912319584652E+00
0,0.7060,3.291627829220E+01,9.118094439968E-02,8.899695902521E+00
0,0.7070,3.285632050275E+01,9.063339281218E-02,8.887107930947E+00
0,0.7080,3.279652852623E+01,9.008738798057E-02,8.874555518615E+00
0,0.7090,3.273690165780E+01,8.954292336005E-02,8.862038515063E+00
0,0.7100,3.267743919627E+01,8.899999244268E-02,8.849556770675E+00
0,0.7110,3.261993802034E+01,8.849367208440E-02,8.837110136680E+00
0,0.7120,3.256259501380E+01,8.798877397431E-02,8.824698465140E+00
0,0.7130,3.250540950817E+01,8.748529212820E-02,8.812321608948E+00
0,0.7140,3.244838083912E+01,8.698322059539E-02,8.799979421820E+00
0,0.7150,3.239150834557E+01,8.648255345848E-02,8.787671758293E+00
0,0.7160,3.233479137043E+01,8.598328483312E-02,8.775398473715E+00
0,0.7170,3.227822926027E+01,8.548540886780E-02,8.763159424239E+00
0,0.7180,3.222182136485E+01,8.498891974362E-02,8.750954466824E+00
0,0.7190,3.216556703827E+01,8.449381167402E-02,8.738783459221E+00
0,0.7200,3.210946563772E+01,8.400007890461E-02,8.726646259972E+00
0,0.7210,3.205351652398E+01,8.329133361698E-02,8.714542728404E+00
0,0.7220,3.199771906163E+01,8.258455161270E-02,8.702472724625E+00
0,0.7230,3.194207261845E+01,8.187972474535E-02,8.690436109515E+00
0,0.7240,3.188657656591E+01,8.117684491356E-02,8.678432744723E+00
0,0.7250,3.183123027894E+01,8.047590406061E-02,8.666462492661E+00
0,0.7260,3.177603313585E+01,7.977689417419E-02,8.654525216501E+00
0,0.7270,3.172098451846E+01,7.907980728609E-02,8.642620780164E+00
0,0.7280,3.166608381174E+01,7.838463547186E-02,8.630749048324E+00
0,0.7290,3.161133040433E+01,7.769137085053E-02,8.618909886392E+00
0,0.7300,3.155672368803E+01,7.700000558433E-02,8.607103160520E+00
0,0.7310,3.150313824527E+01,7.639261726781E-02,8.595328737592E+00
0,0.7320,3.144969599646E+01,7.578688848221E-02,8.583586485218E+00
0,0.7330,3.139639635311E+01,7.518281243545E-02,8.571876271732E+00
0,0.7340,3.134323872971E+01,7.458038237247E-02,8.560197966185E+00
0,0.7350,3.129022254435E+01,7.397959157496E-02,8.548551438340E+00
0,0.7360,3.123734721775E+01,7.338043336115E-02,8.536936558668E+00
0,0.7370,3.118461217422E+01,7.278290108550E-02,8.525353198344E+00
0,0.7380,3.113201684098E+01,7.218698813851E-02,8.513801229241E+00
0,0.7390,3.107956064827E+01,7.159268794645E-02,8.502280523924E+00
0,0.7400,3.102724302976E+01,7.099999397113E-02,8.490790955648E+00
0,0.7410,3.097506342175E+01,7.044332579918E-02,8.479332398353E+00
0,0.7420,3.092302126381E+01,6.988815808052E-02,8.467904726657E+00
0,0.7430,3.087111599861E+01,6.933448475680E-02,8.456507815854E+00
0,0.7440,3.081934707133E+01,6.878229980222E-02,8.445141541908E+00
0,0.7450,3.076771393085E+01,6.823159722337E-02,8.433805781449E+00
0,0.7460,3.071621602837E+01,6.768237105893E-02,8.422500411769E+00
0,0.7470,3.066485281850E+01,6.713461537954E-02,8.411225310816E+00
0,0.7480,3.061362375823E+01,6.658832428753E-02,8.399980357192E+00
0,0.7490,3.056252830821E+01,6.604349191673E-02,8.388765430146E+00
0,0.7500,3.051156593116E+01,6.550011243224E-02,8.377580409573E+00
0,0.7510,3.046158896263E+01,6.489292191390E-02,8.366425176005E+00
0,0.7520,3.041174183351E+01,6.428734626396E-02,8.355299610611E+00
0,0.7530,3.036202402470E+01,6.368337904869E-02,8.344203595192E+00
0,0.7540,3.031243501944E+01,6.308101386846E-02,8.333137012175E+00
0,0.7550,3.026297430374E+01,6.248024435759E-02,8.322099744609E+00
0,0.7560,3.021364136625E+01,6.188106418404E-02,8.311091676163E+00
0,0.7570,3.016443569841E+01,6.128346704927E-02,8.300112691122E+00
0,0.7580,3.011535679466E+01,6.068744668793E-02,8.289162674379E+00
0,0.7590,3.006640415126E+01,6.009299686774E-02,8.278241511436E+00
0,0.7600,3.001757726808E+01,5.950011138917E-02,8.267349088394E+00
0,0.7610,2.996887564695E+01,5.904476839808E-02,8.256485291957E+00
0,0.7620,2.992029879242E+01,5.859062053295E-02,8.245650009422E+00
0,0.7630,2.987184621215E+01,5.813766309473E-02,8.234843128676E+00
0,0.7640,2.982351741564E+01,5.768589140896E-02,8.224064538193E+00
0,0.7650,2.977531191536E+01,5.723530082564E-02,8.213314127032E+00
0,0.7660,2.972722922646E+01,5.678588671903E-02,8.202591784830E+00
0,0.7670,2.967926886601E+01,5.633764448755E-02,8.191897401799E+00
0,0.7680,2.963143035437E+01,5.589056955354E-02,8.181230868723E+00
0,0.7690,2.958371321393E+01,5.544465736318E-02,8.170592076957E+00
0,0.7700,2.953611696947E+01,5.499990338630E-02,8.159980918415E+00
0,0.7710,2.948947288030E+01,5.464586499241E-02,8.149397285577E+00
0,0.7720,2.944294668964E+01,5.429274379642E-02,8.138841071476E+00
0,0.7730,2.939653793764E+01,5.394053623872E-02,8.128312169702E+00
0,0.7740,2.935024616774E+01,5.358923877807E-02,8.117810474392E+00
0,0.7750,2.930407092484E+01,5.323884789151E-02,8.107335880232E+00
0,0.7760,2.925801175681E+01,5.288936007425E-02,8.096888282448E+00
0,0.7770,2.921206821335E+01,5.254077183952E-02,8.086467576808E+00
0,0.7780,2.916623984695E+01,5.219307971851E-02,8.076073659614E+00
0,0.7790,2.912052621202E+01,5.184628026020E-02,8.065706427702E+00
0,0.7800,2.907492686549E+01,5.150037003127E-02,8.055365778435E+00
0,0.7810,2.902944136659E+01,5.098446871980E-02,8.045051609705E+00
0,0.7820,2.898406927625E+01,5.046988684902E-02,8.034763819923E+00
0,0.7830,2.893881015851E+01,4.995661936360E-02,8.024502308020E+00
0,0.7840,2.889366357903E+01,4.944466123402E-02,8.014266973443E+00
0,0.7850,2.884862910590E+01,4.893400745635E-02,8.004057716152E+00
0,0.7860,2.880370630931E+01,4.842465305217E-02,7.993874436615E+00
0,0.7870,2.875889476177E+01,4.791659306833E-02,7.983717035806E+00
0,0.7880,2.871419403770E+01,4.740982257684E-02,7.973585415203E+00
0,0.7890,2.866960371388E+01,4.690433667467E-02,7.963479476780E+00
0,0.7900,2.862512336927E+01,4.640013048365E-02,7.953399123012E+00
0,0.7910,2.858075258495E+01,4.600570523281E-02,7.943344256864E+00
0,0.7920,2.853649094401E+01,4.561227600532E-02,7.933314781792E+00
0,0.7930,2.849233803140E+01,4.521983903314E-02,7.923310601740E+00
0,0.7940,2.844829343465E+01,4.482839056719E-02,7.913331621133E+00
0,0.7950,2.840435674336E+01,4.443792687725E-02,7.903377744880E+00
0,0.7960,2.836052754860E+01,4.404844425186E-02,7.893448878366E+00
0,0.7970,2.831680544419E+01,4.365993899817E-02,7.883544927452E+00
0,0.7980,2.827319002546E+01,4.327240744187E-02,7.873665798471E+00
0,0.7990,2.822968089003E+01,4.288584592700E-02,7.863811398222E+00
0,0.8000,2.818627763755E+01,4.250025081593E-02,7.853981633974E+00
0,0.8010,2.814378191697E+01,4.212103097087E-02,7.844176413458E+00
0,0.8020,2.810138938407E+01,4.174275681122E-02,7.834395644862E+00
0,0.8030,2.805909965164E+01,4.136542480389E-02,7.824639236836E+00
0,0.8040,2.801691233418E+01,4.098903143340E-02,7.814907098482E+00
0,0.8050,2.797482704867E+01,4.061357320171E-02,7.805199139354E+00
0,0.8060,2.793284341368E+01,4.023904662817E-02,7.795515269454E+00
0,0.8070,2.789096104981E+01,3.986544824936E-02,7.785855399231E+00
0,0.8080,2.784917957925E+01,3.949277461901E-02,7.776219439579E+00
0,0.8090,2.780749862642E+01,3.912102230790E-02,7.766607301829E+00
0,0.8100,2.776591781736E+01,3.875018790372E-02,7.757018897753E+00
0,0.8110,2.772443678019E+01,3.840637693148E-02,7.747454139556E+00
0,0.8120,2.768305514440E+01,3.806341278429E-02,7.737912939876E+00
0,0.8130,2.764177254181E+01,3.772129233734E-02,7.728395211783E+00
0,0.8140,2.760058860574E+01,3.738001248116E-02,7.718900868771E+00
0,0.8150,2.755950297137E+01,3.703957012157E-02,7.709429824760E+00
0,0.8160,2.751851527583E+01,3.669996217952E-02,7.699981994093E+00
0,0.8170,2.747762515785E+01,3.636118559107E-02,7.690557291529E+00
0,0.8180,2.743683225782E+01,3.602323730723E-02,7.681155632249E+00
0,0.8190,2.739613621830E+01,3.568611429393E-02,7.671776931843E+00
0,0.8200,2.735553668317E+01,3.534981353188E-02,7.662421106317E+00
0,0.8210,2.731503329810E+01,3.504655151729E-02,7.653088072082E+00
0,0.8220,2.727462571086E+01,3.474402736649E-02,7.643777745961E+00
0,0.8230,2.723431357041E+01,3.444223838981E-02,7.634490045176E+00
0,0.8240,2.719409652773E+01,3.414118191064E-02,7.625224887354E+00
0,0.8250,2.715397423547E+01,3.384085526536E-02,7.615982190521E+00
0,0.8260,2.711394634786E+01,3.354125580324E-02,7.606761873099E+00
0,0.8270,2.707401252088E+01,3.324238088638E-02,7.597563853905E+00
0,0.8280,2.703417241216E+01,3.294422788960E-02,7.588388052149E+00
0,0.8290,2.699442568078E+01,3.264679420042E-02,7.579234387430E+00
0,0.8300,2.695477198772E+01,3.235007721892E-02,7.570102779734E+00
0,0.8310,2.691521099595E+01,3.206201340052E-02,7.560993149434E+00
0,0.8320,2.687574236875E+01,3.177464204322E-02,7.551905417283E+00
0,0.8330,2.683636577265E+01,3.148796065316E-02,7.542839504417E+00
0,0.8340,2.679708087488E+01,3.120196674846E-02,7.533795332350E+00
0,0.8350,2.675788734418E+01,3.091665785909E-02,7.524772822970E+00
0,0.8360,2.671878485114E+01,3.063203152688E-02,7.515771898540E+00
0,0.8370,2.667977306790E+01,3.034808530538E-02,7.506792481696E+00
0,0.8380,2.664085166826E+01,3.006481675982E-02,7.497834495441E+00
0,0.8390,2.660202032738E+01,2.978222346705E-02,7.488897863146E+00
0,0.8400,2.656327872186E+01,2.950030301546E-02,7.479982508547E+00
0,0.8410,2.652539237616E+01,2.921725994369E-02,7.471088355743E+00
0,0.8420,2.648759340441E+01,2.893488918325E-02,7.462215329192E+00
0,0.8430,2.644988149481E+01,2.865318834158E-02,7.453363353712E+00
0,0.8440,2.641225633620E+01,2.837215503745E-02,7.444532354478E+00
0,0.8450,2.637471761923E+01,2.809178690090E-02,7.435722257017E+00
0,0.8460,2.633726503631E+01,2.781208157318E-02,7.426932987210E+00
0,0.8470,2.629989828083E+01,2.753303670669E-02,7.418164471286E+00
0,0.8480,2.626261704804E+01,2.725464996489E-02,7.409416635825E+00
0,0.8490,2.622542103408E+01,2.697691902224E-02,7.400689407750E+00
0,0.8500,2.618830993693E+01,2.669984156416E-02,7.391982714329E+00
0,0.8510,2.615128345612E+01,2.642193862764E-02,7.383296483172E+00
0,0.8520,2.611434129210E+01,2.614468804544E-02,7.374630642230E+00
0,0.8530,2.607748314706E+01,2.586808752323E-02,7.365985119788E+00
0,0.8540,2.604070872460E+01,2.559213477741E-02,7.357359844473E+00
0,0.8550,2.600401772965E+01,2.531682753509E-02,7.348754745239E+00
0,0.8560,2.596740986840E+01,2.504216353399E-02,7.340169751378E+00
0,0.8570,2.593088484827E+01,2.476814052239E-02,7.331604792508E+00
0,0.8580,2.589444237882E+01,2.449475625907E-02,7.323059798578E+00
0,0.8590,2.585808217001E+01,2.422200851324E-02,7.314534699860E+00
0,0.8600,2.582180393371E+01,2.394989506449E-02,7.306029426953E+00
0,0.8610,2.578635641809E+01,2.370738495207E-02,7.297543910778E+00
0,0.8620,2.575098866273E+01,2.346543750811E-02,7.289078082575E+00
0,0.8630,2.571570038963E+01,2.322405077666E-02,7.280631873904E+00
0,0.8640,2.568049132166E+01,2.298322281078E-02,7.272205216643E+00
0,0.8650,2.564536118282E+01,2.274295167258E-02,7.263798042982E+00
0,0.8660,2.561030969902E+01,2.250323543307E-02,7.255410285427E+00
0,0.8670,2.557533659644E+01,2.226407217221E-02,7.247041876793E+00
0,0.8680,2.554044160337E+01,2.202545997876E-02,7.238692750207E+00
0,0.8690,2.550562444899E+01,2.178739695032E-02,7.230362839102E+00
0,0.8700,2.547088486381E+01,2.154988119321E-02,7.222052077218E+00
0,0.8710,2.543548165800E+01,2.130742836455E-02,7.213760398599E+00
0,0.8720,2.540015708639E+01,2.106553162036E-02,7.205487737591E+00
0,0.8730,2.536491087765E+01,2.082418904969E-02,7.197234028843E+00
0,0.8740,2.532974276148E+01,2.058339875036E-02,7.188999207299E+00
0,0.8750,2.529465246870E+01,2.034315882885E-02,7.180783208205E+00
0,0.8760,2.525963973154E+01,2.010346740031E-02,7.172585967100E+00
0,0.8770,2.522470428327E+01,1.986432258848E-02,7.164407419817E+00
0,0.8780,2.518984585867E+01,1.962572252566E-02,7.156247502482E+00
0,0.8790,2.515506419319E+01,1.938766535262E-02,7.148106151513E+00
0,0.8800,2.512035902439E+01,1.915014921862E-02,7.139983303613E+00
0,0.8810,2.508646309904E+01,1.894811848788E-02,7.131878895777E+00
0,0.8820,2.505264158458E+01,1.874654587671E-02,7.123792865283E+00
0,0.8830,2.501889422747E+01,1.854542982864E-02,7.115725149694E+00
0,0.8840,2.498522077456E+01,1.834476879426E-02,7.107675686855E+00
0,0.8850,2.495162097438E+01,1.814456123114E-02,7.099644414892E+00
0,0.8860,2.491809457643E+01,1.794480560383E-02,7.091631272212E+00
0,0.8870,2.488464133138E+01,1.774550038380E-02,7.083636197497E+00
0,0.8880,2.485126099095E+01,1.754664404939E-02,7.075659129707E+00
0,0.8890,2.481795330815E+01,1.734823508582E-02,7.067700008076E+00
0,0.8900,2.478471803681E+01,1.715027198509E-02,7.059758772112E+00
0,0.8910,2.475155493204E+01,1.694824007135E-02,7.051835361593E+00
0,0.8920,2.471846375009E+01,1.674666114395E-02,7.043929716569E+00
0,0.8930,2.468544424825E+01,1.654553368113E-02,7.036041777357E+00
0,0.8940,2.465249618473E+01,1.634485616788E-02,7.028171484541E+00
0,0.8950,2.461961931945E+01,1.614462709600E-02,7.020318778972E+00
0,0.8960,2.458681341240E+01,1.594484496402E-02,7.012483601763E+00
0,0.8970,2.455407822531E+01,1.574550827714E-02,7.004665894292E+00
0,0.8980,2.452141352092E+01,1.554661554725E-02,6.996865598196E+00
0,0.8990,2.448881906278E+01,1.534816529285E-02,6.989082655372E+00
0,0.9000,2.445629461600E+01,1.515015603901E-02,6.981317007977E+00
0,0.9010,2.442383994609E+01,1.498856993134E-02,6.973568598424E+00
0,0.9020,2.439145481990E+01,1.482734210771E-02,6.965837369379E+00
0,0.9030,2.435913900505E+01,1.466647137783E-02,6.958123263765E+00
0,0.9040,2.432689227106E+01,1.450595655664E-02,6.950426224756E+00
0,0.9050,2.429471438742E+01,1.434579646434E-02,6.942746195779E+00
0,0.9060,2.426260512506E+01,1.418598992632E-02,6.935083120507E+00
0,0.9070,2.423056425611E+01,1.402653577318E-02,6.927436942866E+00
0,0.9080,2.419859155319E+01,1.386743284063E-02,6.919807607026E+00
0,0.9090,2.416668679053E+01,1.370867996955E-02,6.912195057403E+00
0,0.9100,2.413484974315E+01,1.355027600587E-02,6.904599238659E+00
0,0.9110,2.410308018667E+01,1.339373714504E-02,6.897020095697E+00
0,0.9120,2.407137789794E+01,1.323754157119E-02,6.889457573662E+00
0,0.9130,2.403974265524E+01,1.308168815631E-02,6.881911617940E+00
0,0.9140,2.400817423712E+01,1.292617577735E-02,6.874382174157E+00
0,0.9150,2.397667242341E+01,1.277100331617E-02,6.866869188174E+00
0,0.9160,2.394523699510E+01,1.261616965948E-02,6.859372606091E+00
0,0.9170,2.391386773354E+01,1.246167369888E-02,6.851892374242E+00
0,0.9180,2.388256442200E+01,1.230751433079E-02,6.844428439193E+00
0,0.9190,2.385132684348E+01,1.215369045643E-02,6.836980747747E+00
0,0.9200,2.382015478293E+01,1.200020098179E-02,6.829549246934E+00
0,0.9210,2.378975113457E+01,1.184363375069E-02,6.822133884017E+00
0,0.9220,2.375941114910E+01,1.168740614481E-02,6.814734606485E+00
0,0.9230,2.372913461913E+01,1.153151706030E-02,6.807351362058E+00
0,0.9240,2.369892133753E+01,1.137596539804E-02,6.799984098679E+00
0,0.9250,2.366877109834E+01,1.122075006371E-02,6.792632764518E+00
0,0.9260,2.363868369678E+01,1.106586996767E-02,6.785297307969E+00
0,0.9270,2.360865892793E+01,1.091132402503E-02,6.777977677648E+00
0,0.9280,2.357869658884E+01,1.075711115554E-02,6.770673822392E+00
0,0.9290,2.354879647713E+01,1.060323028361E-02,6.763385691259E+00
0,0.9300,2.351895839093E+01,1.044968033830E-02,6.756113233526E+00
0,0.9310,2.348848608721E+01,1.031846152508E-02,6.748856398689E+00
0,0.9320,2.345807680328E+01,1.018752429731E-02,6.741615136459E+00
0,0.9330,2.342773033568E+01,1.005686774955E-02,6.734389396763E+00
0,0.9340,2.339744648129E+01,9.926490980266E-03,6.727179129743E+00
0,0.9350,2.336722503818E+01,9.796393091771E-03,6.719984285754E+00
0,0.9360,2.333706580535E+01,9.666573190219E-03,6.712804815363E+00
0,0.9370,2.330696858247E+01,9.537030385574E-03,6.705640669349E+00
0,0.9380,2.327693316994E+01,9.407763791601E-03,6.698491798699E+00
0,0.9390,2.324695936963E+01,9.278772525836E-03,6.691358154611E+00
0,0.9400,2.321704698353E+01,9.150055709572E-03,6.684239688489E+00
0,0.9410,2.318788495763E+01,9.013733446944E-03,6.677136351944E+00
0,0.9420,2.315878258926E+01,8.877700615870E-03,6.670048096794E+00
0,0.9430,2.312973968729E+01,8.741956295573E-03,6.662974875058E+00
0,0.9440,2.310075606222E+01,8.606499569175E-03,6.655916638961E+00
0,0.9450,2.307183152477E+01,8.471329523680E-03,6.648873340931E+00
0,0.9460,2.304296588687E+01,8.336445249951E-03,6.641844933594E+00
0,0.9470,2.301415896081E+01,8.201845842692E-03,6.634831369778E+00
0,0.9480,2.298541056042E+01,8.067530400427E-03,6.627832602510E+00
0,0.9490,2.295672049929E+01,7.933498025480E-03,6.620848585015E+00
0,0.9500,2.292808859256E+01,7.799747823955E-03,6.613879270715E+00
0,0.9510,2.289951465586E+01,7.688742449398E-03,6.606924613228E+00
0,0.9520,2.287099850567E+01,7.577970279409E-03,6.599984566365E+00
0,0.9530,2.284253995902E+01,7.467430579872E-03,6.593059084134E+00
0,0.9540,2.281413883418E+01,7.357122619746E-03,6.586148120733E+00
0,0.9550,2.278579494986E+01,7.247045671056E-03,6.579251630555E+00
0,0.9560,2.275750812528E+01,7.137199008869E-03,6.572369568179E+00
0,0.9570,2.272927818097E+01,7.027581911284E-03,6.565501888380E+00
0,0.9580,2.270110493785E+01,6.918193659415E-03,6.558648546116E+00
0,0.9590,2.267298821768E+01,6.809033537372E-03,6.551809496538E+00
0,0.9600,2.264492784301E+01,6.700100832250E-03,6.544984694979E+00
0,0.9610,2.261692363678E+01,6.594108176361E-03,6.538174096961E+00
0,0.9620,2.258897542339E+01,6.488335879423E-03,6.531377658191E+00
0,0.9630,2.256108302730E+01,6.382783254962E-03,6.524595334558E+00
0,0.9640,2.253324627380E+01,6.277449619347E-03,6.517827082136E+00
0,0.9650,2.250546498938E+01,6.172334291786E-03,6.511072857181E+00
0,0.9660,2.247773900066E+01,6.067436594303E-03,6.504332616128E+00
0,0.9670,2.245006813528E+01,5.962755851726E-03,6.497606315594E+00
0,0.9680,2.242245222170E+01,5.858291391675E-03,6.490893912376E+00
0,0.9690,2.239489108869E+01,5.754042544545E-03,6.484195363446E+00
0,0.9700,2.236738456611E+01,5.650008643492E-03,6.477510625958E+00
0,0.9710,2.233993248397E+01,5.564216783703E-03,6.470839657240E+00
0,0.9720,2.231253467404E+01,5.478601450375E-03,6.464182414794E+00
0,0.9730,2.228519096765E+01,5.393162099232E-03,6.457538856300E+00
0,0.9740,2.225790119743E+01,5.307898188236E-03,6.450908939609E+00
0,0.9750,2.223066519646E+01,5.222809177569E-03,6.444292622748E+00
0,0.9760,2.220348279870E+01,5.137894529630E-03,6.437689863914E+00
0,0.9770,2.217635383893E+01,5.053153709015E-03,6.431100621473E+00
0,0.9780,2.214927815197E+01,4.968586182511E-03,6.424524853967E+00
0,0.9790,2.212225557371E+01,4.884191419085E-03,6.417962520102E+00
0,0.9800,2.209528594091E+01,4.799968889870E-03,6.411413578755E+00
0,0.9810,2.206836909089E+01,4.714195155978E-03,6.404877988970E+00
0,0.9820,2.204150486105E+01,4.628596114007E-03,6.398355709959E+00
0,0.9830,2.201469309040E+01,4.543171230820E-03,6.391846701098E+00
0,0.9840,2.198793361793E+01,4.457919975444E-03,6.385350921930E+00
0,0.9850,2.196122628371E+01,4.372841819064E-03,6.378868332162E+00
0,0.9860,2.193457092782E+01,4.287936235009E-03,6.372398891663E+00
0,0.9870,2.190796739167E+01,4.203202698743E-03,6.365942560466E+00
0,0.9880,2.188141551745E+01,4.118640687855E-03,6.359499298765E+00
0,0.9890,2.185491514680E+01,4.034249682044E-03,6.353069066916E+00
0,0.9900,2.182846612319E+01,3.950029163114E-03,6.346651825434E+00
0,0.9910,2.180272506812E+01,3.874347741704E-03,6.340247534995E+00
0,0.9920,2.177703382210E+01,3.798818903806E-03,6.333856156431E+00
0,0.9930,2.175139223396E+01,3.723442188441E-03,6.327477650735E+00
0,0.9940,2.172580015320E+01,3.648217136487E-03,6.321111979054E+00
0,0.9950,2.170025743012E+01,3.573143290668E-03,6.314759102693E+00
0,0.9960,2.167476391494E+01,3.498220195543E-03,6.308418983112E+00
0,0.9970,2.164931945921E+01,3.423447397500E-03,6.302091581925E+00
0,0.9980,2.162392391460E+01,3.348824444743E-03,6.295776860901E+00
0,0.9990,2.159857713357E+01,3.274350887287E-03,6.289474781962E+00
0,1.0000,2.157327896930E+01,3.200026276947E-03,6.283185307180E+00
0,1.0010,2.154737857478E+01,3.134945407595E-03,6.276908398781E+00
0,1.0020,2.152152770519E+01,3.069994440179E-03,6.270644019141E+00
0,1.0030,2.149572621144E+01,3.005172986158E-03,6.264392130787E+00
0,1.0040,2.146997394519E+01,2.940480658538E-03,6.258152696394E+00
0,1.0050,2.144427075857E+01,2.875917071870E-03,6.251925678786E+00
0,1.0060,2.141861650438E+01,2.811481842232E-03,6.245711040934E+00
0,1.0070,2.139301103584E+01,2.747174587232E-03,6.239508745958E+00
0,1.0080,2.136745420732E+01,2.682994925991E-03,6.233318757123E+00
0,1.0090,2.134194587307E+01,2.618942479143E-03,6.227141037839E+00
0,1.0100,2.131648588788E+01,2.555016868823E-03,6.220975551663E+00
0,1.0110,2.129171886817E+01,2.498513919999E-03,6.214822262294E+00
0,1.0120,2.126699873403E+01,2.442122637081E-03,6.208681133577E+00
0,1.0130,2.124232534611E+01,2.385842689371E-03,6.202552129496E+00
0,1.0140,2.121769856546E+01,2.329673747476E-03,6.196435214181E+00
0,1.0150,2.119311825336E+01,2.273615483298E-03,6.190330351901E+00
0,1.0160,2.116858427252E+01,2.217667570034E-03,6.184237507067E+00
0,1.0170,2.114409648495E+01,2.161829682165E-03,6.178156644228E+00
0,1.0180,2.111965475431E+01,2.106101495451E-03,6.172087728074E+00
0,1.0190,2.109525894379E+01,2.050482686924E-03,6.166030723434E+00
0,1.0200,2.107090891815E+01,1.994972934885E-03,6.159985595274E+00
0,1.0210,2.104660454201E+01,1.946045876722E-03,6.153952308697E+00
0,1.0220,2.102234568070E+01,1.897214566227E-03,6.147930828943E+00
0,1.0230,2.099813220012E+01,1.848478722614E-03,6.141921121388E+00
0,1.0240,2.097396396648E+01,1.799838066196E-03,6.135923151543E+00
0,1.0250,2.094984084676E+01,1.751292318375E-03,6.129936885053E+00
0,1.0260,2.092576270842E+01,1.702841201642E-03,6.123962287699E+00
0,1.0270,2.090172941954E+01,1.654484439567E-03,6.117999325394E+00
0,1.0280,2.087774084829E+01,1.606221756795E-03,6.112047964182E+00
0,1.0290,2.085379686358E+01,1.558052879044E-03,6.106108170243E+00
0,1.0300,2.082989733525E+01,1.509977533093E-03,6.100179909883E+00
0,1.0310,2.080604213266E+01,1.471648759615E-03,6.094263149544E+00
0,1.0320,2.078223112678E+01,1.433394266705E-03,6.088357855794E+00
0,1.0330,2.075846418839E+01,1.395213838642E-03,6.082463995334E+00
0,1.0340,2.073474118919E+01,1.357107260535E-03,6.076581534990E+00
0,1.0350,2.071106200087E+01,1.319074318329E-03,6.070710441719E+00
0,1.0360,2.068742649594E+01,1.281114798791E-03,6.064850682606E+00
0,1.0370,2.066383454735E+01,1.243228489512E-03,6.059002224860E+00
0,1.0380,2.064028602860E+01,1.205415178903E-03,6.053165035818E+00
0,1.0390,2.061678081353E+01,1.167674656187E-03,6.047339082945E+00
0,1.0400,2.059331877664E+01,1.130006711399E-03,6.041524333827E+00
0,1.0410,2.056989979288E+01,1.098235605911E-03,6.035720756176E+00
0,1.0420,2.054652373741E+01,1.066525481431E-03,6.029928317831E+00
0,1.0430,2.052319048622E+01,1.034876162560E-03,6.024146986749E+00
0,1.0440,2.049989991566E+01,1.003287474567E-03,6.018376731015E+00
0,1.0450,2.047665190254E+01,9.717592433936E-04,6.012617518832E+00
0,1.0460,2.045344632397E+01,9.402912956450E-04,6.006869318527E+00
0,1.0470,2.043028305776E+01,9.088834585892E-04,6.001132098548E+00
0,1.0480,2.040716198226E+01,8.775355601539E-04,5.995405827461E+00
0,1.0490,2.038408297594E+01,8.462474289223E-04,5.989690473956E+00
0,1.0500,2.036104591801E+01,8.150188941313E-04,5.983986006838E+00
0,1.0510,2.033805068812E+01,7.887944313071E-04,5.978292395033E+00
0,1.0520,2.031509716630E+01,7.626198248760E-04,5.972609607585E+00
0,1.0530,2.029218523277E+01,7.364949327972E-04,5.966937613656E+00
0,1.0540,2.026931476884E+01,7.104196135686E-04,5.961276382523E+00
0,1.0550,2.024648565593E+01,6.843937262248E-04,5.955625883583E+00
0,1.0560,2.022369777557E+01,6.584171303343E-04,5.949986086344E+00
0,1.0570,2.020095101013E+01,6.324896859971E-04,5.944356960435E+00
0,1.0580,2.017824524281E+01,6.066112538419E-04,5.938738475595E+00
0,1.0590,2.015558035603E+01,5.807816950242E-04,5.933130601680E+00
0,1.0600,2.013295623391E+01,5.550008712231E-04,5.927533308660E+00
0,1.0610,2.011037276071E+01,5.393691167034E-04,5.921946566616E+00
0,1.0620,2.008782982064E+01,5.237668005161E-04,5.916370345743E+00
0,1.0630,2.006532729846E+01,5.081938395803E-04,5.910804616350E+00
0,1.0640,2.004286507979E+01,4.926501511275E-04,5.905249348853E+00
0,1.0650,2.002044305030E+01,4.771356527000E-04,5.899704513784E+00
0,1.0660,1.999806109668E+01,4.616502621494E-04,5.894170081782E+00
0,1.0670,1.997571910467E+01,4.461938976355E-04,5.888646023598E+00
0,1.0680,1.995341696212E+01,4.307664776244E-04,5.883132310093E+00
0,1.0690,1.993115455635E+01,4.153679208874E-04,5.877628912235E+00
0,1.0700,1.990893177508E+01,3.999981464995E-04,5.872135801102E+00
0,1.0710,1.988674850691E+01,3.909226591861E-04,5.866652947880E+00
0,1.0720,1.986460464015E+01,3.818641037520E-04,5.861180323862E+00
0,1.0730,1.984250006440E+01,3.728224328574E-04,5.855717900447E+00
0,1.0740,1.982043466921E+01,3.637975993388E-04,5.850265649143E+00
0,1.0750,1.979840834440E+01,3.547895562081E-04,5.844823541562E+00
0,1.0760,1.977642098027E+01,3.457982566521E-04,5.839391549423E+00
0,1.0770,1.975447246801E+01,3.368236540311E-04,5.833969644549E+00
0,1.0780,1.973256269855E+01,3.278657018788E-04,5.828557798868E+00
0,1.0790,1.971069156363E+01,3.189243539010E-04,5.823155984411E+00
0,1.0800,1.968885895489E+01,3.099995639751E-04,5.817764173314E+00
0,1.0810,1.966767110035E+01,3.024374338983E-04,5.812382337816E+00
0,1.0820,1.964652053448E+01,2.948892818808E-04,5.807010450258E+00
0,1.0830,1.962540715339E+01,2.873550692023E-04,5.801648483084E+00
0,1.0840,1.960433085368E+01,2.798347572851E-04,5.796296408837E+00
0,1.0850,1.958329153229E+01,2.723283076941E-04,5.790954200166E+00
0,1.0860,1.956228908656E+01,2.648356821354E-04,5.785621829815E+00
0,1.0870,1.954132341434E+01,2.573568424564E-04,5.780299270634E+00
0,1.0880,1.952039441334E+01,2.498917506444E-04,5.774986495569E+00
0,1.0890,1.949950198266E+01,2.424403688265E-04,5.769683477667E+00
0,1.0900,1.947864602062E+01,2.350026592689E-04,5.764390190073E+00
0,1.0910,1.945722516839E+01,2.289527072121E-04,5.759106606031E+00
0,1.0920,1.943584158678E+01,2.229138356536E-04,5.753832698882E+00
0,1.0930,1.941449517328E+01,2.168860141802E-04,5.748568442067E+00
0,1.0940,1.939318582544E+01,2.108692124902E-04,5.743313809122E+00
0,1.0950,1.937191344057E+01,2.048634003923E-04,5.738068773680E+00
0,1.0960,1.935067791704E+01,1.988685478055E-04,5.732833309470E+00
0,1.0970,1.932947915330E+01,1.928846247586E-04,5.727607390319E+00
0,1.0980,1.930831704848E+01,1.869116013893E-04,5.722390990145E+00
0,1.0990,1.928719150172E+01,1.809494479443E-04,5.717184082966E+00
0,1.1000,1.926610241259E+01,1.749981347782E-04,5.711986642891E+00
0,1.1010,1.924564597181E+01,1.709654151404E-04,5.706798644123E+00
0,1.1020,1.922522480517E+01,1.669400144129E-04,5.701620060962E+00
0,1.1030,1.920483881550E+01,1.629219126895E-04,5.696450867797E+00
0,1.1040,1.918448790737E+01,1.589110901359E-04,5.691291039112E+00
0,1.1050,1.916417198436E+01,1.549075269896E-04,5.686140549484E+00
0,1.1060,1.914389095191E+01,1.509112035597E-04,5.680999373580E+00
0,1.1070,1.912364471454E+01,1.469221002263E-04,5.675867486160E+00
0,1.1080,1.910343317721E+01,1.429401974404E-04,5.670744862075E+00
0,1.1090,1.908325624574E+01,1.389654757236E-04,5.665631476267E+00
0,1.1100,1.906311382641E+01,1.349979156675E-04,5.660527303765E+00
0,1.1110,1.904241441927E+01,1.314695729630E-04,5.655432319694E+00
0,1.1120,1.902175030253E+01,1.279475761986E-04,5.650346499262E+00
0,1.1130,1.900112138024E+01,1.244319082694E-04,5.645269817771E+00
0,1.1140,1.898052755735E+01,1.209225521317E-04,5.640202250610E+00
0,1.1150,1.895996873809E+01,1.174194908033E-04,5.635143773255E+00
0,1.1160,1.893944482859E+01,1.139227073626E-04,5.630094361272E+00
0,1.1170,1.891895573365E+01,1.104321849486E-04,5.625053990313E+00
0,1.1180,1.889850135935E+01,1.069479067608E-04,5.620022636118E+00
0,1.1190,1.887808161230E+01,1.034698560586E-04,5.615000274513E+00
0,1.1200,1.885769639902E+01,9.999801616114E-05,5.609986881410E+00
0,1.1210,1.883793225137E+01,9.747793098372E-05,5.604982432810E+00
0,1.1220,1.881820150435E+01,9.496233793674E-05,5.599986904795E+00
0,1.1230,1.879850406791E+01,9.245122501986E-05,5.595000273535E+00
0,1.1240,1.877883985277E+01,8.994458027543E-05,5.590022515284E+00
0,1.1250,1.875920877000E+01,8.744239178832E-05,5.585053606382E+00
0,1.1260,1.873961073016E+01,8.494464768573E-05,5.580093523250E+00
0,1.1270,1.872004564555E+01,8.245133613701E-05,5.575142242395E+00
0,1.1280,1.870051342787E+01,7.996244535344E-05,5.570199740407E+00
0,1.1290,1.868101398867E+01,7.747796358810E-05,5.565265993959E+00
0,1.1300,1.866154724087E+01,7.499787913561E-05,5.560340979805E+00
0,1.1310,1.864153117492E+01,7.247818136859E-05,5.555424674783E+00
0,1.1320,1.862154855595E+01,6.996293536442E-05,5.550517055812E+00
0,1.1330,1.860159929462E+01,6.745212933554E-05,5.545618099894E+00
0,1.1340,1.858168330192E+01,6.494575153599E-05,5.540727784109E+00
0,1.1350,1.856180048973E+01,6.244379026119E-05,5.535846085621E+00
0,1.1360,1.854195076914E+01,5.994623384780E-05,5.530972981672E+00
0,1.1370,1.852213405277E+01,5.745307067347E-05,5.526108449586E+00
0,1.1380,1.850235025227E+01,5.496428915675E-05,5.521252466766E+00
0,1.1390,1.848259928086E+01,5.247987775683E-05,5.516405010693E+00
0,1.1400,1.846288105134E+01,4.999982497339E-05,5.511566058929E+00
0,1.1410,1.844377279599E+01,4.838724508270E-05,5.506735589114E+00
0,1.1420,1.842469619716E+01,4.677748932491E-05,5.501913578966E+00
0,1.1430,1.840565117072E+01,4.517055028761E-05,5.497100006281E+00
0,1.1440,1.838663763368E+01,4.356642058429E-05,5.492294848933E+00
0,1.1450,1.836765550252E+01,4.196509285426E-05,5.487498084873E+00
0,1.1460,1.834870469564E+01,4.036655976249E-05,5.482709692129E+00
0,1.1470,1.832978512943E+01,3.877081399957E-05,5.477929648805E+00
0,1.1480,1.831089672248E+01,3.717784828153E-05,5.473157933083E+00
0,1.1490,1.829203939255E+01,3.558765534977E-05,5.468394523220E+00
0,1.1500,1.827321305810E+01,3.400022797094E-05,5.463639397547E+00
0,1.1510,1.825441763781E+01,3.269003205344E-05,5.458892534474E+00
0,1.1520,1.823565305093E+01,3.138211078164E-05,5.454153912482E+00
0,1.1530,1.821691921639E+01,3.007645823711E-05,5.449423510130E+00
0,1.1540,1.819821605395E+01,2.877306852194E-05,5.444701306048E+00
0,1.1550,1.817954348342E+01,2.747193575866E-05,5.439987278943E+00
0,1.1560,1.816090142488E+01,2.617305409013E-05,5.435281407595E+00
0,1.1570,1.814228979871E+01,2.487641767945E-05,5.430583670855E+00
0,1.1580,1.812370852577E+01,2.358202070990E-05,5.425894047651E+00
0,1.1590,1.810515752651E+01,2.228985738481E-05,5.421212516980E+00
0,1.1600,1.808663672241E+01,2.099992192753E-05,5.416539057913E+00
0,1.1610,1.806814603498E+01,1.999216480518E-05,5.411873649595E+00
0,1.1620,1.804968538581E+01,1.898614220455E-05,5.407216271239E+00
0,1.1630,1.803125469690E+01,1.798184965139E-05,5.402566902132E+00
0,1.1640,1.801285389058E+01,1.697928268680E-05,5.397925521632E+00
0,1.1650,1.799448288960E+01,1.597843686722E-05,5.393292109167E+00
0,1.1660,1.797614161651E+01,1.497930776431E-05,5.388666644236E+00
0,1.1670,1.795782999444E+01,1.398189096492E-05,5.384049106409E+00
0,1.1680,1.793954794667E+01,1.298618207101E-05,5.379439475325E+00
0,1.1690,1.792129539696E+01,1.199217669959E-05,5.374837730693E+00
0,1.1700,1.790307226913E+01,1.099987048265E-05,5.370243852290E+00
0,1.1710,1.788487848719E+01,1.021892751207E-05,5.365657819965E+00
0,1.1720,1.786671397553E+01,9.439317208681E-06,5.361079613634E+00
0,1.1730,1.784857865891E+01,8.661036164121E-06,5.356509213282E+00
0,1.1740,1.783047246189E+01,7.884080981646E-06,5.351946598960E+00
0,1.1750,1.781239531006E+01,7.108448276079E-06,5.347391750791E+00
0,1.1760,1.779434712855E+01,6.334134673751E-06,5.342844648962E+00
0,1.1770,1.777632784295E+01,5.561136812465E-06,5.338305273729E+00
0,1.1780,1.775833737955E+01,4.789451341435E-06,5.333773605416E+00
0,1.1790,1.774037566396E+01,4.019074921247E-06,5.329249624410E+00
0,1.1800,1.772244262310E+01,3.250004223805E-06,5.324733311169E+00
0,1.1810,1.770453818335E+01,3.103898861971E-06,5.320224646215E+00
0,1.1820,1.768666227130E+01,2.958040717332E-06,5.315723610135E+00
0,1.1830,1.766881481499E+01,2.812429162962E-06,5.311230183584E+00
0,1.1840,1.765099574084E+01,2.667063574056E-06,5.306744347280E+00
0,1.1850,1.763320497722E+01,2.521943327916E-06,5.302266082008E+00
0,1.1860,1.761544245135E+01,2.377067803945E-06,5.297795368617E+00
0,1.1870,1.759770809192E+01,2.232436383636E-06,5.293332188020E+00
0,1.1880,1.758000182692E+01,2.088048450568E-06,5.288876521195E+00
0,1.1890,1.756232358518E+01,1.943903390389E-06,5.284428349184E+00
0,1.1900,1.754467329575E+01,1.800000590816E-06,5.279987653092E+00
0,1.1910,1.752705088710E+01,1.729469176907E-06,5.275554414089E+00
0,1.1920,1.750945628912E+01,1.659056104298E-06,5.271128613406E+00
0,1.1930,1.749188943110E+01,1.588761075397E-06,5.266710232338E+00
0,1.1940,1.747435024316E+01,1.518583793614E-06,5.262299252244E+00
0,1.1950,1.745683865483E+01,1.448523963348E-06,5.257895654544E+00
0,1.1960,1.743935459664E+01,1.378581289990E-06,5.253499420719E+00
0,1.1970,1.742189799890E+01,1.308755479911E-06,5.249110532314E+00
0,1.1980,1.740446879267E+01,1.239046240467E-06,5.244728970935E+00
0,1.1990,1.738706690851E+01,1.169453279988E-06,5.240354718248E+00
0,1.2000,1.736969227822E+01,1.099976307777E-06,5.235987755983E+00
0,1.2010,1.735234483242E+01,1.054643901810E-06,5.231628065928E+00
0,1.2020,1.733502450337E+01,1.009386924140E-06,5.227275629933E+00
0,1.2030,1.731773122261E+01,9.642051866653E-07,5.222930429908E+00
0,1.2040,1.730046492258E+01,9.190985019106E-07,5.218592447824E+00
0,1.2050,1.728322553508E+01,8.740666830228E-07,5.214261665709E+00
0,1.2060,1.726601299298E+01,8.291095437683E-07,5.209938065655E+00
0,1.2070,1.724882722919E+01,7.842268985307E-07,5.205621629809E+00
0,1.2080,1.723166817616E+01,7.394185623084E-07,5.201312340380E+00
0,1.2090,1.721453576798E+01,6.946843507119E-07,5.197010179636E+00
0,1.2100,1.719742993734E+01,6.500240799609E-07,5.192715129900E+00
0,1.2110,1.718089789228E+01,6.258431321134E-07,5.188427173559E+00
0,1.2120,1.716439148621E+01,6.017020868201E-07,5.184146293052E+00
0,1.2130,1.714791065558E+01,5.776008453938E-07,5.179872470882E+00
0,1.2140,1.713145533723E+01,5.535393094723E-07,5.175605689604E+00
0,1.2150,1.711502546673E+01,5.295173810173E-07,5.171345931835E+00
0,1.2160,1.709862098190E+01,5.055349623130E-07,5.167093180246E+00
0,1.2170,1.708224181971E+01,4.815919559649E-07,5.162847417567E+00
0,1.2180,1.706588791714E+01,4.576882648981E-07,5.158608626584E+00
0,1.2190,1.704955921134E+01,4.338237923565E-07,5.154376790139E+00
0,1.2200,1.703325564047E+01,4.099984419010E-07,5.150151891131E+00
0,1.2210,1.701643387366E+01,3.923697419283E-07,5.145933912514E+00
0,1.2220,1.699963790907E+01,3.747698941650E-07,5.141722837299E+00
0,1.2230,1.698286768392E+01,3.571988278372E-07,5.137518648552E+00
0,1.2240,1.696612313444E+01,3.396564724021E-07,5.133321329395E+00
0,1.2250,1.694940419662E+01,3.221427575472E-07,5.129130863004E+00
0,1.2260,1.693271080770E+01,3.046576131897E-07,5.124947232610E+00
0,1.2270,1.691604290455E+01,2.872009694750E-07,5.120770421499E+00
0,1.2280,1.689940042460E+01,2.697727567761E-07,5.116600413013E+00
0,1.2290,1.688278330519E+01,2.523729056926E-07,5.112437190545E+00
0,1.2300,1.686619148400E+01,2.350013470500E-07,5.108280737544E+00
0,1.2310,1.684962489886E+01,2.234170029478E-07,5.104131037514E+00
0,1.2320,1.683308348785E+01,2.118514645991E-07,5.099988074009E+00
0,1.2330,1.681656718917E+01,2.003046862477E-07,5.095851830640E+00
0,1.2340,1.680007594106E+01,1.887766222858E-07,5.091722291069E+00
0,1.2350,1.678360968231E+01,1.772672272535E-07,5.087599439012E+00
0,1.2360,1.676716835195E+01,1.657764558377E-07,5.083483258236E+00
0,1.2370,1.675075188883E+01,1.543042628720E-07,5.079373732562E+00
0,1.2380,1.673436023232E+01,1.428506033360E-07,5.075270845864E+00
0,1.2390,1.671799332122E+01,1.314154323546E-07,5.071174582066E+00
0,1.2400,1.670165109630E+01,1.199987051973E-07,5.067084925145E+00
0,1.2410,1.668533349658E+01,1.129480782344E-07,5.063001859129E+00
0,1.2420,1.666904046232E+01,1.059088049382E-07,5.058925368100E+00
0,1.2430,1.665277193348E+01,9.888085790628E-08,5.054855436186E+00
0,1.2440,1.663652785090E+01,9.186420982460E-08,5.050792047572E+00
0,1.2450,1.662030815450E+01,8.485883346674E-08,5.046735186490E+00
0,1.2460,1.660411278594E+01,7.786470169373E-08,5.042684837223E+00
0,1.2470,1.658794168572E+01,7.088178745364E-08,5.038640984106E+00
0,1.2480,1.657179479482E+01,6.391006378123E-08,5.034603611522E+00
0,1.2490,1.655567205462E+01,5.694950379766E-08,5.030572703907E+00
0,1.2500,1.653957340700E+01,5.000008071006E-08,5.026548245744E+00
0,1.2510,1.652349879339E+01,4.677703386674E-08,5.022530221566E+00
0,1.2520,1.650744815582E+01,4.355913566056E-08,5.018518615958E+00
0,1.2530,1.649142143624E+01,4.034637376436E-08,5.014513413551E+00
0,1.2540,1.647541857728E+01,3.713873589032E-08,5.010514599027E+00
0,1.2550,1.645943952102E+01,3.393620978979E-08,5.006522157115E+00
0,1.2560,1.644348421020E+01,3.073878325311E-08,5.002536072595E+00
0,1.2570,1.642755258755E+01,2.754644410949E-08,4.998556330294E+00
0,1.2580,1.641164459646E+01,2.435918022683E-08,4.994582915087E+00
0,1.2590,1.639576017980E+01,2.117697951157E-08,4.990615811898E+00
0,1.2600,1.637989928123E+01,1.799982990857E-08,4.986655005698E+00
0,1.2610,1.636458982202E+01,1.719415334057E-08,4.982700481506E+00
0,1.2620,1.634930302859E+01,1.638975359756E-08,4.978752224390E+00
0,1.2630,1.633403884709E+01,1.558662764670E-08,4.974810219461E+00
0,1.2640,1.631879722331E+01,1.478477246474E-08,4.970874451883E+00
0,1.2650,1.630357810332E+01,1.398418503802E-08,4.966944906861E+00
0,1.2660,1.628838143360E+01,1.318486236237E-08,4.963021569652E+00
0,1.2670,1.627320716033E+01,1.238680144311E-08,4.959104425556E+00
0,1.2680,1.625805523061E+01,1.158999929502E-08,4.955193459921E+00
0,1.2690,1.624292559075E+01,1.079445294227E-08,4.951288658140E+00
0,1.2700,1.622781818786E+01,1.000015941843E-08,4.947390005653E+00
0,1.2710,1.621220866526E+01,9.597306023098E-09,4.943497487946E+00
0,1.2720,1.619662200106E+01,9.195086045058E-09,4.939611090550E+00
0,1.2730,1.618105814043E+01,8.793497991572E-09,4.935730799041E+00
0,1.2740,1.616551702991E+01,8.392540374590E-09,4.931856599042E+00
0,1.2750,1.614999861444E+01,7.992211710732E-09,4.927988476219E+00
0,1.2760,1.613450284108E+01,7.592510521269E-09,4.924126416285E+00
0,1.2770,1.611902965567E+01,7.193435332103E-09,4.920270404996E+00
0,1.2780,1.610357900446E+01,6.794984673750E-09,4.916420428153E+00
0,1.2790,1.608815083455E+01,6.397157081320E-09,4.912576471602E+00
0,1.2800,1.607274509274E+01,5.999951094504E-09,4.908738521234E+00
0,1.2810,1.605788243052E+01,5.753234677582E-09,4.904906562982E+00
0,1.2820,1.604304137536E+01,5.506903153666E-09,4.901080582823E+00
0,1.2830,1.602822187693E+01,5.260955622772E-09,4.897260566781E+00
0,1.2840,1.601342388424E+01,5.015391187721E-09,4.893446500919E+00
0,1.2850,1.599864734720E+01,4.770208954126E-09,4.889638371346E+00
0,1.2860,1.598389221509E+01,4.525408030380E-09,4.885836164214E+00
0,1.2870,1.596915843724E+01,4.280987527650E-09,4.882039865718E+00
0,1.2880,1.595444596381E+01,4.036946559863E-09,4.878249462096E+00
0,1.2890,1.593975474508E+01,3.793284243693E-09,4.874464939627E+00
0,1.2900,1.592508473123E+01,3.549999698556E-09,4.870686284635E+00
0,1.2910,1.590991872038E+01,3.419094326591E-09,4.866913483485E+00
0,1.2920,1.589477451788E+01,3.288391594520E-09,4.863146522585E+00
0,1.2930,1.587965207281E+01,3.157891032182E-09,4.859385388383E+00
0,1.2940,1.586455133384E+01,3.027592170868E-09,4.855630067372E+00
0,1.2950,1.584947225020E+01,2.897494543316E-09,4.851880546085E+00
0,1.2960,1.583441477137E+01,2.767597683708E-09,4.848136811095E+00
0,1.2970,1.581937884691E+01,2.637901127662E-09,4.844398849020E+00
0,1.2980,1.580436442664E+01,2.508404412225E-09,4.840666646517E+00
0,1.2990,1.578937145965E+01,2.379107075874E-09,4.836940190285E+00
1,0.3000,1.035132821477E+02,8.867668863533E+01,2.094395102393E+01
1,0.3010,1.034694438846E+02,8.705447177761E+01,2.087436979129E+01
1,0.3020,1.034258957349E+02,8.544299807790E+01,2.080524936152E+01
1,0.3030,1.033826348284E+02,8.384216116828E+01,2.073658517221E+01
1,0.3040,1.033396583319E+02,8.225185608043E+01,2.066837272099E+01
1,0.3050,1.032969634499E+02,8.067197922267E+01,2.060060756452E+01
1,0.3060,1.032545474232E+02,7.910242835745E+01,2.053328531758E+01
1,0.3070,1.032124075285E+02,7.754310257929E+01,2.046640165205E+01
1,0.3080,1.031705410779E+02,7.599390229320E+01,2.039995229604E+01
1,0.3090,1.031289454184E+02,7.445472919343E+01,2.033393303294E+01
1,0.3100,1.030876179310E+02,7.292548624268E+01,2.026833970058E+01
1,0.3110,1.027334560480E+02,7.209500568704E+01,2.020316819029E+01
1,0.3120,1.023815503539E+02,7.126984872471E+01,2.013841444609E+01
1,0.3130,1.020318792264E+02,7.044996433082E+01,2.007407446383E+01
1,0.3140,1.016844213179E+02,6.963530213053E+01,2.001014429038E+01
1,0.3150,1.013391555525E+02,6.882581238864E+01,1.994662002279E+01
1,0.3160,1.009960611208E+02,6.802144599956E+01,1.988349780753E+01
1,0.3170,1.006551174760E+02,6.722215447729E+01,1.982077383968E+01
1,0.3180,1.003163043298E+02,6.642788994572E+01,1.975844436220E+01
1,0.3190,9.997960164843E+01,6.563860512908E+01,1.969650566514E+01
1,0.3200,9.964498964819E+01,6.485425334254E+01,1.963495408494E+01
1,0.3210,9.949374293408E+01,6.425486731426E+01,1.957378600367E+01
1,0.3220,9.934343280992E+01,6.365920418057E+01,1.951299784838E+01
1,0.3230,9.919405059108E+01,6.306722936349E+01,1.945258609034E+01
1,0.3240,9.904558770036E+01,6.247890871195E+01,1.939254724438E+01
1,0.3250,9.889803566574E+01,6.189420849519E+01,1.933287786824E+01
1,0.3260,9.875138611920E+01,6.131309539632E+01,1.927357456190E+01
1,0.3270,9.860563079492E+01,6.073553650601E+01,1.921463396691E+01
1,0.3280,9.846076152790E+01,6.016149931624E+01,1.915605276579E+01
1,0.3290,9.831677025204E+01,5.959095171426E+01,1.909782768140E+01
1,0.3300,9.817364899930E+01,5.902386197654E+01,1.903995547630E+01
1,0.3310,9.807535167361E+01,5.861205822652E+01,1.898243295220E+01
1,0.3320,9.797764525189E+01,5.820273522199E+01,1.892525694934E+01
1,0.3330,9.788052441830E+01,5.779587061388E+01,1.886842434588E+01
1,0.3340,9.778398392099E+01,5.739144232079E+01,1.881193205742E+01
1,0.3350,9.768801857053E+01,5.698942852497E+01,1.875577703636E+01
1,0.3360,9.759262323912E+01,5.658980766841E+01,1.869995627137E+01
1,0.3370,9.749779285997E+01,5.619255844899E+01,1.864446678688E+01
1,0.3380,9.740352242619E+01,5.579765981666E+01,1.858930564254E+01
1,0.3390,9.730980698974E+01,5.540509096977E+01,1.853446993268E+01
1,0.3400,9.721664166084E+01,5.501483135139E+01,1.847995678582E+01
1,0.3410,9.728545333858E+01,5.478163705799E+01,1.842576336416E+01
1,0.3420,9.735386205502E+01,5.454980647391E+01,1.837188686310E+01
1,0.3430,9.742187134021E+01,5.431932767166E+01,1.831832451073E+01
1,0.3440,9.748948468297E+01,5.409018886245E+01,1.826507356738E+01
1,0.3450,9.755670553166E+01,5.386237839416E+01,1.821213132516E+01
1,0.3460,9.762353729486E+01,5.363588474938E+01,1.815949510746E+01
1,0.3470,9.768998334151E+01,5.341069654348E+01,1.810716226853E+01
1,0.3480,9.775604700195E+01,5.318680252267E+01,1.805513019304E+01
1,0.3490,9.782173156840E+01,5.296419156215E+01,1.800339629564E+01
1,0.3500,9.788704029515E+01,5.274285266427E+01,1.795195802051E+01
1,0.3510,9.856300130476E+01,5.264271040272E+01,1.790081284097E+01
1,0.3520,9.923506498286E+01,5.254313713129E+01,1.784995825903E+01
1,0.3530,9.990326594404E+01,5.244412801437E+01,1.779939180504E+01
1,0.3540,1.005676383600E+02,5.234567827100E+01,1.774911103723E+01
1,0.3550,1.012282159686E+02,5.224778317407E+01,1.769911354135E+01
1,0.3560,1.018850320813E+02,5.215043804959E+01,1.764939693028E+01
1,0.3570,1.025381195914E+02,5.205363827595E+01,1.759995884364E+01
1,0.3580,1.031875109819E+02,5.195737928317E+01,1.755079694743E+01
1,0.3590,1.038332383327E+02,5.186165655219E+01,1.750190893365E+01
1,0.3600,1.044753333280E+02,5.176646561415E+01,1.745329251994E+01
1,0.3610,1.056969310126E+02,5.023937503926E+01,1.740494544925E+01
1,0.3620,1.069116257187E+02,4.872072142888E+01,1.735686548945E+01
1,0.3630,1.081194804368E+02,4.721043505601E+01,1.730905043300E+01
1,0.3640,1.093205571649E+02,4.570844695992E+01,1.726149809665E+01
1,0.3650,1.105149169406E+02,4.421468893559E+01,1.721420632104E+01
1,0.3660,1.117026198716E+02,4.272909352342E+01,1.716717297044E+01
1,0.3670,1.128837251643E+02,4.125159399904E+01,1.712039593237E+01
1,0.3680,1.140582911505E+02,3.978212436339E+01,1.707387311734E+01
1,0.3690,1.152263753132E+02,3.832061933281E+01,1.702760245848E+01
1,0.3700,1.163880343103E+02,3.686701432942E+01,1.698158191130E+01
1,0.3710,1.156029022980E+02,3.469300566511E+01,1.693580945331E+01
1,0.3720,1.148219414061E+02,3.253068521943E+01,1.689028308382E+01
1,0.3730,1.140451175468E+02,3.037995898525E+01,1.684500082354E+01
1,0.3740,1.132723969892E+02,2.824073396088E+01,1.679996071438E+01
1,0.3750,1.125037463543E+02,2.611291813664E+01,1.675516081915E+01
1,0.3760,1.117391326103E+02,2.399642048168E+01,1.671059922122E+01
1,0.3770,1.109785230676E+02,2.189115093098E+01,1.666627402435E+01
1,0.3780,1.102218853744E+02,1.979702037262E+01,1.662218335233E+01
1,0.3790,1.094691875117E+02,1.771394063515E+01,1.657832534876E+01
1,0.3800,1.087203977893E+02,1.564182447524E+01,1.653469817679E+01
1,0.3810,1.074745408628E+02,1.477455568688E+01,1.649130001884E+01
1,0.3820,1.062350529584E+02,1.391182757281E+01,1.644812907639E+01
1,0.3830,1.050018804471E+02,1.305360456638E+01,1.640518356966E+01
1,0.3840,1.037749701377E+02,1.219985147144E+01,1.636246173745E+01
1,0.3850,1.025542692645E+02,1.135053345752E+01,1.631996183683E+01
1,0.3860,1.013397254782E+02,1.050561605506E+01,1.627768214295E+01
1,0.3870,1.001312868338E+02,9.665065150811E+00,1.623562094878E+01
1,0.3880,9.892890178091E+01,8.828846983181E+00,1.619377656490E+01
1,0.3890,9.773251915195E+01,7.996928137750E+00,1.615214731923E+01
1,0.3900,9.654208815139E+01,7.169275542807E+00,1.611073155687E+01
1,0.3910,9.560197416252E+01,6.911503837898E+00,1.606952763985E+01
1,0.3920,9.466653624695E+01,6.655047294747E+00,1.602853394689E+01
1,0.3930,9.373573639346E+01,6.399895873954E+00,1.598774887323E+01
1,0.3940,9.280953691733E+01,6.146039638038E+00,1.594717083041E+01
1,0.3950,9.188790045491E+01,5.893468750152E+00,1.590679824602E+01
1,0.3960,9.097078995640E+01,5.642173472811E+00,1.586662956358E+01
1,0.3970,9.005816868158E+01,5.392144166640E+00,1.582666324227E+01
1,0.3980,8.915000019225E+01,5.143371289143E+00,1.578689775673E+01
1,0.3990,8.824624834703E+01,4.895845393489E+00,1.574733159694E+01
1,0.4000,8.734687729594E+01,4.649557127313E+00,1.570796326795E+01
1,0.4010,8.667786200901E+01,4.529847561859E+00,1.566879128972E+01
1,0.4020,8.601209577085E+01,4.410733566383E+00,1.562981419696E+01
1,0.4030,8.534955333623E+01,4.292210707361E+00,1.559103053891E+01
1,0.4040,8.469020969085E+01,4.174274595166E+00,1.555243887916E+01
1,0.4050,8.403404004870E+01,4.056920883525E+00,1.551403779551E+01
1,0.4060,8.338101984819E+01,3.940145268985E+00,1.547582587975E+01
1,0.4070,8.273112474994E+01,3.823943490389E+00,1.543780173754E+01
1,0.4080,8.208433063238E+01,3.708311328355E+00,1.539996398819E+01
1,0.4090,8.144061358958E+01,3.593244604766E+00,1.536231126450E+01
1,0.4100,8.079994992783E+01,3.478739182268E+00,1.532484221263E+01
1,0.4110,8.027348252663E+01,3.392308563657E+00,1.528755549192E+01
1,0.4120,7.974951048952E+01,3.306297511157E+00,1.525044977471E+01
1,0.4130,7.922801507558E+01,3.220702977070E+00,1.521352374620E+01
1,0.4140,7.870897771609E+01,3.135521943148E+00,1.517677610430E+01
1,0.4150,7.819238001323E+01,3.050751420233E+00,1.514020555947E+01
1,0.4160,7.767820373755E+01,2.966388447909E+00,1.510381083457E+01
1,0.4170,7.716643082577E+01,2.882430094157E+00,1.506759066470E+01
1,0.4180,7.665704337891E+01,2.798873455016E+00,1.503154379708E+01
1,0.4190,7.615002365977E+01,2.715715654249E+00,1.499566899088E+01
1,0.4200,7.564535409131E+01,2.632953843009E+00,1.495996501709E+01
1,0.4210,7.520489103985E+01,2.569986959374E+00,1.492443065838E+01
1,0.4220,7.476646536721E+01,2.507318496988E+00,1.488906470896E+01
1,0.4230,7.433006220510E+01,2.444946339389E+00,1.485386597442E+01
1,0.4240,7.389566682115E+01,2.382868390081E+00,1.481883327165E+01
1,0.4250,7.346326461651E+01,2.321082572299E+00,1.478396542866E+01
1,0.4260,7.303284112502E+01,2.259586828779E+00,1.474926128446E+01
1,0.4270,7.260438201099E+01,2.198379121528E+00,1.471471968895E+01
1,0.4280,7.217787306847E+01,2.137457431601E+00,1.468033950276E+01
1,0.4290,7.175330021859E+01,2.076819758877E+00,1.464611959716E+01
1,0.4300,7.133064950899E+01,2.016464121839E+00,1.461205885391E+01
1,0.4310,7.095861023538E+01,1.966593266679E+00,1.457815616515E+01
1,0.4320,7.058825174052E+01,1.916953295107E+00,1.454441043329E+01
1,0.4330,7.021956209723E+01,1.867542607469E+00,1.451082057085E+01
1,0.4340,6.985252948525E+01,1.818359618852E+00,1.447738550041E+01
1,0.4350,6.948714219082E+01,1.769402758918E+00,1.444410415444E+01
1,0.4360,6.912338860545E+01,1.720670471737E+00,1.441097547518E+01
1,0.4370,6.876125722334E+01,1.672161215618E+00,1.437799841460E+01
1,0.4380,6.840073664254E+01,1.623873462951E+00,1.434517193420E+01
1,0.4390,6.804181556119E+01,1.575805700047E+00,1.431249500496E+01
1,0.4400,6.768448277821E+01,1.527956426973E+00,1.427996660723E+01
1,0.4410,6.735183213812E+01,1.495002020225E+00,1.424758573057E+01
1,0.4420,6.702064862395E+01,1.462196728440E+00,1.421535137371E+01
1,0.4430,6.669092207032E+01,1.429539541810E+00,1.418326254442E+01
1,0.4440,6.636264240217E+01,1.397029459624E+00,1.415131825941E+01
1,0.4450,6.603579963241E+01,1.364665490167E+00,1.411951754422E+01
1,0.4460,6.571038386221E+01,1.332446650618E+00,1.408785943314E+01
1,0.4470,6.538638527917E+01,1.300371966950E+00,1.405634296908E+01
1,0.4480,6.506379415719E+01,1.268440473834E+00,1.402496720353E+01
1,0.4490,6.474260085447E+01,1.236651214541E+00,1.399373119639E+01
1,0.4500,6.442279581299E+01,1.205003240845E+00,1.396263401595E+01
1,0.4510,6.412840265463E+01,1.181543941427E+00,1.393167473876E+01
1,0.4520,6.383527829663E+01,1.158188444218E+00,1.390085244951E+01
1,0.4530,6.354341416109E+01,1.134936061787E+00,1.387016624101E+01
1,0.4540,6.325280174402E+01,1.111786112760E+00,1.383961521405E+01
1,0.4550,6.296343261515E+01,1.088737921749E+00,1.380919847732E+01
1,0.4560,6.267529841765E+01,1.065790819296E+00,1.377891514732E+01
1,0.4570,6.238839086557E+01,1.042944141799E+00,1.374876434831E+01
1,0.4580,6.210270174489E+01,1.020197231453E+00,1.371874521218E+01
1,0.4590,6.181822291167E+01,9.975494361844E-01,1.368885687839E+01
1,0.4600,6.153494629162E+01,9.750001095908E-01,1.365909849387E+01
1,0.4610,6.127224938482E+01,9.602165502576E-01,1.362946921297E+01
1,0.4620,6.101065944984E+01,9.454969890167E-01,1.359996819736E+01
1,0.4630,6.075016917929E+01,9.308410111938E-01,1.357059461594E+01
1,0.4640,6.049077132743E+01,9.162482056890E-01,1.354134764478E+01
1,0.4650,6.023245871052E+01,9.017181649391E-01,1.351222646705E+01
1,0.4660,5.997522420538E+01,8.872504848791E-01,1.348323027292E+01
1,0.4670,5.971906074936E+01,8.728447649050E-01,1.345435825949E+01
1,0.4680,5.946396133932E+01,8.585006078367E-01,1.342560963073E+01
1,0.4690,5.920991903050E+01,8.442176198818E-01,1.339698359740E+01
1,0.4700,5.895692693738E+01,8.299954105990E-01,1.336847937698E+01
1,0.4710,5.872126075901E+01,8.187857561508E-01,1.334009619359E+01
1,0.4720,5.848656606563E+01,8.076236002383E-01,1.331183327792E+01
1,0.4730,5.825283659175E+01,7.965086416024E-01,1.328368986719E+01
1,0.4740,5.802006612443E+01,7.854405815261E-01,1.325566520502E+01
1,0.4750,5.778824850208E+01,7.744191238081E-01,1.322775854143E+01
1,0.4760,5.755737761488E+01,7.634439747359E-01,1.319996913273E+01
1,0.4770,5.732744740375E+01,7.525148430602E-01,1.317229624147E+01
1,0.4780,5.709845185924E+01,7.416314399690E-01,1.314473913636E+01
1,0.4790,5.687038502233E+01,7.307934790619E-01,1.311729709223E+01
1,0.4800,5.664324098245E+01,7.200006763252E-01,1.308996938996E+01
1,0.4810,5.642898591076E+01,7.108320372249E-01,1.306275531638E+01
1,0.4820,5.621559511549E+01,7.017014422703E-01,1.303565416427E+01
1,0.4830,5.600306314552E+01,6.926086551623E-01,1.300866523226E+01
1,0.4840,5.579138459435E+01,6.835534415547E-01,1.298178782475E+01
1,0.4850,5.558055410033E+01,6.745355690342E-01,1.295502125192E+01
1,0.4860,5.537056634492E+01,6.655548071001E-01,1.292836482959E+01
1,0.4870,5.516141605343E+01,6.566109271453E-01,1.290181787922E+01
1,0.4880,5.495309799369E+01,6.477037024362E-01,1.287537972783E+01
1,0.4890,5.474560697603E+01,6.388329080940E-01,1.284904970793E+01
1,0.4900,5.453893785320E+01,6.299983210756E-01,1.282282715751E+01
1,0.4910,5.435004611906E+01,6.223603818808E-01,1.279671141992E+01
1,0.4920,5.416190110414E+01,6.147534912194E-01,1.277070184386E+01
1,0.4930,5.397449820954E+01,6.071774601550E-01,1.274479778333E+01
1,0.4940,5.378783287307E+01,5.996321012811E-01,1.271899859753E+01
1,0.4950,5.360190056933E+01,5.921172287057E-01,1.269330365087E+01
1,0.4960,5.341669680921E+01,5.846326580358E-01,1.266771231286E+01
1,0.4970,5.323221713982E+01,5.771782063626E-01,1.264222395811E+01
1,0.4980,5.304845714349E+01,5.697536922463E-01,1.261683796622E+01
1,0.4990,5.286541243789E+01,5.623589357017E-01,1.259155372180E+01
1,0.5000,5.268307867563E+01,5.549937581832E-01,1.256637061436E+01
1,0.5010,5.250529174441E+01,5.478686762100E-01,1.254128803828E+01
1,0.5020,5.232819274911E+01,5.407719810176E-01,1.251630539279E+01
1,0.5030,5.215177753642E+01,5.337035033011E-01,1.249142208187E+01
1,0.5040,5.197604198640E+01,5.266630750993E-01,1.246663751425E+01
1,0.5050,5.180098201135E+01,5.196505297815E-01,1.244195110333E+01
1,0.5060,5.162659355595E+01,5.126657020341E-01,1.241736226715E+01
1,0.5070,5.145287259624E+01,5.057084278479E-01,1.239287042836E+01
1,0.5080,5.127981514061E+01,4.987785445049E-01,1.236847501413E+01
1,0.5090,5.110741722781E+01,4.918758905661E-01,1.234417545615E+01
1,0.5100,5.093567492795E+01,4.850003058583E-01,1.231997119055E+01
1,0.5110,5.077086670218E+01,4.804214475246E-01,1.229586165789E+01
1,0.5120,5.060668324529E+01,4.758604753562E-01,1.227184630309E+01
1,0.5130,5.044312086248E+01,4.713172847558E-01,1.224792457540E+01
1,0.5140,5.028017588748E+01,4.667917719397E-01,1.222409592836E+01
1,0.5150,5.011784468276E+01,4.622838339308E-01,1.220035981977E+01
1,0.5160,4.995612363822E+01,4.577933685497E-01,1.217671571159E+01
1,0.5170,4.979500917251E+01,4.533202744081E-01,1.215316306998E+01
1,0.5180,4.963449773064E+01,4.488644509002E-01,1.212970136521E+01
1,0.5190,4.947458578613E+01,4.444257981958E-01,1.210633007164E+01
1,0.5200,4.931526983873E+01,4.400042172326E-01,1.208304866765E+01
1,0.5210,4.916394914360E+01,4.351714847982E-01,1.205985663566E+01
1,0.5220,4.901319088368E+01,4.303572685800E-01,1.203675346203E+01
1,0.5230,4.886299180059E+01,4.255614623665E-01,1.201373863705E+01
1,0.5240,4.871334866196E+01,4.207839607569E-01,1.199081165492E+01
1,0.5250,4.856425825916E+01,4.160246591534E-01,1.196797201368E+01
1,0.5260,4.841571740802E+01,4.112834537537E-01,1.194521921517E+01
1,0.5270,4.826772294855E+01,4.065602415434E-01,1.192255276505E+01
1,0.5280,4.812027174510E+01,4.018549202884E-01,1.189997217269E+01
1,0.5290,4.797336068495E+01,3.971673885278E-01,1.187747695119E+01
1,0.5300,4.782698667891E+01,3.924975455662E-01,1.185506661732E+01
1,0.5310,4.768478250237E+01,3.884298288572E-01,1.183274069149E+01
1,0.5320,4.754309644724E+01,3.843774043163E-01,1.181049869771E+01
1,0.5330,4.740192557019E+01,3.803401858712E-01,1.178834016356E+01
1,0.5340,4.726126694960E+01,3.763180880945E-01,1.176626462019E+01
1,0.5350,4.712111768613E+01,3.723110261973E-01,1.174427160220E+01
1,0.5360,4.698147490177E+01,3.683189160236E-01,1.172236064772E+01
1,0.5370,4.684233573965E+01,3.643416740442E-01,1.170053129829E+01
1,0.5380,4.670369736470E+01,3.603792173510E-01,1.167878309885E+01
1,0.5390,4.656555696227E+01,3.564314636510E-01,1.165711559774E+01
1,0.5400,4.642791173896E+01,3.524983312611E-01,1.163552834663E+01
1,0.5410,4.629552263555E+01,3.491441805176E-01,1.161402090052E+01
1,0.5420,4.616360671681E+01,3.458024067141E-01,1.159259281767E+01
1,0.5430,4.603216134714E+01,3.424729414697E-01,1.157124365963E+01
1,0.5440,4.590118390970E+01,3.391557169064E-01,1.154997299114E+01
1,0.5450,4.577067180733E+01,3.358506656442E-01,1.152878038015E+01
1,0.5460,4.564062246160E+01,3.325577207969E-01,1.150766539776E+01
1,0.5470,4.551103331274E+01,3.292768159674E-01,1.148662761824E+01
1,0.5480,4.538190182029E+01,3.260078852430E-01,1.146566661894E+01
1,0.5490,4.525322546128E+01,3.227508631916E-01,1.144478198029E+01
1,0.5500,4.512500173198E+01,3.195056848567E-01,1.142397328578E+01
1,0.5510,4.500074015707E+01,3.164057036630E-01,1.140324012192E+01
1,0.5520,4.487691435048E+01,3.133169542852E-01,1.138258207822E+01
1,0.5530,4.475352193036E+01,3.102393757912E-01,1.136199874716E+01
1,0.5540,4.463056053232E+01,3.071729076889E-01,1.134148972415E+01
1,0.5550,4.450802780877E+01,3.041174899221E-01,1.132105460753E+01
1,0.5560,4.438592142863E+01,3.010730628667E-01,1.130069299852E+01
1,0.5570,4.426423907788E+01,2.980395673267E-01,1.128040450122E+01
1,0.5580,4.414297845951E+01,2.950169445307E-01,1.126018872254E+01
1,0.5590,4.402213729183E+01,2.920051361274E-01,1.124004527224E+01
1,0.5600,4.390171331046E+01,2.890040841827E-01,1.121997376282E+01
1,0.5610,4.378400654558E+01,2.866666896486E-01,1.119997380959E+01
1,0.5620,4.366670483080E+01,2.843376132444E-01,1.118004503057E+01
1,0.5630,4.354980599270E+01,2.820168106464E-01,1.116018704650E+01
1,0.5640,4.343330787271E+01,2.797042378447E-01,1.114039948081E+01
1,0.5650,4.331720832787E+01,2.773998511415E-01,1.112068195961E+01
1,0.5660,4.320150523030E+01,2.751036071475E-01,1.110103411162E+01
1,0.5670,4.308619646709E+01,2.728154627795E-01,1.108145556822E+01
1,0.5680,4.297127993994E+01,2.705353752579E-01,1.106194596334E+01
1,0.5690,4.285675356562E+01,2.682633021037E-01,1.104250493353E+01
1,0.5700,4.274261527550E+01,2.659992011361E-01,1.102313211786E+01
1,0.5710,4.263225993129E+01,2.637650381238E-01,1.100382715793E+01
1,0.5720,4.252227749607E+01,2.615386868703E-01,1.098458969787E+01
1,0.5730,4.241266600559E+01,2.593201064764E-01,1.096541938426E+01
1,0.5740,4.230342350907E+01,2.571092563277E-01,1.094631586617E+01
1,0.5750,4.219454806915E+01,2.549060960926E-01,1.092727879509E+01
1,0.5760,4.208603776227E+01,2.527105857194E-01,1.090830782496E+01
1,0.5770,4.197789067774E+01,2.505226854341E-01,1.088940261210E+01
1,0.5780,4.187010491855E+01,2.483423557381E-01,1.087056281519E+01
1,0.5790,4.176267860029E+01,2.461695574055E-01,1.085178809530E+01
1,0.5800,4.165560985219E+01,2.440042514809E-01,1.083307811583E+01
1,0.5810,4.155112504721E+01,2.420237559709E-01,1.081443254248E+01
1,0.5820,4.144698697330E+01,2.400500662874E-01,1.079585104326E+01
1,0.5830,4.134319383624E+01,2.380831474090E-01,1.077733328847E+01
1,0.5840,4.123974385421E+01,2.361229645541E-01,1.075887895065E+01
1,0.5850,4.113663525758E+01,2.341694831791E-01,1.074048770458E+01
1,0.5860,4.103386628852E+01,2.322226689760E-01,1.072215922727E+01
1,0.5870,4.093143520148E+01,2.302824878708E-01,1.070389319792E+01
1,0.5880,4.082934026281E+01,2.283489060209E-01,1.068568929792E+01
1,0.5890,4.072757975006E+01,2.264218898141E-01,1.066754721083E+01
1,0.5900,4.062615195321E+01,2.245014058655E-01,1.064946662234E+01
1,0.5910,4.052724826902E+01,2.229021118543E-01,1.063144722027E+01
1,0.5920,4.042866702037E+01,2.213082208635E-01,1.061348869456E+01
1,0.5930,4.033040656780E+01,2.197197055589E-01,1.059559073723E+01
1,0.5940,4.023246528335E+01,2.181365387908E-01,1.057775304239E+01
1,0.5950,4.013484154956E+01,2.165586935916E-01,1.055997530618E+01
1,0.5960,4.003753376011E+01,2.149861431749E-01,1.054225722681E+01
1,0.5970,3.994054031909E+01,2.134188609339E-01,1.052459850449E+01
1,0.5980,3.984385964192E+01,2.118568204394E-01,1.050699884144E+01
1,0.5990,3.974749015394E+01,2.102999954392E-01,1.048945794187E+01
1,0.6000,3.965143029128E+01,2.087483598555E-01,1.047197551197E+01
1,0.6010,3.955675806827E+01,2.068453875867E-01,1.045455125987E+01
1,0.6020,3.946238904211E+01,2.049487374849E-01,1.043718489565E+01
1,0.6030,3.936832169687E+01,2.030583780965E-01,1.041987613131E+01
1,0.6040,3.927455452793E+01,2.011742781763E-01,1.040262468076E+01
1,0.6050,3.918108603897E+01,1.992964066856E-01,1.038543025980E+01
1,0.6060,3.908791474461E+01,1.974247327905E-01,1.036829258610E+01
1,0.6070,3.899503916883E+01,1.955592258606E-01,1.035121137921E+01
1,0.6080,3.890245784563E+01,1.936998554665E-01,1.033418636049E+01
1,0.6090,3.881016931834E+01,1.918465913792E-01,1.031721725317E+01
1,0.6100,3.871817214011E+01,1.899994035676E-01,1.030030378226E+01
1,0.6110,3.862859118852E+01,1.885788551254E-01,1.028344567460E+01
1,0.6120,3.853929227563E+01,1.871629489983E-01,1.026664265879E+01
1,0.6130,3.845027401508E+01,1.857516624670E-01,1.024989446522E+01
1,0.6140,3.836153503058E+01,1.843449729604E-01,1.023320082603E+01
1,0.6150,3.827307395438E+01,1.829428580537E-01,1.021656147509E+01
1,0.6160,3.818488942788E+01,1.815452954681E-01,1.019997614802E+01
1,0.6170,3.809698010067E+01,1.801522630692E-01,1.018344458214E+01
1,0.6180,3.800934463153E+01,1.787637388658E-01,1.016696651647E+01
1,0.6190,3.792198168801E+01,1.773797010088E-01,1.015054169173E+01
1,0.6200,3.783488994613E+01,1.760001277900E-01,1.013416985029E+01
1,0.6210,3.774911536438E+01,1.747828361126E-01,1.011785073620E+01
1,0.6220,3.766360624277E+01,1.735694585564E-01,1.010158409514E+01
1,0.6230,3.757836129840E+01,1.723599762732E-01,1.008536967445E+01
1,0.6240,3.749337925666E+01,1.711543705359E-01,1.006920722304E+01
1,0.6250,3.740865885134E+01,1.699526227368E-01,1.005309649149E+01
1,0.6260,3.732419882382E+01,1.687547143877E-01,1.003703723192E+01
1,0.6270,3.723999792376E+01,1.675606271177E-01,1.002102919805E+01
1,0.6280,3.715605490869E+01,1.663703426735E-01,1.000507214519E+01
1,0.6290,3.707236854420E+01,1.651838429175E-01,9.989165830174E+00
1,0.6300,3.698893760387E+01,1.640011098274E-01,9.973310011396E+00
1,0.6310,3.690679277235E+01,1.627335037055E-01,9.957504448779E+00
1,0.6320,3.682489791581E+01,1.614699089954E-01,9.941748903765E+00
1,0.6330,3.674325184553E+01,1.602103066856E-01,9.926043139304E+00
1,0.6340,3.666185338072E+01,1.589546778847E-01,9.910386919842E+00
1,0.6350,3.658070134762E+01,1.577030038202E-01,9.894780011306E+00
1,0.6360,3.649979458005E+01,1.564552658376E-01,9.879222181100E+00
1,0.6370,3.641913191914E+01,1.552114453998E-01,9.863713198084E+00
1,0.6380,3.633871221381E+01,1.539715240855E-01,9.848252832570E+00
1,0.6390,3.625853431875E+01,1.527354835892E-01,9.832840856306E+00
1,0.6400,3.617859709751E+01,1.515033057194E-01,9.817477042468E+00
1,0.6410,3.609991644201E+01,1.502857547756E-01,9.802161165647E+00
1,0.6420,3.602147128250E+01,1.490719968254E-01,9.786893001837E+00
1,0.6430,3.594326051743E+01,1.478620141721E-01,9.771672328429E+00
1,0.6440,3.586528305200E+01,1.466557892289E-01,9.756498924192E+00
1,0.6450,3.578753779800E+01,1.454533045181E-01,9.741372569271E+00
1,0.6460,3.571002367384E+01,1.442545426701E-01,9.726293045170E+00
1,0.6470,3.563273960465E+01,1.430594864230E-01,9.711260134744E+00
1,0.6480,3.555568452296E+01,1.418681186210E-01,9.696273622191E+00
1,0.6490,3.547885736694E+01,1.406804222144E-01,9.681333293035E+00
1,0.6500,3.540225708135E+01,1.394963802583E-01,9.666438934122E+00
1,0.6510,3.532688522236E+01,1.383816067262E-01,9.651590333609E+00
1,0.6520,3.525173530929E+01,1.372702527448E-01,9.636787280950E+00
1,0.6530,3.517680632090E+01,1.361623026040E-01,9.622029566891E+00
1,0.6540,3.510209724098E+01,1.350577406900E-01,9.607316983455E+00
1,0.6550,3.502760706000E+01,1.339565514841E-01,9.592649323938E+00
1,0.6560,3.495333477431E+01,1.328587195624E-01,9.578026382896E+00
1,0.6570,3.487927938708E+01,1.317642295948E-01,9.563447956133E+00
1,0.6580,3.480543990679E+01,1.306730663444E-01,9.548913840698E+00
1,0.6590,3.473181534855E+01,1.295852146669E-01,9.534423834870E+00
1,0.6600,3.465840473283E+01,1.285006595096E-01,9.519977738151E+00
1,0.6610,3.458619571394E+01,1.275885851522E-01,9.505575351255E+00
1,0.6620,3.451419594921E+01,1.266792663065E-01,9.491216476102E+00
1,0.6630,3.444240448969E+01,1.257726905041E-01,9.476900915806E+00
1,0.6640,3.437082039262E+01,1.248688453517E-01,9.462628474668E+00
1,0.6650,3.429944272121E+01,1.239677185306E-01,9.448398958165E+00
1,0.6660,3.422827054346E+01,1.230692977960E-01,9.434212172942E+00
1,0.6670,3.415730293363E+01,1.221735709767E-01,9.420067926806E+00
1,0.6680,3.408653897139E+01,1.212805259742E-01,9.405966028712E+00
1,0.6690,3.401597774145E+01,1.203901507625E-01,9.391906288759E+00
1,0.6700,3.394561833463E+01,1.195024333871E-01,9.377888518178E+00
1,0.6710,3.387545984702E+01,1.185396414913E-01,9.363912529329E+00
1,0.6720,3.380550138009E+01,1.175797150475E-01,9.349978135684E+00
1,0.6730,3.373574204019E+01,1.166226412826E-01,9.336085151827E+00
1,0.6740,3.366618093944E+01,1.156684074991E-01,9.322233393442E+00
1,0.6750,3.359681719510E+01,1.147170010751E-01,9.308422677303E+00
1,0.6760,3.352764993008E+01,1.137684094629E-01,9.294652821272E+00
1,0.6770,3.345867827152E+01,1.128226201894E-01,9.280923644283E+00
1,0.6780,3.338990135246E+01,1.118796208547E-01,9.267234966342E+00
1,0.6790,3.332131831097E+01,1.109393991321E-01,9.253586608512E+00
1,0.6800,3.325292829016E+01,1.100019427676E-01,9.239978392911E+00
1,0.6810,3.318569237127E+01,1.091908734748E-01,9.226410142701E+00
1,0.6820,3.311864518932E+01,1.083821826843E-01,9.212881682082E+00
1,0.6830,3.305178591425E+01,1.075758599489E-01,9.199392836281E+00
1,0.6840,3.298511372077E+01,1.067718948823E-01,9.185943431549E+00
1,0.6850,3.291862778834E+01,1.059702771589E-01,9.172533295153E+00
1,0.6860,3.285232730118E+01,1.051709965134E-01,9.159162255364E+00
1,0.6870,3.278621144904E+01,1.043740427403E-01,9.145830141455E+00
1,0.6880,3.272027942541E+01,1.035794056933E-01,9.132536783691E+00
1,0.6890,3.265453042859E+01,1.027870752850E-01,9.119282013323E+00
1,0.6900,3.258896366227E+01,1.019970414865E-01,9.106065662579E+00
1,0.6910,3.252547668447E+01,1.012374822786E-01,9.092887564659E+00
1,0.6920,3.246216533317E+01,1.004801183286E-01,9.079747553728E+00
1,0.6930,3.239902884798E+01,9.972494013304E-02,9.066645464906E+00
1,0.6940,3.233606647278E+01,9.897193824355E-02,9.053581134265E+00
1,0.6950,3.227327745614E+01,9.822110326597E-02,9.040554398820E+00
1,0.6960,3.221066105070E+01,9.747242586017E-02,9.027565096522E+00
1,0.6970,3.214821651336E+01,9.672589673961E-02,9.014613066255E+00
1,0.6980,3.208594310566E+01,9.598150667096E-02,9.001698147822E+00
1,0.6990,3.202384009279E+01,9.523924647376E-02,8.988820181945E+00
1,0.7000,3.196190674487E+01,9.449910701998E-02,8.975979010257E+00
1,0.7010,3.189920556873E+01,9.394213535809E-02,8.963174475292E+00
1,0.7020,3.183667504842E+01,9.338675051004E-02,8.950406420484E+00
1,0.7030,3.177431445524E+01,9.283294570424E-02,8.937674690156E+00
1,0.7040,3.171212306497E+01,9.228071420755E-02,8.924979129516E+00
1,0.7050,3.165010015658E+01,9.173004932503E-02,8.912319584652E+00
1,0.7060,3.158824501354E+01,9.118094439968E-02,8.899695902521E+00
1,0.7070,3.152655692401E+01,9.063339281218E-02,8.887107930947E+00
1,0.7080,3.146503517944E+01,9.008738798057E-02,8.874555518615E+00
1,0.7090,3.140367907544E+01,8.954292336005E-02,8.862038515063E+00
1,0.7100,3.134248791167E+01,8.899999244268E-02,8.849556770675E+00
1,0.7110,3.128331046814E+01,8.849367208440E-02,8.837110136680E+00
1,0.7120,3.122429183603E+01,8.798877397431E-02,8.824698465140E+00
1,0.7130,3.116543134725E+01,8.748529212820E-02,8.812321608948E+00
1,0.7140,3.110672833832E+01,8.698322059539E-02,8.799979421820E+00
1,0.7150,3.104818214857E+01,8.648255345848E-02,8.787671758293E+00
1,0.7160,3.098979212152E+01,8.598328483312E-02,8.775398473715E+00
1,0.7170,3.093155760389E+01,8.548540886780E-02,8.763159424239E+00
1,0.7180,3.087347794659E+01,8.498891974362E-02,8.750954466824E+00
1,0.7190,3.081555250389E+01,8.449381167402E-02,8.738783459221E+00
1,0.7200,3.075778063358E+01,8.400007890461E-02,8.726646259972E+00
1,0.7210,3.070016169715E+01,8.329133361698E-02,8.714542728404E+00
1,0.7220,3.064269505932E+01,8.258455161270E-02,8.702472724625E+00
1,0.7230,3.058538008905E+01,8.187972474535E-02,8.690436109515E+00
1,0.7240,3.052821615783E+01,8.117684491356E-02,8.678432744723E+00
1,0.7250,3.047120264143E+01,8.047590406061E-02,8.666462492661E+00
1,0.7260,3.041433891878E+01,7.977689417419E-02,8.654525216501E+00
1,0.7270,3.035762437208E+01,7.907980728609E-02,8.642620780164E+00
1,0.7280,3.030105838686E+01,7.838463547186E-02,8.630749048324E+00
1,0.7290,3.024464035236E+01,7.769137085053E-02,8.618909886392E+00
1,0.7300,3.018836966092E+01,7.700000558433E-02,8.607103160520E+00
1,0.7310,3.013314735381E+01,7.639261726781E-02,8.595328737592E+00
1,0.7320,3.007806894298E+01,7.578688848221E-02,8.583586485218E+00
1,0.7330,3.002313384029E+01,7.518281243545E-02,8.571876271732E+00
1,0.7340,2.996834146087E+01,7.458038237247E-02,8.560197966185E+00
1,0.7350,2.991369122303E+01,7.397959157496E-02,8.548551438340E+00
1,0.7360,2.985918254842E+01,7.338043336115E-02,8.536936558668E+00
1,0.7370,2.980481486102E+01,7.278290108550E-02,8.525353198344E+00
1,0.7380,2.975058758910E+01,7.218698813851E-02,8.513801229241E+00
1,0.7390,2.969650016332E+01,7.159268794645E-02,8.502280523924E+00
1,0.7400,2.964255201744E+01,7.099999397113E-02,8.490790955648E+00
1,0.7410,2.958874258885E+01,7.044332579918E-02,8.479332398353E+00
1,0.7420,2.953507131697E+01,6.988815808052E-02,8.467904726657E+00
1,0.7430,2.948153764525E+01,6.933448475680E-02,8.456507815854E+00
1,0.7440,2.942814101943E+01,6.878229980222E-02,8.445141541908E+00
1,0.7450,2.937488088855E+01,6.823159722337E-02,8.433805781449E+00
1,0.7460,2.932175670465E+01,6.768237105893E-02,8.422500411769E+00
1,0.7470,2.926876792257E+01,6.713461537954E-02,8.411225310816E+00
1,0.7480,2.921591399994E+01,6.658832428753E-02,8.399980357192E+00
1,0.7490,2.916319439765E+01,6.604349191673E-02,8.388765430146E+00
1,0.7500,2.911060857912E+01,6.550011243224E-02,8.377580409573E+00
1,0.7510,2.905903581117E+01,6.489292191390E-02,8.366425176005E+00
1,0.7520,2.900759364037E+01,6.428734626396E-02,8.355299610611E+00
1,0.7530,2.895628154717E+01,6.368337904869E-02,8.344203595192E+00
1,0.7540,2.890509901541E+01,6.308101386846E-02,8.333137012175E+00
1,0.7550,2.885404553161E+01,6.248024435759E-02,8.322099744609E+00
1,0.7560,2.880312058499E+01,6.188106418404E-02,8.311091676163E+00
1,0.7570,2.875232366683E+01,6.128346704927E-02,8.300112691122E+00
1,0.7580,2.870165427195E+01,6.068744668793E-02,8.289162674379E+00
1,0.7590,2.865111189754E+01,6.009299686774E-02,8.278241511436E+00
1,0.7600,2.860069604341E+01,5.950011138917E-02,8.267349088394E+00
1,0.7610,2.855040621205E+01,5.904476839808E-02,8.256485291957E+00
1,0.7620,2.850024190811E+01,5.859062053295E-02,8.245650009422E+00
1,0.7630,2.845020263955E+01,5.813766309473E-02,8.234843128676E+00
1,0.7640,2.840028791644E+01,5.768589140896E-02,8.224064538193E+00
1,0.7650,2.835049725186E+01,5.723530082564E-02,8.213314127032E+00
1,0.7660,2.830083016077E+01,5.678588671903E-02,8.202591784830E+00
1,0.7670,2.825128616113E+01,5.633764448755E-02,8.191897401799E+00
1,0.7680,2.820186477359E+01,5.589056955354E-02,8.181230868723E+00
1,0.7690,2.815256552050E+01,5.544465736318E-02,8.170592076957E+00
1,0.7700,2.810338792784E+01,5.499990338630E-02,8.159980918415E+00
1,0.7710,2.805519062225E+01,5.464586499241E-02,8.149397285577E+00
1,0.7720,2.800711202175E+01,5.429274379642E-02,8.138841071476E+00
1,0.7730,2.795915166707E+01,5.394053623872E-02,8.128312169702E+00
1,0.7740,2.791130910147E+01,5.358923877807E-02,8.117810474392E+00
1,0.7750,2.786358387042E+01,5.323884789151E-02,8.107335880232E+00
1,0.7760,2.781597552169E+01,5.288936007425E-02,8.096888282448E+00
1,0.7770,2.776848360591E+01,5.254077183952E-02,8.086467576808E+00
1,0.7780,2.772110767491E+01,5.219307971851E-02,8.076073659614E+00
1,0.7790,2.767384728427E+01,5.184628026020E-02,8.065706427702E+00
1,0.7800,2.762670199062E+01,5.150037003127E-02,8.055365778435E+00
1,0.7810,2.757967135339E+01,5.098446871980E-02,8.045051609705E+00
1,0.7820,2.753275493438E+01,5.046988684902E-02,8.034763819923E+00
1,0.7830,2.748595229733E+01,4.995661936360E-02,8.024502308020E+00
1,0.7840,2.743926300818E+01,4.944466123402E-02,8.014266973443E+00
1,0.7850,2.739268663596E+01,4.893400745635E-02,8.004057716152E+00
1,0.7860,2.734622275048E+01,4.842465305217E-02,7.993874436615E+00
1,0.7870,2.729987092458E+01,4.791659306833E-02,7.983717035806E+00
1,0.7880,2.725363073317E+01,4.740982257684E-02,7.973585415203E+00
1,0.7890,2.720750175343E+01,4.690433667467E-02,7.963479476780E+00
1,0.7900,2.716148356402E+01,4.640013048365E-02,7.953399123012E+00
1,0.7910,2.711557574698E+01,4.600570523281E-02,7.943344256864E+00
1,0.7920,2.706977788517E+01,4.561227600532E-02,7.933314781792E+00
1,0.7930,2.702408956429E+01,4.521983903314E-02,7.923310601740E+00
1,0.7940,2.697851037212E+01,4.482839056719E-02,7.913331621133E+00
1,0.7950,2.693303989799E+01,4.443792687725E-02,7.903377744880E+00
1,0.7960,2.688767773380E+01,4.404844425186E-02,7.893448878366E+00
1,0.7970,2.684242347321E+01,4.365993899817E-02,7.883544927452E+00
1,0.7980,2.679727671255E+01,4.327240744187E-02,7.873665798471E+00
1,0.7990,2.675223704904E+01,4.288584592700E-02,7.863811398222E+00
1,0.8000,2.670730408290E+01,4.250025081593E-02,7.853981633974E+00
1,0.8010,2.666330742529E+01,4.212103097087E-02,7.844176413458E+00
1,0.8020,2.661941480734E+01,4.174275681122E-02,7.834395644862E+00
1,0.8030,2.657562584212E+01,4.136542480389E-02,7.824639236836E+00
1,0.8040,2.653194014470E+01,4.098903143340E-02,7.814907098482E+00
1,0.8050,2.648835733237E+01,4.061357320171E-02,7.805199139354E+00
1,0.8060,2.644487702317E+01,4.023904662817E-02,7.795515269454E+00
1,0.8070,2.640149883836E+01,3.986544824936E-02,7.785855399231E+00
1,0.8080,2.635822240020E+01,3.949277461901E-02,7.776219439579E+00
1,0.8090,2.631504733324E+01,3.912102230790E-02,7.766607301829E+00
1,0.8100,2.627197326369E+01,3.875018790372E-02,7.757018897753E+00
1,0.8110,2.622899981977E+01,3.840637693148E-02,7.747454139556E+00
1,0.8120,2.618612663128E+01,3.806341278429E-02,7.737912939876E+00
1,0.8130,2.614335333032E+01,3.772129233734E-02,7.728395211783E+00
1,0.8140,2.610067954991E+01,3.738001248116E-02,7.718900868771E+00
1,0.8150,2.605810492629E+01,3.703957012157E-02,7.709429824760E+00
1,0.8160,2.601562909601E+01,3.669996217952E-02,7.699981994093E+00
1,0.8170,2.597325169789E+01,3.636118559107E-02,7.690557291529E+00
1,0.8180,2.593097237324E+01,3.602323730723E-02,7.681155632249E+00
1,0.8190,2.588879076433E+01,3.568611429393E-02,7.671776931843E+00
1,0.8200,2.584670651532E+01,3.534981353188E-02,7.662421106317E+00
1,0.8210,2.580471927191E+01,3.504655151729E-02,7.653088072082E+00
1,0.8220,2.576282868208E+01,3.474402736649E-02,7.643777745961E+00
1,0.8230,2.572103439519E+01,3.444223838981E-02,7.634490045176E+00
1,0.8240,2.567933606264E+01,3.414118191064E-02,7.625224887354E+00
1,0.8250,2.563773333675E+01,3.384085526536E-02,7.615982190521E+00
1,0.8260,2.559622587191E+01,3.354125580324E-02,7.606761873099E+00
1,0.8270,2.555481332470E+01,3.324238088638E-02,7.597563853905E+00
1,0.8280,2.551349535252E+01,3.294422788960E-02,7.588388052149E+00
1,0.8290,2.547227161540E+01,3.264679420042E-02,7.579234387430E+00
1,0.8300,2.543114177374E+01,3.235007721892E-02,7.570102779734E+00
1,0.8310,2.539010549067E+01,3.206201340052E-02,7.560993149434E+00
1,0.8320,2.534916243066E+01,3.177464204322E-02,7.551905417283E+00
1,0.8330,2.530831225943E+01,3.148796065316E-02,7.542839504417E+00
1,0.8340,2.526755464466E+01,3.120196674846E-02,7.533795332350E+00
1,0.8350,2.522688925558E+01,3.091665785909E-02,7.524772822970E+00
1,0.8360,2.518631576273E+01,3.063203152688E-02,7.515771898540E+00
1,0.8370,2.514583383872E+01,3.034808530538E-02,7.506792481696E+00
1,0.8380,2.510544315709E+01,3.006481675982E-02,7.497834495441E+00
1,0.8390,2.506514339369E+01,2.978222346705E-02,7.488897863146E+00
1,0.8400,2.502493422533E+01,2.950030301546E-02,7.479982508547E+00
1,0.8410,2.498560982746E+01,2.921725994369E-02,7.471088355743E+00
1,0.8420,2.494637369545E+01,2.893488918325E-02,7.462215329192E+00
1,0.8430,2.490722551697E+01,2.865318834158E-02,7.453363353712E+00
1,0.8440,2.486816498155E+01,2.837215503745E-02,7.444532354478E+00
1,0.8450,2.482919177963E+01,2.809178690090E-02,7.435722257017E+00
1,0.8460,2.479030560381E+01,2.781208157318E-02,7.426932987210E+00
1,0.8470,2.475150614721E+01,2.753303670669E-02,7.418164471286E+00
1,0.8480,2.471279310528E+01,2.725464996489E-02,7.409416635825E+00
1,0.8490,2.467416617440E+01,2.697691902224E-02,7.400689407750E+00
1,0.8500,2.463562505291E+01,2.669984156416E-02,7.391982714329E+00
1,0.8510,2.459716943985E+01,2.642193862764E-02,7.383296483172E+00
1,0.8520,2.455879903620E+01,2.614468804544E-02,7.374630642230E+00
1,0.8530,2.452051354397E+01,2.586808752323E-02,7.365985119788E+00
1,0.8540,2.448231266700E+01,2.559213477741E-02,7.357359844473E+00
1,0.8550,2.444419611020E+01,2.531682753509E-02,7.348754745239E+00
1,0.8560,2.440616357995E+01,2.504216353399E-02,7.340169751378E+00
1,0.8570,2.436821478375E+01,2.476814052239E-02,7.331604792508E+00
1,0.8580,2.433034943135E+01,2.449475625907E-02,7.323059798578E+00
1,0.8590,2.429256723231E+01,2.422200851324E-02,7.314534699860E+00
1,0.8600,2.425486789914E+01,2.394989506449E-02,7.306029426953E+00
1,0.8610,2.421802912888E+01,2.370738495207E-02,7.297543910778E+00
1,0.8620,2.418127104044E+01,2.346543750811E-02,7.289078082575E+00
1,0.8630,2.414459335543E+01,2.322405077666E-02,7.280631873904E+00
1,0.8640,2.410799579656E+01,2.298322281078E-02,7.272205216643E+00
1,0.8650,2.407147808838E+01,2.274295167258E-02,7.263798042982E+00
1,0.8660,2.403503995611E+01,2.250323543307E-02,7.255410285427E+00
1,0.8670,2.399868112655E+01,2.226407217221E-02,7.247041876793E+00
1,0.8680,2.396240132720E+01,2.202545997876E-02,7.238692750207E+00
1,0.8690,2.392620028785E+01,2.178739695032E-02,7.230362839102E+00
1,0.8700,2.389007773885E+01,2.154988119321E-02,7.222052077218E+00
1,0.8710,2.385326340812E+01,2.130742836455E-02,7.213760398599E+00
1,0.8720,2.381652860589E+01,2.106553162036E-02,7.205487737591E+00
1,0.8730,2.377987306061E+01,2.082418904969E-02,7.197234028843E+00
1,0.8740,2.374329650198E+01,2.058339875036E-02,7.188999207299E+00
1,0.8750,2.370679866126E+01,2.034315882885E-02,7.180783208205E+00
1,0.8760,2.367037927050E+01,2.010346740031E-02,7.172585967100E+00
1,0.8770,2.363403806330E+01,1.986432258848E-02,7.164407419817E+00
1,0.8780,2.359777477444E+01,1.962572252566E-02,7.156247502482E+00
1,0.8790,2.356158913968E+01,1.938766535262E-02,7.148106151513E+00
1,0.8800,2.352548089622E+01,1.915014921862E-02,7.139983303613E+00
1,0.8810,2.349021201063E+01,1.894811848788E-02,7.131878895777E+00
1,0.8820,2.345501845730E+01,1.874654587671E-02,7.123792865283E+00
1,0.8830,2.341989998247E+01,1.854542982864E-02,7.115725149694E+00
1,0.8840,2.338485633304E+01,1.834476879426E-02,7.107675686855E+00
1,0.8850,2.334988725745E+01,1.814456123114E-02,7.099644414892E+00
1,0.8860,2.331499250553E+01,1.794480560383E-02,7.091631272212E+00
1,0.8870,2.328017182754E+01,1.774550038380E-02,7.083636197497E+00
1,0.8880,2.324542497532E+01,1.754664404939E-02,7.075659129707E+00
1,0.8890,2.321075170185E+01,1.734823508582E-02,7.067700008076E+00
1,0.8900,2.317615176090E+01,1.715027198509E-02,7.059758772112E+00
1,0.8910,2.314162490770E+01,1.694824007135E-02,7.051835361593E+00
1,0.8920,2.310717089887E+01,1.674666114395E-02,7.043929716569E+00
1,0.8930,2.307278949086E+01,1.654553368113E-02,7.036041777357E+00
1,0.8940,2.303848044257E+01,1.634485616788E-02,7.028171484541E+00
1,0.8950,2.300424351331E+01,1.614462709600E-02,7.020318778972E+00
1,0.8960,2.297007846335E+01,1.594484496402E-02,7.012483601763E+00
1,0.8970,2.293598505465E+01,1.574550827714E-02,7.004665894292E+00
1,0.8980,2.290196304983E+01,1.554661554725E-02,6.996865598196E+00
1,0.8990,2.286801221239E+01,1.534816529285E-02,6.989082655372E+00
1,0.9000,2.283413230713E+01,1.515015603901E-02,6.981317007977E+00
1,0.9010,2.280032310029E+01,1.498856993134E-02,6.973568598424E+00
1,0.9020,2.276658435785E+01,1.482734210771E-02,6.965837369379E+00
1,0.9030,2.273291584854E+01,1.466647137783E-02,6.958123263765E+00
1,0.9040,2.269931734063E+01,1.450595655664E-02,6.950426224756E+00
1,0.9050,2.266578860441E+01,1.434579646434E-02,6.942746195779E+00
1,0.9060,2.263232941094E+01,1.418598992632E-02,6.935083120507E+00
1,0.9070,2.259893953154E+01,1.402653577318E-02,6.927436942866E+00
1,0.9080,2.256561873981E+01,1.386743284063E-02,6.919807607026E+00
1,0.9090,2.253236680969E+01,1.370867996955E-02,6.912195057403E+00
1,0.9100,2.249918351543E+01,1.355027600587E-02,6.904599238659E+00
1,0.9110,2.246606863352E+01,1.339373714504E-02,6.897020095697E+00
1,0.9120,2.243302194106E+01,1.323754157119E-02,6.889457573662E+00
1,0.9130,2.240004321545E+01,1.308168815631E-02,6.881911617940E+00
1,0.9140,2.236713223602E+01,1.292617577735E-02,6.874382174157E+00
1,0.9150,2.233428878217E+01,1.277100331617E-02,6.866869188174E+00
1,0.9160,2.230151263515E+01,1.261616965948E-02,6.859372606091E+00
1,0.9170,2.226880357613E+01,1.246167369888E-02,6.851892374242E+00
1,0.9180,2.223616138835E+01,1.230751433079E-02,6.844428439193E+00
1,0.9190,2.220358585510E+01,1.215369045643E-02,6.836980747747E+00
1,0.9200,2.217107676134E+01,1.200020098179E-02,6.829549246934E+00
1,0.9210,2.213936668529E+01,1.184363375069E-02,6.822133884017E+00
1,0.9220,2.210772121414E+01,1.168740614481E-02,6.814734606485E+00
1,0.9230,2.207614014011E+01,1.153151706030E-02,6.807351362058E+00
1,0.9240,2.204462325613E+01,1.137596539804E-02,6.799984098679E+00
1,0.9250,2.201317035644E+01,1.122075006371E-02,6.792632764518E+00
1,0.9260,2.198178123555E+01,1.106586996767E-02,6.785297307969E+00
1,0.9270,2.195045568903E+01,1.091132402503E-02,6.777977677648E+00
1,0.9280,2.191919351341E+01,1.075711115554E-02,6.770673822392E+00
1,0.9290,2.188799450609E+01,1.060323028361E-02,6.763385691259E+00
1,0.9300,2.185685846558E+01,1.044968033830E-02,6.756113233526E+00
1,0.9310,2.182505936892E+01,1.031846152508E-02,6.748856398689E+00
1,0.9320,2.179332421359E+01,1.018752429731E-02,6.741615136459E+00
1,0.9330,2.176165279576E+01,1.005686774955E-02,6.734389396763E+00
1,0.9340,2.173004491261E+01,9.926490980266E-03,6.727179129743E+00
1,0.9350,2.169850036218E+01,9.796393091771E-03,6.719984285754E+00
1,0.9360,2.166701894363E+01,9.666573190219E-03,6.712804815363E+00
1,0.9370,2.163560045647E+01,9.537030385574E-03,6.705640669349E+00
1,0.9380,2.160424470150E+01,9.407763791601E-03,6.698491798699E+00
1,0.9390,2.157295148028E+01,9.278772525836E-03,6.691358154611E+00
1,0.9400,2.154172059485E+01,9.150055709572E-03,6.684239688489E+00
1,0.9410,2.151127087092E+01,9.013733446944E-03,6.677136351944E+00
1,0.9420,2.148088174505E+01,8.877700615870E-03,6.670048096794E+00
1,0.9430,2.145055302570E+01,8.741956295573E-03,6.662974875058E+00
1,0.9440,2.142028452348E+01,8.606499569175E-03,6.655916638961E+00
1,0.9450,2.139007604916E+01,8.471329523680E-03,6.648873340931E+00
1,0.9460,2.135992741400E+01,8.336445249951E-03,6.641844933594E+00
1,0.9470,2.132983843099E+01,8.201845842692E-03,6.634831369778E+00
1,0.9480,2.129980891312E+01,8.067530400427E-03,6.627832602510E+00
1,0.9490,2.126983867452E+01,7.933498025480E-03,6.620848585015E+00
1,0.9500,2.123992753002E+01,7.799747823955E-03,6.613879270715E+00
1,0.9510,2.121007529481E+01,7.688742449398E-03,6.606924613228E+00
1,0.9520,2.118028178563E+01,7.577970279409E-03,6.599984566365E+00
1,0.9530,2.115054681985E+01,7.467430579872E-03,6.593059084134E+00
1,0.9540,2.112087021494E+01,7.357122619746E-03,6.586148120733E+00
1,0.9550,2.109125178978E+01,7.247045671056E-03,6.579251630555E+00
1,0.9560,2.106169136376E+01,7.137199008869E-03,6.572369568179E+00
1,0.9570,2.103218875690E+01,7.027581911284E-03,6.565501888380E+00
1,0.9580,2.100274379047E+01,6.918193659415E-03,6.558648546116E+00
1,0.9590,2.097335628584E+01,6.809033537372E-03,6.551809496538E+00
1,0.9600,2.094402606562E+01,6.700100832250E-03,6.544984694979E+00
1,0.9610,2.091475295270E+01,6.594108176361E-03,6.538174096961E+00
1,0.9620,2.088553677113E+01,6.488335879423E-03,6.531377658191E+00
1,0.9630,2.085637734596E+01,6.382783254962E-03,6.524595334558E+00
1,0.9640,2.082727450210E+01,6.277449619347E-03,6.517827082136E+00
1,0.9650,2.079822806541E+01,6.172334291786E-03,6.511072857181E+00
1,0.9660,2.076923786341E+01,6.067436594303E-03,6.504332616128E+00
1,0.9670,2.074030372282E+01,5.962755851726E-03,6.497606315594E+00
1,0.9680,2.071142547232E+01,5.858291391675E-03,6.490893912376E+00
1,0.9690,2.068260294081E+01,5.754042544545E-03,6.484195363446E+00
1,0.9700,2.065383595768E+01,5.650008643492E-03,6.477510625958E+00
1,0.9710,2.062512435369E+01,5.564216783703E-03,6.470839657240E+00
1,0.9720,2.059646795983E+01,5.478601450375E-03,6.464182414794E+00
1,0.9730,2.056786660760E+01,5.393162099232E-03,6.457538856300E+00
1,0.9740,2.053932012973E+01,5.307898188236E-03,6.450908939609E+00
1,0.9750,2.051082835884E+01,5.222809177569E-03,6.444292622748E+00
1,0.9760,2.048239112904E+01,5.137894529630E-03,6.437689863914E+00
1,0.9770,2.045400827483E+01,5.053153709015E-03,6.431100621473E+00
1,0.9780,2.042567963138E+01,4.968586182511E-03,6.424524853967E+00
1,0.9790,2.039740503456E+01,4.884191419085E-03,6.417962520102E+00
1,0.9800,2.036918432065E+01,4.799968889870E-03,6.411413578755E+00
1,0.9810,2.034101732718E+01,4.714195155978E-03,6.404877988970E+00
1,0.9820,2.031290389171E+01,4.628596114007E-03,6.398355709959E+00
1,0.9830,2.028484385304E+01,4.543171230820E-03,6.391846701098E+00
1,0.9840,2.025683704959E+01,4.457919975444E-03,6.385350921930E+00
1,0.9850,2.022888332227E+01,4.372841819064E-03,6.378868332162E+00
1,0.9860,2.020098251026E+01,4.287936235009E-03,6.372398891663E+00
1,0.9870,2.017313445584E+01,4.203202698743E-03,6.365942560466E+00
1,0.9880,2.014533900023E+01,4.118640687855E-03,6.359499298765E+00
1,0.9890,2.011759598562E+01,4.034249682044E-03,6.353069066916E+00
1,0.9900,2.008990525547E+01,3.950029163114E-03,6.346651825434E+00
1,0.9910,2.006295369282E+01,3.874347741704E-03,6.340247534995E+00
1,0.9920,2.003605288855E+01,3.798818903806E-03,6.333856156431E+00
1,0.9930,2.000920269127E+01,3.723442188441E-03,6.327477650735E+00
1,0.9940,1.998240295028E+01,3.648217136487E-03,6.321111979054E+00
1,0.9950,1.995565351556E+01,3.573143290668E-03,6.314759102693E+00
1,0.9960,1.992895423708E+01,3.498220195543E-03,6.308418983112E+00
1,0.9970,1.990230496678E+01,3.423447397500E-03,6.302091581925E+00
1,0.9980,1.987570555575E+01,3.348824444743E-03,6.295776860901E+00
1,0.9990,1.984915585633E+01,3.274350887287E-03,6.289474781962E+00
1,1.0000,1.982265572107E+01,3.200026276947E-03,6.283185307180E+00
1,1.0010,1.979552398800E+01,3.134945407595E-03,6.276908398781E+00
1,1.0020,1.976844271548E+01,3.069994440179E-03,6.270644019141E+00
1,1.0030,1.974141175556E+01,3.005172986158E-03,6.264392130787E+00
1,1.0040,1.971443095919E+01,2.940480658538E-03,6.258152696394E+00
1,1.0050,1.968750017862E+01,2.875917071870E-03,6.251925678786E+00
1,1.0060,1.966061926692E+01,2.811481842232E-03,6.245711040934E+00
1,1.0070,1.963378807719E+01,2.747174587232E-03,6.239508745958E+00
1,1.0080,1.960700646373E+01,2.682994925991E-03,6.233318757123E+00
1,1.0090,1.958027428054E+01,2.618942479143E-03,6.227141037839E+00
1,1.0100,1.955359138303E+01,2.555016868823E-03,6.220975551663E+00
1,1.0110,1.952763276061E+01,2.498513919999E-03,6.214822262294E+00
1,1.0120,1.950172197040E+01,2.442122637081E-03,6.208681133577E+00
1,1.0130,1.947585887209E+01,2.385842689371E-03,6.202552129496E+00
1,1.0140,1.945004332730E+01,2.329673747476E-03,6.196435214181E+00
1,1.0150,1.942427519709E+01,2.273615483298E-03,6.190330351901E+00
1,1.0160,1.939855434363E+01,2.217667570034E-03,6.184237507067E+00
1,1.0170,1.937288062912E+01,2.161829682165E-03,6.178156644228E+00
1,1.0180,1.934725391689E+01,2.106101495451E-03,6.172087728074E+00
1,1.0190,1.932167407026E+01,2.050482686924E-03,6.166030723434E+00
1,1.0200,1.929614095364E+01,1.994972934885E-03,6.159985595274E+00
1,1.0210,1.927065443122E+01,1.946045876722E-03,6.153952308697E+00
1,1.0220,1.924521436859E+01,1.897214566227E-03,6.147930828943E+00
1,1.0230,1.921982063135E+01,1.848478722614E-03,6.141921121388E+00
1,1.0240,1.919447308558E+01,1.799838066196E-03,6.135923151543E+00
1,1.0250,1.916917159832E+01,1.751292318375E-03,6.129936885053E+00
1,1.0260,1.914391603649E+01,1.702841201642E-03,6.123962287699E+00
1,1.0270,1.911870626799E+01,1.654484439567E-03,6.117999325394E+00
1,1.0280,1.909354216137E+01,1.606221756795E-03,6.112047964182E+00
1,1.0290,1.906842358509E+01,1.558052879044E-03,6.106108170243E+00
1,1.0300,1.904335040859E+01,1.509977533093E-03,6.100179909883E+00
1,1.0310,1.901832250183E+01,1.471648759615E-03,6.094263149544E+00
1,1.0320,1.899333973484E+01,1.433394266705E-03,6.088357855794E+00
1,1.0330,1.896840197897E+01,1.395213838642E-03,6.082463995334E+00
1,1.0340,1.894350910503E+01,1.357107260535E-03,6.076581534990E+00
1,1.0350,1.891866098490E+01,1.319074318329E-03,6.070710441719E+00
1,1.0360,1.889385749122E+01,1.281114798791E-03,6.064850682606E+00
1,1.0370,1.886909849655E+01,1.243228489512E-03,6.059002224860E+00
1,1.0380,1.884438387430E+01,1.205415178903E-03,6.053165035818E+00
1,1.0390,1.881971349836E+01,1.167674656187E-03,6.047339082945E+00
1,1.0400,1.879508724271E+01,1.130006711399E-03,6.041524333827E+00
1,1.0410,1.877050498249E+01,1.098235605911E-03,6.035720756176E+00
1,1.0420,1.874596659270E+01,1.066525481431E-03,6.029928317831E+00
1,1.0430,1.872147194922E+01,1.034876162560E-03,6.024146986749E+00
1,1.0440,1.869702092777E+01,1.003287474567E-03,6.018376731015E+00
1,1.0450,1.867261340592E+01,9.717592433936E-04,6.012617518832E+00
1,1.0460,1.864824926008E+01,9.402912956450E-04,6.006869318527E+00
1,1.0470,1.862392836815E+01,9.088834585892E-04,6.001132098548E+00
1,1.0480,1.859965060802E+01,8.775355601539E-04,5.995405827461E+00
1,1.0490,1.857541585832E+01,8.462474289223E-04,5.989690473956E+00
1,1.0500,1.855122399842E+01,8.150188941313E-04,5.983986006838E+00
1,1.0510,1.852707490695E+01,7.887944313071E-04,5.978292395033E+00
1,1.0520,1.850296846489E+01,7.626198248760E-04,5.972609607585E+00
1,1.0530,1.847890455185E+01,7.364949327972E-04,5.966937613656E+00
1,1.0540,1.845488304899E+01,7.104196135686E-04,5.961276382523E+00
1,1.0550,1.843090383766E+01,6.843937262248E-04,5.955625883583E+00
1,1.0560,1.840696679916E+01,6.584171303343E-04,5.949986086344E+00
1,1.0570,1.838307181623E+01,6.324896859971E-04,5.944356960435E+00
1,1.0580,1.835921877081E+01,6.066112538419E-04,5.938738475595E+00
1,1.0590,1.833540754678E+01,5.807816950242E-04,5.933130601680E+00
1,1.0600,1.831163802723E+01,5.550008712231E-04,5.927533308660E+00
1,1.0610,1.828791009621E+01,5.393691167034E-04,5.921946566616E+00
1,1.0620,1.826422363810E+01,5.237668005161E-04,5.916370345743E+00
1,1.0630,1.824057853754E+01,5.081938395803E-04,5.910804616350E+00
1,1.0640,1.821697468007E+01,4.926501511275E-04,5.905249348853E+00
1,1.0650,1.819341195136E+01,4.771356527000E-04,5.899704513784E+00
1,1.0660,1.816989023763E+01,4.616502621494E-04,5.894170081782E+00
1,1.0670,1.814640942492E+01,4.461938976355E-04,5.888646023598E+00
1,1.0680,1.812296940047E+01,4.307664776244E-04,5.883132310093E+00
1,1.0690,1.809957005216E+01,4.153679208874E-04,5.877628912235E+00
1,1.0700,1.807621126708E+01,3.999981464995E-04,5.872135801102E+00
1,1.0710,1.805289293412E+01,3.909226591861E-04,5.866652947880E+00
1,1.0720,1.802961494114E+01,3.818641037520E-04,5.861180323862E+00
1,1.0730,1.800637717783E+01,3.728224328574E-04,5.855717900447E+00
1,1.0740,1.798317953356E+01,3.637975993388E-04,5.850265649143E+00
1,1.0750,1.796002189803E+01,3.547895562081E-04,5.844823541562E+00
1,1.0760,1.793690416173E+01,3.457982566521E-04,5.839391549423E+00
1,1.0770,1.791382621556E+01,3.368236540311E-04,5.833969644549E+00
1,1.0780,1.789078795038E+01,3.278657018788E-04,5.828557798868E+00
1,1.0790,1.786778925760E+01,3.189243539010E-04,5.823155984411E+00
1,1.0800,1.784483002925E+01,3.099995639751E-04,5.817764173314E+00
1,1.0810,1.782254708098E+01,3.024374338983E-04,5.812382337816E+00
1,1.0820,1.780030236138E+01,2.948892818808E-04,5.807010450258E+00
1,1.0830,1.777809576623E+01,2.873550692023E-04,5.801648483084E+00
1,1.0840,1.775592719176E+01,2.798347572851E-04,5.796296408837E+00
1,1.0850,1.773379653467E+01,2.723283076941E-04,5.790954200166E+00
1,1.0860,1.771170369264E+01,2.648356821354E-04,5.785621829815E+00
1,1.0870,1.768964856248E+01,2.573568424564E-04,5.780299270634E+00
1,1.0880,1.766763104274E+01,2.498917506444E-04,5.774986495569E+00
1,1.0890,1.764565103122E+01,2.424403688265E-04,5.769683477667E+00
1,1.0900,1.762370842650E+01,2.350026592689E-04,5.764390190073E+00
1,1.0910,1.760117127646E+01,2.289527072121E-04,5.759106606031E+00
1,1.0920,1.757867233400E+01,2.229138356536E-04,5.753832698882E+00
1,1.0930,1.755621149618E+01,2.168860141802E-04,5.748568442067E+00
1,1.0940,1.753378865979E+01,2.108692124902E-04,5.743313809122E+00
1,1.0950,1.751140372299E+01,2.048634003923E-04,5.738068773680E+00
1,1.0960,1.748905658381E+01,1.988685478055E-04,5.732833309470E+00
1,1.0970,1.746674714064E+01,1.928846247586E-04,5.727607390319E+00
1,1.0980,1.744447529238E+01,1.869116013893E-04,5.722390990145E+00
1,1.0990,1.742224093833E+01,1.809494479443E-04,5.717184082966E+00
1,1.1000,1.740004397777E+01,1.749981347782E-04,5.711986642891E+00
1,1.1010,1.737851120129E+01,1.709654151404E-04,5.706798644123E+00
1,1.1020,1.735701463531E+01,1.669400144129E-04,5.701620060962E+00
1,1.1030,1.733555418242E+01,1.629219126895E-04,5.696450867797E+00
1,1.1040,1.731412974576E+01,1.589110901359E-04,5.691291039112E+00
1,1.1050,1.729274123067E+01,1.549075269896E-04,5.686140549484E+00
1,1.1060,1.727138854063E+01,1.509112035597E-04,5.680999373580E+00
1,1.1070,1.725007158110E+01,1.469221002263E-04,5.675867486160E+00
1,1.1080,1.722879025607E+01,1.429401974404E-04,5.670744862075E+00
1,1.1090,1.720754447216E+01,1.389654757236E-04,5.665631476267E+00
1,1.1100,1.718633413411E+01,1.349979156675E-04,5.660527303765E+00
1,1.1110,1.716453714709E+01,1.314695729630E-04,5.655432319694E+00
1,1.1120,1.714277638529E+01,1.279475761986E-04,5.650346499262E+00
1,1.1130,1.712105175293E+01,1.244319082694E-04,5.645269817771E+00
1,1.1140,1.709936315388E+01,1.209225521317E-04,5.640202250610E+00
1,1.1150,1.707771049360E+01,1.174194908033E-04,5.635143773255E+00
1,1.1160,1.705609367731E+01,1.139227073626E-04,5.630094361272E+00
1,1.1170,1.703451261025E+01,1.104321849486E-04,5.625053990313E+00
1,1.1180,1.701296719840E+01,1.069479067608E-04,5.620022636118E+00
1,1.1190,1.699145734770E+01,1.034698560586E-04,5.615000274513E+00
1,1.1200,1.696998296540E+01,9.999801616114E-05,5.609986881410E+00
1,1.1210,1.694916117642E+01,9.747793098372E-05,5.604982432810E+00
1,1.1220,1.692837372050E+01,9.496233793674E-05,5.599986904795E+00
1,1.1230,1.690762050739E+01,9.245122501986E-05,5.595000273535E+00
1,1.1240,1.688690144801E+01,8.994458027543E-05,5.590022515284E+00
1,1.1250,1.686621645286E+01,8.744239178832E-05,5.585053606382E+00
1,1.1260,1.684556543311E+01,8.494464768573E-05,5.580093523250E+00
1,1.1270,1.682494829936E+01,8.245133613701E-05,5.575142242395E+00
1,1.1280,1.680436496432E+01,7.996244535344E-05,5.570199740407E+00
1,1.1290,1.678381533916E+01,7.747796358810E-05,5.565265993959E+00
1,1.1300,1.676329933675E+01,7.499787913561E-05,5.560340979805E+00
1,1.1310,1.674220436738E+01,7.247818136859E-05,5.555424674783E+00
1,1.1320,1.672114377809E+01,6.996293536442E-05,5.550517055812E+00
1,1.1330,1.670011747960E+01,6.745212933554E-05,5.545618099894E+00
1,1.1340,1.667912538360E+01,6.494575153599E-05,5.540727784109E+00
1,1.1350,1.665816740053E+01,6.244379026119E-05,5.535846085621E+00
1,1.1360,1.663724344290E+01,5.994623384780E-05,5.530972981672E+00
1,1.1370,1.661635342220E+01,5.745307067347E-05,5.526108449586E+00
1,1.1380,1.659549725098E+01,5.496428915675E-05,5.521252466766E+00
1,1.1390,1.657467484159E+01,5.247987775683E-05,5.516405010693E+00
1,1.1400,1.655388610747E+01,4.999982497339E-05,5.511566058929E+00
1,1.1410,1.653373884841E+01,4.838724508270E-05,5.506735589114E+00
1,1.1420,1.651362417533E+01,4.677748932491E-05,5.501913578966E+00
1,1.1430,1.649354200424E+01,4.517055028761E-05,5.497100006281E+00
1,1.1440,1.647349225127E+01,4.356642058429E-05,5.492294848933E+00
1,1.1450,1.645347483382E+01,4.196509285426E-05,5.487498084873E+00
1,1.1460,1.643348966859E+01,4.036655976249E-05,5.482709692129E+00
1,1.1470,1.641353667335E+01,3.877081399957E-05,5.477929648805E+00
1,1.1480,1.639361576558E+01,3.717784828153E-05,5.473157933083E+00
1,1.1490,1.637372686334E+01,3.558765534977E-05,5.468394523220E+00
1,1.1500,1.635386988478E+01,3.400022797094E-05,5.463639397547E+00
1,1.1510,1.633404474848E+01,3.269003205344E-05,5.458892534474E+00
1,1.1520,1.631425137335E+01,3.138211078164E-05,5.454153912482E+00
1,1.1530,1.629448967861E+01,3.007645823711E-05,5.449423510130E+00
1,1.1540,1.627475958327E+01,2.877306852194E-05,5.444701306048E+00
1,1.1550,1.625506100726E+01,2.747193575866E-05,5.439987278943E+00
1,1.1560,1.623539387059E+01,2.617305409013E-05,5.435281407595E+00
1,1.1570,1.621575809332E+01,2.487641767945E-05,5.430583670855E+00
1,1.1580,1.619615359594E+01,2.358202070990E-05,5.425894047651E+00
1,1.1590,1.617658029941E+01,2.228985738481E-05,5.421212516980E+00
1,1.1600,1.615703812469E+01,2.099992192753E-05,5.416539057913E+00
1,1.1610,1.613752699302E+01,1.999216480518E-05,5.411873649595E+00
1,1.1620,1.611804682612E+01,1.898614220455E-05,5.407216271239E+00
1,1.1630,1.609859754557E+01,1.798184965139E-05,5.402566902132E+00
1,1.1640,1.607917907398E+01,1.697928268680E-05,5.397925521632E+00
1,1.1650,1.605979133318E+01,1.597843686722E-05,5.393292109167E+00
1,1.1660,1.604043424635E+01,1.497930776431E-05,5.388666644236E+00
1,1.1670,1.602110773605E+01,1.398189096492E-05,5.384049106409E+00
1,1.1680,1.600181172530E+01,1.298618207101E-05,5.379439475325E+00
1,1.1690,1.598254613844E+01,1.199217669959E-05,5.374837730693E+00
1,1.1700,1.596331089839E+01,1.099987048265E-05,5.370243852290E+00
1,1.1710,1.594410592945E+01,1.021892751207E-05,5.365657819965E+00
1,1.1720,1.592493115570E+01,9.439317208681E-06,5.361079613634E+00
1,1.1730,1.590578650153E+01,8.661036164121E-06,5.356509213282E+00
1,1.1740,1.588667189222E+01,7.884080981646E-06,5.351946598960E+00
1,1.1750,1.586758725194E+01,7.108448276079E-06,5.347391750791E+00
1,1.1760,1.584853250667E+01,6.334134673751E-06,5.342844648962E+00
1,1.1770,1.582950758158E+01,5.561136812465E-06,5.338305273729E+00
1,1.1780,1.581051240264E+01,4.789451341435E-06,5.333773605416E+00
1,1.1790,1.579154689579E+01,4.019074921247E-06,5.329249624410E+00
1,1.1800,1.577261098711E+01,3.250004223805E-06,5.324733311169E+00
1,1.1810,1.575370460352E+01,3.103898861971E-06,5.320224646215E+00
1,1.1820,1.573482767169E+01,2.958040717332E-06,5.315723610135E+00
1,1.1830,1.571598011796E+01,2.812429162962E-06,5.311230183584E+00
1,1.1840,1.569716187086E+01,2.667063574056E-06,5.306744347280E+00
1,1.1850,1.567837285673E+01,2.521943327916E-06,5.302266082008E+00
1,1.1860,1.565961300393E+01,2.377067803945E-06,5.297795368617E+00
1,1.1870,1.564088224051E+01,2.232436383636E-06,5.293332188020E+00
1,1.1880,1.562218049419E+01,2.088048450568E-06,5.288876521195E+00
1,1.1890,1.560350769391E+01,1.943903390389E-06,5.284428349184E+00
1,1.1900,1.558486376801E+01,1.800000590816E-06,5.279987653092E+00
1,1.1910,1.556624864646E+01,1.729469176907E-06,5.275554414089E+00
1,1.1920,1.554766225717E+01,1.659056104298E-06,5.271128613406E+00
1,1.1930,1.552910453042E+01,1.588761075397E-06,5.266710232338E+00
1,1.1940,1.551057539538E+01,1.518583793614E-06,5.262299252244E+00
1,1.1950,1.549207478226E+01,1.448523963348E-06,5.257895654544E+00
1,1.1960,1.547360262128E+01,1.378581289990E-06,5.253499420719E+00
1,1.1970,1.545515884247E+01,1.308755479911E-06,5.249110532314E+00
1,1.1980,1.543674337662E+01,1.239046240467E-06,5.244728970935E+00
1,1.1990,1.541835615466E+01,1.169453279988E-06,5.240354718248E+00
1,1.2000,1.539999710815E+01,1.099976307777E-06,5.235987755983E+00
1,1.2010,1.538166616732E+01,1.054643901810E-06,5.231628065928E+00
1,1.2020,1.536336326428E+01,1.009386924140E-06,5.227275629933E+00
1,1.2030,1.534508833092E+01,9.642051866653E-07,5.222930429908E+00
1,1.2040,1.532684129881E+01,9.190985019106E-07,5.218592447824E+00
1,1.2050,1.530862210087E+01,8.740666830228E-07,5.214261665709E+00
1,1.2060,1.529043066873E+01,8.291095437683E-07,5.209938065655E+00
1,1.2070,1.527226693516E+01,7.842268985307E-07,5.205621629809E+00
1,1.2080,1.525413083371E+01,7.394185623084E-07,5.201312340380E+00
1,1.2090,1.523602229696E+01,6.946843507119E-07,5.197010179636E+00
1,1.2100,1.521794125868E+01,6.500240799609E-07,5.192715129900E+00
1,1.2110,1.520046523572E+01,6.258431321134E-07,5.188427173559E+00
1,1.2120,1.518301576047E+01,6.017020868201E-07,5.184146293052E+00
1,1.2130,1.516559276924E+01,5.776008453938E-07,5.179872470882E+00
1,1.2140,1.514819619912E+01,5.535393094723E-07,5.175605689604E+00
1,1.2150,1.513082598540E+01,5.295173810173E-07,5.171345931835E+00
1,1.2160,1.511348206505E+01,5.055349623130E-07,5.167093180246E+00
1,1.2170,1.509616437501E+01,4.815919559649E-07,5.162847417567E+00
1,1.2180,1.507887285214E+01,4.576882648981E-07,5.158608626584E+00
1,1.2190,1.506160743384E+01,4.338237923565E-07,5.154376790139E+00
1,1.2200,1.504436805735E+01,4.099984419010E-07,5.150151891131E+00
1,1.2210,1.502658114296E+01,3.923697419283E-07,5.145933912514E+00
1,1.2220,1.500882094938E+01,3.747698941650E-07,5.141722837299E+00
1,1.2230,1.499108741409E+01,3.571988278372E-07,5.137518648552E+00
1,1.2240,1.497338047266E+01,3.396564724021E-07,5.133321329395E+00
1,1.2250,1.495570006152E+01,3.221427575472E-07,5.129130863004E+00
1,1.2260,1.493804611786E+01,3.046576131897E-07,5.124947232610E+00
1,1.2270,1.492041857863E+01,2.872009694750E-07,5.120770421499E+00
1,1.2280,1.490281738028E+01,2.697727567761E-07,5.116600413013E+00
1,1.2290,1.488524246040E+01,2.523729056926E-07,5.112437190545E+00
1,1.2300,1.486769375744E+01,2.350013470500E-07,5.108280737544E+00
1,1.2310,1.485017120814E+01,2.234170029478E-07,5.104131037514E+00
1,1.2320,1.483267475081E+01,2.118514645991E-07,5.099988074009E+00
1,1.2330,1.481520432380E+01,2.003046862477E-07,5.095851830640E+00
1,1.2340,1.479775986498E+01,1.887766222858E-07,5.091722291069E+00
1,1.2350,1.478034131369E+01,1.772672272535E-07,5.087599439012E+00
1,1.2360,1.476294860784E+01,1.657764558377E-07,5.083483258236E+00
1,1.2370,1.474558168698E+01,1.543042628720E-07,5.079373732562E+00
1,1.2380,1.472824048991E+01,1.428506033360E-07,5.075270845864E+00
1,1.2390,1.471092495617E+01,1.314154323546E-07,5.071174582066E+00
1,1.2400,1.469363502531E+01,1.199987051973E-07,5.067084925145E+00
1,1.2410,1.467637063737E+01,1.129480782344E-07,5.063001859129E+00
1,1.2420,1.465913173138E+01,1.059088049382E-07,5.058925368100E+00
1,1.2430,1.464191824820E+01,9.888085790628E-08,5.054855436186E+00
1,1.2440,1.462473012849E+01,9.186420982460E-08,5.050792047572E+00
1,1.2450,1.460756731210E+01,8.485883346674E-08,5.046735186490E+00
1,1.2460,1.459042973986E+01,7.786470169373E-08,5.042684837223E+00
1,1.2470,1.457331735299E+01,7.088178745364E-08,5.038640984106E+00
1,1.2480,1.455623009210E+01,6.391006378123E-08,5.034603611522E+00
1,1.2490,1.453916789897E+01,5.694950379766E-08,5.030572703907E+00
1,1.2500,1.452213071461E+01,5.000008071006E-08,5.026548245744E+00
1,1.2510,1.450511848112E+01,4.677703386674E-08,5.022530221566E+00
1,1.2520,1.448813113993E+01,4.355913566056E-08,5.018518615958E+00
1,1.2530,1.447116863326E+01,4.034637376436E-08,5.014513413551E+00
1,1.2540,1.445423090346E+01,3.713873589032E-08,5.010514599027E+00
1,1.2550,1.443731789334E+01,3.393620978979E-08,5.006522157115E+00
1,1.2560,1.442042954407E+01,3.073878325311E-08,5.002536072595E+00
1,1.2570,1.440356579993E+01,2.754644410949E-08,4.998556330294E+00
1,1.2580,1.438672660280E+01,2.435918022683E-08,4.994582915087E+00
1,1.2590,1.436991189643E+01,2.117697951157E-08,4.990615811898E+00
1,1.2600,1.435312162384E+01,1.799982990857E-08,4.986655005698E+00
1,1.2610,1.433691368719E+01,1.719415334057E-08,4.982700481506E+00
1,1.2620,1.432072931644E+01,1.638975359756E-08,4.978752224390E+00
1,1.2630,1.430456845765E+01,1.558662764670E-08,4.974810219461E+00
1,1.2640,1.428843105613E+01,1.478477246474E-08,4.970874451883E+00
1,1.2650,1.427231705776E+01,1.398418503802E-08,4.966944906861E+00
1,1.2660,1.425622640919E+01,1.318486236237E-08,4.963021569652E+00
1,1.2670,1.424015905622E+01,1.238680144311E-08,4.959104425556E+00
1,1.2680,1.422411494533E+01,1.158999929502E-08,4.955193459921E+00
1,1.2690,1.420809402351E+01,1.079445294227E-08,4.951288658140E+00
1,1.2700,1.419209623729E+01,1.000015941843E-08,4.947390005653E+00
1,1.2710,1.417556733300E+01,9.597306023098E-09,4.943497487946E+00
1,1.2720,1.415906220175E+01,9.195086045058E-09,4.939611090550E+00
1,1.2730,1.414258078919E+01,8.793497991572E-09,4.935730799041E+00
1,1.2740,1.412612304138E+01,8.392540374590E-09,4.931856599042E+00
1,1.2750,1.410968890406E+01,7.992211710732E-09,4.927988476219E+00
1,1.2760,1.409327832340E+01,7.592510521269E-09,4.924126416285E+00
1,1.2770,1.407689124539E+01,7.193435332103E-09,4.920270404996E+00
1,1.2780,1.406052761636E+01,6.794984673750E-09,4.916420428153E+00
1,1.2790,1.404418738368E+01,6.397157081320E-09,4.912576471602E+00
1,1.2800,1.402787049316E+01,5.999951094504E-09,4.908738521234E+00
1,1.2810,1.401212740980E+01,5.753234677582E-09,4.904906562982E+00
1,1.2820,1.399640683087E+01,5.506903153666E-09,4.901080582823E+00
1,1.2830,1.398070870589E+01,5.260955622772E-09,4.897260566781E+00
1,1.2840,1.396503298280E+01,5.015391187721E-09,4.893446500919E+00
1,1.2850,1.394937961148E+01,4.770208954126E-09,4.889638371346E+00
1,1.2860,1.393374854104E+01,4.525408030380E-09,4.885836164214E+00
1,1.2870,1.391813972185E+01,4.280987527650E-09,4.882039865718E+00
1,1.2880,1.390255310247E+01,4.036946559863E-09,4.878249462096E+00
1,1.2890,1.388698863378E+01,3.793284243693E-09,4.874464939627E+00
1,1.2900,1.387144626509E+01,3.549999698556E-09,4.870686284635E+00
1,1.2910,1.385537907498E+01,3.419094326591E-09,4.866913483485E+00
1,1.2920,1.383933460629E+01,3.288391594520E-09,4.863146522585E+00
1,1.2930,1.382331280891E+01,3.157891032182E-09,4.859385388383E+00
1,1.2940,1.380731363129E+01,3.027592170868E-09,4.855630067372E+00
1,1.2950,1.379133702348E+01,2.897494543316E-09,4.851880546085E+00
1,1.2960,1.377538293399E+01,2.767597683708E-09,4.848136811095E+00
1,1.2970,1.375945131279E+01,2.637901127662E-09,4.844398849020E+00
1,1.2980,1.374354210890E+01,2.508404412225E-09,4.840666646517E+00
1,1.2990,1.372765527253E+01,2.379107075874E-09,4.836940190285E+00
1,0.3000,1.034591353875E+02,8.867668863533E+01,2.094395102393E+01
1,0.3010,1.034152449504E+02,8.705447177761E+01,2.087436979129E+01
1,0.3020,1.033716449214E+02,8.544299807790E+01,2.080524936152E+01
1,0.3030,1.033283324276E+02,8.384216116828E+01,2.073658517221E+01
1,0.3040,1.032853046335E+02,8.225185608043E+01,2.066837272099E+01
1,0.3050,1.032425587413E+02,8.067197922267E+01,2.060060756452E+01
1,0.3060,1.032000919892E+02,7.910242835745E+01,2.053328531758E+01
1,0.3070,1.031579016519E+02,7.754310257929E+01,2.046640165205E+01
1,0.3080,1.031159850390E+02,7.599390229320E+01,2.039995229604E+01
1,0.3090,1.030743394950E+02,7.445472919343E+01,2.033393303294E+01
1,0.3100,1.030329623990E+02,7.292548624268E+01,2.026833970058E+01
1,0.3110,1.026784360945E+02,7.209500568704E+01,2.020316819029E+01
1,0.3120,1.023261646824E+02,7.126984872471E+01,2.013841444609E+01
1,0.3130,1.019761265390E+02,7.044996433082E+01,2.007407446383E+01
1,0.3140,1.016283003162E+02,6.963530213053E+01,2.001014429038E+01
1,0.3150,1.012826649367E+02,6.882581238864E+01,1.994662002279E+01
1,0.3160,1.009391995905E+02,6.802144599956E+01,1.988349780753E+01
1,0.3170,1.005978837295E+02,6.722215447729E+01,1.982077383968E+01
1,0.3180,1.002586970645E+02,6.642788994572E+01,1.975844436220E+01
1,0.3190,9.992161956068E+01,6.563860512908E+01,1.969650566514E+01
1,0.3200,9.958663143340E+01,6.485425334254E+01,1.963495408494E+01
1,0.3210,9.943520880760E+01,6.425486731426E+01,1.957378600367E+01
1,0.3220,9.928472307828E+01,6.365920418057E+01,1.951299784838E+01
1,0.3230,9.913516556048E+01,6.306722936349E+01,1.945258609034E+01
1,0.3240,9.898652767684E+01,6.247890871195E+01,1.939254724438E+01
1,0.3250,9.883880095505E+01,6.189420849519E+01,1.933287786824E+01
1,0.3260,9.869197702700E+01,6.131309539632E+01,1.927357456190E+01
1,0.3270,9.854604762664E+01,6.073553650601E+01,1.921463396691E+01
1,0.3280,9.840100458848E+01,6.016149931624E+01,1.915605276579E+01
1,0.3290,9.825683984656E+01,5.959095171426E+01,1.909782768140E+01
1,0.3300,9.811354543246E+01,5.902386197654E+01,1.903995547630E+01
1,0.3310,9.801512617325E+01,5.861205822652E+01,1.898243295220E+01
1,0.3320,9.791729819374E+01,5.820273522199E+01,1.892525694934E+01
1,0.3330,9.782005617668E+01,5.779587061388E+01,1.886842434588E+01
1,0.3340,9.772339486859E+01,5.739144232079E+01,1.881193205742E+01
1,0.3350,9.762730907848E+01,5.698942852497E+01,1.875577703636E+01
1,0.3360,9.753179367728E+01,5.658980766841E+01,1.869995627137E+01
1,0.3370,9.743684359648E+01,5.619255844899E+01,1.864446678688E+01
1,0.3380,9.734245382778E+01,5.579765981666E+01,1.858930564254E+01
1,0.3390,9.724861942152E+01,5.540509096977E+01,1.853446993268E+01
1,0.3400,9.715533548677E+01,5.501483135139E+01,1.847995678582E+01
1,0.3410,9.722422106582E+01,5.478163705799E+01,1.842576336416E+01
1,0.3420,9.729270315939E+01,5.454980647391E+01,1.837188686310E+01
1,0.3430,9.736078530298E+01,5.431932767166E+01,1.831832451073E+01
1,0.3440,9.742847099053E+01,5.409018886245E+01,1.826507356738E+01
1,0.3450,9.749576367595E+01,5.386237839416E+01,1.821213132516E+01
1,0.3460,9.756266677261E+01,5.363588474938E+01,1.815949510746E+01
1,0.3470,9.762918365488E+01,5.341069654348E+01,1.810716226853E+01
1,0.3480,9.769531765783E+01,5.318680252267E+01,1.805513019304E+01
1,0.3490,9.776107207874E+01,5.296419156215E+01,1.800339629564E+01
1,0.3500,9.782645017655E+01,5.274285266427E+01,1.795195802051E+01
1,0.3510,9.850318762186E+01,5.264271040272E+01,1.790081284097E+01
1,0.3520,9.917600885941E+01,5.254313713129E+01,1.784995825903E+01
1,0.3530,9.984494913286E+01,5.244412801437E+01,1.779939180504E+01
1,0.3540,1.005100432172E+02,5.234567827100E+01,1.774911103723E+01
1,0.3550,1.011713254286E+02,5.224778317407E+01,1.769911354135E+01
1,0.3560,1.018288296331E+02,5.215043804959E+01,1.764939693028E+01
1,0.3570,1.024825892560E+02,5.205363827595E+01,1.759995884364E+01
1,0.3580,1.031326372909E+02,5.195737928317E+01,1.755079694743E+01
1,0.3590,1.037790063078E+02,5.186165655219E+01,1.750190893365E+01
1,0.3600,1.044217284617E+02,5.176646561415E+01,1.745329251994E+01
1,0.3610,1.056444944742E+02,5.023937503926E+01,1.740494544925E+01
1,0.3620,1.068603139103E+02,4.872072142888E+01,1.735686548945E+01
1,0.3630,1.080692519550E+02,4.721043505601E+01,1.730905043300E+01
1,0.3640,1.092713726634E+02,4.570844695992E+01,1.726149809665E+01
1,0.3650,1.104667390038E+02,4.421468893559E+01,1.721420632104E+01
1,0.3660,1.116554128968E+02,4.272909352342E+01,1.716717297044E+01
1,0.3670,1.128374552525E+02,4.125159399904E+01,1.712039593237E+01
1,0.3680,1.140129260053E+02,3.978212436339E+01,1.707387311734E+01
1,0.3690,1.151818841462E+02,3.832061933281E+01,1.702760245848E+01
1,0.3700,1.163443877539E+02,3.686701432942E+01,1.698158191130E+01
1,0.3710,1.155586824716E+02,3.469300566511E+01,1.693580945331E+01
1,0.3720,1.147771401141E+02,3.253068521943E+01,1.689028308382E+01
1,0.3730,1.139997264548E+02,3.037995898525E+01,1.684500082354E+01
1,0.3740,1.132264076211E+02,2.824073396088E+01,1.679996071438E+01
1,0.3750,1.124571500894E+02,2.611291813664E+01,1.675516081915E+01
1,0.3760,1.116919206801E+02,2.399642048168E+01,1.671059922122E+01
1,0.3770,1.109306865531E+02,2.189115093098E+01,1.666627402435E+01
1,0.3780,1.101734152026E+02,1.979702037262E+01,1.662218335233E+01
1,0.3790,1.094200744530E+02,1.771394063515E+01,1.657832534876E+01
1,0.3800,1.086706324536E+02,1.564182447524E+01,1.653469817679E+01
1,0.3810,1.074236637099E+02,1.477455568688E+01,1.649130001884E+01
1,0.3820,1.061830324838E+02,1.391182757281E+01,1.644812907639E+01
1,0.3830,1.049486840127E+02,1.305360456638E+01,1.640518356966E+01
1,0.3840,1.037205639204E+02,1.219985147144E+01,1.636246173745E+01
1,0.3850,1.024986182044E+02,1.135053345752E+01,1.631996183683E+01
1,0.3860,1.012827932223E+02,1.050561605506E+01,1.627768214295E+01
1,0.3870,1.000730356776E+02,9.665065150811E+00,1.623562094878E+01
1,0.3880,9.886929260652E+01,8.828846983181E+00,1.619377656490E+01
1,0.3890,9.767151136287E+01,7.996928137750E+00,1.615214731923E+01
1,0.3900,9.647963960409E+01,7.169275542807E+00,1.611073155687E+01
1,0.3910,9.553835053329E+01,6.911503837898E+00,1.606952763985E+01
1,0.3920,9.460171035971E+01,6.655047294747E+00,1.602853394689E+01
1,0.3930,9.366968028468E+01,6.399895873954E+00,1.598774887323E+01
1,0.3940,9.274222180815E+01,6.146039638038E+00,1.594717083041E+01
1,0.3950,9.181929672185E+01,5.893468750152E+00,1.590679824602E+01
1,0.3960,9.090086710187E+01,5.642173472811E+00,1.586662956358E+01
1,0.3970,8.998689530119E+01,5.392144166640E+00,1.582666324227E+01
1,0.3980,8.907734394291E+01,5.143371289143E+00,1.578689775673E+01
1,0.3990,8.817217591242E+01,4.895845393489E+00,1.574733159694E+01
1,0.4000,8.727135435035E+01,4.649557127313E+00,1.570796326795E+01
1,0.4010,8.660123052463E+01,4.529847561859E+00,1.566879128972E+01
1,0.4020,8.593433688660E+01,4.410733566383E+00,1.562981419696E+01
1,0.4030,8.527064779895E+01,4.292210707361E+00,1.559103053891E+01
1,0.4040,8.461013784627E+01,4.174274595166E+00,1.555243887916E+01
1,0.4050,8.395278183083E+01,4.056920883525E+00,1.551403779551E+01
1,0.4060,8.329855476889E+01,3.940145268985E+00,1.547582587975E+01
1,0.4070,8.264743188853E+01,3.823943490389E+00,1.543780173754E+01
1,0.4080,8.199938862421E+01,3.708311328355E+00,1.539996398819E+01
1,0.4090,8.135440061503E+01,3.593244604766E+00,1.536231126450E+01
1,0.4100,8.071244370045E+01,3.478739182268E+00,1.532484221263E+01
1,0.4110,8.018489011911E+01,3.392308563657E+00,1.528755549192E+01
1,0.4120,7.965981698478E+01,3.306297511157E+00,1.525044977471E+01
1,0.4130,7.913720531203E+01,3.220702977070E+00,1.521352374620E+01
1,0.4140,7.861703628309E+01,3.135521943148E+00,1.517677610430E+01
1,0.4150,7.809929124616E+01,3.050751420233E+00,1.514020555947E+01
1,0.4160,7.758395171270E+01,2.966388447909E+00,1.510381083457E+01
1,0.4170,7.707099935510E+01,2.882430094157E+00,1.506759066470E+01
1,0.4180,7.656041600485E+01,2.798873455016E+00,1.503154379708E+01
1,0.4190,7.605218365015E+01,2.715715654249E+00,1.499566899088E+01
1,0.4200,7.554628443345E+01,2.632953843009E+00,1.495996501709E+01
1,0.4210,7.510472781334E+01,2.569986959374E+00,1.492443065838E+01
1,0.4220,7.466519567848E+01,2.507318496988E+00,1.488906470896E+01
1,0.4230,7.422767298275E+01,2.444946339389E+00,1.485386597442E+01
1,0.4240,7.379214481254E+01,2.382868390081E+00,1.481883327165E+01
1,0.4250,7.335859638541E+01,2.321082572299E+00,1.478396542866E+01
1,0.4260,7.292701304827E+01,2.259586828779E+00,1.474926128446E+01
1,0.4270,7.249738027544E+01,2.198379121528E+00,1.471471968895E+01
1,0.4280,7.206968366803E+01,2.137457431601E+00,1.468033950276E+01
1,0.4290,7.164390895049E+01,2.076819758877E+00,1.464611959716E+01
1,0.4300,7.122004197091E+01,2.016464121839E+00,1.461205885391E+01
1,0.4310,7.084691371186E+01,1.966593266679E+00,1.457815616515E+01
1,0.4320,7.047545521432E+01,1.916953295107E+00,1.454441043329E+01
1,0.4330,7.010565442312E+01,1.867542607469E+00,1.451082057085E+01
1,0.4340,6.973749938891E+01,1.818359618852E+00,1.447738550041E+01
1,0.4350,6.937097826672E+01,1.769402758918E+00,1.444410415444E+01
1,0.4360,6.900607931511E+01,1.720670471737E+00,1.441097547518E+01
1,0.4370,6.864279089380E+01,1.672161215618E+00,1.437799841460E+01
1,0.4380,6.828110146356E+01,1.623873462951E+00,1.434517193420E+01
1,0.4390,6.792099958472E+01,1.575805700047E+00,1.431249500496E+01
1,0.4400,6.756247391535E+01,1.527956426973E+00,1.427996660723E+01
1,0.4410,6.722869590453E+01,1.495002020225E+00,1.424758573057E+01
1,0.4420,6.689637451453E+01,1.462196728440E+00,1.421535137371E+01
1,0.4430,6.656549946901E+01,1.429539541810E+00,1.418326254442E+01
1,0.4440,6.623606058054E+01,1.397029459624E+00,1.415131825941E+01
1,0.4450,6.590804774858E+01,1.364665490167E+00,1.411951754422E+01
1,0.4460,6.558145095936E+01,1.332446650618E+00,1.408785943314E+01
1,0.4470,6.525626028452E+01,1.300371966950E+00,1.405634296908E+01
1,0.4480,6.493246587927E+01,1.268440473834E+00,1.402496720353E+01
1,0.4490,6.461005798274E+01,1.236651214541E+00,1.399373119639E+01
1,0.4500,6.428902691666E+01,1.205003240845E+00,1.396263401595E+01
1,0.4510,6.399348877454E+01,1.181543941427E+00,1.393167473876E+01
1,0.4520,6.369920981027E+01,1.158188444218E+00,1.390085244951E+01
1,0.4530,6.340618135618E+01,1.134936061787E+00,1.387016624101E+01
1,0.4540,6.311439481717E+01,1.111786112760E+00,1.383961521405E+01
1,0.4550,6.282384167152E+01,1.088737921749E+00,1.380919847732E+01
1,0.4560,6.253451346834E+01,1.065790819296E+00,1.377891514732E+01
1,0.4570,6.224640182896E+01,1.042944141799E+00,1.374876434831E+01
1,0.4580,6.195949844358E+01,1.020197231453E+00,1.371874521218E+01
1,0.4590,6.167379507247E+01,9.975494361844E-01,1.368885687839E+01
1,0.4600,6.138928354405E+01,9.750001095908E-01,1.365909849387E+01
1,0.4610,6.112542590969E+01,9.602165502576E-01,1.362946921297E+01
1,0.4620,6.086266640217E+01,9.454969890167E-01,1.359996819736E+01
1,0.4630,6.060099764059E+01,9.308410111938E-01,1.357059461594E+01
1,0.4640,6.034041230488E+01,9.162482056890E-01,1.354134764478E+01
1,0.4650,6.008090313585E+01,9.017181649391E-01,1.351222646705E+01
1,0.4660,5.982246293496E+01,8.872504848791E-01,1.348323027292E+01
1,0.4670,5.956508456278E+01,8.728447649050E-01,1.345435825949E+01
1,0.4680,5.930876093847E+01,8.585006078367E-01,1.342560963073E+01
1,0.4690,5.905348504021E+01,8.442176198818E-01,1.339698359740E+01
1,0.4700,5.879924990256E+01,8.299954105990E-01,1.336847937698E+01
1,0.4710,5.856241102829E+01,8.187857561508E-01,1.334009619359E+01
1,0.4720,5.832653552180E+01,8.076236002383E-01,1.331183327792E+01
1,0.4730,5.809161705751E+01,7.965086416024E-01,1.328368986719E+01
1,0.4740,5.785764936148E+01,7.854405815261E-01,1.325566520502E+01
1,0.4750,5.762462621127E+01,7.744191238081E-01,1.322775854143E+01
1,0.4760,5.739254143516E+01,7.634439747359E-01,1.319996913273E+01
1,0.4770,5.716138891140E+01,7.525148430602E-01,1.317229624147E+01
1,0.4780,5.693116256820E+01,7.416314399690E-01,1.314473913636E+01
1,0.4790,5.670185638243E+01,7.307934790619E-01,1.311729709223E+01
1,0.4800,5.647346438056E+01,7.200006763252E-01,1.308996938996E+01
1,0.4810,5.625801814688E+01,7.108320372249E-01,1.306275531638E+01
1,0.4820,5.604342858534E+01,7.017014422703E-01,1.303565416427E+01
1,0.4830,5.582969019335E+01,6.926086551623E-01,1.300866523226E+01
1,0.4840,5.561679751360E+01,6.835534415547E-01,1.298178782475E+01
1,0.4850,5.540474513192E+01,6.745355690342E-01,1.295502125192E+01
1,0.4860,5.519352767752E+01,6.655548071001E-01,1.292836482959E+01
1,0.4870,5.498313982310E+01,6.566109271453E-01,1.290181787922E+01
1,0.4880,5.477357628312E+01,6.477037024362E-01,1.287537972783E+01
1,0.4890,5.456483181449E+01,6.388329080940E-01,1.284904970793E+01
1,0.4900,5.435690121544E+01,6.299983210756E-01,1.282282715751E+01
1,0.4910,5.416684268703E+01,6.223603818808E-01,1.279671141992E+01
1,0.4920,5.397752438165E+01,6.147534912194E-01,1.277070184386E+01
1,0.4930,5.378894166366E+01,6.071774601550E-01,1.274479778333E+01
1,0.4940,5.360108993382E+01,5.996321012811E-01,1.271899859753E+01
1,0.4950,5.341396462988E+01,5.921172287057E-01,1.269330365087E+01
1,0.4960,5.322756122507E+01,5.846326580358E-01,1.266771231286E+01
1,0.4970,5.304187522901E+01,5.771782063626E-01,1.264222395811E+01
1,0.4980,5.285690218626E+01,5.697536922463E-01,1.261683796622E+01
1,0.4990,5.267263767598E+01,5.623589357017E-01,1.259155372180E+01
1,0.5000,5.248907731289E+01,5.549937581832E-01,1.256637061436E+01
1,0.5010,5.231008249502E+01,5.478686762100E-01,1.254128803828E+01
1,0.5020,5.213176911754E+01,5.407719810176E-01,1.251630539279E+01
1,0.5030,5.195413299269E+01,5.337035033011E-01,1.249142208187E+01
1,0.5040,5.177716996475E+01,5.266630750993E-01,1.246663751425E+01
1,0.5050,5.160087590999E+01,5.196505297815E-01,1.244195110333E+01
1,0.5060,5.142524673773E+01,5.126657020341E-01,1.241736226715E+01
1,0.5070,5.125027838756E+01,5.057084278479E-01,1.239287042836E+01
1,0.5080,5.107596683131E+01,4.987785445049E-01,1.236847501413E+01
1,0.5090,5.090230807141E+01,4.918758905661E-01,1.234417545615E+01
1,0.5100,5.072929814135E+01,4.850003058583E-01,1.231997119055E+01
1,0.5110,5.056326124740E+01,4.804214475246E-01,1.229586165789E+01
1,0.5120,5.039784291651E+01,4.758604753562E-01,1.227184630309E+01
1,0.5130,5.023303942192E+01,4.713172847558E-01,1.224792457540E+01
1,0.5140,5.006884706677E+01,4.667917719397E-01,1.222409592836E+01
1,0.5150,4.990526218118E+01,4.622838339308E-01,1.220035981977E+01
1,0.5160,4.974228112415E+01,4.577933685497E-01,1.217671571159E+01
1,0.5170,4.957990028180E+01,4.533202744081E-01,1.215316306998E+01
1,0.5180,4.941811606743E+01,4.488644509002E-01,1.212970136521E+01
1,0.5190,4.925692492214E+01,4.444257981958E-01,1.210633007164E+01
1,0.5200,4.909632331342E+01,4.400042172326E-01,1.208304866765E+01
1,0.5210,4.894376931193E+01,4.351714847982E-01,1.205985663566E+01
1,0.5220,4.879177200927E+01,4.303572685800E-01,1.203675346203E+01
1,0.5230,4.864032812146E+01,4.255614623665E-01,1.201373863705E+01
1,0.5240,4.848943438995E+01,4.207839607569E-01,1.199081165492E+01
1,0.5250,4.833908757997E+01,4.160246591534E-01,1.196797201368E+01
1,0.5260,4.818928448126E+01,4.112834537537E-01,1.194521921517E+01
1,0.5270,4.804002190762E+01,4.065602415434E-01,1.192255276505E+01
1,0.5280,4.789129669632E+01,4.018549202884E-01,1.189997217269E+01
1,0.5290,4.774310570817E+01,3.971673885278E-01,1.187747695119E+01
1,0.5300,4.759544582768E+01,3.924975455662E-01,1.185506661732E+01
1,0.5310,4.745198118462E+01,3.884298288572E-01,1.183274069149E+01
1,0.5320,4.730902906174E+01,3.843774043163E-01,1.181049869771E+01
1,0.5330,4.716658649173E+01,3.803401858712E-01,1.178834016356E+01
1,0.5340,4.702465052922E+01,3.763180880945E-01,1.176626462019E+01
1,0.5350,4.688321825070E+01,3.723110261973E-01,1.174427160220E+01
1,0.5360,4.674228675364E+01,3.683189160236E-01,1.172236064772E+01
1,0.5370,4.660185315757E+01,3.643416740442E-01,1.170053129829E+01
1,0.5380,4.646191460222E+01,3.603792173510E-01,1.167878309885E+01
1,0.5390,4.632246824895E+01,3.564314636510E-01,1.165711559774E+01
1,0.5400,4.618351127900E+01,3.524983312611E-01,1.163552834663E+01
1,0.5410,4.604984912964E+01,3.491441805176E-01,1.161402090052E+01
1,0.5420,4.591665486190E+01,3.458024067141E-01,1.159259281767E+01
1,0.5430,4.578392581946E+01,3.424729414697E-01,1.157124365963E+01
1,0.5440,4.565165936474E+01,3.391557169064E-01,1.154997299114E+01
1,0.5450,4.551985287938E+01,3.358506656442E-01,1.152878038015E+01
1,0.5460,4.538850376385E+01,3.325577207969E-01,1.150766539776E+01
1,0.5470,4.525760943767E+01,3.292768159674E-01,1.148662761824E+01
1,0.5480,4.512716733875E+01,3.260078852430E-01,1.146566661894E+01
1,0.5490,4.499717492322E+01,3.227508631916E-01,1.144478198029E+01
1,0.5500,4.486762966564E+01,3.195056848567E-01,1.142397328578E+01
1,0.5510,4.474207648648E+01,3.164057036630E-01,1.140324012192E+01
1,0.5520,4.461695397220E+01,3.133169542852E-01,1.138258207822E+01
1,0.5530,4.449225972229E+01,3.102393757912E-01,1.136199874716E+01
1,0.5540,4.436799135366E+01,3.071729076889E-01,1.134148972415E+01
1,0.5550,4.424414649957E+01,3.041174899221E-01,1.132105460753E+01
1,0.5560,4.412072281057E+01,3.010730628667E-01,1.130069299852E+01
1,0.5570,4.399771795361E+01,2.980395673267E-01,1.128040450122E+01
1,0.5580,4.387512961223E+01,2.950169445307E-01,1.126018872254E+01
1,0.5590,4.375295548620E+01,2.920051361274E-01,1.124004527224E+01
1,0.5600,4.363119329171E+01,2.890040841827E-01,1.121997376282E+01
1,0.5610,4.351216802361E+01,2.866666896486E-01,1.119997380959E+01
1,0.5620,4.339354279184E+01,2.843376132444E-01,1.118004503057E+01
1,0.5630,4.327531540490E+01,2.820168106464E-01,1.116018704650E+01
1,0.5640,4.315748368738E+01,2.797042378447E-01,1.114039948081E+01
1,0.5650,4.304004547837E+01,2.773998511415E-01,1.112068195961E+01
1,0.5660,4.292299863195E+01,2.751036071475E-01,1.110103411162E+01
1,0.5670,4.280634101772E+01,2.728154627795E-01,1.108145556822E+01
1,0.5680,4.269007051984E+01,2.705353752579E-01,1.106194596334E+01
1,0.5690,4.257418503716E+01,2.682633021037E-01,1.104250493353E+01
1,0.5700,4.245868248272E+01,2.659992011361E-01,1.102313211786E+01
1,0.5710,4.234699728412E+01,2.637650381238E-01,1.100382715793E+01
1,0.5720,4.223568022844E+01,2.615386868703E-01,1.098458969787E+01
1,0.5730,4.212472933555E+01,2.593201064764E-01,1.096541938426E+01
1,0.5740,4.201414263967E+01,2.571092563277E-01,1.094631586617E+01
1,0.5750,4.190391818810E+01,2.549060960926E-01,1.092727879509E+01
1,0.5760,4.179405404127E+01,2.527105857194E-01,1.090830782496E+01
1,0.5770,4.168454827350E+01,2.505226854341E-01,1.088940261210E+01
1,0.5780,4.157539897191E+01,2.483423557381E-01,1.087056281519E+01
1,0.5790,4.146660423636E+01,2.461695574055E-01,1.085178809530E+01
1,0.5800,4.135816218045E+01,2.440042514809E-01,1.083307811583E+01
1,0.5810,4.125232696549E+01,2.420237559709E-01,1.081443254248E+01
1,0.5820,4.114683384604E+01,2.400500662874E-01,1.079585104326E+01
1,0.5830,4.104168101454E+01,2.380831474090E-01,1.077733328847E+01
1,0.5840,4.093686667438E+01,2.361229645541E-01,1.075887895065E+01
1,0.5850,4.083238904203E+01,2.341694831791E-01,1.074048770458E+01
1,0.5860,4.072824634539E+01,2.322226689760E-01,1.072215922727E+01
1,0.5870,4.062443682456E+01,2.302824878708E-01,1.070389319792E+01
1,0.5880,4.052095873143E+01,2.283489060209E-01,1.068568929792E+01
1,0.5890,4.041781032987E+01,2.264218898141E-01,1.066754721083E+01
1,0.5900,4.031498989435E+01,2.245014058655E-01,1.064946662234E+01
1,0.5910,4.021471805054E+01,2.229021118543E-01,1.063144722027E+01
1,0.5920,4.011476415464E+01,2.213082208635E-01,1.061348869456E+01
1,0.5930,4.001512655506E+01,2.197197055589E-01,1.059559073723E+01
1,0.5940,3.991580361048E+01,2.181365387908E-01,1.057775304239E+01
1,0.5950,3.981679369110E+01,2.165586935916E-01,1.055997530618E+01
1,0.5960,3.971809517689E+01,2.149861431749E-01,1.054225722681E+01
1,0.5970,3.961970645971E+01,2.134188609339E-01,1.052459850449E+01
1,0.5980,3.952162594103E+01,2.118568204394E-01,1.050699884144E+01
1,0.5990,3.942385203384E+01,2.102999954392E-01,1.048945794187E+01
1,0.6000,3.932638316094E+01,2.087483598555E-01,1.047197551197E+01
1,0.6010,3.923031267368E+01,2.068453875867E-01,1.045455125987E+01
1,0.6020,3.913454091408E+01,2.049487374849E-01,1.043718489565E+01
1,0.6030,3.903906635423E+01,2.030583780965E-01,1.041987613131E+01
1,0.6040,3.894388747596E+01,2.011742781763E-01,1.040262468076E+01
1,0.6050,3.884900277147E+01,1.992964066856E-01,1.038543025980E+01
1,0.6060,3.875441074230E+01,1.974247327905E-01,1.036829258610E+01
1,0.6070,3.866010990032E+01,1.955592258606E-01,1.035121137921E+01
1,0.6080,3.856609876655E+01,1.936998554665E-01,1.033418636049E+01
1,0.6090,3.847237587158E+01,1.918465913792E-01,1.031721725317E+01
1,0.6100,3.837893975603E+01,1.899994035676E-01,1.030030378226E+01
1,0.6110,3.828794748073E+01,1.885788551254E-01,1.028344567460E+01
1,0.6120,3.819723295015E+01,1.871629489983E-01,1.026664265879E+01
1,0.6130,3.810679476746E+01,1.857516624670E-01,1.024989446522E+01
1,0.6140,3.801663154485E+01,1.843449729604E-01,1.023320082603E+01
1,0.6150,3.792674190336E+01,1.829428580537E-01,1.021656147509E+01
1,0.6160,3.783712447311E+01,1.815452954681E-01,1.019997614802E+01
1,0.6170,3.774777789260E+01,1.801522630692E-01,1.018344458214E+01
1,0.6180,3.765870080938E+01,1.787637388658E-01,1.016696651647E+01
1,0.6190,3.756989187944E+01,1.773797010088E-01,1.015054169173E+01
1,0.6200,3.748134976728E+01,1.760001277900E-01,1.013416985029E+01
1,0.6210,3.739413727167E+01,1.747828361126E-01,1.011785073620E+01
1,0.6220,3.730718598225E+01,1.735694585564E-01,1.010158409514E+01
1,0.6230,3.722049460632E+01,1.723599762732E-01,1.008536967445E+01
1,0.6240,3.713406185778E+01,1.711543705359E-01,1.006920722304E+01
1,0.6250,3.704788645962E+01,1.699526227368E-01,1.005309649149E+01
1,0.6260,3.696196714277E+01,1.687547143877E-01,1.003703723192E+01
1,0.6270,3.687630264626E+01,1.675606271177E-01,1.002102919805E+01
1,0.6280,3.679089171647E+01,1.663703426735E-01,1.000507214519E+01
1,0.6290,3.670573310810E+01,1.651838429175E-01,9.989165830174E+00
1,0.6300,3.662082558380E+01,1.640011098274E-01,9.973310011396E+00
1,0.6310,3.653721743898E+01,1.627335037055E-01,9.957504448779E+00
1,0.6320,3.645385506318E+01,1.614699089954E-01,9.941748903765E+00
1,0.6330,3.637073725752E+01,1.602103066856E-01,9.926043139304E+00
1,0.6340,3.628786283108E+01,1.589546778847E-01,9.910386919842E+00
1,0.6350,3.620523059970E+01,1.577030038202E-01,9.894780011306E+00
1,0.6360,3.612283938709E+01,1.564552658376E-01,9.879222181100E+00
1,0.6370,3.604068802433E+01,1.552114453998E-01,9.863713198084E+00
1,0.6380,3.595877534883E+01,1.539715240855E-01,9.848252832570E+00
1,0.6390,3.587710020616E+01,1.527354835892E-01,9.832840856306E+00
1,0.6400,3.579566144904E+01,1.515033057194E-01,9.817477042468E+00
1,0.6410,3.571549336490E+01,1.502857547756E-01,9.802161165647E+00
1,0.6420,3.563555662661E+01,1.490719968254E-01,9.786893001837E+00
1,0.6430,3.555585012285E+01,1.478620141721E-01,9.771672328429E+00
1,0.6440,3.547637274860E+01,1.466557892289E-01,9.756498924192E+00
1,0.6450,3.539712340646E+01,1.454533045181E-01,9.741372569271E+00
1,0.6460,3.531810100467E+01,1.442545426701E-01,9.726293045170E+00
1,0.6470,3.523930445940E+01,1.430594864230E-01,9.711260134744E+00
1,0.6480,3.516073269203E+01,1.418681186210E-01,9.696273622191E+00
1,0.6490,3.508238463132E+01,1.406804222144E-01,9.681333293035E+00
1,0.6500,3.500425921242E+01,1.394963802583E-01,9.666438934122E+00
1,0.6510,3.492737718675E+01,1.383816067262E-01,9.651590333609E+00
1,0.6520,3.485071302028E+01,1.372702527448E-01,9.636787280950E+00
1,0.6530,3.477426568185E+01,1.361623026040E-01,9.622029566891E+00
1,0.6540,3.469803414690E+01,1.350577406900E-01,9.607316983455E+00
1,0.6550,3.462201739572E+01,1.339565514841E-01,9.592649323938E+00
1,0.6560,3.454621441618E+01,1.328587195624E-01,9.578026382896E+00
1,0.6570,3.447062420140E+01,1.317642295948E-01,9.563447956133E+00
1,0.6580,3.439524575149E+01,1.306730663444E-01,9.548913840698E+00
1,0.6590,3.432007807086E+01,1.295852146669E-01,9.534423834870E+00
1,0.6600,3.424512017147E+01,1.285006595096E-01,9.519977738151E+00
1,0.6610,3.417137971604E+01,1.275885851522E-01,9.505575351255E+00
1,0.6620,3.409784449856E+01,1.266792663065E-01,9.491216476102E+00
1,0.6630,3.402451356147E+01,1.257726905041E-01,9.476900915806E+00
1,0.6640,3.395138595347E+01,1.248688453517E-01,9.462628474668E+00
1,0.6650,3.387846072874E+01,1.239677185306E-01,9.448398958165E+00
1,0.6660,3.380573694662E+01,1.230692977960E-01,9.434212172942E+00
1,0.6670,3.373321367275E+01,1.221735709767E-01,9.420067926806E+00
1,0.6680,3.366088997746E+01,1.212805259742E-01,9.405966028712E+00
1,0.6690,3.358876493749E+01,1.203901507625E-01,9.391906288759E+00
1,0.6700,3.351683763411E+01,1.195024333871E-01,9.377888518178E+00
1,0.6710,3.344510715462E+01,1.185396414913E-01,9.363912529329E+00
1,0.6720,3.337357259137E+01,1.175797150475E-01,9.349978135684E+00
1,0.6730,3.330223304220E+01,1.166226412826E-01,9.336085151827E+00
1,0.6740,3.323108761011E+01,1.156684074991E-01,9.322233393442E+00
1,0.6750,3.316013540342E+01,1.147170010751E-01,9.308422677303E+00
1,0.6760,3.308937553561E+01,1.137684094629E-01,9.294652821272E+00
1,0.6770,3.301880712498E+01,1.128226201894E-01,9.280923644283E+00
1,0.6780,3.294842929578E+01,1.118796208547E-01,9.267234966342E+00
1,0.6790,3.287824117670E+01,1.109393991321E-01,9.253586608512E+00
1,0.6800,3.280824190139E+01,1.100019427676E-01,9.239978392911E+00
1,0.6810,3.273941423698E+01,1.091908734748E-01,9.226410142701E+00
1,0.6820,3.267077128633E+01,1.083821826843E-01,9.212881682082E+00
1,0.6830,3.260231221075E+01,1.075758599489E-01,9.199392836281E+00
1,0.6840,3.253403617692E+01,1.067718948823E-01,9.185943431549E+00
1,0.6850,3.246594235558E+01,1.059702771589E-01,9.172533295153E+00
1,0.6860,3.239802992317E+01,1.051709965134E-01,9.159162255364E+00
1,0.6870,3.233029805996E+01,1.043740427403E-01,9.145830141455E+00
1,0.6880,3.226274595108E+01,1.035794056933E-01,9.132536783691E+00
1,0.6890,3.219537278694E+01,1.027870752850E-01,9.119282013323E+00
1,0.6900,3.212817776176E+01,1.019970414865E-01,9.106065662579E+00
1,0.6910,3.206310353607E+01,1.012374822786E-01,9.092887564659E+00
1,0.6920,3.199820117279E+01,1.004801183286E-01,9.079747553728E+00
1,0.6930,3.193346990494E+01,9.972494013304E-02,9.066645464906E+00
1,0.6940,3.186890896876E+01,9.897193824355E-02,9.053581134265E+00
1,0.6950,3.180451760615E+01,9.822110326597E-02,9.040554398820E+00
1,0.6960,3.174029506226E+01,9.747242586017E-02,9.027565096522E+00
1,0.6970,3.167624058676E+01,9.672589673961E-02,9.014613066255E+00
1,0.6980,3.161235343397E+01,9.598150667096E-02,9.001698147822E+00
1,0.6990,3.154863286205E+01,9.523924647376E-02,8.988820181945E+00
1,0.7000,3.148507813311E+01,9.449910701998E-02,8.975979010257E+00
1,0.7010,3.142072833675E+01,9.394213535809E-02,8.963174475292E+00
1,0.7020,3.135654518446E+01,9.338675051004E-02,8.950406420484E+00
1,0.7030,3.129252793953E+01,9.283294570424E-02,8.937674690156E+00
1,0.7040,3.122867586936E+01,9.228071420755E-02,8.924979129516E+00
1,0.7050,3.116498824472E+01,9.173004932503E-02,8.912319584652E+00
1,0.7060,3.110146434157E+01,9.118094439968E-02,8.899695902521E+00
1,0.7070,3.103810343911E+01,9.063339281218E-02,8.887107930947E+00
1,0.7080,3.097490482090E+01,9.008738798057E-02,8.874555518615E+00
1,0.7090,3.091186777428E+01,8.954292336005E-02,8.862038515063E+00
1,0.7100,3.084899159067E+01,8.899999244268E-02,8.849556770675E+00
1,0.7110,3.078817365850E+01,8.849367208440E-02,8.837110136680E+00
1,0.7120,3.072751080243E+01,8.798877397431E-02,8.824698465140E+00
1,0.7130,3.066700234725E+01,8.748529212820E-02,8.812321608948E+00
1,0.7140,3.060664762228E+01,8.698322059539E-02,8.799979421820E+00
1,0.7150,3.054644596034E+01,8.648255345848E-02,8.787671758293E+00
1,0.7160,3.048639669840E+01,8.598328483312E-02,8.775398473715E+00
1,0.7170,3.042649917565E+01,8.548540886780E-02,8.763159424239E+00
1,0.7180,3.036675273668E+01,8.498891974362E-02,8.750954466824E+00
1,0.7190,3.030715672842E+01,8.449381167402E-02,8.738783459221E+00
1,0.7200,3.024771050195E+01,8.400007890461E-02,8.726646259972E+00
1,0.7210,3.018841341159E+01,8.329133361698E-02,8.714542728404E+00
1,0.7220,3.012926481548E+01,8.258455161270E-02,8.702472724625E+00
1,0.7230,3.007026407495E+01,8.187972474535E-02,8.690436109515E+00
1,0.7240,3.001141055529E+01,8.117684491356E-02,8.678432744723E+00
1,0.7250,2.995270362438E+01,8.047590406061E-02,8.666462492661E+00
1,0.7260,2.989414265444E+01,7.977689417419E-02,8.654525216501E+00
1,0.7270,2.983572702053E+01,7.907980728609E-02,8.642620780164E+00
1,0.7280,2.977745610141E+01,7.838463547186E-02,8.630749048324E+00
1,0.7290,2.971932927917E+01,7.769137085053E-02,8.618909886392E+00
1,0.7300,2.966134593844E+01,7.700000558433E-02,8.607103160520E+00
1,0.7310,2.960443322172E+01,7.639261726781E-02,8.595328737592E+00
1,0.7320,2.954766070957E+01,7.578688848221E-02,8.583586485218E+00
1,0.7330,2.949102780702E+01,7.518281243545E-02,8.571876271732E+00
1,0.7340,2.943453392272E+01,7.458038237247E-02,8.560197966185E+00
1,0.7350,2.937817846882E+01,7.397959157496E-02,8.548551438340E+00
1,0.7360,2.932196085998E+01,7.338043336115E-02,8.536936558668E+00
1,0.7370,2.926588051440E+01,7.278290108550E-02,8.525353198344E+00
1,0.7380,2.920993685285E+01,7.218698813851E-02,8.513801229241E+00
1,0.7390,2.915412930000E+01,7.159268794645E-02,8.502280523924E+00
1,0.7400,2.909845728295E+01,7.099999397113E-02,8.490790955648E+00
1,0.7410,2.904292023268E+01,7.044332579918E-02,8.479332398353E+00
1,0.7420,2.898751758172E+01,6.988815808052E-02,8.467904726657E+00
1,0.7430,2.893224876697E+01,6.933448475680E-02,8.456507815854E+00
1,0.7440,2.887711322755E+01,6.878229980222E-02,8.445141541908E+00
1,0.7450,2.882211040579E+01,6.823159722337E-02,8.433805781449E+00
1,0.7460,2.876723974725E+01,6.768237105893E-02,8.422500411769E+00
1,0.7470,2.871250069981E+01,6.713461537954E-02,8.411225310816E+00
1,0.7480,2.865789271407E+01,6.658832428753E-02,8.399980357192E+00
1,0.7490,2.860341524500E+01,6.604349191673E-02,8.388765430146E+00
1,0.7500,2.854906774888E+01,6.550011243224E-02,8.377580409573E+00
1,0.7510,2.849575745393E+01,6.489292191390E-02,8.366425176005E+00
1,0.7520,2.844257412098E+01,6.428734626396E-02,8.355299610611E+00
1,0.7530,2.838951722464E+01,6.368337904869E-02,8.344203595192E+00
1,0.7540,2.833658624274E+01,6.308101386846E-02,8.333137012175E+00
1,0.7550,2.828378065547E+01,6.248024435759E-02,8.322099744609E+00
1,0.7560,2.823109994536E+01,6.188106418404E-02,8.311091676163E+00
1,0.7570,2.817854359863E+01,6.128346704927E-02,8.300112691122E+00
1,0.7580,2.812611110350E+01,6.068744668793E-02,8.289162674379E+00
1,0.7590,2.807380195078E+01,6.009299686774E-02,8.278241511436E+00
1,0.7600,2.802161563402E+01,5.950011138917E-02,8.267349088394E+00
1,0.7610,2.796955164945E+01,5.904476839808E-02,8.256485291957E+00
1,0.7620,2.791760949606E+01,5.859062053295E-02,8.245650009422E+00
1,0.7630,2.786578867529E+01,5.813766309473E-02,8.234843128676E+00
1,0.7640,2.781408869102E+01,5.768589140896E-02,8.224064538193E+00
1,0.7650,2.776250904954E+01,5.723530082564E-02,8.213314127032E+00
1,0.7660,2.771104926037E+01,5.678588671903E-02,8.202591784830E+00
1,0.7670,2.765970883446E+01,5.633764448755E-02,8.191897401799E+00
1,0.7680,2.760848728665E+01,5.589056955354E-02,8.181230868723E+00
1,0.7690,2.755738413239E+01,5.544465736318E-02,8.170592076957E+00
1,0.7700,2.750639889166E+01,5.499990338630E-02,8.159980918415E+00
1,0.7710,2.745642006977E+01,5.464586499241E-02,8.149397285577E+00
1,0.7720,2.740655638783E+01,5.429274379642E-02,8.138841071476E+00
1,0.7730,2.735680738117E+01,5.394053623872E-02,8.128312169702E+00
1,0.7740,2.730717258730E+01,5.358923877807E-02,8.117810474392E+00
1,0.7750,2.725765154598E+01,5.323884789151E-02,8.107335880232E+00
1,0.7760,2.720824379924E+01,5.288936007425E-02,8.096888282448E+00
1,0.7770,2.715894889187E+01,5.254077183952E-02,8.086467576808E+00
1,0.7780,2.710976637002E+01,5.219307971851E-02,8.076073659614E+00
1,0.7790,2.706069578302E+01,5.184628026020E-02,8.065706427702E+00
1,0.7800,2.701173668270E+01,5.150037003127E-02,8.055365778435E+00
1,0.7810,2.696288862222E+01,5.098446871980E-02,8.045051609705E+00
1,0.7820,2.691415115724E+01,5.046988684902E-02,8.034763819923E+00
1,0.7830,2.686552384583E+01,4.995661936360E-02,8.024502308020E+00
1,0.7840,2.681700624869E+01,4.944466123402E-02,8.014266973443E+00
1,0.7850,2.676859792790E+01,4.893400745635E-02,8.004057716152E+00
1,0.7860,2.672029844820E+01,4.842465305217E-02,7.993874436615E+00
1,0.7870,2.667210737613E+01,4.791659306833E-02,7.983717035806E+00
1,0.7880,2.662402428118E+01,4.740982257684E-02,7.973585415203E+00
1,0.7890,2.657604873363E+01,4.690433667467E-02,7.963479476780E+00
1,0.7900,2.652818030756E+01,4.640013048365E-02,7.953399123012E+00
1,0.7910,2.648041857796E+01,4.600570523281E-02,7.943344256864E+00
1,0.7920,2.643276312220E+01,4.561227600532E-02,7.933314781792E+00
1,0.7930,2.638521352014E+01,4.521983903314E-02,7.923310601740E+00
1,0.7940,2.633776935267E+01,4.482839056719E-02,7.913331621133E+00
1,0.7950,2.629043020454E+01,4.443792687725E-02,7.903377744880E+00
1,0.7960,2.624319566051E+01,4.404844425186E-02,7.893448878366E+00
1,0.7970,2.619606530863E+01,4.365993899817E-02,7.883544927452E+00
1,0.7980,2.614903873904E+01,4.327240744187E-02,7.873665798471E+00
1,0.7990,2.610211554283E+01,4.288584592700E-02,7.863811398222E+00
1,0.8000,2.605529531431E+01,4.250025081593E-02,7.853981633974E+00
1,0.8010,2.600944053203E+01,4.212103097087E-02,7.844176413458E+00
1,0.8020,2.596368625192E+01,4.174275681122E-02,7.834395644862E+00
1,0.8030,2.591803208213E+01,4.136542480389E-02,7.824639236836E+00
1,0.8040,2.587247763108E+01,4.098903143340E-02,7.814907098482E+00
1,0.8050,2.582702251099E+01,4.061357320171E-02,7.805199139354E+00
1,0.8060,2.578166633534E+01,4.023904662817E-02,7.795515269454E+00
1,0.8070,2.573640871911E+01,3.986544824936E-02,7.785855399231E+00
1,0.8080,2.569124927942E+01,3.949277461901E-02,7.776219439579E+00
1,0.8090,2.564618763518E+01,3.912102230790E-02,7.766607301829E+00
1,0.8100,2.560122340714E+01,3.875018790372E-02,7.757018897753E+00
1,0.8110,2.555635621785E+01,3.840637693148E-02,7.747454139556E+00
1,0.8120,2.551158569156E+01,3.806341278429E-02,7.737912939876E+00
1,0.8130,2.546691145481E+01,3.772129233734E-02,7.728395211783E+00
1,0.8140,2.542233313549E+01,3.738001248116E-02,7.718900868771E+00
1,0.8150,2.537785036336E+01,3.703957012157E-02,7.709429824760E+00
1,0.8160,2.533346277025E+01,3.669996217952E-02,7.699981994093E+00
1,0.8170,2.528916998931E+01,3.636118559107E-02,7.690557291529E+00
1,0.8180,2.524497165547E+01,3.602323730723E-02,7.681155632249E+00
1,0.8190,2.520086740586E+01,3.568611429393E-02,7.671776931843E+00
1,0.8200,2.515685687907E+01,3.534981353188E-02,7.662421106317E+00
1,0.8210,2.511293971511E+01,3.504655151729E-02,7.653088072082E+00
1,0.8220,2.506911555596E+01,3.474402736649E-02,7.643777745961E+00
1,0.8230,2.502538404572E+01,3.444223838981E-02,7.634490045176E+00
1,0.8240,2.498174482921E+01,3.414118191064E-02,7.625224887354E+00
1,0.8250,2.493819755447E+01,3.384085526536E-02,7.615982190521E+00
1,0.8260,2.489474186935E+01,3.354125580324E-02,7.606761873099E+00
1,0.8270,2.485137742436E+01,3.324238088638E-02,7.597563853905E+00
1,0.8280,2.480810387179E+01,3.294422788960E-02,7.588388052149E+00
1,0.8290,2.476492086530E+01,3.264679420042E-02,7.579234387430E+00
1,0.8300,2.472182805989E+01,3.235007721892E-02,7.570102779734E+00
1,0.8310,2.467882511283E+01,3.206201340052E-02,7.560993149434E+00
1,0.8320,2.463591168233E+01,3.177464204322E-02,7.551905417283E+00
1,0.8330,2.459308742929E+01,3.148796065316E-02,7.542839504417E+00
1,0.8340,2.455035201435E+01,3.120196674846E-02,7.533795332350E+00
1,0.8350,2.450770510162E+01,3.091665785909E-02,7.524772822970E+00
1,0.8360,2.446514635529E+01,3.063203152688E-02,7.515771898540E+00
1,0.8370,2.442267544274E+01,3.034808530538E-02,7.506792481696E+00
1,0.8380,2.438029203100E+01,3.006481675982E-02,7.497834495441E+00
1,0.8390,2.433799579037E+01,2.978222346705E-02,7.488897863146E+00
1,0.8400,2.429578639126E+01,2.950030301546E-02,7.479982508547E+00
1,0.8410,2.425449510015E+01,2.921725994369E-02,7.471088355743E+00
1,0.8420,2.421328852817E+01,2.893488918325E-02,7.462215329192E+00
1,0.8430,2.417216635789E+01,2.865318834158E-02,7.453363353712E+00
1,0.8440,2.413112827380E+01,2.837215503745E-02,7.444532354478E+00
1,0.8450,2.409017396064E+01,2.809178690090E-02,7.435722257017E+00
1,0.8460,2.404930310548E+01,2.781208157318E-02,7.426932987210E+00
1,0.8470,2.400851539681E+01,2.753303670669E-02,7.418164471286E+00
1,0.8480,2.396781052435E+01,2.725464996489E-02,7.409416635825E+00
1,0.8490,2.392718817923E+01,2.697691902224E-02,7.400689407750E+00
1,0.8500,2.388664805424E+01,2.669984156416E-02,7.391982714329E+00
1,0.8510,2.384618984345E+01,2.642193862764E-02,7.383296483172E+00
1,0.8520,2.380581324223E+01,2.614468804544E-02,7.374630642230E+00
1,0.8530,2.376551794728E+01,2.586808752323E-02,7.365985119788E+00
1,0.8540,2.372530365691E+01,2.559213477741E-02,7.357359844473E+00
1,0.8550,2.368517007081E+01,2.531682753509E-02,7.348754745239E+00
1,0.8560,2.364511689004E+01,2.504216353399E-02,7.340169751378E+00
1,0.8570,2.360514381621E+01,2.476814052239E-02,7.331604792508E+00
1,0.8580,2.356525055333E+01,2.449475625907E-02,7.323059798578E+00
1,0.8590,2.352543680709E+01,2.422200851324E-02,7.314534699860E+00
1,0.8600,2.348570228295E+01,2.394989506449E-02,7.306029426953E+00
1,0.8610,2.344686396941E+01,2.370738495207E-02,7.297543910778E+00
1,0.8620,2.340810290613E+01,2.346543750811E-02,7.289078082575E+00
1,0.8630,2.336941880935E+01,2.322405077666E-02,7.280631873904E+00
1,0.8640,2.333081139770E+01,2.298322281078E-02,7.272205216643E+00
1,0.8650,2.329228039013E+01,2.274295167258E-02,7.263798042982E+00
1,0.8660,2.325382550715E+01,2.250323543307E-02,7.255410285427E+00
1,0.8670,2.321544647062E+01,2.226407217221E-02,7.247041876793E+00
1,0.8680,2.317714300402E+01,2.202545997876E-02,7.238692750207E+00
1,0.8690,2.313891483175E+01,2.178739695032E-02,7.230362839102E+00
1,0.8700,2.310076167835E+01,2.154988119321E-02,7.222052077218E+00
1,0.8710,2.306187286378E+01,2.130742836455E-02,7.213760398599E+00
1,0.8720,2.302305986984E+01,2.106553162036E-02,7.205487737591E+00
1,0.8730,2.298432241999E+01,2.082418904969E-02,7.197234028843E+00
1,0.8740,2.294566023834E+01,2.058339875036E-02,7.188999207299E+00
1,0.8750,2.290707304913E+01,2.034315882885E-02,7.180783208205E+00
1,0.8760,2.286856058052E+01,2.010346740031E-02,7.172585967100E+00
1,0.8770,2.283012255887E+01,1.986432258848E-02,7.164407419817E+00
1,0.8780,2.279175871412E+01,1.962572252566E-02,7.156247502482E+00
1,0.8790,2.275346877644E+01,1.938766535262E-02,7.148106151513E+00
1,0.8800,2.271525247673E+01,1.915014921862E-02,7.139983303613E+00
1,0.8810,2.267791334194E+01,1.894811848788E-02,7.131878895777E+00
1,0.8820,2.264064600660E+01,1.874654587671E-02,7.123792865283E+00
1,0.8830,2.260345021174E+01,1.854542982864E-02,7.115725149694E+00
1,0.8840,2.256632569973E+01,1.834476879426E-02,7.107675686855E+00
1,0.8850,2.252927221396E+01,1.814456123114E-02,7.099644414892E+00
1,0.8860,2.249228949824E+01,1.794480560383E-02,7.091631272212E+00
1,0.8870,2.245537729848E+01,1.774550038380E-02,7.083636197497E+00
1,0.8880,2.241853536196E+01,1.754664404939E-02,7.075659129707E+00
1,0.8890,2.238176343561E+01,1.734823508582E-02,7.067700008076E+00
1,0.8900,2.234506126854E+01,1.715027198509E-02,7.059758772112E+00
1,0.8910,2.230842861024E+01,1.694824007135E-02,7.051835361593E+00
1,0.8920,2.227186521258E+01,1.674666114395E-02,7.043929716569E+00
1,0.8930,2.223537082724E+01,1.654553368113E-02,7.036041777357E+00
1,0.8940,2.219894520720E+01,1.634485616788E-02,7.028171484541E+00
1,0.8950,2.216258810704E+01,1.614462709600E-02,7.020318778972E+00
1,0.8960,2.212629928232E+01,1.594484496402E-02,7.012483601763E+00
1,0.8970,2.209007848841E+01,1.574550827714E-02,7.004665894292E+00
1,0.8980,2.205392548338E+01,1.554661554725E-02,6.996865598196E+00
1,0.8990,2.201784002634E+01,1.534816529285E-02,6.989082655372E+00
1,0.9000,2.198182187565E+01,1.515015603901E-02,6.981317007977E+00
1,0.9010,2.194587079265E+01,1.498856993134E-02,6.973568598424E+00
1,0.9020,2.190998653782E+01,1.482734210771E-02,6.965837369379E+00
1,0.9030,2.187416887556E+01,1.466647137783E-02,6.958123263765E+00
1,0.9040,2.183841756782E+01,1.450595655664E-02,6.950426224756E+00
1,0.9050,2.180273237945E+01,1.434579646434E-02,6.942746195779E+00
1,0.9060,2.176711307704E+01,1.418598992632E-02,6.935083120507E+00
1,0.9070,2.173155942653E+01,1.402653577318E-02,6.927436942866E+00
1,0.9080,2.169607119502E+01,1.386743284063E-02,6.919807607026E+00
1,0.9090,2.166064815198E+01,1.370867996955E-02,6.912195057403E+00
1,0.9100,2.162529006656E+01,1.355027600587E-02,6.904599238659E+00
1,0.9110,2.158999670931E+01,1.339373714504E-02,6.897020095697E+00
1,0.9120,2.155476785256E+01,1.323754157119E-02,6.889457573662E+00
1,0.9130,2.151960326713E+01,1.308168815631E-02,6.881911617940E+00
1,0.9140,2.148450272793E+01,1.292617577735E-02,6.874382174157E+00
1,0.9150,2.144946600839E+01,1.277100331617E-02,6.866869188174E+00
1,0.9160,2.141449288480E+01,1.261616965948E-02,6.859372606091E+00
1,0.9170,2.137958313279E+01,1.246167369888E-02,6.851892374242E+00
1,0.9180,2.134473652974E+01,1.230751433079E-02,6.844428439193E+00
1,0.9190,2.130995285384E+01,1.215369045643E-02,6.836980747747E+00
1,0.9200,2.127523188408E+01,1.200020098179E-02,6.829549246934E+00
1,0.9210,2.124135251956E+01,1.184363375069E-02,6.822133884017E+00
1,0.9220,2.120753426022E+01,1.168740614481E-02,6.814734606485E+00
1,0.9230,2.117377689465E+01,1.153151706030E-02,6.807351362058E+00
1,0.9240,2.114008021007E+01,1.137596539804E-02,6.799984098679E+00
1,0.9250,2.110644399572E+01,1.122075006371E-02,6.792632764518E+00
1,0.9260,2.107286804113E+01,1.106586996767E-02,6.785297307969E+00
1,0.9270,2.103935213821E+01,1.091132402503E-02,6.777977677648E+00
1,0.9280,2.100589607757E+01,1.075711115554E-02,6.770673822392E+00
1,0.9290,2.097249965224E+01,1.060323028361E-02,6.763385691259E+00
1,0.9300,2.093916265533E+01,1.044968033830E-02,6.756113233526E+00
1,0.9310,2.090511151628E+01,1.031846152508E-02,6.748856398689E+00
1,0.9320,2.087112052048E+01,1.018752429731E-02,6.741615136459E+00
1,0.9330,2.083718945941E+01,1.005686774955E-02,6.734389396763E+00
1,0.9340,2.080331812422E+01,9.926490980266E-03,6.727179129743E+00
1,0.9350,2.076950630745E+01,9.796393091771E-03,6.719984285754E+00
1,0.9360,2.073575380236E+01,9.666573190219E-03,6.712804815363E+00
1,0.9370,2.070206040253E+01,9.537030385574E-03,6.705640669349E+00
1,0.9380,2.066842590337E+01,9.407763791601E-03,6.698491798699E+00
1,0.9390,2.063485010083E+01,9.278772525836E-03,6.691358154611E+00
1,0.9400,2.060133279098E+01,9.150055709572E-03,6.684239688489E+00
1,0.9410,2.056864161413E+01,9.013733446944E-03,6.677136351944E+00
1,0.9420,2.053600743524E+01,8.877700615870E-03,6.670048096794E+00
1,0.9430,2.050343005815E+01,8.741956295573E-03,6.662974875058E+00
1,0.9440,2.047090928747E+01,8.606499569175E-03,6.655916638961E+00
1,0.9450,2.043844492980E+01,8.471329523680E-03,6.648873340931E+00
1,0.9460,2.040603679157E+01,8.336445249951E-03,6.641844933594E+00
1,0.9470,2.037368468025E+01,8.201845842692E-03,6.634831369778E+00
1,0.9480,2.034138840326E+01,8.067530400427E-03,6.627832602510E+00
1,0.9490,2.030914777073E+01,7.933498025480E-03,6.620848585015E+00
1,0.9500,2.027696259139E+01,7.799747823955E-03,6.613879270715E+00
1,0.9510,2.024483267594E+01,7.688742449398E-03,6.606924613228E+00
1,0.9520,2.021275783545E+01,7.577970279409E-03,6.599984566365E+00
1,0.9530,2.018073788277E+01,7.467430579872E-03,6.593059084134E+00
1,0.9540,2.014877262949E+01,7.357122619746E-03,6.586148120733E+00
1,0.9550,2.011686188998E+01,7.247045671056E-03,6.579251630555E+00
1,0.9560,2.008500547804E+01,7.137199008869E-03,6.572369568179E+00
1,0.9570,2.005320320883E+01,7.027581911284E-03,6.565501888380E+00
1,0.9580,2.002145489821E+01,6.918193659415E-03,6.558648546116E+00
1,0.9590,1.998976036229E+01,6.809033537372E-03,6.551809496538E+00
1,0.9600,1.995811941864E+01,6.700100832250E-03,6.544984694979E+00
1,0.9610,1.992653188508E+01,6.594108176361E-03,6.538174096961E+00
1,0.9620,1.989499757992E+01,6.488335879423E-03,6.531377658191E+00
1,0.9630,1.986351632286E+01,6.382783254962E-03,6.524595334558E+00
1,0.9640,1.983208793406E+01,6.277449619347E-03,6.517827082136E+00
1,0.9650,1.980071223443E+01,6.172334291786E-03,6.511072857181E+00
1,0.9660,1.976938904517E+01,6.067436594303E-03,6.504332616128E+00
1,0.9670,1.973811818854E+01,5.962755851726E-03,6.497606315594E+00
1,0.9680,1.970689948788E+01,5.858291391675E-03,6.490893912376E+00
1,0.9690,1.967573276569E+01,5.754042544545E-03,6.484195363446E+00
1,0.9700,1.964461784751E+01,5.650008643492E-03,6.477510625958E+00
1,0.9710,1.961355455836E+01,5.564216783703E-03,6.470839657240E+00
1,0.9720,1.958254272293E+01,5.478601450375E-03,6.464182414794E+00
1,0.9730,1.955158216821E+01,5.393162099232E-03,6.457538856300E+00
1,0.9740,1.952067272137E+01,5.307898188236E-03,6.450908939609E+00
1,0.9750,1.948981420996E+01,5.222809177569E-03,6.444292622748E+00
1,0.9760,1.945900646223E+01,5.137894529630E-03,6.437689863914E+00
1,0.9770,1.942824930764E+01,5.053153709015E-03,6.431100621473E+00
1,0.9780,1.939754257584E+01,4.968586182511E-03,6.424524853967E+00
1,0.9790,1.936688609645E+01,4.884191419085E-03,6.417962520102E+00
1,0.9800,1.933627970133E+01,4.799968889870E-03,6.411413578755E+00
1,0.9810,1.930572322279E+01,4.714195155978E-03,6.404877988970E+00
1,0.9820,1.927521649206E+01,4.628596114007E-03,6.398355709959E+00
1,0.9830,1.924475934268E+01,4.543171230820E-03,6.391846701098E+00
1,0.9840,1.921435160797E+01,4.457919975444E-03,6.385350921930E+00
1,0.9850,1.918399312280E+01,4.372841819064E-03,6.378868332162E+00
1,0.9860,1.915368372154E+01,4.287936235009E-03,6.372398891663E+00
1,0.9870,1.912342324011E+01,4.203202698743E-03,6.365942560466E+00
1,0.9880,1.909321151482E+01,4.118640687855E-03,6.359499298765E+00
1,0.9890,1.906304838238E+01,4.034249682044E-03,6.353069066916E+00
1,0.9900,1.903293368027E+01,3.950029163114E-03,6.346651825434E+00
1,0.9910,1.900360968017E+01,3.874347741704E-03,6.340247534995E+00
1,0.9920,1.897433284536E+01,3.798818903806E-03,6.333856156431E+00
1,0.9930,1.894510301955E+01,3.723442188441E-03,6.327477650735E+00
1,0.9940,1.891592004688E+01,3.648217136487E-03,6.321111979054E+00
1,0.9950,1.888678377322E+01,3.573143290668E-03,6.314759102693E+00
1,0.9960,1.885769404337E+01,3.498220195543E-03,6.308418983112E+00
1,0.9970,1.882865070376E+01,3.423447397500E-03,6.302091581925E+00
1,0.9980,1.879965360122E+01,3.348824444743E-03,6.295776860901E+00
1,0.9990,1.877070258312E+01,3.274350887287E-03,6.289474781962E+00
1,1.0000,1.874179749776E+01,3.200026276947E-03,6.283185307180E+00
1,1.0010,1.871220043200E+01,3.134945407595E-03,6.276908398781E+00
1,1.0020,1.868264990947E+01,3.069994440179E-03,6.270644019141E+00
1,1.0030,1.865314577436E+01,3.005172986158E-03,6.264392130787E+00
1,1.0040,1.862368787206E+01,2.940480658538E-03,6.258152696394E+00
1,1.0050,1.859427605089E+01,2.875917071870E-03,6.251925678786E+00
1,1.0060,1.856491015698E+01,2.811481842232E-03,6.245711040934E+00
1,1.0070,1.853559003732E+01,2.747174587232E-03,6.239508745958E+00
1,1.0080,1.850631554062E+01,2.682994925991E-03,6.233318757123E+00
1,1.0090,1.847708651511E+01,2.618942479143E-03,6.227141037839E+00
1,1.0100,1.844790281089E+01,2.555016868823E-03,6.220975551663E+00
1,1.0110,1.841949757265E+01,2.498513919999E-03,6.214822262294E+00
1,1.0120,1.839113647199E+01,2.442122637081E-03,6.208681133577E+00
1,1.0130,1.836281936487E+01,2.385842689371E-03,6.202552129496E+00
1,1.0140,1.833454610669E+01,2.329673747476E-03,6.196435214181E+00
1,1.0150,1.830631655374E+01,2.273615483298E-03,6.190330351901E+00
1,1.0160,1.827813056327E+01,2.217667570034E-03,6.184237507067E+00
1,1.0170,1.824998799225E+01,2.161829682165E-03,6.178156644228E+00
1,1.0180,1.822188869911E+01,2.106101495451E-03,6.172087728074E+00
1,1.0190,1.819383254253E+01,2.050482686924E-03,6.166030723434E+00
1,1.0200,1.816581937995E+01,1.994972934885E-03,6.159985595274E+00
1,1.0210,1.813784907321E+01,1.946045876722E-03,6.153952308697E+00
1,1.0220,1.810992148108E+01,1.897214566227E-03,6.147930828943E+00
1,1.0230,1.808203646388E+01,1.848478722614E-03,6.141921121388E+00
1,1.0240,1.805419388356E+01,1.799838066196E-03,6.135923151543E+00
1,1.0250,1.802639360090E+01,1.751292318375E-03,6.129936885053E+00
1,1.0260,1.799863547882E+01,1.702841201642E-03,6.123962287699E+00
1,1.0270,1.797091937942E+01,1.654484439567E-03,6.117999325394E+00
1,1.0280,1.794324516629E+01,1.606221756795E-03,6.112047964182E+00
1,1.0290,1.791561270242E+01,1.558052879044E-03,6.106108170243E+00
1,1.0300,1.788802185224E+01,1.509977533093E-03,6.100179909883E+00
1,1.0310,1.786047248070E+01,1.471648759615E-03,6.094263149544E+00
1,1.0320,1.783296445276E+01,1.433394266705E-03,6.088357855794E+00
1,1.0330,1.780549763341E+01,1.395213838642E-03,6.082463995334E+00
1,1.0340,1.777807188918E+01,1.357107260535E-03,6.076581534990E+00
1,1.0350,1.775068708675E+01,1.319074318329E-03,6.070710441719E+00
1,1.0360,1.772334309357E+01,1.281114798791E-03,6.064850682606E+00
1,1.0370,1.769603977706E+01,1.243228489512E-03,6.059002224860E+00
1,1.0380,1.766877700477E+01,1.205415178903E-03,6.053165035818E+00
1,1.0390,1.764155464515E+01,1.167674656187E-03,6.047339082945E+00
1,1.0400,1.761437256793E+01,1.130006711399E-03,6.041524333827E+00
1,1.0410,1.758723064227E+01,1.098235605911E-03,6.035720756176E+00
1,1.0420,1.756012873797E+01,1.066525481431E-03,6.029928317831E+00
1,1.0430,1.753306672565E+01,1.034876162560E-03,6.024146986749E+00
1,1.0440,1.750604447595E+01,1.003287474567E-03,6.018376731015E+00
1,1.0450,1.747906186082E+01,9.717592433936E-04,6.012617518832E+00
1,1.0460,1.745211875089E+01,9.402912956450E-04,6.006869318527E+00
1,1.0470,1.742521501941E+01,9.088834585892E-04,6.001132098548E+00
1,1.0480,1.739835053917E+01,8.775355601539E-04,5.995405827461E+00
1,1.0490,1.737152518265E+01,8.462474289223E-04,5.989690473956E+00
1,1.0500,1.734473882408E+01,8.150188941313E-04,5.983986006838E+00
1,1.0510,1.731799133775E+01,7.887944313071E-04,5.978292395033E+00
1,1.0520,1.729128259762E+01,7.626198248760E-04,5.972609607585E+00
1,1.0530,1.726461247864E+01,7.364949327972E-04,5.966937613656E+00
1,1.0540,1.723798085649E+01,7.104196135686E-04,5.961276382523E+00
1,1.0550,1.721138760745E+01,6.843937262248E-04,5.955625883583E+00
1,1.0560,1.718483260787E+01,6.584171303343E-04,5.949986086344E+00
1,1.0570,1.715831573322E+01,6.324896859971E-04,5.944356960435E+00
1,1.0580,1.713183686162E+01,6.066112538419E-04,5.938738475595E+00
1,1.0590,1.710539587125E+01,5.807816950242E-04,5.933130601680E+00
1,1.0600,1.707899263960E+01,5.550008712231E-04,5.927533308660E+00
1,1.0610,1.705262704488E+01,5.393691167034E-04,5.921946566616E+00
1,1.0620,1.702629896682E+01,5.237668005161E-04,5.916370345743E+00
1,1.0630,1.700000828353E+01,5.081938395803E-04,5.910804616350E+00
1,1.0640,1.697375487642E+01,4.926501511275E-04,5.905249348853E+00
1,1.0650,1.694753862380E+01,4.771356527000E-04,5.899704513784E+00
1,1.0660,1.692135940800E+01,4.616502621494E-04,5.894170081782E+00
1,1.0670,1.689521710961E+01,4.461938976355E-04,5.888646023598E+00
1,1.0680,1.686911160932E+01,4.307664776244E-04,5.883132310093E+00
1,1.0690,1.684304278975E+01,4.153679208874E-04,5.877628912235E+00
1,1.0700,1.681701053248E+01,3.999981464995E-04,5.872135801102E+00
1,1.0710,1.679101472141E+01,3.909226591861E-04,5.866652947880E+00
1,1.0720,1.676505523864E+01,3.818641037520E-04,5.861180323862E+00
1,1.0730,1.673913196860E+01,3.728224328574E-04,5.855717900447E+00
1,1.0740,1.671324479397E+01,3.637975993388E-04,5.850265649143E+00
1,1.0750,1.668739359958E+01,3.547895562081E-04,5.844823541562E+00
1,1.0760,1.666157827068E+01,3.457982566521E-04,5.839391549423E+00
1,1.0770,1.663579869214E+01,3.368236540311E-04,5.833969644549E+00
1,1.0780,1.661005474888E+01,3.278657018788E-04,5.828557798868E+00
1,1.0790,1.658434632754E+01,3.189243539010E-04,5.823155984411E+00
1,1.0800,1.655867331487E+01,3.099995639751E-04,5.817764173314E+00
1,1.0810,1.653374100553E+01,3.024374338983E-04,5.812382337816E+00
1,1.0820,1.650884316554E+01,2.948892818808E-04,5.807010450258E+00
1,1.0830,1.648397968598E+01,2.873550692023E-04,5.801648483084E+00
1,1.0840,1.645915045824E+01,2.798347572851E-04,5.796296408837E+00
1,1.0850,1.643435537399E+01,2.723283076941E-04,5.790954200166E+00
1,1.0860,1.640959432560E+01,2.648356821354E-04,5.785621829815E+00
1,1.0870,1.638486720632E+01,2.573568424564E-04,5.780299270634E+00
1,1.0880,1.636017390855E+01,2.498917506444E-04,5.774986495569E+00
1,1.0890,1.633551432542E+01,2.424403688265E-04,5.769683477667E+00
1,1.0900,1.631088835080E+01,2.350026592689E-04,5.764390190073E+00
1,1.0910,1.628559401381E+01,2.289527072121E-04,5.759106606031E+00
1,1.0920,1.626033376289E+01,2.229138356536E-04,5.753832698882E+00
1,1.0930,1.623510748911E+01,2.168860141802E-04,5.748568442067E+00
1,1.0940,1.620991508408E+01,2.108692124902E-04,5.743313809122E+00
1,1.0950,1.618475643996E+01,2.048634003923E-04,5.738068773680E+00
1,1.0960,1.615963144845E+01,1.988685478055E-04,5.732833309470E+00
1,1.0970,1.613454000371E+01,1.928846247586E-04,5.727607390319E+00
1,1.0980,1.610948199820E+01,1.869116013893E-04,5.722390990145E+00
1,1.0990,1.608445732418E+01,1.809494479443E-04,5.717184082966E+00
1,1.1000,1.605946587710E+01,1.749981347782E-04,5.711986642891E+00
1,1.1010,1.603520605986E+01,1.709654151404E-04,5.706798644123E+00
1,1.1020,1.601097859199E+01,1.669400144129E-04,5.701620060962E+00
1,1.1030,1.598678337264E+01,1.629219126895E-04,5.696450867797E+00
1,1.1040,1.596262029996E+01,1.589110901359E-04,5.691291039112E+00
1,1.1050,1.593848927253E+01,1.549075269896E-04,5.686140549484E+00
1,1.1060,1.591439019128E+01,1.509112035597E-04,5.680999373580E+00
1,1.1070,1.589032295471E+01,1.469221002263E-04,5.675867486160E+00
1,1.1080,1.586628746254E+01,1.429401974404E-04,5.670744862075E+00
1,1.1090,1.584228361652E+01,1.389654757236E-04,5.665631476267E+00
1,1.1100,1.581831131550E+01,1.349979156675E-04,5.660527303765E+00
1,1.1110,1.579367526426E+01,1.314695729630E-04,5.655432319694E+00
1,1.1120,1.576907120497E+01,1.279475761986E-04,5.650346499262E+00
1,1.1130,1.574449903448E+01,1.244319082694E-04,5.645269817771E+00
1,1.1140,1.571995865245E+01,1.209225521317E-04,5.640202250610E+00
1,1.1150,1.569544995812E+01,1.174194908033E-04,5.635143773255E+00
1,1.1160,1.567097284969E+01,1.139227073626E-04,5.630094361272E+00
1,1.1170,1.564652722811E+01,1.104321849486E-04,5.625053990313E+00
1,1.1180,1.562211299315E+01,1.069479067608E-04,5.620022636118E+00
1,1.1190,1.559773004505E+01,1.034698560586E-04,5.615000274513E+00
1,1.1200,1.557337828391E+01,9.999801616114E-05,5.609986881410E+00
1,1.1210,1.554974968403E+01,9.747793098372E-05,5.604982432810E+00
1,1.1220,1.552615145313E+01,9.496233793674E-05,5.599986904795E+00
1,1.1230,1.550258349772E+01,9.245122501986E-05,5.595000273535E+00
1,1.1240,1.547904572181E+01,8.994458027543E-05,5.590022515284E+00
1,1.1250,1.545553803141E+01,8.744239178832E-05,5.585053606382E+00
1,1.1260,1.543206033296E+01,8.494464768573E-05,5.580093523250E+00
1,1.1270,1.540861253250E+01,8.245133613701E-05,5.575142242395E+00
1,1.1280,1.538519453636E+01,7.996244535344E-05,5.570199740407E+00
1,1.1290,1.536180625163E+01,7.747796358810E-05,5.565265993959E+00
1,1.1300,1.533844758539E+01,7.499787913561E-05,5.560340979805E+00
1,1.1310,1.531442946207E+01,7.247818136859E-05,5.555424674783E+00
1,1.1320,1.529044137056E+01,6.996293536442E-05,5.550517055812E+00
1,1.1330,1.526648321554E+01,6.745212933554E-05,5.545618099894E+00
1,1.1340,1.524255490346E+01,6.494575153599E-05,5.540727784109E+00
1,1.1350,1.521865633997E+01,6.244379026119E-05,5.535846085621E+00
1,1.1360,1.519478742908E+01,5.994623384780E-05,5.530972981672E+00
1,1.1370,1.517094807767E+01,5.745307067347E-05,5.526108449586E+00
1,1.1380,1.514713819279E+01,5.496428915675E-05,5.521252466766E+00
1,1.1390,1.512335768059E+01,5.247987775683E-05,5.516405010693E+00
1,1.1400,1.509960644810E+01,4.999982497339E-05,5.511566058929E+00
1,1.1410,1.507657047971E+01,4.838724508270E-05,5.506735589114E+00
1,1.1420,1.505356302972E+01,4.677748932491E-05,5.501913578966E+00
1,1.1430,1.503058400847E+01,4.517055028761E-05,5.497100006281E+00
1,1.1440,1.500763332805E+01,4.356642058429E-05,5.492294848933E+00
1,1.1450,1.498471089904E+01,4.196509285426E-05,5.487498084873E+00
1,1.1460,1.496181663423E+01,4.036655976249E-05,5.482709692129E+00
1,1.1470,1.493895044562E+01,3.877081399957E-05,5.477929648805E+00
1,1.1480,1.491611224603E+01,3.717784828153E-05,5.473157933083E+00
1,1.1490,1.489330194858E+01,3.558765534977E-05,5.468394523220E+00
1,1.1500,1.487051946526E+01,3.400022797094E-05,5.463639397547E+00
1,1.1510,1.484776470999E+01,3.269003205344E-05,5.458892534474E+00
1,1.1520,1.482503759716E+01,3.138211078164E-05,5.454153912482E+00
1,1.1530,1.480233804031E+01,3.007645823711E-05,5.449423510130E+00
1,1.1540,1.477966595319E+01,2.877306852194E-05,5.444701306048E+00
1,1.1550,1.475702125046E+01,2.747193575866E-05,5.439987278943E+00
1,1.1560,1.473440384785E+01,2.617305409013E-05,5.435281407595E+00
1,1.1570,1.471181365893E+01,2.487641767945E-05,5.430583670855E+00
1,1.1580,1.468925060015E+01,2.358202070990E-05,5.425894047651E+00
1,1.1590,1.466671458729E+01,2.228985738481E-05,5.421212516980E+00
1,1.1600,1.464420553591E+01,2.099992192753E-05,5.416539057913E+00
1,1.1610,1.462172336164E+01,1.999216480518E-05,5.411873649595E+00
1,1.1620,1.459926798167E+01,1.898614220455E-05,5.407216271239E+00
1,1.1630,1.457683931268E+01,1.798184965139E-05,5.402566902132E+00
1,1.1640,1.455443727111E+01,1.697928268680E-05,5.397925521632E+00
1,1.1650,1.453206177417E+01,1.597843686722E-05,5.393292109167E+00
1,1.1660,1.450971274078E+01,1.497930776431E-05,5.388666644236E+00
1,1.1670,1.448739008763E+01,1.398189096492E-05,5.384049106409E+00
1,1.1680,1.446509373202E+01,1.298618207101E-05,5.379439475325E+00
1,1.1690,1.444282359364E+01,1.199217669959E-05,5.374837730693E+00
1,1.1700,1.442057959050E+01,1.099987048265E-05,5.370243852290E+00
1,1.1710,1.439836164200E+01,1.021892751207E-05,5.365657819965E+00
1,1.1720,1.437616966611E+01,9.439317208681E-06,5.361079613634E+00
1,1.1730,1.435400358277E+01,8.661036164121E-06,5.356509213282E+00
1,1.1740,1.433186331249E+01,7.884080981646E-06,5.351946598960E+00
1,1.1750,1.430974877470E+01,7.108448276079E-06,5.347391750791E+00
1,1.1760,1.428765988777E+01,6.334134673751E-06,5.342844648962E+00
1,1.1770,1.426559657489E+01,5.561136812465E-06,5.338305273729E+00
1,1.1780,1.424355875471E+01,4.789451341435E-06,5.333773605416E+00
1,1.1790,1.422154634943E+01,4.019074921247E-06,5.329249624410E+00
1,1.1800,1.419955927945E+01,3.250004223805E-06,5.324733311169E+00
1,1.1810,1.417759746665E+01,3.103898861971E-06,5.320224646215E+00
1,1.1820,1.415566083249E+01,2.958040717332E-06,5.315723610135E+00
1,1.1830,1.413374929838E+01,2.812429162962E-06,5.311230183584E+00
1,1.1840,1.411186278678E+01,2.667063574056E-06,5.306744347280E+00
1,1.1850,1.409000122126E+01,2.521943327916E-06,5.302266082008E+00
1,1.1860,1.406816452345E+01,2.377067803945E-06,5.297795368617E+00
1,1.1870,1.404635261651E+01,2.232436383636E-06,5.293332188020E+00
1,1.1880,1.402456542354E+01,2.088048450568E-06,5.288876521195E+00
1,1.1890,1.400280286754E+01,1.943903390389E-06,5.284428349184E+00
1,1.1900,1.398106487370E+01,1.800000590816E-06,5.279987653092E+00
1,1.1910,1.395935136434E+01,1.729469176907E-06,5.275554414089E+00
1,1.1920,1.393766226400E+01,1.659056104298E-06,5.271128613406E+00
1,1.1930,1.391599749789E+01,1.588761075397E-06,5.266710232338E+00
1,1.1940,1.389435699044E+01,1.518583793614E-06,5.262299252244E+00
1,1.1950,1.387274066534E+01,1.448523963348E-06,5.257895654544E+00
1,1.1960,1.385114844837E+01,1.378581289990E-06,5.253499420719E+00
1,1.1970,1.382958026637E+01,1.308755479911E-06,5.249110532314E+00
1,1.1980,1.380803604309E+01,1.239046240467E-06,5.244728970935E+00
1,1.1990,1.378651570470E+01,1.169453279988E-06,5.240354718248E+00
1,1.2000,1.376501917873E+01,1.099976307777E-06,5.235987755983E+00
1,1.2010,1.374354638962E+01,1.054643901810E-06,5.231628065928E+00
1,1.2020,1.372209726526E+01,1.009386924140E-06,5.227275629933E+00
1,1.2030,1.370067173186E+01,9.642051866653E-07,5.222930429908E+00
1,1.2040,1.367926971679E+01,9.190985019106E-07,5.218592447824E+00
1,1.2050,1.365789114687E+01,8.740666830228E-07,5.214261665709E+00
1,1.2060,1.363653594984E+01,8.291095437683E-07,5.209938065655E+00
1,1.2070,1.361520405436E+01,7.842268985307E-07,5.205621629809E+00
1,1.2080,1.359389538759E+01,7.394185623084E-07,5.201312340380E+00
1,1.2090,1.357260987730E+01,6.946843507119E-07,5.197010179636E+00
1,1.2100,1.355134745203E+01,6.500240799609E-07,5.192715129900E+00
1,1.2110,1.353077605244E+01,6.258431321134E-07,5.188427173559E+00
1,1.2120,1.351022713819E+01,6.017020868201E-07,5.184146293052E+00
1,1.2130,1.348970064138E+01,5.776008453938E-07,5.179872470882E+00
1,1.2140,1.346919649451E+01,5.535393094723E-07,5.175605689604E+00
1,1.2150,1.344871462807E+01,5.295173810173E-07,5.171345931835E+00
1,1.2160,1.342825497569E+01,5.055349623130E-07,5.167093180246E+00
1,1.2170,1.340781746969E+01,4.815919559649E-07,5.162847417567E+00
1,1.2180,1.338740204355E+01,4.576882648981E-07,5.158608626584E+00
1,1.2190,1.336700862950E+01,4.338237923565E-07,5.154376790139E+00
1,1.2200,1.334663716184E+01,4.099984419010E-07,5.150151891131E+00
1,1.2210,1.332562185157E+01,3.923697419283E-07,5.145933912514E+00
1,1.2220,1.330462879488E+01,3.747698941650E-07,5.141722837299E+00
1,1.2230,1.328365792286E+01,3.571988278372E-07,5.137518648552E+00
1,1.2240,1.326270916760E+01,3.396564724021E-07,5.133321329395E+00
1,1.2250,1.324178246062E+01,3.221427575472E-07,5.129130863004E+00
1,1.2260,1.322087773411E+01,3.046576131897E-07,5.124947232610E+00
1,1.2270,1.319999492050E+01,2.872009694750E-07,5.120770421499E+00
1,1.2280,1.317913395204E+01,2.697727567761E-07,5.116600413013E+00
1,1.2290,1.315829476074E+01,2.523729056926E-07,5.112437190545E+00
1,1.2300,1.313747728163E+01,2.350013470500E-07,5.108280737544E+00
1,1.2310,1.311668144668E+01,2.234170029478E-07,5.104131037514E+00
1,1.2320,1.309590718906E+01,2.118514645991E-07,5.099988074009E+00
1,1.2330,1.307515444245E+01,2.003046862477E-07,5.095851830640E+00
1,1.2340,1.305442314075E+01,1.887766222858E-07,5.091722291069E+00
1,1.2350,1.303371321847E+01,1.772672272535E-07,5.087599439012E+00
1,1.2360,1.301302460991E+01,1.657764558377E-07,5.083483258236E+00
1,1.2370,1.299235724855E+01,1.543042628720E-07,5.079373732562E+00
1,1.2380,1.297171107043E+01,1.428506033360E-07,5.075270845864E+00
1,1.2390,1.295108601015E+01,1.314154323546E-07,5.071174582066E+00
1,1.2400,1.293048200209E+01,1.199987051973E-07,5.067084925145E+00
1,1.2410,1.290989898308E+01,1.129480782344E-07,5.063001859129E+00
1,1.2420,1.288933688736E+01,1.059088049382E-07,5.058925368100E+00
1,1.2430,1.286879565152E+01,9.888085790628E-08,5.054855436186E+00
1,1.2440,1.284827521075E+01,9.186420982460E-08,5.050792047572E+00
1,1.2450,1.282777550225E+01,8.485883346674E-08,5.046735186490E+00
1,1.2460,1.280729646284E+01,7.786470169373E-08,5.042684837223E+00
1,1.2470,1.278683802765E+01,7.088178745364E-08,5.038640984106E+00
1,1.2480,1.276640013417E+01,6.391006378123E-08,5.034603611522E+00
1,1.2490,1.274598272011E+01,5.694950379766E-08,5.030572703907E+00
1,1.2500,1.272558572253E+01,5.000008071006E-08,5.026548245744E+00
1,1.2510,1.270520907890E+01,4.677703386674E-08,5.022530221566E+00
1,1.2520,1.268485272639E+01,4.355913566056E-08,5.018518615958E+00
1,1.2530,1.266451660416E+01,4.034637376436E-08,5.014513413551E+00
1,1.2540,1.264420064966E+01,3.713873589032E-08,5.010514599027E+00
1,1.2550,1.262390480162E+01,3.393620978979E-08,5.006522157115E+00
1,1.2560,1.260362899803E+01,3.073878325311E-08,5.002536072595E+00
1,1.2570,1.258337317819E+01,2.754644410949E-08,4.998556330294E+00
1,1.2580,1.256313728136E+01,2.435918022683E-08,4.994582915087E+00
1,1.2590,1.254292124592E+01,2.117697951157E-08,4.990615811898E+00
1,1.2600,1.252272501310E+01,1.799982990857E-08,4.986655005698E+00
1,1.2610,1.250320622622E+01,1.719415334057E-08,4.982700481506E+00
1,1.2620,1.248370674332E+01,1.638975359756E-08,4.978752224390E+00
1,1.2630,1.246422650507E+01,1.558662764670E-08,4.974810219461E+00
1,1.2640,1.244476545654E+01,1.478477246474E-08,4.970874451883E+00
1,1.2650,1.242532353857E+01,1.398418503802E-08,4.966944906861E+00
1,1.2660,1.240590069322E+01,1.318486236237E-08,4.963021569652E+00
1,1.2670,1.238649686596E+01,1.238680144311E-08,4.959104425556E+00
1,1.2680,1.236711199817E+01,1.158999929502E-08,4.955193459921E+00
1,1.2690,1.234774603462E+01,1.079445294227E-08,4.951288658140E+00
1,1.2700,1.232839891666E+01,1.000015941843E-08,4.947390005653E+00
1,1.2710,1.230841478210E+01,9.597306023098E-09,4.943497487946E+00
1,1.2720,1.228844974584E+01,9.195086045058E-09,4.939611090550E+00
1,1.2730,1.226850374961E+01,8.793497991572E-09,4.935730799041E+00
1,1.2740,1.224857673691E+01,8.392540374590E-09,4.931856599042E+00
1,1.2750,1.222866864961E+01,7.992211710732E-09,4.927988476219E+00
1,1.2760,1.220877943076E+01,7.592510521269E-09,4.924126416285E+00
1,1.2770,1.218890902307E+01,7.193435332103E-09,4.920270404996E+00
1,1.2780,1.216905737118E+01,6.794984673750E-09,4.916420428153E+00
1,1.2790,1.214922441693E+01,6.397157081320E-09,4.912576471602E+00
1,1.2800,1.212941010438E+01,5.999951094504E-09,4.908738521234E+00
1,1.2810,1.211026844121E+01,5.753234677582E-09,4.904906562982E+00
1,1.2820,1.209114495816E+01,5.506903153666E-09,4.901080582823E+00
1,1.2830,1.207203960044E+01,5.260955622772E-09,4.897260566781E+00
1,1.2840,1.205295231566E+01,5.015391187721E-09,4.893446500919E+00
1,1.2850,1.203388305061E+01,4.770208954126E-09,4.889638371346E+00
1,1.2860,1.201483175014E+01,4.525408030380E-09,4.885836164214E+00
1,1.2870,1.199579836408E+01,4.280987527650E-09,4.882039865718E+00
1,1.2880,1.197678283743E+01,4.036946559863E-09,4.878249462096E+00
1,1.2890,1.195778511796E+01,3.793284243693E-09,4.874464939627E+00
1,1.2900,1.193880515450E+01,3.549999698556E-09,4.870686284635E+00
1,1.2910,1.191919059128E+01,3.419094326591E-09,4.866913483485E+00
1,1.2920,1.189959401749E+01,3.288391594520E-09,4.863146522585E+00
1,1.2930,1.188001537919E+01,3.157891032182E-09,4.859385388383E+00
1,1.2940,1.186045462099E+01,3.027592170868E-09,4.855630067372E+00
1,1.2950,1.184091169080E+01,2.897494543316E-09,4.851880546085E+00
1,1.2960,1.182138653654E+01,2.767597683708E-09,4.848136811095E+00
1,1.2970,1.180187910459E+01,2.637901127662E-09,4.844398849020E+00
1,1.2980,1.178238934193E+01,2.508404412225E-09,4.840666646517E+00
1,1.2990,1.176291719712E+01,2.379107075874E-09,4.836940190285E+00
2,0.3000,1.026270823369E+02,8.867668863533E+01,2.094395102393E+01
2,0.3010,1.025828856828E+02,8.705447177761E+01,2.087436979129E+01
2,0.3020,1.025389812461E+02,8.544299807790E+01,2.080524936152E+01
2,0.3030,1.024953661375E+02,8.384216116828E+01,2.073658517221E+01
2,0.3040,1.024520375062E+02,8.225185608043E+01,2.066837272099E+01
2,0.3050,1.024089925383E+02,8.067197922267E+01,2.060060756452E+01
2,0.3060,1.023662284570E+02,7.910242835745E+01,2.053328531758E+01
2,0.3070,1.023237425214E+02,7.754310257929E+01,2.046640165205E+01
2,0.3080,1.022815320262E+02,7.599390229320E+01,2.039995229604E+01
2,0.3090,1.022395943010E+02,7.445472919343E+01,2.033393303294E+01
2,0.3100,1.021979267100E+02,7.292548624268E+01,2.026833970058E+01
2,0.3110,1.018409072433E+02,7.209500568704E+01,2.020316819029E+01
2,0.3120,1.014861438754E+02,7.126984872471E+01,2.013841444609E+01
2,0.3130,1.011336149822E+02,7.044996433082E+01,2.007407446383E+01
2,0.3140,1.007832992143E+02,6.963530213053E+01,2.001014429038E+01
2,0.3150,1.004351754943E+02,6.882581238864E+01,1.994662002279E+01
2,0.3160,1.000892230112E+02,6.802144599956E+01,1.988349780753E+01
2,0.3170,9.974542121643E+01,6.722215447729E+01,1.982077383968E+01
2,0.3180,9.940374982020E+01,6.642788994572E+01,1.975844436220E+01
2,0.3190,9.906418878688E+01,6.563860512908E+01,1.969650566514E+01
2,0.3200,9.872671833134E+01,6.485425334254E+01,1.963495408494E+01
2,0.3210,9.857416868505E+01,6.425486731426E+01,1.957378600367E+01
2,0.3220,9.842256000987E+01,6.365920418057E+01,1.951299784838E+01
2,0.3230,9.827188359889E+01,6.306722936349E+01,1.945258609034E+01
2,0.3240,9.812213085263E+01,6.247890871195E+01,1.939254724438E+01
2,0.3250,9.797329327747E+01,6.189420849519E+01,1.933287786824E+01
2,0.3260,9.782536248344E+01,6.131309539632E+01,1.927357456190E+01
2,0.3270,9.767833018322E+01,6.073553650601E+01,1.921463396691E+01
2,0.3280,9.753218819009E+01,6.016149931624E+01,1.915605276579E+01
2,0.3290,9.738692841692E+01,5.959095171426E+01,1.909782768140E+01
2,0.3300,9.724254287432E+01,5.902386197654E+01,1.903995547630E+01
2,0.3310,9.714337248462E+01,5.861205822652E+01,1.898243295220E+01
2,0.3320,9.704479661846E+01,5.820273522199E+01,1.892525694934E+01
2,0.3330,9.694680993763E+01,5.779587061388E+01,1.886842434588E+01
2,0.3340,9.684940716787E+01,5.739144232079E+01,1.881193205742E+01
2,0.3350,9.675258309776E+01,5.698942852497E+01,1.875577703636E+01
2,0.3360,9.665633257745E+01,5.658980766841E+01,1.869995627137E+01
2,0.3370,9.656065051872E+01,5.619255844899E+01,1.864446678688E+01
2,0.3380,9.646553189270E+01,5.579765981666E+01,1.858930564254E+01
2,0.3390,9.637097173040E+01,5.540509096977E+01,1.853446993268E+01
2,0.3400,9.627696512053E+01,5.501483135139E+01,1.847995678582E+01
2,0.3410,9.634638377251E+01,5.478163705799E+01,1.842576336416E+01
2,0.3420,9.641539518578E+01,5.454980647391E+01,1.837188686310E+01
2,0.3430,9.648400293475E+01,5.431932767166E+01,1.831832451073E+01
2,0.3440,9.655221055289E+01,5.409018886245E+01,1.826507356738E+01
2,0.3450,9.662002153181E+01,5.386237839416E+01,1.821213132516E+01
2,0.3460,9.668743932319E+01,5.363588474938E+01,1.815949510746E+01
2,0.3470,9.675446733842E+01,5.341069654348E+01,1.810716226853E+01
2,0.3480,9.682110894968E+01,5.318680252267E+01,1.805513019304E+01
2,0.3490,9.688736749040E+01,5.296419156215E+01,1.800339629564E+01
2,0.3500,9.695324625530E+01,5.274285266427E+01,1.795195802051E+01
2,0.3510,9.763513625695E+01,5.264271040272E+01,1.790081284097E+01
2,0.3520,9.831302090849E+01,5.254313713129E+01,1.784995825903E+01
2,0.3530,9.898693774565E+01,5.244412801437E+01,1.779939180504E+01
2,0.3540,9.965692375709E+01,5.234567827100E+01,1.774911103723E+01
2,0.3550,1.003230153981E+02,5.224778317407E+01,1.769911354135E+01
2,0.3560,1.009852486026E+02,5.215043804959E+01,1.764939693028E+01
2,0.3570,1.016436587953E+02,5.205363827595E+01,1.759995884364E+01
2,0.3580,1.022982809036E+02,5.195737928317E+01,1.755079694743E+01
2,0.3590,1.029491493680E+02,5.186165655219E+01,1.750190893365E+01
2,0.3600,1.035962981541E+02,5.176646561415E+01,1.745329251994E+01
2,0.3610,1.048273580500E+02,5.023937503926E+01,1.740494544925E+01
2,0.3620,1.060512620370E+02,4.872072142888E+01,1.735686548945E+01
2,0.3630,1.072680831196E+02,4.721043505601E+01,1.730905043300E+01
2,0.3640,1.084778927893E+02,4.570844695992E+01,1.726149809665E+01
2,0.3650,1.096807610888E+02,4.421468893559E+01,1.721420632104E+01
2,0.3660,1.108767566740E+02,4.272909352342E+01,1.716717297044E+01
2,0.3670,1.120659468711E+02,4.125159399904E+01,1.712039593237E+01
2,0.3680,1.132483977296E+02,3.978212436339E+01,1.707387311734E+01
2,0.3690,1.144241740728E+02,3.832061933281E+01,1.702760245848E+01
2,0.3700,1.155933395442E+02,3.686701432942E+01,1.698158191130E+01
2,0.3710,1.148031441675E+02,3.469300566511E+01,1.693580945331E+01
2,0.3720,1.140170823157E+02,3.253068521943E+01,1.689028308382E+01
2,0.3730,1.132351194735E+02,3.037995898525E+01,1.684500082354E+01
2,0.3740,1.124572214759E+02,2.824073396088E+01,1.679996071438E+01
2,0.3750,1.116833545029E+02,2.611291813664E+01,1.675516081915E+01
2,0.3760,1.109134850751E+02,2.399642048168E+01,1.671059922122E+01
2,0.3770,1.101475800480E+02,2.189115093098E+01,1.666627402435E+01
2,0.3780,1.093856066078E+02,1.979702037262E+01,1.662218335233E+01
2,0.3790,1.086275322666E+02,1.771394063515E+01,1.657832534876E+01
2,0.3800,1.078733248573E+02,1.564182447524E+01,1.653469817679E+01
2,0.3810,1.066183000594E+02,1.477455568688E+01,1.649130001884E+01
2,0.3820,1.053694919307E+02,1.391182757281E+01,1.644812907639E+01
2,0.3830,1.041268429750E+02,1.305360456638E+01,1.640518356966E+01
2,0.3840,1.028902960007E+02,1.219985147144E+01,1.636246173745E+01
2,0.3850,1.016597941036E+02,1.135053345752E+01,1.631996183683E+01
2,0.3860,1.004352806505E+02,1.050561605506E+01,1.627768214295E+01
2,0.3870,9.921669926172E+01,9.665065150811E+00,1.623562094878E+01
2,0.3880,9.800399379409E+01,8.828846983181E+00,1.619377656490E+01
2,0.3890,9.679710832231E+01,7.996928137750E+00,1.615214731923E+01
2,0.3900,9.559598712030E+01,7.169275542807E+00,1.611073155687E+01
2,0.3910,9.464725524852E+01,6.911503837898E+00,1.606952763985E+01
2,0.3920,9.370308492716E+01,6.655047294747E+00,1.602853394689E+01
2,0.3930,9.276343581699E+01,6.399895873954E+00,1.598774887323E+01
2,0.3940,9.182826784178E+01,6.146039638038E+00,1.594717083041E+01
2,0.3950,9.089754117912E+01,5.893468750152E+00,1.590679824602E+01
2,0.3960,8.997121625279E+01,5.642173472811E+00,1.586662956358E+01
2,0.3970,8.904925372442E+01,5.392144166640E+00,1.582666324227E+01
2,0.3980,8.813161448449E+01,5.143371289143E+00,1.578689775673E+01
2,0.3990,8.721825964436E+01,4.895845393489E+00,1.574733159694E+01
2,0.4000,8.630915052760E+01,4.649557127313E+00,1.570796326795E+01
2,0.4010,8.563276877326E+01,4.529847561859E+00,1.566879128972E+01
2,0.4020,8.495956715546E+01,4.410733566383E+00,1.562981419696E+01
2,0.4030,8.428951943880E+01,4.292210707361E+00,1.559103053891E+01
2,0.4040,8.362259959951E+01,4.174274595166E+00,1.555243887916E+01
2,0.4050,8.295878182228E+01,4.056920883525E+00,1.551403779551E+01
2,0.4060,8.229804049628E+01,3.940145268985E+00,1.547582587975E+01
2,0.4070,8.164035021141E+01,3.823943490389E+00,1.543780173754E+01
2,0.4080,8.098568575512E+01,3.708311328355E+00,1.539996398819E+01
2,0.4090,8.033402210810E+01,3.593244604766E+00,1.536231126450E+01
2,0.4100,7.968533444075E+01,3.478739182268E+00,1.532484221263E+01
2,0.4110,7.915218381697E+01,3.392308563657E+00,1.528755549192E+01
2,0.4120,7.862148005408E+01,3.306297511157E+00,1.525044977471E+01
2,0.4130,7.809320386640E+01,3.220702977070E+00,1.521352374620E+01
2,0.4140,7.756733613369E+01,3.135521943148E+00,1.517677610430E+01
2,0.4150,7.704385789679E+01,3.050751420233E+00,1.514020555947E+01
2,0.4160,7.652275035695E+01,2.966388447909E+00,1.510381083457E+01
2,0.4170,7.600399487284E+01,2.882430094157E+00,1.506759066470E+01
2,0.4180,7.548757295819E+01,2.798873455016E+00,1.503154379708E+01
2,0.4190,7.497346627972E+01,2.715715654249E+00,1.499566899088E+01
2,0.4200,7.446165665489E+01,2.632953843009E+00,1.495996501709E+01
2,0.4210,7.401488914001E+01,2.569986959374E+00,1.492443065838E+01
2,0.4220,7.357012098657E+01,2.507318496988E+00,1.488906470896E+01
2,0.4230,7.312733696999E+01,2.444946339389E+00,1.485386597442E+01
2,0.4240,7.268652199590E+01,2.382868390081E+00,1.481883327165E+01
2,0.4250,7.224766109962E+01,2.321082572299E+00,1.478396542866E+01
2,0.4260,7.181073944387E+01,2.259586828779E+00,1.474926128446E+01
2,0.4270,7.137574231835E+01,2.198379121528E+00,1.471471968895E+01
2,0.4280,7.094265513588E+01,2.137457431601E+00,1.468033950276E+01
2,0.4290,7.051146343258E+01,2.076819758877E+00,1.464611959716E+01
2,0.4300,7.008215286534E+01,2.016464121839E+00,1.461205885391E+01
2,0.4310,6.970419008433E+01,1.966593266679E+00,1.457815616515E+01
2,0.4320,6.932787861106E+01,1.916953295107E+00,1.454441043329E+01
2,0.4330,6.895320628814E+01,1.867542607469E+00,1.451082057085E+01
2,0.4340,6.858016106186E+01,1.818359618852E+00,1.447738550041E+01
2,0.4350,6.820873098354E+01,1.769402758918E+00,1.444410415444E+01
2,0.4360,6.783890420575E+01,1.720670471737E+00,1.441097547518E+01
2,0.4370,6.747066898294E+01,1.672161215618E+00,1.437799841460E+01
2,0.4380,6.710401366946E+01,1.623873462951E+00,1.434517193420E+01
2,0.4390,6.673892671763E+01,1.575805700047E+00,1.431249500496E+01
2,0.4400,6.637539667800E+01,1.527956426973E+00,1.427996660723E+01
2,0.4410,6.603692243292E+01,1.495002020225E+00,1.424758573057E+01
2,0.4420,6.569988915094E+01,1.462196728440E+00,1.421535137371E+01
2,0.4430,6.536428648066E+01,1.429539541810E+00,1.418326254442E+01
2,0.4440,6.503010415828E+01,1.397029459624E+00,1.415131825941E+01
2,0.4450,6.469733200705E+01,1.364665490167E+00,1.411951754422E+01
2,0.4460,6.436595993686E+01,1.332446650618E+00,1.408785943314E+01
2,0.4470,6.403597794118E+01,1.300371966950E+00,1.405634296908E+01
2,0.4480,6.370737609821E+01,1.268440473834E+00,1.402496720353E+01
2,0.4490,6.338014456873E+01,1.236651214541E+00,1.399373119639E+01
2,0.4500,6.305427359549E+01,1.205003240845E+00,1.396263401595E+01
2,0.4510,6.275424703349E+01,1.181543941427E+00,1.393167473876E+01
2,0.4520,6.245546712750E+01,1.158188444218E+00,1.390085244951E+01
2,0.4530,6.215792515976E+01,1.134936061787E+00,1.387016624101E+01
2,0.4540,6.186161248550E+01,1.111786112760E+00,1.383961521405E+01
2,0.4550,6.156652053314E+01,1.088737921749E+00,1.380919847732E+01
2,0.4560,6.127264080156E+01,1.065790819296E+00,1.377891514732E+01
2,0.4570,6.097996486140E+01,1.042944141799E+00,1.374876434831E+01
2,0.4580,6.068848435200E+01,1.020197231453E+00,1.371874521218E+01
2,0.4590,6.039819098270E+01,9.975494361844E-01,1.368885687839E+01
2,0.4600,6.010907653138E+01,9.750001095908E-01,1.365909849387E+01
2,0.4610,5.984092127614E+01,9.602165502576E-01,1.362946921297E+01
2,0.4620,5.957385414571E+01,9.454969890167E-01,1.359996819736E+01
2,0.4630,5.930786772718E+01,9.308410111938E-01,1.357059461594E+01
2,0.4640,5.904295466738E+01,9.162482056890E-01,1.354134764478E+01
2,0.4650,5.877910767614E+01,9.017181649391E-01,1.351222646705E+01
2,0.4660,5.851631952097E+01,8.872504848791E-01,1.348323027292E+01
2,0.4670,5.825458303055E+01,8.728447649050E-01,1.345435825949E+01
2,0.4680,5.799389109178E+01,8.585006078367E-01,1.342560963073E+01
2,0.4690,5.773423664897E+01,8.442176198818E-01,1.339698359740E+01
2,0.4700,5.747561270510E+01,8.299954105990E-01,1.336847937698E+01
2,0.4710,5.723465991953E+01,8.187857561508E-01,1.334009619359E+01
2,0.4720,5.699466260601E+01,8.076236002383E-01,1.331183327792E+01
2,0.4730,5.675561441941E+01,7.965086416024E-01,1.328368986719E+01
2,0.4740,5.651750906537E+01,7.854405815261E-01,1.325566520502E+01
2,0.4750,5.628034030156E+01,7.744191238081E-01,1.322775854143E+01
2,0.4760,5.604410193559E+01,7.634439747359E-01,1.319996913273E+01
2,0.4770,5.580878782592E+01,7.525148430602E-01,1.317229624147E+01
2,0.4780,5.557439188029E+01,7.416314399690E-01,1.314473913636E+01
2,0.4790,5.534090805595E+01,7.307934790619E-01,1.311729709223E+01
2,0.4800,5.510833035834E+01,7.200006763252E-01,1.308996938996E+01
2,0.4810,5.488891295203E+01,7.108320372249E-01,1.306275531638E+01
2,0.4820,5.467034583712E+01,7.017014422703E-01,1.303565416427E+01
2,0.4830,5.445262349840E+01,6.926086551623E-01,1.300866523226E+01
2,0.4840,5.423574046518E+01,6.835534415547E-01,1.298178782475E+01
2,0.4850,5.401969131097E+01,6.745355690342E-01,1.295502125192E+01
2,0.4860,5.380447065219E+01,6.655548071001E-01,1.292836482959E+01
2,0.4870,5.359007314870E+01,6.566109271453E-01,1.290181787922E+01
2,0.4880,5.337649350260E+01,6.477037024362E-01,1.287537972783E+01
2,0.4890,5.316372645749E+01,6.388329080940E-01,1.284904970793E+01
2,0.4900,5.295176679966E+01,6.299983210756E-01,1.282282715751E+01
2,0.4910,5.275800613916E+01,6.223603818808E-01,1.279671141992E+01
2,0.4920,5.256498147546E+01,6.147534912194E-01,1.277070184386E+01
2,0.4930,5.237268816722E+01,6.071774601550E-01,1.274479778333E+01
2,0.4940,5.218112161090E+01,5.996321012811E-01,1.271899859753E+01
2,0.4950,5.199027723953E+01,5.921172287057E-01,1.269330365087E+01
2,0.4960,5.180015052123E+01,5.846326580358E-01,1.266771231286E+01
2,0.4970,5.161073696073E+01,5.771782063626E-01,1.264222395811E+01
2,0.4980,5.142203209784E+01,5.697536922463E-01,1.261683796622E+01
2,0.4990,5.123403150746E+01,5.623589357017E-01,1.259155372180E+01
2,0.5000,5.104673079874E+01,5.549937581832E-01,1.256637061436E+01
2,0.5010,5.086407075875E+01,5.478686762100E-01,1.254128803828E+01
2,0.5020,5.068208837514E+01,5.407719810176E-01,1.251630539279E+01
2,0.5030,5.050077945740E+01,5.337035033011E-01,1.249142208187E+01
2,0.5040,5.032013984605E+01,5.266630750993E-01,1.246663751425E+01
2,0.5050,5.014016541429E+01,5.196505297815E-01,1.244195110333E+01
2,0.5060,4.996085206774E+01,5.126657020341E-01,1.241736226715E+01
2,0.5070,4.978219574343E+01,5.057084278479E-01,1.239287042836E+01
2,0.5080,4.960419240958E+01,4.987785445049E-01,1.236847501413E+01
2,0.5090,4.942683806551E+01,4.918758905661E-01,1.234417545615E+01
2,0.5100,4.925012874101E+01,4.850003058583E-01,1.231997119055E+01
2,0.5110,4.908052498876E+01,4.804214475246E-01,1.229586165789E+01
2,0.5120,4.891153677464E+01,4.758604753562E-01,1.227184630309E+01
2,0.5130,4.874316037155E+01,4.713172847558E-01,1.224792457540E+01
2,0.5140,4.857539208090E+01,4.667917719397E-01,1.222409592836E+01
2,0.5150,4.840822823195E+01,4.622838339308E-01,1.220035981977E+01
2,0.5160,4.824166518160E+01,4.577933685497E-01,1.217671571159E+01
2,0.5170,4.807569931543E+01,4.533202744081E-01,1.215316306998E+01
2,0.5180,4.791032704568E+01,4.488644509002E-01,1.212970136521E+01
2,0.5190,4.774554481201E+01,4.444257981958E-01,1.210633007164E+01
2,0.5200,4.758134908034E+01,4.400042172326E-01,1.208304866765E+01
2,0.5210,4.742536613427E+01,4.351714847982E-01,1.205985663566E+01
2,0.5220,4.726993774598E+01,4.303572685800E-01,1.203675346203E+01
2,0.5230,4.711506063198E+01,4.255614623665E-01,1.201373863705E+01
2,0.5240,4.696073153421E+01,4.207839607569E-01,1.199081165492E+01
2,0.5250,4.680694721845E+01,4.160246591534E-01,1.196797201368E+01
2,0.5260,4.665370447472E+01,4.112834537537E-01,1.194521921517E+01
2,0.5270,4.650100011747E+01,4.065602415434E-01,1.192255276505E+01
2,0.5280,4.634883098467E+01,4.018549202884E-01,1.189997217269E+01
2,0.5290,4.619719393788E+01,3.971673885278E-01,1.187747695119E+01
2,0.5300,4.604608586177E+01,3.924975455662E-01,1.185506661732E+01
2,0.5310,4.589925713402E+01,3.884298288572E-01,1.183274069149E+01
2,0.5320,4.575293921449E+01,3.843774043163E-01,1.181049869771E+01
2,0.5330,4.560712913716E+01,3.803401858712E-01,1.178834016356E+01
2,0.5340,4.546182395781E+01,3.763180880945E-01,1.176626462019E+01
2,0.5350,4.531702075429E+01,3.723110261973E-01,1.174427160220E+01
2,0.5360,4.517271662522E+01,3.683189160236E-01,1.172236064772E+01
2,0.5370,4.502890869111E+01,3.643416740442E-01,1.170053129829E+01
2,0.5380,4.488559409383E+01,3.603792173510E-01,1.167878309885E+01
2,0.5390,4.474276999492E+01,3.564314636510E-01,1.165711559774E+01
2,0.5400,4.460043357809E+01,3.524983312611E-01,1.163552834663E+01
2,0.5410,4.446350803095E+01,3.491441805176E-01,1.161402090052E+01
2,0.5420,4.432704920527E+01,3.458024067141E-01,1.159259281767E+01
2,0.5430,4.419105444547E+01,3.424729414697E-01,1.157124365963E+01
2,0.5440,4.405552111671E+01,3.391557169064E-01,1.154997299114E+01
2,0.5450,4.392044660283E+01,3.358506656442E-01,1.152878038015E+01
2,0.5460,4.378582830558E+01,3.325577207969E-01,1.150766539776E+01
2,0.5470,4.365166364677E+01,3.292768159674E-01,1.148662761824E+01
2,0.5480,4.351795006626E+01,3.260078852430E-01,1.146566661894E+01
2,0.5490,4.338468502190E+01,3.227508631916E-01,1.144478198029E+01
2,0.5500,4.325186599074E+01,3.195056848567E-01,1.142397328578E+01
2,0.5510,4.312312815231E+01,3.164057036630E-01,1.140324012192E+01
2,0.5520,4.299482021986E+01,3.133169542852E-01,1.138258207822E+01
2,0.5530,4.286693979562E+01,3.102393757912E-01,1.136199874716E+01
2,0.5540,4.273948449815E+01,3.071729076889E-01,1.134148972415E+01
2,0.5550,4.261245196340E+01,3.041174899221E-01,1.132105460753E+01
2,0.5560,4.248583984388E+01,3.010730628667E-01,1.130069299852E+01
2,0.5570,4.235964580918E+01,2.980395673267E-01,1.128040450122E+01
2,0.5580,4.223386754509E+01,2.950169445307E-01,1.126018872254E+01
2,0.5590,4.210850275332E+01,2.920051361274E-01,1.124004527224E+01
2,0.5600,4.198354915300E+01,2.890040841827E-01,1.121997376282E+01
2,0.5610,4.186139314822E+01,2.866666896486E-01,1.119997380959E+01
2,0.5620,4.173963668820E+01,2.843376132444E-01,1.118004503057E+01
2,0.5630,4.161827758394E+01,2.820168106464E-01,1.116018704650E+01
2,0.5640,4.149731366206E+01,2.797042378447E-01,1.114039948081E+01
2,0.5650,4.137674276415E+01,2.773998511415E-01,1.112068195961E+01
2,0.5660,4.125656274773E+01,2.751036071475E-01,1.110103411162E+01
2,0.5670,4.113677148403E+01,2.728154627795E-01,1.108145556822E+01
2,0.5680,4.101736685996E+01,2.705353752579E-01,1.106194596334E+01
2,0.5690,4.089834677695E+01,2.682633021037E-01,1.104250493353E+01
2,0.5700,4.077970915032E+01,2.659992011361E-01,1.102313211786E+01
2,0.5710,4.066498230769E+01,2.637650381238E-01,1.100382715793E+01
2,0.5720,4.055062348977E+01,2.615386868703E-01,1.098458969787E+01
2,0.5730,4.043663071948E+01,2.593201064764E-01,1.096541938426E+01
2,0.5740,4.032300203319E+01,2.571092563277E-01,1.094631586617E+01
2,0.5750,4.020973548079E+01,2.549060960926E-01,1.092727879509E+01
2,0.5760,4.009682912542E+01,2.527105857194E-01,1.090830782496E+01
2,0.5770,3.998428104414E+01,2.505226854341E-01,1.088940261210E+01
2,0.5780,3.987208932617E+01,2.483423557381E-01,1.087056281519E+01
2,0.5790,3.976025207495E+01,2.461695574055E-01,1.085178809530E+01
2,0.5800,3.964876740558E+01,2.440042514809E-01,1.083307811583E+01
2,0.5810,3.953995319980E+01,2.420237559709E-01,1.081443254248E+01
2,0.5820,3.943148121735E+01,2.400500662874E-01,1.079585104326E+01
2,0.5830,3.932334965339E+01,2.380831474090E-01,1.077733328847E+01
2,0.5840,3.921555671420E+01,2.361229645541E-01,1.075887895065E+01
2,0.5850,3.910810061871E+01,2.341694831791E-01,1.074048770458E+01
2,0.5860,3.900097959709E+01,2.322226689760E-01,1.072215922727E+01
2,0.5870,3.889419189224E+01,2.302824878708E-01,1.070389319792E+01
2,0.5880,3.878773575897E+01,2.283489060209E-01,1.068568929792E+01
2,0.5890,3.868160946313E+01,2.264218898141E-01,1.066754721083E+01
2,0.5900,3.857581128264E+01,2.245014058655E-01,1.064946662234E+01
2,0.5910,3.847262663079E+01,2.229021118543E-01,1.063144722027E+01
2,0.5920,3.836976029083E+01,2.213082208635E-01,1.061348869456E+01
2,0.5930,3.826721061300E+01,2.197197055589E-01,1.059559073723E+01
2,0.5940,3.816497595886E+01,2.181365387908E-01,1.057775304239E+01
2,0.5950,3.806305470116E+01,2.165586935916E-01,1.055997530618E+01
2,0.5960,3.796144522249E+01,2.149861431749E-01,1.054225722681E+01
2,0.5970,3.786014591719E+01,2.134188609339E-01,1.052459850449E+01
2,0.5980,3.775915518974E+01,2.118568204394E-01,1.050699884144E+01
2,0.5990,3.765847145532E+01,2.102999954392E-01,1.048945794187E+01
2,0.6000,3.755809313924E+01,2.087483598555E-01,1.047197551197E+01
2,0.6010,3.745914649627E+01,2.068453875867E-01,1.045455125987E+01
2,0.6020,3.736049907062E+01,2.049487374849E-01,1.043718489565E+01
2,0.6030,3.726214933734E+01,2.030583780965E-01,1.041987613131E+01
2,0.6040,3.716409578031E+01,2.011742781763E-01,1.040262468076E+01
2,0.6050,3.706633689460E+01,1.992964066856E-01,1.038543025980E+01
2,0.6060,3.696887118439E+01,1.974247327905E-01,1.036829258610E+01
2,0.6070,3.687169716427E+01,1.955592258606E-01,1.035121137921E+01
2,0.6080,3.677481335727E+01,1.936998554665E-01,1.033418636049E+01
2,0.6090,3.667821829742E+01,1.918465913792E-01,1.031721725317E+01
2,0.6100,3.658191052788E+01,1.899994035676E-01,1.030030378226E+01
2,0.6110,3.648811389510E+01,1.885788551254E-01,1.028344567460E+01
2,0.6120,3.639459571426E+01,1.871629489983E-01,1.026664265879E+01
2,0.6130,3.630135459162E+01,1.857516624670E-01,1.024989446522E+01
2,0.6140,3.620838914089E+01,1.843449729604E-01,1.023320082603E+01
2,0.6150,3.611569798648E+01,1.829428580537E-01,1.021656147509E+01
2,0.6160,3.602327975996E+01,1.815452954681E-01,1.019997614802E+01
2,0.6170,3.593113310331E+01,1.801522630692E-01,1.018344458214E+01
2,0.6180,3.583925666563E+01,1.787637388658E-01,1.016696651647E+01
2,0.6190,3.574764910606E+01,1.773797010088E-01,1.015054169173E+01
2,0.6200,3.565630909139E+01,1.760001277900E-01,1.013416985029E+01
2,0.6210,3.556633327640E+01,1.747828361126E-01,1.011785073620E+01
2,0.6220,3.547661949121E+01,1.735694585564E-01,1.010158409514E+01
2,0.6230,3.538716644462E+01,1.723599762732E-01,1.008536967445E+01
2,0.6240,3.529797285368E+01,1.711543705359E-01,1.006920722304E+01
2,0.6250,3.520903744315E+01,1.699526227368E-01,1.005309649149E+01
2,0.6260,3.512035894686E+01,1.687547143877E-01,1.003703723192E+01
2,0.6270,3.503193610606E+01,1.675606271177E-01,1.002102919805E+01
2,0.6280,3.494376766940E+01,1.663703426735E-01,1.000507214519E+01
2,0.6290,3.485585239474E+01,1.651838429175E-01,9.989165830174E+00
2,0.6300,3.476818904639E+01,1.640011098274E-01,9.973310011396E+00
2,0.6310,3.468186022101E+01,1.627335037055E-01,9.957504448779E+00
2,0.6320,3.459577809985E+01,1.614699089954E-01,9.941748903765E+00
2,0.6330,3.450994148580E+01,1.602103066856E-01,9.926043139304E+00
2,0.6340,3.442434919069E+01,1.589546778847E-01,9.910386919842E+00
2,0.6350,3.433900003237E+01,1.577030038202E-01,9.894780011306E+00
2,0.6360,3.425389283735E+01,1.564552658376E-01,9.879222181100E+00
2,0.6370,3.416902643833E+01,1.552114453998E-01,9.863713198084E+00
2,0.6380,3.408439967640E+01,1.539715240855E-01,9.848252832570E+00
2,0.6390,3.400001139863E+01,1.527354835892E-01,9.832840856306E+00
2,0.6400,3.391586045990E+01,1.515033057194E-01,9.817477042468E+00
2,0.6410,3.383301587559E+01,1.502857547756E-01,9.802161165647E+00
2,0.6420,3.375040367967E+01,1.490719968254E-01,9.786893001837E+00
2,0.6430,3.366802276267E+01,1.478620141721E-01,9.771672328429E+00
2,0.6440,3.358587202244E+01,1.466557892289E-01,9.756498924192E+00
2,0.6450,3.350395036316E+01,1.454533045181E-01,9.741372569271E+00
2,0.6460,3.342225669607E+01,1.442545426701E-01,9.726293045170E+00
2,0.6470,3.334078993894E+01,1.430594864230E-01,9.711260134744E+00
2,0.6480,3.325954901619E+01,1.418681186210E-01,9.696273622191E+00
2,0.6490,3.317853285833E+01,1.406804222144E-01,9.681333293035E+00
2,0.6500,3.309774040356E+01,1.394963802583E-01,9.666438934122E+00
2,0.6510,3.301822753720E+01,1.383816067262E-01,9.651590333609E+00
2,0.6520,3.293893367534E+01,1.372702527448E-01,9.636787280950E+00
2,0.6530,3.285985778897E+01,1.361623026040E-01,9.622029566891E+00
2,0.6540,3.278099885553E+01,1.350577406900E-01,9.607316983455E+00
2,0.6550,3.270235585806E+01,1.339565514841E-01,9.592649323938E+00
2,0.6560,3.262392778637E+01,1.328587195624E-01,9.578026382896E+00
2,0.6570,3.254571363586E+01,1.317642295948E-01,9.563447956133E+00
2,0.6580,3.246771240845E+01,1.306730663444E-01,9.548913840698E+00
2,0.6590,3.238992311153E+01,1.295852146669E-01,9.534423834870E+00
2,0.6600,3.231234475887E+01,1.285006595096E-01,9.519977738151E+00
2,0.6610,3.223602053546E+01,1.275885851522E-01,9.505575351255E+00
2,0.6620,3.215990279319E+01,1.266792663065E-01,9.491216476102E+00
2,0.6630,3.208399057695E+01,1.257726905041E-01,9.476900915806E+00
2,0.6640,3.200828293747E+01,1.248688453517E-01,9.462628474668E+00
2,0.6650,3.193277893073E+01,1.239677185306E-01,9.448398958165E+00
2,0.6660,3.185747761882E+01,1.230692977960E-01,9.434212172942E+00
2,0.6670,3.178237806856E+01,1.221735709767E-01,9.420067926806E+00
2,0.6680,3.170747935364E+01,1.212805259742E-01,9.405966028712E+00
2,0.6690,3.163278055176E+01,1.203901507625E-01,9.391906288759E+00
2,0.6700,3.155828074708E+01,1.195024333871E-01,9.377888518178E+00
2,0.6710,3.148397902890E+01,1.185396414913E-01,9.363912529329E+00
2,0.6720,3.140987449183E+01,1.175797150475E-01,9.349978135684E+00
2,0.6730,3.133596623595E+01,1.166226412826E-01,9.336085151827E+00
2,0.6740,3.126225336637E+01,1.156684074991E-01,9.322233393442E+00
2,0.6750,3.118873499317E+01,1.147170010751E-01,9.308422677303E+00
2,0.6760,3.111541023301E+01,1.137684094629E-01,9.294652821272E+00
2,0.6770,3.104227820615E+01,1.128226201894E-01,9.280923644283E+00
2,0.6780,3.096933803860E+01,1.118796208547E-01,9.267234966342E+00
2,0.6790,3.089658886193E+01,1.109393991321E-01,9.253586608512E+00
2,0.6800,3.082402981187E+01,1.100019427676E-01,9.239978392911E+00
2,0.6810,3.075267990588E+01,1.091908734748E-01,9.226410142701E+00
2,0.6820,3.068151607091E+01,1.083821826843E-01,9.212881682082E+00
2,0.6830,3.061053747125E+01,1.075758599489E-01,9.199392836281E+00
2,0.6840,3.053974327477E+01,1.067718948823E-01,9.185943431549E+00
2,0.6850,3.046913265482E+01,1.059702771589E-01,9.172533295153E+00
2,0.6860,3.039870478928E+01,1.051709965134E-01,9.159162255364E+00
2,0.6870,3.032845886093E+01,1.043740427403E-01,9.145830141455E+00
2,0.6880,3.025839405755E+01,1.035794056933E-01,9.132536783691E+00
2,0.6890,3.018850957112E+01,1.027870752850E-01,9.119282013323E+00
2,0.6900,3.011880459799E+01,1.019970414865E-01,9.106065662579E+00
2,0.6910,3.005129497373E+01,1.012374822786E-01,9.092887564659E+00
2,0.6920,2.998395872035E+01,1.004801183286E-01,9.079747553728E+00
2,0.6930,2.991679507188E+01,9.972494013304E-02,9.066645464906E+00
2,0.6940,2.984980326637E+01,9.897193824355E-02,9.053581134265E+00
2,0.6950,2.978298254752E+01,9.822110326597E-02,9.040554398820E+00
2,0.6960,2.971633216249E+01,9.747242586017E-02,9.027565096522E+00
2,0.6970,2.964985136233E+01,9.672589673961E-02,9.014613066255E+00
2,0.6980,2.958353940337E+01,9.598150667096E-02,9.001698147822E+00
2,0.6990,2.951739554484E+01,9.523924647376E-02,8.988820181945E+00
2,0.7000,2.945141905220E+01,9.449910701998E-02,8.975979010257E+00
2,0.7010,2.938461212351E+01,9.394213535809E-02,8.963174475292E+00
2,0.7020,2.931797330324E+01,9.338675051004E-02,8.950406420484E+00
2,0.7030,2.925150185601E+01,9.283294570424E-02,8.937674690156E+00
2,0.7040,2.918519705150E+01,9.228071420755E-02,8.924979129516E+00
2,0.7050,2.911905816337E+01,9.173004932503E-02,8.912319584652E+00
2,0.7060,2.905308446907E+01,9.118094439968E-02,8.899695902521E+00
2,0.7070,2.898727524970E+01,9.063339281218E-02,8.887107930947E+00
2,0.7080,2.892162979134E+01,9.008738798057E-02,8.874555518615E+00
2,0.7090,2.885614738330E+01,8.954292336005E-02,8.862038515063E+00
2,0.7100,2.879082731905E+01,8.899999244268E-02,8.849556770675E+00
2,0.7110,2.872764139128E+01,8.849367208440E-02,8.837110136680E+00
2,0.7120,2.866461214124E+01,8.798877397431E-02,8.824698465140E+00
2,0.7130,2.860173889652E+01,8.748529212820E-02,8.812321608948E+00
2,0.7140,2.853902098701E+01,8.698322059539E-02,8.799979421820E+00
2,0.7150,2.847645774854E+01,8.648255345848E-02,8.787671758293E+00
2,0.7160,2.841404851766E+01,8.598328483312E-02,8.775398473715E+00
2,0.7170,2.835179263738E+01,8.548540886780E-02,8.763159424239E+00
2,0.7180,2.828968945264E+01,8.498891974362E-02,8.750954466824E+00
2,0.7190,2.822773831297E+01,8.449381167402E-02,8.738783459221E+00
2,0.7200,2.816593857011E+01,8.400007890461E-02,8.726646259972E+00
2,0.7210,2.810428958127E+01,8.329133361698E-02,8.714542728404E+00
2,0.7220,2.804279070567E+01,8.258455161270E-02,8.702472724625E+00
2,0.7230,2.798144130675E+01,8.187972474535E-02,8.690436109515E+00
2,0.7240,2.792024075093E+01,8.117684491356E-02,8.678432744723E+00
2,0.7250,2.785918840923E+01,8.047590406061E-02,8.666462492661E+00
2,0.7260,2.779828365422E+01,7.977689417419E-02,8.654525216501E+00
2,0.7270,2.773752586339E+01,7.907980728609E-02,8.642620780164E+00
2,0.7280,2.767691441687E+01,7.838463547186E-02,8.630749048324E+00
2,0.7290,2.761644869918E+01,7.769137085053E-02,8.618909886392E+00
2,0.7300,2.755612809707E+01,7.700000558433E-02,8.607103160520E+00
2,0.7310,2.749691749398E+01,7.639261726781E-02,8.595328737592E+00
2,0.7320,2.743784878325E+01,7.578688848221E-02,8.583586485218E+00
2,0.7330,2.737892137215E+01,7.518281243545E-02,8.571876271732E+00
2,0.7340,2.732013467080E+01,7.458038237247E-02,8.560197966185E+00
2,0.7350,2.726148809229E+01,7.397959157496E-02,8.548551438340E+00
2,0.7360,2.720298105337E+01,7.338043336115E-02,8.536936558668E+00
2,0.7370,2.714461297405E+01,7.278290108550E-02,8.525353198344E+00
2,0.7380,2.708638327662E+01,7.218698813851E-02,8.513801229241E+00
2,0.7390,2.702829138760E+01,7.159268794645E-02,8.502280523924E+00
2,0.7400,2.697033673538E+01,7.099999397113E-02,8.490790955648E+00
2,0.7410,2.691251875241E+01,7.044332579918E-02,8.479332398353E+00
2,0.7420,2.685483687327E+01,6.988815808052E-02,8.467904726657E+00
2,0.7430,2.679729053682E+01,6.933448475680E-02,8.456507815854E+00
2,0.7440,2.673987918372E+01,6.878229980222E-02,8.445141541908E+00
2,0.7450,2.668260225761E+01,6.823159722337E-02,8.433805781449E+00
2,0.7460,2.662545920574E+01,6.768237105893E-02,8.422500411769E+00
2,0.7470,2.656844947875E+01,6.713461537954E-02,8.411225310816E+00
2,0.7480,2.651157252833E+01,6.658832428753E-02,8.399980357192E+00
2,0.7490,2.645482781074E+01,6.604349191673E-02,8.388765430146E+00
2,0.7500,2.639821478484E+01,6.550011243224E-02,8.377580409573E+00
2,0.7510,2.634267889541E+01,6.489292191390E-02,8.366425176005E+00
2,0.7520,2.628727173406E+01,6.428734626396E-02,8.355299610611E+00
2,0.7530,2.623199277775E+01,6.368337904869E-02,8.344203595192E+00
2,0.7540,2.617684150480E+01,6.308101386846E-02,8.333137012175E+00
2,0.7550,2.612181739738E+01,6.248024435759E-02,8.322099744609E+00
2,0.7560,2.606691993996E+01,6.188106418404E-02,8.311091676163E+00
2,0.7570,2.601214861949E+01,6.128346704927E-02,8.300112691122E+00
2,0.7580,2.595750292587E+01,6.068744668793E-02,8.289162674379E+00
2,0.7590,2.590298235183E+01,6.009299686774E-02,8.278241511436E+00
2,0.7600,2.584858639313E+01,5.950011138917E-02,8.267349088394E+00
2,0.7610,2.579431454651E+01,5.904476839808E-02,8.256485291957E+00
2,0.7620,2.574016631300E+01,5.859062053295E-02,8.245650009422E+00
2,0.7630,2.568614119590E+01,5.813766309473E-02,8.234843128676E+00
2,0.7640,2.563223870022E+01,5.768589140896E-02,8.224064538193E+00
2,0.7650,2.557845833427E+01,5.723530082564E-02,8.213314127032E+00
2,0.7660,2.552479960847E+01,5.678588671903E-02,8.202591784830E+00
2,0.7670,2.547126203713E+01,5.633764448755E-02,8.191897401799E+00
2,0.7680,2.541784513497E+01,5.589056955354E-02,8.181230868723E+00
2,0.7690,2.536454842024E+01,5.544465736318E-02,8.170592076957E+00
2,0.7700,2.531137141415E+01,5.499990338630E-02,8.159980918415E+00
2,0.7710,2.525924124864E+01,5.464586499241E-02,8.149397285577E+00
2,0.7720,2.520722805929E+01,5.429274379642E-02,8.138841071476E+00
2,0.7730,2.515533138288E+01,5.394053623872E-02,8.128312169702E+00
2,0.7740,2.510355075835E+01,5.358923877807E-02,8.117810474392E+00
2,0.7750,2.505188572703E+01,5.323884789151E-02,8.107335880232E+00
2,0.7760,2.500033583251E+01,5.288936007425E-02,8.096888282448E+00
2,0.7770,2.494890062038E+01,5.254077183952E-02,8.086467576808E+00
2,0.7780,2.489757963947E+01,5.219307971851E-02,8.076073659614E+00
2,0.7790,2.484637243979E+01,5.184628026020E-02,8.065706427702E+00
2,0.7800,2.479527857404E+01,5.150037003127E-02,8.055365778435E+00
2,0.7810,2.474429759798E+01,5.098446871980E-02,8.045051609705E+00
2,0.7820,2.469342906865E+01,5.046988684902E-02,8.034763819923E+00
2,0.7830,2.464267254514E+01,4.995661936360E-02,8.024502308020E+00
2,0.7840,2.459202759010E+01,4.944466123402E-02,8.014266973443E+00
2,0.7850,2.454149376677E+01,4.893400745635E-02,8.004057716152E+00
2,0.7860,2.449107064191E+01,4.842465305217E-02,7.993874436615E+00
2,0.7870,2.444075778318E+01,4.791659306833E-02,7.983717035806E+00
2,0.7880,2.439055476203E+01,4.740982257684E-02,7.973585415203E+00
2,0.7890,2.434046115122E+01,4.690433667467E-02,7.963479476780E+00
2,0.7900,2.429047652419E+01,4.640013048365E-02,7.953399123012E+00
2,0.7910,2.424060045947E+01,4.600570523281E-02,7.943344256864E+00
2,0.7920,2.419083253511E+01,4.561227600532E-02,7.933314781792E+00
2,0.7930,2.414117233289E+01,4.521983903314E-02,7.923310601740E+00
2,0.7940,2.409161943568E+01,4.482839056719E-02,7.913331621133E+00
2,0.7950,2.404217342921E+01,4.443792687725E-02,7.903377744880E+00
2,0.7960,2.399283390052E+01,4.404844425186E-02,7.893448878366E+00
2,0.7970,2.394360043928E+01,4.365993899817E-02,7.883544927452E+00
2,0.7980,2.389447263729E+01,4.327240744187E-02,7.873665798471E+00
2,0.7990,2.384545008722E+01,4.288584592700E-02,7.863811398222E+00
2,0.8000,2.379653238553E+01,4.250025081593E-02,7.853981633974E+00
2,0.8010,2.374862113392E+01,4.212103097087E-02,7.844176413458E+00
2,0.8020,2.370081229742E+01,4.174275681122E-02,7.834395644862E+00
2,0.8030,2.365310548381E+01,4.136542480389E-02,7.824639236836E+00
2,0.8040,2.360550030582E+01,4.098903143340E-02,7.814907098482E+00
2,0.8050,2.355799637550E+01,4.061357320171E-02,7.805199139354E+00
2,0.8060,2.351059330726E+01,4.023904662817E-02,7.795515269454E+00
2,0.8070,2.346329071824E+01,3.986544824936E-02,7.785855399231E+00
2,0.8080,2.341608822670E+01,3.949277461901E-02,7.776219439579E+00
2,0.8090,2.336898545380E+01,3.912102230790E-02,7.766607301829E+00
2,0.8100,2.332198202103E+01,3.875018790372E-02,7.757018897753E+00
2,0.8110,2.327507755265E+01,3.840637693148E-02,7.747454139556E+00
2,0.8120,2.322827167479E+01,3.806341278429E-02,7.737912939876E+00
2,0.8130,2.318156401543E+01,3.772129233734E-02,7.728395211783E+00
2,0.8140,2.313495420393E+01,3.738001248116E-02,7.718900868771E+00
2,0.8150,2.308844187102E+01,3.703957012157E-02,7.709429824760E+00
2,0.8160,2.304202665099E+01,3.669996217952E-02,7.699981994093E+00
2,0.8170,2.299570817848E+01,3.636118559107E-02,7.690557291529E+00
2,0.8180,2.294948608980E+01,3.602323730723E-02,7.681155632249E+00
2,0.8190,2.290336002365E+01,3.568611429393E-02,7.671776931843E+00
2,0.8200,2.285732961999E+01,3.534981353188E-02,7.662421106317E+00
2,0.8210,2.281139452078E+01,3.504655151729E-02,7.653088072082E+00
2,0.8220,2.276555437023E+01,3.474402736649E-02,7.643777745961E+00
2,0.8230,2.271980881330E+01,3.444223838981E-02,7.634490045176E+00
2,0.8240,2.267415749713E+01,3.414118191064E-02,7.625224887354E+00
2,0.8250,2.262860007036E+01,3.384085526536E-02,7.615982190521E+00
2,0.8260,2.258313618368E+01,3.354125580324E-02,7.606761873099E+00
2,0.8270,2.253776548900E+01,3.324238088638E-02,7.597563853905E+00
2,0.8280,2.249248764023E+01,3.294422788960E-02,7.588388052149E+00
2,0.8290,2.244730229257E+01,3.264679420042E-02,7.579234387430E+00
2,0.8300,2.240220910333E+01,3.235007721892E-02,7.570102779734E+00
2,0.8310,2.235720773110E+01,3.206201340052E-02,7.560993149434E+00
2,0.8320,2.231229783611E+01,3.177464204322E-02,7.551905417283E+00
2,0.8330,2.226747908018E+01,3.148796065316E-02,7.542839504417E+00
2,0.8340,2.222275112786E+01,3.120196674846E-02,7.533795332350E+00
2,0.8350,2.217811364295E+01,3.091665785909E-02,7.524772822970E+00
2,0.8360,2.213356629277E+01,3.063203152688E-02,7.515771898540E+00
2,0.8370,2.208910874567E+01,3.034808530538E-02,7.506792481696E+00
2,0.8380,2.204474067094E+01,3.006481675982E-02,7.497834495441E+00
2,0.8390,2.200046174121E+01,2.978222346705E-02,7.488897863146E+00
2,0.8400,2.195627162839E+01,2.950030301546E-02,7.479982508547E+00
2,0.8410,2.191304117821E+01,2.921725994369E-02,7.471088355743E+00
2,0.8420,2.186989744329E+01,2.893488918325E-02,7.462215329192E+00
2,0.8430,2.182684010758E+01,2.865318834158E-02,7.453363353712E+00
2,0.8440,2.178386885650E+01,2.837215503745E-02,7.444532354478E+00
2,0.8450,2.174098337743E+01,2.809178690090E-02,7.435722257017E+00
2,0.8460,2.169818335887E+01,2.781208157318E-02,7.426932987210E+00
2,0.8470,2.165546849013E+01,2.753303670669E-02,7.418164471286E+00
2,0.8480,2.161283846333E+01,2.725464996489E-02,7.409416635825E+00
2,0.8490,2.157029297106E+01,2.697691902224E-02,7.400689407750E+00
2,0.8500,2.152783170760E+01,2.669984156416E-02,7.391982714329E+00
2,0.8510,2.148545436899E+01,2.642193862764E-02,7.383296483172E+00
2,0.8520,2.144316065163E+01,2.614468804544E-02,7.374630642230E+00
2,0.8530,2.140095025462E+01,2.586808752323E-02,7.365985119788E+00
2,0.8540,2.135882287780E+01,2.559213477741E-02,7.357359844473E+00
2,0.8550,2.131677822233E+01,2.531682753509E-02,7.348754745239E+00
2,0.8560,2.127481599046E+01,2.504216353399E-02,7.340169751378E+00
2,0.8570,2.123293588785E+01,2.476814052239E-02,7.331604792508E+00
2,0.8580,2.119113761800E+01,2.449475625907E-02,7.323059798578E+00
2,0.8590,2.114942088786E+01,2.422200851324E-02,7.314534699860E+00
2,0.8600,2.110778540704E+01,2.394989506449E-02,7.306029426953E+00
2,0.8610,2.106708787303E+01,2.370738495207E-02,7.297543910778E+00
2,0.8620,2.102646962793E+01,2.346543750811E-02,7.289078082575E+00
2,0.8630,2.098593039019E+01,2.322405077666E-02,7.280631873904E+00
2,0.8640,2.094546987925E+01,2.298322281078E-02,7.272205216643E+00
2,0.8650,2.090508781589E+01,2.274295167258E-02,7.263798042982E+00
2,0.8660,2.086478392215E+01,2.250323543307E-02,7.255410285427E+00
2,0.8670,2.082455792103E+01,2.226407217221E-02,7.247041876793E+00
2,0.8680,2.078440953808E+01,2.202545997876E-02,7.238692750207E+00
2,0.8690,2.074433849827E+01,2.178739695032E-02,7.230362839102E+00
2,0.8700,2.070434452855E+01,2.154988119321E-02,7.222052077218E+00
2,0.8710,2.066357720654E+01,2.130742836455E-02,7.213760398599E+00
2,0.8720,2.062288775140E+01,2.106553162036E-02,7.205487737591E+00
2,0.8730,2.058227589008E+01,2.082418904969E-02,7.197234028843E+00
2,0.8740,2.054174134741E+01,2.058339875036E-02,7.188999207299E+00
2,0.8750,2.050128385111E+01,2.034315882885E-02,7.180783208205E+00
2,0.8760,2.046090312933E+01,2.010346740031E-02,7.172585967100E+00
2,0.8770,2.042059891290E+01,1.986432258848E-02,7.164407419817E+00
2,0.8780,2.038037093253E+01,1.962572252566E-02,7.156247502482E+00
2,0.8790,2.034021891988E+01,1.938766535262E-02,7.148106151513E+00
2,0.8800,2.030014260892E+01,1.915014921862E-02,7.139983303613E+00
2,0.8810,2.026098530533E+01,1.894811848788E-02,7.131878895777E+00
2,0.8820,2.022190187375E+01,1.874654587671E-02,7.123792865283E+00
2,0.8830,2.018289205586E+01,1.854542982864E-02,7.115725149694E+00
2,0.8840,2.014395559580E+01,1.834476879426E-02,7.107675686855E+00
2,0.8850,2.010509223855E+01,1.814456123114E-02,7.099644414892E+00
2,0.8860,2.006630173043E+01,1.794480560383E-02,7.091631272212E+00
2,0.8870,2.002758381845E+01,1.774550038380E-02,7.083636197497E+00
2,0.8880,1.998893825164E+01,1.754664404939E-02,7.075659129707E+00
2,0.8890,1.995036477889E+01,1.734823508582E-02,7.067700008076E+00
2,0.8900,1.991186315096E+01,1.715027198509E-02,7.059758772112E+00
2,0.8910,1.987343312032E+01,1.694824007135E-02,7.051835361593E+00
2,0.8920,1.983507443849E+01,1.674666114395E-02,7.043929716569E+00
2,0.8930,1.979678686001E+01,1.654553368113E-02,7.036041777357E+00
2,0.8940,1.975857014073E+01,1.634485616788E-02,7.028171484541E+00
2,0.8950,1.972042403627E+01,1.614462709600E-02,7.020318778972E+00
2,0.8960,1.968234830308E+01,1.594484496402E-02,7.012483601763E+00
2,0.8970,1.964434270057E+01,1.574550827714E-02,7.004665894292E+00
2,0.8980,1.960640698717E+01,1.554661554725E-02,6.996865598196E+00
2,0.8990,1.956854092433E+01,1.534816529285E-02,6.989082655372E+00
2,0.9000,1.953074427216E+01,1.515015603901E-02,6.981317007977E+00
2,0.9010,1.949301679441E+01,1.498856993134E-02,6.973568598424E+00
2,0.9020,1.945535825338E+01,1.482734210771E-02,6.965837369379E+00
2,0.9030,1.941776841477E+01,1.466647137783E-02,6.958123263765E+00
2,0.9040,1.938024704365E+01,1.450595655664E-02,6.950426224756E+00
2,0.9050,1.934279390668E+01,1.434579646434E-02,6.942746195779E+00
2,0.9060,1.930540877174E+01,1.418598992632E-02,6.935083120507E+00
2,0.9070,1.926809140746E+01,1.402653577318E-02,6.927436942866E+00
2,0.9080,1.923084158279E+01,1.386743284063E-02,6.919807607026E+00
2,0.9090,1.919365907022E+01,1.370867996955E-02,6.912195057403E+00
2,0.9100,1.915654363923E+01,1.355027600587E-02,6.904599238659E+00
2,0.9110,1.911949506384E+01,1.339373714504E-02,6.897020095697E+00
2,0.9120,1.908251311731E+01,1.323754157119E-02,6.889457573662E+00
2,0.9130,1.904559757433E+01,1.308168815631E-02,6.881911617940E+00
2,0.9140,1.900874821045E+01,1.292617577735E-02,6.874382174157E+00
2,0.9150,1.897196480252E+01,1.277100331617E-02,6.866869188174E+00
2,0.9160,1.893524712745E+01,1.261616965948E-02,6.859372606091E+00
2,0.9170,1.889859496463E+01,1.246167369888E-02,6.851892374242E+00
2,0.9180,1.886200809300E+01,1.230751433079E-02,6.844428439193E+00
2,0.9190,1.882548629288E+01,1.215369045643E-02,6.836980747747E+00
2,0.9200,1.878902934589E+01,1.200020098179E-02,6.829549246934E+00
2,0.9210,1.875345588300E+01,1.184363375069E-02,6.822133884017E+00
2,0.9220,1.871794566792E+01,1.168740614481E-02,6.814734606485E+00
2,0.9230,1.868249848999E+01,1.153151706030E-02,6.807351362058E+00
2,0.9240,1.864711413906E+01,1.137596539804E-02,6.799984098679E+00
2,0.9250,1.861179240607E+01,1.122075006371E-02,6.792632764518E+00
2,0.9260,1.857653308345E+01,1.106586996767E-02,6.785297307969E+00
2,0.9270,1.854133596354E+01,1.091132402503E-02,6.777977677648E+00
2,0.9280,1.850620083933E+01,1.075711115554E-02,6.770673822392E+00
2,0.9290,1.847112750641E+01,1.060323028361E-02,6.763385691259E+00
2,0.9300,1.843611575954E+01,1.044968033830E-02,6.756113233526E+00
2,0.9310,1.840035235657E+01,1.031846152508E-02,6.748856398689E+00
2,0.9320,1.836465127228E+01,1.018752429731E-02,6.741615136459E+00
2,0.9330,1.832901229845E+01,1.005686774955E-02,6.734389396763E+00
2,0.9340,1.829343522877E+01,9.926490980266E-03,6.727179129743E+00
2,0.9350,1.825791985955E+01,9.796393091771E-03,6.719984285754E+00
2,0.9360,1.822246598481E+01,9.666573190219E-03,6.712804815363E+00
2,0.9370,1.818707340302E+01,9.537030385574E-03,6.705640669349E+00
2,0.9380,1.815174191021E+01,9.407763791601E-03,6.698491798699E+00
2,0.9390,1.811647130578E+01,9.278772525836E-03,6.691358154611E+00
2,0.9400,1.808126138860E+01,9.150055709572E-03,6.684239688489E+00
2,0.9410,1.804691940965E+01,9.013733446944E-03,6.677136351944E+00
2,0.9420,1.801263661191E+01,8.877700615870E-03,6.670048096794E+00
2,0.9430,1.797841280254E+01,8.741956295573E-03,6.662974875058E+00
2,0.9440,1.794424778926E+01,8.606499569175E-03,6.655916638961E+00
2,0.9450,1.791014137839E+01,8.471329523680E-03,6.648873340931E+00
2,0.9460,1.787609338053E+01,8.336445249951E-03,6.641844933594E+00
2,0.9470,1.784210360399E+01,8.201845842692E-03,6.634831369778E+00
2,0.9480,1.780817186072E+01,8.067530400427E-03,6.627832602510E+00
2,0.9490,1.777429796026E+01,7.933498025480E-03,6.620848585015E+00
2,0.9500,1.774048171629E+01,7.799747823955E-03,6.613879270715E+00
2,0.9510,1.770672293993E+01,7.688742449398E-03,6.606924613228E+00
2,0.9520,1.767302144527E+01,7.577970279409E-03,6.599984566365E+00
2,0.9530,1.763937704788E+01,7.467430579872E-03,6.593059084134E+00
2,0.9540,1.760578956179E+01,7.357122619746E-03,6.586148120733E+00
2,0.9550,1.757225880295E+01,7.247045671056E-03,6.579251630555E+00
2,0.9560,1.753878458823E+01,7.137199008869E-03,6.572369568179E+00
2,0.9570,1.750536673533E+01,7.027581911284E-03,6.565501888380E+00
2,0.9580,1.747200506216E+01,6.918193659415E-03,6.558648546116E+00
2,0.9590,1.743869938714E+01,6.809033537372E-03,6.551809496538E+00
2,0.9600,1.740544953028E+01,6.700100832250E-03,6.544984694979E+00
2,0.9610,1.737225531296E+01,6.594108176361E-03,6.538174096961E+00
2,0.9620,1.733911655536E+01,6.488335879423E-03,6.531377658191E+00
2,0.9630,1.730603308015E+01,6.382783254962E-03,6.524595334558E+00
2,0.9640,1.727300470906E+01,6.277449619347E-03,6.517827082136E+00
2,0.9650,1.724003126581E+01,6.172334291786E-03,6.511072857181E+00
2,0.9660,1.720711257534E+01,6.067436594303E-03,6.504332616128E+00
2,0.9670,1.717424846129E+01,5.962755851726E-03,6.497606315594E+00
2,0.9680,1.714143875012E+01,5.858291391675E-03,6.490893912376E+00
2,0.9690,1.710868326760E+01,5.754042544545E-03,6.484195363446E+00
2,0.9700,1.707598184109E+01,5.650008643492E-03,6.477510625958E+00
2,0.9710,1.704333429839E+01,5.564216783703E-03,6.470839657240E+00
2,0.9720,1.701074046697E+01,5.478601450375E-03,6.464182414794E+00
2,0.9730,1.697820017734E+01,5.393162099232E-03,6.457538856300E+00
2,0.9740,1.694571325860E+01,5.307898188236E-03,6.450908939609E+00
2,0.9750,1.691327954089E+01,5.222809177569E-03,6.444292622748E+00
2,0.9760,1.688089885637E+01,5.137894529630E-03,6.437689863914E+00
2,0.9770,1.684857103589E+01,5.053153709015E-03,6.431100621473E+00
2,0.9780,1.681629591272E+01,4.968586182511E-03,6.424524853967E+00
2,0.9790,1.678407331991E+01,4.884191419085E-03,6.417962520102E+00
2,0.9800,1.675190309209E+01,4.799968889870E-03,6.411413578755E+00
2,0.9810,1.671978506328E+01,4.714195155978E-03,6.404877988970E+00
2,0.9820,1.668771906855E+01,4.628596114007E-03,6.398355709959E+00
2,0.9830,1.665570494436E+01,4.543171230820E-03,6.391846701098E+00
2,0.9840,1.662374252695E+01,4.457919975444E-03,6.385350921930E+00
2,0.9850,1.659183165394E+01,4.372841819064E-03,6.378868332162E+00
2,0.9860,1.655997216357E+01,4.287936235009E-03,6.372398891663E+00
2,0.9870,1.652816389401E+01,4.203202698743E-03,6.365942560466E+00
2,0.9880,1.649640668417E+01,4.118640687855E-03,6.359499298765E+00
2,0.9890,1.646470037507E+01,4.034249682044E-03,6.353069066916E+00
2,0.9900,1.643304480593E+01,3.950029163114E-03,6.346651825434E+00
2,0.9910,1.640222124804E+01,3.874347741704E-03,6.340247534995E+00
2,0.9920,1.637144713803E+01,3.798818903806E-03,6.333856156431E+00
2,0.9930,1.634072232246E+01,3.723442188441E-03,6.327477650735E+00
2,0.9940,1.631004664691E+01,3.648217136487E-03,6.321111979054E+00
2,0.9950,1.627941996075E+01,3.573143290668E-03,6.314759102693E+00
2,0.9960,1.624884211207E+01,3.498220195543E-03,6.308418983112E+00
2,0.9970,1.621831294947E+01,3.423447397500E-03,6.302091581925E+00
2,0.9980,1.618783232242E+01,3.348824444743E-03,6.295776860901E+00
2,0.9990,1.615740008074E+01,3.274350887287E-03,6.289474781962E+00
2,1.0000,1.612701607569E+01,3.200026276947E-03,6.283185307180E+00
2,1.0010,1.609590358562E+01,3.134945407595E-03,6.276908398781E+00
2,1.0020,1.606483998471E+01,3.069994440179E-03,6.270644019141E+00
2,1.0030,1.603382512300E+01,3.005172986158E-03,6.264392130787E+00
2,1.0040,1.600285884956E+01,2.940480658538E-03,6.258152696394E+00
2,1.0050,1.597194101435E+01,2.875917071870E-03,6.251925678786E+00
2,1.0060,1.594107146707E+01,2.811481842232E-03,6.245711040934E+00
2,1.0070,1.591025005983E+01,2.747174587232E-03,6.239508745958E+00
2,1.0080,1.587947664341E+01,2.682994925991E-03,6.233318757123E+00
2,1.0090,1.584875107073E+01,2.618942479143E-03,6.227141037839E+00
2,1.0100,1.581807319493E+01,2.555016868823E-03,6.220975551663E+00
2,1.0110,1.578821478043E+01,2.498513919999E-03,6.214822262294E+00
2,1.0120,1.575840284443E+01,2.442122637081E-03,6.208681133577E+00
2,1.0130,1.572863724556E+01,2.385842689371E-03,6.202552129496E+00
2,1.0140,1.569891784280E+01,2.329673747476E-03,6.196435214181E+00
2,1.0150,1.566924449527E+01,2.273615483298E-03,6.190330351901E+00
2,1.0160,1.563961706380E+01,2.217667570034E-03,6.184237507067E+00
2,1.0170,1.561003540795E+01,2.161829682165E-03,6.178156644228E+00
2,1.0180,1.558049938923E+01,2.106101495451E-03,6.172087728074E+00
2,1.0190,1.555100886922E+01,2.050482686924E-03,6.166030723434E+00
2,1.0200,1.552156371097E+01,1.994972934885E-03,6.159985595274E+00
2,1.0210,1.549216377643E+01,1.946045876722E-03,6.153952308697E+00
2,1.0220,1.546280892872E+01,1.897214566227E-03,6.147930828943E+00
2,1.0230,1.543349903230E+01,1.848478722614E-03,6.141921121388E+00
2,1.0240,1.540423395144E+01,1.799838066196E-03,6.135923151543E+00
2,1.0250,1.537501355080E+01,1.751292318375E-03,6.129936885053E+00
2,1.0260,1.534583769636E+01,1.702841201642E-03,6.123962287699E+00
2,1.0270,1.531670625350E+01,1.654484439567E-03,6.117999325394E+00
2,1.0280,1.528761908986E+01,1.606221756795E-03,6.112047964182E+00
2,1.0290,1.525857607115E+01,1.558052879044E-03,6.106108170243E+00
2,1.0300,1.522957706556E+01,1.509977533093E-03,6.100179909883E+00
2,1.0310,1.520062194153E+01,1.471648759615E-03,6.094263149544E+00
2,1.0320,1.517171056708E+01,1.433394266705E-03,6.088357855794E+00
2,1.0330,1.514284281214E+01,1.395213838642E-03,6.082463995334E+00
2,1.0340,1.511401854551E+01,1.357107260535E-03,6.076581534990E+00
2,1.0350,1.508523763821E+01,1.319074318329E-03,6.070710441719E+00
2,1.0360,1.505649995992E+01,1.281114798791E-03,6.064850682606E+00
2,1.0370,1.502780538270E+01,1.243228489512E-03,6.059002224860E+00
2,1.0380,1.499915377829E+01,1.205415178903E-03,6.053165035818E+00
2,1.0390,1.497054501814E+01,1.167674656187E-03,6.047339082945E+00
2,1.0400,1.494197897573E+01,1.130006711399E-03,6.041524333827E+00
2,1.0410,1.491345552510E+01,1.098235605911E-03,6.035720756176E+00
2,1.0420,1.488497453752E+01,1.066525481431E-03,6.029928317831E+00
2,1.0430,1.485653588935E+01,1.034876162560E-03,6.024146986749E+00
2,1.0440,1.482813945432E+01,1.003287474567E-03,6.018376731015E+00
2,1.0450,1.479978510763E+01,9.717592433936E-04,6.012617518832E+00
2,1.0460,1.477147272601E+01,9.402912956450E-04,6.006869318527E+00
2,1.0470,1.474320218496E+01,9.088834585892E-04,6.001132098548E+00
2,1.0480,1.471497336000E+01,8.775355601539E-04,5.995405827461E+00
2,1.0490,1.468678613079E+01,8.462474289223E-04,5.989690473956E+00
2,1.0500,1.465864037334E+01,8.150188941313E-04,5.983986006838E+00
2,1.0510,1.463053596543E+01,7.887944313071E-04,5.978292395033E+00
2,1.0520,1.460247278625E+01,7.626198248760E-04,5.972609607585E+00
2,1.0530,1.457445071583E+01,7.364949327972E-04,5.966937613656E+00
2,1.0540,1.454646963169E+01,7.104196135686E-04,5.961276382523E+00
2,1.0550,1.451852941618E+01,6.843937262248E-04,5.955625883583E+00
2,1.0560,1.449062994811E+01,6.584171303343E-04,5.949986086344E+00
2,1.0570,1.446277110938E+01,6.324896859971E-04,5.944356960435E+00
2,1.0580,1.443495278043E+01,6.066112538419E-04,5.938738475595E+00
2,1.0590,1.440717484403E+01,5.807816950242E-04,5.933130601680E+00
2,1.0600,1.437943718208E+01,5.550008712231E-04,5.927533308660E+00
2,1.0610,1.435173967821E+01,5.393691167034E-04,5.921946566616E+00
2,1.0620,1.432408221468E+01,5.237668005161E-04,5.916370345743E+00
2,1.0630,1.429646467640E+01,5.081938395803E-04,5.910804616350E+00
2,1.0640,1.426888694639E+01,4.926501511275E-04,5.905249348853E+00
2,1.0650,1.424134890941E+01,4.771356527000E-04,5.899704513784E+00
2,1.0660,1.421385045263E+01,4.616502621494E-04,5.894170081782E+00
2,1.0670,1.418639145863E+01,4.461938976355E-04,5.888646023598E+00
2,1.0680,1.415897181525E+01,4.307664776244E-04,5.883132310093E+00
2,1.0690,1.413159140836E+01,4.153679208874E-04,5.877628912235E+00
2,1.0700,1.410425012595E+01,3.999981464995E-04,5.872135801102E+00
2,1.0710,1.407694785305E+01,3.909226591861E-04,5.866652947880E+00
2,1.0720,1.404968448006E+01,3.818641037520E-04,5.861180323862E+00
2,1.0730,1.402245989413E+01,3.728224328574E-04,5.855717900447E+00
2,1.0740,1.399527398392E+01,3.637975993388E-04,5.850265649143E+00
2,1.0750,1.396812663788E+01,3.547895562081E-04,5.844823541562E+00
2,1.0760,1.394101774713E+01,3.457982566521E-04,5.839391549423E+00
2,1.0770,1.391394720028E+01,3.368236540311E-04,5.833969644549E+00
2,1.0780,1.388691488881E+01,3.278657018788E-04,5.828557798868E+00
2,1.0790,1.385992070246E+01,3.189243539010E-04,5.823155984411E+00
2,1.0800,1.383296453397E+01,3.099995639751E-04,5.817764173314E+00
2,1.0810,1.380678828187E+01,3.024374338983E-04,5.812382337816E+00
2,1.0820,1.378064904398E+01,2.948892818808E-04,5.807010450258E+00
2,1.0830,1.375454671439E+01,2.873550692023E-04,5.801648483084E+00
2,1.0840,1.372848118938E+01,2.798347572851E-04,5.796296408837E+00
2,1.0850,1.370245236471E+01,2.723283076941E-04,5.790954200166E+00
2,1.0860,1.367646013754E+01,2.648356821354E-04,5.785621829815E+00
2,1.0870,1.365050440556E+01,2.573568424564E-04,5.780299270634E+00
2,1.0880,1.362458506531E+01,2.498917506444E-04,5.774986495569E+00
2,1.0890,1.359870201441E+01,2.424403688265E-04,5.769683477667E+00
2,1.0900,1.357285515144E+01,2.350026592689E-04,5.764390190073E+00
2,1.0910,1.354630629773E+01,2.289527072121E-04,5.759106606031E+00
2,1.0920,1.351979419811E+01,2.229138356536E-04,5.753832698882E+00
2,1.0930,1.349331875005E+01,2.168860141802E-04,5.748568442067E+00
2,1.0940,1.346687985151E+01,2.108692124902E-04,5.743313809122E+00
2,1.0950,1.344047739875E+01,2.048634003923E-04,5.738068773680E+00
2,1.0960,1.341411128970E+01,1.988685478055E-04,5.732833309470E+00
2,1.0970,1.338778142362E+01,1.928846247586E-04,5.727607390319E+00
2,1.0980,1.336148769872E+01,1.869116013893E-04,5.722390990145E+00
2,1.0990,1.333523001440E+01,1.809494479443E-04,5.717184082966E+00
2,1.1000,1.330900827014E+01,1.749981347782E-04,5.711986642891E+00
2,1.1010,1.328355667119E+01,1.709654151404E-04,5.706798644123E+00
2,1.1020,1.325814006205E+01,1.669400144129E-04,5.701620060962E+00
2,1.1030,1.323275834463E+01,1.629219126895E-04,5.696450867797E+00
2,1.1040,1.320741142322E+01,1.589110901359E-04,5.691291039112E+00
2,1.1050,1.318209920166E+01,1.549075269896E-04,5.686140549484E+00
2,1.1060,1.315682158345E+01,1.509112035597E-04,5.680999373580E+00
2,1.1070,1.313157847641E+01,1.469221002263E-04,5.675867486160E+00
2,1.1080,1.310636978248E+01,1.429401974404E-04,5.670744862075E+00
2,1.1090,1.308119540951E+01,1.389654757236E-04,5.665631476267E+00
2,1.1100,1.305605526216E+01,1.349979156675E-04,5.660527303765E+00
2,1.1110,1.303021869606E+01,1.314695729630E-04,5.655432319694E+00
2,1.1120,1.300441690469E+01,1.279475761986E-04,5.650346499262E+00
2,1.1130,1.297864979136E+01,1.244319082694E-04,5.645269817771E+00
2,1.1140,1.295291726272E+01,1.209225521317E-04,5.640202250610E+00
2,1.1150,1.292721922307E+01,1.174194908033E-04,5.635143773255E+00
2,1.1160,1.290155557871E+01,1.139227073626E-04,5.630094361272E+00
2,1.1170,1.287592623557E+01,1.104321849486E-04,5.625053990313E+00
2,1.1180,1.285033110005E+01,1.069479067608E-04,5.620022636118E+00
2,1.1190,1.282477008094E+01,1.034698560586E-04,5.615000274513E+00
2,1.1200,1.279924308300E+01,9.999801616114E-05,5.609986881410E+00
2,1.1210,1.277447696226E+01,9.747793098372E-05,5.604982432810E+00
2,1.1220,1.274974395988E+01,9.496233793674E-05,5.599986904795E+00
2,1.1230,1.272504398764E+01,9.245122501986E-05,5.595000273535E+00
2,1.1240,1.270037695725E+01,8.994458027543E-05,5.590022515284E+00
2,1.1250,1.267574277942E+01,8.744239178832E-05,5.585053606382E+00
2,1.1260,1.265114136484E+01,8.494464768573E-05,5.580093523250E+00
2,1.1270,1.262657262761E+01,8.245133613701E-05,5.575142242395E+00
2,1.1280,1.260203648010E+01,7.996244535344E-05,5.570199740407E+00
2,1.1290,1.257753283460E+01,7.747796358810E-05,5.565265993959E+00
2,1.1300,1.255306160432E+01,7.499787913561E-05,5.560340979805E+00
2,1.1310,1.252789935150E+01,7.247818136859E-05,5.555424674783E+00
2,1.1320,1.250277004591E+01,6.996293536442E-05,5.550517055812E+00
2,1.1330,1.247767359982E+01,6.745212933554E-05,5.545618099894E+00
2,1.1340,1.245260992549E+01,6.494575153599E-05,5.540727784109E+00
2,1.1350,1.242757893604E+01,6.244379026119E-05,5.535846085621E+00
2,1.1360,1.240258054455E+01,5.994623384780E-05,5.530972981672E+00
2,1.1370,1.237761466488E+01,5.745307067347E-05,5.526108449586E+00
2,1.1380,1.235268121079E+01,5.496428915675E-05,5.521252466766E+00
2,1.1390,1.232778009773E+01,5.247987775683E-05,5.516405010693E+00
2,1.1400,1.230291123856E+01,4.999982497339E-05,5.511566058929E+00
2,1.1410,1.227879444704E+01,4.838724508270E-05,5.506735589114E+00
2,1.1420,1.225470905113E+01,4.677748932491E-05,5.501913578966E+00
2,1.1430,1.223065496876E+01,4.517055028761E-05,5.497100006281E+00
2,1.1440,1.220663211732E+01,4.356642058429E-05,5.492294848933E+00
2,1.1450,1.218264041625E+01,4.196509285426E-05,5.487498084873E+00
2,1.1460,1.215867978466E+01,4.036655976249E-05,5.482709692129E+00
2,1.1470,1.213475014033E+01,3.877081399957E-05,5.477929648805E+00
2,1.1480,1.211085140357E+01,3.717784828153E-05,5.473157933083E+00
2,1.1490,1.208698349580E+01,3.558765534977E-05,5.468394523220E+00
2,1.1500,1.206314633448E+01,3.400022797094E-05,5.463639397547E+00
2,1.1510,1.203933984287E+01,3.269003205344E-05,5.458892534474E+00
2,1.1520,1.201556394034E+01,3.138211078164E-05,5.454153912482E+00
2,1.1530,1.199181854801E+01,3.007645823711E-05,5.449423510130E+00
2,1.1540,1.196810358809E+01,2.877306852194E-05,5.444701306048E+00
2,1.1550,1.194441898254E+01,2.747193575866E-05,5.439987278943E+00
2,1.1560,1.192076465335E+01,2.617305409013E-05,5.435281407595E+00
2,1.1570,1.189714052314E+01,2.487641767945E-05,5.430583670855E+00
2,1.1580,1.187354651471E+01,2.358202070990E-05,5.425894047651E+00
2,1.1590,1.184998255180E+01,2.228985738481E-05,5.421212516980E+00
2,1.1600,1.182644855759E+01,2.099992192753E-05,5.416539057913E+00
2,1.1610,1.180294445600E+01,1.999216480518E-05,5.411873649595E+00
2,1.1620,1.177947017109E+01,1.898614220455E-05,5.407216271239E+00
2,1.1630,1.175602562864E+01,1.798184965139E-05,5.402566902132E+00
2,1.1640,1.173261075273E+01,1.697928268680E-05,5.397925521632E+00
2,1.1650,1.170922546710E+01,1.597843686722E-05,5.393292109167E+00
2,1.1660,1.168586970015E+01,1.497930776431E-05,5.388666644236E+00
2,1.1670,1.166254337597E+01,1.398189096492E-05,5.384049106409E+00
2,1.1680,1.163924642098E+01,1.298618207101E-05,5.379439475325E+00
2,1.1690,1.161597876241E+01,1.199217669959E-05,5.374837730693E+00
2,1.1700,1.159274032676E+01,1.099987048265E-05,5.370243852290E+00
2,1.1710,1.156953104127E+01,1.021892751207E-05,5.365657819965E+00
2,1.1720,1.154635083350E+01,9.439317208681E-06,5.361079613634E+00
2,1.1730,1.152319963091E+01,8.661036164121E-06,5.356509213282E+00
2,1.1740,1.150007736120E+01,7.884080981646E-06,5.351946598960E+00
2,1.1750,1.147698395489E+01,7.108448276079E-06,5.347391750791E+00
2,1.1760,1.145391934029E+01,6.334134673751E-06,5.342844648962E+00
2,1.1770,1.143088344481E+01,5.561136812465E-06,5.338305273729E+00
2,1.1780,1.140787619934E+01,4.789451341435E-06,5.333773605416E+00
2,1.1790,1.138489753385E+01,4.019074921247E-06,5.329249624410E+00
2,1.1800,1.136194737741E+01,3.250004223805E-06,5.324733311169E+00
2,1.1810,1.133902566181E+01,3.103898861971E-06,5.320224646215E+00
2,1.1820,1.131613231655E+01,2.958040717332E-06,5.315723610135E+00
2,1.1830,1.129326727418E+01,2.812429162962E-06,5.311230183584E+00
2,1.1840,1.127043046505E+01,2.667063574056E-06,5.306744347280E+00
2,1.1850,1.124762182201E+01,2.521943327916E-06,5.302266082008E+00
2,1.1860,1.122484127533E+01,2.377067803945E-06,5.297795368617E+00
2,1.1870,1.120208875915E+01,2.232436383636E-06,5.293332188020E+00
2,1.1880,1.117936420535E+01,2.088048450568E-06,5.288876521195E+00
2,1.1890,1.115666754746E+01,1.943903390389E-06,5.284428349184E+00
2,1.1900,1.113399871840E+01,1.800000590816E-06,5.279987653092E+00
2,1.1910,1.111135765247E+01,1.729469176907E-06,5.275554414089E+00
2,1.1920,1.108874428277E+01,1.659056104298E-06,5.271128613406E+00
2,1.1930,1.106615854429E+01,1.588761075397E-06,5.266710232338E+00
2,1.1940,1.104360037174E+01,1.518583793614E-06,5.262299252244E+00
2,1.1950,1.102106970039E+01,1.448523963348E-06,5.257895654544E+00
2,1.1960,1.099856646412E+01,1.378581289990E-06,5.253499420719E+00
2,1.1970,1.097609060101E+01,1.308755479911E-06,5.249110532314E+00
2,1.1980,1.095364204469E+01,1.239046240467E-06,5.244728970935E+00
2,1.1990,1.093122073315E+01,1.169453279988E-06,5.240354718248E+00
2,1.2000,1.090882660184E+01,1.099976307777E-06,5.235987755983E+00
2,1.2010,1.088645958849E+01,1.054643901810E-06,5.231628065928E+00
2,1.2020,1.086411962970E+01,1.009386924140E-06,5.227275629933E+00
2,1.2030,1.084180666333E+01,9.642051866653E-07,5.222930429908E+00
2,1.2040,1.081952062680E+01,9.190985019106E-07,5.218592447824E+00
2,1.2050,1.079726145945E+01,8.740666830228E-07,5.214261665709E+00
2,1.2060,1.077502910046E+01,8.291095437683E-07,5.209938065655E+00
2,1.2070,1.075282348618E+01,7.842268985307E-07,5.205621629809E+00
2,1.2080,1.073064455679E+01,7.394185623084E-07,5.201312340380E+00
2,1.2090,1.070849225256E+01,6.946843507119E-07,5.197010179636E+00
2,1.2100,1.068636651291E+01,6.500240799609E-07,5.192715129900E+00
2,1.2110,1.066496416044E+01,6.258431321134E-07,5.188427173559E+00
2,1.2120,1.064358762133E+01,6.017020868201E-07,5.184146293052E+00
2,1.2130,1.062223683704E+01,5.776008453938E-07,5.179872470882E+00
2,1.2140,1.060091175017E+01,5.535393094723E-07,5.175605689604E+00
2,1.2150,1.057961230204E+01,5.295173810173E-07,5.171345931835E+00
2,1.2160,1.055833843618E+01,5.055349623130E-07,5.167093180246E+00
2,1.2170,1.053709009595E+01,4.815919559649E-07,5.162847417567E+00
2,1.2180,1.051586722283E+01,4.576882648981E-07,5.158608626584E+00
2,1.2190,1.049466976282E+01,4.338237923565E-07,5.154376790139E+00
2,1.2200,1.047349765834E+01,4.099984419010E-07,5.150151891131E+00
2,1.2210,1.045165714757E+01,3.923697419283E-07,5.145933912514E+00
2,1.2220,1.042984250771E+01,3.747698941650E-07,5.141722837299E+00
2,1.2230,1.040805368254E+01,3.571988278372E-07,5.137518648552E+00
2,1.2240,1.038629061656E+01,3.396564724021E-07,5.133321329395E+00
2,1.2250,1.036455325412E+01,3.221427575472E-07,5.129130863004E+00
2,1.2260,1.034284154043E+01,3.046576131897E-07,5.124947232610E+00
2,1.2270,1.032115542082E+01,2.872009694750E-07,5.120770421499E+00
2,1.2280,1.029949484125E+01,2.697727567761E-07,5.116600413013E+00
2,1.2290,1.027785974764E+01,2.523729056926E-07,5.112437190545E+00
2,1.2300,1.025625008569E+01,2.350013470500E-07,5.108280737544E+00
2,1.2310,1.023466580272E+01,2.234170029478E-07,5.104131037514E+00
2,1.2320,1.021310684592E+01,2.118514645991E-07,5.099988074009E+00
2,1.2330,1.019157316218E+01,2.003046862477E-07,5.095851830640E+00
2,1.2340,1.017006469941E+01,1.887766222858E-07,5.091722291069E+00
2,1.2350,1.014858140612E+01,1.772672272535E-07,5.087599439012E+00
2,1.2360,1.012712322990E+01,1.657764558377E-07,5.083483258236E+00
2,1.2370,1.010569011944E+01,1.543042628720E-07,5.079373732562E+00
2,1.2380,1.008428202430E+01,1.428506033360E-07,5.075270845864E+00
2,1.2390,1.006289889416E+01,1.314154323546E-07,5.071174582066E+00
2,1.2400,1.004154067734E+01,1.199987051973E-07,5.067084925145E+00
2,1.2410,1.002020732547E+01,1.129480782344E-07,5.063001859129E+00
2,1.2420,9.998898787866E+00,1.059088049382E-07,5.058925368100E+00
2,1.2430,9.977615017116E+00,9.888085790628E-08,5.054855436186E+00
2,1.2440,9.956355962045E+00,9.186420982460E-08,5.050792047572E+00
2,1.2450,9.935121575411E+00,8.485883346674E-08,5.046735186490E+00
2,1.2460,9.913911808347E+00,7.786470169373E-08,5.042684837223E+00
2,1.2470,9.892726612211E+00,7.088178745364E-08,5.038640984106E+00
2,1.2480,9.871565942352E+00,6.391006378123E-08,5.034603611522E+00
2,1.2490,9.850429749357E+00,5.694950379766E-08,5.030572703907E+00
2,1.2500,9.829317986370E+00,5.000008071006E-08,5.026548245744E+00
2,1.2510,9.808230608567E+00,4.677703386674E-08,5.022530221566E+00
2,1.2520,9.787167568105E+00,4.355913566056E-08,5.018518615958E+00
2,1.2530,9.766128820613E+00,4.034637376436E-08,5.014513413551E+00
2,1.2540,9.745114319636E+00,3.713873589032E-08,5.010514599027E+00
2,1.2550,9.724124021180E+00,3.393620978979E-08,5.006522157115E+00
2,1.2560,9.703157878930E+00,3.073878325311E-08,5.002536072595E+00
2,1.2570,9.682215850070E+00,2.754644410949E-08,4.998556330294E+00
2,1.2580,9.661297890401E+00,2.435918022683E-08,4.994582915087E+00
2,1.2590,9.640403955856E+00,2.117697951157E-08,4.990615811898E+00
2,1.2600,9.619534004637E+00,1.799982990857E-08,4.986655005698E+00
2,1.2610,9.599369380860E+00,1.719415334057E-08,4.982700481506E+00
2,1.2620,9.579228035769E+00,1.638975359756E-08,4.978752224390E+00
2,1.2630,9.559109923461E+00,1.558662764670E-08,4.974810219461E+00
2,1.2640,9.539015002698E+00,1.478477246474E-08,4.970874451883E+00
2,1.2650,9.518943232779E+00,1.398418503802E-08,4.966944906861E+00
2,1.2660,9.498894571183E+00,1.318486236237E-08,4.963021569652E+00
2,1.2670,9.478868978000E+00,1.238680144311E-08,4.959104425556E+00
2,1.2680,9.458866410679E+00,1.158999929502E-08,4.955193459921E+00
2,1.2690,9.438886830127E+00,1.079445294227E-08,4.951288658140E+00
2,1.2700,9.418930197082E+00,1.000015941843E-08,4.947390005653E+00
2,1.2710,9.398318209286E+00,9.597306023098E-09,4.943497487946E+00
2,1.2720,9.377729713245E+00,9.195086045058E-09,4.939611090550E+00
2,1.2730,9.357164668382E+00,8.793497991572E-09,4.935730799041E+00
2,1.2740,9.336623037938E+00,8.392540374590E-09,4.931856599042E+00
2,1.2750,9.316104783549E+00,7.992211710732E-09,4.927988476219E+00
2,1.2760,9.295609868895E+00,7.592510521269E-09,4.924126416285E+00
2,1.2770,9.275138255786E+00,7.193435332103E-09,4.920270404996E+00
2,1.2780,9.254689908163E+00,6.794984673750E-09,4.916420428153E+00
2,1.2790,9.234264789362E+00,6.397157081320E-09,4.912576471602E+00
2,1.2800,9.213862865638E+00,5.999951094504E-09,4.908738521234E+00
2,1.2810,9.194159252208E+00,5.753234677582E-09,4.904906562982E+00
2,1.2820,9.174478135313E+00,5.506903153666E-09,4.901080582823E+00
2,1.2830,9.154819476635E+00,5.260955622772E-09,4.897260566781E+00
2,1.2840,9.135183244274E+00,5.015391187721E-09,4.893446500919E+00
2,1.2850,9.115569399986E+00,4.770208954126E-09,4.889638371346E+00
2,1.2860,9.095977911273E+00,4.525408030380E-09,4.885836164214E+00
2,1.2870,9.076408743923E+00,4.280987527650E-09,4.882039865718E+00
2,1.2880,9.056861864393E+00,4.036946559863E-09,4.878249462096E+00
2,1.2890,9.037337239867E+00,3.793284243693E-09,4.874464939627E+00
2,1.2900,9.017834835424E+00,3.549999698556E-09,4.870686284635E+00
2,1.2910,8.997682645126E+00,3.419094326591E-09,4.866913483485E+00
2,1.2920,8.977553247149E+00,3.288391594520E-09,4.863146522585E+00
2,1.2930,8.957446611809E+00,3.157891032182E-09,4.859385388383E+00
2,1.2940,8.937362709301E+00,3.027592170868E-09,4.855630067372E+00
2,1.2950,8.917301508307E+00,2.897494543316E-09,4.851880546085E+00
2,1.2960,8.897262981605E+00,2.767597683708E-09,4.848136811095E+00
2,1.2970,8.877247099907E+00,2.637901127662E-09,4.844398849020E+00
2,1.2980,8.857253835396E+00,2.508404412225E-09,4.840666646517E+00
2,1.2990,8.837283159061E+00,2.379107075874E-09,4.836940190285E+00
2,0.3000,1.025038512630E+02,8.867668863533E+01,2.094395102393E+01
2,0.3010,1.024595345291E+02,8.705447177761E+01,2.087436979129E+01
2,0.3020,1.024155106879E+02,8.544299807790E+01,2.080524936152E+01
2,0.3030,1.023717768448E+02,8.384216116828E+01,2.073658517221E+01
2,0.3040,1.023283301431E+02,8.225185608043E+01,2.066837272099E+01
2,0.3050,1.022851677640E+02,8.067197922267E+01,2.060060756452E+01
2,0.3060,1.022422869248E+02,7.910242835745E+01,2.053328531758E+01
2,0.3070,1.021996848793E+02,7.754310257929E+01,2.046640165205E+01
2,0.3080,1.021573589172E+02,7.599390229320E+01,2.039995229604E+01
2,0.3090,1.021153063624E+02,7.445472919343E+01,2.033393303294E+01
2,0.3100,1.020735245745E+02,7.292548624268E+01,2.026833970058E+01
2,0.3110,1.017156659220E+02,7.209500568704E+01,2.020316819029E+01
2,0.3120,1.013600602508E+02,7.126984872471E+01,2.013841444609E+01
2,0.3130,1.010066859329E+02,7.044996433082E+01,2.007407446383E+01
2,0.3140,1.006555216157E+02,6.963530213053E+01,2.001014429038E+01
2,0.3150,1.003065462178E+02,6.882581238864E+01,1.994662002279E+01
2,0.3160,9.995973892421E+01,6.802144599956E+01,1.988349780753E+01
2,0.3170,9.961507918302E+01,6.722215447729E+01,1.982077383968E+01
2,0.3180,9.927254670042E+01,6.642788994572E+01,1.975844436220E+01
2,0.3190,9.893212143701E+01,6.563860512908E+01,1.969650566514E+01
2,0.3200,9.859378360374E+01,6.485425334254E+01,1.963495408494E+01
2,0.3210,9.844082826429E+01,6.425486731426E+01,1.957378600367E+01
2,0.3220,9.828881457229E+01,6.365920418057E+01,1.951299784838E+01
2,0.3230,9.813773382053E+01,6.306722936349E+01,1.945258609034E+01
2,0.3240,9.798757740929E+01,6.247890871195E+01,1.939254724438E+01
2,0.3250,9.783833684450E+01,6.189420849519E+01,1.933287786824E+01
2,0.3260,9.769000373583E+01,6.131309539632E+01,1.927357456190E+01
2,0.3270,9.754256979559E+01,6.073553650601E+01,1.921463396691E+01
2,0.3280,9.739602683694E+01,6.016149931624E+01,1.915605276579E+01
2,0.3290,9.725036677233E+01,5.959095171426E+01,1.909782768140E+01
2,0.3300,9.710558161161E+01,5.902386197654E+01,1.903995547630E+01
2,0.3310,9.700612981986E+01,5.861205822652E+01,1.898243295220E+01
2,0.3320,9.690727340437E+01,5.820273522199E+01,1.892525694934E+01
2,0.3330,9.680900702371E+01,5.779587061388E+01,1.886842434588E+01
2,0.3340,9.671132539987E+01,5.739144232079E+01,1.881193205742E+01
2,0.3350,9.661422331855E+01,5.698942852497E+01,1.875577703636E+01
2,0.3360,9.651769562604E+01,5.658980766841E+01,1.869995627137E+01
2,0.3370,9.642173723117E+01,5.619255844899E+01,1.864446678688E+01
2,0.3380,9.632634310162E+01,5.579765981666E+01,1.858930564254E+01
2,0.3390,9.623150826486E+01,5.540509096977E+01,1.853446993268E+01
2,0.3400,9.613722780671E+01,5.501483135139E+01,1.847995678582E+01
2,0.3410,9.620681715144E+01,5.478163705799E+01,1.842576336416E+01
2,0.3420,9.627599804133E+01,5.454980647391E+01,1.837188686310E+01
2,0.3430,9.634477406360E+01,5.431932767166E+01,1.831832451073E+01
2,0.3440,9.641314876374E+01,5.409018886245E+01,1.826507356738E+01
2,0.3450,9.648112564569E+01,5.386237839416E+01,1.821213132516E+01
2,0.3460,9.654870817298E+01,5.363588474938E+01,1.815949510746E+01
2,0.3470,9.661589976890E+01,5.341069654348E+01,1.810716226853E+01
2,0.3480,9.668270381734E+01,5.318680252267E+01,1.805513019304E+01
2,0.3490,9.674912366298E+01,5.296419156215E+01,1.800339629564E+01
2,0.3500,9.681516261225E+01,5.274285266427E+01,1.795195802051E+01
2,0.3510,9.749884478650E+01,5.264271040272E+01,1.790081284097E+01
2,0.3520,9.817847746206E+01,5.254313713129E+01,1.784995825903E+01
2,0.3530,9.885409966904E+01,5.244412801437E+01,1.779939180504E+01
2,0.3540,9.952574982712E+01,5.234567827100E+01,1.774911103723E+01
2,0.3550,1.001934657629E+02,5.224778317407E+01,1.769911354135E+01
2,0.3560,1.008572847242E+02,5.215043804959E+01,1.764939693028E+01
2,0.3570,1.015172433953E+02,5.205363827595E+01,1.759995884364E+01
2,0.3580,1.021733779116E+02,5.195737928317E+01,1.755079694743E+01
2,0.3590,1.028257238728E+02,5.186165655219E+01,1.750190893365E+01
2,0.3600,1.034743163562E+02,5.176646561415E+01,1.745329251994E+01
2,0.3610,1.047080646410E+02,5.023937503926E+01,1.740494544925E+01
2,0.3620,1.059345554215E+02,4.872072142888E+01,1.735686548945E+01
2,0.3630,1.071538668920E+02,4.721043505601E+01,1.730905043300E+01
2,0.3640,1.083660754036E+02,4.570844695992E+01,1.726149809665E+01
2,0.3650,1.095712555549E+02,4.421468893559E+01,1.721420632104E+01
2,0.3660,1.107694802753E+02,4.272909352342E+01,1.716717297044E+01
2,0.3670,1.119608209028E+02,4.125159399904E+01,1.712039593237E+01
2,0.3680,1.131453472569E+02,3.978212436339E+01,1.707387311734E+01
2,0.3690,1.143231277050E+02,3.832061933281E+01,1.702760245848E+01
2,0.3700,1.154942292267E+02,3.686701432942E+01,1.698158191130E+01
2,0.3710,1.147027198792E+02,3.469300566511E+01,1.693580945331E+01
2,0.3720,1.139153249441E+02,3.253068521943E+01,1.689028308382E+01
2,0.3730,1.131320095729E+02,3.037995898525E+01,1.684500082354E+01
2,0.3740,1.123527392610E+02,2.824073396088E+01,1.679996071438E+01
2,0.3750,1.115774798415E+02,2.611291813664E+01,1.675516081915E+01
2,0.3760,1.108061974804E+02,2.399642048168E+01,1.671059922122E+01
2,0.3770,1.100388586715E+02,2.189115093098E+01,1.666627402435E+01
2,0.3780,1.092754302311E+02,1.979702037262E+01,1.662218335233E+01
2,0.3790,1.085158792936E+02,1.771394063515E+01,1.657832534876E+01
2,0.3800,1.077601733061E+02,1.564182447524E+01,1.653469817679E+01
2,0.3810,1.065025931786E+02,1.477455568688E+01,1.649130001884E+01
2,0.3820,1.052511560438E+02,1.391182757281E+01,1.644812907639E+01
2,0.3830,1.040058016884E+02,1.305360456638E+01,1.640518356966E+01
2,0.3840,1.027664700784E+02,1.219985147144E+01,1.636246173745E+01
2,0.3850,1.015331013367E+02,1.135053345752E+01,1.631996183683E+01
2,0.3860,1.003056357193E+02,1.050561605506E+01,1.627768214295E+01
2,0.3870,9.908401358969E+01,9.665065150811E+00,1.623562094878E+01
2,0.3880,9.786817539309E+01,8.828846983181E+00,1.619377656490E+01
2,0.3890,9.665806163045E+01,7.996928137750E+00,1.615214731923E+01
2,0.3900,9.545361282990E+01,7.169275542807E+00,1.611073155687E+01
2,0.3910,9.450216544748E+01,6.911503837898E+00,1.606952763985E+01
2,0.3920,9.355521539153E+01,6.655047294747E+00,1.602853394689E+01
2,0.3930,9.261272040169E+01,6.399895873954E+00,1.598774887323E+01
2,0.3940,9.167463840926E+01,6.146039638038E+00,1.594717083041E+01
2,0.3950,9.074092752586E+01,5.893468750152E+00,1.590679824602E+01
2,0.3960,8.981154603121E+01,5.642173472811E+00,1.586662956358E+01
2,0.3970,8.888645236334E+01,5.392144166640E+00,1.582666324227E+01
2,0.3980,8.796560510383E+01,5.143371289143E+00,1.578689775673E+01
2,0.3990,8.704896296728E+01,4.895845393489E+00,1.574733159694E+01
2,0.4000,8.613648478801E+01,4.649557127313E+00,1.570796326795E+01
2,0.4010,8.545752684517E+01,4.529847561859E+00,1.566879128972E+01
2,0.4020,8.478170393769E+01,4.410733566383E+00,1.562981419696E+01
2,0.4030,8.410898885364E+01,4.292210707361E+00,1.559103053891E+01
2,0.4040,8.343935456614E+01,4.174274595166E+00,1.555243887916E+01
2,0.4050,8.277277423098E+01,4.056920883525E+00,1.551403779551E+01
2,0.4060,8.210922118018E+01,3.940145268985E+00,1.547582587975E+01
2,0.4070,8.144866891781E+01,3.823943490389E+00,1.543780173754E+01
2,0.4080,8.079109111703E+01,3.708311328355E+00,1.539996398819E+01
2,0.4090,8.013646161280E+01,3.593244604766E+00,1.536231126450E+01
2,0.4100,7.948475439974E+01,3.478739182268E+00,1.532484221263E+01
2,0.4110,7.894906640929E+01,3.392308563657E+00,1.528755549192E+01
2,0.4120,7.841578920844E+01,3.306297511157E+00,1.525044977471E+01
2,0.4130,7.788490288917E+01,3.220702977070E+00,1.521352374620E+01
2,0.4140,7.735638769487E+01,3.135521943148E+00,1.517677610430E+01
2,0.4150,7.683022401720E+01,3.050751420233E+00,1.514020555947E+01
2,0.4160,7.630639239444E+01,2.966388447909E+00,1.510381083457E+01
2,0.4170,7.578487350774E+01,2.882430094157E+00,1.506759066470E+01
2,0.4180,7.526564817932E+01,2.798873455016E+00,1.503154379708E+01
2,0.4190,7.474869736914E+01,2.715715654249E+00,1.499566899088E+01
2,0.4200,7.423400217290E+01,2.632953843009E+00,1.495996501709E+01
2,0.4210,7.378466712355E+01,2.569986959374E+00,1.492443065838E+01
2,0.4220,7.333729991448E+01,2.507318496988E+00,1.488906470896E+01
2,0.4230,7.289188485741E+01,2.444946339389E+00,1.485386597442E+01
2,0.4240,7.244840638599E+01,2.382868390081E+00,1.481883327165E+01
2,0.4250,7.200684905595E+01,2.321082572299E+00,1.478396542866E+01
2,0.4260,7.156719754108E+01,2.259586828779E+00,1.474926128446E+01
2,0.4270,7.112943663321E+01,2.198379121528E+00,1.471471968895E+01
2,0.4280,7.069355123838E+01,2.137457431601E+00,1.468033950276E+01
2,0.4290,7.025952637704E+01,2.076819758877E+00,1.464611959716E+01
2,0.4300,6.982734718062E+01,2.016464121839E+00,1.461205885391E+01
2,0.4310,6.944681468296E+01,1.966593266679E+00,1.457815616515E+01
2,0.4320,6.906790624774E+01,1.916953295107E+00,1.454441043329E+01
2,0.4330,6.869060937617E+01,1.867542607469E+00,1.451082057085E+01
2,0.4340,6.831491167006E+01,1.818359618852E+00,1.447738550041E+01
2,0.4350,6.794080082930E+01,1.769402758918E+00,1.444410415444E+01
2,0.4360,6.756826465086E+01,1.720670471737E+00,1.441097547518E+01
2,0.4370,6.719729102774E+01,1.672161215618E+00,1.437799841460E+01
2,0.4380,6.682786794636E+01,1.623873462951E+00,1.434517193420E+01
2,0.4390,6.645998348670E+01,1.575805700047E+00,1.431249500496E+01
2,0.4400,6.609362582082E+01,1.527956426973E+00,1.427996660723E+01
2,0.4410,6.575247788444E+01,1.495002020225E+00,1.424758573057E+01
2,0.4420,6.541274464832E+01,1.462196728440E+00,1.421535137371E+01
2,0.4430,6.507441545866E+01,1.429539541810E+00,1.418326254442E+01
2,0.4440,6.473747974645E+01,1.397029459624E+00,1.415131825941E+01
2,0.4450,6.440192702440E+01,1.364665490167E+00,1.411951754422E+01
2,0.4460,6.406774688703E+01,1.332446650618E+00,1.408785943314E+01
2,0.4470,6.373492900919E+01,1.300371966950E+00,1.405634296908E+01
2,0.4480,6.340346314557E+01,1.268440473834E+00,1.402496720353E+01
2,0.4490,6.307333912822E+01,1.236651214541E+00,1.399373119639E+01
2,0.4500,6.274454686706E+01,1.205003240845E+00,1.396263401595E+01
2,0.4510,6.244179068490E+01,1.181543941427E+00,1.393167473876E+01
2,0.4520,6.214025681656E+01,1.158188444218E+00,1.390085244951E+01
2,0.4530,6.183993629298E+01,1.134936061787E+00,1.387016624101E+01
2,0.4540,6.154082021513E+01,1.111786112760E+00,1.383961521405E+01
2,0.4550,6.124289975332E+01,1.088737921749E+00,1.380919847732E+01
2,0.4560,6.094616614611E+01,1.065790819296E+00,1.377891514732E+01
2,0.4570,6.065061069949E+01,1.042944141799E+00,1.374876434831E+01
2,0.4580,6.035622478523E+01,1.020197231453E+00,1.371874521218E+01
2,0.4590,6.006299984221E+01,9.975494361844E-01,1.368885687839E+01
2,0.4600,5.977092737292E+01,9.750001095908E-01,1.365909849387E+01
2,0.4610,5.949999030483E+01,9.602165502576E-01,1.362946921297E+01
2,0.4620,5.923011870927E+01,9.454969890167E-01,1.359996819736E+01
2,0.4630,5.896130496248E+01,9.308410111938E-01,1.357059461594E+01
2,0.4640,5.869354149754E+01,9.162482056890E-01,1.354134764478E+01
2,0.4650,5.842682080784E+01,9.017181649391E-01,1.351222646705E+01
2,0.4660,5.816113544307E+01,8.872504848791E-01,1.348323027292E+01
2,0.4670,5.789647801041E+01,8.728447649050E-01,1.345435825949E+01
2,0.4680,5.763284117271E+01,8.585006078367E-01,1.342560963073E+01
2,0.4690,5.737021764892E+01,8.442176198818E-01,1.339698359740E+01
2,0.4700,5.710860021219E+01,8.299954105990E-01,1.336847937698E+01
2,0.4710,5.686482181740E+01,8.187857561508E-01,1.334009619359E+01
2,0.4720,5.662197783892E+01,8.076236002383E-01,1.331183327792E+01
2,0.4730,5.638006175327E+01,7.965086416024E-01,1.328368986719E+01
2,0.4740,5.613906708630E+01,7.854405815261E-01,1.325566520502E+01
2,0.4750,5.589898741481E+01,7.744191238081E-01,1.322775854143E+01
2,0.4760,5.565981636308E+01,7.634439747359E-01,1.319996913273E+01
2,0.4770,5.542154760417E+01,7.525148430602E-01,1.317229624147E+01
2,0.4780,5.518417485870E+01,7.416314399690E-01,1.314473913636E+01
2,0.4790,5.494769189453E+01,7.307934790619E-01,1.311729709223E+01
2,0.4800,5.471209252615E+01,7.200006763252E-01,1.308996938996E+01
2,0.4810,5.448978939243E+01,7.108320372249E-01,1.306275531638E+01
2,0.4820,5.426831656739E+01,7.017014422703E-01,1.303565416427E+01
2,0.4830,5.404766838039E+01,6.926086551623E-01,1.300866523226E+01
2,0.4840,5.382783920451E+01,6.835534415547E-01,1.298178782475E+01
2,0.4850,5.360882345409E+01,6.745355690342E-01,1.295502125192E+01
2,0.4860,5.339061558600E+01,6.655548071001E-01,1.292836482959E+01
2,0.4870,5.317321009885E+01,6.566109271453E-01,1.290181787922E+01
2,0.4880,5.295660153103E+01,6.477037024362E-01,1.287537972783E+01
2,0.4890,5.274078446248E+01,6.388329080940E-01,1.284904970793E+01
2,0.4900,5.252575351226E+01,6.299983210756E-01,1.282282715751E+01
2,0.4910,5.232915050568E+01,6.223603818808E-01,1.279671141992E+01
2,0.4920,5.213326615860E+01,6.147534912194E-01,1.277070184386E+01
2,0.4930,5.193809571472E+01,6.071774601550E-01,1.274479778333E+01
2,0.4940,5.174363445328E+01,5.996321012811E-01,1.271899859753E+01
2,0.4950,5.154987768848E+01,5.921172287057E-01,1.269330365087E+01
2,0.4960,5.135682077019E+01,5.846326580358E-01,1.266771231286E+01
2,0.4970,5.116445908283E+01,5.771782063626E-01,1.264222395811E+01
2,0.4980,5.097278804463E+01,5.697536922463E-01,1.261683796622E+01
2,0.4990,5.078180310918E+01,5.623589357017E-01,1.259155372180E+01
2,0.5000,5.059149976243E+01,5.549937581832E-01,1.256637061436E+01
2,0.5010,5.040588125567E+01,5.478686762100E-01,1.254128803828E+01
2,0.5020,5.022092286115E+01,5.407719810176E-01,1.251630539279E+01
2,0.5030,5.003662027322E+01,5.337035033011E-01,1.249142208187E+01
2,0.5040,4.985296921755E+01,5.266630750993E-01,1.246663751425E+01
2,0.5050,4.966996545129E+01,5.196505297815E-01,1.244195110333E+01
2,0.5060,4.948760476244E+01,5.126657020341E-01,1.241736226715E+01
2,0.5070,4.930588296965E+01,5.057084278479E-01,1.239287042836E+01
2,0.5080,4.912479592217E+01,4.987785445049E-01,1.236847501413E+01
2,0.5090,4.894433949890E+01,4.918758905661E-01,1.234417545615E+01
2,0.5100,4.876450960845E+01,4.850003058583E-01,1.231997119055E+01
2,0.5110,4.859187946889E+01,4.804214475246E-01,1.229586165789E+01
2,0.5120,4.841984787039E+01,4.758604753562E-01,1.227184630309E+01
2,0.5130,4.824841098129E+01,4.713172847558E-01,1.224792457540E+01
2,0.5140,4.807756499729E+01,4.667917719397E-01,1.222409592836E+01
2,0.5150,4.790730614184E+01,4.622838339308E-01,1.220035981977E+01
2,0.5160,4.773763066547E+01,4.577933685497E-01,1.217671571159E+01
2,0.5170,4.756853484525E+01,4.533202744081E-01,1.215316306998E+01
2,0.5180,4.740001498498E+01,4.488644509002E-01,1.212970136521E+01
2,0.5190,4.723206741479E+01,4.444257981958E-01,1.210633007164E+01
2,0.5200,4.706468849087E+01,4.400042172326E-01,1.208304866765E+01
2,0.5210,4.690565018979E+01,4.351714847982E-01,1.205985663566E+01
2,0.5220,4.674715049399E+01,4.303572685800E-01,1.203675346203E+01
2,0.5230,4.658918602984E+01,4.255614623665E-01,1.201373863705E+01
2,0.5240,4.643175344833E+01,4.207839607569E-01,1.199081165492E+01
2,0.5250,4.627484942399E+01,4.160246591534E-01,1.196797201368E+01
2,0.5260,4.611847065475E+01,4.112834537537E-01,1.194521921517E+01
2,0.5270,4.596261386204E+01,4.065602415434E-01,1.192255276505E+01
2,0.5280,4.580727579030E+01,4.018549202884E-01,1.189997217269E+01
2,0.5290,4.565245320689E+01,3.971673885278E-01,1.187747695119E+01
2,0.5300,4.549814290192E+01,3.924975455662E-01,1.185506661732E+01
2,0.5310,4.534817335855E+01,3.884298288572E-01,1.183274069149E+01
2,0.5320,4.519869882807E+01,3.843774043163E-01,1.181049869771E+01
2,0.5330,4.504971625771E+01,3.803401858712E-01,1.178834016356E+01
2,0.5340,4.490122261667E+01,3.763180880945E-01,1.176626462019E+01
2,0.5350,4.475321489586E+01,3.723110261973E-01,1.174427160220E+01
2,0.5360,4.460569010628E+01,3.683189160236E-01,1.172236064772E+01
2,0.5370,4.445864528014E+01,3.643416740442E-01,1.170053129829E+01
2,0.5380,4.431207746986E+01,3.603792173510E-01,1.167878309885E+01
2,0.5390,4.416598374810E+01,3.564314636510E-01,1.165711559774E+01
2,0.5400,4.402036120725E+01,3.524983312611E-01,1.163552834663E+01
2,0.5410,4.388024454491E+01,3.491441805176E-01,1.161402090052E+01
2,0.5420,4.374057941399E+01,3.458024067141E-01,1.159259281767E+01
2,0.5430,4.360136308148E+01,3.424729414697E-01,1.157124365963E+01
2,0.5440,4.346259283436E+01,3.391557169064E-01,1.154997299114E+01
2,0.5450,4.332426597685E+01,3.358506656442E-01,1.152878038015E+01
2,0.5460,4.318637983235E+01,3.325577207969E-01,1.150766539776E+01
2,0.5470,4.304893174248E+01,3.292768159674E-01,1.148662761824E+01
2,0.5480,4.291191906596E+01,3.260078852430E-01,1.146566661894E+01
2,0.5490,4.277533918102E+01,3.227508631916E-01,1.144478198029E+01
2,0.5500,4.263918948229E+01,3.195056848567E-01,1.142397328578E+01
2,0.5510,4.250719437999E+01,3.164057036630E-01,1.140324012192E+01
2,0.5520,4.237561433895E+01,3.133169542852E-01,1.138258207822E+01
2,0.5530,4.224444688821E+01,3.102393757912E-01,1.136199874716E+01
2,0.5540,4.211368957400E+01,3.071729076889E-01,1.134148972415E+01
2,0.5550,4.198333995767E+01,3.041174899221E-01,1.132105460753E+01
2,0.5560,4.185339561877E+01,3.010730628667E-01,1.130069299852E+01
2,0.5570,4.172385415151E+01,2.980395673267E-01,1.128040450122E+01
2,0.5580,4.159471316760E+01,2.950169445307E-01,1.126018872254E+01
2,0.5590,4.146597029285E+01,2.920051361274E-01,1.124004527224E+01
2,0.5600,4.133762317015E+01,2.890040841827E-01,1.121997376282E+01
2,0.5610,4.121212151691E+01,2.866666896486E-01,1.119997380959E+01
2,0.5620,4.108700460334E+01,2.843376132444E-01,1.118004503057E+01
2,0.5630,4.096227017112E+01,2.820168106464E-01,1.116018704650E+01
2,0.5640,4.083791597519E+01,2.797042378447E-01,1.114039948081E+01
2,0.5650,4.071393978623E+01,2.773998511415E-01,1.112068195961E+01
2,0.5660,4.059033938944E+01,2.751036071475E-01,1.110103411162E+01
2,0.5670,4.046711258499E+01,2.728154627795E-01,1.108145556822E+01
2,0.5680,4.034425718583E+01,2.705353752579E-01,1.106194596334E+01
2,0.5690,4.022177102093E+01,2.682633021037E-01,1.104250493353E+01
2,0.5700,4.009965193269E+01,2.659992011361E-01,1.102313211786E+01
2,0.5710,3.998152923184E+01,2.637650381238E-01,1.100382715793E+01
2,0.5720,3.986376024189E+01,2.615386868703E-01,1.098458969787E+01
2,0.5730,3.974634292050E+01,2.593201064764E-01,1.096541938426E+01
2,0.5740,3.962927523946E+01,2.571092563277E-01,1.094631586617E+01
2,0.5750,3.951255518301E+01,2.549060960926E-01,1.092727879509E+01
2,0.5760,3.939618074856E+01,2.527105857194E-01,1.090830782496E+01
2,0.5770,3.928014994673E+01,2.505226854341E-01,1.088940261210E+01
2,0.5780,3.916446080101E+01,2.483423557381E-01,1.087056281519E+01
2,0.5790,3.904911134638E+01,2.461695574055E-01,1.085178809530E+01
2,0.5800,3.893409963217E+01,2.440042514809E-01,1.083307811583E+01
2,0.5810,3.882181490511E+01,2.420237559709E-01,1.081443254248E+01
2,0.5820,3.870985825274E+01,2.400500662874E-01,1.079585104326E+01
2,0.5830,3.859822780772E+01,2.380831474090E-01,1.077733328847E+01
2,0.5840,3.848692171438E+01,2.361229645541E-01,1.075887895065E+01
2,0.5850,3.837593812850E+01,2.341694831791E-01,1.074048770458E+01
2,0.5860,3.826527521889E+01,2.322226689760E-01,1.072215922727E+01
2,0.5870,3.815493116353E+01,2.302824878708E-01,1.070389319792E+01
2,0.5880,3.804490415417E+01,2.283489060209E-01,1.068568929792E+01
2,0.5890,3.793519239309E+01,2.264218898141E-01,1.066754721083E+01
2,0.5900,3.782579409294E+01,2.245014058655E-01,1.064946662234E+01
2,0.5910,3.771907021792E+01,2.229021118543E-01,1.063144722027E+01
2,0.5920,3.761265072249E+01,2.213082208635E-01,1.061348869456E+01
2,0.5930,3.750653389858E+01,2.197197055589E-01,1.059559073723E+01
2,0.5940,3.740071804859E+01,2.181365387908E-01,1.057775304239E+01
2,0.5950,3.729520148479E+01,2.165586935916E-01,1.055997530618E+01
2,0.5960,3.718998253134E+01,2.149861431749E-01,1.054225722681E+01
2,0.5970,3.708505952078E+01,2.134188609339E-01,1.052459850449E+01
2,0.5980,3.698043079818E+01,2.118568204394E-01,1.050699884144E+01
2,0.5990,3.687609471800E+01,2.102999954392E-01,1.048945794187E+01
2,0.6000,3.677204964370E+01,2.087483598555E-01,1.047197551197E+01
2,0.6010,3.666946172278E+01,2.068453875867E-01,1.045455125987E+01
2,0.6020,3.656715892310E+01,2.049487374849E-01,1.043718489565E+01
2,0.6030,3.646513966011E+01,2.030583780965E-01,1.041987613131E+01
2,0.6040,3.636340235980E+01,2.011742781763E-01,1.040262468076E+01
2,0.6050,3.626194545639E+01,1.992964066856E-01,1.038543025980E+01
2,0.6060,3.616076739533E+01,1.974247327905E-01,1.036829258610E+01
2,0.6070,3.605986662964E+01,1.955592258606E-01,1.035121137921E+01
2,0.6080,3.595924162323E+01,1.936998554665E-01,1.033418636049E+01
2,0.6090,3.585889084801E+01,1.918465913792E-01,1.031721725317E+01
2,0.6100,3.575881278580E+01,1.899994035676E-01,1.030030378226E+01
2,0.6110,3.566131558776E+01,1.885788551254E-01,1.028344567460E+01
2,0.6120,3.556408304655E+01,1.871629489983E-01,1.026664265879E+01
2,0.6130,3.546711371331E+01,1.857516624670E-01,1.024989446522E+01
2,0.6140,3.537040614629E+01,1.843449729604E-01,1.023320082603E+01
2,0.6150,3.527395891264E+01,1.829428580537E-01,1.021656147509E+01
2,0.6160,3.517777058886E+01,1.815452954681E-01,1.019997614802E+01
2,0.6170,3.508183975942E+01,1.801522630692E-01,1.018344458214E+01
2,0.6180,3.498616501620E+01,1.787637388658E-01,1.016696651647E+01
2,0.6190,3.489074496185E+01,1.773797010088E-01,1.015054169173E+01
2,0.6200,3.479557820449E+01,1.760001277900E-01,1.013416985029E+01
2,0.6210,3.470180580088E+01,1.747828361126E-01,1.011785073620E+01
2,0.6220,3.460828152858E+01,1.735694585564E-01,1.010158409514E+01
2,0.6230,3.451500404139E+01,1.723599762732E-01,1.008536967445E+01
2,0.6240,3.442197200029E+01,1.711543705359E-01,1.006920722304E+01
2,0.6250,3.432918407484E+01,1.699526227368E-01,1.005309649149E+01
2,0.6260,3.423663894241E+01,1.687547143877E-01,1.003703723192E+01
2,0.6270,3.414433528760E+01,1.675606271177E-01,1.002102919805E+01
2,0.6280,3.405227180322E+01,1.663703426735E-01,1.000507214519E+01
2,0.6290,3.396044718865E+01,1.651838429175E-01,9.989165830174E+00
2,0.6300,3.386886015183E+01,1.640011098274E-01,9.973310011396E+00
2,0.6310,3.377864004822E+01,1.627335037055E-01,9.957504448779E+00
2,0.6320,3.368865266527E+01,1.614699089954E-01,9.941748903765E+00
2,0.6330,3.359889675087E+01,1.602103066856E-01,9.926043139304E+00
2,0.6340,3.350937106229E+01,1.589546778847E-01,9.910386919842E+00
2,0.6350,3.342007436181E+01,1.577030038202E-01,9.894780011306E+00
2,0.6360,3.333100541945E+01,1.564552658376E-01,9.879222181100E+00
2,0.6370,3.324216301326E+01,1.552114453998E-01,9.863713198084E+00
2,0.6380,3.315354592672E+01,1.539715240855E-01,9.848252832570E+00
2,0.6390,3.306515295072E+01,1.527354835892E-01,9.832840856306E+00
2,0.6400,3.297698288318E+01,1.515033057194E-01,9.817477042468E+00
2,0.6410,3.289015393427E+01,1.502857547756E-01,9.802161165647E+00
2,0.6420,3.280354332527E+01,1.490719968254E-01,9.786893001837E+00
2,0.6430,3.271714989220E+01,1.478620141721E-01,9.771672328429E+00
2,0.6440,3.263097247826E+01,1.466557892289E-01,9.756498924192E+00
2,0.6450,3.254500993242E+01,1.454533045181E-01,9.741372569271E+00
2,0.6460,3.245926111104E+01,1.442545426701E-01,9.726293045170E+00
2,0.6470,3.237372487600E+01,1.430594864230E-01,9.711260134744E+00
2,0.6480,3.228840009637E+01,1.418681186210E-01,9.696273622191E+00
2,0.6490,3.220328564718E+01,1.406804222144E-01,9.681333293035E+00
2,0.6500,3.211838040787E+01,1.394963802583E-01,9.666438934122E+00
2,0.6510,3.203479197506E+01,1.383816067262E-01,9.651590333609E+00
2,0.6520,3.195140845343E+01,1.372702527448E-01,9.636787280950E+00
2,0.6530,3.186822876071E+01,1.361623026040E-01,9.622029566891E+00
2,0.6540,3.178525181942E+01,1.350577406900E-01,9.607316983455E+00
2,0.6550,3.170247655918E+01,1.339565514841E-01,9.592649323938E+00
2,0.6560,3.161990191508E+01,1.328587195624E-01,9.578026382896E+00
2,0.6570,3.153752682665E+01,1.317642295948E-01,9.563447956133E+00
2,0.6580,3.145535024176E+01,1.306730663444E-01,9.548913840698E+00
2,0.6590,3.137337111178E+01,1.295852146669E-01,9.534423834870E+00
2,0.6600,3.129158839472E+01,1.285006595096E-01,9.519977738151E+00
2,0.6610,3.121109957652E+01,1.275885851522E-01,9.505575351255E+00
2,0.6620,3.113080312364E+01,1.266792663065E-01,9.491216476102E+00
2,0.6630,3.105069802783E+01,1.257726905041E-01,9.476900915806E+00
2,0.6640,3.097078328653E+01,1.248688453517E-01,9.462628474668E+00
2,0.6650,3.089105790244E+01,1.239677185306E-01,9.448398958165E+00
2,0.6660,3.081152088233E+01,1.230692977960E-01,9.434212172942E+00
2,0.6670,3.073217124083E+01,1.221735709767E-01,9.420067926806E+00
2,0.6680,3.065300799574E+01,1.212805259742E-01,9.405966028712E+00
2,0.6690,3.057403017020E+01,1.203901507625E-01,9.391906288759E+00
2,0.6700,3.049523679409E+01,1.195024333871E-01,9.377888518178E+00
2,0.6710,3.041662690045E+01,1.185396414913E-01,9.363912529329E+00
2,0.6720,3.033819952875E+01,1.175797150475E-01,9.349978135684E+00
2,0.6730,3.025995372298E+01,1.166226412826E-01,9.336085151827E+00
2,0.6740,3.018188853177E+01,1.156684074991E-01,9.322233393442E+00
2,0.6750,3.010400300933E+01,1.147170010751E-01,9.308422677303E+00
2,0.6760,3.002629621525E+01,1.137684094629E-01,9.294652821272E+00
2,0.6770,2.994876721216E+01,1.128226201894E-01,9.280923644283E+00
2,0.6780,2.987141506939E+01,1.118796208547E-01,9.267234966342E+00
2,0.6790,2.979423886015E+01,1.109393991321E-01,9.253586608512E+00
2,0.6800,2.971723766285E+01,1.100019427676E-01,9.239978392911E+00
2,0.6810,2.964149025756E+01,1.091908734748E-01,9.226410142701E+00
2,0.6820,2.956591426003E+01,1.083821826843E-01,9.212881682082E+00
2,0.6830,2.949050877898E+01,1.075758599489E-01,9.199392836281E+00
2,0.6840,2.941527292678E+01,1.067718948823E-01,9.185943431549E+00
2,0.6850,2.934020582213E+01,1.059702771589E-01,9.172533295153E+00
2,0.6860,2.926530658631E+01,1.051709965134E-01,9.159162255364E+00
2,0.6870,2.919057434613E+01,1.043740427403E-01,9.145830141455E+00
2,0.6880,2.911600823244E+01,1.035794056933E-01,9.132536783691E+00
2,0.6890,2.904160738018E+01,1.027870752850E-01,9.119282013323E+00
2,0.6900,2.896737092994E+01,1.019970414865E-01,9.106065662579E+00
2,0.6910,2.889544003747E+01,1.012374822786E-01,9.092887564659E+00
2,0.6920,2.882366844672E+01,1.004801183286E-01,9.079747553728E+00
2,0.6930,2.875205534107E+01,9.972494013304E-02,9.066645464906E+00
2,0.6940,2.868059990901E+01,9.897193824355E-02,9.053581134265E+00
2,0.6950,2.860930134232E+01,9.822110326597E-02,9.040554398820E+00
2,0.6960,2.853815883658E+01,9.747242586017E-02,9.027565096522E+00
2,0.6970,2.846717159232E+01,9.672589673961E-02,9.014613066255E+00
2,0.6980,2.839633881372E+01,9.598150667096E-02,9.001698147822E+00
2,0.6990,2.832565970902E+01,9.523924647376E-02,8.988820181945E+00
2,0.7000,2.825513348943E+01,9.449910701998E-02,8.975979010257E+00
2,0.7010,2.818369671564E+01,9.394213535809E-02,8.963174475292E+00
2,0.7020,2.811241286635E+01,9.338675051004E-02,8.950406420484E+00
2,0.7030,2.804128115005E+01,9.283294570424E-02,8.937674690156E+00
2,0.7040,2.797030077885E+01,9.228071420755E-02,8.924979129516E+00
2,0.7050,2.789947096791E+01,9.173004932503E-02,8.912319584652E+00
2,0.7060,2.782879093756E+01,9.118094439968E-02,8.899695902521E+00
2,0.7070,2.775825991154E+01,9.063339281218E-02,8.887107930947E+00
2,0.7080,2.768787711696E+01,9.008738798057E-02,8.874555518615E+00
2,0.7090,2.761764178435E+01,8.954292336005E-02,8.862038515063E+00
2,0.7100,2.754755314892E+01,8.899999244268E-02,8.849556770675E+00
2,0.7110,2.747972027628E+01,8.849367208440E-02,8.837110136680E+00
2,0.7120,2.741202955652E+01,8.798877397431E-02,8.824698465140E+00
2,0.7130,2.734448026397E+01,8.748529212820E-02,8.812321608948E+00
2,0.7140,2.727707167761E+01,8.698322059539E-02,8.799979421820E+00
2,0.7150,2.720980308064E+01,8.648255345848E-02,8.787671758293E+00
2,0.7160,2.714267375668E+01,8.598328483312E-02,8.775398473715E+00
2,0.7170,2.707568299582E+01,8.548540886780E-02,8.763159424239E+00
2,0.7180,2.700883009061E+01,8.498891974362E-02,8.750954466824E+00
2,0.7190,2.694211433578E+01,8.449381167402E-02,8.738783459221E+00
2,0.7200,2.687553503150E+01,8.400007890461E-02,8.726646259972E+00
2,0.7210,2.680909147878E+01,8.329133361698E-02,8.714542728404E+00
2,0.7220,2.674278298414E+01,8.258455161270E-02,8.702472724625E+00
2,0.7230,2.667660885610E+01,8.187972474535E-02,8.690436109515E+00
2,0.7240,2.661056840635E+01,8.117684491356E-02,8.678432744723E+00
2,0.7250,2.654466095072E+01,8.047590406061E-02,8.666462492661E+00
2,0.7260,2.647888580699E+01,7.977689417419E-02,8.654525216501E+00
2,0.7270,2.641324229714E+01,7.907980728609E-02,8.642620780164E+00
2,0.7280,2.634772974585E+01,7.838463547186E-02,8.630749048324E+00
2,0.7290,2.628234747940E+01,7.769137085053E-02,8.618909886392E+00
2,0.7300,2.621709483077E+01,7.700000558433E-02,8.607103160520E+00
2,0.7310,2.615301162133E+01,7.639261726781E-02,8.595328737592E+00
2,0.7320,2.608905534753E+01,7.578688848221E-02,8.583586485218E+00
2,0.7330,2.602522536372E+01,7.518281243545E-02,8.571876271732E+00
2,0.7340,2.596152102711E+01,7.458038237247E-02,8.560197966185E+00
2,0.7350,2.589794169771E+01,7.397959157496E-02,8.548551438340E+00
2,0.7360,2.583448673689E+01,7.338043336115E-02,8.536936558668E+00
2,0.7370,2.577115551121E+01,7.278290108550E-02,8.525353198344E+00
2,0.7380,2.570794738932E+01,7.218698813851E-02,8.513801229241E+00
2,0.7390,2.564486174160E+01,7.159268794645E-02,8.502280523924E+00
2,0.7400,2.558189794353E+01,7.099999397113E-02,8.490790955648E+00
2,0.7410,2.551905537086E+01,7.044332579918E-02,8.479332398353E+00
2,0.7420,2.545633340369E+01,6.988815808052E-02,8.467904726657E+00
2,0.7430,2.539373142428E+01,6.933448475680E-02,8.456507815854E+00
2,0.7440,2.533124881774E+01,6.878229980222E-02,8.445141541908E+00
2,0.7450,2.526888497169E+01,6.823159722337E-02,8.433805781449E+00
2,0.7460,2.520663927716E+01,6.768237105893E-02,8.422500411769E+00
2,0.7470,2.514451112711E+01,6.713461537954E-02,8.411225310816E+00
2,0.7480,2.508249991699E+01,6.658832428753E-02,8.399980357192E+00
2,0.7490,2.502060504569E+01,6.604349191673E-02,8.388765430146E+00
2,0.7500,2.495882591414E+01,6.550011243224E-02,8.377580409573E+00
2,0.7510,2.489818965704E+01,6.489292191390E-02,8.366425176005E+00
2,0.7520,2.483766675900E+01,6.428734626396E-02,8.355299610611E+00
2,0.7530,2.477725664220E+01,6.368337904869E-02,8.344203595192E+00
2,0.7540,2.471695873177E+01,6.308101386846E-02,8.333137012175E+00
2,0.7550,2.465677245410E+01,6.248024435759E-02,8.322099744609E+00
2,0.7560,2.459669723979E+01,6.188106418404E-02,8.311091676163E+00
2,0.7570,2.453673252011E+01,6.128346704927E-02,8.300112691122E+00
2,0.7580,2.447687773070E+01,6.068744668793E-02,8.289162674379E+00
2,0.7590,2.441713230728E+01,6.009299686774E-02,8.278241511436E+00
2,0.7600,2.435749569015E+01,5.950011138917E-02,8.267349088394E+00
2,0.7610,2.429796731984E+01,5.904476839808E-02,8.256485291957E+00
2,0.7620,2.423854664178E+01,5.859062053295E-02,8.245650009422E+00
2,0.7630,2.417923310137E+01,5.813766309473E-02,8.234843128676E+00
2,0.7640,2.412002614724E+01,5.768589140896E-02,8.224064538193E+00
2,0.7650,2.406092523104E+01,5.723530082564E-02,8.213314127032E+00
2,0.7660,2.400192980524E+01,5.678588671903E-02,8.202591784830E+00
2,0.7670,2.394303932573E+01,5.633764448755E-02,8.191897401799E+00
2,0.7680,2.388425325053E+01,5.589056955354E-02,8.181230868723E+00
2,0.7690,2.382557103951E+01,5.544465736318E-02,8.170592076957E+00
2,0.7700,2.376699215391E+01,5.499990338630E-02,8.159980918415E+00
2,0.7710,2.370953259771E+01,5.464586499241E-02,8.149397285577E+00
2,0.7720,2.365217426002E+01,5.429274379642E-02,8.138841071476E+00
2,0.7730,2.359491662274E+01,5.394053623872E-02,8.128312169702E+00
2,0.7740,2.353775916964E+01,5.358923877807E-02,8.117810474392E+00
2,0.7750,2.348070138693E+01,5.323884789151E-02,8.107335880232E+00
2,0.7760,2.342374276181E+01,5.288936007425E-02,8.096888282448E+00
2,0.7770,2.336688278544E+01,5.254077183952E-02,8.086467576808E+00
2,0.7780,2.331012094928E+01,5.219307971851E-02,8.076073659614E+00
2,0.7790,2.325345674701E+01,5.184628026020E-02,8.065706427702E+00
2,0.7800,2.319688967657E+01,5.150037003127E-02,8.055365778435E+00
2,0.7810,2.314041923448E+01,5.098446871980E-02,8.045051609705E+00
2,0.7820,2.308404492240E+01,5.046988684902E-02,8.034763819923E+00
2,0.7830,2.302776624153E+01,4.995661936360E-02,8.024502308020E+00
2,0.7840,2.297158269662E+01,4.944466123402E-02,8.014266973443E+00
2,0.7850,2.291549379399E+01,4.893400745635E-02,8.004057716152E+00
2,0.7860,2.285949904057E+01,4.842465305217E-02,7.993874436615E+00
2,0.7870,2.280359794777E+01,4.791659306833E-02,7.983717035806E+00
2,0.7880,2.274779002722E+01,4.740982257684E-02,7.973585415203E+00
2,0.7890,2.269207479293E+01,4.690433667467E-02,7.963479476780E+00
2,0.7900,2.263645175961E+01,4.640013048365E-02,7.953399123012E+00
2,0.7910,2.258092044652E+01,4.600570523281E-02,7.943344256864E+00
2,0.7920,2.252548037179E+01,4.561227600532E-02,7.933314781792E+00
2,0.7930,2.247013105693E+01,4.521983903314E-02,7.923310601740E+00
2,0.7940,2.241487202587E+01,4.482839056719E-02,7.913331621133E+00
2,0.7950,2.235970280326E+01,4.443792687725E-02,7.903377744880E+00
2,0.7960,2.230462291538E+01,4.404844425186E-02,7.893448878366E+00
2,0.7970,2.224963189126E+01,4.365993899817E-02,7.883544927452E+00
2,0.7980,2.219472926146E+01,4.327240744187E-02,7.873665798471E+00
2,0.7990,2.213991455672E+01,4.288584592700E-02,7.863811398222E+00
2,0.8000,2.208518731289E+01,4.250025081593E-02,7.853981633974E+00
2,0.8010,2.203154966528E+01,4.212103097087E-02,7.844176413458E+00
2,0.8020,2.197799773847E+01,4.174275681122E-02,7.834395644862E+00
2,0.8030,2.192453108458E+01,4.136542480389E-02,7.824639236836E+00
2,0.8040,2.187114925538E+01,4.098903143340E-02,7.814907098482E+00
2,0.8050,2.181785180665E+01,4.061357320171E-02,7.805199139354E+00
2,0.8060,2.176463829467E+01,4.023904662817E-02,7.795515269454E+00
2,0.8070,2.171150827739E+01,3.986544824936E-02,7.785855399231E+00
2,0.8080,2.165846131441E+01,3.949277461901E-02,7.776219439579E+00
2,0.8090,2.160549696770E+01,3.912102230790E-02,7.766607301829E+00
2,0.8100,2.155261479953E+01,3.875018790372E-02,7.757018897753E+00
2,0.8110,2.149981437474E+01,3.840637693148E-02,7.747454139556E+00
2,0.8120,2.144709526071E+01,3.806341278429E-02,7.737912939876E+00
2,0.8130,2.139445702336E+01,3.772129233734E-02,7.728395211783E+00
2,0.8140,2.134189923318E+01,3.738001248116E-02,7.718900868771E+00
2,0.8150,2.128942146098E+01,3.703957012157E-02,7.709429824760E+00
2,0.8160,2.123702327866E+01,3.669996217952E-02,7.699981994093E+00
2,0.8170,2.118470426156E+01,3.636118559107E-02,7.690557291529E+00
2,0.8180,2.113246398413E+01,3.602323730723E-02,7.681155632249E+00
2,0.8190,2.108030202373E+01,3.568611429393E-02,7.671776931843E+00
2,0.8200,2.102821795912E+01,3.534981353188E-02,7.662421106317E+00
2,0.8210,2.097621137019E+01,3.504655151729E-02,7.653088072082E+00
2,0.8220,2.092428183957E+01,3.474402736649E-02,7.643777745961E+00
2,0.8230,2.087242894883E+01,3.444223838981E-02,7.634490045176E+00
2,0.8240,2.082065228265E+01,3.414118191064E-02,7.625224887354E+00
2,0.8250,2.076895142795E+01,3.384085526536E-02,7.615982190521E+00
2,0.8260,2.071732597220E+01,3.354125580324E-02,7.606761873099E+00
2,0.8270,2.066577550397E+01,3.324238088638E-02,7.597563853905E+00
2,0.8280,2.061429961371E+01,3.294422788960E-02,7.588388052149E+00
2,0.8290,2.056289789322E+01,3.264679420042E-02,7.579234387430E+00
2,0.8300,2.051156993589E+01,3.235007721892E-02,7.570102779734E+00
2,0.8310,2.046031533548E+01,3.206201340052E-02,7.560993149434E+00
2,0.8320,2.040913368934E+01,3.177464204322E-02,7.551905417283E+00
2,0.8330,2.035802459392E+01,3.148796065316E-02,7.542839504417E+00
2,0.8340,2.030698764813E+01,3.120196674846E-02,7.533795332350E+00
2,0.8350,2.025602245358E+01,3.091665785909E-02,7.524772822970E+00
2,0.8360,2.020512860914E+01,3.063203152688E-02,7.515771898540E+00
2,0.8370,2.015430572003E+01,3.034808530538E-02,7.506792481696E+00
2,0.8380,2.010355338956E+01,3.006481675982E-02,7.497834495441E+00
2,0.8390,2.005287122403E+01,2.978222346705E-02,7.488897863146E+00
2,0.8400,2.000225882901E+01,2.950030301546E-02,7.479982508547E+00
2,0.8410,1.995270502424E+01,2.921725994369E-02,7.471088355743E+00
2,0.8420,1.990321968807E+01,2.893488918325E-02,7.462215329192E+00
2,0.8430,1.985380244199E+01,2.865318834158E-02,7.453363353712E+00
2,0.8440,1.980445291121E+01,2.837215503745E-02,7.444532354478E+00
2,0.8450,1.975517072032E+01,2.809178690090E-02,7.435722257017E+00
2,0.8460,1.970595549568E+01,2.781208157318E-02,7.426932987210E+00
2,0.8470,1.965680686623E+01,2.753303670669E-02,7.418164471286E+00
2,0.8480,1.960772445929E+01,2.725464996489E-02,7.409416635825E+00
2,0.8490,1.955870790639E+01,2.697691902224E-02,7.400689407750E+00
2,0.8500,1.950975683876E+01,2.669984156416E-02,7.391982714329E+00
2,0.8510,1.946087088939E+01,2.642193862764E-02,7.383296483172E+00
2,0.8520,1.941204969162E+01,2.614468804544E-02,7.374630642230E+00
2,0.8530,1.936329288157E+01,2.586808752323E-02,7.365985119788E+00
2,0.8540,1.931460009563E+01,2.559213477741E-02,7.357359844473E+00
2,0.8550,1.926597097139E+01,2.531682753509E-02,7.348754745239E+00
2,0.8560,1.921740514814E+01,2.504216353399E-02,7.340169751378E+00
2,0.8570,1.916890226621E+01,2.476814052239E-02,7.331604792508E+00
2,0.8580,1.912046196514E+01,2.449475625907E-02,7.323059798578E+00
2,0.8590,1.907208389075E+01,2.422200851324E-02,7.314534699860E+00
2,0.8600,1.902376768499E+01,2.394989506449E-02,7.306029426953E+00
2,0.8610,1.897649754262E+01,2.370738495207E-02,7.297543910778E+00
2,0.8620,1.892928815769E+01,2.346543750811E-02,7.289078082575E+00
2,0.8630,1.888213919145E+01,2.322405077666E-02,7.280631873904E+00
2,0.8640,1.883505030172E+01,2.298322281078E-02,7.272205216643E+00
2,0.8650,1.878802114926E+01,2.274295167258E-02,7.263798042982E+00
2,0.8660,1.874105139746E+01,2.250323543307E-02,7.255410285427E+00
2,0.8670,1.869414070857E+01,2.226407217221E-02,7.247041876793E+00
2,0.8680,1.864728874715E+01,2.202545997876E-02,7.238692750207E+00
2,0.8690,1.860049517887E+01,2.178739695032E-02,7.230362839102E+00
2,0.8700,1.855375967098E+01,2.154988119321E-02,7.222052077218E+00
2,0.8710,1.850609926923E+01,2.130742836455E-02,7.213760398599E+00
2,0.8720,1.845849659238E+01,2.106553162036E-02,7.205487737591E+00
2,0.8730,1.841095129951E+01,2.082418904969E-02,7.197234028843E+00
2,0.8740,1.836346305067E+01,2.058339875036E-02,7.188999207299E+00
2,0.8750,1.831603150709E+01,2.034315882885E-02,7.180783208205E+00
2,0.8760,1.826865633205E+01,2.010346740031E-02,7.172585967100E+00
2,0.8770,1.822133718937E+01,1.986432258848E-02,7.164407419817E+00
2,0.8780,1.817407374292E+01,1.962572252566E-02,7.156247502482E+00
2,0.8790,1.812686565926E+01,1.938766535262E-02,7.148106151513E+00
2,0.8800,1.807971260470E+01,1.915014921862E-02,7.139983303613E+00
2,0.8810,1.803359548428E+01,1.894811848788E-02,7.131878895777E+00
2,0.8820,1.798753247652E+01,1.874654587671E-02,7.123792865283E+00
2,0.8830,1.794152326382E+01,1.854542982864E-02,7.115725149694E+00
2,0.8840,1.789556752720E+01,1.834476879426E-02,7.107675686855E+00
2,0.8850,1.784966495150E+01,1.814456123114E-02,7.099644414892E+00
2,0.8860,1.780381522166E+01,1.794480560383E-02,7.091631272212E+00
2,0.8870,1.775801802347E+01,1.774550038380E-02,7.083636197497E+00
2,0.8880,1.771227304221E+01,1.754664404939E-02,7.075659129707E+00
2,0.8890,1.766657996894E+01,1.734823508582E-02,7.067700008076E+00
2,0.8900,1.762093849205E+01,1.715027198509E-02,7.059758772112E+00
2,0.8910,1.757534830099E+01,1.694824007135E-02,7.051835361593E+00
2,0.8920,1.752980908721E+01,1.674666114395E-02,7.043929716569E+00
2,0.8930,1.748432054541E+01,1.654553368113E-02,7.036041777357E+00
2,0.8940,1.743888236688E+01,1.634485616788E-02,7.028171484541E+00
2,0.8950,1.739349424891E+01,1.614462709600E-02,7.020318778972E+00
2,0.8960,1.734815588594E+01,1.594484496402E-02,7.012483601763E+00
2,0.8970,1.730286697544E+01,1.574550827714E-02,7.004665894292E+00
2,0.8980,1.725762721609E+01,1.554661554725E-02,6.996865598196E+00
2,0.8990,1.721243630806E+01,1.534816529285E-02,6.989082655372E+00
2,0.9000,1.716729394990E+01,1.515015603901E-02,6.981317007977E+00
2,0.9010,1.712219984602E+01,1.498856993134E-02,6.973568598424E+00
2,0.9020,1.707715369651E+01,1.482734210771E-02,6.965837369379E+00
2,0.9030,1.703215520845E+01,1.466647137783E-02,6.958123263765E+00
2,0.9040,1.698720408575E+01,1.450595655664E-02,6.950426224756E+00
2,0.9050,1.694230003336E+01,1.434579646434E-02,6.942746195779E+00
2,0.9060,1.689744276210E+01,1.418598992632E-02,6.935083120507E+00
2,0.9070,1.685263197880E+01,1.402653577318E-02,6.927436942866E+00
2,0.9080,1.680786739286E+01,1.386743284063E-02,6.919807607026E+00
2,0.9090,1.676314871754E+01,1.370867996955E-02,6.912195057403E+00
2,0.9100,1.671847566298E+01,1.355027600587E-02,6.904599238659E+00
2,0.9110,1.667384794510E+01,1.339373714504E-02,6.897020095697E+00
2,0.9120,1.662926527729E+01,1.323754157119E-02,6.889457573662E+00
2,0.9130,1.658472737504E+01,1.308168815631E-02,6.881911617940E+00
2,0.9140,1.654023395760E+01,1.292617577735E-02,6.874382174157E+00
2,0.9150,1.649578474264E+01,1.277100331617E-02,6.866869188174E+00
2,0.9160,1.645137944866E+01,1.261616965948E-02,6.859372606091E+00
2,0.9170,1.640701779851E+01,1.246167369888E-02,6.851892374242E+00
2,0.9180,1.636269951355E+01,1.230751433079E-02,6.844428439193E+00
2,0.9190,1.631842431779E+01,1.215369045643E-02,6.836980747747E+00
2,0.9200,1.627419193680E+01,1.200020098179E-02,6.829549246934E+00
2,0.9210,1.623098053081E+01,1.184363375069E-02,6.822133884017E+00
2,0.9220,1.618781136772E+01,1.168740614481E-02,6.814734606485E+00
2,0.9230,1.614468418551E+01,1.153151706030E-02,6.807351362058E+00
2,0.9240,1.610159872241E+01,1.137596539804E-02,6.799984098679E+00
2,0.9250,1.605855472162E+01,1.122075006371E-02,6.792632764518E+00
2,0.9260,1.601555192145E+01,1.106586996767E-02,6.785297307969E+00
2,0.9270,1.597259006723E+01,1.091132402503E-02,6.777977677648E+00
2,0.9280,1.592966890177E+01,1.075711115554E-02,6.770673822392E+00
2,0.9290,1.588678817314E+01,1.060323028361E-02,6.763385691259E+00
2,0.9300,1.584394762587E+01,1.044968033830E-02,6.756113233526E+00
2,0.9310,1.580016866802E+01,1.031846152508E-02,6.748856398689E+00
2,0.9320,1.575642935915E+01,1.018752429731E-02,6.741615136459E+00
2,0.9330,1.571272944076E+01,1.005686774955E-02,6.734389396763E+00
2,0.9340,1.566906865775E+01,9.926490980266E-03,6.727179129743E+00
2,0.9350,1.562544675565E+01,9.796393091771E-03,6.719984285754E+00
2,0.9360,1.558186348212E+01,9.666573190219E-03,6.712804815363E+00
2,0.9370,1.553831858677E+01,9.537030385574E-03,6.705640669349E+00
2,0.9380,1.549481181999E+01,9.407763791601E-03,6.698491798699E+00
2,0.9390,1.545134293334E+01,9.278772525836E-03,6.691358154611E+00
2,0.9400,1.540791168244E+01,9.150055709572E-03,6.684239688489E+00
2,0.9410,1.536549654764E+01,9.013733446944E-03,6.677136351944E+00
2,0.9420,1.532311864710E+01,8.877700615870E-03,6.670048096794E+00
2,0.9430,1.528077774567E+01,8.741956295573E-03,6.662974875058E+00
2,0.9440,1.523847361197E+01,8.606499569175E-03,6.655916638961E+00
2,0.9450,1.519620601546E+01,8.471329523680E-03,6.648873340931E+00
2,0.9460,1.515397472721E+01,8.336445249951E-03,6.641844933594E+00
2,0.9470,1.511177952010E+01,8.201845842692E-03,6.634831369778E+00
2,0.9480,1.506962016942E+01,8.067530400427E-03,6.627832602510E+00
2,0.9490,1.502749645203E+01,7.933498025480E-03,6.620848585015E+00
2,0.9500,1.498540814401E+01,7.799747823955E-03,6.613879270715E+00
2,0.9510,1.494335502758E+01,7.688742449398E-03,6.606924613228E+00
2,0.9520,1.490133688347E+01,7.577970279409E-03,6.599984566365E+00
2,0.9530,1.485935349568E+01,7.467430579872E-03,6.593059084134E+00
2,0.9540,1.481740464977E+01,7.357122619746E-03,6.586148120733E+00
2,0.9550,1.477549013278E+01,7.247045671056E-03,6.579251630555E+00
2,0.9560,1.473360973439E+01,7.137199008869E-03,6.572369568179E+00
2,0.9570,1.469176324669E+01,7.027581911284E-03,6.565501888380E+00
2,0.9580,1.464995046241E+01,6.918193659415E-03,6.558648546116E+00
2,0.9590,1.460817117577E+01,6.809033537372E-03,6.551809496538E+00
2,0.9600,1.456642518634E+01,6.700100832250E-03,6.544984694979E+00
2,0.9610,1.452471229323E+01,6.594108176361E-03,6.538174096961E+00
2,0.9620,1.448303229841E+01,6.488335879423E-03,6.531377658191E+00
2,0.9630,1.444138500374E+01,6.382783254962E-03,6.524595334558E+00
2,0.9640,1.439977021842E+01,6.277449619347E-03,6.517827082136E+00
2,0.9650,1.435818775134E+01,6.172334291786E-03,6.511072857181E+00
2,0.9660,1.431663741059E+01,6.067436594303E-03,6.504332616128E+00
2,0.9670,1.427511901092E+01,5.962755851726E-03,6.497606315594E+00
2,0.9680,1.423363236848E+01,5.858291391675E-03,6.490893912376E+00
2,0.9690,1.419217730113E+01,5.754042544545E-03,6.484195363446E+00
2,0.9700,1.415075362970E+01,5.650008643492E-03,6.477510625958E+00
2,0.9710,1.410936117731E+01,5.564216783703E-03,6.470839657240E+00
2,0.9720,1.406799977019E+01,5.478601450375E-03,6.464182414794E+00
2,0.9730,1.402666923668E+01,5.393162099232E-03,6.457538856300E+00
2,0.9740,1.398536940858E+01,5.307898188236E-03,6.450908939609E+00
2,0.9750,1.394410011954E+01,5.222809177569E-03,6.444292622748E+00
2,0.9760,1.390286120693E+01,5.137894529630E-03,6.437689863914E+00
2,0.9770,1.386165251013E+01,5.053153709015E-03,6.431100621473E+00
2,0.9780,1.382047387228E+01,4.968586182511E-03,6.424524853967E+00
2,0.9790,1.377932514138E+01,4.884191419085E-03,6.417962520102E+00
2,0.9800,1.373820616313E+01,4.799968889870E-03,6.411413578755E+00
2,0.9810,1.369711679075E+01,4.714195155978E-03,6.404877988970E+00
2,0.9820,1.365605688170E+01,4.628596114007E-03,6.398355709959E+00
2,0.9830,1.361502629299E+01,4.543171230820E-03,6.391846701098E+00
2,0.9840,1.357402488740E+01,4.457919975444E-03,6.385350921930E+00
2,0.9850,1.353305252917E+01,4.372841819064E-03,6.378868332162E+00
2,0.9860,1.349210908966E+01,4.287936235009E-03,6.372398891663E+00
2,0.9870,1.345119444040E+01,4.203202698743E-03,6.365942560466E+00
2,0.9880,1.341030845801E+01,4.118640687855E-03,6.359499298765E+00
2,0.9890,1.336945102273E+01,4.034249682044E-03,6.353069066916E+00
2,0.9900,1.332862201871E+01,3.950029163114E-03,6.346651825434E+00
2,0.9910,1.328880372985E+01,3.874347741704E-03,6.340247534995E+00
2,0.9920,1.324901381047E+01,3.798818903806E-03,6.333856156431E+00
2,0.9930,1.320925215465E+01,3.723442188441E-03,6.327477650735E+00
2,0.9940,1.316951865956E+01,3.648217136487E-03,6.321111979054E+00
2,0.9950,1.312981322563E+01,3.573143290668E-03,6.314759102693E+00
2,0.9960,1.309013575915E+01,3.498220195543E-03,6.308418983112E+00
2,0.9970,1.305048616935E+01,3.423447397500E-03,6.302091581925E+00
2,0.9980,1.301086436727E+01,3.348824444743E-03,6.295776860901E+00
2,0.9990,1.297127027230E+01,3.274350887287E-03,6.289474781962E+00
2,1.0000,1.293170380674E+01,3.200026276947E-03,6.283185307180E+00
2,1.0010,1.289118185308E+01,3.134945407595E-03,6.276908398781E+00
2,1.0020,1.285068725424E+01,3.069994440179E-03,6.270644019141E+00
2,1.0030,1.281021995112E+01,3.005172986158E-03,6.264392130787E+00
2,1.0040,1.276977989234E+01,2.940480658538E-03,6.258152696394E+00
2,1.0050,1.272936702837E+01,2.875917071870E-03,6.251925678786E+00
2,1.0060,1.268898131657E+01,2.811481842232E-03,6.245711040934E+00
2,1.0070,1.264862272173E+01,2.747174587232E-03,6.239508745958E+00
2,1.0080,1.260829121388E+01,2.682994925991E-03,6.233318757123E+00
2,1.0090,1.256798676697E+01,2.618942479143E-03,6.227141037839E+00
2,1.0100,1.252770936291E+01,2.555016868823E-03,6.220975551663E+00
2,1.0110,1.248844265006E+01,2.498513919999E-03,6.214822262294E+00
2,1.0120,1.244920303376E+01,2.442122637081E-03,6.208681133577E+00
2,1.0130,1.240999049933E+01,2.385842689371E-03,6.202552129496E+00
2,1.0140,1.237080504567E+01,2.329673747476E-03,6.196435214181E+00
2,1.0150,1.233164667073E+01,2.273615483298E-03,6.190330351901E+00
2,1.0160,1.229251538257E+01,2.217667570034E-03,6.184237507067E+00
2,1.0170,1.225341119465E+01,2.161829682165E-03,6.178156644228E+00
2,1.0180,1.221433412525E+01,2.106101495451E-03,6.172087728074E+00
2,1.0190,1.217528420287E+01,2.050482686924E-03,6.166030723434E+00
2,1.0200,1.213626145942E+01,1.994972934885E-03,6.159985595274E+00
2,1.0210,1.209726593545E+01,1.946045876722E-03,6.153952308697E+00
2,1.0220,1.205829767944E+01,1.897214566227E-03,6.147930828943E+00
2,1.0230,1.201935674404E+01,1.848478722614E-03,6.141921121388E+00
2,1.0240,1.198044319177E+01,1.799838066196E-03,6.135923151543E+00
2,1.0250,1.194155709182E+01,1.751292318375E-03,6.129936885053E+00
2,1.0260,1.190269852275E+01,1.702841201642E-03,6.123962287699E+00
2,1.0270,1.186386756948E+01,1.654484439567E-03,6.117999325394E+00
2,1.0280,1.182506432542E+01,1.606221756795E-03,6.112047964182E+00
2,1.0290,1.178628889205E+01,1.558052879044E-03,6.106108170243E+00
2,1.0300,1.174754137906E+01,1.509977533093E-03,6.100179909883E+00
2,1.0310,1.170882190606E+01,1.471648759615E-03,6.094263149544E+00
2,1.0320,1.167013060136E+01,1.433394266705E-03,6.088357855794E+00
2,1.0330,1.163146760242E+01,1.395213838642E-03,6.082463995334E+00
2,1.0340,1.159283305447E+01,1.357107260535E-03,6.076581534990E+00
2,1.0350,1.155422711422E+01,1.319074318329E-03,6.070710441719E+00
2,1.0360,1.151564994884E+01,1.281114798791E-03,6.064850682606E+00
2,1.0370,1.147710173111E+01,1.243228489512E-03,6.059002224860E+00
2,1.0380,1.143858264918E+01,1.205415178903E-03,6.053165035818E+00
2,1.0390,1.140009290014E+01,1.167674656187E-03,6.047339082945E+00
2,1.0400,1.136163268887E+01,1.130006711399E-03,6.041524333827E+00
2,1.0410,1.132320223472E+01,1.098235605911E-03,6.035720756176E+00
2,1.0420,1.128480176820E+01,1.066525481431E-03,6.029928317831E+00
2,1.0430,1.124643152809E+01,1.034876162560E-03,6.024146986749E+00
2,1.0440,1.120809176827E+01,1.003287474567E-03,6.018376731015E+00
2,1.0450,1.116978275478E+01,9.717592433936E-04,6.012617518832E+00
2,1.0460,1.113150476041E+01,9.402912956450E-04,6.006869318527E+00
2,1.0470,1.109325807680E+01,9.088834585892E-04,6.001132098548E+00
2,1.0480,1.105504300657E+01,8.775355601539E-04,5.995405827461E+00
2,1.0490,1.101685986354E+01,8.462474289223E-04,5.989690473956E+00
2,1.0500,1.097870897673E+01,8.150188941313E-04,5.983986006838E+00
2,1.0510,1.094059068740E+01,7.887944313071E-04,5.978292395033E+00
2,1.0520,1.090250535466E+01,7.626198248760E-04,5.972609607585E+00
2,1.0530,1.086445334616E+01,7.364949327972E-04,5.966937613656E+00
2,1.0540,1.082643504845E+01,7.104196135686E-04,5.961276382523E+00
2,1.0550,1.078845086058E+01,6.843937262248E-04,5.955625883583E+00
2,1.0560,1.075050119726E+01,6.584171303343E-04,5.949986086344E+00
2,1.0570,1.071258649006E+01,6.324896859971E-04,5.944356960435E+00
2,1.0580,1.067470718755E+01,6.066112538419E-04,5.938738475595E+00
2,1.0590,1.063686374898E+01,5.807816950242E-04,5.933130601680E+00
2,1.0600,1.059905665482E+01,5.550008712231E-04,5.927533308660E+00
2,1.0610,1.056128640133E+01,5.393691167034E-04,5.921946566616E+00
2,1.0620,1.052355350242E+01,5.237668005161E-04,5.916370345743E+00
2,1.0630,1.048585849054E+01,5.081938395803E-04,5.910804616350E+00
2,1.0640,1.044820191163E+01,4.926501511275E-04,5.905249348853E+00
2,1.0650,1.041058433488E+01,4.771356527000E-04,5.899704513784E+00
2,1.0660,1.037300634819E+01,4.616502621494E-04,5.894170081782E+00
2,1.0670,1.033546855338E+01,4.461938976355E-04,5.888646023598E+00
2,1.0680,1.029797157455E+01,4.307664776244E-04,5.883132310093E+00
2,1.0690,1.026051606031E+01,4.153679208874E-04,5.877628912235E+00
2,1.0700,1.022310267079E+01,3.999981464995E-04,5.872135801102E+00
2,1.0710,1.018573209520E+01,3.909226591861E-04,5.866652947880E+00
2,1.0720,1.014840503527E+01,3.818641037520E-04,5.861180323862E+00
2,1.0730,1.011112222048E+01,3.728224328574E-04,5.855717900447E+00
2,1.0740,1.007388439988E+01,3.637975993388E-04,5.850265649143E+00
2,1.0750,1.003669234584E+01,3.547895562081E-04,5.844823541562E+00
2,1.0760,9.999546847937E+00,3.457982566521E-04,5.839391549423E+00
2,1.0770,9.962448728517E+00,3.368236540311E-04,5.833969644549E+00
2,1.0780,9.925398823252E+00,3.278657018788E-04,5.828557798868E+00
2,1.0790,9.888397996543E+00,3.189243539010E-04,5.823155984411E+00
2,1.0800,9.851447136494E+00,3.099995639751E-04,5.817764173314E+00
2,1.0810,9.815508127451E+00,3.024374338983E-04,5.812382337816E+00
2,1.0820,9.779618881901E+00,2.948892818808E-04,5.807010450258E+00
2,1.0830,9.743780264075E+00,2.873550692023E-04,5.801648483084E+00
2,1.0840,9.707993156507E+00,2.798347572851E-04,5.796296408837E+00
2,1.0850,9.672258465648E+00,2.723283076941E-04,5.790954200166E+00
2,1.0860,9.636577125589E+00,2.648356821354E-04,5.785621829815E+00
2,1.0870,9.600950087415E+00,2.573568424564E-04,5.780299270634E+00
2,1.0880,9.565378330560E+00,2.498917506444E-04,5.774986495569E+00
2,1.0890,9.529862854886E+00,2.424403688265E-04,5.769683477667E+00
2,1.0900,9.494404687592E+00,2.350026592689E-04,5.764390190073E+00
2,1.0910,9.458055587538E+00,2.289527072121E-04,5.759106606031E+00
2,1.0920,9.421768697140E+00,2.229138356536E-04,5.753832698882E+00
2,1.0930,9.385545240998E+00,2.168860141802E-04,5.748568442067E+00
2,1.0940,9.349386471745E+00,2.108692124902E-04,5.743313809122E+00
2,1.0950,9.313293674431E+00,2.048634003923E-04,5.738068773680E+00
2,1.0960,9.277268158099E+00,1.988685478055E-04,5.732833309470E+00
2,1.0970,9.241311267382E+00,1.928846247586E-04,5.727607390319E+00
2,1.0980,9.205424372137E+00,1.869116013893E-04,5.722390990145E+00
2,1.0990,9.169608872206E+00,1.809494479443E-04,5.717184082966E+00
2,1.1000,9.133866201522E+00,1.749981347782E-04,5.711986642891E+00
2,1.1010,9.099131033512E+00,1.709654151404E-04,5.706798644123E+00
2,1.1020,9.064467951356E+00,1.669400144129E-04,5.701620060962E+00
2,1.1030,9.029878329732E+00,1.629219126895E-04,5.696450867797E+00
2,1.1040,8.995363566194E+00,1.589110901359E-04,5.691291039112E+00
2,1.1050,8.960925090017E+00,1.549075269896E-04,5.686140549484E+00
2,1.1060,8.926564350856E+00,1.509112035597E-04,5.680999373580E+00
2,1.1070,8.892282831774E+00,1.469221002263E-04,5.675867486160E+00
2,1.1080,8.858082042524E+00,1.429401974404E-04,5.670744862075E+00
2,1.1090,8.823963516697E+00,1.389654757236E-04,5.665631476267E+00
2,1.1100,8.789928814069E+00,1.349979156675E-04,5.660527303765E+00
2,1.1110,8.755066837574E+00,1.314695729630E-04,5.655432319694E+00
2,1.1120,8.720296655285E+00,1.279475761986E-04,5.650346499262E+00
2,1.1130,8.685620087366E+00,1.244319082694E-04,5.645269817771E+00
2,1.1140,8.651038981750E+00,1.209225521317E-04,5.640202250610E+00
2,1.1150,8.616555217537E+00,1.174194908033E-04,5.635143773255E+00
2,1.1160,8.582170702739E+00,1.139227073626E-04,5.630094361272E+00
2,1.1170,8.547887371196E+00,1.104321849486E-04,5.625053990313E+00
2,1.1180,8.513707190518E+00,1.069479067608E-04,5.620022636118E+00
2,1.1190,8.479632149568E+00,1.034698560586E-04,5.615000274513E+00
2,1.1200,8.445664266048E+00,9.999801616114E-05,5.609986881410E+00
2,1.1210,8.412691253527E+00,9.747793098372E-05,5.604982432810E+00
2,1.1220,8.379823473113E+00,9.496233793674E-05,5.599986904795E+00
2,1.1230,8.347062813906E+00,9.245122501986E-05,5.595000273535E+00
2,1.1240,8.314411191427E+00,8.994458027543E-05,5.590022515284E+00
2,1.1250,8.281870542379E+00,8.744239178832E-05,5.585053606382E+00
2,1.1260,8.249442819212E+00,8.494464768573E-05,5.580093523250E+00
2,1.1270,8.217129995611E+00,8.245133613701E-05,5.575142242395E+00
2,1.1280,8.184934060727E+00,7.996244535344E-05,5.570199740407E+00
2,1.1290,8.152857023554E+00,7.747796358810E-05,5.565265993959E+00
2,1.1300,8.120900906160E+00,7.499787913561E-05,5.560340979805E+00
2,1.1310,8.088214835845E+00,7.247818136859E-05,5.555424674783E+00
2,1.1320,8.055661188847E+00,6.996293536442E-05,5.550517055812E+00
2,1.1330,8.023242243400E+00,6.745212933554E-05,5.545618099894E+00
2,1.1340,7.990960288439E+00,6.494575153599E-05,5.540727784109E+00
2,1.1350,7.958817628963E+00,6.244379026119E-05,5.535846085621E+00
2,1.1360,7.926816572737E+00,5.994623384780E-05,5.530972981672E+00
2,1.1370,7.894959435267E+00,5.745307067347E-05,5.526108449586E+00
2,1.1380,7.863248541149E+00,5.496428915675E-05,5.521252466766E+00
2,1.1390,7.831686211684E+00,5.247987775683E-05,5.516405010693E+00
2,1.1400,7.800274771975E+00,4.999982497339E-05,5.511566058929E+00
2,1.1410,7.769828437125E+00,4.838724508270E-05,5.506735589114E+00
2,1.1420,7.739528742776E+00,4.677748932491E-05,5.501913578966E+00
2,1.1430,7.709377785044E+00,4.517055028761E-05,5.497100006281E+00
2,1.1440,7.679377658772E+00,4.356642058429E-05,5.492294848933E+00
2,1.1450,7.649530443892E+00,4.196509285426E-05,5.487498084873E+00
2,1.1460,7.619838216409E+00,4.036655976249E-05,5.482709692129E+00
2,1.1470,7.590303034623E+00,3.877081399957E-05,5.477929648805E+00
2,1.1480,7.560926947167E+00,3.717784828153E-05,5.473157933083E+00
2,1.1490,7.531711981574E+00,3.558765534977E-05,5.468394523220E+00
2,1.1500,7.502660149237E+00,3.400022797094E-05,5.463639397547E+00
2,1.1510,7.473773440772E+00,3.269003205344E-05,5.458892534474E+00
2,1.1520,7.445053823807E+00,3.138211078164E-05,5.454153912482E+00
2,1.1530,7.416503237368E+00,3.007645823711E-05,5.449423510130E+00
2,1.1540,7.388123598533E+00,2.877306852194E-05,5.444701306048E+00
2,1.1550,7.359916789577E+00,2.747193575866E-05,5.439987278943E+00
2,1.1560,7.331884664628E+00,2.617305409013E-05,5.435281407595E+00
2,1.1570,7.304029042567E+00,2.487641767945E-05,5.430583670855E+00
2,1.1580,7.276351701396E+00,2.358202070990E-05,5.425894047651E+00
2,1.1590,7.248854388618E+00,2.228985738481E-05,5.421212516980E+00
2,1.1600,7.221538803481E+00,2.099992192753E-05,5.416539057913E+00
2,1.1610,7.194406606525E+00,1.999216480518E-05,5.411873649595E+00
2,1.1620,7.167459412186E+00,1.898614220455E-05,5.407216271239E+00
2,1.1630,7.140698784645E+00,1.798184965139E-05,5.402566902132E+00
2,1.1640,7.114126246155E+00,1.697928268680E-05,5.397925521632E+00
2,1.1650,7.087743257403E+00,1.597843686722E-05,5.393292109167E+00
2,1.1660,7.061551235090E+00,1.497930776431E-05,5.388666644236E+00
2,1.1670,7.035551535266E+00,1.398189096492E-05,5.384049106409E+00
2,1.1680,7.009745459329E+00,1.298618207101E-05,5.379439475325E+00
2,1.1690,6.984134247977E+00,1.199217669959E-05,5.374837730693E+00
2,1.1700,6.958719083959E+00,1.099987048265E-05,5.370243852290E+00
2,1.1710,6.933501085979E+00,1.021892751207E-05,5.365657819965E+00
2,1.1720,6.908481309929E+00,9.439317208681E-06,5.361079613634E+00
2,1.1730,6.883660746939E+00,8.661036164121E-06,5.356509213282E+00
2,1.1740,6.859040320958E+00,7.884080981646E-06,5.351946598960E+00
2,1.1750,6.834620890634E+00,7.108448276079E-06,5.347391750791E+00
2,1.1760,6.810403244852E+00,6.334134673751E-06,5.342844648962E+00
2,1.1770,6.786388100245E+00,5.561136812465E-06,5.338305273729E+00
2,1.1780,6.762576108977E+00,4.789451341435E-06,5.333773605416E+00
2,1.1790,6.738967846219E+00,4.019074921247E-06,5.329249624410E+00
2,1.1800,6.715563817903E+00,3.250004223805E-06,5.324733311169E+00
2,1.1810,6.692364458737E+00,3.103898861971E-06,5.320224646215E+00
2,1.1820,6.669370127509E+00,2.958040717332E-06,5.315723610135E+00
2,1.1830,6.646581112801E+00,2.812429162962E-06,5.311230183584E+00
2,1.1840,6.623997629421E+00,2.667063574056E-06,5.306744347280E+00
2,1.1850,6.601619816450E+00,2.521943327916E-06,5.302266082008E+00
2,1.1860,6.579447743618E+00,2.377067803945E-06,5.297795368617E+00
2,1.1870,6.557481404666E+00,2.232436383636E-06,5.293332188020E+00
2,1.1880,6.535720722444E+00,2.088048450568E-06,5.288876521195E+00
2,1.1890,6.514165545961E+00,1.943903390389E-06,5.284428349184E+00
2,1.1900,6.492815654331E+00,1.800000590816E-06,5.279987653092E+00
2,1.1910,6.471670755365E+00,1.729469176907E-06,5.275554414089E+00
2,1.1920,6.450730484477E+00,1.659056104298E-06,5.271128613406E+00
2,1.1930,6.429994410234E+00,1.588761075397E-06,5.266710232338E+00
2,1.1940,6.409462032448E+00,1.518583793614E-06,5.262299252244E+00
2,1.1950,6.389132781025E+00,1.448523963348E-06,5.257895654544E+00
2,1.1960,6.369006023999E+00,1.378581289990E-06,5.253499420719E+00
2,1.1970,6.349081062093E+00,1.308755479911E-06,5.249110532314E+00
2,1.1980,6.329357132497E+00,1.239046240467E-06,5.244728970935E+00
2,1.1990,6.309833411687E+00,1.169453279988E-06,5.240354718248E+00
2,1.2000,6.290509013837E+00,1.099976307777E-06,5.235987755983E+00
2,1.2010,6.271382995716E+00,1.054643901810E-06,5.231628065928E+00
2,1.2020,6.252454355108E+00,1.009386924140E-06,5.227275629933E+00
2,1.2030,6.233722036812E+00,9.642051866653E-07,5.222930429908E+00
2,1.2040,6.215184929369E+00,9.190985019106E-07,5.218592447824E+00
2,1.2050,6.196841871921E+00,8.740666830228E-07,5.214261665709E+00
2,1.2060,6.178691650363E+00,8.291095437683E-07,5.209938065655E+00
2,1.2070,6.160733003462E+00,7.842268985307E-07,5.205621629809E+00
2,1.2080,6.142964626096E+00,7.394185623084E-07,5.201312340380E+00
2,1.2090,6.125385164337E+00,6.946843507119E-07,5.197010179636E+00
2,1.2100,6.107993226272E+00,6.500240799609E-07,5.192715129900E+00
2,1.2110,6.091195103644E+00,6.258431321134E-07,5.188427173559E+00
2,1.2120,6.074570530795E+00,6.017020868201E-07,5.184146293052E+00
2,1.2130,6.058118141285E+00,5.776008453938E-07,5.179872470882E+00
2,1.2140,6.041836536007E+00,5.535393094723E-07,5.175605689604E+00
2,1.2150,6.025724288456E+00,5.295173810173E-07,5.171345931835E+00
2,1.2160,6.009779945527E+00,5.055349623130E-07,5.167093180246E+00
2,1.2170,5.994002028426E+00,4.815919559649E-07,5.162847417567E+00
2,1.2180,5.978389033815E+00,4.576882648981E-07,5.158608626584E+00
2,1.2190,5.962939436757E+00,4.338237923565E-07,5.154376790139E+00
2,1.2200,5.947651693455E+00,4.099984419010E-07,5.150151891131E+00
2,1.2210,5.932168797618E+00,3.923697419283E-07,5.145933912514E+00
2,1.2220,5.916854672366E+00,3.747698941650E-07,5.141722837299E+00
2,1.2230,5.901707557236E+00,3.571988278372E-07,5.137518648552E+00
2,1.2240,5.886725675373E+00,3.396564724021E-07,5.133321329395E+00
2,1.2250,5.871907237046E+00,3.221427575472E-07,5.129130863004E+00
2,1.2260,5.857250438496E+00,3.046576131897E-07,5.124947232610E+00
2,1.2270,5.842753466460E+00,2.872009694750E-07,5.120770421499E+00
2,1.2280,5.828414497077E+00,2.697727567761E-07,5.116600413013E+00
2,1.2290,5.814231701104E+00,2.523729056926E-07,5.112437190545E+00
2,1.2300,5.800203241459E+00,2.350013470500E-07,5.108280737544E+00
2,1.2310,5.786327277245E+00,2.234170029478E-07,5.104131037514E+00
2,1.2320,5.772601964626E+00,2.118514645991E-07,5.099988074009E+00
2,1.2330,5.759025458063E+00,2.003046862477E-07,5.095851830640E+00
2,1.2340,5.745595910657E+00,1.887766222858E-07,5.091722291069E+00
2,1.2350,5.732311477847E+00,1.772672272535E-07,5.087599439012E+00
2,1.2360,5.719170316960E+00,1.657764558377E-07,5.083483258236E+00
2,1.2370,5.706170588137E+00,1.543042628720E-07,5.079373732562E+00
2,1.2380,5.693310456847E+00,1.428506033360E-07,5.075270845864E+00
2,1.2390,5.680588093240E+00,1.314154323546E-07,5.071174582066E+00
2,1.2400,5.668001675076E+00,1.199987051973E-07,5.067084925145E+00
2,1.2410,5.655549386646E+00,1.129480782344E-07,5.063001859129E+00
2,1.2420,5.643229422012E+00,1.059088049382E-07,5.058925368100E+00
2,1.2430,5.631039984040E+00,9.888085790628E-08,5.054855436186E+00
2,1.2440,5.618979286481E+00,9.186420982460E-08,5.050792047572E+00
2,1.2450,5.607045552955E+00,8.485883346674E-08,5.046735186490E+00
2,1.2460,5.595237020411E+00,7.786470169373E-08,5.042684837223E+00
2,1.2470,5.583551938001E+00,7.088178745364E-08,5.038640984106E+00
2,1.2480,5.571988567389E+00,6.391006378123E-08,5.034603611522E+00
2,1.2490,5.560545184647E+00,5.694950379766E-08,5.030572703907E+00
2,1.2500,5.549220080374E+00,5.000008071006E-08,5.026548245744E+00
2,1.2510,5.538011559829E+00,4.677703386674E-08,5.022530221566E+00
2,1.2520,5.526917944202E+00,4.355913566056E-08,5.018518615958E+00
2,1.2530,5.515937570213E+00,4.034637376436E-08,5.014513413551E+00
2,1.2540,5.505068790830E+00,3.713873589032E-08,5.010514599027E+00
2,1.2550,5.494309976615E+00,3.393620978979E-08,5.006522157115E+00
2,1.2560,5.483659513988E+00,3.073878325311E-08,5.002536072595E+00
2,1.2570,5.473115807537E+00,2.754644410949E-08,4.998556330294E+00
2,1.2580,5.462677279877E+00,2.435918022683E-08,4.994582915087E+00
2,1.2590,5.452342370586E+00,2.117697951157E-08,4.990615811898E+00
2,1.2600,5.442109538310E+00,1.799982990857E-08,4.986655005698E+00
2,1.2610,5.432172783458E+00,1.719415334057E-08,4.982700481506E+00
2,1.2620,5.422329363644E+00,1.638975359756E-08,4.978752224390E+00
2,1.2630,5.412577927912E+00,1.558662764670E-08,4.974810219461E+00
2,1.2640,5.402917142617E+00,1.478477246474E-08,4.970874451883E+00
2,1.2650,5.393345689869E+00,1.398418503802E-08,4.966944906861E+00
2,1.2660,5.383862268912E+00,1.318486236237E-08,4.963021569652E+00
2,1.2670,5.374465595103E+00,1.238680144311E-08,4.959104425556E+00
2,1.2680,5.365154401298E+00,1.158999929502E-08,4.955193459921E+00
2,1.2690,5.355927436583E+00,1.079445294227E-08,4.951288658140E+00
2,1.2700,5.346783467338E+00,1.000015941843E-08,4.947390005653E+00
2,1.2710,5.337551972845E+00,9.597306023098E-09,4.943497487946E+00
2,1.2720,5.328405933353E+00,9.195086045058E-09,4.939611090550E+00
2,1.2730,5.319344046027E+00,8.793497991572E-09,4.935730799041E+00
2,1.2740,5.310365028699E+00,8.392540374590E-09,4.931856599042E+00
2,1.2750,5.301467616837E+00,7.992211710732E-09,4.927988476219E+00
2,1.2760,5.292650565307E+00,7.592510521269E-09,4.924126416285E+00
2,1.2770,5.283912647519E+00,7.193435332103E-09,4.920270404996E+00
2,1.2780,5.275252655620E+00,6.794984673750E-09,4.916420428153E+00
2,1.2790,5.266669399783E+00,6.397157081320E-09,4.912576471602E+00
2,1.2800,5.258161709099E+00,5.999951094504E-09,4.908738521234E+00
2,1.2810,5.249874720616E+00,5.753234677582E-09,4.904906562982E+00
2,1.2820,5.241656878256E+00,5.506903153666E-09,4.901080582823E+00
2,1.2830,5.233507166074E+00,5.260955622772E-09,4.897260566781E+00
2,1.2840,5.225424583667E+00,5.015391187721E-09,4.893446500919E+00
2,1.2850,5.217408145319E+00,4.770208954126E-09,4.889638371346E+00
2,1.2860,5.209456881469E+00,4.525408030380E-09,4.885836164214E+00
2,1.2870,5.201569837261E+00,4.280987527650E-09,4.882039865718E+00
2,1.2880,5.193746072882E+00,4.036946559863E-09,4.878249462096E+00
2,1.2890,5.185984663080E+00,3.793284243693E-09,4.874464939627E+00
2,1.2900,5.178284697451E+00,3.549999698556E-09,4.870686284635E+00
2,1.2910,5.170517916681E+00,3.419094326591E-09,4.866913483485E+00
2,1.2920,5.162814318014E+00,3.288391594520E-09,4.863146522585E+00
2,1.2930,5.155172947772E+00,3.157891032182E-09,4.859385388383E+00
2,1.2940,5.147592869121E+00,3.027592170868E-09,4.855630067372E+00
2,1.2950,5.140073160167E+00,2.897494543316E-09,4.851880546085E+00
2,1.2960,5.132612915099E+00,2.767597683708E-09,4.848136811095E+00
2,1.2970,5.125211243164E+00,2.637901127662E-09,4.844398849020E+00
2,1.2980,5.117867268520E+00,2.508404412225E-09,4.840666646517E+00
2,1.2990,5.110580130334E+00,2.379107075874E-09,4.836940190285E+00
3,0.3000,1.013740862901E+02,8.867668863533E+01,2.094395102393E+01
3,0.3010,1.013293725209E+02,8.705447177761E+01,2.087436979129E+01
3,0.3020,1.012849539916E+02,8.544299807790E+01,2.080524936152E+01
3,0.3030,1.012408277871E+02,8.384216116828E+01,2.073658517221E+01
3,0.3040,1.011969910300E+02,8.225185608043E+01,2.066837272099E+01
3,0.3050,1.011534408806E+02,8.067197922267E+01,2.060060756452E+01
3,0.3060,1.011101745370E+02,7.910242835745E+01,2.053328531758E+01
3,0.3070,1.010671892328E+02,7.754310257929E+01,2.046640165205E+01
3,0.3080,1.010244822378E+02,7.599390229320E+01,2.039995229604E+01
3,0.3090,1.009820508572E+02,7.445472919343E+01,2.033393303294E+01
3,0.3100,1.009398924306E+02,7.292548624268E+01,2.026833970058E+01
3,0.3110,1.005787495585E+02,7.209500568704E+01,2.020316819029E+01
3,0.3120,1.002198618315E+02,7.126984872471E+01,2.013841444609E+01
3,0.3130,9.986320761996E+01,7.044996433082E+01,2.007407446383E+01
3,0.3140,9.950876556945E+01,6.963530213053E+01,2.001014429038E+01
3,0.3150,9.915651459671E+01,6.882581238864E+01,1.994662002279E+01
3,0.3160,9.880643388526E+01,6.802144599956E+01,1.988349780753E+01
3,0.3170,9.845850288111E+01,6.722215447729E+01,1.982077383968E+01
3,0.3180,9.811270128890E+01,6.642788994572E+01,1.975844436220E+01
3,0.3190,9.776900906741E+01,6.563860512908E+01,1.969650566514E+01
3,0.3200,9.742740642605E+01,6.485425334254E+01,1.963495408494E+01
3,0.3210,9.727297288741E+01,6.425486731426E+01,1.957378600367E+01
3,0.3220,9.711948647715E+01,6.365920418057E+01,1.951299784838E+01
3,0.3230,9.696693845811E+01,6.306722936349E+01,1.945258609034E+01
3,0.3240,9.681532019971E+01,6.247890871195E+01,1.939254724438E+01
3,0.3250,9.666462317857E+01,6.189420849519E+01,1.933287786824E+01
3,0.3260,9.651483897445E+01,6.131309539632E+01,1.927357456190E+01
3,0.3270,9.636595927036E+01,6.073553650601E+01,1.921463396691E+01
3,0.3280,9.621797584993E+01,6.016149931624E+01,1.915605276579E+01
3,0.3290,9.607088059690E+01,5.959095171426E+01,1.909782768140E+01
3,0.3300,9.592466549208E+01,5.902386197654E+01,1.903995547630E+01
3,0.3310,9.582423153589E+01,5.861205822652E+01,1.898243295220E+01
3,0.3320,9.572439726086E+01,5.820273522199E+01,1.892525694934E+01
3,0.3330,9.562515729734E+01,5.779587061388E+01,1.886842434588E+01
3,0.3340,9.552650633960E+01,5.739144232079E+01,1.881193205742E+01
3,0.3350,9.542843914524E+01,5.698942852497E+01,1.875577703636E+01
3,0.3360,9.533095053334E+01,5.658980766841E+01,1.869995627137E+01
3,0.3370,9.523403538532E+01,5.619255844899E+01,1.864446678688E+01
3,0.3380,9.513768864176E+01,5.579765981666E+01,1.858930564254E+01
3,0.3390,9.504190530364E+01,5.540509096977E+01,1.853446993268E+01
3,0.3400,9.494668042970E+01,5.501483135139E+01,1.847995678582E+01
3,0.3410,9.501697778218E+01,5.478163705799E+01,1.842576336416E+01
3,0.3420,9.508686166588E+01,5.454980647391E+01,1.837188686310E+01
3,0.3430,9.515633572165E+01,5.431932767166E+01,1.831832451073E+01
3,0.3440,9.522540354716E+01,5.409018886245E+01,1.826507356738E+01
3,0.3450,9.529406869838E+01,5.386237839416E+01,1.821213132516E+01
3,0.3460,9.536233468945E+01,5.363588474938E+01,1.815949510746E+01
3,0.3470,9.543020499415E+01,5.341069654348E+01,1.810716226853E+01
3,0.3480,9.549768304584E+01,5.318680252267E+01,1.805513019304E+01
3,0.3490,9.556477223808E+01,5.296419156215E+01,1.800339629564E+01
3,0.3500,9.563147592606E+01,5.274285266427E+01,1.795195802051E+01
3,0.3510,9.632194526475E+01,5.264271040272E+01,1.790081284097E+01
3,0.3520,9.700824936798E+01,5.254313713129E+01,1.784995825903E+01
3,0.3530,9.769043021551E+01,5.244412801437E+01,1.779939180504E+01
3,0.3540,9.836852907703E+01,5.234567827100E+01,1.774911103723E+01
3,0.3550,9.904258653198E+01,5.224778317407E+01,1.769911354135E+01
3,0.3560,9.971264249055E+01,5.215043804959E+01,1.764939693028E+01
3,0.3570,1.003787362108E+02,5.205363827595E+01,1.759995884364E+01
3,0.3580,1.010409063177E+02,5.195737928317E+01,1.755079694743E+01
3,0.3590,1.016991908192E+02,5.186165655219E+01,1.750190893365E+01
3,0.3600,1.023536271239E+02,5.176646561415E+01,1.745329251994E+01
3,0.3610,1.035983247555E+02,5.023937503926E+01,1.740494544925E+01
3,0.3620,1.048354935535E+02,4.872072142888E+01,1.735686548945E+01
3,0.3630,1.060652217090E+02,4.721043505601E+01,1.730905043300E+01
3,0.3640,1.072875950832E+02,4.570844695992E+01,1.726149809665E+01
3,0.3650,1.085026973260E+02,4.421468893559E+01,1.721420632104E+01
3,0.3660,1.097106099871E+02,4.272909352342E+01,1.716717297044E+01
3,0.3670,1.109114126201E+02,4.125159399904E+01,1.712039593237E+01
3,0.3680,1.121051828782E+02,3.978212436339E+01,1.707387311734E+01
3,0.3690,1.132919966036E+02,3.832061933281E+01,1.702760245848E+01
3,0.3700,1.144719279108E+02,3.686701432942E+01,1.698158191130E+01
3,0.3710,1.136744711016E+02,3.469300566511E+01,1.693580945331E+01
3,0.3720,1.128810915960E+02,3.253068521943E+01,1.689028308382E+01
3,0.3730,1.120917541970E+02,3.037995898525E+01,1.684500082354E+01
3,0.3740,1.113064240465E+02,2.824073396088E+01,1.679996071438E+01
3,0.3750,1.105250666196E+02,2.611291813664E+01,1.675516081915E+01
3,0.3760,1.097476477201E+02,2.399642048168E+01,1.671059922122E+01
3,0.3770,1.089741334749E+02,2.189115093098E+01,1.666627402435E+01
3,0.3780,1.082044903287E+02,1.979702037262E+01,1.662218335233E+01
3,0.3790,1.074386850392E+02,1.771394063515E+01,1.657832534876E+01
3,0.3800,1.066766846730E+02,1.564182447524E+01,1.653469817679E+01
3,0.3810,1.054084662274E+02,1.477455568688E+01,1.649130001884E+01
3,0.3820,1.041462369234E+02,1.391182757281E+01,1.644812907639E+01
3,0.3830,1.028899331756E+02,1.305360456638E+01,1.640518356966E+01
3,0.3840,1.016394914791E+02,1.219985147144E+01,1.636246173745E+01
3,0.3850,1.003948483818E+02,1.135053345752E+01,1.631996183683E+01
3,0.3860,9.915594045659E+01,1.050561605506E+01,1.627768214295E+01
3,0.3870,9.792270427362E+01,9.665065150811E+00,1.623562094878E+01
3,0.3880,9.669507636791E+01,8.828846983181E+00,1.619377656490E+01
3,0.3890,9.547299320983E+01,7.996928137750E+00,1.615214731923E+01
3,0.3900,9.425639117182E+01,7.169275542807E+00,1.611073155687E+01
3,0.3910,9.329517048163E+01,6.911503837898E+00,1.606952763985E+01
3,0.3920,9.233833713048E+01,6.655047294747E+00,1.602853394689E+01
3,0.3930,9.138584698389E+01,6.399895873954E+00,1.598774887323E+01
3,0.3940,9.043765605447E+01,6.146039638038E+00,1.594717083041E+01
3,0.3950,8.949372049122E+01,5.893468750152E+00,1.590679824602E+01
3,0.3960,8.855399656639E+01,5.642173472811E+00,1.586662956358E+01
3,0.3970,8.761844066119E+01,5.392144166640E+00,1.582666324227E+01
3,0.3980,8.668700925417E+01,5.143371289143E+00,1.578689775673E+01
3,0.3990,8.575965890494E+01,4.895845393489E+00,1.574733159694E+01
3,0.4000,8.483634624169E+01,4.649557127313E+00,1.570796326795E+01
3,0.4010,8.414921245206E+01,4.529847561859E+00,1.566879128972E+01
3,0.4020,8.346515154769E+01,4.410733566383E+00,1.562981419696E+01
3,0.4030,8.278413560152E+01,4.292210707361E+00,1.559103053891E+01
3,0.4040,8.210613686104E+01,4.174274595166E+00,1.555243887916E+01
3,0.4050,8.143112774469E+01,4.056920883525E+00,1.551403779551E+01
3,0.4060,8.075908083580E+01,3.940145268985E+00,1.547582587975E+01
3,0.4070,8.008996887814E+01,3.823943490389E+00,1.543780173754E+01
3,0.4080,7.942376477093E+01,3.708311328355E+00,1.539996398819E+01
3,0.4090,7.876044156569E+01,3.593244604766E+00,1.536231126450E+01
3,0.4100,7.809997245826E+01,3.478739182268E+00,1.532484221263E+01
3,0.4110,7.755700255079E+01,3.392308563657E+00,1.528755549192E+01
3,0.4120,7.701640228260E+01,3.306297511157E+00,1.525044977471E+01
3,0.4130,7.647815139449E+01,3.220702977070E+00,1.521352374620E+01
3,0.4140,7.594222977402E+01,3.135521943148E+00,1.517677610430E+01
3,0.4150,7.540861745412E+01,3.050751420233E+00,1.514020555947E+01
3,0.4160,7.487729460835E+01,2.966388447909E+00,1.510381083457E+01
3,0.4170,7.434824155083E+01,2.882430094157E+00,1.506759066470E+01
3,0.4180,7.382143873099E+01,2.798873455016E+00,1.503154379708E+01
3,0.4190,7.329686673247E+01,2.715715654249E+00,1.499566899088E+01
3,0.4200,7.277450626899E+01,2.632953843009E+00,1.495996501709E+01
3,0.4210,7.231841664527E+01,2.569986959374E+00,1.492443065838E+01
3,0.4220,7.186426447238E+01,2.507318496988E+00,1.488906470896E+01
3,0.4230,7.141203385666E+01,2.444946339389E+00,1.485386597442E+01
3,0.4240,7.096170902350E+01,2.382868390081E+00,1.481883327165E+01
3,0.4250,7.051327431879E+01,2.321082572299E+00,1.478396542866E+01
3,0.4260,7.006671420449E+01,2.259586828779E+00,1.474926128446E+01
3,0.4270,6.962201325842E+01,2.198379121528E+00,1.471471968895E+01
3,0.4280,6.917915617126E+01,2.137457431601E+00,1.468033950276E+01
3,0.4290,6.873812774546E+01,2.076819758877E+00,1.464611959716E+01
3,0.4300,6.829891289285E+01,2.016464121839E+00,1.461205885391E+01
3,0.4310,6.791213521674E+01,1.966593266679E+00,1.457815616515E+01
3,0.4320,6.752695962604E+01,1.916953295107E+00,1.454441043329E+01
3,0.4330,6.714337350570E+01,1.867542607469E+00,1.451082057085E+01
3,0.4340,6.676136434121E+01,1.818359618852E+00,1.447738550041E+01
3,0.4350,6.638091971431E+01,1.769402758918E+00,1.444410415444E+01
3,0.4360,6.600202730404E+01,1.720670471737E+00,1.441097547518E+01
3,0.4370,6.562467488372E+01,1.672161215618E+00,1.437799841460E+01
3,0.4380,6.524885032031E+01,1.623873462951E+00,1.434517193420E+01
3,0.4390,6.487454157241E+01,1.575805700047E+00,1.431249500496E+01
3,0.4400,6.450173669052E+01,1.527956426973E+00,1.427996660723E+01
3,0.4410,6.415454115658E+01,1.495002020225E+00,1.424758573057E+01
3,0.4420,6.380874189797E+01,1.462196728440E+00,1.421535137371E+01
3,0.4430,6.346432817674E+01,1.429539541810E+00,1.418326254442E+01
3,0.4440,6.312128933930E+01,1.397029459624E+00,1.415131825941E+01
3,0.4450,6.277961481465E+01,1.364665490167E+00,1.411951754422E+01
3,0.4460,6.243929411149E+01,1.332446650618E+00,1.408785943314E+01
3,0.4470,6.210031681981E+01,1.300371966950E+00,1.405634296908E+01
3,0.4480,6.176267260726E+01,1.268440473834E+00,1.402496720353E+01
3,0.4490,6.142635121996E+01,1.236651214541E+00,1.399373119639E+01
3,0.4500,6.109134248049E+01,1.205003240845E+00,1.396263401595E+01
3,0.4510,6.078282405182E+01,1.181543941427E+00,1.393167473876E+01
3,0.4520,6.047551344197E+01,1.158188444218E+00,1.390085244951E+01
3,0.4530,6.016940162830E+01,1.134936061787E+00,1.387016624101E+01
3,0.4540,5.986447965808E+01,1.111786112760E+00,1.383961521405E+01
3,0.4550,5.956073864731E+01,1.088737921749E+00,1.380919847732E+01
3,0.4560,5.925816978061E+01,1.065790819296E+00,1.377891514732E+01
3,0.4570,5.895676430869E+01,1.042944141799E+00,1.374876434831E+01
3,0.4580,5.865651355006E+01,1.020197231453E+00,1.371874521218E+01
3,0.4590,5.835740888719E+01,9.975494361844E-01,1.368885687839E+01
3,0.4600,5.805944176820E+01,9.750001095908E-01,1.365909849387E+01
3,0.4610,5.778300369777E+01,9.602165502576E-01,1.362946921297E+01
3,0.4620,5.750761974612E+01,9.454969890167E-01,1.359996819736E+01
3,0.4630,5.723328225506E+01,9.308410111938E-01,1.357059461594E+01
3,0.4640,5.695998362516E+01,9.162482056890E-01,1.354134764478E+01
3,0.4650,5.668771631517E+01,9.017181649391E-01,1.351222646705E+01
3,0.4660,5.641647284167E+01,8.872504848791E-01,1.348323027292E+01
3,0.4670,5.614624577711E+01,8.728447649050E-01,1.345435825949E+01
3,0.4680,5.587702775093E+01,8.585006078367E-01,1.342560963073E+01
3,0.4690,5.560881144756E+01,8.442176198818E-01,1.339698359740E+01
3,0.4700,5.534158960585E+01,8.299954105990E-01,1.336847937698E+01
3,0.4710,5.509256044871E+01,8.187857561508E-01,1.334009619359E+01
3,0.4720,5.484445696309E+01,8.076236002383E-01,1.331183327792E+01
3,0.4730,5.459727260532E+01,7.965086416024E-01,1.328368986719E+01
3,0.4740,5.435100088289E+01,7.854405815261E-01,1.325566520502E+01
3,0.4750,5.410563535123E+01,7.744191238081E-01,1.322775854143E+01
3,0.4760,5.386116961542E+01,7.634439747359E-01,1.319996913273E+01
3,0.4770,5.361759732802E+01,7.525148430602E-01,1.317229624147E+01
3,0.4780,5.337491219105E+01,7.416314399690E-01,1.314473913636E+01
3,0.4790,5.313310795073E+01,7.307934790619E-01,1.311729709223E+01
3,0.4800,5.289217840294E+01,7.200006763252E-01,1.308996938996E+01
3,0.4810,5.266482066832E+01,7.108320372249E-01,1.306275531638E+01
3,0.4820,5.243828636868E+01,7.017014422703E-01,1.303565416427E+01
3,0.4830,5.221256982272E+01,6.926086551623E-01,1.300866523226E+01
3,0.4840,5.198766539068E+01,6.835534415547E-01,1.298178782475E+01
3,0.4850,5.176356747638E+01,6.745355690342E-01,1.295502125192E+01
3,0.4860,5.154027052466E+01,6.655548071001E-01,1.292836482959E+01
3,0.4870,5.131776902186E+01,6.566109271453E-01,1.290181787922E+01
3,0.4880,5.109605749597E+01,6.477037024362E-01,1.287537972783E+01
3,0.4890,5.087513051499E+01,6.388329080940E-01,1.284904970793E+01
3,0.4900,5.065498268609E+01,6.299983210756E-01,1.282282715751E+01
3,0.4910,5.045368107041E+01,6.223603818808E-01,1.279671141992E+01
3,0.4920,5.025309386122E+01,6.147534912194E-01,1.277070184386E+01
3,0.4930,5.005321629737E+01,6.071774601550E-01,1.274479778333E+01
3,0.4940,4.985404365596E+01,5.996321012811E-01,1.271899859753E+01
3,0.4950,4.965557124869E+01,5.921172287057E-01,1.269330365087E+01
3,0.4960,4.945779442150E+01,5.846326580358E-01,1.266771231286E+01
3,0.4970,4.926070855646E+01,5.771782063626E-01,1.264222395811E+01
3,0.4980,4.906430906939E+01,5.697536922463E-01,1.261683796622E+01
3,0.4990,4.886859141018E+01,5.623589357017E-01,1.259155372180E+01
3,0.5000,4.867355106264E+01,5.549937581832E-01,1.256637061436E+01
3,0.5010,4.848329233154E+01,5.478686762100E-01,1.254128803828E+01
3,0.5020,4.829369001514E+01,5.407719810176E-01,1.251630539279E+01
3,0.5030,4.810473980602E+01,5.337035033011E-01,1.249142208187E+01
3,0.5040,4.791643742821E+01,5.266630750993E-01,1.246663751425E+01
3,0.5050,4.772877863745E+01,5.196505297815E-01,1.244195110333E+01
3,0.5060,4.754175922037E+01,5.126657020341E-01,1.241736226715E+01
3,0.5070,4.735537499543E+01,5.057084278479E-01,1.239287042836E+01
3,0.5080,4.716962180927E+01,4.987785445049E-01,1.236847501413E+01
3,0.5090,4.698449554085E+01,4.918758905661E-01,1.234417545615E+01
3,0.5100,4.679999209746E+01,4.850003058583E-01,1.231997119055E+01
3,0.5110,4.662285791422E+01,4.804214475246E-01,1.229586165789E+01
3,0.5120,4.644631950175E+01,4.758604753562E-01,1.227184630309E+01
3,0.5130,4.627037302788E+01,4.713172847558E-01,1.224792457540E+01
3,0.5140,4.609501469045E+01,4.667917719397E-01,1.222409592836E+01
3,0.5150,4.592024071309E+01,4.622838339308E-01,1.220035981977E+01
3,0.5160,4.574604734741E+01,4.577933685497E-01,1.217671571159E+01
3,0.5170,4.557243087130E+01,4.533202744081E-01,1.215316306998E+01
3,0.5180,4.539938758977E+01,4.488644509002E-01,1.212970136521E+01
3,0.5190,4.522691383416E+01,4.444257981958E-01,1.210633007164E+01
3,0.5200,4.505500596087E+01,4.400042172326E-01,1.208304866765E+01
3,0.5210,4.489164924714E+01,4.351714847982E-01,1.205985663566E+01
3,0.5220,4.472882943301E+01,4.303572685800E-01,1.203675346203E+01
3,0.5230,4.456654314808E+01,4.255614623665E-01,1.201373863705E+01
3,0.5240,4.440478704538E+01,4.207839607569E-01,1.199081165492E+01
3,0.5250,4.424355780279E+01,4.160246591534E-01,1.196797201368E+01
3,0.5260,4.408285212048E+01,4.112834537537E-01,1.194521921517E+01
3,0.5270,4.392266672260E+01,4.065602415434E-01,1.192255276505E+01
3,0.5280,4.376299835626E+01,4.018549202884E-01,1.189997217269E+01
3,0.5290,4.360384379235E+01,3.971673885278E-01,1.187747695119E+01
3,0.5300,4.344519982279E+01,3.924975455662E-01,1.185506661732E+01
3,0.5310,4.329100409905E+01,3.884298288572E-01,1.183274069149E+01
3,0.5320,4.313730220608E+01,3.843774043163E-01,1.181049869771E+01
3,0.5330,4.298409109571E+01,3.803401858712E-01,1.178834016356E+01
3,0.5340,4.283136774000E+01,3.763180880945E-01,1.176626462019E+01
3,0.5350,4.267912913369E+01,3.723110261973E-01,1.174427160220E+01
3,0.5360,4.252737229031E+01,3.683189160236E-01,1.172236064772E+01
3,0.5370,4.237609424675E+01,3.643416740442E-01,1.170053129829E+01
3,0.5380,4.222529205835E+01,3.603792173510E-01,1.167878309885E+01
3,0.5390,4.207496280104E+01,3.564314636510E-01,1.165711559774E+01
3,0.5400,4.192510357237E+01,3.524983312611E-01,1.163552834663E+01
3,0.5410,4.178089784241E+01,3.491441805176E-01,1.161402090052E+01
3,0.5420,4.163714312531E+01,3.458024067141E-01,1.159259281767E+01
3,0.5430,4.149383669269E+01,3.424729414697E-01,1.157124365963E+01
3,0.5440,4.135097583381E+01,3.391557169064E-01,1.154997299114E+01
3,0.5450,4.120855785893E+01,3.358506656442E-01,1.152878038015E+01
3,0.5460,4.106658009425E+01,3.325577207969E-01,1.150766539776E+01
3,0.5470,4.092503988637E+01,3.292768159674E-01,1.148662761824E+01
3,0.5480,4.078393459802E+01,3.260078852430E-01,1.146566661894E+01
3,0.5490,4.064326161092E+01,3.227508631916E-01,1.144478198029E+01
3,0.5500,4.050301832482E+01,3.195056848567E-01,1.142397328578E+01
3,0.5510,4.036704298990E+01,3.164057036630E-01,1.140324012192E+01
3,0.5520,4.023148268182E+01,3.133169542852E-01,1.138258207822E+01
3,0.5530,4.009633493364E+01,3.102393757912E-01,1.136199874716E+01
3,0.5540,3.996159729576E+01,3.071729076889E-01,1.134148972415E+01
3,0.5550,3.982726733503E+01,3.041174899221E-01,1.132105460753E+01
3,0.5560,3.969334263481E+01,3.010730628667E-01,1.130069299852E+01
3,0.5570,3.955982079403E+01,2.980395673267E-01,1.128040450122E+01
3,0.5580,3.942669942817E+01,2.950169445307E-01,1.126018872254E+01
3,0.5590,3.929397616908E+01,2.920051361274E-01,1.124004527224E+01
3,0.5600,3.916164866292E+01,2.890040841827E-01,1.121997376282E+01
3,0.5610,3.903224394745E+01,2.866666896486E-01,1.119997380959E+01
3,0.5620,3.890322426288E+01,2.843376132444E-01,1.118004503057E+01
3,0.5630,3.877458735530E+01,2.820168106464E-01,1.116018704650E+01
3,0.5640,3.864633098474E+01,2.797042378447E-01,1.114039948081E+01
3,0.5650,3.851845292613E+01,2.773998511415E-01,1.112068195961E+01
3,0.5660,3.839095096964E+01,2.751036071475E-01,1.110103411162E+01
3,0.5670,3.826382291978E+01,2.728154627795E-01,1.108145556822E+01
3,0.5680,3.813706659543E+01,2.705353752579E-01,1.106194596334E+01
3,0.5690,3.801067982928E+01,2.682633021037E-01,1.104250493353E+01
3,0.5700,3.788466046886E+01,2.659992011361E-01,1.102313211786E+01
3,0.5710,3.776275584911E+01,2.637650381238E-01,1.100382715793E+01
3,0.5720,3.764120567655E+01,2.615386868703E-01,1.098458969787E+01
3,0.5730,3.752000791415E+01,2.593201064764E-01,1.096541938426E+01
3,0.5740,3.739916053795E+01,2.571092563277E-01,1.094631586617E+01
3,0.5750,3.727866153710E+01,2.549060960926E-01,1.092727879509E+01
3,0.5760,3.715850891416E+01,2.527105857194E-01,1.090830782496E+01
3,0.5770,3.703870068393E+01,2.505226854341E-01,1.088940261210E+01
3,0.5780,3.691923487478E+01,2.483423557381E-01,1.087056281519E+01
3,0.5790,3.680010952721E+01,2.461695574055E-01,1.085178809530E+01
3,0.5800,3.668132269481E+01,2.440042514809E-01,1.083307811583E+01
3,0.5810,3.656534357980E+01,2.420237559709E-01,1.081443254248E+01
3,0.5820,3.644969357356E+01,2.400500662874E-01,1.079585104326E+01
3,0.5830,3.633437081240E+01,2.380831474090E-01,1.077733328847E+01
3,0.5840,3.621937344689E+01,2.361229645541E-01,1.075887895065E+01
3,0.5850,3.610469963705E+01,2.341694831791E-01,1.074048770458E+01
3,0.5860,3.599034755539E+01,2.322226689760E-01,1.072215922727E+01
3,0.5870,3.587631538680E+01,2.302824878708E-01,1.070389319792E+01
3,0.5880,3.576260132652E+01,2.283489060209E-01,1.068568929792E+01
3,0.5890,3.564920358221E+01,2.264218898141E-01,1.066754721083E+01
3,0.5900,3.553612037193E+01,2.245014058655E-01,1.064946662234E+01
3,0.5910,3.542579381705E+01,2.229021118543E-01,1.063144722027E+01
3,0.5920,3.531577295984E+01,2.213082208635E-01,1.061348869456E+01
3,0.5930,3.520605609545E+01,2.197197055589E-01,1.059559073723E+01
3,0.5940,3.509664153189E+01,2.181365387908E-01,1.057775304239E+01
3,0.5950,3.498752758648E+01,2.165586935916E-01,1.055997530618E+01
3,0.5960,3.487871258756E+01,2.149861431749E-01,1.054225722681E+01
3,0.5970,3.477019487362E+01,2.134188609339E-01,1.052459850449E+01
3,0.5980,3.466197279358E+01,2.118568204394E-01,1.050699884144E+01
3,0.5990,3.455404470667E+01,2.102999954392E-01,1.048945794187E+01
3,0.6000,3.444640898257E+01,2.087483598555E-01,1.047197551197E+01
3,0.6010,3.434027291544E+01,2.068453875867E-01,1.045455125987E+01
3,0.6020,3.423442344701E+01,2.049487374849E-01,1.043718489565E+01
3,0.6030,3.412885899809E+01,2.030583780965E-01,1.041987613131E+01
3,0.6040,3.402357799916E+01,2.011742781763E-01,1.040262468076E+01
3,0.6050,3.391857888988E+01,1.992964066856E-01,1.038543025980E+01
3,0.6060,3.381386011971E+01,1.974247327905E-01,1.036829258610E+01
3,0.6070,3.370942014815E+01,1.955592258606E-01,1.035121137921E+01
3,0.6080,3.360525744313E+01,1.936998554665E-01,1.033418636049E+01
3,0.6090,3.350137048173E+01,1.918465913792E-01,1.031721725317E+01
3,0.6100,3.339775775124E+01,1.899994035676E-01,1.030030378226E+01
3,0.6110,3.329681077975E+01,1.885788551254E-01,1.028344567460E+01
3,0.6120,3.319613020415E+01,1.871629489983E-01,1.026664265879E+01
3,0.6130,3.309571457916E+01,1.857516624670E-01,1.024989446522E+01
3,0.6140,3.299556246889E+01,1.843449729604E-01,1.023320082603E+01
3,0.6150,3.289567244553E+01,1.829428580537E-01,1.021656147509E+01
3,0.6160,3.279604308904E+01,1.815452954681E-01,1.019997614802E+01
3,0.6170,3.269667298981E+01,1.801522630692E-01,1.018344458214E+01
3,0.6180,3.259756074539E+01,1.787637388658E-01,1.016696651647E+01
3,0.6190,3.249870496202E+01,1.773797010088E-01,1.015054169173E+01
3,0.6200,3.240010425407E+01,1.760001277900E-01,1.013416985029E+01
3,0.6210,3.230294187213E+01,1.747828361126E-01,1.011785073620E+01
3,0.6220,3.220602950876E+01,1.735694585564E-01,1.010158409514E+01
3,0.6230,3.210936582178E+01,1.723599762732E-01,1.008536967445E+01
3,0.6240,3.201294947780E+01,1.711543705359E-01,1.006920722304E+01
3,0.6250,3.191677915135E+01,1.699526227368E-01,1.005309649149E+01
3,0.6260,3.182085352410E+01,1.687547143877E-01,1.003703723192E+01
3,0.6270,3.172517128596E+01,1.675606271177E-01,1.002102919805E+01
3,0.6280,3.162973113470E+01,1.663703426735E-01,1.000507214519E+01
3,0.6290,3.153453177587E+01,1.651838429175E-01,9.989165830174E+00
3,0.6300,3.143957192107E+01,1.640011098274E-01,9.973310011396E+00
3,0.6310,3.134602360142E+01,1.627335037055E-01,9.957504448779E+00
3,0.6320,3.125271003378E+01,1.614699089954E-01,9.941748903765E+00
3,0.6330,3.115962997101E+01,1.602103066856E-01,9.926043139304E+00
3,0.6340,3.106678217479E+01,1.589546778847E-01,9.910386919842E+00
3,0.6350,3.097416541274E+01,1.577030038202E-01,9.894780011306E+00
3,0.6360,3.088177846065E+01,1.564552658376E-01,9.879222181100E+00
3,0.6370,3.078962010054E+01,1.552114453998E-01,9.863713198084E+00
3,0.6380,3.069768912195E+01,1.539715240855E-01,9.848252832570E+00
3,0.6390,3.060598432036E+01,1.527354835892E-01,9.832840856306E+00
3,0.6400,3.051450449978E+01,1.515033057194E-01,9.817477042468E+00
3,0.6410,3.042441099924E+01,1.502857547756E-01,9.802161165647E+00
3,0.6420,3.033453800914E+01,1.490719968254E-01,9.786893001837E+00
3,0.6430,3.024488437138E+01,1.478620141721E-01,9.771672328429E+00
3,0.6440,3.015544893405E+01,1.466557892289E-01,9.756498924192E+00
3,0.6450,3.006623055197E+01,1.454533045181E-01,9.741372569271E+00
3,0.6460,2.997722808579E+01,1.442545426701E-01,9.726293045170E+00
3,0.6470,2.988844040300E+01,1.430594864230E-01,9.711260134744E+00
3,0.6480,2.979986637810E+01,1.418681186210E-01,9.696273622191E+00
3,0.6490,2.971150489030E+01,1.406804222144E-01,9.681333293035E+00
3,0.6500,2.962335482666E+01,1.394963802583E-01,9.666438934122E+00
3,0.6510,2.953656733776E+01,1.383816067262E-01,9.651590333609E+00
3,0.6520,2.944998706726E+01,1.372702527448E-01,9.636787280950E+00
3,0.6530,2.936361293793E+01,1.361623026040E-01,9.622029566891E+00
3,0.6540,2.927744387749E+01,1.350577406900E-01,9.607316983455E+00
3,0.6550,2.919147882006E+01,1.339565514841E-01,9.592649323938E+00
3,0.6560,2.910571670658E+01,1.328587195624E-01,9.578026382896E+00
3,0.6570,2.902015648236E+01,1.317642295948E-01,9.563447956133E+00
3,0.6580,2.893479709985E+01,1.306730663444E-01,9.548913840698E+00
3,0.6590,2.884963751682E+01,1.295852146669E-01,9.534423834870E+00
3,0.6600,2.876467669616E+01,1.285006595096E-01,9.519977738151E+00
3,0.6610,2.868105607866E+01,1.275885851522E-01,9.505575351255E+00
3,0.6620,2.859763026454E+01,1.266792663065E-01,9.491216476102E+00
3,0.6630,2.851439825053E+01,1.257726905041E-01,9.476900915806E+00
3,0.6640,2.843135903980E+01,1.248688453517E-01,9.462628474668E+00
3,0.6650,2.834851163893E+01,1.239677185306E-01,9.448398958165E+00
3,0.6660,2.826585506287E+01,1.230692977960E-01,9.434212172942E+00
3,0.6670,2.818338832955E+01,1.221735709767E-01,9.420067926806E+00
3,0.6680,2.810111046220E+01,1.212805259742E-01,9.405966028712E+00
3,0.6690,2.801902049154E+01,1.203901507625E-01,9.391906288759E+00
3,0.6700,2.793711745119E+01,1.195024333871E-01,9.377888518178E+00
3,0.6710,2.785540038007E+01,1.185396414913E-01,9.363912529329E+00
3,0.6720,2.777386832452E+01,1.175797150475E-01,9.349978135684E+00
3,0.6730,2.769252033276E+01,1.166226412826E-01,9.336085151827E+00
3,0.6740,2.761135546101E+01,1.156684074991E-01,9.322233393442E+00
3,0.6750,2.753037276857E+01,1.147170010751E-01,9.308422677303E+00
3,0.6760,2.744957131994E+01,1.137684094629E-01,9.294652821272E+00
3,0.6770,2.736895018566E+01,1.128226201894E-01,9.280923644283E+00
3,0.6780,2.728850844007E+01,1.118796208547E-01,9.267234966342E+00
3,0.6790,2.720824516273E+01,1.109393991321E-01,9.253586608512E+00
3,0.6800,2.712815943779E+01,1.100019427676E-01,9.239978392911E+00
3,0.6810,2.704937472762E+01,1.091908734748E-01,9.226410142701E+00
3,0.6820,2.697076404681E+01,1.083821826843E-01,9.212881682082E+00
3,0.6830,2.689232651006E+01,1.075758599489E-01,9.199392836281E+00
3,0.6840,2.681406123594E+01,1.067718948823E-01,9.185943431549E+00
3,0.6850,2.673596734822E+01,1.059702771589E-01,9.172533295153E+00
3,0.6860,2.665804397548E+01,1.051709965134E-01,9.159162255364E+00
3,0.6870,2.658029024965E+01,1.043740427403E-01,9.145830141455E+00
3,0.6880,2.650270530869E+01,1.035794056933E-01,9.132536783691E+00
3,0.6890,2.642528829353E+01,1.027870752850E-01,9.119282013323E+00
3,0.6900,2.634803835013E+01,1.019970414865E-01,9.106065662579E+00
3,0.6910,2.627318664009E+01,1.012374822786E-01,9.092887564659E+00
3,0.6920,2.619849703583E+01,1.004801183286E-01,9.079747553728E+00
3,0.6930,2.612396872585E+01,9.972494013304E-02,9.066645464906E+00
3,0.6940,2.604960090466E+01,9.897193824355E-02,9.053581134265E+00
3,0.6950,2.597539276991E+01,9.822110326597E-02,9.040554398820E+00
3,0.6960,2.590134352286E+01,9.747242586017E-02,9.027565096522E+00
3,0.6970,2.582745236939E+01,9.672589673961E-02,9.014613066255E+00
3,0.6980,2.575371851938E+01,9.598150667096E-02,9.001698147822E+00
3,0.6990,2.568014118757E+01,9.523924647376E-02,8.988820181945E+00
3,0.7000,2.560671959134E+01,9.449910701998E-02,8.975979010257E+00
3,0.7010,2.553234501992E+01,9.394213535809E-02,8.963174475292E+00
3,0.7020,2.545812618024E+01,9.338675051004E-02,8.950406420484E+00
3,0.7030,2.538406228683E+01,9.283294570424E-02,8.937674690156E+00
3,0.7040,2.531015255826E+01,9.228071420755E-02,8.924979129516E+00
3,0.7050,2.523639621779E+01,9.173004932503E-02,8.912319584652E+00
3,0.7060,2.516279249180E+01,9.118094439968E-02,8.899695902521E+00
3,0.7070,2.508934061074E+01,9.063339281218E-02,8.887107930947E+00
3,0.7080,2.501603980845E+01,9.008738798057E-02,8.874555518615E+00
3,0.7090,2.494288932382E+01,8.954292336005E-02,8.862038515063E+00
3,0.7100,2.486988839796E+01,8.899999244268E-02,8.849556770675E+00
3,0.7110,2.479923720880E+01,8.849367208440E-02,8.837110136680E+00
3,0.7120,2.472873114903E+01,8.798877397431E-02,8.824698465140E+00
3,0.7130,2.465836950057E+01,8.748529212820E-02,8.812321608948E+00
3,0.7140,2.458815154690E+01,8.698322059539E-02,8.799979421820E+00
3,0.7150,2.451807657892E+01,8.648255345848E-02,8.787671758293E+00
3,0.7160,2.444814388691E+01,8.598328483312E-02,8.775398473715E+00
3,0.7170,2.437835276750E+01,8.548540886780E-02,8.763159424239E+00
3,0.7180,2.430870251790E+01,8.498891974362E-02,8.750954466824E+00
3,0.7190,2.423919244276E+01,8.449381167402E-02,8.738783459221E+00
3,0.7200,2.416982184653E+01,8.400007890461E-02,8.726646259972E+00
3,0.7210,2.410059003805E+01,8.329133361698E-02,8.714542728404E+00
3,0.7220,2.403149633102E+01,8.258455161270E-02,8.702472724625E+00
3,0.7230,2.396254003942E+01,8.187972474535E-02,8.690436109515E+00
3,0.7240,2.389372048414E+01,8.117684491356E-02,8.678432744723E+00
3,0.7250,2.382503698663E+01,8.047590406061E-02,8.666462492661E+00
3,0.7260,2.375648887209E+01,7.977689417419E-02,8.654525216501E+00
3,0.7270,2.368807547049E+01,7.907980728609E-02,8.642620780164E+00
3,0.7280,2.361979611237E+01,7.838463547186E-02,8.630749048324E+00
3,0.7290,2.355165013414E+01,7.769137085053E-02,8.618909886392E+00
3,0.7300,2.348363687400E+01,7.700000558433E-02,8.607103160520E+00
3,0.7310,2.341684214480E+01,7.639261726781E-02,8.595328737592E+00
3,0.7320,2.335017750582E+01,7.578688848221E-02,8.583586485218E+00
3,0.7330,2.328364231781E+01,7.518281243545E-02,8.571876271732E+00
3,0.7340,2.321723594571E+01,7.458038237247E-02,8.560197966185E+00
3,0.7350,2.315095775499E+01,7.397959157496E-02,8.548551438340E+00
3,0.7360,2.308480711697E+01,7.338043336115E-02,8.536936558668E+00
3,0.7370,2.301878340449E+01,7.278290108550E-02,8.525353198344E+00
3,0.7380,2.295288599352E+01,7.218698813851E-02,8.513801229241E+00
3,0.7390,2.288711426354E+01,7.159268794645E-02,8.502280523924E+00
3,0.7400,2.282146759523E+01,7.099999397113E-02,8.490790955648E+00
3,0.7410,2.275594537420E+01,7.044332579918E-02,8.479332398353E+00
3,0.7420,2.269054698815E+01,6.988815808052E-02,8.467904726657E+00
3,0.7430,2.262527182632E+01,6.933448475680E-02,8.456507815854E+00
3,0.7440,2.256011928335E+01,6.878229980222E-02,8.445141541908E+00
3,0.7450,2.249508875415E+01,6.823159722337E-02,8.433805781449E+00
3,0.7460,2.243017963816E+01,6.768237105893E-02,8.422500411769E+00
3,0.7470,2.236539133617E+01,6.713461537954E-02,8.411225310816E+00
3,0.7480,2.230072325398E+01,6.658832428753E-02,8.399980357192E+00
3,0.7490,2.223617479729E+01,6.604349191673E-02,8.388765430146E+00
3,0.7500,2.217174537531E+01,6.550011243224E-02,8.377580409573E+00
3,0.7510,2.210850843371E+01,6.489292191390E-02,8.366425176005E+00
3,0.7520,2.204538818999E+01,6.428734626396E-02,8.355299610611E+00
3,0.7530,2.198238407474E+01,6.368337904869E-02,8.344203595192E+00
3,0.7540,2.191949552112E+01,6.308101386846E-02,8.333137012175E+00
3,0.7550,2.185672196481E+01,6.248024435759E-02,8.322099744609E+00
3,0.7560,2.179406284431E+01,6.188106418404E-02,8.311091676163E+00
3,0.7570,2.173151759896E+01,6.128346704927E-02,8.300112691122E+00
3,0.7580,2.166908567361E+01,6.068744668793E-02,8.289162674379E+00
3,0.7590,2.160676651324E+01,6.009299686774E-02,8.278241511436E+00
3,0.7600,2.154455956607E+01,5.950011138917E-02,8.267349088394E+00
3,0.7610,2.148246428335E+01,5.904476839808E-02,8.256485291957E+00
3,0.7620,2.142048011761E+01,5.859062053295E-02,8.245650009422E+00
3,0.7630,2.135860652493E+01,5.813766309473E-02,8.234843128676E+00
3,0.7640,2.129684296301E+01,5.768589140896E-02,8.224064538193E+00
3,0.7650,2.123518889260E+01,5.723530082564E-02,8.213314127032E+00
3,0.7660,2.117364377673E+01,5.678588671903E-02,8.202591784830E+00
3,0.7670,2.111220707984E+01,5.633764448755E-02,8.191897401799E+00
3,0.7680,2.105087827032E+01,5.589056955354E-02,8.181230868723E+00
3,0.7690,2.098965681735E+01,5.544465736318E-02,8.170592076957E+00
3,0.7700,2.092854219354E+01,5.499990338630E-02,8.159980918415E+00
3,0.7710,2.086859690246E+01,5.464586499241E-02,8.149397285577E+00
3,0.7720,2.080875636524E+01,5.429274379642E-02,8.138841071476E+00
3,0.7730,2.074902007357E+01,5.394053623872E-02,8.128312169702E+00
3,0.7740,2.068938752063E+01,5.358923877807E-02,8.117810474392E+00
3,0.7750,2.062985820258E+01,5.323884789151E-02,8.107335880232E+00
3,0.7760,2.057043161694E+01,5.288936007425E-02,8.096888282448E+00
3,0.7770,2.051110726432E+01,5.254077183952E-02,8.086467576808E+00
3,0.7780,2.045188464673E+01,5.219307971851E-02,8.076073659614E+00
3,0.7790,2.039276326876E+01,5.184628026020E-02,8.065706427702E+00
3,0.7800,2.033374263674E+01,5.150037003127E-02,8.055365778435E+00
3,0.7810,2.027482225981E+01,5.098446871980E-02,8.045051609705E+00
3,0.7820,2.021600164904E+01,5.046988684902E-02,8.034763819923E+00
3,0.7830,2.015728031794E+01,4.995661936360E-02,8.024502308020E+00
3,0.7840,2.009865777988E+01,4.944466123402E-02,8.014266973443E+00
3,0.7850,2.004013355458E+01,4.893400745635E-02,8.004057716152E+00
3,0.7860,1.998170715968E+01,4.842465305217E-02,7.993874436615E+00
3,0.7870,1.992337811724E+01,4.791659306833E-02,7.983717035806E+00
3,0.7880,1.986514595088E+01,4.740982257684E-02,7.973585415203E+00
3,0.7890,1.980701018501E+01,4.690433667467E-02,7.963479476780E+00
3,0.7900,1.974897034850E+01,4.640013048365E-02,7.953399123012E+00
3,0.7910,1.969102597079E+01,4.600570523281E-02,7.943344256864E+00
3,0.7920,1.963317658275E+01,4.561227600532E-02,7.933314781792E+00
3,0.7930,1.957542171827E+01,4.521983903314E-02,7.923310601740E+00
3,0.7940,1.951776091377E+01,4.482839056719E-02,7.913331621133E+00
3,0.7950,1.946019370543E+01,4.443792687725E-02,7.903377744880E+00
3,0.7960,1.940271963381E+01,4.404844425186E-02,7.893448878366E+00
3,0.7970,1.934533823988E+01,4.365993899817E-02,7.883544927452E+00
3,0.7980,1.928804906705E+01,4.327240744187E-02,7.873665798471E+00
3,0.7990,1.923085166155E+01,4.288584592700E-02,7.863811398222E+00
3,0.8000,1.917374556877E+01,4.250025081593E-02,7.853981633974E+00
3,0.8010,1.911777945362E+01,4.212103097087E-02,7.844176413458E+00
3,0.8020,1.906190293020E+01,4.174275681122E-02,7.834395644862E+00
3,0.8030,1.900611556363E+01,4.136542480389E-02,7.824639236836E+00
3,0.8040,1.895041691805E+01,4.098903143340E-02,7.814907098482E+00
3,0.8050,1.889480656311E+01,4.061357320171E-02,7.805199139354E+00
3,0.8060,1.883928406878E+01,4.023904662817E-02,7.795515269454E+00
3,0.8070,1.878384900560E+01,3.986544824936E-02,7.785855399231E+00
3,0.8080,1.872850094752E+01,3.949277461901E-02,7.776219439579E+00
3,0.8090,1.867323947009E+01,3.912102230790E-02,7.766607301829E+00
3,0.8100,1.861806414986E+01,3.875018790372E-02,7.757018897753E+00
3,0.8110,1.856297456584E+01,3.840637693148E-02,7.747454139556E+00
3,0.8120,1.850797029915E+01,3.806341278429E-02,7.737912939876E+00
3,0.8130,1.845305093173E+01,3.772129233734E-02,7.728395211783E+00
3,0.8140,1.839821604792E+01,3.738001248116E-02,7.718900868771E+00
3,0.8150,1.834346523393E+01,3.703957012157E-02,7.709429824760E+00
3,0.8160,1.828879807729E+01,3.669996217952E-02,7.699981994093E+00
3,0.8170,1.823421416731E+01,3.636118559107E-02,7.690557291529E+00
3,0.8180,1.817971309563E+01,3.602323730723E-02,7.681155632249E+00
3,0.8190,1.812529445487E+01,3.568611429393E-02,7.671776931843E+00
3,0.8200,1.807095784052E+01,3.534981353188E-02,7.662421106317E+00
3,0.8210,1.801670284784E+01,3.504655151729E-02,7.653088072082E+00
3,0.8220,1.796252907511E+01,3.474402736649E-02,7.643777745961E+00
3,0.8230,1.790843612315E+01,3.444223838981E-02,7.634490045176E+00
3,0.8240,1.785442359297E+01,3.414118191064E-02,7.625224887354E+00
3,0.8250,1.780049108814E+01,3.384085526536E-02,7.615982190521E+00
3,0.8260,1.774663821262E+01,3.354125580324E-02,7.606761873099E+00
3,0.8270,1.769286457429E+01,3.324238088638E-02,7.597563853905E+00
3,0.8280,1.763916978094E+01,3.294422788960E-02,7.588388052149E+00
3,0.8290,1.758555344256E+01,3.264679420042E-02,7.579234387430E+00
3,0.8300,1.753201517146E+01,3.235007721892E-02,7.570102779734E+00
3,0.8310,1.747855458007E+01,3.206201340052E-02,7.560993149434E+00
3,0.8320,1.742517128421E+01,3.177464204322E-02,7.551905417283E+00
3,0.8330,1.737186490082E+01,3.148796065316E-02,7.542839504417E+00
3,0.8340,1.731863504689E+01,3.120196674846E-02,7.533795332350E+00
3,0.8350,1.726548134307E+01,3.091665785909E-02,7.524772822970E+00
3,0.8360,1.721240341251E+01,3.063203152688E-02,7.515771898540E+00
3,0.8370,1.715940087614E+01,3.034808530538E-02,7.506792481696E+00
3,0.8380,1.710647336066E+01,3.006481675982E-02,7.497834495441E+00
3,0.8390,1.705362049244E+01,2.978222346705E-02,7.488897863146E+00
3,0.8400,1.700084189954E+01,2.950030301546E-02,7.479982508547E+00
3,0.8410,1.694917236764E+01,2.921725994369E-02,7.471088355743E+00
3,0.8420,1.689757580143E+01,2.893488918325E-02,7.462215329192E+00
3,0.8430,1.684605184502E+01,2.865318834158E-02,7.453363353712E+00
3,0.8440,1.679460014190E+01,2.837215503745E-02,7.444532354478E+00
3,0.8450,1.674322033978E+01,2.809178690090E-02,7.435722257017E+00
3,0.8460,1.669191208543E+01,2.781208157318E-02,7.426932987210E+00
3,0.8470,1.664067502884E+01,2.753303670669E-02,7.418164471286E+00
3,0.8480,1.658950882213E+01,2.725464996489E-02,7.409416635825E+00
3,0.8490,1.653841311673E+01,2.697691902224E-02,7.400689407750E+00
3,0.8500,1.648738756775E+01,2.669984156416E-02,7.391982714329E+00
3,0.8510,1.643643183097E+01,2.642193862764E-02,7.383296483172E+00
3,0.8520,1.638554556352E+01,2.614468804544E-02,7.374630642230E+00
3,0.8530,1.633472842519E+01,2.586808752323E-02,7.365985119788E+00
3,0.8540,1.628398007683E+01,2.559213477741E-02,7.357359844473E+00
3,0.8550,1.623330017996E+01,2.531682753509E-02,7.348754745239E+00
3,0.8560,1.618268839868E+01,2.504216353399E-02,7.340169751378E+00
3,0.8570,1.613214440010E+01,2.476814052239E-02,7.331604792508E+00
3,0.8580,1.608166784910E+01,2.449475625907E-02,7.323059798578E+00
3,0.8590,1.603125841614E+01,2.422200851324E-02,7.314534699860E+00
3,0.8600,1.598091577042E+01,2.394989506449E-02,7.306029426953E+00
3,0.8610,1.593166945032E+01,2.370738495207E-02,7.297543910778E+00
3,0.8620,1.588248878415E+01,2.346543750811E-02,7.289078082575E+00
3,0.8630,1.583337345534E+01,2.322405077666E-02,7.280631873904E+00
3,0.8640,1.578432315031E+01,2.298322281078E-02,7.272205216643E+00
3,0.8650,1.573533755682E+01,2.274295167258E-02,7.263798042982E+00
3,0.8660,1.568641636170E+01,2.250323543307E-02,7.255410285427E+00
3,0.8670,1.563755925812E+01,2.226407217221E-02,7.247041876793E+00
3,0.8680,1.558876593639E+01,2.202545997876E-02,7.238692750207E+00
3,0.8690,1.554003609031E+01,2.178739695032E-02,7.230362839102E+00
3,0.8700,1.549136941520E+01,2.154988119321E-02,7.222052077218E+00
3,0.8710,1.544173810052E+01,2.130742836455E-02,7.213760398599E+00
3,0.8720,1.539216977362E+01,2.106553162036E-02,7.205487737591E+00
3,0.8730,1.534266412691E+01,2.082418904969E-02,7.197234028843E+00
3,0.8740,1.529322085363E+01,2.058339875036E-02,7.188999207299E+00
3,0.8750,1.524383964819E+01,2.034315882885E-02,7.180783208205E+00
3,0.8760,1.519452020771E+01,2.010346740031E-02,7.172585967100E+00
3,0.8770,1.514526223104E+01,1.986432258848E-02,7.164407419817E+00
3,0.8780,1.509606541740E+01,1.962572252566E-02,7.156247502482E+00
3,0.8790,1.504692946951E+01,1.938766535262E-02,7.148106151513E+00
3,0.8800,1.499785409101E+01,1.915014921862E-02,7.139983303613E+00
3,0.8810,1.494986460121E+01,1.894811848788E-02,7.131878895777E+00
3,0.8820,1.490193472541E+01,1.874654587671E-02,7.123792865283E+00
3,0.8830,1.485406418246E+01,1.854542982864E-02,7.115725149694E+00
3,0.8840,1.480625268702E+01,1.834476879426E-02,7.107675686855E+00
3,0.8850,1.475849996287E+01,1.814456123114E-02,7.099644414892E+00
3,0.8860,1.471080573061E+01,1.794480560383E-02,7.091631272212E+00
3,0.8870,1.466316971359E+01,1.774550038380E-02,7.083636197497E+00
3,0.8880,1.461559163855E+01,1.754664404939E-02,7.075659129707E+00
3,0.8890,1.456807123039E+01,1.734823508582E-02,7.067700008076E+00
3,0.8900,1.452060822103E+01,1.715027198509E-02,7.059758772112E+00
3,0.8910,1.447320234103E+01,1.694824007135E-02,7.051835361593E+00
3,0.8920,1.442585332095E+01,1.674666114395E-02,7.043929716569E+00
3,0.8930,1.437856089617E+01,1.654553368113E-02,7.036041777357E+00
3,0.8940,1.433132480506E+01,1.634485616788E-02,7.028171484541E+00
3,0.8950,1.428414478416E+01,1.614462709600E-02,7.020318778972E+00
3,0.8960,1.423702057363E+01,1.594484496402E-02,7.012483601763E+00
3,0.8970,1.418995191713E+01,1.574550827714E-02,7.004665894292E+00
3,0.8980,1.414293855619E+01,1.554661554725E-02,6.996865598196E+00
3,0.8990,1.409598023893E+01,1.534816529285E-02,6.989082655372E+00
3,0.9000,1.404907671312E+01,1.515015603901E-02,6.981317007977E+00
3,0.9010,1.400222772880E+01,1.498856993134E-02,6.973568598424E+00
3,0.9020,1.395543303669E+01,1.482734210771E-02,6.965837369379E+00
3,0.9030,1.390869239293E+01,1.466647137783E-02,6.958123263765E+00
3,0.9040,1.386200555202E+01,1.450595655664E-02,6.950426224756E+00
3,0.9050,1.381537227390E+01,1.434579646434E-02,6.942746195779E+00
3,0.9060,1.376879231786E+01,1.418598992632E-02,6.935083120507E+00
3,0.9070,1.372226544687E+01,1.402653577318E-02,6.927436942866E+00
3,0.9080,1.367579142624E+01,1.386743284063E-02,6.919807607026E+00
3,0.9090,1.362937002170E+01,1.370867996955E-02,6.912195057403E+00
3,0.9100,1.358300100471E+01,1.355027600587E-02,6.904599238659E+00
3,0.9110,1.353668414540E+01,1.339373714504E-02,6.897020095697E+00
3,0.9120,1.349041921675E+01,1.323754157119E-02,6.889457573662E+00
3,0.9130,1.344420599709E+01,1.308168815631E-02,6.881911617940E+00
3,0.9140,1.339804426394E+01,1.292617577735E-02,6.874382174157E+00
3,0.9150,1.335193379862E+01,1.277100331617E-02,6.866869188174E+00
3,0.9160,1.330587438473E+01,1.261616965948E-02,6.859372606091E+00
3,0.9170,1.325986580862E+01,1.246167369888E-02,6.851892374242E+00
3,0.9180,1.321390785763E+01,1.230751433079E-02,6.844428439193E+00
3,0.9190,1.316800032472E+01,1.215369045643E-02,6.836980747747E+00
3,0.9200,1.312214300247E+01,1.200020098179E-02,6.829549246934E+00
3,0.9210,1.307735526012E+01,1.184363375069E-02,6.822133884017E+00
3,0.9220,1.303261707198E+01,1.168740614481E-02,6.814734606485E+00
3,0.9230,1.298792824474E+01,1.153151706030E-02,6.807351362058E+00
3,0.9240,1.294328858418E+01,1.137596539804E-02,6.799984098679E+00
3,0.9250,1.289869790131E+01,1.122075006371E-02,6.792632764518E+00
3,0.9260,1.285415601070E+01,1.106586996767E-02,6.785297307969E+00
3,0.9270,1.280966272377E+01,1.091132402503E-02,6.777977677648E+00
3,0.9280,1.276521786350E+01,1.075711115554E-02,6.770673822392E+00
3,0.9290,1.272082124803E+01,1.060323028361E-02,6.763385691259E+00
3,0.9300,1.267647270191E+01,1.044968033830E-02,6.756113233526E+00
3,0.9310,1.263115379459E+01,1.031846152508E-02,6.748856398689E+00
3,0.9320,1.258588285243E+01,1.018752429731E-02,6.741615136459E+00
3,0.9330,1.254065970420E+01,1.005686774955E-02,6.734389396763E+00
3,0.9340,1.249548418714E+01,9.926490980266E-03,6.727179129743E+00
3,0.9350,1.245035614020E+01,9.796393091771E-03,6.719984285754E+00
3,0.9360,1.240527540431E+01,9.666573190219E-03,6.712804815363E+00
3,0.9370,1.236024182451E+01,9.537030385574E-03,6.705640669349E+00
3,0.9380,1.231525525430E+01,9.407763791601E-03,6.698491798699E+00
3,0.9390,1.227031554219E+01,9.278772525836E-03,6.691358154611E+00
3,0.9400,1.222542254825E+01,9.150055709572E-03,6.684239688489E+00
3,0.9410,1.218159329756E+01,9.013733446944E-03,6.677136351944E+00
3,0.9420,1.213781025221E+01,8.877700615870E-03,6.670048096794E+00
3,0.9430,1.209407327729E+01,8.741956295573E-03,6.662974875058E+00
3,0.9440,1.205038224485E+01,8.606499569175E-03,6.655916638961E+00
3,0.9450,1.200673703019E+01,8.471329523680E-03,6.648873340931E+00
3,0.9460,1.196313751237E+01,8.336445249951E-03,6.641844933594E+00
3,0.9470,1.191958357440E+01,8.201845842692E-03,6.634831369778E+00
3,0.9480,1.187607510162E+01,8.067530400427E-03,6.627832602510E+00
3,0.9490,1.183261198651E+01,7.933498025480E-03,6.620848585015E+00
3,0.9500,1.178919412507E+01,7.799747823955E-03,6.613879270715E+00
3,0.9510,1.174582141547E+01,7.688742449398E-03,6.606924613228E+00
3,0.9520,1.170249376363E+01,7.577970279409E-03,6.599984566365E+00
3,0.9530,1.165921107789E+01,7.467430579872E-03,6.593059084134E+00
3,0.9540,1.161597327207E+01,7.357122619746E-03,6.586148120733E+00
3,0.9550,1.157278026417E+01,7.247045671056E-03,6.579251630555E+00
3,0.9560,1.152963197800E+01,7.137199008869E-03,6.572369568179E+00
3,0.9570,1.148652834133E+01,7.027581911284E-03,6.565501888380E+00
3,0.9580,1.144346928816E+01,6.918193659415E-03,6.558648546116E+00
3,0.9590,1.140045475668E+01,6.809033537372E-03,6.551809496538E+00
3,0.9600,1.135748469189E+01,6.700100832250E-03,6.544984694979E+00
3,0.9610,1.131455904232E+01,6.594108176361E-03,6.538174096961E+00
3,0.9620,1.127167776368E+01,6.488335879423E-03,6.531377658191E+00
3,0.9630,1.122884081812E+01,6.382783254962E-03,6.524595334558E+00
3,0.9640,1.118604817059E+01,6.277449619347E-03,6.517827082136E+00
3,0.9650,1.114329979677E+01,6.172334291786E-03,6.511072857181E+00
3,0.9660,1.110059567409E+01,6.067436594303E-03,6.504332616128E+00
3,0.9670,1.105793578965E+01,5.962755851726E-03,6.497606315594E+00
3,0.9680,1.101532013264E+01,5.858291391675E-03,6.490893912376E+00
3,0.9690,1.097274870668E+01,5.754042544545E-03,6.484195363446E+00
3,0.9700,1.093022151505E+01,5.650008643492E-03,6.477510625958E+00
3,0.9710,1.088773856992E+01,5.564216783703E-03,6.470839657240E+00
3,0.9720,1.084529989373E+01,5.478601450375E-03,6.464182414794E+00
3,0.9730,1.080290551265E+01,5.393162099232E-03,6.457538856300E+00
3,0.9740,1.076055546268E+01,5.307898188236E-03,6.450908939609E+00
3,0.9750,1.071824978602E+01,5.222809177569E-03,6.444292622748E+00
3,0.9760,1.067598853629E+01,5.137894529630E-03,6.437689863914E+00
3,0.9770,1.063377177139E+01,5.053153709015E-03,6.431100621473E+00
3,0.9780,1.059159955752E+01,4.968586182511E-03,6.424524853967E+00
3,0.9790,1.054947197471E+01,4.884191419085E-03,6.417962520102E+00
3,0.9800,1.050738910609E+01,4.799968889870E-03,6.411413578755E+00
3,0.9810,1.046535104693E+01,4.714195155978E-03,6.404877988970E+00
3,0.9820,1.042335790315E+01,4.628596114007E-03,6.398355709959E+00
3,0.9830,1.038140978649E+01,4.543171230820E-03,6.391846701098E+00
3,0.9840,1.033950682232E+01,4.457919975444E-03,6.385350921930E+00
3,0.9850,1.029764914509E+01,4.372841819064E-03,6.378868332162E+00
3,0.9860,1.025583689931E+01,4.287936235009E-03,6.372398891663E+00
3,0.9870,1.021407023889E+01,4.203202698743E-03,6.365942560466E+00
3,0.9880,1.017234933407E+01,4.118640687855E-03,6.359499298765E+00
3,0.9890,1.013067435956E+01,4.034249682044E-03,6.353069066916E+00
3,0.9900,1.008904550680E+01,3.950029163114E-03,6.346651825434E+00
3,0.9910,1.004847033797E+01,3.874347741704E-03,6.340247534995E+00
3,0.9920,1.000794100067E+01,3.798818903806E-03,6.333856156431E+00
3,0.9930,9.967457689612E+00,3.723442188441E-03,6.327477650735E+00
3,0.9940,9.927020611050E+00,3.648217136487E-03,6.321111979054E+00
3,0.9950,9.886629985681E+00,3.573143290668E-03,6.314759102693E+00
3,0.9960,9.846286044789E+00,3.498220195543E-03,6.308418983112E+00
3,0.9970,9.805989034183E+00,3.423447397500E-03,6.302091581925E+00
3,0.9980,9.765739211683E+00,3.348824444743E-03,6.295776860901E+00
3,0.9990,9.725536847927E+00,3.274350887287E-03,6.289474781962E+00
3,1.0000,9.685382226649E+00,3.200026276947E-03,6.283185307180E+00
3,1.0010,9.644272376396E+00,3.134945407595E-03,6.276908398781E+00
3,1.0020,9.603211833659E+00,3.069994440179E-03,6.270644019141E+00
3,1.0030,9.562200970143E+00,3.005172986158E-03,6.264392130787E+00
3,1.0040,9.521240179409E+00,2.940480658538E-03,6.258152696394E+00
3,1.0050,9.480329869924E+00,2.875917071870E-03,6.251925678786E+00
3,1.0060,9.439470467809E+00,2.811481842232E-03,6.245711040934E+00
3,1.0070,9.398662422003E+00,2.747174587232E-03,6.239508745958E+00
3,1.0080,9.357906197397E+00,2.682994925991E-03,6.233318757123E+00
3,1.0090,9.317202281456E+00,2.618942479143E-03,6.227141037839E+00
3,1.0100,9.276551183858E+00,2.555016868823E-03,6.220975551663E+00
3,1.0110,9.236951219482E+00,2.498513919999E-03,6.214822262294E+00
3,1.0120,9.197403850541E+00,2.442122637081E-03,6.208681133577E+00
3,1.0130,9.157909590450E+00,2.385842689371E-03,6.202552129496E+00
3,1.0140,9.118468975533E+00,2.329673747476E-03,6.196435214181E+00
3,1.0150,9.079082558248E+00,2.273615483298E-03,6.190330351901E+00
3,1.0160,9.039750919130E+00,2.217667570034E-03,6.184237507067E+00
3,1.0170,9.000474660274E+00,2.161829682165E-03,6.178156644228E+00
3,1.0180,8.961254404166E+00,2.106101495451E-03,6.172087728074E+00
3,1.0190,8.922090802537E+00,2.050482686924E-03,6.166030723434E+00
3,1.0200,8.882984529581E+00,1.994972934885E-03,6.159985595274E+00
3,1.0210,8.843936286115E+00,1.946045876722E-03,6.153952308697E+00
3,1.0220,8.804946801633E+00,1.897214566227E-03,6.147930828943E+00
3,1.0230,8.766016830856E+00,1.848478722614E-03,6.141921121388E+00
3,1.0240,8.727147157257E+00,1.799838066196E-03,6.135923151543E+00
3,1.0250,8.688338596401E+00,1.751292318375E-03,6.129936885053E+00
3,1.0260,8.649591992627E+00,1.702841201642E-03,6.123962287699E+00
3,1.0270,8.610908221610E+00,1.654484439567E-03,6.117999325394E+00
3,1.0280,8.572288194557E+00,1.606221756795E-03,6.112047964182E+00
3,1.0290,8.533732849690E+00,1.558052879044E-03,6.106108170243E+00
3,1.0300,8.495243167355E+00,1.509977533093E-03,6.100179909883E+00
3,1.0310,8.456820159105E+00,1.471648759615E-03,6.094263149544E+00
3,1.0320,8.418464876694E+00,1.433394266705E-03,6.088357855794E+00
3,1.0330,8.380178406721E+00,1.395213838642E-03,6.082463995334E+00
3,1.0340,8.341961878245E+00,1.357107260535E-03,6.076581534990E+00
3,1.0350,8.303816460389E+00,1.319074318329E-03,6.070710441719E+00
3,1.0360,8.265743362756E+00,1.281114798791E-03,6.064850682606E+00
3,1.0370,8.227743842174E+00,1.243228489512E-03,6.059002224860E+00
3,1.0380,8.189819197497E+00,1.205415178903E-03,6.053165035818E+00
3,1.0390,8.151970775639E+00,1.167674656187E-03,6.047339082945E+00
3,1.0400,8.114199973390E+00,1.130006711399E-03,6.041524333827E+00
3,1.0410,8.076508234666E+00,1.098235605911E-03,6.035720756176E+00
3,1.0420,8.038897056137E+00,1.066525481431E-03,6.029928317831E+00
3,1.0430,8.001367988579E+00,1.034876162560E-03,6.024146986749E+00
3,1.0440,7.963922638305E+00,1.003287474567E-03,6.018376731015E+00
3,1.0450,7.926562667410E+00,9.717592433936E-04,6.012617518832E+00
3,1.0460,7.889289800441E+00,9.402912956450E-04,6.006869318527E+00
3,1.0470,7.852105819045E+00,9.088834585892E-04,6.001132098548E+00
3,1.0480,7.815012572618E+00,8.775355601539E-04,5.995405827461E+00
3,1.0490,7.778011973348E+00,8.462474289223E-04,5.989690473956E+00
3,1.0500,7.741106004376E+00,8.150188941313E-04,5.983986006838E+00
3,1.0510,7.704296716935E+00,7.887944313071E-04,5.978292395033E+00
3,1.0520,7.667586237478E+00,7.626198248760E-04,5.972609607585E+00
3,1.0530,7.630976767742E+00,7.364949327972E-04,5.966937613656E+00
3,1.0540,7.594470589313E+00,7.104196135686E-04,5.961276382523E+00
3,1.0550,7.558070061715E+00,6.843937262248E-04,5.955625883583E+00
3,1.0560,7.521777633514E+00,6.584171303343E-04,5.949986086344E+00
3,1.0570,7.485595837454E+00,6.324896859971E-04,5.944356960435E+00
3,1.0580,7.449527300960E+00,6.066112538419E-04,5.938738475595E+00
3,1.0590,7.413574742244E+00,5.807816950242E-04,5.933130601680E+00
3,1.0600,7.377740981014E+00,5.550008712231E-04,5.927533308660E+00
3,1.0610,7.342028934912E+00,5.393691167034E-04,5.921946566616E+00
3,1.0620,7.306441629819E+00,5.237668005161E-04,5.916370345743E+00
3,1.0630,7.270982200935E+00,5.081938395803E-04,5.910804616350E+00
3,1.0640,7.235653894783E+00,4.926501511275E-04,5.905249348853E+00
3,1.0650,7.200460080030E+00,4.771356527000E-04,5.899704513784E+00
3,1.0660,7.165404245496E+00,4.616502621494E-04,5.894170081782E+00
3,1.0670,7.130490009031E+00,4.461938976355E-04,5.888646023598E+00
3,1.0680,7.095721118004E+00,4.307664776244E-04,5.883132310093E+00
3,1.0690,7.061101462628E+00,4.153679208874E-04,5.877628912235E+00
3,1.0700,7.026635071937E+00,3.999981464995E-04,5.872135801102E+00
3,1.0710,6.992326126778E+00,3.909226591861E-04,5.866652947880E+00
3,1.0720,6.958178962934E+00,3.818641037520E-04,5.861180323862E+00
3,1.0730,6.924198074327E+00,3.728224328574E-04,5.855717900447E+00
3,1.0740,6.890388127644E+00,3.637975993388E-04,5.850265649143E+00
3,1.0750,6.856753961764E+00,3.547895562081E-04,5.844823541562E+00
3,1.0760,6.823300597539E+00,3.457982566521E-04,5.839391549423E+00
3,1.0770,6.790033246032E+00,3.368236540311E-04,5.833969644549E+00
3,1.0780,6.756957316446E+00,3.278657018788E-04,5.828557798868E+00
3,1.0790,6.724078423091E+00,3.189243539010E-04,5.823155984411E+00
3,1.0800,6.691402396160E+00,3.099995639751E-04,5.817764173314E+00
3,1.0810,6.659768695808E+00,3.024374338983E-04,5.812382337816E+00
3,1.0820,6.628338181934E+00,2.948892818808E-04,5.807010450258E+00
3,1.0830,6.597116766035E+00,2.873550692023E-04,5.801648483084E+00
3,1.0840,6.566110583892E+00,2.798347572851E-04,5.796296408837E+00
3,1.0850,6.535326004651E+00,2.723283076941E-04,5.790954200166E+00
3,1.0860,6.504769638675E+00,2.648356821354E-04,5.785621829815E+00
3,1.0870,6.474448351680E+00,2.573568424564E-04,5.780299270634E+00
3,1.0880,6.444369272099E+00,2.498917506444E-04,5.774986495569E+00
3,1.0890,6.414539808488E+00,2.424403688265E-04,5.769683477667E+00
3,1.0900,6.384967654798E+00,2.350026592689E-04,5.764390190073E+00
3,1.0910,6.354896547162E+00,2.289527072121E-04,5.759106606031E+00
3,1.0920,6.325115907039E+00,2.229138356536E-04,5.753832698882E+00
3,1.0930,6.295635280191E+00,2.168860141802E-04,5.748568442067E+00
3,1.0940,6.266464609777E+00,2.108692124902E-04,5.743313809122E+00
3,1.0950,6.237614252091E+00,2.048634003923E-04,5.738068773680E+00
3,1.0960,6.209094998728E+00,1.988685478055E-04,5.732833309470E+00
3,1.0970,6.180918097398E+00,1.928846247586E-04,5.727607390319E+00
3,1.0980,6.153095281919E+00,1.869116013893E-04,5.722390990145E+00
3,1.0990,6.125638786634E+00,1.809494479443E-04,5.717184082966E+00
3,1.1000,6.098561382977E+00,1.749981347782E-04,5.711986642891E+00
3,1.1010,6.072539476457E+00,1.709654151404E-04,5.706798644123E+00
3,1.1020,6.046899654611E+00,1.669400144129E-04,5.701620060962E+00
3,1.1030,6.021655095479E+00,1.629219126895E-04,5.696450867797E+00
3,1.1040,5.996819551970E+00,1.589110901359E-04,5.691291039112E+00
3,1.1050,5.972407395555E+00,1.549075269896E-04,5.686140549484E+00
3,1.1060,5.948433638968E+00,1.509112035597E-04,5.680999373580E+00
3,1.1070,5.924913982136E+00,1.469221002263E-04,5.675867486160E+00
3,1.1080,5.901864850926E+00,1.429401974404E-04,5.670744862075E+00
3,1.1090,5.879303441101E+00,1.389654757236E-04,5.665631476267E+00
3,1.1100,5.857247768302E+00,1.349979156675E-04,5.660527303765E+00
3,1.1110,5.835195600208E+00,1.314695729630E-04,5.655432319694E+00
3,1.1120,5.813723249532E+00,1.279475761986E-04,5.650346499262E+00
3,1.1130,5.792853696816E+00,1.244319082694E-04,5.645269817771E+00
3,1.1140,5.772611136101E+00,1.209225521317E-04,5.640202250610E+00
3,1.1150,5.753021061866E+00,1.174194908033E-04,5.635143773255E+00
3,1.1160,5.734110369912E+00,1.139227073626E-04,5.630094361272E+00
3,1.1170,5.715907465521E+00,1.104321849486E-04,5.625053990313E+00
3,1.1180,5.698442390142E+00,1.069479067608E-04,5.620022636118E+00
3,1.1190,5.681746953913E+00,1.034698560586E-04,5.615000274513E+00
3,1.1200,5.665854895956E+00,9.999801616114E-05,5.609986881410E+00
3,1.1210,5.651104133570E+00,9.747793098372E-05,5.604982432810E+00
3,1.1220,5.637176159069E+00,9.496233793674E-05,5.599986904795E+00
3,1.1230,5.624107741180E+00,9.245122501986E-05,5.595000273535E+00
3,1.1240,5.611938069676E+00,8.994458027543E-05,5.590022515284E+00
3,1.1250,5.600709000940E+00,8.744239178832E-05,5.585053606382E+00
3,1.1260,5.590465339600E+00,8.494464768573E-05,5.580093523250E+00
3,1.1270,5.581255162984E+00,8.245133613701E-05,5.575142242395E+00
3,1.1280,5.573130197049E+00,7.996244535344E-05,5.570199740407E+00
3,1.1290,5.566146254373E+00,7.747796358810E-05,5.565265993959E+00
3,1.1300,5.560363746151E+00,7.499787913561E-05,5.560340979805E+00
3,0.3000,1.011514038580E+02,8.867668863533E+01,2.094395102393E+01
3,0.3010,1.011064695775E+02,8.705447177761E+01,2.087436979129E+01
3,0.3020,1.010618317704E+02,8.544299807790E+01,2.080524936152E+01
3,0.3030,1.010174875115E+02,8.384216116828E+01,2.073658517221E+01
3,0.3040,1.009734339133E+02,8.225185608043E+01,2.066837272099E+01
3,0.3050,1.009296681265E+02,8.067197922267E+01,2.060060756452E+01
3,0.3060,1.008861873391E+02,7.910242835745E+01,2.053328531758E+01
3,0.3070,1.008429887749E+02,7.754310257929E+01,2.046640165205E+01
3,0.3080,1.008000696944E+02,7.599390229320E+01,2.039995229604E+01
3,0.3090,1.007574273929E+02,7.445472919343E+01,2.033393303294E+01
3,0.3100,1.007150592012E+02,7.292548624268E+01,2.026833970058E+01
3,0.3110,1.003523740658E+02,7.209500568704E+01,2.020316819029E+01
3,0.3120,9.999193799222E+01,7.126984872471E+01,2.013841444609E+01
3,0.3130,9.963372933990E+01,7.044996433082E+01,2.007407446383E+01
3,0.3140,9.927772674317E+01,6.963530213053E+01,2.001014429038E+01
3,0.3150,9.892390910776E+01,6.882581238864E+01,1.994662002279E+01
3,0.3160,9.857225560624E+01,6.802144599956E+01,1.988349780753E+01
3,0.3170,9.822274567315E+01,6.722215447729E+01,1.982077383968E+01
3,0.3180,9.787535900178E+01,6.642788994572E+01,1.975844436220E+01
3,0.3190,9.753007554015E+01,6.563860512908E+01,1.969650566514E+01
3,0.3200,9.718687548609E+01,6.485425334254E+01,1.963495408494E+01
3,0.3210,9.703169472215E+01,6.425486731426E+01,1.957378600367E+01
3,0.3220,9.687746225006E+01,6.365920418057E+01,1.951299784838E+01
3,0.3230,9.672416933222E+01,6.306722936349E+01,1.945258609034E+01
3,0.3240,9.657180733877E+01,6.247890871195E+01,1.939254724438E+01
3,0.3250,9.642036774546E+01,6.189420849519E+01,1.933287786824E+01
3,0.3260,9.626984213195E+01,6.131309539632E+01,1.927357456190E+01
3,0.3270,9.612022218072E+01,6.073553650601E+01,1.921463396691E+01
3,0.3280,9.597149967564E+01,6.016149931624E+01,1.915605276579E+01
3,0.3290,9.582366649934E+01,5.959095171426E+01,1.909782768140E+01
3,0.3300,9.567671463321E+01,5.902386197654E+01,1.903995547630E+01
3,0.3310,9.557576184718E+01,5.861205822652E+01,1.898243295220E+01
3,0.3320,9.547541027509E+01,5.820273522199E+01,1.892525694934E+01
3,0.3330,9.537565454170E+01,5.779587061388E+01,1.886842434588E+01
3,0.3340,9.527648933492E+01,5.739144232079E+01,1.881193205742E+01
3,0.3350,9.517790940647E+01,5.698942852497E+01,1.875577703636E+01
3,0.3360,9.507990957037E+01,5.658980766841E+01,1.869995627137E+01
3,0.3370,9.498248470117E+01,5.619255844899E+01,1.864446678688E+01
3,0.3380,9.488562973450E+01,5.579765981666E+01,1.858930564254E+01
3,0.3390,9.478933966524E+01,5.540509096977E+01,1.853446993268E+01
3,0.3400,9.469360954647E+01,5.501483135139E+01,1.847995678582E+01
3,0.3410,9.476422198452E+01,5.478163705799E+01,1.842576336416E+01
3,0.3420,9.483441869481E+01,5.454980647391E+01,1.837188686310E+01
3,0.3430,9.490420334096E+01,5.431932767166E+01,1.831832451073E+01
3,0.3440,9.497357954372E+01,5.409018886245E+01,1.826507356738E+01
3,0.3450,9.504255088195E+01,5.386237839416E+01,1.821213132516E+01
3,0.3460,9.511112089204E+01,5.363588474938E+01,1.815949510746E+01
3,0.3470,9.517929307009E+01,5.341069654348E+01,1.810716226853E+01
3,0.3480,9.524707087119E+01,5.318680252267E+01,1.805513019304E+01
3,0.3490,9.531445771068E+01,5.296419156215E+01,1.800339629564E+01
3,0.3500,9.538145696422E+01,5.274285266427E+01,1.795195802051E+01
3,0.3510,9.607523133697E+01,5.264271040272E+01,1.790081284097E+01
3,0.3520,9.676475749091E+01,5.254313713129E+01,1.784995825903E+01
3,0.3530,9.745008027669E+01,5.244412801437E+01,1.779939180504E+01
3,0.3540,9.813124371070E+01,5.234567827100E+01,1.774911103723E+01
3,0.3550,9.880829100118E+01,5.224778317407E+01,1.769911354135E+01
3,0.3560,9.948126457440E+01,5.215043804959E+01,1.764939693028E+01
3,0.3570,1.001502060982E+02,5.205363827595E+01,1.759995884364E+01
3,0.3580,1.008151565059E+02,5.195737928317E+01,1.755079694743E+01
3,0.3590,1.014761560184E+02,5.186165655219E+01,1.750190893365E+01
3,0.3600,1.021332441653E+02,5.176646561415E+01,1.745329251994E+01
3,0.3610,1.033828770926E+02,5.023937503926E+01,1.740494544925E+01
3,0.3620,1.046247912616E+02,4.872072142888E+01,1.735686548945E+01
3,0.3630,1.058590847741E+02,4.721043505601E+01,1.730905043300E+01
3,0.3640,1.070858527567E+02,4.570844695992E+01,1.726149809665E+01
3,0.3650,1.083051875300E+02,4.421468893559E+01,1.721420632104E+01
3,0.3660,1.095171787647E+02,4.272909352342E+01,1.716717297044E+01
3,0.3670,1.107219136278E+02,4.125159399904E+01,1.712039593237E+01
3,0.3680,1.119194769149E+02,3.978212436339E+01,1.707387311734E+01
3,0.3690,1.131099511749E+02,3.832061933281E+01,1.702760245848E+01
3,0.3700,1.142934168254E+02,3.686701432942E+01,1.698158191130E+01
3,0.3710,1.134935615742E+02,3.469300566511E+01,1.693580945331E+01
3,0.3720,1.126977478692E+02,3.253068521943E+01,1.689028308382E+01
3,0.3730,1.119059398674E+02,3.037995898525E+01,1.684500082354E+01
3,0.3740,1.111181020496E+02,2.824073396088E+01,1.679996071438E+01
3,0.3750,1.103341992156E+02,2.611291813664E+01,1.675516081915E+01
3,0.3760,1.095541964785E+02,2.399642048168E+01,1.671059922122E+01
3,0.3770,1.087780592587E+02,2.189115093098E+01,1.666627402435E+01
3,0.3780,1.080057532789E+02,1.979702037262E+01,1.662218335233E+01
3,0.3790,1.072372445583E+02,1.771394063515E+01,1.657832534876E+01
3,0.3800,1.064724994078E+02,1.564182447524E+01,1.653469817679E+01
3,0.3810,1.051995980296E+02,1.477455568688E+01,1.649130001884E+01
3,0.3820,1.039325473762E+02,1.391182757281E+01,1.644812907639E+01
3,0.3830,1.026712785767E+02,1.305360456638E+01,1.640518356966E+01
3,0.3840,1.014157225880E+02,1.219985147144E+01,1.636246173745E+01
3,0.3850,1.001658101536E+02,1.135053345752E+01,1.631996183683E+01
3,0.3860,9.892147175889E+01,1.050561605506E+01,1.627768214295E+01
3,0.3870,9.768263758703E+01,9.665065150811E+00,1.623562094878E+01
3,0.3880,9.644923746902E+01,8.828846983181E+00,1.619377656490E+01
3,0.3890,9.522120083558E+01,7.996928137750E+00,1.615214731923E+01
3,0.3900,9.399845666177E+01,7.169275542807E+00,1.611073155687E+01
3,0.3910,9.303221949346E+01,6.911503837898E+00,1.606952763985E+01
3,0.3920,9.207024714091E+01,6.655047294747E+00,1.602853394689E+01
3,0.3930,9.111249163306E+01,6.399895873954E+00,1.598774887323E+01
3,0.3940,9.015890499785E+01,6.146039638038E+00,1.594717083041E+01
3,0.3950,8.920943924157E+01,5.893468750152E+00,1.590679824602E+01
3,0.3960,8.826404632874E+01,5.642173472811E+00,1.586662956358E+01
3,0.3970,8.732267816080E+01,5.392144166640E+00,1.582666324227E+01
3,0.3980,8.638528655544E+01,5.143371289143E+00,1.578689775673E+01
3,0.3990,8.545182322251E+01,4.895845393489E+00,1.574733159694E+01
3,0.4000,8.452223974025E+01,4.649557127313E+00,1.570796326795E+01
3,0.4010,8.383030697101E+01,4.529847561859E+00,1.566879128972E+01
3,0.4020,8.314135954440E+01,4.410733566383E+00,1.562981419696E+01
3,0.4030,8.245536752078E+01,4.292210707361E+00,1.559103053891E+01
3,0.4040,8.177230107759E+01,4.174274595166E+00,1.555243887916E+01
3,0.4050,8.109213050296E+01,4.056920883525E+00,1.551403779551E+01
3,0.4060,8.041482618750E+01,3.940145268985E+00,1.547582587975E+01
3,0.4070,7.974035862031E+01,3.823943490389E+00,1.543780173754E+01
3,0.4080,7.906869837843E+01,3.708311328355E+00,1.539996398819E+01
3,0.4090,7.839981612201E+01,3.593244604766E+00,1.536231126450E+01
3,0.4100,7.773368258582E+01,3.478739182268E+00,1.532484221263E+01
3,0.4110,7.718594909173E+01,3.392308563657E+00,1.528755549192E+01
3,0.4120,7.664051405185E+01,3.306297511157E+00,1.525044977471E+01
3,0.4130,7.609735588355E+01,3.220702977070E+00,1.521352374620E+01
3,0.4140,7.555645311956E+01,3.135521943148E+00,1.517677610430E+01
3,0.4150,7.501778440623E+01,3.050751420233E+00,1.514020555947E+01
3,0.4160,7.448132849949E+01,2.966388447909E+00,1.510381083457E+01
3,0.4170,7.394706426006E+01,2.882430094157E+00,1.506759066470E+01
3,0.4180,7.341497065182E+01,2.798873455016E+00,1.503154379708E+01
3,0.4190,7.288502673541E+01,2.715715654249E+00,1.499566899088E+01
3,0.4200,7.235721166780E+01,2.632953843009E+00,1.495996501709E+01
3,0.4210,7.189626489469E+01,2.569986959374E+00,1.492443065838E+01
3,0.4220,7.143719234237E+01,2.507318496988E+00,1.488906470896E+01
3,0.4230,7.097997710010E+01,2.444946339389E+00,1.485386597442E+01
3,0.4240,7.052460235785E+01,2.382868390081E+00,1.481883327165E+01
3,0.4250,7.007105140273E+01,2.321082572299E+00,1.478396542866E+01
3,0.4260,6.961930761895E+01,2.259586828779E+00,1.474926128446E+01
3,0.4270,6.916935448259E+01,2.198379121528E+00,1.471471968895E+01
3,0.4280,6.872117556157E+01,2.137457431601E+00,1.468033950276E+01
3,0.4290,6.827475451200E+01,2.076819758877E+00,1.464611959716E+01
3,0.4300,6.783007507454E+01,2.016464121839E+00,1.461205885391E+01
3,0.4310,6.743839843474E+01,1.966593266679E+00,1.457815616515E+01
3,0.4320,6.704826827790E+01,1.916953295107E+00,1.454441043329E+01
3,0.4330,6.665967121880E+01,1.867542607469E+00,1.451082057085E+01
3,0.4340,6.627259395667E+01,1.818359618852E+00,1.447738550041E+01
3,0.4350,6.588702327496E+01,1.769402758918E+00,1.444410415444E+01
3,0.4360,6.550294603872E+01,1.720670471737E+00,1.441097547518E+01
3,0.4370,6.512034919365E+01,1.672161215618E+00,1.437799841460E+01
3,0.4380,6.473921976510E+01,1.623873462951E+00,1.434517193420E+01
3,0.4390,6.435954485468E+01,1.575805700047E+00,1.431249500496E+01
3,0.4400,6.398131163979E+01,1.527956426973E+00,1.427996660723E+01
3,0.4410,6.362897922020E+01,1.495002020225E+00,1.424758573057E+01
3,0.4420,6.327798859166E+01,1.462196728440E+00,1.421535137371E+01
3,0.4430,6.292832831108E+01,1.429539541810E+00,1.418326254442E+01
3,0.4440,6.257998700762E+01,1.397029459624E+00,1.415131825941E+01
3,0.4450,6.223295337955E+01,1.364665490167E+00,1.411951754422E+01
3,0.4460,6.188721619521E+01,1.332446650618E+00,1.408785943314E+01
3,0.4470,6.154276429022E+01,1.300371966950E+00,1.405634296908E+01
3,0.4480,6.119958656653E+01,1.268440473834E+00,1.402496720353E+01
3,0.4490,6.085767199099E+01,1.236651214541E+00,1.399373119639E+01
3,0.4500,6.051700959427E+01,1.205003240845E+00,1.396263401595E+01
3,0.4510,6.020320409955E+01,1.181543941427E+00,1.393167473876E+01
3,0.4520,5.989055500968E+01,1.158188444218E+00,1.390085244951E+01
3,0.4530,5.957905269257E+01,1.134936061787E+00,1.387016624101E+01
3,0.4540,5.926868757764E+01,1.111786112760E+00,1.383961521405E+01
3,0.4550,5.895945015444E+01,1.088737921749E+00,1.380919847732E+01
3,0.4560,5.865133096972E+01,1.065790819296E+00,1.377891514732E+01
3,0.4570,5.834432062844E+01,1.042944141799E+00,1.374876434831E+01
3,0.4580,5.803840979256E+01,1.020197231453E+00,1.371874521218E+01
3,0.4590,5.773358917834E+01,9.975494361844E-01,1.368885687839E+01
3,0.4600,5.742984955689E+01,9.750001095908E-01,1.365909849387E+01
3,0.4610,5.714797825057E+01,9.602165502576E-01,1.362946921297E+01
3,0.4620,5.686711231461E+01,9.454969890167E-01,1.359996819736E+01
3,0.4630,5.658724355916E+01,9.308410111938E-01,1.357059461594E+01
3,0.4640,5.630836384680E+01,9.162482056890E-01,1.354134764478E+01
3,0.4650,5.603046509022E+01,9.017181649391E-01,1.351222646705E+01
3,0.4660,5.575353925219E+01,8.872504848791E-01,1.348323027292E+01
3,0.4670,5.547757834327E+01,8.728447649050E-01,1.345435825949E+01
3,0.4680,5.520257442396E+01,8.585006078367E-01,1.342560963073E+01
3,0.4690,5.492851960064E+01,8.442176198818E-01,1.339698359740E+01
3,0.4700,5.465540602719E+01,8.299954105990E-01,1.336847937698E+01
3,0.4710,5.440081073516E+01,8.187857561508E-01,1.334009619359E+01
3,0.4720,5.414709490382E+01,8.076236002383E-01,1.331183327792E+01
3,0.4730,5.389425152578E+01,7.965086416024E-01,1.328368986719E+01
3,0.4740,5.364227363676E+01,7.854405815261E-01,1.325566520502E+01
3,0.4750,5.339115431623E+01,7.744191238081E-01,1.322775854143E+01
3,0.4760,5.314088668517E+01,7.634439747359E-01,1.319996913273E+01
3,0.4770,5.289146390764E+01,7.525148430602E-01,1.317229624147E+01
3,0.4780,5.264287918879E+01,7.416314399690E-01,1.314473913636E+01
3,0.4790,5.239512577304E+01,7.307934790619E-01,1.311729709223E+01
3,0.4800,5.214819694649E+01,7.200006763252E-01,1.308996938996E+01
3,0.4810,5.191510472802E+01,7.108320372249E-01,1.306275531638E+01
3,0.4820,5.168279120963E+01,7.017014422703E-01,1.303565416427E+01
3,0.4830,5.145125028768E+01,6.926086551623E-01,1.300866523226E+01
3,0.4840,5.122047589432E+01,6.835534415547E-01,1.298178782475E+01
3,0.4850,5.099046199962E+01,6.745355690342E-01,1.295502125192E+01
3,0.4860,5.076120261016E+01,6.655548071001E-01,1.292836482959E+01
3,0.4870,5.053269176864E+01,6.566109271453E-01,1.290181787922E+01
3,0.4880,5.030492355307E+01,6.477037024362E-01,1.287537972783E+01
3,0.4890,5.007789207561E+01,6.388329080940E-01,1.284904970793E+01
3,0.4900,4.985159148407E+01,6.299983210756E-01,1.282282715751E+01
3,0.4910,4.964459057644E+01,6.223603818808E-01,1.279671141992E+01
3,0.4920,4.943826434584E+01,6.147534912194E-01,1.277070184386E+01
3,0.4930,4.923260769912E+01,6.071774601550E-01,1.274479778333E+01
3,0.4940,4.902761557569E+01,5.996321012811E-01,1.271899859753E+01
3,0.4950,4.882328294690E+01,5.921172287057E-01,1.269330365087E+01
3,0.4960,4.861960481528E+01,5.846326580358E-01,1.266771231286E+01
3,0.4970,4.841657621388E+01,5.771782063626E-01,1.264222395811E+01
3,0.4980,4.821419220689E+01,5.697536922463E-01,1.261683796622E+01
3,0.4990,4.801244788867E+01,5.623589357017E-01,1.259155372180E+01
3,0.5000,4.781133838216E+01,5.549937581832E-01,1.256637061436E+01
3,0.5010,4.761509428544E+01,5.478686762100E-01,1.254128803828E+01
3,0.5020,4.741946562640E+01,5.407719810176E-01,1.251630539279E+01
3,0.5030,4.722444775746E+01,5.337035033011E-01,1.249142208187E+01
3,0.5040,4.703003605978E+01,5.266630750993E-01,1.246663751425E+01
3,0.5050,4.683622594160E+01,5.196505297815E-01,1.244195110333E+01
3,0.5060,4.664301283917E+01,5.126657020341E-01,1.241736226715E+01
3,0.5070,4.645039221390E+01,5.057084278479E-01,1.239287042836E+01
3,0.5080,4.625835955609E+01,4.987785445049E-01,1.236847501413E+01
3,0.5090,4.606691038032E+01,4.918758905661E-01,1.234417545615E+01
3,0.5100,4.587604022759E+01,4.850003058583E-01,1.231997119055E+01
3,0.5110,4.569272554001E+01,4.804214475246E-01,1.229586165789E+01
3,0.5120,4.550996606005E+01,4.758604753562E-01,1.227184630309E+01
3,0.5130,4.532775763450E+01,4.713172847558E-01,1.224792457540E+01
3,0.5140,4.514609613203E+01,4.667917719397E-01,1.222409592836E+01
3,0.5150,4.496497744723E+01,4.622838339308E-01,1.220035981977E+01
3,0.5160,4.478439749725E+01,4.577933685497E-01,1.217671571159E+01
3,0.5170,4.460435222215E+01,4.533202744081E-01,1.215316306998E+01
3,0.5180,4.442483758642E+01,4.488644509002E-01,1.212970136521E+01
3,0.5190,4.424584957590E+01,4.444257981958E-01,1.210633007164E+01
3,0.5200,4.406738419979E+01,4.400042172326E-01,1.208304866765E+01
3,0.5210,4.389772707295E+01,4.351714847982E-01,1.205985663566E+01
3,0.5220,4.372856786757E+01,4.303572685800E-01,1.203675346203E+01
3,0.5230,4.355990291850E+01,4.255614623665E-01,1.201373863705E+01
3,0.5240,4.339172858271E+01,4.207839607569E-01,1.199081165492E+01
3,0.5250,4.322404123820E+01,4.160246591534E-01,1.196797201368E+01
3,0.5260,4.305683728353E+01,4.112834537537E-01,1.194521921517E+01
3,0.5270,4.289011313639E+01,4.065602415434E-01,1.192255276505E+01
3,0.5280,4.272386523637E+01,4.018549202884E-01,1.189997217269E+01
3,0.5290,4.255809004069E+01,3.971673885278E-01,1.187747695119E+01
3,0.5300,4.239278402789E+01,3.924975455662E-01,1.185506661732E+01
3,0.5310,4.223204738968E+01,3.884298288572E-01,1.183274069149E+01
3,0.5320,4.207176512590E+01,3.843774043163E-01,1.181049869771E+01
3,0.5330,4.191193389643E+01,3.803401858712E-01,1.178834016356E+01
3,0.5340,4.175255037967E+01,3.763180880945E-01,1.176626462019E+01
3,0.5350,4.159361127170E+01,3.723110261973E-01,1.174427160220E+01
3,0.5360,4.143511328787E+01,3.683189160236E-01,1.172236064772E+01
3,0.5370,4.127705315981E+01,3.643416740442E-01,1.170053129829E+01
3,0.5380,4.111942763653E+01,3.603792173510E-01,1.167878309885E+01
3,0.5390,4.096223348640E+01,3.564314636510E-01,1.165711559774E+01
3,0.5400,4.080546749205E+01,3.524983312611E-01,1.163552834663E+01
3,0.5410,4.065454759130E+01,3.491441805176E-01,1.161402090052E+01
3,0.5420,4.050403982695E+01,3.458024067141E-01,1.159259281767E+01
3,0.5430,4.035394119362E+01,3.424729414697E-01,1.157124365963E+01
3,0.5440,4.020424870169E+01,3.391557169064E-01,1.154997299114E+01
3,0.5450,4.005495937795E+01,3.358506656442E-01,1.152878038015E+01
3,0.5460,3.990607026439E+01,3.325577207969E-01,1.150766539776E+01
3,0.5470,3.975757841928E+01,3.292768159674E-01,1.148662761824E+01
3,0.5480,3.960948091601E+01,3.260078852430E-01,1.146566661894E+01
3,0.5490,3.946177484169E+01,3.227508631916E-01,1.144478198029E+01
3,0.5500,3.931445730061E+01,3.195056848567E-01,1.142397328578E+01
3,0.5510,3.917155609817E+01,3.164057036630E-01,1.140324012192E+01
3,0.5520,3.902903099584E+01,3.133169542852E-01,1.138258207822E+01
3,0.5530,3.888687925546E+01,3.102393757912E-01,1.136199874716E+01
3,0.5540,3.874509815389E+01,3.071729076889E-01,1.134148972415E+01
3,0.5550,3.860368498250E+01,3.041174899221E-01,1.132105460753E+01
3,0.5560,3.846263704583E+01,3.010730628667E-01,1.130069299852E+01
3,0.5570,3.832195166198E+01,2.980395673267E-01,1.128040450122E+01
3,0.5580,3.818162616207E+01,2.950169445307E-01,1.126018872254E+01
3,0.5590,3.804165789175E+01,2.920051361274E-01,1.124004527224E+01
3,0.5600,3.790204420773E+01,2.890040841827E-01,1.121997376282E+01
3,0.5610,3.776544805380E+01,2.866666896486E-01,1.119997380959E+01
3,0.5620,3.762919717068E+01,2.843376132444E-01,1.118004503057E+01
3,0.5630,3.749328903005E+01,2.820168106464E-01,1.116018704650E+01
3,0.5640,3.735772111511E+01,2.797042378447E-01,1.114039948081E+01
3,0.5650,3.722249092168E+01,2.773998511415E-01,1.112068195961E+01
3,0.5660,3.708759595908E+01,2.751036071475E-01,1.110103411162E+01
3,0.5670,3.695303374604E+01,2.728154627795E-01,1.108145556822E+01
3,0.5680,3.681880181418E+01,2.705353752579E-01,1.106194596334E+01
3,0.5690,3.668489770721E+01,2.682633021037E-01,1.104250493353E+01
3,0.5700,3.655131897913E+01,2.659992011361E-01,1.102313211786E+01
3,0.5710,3.642203222574E+01,2.637650381238E-01,1.100382715793E+01
3,0.5720,3.629306043759E+01,2.615386868703E-01,1.098458969787E+01
3,0.5730,3.616440131145E+01,2.593201064764E-01,1.096541938426E+01
3,0.5740,3.603605255761E+01,2.571092563277E-01,1.094631586617E+01
3,0.5750,3.590801189475E+01,2.549060960926E-01,1.092727879509E+01
3,0.5760,3.578027705366E+01,2.527105857194E-01,1.090830782496E+01
3,0.5770,3.565284577524E+01,2.505226854341E-01,1.088940261210E+01
3,0.5780,3.552571580935E+01,2.483423557381E-01,1.087056281519E+01
3,0.5790,3.539888491795E+01,2.461695574055E-01,1.085178809530E+01
3,0.5800,3.527235087147E+01,2.440042514809E-01,1.083307811583E+01
3,0.5810,3.514873955373E+01,2.420237559709E-01,1.081443254248E+01
3,0.5820,3.502541728976E+01,2.400500662874E-01,1.079585104326E+01
3,0.5830,3.490238195176E+01,2.380831474090E-01,1.077733328847E+01
3,0.5840,3.477963142169E+01,2.361229645541E-01,1.075887895065E+01
3,0.5850,3.465716358997E+01,2.341694831791E-01,1.074048770458E+01
3,0.5860,3.453497635563E+01,2.322226689760E-01,1.072215922727E+01
3,0.5870,3.441306762883E+01,2.302824878708E-01,1.070389319792E+01
3,0.5880,3.429143532797E+01,2.283489060209E-01,1.068568929792E+01
3,0.5890,3.417007737911E+01,2.264218898141E-01,1.066754721083E+01
3,0.5900,3.404899171805E+01,2.245014058655E-01,1.064946662234E+01
3,0.5910,3.393078829086E+01,2.229021118543E-01,1.063144722027E+01
3,0.5920,3.381285003864E+01,2.213082208635E-01,1.061348869456E+01
3,0.5930,3.369517499340E+01,2.197197055589E-01,1.059559073723E+01
3,0.5940,3.357776119534E+01,2.181365387908E-01,1.057775304239E+01
3,0.5950,3.346060669118E+01,2.165586935916E-01,1.055997530618E+01
3,0.5960,3.334370953775E+01,2.149861431749E-01,1.054225722681E+01
3,0.5970,3.322706779937E+01,2.134188609339E-01,1.052459850449E+01
3,0.5980,3.311067954780E+01,2.118568204394E-01,1.050699884144E+01
3,0.5990,3.299454286262E+01,2.102999954392E-01,1.048945794187E+01
3,0.6000,3.287865583180E+01,2.087483598555E-01,1.047197551197E+01
3,0.6010,3.276431536716E+01,2.068453875867E-01,1.045455125987E+01
3,0.6020,3.265021943304E+01,2.049487374849E-01,1.043718489565E+01
3,0.6030,3.253636617399E+01,2.030583780965E-01,1.041987613131E+01
3,0.6040,3.242275374165E+01,2.011742781763E-01,1.040262468076E+01
3,0.6050,3.230938029472E+01,1.992964066856E-01,1.038543025980E+01
3,0.6060,3.219624399853E+01,1.974247327905E-01,1.036829258610E+01
3,0.6070,3.208334302688E+01,1.955592258606E-01,1.035121137921E+01
3,0.6080,3.197067555829E+01,1.936998554665E-01,1.033418636049E+01
3,0.6090,3.185823977991E+01,1.918465913792E-01,1.031721725317E+01
3,0.6100,3.174603388423E+01,1.899994035676E-01,1.030030378226E+01
3,0.6110,3.163664132109E+01,1.885788551254E-01,1.028344567460E+01
3,0.6120,3.152747276426E+01,1.871629489983E-01,1.026664265879E+01
3,0.6130,3.141852649474E+01,1.857516624670E-01,1.024989446522E+01
3,0.6140,3.130980079994E+01,1.843449729604E-01,1.023320082603E+01
3,0.6150,3.120129397240E+01,1.829428580537E-01,1.021656147509E+01
3,0.6160,3.109300431287E+01,1.815452954681E-01,1.019997614802E+01
3,0.6170,3.098493012672E+01,1.801522630692E-01,1.018344458214E+01
3,0.6180,3.087706972522E+01,1.787637388658E-01,1.016696651647E+01
3,0.6190,3.076942142673E+01,1.773797010088E-01,1.015054169173E+01
3,0.6200,3.066198355350E+01,1.760001277900E-01,1.013416985029E+01
3,0.6210,3.055604166416E+01,1.747828361126E-01,1.011785073620E+01
3,0.6220,3.045030589624E+01,1.735694585564E-01,1.010158409514E+01
3,0.6230,3.034477462473E+01,1.723599762732E-01,1.008536967445E+01
3,0.6240,3.023944622855E+01,1.711543705359E-01,1.006920722304E+01
3,0.6250,3.013431909340E+01,1.699526227368E-01,1.005309649149E+01
3,0.6260,3.002939160968E+01,1.687547143877E-01,1.003703723192E+01
3,0.6270,2.992466217206E+01,1.675606271177E-01,1.002102919805E+01
3,0.6280,2.982012918189E+01,1.663703426735E-01,1.000507214519E+01
3,0.6290,2.971579104535E+01,1.651838429175E-01,9.989165830174E+00
3,0.6300,2.961164617225E+01,1.640011098274E-01,9.973310011396E+00
3,0.6310,2.950897576659E+01,1.627335037055E-01,9.957504448779E+00
3,0.6320,2.940649468183E+01,1.614699089954E-01,9.941748903765E+00
3,0.6330,2.930420137727E+01,1.602103066856E-01,9.926043139304E+00
3,0.6340,2.920209431639E+01,1.589546778847E-01,9.910386919842E+00
3,0.6350,2.910017196801E+01,1.577030038202E-01,9.894780011306E+00
3,0.6360,2.899843280545E+01,1.564552658376E-01,9.879222181100E+00
3,0.6370,2.889687530571E+01,1.552114453998E-01,9.863713198084E+00
3,0.6380,2.879549795194E+01,1.539715240855E-01,9.848252832570E+00
3,0.6390,2.869429922851E+01,1.527354835892E-01,9.832840856306E+00
3,0.6400,2.859327762746E+01,1.515033057194E-01,9.817477042468E+00
3,0.6410,2.849371092581E+01,1.502857547756E-01,9.802161165647E+00
3,0.6420,2.839431774807E+01,1.490719968254E-01,9.786893001837E+00
3,0.6430,2.829509663070E+01,1.478620141721E-01,9.771672328429E+00
3,0.6440,2.819604611340E+01,1.466557892289E-01,9.756498924192E+00
3,0.6450,2.809716474214E+01,1.454533045181E-01,9.741372569271E+00
3,0.6460,2.799845106588E+01,1.442545426701E-01,9.726293045170E+00
3,0.6470,2.789990363606E+01,1.430594864230E-01,9.711260134744E+00
3,0.6480,2.780152100994E+01,1.418681186210E-01,9.696273622191E+00
3,0.6490,2.770330174766E+01,1.406804222144E-01,9.681333293035E+00
3,0.6500,2.760524441217E+01,1.394963802583E-01,9.666438934122E+00
3,0.6510,2.750862427843E+01,1.383816067262E-01,9.651590333609E+00
3,0.6520,2.741216280277E+01,1.372702527448E-01,9.636787280950E+00
3,0.6530,2.731585859259E+01,1.361623026040E-01,9.622029566891E+00
3,0.6540,2.721971025959E+01,1.350577406900E-01,9.607316983455E+00
3,0.6550,2.712371641879E+01,1.339565514841E-01,9.592649323938E+00
3,0.6560,2.702787569027E+01,1.328587195624E-01,9.578026382896E+00
3,0.6570,2.693218669402E+01,1.317642295948E-01,9.563447956133E+00
3,0.6580,2.683664805474E+01,1.306730663444E-01,9.548913840698E+00
3,0.6590,2.674125840163E+01,1.295852146669E-01,9.534423834870E+00
3,0.6600,2.664601636378E+01,1.285006595096E-01,9.519977738151E+00
3,0.6610,2.655219562629E+01,1.275885851522E-01,9.505575351255E+00
3,0.6620,2.645851955190E+01,1.266792663065E-01,9.491216476102E+00
3,0.6630,2.636498681401E+01,1.257726905041E-01,9.476900915806E+00
3,0.6640,2.627159609003E+01,1.248688453517E-01,9.462628474668E+00
3,0.6650,2.617834606128E+01,1.239677185306E-01,9.448398958165E+00
3,0.6660,2.608523540916E+01,1.230692977960E-01,9.434212172942E+00
3,0.6670,2.599226281955E+01,1.221735709767E-01,9.420067926806E+00
3,0.6680,2.589942698094E+01,1.212805259742E-01,9.405966028712E+00
3,0.6690,2.580672658396E+01,1.203901507625E-01,9.391906288759E+00
3,0.6700,2.571416032254E+01,1.195024333871E-01,9.377888518178E+00
3,0.6710,2.562172689330E+01,1.185396414913E-01,9.363912529329E+00
3,0.6720,2.552942499278E+01,1.175797150475E-01,9.349978135684E+00
3,0.6730,2.543725332434E+01,1.166226412826E-01,9.336085151827E+00
3,0.6740,2.534521059029E+01,1.156684074991E-01,9.322233393442E+00
3,0.6750,2.525329549716E+01,1.147170010751E-01,9.308422677303E+00
3,0.6760,2.516150675188E+01,1.137684094629E-01,9.294652821272E+00
3,0.6770,2.506984306643E+01,1.128226201894E-01,9.280923644283E+00
3,0.6780,2.497830315294E+01,1.118796208547E-01,9.267234966342E+00
3,0.6790,2.488688572524E+01,1.109393991321E-01,9.253586608512E+00
3,0.6800,2.479558950131E+01,1.100019427676E-01,9.239978392911E+00
3,0.6810,2.470568793196E+01,1.091908734748E-01,9.226410142701E+00
3,0.6820,2.461590519697E+01,1.083821826843E-01,9.212881682082E+00
3,0.6830,2.452624005406E+01,1.075758599489E-01,9.199392836281E+00
3,0.6840,2.443669126468E+01,1.067718948823E-01,9.185943431549E+00
3,0.6850,2.434725759080E+01,1.059702771589E-01,9.172533295153E+00
3,0.6860,2.425793779806E+01,1.051709965134E-01,9.159162255364E+00
3,0.6870,2.416873065234E+01,1.043740427403E-01,9.145830141455E+00
3,0.6880,2.407963492177E+01,1.035794056933E-01,9.132536783691E+00
3,0.6890,2.399064937780E+01,1.027870752850E-01,9.119282013323E+00
3,0.6900,2.390177279352E+01,1.019970414865E-01,9.106065662579E+00
3,0.6910,2.381555602693E+01,1.012374822786E-01,9.092887564659E+00
3,0.6920,2.372944645976E+01,1.004801183286E-01,9.079747553728E+00
3,0.6930,2.364344294094E+01,9.972494013304E-02,9.066645464906E+00
3,0.6940,2.355754431967E+01,9.897193824355E-02,9.053581134265E+00
3,0.6950,2.347174944835E+01,9.822110326597E-02,9.040554398820E+00
3,0.6960,2.338605718092E+01,9.747242586017E-02,9.027565096522E+00
3,0.6970,2.330046637323E+01,9.672589673961E-02,9.014613066255E+00
3,0.6980,2.321497588320E+01,9.598150667096E-02,9.001698147822E+00
3,0.6990,2.312958457098E+01,9.523924647376E-02,8.988820181945E+00
3,0.7000,2.304429129876E+01,9.449910701998E-02,8.975979010257E+00
3,0.7010,2.295781693692E+01,9.394213535809E-02,8.963174475292E+00
3,0.7020,2.287143779615E+01,9.338675051004E-02,8.950406420484E+00
3,0.7030,2.278515270899E+01,9.283294570424E-02,8.937674690156E+00
3,0.7040,2.269896050969E+01,9.228071420755E-02,8.924979129516E+00
3,0.7050,2.261286003480E+01,9.173004932503E-02,8.912319584652E+00
3,0.7060,2.252685012129E+01,9.118094439968E-02,8.899695902521E+00
3,0.7070,2.244092960955E+01,9.063339281218E-02,8.887107930947E+00
3,0.7080,2.235509734136E+01,9.008738798057E-02,8.874555518615E+00
3,0.7090,2.226935216069E+01,8.954292336005E-02,8.862038515063E+00
3,0.7100,2.218369291201E+01,8.899999244268E-02,8.849556770675E+00
3,0.7110,2.210068124157E+01,8.849367208440E-02,8.837110136680E+00
3,0.7120,2.201775470976E+01,8.798877397431E-02,8.824698465140E+00
3,0.7130,2.193491224028E+01,8.748529212820E-02,8.812321608948E+00
3,0.7140,2.185215275557E+01,8.698322059539E-02,8.799979421820E+00
3,0.7150,2.176947518191E+01,8.648255345848E-02,8.787671758293E+00
3,0.7160,2.168687844749E+01,8.598328483312E-02,8.775398473715E+00
3,0.7170,2.160436148337E+01,8.548540886780E-02,8.763159424239E+00
3,0.7180,2.152192322106E+01,8.498891974362E-02,8.750954466824E+00
3,0.7190,2.143956259579E+01,8.449381167402E-02,8.738783459221E+00
3,0.7200,2.135727854516E+01,8.400007890461E-02,8.726646259972E+00
3,0.7210,2.127507000885E+01,8.329133361698E-02,8.714542728404E+00
3,0.7220,2.119293592730E+01,8.258455161270E-02,8.702472724625E+00
3,0.7230,2.111087524682E+01,8.187972474535E-02,8.690436109515E+00
3,0.7240,2.102888691354E+01,8.117684491356E-02,8.678432744723E+00
3,0.7250,2.094696987681E+01,8.047590406061E-02,8.666462492661E+00
3,0.7260,2.086512308963E+01,7.977689417419E-02,8.654525216501E+00
3,0.7270,2.078334550643E+01,7.907980728609E-02,8.642620780164E+00
3,0.7280,2.070163608537E+01,7.838463547186E-02,8.630749048324E+00
3,0.7290,2.061999378772E+01,7.769137085053E-02,8.618909886392E+00
3,0.7300,2.053841757723E+01,7.700000558433E-02,8.607103160520E+00
3,0.7310,2.045819688628E+01,7.639261726781E-02,8.595328737592E+00
3,0.7320,2.037804133755E+01,7.578688848221E-02,8.583586485218E+00
3,0.7330,2.029794993707E+01,7.518281243545E-02,8.571876271732E+00
3,0.7340,2.021792169732E+01,7.458038237247E-02,8.560197966185E+00
3,0.7350,2.013795563074E+01,7.397959157496E-02,8.548551438340E+00
3,0.7360,2.005805075540E+01,7.338043336115E-02,8.536936558668E+00
3,0.7370,1.997820609383E+01,7.278290108550E-02,8.525353198344E+00
3,0.7380,1.989842066956E+01,7.218698813851E-02,8.513801229241E+00
3,0.7390,1.981869351417E+01,7.159268794645E-02,8.502280523924E+00
3,0.7400,1.973902365980E+01,7.099999397113E-02,8.490790955648E+00
3,0.7410,1.965941014521E+01,7.044332579918E-02,8.479332398353E+00
3,0.7420,1.957985201318E+01,6.988815808052E-02,8.467904726657E+00
3,0.7430,1.950034831127E+01,6.933448475680E-02,8.456507815854E+00
3,0.7440,1.942089809296E+01,6.878229980222E-02,8.445141541908E+00
3,0.7450,1.934150041241E+01,6.823159722337E-02,8.433805781449E+00
3,0.7460,1.926215433669E+01,6.768237105893E-02,8.422500411769E+00
3,0.7470,1.918285893199E+01,6.713461537954E-02,8.411225310816E+00
3,0.7480,1.910361327325E+01,6.658832428753E-02,8.399980357192E+00
3,0.7490,1.902441644275E+01,6.604349191673E-02,8.388765430146E+00
3,0.7500,1.894526752658E+01,6.550011243224E-02,8.377580409573E+00
3,0.7510,1.886746891905E+01,6.489292191390E-02,8.366425176005E+00
3,0.7520,1.878971788764E+01,6.428734626396E-02,8.355299610611E+00
3,0.7530,1.871201356651E+01,6.368337904869E-02,8.344203595192E+00
3,0.7540,1.863435510197E+01,6.308101386846E-02,8.333137012175E+00
3,0.7550,1.855674164217E+01,6.248024435759E-02,8.322099744609E+00
3,0.7560,1.847917234885E+01,6.188106418404E-02,8.311091676163E+00
3,0.7570,1.840164638731E+01,6.128346704927E-02,8.300112691122E+00
3,0.7580,1.832416293132E+01,6.068744668793E-02,8.289162674379E+00
3,0.7590,1.824672116873E+01,6.009299686774E-02,8.278241511436E+00
3,0.7600,1.816932029240E+01,5.950011138917E-02,8.267349088394E+00
3,0.7610,1.809195950425E+01,5.904476839808E-02,8.256485291957E+00
3,0.7620,1.801463801897E+01,5.859062053295E-02,8.245650009422E+00
3,0.7630,1.793735505873E+01,5.813766309473E-02,8.234843128676E+00
3,0.7640,1.786010986063E+01,5.768589140896E-02,8.224064538193E+00
3,0.7650,1.778290167232E+01,5.723530082564E-02,8.213314127032E+00
3,0.7660,1.770572974971E+01,5.678588671903E-02,8.202591784830E+00
3,0.7670,1.762859336587E+01,5.633764448755E-02,8.191897401799E+00
3,0.7680,1.755149180549E+01,5.589056955354E-02,8.181230868723E+00
3,0.7690,1.747442436812E+01,5.544465736318E-02,8.170592076957E+00
3,0.7700,1.739739036603E+01,5.499990338630E-02,8.159980918415E+00
3,0.7710,1.732170827413E+01,5.464586499241E-02,8.149397285577E+00
3,0.7720,1.724605998721E+01,5.429274379642E-02,8.138841071476E+00
3,0.7730,1.717044487842E+01,5.394053623872E-02,8.128312169702E+00
3,0.7740,1.709486234217E+01,5.358923877807E-02,8.117810474392E+00
3,0.7750,1.701931178385E+01,5.323884789151E-02,8.107335880232E+00
3,0.7760,1.694379263108E+01,5.288936007425E-02,8.096888282448E+00
3,0.7770,1.686830432703E+01,5.254077183952E-02,8.086467576808E+00
3,0.7780,1.679284633493E+01,5.219307971851E-02,8.076073659614E+00
3,0.7790,1.671741813818E+01,5.184628026020E-02,8.065706427702E+00
3,0.7800,1.664201923974E+01,5.150037003127E-02,8.055365778435E+00
3,0.7810,1.656664916604E+01,5.098446871980E-02,8.045051609705E+00
3,0.7820,1.649130746510E+01,5.046988684902E-02,8.034763819923E+00
3,0.7830,1.641599370852E+01,4.995661936360E-02,8.024502308020E+00
3,0.7840,1.634070749561E+01,4.944466123402E-02,8.014266973443E+00
3,0.7850,1.626544844727E+01,4.893400745635E-02,8.004057716152E+00
3,0.7860,1.619021621497E+01,4.842465305217E-02,7.993874436615E+00
3,0.7870,1.611501047639E+01,4.791659306833E-02,7.983717035806E+00
3,0.7880,1.603983094052E+01,4.740982257684E-02,7.973585415203E+00
3,0.7890,1.596467734762E+01,4.690433667467E-02,7.963479476780E+00
3,0.7900,1.588954946961E+01,4.640013048365E-02,7.953399123012E+00
3,0.7910,1.581444711035E+01,4.600570523281E-02,7.943344256864E+00
3,0.7920,1.573937011382E+01,4.561227600532E-02,7.933314781792E+00
3,0.7930,1.566431835750E+01,4.521983903314E-02,7.923310601740E+00
3,0.7940,1.558929175935E+01,4.482839056719E-02,7.913331621133E+00
3,0.7950,1.551429027671E+01,4.443792687725E-02,7.903377744880E+00
3,0.7960,1.543931391016E+01,4.404844425186E-02,7.893448878366E+00
3,0.7970,1.536436270337E+01,4.365993899817E-02,7.883544927452E+00
3,0.7980,1.528943674828E+01,4.327240744187E-02,7.873665798471E+00
3,0.7990,1.521453618443E+01,4.288584592700E-02,7.863811398222E+00
3,0.8000,1.513966119872E+01,4.250025081593E-02,7.853981633974E+00
3,0.8010,1.506615618987E+01,4.212103097087E-02,7.844176413458E+00
3,0.8020,1.499267873882E+01,4.174275681122E-02,7.834395644862E+00
3,0.8030,1.491922915410E+01,4.136542480389E-02,7.824639236836E+00
3,0.8040,1.484580779454E+01,4.098903143340E-02,7.814907098482E+00
3,0.8050,1.477241508410E+01,4.061357320171E-02,7.805199139354E+00
3,0.8060,1.469905149953E+01,4.023904662817E-02,7.795515269454E+00
3,0.8070,1.462571758257E+01,3.986544824936E-02,7.785855399231E+00
3,0.8080,1.455241394189E+01,3.949277461901E-02,7.776219439579E+00
3,0.8090,1.447914125482E+01,3.912102230790E-02,7.766607301829E+00
3,0.8100,1.440590026511E+01,3.875018790372E-02,7.757018897753E+00
3,0.8110,1.433269179670E+01,3.840637693148E-02,7.747454139556E+00
3,0.8120,1.425951674741E+01,3.806341278429E-02,7.737912939876E+00
3,0.8130,1.418637609476E+01,3.772129233734E-02,7.728395211783E+00
3,0.8140,1.411327090602E+01,3.738001248116E-02,7.718900868771E+00
3,0.8150,1.404020232803E+01,3.703957012157E-02,7.709429824760E+00
3,0.8160,1.396717160767E+01,3.669996217952E-02,7.699981994093E+00
3,0.8170,1.389418008033E+01,3.636118559107E-02,7.690557291529E+00
3,0.8180,1.382122918598E+01,3.602323730723E-02,7.681155632249E+00
3,0.8190,1.374832046545E+01,3.568611429393E-02,7.671776931843E+00
3,0.8200,1.367545557064E+01,3.534981353188E-02,7.662421106317E+00
3,0.8210,1.360263625913E+01,3.504655151729E-02,7.653088072082E+00
3,0.8220,1.352986441400E+01,3.474402736649E-02,7.643777745961E+00
3,0.8230,1.345714203514E+01,3.444223838981E-02,7.634490045176E+00
3,0.8240,1.338447125051E+01,3.414118191064E-02,7.625224887354E+00
3,0.8250,1.331185432246E+01,3.384085526536E-02,7.615982190521E+00
3,0.8260,1.323929364687E+01,3.354125580324E-02,7.606761873099E+00
3,0.8270,1.316679176794E+01,3.324238088638E-02,7.597563853905E+00
3,0.8280,1.309435137247E+01,3.294422788960E-02,7.588388052149E+00
3,0.8290,1.302197530679E+01,3.264679420042E-02,7.579234387430E+00
3,0.8300,1.294966657445E+01,3.235007721892E-02,7.570102779734E+00
3,0.8310,1.287742834824E+01,3.206201340052E-02,7.560993149434E+00
3,0.8320,1.280526397500E+01,3.177464204322E-02,7.551905417283E+00
3,0.8330,1.273317697652E+01,3.148796065316E-02,7.542839504417E+00
3,0.8340,1.266117106432E+01,3.120196674846E-02,7.533795332350E+00
3,0.8350,1.258925014533E+01,3.091665785909E-02,7.524772822970E+00
3,0.8360,1.251741832137E+01,3.063203152688E-02,7.515771898540E+00
3,0.8370,1.244567990431E+01,3.034808530538E-02,7.506792481696E+00
3,0.8380,1.237403942152E+01,3.006481675982E-02,7.497834495441E+00
3,0.8390,1.230250162064E+01,2.978222346705E-02,7.488897863146E+00
3,0.8400,1.223107148130E+01,2.950030301546E-02,7.479982508547E+00
3,0.8410,1.216109506308E+01,2.921725994369E-02,7.471088355743E+00
3,0.8420,1.209123360218E+01,2.893488918325E-02,7.462215329192E+00
3,0.8430,1.202149240694E+01,2.865318834158E-02,7.453363353712E+00
3,0.8440,1.195187702209E+01,2.837215503745E-02,7.444532354478E+00
3,0.8450,1.188239323189E+01,2.809178690090E-02,7.435722257017E+00
3,0.8460,1.181304707581E+01,2.781208157318E-02,7.426932987210E+00
3,0.8470,1.174384484851E+01,2.753303670669E-02,7.418164471286E+00
3,0.8480,1.167479310709E+01,2.725464996489E-02,7.409416635825E+00
3,0.8490,1.160589867704E+01,2.697691902224E-02,7.400689407750E+00
3,0.8500,1.153716866300E+01,2.669984156416E-02,7.391982714329E+00
3,0.8510,1.146861044591E+01,2.642193862764E-02,7.383296483172E+00
3,0.8520,1.140023169565E+01,2.614468804544E-02,7.374630642230E+00
3,0.8530,1.133204037248E+01,2.586808752323E-02,7.365985119788E+00
3,0.8540,1.126404473324E+01,2.559213477741E-02,7.357359844473E+00
3,0.8550,1.119625333333E+01,2.531682753509E-02,7.348754745239E+00
3,0.8560,1.112867503431E+01,2.504216353399E-02,7.340169751378E+00
3,0.8570,1.106131900132E+01,2.476814052239E-02,7.331604792508E+00
3,0.8580,1.099419470560E+01,2.449475625907E-02,7.323059798578E+00
3,0.8590,1.092731193216E+01,2.422200851324E-02,7.314534699860E+00
3,0.8600,1.086068077237E+01,2.394989506449E-02,7.306029426953E+00
3,0.8610,1.079558740566E+01,2.370738495207E-02,7.297543910778E+00
3,0.8620,1.073075596233E+01,2.346543750811E-02,7.289078082575E+00
3,0.8630,1.066619669140E+01,2.322405077666E-02,7.280631873904E+00
3,0.8640,1.060192011645E+01,2.298322281078E-02,7.272205216643E+00
3,0.8650,1.053793703502E+01,2.274295167258E-02,7.263798042982E+00
3,0.8660,1.047425849850E+01,2.250323543307E-02,7.255410285427E+00
3,0.8670,1.041089581623E+01,2.226407217221E-02,7.247041876793E+00
3,0.8680,1.034786054010E+01,2.202545997876E-02,7.238692750207E+00
3,0.8690,1.028516445784E+01,2.178739695032E-02,7.230362839102E+00
3,0.8700,1.022281957654E+01,2.154988119321E-02,7.222052077218E+00
3,0.8710,1.015962755679E+01,2.130742836455E-02,7.213760398599E+00
3,0.8720,1.009682766052E+01,2.106553162036E-02,7.205487737591E+00
3,0.8730,1.003443337835E+01,2.082418904969E-02,7.197234028843E+00
3,0.8740,9.972458361829E+00,2.058339875036E-02,7.188999207299E+00
3,0.8750,9.910916406460E+00,2.034315882885E-02,7.180783208205E+00
3,0.8760,9.849821417945E+00,2.010346740031E-02,7.172585967100E+00
3,0.8770,9.789187389710E+00,1.986432258848E-02,7.164407419817E+00
3,0.8780,9.729028361771E+00,1.962572252566E-02,7.156247502482E+00
3,0.8790,9.669358397137E+00,1.938766535262E-02,7.148106151513E+00
3,0.8800,9.610191543404E+00,1.915014921862E-02,7.139983303613E+00
3,0.8810,9.552655630021E+00,1.894811848788E-02,7.131878895777E+00
3,0.8820,9.495628119945E+00,1.874654587671E-02,7.123792865283E+00
3,0.8830,9.439121860286E+00,1.854542982864E-02,7.115725149694E+00
3,0.8840,9.383149543466E+00,1.834476879426E-02,7.107675686855E+00
3,0.8850,9.327723661015E+00,1.814456123114E-02,7.099644414892E+00
3,0.8860,9.272856470822E+00,1.794480560383E-02,7.091631272212E+00
3,0.8870,9.218559947460E+00,1.774550038380E-02,7.083636197497E+00
3,0.8880,9.164845751478E+00,1.754664404939E-02,7.075659129707E+00
3,0.8890,9.111725180507E+00,1.734823508582E-02,7.067700008076E+00
3,0.8900,9.059209130708E+00,1.715027198509E-02,7.059758772112E+00
3,0.8910,9.007308060724E+00,1.694824007135E-02,7.051835361593E+00
3,0.8920,8.956031945514E+00,1.674666114395E-02,7.043929716569E+00
3,0.8930,8.905390245276E+00,1.654553368113E-02,7.036041777357E+00
3,0.8940,8.855391859714E+00,1.634485616788E-02,7.028171484541E+00
3,0.8950,8.806045101040E+00,1.614462709600E-02,7.020318778972E+00
3,0.8960,8.757357660069E+00,1.594484496402E-02,7.012483601763E+00
3,0.8970,8.709336570158E+00,1.574550827714E-02,7.004665894292E+00
3,0.8980,8.661988186612E+00,1.554661554725E-02,6.996865598196E+00
3,0.8990,8.615318160005E+00,1.534816529285E-02,6.989082655372E+00
3,0.9000,8.569331413866E+00,1.515015603901E-02,6.981317007977E+00
3,0.9010,8.524032124999E+00,1.498856993134E-02,6.973568598424E+00
3,0.9020,8.479423717908E+00,1.482734210771E-02,6.965837369379E+00
3,0.9030,8.435508841911E+00,1.466647137783E-02,6.958123263765E+00
3,0.9040,8.392289376314E+00,1.450595655664E-02,6.950426224756E+00
3,0.9050,8.349766421683E+00,1.434579646434E-02,6.942746195779E+00
3,0.9060,8.307940300673E+00,1.418598992632E-02,6.935083120507E+00
3,0.9070,8.266810566480E+00,1.402653577318E-02,6.927436942866E+00
3,0.9080,8.226376011723E+00,1.386743284063E-02,6.919807607026E+00
3,0.9090,8.186634679507E+00,1.370867996955E-02,6.912195057403E+00
3,0.9100,8.147583877238E+00,1.355027600587E-02,6.904599238659E+00
3,0.9110,8.109220202170E+00,1.339373714504E-02,6.897020095697E+00
3,0.9120,8.071539557449E+00,1.323754157119E-02,6.889457573662E+00
3,0.9130,8.034537182119E+00,1.308168815631E-02,6.881911617940E+00
3,0.9140,7.998207677519E+00,1.292617577735E-02,6.874382174157E+00
3,0.9150,7.962545035889E+00,1.277100331617E-02,6.866869188174E+00
3,0.9160,7.927542672863E+00,1.261616965948E-02,6.859372606091E+00
3,0.9170,7.893193461543E+00,1.246167369888E-02,6.851892374242E+00
3,0.9180,7.859489768854E+00,1.230751433079E-02,6.844428439193E+00
3,0.9190,7.826423486434E+00,1.215369045643E-02,6.836980747747E+00
3,0.9200,7.793986072693E+00,1.200020098179E-02,6.829549246934E+00
3,0.9210,7.762715295625E+00,1.184363375069E-02,6.822133884017E+00
3,0.9220,7.732028775858E+00,1.168740614481E-02,6.814734606485E+00
3,0.9230,7.701917536968E+00,1.153151706030E-02,6.807351362058E+00
3,0.9240,7.672372335648E+00,1.137596539804E-02,6.799984098679E+00
3,0.9250,7.643383697000E+00,1.122075006371E-02,6.792632764518E+00
3,0.9260,7.614941943132E+00,1.106586996767E-02,6.785297307969E+00
3,0.9270,7.587037224599E+00,1.091132402503E-02,6.777977677648E+00
3,0.9280,7.559659549240E+00,1.075711115554E-02,6.770673822392E+00
3,0.9290,7.532798809358E+00,1.060323028361E-02,6.763385691259E+00
3,0.9300,7.506444811924E+00,1.044968033830E-02,6.756113233526E+00
3,0.9310,7.480160855566E+00,1.031846152508E-02,6.748856398689E+00
3,0.9320,7.454384816320E+00,1.018752429731E-02,6.741615136459E+00
3,0.9330,7.429105653574E+00,1.005686774955E-02,6.734389396763E+00
3,0.9340,7.404312336297E+00,9.926490980266E-03,6.727179129743E+00
3,0.9350,7.379993865086E+00,9.796393091771E-03,6.719984285754E+00
3,0.9360,7.356139293276E+00,9.666573190219E-03,6.712804815363E+00
3,0.9370,7.332737748106E+00,9.537030385574E-03,6.705640669349E+00
3,0.9380,7.309778445435E+00,9.407763791601E-03,6.698491798699E+00
3,0.9390,7.287250707651E+00,9.278772525836E-03,6.691358154611E+00
3,0.9400,7.265143977551E+00,9.150055709572E-03,6.684239688489E+00
3,0.9410,7.243775533958E+00,9.013733446944E-03,6.677136351944E+00
3,0.9420,7.222790468884E+00,8.877700615870E-03,6.670048096794E+00
3,0.9430,7.202179324543E+00,8.741956295573E-03,6.662974875058E+00
3,0.9440,7.181932794870E+00,8.606499569175E-03,6.655916638961E+00
3,0.9450,7.162041730092E+00,8.471329523680E-03,6.648873340931E+00
3,0.9460,7.142497143754E+00,8.336445249951E-03,6.641844933594E+00
3,0.9470,7.123290217746E+00,8.201845842692E-03,6.634831369778E+00
3,0.9480,7.104412306635E+00,8.067530400427E-03,6.627832602510E+00
3,0.9490,7.085854942008E+00,7.933498025480E-03,6.620848585015E+00
3,0.9500,7.067609832468E+00,7.799747823955E-03,6.613879270715E+00
3,0.9510,7.049668869515E+00,7.688742449398E-03,6.606924613228E+00
3,0.9520,7.032024125560E+00,7.577970279409E-03,6.599984566365E+00
3,0.9530,7.014667856598E+00,7.467430579872E-03,6.593059084134E+00
3,0.9540,6.997592501861E+00,7.357122619746E-03,6.586148120733E+00
3,0.9550,6.980790682711E+00,7.247045671056E-03,6.579251630555E+00
3,0.9560,6.964255203831E+00,7.137199008869E-03,6.572369568179E+00
3,0.9570,6.947979050652E+00,7.027581911284E-03,6.565501888380E+00
3,0.9580,6.931955387960E+00,6.918193659415E-03,6.558648546116E+00
3,0.9590,6.916177558845E+00,6.809033537372E-03,6.551809496538E+00
3,0.9600,6.900639080961E+00,6.700100832250E-03,6.544984694979E+00
3,0.9610,6.885333646517E+00,6.594108176361E-03,6.538174096961E+00
3,0.9620,6.870255118273E+00,6.488335879423E-03,6.531377658191E+00
3,0.9630,6.855397526106E+00,6.382783254962E-03,6.524595334558E+00
3,0.9640,6.840755066601E+00,6.277449619347E-03,6.517827082136E+00
3,0.9650,6.826322096487E+00,6.172334291786E-03,6.511072857181E+00
3,0.9660,6.812093132747E+00,6.067436594303E-03,6.504332616128E+00
3,0.9670,6.798062847194E+00,5.962755851726E-03,6.497606315594E+00
3,0.9680,6.784226064313E+00,5.858291391675E-03,6.490893912376E+00
3,0.9690,6.770577757106E+00,5.754042544545E-03,6.484195363446E+00
3,0.9700,6.757113043730E+00,5.650008643492E-03,6.477510625958E+00
3,0.9710,6.743827185193E+00,5.564216783703E-03,6.470839657240E+00
3,0.9720,6.730715579758E+00,5.478601450375E-03,6.464182414794E+00
3,0.9730,6.717773761311E+00,5.393162099232E-03,6.457538856300E+00
3,0.9740,6.704997394891E+00,5.307898188236E-03,6.450908939609E+00
3,0.9750,6.692382273822E+00,5.222809177569E-03,6.444292622748E+00
3,0.9760,6.679924315973E+00,5.137894529630E-03,6.437689863914E+00
3,0.9770,6.667619560117E+00,5.053153709015E-03,6.431100621473E+00
3,0.9780,6.655464163134E+00,4.968586182511E-03,6.424524853967E+00
3,0.9790,6.643454396075E+00,4.884191419085E-03,6.417962520102E+00
3,0.9800,6.631586641712E+00,4.799968889870E-03,6.411413578755E+00
3,0.9810,6.619857390401E+00,4.714195155978E-03,6.404877988970E+00
3,0.9820,6.608263237721E+00,4.628596114007E-03,6.398355709959E+00
3,0.9830,6.596800881102E+00,4.543171230820E-03,6.391846701098E+00
3,0.9840,6.585467116418E+00,4.457919975444E-03,6.385350921930E+00
3,0.9850,6.574258835750E+00,4.372841819064E-03,6.378868332162E+00
3,0.9860,6.563173023694E+00,4.287936235009E-03,6.372398891663E+00
3,0.9870,6.552206755365E+00,4.203202698743E-03,6.365942560466E+00
3,0.9880,6.541357193169E+00,4.118640687855E-03,6.359499298765E+00
3,0.9890,6.530621584236E+00,4.034249682044E-03,6.353069066916E+00
3,0.9900,6.519997257663E+00,3.950029163114E-03,6.346651825434E+00
3,0.9910,6.509579416101E+00,3.874347741704E-03,6.340247534995E+00
3,0.9920,6.499263570747E+00,3.798818903806E-03,6.333856156431E+00
3,0.9930,6.489047439898E+00,3.723442188441E-03,6.327477650735E+00
3,0.9940,6.478928808197E+00,3.648217136487E-03,6.321111979054E+00
3,0.9950,6.468905523695E+00,3.573143290668E-03,6.314759102693E+00
3,0.9960,6.458975496961E+00,3.498220195543E-03,6.308418983112E+00
3,0.9970,6.449136698302E+00,3.423447397500E-03,6.302091581925E+00
3,0.9980,6.439387156310E+00,3.348824444743E-03,6.295776860901E+00
3,0.9990,6.429724955951E+00,3.274350887287E-03,6.289474781962E+00
3,1.0000,6.420148236675E+00,3.200026276947E-03,6.283185307180E+00
3,1.0010,6.410575918700E+00,3.134945407595E-03,6.276908398781E+00
3,1.0020,6.401088785025E+00,3.069994440179E-03,6.270644019141E+00
3,1.0030,6.391685012230E+00,3.005172986158E-03,6.264392130787E+00
3,1.0040,6.382362829242E+00,2.940480658538E-03,6.258152696394E+00
3,1.0050,6.373120516645E+00,2.875917071870E-03,6.251925678786E+00
3,1.0060,6.363956404097E+00,2.811481842232E-03,6.245711040934E+00
3,1.0070,6.354868869444E+00,2.747174587232E-03,6.239508745958E+00
3,1.0080,6.345856336750E+00,2.682994925991E-03,6.233318757123E+00
3,1.0090,6.336917275003E+00,2.618942479143E-03,6.227141037839E+00
3,1.0100,6.328050196907E+00,2.555016868823E-03,6.220975551663E+00
3,1.0110,6.319318073565E+00,2.498513919999E-03,6.214822262294E+00
3,1.0120,6.310652509726E+00,2.442122637081E-03,6.208681133577E+00
3,1.0130,6.302052227055E+00,2.385842689371E-03,6.202552129496E+00
3,1.0140,6.293515982218E+00,2.329673747476E-03,6.196435214181E+00
3,1.0150,6.285042565689E+00,2.273615483298E-03,6.190330351901E+00
3,1.0160,6.276630800976E+00,2.217667570034E-03,6.184237507067E+00
3,1.0170,6.268279543115E+00,2.161829682165E-03,6.178156644228E+00
3,1.0180,6.259987678051E+00,2.106101495451E-03,6.172087728074E+00
3,1.0190,6.251754121579E+00,2.050482686924E-03,6.166030723434E+00
3,1.0200,6.243577818610E+00,1.994972934885E-03,6.159985595274E+00
3,1.0210,6.235457741901E+00,1.946045876722E-03,6.153952308697E+00
3,1.0220,6.227392891721E+00,1.897214566227E-03,6.147930828943E+00
3,1.0230,6.219382294552E+00,1.848478722614E-03,6.141921121388E+00
3,1.0240,6.211425002619E+00,1.799838066196E-03,6.135923151543E+00
3,1.0250,6.203520092909E+00,1.751292318375E-03,6.129936885053E+00
3,1.0260,6.195666666572E+00,1.702841201642E-03,6.123962287699E+00
3,1.0270,6.187863848170E+00,1.654484439567E-03,6.117999325394E+00
3,1.0280,6.180110784776E+00,1.606221756795E-03,6.112047964182E+00
3,1.0290,6.172406645716E+00,1.558052879044E-03,6.106108170243E+00
3,1.0300,6.164750621412E+00,1.509977533093E-03,6.100179909883E+00
3,1.0310,6.157141923314E+00,1.471648759615E-03,6.094263149544E+00
3,1.0320,6.149579782692E+00,1.433394266705E-03,6.088357855794E+00
3,1.0330,6.142063450512E+00,1.395213838642E-03,6.082463995334E+00
3,1.0340,6.134592196671E+00,1.357107260535E-03,6.076581534990E+00
3,1.0350,6.127165309275E+00,1.319074318329E-03,6.070710441719E+00
3,1.0360,6.119782094612E+00,1.281114798791E-03,6.064850682606E+00
3,1.0370,6.112441876113E+00,1.243228489512E-03,6.059002224860E+00
3,1.0380,6.105143993990E+00,1.205415178903E-03,6.053165035818E+00
3,1.0390,6.097887804923E+00,1.167674656187E-03,6.047339082945E+00
3,1.0400,6.090672681498E+00,1.130006711399E-03,6.041524333827E+00
3,1.0410,6.083498011672E+00,1.098235605911E-03,6.035720756176E+00
3,1.0420,6.076363198324E+00,1.066525481431E-03,6.029928317831E+00
3,1.0430,6.069267659025E+00,1.034876162560E-03,6.024146986749E+00
3,1.0440,6.062210825511E+00,1.003287474567E-03,6.018376731015E+00
3,1.0450,6.055192143117E+00,9.717592433936E-04,6.012617518832E+00
3,1.0460,6.048211070599E+00,9.402912956450E-04,6.006869318527E+00
3,1.0470,6.041267079834E+00,9.088834585892E-04,6.001132098548E+00
3,1.0480,6.034359655206E+00,8.775355601539E-04,5.995405827461E+00
3,1.0490,6.027488293383E+00,8.462474289223E-04,5.989690473956E+00
3,1.0500,6.020652502926E+00,8.150188941313E-04,5.983986006838E+00
3,1.0510,6.013851804188E+00,7.887944313071E-04,5.978292395033E+00
3,1.0520,6.007085728621E+00,7.626198248760E-04,5.972609607585E+00
3,1.0530,6.000353818819E+00,7.364949327972E-04,5.966937613656E+00
3,1.0540,5.993655627861E+00,7.104196135686E-04,5.961276382523E+00
3,1.0550,5.986990719442E+00,6.843937262248E-04,5.955625883583E+00
3,1.0560,5.980358667139E+00,6.584171303343E-04,5.949986086344E+00
3,1.0570,5.973759054604E+00,6.324896859971E-04,5.944356960435E+00
3,1.0580,5.967191474973E+00,6.066112538419E-04,5.938738475595E+00
3,1.0590,5.960655530587E+00,5.807816950242E-04,5.933130601680E+00
3,1.0600,5.954150833031E+00,5.550008712231E-04,5.927533308660E+00
3,1.0610,5.947677002607E+00,5.393691167034E-04,5.921946566616E+00
3,1.0620,5.941233668345E+00,5.237668005161E-04,5.916370345743E+00
3,1.0630,5.934820467589E+00,5.081938395803E-04,5.910804616350E+00
3,1.0640,5.928437045740E+00,4.926501511275E-04,5.905249348853E+00
3,1.0650,5.922083056337E+00,4.771356527000E-04,5.899704513784E+00
3,1.0660,5.915758160477E+00,4.616502621494E-04,5.894170081782E+00
3,1.0670,5.909462026971E+00,4.461938976355E-04,5.888646023598E+00
3,1.0680,5.903194331885E+00,4.307664776244E-04,5.883132310093E+00
3,1.0690,5.896954758410E+00,4.153679208874E-04,5.877628912235E+00
3,1.0700,5.890742996785E+00,3.999981464995E-04,5.872135801102E+00
3,1.0710,5.884558744047E+00,3.909226591861E-04,5.866652947880E+00
3,1.0720,5.878401703888E+00,3.818641037520E-04,5.861180323862E+00
3,1.0730,5.872271586439E+00,3.728224328574E-04,5.855717900447E+00
3,1.0740,5.866168108074E+00,3.637975993388E-04,5.850265649143E+00
3,1.0750,5.860090991452E+00,3.547895562081E-04,5.844823541562E+00
3,1.0760,5.854039965103E+00,3.457982566521E-04,5.839391549423E+00
3,1.0770,5.848014763527E+00,3.368236540311E-04,5.833969644549E+00
3,1.0780,5.842015126848E+00,3.278657018788E-04,5.828557798868E+00
3,1.0790,5.836040800804E+00,3.189243539010E-04,5.823155984411E+00
3,1.0800,5.830091536548E+00,3.099995639751E-04,5.817764173314E+00
3,1.0810,5.824182346946E+00,3.024374338983E-04,5.812382337816E+00
3,1.0820,5.818296978691E+00,2.948892818808E-04,5.807010450258E+00
3,1.0830,5.812435211130E+00,2.873550692023E-04,5.801648483084E+00
3,1.0840,5.806596828056E+00,2.798347572851E-04,5.796296408837E+00
3,1.0850,5.800781617711E+00,2.723283076941E-04,5.790954200166E+00
3,1.0860,5.794989372583E+00,2.648356821354E-04,5.785621829815E+00
3,1.0870,5.789219889417E+00,2.573568424564E-04,5.780299270634E+00
3,1.0880,5.783472969007E+00,2.498917506444E-04,5.774986495569E+00
3,1.0890,5.777748416167E+00,2.424403688265E-04,5.769683477667E+00
3,1.0900,5.772046039659E+00,2.350026592689E-04,5.764390190073E+00
3,1.0910,5.766353965110E+00,2.289527072121E-04,5.759106606031E+00
3,1.0920,5.760684380132E+00,2.229138356536E-04,5.753832698882E+00
3,1.0930,5.755037095064E+00,2.168860141802E-04,5.748568442067E+00
3,1.0940,5.749411924159E+00,2.108692124902E-04,5.743313809122E+00
3,1.0950,5.743808685565E+00,2.048634003923E-04,5.738068773680E+00
3,1.0960,5.738227201149E+00,1.988685478055E-04,5.732833309470E+00
3,1.0970,5.732667296486E+00,1.928846247586E-04,5.727607390319E+00
3,1.0980,5.727128800750E+00,1.869116013893E-04,5.722390990145E+00
3,1.0990,5.721611546648E+00,1.809494479443E-04,5.717184082966E+00
3,1.1000,5.716115370342E+00,1.749981347782E-04,5.711986642891E+00
3,1.1010,5.710648466714E+00,1.709654151404E-04,5.706798644123E+00
3,1.1020,5.705201696176E+00,1.669400144129E-04,5.701620060962E+00
3,1.1030,5.699774912008E+00,1.629219126895E-04,5.696450867797E+00
3,1.1040,5.694367970396E+00,1.589110901359E-04,5.691291039112E+00
3,1.1050,5.688980730340E+00,1.549075269896E-04,5.686140549484E+00
3,1.1060,5.683613053620E+00,1.509112035597E-04,5.680999373580E+00
3,1.1070,5.678264804734E+00,1.469221002263E-04,5.675867486160E+00
3,1.1080,5.672935850804E+00,1.429401974404E-04,5.670744862075E+00
3,1.1090,5.667626061601E+00,1.389654757236E-04,5.665631476267E+00
3,1.1100,5.662335309410E+00,1.349979156675E-04,5.660527303765E+00
3,1.1110,5.657058105740E+00,1.314695729630E-04,5.655432319694E+00
3,1.1120,5.651800276378E+00,1.279475761986E-04,5.650346499262E+00
3,1.1130,5.646561695719E+00,1.244319082694E-04,5.645269817771E+00
3,1.1140,5.641342240773E+00,1.209225521317E-04,5.640202250610E+00
3,1.1150,5.636141791091E+00,1.174194908033E-04,5.635143773255E+00
3,1.1160,5.630960228723E+00,1.139227073626E-04,5.630094361272E+00
3,1.1170,5.625797438186E+00,1.104321849486E-04,5.625053990313E+00
3,1.1180,5.620653306408E+00,1.069479067608E-04,5.620022636118E+00
3,1.1190,5.615527722670E+00,1.034698560586E-04,5.615000274513E+00
3,1.1200,5.610420578593E+00,9.999801616114E-05,5.609986881410E+00
3,1.1210,5.605334234645E+00,9.747793098372E-05,5.604982432810E+00
3,1.1220,5.600265565203E+00,9.496233793674E-05,5.599986904795E+00
3,1.1230,5.595214472194E+00,9.245122501986E-05,5.595000273535E+00
3,1.1240,5.590180859500E+00,8.994458027543E-05,5.590022515284E+00
3,1.1250,5.585164632936E+00,8.744239178832E-05,5.585053606382E+00
3,1.1260,5.580165700204E+00,8.494464768573E-05,5.580093523250E+00
3,1.1270,5.575183970869E+00,8.245133613701E-05,5.575142242395E+00
3,1.1280,5.570219356326E+00,7.996244535344E-05,5.570199740407E+00
3,1.1290,5.565271769774E+00,7.747796358810E-05,5.565265993959E+00
3,1.1300,5.560341126175E+00,7.499787913561E-05,5.560340979805E+00
4,0.3000,9.974122164451E+01,8.867668863533E+01,2.094395102393E+01
4,0.3010,9.969581505786E+01,8.705447177761E+01,2.087436979129E+01
4,0.3020,9.965070773705E+01,8.544299807790E+01,2.080524936152E+01
4,0.3030,9.960589673182E+01,8.384216116828E+01,2.073658517221E+01
4,0.3040,9.956137913079E+01,8.225185608043E+01,2.066837272099E+01
4,0.3050,9.951715205967E+01,8.067197922267E+01,2.060060756452E+01
4,0.3060,9.947321268273E+01,7.910242835745E+01,2.053328531758E+01
4,0.3070,9.942955820041E+01,7.754310257929E+01,2.046640165205E+01
4,0.3080,9.938618584965E+01,7.599390229320E+01,2.039995229604E+01
4,0.3090,9.934309290254E+01,7.445472919343E+01,2.033393303294E+01
4,0.3100,9.930027666723E+01,7.292548624268E+01,2.026833970058E+01
4,0.3110,9.893360886771E+01,7.209500568704E+01,2.020316819029E+01
4,0.3120,9.856919339291E+01,7.126984872471E+01,2.013841444609E+01
4,0.3130,9.820700859862E+01,7.044996433082E+01,2.007407446383E+01
4,0.3140,9.784703311602E+01,6.963530213053E+01,2.001014429038E+01
4,0.3150,9.748924584703E+01,6.882581238864E+01,1.994662002279E+01
4,0.3160,9.713362596074E+01,6.802144599956E+01,1.988349780753E+01
4,0.3170,9.678015288888E+01,6.722215447729E+01,1.982077383968E+01
4,0.3180,9.642880632082E+01,6.642788994572E+01,1.975844436220E+01
4,0.3190,9.607956620099E+01,6.563860512908E+01,1.969650566514E+01
4,0.3200,9.573241272386E+01,6.485425334254E+01,1.963495408494E+01
4,0.3210,9.557544782033E+01,6.425486731426E+01,1.957378600367E+01
4,0.3220,9.541943798443E+01,6.365920418057E+01,1.951299784838E+01
4,0.3230,9.526437444063E+01,6.306722936349E+01,1.945258609034E+01
4,0.3240,9.511024852038E+01,6.247890871195E+01,1.939254724438E+01
4,0.3250,9.495705166191E+01,6.189420849519E+01,1.933287786824E+01
4,0.3260,9.480477540767E+01,6.131309539632E+01,1.927357456190E+01
4,0.3270,9.465341140292E+01,6.073553650601E+01,1.921463396691E+01
4,0.3280,9.450295139424E+01,6.016149931624E+01,1.915605276579E+01
4,0.3290,9.435338722817E+01,5.959095171426E+01,1.909782768140E+01
4,0.3300,9.420471084903E+01,5.902386197654E+01,1.903995547630E+01
4,0.3310,9.410257675977E+01,5.861205822652E+01,1.898243295220E+01
4,0.3320,9.400104913813E+01,5.820273522199E+01,1.892525694934E+01
4,0.3330,9.390012257352E+01,5.779587061388E+01,1.886842434588E+01
4,0.3340,9.379979172024E+01,5.739144232079E+01,1.881193205742E+01
4,0.3350,9.370005129505E+01,5.698942852497E+01,1.875577703636E+01
4,0.3360,9.360089607814E+01,5.658980766841E+01,1.869995627137E+01
4,0.3370,9.350232091032E+01,5.619255844899E+01,1.864446678688E+01
4,0.3380,9.340432069380E+01,5.579765981666E+01,1.858930564254E+01
4,0.3390,9.330689038954E+01,5.540509096977E+01,1.853446993268E+01
4,0.3400,9.321002501918E+01,5.501483135139E+01,1.847995678582E+01
4,0.3410,9.328150512310E+01,5.478163705799E+01,1.842576336416E+01
4,0.3420,9.335256330329E+01,5.454980647391E+01,1.837188686310E+01
4,0.3430,9.342320329033E+01,5.431932767166E+01,1.831832451073E+01
4,0.3440,9.349342877028E+01,5.409018886245E+01,1.826507356738E+01
4,0.3450,9.356324338642E+01,5.386237839416E+01,1.821213132516E+01
4,0.3460,9.363265073967E+01,5.363588474938E+01,1.815949510746E+01
4,0.3470,9.370165438832E+01,5.341069654348E+01,1.810716226853E+01
4,0.3480,9.377025784965E+01,5.318680252267E+01,1.805513019304E+01
4,0.3490,9.383846459986E+01,5.296419156215E+01,1.800339629564E+01
4,0.3500,9.390627807543E+01,5.274285266427E+01,1.795195802051E+01
4,0.3510,9.460828801764E+01,5.264271040272E+01,1.790081284097E+01
4,0.3520,9.530591089370E+01,5.254313713129E+01,1.784995825903E+01
4,0.3530,9.599919508207E+01,5.244412801437E+01,1.779939180504E+01
4,0.3540,9.668818800661E+01,5.234567827100E+01,1.774911103723E+01
4,0.3550,9.737293616623E+01,5.224778317407E+01,1.769911354135E+01
4,0.3560,9.805348516827E+01,5.215043804959E+01,1.764939693028E+01
4,0.3570,9.872987975543E+01,5.205363827595E+01,1.759995884364E+01
4,0.3580,9.940216383477E+01,5.195737928317E+01,1.755079694743E+01
4,0.3590,1.000703805034E+02,5.186165655219E+01,1.750190893365E+01
4,0.3600,1.007345720741E+02,5.176646561415E+01,1.745329251994E+01
4,0.3610,1.019975130558E+02,5.023937503926E+01,1.740494544925E+01
4,0.3620,1.032524107127E+02,4.872072142888E+01,1.735686548945E+01
4,0.3630,1.044993749924E+02,4.721043505601E+01,1.730905043300E+01
4,0.3640,1.057385122894E+02,4.570844695992E+01,1.726149809665E+01
4,0.3650,1.069699256497E+02,4.421468893559E+01,1.721420632104E+01
4,0.3660,1.081937149596E+02,4.272909352342E+01,1.716717297044E+01
4,0.3670,1.094099771224E+02,4.125159399904E+01,1.712039593237E+01
4,0.3680,1.106188062190E+02,3.978212436339E+01,1.707387311734E+01
4,0.3690,1.118202936601E+02,3.832061933281E+01,1.702760245848E+01
4,0.3700,1.130145283234E+02,3.686701432942E+01,1.698158191130E+01
4,0.3710,1.122074249471E+02,3.469300566511E+01,1.693580945331E+01
4,0.3720,1.114043199425E+02,3.253068521943E+01,1.689028308382E+01
4,0.3730,1.106051770756E+02,3.037995898525E+01,1.684500082354E+01
4,0.3740,1.098099604321E+02,2.824073396088E+01,1.679996071438E+01
4,0.3750,1.090186344115E+02,2.611291813664E+01,1.675516081915E+01
4,0.3760,1.082311637214E+02,2.399642048168E+01,1.671059922122E+01
4,0.3770,1.074475133717E+02,2.189115093098E+01,1.666627402435E+01
4,0.3780,1.066676486697E+02,1.979702037262E+01,1.662218335233E+01
4,0.3790,1.058915352143E+02,1.771394063515E+01,1.657832534876E+01
4,0.3800,1.051191388894E+02,1.564182447524E+01,1.653469817679E+01
4,0.3810,1.038333081217E+02,1.477455568688E+01,1.649130001884E+01
4,0.3820,1.025531473694E+02,1.391182757281E+01,1.644812907639E+01
4,0.3830,1.012785839037E+02,1.305360456638E+01,1.640518356966E+01
4,0.3840,1.000095447097E+02,1.219985147144E+01,1.636246173745E+01
4,0.3850,9.874595644207E+01,1.135053345752E+01,1.631996183683E+01
4,0.3860,9.748774537483E+01,1.050561605506E+01,1.627768214295E+01
4,0.3870,9.623483735324E+01,9.665065150811E+00,1.623562094878E+01
4,0.3880,9.498715773895E+01,8.828846983181E+00,1.619377656490E+01
4,0.3890,9.374463135483E+01,7.996928137750E+00,1.615214731923E+01
4,0.3900,9.250718242670E+01,7.169275542807E+00,1.611073155687E+01
4,0.3910,9.152912695366E+01,6.911503837898E+00,1.606952763985E+01
4,0.3920,9.055520831296E+01,6.655047294747E+00,1.602853394689E+01
4,0.3930,8.958537640592E+01,6.399895873954E+00,1.598774887323E+01
4,0.3940,8.861958108370E+01,6.146039638038E+00,1.594717083041E+01
4,0.3950,8.765777212435E+01,5.893468750152E+00,1.590679824602E+01
4,0.3960,8.669989921295E+01,5.642173472811E+00,1.586662956358E+01
4,0.3970,8.574591191725E+01,5.392144166640E+00,1.582666324227E+01
4,0.3980,8.479575966399E+01,5.143371289143E+00,1.578689775673E+01
4,0.3990,8.384939171474E+01,4.895845393489E+00,1.574733159694E+01
4,0.4000,8.290675714122E+01,4.649557127313E+00,1.570796326795E+01
4,0.4010,8.220498199446E+01,4.529847561859E+00,1.566879128972E+01
4,0.4020,8.150612074034E+01,4.410733566383E+00,1.562981419696E+01
4,0.4030,8.081014263633E+01,4.292210707361E+00,1.559103053891E+01
4,0.4040,8.011701704541E+01,4.174274595166E+00,1.555243887916E+01
4,0.4050,7.942671342747E+01,4.056920883525E+00,1.551403779551E+01
4,0.4060,7.873920133242E+01,3.940145268985E+00,1.547582587975E+01
4,0.4070,7.805445039240E+01,3.823943490389E+00,1.543780173754E+01
4,0.4080,7.737243031694E+01,3.708311328355E+00,1.539996398819E+01
4,0.4090,7.669311088073E+01,3.593244604766E+00,1.536231126450E+01
4,0.4100,7.601646192109E+01,3.478739182268E+00,1.532484221263E+01
4,0.4110,7.545999404736E+01,3.392308563657E+00,1.528755549192E+01
4,0.4120,7.490577785967E+01,3.306297511157E+00,1.525044977471E+01
4,0.4130,7.435379138376E+01,3.220702977070E+00,1.521352374620E+01
4,0.4140,7.380401275717E+01,3.135521943148E+00,1.517677610430E+01
4,0.4150,7.325642022592E+01,3.050751420233E+00,1.514020555947E+01
4,0.4160,7.271099213908E+01,2.966388447909E+00,1.510381083457E+01
4,0.4170,7.216770694771E+01,2.882430094157E+00,1.506759066470E+01
4,0.4180,7.162654319890E+01,2.798873455016E+00,1.503154379708E+01
4,0.4190,7.108747953264E+01,2.715715654249E+00,1.499566899088E+01
4,0.4200,7.055049467853E+01,2.632953843009E+00,1.495996501709E+01
4,0.4210,7.008147164949E+01,2.569986959374E+00,1.492443065838E+01
4,0.4220,6.961428867186E+01,2.507318496988E+00,1.488906470896E+01
4,0.4230,6.914892860696E+01,2.444946339389E+00,1.485386597442E+01
4,0.4240,6.868537441373E+01,2.382868390081E+00,1.481883327165E+01
4,0.4250,6.822360914718E+01,2.321082572299E+00,1.478396542866E+01
4,0.4260,6.776361595490E+01,2.259586828779E+00,1.474926128446E+01
4,0.4270,6.730537807569E+01,2.198379121528E+00,1.471471968895E+01
4,0.4280,6.684887883673E+01,2.137457431601E+00,1.468033950276E+01
4,0.4290,6.639410164976E+01,2.076819758877E+00,1.464611959716E+01
4,0.4300,6.594103001155E+01,2.016464121839E+00,1.461205885391E+01
4,0.4310,6.554190800682E+01,1.966593266679E+00,1.457815616515E+01
4,0.4320,6.514430809941E+01,1.916953295107E+00,1.454441043329E+01
4,0.4330,6.474821677589E+01,1.867542607469E+00,1.451082057085E+01
4,0.4340,6.435362060612E+01,1.818359618852E+00,1.447738550041E+01
4,0.4350,6.396050624402E+01,1.769402758918E+00,1.444410415444E+01
4,0.4360,6.356886042293E+01,1.720670471737E+00,1.441097547518E+01
4,0.4370,6.317866995625E+01,1.672161215618E+00,1.437799841460E+01
4,0.4380,6.278992173590E+01,1.623873462951E+00,1.434517193420E+01
4,0.4390,6.240260272758E+01,1.575805700047E+00,1.431249500496E+01
4,0.4400,6.201669997300E+01,1.527956426973E+00,1.427996660723E+01
4,0.4410,6.165717643676E+01,1.495002020225E+00,1.424758573057E+01
4,0.4420,6.129897443506E+01,1.462196728440E+00,1.421535137371E+01
4,0.4430,6.094208243200E+01,1.429539541810E+00,1.418326254442E+01
4,0.4440,6.058648896319E+01,1.397029459624E+00,1.415131825941E+01
4,0.4450,6.023218263260E+01,1.364665490167E+00,1.411951754422E+01
4,0.4460,5.987915211268E+01,1.332446650618E+00,1.408785943314E+01
4,0.4470,5.952738614362E+01,1.300371966950E+00,1.405634296908E+01
4,0.4480,5.917687353029E+01,1.268440473834E+00,1.402496720353E+01
4,0.4490,5.882760314144E+01,1.236651214541E+00,1.399373119639E+01
4,0.4500,5.847956390940E+01,1.205003240845E+00,1.396263401595E+01
4,0.4510,5.815892392659E+01,1.181543941427E+00,1.393167473876E+01
4,0.4520,5.783942462521E+01,1.158188444218E+00,1.390085244951E+01
4,0.4530,5.752105631316E+01,1.134936061787E+00,1.387016624101E+01
4,0.4540,5.720380935999E+01,1.111786112760E+00,1.383961521405E+01
4,0.4550,5.688767419347E+01,1.088737921749E+00,1.380919847732E+01
4,0.4560,5.657264129908E+01,1.065790819296E+00,1.377891514732E+01
4,0.4570,5.625870121965E+01,1.042944141799E+00,1.374876434831E+01
4,0.4580,5.594584455368E+01,1.020197231453E+00,1.371874521218E+01
4,0.4590,5.563406195572E+01,9.975494361844E-01,1.368885687839E+01
4,0.4600,5.532334413306E+01,9.750001095908E-01,1.365909849387E+01
4,0.4610,5.503496388153E+01,9.602165502576E-01,1.362946921297E+01
4,0.4620,5.474757688093E+01,9.454969890167E-01,1.359996819736E+01
4,0.4630,5.446117490345E+01,9.308410111938E-01,1.357059461594E+01
4,0.4640,5.417574977313E+01,9.162482056890E-01,1.354134764478E+01
4,0.4650,5.389129336265E+01,9.017181649391E-01,1.351222646705E+01
4,0.4660,5.360779759601E+01,8.872504848791E-01,1.348323027292E+01
4,0.4670,5.332525444484E+01,8.728447649050E-01,1.345435825949E+01
4,0.4680,5.304365592847E+01,8.585006078367E-01,1.342560963073E+01
4,0.4690,5.276299411369E+01,8.442176198818E-01,1.339698359740E+01
4,0.4700,5.248326111348E+01,8.299954105990E-01,1.336847937698E+01
4,0.4710,5.222246732510E+01,8.187857561508E-01,1.334009619359E+01
4,0.4720,5.196254385771E+01,8.076236002383E-01,1.331183327792E+01
4,0.4730,5.170348368016E+01,7.965086416024E-01,1.328368986719E+01
4,0.4740,5.144527980505E+01,7.854405815261E-01,1.325566520502E+01
4,0.4750,5.118792528693E+01,7.744191238081E-01,1.322775854143E+01
4,0.4760,5.093141322395E+01,7.634439747359E-01,1.319996913273E+01
4,0.4770,5.067573675450E+01,7.525148430602E-01,1.317229624147E+01
4,0.4780,5.042088905931E+01,7.416314399690E-01,1.314473913636E+01
4,0.4790,5.016686335938E+01,7.307934790619E-01,1.311729709223E+01
4,0.4800,4.991365291477E+01,7.200006763252E-01,1.308996938996E+01
4,0.4810,4.967460681854E+01,7.108320372249E-01,1.306275531638E+01
4,0.4820,4.943633240926E+01,7.017014422703E-01,1.303565416427E+01
4,0.4830,4.919882356606E+01,6.926086551623E-01,1.300866523226E+01
4,0.4840,4.896207420790E+01,6.835534415547E-01,1.298178782475E+01
4,0.4850,4.872607828909E+01,6.745355690342E-01,1.295502125192E+01
4,0.4860,4.849082980094E+01,6.655548071001E-01,1.292836482959E+01
4,0.4870,4.825632277090E+01,6.566109271453E-01,1.290181787922E+01
4,0.4880,4.802255126096E+01,6.477037024362E-01,1.287537972783E+01
4,0.4890,4.778950936836E+01,6.388329080940E-01,1.284904970793E+01
4,0.4900,4.755719122421E+01,6.299983210756E-01,1.282282715751E+01
4,0.4910,4.734466889191E+01,6.223603818808E-01,1.279671141992E+01
4,0.4920,4.713281719636E+01,6.147534912194E-01,1.277070184386E+01
4,0.4930,4.692163103788E+01,6.071774601550E-01,1.274479778333E+01
4,0.4940,4.671110535219E+01,5.996321012811E-01,1.271899859753E+01
4,0.4950,4.650123510490E+01,5.921172287057E-01,1.269330365087E+01
4,0.4960,4.629201529369E+01,5.846326580358E-01,1.266771231286E+01
4,0.4970,4.608344094609E+01,5.771782063626E-01,1.264222395811E+01
4,0.4980,4.587550712084E+01,5.697536922463E-01,1.261683796622E+01
4,0.4990,4.566820890728E+01,5.623589357017E-01,1.259155372180E+01
4,0.5000,4.546154142278E+01,5.549937581832E-01,1.256637061436E+01
4,0.5010,4.525985473971E+01,5.478686762100E-01,1.254128803828E+01
4,0.5020,4.505878006876E+01,5.407719810176E-01,1.251630539279E+01
4,0.5030,4.485831275946E+01,5.337035033011E-01,1.249142208187E+01
4,0.5040,4.465844818916E+01,5.266630750993E-01,1.246663751425E+01
4,0.5050,4.445918176136E+01,5.196505297815E-01,1.244195110333E+01
4,0.5060,4.426050890922E+01,5.126657020341E-01,1.241736226715E+01
4,0.5070,4.406242509079E+01,5.057084278479E-01,1.239287042836E+01
4,0.5080,4.386492579127E+01,4.987785445049E-01,1.236847501413E+01
4,0.5090,4.366800652126E+01,4.918758905661E-01,1.234417545615E+01
4,0.5100,4.347166281737E+01,4.850003058583E-01,1.231997119055E+01
4,0.5110,4.328307573355E+01,4.804214475246E-01,1.229586165789E+01
4,0.5120,4.309504146926E+01,4.758604753562E-01,1.227184630309E+01
4,0.5130,4.290755586972E+01,4.713172847558E-01,1.224792457540E+01
4,0.5140,4.272061480202E+01,4.667917719397E-01,1.222409592836E+01
4,0.5150,4.253421415889E+01,4.622838339308E-01,1.220035981977E+01
4,0.5160,4.234834985515E+01,4.577933685497E-01,1.217671571159E+01
4,0.5170,4.216301783088E+01,4.533202744081E-01,1.215316306998E+01
4,0.5180,4.197821404736E+01,4.488644509002E-01,1.212970136521E+01
4,0.5190,4.179393448970E+01,4.444257981958E-01,1.210633007164E+01
4,0.5200,4.161017516342E+01,4.400042172326E-01,1.208304866765E+01
4,0.5210,4.143547345535E+01,4.351714847982E-01,1.205985663566E+01
4,0.5220,4.126126847407E+01,4.303572685800E-01,1.203675346203E+01
4,0.5230,4.108755655667E+01,4.255614623665E-01,1.201373863705E+01
4,0.5240,4.091433406050E+01,4.207839607569E-01,1.199081165492E+01
4,0.5250,4.074159736360E+01,4.160246591534E-01,1.196797201368E+01
4,0.5260,4.056934286535E+01,4.112834537537E-01,1.194521921517E+01
4,0.5270,4.039756698399E+01,4.065602415434E-01,1.192255276505E+01
4,0.5280,4.022626615895E+01,4.018549202884E-01,1.189997217269E+01
4,0.5290,4.005543684909E+01,3.971673885278E-01,1.187747695119E+01
4,0.5300,3.988507553166E+01,3.924975455662E-01,1.185506661732E+01
4,0.5310,3.971941117310E+01,3.884298288572E-01,1.183274069149E+01
4,0.5320,3.955420057118E+01,3.843774043163E-01,1.181049869771E+01
4,0.5330,3.938944038746E+01,3.803401858712E-01,1.178834016356E+01
4,0.5340,3.922512730149E+01,3.763180880945E-01,1.176626462019E+01
4,0.5350,3.906125801015E+01,3.723110261973E-01,1.174427160220E+01
4,0.5360,3.889782922986E+01,3.683189160236E-01,1.172236064772E+01
4,0.5370,3.873483769412E+01,3.643416740442E-01,1.170053129829E+01
4,0.5380,3.857228015307E+01,3.603792173510E-01,1.167878309885E+01
4,0.5390,3.841015337478E+01,3.564314636510E-01,1.165711559774E+01
4,0.5400,3.824845414455E+01,3.524983312611E-01,1.163552834663E+01
4,0.5410,3.809277580866E+01,3.491441805176E-01,1.161402090052E+01
4,0.5420,3.793750972771E+01,3.458024067141E-01,1.159259281767E+01
4,0.5430,3.778265289812E+01,3.424729414697E-01,1.157124365963E+01
4,0.5440,3.762820233302E+01,3.391557169064E-01,1.154997299114E+01
4,0.5450,3.747415506046E+01,3.358506656442E-01,1.152878038015E+01
4,0.5460,3.732050812472E+01,3.325577207969E-01,1.150766539776E+01
4,0.5470,3.716725858630E+01,3.292768159674E-01,1.148662761824E+01
4,0.5480,3.701440351980E+01,3.260078852430E-01,1.146566661894E+01
4,0.5490,3.686194001497E+01,3.227508631916E-01,1.144478198029E+01
4,0.5500,3.670986517708E+01,3.195056848567E-01,1.142397328578E+01
4,0.5510,3.656234098419E+01,3.164057036630E-01,1.140324012192E+01
4,0.5520,3.641519354233E+01,3.133169542852E-01,1.138258207822E+01
4,0.5530,3.626842011655E+01,3.102393757912E-01,1.136199874716E+01
4,0.5540,3.612201798609E+01,3.071729076889E-01,1.134148972415E+01
4,0.5550,3.597598444436E+01,3.041174899221E-01,1.132105460753E+01
4,0.5560,3.583031679817E+01,3.010730628667E-01,1.130069299852E+01
4,0.5570,3.568501236877E+01,2.980395673267E-01,1.128040450122E+01
4,0.5580,3.554006848975E+01,2.950169445307E-01,1.126018872254E+01
4,0.5590,3.539548250820E+01,2.920051361274E-01,1.124004527224E+01
4,0.5600,3.525125178392E+01,2.890040841827E-01,1.121997376282E+01
4,0.5610,3.511013036602E+01,2.866666896486E-01,1.119997380959E+01
4,0.5620,3.496935522169E+01,2.843376132444E-01,1.118004503057E+01
4,0.5630,3.482892382534E+01,2.820168106464E-01,1.116018704650E+01
4,0.5640,3.468883366328E+01,2.797042378447E-01,1.114039948081E+01
4,0.5650,3.454908223365E+01,2.773998511415E-01,1.112068195961E+01
4,0.5660,3.440966704796E+01,2.751036071475E-01,1.110103411162E+01
4,0.5670,3.427058562749E+01,2.728154627795E-01,1.108145556822E+01
4,0.5680,3.413183550684E+01,2.705353752579E-01,1.106194596334E+01
4,0.5690,3.399341423249E+01,2.682633021037E-01,1.104250493353E+01
4,0.5700,3.385531936054E+01,2.659992011361E-01,1.102313211786E+01
4,0.5710,3.372165654269E+01,2.637650381238E-01,1.100382715793E+01
4,0.5720,3.358831018746E+01,2.615386868703E-01,1.098458969787E+01
4,0.5730,3.345527799447E+01,2.593201064764E-01,1.096541938426E+01
4,0.5740,3.332255767509E+01,2.571092563277E-01,1.094631586617E+01
4,0.5750,3.319014695219E+01,2.549060960926E-01,1.092727879509E+01
4,0.5760,3.305804356031E+01,2.527105857194E-01,1.090830782496E+01
4,0.5770,3.292624524112E+01,2.505226854341E-01,1.088940261210E+01
4,0.5780,3.279474974904E+01,2.483423557381E-01,1.087056281519E+01
4,0.5790,3.266355484843E+01,2.461695574055E-01,1.085178809530E+01
4,0.5800,3.253265831305E+01,2.440042514809E-01,1.083307811583E+01
4,0.5810,3.240478023149E+01,2.420237559709E-01,1.081443254248E+01
4,0.5820,3.227719302513E+01,2.400500662874E-01,1.079585104326E+01
4,0.5830,3.214989456864E+01,2.380831474090E-01,1.077733328847E+01
4,0.5840,3.202288274696E+01,2.361229645541E-01,1.075887895065E+01
4,0.5850,3.189615545355E+01,2.341694831791E-01,1.074048770458E+01
4,0.5860,3.176971059165E+01,2.322226689760E-01,1.072215922727E+01
4,0.5870,3.164354607289E+01,2.302824878708E-01,1.070389319792E+01
4,0.5880,3.151765981925E+01,2.283489060209E-01,1.068568929792E+01
4,0.5890,3.139204976054E+01,2.264218898141E-01,1.066754721083E+01
4,0.5900,3.126671383570E+01,2.245014058655E-01,1.064946662234E+01
4,0.5910,3.114435763010E+01,2.229021118543E-01,1.063144722027E+01
4,0.5920,3.102226873357E+01,2.213082208635E-01,1.061348869456E+01
4,0.5930,3.090044517983E+01,2.197197055589E-01,1.059559073723E+01
4,0.5940,3.077888501318E+01,2.181365387908E-01,1.057775304239E+01
4,0.5950,3.065758628439E+01,2.165586935916E-01,1.055997530618E+01
4,0.5960,3.053654705188E+01,2.149861431749E-01,1.054225722681E+01
4,0.5970,3.041576538414E+01,2.134188609339E-01,1.052459850449E+01
4,0.5980,3.029523935651E+01,2.118568204394E-01,1.050699884144E+01
4,0.5990,3.017496705070E+01,2.102999954392E-01,1.048945794187E+01
4,0.6000,3.005494655936E+01,2.087483598555E-01,1.047197551197E+01
4,0.6010,2.993652329924E+01,2.068453875867E-01,1.045455125987E+01
4,0.6020,2.981834687066E+01,2.049487374849E-01,1.043718489565E+01
4,0.6030,2.970041542273E+01,2.030583780965E-01,1.041987613131E+01
4,0.6040,2.958272711001E+01,2.011742781763E-01,1.040262468076E+01
4,0.6050,2.946528009424E+01,1.992964066856E-01,1.038543025980E+01
4,0.6060,2.934807254612E+01,1.974247327905E-01,1.036829258610E+01
4,0.6070,2.923110264039E+01,1.955592258606E-01,1.035121137921E+01
4,0.6080,2.911436856092E+01,1.936998554665E-01,1.033418636049E+01
4,0.6090,2.899786849825E+01,1.918465913792E-01,1.031721725317E+01
4,0.6100,2.888160064808E+01,1.899994035676E-01,1.030030378226E+01
4,0.6110,2.876824679627E+01,1.885788551254E-01,1.028344567460E+01
4,0.6120,2.865511954895E+01,1.871629489983E-01,1.026664265879E+01
4,0.6130,2.854221718958E+01,1.857516624670E-01,1.024989446522E+01
4,0.6140,2.842953800848E+01,1.843449729604E-01,1.023320082603E+01
4,0.6150,2.831708030357E+01,1.829428580537E-01,1.021656147509E+01
4,0.6160,2.820484237817E+01,1.815452954681E-01,1.019997614802E+01
4,0.6170,2.809282254191E+01,1.801522630692E-01,1.018344458214E+01
4,0.6180,2.798101911083E+01,1.787637388658E-01,1.016696651647E+01
4,0.6190,2.786943040540E+01,1.773797010088E-01,1.015054169173E+01
4,0.6200,2.775805475402E+01,1.760001277900E-01,1.013416985029E+01
4,0.6210,2.764822751156E+01,1.747828361126E-01,1.011785073620E+01
4,0.6220,2.753860915105E+01,1.735694585564E-01,1.010158409514E+01
4,0.6230,2.742919805117E+01,1.723599762732E-01,1.008536967445E+01
4,0.6240,2.731999259502E+01,1.711543705359E-01,1.006920722304E+01
4,0.6250,2.721099117264E+01,1.699526227368E-01,1.005309649149E+01
4,0.6260,2.710219217796E+01,1.687547143877E-01,1.003703723192E+01
4,0.6270,2.699359401094E+01,1.675606271177E-01,1.002102919805E+01
4,0.6280,2.688519507752E+01,1.663703426735E-01,1.000507214519E+01
4,0.6290,2.677699378734E+01,1.651838429175E-01,9.989165830174E+00
4,0.6300,2.666898855604E+01,1.640011098274E-01,9.973310011396E+00
4,0.6310,2.656251099368E+01,1.627335037055E-01,9.957504448779E+00
4,0.6320,2.645622567580E+01,1.614699089954E-01,9.941748903765E+00
4,0.6330,2.635013106721E+01,1.602103066856E-01,9.926043139304E+00
4,0.6340,2.624422563587E+01,1.589546778847E-01,9.910386919842E+00
4,0.6350,2.613850785600E+01,1.577030038202E-01,9.894780011306E+00
4,0.6360,2.603297620566E+01,1.564552658376E-01,9.879222181100E+00
4,0.6370,2.592762916685E+01,1.552114453998E-01,9.863713198084E+00
4,0.6380,2.582246522695E+01,1.539715240855E-01,9.848252832570E+00
4,0.6390,2.571748287747E+01,1.527354835892E-01,9.832840856306E+00
4,0.6400,2.561268061419E+01,1.515033057194E-01,9.817477042468E+00
4,0.6410,2.550938721144E+01,1.502857547756E-01,9.802161165647E+00
4,0.6420,2.540627042186E+01,1.490719968254E-01,9.786893001837E+00
4,0.6430,2.530332879017E+01,1.478620141721E-01,9.771672328429E+00
4,0.6440,2.520056086031E+01,1.466557892289E-01,9.756498924192E+00
4,0.6450,2.509796518593E+01,1.454533045181E-01,9.741372569271E+00
4,0.6460,2.499554031996E+01,1.442545426701E-01,9.726293045170E+00
4,0.6470,2.489328482239E+01,1.430594864230E-01,9.711260134744E+00
4,0.6480,2.479119725380E+01,1.418681186210E-01,9.696273622191E+00
4,0.6490,2.468927618175E+01,1.406804222144E-01,9.681333293035E+00
4,0.6500,2.458752017702E+01,1.394963802583E-01,9.666438934122E+00
4,0.6510,2.448725607458E+01,1.383816067262E-01,9.651590333609E+00
4,0.6520,2.438715389385E+01,1.372702527448E-01,9.636787280950E+00
4,0.6530,2.428721224967E+01,1.361623026040E-01,9.622029566891E+00
4,0.6540,2.418742976018E+01,1.350577406900E-01,9.607316983455E+00
4,0.6550,2.408780504896E+01,1.339565514841E-01,9.592649323938E+00
4,0.6560,2.398833674127E+01,1.328587195624E-01,9.578026382896E+00
4,0.6570,2.388902346579E+01,1.317642295948E-01,9.563447956133E+00
4,0.6580,2.378986385526E+01,1.306730663444E-01,9.548913840698E+00
4,0.6590,2.369085654550E+01,1.295852146669E-01,9.534423834870E+00
4,0.6600,2.359200017556E+01,1.285006595096E-01,9.519977738151E+00
4,0.6610,2.349462053402E+01,1.275885851522E-01,9.505575351255E+00
4,0.6620,2.339738900137E+01,1.266792663065E-01,9.491216476102E+00
4,0.6630,2.330030426117E+01,1.257726905041E-01,9.476900915806E+00
4,0.6640,2.320336499914E+01,1.248688453517E-01,9.462628474668E+00
4,0.6650,2.310656990391E+01,1.239677185306E-01,9.448398958165E+00
4,0.6660,2.300991766741E+01,1.230692977960E-01,9.434212172942E+00
4,0.6670,2.291340698610E+01,1.221735709767E-01,9.420067926806E+00
4,0.6680,2.281703655560E+01,1.212805259742E-01,9.405966028712E+00
4,0.6690,2.272080507913E+01,1.203901507625E-01,9.391906288759E+00
4,0.6700,2.262471125940E+01,1.195024333871E-01,9.377888518178E+00
4,0.6710,2.252875380298E+01,1.185396414913E-01,9.363912529329E+00
4,0.6720,2.243293142058E+01,1.175797150475E-01,9.349978135684E+00
4,0.6730,2.233724282309E+01,1.166226412826E-01,9.336085151827E+00
4,0.6740,2.224168672686E+01,1.156684074991E-01,9.322233393442E+00
4,0.6750,2.214626184842E+01,1.147170010751E-01,9.308422677303E+00
4,0.6760,2.205096690797E+01,1.137684094629E-01,9.294652821272E+00
4,0.6770,2.195580063004E+01,1.128226201894E-01,9.280923644283E+00
4,0.6780,2.186076173873E+01,1.118796208547E-01,9.267234966342E+00
4,0.6790,2.176584896356E+01,1.109393991321E-01,9.253586608512E+00
4,0.6800,2.167106103426E+01,1.100019427676E-01,9.239978392911E+00
4,0.6810,2.157772454247E+01,1.091908734748E-01,9.226410142701E+00
4,0.6820,2.148451065600E+01,1.083821826843E-01,9.212881682082E+00
4,0.6830,2.139141814793E+01,1.075758599489E-01,9.199392836281E+00
4,0.6840,2.129844579380E+01,1.067718948823E-01,9.185943431549E+00
4,0.6850,2.120559237300E+01,1.059702771589E-01,9.172533295153E+00
4,0.6860,2.111285666595E+01,1.051709965134E-01,9.159162255364E+00
4,0.6870,2.102023745595E+01,1.043740427403E-01,9.145830141455E+00
4,0.6880,2.092773352996E+01,1.035794056933E-01,9.132536783691E+00
4,0.6890,2.083534367507E+01,1.027870752850E-01,9.119282013323E+00
4,0.6900,2.074306668485E+01,1.019970414865E-01,9.106065662579E+00
4,0.6910,2.065356063709E+01,1.012374822786E-01,9.092887564659E+00
4,0.6920,2.056416591021E+01,1.004801183286E-01,9.079747553728E+00
4,0.6930,2.047488137398E+01,9.972494013304E-02,9.066645464906E+00
4,0.6940,2.038570589480E+01,9.897193824355E-02,9.053581134265E+00
4,0.6950,2.029663834887E+01,9.822110326597E-02,9.040554398820E+00
4,0.6960,2.020767760996E+01,9.747242586017E-02,9.027565096522E+00
4,0.6970,2.011882255681E+01,9.672589673961E-02,9.014613066255E+00
4,0.6980,2.003007207058E+01,9.598150667096E-02,9.001698147822E+00
4,0.6990,1.994142503444E+01,9.523924647376E-02,8.988820181945E+00
4,0.7000,1.985288033575E+01,9.449910701998E-02,8.975979010257E+00
4,0.7010,1.976310486122E+01,9.394213535809E-02,8.963174475292E+00
4,0.7020,1.967342887491E+01,9.338675051004E-02,8.950406420484E+00
4,0.7030,1.958385123829E+01,9.283294570424E-02,8.937674690156E+00
4,0.7040,1.949437081635E+01,9.228071420755E-02,8.924979129516E+00
4,0.7050,1.940498647354E+01,9.173004932503E-02,8.912319584652E+00
4,0.7060,1.931569707996E+01,9.118094439968E-02,8.899695902521E+00
4,0.7070,1.922650151027E+01,9.063339281218E-02,8.887107930947E+00
4,0.7080,1.913739863778E+01,9.008738798057E-02,8.874555518615E+00
4,0.7090,1.904838734236E+01,8.954292336005E-02,8.862038515063E+00
4,0.7100,1.895946650681E+01,8.899999244268E-02,8.849556770675E+00
4,0.7110,1.887330663912E+01,8.849367208440E-02,8.837110136680E+00
4,0.7120,1.878723665777E+01,8.798877397431E-02,8.824698465140E+00
4,0.7130,1.870125552302E+01,8.748529212820E-02,8.812321608948E+00
4,0.7140,1.861536219929E+01,8.698322059539E-02,8.799979421820E+00
4,0.7150,1.852955565182E+01,8.648255345848E-02,8.787671758293E+00
4,0.7160,1.844383485351E+01,8.598328483312E-02,8.775398473715E+00
4,0.7170,1.835819877723E+01,8.548540886780E-02,8.763159424239E+00
4,0.7180,1.827264640266E+01,8.498891974362E-02,8.750954466824E+00
4,0.7190,1.818717671338E+01,8.449381167402E-02,8.738783459221E+00
4,0.7200,1.810178869622E+01,8.400007890461E-02,8.726646259972E+00
4,0.7210,1.801648134015E+01,8.329133361698E-02,8.714542728404E+00
4,0.7220,1.793125364384E+01,8.258455161270E-02,8.702472724625E+00
4,0.7230,1.784610460638E+01,8.187972474535E-02,8.690436109515E+00
4,0.7240,1.776103323418E+01,8.117684491356E-02,8.678432744723E+00
4,0.7250,1.767603853477E+01,8.047590406061E-02,8.666462492661E+00
4,0.7260,1.759111952723E+01,7.977689417419E-02,8.654525216501E+00
4,0.7270,1.750627522989E+01,7.907980728609E-02,8.642620780164E+00
4,0.7280,1.742150466963E+01,7.838463547186E-02,8.630749048324E+00
4,0.7290,1.733680687883E+01,7.769137085053E-02,8.618909886392E+00
4,0.7300,1.725218089462E+01,7.700000558433E-02,8.607103160520E+00
4,0.7310,1.716897116550E+01,7.639261726781E-02,8.595328737592E+00
4,0.7320,1.708583248401E+01,7.578688848221E-02,8.583586485218E+00
4,0.7330,1.700276394204E+01,7.518281243545E-02,8.571876271732E+00
4,0.7340,1.691976463077E+01,7.458038237247E-02,8.560197966185E+00
4,0.7350,1.683683365214E+01,7.397959157496E-02,8.548551438340E+00
4,0.7360,1.675397011403E+01,7.338043336115E-02,8.536936558668E+00
4,0.7370,1.667117313346E+01,7.278290108550E-02,8.525353198344E+00
4,0.7380,1.658844183258E+01,7.218698813851E-02,8.513801229241E+00
4,0.7390,1.650577534467E+01,7.159268794645E-02,8.502280523924E+00
4,0.7400,1.642317281115E+01,7.099999397113E-02,8.490790955648E+00
4,0.7410,1.634063337928E+01,7.044332579918E-02,8.479332398353E+00
4,0.7420,1.625815621110E+01,6.988815808052E-02,8.467904726657E+00
4,0.7430,1.617574047343E+01,6.933448475680E-02,8.456507815854E+00
4,0.7440,1.609338534759E+01,6.878229980222E-02,8.445141541908E+00
4,0.7450,1.601109002274E+01,6.823159722337E-02,8.433805781449E+00
4,0.7460,1.592885370158E+01,6.768237105893E-02,8.422500411769E+00
4,0.7470,1.584667559668E+01,6.713461537954E-02,8.411225310816E+00
4,0.7480,1.576455493372E+01,6.658832428753E-02,8.399980357192E+00
4,0.7490,1.568249095184E+01,6.604349191673E-02,8.388765430146E+00
4,0.7500,1.560048290288E+01,6.550011243224E-02,8.377580409573E+00
4,0.7510,1.551988822885E+01,6.489292191390E-02,8.366425176005E+00
4,0.7520,1.543934944202E+01,6.428734626396E-02,8.355299610611E+00
4,0.7530,1.535886586073E+01,6.368337904869E-02,8.344203595192E+00
4,0.7540,1.527843681285E+01,6.308101386846E-02,8.333137012175E+00
4,0.7550,1.519806164702E+01,6.248024435759E-02,8.322099744609E+00
4,0.7560,1.511773972501E+01,6.188106418404E-02,8.311091676163E+00
4,0.7570,1.503747042949E+01,6.128346704927E-02,8.300112691122E+00
4,0.7580,1.495725316011E+01,6.068744668793E-02,8.289162674379E+00
4,0.7590,1.487708733564E+01,6.009299686774E-02,8.278241511436E+00
4,0.7600,1.479697239430E+01,5.950011138917E-02,8.267349088394E+00
4,0.7610,1.471690779716E+01,5.904476839808E-02,8.256485291957E+00
4,0.7620,1.463689302674E+01,5.859062053295E-02,8.245650009422E+00
4,0.7630,1.455692758996E+01,5.813766309473E-02,8.234843128676E+00
4,0.7640,1.447701101547E+01,5.768589140896E-02,8.224064538193E+00
4,0.7650,1.439714286130E+01,5.723530082564E-02,8.213314127032E+00
4,0.7660,1.431732271268E+01,5.678588671903E-02,8.202591784830E+00
4,0.7670,1.423755017755E+01,5.633764448755E-02,8.191897401799E+00
4,0.7680,1.415782490234E+01,5.589056955354E-02,8.181230868723E+00
4,0.7690,1.407814655843E+01,5.544465736318E-02,8.170592076957E+00
4,0.7700,1.399851485282E+01,5.499990338630E-02,8.159980918415E+00
4,0.7710,1.392030206273E+01,5.464586499241E-02,8.149397285577E+00
4,0.7720,1.384213684250E+01,5.429274379642E-02,8.138841071476E+00
4,0.7730,1.376401900020E+01,5.394053623872E-02,8.128312169702E+00
4,0.7740,1.368594837455E+01,5.358923877807E-02,8.117810474392E+00
4,0.7750,1.360792484755E+01,5.323884789151E-02,8.107335880232E+00
4,0.7760,1.352994834210E+01,5.288936007425E-02,8.096888282448E+00
4,0.7770,1.345201882152E+01,5.254077183952E-02,8.086467576808E+00
4,0.7780,1.337413630004E+01,5.219307971851E-02,8.076073659614E+00
4,0.7790,1.329630083213E+01,5.184628026020E-02,8.065706427702E+00
4,0.7800,1.321851252780E+01,5.150037003127E-02,8.055365778435E+00
4,0.7810,1.314077154988E+01,5.098446871980E-02,8.045051609705E+00
4,0.7820,1.306307811449E+01,5.046988684902E-02,8.034763819923E+00
4,0.7830,1.298543250004E+01,4.995661936360E-02,8.024502308020E+00
4,0.7840,1.290783503989E+01,4.944466123402E-02,8.014266973443E+00
4,0.7850,1.283028614122E+01,4.893400745635E-02,8.004057716152E+00
4,0.7860,1.275278627540E+01,4.842465305217E-02,7.993874436615E+00
4,0.7870,1.267533598208E+01,4.791659306833E-02,7.983717035806E+00
4,0.7880,1.259793588531E+01,4.740982257684E-02,7.973585415203E+00
4,0.7890,1.252058668407E+01,4.690433667467E-02,7.963479476780E+00
4,0.7900,1.244328916288E+01,4.640013048365E-02,7.953399123012E+00
4,0.7910,1.236604419391E+01,4.600570523281E-02,7.943344256864E+00
4,0.7920,1.228885274885E+01,4.561227600532E-02,7.933314781792E+00
4,0.7930,1.221171589301E+01,4.521983903314E-02,7.923310601740E+00
4,0.7940,1.213463480152E+01,4.482839056719E-02,7.913331621133E+00
4,0.7950,1.205761075511E+01,4.443792687725E-02,7.903377744880E+00
4,0.7960,1.198064515699E+01,4.404844425186E-02,7.893448878366E+00
4,0.7970,1.190373953295E+01,4.365993899817E-02,7.883544927452E+00
4,0.7980,1.182689553665E+01,4.327240744187E-02,7.873665798471E+00
4,0.7990,1.175011496304E+01,4.288584592700E-02,7.863811398222E+00
4,0.8000,1.167339975249E+01,4.250025081593E-02,7.853981633974E+00
4,0.8010,1.159813867484E+01,4.212103097087E-02,7.844176413458E+00
4,0.8020,1.152294722832E+01,4.174275681122E-02,7.834395644862E+00
4,0.8030,1.144782766654E+01,4.136542480389E-02,7.824639236836E+00
4,0.8040,1.137278240960E+01,4.098903143340E-02,7.814907098482E+00
4,0.8050,1.129781405913E+01,4.061357320171E-02,7.805199139354E+00
4,0.8060,1.122292540215E+01,4.023904662817E-02,7.795515269454E+00
4,0.8070,1.114811942756E+01,3.986544824936E-02,7.785855399231E+00
4,0.8080,1.107339933293E+01,3.949277461901E-02,7.776219439579E+00
4,0.8090,1.099876854059E+01,3.912102230790E-02,7.766607301829E+00
4,0.8100,1.092423071232E+01,3.875018790372E-02,7.757018897753E+00
4,0.8110,1.084978976022E+01,3.840637693148E-02,7.747454139556E+00
4,0.8120,1.077544986441E+01,3.806341278429E-02,7.737912939876E+00
4,0.8130,1.070121548751E+01,3.772129233734E-02,7.728395211783E+00
4,0.8140,1.062709139380E+01,3.738001248116E-02,7.718900868771E+00
4,0.8150,1.055308266798E+01,3.703957012157E-02,7.709429824760E+00
4,0.8160,1.047919473790E+01,3.669996217952E-02,7.699981994093E+00
4,0.8170,1.040543338794E+01,3.636118559107E-02,7.690557291529E+00
4,0.8180,1.033180479238E+01,3.602323730723E-02,7.681155632249E+00
4,0.8190,1.025831553281E+01,3.568611429393E-02,7.671776931843E+00
4,0.8200,1.018497263124E+01,3.534981353188E-02,7.662421106317E+00
4,0.8210,1.011178356903E+01,3.504655151729E-02,7.653088072082E+00
4,0.8220,1.003875633068E+01,3.474402736649E-02,7.643777745961E+00
4,0.8230,9.965899426738E+00,3.444223838981E-02,7.634490045176E+00
4,0.8240,9.893221934483E+00,3.414118191064E-02,7.625224887354E+00
4,0.8250,9.820733535845E+00,3.384085526536E-02,7.615982190521E+00
4,0.8260,9.748444557874E+00,3.354125580324E-02,7.606761873099E+00
4,0.8270,9.676366016619E+00,3.324238088638E-02,7.597563853905E+00
4,0.8280,9.604509671797E+00,3.294422788960E-02,7.588388052149E+00
4,0.8290,9.532888074922E+00,3.264679420042E-02,7.579234387430E+00
4,0.8300,9.461514625819E+00,3.235007721892E-02,7.570102779734E+00
4,0.8310,9.390403633924E+00,3.206201340052E-02,7.560993149434E+00
4,0.8320,9.319570390743E+00,3.177464204322E-02,7.551905417283E+00
4,0.8330,9.249031237822E+00,3.148796065316E-02,7.542839504417E+00
4,0.8340,9.178803648130E+00,3.120196674846E-02,7.533795332350E+00
4,0.8350,9.108906312869E+00,3.091665785909E-02,7.524772822970E+00
4,0.8360,9.039359236236E+00,3.063203152688E-02,7.515771898540E+00
4,0.8370,8.970183837936E+00,3.034808530538E-02,7.506792481696E+00
4,0.8380,8.901403069499E+00,3.006481675982E-02,7.497834495441E+00
4,0.8390,8.833041531451E+00,2.978222346705E-02,7.488897863146E+00
4,0.8400,8.765125618333E+00,2.950030301546E-02,7.479982508547E+00
4,0.8410,8.698948512591E+00,2.921725994369E-02,7.471088355743E+00
4,0.8420,8.633255597313E+00,2.893488918325E-02,7.462215329192E+00
4,0.8430,8.568077396047E+00,2.865318834158E-02,7.453363353712E+00
4,0.8440,8.503446699793E+00,2.837215503745E-02,7.444532354478E+00
4,0.8450,8.439398768206E+00,2.809178690090E-02,7.435722257017E+00
4,0.8460,8.375971556796E+00,2.781208157318E-02,7.426932987210E+00
4,0.8470,8.313205959470E+00,2.753303670669E-02,7.418164471286E+00
4,0.8480,8.251146090917E+00,2.725464996489E-02,7.409416635825E+00
4,0.8490,8.189839585498E+00,2.697691902224E-02,7.400689407750E+00
4,0.8500,8.129337956564E+00,2.669984156416E-02,7.391982714329E+00
4,0.8510,8.069696979088E+00,2.642193862764E-02,7.383296483172E+00
4,0.8520,8.010977142824E+00,2.614468804544E-02,7.374630642230E+00
4,0.8530,7.953244148721E+00,2.586808752323E-02,7.365985119788E+00
4,0.8540,7.896569491329E+00,2.559213477741E-02,7.357359844473E+00
4,0.8550,7.841031118365E+00,2.531682753509E-02,7.348754745239E+00
4,0.8560,7.786714194769E+00,2.504216353399E-02,7.340169751378E+00
4,0.8570,7.733711990893E+00,2.476814052239E-02,7.331604792508E+00
4,0.8580,7.682126916283E+00,2.449475625907E-02,7.323059798578E+00
4,0.8590,7.632071741870E+00,2.422200851324E-02,7.314534699860E+00
4,0.8600,7.583671038279E+00,2.394989506449E-02,7.306029426953E+00
4,0.8610,7.537895439169E+00,2.370738495207E-02,7.297543910778E+00
4,0.8620,7.493978045918E+00,2.346543750811E-02,7.289078082575E+00
4,0.8630,7.452078679098E+00,2.322405077666E-02,7.280631873904E+00
4,0.8640,7.412376415042E+00,2.298322281078E-02,7.272205216643E+00
4,0.8650,7.375072998224E+00,2.274295167258E-02,7.263798042982E+00
4,0.8660,7.340397130792E+00,2.250323543307E-02,7.255410285427E+00
4,0.8670,7.308609923129E+00,2.226407217221E-02,7.247041876793E+00
4,0.8680,7.280011937844E+00,2.202545997876E-02,7.238692750207E+00
4,0.8690,7.254952445091E+00,2.178739695032E-02,7.230362839102E+00
4,0.8700,7.233841830880E+00,2.154988119321E-02,7.222052077218E+00
4,0.8710,7.217032254155E+00,2.130742836455E-02,7.213760398599E+00
4,0.8720,7.205499926141E+00,2.106553162036E-02,7.205487737591E+00
4,0.3000,9.938570033179E+01,8.867668863533E+01,2.094395102393E+01
4,0.3010,9.933993405543E+01,8.705447177761E+01,2.087436979129E+01
4,0.3020,9.929446904184E+01,8.544299807790E+01,2.080524936152E+01
4,0.3030,9.924930232457E+01,8.384216116828E+01,2.073658517221E+01
4,0.3040,9.920443097580E+01,8.225185608043E+01,2.066837272099E+01
4,0.3050,9.915985210594E+01,8.067197922267E+01,2.060060756452E+01
4,0.3060,9.911556286307E+01,7.910242835745E+01,2.053328531758E+01
4,0.3070,9.907156043202E+01,7.754310257929E+01,2.046640165205E+01
4,0.3080,9.902784203437E+01,7.599390229320E+01,2.039995229604E+01
4,0.3090,9.898440492707E+01,7.445472919343E+01,2.033393303294E+01
4,0.3100,9.894124640263E+01,7.292548624268E+01,2.026833970058E+01
4,0.3110,9.857206032438E+01,7.209500568704E+01,2.020316819029E+01
4,0.3120,9.820511584632E+01,7.126984872471E+01,2.013841444609E+01
4,0.3130,9.784039129639E+01,7.044996433082E+01,2.007407446383E+01
4,0.3140,9.747786527771E+01,6.963530213053E+01,2.001014429038E+01
4,0.3150,9.711751666408E+01,6.882581238864E+01,1.994662002279E+01
4,0.3160,9.675932459549E+01,6.802144599956E+01,1.988349780753E+01
4,0.3170,9.640326847568E+01,6.722215447729E+01,1.982077383968E+01
4,0.3180,9.604932796525E+01,6.642788994572E+01,1.975844436220E+01
4,0.3190,9.569748297996E+01,6.563860512908E+01,1.969650566514E+01
4,0.3200,9.534771368470E+01,6.485425334254E+01,1.963495408494E+01
4,0.3210,9.518952499022E+01,6.425486731426E+01,1.957378600367E+01
4,0.3220,9.503229308436E+01,6.365920418057E+01,1.951299784838E+01
4,0.3230,9.487600919169E+01,6.306722936349E+01,1.945258609034E+01
4,0.3240,9.472066464446E+01,6.247890871195E+01,1.939254724438E+01
4,0.3250,9.456625088107E+01,6.189420849519E+01,1.933287786824E+01
4,0.3260,9.441275944469E+01,6.131309539632E+01,1.927357456190E+01
4,0.3270,9.426018198057E+01,6.073553650601E+01,1.921463396691E+01
4,0.3280,9.410851023589E+01,6.016149931624E+01,1.915605276579E+01
4,0.3290,9.395773605714E+01,5.959095171426E+01,1.909782768140E+01
4,0.3300,9.380785138878E+01,5.902386197654E+01,1.903995547630E+01
4,0.3310,9.370486636976E+01,5.861205822652E+01,1.898243295220E+01
4,0.3320,9.360249024379E+01,5.820273522199E+01,1.892525694934E+01
4,0.3330,9.350071759082E+01,5.779587061388E+01,1.886842434588E+01
4,0.3340,9.339954305632E+01,5.739144232079E+01,1.881193205742E+01
4,0.3350,9.329896134874E+01,5.698942852497E+01,1.875577703636E+01
4,0.3360,9.319896723840E+01,5.658980766841E+01,1.869995627137E+01
4,0.3370,9.309955555815E+01,5.619255844899E+01,1.864446678688E+01
4,0.3380,9.300072120106E+01,5.579765981666E+01,1.858930564254E+01
4,0.3390,9.290245912012E+01,5.540509096977E+01,1.853446993268E+01
4,0.3400,9.280476432707E+01,5.501483135139E+01,1.847995678582E+01
4,0.3410,9.287676201886E+01,5.478163705799E+01,1.842576336416E+01
4,0.3420,9.294833404228E+01,5.454980647391E+01,1.837188686310E+01
4,0.3430,9.301948416685E+01,5.431932767166E+01,1.831832451073E+01
4,0.3440,9.309021611717E+01,5.409018886245E+01,1.826507356738E+01
4,0.3450,9.316053357465E+01,5.386237839416E+01,1.821213132516E+01
4,0.3460,9.323044017738E+01,5.363588474938E+01,1.815949510746E+01
4,0.3470,9.329993952038E+01,5.341069654348E+01,1.810716226853E+01
4,0.3480,9.336903515803E+01,5.318680252267E+01,1.805513019304E+01
4,0.3490,9.343773060219E+01,5.296419156215E+01,1.800339629564E+01
4,0.3500,9.350602932508E+01,5.274285266427E+01,1.795195802051E+01
4,0.3510,9.421346140240E+01,5.264271040272E+01,1.790081284097E+01
4,0.3520,9.491636674041E+01,5.254313713129E+01,1.784995825903E+01
4,0.3530,9.561479869573E+01,5.244412801437E+01,1.779939180504E+01
4,0.3540,9.630880944556E+01,5.234567827100E+01,1.774911103723E+01
4,0.3550,9.699845003205E+01,5.224778317407E+01,1.769911354135E+01
4,0.3560,9.768377040429E+01,5.215043804959E+01,1.764939693028E+01
4,0.3570,9.836481945725E+01,5.205363827595E+01,1.759995884364E+01
4,0.3580,9.904164507051E+01,5.195737928317E+01,1.755079694743E+01
4,0.3590,9.971429414320E+01,5.186165655219E+01,1.750190893365E+01
4,0.3600,1.003828126288E+02,5.176646561415E+01,1.745329251994E+01
4,0.3610,1.016538000260E+02,5.023937503926E+01,1.740494544925E+01
4,0.3620,1.029164268586E+02,4.872072142888E+01,1.735686548945E+01
4,0.3630,1.041708201045E+02,4.721043505601E+01,1.730905043300E+01
4,0.3640,1.054171020437E+02,4.570844695992E+01,1.726149809665E+01
4,0.3650,1.066553905541E+02,4.421468893559E+01,1.721420632104E+01
4,0.3660,1.078857993854E+02,4.272909352342E+01,1.716717297044E+01
4,0.3670,1.091084384097E+02,4.125159399904E+01,1.712039593237E+01
4,0.3680,1.103234138517E+02,3.978212436339E+01,1.707387311734E+01
4,0.3690,1.115308285031E+02,3.832061933281E+01,1.702760245848E+01
4,0.3700,1.127307819182E+02,3.686701432942E+01,1.698158191130E+01
4,0.3710,1.119197983179E+02,3.469300566511E+01,1.693580945331E+01
4,0.3720,1.111127533392E+02,3.253068521943E+01,1.689028308382E+01
4,0.3730,1.103096096143E+02,3.037995898525E+01,1.684500082354E+01
4,0.3740,1.095103300678E+02,2.824073396088E+01,1.679996071438E+01
4,0.3750,1.087148779105E+02,2.611291813664E+01,1.675516081915E+01
4,0.3760,1.079232166330E+02,2.399642048168E+01,1.671059922122E+01
4,0.3770,1.071353099995E+02,2.189115093098E+01,1.666627402435E+01
4,0.3780,1.063511220404E+02,1.979702037262E+01,1.662218335233E+01
4,0.3790,1.055706170472E+02,1.771394063515E+01,1.657832534876E+01
4,0.3800,1.047937595646E+02,1.564182447524E+01,1.653469817679E+01
4,0.3810,1.035003117549E+02,1.477455568688E+01,1.649130001884E+01
4,0.3820,1.022123012918E+02,1.391182757281E+01,1.644812907639E+01
4,0.3830,1.009296461491E+02,1.305360456638E+01,1.640518356966E+01
4,0.3840,9.965226354526E+01,1.219985147144E+01,1.636246173745E+01
4,0.3850,9.838006986852E+01,1.135053345752E+01,1.631996183683E+01
4,0.3860,9.711298059615E+01,1.050561605506E+01,1.627768214295E+01
4,0.3870,9.585091021215E+01,9.665065150811E+00,1.623562094878E+01
4,0.3880,9.459377211603E+01,8.828846983181E+00,1.619377656490E+01
4,0.3890,9.334147852990E+01,7.996928137750E+00,1.615214731923E+01
4,0.3900,9.209394039653E+01,7.169275542807E+00,1.611073155687E+01
4,0.3910,9.110763534310E+01,6.911503837898E+00,1.606952763985E+01
4,0.3920,9.012525680833E+01,6.655047294747E+00,1.602853394689E+01
4,0.3930,8.914674770482E+01,6.399895873954E+00,1.598774887323E+01
4,0.3940,8.817205059921E+01,6.146039638038E+00,1.594717083041E+01
4,0.3950,8.720110767681E+01,5.893468750152E+00,1.590679824602E+01
4,0.3960,8.623386070350E+01,5.642173472811E+00,1.586662956358E+01
4,0.3970,8.527025098277E+01,5.392144166640E+00,1.582666324227E+01
4,0.3980,8.431021931779E+01,5.143371289143E+00,1.578689775673E+01
4,0.3990,8.335370596494E+01,4.895845393489E+00,1.574733159694E+01
4,0.4000,8.240065058669E+01,4.649557127313E+00,1.570796326795E+01
4,0.4010,8.169089135597E+01,4.529847561859E+00,1.566879128972E+01
4,0.4020,8.098389212877E+01,4.410733566383E+00,1.562981419696E+01
4,0.4030,8.027961833626E+01,4.292210707361E+00,1.559103053891E+01
4,0.4040,7.957803539403E+01,4.174274595166E+00,1.555243887916E+01
4,0.4050,7.887910868831E+01,4.056920883525E+00,1.551403779551E+01
4,0.4060,7.818280356496E+01,3.940145268985E+00,1.547582587975E+01
4,0.4070,7.748908531708E+01,3.823943490389E+00,1.543780173754E+01
4,0.4080,7.679791917086E+01,3.708311328355E+00,1.539996398819E+01
4,0.4090,7.610927027417E+01,3.593244604766E+00,1.536231126450E+01
4,0.4100,7.542310368241E+01,3.478739182268E+00,1.532484221263E+01
4,0.4110,7.485862298277E+01,3.392308563657E+00,1.528755549192E+01
4,0.4120,7.429626591856E+01,3.306297511157E+00,1.525044977471E+01
4,0.4130,7.373600789167E+01,3.220702977070E+00,1.521352374620E+01
4,0.4140,7.317782434638E+01,3.135521943148E+00,1.517677610430E+01
4,0.4150,7.262169076305E+01,3.050751420233E+00,1.514020555947E+01
4,0.4160,7.206758265459E+01,2.966388447909E+00,1.510381083457E+01
4,0.4170,7.151547555794E+01,2.882430094157E+00,1.506759066470E+01
4,0.4180,7.096534502784E+01,2.798873455016E+00,1.503154379708E+01
4,0.4190,7.041716663222E+01,2.715715654249E+00,1.499566899088E+01
4,0.4200,6.987091594356E+01,2.632953843009E+00,1.495996501709E+01
4,0.4210,6.939363282431E+01,2.569986959374E+00,1.492443065838E+01
4,0.4220,6.891807337338E+01,2.507318496988E+00,1.488906470896E+01
4,0.4230,6.844421835138E+01,2.444946339389E+00,1.485386597442E+01
4,0.4240,6.797204856956E+01,2.382868390081E+00,1.481883327165E+01
4,0.4250,6.750154488370E+01,2.321082572299E+00,1.478396542866E+01
4,0.4260,6.703268819050E+01,2.259586828779E+00,1.474926128446E+01
4,0.4270,6.656545942636E+01,2.198379121528E+00,1.471471968895E+01
4,0.4280,6.609983955876E+01,2.137457431601E+00,1.468033950276E+01
4,0.4290,6.563580958632E+01,2.076819758877E+00,1.464611959716E+01
4,0.4300,6.517335053133E+01,2.016464121839E+00,1.461205885391E+01
4,0.4310,6.476580320875E+01,1.966593266679E+00,1.457815616515E+01
4,0.4320,6.435967312428E+01,1.916953295107E+00,1.454441043329E+01
4,0.4330,6.395494509479E+01,1.867542607469E+00,1.451082057085E+01
4,0.4340,6.355160398842E+01,1.818359618852E+00,1.447738550041E+01
4,0.4350,6.314963471900E+01,1.769402758918E+00,1.444410415444E+01
4,0.4360,6.274902224617E+01,1.720670471737E+00,1.441097547518E+01
4,0.4370,6.234975157127E+01,1.672161215618E+00,1.437799841460E+01
4,0.4380,6.195180773564E+01,1.623873462951E+00,1.434517193420E+01
4,0.4390,6.155517581558E+01,1.575805700047E+00,1.431249500496E+01
4,0.4400,6.115984092419E+01,1.527956426973E+00,1.427996660723E+01
4,0.4410,6.079138113537E+01,1.495002020225E+00,1.424758573057E+01
4,0.4420,6.042413767228E+01,1.462196728440E+00,1.421535137371E+01
4,0.4430,6.005809740661E+01,1.429539541810E+00,1.418326254442E+01
4,0.4440,5.969324725177E+01,1.397029459624E+00,1.415131825941E+01
4,0.4450,5.932957415734E+01,1.364665490167E+00,1.411951754422E+01
4,0.4460,5.896706510716E+01,1.332446650618E+00,1.408785943314E+01
4,0.4470,5.860570711936E+01,1.300371966950E+00,1.405634296908E+01
4,0.4480,5.824548724309E+01,1.268440473834E+00,1.402496720353E+01
4,0.4490,5.788639255479E+01,1.236651214541E+00,1.399373119639E+01
4,0.4500,5.752841015779E+01,1.205003240845E+00,1.396263401595E+01
4,0.4510,5.719846017116E+01,1.181543941427E+00,1.393167473876E+01
4,0.4520,5.686954897177E+01,1.158188444218E+00,1.390085244951E+01
4,0.4530,5.654166543076E+01,1.134936061787E+00,1.387016624101E+01
4,0.4540,5.621479845215E+01,1.111786112760E+00,1.383961521405E+01
4,0.4550,5.588893697267E+01,1.088737921749E+00,1.380919847732E+01
4,0.4560,5.556406995698E+01,1.065790819296E+00,1.377891514732E+01
4,0.4570,5.524018640097E+01,1.042944141799E+00,1.374876434831E+01
4,0.4580,5.491727532445E+01,1.020197231453E+00,1.371874521218E+01
4,0.4590,5.459532577419E+01,9.975494361844E-01,1.368885687839E+01
4,0.4600,5.427432681934E+01,9.750001095908E-01,1.365909849387E+01
4,0.4610,5.397625711592E+01,9.602165502576E-01,1.362946921297E+01
4,0.4620,5.367908138177E+01,9.454969890167E-01,1.359996819736E+01
4,0.4630,5.338279007255E+01,9.308410111938E-01,1.357059461594E+01
4,0.4640,5.308737366931E+01,9.162482056890E-01,1.354134764478E+01
4,0.4650,5.279282268220E+01,9.017181649391E-01,1.351222646705E+01
4,0.4660,5.249912764570E+01,8.872504848791E-01,1.348323027292E+01
4,0.4670,5.220627911826E+01,8.728447649050E-01,1.345435825949E+01
4,0.4680,5.191426768017E+01,8.585006078367E-01,1.342560963073E+01
4,0.4690,5.162308393381E+01,8.442176198818E-01,1.339698359740E+01
4,0.4700,5.133271850157E+01,8.299954105990E-01,1.336847937698E+01
4,0.4710,5.106186625055E+01,8.187857561508E-01,1.334009619359E+01
4,0.4720,5.079178746841E+01,8.076236002383E-01,1.331183327792E+01
4,0.4730,5.052247390866E+01,7.965086416024E-01,1.328368986719E+01
4,0.4740,5.025391734877E+01,7.854405815261E-01,1.325566520502E+01
4,0.4750,4.998610958924E+01,7.744191238081E-01,1.322775854143E+01
4,0.4760,4.971904245008E+01,7.634439747359E-01,1.319996913273E+01
4,0.4770,4.945270777344E+01,7.525148430602E-01,1.317229624147E+01
4,0.4780,4.918709741830E+01,7.416314399690E-01,1.314473913636E+01
4,0.4790,4.892220326345E+01,7.307934790619E-01,1.311729709223E+01
4,0.4800,4.865801720331E+01,7.200006763252E-01,1.308996938996E+01
4,0.4810,4.840846508502E+01,7.108320372249E-01,1.306275531638E+01
4,0.4820,4.815958808753E+01,7.017014422703E-01,1.303565416427E+01
4,0.4830,4.791137892720E+01,6.926086551623E-01,1.300866523226E+01
4,0.4840,4.766383033921E+01,6.835534415547E-01,1.298178782475E+01
4,0.4850,4.741693507809E+01,6.745355690342E-01,1.295502125192E+01
4,0.4860,4.717068591270E+01,6.655548071001E-01,1.292836482959E+01
4,0.4870,4.692507563018E+01,6.566109271453E-01,1.290181787922E+01
4,0.4880,4.668009703130E+01,6.477037024362E-01,1.287537972783E+01
4,0.4890,4.643574293042E+01,6.388329080940E-01,1.284904970793E+01
4,0.4900,4.619200615577E+01,6.299983210756E-01,1.282282715751E+01
4,0.4910,4.596889120427E+01,6.223603818808E-01,1.279671141992E+01
4,0.4920,4.574635815441E+01,6.147534912194E-01,1.277070184386E+01
4,0.4930,4.552440092954E+01,6.071774601550E-01,1.274479778333E+01
4,0.4940,4.530301347230E+01,5.996321012811E-01,1.271899859753E+01
4,0.4950,4.508218974080E+01,5.921172287057E-01,1.269330365087E+01
4,0.4960,4.486192371008E+01,5.846326580358E-01,1.266771231286E+01
4,0.4970,4.464220936987E+01,5.771782063626E-01,1.264222395811E+01
4,0.4980,4.442304072526E+01,5.697536922463E-01,1.261683796622E+01
4,0.4990,4.420441179529E+01,5.623589357017E-01,1.259155372180E+01
4,0.5000,4.398631661278E+01,5.549937581832E-01,1.256637061436E+01
4,0.5010,4.377334305117E+01,5.478686762100E-01,1.254128803828E+01
4,0.5020,4.356088727231E+01,5.407719810176E-01,1.251630539279E+01
4,0.5030,4.334894358092E+01,5.337035033011E-01,1.249142208187E+01
4,0.5040,4.313750629217E+01,5.266630750993E-01,1.246663751425E+01
4,0.5050,4.292656973469E+01,5.196505297815E-01,1.244195110333E+01
4,0.5060,4.271612824617E+01,5.126657020341E-01,1.241736226715E+01
4,0.5070,4.250617617565E+01,5.057084278479E-01,1.239287042836E+01
4,0.5080,4.229670788234E+01,4.987785445049E-01,1.236847501413E+01
4,0.5090,4.208771773280E+01,4.918758905661E-01,1.234417545615E+01
4,0.5100,4.187920010219E+01,4.850003058583E-01,1.231997119055E+01
4,0.5110,4.167877614597E+01,4.804214475246E-01,1.229586165789E+01
4,0.5120,4.147880863367E+01,4.758604753562E-01,1.227184630309E+01
4,0.5130,4.127929235821E+01,4.713172847558E-01,1.224792457540E+01
4,0.5140,4.108022212196E+01,4.667917719397E-01,1.222409592836E+01
4,0.5150,4.088159273396E+01,4.622838339308E-01,1.220035981977E+01
4,0.5160,4.068339901050E+01,4.577933685497E-01,1.217671571159E+01
4,0.5170,4.048563577676E+01,4.533202744081E-01,1.215316306998E+01
4,0.5180,4.028829786248E+01,4.488644509002E-01,1.212970136521E+01
4,0.5190,4.009138010349E+01,4.444257981958E-01,1.210633007164E+01
4,0.5200,3.989487734047E+01,4.400042172326E-01,1.208304866765E+01
4,0.5210,3.970791108151E+01,4.351714847982E-01,1.205985663566E+01
4,0.5220,3.952134556967E+01,4.303572685800E-01,1.203675346203E+01
4,0.5230,3.933517612692E+01,4.255614623665E-01,1.201373863705E+01
4,0.5240,3.914939808369E+01,4.207839607569E-01,1.199081165492E+01
4,0.5250,3.896400677344E+01,4.160246591534E-01,1.196797201368E+01
4,0.5260,3.877899753906E+01,4.112834537537E-01,1.194521921517E+01
4,0.5270,3.859436572498E+01,4.065602415434E-01,1.192255276505E+01
4,0.5280,3.841010668257E+01,4.018549202884E-01,1.189997217269E+01
4,0.5290,3.822621576587E+01,3.971673885278E-01,1.187747695119E+01
4,0.5300,3.804268833244E+01,3.924975455662E-01,1.185506661732E+01
4,0.5310,3.786407454233E+01,3.884298288572E-01,1.183274069149E+01
4,0.5320,3.768581396461E+01,3.843774043163E-01,1.181049869771E+01
4,0.5330,3.750790219947E+01,3.803401858712E-01,1.178834016356E+01
4,0.5340,3.733033484889E+01,3.763180880945E-01,1.176626462019E+01
4,0.5350,3.715310751752E+01,3.723110261973E-01,1.174427160220E+01
4,0.5360,3.697621581473E+01,3.683189160236E-01,1.172236064772E+01
4,0.5370,3.679965534837E+01,3.643416740442E-01,1.170053129829E+01
4,0.5380,3.662342173005E+01,3.603792173510E-01,1.167878309885E+01
4,0.5390,3.644751056967E+01,3.564314636510E-01,1.165711559774E+01
4,0.5400,3.627191748064E+01,3.524983312611E-01,1.163552834663E+01
4,0.5410,3.610270752279E+01,3.491441805176E-01,1.161402090052E+01
4,0.5420,3.593380697571E+01,3.458024067141E-01,1.159259281767E+01
4,0.5430,3.576521176614E+01,3.424729414697E-01,1.157124365963E+01
4,0.5440,3.559691782089E+01,3.391557169064E-01,1.154997299114E+01
4,0.5450,3.542892106804E+01,3.358506656442E-01,1.152878038015E+01
4,0.5460,3.526121743638E+01,3.325577207969E-01,1.150766539776E+01
4,0.5470,3.509380285374E+01,3.292768159674E-01,1.148662761824E+01
4,0.5480,3.492667324737E+01,3.260078852430E-01,1.146566661894E+01
4,0.5490,3.475982454454E+01,3.227508631916E-01,1.144478198029E+01
4,0.5500,3.459325266848E+01,3.195056848567E-01,1.142397328578E+01
4,0.5510,3.443150785874E+01,3.164057036630E-01,1.140324012192E+01
4,0.5520,3.427003285710E+01,3.133169542852E-01,1.138258207822E+01
4,0.5530,3.410882381930E+01,3.102393757912E-01,1.136199874716E+01
4,0.5540,3.394787690263E+01,3.071729076889E-01,1.134148972415E+01
4,0.5550,3.378718826177E+01,3.041174899221E-01,1.132105460753E+01
4,0.5560,3.362675404909E+01,3.010730628667E-01,1.130069299852E+01
4,0.5570,3.346657041615E+01,2.980395673267E-01,1.128040450122E+01
4,0.5580,3.330663351000E+01,2.950169445307E-01,1.126018872254E+01
4,0.5590,3.314693947442E+01,2.920051361274E-01,1.124004527224E+01
4,0.5600,3.298748445108E+01,2.890040841827E-01,1.121997376282E+01
4,0.5610,3.283130602353E+01,2.866666896486E-01,1.119997380959E+01
4,0.5620,3.267536043063E+01,2.843376132444E-01,1.118004503057E+01
4,0.5630,3.251964396628E+01,2.820168106464E-01,1.116018704650E+01
4,0.5640,3.236415291785E+01,2.797042378447E-01,1.114039948081E+01
4,0.5650,3.220888356893E+01,2.773998511415E-01,1.112068195961E+01
4,0.5660,3.205383220059E+01,2.751036071475E-01,1.110103411162E+01
4,0.5670,3.189899508649E+01,2.728154627795E-01,1.108145556822E+01
4,0.5680,3.174436849647E+01,2.705353752579E-01,1.106194596334E+01
4,0.5690,3.158994869383E+01,2.682633021037E-01,1.104250493353E+01
4,0.5700,3.143573193746E+01,2.659992011361E-01,1.102313211786E+01
4,0.5710,3.128629091729E+01,2.637650381238E-01,1.100382715793E+01
4,0.5720,3.113704898231E+01,2.615386868703E-01,1.098458969787E+01
4,0.5730,3.098800262183E+01,2.593201064764E-01,1.096541938426E+01
4,0.5740,3.083914832273E+01,2.571092563277E-01,1.094631586617E+01
4,0.5750,3.069048256607E+01,2.549060960926E-01,1.092727879509E+01
4,0.5760,3.054200182719E+01,2.527105857194E-01,1.090830782496E+01
4,0.5770,3.039370257423E+01,2.505226854341E-01,1.088940261210E+01
4,0.5780,3.024558127011E+01,2.483423557381E-01,1.087056281519E+01
4,0.5790,3.009763437093E+01,2.461695574055E-01,1.085178809530E+01
4,0.5800,2.994985832518E+01,2.440042514809E-01,1.083307811583E+01
4,0.5810,2.980531374259E+01,2.420237559709E-01,1.081443254248E+01
4,0.5820,2.966093605418E+01,2.400500662874E-01,1.079585104326E+01
4,0.5830,2.951672185976E+01,2.380831474090E-01,1.077733328847E+01
4,0.5840,2.937266775127E+01,2.361229645541E-01,1.075887895065E+01
4,0.5850,2.922877031552E+01,2.341694831791E-01,1.074048770458E+01
4,0.5860,2.908502613017E+01,2.322226689760E-01,1.072215922727E+01
4,0.5870,2.894143176773E+01,2.302824878708E-01,1.070389319792E+01
4,0.5880,2.879798378974E+01,2.283489060209E-01,1.068568929792E+01
4,0.5890,2.865467875318E+01,2.264218898141E-01,1.066754721083E+01
4,0.5900,2.851151320475E+01,2.245014058655E-01,1.064946662234E+01
4,0.5910,2.837156544835E+01,2.229021118543E-01,1.063144722027E+01
4,0.5920,2.823175429778E+01,2.213082208635E-01,1.061348869456E+01
4,0.5930,2.809207645317E+01,2.197197055589E-01,1.059559073723E+01
4,0.5940,2.795252860842E+01,2.181365387908E-01,1.057775304239E+01
4,0.5950,2.781310744842E+01,2.165586935916E-01,1.055997530618E+01
4,0.5960,2.767380965050E+01,2.149861431749E-01,1.054225722681E+01
4,0.5970,2.753463188375E+01,2.134188609339E-01,1.052459850449E+01
4,0.5980,2.739557081136E+01,2.118568204394E-01,1.050699884144E+01
4,0.5990,2.725662308550E+01,2.102999954392E-01,1.048945794187E+01
4,0.6000,2.711778534859E+01,2.087483598555E-01,1.047197551197E+01
4,0.6010,2.698060615151E+01,2.068453875867E-01,1.045455125987E+01
4,0.6020,2.684353271968E+01,2.049487374849E-01,1.043718489565E+01
4,0.6030,2.670656176601E+01,2.030583780965E-01,1.041987613131E+01
4,0.6040,2.656968999321E+01,2.011742781763E-01,1.040262468076E+01
4,0.6050,2.643291409618E+01,1.992964066856E-01,1.038543025980E+01
4,0.6060,2.629623076089E+01,1.974247327905E-01,1.036829258610E+01
4,0.6070,2.615963666935E+01,1.955592258606E-01,1.035121137921E+01
4,0.6080,2.602312848889E+01,1.936998554665E-01,1.033418636049E+01
4,0.6090,2.588670288332E+01,1.918465913792E-01,1.031721725317E+01
4,0.6100,2.575035650772E+01,1.899994035676E-01,1.030030378226E+01
4,0.6110,2.561721723630E+01,1.885788551254E-01,1.028344567460E+01
4,0.6120,2.548415651018E+01,1.871629489983E-01,1.026664265879E+01
4,0.6130,2.535117115046E+01,1.857516624670E-01,1.024989446522E+01
4,0.6140,2.521825797349E+01,1.843449729604E-01,1.023320082603E+01
4,0.6150,2.508541379106E+01,1.829428580537E-01,1.021656147509E+01
4,0.6160,2.495263540742E+01,1.815452954681E-01,1.019997614802E+01
4,0.6170,2.481991962218E+01,1.801522630692E-01,1.018344458214E+01
4,0.6180,2.468726322892E+01,1.787637388658E-01,1.016696651647E+01
4,0.6190,2.455466301586E+01,1.773797010088E-01,1.015054169173E+01
4,0.6200,2.442211577006E+01,1.760001277900E-01,1.013416985029E+01
4,0.6210,2.429119986858E+01,1.747828361126E-01,1.011785073620E+01
4,0.6220,2.416033400610E+01,1.735694585564E-01,1.010158409514E+01
4,0.6230,2.402951505529E+01,1.723599762732E-01,1.008536967445E+01
4,0.6240,2.389873988295E+01,1.711543705359E-01,1.006920722304E+01
4,0.6250,2.376800535620E+01,1.699526227368E-01,1.005309649149E+01
4,0.6260,2.363730834383E+01,1.687547143877E-01,1.003703723192E+01
4,0.6270,2.350664571074E+01,1.675606271177E-01,1.002102919805E+01
4,0.6280,2.337601432701E+01,1.663703426735E-01,1.000507214519E+01
4,0.6290,2.324541105877E+01,1.651838429175E-01,9.989165830174E+00
4,0.6300,2.311483278138E+01,1.640011098274E-01,9.973310011396E+00
4,0.6310,2.298587669721E+01,1.627335037055E-01,9.957504448779E+00
4,0.6320,2.285694341720E+01,1.614699089954E-01,9.941748903765E+00
4,0.6330,2.272802992578E+01,1.602103066856E-01,9.926043139304E+00
4,0.6340,2.259913321239E+01,1.589546778847E-01,9.910386919842E+00
4,0.6350,2.247025027779E+01,1.577030038202E-01,9.894780011306E+00
4,0.6360,2.234137813065E+01,1.564552658376E-01,9.879222181100E+00
4,0.6370,2.221251379602E+01,1.552114453998E-01,9.863713198084E+00
4,0.6380,2.208365430892E+01,1.539715240855E-01,9.848252832570E+00
4,0.6390,2.195479672264E+01,1.527354835892E-01,9.832840856306E+00
4,0.6400,2.182593810738E+01,1.515033057194E-01,9.817477042468E+00
4,0.6410,2.169869724687E+01,1.502857547756E-01,9.802161165647E+00
4,0.6420,2.157145412595E+01,1.490719968254E-01,9.786893001837E+00
4,0.6430,2.144420597114E+01,1.478620141721E-01,9.771672328429E+00
4,0.6440,2.131695003618E+01,1.466557892289E-01,9.756498924192E+00
4,0.6450,2.118968360539E+01,1.454533045181E-01,9.741372569271E+00
4,0.6460,2.106240399467E+01,1.442545426701E-01,9.726293045170E+00
4,0.6470,2.093510855769E+01,1.430594864230E-01,9.711260134744E+00
4,0.6480,2.080779468903E+01,1.418681186210E-01,9.696273622191E+00
4,0.6490,2.068045982575E+01,1.406804222144E-01,9.681333293035E+00
4,0.6500,2.055310145227E+01,1.394963802583E-01,9.666438934122E+00
4,0.6510,2.042736248850E+01,1.383816067262E-01,9.651590333609E+00
4,0.6520,2.030160011673E+01,1.372702527448E-01,9.636787280950E+00
4,0.6530,2.017581205776E+01,1.361623026040E-01,9.622029566891E+00
4,0.6540,2.004999610082E+01,1.350577406900E-01,9.607316983455E+00
4,0.6550,1.992415010183E+01,1.339565514841E-01,9.592649323938E+00
4,0.6560,1.979827199601E+01,1.328587195624E-01,9.578026382896E+00
4,0.6570,1.967235979745E+01,1.317642295948E-01,9.563447956133E+00
4,0.6580,1.954641161342E+01,1.306730663444E-01,9.548913840698E+00
4,0.6590,1.942042564575E+01,1.295852146669E-01,9.534423834870E+00
4,0.6600,1.929440019866E+01,1.285006595096E-01,9.519977738151E+00
4,0.6610,1.917000435245E+01,1.275885851522E-01,9.505575351255E+00
4,0.6620,1.904557114058E+01,1.266792663065E-01,9.491216476102E+00
4,0.6630,1.892109925564E+01,1.257726905041E-01,9.476900915806E+00
4,0.6640,1.879658752499E+01,1.248688453517E-01,9.462628474668E+00
4,0.6650,1.867203491719E+01,1.239677185306E-01,9.448398958165E+00
4,0.6660,1.854744056011E+01,1.230692977960E-01,9.434212172942E+00
4,0.6670,1.842280374646E+01,1.221735709767E-01,9.420067926806E+00
4,0.6680,1.829812395311E+01,1.212805259742E-01,9.405966028712E+00
4,0.6690,1.817340084879E+01,1.203901507625E-01,9.391906288759E+00
4,0.6700,1.804863431136E+01,1.195024333871E-01,9.377888518178E+00
4,0.6710,1.792382444700E+01,1.185396414913E-01,9.363912529329E+00
4,0.6720,1.779897160234E+01,1.175797150475E-01,9.349978135684E+00
4,0.6730,1.767407638604E+01,1.166226412826E-01,9.336085151827E+00
4,0.6740,1.754913968581E+01,1.156684074991E-01,9.322233393442E+00
4,0.6750,1.742416269101E+01,1.147170010751E-01,9.308422677303E+00
4,0.6760,1.729914691544E+01,1.137684094629E-01,9.294652821272E+00
4,0.6770,1.717409422365E+01,1.128226201894E-01,9.280923644283E+00
4,0.6780,1.704900684949E+01,1.118796208547E-01,9.267234966342E+00
4,0.6790,1.692388742897E+01,1.109393991321E-01,9.253586608512E+00
4,0.6800,1.679873902974E+01,1.100019427676E-01,9.239978392911E+00
4,0.6810,1.667528412711E+01,1.091908734748E-01,9.226410142701E+00
4,0.6820,1.655181166607E+01,1.083821826843E-01,9.212881682082E+00
4,0.6830,1.642832593395E+01,1.075758599489E-01,9.199392836281E+00
4,0.6840,1.630483174903E+01,1.067718948823E-01,9.185943431549E+00
4,0.6850,1.618133450146E+01,1.059702771589E-01,9.172533295153E+00
4,0.6860,1.605784019004E+01,1.051709965134E-01,9.159162255364E+00
4,0.6870,1.593435547093E+01,1.043740427403E-01,9.145830141455E+00
4,0.6880,1.581088769521E+01,1.035794056933E-01,9.132536783691E+00
4,0.6890,1.568744496262E+01,1.027870752850E-01,9.119282013323E+00
4,0.6900,1.556403616672E+01,1.019970414865E-01,9.106065662579E+00
4,0.6910,1.544413660540E+01,1.012374822786E-01,9.092887564659E+00
4,0.6920,1.532429344345E+01,1.004801183286E-01,9.079747553728E+00
4,0.6930,1.520451707834E+01,9.972494013304E-02,9.066645464906E+00
4,0.6940,1.508481880814E+01,9.897193824355E-02,9.053581134265E+00
4,0.6950,1.496521089069E+01,9.822110326597E-02,9.040554398820E+00
4,0.6960,1.484570659496E+01,9.747242586017E-02,9.027565096522E+00
4,0.6970,1.472632027140E+01,9.672589673961E-02,9.014613066255E+00
4,0.6980,1.460706740945E+01,9.598150667096E-02,9.001698147822E+00
4,0.6990,1.448796471153E+01,9.523924647376E-02,8.988820181945E+00
4,0.7000,1.436903015009E+01,9.449910701998E-02,8.975979010257E+00
4,0.7010,1.424855629817E+01,9.394213535809E-02,8.963174475292E+00
4,0.7020,1.412829528301E+01,9.338675051004E-02,8.950406420484E+00
4,0.7030,1.400827056718E+01,9.283294570424E-02,8.937674690156E+00
4,0.7040,1.388850729483E+01,9.228071420755E-02,8.924979129516E+00
4,0.7050,1.376903237190E+01,9.173004932503E-02,8.912319584652E+00
4,0.7060,1.364987454894E+01,9.118094439968E-02,8.899695902521E+00
4,0.7070,1.353106449671E+01,9.063339281218E-02,8.887107930947E+00
4,0.7080,1.341263488994E+01,9.008738798057E-02,8.874555518615E+00
4,0.7090,1.329462047490E+01,8.954292336005E-02,8.862038515063E+00
4,0.7100,1.317705814045E+01,8.899999244268E-02,8.849556770675E+00
4,0.7110,1.306334943040E+01,8.849367208440E-02,8.837110136680E+00
4,0.7120,1.295014219234E+01,8.798877397431E-02,8.824698465140E+00
4,0.7130,1.283747572680E+01,8.748529212820E-02,8.812321608948E+00
4,0.7140,1.272539136518E+01,8.698322059539E-02,8.799979421820E+00
4,0.7150,1.261393248780E+01,8.648255345848E-02,8.787671758293E+00
4,0.7160,1.250314450322E+01,8.598328483312E-02,8.775398473715E+00
4,0.7170,1.239307484237E+01,8.548540886780E-02,8.763159424239E+00
4,0.7180,1.228377290140E+01,8.498891974362E-02,8.750954466824E+00
4,0.7190,1.217528997959E+01,8.449381167402E-02,8.738783459221E+00
4,0.7200,1.206767918284E+01,8.400007890461E-02,8.726646259972E+00
4,0.7210,1.196099530580E+01,8.329133361698E-02,8.714542728404E+00
4,0.7220,1.185529467614E+01,8.258455161270E-02,8.702472724625E+00
4,0.7230,1.175063496871E+01,8.187972474535E-02,8.690436109515E+00
4,0.7240,1.164707498995E+01,8.117684491356E-02,8.678432744723E+00
4,0.7250,1.154467441944E+01,8.047590406061E-02,8.666462492661E+00
4,0.7260,1.144349351869E+01,7.977689417419E-02,8.654525216501E+00
4,0.7270,1.134359280263E+01,7.907980728609E-02,8.642620780164E+00
4,0.7280,1.124503268628E+01,7.838463547186E-02,8.630749048324E+00
4,0.7290,1.114787307902E+01,7.769137085053E-02,8.618909886392E+00
4,0.7300,1.105217297134E+01,7.700000558433E-02,8.607103160520E+00
4,0.7310,1.095935343015E+01,7.639261726781E-02,8.595328737592E+00
4,0.7320,1.086805507474E+01,7.578688848221E-02,8.583586485218E+00
4,0.7330,1.077832878147E+01,7.518281243545E-02,8.571876271732E+00
4,0.7340,1.069022284469E+01,7.458038237247E-02,8.560197966185E+00
4,0.7350,1.060378254345E+01,7.397959157496E-02,8.548551438340E+00
4,0.7360,1.051904972902E+01,7.338043336115E-02,8.536936558668E+00
4,0.7370,1.043606241739E+01,7.278290108550E-02,8.525353198344E+00
4,0.7380,1.035485443811E+01,7.218698813851E-02,8.513801229241E+00
4,0.7390,1.027545509698E+01,7.159268794645E-02,8.502280523924E+00
4,0.7400,1.019788891226E+01,7.099999397113E-02,8.490790955648E+00
4,0.7410,1.012217538066E+01,7.044332579918E-02,8.479332398353E+00
4,0.7420,1.004832882402E+01,6.988815808052E-02,8.467904726657E+00
4,0.7430,9.976358285522E+00,6.933448475680E-02,8.456507815854E+00
4,0.7440,9.906267499030E+00,6.878229980222E-02,8.445141541908E+00
4,0.7450,9.838054923164E+00,6.823159722337E-02,8.433805781449E+00
4,0.7460,9.771713834284E+00,6.768237105893E-02,8.422500411769E+00
4,0.7470,9.707232489584E+00,6.713461537954E-02,8.411225310816E+00
4,0.7480,9.644594338847E+00,6.658832428753E-02,8.399980357192E+00
4,0.7490,9.583778285932E+00,6.604349191673E-02,8.388765430146E+00
4,0.7500,9.524759002271E+00,6.550011243224E-02,8.377580409573E+00
4,0.7510,9.468276566975E+00,6.489292191390E-02,8.366425176005E+00
4,0.7520,9.413472197638E+00,6.428734626396E-02,8.355299610611E+00
4,0.7530,9.360311871749E+00,6.368337904869E-02,8.344203595192E+00
4,0.7540,9.308758987257E+00,6.308101386846E-02,8.333137012175E+00
4,0.7550,9.258774728639E+00,6.248024435759E-02,8.322099744609E+00
4,0.7560,9.210318428544E+00,6.188106418404E-02,8.311091676163E+00
4,0.7570,9.163347915090E+00,6.128346704927E-02,8.300112691122E+00
4,0.7580,9.117819854393E+00,6.068744668793E-02,8.289162674379E+00
4,0.7590,9.073690066018E+00,6.009299686774E-02,8.278241511436E+00
4,0.7600,9.030913824652E+00,5.950011138917E-02,8.267349088394E+00
4,0.7610,8.989446137197E+00,5.904476839808E-02,8.256485291957E+00
4,0.7620,8.949241990070E+00,5.859062053295E-02,8.245650009422E+00
4,0.7630,8.910256580100E+00,5.813766309473E-02,8.234843128676E+00
4,0.7640,8.872445515642E+00,5.768589140896E-02,8.224064538193E+00
4,0.7650,8.835764992371E+00,5.723530082564E-02,8.213314127032E+00
4,0.7660,8.800171945943E+00,5.678588671903E-02,8.202591784830E+00
4,0.7670,8.765624186233E+00,5.633764448755E-02,8.191897401799E+00
4,0.7680,8.732080501349E+00,5.589056955354E-02,8.181230868723E+00
4,0.7690,8.699500749600E+00,5.544465736318E-02,8.170592076957E+00
4,0.7700,8.667845930258E+00,5.499990338630E-02,8.159980918415E+00
4,0.7710,8.637422473684E+00,5.464586499241E-02,8.149397285577E+00
4,0.7720,8.607822156982E+00,5.429274379642E-02,8.138841071476E+00
4,0.7730,8.579011424467E+00,5.394053623872E-02,8.128312169702E+00
4,0.7740,8.550957908914E+00,5.358923877807E-02,8.117810474392E+00
4,0.7750,8.523630435176E+00,5.323884789151E-02,8.107335880232E+00
4,0.7760,8.496999016447E+00,5.288936007425E-02,8.096888282448E+00
4,0.7770,8.471034843935E+00,5.254077183952E-02,8.086467576808E+00
4,0.7780,8.445710270889E+00,5.219307971851E-02,8.076073659614E+00
4,0.7790,8.420998791299E+00,5.184628026020E-02,8.065706427702E+00
4,0.7800,8.396875014647E+00,5.150037003127E-02,8.055365778435E+00
4,0.7810,8.373314639183E+00,5.098446871980E-02,8.045051609705E+00
4,0.7820,8.350294419444E+00,5.046988684902E-02,8.034763819923E+00
4,0.7830,8.327792135117E+00,4.995661936360E-02,8.024502308020E+00
4,0.7840,8.305786556239E+00,4.944466123402E-02,8.014266973443E+00
4,0.7850,8.284257409443E+00,4.893400745635E-02,8.004057716152E+00
4,0.7860,8.263185341662E+00,4.842465305217E-02,7.993874436615E+00
4,0.7870,8.242551885584E+00,4.791659306833E-02,7.983717035806E+00
4,0.7880,8.222339423282E+00,4.740982257684E-02,7.973585415203E+00
4,0.7890,8.202531151945E+00,4.690433667467E-02,7.963479476780E+00
4,0.7900,8.183111048912E+00,4.640013048365E-02,7.953399123012E+00
4,0.7910,8.164063837882E+00,4.600570523281E-02,7.943344256864E+00
4,0.7920,8.145374955879E+00,4.561227600532E-02,7.933314781792E+00
4,0.7930,8.127030520955E+00,4.521983903314E-02,7.923310601740E+00
4,0.7940,8.109017301340E+00,4.482839056719E-02,7.913331621133E+00
4,0.7950,8.091322684870E+00,4.443792687725E-02,7.903377744880E+00
4,0.7960,8.073934649906E+00,4.404844425186E-02,7.893448878366E+00
4,0.7970,8.056841737684E+00,4.365993899817E-02,7.883544927452E+00
4,0.7980,8.040033025092E+00,4.327240744187E-02,7.873665798471E+00
4,0.7990,8.023498099344E+00,4.288584592700E-02,7.863811398222E+00
4,0.8000,8.007227032300E+00,4.250025081593E-02,7.853981633974E+00
4,0.8010,7.991322062667E+00,4.212103097087E-02,7.844176413458E+00
4,0.8020,7.975654938446E+00,4.174275681122E-02,7.834395644862E+00
4,0.8030,7.960217473670E+00,4.136542480389E-02,7.824639236836E+00
4,0.8040,7.945001853248E+00,4.098903143340E-02,7.814907098482E+00
4,0.8050,7.930000614576E+00,4.061357320171E-02,7.805199139354E+00
4,0.8060,7.915206630773E+00,4.023904662817E-02,7.795515269454E+00
4,0.8070,7.900613094593E+00,3.986544824936E-02,7.785855399231E+00
4,0.8080,7.886213502432E+00,3.949277461901E-02,7.776219439579E+00
4,0.8090,7.872001640163E+00,3.912102230790E-02,7.766607301829E+00
4,0.8100,7.857971568904E+00,3.875018790372E-02,7.757018897753E+00
4,0.8110,7.844117611645E+00,3.840637693148E-02,7.747454139556E+00
4,0.8120,7.830434341021E+00,3.806341278429E-02,7.737912939876E+00
4,0.8130,7.816916566970E+00,3.772129233734E-02,7.728395211783E+00
4,0.8140,7.803559325289E+00,3.738001248116E-02,7.718900868771E+00
4,0.8150,7.790357867324E+00,3.703957012157E-02,7.709429824760E+00
4,0.8160,7.777307649419E+00,3.669996217952E-02,7.699981994093E+00
4,0.8170,7.764404322940E+00,3.636118559107E-02,7.690557291529E+00
4,0.8180,7.751643725632E+00,3.602323730723E-02,7.681155632249E+00
4,0.8190,7.739021872501E+00,3.568611429393E-02,7.671776931843E+00
4,0.8200,7.726534947409E+00,3.534981353188E-02,7.662421106317E+00
4,0.8210,7.714179295537E+00,3.504655151729E-02,7.653088072082E+00
4,0.8220,7.701951415613E+00,3.474402736649E-02,7.643777745961E+00
4,0.8230,7.689847952986E+00,3.444223838981E-02,7.634490045176E+00
4,0.8240,7.677865692958E+00,3.414118191064E-02,7.625224887354E+00
4,0.8250,7.666001554133E+00,3.384085526536E-02,7.615982190521E+00
4,0.8260,7.654252582723E+00,3.354125580324E-02,7.606761873099E+00
4,0.8270,7.642615946464E+00,3.324238088638E-02,7.597563853905E+00
4,0.8280,7.631088929284E+00,3.294422788960E-02,7.588388052149E+00
4,0.8290,7.619668926344E+00,3.264679420042E-02,7.579234387430E+00
4,0.8300,7.608353438795E+00,3.235007721892E-02,7.570102779734E+00
4,0.8310,7.597140069272E+00,3.206201340052E-02,7.560993149434E+00
4,0.8320,7.586026517506E+00,3.177464204322E-02,7.551905417283E+00
4,0.8330,7.575010576008E+00,3.148796065316E-02,7.542839504417E+00
4,0.8340,7.564090126217E+00,3.120196674846E-02,7.533795332350E+00
4,0.8350,7.553263134583E+00,3.091665785909E-02,7.524772822970E+00
4,0.8360,7.542527649047E+00,3.063203152688E-02,7.515771898540E+00
4,0.8370,7.531881795664E+00,3.034808530538E-02,7.506792481696E+00
4,0.8380,7.521323775183E+00,3.006481675982E-02,7.497834495441E+00
4,0.8390,7.510851860169E+00,2.978222346705E-02,7.488897863146E+00
4,0.8400,7.500464391919E+00,2.950030301546E-02,7.479982508547E+00
4,0.8410,7.490187814509E+00,2.921725994369E-02,7.471088355743E+00
4,0.8420,7.479990303548E+00,2.893488918325E-02,7.462215329192E+00
4,0.8430,7.469870456205E+00,2.865318834158E-02,7.453363353712E+00
4,0.8440,7.459826924081E+00,2.837215503745E-02,7.444532354478E+00
4,0.8450,7.449858411138E+00,2.809178690090E-02,7.435722257017E+00
4,0.8460,7.439963671735E+00,2.781208157318E-02,7.426932987210E+00
4,0.8470,7.430141508679E+00,2.753303670669E-02,7.418164471286E+00
4,0.8480,7.420390771492E+00,2.725464996489E-02,7.409416635825E+00
4,0.8490,7.410710354716E+00,2.697691902224E-02,7.400689407750E+00
4,0.8500,7.401099196199E+00,2.669984156416E-02,7.391982714329E+00
4,0.8510,7.391556275621E+00,2.642193862764E-02,7.383296483172E+00
4,0.8520,7.382080613030E+00,2.614468804544E-02,7.374630642230E+00
4,0.8530,7.372671267378E+00,2.586808752323E-02,7.365985119788E+00
4,0.8540,7.363327335240E+00,2.559213477741E-02,7.357359844473E+00
4,0.8550,7.354047949530E+00,2.531682753509E-02,7.348754745239E+00
4,0.8560,7.344832278276E+00,2.504216353399E-02,7.340169751378E+00
4,0.8570,7.335679523502E+00,2.476814052239E-02,7.331604792508E+00
4,0.8580,7.326588920117E+00,2.449475625907E-02,7.323059798578E+00
4,0.8590,7.317559734891E+00,2.422200851324E-02,7.314534699860E+00
4,0.8600,7.308591265454E+00,2.394989506449E-02,7.306029426953E+00
4,0.8610,7.299691651741E+00,2.370738495207E-02,7.297543910778E+00
4,0.8620,7.290849775657E+00,2.346543750811E-02,7.289078082575E+00
4,0.8630,7.282065043225E+00,2.322405077666E-02,7.280631873904E+00
4,0.8640,7.273336885854E+00,2.298322281078E-02,7.272205216643E+00
4,0.8650,7.264664759617E+00,2.274295167258E-02,7.263798042982E+00
4,0.8660,7.256048144560E+00,2.250323543307E-02,7.255410285427E+00
4,0.8670,7.247486544125E+00,2.226407217221E-02,7.247041876793E+00
4,0.8680,7.238979484505E+00,2.202545997876E-02,7.238692750207E+00
4,0.8690,7.230526514083E+00,2.178739695032E-02,7.230362839102E+00
4,0.8700,7.222127202903E+00,2.154988119321E-02,7.222052077218E+00
4,0.8710,7.213780292681E+00,2.130742836455E-02,7.213760398599E+00
4,0.8720,7.205487808114E+00,2.106553162036E-02,7.205487737591E+00
5,0.3000,9.771049619153E+01,8.867668863533E+01,2.094395102393E+01
5,0.3010,9.766419663493E+01,8.705447177761E+01,2.087436979129E+01
5,0.3020,9.761820149208E+01,8.544299807790E+01,2.080524936152E+01
5,0.3030,9.757250776905E+01,8.384216116828E+01,2.073658517221E+01
5,0.3040,9.752711250943E+01,8.225185608043E+01,2.066837272099E+01
5,0.3050,9.748201279700E+01,8.067197922267E+01,2.060060756452E+01
5,0.3060,9.743720575250E+01,7.910242835745E+01,2.053328531758E+01
5,0.3070,9.739268853362E+01,7.754310257929E+01,2.046640165205E+01
5,0.3080,9.734845833597E+01,7.599390229320E+01,2.039995229604E+01
5,0.3090,9.730451239062E+01,7.445472919343E+01,2.033393303294E+01
5,0.3100,9.726084796342E+01,7.292548624268E+01,2.026833970058E+01
5,0.3110,9.688705821946E+01,7.209500568704E+01,2.020316819029E+01
5,0.3120,9.651551451596E+01,7.126984872471E+01,2.013841444609E+01
5,0.3130,9.614619517516E+01,7.044996433082E+01,2.007407446383E+01
5,0.3140,9.577907879423E+01,6.963530213053E+01,2.001014429038E+01
5,0.3150,9.541414424122E+01,6.882581238864E+01,1.994662002279E+01
5,0.3160,9.505137065075E+01,6.802144599956E+01,1.988349780753E+01
5,0.3170,9.469073742019E+01,6.722215447729E+01,1.982077383968E+01
5,0.3180,9.433222420497E+01,6.642788994572E+01,1.975844436220E+01
5,0.3190,9.397581091490E+01,6.563860512908E+01,1.969650566514E+01
5,0.3200,9.362147770937E+01,6.485425334254E+01,1.963495408494E+01
5,0.3210,9.346123740327E+01,6.425486731426E+01,1.957378600367E+01
5,0.3220,9.330196185972E+01,6.365920418057E+01,1.951299784838E+01
5,0.3230,9.314364225725E+01,6.306722936349E+01,1.945258609034E+01
5,0.3240,9.298626988299E+01,6.247890871195E+01,1.939254724438E+01
5,0.3250,9.282983612980E+01,6.189420849519E+01,1.933287786824E+01
5,0.3260,9.267433249573E+01,6.131309539632E+01,1.927357456190E+01
5,0.3270,9.251975058162E+01,6.073553650601E+01,1.921463396691E+01
5,0.3280,9.236608209085E+01,6.016149931624E+01,1.915605276579E+01
5,0.3290,9.221331882493E+01,5.959095171426E+01,1.909782768140E+01
5,0.3300,9.206145268590E+01,5.902386197654E+01,1.903995547630E+01
5,0.3310,9.195711477134E+01,5.861205822652E+01,1.898243295220E+01
5,0.3320,9.185339185522E+01,5.820273522199E+01,1.892525694934E+01
5,0.3330,9.175027847816E+01,5.779587061388E+01,1.886842434588E+01
5,0.3340,9.164776924355E+01,5.739144232079E+01,1.881193205742E+01
5,0.3350,9.154585881949E+01,5.698942852497E+01,1.875577703636E+01
5,0.3360,9.144454193660E+01,5.658980766841E+01,1.869995627137E+01
5,0.3370,9.134381338805E+01,5.619255844899E+01,1.864446678688E+01
5,0.3380,9.124366802680E+01,5.579765981666E+01,1.858930564254E+01
5,0.3390,9.114410076732E+01,5.540509096977E+01,1.853446993268E+01
5,0.3400,9.104510658261E+01,5.501483135139E+01,1.847995678582E+01
5,0.3410,9.111812065186E+01,5.478163705799E+01,1.842576336416E+01
5,0.3420,9.119070170916E+01,5.454980647391E+01,1.837188686310E+01
5,0.3430,9.126285360524E+01,5.431932767166E+01,1.831832451073E+01
5,0.3440,9.133458014337E+01,5.409018886245E+01,1.826507356738E+01
5,0.3450,9.140588508339E+01,5.386237839416E+01,1.821213132516E+01
5,0.3460,9.147677213878E+01,5.363588474938E+01,1.815949510746E+01
5,0.3470,9.154724498234E+01,5.341069654348E+01,1.810716226853E+01
5,0.3480,9.161730724131E+01,5.318680252267E+01,1.805513019304E+01
5,0.3490,9.168696250209E+01,5.296419156215E+01,1.800339629564E+01
5,0.3500,9.175621430837E+01,5.274285266427E+01,1.795195802051E+01
5,0.3510,9.247317892560E+01,5.264271040272E+01,1.790081284097E+01
5,0.3520,9.318545730648E+01,5.254313713129E+01,1.784995825903E+01
5,0.3530,9.389310687858E+01,5.244412801437E+01,1.779939180504E+01
5,0.3540,9.459618374615E+01,5.234567827100E+01,1.774911103723E+01
5,0.3550,9.529474274291E+01,5.224778317407E+01,1.769911354135E+01
5,0.3560,9.598883747901E+01,5.215043804959E+01,1.764939693028E+01
5,0.3570,9.667852038740E+01,5.205363827595E+01,1.759995884364E+01
5,0.3580,9.736384276597E+01,5.195737928317E+01,1.755079694743E+01
5,0.3590,9.804485481936E+01,5.186165655219E+01,1.750190893365E+01
5,0.3600,9.872160569639E+01,5.176646561415E+01,1.745329251994E+01
5,0.3610,1.000080125395E+02,5.023937503926E+01,1.740494544925E+01
5,0.3620,1.012856876438E+02,4.872072142888E+01,1.735686548945E+01
5,0.3630,1.025547714812E+02,4.721043505601E+01,1.730905043300E+01
5,0.3640,1.038153991599E+02,4.570844695992E+01,1.726149809665E+01
5,0.3650,1.050677007631E+02,4.421468893559E+01,1.721420632104E+01
5,0.3660,1.063118016608E+02,4.272909352342E+01,1.716717297044E+01
5,0.3670,1.075478227956E+02,4.125159399904E+01,1.712039593237E+01
5,0.3680,1.087758809504E+02,3.978212436339E+01,1.707387311734E+01
5,0.3690,1.099960889874E+02,3.832061933281E+01,1.702760245848E+01
5,0.3700,1.112085560770E+02,3.686701432942E+01,1.698158191130E+01
5,0.3710,1.103891577423E+02,3.469300566511E+01,1.693580945331E+01
5,0.3720,1.095736500665E+02,3.253068521943E+01,1.689028308382E+01
5,0.3730,1.087619952612E+02,3.037995898525E+01,1.684500082354E+01
5,0.3740,1.079541558254E+02,2.824073396088E+01,1.679996071438E+01
5,0.3750,1.071500945395E+02,2.611291813664E+01,1.675516081915E+01
5,0.3760,1.063497744573E+02,2.399642048168E+01,1.671059922122E+01
5,0.3770,1.055531589017E+02,2.189115093098E+01,1.666627402435E+01
5,0.3780,1.047602114560E+02,1.979702037262E+01,1.662218335233E+01
5,0.3790,1.039708959589E+02,1.771394063515E+01,1.657832534876E+01
5,0.3800,1.031851764968E+02,1.564182447524E+01,1.653469817679E+01
5,0.3810,1.018767544101E+02,1.477455568688E+01,1.649130001884E+01
5,0.3820,1.005735668127E+02,1.391182757281E+01,1.644812907639E+01
5,0.3830,9.927552742927E+01,1.305360456638E+01,1.640518356966E+01
5,0.3840,9.798254910106E+01,1.219985147144E+01,1.636246173745E+01
5,0.3850,9.669454370765E+01,1.135053345752E+01,1.631996183683E+01
5,0.3860,9.541142208395E+01,1.050561605506E+01,1.627768214295E+01
5,0.3870,9.413309392613E+01,9.665065150811E+00,1.623562094878E+01
5,0.3880,9.285946770021E+01,8.828846983181E+00,1.619377656490E+01
5,0.3890,9.159045053731E+01,7.996928137750E+00,1.615214731923E+01
5,0.3900,9.032594813025E+01,7.169275542807E+00,1.611073155687E+01
5,0.3910,8.932601609561E+01,6.911503837898E+00,1.606952763985E+01
5,0.3920,8.832986794959E+01,6.655047294747E+00,1.602853394689E+01
5,0.3930,8.733744426134E+01,6.399895873954E+00,1.598774887323E+01
5,0.3940,8.634868519864E+01,6.146039638038E+00,1.594717083041E+01
5,0.3950,8.536353048804E+01,5.893468750152E+00,1.590679824602E+01
5,0.3960,8.438191937568E+01,5.642173472811E+00,1.586662956358E+01
5,0.3970,8.340379058415E+01,5.392144166640E+00,1.582666324227E+01
5,0.3980,8.242908226682E+01,5.143371289143E+00,1.578689775673E+01
5,0.3990,8.145773196519E+01,4.895845393489E+00,1.574733159694E+01
5,0.4000,8.048967655541E+01,4.649557127313E+00,1.570796326795E+01
5,0.4010,7.976861206316E+01,4.529847561859E+00,1.566879128972E+01
5,0.4020,7.905022867583E+01,4.410733566383E+00,1.562981419696E+01
5,0.4030,7.833449093991E+01,4.292210707361E+00,1.559103053891E+01
5,0.4040,7.762136336751E+01,4.174274595166E+00,1.555243887916E+01
5,0.4050,7.691081042763E+01,4.056920883525E+00,1.551403779551E+01
5,0.4060,7.620279653144E+01,3.940145268985E+00,1.547582587975E+01
5,0.4070,7.549728601944E+01,3.823943490389E+00,1.543780173754E+01
5,0.4080,7.479424314848E+01,3.708311328355E+00,1.539996398819E+01
5,0.4090,7.409363207807E+01,3.593244604766E+00,1.536231126450E+01
5,0.4100,7.339541685567E+01,3.478739182268E+00,1.532484221263E+01
5,0.4110,7.282093376805E+01,3.392308563657E+00,1.528755549192E+01
5,0.4120,7.224852308117E+01,3.306297511157E+00,1.525044977471E+01
5,0.4130,7.167815975903E+01,3.220702977070E+00,1.521352374620E+01
5,0.4140,7.110981880177E+01,3.135521943148E+00,1.517677610430E+01
5,0.4150,7.054347523988E+01,3.050751420233E+00,1.514020555947E+01
5,0.4160,6.997910412720E+01,2.966388447909E+00,1.510381083457E+01
5,0.4170,6.941668053529E+01,2.882430094157E+00,1.506759066470E+01
5,0.4180,6.885617954792E+01,2.798873455016E+00,1.503154379708E+01
5,0.4190,6.829757625272E+01,2.715715654249E+00,1.499566899088E+01
5,0.4200,6.774084573322E+01,2.632953843009E+00,1.495996501709E+01
5,0.4210,6.725433713836E+01,2.569986959374E+00,1.492443065838E+01
5,0.4220,6.676951501131E+01,2.507318496988E+00,1.488906470896E+01
5,0.4230,6.628635985024E+01,2.444946339389E+00,1.485386597442E+01
5,0.4240,6.580485219878E+01,2.382868390081E+00,1.481883327165E+01
5,0.4250,6.532497264395E+01,2.321082572299E+00,1.478396542866E+01
5,0.4260,6.484670180887E+01,2.259586828779E+00,1.474926128446E+01
5,0.4270,6.437002035035E+01,2.198379121528E+00,1.471471968895E+01
5,0.4280,6.389490895417E+01,2.137457431601E+00,1.468033950276E+01
5,0.4290,6.342134833264E+01,2.076819758877E+00,1.464611959716E+01
5,0.4300,6.294931921717E+01,2.016464121839E+00,1.461205885391E+01
5,0.4310,6.253328613261E+01,1.966593266679E+00,1.457815616515E+01
5,0.4320,6.211864392323E+01,1.916953295107E+00,1.454441043329E+01
5,0.4330,6.170537725292E+01,1.867542607469E+00,1.451082057085E+01
5,0.4340,6.129347083230E+01,1.818359618852E+00,1.447738550041E+01
5,0.4350,6.088290941708E+01,1.769402758918E+00,1.444410415444E+01
5,0.4360,6.047367780656E+01,1.720670471737E+00,1.441097547518E+01
5,0.4370,6.006576083880E+01,1.672161215618E+00,1.437799841460E+01
5,0.4380,5.965914338873E+01,1.623873462951E+00,1.434517193420E+01
5,0.4390,5.925381036616E+01,1.575805700047E+00,1.431249500496E+01
5,0.4400,5.884974671133E+01,1.527956426973E+00,1.427996660723E+01
5,0.4410,5.847310593190E+01,1.495002020225E+00,1.424758573057E+01
5,0.4420,5.809765960661E+01,1.462196728440E+00,1.421535137371E+01
5,0.4430,5.772339448870E+01,1.429539541810E+00,1.418326254442E+01
5,0.4440,5.735029736841E+01,1.397029459624E+00,1.415131825941E+01
5,0.4450,5.697835507155E+01,1.364665490167E+00,1.411951754422E+01
5,0.4460,5.660755445803E+01,1.332446650618E+00,1.408785943314E+01
5,0.4470,5.623788241647E+01,1.300371966950E+00,1.405634296908E+01
5,0.4480,5.586932586621E+01,1.268440473834E+00,1.402496720353E+01
5,0.4490,5.550187175169E+01,1.236651214541E+00,1.399373119639E+01
5,0.4500,5.513550704296E+01,1.205003240845E+00,1.396263401595E+01
5,0.4510,5.479779480236E+01,1.181543941427E+00,1.393167473876E+01
5,0.4520,5.446110440266E+01,1.158188444218E+00,1.390085244951E+01
5,0.4530,5.412542462846E+01,1.134936061787E+00,1.387016624101E+01
5,0.4540,5.379074429597E+01,1.111786112760E+00,1.383961521405E+01
5,0.4550,5.345705225166E+01,1.088737921749E+00,1.380919847732E+01
5,0.4560,5.312433736989E+01,1.065790819296E+00,1.377891514732E+01
5,0.4570,5.279258855261E+01,1.042944141799E+00,1.374876434831E+01
5,0.4580,5.246179472655E+01,1.020197231453E+00,1.371874521218E+01
5,0.4590,5.213194484047E+01,9.975494361844E-01,1.368885687839E+01
5,0.4600,5.180302786549E+01,9.750001095908E-01,1.365909849387E+01
5,0.4610,5.149757633293E+01,9.602165502576E-01,1.362946921297E+01
5,0.4620,5.119300569989E+01,9.454969890167E-01,1.359996819736E+01
5,0.4630,5.088930635659E+01,9.308410111938E-01,1.357059461594E+01
5,0.4640,5.058646871860E+01,9.162482056890E-01,1.354134764478E+01
5,0.4650,5.028448322721E+01,9.017181649391E-01,1.351222646705E+01
5,0.4660,4.998334034816E+01,8.872504848791E-01,1.348323027292E+01
5,0.4670,4.968303056992E+01,8.728447649050E-01,1.345435825949E+01
5,0.4680,4.938354440039E+01,8.585006078367E-01,1.342560963073E+01
5,0.4690,4.908487236941E+01,8.442176198818E-01,1.339698359740E+01
5,0.4700,4.878700502315E+01,8.299954105990E-01,1.336847937698E+01
5,0.4710,4.850913169794E+01,8.187857561508E-01,1.334009619359E+01
5,0.4720,4.823202194632E+01,8.076236002383E-01,1.331183327792E+01
5,0.4730,4.795566747129E+01,7.965086416024E-01,1.328368986719E+01
5,0.4740,4.768005999993E+01,7.854405815261E-01,1.325566520502E+01
5,0.4750,4.740519127791E+01,7.744191238081E-01,1.322775854143E+01
5,0.4760,4.713105307227E+01,7.634439747359E-01,1.319996913273E+01
5,0.4770,4.685763716865E+01,7.525148430602E-01,1.317229624147E+01
5,0.4780,4.658493537134E+01,7.416314399690E-01,1.314473913636E+01
5,0.4790,4.631293949961E+01,7.307934790619E-01,1.311729709223E+01
5,0.4800,4.604164138786E+01,7.200006763252E-01,1.308996938996E+01
5,0.4810,4.578535167658E+01,7.108320372249E-01,1.306275531638E+01
5,0.4820,4.552972939476E+01,7.017014422703E-01,1.303565416427E+01
5,0.4830,4.527476721631E+01,6.926086551623E-01,1.300866523226E+01
5,0.4840,4.502045783197E+01,6.835534415547E-01,1.298178782475E+01
5,0.4850,4.476679394905E+01,6.745355690342E-01,1.295502125192E+01
5,0.4860,4.451376829087E+01,6.655548071001E-01,1.292836482959E+01
5,0.4870,4.426137359498E+01,6.566109271453E-01,1.290181787922E+01
5,0.4880,4.400960261257E+01,6.477037024362E-01,1.287537972783E+01
5,0.4890,4.375844810831E+01,6.388329080940E-01,1.284904970793E+01
5,0.4900,4.350790285743E+01,6.299983210756E-01,1.282282715751E+01
5,0.4910,4.327854643785E+01,6.223603818808E-01,1.279671141992E+01
5,0.4920,4.304976745537E+01,6.147534912194E-01,1.277070184386E+01
5,0.4930,4.282155980227E+01,6.071774601550E-01,1.274479778333E+01
5,0.4940,4.259391738935E+01,5.996321012811E-01,1.271899859753E+01
5,0.4950,4.236683414225E+01,5.921172287057E-01,1.269330365087E+01
5,0.4960,4.214030400319E+01,5.846326580358E-01,1.266771231286E+01
5,0.4970,4.191432092793E+01,5.771782063626E-01,1.264222395811E+01
5,0.4980,4.168887888590E+01,5.697536922463E-01,1.261683796622E+01
5,0.4990,4.146397186028E+01,5.623589357017E-01,1.259155372180E+01
5,0.5000,4.123959384613E+01,5.549937581832E-01,1.256637061436E+01
5,0.5010,4.102046940063E+01,5.478686762100E-01,1.254128803828E+01
5,0.5020,4.080185873668E+01,5.407719810176E-01,1.251630539279E+01
5,0.5030,4.058375612276E+01,5.337035033011E-01,1.249142208187E+01
5,0.5040,4.036615584019E+01,5.266630750993E-01,1.246663751425E+01
5,0.5050,4.014905217865E+01,5.196505297815E-01,1.244195110333E+01
5,0.5060,3.993243944020E+01,5.126657020341E-01,1.241736226715E+01
5,0.5070,3.971631193329E+01,5.057084278479E-01,1.239287042836E+01
5,0.5080,3.950066397670E+01,4.987785445049E-01,1.236847501413E+01
5,0.5090,3.928548989596E+01,4.918758905661E-01,1.234417545615E+01
5,0.5100,3.907078402462E+01,4.850003058583E-01,1.231997119055E+01
5,0.5110,3.886440207660E+01,4.804214475246E-01,1.229586165789E+01
5,0.5120,3.865847351881E+01,4.758604753562E-01,1.227184630309E+01
5,0.5130,3.845299310647E+01,4.713172847558E-01,1.224792457540E+01
5,0.5140,3.824795560455E+01,4.667917719397E-01,1.222409592836E+01
5,0.5150,3.804335578305E+01,4.622838339308E-01,1.220035981977E+01
5,0.5160,3.783918842098E+01,4.577933685497E-01,1.217671571159E+01
5,0.5170,3.763544829983E+01,4.533202744081E-01,1.215316306998E+01
5,0.5180,3.743213020901E+01,4.488644509002E-01,1.212970136521E+01
5,0.5190,3.722922894045E+01,4.444257981958E-01,1.210633007164E+01
5,0.5200,3.702673928978E+01,4.400042172326E-01,1.208304866765E+01
5,0.5210,3.683407214645E+01,4.351714847982E-01,1.205985663566E+01
5,0.5220,3.664180384586E+01,4.303572685800E-01,1.203675346203E+01
5,0.5230,3.644992967622E+01,4.255614623665E-01,1.201373863705E+01
5,0.5240,3.625844492834E+01,4.207839607569E-01,1.199081165492E+01
5,0.5250,3.606734490098E+01,4.160246591534E-01,1.196797201368E+01
5,0.5260,3.587662489449E+01,4.112834537537E-01,1.194521921517E+01
5,0.5270,3.568628021563E+01,4.065602415434E-01,1.192255276505E+01
5,0.5280,3.549630617109E+01,4.018549202884E-01,1.189997217269E+01
5,0.5290,3.530669807412E+01,3.971673885278E-01,1.187747695119E+01
5,0.5300,3.511745123754E+01,3.924975455662E-01,1.185506661732E+01
5,0.5310,3.493326429073E+01,3.884298288572E-01,1.183274069149E+01
5,0.5320,3.474942901237E+01,3.843774043163E-01,1.181049869771E+01
5,0.5330,3.456594095925E+01,3.803401858712E-01,1.178834016356E+01
5,0.5340,3.438279569363E+01,3.763180880945E-01,1.176626462019E+01
5,0.5350,3.419998877462E+01,3.723110261973E-01,1.174427160220E+01
5,0.5360,3.401751576507E+01,3.683189160236E-01,1.172236064772E+01
5,0.5370,3.383537222817E+01,3.643416740442E-01,1.170053129829E+01
5,0.5380,3.365355372640E+01,3.603792173510E-01,1.167878309885E+01
5,0.5390,3.347205582215E+01,3.564314636510E-01,1.165711559774E+01
5,0.5400,3.329087407544E+01,3.524983312611E-01,1.163552834663E+01
5,0.5410,3.311627663473E+01,3.491441805176E-01,1.161402090052E+01
5,0.5420,3.294198761559E+01,3.458024067141E-01,1.159259281767E+01
5,0.5430,3.276800289996E+01,3.424729414697E-01,1.157124365963E+01
5,0.5440,3.259431836823E+01,3.391557169064E-01,1.154997299114E+01
5,0.5450,3.242092990087E+01,3.358506656442E-01,1.152878038015E+01
5,0.5460,3.224783337708E+01,3.325577207969E-01,1.150766539776E+01
5,0.5470,3.207502467302E+01,3.292768159674E-01,1.148662761824E+01
5,0.5480,3.190249966675E+01,3.260078852430E-01,1.146566661894E+01
5,0.5490,3.173025422748E+01,3.227508631916E-01,1.144478198029E+01
5,0.5500,3.155828422724E+01,3.195056848567E-01,1.142397328578E+01
5,0.5510,3.139129601641E+01,3.164057036630E-01,1.140324012192E+01
5,0.5520,3.122457688545E+01,3.133169542852E-01,1.138258207822E+01
5,0.5530,3.105812293938E+01,3.102393757912E-01,1.136199874716E+01
5,0.5540,3.089193028147E+01,3.071729076889E-01,1.134148972415E+01
5,0.5550,3.072599501186E+01,3.041174899221E-01,1.132105460753E+01
5,0.5560,3.056031322771E+01,3.010730628667E-01,1.130069299852E+01
5,0.5570,3.039488102244E+01,2.980395673267E-01,1.128040450122E+01
5,0.5580,3.022969448375E+01,2.950169445307E-01,1.126018872254E+01
5,0.5590,3.006474969470E+01,2.920051361274E-01,1.124004527224E+01
5,0.5600,2.990004273547E+01,2.890040841827E-01,1.121997376282E+01
5,0.5610,2.973871782706E+01,2.866666896486E-01,1.119997380959E+01
5,0.5620,2.957762497313E+01,2.843376132444E-01,1.118004503057E+01
5,0.5630,2.941676040565E+01,2.820168106464E-01,1.116018704650E+01
5,0.5640,2.925612034850E+01,2.797042378447E-01,1.114039948081E+01
5,0.5650,2.909570102224E+01,2.773998511415E-01,1.112068195961E+01
5,0.5660,2.893549863967E+01,2.751036071475E-01,1.110103411162E+01
5,0.5670,2.877550940617E+01,2.728154627795E-01,1.108145556822E+01
5,0.5680,2.861572952218E+01,2.705353752579E-01,1.106194596334E+01
5,0.5690,2.845615517953E+01,2.682633021037E-01,1.104250493353E+01
5,0.5700,2.829678256047E+01,2.659992011361E-01,1.102313211786E+01
5,0.5710,2.814234839259E+01,2.637650381238E-01,1.100382715793E+01
5,0.5720,2.798811266455E+01,2.615386868703E-01,1.098458969787E+01
5,0.5730,2.783407179797E+01,2.593201064764E-01,1.096541938426E+01
5,0.5740,2.768022221003E+01,2.571092563277E-01,1.094631586617E+01
5,0.5750,2.752656030890E+01,2.549060960926E-01,1.092727879509E+01
5,0.5760,2.737308249434E+01,2.527105857194E-01,1.090830782496E+01
5,0.5770,2.721978516013E+01,2.505226854341E-01,1.088940261210E+01
5,0.5780,2.706666469185E+01,2.483423557381E-01,1.087056281519E+01
5,0.5790,2.691371746293E+01,2.461695574055E-01,1.085178809530E+01
5,0.5800,2.676093984132E+01,2.440042514809E-01,1.083307811583E+01
5,0.5810,2.661150454875E+01,2.420237559709E-01,1.081443254248E+01
5,0.5820,2.646223531327E+01,2.400500662874E-01,1.079585104326E+01
5,0.5830,2.631312865378E+01,2.380831474090E-01,1.077733328847E+01
5,0.5840,2.616418108305E+01,2.361229645541E-01,1.075887895065E+01
5,0.5850,2.601538910194E+01,2.341694831791E-01,1.074048770458E+01
5,0.5860,2.586674920465E+01,2.322226689760E-01,1.072215922727E+01
5,0.5870,2.571825787276E+01,2.302824878708E-01,1.070389319792E+01
5,0.5880,2.556991158175E+01,2.283489060209E-01,1.068568929792E+01
5,0.5890,2.542170679382E+01,2.264218898141E-01,1.066754721083E+01
5,0.5900,2.527363996059E+01,2.245014058655E-01,1.064946662234E+01
5,0.5910,2.512890445408E+01,2.229021118543E-01,1.063144722027E+01
5,0.5920,2.498430444459E+01,2.213082208635E-01,1.061348869456E+01
5,0.5930,2.483983654214E+01,2.197197055589E-01,1.059559073723E+01
5,0.5940,2.469549734764E+01,2.181365387908E-01,1.057775304239E+01
5,0.5950,2.455128345211E+01,2.165586935916E-01,1.055997530618E+01
5,0.5960,2.440719143559E+01,2.149861431749E-01,1.054225722681E+01
5,0.5970,2.426321786994E+01,2.134188609339E-01,1.052459850449E+01
5,0.5980,2.411935931360E+01,2.118568204394E-01,1.050699884144E+01
5,0.5990,2.397561231811E+01,2.102999954392E-01,1.048945794187E+01
5,0.6000,2.383197342083E+01,2.087483598555E-01,1.047197551197E+01
5,0.6010,2.369005023590E+01,2.068453875867E-01,1.045455125987E+01
5,0.6020,2.354823104445E+01,2.049487374849E-01,1.043718489565E+01
5,0.6030,2.340651245445E+01,2.030583780965E-01,1.041987613131E+01
5,0.6040,2.326489105886E+01,2.011742781763E-01,1.040262468076E+01
5,0.6050,2.312336344534E+01,1.992964066856E-01,1.038543025980E+01
5,0.6060,2.298192618881E+01,1.974247327905E-01,1.036829258610E+01
5,0.6070,2.284057585448E+01,1.955592258606E-01,1.035121137921E+01
5,0.6080,2.269930899747E+01,1.936998554665E-01,1.033418636049E+01
5,0.6090,2.255812216279E+01,1.918465913792E-01,1.031721725317E+01
5,0.6100,2.241701188586E+01,1.899994035676E-01,1.030030378226E+01
5,0.6110,2.227922777963E+01,1.885788551254E-01,1.028344567460E+01
5,0.6120,2.214152004198E+01,1.871629489983E-01,1.026664265879E+01
5,0.6130,2.200388538540E+01,1.857516624670E-01,1.024989446522E+01
5,0.6140,2.186632051467E+01,1.843449729604E-01,1.023320082603E+01
5,0.6150,2.172882212897E+01,1.829428580537E-01,1.021656147509E+01
5,0.6160,2.159138691880E+01,1.815452954681E-01,1.019997614802E+01
5,0.6170,2.145401157134E+01,1.801522630692E-01,1.018344458214E+01
5,0.6180,2.131669276514E+01,1.787637388658E-01,1.016696651647E+01
5,0.6190,2.117942717459E+01,1.773797010088E-01,1.015054169173E+01
5,0.6200,2.104221146805E+01,1.760001277900E-01,1.013416985029E+01
5,0.6210,2.090668674304E+01,1.747828361126E-01,1.011785073620E+01
5,0.6220,2.077120914966E+01,1.735694585564E-01,1.010158409514E+01
5,0.6230,2.063577545048E+01,1.723599762732E-01,1.008536967445E+01
5,0.6240,2.050038241195E+01,1.711543705359E-01,1.006920722304E+01
5,0.6250,2.036502679168E+01,1.699526227368E-01,1.005309649149E+01
5,0.6260,2.022970535514E+01,1.687547143877E-01,1.003703723192E+01
5,0.6270,2.009441486889E+01,1.675606271177E-01,1.002102919805E+01
5,0.6280,1.995915210193E+01,1.663703426735E-01,1.000507214519E+01
5,0.6290,1.982391382573E+01,1.651838429175E-01,9.989165830174E+00
5,0.6300,1.968869682152E+01,1.640011098274E-01,9.973310011396E+00
5,0.6310,1.955516313518E+01,1.627335037055E-01,9.957504448779E+00
5,0.6320,1.942164880479E+01,1.614699089954E-01,9.941748903765E+00
5,0.6330,1.928815074404E+01,1.602103066856E-01,9.926043139304E+00
5,0.6340,1.915466587854E+01,1.589546778847E-01,9.910386919842E+00
5,0.6350,1.902119115031E+01,1.577030038202E-01,9.894780011306E+00
5,0.6360,1.888772352209E+01,1.564552658376E-01,9.879222181100E+00
5,0.6370,1.875425997393E+01,1.552114453998E-01,9.863713198084E+00
5,0.6380,1.862079751479E+01,1.539715240855E-01,9.848252832570E+00
5,0.6390,1.848733318047E+01,1.527354835892E-01,9.832840856306E+00
5,0.6400,1.835386403654E+01,1.515033057194E-01,9.817477042468E+00
5,0.6410,1.822207605832E+01,1.502857547756E-01,9.802161165647E+00
5,0.6420,1.809028253522E+01,1.490719968254E-01,9.786893001837E+00
5,0.6430,1.795848074287E+01,1.478620141721E-01,9.771672328429E+00
5,0.6440,1.782666800278E+01,1.466557892289E-01,9.756498924192E+00
5,0.6450,1.769484168820E+01,1.454533045181E-01,9.741372569271E+00
5,0.6460,1.756299922626E+01,1.442545426701E-01,9.726293045170E+00
5,0.6470,1.743113811573E+01,1.430594864230E-01,9.711260134744E+00
5,0.6480,1.729925591821E+01,1.418681186210E-01,9.696273622191E+00
5,0.6490,1.716735027397E+01,1.406804222144E-01,9.681333293035E+00
5,0.6500,1.703541891293E+01,1.394963802583E-01,9.666438934122E+00
5,0.6510,1.690517445538E+01,1.383816067262E-01,9.651590333609E+00
5,0.6520,1.677490540994E+01,1.372702527448E-01,9.636787280950E+00
5,0.6530,1.664460986421E+01,1.361623026040E-01,9.622029566891E+00
5,0.6540,1.651428602500E+01,1.350577406900E-01,9.607316983455E+00
5,0.6550,1.638393222254E+01,1.339565514841E-01,9.592649323938E+00
5,0.6560,1.625354693236E+01,1.328587195624E-01,9.578026382896E+00
5,0.6570,1.612312877759E+01,1.317642295948E-01,9.563447956133E+00
5,0.6580,1.599267655459E+01,1.306730663444E-01,9.548913840698E+00
5,0.6590,1.586218924013E+01,1.295852146669E-01,9.534423834870E+00
5,0.6600,1.573166601456E+01,1.285006595096E-01,9.519977738151E+00
5,0.6610,1.560284810658E+01,1.275885851522E-01,9.505575351255E+00
5,0.6620,1.547399869597E+01,1.266792663065E-01,9.491216476102E+00
5,0.6630,1.534511764682E+01,1.257726905041E-01,9.476900915806E+00
5,0.6640,1.521620509351E+01,1.248688453517E-01,9.462628474668E+00
5,0.6650,1.508726146147E+01,1.239677185306E-01,9.448398958165E+00
5,0.6660,1.495828750176E+01,1.230692977960E-01,9.434212172942E+00
5,0.6670,1.482928431176E+01,1.221735709767E-01,9.420067926806E+00
5,0.6680,1.470025337200E+01,1.212805259742E-01,9.405966028712E+00
5,0.6690,1.457119658592E+01,1.203901507625E-01,9.391906288759E+00
5,0.6700,1.444211631157E+01,1.195024333871E-01,9.377888518178E+00
5,0.6710,1.431301540904E+01,1.185396414913E-01,9.363912529329E+00
5,0.6720,1.418389728617E+01,1.175797150475E-01,9.349978135684E+00
5,0.6730,1.405476595287E+01,1.166226412826E-01,9.336085151827E+00
5,0.6740,1.392562607607E+01,1.156684074991E-01,9.322233393442E+00
5,0.6750,1.379648304344E+01,1.147170010751E-01,9.308422677303E+00
5,0.6760,1.366734303532E+01,1.137684094629E-01,9.294652821272E+00
5,0.6770,1.353821309646E+01,1.128226201894E-01,9.280923644283E+00
5,0.6780,1.340910123240E+01,1.118796208547E-01,9.267234966342E+00
5,0.6790,1.328001649180E+01,1.109393991321E-01,9.253586608512E+00
5,0.6800,1.315096907768E+01,1.100019427676E-01,9.239978392911E+00
5,0.6810,1.302375526955E+01,1.091908734748E-01,9.226410142701E+00
5,0.6820,1.289660477761E+01,1.083821826843E-01,9.212881682082E+00
5,0.6830,1.276953127955E+01,1.075758599489E-01,9.199392836281E+00
5,0.6840,1.264255004672E+01,1.067718948823E-01,9.185943431549E+00
5,0.6850,1.251567811170E+01,1.059702771589E-01,9.172533295153E+00
5,0.6860,1.238893445810E+01,1.051709965134E-01,9.159162255364E+00
5,0.6870,1.226234022399E+01,1.043740427403E-01,9.145830141455E+00
5,0.6880,1.213591893481E+01,1.035794056933E-01,9.132536783691E+00
5,0.6890,1.200969677322E+01,1.027870752850E-01,9.119282013323E+00
5,0.6900,1.188370286475E+01,1.019970414865E-01,9.106065662579E+00
5,0.6910,1.176152553946E+01,1.012374822786E-01,9.092887564659E+00
5,0.6920,1.163963205032E+01,1.004801183286E-01,9.079747553728E+00
5,0.6930,1.151805853716E+01,9.972494013304E-02,9.066645464906E+00
5,0.6940,1.139684512724E+01,9.897193824355E-02,9.053581134265E+00
5,0.6950,1.127603639955E+01,9.822110326597E-02,9.040554398820E+00
5,0.6960,1.115568191099E+01,9.747242586017E-02,9.027565096522E+00
5,0.6970,1.103583681463E+01,9.672589673961E-02,9.014613066255E+00
5,0.6980,1.091656255157E+01,9.598150667096E-02,9.001698147822E+00
5,0.6990,1.079792765219E+01,9.523924647376E-02,8.988820181945E+00
5,0.7000,1.068000866453E+01,9.449910701998E-02,8.975979010257E+00
5,0.7010,1.056118454031E+01,9.394213535809E-02,8.963174475292E+00
5,0.7020,1.044328633480E+01,9.338675051004E-02,8.950406420484E+00
5,0.7030,1.032642768682E+01,9.283294570424E-02,8.937674690156E+00
5,0.7040,1.021073677737E+01,9.228071420755E-02,8.924979129516E+00
5,0.7050,1.009635856322E+01,9.173004932503E-02,8.912319584652E+00
5,0.7060,9.983457470524E+00,9.118094439968E-02,8.899695902521E+00
5,0.7070,9.872220632201E+00,9.063339281218E-02,8.887107930947E+00
5,0.7080,9.762861841091E+00,9.008738798057E-02,8.874555518615E+00
5,0.7090,9.655626396729E+00,8.954292336005E-02,8.862038515063E+00
5,0.7100,9.550797145704E+00,8.899999244268E-02,8.849556770675E+00
5,0.7110,9.451569012639E+00,8.849367208440E-02,8.837110136680E+00
5,0.7120,9.355250687904E+00,8.798877397431E-02,8.824698465140E+00
5,0.7130,9.262246229312E+00,8.748529212820E-02,8.812321608948E+00
5,0.7140,9.173032194443E+00,8.698322059539E-02,8.799979421820E+00
5,0.7150,9.088176217103E+00,8.648255345848E-02,8.787671758293E+00
5,0.7160,9.008362414175E+00,8.598328483312E-02,8.775398473715E+00
5,0.7170,8.934427105739E+00,8.548540886780E-02,8.763159424239E+00
5,0.7180,8.867410658323E+00,8.498891974362E-02,8.750954466824E+00
5,0.7190,8.808635673071E+00,8.449381167402E-02,8.738783459221E+00
5,0.7200,8.759830523764E+00,8.400007890461E-02,8.726646259972E+00
5,0.7210,8.723336148990E+00,8.329133361698E-02,8.714542728404E+00
5,0.3000,9.718439609146E+01,8.867668863533E+01,2.094395102393E+01
5,0.3010,9.713754945508E+01,8.705447177761E+01,2.087436979129E+01
5,0.3020,9.709101023990E+01,8.544299807790E+01,2.080524936152E+01
5,0.3030,9.704477542665E+01,8.384216116828E+01,2.073658517221E+01
5,0.3040,9.699884203597E+01,8.225185608043E+01,2.066837272099E+01
5,0.3050,9.695320712684E+01,8.067197922267E+01,2.060060756452E+01
5,0.3060,9.690786779708E+01,7.910242835745E+01,2.053328531758E+01
5,0.3070,9.686282118149E+01,7.754310257929E+01,2.046640165205E+01
5,0.3080,9.681806445214E+01,7.599390229320E+01,2.039995229604E+01
5,0.3090,9.677359481664E+01,7.445472919343E+01,2.033393303294E+01
5,0.3100,9.672940951941E+01,7.292548624268E+01,2.026833970058E+01
5,0.3110,9.635178453353E+01,7.209500568704E+01,2.020316819029E+01
5,0.3120,9.597638765959E+01,7.126984872471E+01,2.013841444609E+01
5,0.3130,9.560319715455E+01,7.044996433082E+01,2.007407446383E+01
5,0.3140,9.523219155012E+01,6.963530213053E+01,2.001014429038E+01
5,0.3150,9.486334964946E+01,6.882581238864E+01,1.994662002279E+01
5,0.3160,9.449665052020E+01,6.802144599956E+01,1.988349780753E+01
5,0.3170,9.413207349348E+01,6.722215447729E+01,1.982077383968E+01
5,0.3180,9.376959815708E+01,6.642788994572E+01,1.975844436220E+01
5,0.3190,9.340920435300E+01,6.563860512908E+01,1.969650566514E+01
5,0.3200,9.305087217346E+01,6.485425334254E+01,1.963495408494E+01
5,0.3210,9.288876058001E+01,6.425486731426E+01,1.957378600367E+01
5,0.3220,9.272761600368E+01,6.365920418057E+01,1.951299784838E+01
5,0.3230,9.256742962553E+01,6.306722936349E+01,1.945258609034E+01
5,0.3240,9.240819273397E+01,6.247890871195E+01,1.939254724438E+01
5,0.3250,9.224989672472E+01,6.189420849519E+01,1.933287786824E+01
5,0.3260,9.209253309764E+01,6.131309539632E+01,1.927357456190E+01
5,0.3270,9.193609345512E+01,6.073553650601E+01,1.921463396691E+01
5,0.3280,9.178056950184E+01,6.016149931624E+01,1.915605276579E+01
5,0.3290,9.162595304281E+01,5.959095171426E+01,1.909782768140E+01
5,0.3300,9.147223598016E+01,5.902386197654E+01,1.903995547630E+01
5,0.3310,9.136659445148E+01,5.861205822652E+01,1.898243295220E+01
5,0.3320,9.126157145517E+01,5.820273522199E+01,1.892525694934E+01
5,0.3330,9.115716151841E+01,5.779587061388E+01,1.886842434588E+01
5,0.3340,9.105335923289E+01,5.739144232079E+01,1.881193205742E+01
5,0.3350,9.095015925474E+01,5.698942852497E+01,1.875577703636E+01
5,0.3360,9.084755630246E+01,5.658980766841E+01,1.869995627137E+01
5,0.3370,9.074554515679E+01,5.619255844899E+01,1.864446678688E+01
5,0.3380,9.064412065950E+01,5.579765981666E+01,1.858930564254E+01
5,0.3390,9.054327771253E+01,5.540509096977E+01,1.853446993268E+01
5,0.3400,9.044301127710E+01,5.501483135139E+01,1.847995678582E+01
5,0.3410,9.051681988810E+01,5.478163705799E+01,1.842576336416E+01
5,0.3420,9.059018967148E+01,5.454980647391E+01,1.837188686310E+01
5,0.3430,9.066312453830E+01,5.431932767166E+01,1.831832451073E+01
5,0.3440,9.073562835290E+01,5.409018886245E+01,1.826507356738E+01
5,0.3450,9.080770493443E+01,5.386237839416E+01,1.821213132516E+01
5,0.3460,9.087935805577E+01,5.363588474938E+01,1.815949510746E+01
5,0.3470,9.095059144703E+01,5.341069654348E+01,1.810716226853E+01
5,0.3480,9.102140879364E+01,5.318680252267E+01,1.805513019304E+01
5,0.3490,9.109181373745E+01,5.296419156215E+01,1.800339629564E+01
5,0.3500,9.116180987880E+01,5.274285266427E+01,1.795195802051E+01
5,0.3510,9.188708404440E+01,5.264271040272E+01,1.790081284097E+01
5,0.3520,9.260745071163E+01,5.254313713129E+01,1.784995825903E+01
5,0.3530,9.332297549850E+01,5.244412801437E+01,1.779939180504E+01
5,0.3540,9.403372231762E+01,5.234567827100E+01,1.774911103723E+01
5,0.3550,9.473975344702E+01,5.224778317407E+01,1.769911354135E+01
5,0.3560,9.544112959970E+01,5.215043804959E+01,1.764939693028E+01
5,0.3570,9.613790998734E+01,5.205363827595E+01,1.759995884364E+01
5,0.3580,9.683015238095E+01,5.195737928317E+01,1.755079694743E+01
5,0.3590,9.751791316972E+01,5.186165655219E+01,1.750190893365E+01
5,0.3600,9.820124741270E+01,5.176646561415E+01,1.745329251994E+01
5,0.3610,9.949988413507E+01,5.023937503926E+01,1.740494544925E+01
5,0.3620,1.007892917517E+02,4.872072142888E+01,1.735686548945E+01
5,0.3630,1.020696384202E+02,4.721043505601E+01,1.730905043300E+01
5,0.3640,1.033410849943E+02,4.570844695992E+01,1.726149809665E+01
5,0.3650,1.046037855266E+02,4.421468893559E+01,1.721420632104E+01
5,0.3660,1.058578877263E+02,4.272909352342E+01,1.716717297044E+01
5,0.3670,1.071035333800E+02,4.125159399904E+01,1.712039593237E+01
5,0.3680,1.083408587358E+02,3.978212436339E+01,1.707387311734E+01
5,0.3690,1.095699948557E+02,3.832061933281E+01,1.702760245848E+01
5,0.3700,1.107910679399E+02,3.686701432942E+01,1.698158191130E+01
5,0.3710,1.099658314834E+02,3.469300566511E+01,1.693580945331E+01
5,0.3720,1.091443920596E+02,3.253068521943E+01,1.689028308382E+01
5,0.3730,1.083267099936E+02,3.037995898525E+01,1.684500082354E+01
5,0.3740,1.075127458487E+02,2.824073396088E+01,1.679996071438E+01
5,0.3750,1.067024604202E+02,2.611291813664E+01,1.675516081915E+01
5,0.3760,1.058958147257E+02,2.399642048168E+01,1.671059922122E+01
5,0.3770,1.050927699988E+02,2.189115093098E+01,1.666627402435E+01
5,0.3780,1.042932876782E+02,1.979702037262E+01,1.662218335233E+01
5,0.3790,1.034973294026E+02,1.771394063515E+01,1.657832534876E+01
5,0.3800,1.027048569991E+02,1.564182447524E+01,1.653469817679E+01
5,0.3810,1.013848933765E+02,1.477455568688E+01,1.649130001884E+01
5,0.3820,1.000697966814E+02,1.391182757281E+01,1.644812907639E+01
5,0.3830,9.875946508990E+01,1.305360456638E+01,1.640518356966E+01
5,0.3840,9.745379505300E+01,1.219985147144E+01,1.636246173745E+01
5,0.3850,9.615268115929E+01,1.135053345752E+01,1.631996183683E+01
5,0.3860,9.485601598775E+01,1.050561605506E+01,1.627768214295E+01
5,0.3870,9.356368995209E+01,9.665065150811E+00,1.623562094878E+01
5,0.3880,9.227559113447E+01,8.828846983181E+00,1.619377656490E+01
5,0.3890,9.099160510259E+01,7.996928137750E+00,1.615214731923E+01
5,0.3900,8.971161472110E+01,7.169275542807E+00,1.611073155687E+01
5,0.3910,8.869899936217E+01,6.911503837898E+00,1.606952763985E+01
5,0.3920,8.768982631679E+01,6.655047294747E+00,1.602853394689E+01
5,0.3930,8.668402391762E+01,6.399895873954E+00,1.598774887323E+01
5,0.3940,8.568151952933E+01,6.146039638038E+00,1.594717083041E+01
5,0.3950,8.468223947798E+01,5.893468750152E+00,1.590679824602E+01
5,0.3960,8.368610897465E+01,5.642173472811E+00,1.586662956358E+01
5,0.3970,8.269305203579E+01,5.392144166640E+00,1.582666324227E+01
5,0.3980,8.170299139889E+01,5.143371289143E+00,1.578689775673E+01
5,0.3990,8.071584843446E+01,4.895845393489E+00,1.574733159694E+01
5,0.4000,7.973154304877E+01,4.649557127313E+00,1.570796326795E+01
5,0.4010,7.899800873989E+01,4.529847561859E+00,1.566879128972E+01
5,0.4020,7.826689751905E+01,4.410733566383E+00,1.562981419696E+01
5,0.4030,7.753816685132E+01,4.292210707361E+00,1.559103053891E+01
5,0.4040,7.681177391735E+01,4.174274595166E+00,1.555243887916E+01
5,0.4050,7.608767558958E+01,4.056920883525E+00,1.551403779551E+01
5,0.4060,7.536582840635E+01,3.940145268985E+00,1.547582587975E+01
5,0.4070,7.464618854860E+01,3.823943490389E+00,1.543780173754E+01
5,0.4080,7.392871181020E+01,3.708311328355E+00,1.539996398819E+01
5,0.4090,7.321335357417E+01,3.593244604766E+00,1.536231126450E+01
5,0.4100,7.250006877954E+01,3.478739182268E+00,1.532484221263E+01
5,0.4110,7.191287916861E+01,3.392308563657E+00,1.528755549192E+01
5,0.4120,7.132754044621E+01,3.306297511157E+00,1.525044977471E+01
5,0.4130,7.074402244956E+01,3.220702977070E+00,1.521352374620E+01
5,0.4140,7.016229489469E+01,3.135521943148E+00,1.517677610430E+01
5,0.4150,6.958232736732E+01,3.050751420233E+00,1.514020555947E+01
5,0.4160,6.900408930800E+01,2.966388447909E+00,1.510381083457E+01
5,0.4170,6.842755000247E+01,2.882430094157E+00,1.506759066470E+01
5,0.4180,6.785267856554E+01,2.798873455016E+00,1.503154379708E+01
5,0.4190,6.727944392683E+01,2.715715654249E+00,1.499566899088E+01
5,0.4200,6.670781482081E+01,2.632953843009E+00,1.495996501709E+01
5,0.4210,6.620800374371E+01,2.569986959374E+00,1.492443065838E+01
5,0.4220,6.570967133449E+01,2.507318496988E+00,1.488906470896E+01
5,0.4230,6.521279375786E+01,2.444946339389E+00,1.485386597442E+01
5,0.4240,6.471734710655E+01,2.382868390081E+00,1.481883327165E+01
5,0.4250,6.422330739158E+01,2.321082572299E+00,1.478396542866E+01
5,0.4260,6.373065053303E+01,2.259586828779E+00,1.474926128446E+01
5,0.4270,6.323935235127E+01,2.198379121528E+00,1.471471968895E+01
5,0.4280,6.274938856046E+01,2.137457431601E+00,1.468033950276E+01
5,0.4290,6.226073475582E+01,2.076819758877E+00,1.464611959716E+01
5,0.4300,6.177336640885E+01,2.016464121839E+00,1.461205885391E+01
5,0.4310,6.134354340276E+01,1.966593266679E+00,1.457815616515E+01
5,0.4320,6.091491759819E+01,1.916953295107E+00,1.454441043329E+01
5,0.4330,6.048747000855E+01,1.867542607469E+00,1.451082057085E+01
5,0.4340,6.006118159936E+01,1.818359618852E+00,1.447738550041E+01
5,0.4350,5.963603329103E+01,1.769402758918E+00,1.444410415444E+01
5,0.4360,5.921200594504E+01,1.720670471737E+00,1.441097547518E+01
5,0.4370,5.878908036268E+01,1.672161215618E+00,1.437799841460E+01
5,0.4380,5.836723728027E+01,1.623873462951E+00,1.434517193420E+01
5,0.4390,5.794645735690E+01,1.575805700047E+00,1.431249500496E+01
5,0.4400,5.752672117508E+01,1.527956426973E+00,1.427996660723E+01
5,0.4410,5.713520580351E+01,1.495002020225E+00,1.424758573057E+01
5,0.4420,5.674468390678E+01,1.462196728440E+00,1.421535137371E+01
5,0.4430,5.635513855634E+01,1.429539541810E+00,1.418326254442E+01
5,0.4440,5.596655277071E+01,1.397029459624E+00,1.415131825941E+01
5,0.4450,5.557890951073E+01,1.364665490167E+00,1.411951754422E+01
5,0.4460,5.519219167474E+01,1.332446650618E+00,1.408785943314E+01
5,0.4470,5.480638209228E+01,1.300371966950E+00,1.405634296908E+01
5,0.4480,5.442146351908E+01,1.268440473834E+00,1.402496720353E+01
5,0.4490,5.403741863257E+01,1.236651214541E+00,1.399373119639E+01
5,0.4500,5.365423002399E+01,1.205003240845E+00,1.396263401595E+01
5,0.4510,5.330073538592E+01,1.181543941427E+00,1.393167473876E+01
5,0.4520,5.294806053442E+01,1.158188444218E+00,1.390085244951E+01
5,0.4530,5.259619071418E+01,1.134936061787E+00,1.387016624101E+01
5,0.4540,5.224511111732E+01,1.111786112760E+00,1.383961521405E+01
5,0.4550,5.189480688139E+01,1.088737921749E+00,1.380919847732E+01
5,0.4560,5.154526308376E+01,1.065790819296E+00,1.377891514732E+01
5,0.4570,5.119646473648E+01,1.042944141799E+00,1.374876434831E+01
5,0.4580,5.084839678105E+01,1.020197231453E+00,1.371874521218E+01
5,0.4590,5.050104408836E+01,9.975494361844E-01,1.368885687839E+01
5,0.4600,5.015439144735E+01,9.750001095908E-01,1.365909849387E+01
5,0.4610,4.983219113197E+01,9.602165502576E-01,1.362946921297E+01
5,0.4620,4.951066684976E+01,9.454969890167E-01,1.359996819736E+01
5,0.4630,4.918980552724E+01,9.308410111938E-01,1.357059461594E+01
5,0.4640,4.886959403924E+01,9.162482056890E-01,1.354134764478E+01
5,0.4650,4.855001920348E+01,9.017181649391E-01,1.351222646705E+01
5,0.4660,4.823106777945E+01,8.872504848791E-01,1.348323027292E+01
5,0.4670,4.791272646156E+01,8.728447649050E-01,1.345435825949E+01
5,0.4680,4.759498187599E+01,8.585006078367E-01,1.342560963073E+01
5,0.4690,4.727782057856E+01,8.442176198818E-01,1.339698359740E+01
5,0.4700,4.696122904742E+01,8.299954105990E-01,1.336847937698E+01
5,0.4710,4.666560403857E+01,8.187857561508E-01,1.334009619359E+01
5,0.4720,4.637053408655E+01,8.076236002383E-01,1.331183327792E+01
5,0.4730,4.607600747963E+01,7.965086416024E-01,1.328368986719E+01
5,0.4740,4.578201244796E+01,7.854405815261E-01,1.325566520502E+01
5,0.4750,4.548853716807E+01,7.744191238081E-01,1.322775854143E+01
5,0.4760,4.519556975516E+01,7.634439747359E-01,1.319996913273E+01
5,0.4770,4.490309826184E+01,7.525148430602E-01,1.317229624147E+01
5,0.4780,4.461111067032E+01,7.416314399690E-01,1.314473913636E+01
5,0.4790,4.431959489619E+01,7.307934790619E-01,1.311729709223E+01
5,0.4800,4.402853877750E+01,7.200006763252E-01,1.308996938996E+01
5,0.4810,4.375329268431E+01,7.108320372249E-01,1.306275531638E+01
5,0.4820,4.347849670425E+01,7.017014422703E-01,1.303565416427E+01
5,0.4830,4.320414000187E+01,6.926086551623E-01,1.300866523226E+01
5,0.4840,4.293021168184E+01,6.835534415547E-01,1.298178782475E+01
5,0.4850,4.265670078659E+01,6.745355690342E-01,1.295502125192E+01
5,0.4860,4.238359629351E+01,6.655548071001E-01,1.292836482959E+01
5,0.4870,4.211088710993E+01,6.566109271453E-01,1.290181787922E+01
5,0.4880,4.183856207434E+01,6.477037024362E-01,1.287537972783E+01
5,0.4890,4.156660994640E+01,6.388329080940E-01,1.284904970793E+01
5,0.4900,4.129501941029E+01,6.299983210756E-01,1.282282715751E+01
5,0.4910,4.104609180098E+01,6.223603818808E-01,1.279671141992E+01
5,0.4920,4.079753158737E+01,6.147534912194E-01,1.277070184386E+01
5,0.4930,4.054932946290E+01,6.071774601550E-01,1.274479778333E+01
5,0.4940,4.030147607080E+01,5.996321012811E-01,1.271899859753E+01
5,0.4950,4.005396200176E+01,5.921172287057E-01,1.269330365087E+01
5,0.4960,3.980677779415E+01,5.846326580358E-01,1.266771231286E+01
5,0.4970,3.955991392925E+01,5.771782063626E-01,1.264222395811E+01
5,0.4980,3.931336082753E+01,5.697536922463E-01,1.261683796622E+01
5,0.4990,3.906710885033E+01,5.623589357017E-01,1.259155372180E+01
5,0.5000,3.882114829320E+01,5.549937581832E-01,1.256637061436E+01
5,0.5010,3.858065234785E+01,5.478686762100E-01,1.254128803828E+01
5,0.5020,3.834043671642E+01,5.407719810176E-01,1.251630539279E+01
5,0.5030,3.810049202022E+01,5.337035033011E-01,1.249142208187E+01
5,0.5040,3.786080881540E+01,5.266630750993E-01,1.246663751425E+01
5,0.5050,3.762137759111E+01,5.196505297815E-01,1.244195110333E+01
5,0.5060,3.738218876468E+01,5.126657020341E-01,1.241736226715E+01
5,0.5070,3.714323268325E+01,5.057084278479E-01,1.239287042836E+01
5,0.5080,3.690449961604E+01,4.987785445049E-01,1.236847501413E+01
5,0.5090,3.666597975349E+01,4.918758905661E-01,1.234417545615E+01
5,0.5100,3.642766320672E+01,4.850003058583E-01,1.231997119055E+01
5,0.5110,3.619825942487E+01,4.804214475246E-01,1.229586165789E+01
5,0.5120,3.596905780479E+01,4.758604753562E-01,1.227184630309E+01
5,0.5130,3.574004916517E+01,4.713172847558E-01,1.224792457540E+01
5,0.5140,3.551122425135E+01,4.667917719397E-01,1.222409592836E+01
5,0.5150,3.528257373205E+01,4.622838339308E-01,1.220035981977E+01
5,0.5160,3.505408819922E+01,4.577933685497E-01,1.217671571159E+01
5,0.5170,3.482575816257E+01,4.533202744081E-01,1.215316306998E+01
5,0.5180,3.459757404657E+01,4.488644509002E-01,1.212970136521E+01
5,0.5190,3.436952619133E+01,4.444257981958E-01,1.210633007164E+01
5,0.5200,3.414160484780E+01,4.400042172326E-01,1.208304866765E+01
5,0.5210,3.392438695243E+01,4.351714847982E-01,1.205985663566E+01
5,0.5220,3.370730362507E+01,4.303572685800E-01,1.203675346203E+01
5,0.5230,3.349034606557E+01,4.255614623665E-01,1.201373863705E+01
5,0.5240,3.327350539896E+01,4.207839607569E-01,1.199081165492E+01
5,0.5250,3.305677267388E+01,4.160246591534E-01,1.196797201368E+01
5,0.5260,3.284013885874E+01,4.112834537537E-01,1.194521921517E+01
5,0.5270,3.262359484035E+01,4.065602415434E-01,1.192255276505E+01
5,0.5280,3.240713142124E+01,4.018549202884E-01,1.189997217269E+01
5,0.5290,3.219073931843E+01,3.971673885278E-01,1.187747695119E+01
5,0.5300,3.197440916074E+01,3.924975455662E-01,1.185506661732E+01
5,0.5310,3.176349893500E+01,3.884298288572E-01,1.183274069149E+01
5,0.5320,3.155264845815E+01,3.843774043163E-01,1.181049869771E+01
5,0.5330,3.134184874009E+01,3.803401858712E-01,1.178834016356E+01
5,0.5340,3.113109070933E+01,3.763180880945E-01,1.176626462019E+01
5,0.5350,3.092036520690E+01,3.723110261973E-01,1.174427160220E+01
5,0.5360,3.070966298937E+01,3.683189160236E-01,1.172236064772E+01
5,0.5370,3.049897472237E+01,3.643416740442E-01,1.170053129829E+01
5,0.5380,3.028829098367E+01,3.603792173510E-01,1.167878309885E+01
5,0.5390,3.007760225847E+01,3.564314636510E-01,1.165711559774E+01
5,0.5400,2.986689893881E+01,3.524983312611E-01,1.163552834663E+01
5,0.5410,2.966344953815E+01,3.491441805176E-01,1.161402090052E+01
5,0.5420,2.945999300110E+01,3.458024067141E-01,1.159259281767E+01
5,0.5430,2.925652037927E+01,3.424729414697E-01,1.157124365963E+01
5,0.5440,2.905302264819E+01,3.391557169064E-01,1.154997299114E+01
5,0.5450,2.884949070001E+01,3.358506656442E-01,1.152878038015E+01
5,0.5460,2.864591534812E+01,3.325577207969E-01,1.150766539776E+01
5,0.5470,2.844228732358E+01,3.292768159674E-01,1.148662761824E+01
5,0.5480,2.823859727640E+01,3.260078852430E-01,1.146566661894E+01
5,0.5490,2.803483577915E+01,3.227508631916E-01,1.144478198029E+01
5,0.5500,2.783099332022E+01,3.195056848567E-01,1.142397328578E+01
5,0.5510,2.763262652657E+01,3.164057036630E-01,1.140324012192E+01
5,0.5520,2.743418325538E+01,3.133169542852E-01,1.138258207822E+01
5,0.5530,2.723565451010E+01,3.102393757912E-01,1.136199874716E+01
5,0.5540,2.703703123339E+01,3.071729076889E-01,1.134148972415E+01
5,0.5550,2.683830430423E+01,3.041174899221E-01,1.132105460753E+01
5,0.5560,2.663946454096E+01,3.010730628667E-01,1.130069299852E+01
5,0.5570,2.644050271347E+01,2.980395673267E-01,1.128040450122E+01
5,0.5580,2.624140953280E+01,2.950169445307E-01,1.126018872254E+01
5,0.5590,2.604217566593E+01,2.920051361274E-01,1.124004527224E+01
5,0.5600,2.584279173928E+01,2.890040841827E-01,1.121997376282E+01
5,0.5610,2.564704335345E+01,2.866666896486E-01,1.119997380959E+01
5,0.5620,2.545114451845E+01,2.843376132444E-01,1.118004503057E+01
5,0.5630,2.525508627943E+01,2.820168106464E-01,1.116018704650E+01
5,0.5640,2.505885966559E+01,2.797042378447E-01,1.114039948081E+01
5,0.5650,2.486245570824E+01,2.773998511415E-01,1.112068195961E+01
5,0.5660,2.466586544588E+01,2.751036071475E-01,1.110103411162E+01
5,0.5670,2.446907993562E+01,2.728154627795E-01,1.108145556822E+01
5,0.5680,2.427209026845E+01,2.705353752579E-01,1.106194596334E+01
5,0.5690,2.407488758091E+01,2.682633021037E-01,1.104250493353E+01
5,0.5700,2.387746307612E+01,2.659992011361E-01,1.102313211786E+01
5,0.5710,2.368564727105E+01,2.637650381238E-01,1.100382715793E+01
5,0.5720,2.349362368714E+01,2.615386868703E-01,1.098458969787E+01
5,0.5730,2.330138449731E+01,2.593201064764E-01,1.096541938426E+01
5,0.5740,2.310892201113E+01,2.571092563277E-01,1.094631586617E+01
5,0.5750,2.291622868812E+01,2.549060960926E-01,1.092727879509E+01
5,0.5760,2.272329717058E+01,2.527105857194E-01,1.090830782496E+01
5,0.5770,2.253012031496E+01,2.505226854341E-01,1.088940261210E+01
5,0.5780,2.233669121978E+01,2.483423557381E-01,1.087056281519E+01
5,0.5790,2.214300326248E+01,2.461695574055E-01,1.085178809530E+01
5,0.5800,2.194905014924E+01,2.440042514809E-01,1.083307811583E+01
5,0.5810,2.175882631845E+01,2.420237559709E-01,1.081443254248E+01
5,0.5820,2.156834832998E+01,2.400500662874E-01,1.079585104326E+01
5,0.5830,2.137761136260E+01,2.380831474090E-01,1.077733328847E+01
5,0.5840,2.118661107801E+01,2.361229645541E-01,1.075887895065E+01
5,0.5850,2.099534369196E+01,2.341694831791E-01,1.074048770458E+01
5,0.5860,2.080380603255E+01,2.322226689760E-01,1.072215922727E+01
5,0.5870,2.061199562149E+01,2.302824878708E-01,1.070389319792E+01
5,0.5880,2.041991075933E+01,2.283489060209E-01,1.068568929792E+01
5,0.5890,2.022755061286E+01,2.264218898141E-01,1.066754721083E+01
5,0.5900,2.003491532849E+01,2.245014058655E-01,1.064946662234E+01
5,0.5910,1.984611775722E+01,2.229021118543E-01,1.063144722027E+01
5,0.5920,1.965707023416E+01,2.213082208635E-01,1.061348869456E+01
5,0.5930,1.946777611123E+01,2.197197055589E-01,1.059559073723E+01
5,0.5940,1.927824009782E+01,2.181365387908E-01,1.057775304239E+01
5,0.5950,1.908846842075E+01,2.165586935916E-01,1.055997530618E+01
5,0.5960,1.889846898289E+01,2.149861431749E-01,1.054225722681E+01
5,0.5970,1.870825155785E+01,2.134188609339E-01,1.052459850449E+01
5,0.5980,1.851782798552E+01,2.118568204394E-01,1.050699884144E+01
5,0.5990,1.832721239501E+01,2.102999954392E-01,1.048945794187E+01
5,0.6000,1.813642146421E+01,2.087483598555E-01,1.047197551197E+01
5,0.6010,1.794757739221E+01,2.068453875867E-01,1.045455125987E+01
5,0.6020,1.775860693512E+01,2.049487374849E-01,1.043718489565E+01
5,0.6030,1.756953502435E+01,2.030583780965E-01,1.041987613131E+01
5,0.6040,1.738039018834E+01,2.011742781763E-01,1.040262468076E+01
5,0.6050,1.719120491964E+01,1.992964066856E-01,1.038543025980E+01
5,0.6060,1.700201607452E+01,1.974247327905E-01,1.036829258610E+01
5,0.6070,1.681286529730E+01,1.955592258606E-01,1.035121137921E+01
5,0.6080,1.662379948900E+01,1.936998554665E-01,1.033418636049E+01
5,0.6090,1.643487131198E+01,1.918465913792E-01,1.031721725317E+01
5,0.6100,1.624613970910E+01,1.899994035676E-01,1.030030378226E+01
5,0.6110,1.606189803073E+01,1.885788551254E-01,1.028344567460E+01
5,0.6120,1.587798015808E+01,1.871629489983E-01,1.026664265879E+01
5,0.6130,1.569446099563E+01,1.857516624670E-01,1.024989446522E+01
5,0.6140,1.551142329431E+01,1.843449729604E-01,1.023320082603E+01
5,0.6150,1.532895822335E+01,1.829428580537E-01,1.021656147509E+01
5,0.6160,1.514716593597E+01,1.815452954681E-01,1.019997614802E+01
5,0.6170,1.496615613532E+01,1.801522630692E-01,1.018344458214E+01
5,0.6180,1.478604857914E+01,1.787637388658E-01,1.016696651647E+01
5,0.6190,1.460697355663E+01,1.773797010088E-01,1.015054169173E+01
5,0.6200,1.442907225895E+01,1.760001277900E-01,1.013416985029E+01
5,0.6210,1.425452097665E+01,1.747828361126E-01,1.011785073620E+01
5,0.6220,1.408142208291E+01,1.735694585564E-01,1.010158409514E+01
5,0.6230,1.390994348987E+01,1.723599762732E-01,1.008536967445E+01
5,0.6240,1.374026345310E+01,1.711543705359E-01,1.006920722304E+01
5,0.6250,1.357257000109E+01,1.699526227368E-01,1.005309649149E+01
5,0.6260,1.340706006561E+01,1.687547143877E-01,1.003703723192E+01
5,0.6270,1.324393825245E+01,1.675606271177E-01,1.002102919805E+01
5,0.6280,1.308341522273E+01,1.663703426735E-01,1.000507214519E+01
5,0.6290,1.292570567435E+01,1.651838429175E-01,9.989165830174E+00
5,0.6300,1.277102590156E+01,1.640011098274E-01,9.973310011396E+00
5,0.6310,1.262131511942E+01,1.627335037055E-01,9.957504448779E+00
5,0.6320,1.247497038642E+01,1.614699089954E-01,9.941748903765E+00
5,0.6330,1.233218675136E+01,1.602103066856E-01,9.926043139304E+00
5,0.6340,1.219314834044E+01,1.589546778847E-01,9.910386919842E+00
5,0.6350,1.205802487502E+01,1.577030038202E-01,9.894780011306E+00
5,0.6360,1.192696825721E+01,1.564552658376E-01,9.879222181100E+00
5,0.6370,1.180010940865E+01,1.552114453998E-01,9.863713198084E+00
5,0.6380,1.167755550008E+01,1.539715240855E-01,9.848252832570E+00
5,0.6390,1.155938772992E+01,1.527354835892E-01,9.832840856306E+00
5,0.6400,1.144565974902E+01,1.515033057194E-01,9.817477042468E+00
5,0.6410,1.133759397231E+01,1.502857547756E-01,9.802161165647E+00
5,0.6420,1.123387621317E+01,1.490719968254E-01,9.786893001837E+00
5,0.6430,1.113447738823E+01,1.478620141721E-01,9.771672328429E+00
5,0.6440,1.103934349249E+01,1.466557892289E-01,9.756498924192E+00
5,0.6450,1.094839752155E+01,1.454533045181E-01,9.741372569271E+00
5,0.6460,1.086154186177E+01,1.442545426701E-01,9.726293045170E+00
5,0.6470,1.077866100285E+01,1.430594864230E-01,9.711260134744E+00
5,0.6480,1.069962445927E+01,1.418681186210E-01,9.696273622191E+00
5,0.6490,1.062428974808E+01,1.406804222144E-01,9.681333293035E+00
5,0.6500,1.055250532512E+01,1.394963802583E-01,9.666438934122E+00
5,0.6510,1.048480135299E+01,1.383816067262E-01,9.651590333609E+00
5,0.6520,1.042024710795E+01,1.372702527448E-01,9.636787280950E+00
5,0.6530,1.035868604125E+01,1.361623026040E-01,9.622029566891E+00
5,0.6540,1.029996212503E+01,1.350577406900E-01,9.607316983455E+00
5,0.6550,1.024392144562E+01,1.339565514841E-01,9.592649323938E+00
5,0.6560,1.019041352294E+01,1.328587195624E-01,9.578026382896E+00
5,0.6570,1.013929235465E+01,1.317642295948E-01,9.563447956133E+00
5,0.6580,1.009041722747E+01,1.306730663444E-01,9.548913840698E+00
5,0.6590,1.004365330005E+01,1.295852146669E-01,9.534423834870E+00
5,0.6600,9.998872002437E+00,1.285006595096E-01,9.519977738151E+00
5,0.6610,9.956324820203E+00,1.275885851522E-01,9.505575351255E+00
5,0.6620,9.915479194679E+00,1.266792663065E-01,9.491216476102E+00
5,0.6630,9.876230429000E+00,1.257726905041E-01,9.476900915806E+00
5,0.6640,9.838479986655E+00,1.248688453517E-01,9.462628474668E+00
5,0.6650,9.802135340418E+00,1.239677185306E-01,9.448398958165E+00
5,0.6660,9.767109772350E+00,1.230692977960E-01,9.434212172942E+00
5,0.6670,9.733322142281E+00,1.221735709767E-01,9.420067926806E+00
5,0.6680,9.700696630330E+00,1.212805259742E-01,9.405966028712E+00
5,0.6690,9.669162468613E+00,1.203901507625E-01,9.391906288759E+00
5,0.6700,9.638653662806E+00,1.195024333871E-01,9.377888518178E+00
5,0.6710,9.609108715996E+00,1.185396414913E-01,9.363912529329E+00
5,0.6720,9.580470353347E+00,1.175797150475E-01,9.349978135684E+00
5,0.6730,9.552685254527E+00,1.166226412826E-01,9.336085151827E+00
5,0.6740,9.525703795362E+00,1.156684074991E-01,9.322233393442E+00
5,0.6750,9.499479799868E+00,1.147170010751E-01,9.308422677303E+00
5,0.6760,9.473970304207E+00,1.137684094629E-01,9.294652821272E+00
5,0.6770,9.449135334128E+00,1.128226201894E-01,9.280923644283E+00
5,0.6780,9.424937693546E+00,1.118796208547E-01,9.267234966342E+00
5,0.6790,9.401342767909E+00,1.109393991321E-01,9.253586608512E+00
5,0.6800,9.378318339168E+00,1.100019427676E-01,9.239978392911E+00
5,0.6810,9.355956871186E+00,1.091908734748E-01,9.226410142701E+00
5,0.6820,9.334095585728E+00,1.083821826843E-01,9.212881682082E+00
5,0.6830,9.312709450703E+00,1.075758599489E-01,9.199392836281E+00
5,0.6840,9.291775119035E+00,1.067718948823E-01,9.185943431549E+00
5,0.6850,9.271270808719E+00,1.059702771589E-01,9.172533295153E+00
5,0.6860,9.251176191207E+00,1.051709965134E-01,9.159162255364E+00
5,0.6870,9.231472288897E+00,1.043740427403E-01,9.145830141455E+00
5,0.6880,9.212141379039E+00,1.035794056933E-01,9.132536783691E+00
5,0.6890,9.193166906089E+00,1.027870752850E-01,9.119282013323E+00
5,0.6900,9.174533400061E+00,1.019970414865E-01,9.106065662579E+00
5,0.6910,9.156372803517E+00,1.012374822786E-01,9.092887564659E+00
5,0.6920,9.138510384244E+00,1.004801183286E-01,9.079747553728E+00
5,0.6930,9.120934436501E+00,9.972494013304E-02,9.066645464906E+00
5,0.6940,9.103633988298E+00,9.897193824355E-02,9.053581134265E+00
5,0.6950,9.086598753258E+00,9.822110326597E-02,9.040554398820E+00
5,0.6960,9.069819086487E+00,9.747242586017E-02,9.027565096522E+00
5,0.6970,9.053285943162E+00,9.672589673961E-02,9.014613066255E+00
5,0.6980,9.036990840700E+00,9.598150667096E-02,9.001698147822E+00
5,0.6990,9.020925823595E+00,9.523924647376E-02,8.988820181945E+00
5,0.7000,9.005083430727E+00,9.449910701998E-02,8.975979010257E+00
5,0.7010,8.989414191263E+00,9.394213535809E-02,8.963174475292E+00
5,0.7020,8.973959081215E+00,9.338675051004E-02,8.950406420484E+00
5,0.7030,8.958711720304E+00,9.283294570424E-02,8.937674690156E+00
5,0.7040,8.943666137037E+00,9.228071420755E-02,8.924979129516E+00
5,0.7050,8.928816745044E+00,9.173004932503E-02,8.912319584652E+00
5,0.7060,8.914158321337E+00,9.118094439968E-02,8.899695902521E+00
5,0.7070,8.899685986235E+00,9.063339281218E-02,8.887107930947E+00
5,0.7080,8.885395184703E+00,9.008738798057E-02,8.874555518615E+00
5,0.7090,8.871281669307E+00,8.954292336005E-02,8.862038515063E+00
5,0.7100,8.857341484306E+00,8.899999244268E-02,8.849556770675E+00
5,0.7110,8.843610726089E+00,8.849367208440E-02,8.837110136680E+00
5,0.7120,8.830038363441E+00,8.798877397431E-02,8.824698465140E+00
5,0.7130,8.816621428297E+00,8.748529212820E-02,8.812321608948E+00
5,0.7140,8.803357166347E+00,8.698322059539E-02,8.799979421820E+00
5,0.7150,8.790243027959E+00,8.648255345848E-02,8.787671758293E+00
5,0.7160,8.777276659746E+00,8.598328483312E-02,8.775398473715E+00
5,0.7170,8.764455896882E+00,8.548540886780E-02,8.763159424239E+00
5,0.7180,8.751778755999E+00,8.498891974362E-02,8.750954466824E+00
5,0.7190,8.739243428851E+00,8.449381167402E-02,8.738783459221E+00
5,0.7200,8.726848276450E+00,8.400007890461E-02,8.726646259972E+00
5,0.7210,8.714591823818E+00,8.329133361698E-02,8.714542728404E+00
6,0.3000,9.525789946543E+01,8.867668863533E+01,2.094395102393E+01
6,0.3010,9.521047223096E+01,8.705447177761E+01,2.087436979129E+01
6,0.3020,9.516335584471E+01,8.544299807790E+01,2.080524936152E+01
6,0.3030,9.511654725736E+01,8.384216116828E+01,2.073658517221E+01
6,0.3040,9.507004345854E+01,8.225185608043E+01,2.066837272099E+01
6,0.3050,9.502384147824E+01,8.067197922267E+01,2.060060756452E+01
6,0.3060,9.497793838412E+01,7.910242835745E+01,2.053328531758E+01
6,0.3070,9.493233128140E+01,7.754310257929E+01,2.046640165205E+01
6,0.3080,9.488701731400E+01,7.599390229320E+01,2.039995229604E+01
6,0.3090,9.484199366113E+01,7.445472919343E+01,2.033393303294E+01
6,0.3100,9.479725753900E+01,7.292548624268E+01,2.026833970058E+01
6,0.3110,9.441447239825E+01,7.209500568704E+01,2.020316819029E+01
6,0.3120,9.403392101158E+01,7.126984872471E+01,2.013841444609E+01
6,0.3130,9.365558162710E+01,7.044996433082E+01,2.007407446383E+01
6,0.3140,9.327943276791E+01,6.963530213053E+01,2.001014429038E+01
6,0.3150,9.290545322770E+01,6.882581238864E+01,1.994662002279E+01
6,0.3160,9.253362206655E+01,6.802144599956E+01,1.988349780753E+01
6,0.3170,9.216391860632E+01,6.722215447729E+01,1.982077383968E+01
6,0.3180,9.179632242619E+01,6.642788994572E+01,1.975844436220E+01
6,0.3190,9.143081336052E+01,6.563860512908E+01,1.969650566514E+01
6,0.3200,9.106737149172E+01,6.485425334254E+01,1.963495408494E+01
6,0.3210,9.090297380171E+01,6.425486731426E+01,1.957378600367E+01
6,0.3220,9.073955221984E+01,6.365920418057E+01,1.951299784838E+01
6,0.3230,9.057709787392E+01,6.306722936349E+01,1.945258609034E+01
6,0.3240,9.041560200031E+01,6.247890871195E+01,1.939254724438E+01
6,0.3250,9.025505594122E+01,6.189420849519E+01,1.933287786824E+01
6,0.3260,9.009545114472E+01,6.131309539632E+01,1.927357456190E+01
6,0.3270,8.993677916182E+01,6.073553650601E+01,1.921463396691E+01
6,0.3280,8.977903164644E+01,6.016149931624E+01,1.915605276579E+01
6,0.3290,8.962220035055E+01,5.959095171426E+01,1.909782768140E+01
6,0.3300,8.946627712811E+01,5.902386197654E+01,1.903995547630E+01
6,0.3310,8.935913533792E+01,5.861205822652E+01,1.898243295220E+01
6,0.3320,8.925261895710E+01,5.820273522199E+01,1.892525694934E+01
6,0.3330,8.914672246657E+01,5.779587061388E+01,1.886842434588E+01
6,0.3340,8.904144041110E+01,5.739144232079E+01,1.881193205742E+01
6,0.3350,8.893676740040E+01,5.698942852497E+01,1.875577703636E+01
6,0.3360,8.883269810762E+01,5.658980766841E+01,1.869995627137E+01
6,0.3370,8.872922726780E+01,5.619255844899E+01,1.864446678688E+01
6,0.3380,8.862634967791E+01,5.579765981666E+01,1.858930564254E+01
6,0.3390,8.852406019501E+01,5.540509096977E+01,1.853446993268E+01
6,0.3400,8.842235373637E+01,5.501483135139E+01,1.847995678582E+01
6,0.3410,8.849732079347E+01,5.478163705799E+01,1.842576336416E+01
6,0.3420,8.857184051999E+01,5.454980647391E+01,1.837188686310E+01
6,0.3430,8.864591692202E+01,5.431932767166E+01,1.831832451073E+01
6,0.3440,8.871955395724E+01,5.409018886245E+01,1.826507356738E+01
6,0.3450,8.879275553720E+01,5.386237839416E+01,1.821213132516E+01
6,0.3460,8.886552552603E+01,5.363588474938E+01,1.815949510746E+01
6,0.3470,8.893786774224E+01,5.341069654348E+01,1.810716226853E+01
6,0.3480,8.900978596022E+01,5.318680252267E+01,1.805513019304E+01
6,0.3490,8.908128390847E+01,5.296419156215E+01,1.800339629564E+01
6,0.3500,8.915236527317E+01,5.274285266427E+01,1.795195802051E+01
6,0.3510,8.988834813115E+01,5.264271040272E+01,1.790081284097E+01
6,0.3520,9.061924481151E+01,5.254313713129E+01,1.784995825903E+01
6,0.3530,9.134512556042E+01,5.244412801437E+01,1.779939180504E+01
6,0.3540,9.206605874747E+01,5.234567827100E+01,1.774911103723E+01
6,0.3550,9.278211094843E+01,5.224778317407E+01,1.769911354135E+01
6,0.3560,9.349334702119E+01,5.215043804959E+01,1.764939693028E+01
6,0.3570,9.419983017631E+01,5.205363827595E+01,1.759995884364E+01
6,0.3580,9.490162204453E+01,5.195737928317E+01,1.755079694743E+01
6,0.3590,9.559878274335E+01,5.186165655219E+01,1.750190893365E+01
6,0.3600,9.629137093382E+01,5.176646561415E+01,1.745329251994E+01
6,0.3610,9.760733345498E+01,5.023937503926E+01,1.740494544925E+01
6,0.3620,9.891365381007E+01,4.872072142888E+01,1.735686548945E+01
6,0.3630,1.002105152264E+02,4.721043505601E+01,1.730905043300E+01
6,0.3640,1.014980928640E+02,4.570844695992E+01,1.726149809665E+01
6,0.3650,1.027765543710E+02,4.421468893559E+01,1.721420632104E+01
6,0.3660,1.040460603880E+02,4.272909352342E+01,1.716717297044E+01
6,0.3670,1.053067650115E+02,4.125159399904E+01,1.712039593237E+01
6,0.3680,1.065588162161E+02,3.978212436339E+01,1.707387311734E+01
6,0.3690,1.078023562453E+02,3.832061933281E+01,1.702760245848E+01
6,0.3700,1.090375219673E+02,3.686701432942E+01,1.698158191130E+01
6,0.3710,1.082028192636E+02,3.469300566511E+01,1.693580945331E+01
6,0.3720,1.073718618224E+02,3.253068521943E+01,1.689028308382E+01
6,0.3730,1.065446095250E+02,3.037995898525E+01,1.684500082354E+01
6,0.3740,1.057210224857E+02,2.824073396088E+01,1.679996071438E+01
6,0.3750,1.049010610442E+02,2.611291813664E+01,1.675516081915E+01
6,0.3760,1.040846857581E+02,2.399642048168E+01,1.671059922122E+01
6,0.3770,1.032718573933E+02,2.189115093098E+01,1.666627402435E+01
6,0.3780,1.024625369166E+02,1.979702037262E+01,1.662218335233E+01
6,0.3790,1.016566854869E+02,1.771394063515E+01,1.657832534876E+01
6,0.3800,1.008542644471E+02,1.564182447524E+01,1.653469817679E+01
6,0.3810,9.951749018559E+01,1.477455568688E+01,1.649130001884E+01
6,0.3820,9.818536135594E+01,1.391182757281E+01,1.644812907639E+01
6,0.3830,9.685777153181E+01,1.305360456638E+01,1.640518356966E+01
6,0.3840,9.553461241911E+01,1.219985147144E+01,1.636246173745E+01
6,0.3850,9.421577371422E+01,1.135053345752E+01,1.631996183683E+01
6,0.3860,9.290114294910E+01,1.050561605506E+01,1.627768214295E+01
6,0.3870,9.159060532750E+01,9.665065150811E+00,1.623562094878E+01
6,0.3880,9.028404354893E+01,8.828846983181E+00,1.619377656490E+01
6,0.3890,8.898133762219E+01,7.996928137750E+00,1.615214731923E+01
6,0.3900,8.768236466100E+01,7.169275542807E+00,1.611073155687E+01
6,0.3910,8.665450853022E+01,6.911503837898E+00,1.606952763985E+01
6,0.3920,8.562993963171E+01,6.655047294747E+00,1.602853394689E+01
6,0.3930,8.460858372739E+01,6.399895873954E+00,1.598774887323E+01
6,0.3940,8.359036554159E+01,6.146039638038E+00,1.594717083041E+01
6,0.3950,8.257520868691E+01,5.893468750152E+00,1.590679824602E+01
6,0.3960,8.156303558682E+01,5.642173472811E+00,1.586662956358E+01
6,0.3970,8.055376739149E+01,5.392144166640E+00,1.582666324227E+01
6,0.3980,7.954732388955E+01,5.143371289143E+00,1.578689775673E+01
6,0.3990,7.854362341548E+01,4.895845393489E+00,1.574733159694E+01
6,0.4000,7.754258274723E+01,4.649557127313E+00,1.570796326795E+01
6,0.4010,7.679644284971E+01,4.529847561859E+00,1.566879128972E+01
6,0.4020,7.605264061236E+01,4.410733566383E+00,1.562981419696E+01
6,0.4030,7.531113249774E+01,4.292210707361E+00,1.559103053891E+01
6,0.4040,7.457187466109E+01,4.174274595166E+00,1.555243887916E+01
6,0.4050,7.383482292536E+01,4.056920883525E+00,1.551403779551E+01
6,0.4060,7.309993275849E+01,3.940145268985E+00,1.547582587975E+01
6,0.4070,7.236715924211E+01,3.823943490389E+00,1.543780173754E+01
6,0.4080,7.163645704773E+01,3.708311328355E+00,1.539996398819E+01
6,0.4090,7.090778040560E+01,3.593244604766E+00,1.536231126450E+01
6,0.4100,7.018108307613E+01,3.478739182268E+00,1.532484221263E+01
6,0.4110,6.958276481972E+01,3.392308563657E+00,1.528755549192E+01
6,0.4120,6.898624201443E+01,3.306297511157E+00,1.525044977471E+01
6,0.4130,6.839148397280E+01,3.220702977070E+00,1.521352374620E+01
6,0.4140,6.779845987533E+01,3.135521943148E+00,1.517677610430E+01
6,0.4150,6.720713875998E+01,3.050751420233E+00,1.514020555947E+01
6,0.4160,6.661748950826E+01,2.966388447909E+00,1.510381083457E+01
6,0.4170,6.602948083202E+01,2.882430094157E+00,1.506759066470E+01
6,0.4180,6.544308126193E+01,2.798873455016E+00,1.503154379708E+01
6,0.4190,6.485825912698E+01,2.715715654249E+00,1.499566899088E+01
6,0.4200,6.427498254723E+01,2.632953843009E+00,1.495996501709E+01
6,0.4210,6.376492300002E+01,2.569986959374E+00,1.492443065838E+01
6,0.4220,6.325630168648E+01,2.507318496988E+00,1.488906470896E+01
6,0.4230,6.274909442679E+01,2.444946339389E+00,1.485386597442E+01
6,0.4240,6.224327696094E+01,2.382868390081E+00,1.481883327165E+01
6,0.4250,6.173882493873E+01,2.321082572299E+00,1.478396542866E+01
6,0.4260,6.123571390970E+01,2.259586828779E+00,1.474926128446E+01
6,0.4270,6.073391931633E+01,2.198379121528E+00,1.471471968895E+01
6,0.4280,6.023341648458E+01,2.137457431601E+00,1.468033950276E+01
6,0.4290,5.973418061159E+01,2.076819758877E+00,1.464611959716E+01
6,0.4300,5.923618675833E+01,2.016464121839E+00,1.461205885391E+01
6,0.4310,5.879694712922E+01,1.966593266679E+00,1.457815616515E+01
6,0.4320,5.835887576543E+01,1.916953295107E+00,1.454441043329E+01
6,0.4330,5.792195344527E+01,1.867542607469E+00,1.451082057085E+01
6,0.4340,5.748616089848E+01,1.818359618852E+00,1.447738550041E+01
6,0.4350,5.705147879758E+01,1.769402758918E+00,1.444410415444E+01
6,0.4360,5.661788775453E+01,1.720670471737E+00,1.441097547518E+01
6,0.4370,5.618536831170E+01,1.672161215618E+00,1.437799841460E+01
6,0.4380,5.575390093782E+01,1.623873462951E+00,1.434517193420E+01
6,0.4390,5.532346602218E+01,1.575805700047E+00,1.431249500496E+01
6,0.4400,5.489404386332E+01,1.527956426973E+00,1.427996660723E+01
6,0.4410,5.449345332429E+01,1.495002020225E+00,1.424758573057E+01
6,0.4420,5.409383171688E+01,1.462196728440E+00,1.421535137371E+01
6,0.4430,5.369516189806E+01,1.429539541810E+00,1.418326254442E+01
6,0.4440,5.329742666570E+01,1.397029459624E+00,1.415131825941E+01
6,0.4450,5.290060875400E+01,1.364665490167E+00,1.411951754422E+01
6,0.4460,5.250469082579E+01,1.332446650618E+00,1.408785943314E+01
6,0.4470,5.210965547033E+01,1.300371966950E+00,1.405634296908E+01
6,0.4480,5.171548519416E+01,1.268440473834E+00,1.402496720353E+01
6,0.4490,5.132216241763E+01,1.236651214541E+00,1.399373119639E+01
6,0.4500,5.092966946678E+01,1.205003240845E+00,1.396263401595E+01
6,0.4510,5.056756241340E+01,1.181543941427E+00,1.393167473876E+01
6,0.4520,5.020625543559E+01,1.158188444218E+00,1.390085244951E+01
6,0.4530,4.984573358413E+01,1.134936061787E+00,1.387016624101E+01
6,0.4540,4.948598185356E+01,1.111786112760E+00,1.383961521405E+01
6,0.4550,4.912698517344E+01,1.088737921749E+00,1.380919847732E+01
6,0.4560,4.876872840864E+01,1.065790819296E+00,1.377891514732E+01
6,0.4570,4.841119635008E+01,1.042944141799E+00,1.374876434831E+01
6,0.4580,4.805437371255E+01,1.020197231453E+00,1.371874521218E+01
6,0.4590,4.769824512926E+01,9.975494361844E-01,1.368885687839E+01
6,0.4600,4.734279514614E+01,9.750001095908E-01,1.365909849387E+01
6,0.4610,4.701239665410E+01,9.602165502576E-01,1.362946921297E+01
6,0.4620,4.668265808017E+01,9.454969890167E-01,1.359996819736E+01
6,0.4630,4.635356616355E+01,9.308410111938E-01,1.357059461594E+01
6,0.4640,4.602510758547E+01,9.162482056890E-01,1.354134764478E+01
6,0.4650,4.569726896211E+01,9.017181649391E-01,1.351222646705E+01
6,0.4660,4.537003684366E+01,8.872504848791E-01,1.348323027292E+01
6,0.4670,4.504339770821E+01,8.728447649050E-01,1.345435825949E+01
6,0.4680,4.471733795884E+01,8.585006078367E-01,1.342560963073E+01
6,0.4690,4.439184391745E+01,8.442176198818E-01,1.339698359740E+01
6,0.4700,4.406690182345E+01,8.299954105990E-01,1.336847937698E+01
6,0.4710,4.376346477603E+01,8.187857561508E-01,1.334009619359E+01
6,0.4720,4.346056940348E+01,8.076236002383E-01,1.331183327792E+01
6,0.4730,4.315820379909E+01,7.965086416024E-01,1.328368986719E+01
6,0.4740,4.285635599541E+01,7.854405815261E-01,1.325566520502E+01
6,0.4750,4.255501396231E+01,7.744191238081E-01,1.322775854143E+01
6,0.4760,4.225416559807E+01,7.634439747359E-01,1.319996913273E+01
6,0.4770,4.195379873333E+01,7.525148430602E-01,1.317229624147E+01
6,0.4780,4.165390111902E+01,7.416314399690E-01,1.314473913636E+01
6,0.4790,4.135446042946E+01,7.307934790619E-01,1.311729709223E+01
6,0.4800,4.105546425315E+01,7.200006763252E-01,1.308996938996E+01
6,0.4810,4.077269834813E+01,7.108320372249E-01,1.306275531638E+01
6,0.4820,4.049037062060E+01,7.017014422703E-01,1.303565416427E+01
6,0.4830,4.020847002071E+01,6.926086551623E-01,1.300866523226E+01
6,0.4840,3.992698542981E+01,6.835534415547E-01,1.298178782475E+01
6,0.4850,3.964590565754E+01,6.745355690342E-01,1.295502125192E+01
6,0.4860,3.936521944105E+01,6.655548071001E-01,1.292836482959E+01
6,0.4870,3.908491543795E+01,6.566109271453E-01,1.290181787922E+01
6,0.4880,3.880498222519E+01,6.477037024362E-01,1.287537972783E+01
6,0.4890,3.852540829246E+01,6.388329080940E-01,1.284904970793E+01
6,0.4900,3.824618204306E+01,6.299983210756E-01,1.282282715751E+01
6,0.4910,3.799026064963E+01,6.223603818808E-01,1.279671141992E+01
6,0.4920,3.773469757087E+01,6.147534912194E-01,1.277070184386E+01
6,0.4930,3.747948328839E+01,6.071774601550E-01,1.274479778333E+01
6,0.4940,3.722460822768E+01,5.996321012811E-01,1.271899859753E+01
6,0.4950,3.697006275450E+01,5.921172287057E-01,1.269330365087E+01
6,0.4960,3.671583716947E+01,5.846326580358E-01,1.266771231286E+01
6,0.4970,3.646192171069E+01,5.771782063626E-01,1.264222395811E+01
6,0.4980,3.620830654641E+01,5.697536922463E-01,1.261683796622E+01
6,0.4990,3.595498177292E+01,5.623589357017E-01,1.259155372180E+01
6,0.5000,3.570193741288E+01,5.549937581832E-01,1.256637061436E+01
6,0.5010,3.545450387675E+01,5.478686762100E-01,1.254128803828E+01
6,0.5020,3.520734036752E+01,5.407719810176E-01,1.251630539279E+01
6,0.5030,3.496043722969E+01,5.337035033011E-01,1.249142208187E+01
6,0.5040,3.471378472905E+01,5.266630750993E-01,1.246663751425E+01
6,0.5050,3.446737305535E+01,5.196505297815E-01,1.244195110333E+01
6,0.5060,3.422119231453E+01,5.126657020341E-01,1.241736226715E+01
6,0.5070,3.397523252750E+01,5.057084278479E-01,1.239287042836E+01
6,0.5080,3.372948362622E+01,4.987785445049E-01,1.236847501413E+01
6,0.5090,3.348393545133E+01,4.918758905661E-01,1.234417545615E+01
6,0.5100,3.323857774795E+01,4.850003058583E-01,1.231997119055E+01
6,0.5110,3.300239343833E+01,4.804214475246E-01,1.229586165789E+01
6,0.5120,3.276640008714E+01,4.758604753562E-01,1.227184630309E+01
6,0.5130,3.253058816556E+01,4.713172847558E-01,1.224792457540E+01
6,0.5140,3.229494805687E+01,4.667917719397E-01,1.222409592836E+01
6,0.5150,3.205947005447E+01,4.622838339308E-01,1.220035981977E+01
6,0.5160,3.182414435901E+01,4.577933685497E-01,1.217671571159E+01
6,0.5170,3.158896107319E+01,4.533202744081E-01,1.215316306998E+01
6,0.5180,3.135391019893E+01,4.488644509002E-01,1.212970136521E+01
6,0.5190,3.111898163847E+01,4.444257981958E-01,1.210633007164E+01
6,0.5200,3.088416518165E+01,4.400042172326E-01,1.208304866765E+01
6,0.5210,3.066038101845E+01,4.351714847982E-01,1.205985663566E+01
6,0.5220,3.043671928469E+01,4.303572685800E-01,1.203675346203E+01
6,0.5230,3.021317076011E+01,4.255614623665E-01,1.201373863705E+01
6,0.5240,2.998972613530E+01,4.207839607569E-01,1.199081165492E+01
6,0.5250,2.976637600628E+01,4.160246591534E-01,1.196797201368E+01
6,0.5260,2.954311086919E+01,4.112834537537E-01,1.194521921517E+01
6,0.5270,2.931992112221E+01,4.065602415434E-01,1.192255276505E+01
6,0.5280,2.909679706024E+01,4.018549202884E-01,1.189997217269E+01
6,0.5290,2.887372887236E+01,3.971673885278E-01,1.187747695119E+01
6,0.5300,2.865070663545E+01,3.924975455662E-01,1.185506661732E+01
6,0.5310,2.843326809437E+01,3.884298288572E-01,1.183274069149E+01
6,0.5320,2.821587401388E+01,3.843774043163E-01,1.181049869771E+01
6,0.5330,2.799851484705E+01,3.803401858712E-01,1.178834016356E+01
6,0.5340,2.778118094393E+01,3.763180880945E-01,1.176626462019E+01
6,0.5350,2.756386254627E+01,3.723110261973E-01,1.174427160220E+01
6,0.5360,2.734654978605E+01,3.683189160236E-01,1.172236064772E+01
6,0.5370,2.712923268134E+01,3.643416740442E-01,1.170053129829E+01
6,0.5380,2.691190113393E+01,3.603792173510E-01,1.167878309885E+01
6,0.5390,2.669454492812E+01,3.564314636510E-01,1.165711559774E+01
6,0.5400,2.647715372729E+01,3.524983312611E-01,1.163552834663E+01
6,0.5410,2.626724921624E+01,3.491441805176E-01,1.161402090052E+01
6,0.5420,2.605731861791E+01,3.458024067141E-01,1.159259281767E+01
6,0.5430,2.584735228032E+01,3.424729414697E-01,1.157124365963E+01
6,0.5440,2.563734044515E+01,3.391557169064E-01,1.154997299114E+01
6,0.5450,2.542727324176E+01,3.358506656442E-01,1.152878038015E+01
6,0.5460,2.521714069411E+01,3.325577207969E-01,1.150766539776E+01
6,0.5470,2.500693271066E+01,3.292768159674E-01,1.148662761824E+01
6,0.5480,2.479663909455E+01,3.260078852430E-01,1.146566661894E+01
6,0.5490,2.458624953293E+01,3.227508631916E-01,1.144478198029E+01
6,0.5500,2.437575360029E+01,3.195056848567E-01,1.142397328578E+01
6,0.5510,2.417090960123E+01,3.164057036630E-01,1.140324012192E+01
6,0.5520,2.396596453536E+01,3.133169542852E-01,1.138258207822E+01
6,0.5530,2.376090849842E+01,3.102393757912E-01,1.136199874716E+01
6,0.5540,2.355573148970E+01,3.071729076889E-01,1.134148972415E+01
6,0.5550,2.335042341942E+01,3.041174899221E-01,1.132105460753E+01
6,0.5560,2.314497410001E+01,3.010730628667E-01,1.130069299852E+01
6,0.5570,2.293937326172E+01,2.980395673267E-01,1.128040450122E+01
6,0.5580,2.273361054895E+01,2.950169445307E-01,1.126018872254E+01
6,0.5590,2.252767552437E+01,2.920051361274E-01,1.124004527224E+01
6,0.5600,2.232155767680E+01,2.890040841827E-01,1.121997376282E+01
6,0.5610,2.211918661902E+01,2.866666896486E-01,1.119997380959E+01
6,0.5620,2.191663228609E+01,2.843376132444E-01,1.118004503057E+01
6,0.5630,2.171388458092E+01,2.820168106464E-01,1.116018704650E+01
6,0.5640,2.151093336938E+01,2.797042378447E-01,1.114039948081E+01
6,0.5650,2.130776849102E+01,2.773998511415E-01,1.112068195961E+01
6,0.5660,2.110437977046E+01,2.751036071475E-01,1.110103411162E+01
6,0.5670,2.090075703066E+01,2.728154627795E-01,1.108145556822E+01
6,0.5680,2.069689011194E+01,2.705353752579E-01,1.106194596334E+01
6,0.5690,2.049276889086E+01,2.682633021037E-01,1.104250493353E+01
6,0.5700,2.028838329935E+01,2.659992011361E-01,1.102313211786E+01
6,0.5710,2.008979948731E+01,2.637650381238E-01,1.100382715793E+01
6,0.5720,1.989096710615E+01,2.615386868703E-01,1.098458969787E+01
6,0.5730,1.969187723731E+01,2.593201064764E-01,1.096541938426E+01
6,0.5740,1.949252111627E+01,2.571092563277E-01,1.094631586617E+01
6,0.5750,1.929289017196E+01,2.549060960926E-01,1.092727879509E+01
6,0.5760,1.909297606388E+01,2.527105857194E-01,1.090830782496E+01
6,0.5770,1.889277073419E+01,2.505226854341E-01,1.088940261210E+01
6,0.5780,1.869226645409E+01,2.483423557381E-01,1.087056281519E+01
6,0.5790,1.849145588577E+01,2.461695574055E-01,1.085178809530E+01
6,0.5800,1.829033215498E+01,2.440042514809E-01,1.083307811583E+01
6,0.5810,1.809306241676E+01,2.420237559709E-01,1.081443254248E+01
6,0.5820,1.789549312810E+01,2.400500662874E-01,1.079585104326E+01
6,0.5830,1.769761952626E+01,2.380831474090E-01,1.077733328847E+01
6,0.5840,1.749943760971E+01,2.361229645541E-01,1.075887895065E+01
6,0.5850,1.730094425648E+01,2.341694831791E-01,1.074048770458E+01
6,0.5860,1.710213735760E+01,2.322226689760E-01,1.072215922727E+01
6,0.5870,1.690301597172E+01,2.302824878708E-01,1.070389319792E+01
6,0.5880,1.670358049569E+01,2.283489060209E-01,1.068568929792E+01
6,0.5890,1.650383286135E+01,2.264218898141E-01,1.066754721083E+01
6,0.5900,1.630377677685E+01,2.245014058655E-01,1.064946662234E+01
6,0.5910,1.610771751364E+01,2.229021118543E-01,1.063144722027E+01
6,0.5920,1.591138723410E+01,2.213082208635E-01,1.061348869456E+01
6,0.5930,1.571479574709E+01,2.197197055589E-01,1.059559073723E+01
6,0.5940,1.551795565502E+01,2.181365387908E-01,1.057775304239E+01
6,0.5950,1.532088276210E+01,2.165586935916E-01,1.055997530618E+01
6,0.5960,1.512359655683E+01,2.149861431749E-01,1.054225722681E+01
6,0.5970,1.492612077831E+01,2.134188609339E-01,1.052459850449E+01
6,0.5980,1.472848405716E+01,2.118568204394E-01,1.050699884144E+01
6,0.5990,1.453072068336E+01,2.102999954392E-01,1.048945794187E+01
6,0.6000,1.433287149453E+01,2.087483598555E-01,1.047197551197E+01
6,0.6010,1.413717986490E+01,2.068453875867E-01,1.045455125987E+01
6,0.6020,1.394151151663E+01,2.049487374849E-01,1.043718489565E+01
6,0.6030,1.374593130996E+01,2.030583780965E-01,1.041987613131E+01
6,0.6040,1.355051554276E+01,2.011742781763E-01,1.040262468076E+01
6,0.6050,1.335535390985E+01,1.992964066856E-01,1.038543025980E+01
6,0.6060,1.316055185678E+01,1.974247327905E-01,1.036829258610E+01
6,0.6070,1.296623343616E+01,1.955592258606E-01,1.035121137921E+01
6,0.6080,1.277254474742E+01,1.936998554665E-01,1.033418636049E+01
6,0.6090,1.257965818392E+01,1.918465913792E-01,1.031721725317E+01
6,0.6100,1.238777764170E+01,1.899994035676E-01,1.030030378226E+01
6,0.6110,1.220143620193E+01,1.885788551254E-01,1.028344567460E+01
6,0.6120,1.201655567793E+01,1.871629489983E-01,1.026664265879E+01
6,0.6130,1.183345308797E+01,1.857516624670E-01,1.024989446522E+01
6,0.6140,1.165250785899E+01,1.843449729604E-01,1.023320082603E+01
6,0.6150,1.147417689996E+01,1.829428580537E-01,1.021656147509E+01
6,0.6160,1.129901444461E+01,1.815452954681E-01,1.019997614802E+01
6,0.6170,1.112769869837E+01,1.801522630692E-01,1.018344458214E+01
6,0.6180,1.096106838856E+01,1.787637388658E-01,1.016696651647E+01
6,0.6190,1.080017431176E+01,1.773797010088E-01,1.015054169173E+01
6,0.6200,1.064635431803E+01,1.760001277900E-01,1.013416985029E+01
6,0.6210,1.050292763631E+01,1.747828361126E-01,1.011785073620E+01
6,0.6220,1.037031746955E+01,1.735694585564E-01,1.010158409514E+01
6,0.6230,1.025158428421E+01,1.723599762732E-01,1.008536967445E+01
6,0.6240,1.015113718962E+01,1.711543705359E-01,1.006920722304E+01
6,0.6250,1.007576760462E+01,1.699526227368E-01,1.005309649149E+01
6,0.3000,9.451732175803E+01,8.867668863533E+01,2.094395102393E+01
6,0.3010,9.446909751029E+01,8.705447177761E+01,2.087436979129E+01
6,0.3020,9.442118843394E+01,8.544299807790E+01,2.080524936152E+01
6,0.3030,9.437359144456E+01,8.384216116828E+01,2.073658517221E+01
6,0.3040,9.432630349816E+01,8.225185608043E+01,2.066837272099E+01
6,0.3050,9.427932159082E+01,8.067197922267E+01,2.060060756452E+01
6,0.3060,9.423264275692E+01,7.910242835745E+01,2.053328531758E+01
6,0.3070,9.418626406869E+01,7.754310257929E+01,2.046640165205E+01
6,0.3080,9.414018263689E+01,7.599390229320E+01,2.039995229604E+01
6,0.3090,9.409439560869E+01,7.445472919343E+01,2.033393303294E+01
6,0.3100,9.404890016852E+01,7.292548624268E+01,2.026833970058E+01
6,0.3110,9.366051866796E+01,7.209500568704E+01,2.020316819029E+01
6,0.3120,9.327434171750E+01,7.126984872471E+01,2.013841444609E+01
6,0.3130,9.289034742394E+01,7.044996433082E+01,2.007407446383E+01
6,0.3140,9.250851416644E+01,6.963530213053E+01,2.001014429038E+01
6,0.3150,9.212882059342E+01,6.882581238864E+01,1.994662002279E+01
6,0.3160,9.175124561932E+01,6.802144599956E+01,1.988349780753E+01
6,0.3170,9.137576841838E+01,6.722215447729E+01,1.982077383968E+01
6,0.3180,9.100236842119E+01,6.642788994572E+01,1.975844436220E+01
6,0.3190,9.063102531202E+01,6.563860512908E+01,1.969650566514E+01
6,0.3200,9.026171902270E+01,6.485425334254E+01,1.963495408494E+01
6,0.3210,9.009457630367E+01,6.425486731426E+01,1.957378600367E+01
6,0.3220,8.992841227293E+01,6.365920418057E+01,1.951299784838E+01
6,0.3230,8.976321806337E+01,6.306722936349E+01,1.945258609034E+01
6,0.3240,8.959898491718E+01,6.247890871195E+01,1.939254724438E+01
6,0.3250,8.943570418057E+01,6.189420849519E+01,1.933287786824E+01
6,0.3260,8.927336730726E+01,6.131309539632E+01,1.927357456190E+01
6,0.3270,8.911196585299E+01,6.073553650601E+01,1.921463396691E+01
6,0.3280,8.895149147508E+01,6.016149931624E+01,1.915605276579E+01
6,0.3290,8.879193593256E+01,5.959095171426E+01,1.909782768140E+01
6,0.3300,8.863329108193E+01,5.902386197654E+01,1.903995547630E+01
6,0.3310,8.852423218584E+01,5.861205822652E+01,1.898243295220E+01
6,0.3320,8.841580354175E+01,5.820273522199E+01,1.892525694934E+01
6,0.3330,8.830799961443E+01,5.779587061388E+01,1.886842434588E+01
6,0.3340,8.820081493391E+01,5.739144232079E+01,1.881193205742E+01
6,0.3350,8.809424409450E+01,5.698942852497E+01,1.875577703636E+01
6,0.3360,8.798828175508E+01,5.658980766841E+01,1.869995627137E+01
6,0.3370,8.788292263494E+01,5.619255844899E+01,1.864446678688E+01
6,0.3380,8.777816151588E+01,5.579765981666E+01,1.858930564254E+01
6,0.3390,8.767399323984E+01,5.540509096977E+01,1.853446993268E+01
6,0.3400,8.757041271007E+01,5.501483135139E+01,1.847995678582E+01
6,0.3410,8.764655118001E+01,5.478163705799E+01,1.842576336416E+01
6,0.3420,8.772223361357E+01,5.454980647391E+01,1.837188686310E+01
6,0.3430,8.779746410947E+01,5.431932767166E+01,1.831832451073E+01
6,0.3440,8.787224671817E+01,5.409018886245E+01,1.826507356738E+01
6,0.3450,8.794658544056E+01,5.386237839416E+01,1.821213132516E+01
6,0.3460,8.802048423131E+01,5.363588474938E+01,1.815949510746E+01
6,0.3470,8.809394699722E+01,5.341069654348E+01,1.810716226853E+01
6,0.3480,8.816697759871E+01,5.318680252267E+01,1.805513019304E+01
6,0.3490,8.823957985084E+01,5.296419156215E+01,1.800339629564E+01
6,0.3500,8.831175752369E+01,5.274285266427E+01,1.795195802051E+01
6,0.3510,8.905996540943E+01,5.264271040272E+01,1.790081284097E+01
6,0.3520,8.980274763548E+01,5.254313713129E+01,1.784995825903E+01
6,0.3530,9.054018763497E+01,5.244412801437E+01,1.779939180504E+01
6,0.3540,9.127236631492E+01,5.234567827100E+01,1.774911103723E+01
6,0.3550,9.199936217237E+01,5.224778317407E+01,1.769911354135E+01
6,0.3560,9.272125140965E+01,5.215043804959E+01,1.764939693028E+01
6,0.3570,9.343810803577E+01,5.205363827595E+01,1.759995884364E+01
6,0.3580,9.415000397167E+01,5.195737928317E+01,1.755079694743E+01
6,0.3590,9.485700913818E+01,5.186165655219E+01,1.750190893365E+01
6,0.3600,9.555919154691E+01,5.176646561415E+01,1.745329251994E+01
6,0.3610,9.689295322906E+01,5.023937503926E+01,1.740494544925E+01
6,0.3620,9.821632022531E+01,4.872072142888E+01,1.735686548945E+01
6,0.3630,9.952951958832E+01,4.721043505601E+01,1.730905043300E+01
6,0.3640,1.008327670751E+02,4.570844695992E+01,1.726149809665E+01
6,0.3650,1.021262679835E+02,4.421468893559E+01,1.721420632104E+01
6,0.3660,1.034102179191E+02,4.272909352342E+01,1.716717297044E+01
6,0.3670,1.046848034847E+02,4.125159399904E+01,1.712039593237E+01
6,0.3680,1.059502029169E+02,3.978212436339E+01,1.707387311734E+01
6,0.3690,1.072065866578E+02,3.832061933281E+01,1.702760245848E+01
6,0.3700,1.084541178838E+02,3.686701432942E+01,1.698158191130E+01
6,0.3710,1.076110287169E+02,3.469300566511E+01,1.693580945331E+01
6,0.3720,1.067715434722E+02,3.253068521943E+01,1.689028308382E+01
6,0.3730,1.059356189700E+02,3.037995898525E+01,1.684500082354E+01
6,0.3740,1.051032121777E+02,2.824073396088E+01,1.679996071438E+01
6,0.3750,1.042742802000E+02,2.611291813664E+01,1.675516081915E+01
6,0.3760,1.034487802679E+02,2.399642048168E+01,1.671059922122E+01
6,0.3770,1.026266697249E+02,2.189115093098E+01,1.666627402435E+01
6,0.3780,1.018079060187E+02,1.979702037262E+01,1.662218335233E+01
6,0.3790,1.009924466856E+02,1.771394063515E+01,1.657832534876E+01
6,0.3800,1.001802493417E+02,1.564182447524E+01,1.653469817679E+01
6,0.3810,9.882674481105E+01,1.477455568688E+01,1.649130001884E+01
6,0.3820,9.747732467979E+01,1.391182757281E+01,1.644812907639E+01
6,0.3830,9.613185708235E+01,1.305360456638E+01,1.640518356966E+01
6,0.3840,9.479020678307E+01,1.219985147144E+01,1.636246173745E+01
6,0.3850,9.345223492062E+01,1.135053345752E+01,1.631996183683E+01
6,0.3860,9.211779873257E+01,1.050561605506E+01,1.627768214295E+01
6,0.3870,9.078675125949E+01,9.665065150811E+00,1.623562094878E+01
6,0.3880,8.945894102227E+01,8.828846983181E+00,1.619377656490E+01
6,0.3890,8.813421167712E+01,7.996928137750E+00,1.615214731923E+01
6,0.3900,8.681240163782E+01,7.169275542807E+00,1.611073155687E+01
6,0.3910,8.576580596684E+01,6.911503837898E+00,1.606952763985E+01
6,0.3920,8.472195699965E+01,6.655047294747E+00,1.602853394689E+01
6,0.3930,8.368075926295E+01,6.399895873954E+00,1.598774887323E+01
6,0.3940,8.264211514762E+01,6.146039638038E+00,1.594717083041E+01
6,0.3950,8.160592476593E+01,5.893468750152E+00,1.590679824602E+01
6,0.3960,8.057208579257E+01,5.642173472811E+00,1.586662956358E+01
6,0.3970,7.954049330069E+01,5.392144166640E+00,1.582666324227E+01
6,0.3980,7.851103958144E+01,5.143371289143E+00,1.578689775673E+01
6,0.3990,7.748361395201E+01,4.895845393489E+00,1.574733159694E+01
6,0.4000,7.645810255021E+01,4.649557127313E+00,1.570796326795E+01
6,0.4010,7.569314406427E+01,4.529847561859E+00,1.566879128972E+01
6,0.4020,7.493009734072E+01,4.410733566383E+00,1.562981419696E+01
6,0.4030,7.416890565265E+01,4.292210707361E+00,1.559103053891E+01
6,0.4040,7.340951142703E+01,4.174274595166E+00,1.555243887916E+01
6,0.4050,7.265185618525E+01,4.056920883525E+00,1.551403779551E+01
6,0.4060,7.189588049252E+01,3.940145268985E+00,1.547582587975E+01
6,0.4070,7.114152389711E+01,3.823943490389E+00,1.543780173754E+01
6,0.4080,7.038872486799E+01,3.708311328355E+00,1.539996398819E+01
6,0.4090,6.963742072943E+01,3.593244604766E+00,1.536231126450E+01
6,0.4100,6.888754759535E+01,3.478739182268E+00,1.532484221263E+01
6,0.4110,6.826964542927E+01,3.392308563657E+00,1.528755549192E+01
6,0.4120,6.765315728036E+01,3.306297511157E+00,1.525044977471E+01
6,0.4130,6.703804220797E+01,3.220702977070E+00,1.521352374620E+01
6,0.4140,6.642425877569E+01,3.135521943148E+00,1.517677610430E+01
6,0.4150,6.581176501547E+01,3.050751420233E+00,1.514020555947E+01
6,0.4160,6.520051839819E+01,2.966388447909E+00,1.510381083457E+01
6,0.4170,6.459047580351E+01,2.882430094157E+00,1.506759066470E+01
6,0.4180,6.398159348344E+01,2.798873455016E+00,1.503154379708E+01
6,0.4190,6.337382702966E+01,2.715715654249E+00,1.499566899088E+01
6,0.4200,6.276713133238E+01,2.632953843009E+00,1.495996501709E+01
6,0.4210,6.223611378894E+01,2.569986959374E+00,1.492443065838E+01
6,0.4220,6.170616063951E+01,2.507318496988E+00,1.488906470896E+01
6,0.4230,6.117723840146E+01,2.444946339389E+00,1.485386597442E+01
6,0.4240,6.064931319928E+01,2.382868390081E+00,1.481883327165E+01
6,0.4250,6.012235073914E+01,2.321082572299E+00,1.478396542866E+01
6,0.4260,5.959631628851E+01,2.259586828779E+00,1.474926128446E+01
6,0.4270,5.907117465141E+01,2.198379121528E+00,1.471471968895E+01
6,0.4280,5.854689014372E+01,2.137457431601E+00,1.468033950276E+01
6,0.4290,5.802342656436E+01,2.076819758877E+00,1.464611959716E+01
6,0.4300,5.750074717315E+01,2.016464121839E+00,1.461205885391E+01
6,0.4310,5.703926073736E+01,1.966593266679E+00,1.457815616515E+01
6,0.4320,5.657857711973E+01,1.916953295107E+00,1.454441043329E+01
6,0.4330,5.611866862601E+01,1.867542607469E+00,1.451082057085E+01
6,0.4340,5.565950724559E+01,1.818359618852E+00,1.447738550041E+01
6,0.4350,5.520106463172E+01,1.769402758918E+00,1.444410415444E+01
6,0.4360,5.474331208957E+01,1.720670471737E+00,1.441097547518E+01
6,0.4370,5.428622055217E+01,1.672161215618E+00,1.437799841460E+01
6,0.4380,5.382976056541E+01,1.623873462951E+00,1.434517193420E+01
6,0.4390,5.337390226779E+01,1.575805700047E+00,1.431249500496E+01
6,0.4400,5.291861537025E+01,1.527956426973E+00,1.427996660723E+01
6,0.4410,5.249341106074E+01,1.495002020225E+00,1.424758573057E+01
6,0.4420,5.206877740880E+01,1.462196728440E+00,1.421535137371E+01
6,0.4430,5.164468805477E+01,1.429539541810E+00,1.418326254442E+01
6,0.4440,5.122111629051E+01,1.397029459624E+00,1.415131825941E+01
6,0.4450,5.079803504096E+01,1.364665490167E+00,1.411951754422E+01
6,0.4460,5.037541684570E+01,1.332446650618E+00,1.408785943314E+01
6,0.4470,4.995323383912E+01,1.300371966950E+00,1.405634296908E+01
6,0.4480,4.953145773518E+01,1.268440473834E+00,1.402496720353E+01
6,0.4490,4.911005980589E+01,1.236651214541E+00,1.399373119639E+01
6,0.4500,4.868901085883E+01,1.205003240845E+00,1.396263401595E+01
6,0.4510,4.830003541472E+01,1.181543941427E+00,1.393167473876E+01
6,0.4520,4.791143690941E+01,1.158188444218E+00,1.390085244951E+01
6,0.4530,4.752319075077E+01,1.134936061787E+00,1.387016624101E+01
6,0.4540,4.713527198593E+01,1.111786112760E+00,1.383961521405E+01
6,0.4550,4.674765528956E+01,1.088737921749E+00,1.380919847732E+01
6,0.4560,4.636031494581E+01,1.065790819296E+00,1.377891514732E+01
6,0.4570,4.597322482642E+01,1.042944141799E+00,1.374876434831E+01
6,0.4580,4.558635837942E+01,1.020197231453E+00,1.371874521218E+01
6,0.4590,4.519968860434E+01,9.975494361844E-01,1.368885687839E+01
6,0.4600,4.481318803551E+01,9.750001095908E-01,1.365909849387E+01
6,0.4610,4.445336972668E+01,9.602165502576E-01,1.362946921297E+01
6,0.4620,4.409375576254E+01,9.454969890167E-01,1.359996819736E+01
6,0.4630,4.373432256653E+01,9.308410111938E-01,1.357059461594E+01
6,0.4640,4.337504618378E+01,9.162482056890E-01,1.354134764478E+01
6,0.4650,4.301590226595E+01,9.017181649391E-01,1.351222646705E+01
6,0.4660,4.265686605704E+01,8.872504848791E-01,1.348323027292E+01
6,0.4670,4.229791237223E+01,8.728447649050E-01,1.345435825949E+01
6,0.4680,4.193901558221E+01,8.585006078367E-01,1.342560963073E+01
6,0.4690,4.158014959523E+01,8.442176198818E-01,1.339698359740E+01
6,0.4700,4.122128783734E+01,8.299954105990E-01,1.336847937698E+01
6,0.4710,4.088557519295E+01,8.187857561508E-01,1.334009619359E+01
6,0.4720,4.054990935856E+01,8.076236002383E-01,1.331183327792E+01
6,0.4730,4.021426725028E+01,7.965086416024E-01,1.328368986719E+01
6,0.4740,3.987862538156E+01,7.854405815261E-01,1.325566520502E+01
6,0.4750,3.954295985254E+01,7.744191238081E-01,1.322775854143E+01
6,0.4760,3.920724632993E+01,7.634439747359E-01,1.319996913273E+01
6,0.4770,3.887146003078E+01,7.525148430602E-01,1.317229624147E+01
6,0.4780,3.853557570773E+01,7.416314399690E-01,1.314473913636E+01
6,0.4790,3.819956762669E+01,7.307934790619E-01,1.311729709223E+01
6,0.4800,3.786340955306E+01,7.200006763252E-01,1.308996938996E+01
6,0.4810,3.754484536823E+01,7.108320372249E-01,1.306275531638E+01
6,0.4820,3.722616680421E+01,7.017014422703E-01,1.303565416427E+01
6,0.4830,3.690735022154E+01,6.926086551623E-01,1.300866523226E+01
6,0.4840,3.658837154047E+01,6.835534415547E-01,1.298178782475E+01
6,0.4850,3.626920622176E+01,6.745355690342E-01,1.295502125192E+01
6,0.4860,3.594982925279E+01,6.655548071001E-01,1.292836482959E+01
6,0.4870,3.563021513058E+01,6.566109271453E-01,1.290181787922E+01
6,0.4880,3.531033784748E+01,6.477037024362E-01,1.287537972783E+01
6,0.4890,3.499017087034E+01,6.388329080940E-01,1.284904970793E+01
6,0.4900,3.466968712791E+01,6.299983210756E-01,1.282282715751E+01
6,0.4910,3.437522614832E+01,6.223603818808E-01,1.279671141992E+01
6,0.4920,3.408054699530E+01,6.147534912194E-01,1.277070184386E+01
6,0.4930,3.378562752266E+01,6.071774601550E-01,1.274479778333E+01
6,0.4940,3.349044518461E+01,5.996321012811E-01,1.271899859753E+01
6,0.4950,3.319497702617E+01,5.921172287057E-01,1.269330365087E+01
6,0.4960,3.289919967243E+01,5.846326580358E-01,1.266771231286E+01
6,0.4970,3.260308931876E+01,5.771782063626E-01,1.264222395811E+01
6,0.4980,3.230662172447E+01,5.697536922463E-01,1.261683796622E+01
6,0.4990,3.200977219603E+01,5.623589357017E-01,1.259155372180E+01
6,0.5000,3.171251558887E+01,5.549937581832E-01,1.256637061436E+01
6,0.5010,3.142109671801E+01,5.478686762100E-01,1.254128803828E+01
6,0.5020,3.112926162927E+01,5.407719810176E-01,1.251630539279E+01
6,0.5030,3.083698545260E+01,5.337035033011E-01,1.249142208187E+01
6,0.5040,3.054424288328E+01,5.266630750993E-01,1.246663751425E+01
6,0.5050,3.025100818425E+01,5.196505297815E-01,1.244195110333E+01
6,0.5060,2.995725518099E+01,5.126657020341E-01,1.241736226715E+01
6,0.5070,2.966295727451E+01,5.057084278479E-01,1.239287042836E+01
6,0.5080,2.936808743492E+01,4.987785445049E-01,1.236847501413E+01
6,0.5090,2.907261821901E+01,4.918758905661E-01,1.234417545615E+01
6,0.5100,2.877652177976E+01,4.850003058583E-01,1.231997119055E+01
6,0.5110,2.849061072969E+01,4.804214475246E-01,1.229586165789E+01
6,0.5120,2.820410280758E+01,4.758604753562E-01,1.227184630309E+01
6,0.5130,2.791697219145E+01,4.713172847558E-01,1.224792457540E+01
6,0.5140,2.762919280080E+01,4.667917719397E-01,1.222409592836E+01
6,0.5150,2.734073834215E+01,4.622838339308E-01,1.220035981977E+01
6,0.5160,2.705158233620E+01,4.577933685497E-01,1.217671571159E+01
6,0.5170,2.676169818231E+01,4.533202744081E-01,1.215316306998E+01
6,0.5180,2.647105921534E+01,4.488644509002E-01,1.212970136521E+01
6,0.5190,2.617963878744E+01,4.444257981958E-01,1.210633007164E+01
6,0.5200,2.588741034654E+01,4.400042172326E-01,1.208304866765E+01
6,0.5210,2.560791657862E+01,4.351714847982E-01,1.205985663566E+01
6,0.5220,2.532768439222E+01,4.303572685800E-01,1.203675346203E+01
6,0.5230,2.504669154154E+01,4.255614623665E-01,1.201373863705E+01
6,0.5240,2.476491628311E+01,4.207839607569E-01,1.199081165492E+01
6,0.5250,2.448233753645E+01,4.160246591534E-01,1.196797201368E+01
6,0.5260,2.419893506371E+01,4.112834537537E-01,1.194521921517E+01
6,0.5270,2.391468967186E+01,4.065602415434E-01,1.192255276505E+01
6,0.5280,2.362958346225E+01,4.018549202884E-01,1.189997217269E+01
6,0.5290,2.334360011067E+01,3.971673885278E-01,1.187747695119E+01
6,0.5300,2.305672520190E+01,3.924975455662E-01,1.185506661732E+01
6,0.5310,2.277604464241E+01,3.884298288572E-01,1.183274069149E+01
6,0.5320,2.249451629309E+01,3.843774043163E-01,1.181049869771E+01
6,0.5330,2.221213410167E+01,3.803401858712E-01,1.178834016356E+01
6,0.5340,2.192889542468E+01,3.763180880945E-01,1.176626462019E+01
6,0.5350,2.164480164961E+01,3.723110261973E-01,1.174427160220E+01
6,0.5360,2.135985889050E+01,3.683189160236E-01,1.172236064772E+01
6,0.5370,2.107407879229E+01,3.643416740442E-01,1.170053129829E+01
6,0.5380,2.078747949274E+01,3.603792173510E-01,1.167878309885E+01
6,0.5390,2.050008669804E+01,3.564314636510E-01,1.165711559774E+01
6,0.5400,2.021193494395E+01,3.524983312611E-01,1.163552834663E+01
6,0.5410,1.993293807928E+01,3.491441805176E-01,1.161402090052E+01
6,0.5420,1.965334824262E+01,3.458024067141E-01,1.159259281767E+01
6,0.5430,1.937322722822E+01,3.424729414697E-01,1.157124365963E+01
6,0.5440,1.909265047538E+01,3.391557169064E-01,1.154997299114E+01
6,0.5450,1.881170915060E+01,3.358506656442E-01,1.152878038015E+01
6,0.5460,1.853051247833E+01,3.325577207969E-01,1.150766539776E+01
6,0.5470,1.824919038682E+01,3.292768159674E-01,1.148662761824E+01
6,0.5480,1.796789645778E+01,3.260078852430E-01,1.146566661894E+01
6,0.5490,1.768681121452E+01,3.227508631916E-01,1.144478198029E+01
6,0.5500,1.740614571569E+01,3.195056848567E-01,1.142397328578E+01
6,0.5510,1.713362045018E+01,3.164057036630E-01,1.140324012192E+01
6,0.5520,1.686199249014E+01,3.133169542852E-01,1.138258207822E+01
6,0.5530,1.659155859006E+01,3.102393757912E-01,1.136199874716E+01
6,0.5540,1.632265702070E+01,3.071729076889E-01,1.134148972415E+01
6,0.5550,1.605567097095E+01,3.041174899221E-01,1.132105460753E+01
6,0.5560,1.579103145529E+01,3.010730628667E-01,1.130069299852E+01
6,0.5570,1.552921932795E+01,2.980395673267E-01,1.128040450122E+01
6,0.5580,1.527076600359E+01,2.950169445307E-01,1.126018872254E+01
6,0.5590,1.501625227607E+01,2.920051361274E-01,1.124004527224E+01
6,0.5600,1.476630465617E+01,2.890040841827E-01,1.121997376282E+01
6,0.5610,1.452600138668E+01,2.866666896486E-01,1.119997380959E+01
6,0.5620,1.429138084065E+01,2.843376132444E-01,1.118004503057E+01
6,0.5630,1.406310894768E+01,2.820168106464E-01,1.116018704650E+01
6,0.5640,1.384184813704E+01,2.797042378447E-01,1.114039948081E+01
6,0.5650,1.362823740723E+01,2.773998511415E-01,1.112068195961E+01
6,0.5660,1.342287007985E+01,2.751036071475E-01,1.110103411162E+01
6,0.5670,1.322627072169E+01,2.728154627795E-01,1.108145556822E+01
6,0.5680,1.303887310751E+01,2.705353752579E-01,1.106194596334E+01
6,0.5690,1.286100135625E+01,2.682633021037E-01,1.104250493353E+01
6,0.5700,1.269285622792E+01,2.659992011361E-01,1.102313211786E+01
6,0.5710,1.253859931962E+01,2.637650381238E-01,1.100382715793E+01
6,0.5720,1.239350484551E+01,2.615386868703E-01,1.098458969787E+01
6,0.5730,1.225741188542E+01,2.593201064764E-01,1.096541938426E+01
6,0.5740,1.213006267960E+01,2.571092563277E-01,1.094631586617E+01
6,0.5750,1.201111798807E+01,2.549060960926E-01,1.092727879509E+01
6,0.5760,1.190017462093E+01,2.527105857194E-01,1.090830782496E+01
6,0.5770,1.179678354395E+01,2.505226854341E-01,1.088940261210E+01
6,0.5780,1.170046720367E+01,2.483423557381E-01,1.087056281519E+01
6,0.5790,1.161073505879E+01,2.461695574055E-01,1.085178809530E+01
6,0.5800,1.152709672863E+01,2.440042514809E-01,1.083307811583E+01
6,0.5810,1.145026658054E+01,2.420237559709E-01,1.081443254248E+01
6,0.5820,1.137838834512E+01,2.400500662874E-01,1.079585104326E+01
6,0.5830,1.131105101557E+01,2.380831474090E-01,1.077733328847E+01
6,0.5840,1.124786883912E+01,2.361229645541E-01,1.075887895065E+01
6,0.5850,1.118848304149E+01,2.341694831791E-01,1.074048770458E+01
6,0.5860,1.113256239414E+01,2.322226689760E-01,1.072215922727E+01
6,0.5870,1.107980291619E+01,2.302824878708E-01,1.070389319792E+01
6,0.5880,1.102992696016E+01,2.283489060209E-01,1.068568929792E+01
6,0.5890,1.098268188626E+01,2.264218898141E-01,1.066754721083E+01
6,0.5900,1.093783848381E+01,2.245014058655E-01,1.064946662234E+01
6,0.5910,1.089570313989E+01,2.229021118543E-01,1.063144722027E+01
6,0.5920,1.085549611783E+01,2.213082208635E-01,1.061348869456E+01
6,0.5930,1.081705816945E+01,2.197197055589E-01,1.059559073723E+01
6,0.5940,1.078024532994E+01,2.181365387908E-01,1.057775304239E+01
6,0.5950,1.074492750883E+01,2.165586935916E-01,1.055997530618E+01
6,0.5960,1.071098717637E+01,2.149861431749E-01,1.054225722681E+01
6,0.5970,1.067831814923E+01,2.134188609339E-01,1.052459850449E+01
6,0.5980,1.064682447911E+01,2.118568204394E-01,1.050699884144E+01
6,0.5990,1.061641944075E+01,2.102999954392E-01,1.048945794187E+01
6,0.6000,1.058702461622E+01,2.087483598555E-01,1.047197551197E+01
6,0.6010,1.055868964937E+01,2.068453875867E-01,1.045455125987E+01
6,0.6020,1.053121257689E+01,2.049487374849E-01,1.043718489565E+01
6,0.6030,1.050453701668E+01,2.030583780965E-01,1.041987613131E+01
6,0.6040,1.047861183540E+01,2.011742781763E-01,1.040262468076E+01
6,0.6050,1.045339064126E+01,1.992964066856E-01,1.038543025980E+01
6,0.6060,1.042883132981E+01,1.974247327905E-01,1.036829258610E+01
6,0.6070,1.040489567811E+01,1.955592258606E-01,1.035121137921E+01
6,0.6080,1.038154898177E+01,1.936998554665E-01,1.033418636049E+01
6,0.6090,1.035875973200E+01,1.918465913792E-01,1.031721725317E+01
6,0.6100,1.033649932556E+01,1.899994035676E-01,1.030030378226E+01
6,0.6110,1.031485292448E+01,1.885788551254E-01,1.028344567460E+01
6,0.6120,1.029366718583E+01,1.871629489983E-01,1.026664265879E+01
6,0.6130,1.027292200936E+01,1.857516624670E-01,1.024989446522E+01
6,0.6140,1.025259915643E+01,1.843449729604E-01,1.023320082603E+01
6,0.6150,1.023268210327E+01,1.829428580537E-01,1.021656147509E+01
6,0.6160,1.021315590991E+01,1.815452954681E-01,1.019997614802E+01
6,0.6170,1.019400710380E+01,1.801522630692E-01,1.018344458214E+01
6,0.6180,1.017522357614E+01,1.787637388658E-01,1.016696651647E+01
6,0.6190,1.015679448992E+01,1.773797010088E-01,1.015054169173E+01
6,0.6200,1.013871019862E+01,1.760001277900E-01,1.013416985029E+01
6,0.6210,1.012097842916E+01,1.747828361126E-01,1.011785073620E+01
6,0.6220,1.010356872069E+01,1.735694585564E-01,1.010158409514E+01
6,0.6230,1.008647474425E+01,1.723599762732E-01,1.008536967445E+01
6,0.6240,1.006969108146E+01,1.711543705359E-01,1.006920722304E+01
6,0.6250,1.005321318643E+01,1.699526227368E-01,1.005309649149E+01
7,0.3000,9.235176382841E+01,8.867668863533E+01,2.094395102393E+01
7,0.3010,9.230292532174E+01,8.705447177761E+01,2.087436979129E+01
7,0.3020,9.225440560745E+01,8.544299807790E+01,2.080524936152E+01
7,0.3030,9.220620156902E+01,8.384216116828E+01,2.073658517221E+01
7,0.3040,9.215831013029E+01,8.225185608043E+01,2.066837272099E+01
7,0.3050,9.211072825491E+01,8.067197922267E+01,2.060060756452E+01
7,0.3060,9.206345294605E+01,7.910242835745E+01,2.053328531758E+01
7,0.3070,9.201648124648E+01,7.754310257929E+01,2.046640165205E+01
7,0.3080,9.196981023510E+01,7.599390229320E+01,2.039995229604E+01
7,0.3090,9.192343702931E+01,7.445472919343E+01,2.033393303294E+01
7,0.3100,9.187735878300E+01,7.292548624268E+01,2.026833970058E+01
7,0.3110,9.148331343753E+01,7.209500568704E+01,2.020316819029E+01
7,0.3120,9.109147945159E+01,7.126984872471E+01,2.013841444609E+01
7,0.3130,9.070183491802E+01,7.044996433082E+01,2.007407446383E+01
7,0.3140,9.031435820460E+01,6.963530213053E+01,2.001014429038E+01
7,0.3150,8.992902794597E+01,6.882581238864E+01,1.994662002279E+01
7,0.3160,8.954582304480E+01,6.802144599956E+01,1.988349780753E+01
7,0.3170,8.916472266188E+01,6.722215447729E+01,1.982077383968E+01
7,0.3180,8.878570621644E+01,6.642788994572E+01,1.975844436220E+01
7,0.3190,8.840875337916E+01,6.563860512908E+01,1.969650566514E+01
7,0.3200,8.803384406949E+01,6.485425334254E+01,1.963495408494E+01
7,0.3210,8.786420914711E+01,6.425486731426E+01,1.957378600367E+01
7,0.3220,8.769556305714E+01,6.365920418057E+01,1.951299784838E+01
7,0.3230,8.752789687266E+01,6.306722936349E+01,1.945258609034E+01
7,0.3240,8.736120177435E+01,6.247890871195E+01,1.939254724438E+01
7,0.3250,8.719546905112E+01,6.189420849519E+01,1.933287786824E+01
7,0.3260,8.703069009625E+01,6.131309539632E+01,1.927357456190E+01
7,0.3270,8.686685640831E+01,6.073553650601E+01,1.921463396691E+01
7,0.3280,8.670395958586E+01,6.016149931624E+01,1.915605276579E+01
7,0.3290,8.654199133078E+01,5.959095171426E+01,1.909782768140E+01
7,0.3300,8.638094344202E+01,5.902386197654E+01,1.903995547630E+01
7,0.3310,8.627025863661E+01,5.861205822652E+01,1.898243295220E+01
7,0.3320,8.616021166565E+01,5.820273522199E+01,1.892525694934E+01
7,0.3330,8.605079694118E+01,5.779587061388E+01,1.886842434588E+01
7,0.3340,8.594200894124E+01,5.739144232079E+01,1.881193205742E+01
7,0.3350,8.583384220957E+01,5.698942852497E+01,1.875577703636E+01
7,0.3360,8.572629135214E+01,5.658980766841E+01,1.869995627137E+01
7,0.3370,8.561935103788E+01,5.619255844899E+01,1.864446678688E+01
7,0.3380,8.551301599957E+01,5.579765981666E+01,1.858930564254E+01
7,0.3390,8.540728102908E+01,5.540509096977E+01,1.853446993268E+01
7,0.3400,8.530214097845E+01,5.501483135139E+01,1.847995678582E+01
7,0.3410,8.537957813444E+01,5.478163705799E+01,1.842576336416E+01
7,0.3420,8.545654951489E+01,5.454980647391E+01,1.837188686310E+01
7,0.3430,8.553305933215E+01,5.431932767166E+01,1.831832451073E+01
7,0.3440,8.560911174559E+01,5.409018886245E+01,1.826507356738E+01
7,0.3450,8.568471086609E+01,5.386237839416E+01,1.821213132516E+01
7,0.3460,8.575986075456E+01,5.363588474938E+01,1.815949510746E+01
7,0.3470,8.583456542212E+01,5.341069654348E+01,1.810716226853E+01
7,0.3480,8.590882883414E+01,5.318680252267E+01,1.805513019304E+01
7,0.3490,8.598265490706E+01,5.296419156215E+01,1.800339629564E+01
7,0.3500,8.605604751193E+01,5.274285266427E+01,1.795195802051E+01
7,0.3510,8.681604878170E+01,5.264271040272E+01,1.790081284097E+01
7,0.3520,8.757042685533E+01,5.254313713129E+01,1.784995825903E+01
7,0.3530,8.831927043689E+01,5.244412801437E+01,1.779939180504E+01
7,0.3540,8.906266549625E+01,5.234567827100E+01,1.774911103723E+01
7,0.3550,8.980069540065E+01,5.224778317407E+01,1.769911354135E+01
7,0.3560,9.053344103560E+01,5.215043804959E+01,1.764939693028E+01
7,0.3570,9.126098092368E+01,5.205363827595E+01,1.759995884364E+01
7,0.3580,9.198339132953E+01,5.195737928317E+01,1.755079694743E+01
7,0.3590,9.270074636199E+01,5.186165655219E+01,1.750190893365E+01
7,0.3600,9.341311807220E+01,5.176646561415E+01,1.745329251994E+01
7,0.3610,9.476594497305E+01,5.023937503926E+01,1.740494544925E+01
7,0.3620,9.610792502806E+01,4.872072142888E+01,1.735686548945E+01
7,0.3630,9.743930201802E+01,4.721043505601E+01,1.730905043300E+01
7,0.3640,9.876030754288E+01,4.570844695992E+01,1.726149809665E+01
7,0.3650,1.000711619220E+02,4.421468893559E+01,1.721420632104E+01
7,0.3660,1.013720750196E+02,4.272909352342E+01,1.716717297044E+01
7,0.3670,1.026632469887E+02,4.125159399904E+01,1.712039593237E+01
7,0.3680,1.039448689515E+02,3.978212436339E+01,1.707387311734E+01
7,0.3690,1.052171236207E+02,3.832061933281E+01,1.702760245848E+01
7,0.3700,1.064801858630E+02,3.686701432942E+01,1.698158191130E+01
7,0.3710,1.056266778119E+02,3.469300566511E+01,1.693580945331E+01
7,0.3720,1.047767188277E+02,3.253068521943E+01,1.689028308382E+01
7,0.3730,1.039302652644E+02,3.037995898525E+01,1.684500082354E+01
7,0.3740,1.030872736167E+02,2.824073396088E+01,1.679996071438E+01
7,0.3750,1.022477005105E+02,2.611291813664E+01,1.675516081915E+01
7,0.3760,1.014115026907E+02,2.399642048168E+01,1.671059922122E+01
7,0.3770,1.005786370088E+02,2.189115093098E+01,1.666627402435E+01
7,0.3780,9.974906041251E+01,1.979702037262E+01,1.662218335233E+01
7,0.3790,9.892272993126E+01,1.771394063515E+01,1.657832534876E+01
7,0.3800,9.809960266737E+01,1.564182447524E+01,1.653469817679E+01
7,0.3810,9.672762708664E+01,1.477455568688E+01,1.649130001884E+01
7,0.3820,9.535949815728E+01,1.391182757281E+01,1.644812907639E+01
7,0.3830,9.399507903673E+01,1.305360456638E+01,1.640518356966E+01
7,0.3840,9.263422934556E+01,1.219985147144E+01,1.636246173745E+01
7,0.3850,9.127680490285E+01,1.135053345752E+01,1.631996183683E+01
7,0.3860,8.992265744094E+01,1.050561605506E+01,1.627768214295E+01
7,0.3870,8.857163429751E+01,9.665065150811E+00,1.623562094878E+01
7,0.3880,8.722357808228E+01,8.828846983181E+00,1.619377656490E+01
7,0.3890,8.587832631645E+01,7.996928137750E+00,1.615214731923E+01
7,0.3900,8.453571104137E+01,7.169275542807E+00,1.611073155687E+01
7,0.3910,8.347241840756E+01,6.911503837898E+00,1.606952763985E+01
7,0.3920,8.241170588896E+01,6.655047294747E+00,1.602853394689E+01
7,0.3930,8.135347512091E+01,6.399895873954E+00,1.598774887323E+01
7,0.3940,8.029762551106E+01,6.146039638038E+00,1.594717083041E+01
7,0.3950,7.924405408689E+01,5.893468750152E+00,1.590679824602E+01
7,0.3960,7.819265533688E+01,5.642173472811E+00,1.586662956358E+01
7,0.3970,7.714332103323E+01,5.392144166640E+00,1.582666324227E+01
7,0.3980,7.609594004631E+01,5.143371289143E+00,1.578689775673E+01
7,0.3990,7.505039814755E+01,4.895845393489E+00,1.574733159694E+01
7,0.4000,7.400657778962E+01,4.649557127313E+00,1.570796326795E+01
7,0.4010,7.322783615311E+01,4.529847561859E+00,1.566879128972E+01
7,0.4020,7.245091399522E+01,4.410733566383E+00,1.562981419696E+01
7,0.4030,7.167575336552E+01,4.292210707361E+00,1.559103053891E+01
7,0.4040,7.090229542355E+01,4.174274595166E+00,1.555243887916E+01
7,0.4050,7.013048038839E+01,4.056920883525E+00,1.551403779551E+01
7,0.4060,6.936024747868E+01,3.940145268985E+00,1.547582587975E+01
7,0.4070,6.859153484762E+01,3.823943490389E+00,1.543780173754E+01
7,0.4080,6.782427952493E+01,3.708311328355E+00,1.539996398819E+01
7,0.4090,6.705841734379E+01,3.593244604766E+00,1.536231126450E+01
7,0.4100,6.629388286731E+01,3.478739182268E+00,1.532484221263E+01
7,0.4110,6.566382193364E+01,3.392308563657E+00,1.528755549192E+01
7,0.4120,6.503511418603E+01,3.306297511157E+00,1.525044977471E+01
7,0.4130,6.440771795279E+01,3.220702977070E+00,1.521352374620E+01
7,0.4140,6.378159103589E+01,3.135521943148E+00,1.517677610430E+01
7,0.4150,6.315669068092E+01,3.050751420233E+00,1.514020555947E+01
7,0.4160,6.253297354569E+01,2.966388447909E+00,1.510381083457E+01
7,0.4170,6.191039566567E+01,2.882430094157E+00,1.506759066470E+01
7,0.4180,6.128891241734E+01,2.798873455016E+00,1.503154379708E+01
7,0.4190,6.066847848185E+01,2.715715654249E+00,1.499566899088E+01
7,0.4200,6.004904780471E+01,2.632953843009E+00,1.495996501709E+01
7,0.4210,5.950682926309E+01,2.569986959374E+00,1.492443065838E+01
7,0.4220,5.896562934974E+01,2.507318496988E+00,1.488906470896E+01
7,0.4230,5.842541400220E+01,2.444946339389E+00,1.485386597442E+01
7,0.4240,5.788614873919E+01,2.382868390081E+00,1.481883327165E+01
7,0.4250,5.734779863935E+01,2.321082572299E+00,1.478396542866E+01
7,0.4260,5.681032831638E+01,2.259586828779E+00,1.474926128446E+01
7,0.4270,5.627370189270E+01,2.198379121528E+00,1.471471968895E+01
7,0.4280,5.573788297309E+01,2.137457431601E+00,1.468033950276E+01
7,0.4290,5.520283461954E+01,2.076819758877E+00,1.464611959716E+01
7,0.4300,5.466851931726E+01,2.016464121839E+00,1.461205885391E+01
7,0.4310,5.419672510960E+01,1.966593266679E+00,1.457815616515E+01
7,0.4320,5.372569912886E+01,1.916953295107E+00,1.454441043329E+01
7,0.4330,5.325541318190E+01,1.867542607469E+00,1.451082057085E+01
7,0.4340,5.278583873466E+01,1.818359618852E+00,1.447738550041E+01
7,0.4350,5.231694689896E+01,1.769402758918E+00,1.444410415444E+01
7,0.4360,5.184870840833E+01,1.720670471737E+00,1.441097547518E+01
7,0.4370,5.138109360354E+01,1.672161215618E+00,1.437799841460E+01
7,0.4380,5.091407240905E+01,1.623873462951E+00,1.434517193420E+01
7,0.4390,5.044761431450E+01,1.575805700047E+00,1.431249500496E+01
7,0.4400,4.998168834726E+01,1.527956426973E+00,1.427996660723E+01
7,0.4410,4.954651620770E+01,1.495002020225E+00,1.424758573057E+01
7,0.4420,4.911188279485E+01,1.462196728440E+00,1.421535137371E+01
7,0.4430,4.867776117013E+01,1.429539541810E+00,1.418326254442E+01
7,0.4440,4.824412401932E+01,1.397029459624E+00,1.415131825941E+01
7,0.4450,4.781094362989E+01,1.364665490167E+00,1.411951754422E+01
7,0.4460,4.737819187451E+01,1.332446650618E+00,1.408785943314E+01
7,0.4470,4.694584018811E+01,1.300371966950E+00,1.405634296908E+01
7,0.4480,4.651385955083E+01,1.268440473834E+00,1.402496720353E+01
7,0.4490,4.608222046011E+01,1.236651214541E+00,1.399373119639E+01
7,0.4500,4.565089291231E+01,1.205003240845E+00,1.396263401595E+01
7,0.4510,4.525240346801E+01,1.181543941427E+00,1.393167473876E+01
7,0.4520,4.485426166829E+01,1.158188444218E+00,1.390085244951E+01
7,0.4530,4.445644224729E+01,1.134936061787E+00,1.387016624101E+01
7,0.4540,4.405891954690E+01,1.111786112760E+00,1.383961521405E+01
7,0.4550,4.366166750104E+01,1.088737921749E+00,1.380919847732E+01
7,0.4560,4.326465961052E+01,1.065790819296E+00,1.377891514732E+01
7,0.4570,4.286786892831E+01,1.042944141799E+00,1.374876434831E+01
7,0.4580,4.247126803713E+01,1.020197231453E+00,1.371874521218E+01
7,0.4590,4.207482902698E+01,9.975494361844E-01,1.368885687839E+01
7,0.4600,4.167852347345E+01,9.750001095908E-01,1.365909849387E+01
7,0.4610,4.130956590433E+01,9.602165502576E-01,1.362946921297E+01
7,0.4620,4.094078369852E+01,9.454969890167E-01,1.359996819736E+01
7,0.4630,4.057215244476E+01,9.308410111938E-01,1.357059461594E+01
7,0.4640,4.020364731031E+01,9.162482056890E-01,1.354134764478E+01
7,0.4650,3.983524302611E+01,9.017181649391E-01,1.351222646705E+01
7,0.4660,3.946691386048E+01,8.872504848791E-01,1.348323027292E+01
7,0.4670,3.909863360411E+01,8.728447649050E-01,1.345435825949E+01
7,0.4680,3.873037554607E+01,8.585006078367E-01,1.342560963073E+01
7,0.4690,3.836211245372E+01,8.442176198818E-01,1.339698359740E+01
7,0.4700,3.799381654795E+01,8.299954105990E-01,1.336847937698E+01
7,0.4710,3.764927288169E+01,8.187857561508E-01,1.334009619359E+01
7,0.4720,3.730474499045E+01,8.076236002383E-01,1.331183327792E+01
7,0.4730,3.696020870667E+01,7.965086416024E-01,1.328368986719E+01
7,0.4740,3.661563940729E+01,7.854405815261E-01,1.325566520502E+01
7,0.4750,3.627101198694E+01,7.744191238081E-01,1.322775854143E+01
7,0.4760,3.592630084680E+01,7.634439747359E-01,1.319996913273E+01
7,0.4770,3.558147986474E+01,7.525148430602E-01,1.317229624147E+01
7,0.4780,3.523652237667E+01,7.416314399690E-01,1.314473913636E+01
7,0.4790,3.489140115691E+01,7.307934790619E-01,1.311729709223E+01
7,0.4800,3.454608838848E+01,7.200006763252E-01,1.308996938996E+01
7,0.4810,3.421884176397E+01,7.108320372249E-01,1.306275531638E+01
7,0.4820,3.389144355759E+01,7.017014422703E-01,1.303565416427E+01
7,0.4830,3.356386862256E+01,6.926086551623E-01,1.300866523226E+01
7,0.4840,3.323609128468E+01,6.835534415547E-01,1.298178782475E+01
7,0.4850,3.290808532314E+01,6.745355690342E-01,1.295502125192E+01
7,0.4860,3.257982394619E+01,6.655548071001E-01,1.292836482959E+01
7,0.4870,3.225127976957E+01,6.566109271453E-01,1.290181787922E+01
7,0.4880,3.192242479347E+01,6.477037024362E-01,1.287537972783E+01
7,0.4890,3.159323037675E+01,6.388329080940E-01,1.284904970793E+01
7,0.4900,3.126366721429E+01,6.299983210756E-01,1.282282715751E+01
7,0.4910,3.096087893668E+01,6.223603818808E-01,1.279671141992E+01
7,0.4920,3.065782974116E+01,6.147534912194E-01,1.277070184386E+01
7,0.4930,3.035449558135E+01,6.071774601550E-01,1.274479778333E+01
7,0.4940,3.005085190462E+01,5.996321012811E-01,1.271899859753E+01
7,0.4950,2.974687363600E+01,5.921172287057E-01,1.269330365087E+01
7,0.4960,2.944253516369E+01,5.846326580358E-01,1.266771231286E+01
7,0.4970,2.913781031711E+01,5.771782063626E-01,1.264222395811E+01
7,0.4980,2.883267235250E+01,5.697536922463E-01,1.261683796622E+01
7,0.4990,2.852709393323E+01,5.623589357017E-01,1.259155372180E+01
7,0.5000,2.822104711418E+01,5.549937581832E-01,1.256637061436E+01
7,0.5010,2.792097768632E+01,5.478686762100E-01,1.254128803828E+01
7,0.5020,2.762042894345E+01,5.407719810176E-01,1.251630539279E+01
7,0.5030,2.731937295751E+01,5.337035033011E-01,1.249142208187E+01
7,0.5040,2.701778118576E+01,5.266630750993E-01,1.246663751425E+01
7,0.5050,2.671562446657E+01,5.196505297815E-01,1.244195110333E+01
7,0.5060,2.641287300302E+01,5.126657020341E-01,1.241736226715E+01
7,0.5070,2.610949636063E+01,5.057084278479E-01,1.239287042836E+01
7,0.5080,2.580546344899E+01,4.987785445049E-01,1.236847501413E+01
7,0.5090,2.550074252657E+01,4.918758905661E-01,1.234417545615E+01
7,0.5100,2.519530120025E+01,4.850003058583E-01,1.231997119055E+01
7,0.5110,2.490032989068E+01,4.804214475246E-01,1.229586165789E+01
7,0.5120,2.460466912308E+01,4.758604753562E-01,1.227184630309E+01
7,0.5130,2.430828840056E+01,4.713172847558E-01,1.224792457540E+01
7,0.5140,2.401115671092E+01,4.667917719397E-01,1.222409592836E+01
7,0.5150,2.371324256350E+01,4.622838339308E-01,1.220035981977E+01
7,0.5160,2.341451401287E+01,4.577933685497E-01,1.217671571159E+01
7,0.5170,2.311493870912E+01,4.533202744081E-01,1.215316306998E+01
7,0.5180,2.281448395385E+01,4.488644509002E-01,1.212970136521E+01
7,0.5190,2.251311677311E+01,4.444257981958E-01,1.210633007164E+01
7,0.5200,2.221080400737E+01,4.400042172326E-01,1.208304866765E+01
7,0.5210,2.192161543721E+01,4.351714847982E-01,1.205985663566E+01
7,0.5220,2.163155527337E+01,4.303572685800E-01,1.203675346203E+01
7,0.5230,2.134059507203E+01,4.255614623665E-01,1.201373863705E+01
7,0.5240,2.104870673528E+01,4.207839607569E-01,1.199081165492E+01
7,0.5250,2.075586270644E+01,4.160246591534E-01,1.196797201368E+01
7,0.5260,2.046203620517E+01,4.112834537537E-01,1.194521921517E+01
7,0.5270,2.016720151297E+01,4.065602415434E-01,1.192255276505E+01
7,0.5280,1.987133431519E+01,4.018549202884E-01,1.189997217269E+01
7,0.5290,1.957441212005E+01,3.971673885278E-01,1.187747695119E+01
7,0.5300,1.927641477116E+01,3.924975455662E-01,1.185506661732E+01
7,0.5310,1.898474301348E+01,3.884298288572E-01,1.183274069149E+01
7,0.5320,1.869204295414E+01,3.843774043163E-01,1.181049869771E+01
7,0.5330,1.839830598708E+01,3.803401858712E-01,1.178834016356E+01
7,0.5340,1.810352856648E+01,3.763180880945E-01,1.176626462019E+01
7,0.5350,1.780771337831E+01,3.723110261973E-01,1.174427160220E+01
7,0.5360,1.751087077661E+01,3.683189160236E-01,1.172236064772E+01
7,0.5370,1.721302054733E+01,3.643416740442E-01,1.170053129829E+01
7,0.5380,1.691419408630E+01,3.603792173510E-01,1.167878309885E+01
7,0.5390,1.661443709975E+01,3.564314636510E-01,1.165711559774E+01
7,0.5400,1.631381296308E+01,3.524983312611E-01,1.163552834663E+01
7,0.5410,1.602277196821E+01,3.491441805176E-01,1.161402090052E+01
7,0.5420,1.573112774482E+01,3.458024067141E-01,1.159259281767E+01
7,0.5430,1.543900860313E+01,3.424729414697E-01,1.157124365963E+01
7,0.5440,1.514657878294E+01,3.391557169064E-01,1.154997299114E+01
7,0.5450,1.485404749148E+01,3.358506656442E-01,1.152878038015E+01
7,0.5460,1.456168057597E+01,3.325577207969E-01,1.150766539776E+01
7,0.5470,1.426981581642E+01,3.292768159674E-01,1.148662761824E+01
7,0.5480,1.397888317567E+01,3.260078852430E-01,1.146566661894E+01
7,0.5490,1.368943203750E+01,3.227508631916E-01,1.144478198029E+01
7,0.5500,1.340216851066E+01,3.195056848567E-01,1.142397328578E+01
7,0.5510,1.312559715415E+01,3.164057036630E-01,1.140324012192E+01
7,0.5520,1.285305530336E+01,3.133169542852E-01,1.138258207822E+01
7,0.5530,1.258598058612E+01,3.102393757912E-01,1.136199874716E+01
7,0.5540,1.232630002894E+01,3.071729076889E-01,1.134148972415E+01
7,0.5550,1.207665694635E+01,3.041174899221E-01,1.132105460753E+01
7,0.5560,1.184079212382E+01,3.010730628667E-01,1.130069299852E+01
7,0.5570,1.162423587616E+01,2.980395673267E-01,1.128040450122E+01
7,0.5580,1.143570654438E+01,2.950169445307E-01,1.126018872254E+01
7,0.5590,1.129041759003E+01,2.920051361274E-01,1.124004527224E+01
7,0.3000,9.134407623359E+01,8.867668863533E+01,2.094395102393E+01
7,0.3010,9.129410618137E+01,8.705447177761E+01,2.087436979129E+01
7,0.3020,9.124446095187E+01,8.544299807790E+01,2.080524936152E+01
7,0.3030,9.119513738050E+01,8.384216116828E+01,2.073658517221E+01
7,0.3040,9.114613234555E+01,8.225185608043E+01,2.066837272099E+01
7,0.3050,9.109744276457E+01,8.067197922267E+01,2.060060756452E+01
7,0.3060,9.104906559446E+01,7.910242835745E+01,2.053328531758E+01
7,0.3070,9.100099783166E+01,7.754310257929E+01,2.046640165205E+01
7,0.3080,9.095323651206E+01,7.599390229320E+01,2.039995229604E+01
7,0.3090,9.090577870722E+01,7.445472919343E+01,2.033393303294E+01
7,0.3100,9.085862152786E+01,7.292548624268E+01,2.026833970058E+01
7,0.3110,9.045661534634E+01,7.209500568704E+01,2.020316819029E+01
7,0.3120,9.005677333839E+01,7.126984872471E+01,2.013841444609E+01
7,0.3130,8.965907329305E+01,7.044996433082E+01,2.007407446383E+01
7,0.3140,8.926349327062E+01,6.963530213053E+01,2.001014429038E+01
7,0.3150,8.887001159656E+01,6.882581238864E+01,1.994662002279E+01
7,0.3160,8.847860685813E+01,6.802144599956E+01,1.988349780753E+01
7,0.3170,8.808925790069E+01,6.722215447729E+01,1.982077383968E+01
7,0.3180,8.770194382207E+01,6.642788994572E+01,1.975844436220E+01
7,0.3190,8.731664397040E+01,6.563860512908E+01,1.969650566514E+01
7,0.3200,8.693333793713E+01,6.485425334254E+01,1.963495408494E+01
7,0.3210,8.675977099285E+01,6.425486731426E+01,1.957378600367E+01
7,0.3220,8.658719520450E+01,6.365920418057E+01,1.951299784838E+01
7,0.3230,8.641560165461E+01,6.306722936349E+01,1.945258609034E+01
7,0.3240,8.624498153443E+01,6.247890871195E+01,1.939254724438E+01
7,0.3250,8.607532614156E+01,6.189420849519E+01,1.933287786824E+01
7,0.3260,8.590662687975E+01,6.131309539632E+01,1.927357456190E+01
7,0.3270,8.573887525513E+01,6.073553650601E+01,1.921463396691E+01
7,0.3280,8.557206287715E+01,6.016149931624E+01,1.915605276579E+01
7,0.3290,8.540618145525E+01,5.959095171426E+01,1.909782768140E+01
7,0.3300,8.524122279788E+01,5.902386197654E+01,1.903995547630E+01
7,0.3310,8.512778271242E+01,5.861205822652E+01,1.898243295220E+01
7,0.3320,8.501498674766E+01,5.820273522199E+01,1.892525694934E+01
7,0.3330,8.490282929847E+01,5.779587061388E+01,1.886842434588E+01
7,0.3340,8.479130482497E+01,5.739144232079E+01,1.881193205742E+01
7,0.3350,8.468040785352E+01,5.698942852497E+01,1.875577703636E+01
7,0.3360,8.457013297367E+01,5.658980766841E+01,1.869995627137E+01
7,0.3370,8.446047483691E+01,5.619255844899E+01,1.864446678688E+01
7,0.3380,8.435142815831E+01,5.579765981666E+01,1.858930564254E+01
7,0.3390,8.424298771310E+01,5.540509096977E+01,1.853446993268E+01
7,0.3400,8.413514833705E+01,5.501483135139E+01,1.847995678582E+01
7,0.3410,8.421427431139E+01,5.478163705799E+01,1.842576336416E+01
7,0.3420,8.429292171237E+01,5.454980647391E+01,1.837188686310E+01
7,0.3430,8.437109489105E+01,5.431932767166E+01,1.831832451073E+01
7,0.3440,8.444879814450E+01,5.409018886245E+01,1.826507356738E+01
7,0.3450,8.452603571866E+01,5.386237839416E+01,1.821213132516E+01
7,0.3460,8.460281180908E+01,5.363588474938E+01,1.815949510746E+01
7,0.3470,8.467913055865E+01,5.341069654348E+01,1.810716226853E+01
7,0.3480,8.475499606291E+01,5.318680252267E+01,1.805513019304E+01
7,0.3490,8.483041236708E+01,5.296419156215E+01,1.800339629564E+01
7,0.3500,8.490538346913E+01,5.274285266427E+01,1.795195802051E+01
7,0.3510,8.568296248228E+01,5.264271040272E+01,1.790081284097E+01
7,0.3520,8.645440373424E+01,5.254313713129E+01,1.784995825903E+01
7,0.3530,8.721981716192E+01,5.244412801437E+01,1.779939180504E+01
7,0.3540,8.797930884499E+01,5.234567827100E+01,1.774911103723E+01
7,0.3550,8.873298120727E+01,5.224778317407E+01,1.769911354135E+01
7,0.3560,8.948093320671E+01,5.215043804959E+01,1.764939693028E+01
7,0.3570,9.022326051241E+01,5.205363827595E+01,1.759995884364E+01
7,0.3580,9.096005567263E+01,5.195737928317E+01,1.755079694743E+01
7,0.3590,9.169140826587E+01,5.186165655219E+01,1.750190893365E+01
7,0.3600,9.241740504910E+01,5.176646561415E+01,1.745329251994E+01
7,0.3610,9.379546515647E+01,5.023937503926E+01,1.740494544925E+01
7,0.3620,9.516155909912E+01,4.872072142888E+01,1.735686548945E+01
7,0.3630,9.651599958266E+01,4.721043505601E+01,1.730905043300E+01
7,0.3640,9.785908171961E+01,4.570844695992E+01,1.726149809665E+01
7,0.3650,9.919108445029E+01,4.421468893559E+01,1.721420632104E+01
7,0.3660,1.005122718205E+02,4.272909352342E+01,1.716717297044E+01
7,0.3670,1.018228941331E+02,4.125159399904E+01,1.712039593237E+01
7,0.3680,1.031231889965E+02,3.978212436339E+01,1.707387311734E+01
7,0.3690,1.044133822645E+02,3.832061933281E+01,1.702760245848E+01
7,0.3700,1.056936888954E+02,3.686701432942E+01,1.698158191130E+01
7,0.3710,1.048284889753E+02,3.469300566511E+01,1.693580945331E+01
7,0.3720,1.039666289546E+02,3.253068521943E+01,1.689028308382E+01
7,0.3730,1.031080602585E+02,3.037995898525E+01,1.684500082354E+01
7,0.3740,1.022527343007E+02,2.824073396088E+01,1.679996071438E+01
7,0.3750,1.014006024676E+02,2.611291813664E+01,1.675516081915E+01
7,0.3760,1.005516160991E+02,2.399642048168E+01,1.671059922122E+01
7,0.3770,9.970572647194E+01,2.189115093098E+01,1.666627402435E+01
7,0.3780,9.886288478012E+01,1.979702037262E+01,1.662218335233E+01
7,0.3790,9.802304211425E+01,1.771394063515E+01,1.657832534876E+01
7,0.3800,9.718614944494E+01,1.564182447524E+01,1.653469817679E+01
7,0.3810,9.579057810231E+01,1.477455568688E+01,1.649130001884E+01
7,0.3820,9.439801070969E+01,1.391182757281E+01,1.644812907639E+01
7,0.3830,9.300826888507E+01,1.305360456638E+01,1.640518356966E+01
7,0.3840,9.162116799619E+01,1.219985147144E+01,1.636246173745E+01
7,0.3850,9.023651667191E+01,1.135053345752E+01,1.631996183683E+01
7,0.3860,8.885411626932E+01,1.050561605506E+01,1.627768214295E+01
7,0.3870,8.747376028840E+01,9.665065150811E+00,1.623562094878E+01
7,0.3880,8.609523374105E+01,8.828846983181E+00,1.619377656490E+01
7,0.3890,8.471831245191E+01,7.996928137750E+00,1.615214731923E+01
7,0.3900,8.334276229598E+01,7.169275542807E+00,1.611073155687E+01
7,0.3910,8.225237118390E+01,6.911503837898E+00,1.606952763985E+01
7,0.3920,8.116370922230E+01,6.655047294747E+00,1.602853394689E+01
7,0.3930,8.007664066389E+01,6.399895873954E+00,1.598774887323E+01
7,0.3940,7.899102533470E+01,6.146039638038E+00,1.594717083041E+01
7,0.3950,7.790671831547E+01,5.893468750152E+00,1.590679824602E+01
7,0.3960,7.682356959824E+01,5.642173472811E+00,1.586662956358E+01
7,0.3970,7.574142371452E+01,5.392144166640E+00,1.582666324227E+01
7,0.3980,7.466011933216E+01,5.143371289143E+00,1.578689775673E+01
7,0.3990,7.357948881652E+01,4.895845393489E+00,1.574733159694E+01
7,0.4000,7.249935775768E+01,4.649557127313E+00,1.570796326795E+01
7,0.4010,7.169260931746E+01,4.529847561859E+00,1.566879128972E+01
7,0.4020,7.088697105429E+01,4.410733566383E+00,1.562981419696E+01
7,0.4030,7.008235958543E+01,4.292210707361E+00,1.559103053891E+01
7,0.4040,6.927868940303E+01,4.174274595166E+00,1.555243887916E+01
7,0.4050,6.847587274472E+01,4.056920883525E+00,1.551403779551E+01
7,0.4060,6.767381945206E+01,3.940145268985E+00,1.547582587975E+01
7,0.4070,6.687243681826E+01,3.823943490389E+00,1.543780173754E+01
7,0.4080,6.607162943063E+01,3.708311328355E+00,1.539996398819E+01
7,0.4090,6.527129899323E+01,3.593244604766E+00,1.536231126450E+01
7,0.4100,6.447134414444E+01,3.478739182268E+00,1.532484221263E+01
7,0.4110,6.381125948005E+01,3.392308563657E+00,1.528755549192E+01
7,0.4120,6.315185475733E+01,3.306297511157E+00,1.525044977471E+01
7,0.4130,6.249306661486E+01,3.220702977070E+00,1.521352374620E+01
7,0.4140,6.183483021315E+01,3.135521943148E+00,1.517677610430E+01
7,0.4150,6.117707914747E+01,3.050751420233E+00,1.514020555947E+01
7,0.4160,6.051974535739E+01,2.966388447909E+00,1.510381083457E+01
7,0.4170,5.986275903231E+01,2.882430094157E+00,1.506759066470E+01
7,0.4180,5.920604850715E+01,2.798873455016E+00,1.503154379708E+01
7,0.4190,5.854954015619E+01,2.715715654249E+00,1.499566899088E+01
7,0.4200,5.789315827736E+01,2.632953843009E+00,1.495996501709E+01
7,0.4210,5.731775891605E+01,2.569986959374E+00,1.492443065838E+01
7,0.4220,5.674267607504E+01,2.507318496988E+00,1.488906470896E+01
7,0.4230,5.616785401233E+01,2.444946339389E+00,1.485386597442E+01
7,0.4240,5.559323564996E+01,2.382868390081E+00,1.481883327165E+01
7,0.4250,5.501876249891E+01,2.321082572299E+00,1.478396542866E+01
7,0.4260,5.444437458052E+01,2.259586828779E+00,1.474926128446E+01
7,0.4270,5.387001034797E+01,2.198379121528E+00,1.471471968895E+01
7,0.4280,5.329560659461E+01,2.137457431601E+00,1.468033950276E+01
7,0.4290,5.272109836242E+01,2.076819758877E+00,1.464611959716E+01
7,0.4300,5.214641884787E+01,2.016464121839E+00,1.461205885391E+01
7,0.4310,5.163810881521E+01,1.966593266679E+00,1.457815616515E+01
7,0.4320,5.112983123154E+01,1.916953295107E+00,1.454441043329E+01
7,0.4330,5.062153595353E+01,1.867542607469E+00,1.451082057085E+01
7,0.4340,5.011317159439E+01,1.818359618852E+00,1.447738550041E+01
7,0.4350,4.960468546397E+01,1.769402758918E+00,1.444410415444E+01
7,0.4360,4.909602349802E+01,1.720670471737E+00,1.441097547518E+01
7,0.4370,4.858713018412E+01,1.672161215618E+00,1.437799841460E+01
7,0.4380,4.807794848772E+01,1.623873462951E+00,1.434517193420E+01
7,0.4390,4.756841977228E+01,1.575805700047E+00,1.431249500496E+01
7,0.4400,4.705848370924E+01,1.527956426973E+00,1.427996660723E+01
7,0.4410,4.658124757811E+01,1.495002020225E+00,1.424758573057E+01
7,0.4420,4.610368638299E+01,1.462196728440E+00,1.421535137371E+01
7,0.4430,4.562574659941E+01,1.429539541810E+00,1.418326254442E+01
7,0.4440,4.514737320391E+01,1.397029459624E+00,1.415131825941E+01
7,0.4450,4.466850959859E+01,1.364665490167E+00,1.411951754422E+01
7,0.4460,4.418909752718E+01,1.332446650618E+00,1.408785943314E+01
7,0.4470,4.370907699271E+01,1.300371966950E+00,1.405634296908E+01
7,0.4480,4.322838616472E+01,1.268440473834E+00,1.402496720353E+01
7,0.4490,4.274696128268E+01,1.236651214541E+00,1.399373119639E+01
7,0.4500,4.226473655557E+01,1.205003240845E+00,1.396263401595E+01
7,0.4510,4.181811425897E+01,1.181543941427E+00,1.393167473876E+01
7,0.4520,4.137083983548E+01,1.158188444218E+00,1.390085244951E+01
7,0.4530,4.092285668722E+01,1.134936061787E+00,1.387016624101E+01
7,0.4540,4.047410650563E+01,1.111786112760E+00,1.383961521405E+01
7,0.4550,4.002452918768E+01,1.088737921749E+00,1.380919847732E+01
7,0.4560,3.957406274585E+01,1.065790819296E+00,1.377891514732E+01
7,0.4570,3.912264322338E+01,1.042944141799E+00,1.374876434831E+01
7,0.4580,3.867020459338E+01,1.020197231453E+00,1.371874521218E+01
7,0.4590,3.821667865996E+01,9.975494361844E-01,1.368885687839E+01
7,0.4600,3.776199495732E+01,9.750001095908E-01,1.365909849387E+01
7,0.4610,3.733740093634E+01,9.602165502576E-01,1.362946921297E+01
7,0.4620,3.691179972047E+01,9.454969890167E-01,1.359996819736E+01
7,0.4630,3.648512920260E+01,9.308410111938E-01,1.357059461594E+01
7,0.4640,3.605732532716E+01,9.162482056890E-01,1.354134764478E+01
7,0.4650,3.562832201151E+01,9.017181649391E-01,1.351222646705E+01
7,0.4660,3.519805106289E+01,8.872504848791E-01,1.348323027292E+01
7,0.4670,3.476644210256E+01,8.728447649050E-01,1.345435825949E+01
7,0.4680,3.433342248799E+01,8.585006078367E-01,1.342560963073E+01
7,0.4690,3.389891723772E+01,8.442176198818E-01,1.339698359740E+01
7,0.4700,3.346284896031E+01,8.299954105990E-01,1.336847937698E+01
7,0.4710,3.305338847170E+01,8.187857561508E-01,1.334009619359E+01
7,0.4720,3.264252757773E+01,8.076236002383E-01,1.331183327792E+01
7,0.4730,3.223019757582E+01,7.965086416024E-01,1.328368986719E+01
7,0.4740,3.181632783469E+01,7.854405815261E-01,1.325566520502E+01
7,0.4750,3.140084579235E+01,7.744191238081E-01,1.322775854143E+01
7,0.4760,3.098367696097E+01,7.634439747359E-01,1.319996913273E+01
7,0.4770,3.056474497010E+01,7.525148430602E-01,1.317229624147E+01
7,0.4780,3.014397162330E+01,7.416314399690E-01,1.314473913636E+01
7,0.4790,2.972127700754E+01,7.307934790619E-01,1.311729709223E+01
7,0.4800,2.929657963004E+01,7.200006763252E-01,1.308996938996E+01
7,0.4810,2.889231799530E+01,7.108320372249E-01,1.306275531638E+01
7,0.4820,2.848619267564E+01,7.017014422703E-01,1.303565416427E+01
7,0.4830,2.807813207384E+01,6.926086551623E-01,1.300866523226E+01
7,0.4840,2.766806433045E+01,6.835534415547E-01,1.298178782475E+01
7,0.4850,2.725591776671E+01,6.745355690342E-01,1.295502125192E+01
7,0.4860,2.684162144030E+01,6.655548071001E-01,1.292836482959E+01
7,0.4870,2.642510586651E+01,6.566109271453E-01,1.290181787922E+01
7,0.4880,2.600630390652E+01,6.477037024362E-01,1.287537972783E+01
7,0.4890,2.558515189880E+01,6.388329080940E-01,1.284904970793E+01
7,0.4900,2.516159106292E+01,6.299983210756E-01,1.282282715751E+01
7,0.4910,2.477046390237E+01,6.223603818808E-01,1.279671141992E+01
7,0.4920,2.437733306634E+01,6.147534912194E-01,1.277070184386E+01
7,0.4930,2.398217171663E+01,6.071774601550E-01,1.274479778333E+01
7,0.4940,2.358496282813E+01,5.996321012811E-01,1.271899859753E+01
7,0.4950,2.318570173965E+01,5.921172287057E-01,1.269330365087E+01
7,0.4960,2.278439928829E+01,5.846326580358E-01,1.266771231286E+01
7,0.4970,2.238108562993E+01,5.771782063626E-01,1.264222395811E+01
7,0.4980,2.197581493528E+01,5.697536922463E-01,1.261683796622E+01
7,0.4990,2.156867111492E+01,5.623589357017E-01,1.259155372180E+01
7,0.5000,2.115977481880E+01,5.549937581832E-01,1.256637061436E+01
7,0.5010,2.075785687462E+01,5.478686762100E-01,1.254128803828E+01
7,0.5020,2.035464409837E+01,5.407719810176E-01,1.251630539279E+01
7,0.5030,1.995040398555E+01,5.337035033011E-01,1.249142208187E+01
7,0.5040,1.954547914761E+01,5.266630750993E-01,1.246663751425E+01
7,0.5050,1.914030297209E+01,5.196505297815E-01,1.244195110333E+01
7,0.5060,1.873541787395E+01,5.126657020341E-01,1.241736226715E+01
7,0.5070,1.833149606865E+01,5.057084278479E-01,1.239287042836E+01
7,0.5080,1.792936250172E+01,4.987785445049E-01,1.236847501413E+01
7,0.5090,1.753001898219E+01,4.918758905661E-01,1.234417545615E+01
7,0.5100,1.713466763950E+01,4.850003058583E-01,1.231997119055E+01
7,0.5110,1.675851436556E+01,4.804214475246E-01,1.229586165789E+01
7,0.5120,1.638885204589E+01,4.758604753562E-01,1.227184630309E+01
7,0.5130,1.602734085962E+01,4.713172847558E-01,1.224792457540E+01
7,0.5140,1.567581409667E+01,4.667917719397E-01,1.222409592836E+01
7,0.5150,1.533623174158E+01,4.622838339308E-01,1.220035981977E+01
7,0.5160,1.501060422072E+01,4.577933685497E-01,1.217671571159E+01
7,0.5170,1.470088582321E+01,4.533202744081E-01,1.215316306998E+01
7,0.5180,1.440884443430E+01,4.488644509002E-01,1.212970136521E+01
7,0.5190,1.413592326187E+01,4.444257981958E-01,1.210633007164E+01
7,0.5200,1.388311751257E+01,4.400042172326E-01,1.208304866765E+01
7,0.5210,1.366034787968E+01,4.351714847982E-01,1.205985663566E+01
7,0.5220,1.345619444824E+01,4.303572685800E-01,1.203675346203E+01
7,0.5230,1.327015532659E+01,4.255614623665E-01,1.201373863705E+01
7,0.5240,1.310136404774E+01,4.207839607569E-01,1.199081165492E+01
7,0.5250,1.294868177085E+01,4.160246591534E-01,1.196797201368E+01
7,0.5260,1.281079721904E+01,4.112834537537E-01,1.194521921517E+01
7,0.5270,1.268631968970E+01,4.065602415434E-01,1.192255276505E+01
7,0.5280,1.257385573174E+01,4.018549202884E-01,1.189997217269E+01
7,0.5290,1.247206569232E+01,3.971673885278E-01,1.187747695119E+01
7,0.5300,1.237970065067E+01,3.924975455662E-01,1.185506661732E+01
7,0.5310,1.229707821867E+01,3.884298288572E-01,1.183274069149E+01
7,0.5320,1.222139431649E+01,3.843774043163E-01,1.181049869771E+01
7,0.5330,1.215180961385E+01,3.803401858712E-01,1.178834016356E+01
7,0.5340,1.208758618322E+01,3.763180880945E-01,1.176626462019E+01
7,0.5350,1.202807939329E+01,3.723110261973E-01,1.174427160220E+01
7,0.5360,1.197272861151E+01,3.683189160236E-01,1.172236064772E+01
7,0.5370,1.192104768013E+01,3.643416740442E-01,1.170053129829E+01
7,0.5380,1.187261575944E+01,3.603792173510E-01,1.167878309885E+01
7,0.5390,1.182706886760E+01,3.564314636510E-01,1.165711559774E+01
7,0.5400,1.178409226711E+01,3.524983312611E-01,1.163552834663E+01
7,0.5410,1.174404934942E+01,3.491441805176E-01,1.161402090052E+01
7,0.5420,1.170594285933E+01,3.458024067141E-01,1.159259281767E+01
7,0.5430,1.166958730548E+01,3.424729414697E-01,1.157124365963E+01
7,0.5440,1.163482111825E+01,3.391557169064E-01,1.154997299114E+01
7,0.5450,1.160150347156E+01,3.358506656442E-01,1.152878038015E+01
7,0.5460,1.156951155667E+01,3.325577207969E-01,1.150766539776E+01
7,0.5470,1.153873825118E+01,3.292768159674E-01,1.148662761824E+01
7,0.5480,1.150909012695E+01,3.260078852430E-01,1.146566661894E+01
7,0.5490,1.148048575129E+01,3.227508631916E-01,1.144478198029E+01
7,0.5500,1.145285423955E+01,3.195056848567E-01,1.142397328578E+01
7,0.5510,1.142629152301E+01,3.164057036630E-01,1.140324012192E+01
7,0.5520,1.140054571885E+01,3.133169542852E-01,1.138258207822E+01
7,0.5530,1.137557394472E+01,3.102393757912E-01,1.136199874716E+01
7,0.5540,1.135133929628E+01,3.071729076889E-01,1.134148972415E+01
7,0.5550,1.132781028865E+01,3.041174899221E-01,1.132105460753E+01
7,0.5560,1.130496038745E+01,3.010730628667E-01,1.130069299852E+01
7,0.5570,1.128276761951E+01,2.980395673267E-01,1.128040450122E+01
7,0.5580,1.126121425427E+01,2.950169445307E-01,1.126018872254E+01
7,0.5590,1.124028654886E+01,2.920051361274E-01,1.124004527224E+01
8,0.3000,8.895028835442E+01,8.867668863533E+01,2.094395102393E+01
8,0.3010,8.889968480081E+01,8.705447177761E+01,2.087436979129E+01
8,0.3020,8.884940980042E+01,8.544299807790E+01,2.080524936152E+01
8,0.3030,8.879946015556E+01,8.384216116828E+01,2.073658517221E+01
8,0.3040,8.874983270927E+01,8.225185608043E+01,2.066837272099E+01
8,0.3050,8.870052434721E+01,8.067197922267E+01,2.060060756452E+01
8,0.3060,8.865153199462E+01,7.910242835745E+01,2.053328531758E+01
8,0.3070,8.860285261518E+01,7.754310257929E+01,2.046640165205E+01
8,0.3080,8.855448321289E+01,7.599390229320E+01,2.039995229604E+01
8,0.3090,8.850642082913E+01,7.445472919343E+01,2.033393303294E+01
8,0.3100,8.845866254249E+01,7.292548624268E+01,2.026833970058E+01
8,0.3110,8.805052986093E+01,7.209500568704E+01,2.020316819029E+01
8,0.3120,8.764456920502E+01,7.126984872471E+01,2.013841444609E+01
8,0.3130,8.724075834443E+01,7.044996433082E+01,2.007407446383E+01
8,0.3140,8.683907531918E+01,6.963530213053E+01,2.001014429038E+01
8,0.3150,8.643949843753E+01,6.882581238864E+01,1.994662002279E+01
8,0.3160,8.604200626705E+01,6.802144599956E+01,1.988349780753E+01
8,0.3170,8.564657763388E+01,6.722215447729E+01,1.982077383968E+01
8,0.3180,8.525319161772E+01,6.642788994572E+01,1.975844436220E+01
8,0.3190,8.486182754587E+01,6.563860512908E+01,1.969650566514E+01
8,0.3200,8.447246499285E+01,6.485425334254E+01,1.963495408494E+01
8,0.3210,8.429622389227E+01,6.425486731426E+01,1.957378600367E+01
8,0.3220,8.412098509973E+01,6.365920418057E+01,1.951299784838E+01
8,0.3230,8.394673962866E+01,6.306722936349E+01,1.945258609034E+01
8,0.3240,8.377347860456E+01,6.247890871195E+01,1.939254724438E+01
8,0.3250,8.360119325957E+01,6.189420849519E+01,1.933287786824E+01
8,0.3260,8.342987493121E+01,6.131309539632E+01,1.927357456190E+01
8,0.3270,8.325951506138E+01,6.073553650601E+01,1.921463396691E+01
8,0.3280,8.309010519486E+01,6.016149931624E+01,1.915605276579E+01
8,0.3290,8.292163697789E+01,5.959095171426E+01,1.909782768140E+01
8,0.3300,8.275410215468E+01,5.902386197654E+01,1.903995547630E+01
8,0.3310,8.263893032593E+01,5.861205822652E+01,1.898243295220E+01
8,0.3320,8.252441085641E+01,5.820273522199E+01,1.892525694934E+01
8,0.3330,8.241053808386E+01,5.779587061388E+01,1.886842434588E+01
8,0.3340,8.229730641070E+01,5.739144232079E+01,1.881193205742E+01
8,0.3350,8.218471030582E+01,5.698942852497E+01,1.875577703636E+01
8,0.3360,8.207274430346E+01,5.658980766841E+01,1.869995627137E+01
8,0.3370,8.196140299943E+01,5.619255844899E+01,1.864446678688E+01
8,0.3380,8.185068105259E+01,5.579765981666E+01,1.858930564254E+01
8,0.3390,8.174057318437E+01,5.540509096977E+01,1.853446993268E+01
8,0.3400,8.163107417523E+01,5.501483135139E+01,1.847995678582E+01
8,0.3410,8.171164340999E+01,5.478163705799E+01,1.842576336416E+01
8,0.3420,8.179172293102E+01,5.454980647391E+01,1.837188686310E+01
8,0.3430,8.187131722102E+01,5.431932767166E+01,1.831832451073E+01
8,0.3440,8.195043070981E+01,5.409018886245E+01,1.826507356738E+01
8,0.3450,8.202906777108E+01,5.386237839416E+01,1.821213132516E+01
8,0.3460,8.210723272856E+01,5.363588474938E+01,1.815949510746E+01
8,0.3470,8.218492984937E+01,5.341069654348E+01,1.810716226853E+01
8,0.3480,8.226216335129E+01,5.318680252267E+01,1.805513019304E+01
8,0.3490,8.233893740109E+01,5.296419156215E+01,1.800339629564E+01
8,0.3500,8.241525611485E+01,5.274285266427E+01,1.795195802051E+01
8,0.3510,8.320565381688E+01,5.264271040272E+01,1.790081284097E+01
8,0.3520,8.398969609015E+01,5.254313713129E+01,1.784995825903E+01
8,0.3530,8.476749899167E+01,5.244412801437E+01,1.779939180504E+01
8,0.3540,8.553917445760E+01,5.234567827100E+01,1.774911103723E+01
8,0.3550,8.630483051781E+01,5.224778317407E+01,1.769911354135E+01
8,0.3560,8.706457150593E+01,5.215043804959E+01,1.764939693028E+01
8,0.3570,8.781849824681E+01,5.205363827595E+01,1.759995884364E+01
8,0.3580,8.856670823650E+01,5.195737928317E+01,1.755079694743E+01
8,0.3590,8.930929580787E+01,5.186165655219E+01,1.750190893365E+01
8,0.3600,9.004635228906E+01,5.176646561415E+01,1.745329251994E+01
8,0.3610,9.144508747249E+01,5.023937503926E+01,1.740494544925E+01
8,0.3620,9.283136569449E+01,4.872072142888E+01,1.735686548945E+01
8,0.3630,9.420551836775E+01,4.721043505601E+01,1.730905043300E+01
8,0.3640,9.556785824609E+01,4.570844695992E+01,1.726149809665E+01
8,0.3650,9.691868092845E+01,4.421468893559E+01,1.721420632104E+01
8,0.3660,9.825826621965E+01,4.272909352342E+01,1.716717297044E+01
8,0.3670,9.958687934904E+01,4.125159399904E+01,1.712039593237E+01
8,0.3680,1.009047720791E+02,3.978212436339E+01,1.707387311734E+01
8,0.3690,1.022121837064E+02,3.832061933281E+01,1.702760245848E+01
8,0.3700,1.035093419672E+02,3.686701432942E+01,1.698158191130E+01
8,0.3710,1.026328550319E+02,3.469300566511E+01,1.693580945331E+01
8,0.3720,1.017596505255E+02,3.253068521943E+01,1.689028308382E+01
8,0.3730,1.008896793765E+02,3.037995898525E+01,1.684500082354E+01
8,0.3740,1.000228924952E+02,2.824073396088E+01,1.679996071438E+01
8,0.3750,9.915924075605E+01,2.611291813664E+01,1.675516081915E+01
8,0.3760,9.829867497941E+01,2.399642048168E+01,1.671059922122E+01
8,0.3770,9.744114591227E+01,2.189115093098E+01,1.666627402435E+01
8,0.3780,9.658660421186E+01,1.979702037262E+01,1.662218335233E+01
8,0.3790,9.573500042291E+01,1.771394063515E+01,1.657832534876E+01
8,0.3800,9.488628495779E+01,1.564182447524E+01,1.653469817679E+01
8,0.3810,9.347072830114E+01,1.477455568688E+01,1.649130001884E+01
8,0.3820,9.205792275086E+01,1.391182757281E+01,1.644812907639E+01
8,0.3830,9.064768445178E+01,1.305360456638E+01,1.640518356966E+01
8,0.3840,8.923982308841E+01,1.219985147144E+01,1.636246173745E+01
8,0.3850,8.783414137712E+01,1.135053345752E+01,1.631996183683E+01
8,0.3860,8.643043451861E+01,1.050561605506E+01,1.627768214295E+01
8,0.3870,8.502848959173E+01,9.665065150811E+00,1.623562094878E+01
8,0.3880,8.362808490154E+01,8.828846983181E+00,1.619377656490E+01
8,0.3890,8.222898925576E+01,7.996928137750E+00,1.615214731923E+01
8,0.3900,8.083096117431E+01,7.169275542807E+00,1.611073155687E+01
8,0.3910,7.972253676073E+01,6.911503837898E+00,1.606952763985E+01
8,0.3920,7.861566257046E+01,6.655047294747E+00,1.602853394689E+01
8,0.3930,7.751019940101E+01,6.399895873954E+00,1.598774887323E+01
8,0.3940,7.640600347216E+01,6.146039638038E+00,1.594717083041E+01
8,0.3950,7.530292609827E+01,5.893468750152E+00,1.590679824602E+01
8,0.3960,7.420081332850E+01,5.642173472811E+00,1.586662956358E+01
8,0.3970,7.309950556214E+01,5.392144166640E+00,1.582666324227E+01
8,0.3980,7.199883712492E+01,5.143371289143E+00,1.578689775673E+01
8,0.3990,7.089863581437E+01,4.895845393489E+00,1.574733159694E+01
8,0.4000,6.979872239731E+01,4.649557127313E+00,1.570796326795E+01
8,0.4010,6.897708863865E+01,4.529847561859E+00,1.566879128972E+01
8,0.4020,6.815646329422E+01,4.410733566383E+00,1.562981419696E+01
8,0.4030,6.733676123916E+01,4.292210707361E+00,1.559103053891E+01
8,0.4040,6.651789514209E+01,4.174274595166E+00,1.555243887916E+01
8,0.4050,6.569977532763E+01,4.056920883525E+00,1.551403779551E+01
8,0.4060,6.488230962708E+01,3.940145268985E+00,1.547582587975E+01
8,0.4070,6.406540322135E+01,3.823943490389E+00,1.543780173754E+01
8,0.4080,6.324895846780E+01,3.708311328355E+00,1.539996398819E+01
8,0.4090,6.243287472034E+01,3.593244604766E+00,1.536231126450E+01
8,0.4100,6.161704812924E+01,3.478739182268E+00,1.532484221263E+01
8,0.4110,6.094380515657E+01,3.392308563657E+00,1.528755549192E+01
8,0.4120,6.027117134703E+01,3.306297511157E+00,1.525044977471E+01
8,0.4130,5.959908201556E+01,3.220702977070E+00,1.521352374620E+01
8,0.4140,5.892747092483E+01,3.135521943148E+00,1.517677610430E+01
8,0.4150,5.825627019519E+01,3.050751420233E+00,1.514020555947E+01
8,0.4160,5.758541020720E+01,2.966388447909E+00,1.510381083457E+01
8,0.4170,5.691481950090E+01,2.882430094157E+00,1.506759066470E+01
8,0.4180,5.624442466400E+01,2.798873455016E+00,1.503154379708E+01
8,0.4190,5.557415021875E+01,2.715715654249E+00,1.499566899088E+01
8,0.4200,5.490391849225E+01,2.632953843009E+00,1.495996501709E+01
8,0.4210,5.431633798826E+01,2.569986959374E+00,1.492443065838E+01
8,0.4220,5.372901544530E+01,2.507318496988E+00,1.488906470896E+01
8,0.4230,5.314189374733E+01,2.444946339389E+00,1.485386597442E+01
8,0.4240,5.255491435592E+01,2.382868390081E+00,1.481883327165E+01
8,0.4250,5.196801723407E+01,2.321082572299E+00,1.478396542866E+01
8,0.4260,5.138114075618E+01,2.259586828779E+00,1.474926128446E+01
8,0.4270,5.079422162577E+01,2.198379121528E+00,1.471471968895E+01
8,0.4280,5.020719477003E+01,2.137457431601E+00,1.468033950276E+01
8,0.4290,4.961999324191E+01,2.076819758877E+00,1.464611959716E+01
8,0.4300,4.903254811495E+01,2.016464121839E+00,1.461205885391E+01
8,0.4310,4.851292750914E+01,1.966593266679E+00,1.457815616515E+01
8,0.4320,4.799328749697E+01,1.916953295107E+00,1.454441043329E+01
8,0.4330,4.747357635499E+01,1.867542607469E+00,1.451082057085E+01
8,0.4340,4.695374102103E+01,1.818359618852E+00,1.447738550041E+01
8,0.4350,4.643372701706E+01,1.769402758918E+00,1.444410415444E+01
8,0.4360,4.591347837092E+01,1.720670471737E+00,1.441097547518E+01
8,0.4370,4.539293753766E+01,1.672161215618E+00,1.437799841460E+01
8,0.4380,4.487204530967E+01,1.623873462951E+00,1.434517193420E+01
8,0.4390,4.435074072397E+01,1.575805700047E+00,1.431249500496E+01
8,0.4400,4.382896096335E+01,1.527956426973E+00,1.427996660723E+01
8,0.4410,4.334061443023E+01,1.495002020225E+00,1.424758573057E+01
8,0.4420,4.285188361774E+01,1.462196728440E+00,1.421535137371E+01
8,0.4430,4.236271264505E+01,1.429539541810E+00,1.418326254442E+01
8,0.4440,4.187304396690E+01,1.397029459624E+00,1.415131825941E+01
8,0.4450,4.138281828198E+01,1.364665490167E+00,1.411951754422E+01
8,0.4460,4.089197444052E+01,1.332446650618E+00,1.408785943314E+01
8,0.4470,4.040044933409E+01,1.300371966950E+00,1.405634296908E+01
8,0.4480,3.990817779211E+01,1.268440473834E+00,1.402496720353E+01
8,0.4490,3.941509246148E+01,1.236651214541E+00,1.399373119639E+01
8,0.4500,3.892112368266E+01,1.205003240845E+00,1.396263401595E+01
8,0.4510,3.846360679871E+01,1.181543941427E+00,1.393167473876E+01
8,0.4520,3.800536511634E+01,1.158188444218E+00,1.390085244951E+01
8,0.4530,3.754633843649E+01,1.134936061787E+00,1.387016624101E+01
8,0.4540,3.708646458237E+01,1.111786112760E+00,1.383961521405E+01
8,0.4550,3.662567929078E+01,1.088737921749E+00,1.380919847732E+01
8,0.4560,3.616391609197E+01,1.065790819296E+00,1.377891514732E+01
8,0.4570,3.570110619558E+01,1.042944141799E+00,1.374876434831E+01
8,0.4580,3.523717835525E+01,1.020197231453E+00,1.371874521218E+01
8,0.4590,3.477205874001E+01,9.975494361844E-01,1.368885687839E+01
8,0.4600,3.430567078351E+01,9.750001095908E-01,1.365909849387E+01
8,0.4610,3.387011968807E+01,9.602165502576E-01,1.362946921297E+01
8,0.4620,3.343346003066E+01,9.454969890167E-01,1.359996819736E+01
8,0.4630,3.299562374682E+01,9.308410111938E-01,1.357059461594E+01
8,0.4640,3.255654034805E+01,9.162482056890E-01,1.354134764478E+01
8,0.4650,3.211613679433E+01,9.017181649391E-01,1.351222646705E+01
8,0.4660,3.167433736248E+01,8.872504848791E-01,1.348323027292E+01
8,0.4670,3.123106351517E+01,8.728447649050E-01,1.345435825949E+01
8,0.4680,3.078623375702E+01,8.585006078367E-01,1.342560963073E+01
8,0.4690,3.033976349592E+01,8.442176198818E-01,1.339698359740E+01
8,0.4700,2.989156489477E+01,8.299954105990E-01,1.336847937698E+01
8,0.4710,2.947065738169E+01,8.187857561508E-01,1.334009619359E+01
8,0.4720,2.904819154216E+01,8.076236002383E-01,1.331183327792E+01
8,0.4730,2.862408810676E+01,7.965086416024E-01,1.328368986719E+01
8,0.4740,2.819826497903E+01,7.854405815261E-01,1.325566520502E+01
8,0.4750,2.777063715012E+01,7.744191238081E-01,1.322775854143E+01
8,0.4760,2.734111661838E+01,7.634439747359E-01,1.319996913273E+01
8,0.4770,2.690961232488E+01,7.525148430602E-01,1.317229624147E+01
8,0.4780,2.647603010254E+01,7.416314399690E-01,1.314473913636E+01
8,0.4790,2.604027266406E+01,7.307934790619E-01,1.311729709223E+01
8,0.4800,2.560223962254E+01,7.200006763252E-01,1.308996938996E+01
8,0.4810,2.518514254923E+01,7.108320372249E-01,1.306275531638E+01
8,0.4820,2.476590687935E+01,7.017014422703E-01,1.303565416427E+01
8,0.4830,2.434444105582E+01,6.926086551623E-01,1.300866523226E+01
8,0.4840,2.392065166839E+01,6.835534415547E-01,1.298178782475E+01
8,0.4850,2.349444382943E+01,6.745355690342E-01,1.295502125192E+01
8,0.4860,2.306572166860E+01,6.655548071001E-01,1.292836482959E+01
8,0.4870,2.263438903513E+01,6.566109271453E-01,1.290181787922E+01
8,0.4880,2.220035043220E+01,6.477037024362E-01,1.287537972783E+01
8,0.4890,2.176351227419E+01,6.388329080940E-01,1.284904970793E+01
8,0.4900,2.132378456394E+01,6.299983210756E-01,1.282282715751E+01
8,0.4910,2.091751023383E+01,6.223603818808E-01,1.279671141992E+01
8,0.4920,2.050879022636E+01,6.147534912194E-01,1.277070184386E+01
8,0.4930,2.009757460739E+01,6.071774601550E-01,1.274479778333E+01
8,0.4940,1.968382516440E+01,5.996321012811E-01,1.271899859753E+01
8,0.4950,1.926751961303E+01,5.921172287057E-01,1.269330365087E+01
8,0.4960,1.884865716654E+01,5.846326580358E-01,1.266771231286E+01
8,0.4970,1.842726587479E+01,5.771782063626E-01,1.264222395811E+01
8,0.4980,1.800341247818E+01,5.697536922463E-01,1.261683796622E+01
8,0.4990,1.757721562998E+01,5.623589357017E-01,1.259155372180E+01
8,0.5000,1.714886392377E+01,5.549937581832E-01,1.256637061436E+01
8,0.5010,1.672767146475E+01,5.478686762100E-01,1.254128803828E+01
8,0.5020,1.630509242176E+01,5.407719810176E-01,1.251630539279E+01
8,0.5030,1.588167218829E+01,5.337035033011E-01,1.249142208187E+01
8,0.5040,1.545818102168E+01,5.266630750993E-01,1.246663751425E+01
8,0.5050,1.503570669511E+01,5.196505297815E-01,1.244195110333E+01
8,0.5060,1.461579479122E+01,5.126657020341E-01,1.241736226715E+01
8,0.5070,1.420066889206E+01,5.057084278479E-01,1.239287042836E+01
8,0.5080,1.379359247040E+01,4.987785445049E-01,1.236847501413E+01
8,0.5090,1.339950104537E+01,4.918758905661E-01,1.234417545615E+01
8,0.5100,1.302620313265E+01,4.850003058583E-01,1.231997119055E+01
8,0.5110,1.269812307095E+01,4.804214475246E-01,1.229586165789E+01
8,0.5120,1.242363027791E+01,4.758604753562E-01,1.227184630309E+01
8,0.5130,1.225387680315E+01,4.713172847558E-01,1.224792457540E+01
8,0.3000,8.761027204663E+01,8.867668863533E+01,2.094395102393E+01
8,0.3010,8.755808280676E+01,8.705447177761E+01,2.087436979129E+01
8,0.3020,8.750623037375E+01,8.544299807790E+01,2.080524936152E+01
8,0.3030,8.745471148630E+01,8.384216116828E+01,2.073658517221E+01
8,0.3040,8.740352292578E+01,8.225185608043E+01,2.066837272099E+01
8,0.3050,8.735266151533E+01,8.067197922267E+01,2.060060756452E+01
8,0.3060,8.730212411854E+01,7.910242835745E+01,2.053328531758E+01
8,0.3070,8.725190764015E+01,7.754310257929E+01,2.046640165205E+01
8,0.3080,8.720200902165E+01,7.599390229320E+01,2.039995229604E+01
8,0.3090,8.715242524602E+01,7.445472919343E+01,2.033393303294E+01
8,0.3100,8.710315333327E+01,7.292548624268E+01,2.026833970058E+01
8,0.3110,8.668383861744E+01,7.209500568704E+01,2.020316819029E+01
8,0.3120,8.626661921950E+01,7.126984872471E+01,2.013841444609E+01
8,0.3130,8.585147226542E+01,7.044996433082E+01,2.007407446383E+01
8,0.3140,8.543837514381E+01,6.963530213053E+01,2.001014429038E+01
8,0.3150,8.502730549886E+01,6.882581238864E+01,1.994662002279E+01
8,0.3160,8.461824123075E+01,6.802144599956E+01,1.988349780753E+01
8,0.3170,8.421116048591E+01,6.722215447729E+01,1.982077383968E+01
8,0.3180,8.380604165550E+01,6.642788994572E+01,1.975844436220E+01
8,0.3190,8.340286337062E+01,6.563860512908E+01,1.969650566514E+01
8,0.3200,8.300160449954E+01,6.485425334254E+01,1.963495408494E+01
8,0.3210,8.281978918057E+01,6.425486731426E+01,1.957378600367E+01
8,0.3220,8.263897687057E+01,6.365920418057E+01,1.951299784838E+01
8,0.3230,8.245915859851E+01,6.306722936349E+01,1.945258609034E+01
8,0.3240,8.228032550338E+01,6.247890871195E+01,1.939254724438E+01
8,0.3250,8.210246883262E+01,6.189420849519E+01,1.933287786824E+01
8,0.3260,8.192557993700E+01,6.131309539632E+01,1.927357456190E+01
8,0.3270,8.174965027249E+01,6.073553650601E+01,1.921463396691E+01
8,0.3280,8.157467139845E+01,6.016149931624E+01,1.915605276579E+01
8,0.3290,8.140063497261E+01,5.959095171426E+01,1.909782768140E+01
8,0.3300,8.122753275497E+01,5.902386197654E+01,1.903995547630E+01
8,0.3310,8.110843729294E+01,5.861205822652E+01,1.898243295220E+01
8,0.3320,8.099000185570E+01,5.820273522199E+01,1.892525694934E+01
8,0.3330,8.087222076368E+01,5.779587061388E+01,1.886842434588E+01
8,0.3340,8.075508840302E+01,5.739144232079E+01,1.881193205742E+01
8,0.3350,8.063859922436E+01,5.698942852497E+01,1.875577703636E+01
8,0.3360,8.052274774456E+01,5.658980766841E+01,1.869995627137E+01
8,0.3370,8.040752854291E+01,5.619255844899E+01,1.864446678688E+01
8,0.3380,8.029293626142E+01,5.579765981666E+01,1.858930564254E+01
8,0.3390,8.017896560241E+01,5.540509096977E+01,1.853446993268E+01
8,0.3400,8.006561133053E+01,5.501483135139E+01,1.847995678582E+01
8,0.3410,8.014859475433E+01,5.478163705799E+01,1.842576336416E+01
8,0.3420,8.023106969909E+01,5.454980647391E+01,1.837188686310E+01
8,0.3430,8.031304085955E+01,5.431932767166E+01,1.831832451073E+01
8,0.3440,8.039451287020E+01,5.409018886245E+01,1.826507356738E+01
8,0.3450,8.047549031034E+01,5.386237839416E+01,1.821213132516E+01
8,0.3460,8.055597770235E+01,5.363588474938E+01,1.815949510746E+01
8,0.3470,8.063597951436E+01,5.341069654348E+01,1.810716226853E+01
8,0.3480,8.071550015888E+01,5.318680252267E+01,1.805513019304E+01
8,0.3490,8.079454399375E+01,5.296419156215E+01,1.800339629564E+01
8,0.3500,8.087311532685E+01,5.274285266427E+01,1.795195802051E+01
8,0.3510,8.168855610072E+01,5.264271040272E+01,1.790081284097E+01
8,0.3520,8.249685816990E+01,5.254313713129E+01,1.784995825903E+01
8,0.3530,8.329817243957E+01,5.244412801437E+01,1.779939180504E+01
8,0.3540,8.409264368657E+01,5.234567827100E+01,1.774911103723E+01
8,0.3550,8.488041092139E+01,5.224778317407E+01,1.769911354135E+01
8,0.3560,8.566160772100E+01,5.215043804959E+01,1.764939693028E+01
8,0.3570,8.643636253922E+01,5.205363827595E+01,1.759995884364E+01
8,0.3580,8.720479899510E+01,5.195737928317E+01,1.755079694743E+01
8,0.3590,8.796703613883E+01,5.186165655219E+01,1.750190893365E+01
8,0.3600,8.872318870229E+01,5.176646561415E+01,1.745329251994E+01
8,0.3610,9.015720904943E+01,5.023937503926E+01,1.740494544925E+01
8,0.3620,9.157711183969E+01,4.872072142888E+01,1.735686548945E+01
8,0.3630,9.298333794654E+01,4.721043505601E+01,1.730905043300E+01
8,0.3640,9.437630032015E+01,4.570844695992E+01,1.726149809665E+01
8,0.3650,9.575638645180E+01,4.421468893559E+01,1.721420632104E+01
8,0.3660,9.712396056805E+01,4.272909352342E+01,1.716717297044E+01
8,0.3670,9.847936559394E+01,4.125159399904E+01,1.712039593237E+01
8,0.3680,9.982292491110E+01,3.978212436339E+01,1.707387311734E+01
8,0.3690,1.011549439377E+02,3.832061933281E+01,1.702760245848E+01
8,0.3700,1.024757115500E+02,3.686701432942E+01,1.698158191130E+01
8,0.3710,1.015832232333E+02,3.469300566511E+01,1.693580945331E+01
8,0.3720,1.006937099974E+02,3.253068521943E+01,1.689028308382E+01
8,0.3730,9.980711478536E+01,3.037995898525E+01,1.684500082354E+01
8,0.3740,9.892338024447E+01,2.824073396088E+01,1.679996071438E+01
8,0.3750,9.804244869786E+01,2.611291813664E+01,1.675516081915E+01
8,0.3760,9.716426211064E+01,2.399642048168E+01,1.671059922122E+01
8,0.3770,9.628876206016E+01,2.189115093098E+01,1.666627402435E+01
8,0.3780,9.541588970395E+01,1.979702037262E+01,1.662218335233E+01
8,0.3790,9.454558574010E+01,1.771394063515E+01,1.657832534876E+01
8,0.3800,9.367779037557E+01,1.564182447524E+01,1.653469817679E+01
8,0.3810,9.222945842650E+01,1.477455568688E+01,1.649130001884E+01
8,0.3820,9.078261417464E+01,1.391182757281E+01,1.644812907639E+01
8,0.3830,8.933700497270E+01,1.305360456638E+01,1.640518356966E+01
8,0.3840,8.789236666772E+01,1.219985147144E+01,1.636246173745E+01
8,0.3850,8.644842261719E+01,1.135053345752E+01,1.631996183683E+01
8,0.3860,8.500488260955E+01,1.050561605506E+01,1.627768214295E+01
8,0.3870,8.356144166657E+01,9.665065150811E+00,1.623562094878E+01
8,0.3880,8.211777872256E+01,8.828846983181E+00,1.619377656490E+01
8,0.3890,8.067355514927E+01,7.996928137750E+00,1.615214731923E+01
8,0.3900,7.922841312423E+01,7.169275542807E+00,1.611073155687E+01
8,0.3910,7.808108263729E+01,6.911503837898E+00,1.606952763985E+01
8,0.3920,7.693394535400E+01,6.655047294747E+00,1.602853394689E+01
8,0.3930,7.578679387970E+01,6.399895873954E+00,1.598774887323E+01
8,0.3940,7.463941156808E+01,6.146039638038E+00,1.594717083041E+01
8,0.3950,7.349157177383E+01,5.893468750152E+00,1.590679824602E+01
8,0.3960,7.234303703562E+01,5.642173472811E+00,1.586662956358E+01
8,0.3970,7.119355818231E+01,5.392144166640E+00,1.582666324227E+01
8,0.3980,7.004287333545E+01,5.143371289143E+00,1.578689775673E+01
8,0.3990,6.889070682109E+01,4.895845393489E+00,1.574733159694E+01
8,0.4000,6.773676795920E+01,4.649557127313E+00,1.570796326795E+01
8,0.4010,6.687328789635E+01,4.529847561859E+00,1.566879128972E+01
8,0.4020,6.600959525382E+01,4.410733566383E+00,1.562981419696E+01
8,0.4030,6.514555260863E+01,4.292210707361E+00,1.559103053891E+01
8,0.4040,6.428101723894E+01,4.174274595166E+00,1.555243887916E+01
8,0.4050,6.341584075832E+01,4.056920883525E+00,1.551403779551E+01
8,0.4060,6.254986870112E+01,3.940145268985E+00,1.547582587975E+01
8,0.4070,6.168294008707E+01,3.823943490389E+00,1.543780173754E+01
8,0.4080,6.081488693750E+01,3.708311328355E+00,1.539996398819E+01
8,0.4090,5.994553375638E+01,3.593244604766E+00,1.536231126450E+01
8,0.4100,5.907469695557E+01,3.478739182268E+00,1.532484221263E+01
8,0.4110,5.835460828494E+01,3.392308563657E+00,1.528755549192E+01
8,0.4120,5.763387034209E+01,3.306297511157E+00,1.525044977471E+01
8,0.4130,5.691236786061E+01,3.220702977070E+00,1.521352374620E+01
8,0.4140,5.618998120384E+01,3.135521943148E+00,1.517677610430E+01
8,0.4150,5.546658607225E+01,3.050751420233E+00,1.514020555947E+01
8,0.4160,5.474205318720E+01,2.966388447909E+00,1.510381083457E+01
8,0.4170,5.401624794757E+01,2.882430094157E+00,1.506759066470E+01
8,0.4180,5.328903006337E+01,2.798873455016E+00,1.503154379708E+01
8,0.4190,5.256025315146E+01,2.715715654249E+00,1.499566899088E+01
8,0.4200,5.182976430669E+01,2.632953843009E+00,1.495996501709E+01
8,0.4210,5.118778301310E+01,2.569986959374E+00,1.492443065838E+01
8,0.4220,5.054462063220E+01,2.507318496988E+00,1.488906470896E+01
8,0.4230,4.990016213047E+01,2.444946339389E+00,1.485386597442E+01
8,0.4240,4.925428783148E+01,2.382868390081E+00,1.481883327165E+01
8,0.4250,4.860687310029E+01,2.321082572299E+00,1.478396542866E+01
8,0.4260,4.795778801916E+01,2.259586828779E+00,1.474926128446E+01
8,0.4270,4.730689702355E+01,2.198379121528E+00,1.471471968895E+01
8,0.4280,4.665405852284E+01,2.137457431601E+00,1.468033950276E+01
8,0.4290,4.599912447858E+01,2.076819758877E+00,1.464611959716E+01
8,0.4300,4.534193995987E+01,2.016464121839E+00,1.461205885391E+01
8,0.4310,4.475882342935E+01,1.966593266679E+00,1.457815616515E+01
8,0.4320,4.417400884769E+01,1.916953295107E+00,1.454441043329E+01
8,0.4330,4.358737629032E+01,1.867542607469E+00,1.451082057085E+01
8,0.4340,4.299880071245E+01,1.818359618852E+00,1.447738550041E+01
8,0.4350,4.240815163058E+01,1.769402758918E+00,1.444410415444E+01
8,0.4360,4.181529276572E+01,1.720670471737E+00,1.441097547518E+01
8,0.4370,4.122008168208E+01,1.672161215618E+00,1.437799841460E+01
8,0.4380,4.062236938535E+01,1.623873462951E+00,1.434517193420E+01
8,0.4390,4.002199990695E+01,1.575805700047E+00,1.431249500496E+01
8,0.4400,3.941880985915E+01,1.527956426973E+00,1.427996660723E+01
8,0.4410,3.885205237080E+01,1.495002020225E+00,1.424758573057E+01
8,0.4420,3.828269241716E+01,1.462196728440E+00,1.421535137371E+01
8,0.4430,3.771057840149E+01,1.429539541810E+00,1.418326254442E+01
8,0.4440,3.713555177783E+01,1.397029459624E+00,1.415131825941E+01
8,0.4450,3.655744667175E+01,1.364665490167E+00,1.411951754422E+01
8,0.4460,3.597608950839E+01,1.332446650618E+00,1.408785943314E+01
8,0.4470,3.539129863103E+01,1.300371966950E+00,1.405634296908E+01
8,0.4480,3.480288395135E+01,1.268440473834E+00,1.402496720353E+01
8,0.4490,3.421064661499E+01,1.236651214541E+00,1.399373119639E+01
8,0.4500,3.361437872608E+01,1.205003240845E+00,1.396263401595E+01
8,0.4510,3.305922375400E+01,1.181543941427E+00,1.393167473876E+01
8,0.4520,3.250043032415E+01,1.158188444218E+00,1.390085244951E+01
8,0.4530,3.193781510707E+01,1.134936061787E+00,1.387016624101E+01
8,0.4540,3.137118832629E+01,1.111786112760E+00,1.383961521405E+01
8,0.4550,3.080035412488E+01,1.088737921749E+00,1.380919847732E+01
8,0.4560,3.022511119638E+01,1.065790819296E+00,1.377891514732E+01
8,0.4570,2.964525376833E+01,1.042944141799E+00,1.374876434831E+01
8,0.4580,2.906057307001E+01,1.020197231453E+00,1.371874521218E+01
8,0.4590,2.847085944160E+01,9.975494361844E-01,1.368885687839E+01
8,0.4600,2.787590533191E+01,9.750001095908E-01,1.365909849387E+01
8,0.4610,2.731672877627E+01,9.602165502576E-01,1.362946921297E+01
8,0.4620,2.675281614156E+01,9.454969890167E-01,1.359996819736E+01
8,0.4630,2.618402847139E+01,9.308410111938E-01,1.357059461594E+01
8,0.4640,2.561024815832E+01,9.162482056890E-01,1.354134764478E+01
8,0.4650,2.503138862579E+01,9.017181649391E-01,1.351222646705E+01
8,0.4660,2.444740733389E+01,8.872504848791E-01,1.348323027292E+01
8,0.4670,2.385832322296E+01,8.728447649050E-01,1.345435825949E+01
8,0.4680,2.326424008111E+01,8.585006078367E-01,1.342560963073E+01
8,0.4690,2.266537787527E+01,8.442176198818E-01,1.339698359740E+01
8,0.4700,2.206211460795E+01,8.299954105990E-01,1.336847937698E+01
8,0.4710,2.149392417850E+01,8.187857561508E-01,1.334009619359E+01
8,0.4720,2.092318385888E+01,8.076236002383E-01,1.331183327792E+01
8,0.4730,2.035087660821E+01,7.965086416024E-01,1.328368986719E+01
8,0.4740,1.977835367029E+01,7.854405815261E-01,1.325566520502E+01
8,0.4750,1.920743780158E+01,7.744191238081E-01,1.322775854143E+01
8,0.4760,1.864054306132E+01,7.634439747359E-01,1.319996913273E+01
8,0.4770,1.808080172232E+01,7.525148430602E-01,1.317229624147E+01
8,0.4780,1.753217562000E+01,7.416314399690E-01,1.314473913636E+01
8,0.4790,1.699950875306E+01,7.307934790619E-01,1.311729709223E+01
8,0.4800,1.648845349542E+01,7.200006763252E-01,1.308996938996E+01
8,0.4810,1.602903790806E+01,7.108320372249E-01,1.306275531638E+01
8,0.4820,1.559972537392E+01,7.017014422703E-01,1.303565416427E+01
8,0.4830,1.520511611844E+01,6.926086551623E-01,1.300866523226E+01
8,0.4840,1.484853168129E+01,6.835534415547E-01,1.298178782475E+01
8,0.4850,1.453149599041E+01,6.745355690342E-01,1.295502125192E+01
8,0.4860,1.425355051091E+01,6.655548071001E-01,1.292836482959E+01
8,0.4870,1.401246960047E+01,6.566109271453E-01,1.290181787922E+01
8,0.4880,1.380477269619E+01,6.477037024362E-01,1.287537972783E+01
8,0.4890,1.362633436372E+01,6.388329080940E-01,1.284904970793E+01
8,0.4900,1.347291555920E+01,6.299983210756E-01,1.282282715751E+01
8,0.4910,1.334862923789E+01,6.223603818808E-01,1.279671141992E+01
8,0.4920,1.323931375220E+01,6.147534912194E-01,1.277070184386E+01
8,0.4930,1.314258397789E+01,6.071774601550E-01,1.274479778333E+01
8,0.4940,1.305641678646E+01,5.996321012811E-01,1.271899859753E+01
8,0.4950,1.297912082543E+01,5.921172287057E-01,1.269330365087E+01
8,0.4960,1.290929487714E+01,5.846326580358E-01,1.266771231286E+01
8,0.4970,1.284578410871E+01,5.771782063626E-01,1.264222395811E+01
8,0.4980,1.278763911724E+01,5.697536922463E-01,1.261683796622E+01
8,0.4990,1.273407990310E+01,5.623589357017E-01,1.259155372180E+01
8,0.5000,1.268446532387E+01,5.549937581832E-01,1.256637061436E+01
8,0.5010,1.263868663586E+01,5.478686762100E-01,1.254128803828E+01
8,0.5020,1.259577892703E+01,5.407719810176E-01,1.251630539279E+01
8,0.5030,1.255540316494E+01,5.337035033011E-01,1.249142208187E+01
8,0.5040,1.251727836512E+01,5.266630750993E-01,1.246663751425E+01
8,0.5050,1.248117174972E+01,5.196505297815E-01,1.244195110333E+01
8,0.5060,1.244689083721E+01,5.126657020341E-01,1.241736226715E+01
8,0.5070,1.241427710141E+01,5.057084278479E-01,1.239287042836E+01
8,0.5080,1.238320090566E+01,4.987785445049E-01,1.236847501413E+01
8,0.5090,1.235355747762E+01,4.918758905661E-01,1.234417545615E+01
8,0.5100,1.232526374105E+01,4.850003058583E-01,1.231997119055E+01
8,0.5110,1.229834451874E+01,4.804214475246E-01,1.229586165789E+01
8,0.5120,1.227258128555E+01,4.758604753562E-01,1.227184630309E+01
8,0.5130,1.224794504997E+01,4.713172847558E-01,1.224792457540E+01
9,0.3000,8.499769591476E+01,8.867668863533E+01,2.094395102393E+01
9,0.3010,8.494487012999E+01,8.705447177761E+01,2.087436979129E+01
9,0.3020,8.489238489897E+01,8.544299807790E+01,2.080524936152E+01
9,0.3030,8.484023692725E+01,8.384216116828E+01,2.073658517221E+01
9,0.3040,8.478842296310E+01,8.225185608043E+01,2.066837272099E+01
9,0.3050,8.473693979628E+01,8.067197922267E+01,2.060060756452E+01
9,0.3060,8.468578425668E+01,7.910242835745E+01,2.053328531758E+01
9,0.3070,8.463495321616E+01,7.754310257929E+01,2.046640165205E+01
9,0.3080,8.458444358641E+01,7.599390229320E+01,2.039995229604E+01
9,0.3090,8.453425231760E+01,7.445472919343E+01,2.033393303294E+01
9,0.3100,8.448437639754E+01,7.292548624268E+01,2.026833970058E+01
9,0.3110,8.405849968769E+01,7.209500568704E+01,2.020316819029E+01
9,0.3120,8.363472689109E+01,7.126984872471E+01,2.013841444609E+01
9,0.3130,8.321303510246E+01,7.044996433082E+01,2.007407446383E+01
9,0.3140,8.279340167756E+01,6.963530213053E+01,2.001014429038E+01
9,0.3150,8.237580423187E+01,6.882581238864E+01,1.994662002279E+01
9,0.3160,8.196022062960E+01,6.802144599956E+01,1.988349780753E+01
9,0.3170,8.154662898656E+01,6.722215447729E+01,1.982077383968E+01
9,0.3180,8.113500766182E+01,6.642788994572E+01,1.975844436220E+01
9,0.3190,8.072533525430E+01,6.563860512908E+01,1.969650566514E+01
9,0.3200,8.031759059781E+01,6.485425334254E+01,1.963495408494E+01
9,0.3210,8.013293867864E+01,6.425486731426E+01,1.957378600367E+01
9,0.3220,7.994930189581E+01,6.365920418057E+01,1.951299784838E+01
9,0.3230,7.976667120661E+01,6.306722936349E+01,1.945258609034E+01
9,0.3240,7.958503767812E+01,6.247890871195E+01,1.939254724438E+01
9,0.3250,7.940439248366E+01,6.189420849519E+01,1.933287786824E+01
9,0.3260,7.922472690406E+01,6.131309539632E+01,1.927357456190E+01
9,0.3270,7.904603232518E+01,6.073553650601E+01,1.921463396691E+01
9,0.3280,7.886830023400E+01,6.016149931624E+01,1.915605276579E+01
9,0.3290,7.869152222107E+01,5.959095171426E+01,1.909782768140E+01
9,0.3300,7.851568997481E+01,5.902386197654E+01,1.903995547630E+01
9,0.3310,7.839477512228E+01,5.861205822652E+01,1.898243295220E+01
9,0.3320,7.827452916401E+01,5.820273522199E+01,1.892525694934E+01
9,0.3330,7.815494635778E+01,5.779587061388E+01,1.886842434588E+01
9,0.3340,7.803602102639E+01,5.739144232079E+01,1.881193205742E+01
9,0.3350,7.791774755929E+01,5.698942852497E+01,1.875577703636E+01
9,0.3360,7.780012041277E+01,5.658980766841E+01,1.869995627137E+01
9,0.3370,7.768313410393E+01,5.619255844899E+01,1.864446678688E+01
9,0.3380,7.756678321480E+01,5.579765981666E+01,1.858930564254E+01
9,0.3390,7.745106238888E+01,5.540509096977E+01,1.853446993268E+01
9,0.3400,7.733596633182E+01,5.501483135139E+01,1.847995678582E+01
9,0.3410,7.742055103704E+01,5.478163705799E+01,1.842576336416E+01
9,0.3420,7.750461439889E+01,5.454980647391E+01,1.837188686310E+01
9,0.3430,7.758816127254E+01,5.431932767166E+01,1.831832451073E+01
9,0.3440,7.767119645307E+01,5.409018886245E+01,1.826507356738E+01
9,0.3450,7.775372467753E+01,5.386237839416E+01,1.821213132516E+01
9,0.3460,7.783575061981E+01,5.363588474938E+01,1.815949510746E+01
9,0.3470,7.791727890084E+01,5.341069654348E+01,1.810716226853E+01
9,0.3480,7.799831407931E+01,5.318680252267E+01,1.805513019304E+01
9,0.3490,7.807886066268E+01,5.296419156215E+01,1.800339629564E+01
9,0.3500,7.815892309995E+01,5.274285266427E+01,1.795195802051E+01
9,0.3510,7.898819032947E+01,5.264271040272E+01,1.790081284097E+01
9,0.3520,7.981007705660E+01,5.254313713129E+01,1.784995825903E+01
9,0.3530,8.062474161632E+01,5.244412801437E+01,1.779939180504E+01
9,0.3540,8.143233584087E+01,5.234567827100E+01,1.774911103723E+01
9,0.3550,8.223300544869E+01,5.224778317407E+01,1.769911354135E+01
9,0.3560,8.302689040657E+01,5.215043804959E+01,1.764939693028E+01
9,0.3570,8.381412525852E+01,5.205363827595E+01,1.759995884364E+01
9,0.3580,8.459483943701E+01,5.195737928317E+01,1.755079694743E+01
9,0.3590,8.536915754666E+01,5.186165655219E+01,1.750190893365E+01
9,0.3600,8.613719963165E+01,5.176646561415E+01,1.745329251994E+01
9,0.3610,8.759341704962E+01,5.023937503926E+01,1.740494544925E+01
9,0.3620,8.903498456491E+01,4.872072142888E+01,1.735686548945E+01
9,0.3630,9.046236447893E+01,4.721043505601E+01,1.730905043300E+01
9,0.3640,9.187598979870E+01,4.570844695992E+01,1.726149809665E+01
9,0.3650,9.327626682790E+01,4.421468893559E+01,1.721420632104E+01
9,0.3660,9.466357748031E+01,4.272909352342E+01,1.716717297044E+01
9,0.3670,9.603828134088E+01,4.125159399904E+01,1.712039593237E+01
9,0.3680,9.740071751352E+01,3.978212436339E+01,1.707387311734E+01
9,0.3690,9.875120627931E+01,3.832061933281E+01,1.702760245848E+01
9,0.3700,1.000900505878E+02,3.686701432942E+01,1.698158191130E+01
9,0.3710,9.918547813880E+01,3.469300566511E+01,1.693580945331E+01
9,0.3720,9.828382085627E+01,3.253068521943E+01,1.689028308382E+01
9,0.3730,9.738502113685E+01,3.037995898525E+01,1.684500082354E+01
9,0.3740,9.648902107186E+01,2.824073396088E+01,1.679996071438E+01
9,0.3750,9.559576241415E+01,2.611291813664E+01,1.675516081915E+01
9,0.3760,9.470518655185E+01,2.399642048168E+01,1.671059922122E+01
9,0.3770,9.381723446927E+01,2.189115093098E+01,1.666627402435E+01
9,0.3780,9.293184671703E+01,1.979702037262E+01,1.662218335233E+01
9,0.3790,9.204896337538E+01,1.771394063515E+01,1.657832534876E+01
9,0.3800,9.116852401775E+01,1.564182447524E+01,1.653469817679E+01
9,0.3810,8.969880865239E+01,1.477455568688E+01,1.649130001884E+01
9,0.3820,8.823031251183E+01,1.391182757281E+01,1.644812907639E+01
9,0.3830,8.676277668205E+01,1.305360456638E+01,1.640518356966E+01
9,0.3840,8.529593043082E+01,1.219985147144E+01,1.636246173745E+01
9,0.3850,8.382949020422E+01,1.135053345752E+01,1.631996183683E+01
9,0.3860,8.236315850432E+01,1.050561605506E+01,1.627768214295E+01
9,0.3870,8.089662266202E+01,9.665065150811E+00,1.623562094878E+01
9,0.3880,7.942955345952E+01,8.828846983181E+00,1.619377656490E+01
9,0.3890,7.796160361379E+01,7.996928137750E+00,1.615214731923E+01
9,0.3900,7.649240607747E+01,7.169275542807E+00,1.611073155687E+01
9,0.3910,7.532577953926E+01,6.911503837898E+00,1.606952763985E+01
9,0.3920,7.415915084244E+01,6.655047294747E+00,1.602853394689E+01
9,0.3930,7.299230794246E+01,6.399895873954E+00,1.598774887323E+01
9,0.3940,7.182502925423E+01,6.146039638038E+00,1.594717083041E+01
9,0.3950,7.065708286946E+01,5.893468750152E+00,1.590679824602E+01
9,0.3960,6.948822570624E+01,5.642173472811E+00,1.586662956358E+01
9,0.3970,6.831820256236E+01,5.392144166640E+00,1.582666324227E+01
9,0.3980,6.714674508280E+01,5.143371289143E+00,1.578689775673E+01
9,0.3990,6.597357060484E+01,4.895845393489E+00,1.574733159694E+01
9,0.4000,6.479838088046E+01,4.649557127313E+00,1.570796326795E+01
9,0.4010,6.391891327600E+01,4.529847561859E+00,1.566879128972E+01
9,0.4020,6.303911365781E+01,4.410733566383E+00,1.562981419696E+01
9,0.4030,6.215884147098E+01,4.292210707361E+00,1.559103053891E+01
9,0.4040,6.127795064336E+01,4.174274595166E+00,1.555243887916E+01
9,0.4050,6.039628918011E+01,4.056920883525E+00,1.551403779551E+01
9,0.4060,5.951369873389E+01,3.940145268985E+00,1.547582587975E+01
9,0.4070,5.863001412965E+01,3.823943490389E+00,1.543780173754E+01
9,0.4080,5.774506285197E+01,3.708311328355E+00,1.539996398819E+01
9,0.4090,5.685866448270E+01,3.593244604766E+00,1.536231126450E+01
9,0.4100,5.597063007786E+01,3.478739182268E+00,1.532484221263E+01
9,0.4110,5.523627927578E+01,3.392308563657E+00,1.528755549192E+01
9,0.4120,5.450118365562E+01,3.306297511157E+00,1.525044977471E+01
9,0.4130,5.376522463985E+01,3.220702977070E+00,1.521352374620E+01
9,0.4140,5.302827901953E+01,3.135521943148E+00,1.517677610430E+01
9,0.4150,5.229021862292E+01,3.050751420233E+00,1.514020555947E+01
9,0.4160,5.155090997352E+01,2.966388447909E+00,1.510381083457E+01
9,0.4170,5.081021390688E+01,2.882430094157E+00,1.506759066470E+01
9,0.4180,5.006798516759E+01,2.798873455016E+00,1.503154379708E+01
9,0.4190,4.932407195351E+01,2.715715654249E+00,1.499566899088E+01
9,0.4200,4.857831543528E+01,2.632953843009E+00,1.495996501709E+01
9,0.4210,4.792288709023E+01,2.569986959374E+00,1.492443065838E+01
9,0.4220,4.726617833217E+01,2.507318496988E+00,1.488906470896E+01
9,0.4230,4.660806938704E+01,2.444946339389E+00,1.485386597442E+01
9,0.4240,4.594843541260E+01,2.382868390081E+00,1.481883327165E+01
9,0.4250,4.528714614374E+01,2.321082572299E+00,1.478396542866E+01
9,0.4260,4.462406551098E+01,2.259586828779E+00,1.474926128446E+01
9,0.4270,4.395905121758E+01,2.198379121528E+00,1.471471968895E+01
9,0.4280,4.329195429154E+01,2.137457431601E+00,1.468033950276E+01
9,0.4290,4.262261858427E+01,2.076819758877E+00,1.464611959716E+01
9,0.4300,4.195088023922E+01,2.016464121839E+00,1.461205885391E+01
9,0.4310,4.135482769761E+01,1.966593266679E+00,1.457815616515E+01
9,0.4320,4.075695453206E+01,1.916953295107E+00,1.454441043329E+01
9,0.4330,4.015713319565E+01,1.867542607469E+00,1.451082057085E+01
9,0.4340,3.955523029287E+01,1.818359618852E+00,1.447738550041E+01
9,0.4350,3.895110617206E+01,1.769402758918E+00,1.444410415444E+01
9,0.4360,3.834461447638E+01,1.720670471737E+00,1.441097547518E+01
9,0.4370,3.773560166248E+01,1.672161215618E+00,1.437799841460E+01
9,0.4380,3.712390648134E+01,1.623873462951E+00,1.434517193420E+01
9,0.4390,3.650935940522E+01,1.575805700047E+00,1.431249500496E+01
9,0.4400,3.589178202062E+01,1.527956426973E+00,1.427996660723E+01
9,0.4410,3.531141945822E+01,1.495002020225E+00,1.424758573057E+01
9,0.4420,3.472824928770E+01,1.462196728440E+00,1.421535137371E+01
9,0.4430,3.414210368179E+01,1.429539541810E+00,1.418326254442E+01
9,0.4440,3.355280609247E+01,1.397029459624E+00,1.415131825941E+01
9,0.4450,3.296017063703E+01,1.364665490167E+00,1.411951754422E+01
9,0.4460,3.236400144663E+01,1.332446650618E+00,1.408785943314E+01
9,0.4470,3.176409198321E+01,1.300371966950E+00,1.405634296908E+01
9,0.4480,3.116022432123E+01,1.268440473834E+00,1.402496720353E+01
9,0.4490,3.055216839297E+01,1.236651214541E+00,1.399373119639E+01
9,0.4500,2.993968123661E+01,1.205003240845E+00,1.396263401595E+01
9,0.4510,2.936922809748E+01,1.181543941427E+00,1.393167473876E+01
9,0.4520,2.879473790584E+01,1.158188444218E+00,1.390085244951E+01
9,0.4530,2.821598927014E+01,1.134936061787E+00,1.387016624101E+01
9,0.4540,2.763274974750E+01,1.111786112760E+00,1.383961521405E+01
9,0.4550,2.704477559648E+01,1.088737921749E+00,1.380919847732E+01
9,0.4560,2.645181172359E+01,1.065790819296E+00,1.377891514732E+01
9,0.4570,2.585359190287E+01,1.042944141799E+00,1.374876434831E+01
9,0.4580,2.524983944141E+01,1.020197231453E+00,1.371874521218E+01
9,0.4590,2.464026845104E+01,9.975494361844E-01,1.368885687839E+01
9,0.4600,2.402458605646E+01,9.750001095908E-01,1.365909849387E+01
9,0.4610,2.344536065337E+01,9.602165502576E-01,1.362946921297E+01
9,0.4620,2.286049498962E+01,9.454969890167E-01,1.359996819736E+01
9,0.4630,2.226976042796E+01,9.308410111938E-01,1.357059461594E+01
9,0.4640,2.167294387780E+01,9.162482056890E-01,1.354134764478E+01
9,0.4650,2.106986015821E+01,9.017181649391E-01,1.351222646705E+01
9,0.4660,2.046037024427E+01,8.872504848791E-01,1.348323027292E+01
9,0.4670,1.984440840265E+01,8.728447649050E-01,1.345435825949E+01
9,0.4680,1.922202290750E+01,8.585006078367E-01,1.342560963073E+01
9,0.4690,1.859343809449E+01,8.442176198818E-01,1.339698359740E+01
9,0.4700,1.795915067247E+01,8.299954105990E-01,1.336847937698E+01
9,0.4710,1.736122462672E+01,8.187857561508E-01,1.334009619359E+01
9,0.4720,1.676048145914E+01,8.076236002383E-01,1.331183327792E+01
9,0.4730,1.615899045767E+01,7.965086416024E-01,1.328368986719E+01
9,0.4740,1.556013038952E+01,7.854405815261E-01,1.325566520502E+01
9,0.4750,1.496951648874E+01,7.744191238081E-01,1.322775854143E+01
9,0.4760,1.439685022964E+01,7.634439747359E-01,1.319996913273E+01
9,0.4770,1.386012359727E+01,7.525148430602E-01,1.317229624147E+01
9,0.4780,1.339749054757E+01,7.416314399690E-01,1.314473913636E+01
9,0.4790,1.311962254825E+01,7.307934790619E-01,1.311729709223E+01
9,0.3000,8.324146852278E+01,8.867668863533E+01,2.094395102393E+01
9,0.3010,8.318642518121E+01,8.705447177761E+01,2.087436979129E+01
9,0.3020,8.313173356699E+01,8.544299807790E+01,2.080524936152E+01
9,0.3030,8.307739030417E+01,8.384216116828E+01,2.073658517221E+01
9,0.3040,8.302339205783E+01,8.225185608043E+01,2.066837272099E+01
9,0.3050,8.296973553534E+01,8.067197922267E+01,2.060060756452E+01
9,0.3060,8.291641748892E+01,7.910242835745E+01,2.053328531758E+01
9,0.3070,8.286343470835E+01,7.754310257929E+01,2.046640165205E+01
9,0.3080,8.281078402717E+01,7.599390229320E+01,2.039995229604E+01
9,0.3090,8.275846231652E+01,7.445472919343E+01,2.033393303294E+01
9,0.3100,8.270646648775E+01,7.292548624268E+01,2.026833970058E+01
9,0.3110,8.226490804087E+01,7.209500568704E+01,2.020316819029E+01
9,0.3120,8.182532635906E+01,7.126984872471E+01,2.013841444609E+01
9,0.3130,8.138769715234E+01,7.044996433082E+01,2.007407446383E+01
9,0.3140,8.095199636633E+01,6.963530213053E+01,2.001014429038E+01
9,0.3150,8.051820018238E+01,6.882581238864E+01,1.994662002279E+01
9,0.3160,8.008628501042E+01,6.802144599956E+01,1.988349780753E+01
9,0.3170,7.965622748267E+01,6.722215447729E+01,1.982077383968E+01
9,0.3180,7.922800445452E+01,6.642788994572E+01,1.975844436220E+01
9,0.3190,7.880159299342E+01,6.563860512908E+01,1.969650566514E+01
9,0.3200,7.837697037430E+01,6.485425334254E+01,1.963495408494E+01
9,0.3210,7.818440286944E+01,6.425486731426E+01,1.957378600367E+01
9,0.3220,7.799284648441E+01,6.365920418057E+01,1.951299784838E+01
9,0.3230,7.780229218826E+01,6.306722936349E+01,1.945258609034E+01
9,0.3240,7.761273105986E+01,6.247890871195E+01,1.939254724438E+01
9,0.3250,7.742415428618E+01,6.189420849519E+01,1.933287786824E+01
9,0.3260,7.723655315941E+01,6.131309539632E+01,1.927357456190E+01
9,0.3270,7.704991907481E+01,6.073553650601E+01,1.921463396691E+01
9,0.3280,7.686424353256E+01,6.016149931624E+01,1.915605276579E+01
9,0.3290,7.667951813341E+01,5.959095171426E+01,1.909782768140E+01
9,0.3300,7.649573457769E+01,5.902386197654E+01,1.903995547630E+01
9,0.3310,7.636921333073E+01,5.861205822652E+01,1.898243295220E+01
9,0.3320,7.624336940652E+01,5.820273522199E+01,1.892525694934E+01
9,0.3330,7.611819704811E+01,5.779587061388E+01,1.886842434588E+01
9,0.3340,7.599369056561E+01,5.739144232079E+01,1.881193205742E+01
9,0.3350,7.586984433557E+01,5.698942852497E+01,1.875577703636E+01
9,0.3360,7.574665279961E+01,5.658980766841E+01,1.869995627137E+01
9,0.3370,7.562411046253E+01,5.619255844899E+01,1.864446678688E+01
9,0.3380,7.550221189080E+01,5.579765981666E+01,1.858930564254E+01
9,0.3390,7.538095171596E+01,5.540509096977E+01,1.853446993268E+01
9,0.3400,7.526032462815E+01,5.501483135139E+01,1.847995678582E+01
9,0.3410,7.534837526587E+01,5.478163705799E+01,1.842576336416E+01
9,0.3420,7.543587671372E+01,5.454980647391E+01,1.837188686310E+01
9,0.3430,7.552283415026E+01,5.431932767166E+01,1.831832451073E+01
9,0.3440,7.560925268702E+01,5.409018886245E+01,1.826507356738E+01
9,0.3450,7.569513737057E+01,5.386237839416E+01,1.821213132516E+01
9,0.3460,7.578049318671E+01,5.363588474938E+01,1.815949510746E+01
9,0.3470,7.586532505569E+01,5.341069654348E+01,1.810716226853E+01
9,0.3480,7.594963783829E+01,5.318680252267E+01,1.805513019304E+01
9,0.3490,7.603343633463E+01,5.296419156215E+01,1.800339629564E+01
9,0.3500,7.611672528526E+01,5.274285266427E+01,1.795195802051E+01
9,0.3510,7.698179168005E+01,5.264271040272E+01,1.790081284097E+01
9,0.3520,7.783826030087E+01,5.254313713129E+01,1.784995825903E+01
9,0.3530,7.868634897422E+01,5.244412801437E+01,1.779939180504E+01
9,0.3540,7.952626523658E+01,5.234567827100E+01,1.774911103723E+01
9,0.3550,8.035820702233E+01,5.224778317407E+01,1.769911354135E+01
9,0.3560,8.118236328748E+01,5.215043804959E+01,1.764939693028E+01
9,0.3570,8.199891459243E+01,5.205363827595E+01,1.759995884364E+01
9,0.3580,8.280803362537E+01,5.195737928317E+01,1.755079694743E+01
9,0.3590,8.360988569808E+01,5.186165655219E+01,1.750190893365E+01
9,0.3600,8.440462919066E+01,5.176646561415E+01,1.745329251994E+01
9,0.3610,8.591003671925E+01,5.023937503926E+01,1.740494544925E+01
9,0.3620,8.739830417347E+01,4.872072142888E+01,1.735686548945E+01
9,0.3630,8.887007222736E+01,4.721043505601E+01,1.730905043300E+01
9,0.3640,9.032593574181E+01,4.570844695992E+01,1.726149809665E+01
9,0.3650,9.176644823012E+01,4.421468893559E+01,1.721420632104E+01
9,0.3660,9.319212578852E+01,4.272909352342E+01,1.716717297044E+01
9,0.3670,9.460345057033E+01,4.125159399904E+01,1.712039593237E+01
9,0.3680,9.600087386237E+01,3.978212436339E+01,1.707387311734E+01
9,0.3690,9.738481881943E+01,3.832061933281E+01,1.702760245848E+01
9,0.3700,9.875568290051E+01,3.686701432942E+01,1.698158191130E+01
9,0.3710,9.782941900740E+01,3.469300566511E+01,1.693580945331E+01
9,0.3720,9.690561702528E+01,3.253068521943E+01,1.689028308382E+01
9,0.3730,9.598420617171E+01,3.037995898525E+01,1.684500082354E+01
9,0.3740,9.506511483776E+01,2.824073396088E+01,1.679996071438E+01
9,0.3750,9.414827053237E+01,2.611291813664E+01,1.675516081915E+01
9,0.3760,9.323359982085E+01,2.399642048168E+01,1.671059922122E+01
9,0.3770,9.232102826535E+01,2.189115093098E+01,1.666627402435E+01
9,0.3780,9.141048035883E+01,1.979702037262E+01,1.662218335233E+01
9,0.3790,9.050187945338E+01,1.771394063515E+01,1.657832534876E+01
9,0.3800,8.959514768733E+01,1.564182447524E+01,1.653469817679E+01
9,0.3810,8.808014145027E+01,1.477455568688E+01,1.649130001884E+01
9,0.3820,8.656443941773E+01,1.391182757281E+01,1.644812907639E+01
9,0.3830,8.504766533101E+01,1.305360456638E+01,1.640518356966E+01
9,0.3840,8.352942126942E+01,1.219985147144E+01,1.636246173745E+01
9,0.3850,8.200928556664E+01,1.135053345752E+01,1.631996183683E+01
9,0.3860,8.048681047261E+01,1.050561605506E+01,1.627768214295E+01
9,0.3870,7.896151953530E+01,9.665065150811E+00,1.623562094878E+01
9,0.3880,7.743290464201E+01,8.828846983181E+00,1.619377656490E+01
9,0.3890,7.590042267963E+01,7.996928137750E+00,1.615214731923E+01
9,0.3900,7.436349174734E+01,7.169275542807E+00,1.611073155687E+01
9,0.3910,7.314064958828E+01,6.911503837898E+00,1.606952763985E+01
9,0.3920,7.191557126262E+01,6.655047294747E+00,1.602853394689E+01
9,0.3930,7.068791267878E+01,6.399895873954E+00,1.598774887323E+01
9,0.3940,6.945730936956E+01,6.146039638038E+00,1.594717083041E+01
9,0.3950,6.822337454602E+01,5.893468750152E+00,1.590679824602E+01
9,0.3960,6.698569693976E+01,5.642173472811E+00,1.586662956358E+01
9,0.3970,6.574383836844E+01,5.392144166640E+00,1.582666324227E+01
9,0.3980,6.449733099725E+01,5.143371289143E+00,1.578689775673E+01
9,0.3990,6.324567424820E+01,4.895845393489E+00,1.574733159694E+01
9,0.4000,6.198833130682E+01,4.649557127313E+00,1.570796326795E+01
9,0.4010,6.104483137610E+01,4.529847561859E+00,1.566879128972E+01
9,0.4020,6.009876117532E+01,4.410733566383E+00,1.562981419696E+01
9,0.4030,5.914986095853E+01,4.292210707361E+00,1.559103053891E+01
9,0.4040,5.819785658375E+01,4.174274595166E+00,1.555243887916E+01
9,0.4050,5.724245826125E+01,4.056920883525E+00,1.551403779551E+01
9,0.4060,5.628335915684E+01,3.940145268985E+00,1.547582587975E+01
9,0.4070,5.532023385648E+01,3.823943490389E+00,1.543780173754E+01
9,0.4080,5.435273663923E+01,3.708311328355E+00,1.539996398819E+01
9,0.4090,5.338049956546E+01,3.593244604766E+00,1.536231126450E+01
9,0.4100,5.240313033868E+01,3.478739182268E+00,1.532484221263E+01
9,0.4110,5.159213734256E+01,3.392308563657E+00,1.528755549192E+01
9,0.4120,5.077779064288E+01,3.306297511157E+00,1.525044977471E+01
9,0.4130,4.995983372113E+01,3.220702977070E+00,1.521352374620E+01
9,0.4140,4.913799525811E+01,3.135521943148E+00,1.517677610430E+01
9,0.4150,4.831198787057E+01,3.050751420233E+00,1.514020555947E+01
9,0.4160,4.748150670570E+01,2.966388447909E+00,1.510381083457E+01
9,0.4170,4.664622789025E+01,2.882430094157E+00,1.506759066470E+01
9,0.4180,4.580580683230E+01,2.798873455016E+00,1.503154379708E+01
9,0.4190,4.495987632530E+01,2.715715654249E+00,1.499566899088E+01
9,0.4200,4.410804446784E+01,2.632953843009E+00,1.495996501709E+01
9,0.4210,4.335595570776E+01,2.569986959374E+00,1.492443065838E+01
9,0.4220,4.259913613444E+01,2.507318496988E+00,1.488906470896E+01
9,0.4230,4.183727358395E+01,2.444946339389E+00,1.485386597442E+01
9,0.4240,4.107003638485E+01,2.382868390081E+00,1.481883327165E+01
9,0.4250,4.029707176127E+01,2.321082572299E+00,1.478396542866E+01
9,0.4260,3.951800411358E+01,2.259586828779E+00,1.474926128446E+01
9,0.4270,3.873243318578E+01,2.198379121528E+00,1.471471968895E+01
9,0.4280,3.793993214608E+01,2.137457431601E+00,1.468033950276E+01
9,0.4290,3.714004559373E+01,2.076819758877E+00,1.464611959716E+01
9,0.4300,3.633228755673E+01,2.016464121839E+00,1.461205885391E+01
9,0.4310,3.561093270941E+01,1.966593266679E+00,1.457815616515E+01
9,0.4320,3.488300057423E+01,1.916953295107E+00,1.454441043329E+01
9,0.4330,3.414809634956E+01,1.867542607469E+00,1.451082057085E+01
9,0.4340,3.340580377471E+01,1.818359618852E+00,1.447738550041E+01
9,0.4350,3.265568520864E+01,1.769402758918E+00,1.444410415444E+01
9,0.4360,3.189728248189E+01,1.720670471737E+00,1.441097547518E+01
9,0.4370,3.113011890944E+01,1.672161215618E+00,1.437799841460E+01
9,0.4380,3.035370308144E+01,1.623873462951E+00,1.434517193420E+01
9,0.4390,2.956753527748E+01,1.575805700047E+00,1.431249500496E+01
9,0.4400,2.877111783805E+01,1.527956426973E+00,1.427996660723E+01
9,0.4410,2.801651335107E+01,1.495002020225E+00,1.424758573057E+01
9,0.4420,2.725235024654E+01,1.462196728440E+00,1.421535137371E+01
9,0.4430,2.647832943160E+01,1.429539541810E+00,1.418326254442E+01
9,0.4440,2.569424946262E+01,1.397029459624E+00,1.415131825941E+01
9,0.4450,2.490006437072E+01,1.364665490167E+00,1.411951754422E+01
9,0.4460,2.409596917521E+01,1.332446650618E+00,1.408785943314E+01
9,0.4470,2.328252619259E+01,1.300371966950E+00,1.405634296908E+01
9,0.4480,2.246085114684E+01,1.268440473834E+00,1.402496720353E+01
9,0.4490,2.163288518334E+01,1.236651214541E+00,1.399373119639E+01
9,0.4500,2.080178556683E+01,1.205003240845E+00,1.396263401595E+01
9,0.4510,2.003404429632E+01,1.181543941427E+00,1.393167473876E+01
9,0.4520,1.927355082126E+01,1.158188444218E+00,1.390085244951E+01
9,0.4530,1.852826822994E+01,1.134936061787E+00,1.387016624101E+01
9,0.4540,1.780884641899E+01,1.111786112760E+00,1.383961521405E+01
9,0.4550,1.712854029431E+01,1.088737921749E+00,1.380919847732E+01
9,0.4560,1.650210889230E+01,1.065790819296E+00,1.377891514732E+01
9,0.4570,1.594330559679E+01,1.042944141799E+00,1.374876434831E+01
9,0.4580,1.546143473594E+01,1.020197231453E+00,1.371874521218E+01
9,0.4590,1.505866611993E+01,9.975494361844E-01,1.368885687839E+01
9,0.4600,1.472986674790E+01,9.750001095908E-01,1.365909849387E+01
9,0.4610,1.447943937872E+01,9.602165502576E-01,1.362946921297E+01
9,0.4620,1.427484536048E+01,9.454969890167E-01,1.359996819736E+01
9,0.4630,1.410692201079E+01,9.308410111938E-01,1.357059461594E+01
9,0.4640,1.396779028249E+01,9.162482056890E-01,1.354134764478E+01
9,0.4650,1.385108971558E+01,9.017181649391E-01,1.351222646705E+01
9,0.4660,1.375186715098E+01,8.872504848791E-01,1.348323027292E+01
9,0.4670,1.366633754907E+01,8.728447649050E-01,1.345435825949E+01
9,0.4680,1.359163242317E+01,8.585006078367E-01,1.342560963073E+01
9,0.4690,1.352558222310E+01,8.442176198818E-01,1.339698359740E+01
9,0.4700,1.346654371804E+01,8.299954105990E-01,1.336847937698E+01
9,0.4710,1.341473972016E+01,8.187857561508E-01,1.334009619359E+01
9,0.4720,1.336721201494E+01,8.076236002383E-01,1.331183327792E+01
9,0.4730,1.332334959433E+01,7.965086416024E-01,1.328368986719E+01
9,0.4740,1.328267959075E+01,7.854405815261E-01,1.325566520502E+01
9,0.4750,1.324483867319E+01,7.744191238081E-01,1.322775854143E+01
9,0.4760,1.320955197271E+01,7.634439747359E-01,1.319996913273E+01
9,0.4770,1.317661774217E+01,7.525148430602E-01,1.317229624147E+01
9,0.4780,1.314589646554E+01,7.416314399690E-01,1.314473913636E+01
9,0.4790,1.311730352705E+01,7.307934790619E-01,1.311729709223E+01
10,0.3000,8.041802700614E+01,8.867668863533E+01,2.094395102393E+01
10,0.3010,8.036236354893E+01,8.705447177761E+01,2.087436979129E+01
10,0.3020,8.030705548477E+01,8.544299807790E+01,2.080524936152E+01
10,0.3030,8.025209940082E+01,8.384216116828E+01,2.073658517221E+01
10,0.3040,8.019749193100E+01,8.225185608043E+01,2.066837272099E+01
10,0.3050,8.014322974969E+01,8.067197922267E+01,2.060060756452E+01
10,0.3060,8.008930957531E+01,7.910242835745E+01,2.053328531758E+01
10,0.3070,8.003572816683E+01,7.754310257929E+01,2.046640165205E+01
10,0.3080,7.998248232391E+01,7.599390229320E+01,2.039995229604E+01
10,0.3090,7.992956888901E+01,7.445472919343E+01,2.033393303294E+01
10,0.3100,7.987698474173E+01,7.292548624268E+01,2.026833970058E+01
10,0.3110,7.942843580838E+01,7.209500568704E+01,2.020316819029E+01
10,0.3120,7.898187227754E+01,7.126984872471E+01,2.013841444609E+01
10,0.3130,7.853726979454E+01,7.044996433082E+01,2.007407446383E+01
10,0.3140,7.809460424482E+01,6.963530213053E+01,2.001014429038E+01
10,0.3150,7.765385174454E+01,6.882581238864E+01,1.994662002279E+01
10,0.3160,7.721498863861E+01,6.802144599956E+01,1.988349780753E+01
10,0.3170,7.677799149606E+01,6.722215447729E+01,1.982077383968E+01
10,0.3180,7.634283710400E+01,6.642788994572E+01,1.975844436220E+01
10,0.3190,7.590950246156E+01,6.563860512908E+01,1.969650566514E+01
10,0.3200,7.547796477769E+01,6.485425334254E+01,1.963495408494E+01
10,0.3210,7.528241084187E+01,6.425486731426E+01,1.957378600367E+01
10,0.3220,7.508788111174E+01,6.365920418057E+01,1.951299784838E+01
10,0.3230,7.489436647654E+01,6.306722936349E+01,1.945258609034E+01
10,0.3240,7.470185793756E+01,6.247890871195E+01,1.939254724438E+01
10,0.3250,7.451034660310E+01,6.189420849519E+01,1.933287786824E+01
10,0.3260,7.431982368960E+01,6.131309539632E+01,1.927357456190E+01
10,0.3270,7.413028051668E+01,6.073553650601E+01,1.921463396691E+01
10,0.3280,7.394170850922E+01,6.016149931624E+01,1.915605276579E+01
10,0.3290,7.375409919172E+01,5.959095171426E+01,1.909782768140E+01
10,0.3300,7.356744419034E+01,5.902386197654E+01,1.903995547630E+01
10,0.3310,7.343903193034E+01,5.861205822652E+01,1.898243295220E+01
10,0.3320,7.331130649983E+01,5.820273522199E+01,1.892525694934E+01
10,0.3330,7.318426207422E+01,5.779587061388E+01,1.886842434588E+01
10,0.3340,7.305789289648E+01,5.739144232079E+01,1.881193205742E+01
10,0.3350,7.293219327541E+01,5.698942852497E+01,1.875577703636E+01
10,0.3360,7.280715758641E+01,5.658980766841E+01,1.869995627137E+01
10,0.3370,7.268278026881E+01,5.619255844899E+01,1.864446678688E+01
10,0.3380,7.255905582540E+01,5.579765981666E+01,1.858930564254E+01
10,0.3390,7.243597882127E+01,5.540509096977E+01,1.853446993268E+01
10,0.3400,7.231354388430E+01,5.501483135139E+01,1.847995678582E+01
10,0.3410,7.240338280726E+01,5.478163705799E+01,1.842576336416E+01
10,0.3420,7.249265733865E+01,5.454980647391E+01,1.837188686310E+01
10,0.3430,7.258137286100E+01,5.431932767166E+01,1.831832451073E+01
10,0.3440,7.266953468713E+01,5.409018886245E+01,1.826507356738E+01
10,0.3450,7.275714806357E+01,5.386237839416E+01,1.821213132516E+01
10,0.3460,7.284421816849E+01,5.363588474938E+01,1.815949510746E+01
10,0.3470,7.293075011372E+01,5.341069654348E+01,1.810716226853E+01
10,0.3480,7.301674894803E+01,5.318680252267E+01,1.805513019304E+01
10,0.3490,7.310221965256E+01,5.296419156215E+01,1.800339629564E+01
10,0.3500,7.318716714998E+01,5.274285266427E+01,1.795195802051E+01
10,0.3510,7.406711718530E+01,5.264271040272E+01,1.790081284097E+01
10,0.3520,7.493819401417E+01,5.254313713129E+01,1.784995825903E+01
10,0.3530,7.580062523731E+01,5.244412801437E+01,1.779939180504E+01
10,0.3540,7.665462756350E+01,5.234567827100E+01,1.774911103723E+01
10,0.3550,7.750040755183E+01,5.224778317407E+01,1.769911354135E+01
10,0.3560,7.833816228372E+01,5.215043804959E+01,1.764939693028E+01
10,0.3570,7.916807998400E+01,5.205363827595E+01,1.759995884364E+01
10,0.3580,7.999034059087E+01,5.195737928317E+01,1.755079694743E+01
10,0.3590,8.080511627766E+01,5.186165655219E+01,1.750190893365E+01
10,0.3600,8.161257193373E+01,5.176646561415E+01,1.745329251994E+01
10,0.3610,8.314166603497E+01,5.023937503926E+01,1.740494544925E+01
10,0.3620,8.465303737416E+01,4.872072142888E+01,1.735686548945E+01
10,0.3630,8.614735238553E+01,4.721043505601E+01,1.730905043300E+01
10,0.3640,8.762522973694E+01,4.570844695992E+01,1.726149809665E+01
10,0.3650,8.908724501715E+01,4.421468893559E+01,1.721420632104E+01
10,0.3660,9.053393486547E+01,4.272909352342E+01,1.716717297044E+01
10,0.3670,9.196580060543E+01,4.125159399904E+01,1.712039593237E+01
10,0.3680,9.338331146333E+01,3.978212436339E+01,1.707387311734E+01
10,0.3690,9.478690742446E+01,3.832061933281E+01,1.702760245848E+01
10,0.3700,9.617700177137E+01,3.686701432942E+01,1.698158191130E+01
10,0.3710,9.523791366976E+01,3.469300566511E+01,1.693580945331E+01
10,0.3720,9.430122485941E+01,3.253068521943E+01,1.689028308382E+01
10,0.3730,9.336686391744E+01,3.037995898525E+01,1.684500082354E+01
10,0.3740,9.243475857336E+01,2.824073396088E+01,1.679996071438E+01
10,0.3750,9.150483565682E+01,2.611291813664E+01,1.675516081915E+01
10,0.3760,9.057702103680E+01,2.399642048168E+01,1.671059922122E+01
10,0.3770,8.965123955418E+01,2.189115093098E+01,1.666627402435E+01
10,0.3780,8.872741495781E+01,1.979702037262E+01,1.662218335233E+01
10,0.3790,8.780546983357E+01,1.771394063515E+01,1.657832534876E+01
10,0.3800,8.688532552919E+01,1.564182447524E+01,1.653469817679E+01
10,0.3810,8.534761883523E+01,1.477455568688E+01,1.649130001884E+01
10,0.3820,8.380892884437E+01,1.391182757281E+01,1.644812907639E+01
10,0.3830,8.226887152463E+01,1.305360456638E+01,1.640518356966E+01
10,0.3840,8.072704065639E+01,1.219985147144E+01,1.636246173745E+01
10,0.3850,7.918300568596E+01,1.135053345752E+01,1.631996183683E+01
10,0.3860,7.763630930619E+01,1.050561605506E+01,1.627768214295E+01
10,0.3870,7.608646474690E+01,9.665065150811E+00,1.623562094878E+01
10,0.3880,7.453295270311E+01,8.828846983181E+00,1.619377656490E+01
10,0.3890,7.297521786283E+01,7.996928137750E+00,1.615214731923E+01
10,0.3900,7.141266496593E+01,7.169275542807E+00,1.611073155687E+01
10,0.3910,7.016926458434E+01,6.911503837898E+00,1.606952763985E+01
10,0.3920,6.892340461755E+01,6.655047294747E+00,1.602853394689E+01
10,0.3930,6.767473342091E+01,6.399895873954E+00,1.598774887323E+01
10,0.3940,6.642287826218E+01,6.146039638038E+00,1.594717083041E+01
10,0.3950,6.516744328308E+01,5.893468750152E+00,1.590679824602E+01
10,0.3960,6.390800721117E+01,5.642173472811E+00,1.586662956358E+01
10,0.3970,6.264412078729E+01,5.392144166640E+00,1.582666324227E+01
10,0.3980,6.137530384771E+01,5.143371289143E+00,1.578689775673E+01
10,0.3990,6.010104203417E+01,4.895845393489E+00,1.574733159694E+01
10,0.4000,5.882078304155E+01,4.649557127313E+00,1.570796326795E+01
10,0.4010,5.786002856231E+01,4.529847561859E+00,1.566879128972E+01
10,0.4020,5.689654148337E+01,4.410733566383E+00,1.562981419696E+01
10,0.4030,5.593005444649E+01,4.292210707361E+00,1.559103053891E+01
10,0.4040,5.496028488220E+01,4.174274595166E+00,1.555243887916E+01
10,0.4050,5.398693364748E+01,4.056920883525E+00,1.551403779551E+01
10,0.4060,5.300968349530E+01,3.940145268985E+00,1.547582587975E+01
10,0.4070,5.202819737116E+01,3.823943490389E+00,1.543780173754E+01
10,0.4080,5.104211650547E+01,3.708311328355E+00,1.539996398819E+01
10,0.4090,5.005105827745E+01,3.593244604766E+00,1.536231126450E+01
10,0.4100,4.905461380636E+01,3.478739182268E+00,1.532484221263E+01
10,0.4110,4.822775543428E+01,3.392308563657E+00,1.528755549192E+01
10,0.4120,4.739736648652E+01,3.306297511157E+00,1.525044977471E+01
10,0.4130,4.656317837667E+01,3.220702977070E+00,1.521352374620E+01
10,0.4140,4.572490628944E+01,3.135521943148E+00,1.517677610430E+01
10,0.4150,4.488224770147E+01,3.050751420233E+00,1.514020555947E+01
10,0.4160,4.403488072650E+01,2.966388447909E+00,1.510381083457E+01
10,0.4170,4.318246226914E+01,2.882430094157E+00,1.506759066470E+01
10,0.4180,4.232462595948E+01,2.798873455016E+00,1.503154379708E+01
10,0.4190,4.146097984470E+01,2.715715654249E+00,1.499566899088E+01
10,0.4200,4.059110379271E+01,2.632953843009E+00,1.495996501709E+01
10,0.4210,3.982299131255E+01,2.569986959374E+00,1.492443065838E+01
10,0.4220,3.904986379460E+01,2.507318496988E+00,1.488906470896E+01
10,0.4230,3.827138240147E+01,2.444946339389E+00,1.485386597442E+01
10,0.4240,3.748718514540E+01,2.382868390081E+00,1.481883327165E+01
10,0.4250,3.669688467911E+01,2.321082572299E+00,1.478396542866E+01
10,0.4260,3.590006582645E+01,2.259586828779E+00,1.474926128446E+01
10,0.4270,3.509628286317E+01,2.198379121528E+00,1.471471968895E+01
10,0.4280,3.428505650544E+01,2.137457431601E+00,1.468033950276E+01
10,0.4290,3.346587060075E+01,2.076819758877E+00,1.464611959716E+01
10,0.4300,3.263816850629E+01,2.016464121839E+00,1.461205885391E+01
10,0.4310,3.189871375463E+01,1.966593266679E+00,1.457815616515E+01
10,0.4320,3.115207148823E+01,1.916953295107E+00,1.454441043329E+01
10,0.4330,3.039777322150E+01,1.867542607469E+00,1.451082057085E+01
10,0.4340,2.963531731723E+01,1.818359618852E+00,1.447738550041E+01
10,0.4350,2.886416687742E+01,1.769402758918E+00,1.444410415444E+01
10,0.4360,2.808374798222E+01,1.720670471737E+00,1.441097547518E+01
10,0.4370,2.729344860691E+01,1.672161215618E+00,1.437799841460E+01
10,0.4380,2.649261878713E+01,1.623873462951E+00,1.434517193420E+01
10,0.4390,2.568057293392E+01,1.575805700047E+00,1.431249500496E+01
10,0.4400,2.485659578654E+01,1.527956426973E+00,1.427996660723E+01
10,0.4410,2.407461018940E+01,1.495002020225E+00,1.424758573057E+01
10,0.4420,2.328116282184E+01,1.462196728440E+00,1.421535137371E+01
10,0.4430,2.247569202011E+01,1.429539541810E+00,1.418326254442E+01
10,0.4440,2.165771210384E+01,1.397029459624E+00,1.415131825941E+01
10,0.4450,2.082689086105E+01,1.364665490167E+00,1.411951754422E+01
10,0.4460,1.998318220063E+01,1.332446650618E+00,1.408785943314E+01
10,0.4470,1.912705809460E+01,1.300371966950E+00,1.405634296908E+01
10,0.4480,1.825992747072E+01,1.268440473834E+00,1.402496720353E+01
10,0.4490,1.738492836989E+01,1.236651214541E+00,1.399373119639E+01
10,0.4500,1.650852771328E+01,1.205003240845E+00,1.396263401595E+01
10,0.4510,1.570781025908E+01,1.181543941427E+00,1.393167473876E+01
10,0.4520,1.493927807223E+01,1.158188444218E+00,1.390085244951E+01
10,0.4530,1.425535961348E+01,1.134936061787E+00,1.387016624101E+01
10,0.4540,1.384018351562E+01,1.111786112760E+00,1.383961521405E+01
10,0.3000,7.813286161943E+01,8.867668863533E+01,2.094395102393E+01
10,0.3010,7.807406848857E+01,8.705447177761E+01,2.087436979129E+01
10,0.3020,7.801564580433E+01,8.544299807790E+01,2.080524936152E+01
10,0.3030,7.795759004755E+01,8.384216116828E+01,2.073658517221E+01
10,0.3040,7.789989774641E+01,8.225185608043E+01,2.066837272099E+01
10,0.3050,7.784256546955E+01,8.067197922267E+01,2.060060756452E+01
10,0.3060,7.778558983174E+01,7.910242835745E+01,2.053328531758E+01
10,0.3070,7.772896748841E+01,7.754310257929E+01,2.046640165205E+01
10,0.3080,7.767269513957E+01,7.599390229320E+01,2.039995229604E+01
10,0.3090,7.761676952271E+01,7.445472919343E+01,2.033393303294E+01
10,0.3100,7.756118741944E+01,7.292548624268E+01,2.026833970058E+01
10,0.3110,7.709043263268E+01,7.209500568704E+01,2.020316819029E+01
10,0.3120,7.662144508061E+01,7.126984872471E+01,2.013841444609E+01
10,0.3130,7.615419730736E+01,7.044996433082E+01,2.007407446383E+01
10,0.3140,7.568866203071E+01,6.963530213053E+01,2.001014429038E+01
10,0.3150,7.522481213184E+01,6.882581238864E+01,1.994662002279E+01
10,0.3160,7.476262065366E+01,6.802144599956E+01,1.988349780753E+01
10,0.3170,7.430206079220E+01,6.722215447729E+01,1.982077383968E+01
10,0.3180,7.384310588719E+01,6.642788994572E+01,1.975844436220E+01
10,0.3190,7.338572941861E+01,6.563860512908E+01,1.969650566514E+01
10,0.3200,7.292990500023E+01,6.485425334254E+01,1.963495408494E+01
10,0.3210,7.272294511658E+01,6.425486731426E+01,1.957378600367E+01
10,0.3220,7.251699347902E+01,6.365920418057E+01,1.951299784838E+01
10,0.3230,7.231204095290E+01,6.306722936349E+01,1.945258609034E+01
10,0.3240,7.210807851233E+01,6.247890871195E+01,1.939254724438E+01
10,0.3250,7.190509723803E+01,6.189420849519E+01,1.933287786824E+01
10,0.3260,7.170308831857E+01,6.131309539632E+01,1.927357456190E+01
10,0.3270,7.150204304567E+01,6.073553650601E+01,1.921463396691E+01
10,0.3280,7.130195281495E+01,6.016149931624E+01,1.915605276579E+01
10,0.3290,7.110280912276E+01,5.959095171426E+01,1.909782768140E+01
10,0.3300,7.090460356627E+01,5.902386197654E+01,1.903995547630E+01
10,0.3310,7.076804074480E+01,5.861205822652E+01,1.898243295220E+01
10,0.3320,7.063217176940E+01,5.820273522199E+01,1.892525694934E+01
10,0.3330,7.049699081067E+01,5.779587061388E+01,1.886842434588E+01
10,0.3340,7.036249210313E+01,5.739144232079E+01,1.881193205742E+01
10,0.3350,7.022866994908E+01,5.698942852497E+01,1.875577703636E+01
10,0.3360,7.009551871681E+01,5.658980766841E+01,1.869995627137E+01
10,0.3370,6.996303283979E+01,5.619255844899E+01,1.864446678688E+01
10,0.3380,6.983120681271E+01,5.579765981666E+01,1.858930564254E+01
10,0.3390,6.970003519494E+01,5.540509096977E+01,1.853446993268E+01
10,0.3400,6.956951260584E+01,5.501483135139E+01,1.847995678582E+01
10,0.3410,6.966441993760E+01,5.478163705799E+01,1.842576336416E+01
10,0.3420,6.975872031964E+01,5.454980647391E+01,1.837188686310E+01
10,0.3430,6.985241964727E+01,5.431932767166E+01,1.831832451073E+01
10,0.3440,6.994552373781E+01,5.409018886245E+01,1.826507356738E+01
10,0.3450,7.003803833418E+01,5.386237839416E+01,1.821213132516E+01
10,0.3460,7.012996910535E+01,5.363588474938E+01,1.815949510746E+01
10,0.3470,7.022132164463E+01,5.341069654348E+01,1.810716226853E+01
10,0.3480,7.031210147640E+01,5.318680252267E+01,1.805513019304E+01
10,0.3490,7.040231405069E+01,5.296419156215E+01,1.800339629564E+01
10,0.3500,7.049196474947E+01,5.274285266427E+01,1.795195802051E+01
10,0.3510,7.142397600420E+01,5.264271040272E+01,1.790081284097E+01
10,0.3520,7.234514430561E+01,5.254313713129E+01,1.784995825903E+01
10,0.3530,7.325580561461E+01,5.244412801437E+01,1.779939180504E+01
10,0.3540,7.415627719204E+01,5.234567827100E+01,1.774911103723E+01
10,0.3550,7.504685902544E+01,5.224778317407E+01,1.769911354135E+01
10,0.3560,7.592783512795E+01,5.215043804959E+01,1.764939693028E+01
10,0.3570,7.679947470934E+01,5.205363827595E+01,1.759995884364E+01
10,0.3580,7.766203325397E+01,5.195737928317E+01,1.755079694743E+01
10,0.3590,7.851575348715E+01,5.186165655219E+01,1.750190893365E+01
10,0.3600,7.936086626530E+01,5.176646561415E+01,1.745329251994E+01
10,0.3610,8.095905147340E+01,5.023937503926E+01,1.740494544925E+01
10,0.3620,8.253568469553E+01,4.872072142888E+01,1.735686548945E+01
10,0.3630,8.409173606421E+01,4.721043505601E+01,1.730905043300E+01
10,0.3640,8.562809659939E+01,4.570844695992E+01,1.726149809665E+01
10,0.3650,8.714558687357E+01,4.421468893559E+01,1.721420632104E+01
10,0.3660,8.864496450531E+01,4.272909352342E+01,1.716717297044E+01
10,0.3670,9.012693068389E+01,4.125159399904E+01,1.712039593237E+01
10,0.3680,9.159213586499E+01,3.978212436339E+01,1.707387311734E+01
10,0.3690,9.304118475624E+01,3.832061933281E+01,1.702760245848E+01
10,0.3700,9.447464070674E+01,3.686701432942E+01,1.698158191130E+01
10,0.3710,9.350619511303E+01,3.469300566511E+01,1.693580945331E+01
10,0.3720,9.253947094451E+01,3.253068521943E+01,1.689028308382E+01
10,0.3730,9.157437434244E+01,3.037995898525E+01,1.684500082354E+01
10,0.3740,9.061080958196E+01,2.824073396088E+01,1.679996071438E+01
10,0.3750,8.964867895445E+01,2.611291813664E+01,1.675516081915E+01
10,0.3760,8.868788264535E+01,2.399642048168E+01,1.671059922122E+01
10,0.3770,8.772831859801E+01,2.189115093098E+01,1.666627402435E+01
10,0.3780,8.676988237194E+01,1.979702037262E+01,1.662218335233E+01
10,0.3790,8.581246699502E+01,1.771394063515E+01,1.657832534876E+01
10,0.3800,8.485596279993E+01,1.564182447524E+01,1.653469817679E+01
10,0.3810,8.325538985963E+01,1.477455568688E+01,1.649130001884E+01
10,0.3820,8.165085870585E+01,1.391182757281E+01,1.644812907639E+01
10,0.3830,8.004177550797E+01,1.305360456638E+01,1.640518356966E+01
10,0.3840,7.842750364774E+01,1.219985147144E+01,1.636246173745E+01
10,0.3850,7.680735891957E+01,1.135053345752E+01,1.631996183683E+01
10,0.3860,7.518060403443E+01,1.050561605506E+01,1.627768214295E+01
10,0.3870,7.354644231972E+01,9.665065150811E+00,1.623562094878E+01
10,0.3880,7.190401044619E+01,8.828846983181E+00,1.619377656490E+01
10,0.3890,7.025237001456E+01,7.996928137750E+00,1.615214731923E+01
10,0.3900,6.859049776790E+01,7.169275542807E+00,1.611073155687E+01
10,0.3910,6.726406690331E+01,6.911503837898E+00,1.606952763985E+01
10,0.3920,6.593128727728E+01,6.655047294747E+00,1.602853394689E+01
10,0.3930,6.459152696708E+01,6.399895873954E+00,1.598774887323E+01
10,0.3940,6.324410448255E+01,6.146039638038E+00,1.594717083041E+01
10,0.3950,6.188828293646E+01,5.893468750152E+00,1.590679824602E+01
10,0.3960,6.052326333711E+01,5.642173472811E+00,1.586662956358E+01
10,0.3970,5.914817682865E+01,5.392144166640E+00,1.582666324227E+01
10,0.3980,5.776207570536E+01,5.143371289143E+00,1.578689775673E+01
10,0.3990,5.636392294023E+01,4.895845393489E+00,1.574733159694E+01
10,0.4000,5.495257993148E+01,4.649557127313E+00,1.570796326795E+01
10,0.4010,5.388863468396E+01,4.529847561859E+00,1.566879128972E+01
10,0.4020,5.281738707635E+01,4.410733566383E+00,1.562981419696E+01
10,0.4030,5.173825034697E+01,4.292210707361E+00,1.559103053891E+01
10,0.4040,5.065059111921E+01,4.174274595166E+00,1.555243887916E+01
10,0.4050,4.955372406516E+01,4.056920883525E+00,1.551403779551E+01
10,0.4060,4.844690582407E+01,3.940145268985E+00,1.547582587975E+01
10,0.4070,4.732932804647E+01,3.823943490389E+00,1.543780173754E+01
10,0.4080,4.620010943605E+01,3.708311328355E+00,1.539996398819E+01
10,0.4090,4.505828664581E+01,3.593244604766E+00,1.536231126450E+01
10,0.4100,4.390280383991E+01,3.478739182268E+00,1.532484221263E+01
10,0.4110,4.293770769243E+01,3.392308563657E+00,1.528755549192E+01
10,0.4120,4.196259801098E+01,3.306297511157E+00,1.525044977471E+01
10,0.4130,4.097672534766E+01,3.220702977070E+00,1.521352374620E+01
10,0.4140,3.997927652461E+01,3.135521943148E+00,1.517677610430E+01
10,0.4150,3.896936806278E+01,3.050751420233E+00,1.514020555947E+01
10,0.4160,3.794603922632E+01,2.966388447909E+00,1.510381083457E+01
10,0.4170,3.690824486158E+01,2.882430094157E+00,1.506759066470E+01
10,0.4180,3.585484851799E+01,2.798873455016E+00,1.503154379708E+01
10,0.4190,3.478461662191E+01,2.715715654249E+00,1.499566899088E+01
10,0.4200,3.369621514638E+01,2.632953843009E+00,1.495996501709E+01
10,0.4210,3.272559195242E+01,2.569986959374E+00,1.492443065838E+01
10,0.4220,3.173938950573E+01,2.507318496988E+00,1.488906470896E+01
10,0.4230,3.073656098755E+01,2.444946339389E+00,1.485386597442E+01
10,0.4240,2.971604597588E+01,2.382868390081E+00,1.481883327165E+01
10,0.4250,2.867681590565E+01,2.321082572299E+00,1.478396542866E+01
10,0.4260,2.761795360217E+01,2.259586828779E+00,1.474926128446E+01
10,0.4270,2.653879018859E+01,2.198379121528E+00,1.471471968895E+01
10,0.4280,2.543913915779E+01,2.137457431601E+00,1.468033950276E+01
10,0.4290,2.431969592014E+01,2.076819758877E+00,1.464611959716E+01
10,0.4300,2.318271854359E+01,2.016464121839E+00,1.461205885391E+01
10,0.4310,2.216561804111E+01,1.966593266679E+00,1.457815616515E+01
10,0.4320,2.114512903733E+01,1.916953295107E+00,1.454441043329E+01
10,0.4330,2.013173768874E+01,1.867542607469E+00,1.451082057085E+01
10,0.4340,1.914209781020E+01,1.818359618852E+00,1.447738550041E+01
10,0.4350,1.820070397588E+01,1.769402758918E+00,1.444410415444E+01
10,0.4360,1.733929708360E+01,1.720670471737E+00,1.441097547518E+01
10,0.4370,1.659078922269E+01,1.672161215618E+00,1.437799841460E+01
10,0.4380,1.597725341206E+01,1.623873462951E+00,1.434517193420E+01
10,0.4390,1.549979894175E+01,1.575805700047E+00,1.431249500496E+01
10,0.4400,1.514019181835E+01,1.527956426973E+00,1.427996660723E+01
10,0.4410,1.488498204710E+01,1.495002020225E+00,1.424758573057E+01
10,0.4420,1.468885553757E+01,1.462196728440E+00,1.421535137371E+01
10,0.4430,1.453537892479E+01,1.429539541810E+00,1.418326254442E+01
10,0.4440,1.441254973779E+01,1.397029459624E+00,1.415131825941E+01
10,0.4450,1.431193205048E+01,1.364665490167E+00,1.411951754422E+01
10,0.4460,1.422767409168E+01,1.332446650618E+00,1.408785943314E+01
10,0.4470,1.415571771087E+01,1.300371966950E+00,1.405634296908E+01
10,0.4480,1.409323429703E+01,1.268440473834E+00,1.402496720353E+01
10,0.4490,1.403824177518E+01,1.236651214541E+00,1.399373119639E+01
10,0.4500,1.398934976810E+01,1.205003240845E+00,1.396263401595E+01
10,0.4510,1.394641174712E+01,1.181543941427E+00,1.393167473876E+01
10,0.4520,1.390735166504E+01,1.158188444218E+00,1.390085244951E+01
10,0.4530,1.387181986087E+01,1.134936061787E+00,1.387016624101E+01
10,0.4540,1.383961646859E+01,1.111786112760E+00,1.383961521405E+01
11,0.3000,7.510456202897E+01,8.867668863533E+01,2.094395102393E+01
11,0.3010,7.504519035591E+01,8.705447177761E+01,2.087436979129E+01
11,0.3020,7.498619259743E+01,8.544299807790E+01,2.080524936152E+01
11,0.3030,7.492756519897E+01,8.384216116828E+01,2.073658517221E+01
11,0.3040,7.486930465634E+01,8.225185608043E+01,2.066837272099E+01
11,0.3050,7.481140750770E+01,8.067197922267E+01,2.060060756452E+01
11,0.3060,7.475387033508E+01,7.910242835745E+01,2.053328531758E+01
11,0.3070,7.469668976370E+01,7.754310257929E+01,2.046640165205E+01
11,0.3080,7.463986245981E+01,7.599390229320E+01,2.039995229604E+01
11,0.3090,7.458338513520E+01,7.445472919343E+01,2.033393303294E+01
11,0.3100,7.452725453727E+01,7.292548624268E+01,2.026833970058E+01
11,0.3110,7.404905125020E+01,7.209500568704E+01,2.020316819029E+01
11,0.3120,7.357262211153E+01,7.126984872471E+01,2.013841444609E+01
11,0.3130,7.309793951410E+01,7.044996433082E+01,2.007407446383E+01
11,0.3140,7.262497602075E+01,6.963530213053E+01,2.001014429038E+01
11,0.3150,7.215370435930E+01,6.882581238864E+01,1.994662002279E+01
11,0.3160,7.168409740915E+01,6.802144599956E+01,1.988349780753E+01
11,0.3170,7.121612820090E+01,6.722215447729E+01,1.982077383968E+01
11,0.3180,7.074976990441E+01,6.642788994572E+01,1.975844436220E+01
11,0.3190,7.028499582600E+01,6.563860512908E+01,1.969650566514E+01
11,0.3200,6.982177939883E+01,6.485425334254E+01,1.963495408494E+01
11,0.3210,6.961168171741E+01,6.425486731426E+01,1.957378600367E+01
11,0.3220,6.940260624896E+01,6.365920418057E+01,1.951299784838E+01
11,0.3230,6.919454377264E+01,6.306722936349E+01,1.945258609034E+01
11,0.3240,6.898748518007E+01,6.247890871195E+01,1.939254724438E+01
11,0.3250,6.878142146986E+01,6.189420849519E+01,1.933287786824E+01
11,0.3260,6.857634374881E+01,6.131309539632E+01,1.927357456190E+01
11,0.3270,6.837224322792E+01,6.073553650601E+01,1.921463396691E+01
11,0.3280,6.816911122190E+01,6.016149931624E+01,1.915605276579E+01
11,0.3290,6.796693914722E+01,5.959095171426E+01,1.909782768140E+01
11,0.3300,6.776571852164E+01,5.902386197654E+01,1.903995547630E+01
11,0.3310,6.762720375800E+01,5.861205822652E+01,1.898243295220E+01
11,0.3320,6.748939303372E+01,5.820273522199E+01,1.892525694934E+01
11,0.3330,6.735228044567E+01,5.779587061388E+01,1.886842434588E+01
11,0.3340,6.721586015930E+01,5.739144232079E+01,1.881193205742E+01
11,0.3350,6.708012640334E+01,5.698942852497E+01,1.875577703636E+01
11,0.3360,6.694507347640E+01,5.658980766841E+01,1.869995627137E+01
11,0.3370,6.681069574099E+01,5.619255844899E+01,1.864446678688E+01
11,0.3380,6.667698762366E+01,5.579765981666E+01,1.858930564254E+01
11,0.3390,6.654394361238E+01,5.540509096977E+01,1.853446993268E+01
11,0.3400,6.641155826182E+01,5.501483135139E+01,1.847995678582E+01
11,0.3410,6.650850062316E+01,5.478163705799E+01,1.842576336416E+01
11,0.3420,6.660481723811E+01,5.454980647391E+01,1.837188686310E+01
11,0.3430,6.670051428081E+01,5.431932767166E+01,1.831832451073E+01
11,0.3440,6.679559784448E+01,5.409018886245E+01,1.826507356738E+01
11,0.3450,6.689007394066E+01,5.386237839416E+01,1.821213132516E+01
11,0.3460,6.698394850171E+01,5.363588474938E+01,1.815949510746E+01
11,0.3470,6.707722738029E+01,5.341069654348E+01,1.810716226853E+01
11,0.3480,6.716991634929E+01,5.318680252267E+01,1.805513019304E+01
11,0.3490,6.726202111118E+01,5.296419156215E+01,1.800339629564E+01
11,0.3500,6.735354728878E+01,5.274285266427E+01,1.795195802051E+01
11,0.3510,6.830168054081E+01,5.264271040272E+01,1.790081284097E+01
11,0.3520,6.923863905325E+01,5.254313713129E+01,1.784995825903E+01
11,0.3530,7.016477355186E+01,5.244412801437E+01,1.779939180504E+01
11,0.3540,7.108041488309E+01,5.234567827100E+01,1.774911103723E+01
11,0.3550,7.198587558109E+01,5.224778317407E+01,1.769911354135E+01
11,0.3560,7.288145127000E+01,5.215043804959E+01,1.764939693028E+01
11,0.3570,7.376742194514E+01,5.205363827595E+01,1.759995884364E+01
11,0.3580,7.464405312454E+01,5.195737928317E+01,1.755079694743E+01
11,0.3590,7.551159689769E+01,5.186165655219E+01,1.750190893365E+01
11,0.3600,7.637029287807E+01,5.176646561415E+01,1.745329251994E+01
11,0.3610,7.799371134656E+01,5.023937503926E+01,1.740494544925E+01
11,0.3620,7.959492394378E+01,4.872072142888E+01,1.735686548945E+01
11,0.3630,8.117493455506E+01,4.721043505601E+01,1.730905043300E+01
11,0.3640,8.273466474782E+01,4.570844695992E+01,1.726149809665E+01
11,0.3650,8.427496288765E+01,4.421468893559E+01,1.721420632104E+01
11,0.3660,8.579661201148E+01,4.272909352342E+01,1.716717297044E+01
11,0.3670,8.730033666200E+01,4.125159399904E+01,1.712039593237E+01
11,0.3680,8.878680883996E+01,3.978212436339E+01,1.707387311734E+01
11,0.3690,9.025665321032E+01,3.832061933281E+01,1.702760245848E+01
11,0.3700,9.171045167040E+01,3.686701432942E+01,1.698158191130E+01
11,0.3710,9.072848202598E+01,3.469300566511E+01,1.693580945331E+01
11,0.3720,8.974816745840E+01,3.253068521943E+01,1.689028308382E+01
11,0.3730,8.876941326156E+01,3.037995898525E+01,1.684500082354E+01
11,0.3740,8.779212283092E+01,2.824073396088E+01,1.679996071438E+01
11,0.3750,8.681619754462E+01,2.611291813664E+01,1.675516081915E+01
11,0.3760,8.584153662940E+01,2.399642048168E+01,1.671059922122E+01
11,0.3770,8.486803703102E+01,2.189115093098E+01,1.666627402435E+01
11,0.3780,8.389559326379E+01,1.979702037262E+01,1.662218335233E+01
11,0.3790,8.292409726022E+01,1.771394063515E+01,1.657832534876E+01
11,0.3800,8.195343820137E+01,1.564182447524E+01,1.653469817679E+01
11,0.3810,8.032887848659E+01,1.477455568688E+01,1.649130001884E+01
11,0.3820,7.870004471771E+01,1.391182757281E+01,1.644812907639E+01
11,0.3830,7.706633205399E+01,1.305360456638E+01,1.640518356966E+01
11,0.3840,7.542709179283E+01,1.219985147144E+01,1.636246173745E+01
11,0.3850,7.378162639332E+01,1.135053345752E+01,1.631996183683E+01
11,0.3860,7.212918376016E+01,1.050561605506E+01,1.627768214295E+01
11,0.3870,7.046895067984E+01,9.665065150811E+00,1.623562094878E+01
11,0.3880,6.880004522003E+01,8.828846983181E+00,1.619377656490E+01
11,0.3890,6.712150790743E+01,7.996928137750E+00,1.615214731923E+01
11,0.3900,6.543229143707E+01,7.169275542807E+00,1.611073155687E+01
11,0.3910,6.408389010515E+01,6.911503837898E+00,1.606952763985E+01
11,0.3920,6.272885582328E+01,6.655047294747E+00,1.602853394689E+01
11,0.3930,6.136654072213E+01,6.399895873954E+00,1.598774887323E+01
11,0.3940,5.999624517054E+01,6.146039638038E+00,1.594717083041E+01
11,0.3950,5.861721153373E+01,5.893468750152E+00,1.590679824602E+01
11,0.3960,5.722861693805E+01,5.642173472811E+00,1.586662956358E+01
11,0.3970,5.582956487851E+01,5.392144166640E+00,1.582666324227E+01
11,0.3980,5.441907541304E+01,5.143371289143E+00,1.578689775673E+01
11,0.3990,5.299607368164E+01,4.895845393489E+00,1.574733159694E+01
11,0.4000,5.155937634257E+01,4.649557127313E+00,1.570796326795E+01
11,0.4010,5.047625402152E+01,4.529847561859E+00,1.566879128972E+01
11,0.4020,4.938553032040E+01,4.410733566383E+00,1.562981419696E+01
11,0.4030,4.828659155478E+01,4.292210707361E+00,1.559103053891E+01
11,0.4040,4.717877320547E+01,4.174274595166E+00,1.555243887916E+01
11,0.4050,4.606135373638E+01,4.056920883525E+00,1.551403779551E+01
11,0.4060,4.493354746589E+01,3.940145268985E+00,1.547582587975E+01
11,0.4070,4.379449628750E+01,3.823943490389E+00,1.543780173754E+01
11,0.4080,4.264326004517E+01,3.708311328355E+00,1.539996398819E+01
11,0.4090,4.147880530919E+01,3.593244604766E+00,1.536231126450E+01
11,0.4100,4.029999220892E+01,3.478739182268E+00,1.532484221263E+01
11,0.4110,3.931519462866E+01,3.392308563657E+00,1.528755549192E+01
11,0.4120,3.831980657450E+01,3.306297511157E+00,1.525044977471E+01
11,0.4130,3.731300236472E+01,3.220702977070E+00,1.521352374620E+01
11,0.4140,3.629387820226E+01,3.135521943148E+00,1.517677610430E+01
11,0.4150,3.526144221018E+01,3.050751420233E+00,1.514020555947E+01
11,0.4160,3.421460309128E+01,2.966388447909E+00,1.510381083457E+01
11,0.4170,3.315215733943E+01,2.882430094157E+00,1.506759066470E+01
11,0.4180,3.207277498832E+01,2.798873455016E+00,1.503154379708E+01
11,0.4190,3.097498414942E+01,2.715715654249E+00,1.499566899088E+01
11,0.4200,2.985715502432E+01,2.632953843009E+00,1.495996501709E+01
11,0.4210,2.885911374427E+01,2.569986959374E+00,1.492443065838E+01
11,0.4220,2.784351521703E+01,2.507318496988E+00,1.488906470896E+01
11,0.4230,2.680894365384E+01,2.444946339389E+00,1.485386597442E+01
11,0.4240,2.575388492748E+01,2.382868390081E+00,1.481883327165E+01
11,0.4250,2.467675401142E+01,2.321082572299E+00,1.478396542866E+01
11,0.4260,2.357595892396E+01,2.259586828779E+00,1.474926128446E+01
11,0.4270,2.245003663909E+01,2.198379121528E+00,1.471471968895E+01
11,0.4280,2.129793469868E+01,2.137457431601E+00,1.468033950276E+01
11,0.4290,2.011960105104E+01,2.076819758877E+00,1.464611959716E+01
11,0.4300,1.891726875150E+01,2.016464121839E+00,1.461205885391E+01
11,0.4310,1.783932118770E+01,1.966593266679E+00,1.457815616515E+01
11,0.4320,1.676164387785E+01,1.916953295107E+00,1.454441043329E+01
11,0.4330,1.571656854417E+01,1.867542607469E+00,1.451082057085E+01
11,0.4340,1.479992122932E+01,1.818359618852E+00,1.447738550041E+01
11,0.3000,7.213052402035E+01,8.867668863533E+01,2.094395102393E+01
11,0.3010,7.206663422040E+01,8.705447177761E+01,2.087436979129E+01
11,0.3020,7.200313857948E+01,8.544299807790E+01,2.080524936152E+01
11,0.3030,7.194003341020E+01,8.384216116828E+01,2.073658517221E+01
11,0.3040,7.187731507304E+01,8.225185608043E+01,2.066837272099E+01
11,0.3050,7.181497997560E+01,8.067197922267E+01,2.060060756452E+01
11,0.3060,7.175302456735E+01,7.910242835745E+01,2.053328531758E+01
11,0.3070,7.169144534282E+01,7.754310257929E+01,2.046640165205E+01
11,0.3080,7.163023884132E+01,7.599390229320E+01,2.039995229604E+01
11,0.3090,7.156940164465E+01,7.445472919343E+01,2.033393303294E+01
11,0.3100,7.150893037447E+01,7.292548624268E+01,2.026833970058E+01
11,0.3110,7.099854290494E+01,7.209500568704E+01,2.020316819029E+01
11,0.3120,7.048953427921E+01,7.126984872471E+01,2.013841444609E+01
11,0.3130,6.998186945964E+01,7.044996433082E+01,2.007407446383E+01
11,0.3140,6.947551337844E+01,6.963530213053E+01,2.001014429038E+01
11,0.3150,6.897043092125E+01,6.882581238864E+01,1.994662002279E+01
11,0.3160,6.846658691209E+01,6.802144599956E+01,1.988349780753E+01
11,0.3170,6.796394609726E+01,6.722215447729E+01,1.982077383968E+01
11,0.3180,6.746247313621E+01,6.642788994572E+01,1.975844436220E+01
11,0.3190,6.696213257645E+01,6.563860512908E+01,1.969650566514E+01
11,0.3200,6.646288885020E+01,6.485425334254E+01,1.963495408494E+01
11,0.3210,6.623583372731E+01,6.425486731426E+01,1.957378600367E+01
11,0.3220,6.600975472752E+01,6.365920418057E+01,1.951299784838E+01
11,0.3230,6.578464240691E+01,6.306722936349E+01,1.945258609034E+01
11,0.3240,6.556048743443E+01,6.247890871195E+01,1.939254724438E+01
11,0.3250,6.533728058130E+01,6.189420849519E+01,1.933287786824E+01
11,0.3260,6.511501272597E+01,6.131309539632E+01,1.927357456190E+01
11,0.3270,6.489367484851E+01,6.073553650601E+01,1.921463396691E+01
11,0.3280,6.467325803012E+01,6.016149931624E+01,1.915605276579E+01
11,0.3290,6.445375345329E+01,5.959095171426E+01,1.909782768140E+01
11,0.3300,6.423515239602E+01,5.902386197654E+01,1.903995547630E+01
11,0.3310,6.408435674855E+01,5.861205822652E+01,1.898243295220E+01
11,0.3320,6.393426382057E+01,5.820273522199E+01,1.892525694934E+01
11,0.3330,6.378486769798E+01,5.779587061388E+01,1.886842434588E+01
11,0.3340,6.363616252743E+01,5.739144232079E+01,1.881193205742E+01
11,0.3350,6.348814252892E+01,5.698942852497E+01,1.875577703636E+01
11,0.3360,6.334080198317E+01,5.658980766841E+01,1.869995627137E+01
11,0.3370,6.319413523770E+01,5.619255844899E+01,1.864446678688E+01
11,0.3380,6.304813670682E+01,5.579765981666E+01,1.858930564254E+01
11,0.3390,6.290280086241E+01,5.540509096977E+01,1.853446993268E+01
11,0.3400,6.275812224224E+01,5.501483135139E+01,1.847995678582E+01
11,0.3410,6.286275740309E+01,5.478163705799E+01,1.842576336416E+01
11,0.3420,6.296669821393E+01,5.454980647391E+01,1.837188686310E+01
11,0.3430,6.306995172372E+01,5.431932767166E+01,1.831832451073E+01
11,0.3440,6.317252488287E+01,5.409018886245E+01,1.826507356738E+01
11,0.3450,6.327442454745E+01,5.386237839416E+01,1.821213132516E+01
11,0.3460,6.337565747885E+01,5.363588474938E+01,1.815949510746E+01
11,0.3470,6.347623034895E+01,5.341069654348E+01,1.810716226853E+01
11,0.3480,6.357614973951E+01,5.318680252267E+01,1.805513019304E+01
11,0.3490,6.367542214109E+01,5.296419156215E+01,1.800339629564E+01
11,0.3500,6.377405396156E+01,5.274285266427E+01,1.795195802051E+01
11,0.3510,6.480063016623E+01,5.264271040272E+01,1.790081284097E+01
11,0.3520,6.581262020404E+01,5.254313713129E+01,1.784995825903E+01
11,0.3530,6.681059302501E+01,5.244412801437E+01,1.779939180504E+01
11,0.3540,6.779507934937E+01,5.234567827100E+01,1.774911103723E+01
11,0.3550,6.876657512402E+01,5.224778317407E+01,1.769911354135E+01
11,0.3560,6.972554459708E+01,5.215043804959E+01,1.764939693028E+01
11,0.3570,7.067242305306E+01,5.205363827595E+01,1.759995884364E+01
11,0.3580,7.160761926723E+01,5.195737928317E+01,1.755079694743E+01
11,0.3590,7.253151770304E+01,5.186165655219E+01,1.750190893365E+01
11,0.3600,7.344448048450E+01,5.176646561415E+01,1.745329251994E+01
11,0.3610,7.516689591589E+01,5.023937503926E+01,1.740494544925E+01
11,0.3620,7.686095670401E+01,4.872072142888E+01,1.735686548945E+01
11,0.3630,7.852821974236E+01,4.721043505601E+01,1.730905043300E+01
11,0.3640,8.017009456972E+01,4.570844695992E+01,1.726149809665E+01
11,0.3650,8.178786186076E+01,4.421468893559E+01,1.721420632104E+01
11,0.3660,8.338268909724E+01,4.272909352342E+01,1.716717297044E+01
11,0.3670,8.495564391516E+01,4.125159399904E+01,1.712039593237E+01
11,0.3680,8.650770551923E+01,3.978212436339E+01,1.707387311734E+01
11,0.3690,8.803977450978E+01,3.832061933281E+01,1.702760245848E+01
11,0.3700,8.955268137093E+01,3.686701432942E+01,1.698158191130E+01
11,0.3710,8.853072343976E+01,3.469300566511E+01,1.693580945331E+01
11,0.3720,8.750938059513E+01,3.253068521943E+01,1.689028308382E+01
11,0.3730,8.648851816969E+01,3.037995898525E+01,1.684500082354E+01
11,0.3740,8.546799745647E+01,2.824073396088E+01,1.679996071438E+01
11,0.3750,8.444767544126E+01,2.611291813664E+01,1.675516081915E+01
11,0.3760,8.342740451309E+01,2.399642048168E+01,1.671059922122E+01
11,0.3770,8.240703214877E+01,2.189115093098E+01,1.666627402435E+01
11,0.3780,8.138640057892E+01,1.979702037262E+01,1.662218335233E+01
11,0.3790,8.036534642232E+01,1.771394063515E+01,1.657832534876E+01
11,0.3800,7.934370029150E+01,1.564182447524E+01,1.653469817679E+01
11,0.3810,7.763053163204E+01,1.477455568688E+01,1.649130001884E+01
11,0.3820,7.590827254933E+01,1.391182757281E+01,1.644812907639E+01
11,0.3830,7.417591604527E+01,1.305360456638E+01,1.640518356966E+01
11,0.3840,7.243236375365E+01,1.219985147144E+01,1.636246173745E+01
11,0.3850,7.067641353275E+01,1.135053345752E+01,1.631996183683E+01
11,0.3860,6.890674488626E+01,1.050561605506E+01,1.627768214295E+01
11,0.3870,6.712190169088E+01,9.665065150811E+00,1.623562094878E+01
11,0.3880,6.532027166615E+01,8.828846983181E+00,1.619377656490E+01
11,0.3890,6.350006176835E+01,7.996928137750E+00,1.615214731923E+01
11,0.3900,6.165926853451E+01,7.169275542807E+00,1.611073155687E+01
11,0.3910,6.018273666103E+01,6.911503837898E+00,1.606952763985E+01
11,0.3920,5.869214998214E+01,6.655047294747E+00,1.602853394689E+01
11,0.3930,5.718617564075E+01,6.399895873954E+00,1.598774887323E+01
11,0.3940,5.566333877594E+01,6.146039638038E+00,1.594717083041E+01
11,0.3950,5.412200064257E+01,5.893468750152E+00,1.590679824602E+01
11,0.3960,5.256033243766E+01,5.642173472811E+00,1.586662956358E+01
11,0.3970,5.097628378382E+01,5.392144166640E+00,1.582666324227E+01
11,0.3980,4.936754460980E+01,5.143371289143E+00,1.578689775673E+01
11,0.3990,4.773149880978E+01,4.895845393489E+00,1.574733159694E+01
11,0.4000,4.606516770056E+01,4.649557127313E+00,1.570796326795E+01
11,0.4010,4.479808587145E+01,4.529847561859E+00,1.566879128972E+01
11,0.4020,4.351216243651E+01,4.410733566383E+00,1.562981419696E+01
11,0.4030,4.220567753425E+01,4.292210707361E+00,1.559103053891E+01
11,0.4040,4.087671271301E+01,4.174274595166E+00,1.555243887916E+01
11,0.4050,3.952312267153E+01,4.056920883525E+00,1.551403779551E+01
11,0.4060,3.814250424185E+01,3.940145268985E+00,1.547582587975E+01
11,0.4070,3.673216417958E+01,3.823943490389E+00,1.543780173754E+01
11,0.4080,3.528908968610E+01,3.708311328355E+00,1.539996398819E+01
11,0.4090,3.380993035384E+01,3.593244604766E+00,1.536231126450E+01
11,0.4100,3.229101019607E+01,3.478739182268E+00,1.532484221263E+01
11,0.4110,3.100380350017E+01,3.392308563657E+00,1.528755549192E+01
11,0.4120,2.968553473440E+01,3.306297511157E+00,1.525044977471E+01
11,0.4130,2.833417854834E+01,3.220702977070E+00,1.521352374620E+01
11,0.4140,2.694826595290E+01,3.135521943148E+00,1.517677610430E+01
11,0.4150,2.552763787316E+01,3.050751420233E+00,1.514020555947E+01
11,0.4160,2.407493051486E+01,2.966388447909E+00,1.510381083457E+01
11,0.4170,2.259848571999E+01,2.882430094157E+00,1.506759066470E+01
11,0.4180,2.111788285019E+01,2.798873455016E+00,1.503154379708E+01
11,0.4190,1.967336058435E+01,2.715715654249E+00,1.499566899088E+01
11,0.4200,1.833667814743E+01,2.632953843009E+00,1.495996501709E+01
11,0.4210,1.732787386387E+01,2.569986959374E+00,1.492443065838E+01
11,0.4220,1.653162604524E+01,2.507318496988E+00,1.488906470896E+01
11,0.4230,1.595410948413E+01,2.444946339389E+00,1.485386597442E+01
11,0.4240,1.555463330825E+01,2.382868390081E+00,1.481883327165E+01
11,0.4250,1.527914417775E+01,2.321082572299E+00,1.478396542866E+01
11,0.4260,1.508400866026E+01,2.259586828779E+00,1.474926128446E+01
11,0.4270,1.494025773884E+01,2.198379121528E+00,1.471471968895E+01
11,0.4280,1.482996833376E+01,2.137457431601E+00,1.468033950276E+01
11,0.4290,1.474220585993E+01,2.076819758877E+00,1.464611959716E+01
11,0.4300,1.467024559357E+01,2.016464121839E+00,1.461205885391E+01
11,0.4310,1.461249658076E+01,1.966593266679E+00,1.457815616515E+01
11,0.4320,1.456200684749E+01,1.916953295107E+00,1.454441043329E+01
11,0.4330,1.451757565187E+01,1.867542607469E+00,1.451082057085E+01
11,0.4340,1.447847592377E+01,1.818359618852E+00,1.447738550041E+01
12,0.3000,6.890044948459E+01,8.867668863533E+01,2.094395102393E+01
12,0.3010,6.883605751248E+01,8.705447177761E+01,2.087436979129E+01
12,0.3020,6.877206284347E+01,8.544299807790E+01,2.080524936152E+01
12,0.3030,6.870846175995E+01,8.384216116828E+01,2.073658517221E+01
12,0.3040,6.864525059172E+01,8.225185608043E+01,2.066837272099E+01
12,0.3050,6.858242571247E+01,8.067197922267E+01,2.060060756452E+01
12,0.3060,6.851998354442E+01,7.910242835745E+01,2.053328531758E+01
12,0.3070,6.845792055133E+01,7.754310257929E+01,2.046640165205E+01
12,0.3080,6.839623324412E+01,7.599390229320E+01,2.039995229604E+01
12,0.3090,6.833491817305E+01,7.445472919343E+01,2.033393303294E+01
12,0.3100,6.827397193244E+01,7.292548624268E+01,2.026833970058E+01
12,0.3110,6.775556689410E+01,7.209500568704E+01,2.020316819029E+01
12,0.3120,6.723854090061E+01,7.126984872471E+01,2.013841444609E+01
12,0.3130,6.672285846878E+01,7.044996433082E+01,2.007407446383E+01
12,0.3140,6.620848406819E+01,6.963530213053E+01,2.001014429038E+01
12,0.3150,6.569538209988E+01,6.882581238864E+01,1.994662002279E+01
12,0.3160,6.518351688733E+01,6.802144599956E+01,1.988349780753E+01
12,0.3170,6.467285265735E+01,6.722215447729E+01,1.982077383968E+01
12,0.3180,6.416335352311E+01,6.642788994572E+01,1.975844436220E+01
12,0.3190,6.365498347034E+01,6.563860512908E+01,1.969650566514E+01
12,0.3200,6.314770634242E+01,6.485425334254E+01,1.963495408494E+01
12,0.3210,6.291732238691E+01,6.425486731426E+01,1.957378600367E+01
12,0.3220,6.268792894656E+01,6.365920418057E+01,1.951299784838E+01
12,0.3230,6.245951648825E+01,6.306722936349E+01,1.945258609034E+01
12,0.3240,6.223207558722E+01,6.247890871195E+01,1.939254724438E+01
12,0.3250,6.200559692470E+01,6.189420849519E+01,1.933287786824E+01
12,0.3260,6.178007128891E+01,6.131309539632E+01,1.927357456190E+01
12,0.3270,6.155548957015E+01,6.073553650601E+01,1.921463396691E+01
12,0.3280,6.133184275863E+01,6.016149931624E+01,1.915605276579E+01
12,0.3290,6.110912195115E+01,5.959095171426E+01,1.909782768140E+01
12,0.3300,6.088731833537E+01,5.902386197654E+01,1.903995547630E+01
12,0.3310,6.073450177583E+01,5.861205822652E+01,1.898243295220E+01
12,0.3320,6.058239887542E+01,5.820273522199E+01,1.892525694934E+01
12,0.3330,6.043100364008E+01,5.779587061388E+01,1.886842434588E+01
12,0.3340,6.028031014538E+01,5.739144232079E+01,1.881193205742E+01
12,0.3350,6.013031253161E+01,5.698942852497E+01,1.875577703636E+01
12,0.3360,5.998100500707E+01,5.658980766841E+01,1.869995627137E+01
12,0.3370,5.983238184555E+01,5.619255844899E+01,1.864446678688E+01
12,0.3380,5.968443738727E+01,5.579765981666E+01,1.858930564254E+01
12,0.3390,5.953716603259E+01,5.540509096977E+01,1.853446993268E+01
12,0.3400,5.939056224554E+01,5.501483135139E+01,1.847995678582E+01
12,0.3410,5.949761157432E+01,5.478163705799E+01,1.842576336416E+01
12,0.3420,5.960394120734E+01,5.454980647391E+01,1.837188686310E+01
12,0.3430,5.970955862634E+01,5.431932767166E+01,1.831832451073E+01
12,0.3440,5.981447121059E+01,5.409018886245E+01,1.826507356738E+01
12,0.3450,5.991868623071E+01,5.386237839416E+01,1.821213132516E+01
12,0.3460,6.002221085475E+01,5.363588474938E+01,1.815949510746E+01
12,0.3470,6.012505215112E+01,5.341069654348E+01,1.810716226853E+01
12,0.3480,6.022721708625E+01,5.318680252267E+01,1.805513019304E+01
12,0.3490,6.032871253277E+01,5.296419156215E+01,1.800339629564E+01
12,0.3500,6.042954526189E+01,5.274285266427E+01,1.795195802051E+01
12,0.3510,6.147398361728E+01,5.264271040272E+01,1.790081284097E+01
12,0.3520,6.250338634516E+01,5.254313713129E+01,1.784995825903E+01
12,0.3530,6.351835025324E+01,5.244412801437E+01,1.779939180504E+01
12,0.3540,6.451943094691E+01,5.234567827100E+01,1.774911103723E+01
12,0.3550,6.550714671093E+01,5.224778317407E+01,1.769911354135E+01
12,0.3560,6.648198192019E+01,5.215043804959E+01,1.764939693028E+01
12,0.3570,6.744439007461E+01,5.205363827595E+01,1.759995884364E+01
12,0.3580,6.839479649540E+01,5.195737928317E+01,1.755079694743E+01
12,0.3590,6.933360072750E+01,5.186165655219E+01,1.750190893365E+01
12,0.3600,7.026117869288E+01,5.176646561415E+01,1.745329251994E+01
12,0.3610,7.201060877590E+01,5.023937503926E+01,1.740494544925E+01
12,0.3620,7.373090922588E+01,4.872072142888E+01,1.735686548945E+01
12,0.3630,7.542368800872E+01,4.721043505601E+01,1.730905043300E+01
12,0.3640,7.709039935532E+01,4.570844695992E+01,1.726149809665E+01
12,0.3650,7.873236338101E+01,4.421468893559E+01,1.721420632104E+01
12,0.3660,8.035078264305E+01,4.272909352342E+01,1.716717297044E+01
12,0.3670,8.194675618735E+01,4.125159399904E+01,1.712039593237E+01
12,0.3680,8.352129153431E+01,3.978212436339E+01,1.707387311734E+01
12,0.3690,8.507531495893E+01,3.832061933281E+01,1.702760245848E+01
12,0.3700,8.660968035074E+01,3.686701432942E+01,1.698158191130E+01
12,0.3710,8.557351424542E+01,3.469300566511E+01,1.693580945331E+01
12,0.3720,8.453789052146E+01,3.253068521943E+01,1.689028308382E+01
12,0.3730,8.350267320441E+01,3.037995898525E+01,1.684500082354E+01
12,0.3740,8.246772220432E+01,2.824073396088E+01,1.679996071438E+01
12,0.3750,8.143289304052E+01,2.611291813664E+01,1.675516081915E+01
12,0.3760,8.039803653987E+01,2.399642048168E+01,1.671059922122E+01
12,0.3770,7.936299851683E+01,2.189115093098E+01,1.666627402435E+01
12,0.3780,7.832761942802E+01,1.979702037262E+01,1.662218335233E+01
12,0.3790,7.729173399314E+01,1.771394063515E+01,1.657832534876E+01
12,0.3800,7.625517079175E+01,1.564182447524E+01,1.653469817679E+01
12,0.3810,7.451666937975E+01,1.477455568688E+01,1.649130001884E+01
12,0.3820,7.276870972457E+01,1.391182757281E+01,1.644812907639E+01
12,0.3830,7.101026584942E+01,1.305360456638E+01,1.640518356966E+01
12,0.3840,6.924021770603E+01,1.219985147144E+01,1.636246173745E+01
12,0.3850,6.745733818902E+01,1.135053345752E+01,1.631996183683E+01
12,0.3860,6.566027781150E+01,1.050561605506E+01,1.627768214295E+01
12,0.3870,6.384754649848E+01,9.665065150811E+00,1.623562094878E+01
12,0.3880,6.201749182386E+01,8.828846983181E+00,1.619377656490E+01
12,0.3890,6.016827280886E+01,7.996928137750E+00,1.615214731923E+01
12,0.3900,5.829782815814E+01,7.169275542807E+00,1.611073155687E+01
12,0.3910,5.679735879421E+01,6.911503837898E+00,1.606952763985E+01
12,0.3920,5.528238222600E+01,6.655047294747E+00,1.602853394689E+01
12,0.3930,5.375151872489E+01,6.399895873954E+00,1.598774887323E+01
12,0.3940,5.220323716677E+01,6.146039638038E+00,1.594717083041E+01
12,0.3950,5.063583067097E+01,5.893468750152E+00,1.590679824602E+01
12,0.3960,4.904738713624E+01,5.642173472811E+00,1.586662956358E+01
12,0.3970,4.743575330232E+01,5.392144166640E+00,1.582666324227E+01
12,0.3980,4.579849061076E+01,5.143371289143E+00,1.578689775673E+01
12,0.3990,4.413282051949E+01,4.895845393489E+00,1.574733159694E+01
12,0.4000,4.243555624938E+01,4.649557127313E+00,1.570796326795E+01
12,0.4010,4.114457784553E+01,4.529847561859E+00,1.566879128972E+01
12,0.4020,3.983380198071E+01,4.410733566383E+00,1.562981419696E+01
12,0.4030,3.850134240077E+01,4.292210707361E+00,1.559103053891E+01
12,0.4040,3.714507213295E+01,4.174274595166E+00,1.555243887916E+01
12,0.4050,3.576258158695E+01,4.056920883525E+00,1.551403779551E+01
12,0.4060,3.435112849032E+01,3.940145268985E+00,1.547582587975E+01
12,0.4070,3.290757871910E+01,3.823943490389E+00,1.543780173754E+01
12,0.4080,3.142833814510E+01,3.708311328355E+00,1.539996398819E+01
12,0.4090,2.990927849193E+01,3.593244604766E+00,1.536231126450E+01
12,0.4100,2.834566775053E+01,3.478739182268E+00,1.532484221263E+01
12,0.4110,2.701733175772E+01,3.392308563657E+00,1.528755549192E+01
12,0.4120,2.565272458151E+01,3.306297511157E+00,1.525044977471E+01
12,0.4130,2.424844087732E+01,3.220702977070E+00,1.521352374620E+01
12,0.4140,2.280127323576E+01,3.135521943148E+00,1.517677610430E+01
12,0.4150,2.130908280856E+01,3.050751420233E+00,1.514020555947E+01
12,0.4160,1.977306290686E+01,2.966388447909E+00,1.510381083457E+01
12,0.4170,1.820410805473E+01,2.882430094157E+00,1.506759066470E+01
12,0.4180,1.664405250579E+01,2.798873455016E+00,1.503154379708E+01
12,0.4190,1.527174166658E+01,2.715715654249E+00,1.499566899088E+01
12,0.3000,6.499397269433E+01,8.867668863533E+01,2.094395102393E+01
12,0.3010,6.492277868132E+01,8.705447177761E+01,2.087436979129E+01
12,0.3020,6.485200901781E+01,8.544299807790E+01,2.080524936152E+01
12,0.3030,6.478165982496E+01,8.384216116828E+01,2.073658517221E+01
12,0.3040,6.471172726971E+01,8.225185608043E+01,2.066837272099E+01
12,0.3050,6.464220756677E+01,8.067197922267E+01,2.060060756452E+01
12,0.3060,6.457309697969E+01,7.910242835745E+01,2.053328531758E+01
12,0.3070,6.450439181385E+01,7.754310257929E+01,2.046640165205E+01
12,0.3080,6.443608842254E+01,7.599390229320E+01,2.039995229604E+01
12,0.3090,6.436818320324E+01,7.445472919343E+01,2.033393303294E+01
12,0.3100,6.430067259786E+01,7.292548624268E+01,2.026833970058E+01
12,0.3110,6.373359341512E+01,7.209500568704E+01,2.020316819029E+01
12,0.3120,6.316711411036E+01,7.126984872471E+01,2.013841444609E+01
12,0.3130,6.260117935314E+01,7.044996433082E+01,2.007407446383E+01
12,0.3140,6.203573304382E+01,6.963530213053E+01,2.001014429038E+01
12,0.3150,6.147071826444E+01,6.882581238864E+01,1.994662002279E+01
12,0.3160,6.090607722820E+01,6.802144599956E+01,1.988349780753E+01
12,0.3170,6.034175123205E+01,6.722215447729E+01,1.982077383968E+01
12,0.3180,5.977768059181E+01,6.642788994572E+01,1.975844436220E+01
12,0.3190,5.921380459486E+01,6.563860512908E+01,1.969650566514E+01
12,0.3200,5.865006142896E+01,6.485425334254E+01,1.963495408494E+01
12,0.3210,5.839299640265E+01,6.425486731426E+01,1.957378600367E+01
12,0.3220,5.813679343906E+01,6.365920418057E+01,1.951299784838E+01
12,0.3230,5.788144187164E+01,6.306722936349E+01,1.945258609034E+01
12,0.3240,5.762693113196E+01,6.247890871195E+01,1.939254724438E+01
12,0.3250,5.737325073702E+01,6.189420849519E+01,1.933287786824E+01
12,0.3260,5.712039029713E+01,6.131309539632E+01,1.927357456190E+01
12,0.3270,5.686833950840E+01,6.073553650601E+01,1.921463396691E+01
12,0.3280,5.661708815261E+01,6.016149931624E+01,1.915605276579E+01
12,0.3290,5.636662609791E+01,5.959095171426E+01,1.909782768140E+01
12,0.3300,5.611694329101E+01,5.902386197654E+01,1.903995547630E+01
12,0.3310,5.594437750060E+01,5.861205822652E+01,1.898243295220E+01
12,0.3320,5.577249193266E+01,5.820273522199E+01,1.892525694934E+01
12,0.3330,5.560128042328E+01,5.779587061388E+01,1.886842434588E+01
12,0.3340,5.543073687329E+01,5.739144232079E+01,1.881193205742E+01
12,0.3350,5.526085524935E+01,5.698942852497E+01,1.875577703636E+01
12,0.3360,5.509162958763E+01,5.658980766841E+01,1.869995627137E+01
12,0.3370,5.492305398322E+01,5.619255844899E+01,1.864446678688E+01
12,0.3380,5.475512259817E+01,5.579765981666E+01,1.858930564254E+01
12,0.3390,5.458782965720E+01,5.540509096977E+01,1.853446993268E+01
12,0.3400,5.442116944273E+01,5.501483135139E+01,1.847995678582E+01
12,0.3410,5.454069838960E+01,5.478163705799E+01,1.842576336416E+01
12,0.3420,5.465938675841E+01,5.454980647391E+01,1.837188686310E+01
12,0.3430,5.477724366090E+01,5.431932767166E+01,1.831832451073E+01
12,0.3440,5.489427807518E+01,5.409018886245E+01,1.826507356738E+01
12,0.3450,5.501049885200E+01,5.386237839416E+01,1.821213132516E+01
12,0.3460,5.512591471414E+01,5.363588474938E+01,1.815949510746E+01
12,0.3470,5.524053425780E+01,5.341069654348E+01,1.810716226853E+01
12,0.3480,5.535436595945E+01,5.318680252267E+01,1.805513019304E+01
12,0.3490,5.546741816876E+01,5.296419156215E+01,1.800339629564E+01
12,0.3500,5.557969912421E+01,5.274285266427E+01,1.795195802051E+01
12,0.3510,5.675018262133E+01,5.264271040272E+01,1.790081284097E+01
12,0.3520,5.789902308525E+01,5.254313713129E+01,1.784995825903E+01
12,0.3530,5.902733066737E+01,5.244412801437E+01,1.779939180504E+01
12,0.3540,6.013612224104E+01,5.234567827100E+01,1.774911103723E+01
12,0.3550,6.122633163120E+01,5.224778317407E+01,1.769911354135E+01
12,0.3560,6.229881851062E+01,5.215043804959E+01,1.764939693028E+01
12,0.3570,6.335437617064E+01,5.205363827595E+01,1.759995884364E+01
12,0.3580,6.439373830475E+01,5.195737928317E+01,1.755079694743E+01
12,0.3590,6.541758496655E+01,5.186165655219E+01,1.750190893365E+01
12,0.3600,6.642654780755E+01,5.176646561415E+01,1.745329251994E+01
12,0.3610,6.832318987518E+01,5.023937503926E+01,1.740494544925E+01
12,0.3620,7.018011916304E+01,4.872072142888E+01,1.735686548945E+01
12,0.3630,7.200005771063E+01,4.721043505601E+01,1.730905043300E+01
12,0.3640,7.378542019168E+01,4.570844695992E+01,1.726149809665E+01
12,0.3650,7.553835943054E+01,4.421468893559E+01,1.721420632104E+01
12,0.3660,7.726080374623E+01,4.272909352342E+01,1.716717297044E+01
12,0.3670,7.895448784755E+01,4.125159399904E+01,1.712039593237E+01
12,0.3680,8.062097855250E+01,3.978212436339E+01,1.707387311734E+01
12,0.3690,8.226169634281E+01,3.832061933281E+01,1.702760245848E+01
12,0.3700,8.387793354303E+01,3.686701432942E+01,1.698158191130E+01
12,0.3710,8.278643474863E+01,3.469300566511E+01,1.693580945331E+01
12,0.3720,8.169381774007E+01,3.253068521943E+01,1.689028308382E+01
12,0.3730,8.059987061048E+01,3.037995898525E+01,1.684500082354E+01
12,0.3740,7.950437244387E+01,2.824073396088E+01,1.679996071438E+01
12,0.3750,7.840709262897E+01,2.611291813664E+01,1.675516081915E+01
12,0.3760,7.730779010419E+01,2.399642048168E+01,1.671059922122E+01
12,0.3770,7.620621253215E+01,2.189115093098E+01,1.666627402435E+01
12,0.3780,7.510209539146E+01,1.979702037262E+01,1.662218335233E+01
12,0.3790,7.399516098140E+01,1.771394063515E+01,1.657832534876E+01
12,0.3800,7.288511732091E+01,1.564182447524E+01,1.653469817679E+01
12,0.3810,7.101797220369E+01,1.477455568688E+01,1.649130001884E+01
12,0.3820,6.913304848756E+01,1.391182757281E+01,1.644812907639E+01
12,0.3830,6.722846605935E+01,1.305360456638E+01,1.640518356966E+01
12,0.3840,6.530212470004E+01,1.219985147144E+01,1.636246173745E+01
12,0.3850,6.335166631596E+01,1.135053345752E+01,1.631996183683E+01
12,0.3860,6.137442863925E+01,1.050561605506E+01,1.627768214295E+01
12,0.3870,5.936738801188E+01,9.665065150811E+00,1.623562094878E+01
12,0.3880,5.732708803318E+01,8.828846983181E+00,1.619377656490E+01
12,0.3890,5.524954971921E+01,7.996928137750E+00,1.615214731923E+01
12,0.3900,5.313015725273E+01,7.169275542807E+00,1.611073155687E+01
12,0.3910,5.141530541176E+01,6.911503837898E+00,1.606952763985E+01
12,0.3920,4.966942230491E+01,6.655047294747E+00,1.602853394689E+01
12,0.3930,4.788903196616E+01,6.399895873954E+00,1.598774887323E+01
12,0.3940,4.607012752469E+01,6.146039638038E+00,1.594717083041E+01
12,0.3950,4.420805954841E+01,5.893468750152E+00,1.590679824602E+01
12,0.3960,4.229739732707E+01,5.642173472811E+00,1.586662956358E+01
12,0.3970,4.033175844928E+01,5.392144166640E+00,1.582666324227E+01
12,0.3980,3.830360586497E+01,5.143371289143E+00,1.578689775673E+01
12,0.3990,3.620402496577E+01,4.895845393489E+00,1.574733159694E+01
12,0.4000,3.402253387029E+01,4.649557127313E+00,1.570796326795E+01
12,0.4010,3.233103030468E+01,4.529847561859E+00,1.566879128972E+01
12,0.4020,3.058356119153E+01,4.410733566383E+00,1.562981419696E+01
12,0.4030,2.877503552301E+01,4.292210707361E+00,1.559103053891E+01
12,0.4040,2.690191868614E+01,4.174274595166E+00,1.555243887916E+01
12,0.4050,2.496556629240E+01,4.056920883525E+00,1.551403779551E+01
12,0.4060,2.298044862870E+01,3.940145268985E+00,1.547582587975E+01
12,0.4070,2.099373271546E+01,3.823943490389E+00,1.543780173754E+01
12,0.4080,1.912374110005E+01,3.708311328355E+00,1.539996398819E+01
12,0.4090,1.758385641999E+01,3.593244604766E+00,1.536231126450E+01
12,0.4100,1.654885713035E+01,3.478739182268E+00,1.532484221263E+01
12,0.4110,1.602887495781E+01,3.392308563657E+00,1.528755549192E+01
12,0.4120,1.570518483210E+01,3.306297511157E+00,1.525044977471E+01
12,0.4130,1.549482866811E+01,3.220702977070E+00,1.521352374620E+01
12,0.4140,1.534931823873E+01,3.135521943148E+00,1.517677610430E+01
12,0.4150,1.524243215096E+01,3.050751420233E+00,1.514020555947E+01
12,0.4160,1.515996176576E+01,2.966388447909E+00,1.510381083457E+01
12,0.4170,1.509404339576E+01,2.882430094157E+00,1.506759066470E+01
12,0.4180,1.504029742540E+01,2.798873455016E+00,1.503154379708E+01
12,0.4190,1.499640935460E+01,2.715715654249E+00,1.499566899088E+01
13,0.3000,6.155959376737E+01,8.867668863533E+01,2.094395102393E+01
13,0.3010,6.148802467798E+01,8.705447177761E+01,2.087436979129E+01
13,0.3020,6.141688266345E+01,8.544299807790E+01,2.080524936152E+01
13,0.3030,6.134616381362E+01,8.384216116828E+01,2.073658517221E+01
13,0.3040,6.127586426807E+01,8.225185608043E+01,2.066837272099E+01
13,0.3050,6.120598021124E+01,8.067197922267E+01,2.060060756452E+01
13,0.3060,6.113650787634E+01,7.910242835745E+01,2.053328531758E+01
13,0.3070,6.106744354222E+01,7.754310257929E+01,2.046640165205E+01
13,0.3080,6.099878353250E+01,7.599390229320E+01,2.039995229604E+01
13,0.3090,6.093052421691E+01,7.445472919343E+01,2.033393303294E+01
13,0.3100,6.086266200877E+01,7.292548624268E+01,2.026833970058E+01
13,0.3110,6.028665944427E+01,7.209500568704E+01,2.020316819029E+01
13,0.3120,5.971123332687E+01,7.126984872471E+01,2.013841444609E+01
13,0.3130,5.913632662127E+01,7.044996433082E+01,2.007407446383E+01
13,0.3140,5.856188143010E+01,6.963530213053E+01,2.001014429038E+01
13,0.3150,5.798783893716E+01,6.882581238864E+01,1.994662002279E+01
13,0.3160,5.741413934318E+01,6.802144599956E+01,1.988349780753E+01
13,0.3170,5.684072181698E+01,6.722215447729E+01,1.982077383968E+01
13,0.3180,5.626752442113E+01,6.642788994572E+01,1.975844436220E+01
13,0.3190,5.569448404908E+01,6.563860512908E+01,1.969650566514E+01
13,0.3200,5.512153635971E+01,6.485425334254E+01,1.963495408494E+01
13,0.3210,5.486077951224E+01,6.425486731426E+01,1.957378600367E+01
13,0.3220,5.460089679129E+01,6.365920418057E+01,1.951299784838E+01
13,0.3230,5.434187738294E+01,6.306722936349E+01,1.945258609034E+01
13,0.3240,5.408371056021E+01,6.247890871195E+01,1.939254724438E+01
13,0.3250,5.382638569245E+01,6.189420849519E+01,1.933287786824E+01
13,0.3260,5.356989223710E+01,6.131309539632E+01,1.927357456190E+01
13,0.3270,5.331421973698E+01,6.073553650601E+01,1.921463396691E+01
13,0.3280,5.305935781858E+01,6.016149931624E+01,1.915605276579E+01
13,0.3290,5.280529619521E+01,5.959095171426E+01,1.909782768140E+01
13,0.3300,5.255202465984E+01,5.902386197654E+01,1.903995547630E+01
13,0.3310,5.237727883044E+01,5.861205822652E+01,1.898243295220E+01
13,0.3320,5.220322440143E+01,5.820273522199E+01,1.892525694934E+01
13,0.3330,5.202985512728E+01,5.779587061388E+01,1.886842434588E+01
13,0.3340,5.185716482565E+01,5.739144232079E+01,1.881193205742E+01
13,0.3350,5.168514738102E+01,5.698942852497E+01,1.875577703636E+01
13,0.3360,5.151379674628E+01,5.658980766841E+01,1.869995627137E+01
13,0.3370,5.134310693528E+01,5.619255844899E+01,1.864446678688E+01
13,0.3380,5.117307203212E+01,5.579765981666E+01,1.858930564254E+01
13,0.3390,5.100368617720E+01,5.540509096977E+01,1.853446993268E+01
13,0.3400,5.083494357913E+01,5.501483135139E+01,1.847995678582E+01
13,0.3410,5.095761807131E+01,5.478163705799E+01,1.842576336416E+01
13,0.3420,5.107941120558E+01,5.454980647391E+01,1.837188686310E+01
13,0.3430,5.120033296499E+01,5.431932767166E+01,1.831832451073E+01
13,0.3440,5.132039317066E+01,5.409018886245E+01,1.826507356738E+01
13,0.3450,5.143960149203E+01,5.386237839416E+01,1.821213132516E+01
13,0.3460,5.155796745090E+01,5.363588474938E+01,1.815949510746E+01
13,0.3470,5.167550041486E+01,5.341069654348E+01,1.810716226853E+01
13,0.3480,5.179220961011E+01,5.318680252267E+01,1.805513019304E+01
13,0.3490,5.190810412106E+01,5.296419156215E+01,1.800339629564E+01
13,0.3500,5.202319289041E+01,5.274285266427E+01,1.795195802051E+01
13,0.3510,5.321479119764E+01,5.264271040272E+01,1.790081284097E+01
13,0.3520,5.438396886865E+01,5.254313713129E+01,1.784995825903E+01
13,0.3530,5.553191070215E+01,5.244412801437E+01,1.779939180504E+01
13,0.3540,5.665969726170E+01,5.234567827100E+01,1.774911103723E+01
13,0.3550,5.776831708616E+01,5.224778317407E+01,1.769911354135E+01
13,0.3560,5.885867716062E+01,5.215043804959E+01,1.764939693028E+01
13,0.3570,5.993161193222E+01,5.205363827595E+01,1.759995884364E+01
13,0.3580,6.098789110229E+01,5.195737928317E+01,1.755079694743E+01
13,0.3590,6.202822640584E+01,5.186165655219E+01,1.750190893365E+01
13,0.3600,6.305327750238E+01,5.176646561415E+01,1.745329251994E+01
13,0.3610,6.497938199915E+01,5.023937503926E+01,1.740494544925E+01
13,0.3620,6.686474327369E+01,4.872072142888E+01,1.735686548945E+01
13,0.3630,6.871218014488E+01,4.721043505601E+01,1.730905043300E+01
13,0.3640,7.052418779976E+01,4.570844695992E+01,1.726149809665E+01
13,0.3650,7.230298685919E+01,4.421468893559E+01,1.721420632104E+01
13,0.3660,7.405056338952E+01,4.272909352342E+01,1.716717297044E+01
13,0.3670,7.576870179969E+01,4.125159399904E+01,1.712039593237E+01
13,0.3680,7.745901208949E+01,3.978212436339E+01,1.707387311734E+01
13,0.3690,7.912295260223E+01,3.832061933281E+01,1.702760245848E+01
13,0.3700,8.076184912996E+01,3.686701432942E+01,1.698158191130E+01
13,0.3710,7.965542975714E+01,3.469300566511E+01,1.693580945331E+01
13,0.3720,7.854780663541E+01,3.253068521943E+01,1.689028308382E+01
13,0.3730,7.743876539510E+01,3.037995898525E+01,1.684500082354E+01
13,0.3740,7.632808245277E+01,2.824073396088E+01,1.679996071438E+01
13,0.3750,7.521552430366E+01,2.611291813664E+01,1.675516081915E+01
13,0.3760,7.410084673274E+01,2.399642048168E+01,1.671059922122E+01
13,0.3770,7.298379396192E+01,2.189115093098E+01,1.666627402435E+01
13,0.3780,7.186409770682E+01,1.979702037262E+01,1.662218335233E+01
13,0.3790,7.074147613679E+01,1.771394063515E+01,1.657832534876E+01
13,0.3800,6.961563273654E+01,1.564182447524E+01,1.653469817679E+01
13,0.3810,6.772154697292E+01,1.477455568688E+01,1.649130001884E+01
13,0.3820,6.580919765027E+01,1.391182757281E+01,1.644812907639E+01
13,0.3830,6.387666229387E+01,1.305360456638E+01,1.640518356966E+01
13,0.3840,6.192178962838E+01,1.219985147144E+01,1.636246173745E+01
13,0.3850,5.994215932398E+01,1.135053345752E+01,1.631996183683E+01
13,0.3860,5.793503237051E+01,1.050561605506E+01,1.627768214295E+01
13,0.3870,5.589728924981E+01,9.665065150811E+00,1.623562094878E+01
13,0.3880,5.382535215747E+01,8.828846983181E+00,1.619377656490E+01
13,0.3890,5.171508600454E+01,7.996928137750E+00,1.615214731923E+01
13,0.3900,4.956167087672E+01,7.169275542807E+00,1.611073155687E+01
13,0.3910,4.781887655422E+01,6.911503837898E+00,1.606952763985E+01
13,0.3920,4.604394778007E+01,6.655047294747E+00,1.602853394689E+01
13,0.3930,4.423318966414E+01,6.399895873954E+00,1.598774887323E+01
13,0.3940,4.238230798762E+01,6.146039638038E+00,1.594717083041E+01
13,0.3950,4.048626944670E+01,5.893468750152E+00,1.590679824602E+01
13,0.3960,3.853912020465E+01,5.642173472811E+00,1.586662956358E+01
13,0.3970,3.653374880919E+01,5.392144166640E+00,1.582666324227E+01
13,0.3980,3.446157607867E+01,5.143371289143E+00,1.578689775673E+01
13,0.3990,3.231215455686E+01,4.895845393489E+00,1.574733159694E+01
13,0.4000,3.007267546922E+01,4.649557127313E+00,1.570796326795E+01
13,0.4010,2.833098194747E+01,4.529847561859E+00,1.566879128972E+01
13,0.4020,2.652475217958E+01,4.410733566383E+00,1.562981419696E+01
13,0.4030,2.464574389310E+01,4.292210707361E+00,1.559103053891E+01
13,0.4040,2.268606171286E+01,4.174274595166E+00,1.555243887916E+01
13,0.4050,2.064207149882E+01,4.056920883525E+00,1.551403779551E+01
13,0.4060,1.852918640045E+01,3.940145268985E+00,1.547582587975E+01
13,0.4070,1.645405273347E+01,3.823943490389E+00,1.543780173754E+01
13,0.3000,5.631135495477E+01,8.867668863533E+01,2.094395102393E+01
13,0.3010,5.622875441829E+01,8.705447177761E+01,2.087436979129E+01
13,0.3020,5.614661538882E+01,8.544299807790E+01,2.080524936152E+01
13,0.3030,5.606493377738E+01,8.384216116828E+01,2.073658517221E+01
13,0.3040,5.598370554846E+01,8.225185608043E+01,2.066837272099E+01
13,0.3050,5.590292671624E+01,8.067197922267E+01,2.060060756452E+01
13,0.3060,5.582259334145E+01,7.910242835745E+01,2.053328531758E+01
13,0.3070,5.574270153037E+01,7.754310257929E+01,2.046640165205E+01
13,0.3080,5.566324744042E+01,7.599390229320E+01,2.039995229604E+01
13,0.3090,5.558422727115E+01,7.445472919343E+01,2.033393303294E+01
13,0.3100,5.550563727101E+01,7.292548624268E+01,2.026833970058E+01
13,0.3110,5.485034152326E+01,7.209500568704E+01,2.020316819029E+01
13,0.3120,5.419386911135E+01,7.126984872471E+01,2.013841444609E+01
13,0.3130,5.353610030113E+01,7.044996433082E+01,2.007407446383E+01
13,0.3140,5.287691141674E+01,6.963530213053E+01,2.001014429038E+01
13,0.3150,5.221617460353E+01,6.882581238864E+01,1.994662002279E+01
13,0.3160,5.155375758659E+01,6.802144599956E+01,1.988349780753E+01
13,0.3170,5.088952340255E+01,6.722215447729E+01,1.982077383968E+01
13,0.3180,5.022333012706E+01,6.642788994572E+01,1.975844436220E+01
13,0.3190,4.955503059266E+01,6.563860512908E+01,1.969650566514E+01
13,0.3200,4.888447208014E+01,6.485425334254E+01,1.963495408494E+01
13,0.3210,4.857723576612E+01,6.425486731426E+01,1.957378600367E+01
13,0.3220,4.827047908798E+01,6.365920418057E+01,1.951299784838E+01
13,0.3230,4.796418533579E+01,6.306722936349E+01,1.945258609034E+01
13,0.3240,4.765833777042E+01,6.247890871195E+01,1.939254724438E+01
13,0.3250,4.735291962479E+01,6.189420849519E+01,1.933287786824E+01
13,0.3260,4.704791408847E+01,6.131309539632E+01,1.927357456190E+01
13,0.3270,4.674330431335E+01,6.073553650601E+01,1.921463396691E+01
13,0.3280,4.643907340018E+01,6.016149931624E+01,1.915605276579E+01
13,0.3290,4.613520440031E+01,5.959095171426E+01,1.909782768140E+01
13,0.3300,4.583168030848E+01,5.902386197654E+01,1.903995547630E+01
13,0.3310,4.562113581293E+01,5.861205822652E+01,1.898243295220E+01
13,0.3320,4.541111760446E+01,5.820273522199E+01,1.892525694934E+01
13,0.3330,4.520161786942E+01,5.779587061388E+01,1.886842434588E+01
13,0.3340,4.499262883608E+01,5.739144232079E+01,1.881193205742E+01
13,0.3350,4.478414278151E+01,5.698942852497E+01,1.875577703636E+01
13,0.3360,4.457615202911E+01,5.658980766841E+01,1.869995627137E+01
13,0.3370,4.436864894512E+01,5.619255844899E+01,1.864446678688E+01
13,0.3380,4.416162593899E+01,5.579765981666E+01,1.858930564254E+01
13,0.3390,4.395507545852E+01,5.540509096977E+01,1.853446993268E+01
13,0.3400,4.374898999701E+01,5.501483135139E+01,1.847995678582E+01
13,0.3410,4.389441562887E+01,5.478163705799E+01,1.842576336416E+01
13,0.3420,4.403871834689E+01,5.454980647391E+01,1.837188686310E+01
13,0.3430,4.418191116070E+01,5.431932767166E+01,1.831832451073E+01
13,0.3440,4.432400691212E+01,5.409018886245E+01,1.826507356738E+01
13,0.3450,4.446501827872E+01,5.386237839416E+01,1.821213132516E+01
13,0.3460,4.460495776982E+01,5.363588474938E+01,1.815949510746E+01
13,0.3470,4.474383773193E+01,5.341069654348E+01,1.810716226853E+01
13,0.3480,4.488167034767E+01,5.318680252267E+01,1.805513019304E+01
13,0.3490,4.501846763164E+01,5.296419156215E+01,1.800339629564E+01
13,0.3500,4.515424143962E+01,5.274285266427E+01,1.795195802051E+01
13,0.3510,4.657367413390E+01,5.264271040272E+01,1.790081284097E+01
13,0.3520,4.795526038355E+01,5.254313713129E+01,1.784995825903E+01
13,0.3530,4.930170690607E+01,5.244412801437E+01,1.779939180504E+01
13,0.3540,5.061543042643E+01,5.234567827100E+01,1.774911103723E+01
13,0.3550,5.189859415835E+01,5.224778317407E+01,1.769911354135E+01
13,0.3560,5.315313998704E+01,5.215043804959E+01,1.764939693028E+01
13,0.3570,5.438081650745E+01,5.205363827595E+01,1.759995884364E+01
13,0.3580,5.558320320798E+01,5.195737928317E+01,1.755079694743E+01
13,0.3590,5.676173128613E+01,5.186165655219E+01,1.750190893365E+01
13,0.3600,5.791770154280E+01,5.176646561415E+01,1.745329251994E+01
13,0.3610,6.007741770925E+01,5.023937503926E+01,1.740494544925E+01
13,0.3620,6.217601348466E+01,4.872072142888E+01,1.735686548945E+01
13,0.3630,6.421892963920E+01,4.721043505601E+01,1.730905043300E+01
13,0.3640,6.621084362480E+01,4.570844695992E+01,1.726149809665E+01
13,0.3650,6.815580775787E+01,4.421468893559E+01,1.721420632104E+01
13,0.3660,7.005735757063E+01,4.272909352342E+01,1.716717297044E+01
13,0.3670,7.191859764940E+01,4.125159399904E+01,1.712039593237E+01
13,0.3680,7.374227029762E+01,3.978212436339E+01,1.707387311734E+01
13,0.3690,7.553081100356E+01,3.832061933281E+01,1.702760245848E+01
13,0.3700,7.728639360996E+01,3.686701432942E+01,1.698158191130E+01
13,0.3710,7.610122133641E+01,3.469300566511E+01,1.693580945331E+01
13,0.3720,7.491202905293E+01,3.253068521943E+01,1.689028308382E+01
13,0.3730,7.371844413618E+01,3.037995898525E+01,1.684500082354E+01
13,0.3740,7.252007209502E+01,2.824073396088E+01,1.679996071438E+01
13,0.3750,7.131649452372E+01,2.611291813664E+01,1.675516081915E+01
13,0.3760,7.010726681906E+01,2.399642048168E+01,1.671059922122E+01
13,0.3770,6.889191561892E+01,2.189115093098E+01,1.666627402435E+01
13,0.3780,6.766993590907E+01,1.979702037262E+01,1.662218335233E+01
13,0.3790,6.644078778535E+01,1.771394063515E+01,1.657832534876E+01
13,0.3800,6.520389275990E+01,1.564182447524E+01,1.653469817679E+01
13,0.3810,6.311317264176E+01,1.477455568688E+01,1.649130001884E+01
13,0.3820,6.098826271898E+01,1.391182757281E+01,1.644812907639E+01
13,0.3830,5.882511953955E+01,1.305360456638E+01,1.640518356966E+01
13,0.3840,5.661905858899E+01,1.219985147144E+01,1.636246173745E+01
13,0.3850,5.436460651917E+01,1.135053345752E+01,1.631996183683E+01
13,0.3860,5.205530862141E+01,1.050561605506E+01,1.627768214295E+01
13,0.3870,4.968347493881E+01,9.665065150811E+00,1.623562094878E+01
13,0.3880,4.723984169314E+01,8.828846983181E+00,1.619377656490E+01
13,0.3890,4.471311572459E+01,7.996928137750E+00,1.615214731923E+01
13,0.3900,4.208936013164E+01,7.169275542807E+00,1.611073155687E+01
13,0.3910,3.992700541390E+01,6.911503837898E+00,1.606952763985E+01
13,0.3920,3.768430448195E+01,6.655047294747E+00,1.602853394689E+01
13,0.3930,3.534873159495E+01,6.399895873954E+00,1.598774887323E+01
13,0.3940,3.290550772988E+01,6.146039638038E+00,1.594717083041E+01
13,0.3950,3.033812701426E+01,5.893468750152E+00,1.590679824602E+01
13,0.3960,2.763151607839E+01,5.642173472811E+00,1.586662956358E+01
13,0.3970,2.478470547273E+01,5.392144166640E+00,1.582666324227E+01
13,0.3980,2.185823198134E+01,5.143371289143E+00,1.578689775673E+01
13,0.3990,1.912598887214E+01,4.895845393489E+00,1.574733159694E+01
13,0.4000,1.720529128446E+01,4.649557127313E+00,1.570796326795E+01
13,0.4010,1.644429879888E+01,4.529847561859E+00,1.566879128972E+01
13,0.4020,1.604156682054E+01,4.410733566383E+00,1.562981419696E+01
13,0.4030,1.581309735250E+01,4.292210707361E+00,1.559103053891E+01
13,0.4040,1.566909642605E+01,4.174274595166E+00,1.555243887916E+01
13,0.4050,1.556968789878E+01,4.056920883525E+00,1.551403779551E+01
13,0.4060,1.549663449120E+01,3.940145268985E+00,1.547582587975E+01
13,0.4070,1.544140872989E+01,3.823943490389E+00,1.543780173754E+01
14,0.3000,5.265599542236E+01,8.867668863533E+01,2.094395102393E+01
14,0.3010,5.257321648453E+01,8.705447177761E+01,2.087436979129E+01
14,0.3020,5.249090146464E+01,8.544299807790E+01,2.080524936152E+01
14,0.3030,5.240904624135E+01,8.384216116828E+01,2.073658517221E+01
14,0.3040,5.232764675131E+01,8.225185608043E+01,2.066837272099E+01
14,0.3050,5.224669897720E+01,8.067197922267E+01,2.060060756452E+01
14,0.3060,5.216619894869E+01,7.910242835745E+01,2.053328531758E+01
14,0.3070,5.208614274605E+01,7.754310257929E+01,2.046640165205E+01
14,0.3080,5.200652649538E+01,7.599390229320E+01,2.039995229604E+01
14,0.3090,5.192734636736E+01,7.445472919343E+01,2.033393303294E+01
14,0.3100,5.184859858530E+01,7.292548624268E+01,2.026833970058E+01
14,0.3110,5.118231055816E+01,7.209500568704E+01,2.020316819029E+01
14,0.3120,5.051472101003E+01,7.126984872471E+01,2.013841444609E+01
14,0.3130,4.984570091456E+01,7.044996433082E+01,2.007407446383E+01
14,0.3140,4.917511651411E+01,6.963530213053E+01,2.001014429038E+01
14,0.3150,4.850282898095E+01,6.882581238864E+01,1.994662002279E+01
14,0.3160,4.782869408919E+01,6.802144599956E+01,1.988349780753E+01
14,0.3170,4.715256183884E+01,6.722215447729E+01,1.982077383968E+01
14,0.3180,4.647427605282E+01,6.642788994572E+01,1.975844436220E+01
14,0.3190,4.579367395545E+01,6.563860512908E+01,1.969650566514E+01
14,0.3200,4.511058570940E+01,6.485425334254E+01,1.963495408494E+01
14,0.3210,4.479847137856E+01,6.425486731426E+01,1.957378600367E+01
14,0.3220,4.448682439141E+01,6.365920418057E+01,1.951299784838E+01
14,0.3230,4.417562710083E+01,6.306722936349E+01,1.945258609034E+01
14,0.3240,4.386486180020E+01,6.247890871195E+01,1.939254724438E+01
14,0.3250,4.355451071937E+01,6.189420849519E+01,1.933287786824E+01
14,0.3260,4.324455601575E+01,6.131309539632E+01,1.927357456190E+01
14,0.3270,4.293497976993E+01,6.073553650601E+01,1.921463396691E+01
14,0.3280,4.262576397312E+01,6.016149931624E+01,1.915605276579E+01
14,0.3290,4.231689053504E+01,5.959095171426E+01,1.909782768140E+01
14,0.3300,4.200834125877E+01,5.902386197654E+01,1.903995547630E+01
14,0.3310,4.179485666869E+01,5.861205822652E+01,1.898243295220E+01
14,0.3320,4.158190066099E+01,5.820273522199E+01,1.892525694934E+01
14,0.3330,4.136946515127E+01,5.779587061388E+01,1.886842434588E+01
14,0.3340,4.115754209680E+01,5.739144232079E+01,1.881193205742E+01
14,0.3350,4.094612349975E+01,5.698942852497E+01,1.875577703636E+01
14,0.3360,4.073520139753E+01,5.658980766841E+01,1.869995627137E+01
14,0.3370,4.052476787532E+01,5.619255844899E+01,1.864446678688E+01
14,0.3380,4.031481505442E+01,5.579765981666E+01,1.858930564254E+01
14,0.3390,4.010533509162E+01,5.540509096977E+01,1.853446993268E+01
14,0.3400,3.989632017704E+01,5.501483135139E+01,1.847995678582E+01
14,0.3410,4.004698944080E+01,5.478163705799E+01,1.842576336416E+01
14,0.3420,4.019643677831E+01,5.454980647391E+01,1.837188686310E+01
14,0.3430,4.034467816467E+01,5.431932767166E+01,1.831832451073E+01
14,0.3440,4.049172929514E+01,5.409018886245E+01,1.826507356738E+01
14,0.3450,4.063760558174E+01,5.386237839416E+01,1.821213132516E+01
14,0.3460,4.078232217196E+01,5.363588474938E+01,1.815949510746E+01
14,0.3470,4.092589393913E+01,5.341069654348E+01,1.810716226853E+01
14,0.3480,4.106833549795E+01,5.318680252267E+01,1.805513019304E+01
14,0.3490,4.120966120730E+01,5.296419156215E+01,1.800339629564E+01
14,0.3500,4.134988517433E+01,5.274285266427E+01,1.795195802051E+01
14,0.3510,4.279996866069E+01,5.264271040272E+01,1.790081284097E+01
14,0.3520,4.420996733828E+01,5.254313713129E+01,1.784995825903E+01
14,0.3530,4.558294948361E+01,5.244412801437E+01,1.779939180504E+01
14,0.3540,4.692161607780E+01,5.234567827100E+01,1.774911103723E+01
14,0.3550,4.822835669620E+01,5.224778317407E+01,1.769911354135E+01
14,0.3560,4.950529564271E+01,5.215043804959E+01,1.764939693028E+01
14,0.3570,5.075433010374E+01,5.205363827595E+01,1.759995884364E+01
14,0.3580,5.197716182198E+01,5.195737928317E+01,1.755079694743E+01
14,0.3590,5.317532352350E+01,5.186165655219E+01,1.750190893365E+01
14,0.3600,5.435020103105E+01,5.176646561415E+01,1.745329251994E+01
14,0.3610,5.654384134538E+01,5.023937503926E+01,1.740494544925E+01
14,0.3620,5.867462101291E+01,4.872072142888E+01,1.735686548945E+01
14,0.3630,6.074823829638E+01,4.721043505601E+01,1.730905043300E+01
14,0.3640,6.276956916366E+01,4.570844695992E+01,1.726149809665E+01
14,0.3650,6.474282184763E+01,4.421468893559E+01,1.721420632104E+01
14,0.3660,6.667165640961E+01,4.272909352342E+01,1.716717297044E+01
14,0.3670,6.855927842784E+01,4.125159399904E+01,1.712039593237E+01
14,0.3680,7.040851328539E+01,3.978212436339E+01,1.707387311734E+01
14,0.3690,7.222186568995E+01,3.832061933281E+01,1.702760245848E+01
14,0.3700,7.400156785823E+01,3.686701432942E+01,1.698158191130E+01
14,0.3710,7.280063782471E+01,3.469300566511E+01,1.693580945331E+01
14,0.3720,7.159557211593E+01,3.253068521943E+01,1.689028308382E+01
14,0.3730,7.038599229851E+01,3.037995898525E+01,1.684500082354E+01
14,0.3740,6.917149741071E+01,2.824073396088E+01,1.679996071438E+01
14,0.3750,6.795166182222E+01,2.611291813664E+01,1.675516081915E+01
14,0.3760,6.672603283101E+01,2.399642048168E+01,1.671059922122E+01
14,0.3770,6.549412796427E+01,2.189115093098E+01,1.666627402435E+01
14,0.3780,6.425543193526E+01,1.979702037262E+01,1.662218335233E+01
14,0.3790,6.300939319154E+01,1.771394063515E+01,1.657832534876E+01
14,0.3800,6.175542000527E+01,1.564182447524E+01,1.653469817679E+01
14,0.3810,5.963531892790E+01,1.477455568688E+01,1.649130001884E+01
14,0.3820,5.748020859910E+01,1.391182757281E+01,1.644812907639E+01
14,0.3830,5.528591378661E+01,1.305360456638E+01,1.640518356966E+01
14,0.3840,5.304757856561E+01,1.219985147144E+01,1.636246173745E+01
14,0.3850,5.075950260503E+01,1.135053345752E+01,1.631996183683E+01
14,0.3860,4.841492449245E+01,1.050561605506E+01,1.627768214295E+01
14,0.3870,4.600573028254E+01,9.665065150811E+00,1.623562094878E+01
14,0.3880,4.352205451341E+01,8.828846983181E+00,1.619377656490E+01
14,0.3890,4.095172383191E+01,7.996928137750E+00,1.615214731923E+01
14,0.3900,3.827946706603E+01,7.169275542807E+00,1.611073155687E+01
14,0.3910,3.607409376148E+01,6.911503837898E+00,1.606952763985E+01
14,0.3920,3.378250787074E+01,6.655047294747E+00,1.602853394689E+01
14,0.3930,3.138973075610E+01,6.399895873954E+00,1.598774887323E+01
14,0.3940,2.887704663859E+01,6.146039638038E+00,1.594717083041E+01
14,0.3950,2.622139343110E+01,5.893468750152E+00,1.590679824602E+01
14,0.3960,2.339666432613E+01,5.642173472811E+00,1.586662956358E+01
14,0.3970,2.038627321452E+01,5.392144166640E+00,1.582666324227E+01
14,0.3980,1.727782798574E+01,5.143371289143E+00,1.578689775673E+01
14,0.3000,4.527062358744E+01,8.867668863533E+01,2.094395102393E+01
14,0.3010,4.516730466125E+01,8.705447177761E+01,2.087436979129E+01
14,0.3020,4.506447877862E+01,8.544299807790E+01,2.080524936152E+01
14,0.3030,4.496214166431E+01,8.384216116828E+01,2.073658517221E+01
14,0.3040,4.486028909665E+01,8.225185608043E+01,2.066837272099E+01
14,0.3050,4.475891690547E+01,8.067197922267E+01,2.060060756452E+01
14,0.3060,4.465802096953E+01,7.910242835745E+01,2.053328531758E+01
14,0.3070,4.455759721479E+01,7.754310257929E+01,2.046640165205E+01
14,0.3080,4.445764161830E+01,7.599390229320E+01,2.039995229604E+01
14,0.3090,4.435815020306E+01,7.445472919343E+01,2.033393303294E+01
14,0.3100,4.425911903754E+01,7.292548624268E+01,2.026833970058E+01
14,0.3110,4.344550519072E+01,7.209500568704E+01,2.020316819029E+01
14,0.3120,4.262580777912E+01,7.126984872471E+01,2.013841444609E+01
14,0.3130,4.179967291774E+01,7.044996433082E+01,2.007407446383E+01
14,0.3140,4.096673412631E+01,6.963530213053E+01,2.001014429038E+01
14,0.3150,4.012661375426E+01,6.882581238864E+01,1.994662002279E+01
14,0.3160,3.927892535162E+01,6.802144599956E+01,1.988349780753E+01
14,0.3170,3.842327735804E+01,6.722215447729E+01,1.982077383968E+01
14,0.3180,3.755927867096E+01,6.642788994572E+01,1.975844436220E+01
14,0.3190,3.668654687742E+01,6.563860512908E+01,1.969650566514E+01
14,0.3200,3.580472023232E+01,6.485425334254E+01,1.963495408494E+01
14,0.3210,3.539625357722E+01,6.425486731426E+01,1.957378600367E+01
14,0.3220,3.498692566923E+01,6.365920418057E+01,1.951299784838E+01
14,0.3230,3.457670625911E+01,6.306722936349E+01,1.945258609034E+01
14,0.3240,3.416556732990E+01,6.247890871195E+01,1.939254724438E+01
14,0.3250,3.375348356284E+01,6.189420849519E+01,1.933287786824E+01
14,0.3260,3.334043286988E+01,6.131309539632E+01,1.927357456190E+01
14,0.3270,3.292639703404E+01,6.073553650601E+01,1.921463396691E+01
14,0.3280,3.251136244663E+01,6.016149931624E+01,1.915605276579E+01
14,0.3290,3.209532097724E+01,5.959095171426E+01,1.909782768140E+01
14,0.3300,3.167827097838E+01,5.902386197654E+01,1.903995547630E+01
14,0.3310,3.138618964129E+01,5.861205822652E+01,1.898243295220E+01
14,0.3320,3.109402673609E+01,5.820273522199E+01,1.892525694934E+01
14,0.3330,3.080178155186E+01,5.779587061388E+01,1.886842434588E+01
14,0.3340,3.050945522427E+01,5.739144232079E+01,1.881193205742E+01
14,0.3350,3.021705095741E+01,5.698942852497E+01,1.875577703636E+01
14,0.3360,2.992457424353E+01,5.658980766841E+01,1.869995627137E+01
14,0.3370,2.963203311812E+01,5.619255844899E+01,1.864446678688E+01
14,0.3380,2.933943844634E+01,5.579765981666E+01,1.858930564254E+01
14,0.3390,2.904680423894E+01,5.540509096977E+01,1.853446993268E+01
14,0.3400,2.875414798996E+01,5.501483135139E+01,1.847995678582E+01
14,0.3410,2.894728110256E+01,5.478163705799E+01,1.842576336416E+01
14,0.3420,2.913937591085E+01,5.454980647391E+01,1.837188686310E+01
14,0.3430,2.933038482800E+01,5.431932767166E+01,1.831832451073E+01
14,0.3440,2.952026650717E+01,5.409018886245E+01,1.826507356738E+01
14,0.3450,2.970898522670E+01,5.386237839416E+01,1.821213132516E+01
14,0.3460,2.989651033505E+01,5.363588474938E+01,1.815949510746E+01
14,0.3470,3.008281574922E+01,5.341069654348E+01,1.810716226853E+01
14,0.3480,3.026787949099E+01,5.318680252267E+01,1.805513019304E+01
14,0.3490,3.045168327646E+01,5.296419156215E+01,1.800339629564E+01
14,0.3500,3.063421214962E+01,5.274285266427E+01,1.795195802051E+01
14,0.3510,3.258220361728E+01,5.264271040272E+01,1.790081284097E+01
14,0.3520,3.445102384139E+01,5.254313713129E+01,1.784995825903E+01
14,0.3530,3.624473491943E+01,5.244412801437E+01,1.779939180504E+01
14,0.3540,3.796895526478E+01,5.234567827100E+01,1.774911103723E+01
14,0.3550,3.962950557611E+01,5.224778317407E+01,1.769911354135E+01
14,0.3560,4.123188224210E+01,5.215043804959E+01,1.764939693028E+01
14,0.3570,4.278107951515E+01,5.205363827595E+01,1.759995884364E+01
14,0.3580,4.428155863696E+01,5.195737928317E+01,1.755079694743E+01
14,0.3590,4.573727655269E+01,5.186165655219E+01,1.750190893365E+01
14,0.3600,4.715173580122E+01,5.176646561415E+01,1.745329251994E+01
14,0.3610,4.976265967691E+01,5.023937503926E+01,1.740494544925E+01
14,0.3620,5.226325593811E+01,4.872072142888E+01,1.735686548945E+01
14,0.3630,5.466712907640E+01,4.721043505601E+01,1.730905043300E+01
14,0.3640,5.698538769465E+01,4.570844695992E+01,1.726149809665E+01
14,0.3650,5.922721225974E+01,4.421468893559E+01,1.721420632104E+01
14,0.3660,6.140027609884E+01,4.272909352342E+01,1.716717297044E+01
14,0.3670,6.351105986091E+01,4.125159399904E+01,1.712039593237E+01
14,0.3680,6.556508901729E+01,3.978212436339E+01,1.707387311734E+01
14,0.3690,6.756711535053E+01,3.832061933281E+01,1.702760245848E+01
14,0.3700,6.952125736135E+01,3.686701432942E+01,1.698158191130E+01
14,0.3710,6.820283247238E+01,3.469300566511E+01,1.693580945331E+01
14,0.3720,6.687503383753E+01,3.253068521943E+01,1.689028308382E+01
14,0.3730,6.553710465270E+01,3.037995898525E+01,1.684500082354E+01
14,0.3740,6.418822633123E+01,2.824073396088E+01,1.679996071438E+01
14,0.3750,6.282751099021E+01,2.611291813664E+01,1.675516081915E+01
14,0.3760,6.145399276239E+01,2.399642048168E+01,1.671059922122E+01
14,0.3770,6.006661768359E+01,2.189115093098E+01,1.666627402435E+01
14,0.3780,5.866423192981E+01,1.979702037262E+01,1.662218335233E+01
14,0.3790,5.724556798673E+01,1.771394063515E+01,1.657832534876E+01
14,0.3800,5.580922838614E+01,1.564182447524E+01,1.653469817679E+01
14,0.3810,5.335994586089E+01,1.477455568688E+01,1.649130001884E+01
14,0.3820,5.083946063125E+01,1.391182757281E+01,1.644812907639E+01
14,0.3830,4.823681257167E+01,1.305360456638E+01,1.640518356966E+01
14,0.3840,4.553849448740E+01,1.219985147144E+01,1.636246173745E+01
14,0.3850,4.272762269157E+01,1.135053345752E+01,1.631996183683E+01
14,0.3860,3.978280378540E+01,1.050561605506E+01,1.627768214295E+01
14,0.3870,3.667667538088E+01,9.665065150811E+00,1.623562094878E+01
14,0.3880,3.337446583351E+01,8.828846983181E+00,1.619377656490E+01
14,0.3890,2.983481617237E+01,7.996928137750E+00,1.615214731923E+01
14,0.3900,2.602514166703E+01,7.169275542807E+00,1.611073155687E+01
14,0.3910,2.284578273805E+01,6.911503837898E+00,1.606952763985E+01
14,0.3920,1.979246225406E+01,6.655047294747E+00,1.602853394689E+01
14,0.3930,1.758666584384E+01,6.399895873954E+00,1.598774887323E+01
14,0.3940,1.657373666322E+01,6.146039638038E+00,1.594717083041E+01
14,0.3950,1.616750683240E+01,5.893468750152E+00,1.590679824602E+01
14,0.3960,1.597362655533E+01,5.642173472811E+00,1.586662956358E+01
14,0.3970,1.586257038910E+01,5.392144166640E+00,1.582666324227E+01
14,0.3980,1.579219300141E+01,5.143371289143E+00,1.578689775673E+01
15,0.3000,4.132516340185E+01,8.867668863533E+01,2.094395102393E+01
15,0.3010,4.122183321157E+01,8.705447177761E+01,2.087436979129E+01
15,0.3020,4.111899893810E+01,8.544299807790E+01,2.080524936152E+01
15,0.3030,4.101665627766E+01,8.384216116828E+01,2.073658517221E+01
15,0.3040,4.091480097417E+01,8.225185608043E+01,2.066837272099E+01
15,0.3050,4.081342882309E+01,8.067197922267E+01,2.060060756452E+01
15,0.3060,4.071253567002E+01,7.910242835745E+01,2.053328531758E+01
15,0.3070,4.061211740888E+01,7.754310257929E+01,2.046640165205E+01
15,0.3080,4.051216998686E+01,7.599390229320E+01,2.039995229604E+01
15,0.3090,4.041268939350E+01,7.445472919343E+01,2.033393303294E+01
15,0.3100,4.031367166895E+01,7.292548624268E+01,2.026833970058E+01
15,0.3110,3.948096912734E+01,7.209500568704E+01,2.020316819029E+01
15,0.3120,3.864131959908E+01,7.126984872471E+01,2.013841444609E+01
15,0.3130,3.779426705632E+01,7.044996433082E+01,2.007407446383E+01
15,0.3140,3.693932746072E+01,6.963530213053E+01,2.001014429038E+01
15,0.3150,3.607598739167E+01,6.882581238864E+01,1.994662002279E+01
15,0.3160,3.520370304049E+01,6.802144599956E+01,1.988349780753E+01
15,0.3170,3.432189988196E+01,6.722215447729E+01,1.982077383968E+01
15,0.3180,3.342997345071E+01,6.642788994572E+01,1.975844436220E+01
15,0.3190,3.252729194598E+01,6.563860512908E+01,1.969650566514E+01
15,0.3200,3.161320174976E+01,6.485425334254E+01,1.963495408494E+01
15,0.3210,3.119143919505E+01,6.425486731426E+01,1.957378600367E+01
15,0.3220,3.076839809635E+01,6.365920418057E+01,1.951299784838E+01
15,0.3230,3.034402245457E+01,6.306722936349E+01,1.945258609034E+01
15,0.3240,2.991825689131E+01,6.247890871195E+01,1.939254724438E+01
15,0.3250,2.949104709263E+01,6.189420849519E+01,1.933287786824E+01
15,0.3260,2.906234031664E+01,6.131309539632E+01,1.927357456190E+01
15,0.3270,2.863208605765E+01,6.073553650601E+01,1.921463396691E+01
15,0.3280,2.820023687363E+01,6.016149931624E+01,1.915605276579E+01
15,0.3290,2.776674939454E+01,5.959095171426E+01,1.909782768140E+01
15,0.3300,2.733158562026E+01,5.902386197654E+01,1.903995547630E+01
15,0.3310,2.702812534421E+01,5.861205822652E+01,1.898243295220E+01
15,0.3320,2.672431022431E+01,5.820273522199E+01,1.892525694934E+01
15,0.3330,2.642013055617E+01,5.779587061388E+01,1.886842434588E+01
15,0.3340,2.611557872222E+01,5.739144232079E+01,1.881193205742E+01
15,0.3350,2.581064956589E+01,5.698942852497E+01,1.875577703636E+01
15,0.3360,2.550534081179E+01,5.658980766841E+01,1.869995627137E+01
15,0.3370,2.519965355559E+01,5.619255844899E+01,1.864446678688E+01
15,0.3380,2.489359287844E+01,5.579765981666E+01,1.858930564254E+01
15,0.3390,2.458716851162E+01,5.540509096977E+01,1.853446993268E+01
15,0.3400,2.428039569173E+01,5.501483135139E+01,1.847995678582E+01
15,0.3410,2.449343918993E+01,5.478163705799E+01,1.842576336416E+01
15,0.3420,2.470480942552E+01,5.454980647391E+01,1.837188686310E+01
15,0.3430,2.491447285292E+01,5.431932767166E+01,1.831832451073E+01
15,0.3440,2.512240442810E+01,5.409018886245E+01,1.826507356738E+01
15,0.3450,2.532858627722E+01,5.386237839416E+01,1.821213132516E+01
15,0.3460,2.553300657606E+01,5.363588474938E+01,1.815949510746E+01
15,0.3470,2.573565862261E+01,5.341069654348E+01,1.810716226853E+01
15,0.3480,2.593654004815E+01,5.318680252267E+01,1.805513019304E+01
15,0.3490,2.613565216026E+01,5.296419156215E+01,1.800339629564E+01
15,0.3500,2.633299937443E+01,5.274285266427E+01,1.795195802051E+01
15,0.3510,2.837995240842E+01,5.264271040272E+01,1.790081284097E+01
15,0.3520,3.032777353033E+01,5.254313713129E+01,1.784995825903E+01
15,0.3530,3.218624024161E+01,5.244412801437E+01,1.779939180504E+01
15,0.3540,3.396487000932E+01,5.234567827100E+01,1.774911103723E+01
15,0.3550,3.567214325967E+01,5.224778317407E+01,1.769911354135E+01
15,0.3560,3.731540175936E+01,5.215043804959E+01,1.764939693028E+01
15,0.3570,3.890094760668E+01,5.205363827595E+01,1.759995884364E+01
15,0.3580,4.043418899199E+01,5.195737928317E+01,1.755079694743E+01
15,0.3590,4.191978247816E+01,5.186165655219E+01,1.750190893365E+01
15,0.3600,4.336175715127E+01,5.176646561415E+01,1.745329251994E+01
15,0.3610,4.601926829451E+01,5.023937503926E+01,1.740494544925E+01
15,0.3620,4.856166273232E+01,4.872072142888E+01,1.735686548945E+01
15,0.3630,5.100372735738E+01,4.721043505601E+01,1.730905043300E+01
15,0.3640,5.335737139787E+01,4.570844695992E+01,1.726149809665E+01
15,0.3650,5.563233614017E+01,4.421468893559E+01,1.721420632104E+01
15,0.3660,5.783669940721E+01,4.272909352342E+01,1.716717297044E+01
15,0.3670,5.997724113800E+01,4.125159399904E+01,1.712039593237E+01
15,0.3680,6.205971328753E+01,3.978212436339E+01,1.707387311734E+01
15,0.3690,6.408904251644E+01,3.832061933281E+01,1.702760245848E+01
15,0.3700,6.606948482357E+01,3.686701432942E+01,1.698158191130E+01
15,0.3710,6.473407938307E+01,3.469300566511E+01,1.693580945331E+01
15,0.3720,6.338909962558E+01,3.253068521943E+01,1.689028308382E+01
15,0.3730,6.203377084952E+01,3.037995898525E+01,1.684500082354E+01
15,0.3740,6.066725377683E+01,2.824073396088E+01,1.679996071438E+01
15,0.3750,5.928863648001E+01,2.611291813664E+01,1.675516081915E+01
15,0.3760,5.789692499149E+01,2.399642048168E+01,1.671059922122E+01
15,0.3770,5.649103234364E+01,2.189115093098E+01,1.666627402435E+01
15,0.3780,5.506976567194E+01,1.979702037262E+01,1.662218335233E+01
15,0.3790,5.363181100811E+01,1.771394063515E+01,1.657832534876E+01
15,0.3800,5.217571520757E+01,1.564182447524E+01,1.653469817679E+01
15,0.3810,4.969159251440E+01,1.477455568688E+01,1.649130001884E+01
15,0.3820,4.713408504852E+01,1.391182757281E+01,1.644812907639E+01
15,0.3830,4.449155883481E+01,1.305360456638E+01,1.640518356966E+01
15,0.3840,4.174950241928E+01,1.219985147144E+01,1.636246173745E+01
15,0.3850,3.888947513375E+01,1.135053345752E+01,1.631996183683E+01
15,0.3860,3.588755249149E+01,1.050561605506E+01,1.627768214295E+01
15,0.3870,3.271201498281E+01,9.665065150811E+00,1.623562094878E+01
15,0.3880,2.932006200478E+01,8.828846983181E+00,1.619377656490E+01
15,0.3890,2.565443948876E+01,7.996928137750E+00,1.615214731923E+01
15,0.3900,2.165098951630E+01,7.169275542807E+00,1.611073155687E+01
15,0.3910,1.825999437541E+01,6.911503837898E+00,1.606952763985E+01
15,0.3000,3.004825587384E+01,8.867668863533E+01,2.094395102393E+01
15,0.3010,2.989863028843E+01,8.705447177761E+01,2.087436979129E+01
15,0.3020,2.974946325551E+01,8.544299807790E+01,2.080524936152E+01
15,0.3030,2.960075202379E+01,8.384216116828E+01,2.073658517221E+01
15,0.3040,2.945249398260E+01,8.225185608043E+01,2.066837272099E+01
15,0.3050,2.930468665391E+01,8.067197922267E+01,2.060060756452E+01
15,0.3060,2.915732769686E+01,7.910242835745E+01,2.053328531758E+01
15,0.3070,2.901041491397E+01,7.754310257929E+01,2.046640165205E+01
15,0.3080,2.886394625442E+01,7.599390229320E+01,2.039995229604E+01
15,0.3090,2.871791980604E+01,7.445472919343E+01,2.033393303294E+01
15,0.3100,2.857233381634E+01,7.292548624268E+01,2.026833970058E+01
15,0.3110,2.748054841572E+01,7.209500568704E+01,2.020316819029E+01
15,0.3120,2.640225417206E+01,7.126984872471E+01,2.013841444609E+01
15,0.3130,2.535231568102E+01,7.044996433082E+01,2.007407446383E+01
15,0.3140,2.435117216147E+01,6.963530213053E+01,2.001014429038E+01
15,0.3150,2.342423658971E+01,6.882581238864E+01,1.994662002279E+01
15,0.3160,2.259814168704E+01,6.802144599956E+01,1.988349780753E+01
15,0.3170,2.189333854331E+01,6.722215447729E+01,1.982077383968E+01
15,0.3180,2.131644478404E+01,6.642788994572E+01,1.975844436220E+01
15,0.3190,2.085830094453E+01,6.563860512908E+01,1.969650566514E+01
15,0.3200,2.049932080260E+01,6.485425334254E+01,1.963495408494E+01
15,0.3210,2.033118625645E+01,6.425486731426E+01,1.957378600367E+01
15,0.3220,2.017693457812E+01,6.365920418057E+01,1.951299784838E+01
15,0.3230,2.003483540207E+01,6.306722936349E+01,1.945258609034E+01
15,0.3240,1.990333873261E+01,6.247890871195E+01,1.939254724438E+01
15,0.3250,1.978107783529E+01,6.189420849519E+01,1.933287786824E+01
15,0.3260,1.966686115326E+01,6.131309539632E+01,1.927357456190E+01
15,0.3270,1.955965805318E+01,6.073553650601E+01,1.921463396691E+01
15,0.3280,1.945858179526E+01,6.016149931624E+01,1.915605276579E+01
15,0.3290,1.936287192819E+01,5.959095171426E+01,1.909782768140E+01
15,0.3300,1.927187741881E+01,5.902386197654E+01,1.903995547630E+01
15,0.3310,1.919391847222E+01,5.861205822652E+01,1.898243295220E+01
15,0.3320,1.911797136696E+01,5.820273522199E+01,1.892525694934E+01
15,0.3330,1.904388684903E+01,5.779587061388E+01,1.886842434588E+01
15,0.3340,1.897153043452E+01,5.739144232079E+01,1.881193205742E+01
15,0.3350,1.890078083977E+01,5.698942852497E+01,1.875577703636E+01
15,0.3360,1.883152857540E+01,5.658980766841E+01,1.869995627137E+01
15,0.3370,1.876367469006E+01,5.619255844899E+01,1.864446678688E+01
15,0.3380,1.869712964901E+01,5.579765981666E+01,1.858930564254E+01
15,0.3390,1.863181233697E+01,5.540509096977E+01,1.853446993268E+01
15,0.3400,1.856764917183E+01,5.501483135139E+01,1.847995678582E+01
15,0.3410,1.852112683509E+01,5.478163705799E+01,1.842576336416E+01
15,0.3420,1.847528751125E+01,5.454980647391E+01,1.837188686310E+01
15,0.3430,1.843014243793E+01,5.431932767166E+01,1.831832451073E+01
15,0.3440,1.838570442284E+01,5.409018886245E+01,1.826507356738E+01
15,0.3450,1.834198792640E+01,5.386237839416E+01,1.821213132516E+01
15,0.3460,1.829900915344E+01,5.363588474938E+01,1.815949510746E+01
15,0.3470,1.825678615792E+01,5.341069654348E+01,1.810716226853E+01
15,0.3480,1.821533895900E+01,5.318680252267E+01,1.805513019304E+01
15,0.3490,1.817468967056E+01,5.296419156215E+01,1.800339629564E+01
15,0.3500,1.813486264382E+01,5.274285266427E+01,1.795195802051E+01
15,0.3510,1.824747120285E+01,5.264271040272E+01,1.790081284097E+01
15,0.3520,1.849926608791E+01,5.254313713129E+01,1.784995825903E+01
15,0.3530,1.903710453959E+01,5.244412801437E+01,1.779939180504E+01
15,0.3540,2.009060578912E+01,5.234567827100E+01,1.774911103723E+01
15,0.3550,2.175407235727E+01,5.224778317407E+01,1.769911354135E+01
15,0.3560,2.380483094285E+01,5.215043804959E+01,1.764939693028E+01
15,0.3570,2.597509226385E+01,5.205363827595E+01,1.759995884364E+01
15,0.3580,2.812515733142E+01,5.195737928317E+01,1.755079694743E+01
15,0.3590,3.020317651683E+01,5.186165655219E+01,1.750190893365E+01
15,0.3600,3.219503039455E+01,5.176646561415E+01,1.745329251994E+01
15,0.3610,3.578494461162E+01,5.023937503926E+01,1.740494544925E+01
15,0.3620,3.911398150209E+01,4.872072142888E+01,1.735686548945E+01
15,0.3630,4.222503593865E+01,4.721043505601E+01,1.730905043300E+01
15,0.3640,4.515401603177E+01,4.570844695992E+01,1.726149809665E+01
15,0.3650,4.792926337068E+01,4.421468893559E+01,1.721420632104E+01
15,0.3660,5.057303042370E+01,4.272909352342E+01,1.716717297044E+01
15,0.3670,5.310295109226E+01,4.125159399904E+01,1.712039593237E+01
15,0.3680,5.553318462927E+01,3.978212436339E+01,1.707387311734E+01
15,0.3690,5.787525676623E+01,3.832061933281E+01,1.702760245848E+01
15,0.3700,6.013867215822E+01,3.686701432942E+01,1.698158191130E+01
15,0.3710,5.861327788273E+01,3.469300566511E+01,1.693580945331E+01
15,0.3720,5.706699514398E+01,3.253068521943E+01,1.689028308382E+01
15,0.3730,5.549792468591E+01,3.037995898525E+01,1.684500082354E+01
15,0.3740,5.390394120244E+01,2.824073396088E+01,1.679996071438E+01
15,0.3750,5.228265478715E+01,2.611291813664E+01,1.675516081915E+01
15,0.3760,5.063136406566E+01,2.399642048168E+01,1.671059922122E+01
15,0.3770,4.894699888458E+01,2.189115093098E+01,1.666627402435E+01
15,0.3780,4.722604998379E+01,1.979702037262E+01,1.662218335233E+01
15,0.3790,4.546448252255E+01,1.771394063515E+01,1.657832534876E+01
15,0.3800,4.365762993593E+01,1.564182447524E+01,1.653469817679E+01
15,0.3810,4.051595631207E+01,1.477455568688E+01,1.649130001884E+01
15,0.3820,3.718891553942E+01,1.391182757281E+01,1.644812907639E+01
15,0.3830,3.363383656904E+01,1.305360456638E+01,1.640518356966E+01
15,0.3840,2.979925837332E+01,1.219985147144E+01,1.636246173745E+01
15,0.3850,2.564870569162E+01,1.135053345752E+01,1.631996183683E+01
15,0.3860,2.133528914729E+01,1.050561605506E+01,1.627768214295E+01
15,0.3870,1.797284139131E+01,9.665065150811E+00,1.623562094878E+01
15,0.3880,1.669395960135E+01,8.828846983181E+00,1.619377656490E+01
15,0.3890,1.631173692784E+01,7.996928137750E+00,1.615214731923E+01
15,0.3900,1.615434310397E+01,7.169275542807E+00,1.611073155687E+01
15,0.3910,1.607757770687E+01,6.911503837898E+00,1.606952763985E+01
16,0.3000,2.533322736138E+01,8.867668863533E+01,2.094395102393E+01
16,0.3010,2.517989527930E+01,8.705447177761E+01,2.087436979129E+01
16,0.3020,2.502701239180E+01,8.544299807790E+01,2.080524936152E+01
16,0.3030,2.487457772834E+01,8.384216116828E+01,2.073658517221E+01
16,0.3040,2.472259061482E+01,8.225185608043E+01,2.066837272099E+01
16,0.3050,2.457105071322E+01,8.067197922267E+01,2.060060756452E+01
16,0.3060,2.441995801567E+01,7.910242835745E+01,2.053328531758E+01
16,0.3070,2.426931288337E+01,7.754310257929E+01,2.046640165205E+01
16,0.3080,2.411911605296E+01,7.599390229320E+01,2.039995229604E+01
16,0.3090,2.396936867305E+01,7.445472919343E+01,2.033393303294E+01
16,0.3100,2.382007232097E+01,7.292548624268E+01,2.026833970058E+01
16,0.3110,2.263922719648E+01,7.209500568704E+01,2.020316819029E+01
16,0.3120,2.148960640679E+01,7.126984872471E+01,2.013841444609E+01
16,0.3130,2.045849328200E+01,7.044996433082E+01,2.007407446383E+01
16,0.3560,1.905162192891E+01,5.215043804959E+01,1.764939693028E+01
16,0.3570,2.138416963069E+01,5.205363827595E+01,1.759995884364E+01
16,0.3580,2.369575220539E+01,5.195737928317E+01,1.755079694743E+01
16,0.3590,2.589933625119E+01,5.186165655219E+01,1.750190893365E+01
16,0.3600,2.798802701911E+01,5.176646561415E+01,1.745329251994E+01
16,0.3610,3.170957190287E+01,5.023937503926E+01,1.740494544925E+01
16,0.3620,3.513165711445E+01,4.872072142888E+01,1.735686548945E+01
16,0.3630,3.831395335259E+01,4.721043505601E+01,1.730905043300E+01
16,0.3640,4.130081920314E+01,4.570844695992E+01,1.726149809665E+01
16,0.3650,4.412520419830E+01,4.421468893559E+01,1.721420632104E+01
16,0.3660,4.681205596471E+01,4.272909352342E+01,1.716717297044E+01
16,0.3670,4.938067896751E+01,4.125159399904E+01,1.712039593237E+01
16,0.3680,5.184631874825E+01,3.978212436339E+01,1.707387311734E+01
16,0.3690,5.422123622088E+01,3.832061933281E+01,1.702760245848E+01
16,0.3700,5.651545074969E+01,3.686701432942E+01,1.698158191130E+01
16,0.3710,5.497054358194E+01,3.469300566511E+01,1.693580945331E+01
16,0.3720,5.340422940380E+01,3.253068521943E+01,1.689028308382E+01
16,0.3730,5.181452777528E+01,3.037995898525E+01,1.684500082354E+01
16,0.3740,5.019921329693E+01,2.824073396088E+01,1.679996071438E+01
16,0.3750,4.855577138242E+01,2.611291813664E+01,1.675516081915E+01
16,0.3760,4.688134357378E+01,2.399642048168E+01,1.671059922122E+01
16,0.3770,4.517265932393E+01,2.189115093098E+01,1.666627402435E+01
16,0.3780,4.342595010668E+01,1.979702037262E+01,1.662218335233E+01
16,0.3790,4.163684038267E+01,1.771394063515E+01,1.657832534876E+01
16,0.3800,3.980020797940E+01,1.564182447524E+01,1.653469817679E+01
16,0.3810,3.660074320308E+01,1.477455568688E+01,1.649130001884E+01
16,0.3820,3.320225724312E+01,1.391182757281E+01,1.644812907639E+01
16,0.3830,2.955241066465E+01,1.305360456638E+01,1.640518356966E+01
16,0.3840,2.557962852797E+01,1.219985147144E+01,1.636246173745E+01
16,0.3850,2.120597146611E+01,1.135053345752E+01,1.631996183683E+01
16,0.3860,1.670888505437E+01,1.050561605506E+01,1.627768214295E+01
16,0.3000,2.101105904449E+01,8.867668863533E+01,2.094395102393E+01
16,0.3010,2.093811883409E+01,8.705447177761E+01,2.087436979129E+01
16,0.3020,2.086578008320E+01,8.544299807790E+01,2.080524936152E+01
16,0.3030,2.079403274695E+01,8.384216116828E+01,2.073658517221E+01
16,0.3040,2.072286706926E+01,8.225185608043E+01,2.066837272099E+01
16,0.3050,2.065227357198E+01,8.067197922267E+01,2.060060756452E+01
16,0.3060,2.058224304418E+01,7.910242835745E+01,2.053328531758E+01
16,0.3070,2.051276653156E+01,7.754310257929E+01,2.046640165205E+01
16,0.3080,2.044383532715E+01,7.599390229320E+01,2.039995229604E+01
16,0.3090,2.037544096162E+01,7.445472919343E+01,2.033393303294E+01
16,0.3100,2.030757519435E+01,7.292548624268E+01,2.026833970058E+01
16,0.3110,2.022325514485E+01,7.209500568704E+01,2.020316819029E+01
16,0.3120,2.014612838540E+01,7.126984872471E+01,2.013841444609E+01
16,0.3130,2.007533658919E+01,7.044996433082E+01,2.007407446383E+01
16,0.3560,1.765404078624E+01,5.215043804959E+01,1.764939693028E+01
16,0.3570,1.762378992587E+01,5.205363827595E+01,1.759995884364E+01
16,0.3580,1.761184130852E+01,5.195737928317E+01,1.755079694743E+01
16,0.3590,1.762652701642E+01,5.186165655219E+01,1.750190893365E+01
16,0.3600,1.768603032194E+01,5.176646561415E+01,1.745329251994E+01
16,0.3610,1.815780194784E+01,5.023937503926E+01,1.740494544925E+01
16,0.3620,1.996584477507E+01,4.872072142888E+01,1.735686548945E+01
16,0.3630,2.379613566624E+01,4.721043505601E+01,1.730905043300E+01
16,0.3640,2.808764951525E+01,4.570844695992E+01,1.726149809665E+01
16,0.3650,3.211426493557E+01,4.421468893559E+01,1.721420632104E+01
16,0.3660,3.581429791656E+01,4.272909352342E+01,1.716717297044E+01
16,0.3670,3.923218343567E+01,4.125159399904E+01,1.712039593237E+01
16,0.3680,4.241690616231E+01,3.978212436339E+01,1.707387311734E+01
16,0.3690,4.540835017654E+01,3.832061933281E+01,1.702760245848E+01
16,0.3700,4.823749081155E+01,3.686701432942E+01,1.698158191130E+01
16,0.3710,4.633548142944E+01,3.469300566511E+01,1.693580945331E+01
16,0.3720,4.438017188086E+01,3.253068521943E+01,1.689028308382E+01
16,0.3730,4.236477282742E+01,3.037995898525E+01,1.684500082354E+01
16,0.3740,4.028126154193E+01,2.824073396088E+01,1.679996071438E+01
16,0.3750,3.812013467107E+01,2.611291813664E+01,1.675516081915E+01
16,0.3760,3.587018298294E+01,2.399642048168E+01,1.671059922122E+01
16,0.3770,3.351845388491E+01,2.189115093098E+01,1.666627402435E+01
16,0.3780,3.105092249678E+01,1.979702037262E+01,1.662218335233E+01
16,0.3790,2.845552555278E+01,1.771394063515E+01,1.657832534876E+01
16,0.3800,2.573304334963E+01,1.564182447524E+01,1.653469817679E+01
16,0.3810,2.111202863783E+01,1.477455568688E+01,1.649130001884E+01
16,0.3820,1.783380296676E+01,1.391182757281E+01,1.644812907639E+01
16,0.3830,1.678723669307E+01,1.305360456638E+01,1.640518356966E+01
16,0.3840,1.647974689157E+01,1.219985147144E+01,1.636246173745E+01
16,0.3850,1.634772384750E+01,1.135053345752E+01,1.631996183683E+01
16,0.3860,1.627829530706E+01,1.050561605506E+01,1.627768214295E+01
