Modenumber, Lambda (um), beta  (per um), alpha/2  (per um), k0  (per um); Thickness=0.45263157894736844; um 
0,0.4000,8.792092848978E+01,4.649557127313E+00,1.570796326795E+01
0,0.4010,8.725592784537E+01,4.529847561859E+00,1.566879128972E+01
0,0.4020,8.659421531706E+01,4.410733566383E+00,1.562981419696E+01
0,0.4030,8.593576364486E+01,4.292210707361E+00,1.559103053891E+01
0,0.4040,8.528054625303E+01,4.174274595166E+00,1.555243887916E+01
0,0.4050,8.462854127827E+01,4.056920883525E+00,1.551403779551E+01
0,0.4060,8.397972330314E+01,3.940145268985E+00,1.547582587975E+01
0,0.4070,8.333407052070E+01,3.823943490389E+00,1.543780173754E+01
0,0.4080,8.269155602275E+01,3.708311328355E+00,1.539996398819E+01
0,0.4090,8.205216013124E+01,3.593244604766E+00,1.536231126450E+01
0,0.4100,8.141585675426E+01,3.478739182268E+00,1.532484221263E+01
0,0.4110,8.089301928413E+01,3.392308563657E+00,1.528755549192E+01
0,0.4120,8.037270510488E+01,3.306297511157E+00,1.525044977471E+01
0,0.4130,7.985489141031E+01,3.220702977070E+00,1.521352374620E+01
0,0.4140,7.933956003909E+01,3.135521943148E+00,1.517677610430E+01
0,0.4150,7.882669578523E+01,3.050751420233E+00,1.514020555947E+01
0,0.4160,7.831627873504E+01,2.966388447909E+00,1.510381083457E+01
0,0.4170,7.780828981469E+01,2.882430094157E+00,1.506759066470E+01
0,0.4180,7.730271681865E+01,2.798873455016E+00,1.503154379708E+01
0,0.4190,7.679953720333E+01,2.715715654249E+00,1.499566899088E+01
0,0.4200,7.629873211381E+01,2.632953843009E+00,1.495996501709E+01
0,0.4210,7.586168335695E+01,2.569986959374E+00,1.492443065838E+01
0,0.4220,7.542669116634E+01,2.507318496988E+00,1.488906470896E+01
0,0.4230,7.499373908051E+01,2.444946339389E+00,1.485386597442E+01
0,0.4240,7.456281594542E+01,2.382868390081E+00,1.481883327165E+01
0,0.4250,7.413390496642E+01,2.321082572299E+00,1.478396542866E+01
0,0.4260,7.370699313207E+01,2.259586828779E+00,1.474926128446E+01
0,0.4270,7.328206791056E+01,2.198379121528E+00,1.471471968895E+01
0,0.4280,7.285910940916E+01,2.137457431601E+00,1.468033950276E+01
0,0.4290,7.243811166267E+01,2.076819758877E+00,1.464611959716E+01
0,0.4300,7.201905193120E+01,2.016464121839E+00,1.461205885391E+01
0,0.4310,7.165020947572E+01,1.966593266679E+00,1.457815616515E+01
0,0.4320,7.128306463414E+01,1.916953295107E+00,1.454441043329E+01
0,0.4330,7.091759710324E+01,1.867542607469E+00,1.451082057085E+01
0,0.4340,7.055380506824E+01,1.818359618852E+00,1.447738550041E+01
0,0.4350,7.019167490364E+01,1.769402758918E+00,1.444410415444E+01
0,0.4360,6.983119065184E+01,1.720670471737E+00,1.441097547518E+01
0,0.4370,6.947234652756E+01,1.672161215618E+00,1.437799841460E+01
0,0.4380,6.911512613091E+01,1.623873462951E+00,1.434517193420E+01
0,0.4390,6.875952171256E+01,1.575805700047E+00,1.431249500496E+01
0,0.4400,6.840552299924E+01,1.527956426973E+00,1.427996660723E+01
0,0.4410,6.807600243787E+01,1.495002020225E+00,1.424758573057E+01
0,0.4420,6.774796292488E+01,1.462196728440E+00,1.421535137371E+01
0,0.4430,6.742139280008E+01,1.429539541810E+00,1.418326254442E+01
0,0.4440,6.709628445015E+01,1.397029459624E+00,1.415131825941E+01
0,0.4450,6.677262335440E+01,1.364665490167E+00,1.411951754422E+01
0,0.4460,6.645040346906E+01,1.332446650618E+00,1.408785943314E+01
0,0.4470,6.612961462166E+01,1.300371966950E+00,1.405634296908E+01
0,0.4480,6.581024838565E+01,1.268440473834E+00,1.402496720353E+01
0,0.4490,6.549229041259E+01,1.236651214541E+00,1.399373119639E+01
0,0.4500,6.517573772719E+01,1.205003240845E+00,1.396263401595E+01
0,0.4510,6.488436172040E+01,1.181543941427E+00,1.393167473876E+01
0,0.4520,6.459426420927E+01,1.158188444218E+00,1.390085244951E+01
0,0.4530,6.430544052753E+01,1.134936061787E+00,1.387016624101E+01
0,0.4540,6.401787782163E+01,1.111786112760E+00,1.383961521405E+01
0,0.4550,6.373156970128E+01,1.088737921749E+00,1.380919847732E+01
0,0.4560,6.344650798274E+01,1.065790819296E+00,1.377891514732E+01
0,0.4570,6.316268214330E+01,1.042944141799E+00,1.374876434831E+01
0,0.4580,6.288009004990E+01,1.020197231453E+00,1.371874521218E+01
0,0.4590,6.259871385350E+01,9.975494361844E-01,1.368885687839E+01
0,0.4600,6.231855516481E+01,9.750001095908E-01,1.365909849387E+01
0,0.4610,6.205877084039E+01,9.602165502576E-01,1.362946921297E+01
0,0.4620,6.180010485530E+01,9.454969890168E-01,1.359996819736E+01
0,0.4630,6.154254535380E+01,9.308410111938E-01,1.357059461594E+01
0,0.4640,6.128608840718E+01,9.162482056890E-01,1.354134764478E+01
0,0.4650,6.103072412960E+01,9.017181649391E-01,1.351222646705E+01
0,0.4660,6.077644779797E+01,8.872504848791E-01,1.348323027292E+01
0,0.4670,6.052325272868E+01,8.728447649050E-01,1.345435825949E+01
0,0.4680,6.027112983688E+01,8.585006078367E-01,1.342560963073E+01
0,0.4690,6.002007409476E+01,8.442176198818E-01,1.339698359740E+01
0,0.4700,5.977007889742E+01,8.299954105990E-01,1.336847937698E+01
0,0.4710,5.953722370805E+01,8.187857561508E-01,1.334009619359E+01
0,0.4720,5.930534742843E+01,8.076236002383E-01,1.331183327792E+01
0,0.4730,5.907444443773E+01,7.965086416024E-01,1.328368986719E+01
0,0.4740,5.884450736475E+01,7.854405815261E-01,1.325566520502E+01
0,0.4750,5.861553060617E+01,7.744191238081E-01,1.322775854143E+01
0,0.4760,5.838750872015E+01,7.634439747359E-01,1.319996913273E+01
0,0.4770,5.816043685238E+01,7.525148430602E-01,1.317229624147E+01
0,0.4780,5.793430362272E+01,7.416314399690E-01,1.314473913636E+01
0,0.4790,5.770910793326E+01,7.307934790619E-01,1.311729709223E+01
0,0.4800,5.748484576658E+01,7.200006763252E-01,1.308996938996E+01
0,0.4810,5.727332545460E+01,7.108320372249E-01,1.306275531638E+01
0,0.4820,5.706267591368E+01,7.017014422703E-01,1.303565416427E+01
0,0.4830,5.685289042138E+01,6.926086551623E-01,1.300866523226E+01
0,0.4840,5.664396684748E+01,6.835534415547E-01,1.298178782475E+01
0,0.4850,5.643589538732E+01,6.745355690342E-01,1.295502125192E+01
0,0.4860,5.622867540952E+01,6.655548071001E-01,1.292836482959E+01
0,0.4870,5.602230004211E+01,6.566109271453E-01,1.290181787922E+01
0,0.4880,5.581676205983E+01,6.477037024362E-01,1.287537972783E+01
0,0.4890,5.561205560057E+01,6.388329080940E-01,1.284904970793E+01
0,0.4900,5.540817989907E+01,6.299983210756E-01,1.282282715751E+01
0,0.4910,5.522185945632E+01,6.223603818808E-01,1.279671141992E+01
0,0.4920,5.503628839898E+01,6.147534912194E-01,1.277070184386E+01
0,0.4930,5.485146569532E+01,6.071774601550E-01,1.274479778333E+01
0,0.4940,5.466738418506E+01,5.996321012811E-01,1.271899859753E+01
0,0.4950,5.448404116585E+01,5.921172287057E-01,1.269330365087E+01
0,0.4960,5.430143144472E+01,5.846326580358E-01,1.266771231286E+01
0,0.4970,5.411954974823E+01,5.771782063626E-01,1.264222395811E+01
0,0.4980,5.393839274569E+01,5.697536922463E-01,1.261683796622E+01
0,0.4990,5.375795488135E+01,5.623589357017E-01,1.259155372180E+01
0,0.5000,5.357823633633E+01,5.549937581832E-01,1.256637061436E+01
0,0.5010,5.340301188149E+01,5.478686762100E-01,1.254128803828E+01
0,0.5020,5.322847905969E+01,5.407719810176E-01,1.251630539279E+01
0,0.5030,5.305463614016E+01,5.337035033011E-01,1.249142208187E+01
0,0.5040,5.288147644879E+01,5.266630750993E-01,1.246663751425E+01
0,0.5050,5.270899556701E+01,5.196505297815E-01,1.244195110333E+01
0,0.5060,5.253719325314E+01,5.126657020341E-01,1.241736226715E+01
0,0.5070,5.236606167279E+01,5.057084278479E-01,1.239287042836E+01
0,0.5080,5.219559898668E+01,4.987785445049E-01,1.236847501413E+01
0,0.5090,5.202579925871E+01,4.918758905661E-01,1.234417545615E+01
0,0.5100,5.185666001014E+01,4.850003058583E-01,1.231997119055E+01
0,0.5110,5.169436388141E+01,4.804214475246E-01,1.229586165789E+01
0,0.5120,5.153269595105E+01,4.758604753562E-01,1.227184630309E+01
0,0.5130,5.137165439086E+01,4.713172847558E-01,1.224792457540E+01
0,0.5140,5.121123414039E+01,4.667917719397E-01,1.222409592836E+01
0,0.5150,5.105142949704E+01,4.622838339308E-01,1.220035981977E+01
0,0.5160,5.089224075859E+01,4.577933685497E-01,1.217671571159E+01
0,0.5170,5.073366204454E+01,4.533202744081E-01,1.215316306998E+01
0,0.5180,5.057569043515E+01,4.488644509002E-01,1.212970136521E+01
0,0.5190,5.041832354189E+01,4.444257981958E-01,1.210633007164E+01
0,0.5200,5.026155472646E+01,4.400042172326E-01,1.208304866765E+01
0,0.5210,5.011266689724E+01,4.351714847982E-01,1.205985663566E+01
0,0.5220,4.996434576843E+01,4.303572685800E-01,1.203675346203E+01
0,0.5230,4.981658580965E+01,4.255614623665E-01,1.201373863705E+01
0,0.5240,4.966938487930E+01,4.207839607569E-01,1.199081165492E+01
0,0.5250,4.952274266293E+01,4.160246591534E-01,1.196797201368E+01
0,0.5260,4.937665074083E+01,4.112834537537E-01,1.194521921517E+01
0,0.5270,4.923110809382E+01,4.065602415434E-01,1.192255276505E+01
0,0.5280,4.908611289130E+01,4.018549202884E-01,1.189997217269E+01
0,0.5290,4.894166066750E+01,3.971673885278E-01,1.187747695119E+01
0,0.5300,4.879774739088E+01,3.924975455662E-01,1.185506661732E+01
0,0.5310,4.865794841492E+01,3.884298288572E-01,1.183274069149E+01
0,0.5320,4.851866877524E+01,3.843774043163E-01,1.181049869771E+01
0,0.5330,4.837990845665E+01,3.803401858712E-01,1.178834016356E+01
0,0.5340,4.824166305080E+01,3.763180880945E-01,1.176626462019E+01
0,0.5350,4.810392915541E+01,3.723110261973E-01,1.174427160220E+01
0,0.5360,4.796670609265E+01,3.683189160236E-01,1.172236064772E+01
0,0.5370,4.782998749706E+01,3.643416740442E-01,1.170053129829E+01
0,0.5380,4.769377510057E+01,3.603792173510E-01,1.167878309885E+01
0,0.5390,4.755806130713E+01,3.564314636510E-01,1.165711559774E+01
0,0.5400,4.742284590190E+01,3.524983312611E-01,1.163552834663E+01
0,0.5410,4.729280645121E+01,3.491441805176E-01,1.161402090052E+01
0,0.5420,4.716324260422E+01,3.458024067141E-01,1.159259281767E+01
0,0.5430,4.703415266155E+01,3.424729414697E-01,1.157124365963E+01
0,0.5440,4.690553011014E+01,3.391557169064E-01,1.154997299114E+01
0,0.5450,4.677737814766E+01,3.358506656442E-01,1.152878038015E+01
0,0.5460,4.664969006037E+01,3.325577207969E-01,1.150766539776E+01
0,0.5470,4.652246524102E+01,3.292768159674E-01,1.148662761824E+01
0,0.5480,4.639570114538E+01,3.260078852430E-01,1.146566661894E+01
0,0.5490,4.626939273965E+01,3.227508631916E-01,1.144478198029E+01
0,0.5500,4.614354008961E+01,3.195056848567E-01,1.142397328578E+01
0,0.5510,4.602158911935E+01,3.164057036630E-01,1.140324012192E+01
0,0.5520,4.590007298627E+01,3.133169542852E-01,1.138258207822E+01
0,0.5530,4.577899359724E+01,3.102393757912E-01,1.136199874716E+01
0,0.5540,4.565834916907E+01,3.071729076889E-01,1.134148972415E+01
0,0.5550,4.553813215028E+01,3.041174899221E-01,1.132105460753E+01
0,0.5560,4.541834626085E+01,3.010730628667E-01,1.130069299852E+01
0,0.5570,4.529898512565E+01,2.980395673267E-01,1.128040450122E+01
0,0.5580,4.518004941264E+01,2.950169445307E-01,1.126018872254E+01
0,0.5590,4.506153368775E+01,2.920051361274E-01,1.124004527224E+01
0,0.5600,4.494343748083E+01,2.890040841827E-01,1.121997376282E+01
0,0.5610,4.482801752159E+01,2.866666896486E-01,1.119997380959E+01
0,0.5620,4.471300339539E+01,2.843376132444E-01,1.118004503057E+01
0,0.5630,4.459839441929E+01,2.820168106464E-01,1.116018704650E+01
0,0.5640,4.448418626237E+01,2.797042378447E-01,1.114039948081E+01
0,0.5650,4.437038080487E+01,2.773998511415E-01,1.112068195961E+01
0,0.5660,4.425697361603E+01,2.751036071475E-01,1.110103411162E+01
0,0.5670,4.414396198193E+01,2.728154627795E-01,1.108145556822E+01
0,0.5680,4.403134692900E+01,2.705353752579E-01,1.106194596334E+01
0,0.5690,4.391912167225E+01,2.682633021037E-01,1.104250493353E+01
0,0.5700,4.380728577959E+01,2.659992011361E-01,1.102313211786E+01
0,0.5710,4.369916686414E+01,2.637650381238E-01,1.100382715793E+01
0,0.5720,4.359142234661E+01,2.615386868703E-01,1.098458969787E+01
0,0.5730,4.348405120142E+01,2.593201064764E-01,1.096541938426E+01
0,0.5740,4.337705107742E+01,2.571092563277E-01,1.094631586617E+01
0,0.5750,4.327041973704E+01,2.549060960926E-01,1.092727879509E+01
0,0.5760,4.316415477509E+01,2.527105857194E-01,1.090830782496E+01
0,0.5770,4.305825412312E+01,2.505226854341E-01,1.088940261210E+01
0,0.5780,4.295271505552E+01,2.483423557381E-01,1.087056281519E+01
0,0.5790,4.284753795552E+01,2.461695574055E-01,1.085178809530E+01
0,0.5800,4.274272157009E+01,2.440042514809E-01,1.083307811583E+01
0,0.5810,4.264044269162E+01,2.420237559709E-01,1.081443254248E+01
0,0.5820,4.253851273802E+01,2.400500662874E-01,1.079585104326E+01
0,0.5830,4.243693002798E+01,2.380831474090E-01,1.077733328847E+01
0,0.5840,4.233568944759E+01,2.361229645541E-01,1.075887895065E+01
0,0.5850,4.223479366186E+01,2.341694831791E-01,1.074048770458E+01
0,0.5860,4.213423789365E+01,2.322226689760E-01,1.072215922727E+01
0,0.5870,4.203402189573E+01,2.302824878708E-01,1.070389319792E+01
0,0.5880,4.193414302275E+01,2.283489060209E-01,1.068568929792E+01
0,0.5890,4.183459923940E+01,2.264218898141E-01,1.066754721083E+01
0,0.5900,4.173539155594E+01,2.245014058655E-01,1.064946662234E+01
0,0.5910,4.163866068690E+01,2.229021118543E-01,1.063144722027E+01
0,0.5920,4.154225305233E+01,2.213082208635E-01,1.061348869456E+01
0,0.5930,4.144616797903E+01,2.197197055589E-01,1.059559073723E+01
0,0.5940,4.135040322411E+01,2.181365387908E-01,1.057775304239E+01
0,0.5950,4.125495585008E+01,2.165586935916E-01,1.055997530618E+01
0,0.5960,4.115982902972E+01,2.149861431749E-01,1.054225722681E+01
0,0.5970,4.106501612475E+01,2.134188609339E-01,1.052459850449E+01
0,0.5980,4.097051472505E+01,2.118568204394E-01,1.050699884144E+01
0,0.5990,4.087632841580E+01,2.102999954392E-01,1.048945794187E+01
0,0.6000,4.078245205193E+01,2.087483598555E-01,1.047197551197E+01
0,0.6010,4.068994056945E+01,2.068453875867E-01,1.045455125987E+01
0,0.6020,4.059773355550E+01,2.049487374849E-01,1.043718489565E+01
0,0.6030,4.050582835191E+01,2.030583780965E-01,1.041987613131E+01
0,0.6040,4.041422461703E+01,2.011742781763E-01,1.040262468076E+01
0,0.6050,4.032292157030E+01,1.992964066856E-01,1.038543025980E+01
0,0.6060,4.023191642077E+01,1.974247327905E-01,1.036829258610E+01
0,0.6070,4.014120775637E+01,1.955592258606E-01,1.035121137921E+01
0,0.6080,4.005079272256E+01,1.936998554665E-01,1.033418636049E+01
0,0.6090,3.996067455906E+01,1.918465913792E-01,1.031721725317E+01
0,0.6100,3.987084729659E+01,1.899994035676E-01,1.030030378226E+01
0,0.6110,3.978338784610E+01,1.885788551254E-01,1.028344567460E+01
0,0.6120,3.969621163630E+01,1.871629489983E-01,1.026664265879E+01
0,0.6130,3.960931614466E+01,1.857516624670E-01,1.024989446522E+01
0,0.6140,3.952270405098E+01,1.843449729604E-01,1.023320082603E+01
0,0.6150,3.943636896220E+01,1.829428580537E-01,1.021656147509E+01
0,0.6160,3.935030754661E+01,1.815452954681E-01,1.019997614802E+01
0,0.6170,3.926452671079E+01,1.801522630692E-01,1.018344458214E+01
0,0.6180,3.917901858991E+01,1.787637388658E-01,1.016696651647E+01
0,0.6190,3.909378461491E+01,1.773797010088E-01,1.015054169173E+01
0,0.6200,3.900882403158E+01,1.760001277900E-01,1.013416985029E+01
0,0.6210,3.892515525009E+01,1.747828361126E-01,1.011785073620E+01
0,0.6220,3.884175228763E+01,1.735694585564E-01,1.010158409514E+01
0,0.6230,3.875861353013E+01,1.723599762732E-01,1.008536967445E+01
0,0.6240,3.867573904783E+01,1.711543705359E-01,1.006920722304E+01
0,0.6250,3.859312769397E+01,1.699526227368E-01,1.005309649149E+01
0,0.6260,3.851077605859E+01,1.687547143877E-01,1.003703723192E+01
0,0.6270,3.842868559937E+01,1.675606271177E-01,1.002102919805E+01
0,0.6280,3.834685315698E+01,1.663703426735E-01,1.000507214519E+01
0,0.6290,3.826528022855E+01,1.651838429175E-01,9.989165830174E+00
0,0.6300,3.818396207901E+01,1.640011098274E-01,9.973310011396E+00
0,0.6310,3.810390489209E+01,1.627335037055E-01,9.957504448779E+00
0,0.6320,3.802409726474E+01,1.614699089954E-01,9.941748903765E+00
0,0.6330,3.794454000912E+01,1.602103066856E-01,9.926043139304E+00
0,0.6340,3.786523225828E+01,1.589546778847E-01,9.910386919842E+00
0,0.6350,3.778617045316E+01,1.577030038202E-01,9.894780011306E+00
0,0.6360,3.770735495162E+01,1.564552658376E-01,9.879222181100E+00
0,0.6370,3.762878204389E+01,1.552114453998E-01,9.863713198084E+00
0,0.6380,3.755045588666E+01,1.539715240855E-01,9.848252832570E+00
0,0.6390,3.747237148063E+01,1.527354835892E-01,9.832840856306E+00
0,0.6400,3.739452717389E+01,1.515033057194E-01,9.817477042468E+00
0,0.6410,3.731791613114E+01,1.502857547756E-01,9.802161165647E+00
0,0.6420,3.724153988023E+01,1.490719968254E-01,9.786893001837E+00
0,0.6430,3.716539981884E+01,1.478620141721E-01,9.771672328429E+00
0,0.6440,3.708949276190E+01,1.466557892289E-01,9.756498924192E+00
0,0.6450,3.701381722656E+01,1.454533045181E-01,9.741372569271E+00
0,0.6460,3.693837642313E+01,1.442545426701E-01,9.726293045170E+00
0,0.6470,3.686316341776E+01,1.430594864230E-01,9.711260134744E+00
0,0.6480,3.678818047443E+01,1.418681186210E-01,9.696273622191E+00
0,0.6490,3.671342561377E+01,1.406804222144E-01,9.681333293035E+00
0,0.6500,3.663890068775E+01,1.394963802583E-01,9.666438934122E+00
0,0.6510,3.656557806711E+01,1.383816067262E-01,9.651590333609E+00
0,0.6520,3.649247478227E+01,1.372702527448E-01,9.636787280950E+00
0,0.6530,3.641959589853E+01,1.361623026040E-01,9.622029566891E+00
0,0.6540,3.634693574200E+01,1.350577406900E-01,9.607316983455E+00
0,0.6550,3.627449582733E+01,1.339565514841E-01,9.592649323938E+00
0,0.6560,3.620227355946E+01,1.328587195624E-01,9.578026382896E+00
0,0.6570,3.613026871346E+01,1.317642295948E-01,9.563447956133E+00
0,0.6580,3.605848158667E+01,1.306730663444E-01,9.548913840698E+00
0,0.6590,3.598690858316E+01,1.295852146669E-01,9.534423834870E+00
0,0.6600,3.591555232802E+01,1.285006595096E-01,9.519977738151E+00
0,0.6610,3.584536816546E+01,1.275885851522E-01,9.505575351255E+00
0,0.6620,3.577539431084E+01,1.266792663065E-01,9.491216476102E+00
0,0.6630,3.570562864356E+01,1.257726905041E-01,9.476900915806E+00
0,0.6640,3.563607221415E+01,1.248688453517E-01,9.462628474668E+00
0,0.6650,3.556672333254E+01,1.239677185306E-01,9.448398958165E+00
0,0.6660,3.549758062214E+01,1.230692977960E-01,9.434212172942E+00
0,0.6670,3.542863894596E+01,1.221735709767E-01,9.420067926806E+00
0,0.6680,3.535990512424E+01,1.212805259742E-01,9.405966028712E+00
0,0.6690,3.529137299586E+01,1.203901507625E-01,9.391906288759E+00
0,0.6700,3.522304281664E+01,1.195024333871E-01,9.377888518178E+00
0,0.6710,3.515491595681E+01,1.185396414913E-01,9.363912529329E+00
0,0.6720,3.508698986048E+01,1.175797150475E-01,9.349978135684E+00
0,0.6730,3.501925885156E+01,1.166226412826E-01,9.336085151827E+00
0,0.6740,3.495173084444E+01,1.156684074991E-01,9.322233393442E+00
0,0.6750,3.488439890155E+01,1.147170010751E-01,9.308422677303E+00
0,0.6760,3.481726476610E+01,1.137684094629E-01,9.294652821272E+00
0,0.6770,3.475032539510E+01,1.128226201894E-01,9.280923644283E+00
0,0.6780,3.468358124602E+01,1.118796208547E-01,9.267234966342E+00
0,0.6790,3.461703233455E+01,1.109393991321E-01,9.253586608512E+00
0,0.6800,3.455067776661E+01,1.100019427676E-01,9.239978392911E+00
0,0.6810,3.448544748373E+01,1.091908734748E-01,9.226410142701E+00
0,0.6820,3.442040723993E+01,1.083821826843E-01,9.212881682082E+00
0,0.6830,3.435555474635E+01,1.075758599489E-01,9.199392836281E+00
0,0.6840,3.429089154962E+01,1.067718948823E-01,9.185943431549E+00
0,0.6850,3.422641189915E+01,1.059702771589E-01,9.172533295153E+00
0,0.6860,3.416212027986E+01,1.051709965134E-01,9.159162255364E+00
0,0.6870,3.409801333360E+01,1.043740427403E-01,9.145830141455E+00
0,0.6880,3.403408892045E+01,1.035794056933E-01,9.132536783691E+00
0,0.6890,3.397035011682E+01,1.027870752850E-01,9.119282013323E+00
0,0.6900,3.390679397592E+01,1.019970414865E-01,9.106065662579E+00
0,0.6910,3.384525847318E+01,1.012374822786E-01,9.092887564659E+00
0,0.6920,3.378390004716E+01,1.004801183286E-01,9.079747553728E+00
0,0.6930,3.372271882424E+01,9.972494013304E-02,9.066645464906E+00
0,0.6940,3.366170884869E+01,9.897193824355E-02,9.053581134265E+00
0,0.6950,3.360087212772E+01,9.822110326597E-02,9.040554398820E+00
0,0.6960,3.354021042759E+01,9.747242586017E-02,9.027565096522E+00
0,0.6970,3.347971869799E+01,9.672589673961E-02,9.014613066255E+00
0,0.6980,3.341940084334E+01,9.598150667096E-02,9.001698147822E+00
0,0.6990,3.335925095357E+01,9.523924647376E-02,8.988820181945E+00
0,0.7000,3.329927147248E+01,9.449910701998E-02,8.975979010257E+00
0,0.7010,3.323855595844E+01,9.394213535809E-02,8.963174475292E+00
0,0.7020,3.317800854599E+01,9.338675051004E-02,8.950406420484E+00
0,0.7030,3.311763103998E+01,9.283294570424E-02,8.937674690156E+00
0,0.7040,3.305742512258E+01,9.228071420755E-02,8.924979129516E+00
0,0.7050,3.299738774916E+01,9.173004932503E-02,8.912319584652E+00
0,0.7060,3.293751606821E+01,9.118094439968E-02,8.899695902521E+00
0,0.7070,3.287781458262E+01,9.063339281218E-02,8.887107930947E+00
0,0.7080,3.281827871594E+01,9.008738798057E-02,8.874555518615E+00
0,0.7090,3.275890676506E+01,8.954292336005E-02,8.862038515063E+00
0,0.7100,3.269970160234E+01,8.899999244268E-02,8.849556770675E+00
0,0.7110,3.264245186379E+01,8.849367208440E-02,8.837110136680E+00
0,0.7120,3.258535968796E+01,8.798877397431E-02,8.824698465140E+00
0,0.7130,3.252842950021E+01,8.748529212820E-02,8.812321608948E+00
0,0.7140,3.247165308351E+01,8.698322059539E-02,8.799979421820E+00
0,0.7150,3.241503355759E+01,8.648255345848E-02,8.787671758293E+00
0,0.7160,3.235857125957E+01,8.598328483312E-02,8.775398473715E+00
0,0.7170,3.230226540989E+01,8.548540886780E-02,8.763159424239E+00
0,0.7180,3.224611293198E+01,8.498891974362E-02,8.750954466824E+00
0,0.7190,3.219011721515E+01,8.449381167402E-02,8.738783459221E+00
0,0.7200,3.213427203153E+01,8.400007890461E-02,8.726646259972E+00
0,0.7210,3.207858282423E+01,8.329133361698E-02,8.714542728404E+00
0,0.7220,3.202304455309E+01,8.258455161270E-02,8.702472724625E+00
0,0.7230,3.196765786925E+01,8.187972474535E-02,8.690436109515E+00
0,0.7240,3.191242248053E+01,8.117684491356E-02,8.678432744723E+00
0,0.7250,3.185733863608E+01,8.047590406061E-02,8.666462492661E+00
0,0.7260,3.180240290766E+01,7.977689417419E-02,8.654525216501E+00
0,0.7270,3.174761684125E+01,7.907980728609E-02,8.642620780164E+00
0,0.7280,3.169298082018E+01,7.838463547186E-02,8.630749048324E+00
0,0.7290,3.163849177072E+01,7.769137085053E-02,8.618909886392E+00
0,0.7300,3.158414837162E+01,7.700000558433E-02,8.607103160520E+00
0,0.7310,3.153082575376E+01,7.639261726781E-02,8.595328737592E+00
0,0.7320,3.147764715578E+01,7.578688848221E-02,8.583586485218E+00
0,0.7330,3.142461125570E+01,7.518281243545E-02,8.571876271732E+00
0,0.7340,3.137171797508E+01,7.458038237247E-02,8.560197966185E+00
0,0.7350,3.131896582833E+01,7.397959157496E-02,8.548551438340E+00
0,0.7360,3.126635633355E+01,7.338043336115E-02,8.536936558668E+00
0,0.7370,3.121388865835E+01,7.278290108550E-02,8.525353198344E+00
0,0.7380,3.116156024654E+01,7.218698813851E-02,8.513801229241E+00
0,0.7390,3.110937138973E+01,7.159268794645E-02,8.502280523924E+00
0,0.7400,3.105732159829E+01,7.099999397113E-02,8.490790955648E+00
0,0.7410,3.100541278978E+01,7.044332579918E-02,8.479332398353E+00
0,0.7420,3.095364003351E+01,6.988815808052E-02,8.467904726657E+00
0,0.7430,3.090200590870E+01,6.933448475680E-02,8.456507815854E+00
0,0.7440,3.085050664384E+01,6.878229980222E-02,8.445141541908E+00
0,0.7450,3.079914791016E+01,6.823159722337E-02,8.433805781449E+00
0,0.7460,3.074792177335E+01,6.768237105893E-02,8.422500411769E+00
0,0.7470,3.069683397282E+01,6.713461537954E-02,8.411225310816E+00
0,0.7480,3.064587886093E+01,6.658832428753E-02,8.399980357192E+00
0,0.7490,3.059505786584E+01,6.604349191673E-02,8.388765430146E+00
0,0.7500,3.054437069572E+01,6.550011243224E-02,8.377580409573E+00
0,0.7510,3.049466622545E+01,6.489292191390E-02,8.366425176005E+00
0,0.7520,3.044509255742E+01,6.428734626396E-02,8.355299610611E+00
0,0.7530,3.039564813358E+01,6.368337904869E-02,8.344203595192E+00
0,0.7540,3.034633346304E+01,6.308101386846E-02,8.333137012175E+00
0,0.7550,3.029714885457E+01,6.248024435759E-02,8.322099744609E+00
0,0.7560,3.024809147040E+01,6.188106418404E-02,8.311091676163E+00
0,0.7570,3.019916316095E+01,6.128346704927E-02,8.300112691122E+00
0,0.7580,3.015036069929E+01,6.068744668793E-02,8.289162674379E+00
0,0.7590,3.010168620826E+01,6.009299686774E-02,8.278241511436E+00
0,0.7600,3.005313847699E+01,5.950011138917E-02,8.267349088394E+00
0,0.7610,3.000471664024E+01,5.904476839808E-02,8.256485291957E+00
0,0.7620,2.995641931799E+01,5.859062053295E-02,8.245650009422E+00
0,0.7630,2.990824797487E+01,5.813766309473E-02,8.234843128676E+00
0,0.7640,2.986019998005E+01,5.768589140896E-02,8.224064538193E+00
0,0.7650,2.981227622961E+01,5.723530082564E-02,8.213314127032E+00
0,0.7660,2.976447690270E+01,5.678588671903E-02,8.202591784830E+00
0,0.7670,2.971679978598E+01,5.633764448755E-02,8.191897401799E+00
0,0.7680,2.966924629544E+01,5.589056955354E-02,8.181230868723E+00
0,0.7690,2.962181436132E+01,5.544465736318E-02,8.170592076957E+00
0,0.7700,2.957450430965E+01,5.499990338630E-02,8.159980918415E+00
0,0.7710,2.952814091084E+01,5.464586499241E-02,8.149397285577E+00
0,0.7720,2.948189833785E+01,5.429274379642E-02,8.138841071476E+00
0,0.7730,2.943577240059E+01,5.394053623872E-02,8.128312169702E+00
0,0.7740,2.938976551323E+01,5.358923877807E-02,8.117810474392E+00
0,0.7750,2.934387242076E+01,5.323884789151E-02,8.107335880232E+00
0,0.7760,2.929810044530E+01,5.288936007425E-02,8.096888282448E+00
0,0.7770,2.925244227893E+01,5.254077183952E-02,8.086467576808E+00
0,0.7780,2.920690169639E+01,5.219307971851E-02,8.076073659614E+00
0,0.7790,2.916147493977E+01,5.184628026020E-02,8.065706427702E+00
0,0.7800,2.911616256458E+01,5.150037003127E-02,8.055365778435E+00
0,0.7810,2.907096555685E+01,5.098446871980E-02,8.045051609705E+00
0,0.7820,2.902588456505E+01,5.046988684902E-02,8.034763819923E+00
0,0.7830,2.898091476011E+01,4.995661936360E-02,8.024502308020E+00
0,0.7840,2.893605827992E+01,4.944466123402E-02,8.014266973443E+00
0,0.7850,2.889131571001E+01,4.893400745635E-02,8.004057716152E+00
0,0.7860,2.884668483704E+01,4.842465305217E-02,7.993874436615E+00
0,0.7870,2.880216580218E+01,4.791659306833E-02,7.983717035806E+00
0,0.7880,2.875775975153E+01,4.740982257684E-02,7.973585415203E+00
0,0.7890,2.871346315248E+01,4.690433667467E-02,7.963479476780E+00
0,0.7900,2.866927707180E+01,4.640013048365E-02,7.953399123012E+00
0,0.7910,2.862520125841E+01,4.600570523281E-02,7.943344256864E+00
0,0.7920,2.858123614723E+01,4.561227600532E-02,7.933314781792E+00
0,0.7930,2.853737942814E+01,4.521983903314E-02,7.923310601740E+00
0,0.7940,2.849363212488E+01,4.482839056719E-02,7.913331621133E+00
0,0.7950,2.844999451738E+01,4.443792687725E-02,7.903377744880E+00
0,0.7960,2.840646406235E+01,4.404844425186E-02,7.893448878366E+00
0,0.7970,2.836304247111E+01,4.365993899817E-02,7.883544927452E+00
0,0.7980,2.831972574481E+01,4.327240744187E-02,7.873665798471E+00
0,0.7990,2.827651723530E+01,4.288584592700E-02,7.863811398222E+00
0,0.8000,2.823341618790E+01,4.250025081593E-02,7.853981633974E+00
0,0.8010,2.819121754380E+01,4.212103097087E-02,7.844176413458E+00
0,0.8020,2.814912239289E+01,4.174275681122E-02,7.834395644862E+00
0,0.8030,2.810713106541E+01,4.136542480389E-02,7.824639236836E+00
0,0.8040,2.806524319324E+01,4.098903143340E-02,7.814907098482E+00
0,0.8050,2.802345632643E+01,4.061357320171E-02,7.805199139354E+00
0,0.8060,2.798177450309E+01,4.023904662817E-02,7.795515269454E+00
0,0.8070,2.794019284442E+01,3.986544824936E-02,7.785855399231E+00
0,0.8080,2.789871404491E+01,3.949277461901E-02,7.776219439579E+00
0,0.8090,2.785733634402E+01,3.912102230790E-02,7.766607301829E+00
0,0.8100,2.781605776860E+01,3.875018790372E-02,7.757018897753E+00
0,0.8110,2.777487943072E+01,3.840637693148E-02,7.747454139556E+00
0,0.8120,2.773380333830E+01,3.806341278429E-02,7.737912939876E+00
0,0.8130,2.769282557670E+01,3.772129233734E-02,7.728395211783E+00
0,0.8140,2.765194733226E+01,3.738001248116E-02,7.718900868771E+00
0,0.8150,2.761116746538E+01,3.703957012157E-02,7.709429824760E+00
0,0.8160,2.757048790177E+01,3.669996217952E-02,7.699981994093E+00
0,0.8170,2.752990449110E+01,3.636118559107E-02,7.690557291529E+00
0,0.8180,2.748942123706E+01,3.602323730723E-02,7.681155632249E+00
0,0.8190,2.744903365184E+01,3.568611429393E-02,7.671776931843E+00
0,0.8200,2.740874275047E+01,3.534981353188E-02,7.662421106317E+00
0,0.8210,2.736854877786E+01,3.504655151729E-02,7.653088072082E+00
0,0.8220,2.732845425095E+01,3.474402736649E-02,7.643777745961E+00
0,0.8230,2.728845121359E+01,3.444223838981E-02,7.634490045176E+00
0,0.8240,2.724854780949E+01,3.414118191064E-02,7.625224887354E+00
0,0.8250,2.720873851995E+01,3.384085526536E-02,7.615982190521E+00
0,0.8260,2.716902356937E+01,3.354125580324E-02,7.606761873099E+00
0,0.8270,2.712940376689E+01,3.324238088638E-02,7.597563853905E+00
0,0.8280,2.708987814927E+01,3.294422788960E-02,7.588388052149E+00
0,0.8290,2.705044523434E+01,3.264679420042E-02,7.579234387430E+00
0,0.8300,2.701110879058E+01,3.235007721892E-02,7.570102779734E+00
0,0.8310,2.697186473043E+01,3.206201340052E-02,7.560993149434E+00
0,0.8320,2.693271291170E+01,3.177464204322E-02,7.551905417283E+00
0,0.8330,2.689365522221E+01,3.148796065316E-02,7.542839504417E+00
0,0.8340,2.685468796027E+01,3.120196674846E-02,7.533795332350E+00
0,0.8350,2.681581541388E+01,3.091665785909E-02,7.524772822970E+00
0,0.8360,2.677703219423E+01,3.063203152688E-02,7.515771898540E+00
0,0.8370,2.673834072391E+01,3.034808530538E-02,7.506792481696E+00
0,0.8380,2.669974120191E+01,3.006481675982E-02,7.497834495441E+00
0,0.8390,2.666123153468E+01,2.978222346705E-02,7.488897863146E+00
0,0.8400,2.662281323913E+01,2.950030301546E-02,7.479982508547E+00
0,0.8410,2.658524321332E+01,2.921725994369E-02,7.471088355743E+00
0,0.8420,2.654776236180E+01,2.893488918325E-02,7.462215329192E+00
0,0.8430,2.651036897240E+01,2.865318834158E-02,7.453363353712E+00
0,0.8440,2.647306320213E+01,2.837215503745E-02,7.444532354478E+00
0,0.8450,2.643584523972E+01,2.809178690090E-02,7.435722257017E+00
0,0.8460,2.639871375478E+01,2.781208157318E-02,7.426932987210E+00
0,0.8470,2.636166737332E+01,2.753303670669E-02,7.418164471286E+00
0,0.8480,2.632470700483E+01,2.725464996489E-02,7.409416635825E+00
0,0.8490,2.628783502210E+01,2.697691902224E-02,7.400689407750E+00
0,0.8500,2.625104560045E+01,2.669984156416E-02,7.391982714329E+00
0,0.8510,2.621434250951E+01,2.642193862764E-02,7.383296483172E+00
0,0.8520,2.617772582805E+01,2.614468804544E-02,7.374630642230E+00
0,0.8530,2.614119335811E+01,2.586808752323E-02,7.365985119788E+00
0,0.8540,2.610474485545E+01,2.559213477741E-02,7.357359844473E+00
0,0.8550,2.606837870425E+01,2.531682753509E-02,7.348754745239E+00
0,0.8560,2.603209711149E+01,2.504216353399E-02,7.340169751378E+00
0,0.8570,2.599590026557E+01,2.476814052239E-02,7.331604792508E+00
0,0.8580,2.595978548583E+01,2.449475625907E-02,7.323059798578E+00
0,0.8590,2.592375423452E+01,2.422200851324E-02,7.314534699860E+00
0,0.8600,2.588780479945E+01,2.394989506449E-02,7.306029426953E+00
0,0.8610,2.585268128192E+01,2.370738495207E-02,7.297543910778E+00
0,0.8620,2.581763823881E+01,2.346543750811E-02,7.289078082575E+00
0,0.8630,2.578267456226E+01,2.322405077666E-02,7.280631873904E+00
0,0.8640,2.574779183554E+01,2.298322281078E-02,7.272205216643E+00
0,0.8650,2.571298763083E+01,2.274295167258E-02,7.263798042982E+00
0,0.8660,2.567826204501E+01,2.250323543307E-02,7.255410285427E+00
0,0.8670,2.564361656565E+01,2.226407217221E-02,7.247041876793E+00
0,0.8680,2.560904965490E+01,2.202545997876E-02,7.238692750207E+00
0,0.8690,2.557456050303E+01,2.178739695032E-02,7.230362839102E+00
0,0.8700,2.554015155076E+01,2.154988119321E-02,7.222052077218E+00
0,0.8710,2.550508448138E+01,2.130742836455E-02,7.213760398599E+00
0,0.8720,2.547009625218E+01,2.106553162036E-02,7.205487737591E+00
0,0.8730,2.543518617021E+01,2.082418904969E-02,7.197234028843E+00
0,0.8740,2.540035602869E+01,2.058339875036E-02,7.188999207299E+00
0,0.8750,2.536560517321E+01,2.034315882885E-02,7.180783208205E+00
0,0.8760,2.533093041780E+01,2.010346740031E-02,7.172585967100E+00
0,0.8770,2.529633494153E+01,1.986432258848E-02,7.164407419817E+00
0,0.8780,2.526181786520E+01,1.962572252566E-02,7.156247502482E+00
0,0.8790,2.522737716677E+01,1.938766535262E-02,7.148106151513E+00
0,0.8800,2.519301359918E+01,1.915014921862E-02,7.139983303613E+00
0,0.8810,2.515945294744E+01,1.894811848788E-02,7.131878895777E+00
0,0.8820,2.512596781228E+01,1.874654587671E-02,7.123792865283E+00
0,0.8830,2.509255728518E+01,1.854542982864E-02,7.115725149694E+00
0,0.8840,2.505922087119E+01,1.834476879426E-02,7.107675686855E+00
0,0.8850,2.502595944986E+01,1.814456123114E-02,7.099644414892E+00
0,0.8860,2.499277241566E+01,1.794480560383E-02,7.091631272212E+00
0,0.8870,2.495965716851E+01,1.774550038380E-02,7.083636197497E+00
0,0.8880,2.492661742415E+01,1.754664404939E-02,7.075659129707E+00
0,0.8890,2.489365008805E+01,1.734823508582E-02,7.067700008076E+00
0,0.8900,2.486075645974E+01,1.715027198509E-02,7.059758772112E+00
0,0.8910,2.482793474419E+01,1.694824007135E-02,7.051835361593E+00
0,0.8920,2.479518495793E+01,1.674666114395E-02,7.043929716569E+00
0,0.8930,2.476250917481E+01,1.654553368113E-02,7.036041777357E+00
0,0.8940,2.472990468450E+01,1.634485616788E-02,7.028171484541E+00
0,0.8950,2.469737197750E+01,1.614462709600E-02,7.020318778972E+00
0,0.8960,2.466491020148E+01,1.594484496402E-02,7.012483601763E+00
0,0.8970,2.463252076143E+01,1.574550827714E-02,7.004665894292E+00
0,0.8980,2.460020188745E+01,1.554661554725E-02,6.996865598196E+00
0,0.8990,2.456795253786E+01,1.534816529285E-02,6.989082655372E+00
0,0.9000,2.453577607384E+01,1.515015603901E-02,6.981317007977E+00
0,0.9010,2.450366888055E+01,1.498856993134E-02,6.973568598424E+00
0,0.9020,2.447163180957E+01,1.482734210771E-02,6.965837369379E+00
0,0.9030,2.443966398263E+01,1.466647137783E-02,6.958123263765E+00
0,0.9040,2.440776723357E+01,1.450595655664E-02,6.950426224756E+00
0,0.9050,2.437593846863E+01,1.434579646434E-02,6.942746195779E+00
0,0.9060,2.434418020656E+01,1.418598992632E-02,6.935083120507E+00
0,0.9070,2.431249212492E+01,1.402653577318E-02,6.927436942866E+00
0,0.9080,2.428087106531E+01,1.386743284063E-02,6.919807607026E+00
0,0.9090,2.424931724560E+01,1.370867996955E-02,6.912195057403E+00
0,0.9100,2.421783251556E+01,1.355027600587E-02,6.904599238659E+00
0,0.9110,2.418641799677E+01,1.339373714504E-02,6.897020095697E+00
0,0.9120,2.415506878166E+01,1.323754157119E-02,6.889457573662E+00
0,0.9130,2.412378813711E+01,1.308168815631E-02,6.881911617940E+00
0,0.9140,2.409257709622E+01,1.292617577735E-02,6.874382174157E+00
0,0.9150,2.406142873546E+01,1.277100331617E-02,6.866869188174E+00
0,0.9160,2.403035094206E+01,1.261616965948E-02,6.859372606091E+00
0,0.9170,2.399933824136E+01,1.246167369888E-02,6.851892374242E+00
0,0.9180,2.396839290037E+01,1.230751433079E-02,6.844428439193E+00
0,0.9190,2.393751305193E+01,1.215369045643E-02,6.836980747747E+00
0,0.9200,2.390670130670E+01,1.200020098179E-02,6.829549246934E+00
0,0.9210,2.387664916838E+01,1.184363375069E-02,6.822133884017E+00
0,0.9220,2.384666187916E+01,1.168740614481E-02,6.814734606485E+00
0,0.9230,2.381673872447E+01,1.153151706030E-02,6.807351362058E+00
0,0.9240,2.378687759095E+01,1.137596539804E-02,6.799984098679E+00
0,0.9250,2.375708276812E+01,1.122075006371E-02,6.792632764518E+00
0,0.9260,2.372735008988E+01,1.106586996767E-02,6.785297307969E+00
0,0.9270,2.369767991327E+01,1.091132402503E-02,6.777977677648E+00
0,0.9280,2.366807509274E+01,1.075711115554E-02,6.770673822392E+00
0,0.9290,2.363853110292E+01,1.060323028361E-02,6.763385691259E+00
0,0.9300,2.360904968736E+01,1.044968033830E-02,6.756113233526E+00
0,0.9310,2.357894201516E+01,1.031846152508E-02,6.748856398689E+00
0,0.9320,2.354890020297E+01,1.018752429731E-02,6.741615136459E+00
0,0.9330,2.351892022173E+01,1.005686774955E-02,6.734389396763E+00
0,0.9340,2.348900261237E+01,9.926490980266E-03,6.727179129743E+00
0,0.9350,2.345914853221E+01,9.796393091771E-03,6.719984285754E+00
0,0.9360,2.342935826895E+01,9.666573190219E-03,6.712804815363E+00
0,0.9370,2.339962838980E+01,9.537030385574E-03,6.705640669349E+00
0,0.9380,2.336996389272E+01,9.407763791601E-03,6.698491798699E+00
0,0.9390,2.334035979327E+01,9.278772525836E-03,6.691358154611E+00
0,0.9400,2.331081750653E+01,9.150055709572E-03,6.684239688489E+00
0,0.9410,2.328201951539E+01,9.013733446944E-03,6.677136351944E+00
0,0.9420,2.325327993062E+01,8.877700615870E-03,6.670048096794E+00
0,0.9430,2.322460082965E+01,8.741956295573E-03,6.662974875058E+00
0,0.9440,2.319598313017E+01,8.606499569175E-03,6.655916638961E+00
0,0.9450,2.316742470774E+01,8.471329523680E-03,6.648873340931E+00
0,0.9460,2.313892452746E+01,8.336445249951E-03,6.641844933594E+00
0,0.9470,2.311048437099E+01,8.201845842692E-03,6.634831369778E+00
0,0.9480,2.308210390671E+01,8.067530400427E-03,6.627832602510E+00
0,0.9490,2.305378160345E+01,7.933498025480E-03,6.620848585015E+00
0,0.9500,2.302551850219E+01,7.799747823955E-03,6.613879270715E+00
0,0.9510,2.299731393523E+01,7.688742449398E-03,6.606924613228E+00
0,0.9520,2.296916663040E+01,7.577970279409E-03,6.599984566365E+00
0,0.9530,2.294107723757E+01,7.467430579872E-03,6.593059084134E+00
0,0.9540,2.291304819942E+01,7.357122619746E-03,6.586148120733E+00
0,0.9550,2.288507560214E+01,7.247045671056E-03,6.579251630555E+00
0,0.9560,2.285716015426E+01,7.137199008869E-03,6.572369568179E+00
0,0.9570,2.282930309172E+01,7.027581911284E-03,6.565501888380E+00
0,0.9580,2.280150235661E+01,6.918193659415E-03,6.558648546116E+00
0,0.9590,2.277375850819E+01,6.809033537372E-03,6.551809496538E+00
0,0.9600,2.274607174037E+01,6.700100832250E-03,6.544984694979E+00
0,0.9610,2.271844337437E+01,6.594108176361E-03,6.538174096961E+00
0,0.9620,2.269087019025E+01,6.488335879423E-03,6.531377658191E+00
0,0.9630,2.266335182352E+01,6.382783254962E-03,6.524595334558E+00
0,0.9640,2.263589383304E+01,6.277449619347E-03,6.517827082136E+00
0,0.9650,2.260848710594E+01,6.172334291786E-03,6.511072857181E+00
0,0.9660,2.258113844998E+01,6.067436594303E-03,6.504332616128E+00
0,0.9670,2.255384695817E+01,5.962755851726E-03,6.497606315594E+00
0,0.9680,2.252660897086E+01,5.858291391675E-03,6.490893912376E+00
0,0.9690,2.249942637675E+01,5.754042544545E-03,6.484195363446E+00
0,0.9700,2.247229903015E+01,5.650008643492E-03,6.477510625958E+00
0,0.9710,2.244522836198E+01,5.564216783703E-03,6.470839657240E+00
0,0.9720,2.241821052946E+01,5.478601450375E-03,6.464182414794E+00
0,0.9730,2.239124840587E+01,5.393162099232E-03,6.457538856300E+00
0,0.9740,2.236434032046E+01,5.307898188236E-03,6.450908939609E+00
0,0.9750,2.233748572062E+01,5.222809177569E-03,6.444292622748E+00
0,0.9760,2.231068630362E+01,5.137894529630E-03,6.437689863914E+00
0,0.9770,2.228394100159E+01,5.053153709015E-03,6.431100621473E+00
0,0.9780,2.225724932669E+01,4.968586182511E-03,6.424524853967E+00
0,0.9790,2.223061194551E+01,4.884191419085E-03,6.417962520102E+00
0,0.9800,2.220402646454E+01,4.799968889870E-03,6.411413578755E+00
0,0.9810,2.217749609781E+01,4.714195155978E-03,6.404877988970E+00
0,0.9820,2.215101833716E+01,4.628596114007E-03,6.398355709959E+00
0,0.9830,2.212459281982E+01,4.543171230820E-03,6.391846701098E+00
0,0.9840,2.209822209842E+01,4.457919975444E-03,6.385350921930E+00
0,0.9850,2.207190313551E+01,4.372841819064E-03,6.378868332162E+00
0,0.9860,2.204563494383E+01,4.287936235009E-03,6.372398891663E+00
0,0.9870,2.201942060515E+01,4.203202698743E-03,6.365942560466E+00
0,0.9880,2.199325836779E+01,4.118640687855E-03,6.359499298765E+00
0,0.9890,2.196714857100E+01,4.034249682044E-03,6.353069066916E+00
0,0.9900,2.194108914116E+01,3.950029163114E-03,6.346651825434E+00
0,0.9910,2.191573031257E+01,3.874347741704E-03,6.340247534995E+00
0,0.9920,2.189042290477E+01,3.798818903806E-03,6.333856156431E+00
0,0.9930,2.186516443777E+01,3.723442188441E-03,6.327477650735E+00
0,0.9940,2.183995768668E+01,3.648217136487E-03,6.321111979054E+00
0,0.9950,2.181480002956E+01,3.573143290668E-03,6.314759102693E+00
0,0.9960,2.178969079589E+01,3.498220195543E-03,6.308418983112E+00
0,0.9970,2.176463358736E+01,3.423447397500E-03,6.302091581925E+00
0,0.9980,2.173962285386E+01,3.348824444743E-03,6.295776860901E+00
0,0.9990,2.171466272079E+01,3.274350887287E-03,6.289474781962E+00
0,1.0000,2.168975092937E+01,3.200026276947E-03,6.283185307180E+00
0,1.0010,2.166424776354E+01,3.134945407595E-03,6.276908398781E+00
0,1.0020,2.163879416860E+01,3.069994440179E-03,6.270644019141E+00
0,1.0030,2.161339236637E+01,3.005172986158E-03,6.264392130787E+00
0,1.0040,2.158803712160E+01,2.940480658538E-03,6.258152696394E+00
0,1.0050,2.156273277124E+01,2.875917071870E-03,6.251925678786E+00
0,1.0060,2.153747739188E+01,2.811481842232E-03,6.245711040934E+00
0,1.0070,2.151227212363E+01,2.747174587232E-03,6.239508745958E+00
0,1.0080,2.148711507941E+01,2.682994925991E-03,6.233318757123E+00
0,1.0090,2.146200823700E+01,2.618942479143E-03,6.227141037839E+00
0,1.0100,2.143694902640E+01,2.555016868823E-03,6.220975551663E+00
0,1.0110,2.141257640330E+01,2.498513919999E-03,6.214822262294E+00
0,1.0120,2.138824911981E+01,2.442122637081E-03,6.208681133577E+00
0,1.0130,2.136397031818E+01,2.385842689371E-03,6.202552129496E+00
0,1.0140,2.133973887967E+01,2.329673747476E-03,6.196435214181E+00
0,1.0150,2.131555314218E+01,2.273615483298E-03,6.190330351901E+00
0,1.0160,2.129141403294E+01,2.217667570034E-03,6.184237507067E+00
0,1.0170,2.126732403739E+01,2.161829682165E-03,6.178156644228E+00
0,1.0180,2.124327724033E+01,2.106101495451E-03,6.172087728074E+00
0,1.0190,2.121928010747E+01,2.050482686924E-03,6.166030723434E+00
0,1.0200,2.119532694196E+01,1.994972934885E-03,6.159985595274E+00
0,1.0210,2.117142076849E+01,1.946045876722E-03,6.153952308697E+00
0,1.0220,2.114756192260E+01,1.897214566227E-03,6.147930828943E+00
0,1.0230,2.112374645966E+01,1.848478722614E-03,6.141921121388E+00
0,1.0240,2.109997801309E+01,1.799838066196E-03,6.135923151543E+00
0,1.0250,2.107625527075E+01,1.751292318375E-03,6.129936885053E+00
0,1.0260,2.105257958550E+01,1.702841201642E-03,6.123962287699E+00
0,1.0270,2.102894583734E+01,1.654484439567E-03,6.117999325394E+00
0,1.0280,2.100535942613E+01,1.606221756795E-03,6.112047964182E+00
0,1.0290,2.098181918830E+01,1.558052879044E-03,6.106108170243E+00
0,1.0300,2.095832158707E+01,1.509977533093E-03,6.100179909883E+00
0,1.0310,2.093487059624E+01,1.471648759615E-03,6.094263149544E+00
0,1.0320,2.091146292325E+01,1.433394266705E-03,6.088357855794E+00
0,1.0330,2.088810137963E+01,1.395213838642E-03,6.082463995334E+00
0,1.0340,2.086478231544E+01,1.357107260535E-03,6.076581534990E+00
0,1.0350,2.084150917098E+01,1.319074318329E-03,6.070710441719E+00
0,1.0360,2.081827991010E+01,1.281114798791E-03,6.064850682606E+00
0,1.0370,2.079509419047E+01,1.243228489512E-03,6.059002224860E+00
0,1.0380,2.077195330302E+01,1.205415178903E-03,6.053165035818E+00
0,1.0390,2.074885510571E+01,1.167674656187E-03,6.047339082945E+00
0,1.0400,2.072580121013E+01,1.130006711399E-03,6.041524333827E+00
0,1.0410,2.070279133749E+01,1.098235605911E-03,6.035720756176E+00
0,1.0420,2.067982483433E+01,1.066525481431E-03,6.029928317831E+00
0,1.0430,2.065689961233E+01,1.034876162560E-03,6.024146986749E+00
0,1.0440,2.063401929211E+01,1.003287474567E-03,6.018376731015E+00
0,1.0450,2.061118202631E+01,9.717592433936E-04,6.012617518832E+00
0,1.0460,2.058838830747E+01,9.402912956450E-04,6.006869318527E+00
0,1.0470,2.056563566021E+01,9.088834585892E-04,6.001132098548E+00
0,1.0480,2.054292664822E+01,8.775355601539E-04,5.995405827461E+00
0,1.0490,2.052026197428E+01,8.462474289223E-04,5.989690473956E+00
0,1.0500,2.049763806797E+01,8.150188941313E-04,5.983986006838E+00
0,1.0510,2.047505615239E+01,7.887944313071E-04,5.978292395033E+00
0,1.0520,2.045251652840E+01,7.626198248760E-04,5.972609607585E+00
0,1.0530,2.043002097913E+01,7.364949327972E-04,5.966937613656E+00
0,1.0540,2.040756420417E+01,7.104196135686E-04,5.961276382523E+00
0,1.0550,2.038515271973E+01,6.843937262248E-04,5.955625883583E+00
0,1.0560,2.036277958607E+01,6.584171303343E-04,5.949986086344E+00
0,1.0570,2.034045064968E+01,6.324896859971E-04,5.944356960435E+00
0,1.0580,2.031816173031E+01,6.066112538419E-04,5.938738475595E+00
0,1.0590,2.029591438820E+01,5.807816950242E-04,5.933130601680E+00
0,1.0600,2.027370874088E+01,5.550008712231E-04,5.927533308660E+00
0,1.0610,2.025154437004E+01,5.393691167034E-04,5.921946566616E+00
0,1.0620,2.022942105867E+01,5.237668005161E-04,5.916370345743E+00
0,1.0630,2.020733835395E+01,5.081938395803E-04,5.910804616350E+00
0,1.0640,2.018529649232E+01,4.926501511275E-04,5.905249348853E+00
0,1.0650,2.016329554586E+01,4.771356527000E-04,5.899704513784E+00
0,1.0660,2.014133459884E+01,4.616502621494E-04,5.894170081782E+00
0,1.0670,2.011941386016E+01,4.461938976355E-04,5.888646023598E+00
0,1.0680,2.009753576823E+01,4.307664776244E-04,5.883132310093E+00
0,1.0690,2.007569607524E+01,4.153679208874E-04,5.877628912235E+00
0,1.0700,2.005389663572E+01,3.999981464995E-04,5.872135801102E+00
0,1.0710,2.003213802431E+01,3.909226591861E-04,5.866652947880E+00
0,1.0720,2.001041823347E+01,3.818641037520E-04,5.861180323862E+00
0,1.0730,1.998873879973E+01,3.728224328574E-04,5.855717900447E+00
0,1.0740,1.996709908768E+01,3.637975993388E-04,5.850265649143E+00
0,1.0750,1.994549866496E+01,3.547895562081E-04,5.844823541562E+00
0,1.0760,1.992393780366E+01,3.457982566521E-04,5.839391549423E+00
0,1.0770,1.990241622363E+01,3.368236540311E-04,5.833969644549E+00
0,1.0780,1.988093376082E+01,3.278657018788E-04,5.828557798868E+00
0,1.0790,1.985949074690E+01,3.189243539010E-04,5.823155984411E+00
0,1.0800,1.983808746073E+01,3.099995639751E-04,5.817764173314E+00
0,1.0810,1.981731750844E+01,3.024374338983E-04,5.812382337816E+00
0,1.0820,1.979658666039E+01,2.948892818808E-04,5.807010450258E+00
0,1.0830,1.977589354838E+01,2.873550692023E-04,5.801648483084E+00
0,1.0840,1.975523686566E+01,2.798347572851E-04,5.796296408837E+00
0,1.0850,1.973461725258E+01,2.723283076941E-04,5.790954200166E+00
0,1.0860,1.971403577492E+01,2.648356821354E-04,5.785621829815E+00
0,1.0870,1.969349113374E+01,2.573568424564E-04,5.780299270634E+00
0,1.0880,1.967298396190E+01,2.498917506444E-04,5.774986495569E+00
0,1.0890,1.965251436768E+01,2.424403688265E-04,5.769683477667E+00
0,1.0900,1.963208217691E+01,2.350026592689E-04,5.764390190073E+00
0,1.0910,1.961109679396E+01,2.289527072121E-04,5.759106606031E+00
0,1.0920,1.959014618901E+01,2.229138356536E-04,5.753832698882E+00
0,1.0930,1.956923536992E+01,2.168860141802E-04,5.748568442067E+00
0,1.0940,1.954836247106E+01,2.108692124902E-04,5.743313809122E+00
0,1.0950,1.952752620381E+01,2.048634003923E-04,5.738068773680E+00
0,1.0960,1.950672781531E+01,1.988685478055E-04,5.732833309470E+00
0,1.0970,1.948596654690E+01,1.928846247586E-04,5.727607390319E+00
0,1.0980,1.946524158958E+01,1.869116013893E-04,5.722390990145E+00
0,1.0990,1.944455437461E+01,1.809494479443E-04,5.717184082966E+00
0,0.4000,8.789562686937E+01,4.649557127313E+00,1.570796326795E+01
0,0.4010,8.723026007397E+01,4.529847561859E+00,1.566879128972E+01
0,0.4020,8.656817092023E+01,4.410733566383E+00,1.562981419696E+01
0,0.4030,8.590933512891E+01,4.292210707361E+00,1.559103053891E+01
0,0.4040,8.525372929579E+01,4.174274595166E+00,1.555243887916E+01
0,0.4050,8.460133116754E+01,4.056920883525E+00,1.551403779551E+01
0,0.4060,8.395210854134E+01,3.940145268985E+00,1.547582587975E+01
0,0.4070,8.330604636719E+01,3.823943490389E+00,1.543780173754E+01
0,0.4080,8.266311611163E+01,3.708311328355E+00,1.539996398819E+01
0,0.4090,8.202329709280E+01,3.593244604766E+00,1.536231126450E+01
0,0.4100,8.138656365433E+01,3.478739182268E+00,1.532484221263E+01
0,0.4110,8.086336619938E+01,3.392308563657E+00,1.528755549192E+01
0,0.4120,8.034268395669E+01,3.306297511157E+00,1.525044977471E+01
0,0.4130,7.982449867887E+01,3.220702977070E+00,1.521352374620E+01
0,0.4140,7.930879186785E+01,3.135521943148E+00,1.517677610430E+01
0,0.4150,7.879554617595E+01,3.050751420233E+00,1.514020555947E+01
0,0.4160,7.828474084692E+01,2.966388447909E+00,1.510381083457E+01
0,0.4170,7.777636165619E+01,2.882430094157E+00,1.506759066470E+01
0,0.4180,7.727038765985E+01,2.798873455016E+00,1.503154379708E+01
0,0.4190,7.676680534228E+01,2.715715654249E+00,1.499566899088E+01
0,0.4200,7.626559345038E+01,2.632953843009E+00,1.495996501709E+01
0,0.4210,7.582817961779E+01,2.569986959374E+00,1.492443065838E+01
0,0.4220,7.539281892417E+01,2.507318496988E+00,1.488906470896E+01
0,0.4230,7.495949579152E+01,2.444946339389E+00,1.485386597442E+01
0,0.4240,7.452819726077E+01,2.382868390081E+00,1.481883327165E+01
0,0.4250,7.409890410985E+01,2.321082572299E+00,1.478396542866E+01
0,0.4260,7.367160993728E+01,2.259586828779E+00,1.474926128446E+01
0,0.4270,7.324629328238E+01,2.198379121528E+00,1.471471968895E+01
0,0.4280,7.282294175676E+01,2.137457431601E+00,1.468033950276E+01
0,0.4290,7.240154428168E+01,2.076819758877E+00,1.464611959716E+01
0,0.4300,7.198208309344E+01,2.016464121839E+00,1.461205885391E+01
0,0.4310,7.161287885362E+01,1.966593266679E+00,1.457815616515E+01
0,0.4320,7.124536486174E+01,1.916953295107E+00,1.454441043329E+01
0,0.4330,7.087953386275E+01,1.867542607469E+00,1.451082057085E+01
0,0.4340,7.051536964797E+01,1.818359618852E+00,1.447738550041E+01
0,0.4350,7.015286134249E+01,1.769402758918E+00,1.444410415444E+01
0,0.4360,6.979199835191E+01,1.720670471737E+00,1.441097547518E+01
0,0.4370,6.943277018972E+01,1.672161215618E+00,1.437799841460E+01
0,0.4380,6.907516495581E+01,1.623873462951E+00,1.434517193420E+01
0,0.4390,6.871916801361E+01,1.575805700047E+00,1.431249500496E+01
0,0.4400,6.836477280473E+01,1.527956426973E+00,1.427996660723E+01
0,0.4410,6.803488142263E+01,1.495002020225E+00,1.424758573057E+01
0,0.4420,6.770646572588E+01,1.462196728440E+00,1.421535137371E+01
0,0.4430,6.737951513989E+01,1.429539541810E+00,1.418326254442E+01
0,0.4440,6.705402096854E+01,1.397029459624E+00,1.415131825941E+01
0,0.4450,6.672997569210E+01,1.364665490167E+00,1.411951754422E+01
0,0.4460,6.640736558133E+01,1.332446650618E+00,1.408785943314E+01
0,0.4470,6.608618227829E+01,1.300371966950E+00,1.405634296908E+01
0,0.4480,6.576641602664E+01,1.268440473834E+00,1.402496720353E+01
0,0.4490,6.544805813123E+01,1.236651214541E+00,1.399373119639E+01
0,0.4500,6.513110055219E+01,1.205003240845E+00,1.396263401595E+01
0,0.4510,6.483934416028E+01,1.181543941427E+00,1.393167473876E+01
0,0.4520,6.454886843373E+01,1.158188444218E+00,1.390085244951E+01
0,0.4530,6.425965988177E+01,1.134936061787E+00,1.387016624101E+01
0,0.4540,6.397171043617E+01,1.111786112760E+00,1.383961521405E+01
0,0.4550,6.368501169061E+01,1.088737921749E+00,1.380919847732E+01
0,0.4560,6.339955436043E+01,1.065790819296E+00,1.377891514732E+01
0,0.4570,6.311533384363E+01,1.042944141799E+00,1.374876434831E+01
0,0.4580,6.283233666886E+01,1.020197231453E+00,1.371874521218E+01
0,0.4590,6.255056006790E+01,9.975494361844E-01,1.368885687839E+01
0,0.4600,6.226999479631E+01,9.750001095908E-01,1.365909849387E+01
0,0.4610,6.200982848463E+01,9.602165502576E-01,1.362946921297E+01
0,0.4620,6.175077340226E+01,9.454969890168E-01,1.359996819736E+01
0,0.4630,6.149282757506E+01,9.308410111938E-01,1.357059461594E+01
0,0.4640,6.123597945324E+01,9.162482056890E-01,1.354134764478E+01
0,0.4650,6.098022177297E+01,9.017181649391E-01,1.351222646705E+01
0,0.4660,6.072554871888E+01,8.872504848791E-01,1.348323027292E+01
0,0.4670,6.047195334827E+01,8.728447649050E-01,1.345435825949E+01
0,0.4680,6.021942878086E+01,8.585006078367E-01,1.342560963073E+01
0,0.4690,5.996796671976E+01,8.442176198818E-01,1.339698359740E+01
0,0.4700,5.971756241103E+01,8.299954105990E-01,1.336847937698E+01
0,0.4710,5.948432216467E+01,8.187857561508E-01,1.334009619359E+01
0,0.4720,5.925205866413E+01,8.076236002383E-01,1.331183327792E+01
0,0.4730,5.902076388585E+01,7.965086416024E-01,1.328368986719E+01
0,0.4740,5.879043329852E+01,7.854405815261E-01,1.325566520502E+01
0,0.4750,5.856106154335E+01,7.744191238081E-01,1.322775854143E+01
0,0.4760,5.833264021127E+01,7.634439747359E-01,1.319996913273E+01
0,0.4770,5.810516556179E+01,7.525148430602E-01,1.317229624147E+01
0,0.4780,5.787863038636E+01,7.416314399690E-01,1.314473913636E+01
0,0.4790,5.765302983024E+01,7.307934790619E-01,1.311729709223E+01
0,0.4800,5.742835419140E+01,7.200006763252E-01,1.308996938996E+01
0,0.4810,5.721644423773E+01,7.108320372249E-01,1.306275531638E+01
0,0.4820,5.700540107336E+01,7.017014422703E-01,1.303565416427E+01
0,0.4830,5.679522158273E+01,6.926086551623E-01,1.300866523226E+01
0,0.4840,5.658590152319E+01,6.835534415547E-01,1.298178782475E+01
0,0.4850,5.637742772094E+01,6.745355690342E-01,1.295502125192E+01
0,0.4860,5.616980645316E+01,6.655548071001E-01,1.292836482959E+01
0,0.4870,5.596302429229E+01,6.566109271453E-01,1.290181787922E+01
0,0.4880,5.575707707673E+01,6.477037024362E-01,1.287537972783E+01
0,0.4890,5.555196416910E+01,6.388329080940E-01,1.284904970793E+01
0,0.4900,5.534767414037E+01,6.299983210756E-01,1.282282715751E+01
0,0.4910,5.516097267897E+01,6.223603818808E-01,1.279671141992E+01
0,0.4920,5.497501908056E+01,6.147534912194E-01,1.277070184386E+01
0,0.4930,5.478980885830E+01,6.071774601550E-01,1.274479778333E+01
0,0.4940,5.460534042410E+01,5.996321012811E-01,1.271899859753E+01
0,0.4950,5.442160613054E+01,5.921172287057E-01,1.269330365087E+01
0,0.4960,5.423860563721E+01,5.846326580358E-01,1.266771231286E+01
0,0.4970,5.405632960532E+01,5.771782063626E-01,1.264222395811E+01
0,0.4980,5.387477735669E+01,5.697536922463E-01,1.261683796622E+01
0,0.4990,5.369394173171E+01,5.623589357017E-01,1.259155372180E+01
0,0.5000,5.351382231547E+01,5.549937581832E-01,1.256637061436E+01
0,0.5010,5.333820400041E+01,5.478686762100E-01,1.254128803828E+01
0,0.5020,5.316327639618E+01,5.407719810176E-01,1.251630539279E+01
0,0.5030,5.298903368380E+01,5.337035033011E-01,1.249142208187E+01
0,0.5040,5.281547422559E+01,5.266630750993E-01,1.246663751425E+01
0,0.5050,5.264259200979E+01,5.196505297815E-01,1.244195110333E+01
0,0.5060,5.247038441535E+01,5.126657020341E-01,1.241736226715E+01
0,0.5070,5.229884603922E+01,5.057084278479E-01,1.239287042836E+01
0,0.5080,5.212797474074E+01,4.987785445049E-01,1.236847501413E+01
0,0.5090,5.195776564870E+01,4.918758905661E-01,1.234417545615E+01
0,0.5100,5.178821359810E+01,4.850003058583E-01,1.231997119055E+01
0,0.5110,5.162551725365E+01,4.804214475246E-01,1.229586165789E+01
0,0.5120,5.146344954442E+01,4.758604753562E-01,1.227184630309E+01
0,0.5130,5.130200259417E+01,4.713172847558E-01,1.224792457540E+01
0,0.5140,5.114117731317E+01,4.667917719397E-01,1.222409592836E+01
0,0.5150,5.098096551414E+01,4.622838339308E-01,1.220035981977E+01
0,0.5160,5.082136694450E+01,4.577933685497E-01,1.217671571159E+01
0,0.5170,5.066237731429E+01,4.533202744081E-01,1.215316306998E+01
0,0.5180,5.050399225363E+01,4.488644509002E-01,1.212970136521E+01
0,0.5190,5.034620755387E+01,4.444257981958E-01,1.210633007164E+01
0,0.5200,5.018902130953E+01,4.400042172326E-01,1.208304866765E+01
0,0.5210,5.003973513279E+01,4.351714847982E-01,1.205985663566E+01
0,0.5220,4.989101094225E+01,4.303572685800E-01,1.203675346203E+01
0,0.5230,4.974284871812E+01,4.255614623665E-01,1.201373863705E+01
0,0.5240,4.959524166551E+01,4.207839607569E-01,1.199081165492E+01
0,0.5250,4.944819020956E+01,4.160246591534E-01,1.196797201368E+01
0,0.5260,4.930169043691E+01,4.112834537537E-01,1.194521921517E+01
0,0.5270,4.915573871849E+01,4.065602415434E-01,1.192255276505E+01
0,0.5280,4.901033115204E+01,4.018549202884E-01,1.189997217269E+01
0,0.5290,4.886546301177E+01,3.971673885278E-01,1.187747695119E+01
0,0.5300,4.872113549831E+01,3.924975455662E-01,1.185506661732E+01
0,0.5310,4.858092628703E+01,3.884298288572E-01,1.183274069149E+01
0,0.5320,4.844124105724E+01,3.843774043163E-01,1.181049869771E+01
0,0.5330,4.830206563905E+01,3.803401858712E-01,1.178834016356E+01
0,0.5340,4.816340631537E+01,3.763180880945E-01,1.176626462019E+01
0,0.5350,4.802525955500E+01,3.723110261973E-01,1.174427160220E+01
0,0.5360,4.788762110744E+01,3.683189160236E-01,1.172236064772E+01
0,0.5370,4.775048424286E+01,3.643416740442E-01,1.170053129829E+01
0,0.5380,4.761385028418E+01,3.603792173510E-01,1.167878309885E+01
0,0.5390,4.747771644783E+01,3.564314636510E-01,1.165711559774E+01
0,0.5400,4.734207688380E+01,3.524983312611E-01,1.163552834663E+01
0,0.5410,4.721162706017E+01,3.491441805176E-01,1.161402090052E+01
0,0.5420,4.708165145757E+01,3.458024067141E-01,1.159259281767E+01
0,0.5430,4.695214431453E+01,3.424729414697E-01,1.157124365963E+01
0,0.5440,4.682311000256E+01,3.391557169064E-01,1.154997299114E+01
0,0.5450,4.669453852484E+01,3.358506656442E-01,1.152878038015E+01
0,0.5460,4.656643287597E+01,3.325577207969E-01,1.150766539776E+01
0,0.5470,4.643878719250E+01,3.292768159674E-01,1.148662761824E+01
0,0.5480,4.631160231086E+01,3.260078852430E-01,1.146566661894E+01
0,0.5490,4.618487032960E+01,3.227508631916E-01,1.144478198029E+01
0,0.5500,4.605859070310E+01,3.195056848567E-01,1.142397328578E+01
0,0.5510,4.593622255679E+01,3.164057036630E-01,1.140324012192E+01
0,0.5520,4.581429249580E+01,3.133169542852E-01,1.138258207822E+01
0,0.5530,4.569279377781E+01,3.102393757912E-01,1.136199874716E+01
0,0.5540,4.557172754293E+01,3.071729076889E-01,1.134148972415E+01
0,0.5550,4.545109083727E+01,3.041174899221E-01,1.132105460753E+01
0,0.5560,4.533088050723E+01,3.010730628667E-01,1.130069299852E+01
0,0.5570,4.521109365530E+01,2.980395673267E-01,1.128040450122E+01
0,0.5580,4.509173073241E+01,2.950169445307E-01,1.126018872254E+01
0,0.5590,4.497278770206E+01,2.920051361274E-01,1.124004527224E+01
0,0.5600,4.485426337032E+01,2.890040841827E-01,1.121997376282E+01
0,0.5610,4.473841780267E+01,2.866666896486E-01,1.119997380959E+01
0,0.5620,4.462298076504E+01,2.843376132444E-01,1.118004503057E+01
0,0.5630,4.450794341362E+01,2.820168106464E-01,1.116018704650E+01
0,0.5640,4.439331255860E+01,2.797042378447E-01,1.114039948081E+01
0,0.5650,4.427907611859E+01,2.773998511415E-01,1.112068195961E+01
0,0.5660,4.416523883367E+01,2.751036071475E-01,1.110103411162E+01
0,0.5670,4.405179555232E+01,2.728154627795E-01,1.108145556822E+01
0,0.5680,4.393874285538E+01,2.705353752579E-01,1.106194596334E+01
0,0.5690,4.382608402619E+01,2.682633021037E-01,1.104250493353E+01
0,0.5700,4.371381081769E+01,2.659992011361E-01,1.102313211786E+01
0,0.5710,4.360526702470E+01,2.637650381238E-01,1.100382715793E+01
0,0.5720,4.349709567458E+01,2.615386868703E-01,1.098458969787E+01
0,0.5730,4.338929789669E+01,2.593201064764E-01,1.096541938426E+01
0,0.5740,4.328186660355E+01,2.571092563277E-01,1.094631586617E+01
0,0.5750,4.317480416174E+01,2.549060960926E-01,1.092727879509E+01
0,0.5760,4.306810642614E+01,2.527105857194E-01,1.090830782496E+01
0,0.5770,4.296177057589E+01,2.505226854341E-01,1.088940261210E+01
0,0.5780,4.285579853932E+01,2.483423557381E-01,1.087056281519E+01
0,0.5790,4.275018421420E+01,2.461695574055E-01,1.085178809530E+01
0,0.5800,4.264492984399E+01,2.440042514809E-01,1.083307811583E+01
0,0.5810,4.254221981860E+01,2.420237559709E-01,1.081443254248E+01
0,0.5820,4.243985868962E+01,2.400500662874E-01,1.079585104326E+01
0,0.5830,4.233784141581E+01,2.380831474090E-01,1.077733328847E+01
0,0.5840,4.223616769495E+01,2.361229645541E-01,1.075887895065E+01
0,0.5850,4.213483486769E+01,2.341694831791E-01,1.074048770458E+01
0,0.5860,4.203384065209E+01,2.322226689760E-01,1.072215922727E+01
0,0.5870,4.193318585765E+01,2.302824878708E-01,1.070389319792E+01
0,0.5880,4.183286822021E+01,2.283489060209E-01,1.068568929792E+01
0,0.5890,4.173288348344E+01,2.264218898141E-01,1.066754721083E+01
0,0.5900,4.163322940143E+01,2.245014058655E-01,1.064946662234E+01
0,0.5910,4.153606620743E+01,2.229021118543E-01,1.063144722027E+01
0,0.5920,4.143922101651E+01,2.213082208635E-01,1.061348869456E+01
0,0.5930,4.134269933732E+01,2.197197055589E-01,1.059559073723E+01
0,0.5940,4.124649590467E+01,2.181365387908E-01,1.057775304239E+01
0,0.5950,4.115060850061E+01,2.165586935916E-01,1.055997530618E+01
0,0.5960,4.105503982904E+01,2.149861431749E-01,1.054225722681E+01
0,0.5970,4.095978313293E+01,2.134188609339E-01,1.052459850449E+01
0,0.5980,4.086483974851E+01,2.118568204394E-01,1.050699884144E+01
0,0.5990,4.077020476328E+01,2.102999954392E-01,1.048945794187E+01
0,0.6000,4.067588239612E+01,2.087483598555E-01,1.047197551197E+01
0,0.6010,4.058292996606E+01,2.068453875867E-01,1.045455125987E+01
0,0.6020,4.049027760202E+01,2.049487374849E-01,1.043718489565E+01
0,0.6030,4.039792823183E+01,2.030583780965E-01,1.041987613131E+01
0,0.6040,4.030587612377E+01,2.011742781763E-01,1.040262468076E+01
0,0.6050,4.021412343933E+01,1.992964066856E-01,1.038543025980E+01
0,0.6060,4.012266928745E+01,1.974247327905E-01,1.036829258610E+01
0,0.6070,4.003150988539E+01,1.955592258606E-01,1.035121137921E+01
0,0.6080,3.994064393286E+01,1.936998554665E-01,1.033418636049E+01
0,0.6090,3.985007315499E+01,1.918465913792E-01,1.031721725317E+01
0,0.6100,3.975978979981E+01,1.899994035676E-01,1.030030378226E+01
0,0.6110,3.967188491887E+01,1.885788551254E-01,1.028344567460E+01
0,0.6120,3.958426073289E+01,1.871629489983E-01,1.026664265879E+01
0,0.6130,3.949691788282E+01,1.857516624670E-01,1.024989446522E+01
0,0.6140,3.940985503765E+01,1.843449729604E-01,1.023320082603E+01
0,0.6150,3.932306791165E+01,1.829428580537E-01,1.021656147509E+01
0,0.6160,3.923655884482E+01,1.815452954681E-01,1.019997614802E+01
0,0.6170,3.915032176099E+01,1.801522630692E-01,1.018344458214E+01
0,0.6180,3.906436052289E+01,1.787637388658E-01,1.016696651647E+01
0,0.6190,3.897867058609E+01,1.773797010088E-01,1.015054169173E+01
0,0.6200,3.889325033571E+01,1.760001277900E-01,1.013416985029E+01
0,0.6210,3.880912919693E+01,1.747828361126E-01,1.011785073620E+01
0,0.6220,3.872527177163E+01,1.735694585564E-01,1.010158409514E+01
0,0.6230,3.864167827027E+01,1.723599762732E-01,1.008536967445E+01
0,0.6240,3.855834702320E+01,1.711543705359E-01,1.006920722304E+01
0,0.6250,3.847527741866E+01,1.699526227368E-01,1.005309649149E+01
0,0.6260,3.839246930230E+01,1.687547143877E-01,1.003703723192E+01
0,0.6270,3.830991685432E+01,1.675606271177E-01,1.002102919805E+01
0,0.6280,3.822762478099E+01,1.663703426735E-01,1.000507214519E+01
0,0.6290,3.814558641636E+01,1.651838429175E-01,9.989165830174E+00
0,0.6300,3.806380324466E+01,1.640011098274E-01,9.973310011396E+00
0,0.6310,3.798328818890E+01,1.627335037055E-01,9.957504448779E+00
0,0.6320,3.790301987799E+01,1.614699089954E-01,9.941748903765E+00
0,0.6330,3.782299959815E+01,1.602103066856E-01,9.926043139304E+00
0,0.6340,3.774322927143E+01,1.589546778847E-01,9.910386919842E+00
0,0.6350,3.766370414633E+01,1.577030038202E-01,9.894780011306E+00
0,0.6360,3.758442295544E+01,1.564552658376E-01,9.879222181100E+00
0,0.6370,3.750538415552E+01,1.552114453998E-01,9.863713198084E+00
0,0.6380,3.742658973276E+01,1.539715240855E-01,9.848252832570E+00
0,0.6390,3.734803494334E+01,1.527354835892E-01,9.832840856306E+00
0,0.6400,3.726972220817E+01,1.515033057194E-01,9.817477042468E+00
0,0.6410,3.719264416566E+01,1.502857547756E-01,9.802161165647E+00
0,0.6420,3.711580364391E+01,1.490719968254E-01,9.786893001837E+00
0,0.6430,3.703919445363E+01,1.478620141721E-01,9.771672328429E+00
0,0.6440,3.696281731346E+01,1.466557892289E-01,9.756498924192E+00
0,0.6450,3.688667206657E+01,1.454533045181E-01,9.741372569271E+00
0,0.6460,3.681075726656E+01,1.442545426701E-01,9.726293045170E+00
0,0.6470,3.673507341717E+01,1.430594864230E-01,9.711260134744E+00
0,0.6480,3.665961878370E+01,1.418681186210E-01,9.696273622191E+00
0,0.6490,3.658438976462E+01,1.406804222144E-01,9.681333293035E+00
0,0.6500,3.650938709469E+01,1.394963802583E-01,9.666438934122E+00
0,0.6510,3.643559266923E+01,1.383816067262E-01,9.651590333609E+00
0,0.6520,3.636201814194E+01,1.372702527448E-01,9.636787280950E+00
0,0.6530,3.628866612047E+01,1.361623026040E-01,9.622029566891E+00
0,0.6540,3.621552987771E+01,1.350577406900E-01,9.607316983455E+00
0,0.6550,3.614261494239E+01,1.339565514841E-01,9.592649323938E+00
0,0.6560,3.606991530024E+01,1.328587195624E-01,9.578026382896E+00
0,0.6570,3.599743288621E+01,1.317642295948E-01,9.563447956133E+00
0,0.6580,3.592516815628E+01,1.306730663444E-01,9.548913840698E+00
0,0.6590,3.585311317123E+01,1.295852146669E-01,9.534423834870E+00
0,0.6600,3.578127464461E+01,1.285006595096E-01,9.519977738151E+00
0,0.6610,3.571061615693E+01,1.275885851522E-01,9.505575351255E+00
0,0.6620,3.564016587809E+01,1.266792663065E-01,9.491216476102E+00
0,0.6630,3.556992217700E+01,1.257726905041E-01,9.476900915806E+00
0,0.6640,3.549988720327E+01,1.248688453517E-01,9.462628474668E+00
0,0.6650,3.543005574117E+01,1.239677185306E-01,9.448398958165E+00
0,0.6660,3.536042966177E+01,1.230692977960E-01,9.434212172942E+00
0,0.6670,3.529100718549E+01,1.221735709767E-01,9.420067926806E+00
0,0.6680,3.522178871205E+01,1.212805259742E-01,9.405966028712E+00
0,0.6690,3.515277112832E+01,1.203901507625E-01,9.391906288759E+00
0,0.6700,3.508395536254E+01,1.195024333871E-01,9.377888518178E+00
0,0.6710,3.501534023433E+01,1.185396414913E-01,9.363912529329E+00
0,0.6720,3.494692444649E+01,1.175797150475E-01,9.349978135684E+00
0,0.6730,3.487870743692E+01,1.166226412826E-01,9.336085151827E+00
0,0.6740,3.481068609785E+01,1.156684074991E-01,9.322233393442E+00
0,0.6750,3.474286367403E+01,1.147170010751E-01,9.308422677303E+00
0,0.6760,3.467523700322E+01,1.137684094629E-01,9.294652821272E+00
0,0.6770,3.460780277500E+01,1.128226201894E-01,9.280923644283E+00
0,0.6780,3.454056447390E+01,1.118796208547E-01,9.267234966342E+00
0,0.6790,3.447351975779E+01,1.109393991321E-01,9.253586608512E+00
0,0.6800,3.440666554764E+01,1.100019427676E-01,9.239978392911E+00
0,0.6810,3.434094499559E+01,1.091908734748E-01,9.226410142701E+00
0,0.6820,3.427541263456E+01,1.083821826843E-01,9.212881682082E+00
0,0.6830,3.421006561679E+01,1.075758599489E-01,9.199392836281E+00
0,0.6840,3.414490761431E+01,1.067718948823E-01,9.185943431549E+00
0,0.6850,3.407993317852E+01,1.059702771589E-01,9.172533295153E+00
0,0.6860,3.401514391736E+01,1.051709965134E-01,9.159162255364E+00
0,0.6870,3.395053836246E+01,1.043740427403E-01,9.145830141455E+00
0,0.6880,3.388611786146E+01,1.035794056933E-01,9.132536783691E+00
0,0.6890,3.382187757615E+01,1.027870752850E-01,9.119282013323E+00
0,0.6900,3.375781780607E+01,1.019970414865E-01,9.106065662579E+00
0,0.6910,3.369579620183E+01,1.012374822786E-01,9.092887564659E+00
0,0.6920,3.363394732651E+01,1.004801183286E-01,9.079747553728E+00
0,0.6930,3.357227408535E+01,9.972494013304E-02,9.066645464906E+00
0,0.6940,3.351077402542E+01,9.897193824355E-02,9.053581134265E+00
0,0.6950,3.344944509314E+01,9.822110326597E-02,9.040554398820E+00
0,0.6960,3.338829067885E+01,9.747242586017E-02,9.027565096522E+00
0,0.6970,3.332730418692E+01,9.672589673961E-02,9.014613066255E+00
0,0.6980,3.326649133836E+01,9.598150667096E-02,9.001698147822E+00
0,0.6990,3.320584545998E+01,9.523924647376E-02,8.988820181945E+00
0,0.7000,3.314536910684E+01,9.449910701998E-02,8.975979010257E+00
0,0.7010,3.308414651606E+01,9.394213535809E-02,8.963174475292E+00
0,0.7020,3.302309447117E+01,9.338675051004E-02,8.950406420484E+00
0,0.7030,3.296220938082E+01,9.283294570424E-02,8.937674690156E+00
0,0.7040,3.290149457329E+01,9.228071420755E-02,8.924979129516E+00
0,0.7050,3.284094504013E+01,9.173004932503E-02,8.912319584652E+00
0,0.7060,3.278056377989E+01,9.118094439968E-02,8.899695902521E+00
0,0.7070,3.272035049376E+01,9.063339281218E-02,8.887107930947E+00
0,0.7080,3.266029940651E+01,9.008738798057E-02,8.874555518615E+00
0,0.7090,3.260041646324E+01,8.954292336005E-02,8.862038515063E+00
0,0.7100,3.254069430839E+01,8.899999244268E-02,8.849556770675E+00
0,0.7110,3.248294382838E+01,8.849367208440E-02,8.837110136680E+00
0,0.7120,3.242535105183E+01,8.798877397431E-02,8.824698465140E+00
0,0.7130,3.236791412994E+01,8.748529212820E-02,8.812321608948E+00
0,0.7140,3.231063611309E+01,8.698322059539E-02,8.799979421820E+00
0,0.7150,3.225351268297E+01,8.648255345848E-02,8.787671758293E+00
0,0.7160,3.219654338530E+01,8.598328483312E-02,8.775398473715E+00
0,0.7170,3.213973131054E+01,8.548540886780E-02,8.763159424239E+00
0,0.7180,3.208307102145E+01,8.498891974362E-02,8.750954466824E+00
0,0.7190,3.202656468278E+01,8.449381167402E-02,8.738783459221E+00
0,0.7200,3.197021226294E+01,8.400007890461E-02,8.726646259972E+00
0,0.7210,3.191401120968E+01,8.329133361698E-02,8.714542728404E+00
0,0.7220,3.185795959861E+01,8.258455161270E-02,8.702472724625E+00
0,0.7230,3.180205922850E+01,8.187972474535E-02,8.690436109515E+00
0,0.7240,3.174631193115E+01,8.117684491356E-02,8.678432744723E+00
0,0.7250,3.169071115743E+01,8.047590406061E-02,8.666462492661E+00
0,0.7260,3.163526080600E+01,7.977689417419E-02,8.654525216501E+00
0,0.7270,3.157995777658E+01,7.907980728609E-02,8.642620780164E+00
0,0.7280,3.152480558830E+01,7.838463547186E-02,8.630749048324E+00
0,0.7290,3.146979651267E+01,7.769137085053E-02,8.618909886392E+00
0,0.7300,3.141493472108E+01,7.700000558433E-02,8.607103160520E+00
0,0.7310,3.136109945604E+01,7.639261726781E-02,8.595328737592E+00
0,0.7320,3.130740506750E+01,7.578688848221E-02,8.583586485218E+00
0,0.7330,3.125385536083E+01,7.518281243545E-02,8.571876271732E+00
0,0.7340,3.120044661342E+01,7.458038237247E-02,8.560197966185E+00
0,0.7350,3.114718023608E+01,7.397959157496E-02,8.548551438340E+00
0,0.7360,3.109405306638E+01,7.338043336115E-02,8.536936558668E+00
0,0.7370,3.104106565911E+01,7.278290108550E-02,8.525353198344E+00
0,0.7380,3.098821969935E+01,7.218698813851E-02,8.513801229241E+00
0,0.7390,3.093551012212E+01,7.159268794645E-02,8.502280523924E+00
0,0.7400,3.088294118546E+01,7.099999397113E-02,8.490790955648E+00
0,0.7410,3.083050745407E+01,7.044332579918E-02,8.479332398353E+00
0,0.7420,3.077821240774E+01,6.988815808052E-02,8.467904726657E+00
0,0.7430,3.072605429756E+01,6.933448475680E-02,8.456507815854E+00
0,0.7440,3.067403424143E+01,6.878229980222E-02,8.445141541908E+00
0,0.7450,3.062214608361E+01,6.823159722337E-02,8.433805781449E+00
0,0.7460,3.057039376997E+01,6.768237105893E-02,8.422500411769E+00
0,0.7470,3.051877863087E+01,6.713461537954E-02,8.411225310816E+00
0,0.7480,3.046729449981E+01,6.658832428753E-02,8.399980357192E+00
0,0.7490,3.041594495077E+01,6.604349191673E-02,8.388765430146E+00
0,0.7500,3.036472628297E+01,6.550011243224E-02,8.377580409573E+00
0,0.7510,3.031450027684E+01,6.489292191390E-02,8.366425176005E+00
0,0.7520,3.026440149392E+01,6.428734626396E-02,8.355299610611E+00
0,0.7530,3.021443358583E+01,6.368337904869E-02,8.344203595192E+00
0,0.7540,3.016459477245E+01,6.308101386846E-02,8.333137012175E+00
0,0.7550,3.011488147952E+01,6.248024435759E-02,8.322099744609E+00
0,0.7560,3.006529736780E+01,6.188106418404E-02,8.311091676163E+00
0,0.7570,3.001583953548E+01,6.128346704927E-02,8.300112691122E+00
0,0.7580,2.996650952091E+01,6.068744668793E-02,8.289162674379E+00
0,0.7590,2.991730424897E+01,6.009299686774E-02,8.278241511436E+00
0,0.7600,2.986822676874E+01,5.950011138917E-02,8.267349088394E+00
0,0.7610,2.981927119098E+01,5.904476839808E-02,8.256485291957E+00
0,0.7620,2.977044146727E+01,5.859062053295E-02,8.245650009422E+00
0,0.7630,2.972173716865E+01,5.813766309473E-02,8.234843128676E+00
0,0.7640,2.967315580890E+01,5.768589140896E-02,8.224064538193E+00
0,0.7650,2.962469774660E+01,5.723530082564E-02,8.213314127032E+00
0,0.7660,2.957636103392E+01,5.678588671903E-02,8.202591784830E+00
0,0.7670,2.952814549285E+01,5.633764448755E-02,8.191897401799E+00
0,0.7680,2.948005328863E+01,5.589056955354E-02,8.181230868723E+00
0,0.7690,2.943208486227E+01,5.544465736318E-02,8.170592076957E+00
0,0.7700,2.938423148629E+01,5.499990338630E-02,8.159980918415E+00
0,0.7710,2.933733844817E+01,5.464586499241E-02,8.149397285577E+00
0,0.7720,2.929056286241E+01,5.429274379642E-02,8.138841071476E+00
0,0.7730,2.924390344362E+01,5.394053623872E-02,8.128312169702E+00
0,0.7740,2.919736261660E+01,5.358923877807E-02,8.117810474392E+00
0,0.7750,2.915093480068E+01,5.323884789151E-02,8.107335880232E+00
0,0.7760,2.910462472490E+01,5.288936007425E-02,8.096888282448E+00
0,0.7770,2.905843272115E+01,5.254077183952E-02,8.086467576808E+00
0,0.7780,2.901235264243E+01,5.219307971851E-02,8.076073659614E+00
0,0.7790,2.896638707616E+01,5.184628026020E-02,8.065706427702E+00
0,0.7800,2.892053598242E+01,5.150037003127E-02,8.055365778435E+00
0,0.7810,2.887479771786E+01,5.098446871980E-02,8.045051609705E+00
0,0.7820,2.882917430404E+01,5.046988684902E-02,8.034763819923E+00
0,0.7830,2.878366428396E+01,4.995661936360E-02,8.024502308020E+00
0,0.7840,2.873826509904E+01,4.944466123402E-02,8.014266973443E+00
0,0.7850,2.869297845321E+01,4.893400745635E-02,8.004057716152E+00
0,0.7860,2.864780302190E+01,4.842465305217E-02,7.993874436615E+00
0,0.7870,2.860273675249E+01,4.791659306833E-02,7.983717035806E+00
0,0.7880,2.855778230536E+01,4.740982257684E-02,7.973585415203E+00
0,0.7890,2.851294040654E+01,4.690433667467E-02,7.963479476780E+00
0,0.7900,2.846820750311E+01,4.640013048365E-02,7.953399123012E+00
0,0.7910,2.842358255973E+01,4.600570523281E-02,7.943344256864E+00
0,0.7920,2.837906686338E+01,4.561227600532E-02,7.933314781792E+00
0,0.7930,2.833466058021E+01,4.521983903314E-02,7.923310601740E+00
0,0.7940,2.829036042149E+01,4.482839056719E-02,7.913331621133E+00
0,0.7950,2.824616875091E+01,4.443792687725E-02,7.903377744880E+00
0,0.7960,2.820208558622E+01,4.404844425186E-02,7.893448878366E+00
0,0.7970,2.815810761654E+01,4.365993899817E-02,7.883544927452E+00
0,0.7980,2.811423790653E+01,4.327240744187E-02,7.873665798471E+00
0,0.7990,2.807047459476E+01,4.288584592700E-02,7.863811398222E+00
0,0.8000,2.802681453296E+01,4.250025081593E-02,7.853981633974E+00
0,0.8010,2.798406881337E+01,4.212103097087E-02,7.844176413458E+00
0,0.8020,2.794142541466E+01,4.174275681122E-02,7.834395644862E+00
0,0.8030,2.789888479178E+01,4.136542480389E-02,7.824639236836E+00
0,0.8040,2.785644486608E+01,4.098903143340E-02,7.814907098482E+00
0,0.8050,2.781410889977E+01,4.061357320171E-02,7.805199139354E+00
0,0.8060,2.777187303267E+01,4.023904662817E-02,7.795515269454E+00
0,0.8070,2.772973997250E+01,3.986544824936E-02,7.785855399231E+00
0,0.8080,2.768770485029E+01,3.949277461901E-02,7.776219439579E+00
0,0.8090,2.764577258656E+01,3.912102230790E-02,7.766607301829E+00
0,0.8100,2.760393931384E+01,3.875018790372E-02,7.757018897753E+00
0,0.8110,2.756220472038E+01,3.840637693148E-02,7.747454139556E+00
0,0.8120,2.752057016884E+01,3.806341278429E-02,7.737912939876E+00
0,0.8130,2.747903499111E+01,3.772129233734E-02,7.728395211783E+00
0,0.8140,2.743759813266E+01,3.738001248116E-02,7.718900868771E+00
0,0.8150,2.739625983925E+01,3.703957012157E-02,7.709429824760E+00
0,0.8160,2.735501976175E+01,3.669996217952E-02,7.699981994093E+00
0,0.8170,2.731387412185E+01,3.636118559107E-02,7.690557291529E+00
0,0.8180,2.727282759553E+01,3.602323730723E-02,7.681155632249E+00
0,0.8190,2.723187724605E+01,3.568611429393E-02,7.671776931843E+00
0,0.8200,2.719102421300E+01,3.534981353188E-02,7.662421106317E+00
0,0.8210,2.715026697953E+01,3.504655151729E-02,7.653088072082E+00
0,0.8220,2.710960311975E+01,3.474402736649E-02,7.643777745961E+00
0,0.8230,2.706903758808E+01,3.444223838981E-02,7.634490045176E+00
0,0.8240,2.702856549962E+01,3.414118191064E-02,7.625224887354E+00
0,0.8250,2.698818579914E+01,3.384085526536E-02,7.615982190521E+00
0,0.8260,2.694790372975E+01,3.354125580324E-02,7.606761873099E+00
0,0.8270,2.690771376626E+01,3.324238088638E-02,7.597563853905E+00
0,0.8280,2.686761839830E+01,3.294422788960E-02,7.588388052149E+00
0,0.8290,2.682761519310E+01,3.264679420042E-02,7.579234387430E+00
0,0.8300,2.678770600292E+01,3.235007721892E-02,7.570102779734E+00
0,0.8310,2.674788800348E+01,3.206201340052E-02,7.560993149434E+00
0,0.8320,2.670816204998E+01,3.177464204322E-02,7.551905417283E+00
0,0.8330,2.666852909282E+01,3.148796065316E-02,7.542839504417E+00
0,0.8340,2.662898686634E+01,3.120196674846E-02,7.533795332350E+00
0,0.8350,2.658953669215E+01,3.091665785909E-02,7.524772822970E+00
0,0.8360,2.655017649535E+01,3.063203152688E-02,7.515771898540E+00
0,0.8370,2.651090687380E+01,3.034808530538E-02,7.506792481696E+00
0,0.8380,2.647172845729E+01,3.006481675982E-02,7.497834495441E+00
0,0.8390,2.643263733122E+01,2.978222346705E-02,7.488897863146E+00
0,0.8400,2.639363878761E+01,2.950030301546E-02,7.479982508547E+00
0,0.8410,2.635549886280E+01,2.921725994369E-02,7.471088355743E+00
0,0.8420,2.631744544454E+01,2.893488918325E-02,7.462215329192E+00
0,0.8430,2.627948111491E+01,2.865318834158E-02,7.453363353712E+00
0,0.8440,2.624160314037E+01,2.837215503745E-02,7.444532354478E+00
0,0.8450,2.620380997675E+01,2.809178690090E-02,7.435722257017E+00
0,0.8460,2.616610480071E+01,2.781208157318E-02,7.426932987210E+00
0,0.8470,2.612848333268E+01,2.753303670669E-02,7.418164471286E+00
0,0.8480,2.609094776429E+01,2.725464996489E-02,7.409416635825E+00
0,0.8490,2.605349782858E+01,2.697691902224E-02,7.400689407750E+00
0,0.8500,2.601613293630E+01,2.669984156416E-02,7.391982714329E+00
0,0.8510,2.597885162784E+01,2.642193862764E-02,7.383296483172E+00
0,0.8520,2.594165356575E+01,2.614468804544E-02,7.374630642230E+00
0,0.8530,2.590453988695E+01,2.586808752323E-02,7.365985119788E+00
0,0.8540,2.586751069958E+01,2.559213477741E-02,7.357359844473E+00
0,0.8550,2.583056500086E+01,2.531682753509E-02,7.348754745239E+00
0,0.8560,2.579370165158E+01,2.504216353399E-02,7.340169751378E+00
0,0.8570,2.575691960826E+01,2.476814052239E-02,7.331604792508E+00
0,0.8580,2.572022159370E+01,2.449475625907E-02,7.323059798578E+00
0,0.8590,2.568360548678E+01,2.422200851324E-02,7.314534699860E+00
0,0.8600,2.564706958313E+01,2.394989506449E-02,7.306029426953E+00
0,0.8610,2.561137143391E+01,2.370738495207E-02,7.297543910778E+00
0,0.8620,2.557575422642E+01,2.346543750811E-02,7.289078082575E+00
0,0.8630,2.554021415325E+01,2.322405077666E-02,7.280631873904E+00
0,0.8640,2.550475450961E+01,2.298322281078E-02,7.272205216643E+00
0,0.8650,2.546937095489E+01,2.274295167258E-02,7.263798042982E+00
0,0.8660,2.543406822681E+01,2.250323543307E-02,7.255410285427E+00
0,0.8670,2.539884388471E+01,2.226407217221E-02,7.247041876793E+00
0,0.8680,2.536369652387E+01,2.202545997876E-02,7.238692750207E+00
0,0.8690,2.532862718011E+01,2.178739695032E-02,7.230362839102E+00
0,0.8700,2.529363582803E+01,2.154988119321E-02,7.222052077218E+00
0,0.8710,2.525797295726E+01,2.130742836455E-02,7.213760398599E+00
0,0.8720,2.522239085436E+01,2.106553162036E-02,7.205487737591E+00
0,0.8730,2.518688569640E+01,2.082418904969E-02,7.197234028843E+00
0,0.8740,2.515145939746E+01,2.058339875036E-02,7.188999207299E+00
0,0.8750,2.511611020573E+01,2.034315882885E-02,7.180783208205E+00
0,0.8760,2.508083861288E+01,2.010346740031E-02,7.172585967100E+00
0,0.8770,2.504564397334E+01,1.986432258848E-02,7.164407419817E+00
0,0.8780,2.501052563940E+01,1.962572252566E-02,7.156247502482E+00
0,0.8790,2.497548472635E+01,1.938766535262E-02,7.148106151513E+00
0,0.8800,2.494051898752E+01,1.915014921862E-02,7.139983303613E+00
0,0.8810,2.490636899196E+01,1.894811848788E-02,7.131878895777E+00
0,0.8820,2.487229236824E+01,1.874654587671E-02,7.123792865283E+00
0,0.8830,2.483829020156E+01,1.854542982864E-02,7.115725149694E+00
0,0.8840,2.480436210020E+01,1.834476879426E-02,7.107675686855E+00
0,0.8850,2.477050845765E+01,1.814456123114E-02,7.099644414892E+00
0,0.8860,2.473672497390E+01,1.794480560383E-02,7.091631272212E+00
0,0.8870,2.470301769874E+01,1.774550038380E-02,7.083636197497E+00
0,0.8880,2.466938090005E+01,1.754664404939E-02,7.075659129707E+00
0,0.8890,2.463581790466E+01,1.734823508582E-02,7.067700008076E+00
0,0.8900,2.460232775215E+01,1.715027198509E-02,7.059758772112E+00
0,0.8910,2.456890930698E+01,1.694824007135E-02,7.051835361593E+00
0,0.8920,2.453556268132E+01,1.674666114395E-02,7.043929716569E+00
0,0.8930,2.450228679376E+01,1.654553368113E-02,7.036041777357E+00
0,0.8940,2.446908141170E+01,1.634485616788E-02,7.028171484541E+00
0,0.8950,2.443594754441E+01,1.614462709600E-02,7.020318778972E+00
0,0.8960,2.440288526561E+01,1.594484496402E-02,7.012483601763E+00
0,0.8970,2.436989258014E+01,1.574550827714E-02,7.004665894292E+00
0,0.8980,2.433697244100E+01,1.554661554725E-02,6.996865598196E+00
0,0.8990,2.430412085965E+01,1.534816529285E-02,6.989082655372E+00
0,0.9000,2.427133735781E+01,1.515015603901E-02,6.981317007977E+00
0,0.9010,2.423862679114E+01,1.498856993134E-02,6.973568598424E+00
0,0.9020,2.420598404891E+01,1.482734210771E-02,6.965837369379E+00
0,0.9030,2.417340818603E+01,1.466647137783E-02,6.958123263765E+00
0,0.9040,2.414090431897E+01,1.450595655664E-02,6.950426224756E+00
0,0.9050,2.410846884590E+01,1.434579646434E-02,6.942746195779E+00
0,0.9060,2.407610172036E+01,1.418598992632E-02,6.935083120507E+00
0,0.9070,2.404380015691E+01,1.402653577318E-02,6.927436942866E+00
0,0.9080,2.401156997545E+01,1.386743284063E-02,6.919807607026E+00
0,0.9090,2.397940588350E+01,1.370867996955E-02,6.912195057403E+00
0,0.9100,2.394730945308E+01,1.355027600587E-02,6.904599238659E+00
0,0.9110,2.391528198796E+01,1.339373714504E-02,6.897020095697E+00
0,0.9120,2.388331853089E+01,1.323754157119E-02,6.889457573662E+00
0,0.9130,2.385142443585E+01,1.308168815631E-02,6.881911617940E+00
0,0.9140,2.381959659577E+01,1.292617577735E-02,6.874382174157E+00
0,0.9150,2.378783483224E+01,1.277100331617E-02,6.866869188174E+00
0,0.9160,2.375613962833E+01,1.261616965948E-02,6.859372606091E+00
0,0.9170,2.372451051421E+01,1.246167369888E-02,6.851892374242E+00
0,0.9180,2.369294521233E+01,1.230751433079E-02,6.844428439193E+00
0,0.9190,2.366144868491E+01,1.215369045643E-02,6.836980747747E+00
0,0.9200,2.363001512001E+01,1.200020098179E-02,6.829549246934E+00
0,0.9210,2.359935673413E+01,1.184363375069E-02,6.822133884017E+00
0,0.9220,2.356876084884E+01,1.168740614481E-02,6.814734606485E+00
0,0.9230,2.353823020848E+01,1.153151706030E-02,6.807351362058E+00
0,0.9240,2.350776037632E+01,1.137596539804E-02,6.799984098679E+00
0,0.9250,2.347735706647E+01,1.122075006371E-02,6.792632764518E+00
0,0.9260,2.344701340739E+01,1.106586996767E-02,6.785297307969E+00
0,0.9270,2.341673238909E+01,1.091132402503E-02,6.777977677648E+00
0,0.9280,2.338651572550E+01,1.075711115554E-02,6.770673822392E+00
0,0.9290,2.335635818956E+01,1.060323028361E-02,6.763385691259E+00
0,0.9300,2.332626452733E+01,1.044968033830E-02,6.756113233526E+00
0,0.9310,2.329553066816E+01,1.031846152508E-02,6.748856398689E+00
0,0.9320,2.326485630053E+01,1.018752429731E-02,6.741615136459E+00
0,0.9330,2.323424798205E+01,1.005686774955E-02,6.734389396763E+00
0,0.9340,2.320370200288E+01,9.926490980266E-03,6.727179129743E+00
0,0.9350,2.317321710672E+01,9.796393091771E-03,6.719984285754E+00
0,0.9360,2.314279283659E+01,9.666573190219E-03,6.712804815363E+00
0,0.9370,2.311243329360E+01,9.537030385574E-03,6.705640669349E+00
0,0.9380,2.308213533429E+01,9.407763791601E-03,6.698491798699E+00
0,0.9390,2.305189547352E+01,9.278772525836E-03,6.691358154611E+00
0,0.9400,2.302171918916E+01,9.150055709572E-03,6.684239688489E+00
0,0.9410,2.299229950769E+01,9.013733446944E-03,6.677136351944E+00
0,0.9420,2.296293907590E+01,8.877700615870E-03,6.670048096794E+00
0,0.9430,2.293363913685E+01,8.741956295573E-03,6.662974875058E+00
0,0.9440,2.290439624425E+01,8.606499569175E-03,6.655916638961E+00
0,0.9450,2.287521325136E+01,8.471329523680E-03,6.648873340931E+00
0,0.9460,2.284608958355E+01,8.336445249951E-03,6.641844933594E+00
0,0.9470,2.281702421226E+01,8.201845842692E-03,6.634831369778E+00
0,0.9480,2.278801470775E+01,8.067530400427E-03,6.627832602510E+00
0,0.9490,2.275906561641E+01,7.933498025480E-03,6.620848585015E+00
0,0.9500,2.273017574687E+01,7.799747823955E-03,6.613879270715E+00
0,0.9510,2.270134171359E+01,7.688742449398E-03,6.606924613228E+00
0,0.9520,2.267256616037E+01,7.577970279409E-03,6.599984566365E+00
0,0.9530,2.264384878782E+01,7.467430579872E-03,6.593059084134E+00
0,0.9540,2.261518661523E+01,7.357122619746E-03,6.586148120733E+00
0,0.9550,2.258658423475E+01,7.247045671056E-03,6.579251630555E+00
0,0.9560,2.255803634053E+01,7.137199008869E-03,6.572369568179E+00
0,0.9570,2.252954671515E+01,7.027581911284E-03,6.565501888380E+00
0,0.9580,2.250111309797E+01,6.918193659415E-03,6.558648546116E+00
0,0.9590,2.247273401122E+01,6.809033537372E-03,6.551809496538E+00
0,0.9600,2.244441224032E+01,6.700100832250E-03,6.544984694979E+00
0,0.9610,2.241614733657E+01,6.594108176361E-03,6.538174096961E+00
0,0.9620,2.238793781290E+01,6.488335879423E-03,6.531377658191E+00
0,0.9630,2.235978523624E+01,6.382783254962E-03,6.524595334558E+00
0,0.9640,2.233168489767E+01,6.277449619347E-03,6.517827082136E+00
0,0.9650,2.230364352732E+01,6.172334291786E-03,6.511072857181E+00
0,0.9660,2.227565693488E+01,6.067436594303E-03,6.504332616128E+00
0,0.9670,2.224772419859E+01,5.962755851726E-03,6.497606315594E+00
0,0.9680,2.221984429725E+01,5.858291391675E-03,6.490893912376E+00
0,0.9690,2.219202183968E+01,5.754042544545E-03,6.484195363446E+00
0,0.9700,2.216425358244E+01,5.650008643492E-03,6.477510625958E+00
0,0.9710,2.213653733172E+01,5.564216783703E-03,6.470839657240E+00
0,0.9720,2.210887868926E+01,5.478601450375E-03,6.464182414794E+00
0,0.9730,2.208127090903E+01,5.393162099232E-03,6.457538856300E+00
0,0.9740,2.205371689306E+01,5.307898188236E-03,6.450908939609E+00
0,0.9750,2.202621889849E+01,5.222809177569E-03,6.444292622748E+00
0,0.9760,2.199877361557E+01,5.137894529630E-03,6.437689863914E+00
0,0.9770,2.197138121196E+01,5.053153709015E-03,6.431100621473E+00
0,0.9780,2.194404180597E+01,4.968586182511E-03,6.424524853967E+00
0,0.9790,2.191675554433E+01,4.884191419085E-03,6.417962520102E+00
0,0.9800,2.188952081258E+01,4.799968889870E-03,6.411413578755E+00
0,0.9810,2.186233923144E+01,4.714195155978E-03,6.404877988970E+00
0,0.9820,2.183521263158E+01,4.628596114007E-03,6.398355709959E+00
0,0.9830,2.180813405077E+01,4.543171230820E-03,6.391846701098E+00
0,0.9840,2.178110909611E+01,4.457919975444E-03,6.385350921930E+00
0,0.9850,2.175413737350E+01,4.372841819064E-03,6.378868332162E+00
0,0.9860,2.172721932087E+01,4.287936235009E-03,6.372398891663E+00
0,0.9870,2.170034799089E+01,4.203202698743E-03,6.365942560466E+00
0,0.9880,2.167353288220E+01,4.118640687855E-03,6.359499298765E+00
0,0.9890,2.164676668435E+01,4.034249682044E-03,6.353069066916E+00
0,0.9900,2.162005205305E+01,3.950029163114E-03,6.346651825434E+00
0,0.9910,2.159405072732E+01,3.874347741704E-03,6.340247534995E+00
0,0.9920,2.156810073432E+01,3.798818903806E-03,6.333856156431E+00
0,0.9930,2.154220116404E+01,3.723442188441E-03,6.327477650735E+00
0,0.9940,2.151634868560E+01,3.648217136487E-03,6.321111979054E+00
0,0.9950,2.149054768658E+01,3.573143290668E-03,6.314759102693E+00
0,0.9960,2.146479255148E+01,3.498220195543E-03,6.308418983112E+00
0,0.9970,2.143908864600E+01,3.423447397500E-03,6.302091581925E+00
0,0.9980,2.141343359130E+01,3.348824444743E-03,6.295776860901E+00
0,0.9990,2.138782755167E+01,3.274350887287E-03,6.289474781962E+00
0,1.0000,2.136226838121E+01,3.200026276947E-03,6.283185307180E+00
0,1.0010,2.133610153159E+01,3.134945407595E-03,6.276908398781E+00
0,1.0020,2.130998270200E+01,3.069994440179E-03,6.270644019141E+00
0,1.0030,2.128391374237E+01,3.005172986158E-03,6.264392130787E+00
0,1.0040,2.125789235368E+01,2.940480658538E-03,6.258152696394E+00
0,1.0050,2.123192137452E+01,2.875917071870E-03,6.251925678786E+00
0,1.0060,2.120600008632E+01,2.811481842232E-03,6.245711040934E+00
0,1.0070,2.118012716203E+01,2.747174587232E-03,6.239508745958E+00
0,1.0080,2.115429938259E+01,2.682994925991E-03,6.233318757123E+00
0,1.0090,2.112852335621E+01,2.618942479143E-03,6.227141037839E+00
0,1.0100,2.110279309634E+01,2.555016868823E-03,6.220975551663E+00
0,1.0110,2.107776421946E+01,2.498513919999E-03,6.214822262294E+00
0,1.0120,2.105278229484E+01,2.442122637081E-03,6.208681133577E+00
0,1.0130,2.102784805888E+01,2.385842689371E-03,6.202552129496E+00
0,1.0140,2.100295970136E+01,2.329673747476E-03,6.196435214181E+00
0,1.0150,2.097811525167E+01,2.273615483298E-03,6.190330351901E+00
0,1.0160,2.095332042737E+01,2.217667570034E-03,6.184237507067E+00
0,1.0170,2.092856925446E+01,2.161829682165E-03,6.178156644228E+00
0,1.0180,2.090386438982E+01,2.106101495451E-03,6.172087728074E+00
0,1.0190,2.087920534597E+01,2.050482686924E-03,6.166030723434E+00
0,1.0200,2.085459278923E+01,1.994972934885E-03,6.159985595274E+00
0,1.0210,2.083002404264E+01,1.946045876722E-03,6.153952308697E+00
0,1.0220,2.080550393765E+01,1.897214566227E-03,6.147930828943E+00
0,1.0230,2.078102535027E+01,1.848478722614E-03,6.141921121388E+00
0,1.0240,2.075659279808E+01,1.799838066196E-03,6.135923151543E+00
0,1.0250,2.073220633081E+01,1.751292318375E-03,6.129936885053E+00
0,1.0260,2.070786220326E+01,1.702841201642E-03,6.123962287699E+00
0,1.0270,2.068356589210E+01,1.654484439567E-03,6.117999325394E+00
0,1.0280,2.065931453475E+01,1.606221756795E-03,6.112047964182E+00
0,1.0290,2.063510575864E+01,1.558052879044E-03,6.106108170243E+00
0,1.0300,2.061093910425E+01,1.509977533093E-03,6.100179909883E+00
0,1.0310,2.058682214793E+01,1.471648759615E-03,6.094263149544E+00
0,1.0320,2.056274425423E+01,1.433394266705E-03,6.088357855794E+00
0,1.0330,2.053871307023E+01,1.395213838642E-03,6.082463995334E+00
0,1.0340,2.051472384612E+01,1.357107260535E-03,6.076581534990E+00
0,1.0350,2.049077847641E+01,1.319074318329E-03,6.070710441719E+00
0,1.0360,2.046687870493E+01,1.281114798791E-03,6.064850682606E+00
0,1.0370,2.044301889899E+01,1.243228489512E-03,6.059002224860E+00
0,1.0380,2.041920672459E+01,1.205415178903E-03,6.053165035818E+00
0,1.0390,2.039543544480E+01,1.167674656187E-03,6.047339082945E+00
0,1.0400,2.037170660654E+01,1.130006711399E-03,6.041524333827E+00
0,1.0410,2.034802123064E+01,1.098235605911E-03,6.035720756176E+00
0,1.0420,2.032437921107E+01,1.066525481431E-03,6.029928317831E+00
0,1.0430,2.030077816335E+01,1.034876162560E-03,6.024146986749E+00
0,1.0440,2.027722213749E+01,1.003287474567E-03,6.018376731015E+00
0,1.0450,2.025370744203E+01,9.717592433936E-04,6.012617518832E+00
0,1.0460,2.023023476405E+01,9.402912956450E-04,6.006869318527E+00
0,1.0470,2.020680238951E+01,9.088834585892E-04,6.001132098548E+00
0,1.0480,2.018341559602E+01,8.775355601539E-04,5.995405827461E+00
0,1.0490,2.016006615924E+01,8.462474289223E-04,5.989690473956E+00
0,1.0500,2.013676340467E+01,8.150188941313E-04,5.983986006838E+00
0,1.0510,2.011350014125E+01,7.887944313071E-04,5.978292395033E+00
0,1.0520,2.009027833245E+01,7.626198248760E-04,5.972609607585E+00
0,1.0530,2.006709854121E+01,7.364949327972E-04,5.966937613656E+00
0,1.0540,2.004396103003E+01,7.104196135686E-04,5.961276382523E+00
0,1.0550,2.002086091140E+01,6.843937262248E-04,5.955625883583E+00
0,1.0560,1.999780462481E+01,6.584171303343E-04,5.949986086344E+00
0,1.0570,1.997479056990E+01,6.324896859971E-04,5.944356960435E+00
0,1.0580,1.995181553208E+01,6.066112538419E-04,5.938738475595E+00
0,1.0590,1.992888030497E+01,5.807816950242E-04,5.933130601680E+00
0,1.0600,1.990598767898E+01,5.550008712231E-04,5.927533308660E+00
0,1.0610,1.988313523357E+01,5.393691167034E-04,5.921946566616E+00
0,1.0620,1.986032319655E+01,5.237668005161E-04,5.916370345743E+00
0,1.0630,1.983754883456E+01,5.081938395803E-04,5.910804616350E+00
0,1.0640,1.981481654525E+01,4.926501511275E-04,5.905249348853E+00
0,1.0650,1.979212505230E+01,4.771356527000E-04,5.899704513784E+00
0,1.0660,1.976947556130E+01,4.616502621494E-04,5.894170081782E+00
0,1.0670,1.974686149140E+01,4.461938976355E-04,5.888646023598E+00
0,1.0680,1.972428804898E+01,4.307664776244E-04,5.883132310093E+00
0,1.0690,1.970175449322E+01,4.153679208874E-04,5.877628912235E+00
0,1.0700,1.967926140962E+01,3.999981464995E-04,5.872135801102E+00
0,1.0710,1.965680788726E+01,3.909226591861E-04,5.866652947880E+00
0,1.0720,1.963439178567E+01,3.818641037520E-04,5.861180323862E+00
0,1.0730,1.961201664251E+01,3.728224328574E-04,5.855717900447E+00
0,1.0740,1.958967850638E+01,3.637975993388E-04,5.850265649143E+00
0,1.0750,1.956738221828E+01,3.547895562081E-04,5.844823541562E+00
0,1.0760,1.954512110627E+01,3.457982566521E-04,5.839391549423E+00
0,1.0770,1.952290015019E+01,3.368236540311E-04,5.833969644549E+00
0,1.0780,1.950071999690E+01,3.278657018788E-04,5.828557798868E+00
0,1.0790,1.947857660838E+01,3.189243539010E-04,5.823155984411E+00
0,1.0800,1.945647067046E+01,3.099995639751E-04,5.817764173314E+00
0,1.0810,1.943501882812E+01,3.024374338983E-04,5.812382337816E+00
0,1.0820,1.941360481520E+01,2.948892818808E-04,5.807010450258E+00
0,1.0830,1.939222649375E+01,2.873550692023E-04,5.801648483084E+00
0,1.0840,1.937088321849E+01,2.798347572851E-04,5.796296408837E+00
0,1.0850,1.934957927408E+01,2.723283076941E-04,5.790954200166E+00
0,1.0860,1.932831349730E+01,2.648356821354E-04,5.785621829815E+00
0,1.0870,1.930708025953E+01,2.573568424564E-04,5.780299270634E+00
0,1.0880,1.928588738448E+01,2.498917506444E-04,5.774986495569E+00
0,1.0890,1.926472965298E+01,2.424403688265E-04,5.769683477667E+00
0,1.0900,1.924360955985E+01,2.350026592689E-04,5.764390190073E+00
0,1.0910,1.922191499957E+01,2.289527072121E-04,5.759106606031E+00
0,1.0920,1.920025720055E+01,2.229138356536E-04,5.753832698882E+00
0,1.0930,1.917863703527E+01,2.168860141802E-04,5.748568442067E+00
0,1.0940,1.915705483661E+01,2.108692124902E-04,5.743313809122E+00
0,1.0950,1.913550774341E+01,2.048634003923E-04,5.738068773680E+00
0,1.0960,1.911399748035E+01,1.988685478055E-04,5.732833309470E+00
0,1.0970,1.909252553976E+01,1.928846247586E-04,5.727607390319E+00
0,1.0980,1.907108734990E+01,1.869116013893E-04,5.722390990145E+00
0,1.0990,1.904968687653E+01,1.809494479443E-04,5.717184082966E+00
1,0.4000,8.717336769270E+01,4.649557127313E+00,1.570796326795E+01
1,0.4010,8.650318478862E+01,4.529847561859E+00,1.566879128972E+01
1,0.4020,8.583624329478E+01,4.410733566383E+00,1.562981419696E+01
1,0.4030,8.517251766859E+01,4.292210707361E+00,1.559103053891E+01
1,0.4040,8.451198079226E+01,4.174274595166E+00,1.555243887916E+01
1,0.4050,8.385460411502E+01,4.056920883525E+00,1.551403779551E+01
1,0.4060,8.320036766842E+01,3.940145268985E+00,1.547582587975E+01
1,0.4070,8.254924480593E+01,3.823943490389E+00,1.543780173754E+01
1,0.4080,8.190121792532E+01,3.708311328355E+00,1.539996398819E+01
1,0.4090,8.125624557982E+01,3.593244604766E+00,1.536231126450E+01
1,0.4100,8.061432333243E+01,3.478739182268E+00,1.532484221263E+01
1,0.4110,8.008680854015E+01,3.392308563657E+00,1.528755549192E+01
1,0.4120,7.956178370639E+01,3.306297511157E+00,1.525044977471E+01
1,0.4130,7.903922517709E+01,3.220702977070E+00,1.521352374620E+01
1,0.4140,7.851912448283E+01,3.135521943148E+00,1.517677610430E+01
1,0.4150,7.800144494347E+01,3.050751420233E+00,1.514020555947E+01
1,0.4160,7.748618571124E+01,2.966388447909E+00,1.510381083457E+01
1,0.4170,7.697332705129E+01,2.882430094157E+00,1.506759066470E+01
1,0.4180,7.646283957728E+01,2.798873455016E+00,1.503154379708E+01
1,0.4190,7.595471462345E+01,2.715715654249E+00,1.499566899088E+01
1,0.4200,7.544893471790E+01,2.632953843009E+00,1.495996501709E+01
1,0.4210,7.500749174902E+01,2.569986959374E+00,1.492443065838E+01
1,0.4220,7.456807719090E+01,2.507318496988E+00,1.488906470896E+01
1,0.4230,7.413068453160E+01,2.444946339389E+00,1.485386597442E+01
1,0.4240,7.369529079503E+01,2.382868390081E+00,1.481883327165E+01
1,0.4250,7.326188611900E+01,2.321082572299E+00,1.478396542866E+01
1,0.4260,7.283045663586E+01,2.259586828779E+00,1.474926128446E+01
1,0.4270,7.240098649568E+01,2.198379121528E+00,1.471471968895E+01
1,0.4280,7.197345839378E+01,2.137457431601E+00,1.468033950276E+01
1,0.4290,7.154786155091E+01,2.076819758877E+00,1.464611959716E+01
1,0.4300,7.112418181923E+01,2.016464121839E+00,1.461205885391E+01
1,0.4310,7.075122811586E+01,1.966593266679E+00,1.457815616515E+01
1,0.4320,7.037994686592E+01,1.916953295107E+00,1.454441043329E+01
1,0.4330,7.001033885219E+01,1.867542607469E+00,1.451082057085E+01
1,0.4340,6.964237803369E+01,1.818359618852E+00,1.447738550041E+01
1,0.4350,6.927605852690E+01,1.769402758918E+00,1.444410415444E+01
1,0.4360,6.891137189445E+01,1.720670471737E+00,1.441097547518E+01
1,0.4370,6.854830027558E+01,1.672161215618E+00,1.437799841460E+01
1,0.4380,6.818684062842E+01,1.623873462951E+00,1.434517193420E+01
1,0.4390,6.782697128581E+01,1.575805700047E+00,1.431249500496E+01
1,0.4400,6.746868764875E+01,1.527956426973E+00,1.427996660723E+01
1,0.4410,6.713514117617E+01,1.495002020225E+00,1.424758573057E+01
1,0.4420,6.680306120700E+01,1.462196728440E+00,1.421535137371E+01
1,0.4430,6.647243504576E+01,1.429539541810E+00,1.418326254442E+01
1,0.4440,6.614325478479E+01,1.397029459624E+00,1.415131825941E+01
1,0.4450,6.581550158427E+01,1.364665490167E+00,1.411951754422E+01
1,0.4460,6.548918023504E+01,1.332446650618E+00,1.408785943314E+01
1,0.4470,6.516426383169E+01,1.300371966950E+00,1.405634296908E+01
1,0.4480,6.484075718606E+01,1.268440473834E+00,1.402496720353E+01
1,0.4490,6.451864201145E+01,1.236651214541E+00,1.399373119639E+01
1,0.4500,6.419791251577E+01,1.205003240845E+00,1.396263401595E+01
1,0.4510,6.390266174478E+01,1.181543941427E+00,1.393167473876E+01
1,0.4520,6.360867773283E+01,1.158188444218E+00,1.390085244951E+01
1,0.4530,6.331595027452E+01,1.134936061787E+00,1.387016624101E+01
1,0.4540,6.302446989060E+01,1.111786112760E+00,1.383961521405E+01
1,0.4550,6.273423573840E+01,1.088737921749E+00,1.380919847732E+01
1,0.4560,6.244522788185E+01,1.065790819296E+00,1.377891514732E+01
1,0.4570,6.215744420504E+01,1.042944141799E+00,1.374876434831E+01
1,0.4580,6.187087862556E+01,1.020197231453E+00,1.371874521218E+01
1,0.4590,6.158551803857E+01,9.975494361844E-01,1.368885687839E+01
1,0.4600,6.130136250458E+01,9.750001095908E-01,1.365909849387E+01
1,0.4610,6.103783755405E+01,9.602165502576E-01,1.362946921297E+01
1,0.4620,6.077541694394E+01,9.454969890168E-01,1.359996819736E+01
1,0.4630,6.051410165316E+01,9.308410111938E-01,1.357059461594E+01
1,0.4640,6.025386812669E+01,9.162482056890E-01,1.354134764478E+01
1,0.4650,5.999472131940E+01,9.017181649391E-01,1.351222646705E+01
1,0.4660,5.973665155855E+01,8.872504848791E-01,1.348323027292E+01
1,0.4670,5.947964977795E+01,8.728447649050E-01,1.345435825949E+01
1,0.4680,5.922370361969E+01,8.585006078367E-01,1.342560963073E+01
1,0.4690,5.896881982412E+01,8.442176198818E-01,1.339698359740E+01
1,0.4700,5.871497975019E+01,8.299954105990E-01,1.336847937698E+01
1,0.4710,5.847852294791E+01,8.187857561508E-01,1.334009619359E+01
1,0.4720,5.824303050390E+01,8.076236002383E-01,1.331183327792E+01
1,0.4730,5.800850279482E+01,7.965086416024E-01,1.328368986719E+01
1,0.4740,5.777493632521E+01,7.854405815261E-01,1.325566520502E+01
1,0.4750,5.754231329039E+01,7.744191238081E-01,1.322775854143E+01
1,0.4760,5.731063918384E+01,7.634439747359E-01,1.319996913273E+01
1,0.4770,5.707990703170E+01,7.525148430602E-01,1.317229624147E+01
1,0.4780,5.685010048912E+01,7.416314399690E-01,1.314473913636E+01
1,0.4790,5.662122639939E+01,7.307934790619E-01,1.311729709223E+01
1,0.4800,5.639327045247E+01,7.200006763252E-01,1.308996938996E+01
1,0.4810,5.617824640831E+01,7.108320372249E-01,1.306275531638E+01
1,0.4820,5.596408105656E+01,7.017014422703E-01,1.303565416427E+01
1,0.4830,5.575078002543E+01,6.926086551623E-01,1.300866523226E+01
1,0.4840,5.553832407577E+01,6.835534415547E-01,1.298178782475E+01
1,0.4850,5.532671727146E+01,6.745355690342E-01,1.295502125192E+01
1,0.4860,5.511595403456E+01,6.655548071001E-01,1.292836482959E+01
1,0.4870,5.490602337535E+01,6.566109271453E-01,1.290181787922E+01
1,0.4880,5.469692103414E+01,6.477037024362E-01,1.287537972783E+01
1,0.4890,5.448864693391E+01,6.388329080940E-01,1.284904970793E+01
1,0.4900,5.428119517373E+01,6.299983210756E-01,1.282282715751E+01
1,0.4910,5.409158370129E+01,6.223603818808E-01,1.279671141992E+01
1,0.4920,5.390271281067E+01,6.147534912194E-01,1.277070184386E+01
1,0.4930,5.371458763619E+01,6.071774601550E-01,1.274479778333E+01
1,0.4940,5.352719824378E+01,5.996321012811E-01,1.271899859753E+01
1,0.4950,5.334054107718E+01,5.921172287057E-01,1.269330365087E+01
1,0.4960,5.315460782818E+01,5.846326580358E-01,1.266771231286E+01
1,0.4970,5.296940169443E+01,5.771782063626E-01,1.264222395811E+01
1,0.4980,5.278491111413E+01,5.697536922463E-01,1.261683796622E+01
1,0.4990,5.260114160457E+01,5.623589357017E-01,1.259155372180E+01
1,0.5000,5.241807426327E+01,5.549937581832E-01,1.256637061436E+01
1,0.5010,5.223957103699E+01,5.478686762100E-01,1.254128803828E+01
1,0.5020,5.206174985483E+01,5.407719810176E-01,1.251630539279E+01
1,0.5030,5.188461582566E+01,5.337035033011E-01,1.249142208187E+01
1,0.5040,5.170816117018E+01,5.266630750993E-01,1.246663751425E+01
1,0.5050,5.153237853110E+01,5.196505297815E-01,1.244195110333E+01
1,0.5060,5.135726819446E+01,5.126657020341E-01,1.241736226715E+01
1,0.5070,5.118282272707E+01,5.057084278479E-01,1.239287042836E+01
1,0.5080,5.100904319754E+01,4.987785445049E-01,1.236847501413E+01
1,0.5090,5.083591885264E+01,4.918758905661E-01,1.234417545615E+01
1,0.5100,5.066344639714E+01,4.850003058583E-01,1.231997119055E+01
1,0.5110,5.049793826890E+01,4.804214475246E-01,1.229586165789E+01
1,0.5120,5.033305379393E+01,4.758604753562E-01,1.227184630309E+01
1,0.5130,5.016878920721E+01,4.713172847558E-01,1.224792457540E+01
1,0.5140,5.000514103781E+01,4.667917719397E-01,1.222409592836E+01
1,0.5150,4.984210452963E+01,4.622838339308E-01,1.220035981977E+01
1,0.5160,4.967967365695E+01,4.577933685497E-01,1.217671571159E+01
1,0.5170,4.951785311882E+01,4.533202744081E-01,1.215316306998E+01
1,0.5180,4.935663519458E+01,4.488644509002E-01,1.212970136521E+01
1,0.5190,4.919601442930E+01,4.444257981958E-01,1.210633007164E+01
1,0.5200,4.903598656496E+01,4.400042172326E-01,1.208304866765E+01
1,0.5210,4.888399060484E+01,4.351714847982E-01,1.205985663566E+01
1,0.5220,4.873255650598E+01,4.303572685800E-01,1.203675346203E+01
1,0.5230,4.858167797678E+01,4.255614623665E-01,1.201373863705E+01
1,0.5240,4.843135383103E+01,4.207839607569E-01,1.199081165492E+01
1,0.5250,4.828158341055E+01,4.160246591534E-01,1.196797201368E+01
1,0.5260,4.813236370522E+01,4.112834537537E-01,1.194521921517E+01
1,0.5270,4.798368438754E+01,4.065602415434E-01,1.192255276505E+01
1,0.5280,4.783555284874E+01,4.018549202884E-01,1.189997217269E+01
1,0.5290,4.768795987263E+01,3.971673885278E-01,1.187747695119E+01
1,0.5300,4.754090287275E+01,3.924975455662E-01,1.185506661732E+01
1,0.5310,4.739803005430E+01,3.884298288572E-01,1.183274069149E+01
1,0.5320,4.725567521968E+01,3.843774043163E-01,1.181049869771E+01
1,0.5330,4.711383746765E+01,3.803401858712E-01,1.178834016356E+01
1,0.5340,4.697251037705E+01,3.763180880945E-01,1.176626462019E+01
1,0.5350,4.683169098497E+01,3.723110261973E-01,1.174427160220E+01
1,0.5360,4.669137861643E+01,3.683189160236E-01,1.172236064772E+01
1,0.5370,4.655156421209E+01,3.643416740442E-01,1.170053129829E+01
1,0.5380,4.641225660387E+01,3.603792173510E-01,1.167878309885E+01
1,0.5390,4.627344556856E+01,3.564314636510E-01,1.165711559774E+01
1,0.5400,4.613512440430E+01,3.524983312611E-01,1.163552834663E+01
1,0.5410,4.600208570580E+01,3.491441805176E-01,1.161402090052E+01
1,0.5420,4.586951951195E+01,3.458024067141E-01,1.159259281767E+01
1,0.5430,4.573742276431E+01,3.424729414697E-01,1.157124365963E+01
1,0.5440,4.560579363290E+01,3.391557169064E-01,1.154997299114E+01
1,0.5450,4.547463020666E+01,3.358506656442E-01,1.152878038015E+01
1,0.5460,4.534392573726E+01,3.325577207969E-01,1.150766539776E+01
1,0.5470,4.521368383305E+01,3.292768159674E-01,1.148662761824E+01
1,0.5480,4.508389939689E+01,3.260078852430E-01,1.146566661894E+01
1,0.5490,4.495456671923E+01,3.227508631916E-01,1.144478198029E+01
1,0.5500,4.482568821705E+01,3.195056848567E-01,1.142397328578E+01
1,0.5510,4.470078973261E+01,3.164057036630E-01,1.140324012192E+01
1,0.5520,4.457632313576E+01,3.133169542852E-01,1.138258207822E+01
1,0.5530,4.445229157314E+01,3.102393757912E-01,1.136199874716E+01
1,0.5540,4.432869170076E+01,3.071729076889E-01,1.134148972415E+01
1,0.5550,4.420552216066E+01,3.041174899221E-01,1.132105460753E+01
1,0.5560,4.408276964098E+01,3.010730628667E-01,1.130069299852E+01
1,0.5570,4.396044970055E+01,2.980395673267E-01,1.128040450122E+01
1,0.5580,4.383855016351E+01,2.950169445307E-01,1.126018872254E+01
1,0.5590,4.371706477177E+01,2.920051361274E-01,1.124004527224E+01
1,0.5600,4.359600219264E+01,2.890040841827E-01,1.121997376282E+01
1,0.5610,4.347766125764E+01,2.866666896486E-01,1.119997380959E+01
1,0.5620,4.335973294428E+01,2.843376132444E-01,1.118004503057E+01
1,0.5630,4.324220051258E+01,2.820168106464E-01,1.116018704650E+01
1,0.5640,4.312507383033E+01,2.797042378447E-01,1.114039948081E+01
1,0.5650,4.300834175910E+01,2.773998511415E-01,1.112068195961E+01
1,0.5660,4.289200596933E+01,2.751036071475E-01,1.110103411162E+01
1,0.5670,4.277606384463E+01,2.728154627795E-01,1.108145556822E+01
1,0.5680,4.266051649039E+01,2.705353752579E-01,1.106194596334E+01
1,0.5690,4.254535822647E+01,2.682633021037E-01,1.104250493353E+01
1,0.5700,4.243058347046E+01,2.659992011361E-01,1.102313211786E+01
1,0.5710,4.231961501916E+01,2.637650381238E-01,1.100382715793E+01
1,0.5720,4.220901478973E+01,2.615386868703E-01,1.098458969787E+01
1,0.5730,4.209878625994E+01,2.593201064764E-01,1.096541938426E+01
1,0.5740,4.198893196249E+01,2.571092563277E-01,1.094631586617E+01
1,0.5750,4.187943868834E+01,2.549060960926E-01,1.092727879509E+01
1,0.5760,4.177031048250E+01,2.527105857194E-01,1.090830782496E+01
1,0.5770,4.166154720286E+01,2.505226854341E-01,1.088940261210E+01
1,0.5780,4.155314194118E+01,2.483423557381E-01,1.087056281519E+01
1,0.5790,4.144509872538E+01,2.461695574055E-01,1.085178809530E+01
1,0.5800,4.133741333012E+01,2.440042514809E-01,1.083307811583E+01
1,0.5810,4.123232277782E+01,2.420237559709E-01,1.081443254248E+01
1,0.5820,4.112758220330E+01,2.400500662874E-01,1.079585104326E+01
1,0.5830,4.102318016596E+01,2.380831474090E-01,1.077733328847E+01
1,0.5840,4.091912726267E+01,2.361229645541E-01,1.075887895065E+01
1,0.5850,4.081541003901E+01,2.341694831791E-01,1.074048770458E+01
1,0.5860,4.071203636894E+01,2.322226689760E-01,1.072215922727E+01
1,0.5870,4.060899843418E+01,2.302824878708E-01,1.070389319792E+01
1,0.5880,4.050629963589E+01,2.283489060209E-01,1.068568929792E+01
1,0.5890,4.040392829593E+01,2.264218898141E-01,1.066754721083E+01
1,0.5900,4.030189475963E+01,2.245014058655E-01,1.064946662234E+01
1,0.5910,4.020239534839E+01,2.229021118543E-01,1.063144722027E+01
1,0.5920,4.010322134833E+01,2.213082208635E-01,1.061348869456E+01
1,0.5930,4.000436559635E+01,2.197197055589E-01,1.059559073723E+01
1,0.5940,3.990583220071E+01,2.181365387908E-01,1.057775304239E+01
1,0.5950,3.980761298225E+01,2.165586935916E-01,1.055997530618E+01
1,0.5960,3.970970826719E+01,2.149861431749E-01,1.054225722681E+01
1,0.5970,3.961212018893E+01,2.134188609339E-01,1.052459850449E+01
1,0.5980,3.951484357867E+01,2.118568204394E-01,1.050699884144E+01
1,0.5990,3.941787747695E+01,2.102999954392E-01,1.048945794187E+01
1,0.6000,3.932122387724E+01,2.087483598555E-01,1.047197551197E+01
1,0.6010,3.922595880977E+01,2.068453875867E-01,1.045455125987E+01
1,0.6020,3.913100392279E+01,2.049487374849E-01,1.043718489565E+01
1,0.6030,3.903634396810E+01,2.030583780965E-01,1.041987613131E+01
1,0.6040,3.894198571803E+01,2.011742781763E-01,1.040262468076E+01
1,0.6050,3.884792752069E+01,1.992964066856E-01,1.038543025980E+01
1,0.6060,3.875416866418E+01,1.974247327905E-01,1.036829258610E+01
1,0.6070,3.866070056116E+01,1.955592258606E-01,1.035121137921E+01
1,0.6080,3.856752727660E+01,1.936998554665E-01,1.033418636049E+01
1,0.6090,3.847464943073E+01,1.918465913792E-01,1.031721725317E+01
1,0.6100,3.838206101207E+01,1.899994035676E-01,1.030030378226E+01
1,0.6110,3.829190003636E+01,1.885788551254E-01,1.028344567460E+01
1,0.6120,3.820202243276E+01,1.871629489983E-01,1.026664265879E+01
1,0.6130,3.811242666979E+01,1.857516624670E-01,1.024989446522E+01
1,0.6140,3.802311420805E+01,1.843449729604E-01,1.023320082603E+01
1,0.6150,3.793407221278E+01,1.829428580537E-01,1.021656147509E+01
1,0.6160,3.784530770470E+01,1.815452954681E-01,1.019997614802E+01
1,0.6170,3.775682212569E+01,1.801522630692E-01,1.018344458214E+01
1,0.6180,3.766860906862E+01,1.787637388658E-01,1.016696651647E+01
1,0.6190,3.758066734406E+01,1.773797010088E-01,1.015054169173E+01
1,0.6200,3.749299621287E+01,1.760001277900E-01,1.013416985029E+01
1,0.6210,3.740664813110E+01,1.747828361126E-01,1.011785073620E+01
1,0.6220,3.732056279026E+01,1.735694585564E-01,1.010158409514E+01
1,0.6230,3.723474812485E+01,1.723599762732E-01,1.008536967445E+01
1,0.6240,3.714919504539E+01,1.711543705359E-01,1.006920722304E+01
1,0.6250,3.706389864783E+01,1.699526227368E-01,1.005309649149E+01
1,0.6260,3.697886800850E+01,1.687547143877E-01,1.003703723192E+01
1,0.6270,3.689409078231E+01,1.675606271177E-01,1.002102919805E+01
1,0.6280,3.680957639531E+01,1.663703426735E-01,1.000507214519E+01
1,0.6290,3.672531730236E+01,1.651838429175E-01,9.989165830174E+00
1,0.6300,3.664131125867E+01,1.640011098274E-01,9.973310011396E+00
1,0.6310,3.655860023404E+01,1.627335037055E-01,9.957504448779E+00
1,0.6320,3.647613827663E+01,1.614699089954E-01,9.941748903765E+00
1,0.6330,3.639392905176E+01,1.602103066856E-01,9.926043139304E+00
1,0.6340,3.631196108657E+01,1.589546778847E-01,9.910386919842E+00
1,0.6350,3.623024381927E+01,1.577030038202E-01,9.894780011306E+00
1,0.6360,3.614876930762E+01,1.564552658376E-01,9.879222181100E+00
1,0.6370,3.606754368549E+01,1.552114453998E-01,9.863713198084E+00
1,0.6380,3.598655134702E+01,1.539715240855E-01,9.848252832570E+00
1,0.6390,3.590580646618E+01,1.527354835892E-01,9.832840856306E+00
1,0.6400,3.582530131190E+01,1.515033057194E-01,9.817477042468E+00
1,0.6410,3.574606287622E+01,1.502857547756E-01,9.802161165647E+00
1,0.6420,3.566705768524E+01,1.490719968254E-01,9.786893001837E+00
1,0.6430,3.558828606063E+01,1.478620141721E-01,9.771672328429E+00
1,0.6440,3.550975031708E+01,1.466557892289E-01,9.756498924192E+00
1,0.6450,3.543144508658E+01,1.454533045181E-01,9.741372569271E+00
1,0.6460,3.535336976228E+01,1.442545426701E-01,9.726293045170E+00
1,0.6470,3.527552601723E+01,1.430594864230E-01,9.711260134744E+00
1,0.6480,3.519790717409E+01,1.418681186210E-01,9.696273622191E+00
1,0.6490,3.512051854552E+01,1.406804222144E-01,9.681333293035E+00
1,0.6500,3.504335826949E+01,1.394963802583E-01,9.666438934122E+00
1,0.6510,3.496743052067E+01,1.383816067262E-01,9.651590333609E+00
1,0.6520,3.489173172031E+01,1.372702527448E-01,9.636787280950E+00
1,0.6530,3.481624631506E+01,1.361623026040E-01,9.622029566891E+00
1,0.6540,3.474098691019E+01,1.350577406900E-01,9.607316983455E+00
1,0.6550,3.466593958282E+01,1.339565514841E-01,9.592649323938E+00
1,0.6560,3.459111336500E+01,1.328587195624E-01,9.578026382896E+00
1,0.6570,3.451650323509E+01,1.317642295948E-01,9.563447956133E+00
1,0.6580,3.444211270578E+01,1.306730663444E-01,9.548913840698E+00
1,0.6590,3.436793512760E+01,1.295852146669E-01,9.534423834870E+00
1,0.6600,3.429397058312E+01,1.285006595096E-01,9.519977738151E+00
1,0.6610,3.422121134254E+01,1.275885851522E-01,9.505575351255E+00
1,0.6620,3.414866923185E+01,1.266792663065E-01,9.491216476102E+00
1,0.6630,3.407632815314E+01,1.257726905041E-01,9.476900915806E+00
1,0.6640,3.400420178292E+01,1.248688453517E-01,9.462628474668E+00
1,0.6650,3.393227468946E+01,1.239677185306E-01,9.448398958165E+00
1,0.6660,3.386055513141E+01,1.230692977960E-01,9.434212172942E+00
1,0.6670,3.378904444274E+01,1.221735709767E-01,9.420067926806E+00
1,0.6680,3.371772983035E+01,1.212805259742E-01,9.405966028712E+00
1,0.6690,3.364662263849E+01,1.203901507625E-01,9.391906288759E+00
1,0.6700,3.357571769583E+01,1.195024333871E-01,9.377888518178E+00
1,0.6710,3.350501218760E+01,1.185396414913E-01,9.363912529329E+00
1,0.6720,3.343450788163E+01,1.175797150475E-01,9.349978135684E+00
1,0.6730,3.336419920343E+01,1.166226412826E-01,9.336085151827E+00
1,0.6740,3.329409499969E+01,1.156684074991E-01,9.322233393442E+00
1,0.6750,3.322418084251E+01,1.147170010751E-01,9.308422677303E+00
1,0.6760,3.315446987918E+01,1.137684094629E-01,9.294652821272E+00
1,0.6770,3.308495014619E+01,1.128226201894E-01,9.280923644283E+00
1,0.6780,3.301562735815E+01,1.118796208547E-01,9.267234966342E+00
1,0.6790,3.294649273561E+01,1.109393991321E-01,9.253586608512E+00
1,0.6800,3.287756079785E+01,1.100019427676E-01,9.239978392911E+00
1,0.6810,3.280978186541E+01,1.091908734748E-01,9.226410142701E+00
1,0.6820,3.274219768172E+01,1.083821826843E-01,9.212881682082E+00
1,0.6830,3.267479541962E+01,1.075758599489E-01,9.199392836281E+00
1,0.6840,3.260758461421E+01,1.067718948823E-01,9.185943431549E+00
1,0.6850,3.254055982152E+01,1.059702771589E-01,9.172533295153E+00
1,0.6860,3.247372239543E+01,1.051709965134E-01,9.159162255364E+00
1,0.6870,3.240706541381E+01,1.043740427403E-01,9.145830141455E+00
1,0.6880,3.234059443957E+01,1.035794056933E-01,9.132536783691E+00
1,0.6890,3.227430503230E+01,1.027870752850E-01,9.119282013323E+00
1,0.6900,3.220820025727E+01,1.019970414865E-01,9.106065662579E+00
1,0.6910,3.214418807964E+01,1.012374822786E-01,9.092887564659E+00
1,0.6920,3.208035597674E+01,1.004801183286E-01,9.079747553728E+00
1,0.6930,3.201669308216E+01,9.972494013304E-02,9.066645464906E+00
1,0.6940,3.195320750924E+01,9.897193824355E-02,9.053581134265E+00
1,0.6950,3.188989872824E+01,9.822110326597E-02,9.040554398820E+00
1,0.6960,3.182675603879E+01,9.747242586017E-02,9.027565096522E+00
1,0.6970,3.176378839168E+01,9.672589673961E-02,9.014613066255E+00
1,0.6980,3.170099115439E+01,9.598150667096E-02,9.001698147822E+00
1,0.6990,3.163836643952E+01,9.523924647376E-02,8.988820181945E+00
1,0.7000,3.157590941064E+01,9.449910701998E-02,8.975979010257E+00
1,0.7010,3.151267802253E+01,9.394213535809E-02,8.963174475292E+00
1,0.7020,3.144961377265E+01,9.338675051004E-02,8.950406420484E+00
1,0.7030,3.138672411474E+01,9.283294570424E-02,8.937674690156E+00
1,0.7040,3.132400000229E+01,9.228071420755E-02,8.924979129516E+00
1,0.7050,3.126144856624E+01,9.173004932503E-02,8.912319584652E+00
1,0.7060,3.119905811358E+01,9.118094439968E-02,8.899695902521E+00
1,0.7070,3.113683640944E+01,9.063339281218E-02,8.887107930947E+00
1,0.7080,3.107478613557E+01,9.008738798057E-02,8.874555518615E+00
1,0.7090,3.101290119941E+01,8.954292336005E-02,8.862038515063E+00
1,0.7100,3.095117594732E+01,8.899999244268E-02,8.849556770675E+00
1,0.7110,3.089148241752E+01,8.849367208440E-02,8.837110136680E+00
1,0.7120,3.083194932903E+01,8.798877397431E-02,8.824698465140E+00
1,0.7130,3.077257637672E+01,8.748529212820E-02,8.812321608948E+00
1,0.7140,3.071336009020E+01,8.698322059539E-02,8.799979421820E+00
1,0.7150,3.065429969593E+01,8.648255345848E-02,8.787671758293E+00
1,0.7160,3.059539359209E+01,8.598328483312E-02,8.775398473715E+00
1,0.7170,3.053664253364E+01,8.548540886780E-02,8.763159424239E+00
1,0.7180,3.047804919685E+01,8.498891974362E-02,8.750954466824E+00
1,0.7190,3.041960821500E+01,8.449381167402E-02,8.738783459221E+00
1,0.7200,3.036132391367E+01,8.400007890461E-02,8.726646259972E+00
1,0.7210,3.030319189521E+01,8.329133361698E-02,8.714542728404E+00
1,0.7220,3.024520999151E+01,8.258455161270E-02,8.702472724625E+00
1,0.7230,3.018737948977E+01,8.187972474535E-02,8.690436109515E+00
1,0.7240,3.012970335286E+01,8.117684491356E-02,8.678432744723E+00
1,0.7250,3.007217476088E+01,8.047590406061E-02,8.666462492661E+00
1,0.7260,3.001479367244E+01,7.977689417419E-02,8.654525216501E+00
1,0.7270,2.995756530892E+01,7.907980728609E-02,8.642620780164E+00
1,0.7280,2.990048531760E+01,7.838463547186E-02,8.630749048324E+00
1,0.7290,2.984355359636E+01,7.769137085053E-02,8.618909886392E+00
1,0.7300,2.978677149917E+01,7.700000558433E-02,8.607103160520E+00
1,0.7310,2.973104276715E+01,7.639261726781E-02,8.595328737592E+00
1,0.7320,2.967545638476E+01,7.578688848221E-02,8.583586485218E+00
1,0.7330,2.962001600661E+01,7.518281243545E-02,8.571876271732E+00
1,0.7340,2.956472069334E+01,7.458038237247E-02,8.560197966185E+00
1,0.7350,2.950956143098E+01,7.397959157496E-02,8.548551438340E+00
1,0.7360,2.945455347001E+01,7.338043336115E-02,8.536936558668E+00
1,0.7370,2.939967931667E+01,7.278290108550E-02,8.525353198344E+00
1,0.7380,2.934494599317E+01,7.218698813851E-02,8.513801229241E+00
1,0.7390,2.929035349711E+01,7.159268794645E-02,8.502280523924E+00
1,0.7400,2.923589778742E+01,7.099999397113E-02,8.490790955648E+00
1,0.7410,2.918158525656E+01,7.044332579918E-02,8.479332398353E+00
1,0.7420,2.912741102469E+01,6.988815808052E-02,8.467904726657E+00
1,0.7430,2.907337288391E+01,6.933448475680E-02,8.456507815854E+00
1,0.7440,2.901947155240E+01,6.878229980222E-02,8.445141541908E+00
1,0.7450,2.896570717192E+01,6.823159722337E-02,8.433805781449E+00
1,0.7460,2.891207653358E+01,6.768237105893E-02,8.422500411769E+00
1,0.7470,2.885858259506E+01,6.713461537954E-02,8.411225310816E+00
1,0.7480,2.880522577221E+01,6.658832428753E-02,8.399980357192E+00
1,0.7490,2.875200077033E+01,6.604349191673E-02,8.388765430146E+00
1,0.7500,2.869890901725E+01,6.550011243224E-02,8.377580409573E+00
1,0.7510,2.864684314362E+01,6.489292191390E-02,8.366425176005E+00
1,0.7520,2.859490434470E+01,6.428734626396E-02,8.355299610611E+00
1,0.7530,2.854309756553E+01,6.368337904869E-02,8.344203595192E+00
1,0.7540,2.849141883609E+01,6.308101386846E-02,8.333137012175E+00
1,0.7550,2.843987086053E+01,6.248024435759E-02,8.322099744609E+00
1,0.7560,2.838845136346E+01,6.188106418404E-02,8.311091676163E+00
1,0.7570,2.833715932442E+01,6.128346704927E-02,8.300112691122E+00
1,0.7580,2.828599219352E+01,6.068744668793E-02,8.289162674379E+00
1,0.7590,2.823495632047E+01,6.009299686774E-02,8.278241511436E+00
1,0.7600,2.818404822389E+01,5.950011138917E-02,8.267349088394E+00
1,0.7610,2.813326121129E+01,5.904476839808E-02,8.256485291957E+00
1,0.7620,2.808260353054E+01,5.859062053295E-02,8.245650009422E+00
1,0.7630,2.803206977537E+01,5.813766309473E-02,8.234843128676E+00
1,0.7640,2.798165912948E+01,5.768589140896E-02,8.224064538193E+00
1,0.7650,2.793137432653E+01,5.723530082564E-02,8.213314127032E+00
1,0.7660,2.788121580146E+01,5.678588671903E-02,8.202591784830E+00
1,0.7670,2.783117746846E+01,5.633764448755E-02,8.191897401799E+00
1,0.7680,2.778126197594E+01,5.589056955354E-02,8.181230868723E+00
1,0.7690,2.773146749045E+01,5.544465736318E-02,8.170592076957E+00
1,0.7700,2.768179409470E+01,5.499990338630E-02,8.159980918415E+00
1,0.7710,2.763311197896E+01,5.464586499241E-02,8.149397285577E+00
1,0.7720,2.758455384852E+01,5.429274379642E-02,8.138841071476E+00
1,0.7730,2.753610454845E+01,5.394053623872E-02,8.128312169702E+00
1,0.7740,2.748778093799E+01,5.358923877807E-02,8.117810474392E+00
1,0.7750,2.743957057502E+01,5.323884789151E-02,8.107335880232E+00
1,0.7760,2.739147634541E+01,5.288936007425E-02,8.096888282448E+00
1,0.7770,2.734349974270E+01,5.254077183952E-02,8.086467576808E+00
1,0.7780,2.729564153044E+01,5.219307971851E-02,8.076073659614E+00
1,0.7790,2.724789816863E+01,5.184628026020E-02,8.065706427702E+00
1,0.7800,2.720026510259E+01,5.150037003127E-02,8.055365778435E+00
1,0.7810,2.715275391566E+01,5.098446871980E-02,8.045051609705E+00
1,0.7820,2.710535026503E+01,5.046988684902E-02,8.034763819923E+00
1,0.7830,2.705806439509E+01,4.995661936360E-02,8.024502308020E+00
1,0.7840,2.701088988486E+01,4.944466123402E-02,8.014266973443E+00
1,0.7850,2.696382979075E+01,4.893400745635E-02,8.004057716152E+00
1,0.7860,2.691688520843E+01,4.842465305217E-02,7.993874436615E+00
1,0.7870,2.687004894017E+01,4.791659306833E-02,7.983717035806E+00
1,0.7880,2.682332738359E+01,4.740982257684E-02,7.973585415203E+00
1,0.7890,2.677671397630E+01,4.690433667467E-02,7.963479476780E+00
1,0.7900,2.673021059637E+01,4.640013048365E-02,7.953399123012E+00
1,0.7910,2.668382249128E+01,4.600570523281E-02,7.943344256864E+00
1,0.7920,2.663754269911E+01,4.561227600532E-02,7.933314781792E+00
1,0.7930,2.659136944611E+01,4.521983903314E-02,7.923310601740E+00
1,0.7940,2.654530841580E+01,4.482839056719E-02,7.913331621133E+00
1,0.7950,2.649935292510E+01,4.443792687725E-02,7.903377744880E+00
1,0.7960,2.645351009717E+01,4.404844425186E-02,7.893448878366E+00
1,0.7970,2.640777441896E+01,4.365993899817E-02,7.883544927452E+00
1,0.7980,2.636214478146E+01,4.327240744187E-02,7.873665798471E+00
1,0.7990,2.631662152956E+01,4.288584592700E-02,7.863811398222E+00
1,0.8000,2.627120474795E+01,4.250025081593E-02,7.853981633974E+00
1,0.8010,2.622673752990E+01,4.212103097087E-02,7.844176413458E+00
1,0.8020,2.618237117270E+01,4.174275681122E-02,7.834395644862E+00
1,0.8030,2.613810987532E+01,4.136542480389E-02,7.824639236836E+00
1,0.8040,2.609395283789E+01,4.098903143340E-02,7.814907098482E+00
1,0.8050,2.604989809569E+01,4.061357320171E-02,7.805199139354E+00
1,0.8060,2.600594578516E+01,4.023904662817E-02,7.795515269454E+00
1,0.8070,2.596209239074E+01,3.986544824936E-02,7.785855399231E+00
1,0.8080,2.591834561687E+01,3.949277461901E-02,7.776219439579E+00
1,0.8090,2.587469771194E+01,3.912102230790E-02,7.766607301829E+00
1,0.8100,2.583115386140E+01,3.875018790372E-02,7.757018897753E+00
1,0.8110,2.578770746721E+01,3.840637693148E-02,7.747454139556E+00
1,0.8120,2.574436255149E+01,3.806341278429E-02,7.737912939876E+00
1,0.8130,2.570111791137E+01,3.772129233734E-02,7.728395211783E+00
1,0.8140,2.565796957392E+01,3.738001248116E-02,7.718900868771E+00
1,0.8150,2.561492632486E+01,3.703957012157E-02,7.709429824760E+00
1,0.8160,2.557197876122E+01,3.669996217952E-02,7.699981994093E+00
1,0.8170,2.552912973770E+01,3.636118559107E-02,7.690557291529E+00
1,0.8180,2.548638278938E+01,3.602323730723E-02,7.681155632249E+00
1,0.8190,2.544372895851E+01,3.568611429393E-02,7.671776931843E+00
1,0.8200,2.540117527696E+01,3.534981353188E-02,7.662421106317E+00
1,0.8210,2.535871584415E+01,3.504655151729E-02,7.653088072082E+00
1,0.8220,2.531635366786E+01,3.474402736649E-02,7.643777745961E+00
1,0.8230,2.527409025971E+01,3.444223838981E-02,7.634490045176E+00
1,0.8240,2.523192222044E+01,3.414118191064E-02,7.625224887354E+00
1,0.8250,2.518984845103E+01,3.384085526536E-02,7.615982190521E+00
1,0.8260,2.514786904084E+01,3.354125580324E-02,7.606761873099E+00
1,0.8270,2.510598672939E+01,3.324238088638E-02,7.597563853905E+00
1,0.8280,2.506419631317E+01,3.294422788960E-02,7.588388052149E+00
1,0.8290,2.502250406294E+01,3.264679420042E-02,7.579234387430E+00
1,0.8300,2.498090700927E+01,3.235007721892E-02,7.570102779734E+00
1,0.8310,2.493939939350E+01,3.206201340052E-02,7.560993149434E+00
1,0.8320,2.489798589518E+01,3.177464204322E-02,7.551905417283E+00
1,0.8330,2.485666704549E+01,3.148796065316E-02,7.542839504417E+00
1,0.8340,2.481543973237E+01,3.120196674846E-02,7.533795332350E+00
1,0.8350,2.477430145806E+01,3.091665785909E-02,7.524772822970E+00
1,0.8360,2.473326223559E+01,3.063203152688E-02,7.515771898540E+00
1,0.8370,2.469230968145E+01,3.034808530538E-02,7.506792481696E+00
1,0.8380,2.465145136373E+01,3.006481675982E-02,7.497834495441E+00
1,0.8390,2.461067947380E+01,2.978222346705E-02,7.488897863146E+00
1,0.8400,2.457000188352E+01,2.950030301546E-02,7.479982508547E+00
1,0.8410,2.453021827654E+01,2.921725994369E-02,7.471088355743E+00
1,0.8420,2.449052671210E+01,2.893488918325E-02,7.462215329192E+00
1,0.8430,2.445091607643E+01,2.865318834158E-02,7.453363353712E+00
1,0.8440,2.441139530213E+01,2.837215503745E-02,7.444532354478E+00
1,0.8450,2.437196289950E+01,2.809178690090E-02,7.435722257017E+00
1,0.8460,2.433261921595E+01,2.781208157318E-02,7.426932987210E+00
1,0.8470,2.429336240717E+01,2.753303670669E-02,7.418164471286E+00
1,0.8480,2.425418844923E+01,2.725464996489E-02,7.409416635825E+00
1,0.8490,2.421510775077E+01,2.697691902224E-02,7.400689407750E+00
1,0.8500,2.417610655342E+01,2.669984156416E-02,7.391982714329E+00
1,0.8510,2.413719350225E+01,2.642193862764E-02,7.383296483172E+00
1,0.8520,2.409836568317E+01,2.614468804544E-02,7.374630642230E+00
1,0.8530,2.405961775732E+01,2.586808752323E-02,7.365985119788E+00
1,0.8540,2.402096395505E+01,2.559213477741E-02,7.357359844473E+00
1,0.8550,2.398238770398E+01,2.531682753509E-02,7.348754745239E+00
1,0.8560,2.394389742487E+01,2.504216353399E-02,7.340169751378E+00
1,0.8570,2.390549457161E+01,2.476814052239E-02,7.331604792508E+00
1,0.8580,2.386716962592E+01,2.449475625907E-02,7.323059798578E+00
1,0.8590,2.382892856095E+01,2.422200851324E-02,7.314534699860E+00
1,0.8600,2.379077715618E+01,2.394989506449E-02,7.306029426953E+00
1,0.8610,2.375348829205E+01,2.370738495207E-02,7.297543910778E+00
1,0.8620,2.371628471948E+01,2.346543750811E-02,7.289078082575E+00
1,0.8630,2.367915955344E+01,2.322405077666E-02,7.280631873904E+00
1,0.8640,2.364211625181E+01,2.298322281078E-02,7.272205216643E+00
1,0.8650,2.360515208549E+01,2.274295167258E-02,7.263798042982E+00
1,0.8660,2.356826560094E+01,2.250323543307E-02,7.255410285427E+00
1,0.8670,2.353146024495E+01,2.226407217221E-02,7.247041876793E+00
1,0.8680,2.349473625196E+01,2.202545997876E-02,7.238692750207E+00
1,0.8690,2.345809115842E+01,2.178739695032E-02,7.230362839102E+00
1,0.8700,2.342151850448E+01,2.154988119321E-02,7.222052077218E+00
1,0.8710,2.338425111352E+01,2.130742836455E-02,7.213760398599E+00
1,0.8720,2.334706040973E+01,2.106553162036E-02,7.205487737591E+00
1,0.8730,2.330995007231E+01,2.082418904969E-02,7.197234028843E+00
1,0.8740,2.327291401242E+01,2.058339875036E-02,7.188999207299E+00
1,0.8750,2.323596184255E+01,2.034315882885E-02,7.180783208205E+00
1,0.8760,2.319908918898E+01,2.010346740031E-02,7.172585967100E+00
1,0.8770,2.316229314407E+01,1.986432258848E-02,7.164407419817E+00
1,0.8780,2.312557483028E+01,1.962572252566E-02,7.156247502482E+00
1,0.8790,2.308893393550E+01,1.938766535262E-02,7.148106151513E+00
1,0.8800,2.305236927882E+01,1.915014921862E-02,7.139983303613E+00
1,0.8810,2.301665838529E+01,1.894811848788E-02,7.131878895777E+00
1,0.8820,2.298101977400E+01,1.874654587671E-02,7.123792865283E+00
1,0.8830,2.294545756189E+01,1.854542982864E-02,7.115725149694E+00
1,0.8840,2.290996921579E+01,1.834476879426E-02,7.107675686855E+00
1,0.8850,2.287455705568E+01,1.814456123114E-02,7.099644414892E+00
1,0.8860,2.283921856630E+01,1.794480560383E-02,7.091631272212E+00
1,0.8870,2.280395533917E+01,1.774550038380E-02,7.083636197497E+00
1,0.8880,2.276876154420E+01,1.754664404939E-02,7.075659129707E+00
1,0.8890,2.273364906164E+01,1.734823508582E-02,7.067700008076E+00
1,0.8900,2.269860321080E+01,1.715027198509E-02,7.059758772112E+00
1,0.8910,2.266363377624E+01,1.694824007135E-02,7.051835361593E+00
1,0.8920,2.262873721588E+01,1.674666114395E-02,7.043929716569E+00
1,0.8930,2.259391170275E+01,1.654553368113E-02,7.036041777357E+00
1,0.8940,2.255915733984E+01,1.634485616788E-02,7.028171484541E+00
1,0.8950,2.252447876545E+01,1.614462709600E-02,7.020318778972E+00
1,0.8960,2.248987353493E+01,1.594484496402E-02,7.012483601763E+00
1,0.8970,2.245533534684E+01,1.574550827714E-02,7.004665894292E+00
1,0.8980,2.242087022668E+01,1.554661554725E-02,6.996865598196E+00
1,0.8990,2.238647994003E+01,1.534816529285E-02,6.989082655372E+00
1,0.9000,2.235215561325E+01,1.515015603901E-02,6.981317007977E+00
1,0.9010,2.231790379340E+01,1.498856993134E-02,6.973568598424E+00
1,0.9020,2.228372299259E+01,1.482734210771E-02,6.965837369379E+00
1,0.9030,2.224961371115E+01,1.466647137783E-02,6.958123263765E+00
1,0.9040,2.221557470113E+01,1.450595655664E-02,6.950426224756E+00
1,0.9050,2.218160540943E+01,1.434579646434E-02,6.942746195779E+00
1,0.9060,2.214770035467E+01,1.418598992632E-02,6.935083120507E+00
1,0.9070,2.211387426706E+01,1.402653577318E-02,6.927436942866E+00
1,0.9080,2.208010921208E+01,1.386743284063E-02,6.919807607026E+00
1,0.9090,2.204641656904E+01,1.370867996955E-02,6.912195057403E+00
1,0.9100,2.201279219164E+01,1.355027600587E-02,6.904599238659E+00
1,0.9110,2.197923839214E+01,1.339373714504E-02,6.897020095697E+00
1,0.9120,2.194575008463E+01,1.323754157119E-02,6.889457573662E+00
1,0.9130,2.191233213953E+01,1.308168815631E-02,6.881911617940E+00
1,0.9140,2.187898164790E+01,1.292617577735E-02,6.874382174157E+00
1,0.9150,2.184569782392E+01,1.277100331617E-02,6.866869188174E+00
1,0.9160,2.181247962468E+01,1.261616965948E-02,6.859372606091E+00
1,0.9170,2.177933187363E+01,1.246167369888E-02,6.851892374242E+00
1,0.9180,2.174624653961E+01,1.230751433079E-02,6.844428439193E+00
1,0.9190,2.171323143595E+01,1.215369045643E-02,6.836980747747E+00
1,0.9200,2.168028434846E+01,1.200020098179E-02,6.829549246934E+00
1,0.9210,2.164814330295E+01,1.184363375069E-02,6.822133884017E+00
1,0.9220,2.161607068955E+01,1.168740614481E-02,6.814734606485E+00
1,0.9230,2.158405855506E+01,1.153151706030E-02,6.807351362058E+00
1,0.9240,2.155211606799E+01,1.137596539804E-02,6.799984098679E+00
1,0.9250,2.152023247280E+01,1.122075006371E-02,6.792632764518E+00
1,0.9260,2.148841763126E+01,1.106586996767E-02,6.785297307969E+00
1,0.9270,2.145666270415E+01,1.091132402503E-02,6.777977677648E+00
1,0.9280,2.142497355754E+01,1.075711115554E-02,6.770673822392E+00
1,0.9290,2.139334517349E+01,1.060323028361E-02,6.763385691259E+00
1,0.9300,2.136178059001E+01,1.044968033830E-02,6.756113233526E+00
1,0.9310,2.132954454846E+01,1.031846152508E-02,6.748856398689E+00
1,0.9320,2.129736984314E+01,1.018752429731E-02,6.741615136459E+00
1,0.9330,2.126526142831E+01,1.005686774955E-02,6.734389396763E+00
1,0.9340,2.123321342290E+01,9.926490980266E-03,6.727179129743E+00
1,0.9350,2.120123242690E+01,9.796393091771E-03,6.719984285754E+00
1,0.9360,2.116931046479E+01,9.666573190219E-03,6.712804815363E+00
1,0.9370,2.113745504309E+01,9.537030385574E-03,6.705640669349E+00
1,0.9380,2.110566377138E+01,9.407763791601E-03,6.698491798699E+00
1,0.9390,2.107393088953E+01,9.278772525836E-03,6.691358154611E+00
1,0.9400,2.104226629800E+01,9.150055709572E-03,6.684239688489E+00
1,0.9410,2.101138733969E+01,9.013733446944E-03,6.677136351944E+00
1,0.9420,2.098057366609E+01,8.877700615870E-03,6.670048096794E+00
1,0.9430,2.094981785540E+01,8.741956295573E-03,6.662974875058E+00
1,0.9440,2.091912512290E+01,8.606499569175E-03,6.655916638961E+00
1,0.9450,2.088849027542E+01,8.471329523680E-03,6.648873340931E+00
1,0.9460,2.085791480557E+01,8.336445249951E-03,6.641844933594E+00
1,0.9470,2.082739919151E+01,8.201845842692E-03,6.634831369778E+00
1,0.9480,2.079694424435E+01,8.067530400427E-03,6.627832602510E+00
1,0.9490,2.076654852733E+01,7.933498025480E-03,6.620848585015E+00
1,0.9500,2.073621177437E+01,7.799747823955E-03,6.613879270715E+00
1,0.9510,2.070593630070E+01,7.688742449398E-03,6.606924613228E+00
1,0.9520,2.067571469140E+01,7.577970279409E-03,6.599984566365E+00
1,0.9530,2.064555767466E+01,7.467430579872E-03,6.593059084134E+00
1,0.9540,2.061545516072E+01,7.357122619746E-03,6.586148120733E+00
1,0.9550,2.058541060044E+01,7.247045671056E-03,6.579251630555E+00
1,0.9560,2.055542818024E+01,7.137199008869E-03,6.572369568179E+00
1,0.9570,2.052549919830E+01,7.027581911284E-03,6.565501888380E+00
1,0.9580,2.049562993572E+01,6.918193659415E-03,6.558648546116E+00
1,0.9590,2.046582152236E+01,6.809033537372E-03,6.551809496538E+00
1,0.9600,2.043606613106E+01,6.700100832250E-03,6.544984694979E+00
1,0.9610,2.040636644529E+01,6.594108176361E-03,6.538174096961E+00
1,0.9620,2.037672740454E+01,6.488335879423E-03,6.531377658191E+00
1,0.9630,2.034714408846E+01,6.382783254962E-03,6.524595334558E+00
1,0.9640,2.031761834540E+01,6.277449619347E-03,6.517827082136E+00
1,0.9650,2.028814785231E+01,6.172334291786E-03,6.511072857181E+00
1,0.9660,2.025873582156E+01,6.067436594303E-03,6.504332616128E+00
1,0.9670,2.022937627270E+01,5.962755851726E-03,6.497606315594E+00
1,0.9680,2.020007808017E+01,5.858291391675E-03,6.490893912376E+00
1,0.9690,2.017083190215E+01,5.754042544545E-03,6.484195363446E+00
1,0.9700,2.014164337941E+01,5.650008643492E-03,6.477510625958E+00
1,0.9710,2.011250520492E+01,5.564216783703E-03,6.470839657240E+00
1,0.9720,2.008342872674E+01,5.478601450375E-03,6.464182414794E+00
1,0.9730,2.005440374718E+01,5.393162099232E-03,6.457538856300E+00
1,0.9740,2.002543861074E+01,5.307898188236E-03,6.450908939609E+00
1,0.9750,1.999651997499E+01,5.222809177569E-03,6.444292622748E+00
1,0.9760,1.996766206699E+01,5.137894529630E-03,6.437689863914E+00
1,0.9770,1.993885799647E+01,5.053153709015E-03,6.431100621473E+00
1,0.9780,1.991010814364E+01,4.968586182511E-03,6.424524853967E+00
1,0.9790,1.988141092411E+01,4.884191419085E-03,6.417962520102E+00
1,0.9800,1.985276697921E+01,4.799968889870E-03,6.411413578755E+00
1,0.9810,1.982418119227E+01,4.714195155978E-03,6.404877988970E+00
1,0.9820,1.979564693673E+01,4.628596114007E-03,6.398355709959E+00
1,0.9830,1.976716498257E+01,4.543171230820E-03,6.391846701098E+00
1,0.9840,1.973873692768E+01,4.457919975444E-03,6.385350921930E+00
1,0.9850,1.971036083836E+01,4.372841819064E-03,6.378868332162E+00
1,0.9860,1.968204167794E+01,4.287936235009E-03,6.372398891663E+00
1,0.9870,1.965377360093E+01,4.203202698743E-03,6.365942560466E+00
1,0.9880,1.962555462419E+01,4.118640687855E-03,6.359499298765E+00
1,0.9890,1.959739307770E+01,4.034249682044E-03,6.353069066916E+00
1,0.9900,1.956928364253E+01,3.950029163114E-03,6.346651825434E+00
1,0.9910,1.954191915531E+01,3.874347741704E-03,6.340247534995E+00
1,0.9920,1.951461305316E+01,3.798818903806E-03,6.333856156431E+00
1,0.9930,1.948735393264E+01,3.723442188441E-03,6.327477650735E+00
1,0.9940,1.946014609440E+01,3.648217136487E-03,6.321111979054E+00
1,0.9950,1.943298704728E+01,3.573143290668E-03,6.314759102693E+00
1,0.9960,1.940587670324E+01,3.498220195543E-03,6.308418983112E+00
1,0.9970,1.937882268007E+01,3.423447397500E-03,6.302091581925E+00
1,0.9980,1.935181526770E+01,3.348824444743E-03,6.295776860901E+00
1,0.9990,1.932485668925E+01,3.274350887287E-03,6.289474781962E+00
1,1.0000,1.929794675704E+01,3.200026276947E-03,6.283185307180E+00
1,1.0010,1.927039698589E+01,3.134945407595E-03,6.276908398781E+00
1,1.0020,1.924289533998E+01,3.069994440179E-03,6.270644019141E+00
1,1.0030,1.921544604076E+01,3.005172986158E-03,6.264392130787E+00
1,1.0040,1.918804973110E+01,2.940480658538E-03,6.258152696394E+00
1,1.0050,1.916070016943E+01,2.875917071870E-03,6.251925678786E+00
1,1.0060,1.913340123115E+01,2.811481842232E-03,6.245711040934E+00
1,1.0070,1.910615221576E+01,2.747174587232E-03,6.239508745958E+00
1,1.0080,1.907895280550E+01,2.682994925991E-03,6.233318757123E+00
1,1.0090,1.905179991827E+01,2.618942479143E-03,6.227141037839E+00
1,1.0100,1.902470202733E+01,2.555016868823E-03,6.220975551663E+00
1,1.0110,1.899833534125E+01,2.498513919999E-03,6.214822262294E+00
1,1.0120,1.897201849511E+01,2.442122637081E-03,6.208681133577E+00
1,1.0130,1.894574935387E+01,2.385842689371E-03,6.202552129496E+00
1,1.0140,1.891952948920E+01,2.329673747476E-03,6.196435214181E+00
1,1.0150,1.889335446994E+01,2.273615483298E-03,6.190330351901E+00
1,1.0160,1.886722541556E+01,2.217667570034E-03,6.184237507067E+00
1,1.0170,1.884115040568E+01,2.161829682165E-03,6.178156644228E+00
1,1.0180,1.881511564475E+01,2.106101495451E-03,6.172087728074E+00
1,1.0190,1.878912873326E+01,2.050482686924E-03,6.166030723434E+00
1,1.0200,1.876319243871E+01,1.994972934885E-03,6.159985595274E+00
1,1.0210,1.873730088296E+01,1.946045876722E-03,6.153952308697E+00
1,1.0220,1.871145519057E+01,1.897214566227E-03,6.147930828943E+00
1,1.0230,1.868565558898E+01,1.848478722614E-03,6.141921121388E+00
1,1.0240,1.865990706553E+01,1.799838066196E-03,6.135923151543E+00
1,1.0250,1.863419953423E+01,1.751292318375E-03,6.129936885053E+00
1,1.0260,1.860853992577E+01,1.702841201642E-03,6.123962287699E+00
1,1.0270,1.858292573393E+01,1.654484439567E-03,6.117999325394E+00
1,1.0280,1.855735626127E+01,1.606221756795E-03,6.112047964182E+00
1,1.0290,1.853183310048E+01,1.558052879044E-03,6.106108170243E+00
1,1.0300,1.850635560135E+01,1.509977533093E-03,6.100179909883E+00
1,1.0310,1.848092509709E+01,1.471648759615E-03,6.094263149544E+00
1,1.0320,1.845553914930E+01,1.433394266705E-03,6.088357855794E+00
1,1.0330,1.843019990635E+01,1.395213838642E-03,6.082463995334E+00
1,1.0340,1.840490206265E+01,1.357107260535E-03,6.076581534990E+00
1,1.0350,1.837965077072E+01,1.319074318329E-03,6.070710441719E+00
1,1.0360,1.835444336426E+01,1.281114798791E-03,6.064850682606E+00
1,1.0370,1.832928340511E+01,1.243228489512E-03,6.059002224860E+00
1,1.0380,1.830416367449E+01,1.205415178903E-03,6.053165035818E+00
1,1.0390,1.827908937312E+01,1.167674656187E-03,6.047339082945E+00
1,1.0400,1.825406177088E+01,1.130006711399E-03,6.041524333827E+00
1,1.0410,1.822907875362E+01,1.098235605911E-03,6.035720756176E+00
1,1.0420,1.820413652154E+01,1.066525481431E-03,6.029928317831E+00
1,1.0430,1.817924142104E+01,1.034876162560E-03,6.024146986749E+00
1,1.0440,1.815438949379E+01,1.003287474567E-03,6.018376731015E+00
1,1.0450,1.812957789405E+01,9.717592433936E-04,6.012617518832E+00
1,1.0460,1.810481405425E+01,9.402912956450E-04,6.006869318527E+00
1,1.0470,1.808009063120E+01,9.088834585892E-04,6.001132098548E+00
1,1.0480,1.805540987803E+01,8.775355601539E-04,5.995405827461E+00
1,1.0490,1.803077301397E+01,8.462474289223E-04,5.989690473956E+00
1,1.0500,1.800618031300E+01,8.150188941313E-04,5.983986006838E+00
1,1.0510,1.798163266998E+01,7.887944313071E-04,5.978292395033E+00
1,1.0520,1.795712267471E+01,7.626198248760E-04,5.972609607585E+00
1,1.0530,1.793265756923E+01,7.364949327972E-04,5.966937613656E+00
1,1.0540,1.790823591281E+01,7.104196135686E-04,5.961276382523E+00
1,1.0550,1.788385867157E+01,6.843937262248E-04,5.955625883583E+00
1,1.0560,1.785952032797E+01,6.584171303343E-04,5.949986086344E+00
1,1.0570,1.783522501913E+01,6.324896859971E-04,5.944356960435E+00
1,1.0580,1.781096914601E+01,6.066112538419E-04,5.938738475595E+00
1,1.0590,1.778676145961E+01,5.807816950242E-04,5.933130601680E+00
1,1.0600,1.776259229364E+01,5.550008712231E-04,5.927533308660E+00
1,1.0610,1.773846173585E+01,5.393691167034E-04,5.921946566616E+00
1,1.0620,1.771437576728E+01,5.237668005161E-04,5.916370345743E+00
1,1.0630,1.769033004592E+01,5.081938395803E-04,5.910804616350E+00
1,1.0640,1.766632768060E+01,4.926501511275E-04,5.905249348853E+00
1,1.0650,1.764236576995E+01,4.771356527000E-04,5.899704513784E+00
1,1.0660,1.761844390690E+01,4.616502621494E-04,5.894170081782E+00
1,1.0670,1.759456383939E+01,4.461938976355E-04,5.888646023598E+00
1,1.0680,1.757072506114E+01,4.307664776244E-04,5.883132310093E+00
1,1.0690,1.754693035126E+01,4.153679208874E-04,5.877628912235E+00
1,1.0700,1.752317107680E+01,3.999981464995E-04,5.872135801102E+00
1,1.0710,1.749945328692E+01,3.909226591861E-04,5.866652947880E+00
1,1.0720,1.747577637025E+01,3.818641037520E-04,5.861180323862E+00
1,1.0730,1.745213965645E+01,3.728224328574E-04,5.855717900447E+00
1,1.0740,1.742854373146E+01,3.637975993388E-04,5.850265649143E+00
1,1.0750,1.740499054539E+01,3.547895562081E-04,5.844823541562E+00
1,1.0760,1.738147320972E+01,3.457982566521E-04,5.839391549423E+00
1,1.0770,1.735799753916E+01,3.368236540311E-04,5.833969644549E+00
1,1.0780,1.733456265002E+01,3.278657018788E-04,5.828557798868E+00
1,1.0790,1.731116792785E+01,3.189243539010E-04,5.823155984411E+00
1,1.0800,1.728780749932E+01,3.099995639751E-04,5.817764173314E+00
1,1.0810,1.726514209957E+01,3.024374338983E-04,5.812382337816E+00
1,1.0820,1.724250906220E+01,2.948892818808E-04,5.807010450258E+00
1,1.0830,1.721992119323E+01,2.873550692023E-04,5.801648483084E+00
1,1.0840,1.719736677630E+01,2.798347572851E-04,5.796296408837E+00
1,1.0850,1.717484651071E+01,2.723283076941E-04,5.790954200166E+00
1,1.0860,1.715237027594E+01,2.648356821354E-04,5.785621829815E+00
1,1.0870,1.712993210747E+01,2.573568424564E-04,5.780299270634E+00
1,1.0880,1.710753024742E+01,2.498917506444E-04,5.774986495569E+00
1,1.0890,1.708516564626E+01,2.424403688265E-04,5.769683477667E+00
1,1.0900,1.706284045854E+01,2.350026592689E-04,5.764390190073E+00
1,1.0910,1.703991131988E+01,2.289527072121E-04,5.759106606031E+00
1,1.0920,1.701701188245E+01,2.229138356536E-04,5.753832698882E+00
1,1.0930,1.699415908739E+01,2.168860141802E-04,5.748568442067E+00
1,1.0940,1.697133976449E+01,2.108692124902E-04,5.743313809122E+00
1,1.0950,1.694856170501E+01,2.048634003923E-04,5.738068773680E+00
1,1.0960,1.692582018339E+01,1.988685478055E-04,5.732833309470E+00
1,1.0970,1.690311784024E+01,1.928846247586E-04,5.727607390319E+00
1,1.0980,1.688045091185E+01,1.869116013893E-04,5.722390990145E+00
1,1.0990,1.685782126486E+01,1.809494479443E-04,5.717184082966E+00
1,0.4000,8.707099073060E+01,4.649557127313E+00,1.570796326795E+01
1,0.4010,8.639930241776E+01,4.529847561859E+00,1.566879128972E+01
1,0.4020,8.573082242444E+01,4.410733566383E+00,1.562981419696E+01
1,0.4030,8.506552850536E+01,4.292210707361E+00,1.559103053891E+01
1,0.4040,8.440339479001E+01,4.174274595166E+00,1.555243887916E+01
1,0.4050,8.374439615220E+01,4.056920883525E+00,1.551403779551E+01
1,0.4060,8.308851313419E+01,3.940145268985E+00,1.547582587975E+01
1,0.4070,8.243570963996E+01,3.823943490389E+00,1.543780173754E+01
1,0.4080,8.178597349867E+01,3.708311328355E+00,1.539996398819E+01
1,0.4090,8.113926315569E+01,3.593244604766E+00,1.536231126450E+01
1,0.4100,8.049557096491E+01,3.478739182268E+00,1.532484221263E+01
1,0.4110,7.996657353643E+01,3.392308563657E+00,1.528755549192E+01
1,0.4120,7.944004067546E+01,3.306297511157E+00,1.525044977471E+01
1,0.4130,7.891595577616E+01,3.220702977070E+00,1.521352374620E+01
1,0.4140,7.839430011471E+01,3.135521943148E+00,1.517677610430E+01
1,0.4150,7.787505848809E+01,3.050751420233E+00,1.514020555947E+01
1,0.4160,7.735820645012E+01,2.966388447909E+00,1.510381083457E+01
1,0.4170,7.684372435290E+01,2.882430094157E+00,1.506759066470E+01
1,0.4180,7.633160251050E+01,2.798873455016E+00,1.503154379708E+01
1,0.4190,7.582181712916E+01,2.715715654249E+00,1.499566899088E+01
1,0.4200,7.531434912794E+01,2.632953843009E+00,1.495996501709E+01
1,0.4210,7.487140882388E+01,2.569986959374E+00,1.492443065838E+01
1,0.4220,7.443047966147E+01,2.507318496988E+00,1.488906470896E+01
1,0.4230,7.399154935859E+01,2.444946339389E+00,1.485386597442E+01
1,0.4240,7.355460718353E+01,2.382868390081E+00,1.481883327165E+01
1,0.4250,7.311962735064E+01,2.321082572299E+00,1.478396542866E+01
1,0.4260,7.268660611219E+01,2.259586828779E+00,1.474926128446E+01
1,0.4270,7.225552942891E+01,2.198379121528E+00,1.471471968895E+01
1,0.4280,7.182636630755E+01,2.137457431601E+00,1.468033950276E+01
1,0.4290,7.139912073304E+01,2.076819758877E+00,1.464611959716E+01
1,0.4300,7.097377263205E+01,2.016464121839E+00,1.461205885391E+01
1,0.4310,7.059932356058E+01,1.966593266679E+00,1.457815616515E+01
1,0.4320,7.022653634706E+01,1.916953295107E+00,1.454441043329E+01
1,0.4330,6.985539695304E+01,1.867542607469E+00,1.451082057085E+01
1,0.4340,6.948589976114E+01,1.818359618852E+00,1.447738550041E+01
1,0.4350,6.911802508583E+01,1.769402758918E+00,1.444410415444E+01
1,0.4360,6.875176186193E+01,1.720670471737E+00,1.441097547518E+01
1,0.4370,6.838710340820E+01,1.672161215618E+00,1.437799841460E+01
1,0.4380,6.802403490709E+01,1.623873462951E+00,1.434517193420E+01
1,0.4390,6.766254394020E+01,1.575805700047E+00,1.431249500496E+01
1,0.4400,6.730261682415E+01,1.527956426973E+00,1.427996660723E+01
1,0.4410,6.696752741328E+01,1.495002020225E+00,1.424758573057E+01
1,0.4420,6.663388423478E+01,1.462196728440E+00,1.421535137371E+01
1,0.4430,6.630167953861E+01,1.429539541810E+00,1.418326254442E+01
1,0.4440,6.597090436536E+01,1.397029459624E+00,1.415131825941E+01
1,0.4450,6.564154202468E+01,1.364665490167E+00,1.411951754422E+01
1,0.4460,6.531359028440E+01,1.332446650618E+00,1.408785943314E+01
1,0.4470,6.498703535202E+01,1.300371966950E+00,1.405634296908E+01
1,0.4480,6.466186833268E+01,1.268440473834E+00,1.402496720353E+01
1,0.4490,6.433808493704E+01,1.236651214541E+00,1.399373119639E+01
1,0.4500,6.401566578189E+01,1.205003240845E+00,1.396263401595E+01
1,0.4510,6.371883970769E+01,1.181543941427E+00,1.393167473876E+01
1,0.4520,6.342326978129E+01,1.158188444218E+00,1.390085244951E+01
1,0.4530,6.312893851365E+01,1.134936061787E+00,1.387016624101E+01
1,0.4540,6.283584178723E+01,1.111786112760E+00,1.383961521405E+01
1,0.4550,6.254397389987E+01,1.088737921749E+00,1.380919847732E+01
1,0.4560,6.225332135712E+01,1.065790819296E+00,1.377891514732E+01
1,0.4570,6.196388055576E+01,1.042944141799E+00,1.374876434831E+01
1,0.4580,6.167564203244E+01,1.020197231453E+00,1.371874521218E+01
1,0.4590,6.138859398629E+01,9.975494361844E-01,1.368885687839E+01
1,0.4600,6.110273028240E+01,9.750001095908E-01,1.365909849387E+01
1,0.4610,6.083760537245E+01,9.602165502576E-01,1.362946921297E+01
1,0.4620,6.057357807012E+01,9.454969890168E-01,1.359996819736E+01
1,0.4630,6.031063301954E+01,9.308410111938E-01,1.357059461594E+01
1,0.4640,6.004876742779E+01,9.162482056890E-01,1.354134764478E+01
1,0.4650,5.978796813526E+01,9.017181649391E-01,1.351222646705E+01
1,0.4660,5.952823376237E+01,8.872504848791E-01,1.348323027292E+01
1,0.4670,5.926955450939E+01,8.728447649050E-01,1.345435825949E+01
1,0.4680,5.901192182389E+01,8.585006078367E-01,1.342560963073E+01
1,0.4690,5.875533567095E+01,8.442176198818E-01,1.339698359740E+01
1,0.4700,5.849977980988E+01,8.299954105990E-01,1.336847937698E+01
1,0.4710,5.826170186493E+01,8.187857561508E-01,1.334009619359E+01
1,0.4720,5.802457975106E+01,8.076236002383E-01,1.331183327792E+01
1,0.4730,5.778840991150E+01,7.965086416024E-01,1.328368986719E+01
1,0.4740,5.755318772794E+01,7.854405815261E-01,1.325566520502E+01
1,0.4750,5.731890246253E+01,7.744191238081E-01,1.322775854143E+01
1,0.4760,5.708555223461E+01,7.634439747359E-01,1.319996913273E+01
1,0.4770,5.685312720023E+01,7.525148430602E-01,1.317229624147E+01
1,0.4780,5.662162295796E+01,7.416314399690E-01,1.314473913636E+01
1,0.4790,5.639103640342E+01,7.307934790619E-01,1.311729709223E+01
1,0.4800,5.616135537407E+01,7.200006763252E-01,1.308996938996E+01
1,0.4810,5.594468544453E+01,7.108320372249E-01,1.306275531638E+01
1,0.4820,5.572886706212E+01,7.017014422703E-01,1.303565416427E+01
1,0.4830,5.551388973701E+01,6.926086551623E-01,1.300866523226E+01
1,0.4840,5.529975844626E+01,6.835534415547E-01,1.298178782475E+01
1,0.4850,5.508646240959E+01,6.745355690342E-01,1.295502125192E+01
1,0.4860,5.487399400891E+01,6.655548071001E-01,1.292836482959E+01
1,0.4870,5.466235355280E+01,6.566109271453E-01,1.290181787922E+01
1,0.4880,5.445153419180E+01,6.477037024362E-01,1.287537972783E+01
1,0.4890,5.424152117589E+01,6.388329080940E-01,1.284904970793E+01
1,0.4900,5.403231934780E+01,6.299983210756E-01,1.282282715751E+01
1,0.4910,5.384109652751E+01,6.223603818808E-01,1.279671141992E+01
1,0.4920,5.365060518433E+01,6.147534912194E-01,1.277070184386E+01
1,0.4930,5.346084777756E+01,6.071774601550E-01,1.274479778333E+01
1,0.4940,5.327181090776E+01,5.996321012811E-01,1.271899859753E+01
1,0.4950,5.308350501571E+01,5.921172287057E-01,1.269330365087E+01
1,0.4960,5.289591415398E+01,5.846326580358E-01,1.266771231286E+01
1,0.4970,5.270903696466E+01,5.771782063626E-01,1.264222395811E+01
1,0.4980,5.252286763429E+01,5.697536922463E-01,1.261683796622E+01
1,0.4990,5.233739961050E+01,5.623589357017E-01,1.259155372180E+01
1,0.5000,5.215263543636E+01,5.549937581832E-01,1.256637061436E+01
1,0.5010,5.197246150516E+01,5.478686762100E-01,1.254128803828E+01
1,0.5020,5.179296014637E+01,5.407719810176E-01,1.251630539279E+01
1,0.5030,5.161413369678E+01,5.337035033011E-01,1.249142208187E+01
1,0.5040,5.143597780885E+01,5.266630750993E-01,1.246663751425E+01
1,0.5050,5.125848224599E+01,5.196505297815E-01,1.244195110333E+01
1,0.5060,5.108165123405E+01,5.126657020341E-01,1.241736226715E+01
1,0.5070,5.090547968884E+01,5.057084278479E-01,1.239287042836E+01
1,0.5080,5.072995841429E+01,4.987785445049E-01,1.236847501413E+01
1,0.5090,5.055508295459E+01,4.918758905661E-01,1.234417545615E+01
1,0.5100,5.038085514294E+01,4.850003058583E-01,1.231997119055E+01
1,0.5110,5.021364155764E+01,4.804214475246E-01,1.229586165789E+01
1,0.5120,5.004704204897E+01,4.758604753562E-01,1.227184630309E+01
1,0.5130,4.988105694418E+01,4.713172847558E-01,1.224792457540E+01
1,0.5140,4.971567593368E+01,4.667917719397E-01,1.222409592836E+01
1,0.5150,4.955090082747E+01,4.622838339308E-01,1.220035981977E+01
1,0.5160,4.938672371450E+01,4.577933685497E-01,1.217671571159E+01
1,0.5170,4.922314313858E+01,4.533202744081E-01,1.215316306998E+01
1,0.5180,4.906015943256E+01,4.488644509002E-01,1.212970136521E+01
1,0.5190,4.889775943749E+01,4.444257981958E-01,1.210633007164E+01
1,0.5200,4.873595232329E+01,4.400042172326E-01,1.208304866765E+01
1,0.5210,4.858223948506E+01,4.351714847982E-01,1.205985663566E+01
1,0.5220,4.842908123708E+01,4.303572685800E-01,1.203675346203E+01
1,0.5230,4.827647602307E+01,4.255614623665E-01,1.201373863705E+01
1,0.5240,4.812441766301E+01,4.207839607569E-01,1.199081165492E+01
1,0.5250,4.797290250052E+01,4.160246591534E-01,1.196797201368E+01
1,0.5260,4.782192561909E+01,4.112834537537E-01,1.194521921517E+01
1,0.5270,4.767148702670E+01,4.065602415434E-01,1.192255276505E+01
1,0.5280,4.752158368194E+01,4.018549202884E-01,1.189997217269E+01
1,0.5290,4.737221214837E+01,3.971673885278E-01,1.187747695119E+01
1,0.5300,4.722336347839E+01,3.924975455662E-01,1.185506661732E+01
1,0.5310,4.707874032601E+01,3.884298288572E-01,1.183274069149E+01
1,0.5320,4.693462562131E+01,3.843774043163E-01,1.181049869771E+01
1,0.5330,4.679101735526E+01,3.803401858712E-01,1.178834016356E+01
1,0.5340,4.664791351829E+01,3.763180880945E-01,1.176626462019E+01
1,0.5350,4.650531143421E+01,3.723110261973E-01,1.174427160220E+01
1,0.5360,4.636320276408E+01,3.683189160236E-01,1.172236064772E+01
1,0.5370,4.622159297922E+01,3.643416740442E-01,1.170053129829E+01
1,0.5380,4.608047571963E+01,3.603792173510E-01,1.167878309885E+01
1,0.5390,4.593984312865E+01,3.564314636510E-01,1.165711559774E+01
1,0.5400,4.579969803103E+01,3.524983312611E-01,1.163552834663E+01
1,0.5410,4.566488772270E+01,3.491441805176E-01,1.161402090052E+01
1,0.5420,4.553054374310E+01,3.458024067141E-01,1.159259281767E+01
1,0.5430,4.539665915549E+01,3.424729414697E-01,1.157124365963E+01
1,0.5440,4.526323647665E+01,3.391557169064E-01,1.154997299114E+01
1,0.5450,4.513026830190E+01,3.358506656442E-01,1.152878038015E+01
1,0.5460,4.499775361198E+01,3.325577207969E-01,1.150766539776E+01
1,0.5470,4.486569501652E+01,3.292768159674E-01,1.148662761824E+01
1,0.5480,4.473408239088E+01,3.260078852430E-01,1.146566661894E+01
1,0.5490,4.460291708026E+01,3.227508631916E-01,1.144478198029E+01
1,0.5500,4.447219954812E+01,3.195056848567E-01,1.142397328578E+01
1,0.5510,4.434549633640E+01,3.164057036630E-01,1.140324012192E+01
1,0.5520,4.421922671708E+01,3.133169542852E-01,1.138258207822E+01
1,0.5530,4.409338040155E+01,3.102393757912E-01,1.136199874716E+01
1,0.5540,4.396795844682E+01,3.071729076889E-01,1.134148972415E+01
1,0.5550,4.384295146170E+01,3.041174899221E-01,1.132105460753E+01
1,0.5560,4.371837097803E+01,3.010730628667E-01,1.130069299852E+01
1,0.5570,4.359420026192E+01,2.980395673267E-01,1.128040450122E+01
1,0.5580,4.347044557738E+01,2.950169445307E-01,1.126018872254E+01
1,0.5590,4.334710526804E+01,2.920051361274E-01,1.124004527224E+01
1,0.5600,4.322417248733E+01,2.890040841827E-01,1.121997376282E+01
1,0.5610,4.310399467396E+01,2.866666896486E-01,1.119997380959E+01
1,0.5620,4.298421195127E+01,2.843376132444E-01,1.118004503057E+01
1,0.5630,4.286483042011E+01,2.820168106464E-01,1.116018704650E+01
1,0.5640,4.274583774471E+01,2.797042378447E-01,1.114039948081E+01
1,0.5650,4.262723927681E+01,2.773998511415E-01,1.112068195961E+01
1,0.5660,4.250902665268E+01,2.751036071475E-01,1.110103411162E+01
1,0.5670,4.239120169174E+01,2.728154627795E-01,1.108145556822E+01
1,0.5680,4.227376211198E+01,2.705353752579E-01,1.106194596334E+01
1,0.5690,4.215670164057E+01,2.682633021037E-01,1.104250493353E+01
1,0.5700,4.204002416147E+01,2.659992011361E-01,1.102313211786E+01
1,0.5710,4.192719302375E+01,2.637650381238E-01,1.100382715793E+01
1,0.5720,4.181473073398E+01,2.615386868703E-01,1.098458969787E+01
1,0.5730,4.170263042858E+01,2.593201064764E-01,1.096541938426E+01
1,0.5740,4.159089651637E+01,2.571092563277E-01,1.094631586617E+01
1,0.5750,4.147951845180E+01,2.549060960926E-01,1.092727879509E+01
1,0.5760,4.136849506711E+01,2.527105857194E-01,1.090830782496E+01
1,0.5770,4.125783390940E+01,2.505226854341E-01,1.088940261210E+01
1,0.5780,4.114752519987E+01,2.483423557381E-01,1.087056281519E+01
1,0.5790,4.103756805531E+01,2.461695574055E-01,1.085178809530E+01
1,0.5800,4.092795967983E+01,2.440042514809E-01,1.083307811583E+01
1,0.5810,4.082097803284E+01,2.420237559709E-01,1.081443254248E+01
1,0.5820,4.071433522449E+01,2.400500662874E-01,1.079585104326E+01
1,0.5830,4.060803840066E+01,2.380831474090E-01,1.077733328847E+01
1,0.5840,4.050207200620E+01,2.361229645541E-01,1.075887895065E+01
1,0.5850,4.039644201292E+01,2.341694831791E-01,1.074048770458E+01
1,0.5860,4.029114550810E+01,2.322226689760E-01,1.072215922727E+01
1,0.5870,4.018617618754E+01,2.302824878708E-01,1.070389319792E+01
1,0.5880,4.008154152379E+01,2.283489060209E-01,1.068568929792E+01
1,0.5890,3.997722829015E+01,2.264218898141E-01,1.066754721083E+01
1,0.5900,3.987324639879E+01,2.245014058655E-01,1.064946662234E+01
1,0.5910,3.977182907432E+01,2.229021118543E-01,1.063144722027E+01
1,0.5920,3.967073116932E+01,2.213082208635E-01,1.061348869456E+01
1,0.5930,3.956994678306E+01,2.197197055589E-01,1.059559073723E+01
1,0.5940,3.946947607682E+01,2.181365387908E-01,1.057775304239E+01
1,0.5950,3.936932019857E+01,2.165586935916E-01,1.055997530618E+01
1,0.5960,3.926946572421E+01,2.149861431749E-01,1.054225722681E+01
1,0.5970,3.916992315171E+01,2.134188609339E-01,1.052459850449E+01
1,0.5980,3.907068195468E+01,2.118568204394E-01,1.050699884144E+01
1,0.5990,3.897174581162E+01,2.102999954392E-01,1.048945794187E+01
1,0.6000,3.887311809979E+01,2.087483598555E-01,1.047197551197E+01
1,0.6010,3.877589442237E+01,2.068453875867E-01,1.045455125987E+01
1,0.6020,3.867896884103E+01,2.049487374849E-01,1.043718489565E+01
1,0.6030,3.858233576229E+01,2.030583780965E-01,1.041987613131E+01
1,0.6040,3.848600118204E+01,2.011742781763E-01,1.040262468076E+01
1,0.6050,3.838995440406E+01,1.992964066856E-01,1.038543025980E+01
1,0.6060,3.829419890169E+01,1.974247327905E-01,1.036829258610E+01
1,0.6070,3.819872975130E+01,1.955592258606E-01,1.035121137921E+01
1,0.6080,3.810355332696E+01,1.936998554665E-01,1.033418636049E+01
1,0.6090,3.800865845167E+01,1.918465913792E-01,1.031721725317E+01
1,0.6100,3.791405288307E+01,1.899994035676E-01,1.030030378226E+01
1,0.6110,3.782191261346E+01,1.885788551254E-01,1.028344567460E+01
1,0.6120,3.773004787497E+01,1.871629489983E-01,1.026664265879E+01
1,0.6130,3.763845634222E+01,1.857516624670E-01,1.024989446522E+01
1,0.6140,3.754714338026E+01,1.843449729604E-01,1.023320082603E+01
1,0.6150,3.745609695662E+01,1.829428580537E-01,1.021656147509E+01
1,0.6160,3.736532182658E+01,1.815452954681E-01,1.019997614802E+01
1,0.6170,3.727481208193E+01,1.801522630692E-01,1.018344458214E+01
1,0.6180,3.718457081032E+01,1.787637388658E-01,1.016696651647E+01
1,0.6190,3.709459475777E+01,1.773797010088E-01,1.015054169173E+01
1,0.6200,3.700488634689E+01,1.760001277900E-01,1.013416985029E+01
1,0.6210,3.691651454919E+01,1.747828361126E-01,1.011785073620E+01
1,0.6220,3.682840454305E+01,1.735694585564E-01,1.010158409514E+01
1,0.6230,3.674055378358E+01,1.723599762732E-01,1.008536967445E+01
1,0.6240,3.665295765986E+01,1.711543705359E-01,1.006920722304E+01
1,0.6250,3.656562009374E+01,1.699526227368E-01,1.005309649149E+01
1,0.6260,3.647853076092E+01,1.687547143877E-01,1.003703723192E+01
1,0.6270,3.639169693111E+01,1.675606271177E-01,1.002102919805E+01
1,0.6280,3.630511291353E+01,1.663703426735E-01,1.000507214519E+01
1,0.6290,3.621878241850E+01,1.651838429175E-01,9.989165830174E+00
1,0.6300,3.613270001468E+01,1.640011098274E-01,9.973310011396E+00
1,0.6310,3.604792654682E+01,1.627335037055E-01,9.957504448779E+00
1,0.6320,3.596339641726E+01,1.614699089954E-01,9.941748903765E+00
1,0.6330,3.587911437636E+01,1.602103066856E-01,9.926043139304E+00
1,0.6340,3.579506977930E+01,1.589546778847E-01,9.910386919842E+00
1,0.6350,3.571126174845E+01,1.577030038202E-01,9.894780011306E+00
1,0.6360,3.562769323313E+01,1.564552658376E-01,9.879222181100E+00
1,0.6370,3.554436741486E+01,1.552114453998E-01,9.863713198084E+00
1,0.6380,3.546127852789E+01,1.539715240855E-01,9.848252832570E+00
1,0.6390,3.537841881440E+01,1.527354835892E-01,9.832840856306E+00
1,0.6400,3.529579769810E+01,1.515033057194E-01,9.817477042468E+00
1,0.6410,3.521445838807E+01,1.502857547756E-01,9.802161165647E+00
1,0.6420,3.513334977156E+01,1.490719968254E-01,9.786893001837E+00
1,0.6430,3.505247026157E+01,1.478620141721E-01,9.771672328429E+00
1,0.6440,3.497181500215E+01,1.466557892289E-01,9.756498924192E+00
1,0.6450,3.489138935799E+01,1.454533045181E-01,9.741372569271E+00
1,0.6460,3.481118659415E+01,1.442545426701E-01,9.726293045170E+00
1,0.6470,3.473120518022E+01,1.430594864230E-01,9.711260134744E+00
1,0.6480,3.465144670158E+01,1.418681186210E-01,9.696273622191E+00
1,0.6490,3.457191487221E+01,1.406804222144E-01,9.681333293035E+00
1,0.6500,3.449259679972E+01,1.394963802583E-01,9.666438934122E+00
1,0.6510,3.441454120035E+01,1.383816067262E-01,9.651590333609E+00
1,0.6520,3.433669620903E+01,1.372702527448E-01,9.636787280950E+00
1,0.6530,3.425906875745E+01,1.361623026040E-01,9.622029566891E+00
1,0.6540,3.418165760242E+01,1.350577406900E-01,9.607316983455E+00
1,0.6550,3.410445365714E+01,1.339565514841E-01,9.592649323938E+00
1,0.6560,3.402746691117E+01,1.328587195624E-01,9.578026382896E+00
1,0.6570,3.395068623370E+01,1.317642295948E-01,9.563447956133E+00
1,0.6580,3.387411905927E+01,1.306730663444E-01,9.548913840698E+00
1,0.6590,3.379775753080E+01,1.295852146669E-01,9.534423834870E+00
1,0.6600,3.372160751890E+01,1.285006595096E-01,9.519977738151E+00
1,0.6610,3.364668462734E+01,1.275885851522E-01,9.505575351255E+00
1,0.6620,3.357196150445E+01,1.266792663065E-01,9.491216476102E+00
1,0.6630,3.349744623847E+01,1.257726905041E-01,9.476900915806E+00
1,0.6640,3.342313386532E+01,1.248688453517E-01,9.462628474668E+00
1,0.6650,3.334902269198E+01,1.239677185306E-01,9.448398958165E+00
1,0.6660,3.327510313048E+01,1.230692977960E-01,9.434212172942E+00
1,0.6670,3.320138683113E+01,1.221735709767E-01,9.420067926806E+00
1,0.6680,3.312786748476E+01,1.212805259742E-01,9.405966028712E+00
1,0.6690,3.305454491209E+01,1.203901507625E-01,9.391906288759E+00
1,0.6700,3.298142328713E+01,1.195024333871E-01,9.377888518178E+00
1,0.6710,3.290848593728E+01,1.185396414913E-01,9.363912529329E+00
1,0.6720,3.283575061839E+01,1.175797150475E-01,9.349978135684E+00
1,0.6730,3.276320287989E+01,1.166226412826E-01,9.336085151827E+00
1,0.6740,3.269085163529E+01,1.156684074991E-01,9.322233393442E+00
1,0.6750,3.261868528396E+01,1.147170010751E-01,9.308422677303E+00
1,0.6760,3.254671418864E+01,1.137684094629E-01,9.294652821272E+00
1,0.6770,3.247493208404E+01,1.128226201894E-01,9.280923644283E+00
1,0.6780,3.240333364341E+01,1.118796208547E-01,9.267234966342E+00
1,0.6790,3.233192790496E+01,1.109393991321E-01,9.253586608512E+00
1,0.6800,3.226070567902E+01,1.100019427676E-01,9.239978392911E+00
1,0.6810,3.219067269795E+01,1.091908734748E-01,9.226410142701E+00
1,0.6820,3.212082216125E+01,1.083821826843E-01,9.212881682082E+00
1,0.6830,3.205115143624E+01,1.075758599489E-01,9.199392836281E+00
1,0.6840,3.198166747042E+01,1.067718948823E-01,9.185943431549E+00
1,0.6850,3.191235837542E+01,1.059702771589E-01,9.172533295153E+00
1,0.6860,3.184322801024E+01,1.051709965134E-01,9.159162255364E+00
1,0.6870,3.177427981460E+01,1.043740427403E-01,9.145830141455E+00
1,0.6880,3.170550304308E+01,1.035794056933E-01,9.132536783691E+00
1,0.6890,3.163690888026E+01,1.027870752850E-01,9.119282013323E+00
1,0.6900,3.156848827477E+01,1.019970414865E-01,9.106065662579E+00
1,0.6910,3.150222369615E+01,1.012374822786E-01,9.092887564659E+00
1,0.6920,3.143612743619E+01,1.004801183286E-01,9.079747553728E+00
1,0.6930,3.137019955279E+01,9.972494013304E-02,9.066645464906E+00
1,0.6940,3.130444710367E+01,9.897193824355E-02,9.053581134265E+00
1,0.6950,3.123885656259E+01,9.822110326597E-02,9.040554398820E+00
1,0.6960,3.117343438362E+01,9.747242586017E-02,9.027565096522E+00
1,0.6970,3.110817507500E+01,9.672589673961E-02,9.014613066255E+00
1,0.6980,3.104308082150E+01,9.598150667096E-02,9.001698147822E+00
1,0.6990,3.097815813818E+01,9.523924647376E-02,8.988820181945E+00
1,0.7000,3.091338956872E+01,9.449910701998E-02,8.975979010257E+00
1,0.7010,3.084781614480E+01,9.394213535809E-02,8.963174475292E+00
1,0.7020,3.078239872869E+01,9.338675051004E-02,8.950406420484E+00
1,0.7030,3.071715203515E+01,9.283294570424E-02,8.937674690156E+00
1,0.7040,3.065206194374E+01,9.228071420755E-02,8.924979129516E+00
1,0.7050,3.058713070251E+01,9.173004932503E-02,8.912319584652E+00
1,0.7060,3.052237032517E+01,9.118094439968E-02,8.899695902521E+00
1,0.7070,3.045776426732E+01,9.063339281218E-02,8.887107930947E+00
1,0.7080,3.039332209726E+01,9.008738798057E-02,8.874555518615E+00
1,0.7090,3.032904000925E+01,8.954292336005E-02,8.862038515063E+00
1,0.7100,3.026491275902E+01,8.899999244268E-02,8.849556770675E+00
1,0.7110,3.020288625781E+01,8.849367208440E-02,8.837110136680E+00
1,0.7120,3.014100955549E+01,8.798877397431E-02,8.824698465140E+00
1,0.7130,3.007928467449E+01,8.748529212820E-02,8.812321608948E+00
1,0.7140,3.001771140053E+01,8.698322059539E-02,8.799979421820E+00
1,0.7150,2.995628912138E+01,8.648255345848E-02,8.787671758293E+00
1,0.7160,2.989501708879E+01,8.598328483312E-02,8.775398473715E+00
1,0.7170,2.983389626431E+01,8.548540886780E-02,8.763159424239E+00
1,0.7180,2.977292165107E+01,8.498891974362E-02,8.750954466824E+00
1,0.7190,2.971209855548E+01,8.449381167402E-02,8.738783459221E+00
1,0.7200,2.965142526475E+01,8.400007890461E-02,8.726646259972E+00
1,0.7210,2.959089444560E+01,8.329133361698E-02,8.714542728404E+00
1,0.7220,2.953051170417E+01,8.258455161270E-02,8.702472724625E+00
1,0.7230,2.947027495498E+01,8.187972474535E-02,8.690436109515E+00
1,0.7240,2.941018054680E+01,8.117684491356E-02,8.678432744723E+00
1,0.7250,2.935023595804E+01,8.047590406061E-02,8.666462492661E+00
1,0.7260,2.929043221967E+01,7.977689417419E-02,8.654525216501E+00
1,0.7270,2.923077362900E+01,7.907980728609E-02,8.642620780164E+00
1,0.7280,2.917125599482E+01,7.838463547186E-02,8.630749048324E+00
1,0.7290,2.911187647097E+01,7.769137085053E-02,8.618909886392E+00
1,0.7300,2.905264398576E+01,7.700000558433E-02,8.607103160520E+00
1,0.7310,2.899450111874E+01,7.639261726781E-02,8.595328737592E+00
1,0.7320,2.893649372078E+01,7.578688848221E-02,8.583586485218E+00
1,0.7330,2.887862353781E+01,7.518281243545E-02,8.571876271732E+00
1,0.7340,2.882089149233E+01,7.458038237247E-02,8.560197966185E+00
1,0.7350,2.876329515969E+01,7.397959157496E-02,8.548551438340E+00
1,0.7360,2.870584134494E+01,7.338043336115E-02,8.536936558668E+00
1,0.7370,2.864851292426E+01,7.278290108550E-02,8.525353198344E+00
1,0.7380,2.859132266012E+01,7.218698813851E-02,8.513801229241E+00
1,0.7390,2.853426915835E+01,7.159268794645E-02,8.502280523924E+00
1,0.7400,2.847734758416E+01,7.099999397113E-02,8.490790955648E+00
1,0.7410,2.842055763260E+01,7.044332579918E-02,8.479332398353E+00
1,0.7420,2.836389768905E+01,6.988815808052E-02,8.467904726657E+00
1,0.7430,2.830737124195E+01,6.933448475680E-02,8.456507815854E+00
1,0.7440,2.825098127763E+01,6.878229980222E-02,8.445141541908E+00
1,0.7450,2.819471597398E+01,6.823159722337E-02,8.433805781449E+00
1,0.7460,2.813858216038E+01,6.768237105893E-02,8.422500411769E+00
1,0.7470,2.808257890285E+01,6.713461537954E-02,8.411225310816E+00
1,0.7480,2.802670429480E+01,6.658832428753E-02,8.399980357192E+00
1,0.7490,2.797095910795E+01,6.604349191673E-02,8.388765430146E+00
1,0.7500,2.791533912767E+01,6.550011243224E-02,8.377580409573E+00
1,0.7510,2.786077746674E+01,6.489292191390E-02,8.366425176005E+00
1,0.7520,2.780634311297E+01,6.428734626396E-02,8.355299610611E+00
1,0.7530,2.775203273299E+01,6.368337904869E-02,8.344203595192E+00
1,0.7540,2.769784403445E+01,6.308101386846E-02,8.333137012175E+00
1,0.7550,2.764377784316E+01,6.248024435759E-02,8.322099744609E+00
1,0.7560,2.758983496469E+01,6.188106418404E-02,8.311091676163E+00
1,0.7570,2.753602045857E+01,6.128346704927E-02,8.300112691122E+00
1,0.7580,2.748232255495E+01,6.068744668793E-02,8.289162674379E+00
1,0.7590,2.742874726625E+01,6.009299686774E-02,8.278241511436E+00
1,0.7600,2.737528714613E+01,5.950011138917E-02,8.267349088394E+00
1,0.7610,2.732196126296E+01,5.904476839808E-02,8.256485291957E+00
1,0.7620,2.726874029803E+01,5.859062053295E-02,8.245650009422E+00
1,0.7630,2.721564720202E+01,5.813766309473E-02,8.234843128676E+00
1,0.7640,2.716267060935E+01,5.768589140896E-02,8.224064538193E+00
1,0.7650,2.710981249605E+01,5.723530082564E-02,8.213314127032E+00
1,0.7660,2.705707351864E+01,5.678588671903E-02,8.202591784830E+00
1,0.7670,2.700444909996E+01,5.633764448755E-02,8.191897401799E+00
1,0.7680,2.695194113971E+01,5.589056955354E-02,8.181230868723E+00
1,0.7690,2.689955485965E+01,5.544465736318E-02,8.170592076957E+00
1,0.7700,2.684727696793E+01,5.499990338630E-02,8.159980918415E+00
1,0.7710,2.679603303115E+01,5.464586499241E-02,8.149397285577E+00
1,0.7720,2.674489964852E+01,5.429274379642E-02,8.138841071476E+00
1,0.7730,2.669387841678E+01,5.394053623872E-02,8.128312169702E+00
1,0.7740,2.664296826205E+01,5.358923877807E-02,8.117810474392E+00
1,0.7750,2.659217249368E+01,5.323884789151E-02,8.107335880232E+00
1,0.7760,2.654149012232E+01,5.288936007425E-02,8.096888282448E+00
1,0.7770,2.649091355092E+01,5.254077183952E-02,8.086467576808E+00
1,0.7780,2.644044654757E+01,5.219307971851E-02,8.076073659614E+00
1,0.7790,2.639009186277E+01,5.184628026020E-02,8.065706427702E+00
1,0.7800,2.633984813197E+01,5.150037003127E-02,8.055365778435E+00
1,0.7810,2.628971065092E+01,5.098446871980E-02,8.045051609705E+00
1,0.7820,2.623968683749E+01,5.046988684902E-02,8.034763819923E+00
1,0.7830,2.618976637749E+01,4.995661936360E-02,8.024502308020E+00
1,0.7840,2.613995693834E+01,4.944466123402E-02,8.014266973443E+00
1,0.7850,2.609025196402E+01,4.893400745635E-02,8.004057716152E+00
1,0.7860,2.604065445389E+01,4.842465305217E-02,7.993874436615E+00
1,0.7870,2.599115960313E+01,4.791659306833E-02,7.983717035806E+00
1,0.7880,2.594177750750E+01,4.740982257684E-02,7.973585415203E+00
1,0.7890,2.589249385161E+01,4.690433667467E-02,7.963479476780E+00
1,0.7900,2.584331860196E+01,4.640013048365E-02,7.953399123012E+00
1,0.7910,2.579425079274E+01,4.600570523281E-02,7.943344256864E+00
1,0.7920,2.574528430455E+01,4.561227600532E-02,7.933314781792E+00
1,0.7930,2.569641856040E+01,4.521983903314E-02,7.923310601740E+00
1,0.7940,2.564766206882E+01,4.482839056719E-02,7.913331621133E+00
1,0.7950,2.559900582955E+01,4.443792687725E-02,7.903377744880E+00
1,0.7960,2.555044926838E+01,4.404844425186E-02,7.893448878366E+00
1,0.7970,2.550200113118E+01,4.365993899817E-02,7.883544927452E+00
1,0.7980,2.545365142468E+01,4.327240744187E-02,7.873665798471E+00
1,0.7990,2.540540154207E+01,4.288584592700E-02,7.863811398222E+00
1,0.8000,2.535725317880E+01,4.250025081593E-02,7.853981633974E+00
1,0.8010,2.531009388286E+01,4.212103097087E-02,7.844176413458E+00
1,0.8020,2.526303330140E+01,4.174275681122E-02,7.834395644862E+00
1,0.8030,2.521606776889E+01,4.136542480389E-02,7.824639236836E+00
1,0.8040,2.516920227111E+01,4.098903143340E-02,7.814907098482E+00
1,0.8050,2.512243772810E+01,4.061357320171E-02,7.805199139354E+00
1,0.8060,2.507576616142E+01,4.023904662817E-02,7.795515269454E+00
1,0.8070,2.502918940198E+01,3.986544824936E-02,7.785855399231E+00
1,0.8080,2.498270885912E+01,3.949277461901E-02,7.776219439579E+00
1,0.8090,2.493632452007E+01,3.912102230790E-02,7.766607301829E+00
1,0.8100,2.489004150444E+01,3.875018790372E-02,7.757018897753E+00
1,0.8110,2.484384483849E+01,3.840637693148E-02,7.747454139556E+00
1,0.8120,2.479774793667E+01,3.806341278429E-02,7.737912939876E+00
1,0.8130,2.475174842786E+01,3.772129233734E-02,7.728395211783E+00
1,0.8140,2.470583439237E+01,3.738001248116E-02,7.718900868771E+00
1,0.8150,2.466001813581E+01,3.703957012157E-02,7.709429824760E+00
1,0.8160,2.461429789916E+01,3.669996217952E-02,7.699981994093E+00
1,0.8170,2.456866283908E+01,3.636118559107E-02,7.690557291529E+00
1,0.8180,2.452312485595E+01,3.602323730723E-02,7.681155632249E+00
1,0.8190,2.447768221934E+01,3.568611429393E-02,7.671776931843E+00
1,0.8200,2.443232455994E+01,3.534981353188E-02,7.662421106317E+00
1,0.8210,2.438706032351E+01,3.504655151729E-02,7.653088072082E+00
1,0.8220,2.434188366456E+01,3.474402736649E-02,7.643777745961E+00
1,0.8230,2.429680490014E+01,3.444223838981E-02,7.634490045176E+00
1,0.8240,2.425181038999E+01,3.414118191064E-02,7.625224887354E+00
1,0.8250,2.420690420828E+01,3.384085526536E-02,7.615982190521E+00
1,0.8260,2.416208951885E+01,3.354125580324E-02,7.606761873099E+00
1,0.8270,2.411736605489E+01,3.324238088638E-02,7.597563853905E+00
1,0.8280,2.407272971435E+01,3.294422788960E-02,7.588388052149E+00
1,0.8290,2.402818297360E+01,3.264679420042E-02,7.579234387430E+00
1,0.8300,2.398372012526E+01,3.235007721892E-02,7.570102779734E+00
1,0.8310,2.393934963913E+01,3.206201340052E-02,7.560993149434E+00
1,0.8320,2.389506265560E+01,3.177464204322E-02,7.551905417283E+00
1,0.8330,2.385086265948E+01,3.148796065316E-02,7.542839504417E+00
1,0.8340,2.380675502391E+01,3.120196674846E-02,7.533795332350E+00
1,0.8350,2.376272684559E+01,3.091665785909E-02,7.524772822970E+00
1,0.8360,2.371878751758E+01,3.063203152688E-02,7.515771898540E+00
1,0.8370,2.367493227589E+01,3.034808530538E-02,7.506792481696E+00
1,0.8380,2.363116181966E+01,3.006481675982E-02,7.497834495441E+00
1,0.8390,2.358748034299E+01,2.978222346705E-02,7.488897863146E+00
1,0.8400,2.354387697087E+01,2.950030301546E-02,7.479982508547E+00
1,0.8410,2.350122405280E+01,2.921725994369E-02,7.471088355743E+00
1,0.8420,2.345865094741E+01,2.893488918325E-02,7.462215329192E+00
1,0.8430,2.341615699120E+01,2.865318834158E-02,7.453363353712E+00
1,0.8440,2.337374958055E+01,2.837215503745E-02,7.444532354478E+00
1,0.8450,2.333142628931E+01,2.809178690090E-02,7.435722257017E+00
1,0.8460,2.328917582225E+01,2.781208157318E-02,7.426932987210E+00
1,0.8470,2.324701374443E+01,2.753303670669E-02,7.418164471286E+00
1,0.8480,2.320493007974E+01,2.725464996489E-02,7.409416635825E+00
1,0.8490,2.316292217622E+01,2.697691902224E-02,7.400689407750E+00
1,0.8500,2.312100044672E+01,2.669984156416E-02,7.391982714329E+00
1,0.8510,2.307915671079E+01,2.642193862764E-02,7.383296483172E+00
1,0.8520,2.303738755571E+01,2.614468804544E-02,7.374630642230E+00
1,0.8530,2.299570360114E+01,2.586808752323E-02,7.365985119788E+00
1,0.8540,2.295409649133E+01,2.559213477741E-02,7.357359844473E+00
1,0.8550,2.291256979155E+01,2.531682753509E-02,7.348754745239E+00
1,0.8560,2.287111895383E+01,2.504216353399E-02,7.340169751378E+00
1,0.8570,2.282974575735E+01,2.476814052239E-02,7.331604792508E+00
1,0.8580,2.278844949435E+01,2.449475625907E-02,7.323059798578E+00
1,0.8590,2.274723222505E+01,2.422200851324E-02,7.314534699860E+00
1,0.8600,2.270609023770E+01,2.394989506449E-02,7.306029426953E+00
1,0.8610,2.266587192199E+01,2.370738495207E-02,7.297543910778E+00
1,0.8620,2.262573276843E+01,2.346543750811E-02,7.289078082575E+00
1,0.8630,2.258566087894E+01,2.322405077666E-02,7.280631873904E+00
1,0.8640,2.254567106289E+01,2.298322281078E-02,7.272205216643E+00
1,0.8650,2.250575299359E+01,2.274295167258E-02,7.263798042982E+00
1,0.8660,2.246590532752E+01,2.250323543307E-02,7.255410285427E+00
1,0.8670,2.242613469718E+01,2.226407217221E-02,7.247041876793E+00
1,0.8680,2.238643517649E+01,2.202545997876E-02,7.238692750207E+00
1,0.8690,2.234681166605E+01,2.178739695032E-02,7.230362839102E+00
1,0.8700,2.230726228847E+01,2.154988119321E-02,7.222052077218E+00
1,0.8710,2.226693955101E+01,2.130742836455E-02,7.213760398599E+00
1,0.8720,2.222669001328E+01,2.106553162036E-02,7.205487737591E+00
1,0.8730,2.218651896371E+01,2.082418904969E-02,7.197234028843E+00
1,0.8740,2.214642012976E+01,2.058339875036E-02,7.188999207299E+00
1,0.8750,2.210638819431E+01,2.034315882885E-02,7.180783208205E+00
1,0.8760,2.206643021788E+01,2.010346740031E-02,7.172585967100E+00
1,0.8770,2.202654780941E+01,1.986432258848E-02,7.164407419817E+00
1,0.8780,2.198673234609E+01,1.962572252566E-02,7.156247502482E+00
1,0.8790,2.194699223794E+01,1.938766535262E-02,7.148106151513E+00
1,0.8800,2.190732345566E+01,1.915014921862E-02,7.139983303613E+00
1,0.8810,2.186855795621E+01,1.894811848788E-02,7.131878895777E+00
1,0.8820,2.182986418871E+01,1.874654587671E-02,7.123792865283E+00
1,0.8830,2.179123931368E+01,1.854542982864E-02,7.115725149694E+00
1,0.8840,2.175268672261E+01,1.834476879426E-02,7.107675686855E+00
1,0.8850,2.171419995351E+01,1.814456123114E-02,7.099644414892E+00
1,0.8860,2.167577782440E+01,1.794480560383E-02,7.091631272212E+00
1,0.8870,2.163743091798E+01,1.774550038380E-02,7.083636197497E+00
1,0.8880,2.159914694383E+01,1.754664404939E-02,7.075659129707E+00
1,0.8890,2.156092946215E+01,1.734823508582E-02,7.067700008076E+00
1,0.8900,2.152278319484E+01,1.715027198509E-02,7.059758772112E+00
1,0.8910,2.148470117870E+01,1.694824007135E-02,7.051835361593E+00
1,0.8920,2.144669203691E+01,1.674666114395E-02,7.043929716569E+00
1,0.8930,2.140873970804E+01,1.654553368113E-02,7.036041777357E+00
1,0.8940,2.137086282652E+01,1.634485616788E-02,7.028171484541E+00
1,0.8950,2.133304430929E+01,1.614462709600E-02,7.020318778972E+00
1,0.8960,2.129530110253E+01,1.594484496402E-02,7.012483601763E+00
1,0.8970,2.125761561663E+01,1.574550827714E-02,7.004665894292E+00
1,0.8980,2.121999601797E+01,1.554661554725E-02,6.996865598196E+00
1,0.8990,2.118244534676E+01,1.534816529285E-02,6.989082655372E+00
1,0.9000,2.114495936336E+01,1.515015603901E-02,6.981317007977E+00
1,0.9010,2.110753303546E+01,1.498856993134E-02,6.973568598424E+00
1,0.9020,2.107017329879E+01,1.482734210771E-02,6.965837369379E+00
1,0.9030,2.103288266735E+01,1.466647137783E-02,6.958123263765E+00
1,0.9040,2.099565095109E+01,1.450595655664E-02,6.950426224756E+00
1,0.9050,2.095848147320E+01,1.434579646434E-02,6.942746195779E+00
1,0.9060,2.092137731329E+01,1.418598992632E-02,6.935083120507E+00
1,0.9070,2.088433767115E+01,1.402653577318E-02,6.927436942866E+00
1,0.9080,2.084735797644E+01,1.386743284063E-02,6.919807607026E+00
1,0.9090,2.081044796401E+01,1.370867996955E-02,6.912195057403E+00
1,0.9100,2.077359239247E+01,1.355027600587E-02,6.904599238659E+00
1,0.9110,2.073680201065E+01,1.339373714504E-02,6.897020095697E+00
1,0.9120,2.070007344119E+01,1.323754157119E-02,6.889457573662E+00
1,0.9130,2.066340606398E+01,1.308168815631E-02,6.881911617940E+00
1,0.9140,2.062679976190E+01,1.292617577735E-02,6.874382174157E+00
1,0.9150,2.059025775709E+01,1.277100331617E-02,6.866869188174E+00
1,0.9160,2.055377376149E+01,1.261616965948E-02,6.859372606091E+00
1,0.9170,2.051735160986E+01,1.246167369888E-02,6.851892374242E+00
1,0.9180,2.048098883673E+01,1.230751433079E-02,6.844428439193E+00
1,0.9190,2.044468853576E+01,1.215369045643E-02,6.836980747747E+00
1,0.9200,2.040844792230E+01,1.200020098179E-02,6.829549246934E+00
1,0.9210,2.037308043451E+01,1.184363375069E-02,6.822133884017E+00
1,0.9220,2.033777004585E+01,1.168740614481E-02,6.814734606485E+00
1,0.9230,2.030251961561E+01,1.153151706030E-02,6.807351362058E+00
1,0.9240,2.026733229018E+01,1.137596539804E-02,6.799984098679E+00
1,0.9250,2.023219833734E+01,1.122075006371E-02,6.792632764518E+00
1,0.9260,2.019712107694E+01,1.106586996767E-02,6.785297307969E+00
1,0.9270,2.016210317342E+01,1.091132402503E-02,6.777977677648E+00
1,0.9280,2.012714259390E+01,1.075711115554E-02,6.770673822392E+00
1,0.9290,2.009224013029E+01,1.060323028361E-02,6.763385691259E+00
1,0.9300,2.005739751382E+01,1.044968033830E-02,6.756113233526E+00
1,0.9310,2.002179156799E+01,1.031846152508E-02,6.748856398689E+00
1,0.9320,1.998624933859E+01,1.018752429731E-02,6.741615136459E+00
1,0.9330,1.995076422060E+01,1.005686774955E-02,6.734389396763E+00
1,0.9340,1.991533516477E+01,9.926490980266E-03,6.727179129743E+00
1,0.9350,1.987996334976E+01,9.796393091771E-03,6.719984285754E+00
1,0.9360,1.984465069341E+01,9.666573190219E-03,6.712804815363E+00
1,0.9370,1.980939045157E+01,9.537030385574E-03,6.705640669349E+00
1,0.9380,1.977418558732E+01,9.407763791601E-03,6.698491798699E+00
1,0.9390,1.973903934912E+01,9.278772525836E-03,6.691358154611E+00
1,0.9400,1.970394709342E+01,9.150055709572E-03,6.684239688489E+00
1,0.9410,1.966971844558E+01,9.013733446944E-03,6.677136351944E+00
1,0.9420,1.963554196856E+01,8.877700615870E-03,6.670048096794E+00
1,0.9430,1.960142488483E+01,8.741956295573E-03,6.662974875058E+00
1,0.9440,1.956735453273E+01,8.606499569175E-03,6.655916638961E+00
1,0.9450,1.953333860685E+01,8.471329523680E-03,6.648873340931E+00
1,0.9460,1.949937832301E+01,8.336445249951E-03,6.641844933594E+00
1,0.9470,1.946547447222E+01,8.201845842692E-03,6.634831369778E+00
1,0.9480,1.943161810315E+01,8.067530400427E-03,6.627832602510E+00
1,0.9490,1.939781793582E+01,7.933498025480E-03,6.620848585015E+00
1,0.9500,1.936407340195E+01,7.799747823955E-03,6.613879270715E+00
1,0.9510,1.933037414671E+01,7.688742449398E-03,6.606924613228E+00
1,0.9520,1.929673192215E+01,7.577970279409E-03,6.599984566365E+00
1,0.9530,1.926314136699E+01,7.467430579872E-03,6.593059084134E+00
1,0.9540,1.922960171540E+01,7.357122619746E-03,6.586148120733E+00
1,0.9550,1.919611661401E+01,7.247045671056E-03,6.579251630555E+00
1,0.9560,1.916267887192E+01,7.137199008869E-03,6.572369568179E+00
1,0.9570,1.912929755371E+01,7.027581911284E-03,6.565501888380E+00
1,0.9580,1.909596597599E+01,6.918193659415E-03,6.558648546116E+00
1,0.9590,1.906268413783E+01,6.809033537372E-03,6.551809496538E+00
1,0.9600,1.902944773877E+01,6.700100832250E-03,6.544984694979E+00
1,0.9610,1.899626991047E+01,6.594108176361E-03,6.538174096961E+00
1,0.9620,1.896314127331E+01,6.488335879423E-03,6.531377658191E+00
1,0.9630,1.893006001535E+01,6.382783254962E-03,6.524595334558E+00
1,0.9640,1.889703147812E+01,6.277449619347E-03,6.517827082136E+00
1,0.9650,1.886405204200E+01,6.172334291786E-03,6.511072857181E+00
1,0.9660,1.883112164745E+01,6.067436594303E-03,6.504332616128E+00
1,0.9670,1.879824025265E+01,5.962755851726E-03,6.497606315594E+00
1,0.9680,1.876540808282E+01,5.858291391675E-03,6.490893912376E+00
1,0.9690,1.873262716349E+01,5.754042544545E-03,6.484195363446E+00
1,0.9700,1.869989446088E+01,5.650008643492E-03,6.477510625958E+00
1,0.9710,1.866720628337E+01,5.564216783703E-03,6.470839657240E+00
1,0.9720,1.863457099577E+01,5.478601450375E-03,6.464182414794E+00
1,0.9730,1.860198520925E+01,5.393162099232E-03,6.457538856300E+00
1,0.9740,1.856944504184E+01,5.307898188236E-03,6.450908939609E+00
1,0.9750,1.853695106044E+01,5.222809177569E-03,6.444292622748E+00
1,0.9760,1.850450935186E+01,5.137894529630E-03,6.437689863914E+00
1,0.9770,1.847211385626E+01,5.053153709015E-03,6.431100621473E+00
1,0.9780,1.843976114854E+01,4.968586182511E-03,6.424524853967E+00
1,0.9790,1.840746393760E+01,4.884191419085E-03,6.417962520102E+00
1,0.9800,1.837520808654E+01,4.799968889870E-03,6.411413578755E+00
1,0.9810,1.834299968638E+01,4.714195155978E-03,6.404877988970E+00
1,0.9820,1.831084257354E+01,4.628596114007E-03,6.398355709959E+00
1,0.9830,1.827872562745E+01,4.543171230820E-03,6.391846701098E+00
1,0.9840,1.824665703248E+01,4.457919975444E-03,6.385350921930E+00
1,0.9850,1.821463865879E+01,4.372841819064E-03,6.378868332162E+00
1,0.9860,1.818266438202E+01,4.287936235009E-03,6.372398891663E+00
1,0.9870,1.815073392160E+01,4.203202698743E-03,6.365942560466E+00
1,0.9880,1.811884890504E+01,4.118640687855E-03,6.359499298765E+00
1,0.9890,1.808701078447E+01,4.034249682044E-03,6.353069066916E+00
1,0.9900,1.805521627156E+01,3.950029163114E-03,6.346651825434E+00
1,0.9910,1.802425439354E+01,3.874347741704E-03,6.340247534995E+00
1,0.9920,1.799333808479E+01,3.798818903806E-03,6.333856156431E+00
1,0.9930,1.796246574910E+01,3.723442188441E-03,6.327477650735E+00
1,0.9940,1.793163655169E+01,3.648217136487E-03,6.321111979054E+00
1,0.9950,1.790084935684E+01,3.573143290668E-03,6.314759102693E+00
1,0.9960,1.787010782348E+01,3.498220195543E-03,6.308418983112E+00
1,0.9970,1.783940852635E+01,3.423447397500E-03,6.302091581925E+00
1,0.9980,1.780875557831E+01,3.348824444743E-03,6.295776860901E+00
1,0.9990,1.777814045564E+01,3.274350887287E-03,6.289474781962E+00
1,1.0000,1.774757295098E+01,3.200026276947E-03,6.283185307180E+00
1,1.0010,1.771626487600E+01,3.134945407595E-03,6.276908398781E+00
1,1.0020,1.768499969304E+01,3.069994440179E-03,6.270644019141E+00
1,1.0030,1.765377713696E+01,3.005172986158E-03,6.264392130787E+00
1,1.0040,1.762259746015E+01,2.940480658538E-03,6.258152696394E+00
1,1.0050,1.759146108442E+01,2.875917071870E-03,6.251925678786E+00
1,1.0060,1.756036436040E+01,2.811481842232E-03,6.245711040934E+00
1,1.0070,1.752931577640E+01,2.747174587232E-03,6.239508745958E+00
1,1.0080,1.749830504650E+01,2.682994925991E-03,6.233318757123E+00
1,1.0090,1.746733764312E+01,2.618942479143E-03,6.227141037839E+00
1,1.0100,1.743641478318E+01,2.555016868823E-03,6.220975551663E+00
1,1.0110,1.740631190699E+01,2.498513919999E-03,6.214822262294E+00
1,1.0120,1.737625016952E+01,2.442122637081E-03,6.208681133577E+00
1,1.0130,1.734622970934E+01,2.385842689371E-03,6.202552129496E+00
1,1.0140,1.731624602167E+01,2.329673747476E-03,6.196435214181E+00
1,1.0150,1.728630871228E+01,2.273615483298E-03,6.190330351901E+00
1,1.0160,1.725640748217E+01,2.217667570034E-03,6.184237507067E+00
1,1.0170,1.722654338718E+01,2.161829682165E-03,6.178156644228E+00
1,1.0180,1.719672555568E+01,2.106101495451E-03,6.172087728074E+00
1,1.0190,1.716694740552E+01,2.050482686924E-03,6.166030723434E+00
1,1.0200,1.713720780862E+01,1.994972934885E-03,6.159985595274E+00
1,1.0210,1.710750818457E+01,1.946045876722E-03,6.153952308697E+00
1,1.0220,1.707785064481E+01,1.897214566227E-03,6.147930828943E+00
1,1.0230,1.704822996116E+01,1.848478722614E-03,6.141921121388E+00
1,1.0240,1.701864623618E+01,1.799838066196E-03,6.135923151543E+00
1,1.0250,1.698910260879E+01,1.751292318375E-03,6.129936885053E+00
1,1.0260,1.695959799750E+01,1.702841201642E-03,6.123962287699E+00
1,1.0270,1.693013529541E+01,1.654484439567E-03,6.117999325394E+00
1,1.0280,1.690070928775E+01,1.606221756795E-03,6.112047964182E+00
1,1.0290,1.687132066858E+01,1.558052879044E-03,6.106108170243E+00
1,1.0300,1.684196986221E+01,1.509977533093E-03,6.100179909883E+00
1,1.0310,1.681266033748E+01,1.471648759615E-03,6.094263149544E+00
1,1.0320,1.678338841890E+01,1.433394266705E-03,6.088357855794E+00
1,1.0330,1.675415271472E+01,1.395213838642E-03,6.082463995334E+00
1,1.0340,1.672495520391E+01,1.357107260535E-03,6.076581534990E+00
1,1.0350,1.669579428966E+01,1.319074318329E-03,6.070710441719E+00
1,1.0360,1.666667484253E+01,1.281114798791E-03,6.064850682606E+00
1,1.0370,1.663758609032E+01,1.243228489512E-03,6.059002224860E+00
1,1.0380,1.660854028371E+01,1.205415178903E-03,6.053165035818E+00
1,1.0390,1.657952917540E+01,1.167674656187E-03,6.047339082945E+00
1,1.0400,1.655055478895E+01,1.130006711399E-03,6.041524333827E+00
1,1.0410,1.652161582089E+01,1.098235605911E-03,6.035720756176E+00
1,1.0420,1.649271502621E+01,1.066525481431E-03,6.029928317831E+00
1,1.0430,1.646385016510E+01,1.034876162560E-03,6.024146986749E+00
1,1.0440,1.643502709387E+01,1.003287474567E-03,6.018376731015E+00
1,1.0450,1.640623421316E+01,9.717592433936E-04,6.012617518832E+00
1,1.0460,1.637747918208E+01,9.402912956450E-04,6.006869318527E+00
1,1.0470,1.634876067044E+01,9.088834585892E-04,6.001132098548E+00
1,1.0480,1.632007207587E+01,8.775355601539E-04,5.995405827461E+00
1,1.0490,1.629142741260E+01,8.462474289223E-04,5.989690473956E+00
1,1.0500,1.626281432514E+01,8.150188941313E-04,5.983986006838E+00
1,1.0510,1.623423429137E+01,7.887944313071E-04,5.978292395033E+00
1,1.0520,1.620569362882E+01,7.626198248760E-04,5.972609607585E+00
1,1.0530,1.617718469257E+01,7.364949327972E-04,5.966937613656E+00
1,1.0540,1.614871285687E+01,7.104196135686E-04,5.961276382523E+00
1,1.0550,1.612027726729E+01,6.843937262248E-04,5.955625883583E+00
1,1.0560,1.609187523620E+01,6.584171303343E-04,5.949986086344E+00
1,1.0570,1.606350730596E+01,6.324896859971E-04,5.944356960435E+00
1,1.0580,1.603517638149E+01,6.066112538419E-04,5.938738475595E+00
1,1.0590,1.600687257865E+01,5.807816950242E-04,5.933130601680E+00
1,1.0600,1.597860893057E+01,5.550008712231E-04,5.927533308660E+00
1,1.0610,1.595037574292E+01,5.393691167034E-04,5.921946566616E+00
1,1.0620,1.592217934352E+01,5.237668005161E-04,5.916370345743E+00
1,1.0630,1.589401465303E+01,5.081938395803E-04,5.910804616350E+00
1,1.0640,1.586588533399E+01,4.926501511275E-04,5.905249348853E+00
1,1.0650,1.583778663044E+01,4.771356527000E-04,5.899704513784E+00
1,1.0660,1.580972619390E+01,4.616502621494E-04,5.894170081782E+00
1,1.0670,1.578169471196E+01,4.461938976355E-04,5.888646023598E+00
1,1.0680,1.575369825676E+01,4.307664776244E-04,5.883132310093E+00
1,1.0690,1.572573279039E+01,4.153679208874E-04,5.877628912235E+00
1,1.0700,1.569780172094E+01,3.999981464995E-04,5.872135801102E+00
1,1.0710,1.566990266908E+01,3.909226591861E-04,5.866652947880E+00
1,1.0720,1.564203843669E+01,3.818641037520E-04,5.861180323862E+00
1,1.0730,1.561420162015E+01,3.728224328574E-04,5.855717900447E+00
1,1.0740,1.558640334339E+01,3.637975993388E-04,5.850265649143E+00
1,1.0750,1.555863003810E+01,3.547895562081E-04,5.844823541562E+00
1,1.0760,1.553089627044E+01,3.457982566521E-04,5.839391549423E+00
1,1.0770,1.550318624624E+01,3.368236540311E-04,5.833969644549E+00
1,1.0780,1.547551594116E+01,3.278657018788E-04,5.828557798868E+00
1,1.0790,1.544787247193E+01,3.189243539010E-04,5.823155984411E+00
1,1.0800,1.542026092656E+01,3.099995639751E-04,5.817764173314E+00
1,1.0810,1.539344396553E+01,3.024374338983E-04,5.812382337816E+00
1,1.0820,1.536665567154E+01,2.948892818808E-04,5.807010450258E+00
1,1.0830,1.533989877700E+01,2.873550692023E-04,5.801648483084E+00
1,1.0840,1.531317291947E+01,2.798347572851E-04,5.796296408837E+00
1,1.0850,1.528647953611E+01,2.723283076941E-04,5.790954200166E+00
1,1.0860,1.525981401360E+01,2.648356821354E-04,5.785621829815E+00
1,1.0870,1.523318142495E+01,2.573568424564E-04,5.780299270634E+00
1,1.0880,1.520657820374E+01,2.498917506444E-04,5.774986495569E+00
1,1.0890,1.518000519464E+01,2.424403688265E-04,5.769683477667E+00
1,1.0900,1.515346734033E+01,2.350026592689E-04,5.764390190073E+00
1,1.0910,1.512619766362E+01,2.289527072121E-04,5.759106606031E+00
1,1.0920,1.509895851881E+01,2.229138356536E-04,5.753832698882E+00
1,1.0930,1.507174971059E+01,2.168860141802E-04,5.748568442067E+00
1,1.0940,1.504456857982E+01,2.108692124902E-04,5.743313809122E+00
1,1.0950,1.501741751864E+01,2.048634003923E-04,5.738068773680E+00
1,1.0960,1.499029677828E+01,1.988685478055E-04,5.732833309470E+00
1,1.0970,1.496321130199E+01,1.928846247586E-04,5.727607390319E+00
1,1.0980,1.493614436644E+01,1.869116013893E-04,5.722390990145E+00
1,1.0990,1.490911481391E+01,1.809494479443E-04,5.717184082966E+00
2,0.4000,8.591393361478E+01,4.649557127313E+00,1.570796326795E+01
2,0.4010,8.523483374160E+01,4.529847561859E+00,1.566879128972E+01
2,0.4020,8.455888468731E+01,4.410733566383E+00,1.562981419696E+01
2,0.4030,8.388606255982E+01,4.292210707361E+00,1.559103053891E+01
2,0.4040,8.321634239470E+01,4.174274595166E+00,1.555243887916E+01
2,0.4050,8.254970330762E+01,4.056920883525E+00,1.551403779551E+01
2,0.4060,8.188611115734E+01,3.940145268985E+00,1.547582587975E+01
2,0.4070,8.122554408708E+01,3.823943490389E+00,1.543780173754E+01
2,0.4080,8.056797390823E+01,3.708311328355E+00,1.539996398819E+01
2,0.4090,7.991337643791E+01,3.593244604766E+00,1.536231126450E+01
2,0.4100,7.926172731022E+01,3.478739182268E+00,1.532484221263E+01
2,0.4110,7.872610833692E+01,3.392308563657E+00,1.528755549192E+01
2,0.4120,7.819292173980E+01,3.306297511157E+00,1.525044977471E+01
2,0.4130,7.766214900415E+01,3.220702977070E+00,1.521352374620E+01
2,0.4140,7.713376504569E+01,3.135521943148E+00,1.517677610430E+01
2,0.4150,7.660775221134E+01,3.050751420233E+00,1.514020555947E+01
2,0.4160,7.608408950595E+01,2.966388447909E+00,1.510381083457E+01
2,0.4170,7.556275806111E+01,2.882430094157E+00,1.506759066470E+01
2,0.4180,7.504374614743E+01,2.798873455016E+00,1.503154379708E+01
2,0.4190,7.452703130651E+01,2.715715654249E+00,1.499566899088E+01
2,0.4200,7.401258869607E+01,2.632953843009E+00,1.495996501709E+01
2,0.4210,7.356350547616E+01,2.569986959374E+00,1.492443065838E+01
2,0.4220,7.311640160483E+01,2.507318496988E+00,1.488906470896E+01
2,0.4230,7.267127068869E+01,2.444946339389E+00,1.485386597442E+01
2,0.4240,7.222809394299E+01,2.382868390081E+00,1.481883327165E+01
2,0.4250,7.178685430771E+01,2.321082572299E+00,1.478396542866E+01
2,0.4260,7.134754332886E+01,2.259586828779E+00,1.474926128446E+01
2,0.4270,7.091014371164E+01,2.198379121528E+00,1.471471968895E+01
2,0.4280,7.047463593098E+01,2.137457431601E+00,1.468033950276E+01
2,0.4290,7.004100904121E+01,2.076819758877E+00,1.464611959716E+01
2,0.4300,6.960925012567E+01,2.016464121839E+00,1.461205885391E+01
2,0.4310,6.922911351968E+01,1.966593266679E+00,1.457815616515E+01
2,0.4320,6.885061534884E+01,1.916953295107E+00,1.454441043329E+01
2,0.4330,6.847374249656E+01,1.867542607469E+00,1.451082057085E+01
2,0.4340,6.809848739076E+01,1.818359618852E+00,1.447738550041E+01
2,0.4350,6.772484292793E+01,1.769402758918E+00,1.444410415444E+01
2,0.4360,6.735278490308E+01,1.720670471737E+00,1.441097547518E+01
2,0.4370,6.698231045620E+01,1.672161215618E+00,1.437799841460E+01
2,0.4380,6.661340017640E+01,1.623873462951E+00,1.434517193420E+01
2,0.4390,6.624604935710E+01,1.575805700047E+00,1.431249500496E+01
2,0.4400,6.588024030789E+01,1.527956426973E+00,1.427996660723E+01
2,0.4410,6.553963264350E+01,1.495002020225E+00,1.424758573057E+01
2,0.4420,6.520045126530E+01,1.462196728440E+00,1.421535137371E+01
2,0.4430,6.486269376704E+01,1.429539541810E+00,1.418326254442E+01
2,0.4440,6.452634333965E+01,1.397029459624E+00,1.415131825941E+01
2,0.4450,6.419139967822E+01,1.364665490167E+00,1.411951754422E+01
2,0.4460,6.385784061470E+01,1.332446650618E+00,1.408785943314E+01
2,0.4470,6.352566314766E+01,1.300371966950E+00,1.405634296908E+01
2,0.4480,6.319485531358E+01,1.268440473834E+00,1.402496720353E+01
2,0.4490,6.286541428540E+01,1.236651214541E+00,1.399373119639E+01
2,0.4500,6.253731341979E+01,1.205003240845E+00,1.396263401595E+01
2,0.4510,6.223522216313E+01,1.181543941427E+00,1.393167473876E+01
2,0.4520,6.193437381108E+01,1.158188444218E+00,1.390085244951E+01
2,0.4530,6.163475370720E+01,1.134936061787E+00,1.387016624101E+01
2,0.4540,6.133634748092E+01,1.111786112760E+00,1.383961521405E+01
2,0.4550,6.103915938112E+01,1.088737921749E+00,1.380919847732E+01
2,0.4560,6.074317548207E+01,1.065790819296E+00,1.377891514732E+01
2,0.4570,6.044838820075E+01,1.042944141799E+00,1.374876434831E+01
2,0.4580,6.015478136619E+01,1.020197231453E+00,1.371874521218E+01
2,0.4590,5.986235883970E+01,9.975494361844E-01,1.368885687839E+01
2,0.4600,5.957110249999E+01,9.750001095908E-01,1.365909849387E+01
2,0.4610,5.930095097974E+01,9.602165502576E-01,1.362946921297E+01
2,0.4620,5.903187640079E+01,9.454969890168E-01,1.359996819736E+01
2,0.4630,5.876388006579E+01,9.308410111938E-01,1.357059461594E+01
2,0.4640,5.849694687892E+01,9.162482056890E-01,1.354134764478E+01
2,0.4650,5.823107505460E+01,9.017181649391E-01,1.351222646705E+01
2,0.4660,5.796625222499E+01,8.872504848791E-01,1.348323027292E+01
2,0.4670,5.770247528514E+01,8.728447649050E-01,1.345435825949E+01
2,0.4680,5.743973846961E+01,8.585006078367E-01,1.342560963073E+01
2,0.4690,5.717802833761E+01,8.442176198818E-01,1.339698359740E+01
2,0.4700,5.691734043280E+01,8.299954105990E-01,1.336847937698E+01
2,0.4710,5.667445662192E+01,8.187857561508E-01,1.334009619359E+01
2,0.4720,5.643251980696E+01,8.076236002383E-01,1.331183327792E+01
2,0.4730,5.619152109848E+01,7.965086416024E-01,1.328368986719E+01
2,0.4740,5.595147078400E+01,7.854405815261E-01,1.325566520502E+01
2,0.4750,5.571234034375E+01,7.744191238081E-01,1.322775854143E+01
2,0.4760,5.547414007304E+01,7.634439747359E-01,1.319996913273E+01
2,0.4770,5.523685672855E+01,7.525148430602E-01,1.317229624147E+01
2,0.4780,5.500048112059E+01,7.416314399690E-01,1.314473913636E+01
2,0.4790,5.476501927979E+01,7.307934790619E-01,1.311729709223E+01
2,0.4800,5.453044994984E+01,7.200006763252E-01,1.308996938996E+01
2,0.4810,5.430914284878E+01,7.108320372249E-01,1.306275531638E+01
2,0.4820,5.408868465169E+01,7.017014422703E-01,1.303565416427E+01
2,0.4830,5.386906783926E+01,6.926086551623E-01,1.300866523226E+01
2,0.4840,5.365027605933E+01,6.835534415547E-01,1.298178782475E+01
2,0.4850,5.343232029452E+01,6.745355690342E-01,1.295502125192E+01
2,0.4860,5.321518492163E+01,6.655548071001E-01,1.292836482959E+01
2,0.4870,5.299886870222E+01,6.566109271453E-01,1.290181787922E+01
2,0.4880,5.278336734008E+01,6.477037024362E-01,1.287537972783E+01
2,0.4890,5.256866810312E+01,6.388329080940E-01,1.284904970793E+01
2,0.4900,5.235477345185E+01,6.299983210756E-01,1.282282715751E+01
2,0.4910,5.215923386235E+01,6.223603818808E-01,1.279671141992E+01
2,0.4920,5.196442608737E+01,6.147534912194E-01,1.277070184386E+01
2,0.4930,5.177035077538E+01,6.071774601550E-01,1.274479778333E+01
2,0.4940,5.157699264792E+01,5.996321012811E-01,1.271899859753E+01
2,0.4950,5.138435033894E+01,5.921172287057E-01,1.269330365087E+01
2,0.4960,5.119242670751E+01,5.846326580358E-01,1.266771231286E+01
2,0.4970,5.100121214392E+01,5.771782063626E-01,1.264222395811E+01
2,0.4980,5.081069294436E+01,5.697536922463E-01,1.261683796622E+01
2,0.4990,5.062088956256E+01,5.623589357017E-01,1.259155372180E+01
2,0.5000,5.043177057654E+01,5.549937581832E-01,1.256637061436E+01
2,0.5010,5.024733483771E+01,5.478686762100E-01,1.254128803828E+01
2,0.5020,5.006356944237E+01,5.407719810176E-01,1.251630539279E+01
2,0.5030,4.988046647898E+01,5.337035033011E-01,1.249142208187E+01
2,0.5040,4.969803305232E+01,5.266630750993E-01,1.246663751425E+01
2,0.5050,4.951627048581E+01,5.196505297815E-01,1.244195110333E+01
2,0.5060,4.933515361290E+01,5.126657020341E-01,1.241736226715E+01
2,0.5070,4.915469866282E+01,5.057084278479E-01,1.239287042836E+01
2,0.5080,4.897488395308E+01,4.987785445049E-01,1.236847501413E+01
2,0.5090,4.879571897832E+01,4.918758905661E-01,1.234417545615E+01
2,0.5100,4.861719826316E+01,4.850003058583E-01,1.231997119055E+01
2,0.5110,4.844583891492E+01,4.804214475246E-01,1.229586165789E+01
2,0.5120,4.827509901471E+01,4.758604753562E-01,1.227184630309E+01
2,0.5130,4.810496075470E+01,4.713172847558E-01,1.224792457540E+01
2,0.5140,4.793543379163E+01,4.667917719397E-01,1.222409592836E+01
2,0.5150,4.776650621031E+01,4.622838339308E-01,1.220035981977E+01
2,0.5160,4.759817310046E+01,4.577933685497E-01,1.217671571159E+01
2,0.5170,4.743043312524E+01,4.533202744081E-01,1.215316306998E+01
2,0.5180,4.726328270079E+01,4.488644509002E-01,1.212970136521E+01
2,0.5190,4.709672526052E+01,4.444257981958E-01,1.210633007164E+01
2,0.5200,4.693074528230E+01,4.400042172326E-01,1.208304866765E+01
2,0.5210,4.677306205711E+01,4.351714847982E-01,1.205985663566E+01
2,0.5220,4.661592621461E+01,4.303572685800E-01,1.203675346203E+01
2,0.5230,4.645934166079E+01,4.255614623665E-01,1.201373863705E+01
2,0.5240,4.630330302872E+01,4.207839607569E-01,1.199081165492E+01
2,0.5250,4.614780250286E+01,4.160246591534E-01,1.196797201368E+01
2,0.5260,4.599284077289E+01,4.112834537537E-01,1.194521921517E+01
2,0.5270,4.583842036055E+01,4.065602415434E-01,1.192255276505E+01
2,0.5280,4.568452791883E+01,4.018549202884E-01,1.189997217269E+01
2,0.5290,4.553116261347E+01,3.971673885278E-01,1.187747695119E+01
2,0.5300,4.537832711402E+01,3.924975455662E-01,1.185506661732E+01
2,0.5310,4.522980940724E+01,3.884298288572E-01,1.183274069149E+01
2,0.5320,4.508180062841E+01,3.843774043163E-01,1.181049869771E+01
2,0.5330,4.493429639455E+01,3.803401858712E-01,1.178834016356E+01
2,0.5340,4.478729678644E+01,3.763180880945E-01,1.176626462019E+01
2,0.5350,4.464079043522E+01,3.723110261973E-01,1.174427160220E+01
2,0.5360,4.449478886238E+01,3.683189160236E-01,1.172236064772E+01
2,0.5370,4.434927620168E+01,3.643416740442E-01,1.170053129829E+01
2,0.5380,4.420424779093E+01,3.603792173510E-01,1.167878309885E+01
2,0.5390,4.405971467153E+01,3.564314636510E-01,1.165711559774E+01
2,0.5400,4.391566647647E+01,3.524983312611E-01,1.163552834663E+01
2,0.5410,4.377708487923E+01,3.491441805176E-01,1.161402090052E+01
2,0.5420,4.363896267908E+01,3.458024067141E-01,1.159259281767E+01
2,0.5430,4.350131085978E+01,3.424729414697E-01,1.157124365963E+01
2,0.5440,4.336411163222E+01,3.391557169064E-01,1.154997299114E+01
2,0.5450,4.322737477395E+01,3.358506656442E-01,1.152878038015E+01
2,0.5460,4.309108482088E+01,3.325577207969E-01,1.150766539776E+01
2,0.5470,4.295525037274E+01,3.292768159674E-01,1.148662761824E+01
2,0.5480,4.281986388169E+01,3.260078852430E-01,1.146566661894E+01
2,0.5490,4.268492074600E+01,3.227508631916E-01,1.144478198029E+01
2,0.5500,4.255042264402E+01,3.195056848567E-01,1.142397328578E+01
2,0.5510,4.242005320725E+01,3.164057036630E-01,1.140324012192E+01
2,0.5520,4.229010367499E+01,3.133169542852E-01,1.138258207822E+01
2,0.5530,4.216058765444E+01,3.102393757912E-01,1.136199874716E+01
2,0.5540,4.203149040547E+01,3.071729076889E-01,1.134148972415E+01
2,0.5550,4.190281241122E+01,3.041174899221E-01,1.132105460753E+01
2,0.5560,4.177454835289E+01,3.010730628667E-01,1.130069299852E+01
2,0.5570,4.164670729573E+01,2.980395673267E-01,1.128040450122E+01
2,0.5580,4.151928385372E+01,2.950169445307E-01,1.126018872254E+01
2,0.5590,4.139225854725E+01,2.920051361274E-01,1.124004527224E+01
2,0.5600,4.126564983030E+01,2.890040841827E-01,1.121997376282E+01
2,0.5610,4.114186870092E+01,2.866666896486E-01,1.119997380959E+01
2,0.5620,4.101848439430E+01,2.843376132444E-01,1.118004503057E+01
2,0.5630,4.089549160828E+01,2.820168106464E-01,1.116018704650E+01
2,0.5640,4.077289870792E+01,2.797042378447E-01,1.114039948081E+01
2,0.5650,4.065068797384E+01,2.773998511415E-01,1.112068195961E+01
2,0.5660,4.052887463615E+01,2.751036071475E-01,1.110103411162E+01
2,0.5670,4.040744293792E+01,2.728154627795E-01,1.108145556822E+01
2,0.5680,4.028639912323E+01,2.705353752579E-01,1.106194596334E+01
2,0.5690,4.016573240892E+01,2.682633021037E-01,1.104250493353E+01
2,0.5700,4.004544994046E+01,2.659992011361E-01,1.102313211786E+01
2,0.5710,3.992912038576E+01,2.637650381238E-01,1.100382715793E+01
2,0.5720,3.981316346517E+01,2.615386868703E-01,1.098458969787E+01
2,0.5730,3.969757276513E+01,2.593201064764E-01,1.096541938426E+01
2,0.5740,3.958233547729E+01,2.571092563277E-01,1.094631586617E+01
2,0.5750,3.946746382668E+01,2.549060960926E-01,1.092727879509E+01
2,0.5760,3.935294769446E+01,2.527105857194E-01,1.090830782496E+01
2,0.5770,3.923879169752E+01,2.505226854341E-01,1.088940261210E+01
2,0.5780,3.912498688779E+01,2.483423557381E-01,1.087056281519E+01
2,0.5790,3.901153295919E+01,2.461695574055E-01,1.085178809530E+01
2,0.5800,3.889843596007E+01,2.440042514809E-01,1.083307811583E+01
2,0.5810,3.878803784941E+01,2.420237559709E-01,1.081443254248E+01
2,0.5820,3.867798187778E+01,2.400500662874E-01,1.079585104326E+01
2,0.5830,3.856826030971E+01,2.380831474090E-01,1.077733328847E+01
2,0.5840,3.845888235628E+01,2.361229645541E-01,1.075887895065E+01
2,0.5850,3.834983012283E+01,2.341694831791E-01,1.074048770458E+01
2,0.5860,3.824111761447E+01,2.322226689760E-01,1.072215922727E+01
2,0.5870,3.813273672402E+01,2.302824878708E-01,1.070389319792E+01
2,0.5880,3.802468740699E+01,2.283489060209E-01,1.068568929792E+01
2,0.5890,3.791696265535E+01,2.264218898141E-01,1.066754721083E+01
2,0.5900,3.780956621212E+01,2.245014058655E-01,1.064946662234E+01
2,0.5910,3.770480898938E+01,2.229021118543E-01,1.063144722027E+01
2,0.5920,3.760038083027E+01,2.213082208635E-01,1.061348869456E+01
2,0.5930,3.749625802081E+01,2.197197055589E-01,1.059559073723E+01
2,0.5940,3.739245029990E+01,2.181365387908E-01,1.057775304239E+01
2,0.5950,3.728896081253E+01,2.165586935916E-01,1.055997530618E+01
2,0.5960,3.718577441494E+01,2.149861431749E-01,1.054225722681E+01
2,0.5970,3.708289499892E+01,2.134188609339E-01,1.052459850449E+01
2,0.5980,3.698032822234E+01,2.118568204394E-01,1.050699884144E+01
2,0.5990,3.687806736411E+01,2.102999954392E-01,1.048945794187E+01
2,0.6000,3.677610969607E+01,2.087483598555E-01,1.047197551197E+01
2,0.6010,3.667559688306E+01,2.068453875867E-01,1.045455125987E+01
2,0.6020,3.657537998944E+01,2.049487374849E-01,1.043718489565E+01
2,0.6030,3.647546625753E+01,2.030583780965E-01,1.041987613131E+01
2,0.6040,3.637584103711E+01,2.011742781763E-01,1.040262468076E+01
2,0.6050,3.627651024455E+01,1.992964066856E-01,1.038543025980E+01
2,0.6060,3.617747027335E+01,1.974247327905E-01,1.036829258610E+01
2,0.6070,3.607872057276E+01,1.955592258606E-01,1.035121137921E+01
2,0.6080,3.598025916447E+01,1.936998554665E-01,1.033418636049E+01
2,0.6090,3.588208754429E+01,1.918465913792E-01,1.031721725317E+01
2,0.6100,3.578419845908E+01,1.899994035676E-01,1.030030378226E+01
2,0.6110,3.568885701984E+01,1.885788551254E-01,1.028344567460E+01
2,0.6120,3.559379123306E+01,1.871629489983E-01,1.026664265879E+01
2,0.6130,3.549900030517E+01,1.857516624670E-01,1.024989446522E+01
2,0.6140,3.540448841751E+01,1.843449729604E-01,1.023320082603E+01
2,0.6150,3.531024846228E+01,1.829428580537E-01,1.021656147509E+01
2,0.6160,3.521627334705E+01,1.815452954681E-01,1.019997614802E+01
2,0.6170,3.512257686919E+01,1.801522630692E-01,1.018344458214E+01
2,0.6180,3.502913581676E+01,1.787637388658E-01,1.016696651647E+01
2,0.6190,3.493597778772E+01,1.773797010088E-01,1.015054169173E+01
2,0.6200,3.484307278898E+01,1.760001277900E-01,1.013416985029E+01
2,0.6210,3.475155516025E+01,1.747828361126E-01,1.011785073620E+01
2,0.6220,3.466030121450E+01,1.735694585564E-01,1.010158409514E+01
2,0.6230,3.456930213051E+01,1.723599762732E-01,1.008536967445E+01
2,0.6240,3.447856234422E+01,1.711543705359E-01,1.006920722304E+01
2,0.6250,3.438807516377E+01,1.699526227368E-01,1.005309649149E+01
2,0.6260,3.429784697492E+01,1.687547143877E-01,1.003703723192E+01
2,0.6270,3.420787195105E+01,1.675606271177E-01,1.002102919805E+01
2,0.6280,3.411815084783E+01,1.663703426735E-01,1.000507214519E+01
2,0.6290,3.402868089288E+01,1.651838429175E-01,9.989165830174E+00
2,0.6300,3.393946718791E+01,1.640011098274E-01,9.973310011396E+00
2,0.6310,3.385159925727E+01,1.627335037055E-01,9.957504448779E+00
2,0.6320,3.376397372313E+01,1.614699089954E-01,9.941748903765E+00
2,0.6330,3.367660424353E+01,1.602103066856E-01,9.926043139304E+00
2,0.6340,3.358946748429E+01,1.589546778847E-01,9.910386919842E+00
2,0.6350,3.350257262329E+01,1.577030038202E-01,9.894780011306E+00
2,0.6360,3.341592099999E+01,1.564552658376E-01,9.879222181100E+00
2,0.6370,3.332950888144E+01,1.552114453998E-01,9.863713198084E+00
2,0.6380,3.324333669022E+01,1.539715240855E-01,9.848252832570E+00
2,0.6390,3.315739418937E+01,1.527354835892E-01,9.832840856306E+00
2,0.6400,3.307169012925E+01,1.515033057194E-01,9.817477042468E+00
2,0.6410,3.298731892835E+01,1.502857547756E-01,9.802161165647E+00
2,0.6420,3.290317066675E+01,1.490719968254E-01,9.786893001837E+00
2,0.6430,3.281925237082E+01,1.478620141721E-01,9.771672328429E+00
2,0.6440,3.273556989724E+01,1.466557892289E-01,9.756498924192E+00
2,0.6450,3.265210460782E+01,1.454533045181E-01,9.741372569271E+00
2,0.6460,3.256887069278E+01,1.442545426701E-01,9.726293045170E+00
2,0.6470,3.248586245213E+01,1.430594864230E-01,9.711260134744E+00
2,0.6480,3.240308437155E+01,1.418681186210E-01,9.696273622191E+00
2,0.6490,3.232051681751E+01,1.406804222144E-01,9.681333293035E+00
2,0.6500,3.223818401170E+01,1.394963802583E-01,9.666438934122E+00
2,0.6510,3.215714653402E+01,1.383816067262E-01,9.651590333609E+00
2,0.6520,3.207632411870E+01,1.372702527448E-01,9.636787280950E+00
2,0.6530,3.199571825452E+01,1.361623026040E-01,9.622029566891E+00
2,0.6540,3.191532938955E+01,1.350577406900E-01,9.607316983455E+00
2,0.6550,3.183515065630E+01,1.339565514841E-01,9.592649323938E+00
2,0.6560,3.175519194604E+01,1.328587195624E-01,9.578026382896E+00
2,0.6570,3.167544396286E+01,1.317642295948E-01,9.563447956133E+00
2,0.6580,3.159590805334E+01,1.306730663444E-01,9.548913840698E+00
2,0.6590,3.151657825759E+01,1.295852146669E-01,9.534423834870E+00
2,0.6600,3.143746430433E+01,1.285006595096E-01,9.519977738151E+00
2,0.6610,3.135961698609E+01,1.275885851522E-01,9.505575351255E+00
2,0.6620,3.128198260988E+01,1.266792663065E-01,9.491216476102E+00
2,0.6630,3.120455019043E+01,1.257726905041E-01,9.476900915806E+00
2,0.6640,3.112731968122E+01,1.248688453517E-01,9.462628474668E+00
2,0.6650,3.105028633185E+01,1.239677185306E-01,9.448398958165E+00
2,0.6660,3.097346281499E+01,1.230692977960E-01,9.434212172942E+00
2,0.6670,3.089683520568E+01,1.221735709767E-01,9.420067926806E+00
2,0.6680,3.082040918898E+01,1.212805259742E-01,9.405966028712E+00
2,0.6690,3.074417788802E+01,1.203901507625E-01,9.391906288759E+00
2,0.6700,3.066815189759E+01,1.195024333871E-01,9.377888518178E+00
2,0.6710,3.059231846038E+01,1.185396414913E-01,9.363912529329E+00
2,0.6720,3.051667620962E+01,1.175797150475E-01,9.349978135684E+00
2,0.6730,3.044123588776E+01,1.166226412826E-01,9.336085151827E+00
2,0.6740,3.036598413715E+01,1.156684074991E-01,9.322233393442E+00
2,0.6750,3.029092755989E+01,1.147170010751E-01,9.308422677303E+00
2,0.6760,3.021606185901E+01,1.137684094629E-01,9.294652821272E+00
2,0.6770,3.014139390032E+01,1.128226201894E-01,9.280923644283E+00
2,0.6780,3.006690834165E+01,1.118796208547E-01,9.267234966342E+00
2,0.6790,2.999261882177E+01,1.109393991321E-01,9.253586608512E+00
2,0.6800,2.991851308115E+01,1.100019427676E-01,9.239978392911E+00
2,0.6810,2.984563883042E+01,1.091908734748E-01,9.226410142701E+00
2,0.6820,2.977295205550E+01,1.083821826843E-01,9.212881682082E+00
2,0.6830,2.970044328210E+01,1.075758599489E-01,9.199392836281E+00
2,0.6840,2.962812145315E+01,1.067718948823E-01,9.185943431549E+00
2,0.6850,2.955598276344E+01,1.059702771589E-01,9.172533295153E+00
2,0.6860,2.948402127736E+01,1.051709965134E-01,9.159162255364E+00
2,0.6870,2.941224324329E+01,1.043740427403E-01,9.145830141455E+00
2,0.6880,2.934064739242E+01,1.035794056933E-01,9.132536783691E+00
2,0.6890,2.926922641348E+01,1.027870752850E-01,9.119282013323E+00
2,0.6900,2.919798595633E+01,1.019970414865E-01,9.106065662579E+00
2,0.6910,2.912898340937E+01,1.012374822786E-01,9.092887564659E+00
2,0.6920,2.906015319284E+01,1.004801183286E-01,9.079747553728E+00
2,0.6930,2.899149184870E+01,9.972494013304E-02,9.066645464906E+00
2,0.6940,2.892300565080E+01,9.897193824355E-02,9.053581134265E+00
2,0.6950,2.885468728550E+01,9.822110326597E-02,9.040554398820E+00
2,0.6960,2.878654122287E+01,9.747242586017E-02,9.027565096522E+00
2,0.6970,2.871856004361E+01,9.672589673961E-02,9.014613066255E+00
2,0.6980,2.865075345820E+01,9.598150667096E-02,9.001698147822E+00
2,0.6990,2.858310201199E+01,9.523924647376E-02,8.988820181945E+00
2,0.7000,2.851562139652E+01,9.449910701998E-02,8.975979010257E+00
2,0.7010,2.844729130812E+01,9.394213535809E-02,8.963174475292E+00
2,0.7020,2.837912692849E+01,9.338675051004E-02,8.950406420484E+00
2,0.7030,2.831112466133E+01,9.283294570424E-02,8.937674690156E+00
2,0.7040,2.824328621778E+01,9.228071420755E-02,8.924979129516E+00
2,0.7050,2.817561504094E+01,9.173004932503E-02,8.912319584652E+00
2,0.7060,2.810810641323E+01,9.118094439968E-02,8.899695902521E+00
2,0.7070,2.804076063692E+01,9.063339281218E-02,8.887107930947E+00
2,0.7080,2.797357652341E+01,9.008738798057E-02,8.874555518615E+00
2,0.7090,2.790656110453E+01,8.954292336005E-02,8.862038515063E+00
2,0.7100,2.783970139058E+01,8.899999244268E-02,8.849556770675E+00
2,0.7110,2.777501754793E+01,8.849367208440E-02,8.837110136680E+00
2,0.7120,2.771049315908E+01,8.798877397431E-02,8.824698465140E+00
2,0.7130,2.764612976417E+01,8.748529212820E-02,8.812321608948E+00
2,0.7140,2.758191575871E+01,8.698322059539E-02,8.799979421820E+00
2,0.7150,2.751785250834E+01,8.648255345848E-02,8.787671758293E+00
2,0.7160,2.745394299067E+01,8.598328483312E-02,8.775398473715E+00
2,0.7170,2.739018924541E+01,8.548540886780E-02,8.763159424239E+00
2,0.7180,2.732658491225E+01,8.498891974362E-02,8.750954466824E+00
2,0.7190,2.726313345546E+01,8.449381167402E-02,8.738783459221E+00
2,0.7200,2.719983029147E+01,8.400007890461E-02,8.726646259972E+00
2,0.7210,2.713667102327E+01,8.329133361698E-02,8.714542728404E+00
2,0.7220,2.707366665957E+01,8.258455161270E-02,8.702472724625E+00
2,0.7230,2.701080982877E+01,8.187972474535E-02,8.690436109515E+00
2,0.7240,2.694810149020E+01,8.117684491356E-02,8.678432744723E+00
2,0.7250,2.688554077940E+01,8.047590406061E-02,8.666462492661E+00
2,0.7260,2.682312142682E+01,7.977689417419E-02,8.654525216501E+00
2,0.7270,2.676085698445E+01,7.907980728609E-02,8.642620780164E+00
2,0.7280,2.669872508654E+01,7.838463547186E-02,8.630749048324E+00
2,0.7290,2.663674937893E+01,7.769137085053E-02,8.618909886392E+00
2,0.7300,2.657490649257E+01,7.700000558433E-02,8.607103160520E+00
2,0.7310,2.651420622157E+01,7.639261726781E-02,8.595328737592E+00
2,0.7320,2.645364347878E+01,7.578688848221E-02,8.583586485218E+00
2,0.7330,2.639322567863E+01,7.518281243545E-02,8.571876271732E+00
2,0.7340,2.633294166818E+01,7.458038237247E-02,8.560197966185E+00
2,0.7350,2.627279999454E+01,7.397959157496E-02,8.548551438340E+00
2,0.7360,2.621278878064E+01,7.338043336115E-02,8.536936558668E+00
2,0.7370,2.615292179165E+01,7.278290108550E-02,8.525353198344E+00
2,0.7380,2.609319667983E+01,7.218698813851E-02,8.513801229241E+00
2,0.7390,2.603360100221E+01,7.159268794645E-02,8.502280523924E+00
2,0.7400,2.597414005042E+01,7.099999397113E-02,8.490790955648E+00
2,0.7410,2.591482193890E+01,7.044332579918E-02,8.479332398353E+00
2,0.7420,2.585563088699E+01,6.988815808052E-02,8.467904726657E+00
2,0.7430,2.579657659885E+01,6.933448475680E-02,8.456507815854E+00
2,0.7440,2.573766123208E+01,6.878229980222E-02,8.445141541908E+00
2,0.7450,2.567887589390E+01,6.823159722337E-02,8.433805781449E+00
2,0.7460,2.562021859057E+01,6.768237105893E-02,8.422500411769E+00
2,0.7470,2.556169887187E+01,6.713461537954E-02,8.411225310816E+00
2,0.7480,2.550331075532E+01,6.658832428753E-02,8.399980357192E+00
2,0.7490,2.544505338987E+01,6.604349191673E-02,8.388765430146E+00
2,0.7500,2.538692054031E+01,6.550011243224E-02,8.377580409573E+00
2,0.7510,2.532989619068E+01,6.489292191390E-02,8.366425176005E+00
2,0.7520,2.527299474283E+01,6.428734626396E-02,8.355299610611E+00
2,0.7530,2.521622421893E+01,6.368337904869E-02,8.344203595192E+00
2,0.7540,2.515958272565E+01,6.308101386846E-02,8.333137012175E+00
2,0.7550,2.510306069847E+01,6.248024435759E-02,8.322099744609E+00
2,0.7560,2.504666978462E+01,6.188106418404E-02,8.311091676163E+00
2,0.7570,2.499039801225E+01,6.128346704927E-02,8.300112691122E+00
2,0.7580,2.493425713998E+01,6.068744668793E-02,8.289162674379E+00
2,0.7590,2.487823669266E+01,6.009299686774E-02,8.278241511436E+00
2,0.7600,2.482234086063E+01,5.950011138917E-02,8.267349088394E+00
2,0.7610,2.476656597311E+01,5.904476839808E-02,8.256485291957E+00
2,0.7620,2.471092169752E+01,5.859062053295E-02,8.245650009422E+00
2,0.7630,2.465538487045E+01,5.813766309473E-02,8.234843128676E+00
2,0.7640,2.459998110054E+01,5.768589140896E-02,8.224064538193E+00
2,0.7650,2.454469645191E+01,5.723530082564E-02,8.213314127032E+00
2,0.7660,2.448952673842E+01,5.678588671903E-02,8.202591784830E+00
2,0.7670,2.443448441271E+01,5.633764448755E-02,8.191897401799E+00
2,0.7680,2.437955333251E+01,5.589056955354E-02,8.181230868723E+00
2,0.7690,2.432474382205E+01,5.544465736318E-02,8.170592076957E+00
2,0.7700,2.427005861817E+01,5.499990338630E-02,8.159980918415E+00
2,0.7710,2.421644178754E+01,5.464586499241E-02,8.149397285577E+00
2,0.7720,2.416294369207E+01,5.429274379642E-02,8.138841071476E+00
2,0.7730,2.410955583262E+01,5.394053623872E-02,8.128312169702E+00
2,0.7740,2.405628557333E+01,5.358923877807E-02,8.117810474392E+00
2,0.7750,2.400313362122E+01,5.323884789151E-02,8.107335880232E+00
2,0.7760,2.395008672781E+01,5.288936007425E-02,8.096888282448E+00
2,0.7770,2.389716255577E+01,5.254077183952E-02,8.086467576808E+00
2,0.7780,2.384434545299E+01,5.219307971851E-02,8.076073659614E+00
2,0.7790,2.379164434740E+01,5.184628026020E-02,8.065706427702E+00
2,0.7800,2.373905483905E+01,5.150037003127E-02,8.055365778435E+00
2,0.7810,2.368657506485E+01,5.098446871980E-02,8.045051609705E+00
2,0.7820,2.363420579141E+01,5.046988684902E-02,8.034763819923E+00
2,0.7830,2.358195154946E+01,4.995661936360E-02,8.024502308020E+00
2,0.7840,2.352980287121E+01,4.944466123402E-02,8.014266973443E+00
2,0.7850,2.347776696565E+01,4.893400745635E-02,8.004057716152E+00
2,0.7860,2.342584232485E+01,4.842465305217E-02,7.993874436615E+00
2,0.7870,2.337401874871E+01,4.791659306833E-02,7.983717035806E+00
2,0.7880,2.332231382028E+01,4.740982257684E-02,7.973585415203E+00
2,0.7890,2.327071113452E+01,4.690433667467E-02,7.963479476780E+00
2,0.7900,2.321922155786E+01,4.640013048365E-02,7.953399123012E+00
2,0.7910,2.316783188731E+01,4.600570523281E-02,7.943344256864E+00
2,0.7920,2.311655468330E+01,4.561227600532E-02,7.933314781792E+00
2,0.7930,2.306538606246E+01,4.521983903314E-02,7.923310601740E+00
2,0.7940,2.301431590872E+01,4.482839056719E-02,7.913331621133E+00
2,0.7950,2.296335909320E+01,4.443792687725E-02,7.903377744880E+00
2,0.7960,2.291250389928E+01,4.404844425186E-02,7.893448878366E+00
2,0.7970,2.286175148105E+01,4.365993899817E-02,7.883544927452E+00
2,0.7980,2.281110012462E+01,4.327240744187E-02,7.873665798471E+00
2,0.7990,2.276056474663E+01,4.288584592700E-02,7.863811398222E+00
2,0.8000,2.271012587412E+01,4.250025081593E-02,7.853981633974E+00
2,0.8010,2.266072335800E+01,4.212103097087E-02,7.844176413458E+00
2,0.8020,2.261141550804E+01,4.174275681122E-02,7.834395644862E+00
2,0.8030,2.256221356866E+01,4.136542480389E-02,7.824639236836E+00
2,0.8040,2.251311269688E+01,4.098903143340E-02,7.814907098482E+00
2,0.8050,2.246410652775E+01,4.061357320171E-02,7.805199139354E+00
2,0.8060,2.241520936124E+01,4.023904662817E-02,7.795515269454E+00
2,0.8070,2.236640835745E+01,3.986544824936E-02,7.785855399231E+00
2,0.8080,2.231770477749E+01,3.949277461901E-02,7.776219439579E+00
2,0.8090,2.226909475475E+01,3.912102230790E-02,7.766607301829E+00
2,0.8100,2.222059308097E+01,3.875018790372E-02,7.757018897753E+00
2,0.8110,2.217218001925E+01,3.840637693148E-02,7.747454139556E+00
2,0.8120,2.212386906862E+01,3.806341278429E-02,7.737912939876E+00
2,0.8130,2.207565378146E+01,3.772129233734E-02,7.728395211783E+00
2,0.8140,2.202753559274E+01,3.738001248116E-02,7.718900868771E+00
2,0.8150,2.197951633103E+01,3.703957012157E-02,7.709429824760E+00
2,0.8160,2.193159508316E+01,3.669996217952E-02,7.699981994093E+00
2,0.8170,2.188375731606E+01,3.636118559107E-02,7.690557291529E+00
2,0.8180,2.183602197097E+01,3.602323730723E-02,7.681155632249E+00
2,0.8190,2.178838587088E+01,3.568611429393E-02,7.671776931843E+00
2,0.8200,2.174083818977E+01,3.534981353188E-02,7.662421106317E+00
2,0.8210,2.169338083353E+01,3.504655151729E-02,7.653088072082E+00
2,0.8220,2.164602665988E+01,3.474402736649E-02,7.643777745961E+00
2,0.8230,2.159876078756E+01,3.444223838981E-02,7.634490045176E+00
2,0.8240,2.155158980156E+01,3.414118191064E-02,7.625224887354E+00
2,0.8250,2.150450682007E+01,3.384085526536E-02,7.615982190521E+00
2,0.8260,2.145752218989E+01,3.354125580324E-02,7.606761873099E+00
2,0.8270,2.141062685992E+01,3.324238088638E-02,7.597563853905E+00
2,0.8280,2.136381682899E+01,3.294422788960E-02,7.588388052149E+00
2,0.8290,2.131710951781E+01,3.264679420042E-02,7.579234387430E+00
2,0.8300,2.127048138497E+01,3.235007721892E-02,7.570102779734E+00
2,0.8310,2.122394942540E+01,3.206201340052E-02,7.560993149434E+00
2,0.8320,2.117751159800E+01,3.177464204322E-02,7.551905417283E+00
2,0.8330,2.113115952445E+01,3.148796065316E-02,7.542839504417E+00
2,0.8340,2.108489454471E+01,3.120196674846E-02,7.533795332350E+00
2,0.8350,2.103872680494E+01,3.091665785909E-02,7.524772822970E+00
2,0.8360,2.099263848582E+01,3.063203152688E-02,7.515771898540E+00
2,0.8370,2.094664583009E+01,3.034808530538E-02,7.506792481696E+00
2,0.8380,2.090073552529E+01,3.006481675982E-02,7.497834495441E+00
2,0.8390,2.085491799616E+01,2.978222346705E-02,7.488897863146E+00
2,0.8400,2.080918534982E+01,2.950030301546E-02,7.479982508547E+00
2,0.8410,2.076444253800E+01,2.921725994369E-02,7.471088355743E+00
2,0.8420,2.071978419590E+01,2.893488918325E-02,7.462215329192E+00
2,0.8430,2.067521384134E+01,2.865318834158E-02,7.453363353712E+00
2,0.8440,2.063072775373E+01,2.837215503745E-02,7.444532354478E+00
2,0.8450,2.058631974934E+01,2.809178690090E-02,7.435722257017E+00
2,0.8460,2.054200696383E+01,2.781208157318E-02,7.426932987210E+00
2,0.8470,2.049777373304E+01,2.753303670669E-02,7.418164471286E+00
2,0.8480,2.045362240209E+01,2.725464996489E-02,7.409416635825E+00
2,0.8490,2.040955424218E+01,2.697691902224E-02,7.400689407750E+00
2,0.8500,2.036556864326E+01,2.669984156416E-02,7.391982714329E+00
2,0.8510,2.032166355684E+01,2.642193862764E-02,7.383296483172E+00
2,0.8520,2.027784877033E+01,2.614468804544E-02,7.374630642230E+00
2,0.8530,2.023410562966E+01,2.586808752323E-02,7.365985119788E+00
2,0.8540,2.019045159123E+01,2.559213477741E-02,7.357359844473E+00
2,0.8550,2.014687898619E+01,2.531682753509E-02,7.348754745239E+00
2,0.8560,2.010338525066E+01,2.504216353399E-02,7.340169751378E+00
2,0.8570,2.005997215869E+01,2.476814052239E-02,7.331604792508E+00
2,0.8580,2.001664068685E+01,2.449475625907E-02,7.323059798578E+00
2,0.8590,1.997338634728E+01,2.422200851324E-02,7.314534699860E+00
2,0.8600,1.993021911451E+01,2.394989506449E-02,7.306029426953E+00
2,0.8610,1.988801600770E+01,2.370738495207E-02,7.297543910778E+00
2,0.8620,1.984589366674E+01,2.346543750811E-02,7.289078082575E+00
2,0.8630,1.980384781962E+01,2.322405077666E-02,7.280631873904E+00
2,0.8640,1.976187912270E+01,2.298322281078E-02,7.272205216643E+00
2,0.8650,1.971998738369E+01,2.274295167258E-02,7.263798042982E+00
2,0.8660,1.967816801025E+01,2.250323543307E-02,7.255410285427E+00
2,0.8670,1.963643281717E+01,2.226407217221E-02,7.247041876793E+00
2,0.8680,1.959477043205E+01,2.202545997876E-02,7.238692750207E+00
2,0.8690,1.955318943229E+01,2.178739695032E-02,7.230362839102E+00
2,0.8700,1.951167507555E+01,2.154988119321E-02,7.222052077218E+00
2,0.8710,1.946936142006E+01,2.130742836455E-02,7.213760398599E+00
2,0.8720,1.942711937565E+01,2.106553162036E-02,7.205487737591E+00
2,0.8730,1.938495310194E+01,2.082418904969E-02,7.197234028843E+00
2,0.8740,1.934286729143E+01,2.058339875036E-02,7.188999207299E+00
2,0.8750,1.930084860450E+01,2.034315882885E-02,7.180783208205E+00
2,0.8760,1.925891106963E+01,2.010346740031E-02,7.172585967100E+00
2,0.8770,1.921705149978E+01,1.986432258848E-02,7.164407419817E+00
2,0.8780,1.917526299834E+01,1.962572252566E-02,7.156247502482E+00
2,0.8790,1.913354846761E+01,1.938766535262E-02,7.148106151513E+00
2,0.8800,1.909190708501E+01,1.915014921862E-02,7.139983303613E+00
2,0.8810,1.905122302186E+01,1.894811848788E-02,7.131878895777E+00
2,0.8820,1.901060593806E+01,1.874654587671E-02,7.123792865283E+00
2,0.8830,1.897006410857E+01,1.854542982864E-02,7.115725149694E+00
2,0.8840,1.892959124711E+01,1.834476879426E-02,7.107675686855E+00
2,0.8850,1.888919509768E+01,1.814456123114E-02,7.099644414892E+00
2,0.8860,1.884886935628E+01,1.794480560383E-02,7.091631272212E+00
2,0.8870,1.880861615927E+01,1.774550038380E-02,7.083636197497E+00
2,0.8880,1.876842849691E+01,1.754664404939E-02,7.075659129707E+00
2,0.8890,1.872831474988E+01,1.734823508582E-02,7.067700008076E+00
2,0.8900,1.868826864416E+01,1.715027198509E-02,7.059758772112E+00
2,0.8910,1.864830115630E+01,1.694824007135E-02,7.051835361593E+00
2,0.8920,1.860839174581E+01,1.674666114395E-02,7.043929716569E+00
2,0.8930,1.856855725609E+01,1.654553368113E-02,7.036041777357E+00
2,0.8940,1.852879571930E+01,1.634485616788E-02,7.028171484541E+00
2,0.8950,1.848910408213E+01,1.614462709600E-02,7.020318778972E+00
2,0.8960,1.844947393220E+01,1.594484496402E-02,7.012483601763E+00
2,0.8970,1.840992017127E+01,1.574550827714E-02,7.004665894292E+00
2,0.8980,1.837042865318E+01,1.554661554725E-02,6.996865598196E+00
2,0.8990,1.833101218039E+01,1.534816529285E-02,6.989082655372E+00
2,0.9000,1.829165750726E+01,1.515015603901E-02,6.981317007977E+00
2,0.9010,1.825237596608E+01,1.498856993134E-02,6.973568598424E+00
2,0.9020,1.821315535386E+01,1.482734210771E-02,6.965837369379E+00
2,0.9030,1.817400515356E+01,1.466647137783E-02,6.958123263765E+00
2,0.9040,1.813492325990E+01,1.450595655664E-02,6.950426224756E+00
2,0.9050,1.809590668775E+01,1.434579646434E-02,6.942746195779E+00
2,0.9060,1.805696040111E+01,1.418598992632E-02,6.935083120507E+00
2,0.9070,1.801807726213E+01,1.402653577318E-02,6.927436942866E+00
2,0.9080,1.797925650971E+01,1.386743284063E-02,6.919807607026E+00
2,0.9090,1.794050625692E+01,1.370867996955E-02,6.912195057403E+00
2,0.9100,1.790182623775E+01,1.355027600587E-02,6.904599238659E+00
2,0.9110,1.786320363000E+01,1.339373714504E-02,6.897020095697E+00
2,0.9120,1.782464677580E+01,1.323754157119E-02,6.889457573662E+00
2,0.9130,1.778615993246E+01,1.308168815631E-02,6.881911617940E+00
2,0.9140,1.774773749243E+01,1.292617577735E-02,6.874382174157E+00
2,0.9150,1.770937272708E+01,1.277100331617E-02,6.866869188174E+00
2,0.9160,1.767107859694E+01,1.261616965948E-02,6.859372606091E+00
2,0.9170,1.763285095224E+01,1.246167369888E-02,6.851892374242E+00
2,0.9180,1.759467660787E+01,1.230751433079E-02,6.844428439193E+00
2,0.9190,1.755656931288E+01,1.215369045643E-02,6.836980747747E+00
2,0.9200,1.751853205309E+01,1.200020098179E-02,6.829549246934E+00
2,0.9210,1.748140709393E+01,1.184363375069E-02,6.822133884017E+00
2,0.9220,1.744434724104E+01,1.168740614481E-02,6.814734606485E+00
2,0.9230,1.740735029333E+01,1.153151706030E-02,6.807351362058E+00
2,0.9240,1.737041491557E+01,1.137596539804E-02,6.799984098679E+00
2,0.9250,1.733353617344E+01,1.122075006371E-02,6.792632764518E+00
2,0.9260,1.729672106321E+01,1.106586996767E-02,6.785297307969E+00
2,0.9270,1.725996714381E+01,1.091132402503E-02,6.777977677648E+00
2,0.9280,1.722327630313E+01,1.075711115554E-02,6.770673822392E+00
2,0.9290,1.718664580699E+01,1.060323028361E-02,6.763385691259E+00
2,0.9300,1.715007117125E+01,1.044968033830E-02,6.756113233526E+00
2,0.9310,1.711270827893E+01,1.031846152508E-02,6.748856398689E+00
2,0.9320,1.707540233916E+01,1.018752429731E-02,6.741615136459E+00
2,0.9330,1.703816006502E+01,1.005686774955E-02,6.734389396763E+00
2,0.9340,1.700097749148E+01,9.926490980266E-03,6.727179129743E+00
2,0.9350,1.696385645496E+01,9.796393091771E-03,6.719984285754E+00
2,0.9360,1.692679278041E+01,9.666573190219E-03,6.712804815363E+00
2,0.9370,1.688978926125E+01,9.537030385574E-03,6.705640669349E+00
2,0.9380,1.685284668214E+01,9.407763791601E-03,6.698491798699E+00
2,0.9390,1.681596770372E+01,9.278772525836E-03,6.691358154611E+00
2,0.9400,1.677913897973E+01,9.150055709572E-03,6.684239688489E+00
2,0.9410,1.674321854252E+01,9.013733446944E-03,6.677136351944E+00
2,0.9420,1.670735894849E+01,8.877700615870E-03,6.670048096794E+00
2,0.9430,1.667156006095E+01,8.741956295573E-03,6.662974875058E+00
2,0.9440,1.663580777138E+01,8.606499569175E-03,6.655916638961E+00
2,0.9450,1.660012040488E+01,8.471329523680E-03,6.648873340931E+00
2,0.9460,1.656448415640E+01,8.336445249951E-03,6.641844933594E+00
2,0.9470,1.652890900934E+01,8.201845842692E-03,6.634831369778E+00
2,0.9480,1.649339411794E+01,8.067530400427E-03,6.627832602510E+00
2,0.9490,1.645793085151E+01,7.933498025480E-03,6.620848585015E+00
2,0.9500,1.642252319319E+01,7.799747823955E-03,6.613879270715E+00
2,0.9510,1.638717000447E+01,7.688742449398E-03,6.606924613228E+00
2,0.9520,1.635187295121E+01,7.577970279409E-03,6.599984566365E+00
2,0.9530,1.631663564964E+01,7.467430579872E-03,6.593059084134E+00
2,0.9540,1.628145111039E+01,7.357122619746E-03,6.586148120733E+00
2,0.9550,1.624632290903E+01,7.247045671056E-03,6.579251630555E+00
2,0.9560,1.621124588029E+01,7.137199008869E-03,6.572369568179E+00
2,0.9570,1.617622833279E+01,7.027581911284E-03,6.565501888380E+00
2,0.9580,1.614126147468E+01,6.918193659415E-03,6.558648546116E+00
2,0.9590,1.610635343239E+01,6.809033537372E-03,6.551809496538E+00
2,0.9600,1.607149852100E+01,6.700100832250E-03,6.544984694979E+00
2,0.9610,1.603669414126E+01,6.594108176361E-03,6.538174096961E+00
2,0.9620,1.600195050261E+01,6.488335879423E-03,6.531377658191E+00
2,0.9630,1.596725548662E+01,6.382783254962E-03,6.524595334558E+00
2,0.9640,1.593261210741E+01,6.277449619347E-03,6.517827082136E+00
2,0.9650,1.589802615682E+01,6.172334291786E-03,6.511072857181E+00
2,0.9660,1.586348979493E+01,6.067436594303E-03,6.504332616128E+00
2,0.9670,1.582901062649E+01,5.962755851726E-03,6.497606315594E+00
2,0.9680,1.579458319982E+01,5.858291391675E-03,6.490893912376E+00
2,0.9690,1.576020587933E+01,5.754042544545E-03,6.484195363446E+00
2,0.9700,1.572588794725E+01,5.650008643492E-03,6.477510625958E+00
2,0.9710,1.569161539874E+01,5.564216783703E-03,6.470839657240E+00
2,0.9720,1.565739392461E+01,5.478601450375E-03,6.464182414794E+00
2,0.9730,1.562322836751E+01,5.393162099232E-03,6.457538856300E+00
2,0.9740,1.558911000121E+01,5.307898188236E-03,6.450908939609E+00
2,0.9750,1.555504625597E+01,5.222809177569E-03,6.444292622748E+00
2,0.9760,1.552103367212E+01,5.137894529630E-03,6.437689863914E+00
2,0.9770,1.548707663273E+01,5.053153709015E-03,6.431100621473E+00
2,0.9780,1.545316201618E+01,4.968586182511E-03,6.424524853967E+00
2,0.9790,1.541930370400E+01,4.884191419085E-03,6.417962520102E+00
2,0.9800,1.538549857005E+01,4.799968889870E-03,6.411413578755E+00
2,0.9810,1.535173583120E+01,4.714195155978E-03,6.404877988970E+00
2,0.9820,1.531803444260E+01,4.628596114007E-03,6.398355709959E+00
2,0.9830,1.528437283057E+01,4.543171230820E-03,6.391846701098E+00
2,0.9840,1.525076760733E+01,4.457919975444E-03,6.385350921930E+00
2,0.9850,1.521721197747E+01,4.372841819064E-03,6.378868332162E+00
2,0.9860,1.518370024993E+01,4.287936235009E-03,6.372398891663E+00
2,0.9870,1.515024152968E+01,4.203202698743E-03,6.365942560466E+00
2,0.9880,1.511683329262E+01,4.118640687855E-03,6.359499298765E+00
2,0.9890,1.508347714867E+01,4.034249682044E-03,6.353069066916E+00
2,0.9900,1.505016238402E+01,3.950029163114E-03,6.346651825434E+00
2,0.9910,1.501772879798E+01,3.874347741704E-03,6.340247534995E+00
2,0.9920,1.498533962979E+01,3.798818903806E-03,6.333856156431E+00
2,0.9930,1.495299972775E+01,3.723442188441E-03,6.327477650735E+00
2,0.9940,1.492070029290E+01,3.648217136487E-03,6.321111979054E+00
2,0.9950,1.488845376328E+01,3.573143290668E-03,6.314759102693E+00
2,0.9960,1.485625507760E+01,3.498220195543E-03,6.308418983112E+00
2,0.9970,1.482410223023E+01,3.423447397500E-03,6.302091581925E+00
2,0.9980,1.479200012180E+01,3.348824444743E-03,6.295776860901E+00
2,0.9990,1.475993975583E+01,3.274350887287E-03,6.289474781962E+00
2,1.0000,1.472792357960E+01,3.200026276947E-03,6.283185307180E+00
2,1.0010,1.469514435448E+01,3.134945407595E-03,6.276908398781E+00
2,1.0020,1.466240396639E+01,3.069994440179E-03,6.270644019141E+00
2,1.0030,1.462970837610E+01,3.005172986158E-03,6.264392130787E+00
2,1.0040,1.459706639450E+01,2.940480658538E-03,6.258152696394E+00
2,1.0050,1.456446687819E+01,2.875917071870E-03,6.251925678786E+00
2,1.0060,1.453191223245E+01,2.811481842232E-03,6.245711040934E+00
2,1.0070,1.449941213088E+01,2.747174587232E-03,6.239508745958E+00
2,1.0080,1.446695012061E+01,2.682994925991E-03,6.233318757123E+00
2,1.0090,1.443454059835E+01,2.618942479143E-03,6.227141037839E+00
2,1.0100,1.440217180286E+01,2.555016868823E-03,6.220975551663E+00
2,1.0110,1.437066367301E+01,2.498513919999E-03,6.214822262294E+00
2,1.0120,1.433920014758E+01,2.442122637081E-03,6.208681133577E+00
2,1.0130,1.430778789972E+01,2.385842689371E-03,6.202552129496E+00
2,1.0140,1.427641739651E+01,2.329673747476E-03,6.196435214181E+00
2,1.0150,1.424508659122E+01,2.273615483298E-03,6.190330351901E+00
2,1.0160,1.421380496310E+01,2.217667570034E-03,6.184237507067E+00
2,1.0170,1.418256795986E+01,2.161829682165E-03,6.178156644228E+00
2,1.0180,1.415137256264E+01,2.106101495451E-03,6.172087728074E+00
2,1.0190,1.412022513652E+01,2.050482686924E-03,6.166030723434E+00
2,1.0200,1.408911471463E+01,1.994972934885E-03,6.159985595274E+00
2,1.0210,1.405805257602E+01,1.946045876722E-03,6.153952308697E+00
2,1.0220,1.402703159157E+01,1.897214566227E-03,6.147930828943E+00
2,1.0230,1.399605758813E+01,1.848478722614E-03,6.141921121388E+00
2,1.0240,1.396511938409E+01,1.799838066196E-03,6.135923151543E+00
2,1.0250,1.393422962755E+01,1.751292318375E-03,6.129936885053E+00
2,1.0260,1.390338566375E+01,1.702841201642E-03,6.123962287699E+00
2,1.0270,1.387258190093E+01,1.654484439567E-03,6.117999325394E+00
2,1.0280,1.384181393862E+01,1.606221756795E-03,6.112047964182E+00
2,1.0290,1.381109726739E+01,1.558052879044E-03,6.106108170243E+00
2,1.0300,1.378041686380E+01,1.509977533093E-03,6.100179909883E+00
2,1.0310,1.374978012920E+01,1.471648759615E-03,6.094263149544E+00
2,1.0320,1.371918876710E+01,1.433394266705E-03,6.088357855794E+00
2,1.0330,1.368863377700E+01,1.395213838642E-03,6.082463995334E+00
2,1.0340,1.365812116400E+01,1.357107260535E-03,6.076581534990E+00
2,1.0350,1.362765620623E+01,1.319074318329E-03,6.070710441719E+00
2,1.0360,1.359722659977E+01,1.281114798791E-03,6.064850682606E+00
2,1.0370,1.356684010523E+01,1.243228489512E-03,6.059002224860E+00
2,1.0380,1.353649914944E+01,1.205415178903E-03,6.053165035818E+00
2,1.0390,1.350619251158E+01,1.167674656187E-03,6.047339082945E+00
2,1.0400,1.347592832248E+01,1.130006711399E-03,6.041524333827E+00
2,1.0410,1.344571028431E+01,1.098235605911E-03,6.035720756176E+00
2,1.0420,1.341552448925E+01,1.066525481431E-03,6.029928317831E+00
2,1.0430,1.338538605948E+01,1.034876162560E-03,6.024146986749E+00
2,1.0440,1.335528584796E+01,1.003287474567E-03,6.018376731015E+00
2,1.0450,1.332522348052E+01,9.717592433936E-04,6.012617518832E+00
2,1.0460,1.329520222074E+01,9.402912956450E-04,6.006869318527E+00
2,1.0470,1.326522724455E+01,9.088834585892E-04,6.001132098548E+00
2,1.0480,1.323528392687E+01,8.775355601539E-04,5.995405827461E+00
2,1.0490,1.320538381970E+01,8.462474289223E-04,5.989690473956E+00
2,1.0500,1.317552343202E+01,8.150188941313E-04,5.983986006838E+00
2,1.0510,1.314569947067E+01,7.887944313071E-04,5.978292395033E+00
2,1.0520,1.311592041274E+01,7.626198248760E-04,5.972609607585E+00
2,1.0530,1.308617616942E+01,7.364949327972E-04,5.966937613656E+00
2,1.0540,1.305647389783E+01,7.104196135686E-04,5.961276382523E+00
2,1.0550,1.302681061404E+01,6.843937262248E-04,5.955625883583E+00
2,1.0560,1.299718110619E+01,6.584171303343E-04,5.949986086344E+00
2,1.0570,1.296759656986E+01,6.324896859971E-04,5.944356960435E+00
2,1.0580,1.293804776792E+01,6.066112538419E-04,5.938738475595E+00
2,1.0590,1.290853807439E+01,5.807816950242E-04,5.933130601680E+00
2,1.0600,1.287906134882E+01,5.550008712231E-04,5.927533308660E+00
2,1.0610,1.284963464427E+01,5.393691167034E-04,5.921946566616E+00
2,1.0620,1.282023936447E+01,5.237668005161E-04,5.916370345743E+00
2,1.0630,1.279088187668E+01,5.081938395803E-04,5.910804616350E+00
2,1.0640,1.276155911687E+01,4.926501511275E-04,5.905249348853E+00
2,1.0650,1.273227768883E+01,4.771356527000E-04,5.899704513784E+00
2,1.0660,1.270303696847E+01,4.616502621494E-04,5.894170081782E+00
2,1.0670,1.267382467043E+01,4.461938976355E-04,5.888646023598E+00
2,1.0680,1.264465786748E+01,4.307664776244E-04,5.883132310093E+00
2,1.0690,1.261553013974E+01,4.153679208874E-04,5.877628912235E+00
2,1.0700,1.258643050303E+01,3.999981464995E-04,5.872135801102E+00
2,1.0710,1.255737865747E+01,3.909226591861E-04,5.866652947880E+00
2,1.0720,1.252835781811E+01,3.818641037520E-04,5.861180323862E+00
2,1.0730,1.249937011837E+01,3.728224328574E-04,5.855717900447E+00
2,1.0740,1.247042817640E+01,3.637975993388E-04,5.850265649143E+00
2,1.0750,1.244151467391E+01,3.547895562081E-04,5.844823541562E+00
2,1.0760,1.241264283519E+01,3.457982566521E-04,5.839391549423E+00
2,1.0770,1.238380532404E+01,3.368236540311E-04,5.833969644549E+00
2,1.0780,1.235500514812E+01,3.278657018788E-04,5.828557798868E+00
2,1.0790,1.232623610218E+01,3.189243539010E-04,5.823155984411E+00
2,1.0800,1.229751343512E+01,3.099995639751E-04,5.817764173314E+00
2,1.0810,1.226961310720E+01,3.024374338983E-04,5.812382337816E+00
2,1.0820,1.224174639812E+01,2.948892818808E-04,5.807010450258E+00
2,1.0830,1.221391353117E+01,2.873550692023E-04,5.801648483084E+00
2,1.0840,1.218612197899E+01,2.798347572851E-04,5.796296408837E+00
2,1.0850,1.215836462011E+01,2.723283076941E-04,5.790954200166E+00
2,1.0860,1.213063912130E+01,2.648356821354E-04,5.785621829815E+00
2,1.0870,1.210295153950E+01,2.573568424564E-04,5.780299270634E+00
2,1.0880,1.207529297250E+01,2.498917506444E-04,5.774986495569E+00
2,1.0890,1.204767691476E+01,2.424403688265E-04,5.769683477667E+00
2,1.0900,1.202009477543E+01,2.350026592689E-04,5.764390190073E+00
2,1.0910,1.199175792561E+01,2.289527072121E-04,5.759106606031E+00
2,1.0920,1.196344971386E+01,2.229138356536E-04,5.753832698882E+00
2,1.0930,1.193518097307E+01,2.168860141802E-04,5.748568442067E+00
2,1.0940,1.190694634646E+01,2.108692124902E-04,5.743313809122E+00
2,1.0950,1.187874248597E+01,2.048634003923E-04,5.738068773680E+00
2,1.0960,1.185058201711E+01,1.988685478055E-04,5.732833309470E+00
2,1.0970,1.182244569967E+01,1.928846247586E-04,5.727607390319E+00
2,1.0980,1.179435199445E+01,1.869116013893E-04,5.722390990145E+00
2,1.0990,1.176628697308E+01,1.809494479443E-04,5.717184082966E+00
2,0.4000,8.567903331761E+01,4.649557127313E+00,1.570796326795E+01
2,0.4010,8.499637984925E+01,4.529847561859E+00,1.566879128972E+01
2,0.4020,8.431682729699E+01,4.410733566383E+00,1.562981419696E+01
2,0.4030,8.364033172761E+01,4.292210707361E+00,1.559103053891E+01
2,0.4040,8.296688008964E+01,4.174274595166E+00,1.555243887916E+01
2,0.4050,8.229643368690E+01,4.056920883525E+00,1.551403779551E+01
2,0.4060,8.162896539361E+01,3.940145268985E+00,1.547582587975E+01
2,0.4070,8.096445159224E+01,3.823943490389E+00,1.543780173754E+01
2,0.4080,8.030285863499E+01,3.708311328355E+00,1.539996398819E+01
2,0.4090,7.964417320748E+01,3.593244604766E+00,1.536231126450E+01
2,0.4100,7.898835383881E+01,3.478739182268E+00,1.532484221263E+01
2,0.4110,7.844924012997E+01,3.392308563657E+00,1.528755549192E+01
2,0.4120,7.791250364331E+01,3.306297511157E+00,1.525044977471E+01
2,0.4130,7.737812177695E+01,3.220702977070E+00,1.521352374620E+01
2,0.4140,7.684607931291E+01,3.135521943148E+00,1.517677610430E+01
2,0.4150,7.631635911202E+01,3.050751420233E+00,1.514020555947E+01
2,0.4160,7.578892802769E+01,2.966388447909E+00,1.510381083457E+01
2,0.4170,7.526378012225E+01,2.882430094157E+00,1.506759066470E+01
2,0.4180,7.474089303816E+01,2.798873455016E+00,1.503154379708E+01
2,0.4190,7.422024185382E+01,2.715715654249E+00,1.499566899088E+01
2,0.4200,7.370180091191E+01,2.632953843009E+00,1.495996501709E+01
2,0.4210,7.324916271583E+01,2.569986959374E+00,1.492443065838E+01
2,0.4220,7.279846450404E+01,2.507318496988E+00,1.488906470896E+01
2,0.4230,7.234968399105E+01,2.444946339389E+00,1.485386597442E+01
2,0.4240,7.190282014581E+01,2.382868390081E+00,1.481883327165E+01
2,0.4250,7.145785097774E+01,2.321082572299E+00,1.478396542866E+01
2,0.4260,7.101474920163E+01,2.259586828779E+00,1.474926128446E+01
2,0.4270,7.057351181559E+01,2.198379121528E+00,1.471471968895E+01
2,0.4280,7.013412777184E+01,2.137457431601E+00,1.468033950276E+01
2,0.4290,6.969657129424E+01,2.076819758877E+00,1.464611959716E+01
2,0.4300,6.926082734049E+01,2.016464121839E+00,1.461205885391E+01
2,0.4310,6.887712254576E+01,1.966593266679E+00,1.457815616515E+01
2,0.4320,6.849501678783E+01,1.916953295107E+00,1.454441043329E+01
2,0.4330,6.811450644114E+01,1.867542607469E+00,1.451082057085E+01
2,0.4340,6.773556451287E+01,1.818359618852E+00,1.447738550041E+01
2,0.4350,6.735818978189E+01,1.769402758918E+00,1.444410415444E+01
2,0.4360,6.698236541927E+01,1.720670471737E+00,1.441097547518E+01
2,0.4370,6.660808583679E+01,1.672161215618E+00,1.437799841460E+01
2,0.4380,6.623532557196E+01,1.623873462951E+00,1.434517193420E+01
2,0.4390,6.586407857172E+01,1.575805700047E+00,1.431249500496E+01
2,0.4400,6.549434013108E+01,1.527956426973E+00,1.427996660723E+01
2,0.4410,6.515000876675E+01,1.495002020225E+00,1.424758573057E+01
2,0.4420,6.480706864724E+01,1.462196728440E+00,1.421535137371E+01
2,0.4430,6.446551691965E+01,1.429539541810E+00,1.418326254442E+01
2,0.4440,6.412533113686E+01,1.397029459624E+00,1.415131825941E+01
2,0.4450,6.378650323059E+01,1.364665490167E+00,1.411951754422E+01
2,0.4460,6.344903658965E+01,1.332446650618E+00,1.408785943314E+01
2,0.4470,6.311289992529E+01,1.300371966950E+00,1.405634296908E+01
2,0.4480,6.277810185798E+01,1.268440473834E+00,1.402496720353E+01
2,0.4490,6.244461252238E+01,1.236651214541E+00,1.399373119639E+01
2,0.4500,6.211244448575E+01,1.205003240845E+00,1.396263401595E+01
2,0.4510,6.180654405338E+01,1.181543941427E+00,1.393167473876E+01
2,0.4520,6.150184448986E+01,1.158188444218E+00,1.390085244951E+01
2,0.4530,6.119833451110E+01,1.134936061787E+00,1.387016624101E+01
2,0.4540,6.089601755837E+01,1.111786112760E+00,1.383961521405E+01
2,0.4550,6.059487693237E+01,1.088737921749E+00,1.380919847732E+01
2,0.4560,6.029490531522E+01,1.065790819296E+00,1.377891514732E+01
2,0.4570,5.999608630303E+01,1.042944141799E+00,1.374876434831E+01
2,0.4580,5.969842167123E+01,1.020197231453E+00,1.371874521218E+01
2,0.4590,5.940189389784E+01,9.975494361844E-01,1.368885687839E+01
2,0.4600,5.910649615925E+01,9.750001095908E-01,1.365909849387E+01
2,0.4610,5.883244634149E+01,9.602165502576E-01,1.362946921297E+01
2,0.4620,5.855944416244E+01,9.454969890168E-01,1.359996819736E+01
2,0.4630,5.828748955079E+01,9.308410111938E-01,1.357059461594E+01
2,0.4640,5.801656224331E+01,9.162482056890E-01,1.354134764478E+01
2,0.4650,5.774665969713E+01,9.017181649391E-01,1.351222646705E+01
2,0.4660,5.747778131968E+01,8.872504848791E-01,1.348323027292E+01
2,0.4670,5.720990601926E+01,8.728447649050E-01,1.345435825949E+01
2,0.4680,5.694303062009E+01,8.585006078367E-01,1.342560963073E+01
2,0.4690,5.667715619500E+01,8.442176198818E-01,1.339698359740E+01
2,0.4700,5.641227013444E+01,8.299954105990E-01,1.336847937698E+01
2,0.4710,5.616541469843E+01,8.187857561508E-01,1.334009619359E+01
2,0.4720,5.591947992248E+01,8.076236002383E-01,1.331183327792E+01
2,0.4730,5.567445820045E+01,7.965086416024E-01,1.328368986719E+01
2,0.4740,5.543034055790E+01,7.854405815261E-01,1.325566520502E+01
2,0.4750,5.518711817469E+01,7.744191238081E-01,1.322775854143E+01
2,0.4760,5.494479410500E+01,7.634439747359E-01,1.319996913273E+01
2,0.4770,5.470335503245E+01,7.525148430602E-01,1.317229624147E+01
2,0.4780,5.446279515658E+01,7.416314399690E-01,1.314473913636E+01
2,0.4790,5.422310564822E+01,7.307934790619E-01,1.311729709223E+01
2,0.4800,5.398428985613E+01,7.200006763252E-01,1.308996938996E+01
2,0.4810,5.375891745838E+01,7.108320372249E-01,1.306275531638E+01
2,0.4820,5.353436011911E+01,7.017014422703E-01,1.303565416427E+01
2,0.4830,5.331062097672E+01,6.926086551623E-01,1.300866523226E+01
2,0.4840,5.308768210213E+01,6.835534415547E-01,1.298178782475E+01
2,0.4850,5.286554367512E+01,6.745355690342E-01,1.295502125192E+01
2,0.4860,5.264419668345E+01,6.655548071001E-01,1.292836482959E+01
2,0.4870,5.242363213804E+01,6.566109271453E-01,1.290181787922E+01
2,0.4880,5.220385439684E+01,6.477037024362E-01,1.287537972783E+01
2,0.4890,5.198485035935E+01,6.388329080940E-01,1.284904970793E+01
2,0.4900,5.176662200184E+01,6.299983210756E-01,1.282282715751E+01
2,0.4910,5.156707019730E+01,6.223603818808E-01,1.279671141992E+01
2,0.4920,5.136822359725E+01,6.147534912194E-01,1.277070184386E+01
2,0.4930,5.117008016981E+01,6.071774601550E-01,1.274479778333E+01
2,0.4940,5.097262973096E+01,5.996321012811E-01,1.271899859753E+01
2,0.4950,5.077587970057E+01,5.921172287057E-01,1.269330365087E+01
2,0.4960,5.057981373875E+01,5.846326580358E-01,1.266771231286E+01
2,0.4970,5.038442448890E+01,5.771782063626E-01,1.264222395811E+01
2,0.4980,5.018972162908E+01,5.697536922463E-01,1.261683796622E+01
2,0.4990,4.999567787773E+01,5.623589357017E-01,1.259155372180E+01
2,0.5000,4.980231700538E+01,5.549937581832E-01,1.256637061436E+01
2,0.5010,4.961368667998E+01,5.478686762100E-01,1.254128803828E+01
2,0.5020,4.942570825290E+01,5.407719810176E-01,1.251630539279E+01
2,0.5030,4.923837020008E+01,5.337035033011E-01,1.249142208187E+01
2,0.5040,4.905166283299E+01,5.266630750993E-01,1.246663751425E+01
2,0.5050,4.886560718373E+01,5.196505297815E-01,1.244195110333E+01
2,0.5060,4.868016301109E+01,5.126657020341E-01,1.241736226715E+01
2,0.5070,4.849535926848E+01,5.057084278479E-01,1.239287042836E+01
2,0.5080,4.831117022237E+01,4.987785445049E-01,1.236847501413E+01
2,0.5090,4.812760613241E+01,4.918758905661E-01,1.234417545615E+01
2,0.5100,4.794464592072E+01,4.850003058583E-01,1.231997119055E+01
2,0.5110,4.776899406498E+01,4.804214475246E-01,1.229586165789E+01
2,0.5120,4.759393029649E+01,4.758604753562E-01,1.227184630309E+01
2,0.5130,4.741944637259E+01,4.713172847558E-01,1.224792457540E+01
2,0.5140,4.724553693780E+01,4.667917719397E-01,1.222409592836E+01
2,0.5150,4.707220474466E+01,4.622838339308E-01,1.220035981977E+01
2,0.5160,4.689944808509E+01,4.577933685497E-01,1.217671571159E+01
2,0.5170,4.672725682161E+01,4.533202744081E-01,1.215316306998E+01
2,0.5180,4.655562811587E+01,4.488644509002E-01,1.212970136521E+01
2,0.5190,4.638455761506E+01,4.444257981958E-01,1.210633007164E+01
2,0.5200,4.621404796333E+01,4.400042172326E-01,1.208304866765E+01
2,0.5210,4.605200843606E+01,4.351714847982E-01,1.205985663566E+01
2,0.5220,4.589050386991E+01,4.303572685800E-01,1.203675346203E+01
2,0.5230,4.572951575717E+01,4.255614623665E-01,1.201373863705E+01
2,0.5240,4.556905001048E+01,4.207839607569E-01,1.199081165492E+01
2,0.5250,4.540911305671E+01,4.160246591534E-01,1.196797201368E+01
2,0.5260,4.524967612387E+01,4.112834537537E-01,1.194521921517E+01
2,0.5270,4.509075163454E+01,4.065602415434E-01,1.192255276505E+01
2,0.5280,4.493233947520E+01,4.018549202884E-01,1.189997217269E+01
2,0.5290,4.477442287524E+01,3.971673885278E-01,1.187747695119E+01
2,0.5300,4.461701373945E+01,3.924975455662E-01,1.185506661732E+01
2,0.5310,4.446401361921E+01,3.884298288572E-01,1.183274069149E+01
2,0.5320,4.431149243930E+01,3.843774043163E-01,1.181049869771E+01
2,0.5330,4.415945576149E+01,3.803401858712E-01,1.178834016356E+01
2,0.5340,4.400788750781E+01,3.763180880945E-01,1.176626462019E+01
2,0.5350,4.385680740936E+01,3.723110261973E-01,1.174427160220E+01
2,0.5360,4.370619138438E+01,3.683189160236E-01,1.172236064772E+01
2,0.5370,4.355604430514E+01,3.643416740442E-01,1.170053129829E+01
2,0.5380,4.340636542782E+01,3.603792173510E-01,1.167878309885E+01
2,0.5390,4.325714962982E+01,3.564314636510E-01,1.165711559774E+01
2,0.5400,4.310838402524E+01,3.524983312611E-01,1.163552834663E+01
2,0.5410,4.296523466265E+01,3.491441805176E-01,1.161402090052E+01
2,0.5420,4.282251898727E+01,3.458024067141E-01,1.159259281767E+01
2,0.5430,4.268024442680E+01,3.424729414697E-01,1.157124365963E+01
2,0.5440,4.253841131966E+01,3.391557169064E-01,1.154997299114E+01
2,0.5450,4.239700527474E+01,3.358506656442E-01,1.152878038015E+01
2,0.5460,4.225602816213E+01,3.325577207969E-01,1.150766539776E+01
2,0.5470,4.211547822223E+01,3.292768159674E-01,1.148662761824E+01
2,0.5480,4.197535109688E+01,3.260078852430E-01,1.146566661894E+01
2,0.5490,4.183564784218E+01,3.227508631916E-01,1.144478198029E+01
2,0.5500,4.169635429447E+01,3.195056848567E-01,1.142397328578E+01
2,0.5510,4.156130431154E+01,3.164057036630E-01,1.140324012192E+01
2,0.5520,4.142664583116E+01,3.133169542852E-01,1.138258207822E+01
2,0.5530,4.129240301988E+01,3.102393757912E-01,1.136199874716E+01
2,0.5540,4.115854894567E+01,3.071729076889E-01,1.134148972415E+01
2,0.5550,4.102509885061E+01,3.041174899221E-01,1.132105460753E+01
2,0.5560,4.089203526139E+01,3.010730628667E-01,1.130069299852E+01
2,0.5570,4.075937256480E+01,2.980395673267E-01,1.128040450122E+01
2,0.5580,4.062709735082E+01,2.950169445307E-01,1.126018872254E+01
2,0.5590,4.049520685737E+01,2.920051361274E-01,1.124004527224E+01
2,0.5600,4.036370213354E+01,2.890040841827E-01,1.121997376282E+01
2,0.5610,4.023509195917E+01,2.866666896486E-01,1.119997380959E+01
2,0.5620,4.010685807913E+01,2.843376132444E-01,1.118004503057E+01
2,0.5630,3.997899350778E+01,2.820168106464E-01,1.116018704650E+01
2,0.5640,3.985150264570E+01,2.797042378447E-01,1.114039948081E+01
2,0.5650,3.972437800127E+01,2.773998511415E-01,1.112068195961E+01
2,0.5660,3.959761942833E+01,2.751036071475E-01,1.110103411162E+01
2,0.5670,3.947121957497E+01,2.728154627795E-01,1.108145556822E+01
2,0.5680,3.934518107562E+01,2.705353752579E-01,1.106194596334E+01
2,0.5690,3.921950006556E+01,2.682633021037E-01,1.104250493353E+01
2,0.5700,3.909417973554E+01,2.659992011361E-01,1.102313211786E+01
2,0.5710,3.897293203946E+01,2.637650381238E-01,1.100382715793E+01
2,0.5720,3.885203791003E+01,2.615386868703E-01,1.098458969787E+01
2,0.5730,3.873148541160E+01,2.593201064764E-01,1.096541938426E+01
2,0.5740,3.861126897695E+01,2.571092563277E-01,1.094631586617E+01
2,0.5750,3.849139481864E+01,2.549060960926E-01,1.092727879509E+01
2,0.5760,3.837184956604E+01,2.527105857194E-01,1.090830782496E+01
2,0.5770,3.825263935992E+01,2.505226854341E-01,1.088940261210E+01
2,0.5780,3.813376157171E+01,2.483423557381E-01,1.087056281519E+01
2,0.5790,3.801520701193E+01,2.461695574055E-01,1.085178809530E+01
2,0.5800,3.789698267619E+01,2.440042514809E-01,1.083307811583E+01
2,0.5810,3.778154152154E+01,2.420237559709E-01,1.081443254248E+01
2,0.5820,3.766641964530E+01,2.400500662874E-01,1.079585104326E+01
2,0.5830,3.755162065547E+01,2.380831474090E-01,1.077733328847E+01
2,0.5840,3.743713617007E+01,2.361229645541E-01,1.075887895065E+01
2,0.5850,3.732295752636E+01,2.341694831791E-01,1.074048770458E+01
2,0.5860,3.720909574987E+01,2.322226689760E-01,1.072215922727E+01
2,0.5870,3.709553432775E+01,2.302824878708E-01,1.070389319792E+01
2,0.5880,3.698227899739E+01,2.283489060209E-01,1.068568929792E+01
2,0.5890,3.686933496152E+01,2.264218898141E-01,1.066754721083E+01
2,0.5900,3.675669179138E+01,2.245014058655E-01,1.064946662234E+01
2,0.5910,3.664678656237E+01,2.229021118543E-01,1.063144722027E+01
2,0.5920,3.653716956366E+01,2.213082208635E-01,1.061348869456E+01
2,0.5930,3.642784552426E+01,2.197197055589E-01,1.059559073723E+01
2,0.5940,3.631881783688E+01,2.181365387908E-01,1.057775304239E+01
2,0.5950,3.621007749754E+01,2.165586935916E-01,1.055997530618E+01
2,0.5960,3.610162707264E+01,2.149861431749E-01,1.054225722681E+01
2,0.5970,3.599346068747E+01,2.134188609339E-01,1.052459850449E+01
2,0.5980,3.588557329763E+01,2.118568204394E-01,1.050699884144E+01
2,0.5990,3.577797243106E+01,2.102999954392E-01,1.048945794187E+01
2,0.6000,3.567064862184E+01,2.087483598555E-01,1.047197551197E+01
2,0.6010,3.556481160055E+01,2.068453875867E-01,1.045455125987E+01
2,0.6020,3.545924503049E+01,2.049487374849E-01,1.043718489565E+01
2,0.6030,3.535395462321E+01,2.030583780965E-01,1.041987613131E+01
2,0.6040,3.524894065460E+01,2.011742781763E-01,1.040262468076E+01
2,0.6050,3.514418817036E+01,1.992964066856E-01,1.038543025980E+01
2,0.6060,3.503970720149E+01,1.974247327905E-01,1.036829258610E+01
2,0.6070,3.493549358463E+01,1.955592258606E-01,1.035121137921E+01
2,0.6080,3.483154946764E+01,1.936998554665E-01,1.033418636049E+01
2,0.6090,3.472785949989E+01,1.918465913792E-01,1.031721725317E+01
2,0.6100,3.462443769642E+01,1.899994035676E-01,1.030030378226E+01
2,0.6110,3.452366041202E+01,1.885788551254E-01,1.028344567460E+01
2,0.6120,3.442314221859E+01,1.871629489983E-01,1.026664265879E+01
2,0.6130,3.432288099798E+01,1.857516624670E-01,1.024989446522E+01
2,0.6140,3.422286574765E+01,1.843449729604E-01,1.023320082603E+01
2,0.6150,3.412309913107E+01,1.829428580537E-01,1.021656147509E+01
2,0.6160,3.402357784502E+01,1.815452954681E-01,1.019997614802E+01
2,0.6170,3.392430735308E+01,1.801522630692E-01,1.018344458214E+01
2,0.6180,3.382528290168E+01,1.787637388658E-01,1.016696651647E+01
2,0.6190,3.372649742965E+01,1.773797010088E-01,1.015054169173E+01
2,0.6200,3.362795137010E+01,1.760001277900E-01,1.013416985029E+01
2,0.6210,3.353084367309E+01,1.747828361126E-01,1.011785073620E+01
2,0.6220,3.343395879757E+01,1.735694585564E-01,1.010158409514E+01
2,0.6230,3.333732036433E+01,1.723599762732E-01,1.008536967445E+01
2,0.6240,3.324091162102E+01,1.711543705359E-01,1.006920722304E+01
2,0.6250,3.314473285503E+01,1.699526227368E-01,1.005309649149E+01
2,0.6260,3.304879057598E+01,1.687547143877E-01,1.003703723192E+01
2,0.6270,3.295308212533E+01,1.675606271177E-01,1.002102919805E+01
2,0.6280,3.285760207774E+01,1.663703426735E-01,1.000507214519E+01
2,0.6290,3.276234186744E+01,1.651838429175E-01,9.989165830174E+00
2,0.6300,3.266731535842E+01,1.640011098274E-01,9.973310011396E+00
2,0.6310,3.257368597156E+01,1.627335037055E-01,9.957504448779E+00
2,0.6320,3.248027840650E+01,1.614699089954E-01,9.941748903765E+00
2,0.6330,3.238709046866E+01,1.602103066856E-01,9.926043139304E+00
2,0.6340,3.229412867198E+01,1.589546778847E-01,9.910386919842E+00
2,0.6350,3.220137502004E+01,1.577030038202E-01,9.894780011306E+00
2,0.6360,3.210884501774E+01,1.564552658376E-01,9.879222181100E+00
2,0.6370,3.201652684123E+01,1.552114453998E-01,9.863713198084E+00
2,0.6380,3.192442476356E+01,1.539715240855E-01,9.848252832570E+00
2,0.6390,3.183253350305E+01,1.527354835892E-01,9.832840856306E+00
2,0.6400,3.174085568793E+01,1.515033057194E-01,9.817477042468E+00
2,0.6410,3.165056107900E+01,1.502857547756E-01,9.802161165647E+00
2,0.6420,3.156046166446E+01,1.490719968254E-01,9.786893001837E+00
2,0.6430,3.147057140158E+01,1.478620141721E-01,9.771672328429E+00
2,0.6440,3.138089006563E+01,1.466557892289E-01,9.756498924192E+00
2,0.6450,3.129140563809E+01,1.454533045181E-01,9.741372569271E+00
2,0.6460,3.120212667059E+01,1.442545426701E-01,9.726293045170E+00
2,0.6470,3.111305425501E+01,1.430594864230E-01,9.711260134744E+00
2,0.6480,3.102417488858E+01,1.418681186210E-01,9.696273622191E+00
2,0.6490,3.093549251784E+01,1.406804222144E-01,9.681333293035E+00
2,0.6500,3.084701542606E+01,1.394963802583E-01,9.666438934122E+00
2,0.6510,3.075988818284E+01,1.383816067262E-01,9.651590333609E+00
2,0.6520,3.067295617338E+01,1.372702527448E-01,9.636787280950E+00
2,0.6530,3.058621461746E+01,1.361623026040E-01,9.622029566891E+00
2,0.6540,3.049966052831E+01,1.350577406900E-01,9.607316983455E+00
2,0.6550,3.041330265312E+01,1.339565514841E-01,9.592649323938E+00
2,0.6560,3.032713376364E+01,1.328587195624E-01,9.578026382896E+00
2,0.6570,3.024115179318E+01,1.317642295948E-01,9.563447956133E+00
2,0.6580,3.015535471529E+01,1.306730663444E-01,9.548913840698E+00
2,0.6590,3.006974267637E+01,1.295852146669E-01,9.534423834870E+00
2,0.6600,2.998432076864E+01,1.285006595096E-01,9.519977738151E+00
2,0.6610,2.990022754866E+01,1.275885851522E-01,9.505575351255E+00
2,0.6620,2.981631072492E+01,1.266792663065E-01,9.491216476102E+00
2,0.6630,2.973258070182E+01,1.257726905041E-01,9.476900915806E+00
2,0.6640,2.964902976966E+01,1.248688453517E-01,9.462628474668E+00
2,0.6650,2.956565205950E+01,1.239677185306E-01,9.448398958165E+00
2,0.6660,2.948244796436E+01,1.230692977960E-01,9.434212172942E+00
2,0.6670,2.939942821851E+01,1.221735709767E-01,9.420067926806E+00
2,0.6680,2.931657560183E+01,1.212805259742E-01,9.405966028712E+00
2,0.6690,2.923389865436E+01,1.203901507625E-01,9.391906288759E+00
2,0.6700,2.915139284256E+01,1.195024333871E-01,9.377888518178E+00
2,0.6710,2.906906635402E+01,1.185396414913E-01,9.363912529329E+00
2,0.6720,2.898689865504E+01,1.175797150475E-01,9.349978135684E+00
2,0.6730,2.890490655564E+01,1.166226412826E-01,9.336085151827E+00
2,0.6740,2.882308349867E+01,1.156684074991E-01,9.322233393442E+00
2,0.6750,2.874142763335E+01,1.147170010751E-01,9.308422677303E+00
2,0.6760,2.865993439401E+01,1.137684094629E-01,9.294652821272E+00
2,0.6770,2.857860399368E+01,1.128226201894E-01,9.280923644283E+00
2,0.6780,2.849744466096E+01,1.118796208547E-01,9.267234966342E+00
2,0.6790,2.841644750326E+01,1.109393991321E-01,9.253586608512E+00
2,0.6800,2.833561139839E+01,1.100019427676E-01,9.239978392911E+00
2,0.6810,2.825606786142E+01,1.091908734748E-01,9.226410142701E+00
2,0.6820,2.817668364456E+01,1.083821826843E-01,9.212881682082E+00
2,0.6830,2.809746282631E+01,1.075758599489E-01,9.199392836281E+00
2,0.6840,2.801839019687E+01,1.067718948823E-01,9.185943431549E+00
2,0.6850,2.793948444668E+01,1.059702771589E-01,9.172533295153E+00
2,0.6860,2.786072764502E+01,1.051709965134E-01,9.159162255364E+00
2,0.6870,2.778212835479E+01,1.043740427403E-01,9.145830141455E+00
2,0.6880,2.770367817927E+01,1.035794056933E-01,9.132536783691E+00
2,0.6890,2.762538384086E+01,1.027870752850E-01,9.119282013323E+00
2,0.6900,2.754723578746E+01,1.019970414865E-01,9.106065662579E+00
2,0.6910,2.747150638404E+01,1.012374822786E-01,9.092887564659E+00
2,0.6920,2.739591462450E+01,1.004801183286E-01,9.079747553728E+00
2,0.6930,2.732046658577E+01,9.972494013304E-02,9.066645464906E+00
2,0.6940,2.724517106914E+01,9.897193824355E-02,9.053581134265E+00
2,0.6950,2.717001983421E+01,9.822110326597E-02,9.040554398820E+00
2,0.6960,2.709500451853E+01,9.747242586017E-02,9.027565096522E+00
2,0.6970,2.702013863197E+01,9.672589673961E-02,9.014613066255E+00
2,0.6980,2.694541313954E+01,9.598150667096E-02,9.001698147822E+00
2,0.6990,2.687083352609E+01,9.523924647376E-02,8.988820181945E+00
2,0.7000,2.679638956826E+01,9.449910701998E-02,8.975979010257E+00
2,0.7010,2.672095655451E+01,9.394213535809E-02,8.963174475292E+00
2,0.7020,2.664566617558E+01,9.338675051004E-02,8.950406420484E+00
2,0.7030,2.657051730710E+01,9.283294570424E-02,8.937674690156E+00
2,0.7040,2.649550052097E+01,9.228071420755E-02,8.924979129516E+00
2,0.7050,2.642062768107E+01,9.173004932503E-02,8.912319584652E+00
2,0.7060,2.634588175252E+01,9.118094439968E-02,8.899695902521E+00
2,0.7070,2.627127787979E+01,9.063339281218E-02,8.887107930947E+00
2,0.7080,2.619680956441E+01,9.008738798057E-02,8.874555518615E+00
2,0.7090,2.612246917113E+01,8.954292336005E-02,8.862038515063E+00
2,0.7100,2.604826386205E+01,8.899999244268E-02,8.849556770675E+00
2,0.7110,2.597642137005E+01,8.849367208440E-02,8.837110136680E+00
2,0.7120,2.590471837636E+01,8.798877397431E-02,8.824698465140E+00
2,0.7130,2.583313484058E+01,8.748529212820E-02,8.812321608948E+00
2,0.7140,2.576168449269E+01,8.698322059539E-02,8.799979421820E+00
2,0.7150,2.569035961235E+01,8.648255345848E-02,8.787671758293E+00
2,0.7160,2.561915926874E+01,8.598328483312E-02,8.775398473715E+00
2,0.7170,2.554808418738E+01,8.548540886780E-02,8.763159424239E+00
2,0.7180,2.547713007239E+01,8.498891974362E-02,8.750954466824E+00
2,0.7190,2.540630311140E+01,8.449381167402E-02,8.738783459221E+00
2,0.7200,2.533559875104E+01,8.400007890461E-02,8.726646259972E+00
2,0.7210,2.526501465081E+01,8.329133361698E-02,8.714542728404E+00
2,0.7220,2.519455141597E+01,8.258455161270E-02,8.702472724625E+00
2,0.7230,2.512421161132E+01,8.187972474535E-02,8.690436109515E+00
2,0.7240,2.505398591028E+01,8.117684491356E-02,8.678432744723E+00
2,0.7250,2.498388344784E+01,8.047590406061E-02,8.666462492661E+00
2,0.7260,2.491388885752E+01,7.977689417419E-02,8.654525216501E+00
2,0.7270,2.484402928844E+01,7.907980728609E-02,8.642620780164E+00
2,0.7280,2.477426948442E+01,7.838463547186E-02,8.630749048324E+00
2,0.7290,2.470463526345E+01,7.769137085053E-02,8.618909886392E+00
2,0.7300,2.463510915421E+01,7.700000558433E-02,8.607103160520E+00
2,0.7310,2.456681341379E+01,7.639261726781E-02,8.595328737592E+00
2,0.7320,2.449862556291E+01,7.578688848221E-02,8.583586485218E+00
2,0.7330,2.443055466231E+01,7.518281243545E-02,8.571876271732E+00
2,0.7340,2.436258605646E+01,7.458038237247E-02,8.560197966185E+00
2,0.7350,2.429473331862E+01,7.397959157496E-02,8.548551438340E+00
2,0.7360,2.422699409503E+01,7.338043336115E-02,8.536936558668E+00
2,0.7370,2.415935691988E+01,7.278290108550E-02,8.525353198344E+00
2,0.7380,2.409183912790E+01,7.218698813851E-02,8.513801229241E+00
2,0.7390,2.402441465397E+01,7.159268794645E-02,8.502280523924E+00
2,0.7400,2.395710422662E+01,7.099999397113E-02,8.490790955648E+00
2,0.7410,2.388989467330E+01,7.044332579918E-02,8.479332398353E+00
2,0.7420,2.382279804422E+01,6.988815808052E-02,8.467904726657E+00
2,0.7430,2.375579919149E+01,6.933448475680E-02,8.456507815854E+00
2,0.7440,2.368891092021E+01,6.878229980222E-02,8.445141541908E+00
2,0.7450,2.362212235377E+01,6.823159722337E-02,8.433805781449E+00
2,0.7460,2.355543368554E+01,6.768237105893E-02,8.422500411769E+00
2,0.7470,2.348884698872E+01,6.713461537954E-02,8.411225310816E+00
2,0.7480,2.342236513119E+01,6.658832428753E-02,8.399980357192E+00
2,0.7490,2.335598359473E+01,6.604349191673E-02,8.388765430146E+00
2,0.7500,2.328969541309E+01,6.550011243224E-02,8.377580409573E+00
2,0.7510,2.322461612050E+01,6.489292191390E-02,8.366425176005E+00
2,0.7520,2.315963108433E+01,6.428734626396E-02,8.355299610611E+00
2,0.7530,2.309475076145E+01,6.368337904869E-02,8.344203595192E+00
2,0.7540,2.302995931238E+01,6.308101386846E-02,8.333137012175E+00
2,0.7550,2.296526668654E+01,6.248024435759E-02,8.322099744609E+00
2,0.7560,2.290066563032E+01,6.188106418404E-02,8.311091676163E+00
2,0.7570,2.283616476835E+01,6.128346704927E-02,8.300112691122E+00
2,0.7580,2.277175893003E+01,6.068744668793E-02,8.289162674379E+00
2,0.7590,2.270745268834E+01,6.009299686774E-02,8.278241511436E+00
2,0.7600,2.264322185542E+01,5.950011138917E-02,8.267349088394E+00
2,0.7610,2.257909602726E+01,5.904476839808E-02,8.256485291957E+00
2,0.7620,2.251505325604E+01,5.859062053295E-02,8.245650009422E+00
2,0.7630,2.245110405541E+01,5.813766309473E-02,8.234843128676E+00
2,0.7640,2.238724540900E+01,5.768589140896E-02,8.224064538193E+00
2,0.7650,2.232347827916E+01,5.723530082564E-02,8.213314127032E+00
2,0.7660,2.225979532233E+01,5.678588671903E-02,8.202591784830E+00
2,0.7670,2.219620413277E+01,5.633764448755E-02,8.191897401799E+00
2,0.7680,2.213269864075E+01,5.589056955354E-02,8.181230868723E+00
2,0.7690,2.206927412537E+01,5.544465736318E-02,8.170592076957E+00
2,0.7700,2.200593974859E+01,5.499990338630E-02,8.159980918415E+00
2,0.7710,2.194379502555E+01,5.464586499241E-02,8.149397285577E+00
2,0.7720,2.188173259970E+01,5.429274379642E-02,8.138841071476E+00
2,0.7730,2.181975395521E+01,5.394053623872E-02,8.128312169702E+00
2,0.7740,2.175785902916E+01,5.358923877807E-02,8.117810474392E+00
2,0.7750,2.169604180078E+01,5.323884789151E-02,8.107335880232E+00
2,0.7760,2.163431037083E+01,5.288936007425E-02,8.096888282448E+00
2,0.7770,2.157265488303E+01,5.254077183952E-02,8.086467576808E+00
2,0.7780,2.151108327434E+01,5.219307971851E-02,8.076073659614E+00
2,0.7790,2.144959861374E+01,5.184628026020E-02,8.065706427702E+00
2,0.7800,2.138819006663E+01,5.150037003127E-02,8.055365778435E+00
2,0.7810,2.132685271263E+01,5.098446871980E-02,8.045051609705E+00
2,0.7820,2.126559960553E+01,5.046988684902E-02,8.034763819923E+00
2,0.7830,2.120442262567E+01,4.995661936360E-02,8.024502308020E+00
2,0.7840,2.114332505998E+01,4.944466123402E-02,8.014266973443E+00
2,0.7850,2.108229536693E+01,4.893400745635E-02,8.004057716152E+00
2,0.7860,2.102134605201E+01,4.842465305217E-02,7.993874436615E+00
2,0.7870,2.096047042080E+01,4.791659306833E-02,7.983717035806E+00
2,0.7880,2.089967110593E+01,4.740982257684E-02,7.973585415203E+00
2,0.7890,2.083895166063E+01,4.690433667467E-02,7.963479476780E+00
2,0.7900,2.077830051083E+01,4.640013048365E-02,7.953399123012E+00
2,0.7910,2.071772049040E+01,4.600570523281E-02,7.943344256864E+00
2,0.7920,2.065721011214E+01,4.561227600532E-02,7.933314781792E+00
2,0.7930,2.059677423632E+01,4.521983903314E-02,7.923310601740E+00
2,0.7940,2.053640376912E+01,4.482839056719E-02,7.913331621133E+00
2,0.7950,2.047610723940E+01,4.443792687725E-02,7.903377744880E+00
2,0.7960,2.041588337862E+01,4.404844425186E-02,7.893448878366E+00
2,0.7970,2.035572237334E+01,4.365993899817E-02,7.883544927452E+00
2,0.7980,2.029562890336E+01,4.327240744187E-02,7.873665798471E+00
2,0.7990,2.023561123823E+01,4.288584592700E-02,7.863811398222E+00
2,0.8000,2.017565764980E+01,4.250025081593E-02,7.853981633974E+00
2,0.8010,2.011687491347E+01,4.212103097087E-02,7.844176413458E+00
2,0.8020,2.005815282089E+01,4.174275681122E-02,7.834395644862E+00
2,0.8030,1.999949514602E+01,4.136542480389E-02,7.824639236836E+00
2,0.8040,1.994090403063E+01,4.098903143340E-02,7.814907098482E+00
2,0.8050,1.988237723538E+01,4.061357320171E-02,7.805199139354E+00
2,0.8060,1.982391803864E+01,4.023904662817E-02,7.795515269454E+00
2,0.8070,1.976551637348E+01,3.986544824936E-02,7.785855399231E+00
2,0.8080,1.970718013278E+01,3.949277461901E-02,7.776219439579E+00
2,0.8090,1.964890814833E+01,3.912102230790E-02,7.766607301829E+00
2,0.8100,1.959069569665E+01,3.875018790372E-02,7.757018897753E+00
2,0.8110,1.953253983514E+01,3.840637693148E-02,7.747454139556E+00
2,0.8120,1.947444428275E+01,3.806341278429E-02,7.737912939876E+00
2,0.8130,1.941641517678E+01,3.772129233734E-02,7.728395211783E+00
2,0.8140,1.935843860679E+01,3.738001248116E-02,7.718900868771E+00
2,0.8150,1.930052983476E+01,3.703957012157E-02,7.709429824760E+00
2,0.8160,1.924266676615E+01,3.669996217952E-02,7.699981994093E+00
2,0.8170,1.918486692258E+01,3.636118559107E-02,7.690557291529E+00
2,0.8180,1.912712536784E+01,3.602323730723E-02,7.681155632249E+00
2,0.8190,1.906944155017E+01,3.568611429393E-02,7.671776931843E+00
2,0.8200,1.901180519899E+01,3.534981353188E-02,7.662421106317E+00
2,0.8210,1.895423396798E+01,3.504655151729E-02,7.653088072082E+00
2,0.8220,1.889670968660E+01,3.474402736649E-02,7.643777745961E+00
2,0.8230,1.883923837783E+01,3.444223838981E-02,7.634490045176E+00
2,0.8240,1.878182484762E+01,3.414118191064E-02,7.625224887354E+00
2,0.8250,1.872445944816E+01,3.384085526536E-02,7.615982190521E+00
2,0.8260,1.866714710506E+01,3.354125580324E-02,7.606761873099E+00
2,0.8270,1.860988410904E+01,3.324238088638E-02,7.597563853905E+00
2,0.8280,1.855267597931E+01,3.294422788960E-02,7.588388052149E+00
2,0.8290,1.849552398793E+01,3.264679420042E-02,7.579234387430E+00
2,0.8300,1.843840634147E+01,3.235007721892E-02,7.570102779734E+00
2,0.8310,1.838135020017E+01,3.206201340052E-02,7.560993149434E+00
2,0.8320,1.832434140455E+01,3.177464204322E-02,7.551905417283E+00
2,0.8330,1.826737555171E+01,3.148796065316E-02,7.542839504417E+00
2,0.8340,1.821046017854E+01,3.120196674846E-02,7.533795332350E+00
2,0.8350,1.815359616911E+01,3.091665785909E-02,7.524772822970E+00
2,0.8360,1.809676840631E+01,3.063203152688E-02,7.515771898540E+00
2,0.8370,1.803999432994E+01,3.034808530538E-02,7.506792481696E+00
2,0.8380,1.798326800941E+01,3.006481675982E-02,7.497834495441E+00
2,0.8390,1.792657960221E+01,2.978222346705E-02,7.488897863146E+00
2,0.8400,1.786993811939E+01,2.950030301546E-02,7.479982508547E+00
2,0.8410,1.781445524772E+01,2.921725994369E-02,7.471088355743E+00
2,0.8420,1.775901082160E+01,2.893488918325E-02,7.462215329192E+00
2,0.8430,1.770360632946E+01,2.865318834158E-02,7.453363353712E+00
2,0.8440,1.764825490694E+01,2.837215503745E-02,7.444532354478E+00
2,0.8450,1.759294163741E+01,2.809178690090E-02,7.435722257017E+00
2,0.8460,1.753766576428E+01,2.781208157318E-02,7.426932987210E+00
2,0.8470,1.748243301479E+01,2.753303670669E-02,7.418164471286E+00
2,0.8480,1.742724188239E+01,2.725464996489E-02,7.409416635825E+00
2,0.8490,1.737208859053E+01,2.697691902224E-02,7.400689407750E+00
2,0.8500,1.731698113418E+01,2.669984156416E-02,7.391982714329E+00
2,0.8510,1.726190617005E+01,2.642193862764E-02,7.383296483172E+00
2,0.8520,1.720686767924E+01,2.614468804544E-02,7.374630642230E+00
2,0.8530,1.715187691599E+01,2.586808752323E-02,7.365985119788E+00
2,0.8540,1.709691201436E+01,2.559213477741E-02,7.357359844473E+00
2,0.8550,1.704199356402E+01,2.531682753509E-02,7.348754745239E+00
2,0.8560,1.698710259701E+01,2.504216353399E-02,7.340169751378E+00
2,0.8570,1.693225630526E+01,2.476814052239E-02,7.331604792508E+00
2,0.8580,1.687743974512E+01,2.449475625907E-02,7.323059798578E+00
2,0.8590,1.682265620627E+01,2.422200851324E-02,7.314534699860E+00
2,0.8600,1.676791018942E+01,2.394989506449E-02,7.306029426953E+00
2,0.8610,1.671431558349E+01,2.370738495207E-02,7.297543910778E+00
2,0.8620,1.666075669838E+01,2.346543750811E-02,7.289078082575E+00
2,0.8630,1.660723401692E+01,2.322405077666E-02,7.280631873904E+00
2,0.8640,1.655374261917E+01,2.298322281078E-02,7.272205216643E+00
2,0.8650,1.650027386192E+01,2.274295167258E-02,7.263798042982E+00
2,0.8660,1.644684609844E+01,2.250323543307E-02,7.255410285427E+00
2,0.8670,1.639345283126E+01,2.226407217221E-02,7.247041876793E+00
2,0.8680,1.634008736130E+01,2.202545997876E-02,7.238692750207E+00
2,0.8690,1.628674331050E+01,2.178739695032E-02,7.230362839102E+00
2,0.8700,1.623344262967E+01,2.154988119321E-02,7.222052077218E+00
2,0.8710,1.617903776423E+01,2.130742836455E-02,7.213760398599E+00
2,0.8720,1.612466638268E+01,2.106553162036E-02,7.205487737591E+00
2,0.8730,1.607031679601E+01,2.082418904969E-02,7.197234028843E+00
2,0.8740,1.601599474565E+01,2.058339875036E-02,7.188999207299E+00
2,0.8750,1.596170098386E+01,2.034315882885E-02,7.180783208205E+00
2,0.8760,1.590742681578E+01,2.010346740031E-02,7.172585967100E+00
2,0.8770,1.585318252283E+01,1.986432258848E-02,7.164407419817E+00
2,0.8780,1.579896699593E+01,1.962572252566E-02,7.156247502482E+00
2,0.8790,1.574476568794E+01,1.938766535262E-02,7.148106151513E+00
2,0.8800,1.569059515171E+01,1.915014921862E-02,7.139983303613E+00
2,0.8810,1.563757702306E+01,1.894811848788E-02,7.131878895777E+00
2,0.8820,1.558458059697E+01,1.874654587671E-02,7.123792865283E+00
2,0.8830,1.553161035473E+01,1.854542982864E-02,7.115725149694E+00
2,0.8840,1.547865802875E+01,1.834476879426E-02,7.107675686855E+00
2,0.8850,1.542573613528E+01,1.814456123114E-02,7.099644414892E+00
2,0.8860,1.537282795948E+01,1.794480560383E-02,7.091631272212E+00
2,0.8870,1.531994430125E+01,1.774550038380E-02,7.083636197497E+00
2,0.8880,1.526707796909E+01,1.754664404939E-02,7.075659129707E+00
2,0.8890,1.521424019760E+01,1.734823508582E-02,7.067700008076E+00
2,0.8900,1.516141085486E+01,1.715027198509E-02,7.059758772112E+00
2,0.8910,1.510861071715E+01,1.694824007135E-02,7.051835361593E+00
2,0.8920,1.505581981461E+01,1.674666114395E-02,7.043929716569E+00
2,0.8930,1.500305045780E+01,1.654553368113E-02,7.036041777357E+00
2,0.8940,1.495030561144E+01,1.634485616788E-02,7.028171484541E+00
2,0.8950,1.489756645999E+01,1.614462709600E-02,7.020318778972E+00
2,0.8960,1.484485377061E+01,1.594484496402E-02,7.012483601763E+00
2,0.8970,1.479215403467E+01,1.574550827714E-02,7.004665894292E+00
2,0.8980,1.473946646710E+01,1.554661554725E-02,6.996865598196E+00
2,0.8990,1.468679765057E+01,1.534816529285E-02,6.989082655372E+00
2,0.9000,1.463414138965E+01,1.515015603901E-02,6.981317007977E+00
2,0.9010,1.458149995256E+01,1.498856993134E-02,6.973568598424E+00
2,0.9020,1.452887854534E+01,1.482734210771E-02,6.965837369379E+00
2,0.9030,1.447626267041E+01,1.466647137783E-02,6.958123263765E+00
2,0.9040,1.442365727167E+01,1.450595655664E-02,6.950426224756E+00
2,0.9050,1.437107685389E+01,1.434579646434E-02,6.942746195779E+00
2,0.9060,1.431849631920E+01,1.418598992632E-02,6.935083120507E+00
2,0.9070,1.426592512866E+01,1.402653577318E-02,6.927436942866E+00
2,0.9080,1.421337668380E+01,1.386743284063E-02,6.919807607026E+00
2,0.9090,1.416083374892E+01,1.370867996955E-02,6.912195057403E+00
2,0.9100,1.410829892143E+01,1.355027600587E-02,6.904599238659E+00
2,0.9110,1.405577352871E+01,1.339373714504E-02,6.897020095697E+00
2,0.9120,1.400325640646E+01,1.323754157119E-02,6.889457573662E+00
2,0.9130,1.395075189294E+01,1.308168815631E-02,6.881911617940E+00
2,0.9140,1.389825528194E+01,1.292617577735E-02,6.874382174157E+00
2,0.9150,1.384576418909E+01,1.277100331617E-02,6.866869188174E+00
2,0.9160,1.379327885221E+01,1.261616965948E-02,6.859372606091E+00
2,0.9170,1.374080706506E+01,1.246167369888E-02,6.851892374242E+00
2,0.9180,1.368833591141E+01,1.230751433079E-02,6.844428439193E+00
2,0.9190,1.363587329469E+01,1.215369045643E-02,6.836980747747E+00
2,0.9200,1.358341524450E+01,1.200020098179E-02,6.829549246934E+00
2,0.9210,1.353212241384E+01,1.184363375069E-02,6.822133884017E+00
2,0.9220,1.348084478450E+01,1.168740614481E-02,6.814734606485E+00
2,0.9230,1.342956836959E+01,1.153151706030E-02,6.807351362058E+00
2,0.9240,1.337829560387E+01,1.137596539804E-02,6.799984098679E+00
2,0.9250,1.332703262933E+01,1.122075006371E-02,6.792632764518E+00
2,0.9260,1.327577665636E+01,1.106586996767E-02,6.785297307969E+00
2,0.9270,1.322452743211E+01,1.091132402503E-02,6.777977677648E+00
2,0.9280,1.317327955451E+01,1.075711115554E-02,6.770673822392E+00
2,0.9290,1.312203738704E+01,1.060323028361E-02,6.763385691259E+00
2,0.9300,1.307079281818E+01,1.044968033830E-02,6.756113233526E+00
2,0.9310,1.301838504002E+01,1.031846152508E-02,6.748856398689E+00
2,0.9320,1.296597741385E+01,1.018752429731E-02,6.741615136459E+00
2,0.9330,1.291357645792E+01,1.005686774955E-02,6.734389396763E+00
2,0.9340,1.286117088522E+01,9.926490980266E-03,6.727179129743E+00
2,0.9350,1.280876711751E+01,9.796393091771E-03,6.719984285754E+00
2,0.9360,1.275635510165E+01,9.666573190219E-03,6.712804815363E+00
2,0.9370,1.270395666797E+01,9.537030385574E-03,6.705640669349E+00
2,0.9380,1.265155128434E+01,9.407763791601E-03,6.698491798699E+00
2,0.9390,1.259914802471E+01,9.278772525836E-03,6.691358154611E+00
2,0.9400,1.254674282117E+01,9.150055709572E-03,6.684239688489E+00
2,0.9410,1.249551981693E+01,9.013733446944E-03,6.677136351944E+00
2,0.9420,1.244429987351E+01,8.877700615870E-03,6.670048096794E+00
2,0.9430,1.239307900570E+01,8.741956295573E-03,6.662974875058E+00
2,0.9440,1.234185762345E+01,8.606499569175E-03,6.655916638961E+00
2,0.9450,1.229064153392E+01,8.471329523680E-03,6.648873340931E+00
2,0.9460,1.223942422547E+01,8.336445249951E-03,6.641844933594E+00
2,0.9470,1.218820824844E+01,8.201845842692E-03,6.634831369778E+00
2,0.9480,1.213698785267E+01,8.067530400427E-03,6.627832602510E+00
2,0.9490,1.208577009816E+01,7.933498025480E-03,6.620848585015E+00
2,0.9500,1.203455193020E+01,7.799747823955E-03,6.613879270715E+00
2,0.9510,1.198334178367E+01,7.688742449398E-03,6.606924613228E+00
2,0.9520,1.193212640613E+01,7.577970279409E-03,6.599984566365E+00
2,0.9530,1.188091003407E+01,7.467430579872E-03,6.593059084134E+00
2,0.9540,1.182970305657E+01,7.357122619746E-03,6.586148120733E+00
2,0.9550,1.177848378686E+01,7.247045671056E-03,6.579251630555E+00
2,0.9560,1.172727688371E+01,7.137199008869E-03,6.572369568179E+00
2,0.9570,1.167606124319E+01,7.027581911284E-03,6.565501888380E+00
2,0.9580,1.162484868315E+01,6.918193659415E-03,6.558648546116E+00
2,0.9590,1.157364447734E+01,6.809033537372E-03,6.551809496538E+00
2,0.9600,1.152244239693E+01,6.700100832250E-03,6.544984694979E+00
2,0.9610,1.147123455587E+01,6.594108176361E-03,6.538174096961E+00
2,0.9620,1.142002861582E+01,6.488335879423E-03,6.531377658191E+00
2,0.9630,1.136883117963E+01,6.382783254962E-03,6.524595334558E+00
2,0.9640,1.131763180606E+01,6.277449619347E-03,6.517827082136E+00
2,0.9650,1.126644404128E+01,6.172334291786E-03,6.511072857181E+00
2,0.9660,1.121525281391E+01,6.067436594303E-03,6.504332616128E+00
2,0.9670,1.116407233724E+01,5.962755851726E-03,6.497606315594E+00
2,0.9680,1.111289395137E+01,5.858291391675E-03,6.490893912376E+00
2,0.9690,1.106171579514E+01,5.754042544545E-03,6.484195363446E+00
2,0.9700,1.101055132786E+01,5.650008643492E-03,6.477510625958E+00
2,0.9710,1.095939446274E+01,5.564216783703E-03,6.470839657240E+00
2,0.9720,1.090823917662E+01,5.478601450375E-03,6.464182414794E+00
2,0.9730,1.085709632578E+01,5.393162099232E-03,6.457538856300E+00
2,0.9740,1.080596420444E+01,5.307898188236E-03,6.450908939609E+00
2,0.9750,1.075484057961E+01,5.222809177569E-03,6.444292622748E+00
2,0.9760,1.070373319147E+01,5.137894529630E-03,6.437689863914E+00
2,0.9770,1.065263211620E+01,5.053153709015E-03,6.431100621473E+00
2,0.9780,1.060155368148E+01,4.968586182511E-03,6.424524853967E+00
2,0.9790,1.055048641291E+01,4.884191419085E-03,6.417962520102E+00
2,0.9800,1.049943837212E+01,4.799968889870E-03,6.411413578755E+00
2,0.9810,1.044840271655E+01,4.714195155978E-03,6.404877988970E+00
2,0.9820,1.039739384914E+01,4.628596114007E-03,6.398355709959E+00
2,0.9830,1.034640264976E+01,4.543171230820E-03,6.391846701098E+00
2,0.9840,1.029543380621E+01,4.457919975444E-03,6.385350921930E+00
2,0.9850,1.024448922695E+01,4.372841819064E-03,6.378868332162E+00
2,0.9860,1.019357536628E+01,4.287936235009E-03,6.372398891663E+00
2,0.9870,1.014269076272E+01,4.203202698743E-03,6.365942560466E+00
2,0.9880,1.009183993219E+01,4.118640687855E-03,6.359499298765E+00
2,0.9890,1.004101668887E+01,4.034249682044E-03,6.353069066916E+00
2,0.9900,9.990229372279E+00,3.950029163114E-03,6.346651825434E+00
2,0.9910,9.940696369001E+00,3.874347741704E-03,6.340247534995E+00
2,0.9920,9.891203220629E+00,3.798818903806E-03,6.333856156431E+00
2,0.9930,9.841753360617E+00,3.723442188441E-03,6.327477650735E+00
2,0.9940,9.792343418250E+00,3.648217136487E-03,6.321111979054E+00
2,0.9950,9.742987710206E+00,3.573143290668E-03,6.314759102693E+00
2,0.9960,9.693678519080E+00,3.498220195543E-03,6.308418983112E+00
2,0.9970,9.644424486880E+00,3.423447397500E-03,6.302091581925E+00
2,0.9980,9.595227359053E+00,3.348824444743E-03,6.295776860901E+00
2,0.9990,9.546092111972E+00,3.274350887287E-03,6.289474781962E+00
2,1.0000,9.497018428077E+00,3.200026276947E-03,6.283185307180E+00
2,1.0010,9.446809616471E+00,3.134945407595E-03,6.276908398781E+00
2,1.0020,9.396669181868E+00,3.069994440179E-03,6.270644019141E+00
2,1.0030,9.346612073667E+00,3.005172986158E-03,6.264392130787E+00
2,1.0040,9.296634452020E+00,2.940480658538E-03,6.258152696394E+00
2,1.0050,9.246751584227E+00,2.875917071870E-03,6.251925678786E+00
2,1.0060,9.196958348933E+00,2.811481842232E-03,6.245711040934E+00
2,1.0070,9.147257389513E+00,2.747174587232E-03,6.239508745958E+00
2,1.0080,9.097661557344E+00,2.682994925991E-03,6.233318757123E+00
2,1.0090,9.048180862366E+00,2.618942479143E-03,6.227141037839E+00
2,1.0100,8.998802382787E+00,2.555016868823E-03,6.220975551663E+00
2,1.0110,8.950745280834E+00,2.498513919999E-03,6.214822262294E+00
2,1.0120,8.902797090985E+00,2.442122637081E-03,6.208681133577E+00
2,1.0130,8.854982545504E+00,2.385842689371E-03,6.202552129496E+00
2,1.0140,8.807299577226E+00,2.329673747476E-03,6.196435214181E+00
2,1.0150,8.759749629751E+00,2.273615483298E-03,6.190330351901E+00
2,1.0160,8.712353984101E+00,2.217667570034E-03,6.184237507067E+00
2,1.0170,8.665111406204E+00,2.161829682165E-03,6.178156644228E+00
2,1.0180,8.618020336754E+00,2.106101495451E-03,6.172087728074E+00
2,1.0190,8.571103019715E+00,2.050482686924E-03,6.166030723434E+00
2,1.0200,8.524366864006E+00,1.994972934885E-03,6.159985595274E+00
2,1.0210,8.477801669022E+00,1.946045876722E-03,6.153952308697E+00
2,1.0220,8.431438652255E+00,1.897214566227E-03,6.147930828943E+00
2,1.0230,8.385273758104E+00,1.848478722614E-03,6.141921121388E+00
2,1.0240,8.339309967061E+00,1.799838066196E-03,6.135923151543E+00
2,1.0250,8.293564983425E+00,1.751292318375E-03,6.129936885053E+00
2,1.0260,8.248043901761E+00,1.702841201642E-03,6.123962287699E+00
2,1.0270,8.202761464573E+00,1.654484439567E-03,6.117999325394E+00
2,1.0280,8.157722974237E+00,1.606221756795E-03,6.112047964182E+00
2,1.0290,8.112933293472E+00,1.558052879044E-03,6.106108170243E+00
2,1.0300,8.068406238534E+00,1.509977533093E-03,6.100179909883E+00
2,1.0310,8.024158947183E+00,1.471648759615E-03,6.094263149544E+00
2,1.0320,7.980197084107E+00,1.433394266705E-03,6.088357855794E+00
2,1.0330,7.936517854952E+00,1.395213838642E-03,6.082463995334E+00
2,1.0340,7.893155120919E+00,1.357107260535E-03,6.076581534990E+00
2,1.0350,7.850092552245E+00,1.319074318329E-03,6.070710441719E+00
2,1.0360,7.807363419191E+00,1.281114798791E-03,6.064850682606E+00
2,1.0370,7.764968456789E+00,1.243228489512E-03,6.059002224860E+00
2,1.0380,7.722919627225E+00,1.205415178903E-03,6.053165035818E+00
2,1.0390,7.681223334757E+00,1.167674656187E-03,6.047339082945E+00
2,1.0400,7.639895691402E+00,1.130006711399E-03,6.041524333827E+00
2,1.0410,7.598948881991E+00,1.098235605911E-03,6.035720756176E+00
2,1.0420,7.558381585849E+00,1.066525481431E-03,6.029928317831E+00
2,1.0430,7.518222340122E+00,1.034876162560E-03,6.024146986749E+00
2,1.0440,7.478464843973E+00,1.003287474567E-03,6.018376731015E+00
2,1.0450,7.439125377490E+00,9.717592433936E-04,6.012617518832E+00
2,1.0460,7.400215336176E+00,9.402912956450E-04,6.006869318527E+00
2,1.0470,7.361744246740E+00,9.088834585892E-04,6.001132098548E+00
2,1.0480,7.323718748926E+00,8.775355601539E-04,5.995405827461E+00
2,1.0490,7.286151168326E+00,8.462474289223E-04,5.989690473956E+00
2,1.0500,7.249048165508E+00,8.150188941313E-04,5.983986006838E+00
2,1.0510,7.212417283102E+00,7.887944313071E-04,5.978292395033E+00
2,1.0520,7.176260004127E+00,7.626198248760E-04,5.972609607585E+00
2,1.0530,7.140597631358E+00,7.364949327972E-04,5.966937613656E+00
2,1.0540,7.105427826914E+00,7.104196135686E-04,5.961276382523E+00
2,1.0550,7.070754103535E+00,6.843937262248E-04,5.955625883583E+00
2,1.0560,7.036590588026E+00,6.584171303343E-04,5.949986086344E+00
2,1.0570,7.002937377787E+00,6.324896859971E-04,5.944356960435E+00
2,1.0580,6.969794868585E+00,6.066112538419E-04,5.938738475595E+00
2,1.0590,6.937178941023E+00,5.807816950242E-04,5.933130601680E+00
2,1.0600,6.905076431825E+00,5.550008712231E-04,5.927533308660E+00
2,1.0610,6.873507687166E+00,5.393691167034E-04,5.921946566616E+00
2,1.0620,6.842460633522E+00,5.237668005161E-04,5.916370345743E+00
2,1.0630,6.811942361609E+00,5.081938395803E-04,5.910804616350E+00
2,1.0640,6.781953634782E+00,4.926501511275E-04,5.905249348853E+00
2,1.0650,6.752496446351E+00,4.771356527000E-04,5.899704513784E+00
2,1.0660,6.723558384408E+00,4.616502621494E-04,5.894170081782E+00
2,1.0670,6.695151512138E+00,4.461938976355E-04,5.888646023598E+00
2,1.0680,6.667273893802E+00,4.307664776244E-04,5.883132310093E+00
2,1.0690,6.639915085087E+00,4.153679208874E-04,5.877628912235E+00
2,1.0700,6.613069653816E+00,3.999981464995E-04,5.872135801102E+00
2,1.0710,6.586748515161E+00,3.909226591861E-04,5.866652947880E+00
2,1.0720,6.560929462982E+00,3.818641037520E-04,5.861180323862E+00
2,1.0730,6.535619263027E+00,3.728224328574E-04,5.855717900447E+00
2,1.0740,6.510804932418E+00,3.637975993388E-04,5.850265649143E+00
2,1.0750,6.486489923353E+00,3.547895562081E-04,5.844823541562E+00
2,1.0760,6.462666316101E+00,3.457982566521E-04,5.839391549423E+00
2,1.0770,6.439319073204E+00,3.368236540311E-04,5.833969644549E+00
2,1.0780,6.416447601644E+00,3.278657018788E-04,5.828557798868E+00
2,1.0790,6.394037531414E+00,3.189243539010E-04,5.823155984411E+00
2,1.0800,6.372097226073E+00,3.099995639751E-04,5.817764173314E+00
2,1.0810,6.351059595479E+00,3.024374338983E-04,5.812382337816E+00
2,1.0820,6.330431074615E+00,2.948892818808E-04,5.807010450258E+00
2,1.0830,6.310224932760E+00,2.873550692023E-04,5.801648483084E+00
2,1.0840,6.290418198009E+00,2.798347572851E-04,5.796296408837E+00
2,1.0850,6.271002825244E+00,2.723283076941E-04,5.790954200166E+00
2,1.0860,6.251983314757E+00,2.648356821354E-04,5.785621829815E+00
2,1.0870,6.233342819507E+00,2.573568424564E-04,5.780299270634E+00
2,1.0880,6.215070029709E+00,2.498917506444E-04,5.774986495569E+00
2,1.0890,6.197172466084E+00,2.424403688265E-04,5.769683477667E+00
2,1.0900,6.179632515263E+00,2.350026592689E-04,5.764390190073E+00
2,1.0910,6.162088811386E+00,2.289527072121E-04,5.759106606031E+00
2,1.0920,6.144905682477E+00,2.229138356536E-04,5.753832698882E+00
2,1.0930,6.128068745689E+00,2.168860141802E-04,5.748568442067E+00
2,1.0940,6.111576099658E+00,2.108692124902E-04,5.743313809122E+00
2,1.0950,6.095404156186E+00,2.048634003923E-04,5.738068773680E+00
2,1.0960,6.079566876998E+00,1.988685478055E-04,5.732833309470E+00
2,1.0970,6.064039245615E+00,1.928846247586E-04,5.727607390319E+00
2,1.0980,6.048820491238E+00,1.869116013893E-04,5.722390990145E+00
2,1.0990,6.033895287126E+00,1.809494479443E-04,5.717184082966E+00
3,0.4000,8.412121185582E+01,4.649557127313E+00,1.570796326795E+01
3,0.4010,8.342896219762E+01,4.529847561859E+00,1.566879128972E+01
3,0.4020,8.273973008639E+01,4.410733566383E+00,1.562981419696E+01
3,0.4030,8.205349940004E+01,4.292210707361E+00,1.559103053891E+01
3,0.4040,8.137022490234E+01,4.174274595166E+00,1.555243887916E+01
3,0.4050,8.068988801876E+01,4.056920883525E+00,1.551403779551E+01
3,0.4060,8.001246831489E+01,3.940145268985E+00,1.547582587975E+01
3,0.4070,7.933791501762E+01,3.823943490389E+00,1.543780173754E+01
3,0.4080,7.866621888006E+01,3.708311328355E+00,1.539996398819E+01
3,0.4090,7.799734531066E+01,3.593244604766E+00,1.536231126450E+01
3,0.4100,7.733126785792E+01,3.478739182268E+00,1.532484221263E+01
3,0.4110,7.678362330049E+01,3.392308563657E+00,1.528755549192E+01
3,0.4120,7.623831243878E+01,3.306297511157E+00,1.525044977471E+01
3,0.4130,7.569531838402E+01,3.220702977070E+00,1.521352374620E+01
3,0.4140,7.515460606379E+01,3.135521943148E+00,1.517677610430E+01
3,0.4150,7.461617176394E+01,3.050751420233E+00,1.514020555947E+01
3,0.4160,7.407998690300E+01,2.966388447909E+00,1.510381083457E+01
3,0.4170,7.354603040429E+01,2.882430094157E+00,1.506759066470E+01
3,0.4180,7.301429326547E+01,2.798873455016E+00,1.503154379708E+01
3,0.4190,7.248473062424E+01,2.715715654249E+00,1.499566899088E+01
3,0.4200,7.195734871535E+01,2.632953843009E+00,1.495996501709E+01
3,0.4210,7.149681603424E+01,2.569986959374E+00,1.492443065838E+01
3,0.4220,7.103819740559E+01,2.507318496988E+00,1.488906470896E+01
3,0.4230,7.058146364160E+01,2.444946339389E+00,1.485386597442E+01
3,0.4240,7.012661823457E+01,2.382868390081E+00,1.481883327165E+01
3,0.4250,6.967362013775E+01,2.321082572299E+00,1.478396542866E+01
3,0.4260,6.922246742733E+01,2.259586828779E+00,1.474926128446E+01
3,0.4270,6.877314260398E+01,2.198379121528E+00,1.471471968895E+01
3,0.4280,6.832563542009E+01,2.137457431601E+00,1.468033950276E+01
3,0.4290,6.787991335468E+01,2.076819758877E+00,1.464611959716E+01
3,0.4300,6.743598566961E+01,2.016464121839E+00,1.461205885391E+01
3,0.4310,6.704500925912E+01,1.966593266679E+00,1.457815616515E+01
3,0.4320,6.665560129042E+01,1.916953295107E+00,1.454441043329E+01
3,0.4330,6.626776694141E+01,1.867542607469E+00,1.451082057085E+01
3,0.4340,6.588149270401E+01,1.818359618852E+00,1.447738550041E+01
3,0.4350,6.549675214050E+01,1.769402758918E+00,1.444410415444E+01
3,0.4360,6.511353852000E+01,1.720670471737E+00,1.441097547518E+01
3,0.4370,6.473183620733E+01,1.672161215618E+00,1.437799841460E+01
3,0.4380,6.435163985047E+01,1.623873462951E+00,1.434517193420E+01
3,0.4390,6.397292987685E+01,1.575805700047E+00,1.431249500496E+01
3,0.4400,6.359569413292E+01,1.527956426973E+00,1.427996660723E+01
3,0.4410,6.324434041291E+01,1.495002020225E+00,1.424758573057E+01
3,0.4420,6.289435858158E+01,1.462196728440E+00,1.421535137371E+01
3,0.4430,6.254574415900E+01,1.429539541810E+00,1.418326254442E+01
3,0.4440,6.219847591372E+01,1.397029459624E+00,1.415131825941E+01
3,0.4450,6.185255081377E+01,1.364665490167E+00,1.411951754422E+01
3,0.4460,6.150795771889E+01,1.332446650618E+00,1.408785943314E+01
3,0.4470,6.116468810305E+01,1.300371966950E+00,1.405634296908E+01
3,0.4480,6.082272396195E+01,1.268440473834E+00,1.402496720353E+01
3,0.4490,6.048205938216E+01,1.236651214541E+00,1.399373119639E+01
3,0.4500,6.014268235182E+01,1.205003240845E+00,1.396263401595E+01
3,0.4510,5.983010919982E+01,1.181543941427E+00,1.393167473876E+01
3,0.4520,5.951871766006E+01,1.158188444218E+00,1.390085244951E+01
3,0.4530,5.920851038346E+01,1.134936061787E+00,1.387016624101E+01
3,0.4540,5.889947794631E+01,1.111786112760E+00,1.383961521405E+01
3,0.4550,5.859159948297E+01,1.088737921749E+00,1.380919847732E+01
3,0.4560,5.828487176675E+01,1.065790819296E+00,1.377891514732E+01
3,0.4570,5.797929637583E+01,1.042944141799E+00,1.374876434831E+01
3,0.4580,5.767484475462E+01,1.020197231453E+00,1.371874521218E+01
3,0.4590,5.737151952709E+01,9.975494361844E-01,1.368885687839E+01
3,0.4600,5.706932146215E+01,9.750001095908E-01,1.365909849387E+01
3,0.4610,5.678891131295E+01,9.602165502576E-01,1.362946921297E+01
3,0.4620,5.650954800021E+01,9.454969890168E-01,1.359996819736E+01
3,0.4630,5.623121725753E+01,9.308410111938E-01,1.357059461594E+01
3,0.4640,5.595390094822E+01,9.162482056890E-01,1.354134764478E+01
3,0.4650,5.567759944009E+01,9.017181649391E-01,1.351222646705E+01
3,0.4660,5.540230417091E+01,8.872504848791E-01,1.348323027292E+01
3,0.4670,5.512800377044E+01,8.728447649050E-01,1.345435825949E+01
3,0.4680,5.485469950665E+01,8.585006078367E-01,1.342560963073E+01
3,0.4690,5.458238185687E+01,8.442176198818E-01,1.339698359740E+01
3,0.4700,5.431102840415E+01,8.299954105990E-01,1.336847937698E+01
3,0.4710,5.405812698398E+01,8.187857561508E-01,1.334009619359E+01
3,0.4720,5.380613931083E+01,8.076236002383E-01,1.331183327792E+01
3,0.4730,5.355504980783E+01,7.965086416024E-01,1.328368986719E+01
3,0.4740,5.330485585903E+01,7.854405815261E-01,1.325566520502E+01
3,0.4750,5.305555374195E+01,7.744191238081E-01,1.322775854143E+01
3,0.4760,5.280713185795E+01,7.634439747359E-01,1.319996913273E+01
3,0.4770,5.255959660408E+01,7.525148430602E-01,1.317229624147E+01
3,0.4780,5.231292860875E+01,7.416314399690E-01,1.314473913636E+01
3,0.4790,5.206712269988E+01,7.307934790619E-01,1.311729709223E+01
3,0.4800,5.182217285277E+01,7.200006763252E-01,1.308996938996E+01
3,0.4810,5.159100240446E+01,7.108320372249E-01,1.306275531638E+01
3,0.4820,5.136063637911E+01,7.017014422703E-01,1.303565416427E+01
3,0.4830,5.113107181111E+01,6.926086551623E-01,1.300866523226E+01
3,0.4840,5.090230741351E+01,6.835534415547E-01,1.298178782475E+01
3,0.4850,5.067433298385E+01,6.745355690342E-01,1.295502125192E+01
3,0.4860,5.044714793826E+01,6.655548071001E-01,1.292836482959E+01
3,0.4870,5.022074655303E+01,6.566109271453E-01,1.290181787922E+01
3,0.4880,4.999511584198E+01,6.477037024362E-01,1.287537972783E+01
3,0.4890,4.977025351388E+01,6.388329080940E-01,1.284904970793E+01
3,0.4900,4.954615908016E+01,6.299983210756E-01,1.282282715751E+01
3,0.4910,4.934122391916E+01,6.223603818808E-01,1.279671141992E+01
3,0.4920,4.913698985987E+01,6.147534912194E-01,1.277070184386E+01
3,0.4930,4.893345036165E+01,6.071774601550E-01,1.274479778333E+01
3,0.4940,4.873061357194E+01,5.996321012811E-01,1.271899859753E+01
3,0.4950,4.852845879072E+01,5.921172287057E-01,1.269330365087E+01
3,0.4960,4.832699296149E+01,5.846326580358E-01,1.266771231286E+01
3,0.4970,4.812620704041E+01,5.771782063626E-01,1.264222395811E+01
3,0.4980,4.792608664866E+01,5.697536922463E-01,1.261683796622E+01
3,0.4990,4.772664459489E+01,5.623589357017E-01,1.259155372180E+01
3,0.5000,4.752786337349E+01,5.549937581832E-01,1.256637061436E+01
3,0.5010,4.733393077479E+01,5.478686762100E-01,1.254128803828E+01
3,0.5020,4.714064002811E+01,5.407719810176E-01,1.251630539279E+01
3,0.5030,4.694799771584E+01,5.337035033011E-01,1.249142208187E+01
3,0.5040,4.675598763280E+01,5.266630750993E-01,1.246663751425E+01
3,0.5050,4.656460658585E+01,5.196505297815E-01,1.244195110333E+01
3,0.5060,4.637385873716E+01,5.126657020341E-01,1.241736226715E+01
3,0.5070,4.618373210529E+01,5.057084278479E-01,1.239287042836E+01
3,0.5080,4.599421869243E+01,4.987785445049E-01,1.236847501413E+01
3,0.5090,4.580532564470E+01,4.918758905661E-01,1.234417545615E+01
3,0.5100,4.561704408450E+01,4.850003058583E-01,1.231997119055E+01
3,0.5110,4.543625712106E+01,4.804214475246E-01,1.229586165789E+01
3,0.5120,4.525605714850E+01,4.758604753562E-01,1.227184630309E+01
3,0.5130,4.507643724323E+01,4.713172847558E-01,1.224792457540E+01
3,0.5140,4.489739425352E+01,4.667917719397E-01,1.222409592836E+01
3,0.5150,4.471892503825E+01,4.622838339308E-01,1.220035981977E+01
3,0.5160,4.454102771892E+01,4.577933685497E-01,1.217671571159E+01
3,0.5170,4.436369164259E+01,4.533202744081E-01,1.215316306998E+01
3,0.5180,4.418691966825E+01,4.488644509002E-01,1.212970136521E+01
3,0.5190,4.401070171759E+01,4.444257981958E-01,1.210633007164E+01
3,0.5200,4.383504079584E+01,4.400042172326E-01,1.208304866765E+01
3,0.5210,4.366810062251E+01,4.351714847982E-01,1.205985663566E+01
3,0.5220,4.350168419115E+01,4.303572685800E-01,1.203675346203E+01
3,0.5230,4.333579253063E+01,4.255614623665E-01,1.201373863705E+01
3,0.5240,4.317042131463E+01,4.207839607569E-01,1.199081165492E+01
3,0.5250,4.300556714888E+01,4.160246591534E-01,1.196797201368E+01
3,0.5260,4.284122031800E+01,4.112834537537E-01,1.194521921517E+01
3,0.5270,4.267739003975E+01,4.065602415434E-01,1.192255276505E+01
3,0.5280,4.251406648612E+01,4.018549202884E-01,1.189997217269E+01
3,0.5290,4.235124645255E+01,3.971673885278E-01,1.187747695119E+01
3,0.5300,4.218892109568E+01,3.924975455662E-01,1.185506661732E+01
3,0.5310,4.203112221498E+01,3.884298288572E-01,1.183274069149E+01
3,0.5320,4.187382282989E+01,3.843774043163E-01,1.181049869771E+01
3,0.5330,4.171699304875E+01,3.803401858712E-01,1.178834016356E+01
3,0.5340,4.156065085897E+01,3.763180880945E-01,1.176626462019E+01
3,0.5350,4.140477203774E+01,3.723110261973E-01,1.174427160220E+01
3,0.5360,4.124937164098E+01,3.683189160236E-01,1.172236064772E+01
3,0.5370,4.109443457753E+01,3.643416740442E-01,1.170053129829E+01
3,0.5380,4.093996588132E+01,3.603792173510E-01,1.167878309885E+01
3,0.5390,4.078595535972E+01,3.564314636510E-01,1.165711559774E+01
3,0.5400,4.063242096104E+01,3.524983312611E-01,1.163552834663E+01
3,0.5410,4.048464440911E+01,3.491441805176E-01,1.161402090052E+01
3,0.5420,4.033731541328E+01,3.458024067141E-01,1.159259281767E+01
3,0.5430,4.019042944168E+01,3.424729414697E-01,1.157124365963E+01
3,0.5440,4.004396417436E+01,3.391557169064E-01,1.154997299114E+01
3,0.5450,3.989794463119E+01,3.358506656442E-01,1.152878038015E+01
3,0.5460,3.975235305632E+01,3.325577207969E-01,1.150766539776E+01
3,0.5470,3.960719419260E+01,3.292768159674E-01,1.148662761824E+01
3,0.5480,3.946245332600E+01,3.260078852430E-01,1.146566661894E+01
3,0.5490,3.931813809097E+01,3.227508631916E-01,1.144478198029E+01
3,0.5500,3.917423677366E+01,3.195056848567E-01,1.142397328578E+01
3,0.5510,3.903469879558E+01,3.164057036630E-01,1.140324012192E+01
3,0.5520,3.889556952018E+01,3.133169542852E-01,1.138258207822E+01
3,0.5530,3.875684316393E+01,3.102393757912E-01,1.136199874716E+01
3,0.5540,3.861850967354E+01,3.071729076889E-01,1.134148972415E+01
3,0.5550,3.848058053384E+01,3.041174899221E-01,1.132105460753E+01
3,0.5560,3.834305381466E+01,3.010730628667E-01,1.130069299852E+01
3,0.5570,3.820591408340E+01,2.980395673267E-01,1.128040450122E+01
3,0.5580,3.806916706806E+01,2.950169445307E-01,1.126018872254E+01
3,0.5590,3.793280089278E+01,2.920051361274E-01,1.124004527224E+01
3,0.5600,3.779683214937E+01,2.890040841827E-01,1.121997376282E+01
3,0.5610,3.766384862017E+01,2.866666896486E-01,1.119997380959E+01
3,0.5620,3.753122875270E+01,2.843376132444E-01,1.118004503057E+01
3,0.5630,3.739899243479E+01,2.820168106464E-01,1.116018704650E+01
3,0.5640,3.726711882686E+01,2.797042378447E-01,1.114039948081E+01
3,0.5650,3.713562775230E+01,2.773998511415E-01,1.112068195961E+01
3,0.5660,3.700449670149E+01,2.751036071475E-01,1.110103411162E+01
3,0.5670,3.687372263164E+01,2.728154627795E-01,1.108145556822E+01
3,0.5680,3.674332486866E+01,2.705353752579E-01,1.106194596334E+01
3,0.5690,3.661327255636E+01,2.682633021037E-01,1.104250493353E+01
3,0.5700,3.648358945466E+01,2.659992011361E-01,1.102313211786E+01
3,0.5710,3.635812250058E+01,2.637650381238E-01,1.100382715793E+01
3,0.5720,3.623299921143E+01,2.615386868703E-01,1.098458969787E+01
3,0.5730,3.610822143727E+01,2.593201064764E-01,1.096541938426E+01
3,0.5740,3.598377659293E+01,2.571092563277E-01,1.094631586617E+01
3,0.5750,3.585967319973E+01,2.549060960926E-01,1.092727879509E+01
3,0.5760,3.573591127000E+01,2.527105857194E-01,1.090830782496E+01
3,0.5770,3.561249191866E+01,2.505226854341E-01,1.088940261210E+01
3,0.5780,3.548939778809E+01,2.483423557381E-01,1.087056281519E+01
3,0.5790,3.536663701356E+01,2.461695574055E-01,1.085178809530E+01
3,0.5800,3.524419936696E+01,2.440042514809E-01,1.083307811583E+01
3,0.5810,3.512464143035E+01,2.420237559709E-01,1.081443254248E+01
3,0.5820,3.500541510612E+01,2.400500662874E-01,1.079585104326E+01
3,0.5830,3.488649923158E+01,2.380831474090E-01,1.077733328847E+01
3,0.5840,3.476789673583E+01,2.361229645541E-01,1.075887895065E+01
3,0.5850,3.464960835182E+01,2.341694831791E-01,1.074048770458E+01
3,0.5860,3.453164499821E+01,2.322226689760E-01,1.072215922727E+01
3,0.5870,3.441398102072E+01,2.302824878708E-01,1.070389319792E+01
3,0.5880,3.429663096444E+01,2.283489060209E-01,1.068568929792E+01
3,0.5890,3.417958813564E+01,2.264218898141E-01,1.066754721083E+01
3,0.5900,3.406285084574E+01,2.245014058655E-01,1.064946662234E+01
3,0.5910,3.394894739630E+01,2.229021118543E-01,1.063144722027E+01
3,0.5920,3.383533323234E+01,2.213082208635E-01,1.061348869456E+01
3,0.5930,3.372202088845E+01,2.197197055589E-01,1.059559073723E+01
3,0.5940,3.360899214858E+01,2.181365387908E-01,1.057775304239E+01
3,0.5950,3.349626343463E+01,2.165586935916E-01,1.055997530618E+01
3,0.5960,3.338382880669E+01,2.149861431749E-01,1.054225722681E+01
3,0.5970,3.327167300231E+01,2.134188609339E-01,1.052459850449E+01
3,0.5980,3.315980673186E+01,2.118568204394E-01,1.050699884144E+01
3,0.5990,3.304823263571E+01,2.102999954392E-01,1.048945794187E+01
3,0.6000,3.293693004239E+01,2.087483598555E-01,1.047197551197E+01
3,0.6010,3.282716894512E+01,2.068453875867E-01,1.045455125987E+01
3,0.6020,3.271768843374E+01,2.049487374849E-01,1.043718489565E+01
3,0.6030,3.260847239389E+01,2.030583780965E-01,1.041987613131E+01
3,0.6040,3.249954118435E+01,2.011742781763E-01,1.040262468076E+01
3,0.6050,3.239088215160E+01,1.992964066856E-01,1.038543025980E+01
3,0.6060,3.228249737570E+01,1.974247327905E-01,1.036829258610E+01
3,0.6070,3.217437553478E+01,1.955592258606E-01,1.035121137921E+01
3,0.6080,3.206651950896E+01,1.936998554665E-01,1.033418636049E+01
3,0.6090,3.195894362805E+01,1.918465913792E-01,1.031721725317E+01
3,0.6100,3.185161634076E+01,1.899994035676E-01,1.030030378226E+01
3,0.6110,3.174704130116E+01,1.885788551254E-01,1.028344567460E+01
3,0.6120,3.164273177619E+01,1.871629489983E-01,1.026664265879E+01
3,0.6130,3.153866435906E+01,1.857516624670E-01,1.024989446522E+01
3,0.6140,3.143486480212E+01,1.843449729604E-01,1.023320082603E+01
3,0.6150,3.133130765585E+01,1.829428580537E-01,1.021656147509E+01
3,0.6160,3.122801026076E+01,1.815452954681E-01,1.019997614802E+01
3,0.6170,3.112496263044E+01,1.801522630692E-01,1.018344458214E+01
3,0.6180,3.102215632786E+01,1.787637388658E-01,1.016696651647E+01
3,0.6190,3.091959798409E+01,1.773797010088E-01,1.015054169173E+01
3,0.6200,3.081729393399E+01,1.760001277900E-01,1.013416985029E+01
3,0.6210,3.071645901829E+01,1.747828361126E-01,1.011785073620E+01
3,0.6220,3.061586631574E+01,1.735694585564E-01,1.010158409514E+01
3,0.6230,3.051551176674E+01,1.723599762732E-01,1.008536967445E+01
3,0.6240,3.041539921680E+01,1.711543705359E-01,1.006920722304E+01
3,0.6250,3.031551777591E+01,1.699526227368E-01,1.005309649149E+01
3,0.6260,3.021587740521E+01,1.687547143877E-01,1.003703723192E+01
3,0.6270,3.011647322624E+01,1.675606271177E-01,1.002102919805E+01
3,0.6280,3.001729822440E+01,1.663703426735E-01,1.000507214519E+01
3,0.6290,2.991835379882E+01,1.651838429175E-01,9.989165830174E+00
3,0.6300,2.981964488876E+01,1.640011098274E-01,9.973310011396E+00
3,0.6310,2.972237822357E+01,1.627335037055E-01,9.957504448779E+00
3,0.6320,2.962534422510E+01,1.614699089954E-01,9.941748903765E+00
3,0.6330,2.952853465579E+01,1.602103066856E-01,9.926043139304E+00
3,0.6340,2.943194317332E+01,1.589546778847E-01,9.910386919842E+00
3,0.6350,2.933558273497E+01,1.577030038202E-01,9.894780011306E+00
3,0.6360,2.923943298495E+01,1.564552658376E-01,9.879222181100E+00
3,0.6370,2.914350602788E+01,1.552114453998E-01,9.863713198084E+00
3,0.6380,2.904780678074E+01,1.539715240855E-01,9.848252832570E+00
3,0.6390,2.895231172432E+01,1.527354835892E-01,9.832840856306E+00
3,0.6400,2.885703543931E+01,1.515033057194E-01,9.817477042468E+00
3,0.6410,2.876318331580E+01,1.502857547756E-01,9.802161165647E+00
3,0.6420,2.866954580912E+01,1.490719968254E-01,9.786893001837E+00
3,0.6430,2.857612255301E+01,1.478620141721E-01,9.771672328429E+00
3,0.6440,2.848290404906E+01,1.466557892289E-01,9.756498924192E+00
3,0.6450,2.838988911809E+01,1.454533045181E-01,9.741372569271E+00
3,0.6460,2.829708578414E+01,1.442545426701E-01,9.726293045170E+00
3,0.6470,2.820449172006E+01,1.430594864230E-01,9.711260134744E+00
3,0.6480,2.811209465448E+01,1.418681186210E-01,9.696273622191E+00
3,0.6490,2.801990624987E+01,1.406804222144E-01,9.681333293035E+00
3,0.6500,2.792791997044E+01,1.394963802583E-01,9.666438934122E+00
3,0.6510,2.783733071880E+01,1.383816067262E-01,9.651590333609E+00
3,0.6520,2.774694806813E+01,1.372702527448E-01,9.636787280950E+00
3,0.6530,2.765675654236E+01,1.361623026040E-01,9.622029566891E+00
3,0.6540,2.756676473611E+01,1.350577406900E-01,9.607316983455E+00
3,0.6550,2.747696153315E+01,1.339565514841E-01,9.592649323938E+00
3,0.6560,2.738736382762E+01,1.328587195624E-01,9.578026382896E+00
3,0.6570,2.729794760804E+01,1.317642295948E-01,9.563447956133E+00
3,0.6580,2.720871995159E+01,1.306730663444E-01,9.548913840698E+00
3,0.6590,2.711969279537E+01,1.295852146669E-01,9.534423834870E+00
3,0.6600,2.703084914005E+01,1.285006595096E-01,9.519977738151E+00
3,0.6610,2.694339368949E+01,1.275885851522E-01,9.505575351255E+00
3,0.6620,2.685612190860E+01,1.266792663065E-01,9.491216476102E+00
3,0.6630,2.676903132164E+01,1.257726905041E-01,9.476900915806E+00
3,0.6640,2.668212401028E+01,1.248688453517E-01,9.462628474668E+00
3,0.6650,2.659539909338E+01,1.239677185306E-01,9.448398958165E+00
3,0.6660,2.650885506241E+01,1.230692977960E-01,9.434212172942E+00
3,0.6670,2.642249470362E+01,1.221735709767E-01,9.420067926806E+00
3,0.6680,2.633631360736E+01,1.212805259742E-01,9.405966028712E+00
3,0.6690,2.625031208294E+01,1.203901507625E-01,9.391906288759E+00
3,0.6700,2.616447835184E+01,1.195024333871E-01,9.377888518178E+00
3,0.6710,2.607882964629E+01,1.185396414913E-01,9.363912529329E+00
3,0.6720,2.599335444027E+01,1.175797150475E-01,9.349978135684E+00
3,0.6730,2.590805458510E+01,1.166226412826E-01,9.336085151827E+00
3,0.6740,2.582292115759E+01,1.156684074991E-01,9.322233393442E+00
3,0.6750,2.573796829674E+01,1.147170010751E-01,9.308422677303E+00
3,0.6760,2.565317904612E+01,1.137684094629E-01,9.294652821272E+00
3,0.6770,2.556856275193E+01,1.128226201894E-01,9.280923644283E+00
3,0.6780,2.548411298901E+01,1.118796208547E-01,9.267234966342E+00
3,0.6790,2.539983682626E+01,1.109393991321E-01,9.253586608512E+00
3,0.6800,2.531572125170E+01,1.100019427676E-01,9.239978392911E+00
3,0.6810,2.523296432771E+01,1.091908734748E-01,9.226410142701E+00
3,0.6820,2.515036324757E+01,1.083821826843E-01,9.212881682082E+00
3,0.6830,2.506792789738E+01,1.075758599489E-01,9.199392836281E+00
3,0.6840,2.498565150734E+01,1.067718948823E-01,9.185943431549E+00
3,0.6850,2.490353536969E+01,1.059702771589E-01,9.172533295153E+00
3,0.6860,2.482158194485E+01,1.051709965134E-01,9.159162255364E+00
3,0.6870,2.473978788513E+01,1.043740427403E-01,9.145830141455E+00
3,0.6880,2.465814510267E+01,1.035794056933E-01,9.132536783691E+00
3,0.6890,2.457666948255E+01,1.027870752850E-01,9.119282013323E+00
3,0.6900,2.449534803682E+01,1.019970414865E-01,9.106065662579E+00
3,0.6910,2.441653806695E+01,1.012374822786E-01,9.092887564659E+00
3,0.6920,2.433787181563E+01,1.004801183286E-01,9.079747553728E+00
3,0.6930,2.425936799243E+01,9.972494013304E-02,9.066645464906E+00
3,0.6940,2.418100035542E+01,9.897193824355E-02,9.053581134265E+00
3,0.6950,2.410278861112E+01,9.822110326597E-02,9.040554398820E+00
3,0.6960,2.402472839250E+01,9.747242586017E-02,9.027565096522E+00
3,0.6970,2.394681962488E+01,9.672589673961E-02,9.014613066255E+00
3,0.6980,2.386904876901E+01,9.598150667096E-02,9.001698147822E+00
3,0.6990,2.379142735315E+01,9.523924647376E-02,8.988820181945E+00
3,0.7000,2.371395311262E+01,9.449910701998E-02,8.975979010257E+00
3,0.7010,2.363544931913E+01,9.394213535809E-02,8.963174475292E+00
3,0.7020,2.355709530459E+01,9.338675051004E-02,8.950406420484E+00
3,0.7030,2.347888406350E+01,9.283294570424E-02,8.937674690156E+00
3,0.7040,2.340081765193E+01,9.228071420755E-02,8.924979129516E+00
3,0.7050,2.332288468298E+01,9.173004932503E-02,8.912319584652E+00
3,0.7060,2.324509704608E+01,9.118094439968E-02,8.899695902521E+00
3,0.7070,2.316745654676E+01,9.063339281218E-02,8.887107930947E+00
3,0.7080,2.308995303061E+01,9.008738798057E-02,8.874555518615E+00
3,0.7090,2.301258029073E+01,8.954292336005E-02,8.862038515063E+00
3,0.7100,2.293535716941E+01,8.899999244268E-02,8.849556770675E+00
3,0.7110,2.286059923389E+01,8.849367208440E-02,8.837110136680E+00
3,0.7120,2.278597072400E+01,8.798877397431E-02,8.824698465140E+00
3,0.7130,2.271148352293E+01,8.748529212820E-02,8.812321608948E+00
3,0.7140,2.263712036839E+01,8.698322059539E-02,8.799979421820E+00
3,0.7150,2.256289350983E+01,8.648255345848E-02,8.787671758293E+00
3,0.7160,2.248880162046E+01,8.598328483312E-02,8.775398473715E+00
3,0.7170,2.241483402007E+01,8.548540886780E-02,8.763159424239E+00
3,0.7180,2.234099503953E+01,8.498891974362E-02,8.750954466824E+00
3,0.7190,2.226729159194E+01,8.449381167402E-02,8.738783459221E+00
3,0.7200,2.219371159821E+01,8.400007890461E-02,8.726646259972E+00
3,0.7210,2.212026693837E+01,8.329133361698E-02,8.714542728404E+00
3,0.7220,2.204693664752E+01,8.258455161270E-02,8.702472724625E+00
3,0.7230,2.197374653485E+01,8.187972474535E-02,8.690436109515E+00
3,0.7240,2.190066544301E+01,8.117684491356E-02,8.678432744723E+00
3,0.7250,2.182772867043E+01,8.047590406061E-02,8.666462492661E+00
3,0.7260,2.175490310860E+01,7.977689417419E-02,8.654525216501E+00
3,0.7270,2.168220473088E+01,7.907980728609E-02,8.642620780164E+00
3,0.7280,2.160962685144E+01,7.838463547186E-02,8.630749048324E+00
3,0.7290,2.153716844026E+01,7.769137085053E-02,8.618909886392E+00
3,0.7300,2.146482735512E+01,7.700000558433E-02,8.607103160520E+00
3,0.7310,2.139377180519E+01,7.639261726781E-02,8.595328737592E+00
3,0.7320,2.132283191347E+01,7.578688848221E-02,8.583586485218E+00
3,0.7330,2.125200943345E+01,7.518281243545E-02,8.571876271732E+00
3,0.7340,2.118130153800E+01,7.458038237247E-02,8.560197966185E+00
3,0.7350,2.111071430607E+01,7.397959157496E-02,8.548551438340E+00
3,0.7360,2.104024522265E+01,7.338043336115E-02,8.536936558668E+00
3,0.7370,2.096988256177E+01,7.278290108550E-02,8.525353198344E+00
3,0.7380,2.089963631017E+01,7.218698813851E-02,8.513801229241E+00
3,0.7390,2.082951558217E+01,7.159268794645E-02,8.502280523924E+00
3,0.7400,2.075949783972E+01,7.099999397113E-02,8.490790955648E+00
3,0.7410,2.068959310688E+01,7.044332579918E-02,8.479332398353E+00
3,0.7420,2.061980321936E+01,6.988815808052E-02,8.467904726657E+00
3,0.7430,2.055011392900E+01,6.933448475680E-02,8.456507815854E+00
3,0.7440,2.048054540126E+01,6.878229980222E-02,8.445141541908E+00
3,0.7450,2.041108400203E+01,6.823159722337E-02,8.433805781449E+00
3,0.7460,2.034172869342E+01,6.768237105893E-02,8.422500411769E+00
3,0.7470,2.027248541763E+01,6.713461537954E-02,8.411225310816E+00
3,0.7480,2.020334727614E+01,6.658832428753E-02,8.399980357192E+00
3,0.7490,2.013431742781E+01,6.604349191673E-02,8.388765430146E+00
3,0.7500,2.006538942199E+01,6.550011243224E-02,8.377580409573E+00
3,0.7510,1.999772129055E+01,6.489292191390E-02,8.366425176005E+00
3,0.7520,1.993016036493E+01,6.428734626396E-02,8.355299610611E+00
3,0.7530,1.986269777109E+01,6.368337904869E-02,8.344203595192E+00
3,0.7540,1.979534819741E+01,6.308101386846E-02,8.333137012175E+00
3,0.7550,1.972808951889E+01,6.248024435759E-02,8.322099744609E+00
3,0.7560,1.966094012747E+01,6.188106418404E-02,8.311091676163E+00
3,0.7570,1.959388917810E+01,6.128346704927E-02,8.300112691122E+00
3,0.7580,1.952693383281E+01,6.068744668793E-02,8.289162674379E+00
3,0.7590,1.946009227343E+01,6.009299686774E-02,8.278241511436E+00
3,0.7600,1.939333816694E+01,5.950011138917E-02,8.267349088394E+00
3,0.7610,1.932668745012E+01,5.904476839808E-02,8.256485291957E+00
3,0.7620,1.926013178484E+01,5.859062053295E-02,8.245650009422E+00
3,0.7630,1.919367819844E+01,5.813766309473E-02,8.234843128676E+00
3,0.7640,1.912731708730E+01,5.768589140896E-02,8.224064538193E+00
3,0.7650,1.906105181483E+01,5.723530082564E-02,8.213314127032E+00
3,0.7660,1.899488458734E+01,5.678588671903E-02,8.202591784830E+00
3,0.7670,1.892880671782E+01,5.633764448755E-02,8.191897401799E+00
3,0.7680,1.886283505997E+01,5.589056955354E-02,8.181230868723E+00
3,0.7690,1.879695438714E+01,5.544465736318E-02,8.170592076957E+00
3,0.7700,1.873115918636E+01,5.499990338630E-02,8.159980918415E+00
3,0.7710,1.866659983967E+01,5.464586499241E-02,8.149397285577E+00
3,0.7720,1.860213939481E+01,5.429274379642E-02,8.138841071476E+00
3,0.7730,1.853776557261E+01,5.394053623872E-02,8.128312169702E+00
3,0.7740,1.847349261464E+01,5.358923877807E-02,8.117810474392E+00
3,0.7750,1.840929608202E+01,5.323884789151E-02,8.107335880232E+00
3,0.7760,1.834519493016E+01,5.288936007425E-02,8.096888282448E+00
3,0.7770,1.828118472457E+01,5.254077183952E-02,8.086467576808E+00
3,0.7780,1.821725712920E+01,5.219307971851E-02,8.076073659614E+00
3,0.7790,1.815341465516E+01,5.184628026020E-02,8.065706427702E+00
3,0.7800,1.808966493670E+01,5.150037003127E-02,8.055365778435E+00
3,0.7810,1.802600392964E+01,5.098446871980E-02,8.045051609705E+00
3,0.7820,1.796241519763E+01,5.046988684902E-02,8.034763819923E+00
3,0.7830,1.789892216502E+01,4.995661936360E-02,8.024502308020E+00
3,0.7840,1.783551685594E+01,4.944466123402E-02,8.014266973443E+00
3,0.7850,1.777218970363E+01,4.893400745635E-02,8.004057716152E+00
3,0.7860,1.770894839362E+01,4.842465305217E-02,7.993874436615E+00
3,0.7870,1.764578116921E+01,4.791659306833E-02,7.983717035806E+00
3,0.7880,1.758270659873E+01,4.740982257684E-02,7.973585415203E+00
3,0.7890,1.751971129851E+01,4.690433667467E-02,7.963479476780E+00
3,0.7900,1.745679061834E+01,4.640013048365E-02,7.953399123012E+00
3,0.7910,1.739396287066E+01,4.600570523281E-02,7.943344256864E+00
3,0.7920,1.733120532875E+01,4.561227600532E-02,7.933314781792E+00
3,0.7930,1.726853409320E+01,4.521983903314E-02,7.923310601740E+00
3,0.7940,1.720592853345E+01,4.482839056719E-02,7.913331621133E+00
3,0.7950,1.714340809785E+01,4.443792687725E-02,7.903377744880E+00
3,0.7960,1.708097141252E+01,4.404844425186E-02,7.893448878366E+00
3,0.7970,1.701860359928E+01,4.365993899817E-02,7.883544927452E+00
3,0.7980,1.695631742926E+01,4.327240744187E-02,7.873665798471E+00
3,0.7990,1.689410898061E+01,4.288584592700E-02,7.863811398222E+00
3,0.8000,1.683196921836E+01,4.250025081593E-02,7.853981633974E+00
3,0.8010,1.677105551889E+01,4.212103097087E-02,7.844176413458E+00
3,0.8020,1.671021525071E+01,4.174275681122E-02,7.834395644862E+00
3,0.8030,1.664944492320E+01,4.136542480389E-02,7.824639236836E+00
3,0.8040,1.658874652476E+01,4.098903143340E-02,7.814907098482E+00
3,0.8050,1.652812617281E+01,4.061357320171E-02,7.805199139354E+00
3,0.8060,1.646757716009E+01,4.023904662817E-02,7.795515269454E+00
3,0.8070,1.640709968284E+01,3.986544824936E-02,7.785855399231E+00
3,0.8080,1.634669583977E+01,3.949277461901E-02,7.776219439579E+00
3,0.8090,1.628636300264E+01,3.912102230790E-02,7.766607301829E+00
3,0.8100,1.622609042453E+01,3.875018790372E-02,7.757018897753E+00
3,0.8110,1.616589812002E+01,3.840637693148E-02,7.747454139556E+00
3,0.8120,1.610576542434E+01,3.806341278429E-02,7.737912939876E+00
3,0.8130,1.604570972038E+01,3.772129233734E-02,7.728395211783E+00
3,0.8140,1.598572368664E+01,3.738001248116E-02,7.718900868771E+00
3,0.8150,1.592579574452E+01,3.703957012157E-02,7.709429824760E+00
3,0.8160,1.586594168417E+01,3.669996217952E-02,7.699981994093E+00
3,0.8170,1.580615840736E+01,3.636118559107E-02,7.690557291529E+00
3,0.8180,1.574643304825E+01,3.602323730723E-02,7.681155632249E+00
3,0.8190,1.568677506054E+01,3.568611429393E-02,7.671776931843E+00
3,0.8200,1.562718388169E+01,3.534981353188E-02,7.662421106317E+00
3,0.8210,1.556765378697E+01,3.504655151729E-02,7.653088072082E+00
3,0.8220,1.550819081053E+01,3.474402736649E-02,7.643777745961E+00
3,0.8230,1.544879441602E+01,3.444223838981E-02,7.634490045176E+00
3,0.8240,1.538945439104E+01,3.414118191064E-02,7.625224887354E+00
3,0.8250,1.533017789909E+01,3.384085526536E-02,7.615982190521E+00
3,0.8260,1.527096920366E+01,3.354125580324E-02,7.606761873099E+00
3,0.8270,1.521181470330E+01,3.324238088638E-02,7.597563853905E+00
3,0.8280,1.515272231315E+01,3.294422788960E-02,7.588388052149E+00
3,0.8290,1.509369652497E+01,3.264679420042E-02,7.579234387430E+00
3,0.8300,1.503472285609E+01,3.235007721892E-02,7.570102779734E+00
3,0.8310,1.497581860237E+01,3.206201340052E-02,7.560993149434E+00
3,0.8320,1.491696359848E+01,3.177464204322E-02,7.551905417283E+00
3,0.8330,1.485817604581E+01,3.148796065316E-02,7.542839504417E+00
3,0.8340,1.479944315694E+01,3.120196674846E-02,7.533795332350E+00
3,0.8350,1.474077110904E+01,3.091665785909E-02,7.524772822970E+00
3,0.8360,1.468214661746E+01,3.063203152688E-02,7.515771898540E+00
3,0.8370,1.462359065723E+01,3.034808530538E-02,7.506792481696E+00
3,0.8380,1.456508654458E+01,3.006481675982E-02,7.497834495441E+00
3,0.8390,1.450663133757E+01,2.978222346705E-02,7.488897863146E+00
3,0.8400,1.444824488212E+01,2.950030301546E-02,7.479982508547E+00
3,0.8410,1.439105404427E+01,2.921725994369E-02,7.471088355743E+00
3,0.8420,1.433391857609E+01,2.893488918325E-02,7.462215329192E+00
3,0.8430,1.427683532315E+01,2.865318834158E-02,7.453363353712E+00
3,0.8440,1.421981291230E+01,2.837215503745E-02,7.444532354478E+00
3,0.8450,1.416283851679E+01,2.809178690090E-02,7.435722257017E+00
3,0.8460,1.410592241336E+01,2.781208157318E-02,7.426932987210E+00
3,0.8470,1.404905424271E+01,2.753303670669E-02,7.418164471286E+00
3,0.8480,1.399224198205E+01,2.725464996489E-02,7.409416635825E+00
3,0.8490,1.393547715370E+01,2.697691902224E-02,7.400689407750E+00
3,0.8500,1.387876208483E+01,2.669984156416E-02,7.391982714329E+00
3,0.8510,1.382210842079E+01,2.642193862764E-02,7.383296483172E+00
3,0.8520,1.376549650592E+01,2.614468804544E-02,7.374630642230E+00
3,0.8530,1.370894052259E+01,2.586808752323E-02,7.365985119788E+00
3,0.8540,1.365242412779E+01,2.559213477741E-02,7.357359844473E+00
3,0.8550,1.359596844780E+01,2.531682753509E-02,7.348754745239E+00
3,0.8560,1.353955939575E+01,2.504216353399E-02,7.340169751378E+00
3,0.8570,1.348319400515E+01,2.476814052239E-02,7.331604792508E+00
3,0.8580,1.342687833009E+01,2.449475625907E-02,7.323059798578E+00
3,0.8590,1.337061526213E+01,2.422200851324E-02,7.314534699860E+00
3,0.8600,1.331439758550E+01,2.394989506449E-02,7.306029426953E+00
3,0.8610,1.325937476430E+01,2.370738495207E-02,7.297543910778E+00
3,0.8620,1.320440222577E+01,2.346543750811E-02,7.289078082575E+00
3,0.8630,1.314947553086E+01,2.322405077666E-02,7.280631873904E+00
3,0.8640,1.309460178643E+01,2.298322281078E-02,7.272205216643E+00
3,0.8650,1.303977144561E+01,2.274295167258E-02,7.263798042982E+00
3,0.8660,1.298498401042E+01,2.250323543307E-02,7.255410285427E+00
3,0.8670,1.293024041163E+01,2.226407217221E-02,7.247041876793E+00
3,0.8680,1.287554435188E+01,2.202545997876E-02,7.238692750207E+00
3,0.8690,1.282089105998E+01,2.178739695032E-02,7.230362839102E+00
3,0.8700,1.276628235868E+01,2.154988119321E-02,7.222052077218E+00
3,0.8710,1.271056005015E+01,2.130742836455E-02,7.213760398599E+00
3,0.8720,1.265488353147E+01,2.106553162036E-02,7.205487737591E+00
3,0.8730,1.259924602145E+01,2.082418904969E-02,7.197234028843E+00
3,0.8740,1.254365314858E+01,2.058339875036E-02,7.188999207299E+00
3,0.8750,1.248810939733E+01,2.034315882885E-02,7.180783208205E+00
3,0.8760,1.243259521152E+01,2.010346740031E-02,7.172585967100E+00
3,0.8770,1.237712526470E+01,1.986432258848E-02,7.164407419817E+00
3,0.8780,1.232170127435E+01,1.962572252566E-02,7.156247502482E+00
3,0.8790,1.226631889680E+01,1.938766535262E-02,7.148106151513E+00
3,0.8800,1.221097054559E+01,1.915014921862E-02,7.139983303613E+00
3,0.8810,1.215682203388E+01,1.894811848788E-02,7.131878895777E+00
3,0.8820,1.210271304623E+01,1.874654587671E-02,7.123792865283E+00
3,0.8830,1.204865094574E+01,1.854542982864E-02,7.115725149694E+00
3,0.8840,1.199462355550E+01,1.834476879426E-02,7.107675686855E+00
3,0.8850,1.194063954009E+01,1.814456123114E-02,7.099644414892E+00
3,0.8860,1.188668943941E+01,1.794480560383E-02,7.091631272212E+00
3,0.8870,1.183278290005E+01,1.774550038380E-02,7.083636197497E+00
3,0.8880,1.177891002109E+01,1.754664404939E-02,7.075659129707E+00
3,0.8890,1.172507948054E+01,1.734823508582E-02,7.067700008076E+00
3,0.8900,1.167128967668E+01,1.715027198509E-02,7.059758772112E+00
3,0.8910,1.161753572943E+01,1.694824007135E-02,7.051835361593E+00
3,0.8920,1.156382044474E+01,1.674666114395E-02,7.043929716569E+00
3,0.8930,1.151014510457E+01,1.654553368113E-02,7.036041777357E+00
3,0.8940,1.145650001470E+01,1.634485616788E-02,7.028171484541E+00
3,0.8950,1.140289728588E+01,1.614462709600E-02,7.020318778972E+00
3,0.8960,1.134933222686E+01,1.594484496402E-02,7.012483601763E+00
3,0.8970,1.129580338412E+01,1.574550827714E-02,7.004665894292E+00
3,0.8980,1.124231268216E+01,1.554661554725E-02,6.996865598196E+00
3,0.8990,1.118885317423E+01,1.534816529285E-02,6.989082655372E+00
3,0.9000,1.113543765987E+01,1.515015603901E-02,6.981317007977E+00
3,0.9010,1.108205829071E+01,1.498856993134E-02,6.973568598424E+00
3,0.9020,1.102871026205E+01,1.482734210771E-02,6.965837369379E+00
3,0.9030,1.097539781741E+01,1.466647137783E-02,6.958123263765E+00
3,0.9040,1.092212818188E+01,1.450595655664E-02,6.950426224756E+00
3,0.9050,1.086889192431E+01,1.434579646434E-02,6.942746195779E+00
3,0.9060,1.081569132314E+01,1.418598992632E-02,6.935083120507E+00
3,0.9070,1.076252686820E+01,1.402653577318E-02,6.927436942866E+00
3,0.9080,1.070940334691E+01,1.386743284063E-02,6.919807607026E+00
3,0.9090,1.065630766862E+01,1.370867996955E-02,6.912195057403E+00
3,0.9100,1.060325274483E+01,1.355027600587E-02,6.904599238659E+00
3,0.9110,1.055023608430E+01,1.339373714504E-02,6.897020095697E+00
3,0.9120,1.049725999678E+01,1.323754157119E-02,6.889457573662E+00
3,0.9130,1.044431499398E+01,1.308168815631E-02,6.881911617940E+00
3,0.9140,1.039139928387E+01,1.292617577735E-02,6.874382174157E+00
3,0.9150,1.033853352271E+01,1.277100331617E-02,6.866869188174E+00
3,0.9160,1.028569772453E+01,1.261616965948E-02,6.859372606091E+00
3,0.9170,1.023290010514E+01,1.246167369888E-02,6.851892374242E+00
3,0.9180,1.018014208571E+01,1.230751433079E-02,6.844428439193E+00
3,0.9190,1.012742567968E+01,1.215369045643E-02,6.836980747747E+00
3,0.9200,1.007474291675E+01,1.200020098179E-02,6.829549246934E+00
3,0.9210,1.002326797200E+01,1.184363375069E-02,6.822133884017E+00
3,0.9220,9.971836277758E+00,1.168740614481E-02,6.814734606485E+00
3,0.9230,9.920438280547E+00,1.153151706030E-02,6.807351362058E+00
3,0.9240,9.869086851100E+00,1.137596539804E-02,6.799984098679E+00
3,0.9250,9.817774649914E+00,1.122075006371E-02,6.792632764518E+00
3,0.9260,9.766506627423E+00,1.106586996767E-02,6.785297307969E+00
3,0.9270,9.715279012410E+00,1.091132402503E-02,6.777977677648E+00
3,0.9280,9.664088350769E+00,1.075711115554E-02,6.770673822392E+00
3,0.9290,9.612944164727E+00,1.060323028361E-02,6.763385691259E+00
3,0.9300,9.561838849204E+00,1.044968033830E-02,6.756113233526E+00
3,0.9310,9.509613528280E+00,1.031846152508E-02,6.748856398689E+00
3,0.9320,9.457430635159E+00,1.018752429731E-02,6.741615136459E+00
3,0.9330,9.405285075953E+00,1.005686774955E-02,6.734389396763E+00
3,0.9340,9.353191030331E+00,9.926490980266E-03,6.727179129743E+00
3,0.9350,9.301146284686E+00,9.796393091771E-03,6.719984285754E+00
3,0.9360,9.249155897288E+00,9.666573190219E-03,6.712804815363E+00
3,0.9370,9.197208056535E+00,9.537030385574E-03,6.705640669349E+00
3,0.9380,9.145314129348E+00,9.407763791601E-03,6.698491798699E+00
3,0.9390,9.093468114403E+00,9.278772525836E-03,6.691358154611E+00
3,0.9400,9.041682941364E+00,9.150055709572E-03,6.684239688489E+00
3,0.9410,8.991118001797E+00,9.013733446944E-03,6.677136351944E+00
3,0.9420,8.940613893615E+00,8.877700615870E-03,6.670048096794E+00
3,0.9430,8.890168687428E+00,8.741956295573E-03,6.662974875058E+00
3,0.9440,8.839775028070E+00,8.606499569175E-03,6.655916638961E+00
3,0.9450,8.789453748342E+00,8.471329523680E-03,6.648873340931E+00
3,0.9460,8.739187874590E+00,8.336445249951E-03,6.641844933594E+00
3,0.9470,8.688988466611E+00,8.201845842692E-03,6.634831369778E+00
3,0.9480,8.638863167596E+00,8.067530400427E-03,6.627832602510E+00
3,0.9490,8.588802254867E+00,7.933498025480E-03,6.620848585015E+00
3,0.9500,8.538812866497E+00,7.799747823955E-03,6.613879270715E+00
3,0.9510,8.488901429359E+00,7.688742449398E-03,6.606924613228E+00
3,0.9520,8.439065757579E+00,7.577970279409E-03,6.599984566365E+00
3,0.9530,8.389307968636E+00,7.467430579872E-03,6.593059084134E+00
3,0.9540,8.339642618727E+00,7.357122619746E-03,6.586148120733E+00
3,0.9550,8.290052335372E+00,7.247045671056E-03,6.579251630555E+00
3,0.9560,8.240566437227E+00,7.137199008869E-03,6.572369568179E+00
3,0.9570,8.191164525485E+00,7.027581911284E-03,6.565501888380E+00
3,0.9580,8.141864921524E+00,6.918193659415E-03,6.558648546116E+00
3,0.9590,8.092662251262E+00,6.809033537372E-03,6.551809496538E+00
3,0.9600,8.043572691970E+00,6.700100832250E-03,6.544984694979E+00
3,0.9610,7.994592565750E+00,6.594108176361E-03,6.538174096961E+00
3,0.9620,7.945729222534E+00,6.488335879423E-03,6.531377658191E+00
3,0.9630,7.896992464891E+00,6.382783254962E-03,6.524595334558E+00
3,0.9640,7.848385578439E+00,6.277449619347E-03,6.517827082136E+00
3,0.9650,7.799903453724E+00,6.172334291786E-03,6.511072857181E+00
3,0.9660,7.751572562749E+00,6.067436594303E-03,6.504332616128E+00
3,0.9670,7.703393092866E+00,5.962755851726E-03,6.497606315594E+00
3,0.9680,7.655364893196E+00,5.858291391675E-03,6.490893912376E+00
3,0.9690,7.607507163199E+00,5.754042544545E-03,6.484195363446E+00
3,0.9700,7.559813916567E+00,5.650008643492E-03,6.477510625958E+00
3,0.9710,7.512313685936E+00,5.564216783703E-03,6.470839657240E+00
3,0.9720,7.465008717426E+00,5.478601450375E-03,6.464182414794E+00
3,0.9730,7.417907199611E+00,5.393162099232E-03,6.457538856300E+00
3,0.9740,7.371022395179E+00,5.307898188236E-03,6.450908939609E+00
3,0.9750,7.324377031565E+00,5.222809177569E-03,6.444292622748E+00
3,0.9760,7.277973794328E+00,5.137894529630E-03,6.437689863914E+00
3,0.9770,7.231824003383E+00,5.053153709015E-03,6.431100621473E+00
3,0.9780,7.185964957674E+00,4.968586182511E-03,6.424524853967E+00
3,0.9790,7.140401687646E+00,4.884191419085E-03,6.417962520102E+00
3,0.9800,7.095156610155E+00,4.799968889870E-03,6.411413578755E+00
3,0.9810,7.050248776537E+00,4.714195155978E-03,6.404877988970E+00
3,0.9820,7.005703513272E+00,4.628596114007E-03,6.398355709959E+00
3,0.9830,6.961557401642E+00,4.543171230820E-03,6.391846701098E+00
3,0.9840,6.917835529601E+00,4.457919975444E-03,6.385350921930E+00
3,0.9850,6.874556651587E+00,4.372841819064E-03,6.378868332162E+00
3,0.9860,6.831786756578E+00,4.287936235009E-03,6.372398891663E+00
3,0.9870,6.789535225777E+00,4.203202698743E-03,6.365942560466E+00
3,0.9880,6.747873114240E+00,4.118640687855E-03,6.359499298765E+00
3,0.9890,6.706846010500E+00,4.034249682044E-03,6.353069066916E+00
3,0.9900,6.666512529278E+00,3.950029163114E-03,6.346651825434E+00
3,0.9910,6.627846662882E+00,3.874347741704E-03,6.340247534995E+00
3,0.9920,6.589979093969E+00,3.798818903806E-03,6.333856156431E+00
3,0.9930,6.552990036922E+00,3.723442188441E-03,6.327477650735E+00
3,0.9940,6.516990339354E+00,3.648217136487E-03,6.321111979054E+00
3,0.9950,6.482076470820E+00,3.573143290668E-03,6.314759102693E+00
3,0.9960,6.448404864513E+00,3.498220195543E-03,6.308418983112E+00
3,0.9970,6.416136964648E+00,3.423447397500E-03,6.302091581925E+00
3,0.9980,6.385478912495E+00,3.348824444743E-03,6.295776860901E+00
3,0.9990,6.356701850390E+00,3.274350887287E-03,6.289474781962E+00
3,1.0000,6.330146047514E+00,3.200026276947E-03,6.283185307180E+00
3,1.0010,6.305774713754E+00,3.134945407595E-03,6.276908398781E+00
3,1.0020,6.284898242612E+00,3.069994440179E-03,6.270644019141E+00
3,1.0030,6.268515311296E+00,3.005172986158E-03,6.264392130787E+00
3,1.0040,6.258160293112E+00,2.940480658538E-03,6.258152696394E+00
3,0.4000,8.369153770077E+01,4.649557127313E+00,1.570796326795E+01
3,0.4010,8.299261349841E+01,4.529847561859E+00,1.566879128972E+01
3,0.4020,8.229658706592E+01,4.410733566383E+00,1.562981419696E+01
3,0.4030,8.160342895719E+01,4.292210707361E+00,1.559103053891E+01
3,0.4040,8.091309235249E+01,4.174274595166E+00,1.555243887916E+01
3,0.4050,8.022556355756E+01,4.056920883525E+00,1.551403779551E+01
3,0.4060,7.954079124534E+01,3.940145268985E+00,1.547582587975E+01
3,0.4070,7.885877098904E+01,3.823943490389E+00,1.543780173754E+01
3,0.4080,7.817945412209E+01,3.708311328355E+00,1.539996398819E+01
3,0.4090,7.750281561305E+01,3.593244604766E+00,1.536231126450E+01
3,0.4100,7.682881445274E+01,3.478739182268E+00,1.532484221263E+01
3,0.4110,7.627451252558E+01,3.392308563657E+00,1.528755549192E+01
3,0.4120,7.572243758719E+01,3.306297511157E+00,1.525044977471E+01
3,0.4130,7.517257632723E+01,3.220702977070E+00,1.521352374620E+01
3,0.4140,7.462489528739E+01,3.135521943148E+00,1.517677610430E+01
3,0.4150,7.407936804909E+01,3.050751420233E+00,1.514020555947E+01
3,0.4160,7.353598556301E+01,2.966388447909E+00,1.510381083457E+01
3,0.4170,7.299471848496E+01,2.882430094157E+00,1.506759066470E+01
3,0.4180,7.245554580032E+01,2.798873455016E+00,1.503154379708E+01
3,0.4190,7.191844164108E+01,2.715715654249E+00,1.499566899088E+01
3,0.4200,7.138338882723E+01,2.632953843009E+00,1.495996501709E+01
3,0.4210,7.091603211109E+01,2.569986959374E+00,1.492443065838E+01
3,0.4220,7.045050231649E+01,2.507318496988E+00,1.488906470896E+01
3,0.4230,6.998676022752E+01,2.444946339389E+00,1.485386597442E+01
3,0.4240,6.952479884853E+01,2.382868390081E+00,1.481883327165E+01
3,0.4250,6.906459514586E+01,2.321082572299E+00,1.478396542866E+01
3,0.4260,6.860613616189E+01,2.259586828779E+00,1.474926128446E+01
3,0.4270,6.814940588257E+01,2.198379121528E+00,1.471471968895E+01
3,0.4280,6.769438848917E+01,2.137457431601E+00,1.468033950276E+01
3,0.4290,6.724104697380E+01,2.076819758877E+00,1.464611959716E+01
3,0.4300,6.678940047288E+01,2.016464121839E+00,1.461205885391E+01
3,0.4310,6.639150397461E+01,1.966593266679E+00,1.457815616515E+01
3,0.4320,6.599510044560E+01,1.916953295107E+00,1.454441043329E+01
3,0.4330,6.560017491652E+01,1.867542607469E+00,1.451082057085E+01
3,0.4340,6.520673653799E+01,1.818359618852E+00,1.447738550041E+01
3,0.4350,6.481473416517E+01,1.769402758918E+00,1.444410415444E+01
3,0.4360,6.442417941253E+01,1.720670471737E+00,1.441097547518E+01
3,0.4370,6.403503856346E+01,1.672161215618E+00,1.437799841460E+01
3,0.4380,6.364731748935E+01,1.623873462951E+00,1.434517193420E+01
3,0.4390,6.326099678249E+01,1.575805700047E+00,1.431249500496E+01
3,0.4400,6.287606210449E+01,1.527956426973E+00,1.427996660723E+01
3,0.4410,6.251741344424E+01,1.495002020225E+00,1.424758573057E+01
3,0.4420,6.216005631548E+01,1.462196728440E+00,1.421535137371E+01
3,0.4430,6.180397574681E+01,1.429539541810E+00,1.418326254442E+01
3,0.4440,6.144917501474E+01,1.397029459624E+00,1.415131825941E+01
3,0.4450,6.109562555277E+01,1.364665490167E+00,1.411951754422E+01
3,0.4460,6.074331385557E+01,1.332446650618E+00,1.408785943314E+01
3,0.4470,6.039223770739E+01,1.300371966950E+00,1.405634296908E+01
3,0.4480,6.004238747474E+01,1.268440473834E+00,1.402496720353E+01
3,0.4490,5.969374285800E+01,1.236651214541E+00,1.399373119639E+01
3,0.4500,5.934628807771E+01,1.205003240845E+00,1.396263401595E+01
3,0.4510,5.902617475203E+01,1.181543941427E+00,1.393167473876E+01
3,0.4520,5.870714882837E+01,1.158188444218E+00,1.390085244951E+01
3,0.4530,5.838924038718E+01,1.134936061787E+00,1.387016624101E+01
3,0.4540,5.807242767818E+01,1.111786112760E+00,1.383961521405E+01
3,0.4550,5.775668503911E+01,1.088737921749E+00,1.380919847732E+01
3,0.4560,5.744201209906E+01,1.065790819296E+00,1.377891514732E+01
3,0.4570,5.712840185929E+01,1.042944141799E+00,1.374876434831E+01
3,0.4580,5.681583650718E+01,1.020197231453E+00,1.371874521218E+01
3,0.4590,5.650431889259E+01,9.975494361844E-01,1.368885687839E+01
3,0.4600,5.619382645923E+01,9.750001095908E-01,1.365909849387E+01
3,0.4610,5.590562809524E+01,9.602165502576E-01,1.362946921297E+01
3,0.4620,5.561838386402E+01,9.454969890168E-01,1.359996819736E+01
3,0.4630,5.533210696283E+01,9.308410111938E-01,1.357059461594E+01
3,0.4640,5.504675943307E+01,9.162482056890E-01,1.354134764478E+01
3,0.4650,5.476235959051E+01,9.017181649391E-01,1.351222646705E+01
3,0.4660,5.447888177295E+01,8.872504848791E-01,1.348323027292E+01
3,0.4670,5.419632907270E+01,8.728447649050E-01,1.345435825949E+01
3,0.4680,5.391468177332E+01,8.585006078367E-01,1.342560963073E+01
3,0.4690,5.363392930394E+01,8.442176198818E-01,1.339698359740E+01
3,0.4700,5.335407265505E+01,8.299954105990E-01,1.336847937698E+01
3,0.4710,5.309314266981E+01,8.187857561508E-01,1.334009619359E+01
3,0.4720,5.283304902109E+01,8.076236002383E-01,1.331183327792E+01
3,0.4730,5.257377651796E+01,7.965086416024E-01,1.328368986719E+01
3,0.4740,5.231533337890E+01,7.854405815261E-01,1.325566520502E+01
3,0.4750,5.205770569005E+01,7.744191238081E-01,1.322775854143E+01
3,0.4760,5.180088101197E+01,7.634439747359E-01,1.319996913273E+01
3,0.4770,5.154486407029E+01,7.525148430602E-01,1.317229624147E+01
3,0.4780,5.128963715903E+01,7.416314399690E-01,1.314473913636E+01
3,0.4790,5.103520744090E+01,7.307934790619E-01,1.311729709223E+01
3,0.4800,5.078154319411E+01,7.200006763252E-01,1.308996938996E+01
3,0.4810,5.054203926307E+01,7.108320372249E-01,1.306275531638E+01
3,0.4820,5.030328160478E+01,7.017014422703E-01,1.303565416427E+01
3,0.4830,5.006524649393E+01,6.926086551623E-01,1.300866523226E+01
3,0.4840,4.982794817276E+01,6.835534415547E-01,1.298178782475E+01
3,0.4850,4.959135886877E+01,6.745355690342E-01,1.295502125192E+01
3,0.4860,4.935549105809E+01,6.655548071001E-01,1.292836482959E+01
3,0.4870,4.912031739982E+01,6.566109271453E-01,1.290181787922E+01
3,0.4880,4.888585202590E+01,6.477037024362E-01,1.287537972783E+01
3,0.4890,4.865208153406E+01,6.388329080940E-01,1.284904970793E+01
3,0.4900,4.841899929736E+01,6.299983210756E-01,1.282282715751E+01
3,0.4910,4.820573862000E+01,6.223603818808E-01,1.279671141992E+01
3,0.4920,4.799311908103E+01,6.147534912194E-01,1.277070184386E+01
3,0.4930,4.778113360478E+01,6.071774601550E-01,1.274479778333E+01
3,0.4940,4.756978166696E+01,5.996321012811E-01,1.271899859753E+01
3,0.4950,4.735904868032E+01,5.921172287057E-01,1.269330365087E+01
3,0.4960,4.714893572599E+01,5.846326580358E-01,1.266771231286E+01
3,0.4970,4.693942786375E+01,5.771782063626E-01,1.264222395811E+01
3,0.4980,4.673053868661E+01,5.697536922463E-01,1.261683796622E+01
3,0.4990,4.652224357693E+01,5.623589357017E-01,1.259155372180E+01
3,0.5000,4.631454641621E+01,5.549937581832E-01,1.256637061436E+01
3,0.5010,4.611181689865E+01,5.478686762100E-01,1.254128803828E+01
3,0.5020,4.590966744237E+01,5.407719810176E-01,1.251630539279E+01
3,0.5030,4.570808968455E+01,5.337035033011E-01,1.249142208187E+01
3,0.5040,4.550708581944E+01,5.266630750993E-01,1.246663751425E+01
3,0.5050,4.530664125617E+01,5.196505297815E-01,1.244195110333E+01
3,0.5060,4.510675390702E+01,5.126657020341E-01,1.241736226715E+01
3,0.5070,4.490743297047E+01,5.057084278479E-01,1.239287042836E+01
3,0.5080,4.470865015371E+01,4.987785445049E-01,1.236847501413E+01
3,0.5090,4.451040986762E+01,4.918758905661E-01,1.234417545615E+01
3,0.5100,4.431271386867E+01,4.850003058583E-01,1.231997119055E+01
3,0.5110,4.412278599649E+01,4.804214475246E-01,1.229586165789E+01
3,0.5120,4.393337873628E+01,4.758604753562E-01,1.227184630309E+01
3,0.5130,4.374448358959E+01,4.713172847558E-01,1.224792457540E+01
3,0.5140,4.355609258301E+01,4.667917719397E-01,1.222409592836E+01
3,0.5150,4.336821601001E+01,4.622838339308E-01,1.220035981977E+01
3,0.5160,4.318084300899E+01,4.577933685497E-01,1.217671571159E+01
3,0.5170,4.299394917396E+01,4.533202744081E-01,1.215316306998E+01
3,0.5180,4.280755673005E+01,4.488644509002E-01,1.212970136521E+01
3,0.5190,4.262164484632E+01,4.444257981958E-01,1.210633007164E+01
3,0.5200,4.243622973952E+01,4.400042172326E-01,1.208304866765E+01
3,0.5210,4.225990385638E+01,4.351714847982E-01,1.205985663566E+01
3,0.5220,4.208404205357E+01,4.303572685800E-01,1.203675346203E+01
3,0.5230,4.190864141162E+01,4.255614623665E-01,1.201373863705E+01
3,0.5240,4.173368598012E+01,4.207839607569E-01,1.199081165492E+01
3,0.5250,4.155918789466E+01,4.160246591534E-01,1.196797201368E+01
3,0.5260,4.138513105639E+01,4.112834537537E-01,1.194521921517E+01
3,0.5270,4.121152635731E+01,4.065602415434E-01,1.192255276505E+01
3,0.5280,4.103835639980E+01,4.018549202884E-01,1.189997217269E+01
3,0.5290,4.086561788706E+01,3.971673885278E-01,1.187747695119E+01
3,0.5300,4.069330674854E+01,3.924975455662E-01,1.185506661732E+01
3,0.5310,4.052570746135E+01,3.884298288572E-01,1.183274069149E+01
3,0.5320,4.035853579968E+01,3.843774043163E-01,1.181049869771E+01
3,0.5330,4.019176180324E+01,3.803401858712E-01,1.178834016356E+01
3,0.5340,4.002540857769E+01,3.763180880945E-01,1.176626462019E+01
3,0.5350,3.985945908989E+01,3.723110261973E-01,1.174427160220E+01
3,0.5360,3.969389865203E+01,3.683189160236E-01,1.172236064772E+01
3,0.5370,3.952875507362E+01,3.643416740442E-01,1.170053129829E+01
3,0.5380,3.936400424275E+01,3.603792173510E-01,1.167878309885E+01
3,0.5390,3.919963776434E+01,3.564314636510E-01,1.165711559774E+01
3,0.5400,3.903566581009E+01,3.524983312611E-01,1.163552834663E+01
3,0.5410,3.887775794917E+01,3.491441805176E-01,1.161402090052E+01
3,0.5420,3.872021526464E+01,3.458024067141E-01,1.159259281767E+01
3,0.5430,3.856304797170E+01,3.424729414697E-01,1.157124365963E+01
3,0.5440,3.840624989008E+01,3.391557169064E-01,1.154997299114E+01
3,0.5450,3.824981398213E+01,3.358506656442E-01,1.152878038015E+01
3,0.5460,3.809374945370E+01,3.325577207969E-01,1.150766539776E+01
3,0.5470,3.793803387649E+01,3.292768159674E-01,1.148662761824E+01
3,0.5480,3.778267479291E+01,3.260078852430E-01,1.146566661894E+01
3,0.5490,3.762767010179E+01,3.227508631916E-01,1.144478198029E+01
3,0.5500,3.747300109958E+01,3.195056848567E-01,1.142397328578E+01
3,0.5510,3.732291945336E+01,3.164057036630E-01,1.140324012192E+01
3,0.5520,3.717317411768E+01,3.133169542852E-01,1.138258207822E+01
3,0.5530,3.702376954725E+01,3.102393757912E-01,1.136199874716E+01
3,0.5540,3.687468767208E+01,3.071729076889E-01,1.134148972415E+01
3,0.5550,3.672594076811E+01,3.041174899221E-01,1.132105460753E+01
3,0.5560,3.657751842094E+01,3.010730628667E-01,1.130069299852E+01
3,0.5570,3.642941778087E+01,2.980395673267E-01,1.128040450122E+01
3,0.5580,3.628163450762E+01,2.950169445307E-01,1.126018872254E+01
3,0.5590,3.613416230270E+01,2.920051361274E-01,1.124004527224E+01
3,0.5600,3.598701897985E+01,2.890040841827E-01,1.121997376282E+01
3,0.5610,3.584298905300E+01,2.866666896486E-01,1.119997380959E+01
3,0.5620,3.569926189118E+01,2.843376132444E-01,1.118004503057E+01
3,0.5630,3.555584205907E+01,2.820168106464E-01,1.116018704650E+01
3,0.5640,3.541272111109E+01,2.797042378447E-01,1.114039948081E+01
3,0.5650,3.526990060231E+01,2.773998511415E-01,1.112068195961E+01
3,0.5660,3.512736920138E+01,2.751036071475E-01,1.110103411162E+01
3,0.5670,3.498512079667E+01,2.728154627795E-01,1.108145556822E+01
3,0.5680,3.484316675554E+01,2.705353752579E-01,1.106194596334E+01
3,0.5690,3.470149822154E+01,2.682633021037E-01,1.104250493353E+01
3,0.5700,3.456011198985E+01,2.659992011361E-01,1.102313211786E+01
3,0.5710,3.442321150986E+01,2.637650381238E-01,1.100382715793E+01
3,0.5720,3.428658894891E+01,2.615386868703E-01,1.098458969787E+01
3,0.5730,3.415023579581E+01,2.593201064764E-01,1.096541938426E+01
3,0.5740,3.401415212215E+01,2.571092563277E-01,1.094631586617E+01
3,0.5750,3.387833250574E+01,2.549060960926E-01,1.092727879509E+01
3,0.5760,3.374277301726E+01,2.527105857194E-01,1.090830782496E+01
3,0.5770,3.360748637042E+01,2.505226854341E-01,1.088940261210E+01
3,0.5780,3.347244585409E+01,2.483423557381E-01,1.087056281519E+01
3,0.5790,3.333766250770E+01,2.461695574055E-01,1.085178809530E+01
3,0.5800,3.320313190339E+01,2.440042514809E-01,1.083307811583E+01
3,0.5810,3.307164540903E+01,2.420237559709E-01,1.081443254248E+01
3,0.5820,3.294042227268E+01,2.400500662874E-01,1.079585104326E+01
3,0.5830,3.280943108988E+01,2.380831474090E-01,1.077733328847E+01
3,0.5840,3.267869438518E+01,2.361229645541E-01,1.075887895065E+01
3,0.5850,3.254819178507E+01,2.341694831791E-01,1.074048770458E+01
3,0.5860,3.241791825837E+01,2.322226689760E-01,1.072215922727E+01
3,0.5870,3.228788218511E+01,2.302824878708E-01,1.070389319792E+01
3,0.5880,3.215808247419E+01,2.283489060209E-01,1.068568929792E+01
3,0.5890,3.202850985939E+01,2.264218898141E-01,1.066754721083E+01
3,0.5900,3.189916196856E+01,2.245014058655E-01,1.064946662234E+01
3,0.5910,3.177282655526E+01,2.229021118543E-01,1.063144722027E+01
3,0.5920,3.164671783921E+01,2.213082208635E-01,1.061348869456E+01
3,0.5930,3.152083062401E+01,2.197197055589E-01,1.059559073723E+01
3,0.5940,3.139515283566E+01,2.181365387908E-01,1.057775304239E+01
3,0.5950,3.126969536987E+01,2.165586935916E-01,1.055997530618E+01
3,0.5960,3.114444291712E+01,2.149861431749E-01,1.054225722681E+01
3,0.5970,3.101941196976E+01,2.134188609339E-01,1.052459850449E+01
3,0.5980,3.089456808377E+01,2.118568204394E-01,1.050699884144E+01
3,0.5990,3.076994570123E+01,2.102999954392E-01,1.048945794187E+01
3,0.6000,3.064551524922E+01,2.087483598555E-01,1.047197551197E+01
3,0.6010,3.052268157553E+01,2.068453875867E-01,1.045455125987E+01
3,0.6020,3.040004337891E+01,2.049487374849E-01,1.043718489565E+01
3,0.6030,3.027760605276E+01,2.030583780965E-01,1.041987613131E+01
3,0.6040,3.015535054416E+01,2.011742781763E-01,1.040262468076E+01
3,0.6050,3.003329200745E+01,1.992964066856E-01,1.038543025980E+01
3,0.6060,2.991142151745E+01,1.974247327905E-01,1.036829258610E+01
3,0.6070,2.978973600185E+01,1.955592258606E-01,1.035121137921E+01
3,0.6080,2.966822988610E+01,1.936998554665E-01,1.033418636049E+01
3,0.6090,2.954690968165E+01,1.918465913792E-01,1.031721725317E+01
3,0.6100,2.942575567091E+01,1.899994035676E-01,1.030030378226E+01
3,0.6110,2.930758666282E+01,1.885788551254E-01,1.028344567460E+01
3,0.6120,2.918959075955E+01,1.871629489983E-01,1.026664265879E+01
3,0.6130,2.907176398375E+01,1.857516624670E-01,1.024989446522E+01
3,0.6140,2.895410782587E+01,1.843449729604E-01,1.023320082603E+01
3,0.6150,2.883661042480E+01,1.829428580537E-01,1.021656147509E+01
3,0.6160,2.871928791746E+01,1.815452954681E-01,1.019997614802E+01
3,0.6170,2.860212106518E+01,1.801522630692E-01,1.018344458214E+01
3,0.6180,2.848511845580E+01,1.787637388658E-01,1.016696651647E+01
3,0.6190,2.836826594911E+01,1.773797010088E-01,1.015054169173E+01
3,0.6200,2.825157534818E+01,1.760001277900E-01,1.013416985029E+01
3,0.6210,2.813642843965E+01,1.747828361126E-01,1.011785073620E+01
3,0.6220,2.802144545763E+01,1.735694585564E-01,1.010158409514E+01
3,0.6230,2.790661283845E+01,1.723599762732E-01,1.008536967445E+01
3,0.6240,2.779192054673E+01,1.711543705359E-01,1.006920722304E+01
3,0.6250,2.767737355088E+01,1.699526227368E-01,1.005309649149E+01
3,0.6260,2.756297838976E+01,1.687547143877E-01,1.003703723192E+01
3,0.6270,2.744872496839E+01,1.675606271177E-01,1.002102919805E+01
3,0.6280,2.733459702273E+01,1.663703426735E-01,1.000507214519E+01
3,0.6290,2.722061423652E+01,1.651838429175E-01,9.989165830174E+00
3,0.6300,2.710676346725E+01,1.640011098274E-01,9.973310011396E+00
3,0.6310,2.699446222506E+01,1.627335037055E-01,9.957504448779E+00
3,0.6320,2.688228155601E+01,1.614699089954E-01,9.941748903765E+00
3,0.6330,2.677023524397E+01,1.602103066856E-01,9.926043139304E+00
3,0.6340,2.665830897939E+01,1.589546778847E-01,9.910386919842E+00
3,0.6350,2.654651748961E+01,1.577030038202E-01,9.894780011306E+00
3,0.6360,2.643484128014E+01,1.564552658376E-01,9.879222181100E+00
3,0.6370,2.632329537428E+01,1.552114453998E-01,9.863713198084E+00
3,0.6380,2.621185711317E+01,1.539715240855E-01,9.848252832570E+00
3,0.6390,2.610053858851E+01,1.527354835892E-01,9.832840856306E+00
3,0.6400,2.598933221363E+01,1.515033057194E-01,9.817477042468E+00
3,0.6410,2.587964934936E+01,1.502857547756E-01,9.802161165647E+00
3,0.6420,2.577007912006E+01,1.490719968254E-01,9.786893001837E+00
3,0.6430,2.566061723178E+01,1.478620141721E-01,9.771672328429E+00
3,0.6440,2.555126419566E+01,1.466557892289E-01,9.756498924192E+00
3,0.6450,2.544202074265E+01,1.454533045181E-01,9.741372569271E+00
3,0.6460,2.533287034553E+01,1.442545426701E-01,9.726293045170E+00
3,0.6470,2.522381621860E+01,1.430594864230E-01,9.711260134744E+00
3,0.6480,2.511487560409E+01,1.418681186210E-01,9.696273622191E+00
3,0.6490,2.500601619219E+01,1.406804222144E-01,9.681333293035E+00
3,0.6500,2.489726470406E+01,1.394963802583E-01,9.666438934122E+00
3,0.6510,2.479000773462E+01,1.383816067262E-01,9.651590333609E+00
3,0.6520,2.468285757133E+01,1.372702527448E-01,9.636787280950E+00
3,0.6530,2.457578644973E+01,1.361623026040E-01,9.622029566891E+00
3,0.6540,2.446880682947E+01,1.350577406900E-01,9.607316983455E+00
3,0.6550,2.436190876091E+01,1.339565514841E-01,9.592649323938E+00
3,0.6560,2.425509939582E+01,1.328587195624E-01,9.578026382896E+00
3,0.6570,2.414836690957E+01,1.317642295948E-01,9.563447956133E+00
3,0.6580,2.404171058989E+01,1.306730663444E-01,9.548913840698E+00
3,0.6590,2.393513265732E+01,1.295852146669E-01,9.534423834870E+00
3,0.6600,2.382862599128E+01,1.285006595096E-01,9.519977738151E+00
3,0.6610,2.372362959074E+01,1.275885851522E-01,9.505575351255E+00
3,0.6620,2.361869240130E+01,1.266792663065E-01,9.491216476102E+00
3,0.6630,2.351383094546E+01,1.257726905041E-01,9.476900915806E+00
3,0.6640,2.340903685385E+01,1.248688453517E-01,9.462628474668E+00
3,0.6650,2.330430999278E+01,1.239677185306E-01,9.448398958165E+00
3,0.6660,2.319964688595E+01,1.230692977960E-01,9.434212172942E+00
3,0.6670,2.309504125757E+01,1.221735709767E-01,9.420067926806E+00
3,0.6680,2.299049290775E+01,1.212805259742E-01,9.405966028712E+00
3,0.6690,2.288600103737E+01,1.203901507625E-01,9.391906288759E+00
3,0.6700,2.278156621675E+01,1.195024333871E-01,9.377888518178E+00
3,0.6710,2.267718734510E+01,1.185396414913E-01,9.363912529329E+00
3,0.6720,2.257285289984E+01,1.175797150475E-01,9.349978135684E+00
3,0.6730,2.246856672993E+01,1.166226412826E-01,9.336085151827E+00
3,0.6740,2.236432424497E+01,1.156684074991E-01,9.322233393442E+00
3,0.6750,2.226013061902E+01,1.147170010751E-01,9.308422677303E+00
3,0.6760,2.215596881527E+01,1.137684094629E-01,9.294652821272E+00
3,0.6770,2.205186003977E+01,1.128226201894E-01,9.280923644283E+00
3,0.6780,2.194777719755E+01,1.118796208547E-01,9.267234966342E+00
3,0.6790,2.184372430321E+01,1.109393991321E-01,9.253586608512E+00
3,0.6800,2.173970915803E+01,1.100019427676E-01,9.239978392911E+00
3,0.6810,2.163718003237E+01,1.091908734748E-01,9.226410142701E+00
3,0.6820,2.153468561716E+01,1.083821826843E-01,9.212881682082E+00
3,0.6830,2.143220933781E+01,1.075758599489E-01,9.199392836281E+00
3,0.6840,2.132976808007E+01,1.067718948823E-01,9.185943431549E+00
3,0.6850,2.122734969725E+01,1.059702771589E-01,9.172533295153E+00
3,0.6860,2.112494877915E+01,1.051709965134E-01,9.159162255364E+00
3,0.6870,2.102257101784E+01,1.043740427403E-01,9.145830141455E+00
3,0.6880,2.092020669890E+01,1.035794056933E-01,9.132536783691E+00
3,0.6890,2.081785317039E+01,1.027870752850E-01,9.119282013323E+00
3,0.6900,2.071551562549E+01,1.019970414865E-01,9.106065662579E+00
3,0.6910,2.061613547413E+01,1.012374822786E-01,9.092887564659E+00
3,0.6920,2.051677328836E+01,1.004801183286E-01,9.079747553728E+00
3,0.6930,2.041742634099E+01,9.972494013304E-02,9.066645464906E+00
3,0.6940,2.031808430906E+01,9.897193824355E-02,9.053581134265E+00
3,0.6950,2.021875054759E+01,9.822110326597E-02,9.040554398820E+00
3,0.6960,2.011942453892E+01,9.747242586017E-02,9.027565096522E+00
3,0.6970,2.002010021360E+01,9.672589673961E-02,9.014613066255E+00
3,0.6980,1.992077919230E+01,9.598150667096E-02,9.001698147822E+00
3,0.6990,1.982145304388E+01,9.523924647376E-02,8.988820181945E+00
3,0.7000,1.972212543596E+01,9.449910701998E-02,8.975979010257E+00
3,0.7010,1.962130780076E+01,9.394213535809E-02,8.963174475292E+00
3,0.7020,1.952047415549E+01,9.338675051004E-02,8.950406420484E+00
3,0.7030,1.941961744721E+01,9.283294570424E-02,8.937674690156E+00
3,0.7040,1.931875240717E+01,9.228071420755E-02,8.924979129516E+00
3,0.7050,1.921787121708E+01,9.173004932503E-02,8.912319584652E+00
3,0.7060,1.911695750035E+01,9.118094439968E-02,8.899695902521E+00
3,0.7070,1.901603506459E+01,9.063339281218E-02,8.887107930947E+00
3,0.7080,1.891508478958E+01,9.008738798057E-02,8.874555518615E+00
3,0.7090,1.881410197167E+01,8.954292336005E-02,8.862038515063E+00
3,0.7100,1.871308201073E+01,8.899999244268E-02,8.849556770675E+00
3,0.7110,1.861506702686E+01,8.849367208440E-02,8.837110136680E+00
3,0.7120,1.851703829678E+01,8.798877397431E-02,8.824698465140E+00
3,0.7130,1.841896105706E+01,8.748529212820E-02,8.812321608948E+00
3,0.7140,1.832086567398E+01,8.698322059539E-02,8.799979421820E+00
3,0.7150,1.822273866928E+01,8.648255345848E-02,8.787671758293E+00
3,0.7160,1.812457637416E+01,8.598328483312E-02,8.775398473715E+00
3,0.7170,1.802637275480E+01,8.548540886780E-02,8.763159424239E+00
3,0.7180,1.792813187642E+01,8.498891974362E-02,8.750954466824E+00
3,0.7190,1.782985127154E+01,8.449381167402E-02,8.738783459221E+00
3,0.7200,1.773152677341E+01,8.400007890461E-02,8.726646259972E+00
3,0.7210,1.763315788867E+01,8.329133361698E-02,8.714542728404E+00
3,0.7220,1.753473409626E+01,8.258455161270E-02,8.702472724625E+00
3,0.7230,1.743626894789E+01,8.187972474535E-02,8.690436109515E+00
3,0.7240,1.733775197724E+01,8.117684491356E-02,8.678432744723E+00
3,0.7250,1.723917779196E+01,8.047590406061E-02,8.666462492661E+00
3,0.7260,1.714054097720E+01,7.977689417419E-02,8.654525216501E+00
3,0.7270,1.704185938500E+01,7.907980728609E-02,8.642620780164E+00
3,0.7280,1.694310167526E+01,7.838463547186E-02,8.630749048324E+00
3,0.7290,1.684429606008E+01,7.769137085053E-02,8.618909886392E+00
3,0.7300,1.674541558255E+01,7.700000558433E-02,8.607103160520E+00
3,0.7310,1.664804475435E+01,7.639261726781E-02,8.595328737592E+00
3,0.7320,1.655060868768E+01,7.578688848221E-02,8.583586485218E+00
3,0.7330,1.645311097403E+01,7.518281243545E-02,8.571876271732E+00
3,0.7340,1.635555130409E+01,7.458038237247E-02,8.560197966185E+00
3,0.7350,1.625791127473E+01,7.397959157496E-02,8.548551438340E+00
3,0.7360,1.616021445097E+01,7.338043336115E-02,8.536936558668E+00
3,0.7370,1.606243927693E+01,7.278290108550E-02,8.525353198344E+00
3,0.7380,1.596458723467E+01,7.218698813851E-02,8.513801229241E+00
3,0.7390,1.586667400771E+01,7.159268794645E-02,8.502280523924E+00
3,0.7400,1.576867664657E+01,7.099999397113E-02,8.490790955648E+00
3,0.7410,1.567061136720E+01,7.044332579918E-02,8.479332398353E+00
3,0.7420,1.557246321164E+01,6.988815808052E-02,8.467904726657E+00
3,0.7430,1.547423760689E+01,6.933448475680E-02,8.456507815854E+00
3,0.7440,1.537593227184E+01,6.878229980222E-02,8.445141541908E+00
3,0.7450,1.527753612551E+01,6.823159722337E-02,8.433805781449E+00
3,0.7460,1.517907358787E+01,6.768237105893E-02,8.422500411769E+00
3,0.7470,1.508052167602E+01,6.713461537954E-02,8.411225310816E+00
3,0.7480,1.498189071819E+01,6.658832428753E-02,8.399980357192E+00
3,0.7490,1.488316653464E+01,6.604349191673E-02,8.388765430146E+00
3,0.7500,1.478437124458E+01,6.550011243224E-02,8.377580409573E+00
3,0.7510,1.468712281983E+01,6.489292191390E-02,8.366425176005E+00
3,0.7520,1.458978779163E+01,6.428734626396E-02,8.355299610611E+00
3,0.7530,1.449238866923E+01,6.368337904869E-02,8.344203595192E+00
3,0.7540,1.439490406280E+01,6.308101386846E-02,8.333137012175E+00
3,0.7550,1.429734533268E+01,6.248024435759E-02,8.322099744609E+00
3,0.7560,1.419972044278E+01,6.188106418404E-02,8.311091676163E+00
3,0.7570,1.410203241681E+01,6.128346704927E-02,8.300112691122E+00
3,0.7580,1.400427584261E+01,6.068744668793E-02,8.289162674379E+00
3,0.7590,1.390644649308E+01,6.009299686774E-02,8.278241511436E+00
3,0.7600,1.380855572368E+01,5.950011138917E-02,8.267349088394E+00
3,0.7610,1.371060245317E+01,5.904476839808E-02,8.256485291957E+00
3,0.7620,1.361259693056E+01,5.859062053295E-02,8.245650009422E+00
3,0.7630,1.351453545702E+01,5.813766309473E-02,8.234843128676E+00
3,0.7640,1.341640908712E+01,5.768589140896E-02,8.224064538193E+00
3,0.7650,1.331825210739E+01,5.723530082564E-02,8.213314127032E+00
3,0.7660,1.322004977741E+01,5.678588671903E-02,8.202591784830E+00
3,0.7670,1.312181088832E+01,5.633764448755E-02,8.191897401799E+00
3,0.7680,1.302354511660E+01,5.589056955354E-02,8.181230868723E+00
3,0.7690,1.292525085495E+01,5.544465736318E-02,8.170592076957E+00
3,0.7700,1.282695636994E+01,5.499990338630E-02,8.159980918415E+00
3,0.7710,1.273032645566E+01,5.464586499241E-02,8.149397285577E+00
3,0.7720,1.263370845639E+01,5.429274379642E-02,8.138841071476E+00
3,0.7730,1.253710828639E+01,5.394053623872E-02,8.128312169702E+00
3,0.7740,1.244054271988E+01,5.358923877807E-02,8.117810474392E+00
3,0.7750,1.234400308022E+01,5.323884789151E-02,8.107335880232E+00
3,0.7760,1.224753406881E+01,5.288936007425E-02,8.096888282448E+00
3,0.7770,1.215112725068E+01,5.254077183952E-02,8.086467576808E+00
3,0.7780,1.205479872298E+01,5.219307971851E-02,8.076073659614E+00
3,0.7790,1.195857751862E+01,5.184628026020E-02,8.065706427702E+00
3,0.7800,1.186247672235E+01,5.150037003127E-02,8.055365778435E+00
3,0.7810,1.176651434485E+01,5.098446871980E-02,8.045051609705E+00
3,0.7820,1.167071205822E+01,5.046988684902E-02,8.034763819923E+00
3,0.7830,1.157508527127E+01,4.995661936360E-02,8.024502308020E+00
3,0.7840,1.147968106265E+01,4.944466123402E-02,8.014266973443E+00
3,0.7850,1.138449624825E+01,4.893400745635E-02,8.004057716152E+00
3,0.7860,1.128958062074E+01,4.842465305217E-02,7.993874436615E+00
3,0.7870,1.119495889485E+01,4.791659306833E-02,7.983717035806E+00
3,0.7880,1.110066912749E+01,4.740982257684E-02,7.973585415203E+00
3,0.7890,1.100673635790E+01,4.690433667467E-02,7.963479476780E+00
3,0.7900,1.091319707321E+01,4.640013048365E-02,7.953399123012E+00
3,0.7910,1.082011188925E+01,4.600570523281E-02,7.943344256864E+00
3,0.7920,1.072749447740E+01,4.561227600532E-02,7.933314781792E+00
3,0.7930,1.063540891687E+01,4.521983903314E-02,7.923310601740E+00
3,0.7940,1.054390070781E+01,4.482839056719E-02,7.913331621133E+00
3,0.7950,1.045301847607E+01,4.443792687725E-02,7.903377744880E+00
3,0.7960,1.036279856232E+01,4.404844425186E-02,7.893448878366E+00
3,0.7970,1.027333229572E+01,4.365993899817E-02,7.883544927452E+00
3,0.7980,1.018463656249E+01,4.327240744187E-02,7.873665798471E+00
3,0.7990,1.009679836401E+01,4.288584592700E-02,7.863811398222E+00
3,0.8000,1.000986714814E+01,4.250025081593E-02,7.853981633974E+00
3,0.8010,9.925415972776E+00,4.212103097087E-02,7.844176413458E+00
3,0.8020,9.841950564543E+00,4.174275681122E-02,7.834395644862E+00
3,0.8030,9.759554350885E+00,4.136542480389E-02,7.824639236836E+00
3,0.8040,9.678280551588E+00,4.098903143340E-02,7.814907098482E+00
3,0.8050,9.598212452931E+00,4.061357320171E-02,7.805199139354E+00
3,0.8060,9.519384275792E+00,4.023904662817E-02,7.795515269454E+00
3,0.8070,9.441889093296E+00,3.986544824936E-02,7.785855399231E+00
3,0.8080,9.365763113720E+00,3.949277461901E-02,7.776219439579E+00
3,0.8090,9.291088775460E+00,3.912102230790E-02,7.766607301829E+00
3,0.8100,9.217910805400E+00,3.875018790372E-02,7.757018897753E+00
3,0.8110,9.146279778808E+00,3.840637693148E-02,7.747454139556E+00
3,0.8120,9.076256121830E+00,3.806341278429E-02,7.737912939876E+00
3,0.8130,9.007877861074E+00,3.772129233734E-02,7.728395211783E+00
3,0.8140,8.941195396977E+00,3.738001248116E-02,7.718900868771E+00
3,0.8150,8.876237518879E+00,3.703957012157E-02,7.709429824760E+00
3,0.8160,8.813039842488E+00,3.669996217952E-02,7.699981994093E+00
3,0.8170,8.751612192744E+00,3.636118559107E-02,7.690557291529E+00
3,0.8180,8.691977275431E+00,3.602323730723E-02,7.681155632249E+00
3,0.8190,8.634153695959E+00,3.568611429393E-02,7.671776931843E+00
3,0.8200,8.578126811161E+00,3.534981353188E-02,7.662421106317E+00
3,0.8210,8.523902867930E+00,3.504655151729E-02,7.653088072082E+00
3,0.8220,8.471469285158E+00,3.474402736649E-02,7.643777745961E+00
3,0.8230,8.420799555894E+00,3.444223838981E-02,7.634490045176E+00
3,0.8240,8.371876928851E+00,3.414118191064E-02,7.625224887354E+00
3,0.8250,8.324670778577E+00,3.384085526536E-02,7.615982190521E+00
3,0.8260,8.279144354932E+00,3.354125580324E-02,7.606761873099E+00
3,0.8270,8.235264456078E+00,3.324238088638E-02,7.597563853905E+00
3,0.8280,8.192992495435E+00,3.294422788960E-02,7.588388052149E+00
3,0.8290,8.152276666076E+00,3.264679420042E-02,7.579234387430E+00
3,0.8300,8.113057693947E+00,3.235007721892E-02,7.570102779734E+00
3,0.8310,8.075300219196E+00,3.206201340052E-02,7.560993149434E+00
3,0.8320,8.038940608602E+00,3.177464204322E-02,7.551905417283E+00
3,0.8330,8.003944054166E+00,3.148796065316E-02,7.542839504417E+00
3,0.8340,7.970229911302E+00,3.120196674846E-02,7.533795332350E+00
3,0.8350,7.937767198059E+00,3.091665785909E-02,7.524772822970E+00
3,0.8360,7.906483970096E+00,3.063203152688E-02,7.515771898540E+00
3,0.8370,7.876345993122E+00,3.034808530538E-02,7.506792481696E+00
3,0.8380,7.847295254114E+00,3.006481675982E-02,7.497834495441E+00
3,0.8390,7.819269170331E+00,2.978222346705E-02,7.488897863146E+00
3,0.8400,7.792233211354E+00,2.950030301546E-02,7.479982508547E+00
3,0.8410,7.766475620792E+00,2.921725994369E-02,7.471088355743E+00
3,0.8420,7.741572783937E+00,2.893488918325E-02,7.462215329192E+00
3,0.8430,7.717495868131E+00,2.865318834158E-02,7.453363353712E+00
3,0.8440,7.694188371511E+00,2.837215503745E-02,7.444532354478E+00
3,0.8450,7.671619955392E+00,2.809178690090E-02,7.435722257017E+00
3,0.8460,7.649761529850E+00,2.781208157318E-02,7.426932987210E+00
3,0.8470,7.628568669521E+00,2.753303670669E-02,7.418164471286E+00
3,0.8480,7.608011074563E+00,2.725464996489E-02,7.409416635825E+00
3,0.8490,7.588059582404E+00,2.697691902224E-02,7.400689407750E+00
3,0.8500,7.568681714854E+00,2.669984156416E-02,7.391982714329E+00
3,0.8510,7.549848492654E+00,2.642193862764E-02,7.383296483172E+00
3,0.8520,7.531537144813E+00,2.614468804544E-02,7.374630642230E+00
3,0.8530,7.513718852049E+00,2.586808752323E-02,7.365985119788E+00
3,0.8540,7.496370370011E+00,2.559213477741E-02,7.357359844473E+00
3,0.8550,7.479471624185E+00,2.531682753509E-02,7.348754745239E+00
3,0.8560,7.462997661703E+00,2.504216353399E-02,7.340169751378E+00
3,0.8570,7.446936858747E+00,2.476814052239E-02,7.331604792508E+00
3,0.8580,7.431253168592E+00,2.449475625907E-02,7.323059798578E+00
3,0.8590,7.415946883235E+00,2.422200851324E-02,7.314534699860E+00
3,0.8600,7.400993518708E+00,2.394989506449E-02,7.306029426953E+00
3,0.8610,7.386495691081E+00,2.370738495207E-02,7.297543910778E+00
3,0.8620,7.372319953611E+00,2.346543750811E-02,7.289078082575E+00
3,0.8630,7.358436011275E+00,2.322405077666E-02,7.280631873904E+00
3,0.8640,7.344841450877E+00,2.298322281078E-02,7.272205216643E+00
3,0.8650,7.331513005637E+00,2.274295167258E-02,7.263798042982E+00
3,0.8660,7.318452985258E+00,2.250323543307E-02,7.255410285427E+00
3,0.8670,7.305636497154E+00,2.226407217221E-02,7.247041876793E+00
3,0.8680,7.293063142049E+00,2.202545997876E-02,7.238692750207E+00
3,0.8690,7.280724069674E+00,2.178739695032E-02,7.230362839102E+00
3,0.8700,7.268614310675E+00,2.154988119321E-02,7.222052077218E+00
3,0.8710,7.256631916999E+00,2.130742836455E-02,7.213760398599E+00
3,0.8720,7.244873636164E+00,2.106553162036E-02,7.205487737591E+00
3,0.8730,7.233322152586E+00,2.082418904969E-02,7.197234028843E+00
3,0.8740,7.221964865399E+00,2.058339875036E-02,7.188999207299E+00
3,0.8750,7.210802595111E+00,2.034315882885E-02,7.180783208205E+00
3,0.8760,7.199836744273E+00,2.010346740031E-02,7.172585967100E+00
3,0.8770,7.189039393746E+00,1.986432258848E-02,7.164407419817E+00
3,0.8780,7.178420217766E+00,1.962572252566E-02,7.156247502482E+00
3,0.8790,7.167977724317E+00,1.938766535262E-02,7.148106151513E+00
3,0.8800,7.157691756950E+00,1.915014921862E-02,7.139983303613E+00
3,0.8810,7.147622230759E+00,1.894811848788E-02,7.131878895777E+00
3,0.8820,7.137691504094E+00,1.874654587671E-02,7.123792865283E+00
3,0.8830,7.127911560521E+00,1.854542982864E-02,7.115725149694E+00
3,0.8840,7.118280785221E+00,1.834476879426E-02,7.107675686855E+00
3,0.8850,7.108780390085E+00,1.814456123114E-02,7.099644414892E+00
3,0.8860,7.099423944658E+00,1.794480560383E-02,7.091631272212E+00
3,0.8870,7.090192921567E+00,1.774550038380E-02,7.083636197497E+00
3,0.8880,7.081095775724E+00,1.754664404939E-02,7.075659129707E+00
3,0.8890,7.072128405711E+00,1.734823508582E-02,7.067700008076E+00
3,0.8900,7.063290044368E+00,1.715027198509E-02,7.059758772112E+00
3,0.8910,7.054571141210E+00,1.694824007135E-02,7.051835361593E+00
3,0.8920,7.045975178391E+00,1.674666114395E-02,7.043929716569E+00
3,0.8930,7.037498064084E+00,1.654553368113E-02,7.036041777357E+00
3,0.8940,7.029147921748E+00,1.634485616788E-02,7.028171484541E+00
3,0.8950,7.020906952328E+00,1.614462709600E-02,7.020318778972E+00
3,0.8960,7.012778703765E+00,1.594484496402E-02,7.012483601763E+00
3,0.8970,7.004770215905E+00,1.574550827714E-02,7.004665894292E+00
3,0.8980,6.996874254998E+00,1.554661554725E-02,6.996865598196E+00
4,0.4000,8.176253485512E+01,4.649557127313E+00,1.570796326795E+01
4,0.4010,8.105215179119E+01,4.529847561859E+00,1.566879128972E+01
4,0.4020,8.034457977936E+01,4.410733566383E+00,1.562981419696E+01
4,0.4030,7.963979692117E+01,4.292210707361E+00,1.559103053891E+01
4,0.4040,7.893776838948E+01,4.174274595166E+00,1.555243887916E+01
4,0.4050,7.823845000002E+01,4.056920883525E+00,1.551403779551E+01
4,0.4060,7.754183551365E+01,3.940145268985E+00,1.547582587975E+01
4,0.4070,7.684786926657E+01,3.823943490389E+00,1.543780173754E+01
4,0.4080,7.615652780698E+01,3.708311328355E+00,1.539996398819E+01
4,0.4090,7.546775992988E+01,3.593244604766E+00,1.536231126450E+01
4,0.4100,7.478156803492E+01,3.478739182268E+00,1.532484221263E+01
4,0.4110,7.421713671434E+01,3.392308563657E+00,1.528755549192E+01
4,0.4120,7.365488574937E+01,3.306297511157E+00,1.525044977471E+01
4,0.4130,7.309478639205E+01,3.220702977070E+00,1.521352374620E+01
4,0.4140,7.253683017871E+01,3.135521943148E+00,1.517677610430E+01
4,0.4150,7.198097178575E+01,3.050751420233E+00,1.514020555947E+01
4,0.4160,7.142720813257E+01,2.966388447909E+00,1.510381083457E+01
4,0.4170,7.087549671428E+01,2.882430094157E+00,1.506759066470E+01
4,0.4180,7.032584173204E+01,2.798873455016E+00,1.503154379708E+01
4,0.4190,6.977819616950E+01,2.715715654249E+00,1.499566899088E+01
4,0.4200,6.923255808719E+01,2.632953843009E+00,1.495996501709E+01
4,0.4210,6.875587497267E+01,2.569986959374E+00,1.492443065838E+01
4,0.4220,6.828096587798E+01,2.507318496988E+00,1.488906470896E+01
4,0.4230,6.780782029279E+01,2.444946339389E+00,1.485386597442E+01
4,0.4240,6.733642236972E+01,2.382868390081E+00,1.481883327165E+01
4,0.4250,6.686674797958E+01,2.321082572299E+00,1.478396542866E+01
4,0.4260,6.639878442720E+01,2.259586828779E+00,1.474926128446E+01
4,0.4270,6.593250098629E+01,2.198379121528E+00,1.471471968895E+01
4,0.4280,6.546789869773E+01,2.137457431601E+00,1.468033950276E+01
4,0.4290,6.500494846733E+01,2.076819758877E+00,1.464611959716E+01
4,0.4300,6.454363839179E+01,2.016464121839E+00,1.461205885391E+01
4,0.4310,6.413716733957E+01,1.966593266679E+00,1.457815616515E+01
4,0.4320,6.373218290079E+01,1.916953295107E+00,1.454441043329E+01
4,0.4330,6.332864861797E+01,1.867542607469E+00,1.451082057085E+01
4,0.4340,6.292655647539E+01,1.818359618852E+00,1.447738550041E+01
4,0.4350,6.252589473964E+01,1.769402758918E+00,1.444410415444E+01
4,0.4360,6.212664048314E+01,1.720670471737E+00,1.441097547518E+01
4,0.4370,6.172878570627E+01,1.672161215618E+00,1.437799841460E+01
4,0.4380,6.133232552129E+01,1.623873462951E+00,1.434517193420E+01
4,0.4390,6.093724073877E+01,1.575805700047E+00,1.431249500496E+01
4,0.4400,6.054350665724E+01,1.527956426973E+00,1.427996660723E+01
4,0.4410,6.017661675963E+01,1.495002020225E+00,1.424758573057E+01
4,0.4420,5.981100636235E+01,1.462196728440E+00,1.421535137371E+01
4,0.4430,5.944664357103E+01,1.429539541810E+00,1.418326254442E+01
4,0.4440,5.908354160612E+01,1.397029459624E+00,1.415131825941E+01
4,0.4450,5.872166022111E+01,1.364665490167E+00,1.411951754422E+01
4,0.4460,5.836100799948E+01,1.332446650618E+00,1.408785943314E+01
4,0.4470,5.800157463291E+01,1.300371966950E+00,1.405634296908E+01
4,0.4480,5.764334431561E+01,1.268440473834E+00,1.402496720353E+01
4,0.4490,5.728629464199E+01,1.236651214541E+00,1.399373119639E+01
4,0.4500,5.693042264758E+01,1.205003240845E+00,1.396263401595E+01
4,0.4510,5.660250551092E+01,1.181543941427E+00,1.393167473876E+01
4,0.4520,5.627568101561E+01,1.158188444218E+00,1.390085244951E+01
4,0.4530,5.594993197835E+01,1.134936061787E+00,1.387016624101E+01
4,0.4540,5.562526436946E+01,1.111786112760E+00,1.383961521405E+01
4,0.4550,5.530166375184E+01,1.088737921749E+00,1.380919847732E+01
4,0.4560,5.497912151863E+01,1.065790819296E+00,1.377891514732E+01
4,0.4570,5.465761452216E+01,1.042944141799E+00,1.374876434831E+01
4,0.4580,5.433715016023E+01,1.020197231453E+00,1.371874521218E+01
4,0.4590,5.401770868284E+01,9.975494361844E-01,1.368885687839E+01
4,0.4600,5.369928719406E+01,9.750001095908E-01,1.365909849387E+01
4,0.4610,5.340368347630E+01,9.602165502576E-01,1.362946921297E+01
4,0.4620,5.310904246996E+01,9.454969890168E-01,1.359996819736E+01
4,0.4630,5.281532716705E+01,9.308410111938E-01,1.357059461594E+01
4,0.4640,5.252255859252E+01,9.162482056890E-01,1.354134764478E+01
4,0.4650,5.223072341250E+01,9.017181649391E-01,1.351222646705E+01
4,0.4660,5.193978771916E+01,8.872504848791E-01,1.348323027292E+01
4,0.4670,5.164976253335E+01,8.728447649050E-01,1.345435825949E+01
4,0.4680,5.136065282818E+01,8.585006078367E-01,1.342560963073E+01
4,0.4690,5.107241607808E+01,8.442176198818E-01,1.339698359740E+01
4,0.4700,5.078506969174E+01,8.299954105990E-01,1.336847937698E+01
4,0.4710,5.051712599184E+01,8.187857561508E-01,1.334009619359E+01
4,0.4720,5.025000332900E+01,8.076236002383E-01,1.331183327792E+01
4,0.4730,4.998370102955E+01,7.965086416024E-01,1.328368986719E+01
4,0.4740,4.971821799861E+01,7.854405815261E-01,1.325566520502E+01
4,0.4750,4.945354829667E+01,7.744191238081E-01,1.322775854143E+01
4,0.4760,4.918967477535E+01,7.634439747359E-01,1.319996913273E+01
4,0.4770,4.892659464636E+01,7.525148430602E-01,1.317229624147E+01
4,0.4780,4.866432115017E+01,7.416314399690E-01,1.314473913636E+01
4,0.4790,4.840280411202E+01,7.307934790619E-01,1.311729709223E+01
4,0.4800,4.814206426817E+01,7.200006763252E-01,1.308996938996E+01
4,0.4810,4.789585008151E+01,7.108320372249E-01,1.306275531638E+01
4,0.4820,4.765038120963E+01,7.017014422703E-01,1.303565416427E+01
4,0.4830,4.740562957193E+01,6.926086551623E-01,1.300866523226E+01
4,0.4840,4.716160534830E+01,6.835534415547E-01,1.298178782475E+01
4,0.4850,4.691829066413E+01,6.745355690342E-01,1.295502125192E+01
4,0.4860,4.667569396766E+01,6.655548071001E-01,1.292836482959E+01
4,0.4870,4.643378576830E+01,6.566109271453E-01,1.290181787922E+01
4,0.4880,4.619257385647E+01,6.477037024362E-01,1.287537972783E+01
4,0.4890,4.595206454797E+01,6.388329080940E-01,1.284904970793E+01
4,0.4900,4.571222922070E+01,6.299983210756E-01,1.282282715751E+01
4,0.4910,4.549277405150E+01,6.223603818808E-01,1.279671141992E+01
4,0.4920,4.527396230581E+01,6.147534912194E-01,1.277070184386E+01
4,0.4930,4.505577999324E+01,6.071774601550E-01,1.274479778333E+01
4,0.4940,4.483823502060E+01,5.996321012811E-01,1.271899859753E+01
4,0.4950,4.462129849741E+01,5.921172287057E-01,1.269330365087E+01
4,0.4960,4.440498924237E+01,5.846326580358E-01,1.266771231286E+01
4,0.4970,4.418927668801E+01,5.771782063626E-01,1.264222395811E+01
4,0.4980,4.397417835701E+01,5.697536922463E-01,1.261683796622E+01
4,0.4990,4.375968718749E+01,5.623589357017E-01,1.259155372180E+01
4,0.5000,4.354579076105E+01,5.549937581832E-01,1.256637061436E+01
4,0.5010,4.333697914899E+01,5.478686762100E-01,1.254128803828E+01
4,0.5020,4.312876165364E+01,5.407719810176E-01,1.251630539279E+01
4,0.5030,4.292110561303E+01,5.337035033011E-01,1.249142208187E+01
4,0.5040,4.271403208416E+01,5.266630750993E-01,1.246663751425E+01
4,0.5050,4.250751300307E+01,5.196505297815E-01,1.244195110333E+01
4,0.5060,4.230155205740E+01,5.126657020341E-01,1.241736226715E+01
4,0.5070,4.209613884702E+01,5.057084278479E-01,1.239287042836E+01
4,0.5080,4.189127938448E+01,4.987785445049E-01,1.236847501413E+01
4,0.5090,4.168696231551E+01,4.918758905661E-01,1.234417545615E+01
4,0.5100,4.148318397095E+01,4.850003058583E-01,1.231997119055E+01
4,0.5110,4.128741287093E+01,4.804214475246E-01,1.229586165789E+01
4,0.5120,4.109214485003E+01,4.758604753562E-01,1.227184630309E+01
4,0.5130,4.089740429406E+01,4.713172847558E-01,1.224792457540E+01
4,0.5140,4.070316377509E+01,4.667917719397E-01,1.222409592836E+01
4,0.5150,4.050942471725E+01,4.622838339308E-01,1.220035981977E+01
4,0.5160,4.031619293989E+01,4.577933685497E-01,1.217671571159E+01
4,0.5170,4.012345632190E+01,4.533202744081E-01,1.215316306998E+01
4,0.5180,3.993121521161E+01,4.488644509002E-01,1.212970136521E+01
4,0.5190,3.973946350289E+01,4.444257981958E-01,1.210633007164E+01
4,0.5200,3.954819603399E+01,4.400042172326E-01,1.208304866765E+01
4,0.5210,3.936630327663E+01,4.351714847982E-01,1.205985663566E+01
4,0.5220,3.918487939710E+01,4.303572685800E-01,1.203675346203E+01
4,0.5230,3.900389711506E+01,4.255614623665E-01,1.201373863705E+01
4,0.5240,3.882338552198E+01,4.207839607569E-01,1.199081165492E+01
4,0.5250,3.864333274901E+01,4.160246591534E-01,1.196797201368E+01
4,0.5260,3.846371112371E+01,4.112834537537E-01,1.194521921517E+01
4,0.5270,3.828455090026E+01,4.065602415434E-01,1.192255276505E+01
4,0.5280,3.810581946254E+01,4.018549202884E-01,1.189997217269E+01
4,0.5290,3.792752441849E+01,3.971673885278E-01,1.187747695119E+01
4,0.5300,3.774967111407E+01,3.924975455662E-01,1.185506661732E+01
4,0.5310,3.757666465961E+01,3.884298288572E-01,1.183274069149E+01
4,0.5320,3.740406818366E+01,3.843774043163E-01,1.181049869771E+01
4,0.5330,3.723189538976E+01,3.803401858712E-01,1.178834016356E+01
4,0.5340,3.706014076713E+01,3.763180880945E-01,1.176626462019E+01
4,0.5350,3.688879520728E+01,3.723110261973E-01,1.174427160220E+01
4,0.5360,3.671784338171E+01,3.683189160236E-01,1.172236064772E+01
4,0.5370,3.654730463791E+01,3.643416740442E-01,1.170053129829E+01
4,0.5380,3.637716651695E+01,3.603792173510E-01,1.167878309885E+01
4,0.5390,3.620741504011E+01,3.564314636510E-01,1.165711559774E+01
4,0.5400,3.603804972018E+01,3.524983312611E-01,1.163552834663E+01
4,0.5410,3.587494762621E+01,3.491441805176E-01,1.161402090052E+01
4,0.5420,3.571222720542E+01,3.458024067141E-01,1.159259281767E+01
4,0.5430,3.554987054420E+01,3.424729414697E-01,1.157124365963E+01
4,0.5440,3.538789581169E+01,3.391557169064E-01,1.154997299114E+01
4,0.5450,3.522628947112E+01,3.358506656442E-01,1.152878038015E+01
4,0.5460,3.506505100494E+01,3.325577207969E-01,1.150766539776E+01
4,0.5470,3.490416225465E+01,3.292768159674E-01,1.148662761824E+01
4,0.5480,3.474363464302E+01,3.260078852430E-01,1.146566661894E+01
4,0.5490,3.458347156753E+01,3.227508631916E-01,1.144478198029E+01
4,0.5500,3.442364920530E+01,3.195056848567E-01,1.142397328578E+01
4,0.5510,3.426856780428E+01,3.164057036630E-01,1.140324012192E+01
4,0.5520,3.411381375215E+01,3.133169542852E-01,1.138258207822E+01
4,0.5530,3.395941094527E+01,3.102393757912E-01,1.136199874716E+01
4,0.5540,3.380533513873E+01,3.071729076889E-01,1.134148972415E+01
4,0.5550,3.365160724156E+01,3.041174899221E-01,1.132105460753E+01
4,0.5560,3.349819834271E+01,3.010730628667E-01,1.130069299852E+01
4,0.5570,3.334511150402E+01,2.980395673267E-01,1.128040450122E+01
4,0.5580,3.319235771223E+01,2.950169445307E-01,1.126018872254E+01
4,0.5590,3.303991654980E+01,2.920051361274E-01,1.124004527224E+01
4,0.5600,3.288779912088E+01,2.890040841827E-01,1.121997376282E+01
4,0.5610,3.273891400404E+01,2.866666896486E-01,1.119997380959E+01
4,0.5620,3.259033393039E+01,2.843376132444E-01,1.118004503057E+01
4,0.5630,3.244205601865E+01,2.820168106464E-01,1.116018704650E+01
4,0.5640,3.229407902330E+01,2.797042378447E-01,1.114039948081E+01
4,0.5650,3.214641251839E+01,2.773998511415E-01,1.112068195961E+01
4,0.5660,3.199903989714E+01,2.751036071475E-01,1.110103411162E+01
4,0.5670,3.185196169661E+01,2.728154627795E-01,1.108145556822E+01
4,0.5680,3.170519328751E+01,2.705353752579E-01,1.106194596334E+01
4,0.5690,3.155869547587E+01,2.682633021037E-01,1.104250493353E+01
4,0.5700,3.141249987009E+01,2.659992011361E-01,1.102313211786E+01
4,0.5710,3.127093063315E+01,2.637650381238E-01,1.100382715793E+01
4,0.5720,3.112964946384E+01,2.615386868703E-01,1.098458969787E+01
4,0.5730,3.098863681632E+01,2.593201064764E-01,1.096541938426E+01
4,0.5740,3.084790479212E+01,2.571092563277E-01,1.094631586617E+01
4,0.5750,3.070744202095E+01,2.549060960926E-01,1.092727879509E+01
4,0.5760,3.056725559939E+01,2.527105857194E-01,1.090830782496E+01
4,0.5770,3.042732633996E+01,2.505226854341E-01,1.088940261210E+01
4,0.5780,3.028766107761E+01,2.483423557381E-01,1.087056281519E+01
4,0.5790,3.014827141651E+01,2.461695574055E-01,1.085178809530E+01
4,0.5800,3.000911955146E+01,2.440042514809E-01,1.083307811583E+01
4,0.5810,2.987313620472E+01,2.420237559709E-01,1.081443254248E+01
4,0.5820,2.973739985990E+01,2.400500662874E-01,1.079585104326E+01
4,0.5830,2.960191994533E+01,2.380831474090E-01,1.077733328847E+01
4,0.5840,2.946668723575E+01,2.361229645541E-01,1.075887895065E+01
4,0.5850,2.933170477880E+01,2.341694831791E-01,1.074048770458E+01
4,0.5860,2.919694824592E+01,2.322226689760E-01,1.072215922727E+01
4,0.5870,2.906244707749E+01,2.302824878708E-01,1.070389319792E+01
4,0.5880,2.892818300709E+01,2.283489060209E-01,1.068568929792E+01
4,0.5890,2.879414630385E+01,2.264218898141E-01,1.066754721083E+01
4,0.5900,2.866034567139E+01,2.245014058655E-01,1.064946662234E+01
4,0.5910,2.852966716471E+01,2.229021118543E-01,1.063144722027E+01
4,0.5920,2.839922450198E+01,2.213082208635E-01,1.061348869456E+01
4,0.5930,2.826899493396E+01,2.197197055589E-01,1.059559073723E+01
4,0.5940,2.813900751930E+01,2.181365387908E-01,1.057775304239E+01
4,0.5950,2.800922730398E+01,2.165586935916E-01,1.055997530618E+01
4,0.5960,2.787966746230E+01,2.149861431749E-01,1.054225722681E+01
4,0.5970,2.775032224760E+01,2.134188609339E-01,1.052459850449E+01
4,0.5980,2.762119383989E+01,2.118568204394E-01,1.050699884144E+01
4,0.5990,2.749226850816E+01,2.102999954392E-01,1.048945794187E+01
4,0.6000,2.736355837812E+01,2.087483598555E-01,1.047197551197E+01
4,0.6010,2.723649672501E+01,2.068453875867E-01,1.045455125987E+01
4,0.6020,2.710964556107E+01,2.049487374849E-01,1.043718489565E+01
4,0.6030,2.698300238287E+01,2.030583780965E-01,1.041987613131E+01
4,0.6040,2.685653423702E+01,2.011742781763E-01,1.040262468076E+01
4,0.6050,2.673028720661E+01,1.992964066856E-01,1.038543025980E+01
4,0.6060,2.660423066726E+01,1.974247327905E-01,1.036829258610E+01
4,0.6070,2.647835558054E+01,1.955592258606E-01,1.035121137921E+01
4,0.6080,2.635268144235E+01,1.936998554665E-01,1.033418636049E+01
4,0.6090,2.622719550727E+01,1.918465913792E-01,1.031721725317E+01
4,0.6100,2.610189111192E+01,1.899994035676E-01,1.030030378226E+01
4,0.6110,2.597967103852E+01,1.885788551254E-01,1.028344567460E+01
4,0.6120,2.585762499166E+01,1.871629489983E-01,1.026664265879E+01
4,0.6130,2.573576530044E+01,1.857516624670E-01,1.024989446522E+01
4,0.6140,2.561408393534E+01,1.843449729604E-01,1.023320082603E+01
4,0.6150,2.549258137715E+01,1.829428580537E-01,1.021656147509E+01
4,0.6160,2.537124394661E+01,1.815452954681E-01,1.019997614802E+01
4,0.6170,2.525008236919E+01,1.801522630692E-01,1.018344458214E+01
4,0.6180,2.512908328655E+01,1.787637388658E-01,1.016696651647E+01
4,0.6190,2.500825287107E+01,1.773797010088E-01,1.015054169173E+01
4,0.6200,2.488758152153E+01,1.760001277900E-01,1.013416985029E+01
4,0.6210,2.476853560085E+01,1.747828361126E-01,1.011785073620E+01
4,0.6220,2.464964591251E+01,1.735694585564E-01,1.010158409514E+01
4,0.6230,2.453090749147E+01,1.723599762732E-01,1.008536967445E+01
4,0.6240,2.441232832442E+01,1.711543705359E-01,1.006920722304E+01
4,0.6250,2.429391153971E+01,1.699526227368E-01,1.005309649149E+01
4,0.6260,2.417564494167E+01,1.687547143877E-01,1.003703723192E+01
4,0.6270,2.405751792633E+01,1.675606271177E-01,1.002102919805E+01
4,0.6280,2.393955459783E+01,1.663703426735E-01,1.000507214519E+01
4,0.6290,2.382172432471E+01,1.651838429175E-01,9.989165830174E+00
4,0.6300,2.370404588130E+01,1.640011098274E-01,9.973310011396E+00
4,0.6310,2.358796693832E+01,1.627335037055E-01,9.957504448779E+00
4,0.6320,2.347201613660E+01,1.614699089954E-01,9.941748903765E+00
4,0.6330,2.335621512377E+01,1.602103066856E-01,9.926043139304E+00
4,0.6340,2.324054198193E+01,1.589546778847E-01,9.910386919842E+00
4,0.6350,2.312502029902E+01,1.577030038202E-01,9.894780011306E+00
4,0.6360,2.300961315687E+01,1.564552658376E-01,9.879222181100E+00
4,0.6370,2.289434681175E+01,1.552114453998E-01,9.863713198084E+00
4,0.6380,2.277920828928E+01,1.539715240855E-01,9.848252832570E+00
4,0.6390,2.266418788355E+01,1.527354835892E-01,9.832840856306E+00
4,0.6400,2.254930320372E+01,1.515033057194E-01,9.817477042468E+00
4,0.6410,2.243599089035E+01,1.502857547756E-01,9.802161165647E+00
4,0.6420,2.232280655929E+01,1.490719968254E-01,9.786893001837E+00
4,0.6430,2.220974372509E+01,1.478620141721E-01,9.771672328429E+00
4,0.6440,2.209678791470E+01,1.466557892289E-01,9.756498924192E+00
4,0.6450,2.198395270854E+01,1.454533045181E-01,9.741372569271E+00
4,0.6460,2.187123564765E+01,1.442545426701E-01,9.726293045170E+00
4,0.6470,2.175862180053E+01,1.430594864230E-01,9.711260134744E+00
4,0.6480,2.164611140861E+01,1.418681186210E-01,9.696273622191E+00
4,0.6490,2.153372178096E+01,1.406804222144E-01,9.681333293035E+00
4,0.6500,2.142143265527E+01,1.394963802583E-01,9.666438934122E+00
4,0.6510,2.131070942347E+01,1.383816067262E-01,9.651590333609E+00
4,0.6520,2.120009065615E+01,1.372702527448E-01,9.636787280950E+00
4,0.6530,2.108957794545E+01,1.361623026040E-01,9.622029566891E+00
4,0.6540,2.097916114215E+01,1.350577406900E-01,9.607316983455E+00
4,0.6550,2.086883875199E+01,1.339565514841E-01,9.592649323938E+00
4,0.6560,2.075861418975E+01,1.328587195624E-01,9.578026382896E+00
4,0.6570,2.064847545771E+01,1.317642295948E-01,9.563447956133E+00
4,0.6580,2.053843168933E+01,1.306730663444E-01,9.548913840698E+00
4,0.6590,2.042846772527E+01,1.295852146669E-01,9.534423834870E+00
4,0.6600,2.031860314783E+01,1.285006595096E-01,9.519977738151E+00
4,0.6610,2.021028924097E+01,1.275885851522E-01,9.505575351255E+00
4,0.6620,2.010207310056E+01,1.266792663065E-01,9.491216476102E+00
4,0.6630,1.999391943466E+01,1.257726905041E-01,9.476900915806E+00
4,0.6640,1.988585636023E+01,1.248688453517E-01,9.462628474668E+00
4,0.6650,1.977787994470E+01,1.239677185306E-01,9.448398958165E+00
4,0.6660,1.966997186663E+01,1.230692977960E-01,9.434212172942E+00
4,0.6670,1.956213185457E+01,1.221735709767E-01,9.420067926806E+00
4,0.6680,1.945436913840E+01,1.212805259742E-01,9.405966028712E+00
4,0.6690,1.934667434535E+01,1.203901507625E-01,9.391906288759E+00
4,0.6700,1.923905223192E+01,1.195024333871E-01,9.377888518178E+00
4,0.6710,1.913148338094E+01,1.185396414913E-01,9.363912529329E+00
4,0.6720,1.902399001875E+01,1.175797150475E-01,9.349978135684E+00
4,0.6730,1.891656128237E+01,1.166226412826E-01,9.336085151827E+00
4,0.6740,1.880918669680E+01,1.156684074991E-01,9.322233393442E+00
4,0.6750,1.870185929905E+01,1.147170010751E-01,9.308422677303E+00
4,0.6760,1.859460106246E+01,1.137684094629E-01,9.294652821272E+00
4,0.6770,1.848739548837E+01,1.128226201894E-01,9.280923644283E+00
4,0.6780,1.838023721627E+01,1.118796208547E-01,9.267234966342E+00
4,0.6790,1.827312412111E+01,1.109393991321E-01,9.253586608512E+00
4,0.6800,1.816607118037E+01,1.100019427676E-01,9.239978392911E+00
4,0.6810,1.806055313613E+01,1.091908734748E-01,9.226410142701E+00
4,0.6820,1.795508441290E+01,1.083821826843E-01,9.212881682082E+00
4,0.6830,1.784966101718E+01,1.075758599489E-01,9.199392836281E+00
4,0.6840,1.774428032395E+01,1.067718948823E-01,9.185943431549E+00
4,0.6850,1.763893932839E+01,1.059702771589E-01,9.172533295153E+00
4,0.6860,1.753363826949E+01,1.051709965134E-01,9.159162255364E+00
4,0.6870,1.742836936903E+01,1.043740427403E-01,9.145830141455E+00
4,0.6880,1.732313705975E+01,1.035794056933E-01,9.132536783691E+00
4,0.6890,1.721793573048E+01,1.027870752850E-01,9.119282013323E+00
4,0.6900,1.711276562755E+01,1.019970414865E-01,9.106065662579E+00
4,0.6910,1.701065508012E+01,1.012374822786E-01,9.092887564659E+00
4,0.6920,1.690858448640E+01,1.004801183286E-01,9.079747553728E+00
4,0.6930,1.680653518945E+01,9.972494013304E-02,9.066645464906E+00
4,0.6940,1.670451965240E+01,9.897193824355E-02,9.053581134265E+00
4,0.6950,1.660253329216E+01,9.822110326597E-02,9.040554398820E+00
4,0.6960,1.650057003406E+01,9.747242586017E-02,9.027565096522E+00
4,0.6970,1.639863652614E+01,9.672589673961E-02,9.014613066255E+00
4,0.6980,1.629671292643E+01,9.598150667096E-02,9.001698147822E+00
4,0.6990,1.619481144192E+01,9.523924647376E-02,8.988820181945E+00
4,0.7000,1.609293459401E+01,9.449910701998E-02,8.975979010257E+00
4,0.7010,1.598952608056E+01,9.394213535809E-02,8.963174475292E+00
4,0.7020,1.588612406133E+01,9.338675051004E-02,8.950406420484E+00
4,0.7030,1.578273923112E+01,9.283294570424E-02,8.937674690156E+00
4,0.7040,1.567935931489E+01,9.228071420755E-02,8.924979129516E+00
4,0.7050,1.557598870349E+01,9.173004932503E-02,8.912319584652E+00
4,0.7060,1.547261674716E+01,9.118094439968E-02,8.899695902521E+00
4,0.7070,1.536923973361E+01,9.063339281218E-02,8.887107930947E+00
4,0.7080,1.526586689448E+01,9.008738798057E-02,8.874555518615E+00
4,0.7090,1.516249092574E+01,8.954292336005E-02,8.862038515063E+00
4,0.7100,1.505910640191E+01,8.899999244268E-02,8.849556770675E+00
4,0.7110,1.495883240235E+01,8.849367208440E-02,8.837110136680E+00
4,0.7120,1.485855565735E+01,8.798877397431E-02,8.824698465140E+00
4,0.7130,1.475827729543E+01,8.748529212820E-02,8.812321608948E+00
4,0.7140,1.465800225272E+01,8.698322059539E-02,8.799979421820E+00
4,0.7150,1.455771076839E+01,8.648255345848E-02,8.787671758293E+00
4,0.7160,1.445742648968E+01,8.598328483312E-02,8.775398473715E+00
4,0.7170,1.435712506579E+01,8.548540886780E-02,8.763159424239E+00
4,0.7180,1.425681875258E+01,8.498891974362E-02,8.750954466824E+00
4,0.7190,1.415650231124E+01,8.449381167402E-02,8.738783459221E+00
4,0.7200,1.405617661045E+01,8.400007890461E-02,8.726646259972E+00
4,0.7210,1.395583118035E+01,8.329133361698E-02,8.714542728404E+00
4,0.7220,1.385547413032E+01,8.258455161270E-02,8.702472724625E+00
4,0.7230,1.375510939140E+01,8.187972474535E-02,8.690436109515E+00
4,0.7240,1.365472635698E+01,8.117684491356E-02,8.678432744723E+00
4,0.7250,1.355432585691E+01,8.047590406061E-02,8.666462492661E+00
4,0.7260,1.345389952972E+01,7.977689417419E-02,8.654525216501E+00
4,0.7270,1.335346747534E+01,7.907980728609E-02,8.642620780164E+00
4,0.7280,1.325300695133E+01,7.838463547186E-02,8.630749048324E+00
4,0.7290,1.315254009935E+01,7.769137085053E-02,8.618909886392E+00
4,0.7300,1.305204189745E+01,7.700000558433E-02,8.607103160520E+00
4,0.7310,1.295313342151E+01,7.639261726781E-02,8.595328737592E+00
4,0.7320,1.285420149799E+01,7.578688848221E-02,8.583586485218E+00
4,0.7330,1.275525436583E+01,7.518281243545E-02,8.571876271732E+00
4,0.7340,1.265629810969E+01,7.458038237247E-02,8.560197966185E+00
4,0.7350,1.255733090368E+01,7.397959157496E-02,8.548551438340E+00
4,0.7360,1.245833793369E+01,7.338043336115E-02,8.536936558668E+00
4,0.7370,1.235935166772E+01,7.278290108550E-02,8.525353198344E+00
4,0.7380,1.226033449158E+01,7.218698813851E-02,8.513801229241E+00
4,0.7390,1.216132468446E+01,7.159268794645E-02,8.502280523924E+00
4,0.7400,1.206229393036E+01,7.099999397113E-02,8.490790955648E+00
4,0.7410,1.196326964381E+01,7.044332579918E-02,8.479332398353E+00
4,0.7420,1.186423203978E+01,6.988815808052E-02,8.467904726657E+00
4,0.7430,1.176519688334E+01,6.933448475680E-02,8.456507815854E+00
4,0.7440,1.166616272511E+01,6.878229980222E-02,8.445141541908E+00
4,0.7450,1.156714629248E+01,6.823159722337E-02,8.433805781449E+00
4,0.7460,1.146813640381E+01,6.768237105893E-02,8.422500411769E+00
4,0.7470,1.136914253289E+01,6.713461537954E-02,8.411225310816E+00
4,0.7480,1.127016533406E+01,6.658832428753E-02,8.399980357192E+00
4,0.7490,1.117121457085E+01,6.604349191673E-02,8.388765430146E+00
4,0.7500,1.107231542807E+01,6.550011243224E-02,8.377580409573E+00
4,0.7510,1.097508128670E+01,6.489292191390E-02,8.366425176005E+00
4,0.7520,1.087791152401E+01,6.428734626396E-02,8.355299610611E+00
4,0.7530,1.078079768868E+01,6.368337904869E-02,8.344203595192E+00
4,0.7540,1.068376853167E+01,6.308101386846E-02,8.333137012175E+00
4,0.7550,1.058681817305E+01,6.248024435759E-02,8.322099744609E+00
4,0.7560,1.048997260687E+01,6.188106418404E-02,8.311091676163E+00
4,0.7570,1.039324980373E+01,6.128346704927E-02,8.300112691122E+00
4,0.7580,1.029665885051E+01,6.068744668793E-02,8.289162674379E+00
4,0.7590,1.020022652291E+01,6.009299686774E-02,8.278241511436E+00
4,0.7600,1.010396160514E+01,5.950011138917E-02,8.267349088394E+00
4,0.7610,1.000789723566E+01,5.904476839808E-02,8.256485291957E+00
4,0.7620,9.912053065966E+00,5.859062053295E-02,8.245650009422E+00
4,0.7630,9.816464416985E+00,5.813766309473E-02,8.234843128676E+00
4,0.7640,9.721169706996E+00,5.768589140896E-02,8.224064538193E+00
4,0.7650,9.626203673785E+00,5.723530082564E-02,8.213314127032E+00
4,0.7660,9.531620637367E+00,5.678588671903E-02,8.202591784830E+00
4,0.7670,9.437443094768E+00,5.633764448755E-02,8.191897401799E+00
4,0.7680,9.343758587821E+00,5.589056955354E-02,8.181230868723E+00
4,0.7690,9.250628598606E+00,5.544465736318E-02,8.170592076957E+00
4,0.7700,9.158115577087E+00,5.499990338630E-02,8.159980918415E+00
4,0.7710,9.067886268767E+00,5.464586499241E-02,8.149397285577E+00
4,0.7720,8.978433847995E+00,5.429274379642E-02,8.138841071476E+00
4,0.7730,8.889900879547E+00,5.394053623872E-02,8.128312169702E+00
4,0.7740,8.802406561796E+00,5.358923877807E-02,8.117810474392E+00
4,0.7750,8.716128856304E+00,5.323884789151E-02,8.107335880232E+00
4,0.7760,8.631271089990E+00,5.288936007425E-02,8.096888282448E+00
4,0.7770,8.548059770884E+00,5.254077183952E-02,8.086467576808E+00
4,0.7780,8.466823581109E+00,5.219307971851E-02,8.076073659614E+00
4,0.7790,8.387944445014E+00,5.184628026020E-02,8.065706427702E+00
4,0.7800,8.311931272620E+00,5.150037003127E-02,8.055365778435E+00
4,0.7810,8.239476277782E+00,5.098446871980E-02,8.045051609705E+00
4,0.7820,8.171538129668E+00,5.046988684902E-02,8.034763819923E+00
4,0.7830,8.109558706431E+00,4.995661936360E-02,8.024502308020E+00
4,0.7840,8.055812030185E+00,4.944466123402E-02,8.014266973443E+00
4,0.7850,8.014409112776E+00,4.893400745635E-02,8.004057716152E+00
4,0.4000,8.106491381899E+01,4.649557127313E+00,1.570796326795E+01
4,0.4010,8.034325279514E+01,4.529847561859E+00,1.566879128972E+01
4,0.4020,7.962417029431E+01,4.410733566383E+00,1.562981419696E+01
4,0.4030,7.890764504921E+01,4.292210707361E+00,1.559103053891E+01
4,0.4040,7.819363199942E+01,4.174274595166E+00,1.555243887916E+01
4,0.4050,7.748209211318E+01,4.056920883525E+00,1.551403779551E+01
4,0.4060,7.677298320465E+01,3.940145268985E+00,1.547582587975E+01
4,0.4070,7.606628046907E+01,3.823943490389E+00,1.543780173754E+01
4,0.4080,7.536192454549E+01,3.708311328355E+00,1.539996398819E+01
4,0.4090,7.465989432754E+01,3.593244604766E+00,1.536231126450E+01
4,0.4100,7.396012493854E+01,3.478739182268E+00,1.532484221263E+01
4,0.4110,7.338427221885E+01,3.392308563657E+00,1.528755549192E+01
4,0.4120,7.281041047685E+01,3.306297511157E+00,1.525044977471E+01
4,0.4130,7.223851319198E+01,3.220702977070E+00,1.521352374620E+01
4,0.4140,7.166852718381E+01,3.135521943148E+00,1.517677610430E+01
4,0.4150,7.110046270327E+01,3.050751420233E+00,1.514020555947E+01
4,0.4160,7.053427438701E+01,2.966388447909E+00,1.510381083457E+01
4,0.4170,6.996992365784E+01,2.882430094157E+00,1.506759066470E+01
4,0.4180,6.940740587643E+01,2.798873455016E+00,1.503154379708E+01
4,0.4190,6.884667726122E+01,2.715715654249E+00,1.499566899088E+01
4,0.4200,6.828770324195E+01,2.632953843009E+00,1.495996501709E+01
4,0.4210,6.779914743159E+01,2.569986959374E+00,1.492443065838E+01
4,0.4220,6.731219422763E+01,2.507318496988E+00,1.488906470896E+01
4,0.4230,6.682682285271E+01,2.444946339389E+00,1.485386597442E+01
4,0.4240,6.634299464175E+01,2.382868390081E+00,1.481883327165E+01
4,0.4250,6.586071033009E+01,2.321082572299E+00,1.478396542866E+01
4,0.4260,6.537995443599E+01,2.259586828779E+00,1.474926128446E+01
4,0.4270,6.490067927593E+01,2.198379121528E+00,1.471471968895E+01
4,0.4280,6.442286721769E+01,2.137457431601E+00,1.468033950276E+01
4,0.4290,6.394652006051E+01,2.076819758877E+00,1.464611959716E+01
4,0.4300,6.347158580991E+01,2.016464121839E+00,1.461205885391E+01
4,0.4310,6.305290734176E+01,1.966593266679E+00,1.457815616515E+01
4,0.4320,6.263554196171E+01,1.916953295107E+00,1.454441043329E+01
4,0.4330,6.221945460471E+01,1.867542607469E+00,1.451082057085E+01
4,0.4340,6.180463733456E+01,1.818359618852E+00,1.447738550041E+01
4,0.4350,6.139108800247E+01,1.769402758918E+00,1.444410415444E+01
4,0.4360,6.097877211715E+01,1.720670471737E+00,1.441097547518E+01
4,0.4370,6.056768228060E+01,1.672161215618E+00,1.437799841460E+01
4,0.4380,6.015779562509E+01,1.623873462951E+00,1.434517193420E+01
4,0.4390,5.974909274077E+01,1.575805700047E+00,1.431249500496E+01
4,0.4400,5.934155752615E+01,1.527956426973E+00,1.427996660723E+01
4,0.4410,5.896159626517E+01,1.495002020225E+00,1.424758573057E+01
4,0.4420,5.858272953340E+01,1.462196728440E+00,1.421535137371E+01
4,0.4430,5.820495662551E+01,1.429539541810E+00,1.418326254442E+01
4,0.4440,5.782824890328E+01,1.397029459624E+00,1.415131825941E+01
4,0.4450,5.745261749210E+01,1.364665490167E+00,1.411951754422E+01
4,0.4460,5.707801957795E+01,1.332446650618E+00,1.408785943314E+01
4,0.4470,5.670446363529E+01,1.300371966950E+00,1.405634296908E+01
4,0.4480,5.633192037194E+01,1.268440473834E+00,1.402496720353E+01
4,0.4490,5.596036942389E+01,1.236651214541E+00,1.399373119639E+01
4,0.4500,5.558980640874E+01,1.205003240845E+00,1.396263401595E+01
4,0.4510,5.524812431916E+01,1.181543941427E+00,1.393167473876E+01
4,0.4520,5.490736368287E+01,1.158188444218E+00,1.390085244951E+01
4,0.4530,5.456753076454E+01,1.134936061787E+00,1.387016624101E+01
4,0.4540,5.422860103680E+01,1.111786112760E+00,1.383961521405E+01
4,0.4550,5.389055338440E+01,1.088737921749E+00,1.380919847732E+01
4,0.4560,5.355340092375E+01,1.065790819296E+00,1.377891514732E+01
4,0.4570,5.321710755813E+01,1.042944141799E+00,1.374876434831E+01
4,0.4580,5.288165735832E+01,1.020197231453E+00,1.371874521218E+01
4,0.4590,5.254706185281E+01,9.975494361844E-01,1.368885687839E+01
4,0.4600,5.221328801636E+01,9.750001095908E-01,1.365909849387E+01
4,0.4610,5.190321403517E+01,9.602165502576E-01,1.362946921297E+01
4,0.4620,5.159393210362E+01,9.454969890168E-01,1.359996819736E+01
4,0.4630,5.128542686984E+01,9.308410111938E-01,1.357059461594E+01
4,0.4640,5.097768329963E+01,9.162482056890E-01,1.354134764478E+01
4,0.4650,5.067069315586E+01,9.017181649391E-01,1.351222646705E+01
4,0.4660,5.036444870705E+01,8.872504848791E-01,1.348323027292E+01
4,0.4670,5.005892049862E+01,8.728447649050E-01,1.345435825949E+01
4,0.4680,4.975413185147E+01,8.585006078367E-01,1.342560963073E+01
4,0.4690,4.945004222387E+01,8.442176198818E-01,1.339698359740E+01
4,0.4700,4.914665072071E+01,8.299954105990E-01,1.336847937698E+01
4,0.4710,4.886350933427E+01,8.187857561508E-01,1.334009619359E+01
4,0.4720,4.858103208416E+01,8.076236002383E-01,1.331183327792E+01
4,0.4730,4.829921003765E+01,7.965086416024E-01,1.328368986719E+01
4,0.4740,4.801804117889E+01,7.854405815261E-01,1.325566520502E+01
4,0.4750,4.773750283310E+01,7.744191238081E-01,1.322775854143E+01
4,0.4760,4.745759124098E+01,7.634439747359E-01,1.319996913273E+01
4,0.4770,4.717831290026E+01,7.525148430602E-01,1.317229624147E+01
4,0.4780,4.689961287708E+01,7.416314399690E-01,1.314473913636E+01
4,0.4790,4.662153497976E+01,7.307934790619E-01,1.311729709223E+01
4,0.4800,4.634404782604E+01,7.200006763252E-01,1.308996938996E+01
4,0.4810,4.608176671028E+01,7.108320372249E-01,1.306275531638E+01
4,0.4820,4.582007699070E+01,7.017014422703E-01,1.303565416427E+01
4,0.4830,4.555892972613E+01,6.926086551623E-01,1.300866523226E+01
4,0.4840,4.529834239089E+01,6.835534415547E-01,1.298178782475E+01
4,0.4850,4.503829591351E+01,6.745355690342E-01,1.295502125192E+01
4,0.4860,4.477876776815E+01,6.655548071001E-01,1.292836482959E+01
4,0.4870,4.451976624171E+01,6.566109271453E-01,1.290181787922E+01
4,0.4880,4.426126955179E+01,6.477037024362E-01,1.287537972783E+01
4,0.4890,4.400328908922E+01,6.388329080940E-01,1.284904970793E+01
4,0.4900,4.374580012137E+01,6.299983210756E-01,1.282282715751E+01
4,0.4910,4.350996300823E+01,6.223603818808E-01,1.279671141992E+01
4,0.4920,4.327461038669E+01,6.147534912194E-01,1.277070184386E+01
4,0.4930,4.303973641482E+01,6.071774601550E-01,1.274479778333E+01
4,0.4940,4.280530608034E+01,5.996321012811E-01,1.271899859753E+01
4,0.4950,4.257133829789E+01,5.921172287057E-01,1.269330365087E+01
4,0.4960,4.233782847752E+01,5.846326580358E-01,1.266771231286E+01
4,0.4970,4.210476365832E+01,5.771782063626E-01,1.264222395811E+01
4,0.4980,4.187212380106E+01,5.697536922463E-01,1.261683796622E+01
4,0.4990,4.163990212188E+01,5.623589357017E-01,1.259155372180E+01
4,0.5000,4.140812003320E+01,5.549937581832E-01,1.256637061436E+01
4,0.5010,4.118161927245E+01,5.478686762100E-01,1.254128803828E+01
4,0.5020,4.095553652154E+01,5.407719810176E-01,1.251630539279E+01
4,0.5030,4.072985031845E+01,5.337035033011E-01,1.249142208187E+01
4,0.5040,4.050454531265E+01,5.266630750993E-01,1.246663751425E+01
4,0.5050,4.027962485365E+01,5.196505297815E-01,1.244195110333E+01
4,0.5060,4.005509903626E+01,5.126657020341E-01,1.241736226715E+01
4,0.5070,3.983091350731E+01,5.057084278479E-01,1.239287042836E+01
4,0.5080,3.960709780445E+01,4.987785445049E-01,1.236847501413E+01
4,0.5090,3.938364386792E+01,4.918758905661E-01,1.234417545615E+01
4,0.5100,3.916052053258E+01,4.850003058583E-01,1.231997119055E+01
4,0.5110,3.894592657359E+01,4.804214475246E-01,1.229586165789E+01
4,0.5120,3.873165679967E+01,4.758604753562E-01,1.227184630309E+01
4,0.5130,3.851772621917E+01,4.713172847558E-01,1.224792457540E+01
4,0.5140,3.830411216267E+01,4.667917719397E-01,1.222409592836E+01
4,0.5150,3.809081919338E+01,4.622838339308E-01,1.220035981977E+01
4,0.5160,3.787782554526E+01,4.577933685497E-01,1.217671571159E+01
4,0.5170,3.766514492008E+01,4.533202744081E-01,1.215316306998E+01
4,0.5180,3.745275799891E+01,4.488644509002E-01,1.212970136521E+01
4,0.5190,3.724064225485E+01,4.444257981958E-01,1.210633007164E+01
4,0.5200,3.702881537481E+01,4.400042172326E-01,1.208304866765E+01
4,0.5210,3.682711189225E+01,4.351714847982E-01,1.205985663566E+01
4,0.5220,3.662571001080E+01,4.303572685800E-01,1.203675346203E+01
4,0.5230,3.642455747555E+01,4.255614623665E-01,1.201373863705E+01
4,0.5240,3.622367537607E+01,4.207839607569E-01,1.199081165492E+01
4,0.5250,3.602305490284E+01,4.160246591534E-01,1.196797201368E+01
4,0.5260,3.582268021100E+01,4.112834537537E-01,1.194521921517E+01
4,0.5270,3.562254988378E+01,4.065602415434E-01,1.192255276505E+01
4,0.5280,3.542265866006E+01,4.018549202884E-01,1.189997217269E+01
4,0.5290,3.522299358271E+01,3.971673885278E-01,1.187747695119E+01
4,0.5300,3.502354996974E+01,3.924975455662E-01,1.185506661732E+01
4,0.5310,3.482928536245E+01,3.884298288572E-01,1.183274069149E+01
4,0.5320,3.463523553470E+01,3.843774043163E-01,1.181049869771E+01
4,0.5330,3.444139757213E+01,3.803401858712E-01,1.178834016356E+01
4,0.5340,3.424776825706E+01,3.763180880945E-01,1.176626462019E+01
4,0.5350,3.405434406161E+01,3.723110261973E-01,1.174427160220E+01
4,0.5360,3.386110014436E+01,3.683189160236E-01,1.172236064772E+01
4,0.5370,3.366804048103E+01,3.643416740442E-01,1.170053129829E+01
4,0.5380,3.347514983431E+01,3.603792173510E-01,1.167878309885E+01
4,0.5390,3.328244969958E+01,3.564314636510E-01,1.165711559774E+01
4,0.5400,3.308989292110E+01,3.524983312611E-01,1.163552834663E+01
4,0.5410,3.290418468223E+01,3.491441805176E-01,1.161402090052E+01
4,0.5420,3.271861941780E+01,3.458024067141E-01,1.159259281767E+01
4,0.5430,3.253322219644E+01,3.424729414697E-01,1.157124365963E+01
4,0.5440,3.234797247848E+01,3.391557169064E-01,1.154997299114E+01
4,0.5450,3.216287288863E+01,3.358506656442E-01,1.152878038015E+01
4,0.5460,3.197790979750E+01,3.325577207969E-01,1.150766539776E+01
4,0.5470,3.179306860594E+01,3.292768159674E-01,1.148662761824E+01
4,0.5480,3.160836106402E+01,3.260078852430E-01,1.146566661894E+01
4,0.5490,3.142375572030E+01,3.227508631916E-01,1.144478198029E+01
4,0.5500,3.123926233998E+01,3.195056848567E-01,1.142397328578E+01
4,0.5510,3.105993113515E+01,3.164057036630E-01,1.140324012192E+01
4,0.5520,3.088070169620E+01,3.133169542852E-01,1.138258207822E+01
4,0.5530,3.070157846036E+01,3.102393757912E-01,1.136199874716E+01
4,0.5540,3.052255566136E+01,3.071729076889E-01,1.134148972415E+01
4,0.5550,3.034361791021E+01,3.041174899221E-01,1.132105460753E+01
4,0.5560,3.016476439783E+01,3.010730628667E-01,1.130069299852E+01
4,0.5570,2.998597787874E+01,2.980395673267E-01,1.128040450122E+01
4,0.5580,2.980726825751E+01,2.950169445307E-01,1.126018872254E+01
4,0.5590,2.962862482314E+01,2.920051361274E-01,1.124004527224E+01
4,0.5600,2.945003130818E+01,2.890040841827E-01,1.121997376282E+01
4,0.5610,2.927491174770E+01,2.866666896486E-01,1.119997380959E+01
4,0.5620,2.909983704171E+01,2.843376132444E-01,1.118004503057E+01
4,0.5630,2.892480633630E+01,2.820168106464E-01,1.116018704650E+01
4,0.5640,2.874982470402E+01,2.797042378447E-01,1.114039948081E+01
4,0.5650,2.857485973664E+01,2.773998511415E-01,1.112068195961E+01
4,0.5660,2.839992205941E+01,2.751036071475E-01,1.110103411162E+01
4,0.5670,2.822501603126E+01,2.728154627795E-01,1.108145556822E+01
4,0.5680,2.805010230162E+01,2.705353752579E-01,1.106194596334E+01
4,0.5690,2.787519719199E+01,2.682633021037E-01,1.104250493353E+01
4,0.5700,2.770029306594E+01,2.659992011361E-01,1.102313211786E+01
4,0.5710,2.753058461492E+01,2.637650381238E-01,1.100382715793E+01
4,0.5720,2.736088000976E+01,2.615386868703E-01,1.098458969787E+01
4,0.5730,2.719115831488E+01,2.593201064764E-01,1.096541938426E+01
4,0.5740,2.702142424043E+01,2.571092563277E-01,1.094631586617E+01
4,0.5750,2.685167861182E+01,2.549060960926E-01,1.092727879509E+01
4,0.5760,2.668190068206E+01,2.527105857194E-01,1.090830782496E+01
4,0.5770,2.651207967836E+01,2.505226854341E-01,1.088940261210E+01
4,0.5780,2.634222163685E+01,2.483423557381E-01,1.087056281519E+01
4,0.5790,2.617231632721E+01,2.461695574055E-01,1.085178809530E+01
4,0.5800,2.600234814363E+01,2.440042514809E-01,1.083307811583E+01
4,0.5810,2.583585861867E+01,2.420237559709E-01,1.081443254248E+01
4,0.5820,2.566930205188E+01,2.400500662874E-01,1.079585104326E+01
4,0.5830,2.550270433605E+01,2.380831474090E-01,1.077733328847E+01
4,0.5840,2.533602284563E+01,2.361229645541E-01,1.075887895065E+01
4,0.5850,2.516926823683E+01,2.341694831791E-01,1.074048770458E+01
4,0.5860,2.500243021020E+01,2.322226689760E-01,1.072215922727E+01
4,0.5870,2.483550262297E+01,2.302824878708E-01,1.070389319792E+01
4,0.5880,2.466845583323E+01,2.283489060209E-01,1.068568929792E+01
4,0.5890,2.450131745403E+01,2.264218898141E-01,1.066754721083E+01
4,0.5900,2.433404722714E+01,2.245014058655E-01,1.064946662234E+01
4,0.5910,2.417027237346E+01,2.229021118543E-01,1.063144722027E+01
4,0.5920,2.400637313871E+01,2.213082208635E-01,1.061348869456E+01
4,0.5930,2.384235965469E+01,2.197197055589E-01,1.059559073723E+01
4,0.5940,2.367820117059E+01,2.181365387908E-01,1.057775304239E+01
4,0.5950,2.351391225729E+01,2.165586935916E-01,1.055997530618E+01
4,0.5960,2.334947706496E+01,2.149861431749E-01,1.054225722681E+01
4,0.5970,2.318488141828E+01,2.134188609339E-01,1.052459850449E+01
4,0.5980,2.302012321027E+01,2.118568204394E-01,1.050699884144E+01
4,0.5990,2.285519201218E+01,2.102999954392E-01,1.048945794187E+01
4,0.6000,2.269008734583E+01,2.087483598555E-01,1.047197551197E+01
4,0.6010,2.252664046632E+01,2.068453875867E-01,1.045455125987E+01
4,0.6020,2.236299752395E+01,2.049487374849E-01,1.043718489565E+01
4,0.6030,2.219917949469E+01,2.030583780965E-01,1.041987613131E+01
4,0.6040,2.203514005723E+01,2.011742781763E-01,1.040262468076E+01
4,0.6050,2.187090078905E+01,1.992964066856E-01,1.038543025980E+01
4,0.6060,2.170643300446E+01,1.974247327905E-01,1.036829258610E+01
4,0.6070,2.154175251180E+01,1.955592258606E-01,1.035121137921E+01
4,0.6080,2.137681354317E+01,1.936998554665E-01,1.033418636049E+01
4,0.6090,2.121164973667E+01,1.918465913792E-01,1.031721725317E+01
4,0.6100,2.104621486686E+01,1.899994035676E-01,1.030030378226E+01
4,0.6110,2.088434441361E+01,1.885788551254E-01,1.028344567460E+01
4,0.6120,2.072221390915E+01,1.871629489983E-01,1.026664265879E+01
4,0.6130,2.055983371037E+01,1.857516624670E-01,1.024989446522E+01
4,0.6140,2.039718673037E+01,1.843449729604E-01,1.023320082603E+01
4,0.6150,2.023426811325E+01,1.829428580537E-01,1.021656147509E+01
4,0.6160,2.007108300099E+01,1.815452954681E-01,1.019997614802E+01
4,0.6170,1.990758919335E+01,1.801522630692E-01,1.018344458214E+01
4,0.6180,1.974378177852E+01,1.787637388658E-01,1.016696651647E+01
4,0.6190,1.957967058146E+01,1.773797010088E-01,1.015054169173E+01
4,0.6200,1.941524415173E+01,1.760001277900E-01,1.013416985029E+01
4,0.6210,1.925247295351E+01,1.747828361126E-01,1.011785073620E+01
4,0.6220,1.908938313171E+01,1.735694585564E-01,1.010158409514E+01
4,0.6230,1.892597231607E+01,1.723599762732E-01,1.008536967445E+01
4,0.6240,1.876223709536E+01,1.711543705359E-01,1.006920722304E+01
4,0.6250,1.859816451535E+01,1.699526227368E-01,1.005309649149E+01
4,0.6260,1.843374691929E+01,1.687547143877E-01,1.003703723192E+01
4,0.6270,1.826898853757E+01,1.675606271177E-01,1.002102919805E+01
4,0.6280,1.810388105898E+01,1.663703426735E-01,1.000507214519E+01
4,0.6290,1.793840670638E+01,1.651838429175E-01,9.989165830174E+00
4,0.6300,1.777258297767E+01,1.640011098274E-01,9.973310011396E+00
4,0.6310,1.760842608243E+01,1.627335037055E-01,9.957504448779E+00
4,0.6320,1.744393054714E+01,1.614699089954E-01,9.941748903765E+00
4,0.6330,1.727906954451E+01,1.602103066856E-01,9.926043139304E+00
4,0.6340,1.711385345053E+01,1.589546778847E-01,9.910386919842E+00
4,0.6350,1.694827566072E+01,1.577030038202E-01,9.894780011306E+00
4,0.6360,1.678235272281E+01,1.564552658376E-01,9.879222181100E+00
4,0.6370,1.661607882190E+01,1.552114453998E-01,9.863713198084E+00
4,0.6380,1.644945018781E+01,1.539715240855E-01,9.848252832570E+00
4,0.6390,1.628249534410E+01,1.527354835892E-01,9.832840856306E+00
4,0.6400,1.611521203781E+01,1.515033057194E-01,9.817477042468E+00
4,0.6410,1.594969921227E+01,1.502857547756E-01,9.802161165647E+00
4,0.6420,1.578388880044E+01,1.490719968254E-01,9.786893001837E+00
4,0.6430,1.561779695517E+01,1.478620141721E-01,9.771672328429E+00
4,0.6440,1.545145223385E+01,1.466557892289E-01,9.756498924192E+00
4,0.6450,1.528485565465E+01,1.454533045181E-01,9.741372569271E+00
4,0.6460,1.511804710625E+01,1.442545426701E-01,9.726293045170E+00
4,0.6470,1.495105962752E+01,1.430594864230E-01,9.711260134744E+00
4,0.6480,1.478391369572E+01,1.418681186210E-01,9.696273622191E+00
4,0.6490,1.461666902778E+01,1.406804222144E-01,9.681333293035E+00
4,0.6500,1.444935514477E+01,1.394963802583E-01,9.666438934122E+00
4,0.6510,1.428417773025E+01,1.383816067262E-01,9.651590333609E+00
4,0.6520,1.411905997133E+01,1.372702527448E-01,9.636787280950E+00
4,0.6530,1.395407004925E+01,1.361623026040E-01,9.622029566891E+00
4,0.6540,1.378926365445E+01,1.350577406900E-01,9.607316983455E+00
4,0.6550,1.362475283859E+01,1.339565514841E-01,9.592649323938E+00
4,0.6560,1.346061683861E+01,1.328587195624E-01,9.578026382896E+00
4,0.6570,1.329699053897E+01,1.317642295948E-01,9.563447956133E+00
4,0.6580,1.313396767198E+01,1.306730663444E-01,9.548913840698E+00
4,0.6590,1.297170125617E+01,1.295852146669E-01,9.534423834870E+00
4,0.6600,1.281034709438E+01,1.285006595096E-01,9.519977738151E+00
4,0.6610,1.265215604767E+01,1.275885851522E-01,9.505575351255E+00
4,0.6620,1.249518855966E+01,1.266792663065E-01,9.491216476102E+00
4,0.6630,1.233965913855E+01,1.257726905041E-01,9.476900915806E+00
4,0.6640,1.218577016577E+01,1.248688453517E-01,9.462628474668E+00
4,0.6650,1.203374881616E+01,1.239677185306E-01,9.448398958165E+00
4,0.6660,1.188386955252E+01,1.230692977960E-01,9.434212172942E+00
4,0.6670,1.173637715336E+01,1.221735709767E-01,9.420067926806E+00
4,0.6680,1.159154827054E+01,1.212805259742E-01,9.405966028712E+00
4,0.6690,1.144969091529E+01,1.203901507625E-01,9.391906288759E+00
4,0.6700,1.131108638519E+01,1.195024333871E-01,9.377888518178E+00
4,0.6710,1.117603729670E+01,1.185396414913E-01,9.363912529329E+00
4,0.6720,1.104482704584E+01,1.175797150475E-01,9.349978135684E+00
4,0.6730,1.091774219959E+01,1.166226412826E-01,9.336085151827E+00
4,0.6740,1.079506012325E+01,1.156684074991E-01,9.322233393442E+00
4,0.6750,1.067697238352E+01,1.147170010751E-01,9.308422677303E+00
4,0.6760,1.056369607012E+01,1.137684094629E-01,9.294652821272E+00
4,0.6770,1.045538969324E+01,1.128226201894E-01,9.280923644283E+00
4,0.6780,1.035215450862E+01,1.118796208547E-01,9.267234966342E+00
4,0.6790,1.025404603055E+01,1.109393991321E-01,9.253586608512E+00
4,0.6800,1.016106999671E+01,1.100019427676E-01,9.239978392911E+00
4,0.6810,1.007421790405E+01,1.091908734748E-01,9.226410142701E+00
4,0.6820,9.992210162287E+00,1.083821826843E-01,9.212881682082E+00
4,0.6830,9.914920561459E+00,1.075758599489E-01,9.199392836281E+00
4,0.6840,9.842173466977E+00,1.067718948823E-01,9.185943431549E+00
4,0.6850,9.773769101821E+00,1.059702771589E-01,9.172533295153E+00
4,0.6860,9.709505934492E+00,1.051709965134E-01,9.159162255364E+00
4,0.6870,9.649170530416E+00,1.043740427403E-01,9.145830141455E+00
4,0.6880,9.592493064182E+00,1.035794056933E-01,9.132536783691E+00
4,0.6890,9.539263660257E+00,1.027870752850E-01,9.119282013323E+00
4,0.6900,9.489230034961E+00,1.019970414865E-01,9.106065662579E+00
4,0.6910,9.443130765229E+00,1.012374822786E-01,9.092887564659E+00
4,0.6920,9.399637582072E+00,1.004801183286E-01,9.079747553728E+00
4,0.6930,9.358558268095E+00,9.972494013304E-02,9.066645464906E+00
4,0.6940,9.319696742869E+00,9.897193824355E-02,9.053581134265E+00
4,0.6950,9.282894191809E+00,9.822110326597E-02,9.040554398820E+00
4,0.6960,9.247987349425E+00,9.747242586017E-02,9.027565096522E+00
4,0.6970,9.214826644436E+00,9.672589673961E-02,9.014613066255E+00
4,0.6980,9.183289091744E+00,9.598150667096E-02,9.001698147822E+00
4,0.6990,9.153244452818E+00,9.523924647376E-02,8.988820181945E+00
4,0.7000,9.124574833097E+00,9.449910701998E-02,8.975979010257E+00
4,0.7010,9.096961791976E+00,9.394213535809E-02,8.963174475292E+00
4,0.7020,9.070564402561E+00,9.338675051004E-02,8.950406420484E+00
4,0.7030,9.045278962283E+00,9.283294570424E-02,8.937674690156E+00
4,0.7040,9.021036355089E+00,9.228071420755E-02,8.924979129516E+00
4,0.7050,8.997771124559E+00,9.173004932503E-02,8.912319584652E+00
4,0.7060,8.975389723200E+00,9.118094439968E-02,8.899695902521E+00
4,0.7070,8.953853659220E+00,9.063339281218E-02,8.887107930947E+00
4,0.7080,8.933098905381E+00,9.008738798057E-02,8.874555518615E+00
4,0.7090,8.913080171787E+00,8.954292336005E-02,8.862038515063E+00
4,0.7100,8.893737156422E+00,8.899999244268E-02,8.849556770675E+00
4,0.7110,8.875235050017E+00,8.849367208440E-02,8.837110136680E+00
4,0.7120,8.857309060966E+00,8.798877397431E-02,8.824698465140E+00
4,0.7130,8.839927086756E+00,8.748529212820E-02,8.812321608948E+00
4,0.7140,8.823066698741E+00,8.698322059539E-02,8.799979421820E+00
4,0.7150,8.806703282806E+00,8.648255345848E-02,8.787671758293E+00
4,0.7160,8.790807533092E+00,8.598328483312E-02,8.775398473715E+00
4,0.7170,8.775364422449E+00,8.548540886780E-02,8.763159424239E+00
4,0.7180,8.760366400298E+00,8.498891974362E-02,8.750954466824E+00
4,0.7190,8.745777247762E+00,8.449381167402E-02,8.738783459221E+00
4,0.7200,8.731598461766E+00,8.400007890461E-02,8.726646259972E+00
4,0.7210,8.717823300702E+00,8.329133361698E-02,8.714542728404E+00
4,0.7220,8.704425087910E+00,8.258455161270E-02,8.702472724625E+00
4,0.7230,8.691415321879E+00,8.187972474535E-02,8.690436109515E+00
4,0.7240,8.678765850669E+00,8.117684491356E-02,8.678432744723E+00
4,0.7250,8.666497837320E+00,8.047590406061E-02,8.666462492661E+00
5,0.4000,7.879068270324E+01,4.649557127313E+00,1.570796326795E+01
5,0.4010,7.805596377445E+01,4.529847561859E+00,1.566879128972E+01
5,0.4020,7.732375802791E+01,4.410733566383E+00,1.562981419696E+01
5,0.4030,7.659402606394E+01,4.292210707361E+00,1.559103053891E+01
5,0.4040,7.586671022548E+01,4.174274595166E+00,1.555243887916E+01
5,0.4050,7.514178433161E+01,4.056920883525E+00,1.551403779551E+01
5,0.4060,7.441920758883E+01,3.940145268985E+00,1.547582587975E+01
5,0.4070,7.369895102576E+01,3.823943490389E+00,1.543780173754E+01
5,0.4080,7.298093927636E+01,3.708311328355E+00,1.539996398819E+01
5,0.4090,7.226516522061E+01,3.593244604766E+00,1.536231126450E+01
5,0.4100,7.155158837826E+01,3.478739182268E+00,1.532484221263E+01
5,0.4110,7.096426006388E+01,3.392308563657E+00,1.528755549192E+01
5,0.4120,7.037886091348E+01,3.306297511157E+00,1.525044977471E+01
5,0.4130,6.979537009543E+01,3.220702977070E+00,1.521352374620E+01
5,0.4140,6.921377263400E+01,3.135521943148E+00,1.517677610430E+01
5,0.4150,6.863400308747E+01,3.050751420233E+00,1.514020555947E+01
5,0.4160,6.805606656858E+01,2.966388447909E+00,1.510381083457E+01
5,0.4170,6.747993382883E+01,2.882430094157E+00,1.506759066470E+01
5,0.4180,6.690556743528E+01,2.798873455016E+00,1.503154379708E+01
5,0.4190,6.633292302315E+01,2.715715654249E+00,1.499566899088E+01
5,0.4200,6.576199808464E+01,2.632953843009E+00,1.495996501709E+01
5,0.4210,6.526292022501E+01,2.569986959374E+00,1.492443065838E+01
5,0.4220,6.476540341766E+01,2.507318496988E+00,1.488906470896E+01
5,0.4230,6.426942534196E+01,2.444946339389E+00,1.485386597442E+01
5,0.4240,6.377497704605E+01,2.382868390081E+00,1.481883327165E+01
5,0.4250,6.328200738000E+01,2.321082572299E+00,1.478396542866E+01
5,0.4260,6.279053062430E+01,2.259586828779E+00,1.474926128446E+01
5,0.4270,6.230051356490E+01,2.198379121528E+00,1.471471968895E+01
5,0.4280,6.181193169122E+01,2.137457431601E+00,1.468033950276E+01
5,0.4290,6.132475641092E+01,2.076819758877E+00,1.464611959716E+01
5,0.4300,6.083896330286E+01,2.016464121839E+00,1.461205885391E+01
5,0.4310,6.041065358841E+01,1.966593266679E+00,1.457815616515E+01
5,0.4320,5.998363671377E+01,1.916953295107E+00,1.454441043329E+01
5,0.4330,5.955787406172E+01,1.867542607469E+00,1.451082057085E+01
5,0.4340,5.913336008724E+01,1.818359618852E+00,1.447738550041E+01
5,0.4350,5.871008540371E+01,1.769402758918E+00,1.444410415444E+01
5,0.4360,5.828802059477E+01,1.720670471737E+00,1.441097547518E+01
5,0.4370,5.786715296003E+01,1.672161215618E+00,1.437799841460E+01
5,0.4380,5.744747016142E+01,1.623873462951E+00,1.434517193420E+01
5,0.4390,5.702895126299E+01,1.575805700047E+00,1.431249500496E+01
5,0.4400,5.661157000985E+01,1.527956426973E+00,1.427996660723E+01
5,0.4410,5.622237854145E+01,1.495002020225E+00,1.424758573057E+01
5,0.4420,5.583426263111E+01,1.462196728440E+00,1.421535137371E+01
5,0.4430,5.544722000292E+01,1.429539541810E+00,1.418326254442E+01
5,0.4440,5.506125536175E+01,1.397029459624E+00,1.415131825941E+01
5,0.4450,5.467631046003E+01,1.364665490167E+00,1.411951754422E+01
5,0.4460,5.429239913175E+01,1.332446650618E+00,1.408785943314E+01
5,0.4470,5.390950256507E+01,1.300371966950E+00,1.405634296908E+01
5,0.4480,5.352759150606E+01,1.268440473834E+00,1.402496720353E+01
5,0.4490,5.314666553625E+01,1.236651214541E+00,1.399373119639E+01
5,0.4500,5.276670462385E+01,1.205003240845E+00,1.396263401595E+01
5,0.4510,5.241632894908E+01,1.181543941427E+00,1.393167473876E+01
5,0.4520,5.206686473812E+01,1.158188444218E+00,1.390085244951E+01
5,0.4530,5.171830822685E+01,1.134936061787E+00,1.387016624101E+01
5,0.4540,5.137063928037E+01,1.111786112760E+00,1.383961521405E+01
5,0.4550,5.102385394170E+01,1.088737921749E+00,1.380919847732E+01
5,0.4560,5.067792118323E+01,1.065790819296E+00,1.377891514732E+01
5,0.4570,5.033285400068E+01,1.042944141799E+00,1.374876434831E+01
5,0.4580,4.998862590854E+01,1.020197231453E+00,1.371874521218E+01
5,0.4590,4.964523047302E+01,9.975494361844E-01,1.368885687839E+01
5,0.4600,4.930263458971E+01,9.750001095908E-01,1.365909849387E+01
5,0.4610,4.898435861065E+01,9.602165502576E-01,1.362946921297E+01
5,0.4620,4.866684604022E+01,9.454969890168E-01,1.359996819736E+01
5,0.4630,4.835011013528E+01,9.308410111938E-01,1.357059461594E+01
5,0.4640,4.803411960207E+01,9.162482056890E-01,1.354134764478E+01
5,0.4650,4.771889061723E+01,9.017181649391E-01,1.351222646705E+01
5,0.4660,4.740438079250E+01,8.872504848791E-01,1.348323027292E+01
5,0.4670,4.709060941585E+01,8.728447649050E-01,1.345435825949E+01
5,0.4680,4.677753746510E+01,8.585006078367E-01,1.342560963073E+01
5,0.4690,4.646516372388E+01,8.442176198818E-01,1.339698359740E+01
5,0.4700,4.615347603918E+01,8.299954105990E-01,1.336847937698E+01
5,0.4710,4.586258952487E+01,8.187857561508E-01,1.334009619359E+01
5,0.4720,4.557234659984E+01,8.076236002383E-01,1.331183327792E+01
5,0.4730,4.528276777776E+01,7.965086416024E-01,1.328368986719E+01
5,0.4740,4.499382426416E+01,7.854405815261E-01,1.325566520502E+01
5,0.4750,4.470551697284E+01,7.744191238081E-01,1.322775854143E+01
5,0.4760,4.441783930906E+01,7.634439747359E-01,1.319996913273E+01
5,0.4770,4.413077109491E+01,7.525148430602E-01,1.317229624147E+01
5,0.4780,4.384429155486E+01,7.416314399690E-01,1.314473913636E+01
5,0.4790,4.355842270579E+01,7.307934790619E-01,1.311729709223E+01
5,0.4800,4.327313742697E+01,7.200006763252E-01,1.308996938996E+01
5,0.4810,4.300348543455E+01,7.108320372249E-01,1.306275531638E+01
5,0.4820,4.273440472292E+01,7.017014422703E-01,1.303565416427E+01
5,0.4830,4.246589466408E+01,6.926086551623E-01,1.300866523226E+01
5,0.4840,4.219790766318E+01,6.835534415547E-01,1.298178782475E+01
5,0.4850,4.193046475451E+01,6.745355690342E-01,1.295502125192E+01
5,0.4860,4.166354880880E+01,6.655548071001E-01,1.292836482959E+01
5,0.4870,4.139717053341E+01,6.566109271453E-01,1.290181787922E+01
5,0.4880,4.113128808868E+01,6.477037024362E-01,1.287537972783E+01
5,0.4890,4.086591087495E+01,6.388329080940E-01,1.284904970793E+01
5,0.4900,4.060101295376E+01,6.299983210756E-01,1.282282715751E+01
5,0.4910,4.035841009037E+01,6.223603818808E-01,1.279671141992E+01
5,0.4920,4.011628725907E+01,6.147534912194E-01,1.277070184386E+01
5,0.4930,3.987462610704E+01,6.071774601550E-01,1.274479778333E+01
5,0.4940,3.963342955052E+01,5.996321012811E-01,1.271899859753E+01
5,0.4950,3.939270136863E+01,5.921172287057E-01,1.269330365087E+01
5,0.4960,3.915242933654E+01,5.846326580358E-01,1.266771231286E+01
5,0.4970,3.891258531234E+01,5.771782063626E-01,1.264222395811E+01
5,0.4980,3.867317842854E+01,5.697536922463E-01,1.261683796622E+01
5,0.4990,3.843420658235E+01,5.623589357017E-01,1.259155372180E+01
5,0.5000,3.819564960481E+01,5.549937581832E-01,1.256637061436E+01
5,0.5010,3.796255105656E+01,5.478686762100E-01,1.254128803828E+01
5,0.5020,3.772983929824E+01,5.407719810176E-01,1.251630539279E+01
5,0.5030,3.749755827319E+01,5.337035033011E-01,1.249142208187E+01
5,0.5040,3.726564100927E+01,5.266630750993E-01,1.246663751425E+01
5,0.5050,3.703412461603E+01,5.196505297815E-01,1.244195110333E+01
5,0.5060,3.680298444049E+01,5.126657020341E-01,1.241736226715E+01
5,0.5070,3.657221932234E+01,5.057084278479E-01,1.239287042836E+01
5,0.5080,3.634181741816E+01,4.987785445049E-01,1.236847501413E+01
5,0.5090,3.611176893318E+01,4.918758905661E-01,1.234417545615E+01
5,0.5100,3.588207102989E+01,4.850003058583E-01,1.231997119055E+01
5,0.5110,3.566112198736E+01,4.804214475246E-01,1.229586165789E+01
5,0.5120,3.544052583881E+01,4.758604753562E-01,1.227184630309E+01
5,0.5130,3.522027479986E+01,4.713172847558E-01,1.224792457540E+01
5,0.5140,3.500033967084E+01,4.667917719397E-01,1.222409592836E+01
5,0.5150,3.478072474538E+01,4.622838339308E-01,1.220035981977E+01
5,0.5160,3.456142394450E+01,4.577933685497E-01,1.217671571159E+01
5,0.5170,3.434242386756E+01,4.533202744081E-01,1.215316306998E+01
5,0.5180,3.412373322343E+01,4.488644509002E-01,1.212970136521E+01
5,0.5190,3.390532240794E+01,4.444257981958E-01,1.210633007164E+01
5,0.5200,3.368720076229E+01,4.400042172326E-01,1.208304866765E+01
5,0.5210,3.347951156404E+01,4.351714847982E-01,1.205985663566E+01
5,0.5220,3.327212055606E+01,4.303572685800E-01,1.203675346203E+01
5,0.5230,3.306500186481E+01,4.255614623665E-01,1.201373863705E+01
5,0.5240,3.285814751135E+01,4.207839607569E-01,1.199081165492E+01
5,0.5250,3.265154999903E+01,4.160246591534E-01,1.196797201368E+01
5,0.5260,3.244522252873E+01,4.112834537537E-01,1.194521921517E+01
5,0.5270,3.223914129961E+01,4.065602415434E-01,1.192255276505E+01
5,0.5280,3.203329006788E+01,4.018549202884E-01,1.189997217269E+01
5,0.5290,3.182768532075E+01,3.971673885278E-01,1.187747695119E+01
5,0.5300,3.162230687481E+01,3.924975455662E-01,1.185506661732E+01
5,0.5310,3.142228317869E+01,3.884298288572E-01,1.183274069149E+01
5,0.5320,3.122246066364E+01,3.843774043163E-01,1.181049869771E+01
5,0.5330,3.102286268544E+01,3.803401858712E-01,1.178834016356E+01
5,0.5340,3.082347858238E+01,3.763180880945E-01,1.176626462019E+01
5,0.5350,3.062429562085E+01,3.723110261973E-01,1.174427160220E+01
5,0.5360,3.042532305709E+01,3.683189160236E-01,1.172236064772E+01
5,0.5370,3.022652647031E+01,3.643416740442E-01,1.170053129829E+01
5,0.5380,3.002792830227E+01,3.603792173510E-01,1.167878309885E+01
5,0.5390,2.982949936421E+01,3.564314636510E-01,1.165711559774E+01
5,0.5400,2.963123861379E+01,3.524983312611E-01,1.163552834663E+01
5,0.5410,2.944002256679E+01,3.491441805176E-01,1.161402090052E+01
5,0.5420,2.924897820919E+01,3.458024067141E-01,1.159259281767E+01
5,0.5430,2.905810219996E+01,3.424729414697E-01,1.157124365963E+01
5,0.5440,2.886738933302E+01,3.391557169064E-01,1.154997299114E+01
5,0.5450,2.867682443568E+01,3.358506656442E-01,1.152878038015E+01
5,0.5460,2.848640004694E+01,3.325577207969E-01,1.150766539776E+01
5,0.5470,2.829611933762E+01,3.292768159674E-01,1.148662761824E+01
5,0.5480,2.810597066374E+01,3.260078852430E-01,1.146566661894E+01
5,0.5490,2.791594210972E+01,3.227508631916E-01,1.144478198029E+01
5,0.5500,2.772604243751E+01,3.195056848567E-01,1.142397328578E+01
5,0.5510,2.754145942352E+01,3.164057036630E-01,1.140324012192E+01
5,0.5520,2.735698897317E+01,3.133169542852E-01,1.138258207822E+01
5,0.5530,2.717263035501E+01,3.102393757912E-01,1.136199874716E+01
5,0.5540,2.698839530219E+01,3.071729076889E-01,1.134148972415E+01
5,0.5550,2.680423996092E+01,3.041174899221E-01,1.132105460753E+01
5,0.5560,2.662019070995E+01,3.010730628667E-01,1.130069299852E+01
5,0.5570,2.643622714921E+01,2.980395673267E-01,1.128040450122E+01
5,0.5580,2.625232963918E+01,2.950169445307E-01,1.126018872254E+01
5,0.5590,2.606852161020E+01,2.920051361274E-01,1.124004527224E+01
5,0.5600,2.588476276425E+01,2.890040841827E-01,1.121997376282E+01
5,0.5610,2.570460501078E+01,2.866666896486E-01,1.119997380959E+01
5,0.5620,2.552448670877E+01,2.843376132444E-01,1.118004503057E+01
5,0.5630,2.534443525538E+01,2.820168106464E-01,1.116018704650E+01
5,0.5640,2.516444463360E+01,2.797042378447E-01,1.114039948081E+01
5,0.5650,2.498448013714E+01,2.773998511415E-01,1.112068195961E+01
5,0.5660,2.480456029252E+01,2.751036071475E-01,1.110103411162E+01
5,0.5670,2.462467010614E+01,2.728154627795E-01,1.108145556822E+01
5,0.5680,2.444479275559E+01,2.705353752579E-01,1.106194596334E+01
5,0.5690,2.426494397290E+01,2.682633021037E-01,1.104250493353E+01
5,0.5700,2.408509302240E+01,2.659992011361E-01,1.102313211786E+01
5,0.5710,2.391060870826E+01,2.637650381238E-01,1.100382715793E+01
5,0.5720,2.373613888044E+01,2.615386868703E-01,1.098458969787E+01
5,0.5730,2.356166528800E+01,2.593201064764E-01,1.096541938426E+01
5,0.5740,2.338719854260E+01,2.571092563277E-01,1.094631586617E+01
5,0.5750,2.321273074649E+01,2.549060960926E-01,1.092727879509E+01
5,0.5760,2.303824217166E+01,2.527105857194E-01,1.090830782496E+01
5,0.5770,2.286372633098E+01,2.505226854341E-01,1.088940261210E+01
5,0.5780,2.268917531626E+01,2.483423557381E-01,1.087056281519E+01
5,0.5790,2.251459685393E+01,2.461695574055E-01,1.085178809530E+01
5,0.5800,2.233996644597E+01,2.440042514809E-01,1.083307811583E+01
5,0.5810,2.216894150825E+01,2.420237559709E-01,1.081443254248E+01
5,0.5820,2.199786145973E+01,2.400500662874E-01,1.079585104326E+01
5,0.5830,2.182674122663E+01,2.380831474090E-01,1.077733328847E+01
5,0.5840,2.165556467816E+01,2.361229645541E-01,1.075887895065E+01
5,0.5850,2.148431899827E+01,2.341694831791E-01,1.074048770458E+01
5,0.5860,2.131300713788E+01,2.322226689760E-01,1.072215922727E+01
5,0.5870,2.114161627485E+01,2.302824878708E-01,1.070389319792E+01
5,0.5880,2.097012260162E+01,2.283489060209E-01,1.068568929792E+01
5,0.5890,2.079855260352E+01,2.264218898141E-01,1.066754721083E+01
5,0.5900,2.062688082894E+01,2.245014058655E-01,1.064946662234E+01
5,0.5910,2.045879494679E+01,2.229021118543E-01,1.063144722027E+01
5,0.5920,2.029063696230E+01,2.213082208635E-01,1.061348869456E+01
5,0.5930,2.012235237880E+01,2.197197055589E-01,1.059559073723E+01
5,0.5940,1.995395937217E+01,2.181365387908E-01,1.057775304239E+01
5,0.5950,1.978543556153E+01,2.165586935916E-01,1.055997530618E+01
5,0.5960,1.961678603212E+01,2.149861431749E-01,1.054225722681E+01
5,0.5970,1.944799280991E+01,2.134188609339E-01,1.052459850449E+01
5,0.5980,1.927905717764E+01,2.118568204394E-01,1.050699884144E+01
5,0.5990,1.910996727952E+01,2.102999954392E-01,1.048945794187E+01
5,0.6000,1.894073062122E+01,2.087483598555E-01,1.047197551197E+01
5,0.6010,1.877321827506E+01,2.068453875867E-01,1.045455125987E+01
5,0.6020,1.860553180068E+01,2.049487374849E-01,1.043718489565E+01
5,0.6030,1.843768643169E+01,2.030583780965E-01,1.041987613131E+01
5,0.6040,1.826964853968E+01,2.011742781763E-01,1.040262468076E+01
5,0.6050,1.810142149803E+01,1.992964066856E-01,1.038543025980E+01
5,0.6060,1.793299852155E+01,1.974247327905E-01,1.036829258610E+01
5,0.6070,1.776436676024E+01,1.955592258606E-01,1.035121137921E+01
5,0.6080,1.759551778570E+01,1.936998554665E-01,1.033418636049E+01
5,0.6090,1.742647071770E+01,1.918465913792E-01,1.031721725317E+01
5,0.6100,1.725716134242E+01,1.899994035676E-01,1.030030378226E+01
5,0.6110,1.709155294215E+01,1.885788551254E-01,1.028344567460E+01
5,0.6120,1.692572921030E+01,1.871629489983E-01,1.026664265879E+01
5,0.6130,1.675967053558E+01,1.857516624670E-01,1.024989446522E+01
5,0.6140,1.659338269341E+01,1.843449729604E-01,1.023320082603E+01
5,0.6150,1.642685424131E+01,1.829428580537E-01,1.021656147509E+01
5,0.6160,1.626007422365E+01,1.815452954681E-01,1.019997614802E+01
5,0.6170,1.609304571552E+01,1.801522630692E-01,1.018344458214E+01
5,0.6180,1.592574018645E+01,1.787637388658E-01,1.016696651647E+01
5,0.6190,1.575816309476E+01,1.773797010088E-01,1.015054169173E+01
5,0.6200,1.559033279817E+01,1.760001277900E-01,1.013416985029E+01
5,0.6210,1.542423619954E+01,1.747828361126E-01,1.011785073620E+01
5,0.6220,1.525788153266E+01,1.735694585564E-01,1.010158409514E+01
5,0.6230,1.509125756811E+01,1.723599762732E-01,1.008536967445E+01
5,0.6240,1.492434859020E+01,1.711543705359E-01,1.006920722304E+01
5,0.6250,1.475718675780E+01,1.699526227368E-01,1.005309649149E+01
5,0.6260,1.458974238581E+01,1.687547143877E-01,1.003703723192E+01
5,0.6270,1.442203753883E+01,1.675606271177E-01,1.002102919805E+01
5,0.6280,1.425405173150E+01,1.663703426735E-01,1.000507214519E+01
5,0.6290,1.408580270556E+01,1.651838429175E-01,9.989165830174E+00
5,0.6300,1.391729309246E+01,1.640011098274E-01,9.973310011396E+00
5,0.6310,1.375060686327E+01,1.627335037055E-01,9.957504448779E+00
5,0.6320,1.358369527724E+01,1.614699089954E-01,9.941748903765E+00
5,0.6330,1.341655614656E+01,1.602103066856E-01,9.926043139304E+00
5,0.6340,1.324921934397E+01,1.589546778847E-01,9.910386919842E+00
5,0.6350,1.308168567256E+01,1.577030038202E-01,9.894780011306E+00
5,0.6360,1.291400703535E+01,1.564552658376E-01,9.879222181100E+00
5,0.6370,1.274617715249E+01,1.552114453998E-01,9.863713198084E+00
5,0.6380,1.257825613159E+01,1.539715240855E-01,9.848252832570E+00
5,0.6390,1.241028887636E+01,1.527354835892E-01,9.832840856306E+00
5,0.6400,1.224230915854E+01,1.515033057194E-01,9.817477042468E+00
5,0.6410,1.207650034244E+01,1.502857547756E-01,9.802161165647E+00
5,0.6420,1.191082979588E+01,1.490719968254E-01,9.786893001837E+00
5,0.6430,1.174538430893E+01,1.478620141721E-01,9.771672328429E+00
5,0.6440,1.158026239841E+01,1.466557892289E-01,9.756498924192E+00
5,0.6450,1.141559820448E+01,1.454533045181E-01,9.741372569271E+00
5,0.6460,1.125154592494E+01,1.442545426701E-01,9.726293045170E+00
5,0.6470,1.108830804101E+01,1.430594864230E-01,9.711260134744E+00
5,0.6480,1.092612923399E+01,1.418681186210E-01,9.696273622191E+00
5,0.6490,1.076531326777E+01,1.406804222144E-01,9.681333293035E+00
5,0.6500,1.060626447441E+01,1.394963802583E-01,9.666438934122E+00
5,0.6510,1.045147694837E+01,1.383816067262E-01,9.651590333609E+00
5,0.6520,1.029958487591E+01,1.372702527448E-01,9.636787280950E+00
5,0.6530,1.015148686973E+01,1.361623026040E-01,9.622029566891E+00
5,0.6540,1.000847864334E+01,1.350577406900E-01,9.607316983455E+00
5,0.6550,9.872545392690E+00,1.339565514841E-01,9.592649323938E+00
5,0.6560,9.746868278444E+00,1.328587195624E-01,9.578026382896E+00
5,0.6570,9.637421612804E+00,1.317642295948E-01,9.563447956133E+00
5,0.6580,9.558093735137E+00,1.306730663444E-01,9.548913840698E+00
5,0.4000,7.773468585960E+01,4.649557127313E+00,1.570796326795E+01
5,0.4010,7.698196123402E+01,4.529847561859E+00,1.566879128972E+01
5,0.4020,7.623133384037E+01,4.410733566383E+00,1.562981419696E+01
5,0.4030,7.548278610267E+01,4.292210707361E+00,1.559103053891E+01
5,0.4040,7.473622021840E+01,4.174274595166E+00,1.555243887916E+01
5,0.4050,7.399162667408E+01,4.056920883525E+00,1.551403779551E+01
5,0.4060,7.324891578098E+01,3.940145268985E+00,1.547582587975E+01
5,0.4070,7.250807191751E+01,3.823943490389E+00,1.543780173754E+01
5,0.4080,7.176900244985E+01,3.708311328355E+00,1.539996398819E+01
5,0.4090,7.103168717639E+01,3.593244604766E+00,1.536231126450E+01
5,0.4100,7.029603483493E+01,3.478739182268E+00,1.532484221263E+01
5,0.4110,6.969009263990E+01,3.392308563657E+00,1.528755549192E+01
5,0.4120,6.908574419260E+01,3.306297511157E+00,1.525044977471E+01
5,0.4130,6.848292899745E+01,3.220702977070E+00,1.521352374620E+01
5,0.4140,6.788163099962E+01,3.135521943148E+00,1.517677610430E+01
5,0.4150,6.728180383293E+01,3.050751420233E+00,1.514020555947E+01
5,0.4160,6.668341425142E+01,2.966388447909E+00,1.510381083457E+01
5,0.4170,6.608640650914E+01,2.882430094157E+00,1.506759066470E+01
5,0.4180,6.549076653676E+01,2.798873455016E+00,1.503154379708E+01
5,0.4190,6.489645212373E+01,2.715715654249E+00,1.499566899088E+01
5,0.4200,6.430340048861E+01,2.632953843009E+00,1.495996501709E+01
5,0.4210,6.378455199341E+01,2.569986959374E+00,1.492443065838E+01
5,0.4220,6.326692400914E+01,2.507318496988E+00,1.488906470896E+01
5,0.4230,6.275048707471E+01,2.444946339389E+00,1.485386597442E+01
5,0.4240,6.223523036605E+01,2.382868390081E+00,1.481883327165E+01
5,0.4250,6.172111357102E+01,2.321082572299E+00,1.478396542866E+01
5,0.4260,6.120809679326E+01,2.259586828779E+00,1.474926128446E+01
5,0.4270,6.069614716105E+01,2.198379121528E+00,1.471471968895E+01
5,0.4280,6.018524818492E+01,2.137457431601E+00,1.468033950276E+01
5,0.4290,5.967535402516E+01,2.076819758877E+00,1.464611959716E+01
5,0.4300,5.916645239143E+01,2.016464121839E+00,1.461205885391E+01
5,0.4310,5.871733334885E+01,1.966593266679E+00,1.457815616515E+01
5,0.4320,5.826917828521E+01,1.916953295107E+00,1.454441043329E+01
5,0.4330,5.782195462235E+01,1.867542607469E+00,1.451082057085E+01
5,0.4340,5.737564126302E+01,1.818359618852E+00,1.447738550041E+01
5,0.4350,5.693021123310E+01,1.769402758918E+00,1.444410415444E+01
5,0.4360,5.648563448288E+01,1.720670471737E+00,1.441097547518E+01
5,0.4370,5.604190268298E+01,1.672161215618E+00,1.437799841460E+01
5,0.4380,5.559897849021E+01,1.623873462951E+00,1.434517193420E+01
5,0.4390,5.515684409550E+01,1.575805700047E+00,1.431249500496E+01
5,0.4400,5.471545080977E+01,1.527956426973E+00,1.427996660723E+01
5,0.4410,5.430342938335E+01,1.495002020225E+00,1.424758573057E+01
5,0.4420,5.389216334696E+01,1.462196728440E+00,1.421535137371E+01
5,0.4430,5.348160727932E+01,1.429539541810E+00,1.418326254442E+01
5,0.4440,5.307174231859E+01,1.397029459624E+00,1.415131825941E+01
5,0.4450,5.266253404897E+01,1.364665490167E+00,1.411951754422E+01
5,0.4460,5.225399696747E+01,1.332446650618E+00,1.408785943314E+01
5,0.4470,5.184606494109E+01,1.300371966950E+00,1.405634296908E+01
5,0.4480,5.143874000888E+01,1.268440473834E+00,1.402496720353E+01
5,0.4490,5.103198585615E+01,1.236651214541E+00,1.399373119639E+01
5,0.4500,5.062577491385E+01,1.205003240845E+00,1.396263401595E+01
5,0.4510,5.025074903768E+01,1.181543941427E+00,1.393167473876E+01
5,0.4520,4.987626446370E+01,1.158188444218E+00,1.390085244951E+01
5,0.4530,4.950230688830E+01,1.134936061787E+00,1.387016624101E+01
5,0.4540,4.912887460189E+01,1.111786112760E+00,1.383961521405E+01
5,0.4550,4.875592705311E+01,1.088737921749E+00,1.380919847732E+01
5,0.4560,4.838345452121E+01,1.065790819296E+00,1.377891514732E+01
5,0.4570,4.801141838582E+01,1.042944141799E+00,1.374876434831E+01
5,0.4580,4.763982467995E+01,1.020197231453E+00,1.371874521218E+01
5,0.4590,4.726863035465E+01,9.975494361844E-01,1.368885687839E+01
5,0.4600,4.689782302028E+01,9.750001095908E-01,1.365909849387E+01
5,0.4610,4.655283068687E+01,9.602165502576E-01,1.362946921297E+01
5,0.4620,4.620824263336E+01,9.454969890168E-01,1.359996819736E+01
5,0.4630,4.586404444707E+01,9.308410111938E-01,1.357059461594E+01
5,0.4640,4.552018405824E+01,9.162482056890E-01,1.354134764478E+01
5,0.4650,4.517666493864E+01,9.017181649391E-01,1.351222646705E+01
5,0.4660,4.483345318020E+01,8.872504848791E-01,1.348323027292E+01
5,0.4670,4.449055708369E+01,8.728447649050E-01,1.345435825949E+01
5,0.4680,4.414792167246E+01,8.585006078367E-01,1.342560963073E+01
5,0.4690,4.380553760452E+01,8.442176198818E-01,1.339698359740E+01
5,0.4700,4.346339372678E+01,8.299954105990E-01,1.336847937698E+01
5,0.4710,4.314356602807E+01,8.187857561508E-01,1.334009619359E+01
5,0.4720,4.282398245490E+01,8.076236002383E-01,1.331183327792E+01
5,0.4730,4.250464254856E+01,7.965086416024E-01,1.328368986719E+01
5,0.4740,4.218551070718E+01,7.854405815261E-01,1.325566520502E+01
5,0.4750,4.186659241339E+01,7.744191238081E-01,1.322775854143E+01
5,0.4760,4.154783117802E+01,7.634439747359E-01,1.319996913273E+01
5,0.4770,4.122923580866E+01,7.525148430602E-01,1.317229624147E+01
5,0.4780,4.091079039611E+01,7.416314399690E-01,1.314473913636E+01
5,0.4790,4.059244756849E+01,7.307934790619E-01,1.311729709223E+01
5,0.4800,4.027421357500E+01,7.200006763252E-01,1.308996938996E+01
5,0.4810,3.997289169359E+01,7.108320372249E-01,1.306275531638E+01
5,0.4820,3.967168681399E+01,7.017014422703E-01,1.303565416427E+01
5,0.4830,3.937059039488E+01,6.926086551623E-01,1.300866523226E+01
5,0.4840,3.906956137062E+01,6.835534415547E-01,1.298178782475E+01
5,0.4850,3.876859806254E+01,6.745355690342E-01,1.295502125192E+01
5,0.4860,3.846766625458E+01,6.655548071001E-01,1.292836482959E+01
5,0.4870,3.816677600016E+01,6.566109271453E-01,1.290181787922E+01
5,0.4880,3.786586981453E+01,6.477037024362E-01,1.287537972783E+01
5,0.4890,3.756494673422E+01,6.388329080940E-01,1.284904970793E+01
5,0.4900,3.726399532272E+01,6.299983210756E-01,1.282282715751E+01
5,0.4910,3.698777326962E+01,6.223603818808E-01,1.279671141992E+01
5,0.4920,3.671157452271E+01,6.147534912194E-01,1.277070184386E+01
5,0.4930,3.643537775263E+01,6.071774601550E-01,1.274479778333E+01
5,0.4940,3.615916940291E+01,5.996321012811E-01,1.271899859753E+01
5,0.4950,3.588293766683E+01,5.921172287057E-01,1.269330365087E+01
5,0.4960,3.560666685433E+01,5.846326580358E-01,1.266771231286E+01
5,0.4970,3.533031769544E+01,5.771782063626E-01,1.264222395811E+01
5,0.4980,3.505388341265E+01,5.697536922463E-01,1.261683796622E+01
5,0.4990,3.477736902796E+01,5.623589357017E-01,1.259155372180E+01
5,0.5000,3.450072102103E+01,5.549937581832E-01,1.256637061436E+01
5,0.5010,3.422977320204E+01,5.478686762100E-01,1.254128803828E+01
5,0.5020,3.395869755082E+01,5.407719810176E-01,1.251630539279E+01
5,0.5030,3.368746400816E+01,5.337035033011E-01,1.249142208187E+01
5,0.5040,3.341607380045E+01,5.266630750993E-01,1.246663751425E+01
5,0.5050,3.314449396005E+01,5.196505297815E-01,1.244195110333E+01
5,0.5060,3.287270658014E+01,5.126657020341E-01,1.241736226715E+01
5,0.5070,3.260067384760E+01,5.057084278479E-01,1.239287042836E+01
5,0.5080,3.232839335994E+01,4.987785445049E-01,1.236847501413E+01
5,0.5090,3.205584403629E+01,4.918758905661E-01,1.234417545615E+01
5,0.5100,3.178299938624E+01,4.850003058583E-01,1.231997119055E+01
5,0.5110,3.151985025720E+01,4.804214475246E-01,1.229586165789E+01
5,0.5120,3.125643314203E+01,4.758604753562E-01,1.227184630309E+01
5,0.5130,3.099270922014E+01,4.713172847558E-01,1.224792457540E+01
5,0.5140,3.072866530811E+01,4.667917719397E-01,1.222409592836E+01
5,0.5150,3.046426428690E+01,4.622838339308E-01,1.220035981977E+01
5,0.5160,3.019951242815E+01,4.577933685497E-01,1.217671571159E+01
5,0.5170,2.993436495761E+01,4.533202744081E-01,1.215316306998E+01
5,0.5180,2.966880981113E+01,4.488644509002E-01,1.212970136521E+01
5,0.5190,2.940281711718E+01,4.444257981958E-01,1.210633007164E+01
5,0.5200,2.913637034326E+01,4.400042172326E-01,1.208304866765E+01
5,0.5210,2.888186641948E+01,4.351714847982E-01,1.205985663566E+01
5,0.5220,2.862693444410E+01,4.303572685800E-01,1.203675346203E+01
5,0.5230,2.837157215014E+01,4.255614623665E-01,1.201373863705E+01
5,0.5240,2.811574888461E+01,4.207839607569E-01,1.199081165492E+01
5,0.5250,2.785943407207E+01,4.160246591534E-01,1.196797201368E+01
5,0.5260,2.760259836072E+01,4.112834537537E-01,1.194521921517E+01
5,0.5270,2.734522565120E+01,4.065602415434E-01,1.192255276505E+01
5,0.5280,2.708729793764E+01,4.018549202884E-01,1.189997217269E+01
5,0.5290,2.682878301665E+01,3.971673885278E-01,1.187747695119E+01
5,0.5300,2.656964237393E+01,3.924975455662E-01,1.185506661732E+01
5,0.5310,2.631631486189E+01,3.884298288572E-01,1.183274069149E+01
5,0.5320,2.606238304307E+01,3.843774043163E-01,1.181049869771E+01
5,0.5330,2.580780889929E+01,3.803401858712E-01,1.178834016356E+01
5,0.5340,2.555256633789E+01,3.763180880945E-01,1.176626462019E+01
5,0.5350,2.529663810985E+01,3.723110261973E-01,1.174427160220E+01
5,0.5360,2.503997641341E+01,3.683189160236E-01,1.172236064772E+01
5,0.5370,2.478257670227E+01,3.643416740442E-01,1.170053129829E+01
5,0.5380,2.452438695610E+01,3.603792173510E-01,1.167878309885E+01
5,0.5390,2.426540590176E+01,3.564314636510E-01,1.165711559774E+01
5,0.5400,2.400558009314E+01,3.524983312611E-01,1.163552834663E+01
5,0.5410,2.375389559005E+01,3.491441805176E-01,1.161402090052E+01
5,0.5420,2.350142331227E+01,3.458024067141E-01,1.159259281767E+01
5,0.5430,2.324811241178E+01,3.424729414697E-01,1.157124365963E+01
5,0.5440,2.299393257792E+01,3.391557169064E-01,1.154997299114E+01
5,0.5450,2.273887916640E+01,3.358506656442E-01,1.152878038015E+01
5,0.5460,2.248288694608E+01,3.325577207969E-01,1.150766539776E+01
5,0.5470,2.222597619177E+01,3.292768159674E-01,1.148662761824E+01
5,0.5480,2.196806551846E+01,3.260078852430E-01,1.146566661894E+01
5,0.5490,2.170914585760E+01,3.227508631916E-01,1.144478198029E+01
5,0.5500,2.144917470567E+01,3.195056848567E-01,1.142397328578E+01
5,0.5510,2.119528517425E+01,3.164057036630E-01,1.140324012192E+01
5,0.5520,2.094039942695E+01,3.133169542852E-01,1.138258207822E+01
5,0.5530,2.068447921930E+01,3.102393757912E-01,1.136199874716E+01
5,0.5540,2.042751090661E+01,3.071729076889E-01,1.134148972415E+01
5,0.5550,2.016949304570E+01,3.041174899221E-01,1.132105460753E+01
5,0.5560,1.991038018401E+01,3.010730628667E-01,1.130069299852E+01
5,0.5570,1.965018292787E+01,2.980395673267E-01,1.128040450122E+01
5,0.5580,1.938886325021E+01,2.950169445307E-01,1.126018872254E+01
5,0.5590,1.912643962177E+01,2.920051361274E-01,1.124004527224E+01
5,0.5600,1.886291827070E+01,2.890040841827E-01,1.121997376282E+01
5,0.5610,1.860330291180E+01,2.866666896486E-01,1.119997380959E+01
5,0.5620,1.834266046798E+01,2.843376132444E-01,1.118004503057E+01
5,0.5630,1.808098602034E+01,2.820168106464E-01,1.116018704650E+01
5,0.5640,1.781833098110E+01,2.797042378447E-01,1.114039948081E+01
5,0.5650,1.755471871487E+01,2.773998511415E-01,1.112068195961E+01
5,0.5660,1.729022403454E+01,2.751036071475E-01,1.110103411162E+01
5,0.5670,1.702493069395E+01,2.728154627795E-01,1.108145556822E+01
5,0.5680,1.675892078667E+01,2.705353752579E-01,1.106194596334E+01
5,0.5690,1.649231078614E+01,2.682633021037E-01,1.104250493353E+01
5,0.5700,1.622527238396E+01,2.659992011361E-01,1.102313211786E+01
5,0.5710,1.596581595673E+01,2.637650381238E-01,1.100382715793E+01
5,0.5720,1.570634819675E+01,2.615386868703E-01,1.098458969787E+01
5,0.5730,1.544711462952E+01,2.593201064764E-01,1.096541938426E+01
5,0.5740,1.518842171427E+01,2.571092563277E-01,1.094631586617E+01
5,0.5750,1.493064017194E+01,2.549060960926E-01,1.092727879509E+01
5,0.5760,1.467420287146E+01,2.527105857194E-01,1.090830782496E+01
5,0.5770,1.441960668522E+01,2.505226854341E-01,1.088940261210E+01
5,0.5780,1.416743380055E+01,2.483423557381E-01,1.087056281519E+01
5,0.5790,1.391841853534E+01,2.461695574055E-01,1.085178809530E+01
5,0.5800,1.367329455448E+01,2.440042514809E-01,1.083307811583E+01
5,0.5810,1.343777154136E+01,2.420237559709E-01,1.081443254248E+01
5,0.5820,1.320780440850E+01,2.400500662874E-01,1.079585104326E+01
5,0.5830,1.298436168323E+01,2.380831474090E-01,1.077733328847E+01
5,0.5840,1.276849955638E+01,2.361229645541E-01,1.075887895065E+01
5,0.5850,1.256122272742E+01,2.341694831791E-01,1.074048770458E+01
5,0.5860,1.236355526058E+01,2.322226689760E-01,1.072215922727E+01
5,0.5870,1.217640851952E+01,2.302824878708E-01,1.070389319792E+01
5,0.5880,1.200052260344E+01,2.283489060209E-01,1.068568929792E+01
5,0.5890,1.183643296507E+01,2.264218898141E-01,1.066754721083E+01
5,0.5900,1.168444712573E+01,2.245014058655E-01,1.064946662234E+01
5,0.5910,1.154712858258E+01,2.229021118543E-01,1.063144722027E+01
5,0.5920,1.142116346029E+01,2.213082208635E-01,1.061348869456E+01
5,0.5930,1.130606604597E+01,2.197197055589E-01,1.059559073723E+01
5,0.5940,1.120124340173E+01,2.181365387908E-01,1.057775304239E+01
5,0.5950,1.110597404501E+01,2.165586935916E-01,1.055997530618E+01
5,0.5960,1.101943268212E+01,2.149861431749E-01,1.054225722681E+01
5,0.5970,1.094080556919E+01,2.134188609339E-01,1.052459850449E+01
5,0.5980,1.086929420828E+01,2.118568204394E-01,1.050699884144E+01
5,0.5990,1.080412314313E+01,2.102999954392E-01,1.048945794187E+01
5,0.6000,1.074459778498E+01,2.087483598555E-01,1.047197551197E+01
5,0.6010,1.069047176942E+01,2.068453875867E-01,1.045455125987E+01
5,0.6020,1.064065944483E+01,2.049487374849E-01,1.043718489565E+01
5,0.6030,1.059467010832E+01,2.030583780965E-01,1.041987613131E+01
5,0.6040,1.055206943434E+01,2.011742781763E-01,1.040262468076E+01
5,0.6050,1.051248852578E+01,1.992964066856E-01,1.038543025980E+01
5,0.6060,1.047557888478E+01,1.974247327905E-01,1.036829258610E+01
5,0.6070,1.044106067141E+01,1.955592258606E-01,1.035121137921E+01
5,0.6080,1.040869759276E+01,1.936998554665E-01,1.033418636049E+01
5,0.6090,1.037825668515E+01,1.918465913792E-01,1.031721725317E+01
5,0.6100,1.034956709013E+01,1.899994035676E-01,1.030030378226E+01
5,0.6110,1.032270609825E+01,1.885788551254E-01,1.028344567460E+01
5,0.6120,1.029723525611E+01,1.871629489983E-01,1.026664265879E+01
5,0.6130,1.027305779462E+01,1.857516624670E-01,1.024989446522E+01
5,0.6140,1.025007544037E+01,1.843449729604E-01,1.023320082603E+01
5,0.6150,1.022823501459E+01,1.829428580537E-01,1.021656147509E+01
5,0.6160,1.020745135529E+01,1.815452954681E-01,1.019997614802E+01
5,0.6170,1.018769693936E+01,1.801522630692E-01,1.018344458214E+01
5,0.6180,1.016891802971E+01,1.787637388658E-01,1.016696651647E+01
5,0.6190,1.015107457312E+01,1.773797010088E-01,1.015054169173E+01
5,0.6200,1.013418388785E+01,1.760001277900E-01,1.013416985029E+01
6,0.4000,7.513825505671E+01,4.649557127313E+00,1.570796326795E+01
6,0.4010,7.437113892421E+01,4.529847561859E+00,1.566879128972E+01
6,0.4020,7.360603414050E+01,4.410733566383E+00,1.562981419696E+01
6,0.4030,7.284291065824E+01,4.292210707361E+00,1.559103053891E+01
6,0.4040,7.208169370510E+01,4.174274595166E+00,1.555243887916E+01
6,0.4050,7.132234808830E+01,4.056920883525E+00,1.551403779551E+01
6,0.4060,7.056481062290E+01,3.940145268985E+00,1.547582587975E+01
6,0.4070,6.980902636016E+01,3.823943490389E+00,1.543780173754E+01
6,0.4080,6.905495261695E+01,3.708311328355E+00,1.539996398819E+01
6,0.4090,6.830251290235E+01,3.593244604766E+00,1.536231126450E+01
6,0.4100,6.755167463495E+01,3.478739182268E+00,1.532484221263E+01
6,0.4110,6.693312168199E+01,3.392308563657E+00,1.528755549192E+01
6,0.4120,6.631609552721E+01,3.306297511157E+00,1.525044977471E+01
6,0.4130,6.570057084662E+01,3.220702977070E+00,1.521352374620E+01
6,0.4140,6.508650399399E+01,3.135521943148E+00,1.517677610430E+01
6,0.4150,6.447386407791E+01,3.050751420233E+00,1.514020555947E+01
6,0.4160,6.386258281529E+01,2.966388447909E+00,1.510381083457E+01
6,0.4170,6.325266315697E+01,2.882430094157E+00,1.506759066470E+01
6,0.4180,6.264403538546E+01,2.798873455016E+00,1.503154379708E+01
6,0.4190,6.203666611474E+01,2.715715654249E+00,1.499566899088E+01
6,0.4200,6.143054025159E+01,2.632953843009E+00,1.495996501709E+01
6,0.4210,6.090017171753E+01,2.569986959374E+00,1.492443065838E+01
6,0.4220,6.037099612747E+01,2.507318496988E+00,1.488906470896E+01
6,0.4230,5.984298033473E+01,2.444946339389E+00,1.485386597442E+01
6,0.4240,5.931609326777E+01,2.382868390081E+00,1.481883327165E+01
6,0.4250,5.879029802834E+01,2.321082572299E+00,1.478396542866E+01
6,0.4260,5.826559801274E+01,2.259586828779E+00,1.474926128446E+01
6,0.4270,5.774190493208E+01,2.198379121528E+00,1.471471968895E+01
6,0.4280,5.721923732982E+01,2.137457431601E+00,1.468033950276E+01
6,0.4290,5.669754781516E+01,2.076819758877E+00,1.464611959716E+01
6,0.4300,5.617680613160E+01,2.016464121839E+00,1.461205885391E+01
6,0.4310,5.571720159766E+01,1.966593266679E+00,1.457815616515E+01
6,0.4320,5.525852767184E+01,1.916953295107E+00,1.454441043329E+01
6,0.4330,5.480077712407E+01,1.867542607469E+00,1.451082057085E+01
6,0.4340,5.434389982214E+01,1.818359618852E+00,1.447738550041E+01
6,0.4350,5.388789080269E+01,1.769402758918E+00,1.444410415444E+01
6,0.4360,5.343272318593E+01,1.720670471737E+00,1.441097547518E+01
6,0.4370,5.297835817768E+01,1.672161215618E+00,1.437799841460E+01
6,0.4380,5.252479152344E+01,1.623873462951E+00,1.434517193420E+01
6,0.4390,5.207198102020E+01,1.575805700047E+00,1.431249500496E+01
6,0.4400,5.161989678727E+01,1.527956426973E+00,1.427996660723E+01
6,0.4410,5.119788820290E+01,1.495002020225E+00,1.424758573057E+01
6,0.4420,5.077657990901E+01,1.462196728440E+00,1.421535137371E+01
6,0.4430,5.035598032481E+01,1.429539541810E+00,1.418326254442E+01
6,0.4440,4.993604633053E+01,1.397029459624E+00,1.415131825941E+01
6,0.4450,4.951678213581E+01,1.364665490167E+00,1.411951754422E+01
6,0.4460,4.909814045953E+01,1.332446650618E+00,1.408785943314E+01
6,0.4470,4.868010260055E+01,1.300371966950E+00,1.405634296908E+01
6,0.4480,4.826264271915E+01,1.268440473834E+00,1.402496720353E+01
6,0.4490,4.784574547812E+01,1.236651214541E+00,1.399373119639E+01
6,0.4500,4.742937936549E+01,1.205003240845E+00,1.396263401595E+01
6,0.4510,4.704494950156E+01,1.181543941427E+00,1.393167473876E+01
6,0.4520,4.666105430235E+01,1.158188444218E+00,1.390085244951E+01
6,0.4530,4.627769715224E+01,1.134936061787E+00,1.387016624101E+01
6,0.4540,4.589482611620E+01,1.111786112760E+00,1.383961521405E+01
6,0.4550,4.551244514456E+01,1.088737921749E+00,1.380919847732E+01
6,0.4560,4.513052064728E+01,1.065790819296E+00,1.377891514732E+01
6,0.4570,4.474903120236E+01,1.042944141799E+00,1.374876434831E+01
6,0.4580,4.436797167937E+01,1.020197231453E+00,1.371874521218E+01
6,0.4590,4.398728760825E+01,9.975494361844E-01,1.368885687839E+01
6,0.4600,4.360700068412E+01,9.750001095908E-01,1.365909849387E+01
6,0.4610,4.325316613340E+01,9.602165502576E-01,1.362946921297E+01
6,0.4620,4.289975689841E+01,9.454969890168E-01,1.359996819736E+01
6,0.4630,4.254669255131E+01,9.308410111938E-01,1.357059461594E+01
6,0.4640,4.219397758379E+01,9.162482056890E-01,1.354134764478E+01
6,0.4650,4.184159914652E+01,9.017181649391E-01,1.351222646705E+01
6,0.4660,4.148952993241E+01,8.872504848791E-01,1.348323027292E+01
6,0.4670,4.113775984355E+01,8.728447649050E-01,1.345435825949E+01
6,0.4680,4.078626175110E+01,8.585006078367E-01,1.342560963073E+01
6,0.4690,4.043499522881E+01,8.442176198818E-01,1.339698359740E+01
6,0.4700,4.008397064322E+01,8.299954105990E-01,1.336847937698E+01
6,0.4710,3.975584094161E+01,8.187857561508E-01,1.334009619359E+01
6,0.4720,3.942796069280E+01,8.076236002383E-01,1.331183327792E+01
6,0.4730,3.910031929907E+01,7.965086416024E-01,1.328368986719E+01
6,0.4740,3.877287606835E+01,7.854405815261E-01,1.325566520502E+01
6,0.4750,3.844564987501E+01,7.744191238081E-01,1.322775854143E+01
6,0.4760,3.811859156344E+01,7.634439747359E-01,1.319996913273E+01
6,0.4770,3.779168436087E+01,7.525148430602E-01,1.317229624147E+01
6,0.4780,3.746493426912E+01,7.416314399690E-01,1.314473913636E+01
6,0.4790,3.713827307342E+01,7.307934790619E-01,1.311729709223E+01
6,0.4800,3.681171993181E+01,7.200006763252E-01,1.308996938996E+01
6,0.4810,3.650255296871E+01,7.108320372249E-01,1.306275531638E+01
6,0.4820,3.619348732174E+01,7.017014422703E-01,1.303565416427E+01
6,0.4830,3.588452125783E+01,6.926086551623E-01,1.300866523226E+01
6,0.4840,3.557564207036E+01,6.835534415547E-01,1.298178782475E+01
6,0.4850,3.526681903410E+01,6.745355690342E-01,1.295502125192E+01
6,0.4860,3.495803388828E+01,6.655548071001E-01,1.292836482959E+01
6,0.4870,3.464927786733E+01,6.566109271453E-01,1.290181787922E+01
6,0.4880,3.434052498792E+01,6.477037024362E-01,1.287537972783E+01
6,0.4890,3.403176180418E+01,6.388329080940E-01,1.284904970793E+01
6,0.4900,3.372295143399E+01,6.299983210756E-01,1.282282715751E+01
6,0.4910,3.343955797427E+01,6.223603818808E-01,1.279671141992E+01
6,0.4920,3.315617672491E+01,6.147534912194E-01,1.277070184386E+01
6,0.4930,3.287282156544E+01,6.071774601550E-01,1.274479778333E+01
6,0.4940,3.258944168644E+01,5.996321012811E-01,1.271899859753E+01
6,0.4950,3.230604631759E+01,5.921172287057E-01,1.269330365087E+01
6,0.4960,3.202261355216E+01,5.846326580358E-01,1.266771231286E+01
6,0.4970,3.173911967653E+01,5.771782063626E-01,1.264222395811E+01
6,0.4980,3.145554752603E+01,5.697536922463E-01,1.261683796622E+01
6,0.4990,3.117187495802E+01,5.623589357017E-01,1.259155372180E+01
6,0.5000,3.088807466931E+01,5.549937581832E-01,1.256637061436E+01
6,0.5010,3.061016077341E+01,5.478686762100E-01,1.254128803828E+01
6,0.5020,3.033211536751E+01,5.407719810176E-01,1.251630539279E+01
6,0.5030,3.005391310319E+01,5.337035033011E-01,1.249142208187E+01
6,0.5040,2.977556843708E+01,5.266630750993E-01,1.246663751425E+01
6,0.5050,2.949701918322E+01,5.196505297815E-01,1.244195110333E+01
6,0.5060,2.921827026186E+01,5.126657020341E-01,1.241736226715E+01
6,0.5070,2.893929023340E+01,5.057084278479E-01,1.239287042836E+01
6,0.5080,2.866007779703E+01,4.987785445049E-01,1.236847501413E+01
6,0.5090,2.838057978673E+01,4.918758905661E-01,1.234417545615E+01
6,0.5100,2.810079648773E+01,4.850003058583E-01,1.231997119055E+01
6,0.5110,2.783099524683E+01,4.804214475246E-01,1.229586165789E+01
6,0.5120,2.756090709922E+01,4.758604753562E-01,1.227184630309E+01
6,0.5130,2.729054435624E+01,4.713172847558E-01,1.224792457540E+01
6,0.5140,2.701985758933E+01,4.667917719397E-01,1.222409592836E+01
6,0.5150,2.674881763082E+01,4.622838339308E-01,1.220035981977E+01
6,0.5160,2.647741625485E+01,4.577933685497E-01,1.217671571159E+01
6,0.5170,2.620564394908E+01,4.533202744081E-01,1.215316306998E+01
6,0.5180,2.593345252010E+01,4.488644509002E-01,1.212970136521E+01
6,0.5190,2.566083789898E+01,4.444257981958E-01,1.210633007164E+01
6,0.5200,2.538776456621E+01,4.400042172326E-01,1.208304866765E+01
6,0.5210,2.512696334223E+01,4.351714847982E-01,1.205985663566E+01
6,0.5220,2.486575955093E+01,4.303572685800E-01,1.203675346203E+01
6,0.5230,2.460412041167E+01,4.255614623665E-01,1.201373863705E+01
6,0.5240,2.434201080147E+01,4.207839607569E-01,1.199081165492E+01
6,0.5250,2.407940831904E+01,4.160246591534E-01,1.196797201368E+01
6,0.5260,2.381631721789E+01,4.112834537537E-01,1.194521921517E+01
6,0.5270,2.355267716401E+01,4.065602415434E-01,1.192255276505E+01
6,0.5280,2.328847045083E+01,4.018549202884E-01,1.189997217269E+01
6,0.5290,2.302369535036E+01,3.971673885278E-01,1.187747695119E+01
6,0.5300,2.275829818176E+01,3.924975455662E-01,1.185506661732E+01
6,0.5310,2.249887345632E+01,3.884298288572E-01,1.183274069149E+01
6,0.5320,2.223884935773E+01,3.843774043163E-01,1.181049869771E+01
6,0.5330,2.197819066868E+01,3.803401858712E-01,1.178834016356E+01
6,0.5340,2.171687080051E+01,3.763180880945E-01,1.176626462019E+01
6,0.5350,2.145485332074E+01,3.723110261973E-01,1.174427160220E+01
6,0.5360,2.119211266406E+01,3.683189160236E-01,1.172236064772E+01
6,0.5370,2.092861445796E+01,3.643416740442E-01,1.170053129829E+01
6,0.5380,2.066434311718E+01,3.603792173510E-01,1.167878309885E+01
6,0.5390,2.039927291381E+01,3.564314636510E-01,1.165711559774E+01
6,0.5400,2.013335565368E+01,3.524983312611E-01,1.163552834663E+01
6,0.5410,1.987582740005E+01,3.491441805176E-01,1.161402090052E+01
6,0.5420,1.961748981465E+01,3.458024067141E-01,1.159259281767E+01
6,0.5430,1.935832669990E+01,3.424729414697E-01,1.157124365963E+01
6,0.5440,1.909830470282E+01,3.391557169064E-01,1.154997299114E+01
6,0.5450,1.883738512631E+01,3.358506656442E-01,1.152878038015E+01
6,0.5460,1.857554911268E+01,3.325577207969E-01,1.150766539776E+01
6,0.5470,1.831278648378E+01,3.292768159674E-01,1.148662761824E+01
6,0.5480,1.804902983415E+01,3.260078852430E-01,1.146566661894E+01
6,0.5490,1.778429179950E+01,3.227508631916E-01,1.144478198029E+01
6,0.5500,1.751851964552E+01,3.195056848567E-01,1.142397328578E+01
6,0.5510,1.725899874326E+01,3.164057036630E-01,1.140324012192E+01
6,0.5520,1.699852095896E+01,3.133169542852E-01,1.138258207822E+01
6,0.5530,1.673704270666E+01,3.102393757912E-01,1.136199874716E+01
6,0.5540,1.647455006300E+01,3.071729076889E-01,1.134148972415E+01
6,0.5550,1.621105057291E+01,3.041174899221E-01,1.132105460753E+01
6,0.5560,1.594651720821E+01,3.010730628667E-01,1.130069299852E+01
6,0.5570,1.568097369370E+01,2.980395673267E-01,1.128040450122E+01
6,0.5580,1.541442812584E+01,2.950169445307E-01,1.126018872254E+01
6,0.5590,1.514690623471E+01,2.920051361274E-01,1.124004527224E+01
6,0.5600,1.487844516988E+01,2.890040841827E-01,1.121997376282E+01
6,0.5610,1.461425261745E+01,2.866666896486E-01,1.119997380959E+01
6,0.5620,1.434928263627E+01,2.843376132444E-01,1.118004503057E+01
6,0.5630,1.408367173185E+01,2.820168106464E-01,1.116018704650E+01
6,0.5640,1.381753784978E+01,2.797042378447E-01,1.114039948081E+01
6,0.5650,1.355107541542E+01,2.773998511415E-01,1.112068195961E+01
6,0.5660,1.328454134199E+01,2.751036071475E-01,1.110103411162E+01
6,0.5670,1.301828045689E+01,2.728154627795E-01,1.108145556822E+01
6,0.5680,1.275276670581E+01,2.705353752579E-01,1.106194596334E+01
6,0.5690,1.248865135382E+01,2.682633021037E-01,1.104250493353E+01
6,0.5700,1.222683794744E+01,2.659992011361E-01,1.102313211786E+01
6,0.5710,1.197616625226E+01,2.637650381238E-01,1.100382715793E+01
6,0.5720,1.173075606521E+01,2.615386868703E-01,1.098458969787E+01
6,0.5730,1.149350533448E+01,2.593201064764E-01,1.096541938426E+01
6,0.5740,1.126948764727E+01,2.571092563277E-01,1.094631586617E+01
6,0.5750,1.106904055563E+01,2.549060960926E-01,1.092727879509E+01
6,0.5760,1.092145161934E+01,2.527105857194E-01,1.090830782496E+01
6,0.4000,7.360592321852E+01,4.649557127313E+00,1.570796326795E+01
6,0.4010,7.281075449930E+01,4.529847561859E+00,1.566879128972E+01
6,0.4020,7.201693646635E+01,4.410733566383E+00,1.562981419696E+01
6,0.4030,7.122435367673E+01,4.292210707361E+00,1.559103053891E+01
6,0.4040,7.043294722631E+01,4.174274595166E+00,1.555243887916E+01
6,0.4050,6.964263287281E+01,4.056920883525E+00,1.551403779551E+01
6,0.4060,6.885333243464E+01,3.940145268985E+00,1.547582587975E+01
6,0.4070,6.806496987161E+01,3.823943490389E+00,1.543780173754E+01
6,0.4080,6.727743731498E+01,3.708311328355E+00,1.539996398819E+01
6,0.4090,6.649067229997E+01,3.593244604766E+00,1.536231126450E+01
6,0.4100,6.570455764585E+01,3.478739182268E+00,1.532484221263E+01
6,0.4110,6.505617696317E+01,3.392308563657E+00,1.528755549192E+01
6,0.4120,6.440865409340E+01,3.306297511157E+00,1.525044977471E+01
6,0.4130,6.376196234272E+01,3.220702977070E+00,1.521352374620E+01
6,0.4140,6.311603958668E+01,3.135521943148E+00,1.517677610430E+01
6,0.4150,6.247082498342E+01,3.050751420233E+00,1.514020555947E+01
6,0.4160,6.182624465846E+01,2.966388447909E+00,1.510381083457E+01
6,0.4170,6.118225768537E+01,2.882430094157E+00,1.506759066470E+01
6,0.4180,6.053878284235E+01,2.798873455016E+00,1.503154379708E+01
6,0.4190,5.989577217818E+01,2.715715654249E+00,1.499566899088E+01
6,0.4200,5.925313135721E+01,2.632953843009E+00,1.495996501709E+01
6,0.4210,5.869003151573E+01,2.569986959374E+00,1.492443065838E+01
6,0.4220,5.812745482286E+01,2.507318496988E+00,1.488906470896E+01
6,0.4230,5.756536513706E+01,2.444946339389E+00,1.485386597442E+01
6,0.4240,5.700369468451E+01,2.382868390081E+00,1.481883327165E+01
6,0.4250,5.644237400002E+01,2.321082572299E+00,1.478396542866E+01
6,0.4260,5.588139228833E+01,2.259586828779E+00,1.474926128446E+01
6,0.4270,5.532068291578E+01,2.198379121528E+00,1.471471968895E+01
6,0.4280,5.476015609846E+01,2.137457431601E+00,1.468033950276E+01
6,0.4290,5.419979491975E+01,2.076819758877E+00,1.464611959716E+01
6,0.4300,5.363951872153E+01,2.016464121839E+00,1.461205885391E+01
6,0.4310,5.314421277276E+01,1.966593266679E+00,1.457815616515E+01
6,0.4320,5.264916569850E+01,1.916953295107E+00,1.454441043329E+01
6,0.4330,5.215431300336E+01,1.867542607469E+00,1.451082057085E+01
6,0.4340,5.165961069424E+01,1.818359618852E+00,1.447738550041E+01
6,0.4350,5.116502490108E+01,1.769402758918E+00,1.444410415444E+01
6,0.4360,5.067051683167E+01,1.720670471737E+00,1.441097547518E+01
6,0.4370,5.017600890085E+01,1.672161215618E+00,1.437799841460E+01
6,0.4380,4.968148691591E+01,1.623873462951E+00,1.434517193420E+01
6,0.4390,4.918686224795E+01,1.575805700047E+00,1.431249500496E+01
6,0.4400,4.869211260850E+01,1.527956426973E+00,1.427996660723E+01
6,0.4410,4.822935659210E+01,1.495002020225E+00,1.424758573057E+01
6,0.4420,4.776652614870E+01,1.462196728440E+00,1.421535137371E+01
6,0.4430,4.730357771172E+01,1.429539541810E+00,1.418326254442E+01
6,0.4440,4.684047240917E+01,1.397029459624E+00,1.415131825941E+01
6,0.4450,4.637712666149E+01,1.364665490167E+00,1.411951754422E+01
6,0.4460,4.591353389547E+01,1.332446650618E+00,1.408785943314E+01
6,0.4470,4.544960574853E+01,1.300371966950E+00,1.405634296908E+01
6,0.4480,4.498532285790E+01,1.268440473834E+00,1.402496720353E+01
6,0.4490,4.452061337753E+01,1.236651214541E+00,1.399373119639E+01
6,0.4500,4.405542071961E+01,1.205003240845E+00,1.396263401595E+01
6,0.4510,4.362487524370E+01,1.181543941427E+00,1.393167473876E+01
6,0.4520,4.319398359234E+01,1.158188444218E+00,1.390085244951E+01
6,0.4530,4.276268898612E+01,1.134936061787E+00,1.387016624101E+01
6,0.4540,4.233091655405E+01,1.111786112760E+00,1.383961521405E+01
6,0.4550,4.189863877126E+01,1.088737921749E+00,1.380919847732E+01
6,0.4560,4.146579424123E+01,1.065790819296E+00,1.377891514732E+01
6,0.4570,4.103232664046E+01,1.042944141799E+00,1.374876434831E+01
6,0.4580,4.059818650674E+01,1.020197231453E+00,1.371874521218E+01
6,0.4590,4.016333674580E+01,9.975494361844E-01,1.368885687839E+01
6,0.4600,3.972767292739E+01,9.750001095908E-01,1.365909849387E+01
6,0.4610,3.932119873428E+01,9.602165502576E-01,1.362946921297E+01
6,0.4620,3.891404045717E+01,9.454969890168E-01,1.359996819736E+01
6,0.4630,3.850618434351E+01,9.308410111938E-01,1.357059461594E+01
6,0.4640,3.809753455999E+01,9.162482056890E-01,1.354134764478E+01
6,0.4650,3.768806453525E+01,9.017181649391E-01,1.351222646705E+01
6,0.4660,3.727769584037E+01,8.872504848791E-01,1.348323027292E+01
6,0.4670,3.686636101413E+01,8.728447649050E-01,1.345435825949E+01
6,0.4680,3.645404421283E+01,8.585006078367E-01,1.342560963073E+01
6,0.4690,3.604063086126E+01,8.442176198818E-01,1.339698359740E+01
6,0.4700,3.562607172238E+01,8.299954105990E-01,1.336847937698E+01
6,0.4710,3.523722538368E+01,8.187857561508E-01,1.334009619359E+01
6,0.4720,3.484733521941E+01,8.076236002383E-01,1.331183327792E+01
6,0.4730,3.445636483162E+01,7.965086416024E-01,1.328368986719E+01
6,0.4740,3.406427267385E+01,7.854405815261E-01,1.325566520502E+01
6,0.4750,3.367097615017E+01,7.744191238081E-01,1.322775854143E+01
6,0.4760,3.327641659537E+01,7.634439747359E-01,1.319996913273E+01
6,0.4770,3.288053125715E+01,7.525148430602E-01,1.317229624147E+01
6,0.4780,3.248322476536E+01,7.416314399690E-01,1.314473913636E+01
6,0.4790,3.208445911588E+01,7.307934790619E-01,1.311729709223E+01
6,0.4800,3.168411683475E+01,7.200006763252E-01,1.308996938996E+01
6,0.4810,3.130344810860E+01,7.108320372249E-01,1.306275531638E+01
6,0.4820,3.092129974492E+01,7.017014422703E-01,1.303565416427E+01
6,0.4830,3.053762835246E+01,6.926086551623E-01,1.300866523226E+01
6,0.4840,3.015234128225E+01,6.835534415547E-01,1.298178782475E+01
6,0.4850,2.976538306994E+01,6.745355690342E-01,1.295502125192E+01
6,0.4860,2.937667238018E+01,6.655548071001E-01,1.292836482959E+01
6,0.4870,2.898610200837E+01,6.566109271453E-01,1.290181787922E+01
6,0.4880,2.859359440936E+01,6.477037024362E-01,1.287537972783E+01
6,0.4890,2.819907428573E+01,6.388329080940E-01,1.284904970793E+01
6,0.4900,2.780244081303E+01,6.299983210756E-01,1.282282715751E+01
6,0.4910,2.743644008481E+01,6.223603818808E-01,1.279671141992E+01
6,0.4920,2.706862570736E+01,6.147534912194E-01,1.277070184386E+01
6,0.4930,2.669889808040E+01,6.071774601550E-01,1.274479778333E+01
6,0.4940,2.632720204468E+01,5.996321012811E-01,1.271899859753E+01
6,0.4950,2.595342442343E+01,5.921172287057E-01,1.269330365087E+01
6,0.4960,2.557749630751E+01,5.846326580358E-01,1.266771231286E+01
6,0.4970,2.519932198785E+01,5.771782063626E-01,1.264222395811E+01
6,0.4980,2.481883129098E+01,5.697536922463E-01,1.261683796622E+01
6,0.4990,2.443591762507E+01,5.623589357017E-01,1.259155372180E+01
6,0.5000,2.405050307752E+01,5.549937581832E-01,1.256637061436E+01
6,0.5010,2.367068677579E+01,5.478686762100E-01,1.254128803828E+01
6,0.5020,2.328831402816E+01,5.407719810176E-01,1.251630539279E+01
6,0.5030,2.290332670861E+01,5.337035033011E-01,1.249142208187E+01
6,0.5040,2.251563139909E+01,5.266630750993E-01,1.246663751425E+01
6,0.5050,2.212517177239E+01,5.196505297815E-01,1.244195110333E+01
6,0.5060,2.173188584057E+01,5.126657020341E-01,1.241736226715E+01
6,0.5070,2.133569300512E+01,5.057084278479E-01,1.239287042836E+01
6,0.5080,2.093656581745E+01,4.987785445049E-01,1.236847501413E+01
6,0.5090,2.053449886436E+01,4.918758905661E-01,1.234417545615E+01
6,0.5100,2.012949041608E+01,4.850003058583E-01,1.231997119055E+01
6,0.5110,1.973649910687E+01,4.804214475246E-01,1.229586165789E+01
6,0.5120,1.934095914465E+01,4.758604753562E-01,1.227184630309E+01
6,0.5130,1.894298287318E+01,4.713172847558E-01,1.224792457540E+01
6,0.5140,1.854280685846E+01,4.667917719397E-01,1.222409592836E+01
6,0.5150,1.814069036708E+01,4.622838339308E-01,1.220035981977E+01
6,0.5160,1.773709690863E+01,4.577933685497E-01,1.217671571159E+01
6,0.5170,1.733255431366E+01,4.533202744081E-01,1.215316306998E+01
6,0.5180,1.692784684016E+01,4.488644509002E-01,1.212970136521E+01
6,0.5190,1.652397172638E+01,4.444257981958E-01,1.210633007164E+01
6,0.5200,1.612226806233E+01,4.400042172326E-01,1.208304866765E+01
6,0.5210,1.574247930096E+01,4.351714847982E-01,1.205985663566E+01
6,0.5220,1.536809970398E+01,4.303572685800E-01,1.203675346203E+01
6,0.5230,1.500134820888E+01,4.255614623665E-01,1.201373863705E+01
6,0.5240,1.464496299242E+01,4.207839607569E-01,1.199081165492E+01
6,0.5250,1.430206407650E+01,4.160246591534E-01,1.196797201368E+01
6,0.5260,1.397608597583E+01,4.112834537537E-01,1.194521921517E+01
6,0.5270,1.367052084689E+01,4.065602415434E-01,1.192255276505E+01
6,0.5280,1.338851207627E+01,4.018549202884E-01,1.189997217269E+01
6,0.5290,1.313252880267E+01,3.971673885278E-01,1.187747695119E+01
6,0.5300,1.290390847913E+01,3.924975455662E-01,1.185506661732E+01
6,0.5310,1.270685480501E+01,3.884298288572E-01,1.183274069149E+01
6,0.5320,1.253464934375E+01,3.843774043163E-01,1.181049869771E+01
6,0.5330,1.238526784052E+01,3.803401858712E-01,1.178834016356E+01
6,0.5340,1.225618073124E+01,3.763180880945E-01,1.176626462019E+01
6,0.5350,1.214467434088E+01,3.723110261973E-01,1.174427160220E+01
6,0.5360,1.204811211932E+01,3.683189160236E-01,1.172236064772E+01
6,0.5370,1.196412578800E+01,3.643416740442E-01,1.170053129829E+01
6,0.5380,1.189061832954E+01,3.603792173510E-01,1.167878309885E+01
6,0.5390,1.182585236676E+01,3.564314636510E-01,1.165711559774E+01
6,0.5400,1.176838790597E+01,3.524983312611E-01,1.163552834663E+01
6,0.5410,1.171801185319E+01,3.491441805176E-01,1.161402090052E+01
6,0.5420,1.167249474504E+01,3.458024067141E-01,1.159259281767E+01
6,0.5430,1.163114876587E+01,3.424729414697E-01,1.157124365963E+01
6,0.5440,1.159341948386E+01,3.391557169064E-01,1.154997299114E+01
6,0.5450,1.155886627466E+01,3.358506656442E-01,1.152878038015E+01
6,0.5460,1.152712466216E+01,3.325577207969E-01,1.150766539776E+01
6,0.5470,1.149795911914E+01,3.292768159674E-01,1.148662761824E+01
6,0.5480,1.147114964123E+01,3.260078852430E-01,1.146566661894E+01
6,0.5490,1.144654087848E+01,3.227508631916E-01,1.144478198029E+01
6,0.5500,1.142407256218E+01,3.195056848567E-01,1.142397328578E+01
7,0.4000,7.070792756763E+01,4.649557127313E+00,1.570796326795E+01
7,0.4010,6.989721957152E+01,4.529847561859E+00,1.566879128972E+01
7,0.4020,6.908773455620E+01,4.410733566383E+00,1.562981419696E+01
7,0.4030,6.827944590317E+01,4.292210707361E+00,1.559103053891E+01
7,0.4040,6.747223843861E+01,4.174274595166E+00,1.555243887916E+01
7,0.4050,6.666602755295E+01,4.056920883525E+00,1.551403779551E+01
7,0.4060,6.586073643837E+01,3.940145268985E+00,1.547582587975E+01
7,0.4070,6.505628082465E+01,3.823943490389E+00,1.543780173754E+01
7,0.4080,6.425258226237E+01,3.708311328355E+00,1.539996398819E+01
7,0.4090,6.344955419605E+01,3.593244604766E+00,1.536231126450E+01
7,0.4100,6.264707642052E+01,3.478739182268E+00,1.532484221263E+01
7,0.4110,6.198512562022E+01,3.392308563657E+00,1.528755549192E+01
7,0.4120,6.132401056512E+01,3.306297511157E+00,1.525044977471E+01
7,0.4130,6.066365296655E+01,3.220702977070E+00,1.521352374620E+01
7,0.4140,6.000402793433E+01,3.135521943148E+00,1.517677610430E+01
7,0.4150,5.934504124517E+01,3.050751420233E+00,1.514020555947E+01
7,0.4160,5.868665432634E+01,2.966388447909E+00,1.510381083457E+01
7,0.4170,5.802879615259E+01,2.882430094157E+00,1.506759066470E+01
7,0.4180,5.737137906674E+01,2.798873455016E+00,1.503154379708E+01
7,0.4190,5.671438579157E+01,2.715715654249E+00,1.499566899088E+01
7,0.4200,5.605772446658E+01,2.632953843009E+00,1.495996501709E+01
7,0.4210,5.548229503900E+01,2.569986959374E+00,1.492443065838E+01
7,0.4220,5.490736580073E+01,2.507318496988E+00,1.488906470896E+01
7,0.4230,5.433285590536E+01,2.444946339389E+00,1.485386597442E+01
7,0.4240,5.375874611135E+01,2.382868390081E+00,1.481883327165E+01
7,0.4250,5.318497883280E+01,2.321082572299E+00,1.478396542866E+01
7,0.4260,5.261150004279E+01,2.259586828779E+00,1.474926128446E+01
7,0.4270,5.203823463323E+01,2.198379121528E+00,1.471471968895E+01
7,0.4280,5.146514298235E+01,2.137457431601E+00,1.468033950276E+01
7,0.4290,5.089217108024E+01,2.076819758877E+00,1.464611959716E+01
7,0.4300,5.031925992584E+01,2.016464121839E+00,1.461205885391E+01
7,0.4310,4.981276872500E+01,1.966593266679E+00,1.457815616515E+01
7,0.4320,4.930652260018E+01,1.916953295107E+00,1.454441043329E+01
7,0.4330,4.880043643623E+01,1.867542607469E+00,1.451082057085E+01
7,0.4340,4.829448797789E+01,1.818359618852E+00,1.447738550041E+01
7,0.4350,4.778864984815E+01,1.769402758918E+00,1.444410415444E+01
7,0.4360,4.728283432006E+01,1.720670471737E+00,1.441097547518E+01
7,0.4370,4.677702698961E+01,1.672161215618E+00,1.437799841460E+01
7,0.4380,4.627117057123E+01,1.623873462951E+00,1.434517193420E+01
7,0.4390,4.576520175157E+01,1.575805700047E+00,1.431249500496E+01
7,0.4400,4.525906728140E+01,1.527956426973E+00,1.427996660723E+01
7,0.4410,4.478568368534E+01,1.495002020225E+00,1.424758573057E+01
7,0.4420,4.431218775622E+01,1.462196728440E+00,1.421535137371E+01
7,0.4430,4.383856628751E+01,1.429539541810E+00,1.418326254442E+01
7,0.4440,4.336476148763E+01,1.397029459624E+00,1.415131825941E+01
7,0.4450,4.289073587056E+01,1.364665490167E+00,1.411951754422E+01
7,0.4460,4.241641269976E+01,1.332446650618E+00,1.408785943314E+01
7,0.4470,4.194177245276E+01,1.300371966950E+00,1.405634296908E+01
7,0.4480,4.146672450635E+01,1.268440473834E+00,1.402496720353E+01
7,0.4490,4.099125231647E+01,1.236651214541E+00,1.399373119639E+01
7,0.4500,4.051528024203E+01,1.205003240845E+00,1.396263401595E+01
7,0.4510,4.007477591802E+01,1.181543941427E+00,1.393167473876E+01
7,0.4520,3.963391279328E+01,1.158188444218E+00,1.390085244951E+01
7,0.4530,3.919260820083E+01,1.134936061787E+00,1.387016624101E+01
7,0.4540,3.875085893737E+01,1.111786112760E+00,1.383961521405E+01
7,0.4550,3.830856240023E+01,1.088737921749E+00,1.380919847732E+01
7,0.4560,3.786571311165E+01,1.065790819296E+00,1.377891514732E+01
7,0.4570,3.742221786575E+01,1.042944141799E+00,1.374876434831E+01
7,0.4580,3.697804808119E+01,1.020197231453E+00,1.371874521218E+01
7,0.4590,3.653311439975E+01,9.975494361844E-01,1.368885687839E+01
7,0.4600,3.608739861200E+01,9.750001095908E-01,1.365909849387E+01
7,0.4610,3.567154636893E+01,9.602165502576E-01,1.362946921297E+01
7,0.4620,3.525503356519E+01,9.454969890168E-01,1.359996819736E+01
7,0.4630,3.483777734460E+01,9.308410111938E-01,1.357059461594E+01
7,0.4640,3.441973991577E+01,9.162482056890E-01,1.354134764478E+01
7,0.4650,3.400085537258E+01,9.017181649391E-01,1.351222646705E+01
7,0.4660,3.358106285927E+01,8.872504848791E-01,1.348323027292E+01
7,0.4670,3.316033218252E+01,8.728447649050E-01,1.345435825949E+01
7,0.4680,3.273855133087E+01,8.585006078367E-01,1.342560963073E+01
7,0.4690,3.231569429033E+01,8.442176198818E-01,1.339698359740E+01
7,0.4700,3.189166940299E+01,8.299954105990E-01,1.336847937698E+01
7,0.4710,3.149396194210E+01,8.187857561508E-01,1.334009619359E+01
7,0.4720,3.109521474902E+01,8.076236002383E-01,1.331183327792E+01
7,0.4730,3.069539718003E+01,7.965086416024E-01,1.328368986719E+01
7,0.4740,3.029442133308E+01,7.854405815261E-01,1.325566520502E+01
7,0.4750,2.989223656244E+01,7.744191238081E-01,1.322775854143E+01
7,0.4760,2.948875807899E+01,7.634439747359E-01,1.319996913273E+01
7,0.4770,2.908392843511E+01,7.525148430602E-01,1.317229624147E+01
7,0.4780,2.867767240778E+01,7.416314399690E-01,1.314473913636E+01
7,0.4790,2.826990769127E+01,7.307934790619E-01,1.311729709223E+01
7,0.4800,2.786057826002E+01,7.200006763252E-01,1.308996938996E+01
7,0.4810,2.747136247731E+01,7.108320372249E-01,1.306275531638E+01
7,0.4820,2.708067885375E+01,7.017014422703E-01,1.303565416427E+01
7,0.4830,2.668843681694E+01,6.926086551623E-01,1.300866523226E+01
7,0.4840,2.629454076946E+01,6.835534415547E-01,1.298178782475E+01
7,0.4850,2.589895918258E+01,6.745355690342E-01,1.295502125192E+01
7,0.4860,2.550154607151E+01,6.655548071001E-01,1.292836482959E+01
7,0.4870,2.510227150305E+01,6.566109271453E-01,1.290181787922E+01
7,0.4880,2.470100623113E+01,6.477037024362E-01,1.287537972783E+01
7,0.4890,2.429767600283E+01,6.388329080940E-01,1.284904970793E+01
7,0.4900,2.389216858641E+01,6.299983210756E-01,1.282282715751E+01
7,0.4910,2.351804067578E+01,6.223603818808E-01,1.279671141992E+01
7,0.4920,2.314202980488E+01,6.147534912194E-01,1.277070184386E+01
7,0.4930,2.276406530862E+01,6.071774601550E-01,1.274479778333E+01
7,0.4940,2.238407626489E+01,5.996321012811E-01,1.271899859753E+01
7,0.4950,2.200193090805E+01,5.921172287057E-01,1.269330365087E+01
7,0.4960,2.161756146935E+01,5.846326580358E-01,1.266771231286E+01
7,0.4970,2.123088589564E+01,5.771782063626E-01,1.264222395811E+01
7,0.4980,2.084179382214E+01,5.697536922463E-01,1.261683796622E+01
7,0.4990,2.045018925243E+01,5.623589357017E-01,1.259155372180E+01
7,0.5000,2.005599392830E+01,5.549937581832E-01,1.256637061436E+01
7,0.5010,1.966750223495E+01,5.478686762100E-01,1.254128803828E+01
7,0.5020,1.927635944690E+01,5.407719810176E-01,1.251630539279E+01
7,0.5030,1.888249864413E+01,5.337035033011E-01,1.249142208187E+01
7,0.5040,1.848579779187E+01,5.266630750993E-01,1.246663751425E+01
7,0.5050,1.808626013623E+01,5.196505297815E-01,1.244195110333E+01
7,0.5060,1.768378512343E+01,5.126657020341E-01,1.241736226715E+01
7,0.5070,1.727836466713E+01,5.057084278479E-01,1.239287042836E+01
7,0.5080,1.686997931534E+01,4.987785445049E-01,1.236847501413E+01
7,0.5090,1.645868202893E+01,4.918758905661E-01,1.234417545615E+01
7,0.5100,1.604458174050E+01,4.850003058583E-01,1.231997119055E+01
7,0.5110,1.564315463274E+01,4.804214475246E-01,1.229586165789E+01
7,0.5120,1.523963899738E+01,4.758604753562E-01,1.227184630309E+01
7,0.5130,1.483452581429E+01,4.713172847558E-01,1.224792457540E+01
7,0.5140,1.442856214311E+01,4.667917719397E-01,1.222409592836E+01
7,0.5150,1.402291171496E+01,4.622838339308E-01,1.220035981977E+01
7,0.5160,1.361946702899E+01,4.577933685497E-01,1.217671571159E+01
7,0.5170,1.322139016373E+01,4.533202744081E-01,1.215316306998E+01
7,0.5180,1.283439474399E+01,4.488644509002E-01,1.212970136521E+01
7,0.5190,1.247041084977E+01,4.444257981958E-01,1.210633007164E+01
7,0.5200,1.216293815706E+01,4.400042172326E-01,1.208304866765E+01
7,0.4000,6.853542394915E+01,4.649557127313E+00,1.570796326795E+01
7,0.4010,6.768112405509E+01,4.529847561859E+00,1.566879128972E+01
7,0.4020,6.682678498604E+01,4.410733566383E+00,1.562981419696E+01
7,0.4030,6.597231001182E+01,4.292210707361E+00,1.559103053891E+01
7,0.4040,6.511755775851E+01,4.174274595166E+00,1.555243887916E+01
7,0.4050,6.426240560639E+01,4.056920883525E+00,1.551403779551E+01
7,0.4060,6.340666654177E+01,3.940145268985E+00,1.547582587975E+01
7,0.4070,6.255023890308E+01,3.823943490389E+00,1.543780173754E+01
7,0.4080,6.169293609132E+01,3.708311328355E+00,1.539996398819E+01
7,0.4090,6.083459079313E+01,3.593244604766E+00,1.536231126450E+01
7,0.4100,5.997504421840E+01,3.478739182268E+00,1.532484221263E+01
7,0.4110,5.926455747016E+01,3.392308563657E+00,1.528755549192E+01
7,0.4120,5.855360710280E+01,3.306297511157E+00,1.525044977471E+01
7,0.4130,5.784209498533E+01,3.220702977070E+00,1.521352374620E+01
7,0.4140,5.712991993353E+01,3.135521943148E+00,1.517677610430E+01
7,0.4150,5.641697042021E+01,3.050751420233E+00,1.514020555947E+01
7,0.4160,5.570309873756E+01,2.966388447909E+00,1.510381083457E+01
7,0.4170,5.498819654604E+01,2.882430094157E+00,1.506759066470E+01
7,0.4180,5.427212084809E+01,2.798873455016E+00,1.503154379708E+01
7,0.4190,5.355475946081E+01,2.715715654249E+00,1.499566899088E+01
7,0.4200,5.283594800075E+01,2.632953843009E+00,1.495996501709E+01
7,0.4210,5.220449303927E+01,2.569986959374E+00,1.492443065838E+01
7,0.4220,5.157207303935E+01,2.507318496988E+00,1.488906470896E+01
7,0.4230,5.093858209248E+01,2.444946339389E+00,1.485386597442E+01
7,0.4240,5.030392879723E+01,2.382868390081E+00,1.481883327165E+01
7,0.4250,4.966796630734E+01,2.321082572299E+00,1.478396542866E+01
7,0.4260,4.903058768372E+01,2.259586828779E+00,1.474926128446E+01
7,0.4270,4.839167807001E+01,2.198379121528E+00,1.471471968895E+01
7,0.4280,4.775109679303E+01,2.137457431601E+00,1.468033950276E+01
7,0.4290,4.710868430121E+01,2.076819758877E+00,1.464611959716E+01
7,0.4300,4.646432742904E+01,2.016464121839E+00,1.461205885391E+01
7,0.4310,4.589288512253E+01,1.966593266679E+00,1.457815616515E+01
7,0.4320,4.531999430854E+01,1.916953295107E+00,1.454441043329E+01
7,0.4330,4.474553282182E+01,1.867542607469E+00,1.451082057085E+01
7,0.4340,4.416940858062E+01,1.818359618852E+00,1.447738550041E+01
7,0.4350,4.359146055955E+01,1.769402758918E+00,1.444410415444E+01
7,0.4360,4.301159160328E+01,1.720670471737E+00,1.441097547518E+01
7,0.4370,4.242966289600E+01,1.672161215618E+00,1.437799841460E+01
7,0.4380,4.184553904246E+01,1.623873462951E+00,1.434517193420E+01
7,0.4390,4.125906695995E+01,1.575805700047E+00,1.431249500496E+01
7,0.4400,4.067009704901E+01,1.527956426973E+00,1.427996660723E+01
7,0.4410,4.011699077143E+01,1.495002020225E+00,1.424758573057E+01
7,0.4420,3.956156997053E+01,1.462196728440E+00,1.421535137371E+01
7,0.4430,3.900369450858E+01,1.429539541810E+00,1.418326254442E+01
7,0.4440,3.844323256965E+01,1.397029459624E+00,1.415131825941E+01
7,0.4450,3.788000559279E+01,1.364665490167E+00,1.411951754422E+01
7,0.4460,3.731386008525E+01,1.332446650618E+00,1.408785943314E+01
7,0.4470,3.674459285268E+01,1.300371966950E+00,1.405634296908E+01
7,0.4480,3.617204059699E+01,1.268440473834E+00,1.402496720353E+01
7,0.4490,3.559604061527E+01,1.236651214541E+00,1.399373119639E+01
7,0.4500,3.501630825329E+01,1.205003240845E+00,1.396263401595E+01
7,0.4510,3.447687270759E+01,1.181543941427E+00,1.393167473876E+01
7,0.4520,3.393408720725E+01,1.158188444218E+00,1.390085244951E+01
7,0.4530,3.338775306872E+01,1.134936061787E+00,1.387016624101E+01
7,0.4540,3.283769818759E+01,1.111786112760E+00,1.383961521405E+01
7,0.4550,3.228369104691E+01,1.088737921749E+00,1.380919847732E+01
7,0.4560,3.172549919873E+01,1.065790819296E+00,1.377891514732E+01
7,0.4570,3.116289952809E+01,1.042944141799E+00,1.374876434831E+01
7,0.4580,3.059566377995E+01,1.020197231453E+00,1.371874521218E+01
7,0.4590,3.002349341182E+01,9.975494361844E-01,1.368885687839E+01
7,0.4600,2.944611546011E+01,9.750001095908E-01,1.365909849387E+01
7,0.4610,2.890342758406E+01,9.602165502576E-01,1.362946921297E+01
7,0.4620,2.835589053315E+01,9.454969890168E-01,1.359996819736E+01
7,0.4630,2.780322296322E+01,9.308410111938E-01,1.357059461594E+01
7,0.4640,2.724518097592E+01,9.162482056890E-01,1.354134764478E+01
7,0.4650,2.668148030289E+01,9.017181649391E-01,1.351222646705E+01
7,0.4660,2.611181714954E+01,8.872504848791E-01,1.348323027292E+01
7,0.4670,2.553592235506E+01,8.728447649050E-01,1.345435825949E+01
7,0.4680,2.495347504255E+01,8.585006078367E-01,1.342560963073E+01
7,0.4690,2.436422600430E+01,8.442176198818E-01,1.339698359740E+01
7,0.4700,2.376787196152E+01,8.299954105990E-01,1.336847937698E+01
7,0.4710,2.320323131654E+01,8.187857561508E-01,1.334009619359E+01
7,0.4720,2.263213229915E+01,8.076236002383E-01,1.331183327792E+01
7,0.4730,2.205440396786E+01,7.965086416024E-01,1.328368986719E+01
7,0.4740,2.147008519110E+01,7.854405815261E-01,1.325566520502E+01
7,0.4750,2.087927442009E+01,7.744191238081E-01,1.322775854143E+01
7,0.4760,2.028226521078E+01,7.634439747359E-01,1.319996913273E+01
7,0.4770,1.967966337733E+01,7.525148430602E-01,1.317229624147E+01
7,0.4780,1.907245731358E+01,7.416314399690E-01,1.314473913636E+01
7,0.4790,1.846228361732E+01,7.307934790619E-01,1.311729709223E+01
7,0.4800,1.785164339665E+01,7.200006763252E-01,1.308996938996E+01
7,0.4810,1.727582969070E+01,7.108320372249E-01,1.306275531638E+01
7,0.4820,1.670759678126E+01,7.017014422703E-01,1.303565416427E+01
7,0.4830,1.615329134771E+01,6.926086551623E-01,1.300866523226E+01
7,0.4840,1.562133430121E+01,6.835534415547E-01,1.298178782475E+01
7,0.4850,1.512209315050E+01,6.745355690342E-01,1.295502125192E+01
7,0.4860,1.466690949179E+01,6.655548071001E-01,1.292836482959E+01
7,0.4870,1.426586783873E+01,6.566109271453E-01,1.290181787922E+01
7,0.4880,1.392507719470E+01,6.477037024362E-01,1.287537972783E+01
7,0.4890,1.364462493594E+01,6.388329080940E-01,1.284904970793E+01
7,0.4900,1.341903611202E+01,6.299983210756E-01,1.282282715751E+01
7,0.4910,1.325081952547E+01,6.223603818808E-01,1.279671141992E+01
7,0.4920,1.311400558593E+01,6.147534912194E-01,1.277070184386E+01
7,0.4930,1.300192630835E+01,6.071774601550E-01,1.274479778333E+01
7,0.4940,1.290912048522E+01,5.996321012811E-01,1.271899859753E+01
7,0.4950,1.283129060984E+01,5.921172287057E-01,1.269330365087E+01
7,0.4960,1.276516812542E+01,5.846326580358E-01,1.266771231286E+01
7,0.4970,1.270833019558E+01,5.771782063626E-01,1.264222395811E+01
7,0.4980,1.265902843423E+01,5.697536922463E-01,1.261683796622E+01
7,0.4990,1.261598525744E+01,5.623589357017E-01,1.259155372180E+01
7,0.5000,1.257825009201E+01,5.549937581832E-01,1.256637061436E+01
7,0.5010,1.254538971851E+01,5.478686762100E-01,1.254128803828E+01
7,0.5020,1.251669706666E+01,5.407719810176E-01,1.251630539279E+01
8,0.4000,6.535445472402E+01,4.649557127313E+00,1.570796326795E+01
8,0.4010,6.448362670179E+01,4.529847561859E+00,1.566879128972E+01
8,0.4020,6.361269247777E+01,4.410733566383E+00,1.562981419696E+01
8,0.4030,6.274152524459E+01,4.292210707361E+00,1.559103053891E+01
8,0.4040,6.186998173231E+01,4.174274595166E+00,1.555243887916E+01
8,0.4050,6.099794094784E+01,4.056920883525E+00,1.551403779551E+01
8,0.4060,6.012526184508E+01,3.940145268985E+00,1.547582587975E+01
8,0.4070,5.925175977078E+01,3.823943490389E+00,1.543780173754E+01
8,0.4080,5.837730147746E+01,3.708311328355E+00,1.539996398819E+01
8,0.4090,5.750171763053E+01,3.593244604766E+00,1.536231126450E+01
8,0.4100,5.662484284975E+01,3.478739182268E+00,1.532484221263E+01
8,0.4110,5.589999730987E+01,3.392308563657E+00,1.528755549192E+01
8,0.4120,5.517464435176E+01,3.306297511157E+00,1.525044977471E+01
8,0.4130,5.444868659307E+01,3.220702977070E+00,1.521352374620E+01
8,0.4140,5.372202057255E+01,3.135521943148E+00,1.517677610430E+01
8,0.4150,5.299447243939E+01,3.050751420233E+00,1.514020555947E+01
8,0.4160,5.226601152700E+01,2.966388447909E+00,1.510381083457E+01
8,0.4170,5.153643511677E+01,2.882430094157E+00,1.506759066470E+01
8,0.4180,5.080564501292E+01,2.798873455016E+00,1.503154379708E+01
8,0.4190,5.007352233816E+01,2.715715654249E+00,1.499566899088E+01
8,0.4200,4.933987219607E+01,2.632953843009E+00,1.495996501709E+01
8,0.4210,4.869539408746E+01,2.569986959374E+00,1.492443065838E+01
8,0.4220,4.804993391561E+01,2.507318496988E+00,1.488906470896E+01
8,0.4230,4.740333337287E+01,2.444946339389E+00,1.485386597442E+01
8,0.4240,4.675554966897E+01,2.382868390081E+00,1.481883327165E+01
8,0.4250,4.610642730949E+01,2.321082572299E+00,1.478396542866E+01
8,0.4260,4.545586801789E+01,2.259586828779E+00,1.474926128446E+01
8,0.4270,4.480370696515E+01,2.198379121528E+00,1.471471968895E+01
8,0.4280,4.414983414089E+01,2.137457431601E+00,1.468033950276E+01
8,0.4290,4.349410325492E+01,2.076819758877E+00,1.464611959716E+01
8,0.4300,4.283639122107E+01,2.016464121839E+00,1.461205885391E+01
8,0.4310,4.225313349669E+01,1.966593266679E+00,1.457815616515E+01
8,0.4320,4.166838576883E+01,1.916953295107E+00,1.454441043329E+01
8,0.4330,4.108206088852E+01,1.867542607469E+00,1.451082057085E+01
8,0.4340,4.049402648556E+01,1.818359618852E+00,1.447738550041E+01
8,0.4350,3.990416734800E+01,1.769402758918E+00,1.444410415444E+01
8,0.4360,3.931233590819E+01,1.720670471737E+00,1.441097547518E+01
8,0.4370,3.871841123028E+01,1.672161215618E+00,1.437799841460E+01
8,0.4380,3.812223584494E+01,1.623873462951E+00,1.434517193420E+01
8,0.4390,3.752369476732E+01,1.575805700047E+00,1.431249500496E+01
8,0.4400,3.692261738691E+01,1.527956426973E+00,1.427996660723E+01
8,0.4410,3.635816603638E+01,1.495002020225E+00,1.424758573057E+01
8,0.4420,3.579137069841E+01,1.462196728440E+00,1.421535137371E+01
8,0.4430,3.522209603643E+01,1.429539541810E+00,1.418326254442E+01
8,0.4440,3.465015496416E+01,1.397029459624E+00,1.415131825941E+01
8,0.4450,3.407543988308E+01,1.364665490167E+00,1.411951754422E+01
8,0.4460,3.349774788087E+01,1.332446650618E+00,1.408785943314E+01
8,0.4470,3.291687849005E+01,1.300371966950E+00,1.405634296908E+01
8,0.4480,3.233268152297E+01,1.268440473834E+00,1.402496720353E+01
8,0.4490,3.174489203271E+01,1.236651214541E+00,1.399373119639E+01
8,0.4500,3.115337759104E+01,1.205003240845E+00,1.396263401595E+01
8,0.4510,3.060297508882E+01,1.181543941427E+00,1.393167473876E+01
8,0.4520,3.004916992316E+01,1.158188444218E+00,1.390085244951E+01
8,0.4530,2.949173308797E+01,1.134936061787E+00,1.387016624101E+01
8,0.4540,2.893047749335E+01,1.111786112760E+00,1.383961521405E+01
8,0.4550,2.836515990357E+01,1.088737921749E+00,1.380919847732E+01
8,0.4560,2.779555531132E+01,1.065790819296E+00,1.377891514732E+01
8,0.4570,2.722142503934E+01,1.042944141799E+00,1.374876434831E+01
8,0.4580,2.664247526819E+01,1.020197231453E+00,1.371874521218E+01
8,0.4590,2.605846028706E+01,9.975494361844E-01,1.368885687839E+01
8,0.4600,2.546904416951E+01,9.750001095908E-01,1.365909849387E+01
8,0.4610,2.491502442345E+01,9.602165502576E-01,1.362946921297E+01
8,0.4620,2.435593790279E+01,9.454969890168E-01,1.359996819736E+01
8,0.4630,2.379150842727E+01,9.308410111938E-01,1.357059461594E+01
8,0.4640,2.322144896574E+01,9.162482056890E-01,1.354134764478E+01
8,0.4650,2.264546229070E+01,9.017181649391E-01,1.351222646705E+01
8,0.4660,2.206318929753E+01,8.872504848791E-01,1.348323027292E+01
8,0.4670,2.147431189585E+01,8.728447649050E-01,1.345435825949E+01
8,0.4680,2.087850309192E+01,8.585006078367E-01,1.342560963073E+01
8,0.4690,2.027541134696E+01,8.442176198818E-01,1.339698359740E+01
8,0.4700,1.966473941855E+01,8.299954105990E-01,1.336847937698E+01
8,0.4710,1.908634722925E+01,8.187857561508E-01,1.334009619359E+01
8,0.4720,1.850103712941E+01,8.076236002383E-01,1.331183327792E+01
8,0.4730,1.790875114115E+01,7.965086416024E-01,1.328368986719E+01
8,0.4740,1.730955249648E+01,7.854405815261E-01,1.325566520502E+01
8,0.4750,1.670385840205E+01,7.744191238081E-01,1.322775854143E+01
8,0.4760,1.609251911372E+01,7.634439747359E-01,1.319996913273E+01
8,0.4770,1.547731851389E+01,7.525148430602E-01,1.317229624147E+01
8,0.4780,1.486172606400E+01,7.416314399690E-01,1.314473913636E+01
8,0.4790,1.425295553463E+01,7.307934790619E-01,1.311729709223E+01
8,0.4800,1.366799287074E+01,7.200006763252E-01,1.308996938996E+01
8,0.4810,1.318513697551E+01,7.108320372249E-01,1.306275531638E+01
8,0.4000,6.229564679466E+01,4.649557127313E+00,1.570796326795E+01
8,0.4010,6.135521713043E+01,4.529847561859E+00,1.566879128972E+01
8,0.4020,6.041227062526E+01,4.410733566383E+00,1.562981419696E+01
8,0.4030,5.946652261063E+01,4.292210707361E+00,1.559103053891E+01
8,0.4040,5.851771246103E+01,4.174274595166E+00,1.555243887916E+01
8,0.4050,5.756554956842E+01,4.056920883525E+00,1.551403779551E+01
8,0.4060,5.660971420151E+01,3.940145268985E+00,1.547582587975E+01
8,0.4070,5.564986498346E+01,3.823943490389E+00,1.543780173754E+01
8,0.4080,5.468568009244E+01,3.708311328355E+00,1.539996398819E+01
8,0.4090,5.371678579530E+01,3.593244604766E+00,1.536231126450E+01
8,0.4100,5.274278949222E+01,3.478739182268E+00,1.532484221263E+01
8,0.4110,5.193467500632E+01,3.392308563657E+00,1.528755549192E+01
8,0.4120,5.112320320848E+01,3.306297511157E+00,1.525044977471E+01
8,0.4130,5.030811334254E+01,3.220702977070E+00,1.521352374620E+01
8,0.4140,4.948915786719E+01,3.135521943148E+00,1.517677610430E+01
8,0.4150,4.866602678742E+01,3.050751420233E+00,1.514020555947E+01
8,0.4160,4.783838301409E+01,2.966388447909E+00,1.510381083457E+01
8,0.4170,4.700593307952E+01,2.882430094157E+00,1.506759066470E+01
8,0.4180,4.616830939300E+01,2.798873455016E+00,1.503154379708E+01
8,0.4190,4.532513166112E+01,2.715715654249E+00,1.499566899088E+01
8,0.4200,4.447597272957E+01,2.632953843009E+00,1.495996501709E+01
8,0.4210,4.372626324576E+01,2.569986959374E+00,1.492443065838E+01
8,0.4220,4.297174193384E+01,2.507318496988E+00,1.488906470896E+01
8,0.4230,4.221209777240E+01,2.444946339389E+00,1.485386597442E+01
8,0.4240,4.144696529012E+01,2.382868390081E+00,1.481883327165E+01
8,0.4250,4.067597737240E+01,2.321082572299E+00,1.478396542866E+01
8,0.4260,3.989872044151E+01,2.259586828779E+00,1.474926128446E+01
8,0.4270,3.911478830499E+01,2.198379121528E+00,1.471471968895E+01
8,0.4280,3.832366576435E+01,2.137457431601E+00,1.468033950276E+01
8,0.4290,3.752490727808E+01,2.076819758877E+00,1.464611959716E+01
8,0.4300,3.671793024426E+01,2.016464121839E+00,1.461205885391E+01
8,0.4310,3.599708920920E+01,1.966593266679E+00,1.457815616515E+01
8,0.4320,3.526932717967E+01,1.916953295107E+00,1.454441043329E+01
8,0.4330,3.453414303602E+01,1.867542607469E+00,1.451082057085E+01
8,0.4340,3.379110190005E+01,1.818359618852E+00,1.447738550041E+01
8,0.4350,3.303962598565E+01,1.769402758918E+00,1.444410415444E+01
8,0.4360,3.227915497398E+01,1.720670471737E+00,1.441097547518E+01
8,0.4370,3.150904929357E+01,1.672161215618E+00,1.437799841460E+01
8,0.4380,3.072867910946E+01,1.623873462951E+00,1.434517193420E+01
8,0.4390,2.993729418001E+01,1.575805700047E+00,1.431249500496E+01
8,0.4400,2.913415873823E+01,1.527956426973E+00,1.427996660723E+01
8,0.4410,2.837173767376E+01,1.495002020225E+00,1.424758573057E+01
8,0.4420,2.759780602614E+01,1.462196728440E+00,1.421535137371E+01
8,0.4430,2.681163578410E+01,1.429539541810E+00,1.418326254442E+01
8,0.4440,2.601249228640E+01,1.397029459624E+00,1.415131825941E+01
8,0.4450,2.519965066353E+01,1.364665490167E+00,1.411951754422E+01
8,0.4460,2.437239411531E+01,1.332446650618E+00,1.408785943314E+01
8,0.4470,2.353020520290E+01,1.300371966950E+00,1.405634296908E+01
8,0.4480,2.267276342027E+01,1.268440473834E+00,1.402496720353E+01
8,0.4490,2.180024580876E+01,1.236651214541E+00,1.399373119639E+01
8,0.4500,2.091365001093E+01,1.205003240845E+00,1.396263401595E+01
8,0.4510,2.008309956800E+01,1.181543941427E+00,1.393167473876E+01
8,0.4520,1.924649149194E+01,1.158188444218E+00,1.390085244951E+01
8,0.4530,1.841049341469E+01,1.134936061787E+00,1.387016624101E+01
8,0.4540,1.758652350704E+01,1.111786112760E+00,1.383961521405E+01
8,0.4550,1.679280328163E+01,1.088737921749E+00,1.380919847732E+01
8,0.4560,1.605602854945E+01,1.065790819296E+00,1.377891514732E+01
8,0.4570,1.540879144971E+01,1.042944141799E+00,1.374876434831E+01
8,0.4580,1.487887533396E+01,1.020197231453E+00,1.371874521218E+01
8,0.4590,1.447459270037E+01,9.975494361844E-01,1.368885687839E+01
8,0.4600,1.418079383692E+01,9.750001095908E-01,1.365909849387E+01
8,0.4610,1.398111530218E+01,9.602165502576E-01,1.362946921297E+01
8,0.4620,1.383310237768E+01,9.454969890168E-01,1.359996819736E+01
8,0.4630,1.372094043376E+01,9.308410111938E-01,1.357059461594E+01
8,0.4640,1.363378334073E+01,9.162482056890E-01,1.354134764478E+01
8,0.4650,1.356447711325E+01,9.017181649391E-01,1.351222646705E+01
8,0.4660,1.350850595170E+01,8.872504848791E-01,1.348323027292E+01
8,0.4670,1.346303992546E+01,8.728447649050E-01,1.345435825949E+01
8,0.4680,1.342646761971E+01,8.585006078367E-01,1.342560963073E+01
9,0.4000,5.884860032860E+01,4.649557127313E+00,1.570796326795E+01
9,0.4010,5.789080446419E+01,4.529847561859E+00,1.566879128972E+01
9,0.4020,5.693038486533E+01,4.410733566383E+00,1.562981419696E+01
9,0.4030,5.596710010505E+01,4.292210707361E+00,1.559103053891E+01
9,0.4040,5.500064309599E+01,4.174274595166E+00,1.555243887916E+01
9,0.4050,5.403075416198E+01,4.056920883525E+00,1.551403779551E+01
9,0.4060,5.305707951381E+01,3.940145268985E+00,1.547582587975E+01
9,0.4070,5.207934014244E+01,3.823943490389E+00,1.543780173754E+01
9,0.4080,5.109712007135E+01,3.708311328355E+00,1.539996398819E+01
9,0.4090,5.011011400444E+01,3.593244604766E+00,1.536231126450E+01
9,0.4100,4.911786002212E+01,3.478739182268E+00,1.532484221263E+01
9,0.4110,4.829464935831E+01,3.392308563657E+00,1.528755549192E+01
9,0.4120,4.746802414138E+01,3.306297511157E+00,1.525044977471E+01
9,0.4130,4.663775450926E+01,3.220702977070E+00,1.521352374620E+01
9,0.4140,4.580349238025E+01,3.135521943148E+00,1.517677610430E+01
9,0.4150,4.496502138009E+01,3.050751420233E+00,1.514020555947E+01
9,0.4160,4.412197648680E+01,2.966388447909E+00,1.510381083457E+01
9,0.4170,4.327399485222E+01,2.882430094157E+00,1.506759066470E+01
9,0.4180,4.242081018773E+01,2.798873455016E+00,1.503154379708E+01
9,0.4190,4.156193676795E+01,2.715715654249E+00,1.499566899088E+01
9,0.4200,4.069701006151E+01,2.632953843009E+00,1.495996501709E+01
9,0.4210,3.993343578732E+01,2.569986959374E+00,1.492443065838E+01
9,0.4220,3.916499059662E+01,2.507318496988E+00,1.488906470896E+01
9,0.4230,3.839133747925E+01,2.444946339389E+00,1.485386597442E+01
9,0.4240,3.761209615444E+01,2.382868390081E+00,1.481883327165E+01
9,0.4250,3.682691941225E+01,2.321082572299E+00,1.478396542866E+01
9,0.4260,3.603535643110E+01,2.259586828779E+00,1.474926128446E+01
9,0.4270,3.523697468884E+01,2.198379121528E+00,1.471471968895E+01
9,0.4280,3.443130184410E+01,2.137457431601E+00,1.468033950276E+01
9,0.4290,3.361781844177E+01,2.076819758877E+00,1.464611959716E+01
9,0.4300,3.279593721758E+01,2.016464121839E+00,1.461205885391E+01
9,0.4310,3.206181265024E+01,1.966593266679E+00,1.457815616515E+01
9,0.4320,3.132058897792E+01,1.916953295107E+00,1.454441043329E+01
9,0.4330,3.057179891812E+01,1.867542607469E+00,1.451082057085E+01
9,0.4340,2.981487907093E+01,1.818359618852E+00,1.447738550041E+01
9,0.4350,2.904928650099E+01,1.769402758918E+00,1.444410415444E+01
9,0.4360,2.827439047814E+01,1.720670471737E+00,1.441097547518E+01
9,0.4370,2.748953256530E+01,1.672161215618E+00,1.437799841460E+01
9,0.4380,2.669400348509E+01,1.623873462951E+00,1.434517193420E+01
9,0.4390,2.588697681192E+01,1.575805700047E+00,1.431249500496E+01
9,0.4400,2.506761844723E+01,1.527956426973E+00,1.427996660723E+01
9,0.4410,2.428950832189E+01,1.495002020225E+00,1.424758573057E+01
9,0.4420,2.349918299730E+01,1.462196728440E+00,1.421535137371E+01
9,0.4430,2.269586311884E+01,1.429539541810E+00,1.418326254442E+01
9,0.4440,2.187859625645E+01,1.397029459624E+00,1.415131825941E+01
9,0.4450,2.104651650619E+01,1.364665490167E+00,1.411951754422E+01
9,0.4460,2.019878798701E+01,1.332446650618E+00,1.408785943314E+01
9,0.4470,1.933472996905E+01,1.300371966950E+00,1.405634296908E+01
9,0.4480,1.845405485429E+01,1.268440473834E+00,1.402496720353E+01
9,0.4490,1.755725623838E+01,1.236651214541E+00,1.399373119639E+01
9,0.4500,1.664681050910E+01,1.205003240845E+00,1.396263401595E+01
9,0.4510,1.579857084215E+01,1.181543941427E+00,1.393167473876E+01
9,0.4520,1.495939579940E+01,1.158188444218E+00,1.390085244951E+01
9,0.4530,1.417868372656E+01,1.134936061787E+00,1.387016624101E+01
9,0.4000,5.449139270889E+01,4.649557127313E+00,1.570796326795E+01
9,0.4010,5.341537379801E+01,4.529847561859E+00,1.566879128972E+01
9,0.4020,5.233134026646E+01,4.410733566383E+00,1.562981419696E+01
9,0.4030,5.123862535910E+01,4.292210707361E+00,1.559103053891E+01
9,0.4040,5.013653042544E+01,4.174274595166E+00,1.555243887916E+01
9,0.4050,4.902428124818E+01,4.056920883525E+00,1.551403779551E+01
9,0.4060,4.790098695813E+01,3.940145268985E+00,1.547582587975E+01
9,0.4070,4.676577682502E+01,3.823943490389E+00,1.543780173754E+01
9,0.4080,4.561760412103E+01,3.708311328355E+00,1.539996398819E+01
9,0.4090,4.445533993837E+01,3.593244604766E+00,1.536231126450E+01
9,0.4100,4.327771542666E+01,3.478739182268E+00,1.532484221263E+01
9,0.4110,4.229311403217E+01,3.392308563657E+00,1.528755549192E+01
9,0.4120,4.129707285065E+01,3.306297511157E+00,1.525044977471E+01
9,0.4130,4.028867472920E+01,3.220702977070E+00,1.521352374620E+01
9,0.4140,3.926693570038E+01,3.135521943148E+00,1.517677610430E+01
9,0.4150,3.823072738331E+01,3.050751420233E+00,1.514020555947E+01
9,0.4160,3.717883906343E+01,2.966388447909E+00,1.510381083457E+01
9,0.4170,3.610988111989E+01,2.882430094157E+00,1.506759066470E+01
9,0.4180,3.502239239978E+01,2.798873455016E+00,1.503154379708E+01
9,0.4190,3.391462797158E+01,2.715715654249E+00,1.499566899088E+01
9,0.4200,3.278469360106E+01,2.632953843009E+00,1.495996501709E+01
9,0.4210,3.177408858547E+01,2.569986959374E+00,1.492443065838E+01
9,0.4220,3.074383542928E+01,2.507318496988E+00,1.488906470896E+01
9,0.4230,2.969221874329E+01,2.444946339389E+00,1.485386597442E+01
9,0.4240,2.861746749704E+01,2.382868390081E+00,1.481883327165E+01
9,0.4250,2.751757442883E+01,2.321082572299E+00,1.478396542866E+01
9,0.4260,2.639058398654E+01,2.259586828779E+00,1.474926128446E+01
9,0.4270,2.523457197072E+01,2.198379121528E+00,1.471471968895E+01
9,0.4280,2.404801286758E+01,2.137457431601E+00,1.468033950276E+01
9,0.4290,2.283042911092E+01,2.076819758877E+00,1.464611959716E+01
9,0.4300,2.158373943476E+01,2.016464121839E+00,1.461205885391E+01
9,0.4310,2.046180933147E+01,1.966593266679E+00,1.457815616515E+01
9,0.4320,1.933421361129E+01,1.916953295107E+00,1.454441043329E+01
9,0.4330,1.822454549211E+01,1.867542607469E+00,1.451082057085E+01
9,0.4340,1.717695857007E+01,1.818359618852E+00,1.447738550041E+01
9,0.4350,1.626034102459E+01,1.769402758918E+00,1.444410415444E+01
9,0.4360,1.554579330967E+01,1.720670471737E+00,1.441097547518E+01
9,0.4370,1.505316404591E+01,1.672161215618E+00,1.437799841460E+01
9,0.4380,1.473700362786E+01,1.623873462951E+00,1.434517193420E+01
9,0.4390,1.453436271549E+01,1.575805700047E+00,1.431249500496E+01
9,0.4400,1.439917491111E+01,1.527956426973E+00,1.427996660723E+01
9,0.4410,1.430777866246E+01,1.495002020225E+00,1.424758573057E+01
9,0.4420,1.423978055834E+01,1.462196728440E+00,1.421535137371E+01
9,0.4430,1.418866500757E+01,1.429539541810E+00,1.418326254442E+01
10,0.4000,5.079301673197E+01,4.649557127313E+00,1.570796326795E+01
10,0.4010,4.969880270891E+01,4.529847561859E+00,1.566879128972E+01
10,0.4020,4.859643846892E+01,4.410733566383E+00,1.562981419696E+01
10,0.4030,4.748527629408E+01,4.292210707361E+00,1.559103053891E+01
10,0.4040,4.636459797275E+01,4.174274595166E+00,1.555243887916E+01
10,0.4050,4.523360732615E+01,4.056920883525E+00,1.551403779551E+01
10,0.4060,4.409144341203E+01,3.940145268985E+00,1.547582587975E+01
10,0.4070,4.293717545171E+01,3.823943490389E+00,1.543780173754E+01
10,0.4080,4.176974023017E+01,3.708311328355E+00,1.539996398819E+01
10,0.4090,4.058800396938E+01,3.593244604766E+00,1.536231126450E+01
10,0.4100,3.939070447216E+01,3.478739182268E+00,1.532484221263E+01
10,0.4110,3.838966671506E+01,3.392308563657E+00,1.528755549192E+01
10,0.4120,3.737703904267E+01,3.306297511157E+00,1.525044977471E+01
10,0.4130,3.635181410360E+01,3.220702977070E+00,1.521352374620E+01
10,0.4140,3.531300252951E+01,3.135521943148E+00,1.517677610430E+01
10,0.4150,3.425940298749E+01,3.050751420233E+00,1.514020555947E+01
10,0.4160,3.318976230427E+01,2.966388447909E+00,1.510381083457E+01
10,0.4170,3.210264082709E+01,2.882430094157E+00,1.506759066470E+01
10,0.4180,3.099640037256E+01,2.798873455016E+00,1.503154379708E+01
10,0.4190,2.986924900372E+01,2.715715654249E+00,1.499566899088E+01
10,0.4200,2.871914352850E+01,2.632953843009E+00,1.495996501709E+01
10,0.4210,2.769010732546E+01,2.569986959374E+00,1.492443065838E+01
10,0.4220,2.664053260903E+01,2.507318496988E+00,1.488906470896E+01
10,0.4230,2.556844807014E+01,2.444946339389E+00,1.485386597442E+01
10,0.4240,2.447177866115E+01,2.382868390081E+00,1.481883327165E+01
10,0.4250,2.334819621276E+01,2.321082572299E+00,1.478396542866E+01
10,0.4260,2.219520570780E+01,2.259586828779E+00,1.474926128446E+01
10,0.4270,2.101039413524E+01,2.198379121528E+00,1.471471968895E+01
10,0.4280,1.979168282305E+01,2.137457431601E+00,1.468033950276E+01
10,0.4290,1.853850710986E+01,2.076819758877E+00,1.464611959716E+01
10,0.4300,1.725486927318E+01,2.016464121839E+00,1.461205885391E+01
10,0.4310,1.610862056462E+01,1.966593266679E+00,1.457815616515E+01
10,0.4320,1.500919481288E+01,1.916953295107E+00,1.454441043329E+01
10,0.4000,4.432174528932E+01,4.649557127313E+00,1.570796326795E+01
10,0.4010,4.299749915967E+01,4.529847561859E+00,1.566879128972E+01
10,0.4020,4.164965096994E+01,4.410733566383E+00,1.562981419696E+01
10,0.4030,4.027573668241E+01,4.292210707361E+00,1.559103053891E+01
10,0.4040,3.887301863217E+01,4.174274595166E+00,1.555243887916E+01
10,0.4050,3.743839946296E+01,4.056920883525E+00,1.551403779551E+01
10,0.4060,3.596819195660E+01,3.940145268985E+00,1.547582587975E+01
10,0.4070,3.445823598089E+01,3.823943490389E+00,1.543780173754E+01
10,0.4080,3.290363885520E+01,3.708311328355E+00,1.539996398819E+01
10,0.4090,3.129875795470E+01,3.593244604766E+00,1.536231126450E+01
10,0.4100,2.963705696807E+01,3.478739182268E+00,1.532484221263E+01
10,0.4110,2.821704326239E+01,3.392308563657E+00,1.528755549192E+01
10,0.4120,2.675013121042E+01,3.306297511157E+00,1.525044977471E+01
10,0.4130,2.523240468392E+01,3.220702977070E+00,1.521352374620E+01
10,0.4140,2.366161184439E+01,3.135521943148E+00,1.517677610430E+01
10,0.4150,2.204057316764E+01,3.050751420233E+00,1.514020555947E+01
10,0.4160,2.038607628274E+01,2.966388447909E+00,1.510381083457E+01
10,0.4170,1.875078672024E+01,2.882430094157E+00,1.506759066470E+01
10,0.4180,1.726734937219E+01,2.798873455016E+00,1.503154379708E+01
10,0.4190,1.615374120743E+01,2.715715654249E+00,1.499566899088E+01
10,0.4200,1.550467123685E+01,2.632953843009E+00,1.495996501709E+01
10,0.4210,1.519741149496E+01,2.569986959374E+00,1.492443065838E+01
10,0.4220,1.501893166474E+01,2.507318496988E+00,1.488906470896E+01
10,0.4230,1.490705295465E+01,2.444946339389E+00,1.485386597442E+01
10,0.4240,1.483293968208E+01,2.382868390081E+00,1.481883327165E+01
10,0.4250,1.478419308228E+01,2.321082572299E+00,1.478396542866E+01
11,0.4000,4.038112163477E+01,4.649557127313E+00,1.570796326795E+01
11,0.4010,3.903681576179E+01,4.529847561859E+00,1.566879128972E+01
11,0.4020,3.766847777327E+01,4.410733566383E+00,1.562981419696E+01
11,0.4030,3.627359282414E+01,4.292210707361E+00,1.559103053891E+01
11,0.4040,3.484930937157E+01,4.174274595166E+00,1.555243887916E+01
11,0.4050,3.339228084335E+01,4.056920883525E+00,1.551403779551E+01
11,0.4060,3.189868034458E+01,3.940145268985E+00,1.547582587975E+01
11,0.4070,3.036398196300E+01,3.823943490389E+00,1.543780173754E+01
11,0.4080,2.878288028290E+01,3.708311328355E+00,1.539996398819E+01
11,0.4090,2.714906687588E+01,3.593244604766E+00,1.536231126450E+01
11,0.4100,2.545508079159E+01,3.478739182268E+00,1.532484221263E+01
11,0.4110,2.400517740712E+01,3.392308563657E+00,1.528755549192E+01
11,0.4120,2.250412185261E+01,3.306297511157E+00,1.525044977471E+01
11,0.4130,2.094658772589E+01,3.220702977070E+00,1.521352374620E+01
11,0.4140,1.932915594173E+01,3.135521943148E+00,1.517677610430E+01
11,0.4150,1.765705672212E+01,3.050751420233E+00,1.514020555947E+01
11,0.4160,1.597964628972E+01,2.966388447909E+00,1.510381083457E+01
11,0.4000,2.958558852943E+01,4.649557127313E+00,1.570796326795E+01
11,0.4010,2.762410502635E+01,4.529847561859E+00,1.566879128972E+01
11,0.4020,2.556845734219E+01,4.410733566383E+00,1.562981419696E+01
11,0.4030,2.341395377587E+01,4.292210707361E+00,1.559103053891E+01
11,0.4040,2.117851172302E+01,4.174274595166E+00,1.555243887916E+01
11,0.4050,1.896392511067E+01,4.056920883525E+00,1.551403779551E+01
11,0.4060,1.710869165486E+01,3.940145268985E+00,1.547582587975E+01
11,0.4070,1.605448850979E+01,3.823943490389E+00,1.543780173754E+01
11,0.4080,1.561873869246E+01,3.708311328355E+00,1.539996398819E+01
11,0.4090,1.542896446730E+01,3.593244604766E+00,1.536231126450E+01
11,0.4100,1.533408733530E+01,3.478739182268E+00,1.532484221263E+01
12,0.4000,2.535542639425E+01,4.649557127313E+00,1.570796326795E+01
12,0.4010,2.335033649864E+01,4.529847561859E+00,1.566879128972E+01
12,0.4020,2.124037656160E+01,4.410733566383E+00,1.562981419696E+01
12,0.4030,1.901760775362E+01,4.292210707361E+00,1.559103053891E+01
12,0.4040,1.672302818371E+01,4.174274595166E+00,1.555243887916E+01
