Modenumber, Lambda (um), beta  (per um), alpha/2  (per um), k0  (per um); Thickness=0.5; um 
0,0.3000,1.040418609131E+02,8.867668863533E+01,2.094395102393E+01
0,0.3010,1.039982295116E+02,8.705447177761E+01,2.087436979129E+01
0,0.3020,1.039548795786E+02,8.544299807790E+01,2.080524936152E+01
0,0.3030,1.039118172091E+02,8.384216116828E+01,2.073658517221E+01
0,0.3040,1.038690382762E+02,8.225185608043E+01,2.066837272099E+01
0,0.3050,1.038265399284E+02,8.067197922267E+01,2.060060756452E+01
0,0.3060,1.037843209519E+02,7.910242835745E+01,2.053328531758E+01
0,0.3070,1.037423765689E+02,7.754310257929E+01,2.046640165205E+01
0,0.3080,1.037007021601E+02,7.599390229320E+01,2.039995229604E+01
0,0.3090,1.036592998009E+02,7.445472919343E+01,2.033393303294E+01
0,0.3100,1.036181647280E+02,7.292548624268E+01,2.026833970058E+01
0,0.3110,1.032656777950E+02,7.209500568704E+01,2.020316819029E+01
0,0.3120,1.029154439841E+02,7.126984872471E+01,2.013841444609E+01
0,0.3130,1.025674463770E+02,7.044996433082E+01,2.007407446383E+01
0,0.3140,1.022216588494E+02,6.963530213053E+01,2.001014429038E+01
0,0.3150,1.018780655457E+02,6.882581238864E+01,1.994662002279E+01
0,0.3160,1.015366444518E+02,6.802144599956E+01,1.988349780753E+01
0,0.3170,1.011973736828E+02,6.722215447729E+01,1.982077383968E+01
0,0.3180,1.008602314081E+02,6.642788994572E+01,1.975844436220E+01
0,0.3190,1.005252022023E+02,6.563860512908E+01,1.969650566514E+01
0,0.3200,1.001922629828E+02,6.485425334254E+01,1.963495408494E+01
0,0.3210,1.000417692190E+02,6.425486731426E+01,1.957378600367E+01
0,0.3220,9.989221068775E+01,6.365920418057E+01,1.951299784838E+01
0,0.3230,9.974357738908E+01,6.306722936349E+01,1.945258609034E+01
0,0.3240,9.959586395412E+01,6.247890871195E+01,1.939254724438E+01
0,0.3250,9.944905708577E+01,6.189420849519E+01,1.933287786824E+01
0,0.3260,9.930315146932E+01,6.131309539632E+01,1.927357456190E+01
0,0.3270,9.915813675041E+01,6.073553650601E+01,1.921463396691E+01
0,0.3280,9.901400926587E+01,6.016149931624E+01,1.915605276579E+01
0,0.3290,9.887075812378E+01,5.959095171426E+01,1.909782768140E+01
0,0.3300,9.872837368069E+01,5.902386197654E+01,1.903995547630E+01
0,0.3310,9.863058507633E+01,5.861205822652E+01,1.898243295220E+01
0,0.3320,9.853338767078E+01,5.820273522199E+01,1.892525694934E+01
0,0.3330,9.843677589761E+01,5.779587061388E+01,1.886842434588E+01
0,0.3340,9.834074184617E+01,5.739144232079E+01,1.881193205742E+01
0,0.3350,9.824527997679E+01,5.698942852497E+01,1.875577703636E+01
0,0.3360,9.815038442611E+01,5.658980766841E+01,1.869995627137E+01
0,0.3370,9.805605621873E+01,5.619255844899E+01,1.864446678688E+01
0,0.3380,9.796228133006E+01,5.579765981666E+01,1.858930564254E+01
0,0.3390,9.786906087246E+01,5.540509096977E+01,1.853446993268E+01
0,0.3400,9.777638990323E+01,5.501483135139E+01,1.847995678582E+01
0,0.3410,9.784484321314E+01,5.478163705799E+01,1.842576336416E+01
0,0.3420,9.791289820672E+01,5.454980647391E+01,1.837188686310E+01
0,0.3430,9.798055584950E+01,5.431932767166E+01,1.831832451073E+01
0,0.3440,9.804782033074E+01,5.409018886245E+01,1.826507356738E+01
0,0.3450,9.811469259425E+01,5.386237839416E+01,1.821213132516E+01
0,0.3460,9.818118141981E+01,5.363588474938E+01,1.815949510746E+01
0,0.3470,9.824728413923E+01,5.341069654348E+01,1.810716226853E+01
0,0.3480,9.831300795805E+01,5.318680252267E+01,1.805513019304E+01
0,0.3490,9.837835562762E+01,5.296419156215E+01,1.800339629564E+01
0,0.3500,9.844333025909E+01,5.274285266427E+01,1.795195802051E+01
0,0.3510,9.911580883665E+01,5.264271040272E+01,1.790081284097E+01
0,0.3520,9.978445279399E+01,5.254313713129E+01,1.784995825903E+01
0,0.3530,1.004492941011E+02,5.244412801437E+01,1.779939180504E+01
0,0.3540,1.011103657169E+02,5.234567827100E+01,1.774911103723E+01
0,0.3550,1.017677002669E+02,5.224778317407E+01,1.769911354135E+01
0,0.3560,1.024213325272E+02,5.215043804959E+01,1.764939693028E+01
0,0.3570,1.030712877175E+02,5.205363827595E+01,1.759995884364E+01
0,0.3580,1.037176019708E+02,5.195737928317E+01,1.755079694743E+01
0,0.3590,1.043603027247E+02,5.186165655219E+01,1.750190893365E+01
0,0.3600,1.049994240301E+02,5.176646561415E+01,1.745329251994E+01
0,0.3610,1.062154501236E+02,5.023937503926E+01,1.740494544925E+01
0,0.3620,1.074247196473E+02,4.872072142888E+01,1.735686548945E+01
0,0.3630,1.086272907972E+02,4.721043505601E+01,1.730905043300E+01
0,0.3640,1.098232203643E+02,4.570844695992E+01,1.726149809665E+01
0,0.3650,1.110125616421E+02,4.421468893559E+01,1.721420632104E+01
0,0.3660,1.121953730632E+02,4.272909352342E+01,1.716717297044E+01
0,0.3670,1.133717080639E+02,4.125159399904E+01,1.712039593237E+01
0,0.3680,1.145416205870E+02,3.978212436339E+01,1.707387311734E+01
0,0.3690,1.157051617787E+02,3.832061933281E+01,1.702760245848E+01
0,0.3700,1.168623873875E+02,3.686701432942E+01,1.698158191130E+01
0,0.3710,1.160802466756E+02,3.469300566511E+01,1.693580945331E+01
0,0.3720,1.153022965690E+02,3.253068521943E+01,1.689028308382E+01
0,0.3730,1.145285070044E+02,3.037995898525E+01,1.684500082354E+01
0,0.3740,1.137588419865E+02,2.824073396088E+01,1.679996071438E+01
0,0.3750,1.129932704662E+02,2.611291813664E+01,1.675516081915E+01
0,0.3760,1.122317582196E+02,2.399642048168E+01,1.671059922122E+01
0,0.3770,1.114742715964E+02,2.189115093098E+01,1.666627402435E+01
0,0.3780,1.107207814083E+02,1.979702037262E+01,1.662218335233E+01
0,0.3790,1.099712526505E+02,1.771394063515E+01,1.657832534876E+01
0,0.3800,1.092256572743E+02,1.564182447524E+01,1.653469817679E+01
0,0.3810,1.079852036372E+02,1.477455568688E+01,1.649130001884E+01
0,0.3820,1.067512039562E+02,1.391182757281E+01,1.644812907639E+01
0,0.3830,1.055236133515E+02,1.305360456638E+01,1.640518356966E+01
0,0.3840,1.043023735465E+02,1.219985147144E+01,1.636246173745E+01
0,0.3850,1.030874387980E+02,1.135053345752E+01,1.631996183683E+01
0,0.3860,1.018787594458E+02,1.050561605506E+01,1.627768214295E+01
0,0.3870,1.006762833239E+02,9.665065150811E+00,1.623562094878E+01
0,0.3880,9.947996009148E+01,8.828846983181E+00,1.619377656490E+01
0,0.3890,9.828974590218E+01,7.996928137750E+00,1.615214731923E+01
0,0.3900,9.710558941143E+01,7.169275542807E+00,1.611073155687E+01
0,0.3910,9.617053353511E+01,6.911503837898E+00,1.606952763985E+01
0,0.3920,9.524021545087E+01,6.655047294747E+00,1.602853394689E+01
0,0.3930,9.431460324798E+01,6.399895873954E+00,1.598774887323E+01
0,0.3940,9.339365710090E+01,6.146039638038E+00,1.594717083041E+01
0,0.3950,9.247734566706E+01,5.893468750152E+00,1.590679824602E+01
0,0.3960,9.156563038653E+01,5.642173472811E+00,1.586662956358E+01
0,0.3970,9.065847523352E+01,5.392144166640E+00,1.582666324227E+01
0,0.3980,8.975584575833E+01,5.143371289143E+00,1.578689775673E+01
0,0.3990,8.885770841358E+01,4.895845393489E+00,1.574733159694E+01
0,0.4000,8.796402699396E+01,4.649557127313E+00,1.570796326795E+01
0,0.4010,8.729931440471E+01,4.529847561859E+00,1.566879128972E+01
0,0.4020,8.663788844600E+01,4.410733566383E+00,1.562981419696E+01
0,0.4030,8.597972630659E+01,4.292210707361E+00,1.559103053891E+01
0,0.4040,8.532480115571E+01,4.174274595166E+00,1.555243887916E+01
0,0.4050,8.467309235780E+01,4.056920883525E+00,1.551403779551E+01
0,0.4060,8.402457292190E+01,3.940145268985E+00,1.547582587975E+01
0,0.4070,8.337921871390E+01,3.823943490389E+00,1.543780173754E+01
0,0.4080,8.273700776518E+01,3.708311328355E+00,1.539996398819E+01
0,0.4090,8.209791785796E+01,3.593244604766E+00,1.536231126450E+01
0,0.4100,8.146192171587E+01,3.478739182268E+00,1.532484221263E+01
0,0.4110,8.093934357414E+01,3.392308563657E+00,1.528755549192E+01
0,0.4120,8.041928511442E+01,3.306297511157E+00,1.525044977471E+01
0,0.4130,7.990172952439E+01,3.220702977070E+00,1.521352374620E+01
0,0.4140,7.938666015544E+01,3.135521943148E+00,1.517677610430E+01
0,0.4150,7.887405872693E+01,3.050751420233E+00,1.514020555947E+01
0,0.4160,7.836390502046E+01,2.966388447909E+00,1.510381083457E+01
0,0.4170,7.785618523815E+01,2.882430094157E+00,1.506759066470E+01
0,0.4180,7.735087704223E+01,2.798873455016E+00,1.503154379708E+01
0,0.4190,7.684796755478E+01,2.715715654249E+00,1.499566899088E+01
0,0.4200,7.634743512555E+01,2.632953843009E+00,1.495996501709E+01
0,0.4210,7.591062529323E+01,2.569986959374E+00,1.492443065838E+01
0,0.4220,7.547587212802E+01,2.507318496988E+00,1.488906470896E+01
0,0.4230,7.504316204707E+01,2.444946339389E+00,1.485386597442E+01
0,0.4240,7.461247975414E+01,2.382868390081E+00,1.481883327165E+01
0,0.4250,7.418381613484E+01,2.321082572299E+00,1.478396542866E+01
0,0.4260,7.375714777492E+01,2.259586828779E+00,1.474926128446E+01
0,0.4270,7.333246868602E+01,2.198379121528E+00,1.471471968895E+01
0,0.4280,7.290975946194E+01,2.137457431601E+00,1.468033950276E+01
0,0.4290,7.248900812569E+01,2.076819758877E+00,1.464611959716E+01
0,0.4300,7.207020220581E+01,2.016464121839E+00,1.461205885391E+01
0,0.4310,7.170158179801E+01,1.966593266679E+00,1.457815616515E+01
0,0.4320,7.133465698141E+01,1.916953295107E+00,1.454441043329E+01
0,0.4330,7.096941650725E+01,1.867542607469E+00,1.451082057085E+01
0,0.4340,7.060584916194E+01,1.818359618852E+00,1.447738550041E+01
0,0.4350,7.024394510210E+01,1.769402758918E+00,1.444410415444E+01
0,0.4360,6.988368671134E+01,1.720670471737E+00,1.441097547518E+01
0,0.4370,6.952506931303E+01,1.672161215618E+00,1.437799841460E+01
0,0.4380,6.916807996959E+01,1.623873462951E+00,1.434517193420E+01
0,0.4390,6.881270485134E+01,1.575805700047E+00,1.431249500496E+01
0,0.4400,6.845893624482E+01,1.527956426973E+00,1.427996660723E+01
0,0.4410,6.812963241330E+01,1.495002020225E+00,1.424758573057E+01
0,0.4420,6.780180952422E+01,1.462196728440E+00,1.421535137371E+01
0,0.4430,6.747545918077E+01,1.429539541810E+00,1.418326254442E+01
0,0.4440,6.715056759238E+01,1.397029459624E+00,1.415131825941E+01
0,0.4450,6.682712900809E+01,1.364665490167E+00,1.411951754422E+01
0,0.4460,6.650512798303E+01,1.332446650618E+00,1.408785943314E+01
0,0.4470,6.618456093165E+01,1.300371966950E+00,1.405634296908E+01
0,0.4480,6.586541576433E+01,1.268440473834E+00,1.402496720353E+01
0,0.4490,6.554768003377E+01,1.236651214541E+00,1.399373119639E+01
0,0.4500,6.523135059267E+01,1.205003240845E+00,1.396263401595E+01
0,0.4510,6.494018142483E+01,1.181543941427E+00,1.393167473876E+01
0,0.4520,6.465029390399E+01,1.158188444218E+00,1.390085244951E+01
0,0.4530,6.436167784398E+01,1.134936061787E+00,1.387016624101E+01
0,0.4540,6.407432539438E+01,1.111786112760E+00,1.383961521405E+01
0,0.4550,6.378822674061E+01,1.088737921749E+00,1.380919847732E+01
0,0.4560,6.350337627079E+01,1.065790819296E+00,1.377891514732E+01
0,0.4570,6.321976153871E+01,1.042944141799E+00,1.374876434831E+01
0,0.4580,6.293737967188E+01,1.020197231453E+00,1.371874521218E+01
0,0.4590,6.265621913485E+01,9.975494361844E-01,1.368885687839E+01
0,0.4600,6.237627094299E+01,9.750001095908E-01,1.365909849387E+01
0,0.4610,6.211668833576E+01,9.602165502576E-01,1.362946921297E+01
0,0.4620,6.185821781961E+01,9.454969890167E-01,1.359996819736E+01
0,0.4630,6.160085904295E+01,9.308410111938E-01,1.357059461594E+01
0,0.4640,6.134460295084E+01,9.162482056890E-01,1.354134764478E+01
0,0.4650,6.108944082253E+01,9.017181649391E-01,1.351222646705E+01
0,0.4660,6.083536602878E+01,8.872504848791E-01,1.348323027292E+01
0,0.4670,6.058237368214E+01,8.728447649050E-01,1.345435825949E+01
0,0.4680,6.033045258610E+01,8.585006078367E-01,1.342560963073E+01
0,0.4690,6.007959937017E+01,8.442176198818E-01,1.339698359740E+01
0,0.4700,5.982980780098E+01,8.299954105990E-01,1.336847937698E+01
0,0.4710,5.959714392719E+01,8.187857561508E-01,1.334009619359E+01
0,0.4720,5.936545967376E+01,8.076236002383E-01,1.331183327792E+01
0,0.4730,5.913474766392E+01,7.965086416024E-01,1.328368986719E+01
0,0.4740,5.890500253395E+01,7.854405815261E-01,1.325566520502E+01
0,0.4750,5.867621849815E+01,7.744191238081E-01,1.322775854143E+01
0,0.4760,5.844838952647E+01,7.634439747359E-01,1.319996913273E+01
0,0.4770,5.822150927042E+01,7.525148430602E-01,1.317229624147E+01
0,0.4780,5.799557305862E+01,7.416314399690E-01,1.314473913636E+01
0,0.4790,5.777056991206E+01,7.307934790619E-01,1.311729709223E+01
0,0.4800,5.754650111450E+01,7.200006763252E-01,1.308996938996E+01
0,0.4810,5.733516464290E+01,7.108320372249E-01,1.306275531638E+01
0,0.4820,5.712470133322E+01,7.017014422703E-01,1.303565416427E+01
0,0.4830,5.691510307485E+01,6.926086551623E-01,1.300866523226E+01
0,0.4840,5.670636283621E+01,6.835534415547E-01,1.298178782475E+01
0,0.4850,5.649848004079E+01,6.745355690342E-01,1.295502125192E+01
0,0.4860,5.629144566983E+01,6.655548071001E-01,1.292836482959E+01
0,0.4870,5.608525579630E+01,6.566109271453E-01,1.290181787922E+01
0,0.4880,5.587990345907E+01,6.477037024362E-01,1.287537972783E+01
0,0.4890,5.567538667853E+01,6.388329080940E-01,1.284904970793E+01
0,0.4900,5.547169798499E+01,6.299983210756E-01,1.282282715751E+01
0,0.4910,5.528554872707E+01,6.223603818808E-01,1.279671141992E+01
0,0.4920,5.510015153184E+01,6.147534912194E-01,1.277070184386E+01
0,0.4930,5.491550133553E+01,6.071774601550E-01,1.274479778333E+01
0,0.4940,5.473159333794E+01,5.996321012811E-01,1.271899859753E+01
0,0.4950,5.454842290240E+01,5.921172287057E-01,1.269330365087E+01
0,0.4960,5.436598609775E+01,5.846326580358E-01,1.266771231286E+01
0,0.4970,5.418427895556E+01,5.771782063626E-01,1.264222395811E+01
0,0.4980,5.400329541794E+01,5.697536922463E-01,1.261683796622E+01
0,0.4990,5.382303250018E+01,5.623589357017E-01,1.259155372180E+01
0,0.5000,5.364348666531E+01,5.549937581832E-01,1.256637061436E+01
0,0.5010,5.346843219941E+01,5.478686762100E-01,1.254128803828E+01
0,0.5020,5.329407227638E+01,5.407719810176E-01,1.251630539279E+01
0,0.5030,5.312040048593E+01,5.337035033011E-01,1.249142208187E+01
0,0.5040,5.294741196309E+01,5.266630750993E-01,1.246663751425E+01
0,0.5050,5.277510407191E+01,5.196505297815E-01,1.244195110333E+01
0,0.5060,5.260347229099E+01,5.126657020341E-01,1.241736226715E+01
0,0.5070,5.243251378443E+01,5.057084278479E-01,1.239287042836E+01
0,0.5080,5.226222313958E+01,4.987785445049E-01,1.236847501413E+01
0,0.5090,5.209259556961E+01,4.918758905661E-01,1.234417545615E+01
0,0.5100,5.192363029991E+01,4.850003058583E-01,1.231997119055E+01
0,0.5110,5.176150102571E+01,4.804214475246E-01,1.229586165789E+01
0,0.5120,5.160000050912E+01,4.758604753562E-01,1.227184630309E+01
0,0.5130,5.143912387225E+01,4.713172847558E-01,1.224792457540E+01
0,0.5140,5.127887099327E+01,4.667917719397E-01,1.222409592836E+01
0,0.5150,5.111923495376E+01,4.622838339308E-01,1.220035981977E+01
0,0.5160,5.096021327578E+01,4.577933685497E-01,1.217671571159E+01
0,0.5170,5.080180173527E+01,4.533202744081E-01,1.215316306998E+01
0,0.5180,5.064399881163E+01,4.488644509002E-01,1.212970136521E+01
0,0.5190,5.048679837695E+01,4.444257981958E-01,1.210633007164E+01
0,0.5200,5.033019728736E+01,4.400042172326E-01,1.208304866765E+01
0,0.5210,5.018147085334E+01,4.351714847982E-01,1.205985663566E+01
0,0.5220,5.003330900029E+01,4.303572685800E-01,1.203675346203E+01
0,0.5230,4.988571083856E+01,4.255614623665E-01,1.201373863705E+01
0,0.5240,4.973867073413E+01,4.207839607569E-01,1.199081165492E+01
0,0.5250,4.959218861211E+01,4.160246591534E-01,1.196797201368E+01
0,0.5260,4.944625859636E+01,4.112834537537E-01,1.194521921517E+01
0,0.5270,4.930087733475E+01,4.065602415434E-01,1.192255276505E+01
0,0.5280,4.915604287935E+01,4.018549202884E-01,1.189997217269E+01
0,0.5290,4.901175112584E+01,3.971673885278E-01,1.187747695119E+01
0,0.5300,4.886800097259E+01,3.924975455662E-01,1.185506661732E+01
0,0.5310,4.872835898756E+01,3.884298288572E-01,1.183274069149E+01
0,0.5320,4.858923922869E+01,3.843774043163E-01,1.181049869771E+01
0,0.5330,4.845063421677E+01,3.803401858712E-01,1.178834016356E+01
0,0.5340,4.831254810939E+01,3.763180880945E-01,1.176626462019E+01
0,0.5350,4.817497197005E+01,3.723110261973E-01,1.174427160220E+01
0,0.5360,4.803790736720E+01,3.683189160236E-01,1.172236064772E+01
0,0.5370,4.790134776197E+01,3.643416740442E-01,1.170053129829E+01
0,0.5380,4.776529079853E+01,3.603792173510E-01,1.167878309885E+01
0,0.5390,4.762973770641E+01,3.564314636510E-01,1.165711559774E+01
0,0.5400,4.749468183407E+01,3.524983312611E-01,1.163552834663E+01
0,0.5410,4.736479541827E+01,3.491441805176E-01,1.161402090052E+01
0,0.5420,4.723538509891E+01,3.458024067141E-01,1.159259281767E+01
0,0.5430,4.710644465289E+01,3.424729414697E-01,1.157124365963E+01
0,0.5440,4.697797820272E+01,3.391557169064E-01,1.154997299114E+01
0,0.5450,4.684997766074E+01,3.358506656442E-01,1.152878038015E+01
0,0.5460,4.672244428692E+01,3.325577207969E-01,1.150766539776E+01
0,0.5470,4.659537292133E+01,3.292768159674E-01,1.148662761824E+01
0,0.5480,4.646876178319E+01,3.260078852430E-01,1.146566661894E+01
0,0.5490,4.634260852677E+01,3.227508631916E-01,1.144478198029E+01
0,0.5500,4.621690931031E+01,3.195056848567E-01,1.142397328578E+01
0,0.5510,4.609510625195E+01,3.164057036630E-01,1.140324012192E+01
0,0.5520,4.597374235859E+01,3.133169542852E-01,1.138258207822E+01
0,0.5530,4.585281360406E+01,3.102393757912E-01,1.136199874716E+01
0,0.5540,4.573231693023E+01,3.071729076889E-01,1.134148972415E+01
0,0.5550,4.561225259084E+01,3.041174899221E-01,1.132105460753E+01
0,0.5560,4.549261514529E+01,3.010730628667E-01,1.130069299852E+01
0,0.5570,4.537340430106E+01,2.980395673267E-01,1.128040450122E+01
0,0.5580,4.525461672064E+01,2.950169445307E-01,1.126018872254E+01
0,0.5590,4.513625163291E+01,2.920051361274E-01,1.124004527224E+01
0,0.5600,4.501830621542E+01,2.890040841827E-01,1.121997376282E+01
0,0.5610,4.490303492543E+01,2.866666896486E-01,1.119997380959E+01
0,0.5620,4.478816752902E+01,2.843376132444E-01,1.118004503057E+01
0,0.5630,4.467370455747E+01,2.820168106464E-01,1.116018704650E+01
0,0.5640,4.455964737917E+01,2.797042378447E-01,1.114039948081E+01
0,0.5650,4.444598913163E+01,2.773998511415E-01,1.112068195961E+01
0,0.5660,4.433272889450E+01,2.751036071475E-01,1.110103411162E+01
0,0.5670,4.421986554216E+01,2.728154627795E-01,1.108145556822E+01
0,0.5680,4.410739451246E+01,2.705353752579E-01,1.106194596334E+01
0,0.5690,4.399531764669E+01,2.682633021037E-01,1.104250493353E+01
0,0.5700,4.388363012151E+01,2.659992011361E-01,1.102313211786E+01
0,0.5710,4.377565547844E+01,2.637650381238E-01,1.100382715793E+01
0,0.5720,4.366805549719E+01,2.615386868703E-01,1.098458969787E+01
0,0.5730,4.356082709046E+01,2.593201064764E-01,1.096541938426E+01
0,0.5740,4.345397000285E+01,2.571092563277E-01,1.094631586617E+01
0,0.5750,4.334748050163E+01,2.549060960926E-01,1.092727879509E+01
0,0.5760,4.324135792948E+01,2.527105857194E-01,1.090830782496E+01
0,0.5770,4.313560259282E+01,2.505226854341E-01,1.088940261210E+01
0,0.5780,4.303020904546E+01,2.483423557381E-01,1.087056281519E+01
0,0.5790,4.292517662672E+01,2.461695574055E-01,1.085178809530E+01
0,0.5800,4.282050131587E+01,2.440042514809E-01,1.083307811583E+01
0,0.5810,4.271836380840E+01,2.420237559709E-01,1.081443254248E+01
0,0.5820,4.261657408810E+01,2.400500662874E-01,1.079585104326E+01
0,0.5830,4.251513171241E+01,2.380831474090E-01,1.077733328847E+01
0,0.5840,4.241403194698E+01,2.361229645541E-01,1.075887895065E+01
0,0.5850,4.231327700164E+01,2.341694831791E-01,1.074048770458E+01
0,0.5860,4.221286153970E+01,2.322226689760E-01,1.072215922727E+01
0,0.5870,4.211278591612E+01,2.302824878708E-01,1.070389319792E+01
0,0.5880,4.201304817538E+01,2.283489060209E-01,1.068568929792E+01
0,0.5890,4.191364687834E+01,2.264218898141E-01,1.066754721083E+01
0,0.5900,4.181457851593E+01,2.245014058655E-01,1.064946662234E+01
0,0.5910,4.171798705843E+01,2.229021118543E-01,1.063144722027E+01
0,0.5920,4.162171542980E+01,2.213082208635E-01,1.061348869456E+01
0,0.5930,4.152576905751E+01,2.197197055589E-01,1.059559073723E+01
0,0.5940,4.143014080232E+01,2.181365387908E-01,1.057775304239E+01
0,0.5950,4.133483457057E+01,2.165586935916E-01,1.055997530618E+01
0,0.5960,4.123984067885E+01,2.149861431749E-01,1.054225722681E+01
0,0.5970,4.114516505509E+01,2.134188609339E-01,1.052459850449E+01
0,0.5980,4.105080454886E+01,2.118568204394E-01,1.050699884144E+01
0,0.5990,4.095675463316E+01,2.102999954392E-01,1.048945794187E+01
0,0.6000,4.086301614457E+01,2.087483598555E-01,1.047197551197E+01
0,0.6010,4.077063905701E+01,2.068453875867E-01,1.045455125987E+01
0,0.6020,4.067856915316E+01,2.049487374849E-01,1.043718489565E+01
0,0.6030,4.058680067194E+01,2.030583780965E-01,1.041987613131E+01
0,0.6040,4.049533262013E+01,2.011742781763E-01,1.040262468076E+01
0,0.6050,4.040416616923E+01,1.992964066856E-01,1.038543025980E+01
0,0.6060,4.031329769244E+01,1.974247327905E-01,1.036829258610E+01
0,0.6070,4.022272551453E+01,1.955592258606E-01,1.035121137921E+01
0,0.6080,4.013244792854E+01,1.936998554665E-01,1.033418636049E+01
0,0.6090,4.004246488700E+01,1.918465913792E-01,1.031721725317E+01
0,0.6100,3.995277418132E+01,1.899994035676E-01,1.030030378226E+01
0,0.6110,3.986544721445E+01,1.885788551254E-01,1.028344567460E+01
0,0.6120,3.977840541213E+01,1.871629489983E-01,1.026664265879E+01
0,0.6130,3.969164291004E+01,1.857516624670E-01,1.024989446522E+01
0,0.6140,3.960515914343E+01,1.843449729604E-01,1.023320082603E+01
0,0.6150,3.951895943430E+01,1.829428580537E-01,1.021656147509E+01
0,0.6160,3.943303215676E+01,1.815452954681E-01,1.019997614802E+01
0,0.6170,3.934738367603E+01,1.801522630692E-01,1.018344458214E+01
0,0.6180,3.926200869258E+01,1.787637388658E-01,1.016696651647E+01
0,0.6190,3.917690794943E+01,1.773797010088E-01,1.015054169173E+01
0,0.6200,3.909207982733E+01,1.760001277900E-01,1.013416985029E+01
0,0.6210,3.900854066542E+01,1.747828361126E-01,1.011785073620E+01
0,0.6220,3.892526949406E+01,1.735694585564E-01,1.010158409514E+01
0,0.6230,3.884226207582E+01,1.723599762732E-01,1.008536967445E+01
0,0.6240,3.875951826229E+01,1.711543705359E-01,1.006920722304E+01
0,0.6250,3.867703896322E+01,1.699526227368E-01,1.005309649149E+01
0,0.6260,3.859481842175E+01,1.687547143877E-01,1.003703723192E+01
0,0.6270,3.851285997559E+01,1.675606271177E-01,1.002102919805E+01
0,0.6280,3.843115846014E+01,1.663703426735E-01,1.000507214519E+01
0,0.6290,3.834971431689E+01,1.651838429175E-01,9.989165830174E+00
0,0.6300,3.826852894037E+01,1.640011098274E-01,9.973310011396E+00
0,0.6310,3.818860042076E+01,1.627335037055E-01,9.957504448779E+00
0,0.6320,3.810892358887E+01,1.614699089954E-01,9.941748903765E+00
0,0.6330,3.802949579439E+01,1.602103066856E-01,9.926043139304E+00
0,0.6340,3.795031481862E+01,1.589546778847E-01,9.910386919842E+00
0,0.6350,3.787138383637E+01,1.577030038202E-01,9.894780011306E+00
0,0.6360,3.779269819293E+01,1.564552658376E-01,9.879222181100E+00
0,0.6370,3.771425513988E+01,1.552114453998E-01,9.863713198084E+00
0,0.6380,3.763605703703E+01,1.539715240855E-01,9.848252832570E+00
0,0.6390,3.755810306162E+01,1.527354835892E-01,9.832840856306E+00
0,0.6400,3.748038852380E+01,1.515033057194E-01,9.817477042468E+00
0,0.6410,3.740390505212E+01,1.502857547756E-01,9.802161165647E+00
0,0.6420,3.732765565171E+01,1.490719968254E-01,9.786893001837E+00
0,0.6430,3.725164252432E+01,1.478620141721E-01,9.771672328429E+00
0,0.6440,3.717586153334E+01,1.466557892289E-01,9.756498924192E+00
0,0.6450,3.710031447473E+01,1.454533045181E-01,9.741372569271E+00
0,0.6460,3.702499967228E+01,1.442545426701E-01,9.726293045170E+00
0,0.6470,3.694991548359E+01,1.430594864230E-01,9.711260134744E+00
0,0.6480,3.687506022015E+01,1.418681186210E-01,9.696273622191E+00
0,0.6490,3.680043391637E+01,1.406804222144E-01,9.681333293035E+00
0,0.6500,3.672603483073E+01,1.394963802583E-01,9.666438934122E+00
0,0.6510,3.665283677889E+01,1.383816067262E-01,9.651590333609E+00
0,0.6520,3.657986093877E+01,1.372702527448E-01,9.636787280950E+00
0,0.6530,3.650710607939E+01,1.361623026040E-01,9.622029566891E+00
0,0.6540,3.643457193785E+01,1.350577406900E-01,9.607316983455E+00
0,0.6550,3.636225624292E+01,1.339565514841E-01,9.592649323938E+00
0,0.6560,3.629016100484E+01,1.328587195624E-01,9.578026382896E+00
0,0.6570,3.621828298534E+01,1.317642295948E-01,9.563447956133E+00
0,0.6580,3.614661938469E+01,1.306730663444E-01,9.548913840698E+00
0,0.6590,3.607517122254E+01,1.295852146669E-01,9.534423834870E+00
0,0.6600,3.600393933368E+01,1.285006595096E-01,9.519977738151E+00
0,0.6610,3.593388051445E+01,1.275885851522E-01,9.505575351255E+00
0,0.6620,3.586402989277E+01,1.266792663065E-01,9.491216476102E+00
0,0.6630,3.579438802165E+01,1.257726905041E-01,9.476900915806E+00
0,0.6640,3.572495536533E+01,1.248688453517E-01,9.462628474668E+00
0,0.6650,3.565572744585E+01,1.239677185306E-01,9.448398958165E+00
0,0.6660,3.558670810939E+01,1.230692977960E-01,9.434212172942E+00
0,0.6670,3.551789245241E+01,1.221735709767E-01,9.420067926806E+00
0,0.6680,3.544928017075E+01,1.212805259742E-01,9.405966028712E+00
0,0.6690,3.538087203764E+01,1.203901507625E-01,9.391906288759E+00
0,0.6700,3.531266550176E+01,1.195024333871E-01,9.377888518178E+00
0,0.6710,3.524465920299E+01,1.185396414913E-01,9.363912529329E+00
0,0.6720,3.517685590372E+01,1.175797150475E-01,9.349978135684E+00
0,0.6730,3.510925037262E+01,1.166226412826E-01,9.336085151827E+00
0,0.6740,3.504184393263E+01,1.156684074991E-01,9.322233393442E+00
0,0.6750,3.497463595088E+01,1.147170010751E-01,9.308422677303E+00
0,0.6760,3.490762301307E+01,1.137684094629E-01,9.294652821272E+00
0,0.6770,3.484080768830E+01,1.128226201894E-01,9.280923644283E+00
0,0.6780,3.477418762334E+01,1.118796208547E-01,9.267234966342E+00
0,0.6790,3.470775988614E+01,1.109393991321E-01,9.253586608512E+00
0,0.6800,3.464152723880E+01,1.100019427676E-01,9.239978392911E+00
0,0.6810,3.457641863490E+01,1.091908734748E-01,9.226410142701E+00
0,0.6820,3.451150122710E+01,1.083821826843E-01,9.212881682082E+00
0,0.6830,3.444676857008E+01,1.075758599489E-01,9.199392836281E+00
0,0.6840,3.438222461143E+01,1.067718948823E-01,9.185943431549E+00
0,0.6850,3.431786674421E+01,1.059702771589E-01,9.172533295153E+00
0,0.6860,3.425369687100E+01,1.051709965134E-01,9.159162255364E+00
0,0.6870,3.418971180607E+01,1.043740427403E-01,9.145830141455E+00
0,0.6880,3.412590878105E+01,1.035794056933E-01,9.132536783691E+00
0,0.6890,3.406228857599E+01,1.027870752850E-01,9.119282013323E+00
0,0.6900,3.399885189793E+01,1.019970414865E-01,9.106065662579E+00
0,0.6910,3.393743534409E+01,1.012374822786E-01,9.092887564659E+00
0,0.6920,3.387619367662E+01,1.004801183286E-01,9.079747553728E+00
0,0.6930,3.381512844658E+01,9.972494013304E-02,9.066645464906E+00
0,0.6940,3.375423553814E+01,9.897193824355E-02,9.053581134265E+00
0,0.6950,3.369351553731E+01,9.822110326597E-02,9.040554398820E+00
0,0.6960,3.363296979110E+01,9.747242586017E-02,9.027565096522E+00
0,0.6970,3.357259571976E+01,9.672589673961E-02,9.014613066255E+00
0,0.6980,3.351239439380E+01,9.598150667096E-02,9.001698147822E+00
0,0.6990,3.345236100005E+01,9.523924647376E-02,8.988820181945E+00
0,0.7000,3.339249815882E+01,9.449910701998E-02,8.975979010257E+00
0,0.7010,3.333190010782E+01,9.394213535809E-02,8.963174475292E+00
0,0.7020,3.327147154487E+01,9.338675051004E-02,8.950406420484E+00
0,0.7030,3.321121332032E+01,9.283294570424E-02,8.937674690156E+00
0,0.7040,3.315112553365E+01,9.228071420755E-02,8.924979129516E+00
0,0.7050,3.309120635369E+01,9.173004932503E-02,8.912319584652E+00
0,0.7060,3.303145179832E+01,9.118094439968E-02,8.899695902521E+00
0,0.7070,3.297186709477E+01,9.063339281218E-02,8.887107930947E+00
0,0.7080,3.291244988191E+01,9.008738798057E-02,8.874555518615E+00
0,0.7090,3.285319726123E+01,8.954292336005E-02,8.862038515063E+00
0,0.7100,3.279410927253E+01,8.899999244268E-02,8.849556770675E+00
0,0.7110,3.273697376110E+01,8.849367208440E-02,8.837110136680E+00
0,0.7120,3.267999783970E+01,8.798877397431E-02,8.824698465140E+00
0,0.7130,3.262317848244E+01,8.748529212820E-02,8.812321608948E+00
0,0.7140,3.256651640351E+01,8.698322059539E-02,8.799979421820E+00
0,0.7150,3.251001230854E+01,8.648255345848E-02,8.787671758293E+00
0,0.7160,3.245366295334E+01,8.598328483312E-02,8.775398473715E+00
0,0.7170,3.239747164869E+01,8.548540886780E-02,8.763159424239E+00
0,0.7180,3.234143323875E+01,8.498891974362E-02,8.750954466824E+00
0,0.7190,3.228555013344E+01,8.449381167402E-02,8.738783459221E+00
0,0.7200,3.222982007214E+01,8.400007890461E-02,8.726646259972E+00
0,0.7210,3.217424218557E+01,8.329133361698E-02,8.714542728404E+00
0,0.7220,3.211881685407E+01,8.258455161270E-02,8.702472724625E+00
0,0.7230,3.206354591176E+01,8.187972474535E-02,8.690436109515E+00
0,0.7240,3.200842383199E+01,8.117684491356E-02,8.678432744723E+00
0,0.7250,3.195345181851E+01,8.047590406061E-02,8.666462492661E+00
0,0.7260,3.189863143448E+01,7.977689417419E-02,8.654525216501E+00
0,0.7270,3.184395749651E+01,7.907980728609E-02,8.642620780164E+00
0,0.7280,3.178943519835E+01,7.838463547186E-02,8.630749048324E+00
0,0.7290,3.173505874320E+01,7.769137085053E-02,8.618909886392E+00
0,0.7300,3.168082987792E+01,7.700000558433E-02,8.607103160520E+00
0,0.7310,3.162761677184E+01,7.639261726781E-02,8.595328737592E+00
0,0.7320,3.157454921645E+01,7.578688848221E-02,8.583586485218E+00
0,0.7330,3.152162475538E+01,7.518281243545E-02,8.571876271732E+00
0,0.7340,3.146884150460E+01,7.458038237247E-02,8.560197966185E+00
0,0.7350,3.141620121004E+01,7.397959157496E-02,8.548551438340E+00
0,0.7360,3.136370224933E+01,7.338043336115E-02,8.536936558668E+00
0,0.7370,3.131134509283E+01,7.278290108550E-02,8.525353198344E+00
0,0.7380,3.125912771339E+01,7.218698813851E-02,8.513801229241E+00
0,0.7390,3.120705078220E+01,7.159268794645E-02,8.502280523924E+00
0,0.7400,3.115511191665E+01,7.099999397113E-02,8.490790955648E+00
0,0.7410,3.110331199147E+01,7.044332579918E-02,8.479332398353E+00
0,0.7420,3.105164950070E+01,6.988815808052E-02,8.467904726657E+00
0,0.7430,3.100012628762E+01,6.933448475680E-02,8.456507815854E+00
0,0.7440,3.094873915306E+01,6.878229980222E-02,8.445141541908E+00
0,0.7450,3.089748900574E+01,6.823159722337E-02,8.433805781449E+00
0,0.7460,3.084637484955E+01,6.768237105893E-02,8.422500411769E+00
0,0.7470,3.079539543950E+01,6.713461537954E-02,8.411225310816E+00
0,0.7480,3.074455102578E+01,6.658832428753E-02,8.399980357192E+00
0,0.7490,3.069383945636E+01,6.604349191673E-02,8.388765430146E+00
0,0.7500,3.064326384075E+01,6.550011243224E-02,8.377580409573E+00
0,0.7510,3.059366780410E+01,6.489292191390E-02,8.366425176005E+00
0,0.7520,3.054420263646E+01,6.428734626396E-02,8.355299610611E+00
0,0.7530,3.049486563674E+01,6.368337904869E-02,8.344203595192E+00
0,0.7540,3.044565828376E+01,6.308101386846E-02,8.333137012175E+00
0,0.7550,3.039658055774E+01,6.248024435759E-02,8.322099744609E+00
0,0.7560,3.034763148560E+01,6.188106418404E-02,8.311091676163E+00
0,0.7570,3.029880991873E+01,6.128346704927E-02,8.300112691122E+00
0,0.7580,3.025011631355E+01,6.068744668793E-02,8.289162674379E+00
0,0.7590,3.020155048461E+01,6.009299686774E-02,8.278241511436E+00
0,0.7600,3.015310849302E+01,5.950011138917E-02,8.267349088394E+00
0,0.7610,3.010479539618E+01,5.904476839808E-02,8.256485291957E+00
0,0.7620,3.005660453697E+01,5.859062053295E-02,8.245650009422E+00
0,0.7630,3.000854117496E+01,5.813766309473E-02,8.234843128676E+00
0,0.7640,2.996060096922E+01,5.768589140896E-02,8.224064538193E+00
0,0.7650,2.991278455730E+01,5.723530082564E-02,8.213314127032E+00
0,0.7660,2.986509170559E+01,5.678588671903E-02,8.202591784830E+00
0,0.7670,2.981752247709E+01,5.633764448755E-02,8.191897401799E+00
0,0.7680,2.977007520029E+01,5.589056955354E-02,8.181230868723E+00
0,0.7690,2.972275024668E+01,5.544465736318E-02,8.170592076957E+00
0,0.7700,2.967554840966E+01,5.499990338630E-02,8.159980918415E+00
0,0.7710,2.962929024328E+01,5.464586499241E-02,8.149397285577E+00
0,0.7720,2.958315157208E+01,5.429274379642E-02,8.138841071476E+00
0,0.7730,2.953712917056E+01,5.394053623872E-02,8.128312169702E+00
0,0.7740,2.949122797474E+01,5.358923877807E-02,8.117810474392E+00
0,0.7750,2.944544181105E+01,5.323884789151E-02,8.107335880232E+00
0,0.7760,2.939977333052E+01,5.288936007425E-02,8.096888282448E+00
0,0.7770,2.935421914484E+01,5.254077183952E-02,8.086467576808E+00
0,0.7780,2.930878380518E+01,5.219307971851E-02,8.076073659614E+00
0,0.7790,2.926345906873E+01,5.184628026020E-02,8.065706427702E+00
0,0.7800,2.921825253932E+01,5.150037003127E-02,8.055365778435E+00
0,0.7810,2.917316065208E+01,5.098446871980E-02,8.045051609705E+00
0,0.7820,2.912818158218E+01,5.046988684902E-02,8.034763819923E+00
0,0.7830,2.908331802075E+01,4.995661936360E-02,8.024502308020E+00
0,0.7840,2.903856491211E+01,4.944466123402E-02,8.014266973443E+00
0,0.7850,2.899392754689E+01,4.893400745635E-02,8.004057716152E+00
0,0.7860,2.894939930577E+01,4.842465305217E-02,7.993874436615E+00
0,0.7870,2.890498492572E+01,4.791659306833E-02,7.983717035806E+00
0,0.7880,2.886068175040E+01,4.740982257684E-02,7.973585415203E+00
0,0.7890,2.881648998111E+01,4.690433667467E-02,7.963479476780E+00
0,0.7900,2.877240776212E+01,4.640013048365E-02,7.953399123012E+00
0,0.7910,2.872843496707E+01,4.600570523281E-02,7.943344256864E+00
0,0.7920,2.868457437594E+01,4.561227600532E-02,7.933314781792E+00
0,0.7930,2.864082074865E+01,4.521983903314E-02,7.923310601740E+00
0,0.7940,2.859717838917E+01,4.482839056719E-02,7.913331621133E+00
0,0.7950,2.855364201906E+01,4.443792687725E-02,7.903377744880E+00
0,0.7960,2.851021645753E+01,4.404844425186E-02,7.893448878366E+00
0,0.7970,2.846689640825E+01,4.365993899817E-02,7.883544927452E+00
0,0.7980,2.842368368500E+01,4.327240744187E-02,7.873665798471E+00
0,0.7990,2.838057988915E+01,4.288584592700E-02,7.863811398222E+00
0,0.8000,2.833758158261E+01,4.250025081593E-02,7.853981633974E+00
0,0.8010,2.829548250158E+01,4.212103097087E-02,7.844176413458E+00
0,0.8020,2.825349007758E+01,4.174275681122E-02,7.834395644862E+00
0,0.8030,2.821159895624E+01,4.136542480389E-02,7.824639236836E+00
0,0.8040,2.816981217771E+01,4.098903143340E-02,7.814907098482E+00
0,0.8050,2.812812808383E+01,4.061357320171E-02,7.805199139354E+00
0,0.8060,2.808654555847E+01,4.023904662817E-02,7.795515269454E+00
0,0.8070,2.804506417854E+01,3.986544824936E-02,7.785855399231E+00
0,0.8080,2.800368483915E+01,3.949277461901E-02,7.776219439579E+00
0,0.8090,2.796240642899E+01,3.912102230790E-02,7.766607301829E+00
0,0.8100,2.792122913049E+01,3.875018790372E-02,7.757018897753E+00
0,0.8110,2.788015301870E+01,3.840637693148E-02,7.747454139556E+00
0,0.8120,2.783917604116E+01,3.806341278429E-02,7.737912939876E+00
0,0.8130,2.779829813873E+01,3.772129233734E-02,7.728395211783E+00
0,0.8140,2.775752000564E+01,3.738001248116E-02,7.718900868771E+00
0,0.8150,2.771684090089E+01,3.703957012157E-02,7.709429824760E+00
0,0.8160,2.767626053285E+01,3.669996217952E-02,7.699981994093E+00
0,0.8170,2.763577796193E+01,3.636118559107E-02,7.690557291529E+00
0,0.8180,2.759539230339E+01,3.602323730723E-02,7.681155632249E+00
0,0.8190,2.755510589550E+01,3.568611429393E-02,7.671776931843E+00
0,0.8200,2.751491477964E+01,3.534981353188E-02,7.662421106317E+00
0,0.8210,2.747482066254E+01,3.504655151729E-02,7.653088072082E+00
0,0.8220,2.743482498275E+01,3.474402736649E-02,7.643777745961E+00
0,0.8230,2.739492477586E+01,3.444223838981E-02,7.634490045176E+00
0,0.8240,2.735511741973E+01,3.414118191064E-02,7.625224887354E+00
0,0.8250,2.731540779701E+01,3.384085526536E-02,7.615982190521E+00
0,0.8260,2.727579361854E+01,3.354125580324E-02,7.606761873099E+00
0,0.8270,2.723627326066E+01,3.324238088638E-02,7.597563853905E+00
0,0.8280,2.719684765346E+01,3.294422788960E-02,7.588388052149E+00
0,0.8290,2.715751468733E+01,3.264679420042E-02,7.579234387430E+00
0,0.8300,2.711827635587E+01,3.235007721892E-02,7.570102779734E+00
0,0.8310,2.707913166874E+01,3.206201340052E-02,7.560993149434E+00
0,0.8320,2.704007813222E+01,3.177464204322E-02,7.551905417283E+00
0,0.8330,2.700111937762E+01,3.148796065316E-02,7.542839504417E+00
0,0.8340,2.696225190157E+01,3.120196674846E-02,7.533795332350E+00
0,0.8350,2.692347620712E+01,3.091665785909E-02,7.524772822970E+00
0,0.8360,2.688479365629E+01,3.063203152688E-02,7.515771898540E+00
0,0.8370,2.684620019942E+01,3.034808530538E-02,7.506792481696E+00
0,0.8380,2.680769910788E+01,3.006481675982E-02,7.497834495441E+00
0,0.8390,2.676928750016E+01,2.978222346705E-02,7.488897863146E+00
0,0.8400,2.673096735749E+01,2.950030301546E-02,7.479982508547E+00
0,0.8410,2.669349594891E+01,2.921725994369E-02,7.471088355743E+00
0,0.8420,2.665611124876E+01,2.893488918325E-02,7.462215329192E+00
0,0.8430,2.661881364523E+01,2.865318834158E-02,7.453363353712E+00
0,0.8440,2.658160449234E+01,2.837215503745E-02,7.444532354478E+00
0,0.8450,2.654448103177E+01,2.809178690090E-02,7.435722257017E+00
0,0.8460,2.650744510761E+01,2.781208157318E-02,7.426932987210E+00
0,0.8470,2.647049559838E+01,2.753303670669E-02,7.418164471286E+00
0,0.8480,2.643363198818E+01,2.725464996489E-02,7.409416635825E+00
0,0.8490,2.639685451084E+01,2.697691902224E-02,7.400689407750E+00
0,0.8500,2.636016245554E+01,2.669984156416E-02,7.391982714329E+00
0,0.8510,2.632355465019E+01,2.642193862764E-02,7.383296483172E+00
0,0.8520,2.628703257514E+01,2.614468804544E-02,7.374630642230E+00
0,0.8530,2.625059592812E+01,2.586808752323E-02,7.365985119788E+00
0,0.8540,2.621424293663E+01,2.559213477741E-02,7.357359844473E+00
0,0.8550,2.617797168981E+01,2.531682753509E-02,7.348754745239E+00
0,0.8560,2.614178672152E+01,2.504216353399E-02,7.340169751378E+00
0,0.8570,2.610568474497E+01,2.476814052239E-02,7.331604792508E+00
0,0.8580,2.606966525790E+01,2.449475625907E-02,7.323059798578E+00
0,0.8590,2.603373095002E+01,2.422200851324E-02,7.314534699860E+00
0,0.8600,2.599787454318E+01,2.394989506449E-02,7.306029426953E+00
0,0.8610,2.596284593017E+01,2.370738495207E-02,7.297543910778E+00
0,0.8620,2.592789466777E+01,2.346543750811E-02,7.289078082575E+00
0,0.8630,2.589302450897E+01,2.322405077666E-02,7.280631873904E+00
0,0.8640,2.585823353950E+01,2.298322281078E-02,7.272205216643E+00
0,0.8650,2.582352146852E+01,2.274295167258E-02,7.263798042982E+00
0,0.8660,2.578888977571E+01,2.250323543307E-02,7.255410285427E+00
0,0.8670,2.575433476451E+01,2.226407217221E-02,7.247041876793E+00
0,0.8680,2.571986058911E+01,2.202545997876E-02,7.238692750207E+00
0,0.8690,2.568546631410E+01,2.178739695032E-02,7.230362839102E+00
0,0.8700,2.565114773564E+01,2.154988119321E-02,7.222052077218E+00
0,0.8710,2.561617411411E+01,2.130742836455E-02,7.213760398599E+00
0,0.8720,2.558128104622E+01,2.106553162036E-02,7.205487737591E+00
0,0.8730,2.554646635274E+01,2.082418904969E-02,7.197234028843E+00
0,0.8740,2.551172891136E+01,2.058339875036E-02,7.188999207299E+00
0,0.8750,2.547707255577E+01,2.034315882885E-02,7.180783208205E+00
0,0.8760,2.544249228100E+01,2.010346740031E-02,7.172585967100E+00
0,0.8770,2.540799131682E+01,1.986432258848E-02,7.164407419817E+00
0,0.8780,2.537356696109E+01,1.962572252566E-02,7.156247502482E+00
0,0.8790,2.533922016623E+01,1.938766535262E-02,7.148106151513E+00
0,0.8800,2.530494983793E+01,1.915014921862E-02,7.139983303613E+00
0,0.8810,2.527148103899E+01,1.894811848788E-02,7.131878895777E+00
0,0.8820,2.523808786898E+01,1.874654587671E-02,7.123792865283E+00
0,0.8830,2.520476884999E+01,1.854542982864E-02,7.115725149694E+00
0,0.8840,2.517152340008E+01,1.834476879426E-02,7.107675686855E+00
0,0.8850,2.513835362789E+01,1.814456123114E-02,7.099644414892E+00
0,0.8860,2.510525764210E+01,1.794480560383E-02,7.091631272212E+00
0,0.8870,2.507223366977E+01,1.774550038380E-02,7.083636197497E+00
0,0.8880,2.503928483902E+01,1.754664404939E-02,7.075659129707E+00
0,0.8890,2.500641049517E+01,1.734823508582E-02,7.067700008076E+00
0,0.8900,2.497360666657E+01,1.715027198509E-02,7.059758772112E+00
0,0.8910,2.494087566797E+01,1.694824007135E-02,7.051835361593E+00
0,0.8920,2.490821683169E+01,1.674666114395E-02,7.043929716569E+00
0,0.8930,2.487563023618E+01,1.654553368113E-02,7.036041777357E+00
0,0.8940,2.484311724913E+01,1.634485616788E-02,7.028171484541E+00
0,0.8950,2.481067454594E+01,1.614462709600E-02,7.020318778972E+00
0,0.8960,2.477830370589E+01,1.594484496402E-02,7.012483601763E+00
0,0.8970,2.474600466914E+01,1.574550827714E-02,7.004665894292E+00
0,0.8980,2.471377455768E+01,1.554661554725E-02,6.996865598196E+00
0,0.8990,2.468161927420E+01,1.534816529285E-02,6.989082655372E+00
0,0.9000,2.464953198903E+01,1.515015603901E-02,6.981317007977E+00
0,0.9010,2.461751372814E+01,1.498856993134E-02,6.973568598424E+00
0,0.9020,2.458556653620E+01,1.482734210771E-02,6.965837369379E+00
0,0.9030,2.455368938164E+01,1.466647137783E-02,6.958123263765E+00
0,0.9040,2.452188332425E+01,1.450595655664E-02,6.950426224756E+00
0,0.9050,2.449014504426E+01,1.434579646434E-02,6.942746195779E+00
0,0.9060,2.445847453914E+01,1.418598992632E-02,6.935083120507E+00
0,0.9070,2.442687627651E+01,1.402653577318E-02,6.927436942866E+00
0,0.9080,2.439534415109E+01,1.386743284063E-02,6.919807607026E+00
0,0.9090,2.436388218423E+01,1.370867996955E-02,6.912195057403E+00
0,0.9100,2.433248733889E+01,1.355027600587E-02,6.904599238659E+00
0,0.9110,2.430116038169E+01,1.339373714504E-02,6.897020095697E+00
0,0.9120,2.426990254552E+01,1.323754157119E-02,6.889457573662E+00
0,0.9130,2.423871184061E+01,1.308168815631E-02,6.881911617940E+00
0,0.9140,2.420758715326E+01,1.292617577735E-02,6.874382174157E+00
0,0.9150,2.417653170879E+01,1.277100331617E-02,6.866869188174E+00
0,0.9160,2.414554028558E+01,1.261616965948E-02,6.859372606091E+00
0,0.9170,2.411461869448E+01,1.246167369888E-02,6.851892374242E+00
0,0.9180,2.408376067798E+01,1.230751433079E-02,6.844428439193E+00
0,0.9190,2.405297075328E+01,1.215369045643E-02,6.836980747747E+00
0,0.9200,2.402224781955E+01,1.200020098179E-02,6.829549246934E+00
0,0.9210,2.399228369636E+01,1.184363375069E-02,6.822133884017E+00
0,0.9220,2.396238189170E+01,1.168740614481E-02,6.814734606485E+00
0,0.9230,2.393254366604E+01,1.153151706030E-02,6.807351362058E+00
0,0.9240,2.390277100151E+01,1.137596539804E-02,6.799984098679E+00
0,0.9250,2.387306283724E+01,1.122075006371E-02,6.792632764518E+00
0,0.9260,2.384341550313E+01,1.106586996767E-02,6.785297307969E+00
0,0.9270,2.381383300570E+01,1.091132402503E-02,6.777977677648E+00
0,0.9280,2.378431357990E+01,1.075711115554E-02,6.770673822392E+00
0,0.9290,2.375485545553E+01,1.060323028361E-02,6.763385691259E+00
0,0.9300,2.372546060958E+01,1.044968033830E-02,6.756113233526E+00
0,0.9310,2.369544280124E+01,1.031846152508E-02,6.748856398689E+00
0,0.9320,2.366548555970E+01,1.018752429731E-02,6.741615136459E+00
0,0.9330,2.363559522255E+01,1.005686774955E-02,6.734389396763E+00
0,0.9340,2.360576628910E+01,9.926490980266E-03,6.727179129743E+00
0,0.9350,2.357599891653E+01,9.796393091771E-03,6.719984285754E+00
0,0.9360,2.354629576544E+01,9.666573190219E-03,6.712804815363E+00
0,0.9370,2.351665473418E+01,9.537030385574E-03,6.705640669349E+00
0,0.9380,2.348707773653E+01,9.407763791601E-03,6.698491798699E+00
0,0.9390,2.345756111703E+01,9.278772525836E-03,6.691358154611E+00
0,0.9400,2.342810764115E+01,9.150055709572E-03,6.684239688489E+00
0,0.9410,2.339939505399E+01,9.013733446944E-03,6.677136351944E+00
0,0.9420,2.337073962749E+01,8.877700615870E-03,6.670048096794E+00
0,0.9430,2.334214635274E+01,8.741956295573E-03,6.662974875058E+00
0,0.9440,2.331361421691E+01,8.606499569175E-03,6.655916638961E+00
0,0.9450,2.328513914101E+01,8.471329523680E-03,6.648873340931E+00
0,0.9460,2.325672452978E+01,8.336445249951E-03,6.641844933594E+00
0,0.9470,2.322836972999E+01,8.201845842692E-03,6.634831369778E+00
0,0.9480,2.320007349823E+01,8.067530400427E-03,6.627832602510E+00
0,0.9490,2.317183762951E+01,7.933498025480E-03,6.620848585015E+00
0,0.9500,2.314365822697E+01,7.799747823955E-03,6.613879270715E+00
0,0.9510,2.311553937471E+01,7.688742449398E-03,6.606924613228E+00
0,0.9520,2.308747578465E+01,7.577970279409E-03,6.599984566365E+00
0,0.9530,2.305947161793E+01,7.467430579872E-03,6.593059084134E+00
0,0.9540,2.303152566554E+01,7.357122619746E-03,6.586148120733E+00
0,0.9550,2.300363828267E+01,7.247045671056E-03,6.579251630555E+00
0,0.9560,2.297580665586E+01,7.137199008869E-03,6.572369568179E+00
0,0.9570,2.294803265786E+01,7.027581911284E-03,6.565501888380E+00
0,0.9580,2.292031674392E+01,6.918193659415E-03,6.558648546116E+00
0,0.9590,2.289265843089E+01,6.809033537372E-03,6.551809496538E+00
0,0.9600,2.286505452625E+01,6.700100832250E-03,6.544984694979E+00
0,0.9610,2.283751071019E+01,6.594108176361E-03,6.538174096961E+00
0,0.9620,2.281002070877E+01,6.488335879423E-03,6.531377658191E+00
0,0.9630,2.278258743871E+01,6.382783254962E-03,6.524595334558E+00
0,0.9640,2.275521077319E+01,6.277449619347E-03,6.517827082136E+00
0,0.9650,2.272789058775E+01,6.172334291786E-03,6.511072857181E+00
0,0.9660,2.270062488441E+01,6.067436594303E-03,6.504332616128E+00
0,0.9670,2.267341715698E+01,5.962755851726E-03,6.497606315594E+00
0,0.9680,2.264626243491E+01,5.858291391675E-03,6.490893912376E+00
0,0.9690,2.261916447785E+01,5.754042544545E-03,6.484195363446E+00
0,0.9700,2.259211982454E+01,5.650008643492E-03,6.477510625958E+00
0,0.9710,2.256513146582E+01,5.564216783703E-03,6.470839657240E+00
0,0.9720,2.253819888473E+01,5.478601450375E-03,6.464182414794E+00
0,0.9730,2.251131753204E+01,5.393162099232E-03,6.457538856300E+00
0,0.9740,2.248449399628E+01,5.307898188236E-03,6.450908939609E+00
0,0.9750,2.245772303142E+01,5.222809177569E-03,6.444292622748E+00
0,0.9760,2.243100585085E+01,5.137894529630E-03,6.437689863914E+00
0,0.9770,2.240434358945E+01,5.053153709015E-03,6.431100621473E+00
0,0.9780,2.237773427573E+01,4.968586182511E-03,6.424524853967E+00
0,0.9790,2.235117970984E+01,4.884191419085E-03,6.417962520102E+00
0,0.9800,2.232467884722E+01,4.799968889870E-03,6.411413578755E+00
0,0.9810,2.229822868023E+01,4.714195155978E-03,6.404877988970E+00
0,0.9820,2.227183369403E+01,4.628596114007E-03,6.398355709959E+00
0,0.9830,2.224549214175E+01,4.543171230820E-03,6.391846701098E+00
0,0.9840,2.221920206421E+01,4.457919975444E-03,6.385350921930E+00
0,0.9850,2.219296495486E+01,4.372841819064E-03,6.378868332162E+00
0,0.9860,2.216678088781E+01,4.287936235009E-03,6.372398891663E+00
0,0.9870,2.214064696516E+01,4.203202698743E-03,6.365942560466E+00
0,0.9880,2.211456896847E+01,4.118640687855E-03,6.359499298765E+00
0,0.9890,2.208854062930E+01,4.034249682044E-03,6.353069066916E+00
0,0.9900,2.206256447172E+01,3.950029163114E-03,6.346651825434E+00
0,0.9910,2.203728483383E+01,3.874347741704E-03,6.340247534995E+00
0,0.9920,2.201205762595E+01,3.798818903806E-03,6.333856156431E+00
0,0.9930,2.198687791854E+01,3.723442188441E-03,6.327477650735E+00
0,0.9940,2.196174944811E+01,3.648217136487E-03,6.321111979054E+00
0,0.9950,2.193667165353E+01,3.573143290668E-03,6.314759102693E+00
0,0.9960,2.191164238291E+01,3.498220195543E-03,6.308418983112E+00
0,0.9970,2.188666261689E+01,3.423447397500E-03,6.302091581925E+00
0,0.9980,2.186173296192E+01,3.348824444743E-03,6.295776860901E+00
0,0.9990,2.183685109137E+01,3.274350887287E-03,6.289474781962E+00
0,1.0000,2.181202084061E+01,3.200026276947E-03,6.283185307180E+00
0,1.0010,2.178659764974E+01,3.134945407595E-03,6.276908398781E+00
0,1.0020,2.176122590526E+01,3.069994440179E-03,6.270644019141E+00
0,1.0030,2.173590327652E+01,3.005172986158E-03,6.264392130787E+00
0,1.0040,2.171063019432E+01,2.940480658538E-03,6.258152696394E+00
0,1.0050,2.168540691357E+01,2.875917071870E-03,6.251925678786E+00
0,1.0060,2.166023172550E+01,2.811481842232E-03,6.245711040934E+00
0,1.0070,2.163510932122E+01,2.747174587232E-03,6.239508745958E+00
0,1.0080,2.161003328434E+01,2.682994925991E-03,6.233318757123E+00
0,1.0090,2.158500586218E+01,2.618942479143E-03,6.227141037839E+00
0,1.0100,2.156002858617E+01,2.555016868823E-03,6.220975551663E+00
0,1.0110,2.153573395456E+01,2.498513919999E-03,6.214822262294E+00
0,1.0120,2.151148512345E+01,2.442122637081E-03,6.208681133577E+00
0,1.0130,2.148728438719E+01,2.385842689371E-03,6.202552129496E+00
0,1.0140,2.146313087301E+01,2.329673747476E-03,6.196435214181E+00
0,1.0150,2.143902468617E+01,2.273615483298E-03,6.190330351901E+00
0,1.0160,2.141496244547E+01,2.217667570034E-03,6.184237507067E+00
0,1.0170,2.139094899596E+01,2.161829682165E-03,6.178156644228E+00
0,1.0180,2.136698221054E+01,2.106101495451E-03,6.172087728074E+00
0,1.0190,2.134306161328E+01,2.050482686924E-03,6.166030723434E+00
0,1.0200,2.131918747533E+01,1.994972934885E-03,6.159985595274E+00
0,1.0210,2.129535819295E+01,1.946045876722E-03,6.153952308697E+00
0,1.0220,2.127157756619E+01,1.897214566227E-03,6.147930828943E+00
0,1.0230,2.124784015017E+01,1.848478722614E-03,6.141921121388E+00
0,1.0240,2.122414869962E+01,1.799838066196E-03,6.135923151543E+00
0,1.0250,2.120050448291E+01,1.751292318375E-03,6.129936885053E+00
0,1.0260,2.117690407737E+01,1.702841201642E-03,6.123962287699E+00
0,1.0270,2.115334964178E+01,1.654484439567E-03,6.117999325394E+00
0,1.0280,2.112983990622E+01,1.606221756795E-03,6.112047964182E+00
0,1.0290,2.110637627576E+01,1.558052879044E-03,6.106108170243E+00
0,1.0300,2.108295682160E+01,1.509977533093E-03,6.100179909883E+00
0,1.0310,2.105958114360E+01,1.471648759615E-03,6.094263149544E+00
0,1.0320,2.103625063769E+01,1.433394266705E-03,6.088357855794E+00
0,1.0330,2.101296522167E+01,1.395213838642E-03,6.082463995334E+00
0,1.0340,2.098972573090E+01,1.357107260535E-03,6.076581534990E+00
0,1.0350,2.096652826511E+01,1.319074318329E-03,6.070710441719E+00
0,1.0360,2.094337440247E+01,1.281114798791E-03,6.064850682606E+00
0,1.0370,2.092026673115E+01,1.243228489512E-03,6.059002224860E+00
0,1.0380,2.089719997946E+01,1.205415178903E-03,6.053165035818E+00
0,1.0390,2.087418144474E+01,1.167674656187E-03,6.047339082945E+00
0,1.0400,2.085120358093E+01,1.130006711399E-03,6.041524333827E+00
0,1.0410,2.082826855414E+01,1.098235605911E-03,6.035720756176E+00
0,1.0420,2.080537825023E+01,1.066525481431E-03,6.029928317831E+00
0,1.0430,2.078253199021E+01,1.034876162560E-03,6.024146986749E+00
0,1.0440,2.075972679241E+01,1.003287474567E-03,6.018376731015E+00
0,1.0450,2.073696508350E+01,9.717592433936E-04,6.012617518832E+00
0,1.0460,2.071424760316E+01,9.402912956450E-04,6.006869318527E+00
0,1.0470,2.069157154565E+01,9.088834585892E-04,6.001132098548E+00
0,1.0480,2.066894001957E+01,8.775355601539E-04,5.995405827461E+00
0,1.0490,2.064634954555E+01,8.462474289223E-04,5.989690473956E+00
0,1.0500,2.062380128553E+01,8.150188941313E-04,5.983986006838E+00
0,1.0510,2.060129443385E+01,7.887944313071E-04,5.978292395033E+00
0,1.0520,2.057883207216E+01,7.626198248760E-04,5.972609607585E+00
0,1.0530,2.055641036735E+01,7.364949327972E-04,5.966937613656E+00
0,1.0540,2.053403088518E+01,7.104196135686E-04,5.961276382523E+00
0,1.0550,2.051169203254E+01,6.843937262248E-04,5.955625883583E+00
0,1.0560,2.048939688227E+01,6.584171303343E-04,5.949986086344E+00
0,1.0570,2.046714254671E+01,6.324896859971E-04,5.944356960435E+00
0,1.0580,2.044492825140E+01,6.066112538419E-04,5.938738475595E+00
0,1.0590,2.042275822000E+01,5.807816950242E-04,5.933130601680E+00
0,1.0600,2.040062684565E+01,5.550008712231E-04,5.927533308660E+00
0,1.0610,2.037853704839E+01,5.393691167034E-04,5.921946566616E+00
0,1.0620,2.035648948227E+01,5.237668005161E-04,5.916370345743E+00
0,1.0630,2.033448095663E+01,5.081938395803E-04,5.910804616350E+00
0,1.0640,2.031251446618E+01,4.926501511275E-04,5.905249348853E+00
0,1.0650,2.029058898743E+01,4.771356527000E-04,5.899704513784E+00
0,1.0660,2.026870316087E+01,4.616502621494E-04,5.894170081782E+00
0,1.0670,2.024685743298E+01,4.461938976355E-04,5.888646023598E+00
0,1.0680,2.022505201393E+01,4.307664776244E-04,5.883132310093E+00
0,1.0690,2.020328868605E+01,4.153679208874E-04,5.877628912235E+00
0,1.0700,2.018156198407E+01,3.999981464995E-04,5.872135801102E+00
0,1.0710,2.015987782387E+01,3.909226591861E-04,5.866652947880E+00
0,1.0720,2.013823350060E+01,3.818641037520E-04,5.861180323862E+00
0,1.0730,2.011662831612E+01,3.728224328574E-04,5.855717900447E+00
0,1.0740,2.009506340001E+01,3.637975993388E-04,5.850265649143E+00
0,1.0750,2.007353564968E+01,3.547895562081E-04,5.844823541562E+00
0,1.0760,2.005204948507E+01,3.457982566521E-04,5.839391549423E+00
0,1.0770,2.003060365075E+01,3.368236540311E-04,5.833969644549E+00
0,1.0780,2.000919461207E+01,3.278657018788E-04,5.828557798868E+00
0,1.0790,1.998782675271E+01,3.189243539010E-04,5.823155984411E+00
0,1.0800,1.996649717813E+01,3.099995639751E-04,5.817764173314E+00
0,1.0810,1.994579850612E+01,3.024374338983E-04,5.812382337816E+00
0,1.0820,1.992513917468E+01,2.948892818808E-04,5.807010450258E+00
0,1.0830,1.990451541035E+01,2.873550692023E-04,5.801648483084E+00
0,1.0840,1.988393061051E+01,2.798347572851E-04,5.796296408837E+00
0,1.0850,1.986338401151E+01,2.723283076941E-04,5.790954200166E+00
0,1.0860,1.984287267268E+01,2.648356821354E-04,5.785621829815E+00
0,1.0870,1.982240050716E+01,2.573568424564E-04,5.780299270634E+00
0,1.0880,1.980196343417E+01,2.498917506444E-04,5.774986495569E+00
0,1.0890,1.978156526198E+01,2.424403688265E-04,5.769683477667E+00
0,1.0900,1.976120242287E+01,2.350026592689E-04,5.764390190073E+00
0,1.0910,1.974028972755E+01,2.289527072121E-04,5.759106606031E+00
0,1.0920,1.971941411827E+01,2.229138356536E-04,5.753832698882E+00
0,1.0930,1.969857565583E+01,2.168860141802E-04,5.748568442067E+00
0,1.0940,1.967777597558E+01,2.108692124902E-04,5.743313809122E+00
0,1.0950,1.965701297026E+01,2.048634003923E-04,5.738068773680E+00
0,1.0960,1.963628754851E+01,1.988685478055E-04,5.732833309470E+00
0,1.0970,1.961559854381E+01,1.928846247586E-04,5.727607390319E+00
0,1.0980,1.959494785796E+01,1.869116013893E-04,5.722390990145E+00
0,1.0990,1.957433317228E+01,1.809494479443E-04,5.717184082966E+00
0,1.1000,1.955375532626E+01,1.749981347782E-04,5.711986642891E+00
0,1.1010,1.953379699706E+01,1.709654151404E-04,5.706798644123E+00
0,1.1020,1.951387601247E+01,1.669400144129E-04,5.701620060962E+00
0,1.1030,1.949398866306E+01,1.629219126895E-04,5.696450867797E+00
0,1.1040,1.947413766658E+01,1.589110901359E-04,5.691291039112E+00
0,1.1050,1.945432272058E+01,1.549075269896E-04,5.686140549484E+00
0,1.1060,1.943454332947E+01,1.509112035597E-04,5.680999373580E+00
0,1.1070,1.941479721938E+01,1.469221002263E-04,5.675867486160E+00
0,1.1080,1.939508837905E+01,1.429401974404E-04,5.670744862075E+00
0,1.1090,1.937541238294E+01,1.389654757236E-04,5.665631476267E+00
0,1.1100,1.935577192206E+01,1.349979156675E-04,5.660527303765E+00
0,1.1110,1.933558873060E+01,1.314695729630E-04,5.655432319694E+00
0,1.1120,1.931544204835E+01,1.279475761986E-04,5.650346499262E+00
0,1.1130,1.929532990267E+01,1.244319082694E-04,5.645269817771E+00
0,1.1140,1.927525375429E+01,1.209225521317E-04,5.640202250610E+00
0,1.1150,1.925521379143E+01,1.174194908033E-04,5.635143773255E+00
0,1.1160,1.923520723952E+01,1.139227073626E-04,5.630094361272E+00
0,1.1170,1.921523875255E+01,1.104321849486E-04,5.625053990313E+00
0,1.1180,1.919530247442E+01,1.069479067608E-04,5.620022636118E+00
0,1.1190,1.917540259747E+01,1.034698560586E-04,5.615000274513E+00
0,1.1200,1.915553867415E+01,9.999801616114E-05,5.609986881410E+00
0,1.1210,1.913628296815E+01,9.747793098372E-05,5.604982432810E+00
0,1.1220,1.911705880749E+01,9.496233793674E-05,5.599986904795E+00
0,1.1230,1.909786959352E+01,9.245122501986E-05,5.595000273535E+00
0,1.1240,1.907871246135E+01,8.994458027543E-05,5.590022515284E+00
0,1.1250,1.905959146049E+01,8.744239178832E-05,5.585053606382E+00
0,1.1260,1.904050228173E+01,8.494464768573E-05,5.580093523250E+00
0,1.1270,1.902144635166E+01,8.245133613701E-05,5.575142242395E+00
0,1.1280,1.900242431117E+01,7.996244535344E-05,5.570199740407E+00
0,1.1290,1.898343452572E+01,7.747796358810E-05,5.565265993959E+00
0,1.1300,1.896447815766E+01,7.499787913561E-05,5.560340979805E+00
0,1.1310,1.894498828892E+01,7.247818136859E-05,5.555424674783E+00
0,1.1320,1.892553058232E+01,6.996293536442E-05,5.550517055812E+00
0,1.1330,1.890610766255E+01,6.745212933554E-05,5.545618099894E+00
0,1.1340,1.888671855198E+01,6.494575153599E-05,5.540727784109E+00
0,1.1350,1.886736321876E+01,6.244379026119E-05,5.535846085621E+00
0,1.1360,1.884803999814E+01,5.994623384780E-05,5.530972981672E+00
0,1.1370,1.882875141740E+01,5.745307067347E-05,5.526108449586E+00
0,1.1380,1.880949707155E+01,5.496428915675E-05,5.521252466766E+00
0,1.1390,1.879027463115E+01,5.247987775683E-05,5.516405010693E+00
0,1.1400,1.877108691052E+01,4.999982497339E-05,5.511566058929E+00
0,1.1410,1.875249331741E+01,4.838724508270E-05,5.506735589114E+00
0,1.1420,1.873393177190E+01,4.677748932491E-05,5.501913578966E+00
0,1.1430,1.871540369175E+01,4.517055028761E-05,5.497100006281E+00
0,1.1440,1.869690688220E+01,4.356642058429E-05,5.492294848933E+00
0,1.1450,1.867844113298E+01,4.196509285426E-05,5.487498084873E+00
0,1.1460,1.866000793261E+01,4.036655976249E-05,5.482709692129E+00
0,1.1470,1.864160680020E+01,3.877081399957E-05,5.477929648805E+00
0,1.1480,1.862323705401E+01,3.717784828153E-05,5.473157933083E+00
0,1.1490,1.860489792019E+01,3.558765534977E-05,5.468394523220E+00
0,1.1500,1.858659141230E+01,3.400022797094E-05,5.463639397547E+00
0,1.1510,1.856831402124E+01,3.269003205344E-05,5.458892534474E+00
0,1.1520,1.855007117406E+01,3.138211078164E-05,5.454153912482E+00
0,1.1530,1.853185768904E+01,3.007645823711E-05,5.449423510130E+00
0,1.1540,1.851367458655E+01,2.877306852194E-05,5.444701306048E+00
0,1.1550,1.849552314975E+01,2.747193575866E-05,5.439987278943E+00
0,1.1560,1.847740175908E+01,2.617305409013E-05,5.435281407595E+00
0,1.1570,1.845931263170E+01,2.487641767945E-05,5.430583670855E+00
0,1.1580,1.844125450057E+01,2.358202070990E-05,5.425894047651E+00
0,1.1590,1.842322669572E+01,2.228985738481E-05,5.421212516980E+00
0,1.1600,1.840523062687E+01,2.099992192753E-05,5.416539057913E+00
0,1.1610,1.838726099100E+01,1.999216480518E-05,5.411873649595E+00
0,1.1620,1.836932491504E+01,1.898614220455E-05,5.407216271239E+00
0,1.1630,1.835142000063E+01,1.798184965139E-05,5.402566902132E+00
0,1.1640,1.833354343485E+01,1.697928268680E-05,5.397925521632E+00
0,1.1650,1.831569767178E+01,1.597843686722E-05,5.393292109167E+00
0,1.1660,1.829788146577E+01,1.497930776431E-05,5.388666644236E+00
0,1.1670,1.828009664497E+01,1.398189096492E-05,5.384049106409E+00
0,1.1680,1.826234084354E+01,1.298618207101E-05,5.379439475325E+00
0,1.1690,1.824461595922E+01,1.199217669959E-05,5.374837730693E+00
0,1.1700,1.822691987554E+01,1.099987048265E-05,5.370243852290E+00
0,1.1710,1.820925323328E+01,1.021892751207E-05,5.365657819965E+00
0,1.1720,1.819161767810E+01,9.439317208681E-06,5.361079613634E+00
0,1.1730,1.817400987257E+01,8.661036164121E-06,5.356509213282E+00
0,1.1740,1.815643283552E+01,7.884080981646E-06,5.351946598960E+00
0,1.1750,1.813888498374E+01,7.108448276079E-06,5.347391750791E+00
0,1.1760,1.812136607760E+01,6.334134673751E-06,5.342844648962E+00
0,1.1770,1.810387788948E+01,5.561136812465E-06,5.338305273729E+00
0,1.1780,1.808641824953E+01,4.789451341435E-06,5.333773605416E+00
0,1.1790,1.806898682949E+01,4.019074921247E-06,5.329249624410E+00
0,1.1800,1.805158472531E+01,3.250004223805E-06,5.324733311169E+00
0,1.1810,1.803421399399E+01,3.103898861971E-06,5.320224646215E+00
0,1.1820,1.801686970835E+01,2.958040717332E-06,5.315723610135E+00
0,1.1830,1.799955480344E+01,2.812429162962E-06,5.311230183584E+00
0,1.1840,1.798226810518E+01,2.667063574056E-06,5.306744347280E+00
0,1.1850,1.796501182707E+01,2.521943327916E-06,5.302266082008E+00
0,1.1860,1.794778272941E+01,2.377067803945E-06,5.297795368617E+00
0,1.1870,1.793058386173E+01,2.232436383636E-06,5.293332188020E+00
0,1.1880,1.791341150626E+01,2.088048450568E-06,5.288876521195E+00
0,1.1890,1.789626768103E+01,1.943903390389E-06,5.284428349184E+00
0,1.1900,1.787915294270E+01,1.800000590816E-06,5.279987653092E+00
0,1.1910,1.786206762302E+01,1.729469176907E-06,5.275554414089E+00
0,1.1920,1.784500875805E+01,1.659056104298E-06,5.271128613406E+00
0,1.1930,1.782797883801E+01,1.588761075397E-06,5.266710232338E+00
0,1.1940,1.781097608992E+01,1.518583793614E-06,5.262299252244E+00
0,1.1950,1.779400214327E+01,1.448523963348E-06,5.257895654544E+00
0,1.1960,1.777705734828E+01,1.378581289990E-06,5.253499420719E+00
0,1.1970,1.776013814793E+01,1.308755479911E-06,5.249110532314E+00
0,1.1980,1.774324843848E+01,1.239046240467E-06,5.244728970935E+00
0,1.1990,1.772638587607E+01,1.169453279988E-06,5.240354718248E+00
0,0.3000,1.040287546858E+02,8.867668863533E+01,2.094395102393E+01
0,0.3010,1.039851047660E+02,8.705447177761E+01,2.087436979129E+01
0,0.3020,1.039417328064E+02,8.544299807790E+01,2.080524936152E+01
0,0.3030,1.038986455982E+02,8.384216116828E+01,2.073658517221E+01
0,0.3040,1.038558447355E+02,8.225185608043E+01,2.066837272099E+01
0,0.3050,1.038133214171E+02,8.067197922267E+01,2.060060756452E+01
0,0.3060,1.037710785937E+02,7.910242835745E+01,2.053328531758E+01
0,0.3070,1.037291130421E+02,7.754310257929E+01,2.046640165205E+01
0,0.3080,1.036874163934E+02,7.599390229320E+01,2.039995229604E+01
0,0.3090,1.036459923247E+02,7.445472919343E+01,2.033393303294E+01
0,0.3100,1.036048377562E+02,7.292548624268E+01,2.026833970058E+01
0,0.3110,1.032522512003E+02,7.209500568704E+01,2.020316819029E+01
0,0.3120,1.029019184033E+02,7.126984872471E+01,2.013841444609E+01
0,0.3130,1.025538180550E+02,7.044996433082E+01,2.007407446383E+01
0,0.3140,1.022079324923E+02,6.963530213053E+01,2.001014429038E+01
0,0.3150,1.018642375840E+02,6.882581238864E+01,1.994662002279E+01
0,0.3160,1.015227167702E+02,6.802144599956E+01,1.988349780753E+01
0,0.3170,1.011833436963E+02,6.722215447729E+01,1.982077383968E+01
0,0.3180,1.008461022238E+02,6.642788994572E+01,1.975844436220E+01
0,0.3190,1.005109723611E+02,6.563860512908E+01,1.969650566514E+01
0,0.3200,1.001779316573E+02,6.485425334254E+01,1.963495408494E+01
0,0.3210,1.000273828343E+02,6.425486731426E+01,1.957378600367E+01
0,0.3220,9.987776486116E+01,6.365920418057E+01,1.951299784838E+01
0,0.3230,9.972907506170E+01,6.306722936349E+01,1.945258609034E+01
0,0.3240,9.958130437200E+01,6.247890871195E+01,1.939254724438E+01
0,0.3250,9.943444438140E+01,6.189420849519E+01,1.933287786824E+01
0,0.3260,9.928848584017E+01,6.131309539632E+01,1.927357456190E+01
0,0.3270,9.914342215353E+01,6.073553650601E+01,1.921463396691E+01
0,0.3280,9.899924153812E+01,6.016149931624E+01,1.915605276579E+01
0,0.3290,9.885594038514E+01,5.959095171426E+01,1.909782768140E+01
0,0.3300,9.871350904873E+01,5.902386197654E+01,1.903995547630E+01
0,0.3310,9.861568536881E+01,5.861205822652E+01,1.898243295220E+01
0,0.3320,9.851845700122E+01,5.820273522199E+01,1.892525694934E+01
0,0.3330,9.842181373393E+01,5.779587061388E+01,1.886842434588E+01
0,0.3340,9.832574808644E+01,5.739144232079E+01,1.881193205742E+01
0,0.3350,9.823025599206E+01,5.698942852497E+01,1.875577703636E+01
0,0.3360,9.813533252917E+01,5.658980766841E+01,1.869995627137E+01
0,0.3370,9.804097320667E+01,5.619255844899E+01,1.864446678688E+01
0,0.3380,9.794717130807E+01,5.579765981666E+01,1.858930564254E+01
0,0.3390,9.785392018623E+01,5.540509096977E+01,1.853446993268E+01
0,0.3400,9.776121839723E+01,5.501483135139E+01,1.847995678582E+01
0,0.3410,9.782969228073E+01,5.478163705799E+01,1.842576336416E+01
0,0.3420,9.789776427729E+01,5.454980647391E+01,1.837188686310E+01
0,0.3430,9.796543815538E+01,5.431932767166E+01,1.831832451073E+01
0,0.3440,9.803271891108E+01,5.409018886245E+01,1.826507356738E+01
0,0.3450,9.809961015048E+01,5.386237839416E+01,1.821213132516E+01
0,0.3460,9.816611435725E+01,5.363588474938E+01,1.815949510746E+01
0,0.3470,9.823223502106E+01,5.341069654348E+01,1.810716226853E+01
0,0.3480,9.829797531797E+01,5.318680252267E+01,1.805513019304E+01
0,0.3490,9.836333895671E+01,5.296419156215E+01,1.800339629564E+01
0,0.3500,9.842832943937E+01,5.274285266427E+01,1.795195802051E+01
0,0.3510,9.910099872746E+01,5.264271040272E+01,1.790081284097E+01
0,0.3520,9.976982649061E+01,5.254313713129E+01,1.784995825903E+01
0,0.3530,1.004348481365E+02,5.244412801437E+01,1.779939180504E+01
0,0.3540,1.010960973452E+02,5.234567827100E+01,1.774911103723E+01
0,0.3550,1.017536073458E+02,5.224778317407E+01,1.769911354135E+01
0,0.3560,1.024074060353E+02,5.215043804959E+01,1.764939693028E+01
0,0.3570,1.030575258150E+02,5.205363827595E+01,1.759995884364E+01
0,0.3580,1.037040028628E+02,5.195737928317E+01,1.755079694743E+01
0,0.3590,1.043468615815E+02,5.186165655219E+01,1.750190893365E+01
0,0.3600,1.049861339817E+02,5.176646561415E+01,1.745329251994E+01
0,0.3610,1.062024480709E+02,5.023937503926E+01,1.740494544925E+01
0,0.3620,1.074119932951E+02,4.872072142888E+01,1.735686548945E+01
0,0.3630,1.086148302900E+02,4.721043505601E+01,1.730905043300E+01
0,0.3640,1.098110171450E+02,4.570844695992E+01,1.726149809665E+01
0,0.3650,1.110006075836E+02,4.421468893559E+01,1.721420632104E+01
0,0.3660,1.121836561431E+02,4.272909352342E+01,1.716717297044E+01
0,0.3670,1.133602228899E+02,4.125159399904E+01,1.712039593237E+01
0,0.3680,1.145303568033E+02,3.978212436339E+01,1.707387311734E+01
0,0.3690,1.156941135017E+02,3.832061933281E+01,1.702760245848E+01
0,0.3700,1.168515485879E+02,3.686701432942E+01,1.698158191130E+01
0,0.3710,1.160692659819E+02,3.469300566511E+01,1.693580945331E+01
0,0.3720,1.152911721900E+02,3.253068521943E+01,1.689028308382E+01
0,0.3730,1.145172355482E+02,3.037995898525E+01,1.684500082354E+01
0,0.3740,1.137474251366E+02,2.824073396088E+01,1.679996071438E+01
0,0.3750,1.129817035636E+02,2.611291813664E+01,1.675516081915E+01
0,0.3760,1.122200393966E+02,2.399642048168E+01,1.671059922122E+01
0,0.3770,1.114623980062E+02,2.189115093098E+01,1.666627402435E+01
0,0.3780,1.107087531267E+02,1.979702037262E+01,1.662218335233E+01
0,0.3790,1.099590651756E+02,1.771394063515E+01,1.657832534876E+01
0,0.3800,1.092133092037E+02,1.564182447524E+01,1.653469817679E+01
0,0.3810,1.079725797510E+02,1.477455568688E+01,1.649130001884E+01
0,0.3820,1.067383011815E+02,1.391182757281E+01,1.644812907639E+01
0,0.3830,1.055104197024E+02,1.305360456638E+01,1.640518356966E+01
0,0.3840,1.042888841380E+02,1.219985147144E+01,1.636246173745E+01
0,0.3850,1.030736426094E+02,1.135053345752E+01,1.631996183683E+01
0,0.3860,1.018646478307E+02,1.050561605506E+01,1.627768214295E+01
0,0.3870,1.006618470063E+02,9.665065150811E+00,1.623562094878E+01
0,0.3880,9.946519024867E+01,8.828846983181E+00,1.619377656490E+01
0,0.3890,9.827463431353E+01,7.996928137750E+00,1.615214731923E+01
0,0.3900,9.709012417388E+01,7.169275542807E+00,1.611073155687E+01
0,0.3910,9.615477707517E+01,6.911503837898E+00,1.606952763985E+01
0,0.3920,9.522416579855E+01,6.655047294747E+00,1.602853394689E+01
0,0.3930,9.429825211127E+01,6.399895873954E+00,1.598774887323E+01
0,0.3940,9.337699989332E+01,6.146039638038E+00,1.594717083041E+01
0,0.3950,9.246037205903E+01,5.893468750152E+00,1.590679824602E+01
0,0.3960,9.154833065864E+01,5.642173472811E+00,1.586662956358E+01
0,0.3970,9.064084509029E+01,5.392144166640E+00,1.582666324227E+01
0,0.3980,8.973787723465E+01,5.143371289143E+00,1.578689775673E+01
0,0.3990,8.883939343483E+01,4.895845393489E+00,1.574733159694E+01
0,0.4000,8.794535799244E+01,4.649557127313E+00,1.570796326795E+01
0,0.4010,8.728037347128E+01,4.529847561859E+00,1.566879128972E+01
0,0.4020,8.661867179105E+01,4.410733566383E+00,1.562981419696E+01
0,0.4030,8.596023088238E+01,4.292210707361E+00,1.559103053891E+01
0,0.4040,8.530502060970E+01,4.174274595166E+00,1.555243887916E+01
0,0.4050,8.465302250521E+01,4.056920883525E+00,1.551403779551E+01
0,0.4060,8.400420734794E+01,3.940145268985E+00,1.547582587975E+01
0,0.4070,8.335855419458E+01,3.823943490389E+00,1.543780173754E+01
0,0.4080,8.271604006022E+01,3.708311328355E+00,1.539996398819E+01
0,0.4090,8.207663924457E+01,3.593244604766E+00,1.536231126450E+01
0,0.4100,8.144032840681E+01,3.478739182268E+00,1.532484221263E+01
0,0.4110,8.091748403534E+01,3.392308563657E+00,1.528755549192E+01
0,0.4120,8.039715842968E+01,3.306297511157E+00,1.525044977471E+01
0,0.4130,7.987933215971E+01,3.220702977070E+00,1.521352374620E+01
0,0.4140,7.936398649360E+01,3.135521943148E+00,1.517677610430E+01
0,0.4150,7.885110501916E+01,3.050751420233E+00,1.514020555947E+01
0,0.4160,7.834066851365E+01,2.966388447909E+00,1.510381083457E+01
0,0.4170,7.783266071217E+01,2.882430094157E+00,1.506759066470E+01
0,0.4180,7.732706273182E+01,2.798873455016E+00,1.503154379708E+01
0,0.4190,7.682385685871E+01,2.715715654249E+00,1.499566899088E+01
0,0.4200,7.632302757606E+01,2.632953843009E+00,1.495996501709E+01
0,0.4210,7.588595045093E+01,2.569986959374E+00,1.492443065838E+01
0,0.4220,7.545093059581E+01,2.507318496988E+00,1.488906470896E+01
0,0.4230,7.501794789679E+01,2.444946339389E+00,1.485386597442E+01
0,0.4240,7.458699378445E+01,2.382868390081E+00,1.481883327165E+01
0,0.4250,7.415804887164E+01,2.321082572299E+00,1.478396542866E+01
0,0.4260,7.373110064520E+01,2.259586828779E+00,1.474926128446E+01
0,0.4270,7.330613491709E+01,2.198379121528E+00,1.471471968895E+01
0,0.4280,7.288314028979E+01,2.137457431601E+00,1.468033950276E+01
0,0.4290,7.246209737998E+01,2.076819758877E+00,1.464611959716E+01
0,0.4300,7.204299739155E+01,2.016464121839E+00,1.461205885391E+01
0,0.4310,7.167411153084E+01,1.966593266679E+00,1.457815616515E+01
0,0.4320,7.130692076015E+01,1.916953295107E+00,1.454441043329E+01
0,0.4330,7.094141293424E+01,1.867542607469E+00,1.451082057085E+01
0,0.4340,7.057757242600E+01,1.818359618852E+00,1.447738550041E+01
0,0.4350,7.021539311343E+01,1.769402758918E+00,1.444410415444E+01
0,0.4360,6.985486231245E+01,1.720670471737E+00,1.441097547518E+01
0,0.4370,6.949596432285E+01,1.672161215618E+00,1.437799841460E+01
0,0.4380,6.913869107622E+01,1.623873462951E+00,1.434517193420E+01
0,0.4390,6.878303110819E+01,1.575805700047E+00,1.431249500496E+01
0,0.4400,6.842897394760E+01,1.527956426973E+00,1.427996660723E+01
0,0.4410,6.809939839130E+01,1.495002020225E+00,1.424758573057E+01
0,0.4420,6.777130271969E+01,1.462196728440E+00,1.421535137371E+01
0,0.4430,6.744467226322E+01,1.429539541810E+00,1.418326254442E+01
0,0.4440,6.711950116969E+01,1.397029459624E+00,1.415131825941E+01
0,0.4450,6.679577954894E+01,1.364665490167E+00,1.411951754422E+01
0,0.4460,6.647349570241E+01,1.332446650618E+00,1.408785943314E+01
0,0.4470,6.615264043899E+01,1.300371966950E+00,1.405634296908E+01
0,0.4480,6.583320448581E+01,1.268440473834E+00,1.402496720353E+01
0,0.4490,6.551518085905E+01,1.236651214541E+00,1.399373119639E+01
0,0.4500,6.519855381412E+01,1.205003240845E+00,1.396263401595E+01
0,0.4510,6.490711009346E+01,1.181543941427E+00,1.393167473876E+01
0,0.4520,6.461694444582E+01,1.158188444218E+00,1.390085244951E+01
0,0.4530,6.432804681886E+01,1.134936061787E+00,1.387016624101E+01
0,0.4540,6.404041294574E+01,1.111786112760E+00,1.383961521405E+01
0,0.4550,6.375402924101E+01,1.088737921749E+00,1.380919847732E+01
0,0.4560,6.346889168700E+01,1.065790819296E+00,1.377891514732E+01
0,0.4570,6.318498813855E+01,1.042944141799E+00,1.374876434831E+01
0,0.4580,6.290231540356E+01,1.020197231453E+00,1.371874521218E+01
0,0.4590,6.262086036960E+01,9.975494361844E-01,1.368885687839E+01
0,0.4600,6.234061788133E+01,9.750001095908E-01,1.365909849387E+01
0,0.4610,6.208075376183E+01,9.602165502576E-01,1.362946921297E+01
0,0.4620,6.182200617461E+01,9.454969890167E-01,1.359996819736E+01
0,0.4630,6.156436516913E+01,9.308410111938E-01,1.357059461594E+01
0,0.4640,6.130782264803E+01,9.162482056890E-01,1.354134764478E+01
0,0.4650,6.105237205634E+01,9.017181649391E-01,1.351222646705E+01
0,0.4660,6.079800974781E+01,8.872504848791E-01,1.348323027292E+01
0,0.4670,6.054472642018E+01,8.728447649050E-01,1.345435825949E+01
0,0.4680,6.029251325644E+01,8.585006078367E-01,1.342560963073E+01
0,0.4690,6.004136528954E+01,8.442176198818E-01,1.339698359740E+01
0,0.4700,5.979127611236E+01,8.299954105990E-01,1.336847937698E+01
0,0.4710,5.955833122938E+01,8.187857561508E-01,1.334009619359E+01
0,0.4720,5.932636522743E+01,8.076236002383E-01,1.331183327792E+01
0,0.4730,5.909536807251E+01,7.965086416024E-01,1.328368986719E+01
0,0.4740,5.886533687698E+01,7.854405815261E-01,1.325566520502E+01
0,0.4750,5.863626651575E+01,7.744191238081E-01,1.322775854143E+01
0,0.4760,5.840814574115E+01,7.634439747359E-01,1.319996913273E+01
0,0.4770,5.818097484134E+01,7.525148430602E-01,1.317229624147E+01
0,0.4780,5.795474472571E+01,7.416314399690E-01,1.314473913636E+01
0,0.4790,5.772944711925E+01,7.307934790619E-01,1.311729709223E+01
0,0.4800,5.750508114397E+01,7.200006763252E-01,1.308996938996E+01
0,0.4810,5.729346131582E+01,7.108320372249E-01,1.306275531638E+01
0,0.4820,5.708271044446E+01,7.017014422703E-01,1.303565416427E+01
0,0.4830,5.687282273051E+01,6.926086551623E-01,1.300866523226E+01
0,0.4840,5.666379703079E+01,6.835534415547E-01,1.298178782475E+01
0,0.4850,5.645562148556E+01,6.745355690342E-01,1.295502125192E+01
0,0.4860,5.624829596062E+01,6.655548071001E-01,1.292836482959E+01
0,0.4870,5.604180963466E+01,6.566109271453E-01,1.290181787922E+01
0,0.4880,5.583616188114E+01,6.477037024362E-01,1.287537972783E+01
0,0.4890,5.563134900746E+01,6.388329080940E-01,1.284904970793E+01
0,0.4900,5.542736066587E+01,6.299983210756E-01,1.282282715751E+01
0,0.4910,5.524093434607E+01,6.223603818808E-01,1.279671141992E+01
0,0.4920,5.505525544882E+01,6.147534912194E-01,1.277070184386E+01
0,0.4930,5.487032476079E+01,6.071774601550E-01,1.274479778333E+01
0,0.4940,5.468613630118E+01,5.996321012811E-01,1.271899859753E+01
0,0.4950,5.450268202341E+01,5.921172287057E-01,1.269330365087E+01
0,0.4960,5.431996085252E+01,5.846326580358E-01,1.266771231286E+01
0,0.4970,5.413796933104E+01,5.771782063626E-01,1.264222395811E+01
0,0.4980,5.395669634767E+01,5.697536922463E-01,1.261683796622E+01
0,0.4990,5.377614498877E+01,5.623589357017E-01,1.259155372180E+01
0,0.5000,5.359630908391E+01,5.549937581832E-01,1.256637061436E+01
0,0.5010,5.342096937781E+01,5.478686762100E-01,1.254128803828E+01
0,0.5020,5.324632093117E+01,5.407719810176E-01,1.251630539279E+01
0,0.5030,5.307235913238E+01,5.337035033011E-01,1.249142208187E+01
0,0.5040,5.289908062242E+01,5.266630750993E-01,1.246663751425E+01
0,0.5050,5.272648087532E+01,5.196505297815E-01,1.244195110333E+01
0,0.5060,5.255455711699E+01,5.126657020341E-01,1.241736226715E+01
0,0.5070,5.238330327311E+01,5.057084278479E-01,1.239287042836E+01
0,0.5080,5.221271582432E+01,4.987785445049E-01,1.236847501413E+01
0,0.5090,5.204279111337E+01,4.918758905661E-01,1.234417545615E+01
0,0.5100,5.187352337759E+01,4.850003058583E-01,1.231997119055E+01
0,0.5110,5.171110570907E+01,4.804214475246E-01,1.229586165789E+01
0,0.5120,5.154931303524E+01,4.758604753562E-01,1.227184630309E+01
0,0.5130,5.138814633511E+01,4.713172847558E-01,1.224792457540E+01
0,0.5140,5.122759835503E+01,4.667917719397E-01,1.222409592836E+01
0,0.5150,5.106766644786E+01,4.622838339308E-01,1.220035981977E+01
0,0.5160,5.090834738102E+01,4.577933685497E-01,1.217671571159E+01
0,0.5170,5.074963791130E+01,4.533202744081E-01,1.215316306998E+01
0,0.5180,5.059153308203E+01,4.488644509002E-01,1.212970136521E+01
0,0.5190,5.043403111215E+01,4.444257981958E-01,1.210633007164E+01
0,0.5200,5.027713005134E+01,4.400042172326E-01,1.208304866765E+01
0,0.5210,5.012811237396E+01,4.351714847982E-01,1.205985663566E+01
0,0.5220,4.997966026605E+01,4.303572685800E-01,1.203675346203E+01
0,0.5230,4.983176912487E+01,4.255614623665E-01,1.201373863705E+01
0,0.5240,4.968443386932E+01,4.207839607569E-01,1.199081165492E+01
0,0.5250,4.953765527704E+01,4.160246591534E-01,1.196797201368E+01
0,0.5260,4.939142826315E+01,4.112834537537E-01,1.194521921517E+01
0,0.5270,4.924574991621E+01,4.065602415434E-01,1.192255276505E+01
0,0.5280,4.910061840099E+01,4.018549202884E-01,1.189997217269E+01
0,0.5290,4.895602657737E+01,3.971673885278E-01,1.187747695119E+01
0,0.5300,4.881197328175E+01,3.924975455662E-01,1.185506661732E+01
0,0.5310,4.867203671308E+01,3.884298288572E-01,1.183274069149E+01
0,0.5320,4.853261780604E+01,3.843774043163E-01,1.181049869771E+01
0,0.5330,4.839371726589E+01,3.803401858712E-01,1.178834016356E+01
0,0.5340,4.825533012147E+01,3.763180880945E-01,1.176626462019E+01
0,0.5350,4.811745310573E+01,3.723110261973E-01,1.174427160220E+01
0,0.5360,4.798008631216E+01,3.683189160236E-01,1.172236064772E+01
0,0.5370,4.784322518072E+01,3.643416740442E-01,1.170053129829E+01
0,0.5380,4.770686412897E+01,3.603792173510E-01,1.167878309885E+01
0,0.5390,4.757100448861E+01,3.564314636510E-01,1.165711559774E+01
0,0.5400,4.743564100153E+01,3.524983312611E-01,1.163552834663E+01
0,0.5410,4.730545645588E+01,3.491441805176E-01,1.161402090052E+01
0,0.5420,4.717574591667E+01,3.458024067141E-01,1.159259281767E+01
0,0.5430,4.704651078542E+01,3.424729414697E-01,1.157124365963E+01
0,0.5440,4.691774207630E+01,3.391557169064E-01,1.154997299114E+01
0,0.5450,4.678943855690E+01,3.358506656442E-01,1.152878038015E+01
0,0.5460,4.666160323057E+01,3.325577207969E-01,1.150766539776E+01
0,0.5470,4.653422612787E+01,3.292768159674E-01,1.148662761824E+01
0,0.5480,4.640730992000E+01,3.260078852430E-01,1.146566661894E+01
0,0.5490,4.628084834146E+01,3.227508631916E-01,1.144478198029E+01
0,0.5500,4.615484200013E+01,3.195056848567E-01,1.142397328578E+01
0,0.5510,4.603273841501E+01,3.164057036630E-01,1.140324012192E+01
0,0.5520,4.591106959270E+01,3.133169542852E-01,1.138258207822E+01
0,0.5530,4.578983742434E+01,3.102393757912E-01,1.136199874716E+01
0,0.5540,4.566903816835E+01,3.071729076889E-01,1.134148972415E+01
0,0.5550,4.554866611252E+01,3.041174899221E-01,1.132105460753E+01
0,0.5560,4.542872299357E+01,3.010730628667E-01,1.130069299852E+01
0,0.5570,4.530920513517E+01,2.980395673267E-01,1.128040450122E+01
0,0.5580,4.519010975712E+01,2.950169445307E-01,1.126018872254E+01
0,0.5590,4.507143492394E+01,2.920051361274E-01,1.124004527224E+01
0,0.5600,4.495317753286E+01,2.890040841827E-01,1.121997376282E+01
0,0.5610,4.483759856632E+01,2.866666896486E-01,1.119997380959E+01
0,0.5620,4.472242404594E+01,2.843376132444E-01,1.118004503057E+01
0,0.5630,4.460765406016E+01,2.820168106464E-01,1.116018704650E+01
0,0.5640,4.449328638915E+01,2.797042378447E-01,1.114039948081E+01
0,0.5650,4.437931748164E+01,2.773998511415E-01,1.112068195961E+01
0,0.5660,4.426574634768E+01,2.751036071475E-01,1.110103411162E+01
0,0.5670,4.415256998855E+01,2.728154627795E-01,1.108145556822E+01
0,0.5680,4.403978715726E+01,2.705353752579E-01,1.106194596334E+01
0,0.5690,4.392739372399E+01,2.682633021037E-01,1.104250493353E+01
0,0.5700,4.381539063331E+01,2.659992011361E-01,1.102313211786E+01
0,0.5710,4.370710767017E+01,2.637650381238E-01,1.100382715793E+01
0,0.5720,4.359919927131E+01,2.615386868703E-01,1.098458969787E+01
0,0.5730,4.349165972973E+01,2.593201064764E-01,1.096541938426E+01
0,0.5740,4.338449273647E+01,2.571092563277E-01,1.094631586617E+01
0,0.5750,4.327769213828E+01,2.549060960926E-01,1.092727879509E+01
0,0.5760,4.317125640035E+01,2.527105857194E-01,1.090830782496E+01
0,0.5770,4.306518621126E+01,2.505226854341E-01,1.088940261210E+01
0,0.5780,4.295947735400E+01,2.483423557381E-01,1.087056281519E+01
0,0.5790,4.285412756758E+01,2.461695574055E-01,1.085178809530E+01
0,0.5800,4.274913836335E+01,2.440042514809E-01,1.083307811583E+01
0,0.5810,4.264668715726E+01,2.420237559709E-01,1.081443254248E+01
0,0.5820,4.254458611672E+01,2.400500662874E-01,1.079585104326E+01
0,0.5830,4.244282911419E+01,2.380831474090E-01,1.077733328847E+01
0,0.5840,4.234141666731E+01,2.361229645541E-01,1.075887895065E+01
0,0.5850,4.224034546237E+01,2.341694831791E-01,1.074048770458E+01
0,0.5860,4.213961448307E+01,2.322226689760E-01,1.072215922727E+01
0,0.5870,4.203922173741E+01,2.302824878708E-01,1.070389319792E+01
0,0.5880,4.193916344305E+01,2.283489060209E-01,1.068568929792E+01
0,0.5890,4.183944398616E+01,2.264218898141E-01,1.066754721083E+01
0,0.5900,4.174005461268E+01,2.245014058655E-01,1.064946662234E+01
0,0.5910,4.164314646616E+01,2.229021118543E-01,1.063144722027E+01
0,0.5920,4.154656043042E+01,2.213082208635E-01,1.061348869456E+01
0,0.5930,4.145029828275E+01,2.197197055589E-01,1.059559073723E+01
0,0.5940,4.135435357016E+01,2.181365387908E-01,1.057775304239E+01
0,0.5950,4.125872751412E+01,2.165586935916E-01,1.055997530618E+01
0,0.5960,4.116341612439E+01,2.149861431749E-01,1.054225722681E+01
0,0.5970,4.106841977531E+01,2.134188609339E-01,1.052459850449E+01
0,0.5980,4.097373770364E+01,2.118568204394E-01,1.050699884144E+01
0,0.5990,4.087936486313E+01,2.102999954392E-01,1.048945794187E+01
0,0.6000,4.078530411246E+01,2.087483598555E-01,1.047197551197E+01
0,0.6010,4.069260862241E+01,2.068453875867E-01,1.045455125987E+01
0,0.6020,4.060021690085E+01,2.049487374849E-01,1.043718489565E+01
0,0.6030,4.050812525219E+01,2.030583780965E-01,1.041987613131E+01
0,0.6040,4.041633633731E+01,2.011742781763E-01,1.040262468076E+01
0,0.6050,4.032484418456E+01,1.992964066856E-01,1.038543025980E+01
0,0.6060,4.023364953639E+01,1.974247327905E-01,1.036829258610E+01
0,0.6070,4.014275275596E+01,1.955592258606E-01,1.035121137921E+01
0,0.6080,4.005214748648E+01,1.936998554665E-01,1.033418636049E+01
0,0.6090,3.996183818076E+01,1.918465913792E-01,1.031721725317E+01
0,0.6100,3.987182046734E+01,1.899994035676E-01,1.030030378226E+01
0,0.6110,3.978417005377E+01,1.885788551254E-01,1.028344567460E+01
0,0.6120,3.969680318406E+01,1.871629489983E-01,1.026664265879E+01
0,0.6130,3.960971880907E+01,1.857516624670E-01,1.024989446522E+01
0,0.6140,3.952291135733E+01,1.843449729604E-01,1.023320082603E+01
0,0.6150,3.943638248766E+01,1.829428580537E-01,1.021656147509E+01
0,0.6160,3.935013096122E+01,1.815452954681E-01,1.019997614802E+01
0,0.6170,3.926415553147E+01,1.801522630692E-01,1.018344458214E+01
0,0.6180,3.917845068901E+01,1.787637388658E-01,1.016696651647E+01
0,0.6190,3.909302037309E+01,1.773797010088E-01,1.015054169173E+01
0,0.6200,3.900786211940E+01,1.760001277900E-01,1.013416985029E+01
0,0.6210,3.892399618547E+01,1.747828361126E-01,1.011785073620E+01
0,0.6220,3.884039620057E+01,1.735694585564E-01,1.010158409514E+01
0,0.6230,3.875706049779E+01,1.723599762732E-01,1.008536967445E+01
0,0.6240,3.867398751857E+01,1.711543705359E-01,1.006920722304E+01
0,0.6250,3.859117600889E+01,1.699526227368E-01,1.005309649149E+01
0,0.6260,3.850862671950E+01,1.687547143877E-01,1.003703723192E+01
0,0.6270,3.842633375579E+01,1.675606271177E-01,1.002102919805E+01
0,0.6280,3.834429933403E+01,1.663703426735E-01,1.000507214519E+01
0,0.6290,3.826252331731E+01,1.651838429175E-01,9.989165830174E+00
0,0.6300,3.818100149877E+01,1.640011098274E-01,9.973310011396E+00
0,0.6310,3.810074039657E+01,1.627335037055E-01,9.957504448779E+00
0,0.6320,3.802073113658E+01,1.614699089954E-01,9.941748903765E+00
0,0.6330,3.794096866934E+01,1.602103066856E-01,9.926043139304E+00
0,0.6340,3.786145520691E+01,1.589546778847E-01,9.910386919842E+00
0,0.6350,3.778218783646E+01,1.577030038202E-01,9.894780011306E+00
0,0.6360,3.770316733156E+01,1.564552658376E-01,9.879222181100E+00
0,0.6370,3.762438753686E+01,1.552114453998E-01,9.863713198084E+00
0,0.6380,3.754585346283E+01,1.539715240855E-01,9.848252832570E+00
0,0.6390,3.746755854030E+01,1.527354835892E-01,9.832840856306E+00
0,0.6400,3.738950522782E+01,1.515033057194E-01,9.817477042468E+00
0,0.6410,3.731268643120E+01,1.502857547756E-01,9.802161165647E+00
0,0.6420,3.723609867961E+01,1.490719968254E-01,9.786893001837E+00
0,0.6430,3.715974723932E+01,1.478620141721E-01,9.771672328429E+00
0,0.6440,3.708362940529E+01,1.466557892289E-01,9.756498924192E+00
0,0.6450,3.700774482013E+01,1.454533045181E-01,9.741372569271E+00
0,0.6460,3.693208851187E+01,1.442545426701E-01,9.726293045170E+00
0,0.6470,3.685666231964E+01,1.430594864230E-01,9.711260134744E+00
0,0.6480,3.678146739796E+01,1.418681186210E-01,9.696273622191E+00
0,0.6490,3.670649666568E+01,1.406804222144E-01,9.681333293035E+00
0,0.6500,3.663175438505E+01,1.394963802583E-01,9.666438934122E+00
0,0.6510,3.655821683450E+01,1.383816067262E-01,9.651590333609E+00
0,0.6520,3.648489942655E+01,1.372702527448E-01,9.636787280950E+00
0,0.6530,3.641180399235E+01,1.361623026040E-01,9.622029566891E+00
0,0.6540,3.633892643550E+01,1.350577406900E-01,9.607316983455E+00
0,0.6550,3.626627037209E+01,1.339565514841E-01,9.592649323938E+00
0,0.6560,3.619382841927E+01,1.328587195624E-01,9.578026382896E+00
0,0.6570,3.612160719271E+01,1.317642295948E-01,9.563447956133E+00
0,0.6580,3.604959784183E+01,1.306730663444E-01,9.548913840698E+00
0,0.6590,3.597780453009E+01,1.295852146669E-01,9.534423834870E+00
0,0.6600,3.590622337008E+01,1.285006595096E-01,9.519977738151E+00
0,0.6610,3.583582193398E+01,1.275885851522E-01,9.505575351255E+00
0,0.6620,3.576562625537E+01,1.266792663065E-01,9.491216476102E+00
0,0.6630,3.569564064541E+01,1.257726905041E-01,9.476900915806E+00
0,0.6640,3.562586187757E+01,1.248688453517E-01,9.462628474668E+00
0,0.6650,3.555628746244E+01,1.239677185306E-01,9.448398958165E+00
0,0.6660,3.548691918637E+01,1.230692977960E-01,9.434212172942E+00
0,0.6670,3.541775676873E+01,1.221735709767E-01,9.420067926806E+00
0,0.6680,3.534879509887E+01,1.212805259742E-01,9.405966028712E+00
0,0.6690,3.528003818380E+01,1.203901507625E-01,9.391906288759E+00
0,0.6700,3.521148078748E+01,1.195024333871E-01,9.377888518178E+00
0,0.6710,3.514312407586E+01,1.185396414913E-01,9.363912529329E+00
0,0.6720,3.507496711992E+01,1.175797150475E-01,9.349978135684E+00
0,0.6730,3.500700943527E+01,1.166226412826E-01,9.336085151827E+00
0,0.6740,3.493925015881E+01,1.156684074991E-01,9.322233393442E+00
0,0.6750,3.487168726452E+01,1.147170010751E-01,9.308422677303E+00
0,0.6760,3.480432041335E+01,1.137684094629E-01,9.294652821272E+00
0,0.6770,3.473714736270E+01,1.128226201894E-01,9.280923644283E+00
0,0.6780,3.467017214169E+01,1.118796208547E-01,9.267234966342E+00
0,0.6790,3.460338762868E+01,1.109393991321E-01,9.253586608512E+00
0,0.6800,3.453679843736E+01,1.100019427676E-01,9.239978392911E+00
0,0.6810,3.447133459667E+01,1.091908734748E-01,9.226410142701E+00
0,0.6820,3.440606045594E+01,1.083821826843E-01,9.212881682082E+00
0,0.6830,3.434097416722E+01,1.075758599489E-01,9.199392836281E+00
0,0.6840,3.427607281937E+01,1.067718948823E-01,9.185943431549E+00
0,0.6850,3.421135819633E+01,1.059702771589E-01,9.172533295153E+00
0,0.6860,3.414682926810E+01,1.051709965134E-01,9.159162255364E+00
0,0.6870,3.408248471643E+01,1.043740427403E-01,9.145830141455E+00
0,0.6880,3.401832142031E+01,1.035794056933E-01,9.132536783691E+00
0,0.6890,3.395434293998E+01,1.027870752850E-01,9.119282013323E+00
0,0.6900,3.389054585109E+01,1.019970414865E-01,9.106065662579E+00
0,0.6910,3.382877574251E+01,1.012374822786E-01,9.092887564659E+00
0,0.6920,3.376718306904E+01,1.004801183286E-01,9.079747553728E+00
0,0.6930,3.370576228624E+01,9.972494013304E-02,9.066645464906E+00
0,0.6940,3.364451703333E+01,9.897193824355E-02,9.053581134265E+00
0,0.6950,3.358344294044E+01,9.822110326597E-02,9.040554398820E+00
0,0.6960,3.352254086402E+01,9.747242586017E-02,9.027565096522E+00
0,0.6970,3.346181055584E+01,9.672589673961E-02,9.014613066255E+00
0,0.6980,3.340125272514E+01,9.598150667096E-02,9.001698147822E+00
0,0.6990,3.334086289571E+01,9.523924647376E-02,8.988820181945E+00
0,0.7000,3.328064273121E+01,9.449910701998E-02,8.975979010257E+00
0,0.7010,3.321967841996E+01,9.394213535809E-02,8.963174475292E+00
0,0.7020,3.315888622742E+01,9.338675051004E-02,8.950406420484E+00
0,0.7030,3.309826194752E+01,9.283294570424E-02,8.937674690156E+00
0,0.7040,3.303780696087E+01,9.228071420755E-02,8.924979129516E+00
0,0.7050,3.297751942108E+01,9.173004932503E-02,8.912319584652E+00
0,0.7060,3.291740047363E+01,9.118094439968E-02,8.899695902521E+00
0,0.7070,3.285744771100E+01,9.063339281218E-02,8.887107930947E+00
0,0.7080,3.279766033289E+01,9.008738798057E-02,8.874555518615E+00
0,0.7090,3.273803800076E+01,8.954292336005E-02,8.862038515063E+00
0,0.7100,3.267858025251E+01,8.899999244268E-02,8.849556770675E+00
0,0.7110,3.262108245406E+01,8.849367208440E-02,8.837110136680E+00
0,0.7120,3.256374595387E+01,8.798877397431E-02,8.824698465140E+00
0,0.7130,3.250656506219E+01,8.748529212820E-02,8.812321608948E+00
0,0.7140,3.244954043009E+01,8.698322059539E-02,8.799979421820E+00
0,0.7150,3.239267033670E+01,8.648255345848E-02,8.787671758293E+00
0,0.7160,3.233595942464E+01,8.598328483312E-02,8.775398473715E+00
0,0.7170,3.227940168722E+01,8.548540886780E-02,8.763159424239E+00
0,0.7180,3.222299756359E+01,8.498891974362E-02,8.750954466824E+00
0,0.7190,3.216674904169E+01,8.449381167402E-02,8.738783459221E+00
0,0.7200,3.211065079180E+01,8.400007890461E-02,8.726646259972E+00
0,0.7210,3.205470721814E+01,8.329133361698E-02,8.714542728404E+00
0,0.7220,3.199891449459E+01,8.258455161270E-02,8.702472724625E+00
0,0.7230,3.194327213453E+01,8.187972474535E-02,8.690436109515E+00
0,0.7240,3.188778144309E+01,8.117684491356E-02,8.678432744723E+00
0,0.7250,3.183243875910E+01,8.047590406061E-02,8.666462492661E+00
0,0.7260,3.177724737082E+01,7.977689417419E-02,8.654525216501E+00
0,0.7270,3.172220206260E+01,7.907980728609E-02,8.642620780164E+00
0,0.7280,3.166730529021E+01,7.838463547186E-02,8.630749048324E+00
0,0.7290,3.161255767083E+01,7.769137085053E-02,8.618909886392E+00
0,0.7300,3.155795636054E+01,7.700000558433E-02,8.607103160520E+00
0,0.7310,3.150437369722E+01,7.639261726781E-02,8.595328737592E+00
0,0.7320,3.145093712637E+01,7.578688848221E-02,8.583586485218E+00
0,0.7330,3.139764293632E+01,7.518281243545E-02,8.571876271732E+00
0,0.7340,3.134448789499E+01,7.458038237247E-02,8.560197966185E+00
0,0.7350,3.129147709107E+01,7.397959157496E-02,8.548551438340E+00
0,0.7360,3.123860557320E+01,7.338043336115E-02,8.536936558668E+00
0,0.7370,3.118587620129E+01,7.278290108550E-02,8.525353198344E+00
0,0.7380,3.113328594083E+01,7.218698813851E-02,8.513801229241E+00
0,0.7390,3.108083290427E+01,7.159268794645E-02,8.502280523924E+00
0,0.7400,3.102852057071E+01,7.099999397113E-02,8.490790955648E+00
0,0.7410,3.097634590385E+01,7.044332579918E-02,8.479332398353E+00
0,0.7420,3.092430814931E+01,6.988815808052E-02,8.467904726657E+00
0,0.7430,3.087240717385E+01,6.933448475680E-02,8.456507815854E+00
0,0.7440,3.082064294271E+01,6.878229980222E-02,8.445141541908E+00
0,0.7450,3.076901466918E+01,6.823159722337E-02,8.433805781449E+00
0,0.7460,3.071752155500E+01,6.768237105893E-02,8.422500411769E+00
0,0.7470,3.066616427030E+01,6.713461537954E-02,8.411225310816E+00
0,0.7480,3.061493854669E+01,6.658832428753E-02,8.399980357192E+00
0,0.7490,3.056384923818E+01,6.604349191673E-02,8.388765430146E+00
0,0.7500,3.051289013200E+01,6.550011243224E-02,8.377580409573E+00
0,0.7510,3.046291913328E+01,6.489292191390E-02,8.366425176005E+00
0,0.7520,3.041307598484E+01,6.428734626396E-02,8.355299610611E+00
0,0.7530,3.036336173299E+01,6.368337904869E-02,8.344203595192E+00
0,0.7540,3.031377824538E+01,6.308101386846E-02,8.333137012175E+00
0,0.7550,3.026432128018E+01,6.248024435759E-02,8.322099744609E+00
0,0.7560,3.021499310664E+01,6.188106418404E-02,8.311091676163E+00
0,0.7570,3.016579366481E+01,6.128346704927E-02,8.300112691122E+00
0,0.7580,3.011671821935E+01,6.068744668793E-02,8.289162674379E+00
0,0.7590,3.006777223177E+01,6.009299686774E-02,8.278241511436E+00
0,0.7600,3.001895046754E+01,5.950011138917E-02,8.267349088394E+00
0,0.7610,2.997025287816E+01,5.904476839808E-02,8.256485291957E+00
0,0.7620,2.992168089499E+01,5.859062053295E-02,8.245650009422E+00
0,0.7630,2.987323196155E+01,5.813766309473E-02,8.234843128676E+00
0,0.7640,2.982490952722E+01,5.768589140896E-02,8.224064538193E+00
0,0.7650,2.977670843246E+01,5.723530082564E-02,8.213314127032E+00
0,0.7660,2.972863124280E+01,5.678588671903E-02,8.202591784830E+00
0,0.7670,2.968067509183E+01,5.633764448755E-02,8.191897401799E+00
0,0.7680,2.963284101699E+01,5.589056955354E-02,8.181230868723E+00
0,0.7690,2.958512946610E+01,5.544465736318E-02,8.170592076957E+00
0,0.7700,2.953753723204E+01,5.499990338630E-02,8.159980918415E+00
0,0.7710,2.949089770312E+01,5.464586499241E-02,8.149397285577E+00
0,0.7720,2.944437775471E+01,5.429274379642E-02,8.138841071476E+00
0,0.7730,2.939797364660E+01,5.394053623872E-02,8.128312169702E+00
0,0.7740,2.935168712995E+01,5.358923877807E-02,8.117810474392E+00
0,0.7750,2.930551553643E+01,5.323884789151E-02,8.107335880232E+00
0,0.7760,2.925946264250E+01,5.288936007425E-02,8.096888282448E+00
0,0.7770,2.921352319337E+01,5.254077183952E-02,8.086467576808E+00
0,0.7780,2.916769969242E+01,5.219307971851E-02,8.076073659614E+00
0,0.7790,2.912199027723E+01,5.184628026020E-02,8.065706427702E+00
0,0.7800,2.907639569616E+01,5.150037003127E-02,8.055365778435E+00
0,0.7810,2.903091627256E+01,5.098446871980E-02,8.045051609705E+00
0,0.7820,2.898554814420E+01,5.046988684902E-02,8.034763819923E+00
0,0.7830,2.894029417594E+01,4.995661936360E-02,8.024502308020E+00
0,0.7840,2.889515227280E+01,4.944466123402E-02,8.014266973443E+00
0,0.7850,2.885012272124E+01,4.893400745635E-02,8.004057716152E+00
0,0.7860,2.880520607134E+01,4.842465305217E-02,7.993874436615E+00
0,0.7870,2.876039853593E+01,4.791659306833E-02,7.983717035806E+00
0,0.7880,2.871570395813E+01,4.740982257684E-02,7.973585415203E+00
0,0.7890,2.867111847251E+01,4.690433667467E-02,7.963479476780E+00
0,0.7900,2.862664352094E+01,4.640013048365E-02,7.953399123012E+00
0,0.7910,2.858227729018E+01,4.600570523281E-02,7.943344256864E+00
0,0.7920,2.853802100261E+01,4.561227600532E-02,7.933314781792E+00
0,0.7930,2.849387283914E+01,4.521983903314E-02,7.923310601740E+00
0,0.7940,2.844983298931E+01,4.482839056719E-02,7.913331621133E+00
0,0.7950,2.840590209547E+01,4.443792687725E-02,7.903377744880E+00
0,0.7960,2.836207797388E+01,4.404844425186E-02,7.893448878366E+00
0,0.7970,2.831836017859E+01,4.365993899817E-02,7.883544927452E+00
0,0.7980,2.827475087692E+01,4.327240744187E-02,7.873665798471E+00
0,0.7990,2.823124703030E+01,4.288584592700E-02,7.863811398222E+00
0,0.8000,2.818784976115E+01,4.250025081593E-02,7.853981633974E+00
0,0.8010,2.814535839483E+01,4.212103097087E-02,7.844176413458E+00
0,0.8020,2.810297008791E+01,4.174275681122E-02,7.834395644862E+00
0,0.8030,2.806068617274E+01,4.136542480389E-02,7.824639236836E+00
0,0.8040,2.801850360658E+01,4.098903143340E-02,7.814907098482E+00
0,0.8050,2.797642283097E+01,4.061357320171E-02,7.805199139354E+00
0,0.8060,2.793444344868E+01,4.023904662817E-02,7.795515269454E+00
0,0.8070,2.789256707419E+01,3.986544824936E-02,7.785855399231E+00
0,0.8080,2.785078873699E+01,3.949277461901E-02,7.776219439579E+00
0,0.8090,2.780911360188E+01,3.912102230790E-02,7.766607301829E+00
0,0.8100,2.776753828360E+01,3.875018790372E-02,7.757018897753E+00
0,0.8110,2.772606244916E+01,3.840637693148E-02,7.747454139556E+00
0,0.8120,2.768468738170E+01,3.806341278429E-02,7.737912939876E+00
0,0.8130,2.764340789544E+01,3.772129233734E-02,7.728395211783E+00
0,0.8140,2.760223075637E+01,3.738001248116E-02,7.718900868771E+00
0,0.8150,2.756114859204E+01,3.703957012157E-02,7.709429824760E+00
0,0.8160,2.752016608850E+01,3.669996217952E-02,7.699981994093E+00
0,0.8170,2.747928197077E+01,3.636118559107E-02,7.690557291529E+00
0,0.8180,2.743849326968E+01,3.602323730723E-02,7.681155632249E+00
0,0.8190,2.739780484921E+01,3.568611429393E-02,7.671776931843E+00
0,0.8200,2.735720871650E+01,3.534981353188E-02,7.662421106317E+00
0,0.8210,2.731671017399E+01,3.504655151729E-02,7.653088072082E+00
0,0.8220,2.727630904047E+01,3.474402736649E-02,7.643777745961E+00
0,0.8230,2.723600245867E+01,3.444223838981E-02,7.634490045176E+00
0,0.8240,2.719578905495E+01,3.414118191064E-02,7.625224887354E+00
0,0.8250,2.715567232815E+01,3.384085526536E-02,7.615982190521E+00
0,0.8260,2.711564950603E+01,3.354125580324E-02,7.606761873099E+00
0,0.8270,2.707572154929E+01,3.324238088638E-02,7.597563853905E+00
0,0.8280,2.703588608520E+01,3.294422788960E-02,7.588388052149E+00
0,0.8290,2.699614380814E+01,3.264679420042E-02,7.579234387430E+00
0,0.8300,2.695649724097E+01,3.235007721892E-02,7.570102779734E+00
0,0.8310,2.691693959639E+01,3.206201340052E-02,7.560993149434E+00
0,0.8320,2.687747828571E+01,3.177464204322E-02,7.551905417283E+00
0,0.8330,2.683810541907E+01,3.148796065316E-02,7.542839504417E+00
0,0.8340,2.679882641500E+01,3.120196674846E-02,7.533795332350E+00
0,0.8350,2.675963717932E+01,3.091665785909E-02,7.524772822970E+00
0,0.8360,2.672053994109E+01,3.063203152688E-02,7.515771898540E+00
0,0.8370,2.668153360011E+01,3.034808530538E-02,7.506792481696E+00
0,0.8380,2.664261887793E+01,3.006481675982E-02,7.497834495441E+00
0,0.8390,2.660379215646E+01,2.978222346705E-02,7.488897863146E+00
0,0.8400,2.656505543371E+01,2.950030301546E-02,7.479982508547E+00
0,0.8410,2.652717682481E+01,2.921725994369E-02,7.471088355743E+00
0,0.8420,2.648938088009E+01,2.893488918325E-02,7.462215329192E+00
0,0.8430,2.645167460065E+01,2.865318834158E-02,7.453363353712E+00
0,0.8440,2.641405383608E+01,2.837215503745E-02,7.444532354478E+00
0,0.8450,2.637652127993E+01,2.809178690090E-02,7.435722257017E+00
0,0.8460,2.633907364370E+01,2.781208157318E-02,7.426932987210E+00
0,0.8470,2.630171105853E+01,2.753303670669E-02,7.418164471286E+00
0,0.8480,2.626443543313E+01,2.725464996489E-02,7.409416635825E+00
0,0.8490,2.622724405584E+01,2.697691902224E-02,7.400689407750E+00
0,0.8500,2.619014002322E+01,2.669984156416E-02,7.391982714329E+00
0,0.8510,2.615311800992E+01,2.642193862764E-02,7.383296483172E+00
0,0.8520,2.611617983424E+01,2.614468804544E-02,7.374630642230E+00
0,0.8530,2.607932860020E+01,2.586808752323E-02,7.365985119788E+00
0,0.8540,2.604255865345E+01,2.559213477741E-02,7.357359844473E+00
0,0.8550,2.600587312905E+01,2.531682753509E-02,7.348754745239E+00
0,0.8560,2.596926940549E+01,2.504216353399E-02,7.340169751378E+00
0,0.8570,2.593275000340E+01,2.476814052239E-02,7.331604792508E+00
0,0.8580,2.589631316418E+01,2.449475625907E-02,7.323059798578E+00
0,0.8590,2.585995946379E+01,2.422200851324E-02,7.314534699860E+00
0,0.8600,2.582368632075E+01,2.394989506449E-02,7.306029426953E+00
0,0.8610,2.578824369506E+01,2.370738495207E-02,7.297543910778E+00
0,0.8620,2.575287924296E+01,2.346543750811E-02,7.289078082575E+00
0,0.8630,2.571759663000E+01,2.322405077666E-02,7.280631873904E+00
0,0.8640,2.568239387145E+01,2.298322281078E-02,7.272205216643E+00
0,0.8650,2.564726776607E+01,2.274295167258E-02,7.263798042982E+00
0,0.8660,2.561222151692E+01,2.250323543307E-02,7.255410285427E+00
0,0.8670,2.557725371603E+01,2.226407217221E-02,7.247041876793E+00
0,0.8680,2.554236390571E+01,2.202545997876E-02,7.238692750207E+00
0,0.8690,2.550755194838E+01,2.178739695032E-02,7.230362839102E+00
0,0.8700,2.547281811155E+01,2.154988119321E-02,7.222052077218E+00
0,0.8710,2.543741968573E+01,2.130742836455E-02,7.213760398599E+00
0,0.8720,2.540210162590E+01,2.106553162036E-02,7.205487737591E+00
0,0.8730,2.536685850947E+01,2.082418904969E-02,7.197234028843E+00
0,0.8740,2.533169778387E+01,2.058339875036E-02,7.188999207299E+00
0,0.8750,2.529661297643E+01,2.034315882885E-02,7.180783208205E+00
0,0.8760,2.526160401922E+01,2.010346740031E-02,7.172585967100E+00
0,0.8770,2.522667569904E+01,1.986432258848E-02,7.164407419817E+00
0,0.8780,2.519182162048E+01,1.962572252566E-02,7.156247502482E+00
0,0.8790,2.515704575265E+01,1.938766535262E-02,7.148106151513E+00
0,0.8800,2.512234640237E+01,1.915014921862E-02,7.139983303613E+00
0,0.8810,2.508845547473E+01,1.894811848788E-02,7.131878895777E+00
0,0.8820,2.505463948228E+01,1.874654587671E-02,7.123792865283E+00
0,0.8830,2.502089755637E+01,1.854542982864E-02,7.115725149694E+00
0,0.8840,2.498722820870E+01,1.834476879426E-02,7.107675686855E+00
0,0.8850,2.495363528891E+01,1.814456123114E-02,7.099644414892E+00
0,0.8860,2.492011264736E+01,1.794480560383E-02,7.091631272212E+00
0,0.8870,2.488666543530E+01,1.774550038380E-02,7.083636197497E+00
0,0.8880,2.485328920532E+01,1.754664404939E-02,7.075659129707E+00
0,0.8890,2.481998871862E+01,1.734823508582E-02,7.067700008076E+00
0,0.8900,2.478675853892E+01,1.715027198509E-02,7.059758772112E+00
0,0.8910,2.475359955177E+01,1.694824007135E-02,7.051835361593E+00
0,0.8920,2.472051313101E+01,1.674666114395E-02,7.043929716569E+00
0,0.8930,2.468749927771E+01,1.654553368113E-02,7.036041777357E+00
0,0.8940,2.465455651392E+01,1.634485616788E-02,7.028171484541E+00
0,0.8950,2.462168602814E+01,1.614462709600E-02,7.020318778972E+00
0,0.8960,2.458888402833E+01,1.594484496402E-02,7.012483601763E+00
0,0.8970,2.455615597807E+01,1.574550827714E-02,7.004665894292E+00
0,0.8980,2.452349652215E+01,1.554661554725E-02,6.996865598196E+00
0,0.8990,2.449090755684E+01,1.534816529285E-02,6.989082655372E+00
0,0.9000,2.445838728753E+01,1.515015603901E-02,6.981317007977E+00
0,0.9010,2.442593907058E+01,1.498856993134E-02,6.973568598424E+00
0,0.9020,2.439355926352E+01,1.482734210771E-02,6.965837369379E+00
0,0.9030,2.436124914354E+01,1.466647137783E-02,6.958123263765E+00
0,0.9040,2.432900743862E+01,1.450595655664E-02,6.950426224756E+00
0,0.9050,2.429683498792E+01,1.434579646434E-02,6.942746195779E+00
0,0.9060,2.426473174617E+01,1.418598992632E-02,6.935083120507E+00
0,0.9070,2.423269649538E+01,1.402653577318E-02,6.927436942866E+00
0,0.9080,2.420072905990E+01,1.386743284063E-02,6.919807607026E+00
0,0.9090,2.416883006198E+01,1.370867996955E-02,6.912195057403E+00
0,0.9100,2.413699745651E+01,1.355027600587E-02,6.904599238659E+00
0,0.9110,2.410523462464E+01,1.339373714504E-02,6.897020095697E+00
0,0.9120,2.407353850660E+01,1.323754157119E-02,6.889457573662E+00
0,0.9130,2.404190731614E+01,1.308168815631E-02,6.881911617940E+00
0,0.9140,2.401034407605E+01,1.292617577735E-02,6.874382174157E+00
0,0.9150,2.397884665257E+01,1.277100331617E-02,6.866869188174E+00
0,0.9160,2.394741911294E+01,1.261616965948E-02,6.859372606091E+00
0,0.9170,2.391605687288E+01,1.246167369888E-02,6.851892374242E+00
0,0.9180,2.388475819084E+01,1.230751433079E-02,6.844428439193E+00
0,0.9190,2.385352486958E+01,1.215369045643E-02,6.836980747747E+00
0,0.9200,2.382235828333E+01,1.200020098179E-02,6.829549246934E+00
0,0.9210,2.379195973018E+01,1.184363375069E-02,6.822133884017E+00
0,0.9220,2.376162548774E+01,1.168740614481E-02,6.814734606485E+00
0,0.9230,2.373135506240E+01,1.153151706030E-02,6.807351362058E+00
0,0.9240,2.370114752466E+01,1.137596539804E-02,6.799984098679E+00
0,0.9250,2.367100127475E+01,1.122075006371E-02,6.792632764518E+00
0,0.9260,2.364091999292E+01,1.106586996767E-02,6.785297307969E+00
0,0.9270,2.361089898005E+01,1.091132402503E-02,6.777977677648E+00
0,0.9280,2.358094287279E+01,1.075711115554E-02,6.770673822392E+00
0,0.9290,2.355104866550E+01,1.060323028361E-02,6.763385691259E+00
0,0.9300,2.352121583922E+01,1.044968033830E-02,6.756113233526E+00
0,0.9310,2.349075031040E+01,1.031846152508E-02,6.748856398689E+00
0,0.9320,2.346034591231E+01,1.018752429731E-02,6.741615136459E+00
0,0.9330,2.343000312747E+01,1.005686774955E-02,6.734389396763E+00
0,0.9340,2.339972832427E+01,9.926490980266E-03,6.727179129743E+00
0,0.9350,2.336951184403E+01,9.796393091771E-03,6.719984285754E+00
0,0.9360,2.333935701959E+01,9.666573190219E-03,6.712804815363E+00
0,0.9370,2.330926500685E+01,9.537030385574E-03,6.705640669349E+00
0,0.9380,2.327923635013E+01,9.407763791601E-03,6.698491798699E+00
0,0.9390,2.324926870555E+01,9.278772525836E-03,6.691358154611E+00
0,0.9400,2.321936282741E+01,9.150055709572E-03,6.684239688489E+00
0,0.9410,2.319020554166E+01,9.013733446944E-03,6.677136351944E+00
0,0.9420,2.316110762121E+01,8.877700615870E-03,6.670048096794E+00
0,0.9430,2.313207084976E+01,8.741956295573E-03,6.662974875058E+00
0,0.9440,2.310309401569E+01,8.606499569175E-03,6.655916638961E+00
0,0.9450,2.307417376108E+01,8.471329523680E-03,6.648873340931E+00
0,0.9460,2.304531346226E+01,8.336445249951E-03,6.641844933594E+00
0,0.9470,2.301651392257E+01,8.201845842692E-03,6.634831369778E+00
0,0.9480,2.298776964905E+01,8.067530400427E-03,6.627832602510E+00
0,0.9490,2.295908599155E+01,7.933498025480E-03,6.620848585015E+00
0,0.9500,2.293046053416E+01,7.799747823955E-03,6.613879270715E+00
0,0.9510,2.290189118170E+01,7.688742449398E-03,6.606924613228E+00
0,0.9520,2.287337967317E+01,7.577970279409E-03,6.599984566365E+00
0,0.9530,2.284492700992E+01,7.467430579872E-03,6.593059084134E+00
0,0.9540,2.281653107948E+01,7.357122619746E-03,6.586148120733E+00
0,0.9550,2.278819160730E+01,7.247045671056E-03,6.579251630555E+00
0,0.9560,2.275991151908E+01,7.137199008869E-03,6.572369568179E+00
0,0.9570,2.273168774967E+01,7.027581911284E-03,6.565501888380E+00
0,0.9580,2.270351978913E+01,6.918193659415E-03,6.558648546116E+00
0,0.9590,2.267540974844E+01,6.809033537372E-03,6.551809496538E+00
0,0.9600,2.264735438344E+01,6.700100832250E-03,6.544984694979E+00
0,0.9610,2.261935589248E+01,6.594108176361E-03,6.538174096961E+00
0,0.9620,2.259141257481E+01,6.488335879423E-03,6.531377658191E+00
0,0.9630,2.256352683909E+01,6.382783254962E-03,6.524595334558E+00
0,0.9640,2.253569509019E+01,6.277449619347E-03,6.517827082136E+00
0,0.9650,2.250791812386E+01,6.172334291786E-03,6.511072857181E+00
0,0.9660,2.248020015446E+01,6.067436594303E-03,6.504332616128E+00
0,0.9670,2.245253449235E+01,5.962755851726E-03,6.497606315594E+00
0,0.9680,2.242492337499E+01,5.858291391675E-03,6.490893912376E+00
0,0.9690,2.239736804857E+01,5.754042544545E-03,6.484195363446E+00
0,0.9700,2.236986700141E+01,5.650008643492E-03,6.477510625958E+00
0,0.9710,2.234242026618E+01,5.564216783703E-03,6.470839657240E+00
0,0.9720,2.231502980358E+01,5.478601450375E-03,6.464182414794E+00
0,0.9730,2.228769186624E+01,5.393162099232E-03,6.457538856300E+00
0,0.9740,2.226040865325E+01,5.307898188236E-03,6.450908939609E+00
0,0.9750,2.223317763156E+01,5.222809177569E-03,6.444292622748E+00
0,0.9760,2.220599982672E+01,5.137894529630E-03,6.437689863914E+00
0,0.9770,2.217887839143E+01,5.053153709015E-03,6.431100621473E+00
0,0.9780,2.215180724390E+01,4.968586182511E-03,6.424524853967E+00
0,0.9790,2.212478996340E+01,4.884191419085E-03,6.417962520102E+00
0,0.9800,2.209782628423E+01,4.799968889870E-03,6.411413578755E+00
0,0.9810,2.207091534235E+01,4.714195155978E-03,6.404877988970E+00
0,0.9820,2.204405785617E+01,4.628596114007E-03,6.398355709959E+00
0,0.9830,2.201725234266E+01,4.543171230820E-03,6.391846701098E+00
0,0.9840,2.199049850394E+01,4.457919975444E-03,6.385350921930E+00
0,0.9850,2.196379537612E+01,4.372841819064E-03,6.378868332162E+00
0,0.9860,2.193714641262E+01,4.287936235009E-03,6.372398891663E+00
0,0.9870,2.191054975751E+01,4.203202698743E-03,6.365942560466E+00
0,0.9880,2.188400349781E+01,4.118640687855E-03,6.359499298765E+00
0,0.9890,2.185750901454E+01,4.034249682044E-03,6.353069066916E+00
0,0.9900,2.183106477300E+01,3.950029163114E-03,6.346651825434E+00
0,0.9910,2.180533012516E+01,3.874347741704E-03,6.340247534995E+00
0,0.9920,2.177964425957E+01,3.798818903806E-03,6.333856156431E+00
0,0.9930,2.175400839560E+01,3.723442188441E-03,6.327477650735E+00
0,0.9940,2.172842210862E+01,3.648217136487E-03,6.321111979054E+00
0,0.9950,2.170288477148E+01,3.573143290668E-03,6.314759102693E+00
0,0.9960,2.167739661894E+01,3.498220195543E-03,6.308418983112E+00
0,0.9970,2.165195672160E+01,3.423447397500E-03,6.302091581925E+00
0,0.9980,2.162656775777E+01,3.348824444743E-03,6.295776860901E+00
0,0.9990,2.160122666411E+01,3.274350887287E-03,6.289474781962E+00
0,1.0000,2.157593304607E+01,3.200026276947E-03,6.283185307180E+00
0,1.0010,2.155003956956E+01,3.134945407595E-03,6.276908398781E+00
0,1.0020,2.152419289127E+01,3.069994440179E-03,6.270644019141E+00
0,1.0030,2.149840005052E+01,3.005172986158E-03,6.264392130787E+00
0,1.0040,2.147265290532E+01,2.940480658538E-03,6.258152696394E+00
0,1.0050,2.144695721716E+01,2.875917071870E-03,6.251925678786E+00
0,1.0060,2.142130832193E+01,2.811481842232E-03,6.245711040934E+00
0,1.0070,2.139570840630E+01,2.747174587232E-03,6.239508745958E+00
0,1.0080,2.137015827242E+01,2.682994925991E-03,6.233318757123E+00
0,1.0090,2.134465496320E+01,2.618942479143E-03,6.227141037839E+00
0,1.0100,2.131920034786E+01,2.555016868823E-03,6.220975551663E+00
0,1.0110,2.129444084757E+01,2.498513919999E-03,6.214822262294E+00
0,1.0120,2.126972444307E+01,2.442122637081E-03,6.208681133577E+00
0,1.0130,2.124505678394E+01,2.385842689371E-03,6.202552129496E+00
0,1.0140,2.122043632038E+01,2.329673747476E-03,6.196435214181E+00
0,1.0150,2.119586264514E+01,2.273615483298E-03,6.190330351901E+00
0,1.0160,2.117133514540E+01,2.217667570034E-03,6.184237507067E+00
0,1.0170,2.114685107789E+01,2.161829682165E-03,6.178156644228E+00
0,1.0180,2.112241544247E+01,2.106101495451E-03,6.172087728074E+00
0,1.0190,2.109802528790E+01,2.050482686924E-03,6.166030723434E+00
0,1.0200,2.107368007411E+01,1.994972934885E-03,6.159985595274E+00
0,1.0210,2.104938193812E+01,1.946045876722E-03,6.153952308697E+00
0,1.0220,2.102512850744E+01,1.897214566227E-03,6.147930828943E+00
0,1.0230,2.100092150385E+01,1.848478722614E-03,6.141921121388E+00
0,1.0240,2.097675985526E+01,1.799838066196E-03,6.135923151543E+00
0,1.0250,2.095264207426E+01,1.751292318375E-03,6.129936885053E+00
0,1.0260,2.092856985515E+01,1.702841201642E-03,6.123962287699E+00
0,1.0270,2.090454301201E+01,1.654484439567E-03,6.117999325394E+00
0,1.0280,2.088056006539E+01,1.606221756795E-03,6.112047964182E+00
0,1.0290,2.085662141113E+01,1.558052879044E-03,6.106108170243E+00
0,1.0300,2.083272887287E+01,1.509977533093E-03,6.100179909883E+00
0,1.0310,2.080887704709E+01,1.471648759615E-03,6.094263149544E+00
0,1.0320,2.078507358413E+01,1.433394266705E-03,6.088357855794E+00
0,1.0330,2.076131152035E+01,1.395213838642E-03,6.082463995334E+00
0,1.0340,2.073759521449E+01,1.357107260535E-03,6.076581534990E+00
0,1.0350,2.071392153802E+01,1.319074318329E-03,6.070710441719E+00
0,1.0360,2.069029025853E+01,1.281114798791E-03,6.064850682606E+00
0,1.0370,2.066670444573E+01,1.243228489512E-03,6.059002224860E+00
0,1.0380,2.064316244617E+01,1.205415178903E-03,6.053165035818E+00
0,1.0390,2.061966276309E+01,1.167674656187E-03,6.047339082945E+00
0,1.0400,2.059620780188E+01,1.130006711399E-03,6.041524333827E+00
0,1.0410,2.057279441181E+01,1.098235605911E-03,6.035720756176E+00
0,1.0420,2.054942363001E+01,1.066525481431E-03,6.029928317831E+00
0,1.0430,2.052609725665E+01,1.034876162560E-03,6.024146986749E+00
0,1.0440,2.050281116252E+01,1.003287474567E-03,6.018376731015E+00
0,1.0450,2.047956955775E+01,9.717592433936E-04,6.012617518832E+00
0,1.0460,2.045637017810E+01,9.402912956450E-04,6.006869318527E+00
0,1.0470,2.043321346398E+01,9.088834585892E-04,6.001132098548E+00
0,1.0480,2.041009867435E+01,8.775355601539E-04,5.995405827461E+00
0,1.0490,2.038702476823E+01,8.462474289223E-04,5.989690473956E+00
0,1.0500,2.036399216653E+01,8.150188941313E-04,5.983986006838E+00
0,1.0510,2.034100352037E+01,7.887944313071E-04,5.978292395033E+00
0,1.0520,2.031805756039E+01,7.626198248760E-04,5.972609607585E+00
0,1.0530,2.029515154180E+01,7.364949327972E-04,5.966937613656E+00
0,1.0540,2.027228595694E+01,7.104196135686E-04,5.961276382523E+00
0,1.0550,2.024946409334E+01,6.843937262248E-04,5.955625883583E+00
0,1.0560,2.022668130891E+01,6.584171303343E-04,5.949986086344E+00
0,1.0570,2.020394050218E+01,6.324896859971E-04,5.944356960435E+00
0,1.0580,2.018124235445E+01,6.066112538419E-04,5.938738475595E+00
0,1.0590,2.015858204611E+01,5.807816950242E-04,5.933130601680E+00
0,1.0600,2.013596310355E+01,5.550008712231E-04,5.927533308660E+00
0,1.0610,2.011338729095E+01,5.393691167034E-04,5.921946566616E+00
0,1.0620,2.009084978219E+01,5.237668005161E-04,5.916370345743E+00
0,1.0630,2.006835399103E+01,5.081938395803E-04,5.910804616350E+00
0,1.0640,2.004589701664E+01,4.926501511275E-04,5.905249348853E+00
0,1.0650,2.002348222251E+01,4.771356527000E-04,5.899704513784E+00
0,1.0660,2.000110617345E+01,4.616502621494E-04,5.894170081782E+00
0,1.0670,1.997876895449E+01,4.461938976355E-04,5.888646023598E+00
0,1.0680,1.995647308098E+01,4.307664776244E-04,5.883132310093E+00
0,1.0690,1.993421812542E+01,4.153679208874E-04,5.877628912235E+00
0,1.0700,1.991200150628E+01,3.999981464995E-04,5.872135801102E+00
0,1.0710,1.988982302011E+01,3.909226591861E-04,5.866652947880E+00
0,1.0720,1.986768481536E+01,3.818641037520E-04,5.861180323862E+00
0,1.0730,1.984558813683E+01,3.728224328574E-04,5.855717900447E+00
0,1.0740,1.982352715045E+01,3.637975993388E-04,5.850265649143E+00
0,1.0750,1.980150793939E+01,3.547895562081E-04,5.844823541562E+00
0,1.0760,1.977952583531E+01,3.457982566521E-04,5.839391549423E+00
0,1.0770,1.975758389769E+01,3.368236540311E-04,5.833969644549E+00
0,1.0780,1.973568007163E+01,3.278657018788E-04,5.828557798868E+00
0,1.0790,1.971381487464E+01,3.189243539010E-04,5.823155984411E+00
0,1.0800,1.969199023873E+01,3.099995639751E-04,5.817764173314E+00
0,1.0810,1.967080764728E+01,3.024374338983E-04,5.812382337816E+00
0,1.0820,1.964966090491E+01,2.948892818808E-04,5.807010450258E+00
0,1.0830,1.962855548778E+01,2.873550692023E-04,5.801648483084E+00
0,1.0840,1.960748514068E+01,2.798347572851E-04,5.796296408837E+00
0,1.0850,1.958644990522E+01,2.723283076941E-04,5.790954200166E+00
0,1.0860,1.956545373534E+01,2.648356821354E-04,5.785621829815E+00
0,1.0870,1.954449387722E+01,2.573568424564E-04,5.780299270634E+00
0,1.0880,1.952357148469E+01,2.498917506444E-04,5.774986495569E+00
0,1.0890,1.950268433141E+01,2.424403688265E-04,5.769683477667E+00
0,1.0900,1.948183511099E+01,2.350026592689E-04,5.764390190073E+00
0,1.0910,1.946041979531E+01,2.289527072121E-04,5.759106606031E+00
0,1.0920,1.943904387771E+01,2.229138356536E-04,5.753832698882E+00
0,1.0930,1.941770520190E+01,2.168860141802E-04,5.748568442067E+00
0,1.0940,1.939640265864E+01,2.108692124902E-04,5.743313809122E+00
0,1.0950,1.937513556164E+01,2.048634003923E-04,5.738068773680E+00
0,1.0960,1.935390891853E+01,1.988685478055E-04,5.732833309470E+00
0,1.0970,1.933271628746E+01,1.928846247586E-04,5.727607390319E+00
0,1.0980,1.931156182589E+01,1.869116013893E-04,5.722390990145E+00
0,1.0990,1.929044133647E+01,1.809494479443E-04,5.717184082966E+00
0,1.1000,1.926935990998E+01,1.749981347782E-04,5.711986642891E+00
0,1.1010,1.924891026420E+01,1.709654151404E-04,5.706798644123E+00
0,1.1020,1.922849514556E+01,1.669400144129E-04,5.701620060962E+00
0,1.1030,1.920811518245E+01,1.629219126895E-04,5.696450867797E+00
0,1.1040,1.918776961446E+01,1.589110901359E-04,5.691291039112E+00
0,1.1050,1.916746030439E+01,1.549075269896E-04,5.686140549484E+00
0,1.1060,1.914718596356E+01,1.509112035597E-04,5.680999373580E+00
0,1.1070,1.912694615497E+01,1.469221002263E-04,5.675867486160E+00
0,1.1080,1.910674217294E+01,1.429401974404E-04,5.670744862075E+00
0,1.1090,1.908657227410E+01,1.389654757236E-04,5.665631476267E+00
0,1.1100,1.906643584278E+01,1.349979156675E-04,5.660527303765E+00
0,1.1110,1.904574404397E+01,1.314695729630E-04,5.655432319694E+00
0,1.1120,1.902508641172E+01,1.279475761986E-04,5.650346499262E+00
0,1.1130,1.900446478624E+01,1.244319082694E-04,5.645269817771E+00
0,1.1140,1.898387817170E+01,1.209225521317E-04,5.640202250610E+00
0,1.1150,1.896332648618E+01,1.174194908033E-04,5.635143773255E+00
0,1.1160,1.894280877450E+01,1.139227073626E-04,5.630094361272E+00
0,1.1170,1.892232736422E+01,1.104321849486E-04,5.625053990313E+00
0,1.1180,1.890188084780E+01,1.069479067608E-04,5.620022636118E+00
0,1.1190,1.888146847645E+01,1.034698560586E-04,5.615000274513E+00
0,1.1200,1.886108943713E+01,9.999801616114E-05,5.609986881410E+00
0,1.1210,1.884133129090E+01,9.747793098372E-05,5.604982432810E+00
0,1.1220,1.882160923197E+01,9.496233793674E-05,5.599986904795E+00
0,1.1230,1.880191681850E+01,9.245122501986E-05,5.595000273535E+00
0,1.1240,1.878225900929E+01,8.994458027543E-05,5.590022515284E+00
0,1.1250,1.876263577041E+01,8.744239178832E-05,5.585053606382E+00
0,1.1260,1.874304485317E+01,8.494464768573E-05,5.580093523250E+00
0,1.1270,1.872348603187E+01,8.245133613701E-05,5.575142242395E+00
0,1.1280,1.870395972171E+01,7.996244535344E-05,5.570199740407E+00
0,1.1290,1.868446703036E+01,7.747796358810E-05,5.565265993959E+00
0,1.1300,1.866500680667E+01,7.499787913561E-05,5.560340979805E+00
0,1.1310,1.864500030611E+01,7.247818136859E-05,5.555424674783E+00
0,1.1320,1.862502458464E+01,6.996293536442E-05,5.550517055812E+00
0,1.1330,1.860508213889E+01,6.745212933554E-05,5.545618099894E+00
0,1.1340,1.858517418539E+01,6.494575153599E-05,5.540727784109E+00
0,1.1350,1.856529800505E+01,6.244379026119E-05,5.535846085621E+00
0,1.1360,1.854545631432E+01,5.994623384780E-05,5.530972981672E+00
0,1.1370,1.852564730433E+01,5.745307067347E-05,5.526108449586E+00
0,1.1380,1.850587072649E+01,5.496428915675E-05,5.521252466766E+00
0,1.1390,1.848612812318E+01,5.247987775683E-05,5.516405010693E+00
0,1.1400,1.846641691583E+01,4.999982497339E-05,5.511566058929E+00
0,1.1410,1.844731441736E+01,4.838724508270E-05,5.506735589114E+00
0,1.1420,1.842824511411E+01,4.677748932491E-05,5.501913578966E+00
0,1.1430,1.840920785063E+01,4.517055028761E-05,5.497100006281E+00
0,1.1440,1.839020204852E+01,4.356642058429E-05,5.492294848933E+00
0,1.1450,1.837122635758E+01,4.196509285426E-05,5.487498084873E+00
0,1.1460,1.835228147584E+01,4.036655976249E-05,5.482709692129E+00
0,1.1470,1.833337047297E+01,3.877081399957E-05,5.477929648805E+00
0,1.1480,1.831448839457E+01,3.717784828153E-05,5.473157933083E+00
0,1.1490,1.829563775488E+01,3.558765534977E-05,5.468394523220E+00
0,1.1500,1.827681875566E+01,3.400022797094E-05,5.463639397547E+00
0,1.1510,1.825803072980E+01,3.269003205344E-05,5.458892534474E+00
0,1.1520,1.823927368189E+01,3.138211078164E-05,5.454153912482E+00
0,1.1530,1.822054656332E+01,3.007645823711E-05,5.449423510130E+00
0,1.1540,1.820185033452E+01,2.877306852194E-05,5.444701306048E+00
0,1.1550,1.818318472191E+01,2.747193575866E-05,5.439987278943E+00
0,1.1560,1.816455060220E+01,2.617305409013E-05,5.435281407595E+00
0,1.1570,1.814594544751E+01,2.487641767945E-05,5.430583670855E+00
0,1.1580,1.812737253523E+01,2.358202070990E-05,5.425894047651E+00
0,1.1590,1.810882927881E+01,2.228985738481E-05,5.421212516980E+00
0,1.1600,1.809031452137E+01,2.099992192753E-05,5.416539057913E+00
0,1.1610,1.807183238774E+01,1.999216480518E-05,5.411873649595E+00
0,1.1620,1.805337765758E+01,1.898614220455E-05,5.407216271239E+00
0,1.1630,1.803495579889E+01,1.798184965139E-05,5.402566902132E+00
0,1.1640,1.801656124051E+01,1.697928268680E-05,5.397925521632E+00
0,1.1650,1.799819755389E+01,1.597843686722E-05,5.393292109167E+00
0,1.1660,1.797986267883E+01,1.497930776431E-05,5.388666644236E+00
0,1.1670,1.796156007519E+01,1.398189096492E-05,5.384049106409E+00
0,1.1680,1.794328642676E+01,1.298618207101E-05,5.379439475325E+00
0,1.1690,1.792503988189E+01,1.199217669959E-05,5.374837730693E+00
0,1.1700,1.790682402550E+01,1.099987048265E-05,5.370243852290E+00
0,1.1710,1.788863879252E+01,1.021892751207E-05,5.365657819965E+00
0,1.1720,1.787048034188E+01,9.439317208681E-06,5.361079613634E+00
0,1.1730,1.785235336424E+01,8.661036164121E-06,5.356509213282E+00
0,1.1740,1.783425354246E+01,7.884080981646E-06,5.351946598960E+00
0,1.1750,1.781618398681E+01,7.108448276079E-06,5.347391750791E+00
0,1.1760,1.779814355708E+01,6.334134673751E-06,5.342844648962E+00
0,1.1770,1.778013333219E+01,5.561136812465E-06,5.338305273729E+00
0,1.1780,1.776215095612E+01,4.789451341435E-06,5.333773605416E+00
0,1.1790,1.774419549074E+01,4.019074921247E-06,5.329249624410E+00
0,1.1800,1.772627082324E+01,3.250004223805E-06,5.324733311169E+00
0,1.1810,1.770837223352E+01,3.103898861971E-06,5.320224646215E+00
0,1.1820,1.769050408807E+01,2.958040717332E-06,5.315723610135E+00
0,1.1830,1.767266573693E+01,2.812429162962E-06,5.311230183584E+00
0,1.1840,1.765485434183E+01,2.667063574056E-06,5.306744347280E+00
0,1.1850,1.763707053077E+01,2.521943327916E-06,5.302266082008E+00
0,1.1860,1.761931635360E+01,2.377067803945E-06,5.297795368617E+00
0,1.1870,1.760158961478E+01,2.232436383636E-06,5.293332188020E+00
0,1.1880,1.758388971321E+01,2.088048450568E-06,5.288876521195E+00
0,1.1890,1.756621949920E+01,1.943903390389E-06,5.284428349184E+00
0,1.1900,1.754857871140E+01,1.800000590816E-06,5.279987653092E+00
0,1.1910,1.753096323362E+01,1.729469176907E-06,5.275554414089E+00
0,1.1920,1.751337569073E+01,1.659056104298E-06,5.271128613406E+00
0,1.1930,1.749581789706E+01,1.588761075397E-06,5.266710232338E+00
0,1.1940,1.747828685237E+01,1.518583793614E-06,5.262299252244E+00
0,1.1950,1.746078307032E+01,1.448523963348E-06,5.257895654544E+00
0,1.1960,1.744330622975E+01,1.378581289990E-06,5.253499420719E+00
0,1.1970,1.742585855825E+01,1.308755479911E-06,5.249110532314E+00
0,1.1980,1.740843618124E+01,1.239046240467E-06,5.244728970935E+00
0,1.1990,1.739104325593E+01,1.169453279988E-06,5.240354718248E+00
1,0.3000,1.035144599362E+02,8.867668863533E+01,2.094395102393E+01
1,0.3010,1.034706086643E+02,8.705447177761E+01,2.087436979129E+01
1,0.3020,1.034270141899E+02,8.544299807790E+01,2.080524936152E+01
1,0.3030,1.033837183865E+02,8.384216116828E+01,2.073658517221E+01
1,0.3040,1.033407005878E+02,8.225185608043E+01,2.066837272099E+01
1,0.3050,1.032979680967E+02,8.067197922267E+01,2.060060756452E+01
1,0.3060,1.032555158821E+02,7.910242835745E+01,2.053328531758E+01
1,0.3070,1.032133423799E+02,7.754310257929E+01,2.046640165205E+01
1,0.3080,1.031714460132E+02,7.599390229320E+01,2.039995229604E+01
1,0.3090,1.031298158215E+02,7.445472919343E+01,2.033393303294E+01
1,0.3100,1.030884524763E+02,7.292548624268E+01,2.026833970058E+01
1,0.3110,1.027342682415E+02,7.209500568704E+01,2.020316819029E+01
1,0.3120,1.023823262701E+02,7.126984872471E+01,2.013841444609E+01
1,0.3130,1.020326205339E+02,7.044996433082E+01,2.007407446383E+01
1,0.3140,1.016851305636E+02,6.963530213053E+01,2.001014429038E+01
1,0.3150,1.013398308070E+02,6.882581238864E+01,1.994662002279E+01
1,0.3160,1.009967049789E+02,6.802144599956E+01,1.988349780753E+01
1,0.3170,1.006557318363E+02,6.722215447729E+01,1.982077383968E+01
1,0.3180,1.003168916784E+02,6.642788994572E+01,1.975844436220E+01
1,0.3190,9.998015996532E+01,6.563860512908E+01,1.969650566514E+01
1,0.3200,9.964551834935E+01,6.485425334254E+01,1.963495408494E+01
1,0.3210,9.949422825940E+01,6.425486731426E+01,1.957378600367E+01
1,0.3220,9.934386811340E+01,6.365920418057E+01,1.951299784838E+01
1,0.3230,9.919444095475E+01,6.306722936349E+01,1.945258609034E+01
1,0.3240,9.904594042406E+01,6.247890871195E+01,1.939254724438E+01
1,0.3250,9.889834983460E+01,6.189420849519E+01,1.933287786824E+01
1,0.3260,9.875166690490E+01,6.131309539632E+01,1.927357456190E+01
1,0.3270,9.860588247725E+01,6.073553650601E+01,1.921463396691E+01
1,0.3280,9.846098560200E+01,6.016149931624E+01,1.915605276579E+01
1,0.3290,9.831697459853E+01,5.959095171426E+01,1.909782768140E+01
1,0.3300,9.817383566220E+01,5.902386197654E+01,1.903995547630E+01
1,0.3310,9.807552408507E+01,5.861205822652E+01,1.898243295220E+01
1,0.3320,9.797780692357E+01,5.820273522199E+01,1.892525694934E+01
1,0.3330,9.788068883137E+01,5.779587061388E+01,1.886842434588E+01
1,0.3340,9.778414227571E+01,5.739144232079E+01,1.881193205742E+01
1,0.3350,9.768817787359E+01,5.698942852497E+01,1.875577703636E+01
1,0.3360,9.759278299199E+01,5.658980766841E+01,1.869995627137E+01
1,0.3370,9.749794811713E+01,5.619255844899E+01,1.864446678688E+01
1,0.3380,9.740367868553E+01,5.579765981666E+01,1.858930564254E+01
1,0.3390,9.730995935545E+01,5.540509096977E+01,1.853446993268E+01
1,0.3400,9.721679609173E+01,5.501483135139E+01,1.847995678582E+01
1,0.3410,9.728560347964E+01,5.478163705799E+01,1.842576336416E+01
1,0.3420,9.735401234924E+01,5.454980647391E+01,1.837188686310E+01
1,0.3430,9.742201746154E+01,5.431932767166E+01,1.831832451073E+01
1,0.3440,9.748962880264E+01,5.409018886245E+01,1.826507356738E+01
1,0.3450,9.755684687185E+01,5.386237839416E+01,1.821213132516E+01
1,0.3460,9.762367545894E+01,5.363588474938E+01,1.815949510746E+01
1,0.3470,9.769012146658E+01,5.341069654348E+01,1.810716226853E+01
1,0.3480,9.775618052626E+01,5.318680252267E+01,1.805513019304E+01
1,0.3490,9.782186431820E+01,5.296419156215E+01,1.800339629564E+01
1,0.3500,9.788717016646E+01,5.274285266427E+01,1.795195802051E+01
1,0.3510,9.856312380897E+01,5.264271040272E+01,1.790081284097E+01
1,0.3520,9.923518345175E+01,5.254313713129E+01,1.784995825903E+01
1,0.3530,9.990338370441E+01,5.244412801437E+01,1.779939180504E+01
1,0.3540,1.005677484715E+02,5.234567827100E+01,1.774911103723E+01
1,0.3550,1.012283230398E+02,5.224778317407E+01,1.769911354135E+01
1,0.3560,1.018851320414E+02,5.215043804959E+01,1.764939693028E+01
1,0.3570,1.025382173812E+02,5.205363827595E+01,1.759995884364E+01
1,0.3580,1.031876063203E+02,5.195737928317E+01,1.755079694743E+01
1,0.3590,1.038333305219E+02,5.186165655219E+01,1.750190893365E+01
1,0.3600,1.044754202391E+02,5.176646561415E+01,1.745329251994E+01
1,0.3610,1.056970140155E+02,5.023937503926E+01,1.740494544925E+01
1,0.3620,1.069117021874E+02,4.872072142888E+01,1.735686548945E+01
1,0.3630,1.081195523571E+02,4.721043505601E+01,1.730905043300E+01
1,0.3640,1.093206235806E+02,4.570844695992E+01,1.726149809665E+01
1,0.3650,1.105149827131E+02,4.421468893559E+01,1.721420632104E+01
1,0.3660,1.117026799825E+02,4.272909352342E+01,1.716717297044E+01
1,0.3670,1.128837845973E+02,4.125159399904E+01,1.712039593237E+01
1,0.3680,1.140583448166E+02,3.978212436339E+01,1.707387311734E+01
1,0.3690,1.152264282337E+02,3.832061933281E+01,1.702760245848E+01
1,0.3700,1.163880852117E+02,3.686701432942E+01,1.698158191130E+01
1,0.3710,1.156029521007E+02,3.469300566511E+01,1.693580945331E+01
1,0.3720,1.148219913842E+02,3.253068521943E+01,1.689028308382E+01
1,0.3730,1.140451677304E+02,3.037995898525E+01,1.684500082354E+01
1,0.3740,1.132724484186E+02,2.824073396088E+01,1.679996071438E+01
1,0.3750,1.125037997270E+02,2.611291813664E+01,1.675516081915E+01
1,0.3760,1.117391876662E+02,2.399642048168E+01,1.671059922122E+01
1,0.3770,1.109785781642E+02,2.189115093098E+01,1.666627402435E+01
1,0.3780,1.102219420404E+02,1.979702037262E+01,1.662218335233E+01
1,0.3790,1.094692493032E+02,1.771394063515E+01,1.657832534876E+01
1,0.3800,1.087204582214E+02,1.564182447524E+01,1.653469817679E+01
1,0.3810,1.074746025406E+02,1.477455568688E+01,1.649130001884E+01
1,0.3820,1.062351176838E+02,1.391182757281E+01,1.644812907639E+01
1,0.3830,1.050019506422E+02,1.305360456638E+01,1.640518356966E+01
1,0.3840,1.037750414137E+02,1.219985147144E+01,1.636246173745E+01
1,0.3850,1.025543433623E+02,1.135053345752E+01,1.631996183683E+01
1,0.3860,1.013398053370E+02,1.050561605506E+01,1.627768214295E+01
1,0.3870,1.001313697496E+02,9.665065150811E+00,1.623562094878E+01
1,0.3880,9.892898821653E+01,8.828846983181E+00,1.619377656490E+01
1,0.3890,9.773260663942E+01,7.996928137750E+00,1.615214731923E+01
1,0.3900,9.654218119311E+01,7.169275542807E+00,1.611073155687E+01
1,0.3910,9.560207020899E+01,6.911503837898E+00,1.606952763985E+01
1,0.3920,9.466663822899E+01,6.655047294747E+00,1.602853394689E+01
1,0.3930,9.373584177339E+01,6.399895873954E+00,1.598774887323E+01
1,0.3940,9.280964493381E+01,6.146039638038E+00,1.594717083041E+01
1,0.3950,9.188800978081E+01,5.893468750152E+00,1.590679824602E+01
1,0.3960,9.097090283079E+01,5.642173472811E+00,1.586662956358E+01
1,0.3970,9.005828902686E+01,5.392144166640E+00,1.582666324227E+01
1,0.3980,8.915012411817E+01,5.143371289143E+00,1.578689775673E+01
1,0.3990,8.824637653407E+01,4.895845393489E+00,1.574733159694E+01
1,0.4000,8.734700995823E+01,4.649557127313E+00,1.570796326795E+01
1,0.4010,8.667799909872E+01,4.529847561859E+00,1.566879128972E+01
1,0.4020,8.601223657500E+01,4.410733566383E+00,1.562981419696E+01
1,0.4030,8.534969951860E+01,4.292210707361E+00,1.559103053891E+01
1,0.4040,8.469035800271E+01,4.174274595166E+00,1.555243887916E+01
1,0.4050,8.403419304356E+01,4.056920883525E+00,1.551403779551E+01
1,0.4060,8.338117579395E+01,3.940145268985E+00,1.547582587975E+01
1,0.4070,8.273128648249E+01,3.823943490389E+00,1.543780173754E+01
1,0.4080,8.208449620373E+01,3.708311328355E+00,1.539996398819E+01
1,0.4090,8.144078543116E+01,3.593244604766E+00,1.536231126450E+01
1,0.4100,8.080012683014E+01,3.478739182268E+00,1.532484221263E+01
1,0.4110,8.027366006855E+01,3.392308563657E+00,1.528755549192E+01
1,0.4120,7.974969225153E+01,3.306297511157E+00,1.525044977471E+01
1,0.4130,7.922820267324E+01,3.220702977070E+00,1.521352374620E+01
1,0.4140,7.870917048681E+01,3.135521943148E+00,1.517677610430E+01
1,0.4150,7.819257705679E+01,3.050751420233E+00,1.514020555947E+01
1,0.4160,7.767840287735E+01,2.966388447909E+00,1.510381083457E+01
1,0.4170,7.716663224835E+01,2.882430094157E+00,1.506759066470E+01
1,0.4180,7.665725134331E+01,2.798873455016E+00,1.503154379708E+01
1,0.4190,7.615023707764E+01,2.715715654249E+00,1.499566899088E+01
1,0.4200,7.564557102898E+01,2.632953843009E+00,1.495996501709E+01
1,0.4210,7.520511450916E+01,2.569986959374E+00,1.492443065838E+01
1,0.4220,7.476669108317E+01,2.507318496988E+00,1.488906470896E+01
1,0.4230,7.433028980599E+01,2.444946339389E+00,1.485386597442E+01
1,0.4240,7.389589940244E+01,2.382868390081E+00,1.481883327165E+01
1,0.4250,7.346350252208E+01,2.321082572299E+00,1.478396542866E+01
1,0.4260,7.303308664354E+01,2.259586828779E+00,1.474926128446E+01
1,0.4270,7.260462988860E+01,2.198379121528E+00,1.471471968895E+01
1,0.4280,7.217812342933E+01,2.137457431601E+00,1.468033950276E+01
1,0.4290,7.175355882197E+01,2.076819758877E+00,1.464611959716E+01
1,0.4300,7.133091045884E+01,2.016464121839E+00,1.461205885391E+01
1,0.4310,7.095887809803E+01,1.966593266679E+00,1.457815616515E+01
1,0.4320,7.058852208421E+01,1.916953295107E+00,1.454441043329E+01
1,0.4330,7.021983698042E+01,1.867542607469E+00,1.451082057085E+01
1,0.4340,6.985280848114E+01,1.818359618852E+00,1.447738550041E+01
1,0.4350,6.948742897341E+01,1.769402758918E+00,1.444410415444E+01
1,0.4360,6.912368119706E+01,1.720670471737E+00,1.441097547518E+01
1,0.4370,6.876155160847E+01,1.672161215618E+00,1.437799841460E+01
1,0.4380,6.840103729801E+01,1.623873462951E+00,1.434517193420E+01
1,0.4390,6.804211846050E+01,1.575805700047E+00,1.431249500496E+01
1,0.4400,6.768479429580E+01,1.527956426973E+00,1.427996660723E+01
1,0.4410,6.735214571829E+01,1.495002020225E+00,1.424758573057E+01
1,0.4420,6.702097016113E+01,1.462196728440E+00,1.421535137371E+01
1,0.4430,6.669124468267E+01,1.429539541810E+00,1.418326254442E+01
1,0.4440,6.636297039172E+01,1.397029459624E+00,1.415131825941E+01
1,0.4450,6.603613337947E+01,1.364665490167E+00,1.411951754422E+01
1,0.4460,6.571072162414E+01,1.332446650618E+00,1.408785943314E+01
1,0.4470,6.538673208956E+01,1.300371966950E+00,1.405634296908E+01
1,0.4480,6.506414527210E+01,1.268440473834E+00,1.402496720353E+01
1,0.4490,6.474295521110E+01,1.236651214541E+00,1.399373119639E+01
1,0.4500,6.442315658567E+01,1.205003240845E+00,1.396263401595E+01
1,0.4510,6.412877107899E+01,1.181543941427E+00,1.393167473876E+01
1,0.4520,6.383564865489E+01,1.158188444218E+00,1.390085244951E+01
1,0.4530,6.354379265884E+01,1.134936061787E+00,1.387016624101E+01
1,0.4540,6.325318416182E+01,1.111786112760E+00,1.383961521405E+01
1,0.4550,6.296382165106E+01,1.088737921749E+00,1.380919847732E+01
1,0.4560,6.267569045923E+01,1.065790819296E+00,1.377891514732E+01
1,0.4570,6.238879034511E+01,1.042944141799E+00,1.374876434831E+01
1,0.4580,6.210310798488E+01,1.020197231453E+00,1.371874521218E+01
1,0.4590,6.181863493271E+01,9.975494361844E-01,1.368885687839E+01
1,0.4600,6.153536433469E+01,9.750001095908E-01,1.365909849387E+01
1,0.4610,6.127267188653E+01,9.602165502576E-01,1.362946921297E+01
1,0.4620,6.101108763308E+01,9.454969890167E-01,1.359996819736E+01
1,0.4630,6.075060030807E+01,9.308410111938E-01,1.357059461594E+01
1,0.4640,6.049121010927E+01,9.162482056890E-01,1.354134764478E+01
1,0.4650,6.023290151234E+01,9.017181649391E-01,1.351222646705E+01
1,0.4660,5.997567528941E+01,8.872504848791E-01,1.348323027292E+01
1,0.4670,5.971951621359E+01,8.728447649050E-01,1.345435825949E+01
1,0.4680,5.946442214674E+01,8.585006078367E-01,1.342560963073E+01
1,0.4690,5.921038601771E+01,8.442176198818E-01,1.339698359740E+01
1,0.4700,5.895740169341E+01,8.299954105990E-01,1.336847937698E+01
1,0.4710,5.872174021264E+01,8.187857561508E-01,1.334009619359E+01
1,0.4720,5.848705122581E+01,8.076236002383E-01,1.331183327792E+01
1,0.4730,5.825332507979E+01,7.965086416024E-01,1.328368986719E+01
1,0.4740,5.802056406510E+01,7.854405815261E-01,1.325566520502E+01
1,0.4750,5.778875019526E+01,7.744191238081E-01,1.322775854143E+01
1,0.4760,5.755788647257E+01,7.634439747359E-01,1.319996913273E+01
1,0.4770,5.732796246409E+01,7.525148430602E-01,1.317229624147E+01
1,0.4780,5.709897241533E+01,7.416314399690E-01,1.314473913636E+01
1,0.4790,5.687091087411E+01,7.307934790619E-01,1.311729709223E+01
1,0.4800,5.664377101444E+01,7.200006763252E-01,1.308996938996E+01
1,0.4810,5.642952129055E+01,7.108320372249E-01,1.306275531638E+01
1,0.4820,5.621613939946E+01,7.017014422703E-01,1.303565416427E+01
1,0.4830,5.600361401215E+01,6.926086551623E-01,1.300866523226E+01
1,0.4840,5.579194157700E+01,6.835534415547E-01,1.298178782475E+01
1,0.4850,5.558111633681E+01,6.745355690342E-01,1.295502125192E+01
1,0.4860,5.537113338747E+01,6.655548071001E-01,1.292836482959E+01
1,0.4870,5.516198853902E+01,6.566109271453E-01,1.290181787922E+01
1,0.4880,5.495367940475E+01,6.477037024362E-01,1.287537972783E+01
1,0.4890,5.474619117060E+01,6.388329080940E-01,1.284904970793E+01
1,0.4900,5.453952860747E+01,6.299983210756E-01,1.282282715751E+01
1,0.4910,5.435064397572E+01,6.223603818808E-01,1.279671141992E+01
1,0.4920,5.416250319089E+01,6.147534912194E-01,1.277070184386E+01
1,0.4930,5.397510951627E+01,6.071774601550E-01,1.274479778333E+01
1,0.4940,5.378845030811E+01,5.996321012811E-01,1.271899859753E+01
1,0.4950,5.360252209919E+01,5.921172287057E-01,1.269330365087E+01
1,0.4960,5.341732345501E+01,5.846326580358E-01,1.266771231286E+01
1,0.4970,5.323284824806E+01,5.771782063626E-01,1.264222395811E+01
1,0.4980,5.304909535128E+01,5.697536922463E-01,1.261683796622E+01
1,0.4990,5.286605680793E+01,5.623589357017E-01,1.259155372180E+01
1,0.5000,5.268372986307E+01,5.549937581832E-01,1.256637061436E+01
1,0.5010,5.250594773273E+01,5.478686762100E-01,1.254128803828E+01
1,0.5020,5.232885458258E+01,5.407719810176E-01,1.251630539279E+01
1,0.5030,5.215244585470E+01,5.337035033011E-01,1.249142208187E+01
1,0.5040,5.197671593446E+01,5.266630750993E-01,1.246663751425E+01
1,0.5050,5.180166297023E+01,5.196505297815E-01,1.244195110333E+01
1,0.5060,5.162727995390E+01,5.126657020341E-01,1.241736226715E+01
1,0.5070,5.145356865326E+01,5.057084278479E-01,1.239287042836E+01
1,0.5080,5.128051718336E+01,4.987785445049E-01,1.236847501413E+01
1,0.5090,5.110812549505E+01,4.918758905661E-01,1.234417545615E+01
1,0.5100,5.093639021368E+01,4.850003058583E-01,1.231997119055E+01
1,0.5110,5.077158740464E+01,4.804214475246E-01,1.229586165789E+01
1,0.5120,5.060740798413E+01,4.758604753562E-01,1.227184630309E+01
1,0.5130,5.044385346848E+01,4.713172847558E-01,1.224792457540E+01
1,0.5140,5.028091426481E+01,4.667917719397E-01,1.222409592836E+01
1,0.5150,5.011859026324E+01,4.622838339308E-01,1.220035981977E+01
1,0.5160,4.995687420575E+01,4.577933685497E-01,1.217671571159E+01
1,0.5170,4.979576824301E+01,4.533202744081E-01,1.215316306998E+01
1,0.5180,4.963526093358E+01,4.488644509002E-01,1.212970136521E+01
1,0.5190,4.947535788872E+01,4.444257981958E-01,1.210633007164E+01
1,0.5200,4.931604796215E+01,4.400042172326E-01,1.208304866765E+01
1,0.5210,4.916473424774E+01,4.351714847982E-01,1.205985663566E+01
1,0.5220,4.901398309049E+01,4.303572685800E-01,1.203675346203E+01
1,0.5230,4.886378848374E+01,4.255614623665E-01,1.201373863705E+01
1,0.5240,4.871415477116E+01,4.207839607569E-01,1.199081165492E+01
1,0.5250,4.856506933982E+01,4.160246591534E-01,1.196797201368E+01
1,0.5260,4.841653564558E+01,4.112834537537E-01,1.194521921517E+01
1,0.5270,4.826854782976E+01,4.065602415434E-01,1.192255276505E+01
1,0.5280,4.812110490496E+01,4.018549202884E-01,1.189997217269E+01
1,0.5290,4.797419998701E+01,3.971673885278E-01,1.187747695119E+01
1,0.5300,4.782783162839E+01,3.924975455662E-01,1.185506661732E+01
1,0.5310,4.768563332446E+01,3.884298288572E-01,1.183274069149E+01
1,0.5320,4.754395573001E+01,3.843774043163E-01,1.181049869771E+01
1,0.5330,4.740279025201E+01,3.803401858712E-01,1.178834016356E+01
1,0.5340,4.726214034631E+01,3.763180880945E-01,1.176626462019E+01
1,0.5350,4.712199665089E+01,3.723110261973E-01,1.174427160220E+01
1,0.5360,4.698236160978E+01,3.683189160236E-01,1.172236064772E+01
1,0.5370,4.684322756459E+01,3.643416740442E-01,1.170053129829E+01
1,0.5380,4.670459702404E+01,3.603792173510E-01,1.167878309885E+01
1,0.5390,4.656646319224E+01,3.564314636510E-01,1.165711559774E+01
1,0.5400,4.642882612007E+01,3.524983312611E-01,1.163552834663E+01
1,0.5410,4.629644402742E+01,3.491441805176E-01,1.161402090052E+01
1,0.5420,4.616453436899E+01,3.458024067141E-01,1.159259281767E+01
1,0.5430,4.603309391162E+01,3.424729414697E-01,1.157124365963E+01
1,0.5440,4.590212213915E+01,3.391557169064E-01,1.154997299114E+01
1,0.5450,4.577162074983E+01,3.358506656442E-01,1.152878038015E+01
1,0.5460,4.564157582595E+01,3.325577207969E-01,1.150766539776E+01
1,0.5470,4.551199589206E+01,3.292768159674E-01,1.148662761824E+01
1,0.5480,4.538286857893E+01,3.260078852430E-01,1.146566661894E+01
1,0.5490,4.525420154824E+01,3.227508631916E-01,1.144478198029E+01
1,0.5500,4.512598199879E+01,3.195056848567E-01,1.142397328578E+01
1,0.5510,4.500172894018E+01,3.164057036630E-01,1.140324012192E+01
1,0.5520,4.487791050111E+01,3.133169542852E-01,1.138258207822E+01
1,0.5530,4.475452452183E+01,3.102393757912E-01,1.136199874716E+01
1,0.5540,4.463156906204E+01,3.071729076889E-01,1.134148972415E+01
1,0.5550,4.450904277740E+01,3.041174899221E-01,1.132105460753E+01
1,0.5560,4.438694486501E+01,3.010730628667E-01,1.130069299852E+01
1,0.5570,4.426526931643E+01,2.980395673267E-01,1.128040450122E+01
1,0.5580,4.414401385460E+01,2.950169445307E-01,1.126018872254E+01
1,0.5590,4.402318108139E+01,2.920051361274E-01,1.124004527224E+01
1,0.5600,4.390276248879E+01,2.890040841827E-01,1.121997376282E+01
1,0.5610,4.378506498017E+01,2.866666896486E-01,1.119997380959E+01
1,0.5620,4.366777031656E+01,2.843376132444E-01,1.118004503057E+01
1,0.5630,4.355087679481E+01,2.820168106464E-01,1.116018704650E+01
1,0.5640,4.343438580695E+01,2.797042378447E-01,1.114039948081E+01
1,0.5650,4.331829513768E+01,2.773998511415E-01,1.112068195961E+01
1,0.5660,4.320259774330E+01,2.751036071475E-01,1.110103411162E+01
1,0.5670,4.308729449416E+01,2.728154627795E-01,1.108145556822E+01
1,0.5680,4.297238800755E+01,2.705353752579E-01,1.106194596334E+01
1,0.5690,4.285786716852E+01,2.682633021037E-01,1.104250493353E+01
1,0.5700,4.274373505974E+01,2.659992011361E-01,1.102313211786E+01
1,0.5710,4.263338758708E+01,2.637650381238E-01,1.100382715793E+01
1,0.5720,4.252341360029E+01,2.615386868703E-01,1.098458969787E+01
1,0.5730,4.241380966172E+01,2.593201064764E-01,1.096541938426E+01
1,0.5740,4.230457315507E+01,2.571092563277E-01,1.094631586617E+01
1,0.5750,4.219570352180E+01,2.549060960926E-01,1.092727879509E+01
1,0.5760,4.208719938986E+01,2.527105857194E-01,1.090830782496E+01
1,0.5770,4.197906189071E+01,2.505226854341E-01,1.088940261210E+01
1,0.5780,4.187128427825E+01,2.483423557381E-01,1.087056281519E+01
1,0.5790,4.176386350870E+01,2.461695574055E-01,1.085178809530E+01
1,0.5800,4.165680086488E+01,2.440042514809E-01,1.083307811583E+01
1,0.5810,4.155232167635E+01,2.420237559709E-01,1.081443254248E+01
1,0.5820,4.144819421835E+01,2.400500662874E-01,1.079585104326E+01
1,0.5830,4.134440660292E+01,2.380831474090E-01,1.077733328847E+01
1,0.5840,4.124096592140E+01,2.361229645541E-01,1.075887895065E+01
1,0.5850,4.113786406324E+01,2.341694831791E-01,1.074048770458E+01
1,0.5860,4.103510439657E+01,2.322226689760E-01,1.072215922727E+01
1,0.5870,4.093267712130E+01,2.302824878708E-01,1.070389319792E+01
1,0.5880,4.083059076160E+01,2.283489060209E-01,1.068568929792E+01
1,0.5890,4.072884050547E+01,2.264218898141E-01,1.066754721083E+01
1,0.5900,4.062741906492E+01,2.245014058655E-01,1.064946662234E+01
1,0.5910,4.052852042769E+01,2.229021118543E-01,1.063144722027E+01
1,0.5920,4.042995124457E+01,2.213082208635E-01,1.061348869456E+01
1,0.5930,4.033169648715E+01,2.197197055589E-01,1.059559073723E+01
1,0.5940,4.023376106716E+01,2.181365387908E-01,1.057775304239E+01
1,0.5950,4.013614607790E+01,2.165586935916E-01,1.055997530618E+01
1,0.5960,4.003884406987E+01,2.149861431749E-01,1.054225722681E+01
1,0.5970,3.994186016335E+01,2.134188609339E-01,1.052459850449E+01
1,0.5980,3.984518650695E+01,2.118568204394E-01,1.050699884144E+01
1,0.5990,3.974882591067E+01,2.102999954392E-01,1.048945794187E+01
1,0.6000,3.965277120524E+01,2.087483598555E-01,1.047197551197E+01
1,0.6010,3.955810552340E+01,2.068453875867E-01,1.045455125987E+01
1,0.6020,3.946374518219E+01,2.049487374849E-01,1.043718489565E+01
1,0.6030,3.936968507863E+01,2.030583780965E-01,1.041987613131E+01
1,0.6040,3.927592682143E+01,2.011742781763E-01,1.040262468076E+01
1,0.6050,3.918246866456E+01,1.992964066856E-01,1.038543025980E+01
1,0.6060,3.908930428012E+01,1.974247327905E-01,1.036829258610E+01
1,0.6070,3.899643543670E+01,1.955592258606E-01,1.035121137921E+01
1,0.6080,3.890386061102E+01,1.936998554665E-01,1.033418636049E+01
1,0.6090,3.881158168965E+01,1.918465913792E-01,1.031721725317E+01
1,0.6100,3.871959107867E+01,1.899994035676E-01,1.030030378226E+01
1,0.6110,3.863002145141E+01,1.885788551254E-01,1.028344567460E+01
1,0.6120,3.854072756643E+01,1.871629489983E-01,1.026664265879E+01
1,0.6130,3.845171809051E+01,1.857516624670E-01,1.024989446522E+01
1,0.6140,3.836298857425E+01,1.843449729604E-01,1.023320082603E+01
1,0.6150,3.827453385264E+01,1.829428580537E-01,1.021656147509E+01
1,0.6160,3.818635500663E+01,1.815452954681E-01,1.019997614802E+01
1,0.6170,3.809845449644E+01,1.801522630692E-01,1.018344458214E+01
1,0.6180,3.801082445452E+01,1.787637388658E-01,1.016696651647E+01
1,0.6190,3.792347398349E+01,1.773797010088E-01,1.015054169173E+01
1,0.6200,3.783638950663E+01,1.760001277900E-01,1.013416985029E+01
1,0.6210,3.775062017612E+01,1.747828361126E-01,1.011785073620E+01
1,0.6220,3.766511889296E+01,1.735694585564E-01,1.010158409514E+01
1,0.6230,3.757988282432E+01,1.723599762732E-01,1.008536967445E+01
1,0.6240,3.749490825626E+01,1.711543705359E-01,1.006920722304E+01
1,0.6250,3.741019428289E+01,1.699526227368E-01,1.005309649149E+01
1,0.6260,3.732574127193E+01,1.687547143877E-01,1.003703723192E+01
1,0.6270,3.724155123542E+01,1.675606271177E-01,1.002102919805E+01
1,0.6280,3.715761569938E+01,1.663703426735E-01,1.000507214519E+01
1,0.6290,3.707393737770E+01,1.651838429175E-01,9.989165830174E+00
1,0.6300,3.699051495254E+01,1.640011098274E-01,9.973310011396E+00
1,0.6310,3.690837553273E+01,1.627335037055E-01,9.957504448779E+00
1,0.6320,3.682648864077E+01,1.614699089954E-01,9.941748903765E+00
1,0.6330,3.674485023783E+01,1.602103066856E-01,9.926043139304E+00
1,0.6340,3.666346054048E+01,1.589546778847E-01,9.910386919842E+00
1,0.6350,3.658231680854E+01,1.577030038202E-01,9.894780011306E+00
1,0.6360,3.650141596785E+01,1.564552658376E-01,9.879222181100E+00
1,0.6370,3.642076222508E+01,1.552114453998E-01,9.863713198084E+00
1,0.6380,3.634035202090E+01,1.539715240855E-01,9.848252832570E+00
1,0.6390,3.626017946824E+01,1.527354835892E-01,9.832840856306E+00
1,0.6400,3.618025330256E+01,1.515033057194E-01,9.817477042468E+00
1,0.6410,3.610157735737E+01,1.502857547756E-01,9.802161165647E+00
1,0.6420,3.602314311107E+01,1.490719968254E-01,9.786893001837E+00
1,0.6430,3.594493759148E+01,1.478620141721E-01,9.771672328429E+00
1,0.6440,3.586696951769E+01,1.466557892289E-01,9.756498924192E+00
1,0.6450,3.578923023056E+01,1.454533045181E-01,9.741372569271E+00
1,0.6460,3.571172483637E+01,1.442545426701E-01,9.726293045170E+00
1,0.6470,3.563444856057E+01,1.430594864230E-01,9.711260134744E+00
1,0.6480,3.555740328784E+01,1.418681186210E-01,9.696273622191E+00
1,0.6490,3.548058501273E+01,1.406804222144E-01,9.681333293035E+00
1,0.6500,3.540399158400E+01,1.394963802583E-01,9.666438934122E+00
1,0.6510,3.532862546269E+01,1.383816067262E-01,9.651590333609E+00
1,0.6520,3.525348375324E+01,1.372702527448E-01,9.636787280950E+00
1,0.6530,3.517856593433E+01,1.361623026040E-01,9.622029566891E+00
1,0.6540,3.510386505296E+01,1.350577406900E-01,9.607316983455E+00
1,0.6550,3.502938075162E+01,1.339565514841E-01,9.592649323938E+00
1,0.6560,3.495511655985E+01,1.328587195624E-01,9.578026382896E+00
1,0.6570,3.488107109497E+01,1.317642295948E-01,9.563447956133E+00
1,0.6580,3.480723859463E+01,1.306730663444E-01,9.548913840698E+00
1,0.6590,3.473362159288E+01,1.295852146669E-01,9.534423834870E+00
1,0.6600,3.466022035076E+01,1.285006595096E-01,9.519977738151E+00
1,0.6610,3.458801747539E+01,1.275885851522E-01,9.505575351255E+00
1,0.6620,3.451602568254E+01,1.266792663065E-01,9.491216476102E+00
1,0.6630,3.444424513840E+01,1.257726905041E-01,9.476900915806E+00
1,0.6640,3.437266619370E+01,1.248688453517E-01,9.462628474668E+00
1,0.6650,3.430129626069E+01,1.239677185306E-01,9.448398958165E+00
1,0.6660,3.423013331640E+01,1.230692977960E-01,9.434212172942E+00
1,0.6670,3.415917291382E+01,1.221735709767E-01,9.420067926806E+00
1,0.6680,3.408842001599E+01,1.212805259742E-01,9.405966028712E+00
1,0.6690,3.401786514689E+01,1.203901507625E-01,9.391906288759E+00
1,0.6700,3.394751436578E+01,1.195024333871E-01,9.377888518178E+00
1,0.6710,3.387736489133E+01,1.185396414913E-01,9.363912529329E+00
1,0.6720,3.380741595926E+01,1.175797150475E-01,9.349978135684E+00
1,0.6730,3.373766308737E+01,1.166226412826E-01,9.336085151827E+00
1,0.6740,3.366811307427E+01,1.156684074991E-01,9.322233393442E+00
1,0.6750,3.359875521593E+01,1.147170010751E-01,9.308422677303E+00
1,0.6760,3.352959457556E+01,1.137684094629E-01,9.294652821272E+00
1,0.6770,3.346063429288E+01,1.128226201894E-01,9.280923644283E+00
1,0.6780,3.339186865631E+01,1.118796208547E-01,9.267234966342E+00
1,0.6790,3.332329112428E+01,1.109393991321E-01,9.253586608512E+00
1,0.6800,3.325491061140E+01,1.100019427676E-01,9.239978392911E+00
1,0.6810,3.318768278468E+01,1.091908734748E-01,9.226410142701E+00
1,0.6820,3.312064389775E+01,1.083821826843E-01,9.212881682082E+00
1,0.6830,3.305379247226E+01,1.075758599489E-01,9.199392836281E+00
1,0.6840,3.298712957605E+01,1.067718948823E-01,9.185943431549E+00
1,0.6850,3.292065263256E+01,1.059702771589E-01,9.172533295153E+00
1,0.6860,3.285436253147E+01,1.051709965134E-01,9.159162255364E+00
1,0.6870,3.278825420642E+01,1.043740427403E-01,9.145830141455E+00
1,0.6880,3.272232940574E+01,1.035794056933E-01,9.132536783691E+00
1,0.6890,3.265658570632E+01,1.027870752850E-01,9.119282013323E+00
1,0.6900,3.259102975489E+01,1.019970414865E-01,9.106065662579E+00
1,0.6910,3.252755322438E+01,1.012374822786E-01,9.092887564659E+00
1,0.6920,3.246424981187E+01,1.004801183286E-01,9.079747553728E+00
1,0.6930,3.240111891482E+01,9.972494013304E-02,9.066645464906E+00
1,0.6940,3.233816722428E+01,9.897193824355E-02,9.053581134265E+00
1,0.6950,3.227538387904E+01,9.822110326597E-02,9.040554398820E+00
1,0.6960,3.221277562470E+01,9.747242586017E-02,9.027565096522E+00
1,0.6970,3.215033918146E+01,9.672589673961E-02,9.014613066255E+00
1,0.6980,3.208807704986E+01,9.598150667096E-02,9.001698147822E+00
1,0.6990,3.202598232388E+01,9.523924647376E-02,8.988820181945E+00
1,0.7000,3.196405414859E+01,9.449910701998E-02,8.975979010257E+00
1,0.7010,3.190136531835E+01,9.394213535809E-02,8.963174475292E+00
1,0.7020,3.183884335377E+01,9.338675051004E-02,8.950406420484E+00
1,0.7030,3.177648829651E+01,9.283294570424E-02,8.937674690156E+00
1,0.7040,3.171430722791E+01,9.228071420755E-02,8.924979129516E+00
1,0.7050,3.165229183167E+01,9.173004932503E-02,8.912319584652E+00
1,0.7060,3.159044433524E+01,9.118094439968E-02,8.899695902521E+00
1,0.7070,3.152876923450E+01,9.063339281218E-02,8.887107930947E+00
1,0.7080,3.146725487375E+01,9.008738798057E-02,8.874555518615E+00
1,0.7090,3.140590990130E+01,8.954292336005E-02,8.862038515063E+00
1,0.7100,3.134472472670E+01,8.899999244268E-02,8.849556770675E+00
1,0.7110,3.128555703282E+01,8.849367208440E-02,8.837110136680E+00
1,0.7120,3.122654696764E+01,8.798877397431E-02,8.824698465140E+00
1,0.7130,3.116769361358E+01,8.748529212820E-02,8.812321608948E+00
1,0.7140,3.110899835574E+01,8.698322059539E-02,8.799979421820E+00
1,0.7150,3.105046053488E+01,8.648255345848E-02,8.787671758293E+00
1,0.7160,3.099207917509E+01,8.598328483312E-02,8.775398473715E+00
1,0.7170,3.093385658737E+01,8.548540886780E-02,8.763159424239E+00
1,0.7180,3.087578217735E+01,8.498891974362E-02,8.750954466824E+00
1,0.7190,3.081786774975E+01,8.449381167402E-02,8.738783459221E+00
1,0.7200,3.076010276561E+01,8.400007890461E-02,8.726646259972E+00
1,0.7210,3.070249358860E+01,8.329133361698E-02,8.714542728404E+00
1,0.7220,3.064503625640E+01,8.258455161270E-02,8.702472724625E+00
1,0.7230,3.058772791305E+01,8.187972474535E-02,8.690436109515E+00
1,0.7240,3.053057601771E+01,8.117684491356E-02,8.678432744723E+00
1,0.7250,3.047356770167E+01,8.047590406061E-02,8.666462492661E+00
1,0.7260,3.041671251032E+01,7.977689417419E-02,8.654525216501E+00
1,0.7270,3.036000866609E+01,7.907980728609E-02,8.642620780164E+00
1,0.7280,3.030345281406E+01,7.838463547186E-02,8.630749048324E+00
1,0.7290,3.024704326075E+01,7.769137085053E-02,8.618909886392E+00
1,0.7300,3.019078175588E+01,7.700000558433E-02,8.607103160520E+00
1,0.7310,3.013556678821E+01,7.639261726781E-02,8.595328737592E+00
1,0.7320,3.008049723463E+01,7.578688848221E-02,8.583586485218E+00
1,0.7330,3.002557248466E+01,7.518281243545E-02,8.571876271732E+00
1,0.7340,2.997078654834E+01,7.458038237247E-02,8.560197966185E+00
1,0.7350,2.991614694171E+01,7.397959157496E-02,8.548551438340E+00
1,0.7360,2.986164624708E+01,7.338043336115E-02,8.536936558668E+00
1,0.7370,2.980728632922E+01,7.278290108550E-02,8.525353198344E+00
1,0.7380,2.975306846250E+01,7.218698813851E-02,8.513801229241E+00
1,0.7390,2.969899058353E+01,7.159268794645E-02,8.502280523924E+00
1,0.7400,2.964505126573E+01,7.099999397113E-02,8.490790955648E+00
1,0.7410,2.959125050675E+01,7.044332579918E-02,8.479332398353E+00
1,0.7420,2.953758764211E+01,6.988815808052E-02,8.467904726657E+00
1,0.7430,2.948406297734E+01,6.933448475680E-02,8.456507815854E+00
1,0.7440,2.943067377748E+01,6.878229980222E-02,8.445141541908E+00
1,0.7450,2.937742402963E+01,6.823159722337E-02,8.433805781449E+00
1,0.7460,2.932430764167E+01,6.768237105893E-02,8.422500411769E+00
1,0.7470,2.927132958159E+01,6.713461537954E-02,8.411225310816E+00
1,0.7480,2.921848247442E+01,6.658832428753E-02,8.399980357192E+00
1,0.7490,2.916577302883E+01,6.604349191673E-02,8.388765430146E+00
1,0.7500,2.911319648179E+01,6.550011243224E-02,8.377580409573E+00
1,0.7510,2.906163181177E+01,6.489292191390E-02,8.366425176005E+00
1,0.7520,2.901020026606E+01,6.428734626396E-02,8.355299610611E+00
1,0.7530,2.895889563190E+01,6.368337904869E-02,8.344203595192E+00
1,0.7540,2.890772365341E+01,6.308101386846E-02,8.333137012175E+00
1,0.7550,2.885667743412E+01,6.248024435759E-02,8.322099744609E+00
1,0.7560,2.880576102161E+01,6.188106418404E-02,8.311091676163E+00
1,0.7570,2.875497237491E+01,6.128346704927E-02,8.300112691122E+00
1,0.7580,2.870431410230E+01,6.068744668793E-02,8.289162674379E+00
1,0.7590,2.865378040250E+01,6.009299686774E-02,8.278241511436E+00
1,0.7600,2.860337380169E+01,5.950011138917E-02,8.267349088394E+00
1,0.7610,2.855309163160E+01,5.904476839808E-02,8.256485291957E+00
1,0.7620,2.850293687904E+01,5.859062053295E-02,8.245650009422E+00
1,0.7630,2.845290662767E+01,5.813766309473E-02,8.234843128676E+00
1,0.7640,2.840300248324E+01,5.768589140896E-02,8.224064538193E+00
1,0.7650,2.835322169062E+01,5.723530082564E-02,8.213314127032E+00
1,0.7660,2.830356160408E+01,5.678588671903E-02,8.202591784830E+00
1,0.7670,2.825402886805E+01,5.633764448755E-02,8.191897401799E+00
1,0.7680,2.820461431225E+01,5.589056955354E-02,8.181230868723E+00
1,0.7690,2.815532781989E+01,5.544465736318E-02,8.170592076957E+00
1,0.7700,2.810615789801E+01,5.499990338630E-02,8.159980918415E+00
1,0.7710,2.805796743942E+01,5.464586499241E-02,8.149397285577E+00
1,0.7720,2.800990295094E+01,5.429274379642E-02,8.138841071476E+00
1,0.7730,2.796195121117E+01,5.394053623872E-02,8.128312169702E+00
1,0.7740,2.791411577029E+01,5.358923877807E-02,8.117810474392E+00
1,0.7750,2.786639954347E+01,5.323884789151E-02,8.107335880232E+00
1,0.7760,2.781880295811E+01,5.288936007425E-02,8.096888282448E+00
1,0.7770,2.777131809984E+01,5.254077183952E-02,8.086467576808E+00
1,0.7780,2.772395266748E+01,5.219307971851E-02,8.076073659614E+00
1,0.7790,2.767670116564E+01,5.184628026020E-02,8.065706427702E+00
1,0.7800,2.762956566295E+01,5.150037003127E-02,8.055365778435E+00
1,0.7810,2.758254425281E+01,5.098446871980E-02,8.045051609705E+00
1,0.7820,2.753563433936E+01,5.046988684902E-02,8.034763819923E+00
1,0.7830,2.748884445983E+01,4.995661936360E-02,8.024502308020E+00
1,0.7840,2.744216208306E+01,4.944466123402E-02,8.014266973443E+00
1,0.7850,2.739559387819E+01,4.893400745635E-02,8.004057716152E+00
1,0.7860,2.734914206134E+01,4.842465305217E-02,7.993874436615E+00
1,0.7870,2.730279915799E+01,4.791659306833E-02,7.983717035806E+00
1,0.7880,2.725656941668E+01,4.740982257684E-02,7.973585415203E+00
1,0.7890,2.721044618089E+01,4.690433667467E-02,7.963479476780E+00
1,0.7900,2.716444158224E+01,4.640013048365E-02,7.953399123012E+00
1,0.7910,2.711854242868E+01,4.600570523281E-02,7.943344256864E+00
1,0.7920,2.707275358817E+01,4.561227600532E-02,7.933314781792E+00
1,0.7930,2.702707355437E+01,4.521983903314E-02,7.923310601740E+00
1,0.7940,2.698150605043E+01,4.482839056719E-02,7.913331621133E+00
1,0.7950,2.693604513447E+01,4.443792687725E-02,7.903377744880E+00
1,0.7960,2.689069142454E+01,4.404844425186E-02,7.893448878366E+00
1,0.7970,2.684544551239E+01,4.365993899817E-02,7.883544927452E+00
1,0.7980,2.680031036869E+01,4.327240744187E-02,7.873665798471E+00
1,0.7990,2.675527993637E+01,4.288584592700E-02,7.863811398222E+00
1,0.8000,2.671035733042E+01,4.250025081593E-02,7.853981633974E+00
1,0.8010,2.666636826325E+01,4.212103097087E-02,7.844176413458E+00
1,0.8020,2.662248508551E+01,4.174275681122E-02,7.834395644862E+00
1,0.8030,2.657870844653E+01,4.136542480389E-02,7.824639236836E+00
1,0.8040,2.653503057963E+01,4.098903143340E-02,7.814907098482E+00
1,0.8050,2.649145668261E+01,4.061357320171E-02,7.805199139354E+00
1,0.8060,2.644798543509E+01,4.023904662817E-02,7.795515269454E+00
1,0.8070,2.640461782265E+01,3.986544824936E-02,7.785855399231E+00
1,0.8080,2.636135184193E+01,3.949277461901E-02,7.776219439579E+00
1,0.8090,2.631818782441E+01,3.912102230790E-02,7.766607301829E+00
1,0.8100,2.627511912162E+01,3.875018790372E-02,7.757018897753E+00
1,0.8110,2.623215834549E+01,3.840637693148E-02,7.747454139556E+00
1,0.8120,2.618929256337E+01,3.806341278429E-02,7.737912939876E+00
1,0.8130,2.614652887009E+01,3.772129233734E-02,7.728395211783E+00
1,0.8140,2.610386587000E+01,3.738001248116E-02,7.718900868771E+00
1,0.8150,2.606130021810E+01,3.703957012157E-02,7.709429824760E+00
1,0.8160,2.601883356136E+01,3.669996217952E-02,7.699981994093E+00
1,0.8170,2.597646797981E+01,3.636118559107E-02,7.690557291529E+00
1,0.8180,2.593419830164E+01,3.602323730723E-02,7.681155632249E+00
1,0.8190,2.589202363013E+01,3.568611429393E-02,7.671776931843E+00
1,0.8200,2.584995266413E+01,3.534981353188E-02,7.662421106317E+00
1,0.8210,2.580797361113E+01,3.504655151729E-02,7.653088072082E+00
1,0.8220,2.576609157138E+01,3.474402736649E-02,7.643777745961E+00
1,0.8230,2.572430896753E+01,3.444223838981E-02,7.634490045176E+00
1,0.8240,2.568261951393E+01,3.414118191064E-02,7.625224887354E+00
1,0.8250,2.564102664161E+01,3.384085526536E-02,7.615982190521E+00
1,0.8260,2.559952871964E+01,3.354125580324E-02,7.606761873099E+00
1,0.8270,2.555812680691E+01,3.324238088638E-02,7.597563853905E+00
1,0.8280,2.551681849398E+01,3.294422788960E-02,7.588388052149E+00
1,0.8290,2.547560085954E+01,3.264679420042E-02,7.579234387430E+00
1,0.8300,2.543448586823E+01,3.235007721892E-02,7.570102779734E+00
1,0.8310,2.539345794499E+01,3.206201340052E-02,7.560993149434E+00
1,0.8320,2.535252112937E+01,3.177464204322E-02,7.551905417283E+00
1,0.8330,2.531168361802E+01,3.148796065316E-02,7.542839504417E+00
1,0.8340,2.527093676957E+01,3.120196674846E-02,7.533795332350E+00
1,0.8350,2.523028229569E+01,3.091665785909E-02,7.524772822970E+00
1,0.8360,2.518971542378E+01,3.063203152688E-02,7.515771898540E+00
1,0.8370,2.514924430155E+01,3.034808530538E-02,7.506792481696E+00
1,0.8380,2.510886370676E+01,3.006481675982E-02,7.497834495441E+00
1,0.8390,2.506857653089E+01,2.978222346705E-02,7.488897863146E+00
1,0.8400,2.502837593819E+01,2.950030301546E-02,7.479982508547E+00
1,0.8410,2.498906099284E+01,2.921725994369E-02,7.471088355743E+00
1,0.8420,2.494983462208E+01,2.893488918325E-02,7.462215329192E+00
1,0.8430,2.491069665985E+01,2.865318834158E-02,7.453363353712E+00
1,0.8440,2.487164320808E+01,2.837215503745E-02,7.444532354478E+00
1,0.8450,2.483268428079E+01,2.809178690090E-02,7.435722257017E+00
1,0.8460,2.479380445582E+01,2.781208157318E-02,7.426932987210E+00
1,0.8470,2.475501383884E+01,2.753303670669E-02,7.418164471286E+00
1,0.8480,2.471631184512E+01,2.725464996489E-02,7.409416635825E+00
1,0.8490,2.467769527459E+01,2.697691902224E-02,7.400689407750E+00
1,0.8500,2.463916370369E+01,2.669984156416E-02,7.391982714329E+00
1,0.8510,2.460071625007E+01,2.642193862764E-02,7.383296483172E+00
1,0.8520,2.456235664789E+01,2.614468804544E-02,7.374630642230E+00
1,0.8530,2.452408037780E+01,2.586808752323E-02,7.365985119788E+00
1,0.8540,2.448588976531E+01,2.559213477741E-02,7.357359844473E+00
1,0.8550,2.444778044325E+01,2.531682753509E-02,7.348754745239E+00
1,0.8560,2.440976229442E+01,2.504216353399E-02,7.340169751378E+00
1,0.8570,2.437182031640E+01,2.476814052239E-02,7.331604792508E+00
1,0.8580,2.433396562006E+01,2.449475625907E-02,7.323059798578E+00
1,0.8590,2.429619536373E+01,2.422200851324E-02,7.314534699860E+00
1,0.8600,2.425850438343E+01,2.394989506449E-02,7.306029426953E+00
1,0.8610,2.422167431878E+01,2.370738495207E-02,7.297543910778E+00
1,0.8620,2.418492778797E+01,2.346543750811E-02,7.289078082575E+00
1,0.8630,2.414825613004E+01,2.322405077666E-02,7.280631873904E+00
1,0.8640,2.411167231550E+01,2.298322281078E-02,7.272205216643E+00
1,0.8650,2.407516196941E+01,2.274295167258E-02,7.263798042982E+00
1,0.8660,2.403873254016E+01,2.250323543307E-02,7.255410285427E+00
1,0.8670,2.400238395543E+01,2.226407217221E-02,7.247041876793E+00
1,0.8680,2.396611534331E+01,2.202545997876E-02,7.238692750207E+00
1,0.8690,2.392992434440E+01,2.178739695032E-02,7.230362839102E+00
1,0.8700,2.389381049237E+01,2.154988119321E-02,7.222052077218E+00
1,0.8710,2.385700550954E+01,2.130742836455E-02,7.213760398599E+00
1,0.8720,2.382027995937E+01,2.106553162036E-02,7.205487737591E+00
1,0.8730,2.378363755950E+01,2.082418904969E-02,7.197234028843E+00
1,0.8740,2.374706671916E+01,2.058339875036E-02,7.188999207299E+00
1,0.8750,2.371058147462E+01,2.034315882885E-02,7.180783208205E+00
1,0.8760,2.367417271471E+01,2.010346740031E-02,7.172585967100E+00
1,0.8770,2.363784284268E+01,1.986432258848E-02,7.164407419817E+00
1,0.8780,2.360158706232E+01,1.962572252566E-02,7.156247502482E+00
1,0.8790,2.356541473324E+01,1.938766535262E-02,7.148106151513E+00
1,0.8800,2.352931764012E+01,1.915014921862E-02,7.139983303613E+00
1,0.8810,2.349405664946E+01,1.894811848788E-02,7.131878895777E+00
1,0.8820,2.345887308078E+01,1.874654587671E-02,7.123792865283E+00
1,0.8830,2.342376393326E+01,1.854542982864E-02,7.115725149694E+00
1,0.8840,2.338873180525E+01,1.834476879426E-02,7.107675686855E+00
1,0.8850,2.335377215329E+01,1.814456123114E-02,7.099644414892E+00
1,0.8860,2.331888686123E+01,1.794480560383E-02,7.091631272212E+00
1,0.8870,2.328407708225E+01,1.774550038380E-02,7.083636197497E+00
1,0.8880,2.324933801353E+01,1.754664404939E-02,7.075659129707E+00
1,0.8890,2.321467644799E+01,1.734823508582E-02,7.067700008076E+00
1,0.8900,2.318008563507E+01,1.715027198509E-02,7.059758772112E+00
1,0.8910,2.314556901498E+01,1.694824007135E-02,7.051835361593E+00
1,0.8920,2.311112572690E+01,1.674666114395E-02,7.043929716569E+00
1,0.8930,2.307675230196E+01,1.654553368113E-02,7.036041777357E+00
1,0.8940,2.304245598157E+01,1.634485616788E-02,7.028171484541E+00
1,0.8950,2.300822644724E+01,1.614462709600E-02,7.020318778972E+00
1,0.8960,2.297407409688E+01,1.594484496402E-02,7.012483601763E+00
1,0.8970,2.293999045019E+01,1.574550827714E-02,7.004665894292E+00
1,0.8980,2.290597882761E+01,1.554661554725E-02,6.996865598196E+00
1,0.8990,2.287203450884E+01,1.534816529285E-02,6.989082655372E+00
1,0.9000,2.283816802133E+01,1.515015603901E-02,6.981317007977E+00
1,0.9010,2.280436655898E+01,1.498856993134E-02,6.973568598424E+00
1,0.9020,2.277063838218E+01,1.482734210771E-02,6.965837369379E+00
1,0.9030,2.273698145532E+01,1.466647137783E-02,6.958123263765E+00
1,0.9040,2.270339480460E+01,1.450595655664E-02,6.950426224756E+00
1,0.9050,2.266987490967E+01,1.434579646434E-02,6.942746195779E+00
1,0.9060,2.263642644322E+01,1.418598992632E-02,6.935083120507E+00
1,0.9070,2.260304518419E+01,1.402653577318E-02,6.927436942866E+00
1,0.9080,2.256973573067E+01,1.386743284063E-02,6.919807607026E+00
1,0.9090,2.253649327877E+01,1.370867996955E-02,6.912195057403E+00
1,0.9100,2.250332036521E+01,1.355027600587E-02,6.904599238659E+00
1,0.9110,2.247022043127E+01,1.339373714504E-02,6.897020095697E+00
1,0.9120,2.243717905892E+01,1.323754157119E-02,6.889457573662E+00
1,0.9130,2.240421095591E+01,1.308168815631E-02,6.881911617940E+00
1,0.9140,2.237131107598E+01,1.292617577735E-02,6.874382174157E+00
1,0.9150,2.233848031569E+01,1.277100331617E-02,6.866869188174E+00
1,0.9160,2.230571621230E+01,1.261616965948E-02,6.859372606091E+00
1,0.9170,2.227301311466E+01,1.246167369888E-02,6.851892374242E+00
1,0.9180,2.224038275892E+01,1.230751433079E-02,6.844428439193E+00
1,0.9190,2.220781498495E+01,1.215369045643E-02,6.836980747747E+00
1,0.9200,2.217531858819E+01,1.200020098179E-02,6.829549246934E+00
1,0.9210,2.214361974285E+01,1.184363375069E-02,6.822133884017E+00
1,0.9220,2.211198214837E+01,1.168740614481E-02,6.814734606485E+00
1,0.9230,2.208041333150E+01,1.153151706030E-02,6.807351362058E+00
1,0.9240,2.204890638036E+01,1.137596539804E-02,6.799984098679E+00
1,0.9250,2.201746104813E+01,1.122075006371E-02,6.792632764518E+00
1,0.9260,2.198608417546E+01,1.106586996767E-02,6.785297307969E+00
1,0.9270,2.195476801518E+01,1.091132402503E-02,6.777977677648E+00
1,0.9280,2.192351476334E+01,1.075711115554E-02,6.770673822392E+00
1,0.9290,2.189232489351E+01,1.060323028361E-02,6.763385691259E+00
1,0.9300,2.186119977506E+01,1.044968033830E-02,6.756113233526E+00
1,0.9310,2.182941085485E+01,1.031846152508E-02,6.748856398689E+00
1,0.9320,2.179768669536E+01,1.018752429731E-02,6.741615136459E+00
1,0.9330,2.176602816716E+01,1.005686774955E-02,6.734389396763E+00
1,0.9340,2.173442941656E+01,9.926490980266E-03,6.727179129743E+00
1,0.9350,2.170289613557E+01,9.796393091771E-03,6.719984285754E+00
1,0.9360,2.167142804899E+01,9.666573190219E-03,6.712804815363E+00
1,0.9370,2.164002003180E+01,9.537030385574E-03,6.705640669349E+00
1,0.9380,2.160867253791E+01,9.407763791601E-03,6.698491798699E+00
1,0.9390,2.157738867509E+01,9.278772525836E-03,6.691358154611E+00
1,0.9400,2.154617235367E+01,9.150055709572E-03,6.684239688489E+00
1,0.9410,2.151573336229E+01,9.013733446944E-03,6.677136351944E+00
1,0.9420,2.148535312137E+01,8.877700615870E-03,6.670048096794E+00
1,0.9430,2.145503712985E+01,8.741956295573E-03,6.662974875058E+00
1,0.9440,2.142477730810E+01,8.606499569175E-03,6.655916638961E+00
1,0.9450,2.139458000429E+01,8.471329523680E-03,6.648873340931E+00
1,0.9460,2.136443909027E+01,8.336445249951E-03,6.641844933594E+00
1,0.9470,2.133436288649E+01,8.201845842692E-03,6.634831369778E+00
1,0.9480,2.130434171694E+01,8.067530400427E-03,6.627832602510E+00
1,0.9490,2.127438067110E+01,7.933498025480E-03,6.620848585015E+00
1,0.9500,2.124448253702E+01,7.799747823955E-03,6.613879270715E+00
1,0.9510,2.121464160719E+01,7.688742449398E-03,6.606924613228E+00
1,0.9520,2.118485563300E+01,7.577970279409E-03,6.599984566365E+00
1,0.9530,2.115513404530E+01,7.467430579872E-03,6.593059084134E+00
1,0.9540,2.112546477128E+01,7.357122619746E-03,6.586148120733E+00
1,0.9550,2.109585816081E+01,7.247045671056E-03,6.579251630555E+00
1,0.9560,2.106630738260E+01,7.137199008869E-03,6.572369568179E+00
1,0.9570,2.103681733621E+01,7.027581911284E-03,6.565501888380E+00
1,0.9580,2.100738048446E+01,6.918193659415E-03,6.558648546116E+00
1,0.9590,2.097800515499E+01,6.809033537372E-03,6.551809496538E+00
1,0.9600,2.094868463502E+01,6.700100832250E-03,6.544984694979E+00
1,0.9610,2.091942342229E+01,6.594108176361E-03,6.538174096961E+00
1,0.9620,2.089021650354E+01,6.488335879423E-03,6.531377658191E+00
1,0.9630,2.086106735754E+01,6.382783254962E-03,6.524595334558E+00
1,0.9640,2.083197599946E+01,6.277449619347E-03,6.517827082136E+00
1,0.9650,2.080294238469E+01,6.172334291786E-03,6.511072857181E+00
1,0.9660,2.077396371165E+01,6.067436594303E-03,6.504332616128E+00
1,0.9670,2.074503921617E+01,5.962755851726E-03,6.497606315594E+00
1,0.9680,2.071616873571E+01,5.858291391675E-03,6.490893912376E+00
1,0.9690,2.068735760816E+01,5.754042544545E-03,6.484195363446E+00
1,0.9700,2.065860255796E+01,5.650008643492E-03,6.477510625958E+00
1,0.9710,2.062990267449E+01,5.564216783703E-03,6.470839657240E+00
1,0.9720,2.060125599395E+01,5.478601450375E-03,6.464182414794E+00
1,0.9730,2.057266650380E+01,5.393162099232E-03,6.457538856300E+00
1,0.9740,2.054413061284E+01,5.307898188236E-03,6.450908939609E+00
1,0.9750,2.051564708813E+01,5.222809177569E-03,6.444292622748E+00
1,0.9760,2.048722294737E+01,5.137894529630E-03,6.437689863914E+00
1,0.9770,2.045884942824E+01,5.053153709015E-03,6.431100621473E+00
1,0.9780,2.043053443369E+01,4.968586182511E-03,6.424524853967E+00
1,0.9790,2.040226867486E+01,4.884191419085E-03,6.417962520102E+00
1,0.9800,2.037405735877E+01,4.799968889870E-03,6.411413578755E+00
1,0.9810,2.034590225660E+01,4.714195155978E-03,6.404877988970E+00
1,0.9820,2.031779988356E+01,4.628596114007E-03,6.398355709959E+00
1,0.9830,2.028975197220E+01,4.543171230820E-03,6.391846701098E+00
1,0.9840,2.026175667198E+01,4.457919975444E-03,6.385350921930E+00
1,0.9850,2.023381461585E+01,4.372841819064E-03,6.378868332162E+00
1,0.9860,2.020592433893E+01,4.287936235009E-03,6.372398891663E+00
1,0.9870,2.017808897987E+01,4.203202698743E-03,6.365942560466E+00
1,0.9880,2.015030431865E+01,4.118640687855E-03,6.359499298765E+00
1,0.9890,2.012256912361E+01,4.034249682044E-03,6.353069066916E+00
1,0.9900,2.009488880082E+01,3.950029163114E-03,6.346651825434E+00
1,0.9910,2.006794986273E+01,3.874347741704E-03,6.340247534995E+00
1,0.9920,2.004106025160E+01,3.798818903806E-03,6.333856156431E+00
1,0.9930,2.001422002830E+01,3.723442188441E-03,6.327477650735E+00
1,0.9940,1.998742970760E+01,3.648217136487E-03,6.321111979054E+00
1,0.9950,1.996068980443E+01,3.573143290668E-03,6.314759102693E+00
1,0.9960,1.993400128387E+01,3.498220195543E-03,6.308418983112E+00
1,0.9970,1.990736265981E+01,3.423447397500E-03,6.302091581925E+00
1,0.9980,1.988077266097E+01,3.348824444743E-03,6.295776860901E+00
1,0.9990,1.985423408591E+01,3.274350887287E-03,6.289474781962E+00
1,1.0000,1.982774631889E+01,3.200026276947E-03,6.283185307180E+00
1,1.0010,1.980062881057E+01,3.134945407595E-03,6.276908398781E+00
1,1.0020,1.977355636365E+01,3.069994440179E-03,6.270644019141E+00
1,1.0030,1.974653406926E+01,3.005172986158E-03,6.264392130787E+00
1,1.0040,1.971956592440E+01,2.940480658538E-03,6.258152696394E+00
1,1.0050,1.969264879051E+01,2.875917071870E-03,6.251925678786E+00
1,1.0060,1.966577842268E+01,2.811481842232E-03,6.245711040934E+00
1,1.0070,1.963895791503E+01,2.747174587232E-03,6.239508745958E+00
1,1.0080,1.961218907074E+01,2.682994925991E-03,6.233318757123E+00
1,1.0090,1.958546842860E+01,2.618942479143E-03,6.227141037839E+00
1,1.0100,1.955879767650E+01,2.555016868823E-03,6.220975551663E+00
1,1.0110,1.953284518092E+01,2.498513919999E-03,6.214822262294E+00
1,1.0120,1.950694576290E+01,2.442122637081E-03,6.208681133577E+00
1,1.0130,1.948109621047E+01,2.385842689371E-03,6.202552129496E+00
1,1.0140,1.945529046844E+01,2.329673747476E-03,6.196435214181E+00
1,1.0150,1.942953207655E+01,2.273615483298E-03,6.190330351901E+00
1,1.0160,1.940382339519E+01,2.217667570034E-03,6.184237507067E+00
1,1.0170,1.937815955838E+01,2.161829682165E-03,6.178156644228E+00
1,1.0180,1.935254385227E+01,2.106101495451E-03,6.172087728074E+00
1,1.0190,1.932697598387E+01,2.050482686924E-03,6.166030723434E+00
1,1.0200,1.930145245814E+01,1.994972934885E-03,6.159985595274E+00
1,1.0210,1.927597731847E+01,1.946045876722E-03,6.153952308697E+00
1,1.0220,1.925055068780E+01,1.897214566227E-03,6.147930828943E+00
1,1.0230,1.922516429444E+01,1.848478722614E-03,6.141921121388E+00
1,1.0240,1.919982758312E+01,1.799838066196E-03,6.135923151543E+00
1,1.0250,1.917453735366E+01,1.751292318375E-03,6.129936885053E+00
1,1.0260,1.914929345540E+01,1.702841201642E-03,6.123962287699E+00
1,1.0270,1.912409664966E+01,1.654484439567E-03,6.117999325394E+00
1,1.0280,1.909893803738E+01,1.606221756795E-03,6.112047964182E+00
1,1.0290,1.907383244912E+01,1.558052879044E-03,6.106108170243E+00
1,1.0300,1.904877282862E+01,1.509977533093E-03,6.100179909883E+00
1,1.0310,1.902375480385E+01,1.471648759615E-03,6.094263149544E+00
1,1.0320,1.899878122862E+01,1.433394266705E-03,6.088357855794E+00
1,1.0330,1.897385793271E+01,1.395213838642E-03,6.082463995334E+00
1,1.0340,1.894897576086E+01,1.357107260535E-03,6.076581534990E+00
1,1.0350,1.892413795044E+01,1.319074318329E-03,6.070710441719E+00
1,1.0360,1.889934604530E+01,1.281114798791E-03,6.064850682606E+00
1,1.0370,1.887459795870E+01,1.243228489512E-03,6.059002224860E+00
1,1.0380,1.884989218003E+01,1.205415178903E-03,6.053165035818E+00
1,1.0390,1.882523217871E+01,1.167674656187E-03,6.047339082945E+00
1,1.0400,1.880061664297E+01,1.130006711399E-03,6.041524333827E+00
1,1.0410,1.877604792451E+01,1.098235605911E-03,6.035720756176E+00
1,1.0420,1.875152089064E+01,1.066525481431E-03,6.029928317831E+00
1,1.0430,1.872703589368E+01,1.034876162560E-03,6.024146986749E+00
1,1.0440,1.870259729506E+01,1.003287474567E-03,6.018376731015E+00
1,1.0450,1.867820039974E+01,9.717592433936E-04,6.012617518832E+00
1,1.0460,1.865384763854E+01,9.402912956450E-04,6.006869318527E+00
1,1.0470,1.862953616282E+01,9.088834585892E-04,6.001132098548E+00
1,1.0480,1.860527397530E+01,8.775355601539E-04,5.995405827461E+00
1,1.0490,1.858105013948E+01,8.462474289223E-04,5.989690473956E+00
1,1.0500,1.855686846258E+01,8.150188941313E-04,5.983986006838E+00
1,1.0510,1.853273199920E+01,7.887944313071E-04,5.978292395033E+00
1,1.0520,1.850863614545E+01,7.626198248760E-04,5.972609607585E+00
1,1.0530,1.848458322759E+01,7.364949327972E-04,5.966937613656E+00
1,1.0540,1.846057315201E+01,7.104196135686E-04,5.961276382523E+00
1,1.0550,1.843660307521E+01,6.843937262248E-04,5.955625883583E+00
1,1.0560,1.841267736191E+01,6.584171303343E-04,5.949986086344E+00
1,1.0570,1.838879361507E+01,6.324896859971E-04,5.944356960435E+00
1,1.0580,1.836495335378E+01,6.066112538419E-04,5.938738475595E+00
1,1.0590,1.834115346737E+01,5.807816950242E-04,5.933130601680E+00
1,1.0600,1.831739534806E+01,5.550008712231E-04,5.927533308660E+00
1,1.0610,1.829367944280E+01,5.393691167034E-04,5.921946566616E+00
1,1.0620,1.827000363024E+01,5.237668005161E-04,5.916370345743E+00
1,1.0630,1.824636989935E+01,5.081938395803E-04,5.910804616350E+00
1,1.0640,1.822277677564E+01,4.926501511275E-04,5.905249348853E+00
1,1.0650,1.819922850513E+01,4.771356527000E-04,5.899704513784E+00
1,1.0660,1.817571687801E+01,4.616502621494E-04,5.894170081782E+00
1,1.0670,1.815224667312E+01,4.461938976355E-04,5.888646023598E+00
1,1.0680,1.812881998442E+01,4.307664776244E-04,5.883132310093E+00
1,1.0690,1.810543290859E+01,4.153679208874E-04,5.877628912235E+00
1,1.0700,1.808208781178E+01,3.999981464995E-04,5.872135801102E+00
1,1.0710,1.805877898297E+01,3.909226591861E-04,5.866652947880E+00
1,1.0720,1.803550928568E+01,3.818641037520E-04,5.861180323862E+00
1,1.0730,1.801228735702E+01,3.728224328574E-04,5.855717900447E+00
1,1.0740,1.798910137119E+01,3.637975993388E-04,5.850265649143E+00
1,1.0750,1.796595455205E+01,3.547895562081E-04,5.844823541562E+00
1,1.0760,1.794284672799E+01,3.457982566521E-04,5.839391549423E+00
1,1.0770,1.791978100070E+01,3.368236540311E-04,5.833969644549E+00
1,1.0780,1.789675478347E+01,3.278657018788E-04,5.828557798868E+00
1,1.0790,1.787376889535E+01,3.189243539010E-04,5.823155984411E+00
1,1.0800,1.785082226969E+01,3.099995639751E-04,5.817764173314E+00
1,1.0810,1.782854780850E+01,3.024374338983E-04,5.812382337816E+00
1,1.0820,1.780631412161E+01,2.948892818808E-04,5.807010450258E+00
1,1.0830,1.778411760471E+01,2.873550692023E-04,5.801648483084E+00
1,1.0840,1.776196205183E+01,2.798347572851E-04,5.796296408837E+00
1,1.0850,1.773983863202E+01,2.723283076941E-04,5.790954200166E+00
1,1.0860,1.771775881609E+01,2.648356821354E-04,5.785621829815E+00
1,1.0870,1.769571830189E+01,2.573568424564E-04,5.780299270634E+00
1,1.0880,1.767371032628E+01,2.498917506444E-04,5.774986495569E+00
1,1.0890,1.765173891673E+01,2.424403688265E-04,5.769683477667E+00
1,1.0900,1.762980930914E+01,2.350026592689E-04,5.764390190073E+00
1,1.0910,1.760728229538E+01,2.289527072121E-04,5.759106606031E+00
1,1.0920,1.758479771891E+01,2.229138356536E-04,5.753832698882E+00
1,1.0930,1.756234940934E+01,2.168860141802E-04,5.748568442067E+00
1,1.0940,1.753994072552E+01,2.108692124902E-04,5.743313809122E+00
1,1.0950,1.751756858655E+01,2.048634003923E-04,5.738068773680E+00
1,1.0960,1.749523351586E+01,1.988685478055E-04,5.732833309470E+00
1,1.0970,1.747293997339E+01,1.928846247586E-04,5.727607390319E+00
1,1.0980,1.745068137638E+01,1.869116013893E-04,5.722390990145E+00
1,1.0990,1.742845713101E+01,1.809494479443E-04,5.717184082966E+00
1,1.1000,1.740627185014E+01,1.749981347782E-04,5.711986642891E+00
1,1.1010,1.738475408918E+01,1.709654151404E-04,5.706798644123E+00
1,1.1020,1.736326780488E+01,1.669400144129E-04,5.701620060962E+00
1,1.1030,1.734181967936E+01,1.629219126895E-04,5.696450867797E+00
1,1.1040,1.732040700016E+01,1.589110901359E-04,5.691291039112E+00
1,1.1050,1.729903078338E+01,1.549075269896E-04,5.686140549484E+00
1,1.1060,1.727769143574E+01,1.509112035597E-04,5.680999373580E+00
1,1.1070,1.725638508252E+01,1.469221002263E-04,5.675867486160E+00
1,1.1080,1.723511618889E+01,1.429401974404E-04,5.670744862075E+00
1,1.1090,1.721388482120E+01,1.389654757236E-04,5.665631476267E+00
1,1.1100,1.719268385771E+01,1.349979156675E-04,5.660527303765E+00
1,1.1110,1.717090191570E+01,1.314695729630E-04,5.655432319694E+00
1,1.1120,1.714915189045E+01,1.279475761986E-04,5.650346499262E+00
1,1.1130,1.712744289608E+01,1.244319082694E-04,5.645269817771E+00
1,1.1140,1.710576467356E+01,1.209225521317E-04,5.640202250610E+00
1,1.1150,1.708412856680E+01,1.174194908033E-04,5.635143773255E+00
1,1.1160,1.706252500981E+01,1.139227073626E-04,5.630094361272E+00
1,1.1170,1.704095547592E+01,1.104321849486E-04,5.625053990313E+00
1,1.1180,1.701942321025E+01,1.069479067608E-04,5.620022636118E+00
1,1.1190,1.699792847075E+01,1.034698560586E-04,5.615000274513E+00
1,1.1200,1.697646504884E+01,9.999801616114E-05,5.609986881410E+00
1,1.1210,1.695565799317E+01,9.747793098372E-05,5.604982432810E+00
1,1.1220,1.693488342371E+01,9.496233793674E-05,5.599986904795E+00
1,1.1230,1.691414199459E+01,9.245122501986E-05,5.595000273535E+00
1,1.1240,1.689343403774E+01,8.994458027543E-05,5.590022515284E+00
1,1.1250,1.687276118847E+01,8.744239178832E-05,5.585053606382E+00
1,1.1260,1.685212307219E+01,8.494464768573E-05,5.580093523250E+00
1,1.1270,1.683151778077E+01,8.245133613701E-05,5.575142242395E+00
1,1.1280,1.681094843048E+01,7.996244535344E-05,5.570199740407E+00
1,1.1290,1.679041176352E+01,7.747796358810E-05,5.565265993959E+00
1,1.1300,1.676991020647E+01,7.499787913561E-05,5.560340979805E+00
1,1.1310,1.674882606762E+01,7.247818136859E-05,5.555424674783E+00
1,1.1320,1.672778076013E+01,6.996293536442E-05,5.550517055812E+00
1,1.1330,1.670676641891E+01,6.745212933554E-05,5.545618099894E+00
1,1.1340,1.668579181767E+01,6.494575153599E-05,5.540727784109E+00
1,1.1350,1.666484569097E+01,6.244379026119E-05,5.535846085621E+00
1,1.1360,1.664393617099E+01,5.994623384780E-05,5.530972981672E+00
1,1.1370,1.662306004537E+01,5.745307067347E-05,5.526108449586E+00
1,1.1380,1.660221933736E+01,5.496428915675E-05,5.521252466766E+00
1,1.1390,1.658140931808E+01,5.247987775683E-05,5.516405010693E+00
1,1.1400,1.656063442094E+01,4.999982497339E-05,5.511566058929E+00
1,1.1410,1.654050093854E+01,4.838724508270E-05,5.506735589114E+00
1,1.1420,1.652039896779E+01,4.677748932491E-05,5.501913578966E+00
1,1.1430,1.650032903383E+01,4.517055028761E-05,5.497100006281E+00
1,1.1440,1.648029248847E+01,4.356642058429E-05,5.492294848933E+00
1,1.1450,1.646028741935E+01,4.196509285426E-05,5.487498084873E+00
1,1.1460,1.644031686748E+01,4.036655976249E-05,5.482709692129E+00
1,1.1470,1.642037607991E+01,3.877081399957E-05,5.477929648805E+00
1,1.1480,1.640047023762E+01,3.717784828153E-05,5.473157933083E+00
1,1.1490,1.638059258010E+01,3.558765534977E-05,5.468394523220E+00
1,1.1500,1.636075104256E+01,3.400022797094E-05,5.463639397547E+00
1,1.1510,1.634093980593E+01,3.269003205344E-05,5.458892534474E+00
1,1.1520,1.632115844993E+01,3.138211078164E-05,5.454153912482E+00
1,1.1530,1.630140950425E+01,3.007645823711E-05,5.449423510130E+00
1,1.1540,1.628169195503E+01,2.877306852194E-05,5.444701306048E+00
1,1.1550,1.626200634267E+01,2.747193575866E-05,5.439987278943E+00
1,1.1560,1.624235607806E+01,2.617305409013E-05,5.435281407595E+00
1,1.1570,1.622273356122E+01,2.487641767945E-05,5.430583670855E+00
1,1.1580,1.620313837729E+01,2.358202070990E-05,5.425894047651E+00
1,1.1590,1.618358100024E+01,2.228985738481E-05,5.421212516980E+00
1,1.1600,1.616405103502E+01,2.099992192753E-05,5.416539057913E+00
1,1.1610,1.614455217326E+01,1.999216480518E-05,5.411873649595E+00
1,1.1620,1.612508760669E+01,1.898614220455E-05,5.407216271239E+00
1,1.1630,1.610565221833E+01,1.798184965139E-05,5.402566902132E+00
1,1.1640,1.608624452216E+01,1.697928268680E-05,5.397925521632E+00
1,1.1650,1.606687339702E+01,1.597843686722E-05,5.393292109167E+00
1,1.1660,1.604752979228E+01,1.497930776431E-05,5.388666644236E+00
1,1.1670,1.602821566440E+01,1.398189096492E-05,5.384049106409E+00
1,1.1680,1.600893355131E+01,1.298618207101E-05,5.379439475325E+00
1,1.1690,1.598968193261E+01,1.199217669959E-05,5.374837730693E+00
1,1.1700,1.597046184027E+01,1.099987048265E-05,5.370243852290E+00
1,1.1710,1.595126946539E+01,1.021892751207E-05,5.365657819965E+00
1,1.1720,1.593210895072E+01,9.439317208681E-06,5.361079613634E+00
1,1.1730,1.591297693661E+01,8.661036164121E-06,5.356509213282E+00
1,1.1740,1.589387949682E+01,7.884080981646E-06,5.351946598960E+00
1,1.1750,1.587480816410E+01,7.108448276079E-06,5.347391750791E+00
1,1.1760,1.585576712638E+01,6.334134673751E-06,5.342844648962E+00
1,1.1770,1.583675800553E+01,5.561136812465E-06,5.338305273729E+00
1,1.1780,1.581777318503E+01,4.789451341435E-06,5.333773605416E+00
1,1.1790,1.579882254153E+01,4.019074921247E-06,5.329249624410E+00
1,1.1800,1.577990214329E+01,3.250004223805E-06,5.324733311169E+00
1,1.1810,1.576100844300E+01,3.103898861971E-06,5.320224646215E+00
1,1.1820,1.574214679685E+01,2.958040717332E-06,5.315723610135E+00
1,1.1830,1.572331344816E+01,2.812429162962E-06,5.311230183584E+00
1,1.1840,1.570451067368E+01,2.667063574056E-06,5.306744347280E+00
1,1.1850,1.568573580333E+01,2.521943327916E-06,5.302266082008E+00
1,1.1860,1.566698739620E+01,2.377067803945E-06,5.297795368617E+00
1,1.1870,1.564827297880E+01,2.232436383636E-06,5.293332188020E+00
1,1.1880,1.562958485942E+01,2.088048450568E-06,5.288876521195E+00
1,1.1890,1.561092848686E+01,1.943903390389E-06,5.284428349184E+00
1,1.1900,1.559229564282E+01,1.800000590816E-06,5.279987653092E+00
1,1.1910,1.557369581784E+01,1.729469176907E-06,5.275554414089E+00
1,1.1920,1.555512508947E+01,1.659056104298E-06,5.271128613406E+00
1,1.1930,1.553657835067E+01,1.588761075397E-06,5.266710232338E+00
1,1.1940,1.551806750166E+01,1.518583793614E-06,5.262299252244E+00
1,1.1950,1.549958133984E+01,1.448523963348E-06,5.257895654544E+00
1,1.1960,1.548112369012E+01,1.378581289990E-06,5.253499420719E+00
1,1.1970,1.546269208880E+01,1.308755479911E-06,5.249110532314E+00
1,1.1980,1.544429116886E+01,1.239046240467E-06,5.244728970935E+00
1,1.1990,1.542592215477E+01,1.169453279988E-06,5.240354718248E+00
1,0.3000,1.034616882761E+02,8.867668863533E+01,2.094395102393E+01
1,0.3010,1.034177590264E+02,8.705447177761E+01,2.087436979129E+01
1,0.3020,1.033740717400E+02,8.544299807790E+01,2.080524936152E+01
1,0.3030,1.033306755919E+02,8.384216116828E+01,2.073658517221E+01
1,0.3040,1.032875687618E+02,8.225185608043E+01,2.066837272099E+01
1,0.3050,1.032447446397E+02,8.067197922267E+01,2.060060756452E+01
1,0.3060,1.032021998909E+02,7.910242835745E+01,2.053328531758E+01
1,0.3070,1.031599339323E+02,7.754310257929E+01,2.046640165205E+01
1,0.3080,1.031179421619E+02,7.599390229320E+01,2.039995229604E+01
1,0.3090,1.030762244670E+02,7.445472919343E+01,2.033393303294E+01
1,0.3100,1.030347773640E+02,7.292548624268E+01,2.026833970058E+01
1,0.3110,1.026801967957E+02,7.209500568704E+01,2.020316819029E+01
1,0.3120,1.023278520699E+02,7.126984872471E+01,2.013841444609E+01
1,0.3130,1.019777413026E+02,7.044996433082E+01,2.007407446383E+01
1,0.3140,1.016298396669E+02,6.963530213053E+01,2.001014429038E+01
1,0.3150,1.012841393282E+02,6.882581238864E+01,1.994662002279E+01
1,0.3160,1.009406024890E+02,6.802144599956E+01,1.988349780753E+01
1,0.3170,1.005992170794E+02,6.722215447729E+01,1.982077383968E+01
1,0.3180,1.002599686914E+02,6.642788994572E+01,1.975844436220E+01
1,0.3190,9.992282671116E+01,6.563860512908E+01,1.969650566514E+01
1,0.3200,9.958777699363E+01,6.485425334254E+01,1.963495408494E+01
1,0.3210,9.943626132583E+01,6.425486731426E+01,1.957378600367E+01
1,0.3220,9.928566277342E+01,6.365920418057E+01,1.951299784838E+01
1,0.3230,9.913600702751E+01,6.306722936349E+01,1.945258609034E+01
1,0.3240,9.898727942923E+01,6.247890871195E+01,1.939254724438E+01
1,0.3250,9.883947037214E+01,6.189420849519E+01,1.933287786824E+01
1,0.3260,9.869257226712E+01,6.131309539632E+01,1.927357456190E+01
1,0.3270,9.854657588721E+01,6.073553650601E+01,1.921463396691E+01
1,0.3280,9.840147600227E+01,6.016149931624E+01,1.915605276579E+01
1,0.3290,9.825726115304E+01,5.959095171426E+01,1.909782768140E+01
1,0.3300,9.811392791808E+01,5.902386197654E+01,1.903995547630E+01
1,0.3310,9.801547507595E+01,5.861205822652E+01,1.898243295220E+01
1,0.3320,9.791763065425E+01,5.820273522199E+01,1.892525694934E+01
1,0.3330,9.782038810504E+01,5.779587061388E+01,1.886842434588E+01
1,0.3340,9.772372126980E+01,5.739144232079E+01,1.881193205742E+01
1,0.3350,9.762763450376E+01,5.698942852497E+01,1.875577703636E+01
1,0.3360,9.753211649436E+01,5.658980766841E+01,1.869995627137E+01
1,0.3370,9.743716230938E+01,5.619255844899E+01,1.864446678688E+01
1,0.3380,9.734276938486E+01,5.579765981666E+01,1.858930564254E+01
1,0.3390,9.724893470026E+01,5.540509096977E+01,1.853446993268E+01
1,0.3400,9.715564882769E+01,5.501483135139E+01,1.847995678582E+01
1,0.3410,9.722452620315E+01,5.478163705799E+01,1.842576336416E+01
1,0.3420,9.729300606023E+01,5.454980647391E+01,1.837188686310E+01
1,0.3430,9.736108166627E+01,5.431932767166E+01,1.831832451073E+01
1,0.3440,9.742876354532E+01,5.409018886245E+01,1.826507356738E+01
1,0.3450,9.749605067357E+01,5.386237839416E+01,1.821213132516E+01
1,0.3460,9.756294807961E+01,5.363588474938E+01,1.815949510746E+01
1,0.3470,9.762946021690E+01,5.341069654348E+01,1.810716226853E+01
1,0.3480,9.769559242350E+01,5.318680252267E+01,1.805513019304E+01
1,0.3490,9.776134263360E+01,5.296419156215E+01,1.800339629564E+01
1,0.3500,9.782671927379E+01,5.274285266427E+01,1.795195802051E+01
1,0.3510,9.850344541278E+01,5.264271040272E+01,1.790081284097E+01
1,0.3520,9.917625126680E+01,5.254313713129E+01,1.784995825903E+01
1,0.3530,9.984518475735E+01,5.244412801437E+01,1.779939180504E+01
1,0.3540,1.005102682893E+02,5.234567827100E+01,1.774911103723E+01
1,0.3550,1.011715397704E+02,5.224778317407E+01,1.769911354135E+01
1,0.3560,1.018290360403E+02,5.215043804959E+01,1.764939693028E+01
1,0.3570,1.024827883967E+02,5.205363827595E+01,1.759995884364E+01
1,0.3580,1.031328283572E+02,5.195737928317E+01,1.755079694743E+01
1,0.3590,1.037791906628E+02,5.186165655219E+01,1.750190893365E+01
1,0.3600,1.044219053394E+02,5.176646561415E+01,1.745329251994E+01
1,0.3610,1.056446645464E+02,5.023937503926E+01,1.740494544925E+01
1,0.3620,1.068604726015E+02,4.872072142888E+01,1.735686548945E+01
1,0.3630,1.080694014610E+02,4.721043505601E+01,1.730905043300E+01
1,0.3640,1.092715131462E+02,4.570844695992E+01,1.726149809665E+01
1,0.3650,1.104668727728E+02,4.421468893559E+01,1.721420632104E+01
1,0.3660,1.116555406051E+02,4.272909352342E+01,1.716717297044E+01
1,0.3670,1.128375758626E+02,4.125159399904E+01,1.712039593237E+01
1,0.3680,1.140130408687E+02,3.978212436339E+01,1.707387311734E+01
1,0.3690,1.151819930749E+02,3.832061933281E+01,1.702760245848E+01
1,0.3700,1.163444872868E+02,3.686701432942E+01,1.698158191130E+01
1,0.3710,1.155587856176E+02,3.469300566511E+01,1.693580945331E+01
1,0.3720,1.147772444132E+02,3.253068521943E+01,1.689028308382E+01
1,0.3730,1.139998347127E+02,3.037995898525E+01,1.684500082354E+01
1,0.3740,1.132265171726E+02,2.824073396088E+01,1.679996071438E+01
1,0.3750,1.124572616257E+02,2.611291813664E+01,1.675516081915E+01
1,0.3760,1.116920353491E+02,2.399642048168E+01,1.671059922122E+01
1,0.3770,1.109308028888E+02,2.189115093098E+01,1.666627402435E+01
1,0.3780,1.101735324610E+02,1.979702037262E+01,1.662218335233E+01
1,0.3790,1.094201960157E+02,1.771394063515E+01,1.657832534876E+01
1,0.3800,1.086707577387E+02,1.564182447524E+01,1.653469817679E+01
1,0.3810,1.074237923028E+02,1.477455568688E+01,1.649130001884E+01
1,0.3820,1.061831651678E+02,1.391182757281E+01,1.644812907639E+01
1,0.3830,1.049488253694E+02,1.305360456638E+01,1.640518356966E+01
1,0.3840,1.037207108196E+02,1.219985147144E+01,1.636246173745E+01
1,0.3850,1.024987731532E+02,1.135053345752E+01,1.631996183683E+01
1,0.3860,1.012829551709E+02,1.050561605506E+01,1.627768214295E+01
1,0.3870,1.000732043109E+02,9.665065150811E+00,1.623562094878E+01
1,0.3880,9.886946878123E+01,8.828846983181E+00,1.619377656490E+01
1,0.3890,9.767169396396E+01,7.996928137750E+00,1.615214731923E+01
1,0.3900,9.647983303305E+01,7.169275542807E+00,1.611073155687E+01
1,0.3910,9.553855069733E+01,6.911503837898E+00,1.606952763985E+01
1,0.3920,9.460191551640E+01,6.655047294747E+00,1.602853394689E+01
1,0.3930,9.366989307157E+01,6.399895873954E+00,1.598774887323E+01
1,0.3940,9.274244186131E+01,6.146039638038E+00,1.594717083041E+01
1,0.3950,9.181952765852E+01,5.893468750152E+00,1.590679824602E+01
1,0.3960,9.090110333170E+01,5.642173472811E+00,1.586662956358E+01
1,0.3970,8.998714274601E+01,5.392144166640E+00,1.582666324227E+01
1,0.3980,8.907760007383E+01,5.143371289143E+00,1.578689775673E+01
1,0.3990,8.817244271592E+01,4.895845393489E+00,1.574733159694E+01
1,0.4000,8.727162928360E+01,4.649557127313E+00,1.570796326795E+01
1,0.4010,8.660151418362E+01,4.529847561859E+00,1.566879128972E+01
1,0.4020,8.593462778552E+01,4.410733566383E+00,1.562981419696E+01
1,0.4030,8.527094361675E+01,4.292210707361E+00,1.559103053891E+01
1,0.4040,8.461044248177E+01,4.174274595166E+00,1.555243887916E+01
1,0.4050,8.395309617582E+01,4.056920883525E+00,1.551403779551E+01
1,0.4060,8.329887665351E+01,3.940145268985E+00,1.547582587975E+01
1,0.4070,8.264776323354E+01,3.823943490389E+00,1.543780173754E+01
1,0.4080,8.199972905594E+01,3.708311328355E+00,1.539996398819E+01
1,0.4090,8.135474953174E+01,3.593244604766E+00,1.536231126450E+01
1,0.4100,8.071280643300E+01,3.478739182268E+00,1.532484221263E+01
1,0.4110,8.018525695826E+01,3.392308563657E+00,1.528755549192E+01
1,0.4120,7.966019340253E+01,3.306297511157E+00,1.525044977471E+01
1,0.4130,7.913759109121E+01,3.220702977070E+00,1.521352374620E+01
1,0.4140,7.861742958178E+01,3.135521943148E+00,1.517677610430E+01
1,0.4150,7.809969407516E+01,3.050751420233E+00,1.514020555947E+01
1,0.4160,7.758436262598E+01,2.966388447909E+00,1.510381083457E+01
1,0.4170,7.707141600461E+01,2.882430094157E+00,1.506759066470E+01
1,0.4180,7.656084444987E+01,2.798873455016E+00,1.503154379708E+01
1,0.4190,7.605262187608E+01,2.715715654249E+00,1.499566899088E+01
1,0.4200,7.554673606638E+01,2.632953843009E+00,1.495996501709E+01
1,0.4210,7.510518624321E+01,2.569986959374E+00,1.492443065838E+01
1,0.4220,7.466566412145E+01,2.507318496988E+00,1.488906470896E+01
1,0.4230,7.422814702546E+01,2.444946339389E+00,1.485386597442E+01
1,0.4240,7.379263027496E+01,2.382868390081E+00,1.481883327165E+01
1,0.4250,7.335909144877E+01,2.321082572299E+00,1.478396542866E+01
1,0.4260,7.292751473673E+01,2.259586828779E+00,1.474926128446E+01
1,0.4270,7.249789243591E+01,2.198379121528E+00,1.471471968895E+01
1,0.4280,7.207020516814E+01,2.137457431601E+00,1.468033950276E+01
1,0.4290,7.164444253788E+01,2.076819758877E+00,1.464611959716E+01
1,0.4300,7.122058376898E+01,2.016464121839E+00,1.461205885391E+01
1,0.4310,7.084746798324E+01,1.966593266679E+00,1.457815616515E+01
1,0.4320,7.047601584464E+01,1.916953295107E+00,1.454441043329E+01
1,0.4330,7.010622661679E+01,1.867542607469E+00,1.451082057085E+01
1,0.4340,6.973807896155E+01,1.818359618852E+00,1.447738550041E+01
1,0.4350,6.937157023711E+01,1.769402758918E+00,1.444410415444E+01
1,0.4360,6.900667772615E+01,1.720670471737E+00,1.441097547518E+01
1,0.4370,6.864340177714E+01,1.672161215618E+00,1.437799841460E+01
1,0.4380,6.828172529618E+01,1.623873462951E+00,1.434517193420E+01
1,0.4390,6.792162940274E+01,1.575805700047E+00,1.431249500496E+01
1,0.4400,6.756311442435E+01,1.527956426973E+00,1.427996660723E+01
1,0.4410,6.722934822622E+01,1.495002020225E+00,1.424758573057E+01
1,0.4420,6.689703851479E+01,1.462196728440E+00,1.421535137371E+01
1,0.4430,6.656617027744E+01,1.429539541810E+00,1.418326254442E+01
1,0.4440,6.623674398141E+01,1.397029459624E+00,1.415131825941E+01
1,0.4450,6.590874428857E+01,1.364665490167E+00,1.411951754422E+01
1,0.4460,6.558215646602E+01,1.332446650618E+00,1.408785943314E+01
1,0.4470,6.525697516769E+01,1.300371966950E+00,1.405634296908E+01
1,0.4480,6.493319347797E+01,1.268440473834E+00,1.402496720353E+01
1,0.4490,6.461079633079E+01,1.236651214541E+00,1.399373119639E+01
1,0.4500,6.428977470448E+01,1.205003240845E+00,1.396263401595E+01
1,0.4510,6.399425291417E+01,1.181543941427E+00,1.393167473876E+01
1,0.4520,6.369998255883E+01,1.158188444218E+00,1.390085244951E+01
1,0.4530,6.340696483804E+01,1.134936061787E+00,1.387016624101E+01
1,0.4540,6.311518846132E+01,1.111786112760E+00,1.383961521405E+01
1,0.4550,6.282465105101E+01,1.088737921749E+00,1.380919847732E+01
1,0.4560,6.253532912636E+01,1.065790819296E+00,1.377891514732E+01
1,0.4570,6.224723337486E+01,1.042944141799E+00,1.374876434831E+01
1,0.4580,6.196034030772E+01,1.020197231453E+00,1.371874521218E+01
1,0.4590,6.167464752648E+01,9.975494361844E-01,1.368885687839E+01
1,0.4600,6.139015371628E+01,9.750001095908E-01,1.365909849387E+01
1,0.4610,6.112630484916E+01,9.602165502576E-01,1.362946921297E+01
1,0.4620,6.086355469291E+01,9.454969890167E-01,1.359996819736E+01
1,0.4630,6.060189773106E+01,9.308410111938E-01,1.357059461594E+01
1,0.4640,6.034132679436E+01,9.162482056890E-01,1.354134764478E+01
1,0.4650,6.008182768466E+01,9.017181649391E-01,1.351222646705E+01
1,0.4660,5.982340193941E+01,8.872504848791E-01,1.348323027292E+01
1,0.4670,5.956603773813E+01,8.728447649050E-01,1.345435825949E+01
1,0.4680,5.930972648859E+01,8.585006078367E-01,1.342560963073E+01
1,0.4690,5.905446252342E+01,8.442176198818E-01,1.339698359740E+01
1,0.4700,5.880024185197E+01,8.299954105990E-01,1.336847937698E+01
1,0.4710,5.856341186095E+01,8.187857561508E-01,1.334009619359E+01
1,0.4720,5.832754706482E+01,8.076236002383E-01,1.331183327792E+01
1,0.4730,5.809264267479E+01,7.965086416024E-01,1.328368986719E+01
1,0.4740,5.785868992177E+01,7.854405815261E-01,1.325566520502E+01
1,0.4750,5.762567641034E+01,7.744191238081E-01,1.322775854143E+01
1,0.4760,5.739360735683E+01,7.634439747359E-01,1.319996913273E+01
1,0.4770,5.716246862389E+01,7.525148430602E-01,1.317229624147E+01
1,0.4780,5.693225338528E+01,7.416314399690E-01,1.314473913636E+01
1,0.4790,5.670296133502E+01,7.307934790619E-01,1.311729709223E+01
1,0.4800,5.647457980493E+01,7.200006763252E-01,1.308996938996E+01
1,0.4810,5.625914774714E+01,7.108320372249E-01,1.306275531638E+01
1,0.4820,5.604457157638E+01,7.017014422703E-01,1.303565416427E+01
1,0.4830,5.583084721779E+01,6.926086551623E-01,1.300866523226E+01
1,0.4840,5.561796802489E+01,6.835534415547E-01,1.298178782475E+01
1,0.4850,5.540592781592E+01,6.745355690342E-01,1.295502125192E+01
1,0.4860,5.519472044543E+01,6.655548071001E-01,1.292836482959E+01
1,0.4870,5.498434963803E+01,6.566109271453E-01,1.290181787922E+01
1,0.4880,5.477479690269E+01,6.477037024362E-01,1.287537972783E+01
1,0.4890,5.456606792180E+01,6.388329080940E-01,1.284904970793E+01
1,0.4900,5.435815016732E+01,6.299983210756E-01,1.282282715751E+01
1,0.4910,5.416810459700E+01,6.223603818808E-01,1.279671141992E+01
1,0.4920,5.397880034464E+01,6.147534912194E-01,1.277070184386E+01
1,0.4930,5.379022673615E+01,6.071774601550E-01,1.274479778333E+01
1,0.4940,5.360239029142E+01,5.996321012811E-01,1.271899859753E+01
1,0.4950,5.341527583297E+01,5.921172287057E-01,1.269330365087E+01
1,0.4960,5.322888823718E+01,5.846326580358E-01,1.266771231286E+01
1,0.4970,5.304321721729E+01,5.771782063626E-01,1.264222395811E+01
1,0.4980,5.285825428149E+01,5.697536922463E-01,1.261683796622E+01
1,0.4990,5.267400283177E+01,5.623589357017E-01,1.259155372180E+01
1,0.5000,5.249045566864E+01,5.549937581832E-01,1.256637061436E+01
1,0.5010,5.231147536541E+01,5.478686762100E-01,1.254128803828E+01
1,0.5020,5.213317715416E+01,5.407719810176E-01,1.251630539279E+01
1,0.5030,5.195555373483E+01,5.337035033011E-01,1.249142208187E+01
1,0.5040,5.177860565143E+01,5.266630750993E-01,1.246663751425E+01
1,0.5050,5.160232487942E+01,5.196505297815E-01,1.244195110333E+01
1,0.5060,5.142671032850E+01,5.126657020341E-01,1.241736226715E+01
1,0.5070,5.125175575720E+01,5.057084278479E-01,1.239287042836E+01
1,0.5080,5.107745724577E+01,4.987785445049E-01,1.236847501413E+01
1,0.5090,5.090381192309E+01,4.918758905661E-01,1.234417545615E+01
1,0.5100,5.073081665480E+01,4.850003058583E-01,1.231997119055E+01
1,0.5110,5.056479581595E+01,4.804214475246E-01,1.229586165789E+01
1,0.5120,5.039939154657E+01,4.758604753562E-01,1.227184630309E+01
1,0.5130,5.023460250193E+01,4.713172847558E-01,1.224792457540E+01
1,0.5140,5.007042145725E+01,4.667917719397E-01,1.222409592836E+01
1,0.5150,4.990685044776E+01,4.622838339308E-01,1.220035981977E+01
1,0.5160,4.974388561376E+01,4.577933685497E-01,1.217671571159E+01
1,0.5170,4.958152155655E+01,4.533202744081E-01,1.215316306998E+01
1,0.5180,4.941974831485E+01,4.488644509002E-01,1.212970136521E+01
1,0.5190,4.925857370841E+01,4.444257981958E-01,1.210633007164E+01
1,0.5200,4.909798701168E+01,4.400042172326E-01,1.208304866765E+01
1,0.5210,4.894544925436E+01,4.351714847982E-01,1.205985663566E+01
1,0.5220,4.879346687107E+01,4.303572685800E-01,1.203675346203E+01
1,0.5230,4.864203747737E+01,4.255614623665E-01,1.201373863705E+01
1,0.5240,4.849115525338E+01,4.207839607569E-01,1.199081165492E+01
1,0.5250,4.834082672640E+01,4.160246591534E-01,1.196797201368E+01
1,0.5260,4.819103683897E+01,4.112834537537E-01,1.194521921517E+01
1,0.5270,4.804179164745E+01,4.065602415434E-01,1.192255276505E+01
1,0.5280,4.789308096307E+01,4.018549202884E-01,1.189997217269E+01
1,0.5290,4.774490556560E+01,3.971673885278E-01,1.187747695119E+01
1,0.5300,4.759725858137E+01,3.924975455662E-01,1.185506661732E+01
1,0.5310,4.745380926749E+01,3.884298288572E-01,1.183274069149E+01
1,0.5320,4.731087431924E+01,3.843774043163E-01,1.181049869771E+01
1,0.5330,4.716844755648E+01,3.803401858712E-01,1.178834016356E+01
1,0.5340,4.702652509480E+01,3.763180880945E-01,1.176626462019E+01
1,0.5350,4.688511260184E+01,3.723110261973E-01,1.174427160220E+01
1,0.5360,4.674419723503E+01,3.683189160236E-01,1.172236064772E+01
1,0.5370,4.660377766691E+01,3.643416740442E-01,1.170053129829E+01
1,0.5380,4.646385560859E+01,3.603792173510E-01,1.167878309885E+01
1,0.5390,4.632442709797E+01,3.564314636510E-01,1.165711559774E+01
1,0.5400,4.618548386232E+01,3.524983312611E-01,1.163552834663E+01
1,0.5410,4.605183689087E+01,3.491441805176E-01,1.161402090052E+01
1,0.5420,4.591865986178E+01,3.458024067141E-01,1.159259281767E+01
1,0.5430,4.578594816979E+01,3.424729414697E-01,1.157124365963E+01
1,0.5440,4.565369646536E+01,3.391557169064E-01,1.154997299114E+01
1,0.5450,4.552190602245E+01,3.358506656442E-01,1.152878038015E+01
1,0.5460,4.539057297469E+01,3.325577207969E-01,1.150766539776E+01
1,0.5470,4.525969713777E+01,3.292768159674E-01,1.148662761824E+01
1,0.5480,4.512927094486E+01,3.260078852430E-01,1.146566661894E+01
1,0.5490,4.499929393715E+01,3.227508631916E-01,1.144478198029E+01
1,0.5500,4.486976343015E+01,3.195056848567E-01,1.142397328578E+01
1,0.5510,4.474422813345E+01,3.164057036630E-01,1.140324012192E+01
1,0.5520,4.461911890124E+01,3.133169542852E-01,1.138258207822E+01
1,0.5530,4.449444035944E+01,3.102393757912E-01,1.136199874716E+01
1,0.5540,4.437018754410E+01,3.071729076889E-01,1.134148972415E+01
1,0.5550,4.424636232799E+01,3.041174899221E-01,1.132105460753E+01
1,0.5560,4.412295061986E+01,3.010730628667E-01,1.130069299852E+01
1,0.5570,4.399996276524E+01,2.980395673267E-01,1.128040450122E+01
1,0.5580,4.387739352427E+01,2.950169445307E-01,1.126018872254E+01
1,0.5590,4.375523551902E+01,2.920051361274E-01,1.124004527224E+01
1,0.5600,4.363349102089E+01,2.890040841827E-01,1.121997376282E+01
1,0.5610,4.351448025164E+01,2.866666896486E-01,1.119997380959E+01
1,0.5620,4.339587325005E+01,2.843376132444E-01,1.118004503057E+01
1,0.5630,4.327765995617E+01,2.820168106464E-01,1.116018704650E+01
1,0.5640,4.315984806532E+01,2.797042378447E-01,1.114039948081E+01
1,0.5650,4.304242304200E+01,2.773998511415E-01,1.112068195961E+01
1,0.5660,4.292539371258E+01,2.751036071475E-01,1.110103411162E+01
1,0.5670,4.280875410990E+01,2.728154627795E-01,1.108145556822E+01
1,0.5680,4.269249842953E+01,2.705353752579E-01,1.106194596334E+01
1,0.5690,4.257663134114E+01,2.682633021037E-01,1.104250493353E+01
1,0.5700,4.246114484970E+01,2.659992011361E-01,1.102313211786E+01
1,0.5710,4.234947746625E+01,2.637650381238E-01,1.100382715793E+01
1,0.5720,4.223817749154E+01,2.615386868703E-01,1.098458969787E+01
1,0.5730,4.212724111031E+01,2.593201064764E-01,1.096541938426E+01
1,0.5740,4.201667522533E+01,2.571092563277E-01,1.094631586617E+01
1,0.5750,4.190646440026E+01,2.549060960926E-01,1.092727879509E+01
1,0.5760,4.179661904292E+01,2.527105857194E-01,1.090830782496E+01
1,0.5770,4.168713068782E+01,2.505226854341E-01,1.088940261210E+01
1,0.5780,4.157799649497E+01,2.483423557381E-01,1.087056281519E+01
1,0.5790,4.146922189276E+01,2.461695574055E-01,1.085178809530E+01
1,0.5800,4.136079464692E+01,2.440042514809E-01,1.083307811583E+01
1,0.5810,4.125497761711E+01,2.420237559709E-01,1.081443254248E+01
1,0.5820,4.114950272785E+01,2.400500662874E-01,1.079585104326E+01
1,0.5830,4.104436868168E+01,2.380831474090E-01,1.077733328847E+01
1,0.5840,4.093957046010E+01,2.361229645541E-01,1.075887895065E+01
1,0.5850,4.083511145426E+01,2.341694831791E-01,1.074048770458E+01
1,0.5860,4.073098558247E+01,2.322226689760E-01,1.072215922727E+01
1,0.5870,4.062719724546E+01,2.302824878708E-01,1.070389319792E+01
1,0.5880,4.052373944971E+01,2.283489060209E-01,1.068568929792E+01
1,0.5890,4.042060795848E+01,2.264218898141E-01,1.066754721083E+01
1,0.5900,4.031780687831E+01,2.245014058655E-01,1.064946662234E+01
1,0.5910,4.021755282851E+01,2.229021118543E-01,1.063144722027E+01
1,0.5920,4.011761527037E+01,2.213082208635E-01,1.061348869456E+01
1,0.5930,4.001799598681E+01,2.197197055589E-01,1.059559073723E+01
1,0.5940,3.991869241706E+01,2.181365387908E-01,1.057775304239E+01
1,0.5950,3.981970291493E+01,2.165586935916E-01,1.055997530618E+01
1,0.5960,3.972102203597E+01,2.149861431749E-01,1.054225722681E+01
1,0.5970,3.962265173944E+01,2.134188609339E-01,1.052459850449E+01
1,0.5980,3.952459134858E+01,2.118568204394E-01,1.050699884144E+01
1,0.5990,3.942683815978E+01,2.102999954392E-01,1.048945794187E+01
1,0.6000,3.932938946774E+01,2.087483598555E-01,1.047197551197E+01
1,0.6010,3.923333400365E+01,2.068453875867E-01,1.045455125987E+01
1,0.6020,3.913758632576E+01,2.049487374849E-01,1.043718489565E+01
1,0.6030,3.904212958685E+01,2.030583780965E-01,1.041987613131E+01
1,0.6040,3.894696839772E+01,2.011742781763E-01,1.040262468076E+01
1,0.6050,3.885210712784E+01,1.992964066856E-01,1.038543025980E+01
1,0.6060,3.875753110558E+01,1.974247327905E-01,1.036829258610E+01
1,0.6070,3.866325231151E+01,1.955592258606E-01,1.035121137921E+01
1,0.6080,3.856925883438E+01,1.936998554665E-01,1.033418636049E+01
1,0.6090,3.847555764134E+01,1.918465913792E-01,1.031721725317E+01
1,0.6100,3.838214391195E+01,1.899994035676E-01,1.030030378226E+01
1,0.6110,3.829116841669E+01,1.885788551254E-01,1.028344567460E+01
1,0.6120,3.820047262842E+01,1.871629489983E-01,1.026664265879E+01
1,0.6130,3.811005822626E+01,1.857516624670E-01,1.024989446522E+01
1,0.6140,3.801991108139E+01,1.843449729604E-01,1.023320082603E+01
1,0.6150,3.793004285760E+01,1.829428580537E-01,1.021656147509E+01
1,0.6160,3.784044452362E+01,1.815452954681E-01,1.019997614802E+01
1,0.6170,3.775112176125E+01,1.801522630692E-01,1.018344458214E+01
1,0.6180,3.766206207670E+01,1.787637388658E-01,1.016696651647E+01
1,0.6190,3.757327309352E+01,1.773797010088E-01,1.015054169173E+01
1,0.6200,3.748475184595E+01,1.760001277900E-01,1.013416985029E+01
1,0.6210,3.739755822107E+01,1.747828361126E-01,1.011785073620E+01
1,0.6220,3.731062589838E+01,1.735694585564E-01,1.010158409514E+01
1,0.6230,3.722395314816E+01,1.723599762732E-01,1.008536967445E+01
1,0.6240,3.713754237470E+01,1.711543705359E-01,1.006920722304E+01
1,0.6250,3.705138795508E+01,1.699526227368E-01,1.005309649149E+01
1,0.6260,3.696548575616E+01,1.687547143877E-01,1.003703723192E+01
1,0.6270,3.687983993194E+01,1.675606271177E-01,1.002102919805E+01
1,0.6280,3.679445117467E+01,1.663703426735E-01,1.000507214519E+01
1,0.6290,3.670931307589E+01,1.651838429175E-01,9.989165830174E+00
1,0.6300,3.662442648311E+01,1.640011098274E-01,9.973310011396E+00
1,0.6310,3.654083571985E+01,1.627335037055E-01,9.957504448779E+00
1,0.6320,3.645749261483E+01,1.614699089954E-01,9.941748903765E+00
1,0.6330,3.637439880884E+01,1.602103066856E-01,9.926043139304E+00
1,0.6340,3.629154466049E+01,1.589546778847E-01,9.910386919842E+00
1,0.6350,3.620893285084E+01,1.577030038202E-01,9.894780011306E+00
1,0.6360,3.612655884461E+01,1.564552658376E-01,9.879222181100E+00
1,0.6370,3.604442667184E+01,1.552114453998E-01,9.863713198084E+00
1,0.6380,3.596253966989E+01,1.539715240855E-01,9.848252832570E+00
1,0.6390,3.588088425283E+01,1.527354835892E-01,9.832840856306E+00
1,0.6400,3.579946512544E+01,1.515033057194E-01,9.817477042468E+00
1,0.6410,3.571932104085E+01,1.502857547756E-01,9.802161165647E+00
1,0.6420,3.563939951677E+01,1.490719968254E-01,9.786893001837E+00
1,0.6430,3.555971484868E+01,1.478620141721E-01,9.771672328429E+00
1,0.6440,3.548026102712E+01,1.466557892289E-01,9.756498924192E+00
1,0.6450,3.540103214214E+01,1.454533045181E-01,9.741372569271E+00
1,0.6460,3.532202999354E+01,1.442545426701E-01,9.726293045170E+00
1,0.6470,3.524325625959E+01,1.430594864230E-01,9.711260134744E+00
1,0.6480,3.516470359696E+01,1.418681186210E-01,9.696273622191E+00
1,0.6490,3.508638011317E+01,1.406804222144E-01,9.681333293035E+00
1,0.6500,3.500827636943E+01,1.394963802583E-01,9.666438934122E+00
1,0.6510,3.493141432200E+01,1.383816067262E-01,9.651590333609E+00
1,0.6520,3.485476955400E+01,1.372702527448E-01,9.636787280950E+00
1,0.6530,3.477834318152E+01,1.361623026040E-01,9.622029566891E+00
1,0.6540,3.470213740695E+01,1.350577406900E-01,9.607316983455E+00
1,0.6550,3.462614055938E+01,1.339565514841E-01,9.592649323938E+00
1,0.6560,3.455035803337E+01,1.328587195624E-01,9.578026382896E+00
1,0.6570,3.447479189971E+01,1.317642295948E-01,9.563447956133E+00
1,0.6580,3.439943255351E+01,1.306730663444E-01,9.548913840698E+00
1,0.6590,3.432428991606E+01,1.295852146669E-01,9.534423834870E+00
1,0.6600,3.424935395161E+01,1.285006595096E-01,9.519977738151E+00
1,0.6610,3.417563324015E+01,1.275885851522E-01,9.505575351255E+00
1,0.6620,3.410212135903E+01,1.266792663065E-01,9.491216476102E+00
1,0.6630,3.402881360708E+01,1.257726905041E-01,9.476900915806E+00
1,0.6640,3.395570958611E+01,1.248688453517E-01,9.462628474668E+00
1,0.6650,3.388280417665E+01,1.239677185306E-01,9.448398958165E+00
1,0.6660,3.381010262176E+01,1.230692977960E-01,9.434212172942E+00
1,0.6670,3.373760194376E+01,1.221735709767E-01,9.420067926806E+00
1,0.6680,3.366529774087E+01,1.212805259742E-01,9.405966028712E+00
1,0.6690,3.359319805855E+01,1.203901507625E-01,9.391906288759E+00
1,0.6700,3.352129256865E+01,1.195024333871E-01,9.377888518178E+00
1,0.6710,3.344958648130E+01,1.185396414913E-01,9.363912529329E+00
1,0.6720,3.337807501288E+01,1.175797150475E-01,9.349978135684E+00
1,0.6730,3.330675568684E+01,1.166226412826E-01,9.336085151827E+00
1,0.6740,3.323563711562E+01,1.156684074991E-01,9.322233393442E+00
1,0.6750,3.316470626832E+01,1.147170010751E-01,9.308422677303E+00
1,0.6760,3.309397076452E+01,1.137684094629E-01,9.294652821272E+00
1,0.6770,3.302342630337E+01,1.128226201894E-01,9.280923644283E+00
1,0.6780,3.295307222684E+01,1.118796208547E-01,9.267234966342E+00
1,0.6790,3.288290726599E+01,1.109393991321E-01,9.253586608512E+00
1,0.6800,3.281293132130E+01,1.100019427676E-01,9.239978392911E+00
1,0.6810,3.274412557242E+01,1.091908734748E-01,9.226410142701E+00
1,0.6820,3.267550928804E+01,1.083821826843E-01,9.212881682082E+00
1,0.6830,3.260707293943E+01,1.075758599489E-01,9.199392836281E+00
1,0.6840,3.253882172317E+01,1.067718948823E-01,9.185943431549E+00
1,0.6850,3.247074927785E+01,1.059702771589E-01,9.172533295153E+00
1,0.6860,3.240286248729E+01,1.051709965134E-01,9.159162255364E+00
1,0.6870,3.233515187875E+01,1.043740427403E-01,9.145830141455E+00
1,0.6880,3.226762514796E+01,1.035794056933E-01,9.132536783691E+00
1,0.6890,3.220027445516E+01,1.027870752850E-01,9.119282013323E+00
1,0.6900,3.213310586797E+01,1.019970414865E-01,9.106065662579E+00
1,0.6910,3.206805593498E+01,1.012374822786E-01,9.092887564659E+00
1,0.6920,3.200317498004E+01,1.004801183286E-01,9.079747553728E+00
1,0.6930,3.193846902085E+01,9.972494013304E-02,9.066645464906E+00
1,0.6940,3.187392875276E+01,9.897193824355E-02,9.053581134265E+00
1,0.6950,3.180956329082E+01,9.822110326597E-02,9.040554398820E+00
1,0.6960,3.174536342999E+01,9.747242586017E-02,9.027565096522E+00
1,0.6970,3.168133477214E+01,9.672589673961E-02,9.014613066255E+00
1,0.6980,3.161746592876E+01,9.598150667096E-02,9.001698147822E+00
1,0.6990,3.155377281020E+01,9.523924647376E-02,8.988820181945E+00
1,0.7000,3.149024262868E+01,9.449910701998E-02,8.975979010257E+00
1,0.7010,3.142591728615E+01,9.394213535809E-02,8.963174475292E+00
1,0.7020,3.136176234457E+01,9.338675051004E-02,8.950406420484E+00
1,0.7030,3.129776696055E+01,9.283294570424E-02,8.937674690156E+00
1,0.7040,3.123394295827E+01,9.228071420755E-02,8.924979129516E+00
1,0.7050,3.117027625621E+01,9.173004932503E-02,8.912319584652E+00
1,0.7060,3.110678248094E+01,9.118094439968E-02,8.899695902521E+00
1,0.7070,3.104344562671E+01,9.063339281218E-02,8.887107930947E+00
1,0.7080,3.098027079367E+01,9.008738798057E-02,8.874555518615E+00
1,0.7090,3.091726020571E+01,8.954292336005E-02,8.862038515063E+00
1,0.7100,3.085440892043E+01,8.899999244268E-02,8.849556770675E+00
1,0.7110,3.079361743090E+01,8.849367208440E-02,8.837110136680E+00
1,0.7120,3.073298075042E+01,8.798877397431E-02,8.824698465140E+00
1,0.7130,3.067249753209E+01,8.748529212820E-02,8.812321608948E+00
1,0.7140,3.061216764891E+01,8.698322059539E-02,8.799979421820E+00
1,0.7150,3.055199120613E+01,8.648255345848E-02,8.787671758293E+00
1,0.7160,3.049196355169E+01,8.598328483312E-02,8.775398473715E+00
1,0.7170,3.043209256811E+01,8.548540886780E-02,8.763159424239E+00
1,0.7180,3.037237086467E+01,8.498891974362E-02,8.750954466824E+00
1,0.7190,3.031280219624E+01,8.449381167402E-02,8.738783459221E+00
1,0.7200,3.025338262939E+01,8.400007890461E-02,8.726646259972E+00
1,0.7210,3.019410983167E+01,8.329133361698E-02,8.714542728404E+00
1,0.7220,3.013498674432E+01,8.258455161270E-02,8.702472724625E+00
1,0.7230,3.007601380827E+01,8.187972474535E-02,8.690436109515E+00
1,0.7240,3.001718672025E+01,8.117684491356E-02,8.678432744723E+00
1,0.7250,2.995850588785E+01,8.047590406061E-02,8.666462492661E+00
1,0.7260,2.989997196571E+01,7.977689417419E-02,8.654525216501E+00
1,0.7270,2.984158007102E+01,7.907980728609E-02,8.642620780164E+00
1,0.7280,2.978333563306E+01,7.838463547186E-02,8.630749048324E+00
1,0.7290,2.972523808837E+01,7.769137085053E-02,8.618909886392E+00
1,0.7300,2.966728091706E+01,7.700000558433E-02,8.607103160520E+00
1,0.7310,2.961039532811E+01,7.639261726781E-02,8.595328737592E+00
1,0.7320,2.955364555441E+01,7.578688848221E-02,8.583586485218E+00
1,0.7330,2.949704109997E+01,7.518281243545E-02,8.571876271732E+00
1,0.7340,2.944057351653E+01,7.458038237247E-02,8.560197966185E+00
1,0.7350,2.938424438495E+01,7.397959157496E-02,8.548551438340E+00
1,0.7360,2.932805143968E+01,7.338043336115E-02,8.536936558668E+00
1,0.7370,2.927199921731E+01,7.278290108550E-02,8.525353198344E+00
1,0.7380,2.921608576380E+01,7.218698813851E-02,8.513801229241E+00
1,0.7390,2.916030336424E+01,7.159268794645E-02,8.502280523924E+00
1,0.7400,2.910465856650E+01,7.099999397113E-02,8.490790955648E+00
1,0.7410,2.904914803691E+01,7.044332579918E-02,8.479332398353E+00
1,0.7420,2.899377239011E+01,6.988815808052E-02,8.467904726657E+00
1,0.7430,2.893852987975E+01,6.933448475680E-02,8.456507815854E+00
1,0.7440,2.888342175034E+01,6.878229980222E-02,8.445141541908E+00
1,0.7450,2.882844916030E+01,6.823159722337E-02,8.433805781449E+00
1,0.7460,2.877360588940E+01,6.768237105893E-02,8.422500411769E+00
1,0.7470,2.871889324206E+01,6.713461537954E-02,8.411225310816E+00
1,0.7480,2.866431574637E+01,6.658832428753E-02,8.399980357192E+00
1,0.7490,2.860986162027E+01,6.604349191673E-02,8.388765430146E+00
1,0.7500,2.855554440537E+01,6.550011243224E-02,8.377580409573E+00
1,0.7510,2.850226185998E+01,6.489292191390E-02,8.366425176005E+00
1,0.7520,2.844910549026E+01,6.428734626396E-02,8.355299610611E+00
1,0.7530,2.839607647970E+01,6.368337904869E-02,8.344203595192E+00
1,0.7540,2.834317343603E+01,6.308101386846E-02,8.333137012175E+00
1,0.7550,2.829039811922E+01,6.248024435759E-02,8.322099744609E+00
1,0.7560,2.823774092369E+01,6.188106418404E-02,8.311091676163E+00
1,0.7570,2.818521572571E+01,6.128346704927E-02,8.300112691122E+00
1,0.7580,2.813281342429E+01,6.068744668793E-02,8.289162674379E+00
1,0.7590,2.808053331213E+01,6.009299686774E-02,8.278241511436E+00
1,0.7600,2.802837529926E+01,5.950011138917E-02,8.267349088394E+00
1,0.7610,2.797633936008E+01,5.904476839808E-02,8.256485291957E+00
1,0.7620,2.792442793680E+01,5.859062053295E-02,8.245650009422E+00
1,0.7630,2.787263446066E+01,5.813766309473E-02,8.234843128676E+00
1,0.7640,2.782096543545E+01,5.768589140896E-02,8.224064538193E+00
1,0.7650,2.776941606090E+01,5.723530082564E-02,8.213314127032E+00
1,0.7660,2.771798592151E+01,5.678588671903E-02,8.202591784830E+00
1,0.7670,2.766667318404E+01,5.633764448755E-02,8.191897401799E+00
1,0.7680,2.761548427003E+01,5.589056955354E-02,8.181230868723E+00
1,0.7690,2.756441141455E+01,5.544465736318E-02,8.170592076957E+00
1,0.7700,2.751345532554E+01,5.499990338630E-02,8.159980918415E+00
1,0.7710,2.746350771281E+01,5.464586499241E-02,8.149397285577E+00
1,0.7720,2.741367369039E+01,5.429274379642E-02,8.138841071476E+00
1,0.7730,2.736395110341E+01,5.394053623872E-02,8.128312169702E+00
1,0.7740,2.731434852699E+01,5.358923877807E-02,8.117810474392E+00
1,0.7750,2.726485482352E+01,5.323884789151E-02,8.107335880232E+00
1,0.7760,2.721547874164E+01,5.288936007425E-02,8.096888282448E+00
1,0.7770,2.716621437481E+01,5.254077183952E-02,8.086467576808E+00
1,0.7780,2.711706251455E+01,5.219307971851E-02,8.076073659614E+00
1,0.7790,2.706802199268E+01,5.184628026020E-02,8.065706427702E+00
1,0.7800,2.701909264637E+01,5.150037003127E-02,8.055365778435E+00
1,0.7810,2.697027473658E+01,5.098446871980E-02,8.045051609705E+00
1,0.7820,2.692156878787E+01,5.046988684902E-02,8.034763819923E+00
1,0.7830,2.687297341895E+01,4.995661936360E-02,8.024502308020E+00
1,0.7840,2.682448826523E+01,4.944466123402E-02,8.014266973443E+00
1,0.7850,2.677611080042E+01,4.893400745635E-02,8.004057716152E+00
1,0.7860,2.672783844753E+01,4.842465305217E-02,7.993874436615E+00
1,0.7870,2.667968264681E+01,4.791659306833E-02,7.983717035806E+00
1,0.7880,2.663162952050E+01,4.740982257684E-02,7.973585415203E+00
1,0.7890,2.658368521162E+01,4.690433667467E-02,7.963479476780E+00
1,0.7900,2.653584765889E+01,4.640013048365E-02,7.953399123012E+00
1,0.7910,2.648812000870E+01,4.600570523281E-02,7.943344256864E+00
1,0.7920,2.644049642656E+01,4.561227600532E-02,7.933314781792E+00
1,0.7930,2.639297762218E+01,4.521983903314E-02,7.923310601740E+00
1,0.7940,2.634556433076E+01,4.482839056719E-02,7.913331621133E+00
1,0.7950,2.629825736435E+01,4.443792687725E-02,7.903377744880E+00
1,0.7960,2.625105672282E+01,4.404844425186E-02,7.893448878366E+00
1,0.7970,2.620396175831E+01,4.365993899817E-02,7.883544927452E+00
1,0.7980,2.615696611284E+01,4.327240744187E-02,7.873665798471E+00
1,0.7990,2.611007496189E+01,4.288584592700E-02,7.863811398222E+00
1,0.8000,2.606328784642E+01,4.250025081593E-02,7.853981633974E+00
1,0.8010,2.601746578499E+01,4.212103097087E-02,7.844176413458E+00
1,0.8020,2.597174518282E+01,4.174275681122E-02,7.834395644862E+00
1,0.8030,2.592612087092E+01,4.136542480389E-02,7.824639236836E+00
1,0.8040,2.588060055268E+01,4.098903143340E-02,7.814907098482E+00
1,0.8050,2.583517806170E+01,4.061357320171E-02,7.805199139354E+00
1,0.8060,2.578985752032E+01,4.023904662817E-02,7.795515269454E+00
1,0.8070,2.574463101083E+01,3.986544824936E-02,7.785855399231E+00
1,0.8080,2.569950129669E+01,3.949277461901E-02,7.776219439579E+00
1,0.8090,2.565447158973E+01,3.912102230790E-02,7.766607301829E+00
1,0.8100,2.560954324015E+01,3.875018790372E-02,7.757018897753E+00
1,0.8110,2.556470757868E+01,3.840637693148E-02,7.747454139556E+00
1,0.8120,2.551997194041E+01,3.806341278429E-02,7.737912939876E+00
1,0.8130,2.547533250380E+01,3.772129233734E-02,7.728395211783E+00
1,0.8140,2.543078790941E+01,3.738001248116E-02,7.718900868771E+00
1,0.8150,2.538633649468E+01,3.703957012157E-02,7.709429824760E+00
1,0.8160,2.534198312298E+01,3.669996217952E-02,7.699981994093E+00
1,0.8170,2.529772607266E+01,3.636118559107E-02,7.690557291529E+00
1,0.8180,2.525355906916E+01,3.602323730723E-02,7.681155632249E+00
1,0.8190,2.520949344964E+01,3.568611429393E-02,7.671776931843E+00
1,0.8200,2.516551701901E+01,3.534981353188E-02,7.662421106317E+00
1,0.8210,2.512163369660E+01,3.504655151729E-02,7.653088072082E+00
1,0.8220,2.507784140441E+01,3.474402736649E-02,7.643777745961E+00
1,0.8230,2.503414754922E+01,3.444223838981E-02,7.634490045176E+00
1,0.8240,2.499054349311E+01,3.414118191064E-02,7.625224887354E+00
1,0.8250,2.494702808948E+01,3.384085526536E-02,7.615982190521E+00
1,0.8260,2.490361109538E+01,3.354125580324E-02,7.606761873099E+00
1,0.8270,2.486027888048E+01,3.324238088638E-02,7.597563853905E+00
1,0.8280,2.481704438086E+01,3.294422788960E-02,7.588388052149E+00
1,0.8290,2.477389386683E+01,3.264679420042E-02,7.579234387430E+00
1,0.8300,2.473083822115E+01,3.235007721892E-02,7.570102779734E+00
1,0.8310,2.468786952331E+01,3.206201340052E-02,7.560993149434E+00
1,0.8320,2.464498984788E+01,3.177464204322E-02,7.551905417283E+00
1,0.8330,2.460220093252E+01,3.148796065316E-02,7.542839504417E+00
1,0.8340,2.455950149648E+01,3.120196674846E-02,7.533795332350E+00
1,0.8350,2.451689340980E+01,3.091665785909E-02,7.524772822970E+00
1,0.8360,2.447436927307E+01,3.063203152688E-02,7.515771898540E+00
1,0.8370,2.443193742028E+01,3.034808530538E-02,7.506792481696E+00
1,0.8380,2.438958770842E+01,3.006481675982E-02,7.497834495441E+00
1,0.8390,2.434733094213E+01,2.978222346705E-02,7.488897863146E+00
1,0.8400,2.430516030173E+01,2.950030301546E-02,7.479982508547E+00
1,0.8410,2.426390441272E+01,2.921725994369E-02,7.471088355743E+00
1,0.8420,2.422273308189E+01,2.893488918325E-02,7.462215329192E+00
1,0.8430,2.418164604340E+01,2.865318834158E-02,7.453363353712E+00
1,0.8440,2.414064212249E+01,2.837215503745E-02,7.444532354478E+00
1,0.8450,2.409972351715E+01,2.809178690090E-02,7.435722257017E+00
1,0.8460,2.405889010498E+01,2.781208157318E-02,7.426932987210E+00
1,0.8470,2.401813860360E+01,2.753303670669E-02,7.418164471286E+00
1,0.8480,2.397747201984E+01,2.725464996489E-02,7.409416635825E+00
1,0.8490,2.393688864818E+01,2.697691902224E-02,7.400689407750E+00
1,0.8500,2.389638168310E+01,2.669984156416E-02,7.391982714329E+00
1,0.8510,2.385595988954E+01,2.642193862764E-02,7.383296483172E+00
1,0.8520,2.381561855373E+01,2.614468804544E-02,7.374630642230E+00
1,0.8530,2.377536328911E+01,2.586808752323E-02,7.365985119788E+00
1,0.8540,2.373518466895E+01,2.559213477741E-02,7.357359844473E+00
1,0.8550,2.369509125437E+01,2.531682753509E-02,7.348754745239E+00
1,0.8560,2.365507393184E+01,2.504216353399E-02,7.340169751378E+00
1,0.8570,2.361513848219E+01,2.476814052239E-02,7.331604792508E+00
1,0.8580,2.357528504434E+01,2.449475625907E-02,7.323059798578E+00
1,0.8590,2.353550722054E+01,2.422200851324E-02,7.314534699860E+00
1,0.8600,2.349581311768E+01,2.394989506449E-02,7.306029426953E+00
1,0.8610,2.345700981457E+01,2.370738495207E-02,7.297543910778E+00
1,0.8620,2.341828631584E+01,2.346543750811E-02,7.289078082575E+00
1,0.8630,2.337963831660E+01,2.322405077666E-02,7.280631873904E+00
1,0.8640,2.334107286981E+01,2.298322281078E-02,7.272205216643E+00
1,0.8650,2.330257459916E+01,2.274295167258E-02,7.263798042982E+00
1,0.8660,2.326415940983E+01,2.250323543307E-02,7.255410285427E+00
1,0.8670,2.322581874070E+01,2.226407217221E-02,7.247041876793E+00
1,0.8680,2.318755300275E+01,2.202545997876E-02,7.238692750207E+00
1,0.8690,2.314936033133E+01,2.178739695032E-02,7.230362839102E+00
1,0.8700,2.311124397414E+01,2.154988119321E-02,7.222052077218E+00
1,0.8710,2.307239834144E+01,2.130742836455E-02,7.213760398599E+00
1,0.8720,2.303362630646E+01,2.106553162036E-02,7.205487737591E+00
1,0.8730,2.299492841099E+01,2.082418904969E-02,7.197234028843E+00
1,0.8740,2.295630485156E+01,2.058339875036E-02,7.188999207299E+00
1,0.8750,2.291775847088E+01,2.034315882885E-02,7.180783208205E+00
1,0.8760,2.287928731663E+01,2.010346740031E-02,7.172585967100E+00
1,0.8770,2.284089253238E+01,1.986432258848E-02,7.164407419817E+00
1,0.8780,2.280257043665E+01,1.962572252566E-02,7.156247502482E+00
1,0.8790,2.276431977730E+01,1.938766535262E-02,7.148106151513E+00
1,0.8800,2.272614353487E+01,1.915014921862E-02,7.139983303613E+00
1,0.8810,2.268884529983E+01,1.894811848788E-02,7.131878895777E+00
1,0.8820,2.265161914747E+01,1.874654587671E-02,7.123792865283E+00
1,0.8830,2.261446339046E+01,1.854542982864E-02,7.115725149694E+00
1,0.8840,2.257738044231E+01,1.834476879426E-02,7.107675686855E+00
1,0.8850,2.254036569952E+01,1.814456123114E-02,7.099644414892E+00
1,0.8860,2.250342356791E+01,1.794480560383E-02,7.091631272212E+00
1,0.8870,2.246655005601E+01,1.774550038380E-02,7.083636197497E+00
1,0.8880,2.242974893909E+01,1.754664404939E-02,7.075659129707E+00
1,0.8890,2.239301994426E+01,1.734823508582E-02,7.067700008076E+00
1,0.8900,2.235635582443E+01,1.715027198509E-02,7.059758772112E+00
1,0.8910,2.231976439095E+01,1.694824007135E-02,7.051835361593E+00
1,0.8920,2.228324492788E+01,1.674666114395E-02,7.043929716569E+00
1,0.8930,2.224678997529E+01,1.654553368113E-02,7.036041777357E+00
1,0.8940,2.221040999756E+01,1.634485616788E-02,7.028171484541E+00
1,0.8950,2.217409078646E+01,1.614462709600E-02,7.020318778972E+00
1,0.8960,2.213784894520E+01,1.594484496402E-02,7.012483601763E+00
1,0.8970,2.210166794737E+01,1.574550827714E-02,7.004665894292E+00
1,0.8980,2.206555863799E+01,1.554661554725E-02,6.996865598196E+00
1,0.8990,2.202951245173E+01,1.534816529285E-02,6.989082655372E+00
1,0.9000,2.199353973753E+01,1.515015603901E-02,6.981317007977E+00
1,0.9010,2.195763172427E+01,1.498856993134E-02,6.973568598424E+00
1,0.9020,2.192178991961E+01,1.482734210771E-02,6.965837369379E+00
1,0.9030,2.188601714819E+01,1.466647137783E-02,6.958123263765E+00
1,0.9040,2.185030756472E+01,1.450595655664E-02,6.950426224756E+00
1,0.9050,2.181466708924E+01,1.434579646434E-02,6.942746195779E+00
1,0.9060,2.177909217858E+01,1.418598992632E-02,6.935083120507E+00
1,0.9070,2.174357946359E+01,1.402653577318E-02,6.927436942866E+00
1,0.9080,2.170813481637E+01,1.386743284063E-02,6.919807607026E+00
1,0.9090,2.167275648661E+01,1.370867996955E-02,6.912195057403E+00
1,0.9100,2.163744617552E+01,1.355027600587E-02,6.904599238659E+00
1,0.9110,2.160219380340E+01,1.339373714504E-02,6.897020095697E+00
1,0.9120,2.156701027996E+01,1.323754157119E-02,6.889457573662E+00
1,0.9130,2.153189351199E+01,1.308168815631E-02,6.881911617940E+00
1,0.9140,2.149683518586E+01,1.292617577735E-02,6.874382174157E+00
1,0.9150,2.146184206350E+01,1.277100331617E-02,6.866869188174E+00
1,0.9160,2.142691607579E+01,1.261616965948E-02,6.859372606091E+00
1,0.9170,2.139205085821E+01,1.246167369888E-02,6.851892374242E+00
1,0.9180,2.135725102953E+01,1.230751433079E-02,6.844428439193E+00
1,0.9190,2.132251354404E+01,1.215369045643E-02,6.836980747747E+00
1,0.9200,2.128783874657E+01,1.200020098179E-02,6.829549246934E+00
1,0.9210,2.125400632811E+01,1.184363375069E-02,6.822133884017E+00
1,0.9220,2.122023371802E+01,1.168740614481E-02,6.814734606485E+00
1,0.9230,2.118651931382E+01,1.153151706030E-02,6.807351362058E+00
1,0.9240,2.115286816484E+01,1.137596539804E-02,6.799984098679E+00
1,0.9250,2.111927431694E+01,1.122075006371E-02,6.792632764518E+00
1,0.9260,2.108574679751E+01,1.106586996767E-02,6.785297307969E+00
1,0.9270,2.105227550925E+01,1.091132402503E-02,6.777977677648E+00
1,0.9280,2.101886154270E+01,1.075711115554E-02,6.770673822392E+00
1,0.9290,2.098550998259E+01,1.060323028361E-02,6.763385691259E+00
1,0.9300,2.095222149263E+01,1.044968033830E-02,6.756113233526E+00
1,0.9310,2.091821645133E+01,1.031846152508E-02,6.748856398689E+00
1,0.9320,2.088427635599E+01,1.018752429731E-02,6.741615136459E+00
1,0.9330,2.085039580863E+01,1.005686774955E-02,6.734389396763E+00
1,0.9340,2.081657279549E+01,9.926490980266E-03,6.727179129743E+00
1,0.9350,2.078280784880E+01,9.796393091771E-03,6.719984285754E+00
1,0.9360,2.074910693729E+01,9.666573190219E-03,6.712804815363E+00
1,0.9370,2.071546160822E+01,9.537030385574E-03,6.705640669349E+00
1,0.9380,2.068187790226E+01,9.407763791601E-03,6.698491798699E+00
1,0.9390,2.064835040819E+01,9.278772525836E-03,6.691358154611E+00
1,0.9400,2.061488312893E+01,9.150055709572E-03,6.684239688489E+00
1,0.9410,2.058224052209E+01,9.013733446944E-03,6.677136351944E+00
1,0.9420,2.054965518349E+01,8.877700615870E-03,6.670048096794E+00
1,0.9430,2.051712564333E+01,8.741956295573E-03,6.662974875058E+00
1,0.9440,2.048465271696E+01,8.606499569175E-03,6.655916638961E+00
1,0.9450,2.045223441040E+01,8.471329523680E-03,6.648873340931E+00
1,0.9460,2.041987747452E+01,8.336445249951E-03,6.641844933594E+00
1,0.9470,2.038757289440E+01,8.201845842692E-03,6.634831369778E+00
1,0.9480,2.035532914426E+01,8.067530400427E-03,6.627832602510E+00
1,0.9490,2.032313716336E+01,7.933498025480E-03,6.620848585015E+00
1,0.9500,2.029099985383E+01,7.799747823955E-03,6.613879270715E+00
1,0.9510,2.025892215877E+01,7.688742449398E-03,6.606924613228E+00
1,0.9520,2.022689593493E+01,7.577970279409E-03,6.599984566365E+00
1,0.9530,2.019492369495E+01,7.467430579872E-03,6.593059084134E+00
1,0.9540,2.016300965289E+01,7.357122619746E-03,6.586148120733E+00
1,0.9550,2.013115113209E+01,7.247045671056E-03,6.579251630555E+00
1,0.9560,2.009934345597E+01,7.137199008869E-03,6.572369568179E+00
1,0.9570,2.006759099342E+01,7.027581911284E-03,6.565501888380E+00
1,0.9580,2.003589389111E+01,6.918193659415E-03,6.558648546116E+00
1,0.9590,2.000425514669E+01,6.809033537372E-03,6.551809496538E+00
1,0.9600,1.997266118822E+01,6.700100832250E-03,6.544984694979E+00
1,0.9610,1.994112843827E+01,6.594108176361E-03,6.538174096961E+00
1,0.9620,1.990964613995E+01,6.488335879423E-03,6.531377658191E+00
1,0.9630,1.987821501767E+01,6.382783254962E-03,6.524595334558E+00
1,0.9640,1.984684044202E+01,6.277449619347E-03,6.517827082136E+00
1,0.9650,1.981551724109E+01,6.172334291786E-03,6.511072857181E+00
1,0.9660,1.978424854070E+01,6.067436594303E-03,6.504332616128E+00
1,0.9670,1.975302910589E+01,5.962755851726E-03,6.497606315594E+00
1,0.9680,1.972186220525E+01,5.858291391675E-03,6.490893912376E+00
1,0.9690,1.969075071271E+01,5.754042544545E-03,6.484195363446E+00
1,0.9700,1.965968735179E+01,5.650008643492E-03,6.477510625958E+00
1,0.9710,1.962868118692E+01,5.564216783703E-03,6.470839657240E+00
1,0.9720,1.959772019537E+01,5.478601450375E-03,6.464182414794E+00
1,0.9730,1.956681658546E+01,5.393162099232E-03,6.457538856300E+00
1,0.9740,1.953595870193E+01,5.307898188236E-03,6.450908939609E+00
1,0.9750,1.950515639065E+01,5.222809177569E-03,6.444292622748E+00
1,0.9760,1.947440545669E+01,5.137894529630E-03,6.437689863914E+00
1,0.9770,1.944370290868E+01,5.053153709015E-03,6.431100621473E+00
1,0.9780,1.941304917967E+01,4.968586182511E-03,6.424524853967E+00
1,0.9790,1.938244850714E+01,4.884191419085E-03,6.417962520102E+00
1,0.9800,1.935189842277E+01,4.799968889870E-03,6.411413578755E+00
1,0.9810,1.932139738607E+01,4.714195155978E-03,6.404877988970E+00
1,0.9820,1.929094813112E+01,4.628596114007E-03,6.398355709959E+00
1,0.9830,1.926054715604E+01,4.543171230820E-03,6.391846701098E+00
1,0.9840,1.923019802895E+01,4.457919975444E-03,6.385350921930E+00
1,0.9850,1.919989672109E+01,4.372841819064E-03,6.378868332162E+00
1,0.9860,1.916964338094E+01,4.287936235009E-03,6.372398891663E+00
1,0.9870,1.913944077445E+01,4.203202698743E-03,6.365942560466E+00
1,0.9880,1.910928417480E+01,4.118640687855E-03,6.359499298765E+00
1,0.9890,1.907918382744E+01,4.034249682044E-03,6.353069066916E+00
1,0.9900,1.904912493504E+01,3.950029163114E-03,6.346651825434E+00
1,0.9910,1.901985990525E+01,3.874347741704E-03,6.340247534995E+00
1,0.9920,1.899063467775E+01,3.798818903806E-03,6.333856156431E+00
1,0.9930,1.896146069648E+01,3.723442188441E-03,6.327477650735E+00
1,0.9940,1.893233269305E+01,3.648217136487E-03,6.321111979054E+00
1,0.9950,1.890325708759E+01,3.573143290668E-03,6.314759102693E+00
1,0.9960,1.887422218371E+01,3.498220195543E-03,6.308418983112E+00
1,0.9970,1.884523625935E+01,3.423447397500E-03,6.302091581925E+00
1,0.9980,1.881629647143E+01,3.348824444743E-03,6.295776860901E+00
1,0.9990,1.878740263817E+01,3.274350887287E-03,6.289474781962E+00
1,1.0000,1.875855196182E+01,3.200026276947E-03,6.283185307180E+00
1,1.0010,1.872901561632E+01,3.134945407595E-03,6.276908398781E+00
1,1.0020,1.869952723852E+01,3.069994440179E-03,6.270644019141E+00
1,1.0030,1.867008328081E+01,3.005172986158E-03,6.264392130787E+00
1,1.0040,1.864068740098E+01,2.940480658538E-03,6.258152696394E+00
1,1.0050,1.861134071109E+01,2.875917071870E-03,6.251925678786E+00
1,1.0060,1.858203420603E+01,2.811481842232E-03,6.245711040934E+00
1,1.0070,1.855277644732E+01,2.747174587232E-03,6.239508745958E+00
1,1.0080,1.852356623617E+01,2.682994925991E-03,6.233318757123E+00
1,1.0090,1.849439709699E+01,2.618942479143E-03,6.227141037839E+00
1,1.0100,1.846527741228E+01,2.555016868823E-03,6.220975551663E+00
1,1.0110,1.843693231491E+01,2.498513919999E-03,6.214822262294E+00
1,1.0120,1.840863318840E+01,2.442122637081E-03,6.208681133577E+00
1,1.0130,1.838037439303E+01,2.385842689371E-03,6.202552129496E+00
1,1.0140,1.835216295447E+01,2.329673747476E-03,6.196435214181E+00
1,1.0150,1.832399672496E+01,2.273615483298E-03,6.190330351901E+00
1,1.0160,1.829587188339E+01,2.217667570034E-03,6.184237507067E+00
1,1.0170,1.826778785457E+01,2.161829682165E-03,6.178156644228E+00
1,1.0180,1.823975304413E+01,2.106101495451E-03,6.172087728074E+00
1,1.0190,1.821175764602E+01,2.050482686924E-03,6.166030723434E+00
1,1.0200,1.818380609799E+01,1.994972934885E-03,6.159985595274E+00
1,1.0210,1.815590083659E+01,1.946045876722E-03,6.153952308697E+00
1,1.0220,1.812803643402E+01,1.897214566227E-03,6.147930828943E+00
1,1.0230,1.810021327734E+01,1.848478722614E-03,6.141921121388E+00
1,1.0240,1.807243492372E+01,1.799838066196E-03,6.135923151543E+00
1,1.0250,1.804469679267E+01,1.751292318375E-03,6.129936885053E+00
1,1.0260,1.801700066818E+01,1.702841201642E-03,6.123962287699E+00
1,1.0270,1.798935178460E+01,1.654484439567E-03,6.117999325394E+00
1,1.0280,1.796174358784E+01,1.606221756795E-03,6.112047964182E+00
1,1.0290,1.793417599267E+01,1.558052879044E-03,6.106108170243E+00
1,1.0300,1.790664970307E+01,1.509977533093E-03,6.100179909883E+00
1,1.0310,1.787916299693E+01,1.471648759615E-03,6.094263149544E+00
1,1.0320,1.785171813990E+01,1.433394266705E-03,6.088357855794E+00
1,1.0330,1.782431802951E+01,1.395213838642E-03,6.082463995334E+00
1,1.0340,1.779696180619E+01,1.357107260535E-03,6.076581534990E+00
1,1.0350,1.776964138040E+01,1.319074318329E-03,6.070710441719E+00
1,1.0360,1.774236559721E+01,1.281114798791E-03,6.064850682606E+00
1,1.0370,1.771512991961E+01,1.243228489512E-03,6.059002224860E+00
1,1.0380,1.768793144430E+01,1.205415178903E-03,6.053165035818E+00
1,1.0390,1.766077986596E+01,1.167674656187E-03,6.047339082945E+00
1,1.0400,1.763366511970E+01,1.130006711399E-03,6.041524333827E+00
1,1.0410,1.760659037818E+01,1.098235605911E-03,6.035720756176E+00
1,1.0420,1.757955730441E+01,1.066525481431E-03,6.029928317831E+00
1,1.0430,1.755256401524E+01,1.034876162560E-03,6.024146986749E+00
1,1.0440,1.752560777835E+01,1.003287474567E-03,6.018376731015E+00
1,1.0450,1.749869524907E+01,9.717592433936E-04,6.012617518832E+00
1,1.0460,1.747182447028E+01,9.402912956450E-04,6.006869318527E+00
1,1.0470,1.744498770631E+01,9.088834585892E-04,6.001132098548E+00
1,1.0480,1.741819427720E+01,8.775355601539E-04,5.995405827461E+00
1,1.0490,1.739143968920E+01,8.462474289223E-04,5.989690473956E+00
1,1.0500,1.736472277323E+01,8.150188941313E-04,5.983986006838E+00
1,1.0510,1.733804576245E+01,7.887944313071E-04,5.978292395033E+00
1,1.0520,1.731141070739E+01,7.626198248760E-04,5.972609607585E+00
1,1.0530,1.728480959679E+01,7.364949327972E-04,5.966937613656E+00
1,1.0540,1.725825320862E+01,7.104196135686E-04,5.961276382523E+00
1,1.0550,1.723172925031E+01,6.843937262248E-04,5.955625883583E+00
1,1.0560,1.720524479416E+01,6.584171303343E-04,5.949986086344E+00
1,1.0570,1.717880297274E+01,6.324896859971E-04,5.944356960435E+00
1,1.0580,1.715239875068E+01,6.066112538419E-04,5.938738475595E+00
1,1.0590,1.712603082324E+01,5.807816950242E-04,5.933130601680E+00
1,1.0600,1.709970072255E+01,5.550008712231E-04,5.927533308660E+00
1,1.0610,1.707341051620E+01,5.393691167034E-04,5.921946566616E+00
1,1.0620,1.704715660931E+01,5.237668005161E-04,5.916370345743E+00
1,1.0630,1.702093870155E+01,5.081938395803E-04,5.910804616350E+00
1,1.0640,1.699476149605E+01,4.926501511275E-04,5.905249348853E+00
1,1.0650,1.696861852843E+01,4.771356527000E-04,5.899704513784E+00
1,1.0660,1.694251876541E+01,4.616502621494E-04,5.894170081782E+00
1,1.0670,1.691645299089E+01,4.461938976355E-04,5.888646023598E+00
1,1.0680,1.689042107187E+01,4.307664776244E-04,5.883132310093E+00
1,1.0690,1.686442895189E+01,4.153679208874E-04,5.877628912235E+00
1,1.0700,1.683847280249E+01,3.999981464995E-04,5.872135801102E+00
1,1.0710,1.681255711656E+01,3.909226591861E-04,5.866652947880E+00
1,1.0720,1.678667317367E+01,3.818641037520E-04,5.861180323862E+00
1,1.0730,1.676083172636E+01,3.728224328574E-04,5.855717900447E+00
1,1.0740,1.673502057277E+01,3.637975993388E-04,5.850265649143E+00
1,1.0750,1.670924826610E+01,3.547895562081E-04,5.844823541562E+00
1,1.0760,1.668351329256E+01,3.457982566521E-04,5.839391549423E+00
1,1.0770,1.665781479366E+01,3.368236540311E-04,5.833969644549E+00
1,1.0780,1.663214751049E+01,3.278657018788E-04,5.828557798868E+00
1,1.0790,1.660652019770E+01,3.189243539010E-04,5.823155984411E+00
1,1.0800,1.658092916649E+01,3.099995639751E-04,5.817764173314E+00
1,1.0810,1.655607249491E+01,3.024374338983E-04,5.812382337816E+00
1,1.0820,1.653125217396E+01,2.948892818808E-04,5.807010450258E+00
1,1.0830,1.650646223282E+01,2.873550692023E-04,5.801648483084E+00
1,1.0840,1.648171372532E+01,2.798347572851E-04,5.796296408837E+00
1,1.0850,1.645699672369E+01,2.723283076941E-04,5.790954200166E+00
1,1.0860,1.643231051803E+01,2.648356821354E-04,5.785621829815E+00
1,1.0870,1.640766262139E+01,2.573568424564E-04,5.780299270634E+00
1,1.0880,1.638305002335E+01,2.498917506444E-04,5.774986495569E+00
1,1.0890,1.635846852772E+01,2.424403688265E-04,5.769683477667E+00
1,1.0900,1.633392544521E+01,2.350026592689E-04,5.764390190073E+00
1,1.0910,1.630871832645E+01,2.289527072121E-04,5.759106606031E+00
1,1.0920,1.628354854161E+01,2.229138356536E-04,5.753832698882E+00
1,1.0930,1.625840669729E+01,2.168860141802E-04,5.748568442067E+00
1,1.0940,1.623330517639E+01,2.108692124902E-04,5.743313809122E+00
1,1.0950,1.620823635284E+01,2.048634003923E-04,5.738068773680E+00
1,1.0960,1.618319993977E+01,1.988685478055E-04,5.732833309470E+00
1,1.0970,1.615819542343E+01,1.928846247586E-04,5.727607390319E+00
1,1.0980,1.613322974576E+01,1.869116013893E-04,5.722390990145E+00
1,1.0990,1.610829675253E+01,1.809494479443E-04,5.717184082966E+00
1,1.1000,1.608339704288E+01,1.749981347782E-04,5.711986642891E+00
1,1.1010,1.605922628554E+01,1.709654151404E-04,5.706798644123E+00
1,1.1020,1.603508078555E+01,1.669400144129E-04,5.701620060962E+00
1,1.1030,1.601097474824E+01,1.629219126895E-04,5.696450867797E+00
1,1.1040,1.598689760668E+01,1.589110901359E-04,5.691291039112E+00
1,1.1050,1.596285604611E+01,1.549075269896E-04,5.686140549484E+00
1,1.1060,1.593884686829E+01,1.509112035597E-04,5.680999373580E+00
1,1.1070,1.591486991535E+01,1.469221002263E-04,5.675867486160E+00
1,1.1080,1.589092378316E+01,1.429401974404E-04,5.670744862075E+00
1,1.1090,1.586700879430E+01,1.389654757236E-04,5.665631476267E+00
1,1.1100,1.584312618190E+01,1.349979156675E-04,5.660527303765E+00
1,1.1110,1.581858791121E+01,1.314695729630E-04,5.655432319694E+00
1,1.1120,1.579407966990E+01,1.279475761986E-04,5.650346499262E+00
1,1.1130,1.576960314781E+01,1.244319082694E-04,5.645269817771E+00
1,1.1140,1.574516222387E+01,1.209225521317E-04,5.640202250610E+00
1,1.1150,1.572075247195E+01,1.174194908033E-04,5.635143773255E+00
1,1.1160,1.569637421129E+01,1.139227073626E-04,5.630094361272E+00
1,1.1170,1.567202589099E+01,1.104321849486E-04,5.625053990313E+00
1,1.1180,1.564770965268E+01,1.069479067608E-04,5.620022636118E+00
1,1.1190,1.562343145794E+01,1.034698560586E-04,5.615000274513E+00
1,1.1200,1.559917955288E+01,9.999801616114E-05,5.609986881410E+00
1,1.1210,1.557564427603E+01,9.747793098372E-05,5.604982432810E+00
1,1.1220,1.555214541392E+01,9.496233793674E-05,5.599986904795E+00
1,1.1230,1.552867149410E+01,9.245122501986E-05,5.595000273535E+00
1,1.1240,1.550522975506E+01,8.994458027543E-05,5.590022515284E+00
1,1.1250,1.548181953098E+01,8.744239178832E-05,5.585053606382E+00
1,1.1260,1.545843850912E+01,8.494464768573E-05,5.580093523250E+00
1,1.1270,1.543508965159E+01,8.245133613701E-05,5.575142242395E+00
1,1.1280,1.541177106522E+01,7.996244535344E-05,5.570199740407E+00
1,1.1290,1.538848312931E+01,7.747796358810E-05,5.565265993959E+00
1,1.1300,1.536522515400E+01,7.499787913561E-05,5.560340979805E+00
1,1.1310,1.534131134834E+01,7.247818136859E-05,5.555424674783E+00
1,1.1320,1.531743331615E+01,6.996293536442E-05,5.550517055812E+00
1,1.1330,1.529358221018E+01,6.745212933554E-05,5.545618099894E+00
1,1.1340,1.526976221573E+01,6.494575153599E-05,5.540727784109E+00
1,1.1350,1.524596894277E+01,6.244379026119E-05,5.535846085621E+00
1,1.1360,1.522221079129E+01,5.994623384780E-05,5.530972981672E+00
1,1.1370,1.519848083983E+01,5.745307067347E-05,5.526108449586E+00
1,1.1380,1.517478201681E+01,5.496428915675E-05,5.521252466766E+00
1,1.1390,1.515111296103E+01,5.247987775683E-05,5.516405010693E+00
1,1.1400,1.512747314947E+01,4.999982497339E-05,5.511566058929E+00
1,1.1410,1.510454173608E+01,4.838724508270E-05,5.506735589114E+00
1,1.1420,1.508163951003E+01,4.677748932491E-05,5.501913578966E+00
1,1.1430,1.505876531127E+01,4.517055028761E-05,5.497100006281E+00
1,1.1440,1.503592714135E+01,4.356642058429E-05,5.492294848933E+00
1,1.1450,1.501310838113E+01,4.196509285426E-05,5.487498084873E+00
1,1.1460,1.499032426883E+01,4.036655976249E-05,5.482709692129E+00
1,1.1470,1.496756606345E+01,3.877081399957E-05,5.477929648805E+00
1,1.1480,1.494483881542E+01,3.717784828153E-05,5.473157933083E+00
1,1.1490,1.492214153397E+01,3.558765534977E-05,5.468394523220E+00
1,1.1500,1.489946944589E+01,3.400022797094E-05,5.463639397547E+00
1,1.1510,1.487682185678E+01,3.269003205344E-05,5.458892534474E+00
1,1.1520,1.485420925790E+01,3.138211078164E-05,5.454153912482E+00
1,1.1530,1.483162138068E+01,3.007645823711E-05,5.449423510130E+00
1,1.1540,1.480906345653E+01,2.877306852194E-05,5.444701306048E+00
1,1.1550,1.478653123312E+01,2.747193575866E-05,5.439987278943E+00
1,1.1560,1.476402851124E+01,2.617305409013E-05,5.435281407595E+00
1,1.1570,1.474155010793E+01,2.487641767945E-05,5.430583670855E+00
1,1.1580,1.471910597842E+01,2.358202070990E-05,5.425894047651E+00
1,1.1590,1.469668175433E+01,2.228985738481E-05,5.421212516980E+00
1,1.1600,1.467429550073E+01,2.099992192753E-05,5.416539057913E+00
1,1.1610,1.465192591979E+01,1.999216480518E-05,5.411873649595E+00
1,1.1620,1.462958804057E+01,1.898614220455E-05,5.407216271239E+00
1,1.1630,1.460727817641E+01,1.798184965139E-05,5.402566902132E+00
1,1.1640,1.458499749591E+01,1.697928268680E-05,5.397925521632E+00
1,1.1650,1.456273849630E+01,1.597843686722E-05,5.393292109167E+00
1,1.1660,1.454051098733E+01,1.497930776431E-05,5.388666644236E+00
1,1.1670,1.451830945835E+01,1.398189096492E-05,5.384049106409E+00
1,1.1680,1.449613328671E+01,1.298618207101E-05,5.379439475325E+00
1,1.1690,1.447398527074E+01,1.199217669959E-05,5.374837730693E+00
1,1.1700,1.445186480972E+01,1.099987048265E-05,5.370243852290E+00
1,1.1710,1.442977340901E+01,1.021892751207E-05,5.365657819965E+00
1,1.1720,1.440770252952E+01,9.439317208681E-06,5.361079613634E+00
1,1.1730,1.438565948239E+01,8.661036164121E-06,5.356509213282E+00
1,1.1740,1.436364619716E+01,7.884080981646E-06,5.351946598960E+00
1,1.1750,1.434165876747E+01,7.108448276079E-06,5.347391750791E+00
1,1.1760,1.431969371435E+01,6.334134673751E-06,5.342844648962E+00
1,1.1770,1.429775850576E+01,5.561136812465E-06,5.338305273729E+00
1,1.1780,1.427584793842E+01,4.789451341435E-06,5.333773605416E+00
1,1.1790,1.425396696839E+01,4.019074921247E-06,5.329249624410E+00
1,1.1800,1.423210937814E+01,3.250004223805E-06,5.324733311169E+00
1,1.1810,1.421027701955E+01,3.103898861971E-06,5.320224646215E+00
1,1.1820,1.418846922534E+01,2.958040717332E-06,5.315723610135E+00
1,1.1830,1.416668928051E+01,2.812429162962E-06,5.311230183584E+00
1,1.1840,1.414493615814E+01,2.667063574056E-06,5.306744347280E+00
1,1.1850,1.412320745005E+01,2.521943327916E-06,5.302266082008E+00
1,1.1860,1.410150184654E+01,2.377067803945E-06,5.297795368617E+00
1,1.1870,1.407982508702E+01,2.232436383636E-06,5.293332188020E+00
1,1.1880,1.405817343656E+01,2.088048450568E-06,5.288876521195E+00
1,1.1890,1.403654617700E+01,1.943903390389E-06,5.284428349184E+00
1,1.1900,1.401494593881E+01,1.800000590816E-06,5.279987653092E+00
1,1.1910,1.399336708150E+01,1.729469176907E-06,5.275554414089E+00
1,1.1920,1.397181905379E+01,1.659056104298E-06,5.271128613406E+00
1,1.1930,1.395029021643E+01,1.588761075397E-06,5.266710232338E+00
1,1.1940,1.392878861335E+01,1.518583793614E-06,5.262299252244E+00
1,1.1950,1.390731333297E+01,1.448523963348E-06,5.257895654544E+00
1,1.1960,1.388586327595E+01,1.378581289990E-06,5.253499420719E+00
1,1.1970,1.386443664784E+01,1.308755479911E-06,5.249110532314E+00
1,1.1980,1.384303544775E+01,1.239046240467E-06,5.244728970935E+00
1,1.1990,1.382165682777E+01,1.169453279988E-06,5.240354718248E+00
2,0.3000,1.026297793726E+02,8.867668863533E+01,2.094395102393E+01
2,0.3010,1.025855400321E+02,8.705447177761E+01,2.087436979129E+01
2,0.3020,1.025415453127E+02,8.544299807790E+01,2.080524936152E+01
2,0.3030,1.024978384383E+02,8.384216116828E+01,2.073658517221E+01
2,0.3040,1.024544254629E+02,8.225185608043E+01,2.066837272099E+01
2,0.3050,1.024112936369E+02,8.067197922267E+01,2.060060756452E+01
2,0.3060,1.023684466142E+02,7.910242835745E+01,2.053328531758E+01
2,0.3070,1.023258813067E+02,7.754310257929E+01,2.046640165205E+01
2,0.3080,1.022835947583E+02,7.599390229320E+01,2.039995229604E+01
2,0.3090,1.022415841292E+02,7.445472919343E+01,2.033393303294E+01
2,0.3100,1.021998385016E+02,7.292548624268E+01,2.026833970058E+01
2,0.3110,1.018427653365E+02,7.209500568704E+01,2.020316819029E+01
2,0.3120,1.014879181725E+02,7.126984872471E+01,2.013841444609E+01
2,0.3130,1.011353124535E+02,7.044996433082E+01,2.007407446383E+01
2,0.3140,1.007849223186E+02,6.963530213053E+01,2.001014429038E+01
2,0.3150,1.004367277128E+02,6.882581238864E+01,1.994662002279E+01
2,0.3160,1.000907064165E+02,6.802144599956E+01,1.988349780753E+01
2,0.3170,9.974683173089E+01,6.722215447729E+01,1.982077383968E+01
2,0.3180,9.940509403546E+01,6.642788994572E+01,1.975844436220E+01
2,0.3190,9.906546453166E+01,6.563860512908E+01,1.969650566514E+01
2,0.3200,9.872792890892E+01,6.485425334254E+01,1.963495408494E+01
2,0.3210,9.857528055186E+01,6.425486731426E+01,1.957378600367E+01
2,0.3220,9.842356264539E+01,6.365920418057E+01,1.951299784838E+01
2,0.3230,9.827277897111E+01,6.306722936349E+01,1.945258609034E+01
2,0.3240,9.812293316232E+01,6.247890871195E+01,1.939254724438E+01
2,0.3250,9.797401644948E+01,6.189420849519E+01,1.933287786824E+01
2,0.3260,9.782600453162E+01,6.131309539632E+01,1.927357456190E+01
2,0.3270,9.767890702689E+01,6.073553650601E+01,1.921463396691E+01
2,0.3280,9.753270873375E+01,6.016149931624E+01,1.915605276579E+01
2,0.3290,9.738739816695E+01,5.959095171426E+01,1.909782768140E+01
2,0.3300,9.724296722193E+01,5.902386197654E+01,1.903995547630E+01
2,0.3310,9.714376295888E+01,5.861205822652E+01,1.898243295220E+01
2,0.3320,9.704516989194E+01,5.820273522199E+01,1.892525694934E+01
2,0.3330,9.694718002906E+01,5.779587061388E+01,1.886842434588E+01
2,0.3340,9.684977854242E+01,5.739144232079E+01,1.881193205742E+01
2,0.3350,9.675294669938E+01,5.698942852497E+01,1.875577703636E+01
2,0.3360,9.665669925112E+01,5.658980766841E+01,1.869995627137E+01
2,0.3370,9.656101207152E+01,5.619255844899E+01,1.864446678688E+01
2,0.3380,9.646589092093E+01,5.579765981666E+01,1.858930564254E+01
2,0.3390,9.637132591215E+01,5.540509096977E+01,1.853446993268E+01
2,0.3400,9.627732084313E+01,5.501483135139E+01,1.847995678582E+01
2,0.3410,9.634672885037E+01,5.478163705799E+01,1.842576336416E+01
2,0.3420,9.641573429538E+01,5.454980647391E+01,1.837188686310E+01
2,0.3430,9.648433903250E+01,5.431932767166E+01,1.831832451073E+01
2,0.3440,9.655253916058E+01,5.409018886245E+01,1.826507356738E+01
2,0.3450,9.662034440701E+01,5.386237839416E+01,1.821213132516E+01
2,0.3460,9.668775811944E+01,5.363588474938E+01,1.815949510746E+01
2,0.3470,9.675477617726E+01,5.341069654348E+01,1.810716226853E+01
2,0.3480,9.682141597933E+01,5.318680252267E+01,1.805513019304E+01
2,0.3490,9.688766890715E+01,5.296419156215E+01,1.800339629564E+01
2,0.3500,9.695354395381E+01,5.274285266427E+01,1.795195802051E+01
2,0.3510,9.763542529298E+01,5.264271040272E+01,1.790081284097E+01
2,0.3520,9.831329740688E+01,5.254313713129E+01,1.784995825903E+01
2,0.3530,9.898719991011E+01,5.244412801437E+01,1.779939180504E+01
2,0.3540,9.965717334587E+01,5.234567827100E+01,1.774911103723E+01
2,0.3550,1.003232607231E+02,5.224778317407E+01,1.769911354135E+01
2,0.3560,1.009854796707E+02,5.215043804959E+01,1.764939693028E+01
2,0.3570,1.016438809817E+02,5.205363827595E+01,1.759995884364E+01
2,0.3580,1.022984985884E+02,5.195737928317E+01,1.755079694743E+01
2,0.3590,1.029493578326E+02,5.186165655219E+01,1.750190893365E+01
2,0.3600,1.035964968176E+02,5.176646561415E+01,1.745329251994E+01
2,0.3610,1.048275439338E+02,5.023937503926E+01,1.740494544925E+01
2,0.3620,1.060514409575E+02,4.872072142888E+01,1.735686548945E+01
2,0.3630,1.072682531245E+02,4.721043505601E+01,1.730905043300E+01
2,0.3640,1.084780509661E+02,4.570844695992E+01,1.726149809665E+01
2,0.3650,1.096809124532E+02,4.421468893559E+01,1.721420632104E+01
2,0.3660,1.108768944797E+02,4.272909352342E+01,1.716717297044E+01
2,0.3670,1.120660766267E+02,4.125159399904E+01,1.712039593237E+01
2,0.3680,1.132485259815E+02,3.978212436339E+01,1.707387311734E+01
2,0.3690,1.144242974591E+02,3.832061933281E+01,1.702760245848E+01
2,0.3700,1.155934502569E+02,3.686701432942E+01,1.698158191130E+01
2,0.3710,1.148032551853E+02,3.469300566511E+01,1.693580945331E+01
2,0.3720,1.140171994932E+02,3.253068521943E+01,1.689028308382E+01
2,0.3730,1.132352361208E+02,3.037995898525E+01,1.684500082354E+01
2,0.3740,1.124573442422E+02,2.824073396088E+01,1.679996071438E+01
2,0.3750,1.116834821676E+02,2.611291813664E+01,1.675516081915E+01
2,0.3760,1.109136140494E+02,2.399642048168E+01,1.671059922122E+01
2,0.3770,1.101477121716E+02,2.189115093098E+01,1.666627402435E+01
2,0.3780,1.093857400045E+02,1.979702037262E+01,1.662218335233E+01
2,0.3790,1.086276688273E+02,1.771394063515E+01,1.657832534876E+01
2,0.3800,1.078734615475E+02,1.564182447524E+01,1.653469817679E+01
2,0.3810,1.066184458542E+02,1.477455568688E+01,1.649130001884E+01
2,0.3820,1.053696385027E+02,1.391182757281E+01,1.644812907639E+01
2,0.3830,1.041269994694E+02,1.305360456638E+01,1.640518356966E+01
2,0.3840,1.028904620964E+02,1.219985147144E+01,1.636246173745E+01
2,0.3850,1.016599676412E+02,1.135053345752E+01,1.631996183683E+01
2,0.3860,1.004354599590E+02,1.050561605506E+01,1.627768214295E+01
2,0.3870,9.921688599579E+01,9.665065150811E+00,1.623562094878E+01
2,0.3880,9.800418596020E+01,8.828846983181E+00,1.619377656490E+01
2,0.3890,9.679731035444E+01,7.996928137750E+00,1.615214731923E+01
2,0.3900,9.559619977721E+01,7.169275542807E+00,1.611073155687E+01
2,0.3910,9.464747393356E+01,6.911503837898E+00,1.606952763985E+01
2,0.3920,9.370331434103E+01,6.655047294747E+00,1.602853394689E+01
2,0.3930,9.276367585480E+01,6.399895873954E+00,1.598774887323E+01
2,0.3940,9.182851201540E+01,6.146039638038E+00,1.594717083041E+01
2,0.3950,9.089779514616E+01,5.893468750152E+00,1.590679824602E+01
2,0.3960,8.997148294852E+01,5.642173472811E+00,1.586662956358E+01
2,0.3970,8.904952821410E+01,5.392144166640E+00,1.582666324227E+01
2,0.3980,8.813190207251E+01,5.143371289143E+00,1.578689775673E+01
2,0.3990,8.721856118490E+01,4.895845393489E+00,1.574733159694E+01
2,0.4000,8.630945723187E+01,4.649557127313E+00,1.570796326795E+01
2,0.4010,8.563308400362E+01,4.529847561859E+00,1.566879128972E+01
2,0.4020,8.495989104827E+01,4.410733566383E+00,1.562981419696E+01
2,0.4030,8.428985063433E+01,4.292210707361E+00,1.559103053891E+01
2,0.4040,8.362294065473E+01,4.174274595166E+00,1.555243887916E+01
2,0.4050,8.295913357236E+01,4.056920883525E+00,1.551403779551E+01
2,0.4060,8.229840117184E+01,3.940145268985E+00,1.547582587975E+01
2,0.4070,8.164072262924E+01,3.823943490389E+00,1.543780173754E+01
2,0.4080,8.098606805484E+01,3.708311328355E+00,1.539996398819E+01
2,0.4090,8.033441499097E+01,3.593244604766E+00,1.536231126450E+01
2,0.4100,7.968574140751E+01,3.478739182268E+00,1.532484221263E+01
2,0.4110,7.915259835480E+01,3.392308563657E+00,1.528755549192E+01
2,0.4120,7.862190180301E+01,3.306297511157E+00,1.525044977471E+01
2,0.4130,7.809363749841E+01,3.220702977070E+00,1.521352374620E+01
2,0.4140,7.756777761279E+01,3.135521943148E+00,1.517677610430E+01
2,0.4150,7.704431023254E+01,3.050751420233E+00,1.514020555947E+01
2,0.4160,7.652321590297E+01,2.966388447909E+00,1.510381083457E+01
2,0.4170,7.600447134025E+01,2.882430094157E+00,1.506759066470E+01
2,0.4180,7.548805698604E+01,2.798873455016E+00,1.503154379708E+01
2,0.4190,7.497396324889E+01,2.715715654249E+00,1.499566899088E+01
2,0.4200,7.446216402995E+01,2.632953843009E+00,1.495996501709E+01
2,0.4210,7.401540242349E+01,2.569986959374E+00,1.492443065838E+01
2,0.4220,7.357064788539E+01,2.507318496988E+00,1.488906470896E+01
2,0.4230,7.312787196286E+01,2.444946339389E+00,1.485386597442E+01
2,0.4240,7.268706869934E+01,2.382868390081E+00,1.481883327165E+01
2,0.4250,7.224822239298E+01,2.321082572299E+00,1.478396542866E+01
2,0.4260,7.181130500711E+01,2.259586828779E+00,1.474926128446E+01
2,0.4270,7.137632464940E+01,2.198379121528E+00,1.471471968895E+01
2,0.4280,7.094324688193E+01,2.137457431601E+00,1.468033950276E+01
2,0.4290,7.051206986936E+01,2.076819758877E+00,1.464611959716E+01
2,0.4300,7.008276793359E+01,2.016464121839E+00,1.461205885391E+01
2,0.4310,6.970481526462E+01,1.966593266679E+00,1.457815616515E+01
2,0.4320,6.932851598286E+01,1.916953295107E+00,1.454441043329E+01
2,0.4330,6.895385121747E+01,1.867542607469E+00,1.451082057085E+01
2,0.4340,6.858081746203E+01,1.818359618852E+00,1.447738550041E+01
2,0.4350,6.820939925882E+01,1.769402758918E+00,1.444410415444E+01
2,0.4360,6.783958725520E+01,1.720670471737E+00,1.441097547518E+01
2,0.4370,6.747135847369E+01,1.672161215618E+00,1.437799841460E+01
2,0.4380,6.710471829191E+01,1.623873462951E+00,1.434517193420E+01
2,0.4390,6.673964475287E+01,1.575805700047E+00,1.431249500496E+01
2,0.4400,6.637612777033E+01,1.527956426973E+00,1.427996660723E+01
2,0.4410,6.603766150639E+01,1.495002020225E+00,1.424758573057E+01
2,0.4420,6.570063869189E+01,1.462196728440E+00,1.421535137371E+01
2,0.4430,6.536505144774E+01,1.429539541810E+00,1.418326254442E+01
2,0.4440,6.503087901540E+01,1.397029459624E+00,1.415131825941E+01
2,0.4450,6.469812018077E+01,1.364665490167E+00,1.411951754422E+01
2,0.4460,6.436675831080E+01,1.332446650618E+00,1.408785943314E+01
2,0.4470,6.403678832495E+01,1.300371966950E+00,1.405634296908E+01
2,0.4480,6.370820363324E+01,1.268440473834E+00,1.402496720353E+01
2,0.4490,6.338098472974E+01,1.236651214541E+00,1.399373119639E+01
2,0.4500,6.305512862770E+01,1.205003240845E+00,1.396263401595E+01
2,0.4510,6.275511181168E+01,1.181543941427E+00,1.393167473876E+01
2,0.4520,6.245634352029E+01,1.158188444218E+00,1.390085244951E+01
2,0.4530,6.215881707216E+01,1.134936061787E+00,1.387016624101E+01
2,0.4540,6.186251338718E+01,1.111786112760E+00,1.383961521405E+01
2,0.4550,6.156743831743E+01,1.088737921749E+00,1.380919847732E+01
2,0.4560,6.127356693187E+01,1.065790819296E+00,1.377891514732E+01
2,0.4570,6.098090990466E+01,1.042944141799E+00,1.374876434831E+01
2,0.4580,6.068944338766E+01,1.020197231453E+00,1.371874521218E+01
2,0.4590,6.039916425205E+01,9.975494361844E-01,1.368885687839E+01
2,0.4600,6.011006361963E+01,9.750001095908E-01,1.365909849387E+01
2,0.4610,5.984191817969E+01,9.602165502576E-01,1.362946921297E+01
2,0.4620,5.957486423218E+01,9.454969890167E-01,1.359996819736E+01
2,0.4630,5.930889488508E+01,9.308410111938E-01,1.357059461594E+01
2,0.4640,5.904399666896E+01,9.162482056890E-01,1.354134764478E+01
2,0.4650,5.878015884841E+01,9.017181649391E-01,1.351222646705E+01
2,0.4660,5.851738547332E+01,8.872504848791E-01,1.348323027292E+01
2,0.4670,5.825566525498E+01,8.728447649050E-01,1.345435825949E+01
2,0.4680,5.799498548063E+01,8.585006078367E-01,1.342560963073E+01
2,0.4690,5.773534729400E+01,8.442176198818E-01,1.339698359740E+01
2,0.4700,5.747673962754E+01,8.299954105990E-01,1.336847937698E+01
2,0.4710,5.723580370377E+01,8.187857561508E-01,1.334009619359E+01
2,0.4720,5.699581576859E+01,8.076236002383E-01,1.331183327792E+01
2,0.4730,5.675678537742E+01,7.965086416024E-01,1.328368986719E+01
2,0.4740,5.651869324115E+01,7.854405815261E-01,1.325566520502E+01
2,0.4750,5.628153794424E+01,7.744191238081E-01,1.322775854143E+01
2,0.4760,5.604531304253E+01,7.634439747359E-01,1.319996913273E+01
2,0.4770,5.581001228441E+01,7.525148430602E-01,1.317229624147E+01
2,0.4780,5.557563443490E+01,7.416314399690E-01,1.314473913636E+01
2,0.4790,5.534216230344E+01,7.307934790619E-01,1.311729709223E+01
2,0.4800,5.510960415008E+01,7.200006763252E-01,1.308996938996E+01
2,0.4810,5.489019806519E+01,7.108320372249E-01,1.306275531638E+01
2,0.4820,5.467164788931E+01,7.017014422703E-01,1.303565416427E+01
2,0.4830,5.445394126343E+01,6.926086551623E-01,1.300866523226E+01
2,0.4840,5.423707022137E+01,6.835534415547E-01,1.298178782475E+01
2,0.4850,5.402104022978E+01,6.745355690342E-01,1.295502125192E+01
2,0.4860,5.380583165894E+01,6.655548071001E-01,1.292836482959E+01
2,0.4870,5.359144736533E+01,6.566109271453E-01,1.290181787922E+01
2,0.4880,5.337788485705E+01,6.477037024362E-01,1.287537972783E+01
2,0.4890,5.316513648880E+01,6.388329080940E-01,1.284904970793E+01
2,0.4900,5.295318903312E+01,6.299983210756E-01,1.282282715751E+01
2,0.4910,5.275944390563E+01,6.223603818808E-01,1.279671141992E+01
2,0.4920,5.256643275914E+01,6.147534912194E-01,1.277070184386E+01
2,0.4930,5.237415630404E+01,6.071774601550E-01,1.274479778333E+01
2,0.4940,5.218260069722E+01,5.996321012811E-01,1.271899859753E+01
2,0.4950,5.199177709301E+01,5.921172287057E-01,1.269330365087E+01
2,0.4960,5.180166686034E+01,5.846326580358E-01,1.266771231286E+01
2,0.4970,5.161226446137E+01,5.771782063626E-01,1.264222395811E+01
2,0.4980,5.142357513896E+01,5.697536922463E-01,1.261683796622E+01
2,0.4990,5.123558865671E+01,5.623589357017E-01,1.259155372180E+01
2,0.5000,5.104830851863E+01,5.549937581832E-01,1.256637061436E+01
2,0.5010,5.086565892781E+01,5.478686762100E-01,1.254128803828E+01
2,0.5020,5.068369298214E+01,5.407719810176E-01,1.251630539279E+01
2,0.5030,5.050239928358E+01,5.337035033011E-01,1.249142208187E+01
2,0.5040,5.032177778187E+01,5.266630750993E-01,1.246663751425E+01
2,0.5050,5.014181740544E+01,5.196505297815E-01,1.244195110333E+01
2,0.5060,4.996252214553E+01,5.126657020341E-01,1.241736226715E+01
2,0.5070,4.978387904207E+01,5.057084278479E-01,1.239287042836E+01
2,0.5080,4.960589261325E+01,4.987785445049E-01,1.236847501413E+01
2,0.5090,4.942855658021E+01,4.918758905661E-01,1.234417545615E+01
2,0.5100,4.925186462960E+01,4.850003058583E-01,1.231997119055E+01
2,0.5110,4.908227132967E+01,4.804214475246E-01,1.229586165789E+01
2,0.5120,4.891329955239E+01,4.758604753562E-01,1.227184630309E+01
2,0.5130,4.874493955786E+01,4.713172847558E-01,1.224792457540E+01
2,0.5140,4.857719072817E+01,4.667917719397E-01,1.222409592836E+01
2,0.5150,4.841004366702E+01,4.622838339308E-01,1.220035981977E+01
2,0.5160,4.824349592330E+01,4.577933685497E-01,1.217671571159E+01
2,0.5170,4.807754992890E+01,4.533202744081E-01,1.215316306998E+01
2,0.5180,4.791219146303E+01,4.488644509002E-01,1.212970136521E+01
2,0.5190,4.774742601645E+01,4.444257981958E-01,1.210633007164E+01
2,0.5200,4.758324832665E+01,4.400042172326E-01,1.208304866765E+01
2,0.5210,4.742728299036E+01,4.351714847982E-01,1.205985663566E+01
2,0.5220,4.727186691755E+01,4.303572685800E-01,1.203675346203E+01
2,0.5230,4.711700965506E+01,4.255614623665E-01,1.201373863705E+01
2,0.5240,4.696269605332E+01,4.207839607569E-01,1.199081165492E+01
2,0.5250,4.680893208303E+01,4.160246591534E-01,1.196797201368E+01
2,0.5260,4.665570470855E+01,4.112834537537E-01,1.194521921517E+01
2,0.5270,4.650301599269E+01,4.065602415434E-01,1.192255276505E+01
2,0.5280,4.635086552709E+01,4.018549202884E-01,1.189997217269E+01
2,0.5290,4.619924632993E+01,3.971673885278E-01,1.187747695119E+01
2,0.5300,4.604815565247E+01,3.924975455662E-01,1.185506661732E+01
2,0.5310,4.590134331998E+01,3.884298288572E-01,1.183274069149E+01
2,0.5320,4.575504473822E+01,3.843774043163E-01,1.181049869771E+01
2,0.5330,4.560925127344E+01,3.803401858712E-01,1.178834016356E+01
2,0.5340,4.546396484216E+01,3.763180880945E-01,1.176626462019E+01
2,0.5350,4.531918070152E+01,3.723110261973E-01,1.174427160220E+01
2,0.5360,4.517489499522E+01,3.683189160236E-01,1.172236064772E+01
2,0.5370,4.503110410137E+01,3.643416740442E-01,1.170053129829E+01
2,0.5380,4.488780617545E+01,3.603792173510E-01,1.167878309885E+01
2,0.5390,4.474500304515E+01,3.564314636510E-01,1.165711559774E+01
2,0.5400,4.460268671975E+01,3.524983312611E-01,1.163552834663E+01
2,0.5410,4.446577465578E+01,3.491441805176E-01,1.161402090052E+01
2,0.5420,4.432933556118E+01,3.458024067141E-01,1.159259281767E+01
2,0.5430,4.419335932301E+01,3.424729414697E-01,1.157124365963E+01
2,0.5440,4.405784235870E+01,3.391557169064E-01,1.154997299114E+01
2,0.5450,4.392278736628E+01,3.358506656442E-01,1.152878038015E+01
2,0.5460,4.378818928512E+01,3.325577207969E-01,1.150766539776E+01
2,0.5470,4.365404349896E+01,3.292768159674E-01,1.148662761824E+01
2,0.5480,4.352035004983E+01,3.260078852430E-01,1.146566661894E+01
2,0.5490,4.338710233175E+01,3.227508631916E-01,1.144478198029E+01
2,0.5500,4.325430148663E+01,3.195056848567E-01,1.142397328578E+01
2,0.5510,4.312557758711E+01,3.164057036630E-01,1.140324012192E+01
2,0.5520,4.299728860001E+01,3.133169542852E-01,1.138258207822E+01
2,0.5530,4.286942876079E+01,3.102393757912E-01,1.136199874716E+01
2,0.5540,4.274199158972E+01,3.071729076889E-01,1.134148972415E+01
2,0.5550,4.261497715088E+01,3.041174899221E-01,1.132105460753E+01
2,0.5560,4.248838217602E+01,3.010730628667E-01,1.130069299852E+01
2,0.5570,4.236220997970E+01,2.980395673267E-01,1.128040450122E+01
2,0.5580,4.223644757926E+01,2.950169445307E-01,1.126018872254E+01
2,0.5590,4.211110390911E+01,2.920051361274E-01,1.124004527224E+01
2,0.5600,4.198617012142E+01,2.890040841827E-01,1.121997376282E+01
2,0.5610,4.186402806193E+01,2.866666896486E-01,1.119997380959E+01
2,0.5620,4.174229149535E+01,2.843376132444E-01,1.118004503057E+01
2,0.5630,4.162094958501E+01,2.820168106464E-01,1.116018704650E+01
2,0.5640,4.150000677123E+01,2.797042378447E-01,1.114039948081E+01
2,0.5650,4.137945217846E+01,2.773998511415E-01,1.112068195961E+01
2,0.5660,4.125928949357E+01,2.751036071475E-01,1.110103411162E+01
2,0.5670,4.113951904856E+01,2.728154627795E-01,1.108145556822E+01
2,0.5680,4.102013946458E+01,2.705353752579E-01,1.106194596334E+01
2,0.5690,4.090113641401E+01,2.682633021037E-01,1.104250493353E+01
2,0.5700,4.078251925254E+01,2.659992011361E-01,1.102313211786E+01
2,0.5710,4.066781124880E+01,2.637650381238E-01,1.100382715793E+01
2,0.5720,4.055347159779E+01,2.615386868703E-01,1.098458969787E+01
2,0.5730,4.043949706804E+01,2.593201064764E-01,1.096541938426E+01
2,0.5740,4.032588440015E+01,2.571092563277E-01,1.094631586617E+01
2,0.5750,4.021264475000E+01,2.549060960926E-01,1.092727879509E+01
2,0.5760,4.009975188441E+01,2.527105857194E-01,1.090830782496E+01
2,0.5770,3.998722761939E+01,2.505226854341E-01,1.088940261210E+01
2,0.5780,3.987504982374E+01,2.483423557381E-01,1.087056281519E+01
2,0.5790,3.976323709144E+01,2.461695574055E-01,1.085178809530E+01
2,0.5800,3.965177115177E+01,2.440042514809E-01,1.083307811583E+01
2,0.5810,3.954297480115E+01,2.420237559709E-01,1.081443254248E+01
2,0.5820,3.943452450080E+01,2.400500662874E-01,1.079585104326E+01
2,0.5830,3.932640855659E+01,2.380831474090E-01,1.077733328847E+01
2,0.5840,3.921864064455E+01,2.361229645541E-01,1.075887895065E+01
2,0.5850,3.911120270392E+01,2.341694831791E-01,1.074048770458E+01
2,0.5860,3.900410588044E+01,2.322226689760E-01,1.072215922727E+01
2,0.5870,3.889733556411E+01,2.302824878708E-01,1.070389319792E+01
2,0.5880,3.879089935718E+01,2.283489060209E-01,1.068568929792E+01
2,0.5890,3.868479434215E+01,2.264218898141E-01,1.066754721083E+01
2,0.5900,3.857901990011E+01,2.245014058655E-01,1.064946662234E+01
2,0.5910,3.847585896234E+01,2.229021118543E-01,1.063144722027E+01
2,0.5920,3.837301284188E+01,2.213082208635E-01,1.061348869456E+01
2,0.5930,3.827048373642E+01,2.197197055589E-01,1.059559073723E+01
2,0.5940,3.816827082910E+01,2.181365387908E-01,1.057775304239E+01
2,0.5950,3.806636750239E+01,2.165586935916E-01,1.055997530618E+01
2,0.5960,3.796478234985E+01,2.149861431749E-01,1.054225722681E+01
2,0.5970,3.786350074852E+01,2.134188609339E-01,1.052459850449E+01
2,0.5980,3.776253337831E+01,2.118568204394E-01,1.050699884144E+01
2,0.5990,3.766187228316E+01,2.102999954392E-01,1.048945794187E+01
2,0.6000,3.756151981320E+01,2.087483598555E-01,1.047197551197E+01
2,0.6010,3.746259236243E+01,2.068453875867E-01,1.045455125987E+01
2,0.6020,3.736396662089E+01,2.049487374849E-01,1.043718489565E+01
2,0.6030,3.726563911298E+01,2.030583780965E-01,1.041987613131E+01
2,0.6040,3.716760522576E+01,2.011742781763E-01,1.040262468076E+01
2,0.6050,3.706986880570E+01,1.992964066856E-01,1.038543025980E+01
2,0.6060,3.697242681936E+01,1.974247327905E-01,1.036829258610E+01
2,0.6070,3.687527365876E+01,1.955592258606E-01,1.035121137921E+01
2,0.6080,3.677841136469E+01,1.936998554665E-01,1.033418636049E+01
2,0.6090,3.668183938141E+01,1.918465913792E-01,1.031721725317E+01
2,0.6100,3.658555814908E+01,1.899994035676E-01,1.030030378226E+01
2,0.6110,3.649177983542E+01,1.885788551254E-01,1.028344567460E+01
2,0.6120,3.639828088503E+01,1.871629489983E-01,1.026664265879E+01
2,0.6130,3.630506411815E+01,1.857516624670E-01,1.024989446522E+01
2,0.6140,3.621212346935E+01,1.843449729604E-01,1.023320082603E+01
2,0.6150,3.611945034831E+01,1.829428580537E-01,1.021656147509E+01
2,0.6160,3.602705556648E+01,1.815452954681E-01,1.019997614802E+01
2,0.6170,3.593493615118E+01,1.801522630692E-01,1.018344458214E+01
2,0.6180,3.584308093111E+01,1.787637388658E-01,1.016696651647E+01
2,0.6190,3.575149480697E+01,1.773797010088E-01,1.015054169173E+01
2,0.6200,3.566017929404E+01,1.760001277900E-01,1.013416985029E+01
2,0.6210,3.557022269658E+01,1.747828361126E-01,1.011785073620E+01
2,0.6220,3.548052846692E+01,1.735694585564E-01,1.010158409514E+01
2,0.6230,3.539110057284E+01,1.723599762732E-01,1.008536967445E+01
2,0.6240,3.530192772157E+01,1.711543705359E-01,1.006920722304E+01
2,0.6250,3.521301551461E+01,1.699526227368E-01,1.005309649149E+01
2,0.6260,3.512435893394E+01,1.687547143877E-01,1.003703723192E+01
2,0.6270,3.503596159583E+01,1.675606271177E-01,1.002102919805E+01
2,0.6280,3.494781387875E+01,1.663703426735E-01,1.000507214519E+01
2,0.6290,3.485992127791E+01,1.651838429175E-01,9.989165830174E+00
2,0.6300,3.477227873015E+01,1.640011098274E-01,9.973310011396E+00
2,0.6310,3.468597566435E+01,1.627335037055E-01,9.957504448779E+00
2,0.6320,3.459991359740E+01,1.614699089954E-01,9.941748903765E+00
2,0.6330,3.451410389840E+01,1.602103066856E-01,9.926043139304E+00
2,0.6340,3.442853273394E+01,1.589546778847E-01,9.910386919842E+00
2,0.6350,3.434320366588E+01,1.577030038202E-01,9.894780011306E+00
2,0.6360,3.425812528298E+01,1.564552658376E-01,9.879222181100E+00
2,0.6370,3.417327895932E+01,1.552114453998E-01,9.863713198084E+00
2,0.6380,3.408867325198E+01,1.539715240855E-01,9.848252832570E+00
2,0.6390,3.400431286629E+01,1.527354835892E-01,9.832840856306E+00
2,0.6400,3.392018232571E+01,1.515033057194E-01,9.817477042468E+00
2,0.6410,3.383736361406E+01,1.502857547756E-01,9.802161165647E+00
2,0.6420,3.375477494407E+01,1.490719968254E-01,9.786893001837E+00
2,0.6430,3.367241622953E+01,1.478620141721E-01,9.771672328429E+00
2,0.6440,3.359029094144E+01,1.466557892289E-01,9.756498924192E+00
2,0.6450,3.350838963066E+01,1.454533045181E-01,9.741372569271E+00
2,0.6460,3.342672064092E+01,1.442545426701E-01,9.726293045170E+00
2,0.6470,3.334528231396E+01,1.430594864230E-01,9.711260134744E+00
2,0.6480,3.326406310910E+01,1.418681186210E-01,9.696273622191E+00
2,0.6490,3.318306875945E+01,1.406804222144E-01,9.681333293035E+00
2,0.6500,3.310230557188E+01,1.394963802583E-01,9.666438934122E+00
2,0.6510,3.302281235958E+01,1.383816067262E-01,9.651590333609E+00
2,0.6520,3.294354515633E+01,1.372702527448E-01,9.636787280950E+00
2,0.6530,3.286449032943E+01,1.361623026040E-01,9.622029566891E+00
2,0.6540,3.278565604901E+01,1.350577406900E-01,9.607316983455E+00
2,0.6550,3.270703841158E+01,1.339565514841E-01,9.592649323938E+00
2,0.6560,3.262863608548E+01,1.328587195624E-01,9.578026382896E+00
2,0.6570,3.255044765058E+01,1.317642295948E-01,9.563447956133E+00
2,0.6580,3.247246976623E+01,1.306730663444E-01,9.548913840698E+00
2,0.6590,3.239470545667E+01,1.295852146669E-01,9.534423834870E+00
2,0.6600,3.231715306445E+01,1.285006595096E-01,9.519977738151E+00
2,0.6610,3.224085656865E+01,1.275885851522E-01,9.505575351255E+00
2,0.6620,3.216476133648E+01,1.266792663065E-01,9.491216476102E+00
2,0.6630,3.208886994155E+01,1.257726905041E-01,9.476900915806E+00
2,0.6640,3.201318804357E+01,1.248688453517E-01,9.462628474668E+00
2,0.6650,3.193770849180E+01,1.239677185306E-01,9.448398958165E+00
2,0.6660,3.186243320539E+01,1.230692977960E-01,9.434212172942E+00
2,0.6670,3.178735913206E+01,1.221735709767E-01,9.420067926806E+00
2,0.6680,3.171248991537E+01,1.212805259742E-01,9.405966028712E+00
2,0.6690,3.163781152197E+01,1.203901507625E-01,9.391906288759E+00
2,0.6700,3.156333970952E+01,1.195024333871E-01,9.377888518178E+00
2,0.6710,3.148906558543E+01,1.185396414913E-01,9.363912529329E+00
2,0.6720,3.141498411646E+01,1.175797150475E-01,9.349978135684E+00
2,0.6730,3.134110176852E+01,1.166226412826E-01,9.336085151827E+00
2,0.6740,3.126741588567E+01,1.156684074991E-01,9.322233393442E+00
2,0.6750,3.119392504795E+01,1.147170010751E-01,9.308422677303E+00
2,0.6760,3.112062533735E+01,1.137684094629E-01,9.294652821272E+00
2,0.6770,3.104752302499E+01,1.128226201894E-01,9.280923644283E+00
2,0.6780,3.097460684061E+01,1.118796208547E-01,9.267234966342E+00
2,0.6790,3.090188619494E+01,1.109393991321E-01,9.253586608512E+00
2,0.6800,3.082935425864E+01,1.100019427676E-01,9.239978392911E+00
2,0.6810,3.075802612679E+01,1.091908734748E-01,9.226410142701E+00
2,0.6820,3.068689264907E+01,1.083821826843E-01,9.212881682082E+00
2,0.6830,3.061593839184E+01,1.075758599489E-01,9.199392836281E+00
2,0.6840,3.054517448642E+01,1.067718948823E-01,9.185943431549E+00
2,0.6850,3.047458749771E+01,1.059702771589E-01,9.172533295153E+00
2,0.6860,3.040418947959E+01,1.051709965134E-01,9.159162255364E+00
2,0.6870,3.033397020101E+01,1.043740427403E-01,9.145830141455E+00
2,0.6880,3.026393223514E+01,1.035794056933E-01,9.132536783691E+00
2,0.6890,3.019407737834E+01,1.027870752850E-01,9.119282013323E+00
2,0.6900,3.012439497735E+01,1.019970414865E-01,9.106065662579E+00
2,0.6910,3.005691214887E+01,1.012374822786E-01,9.092887564659E+00
2,0.6920,2.998960573308E+01,1.004801183286E-01,9.079747553728E+00
2,0.6930,2.992246925529E+01,9.972494013304E-02,9.066645464906E+00
2,0.6940,2.985550432659E+01,9.897193824355E-02,9.053581134265E+00
2,0.6950,2.978870454477E+01,9.822110326597E-02,9.040554398820E+00
2,0.6960,2.972208679376E+01,9.747242586017E-02,9.027565096522E+00
2,0.6970,2.965562723004E+01,9.672589673961E-02,9.014613066255E+00
2,0.6980,2.958934874502E+01,9.598150667096E-02,9.001698147822E+00
2,0.6990,2.952322467652E+01,9.523924647376E-02,8.988820181945E+00
2,0.7000,2.945727694470E+01,9.449910701998E-02,8.975979010257E+00
2,0.7010,2.939050133853E+01,9.394213535809E-02,8.963174475292E+00
2,0.7020,2.932389207716E+01,9.338675051004E-02,8.950406420484E+00
2,0.7030,2.925744515211E+01,9.283294570424E-02,8.937674690156E+00
2,0.7040,2.919117136295E+01,9.228071420755E-02,8.924979129516E+00
2,0.7050,2.912505873906E+01,9.173004932503E-02,8.912319584652E+00
2,0.7060,2.905911573117E+01,9.118094439968E-02,8.899695902521E+00
2,0.7070,2.899333640535E+01,9.063339281218E-02,8.887107930947E+00
2,0.7080,2.892772066810E+01,9.008738798057E-02,8.874555518615E+00
2,0.7090,2.886226877584E+01,8.954292336005E-02,8.862038515063E+00
2,0.7100,2.879697216518E+01,8.899999244268E-02,8.849556770675E+00
2,0.7110,2.873381503247E+01,8.849367208440E-02,8.837110136680E+00
2,0.7120,2.867081251596E+01,8.798877397431E-02,8.824698465140E+00
2,0.7130,2.860797479555E+01,8.748529212820E-02,8.812321608948E+00
2,0.7140,2.854528180256E+01,8.698322059539E-02,8.799979421820E+00
2,0.7150,2.848274376408E+01,8.648255345848E-02,8.787671758293E+00
2,0.7160,2.842036802899E+01,8.598328483312E-02,8.775398473715E+00
2,0.7170,2.835813977814E+01,8.548540886780E-02,8.763159424239E+00
2,0.7180,2.829606350962E+01,8.498891974362E-02,8.750954466824E+00
2,0.7190,2.823414369017E+01,8.449381167402E-02,8.738783459221E+00
2,0.7200,2.817237065996E+01,8.400007890461E-02,8.726646259972E+00
2,0.7210,2.811075324124E+01,8.329133361698E-02,8.714542728404E+00
2,0.7220,2.804928196780E+01,8.258455161270E-02,8.702472724625E+00
2,0.7230,2.798796030697E+01,8.187972474535E-02,8.690436109515E+00
2,0.7240,2.792678777416E+01,8.117684491356E-02,8.678432744723E+00
2,0.7250,2.786576818008E+01,8.047590406061E-02,8.666462492661E+00
2,0.7260,2.780489050347E+01,7.977689417419E-02,8.654525216501E+00
2,0.7270,2.774416792799E+01,7.907980728609E-02,8.642620780164E+00
2,0.7280,2.768358300845E+01,7.838463547186E-02,8.630749048324E+00
2,0.7290,2.762314966907E+01,7.769137085053E-02,8.618909886392E+00
2,0.7300,2.756285675049E+01,7.700000558433E-02,8.607103160520E+00
2,0.7310,2.750367777835E+01,7.639261726781E-02,8.595328737592E+00
2,0.7320,2.744463636514E+01,7.578688848221E-02,8.583586485218E+00
2,0.7330,2.738574028798E+01,7.518281243545E-02,8.571876271732E+00
2,0.7340,2.732697876634E+01,7.458038237247E-02,8.560197966185E+00
2,0.7350,2.726836509907E+01,7.397959157496E-02,8.548551438340E+00
2,0.7360,2.720988373866E+01,7.338043336115E-02,8.536936558668E+00
2,0.7370,2.715155270791E+01,7.278290108550E-02,8.525353198344E+00
2,0.7380,2.709335075603E+01,7.218698813851E-02,8.513801229241E+00
2,0.7390,2.703529174398E+01,7.159268794645E-02,8.502280523924E+00
2,0.7400,2.697736632944E+01,7.099999397113E-02,8.490790955648E+00
2,0.7410,2.691957542736E+01,7.044332579918E-02,8.479332398353E+00
2,0.7420,2.686192720628E+01,6.988815808052E-02,8.467904726657E+00
2,0.7430,2.680440994467E+01,6.933448475680E-02,8.456507815854E+00
2,0.7440,2.674703373554E+01,6.878229980222E-02,8.445141541908E+00
2,0.7450,2.668978231953E+01,6.823159722337E-02,8.433805781449E+00
2,0.7460,2.663267662639E+01,6.768237105893E-02,8.422500411769E+00
2,0.7470,2.657569837940E+01,6.713461537954E-02,8.411225310816E+00
2,0.7480,2.651884966719E+01,6.658832428753E-02,8.399980357192E+00
2,0.7490,2.646213782634E+01,6.604349191673E-02,8.388765430146E+00
2,0.7500,2.640555942216E+01,6.550011243224E-02,8.377580409573E+00
2,0.7510,2.635005300380E+01,6.489292191390E-02,8.366425176005E+00
2,0.7520,2.629467564760E+01,6.428734626396E-02,8.355299610611E+00
2,0.7530,2.623943013873E+01,6.368337904869E-02,8.344203595192E+00
2,0.7540,2.618430837902E+01,6.308101386846E-02,8.333137012175E+00
2,0.7550,2.612931718121E+01,6.248024435759E-02,8.322099744609E+00
2,0.7560,2.607444799455E+01,6.188106418404E-02,8.311091676163E+00
2,0.7570,2.601971339640E+01,6.128346704927E-02,8.300112691122E+00
2,0.7580,2.596509674416E+01,6.068744668793E-02,8.289162674379E+00
2,0.7590,2.591060839575E+01,6.009299686774E-02,8.278241511436E+00
2,0.7600,2.585624974355E+01,5.950011138917E-02,8.267349088394E+00
2,0.7610,2.580200555741E+01,5.904476839808E-02,8.256485291957E+00
2,0.7620,2.574789213116E+01,5.859062053295E-02,8.245650009422E+00
2,0.7630,2.569389754752E+01,5.813766309473E-02,8.234843128676E+00
2,0.7640,2.564003024480E+01,5.768589140896E-02,8.224064538193E+00
2,0.7650,2.558628158446E+01,5.723530082564E-02,8.213314127032E+00
2,0.7660,2.553265604643E+01,5.678588671903E-02,8.202591784830E+00
2,0.7670,2.547915375435E+01,5.633764448755E-02,8.191897401799E+00
2,0.7680,2.542577059525E+01,5.589056955354E-02,8.181230868723E+00
2,0.7690,2.537251290839E+01,5.544465736318E-02,8.170592076957E+00
2,0.7700,2.531936882842E+01,5.499990338630E-02,8.159980918415E+00
2,0.7710,2.526726509177E+01,5.464586499241E-02,8.149397285577E+00
2,0.7720,2.521529146569E+01,5.429274379642E-02,8.138841071476E+00
2,0.7730,2.516342579040E+01,5.394053623872E-02,8.128312169702E+00
2,0.7740,2.511168269338E+01,5.358923877807E-02,8.117810474392E+00
2,0.7750,2.506004837657E+01,5.323884789151E-02,8.107335880232E+00
2,0.7760,2.500852950426E+01,5.288936007425E-02,8.096888282448E+00
2,0.7770,2.495713160786E+01,5.254077183952E-02,8.086467576808E+00
2,0.7780,2.490583895417E+01,5.219307971851E-02,8.076073659614E+00
2,0.7790,2.485466992249E+01,5.184628026020E-02,8.065706427702E+00
2,0.7800,2.480361220917E+01,5.150037003127E-02,8.055365778435E+00
2,0.7810,2.475266003112E+01,5.098446871980E-02,8.045051609705E+00
2,0.7820,2.470182839174E+01,5.046988684902E-02,8.034763819923E+00
2,0.7830,2.465110929077E+01,4.995661936360E-02,8.024502308020E+00
2,0.7840,2.460049925735E+01,4.944466123402E-02,8.014266973443E+00
2,0.7850,2.454999775564E+01,4.893400745635E-02,8.004057716152E+00
2,0.7860,2.449961167437E+01,4.842465305217E-02,7.993874436615E+00
2,0.7870,2.444933857573E+01,4.791659306833E-02,7.983717035806E+00
2,0.7880,2.439916658247E+01,4.740982257684E-02,7.973585415203E+00
2,0.7890,2.434910802635E+01,4.690433667467E-02,7.963479476780E+00
2,0.7900,2.429915842200E+01,4.640013048365E-02,7.953399123012E+00
2,0.7910,2.424932235122E+01,4.600570523281E-02,7.943344256864E+00
2,0.7920,2.419958970947E+01,4.561227600532E-02,7.933314781792E+00
2,0.7930,2.414996281300E+01,4.521983903314E-02,7.923310601740E+00
2,0.7940,2.410044955244E+01,4.482839056719E-02,7.913331621133E+00
2,0.7950,2.405103584117E+01,4.443792687725E-02,7.903377744880E+00
2,0.7960,2.400173253327E+01,4.404844425186E-02,7.893448878366E+00
2,0.7970,2.395253992580E+01,4.365993899817E-02,7.883544927452E+00
2,0.7980,2.390344881342E+01,4.327240744187E-02,7.873665798471E+00
2,0.7990,2.385446060296E+01,4.288584592700E-02,7.863811398222E+00
2,0.8000,2.380558447573E+01,4.250025081593E-02,7.853981633974E+00
2,0.8010,2.375770640693E+01,4.212103097087E-02,7.844176413458E+00
2,0.8020,2.370993261127E+01,4.174275681122E-02,7.834395644862E+00
2,0.8030,2.366226765206E+01,4.136542480389E-02,7.824639236836E+00
2,0.8040,2.361469830648E+01,4.098903143340E-02,7.814907098482E+00
2,0.8050,2.356722838852E+01,4.061357320171E-02,7.805199139354E+00
2,0.8060,2.351986437134E+01,4.023904662817E-02,7.795515269454E+00
2,0.8070,2.347259454750E+01,3.986544824936E-02,7.785855399231E+00
2,0.8080,2.342542840298E+01,3.949277461901E-02,7.776219439579E+00
2,0.8090,2.337836214503E+01,3.912102230790E-02,7.766607301829E+00
2,0.8100,2.333140172515E+01,3.875018790372E-02,7.757018897753E+00
2,0.8110,2.328453394466E+01,3.840637693148E-02,7.747454139556E+00
2,0.8120,2.323776784020E+01,3.806341278429E-02,7.737912939876E+00
2,0.8130,2.319109740789E+01,3.772129233734E-02,7.728395211783E+00
2,0.8140,2.314452464817E+01,3.738001248116E-02,7.718900868771E+00
2,0.8150,2.309805281159E+01,3.703957012157E-02,7.709429824760E+00
2,0.8160,2.305167085097E+01,3.669996217952E-02,7.699981994093E+00
2,0.8170,2.300539119066E+01,3.636118559107E-02,7.690557291529E+00
2,0.8180,2.295921032853E+01,3.602323730723E-02,7.681155632249E+00
2,0.8190,2.291312088989E+01,3.568611429393E-02,7.671776931843E+00
2,0.8200,2.286713210324E+01,3.534981353188E-02,7.662421106317E+00
2,0.8210,2.282123558055E+01,3.504655151729E-02,7.653088072082E+00
2,0.8220,2.277543353012E+01,3.474402736649E-02,7.643777745961E+00
2,0.8230,2.272973102792E+01,3.444223838981E-02,7.634490045176E+00
2,0.8240,2.268411821518E+01,3.414118191064E-02,7.625224887354E+00
2,0.8250,2.263860133113E+01,3.384085526536E-02,7.615982190521E+00
2,0.8260,2.259317590329E+01,3.354125580324E-02,7.606761873099E+00
2,0.8270,2.254784551821E+01,3.324238088638E-02,7.597563853905E+00
2,0.8280,2.250260811133E+01,3.294422788960E-02,7.588388052149E+00
2,0.8290,2.245745845928E+01,3.264679420042E-02,7.579234387430E+00
2,0.8300,2.241240730700E+01,3.235007721892E-02,7.570102779734E+00
2,0.8310,2.236744492821E+01,3.206201340052E-02,7.560993149434E+00
2,0.8320,2.232257742136E+01,3.177464204322E-02,7.551905417283E+00
2,0.8330,2.227780268975E+01,3.148796065316E-02,7.542839504417E+00
2,0.8340,2.223311071562E+01,3.120196674846E-02,7.533795332350E+00
2,0.8350,2.218851582815E+01,3.091665785909E-02,7.524772822970E+00
2,0.8360,2.214401078378E+01,3.063203152688E-02,7.515771898540E+00
2,0.8370,2.209959624211E+01,3.034808530538E-02,7.506792481696E+00
2,0.8380,2.205527157286E+01,3.006481675982E-02,7.497834495441E+00
2,0.8390,2.201103222555E+01,2.978222346705E-02,7.488897863146E+00
2,0.8400,2.196688412335E+01,2.950030301546E-02,7.479982508547E+00
2,0.8410,2.192369318935E+01,2.921725994369E-02,7.471088355743E+00
2,0.8420,2.188059155579E+01,2.893488918325E-02,7.462215329192E+00
2,0.8430,2.183757734985E+01,2.865318834158E-02,7.453363353712E+00
2,0.8440,2.179464693682E+01,2.837215503745E-02,7.444532354478E+00
2,0.8450,2.175179891881E+01,2.809178690090E-02,7.435722257017E+00
2,0.8460,2.170904497573E+01,2.781208157318E-02,7.426932987210E+00
2,0.8470,2.166636571268E+01,2.753303670669E-02,7.418164471286E+00
2,0.8480,2.162378224081E+01,2.725464996489E-02,7.409416635825E+00
2,0.8490,2.158127712339E+01,2.697691902224E-02,7.400689407750E+00
2,0.8500,2.153885766826E+01,2.669984156416E-02,7.391982714329E+00
2,0.8510,2.149652172771E+01,2.642193862764E-02,7.383296483172E+00
2,0.8520,2.145426842223E+01,2.614468804544E-02,7.374630642230E+00
2,0.8530,2.141210493065E+01,2.586808752323E-02,7.365985119788E+00
2,0.8540,2.137001903974E+01,2.559213477741E-02,7.357359844473E+00
2,0.8550,2.132801881321E+01,2.531682753509E-02,7.348754745239E+00
2,0.8560,2.128609818248E+01,2.504216353399E-02,7.340169751378E+00
2,0.8570,2.124426081214E+01,2.476814052239E-02,7.331604792508E+00
2,0.8580,2.120250430384E+01,2.449475625907E-02,7.323059798578E+00
2,0.8590,2.116083078631E+01,2.422200851324E-02,7.314534699860E+00
2,0.8600,2.111923942788E+01,2.394989506449E-02,7.306029426953E+00
2,0.8610,2.107858425969E+01,2.370738495207E-02,7.297543910778E+00
2,0.8620,2.103800684176E+01,2.346543750811E-02,7.289078082575E+00
2,0.8630,2.099751392024E+01,2.322405077666E-02,7.280631873904E+00
2,0.8640,2.095709600544E+01,2.298322281078E-02,7.272205216643E+00
2,0.8650,2.091675664529E+01,2.274295167258E-02,7.263798042982E+00
2,0.8660,2.087649354916E+01,2.250323543307E-02,7.255410285427E+00
2,0.8670,2.083631186578E+01,2.226407217221E-02,7.247041876793E+00
2,0.8680,2.079620483092E+01,2.202545997876E-02,7.238692750207E+00
2,0.8690,2.075617534973E+01,2.178739695032E-02,7.230362839102E+00
2,0.8700,2.071622471525E+01,2.154988119321E-02,7.222052077218E+00
2,0.8710,2.067550368720E+01,2.130742836455E-02,7.213760398599E+00
2,0.8720,2.063486130118E+01,2.106553162036E-02,7.205487737591E+00
2,0.8730,2.059429625688E+01,2.082418904969E-02,7.197234028843E+00
2,0.8740,2.055380695328E+01,2.058339875036E-02,7.188999207299E+00
2,0.8750,2.051339652080E+01,2.034315882885E-02,7.180783208205E+00
2,0.8760,2.047306367327E+01,2.010346740031E-02,7.172585967100E+00
2,0.8770,2.043280738792E+01,1.986432258848E-02,7.164407419817E+00
2,0.8780,2.039262801628E+01,1.962572252566E-02,7.156247502482E+00
2,0.8790,2.035252090863E+01,1.938766535262E-02,7.148106151513E+00
2,0.8800,2.031249407633E+01,1.915014921862E-02,7.139983303613E+00
2,0.8810,2.027337811726E+01,1.894811848788E-02,7.131878895777E+00
2,0.8820,2.023434562749E+01,1.874654587671E-02,7.123792865283E+00
2,0.8830,2.019538070258E+01,1.854542982864E-02,7.115725149694E+00
2,0.8840,2.015648661143E+01,1.834476879426E-02,7.107675686855E+00
2,0.8850,2.011767490755E+01,1.814456123114E-02,7.099644414892E+00
2,0.8860,2.007892590344E+01,1.794480560383E-02,7.091631272212E+00
2,0.8870,2.004025770478E+01,1.774550038380E-02,7.083636197497E+00
2,0.8880,2.000166137737E+01,1.754664404939E-02,7.075659129707E+00
2,0.8890,1.996313444618E+01,1.734823508582E-02,7.067700008076E+00
2,0.8900,1.992467582289E+01,1.715027198509E-02,7.059758772112E+00
2,0.8910,1.988629942965E+01,1.694824007135E-02,7.051835361593E+00
2,0.8920,1.984798186544E+01,1.674666114395E-02,7.043929716569E+00
2,0.8930,1.980974838581E+01,1.654553368113E-02,7.036041777357E+00
2,0.8940,1.977157545487E+01,1.634485616788E-02,7.028171484541E+00
2,0.8950,1.973347914304E+01,1.614462709600E-02,7.020318778972E+00
2,0.8960,1.969545327207E+01,1.594484496402E-02,7.012483601763E+00
2,0.8970,1.965749430982E+01,1.574550827714E-02,7.004665894292E+00
2,0.8980,1.961960585856E+01,1.554661554725E-02,6.996865598196E+00
2,0.8990,1.958179426556E+01,1.534816529285E-02,6.989082655372E+00
2,0.9000,1.954404472208E+01,1.515015603901E-02,6.981317007977E+00
2,0.9010,1.950636814019E+01,1.498856993134E-02,6.973568598424E+00
2,0.9020,1.946875691406E+01,1.482734210771E-02,6.965837369379E+00
2,0.9030,1.943121787151E+01,1.466647137783E-02,6.958123263765E+00
2,0.9040,1.939374575634E+01,1.450595655664E-02,6.950426224756E+00
2,0.9050,1.935634594737E+01,1.434579646434E-02,6.942746195779E+00
2,0.9060,1.931900863408E+01,1.418598992632E-02,6.935083120507E+00
2,0.9070,1.928174334914E+01,1.402653577318E-02,6.927436942866E+00
2,0.9080,1.924454152702E+01,1.386743284063E-02,6.919807607026E+00
2,0.9090,1.920741115441E+01,1.370867996955E-02,6.912195057403E+00
2,0.9100,1.917035052688E+01,1.355027600587E-02,6.904599238659E+00
2,0.9110,1.913334957186E+01,1.339373714504E-02,6.897020095697E+00
2,0.9120,1.909642152166E+01,1.323754157119E-02,6.889457573662E+00
2,0.9130,1.905956247342E+01,1.308168815631E-02,6.881911617940E+00
2,0.9140,1.902276238710E+01,1.292617577735E-02,6.874382174157E+00
2,0.9150,1.898602723919E+01,1.277100331617E-02,6.866869188174E+00
2,0.9160,1.894936588655E+01,1.261616965948E-02,6.859372606091E+00
2,0.9170,1.891276890870E+01,1.246167369888E-02,6.851892374242E+00
2,0.9180,1.887623523637E+01,1.230751433079E-02,6.844428439193E+00
2,0.9190,1.883976635171E+01,1.215369045643E-02,6.836980747747E+00
2,0.9200,1.880336099183E+01,1.200020098179E-02,6.829549246934E+00
2,0.9210,1.876784131248E+01,1.184363375069E-02,6.822133884017E+00
2,0.9220,1.873238123938E+01,1.168740614481E-02,6.814734606485E+00
2,0.9230,1.869698779260E+01,1.153151706030E-02,6.807351362058E+00
2,0.9240,1.866165544963E+01,1.137596539804E-02,6.799984098679E+00
2,0.9250,1.862638255286E+01,1.122075006371E-02,6.792632764518E+00
2,0.9260,1.859117351100E+01,1.106586996767E-02,6.785297307969E+00
2,0.9270,1.855603428042E+01,1.091132402503E-02,6.777977677648E+00
2,0.9280,1.852095174032E+01,1.075711115554E-02,6.770673822392E+00
2,0.9290,1.848593371885E+01,1.060323028361E-02,6.763385691259E+00
2,0.9300,1.845097188894E+01,1.044968033830E-02,6.756113233526E+00
2,0.9310,1.841526529208E+01,1.031846152508E-02,6.748856398689E+00
2,0.9320,1.837962257998E+01,1.018752429731E-02,6.741615136459E+00
2,0.9330,1.834403872158E+01,1.005686774955E-02,6.734389396763E+00
2,0.9340,1.830851891926E+01,9.926490980266E-03,6.727179129743E+00
2,0.9350,1.827306104439E+01,9.796393091771E-03,6.719984285754E+00
2,0.9360,1.823766573400E+01,9.666573190219E-03,6.712804815363E+00
2,0.9370,1.820232913331E+01,9.537030385574E-03,6.705640669349E+00
2,0.9380,1.816705555713E+01,9.407763791601E-03,6.698491798699E+00
2,0.9390,1.813184348010E+01,9.278772525836E-03,6.691358154611E+00
2,0.9400,1.809669304178E+01,9.150055709572E-03,6.684239688489E+00
2,0.9410,1.806240773195E+01,9.013733446944E-03,6.677136351944E+00
2,0.9420,1.802818077780E+01,8.877700615870E-03,6.670048096794E+00
2,0.9430,1.799401071192E+01,8.741956295573E-03,6.662974875058E+00
2,0.9440,1.795990626025E+01,8.606499569175E-03,6.655916638961E+00
2,0.9450,1.792585421857E+01,8.471329523680E-03,6.648873340931E+00
2,0.9460,1.789186175955E+01,8.336445249951E-03,6.641844933594E+00
2,0.9470,1.785793352249E+01,8.201845842692E-03,6.634831369778E+00
2,0.9480,1.782406066881E+01,8.067530400427E-03,6.627832602510E+00
2,0.9490,1.779024225732E+01,7.933498025480E-03,6.620848585015E+00
2,0.9500,1.775648157037E+01,7.799747823955E-03,6.613879270715E+00
2,0.9510,1.772278538680E+01,7.688742449398E-03,6.606924613228E+00
2,0.9520,1.768914139011E+01,7.577970279409E-03,6.599984566365E+00
2,0.9530,1.765555872898E+01,7.467430579872E-03,6.593059084134E+00
2,0.9540,1.762202934761E+01,7.357122619746E-03,6.586148120733E+00
2,0.9550,1.758855857943E+01,7.247045671056E-03,6.579251630555E+00
2,0.9560,1.755514031347E+01,7.137199008869E-03,6.572369568179E+00
2,0.9570,1.752178526928E+01,7.027581911284E-03,6.565501888380E+00
2,0.9580,1.748848568188E+01,6.918193659415E-03,6.558648546116E+00
2,0.9590,1.745523873406E+01,6.809033537372E-03,6.551809496538E+00
2,0.9600,1.742205361349E+01,6.700100832250E-03,6.544984694979E+00
2,0.9610,1.738891804675E+01,6.594108176361E-03,6.538174096961E+00
2,0.9620,1.735583895225E+01,6.488335879423E-03,6.531377658191E+00
2,0.9630,1.732281623332E+01,6.382783254962E-03,6.524595334558E+00
2,0.9640,1.728985009504E+01,6.277449619347E-03,6.517827082136E+00
2,0.9650,1.725693896727E+01,6.172334291786E-03,6.511072857181E+00
2,0.9660,1.722408636226E+01,6.067436594303E-03,6.504332616128E+00
2,0.9670,1.719127956038E+01,5.962755851726E-03,6.497606315594E+00
2,0.9680,1.715853632221E+01,5.858291391675E-03,6.490893912376E+00
2,0.9690,1.712584515242E+01,5.754042544545E-03,6.484195363446E+00
2,0.9700,1.709320714808E+01,5.650008643492E-03,6.477510625958E+00
2,0.9710,1.706062071505E+01,5.564216783703E-03,6.470839657240E+00
2,0.9720,1.702809439657E+01,5.478601450375E-03,6.464182414794E+00
2,0.9730,1.699562078691E+01,5.393162099232E-03,6.457538856300E+00
2,0.9740,1.696319725598E+01,5.307898188236E-03,6.450908939609E+00
2,0.9750,1.693082817877E+01,5.222809177569E-03,6.444292622748E+00
2,0.9760,1.689850919938E+01,5.137894529630E-03,6.437689863914E+00
2,0.9770,1.686625360508E+01,5.053153709015E-03,6.431100621473E+00
2,0.9780,1.683404283200E+01,4.968586182511E-03,6.424524853967E+00
2,0.9790,1.680188671939E+01,4.884191419085E-03,6.417962520102E+00
2,0.9800,1.676978255655E+01,4.799968889870E-03,6.411413578755E+00
2,0.9810,1.673772763015E+01,4.714195155978E-03,6.404877988970E+00
2,0.9820,1.670573067624E+01,4.628596114007E-03,6.398355709959E+00
2,0.9830,1.667378678040E+01,4.543171230820E-03,6.391846701098E+00
2,0.9840,1.664189108704E+01,4.457919975444E-03,6.385350921930E+00
2,0.9850,1.661004866710E+01,4.372841819064E-03,6.378868332162E+00
2,0.9860,1.657825661191E+01,4.287936235009E-03,6.372398891663E+00
2,0.9870,1.654651842276E+01,4.203202698743E-03,6.365942560466E+00
2,0.9880,1.651482997087E+01,4.118640687855E-03,6.359499298765E+00
2,0.9890,1.648318972783E+01,4.034249682044E-03,6.353069066916E+00
2,0.9900,1.645160447550E+01,3.950029163114E-03,6.346651825434E+00
2,0.9910,1.642084999959E+01,3.874347741704E-03,6.340247534995E+00
2,0.9920,1.639014488286E+01,3.798818903806E-03,6.333856156431E+00
2,0.9930,1.635948358788E+01,3.723442188441E-03,6.327477650735E+00
2,0.9940,1.632887487000E+01,3.648217136487E-03,6.321111979054E+00
2,0.9950,1.629831734940E+01,3.573143290668E-03,6.314759102693E+00
2,0.9960,1.626780529696E+01,3.498220195543E-03,6.308418983112E+00
2,0.9970,1.623734889513E+01,3.423447397500E-03,6.302091581925E+00
2,0.9980,1.620693717126E+01,3.348824444743E-03,6.295776860901E+00
2,0.9990,1.617657553820E+01,3.274350887287E-03,6.289474781962E+00
2,1.0000,1.614625336573E+01,3.200026276947E-03,6.283185307180E+00
2,1.0010,1.611521716400E+01,3.134945407595E-03,6.276908398781E+00
2,1.0020,1.608422519174E+01,3.069994440179E-03,6.270644019141E+00
2,1.0030,1.605328819848E+01,3.005172986158E-03,6.264392130787E+00
2,1.0040,1.602239908367E+01,2.940480658538E-03,6.258152696394E+00
2,1.0050,1.599155155408E+01,2.875917071870E-03,6.251925678786E+00
2,1.0060,1.596075726921E+01,2.811481842232E-03,6.245711040934E+00
2,1.0070,1.593001062852E+01,2.747174587232E-03,6.239508745958E+00
2,1.0080,1.589931681238E+01,2.682994925991E-03,6.233318757123E+00
2,1.0090,1.586866706444E+01,2.618942479143E-03,6.227141037839E+00
2,1.0100,1.583806295985E+01,2.555016868823E-03,6.220975551663E+00
2,1.0110,1.580827719116E+01,2.498513919999E-03,6.214822262294E+00
2,1.0120,1.577853912643E+01,2.442122637081E-03,6.208681133577E+00
2,1.0130,1.574884533664E+01,2.385842689371E-03,6.202552129496E+00
2,1.0140,1.571920404978E+01,2.329673747476E-03,6.196435214181E+00
2,1.0150,1.568960201733E+01,2.273615483298E-03,6.190330351901E+00
2,1.0160,1.566005017857E+01,2.217667570034E-03,6.184237507067E+00
2,1.0170,1.563054534954E+01,2.161829682165E-03,6.178156644228E+00
2,1.0180,1.560108449233E+01,2.106101495451E-03,6.172087728074E+00
2,1.0190,1.557166885070E+01,2.050482686924E-03,6.166030723434E+00
2,1.0200,1.554229997536E+01,1.994972934885E-03,6.159985595274E+00
2,1.0210,1.551297705816E+01,1.946045876722E-03,6.153952308697E+00
2,1.0220,1.548369377512E+01,1.897214566227E-03,6.147930828943E+00
2,1.0230,1.545446800589E+01,1.848478722614E-03,6.141921121388E+00
2,1.0240,1.542527626962E+01,1.799838066196E-03,6.135923151543E+00
2,1.0250,1.539613481218E+01,1.751292318375E-03,6.129936885053E+00
2,1.0260,1.536703587429E+01,1.702841201642E-03,6.123962287699E+00
2,1.0270,1.533798538054E+01,1.654484439567E-03,6.117999325394E+00
2,1.0280,1.530897902677E+01,1.606221756795E-03,6.112047964182E+00
2,1.0290,1.528001282044E+01,1.558052879044E-03,6.106108170243E+00
2,1.0300,1.525109236304E+01,1.509977533093E-03,6.100179909883E+00
2,1.0310,1.522221844304E+01,1.471648759615E-03,6.094263149544E+00
2,1.0320,1.519338915292E+01,1.433394266705E-03,6.088357855794E+00
2,1.0330,1.516459892129E+01,1.395213838642E-03,6.082463995334E+00
2,1.0340,1.513586119074E+01,1.357107260535E-03,6.076581534990E+00
2,1.0350,1.510715932130E+01,1.319074318329E-03,6.070710441719E+00
2,1.0360,1.507850151525E+01,1.281114798791E-03,6.064850682606E+00
2,1.0370,1.504989612084E+01,1.243228489512E-03,6.059002224860E+00
2,1.0380,1.502132714973E+01,1.205415178903E-03,6.053165035818E+00
2,1.0390,1.499279642663E+01,1.167674656187E-03,6.047339082945E+00
2,1.0400,1.496431728837E+01,1.130006711399E-03,6.041524333827E+00
2,1.0410,1.493587802864E+01,1.098235605911E-03,6.035720756176E+00
2,1.0420,1.490748019115E+01,1.066525481431E-03,6.029928317831E+00
2,1.0430,1.487912511417E+01,1.034876162560E-03,6.024146986749E+00
2,1.0440,1.485081797136E+01,1.003287474567E-03,6.018376731015E+00
2,1.0450,1.482254720162E+01,9.717592433936E-04,6.012617518832E+00
2,1.0460,1.479432424456E+01,9.402912956450E-04,6.006869318527E+00
2,1.0470,1.476613637945E+01,9.088834585892E-04,6.001132098548E+00
2,1.0480,1.473799904244E+01,8.775355601539E-04,5.995405827461E+00
2,1.0490,1.470990014922E+01,8.462474289223E-04,5.989690473956E+00
2,1.0500,1.468184157800E+01,8.150188941313E-04,5.983986006838E+00
2,1.0510,1.465382393135E+01,7.887944313071E-04,5.978292395033E+00
2,1.0520,1.462584782246E+01,7.626198248760E-04,5.972609607585E+00
2,1.0530,1.459791658936E+01,7.364949327972E-04,5.966937613656E+00
2,1.0540,1.457002639640E+01,7.104196135686E-04,5.961276382523E+00
2,1.0550,1.454217366803E+01,6.843937262248E-04,5.955625883583E+00
2,1.0560,1.451436879921E+01,6.584171303343E-04,5.949986086344E+00
2,1.0570,1.448660194155E+01,6.324896859971E-04,5.944356960435E+00
2,1.0580,1.445887641102E+01,6.066112538419E-04,5.938738475595E+00
2,1.0590,1.443119106878E+01,5.807816950242E-04,5.933130601680E+00
2,1.0600,1.440354232952E+01,5.550008712231E-04,5.927533308660E+00
2,1.0610,1.437593927193E+01,5.393691167034E-04,5.921946566616E+00
2,1.0620,1.434837637157E+01,5.237668005161E-04,5.916370345743E+00
2,1.0630,1.432085049680E+01,5.081938395803E-04,5.910804616350E+00
2,1.0640,1.429337004686E+01,4.926501511275E-04,5.905249348853E+00
2,1.0650,1.426592854291E+01,4.771356527000E-04,5.899704513784E+00
2,1.0660,1.423852357236E+01,4.616502621494E-04,5.894170081782E+00
2,1.0670,1.421116099461E+01,4.461938976355E-04,5.888646023598E+00
2,1.0680,1.418383876302E+01,4.307664776244E-04,5.883132310093E+00
2,1.0690,1.415655422364E+01,4.153679208874E-04,5.877628912235E+00
2,1.0700,1.412930902498E+01,3.999981464995E-04,5.872135801102E+00
2,1.0710,1.410210767771E+01,3.909226591861E-04,5.866652947880E+00
2,1.0720,1.407494493438E+01,3.818641037520E-04,5.861180323862E+00
2,1.0730,1.404781321616E+01,3.728224328574E-04,5.855717900447E+00
2,1.0740,1.402073075006E+01,3.637975993388E-04,5.850265649143E+00
2,1.0750,1.399368649923E+01,3.547895562081E-04,5.844823541562E+00
2,1.0760,1.396667456051E+01,3.457982566521E-04,5.839391549423E+00
2,1.0770,1.393970890056E+01,3.368236540311E-04,5.833969644549E+00
2,1.0780,1.391277898727E+01,3.278657018788E-04,5.828557798868E+00
2,1.0790,1.388588720761E+01,3.189243539010E-04,5.823155984411E+00
2,1.0800,1.385902926039E+01,3.099995639751E-04,5.817764173314E+00
2,1.0810,1.383295481487E+01,3.024374338983E-04,5.812382337816E+00
2,1.0820,1.380690995200E+01,2.948892818808E-04,5.807010450258E+00
2,1.0830,1.378090823220E+01,2.873550692023E-04,5.801648483084E+00
2,1.0840,1.375494314904E+01,2.798347572851E-04,5.796296408837E+00
2,1.0850,1.372901395036E+01,2.723283076941E-04,5.790954200166E+00
2,1.0860,1.370311915277E+01,2.648356821354E-04,5.785621829815E+00
2,1.0870,1.367726844525E+01,2.573568424564E-04,5.780299270634E+00
2,1.0880,1.365144866776E+01,2.498917506444E-04,5.774986495569E+00
2,1.0890,1.362567162284E+01,2.424403688265E-04,5.769683477667E+00
2,1.0900,1.359992855099E+01,2.350026592689E-04,5.764390190073E+00
2,1.0910,1.357349491827E+01,2.289527072121E-04,5.759106606031E+00
2,1.0920,1.354709304313E+01,2.229138356536E-04,5.753832698882E+00
2,1.0930,1.352072752060E+01,2.168860141802E-04,5.748568442067E+00
2,1.0940,1.349440076854E+01,2.108692124902E-04,5.743313809122E+00
2,1.0950,1.346811347819E+01,2.048634003923E-04,5.738068773680E+00
2,1.0960,1.344186253050E+01,1.988685478055E-04,5.732833309470E+00
2,1.0970,1.341565038509E+01,1.928846247586E-04,5.727607390319E+00
2,1.0980,1.338947156135E+01,1.869116013893E-04,5.722390990145E+00
2,1.0990,1.336333160239E+01,1.809494479443E-04,5.717184082966E+00
2,1.1000,1.333722490968E+01,1.749981347782E-04,5.711986642891E+00
2,1.1010,1.331188865441E+01,1.709654151404E-04,5.706798644123E+00
2,1.1020,1.328657829411E+01,1.669400144129E-04,5.701620060962E+00
2,1.1030,1.326131375907E+01,1.629219126895E-04,5.696450867797E+00
2,1.1040,1.323607867987E+01,1.589110901359E-04,5.691291039112E+00
2,1.1050,1.321088269100E+01,1.549075269896E-04,5.686140549484E+00
2,1.1060,1.318571983942E+01,1.509112035597E-04,5.680999373580E+00
2,1.1070,1.316058988034E+01,1.469221002263E-04,5.675867486160E+00
2,1.1080,1.313549733758E+01,1.429401974404E-04,5.670744862075E+00
2,1.1090,1.311043955165E+01,1.389654757236E-04,5.665631476267E+00
2,1.1100,1.308541759299E+01,1.349979156675E-04,5.660527303765E+00
2,1.1110,1.305970944826E+01,1.314695729630E-04,5.655432319694E+00
2,1.1120,1.303403352262E+01,1.279475761986E-04,5.650346499262E+00
2,1.1130,1.300839355649E+01,1.244319082694E-04,5.645269817771E+00
2,1.1140,1.298278315358E+01,1.209225521317E-04,5.640202250610E+00
2,1.1150,1.295721792798E+01,1.174194908033E-04,5.635143773255E+00
2,1.1160,1.293168189485E+01,1.139227073626E-04,5.630094361272E+00
2,1.1170,1.290617992600E+01,1.104321849486E-04,5.625053990313E+00
2,1.1180,1.288071842033E+01,1.069479067608E-04,5.620022636118E+00
2,1.1190,1.285529143194E+01,1.034698560586E-04,5.615000274513E+00
2,1.1200,1.282989078493E+01,9.999801616114E-05,5.609986881410E+00
2,1.1210,1.280525428493E+01,9.747793098372E-05,5.604982432810E+00
2,1.1220,1.278064718949E+01,9.496233793674E-05,5.599986904795E+00
2,1.1230,1.275607325026E+01,9.245122501986E-05,5.595000273535E+00
2,1.1240,1.273153243514E+01,8.994458027543E-05,5.590022515284E+00
2,1.1250,1.270703181154E+01,8.744239178832E-05,5.585053606382E+00
2,1.1260,1.268255721206E+01,8.494464768573E-05,5.580093523250E+00
2,1.1270,1.265811685748E+01,8.245133613701E-05,5.575142242395E+00
2,1.1280,1.263371039449E+01,7.996244535344E-05,5.570199740407E+00
2,1.1290,1.260934254829E+01,7.747796358810E-05,5.565265993959E+00
2,1.1300,1.258500383744E+01,7.499787913561E-05,5.560340979805E+00
2,1.1310,1.255997925319E+01,7.247818136859E-05,5.555424674783E+00
2,1.1320,1.253499475870E+01,6.996293536442E-05,5.550517055812E+00
2,1.1330,1.251003723236E+01,6.745212933554E-05,5.545618099894E+00
2,1.1340,1.248511844988E+01,6.494575153599E-05,5.540727784109E+00
2,1.1350,1.246023345019E+01,6.244379026119E-05,5.535846085621E+00
2,1.1360,1.243538175842E+01,5.994623384780E-05,5.530972981672E+00
2,1.1370,1.241056025878E+01,5.745307067347E-05,5.526108449586E+00
2,1.1380,1.238577285697E+01,5.496428915675E-05,5.521252466766E+00
2,1.1390,1.236102250191E+01,5.247987775683E-05,5.516405010693E+00
2,1.1400,1.233630089982E+01,4.999982497339E-05,5.511566058929E+00
2,1.1410,1.231232705414E+01,4.838724508270E-05,5.506735589114E+00
2,1.1420,1.228838264259E+01,4.677748932491E-05,5.501913578966E+00
2,1.1430,1.226447477839E+01,4.517055028761E-05,5.497100006281E+00
2,1.1440,1.224059457978E+01,4.356642058429E-05,5.492294848933E+00
2,1.1450,1.221674814416E+01,4.196509285426E-05,5.487498084873E+00
2,1.1460,1.219293650315E+01,4.036655976249E-05,5.482709692129E+00
2,1.1470,1.216915433943E+01,3.877081399957E-05,5.477929648805E+00
2,1.1480,1.214540463822E+01,3.717784828153E-05,5.473157933083E+00
2,1.1490,1.212168617993E+01,3.558765534977E-05,5.468394523220E+00
2,1.1500,1.209799527007E+01,3.400022797094E-05,5.463639397547E+00
2,1.1510,1.207434020624E+01,3.269003205344E-05,5.458892534474E+00
2,1.1520,1.205072000829E+01,3.138211078164E-05,5.454153912482E+00
2,1.1530,1.202712889949E+01,3.007645823711E-05,5.449423510130E+00
2,1.1540,1.200356696820E+01,2.877306852194E-05,5.444701306048E+00
2,1.1550,1.198003771161E+01,2.747193575866E-05,5.439987278943E+00
2,1.1560,1.195653388318E+01,2.617305409013E-05,5.435281407595E+00
2,1.1570,1.193306832978E+01,2.487641767945E-05,5.430583670855E+00
2,1.1580,1.190963272235E+01,2.358202070990E-05,5.425894047651E+00
2,1.1590,1.188622565079E+01,2.228985738481E-05,5.421212516980E+00
2,1.1600,1.186285311846E+01,2.099992192753E-05,5.416539057913E+00
2,1.1610,1.183951197465E+01,1.999216480518E-05,5.411873649595E+00
2,1.1620,1.181619616357E+01,1.898614220455E-05,5.407216271239E+00
2,1.1630,1.179292140050E+01,1.798184965139E-05,5.402566902132E+00
2,1.1640,1.176966503841E+01,1.697928268680E-05,5.397925521632E+00
2,1.1650,1.174644588165E+01,1.597843686722E-05,5.393292109167E+00
2,1.1660,1.172325417102E+01,1.497930776431E-05,5.388666644236E+00
2,1.1670,1.170009873996E+01,1.398189096492E-05,5.384049106409E+00
2,1.1680,1.167696867849E+01,1.298618207101E-05,5.379439475325E+00
2,1.1690,1.165386788518E+01,1.199217669959E-05,5.374837730693E+00
2,1.1700,1.163080175035E+01,1.099987048265E-05,5.370243852290E+00
2,1.1710,1.160776627497E+01,1.021892751207E-05,5.365657819965E+00
2,1.1720,1.158475908898E+01,9.439317208681E-06,5.361079613634E+00
2,1.1730,1.156178264749E+01,8.661036164121E-06,5.356509213282E+00
2,1.1740,1.153883085719E+01,7.884080981646E-06,5.351946598960E+00
2,1.1750,1.151591248187E+01,7.108448276079E-06,5.347391750791E+00
2,1.1760,1.149302800273E+01,6.334134673751E-06,5.342844648962E+00
2,1.1770,1.147017073684E+01,5.561136812465E-06,5.338305273729E+00
2,1.1780,1.144734107672E+01,4.789451341435E-06,5.333773605416E+00
2,1.1790,1.142454552795E+01,4.019074921247E-06,5.329249624410E+00
2,1.1800,1.140177948463E+01,3.250004223805E-06,5.324733311169E+00
2,1.1810,1.137903638234E+01,3.103898861971E-06,5.320224646215E+00
2,1.1820,1.135632981734E+01,2.958040717332E-06,5.315723610135E+00
2,1.1830,1.133364834803E+01,2.812429162962E-06,5.311230183584E+00
2,1.1840,1.131100218645E+01,2.667063574056E-06,5.306744347280E+00
2,1.1850,1.128838058871E+01,2.521943327916E-06,5.302266082008E+00
2,1.1860,1.126579204828E+01,2.377067803945E-06,5.297795368617E+00
2,1.1870,1.124322753581E+01,2.232436383636E-06,5.293332188020E+00
2,1.1880,1.122069388862E+01,2.088048450568E-06,5.288876521195E+00
2,1.1890,1.119819475880E+01,1.943903390389E-06,5.284428349184E+00
2,1.1900,1.117571946133E+01,1.800000590816E-06,5.279987653092E+00
2,1.1910,1.115327534019E+01,1.729469176907E-06,5.275554414089E+00
2,1.1920,1.113085863631E+01,1.659056104298E-06,5.271128613406E+00
2,1.1930,1.110847195779E+01,1.588761075397E-06,5.266710232338E+00
2,1.1940,1.108611130595E+01,1.518583793614E-06,5.262299252244E+00
2,1.1950,1.106378539373E+01,1.448523963348E-06,5.257895654544E+00
2,1.1960,1.104148207756E+01,1.378581289990E-06,5.253499420719E+00
2,1.1970,1.101921740627E+01,1.308755479911E-06,5.249110532314E+00
2,1.1980,1.099696815433E+01,1.239046240467E-06,5.244728970935E+00
2,1.1990,1.097475639606E+01,1.169453279988E-06,5.240354718248E+00
2,0.3000,1.025097172326E+02,8.867668863533E+01,2.094395102393E+01
2,0.3010,1.024653065022E+02,8.705447177761E+01,2.087436979129E+01
2,0.3020,1.024210852152E+02,8.544299807790E+01,2.080524936152E+01
2,0.3030,1.023771567852E+02,8.384216116828E+01,2.073658517221E+01
2,0.3040,1.023335227468E+02,8.225185608043E+01,2.066837272099E+01
2,0.3050,1.022901777960E+02,8.067197922267E+01,2.060060756452E+01
2,0.3060,1.022471203800E+02,7.910242835745E+01,2.053328531758E+01
2,0.3070,1.022043472722E+02,7.754310257929E+01,2.046640165205E+01
2,0.3080,1.021618510400E+02,7.599390229320E+01,2.039995229604E+01
2,0.3090,1.021196374893E+02,7.445472919343E+01,2.033393303294E+01
2,0.3100,1.020776935900E+02,7.292548624268E+01,2.026833970058E+01
2,0.3110,1.017197087900E+02,7.209500568704E+01,2.020316819029E+01
2,0.3120,1.013639315626E+02,7.126984872471E+01,2.013841444609E+01
2,0.3130,1.010103917882E+02,7.044996433082E+01,2.007407446383E+01
2,0.3140,1.006590628040E+02,6.963530213053E+01,2.001014429038E+01
2,0.3150,1.003099215493E+02,6.882581238864E+01,1.994662002279E+01
2,0.3160,9.996296120234E+01,6.802144599956E+01,1.988349780753E+01
2,0.3170,9.961814509714E+01,6.722215447729E+01,1.982077383968E+01
2,0.3180,9.927546406772E+01,6.642788994572E+01,1.975844436220E+01
2,0.3190,9.893489642099E+01,6.563860512908E+01,1.969650566514E+01
2,0.3200,9.859641765741E+01,6.485425334254E+01,1.963495408494E+01
2,0.3210,9.844324203217E+01,6.425486731426E+01,1.957378600367E+01
2,0.3220,9.829097751359E+01,6.365920418057E+01,1.951299784838E+01
2,0.3230,9.813967306991E+01,6.306722936349E+01,1.945258609034E+01
2,0.3240,9.798930762968E+01,6.247890871195E+01,1.939254724438E+01
2,0.3250,9.783987821755E+01,6.189420849519E+01,1.933287786824E+01
2,0.3260,9.769137358655E+01,6.131309539632E+01,1.927357456190E+01
2,0.3270,9.754379180020E+01,6.073553650601E+01,1.921463396691E+01
2,0.3280,9.739711495432E+01,6.016149931624E+01,1.915605276579E+01
2,0.3290,9.725134166630E+01,5.959095171426E+01,1.909782768140E+01
2,0.3300,9.710646426459E+01,5.902386197654E+01,1.903995547630E+01
2,0.3310,9.700692991961E+01,5.861205822652E+01,1.898243295220E+01
2,0.3320,9.690803931817E+01,5.820273522199E+01,1.892525694934E+01
2,0.3330,9.680976862798E+01,5.779587061388E+01,1.886842434588E+01
2,0.3340,9.671208311017E+01,5.739144232079E+01,1.881193205742E+01
2,0.3350,9.661497037896E+01,5.698942852497E+01,1.875577703636E+01
2,0.3360,9.651843971669E+01,5.658980766841E+01,1.869995627137E+01
2,0.3370,9.642247439774E+01,5.619255844899E+01,1.864446678688E+01
2,0.3380,9.632707199005E+01,5.579765981666E+01,1.858930564254E+01
2,0.3390,9.623223320133E+01,5.540509096977E+01,1.853446993268E+01
2,0.3400,9.613794737120E+01,5.501483135139E+01,1.847995678582E+01
2,0.3410,9.620752462954E+01,5.478163705799E+01,1.842576336416E+01
2,0.3420,9.627669151764E+01,5.454980647391E+01,1.837188686310E+01
2,0.3430,9.634546048691E+01,5.431932767166E+01,1.831832451073E+01
2,0.3440,9.641382176558E+01,5.409018886245E+01,1.826507356738E+01
2,0.3450,9.648179339650E+01,5.386237839416E+01,1.821213132516E+01
2,0.3460,9.654935891964E+01,5.363588474938E+01,1.815949510746E+01
2,0.3470,9.661654356531E+01,5.341069654348E+01,1.810716226853E+01
2,0.3480,9.668333662239E+01,5.318680252267E+01,1.805513019304E+01
2,0.3490,9.674974821924E+01,5.296419156215E+01,1.800339629564E+01
2,0.3500,9.681577589526E+01,5.274285266427E+01,1.795195802051E+01
2,0.3510,9.749943603206E+01,5.264271040272E+01,1.790081284097E+01
2,0.3520,9.817904126293E+01,5.254313713129E+01,1.784995825903E+01
2,0.3530,9.885463999446E+01,5.244412801437E+01,1.779939180504E+01
2,0.3540,9.952626930848E+01,5.234567827100E+01,1.774911103723E+01
2,0.3550,1.001939633990E+02,5.224778317407E+01,1.769911354135E+01
2,0.3560,1.008577626457E+02,5.215043804959E+01,1.764939693028E+01
2,0.3570,1.015177039463E+02,5.205363827595E+01,1.759995884364E+01
2,0.3580,1.021738209285E+02,5.195737928317E+01,1.755079694743E+01
2,0.3590,1.028261504288E+02,5.186165655219E+01,1.750190893365E+01
2,0.3600,1.034747286171E+02,5.176646561415E+01,1.745329251994E+01
2,0.3610,1.047084536566E+02,5.023937503926E+01,1.740494544925E+01
2,0.3620,1.059349226489E+02,4.872072142888E+01,1.735686548945E+01
2,0.3630,1.071542098056E+02,4.721043505601E+01,1.730905043300E+01
2,0.3640,1.083663967094E+02,4.570844695992E+01,1.726149809665E+01
2,0.3650,1.095715633446E+02,4.421468893559E+01,1.721420632104E+01
2,0.3660,1.107697663816E+02,4.272909352342E+01,1.716717297044E+01
2,0.3670,1.119610919686E+02,4.125159399904E+01,1.712039593237E+01
2,0.3680,1.131456087724E+02,3.978212436339E+01,1.707387311734E+01
2,0.3690,1.143233699453E+02,3.832061933281E+01,1.702760245848E+01
2,0.3700,1.154944608372E+02,3.686701432942E+01,1.698158191130E+01
2,0.3710,1.147029606658E+02,3.469300566511E+01,1.693580945331E+01
2,0.3720,1.139155669248E+02,3.253068521943E+01,1.689028308382E+01
2,0.3730,1.131322550287E+02,3.037995898525E+01,1.684500082354E+01
2,0.3740,1.123529916112E+02,2.824073396088E+01,1.679996071438E+01
2,0.3750,1.115777373884E+02,2.611291813664E+01,1.675516081915E+01
2,0.3760,1.108064629386E+02,2.399642048168E+01,1.671059922122E+01
2,0.3770,1.100391234473E+02,2.189115093098E+01,1.666627402435E+01
2,0.3780,1.092757048260E+02,1.979702037262E+01,1.662218335233E+01
2,0.3790,1.085161589911E+02,1.771394063515E+01,1.657832534876E+01
2,0.3800,1.077604556673E+02,1.564182447524E+01,1.653469817679E+01
2,0.3810,1.065028924341E+02,1.477455568688E+01,1.649130001884E+01
2,0.3820,1.052514695353E+02,1.391182757281E+01,1.644812907639E+01
2,0.3830,1.040061230310E+02,1.305360456638E+01,1.640518356966E+01
2,0.3840,1.027668100001E+02,1.219985147144E+01,1.636246173745E+01
2,0.3850,1.015334529273E+02,1.135053345752E+01,1.631996183683E+01
2,0.3860,1.003060048049E+02,1.050561605506E+01,1.627768214295E+01
2,0.3870,9.908439872455E+01,9.665065150811E+00,1.623562094878E+01
2,0.3880,9.786857899866E+01,8.828846983181E+00,1.619377656490E+01
2,0.3890,9.665848577259E+01,7.996928137750E+00,1.615214731923E+01
2,0.3900,9.545405673785E+01,7.169275542807E+00,1.611073155687E+01
2,0.3910,9.450262742686E+01,6.911503837898E+00,1.606952763985E+01
2,0.3920,9.355569652209E+01,6.655047294747E+00,1.602853394689E+01
2,0.3930,9.261321185724E+01,6.399895873954E+00,1.598774887323E+01
2,0.3940,9.167515315689E+01,6.146039638038E+00,1.594717083041E+01
2,0.3950,9.074145533304E+01,5.893468750152E+00,1.590679824602E+01
2,0.3960,8.981209646360E+01,5.642173472811E+00,1.586662956358E+01
2,0.3970,8.888702446320E+01,5.392144166640E+00,1.582666324227E+01
2,0.3980,8.796620068698E+01,5.143371289143E+00,1.578689775673E+01
2,0.3990,8.704958170925E+01,4.895845393489E+00,1.574733159694E+01
2,0.4000,8.613712252779E+01,4.649557127313E+00,1.570796326795E+01
2,0.4010,8.545818262270E+01,4.529847561859E+00,1.566879128972E+01
2,0.4020,8.478238291827E+01,4.410733566383E+00,1.562981419696E+01
2,0.4030,8.410968518751E+01,4.292210707361E+00,1.559103053891E+01
2,0.4040,8.344006613355E+01,4.174274595166E+00,1.555243887916E+01
2,0.4050,8.277350462239E+01,4.056920883525E+00,1.551403779551E+01
2,0.4060,8.210997622065E+01,3.940145268985E+00,1.547582587975E+01
2,0.4070,8.144944412503E+01,3.823943490389E+00,1.543780173754E+01
2,0.4080,8.079188822691E+01,3.708311328355E+00,1.539996398819E+01
2,0.4090,8.013728142043E+01,3.593244604766E+00,1.536231126450E+01
2,0.4100,7.948560136988E+01,3.478739182268E+00,1.532484221263E+01
2,0.4110,7.894993169689E+01,3.392308563657E+00,1.528755549192E+01
2,0.4120,7.841667491158E+01,3.306297511157E+00,1.525044977471E+01
2,0.4130,7.788580623278E+01,3.220702977070E+00,1.521352374620E+01
2,0.4140,7.735730618111E+01,3.135521943148E+00,1.517677610430E+01
2,0.4150,7.683116731816E+01,3.050751420233E+00,1.514020555947E+01
2,0.4160,7.630735684714E+01,2.966388447909E+00,1.510381083457E+01
2,0.4170,7.578586194420E+01,2.882430094157E+00,1.506759066470E+01
2,0.4180,7.526666097883E+01,2.798873455016E+00,1.503154379708E+01
2,0.4190,7.474973000950E+01,2.715715654249E+00,1.499566899088E+01
2,0.4200,7.423506126650E+01,2.632953843009E+00,1.495996501709E+01
2,0.4210,7.378574176496E+01,2.569986959374E+00,1.492443065838E+01
2,0.4220,7.333839808519E+01,2.507318496988E+00,1.488906470896E+01
2,0.4230,7.289300668758E+01,2.444946339389E+00,1.485386597442E+01
2,0.4240,7.244955102179E+01,2.382868390081E+00,1.481883327165E+01
2,0.4250,7.200801474836E+01,2.321082572299E+00,1.478396542866E+01
2,0.4260,7.156838579024E+01,2.259586828779E+00,1.474926128446E+01
2,0.4270,7.113064700345E+01,2.198379121528E+00,1.471471968895E+01
2,0.4280,7.069478755121E+01,2.137457431601E+00,1.468033950276E+01
2,0.4290,7.026078806583E+01,2.076819758877E+00,1.464611959716E+01
2,0.4300,6.982863337143E+01,2.016464121839E+00,1.461205885391E+01
2,0.4310,6.944812421927E+01,1.966593266679E+00,1.457815616515E+01
2,0.4320,6.906923613556E+01,1.916953295107E+00,1.454441043329E+01
2,0.4330,6.869196652109E+01,1.867542607469E+00,1.451082057085E+01
2,0.4340,6.831629016607E+01,1.818359618852E+00,1.447738550041E+01
2,0.4350,6.794220554074E+01,1.769402758918E+00,1.444410415444E+01
2,0.4360,6.756969226964E+01,1.720670471737E+00,1.441097547518E+01
2,0.4370,6.719874349735E+01,1.672161215618E+00,1.437799841460E+01
2,0.4380,6.682934508721E+01,1.623873462951E+00,1.434517193420E+01
2,0.4390,6.646148904362E+01,1.575805700047E+00,1.431249500496E+01
2,0.4400,6.609515238020E+01,1.527956426973E+00,1.427996660723E+01
2,0.4410,6.575403512920E+01,1.495002020225E+00,1.424758573057E+01
2,0.4420,6.541432216957E+01,1.462196728440E+00,1.421535137371E+01
2,0.4430,6.507602570294E+01,1.429539541810E+00,1.418326254442E+01
2,0.4440,6.473911591094E+01,1.397029459624E+00,1.415131825941E+01
2,0.4450,6.440358642521E+01,1.364665490167E+00,1.411951754422E+01
2,0.4460,6.406943818544E+01,1.332446650618E+00,1.408785943314E+01
2,0.4470,6.373664324728E+01,1.300371966950E+00,1.405634296908E+01
2,0.4480,6.340520421057E+01,1.268440473834E+00,1.402496720353E+01
2,0.4490,6.307511389353E+01,1.236651214541E+00,1.399373119639E+01
2,0.4500,6.274634853277E+01,1.205003240845E+00,1.396263401595E+01
2,0.4510,6.244362326671E+01,1.181543941427E+00,1.393167473876E+01
2,0.4520,6.214211255965E+01,1.158188444218E+00,1.390085244951E+01
2,0.4530,6.184182224485E+01,1.134936061787E+00,1.387016624101E+01
2,0.4540,6.154273271982E+01,1.111786112760E+00,1.383961521405E+01
2,0.4550,6.124484234750E+01,1.088737921749E+00,1.380919847732E+01
2,0.4560,6.094813794227E+01,1.065790819296E+00,1.377891514732E+01
2,0.4570,6.065261568416E+01,1.042944141799E+00,1.374876434831E+01
2,0.4580,6.035825725746E+01,1.020197231453E+00,1.371874521218E+01
2,0.4590,6.006506410262E+01,9.975494361844E-01,1.368885687839E+01
2,0.4600,5.977302269410E+01,9.750001095908E-01,1.365909849387E+01
2,0.4610,5.950211774882E+01,9.602165502576E-01,1.362946921297E+01
2,0.4620,5.923227591587E+01,9.454969890167E-01,1.359996819736E+01
2,0.4630,5.896348949304E+01,9.308410111938E-01,1.357059461594E+01
2,0.4640,5.869575544035E+01,9.162482056890E-01,1.354134764478E+01
2,0.4650,5.842906828828E+01,9.017181649391E-01,1.351222646705E+01
2,0.4660,5.816341572842E+01,8.872504848791E-01,1.348323027292E+01
2,0.4670,5.789879011734E+01,8.728447649050E-01,1.345435825949E+01
2,0.4680,5.763518351411E+01,8.585006078367E-01,1.342560963073E+01
2,0.4690,5.737259179783E+01,8.442176198818E-01,1.339698359740E+01
2,0.4700,5.711100949941E+01,8.299954105990E-01,1.336847937698E+01
2,0.4710,5.686726481094E+01,8.187857561508E-01,1.334009619359E+01
2,0.4720,5.662444785210E+01,8.076236002383E-01,1.331183327792E+01
2,0.4730,5.638256753308E+01,7.965086416024E-01,1.328368986719E+01
2,0.4740,5.614160352952E+01,7.854405815261E-01,1.325566520502E+01
2,0.4750,5.590155487383E+01,7.744191238081E-01,1.322775854143E+01
2,0.4760,5.566241687262E+01,7.634439747359E-01,1.319996913273E+01
2,0.4770,5.542418422425E+01,7.525148430602E-01,1.317229624147E+01
2,0.4780,5.518684135295E+01,7.416314399690E-01,1.314473913636E+01
2,0.4790,5.495039847216E+01,7.307934790619E-01,1.311729709223E+01
2,0.4800,5.471483059268E+01,7.200006763252E-01,1.308996938996E+01
2,0.4810,5.449256313621E+01,7.108320372249E-01,1.306275531638E+01
2,0.4820,5.427111779982E+01,7.017014422703E-01,1.303565416427E+01
2,0.4830,5.405050827509E+01,6.926086551623E-01,1.300866523226E+01
2,0.4840,5.383071353630E+01,6.835534415547E-01,1.298178782475E+01
2,0.4850,5.361173425853E+01,6.745355690342E-01,1.295502125192E+01
2,0.4860,5.339355951241E+01,6.655548071001E-01,1.292836482959E+01
2,0.4870,5.317619232315E+01,6.566109271453E-01,1.290181787922E+01
2,0.4880,5.295961060870E+01,6.477037024362E-01,1.287537972783E+01
2,0.4890,5.274383648930E+01,6.388329080940E-01,1.284904970793E+01
2,0.4900,5.252884524923E+01,6.299983210756E-01,1.282282715751E+01
2,0.4910,5.233227607541E+01,6.223603818808E-01,1.279671141992E+01
2,0.4920,5.213642147295E+01,6.147534912194E-01,1.277070184386E+01
2,0.4930,5.194128770427E+01,6.071774601550E-01,1.274479778333E+01
2,0.4940,5.174686144659E+01,5.996321012811E-01,1.271899859753E+01
2,0.4950,5.155313364109E+01,5.921172287057E-01,1.269330365087E+01
2,0.4960,5.136011456686E+01,5.846326580358E-01,1.266771231286E+01
2,0.4970,5.116778930449E+01,5.771782063626E-01,1.264222395811E+01
2,0.4980,5.097615128608E+01,5.697536922463E-01,1.261683796622E+01
2,0.4990,5.078520557149E+01,5.623589357017E-01,1.259155372180E+01
2,0.5000,5.059493403788E+01,5.549937581832E-01,1.256637061436E+01
2,0.5010,5.040934958059E+01,5.478686762100E-01,1.254128803828E+01
2,0.5020,5.022443016716E+01,5.407719810176E-01,1.251630539279E+01
2,0.5030,5.004016423167E+01,5.337035033011E-01,1.249142208187E+01
2,0.5040,4.985655377030E+01,5.266630750993E-01,1.246663751425E+01
2,0.5050,4.967358330440E+01,5.196505297815E-01,1.244195110333E+01
2,0.5060,4.949126219896E+01,5.126657020341E-01,1.241736226715E+01
2,0.5070,4.930958129834E+01,5.057084278479E-01,1.239287042836E+01
2,0.5080,4.912852820095E+01,4.987785445049E-01,1.236847501413E+01
2,0.5090,4.894811896286E+01,4.918758905661E-01,1.234417545615E+01
2,0.5100,4.876832442488E+01,4.850003058583E-01,1.231997119055E+01
2,0.5110,4.859573061236E+01,4.804214475246E-01,1.229586165789E+01
2,0.5120,4.842373826130E+01,4.758604753562E-01,1.227184630309E+01
2,0.5130,4.825233988171E+01,4.713172847558E-01,1.224792457540E+01
2,0.5140,4.808153823477E+01,4.667917719397E-01,1.222409592836E+01
2,0.5150,4.791131736391E+01,4.622838339308E-01,1.220035981977E+01
2,0.5160,4.774168226603E+01,4.577933685497E-01,1.217671571159E+01
2,0.5170,4.757263127142E+01,4.533202744081E-01,1.215316306998E+01
2,0.5180,4.740414443847E+01,4.488644509002E-01,1.212970136521E+01
2,0.5190,4.723624424574E+01,4.444257981958E-01,1.210633007164E+01
2,0.5200,4.706890504403E+01,4.400042172326E-01,1.208304866765E+01
2,0.5210,4.690990833928E+01,4.351714847982E-01,1.205985663566E+01
2,0.5220,4.675145130959E+01,4.303572685800E-01,1.203675346203E+01
2,0.5230,4.659351905229E+01,4.255614623665E-01,1.201373863705E+01
2,0.5240,4.643613238568E+01,4.207839607569E-01,1.199081165492E+01
2,0.5250,4.627927404926E+01,4.160246591534E-01,1.196797201368E+01
2,0.5260,4.612293532832E+01,4.112834537537E-01,1.194521921517E+01
2,0.5270,4.596712091526E+01,4.065602415434E-01,1.192255276505E+01
2,0.5280,4.581182624037E+01,4.018549202884E-01,1.189997217269E+01
2,0.5290,4.565704231746E+01,3.971673885278E-01,1.187747695119E+01
2,0.5300,4.550278165607E+01,3.924975455662E-01,1.185506661732E+01
2,0.5310,4.535285331873E+01,3.884298288572E-01,1.183274069149E+01
2,0.5320,4.520342406958E+01,3.843774043163E-01,1.181049869771E+01
2,0.5330,4.505448170935E+01,3.803401858712E-01,1.178834016356E+01
2,0.5340,4.490603268268E+01,3.763180880945E-01,1.176626462019E+01
2,0.5350,4.475807209959E+01,3.723110261973E-01,1.174427160220E+01
2,0.5360,4.461059302706E+01,3.683189160236E-01,1.172236064772E+01
2,0.5370,4.446359149282E+01,3.643416740442E-01,1.170053129829E+01
2,0.5380,4.431707188236E+01,3.603792173510E-01,1.167878309885E+01
2,0.5390,4.417102701932E+01,3.564314636510E-01,1.165711559774E+01
2,0.5400,4.402545255022E+01,3.524983312611E-01,1.163552834663E+01
2,0.5410,4.388538161825E+01,3.491441805176E-01,1.161402090052E+01
2,0.5420,4.374575741058E+01,3.458024067141E-01,1.159259281767E+01
2,0.5430,4.360659135355E+01,3.424729414697E-01,1.157124365963E+01
2,0.5440,4.346786768074E+01,3.391557169064E-01,1.154997299114E+01
2,0.5450,4.332958631793E+01,3.358506656442E-01,1.152878038015E+01
2,0.5460,4.319174388952E+01,3.325577207969E-01,1.150766539776E+01
2,0.5470,4.305434210848E+01,3.292768159674E-01,1.148662761824E+01
2,0.5480,4.291738401175E+01,3.260078852430E-01,1.146566661894E+01
2,0.5490,4.278085253366E+01,3.227508631916E-01,1.144478198029E+01
2,0.5500,4.264475045698E+01,3.195056848567E-01,1.142397328578E+01
2,0.5510,4.251279638774E+01,3.164057036630E-01,1.140324012192E+01
2,0.5520,4.238126339093E+01,3.133169542852E-01,1.138258207822E+01
2,0.5530,4.225014329687E+01,3.102393757912E-01,1.136199874716E+01
2,0.5540,4.211943171472E+01,3.071729076889E-01,1.134148972415E+01
2,0.5550,4.198912776887E+01,3.041174899221E-01,1.132105460753E+01
2,0.5560,4.185923421575E+01,3.010730628667E-01,1.130069299852E+01
2,0.5570,4.172974092609E+01,2.980395673267E-01,1.128040450122E+01
2,0.5580,4.160065071152E+01,2.950169445307E-01,1.126018872254E+01
2,0.5590,4.147195624730E+01,2.920051361274E-01,1.124004527224E+01
2,0.5600,4.134365499787E+01,2.890040841827E-01,1.121997376282E+01
2,0.5610,4.121820743260E+01,2.866666896486E-01,1.119997380959E+01
2,0.5620,4.109313611699E+01,2.843376132444E-01,1.118004503057E+01
2,0.5630,4.096845351691E+01,2.820168106464E-01,1.116018704650E+01
2,0.5640,4.084415095068E+01,2.797042378447E-01,1.114039948081E+01
2,0.5650,4.072022332089E+01,2.773998511415E-01,1.112068195961E+01
2,0.5660,4.059667611081E+01,2.751036071475E-01,1.110103411162E+01
2,0.5670,4.047349415568E+01,2.728154627795E-01,1.108145556822E+01
2,0.5680,4.035069272305E+01,2.705353752579E-01,1.106194596334E+01
2,0.5690,4.022825752349E+01,2.682633021037E-01,1.104250493353E+01
2,0.5700,4.010619549026E+01,2.659992011361E-01,1.102313211786E+01
2,0.5710,3.998812173262E+01,2.637650381238E-01,1.100382715793E+01
2,0.5720,3.987040685333E+01,2.615386868703E-01,1.098458969787E+01
2,0.5730,3.975304223447E+01,2.593201064764E-01,1.096541938426E+01
2,0.5740,3.963601979671E+01,2.571092563277E-01,1.094631586617E+01
2,0.5750,3.951935495870E+01,2.549060960926E-01,1.092727879509E+01
2,0.5760,3.940303320991E+01,2.527105857194E-01,1.090830782496E+01
2,0.5770,3.928705907278E+01,2.505226854341E-01,1.088940261210E+01
2,0.5780,3.917142280027E+01,2.483423557381E-01,1.087056281519E+01
2,0.5790,3.905612589449E+01,2.461695574055E-01,1.085178809530E+01
2,0.5800,3.894116861764E+01,2.440042514809E-01,1.083307811583E+01
2,0.5810,3.882893585362E+01,2.420237559709E-01,1.081443254248E+01
2,0.5820,3.871703479428E+01,2.400500662874E-01,1.079585104326E+01
2,0.5830,3.860546269981E+01,2.380831474090E-01,1.077733328847E+01
2,0.5840,3.849421126475E+01,2.361229645541E-01,1.075887895065E+01
2,0.5850,3.838328760230E+01,2.341694831791E-01,1.074048770458E+01
2,0.5860,3.827267839698E+01,2.322226689760E-01,1.072215922727E+01
2,0.5870,3.816238858175E+01,2.302824878708E-01,1.070389319792E+01
2,0.5880,3.805242519355E+01,2.283489060209E-01,1.068568929792E+01
2,0.5890,3.794277480980E+01,2.264218898141E-01,1.066754721083E+01
2,0.5900,3.783343836968E+01,2.245014058655E-01,1.064946662234E+01
2,0.5910,3.772676901515E+01,2.229021118543E-01,1.063144722027E+01
2,0.5920,3.762040871440E+01,2.213082208635E-01,1.061348869456E+01
2,0.5930,3.751434940410E+01,2.197197055589E-01,1.059559073723E+01
2,0.5940,3.740859546453E+01,2.181365387908E-01,1.057775304239E+01
2,0.5950,3.730313336370E+01,2.165586935916E-01,1.055997530618E+01
2,0.5960,3.719797415148E+01,2.149861431749E-01,1.054225722681E+01
2,0.5970,3.709311358561E+01,2.134188609339E-01,1.052459850449E+01
2,0.5980,3.698854363217E+01,2.118568204394E-01,1.050699884144E+01
2,0.5990,3.688427496316E+01,2.102999954392E-01,1.048945794187E+01
2,0.6000,3.678028798225E+01,2.087483598555E-01,1.047197551197E+01
2,0.6010,3.667776659842E+01,2.068453875867E-01,1.045455125987E+01
2,0.6020,3.657552644153E+01,2.049487374849E-01,1.043718489565E+01
2,0.6030,3.647357020934E+01,2.030583780965E-01,1.041987613131E+01
2,0.6040,3.637189560966E+01,2.011742781763E-01,1.040262468076E+01
2,0.6050,3.627050331942E+01,1.992964066856E-01,1.038543025980E+01
2,0.6060,3.616938753137E+01,1.974247327905E-01,1.036829258610E+01
2,0.6070,3.606855144366E+01,1.955592258606E-01,1.035121137921E+01
2,0.6080,3.596799230507E+01,1.936998554665E-01,1.033418636049E+01
2,0.6090,3.586770554862E+01,1.918465913792E-01,1.031721725317E+01
2,0.6100,3.576770082336E+01,1.899994035676E-01,1.030030378226E+01
2,0.6110,3.567026660343E+01,1.885788551254E-01,1.028344567460E+01
2,0.6120,3.557309807550E+01,1.871629489983E-01,1.026664265879E+01
2,0.6130,3.547619441863E+01,1.857516624670E-01,1.024989446522E+01
2,0.6140,3.537954858839E+01,1.843449729604E-01,1.023320082603E+01
2,0.6150,3.528317330979E+01,1.829428580537E-01,1.021656147509E+01
2,0.6160,3.518704701618E+01,1.815452954681E-01,1.019997614802E+01
2,0.6170,3.509118692434E+01,1.801522630692E-01,1.018344458214E+01
2,0.6180,3.499557924640E+01,1.787637388658E-01,1.016696651647E+01
2,0.6190,3.490022321625E+01,1.773797010088E-01,1.015054169173E+01
2,0.6200,3.480512680239E+01,1.760001277900E-01,1.013416985029E+01
2,0.6210,3.471142122927E+01,1.747828361126E-01,1.011785073620E+01
2,0.6220,3.461795873705E+01,1.735694585564E-01,1.010158409514E+01
2,0.6230,3.452475026963E+01,1.723599762732E-01,1.008536967445E+01
2,0.6240,3.443178873541E+01,1.711543705359E-01,1.006920722304E+01
2,0.6250,3.433906994018E+01,1.699526227368E-01,1.005309649149E+01
2,0.6260,3.424659375805E+01,1.687547143877E-01,1.003703723192E+01
2,0.6270,3.415435279503E+01,1.675606271177E-01,1.002102919805E+01
2,0.6280,3.406236005784E+01,1.663703426735E-01,1.000507214519E+01
2,0.6290,3.397060816258E+01,1.651838429175E-01,9.989165830174E+00
2,0.6300,3.387909382481E+01,1.640011098274E-01,9.973310011396E+00
2,0.6310,3.378894510807E+01,1.627335037055E-01,9.957504448779E+00
2,0.6320,3.369902931438E+01,1.614699089954E-01,9.941748903765E+00
2,0.6330,3.360934210752E+01,1.602103066856E-01,9.926043139304E+00
2,0.6340,3.351988677859E+01,1.589546778847E-01,9.910386919842E+00
2,0.6350,3.343066393026E+01,1.577030038202E-01,9.894780011306E+00
2,0.6360,3.334166553434E+01,1.564552658376E-01,9.879222181100E+00
2,0.6370,3.325289535670E+01,1.552114453998E-01,9.863713198084E+00
2,0.6380,3.316435183937E+01,1.539715240855E-01,9.848252832570E+00
2,0.6390,3.307603535461E+01,1.527354835892E-01,9.832840856306E+00
2,0.6400,3.298793802420E+01,1.515033057194E-01,9.817477042468E+00
2,0.6410,3.290118298327E+01,1.502857547756E-01,9.802161165647E+00
2,0.6420,3.281464458052E+01,1.490719968254E-01,9.786893001837E+00
2,0.6430,3.272833139996E+01,1.478620141721E-01,9.771672328429E+00
2,0.6440,3.264222792865E+01,1.466557892289E-01,9.756498924192E+00
2,0.6450,3.255634571217E+01,1.454533045181E-01,9.741372569271E+00
2,0.6460,3.247066821493E+01,1.442545426701E-01,9.726293045170E+00
2,0.6470,3.238521196575E+01,1.430594864230E-01,9.711260134744E+00
2,0.6480,3.229996303982E+01,1.418681186210E-01,9.696273622191E+00
2,0.6490,3.221492715215E+01,1.406804222144E-01,9.681333293035E+00
2,0.6500,3.213010553513E+01,1.394963802583E-01,9.666438934122E+00
2,0.6510,3.204659490322E+01,1.383816067262E-01,9.651590333609E+00
2,0.6520,3.196328967604E+01,1.372702527448E-01,9.636787280950E+00
2,0.6530,3.188019018074E+01,1.361623026040E-01,9.622029566891E+00
2,0.6540,3.179729141275E+01,1.350577406900E-01,9.607316983455E+00
2,0.6550,3.171459535002E+01,1.339565514841E-01,9.592649323938E+00
2,0.6560,3.163210065076E+01,1.328587195624E-01,9.578026382896E+00
2,0.6570,3.154980810230E+01,1.317642295948E-01,9.563447956133E+00
2,0.6580,3.146771393855E+01,1.306730663444E-01,9.548913840698E+00
2,0.6590,3.138581922910E+01,1.295852146669E-01,9.534423834870E+00
2,0.6600,3.130411977424E+01,1.285006595096E-01,9.519977738151E+00
2,0.6610,3.122371034697E+01,1.275885851522E-01,9.505575351255E+00
2,0.6620,3.114349785256E+01,1.266792663065E-01,9.491216476102E+00
2,0.6630,3.106347829358E+01,1.257726905041E-01,9.476900915806E+00
2,0.6640,3.098365065295E+01,1.248688453517E-01,9.462628474668E+00
2,0.6650,3.090400878695E+01,1.239677185306E-01,9.448398958165E+00
2,0.6660,3.082456051516E+01,1.230692977960E-01,9.434212172942E+00
2,0.6670,3.074529464683E+01,1.221735709767E-01,9.420067926806E+00
2,0.6680,3.066621381115E+01,1.212805259742E-01,9.405966028712E+00
2,0.6690,3.058732537153E+01,1.203901507625E-01,9.391906288759E+00
2,0.6700,3.050861837604E+01,1.195024333871E-01,9.377888518178E+00
2,0.6710,3.043009812175E+01,1.185396414913E-01,9.363912529329E+00
2,0.6720,3.035176019129E+01,1.175797150475E-01,9.349978135684E+00
2,0.6730,3.027360426541E+01,1.166226412826E-01,9.336085151827E+00
2,0.6740,3.019562955014E+01,1.156684074991E-01,9.322233393442E+00
2,0.6750,3.011784052013E+01,1.147170010751E-01,9.308422677303E+00
2,0.6760,3.004022219815E+01,1.137684094629E-01,9.294652821272E+00
2,0.6770,2.996278806673E+01,1.128226201894E-01,9.280923644283E+00
2,0.6780,2.988552740536E+01,1.118796208547E-01,9.267234966342E+00
2,0.6790,2.980844895946E+01,1.109393991321E-01,9.253586608512E+00
2,0.6800,2.973153966763E+01,1.100019427676E-01,9.239978392911E+00
2,0.6810,2.965588769630E+01,1.091908734748E-01,9.226410142701E+00
2,0.6820,2.958040090707E+01,1.083821826843E-01,9.212881682082E+00
2,0.6830,2.950509925939E+01,1.075758599489E-01,9.199392836281E+00
2,0.6840,2.942995468660E+01,1.067718948823E-01,9.185943431549E+00
2,0.6850,2.935498734243E+01,1.059702771589E-01,9.172533295153E+00
2,0.6860,2.928018283912E+01,1.051709965134E-01,9.159162255364E+00
2,0.6870,2.920555082153E+01,1.043740427403E-01,9.145830141455E+00
2,0.6880,2.913108329588E+01,1.035794056933E-01,9.132536783691E+00
2,0.6890,2.905678298741E+01,1.027870752850E-01,9.119282013323E+00
2,0.6900,2.898264532000E+01,1.019970414865E-01,9.106065662579E+00
2,0.6910,2.891080828378E+01,1.012374822786E-01,9.092887564659E+00
2,0.6920,2.883913478226E+01,1.004801183286E-01,9.079747553728E+00
2,0.6930,2.876761894134E+01,9.972494013304E-02,9.066645464906E+00
2,0.6940,2.869626541677E+01,9.897193824355E-02,9.053581134265E+00
2,0.6950,2.862506006820E+01,9.822110326597E-02,9.040554398820E+00
2,0.6960,2.855401786577E+01,9.747242586017E-02,9.027565096522E+00
2,0.6970,2.848313161078E+01,9.672589673961E-02,9.014613066255E+00
2,0.6980,2.841240279898E+01,9.598150667096E-02,9.001698147822E+00
2,0.6990,2.834182224888E+01,9.523924647376E-02,8.988820181945E+00
2,0.7000,2.827140169447E+01,9.449910701998E-02,8.975979010257E+00
2,0.7010,2.820007262221E+01,9.394213535809E-02,8.963174475292E+00
2,0.7020,2.812889614121E+01,9.338675051004E-02,8.950406420484E+00
2,0.7030,2.805786896130E+01,9.283294570424E-02,8.937674690156E+00
2,0.7040,2.798699908031E+01,9.228071420755E-02,8.924979129516E+00
2,0.7050,2.791628186025E+01,9.173004932503E-02,8.912319584652E+00
2,0.7060,2.784570908199E+01,9.118094439968E-02,8.899695902521E+00
2,0.7070,2.777529065918E+01,9.063339281218E-02,8.887107930947E+00
2,0.7080,2.770501840685E+01,9.008738798057E-02,8.874555518615E+00
2,0.7090,2.763490047402E+01,8.954292336005E-02,8.862038515063E+00
2,0.7100,2.756492479268E+01,8.899999244268E-02,8.849556770675E+00
2,0.7110,2.749719994035E+01,8.849367208440E-02,8.837110136680E+00
2,0.7120,2.742962020608E+01,8.798877397431E-02,8.824698465140E+00
2,0.7130,2.736217971639E+01,8.748529212820E-02,8.812321608948E+00
2,0.7140,2.729488406661E+01,8.698322059539E-02,8.799979421820E+00
2,0.7150,2.722772653406E+01,8.648255345848E-02,8.787671758293E+00
2,0.7160,2.716071136761E+01,8.598328483312E-02,8.775398473715E+00
2,0.7170,2.709383412379E+01,8.548540886780E-02,8.763159424239E+00
2,0.7180,2.702710012182E+01,8.498891974362E-02,8.750954466824E+00
2,0.7190,2.696050092593E+01,8.449381167402E-02,8.738783459221E+00
2,0.7200,2.689403359170E+01,8.400007890461E-02,8.726646259972E+00
2,0.7210,2.682771310065E+01,8.329133361698E-02,8.714542728404E+00
2,0.7220,2.676152409853E+01,8.258455161270E-02,8.702472724625E+00
2,0.7230,2.669546536829E+01,8.187972474535E-02,8.690436109515E+00
2,0.7240,2.662955192347E+01,8.117684491356E-02,8.678432744723E+00
2,0.7250,2.656376211155E+01,8.047590406061E-02,8.666462492661E+00
2,0.7260,2.649810481447E+01,7.977689417419E-02,8.654525216501E+00
2,0.7270,2.643258972729E+01,7.907980728609E-02,8.642620780164E+00
2,0.7280,2.636719754394E+01,7.838463547186E-02,8.630749048324E+00
2,0.7290,2.630194131755E+01,7.769137085053E-02,8.618909886392E+00
2,0.7300,2.623681980434E+01,7.700000558433E-02,8.607103160520E+00
2,0.7310,2.617285965482E+01,7.639261726781E-02,8.595328737592E+00
2,0.7320,2.610902325988E+01,7.578688848221E-02,8.583586485218E+00
2,0.7330,2.604532117218E+01,7.518281243545E-02,8.571876271732E+00
2,0.7340,2.598174238380E+01,7.458038237247E-02,8.560197966185E+00
2,0.7350,2.591829359007E+01,7.397959157496E-02,8.548551438340E+00
2,0.7360,2.585496848138E+01,7.338043336115E-02,8.536936558668E+00
2,0.7370,2.579176534481E+01,7.278290108550E-02,8.525353198344E+00
2,0.7380,2.572868604449E+01,7.218698813851E-02,8.513801229241E+00
2,0.7390,2.566573003964E+01,7.159268794645E-02,8.502280523924E+00
2,0.7400,2.560290159425E+01,7.099999397113E-02,8.490790955648E+00
2,0.7410,2.554019164014E+01,7.044332579918E-02,8.479332398353E+00
2,0.7420,2.547760490844E+01,6.988815808052E-02,8.467904726657E+00
2,0.7430,2.541513960608E+01,6.933448475680E-02,8.456507815854E+00
2,0.7440,2.535279286636E+01,6.878229980222E-02,8.445141541908E+00
2,0.7450,2.529056258852E+01,6.823159722337E-02,8.433805781449E+00
2,0.7460,2.522845660674E+01,6.768237105893E-02,8.422500411769E+00
2,0.7470,2.516647487078E+01,6.713461537954E-02,8.411225310816E+00
2,0.7480,2.510460422593E+01,6.658832428753E-02,8.399980357192E+00
2,0.7490,2.504285004336E+01,6.604349191673E-02,8.388765430146E+00
2,0.7500,2.498121632143E+01,6.550011243224E-02,8.377580409573E+00
2,0.7510,2.492071776243E+01,6.489292191390E-02,8.366425176005E+00
2,0.7520,2.486033927390E+01,6.428734626396E-02,8.355299610611E+00
2,0.7530,2.480007109937E+01,6.368337904869E-02,8.344203595192E+00
2,0.7540,2.473992005899E+01,6.308101386846E-02,8.333137012175E+00
2,0.7550,2.467987335020E+01,6.248024435759E-02,8.322099744609E+00
2,0.7560,2.461994688049E+01,6.188106418404E-02,8.311091676163E+00
2,0.7570,2.456013066769E+01,6.128346704927E-02,8.300112691122E+00
2,0.7580,2.450042518633E+01,6.068744668793E-02,8.289162674379E+00
2,0.7590,2.444083327870E+01,6.009299686774E-02,8.278241511436E+00
2,0.7600,2.438134846516E+01,5.950011138917E-02,8.267349088394E+00
2,0.7610,2.432197586667E+01,5.904476839808E-02,8.256485291957E+00
2,0.7620,2.426270729737E+01,5.859062053295E-02,8.245650009422E+00
2,0.7630,2.420355255133E+01,5.813766309473E-02,8.234843128676E+00
2,0.7640,2.414450036519E+01,5.768589140896E-02,8.224064538193E+00
2,0.7650,2.408556326796E+01,5.723530082564E-02,8.213314127032E+00
2,0.7660,2.402672855623E+01,5.678588671903E-02,8.202591784830E+00
2,0.7670,2.396799370689E+01,5.633764448755E-02,8.191897401799E+00
2,0.7680,2.390937229903E+01,5.589056955354E-02,8.181230868723E+00
2,0.7690,2.385085735415E+01,5.544465736318E-02,8.170592076957E+00
2,0.7700,2.379244150728E+01,5.499990338630E-02,8.159980918415E+00
2,0.7710,2.373514294239E+01,5.464586499241E-02,8.149397285577E+00
2,0.7720,2.367795084360E+01,5.429274379642E-02,8.138841071476E+00
2,0.7730,2.362085787381E+01,5.394053623872E-02,8.128312169702E+00
2,0.7740,2.356386168630E+01,5.358923877807E-02,8.117810474392E+00
2,0.7750,2.350697415392E+01,5.323884789151E-02,8.107335880232E+00
2,0.7760,2.345018118332E+01,5.288936007425E-02,8.096888282448E+00
2,0.7770,2.339349673708E+01,5.254077183952E-02,8.086467576808E+00
2,0.7780,2.333690611637E+01,5.219307971851E-02,8.076073659614E+00
2,0.7790,2.328040849128E+01,5.184628026020E-02,8.065706427702E+00
2,0.7800,2.322402164957E+01,5.150037003127E-02,8.055365778435E+00
2,0.7810,2.316772181254E+01,5.098446871980E-02,8.045051609705E+00
2,0.7820,2.311152752620E+01,5.046988684902E-02,8.034763819923E+00
2,0.7830,2.305542692050E+01,4.995661936360E-02,8.024502308020E+00
2,0.7840,2.299942522444E+01,4.944466123402E-02,8.014266973443E+00
2,0.7850,2.294351825851E+01,4.893400745635E-02,8.004057716152E+00
2,0.7860,2.288770797939E+01,4.842465305217E-02,7.993874436615E+00
2,0.7870,2.283198711082E+01,4.791659306833E-02,7.983717035806E+00
2,0.7880,2.277636338429E+01,4.740982257684E-02,7.973585415203E+00
2,0.7890,2.272083915495E+01,4.690433667467E-02,7.963479476780E+00
2,0.7900,2.266540460050E+01,4.640013048365E-02,7.953399123012E+00
2,0.7910,2.261006225556E+01,4.600570523281E-02,7.943344256864E+00
2,0.7920,2.255481647359E+01,4.561227600532E-02,7.933314781792E+00
2,0.7930,2.249965996369E+01,4.521983903314E-02,7.923310601740E+00
2,0.7940,2.244459865999E+01,4.482839056719E-02,7.913331621133E+00
2,0.7950,2.238962760892E+01,4.443792687725E-02,7.903377744880E+00
2,0.7960,2.233474188475E+01,4.404844425186E-02,7.893448878366E+00
2,0.7970,2.227995085744E+01,4.365993899817E-02,7.883544927452E+00
2,0.7980,2.222525355837E+01,4.327240744187E-02,7.873665798471E+00
2,0.7990,2.217064381296E+01,4.288584592700E-02,7.863811398222E+00
2,0.8000,2.211612107076E+01,4.250025081593E-02,7.853981633974E+00
2,0.8010,2.206268624358E+01,4.212103097087E-02,7.844176413458E+00
2,0.8020,2.200933724881E+01,4.174275681122E-02,7.834395644862E+00
2,0.8030,2.195607847087E+01,4.136542480389E-02,7.824639236836E+00
2,0.8040,2.190290040889E+01,4.098903143340E-02,7.814907098482E+00
2,0.8050,2.184981269683E+01,4.061357320171E-02,7.805199139354E+00
2,0.8060,2.179680919661E+01,4.023904662817E-02,7.795515269454E+00
2,0.8070,2.174388678610E+01,3.986544824936E-02,7.785855399231E+00
2,0.8080,2.169105606751E+01,3.949277461901E-02,7.776219439579E+00
2,0.8090,2.163830881363E+01,3.912102230790E-02,7.766607301829E+00
2,0.8100,2.158564301378E+01,3.875018790372E-02,7.757018897753E+00
2,0.8110,2.153305805219E+01,3.840637693148E-02,7.747454139556E+00
2,0.8120,2.148056235907E+01,3.806341278429E-02,7.737912939876E+00
2,0.8130,2.142814426725E+01,3.772129233734E-02,7.728395211783E+00
2,0.8140,2.137581265241E+01,3.738001248116E-02,7.718900868771E+00
2,0.8150,2.132356123299E+01,3.703957012157E-02,7.709429824760E+00
2,0.8160,2.127139288850E+01,3.669996217952E-02,7.699981994093E+00
2,0.8170,2.121930411235E+01,3.636118559107E-02,7.690557291529E+00
2,0.8180,2.116730076587E+01,3.602323730723E-02,7.681155632249E+00
2,0.8190,2.111537111086E+01,3.568611429393E-02,7.671776931843E+00
2,0.8200,2.106352231509E+01,3.534981353188E-02,7.662421106317E+00
2,0.8210,2.101175398481E+01,3.504655151729E-02,7.653088072082E+00
2,0.8220,2.096006641124E+01,3.474402736649E-02,7.643777745961E+00
2,0.8230,2.090845997672E+01,3.444223838981E-02,7.634490045176E+00
2,0.8240,2.085692782344E+01,3.414118191064E-02,7.625224887354E+00
2,0.8250,2.080547155251E+01,3.384085526536E-02,7.615982190521E+00
2,0.8260,2.075408966408E+01,3.354125580324E-02,7.606761873099E+00
2,0.8270,2.070279404273E+01,3.324238088638E-02,7.597563853905E+00
2,0.8280,2.065156813603E+01,3.294422788960E-02,7.588388052149E+00
2,0.8290,2.060042491921E+01,3.264679420042E-02,7.579234387430E+00
2,0.8300,2.054935523937E+01,3.235007721892E-02,7.570102779734E+00
2,0.8310,2.049835691866E+01,3.206201340052E-02,7.560993149434E+00
2,0.8320,2.044744174610E+01,3.177464204322E-02,7.551905417283E+00
2,0.8330,2.039659562432E+01,3.148796065316E-02,7.542839504417E+00
2,0.8340,2.034582409362E+01,3.120196674846E-02,7.533795332350E+00
2,0.8350,2.029513114554E+01,3.091665785909E-02,7.524772822970E+00
2,0.8360,2.024450972771E+01,3.063203152688E-02,7.515771898540E+00
2,0.8370,2.019396117103E+01,3.034808530538E-02,7.506792481696E+00
2,0.8380,2.014348494769E+01,3.006481675982E-02,7.497834495441E+00
2,0.8390,2.009308323293E+01,2.978222346705E-02,7.488897863146E+00
2,0.8400,2.004275916755E+01,2.950030301546E-02,7.479982508547E+00
2,0.8410,1.999347689346E+01,2.921725994369E-02,7.471088355743E+00
2,0.8420,1.994426944539E+01,2.893488918325E-02,7.462215329192E+00
2,0.8430,1.989513617160E+01,2.865318834158E-02,7.453363353712E+00
2,0.8440,1.984607092157E+01,2.837215503745E-02,7.444532354478E+00
2,0.8450,1.979707321005E+01,2.809178690090E-02,7.435722257017E+00
2,0.8460,1.974814828342E+01,2.781208157318E-02,7.426932987210E+00
2,0.8470,1.969928996969E+01,2.753303670669E-02,7.418164471286E+00
2,0.8480,1.965050364160E+01,2.725464996489E-02,7.409416635825E+00
2,0.8490,1.960178411919E+01,2.697691902224E-02,7.400689407750E+00
2,0.8500,1.955312929892E+01,2.669984156416E-02,7.391982714329E+00
2,0.8510,1.950455085616E+01,2.642193862764E-02,7.383296483172E+00
2,0.8520,1.945603303356E+01,2.614468804544E-02,7.374630642230E+00
2,0.8530,1.940758656723E+01,2.586808752323E-02,7.365985119788E+00
2,0.8540,1.935920404788E+01,2.559213477741E-02,7.357359844473E+00
2,0.8550,1.931088858199E+01,2.531682753509E-02,7.348754745239E+00
2,0.8560,1.926264301856E+01,2.504216353399E-02,7.340169751378E+00
2,0.8570,1.921445918195E+01,2.476814052239E-02,7.331604792508E+00
2,0.8580,1.916634313943E+01,2.449475625907E-02,7.323059798578E+00
2,0.8590,1.911829122694E+01,2.422200851324E-02,7.314534699860E+00
2,0.8600,1.907030167143E+01,2.394989506449E-02,7.306029426953E+00
2,0.8610,1.902335560533E+01,2.370738495207E-02,7.297543910778E+00
2,0.8620,1.897646943613E+01,2.346543750811E-02,7.289078082575E+00
2,0.8630,1.892964732242E+01,2.322405077666E-02,7.280631873904E+00
2,0.8640,1.888289360820E+01,2.298322281078E-02,7.272205216643E+00
2,0.8650,1.883619970666E+01,2.274295167258E-02,7.263798042982E+00
2,0.8660,1.878956463452E+01,2.250323543307E-02,7.255410285427E+00
2,0.8670,1.874299220087E+01,2.226407217221E-02,7.247041876793E+00
2,0.8680,1.869648316513E+01,2.202545997876E-02,7.238692750207E+00
2,0.8690,1.865004208443E+01,2.178739695032E-02,7.230362839102E+00
2,0.8700,1.860365417529E+01,2.154988119321E-02,7.222052077218E+00
2,0.8710,1.855635999382E+01,2.130742836455E-02,7.213760398599E+00
2,0.8720,1.850912740096E+01,2.106553162036E-02,7.205487737591E+00
2,0.8730,1.846195813755E+01,2.082418904969E-02,7.197234028843E+00
2,0.8740,1.841484828413E+01,2.058339875036E-02,7.188999207299E+00
2,0.8750,1.836779569502E+01,2.034315882885E-02,7.180783208205E+00
2,0.8760,1.832080683189E+01,2.010346740031E-02,7.172585967100E+00
2,0.8770,1.827387465826E+01,1.986432258848E-02,7.164407419817E+00
2,0.8780,1.822700614795E+01,1.962572252566E-02,7.156247502482E+00
2,0.8790,1.818019657287E+01,1.938766535262E-02,7.148106151513E+00
2,0.8800,1.813344342370E+01,1.915014921862E-02,7.139983303613E+00
2,0.8810,1.808771883533E+01,1.894811848788E-02,7.131878895777E+00
2,0.8820,1.804204966057E+01,1.874654587671E-02,7.123792865283E+00
2,0.8830,1.799644100041E+01,1.854542982864E-02,7.115725149694E+00
2,0.8840,1.795088729844E+01,1.834476879426E-02,7.107675686855E+00
2,0.8850,1.790539259361E+01,1.814456123114E-02,7.099644414892E+00
2,0.8860,1.785995896005E+01,1.794480560383E-02,7.091631272212E+00
2,0.8870,1.781457595659E+01,1.774550038380E-02,7.083636197497E+00
2,0.8880,1.776924840656E+01,1.754664404939E-02,7.075659129707E+00
2,0.8890,1.772397757348E+01,1.734823508582E-02,7.067700008076E+00
2,0.8900,1.767876981877E+01,1.715027198509E-02,7.059758772112E+00
2,0.8910,1.763360961903E+01,1.694824007135E-02,7.051835361593E+00
2,0.8920,1.758851176024E+01,1.674666114395E-02,7.043929716569E+00
2,0.8930,1.754346529723E+01,1.654553368113E-02,7.036041777357E+00
2,0.8940,1.749847110878E+01,1.634485616788E-02,7.028171484541E+00
2,0.8950,1.745353950662E+01,1.614462709600E-02,7.020318778972E+00
2,0.8960,1.740865884734E+01,1.594484496402E-02,7.012483601763E+00
2,0.8970,1.736382892036E+01,1.574550827714E-02,7.004665894292E+00
2,0.8980,1.731905342755E+01,1.554661554725E-02,6.996865598196E+00
2,0.8990,1.727433436043E+01,1.534816529285E-02,6.989082655372E+00
2,0.9000,1.722967069662E+01,1.515015603901E-02,6.981317007977E+00
2,0.9010,1.718505886249E+01,1.498856993134E-02,6.973568598424E+00
2,0.9020,1.714049679453E+01,1.482734210771E-02,6.965837369379E+00
2,0.9030,1.709599074155E+01,1.466647137783E-02,6.958123263765E+00
2,0.9040,1.705153564362E+01,1.450595655664E-02,6.950426224756E+00
2,0.9050,1.700713188384E+01,1.434579646434E-02,6.942746195779E+00
2,0.9060,1.696278541919E+01,1.418598992632E-02,6.935083120507E+00
2,0.9070,1.691848872817E+01,1.402653577318E-02,6.927436942866E+00
2,0.9080,1.687424088344E+01,1.386743284063E-02,6.919807607026E+00
2,0.9090,1.683005066259E+01,1.370867996955E-02,6.912195057403E+00
2,0.9100,1.678590713698E+01,1.355027600587E-02,6.904599238659E+00
2,0.9110,1.674181309681E+01,1.339373714504E-02,6.897020095697E+00
2,0.9120,1.669777376866E+01,1.323754157119E-02,6.889457573662E+00
2,0.9130,1.665378855968E+01,1.308168815631E-02,6.881911617940E+00
2,0.9140,1.660984586334E+01,1.292617577735E-02,6.874382174157E+00
2,0.9150,1.656595629520E+01,1.277100331617E-02,6.866869188174E+00
2,0.9160,1.652211840833E+01,1.261616965948E-02,6.859372606091E+00
2,0.9170,1.647833253665E+01,1.246167369888E-02,6.851892374242E+00
2,0.9180,1.643459313146E+01,1.230751433079E-02,6.844428439193E+00
2,0.9190,1.639090806665E+01,1.215369045643E-02,6.836980747747E+00
2,0.9200,1.634726603553E+01,1.200020098179E-02,6.829549246934E+00
2,0.9210,1.630463732065E+01,1.184363375069E-02,6.822133884017E+00
2,0.9220,1.626205191479E+01,1.168740614481E-02,6.814734606485E+00
2,0.9230,1.621951844827E+01,1.153151706030E-02,6.807351362058E+00
2,0.9240,1.617702755545E+01,1.137596539804E-02,6.799984098679E+00
2,0.9250,1.613459217992E+01,1.122075006371E-02,6.792632764518E+00
2,0.9260,1.609220081992E+01,1.106586996767E-02,6.785297307969E+00
2,0.9270,1.604985864763E+01,1.091132402503E-02,6.777977677648E+00
2,0.9280,1.600756637979E+01,1.075711115554E-02,6.770673822392E+00
2,0.9290,1.596531911887E+01,1.060323028361E-02,6.763385691259E+00
2,0.9300,1.592312005107E+01,1.044968033830E-02,6.756113233526E+00
2,0.9310,1.588001213187E+01,1.031846152508E-02,6.748856398689E+00
2,0.9320,1.583695248640E+01,1.018752429731E-02,6.741615136459E+00
2,0.9330,1.579393467490E+01,1.005686774955E-02,6.734389396763E+00
2,0.9340,1.575097302140E+01,9.926490980266E-03,6.727179129743E+00
2,0.9350,1.570805657304E+01,9.796393091771E-03,6.719984285754E+00
2,0.9360,1.566518730758E+01,9.666573190219E-03,6.712804815363E+00
2,0.9370,1.562235962851E+01,9.537030385574E-03,6.705640669349E+00
2,0.9380,1.557958577967E+01,9.407763791601E-03,6.698491798699E+00
2,0.9390,1.553685241987E+01,9.278772525836E-03,6.691358154611E+00
2,0.9400,1.549417140950E+01,9.150055709572E-03,6.684239688489E+00
2,0.9410,1.545248524045E+01,9.013733446944E-03,6.677136351944E+00
2,0.9420,1.541084829576E+01,8.877700615870E-03,6.670048096794E+00
2,0.9430,1.536925888595E+01,8.741956295573E-03,6.662974875058E+00
2,0.9440,1.532770652666E+01,8.606499569175E-03,6.655916638961E+00
2,0.9450,1.528620901094E+01,8.471329523680E-03,6.648873340931E+00
2,0.9460,1.524475083145E+01,8.336445249951E-03,6.641844933594E+00
2,0.9470,1.520334533582E+01,8.201845842692E-03,6.634831369778E+00
2,0.9480,1.516197868948E+01,8.067530400427E-03,6.627832602510E+00
2,0.9490,1.512065961253E+01,7.933498025480E-03,6.620848585015E+00
2,0.9500,1.507938673404E+01,7.799747823955E-03,6.613879270715E+00
2,0.9510,1.503815650597E+01,7.688742449398E-03,6.606924613228E+00
2,0.9520,1.499697434916E+01,7.577970279409E-03,6.599984566365E+00
2,0.9530,1.495583239960E+01,7.467430579872E-03,6.593059084134E+00
2,0.9540,1.491473852807E+01,7.357122619746E-03,6.586148120733E+00
2,0.9550,1.487369012984E+01,7.247045671056E-03,6.579251630555E+00
2,0.9560,1.483268629678E+01,7.137199008869E-03,6.572369568179E+00
2,0.9570,1.479173045535E+01,7.027581911284E-03,6.565501888380E+00
2,0.9580,1.475081936643E+01,6.918193659415E-03,6.558648546116E+00
2,0.9590,1.470994497429E+01,6.809033537372E-03,6.551809496538E+00
2,0.9600,1.466912630475E+01,6.700100832250E-03,6.544984694979E+00
2,0.9610,1.462834275631E+01,6.594108176361E-03,6.538174096961E+00
2,0.9620,1.458761336538E+01,6.488335879423E-03,6.531377658191E+00
2,0.9630,1.454691790611E+01,6.382783254962E-03,6.524595334558E+00
2,0.9640,1.450627808469E+01,6.277449619347E-03,6.517827082136E+00
2,0.9650,1.446567669387E+01,6.172334291786E-03,6.511072857181E+00
2,0.9660,1.442511837613E+01,6.067436594303E-03,6.504332616128E+00
2,0.9670,1.438460971629E+01,5.962755851726E-03,6.497606315594E+00
2,0.9680,1.434414676930E+01,5.858291391675E-03,6.490893912376E+00
2,0.9690,1.430372681194E+01,5.754042544545E-03,6.484195363446E+00
2,0.9700,1.426335177691E+01,5.650008643492E-03,6.477510625958E+00
2,0.9710,1.422301925943E+01,5.564216783703E-03,6.470839657240E+00
2,0.9720,1.418273150517E+01,5.478601450375E-03,6.464182414794E+00
2,0.9730,1.414248909598E+01,5.393162099232E-03,6.457538856300E+00
2,0.9740,1.410230012028E+01,5.307898188236E-03,6.450908939609E+00
2,0.9750,1.406214697157E+01,5.222809177569E-03,6.444292622748E+00
2,0.9760,1.402204352419E+01,5.137894529630E-03,6.437689863914E+00
2,0.9770,1.398198539999E+01,5.053153709015E-03,6.431100621473E+00
2,0.9780,1.394197146358E+01,4.968586182511E-03,6.424524853967E+00
2,0.9790,1.390200496806E+01,4.884191419085E-03,6.417962520102E+00
2,0.9800,1.386208345569E+01,4.799968889870E-03,6.411413578755E+00
2,0.9810,1.382220629515E+01,4.714195155978E-03,6.404877988970E+00
2,0.9820,1.378238017204E+01,4.628596114007E-03,6.398355709959E+00
2,0.9830,1.374259660420E+01,4.543171230820E-03,6.391846701098E+00
2,0.9840,1.370285484461E+01,4.457919975444E-03,6.385350921930E+00
2,0.9850,1.366316836594E+01,4.372841819064E-03,6.378868332162E+00
2,0.9860,1.362352212335E+01,4.287936235009E-03,6.372398891663E+00
2,0.9870,1.358392359555E+01,4.203202698743E-03,6.365942560466E+00
2,0.9880,1.354437808158E+01,4.118640687855E-03,6.359499298765E+00
2,0.9890,1.350487459045E+01,4.034249682044E-03,6.353069066916E+00
2,0.9900,1.346541633038E+01,3.950029163114E-03,6.346651825434E+00
2,0.9910,1.342694070264E+01,3.874347741704E-03,6.340247534995E+00
2,0.9920,1.338851246679E+01,3.798818903806E-03,6.333856156431E+00
2,0.9930,1.335013626631E+01,3.723442188441E-03,6.327477650735E+00
2,0.9940,1.331179934995E+01,3.648217136487E-03,6.321111979054E+00
2,0.9950,1.327351550604E+01,3.573143290668E-03,6.314759102693E+00
2,0.9960,1.323527723222E+01,3.498220195543E-03,6.308418983112E+00
2,0.9970,1.319708518442E+01,3.423447397500E-03,6.302091581925E+00
2,0.9980,1.315894146345E+01,3.348824444743E-03,6.295776860901E+00
2,0.9990,1.312085364212E+01,3.274350887287E-03,6.289474781962E+00
2,1.0000,1.308280679139E+01,3.200026276947E-03,6.283185307180E+00
2,1.0010,1.304387900394E+01,3.134945407595E-03,6.276908398781E+00
2,1.0020,1.300500686165E+01,3.069994440179E-03,6.270644019141E+00
2,1.0030,1.296618406558E+01,3.005172986158E-03,6.264392130787E+00
2,1.0040,1.292741274946E+01,2.940480658538E-03,6.258152696394E+00
2,1.0050,1.288869758021E+01,2.875917071870E-03,6.251925678786E+00
2,1.0060,1.285002765308E+01,2.811481842232E-03,6.245711040934E+00
2,1.0070,1.281141869139E+01,2.747174587232E-03,6.239508745958E+00
2,1.0080,1.277285017991E+01,2.682994925991E-03,6.233318757123E+00
2,1.0090,1.273434617431E+01,2.618942479143E-03,6.227141037839E+00
2,1.0100,1.269589566546E+01,2.555016868823E-03,6.220975551663E+00
2,1.0110,1.265841282291E+01,2.498513919999E-03,6.214822262294E+00
2,1.0120,1.262098290739E+01,2.442122637081E-03,6.208681133577E+00
2,1.0130,1.258360969888E+01,2.385842689371E-03,6.202552129496E+00
2,1.0140,1.254628992451E+01,2.329673747476E-03,6.196435214181E+00
2,1.0150,1.250902883937E+01,2.273615483298E-03,6.190330351901E+00
2,1.0160,1.247181806140E+01,2.217667570034E-03,6.184237507067E+00
2,1.0170,1.243465978103E+01,2.161829682165E-03,6.178156644228E+00
2,1.0180,1.239756295575E+01,2.106101495451E-03,6.172087728074E+00
2,1.0190,1.236052464380E+01,2.050482686924E-03,6.166030723434E+00
2,1.0200,1.232353374756E+01,1.994972934885E-03,6.159985595274E+00
2,1.0210,1.228660714330E+01,1.946045876722E-03,6.153952308697E+00
2,1.0220,1.224973667207E+01,1.897214566227E-03,6.147930828943E+00
2,1.0230,1.221292658874E+01,1.848478722614E-03,6.141921121388E+00
2,1.0240,1.217617293272E+01,1.799838066196E-03,6.135923151543E+00
2,1.0250,1.213948200235E+01,1.751292318375E-03,6.129936885053E+00
2,1.0260,1.210285483398E+01,1.702841201642E-03,6.123962287699E+00
2,1.0270,1.206627925228E+01,1.654484439567E-03,6.117999325394E+00
2,1.0280,1.202977175672E+01,1.606221756795E-03,6.112047964182E+00
2,1.0290,1.199333008751E+01,1.558052879044E-03,6.106108170243E+00
2,1.0300,1.195694475819E+01,1.509977533093E-03,6.100179909883E+00
2,1.0310,1.192062999461E+01,1.471648759615E-03,6.094263149544E+00
2,1.0320,1.188437740537E+01,1.433394266705E-03,6.088357855794E+00
2,1.0330,1.184818634797E+01,1.395213838642E-03,6.082463995334E+00
2,1.0340,1.181206641475E+01,1.357107260535E-03,6.076581534990E+00
2,1.0350,1.177601318830E+01,1.319074318329E-03,6.070710441719E+00
2,1.0360,1.174003160557E+01,1.281114798791E-03,6.064850682606E+00
2,1.0370,1.170410935089E+01,1.243228489512E-03,6.059002224860E+00
2,1.0380,1.166826907988E+01,1.205415178903E-03,6.053165035818E+00
2,1.0390,1.163248619989E+01,1.167674656187E-03,6.047339082945E+00
2,1.0400,1.159678549021E+01,1.130006711399E-03,6.041524333827E+00
2,1.0410,1.156115330050E+01,1.098235605911E-03,6.035720756176E+00
2,1.0420,1.152559046764E+01,1.066525481431E-03,6.029928317831E+00
2,1.0430,1.149010693141E+01,1.034876162560E-03,6.024146986749E+00
2,1.0440,1.145470226345E+01,1.003287474567E-03,6.018376731015E+00
2,1.0450,1.141936799222E+01,9.717592433936E-04,6.012617518832E+00
2,1.0460,1.138411258321E+01,9.402912956450E-04,6.006869318527E+00
2,1.0470,1.134893832167E+01,9.088834585892E-04,6.001132098548E+00
2,1.0480,1.131384220229E+01,8.775355601539E-04,5.995405827461E+00
2,1.0490,1.127882189537E+01,8.462474289223E-04,5.989690473956E+00
2,1.0500,1.124389379834E+01,8.150188941313E-04,5.983986006838E+00
2,1.0510,1.120904058579E+01,7.887944313071E-04,5.978292395033E+00
2,1.0520,1.117427355913E+01,7.626198248760E-04,5.972609607585E+00
2,1.0530,1.113959848395E+01,7.364949327972E-04,5.966937613656E+00
2,1.0540,1.110499844852E+01,7.104196135686E-04,5.961276382523E+00
2,1.0550,1.107049309964E+01,6.843937262248E-04,5.955625883583E+00
2,1.0560,1.103607796799E+01,6.584171303343E-04,5.949986086344E+00
2,1.0570,1.100175164445E+01,6.324896859971E-04,5.944356960435E+00
2,1.0580,1.096751587090E+01,6.066112538419E-04,5.938738475595E+00
2,1.0590,1.093337452321E+01,5.807816950242E-04,5.933130601680E+00
2,1.0600,1.089932953907E+01,5.550008712231E-04,5.927533308660E+00
2,1.0610,1.086538012724E+01,5.393691167034E-04,5.921946566616E+00
2,1.0620,1.083153171491E+01,5.237668005161E-04,5.916370345743E+00
2,1.0630,1.079777395269E+01,5.081938395803E-04,5.910804616350E+00
2,1.0640,1.076412144541E+01,4.926501511275E-04,5.905249348853E+00
2,1.0650,1.073056641282E+01,4.771356527000E-04,5.899704513784E+00
2,1.0660,1.069711815273E+01,4.616502621494E-04,5.894170081782E+00
2,1.0670,1.066377862751E+01,4.461938976355E-04,5.888646023598E+00
2,1.0680,1.063054067854E+01,4.307664776244E-04,5.883132310093E+00
2,1.0690,1.059741178114E+01,4.153679208874E-04,5.877628912235E+00
2,1.0700,1.056439188091E+01,3.999981464995E-04,5.872135801102E+00
2,1.0710,1.053148620003E+01,3.909226591861E-04,5.866652947880E+00
2,1.0720,1.049868720040E+01,3.818641037520E-04,5.861180323862E+00
2,1.0730,1.046601475655E+01,3.728224328574E-04,5.855717900447E+00
2,1.0740,1.043344631144E+01,3.637975993388E-04,5.850265649143E+00
2,1.0750,1.040099628602E+01,3.547895562081E-04,5.844823541562E+00
2,1.0760,1.036867577498E+01,3.457982566521E-04,5.839391549423E+00
2,1.0770,1.033646790406E+01,3.368236540311E-04,5.833969644549E+00
2,1.0780,1.030438789045E+01,3.278657018788E-04,5.828557798868E+00
2,1.0790,1.027242924035E+01,3.189243539010E-04,5.823155984411E+00
2,1.0800,1.024060033400E+01,3.099995639751E-04,5.817764173314E+00
2,1.0810,1.020967934278E+01,3.024374338983E-04,5.812382337816E+00
2,1.0820,1.017887864089E+01,2.948892818808E-04,5.807010450258E+00
2,1.0830,1.014820330050E+01,2.873550692023E-04,5.801648483084E+00
2,1.0840,1.011765335699E+01,2.798347572851E-04,5.796296408837E+00
2,1.0850,1.008723795902E+01,2.723283076941E-04,5.790954200166E+00
2,1.0860,1.005694281468E+01,2.648356821354E-04,5.785621829815E+00
2,1.0870,1.002678727263E+01,2.573568424564E-04,5.780299270634E+00
2,1.0880,9.996762693607E+00,2.498917506444E-04,5.774986495569E+00
2,1.0890,9.966880298642E+00,2.424403688265E-04,5.769683477667E+00
2,1.0900,9.937139139500E+00,2.350026592689E-04,5.764390190073E+00
2,1.0910,9.906788502578E+00,2.289527072121E-04,5.759106606031E+00
2,1.0920,9.876588888125E+00,2.229138356536E-04,5.753832698882E+00
2,1.0930,9.846538271540E+00,2.168860141802E-04,5.748568442067E+00
2,1.0940,9.816641224171E+00,2.108692124902E-04,5.743313809122E+00
2,1.0950,9.786904115143E+00,2.048634003923E-04,5.738068773680E+00
2,1.0960,9.757316112398E+00,1.988685478055E-04,5.732833309470E+00
2,1.0970,9.727884383108E+00,1.928846247586E-04,5.727607390319E+00
2,1.0980,9.698616477946E+00,1.869116013893E-04,5.722390990145E+00
2,1.0990,9.669509428130E+00,1.809494479443E-04,5.717184082966E+00
2,1.1000,9.640563988450E+00,1.749981347782E-04,5.711986642891E+00
2,1.1010,9.612474972808E+00,1.709654151404E-04,5.706798644123E+00
2,1.1020,9.584549305230E+00,1.669400144129E-04,5.701620060962E+00
2,1.1030,9.556781265183E+00,1.629219126895E-04,5.696450867797E+00
2,1.1040,9.529171261128E+00,1.589110901359E-04,5.691291039112E+00
2,1.1050,9.501724602165E+00,1.549075269896E-04,5.686140549484E+00
2,1.1060,9.474442245033E+00,1.509112035597E-04,5.680999373580E+00
2,1.1070,9.447320411187E+00,1.469221002263E-04,5.675867486160E+00
2,1.1080,9.420367461049E+00,1.429401974404E-04,5.670744862075E+00
2,1.1090,9.393578670699E+00,1.389654757236E-04,5.665631476267E+00
2,1.1100,9.366966485860E+00,1.349979156675E-04,5.660527303765E+00
2,1.1110,9.339873971066E+00,1.314695729630E-04,5.655432319694E+00
2,1.1120,9.312965869156E+00,1.279475761986E-04,5.650346499262E+00
2,1.1130,9.286240304575E+00,1.244319082694E-04,5.645269817771E+00
2,1.1140,9.259702055711E+00,1.209225521317E-04,5.640202250610E+00
2,1.1150,9.233349439092E+00,1.174194908033E-04,5.635143773255E+00
2,1.1160,9.207186302416E+00,1.139227073626E-04,5.630094361272E+00
2,1.1170,9.181212186469E+00,1.104321849486E-04,5.625053990313E+00
2,1.1180,9.155425746626E+00,1.069479067608E-04,5.620022636118E+00
2,1.1190,9.129834951593E+00,1.034698560586E-04,5.615000274513E+00
2,1.1200,9.104436345626E+00,9.999801616114E-05,5.609986881410E+00
2,1.1210,9.079824604382E+00,9.747793098372E-05,5.604982432810E+00
2,1.1220,9.055391036236E+00,9.496233793674E-05,5.599986904795E+00
2,1.1230,9.031140380577E+00,9.245122501986E-05,5.595000273535E+00
2,1.1240,9.007077517169E+00,8.994458027543E-05,5.590022515284E+00
2,1.1250,8.983202114830E+00,8.744239178832E-05,5.585053606382E+00
2,1.1260,8.959509126905E+00,8.494464768573E-05,5.580093523250E+00
2,1.1270,8.936005475404E+00,8.245133613701E-05,5.575142242395E+00
2,1.1280,8.912687186278E+00,7.996244535344E-05,5.570199740407E+00
2,1.1290,8.889564126768E+00,7.747796358810E-05,5.565265993959E+00
2,1.1300,8.866626555205E+00,7.499787913561E-05,5.560340979805E+00
2,1.1310,8.843345991424E+00,7.247818136859E-05,5.555424674783E+00
2,1.1320,8.820267133400E+00,6.996293536442E-05,5.550517055812E+00
2,1.1330,8.797391512203E+00,6.745212933554E-05,5.545618099894E+00
2,1.1340,8.774718453061E+00,6.494575153599E-05,5.540727784109E+00
2,1.1350,8.752250488570E+00,6.244379026119E-05,5.535846085621E+00
2,1.1360,8.729977909573E+00,5.994623384780E-05,5.530972981672E+00
2,1.1370,8.707914579449E+00,5.745307067347E-05,5.526108449586E+00
2,1.1380,8.686047053004E+00,5.496428915675E-05,5.521252466766E+00
2,1.1390,8.664388554777E+00,5.247987775683E-05,5.516405010693E+00
2,1.1400,8.642929623551E+00,4.999982497339E-05,5.511566058929E+00
2,1.1410,8.622139908613E+00,4.838724508270E-05,5.506735589114E+00
2,1.1420,8.601545460791E+00,4.677748932491E-05,5.501913578966E+00
2,1.1430,8.581133111930E+00,4.517055028761E-05,5.497100006281E+00
2,1.1440,8.560911304214E+00,4.356642058429E-05,5.492294848933E+00
2,1.1450,8.540883653704E+00,4.196509285426E-05,5.487498084873E+00
2,1.1460,8.521034943660E+00,4.036655976249E-05,5.482709692129E+00
2,1.1470,8.501382461851E+00,3.877081399957E-05,5.477929648805E+00
2,1.1480,8.481906739337E+00,3.717784828153E-05,5.473157933083E+00
2,1.1490,8.462625554595E+00,3.558765534977E-05,5.468394523220E+00
2,1.1500,8.443524768344E+00,3.400022797094E-05,5.463639397547E+00
2,1.1510,8.424609588115E+00,3.269003205344E-05,5.458892534474E+00
2,1.1520,8.405880594336E+00,3.138211078164E-05,5.454153912482E+00
2,1.1530,8.387330586278E+00,3.007645823711E-05,5.449423510130E+00
2,1.1540,8.368960458027E+00,2.877306852194E-05,5.444701306048E+00
2,1.1550,8.350776405839E+00,2.747193575866E-05,5.439987278943E+00
2,1.1560,8.332769380679E+00,2.617305409013E-05,5.435281407595E+00
2,1.1570,8.314941168769E+00,2.487641767945E-05,5.430583670855E+00
2,1.1580,8.297293100020E+00,2.358202070990E-05,5.425894047651E+00
2,1.1590,8.279818298459E+00,2.228985738481E-05,5.421212516980E+00
2,1.1600,8.262514437115E+00,2.099992192753E-05,5.416539057913E+00
2,1.1610,8.245390904224E+00,1.999216480518E-05,5.411873649595E+00
2,1.1620,8.228434371082E+00,1.898614220455E-05,5.407216271239E+00
2,1.1630,8.211653450823E+00,1.798184965139E-05,5.402566902132E+00
2,1.1640,8.195043564457E+00,1.697928268680E-05,5.397925521632E+00
2,1.1650,8.178597638706E+00,1.597843686722E-05,5.393292109167E+00
2,1.1660,8.162322172479E+00,1.497930776431E-05,5.388666644236E+00
2,1.1670,8.146211421763E+00,1.398189096492E-05,5.384049106409E+00
2,1.1680,8.130263107482E+00,1.298618207101E-05,5.379439475325E+00
2,1.1690,8.114481997958E+00,1.199217669959E-05,5.374837730693E+00
2,1.1700,8.098856106822E+00,1.099987048265E-05,5.370243852290E+00
2,1.1710,8.083393498210E+00,1.021892751207E-05,5.365657819965E+00
2,1.1720,8.068094684682E+00,9.439317208681E-06,5.361079613634E+00
2,1.1730,8.052940806708E+00,8.661036164121E-06,5.356509213282E+00
2,1.1740,8.037950013310E+00,7.884080981646E-06,5.351946598960E+00
2,1.1750,8.023109789837E+00,7.108448276079E-06,5.347391750791E+00
2,1.1760,8.008422539346E+00,6.334134673751E-06,5.342844648962E+00
2,1.1770,7.993881605414E+00,5.561136812465E-06,5.338305273729E+00
2,1.1780,7.979497814603E+00,4.789451341435E-06,5.333773605416E+00
2,1.1790,7.965257747625E+00,4.019074921247E-06,5.329249624410E+00
2,1.1800,7.951159261792E+00,3.250004223805E-06,5.324733311169E+00
2,1.1810,7.937203105142E+00,3.103898861971E-06,5.320224646215E+00
2,1.1820,7.923392448217E+00,2.958040717332E-06,5.315723610135E+00
2,1.1830,7.909727039926E+00,2.812429162962E-06,5.311230183584E+00
2,1.1840,7.896194205627E+00,2.667063574056E-06,5.306744347280E+00
2,1.1850,7.882797222658E+00,2.521943327916E-06,5.302266082008E+00
2,1.1860,7.869538974429E+00,2.377067803945E-06,5.297795368617E+00
2,1.1870,7.856418934918E+00,2.232436383636E-06,5.293332188020E+00
2,1.1880,7.843423504375E+00,2.088048450568E-06,5.288876521195E+00
2,1.1890,7.830564218841E+00,1.943903390389E-06,5.284428349184E+00
2,1.1900,7.817830138689E+00,1.800000590816E-06,5.279987653092E+00
2,1.1910,7.805225353916E+00,1.729469176907E-06,5.275554414089E+00
2,1.1920,7.792754378306E+00,1.659056104298E-06,5.271128613406E+00
2,1.1930,7.780396081090E+00,1.588761075397E-06,5.266710232338E+00
2,1.1940,7.768168977964E+00,1.518583793614E-06,5.262299252244E+00
2,1.1950,7.756057749721E+00,1.448523963348E-06,5.257895654544E+00
2,1.1960,7.744068205491E+00,1.378581289990E-06,5.253499420719E+00
2,1.1970,7.732200766167E+00,1.308755479911E-06,5.249110532314E+00
2,1.1980,7.720445834401E+00,1.239046240467E-06,5.244728970935E+00
2,1.1990,7.708802872287E+00,1.169453279988E-06,5.240354718248E+00
3,0.3000,1.013790029464E+02,8.867668863533E+01,2.094395102393E+01
3,0.3010,1.013342166817E+02,8.705447177761E+01,2.087436979129E+01
3,0.3020,1.012896263399E+02,8.544299807790E+01,2.080524936152E+01
3,0.3030,1.012453391256E+02,8.384216116828E+01,2.073658517221E+01
3,0.3040,1.012013391218E+02,8.225185608043E+01,2.066837272099E+01
3,0.3050,1.011576387355E+02,8.067197922267E+01,2.060060756452E+01
3,0.3060,1.011142188609E+02,7.910242835745E+01,2.053328531758E+01
3,0.3070,1.010710891648E+02,7.754310257929E+01,2.046640165205E+01
3,0.3080,1.010282397121E+02,7.599390229320E+01,2.039995229604E+01
3,0.3090,1.009856743524E+02,7.445472919343E+01,2.033393303294E+01
3,0.3100,1.009433860368E+02,7.292548624268E+01,2.026833970058E+01
3,0.3110,1.005821291366E+02,7.209500568704E+01,2.020316819029E+01
3,0.3120,1.002231042800E+02,7.126984872471E+01,2.013841444609E+01
3,0.3130,9.986630439056E+01,7.044996433082E+01,2.007407446383E+01
3,0.3140,9.951172802537E+01,6.963530213053E+01,2.001014429038E+01
3,0.3150,9.915934598710E+01,6.882581238864E+01,1.994662002279E+01
3,0.3160,9.880913009608E+01,6.802144599956E+01,1.988349780753E+01
3,0.3170,9.846107484921E+01,6.722215447729E+01,1.982077383968E+01
3,0.3180,9.811514673974E+01,6.642788994572E+01,1.975844436220E+01
3,0.3190,9.777133590268E+01,6.563860512908E+01,1.969650566514E+01
3,0.3200,9.742962100925E+01,6.485425334254E+01,1.963495408494E+01
3,0.3210,9.727500521351E+01,6.425486731426E+01,1.957378600367E+01
3,0.3220,9.712131690582E+01,6.365920418057E+01,1.951299784838E+01
3,0.3230,9.696857834950E+01,6.306722936349E+01,1.945258609034E+01
3,0.3240,9.681678856477E+01,6.247890871195E+01,1.939254724438E+01
3,0.3250,9.666593650202E+01,6.189420849519E+01,1.933287786824E+01
3,0.3260,9.651601447401E+01,6.131309539632E+01,1.927357456190E+01
3,0.3270,9.636701445290E+01,6.073553650601E+01,1.921463396691E+01
3,0.3280,9.621892627589E+01,6.016149931624E+01,1.915605276579E+01
3,0.3290,9.607173294057E+01,5.959095171426E+01,1.909782768140E+01
3,0.3300,9.592544167534E+01,5.902386197654E+01,1.903995547630E+01
3,0.3310,9.582494711530E+01,5.861205822652E+01,1.898243295220E+01
3,0.3320,9.572507980310E+01,5.820273522199E+01,1.892525694934E+01
3,0.3330,9.562583981472E+01,5.779587061388E+01,1.886842434588E+01
3,0.3340,9.552717811299E+01,5.739144232079E+01,1.881193205742E+01
3,0.3350,9.542910549015E+01,5.698942852497E+01,1.875577703636E+01
3,0.3360,9.533161359779E+01,5.658980766841E+01,1.869995627137E+01
3,0.3370,9.523469509804E+01,5.619255844899E+01,1.864446678688E+01
3,0.3380,9.513834330116E+01,5.579765981666E+01,1.858930564254E+01
3,0.3390,9.504255112005E+01,5.540509096977E+01,1.853446993268E+01
3,0.3400,9.494732172659E+01,5.501483135139E+01,1.847995678582E+01
3,0.3410,9.501760931195E+01,5.478163705799E+01,1.842576336416E+01
3,0.3420,9.508748530660E+01,5.454980647391E+01,1.837188686310E+01
3,0.3430,9.515694404927E+01,5.431932767166E+01,1.831832451073E+01
3,0.3440,9.522601098412E+01,5.409018886245E+01,1.826507356738E+01
3,0.3450,9.529465909396E+01,5.386237839416E+01,1.821213132516E+01
3,0.3460,9.536291466507E+01,5.363588474938E+01,1.815949510746E+01
3,0.3470,9.543077794978E+01,5.341069654348E+01,1.810716226853E+01
3,0.3480,9.549825008436E+01,5.318680252267E+01,1.805513019304E+01
3,0.3490,9.556532966657E+01,5.296419156215E+01,1.800339629564E+01
3,0.3500,9.563202644093E+01,5.274285266427E+01,1.795195802051E+01
3,0.3510,9.632247298034E+01,5.264271040272E+01,1.790081284097E+01
3,0.3520,9.700875470105E+01,5.254313713129E+01,1.784995825903E+01
3,0.3530,9.769091008763E+01,5.244412801437E+01,1.779939180504E+01
3,0.3540,9.836898977131E+01,5.234567827100E+01,1.774911103723E+01
3,0.3550,9.904303015513E+01,5.224778317407E+01,1.769911354135E+01
3,0.3560,9.971306372526E+01,5.215043804959E+01,1.764939693028E+01
3,0.3570,1.003791397382E+02,5.205363827595E+01,1.759995884364E+01
3,0.3580,1.010412986997E+02,5.195737928317E+01,1.755079694743E+01
3,0.3590,1.016995674375E+02,5.186165655219E+01,1.750190893365E+01
3,0.3600,1.023539892686E+02,5.176646561415E+01,1.745329251994E+01
3,0.3610,1.035986656526E+02,5.023937503926E+01,1.740494544925E+01
3,0.3620,1.048358128047E+02,4.872072142888E+01,1.735686548945E+01
3,0.3630,1.060655231453E+02,4.721043505601E+01,1.730905043300E+01
3,0.3640,1.072878806411E+02,4.570844695992E+01,1.726149809665E+01
3,0.3650,1.085029661745E+02,4.421468893559E+01,1.721420632104E+01
3,0.3660,1.097108619825E+02,4.272909352342E+01,1.716717297044E+01
3,0.3670,1.109116556238E+02,4.125159399904E+01,1.712039593237E+01
3,0.3680,1.121054106041E+02,3.978212436339E+01,1.707387311734E+01
3,0.3690,1.132922077391E+02,3.832061933281E+01,1.702760245848E+01
3,0.3700,1.144721290114E+02,3.686701432942E+01,1.698158191130E+01
3,0.3710,1.136746784936E+02,3.469300566511E+01,1.693580945331E+01
3,0.3720,1.128813052504E+02,3.253068521943E+01,1.689028308382E+01
3,0.3730,1.120919673855E+02,3.037995898525E+01,1.684500082354E+01
3,0.3740,1.113066466343E+02,2.824073396088E+01,1.679996071438E+01
3,0.3750,1.105252932593E+02,2.611291813664E+01,1.675516081915E+01
3,0.3760,1.097478811897E+02,2.399642048168E+01,1.671059922122E+01
3,0.3770,1.089743692606E+02,2.189115093098E+01,1.666627402435E+01
3,0.3780,1.082047296055E+02,1.979702037262E+01,1.662218335233E+01
3,0.3790,1.074389343253E+02,1.771394063515E+01,1.657832534876E+01
3,0.3800,1.066769390251E+02,1.564182447524E+01,1.653469817679E+01
3,0.3810,1.054087314457E+02,1.477455568688E+01,1.649130001884E+01
3,0.3820,1.041465059570E+02,1.391182757281E+01,1.644812907639E+01
3,0.3830,1.028902166673E+02,1.305360456638E+01,1.640518356966E+01
3,0.3840,1.016397922839E+02,1.219985147144E+01,1.636246173745E+01
3,0.3850,1.003951615780E+02,1.135053345752E+01,1.631996183683E+01
3,0.3860,9.915626544032E+01,1.050561605506E+01,1.627768214295E+01
3,0.3870,9.792304210839E+01,9.665065150811E+00,1.623562094878E+01
3,0.3880,9.669543256991E+01,8.828846983181E+00,1.619377656490E+01
3,0.3890,9.547336965343E+01,7.996928137750E+00,1.615214731923E+01
3,0.3900,9.425678465011E+01,7.169275542807E+00,1.611073155687E+01
3,0.3910,9.329558135214E+01,6.911503837898E+00,1.606952763985E+01
3,0.3920,9.233875715710E+01,6.655047294747E+00,1.602853394689E+01
3,0.3930,9.138628302318E+01,6.399895873954E+00,1.598774887323E+01
3,0.3940,9.043810787407E+01,6.146039638038E+00,1.594717083041E+01
3,0.3950,8.949419527659E+01,5.893468750152E+00,1.590679824602E+01
3,0.3960,8.855448771744E+01,5.642173472811E+00,1.586662956358E+01
3,0.3970,8.761894531575E+01,5.392144166640E+00,1.582666324227E+01
3,0.3980,8.668754050101E+01,5.143371289143E+00,1.578689775673E+01
3,0.3990,8.576020898726E+01,4.895845393489E+00,1.574733159694E+01
3,0.4000,8.483691536047E+01,4.649557127313E+00,1.570796326795E+01
3,0.4010,8.414979689545E+01,4.529847561859E+00,1.566879128972E+01
3,0.4020,8.346575550946E+01,4.410733566383E+00,1.562981419696E+01
3,0.4030,8.278475253679E+01,4.292210707361E+00,1.559103053891E+01
3,0.4040,8.210677311355E+01,4.174274595166E+00,1.555243887916E+01
3,0.4050,8.143177835295E+01,4.056920883525E+00,1.551403779551E+01
3,0.4060,8.075975673884E+01,3.940145268985E+00,1.547582587975E+01
3,0.4070,8.009065594218E+01,3.823943490389E+00,1.543780173754E+01
3,0.4080,7.942447733501E+01,3.708311328355E+00,1.539996398819E+01
3,0.4090,7.876117430795E+01,3.593244604766E+00,1.536231126450E+01
3,0.4100,7.810072790247E+01,3.478739182268E+00,1.532484221263E+01
3,0.4110,7.755777774852E+01,3.392308563657E+00,1.528755549192E+01
3,0.4120,7.701719414700E+01,3.306297511157E+00,1.525044977471E+01
3,0.4130,7.647895322389E+01,3.220702977070E+00,1.521352374620E+01
3,0.4140,7.594305780829E+01,3.135521943148E+00,1.517677610430E+01
3,0.4150,7.540946042224E+01,3.050751420233E+00,1.514020555947E+01
3,0.4160,7.487816253938E+01,2.966388447909E+00,1.510381083457E+01
3,0.4170,7.434912428786E+01,2.882430094157E+00,1.506759066470E+01
3,0.4180,7.382234760587E+01,2.798873455016E+00,1.503154379708E+01
3,0.4190,7.329779264064E+01,2.715715654249E+00,1.499566899088E+01
3,0.4200,7.277545569394E+01,2.632953843009E+00,1.495996501709E+01
3,0.4210,7.231938280283E+01,2.569986959374E+00,1.492443065838E+01
3,0.4220,7.186525411735E+01,2.507318496988E+00,1.488906470896E+01
3,0.4230,7.141304178788E+01,2.444946339389E+00,1.485386597442E+01
3,0.4240,7.096273550645E+01,2.382868390081E+00,1.481883327165E+01
3,0.4250,7.051432028108E+01,2.321082572299E+00,1.478396542866E+01
3,0.4260,7.006778475625E+01,2.259586828779E+00,1.474926128446E+01
3,0.4270,6.962310511232E+01,2.198379121528E+00,1.471471968895E+01
3,0.4280,6.918026391473E+01,2.137457431601E+00,1.468033950276E+01
3,0.4290,6.873925815690E+01,2.076819758877E+00,1.464611959716E+01
3,0.4300,6.830007155716E+01,2.016464121839E+00,1.461205885391E+01
3,0.4310,6.791331364463E+01,1.966593266679E+00,1.457815616515E+01
3,0.4320,6.752815862845E+01,1.916953295107E+00,1.454441043329E+01
3,0.4330,6.714459138775E+01,1.867542607469E+00,1.451082057085E+01
3,0.4340,6.676260432521E+01,1.818359618852E+00,1.447738550041E+01
3,0.4350,6.638217861814E+01,1.769402758918E+00,1.444410415444E+01
3,0.4360,6.600331118110E+01,1.720670471737E+00,1.441097547518E+01
3,0.4370,6.562598261234E+01,1.672161215618E+00,1.437799841460E+01
3,0.4380,6.525018202894E+01,1.623873462951E+00,1.434517193420E+01
3,0.4390,6.487589739213E+01,1.575805700047E+00,1.431249500496E+01
3,0.4400,6.450311292578E+01,1.527956426973E+00,1.427996660723E+01
3,0.4410,6.415594423280E+01,1.495002020225E+00,1.424758573057E+01
3,0.4420,6.381016690723E+01,1.462196728440E+00,1.421535137371E+01
3,0.4430,6.346577420320E+01,1.429539541810E+00,1.418326254442E+01
3,0.4440,6.312276285948E+01,1.397029459624E+00,1.415131825941E+01
3,0.4450,6.278110774950E+01,1.364665490167E+00,1.411951754422E+01
3,0.4460,6.244081625783E+01,1.332446650618E+00,1.408785943314E+01
3,0.4470,6.210186420685E+01,1.300371966950E+00,1.405634296908E+01
3,0.4480,6.176424775765E+01,1.268440473834E+00,1.402496720353E+01
3,0.4490,6.142794736401E+01,1.236651214541E+00,1.399373119639E+01
3,0.4500,6.109296851342E+01,1.205003240845E+00,1.396263401595E+01
3,0.4510,6.078447690683E+01,1.181543941427E+00,1.393167473876E+01
3,0.4520,6.047719080495E+01,1.158188444218E+00,1.390085244951E+01
3,0.4530,6.017110275294E+01,1.134936061787E+00,1.387016624101E+01
3,0.4540,5.986621169876E+01,1.111786112760E+00,1.383961521405E+01
3,0.4550,5.956249531108E+01,1.088737921749E+00,1.380919847732E+01
3,0.4560,5.925995181880E+01,1.065790819296E+00,1.377891514732E+01
3,0.4570,5.895856928483E+01,1.042944141799E+00,1.374876434831E+01
3,0.4580,5.865835251185E+01,1.020197231453E+00,1.371874521218E+01
3,0.4590,5.835927032567E+01,9.975494361844E-01,1.368885687839E+01
3,0.4600,5.806133513242E+01,9.750001095908E-01,1.365909849387E+01
3,0.4610,5.778492879603E+01,9.602165502576E-01,1.362946921297E+01
3,0.4620,5.750956743955E+01,9.454969890167E-01,1.359996819736E+01
3,0.4630,5.723525831263E+01,9.308410111938E-01,1.357059461594E+01
3,0.4640,5.696198366532E+01,9.162482056890E-01,1.354134764478E+01
3,0.4650,5.668974521703E+01,9.017181649391E-01,1.351222646705E+01
3,0.4660,5.641853587646E+01,8.872504848791E-01,1.348323027292E+01
3,0.4670,5.614833555837E+01,8.728447649050E-01,1.345435825949E+01
3,0.4680,5.587915217225E+01,8.585006078367E-01,1.342560963073E+01
3,0.4690,5.561096450931E+01,8.442176198818E-01,1.339698359740E+01
3,0.4700,5.534377482392E+01,8.299954105990E-01,1.336847937698E+01
3,0.4710,5.509476935814E+01,8.187857561508E-01,1.334009619359E+01
3,0.4720,5.484669895446E+01,8.076236002383E-01,1.331183327792E+01
3,0.4730,5.459954207099E+01,7.965086416024E-01,1.328368986719E+01
3,0.4740,5.435330290088E+01,7.854405815261E-01,1.325566520502E+01
3,0.4750,5.410796144051E+01,7.744191238081E-01,1.322775854143E+01
3,0.4760,5.386352761878E+01,7.634439747359E-01,1.319996913273E+01
3,0.4770,5.361998634273E+01,7.525148430602E-01,1.317229624147E+01
3,0.4780,5.337733185333E+01,7.416314399690E-01,1.314473913636E+01
3,0.4790,5.313555627374E+01,7.307934790619E-01,1.311729709223E+01
3,0.4800,5.289465943632E+01,7.200006763252E-01,1.308996938996E+01
3,0.4810,5.266733388269E+01,7.108320372249E-01,1.306275531638E+01
3,0.4820,5.244083243513E+01,7.017014422703E-01,1.303565416427E+01
3,0.4830,5.221514477901E+01,6.926086551623E-01,1.300866523226E+01
3,0.4840,5.199027196624E+01,6.835534415547E-01,1.298178782475E+01
3,0.4850,5.176620798379E+01,6.745355690342E-01,1.295502125192E+01
3,0.4860,5.154294240963E+01,6.655548071001E-01,1.292836482959E+01
3,0.4870,5.132046899399E+01,6.566109271453E-01,1.290181787922E+01
3,0.4880,5.109879007873E+01,6.477037024362E-01,1.287537972783E+01
3,0.4890,5.087789581966E+01,6.388329080940E-01,1.284904970793E+01
3,0.4900,5.065778847953E+01,6.299983210756E-01,1.282282715751E+01
3,0.4910,5.045651635447E+01,6.223603818808E-01,1.279671141992E+01
3,0.4920,5.025595730970E+01,6.147534912194E-01,1.277070184386E+01
3,0.4930,5.005610731322E+01,6.071774601550E-01,1.274479778333E+01
3,0.4940,4.985696343972E+01,5.996321012811E-01,1.271899859753E+01
3,0.4950,4.965853070025E+01,5.921172287057E-01,1.269330365087E+01
3,0.4960,4.946078368742E+01,5.846326580358E-01,1.266771231286E+01
3,0.4970,4.926372515999E+01,5.771782063626E-01,1.264222395811E+01
3,0.4980,4.906735782895E+01,5.697536922463E-01,1.261683796622E+01
3,0.4990,4.887167449862E+01,5.623589357017E-01,1.259155372180E+01
3,0.5000,4.867666899588E+01,5.549937581832E-01,1.256637061436E+01
3,0.5010,4.848644371018E+01,5.478686762100E-01,1.254128803828E+01
3,0.5020,4.829687623310E+01,5.407719810176E-01,1.251630539279E+01
3,0.5030,4.810795723837E+01,5.337035033011E-01,1.249142208187E+01
3,0.5040,4.791969239617E+01,5.266630750993E-01,1.246663751425E+01
3,0.5050,4.773206111850E+01,5.196505297815E-01,1.244195110333E+01
3,0.5060,4.754507704858E+01,5.126657020341E-01,1.241736226715E+01
3,0.5070,4.735872824724E+01,5.057084278479E-01,1.239287042836E+01
3,0.5080,4.717301140079E+01,4.987785445049E-01,1.236847501413E+01
3,0.5090,4.698792434758E+01,4.918758905661E-01,1.234417545615E+01
3,0.5100,4.680345298821E+01,4.850003058583E-01,1.231997119055E+01
3,0.5110,4.662635353441E+01,4.804214475246E-01,1.229586165789E+01
3,0.5120,4.644985550389E+01,4.758604753562E-01,1.227184630309E+01
3,0.5130,4.627394574348E+01,4.713172847558E-01,1.224792457540E+01
3,0.5140,4.609862257381E+01,4.667917719397E-01,1.222409592836E+01
3,0.5150,4.592388280517E+01,4.622838339308E-01,1.220035981977E+01
3,0.5160,4.574972306888E+01,4.577933685497E-01,1.217671571159E+01
3,0.5170,4.557614218682E+01,4.533202744081E-01,1.215316306998E+01
3,0.5180,4.540314198216E+01,4.488644509002E-01,1.212970136521E+01
3,0.5190,4.523070243769E+01,4.444257981958E-01,1.210633007164E+01
3,0.5200,4.505883587057E+01,4.400042172326E-01,1.208304866765E+01
3,0.5210,4.489551085147E+01,4.351714847982E-01,1.205985663566E+01
3,0.5220,4.473272389633E+01,4.303572685800E-01,1.203675346203E+01
3,0.5230,4.457047903850E+01,4.255614623665E-01,1.201373863705E+01
3,0.5240,4.440876155231E+01,4.207839607569E-01,1.199081165492E+01
3,0.5250,4.424757736337E+01,4.160246591534E-01,1.196797201368E+01
3,0.5260,4.408690835987E+01,4.112834537537E-01,1.194521921517E+01
3,0.5270,4.392675890966E+01,4.065602415434E-01,1.192255276505E+01
3,0.5280,4.376712581362E+01,4.018549202884E-01,1.189997217269E+01
3,0.5290,4.360801824866E+01,3.971673885278E-01,1.187747695119E+01
3,0.5300,4.344940720611E+01,3.924975455662E-01,1.185506661732E+01
3,0.5310,4.329525158275E+01,3.884298288572E-01,1.183274069149E+01
3,0.5320,4.314159157795E+01,3.843774043163E-01,1.181049869771E+01
3,0.5330,4.298841682085E+01,3.803401858712E-01,1.178834016356E+01
3,0.5340,4.283573937516E+01,3.763180880945E-01,1.176626462019E+01
3,0.5350,4.268353877174E+01,3.723110261973E-01,1.174427160220E+01
3,0.5360,4.253182151966E+01,3.683189160236E-01,1.172236064772E+01
3,0.5370,4.238059047861E+01,3.643416740442E-01,1.170053129829E+01
3,0.5380,4.222982791468E+01,3.603792173510E-01,1.167878309885E+01
3,0.5390,4.207953758034E+01,3.564314636510E-01,1.165711559774E+01
3,0.5400,4.192971817625E+01,3.524983312611E-01,1.163552834663E+01
3,0.5410,4.178555685029E+01,3.491441805176E-01,1.161402090052E+01
3,0.5420,4.164183957398E+01,3.458024067141E-01,1.159259281767E+01
3,0.5430,4.149858179588E+01,3.424729414697E-01,1.157124365963E+01
3,0.5440,4.135575928991E+01,3.391557169064E-01,1.154997299114E+01
3,0.5450,4.121338308873E+01,3.358506656442E-01,1.152878038015E+01
3,0.5460,4.107144726155E+01,3.325577207969E-01,1.150766539776E+01
3,0.5470,4.092995602252E+01,3.292768159674E-01,1.148662761824E+01
3,0.5480,4.078889354724E+01,3.260078852430E-01,1.146566661894E+01
3,0.5490,4.064825796059E+01,3.227508631916E-01,1.144478198029E+01
3,0.5500,4.050805804171E+01,3.195056848567E-01,1.142397328578E+01
3,0.5510,4.037212924124E+01,3.164057036630E-01,1.140324012192E+01
3,0.5520,4.023660662952E+01,3.133169542852E-01,1.138258207822E+01
3,0.5530,4.010149945353E+01,3.102393757912E-01,1.136199874716E+01
3,0.5540,3.996680557753E+01,3.071729076889E-01,1.134148972415E+01
3,0.5550,3.983252109055E+01,3.041174899221E-01,1.132105460753E+01
3,0.5560,3.969863740692E+01,3.010730628667E-01,1.130069299852E+01
3,0.5570,3.956516114107E+01,2.980395673267E-01,1.128040450122E+01
3,0.5580,3.943208015286E+01,2.950169445307E-01,1.126018872254E+01
3,0.5590,3.929940719233E+01,2.920051361274E-01,1.124004527224E+01
3,0.5600,3.916712563005E+01,2.890040841827E-01,1.121997376282E+01
3,0.5610,3.903776558871E+01,2.866666896486E-01,1.119997380959E+01
3,0.5620,3.890878436382E+01,2.843376132444E-01,1.118004503057E+01
3,0.5630,3.878019164228E+01,2.820168106464E-01,1.116018704650E+01
3,0.5640,3.865198498875E+01,2.797042378447E-01,1.114039948081E+01
3,0.5650,3.852415662787E+01,2.773998511415E-01,1.112068195961E+01
3,0.5660,3.839669489605E+01,2.751036071475E-01,1.110103411162E+01
3,0.5670,3.826961230390E+01,2.728154627795E-01,1.108145556822E+01
3,0.5680,3.814290894018E+01,2.705353752579E-01,1.106194596334E+01
3,0.5690,3.801656656297E+01,2.682633021037E-01,1.104250493353E+01
3,0.5700,3.789059235460E+01,2.659992011361E-01,1.102313211786E+01
3,0.5710,3.776873409402E+01,2.637650381238E-01,1.100382715793E+01
3,0.5720,3.764723061132E+01,2.615386868703E-01,1.098458969787E+01
3,0.5730,3.752608185458E+01,2.593201064764E-01,1.096541938426E+01
3,0.5740,3.740528110454E+01,2.571092563277E-01,1.094631586617E+01
3,0.5750,3.728482726388E+01,2.549060960926E-01,1.092727879509E+01
3,0.5760,3.716472794216E+01,2.527105857194E-01,1.090830782496E+01
3,0.5770,3.704496751047E+01,2.505226854341E-01,1.088940261210E+01
3,0.5780,3.692554485372E+01,2.483423557381E-01,1.087056281519E+01
3,0.5790,3.680647117454E+01,2.461695574055E-01,1.085178809530E+01
3,0.5800,3.668773562302E+01,2.440042514809E-01,1.083307811583E+01
3,0.5810,3.657179876190E+01,2.420237559709E-01,1.081443254248E+01
3,0.5820,3.645619916425E+01,2.400500662874E-01,1.079585104326E+01
3,0.5830,3.634093244694E+01,2.380831474090E-01,1.077733328847E+01
3,0.5840,3.622598533871E+01,2.361229645541E-01,1.075887895065E+01
3,0.5850,3.611135802050E+01,2.341694831791E-01,1.074048770458E+01
3,0.5860,3.599705859345E+01,2.322226689760E-01,1.072215922727E+01
3,0.5870,3.588307941593E+01,2.302824878708E-01,1.070389319792E+01
3,0.5880,3.576941998540E+01,2.283489060209E-01,1.068568929792E+01
3,0.5890,3.565607427791E+01,2.264218898141E-01,1.066754721083E+01
3,0.5900,3.554304566800E+01,2.245014058655E-01,1.064946662234E+01
3,0.5910,3.543277332683E+01,2.229021118543E-01,1.063144722027E+01
3,0.5920,3.532280361985E+01,2.213082208635E-01,1.061348869456E+01
3,0.5930,3.521314240877E+01,2.197197055589E-01,1.059559073723E+01
3,0.5940,3.510377781864E+01,2.181365387908E-01,1.057775304239E+01
3,0.5950,3.499471492138E+01,2.165586935916E-01,1.055997530618E+01
3,0.5960,3.488596049003E+01,2.149861431749E-01,1.054225722681E+01
3,0.5970,3.477749728968E+01,2.134188609339E-01,1.052459850449E+01
3,0.5980,3.466932762681E+01,2.118568204394E-01,1.050699884144E+01
3,0.5990,3.456145320895E+01,2.102999954392E-01,1.048945794187E+01
3,0.6000,3.445388186897E+01,2.087483598555E-01,1.047197551197E+01
3,0.6010,3.434780006691E+01,2.068453875867E-01,1.045455125987E+01
3,0.6020,3.424199811851E+01,2.049487374849E-01,1.043718489565E+01
3,0.6030,3.413649585475E+01,2.030583780965E-01,1.041987613131E+01
3,0.6040,3.403127071524E+01,2.011742781763E-01,1.040262468076E+01
3,0.6050,3.392632914057E+01,1.992964066856E-01,1.038543025980E+01
3,0.6060,3.382166685305E+01,1.974247327905E-01,1.036829258610E+01
3,0.6070,3.371728143698E+01,1.955592258606E-01,1.035121137921E+01
3,0.6080,3.361318289794E+01,1.936998554665E-01,1.033418636049E+01
3,0.6090,3.350935554901E+01,1.918465913792E-01,1.031721725317E+01
3,0.6100,3.340579802760E+01,1.899994035676E-01,1.030030378226E+01
3,0.6110,3.330491534143E+01,1.885788551254E-01,1.028344567460E+01
3,0.6120,3.320428799743E+01,1.871629489983E-01,1.026664265879E+01
3,0.6130,3.310393007874E+01,1.857516624670E-01,1.024989446522E+01
3,0.6140,3.300384338897E+01,1.843449729604E-01,1.023320082603E+01
3,0.6150,3.290400829938E+01,1.829428580537E-01,1.021656147509E+01
3,0.6160,3.280444404254E+01,1.815452954681E-01,1.019997614802E+01
3,0.6170,3.270513210485E+01,1.801522630692E-01,1.018344458214E+01
3,0.6180,3.260607742108E+01,1.787637388658E-01,1.016696651647E+01
3,0.6190,3.250728782065E+01,1.773797010088E-01,1.015054169173E+01
3,0.6200,3.240873882137E+01,1.760001277900E-01,1.013416985029E+01
3,0.6210,3.231163754166E+01,1.747828361126E-01,1.011785073620E+01
3,0.6220,3.221478541420E+01,1.735694585564E-01,1.010158409514E+01
3,0.6230,3.211818796144E+01,1.723599762732E-01,1.008536967445E+01
3,0.6240,3.202182970179E+01,1.711543705359E-01,1.006920722304E+01
3,0.6250,3.192572445751E+01,1.699526227368E-01,1.005309649149E+01
3,0.6260,3.182985823839E+01,1.687547143877E-01,1.003703723192E+01
3,0.6270,3.173424091577E+01,1.675606271177E-01,1.002102919805E+01
3,0.6280,3.163885891383E+01,1.663703426735E-01,1.000507214519E+01
3,0.6290,3.154372472585E+01,1.651838429175E-01,9.989165830174E+00
3,0.6300,3.144883010343E+01,1.640011098274E-01,9.973310011396E+00
3,0.6310,3.135534361735E+01,1.627335037055E-01,9.957504448779E+00
3,0.6320,3.126209169483E+01,1.614699089954E-01,9.941748903765E+00
3,0.6330,3.116907640458E+01,1.602103066856E-01,9.926043139304E+00
3,0.6340,3.107629192153E+01,1.589546778847E-01,9.910386919842E+00
3,0.6350,3.098374356204E+01,1.577030038202E-01,9.894780011306E+00
3,0.6360,3.089141938446E+01,1.564552658376E-01,9.879222181100E+00
3,0.6370,3.079932978074E+01,1.552114453998E-01,9.863713198084E+00
3,0.6380,3.070746716739E+01,1.539715240855E-01,9.848252832570E+00
3,0.6390,3.061583358011E+01,1.527354835892E-01,9.832840856306E+00
3,0.6400,3.052441407052E+01,1.515033057194E-01,9.817477042468E+00
3,0.6410,3.043439092488E+01,1.502857547756E-01,9.802161165647E+00
3,0.6420,3.034458529952E+01,1.490719968254E-01,9.786893001837E+00
3,0.6430,3.025499579830E+01,1.478620141721E-01,9.771672328429E+00
3,0.6440,3.016562819372E+01,1.466557892289E-01,9.756498924192E+00
3,0.6450,3.007647983227E+01,1.454533045181E-01,9.741372569271E+00
3,0.6460,2.998754966459E+01,1.442545426701E-01,9.726293045170E+00
3,0.6470,2.989883080615E+01,1.430594864230E-01,9.711260134744E+00
3,0.6480,2.981032490798E+01,1.418681186210E-01,9.696273622191E+00
3,0.6490,2.972203892626E+01,1.406804222144E-01,9.681333293035E+00
3,0.6500,2.963395977907E+01,1.394963802583E-01,9.666438934122E+00
3,0.6510,2.954724307201E+01,1.383816067262E-01,9.651590333609E+00
3,0.6520,2.946073242978E+01,1.372702527448E-01,9.636787280950E+00
3,0.6530,2.937442825209E+01,1.361623026040E-01,9.622029566891E+00
3,0.6540,2.928833319961E+01,1.350577406900E-01,9.607316983455E+00
3,0.6550,2.920244096320E+01,1.339565514841E-01,9.592649323938E+00
3,0.6560,2.911675351964E+01,1.328587195624E-01,9.578026382896E+00
3,0.6570,2.903126592469E+01,1.317642295948E-01,9.563447956133E+00
3,0.6580,2.894598021767E+01,1.306730663444E-01,9.548913840698E+00
3,0.6590,2.886089176984E+01,1.295852146669E-01,9.534423834870E+00
3,0.6600,2.877600730364E+01,1.285006595096E-01,9.519977738151E+00
3,0.6610,2.869246218201E+01,1.275885851522E-01,9.505575351255E+00
3,0.6620,2.860911708485E+01,1.266792663065E-01,9.491216476102E+00
3,0.6630,2.852595987727E+01,1.257726905041E-01,9.476900915806E+00
3,0.6640,2.844298829183E+01,1.248688453517E-01,9.462628474668E+00
3,0.6650,2.836021921176E+01,1.239677185306E-01,9.448398958165E+00
3,0.6660,2.827764091766E+01,1.230692977960E-01,9.434212172942E+00
3,0.6670,2.819525274968E+01,1.221735709767E-01,9.420067926806E+00
3,0.6680,2.811305249795E+01,1.212805259742E-01,9.405966028712E+00
3,0.6690,2.803104732004E+01,1.203901507625E-01,9.391906288759E+00
3,0.6700,2.794922446712E+01,1.195024333871E-01,9.377888518178E+00
3,0.6710,2.786758425939E+01,1.185396414913E-01,9.363912529329E+00
3,0.6720,2.778613223950E+01,1.175797150475E-01,9.349978135684E+00
3,0.6730,2.770486762484E+01,1.166226412826E-01,9.336085151827E+00
3,0.6740,2.762378038456E+01,1.156684074991E-01,9.322233393442E+00
3,0.6750,2.754288634372E+01,1.147170010751E-01,9.308422677303E+00
3,0.6760,2.746216332459E+01,1.137684094629E-01,9.294652821272E+00
3,0.6770,2.738163281383E+01,1.128226201894E-01,9.280923644283E+00
3,0.6780,2.730127533116E+01,1.118796208547E-01,9.267234966342E+00
3,0.6790,2.722109108675E+01,1.109393991321E-01,9.253586608512E+00
3,0.6800,2.714108946716E+01,1.100019427676E-01,9.239978392911E+00
3,0.6810,2.706239675755E+01,1.091908734748E-01,9.226410142701E+00
3,0.6820,2.698387468778E+01,1.083821826843E-01,9.212881682082E+00
3,0.6830,2.690551526907E+01,1.075758599489E-01,9.199392836281E+00
3,0.6840,2.682733950054E+01,1.067718948823E-01,9.185943431549E+00
3,0.6850,2.674933113087E+01,1.059702771589E-01,9.172533295153E+00
3,0.6860,2.667150067829E+01,1.051709965134E-01,9.159162255364E+00
3,0.6870,2.659383321763E+01,1.043740427403E-01,9.145830141455E+00
3,0.6880,2.651634050230E+01,1.035794056933E-01,9.132536783691E+00
3,0.6890,2.643901440101E+01,1.027870752850E-01,9.119282013323E+00
3,0.6900,2.636185696232E+01,1.019970414865E-01,9.106065662579E+00
3,0.6910,2.628709104334E+01,1.012374822786E-01,9.092887564659E+00
3,0.6920,2.621248563685E+01,1.004801183286E-01,9.079747553728E+00
3,0.6930,2.613804549200E+01,9.972494013304E-02,9.066645464906E+00
3,0.6940,2.606377121672E+01,9.897193824355E-02,9.053581134265E+00
3,0.6950,2.598965331303E+01,9.822110326597E-02,9.040554398820E+00
3,0.6960,2.591569118328E+01,9.747242586017E-02,9.027565096522E+00
3,0.6970,2.584189134174E+01,9.672589673961E-02,9.014613066255E+00
3,0.6980,2.576825302879E+01,9.598150667096E-02,9.001698147822E+00
3,0.6990,2.569476702422E+01,9.523924647376E-02,8.988820181945E+00
3,0.7000,2.562143357197E+01,9.449910701998E-02,8.975979010257E+00
3,0.7010,2.554715841655E+01,9.394213535809E-02,8.963174475292E+00
3,0.7020,2.547304021987E+01,9.338675051004E-02,8.950406420484E+00
3,0.7030,2.539907641381E+01,9.283294570424E-02,8.937674690156E+00
3,0.7040,2.532526018500E+01,9.228071420755E-02,8.924979129516E+00
3,0.7050,2.525160223368E+01,9.173004932503E-02,8.912319584652E+00
3,0.7060,2.517810043748E+01,9.118094439968E-02,8.899695902521E+00
3,0.7070,2.510475026973E+01,9.063339281218E-02,8.887107930947E+00
3,0.7080,2.503155204830E+01,9.008738798057E-02,8.874555518615E+00
3,0.7090,2.495851344713E+01,8.954292336005E-02,8.862038515063E+00
3,0.7100,2.488560987066E+01,8.899999244268E-02,8.849556770675E+00
3,0.7110,2.481505596365E+01,8.849367208440E-02,8.837110136680E+00
3,0.7120,2.474465499327E+01,8.798877397431E-02,8.824698465140E+00
3,0.7130,2.467439101944E+01,8.748529212820E-02,8.812321608948E+00
3,0.7140,2.460427683784E+01,8.698322059539E-02,8.799979421820E+00
3,0.7150,2.453430426271E+01,8.648255345848E-02,8.787671758293E+00
3,0.7160,2.446447172844E+01,8.598328483312E-02,8.775398473715E+00
3,0.7170,2.439478452729E+01,8.548540886780E-02,8.763159424239E+00
3,0.7180,2.432523872906E+01,8.498891974362E-02,8.750954466824E+00
3,0.7190,2.425583784356E+01,8.449381167402E-02,8.738783459221E+00
3,0.7200,2.418656995496E+01,8.400007890461E-02,8.726646259972E+00
3,0.7210,2.411744445679E+01,8.329133361698E-02,8.714542728404E+00
3,0.7220,2.404846805357E+01,8.258455161270E-02,8.702472724625E+00
3,0.7230,2.397961393500E+01,8.187972474535E-02,8.690436109515E+00
3,0.7240,2.391090907437E+01,8.117684491356E-02,8.678432744723E+00
3,0.7250,2.384232963274E+01,8.047590406061E-02,8.666462492661E+00
3,0.7260,2.377389579856E+01,7.977689417419E-02,8.654525216501E+00
3,0.7270,2.370560121557E+01,7.907980728609E-02,8.642620780164E+00
3,0.7280,2.363743344854E+01,7.838463547186E-02,8.630749048324E+00
3,0.7290,2.356940389635E+01,7.769137085053E-02,8.618909886392E+00
3,0.7300,2.350150281379E+01,7.700000558433E-02,8.607103160520E+00
3,0.7310,2.343482072384E+01,7.639261726781E-02,8.595328737592E+00
3,0.7320,2.336826992756E+01,7.578688848221E-02,8.583586485218E+00
3,0.7330,2.330185077591E+01,7.518281243545E-02,8.571876271732E+00
3,0.7340,2.323556010928E+01,7.458038237247E-02,8.560197966185E+00
3,0.7350,2.316940431793E+01,7.397959157496E-02,8.548551438340E+00
3,0.7360,2.310336802967E+01,7.338043336115E-02,8.536936558668E+00
3,0.7370,2.303746270107E+01,7.278290108550E-02,8.525353198344E+00
3,0.7380,2.297168942833E+01,7.218698813851E-02,8.513801229241E+00
3,0.7390,2.290603539165E+01,7.159268794645E-02,8.502280523924E+00
3,0.7400,2.284050717473E+01,7.099999397113E-02,8.490790955648E+00
3,0.7410,2.277511420510E+01,7.044332579918E-02,8.479332398353E+00
3,0.7420,2.270983749294E+01,6.988815808052E-02,8.467904726657E+00
3,0.7430,2.264468698706E+01,6.933448475680E-02,8.456507815854E+00
3,0.7440,2.257966252548E+01,6.878229980222E-02,8.445141541908E+00
3,0.7450,2.251475947249E+01,6.823159722337E-02,8.433805781449E+00
3,0.7460,2.244997799328E+01,6.768237105893E-02,8.422500411769E+00
3,0.7470,2.238531395125E+01,6.713461537954E-02,8.411225310816E+00
3,0.7480,2.232078121923E+01,6.658832428753E-02,8.399980357192E+00
3,0.7490,2.225636230778E+01,6.604349191673E-02,8.388765430146E+00
3,0.7500,2.219206411212E+01,6.550011243224E-02,8.377580409573E+00
3,0.7510,2.212895945326E+01,6.489292191390E-02,8.366425176005E+00
3,0.7520,2.206596444550E+01,6.428734626396E-02,8.355299610611E+00
3,0.7530,2.200310123305E+01,6.368337904869E-02,8.344203595192E+00
3,0.7540,2.194034478228E+01,6.308101386846E-02,8.333137012175E+00
3,0.7550,2.187770511796E+01,6.248024435759E-02,8.322099744609E+00
3,0.7560,2.181517791046E+01,6.188106418404E-02,8.311091676163E+00
3,0.7570,2.175277511843E+01,6.128346704927E-02,8.300112691122E+00
3,0.7580,2.169047899795E+01,6.068744668793E-02,8.289162674379E+00
3,0.7590,2.162829832787E+01,6.009299686774E-02,8.278241511436E+00
3,0.7600,2.156623062277E+01,5.950011138917E-02,8.267349088394E+00
3,0.7610,2.150428565662E+01,5.904476839808E-02,8.256485291957E+00
3,0.7620,2.144244414497E+01,5.859062053295E-02,8.245650009422E+00
3,0.7630,2.138070884664E+01,5.813766309473E-02,8.234843128676E+00
3,0.7640,2.131909942864E+01,5.768589140896E-02,8.224064538193E+00
3,0.7650,2.125758606498E+01,5.723530082564E-02,8.213314127032E+00
3,0.7660,2.119619434361E+01,5.678588671903E-02,8.202591784830E+00
3,0.7670,2.113490930805E+01,5.633764448755E-02,8.191897401799E+00
3,0.7680,2.107372642889E+01,5.589056955354E-02,8.181230868723E+00
3,0.7690,2.101265768526E+01,5.544465736318E-02,8.170592076957E+00
3,0.7700,2.095170270725E+01,5.499990338630E-02,8.159980918415E+00
3,0.7710,2.089190264869E+01,5.464586499241E-02,8.149397285577E+00
3,0.7720,2.083221733686E+01,5.429274379642E-02,8.138841071476E+00
3,0.7730,2.077263290961E+01,5.394053623872E-02,8.128312169702E+00
3,0.7740,2.071315958247E+01,5.358923877807E-02,8.117810474392E+00
3,0.7750,2.065378702530E+01,5.323884789151E-02,8.107335880232E+00
3,0.7760,2.059451744714E+01,5.288936007425E-02,8.096888282448E+00
3,0.7770,2.053534567649E+01,5.254077183952E-02,8.086467576808E+00
3,0.7780,2.047628520268E+01,5.219307971851E-02,8.076073659614E+00
3,0.7790,2.041733125731E+01,5.184628026020E-02,8.065706427702E+00
3,0.7800,2.035846930901E+01,5.150037003127E-02,8.055365778435E+00
3,0.7810,2.029971186643E+01,5.098446871980E-02,8.045051609705E+00
3,0.7820,2.024106283135E+01,5.046988684902E-02,8.034763819923E+00
3,0.7830,2.018250669981E+01,4.995661936360E-02,8.024502308020E+00
3,0.7840,2.012405438223E+01,4.944466123402E-02,8.014266973443E+00
3,0.7850,2.006570165561E+01,4.893400745635E-02,8.004057716152E+00
3,0.7860,2.000744673511E+01,4.842465305217E-02,7.993874436615E+00
3,0.7870,1.994929198371E+01,4.791659306833E-02,7.983717035806E+00
3,0.7880,1.989123162625E+01,4.740982257684E-02,7.973585415203E+00
3,0.7890,1.983327697769E+01,4.690433667467E-02,7.963479476780E+00
3,0.7900,1.977541322069E+01,4.640013048365E-02,7.953399123012E+00
3,0.7910,1.971765144027E+01,4.600570523281E-02,7.943344256864E+00
3,0.7920,1.965998447461E+01,4.561227600532E-02,7.933314781792E+00
3,0.7930,1.960241271065E+01,4.521983903314E-02,7.923310601740E+00
3,0.7940,1.954493261675E+01,4.482839056719E-02,7.913331621133E+00
3,0.7950,1.948755720539E+01,4.443792687725E-02,7.903377744880E+00
3,0.7960,1.943027160283E+01,4.404844425186E-02,7.893448878366E+00
3,0.7970,1.937308008698E+01,4.365993899817E-02,7.883544927452E+00
3,0.7980,1.931598060887E+01,4.327240744187E-02,7.873665798471E+00
3,0.7990,1.925897715545E+01,4.288584592700E-02,7.863811398222E+00
3,0.8000,1.920206673460E+01,4.250025081593E-02,7.853981633974E+00
3,0.8010,1.914629871815E+01,4.212103097087E-02,7.844176413458E+00
3,0.8020,1.909061571074E+01,4.174275681122E-02,7.834395644862E+00
3,0.8030,1.903502257927E+01,4.136542480389E-02,7.824639236836E+00
3,0.8040,1.897951555901E+01,4.098903143340E-02,7.814907098482E+00
3,0.8050,1.892410428233E+01,4.061357320171E-02,7.805199139354E+00
3,0.8060,1.886878340183E+01,4.023904662817E-02,7.795515269454E+00
3,0.8070,1.881355491790E+01,3.986544824936E-02,7.785855399231E+00
3,0.8080,1.875841278050E+01,3.949277461901E-02,7.776219439579E+00
3,0.8090,1.870335538892E+01,3.912102230790E-02,7.766607301829E+00
3,0.8100,1.864838901123E+01,3.875018790372E-02,7.757018897753E+00
3,0.8110,1.859350806977E+01,3.840637693148E-02,7.747454139556E+00
3,0.8120,1.853871723112E+01,3.806341278429E-02,7.737912939876E+00
3,0.8130,1.848401548037E+01,3.772129233734E-02,7.728395211783E+00
3,0.8140,1.842939470191E+01,3.738001248116E-02,7.718900868771E+00
3,0.8150,1.837486856285E+01,3.703957012157E-02,7.709429824760E+00
3,0.8160,1.832042425222E+01,3.669996217952E-02,7.699981994093E+00
3,0.8170,1.826606299757E+01,3.636118559107E-02,7.690557291529E+00
3,0.8180,1.821178326107E+01,3.602323730723E-02,7.681155632249E+00
3,0.8190,1.815759220442E+01,3.568611429393E-02,7.671776931843E+00
3,0.8200,1.810348756818E+01,3.534981353188E-02,7.662421106317E+00
3,0.8210,1.804946791807E+01,3.504655151729E-02,7.653088072082E+00
3,0.8220,1.799552892058E+01,3.474402736649E-02,7.643777745961E+00
3,0.8230,1.794166696050E+01,3.444223838981E-02,7.634490045176E+00
3,0.8240,1.788789530656E+01,3.414118191064E-02,7.625224887354E+00
3,0.8250,1.783420597740E+01,3.384085526536E-02,7.615982190521E+00
3,0.8260,1.778059941347E+01,3.354125580324E-02,7.606761873099E+00
3,0.8270,1.772707016343E+01,3.324238088638E-02,7.597563853905E+00
3,0.8280,1.767362350425E+01,3.294422788960E-02,7.588388052149E+00
3,0.8290,1.762025833742E+01,3.264679420042E-02,7.579234387430E+00
3,0.8300,1.756697297086E+01,3.235007721892E-02,7.570102779734E+00
3,0.8310,1.751376957694E+01,3.206201340052E-02,7.560993149434E+00
3,0.8320,1.746064697212E+01,3.177464204322E-02,7.551905417283E+00
3,0.8330,1.740760024158E+01,3.148796065316E-02,7.542839504417E+00
3,0.8340,1.735463897133E+01,3.120196674846E-02,7.533795332350E+00
3,0.8350,1.730175411569E+01,3.091665785909E-02,7.524772822970E+00
3,0.8360,1.724894214163E+01,3.063203152688E-02,7.515771898540E+00
3,0.8370,1.719621782372E+01,3.034808530538E-02,7.506792481696E+00
3,0.8380,1.714356454204E+01,3.006481675982E-02,7.497834495441E+00
3,0.8390,1.709098848420E+01,2.978222346705E-02,7.488897863146E+00
3,0.8400,1.703849366055E+01,2.950030301546E-02,7.479982508547E+00
3,0.8410,1.698710413694E+01,2.921725994369E-02,7.471088355743E+00
3,0.8420,1.693578250668E+01,2.893488918325E-02,7.462215329192E+00
3,0.8430,1.688454462760E+01,2.865318834158E-02,7.453363353712E+00
3,0.8440,1.683337610147E+01,2.837215503745E-02,7.444532354478E+00
3,0.8450,1.678228810357E+01,2.809178690090E-02,7.435722257017E+00
3,0.8460,1.673126493791E+01,2.781208157318E-02,7.426932987210E+00
3,0.8470,1.668032624617E+01,2.753303670669E-02,7.418164471286E+00
3,0.8480,1.662945464957E+01,2.725464996489E-02,7.409416635825E+00
3,0.8490,1.657866578405E+01,2.697691902224E-02,7.400689407750E+00
3,0.8500,1.652794405087E+01,2.669984156416E-02,7.391982714329E+00
3,0.8510,1.647729750256E+01,2.642193862764E-02,7.383296483172E+00
3,0.8520,1.642672020072E+01,2.614468804544E-02,7.374630642230E+00
3,0.8530,1.637621552082E+01,2.586808752323E-02,7.365985119788E+00
3,0.8540,1.632578428712E+01,2.559213477741E-02,7.357359844473E+00
3,0.8550,1.627542645506E+01,2.531682753509E-02,7.348754745239E+00
3,0.8560,1.622514200406E+01,2.504216353399E-02,7.340169751378E+00
3,0.8570,1.617492898302E+01,2.476814052239E-02,7.331604792508E+00
3,0.8580,1.612478785246E+01,2.449475625907E-02,7.323059798578E+00
3,0.8590,1.607471151414E+01,2.422200851324E-02,7.314534699860E+00
3,0.8600,1.602471015423E+01,2.394989506449E-02,7.306029426953E+00
3,0.8610,1.597580001033E+01,2.370738495207E-02,7.297543910778E+00
3,0.8620,1.592695167848E+01,2.346543750811E-02,7.289078082575E+00
3,0.8630,1.587817828710E+01,2.322405077666E-02,7.280631873904E+00
3,0.8640,1.582947254365E+01,2.298322281078E-02,7.272205216643E+00
3,0.8650,1.578083347655E+01,2.274295167258E-02,7.263798042982E+00
3,0.8660,1.573226438626E+01,2.250323543307E-02,7.255410285427E+00
3,0.8670,1.568376446217E+01,2.226407217221E-02,7.247041876793E+00
3,0.8680,1.563533250327E+01,2.202545997876E-02,7.238692750207E+00
3,0.8690,1.558696610064E+01,2.178739695032E-02,7.230362839102E+00
3,0.8700,1.553867247255E+01,2.154988119321E-02,7.222052077218E+00
3,0.8710,1.548942431139E+01,2.130742836455E-02,7.213760398599E+00
3,0.8720,1.544024658226E+01,2.106553162036E-02,7.205487737591E+00
3,0.8730,1.539113694276E+01,2.082418904969E-02,7.197234028843E+00
3,0.8740,1.534209895204E+01,2.058339875036E-02,7.188999207299E+00
3,0.8750,1.529311838119E+01,2.034315882885E-02,7.180783208205E+00
3,0.8760,1.524421490157E+01,2.010346740031E-02,7.172585967100E+00
3,0.8770,1.519537161816E+01,1.986432258848E-02,7.164407419817E+00
3,0.8780,1.514659328234E+01,1.962572252566E-02,7.156247502482E+00
3,0.8790,1.509788491957E+01,1.938766535262E-02,7.148106151513E+00
3,0.8800,1.504924321505E+01,1.915014921862E-02,7.139983303613E+00
3,0.8810,1.500167731245E+01,1.894811848788E-02,7.131878895777E+00
3,0.8820,1.495417563286E+01,1.874654587671E-02,7.123792865283E+00
3,0.8830,1.490673785304E+01,1.854542982864E-02,7.115725149694E+00
3,0.8840,1.485936592164E+01,1.834476879426E-02,7.107675686855E+00
3,0.8850,1.481206013219E+01,1.814456123114E-02,7.099644414892E+00
3,0.8860,1.476481601912E+01,1.794480560383E-02,7.091631272212E+00
3,0.8870,1.471763769319E+01,1.774550038380E-02,7.083636197497E+00
3,0.8880,1.467051733895E+01,1.754664404939E-02,7.075659129707E+00
3,0.8890,1.462346622369E+01,1.734823508582E-02,7.067700008076E+00
3,0.8900,1.457648225963E+01,1.715027198509E-02,7.059758772112E+00
3,0.8910,1.452954887322E+01,1.694824007135E-02,7.051835361593E+00
3,0.8920,1.448268972811E+01,1.674666114395E-02,7.043929716569E+00
3,0.8930,1.443589296622E+01,1.654553368113E-02,7.036041777357E+00
3,0.8940,1.438915525060E+01,1.634485616788E-02,7.028171484541E+00
3,0.8950,1.434247956216E+01,1.614462709600E-02,7.020318778972E+00
3,0.8960,1.429587524984E+01,1.594484496402E-02,7.012483601763E+00
3,0.8970,1.424932233992E+01,1.574550827714E-02,7.004665894292E+00
3,0.8980,1.420283352477E+01,1.554661554725E-02,6.996865598196E+00
3,0.8990,1.415641245340E+01,1.534816529285E-02,6.989082655372E+00
3,0.9000,1.411005069414E+01,1.515015603901E-02,6.981317007977E+00
3,0.9010,1.406374682705E+01,1.498856993134E-02,6.973568598424E+00
3,0.9020,1.401751265593E+01,1.482734210771E-02,6.965837369379E+00
3,0.9030,1.397133601756E+01,1.466647137783E-02,6.958123263765E+00
3,0.9040,1.392522191060E+01,1.450595655664E-02,6.950426224756E+00
3,0.9050,1.387916883994E+01,1.434579646434E-02,6.942746195779E+00
3,0.9060,1.383317567969E+01,1.418598992632E-02,6.935083120507E+00
3,0.9070,1.378724904954E+01,1.402653577318E-02,6.927436942866E+00
3,0.9080,1.374137625050E+01,1.386743284063E-02,6.919807607026E+00
3,0.9090,1.369557309465E+01,1.370867996955E-02,6.912195057403E+00
3,0.9100,1.364982406116E+01,1.355027600587E-02,6.904599238659E+00
3,0.9110,1.360414323617E+01,1.339373714504E-02,6.897020095697E+00
3,0.9120,1.355851964666E+01,1.323754157119E-02,6.889457573662E+00
3,0.9130,1.351295801377E+01,1.308168815631E-02,6.881911617940E+00
3,0.9140,1.346746036127E+01,1.292617577735E-02,6.874382174157E+00
3,0.9150,1.342201974896E+01,1.277100331617E-02,6.866869188174E+00
3,0.9160,1.337663601486E+01,1.261616965948E-02,6.859372606091E+00
3,0.9170,1.333131874963E+01,1.246167369888E-02,6.851892374242E+00
3,0.9180,1.328606452862E+01,1.230751433079E-02,6.844428439193E+00
3,0.9190,1.324087445692E+01,1.215369045643E-02,6.836980747747E+00
3,0.9200,1.319573878907E+01,1.200020098179E-02,6.829549246934E+00
3,0.9210,1.315166151811E+01,1.184363375069E-02,6.822133884017E+00
3,0.9220,1.310764017223E+01,1.168740614481E-02,6.814734606485E+00
3,0.9230,1.306368246536E+01,1.153151706030E-02,6.807351362058E+00
3,0.9240,1.301978451199E+01,1.137596539804E-02,6.799984098679E+00
3,0.9250,1.297595409473E+01,1.122075006371E-02,6.792632764518E+00
3,0.9260,1.293217820079E+01,1.106586996767E-02,6.785297307969E+00
3,0.9270,1.288846039369E+01,1.091132402503E-02,6.777977677648E+00
3,0.9280,1.284480670309E+01,1.075711115554E-02,6.770673822392E+00
3,0.9290,1.280120875588E+01,1.060323028361E-02,6.763385691259E+00
3,0.9300,1.275767970218E+01,1.044968033830E-02,6.756113233526E+00
3,0.9310,1.271321200472E+01,1.031846152508E-02,6.748856398689E+00
3,0.9320,1.266881687597E+01,1.018752429731E-02,6.741615136459E+00
3,0.9330,1.262448263509E+01,1.005686774955E-02,6.734389396763E+00
3,0.9340,1.258020697539E+01,9.926490980266E-03,6.727179129743E+00
3,0.9350,1.253599464795E+01,9.796393091771E-03,6.719984285754E+00
3,0.9360,1.249184491122E+01,9.666573190219E-03,6.712804815363E+00
3,0.9370,1.244776088995E+01,9.537030385574E-03,6.705640669349E+00
3,0.9380,1.240374179465E+01,9.407763791601E-03,6.698491798699E+00
3,0.9390,1.235978152301E+01,9.278772525836E-03,6.691358154611E+00
3,0.9400,1.231589209255E+01,9.150055709572E-03,6.684239688489E+00
3,0.9410,1.227304497654E+01,9.013733446944E-03,6.677136351944E+00
3,0.9420,1.223026144314E+01,8.877700615870E-03,6.670048096794E+00
3,0.9430,1.218753738872E+01,8.741956295573E-03,6.662974875058E+00
3,0.9440,1.214488536402E+01,8.606499569175E-03,6.655916638961E+00
3,0.9450,1.210228824288E+01,8.471329523680E-03,6.648873340931E+00
3,0.9460,1.205976502657E+01,8.336445249951E-03,6.641844933594E+00
3,0.9470,1.201729834354E+01,8.201845842692E-03,6.634831369778E+00
3,0.9480,1.197490400091E+01,8.067530400427E-03,6.627832602510E+00
3,0.9490,1.193256833639E+01,7.933498025480E-03,6.620848585015E+00
3,0.9500,1.189030743259E+01,7.799747823955E-03,6.613879270715E+00
3,0.9510,1.184810842880E+01,7.688742449398E-03,6.606924613228E+00
3,0.9520,1.180597314223E+01,7.577970279409E-03,6.599984566365E+00
3,0.9530,1.176391147597E+01,7.467430579872E-03,6.593059084134E+00
3,0.9540,1.172191295983E+01,7.357122619746E-03,6.586148120733E+00
3,0.9550,1.167998058462E+01,7.247045671056E-03,6.579251630555E+00
3,0.9560,1.163812633978E+01,7.137199008869E-03,6.572369568179E+00
3,0.9570,1.159632935117E+01,7.027581911284E-03,6.565501888380E+00
3,0.9580,1.155461336078E+01,6.918193659415E-03,6.558648546116E+00
3,0.9590,1.151296273114E+01,6.809033537372E-03,6.551809496538E+00
3,0.9600,1.147138771704E+01,6.700100832250E-03,6.544984694979E+00
3,0.9610,1.142988291832E+01,6.594108176361E-03,6.538174096961E+00
3,0.9620,1.138845492230E+01,6.488335879423E-03,6.531377658191E+00
3,0.9630,1.134709437496E+01,6.382783254962E-03,6.524595334558E+00
3,0.9640,1.130580464955E+01,6.277449619347E-03,6.517827082136E+00
3,0.9650,1.126460017157E+01,6.172334291786E-03,6.511072857181E+00
3,0.9660,1.122346872283E+01,6.067436594303E-03,6.504332616128E+00
3,0.9670,1.118241547612E+01,5.962755851726E-03,6.497606315594E+00
3,0.9680,1.114144019753E+01,5.858291391675E-03,6.490893912376E+00
3,0.9690,1.110054586288E+01,5.754042544545E-03,6.484195363446E+00
3,0.9700,1.105972749169E+01,5.650008643492E-03,6.477510625958E+00
3,0.9710,1.101899360831E+01,5.564216783703E-03,6.470839657240E+00
3,0.9720,1.097833960275E+01,5.478601450375E-03,6.464182414794E+00
3,0.9730,1.093777886254E+01,5.393162099232E-03,6.457538856300E+00
3,0.9740,1.089729407169E+01,5.307898188236E-03,6.450908939609E+00
3,0.9750,1.085690128838E+01,5.222809177569E-03,6.444292622748E+00
3,0.9760,1.081659270960E+01,5.137894529630E-03,6.437689863914E+00
3,0.9770,1.077637561223E+01,5.053153709015E-03,6.431100621473E+00
3,0.9780,1.073625314248E+01,4.968586182511E-03,6.424524853967E+00
3,0.9790,1.069621844877E+01,4.884191419085E-03,6.417962520102E+00
3,0.9800,1.065628555181E+01,4.799968889870E-03,6.411413578755E+00
3,0.9810,1.061644288578E+01,4.714195155978E-03,6.404877988970E+00
3,0.9820,1.057669870608E+01,4.628596114007E-03,6.398355709959E+00
3,0.9830,1.053705645872E+01,4.543171230820E-03,6.391846701098E+00
3,0.9840,1.049751834254E+01,4.457919975444E-03,6.385350921930E+00
3,0.9850,1.045808460864E+01,4.372841819064E-03,6.378868332162E+00
3,0.9860,1.041876489640E+01,4.287936235009E-03,6.372398891663E+00
3,0.9870,1.037954307798E+01,4.203202698743E-03,6.365942560466E+00
3,0.9880,1.034043789077E+01,4.118640687855E-03,6.359499298765E+00
3,0.9890,1.030145312166E+01,4.034249682044E-03,6.353069066916E+00
3,0.9900,1.026257906146E+01,3.950029163114E-03,6.346651825434E+00
3,0.9910,1.022474315671E+01,3.874347741704E-03,6.340247534995E+00
3,0.9920,1.018702521958E+01,3.798818903806E-03,6.333856156431E+00
3,0.9930,1.014942932324E+01,3.723442188441E-03,6.327477650735E+00
3,0.9940,1.011195182068E+01,3.648217136487E-03,6.321111979054E+00
3,0.9950,1.007460987181E+01,3.573143290668E-03,6.314759102693E+00
3,0.9960,1.003739315307E+01,3.498220195543E-03,6.308418983112E+00
3,0.9970,1.000031763804E+01,3.423447397500E-03,6.302091581925E+00
3,0.9980,9.963383140675E+00,3.348824444743E-03,6.295776860901E+00
3,0.9990,9.926587471805E+00,3.274350887287E-03,6.289474781962E+00
3,1.0000,9.889946370464E+00,3.200026276947E-03,6.283185307180E+00
3,1.0010,9.852576144216E+00,3.134945407595E-03,6.276908398781E+00
3,1.0020,9.815375259355E+00,3.069994440179E-03,6.270644019141E+00
3,1.0030,9.778348057000E+00,3.005172986158E-03,6.264392130787E+00
3,1.0040,9.741498666771E+00,2.940480658538E-03,6.258152696394E+00
3,1.0050,9.704833193157E+00,2.875917071870E-03,6.251925678786E+00
3,1.0060,9.668366577458E+00,2.811481842232E-03,6.245711040934E+00
3,1.0070,9.632103950757E+00,2.747174587232E-03,6.239508745958E+00
3,1.0080,9.596047745571E+00,2.682994925991E-03,6.233318757123E+00
3,1.0090,9.560210947867E+00,2.618942479143E-03,6.227141037839E+00
3,1.0100,9.524606585162E+00,2.555016868823E-03,6.220975551663E+00
3,1.0110,9.490061452147E+00,2.498513919999E-03,6.214822262294E+00
3,1.0120,9.455755865441E+00,2.442122637081E-03,6.208681133577E+00
3,1.0130,9.421698768650E+00,2.385842689371E-03,6.202552129496E+00
3,1.0140,9.387902933126E+00,2.329673747476E-03,6.196435214181E+00
3,1.0150,9.354380961350E+00,2.273615483298E-03,6.190330351901E+00
3,1.0160,9.321146997279E+00,2.217667570034E-03,6.184237507067E+00
3,1.0170,9.288221523580E+00,2.161829682165E-03,6.178156644228E+00
3,1.0180,9.255620158559E+00,2.106101495451E-03,6.172087728074E+00
3,1.0190,9.223358409155E+00,2.050482686924E-03,6.166030723434E+00
3,1.0200,9.191455667435E+00,1.994972934885E-03,6.159985595274E+00
3,1.0210,9.159948939455E+00,1.946045876722E-03,6.153952308697E+00
3,1.0220,9.128845594003E+00,1.897214566227E-03,6.147930828943E+00
3,1.0230,9.098196096644E+00,1.848478722614E-03,6.141921121388E+00
3,1.0240,9.068014127373E+00,1.799838066196E-03,6.135923151543E+00
3,1.0250,9.038350825822E+00,1.751292318375E-03,6.129936885053E+00
3,1.0260,9.009249033903E+00,1.702841201642E-03,6.123962287699E+00
3,1.0270,8.980753055539E+00,1.654484439567E-03,6.117999325394E+00
3,1.0280,8.952921079554E+00,1.606221756795E-03,6.112047964182E+00
3,1.0290,8.925825406086E+00,1.558052879044E-03,6.106108170243E+00
3,1.0300,8.899534939040E+00,1.509977533093E-03,6.100179909883E+00
3,1.0310,8.874165303718E+00,1.471648759615E-03,6.094263149544E+00
3,1.0320,8.849825671025E+00,1.433394266705E-03,6.088357855794E+00
3,1.0330,8.826654374655E+00,1.395213838642E-03,6.082463995334E+00
3,1.0340,8.804842797347E+00,1.357107260535E-03,6.076581534990E+00
3,1.0350,8.784625848464E+00,1.319074318329E-03,6.070710441719E+00
3,1.0360,8.766327255815E+00,1.281114798791E-03,6.064850682606E+00
3,1.0370,8.750390773128E+00,1.243228489512E-03,6.059002224860E+00
3,1.0380,8.737480460338E+00,1.205415178903E-03,6.053165035818E+00
3,0.3000,1.011621250557E+02,8.867668863533E+01,2.094395102393E+01
3,0.3010,1.011170187921E+02,8.705447177761E+01,2.087436979129E+01
3,0.3020,1.010720263601E+02,8.544299807790E+01,2.080524936152E+01
3,0.3030,1.010273248354E+02,8.384216116828E+01,2.073658517221E+01
3,0.3040,1.009829355534E+02,8.225185608043E+01,2.066837272099E+01
3,0.3050,1.009388325967E+02,8.067197922267E+01,2.060060756452E+01
3,0.3060,1.008950281321E+02,7.910242835745E+01,2.053328531758E+01
3,0.3070,1.008515098485E+02,7.754310257929E+01,2.046640165205E+01
3,0.3080,1.008082853759E+02,7.599390229320E+01,2.039995229604E+01
3,0.3090,1.007653486905E+02,7.445472919343E+01,2.033393303294E+01
3,0.3100,1.007226834642E+02,7.292548624268E+01,2.026833970058E+01
3,0.3110,1.003597741748E+02,7.209500568704E+01,2.020316819029E+01
3,0.3120,9.999902089064E+01,7.126984872471E+01,2.013841444609E+01
3,0.3130,9.964050518669E+01,7.044996433082E+01,2.007407446383E+01
3,0.3140,9.928420754894E+01,6.963530213053E+01,2.001014429038E+01
3,0.3150,9.893009311626E+01,6.882581238864E+01,1.994662002279E+01
3,0.3160,9.857816206786E+01,6.802144599956E+01,1.988349780753E+01
3,0.3170,9.822836389515E+01,6.722215447729E+01,1.982077383968E+01
3,0.3180,9.788070857241E+01,6.642788994572E+01,1.975844436220E+01
3,0.3190,9.753515825710E+01,6.563860512908E+01,1.969650566514E+01
3,0.3200,9.719170242270E+01,6.485425334254E+01,1.963495408494E+01
3,0.3210,9.703611796835E+01,6.425486731426E+01,1.957378600367E+01
3,0.3220,9.688142698500E+01,6.365920418057E+01,1.951299784838E+01
3,0.3230,9.672772744707E+01,6.306722936349E+01,1.945258609034E+01
3,0.3240,9.657498105889E+01,6.247890871195E+01,1.939254724438E+01
3,0.3250,9.642319944929E+01,6.189420849519E+01,1.933287786824E+01
3,0.3260,9.627235851579E+01,6.131309539632E+01,1.927357456190E+01
3,0.3270,9.612246285991E+01,6.073553650601E+01,1.921463396691E+01
3,0.3280,9.597349863889E+01,6.016149931624E+01,1.915605276579E+01
3,0.3290,9.582545857838E+01,5.959095171426E+01,1.909782768140E+01
3,0.3300,9.567833944584E+01,5.902386197654E+01,1.903995547630E+01
3,0.3310,9.557724507237E+01,5.861205822652E+01,1.898243295220E+01
3,0.3320,9.547682808969E+01,5.820273522199E+01,1.892525694934E+01
3,0.3330,9.537705978901E+01,5.779587061388E+01,1.886842434588E+01
3,0.3340,9.527788267809E+01,5.739144232079E+01,1.881193205742E+01
3,0.3350,9.517928991734E+01,5.698942852497E+01,1.875577703636E+01
3,0.3360,9.508127972163E+01,5.658980766841E+01,1.869995627137E+01
3,0.3370,9.498384272801E+01,5.619255844899E+01,1.864446678688E+01
3,0.3380,9.488697864078E+01,5.579765981666E+01,1.858930564254E+01
3,0.3390,9.479067136018E+01,5.540509096977E+01,1.853446993268E+01
3,0.3400,9.469493513009E+01,5.501483135139E+01,1.847995678582E+01
3,0.3410,9.476552603482E+01,5.478163705799E+01,1.842576336416E+01
3,0.3420,9.483570150377E+01,5.454980647391E+01,1.837188686310E+01
3,0.3430,9.490547162533E+01,5.431932767166E+01,1.831832451073E+01
3,0.3440,9.497482226651E+01,5.409018886245E+01,1.826507356738E+01
3,0.3450,9.504377214856E+01,5.386237839416E+01,1.821213132516E+01
3,0.3460,9.511232374717E+01,5.363588474938E+01,1.815949510746E+01
3,0.3470,9.518048244836E+01,5.341069654348E+01,1.810716226853E+01
3,0.3480,9.524823891802E+01,5.318680252267E+01,1.805513019304E+01
3,0.3490,9.531560977249E+01,5.296419156215E+01,1.800339629564E+01
3,0.3500,9.538259747876E+01,5.274285266427E+01,1.795195802051E+01
3,0.3510,9.607631444240E+01,5.264271040272E+01,1.790081284097E+01
3,0.3520,9.676579504368E+01,5.254313713129E+01,1.784995825903E+01
3,0.3530,9.745107970574E+01,5.244412801437E+01,1.779939180504E+01
3,0.3540,9.813220172303E+01,5.234567827100E+01,1.774911103723E+01
3,0.3550,9.880920828962E+01,5.224778317407E+01,1.769911354135E+01
3,0.3560,9.948214406207E+01,5.215043804959E+01,1.764939693028E+01
3,0.3570,1.001510544520E+02,5.205363827595E+01,1.759995884364E+01
3,0.3580,1.008159722800E+02,5.195737928317E+01,1.755079694743E+01
3,0.3590,1.014769391890E+02,5.186165655219E+01,1.750190893365E+01
3,0.3600,1.021339973545E+02,5.176646561415E+01,1.745329251994E+01
3,0.3610,1.033835870212E+02,5.023937503926E+01,1.740494544925E+01
3,0.3620,1.046254567390E+02,4.872072142888E+01,1.735686548945E+01
3,0.3630,1.058597073057E+02,4.721043505601E+01,1.730905043300E+01
3,0.3640,1.070864465402E+02,4.570844695992E+01,1.726149809665E+01
3,0.3650,1.083057488187E+02,4.421468893559E+01,1.721420632104E+01
3,0.3660,1.095177017495E+02,4.272909352342E+01,1.716717297044E+01
3,0.3670,1.107224151269E+02,4.125159399904E+01,1.712039593237E+01
3,0.3680,1.119199521562E+02,3.978212436339E+01,1.707387311734E+01
3,0.3690,1.131103992838E+02,3.832061933281E+01,1.702760245848E+01
3,0.3700,1.142938417820E+02,3.686701432942E+01,1.698158191130E+01
3,0.3710,1.134939916039E+02,3.469300566511E+01,1.693580945331E+01
3,0.3720,1.126981918136E+02,3.253068521943E+01,1.689028308382E+01
3,0.3730,1.119063883685E+02,3.037995898525E+01,1.684500082354E+01
3,0.3740,1.111185606798E+02,2.824073396088E+01,1.679996071438E+01
3,0.3750,1.103346658109E+02,2.611291813664E+01,1.675516081915E+01
3,0.3760,1.095546739337E+02,2.399642048168E+01,1.671059922122E+01
3,0.3770,1.087785470095E+02,2.189115093098E+01,1.666627402435E+01
3,0.3780,1.080062559069E+02,1.979702037262E+01,1.662218335233E+01
3,0.3790,1.072377496468E+02,1.771394063515E+01,1.657832534876E+01
3,0.3800,1.064730172330E+02,1.564182447524E+01,1.653469817679E+01
3,0.3810,1.052001436275E+02,1.477455568688E+01,1.649130001884E+01
3,0.3820,1.039331135829E+02,1.391182757281E+01,1.644812907639E+01
3,0.3830,1.026718706531E+02,1.305360456638E+01,1.640518356966E+01
3,0.3840,1.014163406915E+02,1.219985147144E+01,1.636246173745E+01
3,0.3850,1.001664579203E+02,1.135053345752E+01,1.631996183683E+01
3,0.3860,9.892215220718E+01,1.050561605506E+01,1.627768214295E+01
3,0.3870,9.768334828214E+01,9.665065150811E+00,1.623562094878E+01
3,0.3880,9.644997981344E+01,8.828846983181E+00,1.619377656490E+01
3,0.3890,9.522198293905E+01,7.996928137750E+00,1.615214731923E+01
3,0.3900,9.399927361997E+01,7.169275542807E+00,1.611073155687E+01
3,0.3910,9.303306963817E+01,6.911503837898E+00,1.606952763985E+01
3,0.3920,9.207113023432E+01,6.655047294747E+00,1.602853394689E+01
3,0.3930,9.111339641234E+01,6.399895873954E+00,1.598774887323E+01
3,0.3940,9.015985125211E+01,6.146039638038E+00,1.594717083041E+01
3,0.3950,8.921041943741E+01,5.893468750152E+00,1.590679824602E+01
3,0.3960,8.826506275962E+01,5.642173472811E+00,1.586662956358E+01
3,0.3970,8.732374157178E+01,5.392144166640E+00,1.582666324227E+01
3,0.3980,8.638639191751E+01,5.143371289143E+00,1.578689775673E+01
3,0.3990,8.545297332720E+01,4.895845393489E+00,1.574733159694E+01
3,0.4000,8.452343264562E+01,4.649557127313E+00,1.570796326795E+01
3,0.4010,8.383153258645E+01,4.529847561859E+00,1.566879128972E+01
3,0.4020,8.314262080178E+01,4.410733566383E+00,1.562981419696E+01
3,0.4030,8.245666139239E+01,4.292210707361E+00,1.559103053891E+01
3,0.4040,8.177363872866E+01,4.174274595166E+00,1.555243887916E+01
3,0.4050,8.109350014537E+01,4.056920883525E+00,1.551403779551E+01
3,0.4060,8.041624156467E+01,3.940145268985E+00,1.547582587975E+01
3,0.4070,7.974180822567E+01,3.823943490389E+00,1.543780173754E+01
3,0.4080,7.907019348697E+01,3.708311328355E+00,1.539996398819E+01
3,0.4090,7.840135677990E+01,3.593244604766E+00,1.536231126450E+01
3,0.4100,7.773526626655E+01,3.478739182268E+00,1.532484221263E+01
3,0.4110,7.718757435400E+01,3.392308563657E+00,1.528755549192E+01
3,0.4120,7.664217451504E+01,3.306297511157E+00,1.525044977471E+01
3,0.4130,7.609905915141E+01,3.220702977070E+00,1.521352374620E+01
3,0.4140,7.555819174856E+01,3.135521943148E+00,1.517677610430E+01
3,0.4150,7.501956642474E+01,3.050751420233E+00,1.514020555947E+01
3,0.4160,7.448315190064E+01,2.966388447909E+00,1.510381083457E+01
3,0.4170,7.394893066359E+01,2.882430094157E+00,1.506759066470E+01
3,0.4180,7.341688039570E+01,2.798873455016E+00,1.503154379708E+01
3,0.4190,7.288698566930E+01,2.715715654249E+00,1.499566899088E+01
3,0.4200,7.235921936643E+01,2.632953843009E+00,1.495996501709E+01
3,0.4210,7.189830948499E+01,2.569986959374E+00,1.492443065838E+01
3,0.4220,7.143928565626E+01,2.507318496988E+00,1.488906470896E+01
3,0.4230,7.098211103585E+01,2.444946339389E+00,1.485386597442E+01
3,0.4240,7.052678383536E+01,2.382868390081E+00,1.481883327165E+01
3,0.4250,7.007327845599E+01,2.321082572299E+00,1.478396542866E+01
3,0.4260,6.962157662126E+01,2.259586828779E+00,1.474926128446E+01
3,0.4270,6.917167260173E+01,2.198379121528E+00,1.471471968895E+01
3,0.4280,6.872354006379E+01,2.137457431601E+00,1.468033950276E+01
3,0.4290,6.827716493537E+01,2.076819758877E+00,1.464611959716E+01
3,0.4300,6.783254059834E+01,2.016464121839E+00,1.461205885391E+01
3,0.4310,6.744091179126E+01,1.966593266679E+00,1.457815616515E+01
3,0.4320,6.705082934502E+01,1.916953295107E+00,1.454441043329E+01
3,0.4330,6.666227356194E+01,1.867542607469E+00,1.451082057085E+01
3,0.4340,6.627524257608E+01,1.818359618852E+00,1.447738550041E+01
3,0.4350,6.588972154621E+01,1.769402758918E+00,1.444410415444E+01
3,0.4360,6.550570193439E+01,1.720670471737E+00,1.441097547518E+01
3,0.4370,6.512315287819E+01,1.672161215618E+00,1.437799841460E+01
3,0.4380,6.474207045307E+01,1.623873462951E+00,1.434517193420E+01
3,0.4390,6.436245237064E+01,1.575805700047E+00,1.431249500496E+01
3,0.4400,6.398427286447E+01,1.527956426973E+00,1.427996660723E+01
3,0.4410,6.363199650359E+01,1.495002020225E+00,1.424758573057E+01
3,0.4420,6.328105146092E+01,1.462196728440E+00,1.421535137371E+01
3,0.4430,6.293144499175E+01,1.429539541810E+00,1.418326254442E+01
3,0.4440,6.258315849878E+01,1.397029459624E+00,1.415131825941E+01
3,0.4450,6.223618067979E+01,1.364665490167E+00,1.411951754422E+01
3,0.4460,6.189050532983E+01,1.332446650618E+00,1.408785943314E+01
3,0.4470,6.154611223298E+01,1.300371966950E+00,1.405634296908E+01
3,0.4480,6.120299040332E+01,1.268440473834E+00,1.402496720353E+01
3,0.4490,6.086113056612E+01,1.236651214541E+00,1.399373119639E+01
3,0.4500,6.052053997663E+01,1.205003240845E+00,1.396263401595E+01
3,0.4510,6.020678998656E+01,1.181543941427E+00,1.393167473876E+01
3,0.4520,5.989419636319E+01,1.158188444218E+00,1.390085244951E+01
3,0.4530,5.958275331013E+01,1.134936061787E+00,1.387016624101E+01
3,0.4540,5.927244985446E+01,1.111786112760E+00,1.383961521405E+01
3,0.4550,5.896327169034E+01,1.088737921749E+00,1.380919847732E+01
3,0.4560,5.865522009191E+01,1.065790819296E+00,1.377891514732E+01
3,0.4570,5.834827237838E+01,1.042944141799E+00,1.374876434831E+01
3,0.4580,5.804242976206E+01,1.020197231453E+00,1.371874521218E+01
3,0.4590,5.773766978121E+01,9.975494361844E-01,1.368885687839E+01
3,0.4600,5.743400334287E+01,9.750001095908E-01,1.365909849387E+01
3,0.4610,5.715219154387E+01,9.602165502576E-01,1.362946921297E+01
3,0.4620,5.687139209986E+01,9.454969890167E-01,1.359996819736E+01
3,0.4630,5.659158279401E+01,9.308410111938E-01,1.357059461594E+01
3,0.4640,5.631276982631E+01,9.162482056890E-01,1.354134764478E+01
3,0.4650,5.603494022727E+01,9.017181649391E-01,1.351222646705E+01
3,0.4660,5.575808241936E+01,8.872504848791E-01,1.348323027292E+01
3,0.4670,5.548219075320E+01,8.728447649050E-01,1.345435825949E+01
3,0.4680,5.520725777441E+01,8.585006078367E-01,1.342560963073E+01
3,0.4690,5.493327505748E+01,8.442176198818E-01,1.339698359740E+01
3,0.4700,5.466024018870E+01,8.299954105990E-01,1.336847937698E+01
3,0.4710,5.440570902779E+01,8.187857561508E-01,1.334009619359E+01
3,0.4720,5.415206866376E+01,8.076236002383E-01,1.331183327792E+01
3,0.4730,5.389929317495E+01,7.965086416024E-01,1.328368986719E+01
3,0.4740,5.364737988487E+01,7.854405815261E-01,1.325566520502E+01
3,0.4750,5.339633702369E+01,7.744191238081E-01,1.322775854143E+01
3,0.4760,5.314614407659E+01,7.634439747359E-01,1.319996913273E+01
3,0.4770,5.289679664201E+01,7.525148430602E-01,1.317229624147E+01
3,0.4780,5.264829053329E+01,7.416314399690E-01,1.314473913636E+01
3,0.4790,5.240061131642E+01,7.307934790619E-01,1.311729709223E+01
3,0.4800,5.215376412386E+01,7.200006763252E-01,1.308996938996E+01
3,0.4810,5.192074319112E+01,7.108320372249E-01,1.306275531638E+01
3,0.4820,5.168850799396E+01,7.017014422703E-01,1.303565416427E+01
3,0.4830,5.145703973539E+01,6.926086551623E-01,1.300866523226E+01
3,0.4840,5.122634173931E+01,6.835534415547E-01,1.298178782475E+01
3,0.4850,5.099641023548E+01,6.745355690342E-01,1.295502125192E+01
3,0.4860,5.076722649677E+01,6.655548071001E-01,1.292836482959E+01
3,0.4870,5.053879461964E+01,6.566109271453E-01,1.290181787922E+01
3,0.4880,5.031111500323E+01,6.477037024362E-01,1.287537972783E+01
3,0.4890,5.008416859569E+01,6.388329080940E-01,1.284904970793E+01
3,0.4900,4.985795143330E+01,6.299983210756E-01,1.282282715751E+01
3,0.4910,4.965102641494E+01,6.223603818808E-01,1.279671141992E+01
3,0.4920,4.944477943207E+01,6.147534912194E-01,1.277070184386E+01
3,0.4930,4.923920190729E+01,6.071774601550E-01,1.274479778333E+01
3,0.4940,4.903428879156E+01,5.996321012811E-01,1.271899859753E+01
3,0.4950,4.883002877028E+01,5.921172287057E-01,1.269330365087E+01
3,0.4960,4.862643277270E+01,5.846326580358E-01,1.266771231286E+01
3,0.4970,4.842349208430E+01,5.771782063626E-01,1.264222395811E+01
3,0.4980,4.822119437898E+01,5.697536922463E-01,1.261683796622E+01
3,0.4990,4.801953537015E+01,5.623589357017E-01,1.259155372180E+01
3,0.5000,4.781851382991E+01,5.549937581832E-01,1.256637061436E+01
3,0.5010,4.762234968511E+01,5.478686762100E-01,1.254128803828E+01
3,0.5020,4.742681140828E+01,5.407719810176E-01,1.251630539279E+01
3,0.5030,4.723188113642E+01,5.337035033011E-01,1.249142208187E+01
3,0.5040,4.703754545657E+01,5.266630750993E-01,1.246663751425E+01
3,0.5050,4.684383037201E+01,5.196505297815E-01,1.244195110333E+01
3,0.5060,4.665070883201E+01,5.126657020341E-01,1.241736226715E+01
3,0.5070,4.645818641499E+01,5.057084278479E-01,1.239287042836E+01
3,0.5080,4.626624734737E+01,4.987785445049E-01,1.236847501413E+01
3,0.5090,4.607489417103E+01,4.918758905661E-01,1.234417545615E+01
3,0.5100,4.588412277373E+01,4.850003058583E-01,1.231997119055E+01
3,0.5110,4.570089296711E+01,4.804214475246E-01,1.229586165789E+01
3,0.5120,4.551822762647E+01,4.758604753562E-01,1.227184630309E+01
3,0.5130,4.533611564301E+01,4.713172847558E-01,1.224792457540E+01
3,0.5140,4.515455130589E+01,4.667917719397E-01,1.222409592836E+01
3,0.5150,4.497353206569E+01,4.622838339308E-01,1.220035981977E+01
3,0.5160,4.479305556622E+01,4.577933685497E-01,1.217671571159E+01
3,0.5170,4.461310423298E+01,4.533202744081E-01,1.215316306998E+01
3,0.5180,4.443369518309E+01,4.488644509002E-01,1.212970136521E+01
3,0.5190,4.425481526229E+01,4.444257981958E-01,1.210633007164E+01
3,0.5200,4.407645339236E+01,4.400042172326E-01,1.208304866765E+01
3,0.5210,4.390689064368E+01,4.351714847982E-01,1.205985663566E+01
3,0.5220,4.373783864474E+01,4.303572685800E-01,1.203675346203E+01
3,0.5230,4.356927619175E+01,4.255614623665E-01,1.201373863705E+01
3,0.5240,4.340120081877E+01,4.207839607569E-01,1.199081165492E+01
3,0.5250,4.323362202141E+01,4.160246591534E-01,1.196797201368E+01
3,0.5260,4.306652427904E+01,4.112834537537E-01,1.194521921517E+01
3,0.5270,4.289991460653E+01,4.065602415434E-01,1.192255276505E+01
3,0.5280,4.273377251102E+01,4.018549202884E-01,1.189997217269E+01
3,0.5290,4.256810939951E+01,3.971673885278E-01,1.187747695119E+01
3,0.5300,4.240291612679E+01,3.924975455662E-01,1.185506661732E+01
3,0.5310,4.224229090628E+01,3.884298288572E-01,1.183274069149E+01
3,0.5320,4.208211926850E+01,3.843774043163E-01,1.181049869771E+01
3,0.5330,4.192240288073E+01,3.803401858712E-01,1.178834016356E+01
3,0.5340,4.176313163442E+01,3.763180880945E-01,1.176626462019E+01
3,0.5350,4.160430997693E+01,3.723110261973E-01,1.174427160220E+01
3,0.5360,4.144592757815E+01,3.683189160236E-01,1.172236064772E+01
3,0.5370,4.128798926039E+01,3.643416740442E-01,1.170053129829E+01
3,0.5380,4.113048907851E+01,3.603792173510E-01,1.167878309885E+01
3,0.5390,4.097341124127E+01,3.564314636510E-01,1.165711559774E+01
3,0.5400,4.081677069653E+01,3.524983312611E-01,1.163552834663E+01
3,0.5410,4.066597927773E+01,3.491441805176E-01,1.161402090052E+01
3,0.5420,4.051558753676E+01,3.458024067141E-01,1.159259281767E+01
3,0.5430,4.036561128437E+01,3.424729414697E-01,1.157124365963E+01
3,0.5440,4.021604023392E+01,3.391557169064E-01,1.154997299114E+01
3,0.5450,4.006687652721E+01,3.358506656442E-01,1.152878038015E+01
3,0.5460,3.991811451185E+01,3.325577207969E-01,1.150766539776E+01
3,0.5470,3.976975489505E+01,3.292768159674E-01,1.148662761824E+01
3,0.5480,3.962178212438E+01,3.260078852430E-01,1.146566661894E+01
3,0.5490,3.947421115914E+01,3.227508631916E-01,1.144478198029E+01
3,0.5500,3.932702514826E+01,3.195056848567E-01,1.142397328578E+01
3,0.5510,3.918425354153E+01,3.164057036630E-01,1.140324012192E+01
3,0.5520,3.904185359183E+01,3.133169542852E-01,1.138258207822E+01
3,0.5530,3.889983050333E+01,3.102393757912E-01,1.136199874716E+01
3,0.5540,3.875817873127E+01,3.071729076889E-01,1.134148972415E+01
3,0.5550,3.861690531631E+01,3.041174899221E-01,1.132105460753E+01
3,0.5560,3.847598779545E+01,3.010730628667E-01,1.130069299852E+01
3,0.5570,3.833543732075E+01,2.980395673267E-01,1.128040450122E+01
3,0.5580,3.819525383528E+01,2.950169445307E-01,1.126018872254E+01
3,0.5590,3.805542740343E+01,2.920051361274E-01,1.124004527224E+01
3,0.5600,3.791595005235E+01,2.890040841827E-01,1.121997376282E+01
3,0.5610,3.777949491216E+01,2.866666896486E-01,1.119997380959E+01
3,0.5620,3.764338975982E+01,2.843376132444E-01,1.118004503057E+01
3,0.5630,3.750762539241E+01,2.820168106464E-01,1.116018704650E+01
3,0.5640,3.737219542971E+01,2.797042378447E-01,1.114039948081E+01
3,0.5650,3.723711490059E+01,2.773998511415E-01,1.112068195961E+01
3,0.5660,3.710237167990E+01,2.751036071475E-01,1.110103411162E+01
3,0.5670,3.696795331808E+01,2.728154627795E-01,1.108145556822E+01
3,0.5680,3.683387458273E+01,2.705353752579E-01,1.106194596334E+01
3,0.5690,3.670013184049E+01,2.682633021037E-01,1.104250493353E+01
3,0.5700,3.656670358722E+01,2.659992011361E-01,1.102313211786E+01
3,0.5710,3.643757198766E+01,2.637650381238E-01,1.100382715793E+01
3,0.5720,3.630875030862E+01,2.615386868703E-01,1.098458969787E+01
3,0.5730,3.618024825261E+01,2.593201064764E-01,1.096541938426E+01
3,0.5740,3.605204860780E+01,2.571092563277E-01,1.094631586617E+01
3,0.5750,3.592417028862E+01,2.549060960926E-01,1.092727879509E+01
3,0.5760,3.579659183983E+01,2.527105857194E-01,1.090830782496E+01
3,0.5770,3.566932293873E+01,2.505226854341E-01,1.088940261210E+01
3,0.5780,3.554236277682E+01,2.483423557381E-01,1.087056281519E+01
3,0.5790,3.541569606421E+01,2.461695574055E-01,1.085178809530E+01
3,0.5800,3.528933088744E+01,2.440042514809E-01,1.083307811583E+01
3,0.5810,3.516588559340E+01,2.420237559709E-01,1.081443254248E+01
3,0.5820,3.504273232009E+01,2.400500662874E-01,1.079585104326E+01
3,0.5830,3.491986839357E+01,2.380831474090E-01,1.077733328847E+01
3,0.5840,3.479729395936E+01,2.361229645541E-01,1.075887895065E+01
3,0.5850,3.467500071556E+01,2.341694831791E-01,1.074048770458E+01
3,0.5860,3.455299630447E+01,2.322226689760E-01,1.072215922727E+01
3,0.5870,3.443126815785E+01,2.302824878708E-01,1.070389319792E+01
3,0.5880,3.430982341422E+01,2.283489060209E-01,1.068568929792E+01
3,0.5890,3.418864590862E+01,2.264218898141E-01,1.066754721083E+01
3,0.5900,3.406775394802E+01,2.245014058655E-01,1.064946662234E+01
3,0.5910,3.394973135841E+01,2.229021118543E-01,1.063144722027E+01
3,0.5920,3.383198828636E+01,2.213082208635E-01,1.061348869456E+01
3,0.5930,3.371449754621E+01,2.197197055589E-01,1.059559073723E+01
3,0.5940,3.359727911524E+01,2.181365387908E-01,1.057775304239E+01
3,0.5950,3.348031908550E+01,2.165586935916E-01,1.055997530618E+01
3,0.5960,3.336361979172E+01,2.149861431749E-01,1.054225722681E+01
3,0.5970,3.324717996342E+01,2.134188609339E-01,1.052459850449E+01
3,0.5980,3.313099391597E+01,2.118568204394E-01,1.050699884144E+01
3,0.5990,3.301506044870E+01,2.102999954392E-01,1.048945794187E+01
3,0.6000,3.289937665960E+01,2.087483598555E-01,1.047197551197E+01
3,0.6010,3.278524397662E+01,2.068453875867E-01,1.045455125987E+01
3,0.6020,3.267135702353E+01,2.049487374849E-01,1.043718489565E+01
3,0.6030,3.255771817990E+01,2.030583780965E-01,1.041987613131E+01
3,0.6040,3.244431817128E+01,2.011742781763E-01,1.040262468076E+01
3,0.6050,3.233116310054E+01,1.992964066856E-01,1.038543025980E+01
3,0.6060,3.221825025150E+01,1.974247327905E-01,1.036829258610E+01
3,0.6070,3.210556657688E+01,1.955592258606E-01,1.035121137921E+01
3,0.6080,3.199312042019E+01,1.936998554665E-01,1.033418636049E+01
3,0.6090,3.188090919461E+01,1.918465913792E-01,1.031721725317E+01
3,0.6100,3.176894208448E+01,1.899994035676E-01,1.030030378226E+01
3,0.6110,3.165977074655E+01,1.885788551254E-01,1.028344567460E+01
3,0.6120,3.155083505648E+01,1.871629489983E-01,1.026664265879E+01
3,0.6130,3.144211959801E+01,1.857516624670E-01,1.024989446522E+01
3,0.6140,3.133362773892E+01,1.843449729604E-01,1.023320082603E+01
3,0.6150,3.122535746524E+01,1.829428580537E-01,1.021656147509E+01
3,0.6160,3.111730244356E+01,1.815452954681E-01,1.019997614802E+01
3,0.6170,3.100947983909E+01,1.801522630692E-01,1.018344458214E+01
3,0.6180,3.090185541327E+01,1.787637388658E-01,1.016696651647E+01
3,0.6190,3.079445335844E+01,1.773797010088E-01,1.015054169173E+01
3,0.6200,3.068726493765E+01,1.760001277900E-01,1.013416985029E+01
3,0.6210,3.058156424570E+01,1.747828361126E-01,1.011785073620E+01
3,0.6220,3.047607936730E+01,1.735694585564E-01,1.010158409514E+01
3,0.6230,3.037080460568E+01,1.723599762732E-01,1.008536967445E+01
3,0.6240,3.026572726418E+01,1.711543705359E-01,1.006920722304E+01
3,0.6250,3.016086229171E+01,1.699526227368E-01,1.005309649149E+01
3,0.6260,3.005619532371E+01,1.687547143877E-01,1.003703723192E+01
3,0.6270,2.995172683287E+01,1.675606271177E-01,1.002102919805E+01
3,0.6280,2.984747175010E+01,1.663703426735E-01,1.000507214519E+01
3,0.6290,2.974339819079E+01,1.651838429175E-01,9.989165830174E+00
3,0.6300,2.963952619006E+01,1.640011098274E-01,9.973310011396E+00
3,0.6310,2.953713608355E+01,1.627335037055E-01,9.957504448779E+00
3,0.6320,2.943492728767E+01,1.614699089954E-01,9.941748903765E+00
3,0.6330,2.933291526163E+01,1.602103066856E-01,9.926043139304E+00
3,0.6340,2.923109709248E+01,1.589546778847E-01,9.910386919842E+00
3,0.6350,2.912946567057E+01,1.577030038202E-01,9.894780011306E+00
3,0.6360,2.902801685015E+01,1.564552658376E-01,9.879222181100E+00
3,0.6370,2.892675615809E+01,1.552114453998E-01,9.863713198084E+00
3,0.6380,2.882567887322E+01,1.539715240855E-01,9.848252832570E+00
3,0.6390,2.872478114887E+01,1.527354835892E-01,9.832840856306E+00
3,0.6400,2.862407158694E+01,1.515033057194E-01,9.817477042468E+00
3,0.6410,2.852480767622E+01,1.502857547756E-01,9.802161165647E+00
3,0.6420,2.842573031493E+01,1.490719968254E-01,9.786893001837E+00
3,0.6430,2.832681958146E+01,1.478620141721E-01,9.771672328429E+00
3,0.6440,2.822808540883E+01,1.466557892289E-01,9.756498924192E+00
3,0.6450,2.812953134345E+01,1.454533045181E-01,9.741372569271E+00
3,0.6460,2.803114635709E+01,1.442545426701E-01,9.726293045170E+00
3,0.6470,2.793292825813E+01,1.430594864230E-01,9.711260134744E+00
3,0.6480,2.783487830894E+01,1.418681186210E-01,9.696273622191E+00
3,0.6490,2.773700692093E+01,1.406804222144E-01,9.681333293035E+00
3,0.6500,2.763929620981E+01,1.394963802583E-01,9.666438934122E+00
3,0.6510,2.754300956937E+01,1.383816067262E-01,9.651590333609E+00
3,0.6520,2.744690439351E+01,1.372702527448E-01,9.636787280950E+00
3,0.6530,2.735095176708E+01,1.361623026040E-01,9.622029566891E+00
3,0.6540,2.725515913025E+01,1.350577406900E-01,9.607316983455E+00
3,0.6550,2.715952857171E+01,1.339565514841E-01,9.592649323938E+00
3,0.6560,2.706405984133E+01,1.328587195624E-01,9.578026382896E+00
3,0.6570,2.696874279862E+01,1.317642295948E-01,9.563447956133E+00
3,0.6580,2.687358100500E+01,1.306730663444E-01,9.548913840698E+00
3,0.6590,2.677857470099E+01,1.295852146669E-01,9.534423834870E+00
3,0.6600,2.668372607022E+01,1.285006595096E-01,9.519977738151E+00
3,0.6610,2.659029083623E+01,1.275885851522E-01,9.505575351255E+00
3,0.6620,2.649700287534E+01,1.266792663065E-01,9.491216476102E+00
3,0.6630,2.640386136427E+01,1.257726905041E-01,9.476900915806E+00
3,0.6640,2.631087653082E+01,1.248688453517E-01,9.462628474668E+00
3,0.6650,2.621803102730E+01,1.239677185306E-01,9.448398958165E+00
3,0.6660,2.612534147153E+01,1.230692977960E-01,9.434212172942E+00
3,0.6670,2.603278253062E+01,1.221735709767E-01,9.420067926806E+00
3,0.6680,2.594037361911E+01,1.212805259742E-01,9.405966028712E+00
3,0.6690,2.584811282501E+01,1.203901507625E-01,9.391906288759E+00
3,0.6700,2.575598733989E+01,1.195024333871E-01,9.377888518178E+00
3,0.6710,2.566399425760E+01,1.185396414913E-01,9.363912529329E+00
3,0.6720,2.557213789608E+01,1.175797150475E-01,9.349978135684E+00
3,0.6730,2.548042985431E+01,1.166226412826E-01,9.336085151827E+00
3,0.6740,2.538884863104E+01,1.156684074991E-01,9.322233393442E+00
3,0.6750,2.529740691781E+01,1.147170010751E-01,9.308422677303E+00
3,0.6760,2.520609561187E+01,1.137684094629E-01,9.294652821272E+00
3,0.6770,2.511491885417E+01,1.128226201894E-01,9.280923644283E+00
3,0.6780,2.502387264664E+01,1.118796208547E-01,9.267234966342E+00
3,0.6790,2.493295609051E+01,1.109393991321E-01,9.253586608512E+00
3,0.6800,2.484216290719E+01,1.100019427676E-01,9.239978392911E+00
3,0.6810,2.475277164713E+01,1.091908734748E-01,9.226410142701E+00
3,0.6820,2.466349932473E+01,1.083821826843E-01,9.212881682082E+00
3,0.6830,2.457435436363E+01,1.075758599489E-01,9.199392836281E+00
3,0.6840,2.448533058456E+01,1.067718948823E-01,9.185943431549E+00
3,0.6850,2.439643974946E+01,1.059702771589E-01,9.172533295153E+00
3,0.6860,2.430766000907E+01,1.051709965134E-01,9.159162255364E+00
3,0.6870,2.421900696156E+01,1.043740427403E-01,9.145830141455E+00
3,0.6880,2.413047650253E+01,1.035794056933E-01,9.132536783691E+00
3,0.6890,2.404205404634E+01,1.027870752850E-01,9.119282013323E+00
3,0.6900,2.395375960863E+01,1.019970414865E-01,9.106065662579E+00
3,0.6910,2.386810464537E+01,1.012374822786E-01,9.092887564659E+00
3,0.6920,2.378256792382E+01,1.004801183286E-01,9.079747553728E+00
3,0.6930,2.369714519737E+01,9.972494013304E-02,9.066645464906E+00
3,0.6940,2.361183372355E+01,9.897193824355E-02,9.053581134265E+00
3,0.6950,2.352664011713E+01,9.822110326597E-02,9.040554398820E+00
3,0.6960,2.344156006852E+01,9.747242586017E-02,9.027565096522E+00
3,0.6970,2.335657865514E+01,9.672589673961E-02,9.014613066255E+00
3,0.6980,2.327171362664E+01,9.598150667096E-02,9.001698147822E+00
3,0.6990,2.318695767777E+01,9.523924647376E-02,8.988820181945E+00
3,0.7000,2.310231452217E+01,9.449910701998E-02,8.975979010257E+00
3,0.7010,2.301651150609E+01,9.394213535809E-02,8.963174475292E+00
3,0.7020,2.293081760600E+01,9.338675051004E-02,8.950406420484E+00
3,0.7030,2.284522654893E+01,9.283294570424E-02,8.937674690156E+00
3,0.7040,2.275973575933E+01,9.228071420755E-02,8.924979129516E+00
3,0.7050,2.267435369823E+01,9.173004932503E-02,8.912319584652E+00
3,0.7060,2.258907250389E+01,9.118094439968E-02,8.899695902521E+00
3,0.7070,2.250389521455E+01,9.063339281218E-02,8.887107930947E+00
3,0.7080,2.241881157850E+01,9.008738798057E-02,8.874555518615E+00
3,0.7090,2.233384155489E+01,8.954292336005E-02,8.862038515063E+00
3,0.7100,2.224895686233E+01,8.899999244268E-02,8.849556770675E+00
3,0.7110,2.216669913395E+01,8.849367208440E-02,8.837110136680E+00
3,0.7120,2.208454950908E+01,8.798877397431E-02,8.824698465140E+00
3,0.7130,2.200248497338E+01,8.748529212820E-02,8.812321608948E+00
3,0.7140,2.192051911246E+01,8.698322059539E-02,8.799979421820E+00
3,0.7150,2.183864982651E+01,8.648255345848E-02,8.787671758293E+00
3,0.7160,2.175687797646E+01,8.598328483312E-02,8.775398473715E+00
3,0.7170,2.167519971061E+01,8.548540886780E-02,8.763159424239E+00
3,0.7180,2.159361359970E+01,8.498891974362E-02,8.750954466824E+00
3,0.7190,2.151212296304E+01,8.449381167402E-02,8.738783459221E+00
3,0.7200,2.143071422047E+01,8.400007890461E-02,8.726646259972E+00
3,0.7210,2.134940066795E+01,8.329133361698E-02,8.714542728404E+00
3,0.7220,2.126817765066E+01,8.258455161270E-02,8.702472724625E+00
3,0.7230,2.118704602035E+01,8.187972474535E-02,8.690436109515E+00
3,0.7240,2.110600923481E+01,8.117684491356E-02,8.678432744723E+00
3,0.7250,2.102504837354E+01,8.047590406061E-02,8.666462492661E+00
3,0.7260,2.094417591091E+01,7.977689417419E-02,8.654525216501E+00
3,0.7270,2.086339576558E+01,7.907980728609E-02,8.642620780164E+00
3,0.7280,2.078270000742E+01,7.838463547186E-02,8.630749048324E+00
3,0.7290,2.070209498171E+01,7.769137085053E-02,8.618909886392E+00
3,0.7300,2.062156866144E+01,7.700000558433E-02,8.607103160520E+00
3,0.7310,2.054239118689E+01,7.639261726781E-02,8.595328737592E+00
3,0.7320,2.046329678912E+01,7.578688848221E-02,8.583586485218E+00
3,0.7330,2.038429394202E+01,7.518281243545E-02,8.571876271732E+00
3,0.7340,2.030536738814E+01,7.458038237247E-02,8.560197966185E+00
3,0.7350,2.022652156892E+01,7.397959157496E-02,8.548551438340E+00
3,0.7360,2.014776460799E+01,7.338043336115E-02,8.536936558668E+00
3,0.7370,2.006908131018E+01,7.278290108550E-02,8.525353198344E+00
3,0.7380,1.999047970048E+01,7.218698813851E-02,8.513801229241E+00
3,0.7390,1.991196136552E+01,7.159268794645E-02,8.502280523924E+00
3,0.7400,1.983352367744E+01,7.099999397113E-02,8.490790955648E+00
3,0.7410,1.975516649625E+01,7.044332579918E-02,8.479332398353E+00
3,0.7420,1.967688837716E+01,6.988815808052E-02,8.467904726657E+00
3,0.7430,1.959869040075E+01,6.933448475680E-02,8.456507815854E+00
3,0.7440,1.952056605566E+01,6.878229980222E-02,8.445141541908E+00
3,0.7450,1.944252628986E+01,6.823159722337E-02,8.433805781449E+00
3,0.7460,1.936456399379E+01,6.768237105893E-02,8.422500411769E+00
3,0.7470,1.928667170107E+01,6.713461537954E-02,8.411225310816E+00
3,0.7480,1.920886227504E+01,6.658832428753E-02,8.399980357192E+00
3,0.7490,1.913113288088E+01,6.604349191673E-02,8.388765430146E+00
3,0.7500,1.905348145611E+01,6.550011243224E-02,8.377580409573E+00
3,0.7510,1.897717189915E+01,6.489292191390E-02,8.366425176005E+00
3,0.7520,1.890093764870E+01,6.428734626396E-02,8.355299610611E+00
3,0.7530,1.882477910387E+01,6.368337904869E-02,8.344203595192E+00
3,0.7540,1.874870407942E+01,6.308101386846E-02,8.333137012175E+00
3,0.7550,1.867269784977E+01,6.248024435759E-02,8.322099744609E+00
3,0.7560,1.859677869840E+01,6.188106418404E-02,8.311091676163E+00
3,0.7570,1.852093143604E+01,6.128346704927E-02,8.300112691122E+00
3,0.7580,1.844516315474E+01,6.068744668793E-02,8.289162674379E+00
3,0.7590,1.836947173877E+01,6.009299686774E-02,8.278241511436E+00
3,0.7600,1.829386324833E+01,5.950011138917E-02,8.267349088394E+00
3,0.7610,1.821833303237E+01,5.904476839808E-02,8.256485291957E+00
3,0.7620,1.814286947954E+01,5.859062053295E-02,8.245650009422E+00
3,0.7630,1.806749014345E+01,5.813766309473E-02,8.234843128676E+00
3,0.7640,1.799219417288E+01,5.768589140896E-02,8.224064538193E+00
3,0.7650,1.791696705116E+01,5.723530082564E-02,8.213314127032E+00
3,0.7660,1.784183104908E+01,5.678588671903E-02,8.202591784830E+00
3,0.7670,1.776676073284E+01,5.633764448755E-02,8.191897401799E+00
3,0.7680,1.769177631861E+01,5.589056955354E-02,8.181230868723E+00
3,0.7690,1.761687410930E+01,5.544465736318E-02,8.170592076957E+00
3,0.7700,1.754205340360E+01,5.499990338630E-02,8.159980918415E+00
3,0.7710,1.746857717071E+01,5.464586499241E-02,8.149397285577E+00
3,0.7720,1.739518626926E+01,5.429274379642E-02,8.138841071476E+00
3,0.7730,1.732187996261E+01,5.394053623872E-02,8.128312169702E+00
3,0.7740,1.724865029344E+01,5.358923877807E-02,8.117810474392E+00
3,0.7750,1.717551077384E+01,5.323884789151E-02,8.107335880232E+00
3,0.7760,1.710245314198E+01,5.288936007425E-02,8.096888282448E+00
3,0.7770,1.702948440511E+01,5.254077183952E-02,8.086467576808E+00
3,0.7780,1.695659914593E+01,5.219307971851E-02,8.076073659614E+00
3,0.7790,1.688380652057E+01,5.184628026020E-02,8.065706427702E+00
3,0.7800,1.681110050116E+01,5.150037003127E-02,8.055365778435E+00
3,0.7810,1.673848540397E+01,5.098446871980E-02,8.045051609705E+00
3,0.7820,1.666596265035E+01,5.046988684902E-02,8.034763819923E+00
3,0.7830,1.659352821414E+01,4.995661936360E-02,8.024502308020E+00
3,0.7840,1.652119792398E+01,4.944466123402E-02,8.014266973443E+00
3,0.7850,1.644896203132E+01,4.893400745635E-02,8.004057716152E+00
3,0.7860,1.637681794154E+01,4.842465305217E-02,7.993874436615E+00
3,0.7870,1.630477835600E+01,4.791659306833E-02,7.983717035806E+00
3,0.7880,1.623284885257E+01,4.740982257684E-02,7.973585415203E+00
3,0.7890,1.616101156177E+01,4.690433667467E-02,7.963479476780E+00
3,0.7900,1.608929087713E+01,4.640013048365E-02,7.953399123012E+00
3,0.7910,1.601766633595E+01,4.600570523281E-02,7.943344256864E+00
3,0.7920,1.594615962156E+01,4.561227600532E-02,7.933314781792E+00
3,0.7930,1.587476321497E+01,4.521983903314E-02,7.923310601740E+00
3,0.7940,1.580348749950E+01,4.482839056719E-02,7.913331621133E+00
3,0.7950,1.573232796225E+01,4.443792687725E-02,7.903377744880E+00
3,0.7960,1.566129136949E+01,4.404844425186E-02,7.893448878366E+00
3,0.7970,1.559038065562E+01,4.365993899817E-02,7.883544927452E+00
3,0.7980,1.551959082252E+01,4.327240744187E-02,7.873665798471E+00
3,0.7990,1.544893483267E+01,4.288584592700E-02,7.863811398222E+00
3,0.8000,1.537841389247E+01,4.250025081593E-02,7.853981633974E+00
3,0.8010,1.530926925697E+01,4.212103097087E-02,7.844176413458E+00
3,0.8020,1.524025378529E+01,4.174275681122E-02,7.834395644862E+00
3,0.8030,1.517138745697E+01,4.136542480389E-02,7.824639236836E+00
3,0.8040,1.510267117126E+01,4.098903143340E-02,7.814907098482E+00
3,0.8050,1.503409221669E+01,4.061357320171E-02,7.805199139354E+00
3,0.8060,1.496567566909E+01,4.023904662817E-02,7.795515269454E+00
3,0.8070,1.489741229579E+01,3.986544824936E-02,7.785855399231E+00
3,0.8080,1.482930414521E+01,3.949277461901E-02,7.776219439579E+00
3,0.8090,1.476137659980E+01,3.912102230790E-02,7.766607301829E+00
3,0.8100,1.469361608928E+01,3.875018790372E-02,7.757018897753E+00
3,0.8110,1.462602787299E+01,3.840637693148E-02,7.747454139556E+00
3,0.8120,1.455861901300E+01,3.806341278429E-02,7.737912939876E+00
3,0.8130,1.449140087716E+01,3.772129233734E-02,7.728395211783E+00
3,0.8140,1.442437618299E+01,3.738001248116E-02,7.718900868771E+00
3,0.8150,1.435755434288E+01,3.703957012157E-02,7.709429824760E+00
3,0.8160,1.429093282679E+01,3.669996217952E-02,7.699981994093E+00
3,0.8170,1.422452701841E+01,3.636118559107E-02,7.690557291529E+00
3,0.8180,1.415833428166E+01,3.602323730723E-02,7.681155632249E+00
3,0.8190,1.409237047870E+01,3.568611429393E-02,7.671776931843E+00
3,0.8200,1.402662373405E+01,3.534981353188E-02,7.662421106317E+00
3,0.8210,1.396112367177E+01,3.504655151729E-02,7.653088072082E+00
3,0.8220,1.389587769824E+01,3.474402736649E-02,7.643777745961E+00
3,0.8230,1.383087509985E+01,3.444223838981E-02,7.634490045176E+00
3,0.8240,1.376613491535E+01,3.414118191064E-02,7.625224887354E+00
3,0.8250,1.370166470992E+01,3.384085526536E-02,7.615982190521E+00
3,0.8260,1.363747675528E+01,3.354125580324E-02,7.606761873099E+00
3,0.8270,1.357357529349E+01,3.324238088638E-02,7.597563853905E+00
3,0.8280,1.350996358033E+01,3.294422788960E-02,7.588388052149E+00
3,0.8290,1.344665656188E+01,3.264679420042E-02,7.579234387430E+00
3,0.8300,1.338367642061E+01,3.235007721892E-02,7.570102779734E+00
3,0.8310,1.332101554472E+01,3.206201340052E-02,7.560993149434E+00
3,0.8320,1.325868630096E+01,3.177464204322E-02,7.551905417283E+00
3,0.8330,1.319671180329E+01,3.148796065316E-02,7.542839504417E+00
3,0.8340,1.313508363178E+01,3.120196674846E-02,7.533795332350E+00
3,0.8350,1.307382415339E+01,3.091665785909E-02,7.524772822970E+00
3,0.8360,1.301294588353E+01,3.063203152688E-02,7.515771898540E+00
3,0.8370,1.295245038637E+01,3.034808530538E-02,7.506792481696E+00
3,0.8380,1.289235900329E+01,3.006481675982E-02,7.497834495441E+00
3,0.8390,1.283266403860E+01,2.978222346705E-02,7.488897863146E+00
3,0.8400,1.277339979336E+01,2.950030301546E-02,7.479982508547E+00
3,0.8410,1.271561551214E+01,2.921725994369E-02,7.471088355743E+00
3,0.8420,1.265825587399E+01,2.893488918325E-02,7.462215329192E+00
3,0.8430,1.260133600341E+01,2.865318834158E-02,7.453363353712E+00
3,0.8440,1.254486330521E+01,2.837215503745E-02,7.444532354478E+00
3,0.8450,1.248884539123E+01,2.809178690090E-02,7.435722257017E+00
3,0.8460,1.243330404129E+01,2.781208157318E-02,7.426932987210E+00
3,0.8470,1.237824052169E+01,2.753303670669E-02,7.418164471286E+00
3,0.8480,1.232367355213E+01,2.725464996489E-02,7.409416635825E+00
3,0.8490,1.226961320524E+01,2.697691902224E-02,7.400689407750E+00
3,0.8500,1.221605748987E+01,2.669984156416E-02,7.391982714329E+00
3,0.8510,1.216303574795E+01,2.642193862764E-02,7.383296483172E+00
3,0.8520,1.211054928073E+01,2.614468804544E-02,7.374630642230E+00
3,0.8530,1.205861200853E+01,2.586808752323E-02,7.365985119788E+00
3,0.8540,1.200722348466E+01,2.559213477741E-02,7.357359844473E+00
3,0.8550,1.195640589720E+01,2.531682753509E-02,7.348754745239E+00
3,0.8560,1.190616591393E+01,2.504216353399E-02,7.340169751378E+00
3,0.8570,1.185650872253E+01,2.476814052239E-02,7.331604792508E+00
3,0.8580,1.180745113873E+01,2.449475625907E-02,7.323059798578E+00
3,0.8590,1.175898389864E+01,2.422200851324E-02,7.314534699860E+00
3,0.8600,1.171113332032E+01,2.394989506449E-02,7.306029426953E+00
3,0.8610,1.166470941999E+01,2.370738495207E-02,7.297543910778E+00
3,0.8620,1.161888872402E+01,2.346543750811E-02,7.289078082575E+00
3,0.8630,1.157366538496E+01,2.322405077666E-02,7.280631873904E+00
3,0.8640,1.152905348665E+01,2.298322281078E-02,7.272205216643E+00
3,0.8650,1.148505037823E+01,2.274295167258E-02,7.263798042982E+00
3,0.8660,1.144167274535E+01,2.250323543307E-02,7.255410285427E+00
3,0.8670,1.139890166288E+01,2.226407217221E-02,7.247041876793E+00
3,0.8680,1.135676356917E+01,2.202545997876E-02,7.238692750207E+00
3,0.8690,1.131525806677E+01,2.178739695032E-02,7.230362839102E+00
3,0.8700,1.127437558684E+01,2.154988119321E-02,7.222052077218E+00
3,0.8710,1.123345333915E+01,2.130742836455E-02,7.213760398599E+00
3,0.8720,1.119317706089E+01,2.106553162036E-02,7.205487737591E+00
3,0.8730,1.115357350797E+01,2.082418904969E-02,7.197234028843E+00
3,0.8740,1.111463327345E+01,2.058339875036E-02,7.188999207299E+00
3,0.8750,1.107633394019E+01,2.034315882885E-02,7.180783208205E+00
3,0.8760,1.103870452330E+01,2.010346740031E-02,7.172585967100E+00
3,0.8770,1.100172070046E+01,1.986432258848E-02,7.164407419817E+00
3,0.8780,1.096538201836E+01,1.962572252566E-02,7.156247502482E+00
3,0.8790,1.092969832207E+01,1.938766535262E-02,7.148106151513E+00
3,0.8800,1.089464924284E+01,1.915014921862E-02,7.139983303613E+00
3,0.8810,1.086076758111E+01,1.894811848788E-02,7.131878895777E+00
3,0.8820,1.082749163349E+01,1.874654587671E-02,7.123792865283E+00
3,0.8830,1.079480287313E+01,1.854542982864E-02,7.115725149694E+00
3,0.8840,1.076271815866E+01,1.834476879426E-02,7.107675686855E+00
3,0.8850,1.073120367894E+01,1.814456123114E-02,7.099644414892E+00
3,0.8860,1.070027366517E+01,1.794480560383E-02,7.091631272212E+00
3,0.8870,1.066992176713E+01,1.774550038380E-02,7.083636197497E+00
3,0.8880,1.064011887182E+01,1.754664404939E-02,7.075659129707E+00
3,0.8890,1.061088506986E+01,1.734823508582E-02,7.067700008076E+00
3,0.8900,1.058218837239E+01,1.715027198509E-02,7.059758772112E+00
3,0.8910,1.055403441741E+01,1.694824007135E-02,7.051835361593E+00
3,0.8920,1.052640144768E+01,1.674666114395E-02,7.043929716569E+00
3,0.8930,1.049930540257E+01,1.654553368113E-02,7.036041777357E+00
3,0.8940,1.047270992146E+01,1.634485616788E-02,7.028171484541E+00
3,0.8950,1.044662453004E+01,1.614462709600E-02,7.020318778972E+00
3,0.8960,1.042103764336E+01,1.594484496402E-02,7.012483601763E+00
3,0.8970,1.039593088178E+01,1.574550827714E-02,7.004665894292E+00
3,0.8980,1.037130798325E+01,1.554661554725E-02,6.996865598196E+00
3,0.8990,1.034714512033E+01,1.534816529285E-02,6.989082655372E+00
3,0.9000,1.032345039309E+01,1.515015603901E-02,6.981317007977E+00
3,0.9010,1.030020152312E+01,1.498856993134E-02,6.973568598424E+00
3,0.9020,1.027739474189E+01,1.482734210771E-02,6.965837369379E+00
3,0.9030,1.025501544800E+01,1.466647137783E-02,6.958123263765E+00
3,0.9040,1.023308067336E+01,1.450595655664E-02,6.950426224756E+00
3,0.9050,1.021153940952E+01,1.434579646434E-02,6.942746195779E+00
3,0.9060,1.019042417514E+01,1.418598992632E-02,6.935083120507E+00
3,0.9070,1.016969736930E+01,1.402653577318E-02,6.927436942866E+00
3,0.9080,1.014936651257E+01,1.386743284063E-02,6.919807607026E+00
3,0.9090,1.012942318018E+01,1.370867996955E-02,6.912195057403E+00
3,0.9100,1.010985807075E+01,1.355027600587E-02,6.904599238659E+00
3,0.9110,1.009065807864E+01,1.339373714504E-02,6.897020095697E+00
3,0.9120,1.007181900676E+01,1.323754157119E-02,6.889457573662E+00
3,0.9130,1.005333379530E+01,1.308168815631E-02,6.881911617940E+00
3,0.9140,1.003520115996E+01,1.292617577735E-02,6.874382174157E+00
3,0.9150,1.001740762066E+01,1.277100331617E-02,6.866869188174E+00
3,0.9160,9.999949765250E+00,1.261616965948E-02,6.859372606091E+00
3,0.9170,9.982826451217E+00,1.246167369888E-02,6.851892374242E+00
3,0.9180,9.966022134726E+00,1.230751433079E-02,6.844428439193E+00
3,0.9190,9.949534431174E+00,1.215369045643E-02,6.836980747747E+00
3,0.9200,9.933361149294E+00,1.200020098179E-02,6.829549246934E+00
3,0.9210,9.917628796833E+00,1.184363375069E-02,6.822133884017E+00
3,0.9220,9.902176011004E+00,1.168740614481E-02,6.814734606485E+00
3,0.9230,9.887012443002E+00,1.153151706030E-02,6.807351362058E+00
3,0.9240,9.872117397615E+00,1.137596539804E-02,6.799984098679E+00
3,0.9250,9.857513312469E+00,1.122075006371E-02,6.792632764518E+00
3,0.9260,9.843172729474E+00,1.106586996767E-02,6.785297307969E+00
3,0.9270,9.829113930956E+00,1.091132402503E-02,6.777977677648E+00
3,0.9280,9.815309743512E+00,1.075711115554E-02,6.770673822392E+00
3,0.9290,9.801770609664E+00,1.060323028361E-02,6.763385691259E+00
3,0.9300,9.788497868438E+00,1.044968033830E-02,6.756113233526E+00
3,0.9310,9.775419706970E+00,1.031846152508E-02,6.748856398689E+00
3,0.9320,9.762609489269E+00,1.018752429731E-02,6.741615136459E+00
3,0.9330,9.750068352650E+00,1.005686774955E-02,6.734389396763E+00
3,0.9340,9.737793790852E+00,9.926490980266E-03,6.727179129743E+00
3,0.9350,9.725778883063E+00,9.796393091771E-03,6.719984285754E+00
3,0.9360,9.714027801256E+00,9.666573190219E-03,6.712804815363E+00
3,0.9370,9.702539461977E+00,9.537030385574E-03,6.705640669349E+00
3,0.9380,9.691309939347E+00,9.407763791601E-03,6.698491798699E+00
3,0.9390,9.680335997591E+00,9.278772525836E-03,6.691358154611E+00
3,0.9400,9.669628249424E+00,9.150055709572E-03,6.684239688489E+00
4,0.3000,9.974916263727E+01,8.867668863533E+01,2.094395102393E+01
4,0.3010,9.970362819046E+01,8.705447177761E+01,2.087436979129E+01
4,0.3020,9.965824896713E+01,8.544299807790E+01,2.080524936152E+01
4,0.3030,9.961317666720E+01,8.384216116828E+01,2.073658517221E+01
4,0.3040,9.956840102191E+01,8.225185608043E+01,2.066837272099E+01
4,0.3050,9.952393217709E+01,8.067197922267E+01,2.060060756452E+01
4,0.3060,9.947974386714E+01,7.910242835745E+01,2.053328531758E+01
4,0.3070,9.943586243073E+01,7.754310257929E+01,2.046640165205E+01
4,0.3080,9.939226279589E+01,7.599390229320E+01,2.039995229604E+01
4,0.3090,9.934894535377E+01,7.445472919343E+01,2.033393303294E+01
4,0.3100,9.930590657890E+01,7.292548624268E+01,2.026833970058E+01
4,0.3110,9.893907105651E+01,7.209500568704E+01,2.020316819029E+01
4,0.3120,9.857442980848E+01,7.126984872471E+01,2.013841444609E+01
4,0.3130,9.821201097139E+01,7.044996433082E+01,2.007407446383E+01
4,0.3140,9.785182252014E+01,6.963530213053E+01,2.001014429038E+01
4,0.3150,9.749381530561E+01,6.882581238864E+01,1.994662002279E+01
4,0.3160,9.713799600887E+01,6.802144599956E+01,1.988349780753E+01
4,0.3170,9.678431311276E+01,6.722215447729E+01,1.982077383968E+01
4,0.3180,9.643276985066E+01,6.642788994572E+01,1.975844436220E+01
4,0.3190,9.608333095587E+01,6.563860512908E+01,1.969650566514E+01
4,0.3200,9.573599215630E+01,6.485425334254E+01,1.963495408494E+01
4,0.3210,9.557874054515E+01,6.425486731426E+01,1.957378600367E+01
4,0.3220,9.542240464164E+01,6.365920418057E+01,1.951299784838E+01
4,0.3230,9.526703761035E+01,6.306722936349E+01,1.945258609034E+01
4,0.3240,9.511263203070E+01,6.247890871195E+01,1.939254724438E+01
4,0.3250,9.495918998886E+01,6.189420849519E+01,1.933287786824E+01
4,0.3260,9.480668070482E+01,6.131309539632E+01,1.927357456190E+01
4,0.3270,9.465512660208E+01,6.073553650601E+01,1.921463396691E+01
4,0.3280,9.450448576802E+01,6.016149931624E+01,1.915605276579E+01
4,0.3290,9.435477378246E+01,5.959095171426E+01,1.909782768140E+01
4,0.3300,9.420598066366E+01,5.902386197654E+01,1.903995547630E+01
4,0.3310,9.410373971353E+01,5.861205822652E+01,1.898243295220E+01
4,0.3320,9.400216072095E+01,5.820273522199E+01,1.892525694934E+01
4,0.3330,9.390122941575E+01,5.779587061388E+01,1.886842434588E+01
4,0.3340,9.380088811278E+01,5.739144232079E+01,1.881193205742E+01
4,0.3350,9.370113958776E+01,5.698942852497E+01,1.875577703636E+01
4,0.3360,9.360196869445E+01,5.658980766841E+01,1.869995627137E+01
4,0.3370,9.350338984107E+01,5.619255844899E+01,1.864446678688E+01
4,0.3380,9.340538241635E+01,5.579765981666E+01,1.858930564254E+01
4,0.3390,9.330793707974E+01,5.540509096977E+01,1.853446993268E+01
4,0.3400,9.321107088438E+01,5.501483135139E+01,1.847995678582E+01
4,0.3410,9.328253356110E+01,5.478163705799E+01,1.842576336416E+01
4,0.3420,9.335357725574E+01,5.454980647391E+01,1.837188686310E+01
4,0.3430,9.342420236743E+01,5.431932767166E+01,1.831832451073E+01
4,0.3440,9.349440520760E+01,5.409018886245E+01,1.826507356738E+01
4,0.3450,9.356420624954E+01,5.386237839416E+01,1.821213132516E+01
4,0.3460,9.363360303787E+01,5.363588474938E+01,1.815949510746E+01
4,0.3470,9.370258003407E+01,5.341069654348E+01,1.810716226853E+01
4,0.3480,9.377116865209E+01,5.318680252267E+01,1.805513019304E+01
4,0.3490,9.383936765965E+01,5.296419156215E+01,1.800339629564E+01
4,0.3500,9.390716893106E+01,5.274285266427E+01,1.795195802051E+01
4,0.3510,9.460914325899E+01,5.264271040272E+01,1.790081284097E+01
4,0.3520,9.530672392707E+01,5.254313713129E+01,1.784995825903E+01
4,0.3530,9.599997208729E+01,5.244412801437E+01,1.779939180504E+01
4,0.3540,9.668893677263E+01,5.234567827100E+01,1.774911103723E+01
4,0.3550,9.737365303137E+01,5.224778317407E+01,1.769911354135E+01
4,0.3560,9.805417563340E+01,5.215043804959E+01,1.764939693028E+01
4,0.3570,9.873054495138E+01,5.205363827595E+01,1.759995884364E+01
4,0.3580,9.940280281138E+01,5.195737928317E+01,1.755079694743E+01
4,0.3590,1.000709881778E+02,5.186165655219E+01,1.750190893365E+01
4,0.3600,1.007351607292E+02,5.176646561415E+01,1.745329251994E+01
4,0.3610,1.019980681343E+02,5.023937503926E+01,1.740494544925E+01
4,0.3620,1.032529301526E+02,4.872072142888E+01,1.735686548945E+01
4,0.3630,1.044998657029E+02,4.721043505601E+01,1.730905043300E+01
4,0.3640,1.057389675081E+02,4.570844695992E+01,1.726149809665E+01
4,0.3650,1.069703543287E+02,4.421468893559E+01,1.721420632104E+01
4,0.3660,1.081941203150E+02,4.272909352342E+01,1.716717297044E+01
4,0.3670,1.094103661693E+02,4.125159399904E+01,1.712039593237E+01
4,0.3680,1.106191707815E+02,3.978212436339E+01,1.707387311734E+01
4,0.3690,1.118206421953E+02,3.832061933281E+01,1.702760245848E+01
4,0.3700,1.130148520948E+02,3.686701432942E+01,1.698158191130E+01
4,0.3710,1.122077579837E+02,3.469300566511E+01,1.693580945331E+01
4,0.3720,1.114046571513E+02,3.253068521943E+01,1.689028308382E+01
4,0.3730,1.106055251528E+02,3.037995898525E+01,1.684500082354E+01
4,0.3740,1.098103127531E+02,2.824073396088E+01,1.679996071438E+01
4,0.3750,1.090189926594E+02,2.611291813664E+01,1.675516081915E+01
4,0.3760,1.082315325486E+02,2.399642048168E+01,1.671059922122E+01
4,0.3770,1.074478878210E+02,2.189115093098E+01,1.666627402435E+01
4,0.3780,1.066680393340E+02,1.979702037262E+01,1.662218335233E+01
4,0.3790,1.058919356611E+02,1.771394063515E+01,1.657832534876E+01
4,0.3800,1.051195463339E+02,1.564182447524E+01,1.653469817679E+01
4,0.3810,1.038337313568E+02,1.477455568688E+01,1.649130001884E+01
4,0.3820,1.025535876574E+02,1.391182757281E+01,1.644812907639E+01
4,0.3830,1.012790443491E+02,1.305360456638E+01,1.640518356966E+01
4,0.3840,1.000100286442E+02,1.219985147144E+01,1.636246173745E+01
4,0.3850,9.874646501780E+01,1.135053345752E+01,1.631996183683E+01
4,0.3860,9.748827707815E+01,1.050561605506E+01,1.627768214295E+01
4,0.3870,9.623539030685E+01,9.665065150811E+00,1.623562094878E+01
4,0.3880,9.498773294324E+01,8.828846983181E+00,1.619377656490E+01
4,0.3890,9.374524047350E+01,7.996928137750E+00,1.615214731923E+01
4,0.3900,9.250782378193E+01,7.169275542807E+00,1.611073155687E+01
4,0.3910,9.152979049154E+01,6.911503837898E+00,1.606952763985E+01
4,0.3920,9.055589643538E+01,6.655047294747E+00,1.602853394689E+01
4,0.3930,8.958609088129E+01,6.399895873954E+00,1.598774887323E+01
4,0.3940,8.862032610941E+01,6.146039638038E+00,1.594717083041E+01
4,0.3950,8.765854472377E+01,5.893468750152E+00,1.590679824602E+01
4,0.3960,8.670069785725E+01,5.642173472811E+00,1.586662956358E+01
4,0.3970,8.574673986835E+01,5.392144166640E+00,1.582666324227E+01
4,0.3980,8.479662410877E+01,5.143371289143E+00,1.578689775673E+01
4,0.3990,8.385029507440E+01,4.895845393489E+00,1.574733159694E+01
4,0.4000,8.290769003171E+01,4.649557127313E+00,1.570796326795E+01
4,0.4010,8.220594122359E+01,4.529847561859E+00,1.566879128972E+01
4,0.4020,8.150710367424E+01,4.410733566383E+00,1.562981419696E+01
4,0.4030,8.081115533834E+01,4.292210707361E+00,1.559103053891E+01
4,0.4040,8.011806328290E+01,4.174274595166E+00,1.555243887916E+01
4,0.4050,7.942779547845E+01,4.056920883525E+00,1.551403779551E+01
4,0.4060,7.874030776130E+01,3.940145268985E+00,1.547582587975E+01
4,0.4070,7.805559287258E+01,3.823943490389E+00,1.543780173754E+01
4,0.4080,7.737360226541E+01,3.708311328355E+00,1.539996398819E+01
4,0.4090,7.669431380462E+01,3.593244604766E+00,1.536231126450E+01
4,0.4100,7.601771145146E+01,3.478739182268E+00,1.532484221263E+01
4,0.4110,7.546127162881E+01,3.392308563657E+00,1.528755549192E+01
4,0.4120,7.490708301852E+01,3.306297511157E+00,1.525044977471E+01
4,0.4130,7.435513073184E+01,3.220702977070E+00,1.521352374620E+01
4,0.4140,7.380538340528E+01,3.135521943148E+00,1.517677610430E+01
4,0.4150,7.325783303426E+01,3.050751420233E+00,1.514020555947E+01
4,0.4160,7.271243440522E+01,2.966388447909E+00,1.510381083457E+01
4,0.4170,7.216917895075E+01,2.882430094157E+00,1.506759066470E+01
4,0.4180,7.162805698750E+01,2.798873455016E+00,1.503154379708E+01
4,0.4190,7.108902634936E+01,2.715715654249E+00,1.499566899088E+01
4,0.4200,7.055208305093E+01,2.632953843009E+00,1.495996501709E+01
4,0.4210,7.008308369869E+01,2.569986959374E+00,1.492443065838E+01
4,0.4220,6.961594089333E+01,2.507318496988E+00,1.488906470896E+01
4,0.4230,6.915061471132E+01,2.444946339389E+00,1.485386597442E+01
4,0.4240,6.868709752305E+01,2.382868390081E+00,1.481883327165E+01
4,0.4250,6.822536910181E+01,2.321082572299E+00,1.478396542866E+01
4,0.4260,6.776541009097E+01,2.259586828779E+00,1.474926128446E+01
4,0.4270,6.730721593023E+01,2.198379121528E+00,1.471471968895E+01
4,0.4280,6.685075392407E+01,2.137457431601E+00,1.468033950276E+01
4,0.4290,6.639601041995E+01,2.076819758877E+00,1.464611959716E+01
4,0.4300,6.594298497235E+01,2.016464121839E+00,1.461205885391E+01
4,0.4310,6.554389706203E+01,1.966593266679E+00,1.457815616515E+01
4,0.4320,6.514633194469E+01,1.916953295107E+00,1.454441043329E+01
4,0.4330,6.475027828850E+01,1.867542607469E+00,1.451082057085E+01
4,0.4340,6.435572637061E+01,1.818359618852E+00,1.447738550041E+01
4,0.4350,6.396264534452E+01,1.769402758918E+00,1.444410415444E+01
4,0.4360,6.357103743656E+01,1.720670471737E+00,1.441097547518E+01
4,0.4370,6.318089674241E+01,1.672161215618E+00,1.437799841460E+01
4,0.4380,6.279218458062E+01,1.623873462951E+00,1.434517193420E+01
4,0.4390,6.240490854759E+01,1.575805700047E+00,1.431249500496E+01
4,0.4400,6.201904721287E+01,1.527956426973E+00,1.427996660723E+01
4,0.4410,6.165956999755E+01,1.495002020225E+00,1.424758573057E+01
4,0.4420,6.130140686637E+01,1.462196728440E+00,1.421535137371E+01
4,0.4430,6.094455537325E+01,1.429539541810E+00,1.418326254442E+01
4,0.4440,6.058900803015E+01,1.397029459624E+00,1.415131825941E+01
4,0.4450,6.023475369701E+01,1.364665490167E+00,1.411951754422E+01
4,0.4460,5.988176358666E+01,1.332446650618E+00,1.408785943314E+01
4,0.4470,5.953004652108E+01,1.300371966950E+00,1.405634296908E+01
4,0.4480,5.917958408060E+01,1.268440473834E+00,1.402496720353E+01
4,0.4490,5.883035294550E+01,1.236651214541E+00,1.399373119639E+01
4,0.4500,5.848237000107E+01,1.205003240845E+00,1.396263401595E+01
4,0.4510,5.816177700008E+01,1.181543941427E+00,1.393167473876E+01
4,0.4520,5.784232493799E+01,1.158188444218E+00,1.390085244951E+01
4,0.4530,5.752400203353E+01,1.134936061787E+00,1.387016624101E+01
4,0.4540,5.720680465052E+01,1.111786112760E+00,1.383961521405E+01
4,0.4550,5.689071666252E+01,1.088737921749E+00,1.380919847732E+01
4,0.4560,5.657572963971E+01,1.065790819296E+00,1.377891514732E+01
4,0.4570,5.626184081423E+01,1.042944141799E+00,1.374876434831E+01
4,0.4580,5.594903584021E+01,1.020197231453E+00,1.371874521218E+01
4,0.4590,5.563730984751E+01,9.975494361844E-01,1.368885687839E+01
4,0.4600,5.532664891436E+01,9.750001095908E-01,1.365909849387E+01
4,0.4610,5.503831378919E+01,9.602165502576E-01,1.362946921297E+01
4,0.4620,5.475099059975E+01,9.454969890167E-01,1.359996819736E+01
4,0.4630,5.446462608948E+01,9.308410111938E-01,1.357059461594E+01
4,0.4640,5.417926090644E+01,9.162482056890E-01,1.354134764478E+01
4,0.4650,5.389485825985E+01,9.017181649391E-01,1.351222646705E+01
4,0.4660,5.361141441474E+01,8.872504848791E-01,1.348323027292E+01
4,0.4670,5.332892093495E+01,8.728447649050E-01,1.345435825949E+01
4,0.4680,5.304738907735E+01,8.585006078367E-01,1.342560963073E+01
4,0.4690,5.276678544132E+01,8.442176198818E-01,1.339698359740E+01
4,0.4700,5.248711436765E+01,8.299954105990E-01,1.336847937698E+01
4,0.4710,5.222637338128E+01,8.187857561508E-01,1.334009619359E+01
4,0.4720,5.196650301958E+01,8.076236002383E-01,1.331183327792E+01
4,0.4730,5.170749742742E+01,7.965086416024E-01,1.328368986719E+01
4,0.4740,5.144934655229E+01,7.854405815261E-01,1.325566520502E+01
4,0.4750,5.119206016729E+01,7.744191238081E-01,1.322775854143E+01
4,0.4760,5.093559657115E+01,7.634439747359E-01,1.319996913273E+01
4,0.4770,5.067997949864E+01,7.525148430602E-01,1.317229624147E+01
4,0.4780,5.042519028123E+01,7.416314399690E-01,1.314473913636E+01
4,0.4790,5.017123584031E+01,7.307934790619E-01,1.311729709223E+01
4,0.4800,4.991808362580E+01,7.200006763252E-01,1.308996938996E+01
4,0.4810,4.967909802178E+01,7.108320372249E-01,1.306275531638E+01
4,0.4820,4.944088137086E+01,7.017014422703E-01,1.303565416427E+01
4,0.4830,4.920343593250E+01,6.926086551623E-01,1.300866523226E+01
4,0.4840,4.896674296205E+01,6.835534415547E-01,1.298178782475E+01
4,0.4850,4.873081548065E+01,6.745355690342E-01,1.295502125192E+01
4,0.4860,4.849563064723E+01,6.655548071001E-01,1.292836482959E+01
4,0.4870,4.826118417758E+01,6.566109271453E-01,1.290181787922E+01
4,0.4880,4.802748436522E+01,6.477037024362E-01,1.287537972783E+01
4,0.4890,4.779450947288E+01,6.388329080940E-01,1.284904970793E+01
4,0.4900,4.756225054723E+01,6.299983210756E-01,1.282282715751E+01
4,0.4910,4.734979126140E+01,6.223603818808E-01,1.279671141992E+01
4,0.4920,4.713800271137E+01,6.147534912194E-01,1.277070184386E+01
4,0.4930,4.692688827667E+01,6.071774601550E-01,1.274479778333E+01
4,0.4940,4.671641348998E+01,5.996321012811E-01,1.271899859753E+01
4,0.4950,4.650660873690E+01,5.921172287057E-01,1.269330365087E+01
4,0.4960,4.629745843116E+01,5.846326580358E-01,1.266771231286E+01
4,0.4970,4.608894902630E+01,5.771782063626E-01,1.264222395811E+01
4,0.4980,4.588107995930E+01,5.697536922463E-01,1.261683796622E+01
4,0.4990,4.567384812687E+01,5.623589357017E-01,1.259155372180E+01
4,0.5000,4.546724970844E+01,5.549937581832E-01,1.256637061436E+01
4,0.5010,4.526563672207E+01,5.478686762100E-01,1.254128803828E+01
4,0.5020,4.506462323388E+01,5.407719810176E-01,1.251630539279E+01
4,0.5030,4.486423621932E+01,5.337035033011E-01,1.249142208187E+01
4,0.5040,4.466443784956E+01,5.266630750993E-01,1.246663751425E+01
4,0.5050,4.446524175675E+01,5.196505297815E-01,1.244195110333E+01
4,0.5060,4.426663820900E+01,5.126657020341E-01,1.241736226715E+01
4,0.5070,4.406862832564E+01,5.057084278479E-01,1.239287042836E+01
4,0.5080,4.387120327649E+01,4.987785445049E-01,1.236847501413E+01
4,0.5090,4.367435948687E+01,4.918758905661E-01,1.234417545615E+01
4,0.5100,4.347809878997E+01,4.850003058583E-01,1.231997119055E+01
4,0.5110,4.328958187495E+01,4.804214475246E-01,1.229586165789E+01
4,0.5120,4.310161887397E+01,4.758604753562E-01,1.227184630309E+01
4,0.5130,4.291421788819E+01,4.713172847558E-01,1.224792457540E+01
4,0.5140,4.272735177752E+01,4.667917719397E-01,1.222409592836E+01
4,0.5150,4.254102923748E+01,4.622838339308E-01,1.220035981977E+01
4,0.5160,4.235524051351E+01,4.577933685497E-01,1.217671571159E+01
4,0.5170,4.216999051184E+01,4.533202744081E-01,1.215316306998E+01
4,0.5180,4.198526804946E+01,4.488644509002E-01,1.212970136521E+01
4,0.5190,4.180107465458E+01,4.444257981958E-01,1.210633007164E+01
4,0.5200,4.161739758375E+01,4.400042172326E-01,1.208304866765E+01
4,0.5210,4.144276708898E+01,4.351714847982E-01,1.205985663566E+01
4,0.5220,4.126864474028E+01,4.303572685800E-01,1.203675346203E+01
4,0.5230,4.109500970070E+01,4.255614623665E-01,1.201373863705E+01
4,0.5240,4.092187533246E+01,4.207839607569E-01,1.199081165492E+01
4,0.5250,4.074922635707E+01,4.160246591534E-01,1.196797201368E+01
4,0.5260,4.057705136318E+01,4.112834537537E-01,1.194521921517E+01
4,0.5270,4.040535922669E+01,4.065602415434E-01,1.192255276505E+01
4,0.5280,4.023415149372E+01,4.018549202884E-01,1.189997217269E+01
4,0.5290,4.006341191787E+01,3.971673885278E-01,1.187747695119E+01
4,0.5300,3.989313130258E+01,3.924975455662E-01,1.185506661732E+01
4,0.5310,3.972755451292E+01,3.884298288572E-01,1.183274069149E+01
4,0.5320,3.956243253663E+01,3.843774043163E-01,1.181049869771E+01
4,0.5330,3.939776430023E+01,3.803401858712E-01,1.178834016356E+01
4,0.5340,3.923353950591E+01,3.763180880945E-01,1.176626462019E+01
4,0.5350,3.906976760597E+01,3.723110261973E-01,1.174427160220E+01
4,0.5360,3.890642699469E+01,3.683189160236E-01,1.172236064772E+01
4,0.5370,3.874352875958E+01,3.643416740442E-01,1.170053129829E+01
4,0.5380,3.858107437179E+01,3.603792173510E-01,1.167878309885E+01
4,0.5390,3.841904746319E+01,3.564314636510E-01,1.165711559774E+01
4,0.5400,3.825744134216E+01,3.524983312611E-01,1.163552834663E+01
4,0.5410,3.810184817687E+01,3.491441805176E-01,1.161402090052E+01
4,0.5420,3.794668583691E+01,3.458024067141E-01,1.159259281767E+01
4,0.5430,3.779192105209E+01,3.424729414697E-01,1.157124365963E+01
4,0.5440,3.763757365397E+01,3.391557169064E-01,1.154997299114E+01
4,0.5450,3.748362190070E+01,3.358506656442E-01,1.152878038015E+01
4,0.5460,3.733007279246E+01,3.325577207969E-01,1.150766539776E+01
4,0.5470,3.717693311164E+01,3.292768159674E-01,1.148662761824E+01
4,0.5480,3.702417831866E+01,3.260078852430E-01,1.146566661894E+01
4,0.5490,3.687181467229E+01,3.227508631916E-01,1.144478198029E+01
4,0.5500,3.671984502247E+01,3.195056848567E-01,1.142397328578E+01
4,0.5510,3.657242117726E+01,3.164057036630E-01,1.140324012192E+01
4,0.5520,3.642537278694E+01,3.133169542852E-01,1.138258207822E+01
4,0.5530,3.627870032970E+01,3.102393757912E-01,1.136199874716E+01
4,0.5540,3.613240070472E+01,3.071729076889E-01,1.134148972415E+01
4,0.5550,3.598647338864E+01,3.041174899221E-01,1.132105460753E+01
4,0.5560,3.584091125678E+01,3.010730628667E-01,1.130069299852E+01
4,0.5570,3.569571459144E+01,2.980395673267E-01,1.128040450122E+01
4,0.5580,3.555088399033E+01,2.950169445307E-01,1.126018872254E+01
4,0.5590,3.540640692590E+01,2.920051361274E-01,1.124004527224E+01
4,0.5600,3.526228990342E+01,2.890040841827E-01,1.121997376282E+01
4,0.5610,3.512127618855E+01,2.866666896486E-01,1.119997380959E+01
4,0.5620,3.498060535921E+01,2.843376132444E-01,1.118004503057E+01
4,0.5630,3.484029134536E+01,2.820168106464E-01,1.116018704650E+01
4,0.5640,3.470031881178E+01,2.797042378447E-01,1.114039948081E+01
4,0.5650,3.456068185867E+01,2.773998511415E-01,1.112068195961E+01
4,0.5660,3.442138729829E+01,2.751036071475E-01,1.110103411162E+01
4,0.5670,3.428242284377E+01,2.728154627795E-01,1.108145556822E+01
4,0.5680,3.414378681237E+01,2.705353752579E-01,1.106194596334E+01
4,0.5690,3.400549128825E+01,2.682633021037E-01,1.104250493353E+01
4,0.5700,3.386751964068E+01,2.659992011361E-01,1.102313211786E+01
4,0.5710,3.373397330644E+01,2.637650381238E-01,1.100382715793E+01
4,0.5720,3.360074827979E+01,2.615386868703E-01,1.098458969787E+01
4,0.5730,3.346783248059E+01,2.593201064764E-01,1.096541938426E+01
4,0.5740,3.333523277087E+01,2.571092563277E-01,1.094631586617E+01
4,0.5750,3.320295096647E+01,2.549060960926E-01,1.092727879509E+01
4,0.5760,3.307097223083E+01,2.527105857194E-01,1.090830782496E+01
4,0.5770,3.293931221605E+01,2.505226854341E-01,1.088940261210E+01
4,0.5780,3.280794008605E+01,2.483423557381E-01,1.087056281519E+01
4,0.5790,3.267687392593E+01,2.461695574055E-01,1.085178809530E+01
4,0.5800,3.254610821190E+01,2.440042514809E-01,1.083307811583E+01
4,0.5810,3.241836657872E+01,2.420237559709E-01,1.081443254248E+01
4,0.5820,3.229091269160E+01,2.400500662874E-01,1.079585104326E+01
4,0.5830,3.216375004828E+01,2.380831474090E-01,1.077733328847E+01
4,0.5840,3.203687516453E+01,2.361229645541E-01,1.075887895065E+01
4,0.5850,3.191028887218E+01,2.341694831791E-01,1.074048770458E+01
4,0.5860,3.178397813852E+01,2.322226689760E-01,1.072215922727E+01
4,0.5870,3.165795881372E+01,2.302824878708E-01,1.070389319792E+01
4,0.5880,3.153222350995E+01,2.283489060209E-01,1.068568929792E+01
4,0.5890,3.140675115859E+01,2.264218898141E-01,1.066754721083E+01
4,0.5900,3.128157002863E+01,2.245014058655E-01,1.064946662234E+01
4,0.5910,3.115935380983E+01,2.229021118543E-01,1.063144722027E+01
4,0.5920,3.103742189303E+01,2.213082208635E-01,1.061348869456E+01
4,0.5930,3.091574566918E+01,2.197197055589E-01,1.059559073723E+01
4,0.5940,3.079433328493E+01,2.181365387908E-01,1.057775304239E+01
4,0.5950,3.067318209604E+01,2.165586935916E-01,1.055997530618E+01
4,0.5960,3.055229809168E+01,2.149861431749E-01,1.054225722681E+01
4,0.5970,3.043167055070E+01,2.134188609339E-01,1.052459850449E+01
4,0.5980,3.031130442727E+01,2.118568204394E-01,1.050699884144E+01
4,0.5990,3.019119603147E+01,2.102999954392E-01,1.048945794187E+01
4,0.6000,3.007134220244E+01,2.087483598555E-01,1.047197551197E+01
4,0.6010,2.995307680564E+01,2.068453875867E-01,1.045455125987E+01
4,0.6020,2.983506204505E+01,2.049487374849E-01,1.043718489565E+01
4,0.6030,2.971729664242E+01,2.030583780965E-01,1.041987613131E+01
4,0.6040,2.959978263908E+01,2.011742781763E-01,1.040262468076E+01
4,0.6050,2.948250093247E+01,1.992964066856E-01,1.038543025980E+01
4,0.6060,2.936547010706E+01,1.974247327905E-01,1.036829258610E+01
4,0.6070,2.924866923409E+01,1.955592258606E-01,1.035121137921E+01
4,0.6080,2.913211935294E+01,1.936998554665E-01,1.033418636049E+01
4,0.6090,2.901579129403E+01,1.918465913792E-01,1.031721725317E+01
4,0.6100,2.889971181728E+01,1.899994035676E-01,1.030030378226E+01
4,0.6110,2.878653635214E+01,1.885788551254E-01,1.028344567460E+01
4,0.6120,2.867358106360E+01,1.871629489983E-01,1.026664265879E+01
4,0.6130,2.856086649982E+01,1.857516624670E-01,1.024989446522E+01
4,0.6140,2.844836412214E+01,1.843449729604E-01,1.023320082603E+01
4,0.6150,2.833609659300E+01,1.829428580537E-01,1.021656147509E+01
4,0.6160,2.822405349478E+01,1.815452954681E-01,1.019997614802E+01
4,0.6170,2.811221970403E+01,1.801522630692E-01,1.018344458214E+01
4,0.6180,2.800060928780E+01,1.787637388658E-01,1.016696651647E+01
4,0.6190,2.788920994096E+01,1.773797010088E-01,1.015054169173E+01
4,0.6200,2.777802925207E+01,1.760001277900E-01,1.013416985029E+01
4,0.6210,2.766840253610E+01,1.747828361126E-01,1.011785073620E+01
4,0.6220,2.755897663645E+01,1.735694585564E-01,1.010158409514E+01
4,0.6230,2.744976362815E+01,1.723599762732E-01,1.008536967445E+01
4,0.6240,2.734076582786E+01,1.711543705359E-01,1.006920722304E+01
4,0.6250,2.723196420889E+01,1.699526227368E-01,1.005309649149E+01
4,0.6260,2.712337358844E+01,1.687547143877E-01,1.003703723192E+01
4,0.6270,2.701498524348E+01,1.675606271177E-01,1.002102919805E+01
4,0.6280,2.690679672096E+01,1.663703426735E-01,1.000507214519E+01
4,0.6290,2.679881805382E+01,1.651838429175E-01,9.989165830174E+00
4,0.6300,2.669102667392E+01,1.640011098274E-01,9.973310011396E+00
4,0.6310,2.658477016451E+01,1.627335037055E-01,9.957504448779E+00
4,0.6320,2.647869764169E+01,1.614699089954E-01,9.941748903765E+00
4,0.6330,2.637282654004E+01,1.602103066856E-01,9.926043139304E+00
4,0.6340,2.626715009037E+01,1.589546778847E-01,9.910386919842E+00
4,0.6350,2.616166136760E+01,1.577030038202E-01,9.894780011306E+00
4,0.6360,2.605636617871E+01,1.564552658376E-01,9.879222181100E+00
4,0.6370,2.595125829258E+01,1.552114453998E-01,9.863713198084E+00
4,0.6380,2.584633178284E+01,1.539715240855E-01,9.848252832570E+00
4,0.6390,2.574159326151E+01,1.527354835892E-01,9.832840856306E+00
4,0.6400,2.563702741494E+01,1.515033057194E-01,9.817477042468E+00
4,0.6410,2.553398418876E+01,1.502857547756E-01,9.802161165647E+00
4,0.6420,2.543111244233E+01,1.490719968254E-01,9.786893001837E+00
4,0.6430,2.532842703318E+01,1.478620141721E-01,9.771672328429E+00
4,0.6440,2.522590815048E+01,1.466557892289E-01,9.756498924192E+00
4,0.6450,2.512357001851E+01,1.454533045181E-01,9.741372569271E+00
4,0.6460,2.502141348584E+01,1.442545426701E-01,9.726293045170E+00
4,0.6470,2.491941667347E+01,1.430594864230E-01,9.711260134744E+00
4,0.6480,2.481760048885E+01,1.418681186210E-01,9.696273622191E+00
4,0.6490,2.471595417388E+01,1.406804222144E-01,9.681333293035E+00
4,0.6500,2.461447769927E+01,1.394963802583E-01,9.666438934122E+00
4,0.6510,2.451448274769E+01,1.383816067262E-01,9.651590333609E+00
4,0.6520,2.441465830936E+01,1.372702527448E-01,9.636787280950E+00
4,0.6530,2.431500199576E+01,1.361623026040E-01,9.622029566891E+00
4,0.6540,2.421550811634E+01,1.350577406900E-01,9.607316983455E+00
4,0.6550,2.411617359911E+01,1.339565514841E-01,9.592649323938E+00
4,0.6560,2.401700553670E+01,1.328587195624E-01,9.578026382896E+00
4,0.6570,2.391799785334E+01,1.317642295948E-01,9.563447956133E+00
4,0.6580,2.381913280308E+01,1.306730663444E-01,9.548913840698E+00
4,0.6590,2.372043989706E+01,1.295852146669E-01,9.534423834870E+00
4,0.6600,2.362189380586E+01,1.285006595096E-01,9.519977738151E+00
4,0.6610,2.352483146144E+01,1.275885851522E-01,9.505575351255E+00
4,0.6620,2.342791812350E+01,1.266792663065E-01,9.491216476102E+00
4,0.6630,2.333114877726E+01,1.257726905041E-01,9.476900915806E+00
4,0.6640,2.323454226215E+01,1.248688453517E-01,9.462628474668E+00
4,0.6650,2.313807334750E+01,1.239677185306E-01,9.448398958165E+00
4,0.6660,2.304175813307E+01,1.230692977960E-01,9.434212172942E+00
4,0.6670,2.294559095574E+01,1.221735709767E-01,9.420067926806E+00
4,0.6680,2.284957020304E+01,1.212805259742E-01,9.405966028712E+00
4,0.6690,2.275368837258E+01,1.203901507625E-01,9.391906288759E+00
4,0.6700,2.265795883046E+01,1.195024333871E-01,9.377888518178E+00
4,0.6710,2.256236035371E+01,1.185396414913E-01,9.363912529329E+00
4,0.6720,2.246690760110E+01,1.175797150475E-01,9.349978135684E+00
4,0.6730,2.237159933627E+01,1.166226412826E-01,9.336085151827E+00
4,0.6740,2.227642544559E+01,1.156684074991E-01,9.322233393442E+00
4,0.6750,2.218138330041E+01,1.147170010751E-01,9.308422677303E+00
4,0.6760,2.208648099686E+01,1.137684094629E-01,9.294652821272E+00
4,0.6770,2.199171767713E+01,1.128226201894E-01,9.280923644283E+00
4,0.6780,2.189708648547E+01,1.118796208547E-01,9.267234966342E+00
4,0.6790,2.180258743241E+01,1.109393991321E-01,9.253586608512E+00
4,0.6800,2.170821739362E+01,1.100019427676E-01,9.239978392911E+00
4,0.6810,2.161530372195E+01,1.091908734748E-01,9.226410142701E+00
4,0.6820,2.152251346480E+01,1.083821826843E-01,9.212881682082E+00
4,0.6830,2.142985454274E+01,1.075758599489E-01,9.199392836281E+00
4,0.6840,2.133731262541E+01,1.067718948823E-01,9.185943431549E+00
4,0.6850,2.124491133534E+01,1.059702771589E-01,9.172533295153E+00
4,0.6860,2.115263292584E+01,1.051709965134E-01,9.159162255364E+00
4,0.6870,2.106047300526E+01,1.043740427403E-01,9.145830141455E+00
4,0.6880,2.096844138288E+01,1.035794056933E-01,9.132536783691E+00
4,0.6890,2.087653597994E+01,1.027870752850E-01,9.119282013323E+00
4,0.6900,2.078473555445E+01,1.019970414865E-01,9.106065662579E+00
4,0.6910,2.069571100858E+01,1.012374822786E-01,9.092887564659E+00
4,0.6920,2.060679193034E+01,1.004801183286E-01,9.079747553728E+00
4,0.6930,2.051800077157E+01,9.972494013304E-02,9.066645464906E+00
4,0.6940,2.042932381454E+01,9.897193824355E-02,9.053581134265E+00
4,0.6950,2.034076010336E+01,9.822110326597E-02,9.040554398820E+00
4,0.6960,2.025231878609E+01,9.747242586017E-02,9.027565096522E+00
4,0.6970,2.016398986711E+01,9.672589673961E-02,9.014613066255E+00
4,0.6980,2.007576843195E+01,9.598150667096E-02,9.001698147822E+00
4,0.6990,1.998767528318E+01,9.523924647376E-02,8.988820181945E+00
4,0.7000,1.989967833049E+01,9.449910701998E-02,8.975979010257E+00
4,0.7010,1.981048069951E+01,9.394213535809E-02,8.963174475292E+00
4,0.7020,1.972139385500E+01,9.338675051004E-02,8.950406420484E+00
4,0.7030,1.963241524436E+01,9.283294570424E-02,8.937674690156E+00
4,0.7040,1.954353795802E+01,9.228071420755E-02,8.924979129516E+00
4,0.7050,1.945477647733E+01,9.173004932503E-02,8.912319584652E+00
4,0.7060,1.936612092749E+01,9.118094439968E-02,8.899695902521E+00
4,0.7070,1.927758027219E+01,9.063339281218E-02,8.887107930947E+00
4,0.7080,1.918913670301E+01,9.008738798057E-02,8.874555518615E+00
4,0.7090,1.910079123534E+01,8.954292336005E-02,8.862038515063E+00
4,0.7100,1.901255278832E+01,8.899999244268E-02,8.849556770675E+00
4,0.7110,1.892706283190E+01,8.849367208440E-02,8.837110136680E+00
4,0.7120,1.884167336895E+01,8.798877397431E-02,8.824698465140E+00
4,0.7130,1.875638853661E+01,8.748529212820E-02,8.812321608948E+00
4,0.7140,1.867119883812E+01,8.698322059539E-02,8.799979421820E+00
4,0.7150,1.858611878901E+01,8.648255345848E-02,8.787671758293E+00
4,0.7160,1.850113411216E+01,8.598328483312E-02,8.775398473715E+00
4,0.7170,1.841624841756E+01,8.548540886780E-02,8.763159424239E+00
4,0.7180,1.833145528034E+01,8.498891974362E-02,8.750954466824E+00
4,0.7190,1.824677390750E+01,8.449381167402E-02,8.738783459221E+00
4,0.7200,1.816218481813E+01,8.400007890461E-02,8.726646259972E+00
4,0.7210,1.807769219053E+01,8.329133361698E-02,8.714542728404E+00
4,0.7220,1.799329131175E+01,8.258455161270E-02,8.702472724625E+00
4,0.7230,1.790899058461E+01,8.187972474535E-02,8.690436109515E+00
4,0.7240,1.782479182291E+01,8.117684491356E-02,8.678432744723E+00
4,0.7250,1.774068089263E+01,8.047590406061E-02,8.666462492661E+00
4,0.7260,1.765666988982E+01,7.977689417419E-02,8.654525216501E+00
4,0.7270,1.757274605580E+01,7.907980728609E-02,8.642620780164E+00
4,0.7280,1.748892064107E+01,7.838463547186E-02,8.630749048324E+00
4,0.7290,1.740519499694E+01,7.769137085053E-02,8.618909886392E+00
4,0.7300,1.732155470149E+01,7.700000558433E-02,8.607103160520E+00
4,0.7310,1.723933549849E+01,7.639261726781E-02,8.595328737592E+00
4,0.7320,1.715719476074E+01,7.578688848221E-02,8.583586485218E+00
4,0.7330,1.707516224186E+01,7.518281243545E-02,8.571876271732E+00
4,0.7340,1.699322250353E+01,7.458038237247E-02,8.560197966185E+00
4,0.7350,1.691137371407E+01,7.397959157496E-02,8.548551438340E+00
4,0.7360,1.682961202105E+01,7.338043336115E-02,8.536936558668E+00
4,0.7370,1.674794745713E+01,7.278290108550E-02,8.525353198344E+00
4,0.7380,1.666637072658E+01,7.218698813851E-02,8.513801229241E+00
4,0.7390,1.658489458832E+01,7.159268794645E-02,8.502280523924E+00
4,0.7400,1.650350275437E+01,7.099999397113E-02,8.490790955648E+00
4,0.7410,1.642221167848E+01,7.044332579918E-02,8.479332398353E+00
4,0.7420,1.634100600847E+01,6.988815808052E-02,8.467904726657E+00
4,0.7430,1.625990214661E+01,6.933448475680E-02,8.456507815854E+00
4,0.7440,1.617888874094E+01,6.878229980222E-02,8.445141541908E+00
4,0.7450,1.609796748005E+01,6.823159722337E-02,8.433805781449E+00
4,0.7460,1.601713947321E+01,6.768237105893E-02,8.422500411769E+00
4,0.7470,1.593639955777E+01,6.713461537954E-02,8.411225310816E+00
4,0.7480,1.585576301488E+01,6.658832428753E-02,8.399980357192E+00
4,0.7490,1.577523278810E+01,6.604349191673E-02,8.388765430146E+00
4,0.7500,1.569477876344E+01,6.550011243224E-02,8.377580409573E+00
4,0.7510,1.561575780363E+01,6.489292191390E-02,8.366425176005E+00
4,0.7520,1.553683030463E+01,6.428734626396E-02,8.355299610611E+00
4,0.7530,1.545799839272E+01,6.368337904869E-02,8.344203595192E+00
4,0.7540,1.537928375374E+01,6.308101386846E-02,8.333137012175E+00
4,0.7550,1.530064592205E+01,6.248024435759E-02,8.322099744609E+00
4,0.7560,1.522212925215E+01,6.188106418404E-02,8.311091676163E+00
4,0.7570,1.514371028862E+01,6.128346704927E-02,8.300112691122E+00
4,0.7580,1.506539301965E+01,6.068744668793E-02,8.289162674379E+00
4,0.7590,1.498719759809E+01,6.009299686774E-02,8.278241511436E+00
4,0.7600,1.490910361620E+01,5.950011138917E-02,8.267349088394E+00
4,0.7610,1.483111713091E+01,5.904476839808E-02,8.256485291957E+00
4,0.7620,1.475324747267E+01,5.859062053295E-02,8.245650009422E+00
4,0.7630,1.467549174570E+01,5.813766309473E-02,8.234843128676E+00
4,0.7640,1.459784946860E+01,5.768589140896E-02,8.224064538193E+00
4,0.7650,1.452032841730E+01,5.723530082564E-02,8.213314127032E+00
4,0.7660,1.444292980693E+01,5.678588671903E-02,8.202591784830E+00
4,0.7670,1.436566780996E+01,5.633764448755E-02,8.191897401799E+00
4,0.7680,1.428852225800E+01,5.589056955354E-02,8.181230868723E+00
4,0.7690,1.421151902160E+01,5.544465736318E-02,8.170592076957E+00
4,0.7700,1.413465523236E+01,5.499990338630E-02,8.159980918415E+00
4,0.7710,1.405922288485E+01,5.464586499241E-02,8.149397285577E+00
4,0.7720,1.398394383097E+01,5.429274379642E-02,8.138841071476E+00
4,0.7730,1.390881406719E+01,5.394053623872E-02,8.128312169702E+00
4,0.7740,1.383383684328E+01,5.358923877807E-02,8.117810474392E+00
4,0.7750,1.375900875027E+01,5.323884789151E-02,8.107335880232E+00
4,0.7760,1.368435047775E+01,5.288936007425E-02,8.096888282448E+00
4,0.7770,1.360985721703E+01,5.254077183952E-02,8.086467576808E+00
4,0.7780,1.353554353110E+01,5.219307971851E-02,8.076073659614E+00
4,0.7790,1.346141440205E+01,5.184628026020E-02,8.065706427702E+00
4,0.7800,1.338746621073E+01,5.150037003127E-02,8.055365778435E+00
4,0.7810,1.331373041568E+01,5.098446871980E-02,8.045051609705E+00
4,0.7820,1.324019655051E+01,5.046988684902E-02,8.034763819923E+00
4,0.7830,1.316687733727E+01,4.995661936360E-02,8.024502308020E+00
4,0.7840,1.309379372323E+01,4.944466123402E-02,8.014266973443E+00
4,0.7850,1.302094971926E+01,4.893400745635E-02,8.004057716152E+00
4,0.7860,1.294835747799E+01,4.842465305217E-02,7.993874436615E+00
4,0.7870,1.287602951267E+01,4.791659306833E-02,7.983717035806E+00
4,0.7880,1.280399648776E+01,4.740982257684E-02,7.973585415203E+00
4,0.7890,1.273225939568E+01,4.690433667467E-02,7.963479476780E+00
4,0.7900,1.266083466415E+01,4.640013048365E-02,7.953399123012E+00
4,0.7910,1.258974910917E+01,4.600570523281E-02,7.943344256864E+00
4,0.7920,1.251903575909E+01,4.561227600532E-02,7.933314781792E+00
4,0.7930,1.244870162823E+01,4.521983903314E-02,7.923310601740E+00
4,0.7940,1.237878996112E+01,4.482839056719E-02,7.913331621133E+00
4,0.7950,1.230932461402E+01,4.443792687725E-02,7.903377744880E+00
4,0.7960,1.224033447592E+01,4.404844425186E-02,7.893448878366E+00
4,0.7970,1.217187472306E+01,4.365993899817E-02,7.883544927452E+00
4,0.7980,1.210397950607E+01,4.327240744187E-02,7.873665798471E+00
4,0.7990,1.203670295048E+01,4.288584592700E-02,7.863811398222E+00
4,0.8000,1.197010574710E+01,4.250025081593E-02,7.853981633974E+00
4,0.8010,1.190538083557E+01,4.212103097087E-02,7.844176413458E+00
4,0.8020,1.184145567644E+01,4.174275681122E-02,7.834395644862E+00
4,0.8030,1.177839960382E+01,4.136542480389E-02,7.824639236836E+00
4,0.8040,1.171632722293E+01,4.098903143340E-02,7.814907098482E+00
4,0.8050,1.165536738590E+01,4.061357320171E-02,7.805199139354E+00
4,0.8060,1.159565757389E+01,4.023904662817E-02,7.795515269454E+00
4,0.8070,1.153739701883E+01,3.986544824936E-02,7.785855399231E+00
4,0.8080,1.148082085395E+01,3.949277461901E-02,7.776219439579E+00
4,0.8090,1.142622114332E+01,3.912102230790E-02,7.766607301829E+00
4,0.8100,1.137402145205E+01,3.875018790372E-02,7.757018897753E+00
4,0.8110,1.132478409862E+01,3.840637693148E-02,7.747454139556E+00
4,0.8120,1.127934213552E+01,3.806341278429E-02,7.737912939876E+00
4,0.8130,1.123898895665E+01,3.772129233734E-02,7.728395211783E+00
4,0.8140,1.120600710290E+01,3.738001248116E-02,7.718900868771E+00
4,0.3000,9.940308514580E+01,8.867668863533E+01,2.094395102393E+01
4,0.3010,9.935704722281E+01,8.705447177761E+01,2.087436979129E+01
4,0.3020,9.931100057847E+01,8.544299807790E+01,2.080524936152E+01
4,0.3030,9.926526022453E+01,8.384216116828E+01,2.073658517221E+01
4,0.3040,9.921983883077E+01,8.225185608043E+01,2.066837272099E+01
4,0.3050,9.917471605027E+01,8.067197922267E+01,2.060060756452E+01
4,0.3060,9.912990494123E+01,7.910242835745E+01,2.053328531758E+01
4,0.3070,9.908538704095E+01,7.754310257929E+01,2.046640165205E+01
4,0.3080,9.904117544288E+01,7.599390229320E+01,2.039995229604E+01
4,0.3090,9.899724377739E+01,7.445472919343E+01,2.033393303294E+01
4,0.3100,9.895362334729E+01,7.292548624268E+01,2.026833970058E+01
4,0.3110,9.858406631632E+01,7.209500568704E+01,2.020316819029E+01
4,0.3120,9.821661875035E+01,7.126984872471E+01,2.013841444609E+01
4,0.3130,9.785139627577E+01,7.044996433082E+01,2.007407446383E+01
4,0.3140,9.748839082435E+01,6.963530213053E+01,2.001014429038E+01
4,0.3150,9.712757015395E+01,6.882581238864E+01,1.994662002279E+01
4,0.3160,9.676891869460E+01,6.802144599956E+01,1.988349780753E+01
4,0.3170,9.641240722673E+01,6.722215447729E+01,1.982077383968E+01
4,0.3180,9.605802937445E+01,6.642788994572E+01,1.975844436220E+01
4,0.3190,9.570574854209E+01,6.563860512908E+01,1.969650566514E+01
4,0.3200,9.535557176130E+01,6.485425334254E+01,1.963495408494E+01
4,0.3210,9.519672946579E+01,6.425486731426E+01,1.957378600367E+01
4,0.3220,9.503876051236E+01,6.365920418057E+01,1.951299784838E+01
4,0.3230,9.488179861705E+01,6.306722936349E+01,1.945258609034E+01
4,0.3240,9.472584812465E+01,6.247890871195E+01,1.939254724438E+01
4,0.3250,9.457087113705E+01,6.189420849519E+01,1.933287786824E+01
4,0.3260,9.441687517750E+01,6.131309539632E+01,1.927357456190E+01
4,0.3270,9.426384001213E+01,6.073553650601E+01,1.921463396691E+01
4,0.3280,9.411178676870E+01,6.016149931624E+01,1.915605276579E+01
4,0.3290,9.396066997959E+01,5.959095171426E+01,1.909782768140E+01
4,0.3300,9.381050364329E+01,5.902386197654E+01,1.903995547630E+01
4,0.3310,9.370728659159E+01,5.861205822652E+01,1.898243295220E+01
4,0.3320,9.360481740828E+01,5.820273522199E+01,1.892525694934E+01
4,0.3330,9.350302639119E+01,5.779587061388E+01,1.886842434588E+01
4,0.3340,9.340182945702E+01,5.739144232079E+01,1.881193205742E+01
4,0.3350,9.330123567774E+01,5.698942852497E+01,1.875577703636E+01
4,0.3360,9.320121358458E+01,5.658980766841E+01,1.869995627137E+01
4,0.3370,9.310178360764E+01,5.619255844899E+01,1.864446678688E+01
4,0.3380,9.300292921725E+01,5.579765981666E+01,1.858930564254E+01
4,0.3390,9.290465135213E+01,5.540509096977E+01,1.853446993268E+01
4,0.3400,9.280694219486E+01,5.501483135139E+01,1.847995678582E+01
4,0.3410,9.287889848994E+01,5.478163705799E+01,1.842576336416E+01
4,0.3420,9.295044816058E+01,5.454980647391E+01,1.837188686310E+01
4,0.3430,9.302155626501E+01,5.431932767166E+01,1.831832451073E+01
4,0.3440,9.309225497794E+01,5.409018886245E+01,1.826507356738E+01
4,0.3450,9.316253625889E+01,5.386237839416E+01,1.821213132516E+01
4,0.3460,9.323241922394E+01,5.363588474938E+01,1.815949510746E+01
4,0.3470,9.330189102278E+01,5.341069654348E+01,1.810716226853E+01
4,0.3480,9.337094851165E+01,5.318680252267E+01,1.805513019304E+01
4,0.3490,9.343961141825E+01,5.296419156215E+01,1.800339629564E+01
4,0.3500,9.350788208138E+01,5.274285266427E+01,1.795195802051E+01
4,0.3510,9.421524031483E+01,5.264271040272E+01,1.790081284097E+01
4,0.3520,9.491806449894E+01,5.254313713129E+01,1.784995825903E+01
4,0.3530,9.561642959121E+01,5.244412801437E+01,1.779939180504E+01
4,0.3540,9.631037287529E+01,5.234567827100E+01,1.774911103723E+01
4,0.3550,9.699994634474E+01,5.224778317407E+01,1.769911354135E+01
4,0.3560,9.768520185129E+01,5.215043804959E+01,1.764939693028E+01
4,0.3570,9.836620300018E+01,5.205363827595E+01,1.759995884364E+01
4,0.3580,9.904296951454E+01,5.195737928317E+01,1.755079694743E+01
4,0.3590,9.971557430090E+01,5.186165655219E+01,1.750190893365E+01
4,0.3600,1.003840360172E+02,5.176646561415E+01,1.745329251994E+01
4,0.3610,1.016549567535E+02,5.023937503926E+01,1.740494544925E+01
4,0.3620,1.029175063043E+02,4.872072142888E+01,1.735686548945E+01
4,0.3630,1.041718327816E+02,4.721043505601E+01,1.730905043300E+01
4,0.3640,1.054180559238E+02,4.570844695992E+01,1.726149809665E+01
4,0.3650,1.066562951779E+02,4.421468893559E+01,1.721420632104E+01
4,0.3660,1.078866510482E+02,4.272909352342E+01,1.716717297044E+01
4,0.3670,1.091092419600E+02,4.125159399904E+01,1.712039593237E+01
4,0.3680,1.103241803330E+02,3.978212436339E+01,1.707387311734E+01
4,0.3690,1.115315478952E+02,3.832061933281E+01,1.702760245848E+01
4,0.3700,1.127314640316E+02,3.686701432942E+01,1.698158191130E+01
4,0.3710,1.119204981907E+02,3.469300566511E+01,1.693580945331E+01
4,0.3720,1.111134702074E+02,3.253068521943E+01,1.689028308382E+01
4,0.3730,1.103103310653E+02,3.037995898525E+01,1.684500082354E+01
4,0.3740,1.095110741621E+02,2.824073396088E+01,1.679996071438E+01
4,0.3750,1.087156393758E+02,2.611291813664E+01,1.675516081915E+01
4,0.3760,1.079239918131E+02,2.399642048168E+01,1.671059922122E+01
4,0.3770,1.071361021154E+02,2.189115093098E+01,1.666627402435E+01
4,0.3780,1.063519335600E+02,1.979702037262E+01,1.662218335233E+01
4,0.3790,1.055714397219E+02,1.771394063515E+01,1.657832534876E+01
4,0.3800,1.047946084642E+02,1.564182447524E+01,1.653469817679E+01
4,0.3810,1.035011960530E+02,1.477455568688E+01,1.649130001884E+01
4,0.3820,1.022132158565E+02,1.391182757281E+01,1.644812907639E+01
4,0.3830,1.009306051496E+02,1.305360456638E+01,1.640518356966E+01
4,0.3840,9.965326885758E+01,1.219985147144E+01,1.636246173745E+01
4,0.3850,9.838113302674E+01,1.135053345752E+01,1.631996183683E+01
4,0.3860,9.711408837002E+01,1.050561605506E+01,1.627768214295E+01
4,0.3870,9.585206983330E+01,9.665065150811E+00,1.623562094878E+01
4,0.3880,9.459499393706E+01,8.828846983181E+00,1.619377656490E+01
4,0.3890,9.334275594982E+01,7.996928137750E+00,1.615214731923E+01
4,0.3900,9.209528605459E+01,7.169275542807E+00,1.611073155687E+01
4,0.3910,9.110903534109E+01,6.911503837898E+00,1.606952763985E+01
4,0.3920,9.012669810611E+01,6.655047294747E+00,1.602853394689E+01
4,0.3930,8.914824581468E+01,6.399895873954E+00,1.598774887323E+01
4,0.3940,8.817361002368E+01,6.146039638038E+00,1.594717083041E+01
4,0.3950,8.720273670550E+01,5.893468750152E+00,1.590679824602E+01
4,0.3960,8.623555083323E+01,5.642173472811E+00,1.586662956358E+01
4,0.3970,8.527201242958E+01,5.392144166640E+00,1.582666324227E+01
4,0.3980,8.431204729062E+01,5.143371289143E+00,1.578689775673E+01
4,0.3990,8.335561140535E+01,4.895845393489E+00,1.574733159694E+01
4,0.4000,8.240263069072E+01,4.649557127313E+00,1.570796326795E+01
4,0.4010,8.169293549762E+01,4.529847561859E+00,1.566879128972E+01
4,0.4020,8.098599987785E+01,4.410733566383E+00,1.562981419696E+01
4,0.4030,8.028178123955E+01,4.292210707361E+00,1.559103053891E+01
4,0.4040,7.958026113196E+01,4.174274595166E+00,1.555243887916E+01
4,0.4050,7.888139808607E+01,4.056920883525E+00,1.551403779551E+01
4,0.4060,7.818516937810E+01,3.940145268985E+00,1.547582587975E+01
4,0.4070,7.749152873740E+01,3.823943490389E+00,1.543780173754E+01
4,0.4080,7.680043345384E+01,3.708311328355E+00,1.539996398819E+01
4,0.4090,7.611186076498E+01,3.593244604766E+00,1.536231126450E+01
4,0.4100,7.542578341370E+01,3.478739182268E+00,1.532484221263E+01
4,0.4110,7.486136313312E+01,3.392308563657E+00,1.528755549192E+01
4,0.4120,7.429906911082E+01,3.306297511157E+00,1.525044977471E+01
4,0.4130,7.373888976468E+01,3.220702977070E+00,1.521352374620E+01
4,0.4140,7.318077521275E+01,3.135521943148E+00,1.517677610430E+01
4,0.4150,7.262471312491E+01,3.050751420233E+00,1.514020555947E+01
4,0.4160,7.207069416126E+01,2.966388447909E+00,1.510381083457E+01
4,0.4170,7.151865906516E+01,2.882430094157E+00,1.506759066470E+01
4,0.4180,7.096861109077E+01,2.798873455016E+00,1.503154379708E+01
4,0.4190,7.042051613472E+01,2.715715654249E+00,1.499566899088E+01
4,0.4200,6.987434440555E+01,2.632953843009E+00,1.495996501709E+01
4,0.4210,6.939714560618E+01,2.569986959374E+00,1.492443065838E+01
4,0.4220,6.892165493583E+01,2.507318496988E+00,1.488906470896E+01
4,0.4230,6.844788043882E+01,2.444946339389E+00,1.485386597442E+01
4,0.4240,6.797578641730E+01,2.382868390081E+00,1.481883327165E+01
4,0.4250,6.750537089714E+01,2.321082572299E+00,1.478396542866E+01
4,0.4260,6.703659369658E+01,2.259586828779E+00,1.474926128446E+01
4,0.4270,6.656946241794E+01,2.198379121528E+00,1.471471968895E+01
4,0.4280,6.610393490786E+01,2.137457431601E+00,1.468033950276E+01
4,0.4290,6.564000127930E+01,2.076819758877E+00,1.464611959716E+01
4,0.4300,6.517762897459E+01,2.016464121839E+00,1.461205885391E+01
4,0.4310,6.477016995268E+01,1.966593266679E+00,1.457815616515E+01
4,0.4320,6.436411721874E+01,1.916953295107E+00,1.454441043329E+01
4,0.4330,6.395948907583E+01,1.867542607469E+00,1.451082057085E+01
4,0.4340,6.355623695000E+01,1.818359618852E+00,1.447738550041E+01
4,0.4350,6.315435497598E+01,1.769402758918E+00,1.444410415444E+01
4,0.4360,6.275384220864E+01,1.720670471737E+00,1.441097547518E+01
4,0.4370,6.235467154326E+01,1.672161215618E+00,1.437799841460E+01
4,0.4380,6.195683050946E+01,1.623873462951E+00,1.434517193420E+01
4,0.4390,6.156029419886E+01,1.575805700047E+00,1.431249500496E+01
4,0.4400,6.116506382636E+01,1.527956426973E+00,1.427996660723E+01
4,0.4410,6.079670817763E+01,1.495002020225E+00,1.424758573057E+01
4,0.4420,6.042956493199E+01,1.462196728440E+00,1.421535137371E+01
4,0.4430,6.006363128577E+01,1.429539541810E+00,1.418326254442E+01
4,0.4440,5.969888351579E+01,1.397029459624E+00,1.415131825941E+01
4,0.4450,5.933531590787E+01,1.364665490167E+00,1.411951754422E+01
4,0.4460,5.897291852695E+01,1.332446650618E+00,1.408785943314E+01
4,0.4470,5.861168036958E+01,1.300371966950E+00,1.405634296908E+01
4,0.4480,5.825157051485E+01,1.268440473834E+00,1.402496720353E+01
4,0.4490,5.789259389079E+01,1.236651214541E+00,1.399373119639E+01
4,0.4500,5.753474302946E+01,1.205003240845E+00,1.396263401595E+01
4,0.4510,5.720490002643E+01,1.181543941427E+00,1.393167473876E+01
4,0.4520,5.687611003263E+01,1.158188444218E+00,1.390085244951E+01
4,0.4530,5.654834492430E+01,1.134936061787E+00,1.387016624101E+01
4,0.4540,5.622159189812E+01,1.111786112760E+00,1.383961521405E+01
4,0.4550,5.589585308520E+01,1.088737921749E+00,1.380919847732E+01
4,0.4560,5.557112567816E+01,1.065790819296E+00,1.377891514732E+01
4,0.4570,5.524735787593E+01,1.042944141799E+00,1.374876434831E+01
4,0.4580,5.492459029063E+01,1.020197231453E+00,1.371874521218E+01
4,0.4590,5.460276841128E+01,9.975494361844E-01,1.368885687839E+01
4,0.4600,5.428191364531E+01,9.750001095908E-01,1.365909849387E+01
4,0.4610,5.398397260276E+01,9.602165502576E-01,1.362946921297E+01
4,0.4620,5.368691764650E+01,9.454969890167E-01,1.359996819736E+01
4,0.4630,5.339076702038E+01,9.308410111938E-01,1.357059461594E+01
4,0.4640,5.309549614830E+01,9.162482056890E-01,1.354134764478E+01
4,0.4650,5.280107803289E+01,9.017181649391E-01,1.351222646705E+01
4,0.4660,5.250753483174E+01,8.872504848791E-01,1.348323027292E+01
4,0.4670,5.221482352241E+01,8.728447649050E-01,1.345435825949E+01
4,0.4680,5.192296360891E+01,8.585006078367E-01,1.342560963073E+01
4,0.4690,5.163193073168E+01,8.442176198818E-01,1.339698359740E+01
4,0.4700,5.134172641944E+01,8.299954105990E-01,1.336847937698E+01
4,0.4710,5.107101909506E+01,8.187857561508E-01,1.334009619359E+01
4,0.4720,5.080108685947E+01,8.076236002383E-01,1.331183327792E+01
4,0.4730,5.053192994056E+01,7.965086416024E-01,1.328368986719E+01
4,0.4740,5.026352329665E+01,7.854405815261E-01,1.325566520502E+01
4,0.4750,4.999587091375E+01,7.744191238081E-01,1.322775854143E+01
4,0.4760,4.972895906965E+01,7.634439747359E-01,1.319996913273E+01
4,0.4770,4.946279747838E+01,7.525148430602E-01,1.317229624147E+01
4,0.4780,4.919735101702E+01,7.416314399690E-01,1.314473913636E+01
4,0.4790,4.893262257371E+01,7.307934790619E-01,1.311729709223E+01
4,0.4800,4.866861442317E+01,7.200006763252E-01,1.308996938996E+01
4,0.4810,4.841921935102E+01,7.108320372249E-01,1.306275531638E+01
4,0.4820,4.817051961189E+01,7.017014422703E-01,1.303565416427E+01
4,0.4830,4.792248064224E+01,6.926086551623E-01,1.300866523226E+01
4,0.4840,4.767510088807E+01,6.835534415547E-01,1.298178782475E+01
4,0.4850,4.742838082423E+01,6.745355690342E-01,1.295502125192E+01
4,0.4860,4.718231195388E+01,6.655548071001E-01,1.292836482959E+01
4,0.4870,4.693689225204E+01,6.566109271453E-01,1.290181787922E+01
4,0.4880,4.669209613103E+01,6.477037024362E-01,1.287537972783E+01
4,0.4890,4.644793933852E+01,6.388329080940E-01,1.284904970793E+01
4,0.4900,4.620440312739E+01,6.299983210756E-01,1.282282715751E+01
4,0.4910,4.598146141151E+01,6.223603818808E-01,1.279671141992E+01
4,0.4920,4.575911041216E+01,6.147534912194E-01,1.277070184386E+01
4,0.4930,4.553732940833E+01,6.071774601550E-01,1.274479778333E+01
4,0.4940,4.531613032687E+01,5.996321012811E-01,1.271899859753E+01
4,0.4950,4.509550139435E+01,5.921172287057E-01,1.269330365087E+01
4,0.4960,4.487542476644E+01,5.846326580358E-01,1.266771231286E+01
4,0.4970,4.465590232599E+01,5.771782063626E-01,1.264222395811E+01
4,0.4980,4.443693747103E+01,5.697536922463E-01,1.261683796622E+01
4,0.4990,4.421851540540E+01,5.623589357017E-01,1.259155372180E+01
4,0.5000,4.400062894231E+01,5.549937581832E-01,1.256637061436E+01
4,0.5010,4.378786136774E+01,5.478686762100E-01,1.254128803828E+01
4,0.5020,4.357561876550E+01,5.407719810176E-01,1.251630539279E+01
4,0.5030,4.336388128019E+01,5.337035033011E-01,1.249142208187E+01
4,0.5040,4.315266750252E+01,5.266630750993E-01,1.246663751425E+01
4,0.5050,4.294195078282E+01,5.196505297815E-01,1.244195110333E+01
4,0.5060,4.273174257074E+01,5.126657020341E-01,1.241736226715E+01
4,0.5070,4.252201773338E+01,5.057084278479E-01,1.239287042836E+01
4,0.5080,4.231278329549E+01,4.987785445049E-01,1.236847501413E+01
4,0.5090,4.210403095106E+01,4.918758905661E-01,1.234417545615E+01
4,0.5100,4.189576302665E+01,4.850003058583E-01,1.231997119055E+01
4,0.5110,4.169557428921E+01,4.804214475246E-01,1.229586165789E+01
4,0.5120,4.149584163542E+01,4.758604753562E-01,1.227184630309E+01
4,0.5130,4.129657222914E+01,4.713172847558E-01,1.224792457540E+01
4,0.5140,4.109774807281E+01,4.667917719397E-01,1.222409592836E+01
4,0.5150,4.089938198529E+01,4.622838339308E-01,1.220035981977E+01
4,0.5160,4.070144597511E+01,4.577933685497E-01,1.217671571159E+01
4,0.5170,4.050395196894E+01,4.533202744081E-01,1.215316306998E+01
4,0.5180,4.030687669900E+01,4.488644509002E-01,1.212970136521E+01
4,0.5190,4.011023847020E+01,4.444257981958E-01,1.210633007164E+01
4,0.5200,3.991401041692E+01,4.400042172326E-01,1.208304866765E+01
4,0.5210,3.972730890057E+01,4.351714847982E-01,1.205985663566E+01
4,0.5220,3.954101400472E+01,4.303572685800E-01,1.203675346203E+01
4,0.5230,3.935512360655E+01,4.255614623665E-01,1.201373863705E+01
4,0.5240,3.916963790334E+01,4.207839607569E-01,1.199081165492E+01
4,0.5250,3.898452666611E+01,4.160246591534E-01,1.196797201368E+01
4,0.5260,3.879982061514E+01,4.112834537537E-01,1.194521921517E+01
4,0.5270,3.861548651444E+01,4.065602415434E-01,1.192255276505E+01
4,0.5280,3.843153003281E+01,4.018549202884E-01,1.189997217269E+01
4,0.5290,3.824795353227E+01,3.971673885278E-01,1.187747695119E+01
4,0.5300,3.806474172819E+01,3.924975455662E-01,1.185506661732E+01
4,0.5310,3.788643788224E+01,3.884298288572E-01,1.183274069149E+01
4,0.5320,3.770850207327E+01,3.843774043163E-01,1.181049869771E+01
4,0.5330,3.753090524440E+01,3.803401858712E-01,1.178834016356E+01
4,0.5340,3.735367289333E+01,3.763180880945E-01,1.176626462019E+01
4,0.5350,3.717678066257E+01,3.723110261973E-01,1.174427160220E+01
4,0.5360,3.700023895363E+01,3.683189160236E-01,1.172236064772E+01
4,0.5370,3.682402454642E+01,3.643416740442E-01,1.170053129829E+01
4,0.5380,3.664815100011E+01,3.603792173510E-01,1.167878309885E+01
4,0.5390,3.647260304771E+01,3.564314636510E-01,1.165711559774E+01
4,0.5400,3.629737956453E+01,3.524983312611E-01,1.163552834663E+01
4,0.5410,3.612852991871E+01,3.491441805176E-01,1.161402090052E+01
4,0.5420,3.595999791760E+01,3.458024067141E-01,1.159259281767E+01
4,0.5430,3.579176533181E+01,3.424729414697E-01,1.157124365963E+01
4,0.5440,3.562385743396E+01,3.391557169064E-01,1.154997299114E+01
4,0.5450,3.545624428638E+01,3.358506656442E-01,1.152878038015E+01
4,0.5460,3.528893493975E+01,3.325577207969E-01,1.150766539776E+01
4,0.5470,3.512193058661E+01,3.292768159674E-01,1.148662761824E+01
4,0.5480,3.495520864620E+01,3.260078852430E-01,1.146566661894E+01
4,0.5490,3.478877285810E+01,3.227508631916E-01,1.144478198029E+01
4,0.5500,3.462262630325E+01,3.195056848567E-01,1.142397328578E+01
4,0.5510,3.446129917767E+01,3.164057036630E-01,1.140324012192E+01
4,0.5520,3.430023406994E+01,3.133169542852E-01,1.138258207822E+01
4,0.5530,3.413945397501E+01,3.102393757912E-01,1.136199874716E+01
4,0.5540,3.397894440957E+01,3.071729076889E-01,1.134148972415E+01
4,0.5550,3.381869437160E+01,3.041174899221E-01,1.132105460753E+01
4,0.5560,3.365871210503E+01,3.010730628667E-01,1.130069299852E+01
4,0.5570,3.349899367748E+01,2.980395673267E-01,1.128040450122E+01
4,0.5580,3.333952466488E+01,2.950169445307E-01,1.126018872254E+01
4,0.5590,3.318031238701E+01,2.920051361274E-01,1.124004527224E+01
4,0.5600,3.302135743061E+01,2.890040841827E-01,1.121997376282E+01
4,0.5610,3.286566527715E+01,2.866666896486E-01,1.119997380959E+01
4,0.5620,3.271020958140E+01,2.843376132444E-01,1.118004503057E+01
4,0.5630,3.255500434584E+01,2.820168106464E-01,1.116018704650E+01
4,0.5640,3.240002618859E+01,2.797042378447E-01,1.114039948081E+01
4,0.5650,3.224528859216E+01,2.773998511415E-01,1.112068195961E+01
4,0.5660,3.209077331922E+01,2.751036071475E-01,1.110103411162E+01
4,0.5670,3.193647828713E+01,2.728154627795E-01,1.108145556822E+01
4,0.5680,3.178242190087E+01,2.705353752579E-01,1.106194596334E+01
4,0.5690,3.162857868522E+01,2.682633021037E-01,1.104250493353E+01
4,0.5700,3.147493964668E+01,2.659992011361E-01,1.102313211786E+01
4,0.5710,3.132606902730E+01,2.637650381238E-01,1.100382715793E+01
4,0.5720,3.117741477375E+01,2.615386868703E-01,1.098458969787E+01
4,0.5730,3.102895976926E+01,2.593201064764E-01,1.096541938426E+01
4,0.5740,3.088071738823E+01,2.571092563277E-01,1.094631586617E+01
4,0.5750,3.073266657107E+01,2.549060960926E-01,1.092727879509E+01
4,0.5760,3.058482198782E+01,2.527105857194E-01,1.090830782496E+01
4,0.5770,3.043717914888E+01,2.505226854341E-01,1.088940261210E+01
4,0.5780,3.028970816690E+01,2.483423557381E-01,1.087056281519E+01
4,0.5790,3.014243950436E+01,2.461695574055E-01,1.085178809530E+01
4,0.5800,2.999535027190E+01,2.440042514809E-01,1.083307811583E+01
4,0.5810,2.985149309266E+01,2.420237559709E-01,1.081443254248E+01
4,0.5820,2.970781421724E+01,2.400500662874E-01,1.079585104326E+01
4,0.5830,2.956431787795E+01,2.380831474090E-01,1.077733328847E+01
4,0.5840,2.942100138752E+01,2.361229645541E-01,1.075887895065E+01
4,0.5850,2.927786444169E+01,2.341694831791E-01,1.074048770458E+01
4,0.5860,2.913488437783E+01,2.322226689760E-01,1.072215922727E+01
4,0.5870,2.899207328550E+01,2.302824878708E-01,1.070389319792E+01
4,0.5880,2.884944184198E+01,2.283489060209E-01,1.068568929792E+01
4,0.5890,2.870695738053E+01,2.264218898141E-01,1.066754721083E+01
4,0.5900,2.856463621763E+01,2.245014058655E-01,1.064946662234E+01
4,0.5910,2.842551579580E+01,2.229021118543E-01,1.063144722027E+01
4,0.5920,2.828655773264E+01,2.213082208635E-01,1.061348869456E+01
4,0.5930,2.814775339990E+01,2.197197055589E-01,1.059559073723E+01
4,0.5940,2.800910294250E+01,2.181365387908E-01,1.057775304239E+01
4,0.5950,2.787058724826E+01,2.165586935916E-01,1.055997530618E+01
4,0.5960,2.773221971838E+01,2.149861431749E-01,1.054225722681E+01
4,0.5970,2.759400661655E+01,2.134188609339E-01,1.052459850449E+01
4,0.5980,2.745591518337E+01,2.118568204394E-01,1.050699884144E+01
4,0.5990,2.731796767167E+01,2.102999954392E-01,1.048945794187E+01
4,0.6000,2.718016153231E+01,2.087483598555E-01,1.047197551197E+01
4,0.6010,2.704401129761E+01,2.068453875867E-01,1.045455125987E+01
4,0.6020,2.690799160709E+01,2.049487374849E-01,1.043718489565E+01
4,0.6030,2.677209612854E+01,2.030583780965E-01,1.041987613131E+01
4,0.6040,2.663633409744E+01,2.011742781763E-01,1.040262468076E+01
4,0.6050,2.650069516467E+01,1.992964066856E-01,1.038543025980E+01
4,0.6060,2.636517287002E+01,1.974247327905E-01,1.036829258610E+01
4,0.6070,2.622976452000E+01,1.955592258606E-01,1.035121137921E+01
4,0.6080,2.609448235327E+01,1.936998554665E-01,1.033418636049E+01
4,0.6090,2.595930299996E+01,1.918465913792E-01,1.031721725317E+01
4,0.6100,2.582424046655E+01,1.899994035676E-01,1.030030378226E+01
4,0.6110,2.569237134850E+01,1.885788551254E-01,1.028344567460E+01
4,0.6120,2.556061491239E+01,1.871629489983E-01,1.026664265879E+01
4,0.6130,2.542895925146E+01,1.857516624670E-01,1.024989446522E+01
4,0.6140,2.529742220018E+01,1.843449729604E-01,1.023320082603E+01
4,0.6150,2.516597794672E+01,1.829428580537E-01,1.021656147509E+01
4,0.6160,2.503464903205E+01,1.815452954681E-01,1.019997614802E+01
4,0.6170,2.490340414187E+01,1.801522630692E-01,1.018344458214E+01
4,0.6180,2.477224984963E+01,1.787637388658E-01,1.016696651647E+01
4,0.6190,2.464119258084E+01,1.773797010088E-01,1.015054169173E+01
4,0.6200,2.451023181271E+01,1.760001277900E-01,1.013416985029E+01
4,0.6210,2.438090600821E+01,1.747828361126E-01,1.011785073620E+01
4,0.6220,2.425169146962E+01,1.735694585564E-01,1.010158409514E+01
4,0.6230,2.412255136390E+01,1.723599762732E-01,1.008536967445E+01
4,0.6240,2.399350728394E+01,1.711543705359E-01,1.006920722304E+01
4,0.6250,2.386455906872E+01,1.699526227368E-01,1.005309649149E+01
4,0.6260,2.373568863689E+01,1.687547143877E-01,1.003703723192E+01
4,0.6270,2.360690567365E+01,1.675606271177E-01,1.002102919805E+01
4,0.6280,2.347820554708E+01,1.663703426735E-01,1.000507214519E+01
4,0.6290,2.334958892278E+01,1.651838429175E-01,9.989165830174E+00
4,0.6300,2.322104578935E+01,1.640011098274E-01,9.973310011396E+00
4,0.6310,2.309415300450E+01,1.627335037055E-01,9.957504448779E+00
4,0.6320,2.296734280241E+01,1.614699089954E-01,9.941748903765E+00
4,0.6330,2.284062281674E+01,1.602103066856E-01,9.926043139304E+00
4,0.6340,2.271397830835E+01,1.589546778847E-01,9.910386919842E+00
4,0.6350,2.258740491629E+01,1.577030038202E-01,9.894780011306E+00
4,0.6360,2.246092022081E+01,1.564552658376E-01,9.879222181100E+00
4,0.6370,2.233450962757E+01,1.552114453998E-01,9.863713198084E+00
4,0.6380,2.220817706566E+01,1.539715240855E-01,9.848252832570E+00
4,0.6390,2.208193027258E+01,1.527354835892E-01,9.832840856306E+00
4,0.6400,2.195576677344E+01,1.515033057194E-01,9.817477042468E+00
4,0.6410,2.183124205998E+01,1.502857547756E-01,9.802161165647E+00
4,0.6420,2.170680301402E+01,1.490719968254E-01,9.786893001837E+00
4,0.6430,2.158245734121E+01,1.478620141721E-01,9.771672328429E+00
4,0.6440,2.145818430104E+01,1.466557892289E-01,9.756498924192E+00
4,0.6450,2.133399335791E+01,1.454533045181E-01,9.741372569271E+00
4,0.6460,2.120990135303E+01,1.442545426701E-01,9.726293045170E+00
4,0.6470,2.108588336558E+01,1.430594864230E-01,9.711260134744E+00
4,0.6480,2.096195650640E+01,1.418681186210E-01,9.696273622191E+00
4,0.6490,2.083812241596E+01,1.406804222144E-01,9.681333293035E+00
4,0.6500,2.071439024575E+01,1.394963802583E-01,9.666438934122E+00
4,0.6510,2.059232347600E+01,1.383816067262E-01,9.651590333609E+00
4,0.6520,2.047036016421E+01,1.372702527448E-01,9.636787280950E+00
4,0.6530,2.034849181605E+01,1.361623026040E-01,9.622029566891E+00
4,0.6540,2.022674481470E+01,1.350577406900E-01,9.607316983455E+00
4,0.6550,2.010508761099E+01,1.339565514841E-01,9.592649323938E+00
4,0.6560,1.998355241835E+01,1.328587195624E-01,9.578026382896E+00
4,0.6570,1.986214002758E+01,1.317642295948E-01,9.563447956133E+00
4,0.6580,1.974085158052E+01,1.306730663444E-01,9.548913840698E+00
4,0.6590,1.961969021097E+01,1.295852146669E-01,9.534423834870E+00
4,0.6600,1.949864771524E+01,1.285006595096E-01,9.519977738151E+00
4,0.6610,1.937934467769E+01,1.275885851522E-01,9.505575351255E+00
4,0.6620,1.926019100508E+01,1.266792663065E-01,9.491216476102E+00
4,0.6630,1.914118089574E+01,1.257726905041E-01,9.476900915806E+00
4,0.6640,1.902233914267E+01,1.248688453517E-01,9.462628474668E+00
4,0.6650,1.890365401349E+01,1.239677185306E-01,9.448398958165E+00
4,0.6660,1.878515903803E+01,1.230692977960E-01,9.434212172942E+00
4,0.6670,1.866684884569E+01,1.221735709767E-01,9.420067926806E+00
4,0.6680,1.854874237065E+01,1.212805259742E-01,9.405966028712E+00
4,0.6690,1.843084432685E+01,1.203901507625E-01,9.391906288759E+00
4,0.6700,1.831317037079E+01,1.195024333871E-01,9.377888518178E+00
4,0.6710,1.819571895202E+01,1.185396414913E-01,9.363912529329E+00
4,0.6720,1.807852478114E+01,1.175797150475E-01,9.349978135684E+00
4,0.6730,1.796159328860E+01,1.166226412826E-01,9.336085151827E+00
4,0.6740,1.784494990441E+01,1.156684074991E-01,9.322233393442E+00
4,0.6750,1.772859566012E+01,1.147170010751E-01,9.308422677303E+00
4,0.6760,1.761255384206E+01,1.137684094629E-01,9.294652821272E+00
4,0.6770,1.749683908498E+01,1.128226201894E-01,9.280923644283E+00
4,0.6780,1.738149606620E+01,1.118796208547E-01,9.267234966342E+00
4,0.6790,1.726651456265E+01,1.109393991321E-01,9.253586608512E+00
4,0.6800,1.715194393971E+01,1.100019427676E-01,9.239978392911E+00
4,0.6810,1.703931701593E+01,1.091908734748E-01,9.226410142701E+00
4,0.6820,1.692713758185E+01,1.083821826843E-01,9.212881682082E+00
4,0.6830,1.681541894767E+01,1.075758599489E-01,9.199392836281E+00
4,0.6840,1.670418636102E+01,1.067718948823E-01,9.185943431549E+00
4,0.6850,1.659348383405E+01,1.059702771589E-01,9.172533295153E+00
4,0.6860,1.648333975738E+01,1.051709965134E-01,9.159162255364E+00
4,0.6870,1.637377380965E+01,1.043740427403E-01,9.145830141455E+00
4,0.6880,1.626483784108E+01,1.035794056933E-01,9.132536783691E+00
4,0.6890,1.615654715212E+01,1.027870752850E-01,9.119282013323E+00
4,0.6900,1.604895566811E+01,1.019970414865E-01,9.106065662579E+00
4,0.6910,1.594500032887E+01,1.012374822786E-01,9.092887564659E+00
4,0.6920,1.584177093049E+01,1.004801183286E-01,9.079747553728E+00
4,0.6930,1.573930776206E+01,9.972494013304E-02,9.066645464906E+00
4,0.6940,1.563765263989E+01,9.897193824355E-02,9.053581134265E+00
4,0.6950,1.553685997806E+01,9.822110326597E-02,9.040554398820E+00
4,0.6960,1.543695453669E+01,9.747242586017E-02,9.027565096522E+00
4,0.6970,1.533799759740E+01,9.672589673961E-02,9.014613066255E+00
4,0.6980,1.524001990058E+01,9.598150667096E-02,9.001698147822E+00
4,0.6990,1.514308949161E+01,9.523924647376E-02,8.988820181945E+00
4,0.7000,1.504723489080E+01,9.449910701998E-02,8.975979010257E+00
4,0.7010,1.495121077666E+01,9.394213535809E-02,8.963174475292E+00
4,0.7020,1.485641669085E+01,9.338675051004E-02,8.950406420484E+00
4,0.7030,1.476289060232E+01,9.283294570424E-02,8.937674690156E+00
4,0.7040,1.467069086180E+01,9.228071420755E-02,8.924979129516E+00
4,0.7050,1.457986945776E+01,9.173004932503E-02,8.912319584652E+00
4,0.7060,1.449046808184E+01,9.118094439968E-02,8.899695902521E+00
4,0.7070,1.440254846589E+01,9.063339281218E-02,8.887107930947E+00
4,0.7080,1.431615660033E+01,9.008738798057E-02,8.874555518615E+00
4,0.7090,1.423134132512E+01,8.954292336005E-02,8.862038515063E+00
4,0.7100,1.414813162730E+01,8.899999244268E-02,8.849556770675E+00
4,0.7110,1.406871608870E+01,8.849367208440E-02,8.837110136680E+00
4,0.7120,1.399087936809E+01,8.798877397431E-02,8.824698465140E+00
4,0.7130,1.391467524331E+01,8.748529212820E-02,8.812321608948E+00
4,0.7140,1.384010921840E+01,8.698322059539E-02,8.799979421820E+00
4,0.7150,1.376722242521E+01,8.648255345848E-02,8.787671758293E+00
4,0.7160,1.369602652129E+01,8.598328483312E-02,8.775398473715E+00
4,0.7170,1.362653652643E+01,8.548540886780E-02,8.763159424239E+00
4,0.7180,1.355877321950E+01,8.498891974362E-02,8.750954466824E+00
4,0.7190,1.349273868198E+01,8.449381167402E-02,8.738783459221E+00
4,0.7200,1.342844531144E+01,8.400007890461E-02,8.726646259972E+00
4,0.7210,1.336588397624E+01,8.329133361698E-02,8.714542728404E+00
4,0.7220,1.330504226185E+01,8.258455161270E-02,8.702472724625E+00
4,0.7230,1.324592701336E+01,8.187972474535E-02,8.690436109515E+00
4,0.7240,1.318851184616E+01,8.117684491356E-02,8.678432744723E+00
4,0.7250,1.313279067472E+01,8.047590406061E-02,8.666462492661E+00
4,0.7260,1.307873095274E+01,7.977689417419E-02,8.654525216501E+00
4,0.7270,1.302630819818E+01,7.907980728609E-02,8.642620780164E+00
4,0.7280,1.297551570914E+01,7.838463547186E-02,8.630749048324E+00
4,0.7290,1.292630335384E+01,7.769137085053E-02,8.618909886392E+00
4,0.7300,1.287865378693E+01,7.700000558433E-02,8.607103160520E+00
4,0.7310,1.283302387412E+01,7.639261726781E-02,8.595328737592E+00
4,0.7320,1.278883092735E+01,7.578688848221E-02,8.583586485218E+00
4,0.7330,1.274603995331E+01,7.518281243545E-02,8.571876271732E+00
4,0.7340,1.270461458030E+01,7.458038237247E-02,8.560197966185E+00
4,0.7350,1.266453553422E+01,7.397959157496E-02,8.548551438340E+00
4,0.7360,1.262574402098E+01,7.338043336115E-02,8.536936558668E+00
4,0.7370,1.258822256624E+01,7.278290108550E-02,8.525353198344E+00
4,0.7380,1.255192763175E+01,7.218698813851E-02,8.513801229241E+00
4,0.7390,1.251683067979E+01,7.159268794645E-02,8.502280523924E+00
4,0.7400,1.248289781574E+01,7.099999397113E-02,8.490790955648E+00
4,0.7410,1.245009411785E+01,7.044332579918E-02,8.479332398353E+00
4,0.7420,1.241838281046E+01,6.988815808052E-02,8.467904726657E+00
4,0.7430,1.238775105652E+01,6.933448475680E-02,8.456507815854E+00
4,0.7440,1.235815295756E+01,6.878229980222E-02,8.445141541908E+00
4,0.7450,1.232956801271E+01,6.823159722337E-02,8.433805781449E+00
4,0.7460,1.230198736898E+01,6.768237105893E-02,8.422500411769E+00
4,0.7470,1.227536907661E+01,6.713461537954E-02,8.411225310816E+00
4,0.7480,1.224969020838E+01,6.658832428753E-02,8.399980357192E+00
4,0.7490,1.222494125107E+01,6.604349191673E-02,8.388765430146E+00
4,0.7500,1.220110944986E+01,6.550011243224E-02,8.377580409573E+00
4,0.7510,1.217829526887E+01,6.489292191390E-02,8.366425176005E+00
4,0.7520,1.215633299420E+01,6.428734626396E-02,8.355299610611E+00
4,0.7530,1.213521293561E+01,6.368337904869E-02,8.344203595192E+00
4,0.7540,1.211492644927E+01,6.308101386846E-02,8.333137012175E+00
4,0.7550,1.209548049911E+01,6.248024435759E-02,8.322099744609E+00
4,0.7560,1.207685817855E+01,6.188106418404E-02,8.311091676163E+00
4,0.7570,1.205906951717E+01,6.128346704927E-02,8.300112691122E+00
4,0.7580,1.204210782411E+01,6.068744668793E-02,8.289162674379E+00
5,0.3000,9.772240493205E+01,8.867668863533E+01,2.094395102393E+01
5,0.3010,9.767592592110E+01,8.705447177761E+01,2.087436979129E+01
5,0.3020,9.762952626119E+01,8.544299807790E+01,2.080524936152E+01
5,0.3030,9.758342755080E+01,8.384216116828E+01,2.073658517221E+01
5,0.3040,9.753765051956E+01,8.225185608043E+01,2.066837272099E+01
5,0.3050,9.749218000109E+01,8.067197922267E+01,2.060060756452E+01
5,0.3060,9.744700933021E+01,7.910242835745E+01,2.053328531758E+01
5,0.3070,9.740214644315E+01,7.754310257929E+01,2.046640165205E+01
5,0.3080,9.735757676085E+01,7.599390229320E+01,2.039995229604E+01
5,0.3090,9.731329691281E+01,7.445472919343E+01,2.033393303294E+01
5,0.3100,9.726931577924E+01,7.292548624268E+01,2.026833970058E+01
5,0.3110,9.689526715546E+01,7.209500568704E+01,2.020316819029E+01
5,0.3120,9.652337961841E+01,7.126984872471E+01,2.013841444609E+01
5,0.3130,9.615372039541E+01,7.044996433082E+01,2.007407446383E+01
5,0.3140,9.578626567159E+01,6.963530213053E+01,2.001014429038E+01
5,0.3150,9.542101635463E+01,6.882581238864E+01,1.994662002279E+01
5,0.3160,9.505792539331E+01,6.802144599956E+01,1.988349780753E+01
5,0.3170,9.469699480565E+01,6.722215447729E+01,1.982077383968E+01
5,0.3180,9.433818743519E+01,6.642788994572E+01,1.975844436220E+01
5,0.3190,9.398149410276E+01,6.563860512908E+01,1.969650566514E+01
5,0.3200,9.362687824861E+01,6.485425334254E+01,1.963495408494E+01
5,0.3210,9.346619727257E+01,6.425486731426E+01,1.957378600367E+01
5,0.3220,9.330642837225E+01,6.365920418057E+01,1.951299784838E+01
5,0.3230,9.314765445303E+01,6.306722936349E+01,1.945258609034E+01
5,0.3240,9.298985984469E+01,6.247890871195E+01,1.939254724438E+01
5,0.3250,9.283305857275E+01,6.189420849519E+01,1.933287786824E+01
5,0.3260,9.267721050182E+01,6.131309539632E+01,1.927357456190E+01
5,0.3270,9.252233467180E+01,6.073553650601E+01,1.921463396691E+01
5,0.3280,9.236840348866E+01,6.016149931624E+01,1.915605276579E+01
5,0.3290,9.221541304481E+01,5.959095171426E+01,1.909782768140E+01
5,0.3300,9.206336568246E+01,5.902386197654E+01,1.903995547630E+01
5,0.3310,9.195887386185E+01,5.861205822652E+01,1.898243295220E+01
5,0.3320,9.185507666929E+01,5.820273522199E+01,1.892525694934E+01
5,0.3330,9.175194957892E+01,5.779587061388E+01,1.886842434588E+01
5,0.3340,9.164942795701E+01,5.739144232079E+01,1.881193205742E+01
5,0.3350,9.154750155996E+01,5.698942852497E+01,1.875577703636E+01
5,0.3360,9.144617738591E+01,5.658980766841E+01,1.869995627137E+01
5,0.3370,9.134543221717E+01,5.619255844899E+01,1.864446678688E+01
5,0.3380,9.124527871806E+01,5.579765981666E+01,1.858930564254E+01
5,0.3390,9.114568961307E+01,5.540509096977E+01,1.853446993268E+01
5,0.3400,9.104668349548E+01,5.501483135139E+01,1.847995678582E+01
5,0.3410,9.111967458722E+01,5.478163705799E+01,1.842576336416E+01
5,0.3420,9.119223042148E+01,5.454980647391E+01,1.837188686310E+01
5,0.3430,9.126436493387E+01,5.431932767166E+01,1.831832451073E+01
5,0.3440,9.133605887810E+01,5.409018886245E+01,1.826507356738E+01
5,0.3450,9.140734516616E+01,5.386237839416E+01,1.821213132516E+01
5,0.3460,9.147821279242E+01,5.363588474938E+01,1.815949510746E+01
5,0.3470,9.154865355543E+01,5.341069654348E+01,1.810716226853E+01
5,0.3480,9.161870013426E+01,5.318680252267E+01,1.805513019304E+01
5,0.3490,9.168833143970E+01,5.296419156215E+01,1.800339629564E+01
5,0.3500,9.175756127161E+01,5.274285266427E+01,1.795195802051E+01
5,0.3510,9.247446358449E+01,5.264271040272E+01,1.790081284097E+01
5,0.3520,9.318668658844E+01,5.254313713129E+01,1.784995825903E+01
5,0.3530,9.389428836329E+01,5.244412801437E+01,1.779939180504E+01
5,0.3540,9.459731600802E+01,5.234567827100E+01,1.774911103723E+01
5,0.3550,9.529582379464E+01,5.224778317407E+01,1.769911354135E+01
5,0.3560,9.598987396427E+01,5.215043804959E+01,1.764939693028E+01
5,0.3570,9.667952054126E+01,5.205363827595E+01,1.759995884364E+01
5,0.3580,9.736480016474E+01,5.195737928317E+01,1.755079694743E+01
5,0.3590,9.804577663174E+01,5.186165655219E+01,1.750190893365E+01
5,0.3600,9.872249485719E+01,5.176646561415E+01,1.745329251994E+01
5,0.3610,1.000088402854E+02,5.023937503926E+01,1.740494544925E+01
5,0.3620,1.012864625052E+02,4.872072142888E+01,1.735686548945E+01
5,0.3630,1.025555083603E+02,4.721043505601E+01,1.730905043300E+01
5,0.3640,1.038160841875E+02,4.570844695992E+01,1.726149809665E+01
5,0.3650,1.050683588168E+02,4.421468893559E+01,1.721420632104E+01
5,0.3660,1.063124174247E+02,4.272909352342E+01,1.716717297044E+01
5,0.3670,1.075484021497E+02,4.125159399904E+01,1.712039593237E+01
5,0.3680,1.087764287513E+02,3.978212436339E+01,1.707387311734E+01
5,0.3690,1.099966092408E+02,3.832061933281E+01,1.702760245848E+01
5,0.3700,1.112090410357E+02,3.686701432942E+01,1.698158191130E+01
5,0.3710,1.103896491242E+02,3.469300566511E+01,1.693580945331E+01
5,0.3720,1.095741591763E+02,3.253068521943E+01,1.689028308382E+01
5,0.3730,1.087625151636E+02,3.037995898525E+01,1.684500082354E+01
5,0.3740,1.079546857070E+02,2.824073396088E+01,1.679996071438E+01
5,0.3750,1.071506386041E+02,2.611291813664E+01,1.675516081915E+01
5,0.3760,1.063503330301E+02,2.399642048168E+01,1.671059922122E+01
5,0.3770,1.055537242632E+02,2.189115093098E+01,1.666627402435E+01
5,0.3780,1.047607853236E+02,1.979702037262E+01,1.662218335233E+01
5,0.3790,1.039714836534E+02,1.771394063515E+01,1.657832534876E+01
5,0.3800,1.031857827802E+02,1.564182447524E+01,1.653469817679E+01
5,0.3810,1.018773886708E+02,1.477455568688E+01,1.649130001884E+01
5,0.3820,1.005742273850E+02,1.391182757281E+01,1.644812907639E+01
5,0.3830,9.927621904993E+01,1.305360456638E+01,1.640518356966E+01
5,0.3840,9.798327327130E+01,1.219985147144E+01,1.636246173745E+01
5,0.3850,9.669530695834E+01,1.135053345752E+01,1.631996183683E+01
5,0.3860,9.541222387933E+01,1.050561605506E+01,1.627768214295E+01
5,0.3870,9.413393123340E+01,9.665065150811E+00,1.623562094878E+01
5,0.3880,9.286034808035E+01,8.828846983181E+00,1.619377656490E+01
5,0.3890,9.159136908295E+01,7.996928137750E+00,1.615214731923E+01
5,0.3900,9.032691505065E+01,7.169275542807E+00,1.611073155687E+01
5,0.3910,8.932702095781E+01,6.911503837898E+00,1.606952763985E+01
5,0.3920,8.833091074501E+01,6.655047294747E+00,1.602853394689E+01
5,0.3930,8.733853016456E+01,6.399895873954E+00,1.598774887323E+01
5,0.3940,8.634980812515E+01,6.146039638038E+00,1.594717083041E+01
5,0.3950,8.536470522691E+01,5.893468750152E+00,1.590679824602E+01
5,0.3960,8.438313949034E+01,5.642173472811E+00,1.586662956358E+01
5,0.3970,8.340506034396E+01,5.392144166640E+00,1.582666324227E+01
5,0.3980,8.243040790397E+01,5.143371289143E+00,1.578689775673E+01
5,0.3990,8.145911301244E+01,4.895845393489E+00,1.574733159694E+01
5,0.4000,8.049111681659E+01,4.649557127313E+00,1.570796326795E+01
5,0.4010,7.977009072205E+01,4.529847561859E+00,1.566879128972E+01
5,0.4020,7.905174609601E+01,4.410733566383E+00,1.562981419696E+01
5,0.4030,7.833605398784E+01,4.292210707361E+00,1.559103053891E+01
5,0.4040,7.762297901186E+01,4.174274595166E+00,1.555243887916E+01
5,0.4050,7.691247341430E+01,4.056920883525E+00,1.551403779551E+01
5,0.4060,7.620451478969E+01,3.940145268985E+00,1.547582587975E+01
5,0.4070,7.549905261581E+01,3.823943490389E+00,1.543780173754E+01
5,0.4080,7.479607130883E+01,3.708311328355E+00,1.539996398819E+01
5,0.4090,7.409551727162E+01,3.593244604766E+00,1.536231126450E+01
5,0.4100,7.339736556304E+01,3.478739182268E+00,1.532484221263E+01
5,0.4110,7.282293047340E+01,3.392308563657E+00,1.528755549192E+01
5,0.4120,7.225056155148E+01,3.306297511157E+00,1.525044977471E+01
5,0.4130,7.168025598630E+01,3.220702977070E+00,1.521352374620E+01
5,0.4140,7.111196891939E+01,3.135521943148E+00,1.517677610430E+01
5,0.4150,7.054567676761E+01,3.050751420233E+00,1.514020555947E+01
5,0.4160,6.998136619416E+01,2.966388447909E+00,1.510381083457E+01
5,0.4170,6.941899751171E+01,2.882430094157E+00,1.506759066470E+01
5,0.4180,6.885854954213E+01,2.798873455016E+00,1.503154379708E+01
5,0.4190,6.830001635794E+01,2.715715654249E+00,1.499566899088E+01
5,0.4200,6.774334395704E+01,2.632953843009E+00,1.495996501709E+01
5,0.4210,6.725689214071E+01,2.569986959374E+00,1.492443065838E+01
5,0.4220,6.677212421262E+01,2.507318496988E+00,1.488906470896E+01
5,0.4230,6.628903206310E+01,2.444946339389E+00,1.485386597442E+01
5,0.4240,6.580757401691E+01,2.382868390081E+00,1.481883327165E+01
5,0.4250,6.532775923430E+01,2.321082572299E+00,1.478396542866E+01
5,0.4260,6.484955311230E+01,2.259586828779E+00,1.474926128446E+01
5,0.4270,6.437293395356E+01,2.198379121528E+00,1.471471968895E+01
5,0.4280,6.389789806953E+01,2.137457431601E+00,1.468033950276E+01
5,0.4290,6.342440030173E+01,2.076819758877E+00,1.464611959716E+01
5,0.4300,6.295244123157E+01,2.016464121839E+00,1.461205885391E+01
5,0.4310,6.253646850252E+01,1.966593266679E+00,1.457815616515E+01
5,0.4320,6.212189653705E+01,1.916953295107E+00,1.454441043329E+01
5,0.4330,6.170868759659E+01,1.867542607469E+00,1.451082057085E+01
5,0.4340,6.129684414451E+01,1.818359618852E+00,1.447738550041E+01
5,0.4350,6.088635736405E+01,1.769402758918E+00,1.444410415444E+01
5,0.4360,6.047720612082E+01,1.720670471737E+00,1.441097547518E+01
5,0.4370,6.006934653437E+01,1.672161215618E+00,1.437799841460E+01
5,0.4380,5.966281109419E+01,1.623873462951E+00,1.434517193420E+01
5,0.4390,5.925754674190E+01,1.575805700047E+00,1.431249500496E+01
5,0.4400,5.885355707947E+01,1.527956426973E+00,1.427996660723E+01
5,0.4410,5.847699238065E+01,1.495002020225E+00,1.424758573057E+01
5,0.4420,5.810162000480E+01,1.462196728440E+00,1.421535137371E+01
5,0.4430,5.772743151224E+01,1.429539541810E+00,1.418326254442E+01
5,0.4440,5.735440836571E+01,1.397029459624E+00,1.415131825941E+01
5,0.4450,5.698255233590E+01,1.364665490167E+00,1.411951754422E+01
5,0.4460,5.661182879487E+01,1.332446650618E+00,1.408785943314E+01
5,0.4470,5.624223526683E+01,1.300371966950E+00,1.405634296908E+01
5,0.4480,5.587376781020E+01,1.268440473834E+00,1.402496720353E+01
5,0.4490,5.550640282180E+01,1.236651214541E+00,1.399373119639E+01
5,0.4500,5.514012954750E+01,1.205003240845E+00,1.396263401595E+01
5,0.4510,5.480250273064E+01,1.181543941427E+00,1.393167473876E+01
5,0.4520,5.446588763207E+01,1.158188444218E+00,1.390085244951E+01
5,0.4530,5.413030232672E+01,1.134936061787E+00,1.387016624101E+01
5,0.4540,5.379570569764E+01,1.111786112760E+00,1.383961521405E+01
5,0.4550,5.346210606625E+01,1.088737921749E+00,1.380919847732E+01
5,0.4560,5.312947998200E+01,1.065790819296E+00,1.377891514732E+01
5,0.4570,5.279783134111E+01,1.042944141799E+00,1.374876434831E+01
5,0.4580,5.246712474043E+01,1.020197231453E+00,1.371874521218E+01
5,0.4590,5.213738292252E+01,9.975494361844E-01,1.368885687839E+01
5,0.4600,5.180856365564E+01,9.750001095908E-01,1.365909849387E+01
5,0.4610,5.150320333603E+01,9.602165502576E-01,1.362946921297E+01
5,0.4620,5.119872716112E+01,9.454969890167E-01,1.359996819736E+01
5,0.4630,5.089513483977E+01,9.308410111938E-01,1.357059461594E+01
5,0.4640,5.059240237005E+01,9.162482056890E-01,1.354134764478E+01
5,0.4650,5.029051177110E+01,9.017181649391E-01,1.351222646705E+01
5,0.4660,4.998947358459E+01,8.872504848791E-01,1.348323027292E+01
5,0.4670,4.968926708607E+01,8.728447649050E-01,1.345435825949E+01
5,0.4680,4.938988536597E+01,8.585006078367E-01,1.342560963073E+01
5,0.4690,4.909133174865E+01,8.442176198818E-01,1.339698359740E+01
5,0.4700,4.879357170743E+01,8.299954105990E-01,1.336847937698E+01
5,0.4710,4.851579846591E+01,8.187857561508E-01,1.334009619359E+01
5,0.4720,4.823879990362E+01,8.076236002383E-01,1.331183327792E+01
5,0.4730,4.796255761501E+01,7.965086416024E-01,1.328368986719E+01
5,0.4740,4.768706761287E+01,7.854405815261E-01,1.325566520502E+01
5,0.4750,4.741229915330E+01,7.744191238081E-01,1.322775854143E+01
5,0.4760,4.713828380486E+01,7.634439747359E-01,1.319996913273E+01
5,0.4770,4.686498694483E+01,7.525148430602E-01,1.317229624147E+01
5,0.4780,4.659241250968E+01,7.416314399690E-01,1.314473913636E+01
5,0.4790,4.632052944106E+01,7.307934790619E-01,1.311729709223E+01
5,0.4800,4.604936068773E+01,7.200006763252E-01,1.308996938996E+01
5,0.4810,4.579319215092E+01,7.108320372249E-01,1.306275531638E+01
5,0.4820,4.553769172726E+01,7.017014422703E-01,1.303565416427E+01
5,0.4830,4.528284339136E+01,6.926086551623E-01,1.300866523226E+01
5,0.4840,4.502866353087E+01,6.835534415547E-01,1.298178782475E+01
5,0.4850,4.477513529866E+01,6.745355690342E-01,1.295502125192E+01
5,0.4860,4.452223883079E+01,6.655548071001E-01,1.292836482959E+01
5,0.4870,4.426996699163E+01,6.566109271453E-01,1.290181787922E+01
5,0.4880,4.401833640333E+01,6.477037024362E-01,1.287537972783E+01
5,0.4890,4.376731988009E+01,6.388329080940E-01,1.284904970793E+01
5,0.4900,4.351691892757E+01,6.299983210756E-01,1.282282715751E+01
5,0.4910,4.328769393843E+01,6.223603818808E-01,1.279671141992E+01
5,0.4920,4.305903869850E+01,6.147534912194E-01,1.277070184386E+01
5,0.4930,4.283095892377E+01,6.071774601550E-01,1.274479778333E+01
5,0.4940,4.260346033411E+01,5.996321012811E-01,1.271899859753E+01
5,0.4950,4.237650648694E+01,5.921172287057E-01,1.269330365087E+01
5,0.4960,4.215011404686E+01,5.846326580358E-01,1.266771231286E+01
5,0.4970,4.192427430512E+01,5.771782063626E-01,1.264222395811E+01
5,0.4980,4.169898206952E+01,5.697536922463E-01,1.261683796622E+01
5,0.4990,4.147422151790E+01,5.623589357017E-01,1.259155372180E+01
5,0.5000,4.124999665488E+01,5.549937581832E-01,1.256637061436E+01
5,0.5010,4.103101962626E+01,5.478686762100E-01,1.254128803828E+01
5,0.5020,4.081255788833E+01,5.407719810176E-01,1.251630539279E+01
5,0.5030,4.059460893231E+01,5.337035033011E-01,1.249142208187E+01
5,0.5040,4.037715645691E+01,5.266630750993E-01,1.246663751425E+01
5,0.5050,4.016021278641E+01,5.196505297815E-01,1.244195110333E+01
5,0.5060,3.994376232905E+01,5.126657020341E-01,1.241736226715E+01
5,0.5070,3.972780032211E+01,5.057084278479E-01,1.239287042836E+01
5,0.5080,3.951231561867E+01,4.987785445049E-01,1.236847501413E+01
5,0.5090,3.929732581641E+01,4.918758905661E-01,1.234417545615E+01
5,0.5100,3.908279663844E+01,4.850003058583E-01,1.231997119055E+01
5,0.5110,3.887658085192E+01,4.804214475246E-01,1.229586165789E+01
5,0.5120,3.867082805150E+01,4.758604753562E-01,1.227184630309E+01
5,0.5130,3.846550941787E+01,4.713172847558E-01,1.224792457540E+01
5,0.5140,3.826065889065E+01,4.667917719397E-01,1.222409592836E+01
5,0.5150,3.805624600968E+01,4.622838339308E-01,1.220035981977E+01
5,0.5160,3.785225661183E+01,4.577933685497E-01,1.217671571159E+01
5,0.5170,3.764871382593E+01,4.533202744081E-01,1.215316306998E+01
5,0.5180,3.744559051774E+01,4.488644509002E-01,1.212970136521E+01
5,0.5190,3.724287707169E+01,4.444257981958E-01,1.210633007164E+01
5,0.5200,3.704058156845E+01,4.400042172326E-01,1.208304866765E+01
5,0.5210,3.684811228131E+01,4.351714847982E-01,1.205985663566E+01
5,0.5220,3.665603886081E+01,4.303572685800E-01,1.203675346203E+01
5,0.5230,3.646435759137E+01,4.255614623665E-01,1.201373863705E+01
5,0.5240,3.627307863097E+01,4.207839607569E-01,1.199081165492E+01
5,0.5250,3.608218958478E+01,4.160246591534E-01,1.196797201368E+01
5,0.5260,3.589167911906E+01,4.112834537537E-01,1.194521921517E+01
5,0.5270,3.570155031291E+01,4.065602415434E-01,1.192255276505E+01
5,0.5280,3.551178973500E+01,4.018549202884E-01,1.189997217269E+01
5,0.5290,3.532240308422E+01,3.971673885278E-01,1.187747695119E+01
5,0.5300,3.513338420878E+01,3.924975455662E-01,1.185506661732E+01
5,0.5310,3.494941167488E+01,3.884298288572E-01,1.183274069149E+01
5,0.5320,3.476580258063E+01,3.843774043163E-01,1.181049869771E+01
5,0.5330,3.458255602882E+01,3.803401858712E-01,1.178834016356E+01
5,0.5340,3.439963984746E+01,3.763180880945E-01,1.176626462019E+01
5,0.5350,3.421707258797E+01,3.723110261973E-01,1.174427160220E+01
5,0.5360,3.403484244120E+01,3.683189160236E-01,1.172236064772E+01
5,0.5370,3.385295233477E+01,3.643416740442E-01,1.170053129829E+01
5,0.5380,3.367137751820E+01,3.603792173510E-01,1.167878309885E+01
5,0.5390,3.349014861422E+01,3.564314636510E-01,1.165711559774E+01
5,0.5400,3.330922651861E+01,3.524983312611E-01,1.163552834663E+01
5,0.5410,3.313488298142E+01,3.491441805176E-01,1.161402090052E+01
5,0.5420,3.296085791160E+01,3.458024067141E-01,1.159259281767E+01
5,0.5430,3.278713995631E+01,3.424729414697E-01,1.157124365963E+01
5,0.5440,3.261371870468E+01,3.391557169064E-01,1.154997299114E+01
5,0.5450,3.244060921250E+01,3.358506656442E-01,1.152878038015E+01
5,0.5460,3.226779932121E+01,3.325577207969E-01,1.150766539776E+01
5,0.5470,3.209527612982E+01,3.292768159674E-01,1.148662761824E+01
5,0.5480,3.192303937857E+01,3.260078852430E-01,1.146566661894E+01
5,0.5490,3.175109298405E+01,3.227508631916E-01,1.144478198029E+01
5,0.5500,3.157942590907E+01,3.195056848567E-01,1.142397328578E+01
5,0.5510,3.141272905805E+01,3.164057036630E-01,1.140324012192E+01
5,0.5520,3.124630665944E+01,3.133169542852E-01,1.138258207822E+01
5,0.5530,3.108015666713E+01,3.102393757912E-01,1.136199874716E+01
5,0.5540,3.091427622065E+01,3.071729076889E-01,1.134148972415E+01
5,0.5550,3.074866063459E+01,3.041174899221E-01,1.132105460753E+01
5,0.5560,3.058330085835E+01,3.010730628667E-01,1.130069299852E+01
5,0.5570,3.041820108174E+01,2.980395673267E-01,1.128040450122E+01
5,0.5580,3.025334419222E+01,2.950169445307E-01,1.126018872254E+01
5,0.5590,3.008874982162E+01,2.920051361274E-01,1.124004527224E+01
5,0.5600,2.992438443879E+01,2.890040841827E-01,1.121997376282E+01
5,0.5610,2.976341656959E+01,2.866666896486E-01,1.119997380959E+01
5,0.5620,2.960267698474E+01,2.843376132444E-01,1.118004503057E+01
5,0.5630,2.944217019737E+01,2.820168106464E-01,1.116018704650E+01
5,0.5640,2.928190014355E+01,2.797042378447E-01,1.114039948081E+01
5,0.5650,2.912186225423E+01,2.773998511415E-01,1.112068195961E+01
5,0.5660,2.896204852849E+01,2.751036071475E-01,1.110103411162E+01
5,0.5670,2.880244833469E+01,2.728154627795E-01,1.108145556822E+01
5,0.5680,2.864306704635E+01,2.705353752579E-01,1.106194596334E+01
5,0.5690,2.848391248144E+01,2.682633021037E-01,1.104250493353E+01
5,0.5700,2.832495723432E+01,2.659992011361E-01,1.102313211786E+01
5,0.5710,2.817092681295E+01,2.637650381238E-01,1.100382715793E+01
5,0.5720,2.801711327299E+01,2.615386868703E-01,1.098458969787E+01
5,0.5730,2.786350453046E+01,2.593201064764E-01,1.096541938426E+01
5,0.5740,2.771008530758E+01,2.571092563277E-01,1.094631586617E+01
5,0.5750,2.755687202084E+01,2.549060960926E-01,1.092727879509E+01
5,0.5760,2.740385505812E+01,2.527105857194E-01,1.090830782496E+01
5,0.5770,2.725101937115E+01,2.505226854341E-01,1.088940261210E+01
5,0.5780,2.709838423539E+01,2.483423557381E-01,1.087056281519E+01
5,0.5790,2.694592752206E+01,2.461695574055E-01,1.085178809530E+01
5,0.5800,2.679363578336E+01,2.440042514809E-01,1.083307811583E+01
5,0.5810,2.664470467263E+01,2.420237559709E-01,1.081443254248E+01
5,0.5820,2.649594634700E+01,2.400500662874E-01,1.079585104326E+01
5,0.5830,2.634735167404E+01,2.380831474090E-01,1.077733328847E+01
5,0.5840,2.619894714705E+01,2.361229645541E-01,1.075887895065E+01
5,0.5850,2.605070519168E+01,2.341694831791E-01,1.074048770458E+01
5,0.5860,2.590261977434E+01,2.322226689760E-01,1.072215922727E+01
5,0.5870,2.575469860261E+01,2.302824878708E-01,1.070389319792E+01
5,0.5880,2.560694519711E+01,2.283489060209E-01,1.068568929792E+01
5,0.5890,2.545933480910E+01,2.264218898141E-01,1.066754721083E+01
5,0.5900,2.531189573715E+01,2.245014058655E-01,1.064946662234E+01
5,0.5910,2.516776104585E+01,2.229021118543E-01,1.063144722027E+01
5,0.5920,2.502378886655E+01,2.213082208635E-01,1.061348869456E+01
5,0.5930,2.487995961999E+01,2.197197055589E-01,1.059559073723E+01
5,0.5940,2.473627881602E+01,2.181365387908E-01,1.057775304239E+01
5,0.5950,2.459274902292E+01,2.165586935916E-01,1.055997530618E+01
5,0.5960,2.444934300335E+01,2.149861431749E-01,1.054225722681E+01
5,0.5970,2.430607189465E+01,2.134188609339E-01,1.052459850449E+01
5,0.5980,2.416293157960E+01,2.118568204394E-01,1.050699884144E+01
5,0.5990,2.401993006590E+01,2.102999954392E-01,1.048945794187E+01
5,0.6000,2.387705071624E+01,2.087483598555E-01,1.047197551197E+01
5,0.6010,2.373589755557E+01,2.068453875867E-01,1.045455125987E+01
5,0.6020,2.359487184757E+01,2.049487374849E-01,1.043718489565E+01
5,0.6030,2.345396344255E+01,2.030583780965E-01,1.041987613131E+01
5,0.6040,2.331316999469E+01,2.011742781763E-01,1.040262468076E+01
5,0.6050,2.317249710875E+01,1.992964066856E-01,1.038543025980E+01
5,0.6060,2.303194048905E+01,1.974247327905E-01,1.036829258610E+01
5,0.6070,2.289148803990E+01,1.955592258606E-01,1.035121137921E+01
5,0.6080,2.275115057013E+01,1.936998554665E-01,1.033418636049E+01
5,0.6090,2.261091592915E+01,1.918465913792E-01,1.031721725317E+01
5,0.6100,2.247077467726E+01,1.899994035676E-01,1.030030378226E+01
5,0.6110,2.233396868936E+01,1.885788551254E-01,1.028344567460E+01
5,0.6120,2.219725924563E+01,1.871629489983E-01,1.026664265879E+01
5,0.6130,2.206066382024E+01,1.857516624670E-01,1.024989446522E+01
5,0.6140,2.192414946582E+01,1.843449729604E-01,1.023320082603E+01
5,0.6150,2.178774128571E+01,1.829428580537E-01,1.021656147509E+01
5,0.6160,2.165143084475E+01,1.815452954681E-01,1.019997614802E+01
5,0.6170,2.151520890921E+01,1.801522630692E-01,1.018344458214E+01
5,0.6180,2.137906327952E+01,1.787637388658E-01,1.016696651647E+01
5,0.6190,2.124301340389E+01,1.773797010088E-01,1.015054169173E+01
5,0.6200,2.110705188207E+01,1.760001277900E-01,1.013416985029E+01
5,0.6210,2.097280906581E+01,1.747828361126E-01,1.011785073620E+01
5,0.6220,2.083863681030E+01,1.735694585564E-01,1.010158409514E+01
5,0.6230,2.070455840170E+01,1.723599762732E-01,1.008536967445E+01
5,0.6240,2.057055850527E+01,1.711543705359E-01,1.006920722304E+01
5,0.6250,2.043664936608E+01,1.699526227368E-01,1.005309649149E+01
5,0.6260,2.030281158998E+01,1.687547143877E-01,1.003703723192E+01
5,0.6270,2.016907172594E+01,1.675606271177E-01,1.002102919805E+01
5,0.6280,2.003538881945E+01,1.663703426735E-01,1.000507214519E+01
5,0.6290,1.990180237940E+01,1.651838429175E-01,9.989165830174E+00
5,0.6300,1.976828311937E+01,1.640011098274E-01,9.973310011396E+00
5,0.6310,1.963647718174E+01,1.627335037055E-01,9.957504448779E+00
5,0.6320,1.950475639021E+01,1.614699089954E-01,9.941748903765E+00
5,0.6330,1.937311154619E+01,1.602103066856E-01,9.926043139304E+00
5,0.6340,1.924155807945E+01,1.589546778847E-01,9.910386919842E+00
5,0.6350,1.911006951537E+01,1.577030038202E-01,9.894780011306E+00
5,0.6360,1.897867524245E+01,1.564552658376E-01,9.879222181100E+00
5,0.6370,1.884736477340E+01,1.552114453998E-01,9.863713198084E+00
5,0.6380,1.871612120633E+01,1.539715240855E-01,9.848252832570E+00
5,0.6390,1.858497443556E+01,1.527354835892E-01,9.832840856306E+00
5,0.6400,1.845391597822E+01,1.515033057194E-01,9.817477042468E+00
5,0.6410,1.832459260864E+01,1.502857547756E-01,9.802161165647E+00
5,0.6420,1.819536769780E+01,1.490719968254E-01,9.786893001837E+00
5,0.6430,1.806622823504E+01,1.478620141721E-01,9.771672328429E+00
5,0.6440,1.793720100211E+01,1.466557892289E-01,9.756498924192E+00
5,0.6450,1.780827014254E+01,1.454533045181E-01,9.741372569271E+00
5,0.6460,1.767945649651E+01,1.442545426701E-01,9.726293045170E+00
5,0.6470,1.755075353766E+01,1.430594864230E-01,9.711260134744E+00
5,0.6480,1.742218146606E+01,1.418681186210E-01,9.696273622191E+00
5,0.6490,1.729372920471E+01,1.406804222144E-01,9.681333293035E+00
5,0.6500,1.716542170299E+01,1.394963802583E-01,9.666438934122E+00
5,0.6510,1.703889510528E+01,1.383816067262E-01,9.651590333609E+00
5,0.6520,1.691253313550E+01,1.372702527448E-01,9.636787280950E+00
5,0.6530,1.678634126969E+01,1.361623026040E-01,9.622029566891E+00
5,0.6540,1.666031236826E+01,1.350577406900E-01,9.607316983455E+00
5,0.6550,1.653449296325E+01,1.339565514841E-01,9.592649323938E+00
5,0.6560,1.640887156670E+01,1.328587195624E-01,9.578026382896E+00
5,0.6570,1.628347779699E+01,1.317642295948E-01,9.563447956133E+00
5,0.6580,1.615832839067E+01,1.306730663444E-01,9.548913840698E+00
5,0.6590,1.603343304868E+01,1.295852146669E-01,9.534423834870E+00
5,0.6600,1.590883455273E+01,1.285006595096E-01,9.519977738151E+00
5,0.6610,1.578619456332E+01,1.275885851522E-01,9.505575351255E+00
5,0.6620,1.566390105670E+01,1.266792663065E-01,9.491216476102E+00
5,0.6630,1.554197100380E+01,1.257726905041E-01,9.476900915806E+00
5,0.6640,1.542046886900E+01,1.248688453517E-01,9.462628474668E+00
5,0.6650,1.529942973999E+01,1.239677185306E-01,9.448398958165E+00
5,0.6660,1.517889805138E+01,1.230692977960E-01,9.434212172942E+00
5,0.6670,1.505893998963E+01,1.221735709767E-01,9.420067926806E+00
5,0.6680,1.493962095139E+01,1.212805259742E-01,9.405966028712E+00
5,0.6690,1.482101955937E+01,1.203901507625E-01,9.391906288759E+00
5,0.6700,1.470324263397E+01,1.195024333871E-01,9.377888518178E+00
5,0.6710,1.458640221271E+01,1.185396414913E-01,9.363912529329E+00
5,0.6720,1.447061941154E+01,1.175797150475E-01,9.349978135684E+00
5,0.6730,1.435606948021E+01,1.166226412826E-01,9.336085151827E+00
5,0.6740,1.424295726280E+01,1.156684074991E-01,9.322233393442E+00
5,0.6750,1.413152823469E+01,1.147170010751E-01,9.308422677303E+00
5,0.6760,1.402211491646E+01,1.137684094629E-01,9.294652821272E+00
5,0.6770,1.391513231945E+01,1.128226201894E-01,9.280923644283E+00
5,0.6780,1.381116882735E+01,1.118796208547E-01,9.267234966342E+00
5,0.6790,1.371104282370E+01,1.109393991321E-01,9.253586608512E+00
5,0.6800,1.361595576587E+01,1.100019427676E-01,9.239978392911E+00
5,0.6810,1.352896205484E+01,1.091908734748E-01,9.226410142701E+00
5,0.6820,1.345223205802E+01,1.083821826843E-01,9.212881682082E+00
5,0.6830,1.339360110173E+01,1.075758599489E-01,9.199392836281E+00
5,0.3000,9.721065007013E+01,8.867668863533E+01,2.094395102393E+01
5,0.3010,9.716339904930E+01,8.705447177761E+01,2.087436979129E+01
5,0.3020,9.711596921599E+01,8.544299807790E+01,2.080524936152E+01
5,0.3030,9.706887506391E+01,8.384216116828E+01,2.073658517221E+01
5,0.3040,9.702210432163E+01,8.225185608043E+01,2.066837272099E+01
5,0.3050,9.697566095623E+01,8.067197922267E+01,2.060060756452E+01
5,0.3060,9.692952933577E+01,7.910242835745E+01,2.053328531758E+01
5,0.3070,9.688370694267E+01,7.754310257929E+01,2.046640165205E+01
5,0.3080,9.683819550255E+01,7.599390229320E+01,2.039995229604E+01
5,0.3090,9.679299316681E+01,7.445472919343E+01,2.033393303294E+01
5,0.3100,9.674810003648E+01,7.292548624268E+01,2.026833970058E+01
5,0.3110,9.636993120493E+01,7.209500568704E+01,2.020316819029E+01
5,0.3120,9.599377458545E+01,7.126984872471E+01,2.013841444609E+01
5,0.3130,9.561983863170E+01,7.044996433082E+01,2.007407446383E+01
5,0.3140,9.524811573878E+01,6.963530213053E+01,2.001014429038E+01
5,0.3150,9.487855607409E+01,6.882581238864E+01,1.994662002279E+01
5,0.3160,9.451117695194E+01,6.802144599956E+01,1.988349780753E+01
5,0.3170,9.414591515534E+01,6.722215447729E+01,1.982077383968E+01
5,0.3180,9.378279507636E+01,6.642788994572E+01,1.975844436220E+01
5,0.3190,9.342175635569E+01,6.563860512908E+01,1.969650566514E+01
5,0.3200,9.306280677558E+01,6.485425334254E+01,1.963495408494E+01
5,0.3210,9.289969747415E+01,6.425486731426E+01,1.957378600367E+01
5,0.3220,9.273745070263E+01,6.365920418057E+01,1.951299784838E+01
5,0.3230,9.257623699707E+01,6.306722936349E+01,1.945258609034E+01
5,0.3240,9.241606603446E+01,6.247890871195E+01,1.939254724438E+01
5,0.3250,9.225691640073E+01,6.189420849519E+01,1.933287786824E+01
5,0.3260,9.209879088090E+01,6.131309539632E+01,1.927357456190E+01
5,0.3270,9.194168083411E+01,6.073553650601E+01,1.921463396691E+01
5,0.3280,9.178556902609E+01,6.016149931624E+01,1.915605276579E+01
5,0.3290,9.163044536075E+01,5.959095171426E+01,1.909782768140E+01
5,0.3300,9.147629526114E+01,5.902386197654E+01,1.903995547630E+01
5,0.3310,9.137031333125E+01,5.861205822652E+01,1.898243295220E+01
5,0.3320,9.126512469921E+01,5.820273522199E+01,1.892525694934E+01
5,0.3330,9.116068765608E+01,5.779587061388E+01,1.886842434588E+01
5,0.3340,9.105685492404E+01,5.739144232079E+01,1.881193205742E+01
5,0.3350,9.095363638150E+01,5.698942852497E+01,1.875577703636E+01
5,0.3360,9.085100613126E+01,5.658980766841E+01,1.869995627137E+01
5,0.3370,9.074896452313E+01,5.619255844899E+01,1.864446678688E+01
5,0.3380,9.064751206947E+01,5.579765981666E+01,1.858930564254E+01
5,0.3390,9.054664278755E+01,5.540509096977E+01,1.853446993268E+01
5,0.3400,9.044635404455E+01,5.501483135139E+01,1.847995678582E+01
5,0.3410,9.052010942341E+01,5.478163705799E+01,1.842576336416E+01
5,0.3420,9.059342506863E+01,5.454980647391E+01,1.837188686310E+01
5,0.3430,9.066629953784E+01,5.431932767166E+01,1.831832451073E+01
5,0.3440,9.073875975898E+01,5.409018886245E+01,1.826507356738E+01
5,0.3450,9.081077979157E+01,5.386237839416E+01,1.821213132516E+01
5,0.3460,9.088238836276E+01,5.363588474938E+01,1.815949510746E+01
5,0.3470,9.095357580382E+01,5.341069654348E+01,1.810716226853E+01
5,0.3480,9.102434691268E+01,5.318680252267E+01,1.805513019304E+01
5,0.3490,9.109469953175E+01,5.296419156215E+01,1.800339629564E+01
5,0.3500,9.116464847021E+01,5.274285266427E+01,1.795195802051E+01
5,0.3510,9.188980675757E+01,5.264271040272E+01,1.790081284097E+01
5,0.3520,9.261004423266E+01,5.254313713129E+01,1.784995825903E+01
5,0.3530,9.332546150426E+01,5.244412801437E+01,1.779939180504E+01
5,0.3540,9.403610593706E+01,5.234567827100E+01,1.774911103723E+01
5,0.3550,9.474202928030E+01,5.224778317407E+01,1.769911354135E+01
5,0.3560,9.544331543979E+01,5.215043804959E+01,1.764939693028E+01
5,0.3570,9.614000760523E+01,5.205363827595E+01,1.759995884364E+01
5,0.3580,9.683217277405E+01,5.195737928317E+01,1.755079694743E+01
5,0.3590,9.751985954244E+01,5.186165655219E+01,1.750190893365E+01
5,0.3600,9.820310605006E+01,5.176646561415E+01,1.745329251994E+01
5,0.3610,9.950163187128E+01,5.023937503926E+01,1.740494544925E+01
5,0.3620,1.007909377839E+02,4.872072142888E+01,1.735686548945E+01
5,0.3630,1.020711681711E+02,4.721043505601E+01,1.730905043300E+01
5,0.3640,1.033425266285E+02,4.570844695992E+01,1.726149809665E+01
5,0.3650,1.046051449890E+02,4.421468893559E+01,1.721420632104E+01
5,0.3660,1.058591701288E+02,4.272909352342E+01,1.716717297044E+01
5,0.3670,1.071047455652E+02,4.125159399904E+01,1.712039593237E+01
5,0.3680,1.083420051009E+02,3.978212436339E+01,1.707387311734E+01
5,0.3690,1.095710804869E+02,3.832061933281E+01,1.702760245848E+01
5,0.3700,1.107920957101E+02,3.686701432942E+01,1.698158191130E+01
5,0.3710,1.099668728495E+02,3.469300566511E+01,1.693580945331E+01
5,0.3720,1.091454552660E+02,3.253068521943E+01,1.689028308382E+01
5,0.3730,1.083277994634E+02,3.037995898525E+01,1.684500082354E+01
5,0.3740,1.075138567282E+02,2.824073396088E+01,1.679996071438E+01
5,0.3750,1.067036044329E+02,2.611291813664E+01,1.675516081915E+01
5,0.3760,1.058969805329E+02,2.399642048168E+01,1.671059922122E+01
5,0.3770,1.050939607370E+02,2.189115093098E+01,1.666627402435E+01
5,0.3780,1.042945079058E+02,1.979702037262E+01,1.662218335233E+01
5,0.3790,1.034985777348E+02,1.771394063515E+01,1.657832534876E+01
5,0.3800,1.027061317183E+02,1.564182447524E+01,1.653469817679E+01
5,0.3810,1.013862309154E+02,1.477455568688E+01,1.649130001884E+01
5,0.3820,1.000712045422E+02,1.391182757281E+01,1.644812907639E+01
5,0.3830,9.876093298232E+01,1.305360456638E+01,1.640518356966E+01
5,0.3840,9.745533109567E+01,1.219985147144E+01,1.636246173745E+01
5,0.3850,9.615428651226E+01,1.135053345752E+01,1.631996183683E+01
5,0.3860,9.485770234304E+01,1.050561605506E+01,1.627768214295E+01
5,0.3870,9.356546037290E+01,9.665065150811E+00,1.623562094878E+01
5,0.3880,9.227745322008E+01,8.828846983181E+00,1.619377656490E+01
5,0.3890,9.099356704943E+01,7.996928137750E+00,1.615214731923E+01
5,0.3900,8.971367389890E+01,7.169275542807E+00,1.611073155687E+01
5,0.3910,8.870113863978E+01,6.911503837898E+00,1.606952763985E+01
5,0.3920,8.769204969977E+01,6.655047294747E+00,1.602853394689E+01
5,0.3930,8.668635168329E+01,6.399895873954E+00,1.598774887323E+01
5,0.3940,8.568393561683E+01,6.146039638038E+00,1.594717083041E+01
5,0.3950,8.468475633996E+01,5.893468750152E+00,1.590679824602E+01
5,0.3960,8.368873271481E+01,5.642173472811E+00,1.586662956358E+01
5,0.3970,8.269578777198E+01,5.392144166640E+00,1.582666324227E+01
5,0.3980,8.170584248651E+01,5.143371289143E+00,1.578689775673E+01
5,0.3990,8.071882901146E+01,4.895845393489E+00,1.574733159694E+01
5,0.4000,7.973464559530E+01,4.649557127313E+00,1.570796326795E+01
5,0.4010,7.900121385085E+01,4.529847561859E+00,1.566879128972E+01
5,0.4020,7.827020007218E+01,4.410733566383E+00,1.562981419696E+01
5,0.4030,7.754157474835E+01,4.292210707361E+00,1.559103053891E+01
5,0.4040,7.681529113209E+01,4.174274595166E+00,1.555243887916E+01
5,0.4050,7.609129838193E+01,4.056920883525E+00,1.551403779551E+01
5,0.4060,7.536956726093E+01,3.940145268985E+00,1.547582587975E+01
5,0.4070,7.465004718984E+01,3.823943490389E+00,1.543780173754E+01
5,0.4080,7.393270435670E+01,3.708311328355E+00,1.539996398819E+01
5,0.4090,7.321748610160E+01,3.593244604766E+00,1.536231126450E+01
5,0.4100,7.250433602083E+01,3.478739182268E+00,1.532484221263E+01
5,0.4110,7.191725109088E+01,3.392308563657E+00,1.528755549192E+01
5,0.4120,7.133203728032E+01,3.306297511157E+00,1.525044977471E+01
5,0.4130,7.074863814904E+01,3.220702977070E+00,1.521352374620E+01
5,0.4140,7.016703703198E+01,3.135521943148E+00,1.517677610430E+01
5,0.4150,6.958720289444E+01,3.050751420233E+00,1.514020555947E+01
5,0.4160,6.900908830155E+01,2.966388447909E+00,1.510381083457E+01
5,0.4170,6.843269062618E+01,2.882430094157E+00,1.506759066470E+01
5,0.4180,6.785797129613E+01,2.798873455016E+00,1.503154379708E+01
5,0.4190,6.728488020188E+01,2.715715654249E+00,1.499566899088E+01
5,0.4200,6.671339981791E+01,2.632953843009E+00,1.495996501709E+01
5,0.4210,6.621372116708E+01,2.569986959374E+00,1.492443065838E+01
5,0.4220,6.571552721924E+01,2.507318496988E+00,1.488906470896E+01
5,0.4230,6.521878815819E+01,2.444946339389E+00,1.485386597442E+01
5,0.4240,6.472349210495E+01,2.382868390081E+00,1.481883327165E+01
5,0.4250,6.422959521804E+01,2.321082572299E+00,1.478396542866E+01
5,0.4260,6.373710382677E+01,2.259586828779E+00,1.474926128446E+01
5,0.4270,6.324596469189E+01,2.198379121528E+00,1.471471968895E+01
5,0.4280,6.275616009164E+01,2.137457431601E+00,1.468033950276E+01
5,0.4290,6.226768517134E+01,2.076819758877E+00,1.464611959716E+01
5,0.4300,6.178049276878E+01,2.016464121839E+00,1.461205885391E+01
5,0.4310,6.135082701137E+01,1.966593266679E+00,1.457815616515E+01
5,0.4320,6.092235983523E+01,1.916953295107E+00,1.454441043329E+01
5,0.4330,6.049507244125E+01,1.867542607469E+00,1.451082057085E+01
5,0.4340,6.006895882657E+01,1.818359618852E+00,1.447738550041E+01
5,0.4350,5.964398354342E+01,1.769402758918E+00,1.444410415444E+01
5,0.4360,5.922014099879E+01,1.720670471737E+00,1.441097547518E+01
5,0.4370,5.879739194262E+01,1.672161215618E+00,1.437799841460E+01
5,0.4380,5.837573622720E+01,1.623873462951E+00,1.434517193420E+01
5,0.4390,5.795515916282E+01,1.575805700047E+00,1.431249500496E+01
5,0.4400,5.753563322167E+01,1.527956426973E+00,1.427996660723E+01
5,0.4410,5.714430569680E+01,1.495002020225E+00,1.424758573057E+01
5,0.4420,5.675397582187E+01,1.462196728440E+00,1.421535137371E+01
5,0.4430,5.636463433583E+01,1.429539541810E+00,1.418326254442E+01
5,0.4440,5.597625390650E+01,1.397029459624E+00,1.415131825941E+01
5,0.4450,5.558882872368E+01,1.364665490167E+00,1.411951754422E+01
5,0.4460,5.520232508170E+01,1.332446650618E+00,1.408785943314E+01
5,0.4470,5.481674929032E+01,1.300371966950E+00,1.405634296908E+01
5,0.4480,5.443206126115E+01,1.268440473834E+00,1.402496720353E+01
5,0.4490,5.404826031721E+01,1.236651214541E+00,1.399373119639E+01
5,0.4500,5.366530792982E+01,1.205003240845E+00,1.396263401595E+01
5,0.4510,5.331204462680E+01,1.181543941427E+00,1.393167473876E+01
5,0.4520,5.295961137247E+01,1.158188444218E+00,1.390085244951E+01
5,0.4530,5.260798798016E+01,1.134936061787E+00,1.387016624101E+01
5,0.4540,5.225714697308E+01,1.111786112760E+00,1.383961521405E+01
5,0.4550,5.190710934646E+01,1.088737921749E+00,1.380919847732E+01
5,0.4560,5.155782975223E+01,1.065790819296E+00,1.377891514732E+01
5,0.4570,5.120929726321E+01,1.042944141799E+00,1.374876434831E+01
5,0.4580,5.086151841003E+01,1.020197231453E+00,1.371874521218E+01
5,0.4590,5.051443903958E+01,9.975494361844E-01,1.368885687839E+01
5,0.4600,5.016809426541E+01,9.750001095908E-01,1.365909849387E+01
5,0.4610,4.984616471944E+01,9.602165502576E-01,1.362946921297E+01
5,0.4620,4.952493090592E+01,9.454969890167E-01,1.359996819736E+01
5,0.4630,4.920435642876E+01,9.308410111938E-01,1.357059461594E+01
5,0.4640,4.888443720867E+01,9.162482056890E-01,1.354134764478E+01
5,0.4650,4.856518223792E+01,9.017181649391E-01,1.351222646705E+01
5,0.4660,4.824654350918E+01,8.872504848791E-01,1.348323027292E+01
5,0.4670,4.792852820591E+01,8.728447649050E-01,1.345435825949E+01
5,0.4680,4.761111277274E+01,8.585006078367E-01,1.342560963073E+01
5,0.4690,4.729429715055E+01,8.442176198818E-01,1.339698359740E+01
5,0.4700,4.697806810577E+01,8.299954105990E-01,1.336847937698E+01
5,0.4710,4.668276136011E+01,8.187857561508E-01,1.334009619359E+01
5,0.4720,4.638803637917E+01,8.076236002383E-01,1.331183327792E+01
5,0.4730,4.609385257628E+01,7.965086416024E-01,1.328368986719E+01
5,0.4740,4.580022116076E+01,7.854405815261E-01,1.325566520502E+01
5,0.4750,4.550711050577E+01,7.744191238081E-01,1.322775854143E+01
5,0.4760,4.521452285429E+01,7.634439747359E-01,1.319996913273E+01
5,0.4770,4.492243824106E+01,7.525148430602E-01,1.317229624147E+01
5,0.4780,4.463085219044E+01,7.416314399690E-01,1.314473913636E+01
5,0.4790,4.433974490380E+01,7.307934790619E-01,1.311729709223E+01
5,0.4800,4.404910641277E+01,7.200006763252E-01,1.308996938996E+01
5,0.4810,4.377426447896E+01,7.108320372249E-01,1.306275531638E+01
5,0.4820,4.349987354857E+01,7.017014422703E-01,1.303565416427E+01
5,0.4830,4.322594584286E+01,6.926086551623E-01,1.300866523226E+01
5,0.4840,4.295245534507E+01,6.835534415547E-01,1.298178782475E+01
5,0.4850,4.267937657340E+01,6.745355690342E-01,1.295502125192E+01
5,0.4860,4.240673839295E+01,6.655548071001E-01,1.292836482959E+01
5,0.4870,4.213449430126E+01,6.566109271453E-01,1.290181787922E+01
5,0.4880,4.186267005135E+01,6.477037024362E-01,1.287537972783E+01
5,0.4890,4.159121203982E+01,6.388329080940E-01,1.284904970793E+01
5,0.4900,4.132013113907E+01,6.299983210756E-01,1.282282715751E+01
5,0.4910,4.107168320391E+01,6.223603818808E-01,1.279671141992E+01
5,0.4920,4.082360535490E+01,6.147534912194E-01,1.277070184386E+01
5,0.4930,4.057588713620E+01,6.071774601550E-01,1.274479778333E+01
5,0.4940,4.032855097831E+01,5.996321012811E-01,1.271899859753E+01
5,0.4950,4.008155846892E+01,5.921172287057E-01,1.269330365087E+01
5,0.4960,3.983490618958E+01,5.846326580358E-01,1.266771231286E+01
5,0.4970,3.958858158750E+01,5.771782063626E-01,1.264222395811E+01
5,0.4980,3.934259655637E+01,5.697536922463E-01,1.261683796622E+01
5,0.4990,3.909692533359E+01,5.623589357017E-01,1.259155372180E+01
5,0.5000,3.885156601941E+01,5.549937581832E-01,1.256637061436E+01
5,0.5010,3.861166378575E+01,5.478686762100E-01,1.254128803828E+01
5,0.5020,3.837206019307E+01,5.407719810176E-01,1.251630539279E+01
5,0.5030,3.813274324967E+01,5.337035033011E-01,1.249142208187E+01
5,0.5040,3.789370018540E+01,5.266630750993E-01,1.246663751425E+01
5,0.5050,3.765494293609E+01,5.196505297815E-01,1.244195110333E+01
5,0.5060,3.741642672966E+01,5.126657020341E-01,1.241736226715E+01
5,0.5070,3.717818025977E+01,5.057084278479E-01,1.239287042836E+01
5,0.5080,3.694016696249E+01,4.987785445049E-01,1.236847501413E+01
5,0.5090,3.670238963742E+01,4.918758905661E-01,1.234417545615E+01
5,0.5100,3.646485424223E+01,4.850003058583E-01,1.231997119055E+01
5,0.5110,3.623619291094E+01,4.804214475246E-01,1.229586165789E+01
5,0.5120,3.600776178088E+01,4.758604753562E-01,1.227184630309E+01
5,0.5130,3.577954824267E+01,4.713172847558E-01,1.224792457540E+01
5,0.5140,3.555154293058E+01,4.667917719397E-01,1.222409592836E+01
5,0.5150,3.532373839575E+01,4.622838339308E-01,1.220035981977E+01
5,0.5160,3.509612227284E+01,4.577933685497E-01,1.217671571159E+01
5,0.5170,3.486867970306E+01,4.533202744081E-01,1.215316306998E+01
5,0.5180,3.464141958669E+01,4.488644509002E-01,1.212970136521E+01
5,0.5190,3.441432013496E+01,4.444257981958E-01,1.210633007164E+01
5,0.5200,3.418738463352E+01,4.400042172326E-01,1.208304866765E+01
5,0.5210,3.397110889643E+01,4.351714847982E-01,1.205985663566E+01
5,0.5220,3.375501814254E+01,4.303572685800E-01,1.203675346203E+01
5,0.5230,3.353907111271E+01,4.255614623665E-01,1.201373863705E+01
5,0.5240,3.332326692544E+01,4.207839607569E-01,1.199081165492E+01
5,0.5250,3.310761192320E+01,4.160246591534E-01,1.196797201368E+01
5,0.5260,3.289208745268E+01,4.112834537537E-01,1.194521921517E+01
5,0.5270,3.267667897581E+01,4.065602415434E-01,1.192255276505E+01
5,0.5280,3.246139824613E+01,4.018549202884E-01,1.189997217269E+01
5,0.5290,3.224623022921E+01,3.971673885278E-01,1.187747695119E+01
5,0.5300,3.203113511090E+01,3.924975455662E-01,1.185506661732E+01
5,0.5310,3.182148218374E+01,3.884298288572E-01,1.183274069149E+01
5,0.5320,3.161193038086E+01,3.843774043163E-01,1.181049869771E+01
5,0.5330,3.140246236208E+01,3.803401858712E-01,1.178834016356E+01
5,0.5340,3.119308854163E+01,3.763180880945E-01,1.176626462019E+01
5,0.5350,3.098378825120E+01,3.723110261973E-01,1.174427160220E+01
5,0.5360,3.077455974132E+01,3.683189160236E-01,1.172236064772E+01
5,0.5370,3.056540793118E+01,3.643416740442E-01,1.170053129829E+01
5,0.5380,3.035629247009E+01,3.603792173510E-01,1.167878309885E+01
5,0.5390,3.014723734260E+01,3.564314636510E-01,1.165711559774E+01
5,0.5400,2.993822565330E+01,3.524983312611E-01,1.163552834663E+01
5,0.5410,2.973644877103E+01,3.491441805176E-01,1.161402090052E+01
5,0.5420,2.953471808367E+01,3.458024067141E-01,1.159259281767E+01
5,0.5430,2.933303671680E+01,3.424729414697E-01,1.157124365963E+01
5,0.5440,2.913138403731E+01,3.391557169064E-01,1.154997299114E+01
5,0.5450,2.892976768759E+01,3.358506656442E-01,1.152878038015E+01
5,0.5460,2.872818071146E+01,3.325577207969E-01,1.150766539776E+01
5,0.5470,2.852661229882E+01,3.292768159674E-01,1.148662761824E+01
5,0.5480,2.832506737848E+01,3.260078852430E-01,1.146566661894E+01
5,0.5490,2.812351740246E+01,3.227508631916E-01,1.144478198029E+01
5,0.5500,2.792195456729E+01,3.195056848567E-01,1.142397328578E+01
5,0.5510,2.772586765188E+01,3.164057036630E-01,1.140324012192E+01
5,0.5520,2.752979679649E+01,3.133169542852E-01,1.138258207822E+01
5,0.5530,2.733373401796E+01,3.102393757912E-01,1.136199874716E+01
5,0.5540,2.713766879713E+01,3.071729076889E-01,1.134148972415E+01
5,0.5550,2.694159896697E+01,3.041174899221E-01,1.132105460753E+01
5,0.5560,2.674552839163E+01,3.010730628667E-01,1.130069299852E+01
5,0.5570,2.654944122780E+01,2.980395673267E-01,1.128040450122E+01
5,0.5580,2.635333453875E+01,2.950169445307E-01,1.126018872254E+01
5,0.5590,2.615722084666E+01,2.920051361274E-01,1.124004527224E+01
5,0.5600,2.596108062302E+01,2.890040841827E-01,1.121997376282E+01
5,0.5610,2.576862424493E+01,2.866666896486E-01,1.119997380959E+01
5,0.5620,2.557615834779E+01,2.843376132444E-01,1.118004503057E+01
5,0.5630,2.538367870470E+01,2.820168106464E-01,1.116018704650E+01
5,0.5640,2.519119217431E+01,2.797042378447E-01,1.114039948081E+01
5,0.5650,2.499868397260E+01,2.773998511415E-01,1.112068195961E+01
5,0.5660,2.480616965868E+01,2.751036071475E-01,1.110103411162E+01
5,0.5670,2.461362573205E+01,2.728154627795E-01,1.108145556822E+01
5,0.5680,2.442108587312E+01,2.705353752579E-01,1.106194596334E+01
5,0.5690,2.422853494190E+01,2.682633021037E-01,1.104250493353E+01
5,0.5700,2.403597637158E+01,2.659992011361E-01,1.102313211786E+01
5,0.5710,2.384906354577E+01,2.637650381238E-01,1.100382715793E+01
5,0.5720,2.366217476045E+01,2.615386868703E-01,1.098458969787E+01
5,0.5730,2.347531174540E+01,2.593201064764E-01,1.096541938426E+01
5,0.5740,2.328847630148E+01,2.571092563277E-01,1.094631586617E+01
5,0.5750,2.310169706005E+01,2.549060960926E-01,1.092727879509E+01
5,0.5760,2.291495595246E+01,2.527105857194E-01,1.090830782496E+01
5,0.5770,2.272828573764E+01,2.505226854341E-01,1.088940261210E+01
5,0.5780,2.254168197593E+01,2.483423557381E-01,1.087056281519E+01
5,0.5790,2.235516532470E+01,2.461695574055E-01,1.085178809530E+01
5,0.5800,2.216876669236E+01,2.440042514809E-01,1.083307811583E+01
5,0.5810,2.198629630637E+01,2.420237559709E-01,1.081443254248E+01
5,0.5820,2.180396974141E+01,2.400500662874E-01,1.079585104326E+01
5,0.5830,2.162182640789E+01,2.380831474090E-01,1.077733328847E+01
5,0.5840,2.143990125151E+01,2.361229645541E-01,1.075887895065E+01
5,0.5850,2.125819031930E+01,2.341694831791E-01,1.074048770458E+01
5,0.5860,2.107673816010E+01,2.322226689760E-01,1.072215922727E+01
5,0.5870,2.089556497154E+01,2.302824878708E-01,1.070389319792E+01
5,0.5880,2.071474169135E+01,2.283489060209E-01,1.068568929792E+01
5,0.5890,2.053427859241E+01,2.264218898141E-01,1.066754721083E+01
5,0.5900,2.035423657964E+01,2.245014058655E-01,1.064946662234E+01
5,0.5910,2.017843230078E+01,2.229021118543E-01,1.063144722027E+01
5,0.5920,2.000313722242E+01,2.213082208635E-01,1.061348869456E+01
5,0.5930,1.982840560144E+01,2.197197055589E-01,1.059559073723E+01
5,0.5940,1.965430126100E+01,2.181365387908E-01,1.057775304239E+01
5,0.5950,1.948089020164E+01,2.165586935916E-01,1.055997530618E+01
5,0.5960,1.930826038545E+01,2.149861431749E-01,1.054225722681E+01
5,0.5970,1.913648979927E+01,2.134188609339E-01,1.052459850449E+01
5,0.5980,1.896566150515E+01,2.118568204394E-01,1.050699884144E+01
5,0.5990,1.879587846996E+01,2.102999954392E-01,1.048945794187E+01
5,0.6000,1.862724798342E+01,2.087483598555E-01,1.047197551197E+01
5,0.6010,1.846166404360E+01,2.068453875867E-01,1.045455125987E+01
5,0.6020,1.829744576577E+01,2.049487374849E-01,1.043718489565E+01
5,0.6030,1.813469313600E+01,2.030583780965E-01,1.041987613131E+01
5,0.6040,1.797357370971E+01,2.011742781763E-01,1.040262468076E+01
5,0.6050,1.781421729068E+01,1.992964066856E-01,1.038543025980E+01
5,0.6060,1.765676590479E+01,1.974247327905E-01,1.036829258610E+01
5,0.6070,1.750139360519E+01,1.955592258606E-01,1.035121137921E+01
5,0.6080,1.734828113457E+01,1.936998554665E-01,1.033418636049E+01
5,0.6090,1.719757987865E+01,1.918465913792E-01,1.031721725317E+01
5,0.6100,1.704949112776E+01,1.899994035676E-01,1.030030378226E+01
5,0.6110,1.690726158545E+01,1.885788551254E-01,1.028344567460E+01
5,0.6120,1.676784858323E+01,1.871629489983E-01,1.026664265879E+01
5,0.6130,1.663143699503E+01,1.857516624670E-01,1.024989446522E+01
5,0.6140,1.649820622309E+01,1.843449729604E-01,1.023320082603E+01
5,0.6150,1.636829819713E+01,1.829428580537E-01,1.021656147509E+01
5,0.6160,1.624189251484E+01,1.815452954681E-01,1.019997614802E+01
5,0.6170,1.611910798300E+01,1.801522630692E-01,1.018344458214E+01
5,0.6180,1.600008285682E+01,1.787637388658E-01,1.016696651647E+01
5,0.6190,1.588494897714E+01,1.773797010088E-01,1.015054169173E+01
5,0.6200,1.577377912071E+01,1.760001277900E-01,1.013416985029E+01
5,0.6210,1.566775274217E+01,1.747828361126E-01,1.011785073620E+01
5,0.6220,1.556573523150E+01,1.735694585564E-01,1.010158409514E+01
5,0.6230,1.546775354565E+01,1.723599762732E-01,1.008536967445E+01
5,0.6240,1.537379788785E+01,1.711543705359E-01,1.006920722304E+01
5,0.6250,1.528387791814E+01,1.699526227368E-01,1.005309649149E+01
5,0.6260,1.519793920627E+01,1.687547143877E-01,1.003703723192E+01
5,0.6270,1.511592629871E+01,1.675606271177E-01,1.002102919805E+01
5,0.6280,1.503777448768E+01,1.663703426735E-01,1.000507214519E+01
5,0.6290,1.496337338930E+01,1.651838429175E-01,9.989165830174E+00
5,0.6300,1.489263587531E+01,1.640011098274E-01,9.973310011396E+00
5,0.6310,1.482602235302E+01,1.627335037055E-01,9.957504448779E+00
5,0.6320,1.476276188486E+01,1.614699089954E-01,9.941748903765E+00
5,0.6330,1.470271622381E+01,1.602103066856E-01,9.926043139304E+00
5,0.6340,1.464578353189E+01,1.589546778847E-01,9.910386919842E+00
5,0.6350,1.459185091636E+01,1.577030038202E-01,9.894780011306E+00
5,0.6360,1.454077468270E+01,1.564552658376E-01,9.879222181100E+00
5,0.6370,1.449248954302E+01,1.552114453998E-01,9.863713198084E+00
5,0.6380,1.444685973155E+01,1.539715240855E-01,9.848252832570E+00
5,0.6390,1.440380565255E+01,1.527354835892E-01,9.832840856306E+00
5,0.6400,1.436324863864E+01,1.515033057194E-01,9.817477042468E+00
5,0.6410,1.432530045871E+01,1.502857547756E-01,9.802161165647E+00
5,0.6420,1.428964516244E+01,1.490719968254E-01,9.786893001837E+00
5,0.6430,1.425624549942E+01,1.478620141721E-01,9.771672328429E+00
5,0.6440,1.422504037609E+01,1.466557892289E-01,9.756498924192E+00
5,0.6450,1.419603113271E+01,1.454533045181E-01,9.741372569271E+00
5,0.6460,1.416920937604E+01,1.442545426701E-01,9.726293045170E+00
5,0.6470,1.414457719272E+01,1.430594864230E-01,9.711260134744E+00
6,0.3000,9.527497542782E+01,8.867668863533E+01,2.094395102393E+01
6,0.3010,9.522726722314E+01,8.705447177761E+01,2.087436979129E+01
6,0.3020,9.517957386582E+01,8.544299807790E+01,2.080524936152E+01
6,0.3030,9.513219262474E+01,8.384216116828E+01,2.073658517221E+01
6,0.3040,9.508514902096E+01,8.225185608043E+01,2.066837272099E+01
6,0.3050,9.503841614411E+01,8.067197922267E+01,2.060060756452E+01
6,0.3060,9.499199356714E+01,7.910242835745E+01,2.053328531758E+01
6,0.3070,9.494587705634E+01,7.754310257929E+01,2.046640165205E+01
6,0.3080,9.490007006732E+01,7.599390229320E+01,2.039995229604E+01
6,0.3090,9.485457628717E+01,7.445472919343E+01,2.033393303294E+01
6,0.3100,9.480937736884E+01,7.292548624268E+01,2.026833970058E+01
6,0.3110,9.442623880971E+01,7.209500568704E+01,2.020316819029E+01
6,0.3120,9.404518505353E+01,7.126984872471E+01,2.013841444609E+01
6,0.3130,9.366637175124E+01,7.044996433082E+01,2.007407446383E+01
6,0.3140,9.328974916945E+01,6.963530213053E+01,2.001014429038E+01
6,0.3150,9.291532117704E+01,6.882581238864E+01,1.994662002279E+01
6,0.3160,9.254304257925E+01,6.802144599956E+01,1.988349780753E+01
6,0.3170,9.217291020189E+01,6.722215447729E+01,1.982077383968E+01
6,0.3180,9.180490168852E+01,6.642788994572E+01,1.975844436220E+01
6,0.3190,9.143898192997E+01,6.563860512908E+01,1.969650566514E+01
6,0.3200,9.107514186672E+01,6.485425334254E+01,1.963495408494E+01
6,0.3210,9.091010662528E+01,6.425486731426E+01,1.957378600367E+01
6,0.3220,9.074598896765E+01,6.365920418057E+01,1.951299784838E+01
6,0.3230,9.058287464068E+01,6.306722936349E+01,1.945258609034E+01
6,0.3240,9.042078247270E+01,6.247890871195E+01,1.939254724438E+01
6,0.3250,9.025969523145E+01,6.189420849519E+01,1.933287786824E+01
6,0.3260,9.009960927407E+01,6.131309539632E+01,1.927357456190E+01
6,0.3270,8.994051774151E+01,6.073553650601E+01,1.921463396691E+01
6,0.3280,8.978239302417E+01,6.016149931624E+01,1.915605276579E+01
6,0.3290,8.962524000741E+01,5.959095171426E+01,1.909782768140E+01
6,0.3300,8.946903862655E+01,5.902386197654E+01,1.903995547630E+01
6,0.3310,8.936168033719E+01,5.861205822652E+01,1.898243295220E+01
6,0.3320,8.925506342321E+01,5.820273522199E+01,1.892525694934E+01
6,0.3330,8.914915231822E+01,5.779587061388E+01,1.886842434588E+01
6,0.3340,8.904384561111E+01,5.739144232079E+01,1.881193205742E+01
6,0.3350,8.893914656296E+01,5.698942852497E+01,1.875577703636E+01
6,0.3360,8.883505728246E+01,5.658980766841E+01,1.869995627137E+01
6,0.3370,8.873157583606E+01,5.619255844899E+01,1.864446678688E+01
6,0.3380,8.862868028135E+01,5.579765981666E+01,1.858930564254E+01
6,0.3390,8.852637987749E+01,5.540509096977E+01,1.853446993268E+01
6,0.3400,8.842464700980E+01,5.501483135139E+01,1.847995678582E+01
6,0.3410,8.849957252090E+01,5.478163705799E+01,1.842576336416E+01
6,0.3420,8.857406380727E+01,5.454980647391E+01,1.837188686310E+01
6,0.3430,8.864810284030E+01,5.431932767166E+01,1.831832451073E+01
6,0.3440,8.872169050743E+01,5.409018886245E+01,1.826507356738E+01
6,0.3450,8.879487580914E+01,5.386237839416E+01,1.821213132516E+01
6,0.3460,8.886760749100E+01,5.363588474938E+01,1.815949510746E+01
6,0.3470,8.893991742421E+01,5.341069654348E+01,1.810716226853E+01
6,0.3480,8.901180184039E+01,5.318680252267E+01,1.805513019304E+01
6,0.3490,8.908326348578E+01,5.296419156215E+01,1.800339629564E+01
6,0.3500,8.915431159252E+01,5.274285266427E+01,1.795195802051E+01
6,0.3510,8.989021536980E+01,5.264271040272E+01,1.790081284097E+01
6,0.3520,9.062101930141E+01,5.254313713129E+01,1.784995825903E+01
6,0.3530,9.134682639509E+01,5.244412801437E+01,1.779939180504E+01
6,0.3540,9.206768720333E+01,5.234567827100E+01,1.774911103723E+01
6,0.3550,9.278367309420E+01,5.224778317407E+01,1.769911354135E+01
6,0.3560,9.349484367530E+01,5.215043804959E+01,1.764939693028E+01
6,0.3570,9.420126518327E+01,5.205363827595E+01,1.759995884364E+01
6,0.3580,9.490300179873E+01,5.195737928317E+01,1.755079694743E+01
6,0.3590,9.560010818937E+01,5.186165655219E+01,1.750190893365E+01
6,0.3600,9.629263337209E+01,5.176646561415E+01,1.745329251994E+01
6,0.3610,9.760852445892E+01,5.023937503926E+01,1.740494544925E+01
6,0.3620,9.891477467714E+01,4.872072142888E+01,1.735686548945E+01
6,0.3630,1.002115603224E+02,4.721043505601E+01,1.730905043300E+01
6,0.3640,1.014990819658E+02,4.570844695992E+01,1.726149809665E+01
6,0.3650,1.027774824243E+02,4.421468893559E+01,1.721420632104E+01
6,0.3660,1.040469308035E+02,4.272909352342E+01,1.716717297044E+01
6,0.3670,1.053075860637E+02,4.125159399904E+01,1.712039593237E+01
6,0.3680,1.065595950405E+02,3.978212436339E+01,1.707387311734E+01
6,0.3690,1.078030845628E+02,3.832061933281E+01,1.702760245848E+01
6,0.3700,1.090382153345E+02,3.686701432942E+01,1.698158191130E+01
6,0.3710,1.082035283919E+02,3.469300566511E+01,1.693580945331E+01
6,0.3720,1.073725787910E+02,3.253068521943E+01,1.689028308382E+01
6,0.3730,1.065453546230E+02,3.037995898525E+01,1.684500082354E+01
6,0.3740,1.057217787729E+02,2.824073396088E+01,1.679996071438E+01
6,0.3750,1.049018265818E+02,2.611291813664E+01,1.675516081915E+01
6,0.3760,1.040854838056E+02,2.399642048168E+01,1.671059922122E+01
6,0.3770,1.032726638119E+02,2.189115093098E+01,1.666627402435E+01
6,0.3780,1.024633678867E+02,1.979702037262E+01,1.662218335233E+01
6,0.3790,1.016575296363E+02,1.771394063515E+01,1.657832534876E+01
6,0.3800,1.008551329941E+02,1.564182447524E+01,1.653469817679E+01
6,0.3810,9.951839757048E+01,1.477455568688E+01,1.649130001884E+01
6,0.3820,9.818630362878E+01,1.391182757281E+01,1.644812907639E+01
6,0.3830,9.685876300246E+01,1.305360456638E+01,1.640518356966E+01
6,0.3840,9.553565739319E+01,1.219985147144E+01,1.636246173745E+01
6,0.3850,9.421687188901E+01,1.135053345752E+01,1.631996183683E+01
6,0.3860,9.290228369437E+01,1.050561605506E+01,1.627768214295E+01
6,0.3870,9.159180451833E+01,9.665065150811E+00,1.623562094878E+01
6,0.3880,9.028531664710E+01,8.828846983181E+00,1.619377656490E+01
6,0.3890,8.898267221847E+01,7.996928137750E+00,1.615214731923E+01
6,0.3900,8.768376412501E+01,7.169275542807E+00,1.611073155687E+01
6,0.3910,8.665596971503E+01,6.911503837898E+00,1.606952763985E+01
6,0.3920,8.563145636702E+01,6.655047294747E+00,1.602853394689E+01
6,0.3930,8.461016362955E+01,6.399895873954E+00,1.598774887323E+01
6,0.3940,8.359201863803E+01,6.146039638038E+00,1.594717083041E+01
6,0.3950,8.257693309987E+01,5.893468750152E+00,1.590679824602E+01
6,0.3960,8.156482049222E+01,5.642173472811E+00,1.586662956358E+01
6,0.3970,8.055563730060E+01,5.392144166640E+00,1.582666324227E+01
6,0.3980,7.954926707520E+01,5.143371289143E+00,1.578689775673E+01
6,0.3990,7.854565405838E+01,4.895845393489E+00,1.574733159694E+01
6,0.4000,7.754470825063E+01,4.649557127313E+00,1.570796326795E+01
6,0.4010,7.679863387933E+01,4.529847561859E+00,1.566879128972E+01
6,0.4020,7.605490115884E+01,4.410733566383E+00,1.562981419696E+01
6,0.4030,7.531346427994E+01,4.292210707361E+00,1.559103053891E+01
6,0.4040,7.457427437727E+01,4.174274595166E+00,1.555243887916E+01
6,0.4050,7.383730684919E+01,4.056920883525E+00,1.551403779551E+01
6,0.4060,7.310249752904E+01,3.940145268985E+00,1.547582587975E+01
6,0.4070,7.236980565734E+01,3.823943490389E+00,1.543780173754E+01
6,0.4080,7.163919024571E+01,3.708311328355E+00,1.539996398819E+01
6,0.4090,7.091061010438E+01,3.593244604766E+00,1.536231126450E+01
6,0.4100,7.018400413193E+01,3.478739182268E+00,1.532484221263E+01
6,0.4110,6.958577028114E+01,3.392308563657E+00,1.528755549192E+01
6,0.4120,6.898932153981E+01,3.306297511157E+00,1.525044977471E+01
6,0.4130,6.839465177327E+01,3.220702977070E+00,1.521352374620E+01
6,0.4140,6.780171090645E+01,3.135521943148E+00,1.517677610430E+01
6,0.4150,6.721047324584E+01,3.050751420233E+00,1.514020555947E+01
6,0.4160,6.662091597740E+01,2.966388447909E+00,1.510381083457E+01
6,0.4170,6.603299638967E+01,2.882430094157E+00,1.506759066470E+01
6,0.4180,6.544669607297E+01,2.798873455016E+00,1.503154379708E+01
6,0.4190,6.486197558087E+01,2.715715654249E+00,1.499566899088E+01
6,0.4200,6.427880098817E+01,2.632953843009E+00,1.495996501709E+01
6,0.4210,6.376883786548E+01,2.569986959374E+00,1.492443065838E+01
6,0.4220,6.326031868655E+01,2.507318496988E+00,1.488906470896E+01
6,0.4230,6.275320923865E+01,2.444946339389E+00,1.485386597442E+01
6,0.4240,6.224748629852E+01,2.382868390081E+00,1.481883327165E+01
6,0.4250,6.174313283066E+01,2.321082572299E+00,1.478396542866E+01
6,0.4260,6.124013311543E+01,2.259586828779E+00,1.474926128446E+01
6,0.4270,6.073845335596E+01,2.198379121528E+00,1.471471968895E+01
6,0.4280,6.023806049835E+01,2.137457431601E+00,1.468033950276E+01
6,0.4290,5.973894380251E+01,2.076819758877E+00,1.464611959716E+01
6,0.4300,5.924106733226E+01,2.016464121839E+00,1.461205885391E+01
6,0.4310,5.880193738032E+01,1.966593266679E+00,1.457815616515E+01
6,0.4320,5.836396648568E+01,1.916953295107E+00,1.454441043329E+01
6,0.4330,5.792715838816E+01,1.867542607469E+00,1.451082057085E+01
6,0.4340,5.749149200725E+01,1.818359618852E+00,1.447738550041E+01
6,0.4350,5.705692185994E+01,1.769402758918E+00,1.444410415444E+01
6,0.4360,5.662345732935E+01,1.720670471737E+00,1.441097547518E+01
6,0.4370,5.619106348326E+01,1.672161215618E+00,1.437799841460E+01
6,0.4380,5.575972292915E+01,1.623873462951E+00,1.434517193420E+01
6,0.4390,5.532941959139E+01,1.575805700047E+00,1.431249500496E+01
6,0.4400,5.490013815068E+01,1.527956426973E+00,1.427996660723E+01
6,0.4410,5.449967386999E+01,1.495002020225E+00,1.424758573057E+01
6,0.4420,5.410019354616E+01,1.462196728440E+00,1.421535137371E+01
6,0.4430,5.370166509072E+01,1.429539541810E+00,1.418326254442E+01
6,0.4440,5.330407085252E+01,1.397029459624E+00,1.415131825941E+01
6,0.4450,5.290738864635E+01,1.364665490167E+00,1.411951754422E+01
6,0.4460,5.251162291384E+01,1.332446650618E+00,1.408785943314E+01
6,0.4470,5.211673741514E+01,1.300371966950E+00,1.405634296908E+01
6,0.4480,5.172272223378E+01,1.268440473834E+00,1.402496720353E+01
6,0.4490,5.132956772429E+01,1.236651214541E+00,1.399373119639E+01
6,0.4500,5.093723836717E+01,1.205003240845E+00,1.396263401595E+01
6,0.4510,5.057528253480E+01,1.181543941427E+00,1.393167473876E+01
6,0.4520,5.021414711877E+01,1.158188444218E+00,1.390085244951E+01
6,0.4530,4.985377784256E+01,1.134936061787E+00,1.387016624101E+01
6,0.4540,4.949420271027E+01,1.111786112760E+00,1.383961521405E+01
6,0.4550,4.913537205449E+01,1.088737921749E+00,1.380919847732E+01
6,0.4560,4.877729632734E+01,1.065790819296E+00,1.377891514732E+01
6,0.4570,4.841994394131E+01,1.042944141799E+00,1.374876434831E+01
6,0.4580,4.806331277953E+01,1.020197231453E+00,1.371874521218E+01
6,0.4590,4.770736982188E+01,9.975494361844E-01,1.368885687839E+01
6,0.4600,4.735213420194E+01,9.750001095908E-01,1.365909849387E+01
6,0.4610,4.702191732812E+01,9.602165502576E-01,1.362946921297E+01
6,0.4620,4.669237213972E+01,9.454969890167E-01,1.359996819736E+01
6,0.4630,4.636347322795E+01,9.308410111938E-01,1.357059461594E+01
6,0.4640,4.603521760812E+01,9.162482056890E-01,1.354134764478E+01
6,0.4650,4.570758372411E+01,9.017181649391E-01,1.351222646705E+01
6,0.4660,4.538056271539E+01,8.872504848791E-01,1.348323027292E+01
6,0.4670,4.505414077558E+01,8.728447649050E-01,1.345435825949E+01
6,0.4680,4.472830222245E+01,8.585006078367E-01,1.342560963073E+01
6,0.4690,4.440303469155E+01,8.442176198818E-01,1.339698359740E+01
6,0.4700,4.407833153214E+01,8.299954105990E-01,1.336847937698E+01
6,0.4710,4.377511735087E+01,8.187857561508E-01,1.334009619359E+01
6,0.4720,4.347246134816E+01,8.076236002383E-01,1.331183327792E+01
6,0.4730,4.317031688740E+01,7.965086416024E-01,1.328368986719E+01
6,0.4740,4.286870396003E+01,7.854405815261E-01,1.325566520502E+01
6,0.4750,4.256760795522E+01,7.744191238081E-01,1.322775854143E+01
6,0.4760,4.226701161909E+01,7.634439747359E-01,1.319996913273E+01
6,0.4770,4.196689465841E+01,7.525148430602E-01,1.317229624147E+01
6,0.4780,4.166727283122E+01,7.416314399690E-01,1.314473913636E+01
6,0.4790,4.136809735846E+01,7.307934790619E-01,1.311729709223E+01
6,0.4800,4.106938115428E+01,7.200006763252E-01,1.308996938996E+01
6,0.4810,4.078688002231E+01,7.108320372249E-01,1.306275531638E+01
6,0.4820,4.050482343405E+01,7.017014422703E-01,1.303565416427E+01
6,0.4830,4.022321505703E+01,6.926086551623E-01,1.300866523226E+01
6,0.4840,3.994201651475E+01,6.835534415547E-01,1.298178782475E+01
6,0.4850,3.966122404149E+01,6.745355690342E-01,1.295502125192E+01
6,0.4860,3.938084403349E+01,6.655548071001E-01,1.292836482959E+01
6,0.4870,3.910086038745E+01,6.566109271453E-01,1.290181787922E+01
6,0.4880,3.882123395053E+01,6.477037024362E-01,1.287537972783E+01
6,0.4890,3.854200315275E+01,6.388329080940E-01,1.284904970793E+01
6,0.4900,3.826311305610E+01,6.299983210756E-01,1.282282715751E+01
6,0.4910,3.800749957273E+01,6.223603818808E-01,1.279671141992E+01
6,0.4920,3.775226139042E+01,6.147534912194E-01,1.277070184386E+01
6,0.4930,3.749736947474E+01,6.071774601550E-01,1.274479778333E+01
6,0.4940,3.724282561957E+01,5.996321012811E-01,1.271899859753E+01
6,0.4950,3.698862008138E+01,5.921172287057E-01,1.269330365087E+01
6,0.4960,3.673474856069E+01,5.846326580358E-01,1.266771231286E+01
6,0.4970,3.648120347777E+01,5.771782063626E-01,1.264222395811E+01
6,0.4980,3.622794869062E+01,5.697536922463E-01,1.261683796622E+01
6,0.4990,3.597501944332E+01,5.623589357017E-01,1.259155372180E+01
6,0.5000,3.572236770123E+01,5.549937581832E-01,1.256637061436E+01
6,0.5010,3.547531483591E+01,5.478686762100E-01,1.254128803828E+01
6,0.5020,3.522856345744E+01,5.407719810176E-01,1.251630539279E+01
6,0.5030,3.498206328854E+01,5.337035033011E-01,1.249142208187E+01
6,0.5040,3.473583574175E+01,5.266630750993E-01,1.246663751425E+01
6,0.5050,3.448986539521E+01,5.196505297815E-01,1.244195110333E+01
6,0.5060,3.424413961214E+01,5.126657020341E-01,1.241736226715E+01
6,0.5070,3.399864368209E+01,5.057084278479E-01,1.239287042836E+01
6,0.5080,3.375336025622E+01,4.987785445049E-01,1.236847501413E+01
6,0.5090,3.350831270373E+01,4.918758905661E-01,1.234417545615E+01
6,0.5100,3.326346370057E+01,4.850003058583E-01,1.231997119055E+01
6,0.5110,3.302777233545E+01,4.804214475246E-01,1.229586165789E+01
6,0.5120,3.279228758555E+01,4.758604753562E-01,1.227184630309E+01
6,0.5130,3.255699535271E+01,4.713172847558E-01,1.224792457540E+01
6,0.5140,3.232189681542E+01,4.667917719397E-01,1.222409592836E+01
6,0.5150,3.208698164552E+01,4.622838339308E-01,1.220035981977E+01
6,0.5160,3.185222597918E+01,4.577933685497E-01,1.217671571159E+01
6,0.5170,3.161763517694E+01,4.533202744081E-01,1.215316306998E+01
6,0.5180,3.138318086024E+01,4.488644509002E-01,1.212970136521E+01
6,0.5190,3.114888935730E+01,4.444257981958E-01,1.210633007164E+01
6,0.5200,3.091471136041E+01,4.400042172326E-01,1.208304866765E+01
6,0.5210,3.069155576192E+01,4.351714847982E-01,1.205985663566E+01
6,0.5220,3.046854870670E+01,4.303572685800E-01,1.203675346203E+01
6,0.5230,3.024566401403E+01,4.255614623665E-01,1.201373863705E+01
6,0.5240,3.002291126900E+01,4.207839607569E-01,1.199081165492E+01
6,0.5250,2.980026186766E+01,4.160246591534E-01,1.196797201368E+01
6,0.5260,2.957774929578E+01,4.112834537537E-01,1.194521921517E+01
6,0.5270,2.935531802923E+01,4.065602415434E-01,1.192255276505E+01
6,0.5280,2.913297074276E+01,4.018549202884E-01,1.189997217269E+01
6,0.5290,2.891071994701E+01,3.971673885278E-01,1.187747695119E+01
6,0.5300,2.868852564487E+01,3.924975455662E-01,1.185506661732E+01
6,0.5310,2.847192345783E+01,3.884298288572E-01,1.183274069149E+01
6,0.5320,2.825539796759E+01,3.843774043163E-01,1.181049869771E+01
6,0.5330,2.803893054891E+01,3.803401858712E-01,1.178834016356E+01
6,0.5340,2.782252701466E+01,3.763180880945E-01,1.176626462019E+01
6,0.5350,2.760617533986E+01,3.723110261973E-01,1.174427160220E+01
6,0.5360,2.738984678116E+01,3.683189160236E-01,1.172236064772E+01
6,0.5370,2.717356487130E+01,3.643416740442E-01,1.170053129829E+01
6,0.5380,2.695730118619E+01,3.603792173510E-01,1.167878309885E+01
6,0.5390,2.674104637936E+01,3.564314636510E-01,1.165711559774E+01
6,0.5400,2.652479924556E+01,3.524983312611E-01,1.163552834663E+01
6,0.5410,2.631603161005E+01,3.491441805176E-01,1.161402090052E+01
6,0.5420,2.610728056214E+01,3.458024067141E-01,1.159259281767E+01
6,0.5430,2.589853945186E+01,3.424729414697E-01,1.157124365963E+01
6,0.5440,2.568979782916E+01,3.391557169064E-01,1.154997299114E+01
6,0.5450,2.548104774325E+01,3.358506656442E-01,1.152878038015E+01
6,0.5460,2.527229172332E+01,3.325577207969E-01,1.150766539776E+01
6,0.5470,2.506352407321E+01,3.292768159674E-01,1.148662761824E+01
6,0.5480,2.485471135839E+01,3.260078852430E-01,1.146566661894E+01
6,0.5490,2.464586781964E+01,3.227508631916E-01,1.144478198029E+01
6,0.5500,2.443697797341E+01,3.195056848567E-01,1.142397328578E+01
6,0.5510,2.423374592772E+01,3.164057036630E-01,1.140324012192E+01
6,0.5520,2.403047684415E+01,3.133169542852E-01,1.138258207822E+01
6,0.5530,2.382717005902E+01,3.102393757912E-01,1.136199874716E+01
6,0.5540,2.362382914948E+01,3.071729076889E-01,1.134148972415E+01
6,0.5550,2.342042705746E+01,3.041174899221E-01,1.132105460753E+01
6,0.5560,2.321698702282E+01,3.010730628667E-01,1.130069299852E+01
6,0.5570,2.301347395253E+01,2.980395673267E-01,1.128040450122E+01
6,0.5580,2.280990238763E+01,2.950169445307E-01,1.126018872254E+01
6,0.5590,2.260627018014E+01,2.920051361274E-01,1.124004527224E+01
6,0.5600,2.240256123111E+01,2.890040841827E-01,1.121997376282E+01
6,0.5610,2.220265403962E+01,2.866666896486E-01,1.119997380959E+01
6,0.5620,2.200268771838E+01,2.843376132444E-01,1.118004503057E+01
6,0.5630,2.180267136049E+01,2.820168106464E-01,1.116018704650E+01
6,0.5640,2.160258053564E+01,2.797042378447E-01,1.114039948081E+01
6,0.5650,2.140243375615E+01,2.773998511415E-01,1.112068195961E+01
6,0.5660,2.120222221000E+01,2.751036071475E-01,1.110103411162E+01
6,0.5670,2.100196716282E+01,2.728154627795E-01,1.108145556822E+01
6,0.5680,2.080165291537E+01,2.705353752579E-01,1.106194596334E+01
6,0.5690,2.060129033179E+01,2.682633021037E-01,1.104250493353E+01
6,0.5700,2.040090101506E+01,2.659992011361E-01,1.102313211786E+01
6,0.5710,2.020638716844E+01,2.637650381238E-01,1.100382715793E+01
6,0.5720,2.001188271994E+01,2.615386868703E-01,1.098458969787E+01
6,0.5730,1.981738241428E+01,2.593201064764E-01,1.096541938426E+01
6,0.5740,1.962291542650E+01,2.571092563277E-01,1.094631586617E+01
6,0.5750,1.942850207743E+01,2.549060960926E-01,1.092727879509E+01
6,0.5760,1.923414840473E+01,2.527105857194E-01,1.090830782496E+01
6,0.5770,1.903991053925E+01,2.505226854341E-01,1.088940261210E+01
6,0.5780,1.884579708549E+01,2.483423557381E-01,1.087056281519E+01
6,0.5790,1.865187136696E+01,2.461695574055E-01,1.085178809530E+01
6,0.5800,1.845815313021E+01,2.440042514809E-01,1.083307811583E+01
6,0.5810,1.826868064706E+01,2.420237559709E-01,1.081443254248E+01
6,0.5820,1.807955193314E+01,2.400500662874E-01,1.079585104326E+01
6,0.5830,1.789085384462E+01,2.380831474090E-01,1.077733328847E+01
6,0.5840,1.770264231918E+01,2.361229645541E-01,1.075887895065E+01
6,0.5850,1.751505259776E+01,2.341694831791E-01,1.074048770458E+01
6,0.5860,1.732820424189E+01,2.322226689760E-01,1.072215922727E+01
6,0.5870,1.714226092073E+01,2.302824878708E-01,1.070389319792E+01
6,0.5880,1.695742683123E+01,2.283489060209E-01,1.068568929792E+01
6,0.5890,1.677395254996E+01,2.264218898141E-01,1.066754721083E+01
6,0.5900,1.659216752509E+01,2.245014058655E-01,1.064946662234E+01
6,0.5910,1.641621452800E+01,2.229021118543E-01,1.063144722027E+01
6,0.5920,1.624281076554E+01,2.213082208635E-01,1.061348869456E+01
6,0.5930,1.607264386824E+01,2.197197055589E-01,1.059559073723E+01
6,0.5940,1.590675308864E+01,2.181365387908E-01,1.057775304239E+01
6,0.5950,1.574671568987E+01,2.165586935916E-01,1.055997530618E+01
6,0.5960,1.559507293271E+01,2.149861431749E-01,1.054225722681E+01
6,0.5970,1.545677333194E+01,2.134188609339E-01,1.052459850449E+01
6,0.5980,1.534377971377E+01,2.118568204394E-01,1.050699884144E+01
6,0.3000,9.455524616308E+01,8.867668863533E+01,2.094395102393E+01
6,0.3010,9.450642198054E+01,8.705447177761E+01,2.087436979129E+01
6,0.3020,9.445725132781E+01,8.544299807790E+01,2.080524936152E+01
6,0.3030,9.440840305951E+01,8.384216116828E+01,2.073658517221E+01
6,0.3040,9.435990548259E+01,8.225185608043E+01,2.066837272099E+01
6,0.3050,9.431175086779E+01,8.067197922267E+01,2.060060756452E+01
6,0.3060,9.426392998437E+01,7.910242835745E+01,2.053328531758E+01
6,0.3070,9.421643212929E+01,7.754310257929E+01,2.046640165205E+01
6,0.3080,9.416926836130E+01,7.599390229320E+01,2.039995229604E+01
6,0.3090,9.412243041931E+01,7.445472919343E+01,2.033393303294E+01
6,0.3100,9.407590279339E+01,7.292548624268E+01,2.026833970058E+01
6,0.3110,9.368673782991E+01,7.209500568704E+01,2.020316819029E+01
6,0.3120,9.329949551163E+01,7.126984872471E+01,2.013841444609E+01
6,0.3130,9.291444644584E+01,7.044996433082E+01,2.007407446383E+01
6,0.3140,9.253156406430E+01,6.963530213053E+01,2.001014429038E+01
6,0.3150,9.215085953626E+01,6.882581238864E+01,1.994662002279E+01
6,0.3160,9.177230173565E+01,6.802144599956E+01,1.988349780753E+01
6,0.3170,9.139585013626E+01,6.722215447729E+01,1.982077383968E+01
6,0.3180,9.102151108361E+01,6.642788994572E+01,1.975844436220E+01
6,0.3190,9.064925581817E+01,6.563860512908E+01,1.969650566514E+01
6,0.3200,9.027905829271E+01,6.485425334254E+01,1.963495408494E+01
6,0.3210,9.011049353248E+01,6.425486731426E+01,1.957378600367E+01
6,0.3220,8.994272963253E+01,6.365920418057E+01,1.951299784838E+01
6,0.3230,8.977605652133E+01,6.306722936349E+01,1.945258609034E+01
6,0.3240,8.961046717365E+01,6.247890871195E+01,1.939254724438E+01
6,0.3250,8.944595858226E+01,6.189420849519E+01,1.933287786824E+01
6,0.3260,8.928252684057E+01,6.131309539632E+01,1.927357456190E+01
6,0.3270,8.912013531112E+01,6.073553650601E+01,1.921463396691E+01
6,0.3280,8.895880577937E+01,6.016149931624E+01,1.915605276579E+01
6,0.3290,8.879851620220E+01,5.959095171426E+01,1.909782768140E+01
6,0.3300,8.863926740284E+01,5.902386197654E+01,1.903995547630E+01
6,0.3310,8.852970037772E+01,5.861205822652E+01,1.898243295220E+01
6,0.3320,8.842104191580E+01,5.820273522199E+01,1.892525694934E+01
6,0.3330,8.831319100655E+01,5.779587061388E+01,1.886842434588E+01
6,0.3340,8.820597187936E+01,5.739144232079E+01,1.881193205742E+01
6,0.3350,8.809935876458E+01,5.698942852497E+01,1.875577703636E+01
6,0.3360,8.799336481383E+01,5.658980766841E+01,1.869995627137E+01
6,0.3370,8.788796438210E+01,5.619255844899E+01,1.864446678688E+01
6,0.3380,8.778317230307E+01,5.579765981666E+01,1.858930564254E+01
6,0.3390,8.767896021191E+01,5.540509096977E+01,1.853446993268E+01
6,0.3400,8.757534421168E+01,5.501483135139E+01,1.847995678582E+01
6,0.3410,8.765140033041E+01,5.478163705799E+01,1.842576336416E+01
6,0.3420,8.772699867006E+01,5.454980647391E+01,1.837188686310E+01
6,0.3430,8.780215581102E+01,5.431932767166E+01,1.831832451073E+01
6,0.3440,8.787685708115E+01,5.409018886245E+01,1.826507356738E+01
6,0.3450,8.795112454442E+01,5.386237839416E+01,1.821213132516E+01
6,0.3460,8.802495793809E+01,5.363588474938E+01,1.815949510746E+01
6,0.3470,8.809833916944E+01,5.341069654348E+01,1.810716226853E+01
6,0.3480,8.817129188785E+01,5.318680252267E+01,1.805513019304E+01
6,0.3490,8.824383421455E+01,5.296419156215E+01,1.800339629564E+01
6,0.3500,8.831594040028E+01,5.274285266427E+01,1.795195802051E+01
6,0.3510,8.906396570436E+01,5.264271040272E+01,1.790081284097E+01
6,0.3520,8.980655974711E+01,5.254313713129E+01,1.784995825903E+01
6,0.3530,9.054383701079E+01,5.244412801437E+01,1.779939180504E+01
6,0.3540,9.127585519271E+01,5.234567827100E+01,1.774911103723E+01
6,0.3550,9.200269609461E+01,5.224778317407E+01,1.769911354135E+01
6,0.3560,9.272444261372E+01,5.215043804959E+01,1.764939693028E+01
6,0.3570,9.344117284345E+01,5.205363827595E+01,1.759995884364E+01
6,0.3580,9.415293581714E+01,5.195737928317E+01,1.755079694743E+01
6,0.3590,9.485982905351E+01,5.186165655219E+01,1.750190893365E+01
6,0.3600,9.556189747214E+01,5.176646561415E+01,1.745329251994E+01
6,0.3610,9.689549017404E+01,5.023937503926E+01,1.740494544925E+01
6,0.3620,9.821868949955E+01,4.872072142888E+01,1.735686548945E+01
6,0.3630,9.953173831398E+01,4.721043505601E+01,1.730905043300E+01
6,0.3640,1.008348623985E+02,4.570844695992E+01,1.726149809665E+01
6,0.3650,1.021282236176E+02,4.421468893559E+01,1.721420632104E+01
6,0.3660,1.034120641937E+02,4.272909352342E+01,1.716717297044E+01
6,0.3670,1.046865478471E+02,4.125159399904E+01,1.712039593237E+01
6,0.3680,1.059518360185E+02,3.978212436339E+01,1.707387311734E+01
6,0.3690,1.072081329003E+02,3.832061933281E+01,1.702760245848E+01
6,0.3700,1.084555738419E+02,3.686701432942E+01,1.698158191130E+01
6,0.3710,1.076125313673E+02,3.469300566511E+01,1.693580945331E+01
6,0.3720,1.067730747326E+02,3.253068521943E+01,1.689028308382E+01
6,0.3730,1.059371919778E+02,3.037995898525E+01,1.684500082354E+01
6,0.3740,1.051048131230E+02,2.824073396088E+01,1.679996071438E+01
6,0.3750,1.042759277479E+02,2.611291813664E+01,1.675516081915E+01
6,0.3760,1.034504599971E+02,2.399642048168E+01,1.671059922122E+01
6,0.3770,1.026283931203E+02,2.189115093098E+01,1.666627402435E+01
6,0.3780,1.018096662535E+02,1.979702037262E+01,1.662218335233E+01
6,0.3790,1.009942546707E+02,1.771394063515E+01,1.657832534876E+01
6,0.3800,1.001820917599E+02,1.564182447524E+01,1.653469817679E+01
6,0.3810,9.882866624094E+01,1.477455568688E+01,1.649130001884E+01
6,0.3820,9.747935393084E+01,1.391182757281E+01,1.644812907639E+01
6,0.3830,9.613398121994E+01,1.305360456638E+01,1.640518356966E+01
6,0.3840,9.479244628773E+01,1.219985147144E+01,1.636246173745E+01
6,0.3850,9.345458551340E+01,1.135053345752E+01,1.631996183683E+01
6,0.3860,9.212025740486E+01,1.050561605506E+01,1.627768214295E+01
6,0.3870,9.078935170499E+01,9.665065150811E+00,1.623562094878E+01
6,0.3880,8.946168598037E+01,8.828846983181E+00,1.619377656490E+01
6,0.3890,8.813709769915E+01,7.996928137750E+00,1.615214731923E+01
6,0.3900,8.681544255403E+01,7.169275542807E+00,1.611073155687E+01
6,0.3910,8.576898036202E+01,6.911503837898E+00,1.606952763985E+01
6,0.3920,8.472525844611E+01,6.655047294747E+00,1.602853394689E+01
6,0.3930,8.368419685180E+01,6.399895873954E+00,1.598774887323E+01
6,0.3940,8.264571217085E+01,6.146039638038E+00,1.594717083041E+01
6,0.3950,8.160968332078E+01,5.893468750152E+00,1.590679824602E+01
6,0.3960,8.057601106070E+01,5.642173472811E+00,1.586662956358E+01
6,0.3970,7.954459421183E+01,5.392144166640E+00,1.582666324227E+01
6,0.3980,7.851532348369E+01,5.143371289143E+00,1.578689775673E+01
6,0.3990,7.748810041370E+01,4.895845393489E+00,1.574733159694E+01
6,0.4000,7.646279493485E+01,4.649557127313E+00,1.570796326795E+01
6,0.4010,7.569799584325E+01,4.529847561859E+00,1.566879128972E+01
6,0.4020,7.493512055740E+01,4.410733566383E+00,1.562981419696E+01
6,0.4030,7.417410176830E+01,4.292210707361E+00,1.559103053891E+01
6,0.4040,7.341488054974E+01,4.174274595166E+00,1.555243887916E+01
6,0.4050,7.265740960877E+01,4.056920883525E+00,1.551403779551E+01
6,0.4060,7.190163628910E+01,3.940145268985E+00,1.547582587975E+01
6,0.4070,7.114748028044E+01,3.823943490389E+00,1.543780173754E+01
6,0.4080,7.039490160086E+01,3.708311328355E+00,1.539996398819E+01
6,0.4090,6.964382410141E+01,3.593244604766E+00,1.536231126450E+01
6,0.4100,6.889418866866E+01,3.478739182268E+00,1.532484221263E+01
6,0.4110,6.827647382517E+01,3.392308563657E+00,1.528755549192E+01
6,0.4120,6.766018655181E+01,3.306297511157E+00,1.525044977471E+01
6,0.4130,6.704528268209E+01,3.220702977070E+00,1.521352374620E+01
6,0.4140,6.643171060572E+01,3.135521943148E+00,1.517677610430E+01
6,0.4150,6.581944686761E+01,3.050751420233E+00,1.514020555947E+01
6,0.4160,6.520843934585E+01,2.966388447909E+00,1.510381083457E+01
6,0.4170,6.459863516474E+01,2.882430094157E+00,1.506759066470E+01
6,0.4180,6.399001645868E+01,2.798873455016E+00,1.503154379708E+01
6,0.4190,6.338249722979E+01,2.715715654249E+00,1.499566899088E+01
6,0.4200,6.277608629284E+01,2.632953843009E+00,1.495996501709E+01
6,0.4210,6.224530677633E+01,2.569986959374E+00,1.492443065838E+01
6,0.4220,6.171560530002E+01,2.507318496988E+00,1.488906470896E+01
6,0.4230,6.118694451391E+01,2.444946339389E+00,1.485386597442E+01
6,0.4240,6.065928954876E+01,2.382868390081E+00,1.481883327165E+01
6,0.4250,6.013260293163E+01,2.321082572299E+00,1.478396542866E+01
6,0.4260,5.960686752609E+01,2.259586828779E+00,1.474926128446E+01
6,0.4270,5.908202195031E+01,2.198379121528E+00,1.471471968895E+01
6,0.4280,5.855804564094E+01,2.137457431601E+00,1.468033950276E+01
6,0.4290,5.803491138074E+01,2.076819758877E+00,1.464611959716E+01
6,0.4300,5.751257651111E+01,2.016464121839E+00,1.461205885391E+01
6,0.4310,5.705138066745E+01,1.966593266679E+00,1.457815616515E+01
6,0.4320,5.659101928210E+01,1.916953295107E+00,1.454441043329E+01
6,0.4330,5.613143196222E+01,1.867542607469E+00,1.451082057085E+01
6,0.4340,5.567260553482E+01,1.818359618852E+00,1.447738550041E+01
6,0.4350,5.521450553351E+01,1.769402758918E+00,1.444410415444E+01
6,0.4360,5.475711048791E+01,1.720670471737E+00,1.441097547518E+01
6,0.4370,5.430038982287E+01,1.672161215618E+00,1.437799841460E+01
6,0.4380,5.384431295457E+01,1.623873462951E+00,1.434517193420E+01
6,0.4390,5.338885823392E+01,1.575805700047E+00,1.431249500496E+01
6,0.4400,5.293399448739E+01,1.527956426973E+00,1.427996660723E+01
6,0.4410,5.250918269911E+01,1.495002020225E+00,1.424758573057E+01
6,0.4420,5.208496131564E+01,1.462196728440E+00,1.421535137371E+01
6,0.4430,5.166129642816E+01,1.429539541810E+00,1.418326254442E+01
6,0.4440,5.123815906968E+01,1.397029459624E+00,1.415131825941E+01
6,0.4450,5.081554512019E+01,1.364665490167E+00,1.411951754422E+01
6,0.4460,5.039338833977E+01,1.332446650618E+00,1.408785943314E+01
6,0.4470,4.997169863234E+01,1.300371966950E+00,1.405634296908E+01
6,0.4480,4.955042845742E+01,1.268440473834E+00,1.402496720353E+01
6,0.4490,4.912956092187E+01,1.236651214541E+00,1.399373119639E+01
6,0.4500,4.870906038844E+01,1.205003240845E+00,1.396263401595E+01
6,0.4510,4.832059967215E+01,1.181543941427E+00,1.393167473876E+01
6,0.4520,4.793254407988E+01,1.158188444218E+00,1.390085244951E+01
6,0.4530,4.754484571094E+01,1.134936061787E+00,1.387016624101E+01
6,0.4540,4.715751962362E+01,1.111786112760E+00,1.383961521405E+01
6,0.4550,4.677049710930E+01,1.088737921749E+00,1.380919847732E+01
6,0.4560,4.638376592321E+01,1.065790819296E+00,1.377891514732E+01
6,0.4570,4.599732055555E+01,1.042944141799E+00,1.374876434831E+01
6,0.4580,4.561112975201E+01,1.020197231453E+00,1.371874521218E+01
6,0.4590,4.522515008799E+01,9.975494361844E-01,1.368885687839E+01
6,0.4600,4.483938077857E+01,9.750001095908E-01,1.365909849387E+01
6,0.4610,4.448025247699E+01,9.602165502576E-01,1.362946921297E+01
6,0.4620,4.412134208453E+01,9.454969890167E-01,1.359996819736E+01
6,0.4630,4.376265214464E+01,9.308410111938E-01,1.357059461594E+01
6,0.4640,4.340414091333E+01,9.162482056890E-01,1.354134764478E+01
6,0.4650,4.304579369712E+01,9.017181649391E-01,1.351222646705E+01
6,0.4660,4.268757462430E+01,8.872504848791E-01,1.348323027292E+01
6,0.4670,4.232948746707E+01,8.728447649050E-01,1.345435825949E+01
6,0.4680,4.197149563184E+01,8.585006078367E-01,1.342560963073E+01
6,0.4690,4.161354891681E+01,8.442176198818E-01,1.339698359740E+01
6,0.4700,4.125566237729E+01,8.299954105990E-01,1.336847937698E+01
6,0.4710,4.092088270156E+01,8.187857561508E-01,1.334009619359E+01
6,0.4720,4.058617353951E+01,8.076236002383E-01,1.331183327792E+01
6,0.4730,4.025153319381E+01,7.965086416024E-01,1.328368986719E+01
6,0.4740,3.991692981591E+01,7.854405815261E-01,1.325566520502E+01
6,0.4750,3.958233899126E+01,7.744191238081E-01,1.322775854143E+01
6,0.4760,3.924775174081E+01,7.634439747359E-01,1.319996913273E+01
6,0.4770,3.891312280517E+01,7.525148430602E-01,1.317229624147E+01
6,0.4780,3.857845797407E+01,7.416314399690E-01,1.314473913636E+01
6,0.4790,3.824372356041E+01,7.307934790619E-01,1.311729709223E+01
6,0.4800,3.790888879230E+01,7.200006763252E-01,1.308996938996E+01
6,0.4810,3.759162580599E+01,7.108320372249E-01,1.306275531638E+01
6,0.4820,3.727428492586E+01,7.017014422703E-01,1.303565416427E+01
6,0.4830,3.695687685371E+01,6.926086551623E-01,1.300866523226E+01
6,0.4840,3.663936368023E+01,6.835534415547E-01,1.298178782475E+01
6,0.4850,3.632171996215E+01,6.745355690342E-01,1.295502125192E+01
6,0.4860,3.600393647320E+01,6.655548071001E-01,1.292836482959E+01
6,0.4870,3.568598602731E+01,6.566109271453E-01,1.290181787922E+01
6,0.4880,3.536786766238E+01,6.477037024362E-01,1.287537972783E+01
6,0.4890,3.504952429632E+01,6.388329080940E-01,1.284904970793E+01
6,0.4900,3.473094886038E+01,6.299983210756E-01,1.282282715751E+01
6,0.4910,3.443828509799E+01,6.223603818808E-01,1.279671141992E+01
6,0.4920,3.414548472153E+01,6.147534912194E-01,1.277070184386E+01
6,0.4930,3.385251848101E+01,6.071774601550E-01,1.274479778333E+01
6,0.4940,3.355938562978E+01,5.996321012811E-01,1.271899859753E+01
6,0.4950,3.326606469025E+01,5.921172287057E-01,1.269330365087E+01
6,0.4960,3.297252022563E+01,5.846326580358E-01,1.266771231286E+01
6,0.4970,3.267874552084E+01,5.771782063626E-01,1.264222395811E+01
6,0.4980,3.238474492945E+01,5.697536922463E-01,1.261683796622E+01
6,0.4990,3.209047562713E+01,5.623589357017E-01,1.259155372180E+01
6,0.5000,3.179591392607E+01,5.549937581832E-01,1.256637061436E+01
6,0.5010,3.150726158189E+01,5.478686762100E-01,1.254128803828E+01
6,0.5020,3.121833729149E+01,5.407719810176E-01,1.251630539279E+01
6,0.5030,3.092911636741E+01,5.337035033011E-01,1.249142208187E+01
6,0.5040,3.063959788690E+01,5.266630750993E-01,1.246663751425E+01
6,0.5050,3.034973943791E+01,5.196505297815E-01,1.244195110333E+01
6,0.5060,3.005955948042E+01,5.126657020341E-01,1.241736226715E+01
6,0.5070,2.976902094145E+01,5.057084278479E-01,1.239287042836E+01
6,0.5080,2.947814134655E+01,4.987785445049E-01,1.236847501413E+01
6,0.5090,2.918687173844E+01,4.918758905661E-01,1.234417545615E+01
6,0.5100,2.889522181786E+01,4.850003058583E-01,1.231997119055E+01
6,0.5110,2.861380153573E+01,4.804214475246E-01,1.229586165789E+01
6,0.5120,2.833205086497E+01,4.758604753562E-01,1.227184630309E+01
6,0.5130,2.804996605197E+01,4.713172847558E-01,1.224792457540E+01
6,0.5140,2.776752853824E+01,4.667917719397E-01,1.222409592836E+01
6,0.5150,2.748473062085E+01,4.622838339308E-01,1.220035981977E+01
6,0.5160,2.720159991194E+01,4.577933685497E-01,1.217671571159E+01
6,0.5170,2.691811204619E+01,4.533202744081E-01,1.215316306998E+01
6,0.5180,2.663429856034E+01,4.488644509002E-01,1.212970136521E+01
6,0.5190,2.635014662662E+01,4.444257981958E-01,1.210633007164E+01
6,0.5200,2.606568738827E+01,4.400042172326E-01,1.208304866765E+01
6,0.5210,2.579401881796E+01,4.351714847982E-01,1.205985663566E+01
6,0.5220,2.552213936308E+01,4.303572685800E-01,1.203675346203E+01
6,0.5230,2.525008180325E+01,4.255614623665E-01,1.201373863705E+01
6,0.5240,2.497786436747E+01,4.207839607569E-01,1.199081165492E+01
6,0.5250,2.470551534207E+01,4.160246591534E-01,1.196797201368E+01
6,0.5260,2.443309355215E+01,4.112834537537E-01,1.194521921517E+01
6,0.5270,2.416063636438E+01,4.065602415434E-01,1.192255276505E+01
6,0.5280,2.388819724497E+01,4.018549202884E-01,1.189997217269E+01
6,0.5290,2.361586901315E+01,3.971673885278E-01,1.187747695119E+01
6,0.5300,2.334372759819E+01,3.924975455662E-01,1.185506661732E+01
6,0.5310,2.307849230537E+01,3.884298288572E-01,1.183274069149E+01
6,0.5320,2.281365818700E+01,3.843774043163E-01,1.181049869771E+01
6,0.5330,2.254931722260E+01,3.803401858712E-01,1.178834016356E+01
6,0.5340,2.228564344167E+01,3.763180880945E-01,1.176626462019E+01
6,0.5350,2.202276268954E+01,3.723110261973E-01,1.174427160220E+01
6,0.5360,2.176086901836E+01,3.683189160236E-01,1.172236064772E+01
6,0.5370,2.150019012685E+01,3.643416740442E-01,1.170053129829E+01
6,0.5380,2.124094561025E+01,3.603792173510E-01,1.167878309885E+01
6,0.5390,2.098339226022E+01,3.564314636510E-01,1.165711559774E+01
6,0.5400,2.072787099125E+01,3.524983312611E-01,1.163552834663E+01
6,0.5410,2.048310954613E+01,3.491441805176E-01,1.161402090052E+01
6,0.5420,2.024089315419E+01,3.458024067141E-01,1.159259281767E+01
6,0.5430,2.000159795908E+01,3.424729414697E-01,1.157124365963E+01
6,0.5440,1.976566269814E+01,3.391557169064E-01,1.154997299114E+01
6,0.5450,1.953353568958E+01,3.358506656442E-01,1.152878038015E+01
6,0.5460,1.930571189887E+01,3.325577207969E-01,1.150766539776E+01
6,0.5470,1.908273559039E+01,3.292768159674E-01,1.148662761824E+01
6,0.5480,1.886513724601E+01,3.260078852430E-01,1.146566661894E+01
6,0.5490,1.865351664238E+01,3.227508631916E-01,1.144478198029E+01
6,0.5500,1.844844550121E+01,3.195056848567E-01,1.142397328578E+01
6,0.5510,1.825541481537E+01,3.164057036630E-01,1.140324012192E+01
6,0.5520,1.806962994479E+01,3.133169542852E-01,1.138258207822E+01
6,0.5530,1.789157534225E+01,3.102393757912E-01,1.136199874716E+01
6,0.5540,1.772163837694E+01,3.071729076889E-01,1.134148972415E+01
6,0.5550,1.756017209946E+01,3.041174899221E-01,1.132105460753E+01
6,0.5560,1.740741699149E+01,3.010730628667E-01,1.130069299852E+01
6,0.5570,1.726350031857E+01,2.980395673267E-01,1.128040450122E+01
6,0.5580,1.712846452320E+01,2.950169445307E-01,1.126018872254E+01
6,0.5590,1.700223965350E+01,2.920051361274E-01,1.124004527224E+01
6,0.5600,1.688465006312E+01,2.890040841827E-01,1.121997376282E+01
6,0.5610,1.677705231407E+01,2.866666896486E-01,1.119997380959E+01
6,0.5620,1.667722513850E+01,2.843376132444E-01,1.118004503057E+01
6,0.5630,1.658486228213E+01,2.820168106464E-01,1.116018704650E+01
6,0.5640,1.649956881174E+01,2.797042378447E-01,1.114039948081E+01
6,0.5650,1.642101937865E+01,2.773998511415E-01,1.112068195961E+01
6,0.5660,1.634884568689E+01,2.751036071475E-01,1.110103411162E+01
6,0.5670,1.628270994946E+01,2.728154627795E-01,1.108145556822E+01
6,0.5680,1.622233532526E+01,2.705353752579E-01,1.106194596334E+01
6,0.5690,1.616744313511E+01,2.682633021037E-01,1.104250493353E+01
6,0.5700,1.611782795036E+01,2.659992011361E-01,1.102313211786E+01
6,0.5710,1.607382941753E+01,2.637650381238E-01,1.100382715793E+01
6,0.5720,1.603456248807E+01,2.615386868703E-01,1.098458969787E+01
6,0.5730,1.600004044170E+01,2.593201064764E-01,1.096541938426E+01
7,0.3000,9.237548279818E+01,8.867668863533E+01,2.094395102393E+01
7,0.3010,9.232628009698E+01,8.705447177761E+01,2.087436979129E+01
7,0.3020,9.227693731603E+01,8.544299807790E+01,2.080524936152E+01
7,0.3030,9.222796572714E+01,8.384216116828E+01,2.073658517221E+01
7,0.3040,9.217931267649E+01,8.225185608043E+01,2.066837272099E+01
7,0.3050,9.213099508657E+01,8.067197922267E+01,2.060060756452E+01
7,0.3060,9.208298759337E+01,7.910242835745E+01,2.053328531758E+01
7,0.3070,9.203531679717E+01,7.754310257929E+01,2.046640165205E+01
7,0.3080,9.198796325192E+01,7.599390229320E+01,2.039995229604E+01
7,0.3090,9.194092627506E+01,7.445472919343E+01,2.033393303294E+01
7,0.3100,9.189420263810E+01,7.292548624268E+01,2.026833970058E+01
7,0.3110,9.149966969235E+01,7.209500568704E+01,2.020316819029E+01
7,0.3120,9.110716942515E+01,7.126984872471E+01,2.013841444609E+01
7,0.3130,9.071686562764E+01,7.044996433082E+01,2.007407446383E+01
7,0.3140,9.032875362546E+01,6.963530213053E+01,2.001014429038E+01
7,0.3150,8.994279018875E+01,6.882581238864E+01,1.994662002279E+01
7,0.3160,8.955897729572E+01,6.802144599956E+01,1.988349780753E+01
7,0.3170,8.917726940085E+01,6.722215447729E+01,1.982077383968E+01
7,0.3180,8.879767238785E+01,6.642788994572E+01,1.975844436220E+01
7,0.3190,8.842015851366E+01,6.563860512908E+01,1.969650566514E+01
7,0.3200,8.804471016985E+01,6.485425334254E+01,1.963495408494E+01
7,0.3210,8.787420225260E+01,6.425486731426E+01,1.957378600367E+01
7,0.3220,8.770455941992E+01,6.365920418057E+01,1.951299784838E+01
7,0.3230,8.753599700781E+01,6.306722936349E+01,1.945258609034E+01
7,0.3240,8.736846672474E+01,6.247890871195E+01,1.939254724438E+01
7,0.3250,8.720198619301E+01,6.189420849519E+01,1.933287786824E+01
7,0.3260,8.703653066978E+01,6.131309539632E+01,1.927357456190E+01
7,0.3270,8.687209207688E+01,6.073553650601E+01,1.921463396691E+01
7,0.3280,8.670868335232E+01,6.016149931624E+01,1.915605276579E+01
7,0.3290,8.654626246732E+01,5.959095171426E+01,1.909782768140E+01
7,0.3300,8.638482989330E+01,5.902386197654E+01,1.903995547630E+01
7,0.3310,8.627383949872E+01,5.861205822652E+01,1.898243295220E+01
7,0.3320,8.616365564962E+01,5.820273522199E+01,1.892525694934E+01
7,0.3330,8.605421401351E+01,5.779587061388E+01,1.886842434588E+01
7,0.3340,8.594539666056E+01,5.739144232079E+01,1.881193205742E+01
7,0.3350,8.583720879192E+01,5.698942852497E+01,1.875577703636E+01
7,0.3360,8.572962123492E+01,5.658980766841E+01,1.869995627137E+01
7,0.3370,8.562265927235E+01,5.619255844899E+01,1.864446678688E+01
7,0.3380,8.551630744088E+01,5.579765981666E+01,1.858930564254E+01
7,0.3390,8.541053652254E+01,5.540509096977E+01,1.853446993268E+01
7,0.3400,8.530537037769E+01,5.501483135139E+01,1.847995678582E+01
7,0.3410,8.538275659648E+01,5.478163705799E+01,1.842576336416E+01
7,0.3420,8.545969532690E+01,5.454980647391E+01,1.837188686310E+01
7,0.3430,8.553613949776E+01,5.431932767166E+01,1.831832451073E+01
7,0.3440,8.561214033181E+01,5.409018886245E+01,1.826507356738E+01
7,0.3450,8.568768988161E+01,5.386237839416E+01,1.821213132516E+01
7,0.3460,8.576280798407E+01,5.363588474938E+01,1.815949510746E+01
7,0.3470,8.583746012436E+01,5.341069654348E+01,1.810716226853E+01
7,0.3480,8.591167517348E+01,5.318680252267E+01,1.805513019304E+01
7,0.3490,8.598545960504E+01,5.296419156215E+01,1.800339629564E+01
7,0.3500,8.605878711110E+01,5.274285266427E+01,1.795195802051E+01
7,0.3510,8.681866967695E+01,5.264271040272E+01,1.790081284097E+01
7,0.3520,8.757293009519E+01,5.254313713129E+01,1.784995825903E+01
7,0.3530,8.832166580470E+01,5.244412801437E+01,1.779939180504E+01
7,0.3540,8.906494507606E+01,5.234567827100E+01,1.774911103723E+01
7,0.3550,8.980288255057E+01,5.224778317407E+01,1.769911354135E+01
7,0.3560,9.053552517251E+01,5.215043804959E+01,1.764939693028E+01
7,0.3570,9.126299539621E+01,5.205363827595E+01,1.759995884364E+01
7,0.3580,9.198531138737E+01,5.195737928317E+01,1.755079694743E+01
7,0.3590,9.270259649993E+01,5.186165655219E+01,1.750190893365E+01
7,0.3600,9.341488930891E+01,5.176646561415E+01,1.745329251994E+01
7,0.3610,9.476759466994E+01,5.023937503926E+01,1.740494544925E+01
7,0.3620,9.610947991319E+01,4.872072142888E+01,1.735686548945E+01
7,0.3630,9.744075506417E+01,4.721043505601E+01,1.730905043300E+01
7,0.3640,9.876167225849E+01,4.570844695992E+01,1.726149809665E+01
7,0.3650,1.000724356714E+02,4.421468893559E+01,1.721420632104E+01
7,0.3660,1.013732738622E+02,4.272909352342E+01,1.716717297044E+01
7,0.3670,1.026643628123E+02,4.125159399904E+01,1.712039593237E+01
7,0.3680,1.039459336585E+02,3.978212436339E+01,1.707387311734E+01
7,0.3690,1.052181371821E+02,3.832061933281E+01,1.702760245848E+01
7,0.3700,1.064811389564E+02,3.686701432942E+01,1.698158191130E+01
7,0.3710,1.056276575496E+02,3.469300566511E+01,1.693580945331E+01
7,0.3720,1.047777171858E+02,3.253068521943E+01,1.689028308382E+01
7,0.3730,1.039312874416E+02,3.037995898525E+01,1.684500082354E+01
7,0.3740,1.030883098060E+02,2.824073396088E+01,1.679996071438E+01
7,0.3750,1.022487576057E+02,2.611291813664E+01,1.675516081915E+01
7,0.3760,1.014126040275E+02,2.399642048168E+01,1.671059922122E+01
7,0.3770,1.005797610239E+02,2.189115093098E+01,1.666627402435E+01
7,0.3780,9.975020391773E+01,1.979702037262E+01,1.662218335233E+01
7,0.3790,9.892389896348E+01,1.771394063515E+01,1.657832534876E+01
7,0.3800,9.810080389712E+01,1.564182447524E+01,1.653469817679E+01
7,0.3810,9.672888744436E+01,1.477455568688E+01,1.649130001884E+01
7,0.3820,9.536082340708E+01,1.391182757281E+01,1.644812907639E+01
7,0.3830,9.399646308422E+01,1.305360456638E+01,1.640518356966E+01
7,0.3840,9.263567552905E+01,1.219985147144E+01,1.636246173745E+01
7,0.3850,9.127833879774E+01,1.135053345752E+01,1.631996183683E+01
7,0.3860,8.992427191423E+01,1.050561605506E+01,1.627768214295E+01
7,0.3870,8.857332413681E+01,9.665065150811E+00,1.623562094878E+01
7,0.3880,8.722536023890E+01,8.828846983181E+00,1.619377656490E+01
7,0.3890,8.588020309344E+01,7.996928137750E+00,1.615214731923E+01
7,0.3900,8.453769372513E+01,7.169275542807E+00,1.611073155687E+01
7,0.3910,8.347448184517E+01,6.911503837898E+00,1.606952763985E+01
7,0.3920,8.241386084326E+01,6.655047294747E+00,1.602853394689E+01
7,0.3930,8.135572252983E+01,6.399895873954E+00,1.598774887323E+01
7,0.3940,8.029997355752E+01,6.146039638038E+00,1.594717083041E+01
7,0.3950,7.924650120152E+01,5.893468750152E+00,1.590679824602E+01
7,0.3960,7.819520921680E+01,5.642173472811E+00,1.586662956358E+01
7,0.3970,7.714598873354E+01,5.392144166640E+00,1.582666324227E+01
7,0.3980,7.609873294110E+01,5.143371289143E+00,1.578689775673E+01
7,0.3990,7.505333113493E+01,4.895845393489E+00,1.574733159694E+01
7,0.4000,7.400965828200E+01,4.649557127313E+00,1.570796326795E+01
7,0.4010,7.323100262807E+01,4.529847561859E+00,1.566879128972E+01
7,0.4020,7.245419640405E+01,4.410733566383E+00,1.562981419696E+01
7,0.4030,7.167914639619E+01,4.292210707361E+00,1.559103053891E+01
7,0.4040,7.090580027088E+01,4.174274595166E+00,1.555243887916E+01
7,0.4050,7.013410373115E+01,4.056920883525E+00,1.551403779551E+01
7,0.4060,6.936401304018E+01,3.940145268985E+00,1.547582587975E+01
7,0.4070,6.859543747284E+01,3.823943490389E+00,1.543780173754E+01
7,0.4080,6.782831710714E+01,3.708311328355E+00,1.539996398819E+01
7,0.4090,6.706259649842E+01,3.593244604766E+00,1.536231126450E+01
7,0.4100,6.629821723263E+01,3.478739182268E+00,1.532484221263E+01
7,0.4110,6.566827992014E+01,3.392308563657E+00,1.528755549192E+01
7,0.4120,6.503970605033E+01,3.306297511157E+00,1.525044977471E+01
7,0.4130,6.441244011772E+01,3.220702977070E+00,1.521352374620E+01
7,0.4140,6.378645531530E+01,3.135521943148E+00,1.517677610430E+01
7,0.4150,6.316171581283E+01,3.050751420233E+00,1.514020555947E+01
7,0.4160,6.253814716908E+01,2.966388447909E+00,1.510381083457E+01
7,0.4170,6.191573002455E+01,2.882430094157E+00,1.506759066470E+01
7,0.4180,6.129440403943E+01,2.798873455016E+00,1.503154379708E+01
7,0.4190,6.067413394781E+01,2.715715654249E+00,1.499566899088E+01
7,0.4200,6.005488545544E+01,2.632953843009E+00,1.495996501709E+01
7,0.4210,5.951281862926E+01,2.569986959374E+00,1.492443065838E+01
7,0.4220,5.897178241964E+01,2.507318496988E+00,1.488906470896E+01
7,0.4230,5.843173214337E+01,2.444946339389E+00,1.485386597442E+01
7,0.4240,5.789264417506E+01,2.382868390081E+00,1.481883327165E+01
7,0.4250,5.735448012511E+01,2.321082572299E+00,1.478396542866E+01
7,0.4260,5.681719902047E+01,2.259586828779E+00,1.474926128446E+01
7,0.4270,5.628076117326E+01,2.198379121528E+00,1.471471968895E+01
7,0.4280,5.574513791719E+01,2.137457431601E+00,1.468033950276E+01
7,0.4290,5.521030370263E+01,2.076819758877E+00,1.464611959716E+01
7,0.4300,5.467620270460E+01,2.016464121839E+00,1.461205885391E+01
7,0.4310,5.420459833351E+01,1.966593266679E+00,1.457815616515E+01
7,0.4320,5.373377317254E+01,1.916953295107E+00,1.454441043329E+01
7,0.4330,5.326369936779E+01,1.867542607469E+00,1.451082057085E+01
7,0.4340,5.279433831169E+01,1.818359618852E+00,1.447738550041E+01
7,0.4350,5.232566241714E+01,1.769402758918E+00,1.444410415444E+01
7,0.4360,5.185765895679E+01,1.720670471737E+00,1.441097547518E+01
7,0.4370,5.139028041264E+01,1.672161215618E+00,1.437799841460E+01
7,0.4380,5.092349886096E+01,1.623873462951E+00,1.434517193420E+01
7,0.4390,5.045729104339E+01,1.575805700047E+00,1.431249500496E+01
7,0.4400,4.999163000177E+01,1.527956426973E+00,1.427996660723E+01
7,0.4410,4.955671011302E+01,1.495002020225E+00,1.424758573057E+01
7,0.4420,4.912233366575E+01,1.462196728440E+00,1.421535137371E+01
7,0.4430,4.868848393653E+01,1.429539541810E+00,1.418326254442E+01
7,0.4440,4.825513697402E+01,1.397029459624E+00,1.415131825941E+01
7,0.4450,4.782223057940E+01,1.364665490167E+00,1.411951754422E+01
7,0.4460,4.738978453994E+01,1.332446650618E+00,1.408785943314E+01
7,0.4470,4.695773924697E+01,1.300371966950E+00,1.405634296908E+01
7,0.4480,4.652608436905E+01,1.268440473834E+00,1.402496720353E+01
7,0.4490,4.609477090537E+01,1.236651214541E+00,1.399373119639E+01
7,0.4500,4.566378021984E+01,1.205003240845E+00,1.396263401595E+01
7,0.4510,4.526562712106E+01,1.181543941427E+00,1.393167473876E+01
7,0.4520,4.486782386453E+01,1.158188444218E+00,1.390085244951E+01
7,0.4530,4.447035431004E+01,1.134936061787E+00,1.387016624101E+01
7,0.4540,4.407318565225E+01,1.111786112760E+00,1.383961521405E+01
7,0.4550,4.367631411520E+01,1.088737921749E+00,1.380919847732E+01
7,0.4560,4.327969014825E+01,1.065790819296E+00,1.377891514732E+01
7,0.4570,4.288330041845E+01,1.042944141799E+00,1.374876434831E+01
7,0.4580,4.248712569986E+01,1.020197231453E+00,1.371874521218E+01
7,0.4590,4.209111695398E+01,9.975494361844E-01,1.368885687839E+01
7,0.4600,4.169524915679E+01,9.750001095908E-01,1.365909849387E+01
7,0.4610,4.132672590842E+01,9.602165502576E-01,1.362946921297E+01
7,0.4620,4.095838372123E+01,9.454969890167E-01,1.359996819736E+01
7,0.4630,4.059022335013E+01,9.308410111938E-01,1.357059461594E+01
7,0.4640,4.022218286126E+01,9.162482056890E-01,1.354134764478E+01
7,0.4650,3.985427451788E+01,9.017181649391E-01,1.351222646705E+01
7,0.4660,3.948645034046E+01,8.872504848791E-01,1.348323027292E+01
7,0.4670,3.911871472187E+01,8.728447649050E-01,1.345435825949E+01
7,0.4680,3.875100870669E+01,8.585006078367E-01,1.342560963073E+01
7,0.4690,3.838333034911E+01,8.442176198818E-01,1.339698359740E+01
7,0.4700,3.801563641918E+01,8.299954105990E-01,1.336847937698E+01
7,0.4710,3.767166407517E+01,8.187857561508E-01,1.334009619359E+01
7,0.4720,3.732772481054E+01,8.076236002383E-01,1.331183327792E+01
7,0.4730,3.698380799868E+01,7.965086416024E-01,1.328368986719E+01
7,0.4740,3.663987713958E+01,7.854405815261E-01,1.325566520502E+01
7,0.4750,3.629590796372E+01,7.744191238081E-01,1.322775854143E+01
7,0.4760,3.595188435621E+01,7.634439747359E-01,1.319996913273E+01
7,0.4770,3.560778950266E+01,7.525148430602E-01,1.317229624147E+01
7,0.4780,3.526358393246E+01,7.416314399690E-01,1.314473913636E+01
7,0.4790,3.491924686472E+01,7.307934790619E-01,1.311729709223E+01
7,0.4800,3.457476163908E+01,7.200006763252E-01,1.308996938996E+01
7,0.4810,3.424830996228E+01,7.108320372249E-01,1.306275531638E+01
7,0.4820,3.392174805119E+01,7.017014422703E-01,1.303565416427E+01
7,0.4830,3.359503127227E+01,6.926086551623E-01,1.300866523226E+01
7,0.4840,3.326814878887E+01,6.835534415547E-01,1.298178782475E+01
7,0.4850,3.294109575398E+01,6.745355690342E-01,1.295502125192E+01
7,0.4860,3.261382547210E+01,6.655548071001E-01,1.292836482959E+01
7,0.4870,3.228631193936E+01,6.566109271453E-01,1.290181787922E+01
7,0.4880,3.195852167764E+01,6.477037024362E-01,1.287537972783E+01
7,0.4890,3.163048080762E+01,6.388329080940E-01,1.284904970793E+01
7,0.4900,3.130210074354E+01,6.299983210756E-01,1.282282715751E+01
7,0.4910,3.100042820478E+01,6.223603818808E-01,1.279671141992E+01
7,0.4920,3.069854201403E+01,6.147534912194E-01,1.277070184386E+01
7,0.4930,3.039642659587E+01,6.071774601550E-01,1.274479778333E+01
7,0.4940,3.009406430094E+01,5.996321012811E-01,1.271899859753E+01
7,0.4950,2.979142129385E+01,5.921172287057E-01,1.269330365087E+01
7,0.4960,2.948847728116E+01,5.846326580358E-01,1.266771231286E+01
7,0.4970,2.918523637403E+01,5.771782063626E-01,1.264222395811E+01
7,0.4980,2.888164243316E+01,5.697536922463E-01,1.261683796622E+01
7,0.4990,2.857770396109E+01,5.623589357017E-01,1.259155372180E+01
7,0.5000,2.827337349168E+01,5.549937581832E-01,1.256637061436E+01
7,0.5010,2.797506624522E+01,5.478686762100E-01,1.254128803828E+01
7,0.5020,2.767636207559E+01,5.407719810176E-01,1.251630539279E+01
7,0.5030,2.737727263055E+01,5.337035033011E-01,1.249142208187E+01
7,0.5040,2.707774779109E+01,5.266630750993E-01,1.246663751425E+01
7,0.5050,2.677778990553E+01,5.196505297815E-01,1.244195110333E+01
7,0.5060,2.647735545538E+01,5.126657020341E-01,1.241736226715E+01
7,0.5070,2.617643594195E+01,5.057084278479E-01,1.239287042836E+01
7,0.5080,2.587502520552E+01,4.987785445049E-01,1.236847501413E+01
7,0.5090,2.557308030203E+01,4.918758905661E-01,1.234417545615E+01
7,0.5100,2.527061690794E+01,4.850003058583E-01,1.231997119055E+01
7,0.5110,2.497864936900E+01,4.804214475246E-01,1.229586165789E+01
7,0.5120,2.468621265216E+01,4.758604753562E-01,1.227184630309E+01
7,0.5130,2.439327981684E+01,4.713172847558E-01,1.224792457540E+01
7,0.5140,2.409983818705E+01,4.667917719397E-01,1.222409592836E+01
7,0.5150,2.380587436369E+01,4.622838339308E-01,1.220035981977E+01
7,0.5160,2.351140159684E+01,4.577933685497E-01,1.217671571159E+01
7,0.5170,2.321640624328E+01,4.533202744081E-01,1.215316306998E+01
7,0.5180,2.292088600165E+01,4.488644509002E-01,1.212970136521E+01
7,0.5190,2.262486256636E+01,4.444257981958E-01,1.210633007164E+01
7,0.5200,2.232835148877E+01,4.400042172326E-01,1.208304866765E+01
7,0.5210,2.204512341299E+01,4.351714847982E-01,1.205985663566E+01
7,0.5220,2.176155918794E+01,4.303572685800E-01,1.203675346203E+01
7,0.5230,2.147768346157E+01,4.255614623665E-01,1.201373863705E+01
7,0.5240,2.119354013164E+01,4.207839607569E-01,1.199081165492E+01
7,0.5250,2.090918370607E+01,4.160246591534E-01,1.196797201368E+01
7,0.5260,2.062474322153E+01,4.112834537537E-01,1.194521921517E+01
7,0.5270,2.034032045034E+01,4.065602415434E-01,1.192255276505E+01
7,0.5280,2.005601503564E+01,4.018549202884E-01,1.189997217269E+01
7,0.5290,1.977205753739E+01,3.971673885278E-01,1.187747695119E+01
7,0.5300,1.948868574603E+01,3.924975455662E-01,1.185506661732E+01
7,0.5310,1.921313182927E+01,3.884298288572E-01,1.183274069149E+01
7,0.5320,1.893882317805E+01,3.843774043163E-01,1.181049869771E+01
7,0.5330,1.866631778533E+01,3.803401858712E-01,1.178834016356E+01
7,0.5340,1.839632489745E+01,3.763180880945E-01,1.176626462019E+01
7,0.5350,1.812989760239E+01,3.723110261973E-01,1.174427160220E+01
7,0.5360,1.786863366546E+01,3.683189160236E-01,1.172236064772E+01
7,0.5370,1.761510691692E+01,3.643416740442E-01,1.170053129829E+01
7,0.5380,1.737397407667E+01,3.603792173510E-01,1.167878309885E+01
7,0.5390,1.715546557197E+01,3.564314636510E-01,1.165711559774E+01
7,0.5400,1.699607080751E+01,3.524983312611E-01,1.163552834663E+01
7,0.3000,9.139735508766E+01,8.867668863533E+01,2.094395102393E+01
7,0.3010,9.134655326901E+01,8.705447177761E+01,2.087436979129E+01
7,0.3020,9.129513442193E+01,8.544299807790E+01,2.080524936152E+01
7,0.3030,9.124405456046E+01,8.384216116828E+01,2.073658517221E+01
7,0.3040,9.119335927911E+01,8.225185608043E+01,2.066837272099E+01
7,0.3050,9.114302567290E+01,8.067197922267E+01,2.060060756452E+01
7,0.3060,9.109304832563E+01,7.910242835745E+01,2.053328531758E+01
7,0.3070,9.104341280773E+01,7.754310257929E+01,2.046640165205E+01
7,0.3080,9.099412273340E+01,7.599390229320E+01,2.039995229604E+01
7,0.3090,9.094518401600E+01,7.445472919343E+01,2.033393303294E+01
7,0.3100,9.089658808532E+01,7.292548624268E+01,2.026833970058E+01
7,0.3110,9.049351079070E+01,7.209500568704E+01,2.020316819029E+01
7,0.3120,9.009218027438E+01,7.126984872471E+01,2.013841444609E+01
7,0.3130,8.969300828085E+01,7.044996433082E+01,2.007407446383E+01
7,0.3140,8.929599750177E+01,6.963530213053E+01,2.001014429038E+01
7,0.3150,8.890111139435E+01,6.882581238864E+01,1.994662002279E+01
7,0.3160,8.850833081990E+01,6.802144599956E+01,1.988349780753E+01
7,0.3170,8.811764690578E+01,6.722215447729E+01,1.982077383968E+01
7,0.3180,8.772903598317E+01,6.642788994572E+01,1.975844436220E+01
7,0.3190,8.734245507100E+01,6.563860512908E+01,1.969650566514E+01
7,0.3200,8.695793050816E+01,6.485425334254E+01,1.963495408494E+01
7,0.3210,8.678235205738E+01,6.425486731426E+01,1.957378600367E+01
7,0.3220,8.660750806008E+01,6.365920418057E+01,1.951299784838E+01
7,0.3230,8.643384980837E+01,6.306722936349E+01,1.945258609034E+01
7,0.3240,8.626131516757E+01,6.247890871195E+01,1.939254724438E+01
7,0.3250,8.608993077907E+01,6.189420849519E+01,1.933287786824E+01
7,0.3260,8.591968363102E+01,6.131309539632E+01,1.927357456190E+01
7,0.3270,8.575056646073E+01,6.073553650601E+01,1.921463396691E+01
7,0.3280,8.558253827247E+01,6.016149931624E+01,1.915605276579E+01
7,0.3290,8.541562346902E+01,5.959095171426E+01,1.909782768140E+01
7,0.3300,8.524980809921E+01,5.902386197654E+01,1.903995547630E+01
7,0.3310,8.513566194695E+01,5.861205822652E+01,1.898243295220E+01
7,0.3320,8.502253193347E+01,5.820273522199E+01,1.892525694934E+01
7,0.3330,8.491033526680E+01,5.779587061388E+01,1.886842434588E+01
7,0.3340,8.479873843670E+01,5.739144232079E+01,1.881193205742E+01
7,0.3350,8.468779904430E+01,5.698942852497E+01,1.875577703636E+01
7,0.3360,8.457746676494E+01,5.658980766841E+01,1.869995627137E+01
7,0.3370,8.446773948480E+01,5.619255844899E+01,1.864446678688E+01
7,0.3380,8.435865383569E+01,5.579765981666E+01,1.858930564254E+01
7,0.3390,8.425014586130E+01,5.540509096977E+01,1.853446993268E+01
7,0.3400,8.414224551805E+01,5.501483135139E+01,1.847995678582E+01
7,0.3410,8.422126394559E+01,5.478163705799E+01,1.842576336416E+01
7,0.3420,8.429980708675E+01,5.454980647391E+01,1.837188686310E+01
7,0.3430,8.437786521193E+01,5.431932767166E+01,1.831832451073E+01
7,0.3440,8.445545336559E+01,5.409018886245E+01,1.826507356738E+01
7,0.3450,8.453258012201E+01,5.386237839416E+01,1.821213132516E+01
7,0.3460,8.460925723664E+01,5.363588474938E+01,1.815949510746E+01
7,0.3470,8.468547591121E+01,5.341069654348E+01,1.810716226853E+01
7,0.3480,8.476122693990E+01,5.318680252267E+01,1.805513019304E+01
7,0.3490,8.483653829074E+01,5.296419156215E+01,1.800339629564E+01
7,0.3500,8.491141708865E+01,5.274285266427E+01,1.795195802051E+01
7,0.3510,8.568870642778E+01,5.264271040272E+01,1.790081284097E+01
7,0.3520,8.645988900485E+01,5.254313713129E+01,1.784995825903E+01
7,0.3530,8.722504936090E+01,5.244412801437E+01,1.779939180504E+01
7,0.3540,8.798428804457E+01,5.234567827100E+01,1.774911103723E+01
7,0.3550,8.873773854290E+01,5.224778317407E+01,1.769911354135E+01
7,0.3560,8.948549677520E+01,5.215043804959E+01,1.764939693028E+01
7,0.3570,9.022762099395E+01,5.205363827595E+01,1.759995884364E+01
7,0.3580,9.096422385981E+01,5.195737928317E+01,1.755079694743E+01
7,0.3590,9.169541537415E+01,5.186165655219E+01,1.750190893365E+01
7,0.3600,9.242123488468E+01,5.176646561415E+01,1.745329251994E+01
7,0.3610,9.379905226119E+01,5.023937503926E+01,1.740494544925E+01
7,0.3620,9.516489628723E+01,4.872072142888E+01,1.735686548945E+01
7,0.3630,9.651912968857E+01,4.721043505601E+01,1.730905043300E+01
7,0.3640,9.786201749408E+01,4.570844695992E+01,1.726149809665E+01
7,0.3650,9.919382430214E+01,4.421468893559E+01,1.721420632104E+01
7,0.3660,1.005148476860E+02,4.272909352342E+01,1.716717297044E+01
7,0.3670,1.018253241147E+02,4.125159399904E+01,1.712039593237E+01
7,0.3680,1.031254703080E+02,3.978212436339E+01,1.707387311734E+01
7,0.3690,1.044155382874E+02,3.832061933281E+01,1.702760245848E+01
7,0.3700,1.056957262252E+02,3.686701432942E+01,1.698158191130E+01
7,0.3710,1.048305631212E+02,3.469300566511E+01,1.693580945331E+01
7,0.3720,1.039687519284E+02,3.253068521943E+01,1.689028308382E+01
7,0.3730,1.031102508668E+02,3.037995898525E+01,1.684500082354E+01
7,0.3740,1.022549736407E+02,2.824073396088E+01,1.679996071438E+01
7,0.3750,1.014028918258E+02,2.611291813664E+01,1.675516081915E+01
7,0.3760,1.005539650153E+02,2.399642048168E+01,1.671059922122E+01
7,0.3770,9.970811790247E+01,2.189115093098E+01,1.666627402435E+01
7,0.3780,9.886535616862E+01,1.979702037262E+01,1.662218335233E+01
7,0.3790,9.802556131594E+01,1.771394063515E+01,1.657832534876E+01
7,0.3800,9.718873242313E+01,1.564182447524E+01,1.653469817679E+01
7,0.3810,9.579329795017E+01,1.477455568688E+01,1.649130001884E+01
7,0.3820,9.440088043903E+01,1.391182757281E+01,1.644812907639E+01
7,0.3830,9.301126833342E+01,1.305360456638E+01,1.640518356966E+01
7,0.3840,9.162432731668E+01,1.219985147144E+01,1.636246173745E+01
7,0.3850,9.023985232955E+01,1.135053345752E+01,1.631996183683E+01
7,0.3860,8.885762996965E+01,1.050561605506E+01,1.627768214295E+01
7,0.3870,8.747747206296E+01,9.665065150811E+00,1.623562094878E+01
7,0.3880,8.609914949695E+01,8.828846983181E+00,1.619377656490E+01
7,0.3890,8.472245856507E+01,7.996928137750E+00,1.615214731923E+01
7,0.3900,8.334715149619E+01,7.169275542807E+00,1.611073155687E+01
7,0.3910,8.225695713806E+01,6.911503837898E+00,1.606952763985E+01
7,0.3920,8.116851219473E+01,6.655047294747E+00,1.602853394689E+01
7,0.3930,8.008166034925E+01,6.399895873954E+00,1.598774887323E+01
7,0.3940,7.899629002563E+01,6.146039638038E+00,1.594717083041E+01
7,0.3950,7.791223244053E+01,5.893468750152E+00,1.590679824602E+01
7,0.3960,7.682935073908E+01,5.642173472811E+00,1.586662956358E+01
7,0.3970,7.574748010437E+01,5.392144166640E+00,1.582666324227E+01
7,0.3980,7.466648712037E+01,5.143371289143E+00,1.578689775673E+01
7,0.3990,7.358618251705E+01,4.895845393489E+00,1.574733159694E+01
7,0.4000,7.250639779213E+01,4.649557127313E+00,1.570796326795E+01
7,0.4010,7.169990839002E+01,4.529847561859E+00,1.566879128972E+01
7,0.4020,7.089455256033E+01,4.410733566383E+00,1.562981419696E+01
7,0.4030,7.009022556257E+01,4.292210707361E+00,1.559103053891E+01
7,0.4040,6.928685699351E+01,4.174274595166E+00,1.555243887916E+01
7,0.4050,6.848435197631E+01,4.056920883525E+00,1.551403779551E+01
7,0.4060,6.768262969465E+01,3.940145268985E+00,1.547582587975E+01
7,0.4070,6.688161040492E+01,3.823943490389E+00,1.543780173754E+01
7,0.4080,6.608117926721E+01,3.708311328355E+00,1.539996398819E+01
7,0.4090,6.528123024422E+01,3.593244604766E+00,1.536231126450E+01
7,0.4100,6.448170597326E+01,3.478739182268E+00,1.532484221263E+01
7,0.4110,6.382195832965E+01,3.392308563657E+00,1.528755549192E+01
7,0.4120,6.316291701195E+01,3.306297511157E+00,1.525044977471E+01
7,0.4130,6.250451410473E+01,3.220702977070E+00,1.521352374620E+01
7,0.4140,6.184667919159E+01,3.135521943148E+00,1.517677610430E+01
7,0.4150,6.118933178752E+01,3.050751420233E+00,1.514020555947E+01
7,0.4160,6.053242547128E+01,2.966388447909E+00,1.510381083457E+01
7,0.4170,5.987589843594E+01,2.882430094157E+00,1.506759066470E+01
7,0.4180,5.921967137053E+01,2.798873455016E+00,1.503154379708E+01
7,0.4190,5.856365639077E+01,2.715715654249E+00,1.499566899088E+01
7,0.4200,5.790781124721E+01,2.632953843009E+00,1.495996501709E+01
7,0.4210,5.733288283207E+01,2.569986959374E+00,1.492443065838E+01
7,0.4220,5.675828334726E+01,2.507318496988E+00,1.488906470896E+01
7,0.4230,5.618398435935E+01,2.444946339389E+00,1.485386597442E+01
7,0.4240,5.560989637283E+01,2.382868390081E+00,1.481883327165E+01
7,0.4250,5.503599458784E+01,2.321082572299E+00,1.478396542866E+01
7,0.4260,5.446219820835E+01,2.259586828779E+00,1.474926128446E+01
7,0.4270,5.388845887039E+01,2.198379121528E+00,1.471471968895E+01
7,0.4280,5.331469475308E+01,2.137457431601E+00,1.468033950276E+01
7,0.4290,5.274087715346E+01,2.076819758877E+00,1.464611959716E+01
7,0.4300,5.216691732763E+01,2.016464121839E+00,1.461205885391E+01
7,0.4310,5.165925431455E+01,1.966593266679E+00,1.457815616515E+01
7,0.4320,5.115166004819E+01,1.916953295107E+00,1.454441043329E+01
7,0.4330,5.064407854543E+01,1.867542607469E+00,1.451082057085E+01
7,0.4340,5.013645424442E+01,1.818359618852E+00,1.447738550041E+01
7,0.4350,4.962874613638E+01,1.769402758918E+00,1.444410415444E+01
7,0.4360,4.912089978836E+01,1.720670471737E+00,1.441097547518E+01
7,0.4370,4.861286804718E+01,1.672161215618E+00,1.437799841460E+01
7,0.4380,4.810459917807E+01,1.623873462951E+00,1.434517193420E+01
7,0.4390,4.759601097898E+01,1.575805700047E+00,1.431249500496E+01
7,0.4400,4.708707675308E+01,1.527956426973E+00,1.427996660723E+01
7,0.4410,4.661079459619E+01,1.495002020225E+00,1.424758573057E+01
7,0.4420,4.613425049789E+01,1.462196728440E+00,1.421535137371E+01
7,0.4430,4.565737408192E+01,1.429539541810E+00,1.418326254442E+01
7,0.4440,4.518012367494E+01,1.397029459624E+00,1.415131825941E+01
7,0.4450,4.470244792289E+01,1.364665490167E+00,1.411951754422E+01
7,0.4460,4.422426362752E+01,1.332446650618E+00,1.408785943314E+01
7,0.4470,4.374555985939E+01,1.300371966950E+00,1.405634296908E+01
7,0.4480,4.326623962744E+01,1.268440473834E+00,1.402496720353E+01
7,0.4490,4.278627164884E+01,1.236651214541E+00,1.399373119639E+01
7,0.4500,4.230559508446E+01,1.205003240845E+00,1.396263401595E+01
7,0.4510,4.186045248720E+01,1.181543941427E+00,1.393167473876E+01
7,0.4520,4.141473606173E+01,1.158188444218E+00,1.390085244951E+01
7,0.4530,4.096840944355E+01,1.134936061787E+00,1.387016624101E+01
7,0.4540,4.052139022341E+01,1.111786112760E+00,1.383961521405E+01
7,0.4550,4.007365657867E+01,1.088737921749E+00,1.380919847732E+01
7,0.4560,3.962514001938E+01,1.065790819296E+00,1.377891514732E+01
7,0.4570,3.917577508966E+01,1.042944141799E+00,1.374876434831E+01
7,0.4580,3.872553166915E+01,1.020197231453E+00,1.371874521218E+01
7,0.4590,3.827433695567E+01,9.975494361844E-01,1.368885687839E+01
7,0.4600,3.782212688776E+01,9.750001095908E-01,1.365909849387E+01
7,0.4610,3.739994732744E+01,9.602165502576E-01,1.362946921297E+01
7,0.4620,3.697690940677E+01,9.454969890167E-01,1.359996819736E+01
7,0.4630,3.655296380511E+01,9.308410111938E-01,1.357059461594E+01
7,0.4640,3.612806406145E+01,9.162482056890E-01,1.354134764478E+01
7,0.4650,3.570213475045E+01,9.017181649391E-01,1.351222646705E+01
7,0.4660,3.527516162147E+01,8.872504848791E-01,1.348323027292E+01
7,0.4670,3.484707538975E+01,8.728447649050E-01,1.345435825949E+01
7,0.4680,3.441781196246E+01,8.585006078367E-01,1.342560963073E+01
7,0.4690,3.398733903220E+01,8.442176198818E-01,1.339698359740E+01
7,0.4700,3.355560549092E+01,8.299954105990E-01,1.336847937698E+01
7,0.4710,3.315043170884E+01,8.187857561508E-01,1.334009619359E+01
7,0.4720,3.274417585796E+01,8.076236002383E-01,1.331183327792E+01
7,0.4730,3.233677036526E+01,7.965086416024E-01,1.328368986719E+01
7,0.4740,3.192819164599E+01,7.854405815261E-01,1.325566520502E+01
7,0.4750,3.151842710370E+01,7.744191238081E-01,1.322775854143E+01
7,0.4760,3.110739594070E+01,7.634439747359E-01,1.319996913273E+01
7,0.4770,3.069513153257E+01,7.525148430602E-01,1.317229624147E+01
7,0.4780,3.028157015512E+01,7.416314399690E-01,1.314473913636E+01
7,0.4790,2.986669589982E+01,7.307934790619E-01,1.311729709223E+01
7,0.4800,2.945051950959E+01,7.200006763252E-01,1.308996938996E+01
7,0.4810,2.905497521588E+01,7.108320372249E-01,1.306275531638E+01
7,0.4820,2.865832892914E+01,7.017014422703E-01,1.303565416427E+01
7,0.4830,2.826059108247E+01,6.926086551623E-01,1.300866523226E+01
7,0.4840,2.786181491173E+01,6.835534415547E-01,1.298178782475E+01
7,0.4850,2.746205897429E+01,6.745355690342E-01,1.295502125192E+01
7,0.4860,2.706135286812E+01,6.655548071001E-01,1.292836482959E+01
7,0.4870,2.665981980655E+01,6.566109271453E-01,1.290181787922E+01
7,0.4880,2.625757009962E+01,6.477037024362E-01,1.287537972783E+01
7,0.4890,2.585479524397E+01,6.388329080940E-01,1.284904970793E+01
7,0.4900,2.545165642095E+01,6.299983210756E-01,1.282282715751E+01
7,0.4910,2.508111952405E+01,6.223603818808E-01,1.279671141992E+01
7,0.4920,2.471079081810E+01,6.147534912194E-01,1.277070184386E+01
7,0.4930,2.434095438924E+01,6.071774601550E-01,1.274479778333E+01
7,0.4940,2.397197742586E+01,5.996321012811E-01,1.271899859753E+01
7,0.4950,2.360426260917E+01,5.921172287057E-01,1.269330365087E+01
7,0.4960,2.323832385997E+01,5.846326580358E-01,1.266771231286E+01
7,0.4970,2.287478076050E+01,5.771782063626E-01,1.264222395811E+01
7,0.4980,2.251433511918E+01,5.697536922463E-01,1.261683796622E+01
7,0.4990,2.215784639638E+01,5.623589357017E-01,1.259155372180E+01
7,0.5000,2.180632947966E+01,5.549937581832E-01,1.256637061436E+01
7,0.5010,2.146791112288E+01,5.478686762100E-01,1.254128803828E+01
7,0.5020,2.113662210917E+01,5.407719810176E-01,1.251630539279E+01
7,0.5030,2.081386960164E+01,5.337035033011E-01,1.249142208187E+01
7,0.5040,2.050117209526E+01,5.266630750993E-01,1.246663751425E+01
7,0.5050,2.020024630720E+01,5.196505297815E-01,1.244195110333E+01
7,0.5060,1.991273261979E+01,5.126657020341E-01,1.241736226715E+01
7,0.5070,1.964030538463E+01,5.057084278479E-01,1.239287042836E+01
7,0.5080,1.938447626033E+01,4.987785445049E-01,1.236847501413E+01
7,0.5090,1.914647374094E+01,4.918758905661E-01,1.234417545615E+01
7,0.5100,1.892715349693E+01,4.850003058583E-01,1.231997119055E+01
7,0.5110,1.873304187091E+01,4.804214475246E-01,1.229586165789E+01
7,0.5120,1.855653948733E+01,4.758604753562E-01,1.227184630309E+01
7,0.5130,1.839723014627E+01,4.713172847558E-01,1.224792457540E+01
7,0.5140,1.825437554733E+01,4.667917719397E-01,1.222409592836E+01
7,0.5150,1.812701259726E+01,4.622838339308E-01,1.220035981977E+01
7,0.5160,1.801409730629E+01,4.577933685497E-01,1.217671571159E+01
7,0.5170,1.791452416127E+01,4.533202744081E-01,1.215316306998E+01
7,0.5180,1.782734064572E+01,4.488644509002E-01,1.212970136521E+01
7,0.5190,1.775167892192E+01,4.444257981958E-01,1.210633007164E+01
7,0.5200,1.768692967190E+01,4.400042172326E-01,1.208304866765E+01
7,0.5210,1.763344529444E+01,4.351714847982E-01,1.205985663566E+01
7,0.5220,1.758937070486E+01,4.303572685800E-01,1.203675346203E+01
8,0.3000,8.898266619589E+01,8.867668863533E+01,2.094395102393E+01
8,0.3010,8.893155170499E+01,8.705447177761E+01,2.087436979129E+01
8,0.3020,8.888018515006E+01,8.544299807790E+01,2.080524936152E+01
8,0.3030,8.882915939479E+01,8.384216116828E+01,2.073658517221E+01
8,0.3040,8.877849921784E+01,8.225185608043E+01,2.066837272099E+01
8,0.3050,8.872816874297E+01,8.067197922267E+01,2.060060756452E+01
8,0.3060,8.867819940388E+01,7.910242835745E+01,2.053328531758E+01
8,0.3070,8.862856546862E+01,7.754310257929E+01,2.046640165205E+01
8,0.3080,8.857927078089E+01,7.599390229320E+01,2.039995229604E+01
8,0.3090,8.853031265124E+01,7.445472919343E+01,2.033393303294E+01
8,0.3100,8.848167668906E+01,7.292548624268E+01,2.026833970058E+01
8,0.3110,8.807288967236E+01,7.209500568704E+01,2.020316819029E+01
8,0.3120,8.766602211101E+01,7.126984872471E+01,2.013841444609E+01
8,0.3130,8.726133710621E+01,7.044996433082E+01,2.007407446383E+01
8,0.3140,8.685877710041E+01,6.963530213053E+01,2.001014429038E+01
8,0.3150,8.645836528571E+01,6.882581238864E+01,1.994662002279E+01
8,0.3160,8.606003795007E+01,6.802144599956E+01,1.988349780753E+01
8,0.3170,8.566381559470E+01,6.722215447729E+01,1.982077383968E+01
8,0.3180,8.526964525137E+01,6.642788994572E+01,1.975844436220E+01
8,0.3190,8.487751228872E+01,6.563860512908E+01,1.969650566514E+01
8,0.3200,8.448741095066E+01,6.485425334254E+01,1.963495408494E+01
8,0.3210,8.430998135603E+01,6.425486731426E+01,1.957378600367E+01
8,0.3220,8.413339433889E+01,6.365920418057E+01,1.951299784838E+01
8,0.3230,8.395788834052E+01,6.306722936349E+01,1.945258609034E+01
8,0.3240,8.378349906653E+01,6.247890871195E+01,1.939254724438E+01
8,0.3250,8.361019520746E+01,6.189420849519E+01,1.933287786824E+01
8,0.3260,8.343794088811E+01,6.131309539632E+01,1.927357456190E+01
8,0.3270,8.326677328728E+01,6.073553650601E+01,1.921463396691E+01
8,0.3280,8.309663880666E+01,6.016149931624E+01,1.915605276579E+01
8,0.3290,8.292755270092E+01,5.959095171426E+01,1.909782768140E+01
8,0.3300,8.275951295675E+01,5.902386197654E+01,1.903995547630E+01
8,0.3310,8.264392154293E+01,5.861205822652E+01,1.898243295220E+01
8,0.3320,8.252920395797E+01,5.820273522199E+01,1.892525694934E+01
8,0.3330,8.241530162319E+01,5.779587061388E+01,1.886842434588E+01
8,0.3340,8.230203938758E+01,5.739144232079E+01,1.881193205742E+01
8,0.3350,8.218939852545E+01,5.698942852497E+01,1.875577703636E+01
8,0.3360,8.207739351670E+01,5.658980766841E+01,1.869995627137E+01
8,0.3370,8.196601737072E+01,5.619255844899E+01,1.864446678688E+01
8,0.3380,8.185527094892E+01,5.579765981666E+01,1.858930564254E+01
8,0.3390,8.174510539777E+01,5.540509096977E+01,1.853446993268E+01
8,0.3400,8.163559447652E+01,5.501483135139E+01,1.847995678582E+01
8,0.3410,8.171607351645E+01,5.478163705799E+01,1.842576336416E+01
8,0.3420,8.179608912255E+01,5.454980647391E+01,1.837188686310E+01
8,0.3430,8.187560751464E+01,5.431932767166E+01,1.831832451073E+01
8,0.3440,8.195465304435E+01,5.409018886245E+01,1.826507356738E+01
8,0.3450,8.203322754408E+01,5.386237839416E+01,1.821213132516E+01
8,0.3460,8.211132072675E+01,5.363588474938E+01,1.815949510746E+01
8,0.3470,8.218895897213E+01,5.341069654348E+01,1.810716226853E+01
8,0.3480,8.226612945743E+01,5.318680252267E+01,1.805513019304E+01
8,0.3490,8.234283131868E+01,5.296419156215E+01,1.800339629564E+01
8,0.3500,8.241908460086E+01,5.274285266427E+01,1.795195802051E+01
8,0.3510,8.320930658395E+01,5.264271040272E+01,1.790081284097E+01
8,0.3520,8.399317032853E+01,5.254313713129E+01,1.784995825903E+01
8,0.3530,8.477081742818E+01,5.244412801437E+01,1.779939180504E+01
8,0.3540,8.554232361694E+01,5.234567827100E+01,1.774911103723E+01
8,0.3550,8.630785728607E+01,5.224778317407E+01,1.769911354135E+01
8,0.3560,8.706745169627E+01,5.215043804959E+01,1.764939693028E+01
8,0.3570,8.782125046880E+01,5.205363827595E+01,1.759995884364E+01
8,0.3580,8.856936001184E+01,5.195737928317E+01,1.755079694743E+01
8,0.3590,8.931182154090E+01,5.186165655219E+01,1.750190893365E+01
8,0.3600,9.004877846737E+01,5.176646561415E+01,1.745329251994E+01
8,0.3610,9.144734670984E+01,5.023937503926E+01,1.740494544925E+01
8,0.3620,9.283348070558E+01,4.872072142888E+01,1.735686548945E+01
8,0.3630,9.420749447735E+01,4.721043505601E+01,1.730905043300E+01
8,0.3640,9.556970089086E+01,4.570844695992E+01,1.726149809665E+01
8,0.3650,9.692041225836E+01,4.421468893559E+01,1.721420632104E+01
8,0.3660,9.825989903940E+01,4.272909352342E+01,1.716717297044E+01
8,0.3670,9.958840415223E+01,4.125159399904E+01,1.712039593237E+01
8,0.3680,1.009062175873E+02,3.978212436339E+01,1.707387311734E+01
8,0.3690,1.022135358163E+02,3.832061933281E+01,1.702760245848E+01
8,0.3700,1.035106155795E+02,3.686701432942E+01,1.698158191130E+01
8,0.3710,1.026341525060E+02,3.469300566511E+01,1.693580945331E+01
8,0.3720,1.017609977774E+02,3.253068521943E+01,1.689028308382E+01
8,0.3730,1.008910532866E+02,3.037995898525E+01,1.684500082354E+01
8,0.3740,1.000242944648E+02,2.824073396088E+01,1.679996071438E+01
8,0.3750,9.916068919811E+01,2.611291813664E+01,1.675516081915E+01
8,0.3760,9.830015178937E+01,2.399642048168E+01,1.671059922122E+01
8,0.3770,9.744265927221E+01,2.189115093098E+01,1.666627402435E+01
8,0.3780,9.658814841982E+01,1.979702037262E+01,1.662218335233E+01
8,0.3790,9.573659632353E+01,1.771394063515E+01,1.657832534876E+01
8,0.3800,9.488792310840E+01,1.564182447524E+01,1.653469817679E+01
8,0.3810,9.347243568029E+01,1.477455568688E+01,1.649130001884E+01
8,0.3820,9.205971630804E+01,1.391182757281E+01,1.644812907639E+01
8,0.3830,9.064957754355E+01,1.305360456638E+01,1.640518356966E+01
8,0.3840,8.924182195405E+01,1.219985147144E+01,1.636246173745E+01
8,0.3850,8.783624401356E+01,1.135053345752E+01,1.631996183683E+01
8,0.3860,8.643264978861E+01,1.050561605506E+01,1.627768214295E+01
8,0.3870,8.503083765901E+01,9.665065150811E+00,1.623562094878E+01
8,0.3880,8.363055552871E+01,8.828846983181E+00,1.619377656490E+01
8,0.3890,8.223159692281E+01,7.996928137750E+00,1.615214731923E+01
8,0.3900,8.083373294193E+01,7.169275542807E+00,1.611073155687E+01
8,0.3910,7.972541894963E+01,6.911503837898E+00,1.606952763985E+01
8,0.3920,7.861868514182E+01,6.655047294747E+00,1.602853394689E+01
8,0.3930,7.751337095104E+01,6.399895873954E+00,1.598774887323E+01
8,0.3940,7.640931240304E+01,6.146039638038E+00,1.594717083041E+01
8,0.3950,7.530640269826E+01,5.893468750152E+00,1.590679824602E+01
8,0.3960,7.420446026774E+01,5.642173472811E+00,1.586662956358E+01
8,0.3970,7.310332874311E+01,5.392144166640E+00,1.582666324227E+01
8,0.3980,7.200285451424E+01,5.143371289143E+00,1.578689775673E+01
8,0.3990,7.090284355011E+01,4.895845393489E+00,1.574733159694E+01
8,0.4000,6.980313923608E+01,4.649557127313E+00,1.570796326795E+01
8,0.4010,6.898167753704E+01,4.529847561859E+00,1.566879128972E+01
8,0.4020,6.816122232026E+01,4.410733566383E+00,1.562981419696E+01
8,0.4030,6.734170882540E+01,4.292210707361E+00,1.559103053891E+01
8,0.4040,6.652302351011E+01,4.174274595166E+00,1.555243887916E+01
8,0.4050,6.570510320185E+01,4.056920883525E+00,1.551403779551E+01
8,0.4060,6.488784911470E+01,3.940145268985E+00,1.547582587975E+01
8,0.4070,6.407115538590E+01,3.823943490389E+00,1.543780173754E+01
8,0.4080,6.325494052791E+01,3.708311328355E+00,1.539996398819E+01
8,0.4090,6.243911244011E+01,3.593244604766E+00,1.536231126450E+01
8,0.4100,6.162353950924E+01,3.478739182268E+00,1.532484221263E+01
8,0.4110,6.095050125997E+01,3.392308563657E+00,1.528755549192E+01
8,0.4120,6.027809093415E+01,3.306297511157E+00,1.525044977471E+01
8,0.4130,5.960624658764E+01,3.220702977070E+00,1.521352374620E+01
8,0.4140,5.893486267377E+01,3.135521943148E+00,1.517677610430E+01
8,0.4150,5.826391583202E+01,3.050751420233E+00,1.514020555947E+01
8,0.4160,5.759332579714E+01,2.966388447909E+00,1.510381083457E+01
8,0.4170,5.692302525244E+01,2.882430094157E+00,1.506759066470E+01
8,0.4180,5.625291511916E+01,2.798873455016E+00,1.503154379708E+01
8,0.4190,5.558294911070E+01,2.715715654249E+00,1.499566899088E+01
8,0.4200,5.491302655992E+01,2.632953843009E+00,1.495996501709E+01
8,0.4210,5.432575589868E+01,2.569986959374E+00,1.492443065838E+01
8,0.4220,5.373871952295E+01,2.507318496988E+00,1.488906470896E+01
8,0.4230,5.315190291564E+01,2.444946339389E+00,1.485386597442E+01
8,0.4240,5.256525987340E+01,2.382868390081E+00,1.481883327165E+01
8,0.4250,5.197869243158E+01,2.321082572299E+00,1.478396542866E+01
8,0.4260,5.139217764528E+01,2.259586828779E+00,1.474926128446E+01
8,0.4270,5.080563722124E+01,2.198379121528E+00,1.471471968895E+01
8,0.4280,5.021899293369E+01,2.137457431601E+00,1.468033950276E+01
8,0.4290,4.963222025269E+01,2.076819758877E+00,1.464611959716E+01
8,0.4300,4.904519459797E+01,2.016464121839E+00,1.461205885391E+01
8,0.4310,4.852596117595E+01,1.966593266679E+00,1.457815616515E+01
8,0.4320,4.800673142137E+01,1.916953295107E+00,1.454441043329E+01
8,0.4330,4.748745204645E+01,1.867542607469E+00,1.451082057085E+01
8,0.4340,4.696805528204E+01,1.818359618852E+00,1.447738550041E+01
8,0.4350,4.644850505144E+01,1.769402758918E+00,1.444410415444E+01
8,0.4360,4.592874737870E+01,1.720670471737E+00,1.441097547518E+01
8,0.4370,4.540872237281E+01,1.672161215618E+00,1.437799841460E+01
8,0.4380,4.488835385975E+01,1.623873462951E+00,1.434517193420E+01
8,0.4390,4.436760761677E+01,1.575805700047E+00,1.431249500496E+01
8,0.4400,4.384642486385E+01,1.527956426973E+00,1.427996660723E+01
8,0.4410,4.335864635161E+01,1.495002020225E+00,1.424758573057E+01
8,0.4420,4.287051589468E+01,1.462196728440E+00,1.421535137371E+01
8,0.4430,4.238197875715E+01,1.429539541810E+00,1.418326254442E+01
8,0.4440,4.189296029980E+01,1.397029459624E+00,1.415131825941E+01
8,0.4450,4.140343275922E+01,1.364665490167E+00,1.411951754422E+01
8,0.4460,4.091330547488E+01,1.332446650618E+00,1.408785943314E+01
8,0.4470,4.042255654252E+01,1.300371966950E+00,1.405634296908E+01
8,0.4480,3.993110399353E+01,1.268440473834E+00,1.402496720353E+01
8,0.4490,3.943886452827E+01,1.236651214541E+00,1.399373119639E+01
8,0.4500,3.894578938007E+01,1.205003240845E+00,1.396263401595E+01
8,0.4510,3.848913740562E+01,1.181543941427E+00,1.393167473876E+01
8,0.4520,3.803181511170E+01,1.158188444218E+00,1.390085244951E+01
8,0.4530,3.757374759168E+01,1.134936061787E+00,1.387016624101E+01
8,0.4540,3.711488639193E+01,1.111786112760E+00,1.383961521405E+01
8,0.4550,3.665518016690E+01,1.088737921749E+00,1.380919847732E+01
8,0.4560,3.619454848632E+01,1.065790819296E+00,1.377891514732E+01
8,0.4570,3.573295019055E+01,1.042944141799E+00,1.374876434831E+01
8,0.4580,3.527031136531E+01,1.020197231453E+00,1.371874521218E+01
8,0.4590,3.480655365847E+01,9.975494361844E-01,1.368885687839E+01
8,0.4600,3.434159601554E+01,9.750001095908E-01,1.365909849387E+01
8,0.4610,3.390745648526E+01,9.602165502576E-01,1.362946921297E+01
8,0.4620,3.347230095114E+01,9.454969890167E-01,1.359996819736E+01
8,0.4630,3.303605780332E+01,9.308410111938E-01,1.357059461594E+01
8,0.4640,3.259868499373E+01,9.162482056890E-01,1.354134764478E+01
8,0.4650,3.216010016159E+01,9.017181649391E-01,1.351222646705E+01
8,0.4660,3.172022514253E+01,8.872504848791E-01,1.348323027292E+01
8,0.4670,3.127903354224E+01,8.728447649050E-01,1.345435825949E+01
8,0.4680,3.083644736476E+01,8.585006078367E-01,1.342560963073E+01
8,0.4690,3.039236373291E+01,8.442176198818E-01,1.339698359740E+01
8,0.4700,2.994675978547E+01,8.299954105990E-01,1.336847937698E+01
8,0.4710,2.952841734047E+01,8.187857561508E-01,1.334009619359E+01
8,0.4720,2.910871161199E+01,8.076236002383E-01,1.331183327792E+01
8,0.4730,2.868760136447E+01,7.965086416024E-01,1.328368986719E+01
8,0.4740,2.826500509763E+01,7.854405815261E-01,1.325566520502E+01
8,0.4750,2.784086537211E+01,7.744191238081E-01,1.322775854143E+01
8,0.4760,2.741515398649E+01,7.634439747359E-01,1.319996913273E+01
8,0.4770,2.698779439968E+01,7.525148430602E-01,1.317229624147E+01
8,0.4780,2.655875731641E+01,7.416314399690E-01,1.314473913636E+01
8,0.4790,2.612799161950E+01,7.307934790619E-01,1.311729709223E+01
8,0.4800,2.569545617262E+01,7.200006763252E-01,1.308996938996E+01
8,0.4810,2.528406790268E+01,7.108320372249E-01,1.306275531638E+01
8,0.4820,2.487112489987E+01,7.017014422703E-01,1.303565416427E+01
8,0.4830,2.445665688328E+01,6.926086551623E-01,1.300866523226E+01
8,0.4840,2.404066807528E+01,6.835534415547E-01,1.298178782475E+01
8,0.4850,2.362321416700E+01,6.745355690342E-01,1.295502125192E+01
8,0.4860,2.320436115606E+01,6.655548071001E-01,1.292836482959E+01
8,0.4870,2.278422865257E+01,6.566109271453E-01,1.290181787922E+01
8,0.4880,2.236304412293E+01,6.477037024362E-01,1.287537972783E+01
8,0.4890,2.194101838106E+01,6.388329080940E-01,1.284904970793E+01
8,0.4900,2.151858775282E+01,6.299983210756E-01,1.282282715751E+01
8,0.4910,2.113073124381E+01,6.223603818808E-01,1.279671141992E+01
8,0.4920,2.074371584683E+01,6.147534912194E-01,1.277070184386E+01
8,0.4930,2.035847252680E+01,6.071774601550E-01,1.274479778333E+01
8,0.4940,1.997639292125E+01,5.996321012811E-01,1.271899859753E+01
8,0.4950,1.959976397237E+01,5.921172287057E-01,1.269330365087E+01
8,0.4960,1.923247295878E+01,5.846326580358E-01,1.266771231286E+01
8,0.4970,1.888235660345E+01,5.771782063626E-01,1.264222395811E+01
8,0.4980,1.857018126977E+01,5.697536922463E-01,1.261683796622E+01
8,0.3000,8.768403785074E+01,8.867668863533E+01,2.094395102393E+01
8,0.3010,8.763069838993E+01,8.705447177761E+01,2.087436979129E+01
8,0.3020,8.757637976183E+01,8.544299807790E+01,2.080524936152E+01
8,0.3030,8.752244550345E+01,8.384216116828E+01,2.073658517221E+01
8,0.3040,8.746892770628E+01,8.225185608043E+01,2.066837272099E+01
8,0.3050,8.741577217575E+01,8.067197922267E+01,2.060060756452E+01
8,0.3060,8.736303141044E+01,7.910242835745E+01,2.053328531758E+01
8,0.3070,8.731064408148E+01,7.754310257929E+01,2.046640165205E+01
8,0.3080,8.725864111222E+01,7.599390229320E+01,2.039995229604E+01
8,0.3090,8.720702068142E+01,7.445472919343E+01,2.033393303294E+01
8,0.3100,8.715574995944E+01,7.292548624268E+01,2.026833970058E+01
8,0.3110,8.673500059822E+01,7.209500568704E+01,2.020316819029E+01
8,0.3120,8.631575662857E+01,7.126984872471E+01,2.013841444609E+01
8,0.3130,8.589863714440E+01,7.044996433082E+01,2.007407446383E+01
8,0.3140,8.548358615899E+01,6.963530213053E+01,2.001014429038E+01
8,0.3150,8.507061326124E+01,6.882581238864E+01,1.994662002279E+01
8,0.3160,8.465968737302E+01,6.802144599956E+01,1.988349780753E+01
8,0.3170,8.425079567201E+01,6.722215447729E+01,1.982077383968E+01
8,0.3180,8.384389325407E+01,6.642788994572E+01,1.975844436220E+01
8,0.3190,8.343897218107E+01,6.563860512908E+01,1.969650566514E+01
8,0.3200,8.303603563983E+01,6.485425334254E+01,1.963495408494E+01
8,0.3210,8.285144227456E+01,6.425486731426E+01,1.957378600367E+01
8,0.3220,8.266750489170E+01,6.365920418057E+01,1.951299784838E+01
8,0.3230,8.248480782361E+01,6.306722936349E+01,1.945258609034E+01
8,0.3240,8.230333915796E+01,6.247890871195E+01,1.939254724438E+01
8,0.3250,8.212308895013E+01,6.189420849519E+01,1.933287786824E+01
8,0.3260,8.194405330734E+01,6.131309539632E+01,1.927357456190E+01
8,0.3270,8.176620304451E+01,6.073553650601E+01,1.921463396691E+01
8,0.3280,8.158955643784E+01,6.016149931624E+01,1.915605276579E+01
8,0.3290,8.141409164220E+01,5.959095171426E+01,1.909782768140E+01
8,0.3300,8.123977660768E+01,5.902386197654E+01,1.903995547630E+01
8,0.3310,8.111970668937E+01,5.861205822652E+01,1.898243295220E+01
8,0.3320,8.100082323707E+01,5.820273522199E+01,1.892525694934E+01
8,0.3330,8.088296249257E+01,5.779587061388E+01,1.886842434588E+01
8,0.3340,8.076575759317E+01,5.739144232079E+01,1.881193205742E+01
8,0.3350,8.064919800584E+01,5.698942852497E+01,1.875577703636E+01
8,0.3360,8.053325562626E+01,5.658980766841E+01,1.869995627137E+01
8,0.3370,8.041796211980E+01,5.619255844899E+01,1.864446678688E+01
8,0.3380,8.030329489089E+01,5.579765981666E+01,1.858930564254E+01
8,0.3390,8.018925865384E+01,5.540509096977E+01,1.853446993268E+01
8,0.3400,8.007582847060E+01,5.501483135139E+01,1.847995678582E+01
8,0.3410,8.015865556152E+01,5.478163705799E+01,1.842576336416E+01
8,0.3420,8.024094992582E+01,5.454980647391E+01,1.837188686310E+01
8,0.3430,8.032277382450E+01,5.431932767166E+01,1.831832451073E+01
8,0.3440,8.040407260108E+01,5.409018886245E+01,1.826507356738E+01
8,0.3450,8.048488677873E+01,5.386237839416E+01,1.821213132516E+01
8,0.3460,8.056521462580E+01,5.363588474938E+01,1.815949510746E+01
8,0.3470,8.064507004029E+01,5.341069654348E+01,1.810716226853E+01
8,0.3480,8.072444595343E+01,5.318680252267E+01,1.805513019304E+01
8,0.3490,8.080334044296E+01,5.296419156215E+01,1.800339629564E+01
8,0.3500,8.088176241915E+01,5.274285266427E+01,1.795195802051E+01
8,0.3510,8.169676856408E+01,5.264271040272E+01,1.790081284097E+01
8,0.3520,8.250467106525E+01,5.254313713129E+01,1.784995825903E+01
8,0.3530,8.330560817579E+01,5.244412801437E+01,1.779939180504E+01
8,0.3540,8.409971293094E+01,5.234567827100E+01,1.774911103723E+01
8,0.3550,8.488714627825E+01,5.224778317407E+01,1.769911354135E+01
8,0.3560,8.566802758579E+01,5.215043804959E+01,1.764939693028E+01
8,0.3570,8.644251056047E+01,5.205363827595E+01,1.759995884364E+01
8,0.3580,8.721066752874E+01,5.195737928317E+01,1.755079694743E+01
8,0.3590,8.797264206469E+01,5.186165655219E+01,1.750190893365E+01
8,0.3600,8.872855931960E+01,5.176646561415E+01,1.745329251994E+01
8,0.3610,9.016219290630E+01,5.023937503926E+01,1.740494544925E+01
8,0.3620,9.158176219024E+01,4.872072142888E+01,1.735686548945E+01
8,0.3630,9.298766228038E+01,4.721043505601E+01,1.730905043300E+01
8,0.3640,9.438034303683E+01,4.570844695992E+01,1.726149809665E+01
8,0.3650,9.576015386961E+01,4.421468893559E+01,1.721420632104E+01
8,0.3660,9.712749820529E+01,4.272909352342E+01,1.716717297044E+01
8,0.3670,9.848268443574E+01,4.125159399904E+01,1.712039593237E+01
8,0.3680,9.982605368472E+01,3.978212436339E+01,1.707387311734E+01
8,0.3690,1.011578812312E+02,3.832061933281E+01,1.702760245848E+01
8,0.3700,1.024784769675E+02,3.686701432942E+01,1.698158191130E+01
8,0.3710,1.015860626099E+02,3.469300566511E+01,1.693580945331E+01
8,0.3720,1.006966081479E+02,3.253068521943E+01,1.689028308382E+01
8,0.3730,9.981009995684E+01,3.037995898525E+01,1.684500082354E+01
8,0.3740,9.892644592970E+01,2.824073396088E+01,1.679996071438E+01
8,0.3750,9.804559105138E+01,2.611291813664E+01,1.675516081915E+01
8,0.3760,9.716748687530E+01,2.399642048168E+01,1.671059922122E+01
8,0.3770,9.629205885149E+01,2.189115093098E+01,1.666627402435E+01
8,0.3780,9.541928235806E+01,1.979702037262E+01,1.662218335233E+01
8,0.3790,9.454907535295E+01,1.771394063515E+01,1.657832534876E+01
8,0.3800,9.368137983880E+01,1.564182447524E+01,1.653469817679E+01
8,0.3810,9.223322869237E+01,1.477455568688E+01,1.649130001884E+01
8,0.3820,9.078658891867E+01,1.391182757281E+01,1.644812907639E+01
8,0.3830,8.934120133101E+01,1.305360456638E+01,1.640518356966E+01
8,0.3840,8.789680872690E+01,1.219985147144E+01,1.636246173745E+01
8,0.3850,8.645310377975E+01,1.135053345752E+01,1.631996183683E+01
8,0.3860,8.500985012743E+01,1.050561605506E+01,1.627768214295E+01
8,0.3870,8.356670636305E+01,9.665065150811E+00,1.623562094878E+01
8,0.3880,8.212336428707E+01,8.828846983181E+00,1.619377656490E+01
8,0.3890,8.067948638050E+01,7.996928137750E+00,1.615214731923E+01
8,0.3900,7.923472619652E+01,7.169275542807E+00,1.611073155687E+01
8,0.3910,7.808771681675E+01,6.911503837898E+00,1.606952763985E+01
8,0.3920,7.694091603634E+01,6.655047294747E+00,1.602853394689E+01
8,0.3930,7.579412188152E+01,6.399895873954E+00,1.598774887323E+01
8,0.3940,7.464712653010E+01,6.146039638038E+00,1.594717083041E+01
8,0.3950,7.349966760718E+01,5.893468750152E+00,1.590679824602E+01
8,0.3960,7.235159459418E+01,5.642173472811E+00,1.586662956358E+01
8,0.3970,7.120258905581E+01,5.392144166640E+00,1.582666324227E+01
8,0.3980,7.005239818029E+01,5.143371289143E+00,1.578689775673E+01
8,0.3990,6.890078558728E+01,4.895845393489E+00,1.574733159694E+01
8,0.4000,6.774743501375E+01,4.649557127313E+00,1.570796326795E+01
8,0.4010,6.688442703279E+01,4.529847561859E+00,1.566879128972E+01
8,0.4020,6.602120536556E+01,4.410733566383E+00,1.562981419696E+01
8,0.4030,6.515765714672E+01,4.292210707361E+00,1.559103053891E+01
8,0.4040,6.429367659335E+01,4.174274595166E+00,1.555243887916E+01
8,0.4050,6.342905528384E+01,4.056920883525E+00,1.551403779551E+01
8,0.4060,6.256370825738E+01,3.940145268985E+00,1.547582587975E+01
8,0.4070,6.169742271029E+01,3.823943490389E+00,1.543780173754E+01
8,0.4080,6.083006600585E+01,3.708311328355E+00,1.539996398819E+01
8,0.4090,5.996145788749E+01,3.593244604766E+00,1.536231126450E+01
8,0.4100,5.909142101644E+01,3.478739182268E+00,1.532484221263E+01
8,0.4110,5.837200606315E+01,3.392308563657E+00,1.528755549192E+01
8,0.4120,5.765198614217E+01,3.306297511157E+00,1.525044977471E+01
8,0.4130,5.693122878165E+01,3.220702977070E+00,1.521352374620E+01
8,0.4140,5.620964073616E+01,3.135521943148E+00,1.517677610430E+01
8,0.4150,5.548708463887E+01,3.050751420233E+00,1.514020555947E+01
8,0.4160,5.476345672811E+01,2.966388447909E+00,1.510381083457E+01
8,0.4170,5.403860518116E+01,2.882430094157E+00,1.506759066470E+01
8,0.4180,5.331241715244E+01,2.798873455016E+00,1.503154379708E+01
8,0.4190,5.258471161828E+01,2.715715654249E+00,1.499566899088E+01
8,0.4200,5.185539688345E+01,2.632953843009E+00,1.495996501709E+01
8,0.4210,5.121448408305E+01,2.569986959374E+00,1.492443065838E+01
8,0.4220,5.057244430880E+01,2.507318496988E+00,1.488906470896E+01
8,0.4230,4.992918198224E+01,2.444946339389E+00,1.485386597442E+01
8,0.4240,4.928458726005E+01,2.382868390081E+00,1.481883327165E+01
8,0.4250,4.863850637238E+01,2.321082572299E+00,1.478396542866E+01
8,0.4260,4.799087904320E+01,2.259586828779E+00,1.474926128446E+01
8,0.4270,4.734154328441E+01,2.198379121528E+00,1.471471968895E+01
8,0.4280,4.669034778512E+01,2.137457431601E+00,1.468033950276E+01
8,0.4290,4.603719965725E+01,2.076819758877E+00,1.464611959716E+01
8,0.4300,4.538193755940E+01,2.016464121839E+00,1.461205885391E+01
8,0.4310,4.480059203102E+01,1.966593266679E+00,1.457815616515E+01
8,0.4320,4.421767603550E+01,1.916953295107E+00,1.454441043329E+01
8,0.4330,4.363307144451E+01,1.867542607469E+00,1.451082057085E+01
8,0.4340,4.304665857446E+01,1.818359618852E+00,1.447738550041E+01
8,0.4350,4.245833276100E+01,1.769402758918E+00,1.444410415444E+01
8,0.4360,4.186797301868E+01,1.720670471737E+00,1.441097547518E+01
8,0.4370,4.127546358237E+01,1.672161215618E+00,1.437799841460E+01
8,0.4380,4.068067893483E+01,1.623873462951E+00,1.434517193420E+01
8,0.4390,4.008344840414E+01,1.575805700047E+00,1.431249500496E+01
8,0.4400,3.948368185219E+01,1.527956426973E+00,1.427996660723E+01
8,0.4410,3.892033214377E+01,1.495002020225E+00,1.424758573057E+01
8,0.4420,3.835466782231E+01,1.462196728440E+00,1.421535137371E+01
8,0.4430,3.778658032306E+01,1.429539541810E+00,1.418326254442E+01
8,0.4440,3.721592202386E+01,1.397029459624E+00,1.415131825941E+01
8,0.4450,3.664255725325E+01,1.364665490167E+00,1.411951754422E+01
8,0.4460,3.606641371667E+01,1.332446650618E+00,1.408785943314E+01
8,0.4470,3.548731880397E+01,1.300371966950E+00,1.405634296908E+01
8,0.4480,3.490517920951E+01,1.268440473834E+00,1.402496720353E+01
8,0.4490,3.431984790504E+01,1.236651214541E+00,1.399373119639E+01
8,0.4500,3.373121858821E+01,1.205003240845E+00,1.396263401595E+01
8,0.4510,3.318379785309E+01,1.181543941427E+00,1.393167473876E+01
8,0.4520,3.263357071265E+01,1.158188444218E+00,1.390085244951E+01
8,0.4530,3.208044328650E+01,1.134936061787E+00,1.387016624101E+01
8,0.4540,3.152436229196E+01,1.111786112760E+00,1.383961521405E+01
8,0.4550,3.096531946472E+01,1.088737921749E+00,1.380919847732E+01
8,0.4560,3.040330319598E+01,1.065790819296E+00,1.377891514732E+01
8,0.4570,2.983834276953E+01,1.042944141799E+00,1.374876434831E+01
8,0.4580,2.927054251360E+01,1.020197231453E+00,1.371874521218E+01
8,0.4590,2.870003655157E+01,9.975494361844E-01,1.368885687839E+01
8,0.4600,2.812708020008E+01,9.750001095908E-01,1.365909849387E+01
8,0.4610,2.759118384557E+01,9.602165502576E-01,1.362946921297E+01
8,0.4620,2.705390027577E+01,9.454969890167E-01,1.359996819736E+01
8,0.4630,2.651581076320E+01,9.308410111938E-01,1.357059461594E+01
8,0.4640,2.597758102577E+01,9.162482056890E-01,1.354134764478E+01
8,0.4650,2.544014053349E+01,9.017181649391E-01,1.351222646705E+01
8,0.4660,2.490472844486E+01,8.872504848791E-01,1.348323027292E+01
8,0.4670,2.437298424481E+01,8.728447649050E-01,1.345435825949E+01
8,0.4680,2.384696979889E+01,8.585006078367E-01,1.342560963073E+01
8,0.4690,2.332932182168E+01,8.442176198818E-01,1.339698359740E+01
8,0.4700,2.282344897595E+01,8.299954105990E-01,1.336847937698E+01
8,0.4710,2.236351579222E+01,8.187857561508E-01,1.334009619359E+01
8,0.4720,2.192130232608E+01,8.076236002383E-01,1.331183327792E+01
8,0.4730,2.150126292093E+01,7.965086416024E-01,1.328368986719E+01
8,0.4740,2.110800583674E+01,7.854405815261E-01,1.325566520502E+01
8,0.4750,2.074592530803E+01,7.744191238081E-01,1.322775854143E+01
8,0.4760,2.041859724029E+01,7.634439747359E-01,1.319996913273E+01
8,0.4770,2.012823475253E+01,7.525148430602E-01,1.317229624147E+01
8,0.4780,1.987526656641E+01,7.416314399690E-01,1.314473913636E+01
8,0.4790,1.965846594588E+01,7.307934790619E-01,1.311729709223E+01
8,0.4800,1.947526654265E+01,7.200006763252E-01,1.308996938996E+01
8,0.4810,1.932793435641E+01,7.108320372249E-01,1.306275531638E+01
8,0.4820,1.920490058094E+01,7.017014422703E-01,1.303565416427E+01
8,0.4830,1.910371013856E+01,6.926086551623E-01,1.300866523226E+01
8,0.4840,1.902247553093E+01,6.835534415547E-01,1.298178782475E+01
8,0.4850,1.896023306030E+01,6.745355690342E-01,1.295502125192E+01
9,0.3000,8.504149492595E+01,8.867668863533E+01,2.094395102393E+01
9,0.3010,8.498798671197E+01,8.705447177761E+01,2.087436979129E+01
9,0.3020,8.493402975234E+01,8.544299807790E+01,2.080524936152E+01
9,0.3030,8.488043421049E+01,8.384216116828E+01,2.073658517221E+01
9,0.3040,8.482721511689E+01,8.225185608043E+01,2.066837272099E+01
9,0.3050,8.477437490507E+01,8.067197922267E+01,2.060060756452E+01
9,0.3060,8.472190200868E+01,7.910242835745E+01,2.053328531758E+01
9,0.3070,8.466977869600E+01,7.754310257929E+01,2.046640165205E+01
9,0.3080,8.461800547768E+01,7.599390229320E+01,2.039995229604E+01
9,0.3090,8.456660750641E+01,7.445472919343E+01,2.033393303294E+01
9,0.3100,8.451552347649E+01,7.292548624268E+01,2.026833970058E+01
9,0.3110,8.408881268642E+01,7.209500568704E+01,2.020316819029E+01
9,0.3120,8.366382840117E+01,7.126984872471E+01,2.013841444609E+01
9,0.3130,8.324097039262E+01,7.044996433082E+01,2.007407446383E+01
9,0.3140,8.282018575828E+01,6.963530213053E+01,2.001014429038E+01
9,0.3150,8.240145352305E+01,6.882581238864E+01,1.994662002279E+01
9,0.3160,8.198478560496E+01,6.802144599956E+01,1.988349780753E+01
9,0.3170,8.157014500581E+01,6.722215447729E+01,1.982077383968E+01
9,0.3180,8.115747161048E+01,6.642788994572E+01,1.975844436220E+01
9,0.3190,8.074677941232E+01,6.563860512908E+01,1.969650566514E+01
9,0.3200,8.033804890994E+01,6.485425334254E+01,1.963495408494E+01
9,0.3210,8.015176727661E+01,6.425486731426E+01,1.957378600367E+01
9,0.3220,7.996629026989E+01,6.365920418057E+01,1.951299784838E+01
9,0.3230,7.978198555413E+01,6.306722936349E+01,1.945258609034E+01
9,0.3240,7.959881403787E+01,6.247890871195E+01,1.939254724438E+01
9,0.3250,7.941676302338E+01,6.189420849519E+01,1.933287786824E+01
9,0.3260,7.923583745139E+01,6.131309539632E+01,1.927357456190E+01
9,0.3270,7.905603900463E+01,6.073553650601E+01,1.921463396691E+01
9,0.3280,7.887734001549E+01,6.016149931624E+01,1.915605276579E+01
9,0.3290,7.869971507573E+01,5.959095171426E+01,1.909782768140E+01
9,0.3300,7.852318960890E+01,5.902386197654E+01,1.903995547630E+01
9,0.3310,7.840169463384E+01,5.861205822652E+01,1.898243295220E+01
9,0.3320,7.828119265171E+01,5.820273522199E+01,1.892525694934E+01
9,0.3330,7.816156258644E+01,5.779587061388E+01,1.886842434588E+01
9,0.3340,7.804258425577E+01,5.739144232079E+01,1.881193205742E+01
9,0.3350,7.792427113688E+01,5.698942852497E+01,1.875577703636E+01
9,0.3360,7.780659949837E+01,5.658980766841E+01,1.869995627137E+01
9,0.3370,7.768955105162E+01,5.619255844899E+01,1.864446678688E+01
9,0.3380,7.757316966860E+01,5.579765981666E+01,1.858930564254E+01
9,0.3390,7.745739714937E+01,5.540509096977E+01,1.853446993268E+01
9,0.3400,7.734225246398E+01,5.501483135139E+01,1.847995678582E+01
9,0.3410,7.742674060020E+01,5.478163705799E+01,1.842576336416E+01
9,0.3420,7.751069182755E+01,5.454980647391E+01,1.837188686310E+01
9,0.3430,7.759413486438E+01,5.431932767166E+01,1.831832451073E+01
9,0.3440,7.767706947917E+01,5.409018886245E+01,1.826507356738E+01
9,0.3450,7.775950315221E+01,5.386237839416E+01,1.821213132516E+01
9,0.3460,7.784143642686E+01,5.363588474938E+01,1.815949510746E+01
9,0.3470,7.792287118401E+01,5.341069654348E+01,1.810716226853E+01
9,0.3480,7.800381066651E+01,5.318680252267E+01,1.805513019304E+01
9,0.3490,7.808427504438E+01,5.296419156215E+01,1.800339629564E+01
9,0.3500,7.816423713976E+01,5.274285266427E+01,1.795195802051E+01
9,0.3510,7.899324855657E+01,5.264271040272E+01,1.790081284097E+01
9,0.3520,7.981488014930E+01,5.254313713129E+01,1.784995825903E+01
9,0.3530,8.062930880409E+01,5.244412801437E+01,1.779939180504E+01
9,0.3540,8.143668460432E+01,5.234567827100E+01,1.774911103723E+01
9,0.3550,8.223714689103E+01,5.224778317407E+01,1.769911354135E+01
9,0.3560,8.303085181939E+01,5.215043804959E+01,1.764939693028E+01
9,0.3570,8.381790826127E+01,5.205363827595E+01,1.759995884364E+01
9,0.3580,8.459844401934E+01,5.195737928317E+01,1.755079694743E+01
9,0.3590,8.537261366408E+01,5.186165655219E+01,1.750190893365E+01
9,0.3600,8.614049339565E+01,5.176646561415E+01,1.745329251994E+01
9,0.3610,8.759647754901E+01,5.023937503926E+01,1.740494544925E+01
9,0.3620,8.903783705902E+01,4.872072142888E+01,1.735686548945E+01
9,0.3630,9.046503077712E+01,4.721043505601E+01,1.730905043300E+01
9,0.3640,9.187847996787E+01,4.570844695992E+01,1.726149809665E+01
9,0.3650,9.327859246415E+01,4.421468893559E+01,1.721420632104E+01
9,0.3660,9.466576498698E+01,4.272909352342E+01,1.716717297044E+01
9,0.3670,9.604031271009E+01,4.125159399904E+01,1.712039593237E+01
9,0.3680,9.740262703292E+01,3.978212436339E+01,1.707387311734E+01
9,0.3690,9.875299877591E+01,3.832061933281E+01,1.702760245848E+01
9,0.3700,1.000917405909E+02,3.686701432942E+01,1.698158191130E+01
9,0.3710,9.918722222289E+01,3.469300566511E+01,1.693580945331E+01
9,0.3720,9.828560129770E+01,3.253068521943E+01,1.689028308382E+01
9,0.3730,9.738685179517E+01,3.037995898525E+01,1.684500082354E+01
9,0.3740,9.649088505335E+01,2.824073396088E+01,1.679996071438E+01
9,0.3750,9.559767754703E+01,2.611291813664E+01,1.675516081915E+01
9,0.3760,9.470716777594E+01,2.399642048168E+01,1.671059922122E+01
9,0.3770,9.381924492654E+01,2.189115093098E+01,1.666627402435E+01
9,0.3780,9.293392129237E+01,1.979702037262E+01,1.662218335233E+01
9,0.3790,9.205109926096E+01,1.771394063515E+01,1.657832534876E+01
9,0.3800,9.117071660668E+01,1.564182447524E+01,1.653469817679E+01
9,0.3810,8.970112195387E+01,1.477455568688E+01,1.649130001884E+01
9,0.3820,8.823274089743E+01,1.391182757281E+01,1.644812907639E+01
9,0.3830,8.676535155626E+01,1.305360456638E+01,1.640518356966E+01
9,0.3840,8.529865101877E+01,1.219985147144E+01,1.636246173745E+01
9,0.3850,8.383236327340E+01,1.135053345752E+01,1.631996183683E+01
9,0.3860,8.236620684076E+01,1.050561605506E+01,1.627768214295E+01
9,0.3870,8.089983538203E+01,9.665065150811E+00,1.623562094878E+01
9,0.3880,7.943296683690E+01,8.828846983181E+00,1.619377656490E+01
9,0.3890,7.796522774443E+01,7.996928137750E+00,1.615214731923E+01
9,0.3900,7.649627316224E+01,7.169275542807E+00,1.611073155687E+01
9,0.3910,7.532982430932E+01,6.911503837898E+00,1.606952763985E+01
9,0.3920,7.416340612861E+01,6.655047294747E+00,1.602853394689E+01
9,0.3930,7.299677941733E+01,6.399895873954E+00,1.598774887323E+01
9,0.3940,7.182971252211E+01,6.146039638038E+00,1.594717083041E+01
9,0.3950,7.066203193834E+01,5.893468750152E+00,1.590679824602E+01
9,0.3960,6.949342263282E+01,5.642173472811E+00,1.586662956358E+01
9,0.3970,6.832368308520E+01,5.392144166640E+00,1.582666324227E+01
9,0.3980,6.715253323081E+01,5.143371289143E+00,1.578689775673E+01
9,0.3990,6.597968960628E+01,4.895845393489E+00,1.574733159694E+01
9,0.4000,6.480487340808E+01,4.649557127313E+00,1.570796326795E+01
9,0.4010,6.392566505794E+01,4.529847561859E+00,1.566879128972E+01
9,0.4020,6.304614093467E+01,4.410733566383E+00,1.562981419696E+01
9,0.4030,6.216617436780E+01,4.292210707361E+00,1.559103053891E+01
9,0.4040,6.128559430021E+01,4.174274595166E+00,1.555243887916E+01
9,0.4050,6.040427133025E+01,4.056920883525E+00,1.551403779551E+01
9,0.4060,5.952204225357E+01,3.940145268985E+00,1.547582587975E+01
9,0.4070,5.863874067945E+01,3.823943490389E+00,1.543780173754E+01
9,0.4080,5.775420023189E+01,3.708311328355E+00,1.539996398819E+01
9,0.4090,5.686824251095E+01,3.593244604766E+00,1.536231126450E+01
9,0.4100,5.598067227633E+01,3.478739182268E+00,1.532484221263E+01
9,0.4110,5.524670426449E+01,3.392308563657E+00,1.528755549192E+01
9,0.4120,5.451203001391E+01,3.306297511157E+00,1.525044977471E+01
9,0.4130,5.377650050198E+01,3.220702977070E+00,1.521352374620E+01
9,0.4140,5.304003286486E+01,3.135521943148E+00,1.517677610430E+01
9,0.4150,5.230246105378E+01,3.050751420233E+00,1.514020555947E+01
9,0.4160,5.156367696401E+01,2.966388447909E+00,1.510381083457E+01
9,0.4170,5.082351627724E+01,2.882430094157E+00,1.506759066470E+01
9,0.4180,5.008187990861E+01,2.798873455016E+00,1.503154379708E+01
9,0.4190,4.933860615410E+01,2.715715654249E+00,1.499566899088E+01
9,0.4200,4.859351438257E+01,2.632953843009E+00,1.495996501709E+01
9,0.4210,4.793867362427E+01,2.569986959374E+00,1.492443065838E+01
9,0.4220,4.728261339349E+01,2.507318496988E+00,1.488906470896E+01
9,0.4230,4.662518801390E+01,2.444946339389E+00,1.485386597442E+01
9,0.4240,4.596626530236E+01,2.382868390081E+00,1.481883327165E+01
9,0.4250,4.530576158651E+01,2.321082572299E+00,1.478396542866E+01
9,0.4260,4.464347823966E+01,2.259586828779E+00,1.474926128446E+01
9,0.4270,4.397934089096E+01,2.198379121528E+00,1.471471968895E+01
9,0.4280,4.331317954132E+01,2.137457431601E+00,1.468033950276E+01
9,0.4290,4.264483482928E+01,2.076819758877E+00,1.464611959716E+01
9,0.4300,4.197417215266E+01,2.016464121839E+00,1.461205885391E+01
9,0.4310,4.137911810423E+01,1.966593266679E+00,1.457815616515E+01
9,0.4320,4.078229466612E+01,1.916953295107E+00,1.454441043329E+01
9,0.4330,4.018362113522E+01,1.867542607469E+00,1.451082057085E+01
9,0.4340,3.958292012457E+01,1.818359618852E+00,1.447738550041E+01
9,0.4350,3.898009764739E+01,1.769402758918E+00,1.444410415444E+01
9,0.4360,3.837499282928E+01,1.720670471737E+00,1.441097547518E+01
9,0.4370,3.776748909239E+01,1.672161215618E+00,1.437799841460E+01
9,0.4380,3.715742573154E+01,1.623873462951E+00,1.434517193420E+01
9,0.4390,3.654462462207E+01,1.575805700047E+00,1.431249500496E+01
9,0.4400,3.592893393303E+01,1.527956426973E+00,1.427996660723E+01
9,0.4410,3.535047277130E+01,1.495002020225E+00,1.424758573057E+01
9,0.4420,3.476937211058E+01,1.462196728440E+00,1.421535137371E+01
9,0.4430,3.418547553041E+01,1.429539541810E+00,1.418326254442E+01
9,0.4440,3.359862749301E+01,1.397029459624E+00,1.415131825941E+01
9,0.4450,3.300864269538E+01,1.364665490167E+00,1.411951754422E+01
9,0.4460,3.241539934940E+01,1.332446650618E+00,1.408785943314E+01
9,0.4470,3.181871594541E+01,1.300371966950E+00,1.405634296908E+01
9,0.4480,3.121838573005E+01,1.268440473834E+00,1.402496720353E+01
9,0.4490,3.061427991894E+01,1.236651214541E+00,1.399373119639E+01
9,0.4500,3.000618302772E+01,1.205003240845E+00,1.396263401595E+01
9,0.4510,2.944022668212E+01,1.181543941427E+00,1.393167473876E+01
9,0.4520,2.887071327520E+01,1.158188444218E+00,1.390085244951E+01
9,0.4530,2.829756777553E+01,1.134936061787E+00,1.387016624101E+01
9,0.4540,2.772064976841E+01,1.111786112760E+00,1.383961521405E+01
9,0.4550,2.713984681346E+01,1.088737921749E+00,1.380919847732E+01
9,0.4560,2.655506775273E+01,1.065790819296E+00,1.377891514732E+01
9,0.4570,2.596625772098E+01,1.042944141799E+00,1.374876434831E+01
9,0.4580,2.537344451170E+01,1.020197231453E+00,1.371874521218E+01
9,0.4590,2.477673162003E+01,9.975494361844E-01,1.368885687839E+01
9,0.4600,2.417633896148E+01,9.750001095908E-01,1.365909849387E+01
9,0.4610,2.361403628713E+01,9.602165502576E-01,1.362946921297E+01
9,0.4620,2.304958636691E+01,9.454969890167E-01,1.359996819736E+01
9,0.4630,2.248397772181E+01,9.308410111938E-01,1.357059461594E+01
9,0.4640,2.191881412048E+01,9.162482056890E-01,1.354134764478E+01
9,0.4650,2.135693627999E+01,9.017181649391E-01,1.351222646705E+01
9,0.4660,2.080356290994E+01,8.872504848791E-01,1.348323027292E+01
9,0.4670,2.027033880884E+01,8.728447649050E-01,1.345435825949E+01
9,0.4680,1.979335755275E+01,8.585006078367E-01,1.342560963073E+01
9,0.3000,8.334319645909E+01,8.867668863533E+01,2.094395102393E+01
9,0.3010,8.328659072828E+01,8.705447177761E+01,2.087436979129E+01
9,0.3020,8.322848721134E+01,8.544299807790E+01,2.080524936152E+01
9,0.3030,8.317083868923E+01,8.384216116828E+01,2.073658517221E+01
9,0.3040,8.311362309312E+01,8.225185608043E+01,2.066837272099E+01
9,0.3050,8.305682742105E+01,8.067197922267E+01,2.060060756452E+01
9,0.3060,8.300046057754E+01,7.910242835745E+01,2.053328531758E+01
9,0.3070,8.294448946514E+01,7.754310257929E+01,2.046640165205E+01
9,0.3080,8.288896101479E+01,7.599390229320E+01,2.039995229604E+01
9,0.3090,8.283381500661E+01,7.445472919343E+01,2.033393303294E+01
9,0.3100,8.277908671155E+01,7.292548624268E+01,2.026833970058E+01
9,0.3110,8.233563366685E+01,7.209500568704E+01,2.020316819029E+01
9,0.3120,8.189335241934E+01,7.126984872471E+01,2.013841444609E+01
9,0.3130,8.145305205352E+01,7.044996433082E+01,2.007407446383E+01
9,0.3140,8.101475746115E+01,6.963530213053E+01,2.001014429038E+01
9,0.3150,8.057839086317E+01,6.882581238864E+01,1.994662002279E+01
9,0.3160,8.014397972454E+01,6.802144599956E+01,1.988349780753E+01
9,0.3170,7.971148488806E+01,6.722215447729E+01,1.982077383968E+01
9,0.3180,7.928088064944E+01,6.642788994572E+01,1.975844436220E+01
9,0.3190,7.885213319878E+01,6.563860512908E+01,1.969650566514E+01
9,0.3200,7.842523828918E+01,6.485425334254E+01,1.963495408494E+01
9,0.3210,7.822883415061E+01,6.425486731426E+01,1.957378600367E+01
9,0.3220,7.803296525182E+01,6.365920418057E+01,1.951299784838E+01
9,0.3230,7.783843023782E+01,6.306722936349E+01,1.945258609034E+01
9,0.3240,7.764521504659E+01,6.247890871195E+01,1.939254724438E+01
9,0.3250,7.745334238090E+01,6.189420849519E+01,1.933287786824E+01
9,0.3260,7.726276976756E+01,6.131309539632E+01,1.927357456190E+01
9,0.3270,7.707349342763E+01,6.073553650601E+01,1.921463396691E+01
9,0.3280,7.688550179863E+01,6.016149931624E+01,1.915605276579E+01
9,0.3290,7.669880753938E+01,5.959095171426E+01,1.909782768140E+01
9,0.3300,7.651335741113E+01,5.902386197654E+01,1.903995547630E+01
9,0.3310,7.638547117259E+01,5.861205822652E+01,1.898243295220E+01
9,0.3320,7.625902124999E+01,5.820273522199E+01,1.892525694934E+01
9,0.3330,7.613372911505E+01,5.779587061388E+01,1.886842434588E+01
9,0.3340,7.600913479031E+01,5.739144232079E+01,1.881193205742E+01
9,0.3350,7.588518416221E+01,5.698942852497E+01,1.875577703636E+01
9,0.3360,7.576191321882E+01,5.658980766841E+01,1.869995627137E+01
9,0.3370,7.563925151020E+01,5.619255844899E+01,1.864446678688E+01
9,0.3380,7.551724931237E+01,5.579765981666E+01,1.858930564254E+01
9,0.3390,7.539590531418E+01,5.540509096977E+01,1.853446993268E+01
9,0.3400,7.527518075538E+01,5.501483135139E+01,1.847995678582E+01
9,0.3410,7.536298379632E+01,5.478163705799E+01,1.842576336416E+01
9,0.3420,7.545023029046E+01,5.454980647391E+01,1.837188686310E+01
9,0.3430,7.553694963088E+01,5.431932767166E+01,1.831832451073E+01
9,0.3440,7.562311133701E+01,5.409018886245E+01,1.826507356738E+01
9,0.3450,7.570877356941E+01,5.386237839416E+01,1.821213132516E+01
9,0.3460,7.579388052302E+01,5.363588474938E+01,1.815949510746E+01
9,0.3470,7.587849348288E+01,5.341069654348E+01,1.810716226853E+01
9,0.3480,7.596257631025E+01,5.318680252267E+01,1.805513019304E+01
9,0.3490,7.604616273246E+01,5.296419156215E+01,1.800339629564E+01
9,0.3500,7.612924413447E+01,5.274285266427E+01,1.795195802051E+01
9,0.3510,7.699363681074E+01,5.264271040272E+01,1.790081284097E+01
9,0.3520,7.784947144917E+01,5.254313713129E+01,1.784995825903E+01
9,0.3530,7.869697587574E+01,5.244412801437E+01,1.779939180504E+01
9,0.3540,7.953634863948E+01,5.234567827100E+01,1.774911103723E+01
9,0.3550,8.036777813547E+01,5.224778317407E+01,1.769911354135E+01
9,0.3560,8.119146602183E+01,5.215043804959E+01,1.764939693028E+01
9,0.3570,8.200757335602E+01,5.205363827595E+01,1.759995884364E+01
9,0.3580,8.281629448977E+01,5.195737928317E+01,1.755079694743E+01
9,0.3590,8.361775555625E+01,5.186165655219E+01,1.750190893365E+01
9,0.3600,8.441214858110E+01,5.176646561415E+01,1.745329251994E+01
9,0.3610,8.591698985544E+01,5.023937503926E+01,1.740494544925E+01
9,0.3620,8.740474260820E+01,4.872072142888E+01,1.735686548945E+01
9,0.3630,8.887604239694E+01,4.721043505601E+01,1.730905043300E+01
9,0.3640,9.033150068026E+01,4.570844695992E+01,1.726149809665E+01
9,0.3650,9.177162678475E+01,4.421468893559E+01,1.721420632104E+01
9,0.3660,9.319696158873E+01,4.272909352342E+01,1.716717297044E+01
9,0.3670,9.460797994119E+01,4.125159399904E+01,1.712039593237E+01
9,0.3680,9.600509885407E+01,3.978212436339E+01,1.707387311734E+01
9,0.3690,9.738878410797E+01,3.832061933281E+01,1.702760245848E+01
9,0.3700,9.875940361189E+01,3.686701432942E+01,1.698158191130E+01
9,0.3710,9.783325075903E+01,3.469300566511E+01,1.693580945331E+01
9,0.3720,9.690953940501E+01,3.253068521943E+01,1.689028308382E+01
9,0.3730,9.598826129106E+01,3.037995898525E+01,1.684500082354E+01
9,0.3740,9.506927049308E+01,2.824073396088E+01,1.679996071438E+01
9,0.3750,9.415253990002E+01,2.611291813664E+01,1.675516081915E+01
9,0.3760,9.323798454616E+01,2.399642048168E+01,1.671059922122E+01
9,0.3770,9.232554124648E+01,2.189115093098E+01,1.666627402435E+01
9,0.3780,9.141513754694E+01,1.979702037262E+01,1.662218335233E+01
9,0.3790,9.050665530903E+01,1.771394063515E+01,1.657832534876E+01
9,0.3800,8.960008490150E+01,1.564182447524E+01,1.653469817679E+01
9,0.3810,8.808536372499E+01,1.477455568688E+01,1.649130001884E+01
9,0.3820,8.656996930128E+01,1.391182757281E+01,1.644812907639E+01
9,0.3830,8.505351184847E+01,1.305360456638E+01,1.640518356966E+01
9,0.3840,8.353563235540E+01,1.219985147144E+01,1.636246173745E+01
9,0.3850,8.201590728081E+01,1.135053345752E+01,1.631996183683E+01
9,0.3860,8.049383722625E+01,1.050561605506E+01,1.627768214295E+01
9,0.3870,7.896901087283E+01,9.665065150811E+00,1.623562094878E+01
9,0.3880,7.744090864637E+01,8.828846983181E+00,1.619377656490E+01
9,0.3890,7.590899480401E+01,7.996928137750E+00,1.615214731923E+01
9,0.3900,7.437267295049E+01,7.169275542807E+00,1.611073155687E+01
9,0.3910,7.315034841662E+01,6.911503837898E+00,1.606952763985E+01
9,0.3920,7.192582580984E+01,6.655047294747E+00,1.602853394689E+01
9,0.3930,7.069876976032E+01,6.399895873954E+00,1.598774887323E+01
9,0.3940,6.946881384329E+01,6.146039638038E+00,1.594717083041E+01
9,0.3950,6.823557762432E+01,5.893468750152E+00,1.590679824602E+01
9,0.3960,6.699867408387E+01,5.642173472811E+00,1.586662956358E+01
9,0.3970,6.575763282511E+01,5.392144166640E+00,1.582666324227E+01
9,0.3980,6.451204356181E+01,5.143371289143E+00,1.578689775673E+01
9,0.3990,6.326138568061E+01,4.895845393489E+00,1.574733159694E+01
9,0.4000,6.200515907129E+01,4.649557127313E+00,1.570796326795E+01
9,0.4010,6.106251114900E+01,4.529847561859E+00,1.566879128972E+01
9,0.4020,6.011736749242E+01,4.410733566383E+00,1.562981419696E+01
9,0.4030,5.916946525580E+01,4.292210707361E+00,1.559103053891E+01
9,0.4040,5.821852680641E+01,4.174274595166E+00,1.555243887916E+01
9,0.4050,5.726428789035E+01,4.056920883525E+00,1.551403779551E+01
9,0.4060,5.630643749659E+01,3.940145268985E+00,1.547582587975E+01
9,0.4070,5.534470018595E+01,3.823943490389E+00,1.543780173754E+01
9,0.4080,5.437868948453E+01,3.708311328355E+00,1.539996398819E+01
9,0.4090,5.340808481014E+01,3.593244604766E+00,1.536231126450E+01
9,0.4100,5.243249084359E+01,3.478739182268E+00,1.532484221263E+01
9,0.4110,5.162304206566E+01,3.392308563657E+00,1.528755549192E+01
9,0.4120,5.081039254759E+01,3.306297511157E+00,1.525044977471E+01
9,0.4130,4.999424346835E+01,3.220702977070E+00,1.521352374620E+01
9,0.4140,4.917439385244E+01,3.135521943148E+00,1.517677610430E+01
9,0.4150,4.835052418022E+01,3.050751420233E+00,1.514020555947E+01
9,0.4160,4.752238971588E+01,2.966388447909E+00,1.510381083457E+01
9,0.4170,4.668969161454E+01,2.882430094157E+00,1.506759066470E+01
9,0.4180,4.585207445596E+01,2.798873455016E+00,1.503154379708E+01
9,0.4190,4.500923509604E+01,2.715715654249E+00,1.499566899088E+01
9,0.4200,4.416081500430E+01,2.632953843009E+00,1.495996501709E+01
9,0.4210,4.341200101412E+01,2.569986959374E+00,1.492443065838E+01
9,0.4220,4.265873610355E+01,2.507318496988E+00,1.488906470896E+01
9,0.4230,4.190080216697E+01,2.444946339389E+00,1.485386597442E+01
9,0.4240,4.113790975667E+01,2.382868390081E+00,1.481883327165E+01
9,0.4250,4.036976192047E+01,2.321082572299E+00,1.478396542866E+01
9,0.4260,3.959602974419E+01,2.259586828779E+00,1.474926128446E+01
9,0.4270,3.881644423624E+01,2.198379121528E+00,1.471471968895E+01
9,0.4280,3.803068112388E+01,2.137457431601E+00,1.468033950276E+01
9,0.4290,3.723837952018E+01,2.076819758877E+00,1.464611959716E+01
9,0.4300,3.643925205079E+01,2.016464121839E+00,1.461205885391E+01
9,0.4310,3.572640950264E+01,1.966593266679E+00,1.457815616515E+01
9,0.4320,3.500807014542E+01,1.916953295107E+00,1.454441043329E+01
9,0.4330,3.428404991429E+01,1.867542607469E+00,1.451082057085E+01
9,0.4340,3.355419907891E+01,1.818359618852E+00,1.447738550041E+01
9,0.4350,3.281835874678E+01,1.769402758918E+00,1.444410415444E+01
9,0.4360,3.207645915686E+01,1.720670471737E+00,1.441097547518E+01
9,0.4370,3.132849805651E+01,1.672161215618E+00,1.437799841460E+01
9,0.4380,3.057465297878E+01,1.623873462951E+00,1.434517193420E+01
9,0.4390,2.981519313349E+01,1.575805700047E+00,1.431249500496E+01
9,0.4400,2.905069871979E+01,1.527956426973E+00,1.427996660723E+01
9,0.4410,2.833173826367E+01,1.495002020225E+00,1.424758573057E+01
9,0.4420,2.761046249255E+01,1.462196728440E+00,1.421535137371E+01
9,0.4430,2.688861351273E+01,1.429539541810E+00,1.418326254442E+01
9,0.4440,2.616872053048E+01,1.397029459624E+00,1.415131825941E+01
9,0.4450,2.545431534963E+01,1.364665490167E+00,1.411951754422E+01
9,0.4460,2.475047660986E+01,1.332446650618E+00,1.408785943314E+01
9,0.4470,2.406419609321E+01,1.300371966950E+00,1.405634296908E+01
9,0.4480,2.340484700949E+01,1.268440473834E+00,1.402496720353E+01
9,0.4490,2.278414631417E+01,1.236651214541E+00,1.399373119639E+01
9,0.4500,2.221570954779E+01,1.205003240845E+00,1.396263401595E+01
9,0.4510,2.174604609694E+01,1.181543941427E+00,1.393167473876E+01
9,0.4520,2.133966555043E+01,1.158188444218E+00,1.390085244951E+01
9,0.4530,2.099935279065E+01,1.134936061787E+00,1.387016624101E+01
9,0.4540,2.072259204011E+01,1.111786112760E+00,1.383961521405E+01
9,0.4550,2.050290957376E+01,1.088737921749E+00,1.380919847732E+01
9,0.4560,2.033224564160E+01,1.065790819296E+00,1.377891514732E+01
9,0.4570,2.020328415252E+01,1.042944141799E+00,1.374876434831E+01
9,0.4580,2.011098506377E+01,1.020197231453E+00,1.371874521218E+01
10,0.3000,8.047733540446E+01,8.867668863533E+01,2.094395102393E+01
10,0.3010,8.042073160794E+01,8.705447177761E+01,2.087436979129E+01
10,0.3020,8.036344068375E+01,8.544299807790E+01,2.080524936152E+01
10,0.3030,8.030652348843E+01,8.384216116828E+01,2.073658517221E+01
10,0.3040,8.025001765936E+01,8.225185608043E+01,2.066837272099E+01
10,0.3050,8.019392405965E+01,8.067197922267E+01,2.060060756452E+01
10,0.3060,8.013821187549E+01,7.910242835745E+01,2.053328531758E+01
10,0.3070,8.008289276550E+01,7.754310257929E+01,2.046640165205E+01
10,0.3080,8.002794272658E+01,7.599390229320E+01,2.039995229604E+01
10,0.3090,7.997340078254E+01,7.445472919343E+01,2.033393303294E+01
10,0.3100,7.991920703861E+01,7.292548624268E+01,2.026833970058E+01
10,0.3110,7.946957823341E+01,7.209500568704E+01,2.020316819029E+01
10,0.3120,7.902142166704E+01,7.126984872471E+01,2.013841444609E+01
10,0.3130,7.857526983895E+01,7.044996433082E+01,2.007407446383E+01
10,0.3140,7.813109301093E+01,6.963530213053E+01,2.001014429038E+01
10,0.3150,7.768885110850E+01,6.882581238864E+01,1.994662002279E+01
10,0.3160,7.724854873741E+01,6.802144599956E+01,1.988349780753E+01
10,0.3170,7.681013845877E+01,6.722215447729E+01,1.982077383968E+01
10,0.3180,7.637361032954E+01,6.642788994572E+01,1.975844436220E+01
10,0.3190,7.593893058302E+01,6.563860512908E+01,1.969650566514E+01
10,0.3200,7.550608876935E+01,6.485425334254E+01,1.963495408494E+01
10,0.3210,7.530831499102E+01,6.425486731426E+01,1.957378600367E+01
10,0.3220,7.511129372834E+01,6.365920418057E+01,1.951299784838E+01
10,0.3230,7.491549157362E+01,6.306722936349E+01,1.945258609034E+01
10,0.3240,7.472088251685E+01,6.247890871195E+01,1.939254724438E+01
10,0.3250,7.452748796943E+01,6.189420849519E+01,1.933287786824E+01
10,0.3260,7.433525201483E+01,6.131309539632E+01,1.927357456190E+01
10,0.3270,7.414417804534E+01,6.073553650601E+01,1.921463396691E+01
10,0.3280,7.395430248473E+01,6.016149931624E+01,1.915605276579E+01
10,0.3290,7.376555274723E+01,5.959095171426E+01,1.909782768140E+01
10,0.3300,7.357794532235E+01,5.902386197654E+01,1.903995547630E+01
10,0.3310,7.344876209867E+01,5.861205822652E+01,1.898243295220E+01
10,0.3320,7.332066316039E+01,5.820273522199E+01,1.892525694934E+01
10,0.3330,7.319354905213E+01,5.779587061388E+01,1.886842434588E+01
10,0.3340,7.306713569351E+01,5.739144232079E+01,1.881193205742E+01
10,0.3350,7.294136033983E+01,5.698942852497E+01,1.875577703636E+01
10,0.3360,7.281626503223E+01,5.658980766841E+01,1.869995627137E+01
10,0.3370,7.269183017103E+01,5.619255844899E+01,1.864446678688E+01
10,0.3380,7.256803266193E+01,5.579765981666E+01,1.858930564254E+01
10,0.3390,7.244491385486E+01,5.540509096977E+01,1.853446993268E+01
10,0.3400,7.232241519108E+01,5.501483135139E+01,1.847995678582E+01
10,0.3410,7.241210773777E+01,5.478163705799E+01,1.842576336416E+01
10,0.3420,7.250123181964E+01,5.454980647391E+01,1.837188686310E+01
10,0.3430,7.258979242865E+01,5.431932767166E+01,1.831832451073E+01
10,0.3440,7.267780053980E+01,5.409018886245E+01,1.826507356738E+01
10,0.3450,7.276527817710E+01,5.386237839416E+01,1.821213132516E+01
10,0.3460,7.285223168449E+01,5.363588474938E+01,1.815949510746E+01
10,0.3470,7.293861833968E+01,5.341069654348E+01,1.810716226853E+01
10,0.3480,7.302447907351E+01,5.318680252267E+01,1.805513019304E+01
10,0.3490,7.310982431277E+01,5.296419156215E+01,1.800339629564E+01
10,0.3500,7.319463304854E+01,5.274285266427E+01,1.795195802051E+01
10,0.3510,7.407419235311E+01,5.264271040272E+01,1.790081284097E+01
10,0.3520,7.494488983515E+01,5.254313713129E+01,1.784995825903E+01
10,0.3530,7.580698503418E+01,5.244412801437E+01,1.779939180504E+01
10,0.3540,7.666065519736E+01,5.234567827100E+01,1.774911103723E+01
10,0.3550,7.750614163866E+01,5.224778317407E+01,1.769911354135E+01
10,0.3560,7.834360226078E+01,5.215043804959E+01,1.764939693028E+01
10,0.3570,7.917326624838E+01,5.205363827595E+01,1.759995884364E+01
10,0.3580,7.999527167212E+01,5.195737928317E+01,1.755079694743E+01
10,0.3590,8.080981682520E+01,5.186165655219E+01,1.750190893365E+01
10,0.3600,8.161705843325E+01,5.176646561415E+01,1.745329251994E+01
10,0.3610,8.314581642963E+01,5.023937503926E+01,1.740494544925E+01
10,0.3620,8.465690028937E+01,4.872072142888E+01,1.735686548945E+01
10,0.3630,8.615093345782E+01,4.721043505601E+01,1.730905043300E+01
10,0.3640,8.762856318185E+01,4.570844695992E+01,1.726149809665E+01
10,0.3650,8.909035022279E+01,4.421468893559E+01,1.721420632104E+01
10,0.3660,9.053682867121E+01,4.272909352342E+01,1.716717297044E+01
10,0.3670,9.196851206511E+01,4.125159399904E+01,1.712039593237E+01
10,0.3680,9.338585450746E+01,3.978212436339E+01,1.707387311734E+01
10,0.3690,9.478928142663E+01,3.832061933281E+01,1.702760245848E+01
10,0.3700,9.617922157994E+01,3.686701432942E+01,1.698158191130E+01
10,0.3710,9.524020759379E+01,3.469300566511E+01,1.693580945331E+01
10,0.3720,9.430357561836E+01,3.253068521943E+01,1.689028308382E+01
10,0.3730,9.336927699389E+01,3.037995898525E+01,1.684500082354E+01
10,0.3740,9.243723944096E+01,2.824073396088E+01,1.679996071438E+01
10,0.3750,9.150738787223E+01,2.611291813664E+01,1.675516081915E+01
10,0.3760,9.057964664574E+01,2.399642048168E+01,1.671059922122E+01
10,0.3770,8.965394357061E+01,2.189115093098E+01,1.666627402435E+01
10,0.3780,8.873019556016E+01,1.979702037262E+01,1.662218335233E+01
10,0.3790,8.780833686630E+01,1.771394063515E+01,1.657832534876E+01
10,0.3800,8.688828004454E+01,1.564182447524E+01,1.653469817679E+01
10,0.3810,8.535073518375E+01,1.477455568688E+01,1.649130001884E+01
10,0.3820,8.381223977573E+01,1.391182757281E+01,1.644812907639E+01
10,0.3830,8.227235536355E+01,1.305360456638E+01,1.640518356966E+01
10,0.3840,8.073074358035E+01,1.219985147144E+01,1.636246173745E+01
10,0.3850,7.918693546186E+01,1.135053345752E+01,1.631996183683E+01
10,0.3860,7.764050321263E+01,1.050561605506E+01,1.627768214295E+01
10,0.3870,7.609093840487E+01,9.665065150811E+00,1.623562094878E+01
10,0.3880,7.453771411216E+01,8.828846983181E+00,1.619377656490E+01
10,0.3890,7.298029731754E+01,7.996928137750E+00,1.615214731923E+01
10,0.3900,7.141810610687E+01,7.169275542807E+00,1.611073155687E+01
10,0.3910,7.017502131543E+01,6.911503837898E+00,1.606952763985E+01
10,0.3920,6.892947865617E+01,6.655047294747E+00,1.602853394689E+01
10,0.3930,6.768114031968E+01,6.399895873954E+00,1.598774887323E+01
10,0.3940,6.642965797998E+01,6.146039638038E+00,1.594717083041E+01
10,0.3950,6.517464152250E+01,5.893468750152E+00,1.590679824602E+01
10,0.3960,6.391564770200E+01,5.642173472811E+00,1.586662956358E+01
10,0.3970,6.265222069216E+01,5.392144166640E+00,1.582666324227E+01
10,0.3980,6.138394340913E+01,5.143371289143E+00,1.578689775673E+01
10,0.3990,6.011023409377E+01,4.895845393489E+00,1.574733159694E+01
10,0.4000,5.883060217738E+01,4.649557127313E+00,1.570796326795E+01
10,0.4010,5.787034581478E+01,4.529847561859E+00,1.566879128972E+01
10,0.4020,5.690736955371E+01,4.410733566383E+00,1.562981419696E+01
10,0.4030,5.594143585514E+01,4.292210707361E+00,1.559103053891E+01
10,0.4040,5.497227008499E+01,4.174274595166E+00,1.555243887916E+01
10,0.4050,5.399959659464E+01,4.056920883525E+00,1.551403779551E+01
10,0.4060,5.302302373570E+01,3.940145268985E+00,1.547582587975E+01
10,0.4070,5.204229801034E+01,3.823943490389E+00,1.543780173754E+01
10,0.4080,5.105706246240E+01,3.708311328355E+00,1.539996398819E+01
10,0.4090,5.006689370353E+01,3.593244604766E+00,1.536231126450E+01
10,0.4100,4.907142432063E+01,3.478739182268E+00,1.532484221263E+01
10,0.4110,4.824541670233E+01,3.392308563657E+00,1.528755549192E+01
10,0.4120,4.741595858378E+01,3.306297511157E+00,1.525044977471E+01
10,0.4130,4.658275194876E+01,3.220702977070E+00,1.521352374620E+01
10,0.4140,4.574556677652E+01,3.135521943148E+00,1.517677610430E+01
10,0.4150,4.490406366718E+01,3.050751420233E+00,1.514020555947E+01
10,0.4160,4.405795564453E+01,2.966388447909E+00,1.510381083457E+01
10,0.4170,4.320691854148E+01,2.882430094157E+00,1.506759066470E+01
10,0.4180,4.235061311336E+01,2.798873455016E+00,1.503154379708E+01
10,0.4190,4.148862755014E+01,2.715715654249E+00,1.499566899088E+01
10,0.4200,4.062059340014E+01,2.632953843009E+00,1.495996501709E+01
10,0.4210,3.985421297836E+01,2.569986959374E+00,1.492443065838E+01
10,0.4220,3.908299234269E+01,2.507318496988E+00,1.488906470896E+01
10,0.4230,3.830659768063E+01,2.444946339389E+00,1.485386597442E+01
10,0.4240,3.752471564831E+01,2.382868390081E+00,1.481883327165E+01
10,0.4250,3.673699690064E+01,2.321082572299E+00,1.478396542866E+01
10,0.4260,3.594303209533E+01,2.259586828779E+00,1.474926128446E+01
10,0.4270,3.514245227082E+01,2.198379121528E+00,1.471471968895E+01
10,0.4280,3.433484201116E+01,2.137457431601E+00,1.468033950276E+01
10,0.4290,3.351974835662E+01,2.076819758877E+00,1.464611959716E+01
10,0.4300,3.269671097101E+01,2.016464121839E+00,1.461205885391E+01
10,0.4310,3.196188710088E+01,1.966593266679E+00,1.457815616515E+01
10,0.4320,3.122052081696E+01,1.916953295107E+00,1.454441043329E+01
10,0.4330,3.047226271881E+01,1.867542607469E+00,1.451082057085E+01
10,0.4340,2.971675894229E+01,1.818359618852E+00,1.447738550041E+01
10,0.4350,2.895374935786E+01,1.769402758918E+00,1.444410415444E+01
10,0.4360,2.818289758313E+01,1.720670471737E+00,1.441097547518E+01
10,0.4370,2.740400259044E+01,1.672161215618E+00,1.437799841460E+01
10,0.4380,2.661696074945E+01,1.623873462951E+00,1.434517193420E+01
10,0.4390,2.582187497530E+01,1.575805700047E+00,1.431249500496E+01
10,0.4400,2.501923334380E+01,1.527956426973E+00,1.427996660723E+01
10,0.4410,2.426259392230E+01,1.495002020225E+00,1.424758573057E+01
10,0.4420,2.350225729246E+01,1.462196728440E+00,1.421535137371E+01
10,0.4430,2.274189348860E+01,1.429539541810E+00,1.418326254442E+01
10,0.4440,2.198933911400E+01,1.397029459624E+00,1.415131825941E+01
10,0.4450,2.126486107270E+01,1.364665490167E+00,1.411951754422E+01
10,0.4460,2.066918263501E+01,1.332446650618E+00,1.408785943314E+01
10,0.3000,7.827423440090E+01,8.867668863533E+01,2.094395102393E+01
10,0.3010,7.821328813350E+01,8.705447177761E+01,2.087436979129E+01
10,0.3020,7.815013437559E+01,8.544299807790E+01,2.080524936152E+01
10,0.3030,7.808749881832E+01,8.384216116828E+01,2.073658517221E+01
10,0.3040,7.802534105772E+01,8.225185608043E+01,2.066837272099E+01
10,0.3050,7.796367087953E+01,8.067197922267E+01,2.060060756452E+01
10,0.3060,7.790247060501E+01,7.910242835745E+01,2.053328531758E+01
10,0.3070,7.784172222674E+01,7.754310257929E+01,2.046640165205E+01
10,0.3080,7.778144884162E+01,7.599390229320E+01,2.039995229604E+01
10,0.3090,7.772162152388E+01,7.445472919343E+01,2.033393303294E+01
10,0.3100,7.766225581675E+01,7.292548624268E+01,2.026833970058E+01
10,0.3110,7.718906331265E+01,7.209500568704E+01,2.020316819029E+01
10,0.3120,7.671647334917E+01,7.126984872471E+01,2.013841444609E+01
10,0.3130,7.624568953227E+01,7.044996433082E+01,2.007407446383E+01
10,0.3140,7.577667074372E+01,6.963530213053E+01,2.001014429038E+01
10,0.3150,7.530942034261E+01,6.882581238864E+01,1.994662002279E+01
10,0.3160,7.484388359044E+01,6.802144599956E+01,1.988349780753E+01
10,0.3170,7.438006178211E+01,6.722215447729E+01,1.982077383968E+01
10,0.3180,7.391793316415E+01,6.642788994572E+01,1.975844436220E+01
10,0.3190,7.345745500273E+01,6.563860512908E+01,1.969650566514E+01
10,0.3200,7.299859851236E+01,6.485425334254E+01,1.963495408494E+01
10,0.3210,7.278632092425E+01,6.425486731426E+01,1.957378600367E+01
10,0.3220,7.257434219917E+01,6.365920418057E+01,1.951299784838E+01
10,0.3230,7.236384907025E+01,6.306722936349E+01,1.945258609034E+01
10,0.3240,7.215482843748E+01,6.247890871195E+01,1.939254724438E+01
10,0.3250,7.194723290338E+01,6.189420849519E+01,1.933287786824E+01
10,0.3260,7.174108036768E+01,6.131309539632E+01,1.927357456190E+01
10,0.3270,7.153634938654E+01,6.073553650601E+01,1.921463396691E+01
10,0.3280,7.133305868017E+01,6.016149931624E+01,1.915605276579E+01
10,0.3290,7.113118485498E+01,5.959095171426E+01,1.909782768140E+01
10,0.3300,7.093066573618E+01,5.902386197654E+01,1.903995547630E+01
10,0.3310,7.079218281577E+01,5.861205822652E+01,1.898243295220E+01
10,0.3320,7.065546302792E+01,5.820273522199E+01,1.892525694934E+01
10,0.3330,7.052015441388E+01,5.779587061388E+01,1.886842434588E+01
10,0.3340,7.038551579017E+01,5.739144232079E+01,1.881193205742E+01
10,0.3350,7.025156685315E+01,5.698942852497E+01,1.875577703636E+01
10,0.3360,7.011828508263E+01,5.658980766841E+01,1.869995627137E+01
10,0.3370,6.998566497136E+01,5.619255844899E+01,1.864446678688E+01
10,0.3380,6.985371835044E+01,5.579765981666E+01,1.858930564254E+01
10,0.3390,6.972241293255E+01,5.540509096977E+01,1.853446993268E+01
10,0.3400,6.959177431312E+01,5.501483135139E+01,1.847995678582E+01
10,0.3410,6.968628536734E+01,5.478163705799E+01,1.842576336416E+01
10,0.3420,6.978019608783E+01,5.454980647391E+01,1.837188686310E+01
10,0.3430,6.987350349803E+01,5.431932767166E+01,1.831832451073E+01
10,0.3440,6.996624605429E+01,5.409018886245E+01,1.826507356738E+01
10,0.3450,7.005839302245E+01,5.386237839416E+01,1.821213132516E+01
10,0.3460,7.014996871369E+01,5.363588474938E+01,1.815949510746E+01
10,0.3470,7.024095825267E+01,5.341069654348E+01,1.810716226853E+01
10,0.3480,7.033138881636E+01,5.318680252267E+01,1.805513019304E+01
10,0.3490,7.042127122889E+01,5.296419156215E+01,1.800339629564E+01
10,0.3500,7.051060470400E+01,5.274285266427E+01,1.795195802051E+01
10,0.3510,7.144149969071E+01,5.264271040272E+01,1.790081284097E+01
10,0.3520,7.236162812518E+01,5.254313713129E+01,1.784995825903E+01
10,0.3530,7.327134747218E+01,5.244412801437E+01,1.779939180504E+01
10,0.3540,7.417096347812E+01,5.234567827100E+01,1.774911103723E+01
10,0.3550,7.506071675409E+01,5.224778317407E+01,1.769911354135E+01
10,0.3560,7.594094882189E+01,5.215043804959E+01,1.764939693028E+01
10,0.3570,7.681191813019E+01,5.205363827595E+01,1.759995884364E+01
10,0.3580,7.767381537964E+01,5.195737928317E+01,1.755079694743E+01
10,0.3590,7.852696607707E+01,5.186165655219E+01,1.750190893365E+01
10,0.3600,7.937150454359E+01,5.176646561415E+01,1.745329251994E+01
10,0.3610,8.096882055270E+01,5.023937503926E+01,1.740494544925E+01
10,0.3620,8.254469407803E+01,4.872072142888E+01,1.735686548945E+01
10,0.3630,8.410004223428E+01,4.721043505601E+01,1.730905043300E+01
10,0.3640,8.563579277231E+01,4.570844695992E+01,1.726149809665E+01
10,0.3650,8.715272263527E+01,4.421468893559E+01,1.721420632104E+01
10,0.3660,8.865157835140E+01,4.272909352342E+01,1.716717297044E+01
10,0.3670,9.013309194239E+01,4.125159399904E+01,1.712039593237E+01
10,0.3680,9.159787310597E+01,3.978212436339E+01,1.707387311734E+01
10,0.3690,9.304655676676E+01,3.832061933281E+01,1.702760245848E+01
10,0.3700,9.447964693187E+01,3.686701432942E+01,1.698158191130E+01
10,0.3710,9.351136160048E+01,3.469300566511E+01,1.693580945331E+01
10,0.3720,9.254479437676E+01,3.253068521943E+01,1.689028308382E+01
10,0.3730,9.157984564840E+01,3.037995898525E+01,1.684500082354E+01
10,0.3740,9.061645343073E+01,2.824073396088E+01,1.679996071438E+01
10,0.3750,8.965452323543E+01,2.611291813664E+01,1.675516081915E+01
10,0.3760,8.869388160828E+01,2.399642048168E+01,1.671059922122E+01
10,0.3770,8.773452352532E+01,2.189115093098E+01,1.666627402435E+01
10,0.3780,8.677628944996E+01,1.979702037262E+01,1.662218335233E+01
10,0.3790,8.581907599774E+01,1.771394063515E+01,1.657832534876E+01
10,0.3800,8.486277440842E+01,1.564182447524E+01,1.653469817679E+01
10,0.3810,8.326263868172E+01,1.477455568688E+01,1.649130001884E+01
10,0.3820,8.165859130572E+01,1.391182757281E+01,1.644812907639E+01
10,0.3830,8.005002407927E+01,1.305360456638E+01,1.640518356966E+01
10,0.3840,7.843633212307E+01,1.219985147144E+01,1.636246173745E+01
10,0.3850,7.681682524685E+01,1.135053345752E+01,1.631996183683E+01
10,0.3860,7.519076066812E+01,1.050561605506E+01,1.627768214295E+01
10,0.3870,7.355736245812E+01,9.665065150811E+00,1.623562094878E+01
10,0.3880,7.191577263832E+01,8.828846983181E+00,1.619377656490E+01
10,0.3890,7.026507651952E+01,7.996928137750E+00,1.615214731923E+01
10,0.3900,6.860427625183E+01,7.169275542807E+00,1.611073155687E+01
10,0.3910,6.727875441392E+01,6.911503837898E+00,1.606952763985E+01
10,0.3920,6.594696171344E+01,6.655047294747E+00,1.602853394689E+01
10,0.3930,6.460831580915E+01,6.399895873954E+00,1.598774887323E+01
10,0.3940,6.326208649062E+01,6.146039638038E+00,1.594717083041E+01
10,0.3950,6.190761002253E+01,5.893468750152E+00,1.590679824602E+01
10,0.3960,6.054407828446E+01,5.642173472811E+00,1.586662956358E+01
10,0.3970,5.917067219594E+01,5.392144166640E+00,1.582666324227E+01
10,0.3980,5.778643502326E+01,5.143371289143E+00,1.578689775673E+01
10,0.3990,5.639041110775E+01,4.895845393489E+00,1.574733159694E+01
10,0.4000,5.498145747662E+01,4.649557127313E+00,1.570796326795E+01
10,0.4010,5.391944627210E+01,4.529847561859E+00,1.566879128972E+01
10,0.4020,5.285035127562E+01,4.410733566383E+00,1.562981419696E+01
10,0.4030,5.177359105315E+01,4.292210707361E+00,1.559103053891E+01
10,0.4040,5.068856039376E+01,4.174274595166E+00,1.555243887916E+01
10,0.4050,4.959465908639E+01,4.056920883525E+00,1.551403779551E+01
10,0.4060,4.849116002647E+01,3.940145268985E+00,1.547582587975E+01
10,0.4070,4.737732204008E+01,3.823943490389E+00,1.543780173754E+01
10,0.4080,4.625238546330E+01,3.708311328355E+00,1.539996398819E+01
10,0.4090,4.511541573329E+01,3.593244604766E+00,1.536231126450E+01
10,0.4100,4.396555609658E+01,3.478739182268E+00,1.532484221263E+01
10,0.4110,4.300562888836E+01,3.392308563657E+00,1.528755549192E+01
10,0.4120,4.203640916058E+01,3.306297511157E+00,1.525044977471E+01
10,0.4130,4.105722922812E+01,3.220702977070E+00,1.521352374620E+01
10,0.4140,4.006748560172E+01,3.135521943148E+00,1.517677610430E+01
10,0.4150,3.906645219582E+01,3.050751420233E+00,1.514020555947E+01
10,0.4160,3.805349638558E+01,2.966388447909E+00,1.510381083457E+01
10,0.4170,3.702789739065E+01,2.882430094157E+00,1.506759066470E+01
10,0.4180,3.598902428956E+01,2.798873455016E+00,1.503154379708E+01
10,0.4190,3.493622018612E+01,2.715715654249E+00,1.499566899088E+01
10,0.4200,3.386902496749E+01,2.632953843009E+00,1.495996501709E+01
10,0.4210,3.292079476859E+01,2.569986959374E+00,1.492443065838E+01
10,0.4220,3.196179768168E+01,2.507318496988E+00,1.488906470896E+01
10,0.4230,3.099250739512E+01,2.444946339389E+00,1.485386597442E+01
10,0.4240,3.001390904034E+01,2.382868390081E+00,1.481883327165E+01
10,0.4250,2.902798312231E+01,2.321082572299E+00,1.478396542866E+01
10,0.4260,2.803813750567E+01,2.259586828779E+00,1.474926128446E+01
10,0.4270,2.705019626100E+01,2.198379121528E+00,1.471471968895E+01
10,0.4280,2.607354496482E+01,2.137457431601E+00,1.468033950276E+01
10,0.4290,2.512316836602E+01,2.076819758877E+00,1.464611959716E+01
10,0.4300,2.422169792508E+01,2.016464121839E+00,1.461205885391E+01
10,0.4310,2.348729646807E+01,1.966593266679E+00,1.457815616515E+01
10,0.4320,2.283898609833E+01,1.916953295107E+00,1.454441043329E+01
10,0.4330,2.229680671764E+01,1.867542607469E+00,1.451082057085E+01
10,0.4340,2.186832127707E+01,1.818359618852E+00,1.447738550041E+01
10,0.4350,2.154583737634E+01,1.769402758918E+00,1.444410415444E+01
10,0.4360,2.131212375822E+01,1.720670471737E+00,1.441097547518E+01
10,0.4370,2.114925541855E+01,1.672161215618E+00,1.437799841460E+01
10,0.4380,2.104484546948E+01,1.623873462951E+00,1.434517193420E+01
11,0.3000,7.518567297957E+01,8.867668863533E+01,2.094395102393E+01
11,0.3010,7.512504917056E+01,8.705447177761E+01,2.087436979129E+01
11,0.3020,7.506333449380E+01,8.544299807790E+01,2.080524936152E+01
11,0.3030,7.500204408144E+01,8.384216116828E+01,2.073658517221E+01
11,0.3040,7.494121891225E+01,8.225185608043E+01,2.066837272099E+01
11,0.3050,7.488080426668E+01,8.067197922267E+01,2.060060756452E+01
11,0.3060,7.482082810521E+01,7.910242835745E+01,2.053328531758E+01
11,0.3070,7.476128386871E+01,7.754310257929E+01,2.046640165205E+01
11,0.3080,7.470215216072E+01,7.599390229320E+01,2.039995229604E+01
11,0.3090,7.464343043637E+01,7.445472919343E+01,2.033393303294E+01
11,0.3100,7.458511659582E+01,7.292548624268E+01,2.026833970058E+01
11,0.3110,7.410551568763E+01,7.209500568704E+01,2.020316819029E+01
11,0.3120,7.362700769906E+01,7.126984872471E+01,2.013841444609E+01
11,0.3130,7.315027959935E+01,7.044996433082E+01,2.007407446383E+01
11,0.3140,7.267533603439E+01,6.963530213053E+01,2.001014429038E+01
11,0.3150,7.220212285822E+01,6.882581238864E+01,1.994662002279E+01
11,0.3160,7.173060954066E+01,6.802144599956E+01,1.988349780753E+01
11,0.3170,7.126076780042E+01,6.722215447729E+01,1.982077383968E+01
11,0.3180,7.079258261870E+01,6.642788994572E+01,1.975844436220E+01
11,0.3190,7.032603337833E+01,6.563860512908E+01,1.969650566514E+01
11,0.3200,6.986109892007E+01,6.485425334254E+01,1.963495408494E+01
11,0.3210,6.964796048789E+01,6.425486731426E+01,1.957378600367E+01
11,0.3220,6.943547250911E+01,6.365920418057E+01,1.951299784838E+01
11,0.3230,6.922425808849E+01,6.306722936349E+01,1.945258609034E+01
11,0.3240,6.901431109224E+01,6.247890871195E+01,1.939254724438E+01
11,0.3250,6.880563853216E+01,6.189420849519E+01,1.933287786824E+01
11,0.3260,6.859820361903E+01,6.131309539632E+01,1.927357456190E+01
11,0.3270,6.839201653414E+01,6.073553650601E+01,1.921463396691E+01
11,0.3280,6.818706018338E+01,6.016149931624E+01,1.915605276579E+01
11,0.3290,6.798331637951E+01,5.959095171426E+01,1.909782768140E+01
11,0.3300,6.778080366112E+01,5.902386197654E+01,1.903995547630E+01
11,0.3310,6.764119885755E+01,5.861205822652E+01,1.898243295220E+01
11,0.3320,6.750289521363E+01,5.820273522199E+01,1.892525694934E+01
11,0.3330,6.736569374967E+01,5.779587061388E+01,1.886842434588E+01
11,0.3340,6.722919905488E+01,5.739144232079E+01,1.881193205742E+01
11,0.3350,6.709337919922E+01,5.698942852497E+01,1.875577703636E+01
11,0.3360,6.695825329738E+01,5.658980766841E+01,1.869995627137E+01
11,0.3370,6.682378885179E+01,5.619255844899E+01,1.864446678688E+01
11,0.3380,6.669000914980E+01,5.579765981666E+01,1.858930564254E+01
11,0.3390,6.655687934736E+01,5.540509096977E+01,1.853446993268E+01
11,0.3400,6.642442949847E+01,5.501483135139E+01,1.847995678582E+01
11,0.3410,6.652113367356E+01,5.478163705799E+01,1.842576336416E+01
11,0.3420,6.661722507622E+01,5.454980647391E+01,1.837188686310E+01
11,0.3430,6.671269982425E+01,5.431932767166E+01,1.831832451073E+01
11,0.3440,6.680758070405E+01,5.409018886245E+01,1.826507356738E+01
11,0.3450,6.690184146816E+01,5.386237839416E+01,1.821213132516E+01
11,0.3460,6.699550657616E+01,5.363588474938E+01,1.815949510746E+01
11,0.3470,6.708858179402E+01,5.341069654348E+01,1.810716226853E+01
11,0.3480,6.718108814422E+01,5.318680252267E+01,1.805513019304E+01
11,0.3490,6.727298284174E+01,5.296419156215E+01,1.800339629564E+01
11,0.3500,6.736432167400E+01,5.274285266427E+01,1.795195802051E+01
11,0.3510,6.831183230634E+01,5.264271040272E+01,1.790081284097E+01
11,0.3520,6.924819547400E+01,5.254313713129E+01,1.784995825903E+01
11,0.3530,7.017380234704E+01,5.244412801437E+01,1.779939180504E+01
11,0.3540,7.108894575069E+01,5.234567827100E+01,1.774911103723E+01
11,0.3550,7.199393742700E+01,5.224778317407E+01,1.769911354135E+01
11,0.3560,7.288908423475E+01,5.215043804959E+01,1.764939693028E+01
11,0.3570,7.377466477675E+01,5.205363827595E+01,1.759995884364E+01
11,0.3580,7.465093069015E+01,5.195737928317E+01,1.755079694743E+01
11,0.3590,7.551813188641E+01,5.186165655219E+01,1.750190893365E+01
11,0.3600,7.637650273428E+01,5.176646561415E+01,1.745329251994E+01
11,0.3610,7.799941132436E+01,5.023937503926E+01,1.740494544925E+01
11,0.3620,7.960016864221E+01,4.872072142888E+01,1.735686548945E+01
11,0.3630,8.117979093057E+01,4.721043505601E+01,1.730905043300E+01
11,0.3640,8.273915505224E+01,4.570844695992E+01,1.726149809665E+01
11,0.3650,8.427912175996E+01,4.421468893559E+01,1.721420632104E+01
11,0.3660,8.580048093398E+01,4.272909352342E+01,1.716717297044E+01
11,0.3670,8.730395055705E+01,4.125159399904E+01,1.712039593237E+01
11,0.3680,8.879017893715E+01,3.978212436339E+01,1.707387311734E+01
11,0.3690,9.025979564978E+01,3.832061933281E+01,1.702760245848E+01
11,0.3700,9.171340465757E+01,3.686701432942E+01,1.698158191130E+01
11,0.3710,9.073149825109E+01,3.469300566511E+01,1.693580945331E+01
11,0.3720,8.975128230366E+01,3.253068521943E+01,1.689028308382E+01
11,0.3730,8.877262200251E+01,3.037995898525E+01,1.684500082354E+01
11,0.3740,8.779543870313E+01,2.824073396088E+01,1.679996071438E+01
11,0.3750,8.681960632245E+01,2.611291813664E+01,1.675516081915E+01
11,0.3760,8.584503447649E+01,2.399642048168E+01,1.671059922122E+01
11,0.3770,8.487166060577E+01,2.189115093098E+01,1.666627402435E+01
11,0.3780,8.389933925879E+01,1.979702037262E+01,1.662218335233E+01
11,0.3790,8.292795083516E+01,1.771394063515E+01,1.657832534876E+01
11,0.3800,8.195742206954E+01,1.564182447524E+01,1.653469817679E+01
11,0.3810,8.033310166397E+01,1.477455568688E+01,1.649130001884E+01
11,0.3820,7.870454628470E+01,1.391182757281E+01,1.644812907639E+01
11,0.3830,7.707112982370E+01,1.305360456638E+01,1.640518356966E+01
11,0.3840,7.543221744232E+01,1.219985147144E+01,1.636246173745E+01
11,0.3850,7.378710737435E+01,1.135053345752E+01,1.631996183683E+01
11,0.3860,7.213506953357E+01,1.050561605506E+01,1.627768214295E+01
11,0.3870,7.047527046296E+01,9.665065150811E+00,1.623562094878E+01
11,0.3880,6.880684961274E+01,8.828846983181E+00,1.619377656490E+01
11,0.3890,6.712883434786E+01,7.996928137750E+00,1.615214731923E+01
11,0.3900,6.544019915306E+01,7.169275542807E+00,1.611073155687E+01
11,0.3910,6.409231492989E+01,6.911503837898E+00,1.606952763985E+01
11,0.3920,6.273782410280E+01,6.655047294747E+00,1.602853394689E+01
11,0.3930,6.137612180671E+01,6.399895873954E+00,1.598774887323E+01
11,0.3940,6.000648958307E+01,6.146039638038E+00,1.594717083041E+01
11,0.3950,5.862821450911E+01,5.893468750152E+00,1.590679824602E+01
11,0.3960,5.724041123398E+01,5.642173472811E+00,1.586662956358E+01
11,0.3970,5.584227747279E+01,5.392144166640E+00,1.582666324227E+01
11,0.3980,5.443279627575E+01,5.143371289143E+00,1.578689775673E+01
11,0.3990,5.301095134696E+01,4.895845393489E+00,1.574733159694E+01
11,0.4000,5.157552235938E+01,4.649557127313E+00,1.570796326795E+01
11,0.4010,5.049342893873E+01,4.529847561859E+00,1.566879128972E+01
11,0.4020,4.940383772946E+01,4.410733566383E+00,1.562981419696E+01
11,0.4030,4.830616010360E+01,4.292210707361E+00,1.559103053891E+01
11,0.4040,4.719972280596E+01,4.174274595166E+00,1.555243887916E+01
11,0.4050,4.608386443109E+01,4.056920883525E+00,1.551403779551E+01
11,0.4060,4.495779159652E+01,3.940145268985E+00,1.547582587975E+01
11,0.4070,4.382071313387E+01,3.823943490389E+00,1.543780173754E+01
11,0.4080,4.267167881199E+01,3.708311328355E+00,1.539996398819E+01
11,0.4090,4.150976255999E+01,3.593244604766E+00,1.536231126450E+01
11,0.4100,4.033382701967E+01,3.478739182268E+00,1.532484221263E+01
11,0.4110,3.935170261540E+01,3.392308563657E+00,1.528755549192E+01
11,0.4120,3.835935844330E+01,3.306297511157E+00,1.525044977471E+01
11,0.4130,3.735600385166E+01,3.220702977070E+00,1.521352374620E+01
11,0.4140,3.634086555208E+01,3.135521943148E+00,1.517677610430E+01
11,0.4150,3.531302147186E+01,3.050751420233E+00,1.514020555947E+01
11,0.4160,3.427155018940E+01,2.966388447909E+00,1.510381083457E+01
11,0.4170,3.321550583786E+01,2.882430094157E+00,1.506759066470E+01
11,0.4180,3.214378529586E+01,2.798873455016E+00,1.503154379708E+01
11,0.4190,3.105531091515E+01,2.715715654249E+00,1.499566899088E+01
11,0.4200,2.994905036410E+01,2.632953843009E+00,1.495996501709E+01
11,0.4210,2.896351280540E+01,2.569986959374E+00,1.492443065838E+01
11,0.4220,2.796357605291E+01,2.507318496988E+00,1.488906470896E+01
11,0.4230,2.694913094567E+01,2.444946339389E+00,1.485386597442E+01
11,0.4240,2.592074336331E+01,2.382868390081E+00,1.481883327165E+01
11,0.4250,2.488048364807E+01,2.321082572299E+00,1.478396542866E+01
11,0.4260,2.383385300479E+01,2.259586828779E+00,1.474926128446E+01
11,0.4270,2.279590963505E+01,2.198379121528E+00,1.471471968895E+01
11,0.4280,2.182393409302E+01,2.137457431601E+00,1.468033950276E+01
11,0.3000,7.233137968456E+01,8.867668863533E+01,2.094395102393E+01
11,0.3010,7.226446426330E+01,8.705447177761E+01,2.087436979129E+01
11,0.3020,7.219432050327E+01,8.544299807790E+01,2.080524936152E+01
11,0.3030,7.212470405633E+01,8.384216116828E+01,2.073658517221E+01
11,0.3040,7.205568765762E+01,8.225185608043E+01,2.066837272099E+01
11,0.3050,7.198720996030E+01,8.067197922267E+01,2.060060756452E+01
11,0.3060,7.191927704054E+01,7.910242835745E+01,2.053328531758E+01
11,0.3070,7.185190417749E+01,7.754310257929E+01,2.046640165205E+01
11,0.3080,7.178502843920E+01,7.599390229320E+01,2.039995229604E+01
11,0.3090,7.171870596881E+01,7.445472919343E+01,2.033393303294E+01
11,0.3100,7.165288704255E+01,7.292548624268E+01,2.026833970058E+01
11,0.3110,7.113937184552E+01,7.209500568704E+01,2.020316819029E+01
11,0.3120,7.062560973686E+01,7.126984872471E+01,2.013841444609E+01
11,0.3130,7.011327325031E+01,7.044996433082E+01,2.007407446383E+01
11,0.3140,6.960231426140E+01,6.963530213053E+01,2.001014429038E+01
11,0.3150,6.909273397570E+01,6.882581238864E+01,1.994662002279E+01
11,0.3160,6.858446845626E+01,6.802144599956E+01,1.988349780753E+01
11,0.3170,6.807750919407E+01,6.722215447729E+01,1.982077383968E+01
11,0.3180,6.757181084367E+01,6.642788994572E+01,1.975844436220E+01
11,0.3190,6.706736280680E+01,6.563860512908E+01,1.969650566514E+01
11,0.3200,6.656410772624E+01,6.485425334254E+01,1.963495408494E+01
11,0.3210,6.632949276774E+01,6.425486731426E+01,1.957378600367E+01
11,0.3220,6.609484586336E+01,6.365920418057E+01,1.951299784838E+01
11,0.3230,6.586187063722E+01,6.306722936349E+01,1.945258609034E+01
11,0.3240,6.563050395172E+01,6.247890871195E+01,1.939254724438E+01
11,0.3250,6.540077499874E+01,6.189420849519E+01,1.933287786824E+01
11,0.3260,6.517262264921E+01,6.131309539632E+01,1.927357456190E+01
11,0.3270,6.494607436334E+01,6.073553650601E+01,1.921463396691E+01
11,0.3280,6.472109699795E+01,6.016149931624E+01,1.915605276579E+01
11,0.3290,6.449769668542E+01,5.959095171426E+01,1.909782768140E+01
11,0.3300,6.427585329737E+01,5.902386197654E+01,1.903995547630E+01
11,0.3310,6.412233028008E+01,5.861205822652E+01,1.898243295220E+01
11,0.3320,6.397105196929E+01,5.820273522199E+01,1.892525694934E+01
11,0.3330,6.382147601091E+01,5.779587061388E+01,1.886842434588E+01
11,0.3340,6.367260355049E+01,5.739144232079E+01,1.881193205742E+01
11,0.3350,6.352443436303E+01,5.698942852497E+01,1.875577703636E+01
11,0.3360,6.337693635408E+01,5.658980766841E+01,1.869995627137E+01
11,0.3370,6.323012344788E+01,5.619255844899E+01,1.864446678688E+01
11,0.3380,6.308396830518E+01,5.579765981666E+01,1.858930564254E+01
11,0.3390,6.293848609144E+01,5.540509096977E+01,1.853446993268E+01
11,0.3400,6.279365665538E+01,5.501483135139E+01,1.847995678582E+01
11,0.3410,6.289760237557E+01,5.478163705799E+01,1.842576336416E+01
11,0.3420,6.300090648835E+01,5.454980647391E+01,1.837188686310E+01
11,0.3430,6.310349714124E+01,5.431932767166E+01,1.831832451073E+01
11,0.3440,6.320542099439E+01,5.409018886245E+01,1.826507356738E+01
11,0.3450,6.330672733000E+01,5.386237839416E+01,1.821213132516E+01
11,0.3460,6.340734598014E+01,5.363588474938E+01,1.815949510746E+01
11,0.3470,6.350733650755E+01,5.341069654348E+01,1.810716226853E+01
11,0.3480,6.360665997459E+01,5.318680252267E+01,1.805513019304E+01
11,0.3490,6.370540513442E+01,5.296419156215E+01,1.800339629564E+01
11,0.3500,6.380347351609E+01,5.274285266427E+01,1.795195802051E+01
11,0.3510,6.482800229729E+01,5.264271040272E+01,1.790081284097E+01
11,0.3520,6.583814499607E+01,5.254313713129E+01,1.784995825903E+01
11,0.3530,6.683444450330E+01,5.244412801437E+01,1.779939180504E+01
11,0.3540,6.781738911312E+01,5.234567827100E+01,1.774911103723E+01
11,0.3550,6.878752034930E+01,5.224778317407E+01,1.769911354135E+01
11,0.3560,6.974520955339E+01,5.215043804959E+01,1.764939693028E+01
11,0.3570,7.069093929834E+01,5.205363827595E+01,1.759995884364E+01
11,0.3580,7.162507456376E+01,5.195737928317E+01,1.755079694743E+01
11,0.3590,7.254797141492E+01,5.186165655219E+01,1.750190893365E+01
11,0.3600,7.346003163405E+01,5.176646561415E+01,1.745329251994E+01
11,0.3610,7.518101978718E+01,5.023937503926E+01,1.740494544925E+01
11,0.3620,7.687383514105E+01,4.872072142888E+01,1.735686548945E+01
11,0.3630,7.854002401451E+01,4.721043505601E+01,1.730905043300E+01
11,0.3640,8.018091687477E+01,4.570844695992E+01,1.726149809665E+01
11,0.3650,8.179780900934E+01,4.421468893559E+01,1.721420632104E+01
11,0.3660,8.339187468653E+01,4.272909352342E+01,1.716717297044E+01
11,0.3670,8.496415431102E+01,4.125159399904E+01,1.712039593237E+01
11,0.3680,8.651559361849E+01,3.978212436339E+01,1.707387311734E+01
11,0.3690,8.804709444161E+01,3.832061933281E+01,1.702760245848E+01
11,0.3700,8.955948730764E+01,3.686701432942E+01,1.698158191130E+01
11,0.3710,8.853776913004E+01,3.469300566511E+01,1.693580945331E+01
11,0.3720,8.751663891985E+01,3.253068521943E+01,1.689028308382E+01
11,0.3730,8.649602978677E+01,3.037995898525E+01,1.684500082354E+01
11,0.3740,8.547576801520E+01,2.824073396088E+01,1.679996071438E+01
11,0.3750,8.445572392167E+01,2.611291813664E+01,1.675516081915E+01
11,0.3760,8.343573829039E+01,2.399642048168E+01,1.671059922122E+01
11,0.3770,8.241566980761E+01,2.189115093098E+01,1.666627402435E+01
11,0.3780,8.139534021372E+01,1.979702037262E+01,1.662218335233E+01
11,0.3790,8.037463152278E+01,1.771394063515E+01,1.657832534876E+01
11,0.3800,7.935334589922E+01,1.564182447524E+01,1.653469817679E+01
11,0.3810,7.764086176879E+01,1.477455568688E+01,1.649130001884E+01
11,0.3820,7.591939501973E+01,1.391182757281E+01,1.644812907639E+01
11,0.3830,7.418789842384E+01,1.305360456638E+01,1.640518356966E+01
11,0.3840,7.244529505007E+01,1.219985147144E+01,1.636246173745E+01
11,0.3850,7.069043635382E+01,1.135053345752E+01,1.631996183683E+01
11,0.3860,6.892200519576E+01,1.050561605506E+01,1.627768214295E+01
11,0.3870,6.713852758926E+01,9.665065150811E+00,1.623562094878E+01
11,0.3880,6.533846499558E+01,8.828846983181E+00,1.619377656490E+01
11,0.3890,6.352005134264E+01,7.996928137750E+00,1.615214731923E+01
11,0.3900,6.168130824791E+01,7.169275542807E+00,1.611073155687E+01
11,0.3910,6.020662239761E+01,6.911503837898E+00,1.606952763985E+01
11,0.3920,5.871809991188E+01,6.655047294747E+00,1.602853394689E+01
11,0.3930,5.721449234486E+01,6.399895873954E+00,1.598774887323E+01
11,0.3940,5.569433794920E+01,6.146039638038E+00,1.594717083041E+01
11,0.3950,5.415611175494E+01,5.893468750152E+00,1.590679824602E+01
11,0.3960,5.259802690603E+01,5.642173472811E+00,1.586662956358E+01
11,0.3970,5.101821489799E+01,5.392144166640E+00,1.582666324227E+01
11,0.3980,4.941446041700E+01,5.143371289143E+00,1.578689775673E+01
11,0.3990,4.778435697094E+01,4.895845393489E+00,1.574733159694E+01
11,0.4000,4.612525080477E+01,4.649557127313E+00,1.570796326795E+01
11,0.4010,4.486447283209E+01,4.529847561859E+00,1.566879128972E+01
11,0.4020,4.358591728631E+01,4.410733566383E+00,1.562981419696E+01
11,0.4030,4.228816778679E+01,4.292210707361E+00,1.559103053891E+01
11,0.4040,4.096968799707E+01,4.174274595166E+00,1.555243887916E+01
11,0.4050,3.962882340780E+01,4.056920883525E+00,1.551403779551E+01
11,0.4060,3.826391604654E+01,3.940145268985E+00,1.547582587975E+01
11,0.4070,3.687327884410E+01,3.823943490389E+00,1.543780173754E+01
11,0.4080,3.545539291439E+01,3.708311328355E+00,1.539996398819E+01
11,0.4090,3.400919118275E+01,3.593244604766E+00,1.536231126450E+01
11,0.4100,3.253457493761E+01,3.478739182268E+00,1.532484221263E+01
11,0.4110,3.129600237870E+01,3.392308563657E+00,1.528755549192E+01
11,0.4120,3.004299471944E+01,3.306297511157E+00,1.525044977471E+01
11,0.4130,2.878174622627E+01,3.220702977070E+00,1.521352374620E+01
11,0.4140,2.752423123510E+01,3.135521943148E+00,1.517677610430E+01
11,0.4150,2.629263325908E+01,3.050751420233E+00,1.514020555947E+01
11,0.4160,2.512583082433E+01,2.966388447909E+00,1.510381083457E+01
11,0.4170,2.408392669684E+01,2.882430094157E+00,1.506759066470E+01
11,0.4180,2.323705572258E+01,2.798873455016E+00,1.503154379708E+01
11,0.4190,2.262465207359E+01,2.715715654249E+00,1.499566899088E+01
11,0.4200,2.222512811818E+01,2.632953843009E+00,1.495996501709E+01
11,0.4210,2.200078515662E+01,2.569986959374E+00,1.492443065838E+01
11,0.4220,2.186709853691E+01,2.507318496988E+00,1.488906470896E+01
12,0.3000,6.901407394964E+01,8.867668863533E+01,2.094395102393E+01
12,0.3010,6.894797080848E+01,8.705447177761E+01,2.087436979129E+01
12,0.3020,6.888016682816E+01,8.544299807790E+01,2.080524936152E+01
12,0.3030,6.881287646400E+01,8.384216116828E+01,2.073658517221E+01
12,0.3040,6.874606293505E+01,8.225185608043E+01,2.066837272099E+01
12,0.3050,6.867975588065E+01,8.067197922267E+01,2.060060756452E+01
12,0.3060,6.861390680555E+01,7.910242835745E+01,2.053328531758E+01
12,0.3070,6.854855021884E+01,7.754310257929E+01,2.046640165205E+01
12,0.3080,6.848364738903E+01,7.599390229320E+01,2.039995229604E+01
12,0.3090,6.841920926782E+01,7.445472919343E+01,2.033393303294E+01
12,0.3100,6.835524215804E+01,7.292548624268E+01,2.026833970058E+01
12,0.3110,6.783503807044E+01,7.209500568704E+01,2.020316819029E+01
12,0.3120,6.731533536164E+01,7.126984872471E+01,2.013841444609E+01
12,0.3130,6.679696827620E+01,7.044996433082E+01,2.007407446383E+01
12,0.3140,6.627999114880E+01,6.963530213053E+01,2.001014429038E+01
12,0.3150,6.576434856170E+01,6.882581238864E+01,1.994662002279E+01
12,0.3160,6.524996419824E+01,6.802144599956E+01,1.988349780753E+01
12,0.3170,6.473684153501E+01,6.722215447729E+01,1.982077383968E+01
12,0.3180,6.422496259763E+01,6.642788994572E+01,1.975844436220E+01
12,0.3190,6.371423079733E+01,6.563860512908E+01,1.969650566514E+01
12,0.3200,6.320467818918E+01,6.485425334254E+01,1.963495408494E+01
12,0.3210,6.297002268105E+01,6.425486731426E+01,1.957378600367E+01
12,0.3220,6.273580234015E+01,6.365920418057E+01,1.951299784838E+01
12,0.3230,6.250295368110E+01,6.306722936349E+01,1.945258609034E+01
12,0.3240,6.227143621409E+01,6.247890871195E+01,1.939254724438E+01
12,0.3250,6.204126058572E+01,6.189420849519E+01,1.933287786824E+01
12,0.3260,6.181241150219E+01,6.131309539632E+01,1.927357456190E+01
12,0.3270,6.158488006941E+01,6.073553650601E+01,1.921463396691E+01
12,0.3280,6.135866239332E+01,6.016149931624E+01,1.915605276579E+01
12,0.3290,6.113373615821E+01,5.959095171426E+01,1.909782768140E+01
12,0.3300,6.091009577919E+01,5.902386197654E+01,1.903995547630E+01
12,0.3310,6.075573724365E+01,5.861205822652E+01,1.898243295220E+01
12,0.3320,6.060295003657E+01,5.820273522199E+01,1.892525694934E+01
12,0.3330,6.045144169669E+01,5.779587061388E+01,1.886842434588E+01
12,0.3340,6.030065250684E+01,5.739144232079E+01,1.881193205742E+01
12,0.3350,6.015056138330E+01,5.698942852497E+01,1.875577703636E+01
12,0.3360,6.000116817100E+01,5.658980766841E+01,1.869995627137E+01
12,0.3370,5.985243253254E+01,5.619255844899E+01,1.864446678688E+01
12,0.3380,5.970439481867E+01,5.579765981666E+01,1.858930564254E+01
12,0.3390,5.955704562197E+01,5.540509096977E+01,1.853446993268E+01
12,0.3400,5.941034149560E+01,5.501483135139E+01,1.847995678582E+01
12,0.3410,5.951702188777E+01,5.478163705799E+01,1.842576336416E+01
12,0.3420,5.962300130229E+01,5.454980647391E+01,1.837188686310E+01
12,0.3430,5.972825093939E+01,5.431932767166E+01,1.831832451073E+01
12,0.3440,5.983280744132E+01,5.409018886245E+01,1.826507356738E+01
12,0.3450,5.993669504603E+01,5.386237839416E+01,1.821213132516E+01
12,0.3460,6.003986118848E+01,5.363588474938E+01,1.815949510746E+01
12,0.3470,6.014238148283E+01,5.341069654348E+01,1.810716226853E+01
12,0.3480,6.024422926104E+01,5.318680252267E+01,1.805513019304E+01
12,0.3490,6.034541207937E+01,5.296419156215E+01,1.800339629564E+01
12,0.3500,6.044593763742E+01,5.274285266427E+01,1.795195802051E+01
12,0.3510,6.148928911591E+01,5.264271040272E+01,1.790081284097E+01
12,0.3520,6.251768516711E+01,5.254313713129E+01,1.784995825903E+01
12,0.3530,6.353173006905E+01,5.244412801437E+01,1.779939180504E+01
12,0.3540,6.453197353685E+01,5.234567827100E+01,1.774911103723E+01
12,0.3550,6.551893285411E+01,5.224778317407E+01,1.769911354135E+01
12,0.3560,6.649306355350E+01,5.215043804959E+01,1.764939693028E+01
12,0.3570,6.745484302051E+01,5.205363827595E+01,1.759995884364E+01
12,0.3580,6.840464979376E+01,5.195737928317E+01,1.755079694743E+01
12,0.3590,6.934292676631E+01,5.186165655219E+01,1.750190893365E+01
12,0.3600,7.026999548118E+01,5.176646561415E+01,1.745329251994E+01
12,0.3610,7.201863814138E+01,5.023937503926E+01,1.740494544925E+01
12,0.3620,7.373824690351E+01,4.872072142888E+01,1.735686548945E+01
12,0.3630,7.543040664560E+01,4.721043505601E+01,1.730905043300E+01
12,0.3640,7.709658903419E+01,4.570844695992E+01,1.726149809665E+01
12,0.3650,7.873805673105E+01,4.421468893559E+01,1.721420632104E+01
12,0.3660,8.035605296209E+01,4.272909352342E+01,1.716717297044E+01
12,0.3670,8.195162727123E+01,4.125159399904E+01,1.712039593237E+01
12,0.3680,8.352581227815E+01,3.978212436339E+01,1.707387311734E+01
12,0.3690,8.507949387761E+01,3.832061933281E+01,1.702760245848E+01
12,0.3700,8.661360232416E+01,3.686701432942E+01,1.698158191130E+01
12,0.3710,8.557755271338E+01,3.469300566511E+01,1.693580945331E+01
12,0.3720,8.454207270718E+01,3.253068521943E+01,1.689028308382E+01
12,0.3730,8.350698691170E+01,3.037995898525E+01,1.684500082354E+01
12,0.3740,8.247216825697E+01,2.824073396088E+01,1.679996071438E+01
12,0.3750,8.143748081293E+01,2.611291813664E+01,1.675516081915E+01
12,0.3760,8.040281171356E+01,2.399642048168E+01,1.671059922122E+01
12,0.3770,7.936794448749E+01,2.189115093098E+01,1.666627402435E+01
12,0.3780,7.833271767614E+01,1.979702037262E+01,1.662218335233E+01
12,0.3790,7.729702283040E+01,1.771394063515E+01,1.657832534876E+01
12,0.3800,7.626064783001E+01,1.564182447524E+01,1.653469817679E+01
12,0.3810,7.452254227679E+01,1.477455568688E+01,1.649130001884E+01
12,0.3820,7.277501150025E+01,1.391182757281E+01,1.644812907639E+01
12,0.3830,7.101705779307E+01,1.305360456638E+01,1.640518356966E+01
12,0.3840,6.924752604485E+01,1.219985147144E+01,1.636246173745E+01
12,0.3850,6.746523055539E+01,1.135053345752E+01,1.631996183683E+01
12,0.3860,6.566883880738E+01,1.050561605506E+01,1.627768214295E+01
12,0.3870,6.385685904528E+01,9.665065150811E+00,1.623562094878E+01
12,0.3880,6.202763811280E+01,8.828846983181E+00,1.619377656490E+01
12,0.3890,6.017939512031E+01,7.996928137750E+00,1.615214731923E+01
12,0.3900,5.831003915640E+01,7.169275542807E+00,1.611073155687E+01
12,0.3910,5.681055345111E+01,6.911503837898E+00,1.606952763985E+01
12,0.3920,5.529665049028E+01,6.655047294747E+00,1.602853394689E+01
12,0.3930,5.376702325339E+01,6.399895873954E+00,1.598774887323E+01
12,0.3940,5.222014329698E+01,6.146039638038E+00,1.594717083041E+01
12,0.3950,5.065436321499E+01,5.893468750152E+00,1.590679824602E+01
12,0.3960,4.906775456980E+01,5.642173472811E+00,1.586662956358E+01
12,0.3970,4.745827545242E+01,5.392144166640E+00,1.582666324227E+01
12,0.3980,4.582355970160E+01,5.143371289143E+00,1.578689775673E+01
12,0.3990,4.416088176549E+01,4.895845393489E+00,1.574733159694E+01
12,0.4000,4.246726488877E+01,4.649557127313E+00,1.570796326795E+01
12,0.4010,4.117942328225E+01,4.529847561859E+00,1.566879128972E+01
12,0.4020,3.987234391444E+01,4.410733566383E+00,1.562981419696E+01
12,0.4030,3.854425497908E+01,4.292210707361E+00,1.559103053891E+01
12,0.4040,3.719323739519E+01,4.174274595166E+00,1.555243887916E+01
12,0.4050,3.581712617686E+01,4.056920883525E+00,1.551403779551E+01
12,0.4060,3.441361836104E+01,3.940145268985E+00,1.547582587975E+01
12,0.4070,3.298009349511E+01,3.823943490389E+00,1.543780173754E+01
12,0.4080,3.151394830214E+01,3.708311328355E+00,1.539996398819E+01
12,0.4090,3.001243740804E+01,3.593244604766E+00,1.536231126450E+01
12,0.4100,2.847352094743E+01,3.478739182268E+00,1.532484221263E+01
12,0.4110,2.717398724111E+01,3.392308563657E+00,1.528755549192E+01
12,0.4120,2.585163073539E+01,3.306297511157E+00,1.525044977471E+01
12,0.4130,2.451492765671E+01,3.220702977070E+00,1.521352374620E+01
12,0.4140,2.319523996874E+01,3.135521943148E+00,1.517677610430E+01
12,0.3000,6.529243022545E+01,8.867668863533E+01,2.094395102393E+01
12,0.3010,6.521682213290E+01,8.705447177761E+01,2.087436979129E+01
12,0.3020,6.513624207281E+01,8.544299807790E+01,2.080524936152E+01
12,0.3030,6.505630656155E+01,8.384216116828E+01,2.073658517221E+01
12,0.3040,6.497710610137E+01,8.225185608043E+01,2.066837272099E+01
12,0.3050,6.489852807311E+01,8.067197922267E+01,2.060060756452E+01
12,0.3060,6.482062161231E+01,7.910242835745E+01,2.053328531758E+01
12,0.3070,6.474338703656E+01,7.754310257929E+01,2.046640165205E+01
12,0.3080,6.466676547228E+01,7.599390229320E+01,2.039995229604E+01
12,0.3090,6.459077275791E+01,7.445472919343E+01,2.033393303294E+01
12,0.3100,6.451542543319E+01,7.292548624268E+01,2.026833970058E+01
12,0.3110,6.394465112660E+01,7.209500568704E+01,2.020316819029E+01
12,0.3120,6.337200748646E+01,7.126984872471E+01,2.013841444609E+01
12,0.3130,6.280001712939E+01,7.044996433082E+01,2.007407446383E+01
12,0.3140,6.222864195964E+01,6.963530213053E+01,2.001014429038E+01
12,0.3150,6.165781085300E+01,6.882581238864E+01,1.994662002279E+01
12,0.3160,6.108749780707E+01,6.802144599956E+01,1.988349780753E+01
12,0.3170,6.051760527704E+01,6.722215447729E+01,1.982077383968E+01
12,0.3180,5.994813174440E+01,6.642788994572E+01,1.975844436220E+01
12,0.3190,5.937898225993E+01,6.563860512908E+01,1.969650566514E+01
12,0.3200,5.881013662515E+01,6.485425334254E+01,1.963495408494E+01
12,0.3210,5.854198430666E+01,6.425486731426E+01,1.957378600367E+01
12,0.3220,5.827315058893E+01,6.365920418057E+01,1.951299784838E+01
12,0.3230,5.800616968168E+01,6.306722936349E+01,1.945258609034E+01
12,0.3240,5.774104645865E+01,6.247890871195E+01,1.939254724438E+01
12,0.3250,5.747773286534E+01,6.189420849519E+01,1.933287786824E+01
12,0.3260,5.721622413120E+01,6.131309539632E+01,1.927357456190E+01
12,0.3270,5.695652371584E+01,6.073553650601E+01,1.921463396691E+01
12,0.3280,5.669861239952E+01,6.016149931624E+01,1.915605276579E+01
12,0.3290,5.644246338293E+01,5.959095171426E+01,1.909782768140E+01
12,0.3300,5.618808667405E+01,5.902386197654E+01,1.903995547630E+01
12,0.3310,5.601147872700E+01,5.861205822652E+01,1.898243295220E+01
12,0.3320,5.583791741223E+01,5.820273522199E+01,1.892525694934E+01
12,0.3330,5.566659154293E+01,5.779587061388E+01,1.886842434588E+01
12,0.3340,5.549592174683E+01,5.739144232079E+01,1.881193205742E+01
12,0.3350,5.532594210935E+01,5.698942852497E+01,1.875577703636E+01
12,0.3360,5.515657517107E+01,5.658980766841E+01,1.869995627137E+01
12,0.3370,5.498792159198E+01,5.619255844899E+01,1.864446678688E+01
12,0.3380,5.481989376833E+01,5.579765981666E+01,1.858930564254E+01
12,0.3390,5.465249438041E+01,5.540509096977E+01,1.853446993268E+01
12,0.3400,5.448571653221E+01,5.501483135139E+01,1.847995678582E+01
12,0.3410,5.460387173212E+01,5.478163705799E+01,1.842576336416E+01
12,0.3420,5.472123787142E+01,5.454980647391E+01,1.837188686310E+01
12,0.3430,5.483778651017E+01,5.431932767166E+01,1.831832451073E+01
12,0.3440,5.495353711964E+01,5.409018886245E+01,1.826507356738E+01
12,0.3450,5.506851940273E+01,5.386237839416E+01,1.821213132516E+01
12,0.3460,5.518273092986E+01,5.363588474938E+01,1.815949510746E+01
12,0.3470,5.529613876651E+01,5.341069654348E+01,1.810716226853E+01
12,0.3480,5.540883710010E+01,5.318680252267E+01,1.805513019304E+01
12,0.3490,5.552079087054E+01,5.296419156215E+01,1.800339629564E+01
12,0.3500,5.563199229816E+01,5.274285266427E+01,1.795195802051E+01
12,0.3510,5.679790542083E+01,5.264271040272E+01,1.790081284097E+01
12,0.3520,5.794276451508E+01,5.254313713129E+01,1.784995825903E+01
12,0.3530,5.906751265540E+01,5.244412801437E+01,1.779939180504E+01
12,0.3540,6.017318974559E+01,5.234567827100E+01,1.774911103723E+01
12,0.3550,6.126059914307E+01,5.224778317407E+01,1.769911354135E+01
12,0.3560,6.233061482286E+01,5.215043804959E+01,1.764939693028E+01
12,0.3570,6.338395590354E+01,5.205363827595E+01,1.759995884364E+01
12,0.3580,6.442127979143E+01,5.195737928317E+01,1.755079694743E+01
12,0.3590,6.544332818369E+01,5.186165655219E+01,1.750190893365E+01
12,0.3600,6.645061010486E+01,5.176646561415E+01,1.745329251994E+01
12,0.3610,6.834468432977E+01,5.023937503926E+01,1.740494544925E+01
12,0.3620,7.019943691085E+01,4.872072142888E+01,1.735686548945E+01
12,0.3630,7.201750221831E+01,4.721043505601E+01,1.730905043300E+01
12,0.3640,7.380123326007E+01,4.570844695992E+01,1.726149809665E+01
12,0.3650,7.555274070859E+01,4.421468893559E+01,1.721420632104E+01
12,0.3660,7.727394261517E+01,4.272909352342E+01,1.716717297044E+01
12,0.3670,7.896652156956E+01,4.125159399904E+01,1.712039593237E+01
12,0.3680,8.063203574566E+01,3.978212436339E+01,1.707387311734E+01
12,0.3690,8.227187024225E+01,3.832061933281E+01,1.702760245848E+01
12,0.3700,8.388732546991E+01,3.686701432942E+01,1.698158191130E+01
12,0.3710,8.279620681663E+01,3.469300566511E+01,1.693580945331E+01
12,0.3720,8.170395819007E+01,3.253068521943E+01,1.689028308382E+01
12,0.3730,8.061041426049E+01,3.037995898525E+01,1.684500082354E+01
12,0.3740,7.951533359066E+01,2.824073396088E+01,1.679996071438E+01
12,0.3750,7.841850708796E+01,2.611291813664E+01,1.675516081915E+01
12,0.3760,7.731968411058E+01,2.399642048168E+01,1.671059922122E+01
12,0.3770,7.621860210206E+01,2.189115093098E+01,1.666627402435E+01
12,0.3780,7.511501971654E+01,1.979702037262E+01,1.662218335233E+01
12,0.3790,7.400867962076E+01,1.771394063515E+01,1.657832534876E+01
12,0.3800,7.289923387375E+01,1.564182447524E+01,1.653469817679E+01
12,0.3810,7.103331505294E+01,1.477455568688E+01,1.649130001884E+01
12,0.3820,6.914979087275E+01,1.391182757281E+01,1.644812907639E+01
12,0.3830,6.724679156348E+01,1.305360456638E+01,1.640518356966E+01
12,0.3840,6.532226534649E+01,1.219985147144E+01,1.636246173745E+01
12,0.3850,6.337393093799E+01,1.135053345752E+01,1.631996183683E+01
12,0.3860,6.139914657698E+01,1.050561605506E+01,1.627768214295E+01
12,0.3870,5.939500351252E+01,9.665065150811E+00,1.623562094878E+01
12,0.3880,5.735816217426E+01,8.828846983181E+00,1.619377656490E+01
12,0.3890,5.528478830011E+01,7.996928137750E+00,1.615214731923E+01
12,0.3900,5.317047847574E+01,7.169275542807E+00,1.611073155687E+01
12,0.3910,5.146042787093E+01,6.911503837898E+00,1.606952763985E+01
12,0.3920,4.972028956317E+01,6.655047294747E+00,1.602853394689E+01
12,0.3930,4.794691283524E+01,6.399895873954E+00,1.598774887323E+01
12,0.3940,4.613662458172E+01,6.146039638038E+00,1.594717083041E+01
12,0.3950,4.428538565544E+01,5.893468750152E+00,1.590679824602E+01
12,0.3960,4.238864859787E+01,5.642173472811E+00,1.586662956358E+01
12,0.3970,4.044131308314E+01,5.392144166640E+00,1.582666324227E+01
12,0.3980,3.843803624495E+01,5.143371289143E+00,1.578689775673E+01
12,0.3990,3.637350881130E+01,4.895845393489E+00,1.574733159694E+01
12,0.4000,3.424386650614E+01,4.649557127313E+00,1.570796326795E+01
12,0.4010,3.260847704765E+01,4.529847561859E+00,1.566879128972E+01
12,0.4020,3.094259852087E+01,4.410733566383E+00,1.562981419696E+01
12,0.4030,2.925859548230E+01,4.292210707361E+00,1.559103053891E+01
12,0.4040,2.758664683222E+01,4.174274595166E+00,1.555243887916E+01
12,0.4050,2.599358608916E+01,4.056920883525E+00,1.551403779551E+01
12,0.4060,2.460669015523E+01,3.940145268985E+00,1.547582587975E+01
12,0.4070,2.358367983342E+01,3.823943490389E+00,1.543780173754E+01
12,0.4080,2.296639853278E+01,3.708311328355E+00,1.539996398819E+01
12,0.4090,2.264499732130E+01,3.593244604766E+00,1.536231126450E+01
13,0.3000,6.172620398495E+01,8.867668863533E+01,2.094395102393E+01
13,0.3010,6.165214054853E+01,8.705447177761E+01,2.087436979129E+01
13,0.3020,6.157548846844E+01,8.544299807790E+01,2.080524936152E+01
13,0.3030,6.149938034038E+01,8.384216116828E+01,2.073658517221E+01
13,0.3040,6.142387736223E+01,8.225185608043E+01,2.066837272099E+01
13,0.3050,6.134891149747E+01,8.067197922267E+01,2.060060756452E+01
13,0.3060,6.127452647777E+01,7.910242835745E+01,2.053328531758E+01
13,0.3070,6.120066069678E+01,7.754310257929E+01,2.046640165205E+01
13,0.3080,6.112733094657E+01,7.599390229320E+01,2.039995229604E+01
13,0.3090,6.105452737171E+01,7.445472919343E+01,2.033393303294E+01
13,0.3100,6.098226510968E+01,7.292548624268E+01,2.026833970058E+01
13,0.3110,6.040416444215E+01,7.209500568704E+01,2.020316819029E+01
13,0.3120,5.982525030543E+01,7.126984872471E+01,2.013841444609E+01
13,0.3130,5.924692803472E+01,7.044996433082E+01,2.007407446383E+01
13,0.3140,5.866911405439E+01,6.963530213053E+01,2.001014429038E+01
13,0.3150,5.809179089378E+01,6.882581238864E+01,1.994662002279E+01
13,0.3160,5.751484115501E+01,6.802144599956E+01,1.988349780753E+01
13,0.3170,5.693826969882E+01,6.722215447729E+01,1.982077383968E+01
13,0.3180,5.636197238045E+01,6.642788994572E+01,1.975844436220E+01
13,0.3190,5.578591357602E+01,6.563860512908E+01,1.969650566514E+01
13,0.3200,5.521002710996E+01,6.485425334254E+01,1.963495408494E+01
13,0.3210,5.494303210959E+01,6.425486731426E+01,1.957378600367E+01
13,0.3220,5.467602746874E+01,6.365920418057E+01,1.951299784838E+01
13,0.3230,5.441042062656E+01,6.306722936349E+01,1.945258609034E+01
13,0.3240,5.414624818860E+01,6.247890871195E+01,1.939254724438E+01
13,0.3250,5.388350551792E+01,6.189420849519E+01,1.933287786824E+01
13,0.3260,5.362208235194E+01,6.131309539632E+01,1.927357456190E+01
13,0.3270,5.336206657466E+01,6.073553650601E+01,1.921463396691E+01
13,0.3280,5.310341600748E+01,6.016149931624E+01,1.915605276579E+01
13,0.3290,5.284610674551E+01,5.959095171426E+01,1.909782768140E+01
13,0.3300,5.259016654206E+01,5.902386197654E+01,1.903995547630E+01
13,0.3310,5.241311979984E+01,5.861205822652E+01,1.898243295220E+01
13,0.3320,5.223808509988E+01,5.820273522199E+01,1.892525694934E+01
13,0.3330,5.206461881751E+01,5.779587061388E+01,1.886842434588E+01
13,0.3340,5.189186730460E+01,5.739144232079E+01,1.881193205742E+01
13,0.3350,5.171975899773E+01,5.698942852497E+01,1.875577703636E+01
13,0.3360,5.154832137584E+01,5.658980766841E+01,1.869995627137E+01
13,0.3370,5.137756593934E+01,5.619255844899E+01,1.864446678688E+01
13,0.3380,5.120743354854E+01,5.579765981666E+01,1.858930564254E+01
13,0.3390,5.103798944589E+01,5.540509096977E+01,1.853446993268E+01
13,0.3400,5.086917458702E+01,5.501483135139E+01,1.847995678582E+01
13,0.3410,5.099111919281E+01,5.478163705799E+01,1.842576336416E+01
13,0.3420,5.111222481685E+01,5.454980647391E+01,1.837188686310E+01
13,0.3430,5.123247234087E+01,5.431932767166E+01,1.831832451073E+01
13,0.3440,5.135185832696E+01,5.409018886245E+01,1.826507356738E+01
13,0.3450,5.147041529440E+01,5.386237839416E+01,1.821213132516E+01
13,0.3460,5.158813047837E+01,5.363588474938E+01,1.815949510746E+01
13,0.3470,5.170504826749E+01,5.341069654348E+01,1.810716226853E+01
13,0.3480,5.182117307467E+01,5.318680252267E+01,1.805513019304E+01
13,0.3490,5.193648790339E+01,5.296419156215E+01,1.800339629564E+01
13,0.3500,5.205098361020E+01,5.274285266427E+01,1.795195802051E+01
13,0.3510,5.324027913809E+01,5.264271040272E+01,1.790081284097E+01
13,0.3520,5.440740009309E+01,5.254313713129E+01,1.784995825903E+01
13,0.3530,5.555352501952E+01,5.244412801437E+01,1.779939180504E+01
13,0.3540,5.667968909498E+01,5.234567827100E+01,1.774911103723E+01
13,0.3550,5.778687678881E+01,5.224778317407E+01,1.769911354135E+01
13,0.3560,5.887591690845E+01,5.215043804959E+01,1.764939693028E+01
13,0.3570,5.994771324842E+01,5.205363827595E+01,1.759995884364E+01
13,0.3580,6.100291282560E+01,5.195737928317E+01,1.755079694743E+01
13,0.3590,6.204229723210E+01,5.186165655219E+01,1.750190893365E+01
13,0.3600,6.306647573797E+01,5.176646561415E+01,1.745329251994E+01
13,0.3610,6.499121927778E+01,5.023937503926E+01,1.740494544925E+01
13,0.3620,6.687542390975E+01,4.872072142888E+01,1.735686548945E+01
13,0.3630,6.872183908171E+01,4.721043505601E+01,1.730905043300E+01
13,0.3640,7.053295426175E+01,4.570844695992E+01,1.726149809665E+01
13,0.3650,7.231099597116E+01,4.421468893559E+01,1.721420632104E+01
13,0.3660,7.405788246891E+01,4.272909352342E+01,1.716717297044E+01
13,0.3670,7.577543253320E+01,4.125159399904E+01,1.712039593237E+01
13,0.3680,7.746520420770E+01,3.978212436339E+01,1.707387311734E+01
13,0.3690,7.912867710943E+01,3.832061933281E+01,1.702760245848E+01
13,0.3700,8.076714759265E+01,3.686701432942E+01,1.698158191130E+01
13,0.3710,7.966093006534E+01,3.469300566511E+01,1.693580945331E+01
13,0.3720,7.855350889501E+01,3.253068521943E+01,1.689028308382E+01
13,0.3730,7.744466234821E+01,3.037995898525E+01,1.684500082354E+01
13,0.3740,7.633421565822E+01,2.824073396088E+01,1.679996071438E+01
13,0.3750,7.522190140978E+01,2.611291813664E+01,1.675516081915E+01
13,0.3760,7.410747052436E+01,2.399642048168E+01,1.671059922122E+01
13,0.3770,7.299069316236E+01,2.189115093098E+01,1.666627402435E+01
13,0.3780,7.187131318757E+01,1.979702037262E+01,1.662218335233E+01
13,0.3790,7.074899367347E+01,1.771394063515E+01,1.657832534876E+01
13,0.3800,6.962346141560E+01,1.564182447524E+01,1.653469817679E+01
13,0.3810,6.773003516795E+01,1.477455568688E+01,1.649130001884E+01
13,0.3820,6.581842565685E+01,1.391182757281E+01,1.644812907639E+01
13,0.3830,6.388669715592E+01,1.305360456638E+01,1.640518356966E+01
13,0.3840,6.193280281206E+01,1.219985147144E+01,1.636246173745E+01
13,0.3850,5.995427761155E+01,1.135053345752E+01,1.631996183683E+01
13,0.3860,5.794842122684E+01,1.050561605506E+01,1.627768214295E+01
13,0.3870,5.591216350303E+01,9.665065150811E+00,1.623562094878E+01
13,0.3880,5.384200112313E+01,8.828846983181E+00,1.619377656490E+01
13,0.3890,5.173383975444E+01,7.996928137750E+00,1.615214731923E+01
13,0.3900,4.958297083800E+01,7.169275542807E+00,1.611073155687E+01
13,0.3910,4.784255562667E+01,6.911503837898E+00,1.606952763985E+01
13,0.3920,4.607046196245E+01,6.655047294747E+00,1.602853394689E+01
13,0.3930,4.426314977080E+01,6.399895873954E+00,1.598774887323E+01
13,0.3940,4.241648976408E+01,6.146039638038E+00,1.594717083041E+01
13,0.3950,4.052573095012E+01,5.893468750152E+00,1.590679824602E+01
13,0.3960,3.858537246344E+01,5.642173472811E+00,1.586662956358E+01
13,0.3970,3.658894269793E+01,5.392144166640E+00,1.582666324227E+01
13,0.3980,3.452898818002E+01,5.143371289143E+00,1.578689775673E+01
13,0.3990,3.239713513126E+01,4.895845393489E+00,1.574733159694E+01
13,0.4000,3.018461309218E+01,4.649557127313E+00,1.570796326795E+01
13,0.4010,2.847392619928E+01,4.529847561859E+00,1.566879128972E+01
13,0.4020,2.671722994096E+01,4.410733566383E+00,1.562981419696E+01
13,0.4030,2.492910287233E+01,4.292210707361E+00,1.559103053891E+01
13,0.4040,2.320441799708E+01,4.174274595166E+00,1.555243887916E+01
13,0.3000,5.679594861706E+01,8.867668863533E+01,2.094395102393E+01
13,0.3010,5.670650304047E+01,8.705447177761E+01,2.087436979129E+01
13,0.3020,5.660865973374E+01,8.544299807790E+01,2.080524936152E+01
13,0.3030,5.651169227812E+01,8.384216116828E+01,2.073658517221E+01
13,0.3040,5.641568228774E+01,8.225185608043E+01,2.066837272099E+01
13,0.3050,5.632049941071E+01,8.067197922267E+01,2.060060756452E+01
13,0.3060,5.622618601702E+01,7.910242835745E+01,2.053328531758E+01
13,0.3070,5.613269687408E+01,7.754310257929E+01,2.046640165205E+01
13,0.3080,5.604006225348E+01,7.599390229320E+01,2.039995229604E+01
13,0.3090,5.594823556871E+01,7.445472919343E+01,2.033393303294E+01
13,0.3100,5.585719632007E+01,7.292548624268E+01,2.026833970058E+01
13,0.3110,5.519880177279E+01,7.209500568704E+01,2.020316819029E+01
13,0.3120,5.453536574115E+01,7.126984872471E+01,2.013841444609E+01
13,0.3130,5.387086057814E+01,7.044996433082E+01,2.007407446383E+01
13,0.3140,5.320517023736E+01,6.963530213053E+01,2.001014429038E+01
13,0.3150,5.253820480112E+01,6.882581238864E+01,1.994662002279E+01
13,0.3160,5.186986953065E+01,6.802144599956E+01,1.988349780753E+01
13,0.3170,5.120004583046E+01,6.722215447729E+01,1.982077383968E+01
13,0.3180,5.052862725196E+01,6.642788994572E+01,1.975844436220E+01
13,0.3190,4.985547588160E+01,6.563860512908E+01,1.969650566514E+01
13,0.3200,4.918054436753E+01,6.485425334254E+01,1.963495408494E+01
13,0.3210,4.885628173731E+01,6.425486731426E+01,1.957378600367E+01
13,0.3220,4.852986259404E+01,6.365920418057E+01,1.951299784838E+01
13,0.3230,4.820561144983E+01,6.306722936349E+01,1.945258609034E+01
13,0.3240,4.788345786462E+01,6.247890871195E+01,1.939254724438E+01
13,0.3250,4.756336932851E+01,6.189420849519E+01,1.933287786824E+01
13,0.3260,4.724535980355E+01,6.131309539632E+01,1.927357456190E+01
13,0.3270,4.692937571881E+01,6.073553650601E+01,1.921463396691E+01
13,0.3280,4.661544441112E+01,6.016149931624E+01,1.915605276579E+01
13,0.3290,4.630355870332E+01,5.959095171426E+01,1.909782768140E+01
13,0.3300,4.599366537601E+01,5.902386197654E+01,1.903995547630E+01
13,0.3310,4.577721597222E+01,5.861205822652E+01,1.898243295220E+01
13,0.3320,4.556523255833E+01,5.820273522199E+01,1.892525694934E+01
13,0.3330,4.535648307524E+01,5.779587061388E+01,1.886842434588E+01
13,0.3340,4.514827205169E+01,5.739144232079E+01,1.881193205742E+01
13,0.3350,4.494061337615E+01,5.698942852497E+01,1.875577703636E+01
13,0.3360,4.473344977988E+01,5.658980766841E+01,1.869995627137E+01
13,0.3370,4.452680253417E+01,5.619255844899E+01,1.864446678688E+01
13,0.3380,4.432064981922E+01,5.579765981666E+01,1.858930564254E+01
13,0.3390,4.411499558044E+01,5.540509096977E+01,1.853446993268E+01
13,0.3400,4.390984099014E+01,5.501483135139E+01,1.847995678582E+01
13,0.3410,4.405080036153E+01,5.478163705799E+01,1.842576336416E+01
13,0.3420,4.419084661961E+01,5.454980647391E+01,1.837188686310E+01
13,0.3430,4.432991582128E+01,5.431932767166E+01,1.831832451073E+01
13,0.3440,4.446798109560E+01,5.409018886245E+01,1.826507356738E+01
13,0.3450,4.460512836150E+01,5.386237839416E+01,1.821213132516E+01
13,0.3460,4.474135531222E+01,5.363588474938E+01,1.815949510746E+01
13,0.3470,4.487665494347E+01,5.341069654348E+01,1.810716226853E+01
13,0.3480,4.501102736128E+01,5.318680252267E+01,1.805513019304E+01
13,0.3490,4.514448308474E+01,5.296419156215E+01,1.800339629564E+01
13,0.3500,4.527704451227E+01,5.274285266427E+01,1.795195802051E+01
13,0.3510,4.668056792900E+01,5.264271040272E+01,1.790081284097E+01
13,0.3520,4.804916181410E+01,5.254313713129E+01,1.784995825903E+01
13,0.3530,4.938486364456E+01,5.244412801437E+01,1.779939180504E+01
13,0.3540,5.068959447387E+01,5.234567827100E+01,1.774911103723E+01
13,0.3550,5.196517408094E+01,5.224778317407E+01,1.769911354135E+01
13,0.3560,5.321323783291E+01,5.215043804959E+01,1.764939693028E+01
13,0.3570,5.443533280753E+01,5.205363827595E+01,1.759995884364E+01
13,0.3580,5.563289561103E+01,5.195737928317E+01,1.755079694743E+01
13,0.3590,5.680719727922E+01,5.186165655219E+01,1.750190893365E+01
13,0.3600,5.795943015574E+01,5.176646561415E+01,1.745329251994E+01
13,0.3610,6.011355234010E+01,5.023937503926E+01,1.740494544925E+01
13,0.3620,6.220758893620E+01,4.872072142888E+01,1.735686548945E+01
13,0.3630,6.424675319216E+01,4.721043505601E+01,1.730905043300E+01
13,0.3640,6.623554616385E+01,4.570844695992E+01,1.726149809665E+01
13,0.3650,6.817785621455E+01,4.421468893559E+01,1.721420632104E+01
13,0.3660,7.007713872718E+01,4.272909352342E+01,1.716717297044E+01
13,0.3670,7.193649016342E+01,4.125159399904E+01,1.712039593237E+01
13,0.3680,7.375846925092E+01,3.978212436339E+01,1.707387311734E+01
13,0.3690,7.554556391821E+01,3.832061933281E+01,1.702760245848E+01
13,0.3700,7.729987937237E+01,3.686701432942E+01,1.698158191130E+01
13,0.3710,7.611532923931E+01,3.469300566511E+01,1.693580945331E+01
13,0.3720,7.492678824240E+01,3.253068521943E+01,1.689028308382E+01
13,0.3730,7.373388243472E+01,3.037995898525E+01,1.684500082354E+01
13,0.3740,7.253627552530E+01,2.824073396088E+01,1.679996071438E+01
13,0.3750,7.133350493599E+01,2.611291813664E+01,1.675516081915E+01
13,0.3760,7.012515461620E+01,2.399642048168E+01,1.671059922122E+01
13,0.3770,6.891074743100E+01,2.189115093098E+01,1.666627402435E+01
13,0.3780,6.768981950474E+01,1.979702037262E+01,1.662218335233E+01
13,0.3790,6.646179137272E+01,1.771394063515E+01,1.657832534876E+01
13,0.3800,6.522609711342E+01,1.564182447524E+01,1.653469817679E+01
13,0.3810,6.313785824198E+01,1.477455568688E+01,1.649130001884E+01
13,0.3820,6.101586273401E+01,1.391182757281E+01,1.644812907639E+01
13,0.3830,5.885623029583E+01,1.305360456638E+01,1.640518356966E+01
13,0.3840,5.665443632809E+01,1.219985147144E+01,1.636246173745E+01
13,0.3850,5.440518555626E+01,1.135053345752E+01,1.631996183683E+01
13,0.3860,5.210244309845E+01,1.050561605506E+01,1.627768214295E+01
13,0.3870,4.973896363466E+01,9.665065150811E+00,1.623562094878E+01
13,0.3880,4.730632734029E+01,8.828846983181E+00,1.619377656490E+01
13,0.3890,4.479447184877E+01,7.996928137750E+00,1.615214731923E+01
13,0.3900,4.219169585494E+01,7.169275542807E+00,1.611073155687E+01
13,0.3910,4.005256943725E+01,6.911503837898E+00,1.606952763985E+01
13,0.3920,3.784277202145E+01,6.655047294747E+00,1.602853394689E+01
13,0.3930,3.555616280056E+01,6.399895873954E+00,1.598774887323E+01
13,0.3940,3.319062876416E+01,6.146039638038E+00,1.594717083041E+01
13,0.3950,3.075750938267E+01,5.893468750152E+00,1.590679824602E+01
13,0.3960,2.830941148561E+01,5.642173472811E+00,1.586662956358E+01
13,0.3970,2.602144287744E+01,5.392144166640E+00,1.582666324227E+01
13,0.3980,2.430125081514E+01,5.143371289143E+00,1.578689775673E+01
13,0.3990,2.342595313074E+01,4.895845393489E+00,1.574733159694E+01
13,0.4000,2.310599755679E+01,4.649557127313E+00,1.570796326795E+01
14,0.3000,5.292290192377E+01,8.867668863533E+01,2.094395102393E+01
14,0.3010,5.283632558651E+01,8.705447177761E+01,2.087436979129E+01
14,0.3020,5.274530148211E+01,8.544299807790E+01,2.080524936152E+01
14,0.3030,5.265497928437E+01,8.384216116828E+01,2.073658517221E+01
14,0.3040,5.256538951555E+01,8.225185608043E+01,2.066837272099E+01
14,0.3050,5.247646855217E+01,8.067197922267E+01,2.060060756452E+01
14,0.3060,5.238820012672E+01,7.910242835745E+01,2.053328531758E+01
14,0.3070,5.230059288450E+01,7.754310257929E+01,2.046640165205E+01
14,0.3080,5.221367512562E+01,7.599390229320E+01,2.039995229604E+01
14,0.3090,5.212736626556E+01,7.445472919343E+01,2.033393303294E+01
14,0.3100,5.204171686561E+01,7.292548624268E+01,2.026833970058E+01
14,0.3110,5.137361285516E+01,7.209500568704E+01,2.020316819029E+01
14,0.3120,5.070198619236E+01,7.126984872471E+01,2.013841444609E+01
14,0.3130,5.002907872463E+01,7.044996433082E+01,2.007407446383E+01
14,0.3140,4.935471163034E+01,6.963530213053E+01,2.001014429038E+01
14,0.3150,4.867879147751E+01,6.882581238864E+01,1.994662002279E+01
14,0.3160,4.800112087395E+01,6.802144599956E+01,1.988349780753E+01
14,0.3170,4.732162534068E+01,6.722215447729E+01,1.982077383968E+01
14,0.3180,4.664017078386E+01,6.642788994572E+01,1.975844436220E+01
14,0.3190,4.595653859486E+01,6.563860512908E+01,1.969650566514E+01
14,0.3200,4.527065918097E+01,6.485425334254E+01,1.963495408494E+01
14,0.3210,4.494880455210E+01,6.425486731426E+01,1.957378600367E+01
14,0.3220,4.462586564818E+01,6.365920418057E+01,1.951299784838E+01
14,0.3230,4.430432628631E+01,6.306722936349E+01,1.945258609034E+01
14,0.3240,4.398411462142E+01,6.247890871195E+01,1.939254724438E+01
14,0.3250,4.366522479082E+01,6.189420849519E+01,1.933287786824E+01
14,0.3260,4.334767931199E+01,6.131309539632E+01,1.927357456190E+01
14,0.3270,4.303141155615E+01,6.073553650601E+01,1.921463396691E+01
14,0.3280,4.271639183757E+01,6.016149931624E+01,1.915605276579E+01
14,0.3290,4.240271271239E+01,5.959095171426E+01,1.909782768140E+01
14,0.3300,4.209022547545E+01,5.902386197654E+01,1.903995547630E+01
14,0.3310,4.187321229413E+01,5.861205822652E+01,1.898243295220E+01
14,0.3320,4.165903387224E+01,5.820273522199E+01,1.892525694934E+01
14,0.3330,4.144690274095E+01,5.779587061388E+01,1.886842434588E+01
14,0.3340,4.123530430038E+01,5.739144232079E+01,1.881193205742E+01
14,0.3350,4.102422169572E+01,5.698942852497E+01,1.875577703636E+01
14,0.3360,4.081365549684E+01,5.658980766841E+01,1.869995627137E+01
14,0.3370,4.060359007080E+01,5.619255844899E+01,1.864446678688E+01
14,0.3380,4.039400095865E+01,5.579765981666E+01,1.858930564254E+01
14,0.3390,4.018492732642E+01,5.540509096977E+01,1.853446993268E+01
14,0.3400,3.997628481293E+01,5.501483135139E+01,1.847995678582E+01
14,0.3410,4.012478127239E+01,5.478163705799E+01,1.842576336416E+01
14,0.3420,4.027212555694E+01,5.454980647391E+01,1.837188686310E+01
14,0.3430,4.041832715827E+01,5.431932767166E+01,1.831832451073E+01
14,0.3440,4.056342207671E+01,5.409018886245E+01,1.826507356738E+01
14,0.3450,4.070739682423E+01,5.386237839416E+01,1.821213132516E+01
14,0.3460,4.085026976210E+01,5.363588474938E+01,1.815949510746E+01
14,0.3470,4.099208827238E+01,5.341069654348E+01,1.810716226853E+01
14,0.3480,4.113283083039E+01,5.318680252267E+01,1.805513019304E+01
14,0.3490,4.127250136568E+01,5.296419156215E+01,1.800339629564E+01
14,0.3500,4.141117345156E+01,5.274285266427E+01,1.795195802051E+01
14,0.3510,4.285359757912E+01,5.264271040272E+01,1.790081284097E+01
14,0.3520,4.425734253820E+01,5.254313713129E+01,1.784995825903E+01
14,0.3530,4.562514248968E+01,5.244412801437E+01,1.779939180504E+01
14,0.3540,4.695943200290E+01,5.234567827100E+01,1.774911103723E+01
14,0.3550,4.826248159235E+01,5.224778317407E+01,1.769911354135E+01
14,0.3560,4.953627650724E+01,5.215043804959E+01,1.764939693028E+01
14,0.3570,5.078257903274E+01,5.205363827595E+01,1.759995884364E+01
14,0.3580,5.200301239866E+01,5.195737928317E+01,1.755079694743E+01
14,0.3590,5.319908306788E+01,5.186165655219E+01,1.750190893365E+01
14,0.3600,5.437210736849E+01,5.176646561415E+01,1.745329251994E+01
14,0.3610,5.656293998017E+01,5.023937503926E+01,1.740494544925E+01
14,0.3620,5.869141760145E+01,4.872072142888E+01,1.735686548945E+01
14,0.3630,6.076312072059E+01,4.721043505601E+01,1.730905043300E+01
14,0.3640,6.278282061358E+01,4.570844695992E+01,1.726149809665E+01
14,0.3650,6.475471527187E+01,4.421468893559E+01,1.721420632104E+01
14,0.3660,6.668238553875E+01,4.272909352342E+01,1.716717297044E+01
14,0.3670,6.856901158657E+01,4.125159399904E+01,1.712039593237E+01
14,0.3680,7.041736362602E+01,3.978212436339E+01,1.707387311734E+01
14,0.3690,7.222993863623E+01,3.832061933281E+01,1.702760245848E+01
14,0.3700,7.400896174315E+01,3.686701432942E+01,1.698158191130E+01
14,0.3710,7.280836766259E+01,3.469300566511E+01,1.693580945331E+01
14,0.3720,7.160363913309E+01,3.253068521943E+01,1.689028308382E+01
14,0.3730,7.039443762843E+01,3.037995898525E+01,1.684500082354E+01
14,0.3740,6.918031744469E+01,2.824073396088E+01,1.679996071438E+01
14,0.3750,6.796089128532E+01,2.611291813664E+01,1.675516081915E+01
14,0.3760,6.673573066442E+01,2.399642048168E+01,1.671059922122E+01
14,0.3770,6.550431370441E+01,2.189115093098E+01,1.666627402435E+01
14,0.3780,6.426614161238E+01,1.979702037262E+01,1.662218335233E+01
14,0.3790,6.302069332568E+01,1.771394063515E+01,1.657832534876E+01
14,0.3800,6.176733108540E+01,1.564182447524E+01,1.653469817679E+01
14,0.3810,5.964848625874E+01,1.477455568688E+01,1.649130001884E+01
14,0.3820,5.749485261527E+01,1.391182757281E+01,1.644812907639E+01
14,0.3830,5.530230278081E+01,1.305360456638E+01,1.640518356966E+01
14,0.3840,5.306608006488E+01,1.219985147144E+01,1.636246173745E+01
14,0.3850,5.078055424111E+01,1.135053345752E+01,1.631996183683E+01
14,0.3860,4.843918216914E+01,1.050561605506E+01,1.627768214295E+01
14,0.3870,4.603403137840E+01,9.665065150811E+00,1.623562094878E+01
14,0.3880,4.355561119377E+01,8.828846983181E+00,1.619377656490E+01
14,0.3890,4.099235878472E+01,7.996928137750E+00,1.615214731923E+01
14,0.3900,3.833009369452E+01,7.169275542807E+00,1.611073155687E+01
14,0.3910,3.613583610951E+01,6.911503837898E+00,1.606952763985E+01
14,0.3920,3.386014657583E+01,6.655047294747E+00,1.602853394689E+01
14,0.3930,3.149176834428E+01,6.399895873954E+00,1.598774887323E+01
14,0.3940,2.902035433571E+01,6.146039638038E+00,1.594717083041E+01
14,0.3950,2.644703906424E+01,5.893468750152E+00,1.590679824602E+01
14,0.3960,2.386996709299E+01,5.642173472811E+00,1.586662956358E+01
14,0.3000,4.623461564058E+01,8.867668863533E+01,2.094395102393E+01
14,0.3010,4.611915130649E+01,8.705447177761E+01,2.087436979129E+01
14,0.3020,4.598669377641E+01,8.544299807790E+01,2.080524936152E+01
14,0.3030,4.585567669860E+01,8.384216116828E+01,2.073658517221E+01
14,0.3040,4.572608401734E+01,8.225185608043E+01,2.066837272099E+01
14,0.3050,4.559782834214E+01,8.067197922267E+01,2.060060756452E+01
14,0.3060,4.547088909678E+01,7.910242835745E+01,2.053328531758E+01
14,0.3070,4.534522370583E+01,7.754310257929E+01,2.046640165205E+01
14,0.3080,4.522082342377E+01,7.599390229320E+01,2.039995229604E+01
14,0.3090,4.509765051259E+01,7.445472919343E+01,2.033393303294E+01
14,0.3100,4.497565650586E+01,7.292548624268E+01,2.026833970058E+01
14,0.3110,4.417218653619E+01,7.209500568704E+01,2.020316819029E+01
14,0.3120,4.335664178090E+01,7.126984872471E+01,2.013841444609E+01
14,0.3130,4.253682467222E+01,7.044996433082E+01,2.007407446383E+01
14,0.3140,4.171282874937E+01,6.963530213053E+01,2.001014429038E+01
14,0.3150,4.088470738297E+01,6.882581238864E+01,1.994662002279E+01
14,0.3160,4.005280181288E+01,6.802144599956E+01,1.988349780753E+01
14,0.3170,3.921747307667E+01,6.722215447729E+01,1.982077383968E+01
14,0.3180,3.837937127775E+01,6.642788994572E+01,1.975844436220E+01
14,0.3190,3.753938145546E+01,6.563860512908E+01,1.969650566514E+01
14,0.3200,3.669891272535E+01,6.485425334254E+01,1.963495408494E+01
14,0.3210,3.627870542431E+01,6.425486731426E+01,1.957378600367E+01
14,0.3220,3.585422611373E+01,6.365920418057E+01,1.951299784838E+01
14,0.3230,3.543444992460E+01,6.306722936349E+01,1.945258609034E+01
14,0.3240,3.501948011696E+01,6.247890871195E+01,1.939254724438E+01
14,0.3250,3.460953091535E+01,6.189420849519E+01,1.933287786824E+01
14,0.3260,3.420488081839E+01,6.131309539632E+01,1.927357456190E+01
14,0.3270,3.380573448922E+01,6.073553650601E+01,1.921463396691E+01
14,0.3280,3.341242164402E+01,6.016149931624E+01,1.915605276579E+01
14,0.3290,3.302536705127E+01,5.959095171426E+01,1.909782768140E+01
14,0.3300,3.264496674220E+01,5.902386197654E+01,1.903995547630E+01
14,0.3310,3.237439613927E+01,5.861205822652E+01,1.898243295220E+01
14,0.3320,3.211308420340E+01,5.820273522199E+01,1.892525694934E+01
14,0.3330,3.185870088326E+01,5.779587061388E+01,1.886842434588E+01
14,0.3340,3.160651060406E+01,5.739144232079E+01,1.881193205742E+01
14,0.3350,3.135670598586E+01,5.698942852497E+01,1.875577703636E+01
14,0.3360,3.110932366232E+01,5.658980766841E+01,1.869995627137E+01
14,0.3370,3.086457913853E+01,5.619255844899E+01,1.864446678688E+01
14,0.3380,3.062264926803E+01,5.579765981666E+01,1.858930564254E+01
14,0.3390,3.038371583179E+01,5.540509096977E+01,1.853446993268E+01
14,0.3400,3.014808036506E+01,5.501483135139E+01,1.847995678582E+01
14,0.3410,3.026121453176E+01,5.478163705799E+01,1.842576336416E+01
14,0.3420,3.037885796632E+01,5.454980647391E+01,1.837188686310E+01
14,0.3430,3.050055995879E+01,5.431932767166E+01,1.831832451073E+01
14,0.3440,3.062589215229E+01,5.409018886245E+01,1.826507356738E+01
14,0.3450,3.075453467077E+01,5.386237839416E+01,1.821213132516E+01
14,0.3460,3.088608493227E+01,5.363588474938E+01,1.815949510746E+01
14,0.3470,3.102025368498E+01,5.341069654348E+01,1.810716226853E+01
14,0.3480,3.115677549570E+01,5.318680252267E+01,1.805513019304E+01
14,0.3490,3.129529149369E+01,5.296419156215E+01,1.800339629564E+01
14,0.3500,3.143560079399E+01,5.274285266427E+01,1.795195802051E+01
14,0.3510,3.314381880266E+01,5.264271040272E+01,1.790081284097E+01
14,0.3520,3.486529459056E+01,5.254313713129E+01,1.784995825903E+01
14,0.3530,3.656299263201E+01,5.244412801437E+01,1.779939180504E+01
14,0.3540,3.822137227290E+01,5.234567827100E+01,1.774911103723E+01
14,0.3550,3.983494255935E+01,5.224778317407E+01,1.769911354135E+01
14,0.3560,4.140256968588E+01,5.215043804959E+01,1.764939693028E+01
14,0.3570,4.292528942730E+01,5.205363827595E+01,1.759995884364E+01
14,0.3580,4.440513282482E+01,5.195737928317E+01,1.755079694743E+01
14,0.3590,4.584444153335E+01,5.186165655219E+01,1.750190893365E+01
14,0.3600,4.724559562338E+01,5.176646561415E+01,1.745329251994E+01
14,0.3610,4.983800820457E+01,5.023937503926E+01,1.740494544925E+01
14,0.3620,5.232518470166E+01,4.872072142888E+01,1.735686548945E+01
14,0.3630,5.471897203406E+01,4.721043505601E+01,1.730905043300E+01
14,0.3640,5.702947893977E+01,4.570844695992E+01,1.726149809665E+01
14,0.3650,5.926517504017E+01,4.421468893559E+01,1.721420632104E+01
14,0.3660,6.143332302808E+01,4.272909352342E+01,1.716717297044E+01
14,0.3670,6.354010830802E+01,4.125159399904E+01,1.712039593237E+01
14,0.3680,6.559078908899E+01,3.978212436339E+01,1.707387311734E+01
14,0.3690,6.759003485136E+01,3.832061933281E+01,1.702760245848E+01
14,0.3700,6.954180282282E+01,3.686701432942E+01,1.698158191130E+01
14,0.3710,6.822457692023E+01,3.469300566511E+01,1.693580945331E+01
14,0.3720,6.689808641536E+01,3.253068521943E+01,1.689028308382E+01
14,0.3730,6.556161010302E+01,3.037995898525E+01,1.684500082354E+01
14,0.3740,6.421429919052E+01,2.824073396088E+01,1.679996071438E+01
14,0.3750,6.285534537259E+01,2.611291813664E+01,1.675516081915E+01
14,0.3760,6.148374712802E+01,2.399642048168E+01,1.671059922122E+01
14,0.3770,6.009855474055E+01,2.189115093098E+01,1.666627402435E+01
14,0.3780,5.869859182820E+01,1.979702037262E+01,1.662218335233E+01
14,0.3790,5.728271752185E+01,1.771394063515E+01,1.657832534876E+01
14,0.3800,5.584948192098E+01,1.564182447524E+01,1.653469817679E+01
14,0.3810,5.340680345617E+01,1.477455568688E+01,1.649130001884E+01
14,0.3820,5.089480778208E+01,1.391182757281E+01,1.644812907639E+01
14,0.3830,4.830348548242E+01,1.305360456638E+01,1.640518356966E+01
14,0.3840,4.562068860674E+01,1.219985147144E+01,1.636246173745E+01
14,0.3850,4.283206162091E+01,1.135053345752E+01,1.631996183683E+01
14,0.3860,3.992095584846E+01,1.050561605506E+01,1.627768214295E+01
14,0.3870,3.687001084612E+01,9.665065150811E+00,1.623562094878E+01
14,0.3880,3.366816081034E+01,8.828846983181E+00,1.619377656490E+01
14,0.3890,3.034107415237E+01,7.996928137750E+00,1.615214731923E+01
14,0.3900,2.708540146013E+01,7.169275542807E+00,1.611073155687E+01
14,0.3910,2.503100287545E+01,6.911503837898E+00,1.606952763985E+01
14,0.3920,2.394430306435E+01,6.655047294747E+00,1.602853394689E+01
14,0.3930,2.354834810080E+01,6.399895873954E+00,1.598774887323E+01
15,0.3000,4.185173762497E+01,8.867668863533E+01,2.094395102393E+01
15,0.3010,4.174173399077E+01,8.705447177761E+01,2.087436979129E+01
15,0.3020,4.162250671725E+01,8.544299807790E+01,2.080524936152E+01
15,0.3030,4.150426962728E+01,8.384216116828E+01,2.073658517221E+01
15,0.3040,4.138704618330E+01,8.225185608043E+01,2.066837272099E+01
15,0.3050,4.127078648875E+01,8.067197922267E+01,2.060060756452E+01
15,0.3060,4.115540635018E+01,7.910242835745E+01,2.053328531758E+01
15,0.3070,4.104098357492E+01,7.754310257929E+01,2.046640165205E+01
15,0.3080,4.092745124888E+01,7.599390229320E+01,2.039995229604E+01
15,0.3090,4.081475267026E+01,7.445472919343E+01,2.033393303294E+01
15,0.3100,4.070295122244E+01,7.292548624268E+01,2.026833970058E+01
15,0.3110,3.987568246420E+01,7.209500568704E+01,2.020316819029E+01
15,0.3120,3.903804828173E+01,7.126984872471E+01,2.013841444609E+01
15,0.3130,3.819427173214E+01,7.044996433082E+01,2.007407446383E+01
15,0.3140,3.734404451952E+01,6.963530213053E+01,2.001014429038E+01
15,0.3150,3.648733520569E+01,6.882581238864E+01,1.994662002279E+01
15,0.3160,3.562398284361E+01,6.802144599956E+01,1.988349780753E+01
15,0.3170,3.475417925627E+01,6.722215447729E+01,1.982077383968E+01
15,0.3180,3.387821768525E+01,6.642788994572E+01,1.975844436220E+01
15,0.3190,3.299695874114E+01,6.563860512908E+01,1.969650566514E+01
15,0.3200,3.211205987742E+01,6.485425334254E+01,1.963495408494E+01
15,0.3210,3.168611454115E+01,6.425486731426E+01,1.957378600367E+01
15,0.3220,3.125771558620E+01,6.365920418057E+01,1.951299784838E+01
15,0.3230,3.083263317624E+01,6.306722936349E+01,1.945258609034E+01
15,0.3240,3.041160535124E+01,6.247890871195E+01,1.939254724438E+01
15,0.3250,2.999571431748E+01,6.189420849519E+01,1.933287786824E+01
15,0.3260,2.958660892459E+01,6.131309539632E+01,1.927357456190E+01
15,0.3270,2.918699742020E+01,6.073553650601E+01,1.921463396691E+01
15,0.3280,2.880228952014E+01,6.016149931624E+01,1.915605276579E+01
15,0.3290,2.844556046308E+01,5.959095171426E+01,1.909782768140E+01
15,0.3480,2.668679051289E+01,5.318680252267E+01,1.805513019304E+01
15,0.3490,2.676378767704E+01,5.296419156215E+01,1.800339629564E+01
15,0.3500,2.688678873081E+01,5.274285266427E+01,1.795195802051E+01
15,0.3510,2.868545868797E+01,5.264271040272E+01,1.790081284097E+01
15,0.3520,3.053671225750E+01,5.254313713129E+01,1.784995825903E+01
15,0.3530,3.234186441682E+01,5.244412801437E+01,1.779939180504E+01
15,0.3540,3.408685161141E+01,5.234567827100E+01,1.774911103723E+01
15,0.3550,3.577110290706E+01,5.224778317407E+01,1.769911354135E+01
15,0.3560,3.739772700942E+01,5.215043804959E+01,1.764939693028E+01
15,0.3570,3.897081618528E+01,5.205363827595E+01,1.759995884364E+01
15,0.3580,4.049432961642E+01,5.195737928317E+01,1.755079694743E+01
15,0.3590,4.197225793726E+01,5.186165655219E+01,1.750190893365E+01
15,0.3600,4.340801400900E+01,5.176646561415E+01,1.745329251994E+01
15,0.3610,4.605680885807E+01,5.023937503926E+01,1.740494544925E+01
15,0.3620,4.859285760997E+01,4.872072142888E+01,1.735686548945E+01
15,0.3630,5.103012186615E+01,4.721043505601E+01,1.730905043300E+01
15,0.3640,5.337999972616E+01,4.570844695992E+01,1.726149809665E+01
15,0.3650,5.565197431739E+01,4.421468893559E+01,1.721420632104E+01
15,0.3660,5.785392707371E+01,4.272909352342E+01,1.716717297044E+01
15,0.3670,5.999248169041E+01,4.125159399904E+01,1.712039593237E+01
15,0.3680,6.207326159553E+01,3.978212436339E+01,1.707387311734E+01
15,0.3690,6.410117945704E+01,3.832061933281E+01,1.702760245848E+01
15,0.3700,6.608042225825E+01,3.686701432942E+01,1.698158191130E+01
15,0.3710,6.474564113433E+01,3.469300566511E+01,1.693580945331E+01
15,0.3720,6.340131426761E+01,3.253068521943E+01,1.689028308382E+01
15,0.3730,6.204670355525E+01,3.037995898525E+01,1.684500082354E+01
15,0.3740,6.068096640917E+01,2.824073396088E+01,1.679996071438E+01
15,0.3750,5.930319029811E+01,2.611291813664E+01,1.675516081915E+01
15,0.3760,5.791244361946E+01,2.399642048168E+01,1.671059922122E+01
15,0.3770,5.650760419446E+01,2.189115093098E+01,1.666627402435E+01
15,0.3780,5.508752894455E+01,1.979702037262E+01,1.662218335233E+01
15,0.3790,5.365090237324E+01,1.771394063515E+01,1.657832534876E+01
15,0.3800,5.219632569311E+01,1.564182447524E+01,1.653469817679E+01
15,0.3810,4.971534910376E+01,1.477455568688E+01,1.649130001884E+01
15,0.3820,4.716188836379E+01,1.391182757281E+01,1.644812907639E+01
15,0.3830,4.452468724998E+01,1.305360456638E+01,1.640518356966E+01
15,0.3840,4.178987528266E+01,1.219985147144E+01,1.636246173745E+01
15,0.3850,3.894019830307E+01,1.135053345752E+01,1.631996183683E+01
15,0.3860,3.595406639583E+01,1.050561605506E+01,1.627768214295E+01
15,0.3870,3.280501405218E+01,9.665065150811E+00,1.623562094878E+01
15,0.3880,2.946462989465E+01,8.828846983181E+00,1.619377656490E+01
15,0.3890,2.593493218315E+01,7.996928137750E+00,1.615214731923E+01
15,0.3000,3.375701941647E+01,8.867668863533E+01,2.094395102393E+01
15,0.3010,3.359651244946E+01,8.705447177761E+01,2.087436979129E+01
15,0.3020,3.339083728423E+01,8.544299807790E+01,2.080524936152E+01
15,0.3030,3.319091246113E+01,8.384216116828E+01,2.073658517221E+01
15,0.3040,3.299657215130E+01,8.225185608043E+01,2.066837272099E+01
15,0.3050,3.280722997893E+01,8.067197922267E+01,2.060060756452E+01
15,0.3060,3.262267871790E+01,7.910242835745E+01,2.053328531758E+01
15,0.3070,3.244261027666E+01,7.754310257929E+01,2.046640165205E+01
15,0.3080,3.226674994392E+01,7.599390229320E+01,2.039995229604E+01
15,0.3090,3.209491889551E+01,7.445472919343E+01,2.033393303294E+01
15,0.3100,3.192678507202E+01,7.292548624268E+01,2.026833970058E+01
15,0.3110,3.128590211652E+01,7.209500568704E+01,2.020316819029E+01
15,0.3120,3.073577909925E+01,7.126984872471E+01,2.013841444609E+01
15,0.3130,3.029485079626E+01,7.044996433082E+01,2.007407446383E+01
15,0.3140,2.995447592880E+01,6.963530213053E+01,2.001014429038E+01
15,0.3150,2.970039353635E+01,6.882581238864E+01,1.994662002279E+01
15,0.3160,2.951991078325E+01,6.802144599956E+01,1.988349780753E+01
15,0.3540,2.624366905285E+01,5.234567827100E+01,1.774911103723E+01
15,0.3550,2.641074776731E+01,5.224778317407E+01,1.769911354135E+01
15,0.3560,2.690197307008E+01,5.215043804959E+01,1.764939693028E+01
15,0.3570,2.787054870011E+01,5.205363827595E+01,1.759995884364E+01
15,0.3580,2.929075064951E+01,5.195737928317E+01,1.755079694743E+01
15,0.3590,3.096355536425E+01,5.186165655219E+01,1.750190893365E+01
15,0.3600,3.272430651323E+01,5.176646561415E+01,1.745329251994E+01
15,0.3610,3.609296389240E+01,5.023937503926E+01,1.740494544925E+01
15,0.3620,3.931676866044E+01,4.872072142888E+01,1.735686548945E+01
15,0.3630,4.236965049248E+01,4.721043505601E+01,1.730905043300E+01
15,0.3640,4.526293955840E+01,4.570844695992E+01,1.726149809665E+01
15,0.3650,4.801461764276E+01,4.421468893559E+01,1.721420632104E+01
15,0.3660,5.064195234763E+01,4.272909352342E+01,1.716717297044E+01
15,0.3670,5.315988129356E+01,4.125159399904E+01,1.712039593237E+01
15,0.3680,5.558108640565E+01,3.978212436339E+01,1.707387311734E+01
15,0.3690,5.791616932809E+01,3.832061933281E+01,1.702760245848E+01
15,0.3700,6.017407273538E+01,3.686701432942E+01,1.698158191130E+01
15,0.3710,5.865161954590E+01,3.469300566511E+01,1.693580945331E+01
15,0.3720,5.710868933291E+01,3.253068521943E+01,1.689028308382E+01
15,0.3730,5.554350334389E+01,3.037995898525E+01,1.684500082354E+01
15,0.3740,5.395401579583E+01,2.824073396088E+01,1.679996071438E+01
15,0.3750,5.233798155254E+01,2.611291813664E+01,1.675516081915E+01
15,0.3760,5.069294758146E+01,2.399642048168E+01,1.671059922122E+01
15,0.3770,4.901606962757E+01,2.189115093098E+01,1.666627402435E+01
15,0.3780,4.730421807731E+01,1.979702037262E+01,1.662218335233E+01
15,0.3790,4.555393749868E+01,1.771394063515E+01,1.657832534876E+01
15,0.3800,4.376128235732E+01,1.564182447524E+01,1.653469817679E+01
15,0.3810,4.065441338744E+01,1.477455568688E+01,1.649130001884E+01
15,0.3820,3.738586435220E+01,1.391182757281E+01,1.644812907639E+01
15,0.3830,3.394127245405E+01,1.305360456638E+01,1.640518356966E+01
15,0.3840,3.035572694373E+01,1.219985147144E+01,1.636246173745E+01
15,0.3850,2.691785732632E+01,1.135053345752E+01,1.631996183683E+01
15,0.3860,2.466579939896E+01,1.050561605506E+01,1.627768214295E+01
15,0.3870,2.395057026055E+01,9.665065150811E+00,1.623562094878E+01
