mode,energy_eV,absorptance
0.000000000000000000e+00,1.033201653610002380e+00,3.039417303396730929e-05
0.000000000000000000e+00,1.036648509905437887e+00,2.667766522560089103e-05
0.000000000000000000e+00,1.040100990178184137e+00,7.442031913169522739e-05
0.000000000000000000e+00,1.043541409744891402e+00,2.815896270313199366e-04
0.000000000000000000e+00,1.046995823585744390e+00,1.173393876112600875e-03
0.000000000000000000e+00,1.050437583628032190e+00,9.168473552504993046e-03
0.000000000000000000e+00,1.053893087902487924e+00,8.895339325774895929e-04
0.000000000000000000e+00,1.057335332576050613e+00,7.036463554228671816e-05
0.000000000000000000e+00,1.060781985225874857e+00,7.071013364493087530e-05
0.000000000000000000e+00,1.064232911590460740e+00,6.059542747994112595e-05
0.000000000000000000e+00,1.067678780910228387e+00,1.527064254774571280e-06
0.000000000000000000e+00,1.071128529629983950e+00,4.798085000395265880e-06
0.000000000000000000e+00,1.074572702662508927e+00,2.260398987605282355e-06
0.000000000000000000e+00,1.078020349646558129e+00,4.856666242031754165e-06
0.000000000000000000e+00,1.081471323690731845e+00,4.248057519046655200e-06
0.000000000000000000e+00,1.084915982089606823e+00,4.056509567449004241e-06
0.000000000000000000e+00,1.088363545999756488e+00,7.573231182889277451e-06
0.000000000000000000e+00,1.091813861050743073e+00,1.076330109977081502e-05
0.000000000000000000e+00,1.095266770611309948e+00,7.103024736352605794e-06
0.000000000000000000e+00,1.098712379221057800e+00,1.457504165230023094e-05
0.000000000000000000e+00,1.102160139682824225e+00,1.925074331502668734e-05
0.000000000000000000e+00,1.105609887848336026e+00,5.216598199568307868e-05
0.000000000000000000e+00,1.109051536618574252e+00,1.379232447157477479e-04
0.000000000000000000e+00,1.112504696742819599e+00,5.372539940531975179e-04
0.000000000000000000e+00,1.115949293740889248e+00,1.008013402055597807e-02
0.000000000000000000e+00,1.119395074333696893e+00,1.934732815354856320e-03
0.000000000000000000e+00,1.122841862282197400e+00,2.703419481638967407e-04
0.000000000000000000e+00,1.126289479053798503e+00,1.594918537868748529e-04
0.000000000000000000e+00,1.129737743819367202e+00,8.511645154682924105e-05
0.000000000000000000e+00,1.133186473450812359e+00,4.858683425142250621e-05
0.000000000000000000e+00,1.136635482519254392e+00,5.315594507543785899e-05
0.000000000000000000e+00,1.140084583293795584e+00,3.398969860307076720e-05
0.000000000000000000e+00,1.143533585740903691e+00,4.330777311052382537e-05
0.000000000000000000e+00,1.146982297524425265e+00,4.552906955371543876e-05
0.000000000000000000e+00,1.150430524006237798e+00,3.704103905491152638e-05
0.000000000000000000e+00,1.153878068247559563e+00,4.044451862415539522e-05
0.000000000000000000e+00,1.157324731010923813e+00,3.676950309759126264e-05
0.000000000000000000e+00,1.160770310762838431e+00,4.870736178458764606e-05
0.000000000000000000e+00,1.164214603677135917e+00,1.005878299815425505e-04
0.000000000000000000e+00,1.167668400497266612e+00,2.909078893479691546e-04
0.000000000000000000e+00,1.171120625998415488e+00,3.317191608085192159e-03
0.000000000000000000e+00,1.174559942715855509e+00,3.832172247251149685e-04
0.000000000000000000e+00,1.178008327235415598e+00,8.264942060712732099e-05
0.000000000000000000e+00,1.181454502803455542e+00,2.965614269919764466e-05
0.000000000000000000e+00,1.184909576371423467e+00,2.608279177575320275e-05
0.000000000000000000e+00,1.188350746486732668e+00,1.528600712392327307e-05
0.000000000000000000e+00,1.191800505937655741e+00,1.461677604280930238e-05
0.000000000000000000e+00,1.195247307296760431e+00,1.319012121180096802e-05
0.000000000000000000e+00,1.198702514049813317e+00,1.145540829718267236e-05
0.000000000000000000e+00,1.202142786545922659e+00,9.791588718477506705e-06
0.000000000000000000e+00,1.205591140043370535e+00,9.431551015250286710e-06
0.000000000000000000e+00,1.209035753336976438e+00,1.051674841883057395e-05
0.000000000000000000e+00,1.212488249424975351e+00,8.806454352767281293e-06
0.000000000000000000e+00,1.215936669411375126e+00,8.554502348161667724e-06
0.000000000000000000e+00,1.219380774928699340e+00,6.888543698346903298e-06
0.000000000000000000e+00,1.222832385844900394e+00,6.253141968114811174e-06
0.000000000000000000e+00,1.226279334888139783e+00,5.463950997087940361e-06
0.000000000000000000e+00,1.229733574350838854e+00,5.550308773298276290e-06
0.000000000000000000e+00,1.233170531755207078e+00,7.458534457491022233e-06
0.000000000000000000e+00,1.236626754769601710e+00,6.802593195749689252e-06
0.000000000000000000e+00,1.240071397540547737e+00,6.399815426852602997e-06
0.000000000000000000e+00,1.243519070222651068e+00,4.745789202789375366e-06
0.000000000000000000e+00,1.246967154653694010e+00,5.536903974304433486e-06
0.000000000000000000e+00,1.250415497781240726e+00,4.161473185241502983e-06
0.000000000000000000e+00,1.253862676783799035e+00,4.888223297801283184e-06
0.000000000000000000e+00,1.257311064258814781e+00,5.548106782461369226e-06
0.000000000000000000e+00,1.260759240897736833e+00,4.365134049143184239e-06
0.000000000000000000e+00,1.264207046743897722e+00,4.769799712933506822e-06
0.000000000000000000e+00,1.267654320115332967e+00,7.851629535261995355e-06
0.000000000000000000e+00,1.271102200755174660e+00,5.699355650779645407e-06
0.000000000000000000e+00,1.274550544767100169e+00,4.837999003057835384e-06
0.000000000000000000e+00,1.277997889315403368e+00,5.773685205019169094e-06
0.000000000000000000e+00,1.281445390375948179e+00,7.083039988354848775e-06
0.000000000000000000e+00,1.284894230744600740e+00,1.103064400755540794e-05
0.000000000000000000e+00,1.288341604015153186e+00,2.291431807985260322e-06
0.000000000000000000e+00,1.291790028539698154e+00,2.515110662477271507e-06
0.000000000000000000e+00,1.295236666066327702e+00,3.932692000507174789e-06
0.000000000000000000e+00,1.298685420746003905e+00,3.834642189204782217e-06
0.000000000000000000e+00,1.302133444027384623e+00,3.906008207751530170e-06
0.000000000000000000e+00,1.305580577574009249e+00,3.199328889434181560e-06
0.000000000000000000e+00,1.309028043515950923e+00,3.869299355735496332e-06
0.000000000000000000e+00,1.312477091531541129e+00,3.236256450095182822e-06
0.000000000000000000e+00,1.315924809014811903e+00,4.202321725070508203e-06
0.000000000000000000e+00,1.319372435363264984e+00,5.088544797624521038e-06
0.000000000000000000e+00,1.322819826402583887e+00,4.700264821223856297e-06
0.000000000000000000e+00,1.326268255180863553e+00,5.746970399406575895e-06
0.000000000000000000e+00,1.329716170585721002e+00,6.588639140443742779e-06
0.000000000000000000e+00,1.333163424012906217e+00,1.013389026890516856e-05
0.000000000000000000e+00,1.336611306296568102e+00,1.136235399588742025e-05
0.000000000000000000e+00,1.340059688171604257e+00,2.256059904717840978e-05
0.000000000000000000e+00,1.343506983152011891e+00,6.277043153774402608e-05
0.000000000000000000e+00,1.346954500088000994e+00,3.026203086836956558e-04
0.000000000000000000e+00,1.350402105514702633e+00,3.171230802233880651e-05
0.000000000000000000e+00,1.353851142929214824e+00,1.123600695549162851e-05
0.000000000000000000e+00,1.357298526959496821e+00,6.481500716206550850e-06
0.000000000000000000e+00,1.360745590822140638e+00,5.505385057178149825e-06
0.000000000000000000e+00,1.364193696547052692e+00,5.258232823913948615e-06
0.000000000000000000e+00,1.367641217942653808e+00,6.224540827406013649e-06
0.000000000000000000e+00,1.371089529547983243e+00,7.094196564555107714e-06
0.000000000000000000e+00,1.374536987331586912e+00,6.874970572435543292e-06
0.000000000000000000e+00,1.377984978418452577e+00,9.402834391314561697e-06
0.000000000000000000e+00,1.381433380054019500e+00,1.084070362781595272e-05
0.000000000000000000e+00,1.384880521330998038e+00,1.309858505600655629e-05
0.000000000000000000e+00,1.388329363024976004e+00,2.460420882949501410e-05
0.000000000000000000e+00,1.391776677059926470e+00,1.380640337191488525e-03
0.000000000000000000e+00,1.395223882448662689e+00,3.922169267657458786e-04
0.000000000000000000e+00,1.398672427899403159e+00,1.048721654004795216e-04
0.000000000000000000e+00,1.402120620734581768e+00,4.094299845162512378e-04
0.000000000000000000e+00,1.405568329339426548e+00,5.195123376063402049e-04
0.000000000000000000e+00,1.409015420834496490e+00,1.093353896227844358e-03
0.000000000000000000e+00,1.412463370193455470e+00,7.299177059227088954e-03
0.000000000000000000e+00,1.415912065601631076e+00,1.417576783114204812e-02
0.000000000000000000e+00,1.419359769223903056e+00,2.558101510754204680e-03
0.000000000000000000e+00,1.422807976006567054e+00,1.282939981220484072e-03
0.000000000000000000e+00,1.426254929928600923e+00,3.187821099063614487e-04
0.000000000000000000e+00,1.429702139328395516e+00,2.795430864237735636e-04
0.000000000000000000e+00,1.433151143120694249e+00,2.883426234758222650e-04
0.000000000000000000e+00,1.436598517255286867e+00,6.912427637551939153e-05
0.000000000000000000e+00,1.440045790386240032e+00,1.013941333161632696e-04
0.000000000000000000e+00,1.443494521975932976e+00,1.901975036002866029e-04
0.000000000000000000e+00,1.446941236582872659e+00,3.298175720763075395e-04
0.000000000000000000e+00,1.450389180041976367e+00,3.336323308072693204e-04
0.000000000000000000e+00,1.453838251996353970e+00,1.065993311792774213e-03
0.000000000000000000e+00,1.457284925324613400e+00,7.009657633859836881e-03
0.000000000000000000e+00,1.460734211847596109e+00,1.083479025081533417e-02
0.000000000000000000e+00,1.464180845048669521e+00,1.903044329983390875e-03
0.000000000000000000e+00,1.467629883251738487e+00,6.841947227797171016e-04
0.000000000000000000e+00,1.471077754388882219e+00,5.923302960218910975e-04
0.000000000000000000e+00,1.474524327200595009e+00,2.865162854429532426e-04
0.000000000000000000e+00,1.477972992957279574e+00,2.743003150405273023e-04
0.000000000000000000e+00,1.481420127337121695e+00,3.526237026346699444e-04
0.000000000000000000e+00,1.484867374063010059e+00,6.202148385524299760e-04
0.000000000000000000e+00,1.488316408777387689e+00,8.904810432968584362e-04
0.000000000000000000e+00,1.491763554618141141e+00,5.823392949575911977e-04
0.000000000000000000e+00,1.495212280069660338e+00,3.027156960120321386e-04
0.000000000000000000e+00,1.498658873048627660e+00,1.836841816371999488e-04
0.000000000000000000e+00,1.502106833194010616e+00,3.463575559978633546e-04
0.000000000000000000e+00,1.505556069478128256e+00,2.094834704025318141e-04
0.000000000000000000e+00,1.509002816756937371e+00,1.243269459470562155e-04
0.000000000000000000e+00,1.512450621747667645e+00,7.671905038495572420e-05
0.000000000000000000e+00,1.515899390545454084e+00,5.063130341673102730e-05
0.000000000000000000e+00,1.519347166463247412e+00,4.467620889793669952e-05
0.000000000000000000e+00,1.522793828376461489e+00,3.677212895721729334e-05
0.000000000000000000e+00,1.526243011725259224e+00,3.129418999370414841e-05
0.000000000000000000e+00,1.529690869705549572e+00,4.401470970929815488e-05
0.000000000000000000e+00,1.533137278200958908e+00,3.556958867334720115e-05
0.000000000000000000e+00,1.536585920764031554e+00,3.426128594900529464e-05
0.000000000000000000e+00,1.540032896726395206e+00,3.110461324668126551e-05
0.000000000000000000e+00,1.543481921944640289e+00,3.371323564454815940e-05
0.000000000000000000e+00,1.546929059686635410e+00,3.319572212447321769e-05
0.000000000000000000e+00,1.550378058269135995e+00,5.325142459635632690e-05
0.000000000000000000e+00,1.553824944740700653e+00,9.411309803462098746e-05
0.000000000000000000e+00,1.557273500031404190e+00,3.374161710394185459e-05
0.000000000000000000e+00,1.560719714820170578e+00,1.855710445645316329e-05
0.000000000000000000e+00,1.564169376134801448e+00,2.045571279606237457e-05
0.000000000000000000e+00,1.567616482214771345e+00,1.455229079774791057e-05
0.000000000000000000e+00,1.571064879731063568e+00,1.624686443834975536e-05
0.000000000000000000e+00,1.574512485738055023e+00,1.357490040502106478e-05
0.000000000000000000e+00,1.577959189706325427e+00,1.190498173429812210e-05
0.000000000000000000e+00,1.581406897256678379e+00,1.745842271509304649e-05
0.000000000000000000e+00,1.584855522432401909e+00,1.978818692183671016e-05
0.000000000000000000e+00,1.588302943772037290e+00,2.096853926060009211e-05
0.000000000000000000e+00,1.591751090722121287e+00,1.628599986760704570e-05
0.000000000000000000e+00,1.595199874853490352e+00,1.405784946369462786e-05
0.000000000000000000e+00,1.598647145641136191e+00,1.170388217729021881e-05
0.000000000000000000e+00,1.602094856532214617e+00,9.651393448287719717e-06
0.000000000000000000e+00,1.605542916622857419e+00,1.003284360122447980e-05
0.000000000000000000e+00,1.608991234204249388e+00,1.286698849306261128e-05
0.000000000000000000e+00,1.612437619754361506e+00,1.019166264973398000e-05
0.000000000000000000e+00,1.615886164989974283e+00,9.671241213221378139e-06
0.000000000000000000e+00,1.619334687738118284e+00,1.001370885485381649e-05
0.000000000000000000e+00,1.622780969070306334e+00,1.153708929995930661e-05
0.000000000000000000e+00,1.626229152209530238e+00,1.169852991883277505e-05
0.000000000000000000e+00,1.629677025633883947e+00,2.132191687452637333e-05
0.000000000000000000e+00,1.633124491996673866e+00,7.405818808738786978e-05
0.000000000000000000e+00,1.636573613397329652e+00,8.206363847990458390e-05
0.000000000000000000e+00,1.640019979486558865e+00,2.921698268719986880e-05
0.000000000000000000e+00,1.643467820155198433e+00,2.336161075723170759e-05
0.000000000000000000e+00,1.646917062285312650e+00,1.664313383568767637e-05
0.000000000000000000e+00,1.650365435255503277e+00,1.430764612798839360e-05
0.000000000000000000e+00,1.653812836999978275e+00,1.234234354932209262e-05
0.000000000000000000e+00,1.657259164650972227e+00,1.207363584588951527e-05
0.000000000000000000e+00,1.660708763407247712e+00,1.026099036594114867e-05
0.000000000000000000e+00,1.664154883215130942e+00,1.120933755183062754e-05
0.000000000000000000e+00,1.667604119953681518e+00,1.022000426520151263e-05
0.000000000000000000e+00,1.671051918830441796e+00,1.181632750213154239e-05
0.000000000000000000e+00,1.674498173121963029e+00,1.656744474121423958e-05
0.000000000000000000e+00,1.677947317015475281e+00,1.935422366129977204e-05
0.000000000000000000e+00,1.681394737827663022e+00,2.474538334264166832e-05
0.000000000000000000e+00,1.684842616095019174e+00,3.839923038379259212e-05
0.000000000000000000e+00,1.688290870128017263e+00,5.577067231020402575e-05
0.000000000000000000e+00,1.691739417547214908e+00,8.164042489574833028e-05
0.000000000000000000e+00,1.695185857520615125e+00,9.186893218489219296e-05
0.000000000000000000e+00,1.698634732372025002e+00,1.296239274976500148e-04
0.000000000000000000e+00,1.702081312653158873e+00,1.136735227548885650e-04
0.000000000000000000e+00,1.705530177056598928e+00,1.024897932605150423e-04
0.000000000000000000e+00,1.708976556927202850e+00,7.378414113201050770e-05
0.000000000000000000e+00,1.712425067479531160e+00,7.586099880428363363e-05
0.000000000000000000e+00,1.715873275371869733e+00,5.877345296113317533e-05
0.000000000000000000e+00,1.719321092701248777e+00,8.126801274979748293e-05
0.000000000000000000e+00,1.722768430874836998e+00,6.715062790094671052e-05
0.000000000000000000e+00,1.726217603999769867e+00,6.766697147539711471e-05
0.000000000000000000e+00,1.729663724931680191e+00,7.391426050893934181e-05
0.000000000000000000e+00,1.733111519436391523e+00,1.016220725252287531e-04
0.000000000000000000e+00,1.736560925105470776e+00,1.251068936426476383e-04
0.000000000000000000e+00,1.740006995062806538e+00,2.411409947264420974e-04
0.000000000000000000e+00,1.743456962527776044e+00,2.167857874907386261e-04
0.000000000000000000e+00,1.746903408349857356e+00,1.239057451034258179e-04
0.000000000000000000e+00,1.750351151541850170e+00,1.453276949682704312e-04
0.000000000000000000e+00,1.753800126646169133e+00,1.226855556995363626e-04
0.000000000000000000e+00,1.757247777056210269e+00,1.180864977756168350e-04
0.000000000000000000e+00,1.760694006816462265e+00,1.798598078242413518e-04
0.000000000000000000e+00,1.764143739596276683e+00,2.024646989559637908e-04
0.000000000000000000e+00,1.767591897027504633e+00,2.023433618313526239e-04
0.000000000000000000e+00,1.771038381196035516e+00,1.616129447303129652e-04
0.000000000000000000e+00,1.774485633181389410e+00,8.903131996643653349e-05
0.000000000000000000e+00,1.777933583325450151e+00,6.140813725131294106e-05
0.000000000000000000e+00,1.781382161396555475e+00,6.748116606388947323e-05
0.000000000000000000e+00,1.784828727214625488e+00,5.121504113889716969e-05
0.000000000000000000e+00,1.788278338206535700e+00,4.475208406778586234e-05
0.000000000000000000e+00,1.791725773693539692e+00,6.915392082555013521e-05
0.000000000000000000e+00,1.795173530458859412e+00,8.461945756365860420e-05
0.000000000000000000e+00,1.798621535336541122e+00,6.928654225427929381e-05
0.000000000000000000e+00,1.802069714585547544e+00,9.721257814518942766e-05
0.000000000000000000e+00,1.805517993889585338e+00,5.328627495202599527e-05
0.000000000000000000e+00,1.808963659025256465e+00,4.573666193408828850e-05
0.000000000000000000e+00,1.812411903117165268e+00,4.010098854235062378e-05
0.000000000000000000e+00,1.815860020844046963e+00,2.966188749373109952e-05
0.000000000000000000e+00,1.819307935588295067e+00,3.290979707716079128e-05
0.000000000000000000e+00,1.822755570157104321e+00,4.202222693453938916e-05
0.000000000000000000e+00,1.826202846782678746e+00,3.356864881771769301e-05
0.000000000000000000e+00,1.829652387162471028e+00,2.391226033126765219e-05
0.000000000000000000e+00,1.833098722480798193e+00,3.137156358538426156e-05
0.000000000000000000e+00,1.836547183550738982e+00,1.918769064370039307e-05
0.000000000000000000e+00,1.839994990319506529e+00,1.289626650762568909e-05
0.000000000000000000e+00,1.843442062200313369e+00,1.001895485580644096e-05
0.000000000000000000e+00,1.846891069191275658e+00,8.179542728668214323e-06
0.000000000000000000e+00,1.850339198957712483e+00,1.047380490115177844e-05
0.000000000000000000e+00,1.853786369243562770e+00,9.426026292602301710e-05
0.000000000000000000e+00,1.857235279282900109e+00,1.878953855094561611e-04
0.000000000000000000e+00,1.860683084283182076e+00,3.285551519631130062e-04
0.000000000000000000e+00,1.864129700321005778e+00,5.724652328982523727e-03
0.000000000000000000e+00,1.867577856036589212e+00,5.306955770013929707e-03
0.000000000000000000e+00,1.871024674010875577e+00,5.697051013410827855e-03
0.000000000000000000e+00,1.874472902601166835e+00,1.066299403471044314e-02
0.000000000000000000e+00,1.877922486946779213e+00,1.432463359720716548e-02
0.000000000000000000e+00,1.881370516884421695e+00,1.508313887567311676e-02
0.000000000000000000e+00,1.884816905210515037e+00,2.975905315394379927e-03
0.000000000000000000e+00,1.888264439954679741e+00,4.283678069807205988e-03
0.000000000000000000e+00,1.891713064297456004e+00,6.420293177405905598e-03
0.000000000000000000e+00,1.895159824112871982e+00,7.501827650118296628e-04
0.000000000000000000e+00,1.898607537409636503e+00,1.107217918426865559e-03
0.000000000000000000e+00,1.902056145930849373e+00,1.924435094923475278e-03
0.000000000000000000e+00,1.905505590961838802e+00,1.374967618299848980e-03
0.000000000000000000e+00,1.908952874159341784e+00,7.012324067251067029e-04
0.000000000000000000e+00,1.912400853798377653e+00,3.305086842455128709e-04
0.000000000000000000e+00,1.915846509287635779e+00,1.351446639403573562e-04
0.000000000000000000e+00,1.919295690217159400e+00,1.194113979807607319e-04
0.000000000000000000e+00,1.922742403939026623e+00,1.334465134709377073e-04
0.000000000000000000e+00,1.926192541782736134e+00,1.969112281371146402e-04
0.000000000000000000e+00,1.929640067440181683e+00,1.190107467648101323e-04
0.000000000000000000e+00,1.933087900183826591e+00,8.393424256649188958e-05
0.000000000000000000e+00,1.936535977039756551e+00,6.988224309427710904e-05
0.000000000000000000e+00,1.939981199079960472e+00,6.585102119623810057e-05
0.000000000000000000e+00,1.943429562597383642e+00,5.482927115716951228e-05
0.000000000000000000e+00,1.946877978525087372e+00,4.903344037888897740e-05
0.000000000000000000e+00,1.950326382048422236e+00,4.271585975554116789e-05
0.000000000000000000e+00,1.953774707892369067e+00,7.641523582243078946e-05
0.000000000000000000e+00,1.957222890321566267e+00,7.428511959043714670e-05
0.000000000000000000e+00,1.960670863140387077e+00,7.981987396300700168e-05
0.000000000000000000e+00,1.964118559693055932e+00,9.784306231996732039e-05
0.000000000000000000e+00,1.967565912863812327e+00,9.708184846399768326e-05
0.000000000000000000e+00,1.971012855077121984e+00,1.051061486935219520e-04
0.000000000000000000e+00,1.974462462646853878e+00,1.437756719070166361e-04
0.000000000000000000e+00,1.977908389365796271e+00,1.663259869713790183e-04
0.000000000000000000e+00,1.981356866008052053e+00,1.544607620959461726e-04
0.000000000000000000e+00,1.984804678864102945e+00,1.461489989473202598e-04
0.000000000000000000e+00,1.988251758114388146e+00,7.421033268283964653e-05
0.000000000000000000e+00,1.991701232975213953e+00,5.896887182468032833e-05
0.000000000000000000e+00,1.995146644800939395e+00,3.566074641841957292e-05
0.000000000000000000e+00,1.998594332508543792e+00,2.454434863872654530e-05
0.000000000000000000e+00,2.002044257812201522e+00,3.823606062901968583e-05
0.000000000000000000e+00,2.005493138126538177e+00,3.225772584249788158e-05
0.000000000000000000e+00,2.008940900982242095e+00,3.497807735678317277e-05
0.000000000000000000e+00,2.012387473453392861e+00,4.667300388892024445e-05
0.000000000000000000e+00,2.015836059663349111e+00,5.135855918409418925e-05
0.000000000000000000e+00,2.019283330698162793e+00,6.658584573843940517e-05
0.000000000000000000e+00,2.022729212310859115e+00,2.008265787792910188e-04
0.000000000000000000e+00,2.026176941017666877e+00,2.469688366018595906e-04
0.000000000000000000e+00,2.029626475484230141e+00,1.355631699465668916e-03
0.000000000000000000e+00,2.033074440229836632e+00,1.336117597416054507e-03
0.000000000000000000e+00,2.036520759278852566e+00,1.381466418776611943e-03
0.000000000000000000e+00,2.039968712651890392e+00,1.533565904837822045e-03
0.000000000000000000e+00,2.043418257520000392e+00,1.695296632522064022e-03
0.000000000000000000e+00,2.046865971521828698e+00,2.015627332254619954e-03
0.000000000000000000e+00,2.050311776957185472e+00,7.694496920248906913e-04
0.000000000000000000e+00,2.053762399650157722e+00,1.626101545254258650e-03
0.000000000000000000e+00,2.057207589295852124e+00,2.882882111854805172e-03
0.000000000000000000e+00,2.060657507204084027e+00,9.817984262376617914e-04
0.000000000000000000e+00,2.064105270019382932e+00,1.404363167754406339e-03
0.000000000000000000e+00,2.067554245750138797e+00,9.988835867372593616e-04
0.000000000000000000e+00,2.071000929283012937e+00,7.264099156513555361e-04
0.000000000000000000e+00,2.074448710803403539e+00,4.701153448929531260e-04
0.000000000000000000e+00,2.077897543799790192e+00,3.655023201562450732e-04
0.000000000000000000e+00,2.081343887425238570e+00,2.840248704187456146e-04
0.000000000000000000e+00,2.084791165297932292e+00,2.448293203275549645e-04
0.000000000000000000e+00,2.088239329812072498e+00,2.215874167429715980e-04
0.000000000000000000e+00,2.091688333018982604e+00,1.612154440077819646e-04
0.000000000000000000e+00,2.095134586178464708e+00,1.541394568480921484e-04
0.000000000000000000e+00,2.098581557772516426e+00,8.318494319911910392e-05
0.000000000000000000e+00,2.102029198756936612e+00,7.281610339816717346e-05
0.000000000000000000e+00,2.105477459743749336e+00,1.180154752358036864e-04
0.000000000000000000e+00,2.108926291000885023e+00,1.139769768245732631e-04
0.000000000000000000e+00,2.112375642451898905e+00,1.113866556491099761e-04
0.000000000000000000e+00,2.115821852965775296e+00,1.068923440649793399e-04
0.000000000000000000e+00,2.119268458927962673e+00,9.071538141443615531e-05
0.000000000000000000e+00,2.122719043442534925e+00,1.087248419459758400e-04
0.000000000000000000e+00,2.126166298253410858e+00,9.236247475634206229e-05
0.000000000000000000e+00,2.129613793981704362e+00,9.191835388512614204e-05
0.000000000000000000e+00,2.133061478420649859e+00,9.064834602590557768e-05
0.000000000000000000e+00,2.136509299018463537e+00,5.817093663002629862e-05
0.000000000000000000e+00,2.139957202878268738e+00,6.175646339449001264e-05
0.000000000000000000e+00,2.143405136758036900e+00,4.040420390123488037e-05
0.000000000000000000e+00,2.146853047070562237e+00,3.099680805003577743e-05
0.000000000000000000e+00,2.150300879883457306e+00,3.682380041834671107e-05
0.000000000000000000e+00,2.153748580919182309e+00,3.119030595268871886e-05
0.000000000000000000e+00,2.157196095555092619e+00,3.262056894023398465e-05
0.000000000000000000e+00,2.160643368823523591e+00,5.503976875013042000e-05
0.000000000000000000e+00,2.164090345411897154e+00,6.103627903161032051e-05
0.000000000000000000e+00,2.167540759036654663e+00,8.100725795066076912e-05
0.000000000000000000e+00,2.170986987007442970e+00,1.583239149656479874e-04
0.000000000000000000e+00,2.174436563833112679e+00,1.795683892821001116e-04
0.000000000000000000e+00,2.177881817870748637e+00,1.323934450555402909e-04
0.000000000000000000e+00,2.181330331273712009e+00,1.338904125268888768e-04
0.000000000000000000e+00,2.184778233191368102e+00,1.209544350003841236e-04
0.000000000000000000e+00,2.188225465951995297e+00,1.264587343675615269e-04
0.000000000000000000e+00,2.191675845771210440e+00,1.019732430457141503e-04
0.000000000000000000e+00,2.195121578019079589e+00,8.302636207600484015e-05
0.000000000000000000e+00,2.198570364693557266e+00,1.181585462682117795e-04
0.000000000000000000e+00,2.202018272566464763e+00,1.240660960308691979e-04
0.000000000000000000e+00,2.205465242297680817e+00,1.469285624365135139e-04
0.000000000000000000e+00,2.208915149623194463e+00,1.542855371545538462e-04
0.000000000000000000e+00,2.212360075965002171e+00,1.438812980123110364e-04
0.000000000000000000e+00,2.215807844123076187e+00,1.567199485904443548e-04
0.000000000000000000e+00,2.219258430376216840e+00,1.050416134411812335e-04
0.000000000000000000e+00,2.222703841343263154e+00,1.462457547601441203e-04
0.000000000000000000e+00,2.226151972787215438e+00,1.444179719670726737e-04
0.000000000000000000e+00,2.229602800184150357e+00,1.413362691002250575e-04
0.000000000000000000e+00,2.233048254996186532e+00,1.341311850624258672e-04
0.000000000000000000e+00,2.236496306301955173e+00,8.957018403938354358e-05
0.000000000000000000e+00,2.239942882003202573e+00,8.291844249893294354e-05
0.000000000000000000e+00,2.243391978366607198e+00,6.501401506355680444e-05
0.000000000000000000e+00,2.246839497825367182e+00,6.355503860064459624e-05
0.000000000000000000e+00,2.250289461008770697e+00,7.785788619458822212e-05
0.000000000000000000e+00,2.253737744797115639e+00,7.902507538615026732e-05
0.000000000000000000e+00,2.257184284958505760e+00,9.969478918930819392e-05
0.000000000000000000e+00,2.260633138782280227e+00,7.660531499301196897e-05
0.000000000000000000e+00,2.264080144649337711e+00,7.622125977455549166e-05
0.000000000000000000e+00,2.267525237356025958e+00,8.334601617687274614e-05
0.000000000000000000e+00,2.270976670675578291e+00,7.374014068589939471e-05
0.000000000000000000e+00,2.274421937636212032e+00,1.032882254772552930e-04
0.000000000000000000e+00,2.277869304062661637e+00,8.318103641168169587e-05
0.000000000000000000e+00,2.281318741456848986e+00,9.260333657358087601e-05
0.000000000000000000e+00,2.284766010754516241e+00,9.408618432217379611e-05
0.000000000000000000e+00,2.288215267906648975e+00,9.301191635944506522e-05
0.000000000000000000e+00,2.291662247874864278e+00,7.713488684165756173e-05
0.000000000000000000e+00,2.295111131471099686e+00,5.991240421518410236e-05
0.000000000000000000e+00,2.298557627608458720e+00,7.838762171460977347e-05
0.000000000000000000e+00,2.302005942034049291e+00,5.534166706663325841e-05
0.000000000000000000e+00,2.305451757539699997e+00,4.913107409603567074e-05
0.000000000000000000e+00,2.308899304880597025e+00,4.566299420276241823e-05
0.000000000000000000e+00,2.312348553258873896e+00,4.791165402723542103e-05
0.000000000000000000e+00,2.315795146169584040e+00,4.355296105211679331e-05
0.000000000000000000e+00,2.319243352055508911e+00,2.603059652536675114e-05
0.000000000000000000e+00,2.322693139373734450e+00,3.413529152846983956e-05
0.000000000000000000e+00,2.326140112141752425e+00,3.680022412405849810e-05
0.000000000000000000e+00,2.329588576669208155e+00,3.885478048971665688e-05
0.000000000000000000e+00,2.333034110543464656e+00,3.232550002497585142e-05
0.000000000000000000e+00,2.336485448496548489e+00,5.779730855305313919e-05
0.000000000000000000e+00,2.339933764512273751e+00,5.494163473568466140e-05
0.000000000000000000e+00,2.343378986533309671e+00,5.963212302420882921e-05
0.000000000000000000e+00,2.346825484344305490e+00,8.104907487913177425e-05
0.000000000000000000e+00,2.350273224383027326e+00,9.685021341904320323e-05
0.000000000000000000e+00,2.353722172861167472e+00,1.020145554766090350e-04
0.000000000000000000e+00,2.357172295763969139e+00,6.897593725154375986e-05
0.000000000000000000e+00,2.360619064298897563e+00,9.780868072026730029e-05
0.000000000000000000e+00,2.364066912253343311e+00,9.257444877150594381e-05
0.000000000000000000e+00,2.367515804861286988e+00,8.529148388338109784e-05
0.000000000000000000e+00,2.370961173109878306e+00,7.091167905626529172e-05
0.000000000000000000e+00,2.374412036608912757e+00,9.199068772480886898e-05
0.000000000000000000e+00,2.377859278634326667e+00,1.095499382130330249e-04
0.000000000000000000e+00,2.381307397460132869e+00,1.504978229602204026e-04
0.000000000000000000e+00,2.384751770196041232e+00,2.966888287680884747e-04
0.000000000000000000e+00,2.388201521193179300e+00,4.670778732649331173e-04
0.000000000000000000e+00,2.391647426880533001e+00,8.438649472802593841e-04
0.000000000000000000e+00,2.395098664237783392e+00,7.011442896350309189e-04
0.000000000000000000e+00,2.398545956062328788e+00,6.842128134777015558e-04
0.000000000000000000e+00,2.401993878652857184e+00,3.269493504527318738e-04
0.000000000000000000e+00,2.405442394597158362e+00,3.221377937807211756e-04
0.000000000000000000e+00,2.408886786022795157e+00,8.528299901358168587e-05
0.000000000000000000e+00,2.412336362106710208e+00,9.759170026617823622e-05
0.000000000000000000e+00,2.415786417910278150e+00,5.570035366201566692e-05
0.000000000000000000e+00,2.419232194585697826e+00,6.425411217258828725e-05
0.000000000000000000e+00,2.422678347155437617e+00,5.286295884341842422e-05
0.000000000000000000e+00,2.426129584221891289e+00,6.365899750187566097e-05
0.000000000000000000e+00,2.429576385293707563e+00,8.093787987856727807e-05
0.000000000000000000e+00,2.433023445035121579e+00,6.517553763936167241e-05
0.000000000000000000e+00,2.436470723904829327e+00,7.043064942505731152e-05
0.000000000000000000e+00,2.439918182131624036e+00,6.093897417009089317e-05
0.000000000000000000e+00,2.443365779714331332e+00,6.907598022197507974e-05
0.000000000000000000e+00,2.446813476421755063e+00,5.670549558971915835e-05
0.000000000000000000e+00,2.450261231792639105e+00,6.642300995619476094e-05
0.000000000000000000e+00,2.453709005135639387e+00,6.221456406098586445e-05
0.000000000000000000e+00,2.457156755529312342e+00,5.921400645180522834e-05
0.000000000000000000e+00,2.460604441822116684e+00,5.110279572403141800e-05
0.000000000000000000e+00,2.464052022632424954e+00,6.365911678274794976e-05
0.000000000000000000e+00,2.467499456348555942e+00,4.290758297888244791e-05
0.000000000000000000e+00,2.470951625619067560e+00,4.296842674056591132e-05
0.000000000000000000e+00,2.474398653140896354e+00,5.737014497641250877e-05
0.000000000000000000e+00,2.477845407371735753e+00,1.217645811421099610e-04
0.000000000000000000e+00,2.481291845780071004e+00,2.011663021374991201e-04
0.000000000000000000e+00,2.484742905219031073e+00,2.757382744674282586e-04
0.000000000000000000e+00,2.488188597289541448e+00,2.773692241634936146e-04
0.000000000000000000e+00,2.491638851875302763e+00,2.979746392897037518e-04
0.000000000000000000e+00,2.495083624796248234e+00,1.648370835201834526e-04
0.000000000000000000e+00,2.498532900868154716e+00,2.085719782695872508e-04
0.000000000000000000e+00,2.501981628941128299e+00,7.396987922988823225e-05
0.000000000000000000e+00,2.505429764928409853e+00,8.992401556719525316e-05
0.000000000000000000e+00,2.508877264513888594e+00,9.710553790035311066e-05
0.000000000000000000e+00,2.512324083152320586e+00,9.957648816160720321e-05
0.000000000000000000e+00,2.515770176069546782e+00,6.629084856200014356e-05
0.000000000000000000e+00,2.519220617027636777e+00,8.711727926333457045e-05
0.000000000000000000e+00,2.522665137272860125e+00,7.152334213368974607e-05
0.000000000000000000e+00,2.526113942935153567e+00,7.010133286586639283e-05
0.000000000000000000e+00,2.529561869608954350e+00,7.609850196032197020e-05
0.000000000000000000e+00,2.533008871425249886e+00,1.007126611685170105e-04
0.000000000000000000e+00,2.536460091348755608e+00,6.367071135414956781e-05
0.000000000000000000e+00,2.539905119036357739e+00,8.609562987563302368e-05
0.000000000000000000e+00,2.543354300215602937e+00,9.995418553443827551e-05
0.000000000000000000e+00,2.546802399089612923e+00,9.844511675394456254e-05
0.000000000000000000e+00,2.550249368695818752e+00,1.176391487611565267e-04
0.000000000000000000e+00,2.553695161844585115e+00,2.701778105814042156e-04
0.000000000000000000e+00,2.557145005160321727e+00,4.266221827038082278e-04
0.000000000000000000e+00,2.560593605407676776e+00,4.822157374758818255e-04
0.000000000000000000e+00,2.564040914759595946e+00,5.454001802238451005e-04
0.000000000000000000e+00,2.567486885162802768e+00,2.910324266592376587e-04
0.000000000000000000e+00,2.570936799422715247e+00,3.938268212530387797e-04
0.000000000000000000e+00,2.574385306550782015e+00,1.028713721829728478e-04
0.000000000000000000e+00,2.577832357857054557e+00,1.058734267538568560e-04
0.000000000000000000e+00,2.581277904426420466e+00,6.209598398301943495e-05
0.000000000000000000e+00,2.584727285548704678e+00,7.587915528032276250e-05
0.000000000000000000e+00,2.588175092177919190e+00,4.310683557262654880e-05
0.000000000000000000e+00,2.591621274763594496e+00,3.905817423104464211e-05
0.000000000000000000e+00,2.595071215175571933e+00,4.655134549024659565e-05
0.000000000000000000e+00,2.598519460637897627e+00,3.160635477832817060e-05
0.000000000000000000e+00,2.601965960965542113e+00,4.007945028883432980e-05
0.000000000000000000e+00,2.605416140786058765e+00,3.772200160726418985e-05
0.000000000000000000e+00,2.608864503415107450e+00,3.841828007319901832e-05
0.000000000000000000e+00,2.612310998034201415e+00,3.322793868758071415e-05
0.000000000000000000e+00,2.615761092202567806e+00,2.844227533162082768e-05
0.000000000000000000e+00,2.619203711994529726e+00,3.170324271217276582e-05
0.000000000000000000e+00,2.622655405435940335e+00,2.872716026722544626e-05
0.000000000000000000e+00,2.626099521378967960e+00,3.919733583749024765e-05
0.000000000000000000e+00,2.629552694960589410e+00,2.965036484170392901e-05
0.000000000000000000e+00,2.632998187102616683e+00,3.178803131563917675e-05
0.000000000000000000e+00,2.636447114066393205e+00,3.247123570241768146e-05
0.000000000000000000e+00,2.639893846415254153e+00,2.847170658223814249e-05
0.000000000000000000e+00,2.643343967039275100e+00,3.602734430839790643e-05
0.000000000000000000e+00,2.646791816810129649e+00,3.776636069411094918e-05
0.000000000000000000e+00,2.650237342610351821e+00,3.669141103528106610e-05
0.000000000000000000e+00,2.653686170889210771e+00,3.660695899780779558e-05
0.000000000000000000e+00,2.657132597811020958e+00,3.800366270487637614e-05
0.000000000000000000e+00,2.660582278976152182e+00,3.933764190740427164e-05
0.000000000000000000e+00,2.664029480667215122e+00,4.411197330778663983e-05
0.000000000000000000e+00,2.667474148734945150e+00,3.568002353028097202e-05
0.000000000000000000e+00,2.670921982619566037e+00,3.684766303161678044e-05
0.000000000000000000e+00,2.674372972301618745e+00,4.011885850205927553e-05
0.000000000000000000e+00,2.677821324074959541e+00,4.679224902198995419e-05
0.000000000000000000e+00,2.681266982978278257e+00,4.092283424573785823e-05
0.000000000000000000e+00,2.684715707224760273e+00,3.999443442186847699e-05
0.000000000000000000e+00,2.688161657879166277e+00,3.453298053870184969e-05
0.000000000000000000e+00,2.691610622648888285e+00,3.679878633591818205e-05
0.000000000000000000e+00,2.695056732375022968e+00,4.875759557213412527e-05
0.000000000000000000e+00,2.698505804337753666e+00,3.031754922339253898e-05
0.000000000000000000e+00,2.701951939076299603e+00,3.181881668490958563e-05
0.000000000000000000e+00,2.705400983521141445e+00,3.399332169706293424e-05
0.000000000000000000e+00,2.708852926222422131e+00,3.306247318632532392e-05
0.000000000000000000e+00,2.712295888667945576e+00,2.964771368060061538e-05
0.000000000000000000e+00,2.715747614288411160e+00,3.140425413510664857e-05
0.000000000000000000e+00,2.719196209159163047e+00,4.099909964081842838e-05
0.000000000000000000e+00,2.722641615900502465e+00,3.070161810176705146e-05
0.000000000000000000e+00,2.726089770873740825e+00,4.651531076153722172e-05
0.000000000000000000e+00,2.729534652626857572e+00,5.488736209382428957e-05
0.000000000000000000e+00,2.732982227470418746e+00,5.961698937983400047e-05
0.000000000000000000e+00,2.736432482794700860e+00,2.024676399525880850e-04
0.000000000000000000e+00,2.739879351122726181e+00,3.518212680434590562e-04
0.000000000000000000e+00,2.743328843875850076e+00,4.084325638139504650e-04
0.000000000000000000e+00,2.746774862770038350e+00,4.040925059871032293e-04
0.000000000000000000e+00,2.750223449379463503e+00,1.979191803424412439e-04
0.000000000000000000e+00,2.753674590409778578e+00,5.645942582957836828e-05
0.000000000000000000e+00,2.757122141249363612e+00,5.926747787548407081e-05
0.000000000000000000e+00,2.760566042340017567e+00,4.849855339628462346e-05
0.000000000000000000e+00,2.764018557693985745e+00,3.340903510336408163e-05
0.000000000000000000e+00,2.767461187731447669e+00,3.612644999193721909e-05
0.000000000000000000e+00,2.770912404166737897e+00,3.709677000013796971e-05
0.000000000000000000e+00,2.774359822892734417e+00,2.513313453905048826e-05
0.000000000000000000e+00,2.777809606916736840e+00,2.261433445845619744e-05
0.000000000000000000e+00,2.781255502836574856e+00,2.521305894896694127e-05
0.000000000000000000e+00,2.784703704199829932e+00,3.033563584853217232e-05
0.000000000000000000e+00,2.788147926347539496e+00,2.449666956803643614e-05
0.000000000000000000e+00,2.791600678922760981e+00,2.557736730871432035e-05
0.000000000000000000e+00,2.795043090476260428e+00,3.192700579702198221e-05
0.000000000000000000e+00,2.798494002406115122e+00,2.339285230401018714e-05
0.000000000000000000e+00,2.801940781868234698e+00,2.426796749431125880e-05
0.000000000000000000e+00,2.805389714519748168e+00,2.645390152364818245e-05
0.000000000000000000e+00,2.808834421514795121e+00,2.911199276758092466e-05
0.000000000000000000e+00,2.812287598345081019e+00,2.496110111990522846e-05
0.000000000000000000e+00,2.815730092254171701e+00,2.628923363402286612e-05
0.000000000000000000e+00,2.819181024339006303e+00,3.198435469081547302e-05
0.000000000000000000e+00,2.822627573601432349e+00,2.480294160608517053e-05
0.000000000000000000e+00,2.826076118509744717e+00,2.253955945213742350e-05
0.000000000000000000e+00,2.829526642776947210e+00,2.760936637724310501e-05
0.000000000000000000e+00,2.832972656803320000e+00,3.131798303221248087e-05
0.000000000000000000e+00,2.836420585731449506e+00,2.959849177182738891e-05
0.000000000000000000e+00,2.839870412869007765e+00,2.280053023274047794e-05
0.000000000000000000e+00,2.843315600857695635e+00,3.794877920662661391e-05
0.000000000000000000e+00,2.846762621679029603e+00,2.948250302569491648e-05
0.000000000000000000e+00,2.850211458234488848e+00,3.450930430251653914e-05
0.000000000000000000e+00,2.853662093317443027e+00,2.757430613927945812e-05
0.000000000000000000e+00,2.857107925641209079e+00,4.864230899284172939e-05
0.000000000000000000e+00,2.860555489925645567e+00,3.315837586703866181e-05
0.000000000000000000e+00,2.864004768556617453e+00,5.100409712377449215e-05
0.000000000000000000e+00,2.867449112092238739e+00,3.846748533178977436e-05
0.000000000000000000e+00,2.870901750158041832e+00,4.988720192037589886e-05
0.000000000000000000e+00,2.874349385371875787e+00,9.697611345519977183e-05
0.000000000000000000e+00,2.877791951674792958e+00,1.079780180435709253e-04
0.000000000000000000e+00,2.881242774088754732e+00,4.419993037342762635e-05
0.000000000000000000e+00,2.884688458919366205e+00,1.687997018743182896e-05
0.000000000000000000e+00,2.888135667272326401e+00,2.361784702382378555e-05
0.000000000000000000e+00,2.891584380497048912e+00,1.697224470473587455e-05
0.000000000000000000e+00,2.895034579832586275e+00,2.502376108038772200e-05
0.000000000000000000e+00,2.898479470380316503e+00,2.237533946460042004e-05
0.000000000000000000e+00,2.901925776907095411e+00,2.555315970006459168e-05
0.000000000000000000e+00,2.905373480242120277e+00,2.028157395947075551e-05
0.000000000000000000e+00,2.908822561103622473e+00,5.759110622880600272e-05
0.000000000000000000e+00,2.912273000098660081e+00,1.076954336863341233e-04
0.000000000000000000e+00,2.915717920856395917e+00,1.070570215796117836e-04
0.000000000000000000e+00,2.919171001243166863e+00,6.049927914836477434e-05
0.000000000000000000e+00,2.922618491529225704e+00,2.857888934972393396e-05
0.000000000000000000e+00,2.926067228665903297e+00,1.850674107000137335e-05
0.000000000000000000e+00,2.929510270735431021e+00,2.150782442130841793e-05
0.000000000000000000e+00,2.932961425061571425e+00,2.140885192683977855e-05
0.000000000000000000e+00,2.936406811276298434e+00,2.629855500126425713e-05
0.000000000000000000e+00,2.939853330832565170e+00,3.266414986712169418e-05
0.000000000000000000e+00,2.943300963180315755e+00,5.771764175998174830e-05
0.000000000000000000e+00,2.946749687657017613e+00,1.353879678375684401e-04
0.000000000000000000e+00,2.950199483487491392e+00,1.289249594146935930e-04
0.000000000000000000e+00,2.953643293379428769e+00,6.026011343051946233e-05
0.000000000000000000e+00,2.957095152684269479e+00,2.508446012748410053e-05
0.000000000000000000e+00,2.960540951008748145e+00,2.484514023460492423e-05
0.000000000000000000e+00,2.963987703458273337e+00,1.715765263539865043e-05
0.000000000000000000e+00,2.967435388620835557e+00,2.063008308298412046e-05
0.000000000000000000e+00,2.970883984971168346e+00,1.782502755125277931e-05
0.000000000000000000e+00,2.974333470870613727e+00,1.700506476386211036e-05
0.000000000000000000e+00,2.977783824566972548e+00,1.887628610079101441e-05
0.000000000000000000e+00,2.981227855747897504e+00,1.719969022660901135e-05
0.000000000000000000e+00,2.984679862716122845e+00,1.874082882422923650e-05
0.000000000000000000e+00,2.988125469863089467e+00,1.787959742502435745e-05
0.000000000000000000e+00,2.991571823358956106e+00,1.815733155274024485e-05
0.000000000000000000e+00,2.995018900813596119e+00,2.107857885683865287e-05
0.000000000000000000e+00,2.998466679722951778e+00,1.644125591923899406e-05
0.000000000000000000e+00,3.001915137468924577e+00,6.207970257964355164e-05
0.000000000000000000e+00,3.005364251319263325e+00,1.437872472726098695e-04
0.000000000000000000e+00,3.008813998427458003e+00,1.286825558875373077e-04
0.000000000000000000e+00,3.012257037388338610e+00,3.069603082708047048e-05
0.000000000000000000e+00,3.015707965237110155e+00,3.761452360652795045e-05
0.000000000000000000e+00,3.019152105109111695e+00,2.932793159705331329e-05
0.000000000000000000e+00,3.022604120851319909e+00,1.905903990200623425e-05
0.000000000000000000e+00,3.026049268242209322e+00,1.529988729911599060e-05
0.000000000000000000e+00,3.029502278114438507e+00,1.748120743536754241e-05
0.000000000000000000e+00,3.032948338715878656e+00,1.312789641935999403e-05
0.000000000000000000e+00,3.036394811834639107e+00,1.617976597522334523e-05
0.000000000000000000e+00,3.039841673528437926e+00,2.002269461152978247e-05
0.000000000000000000e+00,3.043288899740312470e+00,1.858678675475083339e-05
0.000000000000000000e+00,3.046736466298560764e+00,1.416757843281523131e-05
0.000000000000000000e+00,3.050184348916684218e+00,1.509196034759260705e-05
0.000000000000000000e+00,3.053632523193331227e+00,1.493890580651794912e-05
0.000000000000000000e+00,3.057080964612250096e+00,1.617552106102647277e-05
0.000000000000000000e+00,3.060529648542242853e+00,1.361457516004410390e-05
0.000000000000000000e+00,3.063978550237123955e+00,1.413504757788557833e-05
0.000000000000000000e+00,3.067427644835680312e+00,1.081796065923476972e-05
0.000000000000000000e+00,3.070869301342692204e+00,1.124118102074350627e-05
0.000000000000000000e+00,3.074318689607980826e+00,1.405366712438169631e-05
0.000000000000000000e+00,3.077768195483054026e+00,1.669680278021738707e-05
0.000000000000000000e+00,3.081217793646421566e+00,4.654980355330937785e-06
0.000000000000000000e+00,3.084667458661439099e+00,1.299760241205622069e-05
0.000000000000000000e+00,3.088109473315589160e+00,1.347889238574049022e-05
0.000000000000000000e+00,3.091559178069081870e+00,1.274589148962908391e-05
0.000000000000000000e+00,3.095008872654115173e+00,1.346964410133878052e-05
0.000000000000000000e+00,3.098458531173472696e+00,1.760241088360623758e-05
1.000000000000000000e+00,1.033201653610002380e+00,2.475065927034908758e-06
1.000000000000000000e+00,1.036648509905437887e+00,1.579972214480036775e-06
1.000000000000000000e+00,1.043541409744891402e+00,4.744512790957899476e-06
1.000000000000000000e+00,1.046995823585744390e+00,7.489341606138754802e-05
1.000000000000000000e+00,1.050437583628032190e+00,2.612524332178449643e-04
1.000000000000000000e+00,1.057335332576050613e+00,9.240363896071386389e-05
1.000000000000000000e+00,1.060781985225874857e+00,1.687071037816268294e-04
1.000000000000000000e+00,1.064232911590460740e+00,9.749447288962459273e-05
1.000000000000000000e+00,1.067678780910228387e+00,2.742915043135969527e-05
1.000000000000000000e+00,1.071128529629983950e+00,7.605991132216101608e-05
1.000000000000000000e+00,1.074572702662508927e+00,3.028804904863222327e-05
1.000000000000000000e+00,1.081471323690731845e+00,2.949372487460309382e-06
1.000000000000000000e+00,1.084915982089606823e+00,3.791785853032263154e-06
1.000000000000000000e+00,1.088363545999756488e+00,5.793808602490964842e-06
1.000000000000000000e+00,1.095266770611309948e+00,8.461051728180521772e-06
1.000000000000000000e+00,1.098712379221057800e+00,2.672404595818136280e-05
1.000000000000000000e+00,1.105609887848336026e+00,3.133282701855783436e-05
1.000000000000000000e+00,1.109051536618574252e+00,5.133147183691667901e-05
1.000000000000000000e+00,1.112504696742819599e+00,3.549167075334347149e-04
1.000000000000000000e+00,1.119395074333696893e+00,8.763275289969925733e-04
1.000000000000000000e+00,1.122841862282197400e+00,2.334309281475510775e-04
1.000000000000000000e+00,1.126289479053798503e+00,6.629444090900495697e-05
1.000000000000000000e+00,1.133186473450812359e+00,4.403198166419084581e-05
1.000000000000000000e+00,1.136635482519254392e+00,3.955762363091109326e-05
1.000000000000000000e+00,1.143533585740903691e+00,9.269531069304518385e-06
1.000000000000000000e+00,1.146982297524425265e+00,1.271554668927014328e-05
1.000000000000000000e+00,1.150430524006237798e+00,8.129206857154467277e-06
1.000000000000000000e+00,1.157324731010923813e+00,3.029451313737090718e-05
1.000000000000000000e+00,1.160770310762838431e+00,4.382302906221571825e-05
1.000000000000000000e+00,1.171120625998415488e+00,1.787886449655771851e-03
1.000000000000000000e+00,1.174559942715855509e+00,1.417477366702506896e-04
1.000000000000000000e+00,1.181454502803455542e+00,1.605077161312312806e-05
1.000000000000000000e+00,1.184909576371423467e+00,7.550096607705082941e-06
1.000000000000000000e+00,1.195247307296760431e+00,8.436906987269226561e-06
1.000000000000000000e+00,1.198702514049813317e+00,5.032200115544362204e-06
1.000000000000000000e+00,1.209035753336976438e+00,2.004255111285260290e-06
1.000000000000000000e+00,1.219380774928699340e+00,5.030901563611596152e-06
1.000000000000000000e+00,1.222832385844900394e+00,3.572786339117755381e-06
1.000000000000000000e+00,1.233170531755207078e+00,2.135006711466534933e-06
1.000000000000000000e+00,1.243519070222651068e+00,2.777552507023366332e-06
1.000000000000000000e+00,1.246967154653694010e+00,1.604837315308641882e-06
1.000000000000000000e+00,1.257311064258814781e+00,2.779088589591264363e-06
1.000000000000000000e+00,1.271102200755174660e+00,8.886442188601586192e-07
1.000000000000000000e+00,1.281445390375948179e+00,5.085073291690555064e-06
1.000000000000000000e+00,1.295236666066327702e+00,1.040525255932893561e-06
1.000000000000000000e+00,1.305580577574009249e+00,2.008266075474848549e-06
1.000000000000000000e+00,1.319372435363264984e+00,2.570172297025207448e-06
1.000000000000000000e+00,1.329716170585721002e+00,2.063287743340506729e-06
1.000000000000000000e+00,1.343506983152011891e+00,4.396015141352118565e-05
1.000000000000000000e+00,1.353851142929214824e+00,4.868341831611648693e-06
1.000000000000000000e+00,1.367641217942653808e+00,2.353849263516018292e-06
1.000000000000000000e+00,1.377984978418452577e+00,3.769963853333131670e-06
1.000000000000000000e+00,1.402120620734581768e+00,1.993412641649222987e-05
1.000000000000000000e+00,1.412463370193455470e+00,1.330694897292665621e-03
1.000000000000000000e+00,1.426254929928600923e+00,7.324577376885985178e-04
1.000000000000000000e+00,1.436598517255286867e+00,2.903830248674690471e-04
1.000000000000000000e+00,1.460734211847596109e+00,9.746073431666207182e-03
1.000000000000000000e+00,1.495212280069660338e+00,1.505197120695346026e-04
1.000000000000000000e+00,1.529690869705549572e+00,1.133654275831860138e-05
1.000000000000000000e+00,1.574512485738055023e+00,8.962497243005767880e-06
1.000000000000000000e+00,1.619334687738118284e+00,3.186673392062721899e-06
2.000000000000000000e+00,1.033201653610002380e+00,8.643907046931198257e-06
2.000000000000000000e+00,1.036648509905437887e+00,8.298589703526116799e-06
2.000000000000000000e+00,1.040100990178184137e+00,1.512312106961168503e-05
2.000000000000000000e+00,1.043541409744891402e+00,9.695532284438952350e-06
2.000000000000000000e+00,1.046995823585744390e+00,3.835173961151321445e-05
2.000000000000000000e+00,1.050437583628032190e+00,4.045791769319272970e-04
2.000000000000000000e+00,1.053893087902487924e+00,1.829166594677695179e-04
2.000000000000000000e+00,1.057335332576050613e+00,3.076161585200364295e-05
2.000000000000000000e+00,1.060781985225874857e+00,7.190080137309926727e-05
2.000000000000000000e+00,1.064232911590460740e+00,3.886653303513681206e-05
2.000000000000000000e+00,1.067678780910228387e+00,1.269951676099314946e-04
2.000000000000000000e+00,1.071128529629983950e+00,1.797496395081839195e-04
2.000000000000000000e+00,1.074572702662508927e+00,1.453862702566531095e-04
2.000000000000000000e+00,1.078020349646558129e+00,2.474127737633674204e-04
2.000000000000000000e+00,1.081471323690731845e+00,3.324459250789826609e-04
2.000000000000000000e+00,1.084915982089606823e+00,2.863442599994245048e-04
2.000000000000000000e+00,1.088363545999756488e+00,5.397581778658358748e-04
2.000000000000000000e+00,1.091813861050743073e+00,5.842010542852158752e-04
2.000000000000000000e+00,1.095266770611309948e+00,8.250249271681176118e-04
2.000000000000000000e+00,1.098712379221057800e+00,1.587608793104474140e-03
2.000000000000000000e+00,1.102160139682824225e+00,1.843770898670107298e-03
2.000000000000000000e+00,1.105609887848336026e+00,5.144475790246993627e-03
2.000000000000000000e+00,1.109051536618574252e+00,1.089205388734841053e-02
2.000000000000000000e+00,1.112504696742819599e+00,4.518801647160781282e-02
2.000000000000000000e+00,1.115949293740889248e+00,6.801775046807653213e-01
2.000000000000000000e+00,1.119395074333696893e+00,1.664618801070705256e-01
2.000000000000000000e+00,1.122841862282197400e+00,2.377836040070712559e-02
2.000000000000000000e+00,1.126289479053798503e+00,1.149930139891179419e-02
2.000000000000000000e+00,1.129737743819367202e+00,6.489419308891738319e-03
2.000000000000000000e+00,1.133186473450812359e+00,3.738826814149415634e-03
2.000000000000000000e+00,1.136635482519254392e+00,3.670797775874650067e-03
2.000000000000000000e+00,1.140084583293795584e+00,2.656958638823001505e-03
2.000000000000000000e+00,1.143533585740903691e+00,2.529732797338918229e-03
2.000000000000000000e+00,1.146982297524425265e+00,2.555543051359623983e-03
2.000000000000000000e+00,1.150430524006237798e+00,2.557726283513077781e-03
2.000000000000000000e+00,1.153878068247559563e+00,3.907225414518273286e-03
2.000000000000000000e+00,1.157324731010923813e+00,2.129718319262203109e-03
2.000000000000000000e+00,1.160770310762838431e+00,4.443360136339168619e-03
2.000000000000000000e+00,1.164214603677135917e+00,8.709941853262938294e-03
2.000000000000000000e+00,1.167668400497266612e+00,6.229876508961848872e-03
2.000000000000000000e+00,1.171120625998415488e+00,5.044239096941924988e-02
2.000000000000000000e+00,1.174559942715855509e+00,7.199668493207008434e-03
2.000000000000000000e+00,1.178008327235415598e+00,1.308801097721681720e-03
2.000000000000000000e+00,1.181454502803455542e+00,3.864250302465879229e-04
2.000000000000000000e+00,1.184909576371423467e+00,2.306099031353272394e-04
2.000000000000000000e+00,1.188350746486732668e+00,1.602098583305466904e-04
2.000000000000000000e+00,1.191800505937655741e+00,7.319462291360030336e-05
2.000000000000000000e+00,1.195247307296760431e+00,6.063739587666789536e-05
2.000000000000000000e+00,1.198702514049813317e+00,4.746412901878280428e-05
2.000000000000000000e+00,1.202142786545922659e+00,4.126231749095561683e-05
2.000000000000000000e+00,1.205591140043370535e+00,3.648319670650128306e-05
2.000000000000000000e+00,1.209035753336976438e+00,3.096930335048434760e-05
2.000000000000000000e+00,1.212488249424975351e+00,3.335826877759226592e-05
2.000000000000000000e+00,1.215936669411375126e+00,2.357310260795724582e-05
2.000000000000000000e+00,1.219380774928699340e+00,2.249988805514720322e-05
2.000000000000000000e+00,1.222832385844900394e+00,2.109867232667716376e-05
2.000000000000000000e+00,1.226279334888139783e+00,1.862067036404358402e-05
2.000000000000000000e+00,1.229733574350838854e+00,1.776725524843980364e-05
2.000000000000000000e+00,1.233170531755207078e+00,1.613339029332906110e-05
2.000000000000000000e+00,1.236626754769601710e+00,1.617410655246842861e-05
2.000000000000000000e+00,1.240071397540547737e+00,1.588388304879853269e-05
2.000000000000000000e+00,1.243519070222651068e+00,1.411508763999469400e-05
2.000000000000000000e+00,1.246967154653694010e+00,1.474981128237862527e-05
2.000000000000000000e+00,1.250415497781240726e+00,1.250321068866705603e-05
2.000000000000000000e+00,1.253862676783799035e+00,1.235213490328959713e-05
2.000000000000000000e+00,1.257311064258814781e+00,1.188356953569712691e-05
2.000000000000000000e+00,1.260759240897736833e+00,1.233271840827803979e-05
2.000000000000000000e+00,1.264207046743897722e+00,1.286104186150690888e-05
2.000000000000000000e+00,1.267654320115332967e+00,1.173231296268583040e-05
2.000000000000000000e+00,1.271102200755174660e+00,1.208364596440646750e-05
2.000000000000000000e+00,1.274550544767100169e+00,1.185736615563825321e-05
2.000000000000000000e+00,1.277997889315403368e+00,1.248227114509720608e-05
2.000000000000000000e+00,1.281445390375948179e+00,1.803920152983352950e-05
2.000000000000000000e+00,1.284894230744600740e+00,4.038268768826538968e-05
2.000000000000000000e+00,1.288341604015153186e+00,8.816780994211628958e-06
2.000000000000000000e+00,1.291790028539698154e+00,8.296372205281701731e-06
2.000000000000000000e+00,1.295236666066327702e+00,7.846692880971936623e-06
2.000000000000000000e+00,1.298685420746003905e+00,9.902571380016101892e-06
2.000000000000000000e+00,1.302133444027384623e+00,9.554214253880376263e-06
2.000000000000000000e+00,1.305580577574009249e+00,7.666152431156637883e-06
2.000000000000000000e+00,1.309028043515950923e+00,1.008444264362574491e-05
2.000000000000000000e+00,1.312477091531541129e+00,1.014693171261785214e-05
2.000000000000000000e+00,1.315924809014811903e+00,1.137744022841768755e-05
2.000000000000000000e+00,1.319372435363264984e+00,1.062984578484668092e-05
2.000000000000000000e+00,1.322819826402583887e+00,1.427591325281305695e-05
2.000000000000000000e+00,1.326268255180863553e+00,1.720331177605871002e-05
2.000000000000000000e+00,1.329716170585721002e+00,1.580480761563317243e-05
2.000000000000000000e+00,1.333163424012906217e+00,2.552451266318700289e-05
2.000000000000000000e+00,1.336611306296568102e+00,3.502686301483208948e-05
2.000000000000000000e+00,1.340059688171604257e+00,5.349277331369117441e-05
2.000000000000000000e+00,1.343506983152011891e+00,2.010019461268567600e-04
2.000000000000000000e+00,1.346954500088000994e+00,1.248059639233159608e-03
2.000000000000000000e+00,1.350402105514702633e+00,1.370641823633042544e-04
2.000000000000000000e+00,1.353851142929214824e+00,3.408617703223788028e-05
2.000000000000000000e+00,1.357298526959496821e+00,1.989946797856680089e-05
2.000000000000000000e+00,1.360745590822140638e+00,1.516469714347032792e-05
2.000000000000000000e+00,1.364193696547052692e+00,1.085440039130252379e-05
2.000000000000000000e+00,1.367641217942653808e+00,9.801020933537514689e-06
2.000000000000000000e+00,1.371089529547983243e+00,1.267741979122523989e-05
2.000000000000000000e+00,1.374536987331586912e+00,1.144400001354712058e-05
2.000000000000000000e+00,1.377984978418452577e+00,1.168511343194253364e-05
2.000000000000000000e+00,1.381433380054019500e+00,1.630627884399236312e-05
2.000000000000000000e+00,1.384880521330998038e+00,1.760141834721856447e-05
2.000000000000000000e+00,1.388329363024976004e+00,2.175567965404101166e-05
2.000000000000000000e+00,1.391776677059926470e+00,2.040660153682259594e-04
2.000000000000000000e+00,1.395223882448662689e+00,6.925011798906808994e-05
2.000000000000000000e+00,1.398672427899403159e+00,3.883116761471520646e-05
2.000000000000000000e+00,1.402120620734581768e+00,3.563082949317984162e-05
2.000000000000000000e+00,1.405568329339426548e+00,6.434137196688470182e-05
2.000000000000000000e+00,1.409015420834496490e+00,1.020159327559744060e-04
2.000000000000000000e+00,1.412463370193455470e+00,4.966437854466492982e-04
2.000000000000000000e+00,1.415912065601631076e+00,3.927277081488697585e-03
2.000000000000000000e+00,1.419359769223903056e+00,5.060901067186963269e-04
2.000000000000000000e+00,1.422807976006567054e+00,3.083893476722074888e-04
2.000000000000000000e+00,1.426254929928600923e+00,2.802210139836706524e-04
2.000000000000000000e+00,1.429702139328395516e+00,1.013437907649326203e-03
2.000000000000000000e+00,1.433151143120694249e+00,1.148328131936504582e-03
2.000000000000000000e+00,1.436598517255286867e+00,1.433754399183489623e-03
2.000000000000000000e+00,1.440045790386240032e+00,2.346138300684545187e-03
2.000000000000000000e+00,1.443494521975932976e+00,3.475281766556500770e-03
2.000000000000000000e+00,1.446941236582872659e+00,5.969306963467425377e-03
2.000000000000000000e+00,1.450389180041976367e+00,1.322661056231519937e-02
2.000000000000000000e+00,1.453838251996353970e+00,3.973918450051644458e-02
2.000000000000000000e+00,1.457284925324613400e+00,2.265615774556170026e-01
2.000000000000000000e+00,1.460734211847596109e+00,4.355782275982318374e-01
2.000000000000000000e+00,1.464180845048669521e+00,8.800313744977274200e-02
2.000000000000000000e+00,1.467629883251738487e+00,3.206609920282278703e-02
2.000000000000000000e+00,1.471077754388882219e+00,1.906014508777393104e-02
2.000000000000000000e+00,1.474524327200595009e+00,1.511675838337282404e-02
2.000000000000000000e+00,1.477972992957279574e+00,1.438079398432292808e-02
2.000000000000000000e+00,1.481420127337121695e+00,1.719516572927029183e-02
2.000000000000000000e+00,1.484867374063010059e+00,2.444903081809893589e-02
2.000000000000000000e+00,1.488316408777387689e+00,2.505056848783213802e-02
2.000000000000000000e+00,1.491763554618141141e+00,9.060540660491974221e-03
2.000000000000000000e+00,1.495212280069660338e+00,1.908397457967100702e-03
2.000000000000000000e+00,1.498658873048627660e+00,9.354291049819481478e-04
2.000000000000000000e+00,1.502106833194010616e+00,7.462509802548661191e-03
2.000000000000000000e+00,1.505556069478128256e+00,6.038221825311443185e-03
2.000000000000000000e+00,1.509002816756937371e+00,5.971887292407747697e-04
2.000000000000000000e+00,1.512450621747667645e+00,3.411233769129582891e-04
2.000000000000000000e+00,1.515899390545454084e+00,2.397351197967778386e-04
2.000000000000000000e+00,1.519347166463247412e+00,1.617065326314624134e-04
2.000000000000000000e+00,1.522793828376461489e+00,1.321592819903689010e-04
2.000000000000000000e+00,1.526243011725259224e+00,1.122828008283814394e-04
2.000000000000000000e+00,1.529690869705549572e+00,1.025130125563561819e-04
2.000000000000000000e+00,1.533137278200958908e+00,7.873663390161518582e-05
2.000000000000000000e+00,1.536585920764031554e+00,7.832623450286253092e-05
2.000000000000000000e+00,1.540032896726395206e+00,7.302034413511009992e-05
2.000000000000000000e+00,1.543481921944640289e+00,7.401711370841541123e-05
2.000000000000000000e+00,1.546929059686635410e+00,9.224562011052870377e-05
2.000000000000000000e+00,1.550378058269135995e+00,1.718375667792542143e-04
2.000000000000000000e+00,1.553824944740700653e+00,2.271750243251159835e-04
2.000000000000000000e+00,1.557273500031404190e+00,7.643796902255027103e-05
2.000000000000000000e+00,1.560719714820170578e+00,5.134132450155768637e-05
2.000000000000000000e+00,1.564169376134801448e+00,3.585341264100915480e-05
2.000000000000000000e+00,1.567616482214771345e+00,3.264097107927937214e-05
2.000000000000000000e+00,1.571064879731063568e+00,2.817757081733498006e-05
2.000000000000000000e+00,1.574512485738055023e+00,2.336853845203921265e-05
2.000000000000000000e+00,1.577959189706325427e+00,3.036398679275481276e-05
2.000000000000000000e+00,1.581406897256678379e+00,5.621017180893421163e-05
2.000000000000000000e+00,1.584855522432401909e+00,5.029265841159679448e-05
2.000000000000000000e+00,1.588302943772037290e+00,4.088044238087958353e-05
2.000000000000000000e+00,1.591751090722121287e+00,3.212849096180747194e-05
2.000000000000000000e+00,1.595199874853490352e+00,2.550765676192936785e-05
2.000000000000000000e+00,1.598647145641136191e+00,2.802290255346622650e-05
2.000000000000000000e+00,1.602094856532214617e+00,2.720627134790511677e-05
2.000000000000000000e+00,1.605542916622857419e+00,2.398294561854840857e-05
2.000000000000000000e+00,1.608991234204249388e+00,2.432510944875381338e-05
2.000000000000000000e+00,1.612437619754361506e+00,2.441463996934548232e-05
2.000000000000000000e+00,1.615886164989974283e+00,2.300722390615209475e-05
2.000000000000000000e+00,1.619334687738118284e+00,1.853371806859178381e-05
2.000000000000000000e+00,1.622780969070306334e+00,2.390593852833565724e-05
2.000000000000000000e+00,1.626229152209530238e+00,3.188716724067426617e-05
2.000000000000000000e+00,1.629677025633883947e+00,5.363229286872410196e-05
2.000000000000000000e+00,1.633124491996673866e+00,2.398254814310680138e-04
2.000000000000000000e+00,1.636573613397329652e+00,2.670887057676293039e-04
2.000000000000000000e+00,1.640019979486558865e+00,8.635191559929630508e-05
2.000000000000000000e+00,1.643467820155198433e+00,5.770477929690408193e-05
2.000000000000000000e+00,1.646917062285312650e+00,4.215661988625164422e-05
2.000000000000000000e+00,1.650365435255503277e+00,2.977106142033918894e-05
2.000000000000000000e+00,1.653812836999978275e+00,3.236552756569687042e-05
2.000000000000000000e+00,1.657259164650972227e+00,2.954017864983330809e-05
2.000000000000000000e+00,1.660708763407247712e+00,2.437692497533468388e-05
2.000000000000000000e+00,1.664154883215130942e+00,3.031558371841930029e-05
2.000000000000000000e+00,1.667604119953681518e+00,3.402668181832902545e-05
2.000000000000000000e+00,1.671051918830441796e+00,3.066154162569687853e-05
2.000000000000000000e+00,1.674498173121963029e+00,4.260569532870063281e-05
2.000000000000000000e+00,1.677947317015475281e+00,5.574562414901410457e-05
2.000000000000000000e+00,1.681394737827663022e+00,6.686679790712091566e-05
2.000000000000000000e+00,1.684842616095019174e+00,1.000627792295601549e-04
2.000000000000000000e+00,1.688290870128017263e+00,1.854514935133439845e-04
2.000000000000000000e+00,1.691739417547214908e+00,2.012897598564584382e-04
2.000000000000000000e+00,1.695185857520615125e+00,2.443260906509030217e-04
2.000000000000000000e+00,1.698634732372025002e+00,2.820158372604357759e-04
2.000000000000000000e+00,1.702081312653158873e+00,2.257749476496793333e-04
2.000000000000000000e+00,1.705530177056598928e+00,1.942283800546414964e-04
2.000000000000000000e+00,1.708976556927202850e+00,2.087445604515788286e-04
2.000000000000000000e+00,1.712425067479531160e+00,1.484623742919769450e-04
2.000000000000000000e+00,1.715873275371869733e+00,1.330349958291206897e-04
2.000000000000000000e+00,1.719321092701248777e+00,1.501700246576839694e-04
2.000000000000000000e+00,1.722768430874836998e+00,1.221729737244976884e-04
2.000000000000000000e+00,1.726217603999769867e+00,1.196966359762458693e-04
2.000000000000000000e+00,1.729663724931680191e+00,1.480400486191443268e-04
2.000000000000000000e+00,1.733111519436391523e+00,1.545809510251518323e-04
2.000000000000000000e+00,1.736560925105470776e+00,2.328632984348691121e-04
2.000000000000000000e+00,1.740006995062806538e+00,5.826591694489258308e-04
2.000000000000000000e+00,1.743456962527776044e+00,4.818352954298188570e-04
2.000000000000000000e+00,1.746903408349857356e+00,2.823456333007369739e-04
2.000000000000000000e+00,1.750351151541850170e+00,2.511935350841691715e-04
2.000000000000000000e+00,1.753800126646169133e+00,1.931128850085069124e-04
2.000000000000000000e+00,1.757247777056210269e+00,2.074310251358607864e-04
2.000000000000000000e+00,1.760694006816462265e+00,3.052945105638955859e-04
2.000000000000000000e+00,1.764143739596276683e+00,3.351699164109641651e-04
2.000000000000000000e+00,1.767591897027504633e+00,3.670988034439067295e-04
2.000000000000000000e+00,1.771038381196035516e+00,3.314239027160730770e-04
2.000000000000000000e+00,1.774485633181389410e+00,1.608229843114600298e-04
2.000000000000000000e+00,1.777933583325450151e+00,1.107355479960820679e-04
2.000000000000000000e+00,1.781382161396555475e+00,1.065646480185041505e-04
2.000000000000000000e+00,1.784828727214625488e+00,8.785734615446637405e-05
2.000000000000000000e+00,1.788278338206535700e+00,9.103046675245047919e-05
2.000000000000000000e+00,1.791725773693539692e+00,1.450958879387156703e-04
2.000000000000000000e+00,1.795173530458859412e+00,1.652544172097182573e-04
2.000000000000000000e+00,1.798621535336541122e+00,1.448542080224977523e-04
2.000000000000000000e+00,1.802069714585547544e+00,9.361299335316575296e-05
2.000000000000000000e+00,1.805517993889585338e+00,7.314436558973227791e-05
2.000000000000000000e+00,1.808963659025256465e+00,6.606920255061380775e-05
2.000000000000000000e+00,1.812411903117165268e+00,7.182156880672668396e-05
2.000000000000000000e+00,1.815860020844046963e+00,5.704996687780896573e-05
2.000000000000000000e+00,1.819307935588295067e+00,5.219311319994027285e-05
2.000000000000000000e+00,1.822755570157104321e+00,6.519014111698764717e-05
2.000000000000000000e+00,1.826202846782678746e+00,4.631121420525039764e-05
2.000000000000000000e+00,1.829652387162471028e+00,4.243992464934398089e-05
2.000000000000000000e+00,1.833098722480798193e+00,3.799179453669729518e-05
2.000000000000000000e+00,1.836547183550738982e+00,3.251523901818595663e-05
2.000000000000000000e+00,1.839994990319506529e+00,2.792297339986435890e-05
2.000000000000000000e+00,1.843442062200313369e+00,2.511083483219027021e-05
2.000000000000000000e+00,1.846891069191275658e+00,2.196563594618352829e-05
2.000000000000000000e+00,1.850339198957712483e+00,2.169423888190767253e-05
2.000000000000000000e+00,1.853786369243562770e+00,3.065623872574359948e-05
2.000000000000000000e+00,1.857235279282900109e+00,4.947751674583964116e-05
2.000000000000000000e+00,1.860683084283182076e+00,8.665215436783456500e-05
2.000000000000000000e+00,1.864129700321005778e+00,2.411039038348932666e-04
2.000000000000000000e+00,1.867577856036589212e+00,3.270483078356719144e-04
2.000000000000000000e+00,1.871024674010875577e+00,4.956123723215614778e-04
2.000000000000000000e+00,1.874472902601166835e+00,3.344107604637367760e-03
2.000000000000000000e+00,1.877922486946779213e+00,3.124118522735756104e-03
2.000000000000000000e+00,1.881370516884421695e+00,2.318504484350531348e-03
2.000000000000000000e+00,1.884816905210515037e+00,1.421865543658624650e-02
2.000000000000000000e+00,1.888264439954679741e+00,1.299906954210778599e-02
2.000000000000000000e+00,1.891713064297456004e+00,1.229658566393932242e-02
2.000000000000000000e+00,1.895159824112871982e+00,2.231943028719405447e-02
2.000000000000000000e+00,1.898607537409636503e+00,3.117359851533828621e-02
2.000000000000000000e+00,1.902056145930849373e+00,4.569117049234075467e-02
2.000000000000000000e+00,1.905505590961838802e+00,4.549165970042718526e-02
2.000000000000000000e+00,1.908952874159341784e+00,2.192242195542185024e-02
2.000000000000000000e+00,1.912400853798377653e+00,8.878056715610557412e-03
2.000000000000000000e+00,1.915846509287635779e+00,4.210369780913805239e-03
2.000000000000000000e+00,1.919295690217159400e+00,2.242268682886619600e-03
2.000000000000000000e+00,1.922742403939026623e+00,1.353612438798250904e-03
2.000000000000000000e+00,1.926192541782736134e+00,1.300905489798304766e-03
2.000000000000000000e+00,1.929640067440181683e+00,1.075933922994198053e-03
2.000000000000000000e+00,1.933087900183826591e+00,5.600077982382839102e-04
2.000000000000000000e+00,1.936535977039756551e+00,7.620456802179396321e-04
2.000000000000000000e+00,1.939981199079960472e+00,1.247575325890755416e-04
2.000000000000000000e+00,1.943429562597383642e+00,1.425613412233624785e-04
2.000000000000000000e+00,1.946877978525087372e+00,1.428362481018823267e-04
2.000000000000000000e+00,1.950326382048422236e+00,1.012425294698885911e-04
2.000000000000000000e+00,1.953774707892369067e+00,1.447570546603547167e-04
2.000000000000000000e+00,1.957222890321566267e+00,1.819928713666629761e-04
2.000000000000000000e+00,1.960670863140387077e+00,1.404373845035322146e-04
2.000000000000000000e+00,1.964118559693055932e+00,2.104298177579511315e-04
2.000000000000000000e+00,1.967565912863812327e+00,2.058125612621455522e-04
2.000000000000000000e+00,1.971012855077121984e+00,1.613472413008648133e-04
2.000000000000000000e+00,1.974462462646853878e+00,2.516065514847285194e-04
2.000000000000000000e+00,1.977908389365796271e+00,2.632045169652421626e-04
2.000000000000000000e+00,1.981356866008052053e+00,2.590551062101514651e-04
2.000000000000000000e+00,1.984804678864102945e+00,2.042692852629490914e-04
2.000000000000000000e+00,1.988251758114388146e+00,8.707818829177745598e-05
2.000000000000000000e+00,1.991701232975213953e+00,7.507118920163373030e-05
2.000000000000000000e+00,1.995146644800939395e+00,5.613194122857501469e-05
2.000000000000000000e+00,1.998594332508543792e+00,4.098353581684051268e-05
2.000000000000000000e+00,2.002044257812201522e+00,4.892255937210661458e-05
2.000000000000000000e+00,2.005493138126538177e+00,5.028270490777757946e-05
2.000000000000000000e+00,2.008940900982242095e+00,4.843226522047216419e-05
2.000000000000000000e+00,2.012387473453392861e+00,7.058797568267959446e-05
2.000000000000000000e+00,2.015836059663349111e+00,7.142215374748693167e-05
2.000000000000000000e+00,2.019283330698162793e+00,1.026513269438057859e-04
2.000000000000000000e+00,2.022729212310859115e+00,1.549815115927382779e-04
2.000000000000000000e+00,2.026176941017666877e+00,1.417071527353374022e-04
2.000000000000000000e+00,2.029626475484230141e+00,2.028226128707369250e-04
2.000000000000000000e+00,2.033074440229836632e+00,2.086791629290712480e-04
2.000000000000000000e+00,2.036520759278852566e+00,1.844189167104374810e-04
2.000000000000000000e+00,2.039968712651890392e+00,6.463278012797852873e-04
2.000000000000000000e+00,2.043418257520000392e+00,7.017681792412704470e-04
2.000000000000000000e+00,2.046865971521828698e+00,6.344529718763196324e-04
2.000000000000000000e+00,2.050311776957185472e+00,2.882432263620070528e-03
2.000000000000000000e+00,2.053762399650157722e+00,4.389823558678093533e-03
2.000000000000000000e+00,2.057207589295852124e+00,7.633583654109408340e-03
2.000000000000000000e+00,2.060657507204084027e+00,1.644351724037846491e-02
2.000000000000000000e+00,2.064105270019382932e+00,2.319792203790179211e-02
2.000000000000000000e+00,2.067554245750138797e+00,2.464335116471775416e-02
2.000000000000000000e+00,2.071000929283012937e+00,1.783780803923721778e-02
2.000000000000000000e+00,2.074448710803403539e+00,1.239168186635481242e-02
2.000000000000000000e+00,2.077897543799790192e+00,9.401206169778341185e-03
2.000000000000000000e+00,2.081343887425238570e+00,6.498959682862299157e-03
2.000000000000000000e+00,2.084791165297932292e+00,6.006703325928482509e-03
2.000000000000000000e+00,2.088239329812072498e+00,1.950938777111918153e-03
2.000000000000000000e+00,2.091688333018982604e+00,1.536785872239843217e-03
2.000000000000000000e+00,2.095134586178464708e+00,1.389293020383936721e-03
2.000000000000000000e+00,2.098581557772516426e+00,1.876244987034956862e-04
2.000000000000000000e+00,2.102029198756936612e+00,1.569448292932575529e-04
2.000000000000000000e+00,2.105477459743749336e+00,1.895295002930246940e-04
2.000000000000000000e+00,2.108926291000885023e+00,1.613157217409702483e-04
2.000000000000000000e+00,2.112375642451898905e+00,2.271857290151005934e-04
2.000000000000000000e+00,2.115821852965775296e+00,2.328194055170571301e-04
2.000000000000000000e+00,2.119268458927962673e+00,2.590639702569874614e-04
2.000000000000000000e+00,2.122719043442534925e+00,3.326923303862594668e-04
2.000000000000000000e+00,2.126166298253410858e+00,2.445738538755377585e-04
2.000000000000000000e+00,2.129613793981704362e+00,2.407156463275634249e-04
2.000000000000000000e+00,2.133061478420649859e+00,1.672739877572230018e-04
2.000000000000000000e+00,2.136509299018463537e+00,1.152069046645872146e-04
2.000000000000000000e+00,2.139957202878268738e+00,1.025983805596071926e-04
2.000000000000000000e+00,2.143405136758036900e+00,6.512639327243268533e-05
2.000000000000000000e+00,2.146853047070562237e+00,5.107589880888813768e-05
2.000000000000000000e+00,2.150300879883457306e+00,4.353291855340882071e-05
2.000000000000000000e+00,2.153748580919182309e+00,4.299119597377111491e-05
2.000000000000000000e+00,2.157196095555092619e+00,4.774685712115987491e-05
2.000000000000000000e+00,2.160643368823523591e+00,6.163934469030332892e-05
2.000000000000000000e+00,2.164090345411897154e+00,8.469881119532991049e-05
2.000000000000000000e+00,2.167540759036654663e+00,1.113006424494203720e-04
2.000000000000000000e+00,2.170986987007442970e+00,1.317301344910146122e-04
2.000000000000000000e+00,2.174436563833112679e+00,1.383816263568487409e-04
2.000000000000000000e+00,2.177881817870748637e+00,1.414111509155285872e-04
2.000000000000000000e+00,2.181330331273712009e+00,1.254427152991926218e-04
2.000000000000000000e+00,2.184778233191368102e+00,1.055873107234981371e-04
2.000000000000000000e+00,2.188225465951995297e+00,8.920767267816919052e-05
2.000000000000000000e+00,2.191675845771210440e+00,9.286701350295792443e-05
2.000000000000000000e+00,2.195121578019079589e+00,9.670702652564652801e-05
2.000000000000000000e+00,2.198570364693557266e+00,1.100980542734470260e-04
2.000000000000000000e+00,2.202018272566464763e+00,1.407844699280143611e-04
2.000000000000000000e+00,2.205465242297680817e+00,1.596203797954092807e-04
2.000000000000000000e+00,2.208915149623194463e+00,1.848977627490932174e-04
2.000000000000000000e+00,2.212360075965002171e+00,1.486726662815681418e-04
2.000000000000000000e+00,2.215807844123076187e+00,1.377454030541390721e-04
2.000000000000000000e+00,2.219258430376216840e+00,1.612767692485875368e-04
2.000000000000000000e+00,2.222703841343263154e+00,1.715615791783774104e-04
2.000000000000000000e+00,2.226151972787215438e+00,1.692817109254664124e-04
2.000000000000000000e+00,2.229602800184150357e+00,1.524610330060273031e-04
2.000000000000000000e+00,2.233048254996186532e+00,1.298192742070217382e-04
2.000000000000000000e+00,2.236496306301955173e+00,1.036647682447790062e-04
2.000000000000000000e+00,2.239942882003202573e+00,8.336758310783708387e-05
2.000000000000000000e+00,2.243391978366607198e+00,7.933267618764902412e-05
2.000000000000000000e+00,2.246839497825367182e+00,9.063137567419065591e-05
2.000000000000000000e+00,2.250289461008770697e+00,6.684739984562993234e-05
2.000000000000000000e+00,2.253737744797115639e+00,8.382669676666478474e-05
2.000000000000000000e+00,2.257184284958505760e+00,8.070132600509603187e-05
2.000000000000000000e+00,2.260633138782280227e+00,9.284372302945456418e-05
2.000000000000000000e+00,2.264080144649337711e+00,7.661971186405375353e-05
2.000000000000000000e+00,2.267525237356025958e+00,5.649386451000792215e-05
2.000000000000000000e+00,2.270976670675578291e+00,7.003934303560800103e-05
2.000000000000000000e+00,2.274421937636212032e+00,4.846965283872933740e-05
2.000000000000000000e+00,2.277869304062661637e+00,7.106516735825443658e-05
2.000000000000000000e+00,2.281318741456848986e+00,6.740071501695661129e-05
2.000000000000000000e+00,2.284766010754516241e+00,7.313039969802279355e-05
2.000000000000000000e+00,2.288215267906648975e+00,7.536876575633941525e-05
2.000000000000000000e+00,2.291662247874864278e+00,5.094711773967433875e-05
2.000000000000000000e+00,2.295111131471099686e+00,6.060770450917824718e-05
2.000000000000000000e+00,2.298557627608458720e+00,4.397379776461171597e-05
2.000000000000000000e+00,2.302005942034049291e+00,6.052084510229780356e-05
2.000000000000000000e+00,2.305451757539699997e+00,5.277084275902695033e-05
2.000000000000000000e+00,2.308899304880597025e+00,4.264877070502524643e-05
2.000000000000000000e+00,2.312348553258873896e+00,4.308702776826100057e-05
2.000000000000000000e+00,2.315795146169584040e+00,2.631617035653947630e-05
2.000000000000000000e+00,2.319243352055508911e+00,3.440878600329219683e-05
2.000000000000000000e+00,2.322693139373734450e+00,2.588621558772943377e-05
2.000000000000000000e+00,2.326140112141752425e+00,3.190269310871164015e-05
2.000000000000000000e+00,2.329588576669208155e+00,2.251256221051471922e-05
2.000000000000000000e+00,2.333034110543464656e+00,3.529557233353908225e-05
2.000000000000000000e+00,2.336485448496548489e+00,3.895893600877547389e-05
2.000000000000000000e+00,2.339933764512273751e+00,5.538909917993755212e-05
2.000000000000000000e+00,2.343378986533309671e+00,6.145325772474296427e-05
2.000000000000000000e+00,2.346825484344305490e+00,5.303504835407913266e-05
2.000000000000000000e+00,2.350273224383027326e+00,6.818789750444793397e-05
2.000000000000000000e+00,2.353722172861167472e+00,5.433214806399213205e-05
2.000000000000000000e+00,2.357172295763969139e+00,8.208634984329167843e-05
2.000000000000000000e+00,2.360619064298897563e+00,6.204601629843912883e-05
2.000000000000000000e+00,2.364066912253343311e+00,7.720774870234963752e-05
2.000000000000000000e+00,2.367515804861286988e+00,5.719423019024728362e-05
2.000000000000000000e+00,2.370961173109878306e+00,6.837945411237161136e-05
2.000000000000000000e+00,2.374412036608912757e+00,6.304588475167665653e-05
2.000000000000000000e+00,2.377859278634326667e+00,4.941223517532881688e-05
2.000000000000000000e+00,2.381307397460132869e+00,8.078836932969577292e-05
2.000000000000000000e+00,2.384751770196041232e+00,6.233979490074631436e-05
2.000000000000000000e+00,2.388201521193179300e+00,8.901663519501277480e-05
2.000000000000000000e+00,2.391647426880533001e+00,7.011598105872919769e-05
2.000000000000000000e+00,2.395098664237783392e+00,1.458770638081445178e-04
2.000000000000000000e+00,2.398545956062328788e+00,1.175308505689019132e-04
2.000000000000000000e+00,2.401993878652857184e+00,3.994962314610368045e-04
2.000000000000000000e+00,2.405442394597158362e+00,3.278318104318151890e-04
2.000000000000000000e+00,2.408886786022795157e+00,5.195756041902733179e-04
2.000000000000000000e+00,2.412336362106710208e+00,4.755136649573211386e-04
2.000000000000000000e+00,2.415786417910278150e+00,5.405618131255054623e-04
2.000000000000000000e+00,2.419232194585697826e+00,5.722470379066865905e-04
2.000000000000000000e+00,2.422678347155437617e+00,7.085935417021822259e-04
2.000000000000000000e+00,2.426129584221891289e+00,6.358416778994584097e-04
2.000000000000000000e+00,2.429576385293707563e+00,5.447157960897627740e-04
2.000000000000000000e+00,2.433023445035121579e+00,2.136122454322706310e-04
2.000000000000000000e+00,2.436470723904829327e+00,2.273517801986689479e-04
2.000000000000000000e+00,2.439918182131624036e+00,9.155703511998448041e-05
2.000000000000000000e+00,2.443365779714331332e+00,8.978285466807227821e-05
2.000000000000000000e+00,2.446813476421755063e+00,6.313128090255530145e-05
2.000000000000000000e+00,2.450261231792639105e+00,6.297019148480961846e-05
2.000000000000000000e+00,2.453709005135639387e+00,8.337697652759418925e-05
2.000000000000000000e+00,2.457156755529312342e+00,5.463097405855181802e-05
2.000000000000000000e+00,2.460604441822116684e+00,6.760151255896427146e-05
2.000000000000000000e+00,2.464052022632424954e+00,4.532644323147222177e-05
2.000000000000000000e+00,2.467499456348555942e+00,5.992589615540813404e-05
2.000000000000000000e+00,2.470951625619067560e+00,3.959265883201016370e-05
2.000000000000000000e+00,2.474398653140896354e+00,4.365048750237310923e-05
2.000000000000000000e+00,2.477845407371735753e+00,2.568833518204085675e-05
2.000000000000000000e+00,2.481291845780071004e+00,3.163980255547852187e-05
2.000000000000000000e+00,2.484742905219031073e+00,2.273606583591501469e-05
2.000000000000000000e+00,2.488188597289541448e+00,5.085426033722032586e-05
2.000000000000000000e+00,2.491638851875302763e+00,4.911696630647428548e-05
2.000000000000000000e+00,2.495083624796248234e+00,2.505391729015644660e-04
2.000000000000000000e+00,2.498532900868154716e+00,2.901868373461633302e-04
2.000000000000000000e+00,2.501981628941128299e+00,4.819737014617180449e-04
2.000000000000000000e+00,2.505429764928409853e+00,5.372561455549834924e-04
2.000000000000000000e+00,2.508877264513888594e+00,5.222203028906084255e-04
2.000000000000000000e+00,2.512324083152320586e+00,5.145261167101938772e-04
2.000000000000000000e+00,2.515770176069546782e+00,2.316395230397410578e-04
2.000000000000000000e+00,2.519220617027636777e+00,2.216657332479903333e-04
2.000000000000000000e+00,2.522665137272860125e+00,7.619749539976534774e-05
2.000000000000000000e+00,2.526113942935153567e+00,7.606145182420401621e-05
2.000000000000000000e+00,2.529561869608954350e+00,7.439111343017935224e-05
2.000000000000000000e+00,2.533008871425249886e+00,7.619731141396891459e-05
2.000000000000000000e+00,2.536460091348755608e+00,7.805150346196565512e-05
2.000000000000000000e+00,2.539905119036357739e+00,7.714080329898964704e-05
2.000000000000000000e+00,2.543354300215602937e+00,6.450100326973346734e-05
2.000000000000000000e+00,2.546802399089612923e+00,6.180469506497433309e-05
2.000000000000000000e+00,2.550249368695818752e+00,6.929155936716956544e-05
2.000000000000000000e+00,2.553695161844585115e+00,1.055521595683558381e-04
2.000000000000000000e+00,2.557145005160321727e+00,7.872420860424336308e-05
2.000000000000000000e+00,2.560593605407676776e+00,1.169616932031717786e-04
2.000000000000000000e+00,2.564040914759595946e+00,9.784590699736035084e-05
2.000000000000000000e+00,2.567486885162802768e+00,3.956872227967719521e-04
2.000000000000000000e+00,2.570936799422715247e+00,4.118914507935836724e-04
2.000000000000000000e+00,2.574385306550782015e+00,7.960735196312664075e-04
2.000000000000000000e+00,2.577832357857054557e+00,9.154280837801139544e-04
2.000000000000000000e+00,2.581277904426420466e+00,1.020251587747683869e-03
2.000000000000000000e+00,2.584727285548704678e+00,1.104551951607592262e-03
2.000000000000000000e+00,2.588175092177919190e+00,6.727551584762279414e-04
2.000000000000000000e+00,2.591621274763594496e+00,1.258204908659224107e-04
2.000000000000000000e+00,2.595071215175571933e+00,1.304630111024481312e-04
2.000000000000000000e+00,2.598519460637897627e+00,6.091748956305762734e-05
2.000000000000000000e+00,2.601965960965542113e+00,6.084931723386440775e-05
2.000000000000000000e+00,2.605416140786058765e+00,3.891931610271301325e-05
2.000000000000000000e+00,2.608864503415107450e+00,3.946444539923673928e-05
2.000000000000000000e+00,2.612310998034201415e+00,3.841314369756006951e-05
2.000000000000000000e+00,2.615761092202567806e+00,3.864493696263671379e-05
2.000000000000000000e+00,2.619203711994529726e+00,3.748079024544809950e-05
2.000000000000000000e+00,2.622655405435940335e+00,2.991041286124863035e-05
2.000000000000000000e+00,2.626099521378967960e+00,2.885013765134423802e-05
2.000000000000000000e+00,2.629552694960589410e+00,2.982909362951620397e-05
2.000000000000000000e+00,2.632998187102616683e+00,2.849130360445023720e-05
2.000000000000000000e+00,2.636447114066393205e+00,2.657007849078414546e-05
2.000000000000000000e+00,2.639893846415254153e+00,2.788752838615418591e-05
2.000000000000000000e+00,2.643343967039275100e+00,2.696207412960771249e-05
2.000000000000000000e+00,2.646791816810129649e+00,2.949473935683200986e-05
2.000000000000000000e+00,2.650237342610351821e+00,2.139201076169599245e-05
2.000000000000000000e+00,2.653686170889210771e+00,2.940691652011859756e-05
2.000000000000000000e+00,2.657132597811020958e+00,3.482358029008277890e-05
2.000000000000000000e+00,2.660582278976152182e+00,3.304761036180207240e-05
2.000000000000000000e+00,2.664029480667215122e+00,3.040687801739875979e-05
2.000000000000000000e+00,2.667474148734945150e+00,3.623195772161898285e-05
2.000000000000000000e+00,2.670921982619566037e+00,3.352176422895274441e-05
2.000000000000000000e+00,2.674372972301618745e+00,3.931292803805625272e-05
2.000000000000000000e+00,2.677821324074959541e+00,3.230398913191704431e-05
2.000000000000000000e+00,2.681266982978278257e+00,3.337223766445123461e-05
2.000000000000000000e+00,2.684715707224760273e+00,3.993948059646704012e-05
2.000000000000000000e+00,2.688161657879166277e+00,3.551793455020313314e-05
2.000000000000000000e+00,2.691610622648888285e+00,3.449754016473477827e-05
2.000000000000000000e+00,2.695056732375022968e+00,2.072607686614383912e-05
2.000000000000000000e+00,2.698505804337753666e+00,3.030337552398376660e-05
2.000000000000000000e+00,2.701951939076299603e+00,3.159610715837601793e-05
2.000000000000000000e+00,2.705400983521141445e+00,2.035019550607137438e-05
2.000000000000000000e+00,2.708852926222422131e+00,2.441910823823158742e-05
2.000000000000000000e+00,2.712295888667945576e+00,2.973295501936260905e-05
2.000000000000000000e+00,2.715747614288411160e+00,1.685019422689239163e-05
2.000000000000000000e+00,2.719196209159163047e+00,2.533895216889030035e-05
2.000000000000000000e+00,2.722641615900502465e+00,3.055545201475000589e-05
2.000000000000000000e+00,2.726089770873740825e+00,1.919387706732581723e-05
2.000000000000000000e+00,2.729534652626857572e+00,3.376409164958777786e-05
2.000000000000000000e+00,2.732982227470418746e+00,3.731947858539437051e-05
2.000000000000000000e+00,2.736432482794700860e+00,2.888971373354255794e-05
2.000000000000000000e+00,2.739879351122726181e+00,5.305718696429478497e-05
2.000000000000000000e+00,2.743328843875850076e+00,7.981544224043910082e-05
2.000000000000000000e+00,2.746774862770038350e+00,6.871133389271707722e-05
2.000000000000000000e+00,2.750223449379463503e+00,2.646109628906460442e-04
2.000000000000000000e+00,2.753674590409778578e+00,3.839222778030719160e-04
2.000000000000000000e+00,2.757122141249363612e+00,3.350098978770849555e-04
2.000000000000000000e+00,2.760566042340017567e+00,3.547789680508568527e-04
2.000000000000000000e+00,2.764018557693985745e+00,1.933045403598387339e-04
2.000000000000000000e+00,2.767461187731447669e+00,4.284582275290209027e-05
2.000000000000000000e+00,2.770912404166737897e+00,4.542904952456640880e-05
2.000000000000000000e+00,2.774359822892734417e+00,3.342671318560279305e-05
2.000000000000000000e+00,2.777809606916736840e+00,3.018168975293503321e-05
2.000000000000000000e+00,2.781255502836574856e+00,2.029771356505249025e-05
2.000000000000000000e+00,2.784703704199829932e+00,2.497104114825560834e-05
2.000000000000000000e+00,2.788147926347539496e+00,2.921026756266093086e-05
2.000000000000000000e+00,2.791600678922760981e+00,1.502768766846363606e-05
2.000000000000000000e+00,2.795043090476260428e+00,2.262067368299855034e-05
2.000000000000000000e+00,2.798494002406115122e+00,2.486322674231811682e-05
2.000000000000000000e+00,2.801940781868234698e+00,2.580429897371915298e-05
2.000000000000000000e+00,2.805389714519748168e+00,1.934923359725435719e-05
2.000000000000000000e+00,2.808834421514795121e+00,2.435282343435291299e-05
2.000000000000000000e+00,2.812287598345081019e+00,2.876180848384390996e-05
2.000000000000000000e+00,2.815730092254171701e+00,1.514897376867140136e-05
2.000000000000000000e+00,2.819181024339006303e+00,1.839877933422832506e-05
2.000000000000000000e+00,2.822627573601432349e+00,2.549750026550976967e-05
2.000000000000000000e+00,2.826076118509744717e+00,2.787263665937612144e-05
2.000000000000000000e+00,2.829526642776947210e+00,1.967763960226315254e-05
2.000000000000000000e+00,2.832972656803320000e+00,1.698244514657911420e-05
2.000000000000000000e+00,2.836420585731449506e+00,3.167665490675922104e-05
2.000000000000000000e+00,2.839870412869007765e+00,2.792134017158472034e-05
2.000000000000000000e+00,2.843315600857695635e+00,2.409678773609313278e-05
2.000000000000000000e+00,2.846762621679029603e+00,1.827915596078563297e-05
2.000000000000000000e+00,2.850211458234488848e+00,3.659671235464694971e-05
2.000000000000000000e+00,2.853662093317443027e+00,3.091777274667104308e-05
2.000000000000000000e+00,2.857107925641209079e+00,2.356773144397394170e-05
2.000000000000000000e+00,2.860555489925645567e+00,2.328146207294242521e-05
2.000000000000000000e+00,2.864004768556617453e+00,2.240582294469774515e-05
2.000000000000000000e+00,2.867449112092238739e+00,3.727208014197015256e-05
2.000000000000000000e+00,2.870901750158041832e+00,3.586553804468048791e-05
2.000000000000000000e+00,2.874349385371875787e+00,2.961931183317182862e-05
2.000000000000000000e+00,2.877791951674792958e+00,2.247609214647710056e-05
2.000000000000000000e+00,2.881242774088754732e+00,8.137998680349934179e-05
2.000000000000000000e+00,2.884688458919366205e+00,8.852023034543570466e-05
2.000000000000000000e+00,2.888135667272326401e+00,7.221699879284788144e-05
2.000000000000000000e+00,2.891584380497048912e+00,2.895636199379712233e-05
2.000000000000000000e+00,2.895034579832586275e+00,1.240881213602067912e-05
2.000000000000000000e+00,2.898479470380316503e+00,9.720121855725246220e-06
2.000000000000000000e+00,2.901925776907095411e+00,1.974956871640756875e-05
2.000000000000000000e+00,2.905373480242120277e+00,1.809848535380152032e-05
2.000000000000000000e+00,2.908822561103622473e+00,2.401417845008999550e-05
2.000000000000000000e+00,2.912273000098660081e+00,1.379024908313138071e-05
2.000000000000000000e+00,2.915717920856395917e+00,2.003620495332522866e-05
2.000000000000000000e+00,2.919171001243166863e+00,5.482333240655825902e-05
2.000000000000000000e+00,2.922618491529225704e+00,9.110524475394752642e-05
2.000000000000000000e+00,2.926067228665903297e+00,6.430180701252011667e-05
2.000000000000000000e+00,2.929510270735431021e+00,7.957740144852691459e-05
2.000000000000000000e+00,2.932961425061571425e+00,2.973186283778890242e-05
2.000000000000000000e+00,2.936406811276298434e+00,1.954839209631856488e-05
2.000000000000000000e+00,2.939853330832565170e+00,1.532207363275428906e-05
2.000000000000000000e+00,2.943300963180315755e+00,1.864662476547764808e-05
2.000000000000000000e+00,2.946749687657017613e+00,1.773231263182087171e-05
2.000000000000000000e+00,2.950199483487491392e+00,3.236460001878655222e-05
2.000000000000000000e+00,2.953643293379428769e+00,1.010015459933465674e-04
2.000000000000000000e+00,2.957095152684269479e+00,1.175778801400386526e-04
2.000000000000000000e+00,2.960540951008748145e+00,5.779803518902146048e-05
2.000000000000000000e+00,2.963987703458273337e+00,2.283703664076010617e-05
2.000000000000000000e+00,2.967435388620835557e+00,1.583083078475780393e-05
2.000000000000000000e+00,2.970883984971168346e+00,2.339092861633627673e-05
2.000000000000000000e+00,2.974333470870613727e+00,2.066294541761030067e-05
2.000000000000000000e+00,2.977783824566972548e+00,2.226786041341332004e-05
2.000000000000000000e+00,2.981227855747897504e+00,1.765669550617499306e-05
2.000000000000000000e+00,2.984679862716122845e+00,2.109330273840490430e-05
2.000000000000000000e+00,2.988125469863089467e+00,1.792473014504001645e-05
2.000000000000000000e+00,2.991571823358956106e+00,1.924087039449677789e-05
2.000000000000000000e+00,2.995018900813596119e+00,2.031505964848024466e-05
2.000000000000000000e+00,2.998466679722951778e+00,2.091858847572266875e-05
2.000000000000000000e+00,3.001915137468924577e+00,2.268703190745345022e-05
2.000000000000000000e+00,3.005364251319263325e+00,3.201874933718940280e-05
2.000000000000000000e+00,3.008813998427458003e+00,7.424394138961200253e-05
2.000000000000000000e+00,3.012257037388338610e+00,1.593926609627393013e-04
2.000000000000000000e+00,3.015707965237110155e+00,1.375893262900272239e-04
2.000000000000000000e+00,3.019152105109111695e+00,1.055429155940832439e-04
2.000000000000000000e+00,3.022604120851319909e+00,2.445718062857167677e-05
2.000000000000000000e+00,3.026049268242209322e+00,2.379764861781552362e-05
2.000000000000000000e+00,3.029502278114438507e+00,1.523307435195360295e-05
2.000000000000000000e+00,3.032948338715878656e+00,1.386294251433030699e-05
2.000000000000000000e+00,3.036394811834639107e+00,1.038998119524014582e-05
2.000000000000000000e+00,3.039841673528437926e+00,1.287220923443183816e-05
2.000000000000000000e+00,3.043288899740312470e+00,9.989428587253588177e-06
2.000000000000000000e+00,3.046736466298560764e+00,1.019693727744122386e-05
2.000000000000000000e+00,3.050184348916684218e+00,9.774032529068006246e-06
2.000000000000000000e+00,3.053632523193331227e+00,1.218044909782184642e-05
2.000000000000000000e+00,3.057080964612250096e+00,8.380066501980405018e-06
2.000000000000000000e+00,3.060529648542242853e+00,1.015597906160922422e-05
2.000000000000000000e+00,3.063978550237123955e+00,9.076840397819835532e-06
2.000000000000000000e+00,3.067427644835680312e+00,1.120161200384971980e-05
2.000000000000000000e+00,3.070869301342692204e+00,8.598696426156806017e-06
2.000000000000000000e+00,3.074318689607980826e+00,9.024830960369537654e-06
2.000000000000000000e+00,3.077768195483054026e+00,8.884819374696933857e-06
2.000000000000000000e+00,3.081217793646421566e+00,1.198123818786978879e-05
2.000000000000000000e+00,3.084667458661439099e+00,8.144102772947341956e-06
2.000000000000000000e+00,3.088109473315589160e+00,1.026978995288559697e-05
2.000000000000000000e+00,3.091559178069081870e+00,1.032847592347405162e-05
2.000000000000000000e+00,3.095008872654115173e+00,8.693257992968751085e-06
2.000000000000000000e+00,3.098458531173472696e+00,1.010258663473938783e-05
3.000000000000000000e+00,1.033201653610002380e+00,6.645585468964368785e-06
3.000000000000000000e+00,1.036648509905437887e+00,6.775944377061147455e-06
3.000000000000000000e+00,1.040100990178184137e+00,9.805795969746098259e-06
3.000000000000000000e+00,1.043541409744891402e+00,5.606291869449716950e-06
3.000000000000000000e+00,1.046995823585744390e+00,9.162364526827945909e-06
3.000000000000000000e+00,1.050437583628032190e+00,6.435144871979665187e-05
3.000000000000000000e+00,1.053893087902487924e+00,2.699762563070237125e-05
3.000000000000000000e+00,1.057335332576050613e+00,9.796146496904419644e-06
3.000000000000000000e+00,1.060781985225874857e+00,1.628530672121654809e-05
3.000000000000000000e+00,1.064232911590460740e+00,1.314722911129412999e-05
3.000000000000000000e+00,1.067678780910228387e+00,1.081219299543025092e-05
3.000000000000000000e+00,1.071128529629983950e+00,1.607445228368249322e-05
3.000000000000000000e+00,1.074572702662508927e+00,1.452990559437950228e-05
3.000000000000000000e+00,1.078020349646558129e+00,1.919548925579559427e-05
3.000000000000000000e+00,1.081471323690731845e+00,2.098520785176042388e-05
3.000000000000000000e+00,1.084915982089606823e+00,1.485070977039204882e-05
3.000000000000000000e+00,1.088363545999756488e+00,2.999989965464684298e-05
3.000000000000000000e+00,1.091813861050743073e+00,2.465109858117540698e-05
3.000000000000000000e+00,1.095266770611309948e+00,2.771222986326430900e-05
3.000000000000000000e+00,1.098712379221057800e+00,4.697399645889578309e-05
3.000000000000000000e+00,1.102160139682824225e+00,4.678462512956938412e-05
3.000000000000000000e+00,1.105609887848336026e+00,8.491317444654576901e-05
3.000000000000000000e+00,1.109051536618574252e+00,2.006146353012817972e-04
3.000000000000000000e+00,1.112504696742819599e+00,7.708397443958812500e-04
3.000000000000000000e+00,1.115949293740889248e+00,7.346050087917444828e-03
3.000000000000000000e+00,1.119395074333696893e+00,1.768113712876345171e-03
3.000000000000000000e+00,1.122841862282197400e+00,2.563024379367923804e-04
3.000000000000000000e+00,1.126289479053798503e+00,1.462427539160974523e-04
3.000000000000000000e+00,1.129737743819367202e+00,7.359607981922050611e-05
3.000000000000000000e+00,1.133186473450812359e+00,1.114372677517032795e-04
3.000000000000000000e+00,1.136635482519254392e+00,1.121069277417999146e-04
3.000000000000000000e+00,1.140084583293795584e+00,8.426436104574812661e-05
3.000000000000000000e+00,1.143533585740903691e+00,2.241415896471146306e-04
3.000000000000000000e+00,1.146982297524425265e+00,4.543395481008716025e-04
3.000000000000000000e+00,1.150430524006237798e+00,2.541847711921108944e-04
3.000000000000000000e+00,1.153878068247559563e+00,2.266237794634704547e-04
3.000000000000000000e+00,1.157324731010923813e+00,3.248661093224801052e-03
3.000000000000000000e+00,1.160770310762838431e+00,3.953936391707260287e-03
3.000000000000000000e+00,1.164214603677135917e+00,1.488253443397175371e-02
3.000000000000000000e+00,1.167668400497266612e+00,7.432648338369030050e-02
3.000000000000000000e+00,1.171120625998415488e+00,8.761737347377412943e-01
3.000000000000000000e+00,1.174559942715855509e+00,9.848265272016593075e-02
3.000000000000000000e+00,1.178008327235415598e+00,2.187375753724261560e-02
3.000000000000000000e+00,1.181454502803455542e+00,7.716614942420559238e-03
3.000000000000000000e+00,1.184909576371423467e+00,5.176954933123899434e-03
3.000000000000000000e+00,1.188350746486732668e+00,2.747412126229436917e-03
3.000000000000000000e+00,1.191800505937655741e+00,2.155731281657264058e-03
3.000000000000000000e+00,1.195247307296760431e+00,1.687543679215757755e-03
3.000000000000000000e+00,1.198702514049813317e+00,1.160913942003554767e-03
3.000000000000000000e+00,1.202142786545922659e+00,1.048732940510135403e-03
3.000000000000000000e+00,1.205591140043370535e+00,8.383467985995099936e-04
3.000000000000000000e+00,1.209035753336976438e+00,2.782344470542978026e-04
3.000000000000000000e+00,1.212488249424975351e+00,3.542220901663898280e-04
3.000000000000000000e+00,1.215936669411375126e+00,1.968889071579486567e-04
3.000000000000000000e+00,1.219380774928699340e+00,3.737486045494959268e-05
3.000000000000000000e+00,1.222832385844900394e+00,2.593172571378029505e-05
3.000000000000000000e+00,1.226279334888139783e+00,3.155695476056253555e-05
3.000000000000000000e+00,1.229733574350838854e+00,2.757096292507638802e-05
3.000000000000000000e+00,1.233170531755207078e+00,1.845680536395402096e-05
3.000000000000000000e+00,1.236626754769601710e+00,2.053428583286474898e-05
3.000000000000000000e+00,1.240071397540547737e+00,1.728434820046872875e-05
3.000000000000000000e+00,1.243519070222651068e+00,8.749886092275112722e-06
3.000000000000000000e+00,1.246967154653694010e+00,9.067548500034174571e-06
3.000000000000000000e+00,1.250415497781240726e+00,1.039340046461820475e-05
3.000000000000000000e+00,1.253862676783799035e+00,7.311096175339502209e-06
3.000000000000000000e+00,1.257311064258814781e+00,7.872605421323685055e-06
3.000000000000000000e+00,1.260759240897736833e+00,8.098301224029536279e-06
3.000000000000000000e+00,1.264207046743897722e+00,6.711834764658012627e-06
3.000000000000000000e+00,1.267654320115332967e+00,6.679166566498256533e-06
3.000000000000000000e+00,1.271102200755174660e+00,6.179894445106874358e-06
3.000000000000000000e+00,1.274550544767100169e+00,6.086276398742783314e-06
3.000000000000000000e+00,1.277997889315403368e+00,5.348766988837071453e-06
3.000000000000000000e+00,1.281445390375948179e+00,1.030516562457006742e-05
3.000000000000000000e+00,1.284894230744600740e+00,5.038606834509167957e-05
3.000000000000000000e+00,1.288341604015153186e+00,9.018506839751694369e-06
3.000000000000000000e+00,1.291790028539698154e+00,6.562394782569948960e-06
3.000000000000000000e+00,1.295236666066327702e+00,4.564649064918548350e-06
3.000000000000000000e+00,1.298685420746003905e+00,5.535341496195922043e-06
3.000000000000000000e+00,1.302133444027384623e+00,4.833962073090391721e-06
3.000000000000000000e+00,1.305580577574009249e+00,6.197872273177551755e-06
3.000000000000000000e+00,1.309028043515950923e+00,6.080352982962858945e-06
3.000000000000000000e+00,1.312477091531541129e+00,6.696715187020721720e-06
3.000000000000000000e+00,1.315924809014811903e+00,5.743306980392126325e-06
3.000000000000000000e+00,1.319372435363264984e+00,7.340389778013683853e-06
3.000000000000000000e+00,1.322819826402583887e+00,9.301765102742906623e-06
3.000000000000000000e+00,1.326268255180863553e+00,7.011667158460839934e-06
3.000000000000000000e+00,1.329716170585721002e+00,1.198530462102999087e-05
3.000000000000000000e+00,1.333163424012906217e+00,1.566283959322551335e-05
3.000000000000000000e+00,1.336611306296568102e+00,2.157306099025894678e-05
3.000000000000000000e+00,1.340059688171604257e+00,5.791307562413987059e-05
3.000000000000000000e+00,1.343506983152011891e+00,2.350924555475825172e-04
3.000000000000000000e+00,1.346954500088000994e+00,8.783173849857840157e-04
3.000000000000000000e+00,1.350402105514702633e+00,9.588866584647103225e-05
3.000000000000000000e+00,1.353851142929214824e+00,3.468843019898620666e-05
3.000000000000000000e+00,1.357298526959496821e+00,1.092580491803996716e-05
3.000000000000000000e+00,1.360745590822140638e+00,8.006661002646983801e-06
3.000000000000000000e+00,1.364193696547052692e+00,7.754353277592520357e-06
3.000000000000000000e+00,1.367641217942653808e+00,7.151815810839154099e-06
3.000000000000000000e+00,1.371089529547983243e+00,4.988490095576377900e-06
3.000000000000000000e+00,1.374536987331586912e+00,6.116085563023918537e-06
3.000000000000000000e+00,1.377984978418452577e+00,6.645089167686342648e-06
3.000000000000000000e+00,1.381433380054019500e+00,4.693424154435714578e-06
3.000000000000000000e+00,1.384880521330998038e+00,4.915669585372071399e-06
3.000000000000000000e+00,1.388329363024976004e+00,8.049794799133907304e-06
3.000000000000000000e+00,1.391776677059926470e+00,2.447541014901372255e-05
3.000000000000000000e+00,1.395223882448662689e+00,1.047439477470619925e-05
3.000000000000000000e+00,1.398672427899403159e+00,1.138848171289070008e-05
3.000000000000000000e+00,1.402120620734581768e+00,8.380466627969501014e-06
3.000000000000000000e+00,1.405568329339426548e+00,8.942177039405779549e-06
3.000000000000000000e+00,1.409015420834496490e+00,1.640464404657757179e-05
3.000000000000000000e+00,1.412463370193455470e+00,3.884268919801662806e-05
3.000000000000000000e+00,1.415912065601631076e+00,7.452520534121371393e-05
3.000000000000000000e+00,1.419359769223903056e+00,3.270344711018196909e-05
3.000000000000000000e+00,1.422807976006567054e+00,1.990413336000516567e-05
3.000000000000000000e+00,1.426254929928600923e+00,1.909938915068785795e-05
3.000000000000000000e+00,1.429702139328395516e+00,2.013045351786153548e-05
3.000000000000000000e+00,1.433151143120694249e+00,2.555843735813939806e-05
3.000000000000000000e+00,1.436598517255286867e+00,2.938604376921781643e-05
3.000000000000000000e+00,1.440045790386240032e+00,3.369276514619272449e-05
3.000000000000000000e+00,1.443494521975932976e+00,5.948328608467411127e-05
3.000000000000000000e+00,1.446941236582872659e+00,9.166789269916001065e-05
3.000000000000000000e+00,1.450389180041976367e+00,1.672201464339443853e-04
3.000000000000000000e+00,1.453838251996353970e+00,6.442143072460909236e-04
3.000000000000000000e+00,1.457284925324613400e+00,3.222372127712147104e-03
3.000000000000000000e+00,1.460734211847596109e+00,5.783570020181210032e-03
3.000000000000000000e+00,1.464180845048669521e+00,1.950070230418705312e-03
3.000000000000000000e+00,1.467629883251738487e+00,7.742637066251206908e-04
3.000000000000000000e+00,1.471077754388882219e+00,4.330202484465283221e-04
3.000000000000000000e+00,1.474524327200595009e+00,2.911229505242784229e-04
3.000000000000000000e+00,1.477972992957279574e+00,7.100083821403283153e-04
3.000000000000000000e+00,1.481420127337121695e+00,9.719085853334501722e-04
3.000000000000000000e+00,1.484867374063010059e+00,1.372310489696990489e-03
3.000000000000000000e+00,1.488316408777387689e+00,4.677549768110689232e-03
3.000000000000000000e+00,1.491763554618141141e+00,1.991221513205022366e-03
3.000000000000000000e+00,1.495212280069660338e+00,4.290372784677593280e-04
3.000000000000000000e+00,1.498658873048627660e+00,1.873344863257239441e-03
3.000000000000000000e+00,1.502106833194010616e+00,2.387328390784343099e-02
3.000000000000000000e+00,1.505556069478128256e+00,1.184726644638687230e-02
3.000000000000000000e+00,1.509002816756937371e+00,5.454315626063404622e-03
3.000000000000000000e+00,1.512450621747667645e+00,2.894809666832919536e-03
3.000000000000000000e+00,1.515899390545454084e+00,1.903275278913233717e-03
3.000000000000000000e+00,1.519347166463247412e+00,1.218852195065883888e-03
3.000000000000000000e+00,1.522793828376461489e+00,1.075326185872118624e-03
3.000000000000000000e+00,1.526243011725259224e+00,9.130379561708280682e-04
3.000000000000000000e+00,1.529690869705549572e+00,2.608143866621758563e-04
3.000000000000000000e+00,1.533137278200958908e+00,2.509488330984197013e-04
3.000000000000000000e+00,1.536585920764031554e+00,2.308080918077373461e-04
3.000000000000000000e+00,1.540032896726395206e+00,6.820155096382319606e-05
3.000000000000000000e+00,1.543481921944640289e+00,8.766867470404864115e-05
3.000000000000000000e+00,1.546929059686635410e+00,1.082943338742325858e-04
3.000000000000000000e+00,1.550378058269135995e+00,9.255399950991891555e-05
3.000000000000000000e+00,1.553824944740700653e+00,1.599297284463228809e-04
3.000000000000000000e+00,1.557273500031404190e+00,4.393516443355415348e-05
3.000000000000000000e+00,1.560719714820170578e+00,1.331964927963273791e-05
3.000000000000000000e+00,1.564169376134801448e+00,1.886546203225087121e-05
3.000000000000000000e+00,1.567616482214771345e+00,1.532501816466170982e-05
3.000000000000000000e+00,1.571064879731063568e+00,1.088446300851241618e-05
3.000000000000000000e+00,1.574512485738055023e+00,1.275134587752235640e-05
3.000000000000000000e+00,1.577959189706325427e+00,1.327228337766229942e-05
3.000000000000000000e+00,1.581406897256678379e+00,2.493766383251604826e-05
3.000000000000000000e+00,1.584855522432401909e+00,4.509132595246065280e-05
3.000000000000000000e+00,1.588302943772037290e+00,2.918251355391578242e-05
3.000000000000000000e+00,1.591751090722121287e+00,1.477207772293096953e-05
3.000000000000000000e+00,1.595199874853490352e+00,1.692564150254276874e-05
3.000000000000000000e+00,1.598647145641136191e+00,1.503336776626219322e-05
3.000000000000000000e+00,1.602094856532214617e+00,9.407650037125258881e-06
3.000000000000000000e+00,1.605542916622857419e+00,9.718771797038040349e-06
3.000000000000000000e+00,1.608991234204249388e+00,1.337759448586972564e-05
3.000000000000000000e+00,1.612437619754361506e+00,7.270498811108660903e-06
3.000000000000000000e+00,1.615886164989974283e+00,7.468500640005111354e-06
3.000000000000000000e+00,1.619334687738118284e+00,1.231689372537420282e-05
3.000000000000000000e+00,1.622780969070306334e+00,1.026739456277187287e-05
3.000000000000000000e+00,1.626229152209530238e+00,1.494253178430819863e-05
3.000000000000000000e+00,1.629677025633883947e+00,4.724444056458253390e-05
3.000000000000000000e+00,1.633124491996673866e+00,1.196805702320645628e-04
3.000000000000000000e+00,1.636573613397329652e+00,1.331352434071512514e-04
3.000000000000000000e+00,1.640019979486558865e+00,7.960719321638634344e-05
3.000000000000000000e+00,1.643467820155198433e+00,2.642041967811417489e-05
3.000000000000000000e+00,1.646917062285312650e+00,2.193782476651271211e-05
3.000000000000000000e+00,1.650365435255503277e+00,2.427136948931118550e-05
3.000000000000000000e+00,1.653812836999978275e+00,1.355742926536732744e-05
3.000000000000000000e+00,1.657259164650972227e+00,1.391381912301699794e-05
3.000000000000000000e+00,1.660708763407247712e+00,1.954139751260906675e-05
3.000000000000000000e+00,1.664154883215130942e+00,1.227315404039431058e-05
3.000000000000000000e+00,1.667604119953681518e+00,1.353435675296002311e-05
3.000000000000000000e+00,1.671051918830441796e+00,2.404023055051214989e-05
3.000000000000000000e+00,1.674498173121963029e+00,1.998782326840377679e-05
3.000000000000000000e+00,1.677947317015475281e+00,2.743577136448440614e-05
3.000000000000000000e+00,1.681394737827663022e+00,5.269782569388218441e-05
3.000000000000000000e+00,1.684842616095019174e+00,4.928568153718631932e-05
3.000000000000000000e+00,1.688290870128017263e+00,6.745300613134843270e-05
3.000000000000000000e+00,1.691739417547214908e+00,1.485568272578580737e-04
3.000000000000000000e+00,1.695185857520615125e+00,1.023050280704789963e-04
3.000000000000000000e+00,1.698634732372025002e+00,1.133834522121366284e-04
3.000000000000000000e+00,1.702081312653158873e+00,1.016585012542018908e-04
3.000000000000000000e+00,1.705530177056598928e+00,8.694013336589789245e-05
3.000000000000000000e+00,1.708976556927202850e+00,6.909363893000221909e-05
3.000000000000000000e+00,1.712425067479531160e+00,4.926224106345987398e-05
3.000000000000000000e+00,1.715873275371869733e+00,4.328019308138501971e-05
3.000000000000000000e+00,1.719321092701248777e+00,4.244191596810637852e-05
3.000000000000000000e+00,1.722768430874836998e+00,4.811053640695227480e-05
3.000000000000000000e+00,1.726217603999769867e+00,5.002057573233069159e-05
3.000000000000000000e+00,1.729663724931680191e+00,5.282325067591181012e-05
3.000000000000000000e+00,1.733111519436391523e+00,5.562114460616597816e-05
3.000000000000000000e+00,1.736560925105470776e+00,8.527940609978653763e-05
3.000000000000000000e+00,1.740006995062806538e+00,1.922114205128088392e-04
3.000000000000000000e+00,1.743456962527776044e+00,1.858539860350758390e-04
3.000000000000000000e+00,1.746903408349857356e+00,1.054476803826987440e-04
3.000000000000000000e+00,1.750351151541850170e+00,7.816519174925795925e-05
3.000000000000000000e+00,1.753800126646169133e+00,7.692388704498193705e-05
3.000000000000000000e+00,1.757247777056210269e+00,7.688208903406160404e-05
3.000000000000000000e+00,1.760694006816462265e+00,9.701531825443603443e-05
3.000000000000000000e+00,1.764143739596276683e+00,1.296026361848198684e-04
3.000000000000000000e+00,1.767591897027504633e+00,1.531286986233122650e-04
3.000000000000000000e+00,1.771038381196035516e+00,9.985872053602429699e-05
3.000000000000000000e+00,1.774485633181389410e+00,6.643979749508344493e-05
3.000000000000000000e+00,1.777933583325450151e+00,4.731103360006192295e-05
3.000000000000000000e+00,1.781382161396555475e+00,3.723051708798010798e-05
3.000000000000000000e+00,1.784828727214625488e+00,2.900039667422629649e-05
3.000000000000000000e+00,1.788278338206535700e+00,2.941904127856612031e-05
3.000000000000000000e+00,1.791725773693539692e+00,4.179116883745392593e-05
3.000000000000000000e+00,1.795173530458859412e+00,6.975731043298822416e-05
3.000000000000000000e+00,1.798621535336541122e+00,5.691091757755394574e-05
3.000000000000000000e+00,1.802069714585547544e+00,2.317364203518140105e-05
3.000000000000000000e+00,1.805517993889585338e+00,2.784918585616449427e-05
3.000000000000000000e+00,1.808963659025256465e+00,2.591811564282150916e-05
3.000000000000000000e+00,1.812411903117165268e+00,8.431268791680215777e-06
3.000000000000000000e+00,1.815860020844046963e+00,1.675790443903263851e-05
3.000000000000000000e+00,1.819307935588295067e+00,1.546444033783512685e-05
3.000000000000000000e+00,1.822755570157104321e+00,7.307514722240870504e-06
3.000000000000000000e+00,1.826202846782678746e+00,1.804635090107629248e-05
3.000000000000000000e+00,1.829652387162471028e+00,1.526817872029154671e-05
3.000000000000000000e+00,1.833098722480798193e+00,1.237627064658528708e-05
3.000000000000000000e+00,1.836547183550738982e+00,1.018315623596675420e-05
3.000000000000000000e+00,1.839994990319506529e+00,8.795792049840980034e-06
3.000000000000000000e+00,1.843442062200313369e+00,9.077321648255225498e-06
3.000000000000000000e+00,1.846891069191275658e+00,8.874817422619419969e-06
3.000000000000000000e+00,1.850339198957712483e+00,5.642771238465811854e-06
3.000000000000000000e+00,1.853786369243562770e+00,1.000275773726773237e-05
3.000000000000000000e+00,1.857235279282900109e+00,1.240979428435995447e-05
3.000000000000000000e+00,1.860683084283182076e+00,5.307722834908422137e-06
3.000000000000000000e+00,1.864129700321005778e+00,2.720366048956652637e-05
3.000000000000000000e+00,1.867577856036589212e+00,4.118593309975010838e-05
3.000000000000000000e+00,1.871024674010875577e+00,5.243722447122264890e-05
3.000000000000000000e+00,1.874472902601166835e+00,1.558137082267762230e-04
3.000000000000000000e+00,1.877922486946779213e+00,2.082364699810937728e-04
3.000000000000000000e+00,1.881370516884421695e+00,9.331297698434150799e-05
3.000000000000000000e+00,1.884816905210515037e+00,2.191140894860323703e-04
3.000000000000000000e+00,1.888264439954679741e+00,6.023454605966086037e-05
3.000000000000000000e+00,1.891713064297456004e+00,7.701348704911978782e-05
3.000000000000000000e+00,1.895159824112871982e+00,2.879282600684545767e-04
3.000000000000000000e+00,1.898607537409636503e+00,3.054828110174784219e-04
3.000000000000000000e+00,1.902056145930849373e+00,5.891085605382387347e-04
3.000000000000000000e+00,1.905505590961838802e+00,9.018374767081178099e-04
3.000000000000000000e+00,1.908952874159341784e+00,1.772676356597464604e-04
3.000000000000000000e+00,1.912400853798377653e+00,2.767642628027963247e-04
3.000000000000000000e+00,1.915846509287635779e+00,1.527043479647940028e-04
3.000000000000000000e+00,1.919295690217159400e+00,6.121481998148108506e-05
3.000000000000000000e+00,1.922742403939026623e+00,2.249483785575038543e-04
3.000000000000000000e+00,1.926192541782736134e+00,1.064536892578015013e-04
3.000000000000000000e+00,1.929640067440181683e+00,2.386650133637680654e-04
3.000000000000000000e+00,1.933087900183826591e+00,1.046198582418287563e-03
3.000000000000000000e+00,1.936535977039756551e+00,8.366216686818164728e-04
3.000000000000000000e+00,1.939981199079960472e+00,1.086273586492209195e-03
3.000000000000000000e+00,1.943429562597383642e+00,1.054912406823314917e-03
3.000000000000000000e+00,1.946877978525087372e+00,4.363983171685550965e-04
3.000000000000000000e+00,1.950326382048422236e+00,2.834680279124210086e-04
3.000000000000000000e+00,1.953774707892369067e+00,4.527665607162688886e-04
3.000000000000000000e+00,1.957222890321566267e+00,4.715344203926040038e-05
3.000000000000000000e+00,1.960670863140387077e+00,1.847514953905449446e-04
3.000000000000000000e+00,1.964118559693055932e+00,7.448813571900425438e-05
3.000000000000000000e+00,1.967565912863812327e+00,8.383767585575745802e-05
3.000000000000000000e+00,1.971012855077121984e+00,1.213244324436633633e-04
3.000000000000000000e+00,1.974462462646853878e+00,5.578485853315170230e-05
3.000000000000000000e+00,1.977908389365796271e+00,1.221714950155350116e-04
3.000000000000000000e+00,1.981356866008052053e+00,1.286207521732852708e-04
3.000000000000000000e+00,1.984804678864102945e+00,3.090392118013787835e-05
3.000000000000000000e+00,1.988251758114388146e+00,4.153664904528182444e-05
3.000000000000000000e+00,1.991701232975213953e+00,1.791688217557561031e-05
3.000000000000000000e+00,1.995146644800939395e+00,1.429930160824645308e-05
3.000000000000000000e+00,1.998594332508543792e+00,2.124641489664855812e-05
3.000000000000000000e+00,2.002044257812201522e+00,6.119266176583621927e-06
3.000000000000000000e+00,2.005493138126538177e+00,5.370495352029352817e-06
3.000000000000000000e+00,2.008940900982242095e+00,1.933582110683337849e-05
3.000000000000000000e+00,2.012387473453392861e+00,1.290167738658050005e-05
3.000000000000000000e+00,2.015836059663349111e+00,4.254521024056305708e-05
3.000000000000000000e+00,2.019283330698162793e+00,2.147442436071686603e-05
3.000000000000000000e+00,2.022729212310859115e+00,4.109905572126350758e-05
3.000000000000000000e+00,2.026176941017666877e+00,4.939684791752919858e-05
3.000000000000000000e+00,2.029626475484230141e+00,1.960438819887018536e-05
3.000000000000000000e+00,2.033074440229836632e+00,1.595417838131771263e-05
3.000000000000000000e+00,2.036520759278852566e+00,4.907395099619121543e-05
3.000000000000000000e+00,2.039968712651890392e+00,3.450853848119342100e-05
3.000000000000000000e+00,2.043418257520000392e+00,6.231773794093427700e-05
3.000000000000000000e+00,2.046865971521828698e+00,3.694315679081580618e-05
3.000000000000000000e+00,2.050311776957185472e+00,3.842963346406131069e-05
3.000000000000000000e+00,2.053762399650157722e+00,1.372987866888377968e-04
3.000000000000000000e+00,2.057207589295852124e+00,1.204650694502989116e-04
3.000000000000000000e+00,2.060657507204084027e+00,1.721576475137436447e-04
3.000000000000000000e+00,2.064105270019382932e+00,2.791060129884135070e-04
3.000000000000000000e+00,2.067554245750138797e+00,3.392039804671666010e-04
3.000000000000000000e+00,2.071000929283012937e+00,7.851959049082638063e-04
3.000000000000000000e+00,2.074448710803403539e+00,4.346573276718090884e-04
3.000000000000000000e+00,2.077897543799790192e+00,3.456157730881438662e-04
3.000000000000000000e+00,2.081343887425238570e+00,1.688679576656469759e-03
3.000000000000000000e+00,2.084791165297932292e+00,1.369661221780015458e-03
3.000000000000000000e+00,2.088239329812072498e+00,5.093163255339473033e-03
3.000000000000000000e+00,2.091688333018982604e+00,3.451145766631810632e-03
3.000000000000000000e+00,2.095134586178464708e+00,2.267994354821604563e-03
3.000000000000000000e+00,2.098581557772516426e+00,2.658029462699490822e-03
3.000000000000000000e+00,2.102029198756936612e+00,5.044110911820743346e-04
3.000000000000000000e+00,2.105477459743749336e+00,4.773799767689050145e-04
3.000000000000000000e+00,2.108926291000885023e+00,8.742346905495011994e-05
3.000000000000000000e+00,2.112375642451898905e+00,1.419459774631511473e-04
3.000000000000000000e+00,2.115821852965775296e+00,3.472273751809745864e-04
3.000000000000000000e+00,2.119268458927962673e+00,1.144341012232317914e-04
3.000000000000000000e+00,2.122719043442534925e+00,1.781319951897467654e-04
3.000000000000000000e+00,2.126166298253410858e+00,1.329763785061453536e-04
3.000000000000000000e+00,2.129613793981704362e+00,1.506084928805124373e-04
3.000000000000000000e+00,2.133061478420649859e+00,1.895334690089475944e-04
3.000000000000000000e+00,2.136509299018463537e+00,4.724820979307824684e-05
3.000000000000000000e+00,2.139957202878268738e+00,3.052578875724145670e-05
3.000000000000000000e+00,2.143405136758036900e+00,1.537669465892107335e-05
3.000000000000000000e+00,2.146853047070562237e+00,1.183830772656798650e-05
3.000000000000000000e+00,2.150300879883457306e+00,2.321374577782974640e-05
3.000000000000000000e+00,2.153748580919182309e+00,1.006096676188906603e-05
3.000000000000000000e+00,2.157196095555092619e+00,1.294403977472303891e-05
3.000000000000000000e+00,2.160643368823523591e+00,1.636123180760203885e-05
3.000000000000000000e+00,2.164090345411897154e+00,2.230675961760766226e-05
3.000000000000000000e+00,2.167540759036654663e+00,5.598299197326135921e-05
3.000000000000000000e+00,2.170986987007442970e+00,2.808152666152967557e-05
3.000000000000000000e+00,2.174436563833112679e+00,3.674747829014565401e-05
3.000000000000000000e+00,2.177881817870748637e+00,3.630021055400635372e-05
3.000000000000000000e+00,2.181330331273712009e+00,2.962282561790545495e-05
3.000000000000000000e+00,2.184778233191368102e+00,5.248248191513253181e-05
3.000000000000000000e+00,2.188225465951995297e+00,2.643246165403032865e-05
3.000000000000000000e+00,2.191675845771210440e+00,1.995076256529194864e-05
3.000000000000000000e+00,2.195121578019079589e+00,2.634228413748864963e-05
3.000000000000000000e+00,2.198570364693557266e+00,2.608876657380172152e-05
3.000000000000000000e+00,2.202018272566464763e+00,2.833435046913306457e-05
3.000000000000000000e+00,2.205465242297680817e+00,4.377031469909874634e-05
3.000000000000000000e+00,2.208915149623194463e+00,3.804367906795633414e-05
3.000000000000000000e+00,2.212360075965002171e+00,5.046222916598788191e-05
3.000000000000000000e+00,2.215807844123076187e+00,4.502107792982186491e-05
3.000000000000000000e+00,2.219258430376216840e+00,3.266667892995280052e-05
3.000000000000000000e+00,2.222703841343263154e+00,3.637496479887150570e-05
3.000000000000000000e+00,2.226151972787215438e+00,4.493754499273607352e-05
3.000000000000000000e+00,2.229602800184150357e+00,4.792556280893762359e-05
3.000000000000000000e+00,2.233048254996186532e+00,4.074684521734416568e-05
3.000000000000000000e+00,2.236496306301955173e+00,2.388124186760801093e-05
3.000000000000000000e+00,2.239942882003202573e+00,1.733245801772425142e-05
3.000000000000000000e+00,2.243391978366607198e+00,1.847092558981303391e-05
3.000000000000000000e+00,2.246839497825367182e+00,1.151169068240172244e-05
3.000000000000000000e+00,2.250289461008770697e+00,4.469735643212622097e-05
3.000000000000000000e+00,2.253737744797115639e+00,3.296104989259129777e-05
3.000000000000000000e+00,2.257184284958505760e+00,3.008506931464908010e-05
3.000000000000000000e+00,2.260633138782280227e+00,1.065715313842450946e-05
3.000000000000000000e+00,2.264080144649337711e+00,1.539698705199001112e-05
3.000000000000000000e+00,2.267525237356025958e+00,1.353685069489350119e-05
3.000000000000000000e+00,2.270976670675578291e+00,1.362316288085213663e-05
3.000000000000000000e+00,2.274421937636212032e+00,1.653856182338247057e-05
3.000000000000000000e+00,2.277869304062661637e+00,1.507956321666882143e-05
3.000000000000000000e+00,2.281318741456848986e+00,1.506055287246493850e-05
3.000000000000000000e+00,2.284766010754516241e+00,1.391842208591339711e-05
3.000000000000000000e+00,2.288215267906648975e+00,9.309337176715830223e-06
3.000000000000000000e+00,2.291662247874864278e+00,1.816195613061328640e-05
3.000000000000000000e+00,2.295111131471099686e+00,1.778839229069279545e-05
3.000000000000000000e+00,2.298557627608458720e+00,9.470885226597427386e-06
3.000000000000000000e+00,2.302005942034049291e+00,8.481647507767697188e-06
3.000000000000000000e+00,2.305451757539699997e+00,7.774269992566647925e-06
3.000000000000000000e+00,2.308899304880597025e+00,1.340555788996713804e-05
3.000000000000000000e+00,2.312348553258873896e+00,7.667621438229412225e-06
3.000000000000000000e+00,2.315795146169584040e+00,1.082287511240314331e-05
3.000000000000000000e+00,2.319243352055508911e+00,8.876350685566988596e-06
3.000000000000000000e+00,2.322693139373734450e+00,5.921047330797891583e-06
3.000000000000000000e+00,2.326140112141752425e+00,5.886346693851104369e-06
3.000000000000000000e+00,2.329588576669208155e+00,7.841667130034656153e-06
3.000000000000000000e+00,2.333034110543464656e+00,7.706767962488276472e-06
3.000000000000000000e+00,2.339933764512273751e+00,9.850127076592259307e-06
3.000000000000000000e+00,2.343378986533309671e+00,1.096401296473251027e-05
3.000000000000000000e+00,2.346825484344305490e+00,1.614737573713533400e-05
3.000000000000000000e+00,2.350273224383027326e+00,1.725465584090970497e-05
3.000000000000000000e+00,2.353722172861167472e+00,1.399809996260466838e-05
3.000000000000000000e+00,2.357172295763969139e+00,1.462831542473384079e-05
3.000000000000000000e+00,2.360619064298897563e+00,1.870269994976493874e-05
3.000000000000000000e+00,2.364066912253343311e+00,1.777890273553503812e-05
3.000000000000000000e+00,2.367515804861286988e+00,1.922339772338088016e-05
3.000000000000000000e+00,2.370961173109878306e+00,1.767257825111950278e-05
3.000000000000000000e+00,2.377859278634326667e+00,1.094550595944004948e-05
3.000000000000000000e+00,2.381307397460132869e+00,9.443410356544089875e-06
3.000000000000000000e+00,2.384751770196041232e+00,2.059829679538571775e-05
3.000000000000000000e+00,2.388201521193179300e+00,2.120110834881999351e-05
3.000000000000000000e+00,2.391647426880533001e+00,1.612936765838302437e-05
3.000000000000000000e+00,2.395098664237783392e+00,1.448402523047179734e-05
3.000000000000000000e+00,2.398545956062328788e+00,1.602569850896204290e-05
3.000000000000000000e+00,2.401993878652857184e+00,1.515296617310519177e-05
3.000000000000000000e+00,2.405442394597158362e+00,1.996812171315674744e-05
3.000000000000000000e+00,2.408886786022795157e+00,1.970412046254714671e-05
3.000000000000000000e+00,2.412336362106710208e+00,1.817208515455218012e-05
3.000000000000000000e+00,2.415786417910278150e+00,1.772123317366284119e-05
3.000000000000000000e+00,2.419232194585697826e+00,4.144698234183569283e-05
3.000000000000000000e+00,2.422678347155437617e+00,6.465083407025966258e-05
3.000000000000000000e+00,2.426129584221891289e+00,2.524405650275996209e-04
3.000000000000000000e+00,2.429576385293707563e+00,5.398868682665685075e-04
3.000000000000000000e+00,2.433023445035121579e+00,4.478959392495748923e-04
3.000000000000000000e+00,2.436470723904829327e+00,4.883026748088875081e-04
3.000000000000000000e+00,2.439918182131624036e+00,7.452896799917062254e-05
3.000000000000000000e+00,2.443365779714331332e+00,7.127330122495386853e-05
3.000000000000000000e+00,2.446813476421755063e+00,4.192761170861471085e-05
3.000000000000000000e+00,2.450261231792639105e+00,4.199816203972487271e-05
3.000000000000000000e+00,2.457156755529312342e+00,2.876791706229838488e-05
3.000000000000000000e+00,2.464052022632424954e+00,1.831344648167082068e-05
3.000000000000000000e+00,2.470951625619067560e+00,1.304107445863488492e-05
3.000000000000000000e+00,2.477845407371735753e+00,1.018161746410504468e-05
3.000000000000000000e+00,2.484742905219031073e+00,5.011382082450959501e-06
3.000000000000000000e+00,2.491638851875302763e+00,7.320884154156885305e-06
3.000000000000000000e+00,2.498532900868154716e+00,7.779227866766169318e-06
3.000000000000000000e+00,2.501981628941128299e+00,1.518926420425296782e-05
3.000000000000000000e+00,2.505429764928409853e+00,1.661472562724792848e-05
3.000000000000000000e+00,2.508877264513888594e+00,6.413638214421823059e-05
3.000000000000000000e+00,2.512324083152320586e+00,6.058226456614885900e-05
3.000000000000000000e+00,2.515770176069546782e+00,2.861267042195002504e-04
3.000000000000000000e+00,2.519220617027636777e+00,2.684001981477113111e-04
3.000000000000000000e+00,2.522665137272860125e+00,1.712213853281757453e-04
3.000000000000000000e+00,2.526113942935153567e+00,1.837937718850634011e-04
3.000000000000000000e+00,2.529561869608954350e+00,2.029255116615306690e-05
3.000000000000000000e+00,2.533008871425249886e+00,2.305225097144221520e-05
3.000000000000000000e+00,2.536460091348755608e+00,3.269478376262134113e-05
3.000000000000000000e+00,2.539905119036357739e+00,3.176297067761910575e-05
3.000000000000000000e+00,2.543354300215602937e+00,2.863109171147202551e-05
3.000000000000000000e+00,2.550249368695818752e+00,1.213530359510792227e-05
3.000000000000000000e+00,2.557145005160321727e+00,2.424120718390896588e-05
3.000000000000000000e+00,2.564040914759595946e+00,1.852964192072463926e-05
3.000000000000000000e+00,2.567486885162802768e+00,2.196604544904079084e-05
3.000000000000000000e+00,2.570936799422715247e+00,2.115931063160036947e-05
3.000000000000000000e+00,2.574385306550782015e+00,4.485150332842617377e-05
3.000000000000000000e+00,2.581277904426420466e+00,5.743212012629172130e-05
3.000000000000000000e+00,2.588175092177919190e+00,5.149693742062165730e-04
3.000000000000000000e+00,2.591621274763594496e+00,5.329626981233803913e-04
3.000000000000000000e+00,2.595071215175571933e+00,5.674592658770019225e-04
3.000000000000000000e+00,2.598519460637897627e+00,7.017640183595851044e-05
3.000000000000000000e+00,2.605416140786058765e+00,3.747991787495380262e-05
3.000000000000000000e+00,2.612310998034201415e+00,1.289956671117975666e-05
3.000000000000000000e+00,2.615761092202567806e+00,1.632564646046448533e-05
3.000000000000000000e+00,2.622655405435940335e+00,1.434896868008966189e-05
3.000000000000000000e+00,2.629552694960589410e+00,8.724042137059259797e-06
3.000000000000000000e+00,2.636447114066393205e+00,1.102978454924320900e-05
3.000000000000000000e+00,2.639893846415254153e+00,7.212668006714674499e-06
3.000000000000000000e+00,2.646791816810129649e+00,1.067380771756992964e-05
3.000000000000000000e+00,2.650237342610351821e+00,8.701287144917120662e-06
3.000000000000000000e+00,2.657132597811020958e+00,6.631429388578164394e-06
3.000000000000000000e+00,2.664029480667215122e+00,1.121465539752048507e-05
3.000000000000000000e+00,2.667474148734945150e+00,6.745872382142856394e-06
3.000000000000000000e+00,2.674372972301618745e+00,1.056821623452300484e-05
3.000000000000000000e+00,2.684715707224760273e+00,8.595780787485330195e-06
3.000000000000000000e+00,2.691610622648888285e+00,1.289718582287335320e-05
3.000000000000000000e+00,2.695056732375022968e+00,6.261622211425495675e-06
3.000000000000000000e+00,2.701951939076299603e+00,9.408329188841355907e-06
3.000000000000000000e+00,2.705400983521141445e+00,4.747227165153632525e-06
3.000000000000000000e+00,2.712295888667945576e+00,5.910942350011411350e-06
3.000000000000000000e+00,2.715747614288411160e+00,1.018167295455150760e-05
3.000000000000000000e+00,2.722641615900502465e+00,4.847637171657637463e-06
3.000000000000000000e+00,2.726089770873740825e+00,1.006558547512886565e-05
3.000000000000000000e+00,2.732982227470418746e+00,9.118772155491189902e-06
3.000000000000000000e+00,2.736432482794700860e+00,8.090602282873046711e-06
3.000000000000000000e+00,2.743328843875850076e+00,1.601895402224648123e-05
3.000000000000000000e+00,2.746774862770038350e+00,1.079818511997232365e-05
3.000000000000000000e+00,2.753674590409778578e+00,2.508053250352338642e-05
3.000000000000000000e+00,2.757122141249363612e+00,4.189055266311530486e-05
3.000000000000000000e+00,2.767461187731447669e+00,1.329423003377285526e-04
3.000000000000000000e+00,2.777809606916736840e+00,1.551793445051988631e-05
3.000000000000000000e+00,2.781255502836574856e+00,9.570439712512811476e-06
3.000000000000000000e+00,2.791600678922760981e+00,1.160273533895223694e-05
3.000000000000000000e+00,2.801940781868234698e+00,1.135100539275510225e-05
3.000000000000000000e+00,2.805389714519748168e+00,6.959752752432125265e-06
3.000000000000000000e+00,2.815730092254171701e+00,1.159590546165464257e-05
3.000000000000000000e+00,2.819181024339006303e+00,4.356426745017634642e-06
3.000000000000000000e+00,2.829526642776947210e+00,9.338059702755628925e-06
3.000000000000000000e+00,2.832972656803320000e+00,8.266882962854553142e-06
3.000000000000000000e+00,2.843315600857695635e+00,5.506548100564642454e-06
3.000000000000000000e+00,2.846762621679029603e+00,1.352267738807937192e-05
3.000000000000000000e+00,2.860555489925645567e+00,1.378694673312020847e-05
3.000000000000000000e+00,2.864004768556617453e+00,7.802851654113309753e-06
3.000000000000000000e+00,2.874349385371875787e+00,8.364372827855847721e-06
3.000000000000000000e+00,2.877791951674792958e+00,1.361597504606352330e-05
3.000000000000000000e+00,2.891584380497048912e+00,4.610580220920425671e-05
3.000000000000000000e+00,2.895034579832586275e+00,2.773794690466766091e-05
3.000000000000000000e+00,2.898479470380316503e+00,6.859260972350382807e-06
3.000000000000000000e+00,2.919171001243166863e+00,8.628236586765687481e-06
3.000000000000000000e+00,2.922618491529225704e+00,9.193811781667982284e-06
3.000000000000000000e+00,2.926067228665903297e+00,4.317154778545187677e-05
3.000000000000000000e+00,2.943300963180315755e+00,8.512996074277380006e-06
3.000000000000000000e+00,2.946749687657017613e+00,6.758641786295746354e-06
3.000000000000000000e+00,2.950199483487491392e+00,1.073317015442298024e-05
3.000000000000000000e+00,2.953643293379428769e+00,7.452383532395752408e-06
3.000000000000000000e+00,2.957095152684269479e+00,1.983149657383815090e-05
3.000000000000000000e+00,2.960540951008748145e+00,7.848722351070962428e-05
3.000000000000000000e+00,2.963987703458273337e+00,4.210410935195588465e-05
3.000000000000000000e+00,2.967435388620835557e+00,1.496470134351144565e-05
3.000000000000000000e+00,3.029502278114438507e+00,6.551554984837330455e-06
3.000000000000000000e+00,3.032948338715878656e+00,3.581231017472091144e-06
3.000000000000000000e+00,3.046736466298560764e+00,4.373499492939264661e-06
3.000000000000000000e+00,3.050184348916684218e+00,6.992378832749856710e-06
3.000000000000000000e+00,3.063978550237123955e+00,5.956270753545392805e-06
3.000000000000000000e+00,3.067427644835680312e+00,2.246755284781222962e-06
3.000000000000000000e+00,3.081217793646421566e+00,3.253141497156487540e-06
3.000000000000000000e+00,3.084667458661439099e+00,5.707652955076789596e-06
4.000000000000000000e+00,1.033201653610002380e+00,1.727083870566586361e-05
4.000000000000000000e+00,1.036648509905437887e+00,1.634564645106655295e-05
4.000000000000000000e+00,1.040100990178184137e+00,2.120644244779758684e-05
4.000000000000000000e+00,1.043541409744891402e+00,1.560385092733876001e-05
4.000000000000000000e+00,1.046995823585744390e+00,2.244869615255593262e-05
4.000000000000000000e+00,1.050437583628032190e+00,5.108374701959611611e-05
4.000000000000000000e+00,1.053893087902487924e+00,4.238024794919305549e-05
4.000000000000000000e+00,1.057335332576050613e+00,1.791124199772655047e-05
4.000000000000000000e+00,1.060781985225874857e+00,2.610588487622446033e-05
4.000000000000000000e+00,1.064232911590460740e+00,3.022831018619745293e-05
4.000000000000000000e+00,1.067678780910228387e+00,2.289403425397800557e-05
4.000000000000000000e+00,1.071128529629983950e+00,3.317816825794282960e-05
4.000000000000000000e+00,1.074572702662508927e+00,2.807751361671253804e-05
4.000000000000000000e+00,1.078020349646558129e+00,2.907027789094588190e-05
4.000000000000000000e+00,1.081471323690731845e+00,3.410557840343486137e-05
4.000000000000000000e+00,1.084915982089606823e+00,3.211520848282812174e-05
4.000000000000000000e+00,1.088363545999756488e+00,4.322149378463398868e-05
4.000000000000000000e+00,1.091813861050743073e+00,3.970717132454598523e-05
4.000000000000000000e+00,1.095266770611309948e+00,4.663025869697585464e-05
4.000000000000000000e+00,1.098712379221057800e+00,5.955400434801039509e-05
4.000000000000000000e+00,1.102160139682824225e+00,4.936703971768617474e-05
4.000000000000000000e+00,1.105609887848336026e+00,9.597401627990588980e-05
4.000000000000000000e+00,1.109051536618574252e+00,1.259133185487753691e-04
4.000000000000000000e+00,1.112504696742819599e+00,2.963687775836124408e-04
4.000000000000000000e+00,1.115949293740889248e+00,2.810360801073197821e-03
4.000000000000000000e+00,1.119395074333696893e+00,5.032462512109335106e-04
4.000000000000000000e+00,1.122841862282197400e+00,7.423209150300007252e-05
4.000000000000000000e+00,1.126289479053798503e+00,5.466919627055986442e-05
4.000000000000000000e+00,1.129737743819367202e+00,4.874300576211093952e-05
4.000000000000000000e+00,1.133186473450812359e+00,4.027840062503390978e-05
4.000000000000000000e+00,1.136635482519254392e+00,5.806425708132099874e-05
4.000000000000000000e+00,1.140084583293795584e+00,5.030794349500662785e-05
4.000000000000000000e+00,1.143533585740903691e+00,5.715834513839201833e-05
4.000000000000000000e+00,1.146982297524425265e+00,7.153313876128655367e-05
4.000000000000000000e+00,1.150430524006237798e+00,6.272322721011128286e-05
4.000000000000000000e+00,1.153878068247559563e+00,8.117782299764914153e-05
4.000000000000000000e+00,1.157324731010923813e+00,1.064115155344482556e-04
4.000000000000000000e+00,1.160770310762838431e+00,1.489806167900173351e-04
4.000000000000000000e+00,1.164214603677135917e+00,3.397324294402271727e-04
4.000000000000000000e+00,1.167668400497266612e+00,1.412677029996155503e-03
4.000000000000000000e+00,1.171120625998415488e+00,1.718792816674614976e-02
4.000000000000000000e+00,1.174559942715855509e+00,1.746752235609070735e-03
4.000000000000000000e+00,1.178008327235415598e+00,5.813300578809080937e-04
4.000000000000000000e+00,1.181454502803455542e+00,1.849429975428963820e-04
4.000000000000000000e+00,1.184909576371423467e+00,1.619996772672362357e-04
4.000000000000000000e+00,1.188350746486732668e+00,1.564053165944316376e-04
4.000000000000000000e+00,1.191800505937655741e+00,1.242498839665992418e-04
4.000000000000000000e+00,1.195247307296760431e+00,1.056435997866314580e-04
4.000000000000000000e+00,1.198702514049813317e+00,1.078148206909148254e-04
4.000000000000000000e+00,1.202142786545922659e+00,1.712803892477463398e-04
4.000000000000000000e+00,1.205591140043370535e+00,9.177524698558570527e-05
4.000000000000000000e+00,1.209035753336976438e+00,5.469954880044224522e-04
4.000000000000000000e+00,1.212488249424975351e+00,4.192758491146203448e-04
4.000000000000000000e+00,1.215936669411375126e+00,4.244137043693314197e-04
4.000000000000000000e+00,1.219380774928699340e+00,5.867235788077838606e-04
4.000000000000000000e+00,1.222832385844900394e+00,5.171949297191824006e-04
4.000000000000000000e+00,1.226279334888139783e+00,4.573809365613740966e-04
4.000000000000000000e+00,1.229733574350838854e+00,4.623026153022250710e-04
4.000000000000000000e+00,1.233170531755207078e+00,3.997442426196000831e-04
4.000000000000000000e+00,1.236626754769601710e+00,3.962147654225126828e-04
4.000000000000000000e+00,1.240071397540547737e+00,3.730935067094056225e-04
4.000000000000000000e+00,1.243519070222651068e+00,3.441721145486796346e-04
4.000000000000000000e+00,1.246967154653694010e+00,3.426127753613930431e-04
4.000000000000000000e+00,1.250415497781240726e+00,3.076875244985411264e-04
4.000000000000000000e+00,1.253862676783799035e+00,2.977729696062535983e-04
4.000000000000000000e+00,1.257311064258814781e+00,2.823757778902039311e-04
4.000000000000000000e+00,1.260759240897736833e+00,2.518738692591770685e-04
4.000000000000000000e+00,1.264207046743897722e+00,2.384686701268293337e-04
4.000000000000000000e+00,1.267654320115332967e+00,2.091217685249482081e-04
4.000000000000000000e+00,1.271102200755174660e+00,1.696804648314821314e-04
4.000000000000000000e+00,1.274550544767100169e+00,1.234408248453880614e-04
4.000000000000000000e+00,1.277997889315403368e+00,6.401903752560153429e-05
4.000000000000000000e+00,1.281445390375948179e+00,2.498256428582699951e-04
4.000000000000000000e+00,1.284894230744600740e+00,1.058796955872955137e-02
4.000000000000000000e+00,1.288341604015153186e+00,1.849578879329751751e-03
4.000000000000000000e+00,1.291790028539698154e+00,1.115099085980768116e-03
4.000000000000000000e+00,1.295236666066327702e+00,7.919867499274539603e-04
4.000000000000000000e+00,1.298685420746003905e+00,7.484947906164145064e-04
4.000000000000000000e+00,1.302133444027384623e+00,6.655815792387217078e-04
4.000000000000000000e+00,1.305580577574009249e+00,6.360325262544055296e-04
4.000000000000000000e+00,1.309028043515950923e+00,6.299547990087417176e-04
4.000000000000000000e+00,1.312477091531541129e+00,6.488140572367557526e-04
4.000000000000000000e+00,1.315924809014811903e+00,2.617371991251358728e-04
4.000000000000000000e+00,1.319372435363264984e+00,3.626676317808554982e-04
4.000000000000000000e+00,1.322819826402583887e+00,2.915951273330266258e-04
4.000000000000000000e+00,1.326268255180863553e+00,9.419334129790341579e-05
4.000000000000000000e+00,1.329716170585721002e+00,1.647609136561152435e-04
4.000000000000000000e+00,1.333163424012906217e+00,2.023352337340983940e-04
4.000000000000000000e+00,1.336611306296568102e+00,2.968081660637393333e-04
4.000000000000000000e+00,1.340059688171604257e+00,6.483299822374628124e-04
4.000000000000000000e+00,1.343506983152011891e+00,3.494887540030672864e-03
4.000000000000000000e+00,1.346954500088000994e+00,1.208725792010245312e-02
4.000000000000000000e+00,1.350402105514702633e+00,1.503054089178611306e-03
4.000000000000000000e+00,1.353851142929214824e+00,4.707685146800508463e-04
4.000000000000000000e+00,1.357298526959496821e+00,1.585787515531043217e-04
4.000000000000000000e+00,1.360745590822140638e+00,1.180215987252588656e-04
4.000000000000000000e+00,1.364193696547052692e+00,7.374265465875606503e-05
4.000000000000000000e+00,1.367641217942653808e+00,4.335571241565217433e-05
4.000000000000000000e+00,1.371089529547983243e+00,4.040287532982052553e-05
4.000000000000000000e+00,1.374536987331586912e+00,3.585254610570875149e-05
4.000000000000000000e+00,1.377984978418452577e+00,2.369016368806350564e-05
4.000000000000000000e+00,1.381433380054019500e+00,2.587218438354948045e-05
4.000000000000000000e+00,1.384880521330998038e+00,2.711141405791435069e-05
4.000000000000000000e+00,1.388329363024976004e+00,2.538447066303721334e-05
4.000000000000000000e+00,1.391776677059926470e+00,6.560066368458532542e-05
4.000000000000000000e+00,1.395223882448662689e+00,3.284881936557432593e-05
4.000000000000000000e+00,1.398672427899403159e+00,2.305719262788587758e-05
4.000000000000000000e+00,1.402120620734581768e+00,2.607996657933706931e-05
4.000000000000000000e+00,1.405568329339426548e+00,2.844257668746223524e-05
4.000000000000000000e+00,1.409015420834496490e+00,3.000576138942481365e-05
4.000000000000000000e+00,1.412463370193455470e+00,7.517115037979184625e-05
4.000000000000000000e+00,1.415912065601631076e+00,1.298714645662363818e-04
4.000000000000000000e+00,1.419359769223903056e+00,4.362083604231747398e-05
4.000000000000000000e+00,1.422807976006567054e+00,4.200228787728926274e-05
4.000000000000000000e+00,1.426254929928600923e+00,4.245823339273866728e-05
4.000000000000000000e+00,1.429702139328395516e+00,3.949677025663202536e-05
4.000000000000000000e+00,1.433151143120694249e+00,5.071814330028512205e-05
4.000000000000000000e+00,1.436598517255286867e+00,5.727978248890808541e-05
4.000000000000000000e+00,1.440045790386240032e+00,6.353905506270015680e-05
4.000000000000000000e+00,1.443494521975932976e+00,9.286379382457326322e-05
4.000000000000000000e+00,1.446941236582872659e+00,1.323478438050939925e-04
4.000000000000000000e+00,1.450389180041976367e+00,2.003195145201689200e-04
4.000000000000000000e+00,1.453838251996353970e+00,5.887257121537760665e-04
4.000000000000000000e+00,1.457284925324613400e+00,2.563279013244175626e-03
4.000000000000000000e+00,1.460734211847596109e+00,3.852408482993169639e-03
4.000000000000000000e+00,1.464180845048669521e+00,9.627982122918954952e-04
4.000000000000000000e+00,1.467629883251738487e+00,4.003497361550070548e-04
4.000000000000000000e+00,1.471077754388882219e+00,2.863701179872116189e-04
4.000000000000000000e+00,1.474524327200595009e+00,3.944485984916860487e-04
4.000000000000000000e+00,1.477972992957279574e+00,4.926613906229853788e-04
4.000000000000000000e+00,1.481420127337121695e+00,8.948850245894464676e-04
4.000000000000000000e+00,1.484867374063010059e+00,2.268375350830736849e-03
4.000000000000000000e+00,1.488316408777387689e+00,3.877763372123963805e-03
4.000000000000000000e+00,1.491763554618141141e+00,2.477252255386994204e-03
4.000000000000000000e+00,1.495212280069660338e+00,1.214412070459376831e-03
4.000000000000000000e+00,1.498658873048627660e+00,6.083886766927184241e-04
4.000000000000000000e+00,1.502106833194010616e+00,1.420058189234914715e-03
4.000000000000000000e+00,1.505556069478128256e+00,1.568515190098431064e-03
4.000000000000000000e+00,1.509002816756937371e+00,5.070378427747373714e-04
4.000000000000000000e+00,1.512450621747667645e+00,3.250011769316506465e-04
4.000000000000000000e+00,1.515899390545454084e+00,2.472864101329358497e-04
4.000000000000000000e+00,1.519347166463247412e+00,4.418228480893536536e-04
4.000000000000000000e+00,1.522793828376461489e+00,2.888564146476413504e-04
4.000000000000000000e+00,1.526243011725259224e+00,2.717180125005356573e-04
4.000000000000000000e+00,1.529690869705549572e+00,8.004449045062716215e-04
4.000000000000000000e+00,1.533137278200958908e+00,7.872897152229037330e-04
4.000000000000000000e+00,1.536585920764031554e+00,7.974174853030632781e-04
4.000000000000000000e+00,1.540032896726395206e+00,1.015242361447464808e-03
4.000000000000000000e+00,1.543481921944640289e+00,1.186626894174968748e-03
4.000000000000000000e+00,1.546929059686635410e+00,1.641979477670842125e-03
4.000000000000000000e+00,1.550378058269135995e+00,3.237326472254453431e-03
4.000000000000000000e+00,1.553824944740700653e+00,2.948785282686201912e-03
4.000000000000000000e+00,1.557273500031404190e+00,3.279208923338750763e-04
4.000000000000000000e+00,1.560719714820170578e+00,1.174925656306395681e-04
4.000000000000000000e+00,1.564169376134801448e+00,1.116285571390303951e-04
4.000000000000000000e+00,1.567616482214771345e+00,1.142642137001925539e-04
4.000000000000000000e+00,1.571064879731063568e+00,1.038861156555631848e-04
4.000000000000000000e+00,1.574512485738055023e+00,9.958820943369049228e-05
4.000000000000000000e+00,1.577959189706325427e+00,2.698236917933846029e-04
4.000000000000000000e+00,1.581406897256678379e+00,2.663586489628260150e-03
4.000000000000000000e+00,1.584855522432401909e+00,3.571625057525432047e-03
4.000000000000000000e+00,1.588302943772037290e+00,1.924905783567786802e-03
4.000000000000000000e+00,1.591751090722121287e+00,1.432836861889636966e-03
4.000000000000000000e+00,1.595199874853490352e+00,1.237535263595757745e-03
4.000000000000000000e+00,1.598647145641136191e+00,1.130034883955226754e-03
4.000000000000000000e+00,1.602094856532214617e+00,1.115256486691433048e-03
4.000000000000000000e+00,1.605542916622857419e+00,1.138357511558022502e-03
4.000000000000000000e+00,1.608991234204249388e+00,1.068894775948117529e-03
4.000000000000000000e+00,1.612437619754361506e+00,1.160737601662881636e-03
4.000000000000000000e+00,1.615886164989974283e+00,1.322090952923459049e-03
4.000000000000000000e+00,1.619334687738118284e+00,4.976536751961698358e-04
4.000000000000000000e+00,1.622780969070306334e+00,6.693629961395214075e-04
4.000000000000000000e+00,1.626229152209530238e+00,1.609690517511801634e-03
4.000000000000000000e+00,1.629677025633883947e+00,1.006766703249162330e-03
4.000000000000000000e+00,1.633124491996673866e+00,4.260971620754614060e-03
4.000000000000000000e+00,1.636573613397329652e+00,4.680014206329048167e-03
4.000000000000000000e+00,1.640019979486558865e+00,1.000590766073206376e-03
4.000000000000000000e+00,1.643467820155198433e+00,5.745645154319760275e-04
4.000000000000000000e+00,1.646917062285312650e+00,4.287467294003014201e-04
4.000000000000000000e+00,1.650365435255503277e+00,2.464496516522637643e-04
4.000000000000000000e+00,1.653812836999978275e+00,2.334996952669024224e-04
4.000000000000000000e+00,1.657259164650972227e+00,1.630144859997555303e-04
4.000000000000000000e+00,1.660708763407247712e+00,1.662415117455439404e-04
4.000000000000000000e+00,1.664154883215130942e+00,1.865757152335118700e-04
4.000000000000000000e+00,1.667604119953681518e+00,1.574203415656964290e-04
4.000000000000000000e+00,1.671051918830441796e+00,1.792516889315642578e-04
4.000000000000000000e+00,1.674498173121963029e+00,2.278259171742505235e-04
4.000000000000000000e+00,1.677947317015475281e+00,2.250287965107889939e-04
4.000000000000000000e+00,1.681394737827663022e+00,3.024422395601519776e-04
4.000000000000000000e+00,1.684842616095019174e+00,4.248326439698673273e-04
4.000000000000000000e+00,1.688290870128017263e+00,4.986682471541311083e-04
4.000000000000000000e+00,1.691739417547214908e+00,6.462318118297563467e-04
4.000000000000000000e+00,1.695185857520615125e+00,7.752534134571777277e-04
4.000000000000000000e+00,1.698634732372025002e+00,5.812592739671822595e-04
4.000000000000000000e+00,1.702081312653158873e+00,5.308675910888633730e-04
4.000000000000000000e+00,1.705530177056598928e+00,4.220194194594680676e-04
4.000000000000000000e+00,1.708976556927202850e+00,3.067327171937033413e-04
4.000000000000000000e+00,1.712425067479531160e+00,2.831443701011535931e-04
4.000000000000000000e+00,1.715873275371869733e+00,2.269909498834988366e-04
4.000000000000000000e+00,1.719321092701248777e+00,2.019271930516084107e-04
4.000000000000000000e+00,1.722768430874836998e+00,2.147764255233832582e-04
4.000000000000000000e+00,1.726217603999769867e+00,1.773342433963888930e-04
4.000000000000000000e+00,1.729663724931680191e+00,1.977573909137394321e-04
4.000000000000000000e+00,1.733111519436391523e+00,2.893454561948040349e-04
4.000000000000000000e+00,1.736560925105470776e+00,4.597356571553283251e-04
4.000000000000000000e+00,1.740006995062806538e+00,1.096942742221786258e-03
4.000000000000000000e+00,1.743456962527776044e+00,1.324117310444393588e-03
4.000000000000000000e+00,1.746903408349857356e+00,6.062651077476635848e-04
4.000000000000000000e+00,1.750351151541850170e+00,4.237003227144036472e-04
4.000000000000000000e+00,1.753800126646169133e+00,3.965352511644462804e-04
4.000000000000000000e+00,1.757247777056210269e+00,3.654213056591155279e-04
4.000000000000000000e+00,1.760694006816462265e+00,4.341266206166124195e-04
4.000000000000000000e+00,1.764143739596276683e+00,5.667239243843523629e-04
4.000000000000000000e+00,1.767591897027504633e+00,6.484726483197392373e-04
4.000000000000000000e+00,1.771038381196035516e+00,4.710586827916859857e-04
4.000000000000000000e+00,1.774485633181389410e+00,2.616125453201735541e-04
4.000000000000000000e+00,1.777933583325450151e+00,1.797579978533329827e-04
4.000000000000000000e+00,1.781382161396555475e+00,1.455827113882335886e-04
4.000000000000000000e+00,1.784828727214625488e+00,1.424117085853789598e-04
4.000000000000000000e+00,1.788278338206535700e+00,1.568739075513436200e-04
4.000000000000000000e+00,1.791725773693539692e+00,2.092221640950481069e-04
4.000000000000000000e+00,1.795173530458859412e+00,3.170105073768045268e-04
4.000000000000000000e+00,1.798621535336541122e+00,2.856099510008512383e-04
4.000000000000000000e+00,1.802069714585547544e+00,1.592631300067532296e-04
4.000000000000000000e+00,1.805517993889585338e+00,1.136516465186432546e-04
4.000000000000000000e+00,1.808963659025256465e+00,9.174428590143653931e-05
4.000000000000000000e+00,1.812411903117165268e+00,8.568370368776376581e-05
4.000000000000000000e+00,1.815860020844046963e+00,7.773929893070749412e-05
4.000000000000000000e+00,1.819307935588295067e+00,7.165834597245737236e-05
4.000000000000000000e+00,1.822755570157104321e+00,6.198973637235188103e-05
4.000000000000000000e+00,1.826202846782678746e+00,5.674034842407564496e-05
4.000000000000000000e+00,1.829652387162471028e+00,5.384837332446836130e-05
4.000000000000000000e+00,1.833098722480798193e+00,5.083387586688264216e-05
4.000000000000000000e+00,1.836547183550738982e+00,4.703552089194406585e-05
4.000000000000000000e+00,1.839994990319506529e+00,3.538738972364084256e-05
4.000000000000000000e+00,1.843442062200313369e+00,3.770110837389756731e-05
4.000000000000000000e+00,1.846891069191275658e+00,3.395766349604951827e-05
4.000000000000000000e+00,1.850339198957712483e+00,3.337188431050550823e-05
4.000000000000000000e+00,1.853786369243562770e+00,3.435350152880997892e-05
4.000000000000000000e+00,1.857235279282900109e+00,4.331127720433827251e-05
4.000000000000000000e+00,1.860683084283182076e+00,6.412260799350980674e-05
4.000000000000000000e+00,1.864129700321005778e+00,9.351171780144289746e-05
4.000000000000000000e+00,1.867577856036589212e+00,1.263438632108923934e-04
4.000000000000000000e+00,1.871024674010875577e+00,2.277948494434564597e-04
4.000000000000000000e+00,1.874472902601166835e+00,3.710090484256705354e-04
4.000000000000000000e+00,1.877922486946779213e+00,4.510955374621320813e-04
4.000000000000000000e+00,1.881370516884421695e+00,6.139226691522942656e-04
4.000000000000000000e+00,1.884816905210515037e+00,5.907716551432208411e-04
4.000000000000000000e+00,1.888264439954679741e+00,5.867325898511867397e-04
4.000000000000000000e+00,1.891713064297456004e+00,5.216145467206995253e-04
4.000000000000000000e+00,1.895159824112871982e+00,5.060972155272809754e-04
4.000000000000000000e+00,1.898607537409636503e+00,6.125996767168089127e-04
4.000000000000000000e+00,1.902056145930849373e+00,7.421300513768850846e-04
4.000000000000000000e+00,1.905505590961838802e+00,7.003735883258180870e-04
4.000000000000000000e+00,1.908952874159341784e+00,6.152758815169455733e-04
4.000000000000000000e+00,1.912400853798377653e+00,3.803899711852097468e-04
4.000000000000000000e+00,1.915846509287635779e+00,2.754987590280853901e-04
4.000000000000000000e+00,1.919295690217159400e+00,3.420170908979622412e-04
4.000000000000000000e+00,1.922742403939026623e+00,3.477864664403435913e-04
4.000000000000000000e+00,1.926192541782736134e+00,4.206332076956835779e-04
4.000000000000000000e+00,1.929640067440181683e+00,3.149201330952384982e-04
4.000000000000000000e+00,1.933087900183826591e+00,2.034160940687851154e-04
4.000000000000000000e+00,1.936535977039756551e+00,2.754370612922743826e-04
4.000000000000000000e+00,1.939981199079960472e+00,4.129952674334483103e-04
4.000000000000000000e+00,1.943429562597383642e+00,2.829612402312656292e-04
4.000000000000000000e+00,1.946877978525087372e+00,8.889504430763050342e-04
4.000000000000000000e+00,1.950326382048422236e+00,1.223370125153610231e-03
4.000000000000000000e+00,1.953774707892369067e+00,1.421085982086645397e-03
4.000000000000000000e+00,1.957222890321566267e+00,2.545498074493273300e-03
4.000000000000000000e+00,1.960670863140387077e+00,3.614647676075812867e-03
4.000000000000000000e+00,1.964118559693055932e+00,4.614656708547730871e-03
4.000000000000000000e+00,1.967565912863812327e+00,3.924246945729080276e-03
4.000000000000000000e+00,1.971012855077121984e+00,2.768722800862708552e-03
4.000000000000000000e+00,1.974462462646853878e+00,2.838930421440137054e-03
4.000000000000000000e+00,1.977908389365796271e+00,4.763750914711323801e-03
4.000000000000000000e+00,1.981356866008052053e+00,7.397134794982939375e-03
4.000000000000000000e+00,1.984804678864102945e+00,5.592881756885936806e-03
4.000000000000000000e+00,1.988251758114388146e+00,2.801167739370990454e-03
4.000000000000000000e+00,1.991701232975213953e+00,1.897252666829154708e-03
4.000000000000000000e+00,1.995146644800939395e+00,1.543962326181660960e-03
4.000000000000000000e+00,1.998594332508543792e+00,1.449113599916277599e-03
4.000000000000000000e+00,2.002044257812201522e+00,1.451506498352794772e-03
4.000000000000000000e+00,2.005493138126538177e+00,1.385646125252564973e-03
4.000000000000000000e+00,2.008940900982242095e+00,1.345361111625081136e-03
4.000000000000000000e+00,2.012387473453392861e+00,6.492205542424272840e-04
4.000000000000000000e+00,2.015836059663349111e+00,1.264719830656748766e-03
4.000000000000000000e+00,2.019283330698162793e+00,2.617998930905383447e-03
4.000000000000000000e+00,2.022729212310859115e+00,4.844875951852357031e-04
4.000000000000000000e+00,2.026176941017666877e+00,4.298873108081741729e-04
4.000000000000000000e+00,2.029626475484230141e+00,3.240689573423427170e-04
4.000000000000000000e+00,2.033074440229836632e+00,2.442588702050896461e-04
4.000000000000000000e+00,2.036520759278852566e+00,2.512533499125920128e-04
4.000000000000000000e+00,2.039968712651890392e+00,2.079147403970197782e-04
4.000000000000000000e+00,2.043418257520000392e+00,2.180060737900293164e-04
4.000000000000000000e+00,2.046865971521828698e+00,2.788780087729510974e-04
4.000000000000000000e+00,2.050311776957185472e+00,2.536887362812249684e-04
4.000000000000000000e+00,2.053762399650157722e+00,3.332578882392967282e-04
4.000000000000000000e+00,2.057207589295852124e+00,4.626909218724322087e-04
4.000000000000000000e+00,2.060657507204084027e+00,5.900193282710805695e-04
4.000000000000000000e+00,2.064105270019382932e+00,9.620603239811057654e-04
4.000000000000000000e+00,2.067554245750138797e+00,8.446005586931820339e-04
4.000000000000000000e+00,2.071000929283012937e+00,7.631180587177470486e-04
4.000000000000000000e+00,2.074448710803403539e+00,7.926020254397740921e-04
4.000000000000000000e+00,2.077897543799790192e+00,7.868715628882300269e-04
4.000000000000000000e+00,2.081343887425238570e+00,8.747762426032404089e-04
4.000000000000000000e+00,2.084791165297932292e+00,1.089799144807057207e-03
4.000000000000000000e+00,2.088239329812072498e+00,1.234001350929155288e-03
4.000000000000000000e+00,2.091688333018982604e+00,1.866371927107935910e-03
4.000000000000000000e+00,2.095134586178464708e+00,1.727363296398875918e-03
4.000000000000000000e+00,2.098581557772516426e+00,1.448651702156874112e-03
4.000000000000000000e+00,2.102029198756936612e+00,2.989929942864988886e-03
4.000000000000000000e+00,2.105477459743749336e+00,2.982576825234809111e-03
4.000000000000000000e+00,2.108926291000885023e+00,4.016967262943501801e-03
4.000000000000000000e+00,2.112375642451898905e+00,5.278540484844012996e-03
4.000000000000000000e+00,2.115821852965775296e+00,6.742937795732716760e-03
4.000000000000000000e+00,2.119268458927962673e+00,8.860620156020277902e-03
4.000000000000000000e+00,2.122719043442534925e+00,1.108867208487880791e-02
4.000000000000000000e+00,2.126166298253410858e+00,1.364172626629437356e-02
4.000000000000000000e+00,2.129613793981704362e+00,1.446170828396717289e-02
4.000000000000000000e+00,2.133061478420649859e+00,1.147193003469514777e-02
4.000000000000000000e+00,2.136509299018463537e+00,7.514351127712752543e-03
4.000000000000000000e+00,2.139957202878268738e+00,5.206213256567342358e-03
4.000000000000000000e+00,2.143405136758036900e+00,4.168108591675267170e-03
4.000000000000000000e+00,2.146853047070562237e+00,3.520115170479707050e-03
4.000000000000000000e+00,2.150300879883457306e+00,2.274324807730709885e-03
4.000000000000000000e+00,2.153748580919182309e+00,2.244424605849436663e-03
4.000000000000000000e+00,2.157196095555092619e+00,3.219100606804063940e-03
4.000000000000000000e+00,2.160643368823523591e+00,1.691052578956155116e-03
4.000000000000000000e+00,2.164090345411897154e+00,2.693459139487650641e-03
4.000000000000000000e+00,2.167540759036654663e+00,8.011433401825493765e-04
4.000000000000000000e+00,2.170986987007442970e+00,8.923643816974157362e-04
4.000000000000000000e+00,2.174436563833112679e+00,4.627931009380253252e-04
4.000000000000000000e+00,2.177881817870748637e+00,4.279228622459127040e-04
4.000000000000000000e+00,2.181330331273712009e+00,3.529910668244162623e-04
4.000000000000000000e+00,2.184778233191368102e+00,2.174560076028935612e-04
4.000000000000000000e+00,2.188225465951995297e+00,2.142671354771495185e-04
4.000000000000000000e+00,2.191675845771210440e+00,1.618067284359817970e-04
4.000000000000000000e+00,2.195121578019079589e+00,2.023713631575206476e-04
4.000000000000000000e+00,2.198570364693557266e+00,2.088522012072649187e-04
4.000000000000000000e+00,2.202018272566464763e+00,3.103010923100507396e-04
4.000000000000000000e+00,2.205465242297680817e+00,4.114454829416247083e-04
4.000000000000000000e+00,2.208915149623194463e+00,4.080098666800655266e-04
4.000000000000000000e+00,2.212360075965002171e+00,4.611205961185160709e-04
4.000000000000000000e+00,2.215807844123076187e+00,3.505672373578841406e-04
4.000000000000000000e+00,2.219258430376216840e+00,4.280678491172226806e-04
4.000000000000000000e+00,2.222703841343263154e+00,3.685777777185481768e-04
4.000000000000000000e+00,2.226151972787215438e+00,4.340545587591626521e-04
4.000000000000000000e+00,2.229602800184150357e+00,3.997002603249969225e-04
4.000000000000000000e+00,2.233048254996186532e+00,2.739021316234633435e-04
4.000000000000000000e+00,2.236496306301955173e+00,2.354539538572152427e-04
4.000000000000000000e+00,2.239942882003202573e+00,1.504337923321821520e-04
4.000000000000000000e+00,2.243391978366607198e+00,1.545292554159686865e-04
4.000000000000000000e+00,2.246839497825367182e+00,1.399166830158007305e-04
4.000000000000000000e+00,2.250289461008770697e+00,1.573335145659703787e-04
4.000000000000000000e+00,2.253737744797115639e+00,1.773621645707977720e-04
4.000000000000000000e+00,2.257184284958505760e+00,1.409145898848432419e-04
4.000000000000000000e+00,2.260633138782280227e+00,1.506651113906550498e-04
4.000000000000000000e+00,2.264080144649337711e+00,1.076236816850755439e-04
4.000000000000000000e+00,2.267525237356025958e+00,1.055834770743466840e-04
4.000000000000000000e+00,2.270976670675578291e+00,7.509586149993758902e-05
4.000000000000000000e+00,2.274421937636212032e+00,8.253087317729623958e-05
4.000000000000000000e+00,2.277869304062661637e+00,7.228998292142048334e-05
4.000000000000000000e+00,2.281318741456848986e+00,7.340964063379177131e-05
4.000000000000000000e+00,2.284766010754516241e+00,9.096606029661615260e-05
4.000000000000000000e+00,2.288215267906648975e+00,8.120048312766976913e-05
4.000000000000000000e+00,2.291662247874864278e+00,8.900262445638620337e-05
4.000000000000000000e+00,2.295111131471099686e+00,7.225285910154456812e-05
4.000000000000000000e+00,2.298557627608458720e+00,8.737794077956725935e-05
4.000000000000000000e+00,2.302005942034049291e+00,7.326681337145596199e-05
4.000000000000000000e+00,2.305451757539699997e+00,6.839586566014069528e-05
4.000000000000000000e+00,2.308899304880597025e+00,5.757698835410070227e-05
4.000000000000000000e+00,2.312348553258873896e+00,5.548290051207599460e-05
4.000000000000000000e+00,2.315795146169584040e+00,5.095564162709913757e-05
4.000000000000000000e+00,2.319243352055508911e+00,4.772095293238959714e-05
4.000000000000000000e+00,2.322693139373734450e+00,5.213122865165252258e-05
4.000000000000000000e+00,2.326140112141752425e+00,4.027203990439703728e-05
4.000000000000000000e+00,2.329588576669208155e+00,4.458370892425251610e-05
4.000000000000000000e+00,2.333034110543464656e+00,3.999342225842692904e-05
4.000000000000000000e+00,2.336485448496548489e+00,5.310942584079084822e-05
4.000000000000000000e+00,2.339933764512273751e+00,5.698795626414084492e-05
4.000000000000000000e+00,2.343378986533309671e+00,6.768444933989184421e-05
4.000000000000000000e+00,2.346825484344305490e+00,7.494644222686056944e-05
4.000000000000000000e+00,2.350273224383027326e+00,8.279762332087504495e-05
4.000000000000000000e+00,2.353722172861167472e+00,9.161424789185073074e-05
4.000000000000000000e+00,2.357172295763969139e+00,9.520988992993938138e-05
4.000000000000000000e+00,2.360619064298897563e+00,9.389157712136600908e-05
4.000000000000000000e+00,2.364066912253343311e+00,9.095058619483169075e-05
4.000000000000000000e+00,2.367515804861286988e+00,8.728535180016974032e-05
4.000000000000000000e+00,2.370961173109878306e+00,8.109487339978223221e-05
4.000000000000000000e+00,2.374412036608912757e+00,9.407272750075075236e-05
4.000000000000000000e+00,2.377859278634326667e+00,8.025085023973662030e-05
4.000000000000000000e+00,2.381307397460132869e+00,8.271548661617087112e-05
4.000000000000000000e+00,2.384751770196041232e+00,7.874067920511865627e-05
4.000000000000000000e+00,2.388201521193179300e+00,8.028113083437864931e-05
4.000000000000000000e+00,2.391647426880533001e+00,8.986280679151200366e-05
4.000000000000000000e+00,2.395098664237783392e+00,8.492279494972641851e-05
4.000000000000000000e+00,2.398545956062328788e+00,7.605354746867960098e-05
4.000000000000000000e+00,2.401993878652857184e+00,6.970285582566506050e-05
4.000000000000000000e+00,2.405442394597158362e+00,7.183770972893725184e-05
4.000000000000000000e+00,2.408886786022795157e+00,6.482591395970651780e-05
4.000000000000000000e+00,2.412336362106710208e+00,7.453378381523163192e-05
4.000000000000000000e+00,2.415786417910278150e+00,7.418077631928030166e-05
4.000000000000000000e+00,2.419232194585697826e+00,8.182315928706360684e-05
4.000000000000000000e+00,2.422678347155437617e+00,9.649610006176790504e-05
4.000000000000000000e+00,2.426129584221891289e+00,1.773720056593722173e-04
4.000000000000000000e+00,2.429576385293707563e+00,2.045398943465193695e-04
4.000000000000000000e+00,2.433023445035121579e+00,8.237876971060953749e-04
4.000000000000000000e+00,2.436470723904829327e+00,8.801253403848455746e-04
4.000000000000000000e+00,2.439918182131624036e+00,1.464764910873939986e-03
4.000000000000000000e+00,2.443365779714331332e+00,1.445213799353958339e-03
4.000000000000000000e+00,2.446813476421755063e+00,1.462226401846009874e-03
4.000000000000000000e+00,2.450261231792639105e+00,1.447499919608452633e-03
4.000000000000000000e+00,2.453709005135639387e+00,1.472855588068862614e-03
4.000000000000000000e+00,2.457156755529312342e+00,1.514621054829870094e-03
4.000000000000000000e+00,2.460604441822116684e+00,1.537960956020425476e-03
4.000000000000000000e+00,2.464052022632424954e+00,1.516346940383884708e-03
4.000000000000000000e+00,2.467499456348555942e+00,1.331975808106962205e-03
4.000000000000000000e+00,2.470951625619067560e+00,1.118177569326771204e-03
4.000000000000000000e+00,2.474398653140896354e+00,6.694328121157125389e-04
4.000000000000000000e+00,2.477845407371735753e+00,5.515630586686337848e-04
4.000000000000000000e+00,2.481291845780071004e+00,1.153810694809527553e-04
4.000000000000000000e+00,2.484742905219031073e+00,1.030682867221838607e-04
4.000000000000000000e+00,2.488188597289541448e+00,4.808068230407644520e-05
4.000000000000000000e+00,2.491638851875302763e+00,5.414293982399209218e-05
4.000000000000000000e+00,2.495083624796248234e+00,5.124877023419185116e-05
4.000000000000000000e+00,2.498532900868154716e+00,4.599192879905087452e-05
4.000000000000000000e+00,2.501981628941128299e+00,6.454767980940834130e-05
4.000000000000000000e+00,2.505429764928409853e+00,5.791549597192763451e-05
4.000000000000000000e+00,2.508877264513888594e+00,7.898094797739176835e-05
4.000000000000000000e+00,2.512324083152320586e+00,6.495631779603080309e-05
4.000000000000000000e+00,2.515770176069546782e+00,1.179791670048970702e-04
4.000000000000000000e+00,2.519220617027636777e+00,9.878145846247862163e-05
4.000000000000000000e+00,2.522665137272860125e+00,3.685951086590196521e-04
4.000000000000000000e+00,2.526113942935153567e+00,3.908251298675065322e-04
4.000000000000000000e+00,2.529561869608954350e+00,6.652273618030055298e-04
4.000000000000000000e+00,2.533008871425249886e+00,7.588668235243899250e-04
4.000000000000000000e+00,2.536460091348755608e+00,8.715336909771804943e-04
4.000000000000000000e+00,2.539905119036357739e+00,8.879296432402330802e-04
4.000000000000000000e+00,2.543354300215602937e+00,8.956091500943099293e-04
4.000000000000000000e+00,2.546802399089612923e+00,8.524251909527314625e-04
4.000000000000000000e+00,2.550249368695818752e+00,6.445192168795493403e-04
4.000000000000000000e+00,2.553695161844585115e+00,6.067100987679005389e-04
4.000000000000000000e+00,2.557145005160321727e+00,1.843013037220159038e-04
4.000000000000000000e+00,2.560593605407676776e+00,1.956732864306808179e-04
4.000000000000000000e+00,2.564040914759595946e+00,1.054737182409884515e-04
4.000000000000000000e+00,2.567486885162802768e+00,1.275904516958137173e-04
4.000000000000000000e+00,2.570936799422715247e+00,1.007356490186523963e-04
4.000000000000000000e+00,2.574385306550782015e+00,1.088275520172807156e-04
4.000000000000000000e+00,2.577832357857054557e+00,1.638975250901236237e-04
4.000000000000000000e+00,2.581277904426420466e+00,1.461390118905509807e-04
4.000000000000000000e+00,2.584727285548704678e+00,2.071539867948478343e-04
4.000000000000000000e+00,2.588175092177919190e+00,2.090474148623376182e-04
4.000000000000000000e+00,2.591621274763594496e+00,7.992647572154044705e-04
4.000000000000000000e+00,2.595071215175571933e+00,7.721405575297553715e-04
4.000000000000000000e+00,2.598519460637897627e+00,1.361986299957214592e-03
4.000000000000000000e+00,2.601965960965542113e+00,1.456975543108841213e-03
4.000000000000000000e+00,2.605416140786058765e+00,1.420017509433351170e-03
4.000000000000000000e+00,2.608864503415107450e+00,1.431562517957109650e-03
4.000000000000000000e+00,2.612310998034201415e+00,1.331875149343233035e-03
4.000000000000000000e+00,2.615761092202567806e+00,1.209260263929645045e-03
4.000000000000000000e+00,2.619203711994529726e+00,1.169585213156932538e-03
4.000000000000000000e+00,2.622655405435940335e+00,6.123861748753156456e-04
4.000000000000000000e+00,2.626099521378967960e+00,6.591180504000132513e-04
4.000000000000000000e+00,2.629552694960589410e+00,1.446698962396512260e-04
4.000000000000000000e+00,2.632998187102616683e+00,8.415639710024928812e-05
4.000000000000000000e+00,2.636447114066393205e+00,8.364206749953072794e-05
4.000000000000000000e+00,2.639893846415254153e+00,5.784570060991924077e-05
4.000000000000000000e+00,2.643343967039275100e+00,6.726578332231379273e-05
4.000000000000000000e+00,2.646791816810129649e+00,5.571465410152010174e-05
4.000000000000000000e+00,2.650237342610351821e+00,5.039968057782036727e-05
4.000000000000000000e+00,2.653686170889210771e+00,6.039086039120305642e-05
4.000000000000000000e+00,2.657132597811020958e+00,4.819649275425869219e-05
4.000000000000000000e+00,2.660582278976152182e+00,4.759679533200123598e-05
4.000000000000000000e+00,2.664029480667215122e+00,4.687832427073008047e-05
4.000000000000000000e+00,2.667474148734945150e+00,4.639413943974161019e-05
4.000000000000000000e+00,2.670921982619566037e+00,5.332425973255656119e-05
4.000000000000000000e+00,2.674372972301618745e+00,4.750689785262510206e-05
4.000000000000000000e+00,2.677821324074959541e+00,4.813730890655914911e-05
4.000000000000000000e+00,2.681266982978278257e+00,5.476228695754659375e-05
4.000000000000000000e+00,2.684715707224760273e+00,4.624022092266566388e-05
4.000000000000000000e+00,2.688161657879166277e+00,4.580653728999437788e-05
4.000000000000000000e+00,2.691610622648888285e+00,4.335999734655386406e-05
4.000000000000000000e+00,2.695056732375022968e+00,4.117823552251853218e-05
4.000000000000000000e+00,2.698505804337753666e+00,3.924768838118603681e-05
4.000000000000000000e+00,2.701951939076299603e+00,3.706049767353290553e-05
4.000000000000000000e+00,2.705400983521141445e+00,3.611818057618570001e-05
4.000000000000000000e+00,2.708852926222422131e+00,3.532546083051672949e-05
4.000000000000000000e+00,2.712295888667945576e+00,3.498922260863990903e-05
4.000000000000000000e+00,2.715747614288411160e+00,3.601082402018281292e-05
4.000000000000000000e+00,2.719196209159163047e+00,3.728573465679210606e-05
4.000000000000000000e+00,2.722641615900502465e+00,3.864784404118415124e-05
4.000000000000000000e+00,2.726089770873740825e+00,4.052273110686058796e-05
4.000000000000000000e+00,2.729534652626857572e+00,4.395792303839867772e-05
4.000000000000000000e+00,2.732982227470418746e+00,4.558398413096160595e-05
4.000000000000000000e+00,2.736432482794700860e+00,4.856523521909738043e-05
4.000000000000000000e+00,2.739879351122726181e+00,5.092068535749079156e-05
4.000000000000000000e+00,2.743328843875850076e+00,5.173958789137287864e-05
4.000000000000000000e+00,2.746774862770038350e+00,5.516724515053704578e-05
4.000000000000000000e+00,2.750223449379463503e+00,5.872100256431173466e-05
4.000000000000000000e+00,2.753674590409778578e+00,5.740246132788990100e-05
4.000000000000000000e+00,2.757122141249363612e+00,6.667663038630551662e-05
4.000000000000000000e+00,2.760566042340017567e+00,9.157115407266941214e-05
4.000000000000000000e+00,2.764018557693985745e+00,2.528423463949530615e-04
4.000000000000000000e+00,2.767461187731447669e+00,2.519731684048899219e-04
4.000000000000000000e+00,2.770912404166737897e+00,3.617701411511132321e-04
4.000000000000000000e+00,2.774359822892734417e+00,3.523518174187968092e-04
4.000000000000000000e+00,2.777809606916736840e+00,3.144010606354078418e-04
4.000000000000000000e+00,2.781255502836574856e+00,3.127488872554343331e-04
4.000000000000000000e+00,2.784703704199829932e+00,2.784972788617971523e-04
4.000000000000000000e+00,2.788147926347539496e+00,1.400345293905133138e-04
4.000000000000000000e+00,2.791600678922760981e+00,1.572709543611150820e-04
4.000000000000000000e+00,2.795043090476260428e+00,5.468143615901224135e-05
4.000000000000000000e+00,2.798494002406115122e+00,4.296079247418822935e-05
4.000000000000000000e+00,2.801940781868234698e+00,2.802711285200972749e-05
4.000000000000000000e+00,2.805389714519748168e+00,3.923480664394767958e-05
4.000000000000000000e+00,2.808834421514795121e+00,3.697135568827983001e-05
4.000000000000000000e+00,2.812287598345081019e+00,3.650437608586549511e-05
4.000000000000000000e+00,2.815730092254171701e+00,2.568239082225307556e-05
4.000000000000000000e+00,2.819181024339006303e+00,3.681590913264466729e-05
4.000000000000000000e+00,2.822627573601432349e+00,3.664117591131668564e-05
4.000000000000000000e+00,2.826076118509744717e+00,3.741012952497245594e-05
4.000000000000000000e+00,2.829526642776947210e+00,2.944549340142927171e-05
4.000000000000000000e+00,2.832972656803320000e+00,3.825575635182029835e-05
4.000000000000000000e+00,2.836420585731449506e+00,3.937545721917746453e-05
4.000000000000000000e+00,2.839870412869007765e+00,4.063851722552187893e-05
4.000000000000000000e+00,2.843315600857695635e+00,3.614238888078162175e-05
4.000000000000000000e+00,2.846762621679029603e+00,2.962557673865242613e-05
4.000000000000000000e+00,2.850211458234488848e+00,4.280769882161746074e-05
4.000000000000000000e+00,2.853662093317443027e+00,4.318056123173844084e-05
4.000000000000000000e+00,2.857107925641209079e+00,4.420332712806393245e-05
4.000000000000000000e+00,2.860555489925645567e+00,3.181503751320337889e-05
4.000000000000000000e+00,2.864004768556617453e+00,4.302852092191279887e-05
4.000000000000000000e+00,2.867449112092238739e+00,4.316771694507816337e-05
4.000000000000000000e+00,2.870901750158041832e+00,4.387740101877002358e-05
4.000000000000000000e+00,2.874349385371875787e+00,3.558676803632881145e-05
4.000000000000000000e+00,2.877791951674792958e+00,3.070436511513523821e-05
4.000000000000000000e+00,2.881242774088754732e+00,4.173496963286335798e-05
4.000000000000000000e+00,2.884688458919366205e+00,4.326488449429022613e-05
4.000000000000000000e+00,2.888135667272326401e+00,4.755108324298531222e-05
4.000000000000000000e+00,2.891584380497048912e+00,3.311864496878879569e-05
4.000000000000000000e+00,2.895034579832586275e+00,6.475600818633991300e-05
4.000000000000000000e+00,2.898479470380316503e+00,7.873152829739408760e-05
4.000000000000000000e+00,2.901925776907095411e+00,6.992937780598442832e-05
4.000000000000000000e+00,2.905373480242120277e+00,7.573391201986273582e-05
4.000000000000000000e+00,2.908822561103622473e+00,7.401415357957536714e-05
4.000000000000000000e+00,2.912273000098660081e+00,3.706110623128564598e-05
4.000000000000000000e+00,2.915717920856395917e+00,2.483807978820162454e-05
4.000000000000000000e+00,2.919171001243166863e+00,1.901584826509135438e-05
4.000000000000000000e+00,2.922618491529225704e+00,2.386322944084918836e-05
4.000000000000000000e+00,2.926067228665903297e+00,3.067208912854726900e-05
4.000000000000000000e+00,2.929510270735431021e+00,6.882765408560654274e-05
4.000000000000000000e+00,2.932961425061571425e+00,1.390341420765022938e-04
4.000000000000000000e+00,2.936406811276298434e+00,1.593174501987441351e-04
4.000000000000000000e+00,2.939853330832565170e+00,1.749513734529095600e-04
4.000000000000000000e+00,2.943300963180315755e+00,1.786169057087216838e-04
4.000000000000000000e+00,2.946749687657017613e+00,1.211499985950490734e-04
4.000000000000000000e+00,2.950199483487491392e+00,3.902455933817360149e-05
4.000000000000000000e+00,2.953643293379428769e+00,3.455831017049652246e-05
4.000000000000000000e+00,2.957095152684269479e+00,3.086926815746310489e-05
4.000000000000000000e+00,2.960540951008748145e+00,4.115790808234144464e-05
4.000000000000000000e+00,2.963987703458273337e+00,1.140529867276882570e-04
4.000000000000000000e+00,2.967435388620835557e+00,1.473482962446775785e-04
4.000000000000000000e+00,2.970883984971168346e+00,1.548253425406361915e-04
4.000000000000000000e+00,2.974333470870613727e+00,1.287249656377978412e-04
4.000000000000000000e+00,2.977783824566972548e+00,5.053314010123780660e-05
4.000000000000000000e+00,2.981227855747897504e+00,2.896161068666928631e-05
4.000000000000000000e+00,2.984679862716122845e+00,2.049424721835033810e-05
4.000000000000000000e+00,2.988125469863089467e+00,2.403901993255982232e-05
4.000000000000000000e+00,2.991571823358956106e+00,1.838993780182047942e-05
4.000000000000000000e+00,2.995018900813596119e+00,2.068120849944507928e-05
4.000000000000000000e+00,2.998466679722951778e+00,2.235839054504304706e-05
4.000000000000000000e+00,3.001915137468924577e+00,1.877462665974253029e-05
4.000000000000000000e+00,3.005364251319263325e+00,2.079680172491018306e-05
4.000000000000000000e+00,3.008813998427458003e+00,2.291370901584917073e-05
4.000000000000000000e+00,3.012257037388338610e+00,2.255274993774796595e-05
4.000000000000000000e+00,3.015707965237110155e+00,3.476114891073845743e-05
4.000000000000000000e+00,3.019152105109111695e+00,8.517316621214805490e-05
4.000000000000000000e+00,3.022604120851319909e+00,1.777305499955145391e-04
4.000000000000000000e+00,3.026049268242209322e+00,1.943923010877997846e-04
4.000000000000000000e+00,3.029502278114438507e+00,1.997706091802348681e-04
4.000000000000000000e+00,3.032948338715878656e+00,1.486585881355865363e-04
4.000000000000000000e+00,3.036394811834639107e+00,2.715195593981140396e-05
4.000000000000000000e+00,3.039841673528437926e+00,2.074683996375428999e-05
4.000000000000000000e+00,3.043288899740312470e+00,1.811508284574803504e-05
4.000000000000000000e+00,3.046736466298560764e+00,1.867431808582354085e-05
4.000000000000000000e+00,3.050184348916684218e+00,1.518851174446373420e-05
4.000000000000000000e+00,3.053632523193331227e+00,1.781558752136835270e-05
4.000000000000000000e+00,3.057080964612250096e+00,1.676268794567988734e-05
4.000000000000000000e+00,3.060529648542242853e+00,1.752670062018228019e-05
4.000000000000000000e+00,3.063978550237123955e+00,1.410445970300885854e-05
4.000000000000000000e+00,3.067427644835680312e+00,1.655221060711265511e-05
4.000000000000000000e+00,3.070869301342692204e+00,1.430260307790716394e-05
4.000000000000000000e+00,3.074318689607980826e+00,1.671272882554076017e-05
4.000000000000000000e+00,3.077768195483054026e+00,1.283090479796398340e-05
4.000000000000000000e+00,3.081217793646421566e+00,1.525513272619720386e-05
4.000000000000000000e+00,3.084667458661439099e+00,9.828337308283934559e-06
4.000000000000000000e+00,3.088109473315589160e+00,1.575123977797259525e-05
4.000000000000000000e+00,3.091559178069081870e+00,1.302484872183825454e-05
4.000000000000000000e+00,3.095008872654115173e+00,1.558577613118602352e-05
4.000000000000000000e+00,3.098458531173472696e+00,1.353096281598455216e-05
5.000000000000000000e+00,1.033201653610002380e+00,5.555902524853116548e-05
5.000000000000000000e+00,1.036648509905437887e+00,5.293553409103622935e-05
5.000000000000000000e+00,1.040100990178184137e+00,7.207614336703276959e-05
5.000000000000000000e+00,1.043541409744891402e+00,5.067928274176868519e-05
5.000000000000000000e+00,1.046995823585744390e+00,8.277885514794866800e-05
5.000000000000000000e+00,1.050437583628032190e+00,1.035751740310645398e-04
5.000000000000000000e+00,1.053893087902487924e+00,1.067872249202102839e-04
5.000000000000000000e+00,1.057335332576050613e+00,5.373332653379764306e-05
5.000000000000000000e+00,1.060781985225874857e+00,8.244287173081599879e-05
5.000000000000000000e+00,1.064232911590460740e+00,7.445173793826791490e-05
5.000000000000000000e+00,1.067678780910228387e+00,6.228609840259459148e-05
5.000000000000000000e+00,1.071128529629983950e+00,8.945456932684594934e-05
5.000000000000000000e+00,1.074572702662508927e+00,6.838962238179432094e-05
5.000000000000000000e+00,1.078020349646558129e+00,8.957348008525241345e-05
5.000000000000000000e+00,1.081471323690731845e+00,9.189460865490165094e-05
5.000000000000000000e+00,1.084915982089606823e+00,7.691784438435258164e-05
5.000000000000000000e+00,1.088363545999756488e+00,1.013065547853669607e-04
5.000000000000000000e+00,1.091813861050743073e+00,8.956361600805600289e-05
5.000000000000000000e+00,1.095266770611309948e+00,1.022656717067603878e-04
5.000000000000000000e+00,1.098712379221057800e+00,1.308092706651490535e-04
5.000000000000000000e+00,1.102160139682824225e+00,9.886066178876097034e-05
5.000000000000000000e+00,1.105609887848336026e+00,1.695918437037193254e-04
5.000000000000000000e+00,1.109051536618574252e+00,1.726446143513228615e-04
5.000000000000000000e+00,1.112504696742819599e+00,3.112874281656798753e-04
5.000000000000000000e+00,1.115949293740889248e+00,1.041411037777130282e-03
5.000000000000000000e+00,1.119395074333696893e+00,1.635562578706826293e-04
5.000000000000000000e+00,1.122841862282197400e+00,9.941373269581166132e-05
5.000000000000000000e+00,1.126289479053798503e+00,1.051177495271926886e-04
5.000000000000000000e+00,1.129737743819367202e+00,1.170464470952119445e-04
5.000000000000000000e+00,1.133186473450812359e+00,9.264324099180217095e-05
5.000000000000000000e+00,1.136635482519254392e+00,1.216676848545591029e-04
5.000000000000000000e+00,1.140084583293795584e+00,9.808294029458392222e-05
5.000000000000000000e+00,1.143533585740903691e+00,1.035466181860319606e-04
5.000000000000000000e+00,1.146982297524425265e+00,1.168576199281130444e-04
5.000000000000000000e+00,1.150430524006237798e+00,1.079357710960926605e-04
5.000000000000000000e+00,1.153878068247559563e+00,1.201660855195111244e-04
5.000000000000000000e+00,1.157324731010923813e+00,1.265578867020595026e-04
5.000000000000000000e+00,1.160770310762838431e+00,1.306354729354344791e-04
5.000000000000000000e+00,1.164214603677135917e+00,2.076831220825283689e-04
5.000000000000000000e+00,1.167668400497266612e+00,3.655212402228588025e-04
5.000000000000000000e+00,1.171120625998415488e+00,2.417121868747140571e-03
5.000000000000000000e+00,1.174559942715855509e+00,3.699367949416655708e-04
5.000000000000000000e+00,1.178008327235415598e+00,1.574032978436941226e-04
5.000000000000000000e+00,1.181454502803455542e+00,9.046291865460108180e-05
5.000000000000000000e+00,1.184909576371423467e+00,9.645083071823627870e-05
5.000000000000000000e+00,1.188350746486732668e+00,8.132955587905808218e-05
5.000000000000000000e+00,1.191800505937655741e+00,7.125908373410850389e-05
5.000000000000000000e+00,1.195247307296760431e+00,7.855195004377594950e-05
5.000000000000000000e+00,1.198702514049813317e+00,6.557093651952123205e-05
5.000000000000000000e+00,1.202142786545922659e+00,6.738006348791587461e-05
5.000000000000000000e+00,1.205591140043370535e+00,6.182717512843726750e-05
5.000000000000000000e+00,1.209035753336976438e+00,6.168990909528891447e-05
5.000000000000000000e+00,1.212488249424975351e+00,5.587073234475657305e-05
5.000000000000000000e+00,1.215936669411375126e+00,5.374040300771333904e-05
5.000000000000000000e+00,1.219380774928699340e+00,5.440331376377993244e-05
5.000000000000000000e+00,1.222832385844900394e+00,5.128652860158949855e-05
5.000000000000000000e+00,1.226279334888139783e+00,5.616739427809914190e-05
5.000000000000000000e+00,1.229733574350838854e+00,5.275073864197682162e-05
5.000000000000000000e+00,1.233170531755207078e+00,4.901344787233673781e-05
5.000000000000000000e+00,1.236626754769601710e+00,4.907136831645912385e-05
5.000000000000000000e+00,1.240071397540547737e+00,4.746226284268053686e-05
5.000000000000000000e+00,1.243519070222651068e+00,4.236521697923715439e-05
5.000000000000000000e+00,1.246967154653694010e+00,5.008799966580605652e-05
5.000000000000000000e+00,1.250415497781240726e+00,4.313689640108252075e-05
5.000000000000000000e+00,1.253862676783799035e+00,4.243129721122481605e-05
5.000000000000000000e+00,1.257311064258814781e+00,4.627258956559313644e-05
5.000000000000000000e+00,1.260759240897736833e+00,4.395459554038022083e-05
5.000000000000000000e+00,1.264207046743897722e+00,4.479052146684982705e-05
5.000000000000000000e+00,1.267654320115332967e+00,4.210414500742872836e-05
5.000000000000000000e+00,1.271102200755174660e+00,4.165234519116431535e-05
5.000000000000000000e+00,1.274550544767100169e+00,3.855524148830199722e-05
5.000000000000000000e+00,1.277997889315403368e+00,4.106972728004439793e-05
5.000000000000000000e+00,1.281445390375948179e+00,3.924782263282253046e-05
5.000000000000000000e+00,1.284894230744600740e+00,3.233027826363892108e-04
5.000000000000000000e+00,1.288341604015153186e+00,9.946727311384143989e-05
5.000000000000000000e+00,1.291790028539698154e+00,8.022116516241288358e-05
5.000000000000000000e+00,1.295236666066327702e+00,6.254721292551547202e-05
5.000000000000000000e+00,1.298685420746003905e+00,8.538344606420478460e-05
5.000000000000000000e+00,1.302133444027384623e+00,8.382853819797099623e-05
5.000000000000000000e+00,1.305580577574009249e+00,9.745442514961122783e-05
5.000000000000000000e+00,1.309028043515950923e+00,1.472301688546638512e-04
5.000000000000000000e+00,1.312477091531541129e+00,1.026852711543010900e-04
5.000000000000000000e+00,1.315924809014811903e+00,6.093996690063708610e-04
5.000000000000000000e+00,1.319372435363264984e+00,5.600822951667694394e-04
5.000000000000000000e+00,1.322819826402583887e+00,7.927942299004902323e-04
5.000000000000000000e+00,1.326268255180863553e+00,1.342712964792063760e-03
5.000000000000000000e+00,1.329716170585721002e+00,1.627954444591183780e-03
5.000000000000000000e+00,1.333163424012906217e+00,2.884845683983427653e-03
5.000000000000000000e+00,1.336611306296568102e+00,5.150682893904756816e-03
5.000000000000000000e+00,1.340059688171604257e+00,1.337924319631198303e-02
5.000000000000000000e+00,1.343506983152011891e+00,6.781377190010118294e-02
5.000000000000000000e+00,1.346954500088000994e+00,5.077888482207482124e-01
5.000000000000000000e+00,1.350402105514702633e+00,7.010367455051338959e-02
5.000000000000000000e+00,1.353851142929214824e+00,2.411742978986260860e-02
5.000000000000000000e+00,1.357298526959496821e+00,1.211173201918105263e-02
5.000000000000000000e+00,1.360745590822140638e+00,8.589641545807567835e-03
5.000000000000000000e+00,1.364193696547052692e+00,6.712507438811242053e-03
5.000000000000000000e+00,1.367641217942653808e+00,5.517040346896001472e-03
5.000000000000000000e+00,1.371089529547983243e+00,5.165071018334795733e-03
5.000000000000000000e+00,1.374536987331586912e+00,4.614113361718332786e-03
5.000000000000000000e+00,1.377984978418452577e+00,4.478510265091117243e-03
5.000000000000000000e+00,1.381433380054019500e+00,4.457893890031768870e-03
5.000000000000000000e+00,1.384880521330998038e+00,4.433490595447332934e-03
5.000000000000000000e+00,1.388329363024976004e+00,4.872345267305415797e-03
5.000000000000000000e+00,1.391776677059926470e+00,6.879258349296956884e-03
5.000000000000000000e+00,1.395223882448662689e+00,4.615833799069853430e-03
5.000000000000000000e+00,1.398672427899403159e+00,4.321308953368334198e-03
5.000000000000000000e+00,1.402120620734581768e+00,4.020278102408121439e-03
5.000000000000000000e+00,1.405568329339426548e+00,4.788711850154667334e-03
5.000000000000000000e+00,1.409015420834496490e+00,2.989209295326314235e-03
5.000000000000000000e+00,1.412463370193455470e+00,2.758409229344109537e-03
5.000000000000000000e+00,1.415912065601631076e+00,4.799181002160526552e-04
5.000000000000000000e+00,1.419359769223903056e+00,2.535737698423014448e-04
5.000000000000000000e+00,1.422807976006567054e+00,3.238571771591930632e-04
5.000000000000000000e+00,1.426254929928600923e+00,1.860608278429860742e-04
5.000000000000000000e+00,1.429702139328395516e+00,2.504890485812227645e-04
5.000000000000000000e+00,1.433151143120694249e+00,1.406436139371518507e-04
5.000000000000000000e+00,1.436598517255286867e+00,1.592762323800621578e-04
5.000000000000000000e+00,1.440045790386240032e+00,2.006550212621212369e-04
5.000000000000000000e+00,1.443494521975932976e+00,1.601866605483859957e-04
5.000000000000000000e+00,1.446941236582872659e+00,2.358685876008256616e-04
5.000000000000000000e+00,1.450389180041976367e+00,2.648898564173887520e-04
5.000000000000000000e+00,1.453838251996353970e+00,4.964649511177705431e-04
5.000000000000000000e+00,1.457284925324613400e+00,1.397953820304141843e-03
5.000000000000000000e+00,1.460734211847596109e+00,1.259545529699330124e-03
5.000000000000000000e+00,1.464180845048669521e+00,3.104140357916660852e-04
5.000000000000000000e+00,1.467629883251738487e+00,2.217959441998459404e-04
5.000000000000000000e+00,1.471077754388882219e+00,3.491936979398923245e-04
5.000000000000000000e+00,1.474524327200595009e+00,5.194208631827904737e-04
5.000000000000000000e+00,1.477972992957279574e+00,7.655159761506068845e-04
5.000000000000000000e+00,1.481420127337121695e+00,1.574400406184744364e-03
5.000000000000000000e+00,1.484867374063010059e+00,2.943460831074794226e-03
5.000000000000000000e+00,1.488316408777387689e+00,6.389889559805727974e-03
5.000000000000000000e+00,1.491763554618141141e+00,4.052554355040470860e-03
5.000000000000000000e+00,1.495212280069660338e+00,1.615515240558670733e-03
5.000000000000000000e+00,1.498658873048627660e+00,9.953637567276583768e-04
5.000000000000000000e+00,1.502106833194010616e+00,7.862506491182582246e-04
5.000000000000000000e+00,1.505556069478128256e+00,3.544296195717323156e-04
5.000000000000000000e+00,1.509002816756937371e+00,2.566764145463464215e-04
5.000000000000000000e+00,1.512450621747667645e+00,1.768547498298449953e-04
5.000000000000000000e+00,1.515899390545454084e+00,1.418387711636955972e-04
5.000000000000000000e+00,1.519347166463247412e+00,1.323460746967647069e-04
5.000000000000000000e+00,1.522793828376461489e+00,9.267285156640351620e-05
5.000000000000000000e+00,1.526243011725259224e+00,8.392187170642389333e-05
5.000000000000000000e+00,1.529690869705549572e+00,7.996724720335633837e-05
5.000000000000000000e+00,1.533137278200958908e+00,7.783992358881142572e-05
5.000000000000000000e+00,1.536585920764031554e+00,7.571882585977269468e-05
5.000000000000000000e+00,1.540032896726395206e+00,7.663156908191892311e-05
5.000000000000000000e+00,1.543481921944640289e+00,9.884851305845106999e-05
5.000000000000000000e+00,1.546929059686635410e+00,1.259487501163117785e-04
5.000000000000000000e+00,1.550378058269135995e+00,4.431746789841548798e-04
5.000000000000000000e+00,1.553824944740700653e+00,7.757093904774686874e-04
5.000000000000000000e+00,1.557273500031404190e+00,1.909234099880652681e-04
5.000000000000000000e+00,1.560719714820170578e+00,9.248438017569707997e-05
5.000000000000000000e+00,1.564169376134801448e+00,6.023937767505484881e-05
5.000000000000000000e+00,1.567616482214771345e+00,3.450032688597510079e-05
5.000000000000000000e+00,1.571064879731063568e+00,3.477387537728850620e-05
5.000000000000000000e+00,1.574512485738055023e+00,2.807170552092974974e-05
5.000000000000000000e+00,1.577959189706325427e+00,3.269073307416569548e-05
5.000000000000000000e+00,1.581406897256678379e+00,8.544595170782846351e-05
5.000000000000000000e+00,1.584855522432401909e+00,9.774314313035183859e-05
5.000000000000000000e+00,1.588302943772037290e+00,8.846789990714373580e-05
5.000000000000000000e+00,1.591751090722121287e+00,6.517998152698304304e-05
5.000000000000000000e+00,1.595199874853490352e+00,6.254934373198329308e-05
5.000000000000000000e+00,1.598647145641136191e+00,9.169607907670018223e-05
5.000000000000000000e+00,1.602094856532214617e+00,8.936296253112997073e-05
5.000000000000000000e+00,1.605542916622857419e+00,9.320140508452560632e-05
5.000000000000000000e+00,1.608991234204249388e+00,2.324202286076809633e-04
5.000000000000000000e+00,1.612437619754361506e+00,2.685291043503447070e-04
5.000000000000000000e+00,1.615886164989974283e+00,3.352902939636281487e-04
5.000000000000000000e+00,1.619334687738118284e+00,1.588259437343422830e-03
5.000000000000000000e+00,1.622780969070306334e+00,2.367458921800518531e-03
5.000000000000000000e+00,1.626229152209530238e+00,3.941003750106964604e-03
5.000000000000000000e+00,1.629677025633883947e+00,1.378335253591702822e-02
5.000000000000000000e+00,1.633124491996673866e+00,5.929795794541418974e-02
5.000000000000000000e+00,1.636573613397329652e+00,6.685970540827632091e-02
5.000000000000000000e+00,1.640019979486558865e+00,2.654239379021571324e-02
5.000000000000000000e+00,1.643467820155198433e+00,1.529552233187415899e-02
5.000000000000000000e+00,1.646917062285312650e+00,1.139067416733807910e-02
5.000000000000000000e+00,1.650365435255503277e+00,1.006254062650235349e-02
5.000000000000000000e+00,1.653812836999978275e+00,9.639398068119513913e-03
5.000000000000000000e+00,1.657259164650972227e+00,9.606114575521223359e-03
5.000000000000000000e+00,1.660708763407247712e+00,1.022935991329667303e-02
5.000000000000000000e+00,1.664154883215130942e+00,9.385600694310750405e-03
5.000000000000000000e+00,1.667604119953681518e+00,1.051940054273815643e-02
5.000000000000000000e+00,1.671051918830441796e+00,1.337534170854958425e-02
5.000000000000000000e+00,1.674498173121963029e+00,4.806762374752315131e-03
5.000000000000000000e+00,1.677947317015475281e+00,5.552023872968746450e-03
5.000000000000000000e+00,1.681394737827663022e+00,6.485494932725928245e-03
5.000000000000000000e+00,1.684842616095019174e+00,2.363561670127843108e-03
5.000000000000000000e+00,1.688290870128017263e+00,2.962656908498938115e-03
5.000000000000000000e+00,1.691739417547214908e+00,1.774709830136876956e-03
5.000000000000000000e+00,1.695185857520615125e+00,1.876178974910502418e-03
5.000000000000000000e+00,1.698634732372025002e+00,1.537315938333147980e-03
5.000000000000000000e+00,1.702081312653158873e+00,7.607780621424024836e-04
5.000000000000000000e+00,1.705530177056598928e+00,5.298114981224712628e-04
5.000000000000000000e+00,1.708976556927202850e+00,3.180030549496909811e-04
5.000000000000000000e+00,1.712425067479531160e+00,2.374800250774227600e-04
5.000000000000000000e+00,1.715873275371869733e+00,2.175414927604587081e-04
5.000000000000000000e+00,1.719321092701248777e+00,1.499578244281595711e-04
5.000000000000000000e+00,1.722768430874836998e+00,1.393914159665036675e-04
5.000000000000000000e+00,1.726217603999769867e+00,1.769444256393186638e-04
5.000000000000000000e+00,1.729663724931680191e+00,1.693027505449258780e-04
5.000000000000000000e+00,1.733111519436391523e+00,2.681724443683933257e-04
5.000000000000000000e+00,1.736560925105470776e+00,5.249313316438705343e-04
5.000000000000000000e+00,1.740006995062806538e+00,1.499406339028685770e-03
5.000000000000000000e+00,1.743456962527776044e+00,1.736265992544820278e-03
5.000000000000000000e+00,1.746903408349857356e+00,7.832428489703418010e-04
5.000000000000000000e+00,1.750351151541850170e+00,5.130656516401728602e-04
5.000000000000000000e+00,1.753800126646169133e+00,3.284974234958989081e-04
5.000000000000000000e+00,1.757247777056210269e+00,3.738294949324139560e-04
5.000000000000000000e+00,1.760694006816462265e+00,4.244374402022317648e-04
5.000000000000000000e+00,1.764143739596276683e+00,5.092166461279142454e-04
5.000000000000000000e+00,1.767591897027504633e+00,5.601280929443510151e-04
5.000000000000000000e+00,1.771038381196035516e+00,2.709812897036699073e-04
5.000000000000000000e+00,1.774485633181389410e+00,2.049846692464078182e-04
5.000000000000000000e+00,1.777933583325450151e+00,1.383616502476972521e-04
5.000000000000000000e+00,1.781382161396555475e+00,9.628989795123806385e-05
5.000000000000000000e+00,1.784828727214625488e+00,1.055120521195867790e-04
5.000000000000000000e+00,1.788278338206535700e+00,1.254791845121712576e-04
5.000000000000000000e+00,1.791725773693539692e+00,1.401732752652255721e-04
5.000000000000000000e+00,1.795173530458859412e+00,3.318705139226791039e-04
5.000000000000000000e+00,1.798621535336541122e+00,2.325236206319201472e-04
5.000000000000000000e+00,1.802069714585547544e+00,1.462282960872067917e-04
5.000000000000000000e+00,1.805517993889585338e+00,9.545572871721488015e-05
5.000000000000000000e+00,1.808963659025256465e+00,5.974600865599901349e-05
5.000000000000000000e+00,1.812411903117165268e+00,5.930224993124245248e-05
5.000000000000000000e+00,1.815860020844046963e+00,3.934111701217215650e-05
5.000000000000000000e+00,1.819307935588295067e+00,3.329612260011394057e-05
5.000000000000000000e+00,1.822755570157104321e+00,4.217655406440216421e-05
5.000000000000000000e+00,1.826202846782678746e+00,3.397400178253623984e-05
5.000000000000000000e+00,1.829652387162471028e+00,3.089594901002802049e-05
5.000000000000000000e+00,1.833098722480798193e+00,3.206223059451185445e-05
5.000000000000000000e+00,1.836547183550738982e+00,2.015498094889540284e-05
5.000000000000000000e+00,1.839994990319506529e+00,2.653244680236149631e-05
5.000000000000000000e+00,1.843442062200313369e+00,2.018237699755140614e-05
5.000000000000000000e+00,1.846891069191275658e+00,1.996873747777243245e-05
5.000000000000000000e+00,1.850339198957712483e+00,2.272809367006187008e-05
5.000000000000000000e+00,1.853786369243562770e+00,2.015072859523642861e-05
5.000000000000000000e+00,1.857235279282900109e+00,2.419243724290433305e-05
5.000000000000000000e+00,1.860683084283182076e+00,3.359650834342351605e-05
5.000000000000000000e+00,1.864129700321005778e+00,4.506115183873710735e-05
5.000000000000000000e+00,1.867577856036589212e+00,9.365719040011638314e-05
5.000000000000000000e+00,1.871024674010875577e+00,1.252798682987572810e-04
5.000000000000000000e+00,1.874472902601166835e+00,2.024440625175360174e-04
5.000000000000000000e+00,1.877922486946779213e+00,2.313713258124201928e-04
5.000000000000000000e+00,1.881370516884421695e+00,2.660155773420135863e-04
5.000000000000000000e+00,1.884816905210515037e+00,2.642497197469513125e-04
5.000000000000000000e+00,1.888264439954679741e+00,2.656952987064815160e-04
5.000000000000000000e+00,1.891713064297456004e+00,2.449943648940525881e-04
5.000000000000000000e+00,1.895159824112871982e+00,2.214842848655555513e-04
5.000000000000000000e+00,1.898607537409636503e+00,2.082860259362608339e-04
5.000000000000000000e+00,1.902056145930849373e+00,2.090984637966475542e-04
5.000000000000000000e+00,1.905505590961838802e+00,2.085732521905362053e-04
5.000000000000000000e+00,1.908952874159341784e+00,1.662315556769808301e-04
5.000000000000000000e+00,1.912400853798377653e+00,1.140188428782598553e-04
5.000000000000000000e+00,1.915846509287635779e+00,1.580910408001282648e-04
5.000000000000000000e+00,1.919295690217159400e+00,1.862408556622252164e-04
5.000000000000000000e+00,1.922742403939026623e+00,2.277219213838700630e-04
5.000000000000000000e+00,1.926192541782736134e+00,2.293006020559843210e-04
5.000000000000000000e+00,1.929640067440181683e+00,1.072359002863507442e-04
5.000000000000000000e+00,1.933087900183826591e+00,9.898373262958361110e-05
5.000000000000000000e+00,1.936535977039756551e+00,7.560225950601456282e-05
5.000000000000000000e+00,1.939981199079960472e+00,4.776475009888668901e-05
5.000000000000000000e+00,1.943429562597383642e+00,5.494045227043352597e-05
5.000000000000000000e+00,1.946877978525087372e+00,3.849668724740945851e-05
5.000000000000000000e+00,1.950326382048422236e+00,5.634284011171603068e-05
5.000000000000000000e+00,1.953774707892369067e+00,7.012927819378882524e-05
5.000000000000000000e+00,1.957222890321566267e+00,7.653996403536900985e-05
5.000000000000000000e+00,1.960670863140387077e+00,1.455392064644586789e-04
5.000000000000000000e+00,1.964118559693055932e+00,1.590047146790824590e-04
5.000000000000000000e+00,1.967565912863812327e+00,2.108686780514322089e-04
5.000000000000000000e+00,1.971012855077121984e+00,1.964997362911071214e-04
5.000000000000000000e+00,1.974462462646853878e+00,1.483056659762628765e-04
5.000000000000000000e+00,1.977908389365796271e+00,2.750028539063969200e-04
5.000000000000000000e+00,1.981356866008052053e+00,2.611018602345145006e-04
5.000000000000000000e+00,1.984804678864102945e+00,2.267563592596734379e-04
5.000000000000000000e+00,1.988251758114388146e+00,2.091826050274081961e-04
5.000000000000000000e+00,1.991701232975213953e+00,1.024461999235827628e-04
5.000000000000000000e+00,1.995146644800939395e+00,1.543574166033424670e-04
5.000000000000000000e+00,1.998594332508543792e+00,1.108703647955057610e-04
5.000000000000000000e+00,2.002044257812201522e+00,1.063156127072680879e-04
5.000000000000000000e+00,2.005493138126538177e+00,2.492614434567450368e-04
5.000000000000000000e+00,2.008940900982242095e+00,4.929022244000122758e-04
5.000000000000000000e+00,2.012387473453392861e+00,1.772165649964151535e-03
5.000000000000000000e+00,2.015836059663349111e+00,2.430812384944549404e-03
5.000000000000000000e+00,2.019283330698162793e+00,3.419424576815168447e-03
5.000000000000000000e+00,2.022729212310859115e+00,6.981275657171358458e-03
5.000000000000000000e+00,2.026176941017666877e+00,6.186897255849003671e-03
5.000000000000000000e+00,2.029626475484230141e+00,5.168534370175986888e-03
5.000000000000000000e+00,2.033074440229836632e+00,3.454537620239091569e-03
5.000000000000000000e+00,2.036520759278852566e+00,3.391327172191472856e-03
5.000000000000000000e+00,2.039968712651890392e+00,3.505219219534504247e-03
5.000000000000000000e+00,2.043418257520000392e+00,1.552910713247908012e-03
5.000000000000000000e+00,2.046865971521828698e+00,8.371041303669637251e-04
5.000000000000000000e+00,2.050311776957185472e+00,2.567115477586842925e-04
5.000000000000000000e+00,2.053762399650157722e+00,3.292877809145842386e-04
5.000000000000000000e+00,2.057207589295852124e+00,5.188125558521688779e-04
5.000000000000000000e+00,2.060657507204084027e+00,3.232197638213073882e-04
5.000000000000000000e+00,2.064105270019382932e+00,4.427206290057296260e-04
5.000000000000000000e+00,2.067554245750138797e+00,4.043620662978843531e-04
5.000000000000000000e+00,2.071000929283012937e+00,4.396545980063615950e-04
5.000000000000000000e+00,2.074448710803403539e+00,3.331264561516681364e-04
5.000000000000000000e+00,2.077897543799790192e+00,3.988105901198222419e-04
5.000000000000000000e+00,2.081343887425238570e+00,5.126575563599558485e-04
5.000000000000000000e+00,2.084791165297932292e+00,6.283110186896363140e-04
5.000000000000000000e+00,2.088239329812072498e+00,6.928924585956498100e-04
5.000000000000000000e+00,2.091688333018982604e+00,5.151247444428897621e-04
5.000000000000000000e+00,2.095134586178464708e+00,3.855574254949889826e-04
5.000000000000000000e+00,2.098581557772516426e+00,2.771223524138351278e-04
5.000000000000000000e+00,2.102029198756936612e+00,2.198979365102812561e-04
5.000000000000000000e+00,2.105477459743749336e+00,2.281754043685367051e-04
5.000000000000000000e+00,2.108926291000885023e+00,2.238220389900496187e-04
5.000000000000000000e+00,2.112375642451898905e+00,1.952379784082731431e-04
5.000000000000000000e+00,2.115821852965775296e+00,1.678286078315224122e-04
5.000000000000000000e+00,2.119268458927962673e+00,1.525194187938203635e-04
5.000000000000000000e+00,2.122719043442534925e+00,1.636460051629790512e-04
5.000000000000000000e+00,2.126166298253410858e+00,2.459805481629452921e-04
5.000000000000000000e+00,2.129613793981704362e+00,2.886469813320381326e-04
5.000000000000000000e+00,2.133061478420649859e+00,3.324958523538965906e-04
5.000000000000000000e+00,2.136509299018463537e+00,2.642747180572046226e-04
5.000000000000000000e+00,2.139957202878268738e+00,1.620990416072652077e-04
5.000000000000000000e+00,2.143405136758036900e+00,3.279019052222084066e-04
5.000000000000000000e+00,2.146853047070562237e+00,2.921179033218506381e-04
5.000000000000000000e+00,2.150300879883457306e+00,9.033568450823618520e-04
5.000000000000000000e+00,2.153748580919182309e+00,9.199426641919155332e-04
5.000000000000000000e+00,2.157196095555092619e+00,9.351300173046429073e-04
5.000000000000000000e+00,2.160643368823523591e+00,5.293619638343268277e-03
5.000000000000000000e+00,2.164090345411897154e+00,8.060925087397988187e-03
5.000000000000000000e+00,2.167540759036654663e+00,1.297303048917010197e-02
5.000000000000000000e+00,2.170986987007442970e+00,1.341564407661005251e-02
5.000000000000000000e+00,2.174436563833112679e+00,1.013920774563440048e-02
5.000000000000000000e+00,2.177881817870748637e+00,7.488252264792843831e-03
5.000000000000000000e+00,2.181330331273712009e+00,1.588226269173729404e-03
5.000000000000000000e+00,2.184778233191368102e+00,1.349436257897315347e-03
5.000000000000000000e+00,2.188225465951995297e+00,1.804280520299555947e-04
5.000000000000000000e+00,2.191675845771210440e+00,2.453497695667205278e-04
5.000000000000000000e+00,2.195121578019079589e+00,2.965968113895399655e-04
5.000000000000000000e+00,2.198570364693557266e+00,2.373427813702143861e-04
5.000000000000000000e+00,2.202018272566464763e+00,4.078450574882739568e-04
5.000000000000000000e+00,2.205465242297680817e+00,3.161834473069756847e-04
5.000000000000000000e+00,2.208915149623194463e+00,5.250039022317298798e-04
5.000000000000000000e+00,2.212360075965002171e+00,2.765928827081709182e-04
5.000000000000000000e+00,2.215807844123076187e+00,4.194260123342371258e-04
5.000000000000000000e+00,2.219258430376216840e+00,2.609539602726865292e-04
5.000000000000000000e+00,2.222703841343263154e+00,4.029780535771350955e-04
5.000000000000000000e+00,2.226151972787215438e+00,4.153920237306268893e-04
5.000000000000000000e+00,2.229602800184150357e+00,2.489715255271391790e-04
5.000000000000000000e+00,2.233048254996186532e+00,2.635002438153128367e-04
5.000000000000000000e+00,2.236496306301955173e+00,1.067759567586152930e-04
5.000000000000000000e+00,2.239942882003202573e+00,1.086133111467871531e-04
5.000000000000000000e+00,2.243391978366607198e+00,5.836404285510325403e-05
5.000000000000000000e+00,2.246839497825367182e+00,9.916421253756357260e-05
5.000000000000000000e+00,2.250289461008770697e+00,6.346809383753074588e-05
5.000000000000000000e+00,2.253737744797115639e+00,7.187574666374404292e-05
5.000000000000000000e+00,2.257184284958505760e+00,9.708371404929353485e-05
5.000000000000000000e+00,2.260633138782280227e+00,5.510543669603755517e-05
5.000000000000000000e+00,2.264080144649337711e+00,6.154275512183505744e-05
5.000000000000000000e+00,2.267525237356025958e+00,3.191803849855544663e-05
5.000000000000000000e+00,2.270976670675578291e+00,4.388420336524599121e-05
5.000000000000000000e+00,2.274421937636212032e+00,2.489004645281297807e-05
5.000000000000000000e+00,2.277869304062661637e+00,3.053926068918071194e-05
5.000000000000000000e+00,2.281318741456848986e+00,1.991035662796711796e-05
5.000000000000000000e+00,2.284766010754516241e+00,2.152867842665359487e-05
5.000000000000000000e+00,2.288215267906648975e+00,2.328967937712270799e-05
5.000000000000000000e+00,2.291662247874864278e+00,2.449799989703664842e-05
5.000000000000000000e+00,2.295111131471099686e+00,3.818886703201251177e-05
5.000000000000000000e+00,2.298557627608458720e+00,2.769910548181255482e-05
5.000000000000000000e+00,2.302005942034049291e+00,3.725770452484478048e-05
5.000000000000000000e+00,2.305451757539699997e+00,2.072587069598230258e-05
5.000000000000000000e+00,2.308899304880597025e+00,3.341890814135239885e-05
5.000000000000000000e+00,2.312348553258873896e+00,2.022379879659616942e-05
5.000000000000000000e+00,2.315795146169584040e+00,2.697776248995834838e-05
5.000000000000000000e+00,2.319243352055508911e+00,1.845755419674889949e-05
5.000000000000000000e+00,2.322693139373734450e+00,1.690205510524723750e-05
5.000000000000000000e+00,2.326140112141752425e+00,1.329943957843297898e-05
5.000000000000000000e+00,2.329588576669208155e+00,1.266265322962685898e-05
5.000000000000000000e+00,2.333034110543464656e+00,1.404017877809693503e-05
5.000000000000000000e+00,2.336485448496548489e+00,1.593375316339610252e-05
5.000000000000000000e+00,2.339933764512273751e+00,1.764447773988246353e-05
5.000000000000000000e+00,2.343378986533309671e+00,2.108304156545227356e-05
5.000000000000000000e+00,2.346825484344305490e+00,2.338622016981141820e-05
5.000000000000000000e+00,2.350273224383027326e+00,2.671590519273163368e-05
5.000000000000000000e+00,2.353722172861167472e+00,3.094227504039133713e-05
5.000000000000000000e+00,2.357172295763969139e+00,3.359369427092322407e-05
5.000000000000000000e+00,2.360619064298897563e+00,4.939716931877648968e-05
5.000000000000000000e+00,2.364066912253343311e+00,3.125136403370094580e-05
5.000000000000000000e+00,2.367515804861286988e+00,4.480062129929483989e-05
5.000000000000000000e+00,2.370961173109878306e+00,2.712751764938842799e-05
5.000000000000000000e+00,2.374412036608912757e+00,2.632938331415751943e-05
5.000000000000000000e+00,2.377859278634326667e+00,2.468866330281130225e-05
5.000000000000000000e+00,2.381307397460132869e+00,2.436984371239919750e-05
5.000000000000000000e+00,2.384751770196041232e+00,2.711842969521612224e-05
5.000000000000000000e+00,2.388201521193179300e+00,2.749103948248369706e-05
5.000000000000000000e+00,2.391647426880533001e+00,2.517234708880898008e-05
5.000000000000000000e+00,2.395098664237783392e+00,2.302047791180028953e-05
5.000000000000000000e+00,2.398545956062328788e+00,2.338784007304174764e-05
5.000000000000000000e+00,2.401993878652857184e+00,2.237026180647756700e-05
5.000000000000000000e+00,2.405442394597158362e+00,2.156971172064998141e-05
5.000000000000000000e+00,2.408886786022795157e+00,2.111289292374152204e-05
5.000000000000000000e+00,2.412336362106710208e+00,1.886789406518876995e-05
5.000000000000000000e+00,2.415786417910278150e+00,1.900010697885792251e-05
5.000000000000000000e+00,2.419232194585697826e+00,2.168716742317983330e-05
5.000000000000000000e+00,2.422678347155437617e+00,2.244776313422140078e-05
5.000000000000000000e+00,2.426129584221891289e+00,2.415392825729576062e-05
5.000000000000000000e+00,2.429576385293707563e+00,2.537118223390794785e-05
5.000000000000000000e+00,2.433023445035121579e+00,2.930910820731037078e-05
5.000000000000000000e+00,2.436470723904829327e+00,3.176475440801389234e-05
5.000000000000000000e+00,2.439918182131624036e+00,3.796381729156809732e-05
5.000000000000000000e+00,2.443365779714331332e+00,3.843763949089196055e-05
5.000000000000000000e+00,2.446813476421755063e+00,3.816039626597858146e-05
5.000000000000000000e+00,2.450261231792639105e+00,3.787739233753275887e-05
5.000000000000000000e+00,2.453709005135639387e+00,5.164826732031013842e-05
5.000000000000000000e+00,2.457156755529312342e+00,5.230445609125276358e-05
5.000000000000000000e+00,2.460604441822116684e+00,7.292454836063793906e-05
5.000000000000000000e+00,2.464052022632424954e+00,3.957475450722901776e-05
5.000000000000000000e+00,2.467499456348555942e+00,1.252374895143459357e-04
5.000000000000000000e+00,2.470951625619067560e+00,1.041742089477214526e-04
5.000000000000000000e+00,2.474398653140896354e+00,3.538366151902135005e-04
5.000000000000000000e+00,2.477845407371735753e+00,2.168400684738592773e-04
5.000000000000000000e+00,2.481291845780071004e+00,5.456653301317383265e-04
5.000000000000000000e+00,2.484742905219031073e+00,3.391113503232006375e-04
5.000000000000000000e+00,2.488188597289541448e+00,2.845109790442033187e-04
5.000000000000000000e+00,2.491638851875302763e+00,7.360850196480049948e-05
5.000000000000000000e+00,2.495083624796248234e+00,1.185364086627846067e-04
5.000000000000000000e+00,2.498532900868154716e+00,4.970543428060317725e-05
5.000000000000000000e+00,2.501981628941128299e+00,6.311537796707840636e-05
5.000000000000000000e+00,2.505429764928409853e+00,4.262327395824240517e-05
5.000000000000000000e+00,2.508877264513888594e+00,4.795303149137612985e-05
5.000000000000000000e+00,2.512324083152320586e+00,3.374830074350650361e-05
5.000000000000000000e+00,2.515770176069546782e+00,3.432829647088808244e-05
5.000000000000000000e+00,2.519220617027636777e+00,2.714682638730048236e-05
5.000000000000000000e+00,2.522665137272860125e+00,2.768785219036641804e-05
5.000000000000000000e+00,2.526113942935153567e+00,2.676483156568027757e-05
5.000000000000000000e+00,2.529561869608954350e+00,2.833955503041085019e-05
5.000000000000000000e+00,2.533008871425249886e+00,2.941185228431375510e-05
5.000000000000000000e+00,2.536460091348755608e+00,1.573074462780931987e-05
5.000000000000000000e+00,2.539905119036357739e+00,3.230139914875999809e-05
5.000000000000000000e+00,2.543354300215602937e+00,1.590959247888510552e-05
5.000000000000000000e+00,2.546802399089612923e+00,3.707192876676892155e-05
5.000000000000000000e+00,2.550249368695818752e+00,1.729295807758725681e-04
5.000000000000000000e+00,2.553695161844585115e+00,1.812771653165124656e-04
5.000000000000000000e+00,2.557145005160321727e+00,5.682689776314076057e-04
5.000000000000000000e+00,2.560593605407676776e+00,3.961533442992150604e-04
5.000000000000000000e+00,2.564040914759595946e+00,4.975548217024275497e-04
5.000000000000000000e+00,2.567486885162802768e+00,8.147138203481948959e-05
5.000000000000000000e+00,2.570936799422715247e+00,1.272150770053064224e-04
5.000000000000000000e+00,2.574385306550782015e+00,5.611790685268035640e-05
5.000000000000000000e+00,2.577832357857054557e+00,6.257302023709364293e-05
5.000000000000000000e+00,2.581277904426420466e+00,6.268572284675318453e-05
5.000000000000000000e+00,2.584727285548704678e+00,2.990725075625890370e-05
5.000000000000000000e+00,2.588175092177919190e+00,4.796443206131065565e-05
5.000000000000000000e+00,2.591621274763594496e+00,1.592467708960105667e-05
5.000000000000000000e+00,2.595071215175571933e+00,4.287654175867332371e-05
5.000000000000000000e+00,2.598519460637897627e+00,5.079310486882049564e-05
5.000000000000000000e+00,2.601965960965542113e+00,1.978972271950927894e-05
5.000000000000000000e+00,2.605416140786058765e+00,4.756251505776724561e-05
5.000000000000000000e+00,2.608864503415107450e+00,2.709829649764136373e-05
5.000000000000000000e+00,2.612310998034201415e+00,7.233805267621638661e-05
5.000000000000000000e+00,2.615761092202567806e+00,1.174988496789377559e-04
5.000000000000000000e+00,2.619203711994529726e+00,5.691287904483192695e-05
5.000000000000000000e+00,2.622655405435940335e+00,5.453237737680039984e-04
5.000000000000000000e+00,2.626099521378967960e+00,4.066331607573698127e-04
5.000000000000000000e+00,2.629552694960589410e+00,9.180112723262557738e-04
5.000000000000000000e+00,2.632998187102616683e+00,5.421203563544338020e-04
5.000000000000000000e+00,2.636447114066393205e+00,6.164074819980847780e-05
5.000000000000000000e+00,2.639893846415254153e+00,1.215640830317604802e-04
5.000000000000000000e+00,2.643343967039275100e+00,3.911270036396436106e-05
5.000000000000000000e+00,2.646791816810129649e+00,1.366868362812525627e-05
5.000000000000000000e+00,2.650237342610351821e+00,2.971994601811608216e-05
5.000000000000000000e+00,2.653686170889210771e+00,1.750159989668335475e-05
5.000000000000000000e+00,2.657132597811020958e+00,2.825555951509558421e-05
5.000000000000000000e+00,2.660582278976152182e+00,2.088545044399785743e-05
5.000000000000000000e+00,2.664029480667215122e+00,9.836121494917093565e-06
5.000000000000000000e+00,2.667474148734945150e+00,2.166587266219471730e-05
5.000000000000000000e+00,2.670921982619566037e+00,1.381167553614369027e-05
5.000000000000000000e+00,2.674372972301618745e+00,6.686319853088085242e-06
5.000000000000000000e+00,2.677821324074959541e+00,1.962392374444668283e-05
5.000000000000000000e+00,2.681266982978278257e+00,1.255492822882765217e-05
5.000000000000000000e+00,2.684715707224760273e+00,8.708439185944548118e-06
5.000000000000000000e+00,2.688161657879166277e+00,1.545434834275715070e-05
5.000000000000000000e+00,2.691610622648888285e+00,4.748652987628086561e-06
5.000000000000000000e+00,2.695056732375022968e+00,9.223948940814022352e-06
5.000000000000000000e+00,2.698505804337753666e+00,1.472440378723727201e-05
5.000000000000000000e+00,2.701951939076299603e+00,5.000753723506251682e-06
5.000000000000000000e+00,2.705400983521141445e+00,9.929144691843038294e-06
5.000000000000000000e+00,2.708852926222422131e+00,1.479553101222364835e-05
5.000000000000000000e+00,2.712295888667945576e+00,7.244136915582669724e-06
5.000000000000000000e+00,2.715747614288411160e+00,5.189533903974291904e-06
5.000000000000000000e+00,2.719196209159163047e+00,1.591085641622464147e-05
5.000000000000000000e+00,2.722641615900502465e+00,1.026485281427049987e-05
5.000000000000000000e+00,2.726089770873740825e+00,5.808975925463083509e-06
5.000000000000000000e+00,2.729534652626857572e+00,1.690845184865883558e-05
5.000000000000000000e+00,2.732982227470418746e+00,1.125200117459574816e-05
5.000000000000000000e+00,2.736432482794700860e+00,1.058031101401457287e-05
5.000000000000000000e+00,2.739879351122726181e+00,1.693529542184503024e-05
5.000000000000000000e+00,2.743328843875850076e+00,8.816894228168081033e-06
5.000000000000000000e+00,2.746774862770038350e+00,1.344197191546592835e-05
5.000000000000000000e+00,2.750223449379463503e+00,1.663588212013314657e-05
5.000000000000000000e+00,2.753674590409778578e+00,5.724717699211961892e-06
5.000000000000000000e+00,2.757122141249363612e+00,1.113212629728676269e-05
5.000000000000000000e+00,2.760566042340017567e+00,6.446575914995490625e-06
5.000000000000000000e+00,2.764018557693985745e+00,1.673922015282580970e-05
5.000000000000000000e+00,2.767461187731447669e+00,1.113873712371243672e-05
5.000000000000000000e+00,2.770912404166737897e+00,1.197170522344256293e-05
5.000000000000000000e+00,2.774359822892734417e+00,9.001870797311066919e-06
5.000000000000000000e+00,2.777809606916736840e+00,2.692789366601659658e-05
5.000000000000000000e+00,2.781255502836574856e+00,1.738617563854466210e-05
5.000000000000000000e+00,2.784703704199829932e+00,2.879985126235386388e-05
5.000000000000000000e+00,2.788147926347539496e+00,1.445770720290082004e-04
5.000000000000000000e+00,2.791600678922760981e+00,1.275582478017659512e-04
5.000000000000000000e+00,2.795043090476260428e+00,1.136877645489565313e-04
5.000000000000000000e+00,2.798494002406115122e+00,1.679098607736028551e-05
5.000000000000000000e+00,2.801940781868234698e+00,3.211276115454240321e-05
5.000000000000000000e+00,2.805389714519748168e+00,1.452695905514166141e-05
5.000000000000000000e+00,2.808834421514795121e+00,6.411507326678088882e-06
5.000000000000000000e+00,2.812287598345081019e+00,7.829336758075090616e-06
5.000000000000000000e+00,2.815730092254171701e+00,1.683722120455960139e-05
5.000000000000000000e+00,2.819181024339006303e+00,9.431508106526717068e-06
5.000000000000000000e+00,2.822627573601432349e+00,4.931891504726789681e-06
5.000000000000000000e+00,2.826076118509744717e+00,1.087922995716457775e-05
5.000000000000000000e+00,2.829526642776947210e+00,8.395377984628612676e-06
5.000000000000000000e+00,2.832972656803320000e+00,5.842667865226893641e-06
5.000000000000000000e+00,2.836420585731449506e+00,4.735053553676175559e-06
5.000000000000000000e+00,2.839870412869007765e+00,1.023480264657095982e-05
5.000000000000000000e+00,2.843315600857695635e+00,4.812280418325583772e-06
5.000000000000000000e+00,2.846762621679029603e+00,1.548216883536879677e-05
5.000000000000000000e+00,2.850211458234488848e+00,8.769720942712906151e-06
5.000000000000000000e+00,2.853662093317443027e+00,6.385888361807689696e-06
5.000000000000000000e+00,2.857107925641209079e+00,4.920695640753780148e-06
5.000000000000000000e+00,2.860555489925645567e+00,1.107302215135085471e-05
5.000000000000000000e+00,2.864004768556617453e+00,7.615508843158462259e-06
5.000000000000000000e+00,2.867449112092238739e+00,3.940003697220999089e-06
5.000000000000000000e+00,2.870901750158041832e+00,1.125798447356569131e-05
5.000000000000000000e+00,2.874349385371875787e+00,6.454114190354097657e-06
5.000000000000000000e+00,2.877791951674792958e+00,9.825113562485927583e-06
5.000000000000000000e+00,2.881242774088754732e+00,5.871905349076941381e-06
5.000000000000000000e+00,2.884688458919366205e+00,7.673924964425894781e-06
5.000000000000000000e+00,2.888135667272326401e+00,4.154624531724863844e-06
5.000000000000000000e+00,2.891584380497048912e+00,9.955723069701910756e-06
5.000000000000000000e+00,2.895034579832586275e+00,4.458006183614022242e-06
5.000000000000000000e+00,2.898479470380316503e+00,1.013997760792754352e-05
5.000000000000000000e+00,2.901925776907095411e+00,1.306388497995906599e-05
5.000000000000000000e+00,2.905373480242120277e+00,1.100702705247548375e-05
5.000000000000000000e+00,2.908822561103622473e+00,5.999081418209749092e-06
5.000000000000000000e+00,2.912273000098660081e+00,4.121776878394617334e-05
5.000000000000000000e+00,2.915717920856395917e+00,2.325244683373835214e-05
5.000000000000000000e+00,2.919171001243166863e+00,5.536775873129851967e-06
5.000000000000000000e+00,2.922618491529225704e+00,3.626796109036144502e-06
5.000000000000000000e+00,2.926067228665903297e+00,2.839905684216394880e-06
5.000000000000000000e+00,2.929510270735431021e+00,6.753799693773730800e-06
5.000000000000000000e+00,2.936406811276298434e+00,5.673049577905188848e-06
5.000000000000000000e+00,2.939853330832565170e+00,7.953034086168790060e-06
5.000000000000000000e+00,2.943300963180315755e+00,1.196992474935415236e-05
5.000000000000000000e+00,2.946749687657017613e+00,7.847282074021235505e-05
5.000000000000000000e+00,2.950199483487491392e+00,9.800322622052716395e-05
5.000000000000000000e+00,2.953643293379428769e+00,1.663622530056874360e-05
5.000000000000000000e+00,2.957095152684269479e+00,1.009929987019702894e-05
5.000000000000000000e+00,2.960540951008748145e+00,8.051242976444035137e-06
5.000000000000000000e+00,2.963987703458273337e+00,4.774752176305639725e-06
5.000000000000000000e+00,2.967435388620835557e+00,9.875570178447761916e-06
5.000000000000000000e+00,2.970883984971168346e+00,7.763632466204571495e-06
5.000000000000000000e+00,2.974333470870613727e+00,3.102882359337966097e-05
5.000000000000000000e+00,2.977783824566972548e+00,8.646751318990404883e-05
5.000000000000000000e+00,2.981227855747897504e+00,3.489008551141459930e-05
5.000000000000000000e+00,2.984679862716122845e+00,1.141796057114887706e-05
5.000000000000000000e+00,2.988125469863089467e+00,3.444324624421688748e-06
5.000000000000000000e+00,2.991571823358956106e+00,6.761507694338708716e-06
5.000000000000000000e+00,2.995018900813596119e+00,4.285708533873086660e-06
5.000000000000000000e+00,2.998466679722951778e+00,2.795253606476457089e-06
5.000000000000000000e+00,3.001915137468924577e+00,5.889258399476504378e-06
5.000000000000000000e+00,3.005364251319263325e+00,4.422176491533480984e-06
5.000000000000000000e+00,3.008813998427458003e+00,3.509293401741714672e-06
5.000000000000000000e+00,3.012257037388338610e+00,6.612397894500633511e-06
5.000000000000000000e+00,3.015707965237110155e+00,2.665625463130050561e-06
5.000000000000000000e+00,3.019152105109111695e+00,6.831373754800777978e-06
5.000000000000000000e+00,3.022604120851319909e+00,5.090784689017497448e-06
5.000000000000000000e+00,3.026049268242209322e+00,6.216250938724622924e-06
5.000000000000000000e+00,3.029502278114438507e+00,1.172582730226692525e-05
5.000000000000000000e+00,3.036394811834639107e+00,1.643550326412554426e-05
5.000000000000000000e+00,3.039841673528437926e+00,9.862521297566760419e-06
5.000000000000000000e+00,3.043288899740312470e+00,7.448204404365932201e-06
5.000000000000000000e+00,3.046736466298560764e+00,4.361657183813673720e-06
5.000000000000000000e+00,3.053632523193331227e+00,3.272749524753431672e-06
5.000000000000000000e+00,3.057080964612250096e+00,3.512543127262579889e-06
5.000000000000000000e+00,3.060529648542242853e+00,2.055391646527611978e-06
5.000000000000000000e+00,3.070869301342692204e+00,4.491318301633246798e-06
5.000000000000000000e+00,3.074318689607980826e+00,1.960798209985631780e-06
5.000000000000000000e+00,3.077768195483054026e+00,4.827702704861358841e-06
5.000000000000000000e+00,3.084667458661439099e+00,2.577126747877081866e-06
5.000000000000000000e+00,3.088109473315589160e+00,2.091266105052808657e-06
5.000000000000000000e+00,3.091559178069081870e+00,4.418249041871510316e-06
5.000000000000000000e+00,3.095008872654115173e+00,1.733812568516596167e-06
6.000000000000000000e+00,1.098712379221057800e+00,1.444592141150947886e-04
6.000000000000000000e+00,1.102160139682824225e+00,1.288595981035618157e-04
6.000000000000000000e+00,1.105609887848336026e+00,2.124209829512232941e-04
6.000000000000000000e+00,1.109051536618574252e+00,2.131610508248434261e-04
6.000000000000000000e+00,1.112504696742819599e+00,2.765021398058393532e-04
6.000000000000000000e+00,1.115949293740889248e+00,4.989598909935677624e-04
6.000000000000000000e+00,1.119395074333696893e+00,1.886814839856523415e-04
6.000000000000000000e+00,1.122841862282197400e+00,1.736768283230024691e-04
6.000000000000000000e+00,1.126289479053798503e+00,1.777094528526216828e-04
6.000000000000000000e+00,1.129737743819367202e+00,1.902468396322287150e-04
6.000000000000000000e+00,1.133186473450812359e+00,1.424062271236150050e-04
6.000000000000000000e+00,1.136635482519254392e+00,1.764275548482518400e-04
6.000000000000000000e+00,1.140084583293795584e+00,1.733440916682325199e-04
6.000000000000000000e+00,1.143533585740903691e+00,1.611161925274769732e-04
6.000000000000000000e+00,1.146982297524425265e+00,1.832454130644278344e-04
6.000000000000000000e+00,1.150430524006237798e+00,1.498838296107934888e-04
6.000000000000000000e+00,1.153878068247559563e+00,1.951031684624425012e-04
6.000000000000000000e+00,1.157324731010923813e+00,1.869217102445639757e-04
6.000000000000000000e+00,1.160770310762838431e+00,1.760207923555411091e-04
6.000000000000000000e+00,1.164214603677135917e+00,2.378754100791292318e-04
6.000000000000000000e+00,1.167668400497266612e+00,2.816235503508886652e-04
6.000000000000000000e+00,1.171120625998415488e+00,7.060344568935970899e-04
6.000000000000000000e+00,1.174559942715855509e+00,2.389694362054673176e-04
6.000000000000000000e+00,1.178008327235415598e+00,1.885462516437006895e-04
6.000000000000000000e+00,1.181454502803455542e+00,1.242193110847253465e-04
6.000000000000000000e+00,1.184909576371423467e+00,1.338268002635855985e-04
6.000000000000000000e+00,1.188350746486732668e+00,1.190203975518996801e-04
6.000000000000000000e+00,1.191800505937655741e+00,1.134215934519448502e-04
6.000000000000000000e+00,1.195247307296760431e+00,1.205807481696761699e-04
6.000000000000000000e+00,1.198702514049813317e+00,9.637518583617542560e-05
6.000000000000000000e+00,1.202142786545922659e+00,1.022232345887293830e-04
6.000000000000000000e+00,1.205591140043370535e+00,9.818054646556354024e-05
6.000000000000000000e+00,1.209035753336976438e+00,9.195245229741047912e-05
6.000000000000000000e+00,1.212488249424975351e+00,9.018651805944842852e-05
6.000000000000000000e+00,1.215936669411375126e+00,8.443699072806538507e-05
6.000000000000000000e+00,1.219380774928699340e+00,8.116979973789116695e-05
6.000000000000000000e+00,1.222832385844900394e+00,7.748389103976241737e-05
6.000000000000000000e+00,1.226279334888139783e+00,7.612651281476451206e-05
6.000000000000000000e+00,1.229733574350838854e+00,7.836663566113733533e-05
6.000000000000000000e+00,1.233170531755207078e+00,7.516621098491423699e-05
6.000000000000000000e+00,1.236626754769601710e+00,7.035504479972213220e-05
6.000000000000000000e+00,1.240071397540547737e+00,6.933242682235443049e-05
6.000000000000000000e+00,1.243519070222651068e+00,6.876768200846703589e-05
6.000000000000000000e+00,1.246967154653694010e+00,6.914052700255785011e-05
6.000000000000000000e+00,1.250415497781240726e+00,6.310153500460178222e-05
6.000000000000000000e+00,1.253862676783799035e+00,6.604739275410109202e-05
6.000000000000000000e+00,1.257311064258814781e+00,5.951477555797192199e-05
6.000000000000000000e+00,1.260759240897736833e+00,5.907442338569449521e-05
6.000000000000000000e+00,1.264207046743897722e+00,6.193301802236991045e-05
6.000000000000000000e+00,1.267654320115332967e+00,6.027066610363977247e-05
6.000000000000000000e+00,1.271102200755174660e+00,6.267683731050416947e-05
6.000000000000000000e+00,1.274550544767100169e+00,5.742597659932929837e-05
6.000000000000000000e+00,1.277997889315403368e+00,5.687531475875355299e-05
6.000000000000000000e+00,1.281445390375948179e+00,6.174781763386807173e-05
6.000000000000000000e+00,1.284894230744600740e+00,1.232732356975995639e-04
6.000000000000000000e+00,1.288341604015153186e+00,6.116095324455997817e-05
6.000000000000000000e+00,1.291790028539698154e+00,6.666779594906532846e-05
6.000000000000000000e+00,1.295236666066327702e+00,6.301563568218071433e-05
6.000000000000000000e+00,1.298685420746003905e+00,6.176788594777947385e-05
6.000000000000000000e+00,1.302133444027384623e+00,6.062437512312508878e-05
6.000000000000000000e+00,1.305580577574009249e+00,6.358847694834389886e-05
6.000000000000000000e+00,1.309028043515950923e+00,6.504983794790943118e-05
6.000000000000000000e+00,1.312477091531541129e+00,5.771890361923672652e-05
6.000000000000000000e+00,1.315924809014811903e+00,6.340715416750350886e-05
6.000000000000000000e+00,1.319372435363264984e+00,6.204430499629237270e-05
6.000000000000000000e+00,1.322819826402583887e+00,6.407681958317412870e-05
6.000000000000000000e+00,1.326268255180863553e+00,6.695388921474753740e-05
6.000000000000000000e+00,1.329716170585721002e+00,5.974149465496407339e-05
6.000000000000000000e+00,1.333163424012906217e+00,7.536006132094143120e-05
6.000000000000000000e+00,1.336611306296568102e+00,7.510296502648413849e-05
6.000000000000000000e+00,1.340059688171604257e+00,1.251277664336422971e-04
6.000000000000000000e+00,1.343506983152011891e+00,4.218104757694729739e-04
6.000000000000000000e+00,1.346954500088000994e+00,4.474982141064394285e-03
6.000000000000000000e+00,1.350402105514702633e+00,8.270044188282811917e-04
6.000000000000000000e+00,1.353851142929214824e+00,3.542931053291524545e-04
6.000000000000000000e+00,1.357298526959496821e+00,2.709392934458717574e-04
6.000000000000000000e+00,1.360745590822140638e+00,2.073219431198814562e-04
6.000000000000000000e+00,1.364193696547052692e+00,2.259941051480633841e-04
6.000000000000000000e+00,1.367641217942653808e+00,2.082457599971102708e-04
6.000000000000000000e+00,1.371089529547983243e+00,1.935964887931110020e-04
6.000000000000000000e+00,1.374536987331586912e+00,2.411755520141940605e-04
6.000000000000000000e+00,1.377984978418452577e+00,2.369295379184347653e-04
6.000000000000000000e+00,1.381433380054019500e+00,2.648057635554640918e-04
6.000000000000000000e+00,1.384880521330998038e+00,2.441317359673225371e-04
6.000000000000000000e+00,1.388329363024976004e+00,2.894402943659492257e-04
6.000000000000000000e+00,1.391776677059926470e+00,6.220864993825333655e-04
6.000000000000000000e+00,1.395223882448662689e+00,4.252093207549247512e-04
6.000000000000000000e+00,1.398672427899403159e+00,7.116339850952735097e-04
6.000000000000000000e+00,1.402120620734581768e+00,1.141817970388670292e-03
6.000000000000000000e+00,1.405568329339426548e+00,8.468752387748473050e-04
6.000000000000000000e+00,1.409015420834496490e+00,3.250259626074510511e-03
6.000000000000000000e+00,1.412463370193455470e+00,5.735983562441072936e-03
6.000000000000000000e+00,1.415912065601631076e+00,7.749143189894170704e-03
6.000000000000000000e+00,1.419359769223903056e+00,6.694762215812119846e-03
6.000000000000000000e+00,1.422807976006567054e+00,7.005977854054870266e-03
6.000000000000000000e+00,1.426254929928600923e+00,7.755398813730047039e-03
6.000000000000000000e+00,1.429702139328395516e+00,8.481853289561584047e-03
6.000000000000000000e+00,1.433151143120694249e+00,9.613970490727555274e-03
6.000000000000000000e+00,1.436598517255286867e+00,1.077703432700861073e-02
6.000000000000000000e+00,1.440045790386240032e+00,1.242514673524547711e-02
6.000000000000000000e+00,1.443494521975932976e+00,1.471902215818839815e-02
6.000000000000000000e+00,1.446941236582872659e+00,1.810238255355553841e-02
6.000000000000000000e+00,1.450389180041976367e+00,2.425441660372081032e-02
6.000000000000000000e+00,1.453838251996353970e+00,3.744415508600380110e-02
6.000000000000000000e+00,1.457284925324613400e+00,7.177089823953687608e-02
6.000000000000000000e+00,1.460734211847596109e+00,2.677043225176714905e-02
6.000000000000000000e+00,1.464180845048669521e+00,2.398455502229173905e-02
6.000000000000000000e+00,1.467629883251738487e+00,3.385059432454462502e-02
6.000000000000000000e+00,1.471077754388882219e+00,4.827530854834993779e-02
6.000000000000000000e+00,1.474524327200595009e+00,7.289801291464527433e-02
6.000000000000000000e+00,1.477972992957279574e+00,1.202101885686849281e-01
6.000000000000000000e+00,1.481420127337121695e+00,2.280464078011584794e-01
6.000000000000000000e+00,1.484867374063010059e+00,4.898646457719768588e-01
6.000000000000000000e+00,1.488316408777387689e+00,8.644384094818895470e-01
6.000000000000000000e+00,1.491763554618141141e+00,5.322875815606460392e-01
6.000000000000000000e+00,1.495212280069660338e+00,2.197117014772394794e-01
6.000000000000000000e+00,1.498658873048627660e+00,1.104116785792123717e-01
6.000000000000000000e+00,1.502106833194010616e+00,6.450985588194566023e-02
6.000000000000000000e+00,1.505556069478128256e+00,2.992495593226650666e-02
6.000000000000000000e+00,1.509002816756937371e+00,1.894964243165862469e-02
6.000000000000000000e+00,1.512450621747667645e+00,7.083245463325863953e-03
6.000000000000000000e+00,1.515899390545454084e+00,7.328765664218550059e-03
6.000000000000000000e+00,1.519347166463247412e+00,8.271048168068105035e-04
6.000000000000000000e+00,1.522793828376461489e+00,8.273873102163176521e-04
6.000000000000000000e+00,1.526243011725259224e+00,6.460120723973756997e-04
6.000000000000000000e+00,1.529690869705549572e+00,5.266224943759690094e-04
6.000000000000000000e+00,1.533137278200958908e+00,5.785779347923940318e-04
6.000000000000000000e+00,1.536585920764031554e+00,3.428923080152822484e-04
6.000000000000000000e+00,1.540032896726395206e+00,4.340265253594308799e-04
6.000000000000000000e+00,1.543481921944640289e+00,6.265897762690430649e-04
6.000000000000000000e+00,1.546929059686635410e+00,9.631911578284180469e-04
6.000000000000000000e+00,1.550378058269135995e+00,3.395661115012260905e-03
6.000000000000000000e+00,1.553824944740700653e+00,4.384633520606730228e-03
6.000000000000000000e+00,1.557273500031404190e+00,1.035775217654812640e-03
6.000000000000000000e+00,1.560719714820170578e+00,3.772565477922644787e-04
6.000000000000000000e+00,1.564169376134801448e+00,1.547748115973871614e-04
6.000000000000000000e+00,1.567616482214771345e+00,1.159961063709331175e-04
6.000000000000000000e+00,1.571064879731063568e+00,7.628465078112219131e-05
6.000000000000000000e+00,1.574512485738055023e+00,6.261725211985242072e-05
6.000000000000000000e+00,1.577959189706325427e+00,5.117392533320099250e-05
6.000000000000000000e+00,1.581406897256678379e+00,5.254989408464315543e-05
6.000000000000000000e+00,1.584855522432401909e+00,7.070687166158901504e-05
6.000000000000000000e+00,1.588302943772037290e+00,4.949944126994469884e-05
6.000000000000000000e+00,1.591751090722121287e+00,4.878315199613817972e-05
6.000000000000000000e+00,1.595199874853490352e+00,4.385221001444900046e-05
6.000000000000000000e+00,1.598647145641136191e+00,3.852877394933628113e-05
6.000000000000000000e+00,1.602094856532214617e+00,3.997923183817943683e-05
6.000000000000000000e+00,1.605542916622857419e+00,3.693492330945126353e-05
6.000000000000000000e+00,1.608991234204249388e+00,3.760402703469041899e-05
6.000000000000000000e+00,1.612437619754361506e+00,4.615736878025830973e-05
6.000000000000000000e+00,1.615886164989974283e+00,4.778007857422607112e-05
6.000000000000000000e+00,1.619334687738118284e+00,6.477365885105583671e-05
6.000000000000000000e+00,1.622780969070306334e+00,7.736503428114430451e-05
6.000000000000000000e+00,1.626229152209530238e+00,1.234393932150857449e-04
6.000000000000000000e+00,1.629677025633883947e+00,3.663512871731453469e-04
6.000000000000000000e+00,1.633124491996673866e+00,1.424238172251473047e-03
6.000000000000000000e+00,1.636573613397329652e+00,2.094800515726269810e-03
6.000000000000000000e+00,1.640019979486558865e+00,8.780855974972574200e-04
6.000000000000000000e+00,1.643467820155198433e+00,5.376293259990759044e-04
6.000000000000000000e+00,1.646917062285312650e+00,5.724233285319486799e-04
6.000000000000000000e+00,1.650365435255503277e+00,5.180072229078473613e-04
6.000000000000000000e+00,1.653812836999978275e+00,5.318388216117821620e-04
6.000000000000000000e+00,1.657259164650972227e+00,8.398285228534466650e-04
6.000000000000000000e+00,1.660708763407247712e+00,9.543748468126445495e-04
6.000000000000000000e+00,1.664154883215130942e+00,3.069969881599018263e-03
6.000000000000000000e+00,1.667604119953681518e+00,3.801974835878890041e-03
6.000000000000000000e+00,1.671051918830441796e+00,3.639062668003065389e-03
6.000000000000000000e+00,1.674498173121963029e+00,1.593154170112160567e-02
6.000000000000000000e+00,1.677947317015475281e+00,2.060939977343759916e-02
6.000000000000000000e+00,1.681394737827663022e+00,2.722333011070020292e-02
6.000000000000000000e+00,1.684842616095019174e+00,4.113609787800022455e-02
6.000000000000000000e+00,1.688290870128017263e+00,5.192431830860838593e-02
6.000000000000000000e+00,1.691739417547214908e+00,6.057701747206482162e-02
6.000000000000000000e+00,1.695185857520615125e+00,5.791360679606705197e-02
6.000000000000000000e+00,1.698634732372025002e+00,4.581926066506234602e-02
6.000000000000000000e+00,1.702081312653158873e+00,3.150403743961405906e-02
6.000000000000000000e+00,1.705530177056598928e+00,2.016717983786132234e-02
6.000000000000000000e+00,1.708976556927202850e+00,1.234280908887809905e-02
6.000000000000000000e+00,1.712425067479531160e+00,7.401120991977815609e-03
6.000000000000000000e+00,1.715873275371869733e+00,4.234677275309770700e-03
6.000000000000000000e+00,1.719321092701248777e+00,2.301267542706619297e-03
6.000000000000000000e+00,1.722768430874836998e+00,1.351988266936881818e-03
6.000000000000000000e+00,1.726217603999769867e+00,1.606431743584149077e-03
6.000000000000000000e+00,1.729663724931680191e+00,4.255765221975306087e-03
6.000000000000000000e+00,1.733111519436391523e+00,1.354349050282589555e-02
6.000000000000000000e+00,1.736560925105470776e+00,4.799262553472279785e-02
6.000000000000000000e+00,1.740006995062806538e+00,1.747559532719371311e-01
6.000000000000000000e+00,1.743456962527776044e+00,2.178965194728798016e-01
6.000000000000000000e+00,1.746903408349857356e+00,1.161239596637880928e-01
6.000000000000000000e+00,1.750351151541850170e+00,7.058556797432957719e-02
6.000000000000000000e+00,1.753800126646169133e+00,5.208444418331314996e-02
6.000000000000000000e+00,1.757247777056210269e+00,4.683737482322234552e-02
6.000000000000000000e+00,1.760694006816462265e+00,4.264847773598681030e-02
6.000000000000000000e+00,1.764143739596276683e+00,4.601471703727669921e-02
6.000000000000000000e+00,1.767591897027504633e+00,1.212375715852269213e-02
6.000000000000000000e+00,1.771038381196035516e+00,6.812951720699346805e-03
6.000000000000000000e+00,1.774485633181389410e+00,2.044785951081281791e-03
6.000000000000000000e+00,1.777933583325450151e+00,4.532875493643688004e-04
6.000000000000000000e+00,1.781382161396555475e+00,4.450053197060304202e-04
6.000000000000000000e+00,1.784828727214625488e+00,4.386864843459481488e-04
6.000000000000000000e+00,1.788278338206535700e+00,7.805929816049625523e-04
6.000000000000000000e+00,1.791725773693539692e+00,1.937399639353536932e-03
6.000000000000000000e+00,1.795173530458859412e+00,2.758002364607295594e-03
6.000000000000000000e+00,1.798621535336541122e+00,2.900282435286117167e-03
6.000000000000000000e+00,1.802069714585547544e+00,9.609600278908772856e-04
6.000000000000000000e+00,1.805517993889585338e+00,5.528653306737017856e-04
6.000000000000000000e+00,1.808963659025256465e+00,3.683236805970176446e-04
6.000000000000000000e+00,1.812411903117165268e+00,2.150808444345263259e-04
6.000000000000000000e+00,1.815860020844046963e+00,1.871175606929401743e-04
6.000000000000000000e+00,1.819307935588295067e+00,1.311437165771122510e-04
6.000000000000000000e+00,1.822755570157104321e+00,1.137666345242792782e-04
6.000000000000000000e+00,1.826202846782678746e+00,1.028536853845420345e-04
6.000000000000000000e+00,1.829652387162471028e+00,8.433475244738964293e-05
6.000000000000000000e+00,1.833098722480798193e+00,7.524970433484942027e-05
6.000000000000000000e+00,1.836547183550738982e+00,6.609097407893785672e-05
6.000000000000000000e+00,1.839994990319506529e+00,6.101558060918648634e-05
6.000000000000000000e+00,1.843442062200313369e+00,6.317270867513864339e-05
6.000000000000000000e+00,1.846891069191275658e+00,5.690894544815570288e-05
6.000000000000000000e+00,1.850339198957712483e+00,6.420449538627450640e-05
6.000000000000000000e+00,1.853786369243562770e+00,7.243156595589742019e-05
6.000000000000000000e+00,1.857235279282900109e+00,1.016816491705225856e-04
6.000000000000000000e+00,1.860683084283182076e+00,1.603527732831980799e-04
6.000000000000000000e+00,1.864129700321005778e+00,2.114664056876095887e-04
6.000000000000000000e+00,1.867577856036589212e+00,3.353902470640873681e-04
6.000000000000000000e+00,1.871024674010875577e+00,5.030002884337704408e-04
6.000000000000000000e+00,1.874472902601166835e+00,7.684596180815405752e-04
6.000000000000000000e+00,1.877922486946779213e+00,1.113162545682319865e-03
6.000000000000000000e+00,1.881370516884421695e+00,1.045822906950722060e-03
6.000000000000000000e+00,1.884816905210515037e+00,1.039340336219694806e-03
6.000000000000000000e+00,1.888264439954679741e+00,8.789273420956272669e-04
6.000000000000000000e+00,1.891713064297456004e+00,7.930698636554422802e-04
6.000000000000000000e+00,1.895159824112871982e+00,6.740065253556988285e-04
6.000000000000000000e+00,1.898607537409636503e+00,6.409460095603616023e-04
6.000000000000000000e+00,1.902056145930849373e+00,6.504503473301169328e-04
6.000000000000000000e+00,1.905505590961838802e+00,6.247215141945835701e-04
6.000000000000000000e+00,1.908952874159341784e+00,5.632498697891653210e-04
6.000000000000000000e+00,1.912400853798377653e+00,5.114911032082081329e-04
6.000000000000000000e+00,1.915846509287635779e+00,5.653774544221995676e-04
6.000000000000000000e+00,1.919295690217159400e+00,7.028264709349433138e-04
6.000000000000000000e+00,1.922742403939026623e+00,8.335924884905481121e-04
6.000000000000000000e+00,1.926192541782736134e+00,8.127638072111106546e-04
6.000000000000000000e+00,1.929640067440181683e+00,4.714114988292832488e-04
6.000000000000000000e+00,1.933087900183826591e+00,2.841863943598404302e-04
6.000000000000000000e+00,1.936535977039756551e+00,2.039676372511757042e-04
6.000000000000000000e+00,1.939981199079960472e+00,1.670337450529882969e-04
6.000000000000000000e+00,1.943429562597383642e+00,1.579598811856402943e-04
6.000000000000000000e+00,1.946877978525087372e+00,1.578750139091882564e-04
6.000000000000000000e+00,1.950326382048422236e+00,1.776016560793221592e-04
6.000000000000000000e+00,1.953774707892369067e+00,2.020764554445519533e-04
6.000000000000000000e+00,1.957222890321566267e+00,2.995843132132529514e-04
6.000000000000000000e+00,1.960670863140387077e+00,4.579946783375799337e-04
6.000000000000000000e+00,1.964118559693055932e+00,6.213773543159268557e-04
6.000000000000000000e+00,1.967565912863812327e+00,6.824751462602227786e-04
6.000000000000000000e+00,1.971012855077121984e+00,5.618421365178561614e-04
6.000000000000000000e+00,1.974462462646853878e+00,5.913660689981647825e-04
6.000000000000000000e+00,1.977908389365796271e+00,6.369644624565813391e-04
6.000000000000000000e+00,1.981356866008052053e+00,6.438487053872685942e-04
6.000000000000000000e+00,1.984804678864102945e+00,5.028887931910708221e-04
6.000000000000000000e+00,1.988251758114388146e+00,2.955048526221032185e-04
6.000000000000000000e+00,1.991701232975213953e+00,2.500662824533198621e-04
6.000000000000000000e+00,1.995146644800939395e+00,1.842117039640944168e-04
6.000000000000000000e+00,1.998594332508543792e+00,1.787286469164754807e-04
6.000000000000000000e+00,2.002044257812201522e+00,1.611745000741444597e-04
6.000000000000000000e+00,2.005493138126538177e+00,1.283662156906747499e-04
6.000000000000000000e+00,2.008940900982242095e+00,1.551022588644301425e-04
6.000000000000000000e+00,2.012387473453392861e+00,1.396776287873005996e-04
6.000000000000000000e+00,2.015836059663349111e+00,1.646191154222002980e-04
6.000000000000000000e+00,2.019283330698162793e+00,1.827637245548730340e-04
6.000000000000000000e+00,2.022729212310859115e+00,2.697798428814553260e-04
6.000000000000000000e+00,2.026176941017666877e+00,3.769974349639445914e-04
6.000000000000000000e+00,2.029626475484230141e+00,3.423280824847120193e-04
6.000000000000000000e+00,2.033074440229836632e+00,1.367306672221575269e-03
6.000000000000000000e+00,2.036520759278852566e+00,1.011620097633395693e-03
6.000000000000000000e+00,2.039968712651890392e+00,7.737665855798975647e-04
6.000000000000000000e+00,2.043418257520000392e+00,2.675781964312705548e-03
6.000000000000000000e+00,2.046865971521828698e+00,3.489098750842240318e-03
6.000000000000000000e+00,2.050311776957185472e+00,4.700779864313471904e-03
6.000000000000000000e+00,2.053762399650157722e+00,6.102112739842228961e-03
6.000000000000000000e+00,2.057207589295852124e+00,7.712002683728522504e-03
6.000000000000000000e+00,2.060657507204084027e+00,9.455877255614196161e-03
6.000000000000000000e+00,2.064105270019382932e+00,1.179367936211988058e-02
6.000000000000000000e+00,2.067554245750138797e+00,1.578497321829094163e-02
6.000000000000000000e+00,2.071000929283012937e+00,1.985859852839171741e-02
6.000000000000000000e+00,2.074448710803403539e+00,2.484337787095250438e-02
6.000000000000000000e+00,2.077897543799790192e+00,3.154877925031587815e-02
6.000000000000000000e+00,2.081343887425238570e+00,4.183361794380981852e-02
6.000000000000000000e+00,2.084791165297932292e+00,5.706459394839248633e-02
6.000000000000000000e+00,2.088239329812072498e+00,7.522487020681467573e-02
6.000000000000000000e+00,2.091688333018982604e+00,8.100085777114972296e-02
6.000000000000000000e+00,2.095134586178464708e+00,6.024218270486692700e-02
6.000000000000000000e+00,2.098581557772516426e+00,3.554220965451553721e-02
6.000000000000000000e+00,2.102029198756936612e+00,2.081693105052021334e-02
6.000000000000000000e+00,2.105477459743749336e+00,1.555815646149990954e-02
6.000000000000000000e+00,2.108926291000885023e+00,1.327185817381557227e-02
6.000000000000000000e+00,2.112375642451898905e+00,1.303692712603089429e-02
6.000000000000000000e+00,2.115821852965775296e+00,9.055236782960742609e-03
6.000000000000000000e+00,2.119268458927962673e+00,2.372123143288533235e-03
6.000000000000000000e+00,2.122719043442534925e+00,2.183084649162395779e-03
6.000000000000000000e+00,2.126166298253410858e+00,5.298925772497789163e-04
6.000000000000000000e+00,2.129613793981704362e+00,6.095111859734384440e-04
6.000000000000000000e+00,2.133061478420649859e+00,6.489881372500011601e-04
6.000000000000000000e+00,2.136509299018463537e+00,7.218868224291548688e-04
6.000000000000000000e+00,2.139957202878268738e+00,5.166703209335929588e-04
6.000000000000000000e+00,2.143405136758036900e+00,4.528748153942243910e-04
6.000000000000000000e+00,2.146853047070562237e+00,3.597597485155245418e-04
6.000000000000000000e+00,2.150300879883457306e+00,3.121305580804684837e-04
6.000000000000000000e+00,2.153748580919182309e+00,3.122627087095482951e-04
6.000000000000000000e+00,2.157196095555092619e+00,4.073689286830719245e-04
6.000000000000000000e+00,2.160643368823523591e+00,5.651705747683106757e-04
6.000000000000000000e+00,2.164090345411897154e+00,1.125808097873547868e-03
6.000000000000000000e+00,2.167540759036654663e+00,1.324432496975084736e-03
6.000000000000000000e+00,2.170986987007442970e+00,1.310925140466336156e-03
6.000000000000000000e+00,2.174436563833112679e+00,3.005812807937014233e-03
6.000000000000000000e+00,2.177881817870748637e+00,2.261066531385610371e-03
6.000000000000000000e+00,2.181330331273712009e+00,4.866319784344649152e-03
6.000000000000000000e+00,2.184778233191368102e+00,2.948551710943431506e-03
6.000000000000000000e+00,2.188225465951995297e+00,2.981701405281869492e-03
6.000000000000000000e+00,2.191675845771210440e+00,2.883291108201728892e-03
6.000000000000000000e+00,2.195121578019079589e+00,3.910560017704052191e-03
6.000000000000000000e+00,2.198570364693557266e+00,6.815948087010379429e-03
6.000000000000000000e+00,2.202018272566464763e+00,1.192580341073541141e-02
6.000000000000000000e+00,2.205465242297680817e+00,1.991958973264231283e-02
6.000000000000000000e+00,2.208915149623194463e+00,2.727600914950992911e-02
6.000000000000000000e+00,2.212360075965002171e+00,3.161280275812540508e-02
6.000000000000000000e+00,2.215807844123076187e+00,3.536484149610879396e-02
6.000000000000000000e+00,2.219258430376216840e+00,4.131473711892654638e-02
6.000000000000000000e+00,2.222703841343263154e+00,4.726440715151124239e-02
6.000000000000000000e+00,2.226151972787215438e+00,4.865352802039306368e-02
6.000000000000000000e+00,2.229602800184150357e+00,4.550757736203757398e-02
6.000000000000000000e+00,2.233048254996186532e+00,3.533784914216585998e-02
6.000000000000000000e+00,2.236496306301955173e+00,2.371053895688452623e-02
6.000000000000000000e+00,2.239942882003202573e+00,1.217857975874698725e-02
6.000000000000000000e+00,2.243391978366607198e+00,1.052532316287903107e-02
6.000000000000000000e+00,2.246839497825367182e+00,3.775637063730355718e-03
6.000000000000000000e+00,2.250289461008770697e+00,4.635027624576832858e-03
6.000000000000000000e+00,2.253737744797115639e+00,6.302118818448850142e-03
6.000000000000000000e+00,2.257184284958505760e+00,1.495166944732257731e-03
6.000000000000000000e+00,2.260633138782280227e+00,1.354037479179069246e-03
6.000000000000000000e+00,2.264080144649337711e+00,6.662543878628222850e-04
6.000000000000000000e+00,2.267525237356025958e+00,5.073419453068136412e-04
6.000000000000000000e+00,2.270976670675578291e+00,2.762492657194874331e-04
6.000000000000000000e+00,2.274421937636212032e+00,2.294847990641854930e-04
6.000000000000000000e+00,2.277869304062661637e+00,1.265095764161198229e-04
6.000000000000000000e+00,2.281318741456848986e+00,1.323789231476574094e-04
6.000000000000000000e+00,2.284766010754516241e+00,1.192273855320782016e-04
6.000000000000000000e+00,2.288215267906648975e+00,1.541290516822052829e-04
6.000000000000000000e+00,2.291662247874864278e+00,1.459583638686315560e-04
6.000000000000000000e+00,2.295111131471099686e+00,1.533328226903132548e-04
6.000000000000000000e+00,2.298557627608458720e+00,1.380267787480098129e-04
6.000000000000000000e+00,2.302005942034049291e+00,1.404148625792202916e-04
6.000000000000000000e+00,2.305451757539699997e+00,1.335355063412278992e-04
6.000000000000000000e+00,2.308899304880597025e+00,1.357988225543538025e-04
6.000000000000000000e+00,2.312348553258873896e+00,1.499450136237074293e-04
6.000000000000000000e+00,2.315795146169584040e+00,1.207297708018492032e-04
6.000000000000000000e+00,2.319243352055508911e+00,1.241927471334339705e-04
6.000000000000000000e+00,2.322693139373734450e+00,9.773078173512211148e-05
6.000000000000000000e+00,2.326140112141752425e+00,9.982115184834913985e-05
6.000000000000000000e+00,2.329588576669208155e+00,7.356065067145757118e-05
6.000000000000000000e+00,2.333034110543464656e+00,7.618599391498497237e-05
6.000000000000000000e+00,2.336485448496548489e+00,7.203608975872180336e-05
6.000000000000000000e+00,2.339933764512273751e+00,9.436395738442059273e-05
6.000000000000000000e+00,2.343378986533309671e+00,1.011734610526088127e-04
6.000000000000000000e+00,2.346825484344305490e+00,1.379570534805535300e-04
6.000000000000000000e+00,2.350273224383027326e+00,1.356297518123744119e-04
6.000000000000000000e+00,2.353722172861167472e+00,1.670057412308060000e-04
6.000000000000000000e+00,2.357172295763969139e+00,1.572806406292313701e-04
6.000000000000000000e+00,2.360619064298897563e+00,1.631552395139510502e-04
6.000000000000000000e+00,2.364066912253343311e+00,1.477713693804151628e-04
6.000000000000000000e+00,2.367515804861286988e+00,1.380072040877212730e-04
6.000000000000000000e+00,2.370961173109878306e+00,1.188806471580063697e-04
6.000000000000000000e+00,2.374412036608912757e+00,1.093880075188809751e-04
6.000000000000000000e+00,2.377859278634326667e+00,1.056144618627574802e-04
6.000000000000000000e+00,2.381307397460132869e+00,1.059580149672477146e-04
6.000000000000000000e+00,2.384751770196041232e+00,1.030093503994173833e-04
6.000000000000000000e+00,2.388201521193179300e+00,1.043601195890755506e-04
6.000000000000000000e+00,2.391647426880533001e+00,1.031914696082251992e-04
6.000000000000000000e+00,2.395098664237783392e+00,9.950164434124623351e-05
6.000000000000000000e+00,2.398545956062328788e+00,9.155553554106831955e-05
6.000000000000000000e+00,2.401993878652857184e+00,8.566395606354642906e-05
6.000000000000000000e+00,2.405442394597158362e+00,8.044728201486202194e-05
6.000000000000000000e+00,2.408886786022795157e+00,7.797590271539958076e-05
6.000000000000000000e+00,2.412336362106710208e+00,8.036516637354324541e-05
6.000000000000000000e+00,2.415786417910278150e+00,8.142085752127584683e-05
6.000000000000000000e+00,2.419232194585697826e+00,8.182534649788857854e-05
6.000000000000000000e+00,2.422678347155437617e+00,8.569167666390173983e-05
6.000000000000000000e+00,2.426129584221891289e+00,9.072284508323923006e-05
6.000000000000000000e+00,2.429576385293707563e+00,9.853023485739177429e-05
6.000000000000000000e+00,2.433023445035121579e+00,1.091878950348396560e-04
6.000000000000000000e+00,2.436470723904829327e+00,1.003917622774147550e-04
6.000000000000000000e+00,2.439918182131624036e+00,1.164152100827530356e-04
6.000000000000000000e+00,2.443365779714331332e+00,1.044495507678128019e-04
6.000000000000000000e+00,2.446813476421755063e+00,1.251114819571312023e-04
6.000000000000000000e+00,2.450261231792639105e+00,1.099434981821399915e-04
6.000000000000000000e+00,2.453709005135639387e+00,1.310797137571604004e-04
6.000000000000000000e+00,2.457156755529312342e+00,1.195186623397655158e-04
6.000000000000000000e+00,2.460604441822116684e+00,1.391939212772079167e-04
6.000000000000000000e+00,2.464052022632424954e+00,1.479925136162995312e-04
6.000000000000000000e+00,2.467499456348555942e+00,1.367228678881606538e-04
6.000000000000000000e+00,2.470951625619067560e+00,1.514879967881943383e-04
6.000000000000000000e+00,2.474398653140896354e+00,1.276799435107581920e-04
6.000000000000000000e+00,2.477845407371735753e+00,1.673811587411270976e-04
6.000000000000000000e+00,2.481291845780071004e+00,1.440413837225748995e-04
6.000000000000000000e+00,2.484742905219031073e+00,3.014389647526491975e-04
6.000000000000000000e+00,2.488188597289541448e+00,4.481475643159160758e-04
6.000000000000000000e+00,2.491638851875302763e+00,7.820705378128280701e-04
6.000000000000000000e+00,2.495083624796248234e+00,9.477616713377295292e-04
6.000000000000000000e+00,2.498532900868154716e+00,1.289161145007875105e-03
6.000000000000000000e+00,2.501981628941128299e+00,1.540494112333366892e-03
6.000000000000000000e+00,2.505429764928409853e+00,1.830539029647624150e-03
6.000000000000000000e+00,2.508877264513888594e+00,2.003918729570998598e-03
6.000000000000000000e+00,2.512324083152320586e+00,2.147629234554415678e-03
6.000000000000000000e+00,2.515770176069546782e+00,2.158857481915690216e-03
6.000000000000000000e+00,2.519220617027636777e+00,2.184595425526134407e-03
6.000000000000000000e+00,2.522665137272860125e+00,2.156660943334275191e-03
6.000000000000000000e+00,2.526113942935153567e+00,2.237276918186009711e-03
6.000000000000000000e+00,2.529561869608954350e+00,2.187612819628986880e-03
6.000000000000000000e+00,2.533008871425249886e+00,1.193580205529877047e-03
6.000000000000000000e+00,2.536460091348755608e+00,1.671462372382896732e-03
6.000000000000000000e+00,2.539905119036357739e+00,3.673671524567181565e-04
6.000000000000000000e+00,2.543354300215602937e+00,3.030205724964725195e-04
6.000000000000000000e+00,2.546802399089612923e+00,1.738495462824967319e-04
6.000000000000000000e+00,2.550249368695818752e+00,1.293884327673197848e-04
6.000000000000000000e+00,2.553695161844585115e+00,1.281313556109904127e-04
6.000000000000000000e+00,2.557145005160321727e+00,1.224328130214069892e-04
6.000000000000000000e+00,2.560593605407676776e+00,3.291730066114580047e-04
6.000000000000000000e+00,2.564040914759595946e+00,3.570632676718581144e-04
6.000000000000000000e+00,2.567486885162802768e+00,8.797474148147514010e-04
6.000000000000000000e+00,2.570936799422715247e+00,9.987445300959859641e-04
6.000000000000000000e+00,2.574385306550782015e+00,1.247426820755183265e-03
6.000000000000000000e+00,2.577832357857054557e+00,1.428128297226749586e-03
6.000000000000000000e+00,2.581277904426420466e+00,1.608981582471353264e-03
6.000000000000000000e+00,2.584727285548704678e+00,1.782898032272347329e-03
6.000000000000000000e+00,2.588175092177919190e+00,1.854672694045008015e-03
6.000000000000000000e+00,2.591621274763594496e+00,1.920052771045462721e-03
6.000000000000000000e+00,2.595071215175571933e+00,1.956595075755896557e-03
6.000000000000000000e+00,2.598519460637897627e+00,1.964936575363036755e-03
6.000000000000000000e+00,2.601965960965542113e+00,2.011069112559599973e-03
6.000000000000000000e+00,2.605416140786058765e+00,1.737557776890036277e-03
6.000000000000000000e+00,2.608864503415107450e+00,5.588874218878749946e-04
6.000000000000000000e+00,2.612310998034201415e+00,4.805316413046986602e-04
6.000000000000000000e+00,2.615761092202567806e+00,1.785506384383860642e-04
6.000000000000000000e+00,2.619203711994529726e+00,1.570894654436735252e-04
6.000000000000000000e+00,2.622655405435940335e+00,1.400896638349107676e-04
6.000000000000000000e+00,2.626099521378967960e+00,1.709601756202483002e-04
6.000000000000000000e+00,2.629552694960589410e+00,1.509222528648136448e-04
6.000000000000000000e+00,2.632998187102616683e+00,5.867272674529450940e-04
6.000000000000000000e+00,2.636447114066393205e+00,1.103614324069660153e-03
6.000000000000000000e+00,2.639893846415254153e+00,1.151253884801017261e-03
6.000000000000000000e+00,2.643343967039275100e+00,1.297549011652719859e-03
6.000000000000000000e+00,2.646791816810129649e+00,1.401367933855107977e-03
6.000000000000000000e+00,2.650237342610351821e+00,1.465894183632084720e-03
6.000000000000000000e+00,2.653686170889210771e+00,1.481566528208219050e-03
6.000000000000000000e+00,2.657132597811020958e+00,1.430025865689855437e-03
6.000000000000000000e+00,2.660582278976152182e+00,1.424780507913798533e-03
6.000000000000000000e+00,2.664029480667215122e+00,1.368954795394677990e-03
6.000000000000000000e+00,2.667474148734945150e+00,1.365513331445500009e-03
6.000000000000000000e+00,2.670921982619566037e+00,7.750278280491212056e-04
6.000000000000000000e+00,2.674372972301618745e+00,1.882254901661681876e-04
6.000000000000000000e+00,2.677821324074959541e+00,2.080962191863825665e-04
6.000000000000000000e+00,2.681266982978278257e+00,1.148304252270774910e-04
6.000000000000000000e+00,2.684715707224760273e+00,8.198517810954335803e-05
6.000000000000000000e+00,2.688161657879166277e+00,7.996559110385257610e-05
6.000000000000000000e+00,2.691610622648888285e+00,7.408337081146054584e-05
6.000000000000000000e+00,2.695056732375022968e+00,6.304591588250766960e-05
6.000000000000000000e+00,2.698505804337753666e+00,6.170716971893950166e-05
6.000000000000000000e+00,2.701951939076299603e+00,5.767161881935541502e-05
6.000000000000000000e+00,2.705400983521141445e+00,5.360164233231502686e-05
6.000000000000000000e+00,2.708852926222422131e+00,5.474348347050836611e-05
6.000000000000000000e+00,2.712295888667945576e+00,5.155623979245601185e-05
6.000000000000000000e+00,2.715747614288411160e+00,5.353073062385327178e-05
6.000000000000000000e+00,2.719196209159163047e+00,4.441181503713753100e-05
6.000000000000000000e+00,2.722641615900502465e+00,5.439211418344968641e-05
6.000000000000000000e+00,2.726089770873740825e+00,5.739695487365854062e-05
6.000000000000000000e+00,2.729534652626857572e+00,5.361860874608719653e-05
6.000000000000000000e+00,2.732982227470418746e+00,6.295975937939452167e-05
6.000000000000000000e+00,2.736432482794700860e+00,6.313316356366485715e-05
6.000000000000000000e+00,2.739879351122726181e+00,6.052700350844374410e-05
6.000000000000000000e+00,2.743328843875850076e+00,6.852855425978594069e-05
6.000000000000000000e+00,2.746774862770038350e+00,6.528586254916166206e-05
6.000000000000000000e+00,2.750223449379463503e+00,5.811949090758208522e-05
6.000000000000000000e+00,2.753674590409778578e+00,5.723847185210941045e-05
6.000000000000000000e+00,2.757122141249363612e+00,6.260880314066567484e-05
6.000000000000000000e+00,2.760566042340017567e+00,6.136290003577553592e-05
6.000000000000000000e+00,2.764018557693985745e+00,5.208660658117208022e-05
6.000000000000000000e+00,2.767461187731447669e+00,4.577301222273844332e-05
6.000000000000000000e+00,2.770912404166737897e+00,5.402650870738211404e-05
6.000000000000000000e+00,2.774359822892734417e+00,5.612653454118945355e-05
6.000000000000000000e+00,2.777809606916736840e+00,4.792894469844570412e-05
6.000000000000000000e+00,2.781255502836574856e+00,4.566862650921640383e-05
6.000000000000000000e+00,2.784703704199829932e+00,6.222636899380233405e-05
6.000000000000000000e+00,2.788147926347539496e+00,8.215010279823511171e-05
6.000000000000000000e+00,2.791600678922760981e+00,7.443571358019647954e-05
6.000000000000000000e+00,2.795043090476260428e+00,2.040543017333579256e-04
6.000000000000000000e+00,2.798494002406115122e+00,3.340630265981622609e-04
6.000000000000000000e+00,2.801940781868234698e+00,3.526139965998303233e-04
6.000000000000000000e+00,2.805389714519748168e+00,3.942262765510509562e-04
6.000000000000000000e+00,2.808834421514795121e+00,4.439623644092787966e-04
6.000000000000000000e+00,2.812287598345081019e+00,5.018979064249152241e-04
6.000000000000000000e+00,2.815730092254171701e+00,5.410088143899468042e-04
6.000000000000000000e+00,2.819181024339006303e+00,5.643681610840276149e-04
6.000000000000000000e+00,2.822627573601432349e+00,3.186738273162149416e-04
6.000000000000000000e+00,2.826076118509744717e+00,3.760086607338103252e-04
6.000000000000000000e+00,2.829526642776947210e+00,1.073360779727486499e-04
6.000000000000000000e+00,2.832972656803320000e+00,7.733837108049887259e-05
6.000000000000000000e+00,2.836420585731449506e+00,6.094835640202283681e-05
6.000000000000000000e+00,2.839870412869007765e+00,5.368235327050684721e-05
6.000000000000000000e+00,2.843315600857695635e+00,6.376968062831480906e-05
6.000000000000000000e+00,2.846762621679029603e+00,5.448335784789979047e-05
6.000000000000000000e+00,2.850211458234488848e+00,4.772259626718441895e-05
6.000000000000000000e+00,2.853662093317443027e+00,5.244068480522667776e-05
6.000000000000000000e+00,2.857107925641209079e+00,4.977254434142550842e-05
6.000000000000000000e+00,2.860555489925645567e+00,5.356225123217579634e-05
6.000000000000000000e+00,2.864004768556617453e+00,4.909068772752995971e-05
6.000000000000000000e+00,2.867449112092238739e+00,4.889642673471540884e-05
6.000000000000000000e+00,2.870901750158041832e+00,4.229237890789562044e-05
6.000000000000000000e+00,2.874349385371875787e+00,4.630427417278584301e-05
6.000000000000000000e+00,2.877791951674792958e+00,4.875117805473318353e-05
6.000000000000000000e+00,2.881242774088754732e+00,3.974400116402376321e-05
6.000000000000000000e+00,2.884688458919366205e+00,4.063128407465680091e-05
6.000000000000000000e+00,2.888135667272326401e+00,4.201820935710665273e-05
6.000000000000000000e+00,2.891584380497048912e+00,3.467403157171087646e-05
6.000000000000000000e+00,2.895034579832586275e+00,4.084333316959736773e-05
6.000000000000000000e+00,2.898479470380316503e+00,3.420120702144227950e-05
6.000000000000000000e+00,2.901925776907095411e+00,3.646388065428988209e-05
6.000000000000000000e+00,2.905373480242120277e+00,3.740546563560640566e-05
6.000000000000000000e+00,2.908822561103622473e+00,4.010182659983671603e-05
6.000000000000000000e+00,2.912273000098660081e+00,4.191496788303216336e-05
6.000000000000000000e+00,2.915717920856395917e+00,7.709699756970454397e-05
6.000000000000000000e+00,2.919171001243166863e+00,9.473852828350990069e-05
6.000000000000000000e+00,2.922618491529225704e+00,1.043676912888266770e-04
6.000000000000000000e+00,2.926067228665903297e+00,1.085216130395893748e-04
6.000000000000000000e+00,2.929510270735431021e+00,1.085085472099756542e-04
6.000000000000000000e+00,2.932961425061571425e+00,1.210111503475428031e-04
6.000000000000000000e+00,2.936406811276298434e+00,5.396828164334189728e-05
6.000000000000000000e+00,2.939853330832565170e+00,7.399241500453246747e-05
6.000000000000000000e+00,2.943300963180315755e+00,3.442050623181644789e-05
6.000000000000000000e+00,2.946749687657017613e+00,3.907101547707756545e-05
6.000000000000000000e+00,2.950199483487491392e+00,1.196168102459327132e-04
6.000000000000000000e+00,2.953643293379428769e+00,2.260219182565013506e-04
6.000000000000000000e+00,2.957095152684269479e+00,2.470546513024764385e-04
6.000000000000000000e+00,2.960540951008748145e+00,2.605425246785238809e-04
6.000000000000000000e+00,2.963987703458273337e+00,2.634249798640138254e-04
6.000000000000000000e+00,2.967435388620835557e+00,2.552893523192313672e-04
6.000000000000000000e+00,2.970883984971168346e+00,1.759352673309485041e-04
6.000000000000000000e+00,2.974333470870613727e+00,5.482042153496151187e-05
6.000000000000000000e+00,2.977783824566972548e+00,6.682908808687662615e-05
6.000000000000000000e+00,2.981227855747897504e+00,1.335355821391113855e-04
6.000000000000000000e+00,2.984679862716122845e+00,1.614194892543445513e-04
6.000000000000000000e+00,2.988125469863089467e+00,1.670759391599408242e-04
6.000000000000000000e+00,2.991571823358956106e+00,1.626996776455175077e-04
6.000000000000000000e+00,2.995018900813596119e+00,1.655931482562617442e-04
6.000000000000000000e+00,2.998466679722951778e+00,1.549064487512164271e-04
6.000000000000000000e+00,3.001915137468924577e+00,7.575744366066739454e-05
6.000000000000000000e+00,3.005364251319263325e+00,3.635524032410536308e-05
6.000000000000000000e+00,3.008813998427458003e+00,2.921503738614209878e-05
6.000000000000000000e+00,3.012257037388338610e+00,2.661094783492789592e-05
6.000000000000000000e+00,3.015707965237110155e+00,2.855115785192734862e-05
6.000000000000000000e+00,3.019152105109111695e+00,2.478993805042087139e-05
6.000000000000000000e+00,3.022604120851319909e+00,2.885935339169421994e-05
6.000000000000000000e+00,3.026049268242209322e+00,2.442465631173529716e-05
6.000000000000000000e+00,3.029502278114438507e+00,2.845026826587029642e-05
6.000000000000000000e+00,3.032948338715878656e+00,1.037889782539789651e-04
6.000000000000000000e+00,3.036394811834639107e+00,2.263005698030818051e-04
6.000000000000000000e+00,3.039841673528437926e+00,2.405075346495632216e-04
6.000000000000000000e+00,3.043288899740312470e+00,2.501458180715999480e-04
6.000000000000000000e+00,3.046736466298560764e+00,2.506524357834568717e-04
6.000000000000000000e+00,3.050184348916684218e+00,1.609863469227991971e-04
6.000000000000000000e+00,3.053632523193331227e+00,4.999040050236062629e-05
6.000000000000000000e+00,3.057080964612250096e+00,2.223613460867402878e-05
6.000000000000000000e+00,3.060529648542242853e+00,2.011383477650705294e-05
6.000000000000000000e+00,3.063978550237123955e+00,2.310840999759476309e-05
6.000000000000000000e+00,3.067427644835680312e+00,1.931621834342603806e-05
6.000000000000000000e+00,3.070869301342692204e+00,1.669505341810552235e-05
6.000000000000000000e+00,3.074318689607980826e+00,1.632281044358298197e-05
6.000000000000000000e+00,3.077768195483054026e+00,1.579601881438543631e-05
6.000000000000000000e+00,3.081217793646421566e+00,1.815398657411468060e-05
6.000000000000000000e+00,3.084667458661439099e+00,1.539838254364021177e-05
6.000000000000000000e+00,3.088109473315589160e+00,1.513529061723992199e-05
6.000000000000000000e+00,3.091559178069081870e+00,1.487465407538804064e-05
6.000000000000000000e+00,3.095008872654115173e+00,1.467522655888287652e-05
6.000000000000000000e+00,3.098458531173472696e+00,1.783147805280610758e-05
7.000000000000000000e+00,1.112504696742819599e+00,5.817805617018227259e-05
7.000000000000000000e+00,1.115949293740889248e+00,6.078180522035783880e-05
7.000000000000000000e+00,1.119395074333696893e+00,4.208623746569622570e-05
7.000000000000000000e+00,1.122841862282197400e+00,3.114369995278284427e-05
7.000000000000000000e+00,1.126289479053798503e+00,5.076937610749610751e-05
7.000000000000000000e+00,1.129737743819367202e+00,5.147434965307128956e-05
7.000000000000000000e+00,1.133186473450812359e+00,6.292498471976713565e-05
7.000000000000000000e+00,1.136635482519254392e+00,4.253147154194169324e-05
7.000000000000000000e+00,1.140084583293795584e+00,3.731126153847603901e-05
7.000000000000000000e+00,1.143533585740903691e+00,6.010314848600749674e-05
7.000000000000000000e+00,1.146982297524425265e+00,7.097537102357691016e-05
7.000000000000000000e+00,1.150430524006237798e+00,7.041337786270286995e-05
7.000000000000000000e+00,1.153878068247559563e+00,9.308790924170563374e-05
7.000000000000000000e+00,1.157324731010923813e+00,8.009627783463801388e-05
7.000000000000000000e+00,1.160770310762838431e+00,1.158145420955513630e-04
7.000000000000000000e+00,1.164214603677135917e+00,1.475563625378643884e-04
7.000000000000000000e+00,1.167668400497266612e+00,1.664433116660082737e-04
7.000000000000000000e+00,1.171120625998415488e+00,2.119248890702135537e-04
7.000000000000000000e+00,1.174559942715855509e+00,2.004959166694249609e-04
7.000000000000000000e+00,1.178008327235415598e+00,1.463395813781902146e-04
7.000000000000000000e+00,1.181454502803455542e+00,1.316041263358322941e-04
7.000000000000000000e+00,1.184909576371423467e+00,1.418000804316994724e-04
7.000000000000000000e+00,1.188350746486732668e+00,1.260016239755278923e-04
7.000000000000000000e+00,1.191800505937655741e+00,1.253449292529611712e-04
7.000000000000000000e+00,1.195247307296760431e+00,1.350156489521763599e-04
7.000000000000000000e+00,1.198702514049813317e+00,1.388945624777709051e-04
7.000000000000000000e+00,1.202142786545922659e+00,1.445461952333852392e-04
7.000000000000000000e+00,1.205591140043370535e+00,1.445864231564763993e-04
7.000000000000000000e+00,1.209035753336976438e+00,1.367219465349140003e-04
7.000000000000000000e+00,1.212488249424975351e+00,1.603735722984084018e-04
7.000000000000000000e+00,1.215936669411375126e+00,1.411675224785571489e-04
7.000000000000000000e+00,1.219380774928699340e+00,1.327251907975959713e-04
7.000000000000000000e+00,1.222832385844900394e+00,1.323051016864942820e-04
7.000000000000000000e+00,1.226279334888139783e+00,1.248393810774358172e-04
7.000000000000000000e+00,1.229733574350838854e+00,1.368678146768865687e-04
7.000000000000000000e+00,1.233170531755207078e+00,1.270763945052627412e-04
7.000000000000000000e+00,1.236626754769601710e+00,1.400663865412735956e-04
7.000000000000000000e+00,1.240071397540547737e+00,1.402987031044040619e-04
7.000000000000000000e+00,1.243519070222651068e+00,1.379123802848747338e-04
7.000000000000000000e+00,1.246967154653694010e+00,1.451086716224217336e-04
7.000000000000000000e+00,1.250415497781240726e+00,1.376584119131594812e-04
7.000000000000000000e+00,1.253862676783799035e+00,1.299634732043438215e-04
7.000000000000000000e+00,1.257311064258814781e+00,1.409615165295557482e-04
7.000000000000000000e+00,1.260759240897736833e+00,1.372123077895855939e-04
7.000000000000000000e+00,1.264207046743897722e+00,1.433014624478396002e-04
7.000000000000000000e+00,1.267654320115332967e+00,1.471084868455861043e-04
7.000000000000000000e+00,1.271102200755174660e+00,1.467612230631534244e-04
7.000000000000000000e+00,1.274550544767100169e+00,1.623904656272178490e-04
7.000000000000000000e+00,1.277997889315403368e+00,1.467670074655019708e-04
7.000000000000000000e+00,1.281445390375948179e+00,1.590692000088105842e-04
7.000000000000000000e+00,1.284894230744600740e+00,2.050195477081003870e-04
7.000000000000000000e+00,1.288341604015153186e+00,1.651374586384763603e-04
7.000000000000000000e+00,1.291790028539698154e+00,1.646690931279350698e-04
7.000000000000000000e+00,1.295236666066327702e+00,1.650967797551629378e-04
7.000000000000000000e+00,1.298685420746003905e+00,1.776466600925353189e-04
7.000000000000000000e+00,1.302133444027384623e+00,1.541915677491061392e-04
7.000000000000000000e+00,1.305580577574009249e+00,1.663023543946734733e-04
7.000000000000000000e+00,1.309028043515950923e+00,1.658629181494225037e-04
7.000000000000000000e+00,1.312477091531541129e+00,1.769467872806412964e-04
7.000000000000000000e+00,1.315924809014811903e+00,1.827524492778398945e-04
7.000000000000000000e+00,1.319372435363264984e+00,1.752947746001275219e-04
7.000000000000000000e+00,1.322819826402583887e+00,1.804729650495752078e-04
7.000000000000000000e+00,1.326268255180863553e+00,1.897351187749997490e-04
7.000000000000000000e+00,1.329716170585721002e+00,2.029398998125715834e-04
7.000000000000000000e+00,1.333163424012906217e+00,1.930225286817960101e-04
7.000000000000000000e+00,1.336611306296568102e+00,1.967638595772821012e-04
7.000000000000000000e+00,1.340059688171604257e+00,2.326223277950847056e-04
7.000000000000000000e+00,1.343506983152011891e+00,3.301792162260983846e-04
7.000000000000000000e+00,1.346954500088000994e+00,1.251137604750403873e-03
7.000000000000000000e+00,1.350402105514702633e+00,4.395507474414276305e-04
7.000000000000000000e+00,1.353851142929214824e+00,3.508568376271142385e-04
7.000000000000000000e+00,1.357298526959496821e+00,2.877515855628396887e-04
7.000000000000000000e+00,1.360745590822140638e+00,2.803125346009466908e-04
7.000000000000000000e+00,1.364193696547052692e+00,2.842271283432149767e-04
7.000000000000000000e+00,1.367641217942653808e+00,2.528903639187259642e-04
7.000000000000000000e+00,1.371089529547983243e+00,2.740437929685085290e-04
7.000000000000000000e+00,1.374536987331586912e+00,2.763734305891880081e-04
7.000000000000000000e+00,1.377984978418452577e+00,2.822762766424759414e-04
7.000000000000000000e+00,1.381433380054019500e+00,2.956456992064033129e-04
7.000000000000000000e+00,1.384880521330998038e+00,2.881627666543190862e-04
7.000000000000000000e+00,1.388329363024976004e+00,3.141593622602219813e-04
7.000000000000000000e+00,1.391776677059926470e+00,4.388003441992402768e-04
7.000000000000000000e+00,1.395223882448662689e+00,3.363921969182740324e-04
7.000000000000000000e+00,1.398672427899403159e+00,3.235278694958416404e-04
7.000000000000000000e+00,1.402120620734581768e+00,3.218043102796879266e-04
7.000000000000000000e+00,1.405568329339426548e+00,3.359566654205962217e-04
7.000000000000000000e+00,1.409015420834496490e+00,3.548254004188848630e-04
7.000000000000000000e+00,1.412463370193455470e+00,4.445702783689878344e-04
7.000000000000000000e+00,1.415912065601631076e+00,4.672242883784069535e-04
7.000000000000000000e+00,1.419359769223903056e+00,3.658232909357016747e-04
7.000000000000000000e+00,1.422807976006567054e+00,3.528278825178594110e-04
7.000000000000000000e+00,1.426254929928600923e+00,3.552310234571122438e-04
7.000000000000000000e+00,1.429702139328395516e+00,3.714579601107817356e-04
7.000000000000000000e+00,1.433151143120694249e+00,3.734754768962930834e-04
7.000000000000000000e+00,1.436598517255286867e+00,4.355560765952832592e-04
7.000000000000000000e+00,1.440045790386240032e+00,4.273844080756593637e-04
7.000000000000000000e+00,1.443494521975932976e+00,4.939532476158107685e-04
7.000000000000000000e+00,1.446941236582872659e+00,5.231681141432779078e-04
7.000000000000000000e+00,1.450389180041976367e+00,6.303738182594258643e-04
7.000000000000000000e+00,1.453838251996353970e+00,8.945061110686827787e-04
7.000000000000000000e+00,1.457284925324613400e+00,1.293682519431581940e-03
7.000000000000000000e+00,1.460734211847596109e+00,6.950771105944638165e-04
7.000000000000000000e+00,1.464180845048669521e+00,7.624527276500447622e-04
7.000000000000000000e+00,1.467629883251738487e+00,9.970003448014747548e-04
7.000000000000000000e+00,1.471077754388882219e+00,1.129636978923708422e-03
7.000000000000000000e+00,1.474524327200595009e+00,1.495293506833399221e-03
7.000000000000000000e+00,1.477972992957279574e+00,3.019353247263663331e-03
7.000000000000000000e+00,1.481420127337121695e+00,4.594749316834806190e-03
7.000000000000000000e+00,1.484867374063010059e+00,1.269006506029487363e-02
7.000000000000000000e+00,1.488316408777387689e+00,1.692341546954709633e-02
7.000000000000000000e+00,1.491763554618141141e+00,1.182113913005274249e-02
7.000000000000000000e+00,1.495212280069660338e+00,8.122736197454020340e-03
7.000000000000000000e+00,1.498658873048627660e+00,3.739829740914343836e-03
7.000000000000000000e+00,1.502106833194010616e+00,8.029938380651975571e-03
7.000000000000000000e+00,1.505556069478128256e+00,2.522348886845443214e-03
7.000000000000000000e+00,1.509002816756937371e+00,3.349867641890866277e-03
7.000000000000000000e+00,1.512450621747667645e+00,9.579307451043517219e-03
7.000000000000000000e+00,1.515899390545454084e+00,5.927916625349381741e-03
7.000000000000000000e+00,1.519347166463247412e+00,1.037734184716151281e-02
7.000000000000000000e+00,1.522793828376461489e+00,9.195448492713233224e-03
7.000000000000000000e+00,1.526243011725259224e+00,8.959352280285128728e-03
7.000000000000000000e+00,1.529690869705549572e+00,9.248566770335841722e-03
7.000000000000000000e+00,1.533137278200958908e+00,1.015809946159941350e-02
7.000000000000000000e+00,1.536585920764031554e+00,1.251165920509431963e-02
7.000000000000000000e+00,1.540032896726395206e+00,1.658433410884596268e-02
7.000000000000000000e+00,1.543481921944640289e+00,2.577280997474719684e-02
7.000000000000000000e+00,1.546929059686635410e+00,5.103132396557325673e-02
7.000000000000000000e+00,1.550378058269135995e+00,1.561635349835193143e-01
7.000000000000000000e+00,1.553824944740700653e+00,2.572166829752069450e-01
7.000000000000000000e+00,1.557273500031404190e+00,4.825020413091640065e-02
7.000000000000000000e+00,1.560719714820170578e+00,1.302225520798745879e-02
7.000000000000000000e+00,1.564169376134801448e+00,4.740532539982730831e-03
7.000000000000000000e+00,1.567616482214771345e+00,1.988801167506651889e-03
7.000000000000000000e+00,1.571064879731063568e+00,9.611390293896521306e-04
7.000000000000000000e+00,1.574512485738055023e+00,5.972550054244073290e-04
7.000000000000000000e+00,1.577959189706325427e+00,6.352228717808372548e-04
7.000000000000000000e+00,1.581406897256678379e+00,9.624895847698775606e-04
7.000000000000000000e+00,1.584855522432401909e+00,6.468735160137120774e-04
7.000000000000000000e+00,1.588302943772037290e+00,8.318543420404906925e-04
7.000000000000000000e+00,1.591751090722121287e+00,1.185878051503912699e-03
7.000000000000000000e+00,1.595199874853490352e+00,1.584621618650264947e-03
7.000000000000000000e+00,1.598647145641136191e+00,2.069006399492103864e-03
7.000000000000000000e+00,1.602094856532214617e+00,2.571970393703711371e-03
7.000000000000000000e+00,1.605542916622857419e+00,3.190526021900578959e-03
7.000000000000000000e+00,1.608991234204249388e+00,3.881522918039569808e-03
7.000000000000000000e+00,1.612437619754361506e+00,4.680288515051390756e-03
7.000000000000000000e+00,1.615886164989974283e+00,5.498596326009182016e-03
7.000000000000000000e+00,1.619334687738118284e+00,6.668098506456955274e-03
7.000000000000000000e+00,1.622780969070306334e+00,7.285455000514993139e-03
7.000000000000000000e+00,1.626229152209530238e+00,9.416890109506128800e-03
7.000000000000000000e+00,1.629677025633883947e+00,3.534054678717859273e-03
7.000000000000000000e+00,1.633124491996673866e+00,6.809320861797836869e-03
7.000000000000000000e+00,1.636573613397329652e+00,1.223748432401670222e-03
7.000000000000000000e+00,1.640019979486558865e+00,7.538126294303355152e-04
7.000000000000000000e+00,1.643467820155198433e+00,6.650958802669713898e-04
7.000000000000000000e+00,1.646917062285312650e+00,8.631238033919111938e-04
7.000000000000000000e+00,1.650365435255503277e+00,5.358606139539961316e-04
7.000000000000000000e+00,1.653812836999978275e+00,6.746991560149750945e-04
7.000000000000000000e+00,1.657259164650972227e+00,6.106288005199776671e-04
7.000000000000000000e+00,1.660708763407247712e+00,8.374741476290235333e-04
7.000000000000000000e+00,1.664154883215130942e+00,8.509560677789253106e-04
7.000000000000000000e+00,1.667604119953681518e+00,1.177749451985340284e-03
7.000000000000000000e+00,1.671051918830441796e+00,1.194699465907070974e-03
7.000000000000000000e+00,1.674498173121963029e+00,1.701454374704169849e-03
7.000000000000000000e+00,1.677947317015475281e+00,2.141243603993175492e-03
7.000000000000000000e+00,1.681394737827663022e+00,3.172404887294931735e-03
7.000000000000000000e+00,1.684842616095019174e+00,3.736899202785015466e-03
7.000000000000000000e+00,1.688290870128017263e+00,5.221117537148757710e-03
7.000000000000000000e+00,1.691739417547214908e+00,6.526525147524806642e-03
7.000000000000000000e+00,1.695185857520615125e+00,6.704063943416571116e-03
7.000000000000000000e+00,1.698634732372025002e+00,5.350267979416225769e-03
7.000000000000000000e+00,1.702081312653158873e+00,4.491553826780412054e-03
7.000000000000000000e+00,1.705530177056598928e+00,2.770534830804377395e-03
7.000000000000000000e+00,1.708976556927202850e+00,2.337818398572632551e-03
7.000000000000000000e+00,1.712425067479531160e+00,1.592902579430521782e-03
7.000000000000000000e+00,1.715873275371869733e+00,1.306399406086486024e-03
7.000000000000000000e+00,1.719321092701248777e+00,9.265419396641214880e-04
7.000000000000000000e+00,1.722768430874836998e+00,8.060844367023852885e-04
7.000000000000000000e+00,1.726217603999769867e+00,6.713136364647957852e-04
7.000000000000000000e+00,1.729663724931680191e+00,7.001915184415273032e-04
7.000000000000000000e+00,1.733111519436391523e+00,8.035274968768024587e-04
7.000000000000000000e+00,1.736560925105470776e+00,1.829189864559672063e-03
7.000000000000000000e+00,1.740006995062806538e+00,5.048134340599180064e-03
7.000000000000000000e+00,1.743456962527776044e+00,8.362241165149688488e-03
7.000000000000000000e+00,1.746903408349857356e+00,4.644967173755376252e-03
7.000000000000000000e+00,1.750351151541850170e+00,3.052058868360102428e-03
7.000000000000000000e+00,1.753800126646169133e+00,3.873903716436102873e-03
7.000000000000000000e+00,1.757247777056210269e+00,3.663923555516615266e-03
7.000000000000000000e+00,1.760694006816462265e+00,1.000422324689368564e-02
7.000000000000000000e+00,1.764143739596276683e+00,1.245387954182498695e-02
7.000000000000000000e+00,1.767591897027504633e+00,3.899578178240105386e-02
7.000000000000000000e+00,1.771038381196035516e+00,1.660559611036505415e-02
7.000000000000000000e+00,1.774485633181389410e+00,5.607163400317360935e-03
7.000000000000000000e+00,1.777933583325450151e+00,2.691981858625588139e-03
7.000000000000000000e+00,1.781382161396555475e+00,2.823093051146965179e-03
7.000000000000000000e+00,1.784828727214625488e+00,5.901651879319146955e-03
7.000000000000000000e+00,1.788278338206535700e+00,1.409257882932280111e-02
7.000000000000000000e+00,1.791725773693539692e+00,3.781188176829694547e-02
7.000000000000000000e+00,1.795173530458859412e+00,9.951122503644115047e-02
7.000000000000000000e+00,1.798621535336541122e+00,9.702402022672296233e-02
7.000000000000000000e+00,1.802069714585547544e+00,4.626652442570756280e-02
7.000000000000000000e+00,1.805517993889585338e+00,2.364407255704502331e-02
7.000000000000000000e+00,1.808963659025256465e+00,1.382502660271102066e-02
7.000000000000000000e+00,1.812411903117165268e+00,8.949909581000061246e-03
7.000000000000000000e+00,1.815860020844046963e+00,5.978904829399071287e-03
7.000000000000000000e+00,1.819307935588295067e+00,4.177736469117536953e-03
7.000000000000000000e+00,1.822755570157104321e+00,2.887816724605659410e-03
7.000000000000000000e+00,1.826202846782678746e+00,2.031081382718892721e-03
7.000000000000000000e+00,1.829652387162471028e+00,1.429886979049071419e-03
7.000000000000000000e+00,1.833098722480798193e+00,1.125595302879590399e-03
7.000000000000000000e+00,1.836547183550738982e+00,1.104711554768828072e-03
7.000000000000000000e+00,1.839994990319506529e+00,1.186139488206248982e-03
7.000000000000000000e+00,1.843442062200313369e+00,1.746399382299382297e-03
7.000000000000000000e+00,1.846891069191275658e+00,1.019361036397431605e-03
7.000000000000000000e+00,1.850339198957712483e+00,1.514154935937823965e-03
7.000000000000000000e+00,1.853786369243562770e+00,6.183598476171786682e-04
7.000000000000000000e+00,1.857235279282900109e+00,1.103413333085660536e-03
7.000000000000000000e+00,1.860683084283182076e+00,9.437797676108589410e-04
7.000000000000000000e+00,1.864129700321005778e+00,1.668729001097697760e-03
7.000000000000000000e+00,1.867577856036589212e+00,1.637484144892000556e-03
7.000000000000000000e+00,1.871024674010875577e+00,2.759226347740062913e-03
7.000000000000000000e+00,1.874472902601166835e+00,2.671489763025055447e-03
7.000000000000000000e+00,1.877922486946779213e+00,3.634391713206226986e-03
7.000000000000000000e+00,1.881370516884421695e+00,4.148132389561907593e-03
7.000000000000000000e+00,1.884816905210515037e+00,2.932973161715010050e-03
7.000000000000000000e+00,1.888264439954679741e+00,2.718048949388442246e-03
7.000000000000000000e+00,1.891713064297456004e+00,1.874190598358037568e-03
7.000000000000000000e+00,1.895159824112871982e+00,1.706467400436984276e-03
7.000000000000000000e+00,1.898607537409636503e+00,1.292006428283912298e-03
7.000000000000000000e+00,1.902056145930849373e+00,1.265660651429717509e-03
7.000000000000000000e+00,1.905505590961838802e+00,1.108668193739086342e-03
7.000000000000000000e+00,1.908952874159341784e+00,1.115577693319729294e-03
7.000000000000000000e+00,1.912400853798377653e+00,9.968162677768187090e-04
7.000000000000000000e+00,1.915846509287635779e+00,1.138619549133278999e-03
7.000000000000000000e+00,1.919295690217159400e+00,1.497841413231851704e-03
7.000000000000000000e+00,1.922742403939026623e+00,1.632577272374395681e-03
7.000000000000000000e+00,1.926192541782736134e+00,1.381706859558658532e-03
7.000000000000000000e+00,1.929640067440181683e+00,6.694532873409687022e-04
7.000000000000000000e+00,1.933087900183826591e+00,3.421183117280516086e-04
7.000000000000000000e+00,1.936535977039756551e+00,1.965503129127398074e-04
7.000000000000000000e+00,1.939981199079960472e+00,1.800981035710962075e-04
7.000000000000000000e+00,1.943429562597383642e+00,1.439752076478056507e-04
7.000000000000000000e+00,1.946877978525087372e+00,1.779110757831916232e-04
7.000000000000000000e+00,1.950326382048422236e+00,1.877749820102216289e-04
7.000000000000000000e+00,1.953774707892369067e+00,2.733299862453746998e-04
7.000000000000000000e+00,1.957222890321566267e+00,3.424836013365288915e-04
7.000000000000000000e+00,1.960670863140387077e+00,5.610192988827329653e-04
7.000000000000000000e+00,1.964118559693055932e+00,9.573517462160935311e-04
7.000000000000000000e+00,1.967565912863812327e+00,8.927461397683876532e-04
7.000000000000000000e+00,1.971012855077121984e+00,8.961292239409309694e-04
7.000000000000000000e+00,1.974462462646853878e+00,7.005144124009428852e-04
7.000000000000000000e+00,1.977908389365796271e+00,6.786345745572883647e-04
7.000000000000000000e+00,1.981356866008052053e+00,5.626488179297558373e-04
7.000000000000000000e+00,1.984804678864102945e+00,3.923836459076210630e-04
7.000000000000000000e+00,1.988251758114388146e+00,2.598114454198178201e-04
7.000000000000000000e+00,1.991701232975213953e+00,1.844839443550215518e-04
7.000000000000000000e+00,1.995146644800939395e+00,1.337280987526425695e-04
7.000000000000000000e+00,1.998594332508543792e+00,1.206959720214539498e-04
7.000000000000000000e+00,2.002044257812201522e+00,1.076084038676607401e-04
7.000000000000000000e+00,2.005493138126538177e+00,1.052014891778070376e-04
7.000000000000000000e+00,2.008940900982242095e+00,9.469630918923382956e-05
7.000000000000000000e+00,2.012387473453392861e+00,9.601166610979733828e-05
7.000000000000000000e+00,2.015836059663349111e+00,9.139400692179768849e-05
7.000000000000000000e+00,2.019283330698162793e+00,7.081524593749486220e-05
7.000000000000000000e+00,2.022729212310859115e+00,9.760353059606921816e-05
7.000000000000000000e+00,2.026176941017666877e+00,9.738506113491968066e-05
7.000000000000000000e+00,2.029626475484230141e+00,1.250889750020303985e-04
7.000000000000000000e+00,2.033074440229836632e+00,1.117631950583583073e-04
7.000000000000000000e+00,2.036520759278852566e+00,1.205307588567006762e-04
7.000000000000000000e+00,2.039968712651890392e+00,1.178959140354113463e-04
7.000000000000000000e+00,2.043418257520000392e+00,9.781036809816631456e-05
7.000000000000000000e+00,2.046865971521828698e+00,1.130848617401614370e-04
7.000000000000000000e+00,2.050311776957185472e+00,1.034871858883675992e-04
7.000000000000000000e+00,2.053762399650157722e+00,1.285984234246107265e-04
7.000000000000000000e+00,2.057207589295852124e+00,1.209818109483145758e-04
7.000000000000000000e+00,2.060657507204084027e+00,1.719141626198588302e-04
7.000000000000000000e+00,2.064105270019382932e+00,1.709329072468273019e-04
7.000000000000000000e+00,2.067554245750138797e+00,1.995009539769942942e-04
7.000000000000000000e+00,2.071000929283012937e+00,2.404210063097298865e-04
7.000000000000000000e+00,2.074448710803403539e+00,3.146647325235394743e-04
7.000000000000000000e+00,2.077897543799790192e+00,3.576971080297753117e-04
7.000000000000000000e+00,2.081343887425238570e+00,4.456370011631900167e-04
7.000000000000000000e+00,2.084791165297932292e+00,1.006337750338283854e-03
7.000000000000000000e+00,2.088239329812072498e+00,1.372684763331428765e-03
7.000000000000000000e+00,2.091688333018982604e+00,1.563537525794312429e-03
7.000000000000000000e+00,2.095134586178464708e+00,1.445017659714113029e-03
7.000000000000000000e+00,2.098581557772516426e+00,8.928245189663717909e-04
7.000000000000000000e+00,2.102029198756936612e+00,1.099511992765426355e-03
7.000000000000000000e+00,2.105477459743749336e+00,9.220979689814549473e-04
7.000000000000000000e+00,2.108926291000885023e+00,2.330707212616399317e-03
7.000000000000000000e+00,2.112375642451898905e+00,1.703311562205271808e-03
7.000000000000000000e+00,2.115821852965775296e+00,3.086671077308634353e-03
7.000000000000000000e+00,2.119268458927962673e+00,6.875126518960924214e-03
7.000000000000000000e+00,2.122719043442534925e+00,4.975053900184244968e-03
7.000000000000000000e+00,2.126166298253410858e+00,6.236256866049453423e-03
7.000000000000000000e+00,2.129613793981704362e+00,7.918591279919048875e-03
7.000000000000000000e+00,2.133061478420649859e+00,1.107814564173417032e-02
7.000000000000000000e+00,2.136509299018463537e+00,1.300931745731021862e-02
7.000000000000000000e+00,2.139957202878268738e+00,1.300254496640711362e-02
7.000000000000000000e+00,2.143405136758036900e+00,9.962162426852869124e-03
7.000000000000000000e+00,2.146853047070562237e+00,6.004180166804909749e-03
7.000000000000000000e+00,2.150300879883457306e+00,3.621021646597100390e-03
7.000000000000000000e+00,2.153748580919182309e+00,2.424885832271297340e-03
7.000000000000000000e+00,2.157196095555092619e+00,2.460147896551718050e-03
7.000000000000000000e+00,2.160643368823523591e+00,7.095807492161392352e-04
7.000000000000000000e+00,2.164090345411897154e+00,1.156297955302341496e-03
7.000000000000000000e+00,2.167540759036654663e+00,3.818990391915701253e-04
7.000000000000000000e+00,2.170986987007442970e+00,4.823564085570899345e-04
7.000000000000000000e+00,2.174436563833112679e+00,2.955859394257326898e-04
7.000000000000000000e+00,2.177881817870748637e+00,2.319207307573144846e-04
7.000000000000000000e+00,2.181330331273712009e+00,1.337041281236603959e-04
7.000000000000000000e+00,2.184778233191368102e+00,9.547487322817385300e-05
7.000000000000000000e+00,2.188225465951995297e+00,8.581447306163514106e-05
7.000000000000000000e+00,2.191675845771210440e+00,1.044581951790859553e-04
7.000000000000000000e+00,2.195121578019079589e+00,1.878520795015964579e-04
7.000000000000000000e+00,2.198570364693557266e+00,2.865919930819573196e-04
7.000000000000000000e+00,2.202018272566464763e+00,6.080622225286670766e-04
7.000000000000000000e+00,2.205465242297680817e+00,6.792750885464512219e-04
7.000000000000000000e+00,2.208915149623194463e+00,8.689818760474847786e-04
7.000000000000000000e+00,2.212360075965002171e+00,9.515194591593522039e-04
7.000000000000000000e+00,2.215807844123076187e+00,9.503711162198464485e-04
7.000000000000000000e+00,2.219258430376216840e+00,1.106719703352883029e-03
7.000000000000000000e+00,2.222703841343263154e+00,1.160073419995106365e-03
7.000000000000000000e+00,2.226151972787215438e+00,1.598510889814670983e-03
7.000000000000000000e+00,2.229602800184150357e+00,1.566013323733983845e-03
7.000000000000000000e+00,2.233048254996186532e+00,2.293126991812351797e-03
7.000000000000000000e+00,2.236496306301955173e+00,1.513396068180389905e-03
7.000000000000000000e+00,2.239942882003202573e+00,4.062703218917764966e-03
7.000000000000000000e+00,2.243391978366607198e+00,3.005985150279917063e-03
7.000000000000000000e+00,2.246839497825367182e+00,1.151909411897932348e-02
7.000000000000000000e+00,2.250289461008770697e+00,1.505959729250308174e-02
7.000000000000000000e+00,2.253737744797115639e+00,1.704395469495103427e-02
7.000000000000000000e+00,2.257184284958505760e+00,2.271566057277192921e-02
7.000000000000000000e+00,2.260633138782280227e+00,2.044865116410520336e-02
7.000000000000000000e+00,2.264080144649337711e+00,1.800275954458067582e-02
7.000000000000000000e+00,2.267525237356025958e+00,1.459180002796563180e-02
7.000000000000000000e+00,2.270976670675578291e+00,1.238553771317543392e-02
7.000000000000000000e+00,2.274421937636212032e+00,7.976642914491582220e-03
7.000000000000000000e+00,2.277869304062661637e+00,7.069296744110042767e-03
7.000000000000000000e+00,2.281318741456848986e+00,2.009227513985840582e-03
7.000000000000000000e+00,2.284766010754516241e+00,2.248692777865521179e-03
7.000000000000000000e+00,2.288215267906648975e+00,4.287941466789652804e-04
7.000000000000000000e+00,2.291662247874864278e+00,5.005671795799680225e-04
7.000000000000000000e+00,2.295111131471099686e+00,2.724763268591300514e-04
7.000000000000000000e+00,2.298557627608458720e+00,3.400957762187017301e-04
7.000000000000000000e+00,2.302005942034049291e+00,2.304523249218810898e-04
7.000000000000000000e+00,2.305451757539699997e+00,2.723295278244495946e-04
7.000000000000000000e+00,2.308899304880597025e+00,1.820826919223198100e-04
7.000000000000000000e+00,2.312348553258873896e+00,1.911885006413568890e-04
7.000000000000000000e+00,2.315795146169584040e+00,1.559856798981617827e-04
7.000000000000000000e+00,2.319243352055508911e+00,1.590936258971833821e-04
7.000000000000000000e+00,2.322693139373734450e+00,1.236021166777654041e-04
7.000000000000000000e+00,2.326140112141752425e+00,1.137215058116750196e-04
7.000000000000000000e+00,2.329588576669208155e+00,8.003481638951570913e-05
7.000000000000000000e+00,2.333034110543464656e+00,7.335053161622598296e-05
7.000000000000000000e+00,2.336485448496548489e+00,6.552167180702873363e-05
7.000000000000000000e+00,2.339933764512273751e+00,8.026858701202627914e-05
7.000000000000000000e+00,2.343378986533309671e+00,8.506256723160540202e-05
7.000000000000000000e+00,2.346825484344305490e+00,1.045984862008515829e-04
7.000000000000000000e+00,2.350273224383027326e+00,1.128274597669523972e-04
7.000000000000000000e+00,2.353722172861167472e+00,1.290620577506238550e-04
7.000000000000000000e+00,2.357172295763969139e+00,1.231367303930528507e-04
7.000000000000000000e+00,2.360619064298897563e+00,1.235188567396335339e-04
7.000000000000000000e+00,2.364066912253343311e+00,1.173551108438717369e-04
7.000000000000000000e+00,2.367515804861286988e+00,9.869709903302607682e-05
7.000000000000000000e+00,2.370961173109878306e+00,8.055173927025985814e-05
7.000000000000000000e+00,2.374412036608912757e+00,7.082624375487533628e-05
7.000000000000000000e+00,2.377859278634326667e+00,5.614563761377658173e-05
7.000000000000000000e+00,2.381307397460132869e+00,5.559183477101490298e-05
7.000000000000000000e+00,2.384751770196041232e+00,6.456110840201634759e-05
7.000000000000000000e+00,2.388201521193179300e+00,6.477764624874777306e-05
7.000000000000000000e+00,2.391647426880533001e+00,5.409736506139081931e-05
7.000000000000000000e+00,2.395098664237783392e+00,4.899200321277131809e-05
7.000000000000000000e+00,2.398545956062328788e+00,5.024585591185963443e-05
7.000000000000000000e+00,2.401993878652857184e+00,3.687498414874878204e-05
7.000000000000000000e+00,2.405442394597158362e+00,4.449257130246169834e-05
7.000000000000000000e+00,2.408886786022795157e+00,3.278998144472185960e-05
7.000000000000000000e+00,2.412336362106710208e+00,3.872471030415862778e-05
7.000000000000000000e+00,2.415786417910278150e+00,3.005475135300919522e-05
7.000000000000000000e+00,2.419232194585697826e+00,4.555043287288592187e-05
7.000000000000000000e+00,2.422678347155437617e+00,3.694794587814776289e-05
7.000000000000000000e+00,2.426129584221891289e+00,5.028300082671440175e-05
7.000000000000000000e+00,2.429576385293707563e+00,3.829289723090233241e-05
7.000000000000000000e+00,2.433023445035121579e+00,5.521358298626243634e-05
7.000000000000000000e+00,2.436470723904829327e+00,6.092356822134843166e-05
7.000000000000000000e+00,2.439918182131624036e+00,6.319041899364871923e-05
7.000000000000000000e+00,2.443365779714331332e+00,5.867906820173432469e-05
7.000000000000000000e+00,2.446813476421755063e+00,4.562713044707663169e-05
7.000000000000000000e+00,2.450261231792639105e+00,6.270455544316590960e-05
7.000000000000000000e+00,2.453709005135639387e+00,4.664284245990629816e-05
7.000000000000000000e+00,2.457156755529312342e+00,5.933409790951504762e-05
7.000000000000000000e+00,2.460604441822116684e+00,4.292300017011480608e-05
7.000000000000000000e+00,2.464052022632424954e+00,5.824028766576277690e-05
7.000000000000000000e+00,2.467499456348555942e+00,4.082801497771154479e-05
7.000000000000000000e+00,2.470951625619067560e+00,4.613711001204637703e-05
7.000000000000000000e+00,2.474398653140896354e+00,2.796337742024653111e-05
7.000000000000000000e+00,2.477845407371735753e+00,3.218070643408454267e-05
7.000000000000000000e+00,2.481291845780071004e+00,2.238373191642382970e-05
7.000000000000000000e+00,2.484742905219031073e+00,1.977612916401541576e-05
7.000000000000000000e+00,2.488188597289541448e+00,2.532024591774468582e-05
7.000000000000000000e+00,2.491638851875302763e+00,2.094807986085599585e-05
7.000000000000000000e+00,2.495083624796248234e+00,3.413101312469425235e-05
7.000000000000000000e+00,2.498532900868154716e+00,2.879949928700521327e-05
7.000000000000000000e+00,2.501981628941128299e+00,4.317044451092214523e-05
7.000000000000000000e+00,2.505429764928409853e+00,3.453454107397707081e-05
7.000000000000000000e+00,2.508877264513888594e+00,5.232049304118649164e-05
7.000000000000000000e+00,2.512324083152320586e+00,4.346391151880316632e-05
7.000000000000000000e+00,2.515770176069546782e+00,5.889693076576184077e-05
7.000000000000000000e+00,2.519220617027636777e+00,6.030596604297812845e-05
7.000000000000000000e+00,2.522665137272860125e+00,9.870450261895833050e-05
7.000000000000000000e+00,2.526113942935153567e+00,1.056014892858339431e-04
7.000000000000000000e+00,2.529561869608954350e+00,2.426622947828215135e-04
7.000000000000000000e+00,2.533008871425249886e+00,1.348900606615414249e-03
7.000000000000000000e+00,2.536460091348755608e+00,8.697838207823222660e-04
7.000000000000000000e+00,2.539905119036357739e+00,2.038372232892342664e-03
7.000000000000000000e+00,2.543354300215602937e+00,1.996912991212773745e-03
7.000000000000000000e+00,2.546802399089612923e+00,1.823441573624818299e-03
7.000000000000000000e+00,2.550249368695818752e+00,1.741583331245787850e-03
7.000000000000000000e+00,2.553695161844585115e+00,8.207671284777056037e-04
7.000000000000000000e+00,2.557145005160321727e+00,2.430215517396192460e-04
7.000000000000000000e+00,2.560593605407676776e+00,2.382065593259922087e-04
7.000000000000000000e+00,2.564040914759595946e+00,9.550231755726728763e-05
7.000000000000000000e+00,2.567486885162802768e+00,1.309111823137483206e-04
7.000000000000000000e+00,2.570936799422715247e+00,8.468157293940566034e-05
7.000000000000000000e+00,2.574385306550782015e+00,7.103005797565411952e-05
7.000000000000000000e+00,2.577832357857054557e+00,7.466303932796497034e-05
7.000000000000000000e+00,2.581277904426420466e+00,6.720678399326532023e-05
7.000000000000000000e+00,2.584727285548704678e+00,6.228264890499685884e-05
7.000000000000000000e+00,2.588175092177919190e+00,6.379495329398294340e-05
7.000000000000000000e+00,2.591621274763594496e+00,7.162816717615995887e-05
7.000000000000000000e+00,2.595071215175571933e+00,7.485562457740046029e-05
7.000000000000000000e+00,2.598519460637897627e+00,9.108424665045022418e-05
7.000000000000000000e+00,2.601965960965542113e+00,6.169536950913779021e-05
7.000000000000000000e+00,2.605416140786058765e+00,3.210813106995876647e-04
7.000000000000000000e+00,2.608864503415107450e+00,1.427607719460812115e-03
7.000000000000000000e+00,2.612310998034201415e+00,1.375045335764873457e-03
7.000000000000000000e+00,2.615761092202567806e+00,1.497062030928790737e-03
7.000000000000000000e+00,2.619203711994529726e+00,1.027211299734721080e-03
7.000000000000000000e+00,2.622655405435940335e+00,8.751212226979041432e-04
7.000000000000000000e+00,2.626099521378967960e+00,4.102200557602707354e-04
7.000000000000000000e+00,2.629552694960589410e+00,5.331535757298099052e-05
7.000000000000000000e+00,2.632998187102616683e+00,7.625283778958750211e-05
7.000000000000000000e+00,2.636447114066393205e+00,5.665886215646195748e-05
7.000000000000000000e+00,2.639893846415254153e+00,5.861032450125549316e-05
7.000000000000000000e+00,2.643343967039275100e+00,6.205660198874853972e-05
7.000000000000000000e+00,2.646791816810129649e+00,5.795110088830545585e-05
7.000000000000000000e+00,2.650237342610351821e+00,4.518191104136684479e-05
7.000000000000000000e+00,2.653686170889210771e+00,7.430632655838152181e-05
7.000000000000000000e+00,2.657132597811020958e+00,1.000241894310314788e-04
7.000000000000000000e+00,2.660582278976152182e+00,8.023117685144566318e-05
7.000000000000000000e+00,2.664029480667215122e+00,1.443002278613428964e-04
7.000000000000000000e+00,2.667474148734945150e+00,1.228320232435954357e-04
7.000000000000000000e+00,2.670921982619566037e+00,6.902265994024775779e-04
7.000000000000000000e+00,2.674372972301618745e+00,1.320683851299702619e-03
7.000000000000000000e+00,2.677821324074959541e+00,1.248712808892228718e-03
7.000000000000000000e+00,2.681266982978278257e+00,7.367940323011130986e-04
7.000000000000000000e+00,2.684715707224760273e+00,8.593708557584206487e-04
7.000000000000000000e+00,2.688161657879166277e+00,1.392259551165408256e-04
7.000000000000000000e+00,2.691610622648888285e+00,6.109244417928942270e-05
7.000000000000000000e+00,2.695056732375022968e+00,8.361371861190313815e-05
7.000000000000000000e+00,2.698505804337753666e+00,3.417622054121655469e-05
7.000000000000000000e+00,2.701951939076299603e+00,3.189643604470062581e-05
7.000000000000000000e+00,2.705400983521141445e+00,4.327111569248842584e-05
7.000000000000000000e+00,2.708852926222422131e+00,2.279668748570046831e-05
7.000000000000000000e+00,2.712295888667945576e+00,2.138559365515505640e-05
7.000000000000000000e+00,2.715747614288411160e+00,2.969469050964198219e-05
7.000000000000000000e+00,2.719196209159163047e+00,3.186926487365784042e-05
7.000000000000000000e+00,2.722641615900502465e+00,1.841563568865327267e-05
7.000000000000000000e+00,2.726089770873740825e+00,2.203575994403944078e-05
7.000000000000000000e+00,2.729534652626857572e+00,3.243181214030844923e-05
7.000000000000000000e+00,2.732982227470418746e+00,1.972157375859355334e-05
7.000000000000000000e+00,2.736432482794700860e+00,2.074556489580145694e-05
7.000000000000000000e+00,2.739879351122726181e+00,3.107997258512845988e-05
7.000000000000000000e+00,2.743328843875850076e+00,2.089141555708524370e-05
7.000000000000000000e+00,2.746774862770038350e+00,1.843785599394144243e-05
7.000000000000000000e+00,2.750223449379463503e+00,2.001912170451993536e-05
7.000000000000000000e+00,2.753674590409778578e+00,2.931267073708831059e-05
7.000000000000000000e+00,2.757122141249363612e+00,1.681011444305200293e-05
7.000000000000000000e+00,2.760566042340017567e+00,1.928378909379214104e-05
7.000000000000000000e+00,2.764018557693985745e+00,1.613993168609137389e-05
7.000000000000000000e+00,2.767461187731447669e+00,2.463215632641306113e-05
7.000000000000000000e+00,2.770912404166737897e+00,1.426910485083536921e-05
7.000000000000000000e+00,2.774359822892734417e+00,1.586631493574614592e-05
7.000000000000000000e+00,2.777809606916736840e+00,1.211522239297743661e-05
7.000000000000000000e+00,2.781255502836574856e+00,2.139640159374375336e-05
7.000000000000000000e+00,2.784703704199829932e+00,1.528098649340712376e-05
7.000000000000000000e+00,2.788147926347539496e+00,1.258498767348924397e-05
7.000000000000000000e+00,2.791600678922760981e+00,1.196148155272631355e-05
7.000000000000000000e+00,2.795043090476260428e+00,1.888408121443004879e-05
7.000000000000000000e+00,2.798494002406115122e+00,1.566426853849956405e-05
7.000000000000000000e+00,2.801940781868234698e+00,1.311387112625604832e-05
7.000000000000000000e+00,2.805389714519748168e+00,1.750102526211180345e-05
7.000000000000000000e+00,2.808834421514795121e+00,2.776895421745359023e-05
7.000000000000000000e+00,2.812287598345081019e+00,2.043779160391442494e-05
7.000000000000000000e+00,2.815730092254171701e+00,2.993138373604175081e-05
7.000000000000000000e+00,2.819181024339006303e+00,6.883305573794583072e-05
7.000000000000000000e+00,2.822627573601432349e+00,3.726412544668330205e-04
7.000000000000000000e+00,2.826076118509744717e+00,3.901411855711851449e-04
7.000000000000000000e+00,2.829526642776947210e+00,6.885278102335843026e-04
7.000000000000000000e+00,2.832972656803320000e+00,3.738824538314990424e-04
7.000000000000000000e+00,2.836420585731449506e+00,6.681802793268549838e-05
7.000000000000000000e+00,2.839870412869007765e+00,4.306595277035276829e-05
7.000000000000000000e+00,2.843315600857695635e+00,4.190917866337257036e-05
7.000000000000000000e+00,2.846762621679029603e+00,2.622697755772072806e-05
7.000000000000000000e+00,2.850211458234488848e+00,2.266632731220638393e-05
7.000000000000000000e+00,2.853662093317443027e+00,1.856027239044018184e-05
7.000000000000000000e+00,2.857107925641209079e+00,1.667731989615428424e-05
7.000000000000000000e+00,2.860555489925645567e+00,1.779993775874751292e-05
7.000000000000000000e+00,2.864004768556617453e+00,1.692117858363862960e-05
7.000000000000000000e+00,2.867449112092238739e+00,1.352702447310203993e-05
7.000000000000000000e+00,2.870901750158041832e+00,1.722549019234979377e-05
7.000000000000000000e+00,2.874349385371875787e+00,1.390800382433612128e-05
7.000000000000000000e+00,2.877791951674792958e+00,4.747590129478533125e-06
7.000000000000000000e+00,2.881242774088754732e+00,1.250383969415332634e-05
7.000000000000000000e+00,2.884688458919366205e+00,1.320375848195545079e-05
7.000000000000000000e+00,2.888135667272326401e+00,1.077781124783728211e-05
7.000000000000000000e+00,2.891584380497048912e+00,1.336459536870672707e-05
7.000000000000000000e+00,2.895034579832586275e+00,1.037292880479227324e-05
7.000000000000000000e+00,2.898479470380316503e+00,1.263629164575718871e-05
7.000000000000000000e+00,2.901925776907095411e+00,1.316295925223592070e-05
7.000000000000000000e+00,2.905373480242120277e+00,4.233163867678727376e-06
7.000000000000000000e+00,2.908822561103622473e+00,6.992257801785599847e-06
7.000000000000000000e+00,2.912273000098660081e+00,1.226186698844476638e-05
7.000000000000000000e+00,2.915717920856395917e+00,1.135115402715234739e-05
7.000000000000000000e+00,2.919171001243166863e+00,1.285716287846230183e-05
7.000000000000000000e+00,2.922618491529225704e+00,1.263822140820897670e-05
7.000000000000000000e+00,2.926067228665903297e+00,1.243526483724466589e-05
7.000000000000000000e+00,2.929510270735431021e+00,1.995564418528930715e-05
7.000000000000000000e+00,2.932961425061571425e+00,1.735381508073075506e-05
7.000000000000000000e+00,2.936406811276298434e+00,8.055019102622805883e-05
7.000000000000000000e+00,2.939853330832565170e+00,7.112501181331395235e-05
7.000000000000000000e+00,2.943300963180315755e+00,6.551393726161727023e-05
7.000000000000000000e+00,2.946749687657017613e+00,1.320583910671568866e-05
7.000000000000000000e+00,2.950199483487491392e+00,9.378668904821510521e-06
7.000000000000000000e+00,2.953643293379428769e+00,7.035666132948881671e-06
7.000000000000000000e+00,2.957095152684269479e+00,8.964554114357939918e-06
7.000000000000000000e+00,2.960540951008748145e+00,1.022814047018900610e-05
7.000000000000000000e+00,2.963987703458273337e+00,9.935097642683154612e-06
7.000000000000000000e+00,2.967435388620835557e+00,1.498032730063612502e-05
7.000000000000000000e+00,2.970883984971168346e+00,8.947943671649776463e-05
7.000000000000000000e+00,2.974333470870613727e+00,1.059096685038498704e-04
7.000000000000000000e+00,2.977783824566972548e+00,1.747626686012464887e-05
7.000000000000000000e+00,2.981227855747897504e+00,9.986716593190451946e-06
7.000000000000000000e+00,2.984679862716122845e+00,5.697143244878106147e-06
7.000000000000000000e+00,2.988125469863089467e+00,5.026472731602158625e-06
7.000000000000000000e+00,2.991571823358956106e+00,8.118126734355105890e-06
7.000000000000000000e+00,2.995018900813596119e+00,5.093559760108110587e-06
7.000000000000000000e+00,2.998466679722951778e+00,1.522694474687244157e-05
7.000000000000000000e+00,3.001915137468924577e+00,8.617211373962157682e-05
7.000000000000000000e+00,3.005364251319263325e+00,4.906217287085159779e-05
7.000000000000000000e+00,3.008813998427458003e+00,1.185112941434218193e-05
7.000000000000000000e+00,3.012257037388338610e+00,6.078632113527401298e-06
7.000000000000000000e+00,3.015707965237110155e+00,4.789613840996004098e-06
7.000000000000000000e+00,3.019152105109111695e+00,6.171048448991105907e-06
7.000000000000000000e+00,3.022604120851319909e+00,2.536509710645664046e-06
7.000000000000000000e+00,3.026049268242209322e+00,9.639683267439879221e-06
7.000000000000000000e+00,3.029502278114438507e+00,7.759718840089357904e-06
7.000000000000000000e+00,3.032948338715878656e+00,5.496673003231582871e-06
7.000000000000000000e+00,3.036394811834639107e+00,3.002417974258605112e-06
7.000000000000000000e+00,3.039841673528437926e+00,1.091600052286394328e-05
7.000000000000000000e+00,3.043288899740312470e+00,1.313977921526363017e-05
7.000000000000000000e+00,3.046736466298560764e+00,1.148813898829950634e-05
7.000000000000000000e+00,3.050184348916684218e+00,1.043959316014709800e-04
7.000000000000000000e+00,3.053632523193331227e+00,1.433244063425103245e-04
7.000000000000000000e+00,3.057080964612250096e+00,3.424458131003547381e-05
7.000000000000000000e+00,3.060529648542242853e+00,6.070516161736460647e-06
7.000000000000000000e+00,3.063978550237123955e+00,3.070651659315278547e-06
7.000000000000000000e+00,3.067427644835680312e+00,5.625933896993904997e-06
7.000000000000000000e+00,3.070869301342692204e+00,6.096268922389110103e-06
7.000000000000000000e+00,3.074318689607980826e+00,4.584773092637288887e-06
7.000000000000000000e+00,3.077768195483054026e+00,2.073791494604308254e-06
7.000000000000000000e+00,3.081217793646421566e+00,4.251860965322214368e-06
7.000000000000000000e+00,3.084667458661439099e+00,5.824013401716583381e-06
7.000000000000000000e+00,3.088109473315589160e+00,6.636166017569983673e-06
7.000000000000000000e+00,3.091559178069081870e+00,1.507481668957437086e-06
7.000000000000000000e+00,3.095008872654115173e+00,3.850763733209113047e-06
7.000000000000000000e+00,3.098458531173472696e+00,1.889403969402542418e-06
8.000000000000000000e+00,1.422807976006567054e+00,2.919137521460748422e-04
8.000000000000000000e+00,1.426254929928600923e+00,3.172890525810574051e-04
8.000000000000000000e+00,1.429702139328395516e+00,3.003333510111049062e-04
8.000000000000000000e+00,1.433151143120694249e+00,3.287296133870699672e-04
8.000000000000000000e+00,1.436598517255286867e+00,3.246217241853723489e-04
8.000000000000000000e+00,1.440045790386240032e+00,3.187737605095150692e-04
8.000000000000000000e+00,1.443494521975932976e+00,3.378560992079847488e-04
8.000000000000000000e+00,1.446941236582872659e+00,3.641349526366737628e-04
8.000000000000000000e+00,1.450389180041976367e+00,3.661668182373930603e-04
8.000000000000000000e+00,1.453838251996353970e+00,4.663037571124401220e-04
8.000000000000000000e+00,1.457284925324613400e+00,5.224669021236062532e-04
8.000000000000000000e+00,1.460734211847596109e+00,4.650441414238469864e-04
8.000000000000000000e+00,1.464180845048669521e+00,4.615337526088239767e-04
8.000000000000000000e+00,1.467629883251738487e+00,4.038245310606257063e-04
8.000000000000000000e+00,1.471077754388882219e+00,4.215718131695790150e-04
8.000000000000000000e+00,1.474524327200595009e+00,4.395732944833382824e-04
8.000000000000000000e+00,1.477972992957279574e+00,4.469676674079180395e-04
8.000000000000000000e+00,1.481420127337121695e+00,4.916084309540675028e-04
8.000000000000000000e+00,1.484867374063010059e+00,6.165528886274832584e-04
8.000000000000000000e+00,1.488316408777387689e+00,5.319622382501706503e-04
8.000000000000000000e+00,1.491763554618141141e+00,2.699090078649747648e-04
8.000000000000000000e+00,1.495212280069660338e+00,1.604979153086804439e-04
8.000000000000000000e+00,1.498658873048627660e+00,1.632024949472038954e-04
8.000000000000000000e+00,1.502106833194010616e+00,1.959095538787183595e-04
8.000000000000000000e+00,1.505556069478128256e+00,2.024119415934814590e-04
8.000000000000000000e+00,1.509002816756937371e+00,1.807707385843892512e-04
8.000000000000000000e+00,1.512450621747667645e+00,1.815663335880635608e-04
8.000000000000000000e+00,1.515899390545454084e+00,1.927945797421023717e-04
8.000000000000000000e+00,1.519347166463247412e+00,1.915340512935156990e-04
8.000000000000000000e+00,1.522793828376461489e+00,1.983767914438734636e-04
8.000000000000000000e+00,1.526243011725259224e+00,2.116399721769071304e-04
8.000000000000000000e+00,1.529690869705549572e+00,2.022275056099869840e-04
8.000000000000000000e+00,1.533137278200958908e+00,2.305973506347791611e-04
8.000000000000000000e+00,1.536585920764031554e+00,2.510733510615007109e-04
8.000000000000000000e+00,1.540032896726395206e+00,2.583651719004784273e-04
8.000000000000000000e+00,1.543481921944640289e+00,3.240495505601297946e-04
8.000000000000000000e+00,1.546929059686635410e+00,4.610207607097226721e-04
8.000000000000000000e+00,1.550378058269135995e+00,8.651582140665765169e-04
8.000000000000000000e+00,1.553824944740700653e+00,9.569966281179931615e-04
8.000000000000000000e+00,1.557273500031404190e+00,2.007398423072019231e-04
8.000000000000000000e+00,1.560719714820170578e+00,1.360657323026654396e-04
8.000000000000000000e+00,1.564169376134801448e+00,1.393245934521889168e-04
8.000000000000000000e+00,1.567616482214771345e+00,1.584918330637562407e-04
8.000000000000000000e+00,1.571064879731063568e+00,1.535166468935656228e-04
8.000000000000000000e+00,1.574512485738055023e+00,1.713535313004822987e-04
8.000000000000000000e+00,1.577959189706325427e+00,1.758499412278674047e-04
8.000000000000000000e+00,1.581406897256678379e+00,2.176865945429982507e-04
8.000000000000000000e+00,1.584855522432401909e+00,1.887183980599725891e-04
8.000000000000000000e+00,1.588302943772037290e+00,2.217690074549560019e-04
8.000000000000000000e+00,1.591751090722121287e+00,2.103897252381428770e-04
8.000000000000000000e+00,1.595199874853490352e+00,2.504336502761389722e-04
8.000000000000000000e+00,1.598647145641136191e+00,2.610415484432126619e-04
8.000000000000000000e+00,1.602094856532214617e+00,3.289614991639165371e-04
8.000000000000000000e+00,1.605542916622857419e+00,3.448977663812957065e-04
8.000000000000000000e+00,1.608991234204249388e+00,3.948003820521843780e-04
8.000000000000000000e+00,1.612437619754361506e+00,4.473016731180778157e-04
8.000000000000000000e+00,1.615886164989974283e+00,6.676448000216561336e-04
8.000000000000000000e+00,1.619334687738118284e+00,7.105632306289190589e-04
8.000000000000000000e+00,1.622780969070306334e+00,1.662675701386827267e-03
8.000000000000000000e+00,1.626229152209530238e+00,1.584633830088387138e-03
8.000000000000000000e+00,1.629677025633883947e+00,1.081467902825280526e-02
8.000000000000000000e+00,1.633124491996673866e+00,1.263838690049315025e-02
8.000000000000000000e+00,1.636573613397329652e+00,1.275324813586848488e-02
8.000000000000000000e+00,1.640019979486558865e+00,1.413270309184198013e-02
8.000000000000000000e+00,1.643467820155198433e+00,1.749097454638065541e-02
8.000000000000000000e+00,1.646917062285312650e+00,2.126483861471962708e-02
8.000000000000000000e+00,1.650365435255503277e+00,2.642620781346106951e-02
8.000000000000000000e+00,1.653812836999978275e+00,3.225980028760876139e-02
8.000000000000000000e+00,1.657259164650972227e+00,3.987117891453010460e-02
8.000000000000000000e+00,1.660708763407247712e+00,4.959431471946714604e-02
8.000000000000000000e+00,1.664154883215130942e+00,6.282058527687595095e-02
8.000000000000000000e+00,1.667604119953681518e+00,8.055660475545606269e-02
8.000000000000000000e+00,1.671051918830441796e+00,1.056001061302788424e-01
8.000000000000000000e+00,1.674498173121963029e+00,1.414098872198341350e-01
8.000000000000000000e+00,1.677947317015475281e+00,1.935746200877898615e-01
8.000000000000000000e+00,1.681394737827663022e+00,2.710384366548276858e-01
8.000000000000000000e+00,1.684842616095019174e+00,3.815312809057045951e-01
8.000000000000000000e+00,1.688290870128017263e+00,5.239079492449023601e-01
8.000000000000000000e+00,1.691739417547214908e+00,6.532435039456394588e-01
8.000000000000000000e+00,1.695185857520615125e+00,6.919194094418120722e-01
8.000000000000000000e+00,1.698634732372025002e+00,6.103266044831529014e-01
8.000000000000000000e+00,1.702081312653158873e+00,4.759132746036942030e-01
8.000000000000000000e+00,1.705530177056598928e+00,3.505072190667999910e-01
8.000000000000000000e+00,1.708976556927202850e+00,2.634133549263090179e-01
8.000000000000000000e+00,1.712425067479531160e+00,1.771864390524941490e-01
8.000000000000000000e+00,1.715873275371869733e+00,1.512992353250311173e-01
8.000000000000000000e+00,1.719321092701248777e+00,7.391842273653377593e-02
8.000000000000000000e+00,1.722768430874836998e+00,3.725148534642501452e-02
8.000000000000000000e+00,1.726217603999769867e+00,7.671177379473220585e-03
8.000000000000000000e+00,1.729663724931680191e+00,9.890241808027624981e-03
8.000000000000000000e+00,1.733111519436391523e+00,7.097769124074428983e-03
8.000000000000000000e+00,1.736560925105470776e+00,6.562521904132713989e-03
8.000000000000000000e+00,1.740006995062806538e+00,6.338984384700104870e-03
8.000000000000000000e+00,1.743456962527776044e+00,2.752521883594114503e-03
8.000000000000000000e+00,1.746903408349857356e+00,1.911405663975677093e-03
8.000000000000000000e+00,1.750351151541850170e+00,1.671750772988141436e-03
8.000000000000000000e+00,1.753800126646169133e+00,2.309870379531142083e-03
8.000000000000000000e+00,1.757247777056210269e+00,2.897216257579429775e-03
8.000000000000000000e+00,1.760694006816462265e+00,4.819373512207477013e-03
8.000000000000000000e+00,1.764143739596276683e+00,6.737386638984967958e-03
8.000000000000000000e+00,1.767591897027504633e+00,1.053255254485724324e-02
8.000000000000000000e+00,1.771038381196035516e+00,7.261823222180923548e-03
8.000000000000000000e+00,1.774485633181389410e+00,4.614694336305837259e-03
8.000000000000000000e+00,1.777933583325450151e+00,2.347961126074831536e-03
8.000000000000000000e+00,1.781382161396555475e+00,1.643051372497077211e-03
8.000000000000000000e+00,1.784828727214625488e+00,1.161390029999829219e-03
8.000000000000000000e+00,1.788278338206535700e+00,1.093351740621441347e-03
8.000000000000000000e+00,1.791725773693539692e+00,1.105983646511354054e-03
8.000000000000000000e+00,1.795173530458859412e+00,2.034554941557908947e-03
8.000000000000000000e+00,1.798621535336541122e+00,1.732127757519454038e-03
8.000000000000000000e+00,1.802069714585547544e+00,1.125439227338036197e-03
8.000000000000000000e+00,1.805517993889585338e+00,6.589709928610355079e-04
8.000000000000000000e+00,1.808963659025256465e+00,5.492541617993895297e-04
8.000000000000000000e+00,1.812411903117165268e+00,3.764942206087618396e-04
8.000000000000000000e+00,1.815860020844046963e+00,3.669375828911737645e-04
8.000000000000000000e+00,1.819307935588295067e+00,2.690835003870953508e-04
8.000000000000000000e+00,1.822755570157104321e+00,2.583852045764732479e-04
8.000000000000000000e+00,1.826202846782678746e+00,2.043438490512536798e-04
8.000000000000000000e+00,1.829652387162471028e+00,2.147701908926726868e-04
8.000000000000000000e+00,1.833098722480798193e+00,1.750534816054624525e-04
8.000000000000000000e+00,1.836547183550738982e+00,1.695106940234225210e-04
8.000000000000000000e+00,1.839994990319506529e+00,3.954986768583014360e-04
8.000000000000000000e+00,1.843442062200313369e+00,6.289167333592290098e-04
8.000000000000000000e+00,1.846891069191275658e+00,2.855952580437218398e-03
8.000000000000000000e+00,1.850339198957712483e+00,4.904170950206880424e-03
8.000000000000000000e+00,1.853786369243562770e+00,1.009431807852895213e-02
8.000000000000000000e+00,1.857235279282900109e+00,1.666013312302023694e-02
8.000000000000000000e+00,1.860683084283182076e+00,2.816801623242683184e-02
8.000000000000000000e+00,1.864129700321005778e+00,4.458633392296190018e-02
8.000000000000000000e+00,1.867577856036589212e+00,7.317115333383999998e-02
8.000000000000000000e+00,1.871024674010875577e+00,1.159505013042765875e-01
8.000000000000000000e+00,1.874472902601166835e+00,1.716663813770951397e-01
8.000000000000000000e+00,1.877922486946779213e+00,2.183232456746340144e-01
8.000000000000000000e+00,1.881370516884421695e+00,2.370810563286062655e-01
8.000000000000000000e+00,1.884816905210515037e+00,2.251056437937009602e-01
8.000000000000000000e+00,1.888264439954679741e+00,1.992460106313469204e-01
8.000000000000000000e+00,1.891713064297456004e+00,1.732186483359633156e-01
8.000000000000000000e+00,1.895159824112871982e+00,1.528341914150429803e-01
8.000000000000000000e+00,1.898607537409636503e+00,1.391249630763010947e-01
8.000000000000000000e+00,1.902056145930849373e+00,1.355977591708077967e-01
8.000000000000000000e+00,1.905505590961838802e+00,1.425548222713462210e-01
8.000000000000000000e+00,1.908952874159341784e+00,1.494171369012036732e-01
8.000000000000000000e+00,1.912400853798377653e+00,1.572072777119494780e-01
8.000000000000000000e+00,1.915846509287635779e+00,1.812250744266186986e-01
8.000000000000000000e+00,1.919295690217159400e+00,2.240374203690633781e-01
8.000000000000000000e+00,1.922742403939026623e+00,2.570552375487693553e-01
8.000000000000000000e+00,1.926192541782736134e+00,1.966102271750514996e-01
8.000000000000000000e+00,1.929640067440181683e+00,6.662105883759150693e-02
8.000000000000000000e+00,1.933087900183826591e+00,2.297659271841048095e-02
8.000000000000000000e+00,1.936535977039756551e+00,2.975179686424289476e-03
8.000000000000000000e+00,1.939981199079960472e+00,2.334960301247564294e-03
8.000000000000000000e+00,1.943429562597383642e+00,9.394690855354735203e-04
8.000000000000000000e+00,1.946877978525087372e+00,1.337983527844069289e-03
8.000000000000000000e+00,1.950326382048422236e+00,1.337818723687517414e-03
8.000000000000000000e+00,1.953774707892369067e+00,2.338408598475757386e-03
8.000000000000000000e+00,1.957222890321566267e+00,2.864142132534973958e-03
8.000000000000000000e+00,1.960670863140387077e+00,5.828712421462364790e-03
8.000000000000000000e+00,1.964118559693055932e+00,6.440142734359023506e-03
8.000000000000000000e+00,1.967565912863812327e+00,8.026095276247261628e-03
8.000000000000000000e+00,1.971012855077121984e+00,5.204590721286724182e-03
8.000000000000000000e+00,1.974462462646853878e+00,4.799235304846792560e-03
8.000000000000000000e+00,1.977908389365796271e+00,3.327442641081144667e-03
8.000000000000000000e+00,1.981356866008052053e+00,2.545670569325560097e-03
8.000000000000000000e+00,1.984804678864102945e+00,1.393939765270333503e-03
8.000000000000000000e+00,1.988251758114388146e+00,6.661400720829529576e-04
8.000000000000000000e+00,1.991701232975213953e+00,4.156144700104908904e-04
8.000000000000000000e+00,1.995146644800939395e+00,2.928482864262218371e-04
8.000000000000000000e+00,1.998594332508543792e+00,2.494820089693430441e-04
8.000000000000000000e+00,2.002044257812201522e+00,2.138886153158824706e-04
8.000000000000000000e+00,2.005493138126538177e+00,2.305954979902392931e-04
8.000000000000000000e+00,2.008940900982242095e+00,2.046377402264011971e-04
8.000000000000000000e+00,2.012387473453392861e+00,2.089695425846223168e-04
8.000000000000000000e+00,2.015836059663349111e+00,1.792701526819987813e-04
8.000000000000000000e+00,2.019283330698162793e+00,2.092077460719928320e-04
8.000000000000000000e+00,2.022729212310859115e+00,2.035064812947052885e-04
8.000000000000000000e+00,2.026176941017666877e+00,2.388085668320011714e-04
8.000000000000000000e+00,2.029626475484230141e+00,2.120435926993835258e-04
8.000000000000000000e+00,2.033074440229836632e+00,2.398421575097151352e-04
8.000000000000000000e+00,2.036520759278852566e+00,2.211887068737122711e-04
8.000000000000000000e+00,2.039968712651890392e+00,2.272370609443849618e-04
8.000000000000000000e+00,2.043418257520000392e+00,2.182527935636052329e-04
8.000000000000000000e+00,2.046865971521828698e+00,2.225875196627965472e-04
8.000000000000000000e+00,2.050311776957185472e+00,2.337572217746092208e-04
8.000000000000000000e+00,2.053762399650157722e+00,2.295682939788537471e-04
8.000000000000000000e+00,2.057207589295852124e+00,2.995434723254041453e-04
8.000000000000000000e+00,2.060657507204084027e+00,2.938721989028734820e-04
8.000000000000000000e+00,2.064105270019382932e+00,3.451984494471869438e-04
8.000000000000000000e+00,2.067554245750138797e+00,3.341943836455516935e-04
8.000000000000000000e+00,2.071000929283012937e+00,4.003292893082770372e-04
8.000000000000000000e+00,2.074448710803403539e+00,3.767815744793208540e-04
8.000000000000000000e+00,2.077897543799790192e+00,4.564982890573514654e-04
8.000000000000000000e+00,2.081343887425238570e+00,4.618361692845401358e-04
8.000000000000000000e+00,2.084791165297932292e+00,5.341963997067323590e-04
8.000000000000000000e+00,2.088239329812072498e+00,6.905591399217292457e-04
8.000000000000000000e+00,2.091688333018982604e+00,8.125484728683882857e-04
8.000000000000000000e+00,2.095134586178464708e+00,9.257557109024273142e-04
8.000000000000000000e+00,2.098581557772516426e+00,8.668595567254525113e-04
8.000000000000000000e+00,2.102029198756936612e+00,8.670249131994163527e-04
8.000000000000000000e+00,2.105477459743749336e+00,9.351429758755935764e-04
8.000000000000000000e+00,2.108926291000885023e+00,9.611369680997546797e-04
8.000000000000000000e+00,2.112375642451898905e+00,8.882423162860093434e-04
8.000000000000000000e+00,2.115821852965775296e+00,7.442150378827882716e-04
8.000000000000000000e+00,2.119268458927962673e+00,5.687952666288439811e-04
8.000000000000000000e+00,2.122719043442534925e+00,4.447138730669773386e-04
8.000000000000000000e+00,2.126166298253410858e+00,3.845406819094966439e-04
8.000000000000000000e+00,2.129613793981704362e+00,4.452722137206497678e-04
8.000000000000000000e+00,2.133061478420649859e+00,4.731023994089548958e-04
8.000000000000000000e+00,2.136509299018463537e+00,5.035082079387351913e-04
8.000000000000000000e+00,2.139957202878268738e+00,5.442574796872160859e-04
8.000000000000000000e+00,2.143405136758036900e+00,6.345326359480519662e-04
8.000000000000000000e+00,2.146853047070562237e+00,5.843592656710823625e-04
8.000000000000000000e+00,2.150300879883457306e+00,4.689808805782111779e-04
8.000000000000000000e+00,2.153748580919182309e+00,6.319823545475665525e-04
8.000000000000000000e+00,2.157196095555092619e+00,5.736846592187460833e-04
8.000000000000000000e+00,2.160643368823523591e+00,2.804191231034427415e-03
8.000000000000000000e+00,2.164090345411897154e+00,3.317327362864408782e-03
8.000000000000000000e+00,2.167540759036654663e+00,5.247881058394671290e-03
8.000000000000000000e+00,2.170986987007442970e+00,6.381008216584643095e-03
8.000000000000000000e+00,2.174436563833112679e+00,6.955567053633173596e-03
8.000000000000000000e+00,2.177881817870748637e+00,6.332412781489104268e-03
8.000000000000000000e+00,2.181330331273712009e+00,5.123169921350924708e-03
8.000000000000000000e+00,2.184778233191368102e+00,4.107516723955101888e-03
8.000000000000000000e+00,2.188225465951995297e+00,3.822524852251274214e-03
8.000000000000000000e+00,2.191675845771210440e+00,4.832265779326028708e-03
8.000000000000000000e+00,2.195121578019079589e+00,7.901771329950988548e-03
8.000000000000000000e+00,2.198570364693557266e+00,1.498877133049248203e-02
8.000000000000000000e+00,2.202018272566464763e+00,2.879722416674471153e-02
8.000000000000000000e+00,2.205465242297680817e+00,5.072486029542764424e-02
8.000000000000000000e+00,2.208915149623194463e+00,7.137752292223087380e-02
8.000000000000000000e+00,2.212360075965002171e+00,7.966553972937701067e-02
8.000000000000000000e+00,2.215807844123076187e+00,7.412334082665289481e-02
8.000000000000000000e+00,2.219258430376216840e+00,6.313802034494996052e-02
8.000000000000000000e+00,2.222703841343263154e+00,5.061649117302757794e-02
8.000000000000000000e+00,2.226151972787215438e+00,4.344156036890803319e-02
8.000000000000000000e+00,2.229602800184150357e+00,3.014873941881377611e-02
8.000000000000000000e+00,2.233048254996186532e+00,2.668828586830148536e-02
8.000000000000000000e+00,2.236496306301955173e+00,7.215945114326094249e-03
8.000000000000000000e+00,2.239942882003202573e+00,7.306677685465214241e-03
8.000000000000000000e+00,2.243391978366607198e+00,1.643982977242648344e-03
8.000000000000000000e+00,2.246839497825367182e+00,2.026059809080533233e-03
8.000000000000000000e+00,2.250289461008770697e+00,2.045343567699994900e-03
8.000000000000000000e+00,2.253737744797115639e+00,2.761752673534104054e-03
8.000000000000000000e+00,2.257184284958505760e+00,2.001248246319174869e-03
8.000000000000000000e+00,2.260633138782280227e+00,2.105983148210453966e-03
8.000000000000000000e+00,2.264080144649337711e+00,1.508211208893945948e-03
8.000000000000000000e+00,2.267525237356025958e+00,1.894167607778556636e-03
8.000000000000000000e+00,2.270976670675578291e+00,1.625002252968600885e-03
8.000000000000000000e+00,2.274421937636212032e+00,3.932687467508076337e-03
8.000000000000000000e+00,2.277869304062661637e+00,3.080416585621981347e-03
8.000000000000000000e+00,2.281318741456848986e+00,6.927488950074936133e-03
8.000000000000000000e+00,2.284766010754516241e+00,6.141101790471331992e-03
8.000000000000000000e+00,2.288215267906648975e+00,8.026119705594223636e-03
8.000000000000000000e+00,2.291662247874864278e+00,8.390994850513078945e-03
8.000000000000000000e+00,2.295111131471099686e+00,9.264430385057864648e-03
8.000000000000000000e+00,2.298557627608458720e+00,9.979784303228217066e-03
8.000000000000000000e+00,2.302005942034049291e+00,1.108668295824201920e-02
8.000000000000000000e+00,2.305451757539699997e+00,1.232802467964413604e-02
8.000000000000000000e+00,2.308899304880597025e+00,1.410364637785925870e-02
8.000000000000000000e+00,2.312348553258873896e+00,1.599447732741884204e-02
8.000000000000000000e+00,2.315795146169584040e+00,1.805899195094445853e-02
8.000000000000000000e+00,2.319243352055508911e+00,1.958232016832443106e-02
8.000000000000000000e+00,2.322693139373734450e+00,2.018110323032770714e-02
8.000000000000000000e+00,2.326140112141752425e+00,1.954872840709000192e-02
8.000000000000000000e+00,2.329588576669208155e+00,1.782678551572561970e-02
8.000000000000000000e+00,2.333034110543464656e+00,1.709497655827763724e-02
8.000000000000000000e+00,2.336485448496548489e+00,1.746999029825934205e-02
8.000000000000000000e+00,2.339933764512273751e+00,2.023343333834141250e-02
8.000000000000000000e+00,2.343378986533309671e+00,2.021921789784574680e-02
8.000000000000000000e+00,2.346825484344305490e+00,2.442476943397425132e-02
8.000000000000000000e+00,2.350273224383027326e+00,9.074392769637566053e-03
8.000000000000000000e+00,2.353722172861167472e+00,1.102206377350504335e-02
8.000000000000000000e+00,2.357172295763969139e+00,2.655321376847484191e-03
8.000000000000000000e+00,2.360619064298897563e+00,2.636206065474456465e-03
8.000000000000000000e+00,2.364066912253343311e+00,1.439853103793459124e-03
8.000000000000000000e+00,2.367515804861286988e+00,1.146972806373324025e-03
8.000000000000000000e+00,2.370961173109878306e+00,6.403482079309459011e-04
8.000000000000000000e+00,2.374412036608912757e+00,5.180755758332593330e-04
8.000000000000000000e+00,2.377859278634326667e+00,3.321115318290760094e-04
8.000000000000000000e+00,2.381307397460132869e+00,3.212320991696240814e-04
8.000000000000000000e+00,2.384751770196041232e+00,2.750851610239707953e-04
8.000000000000000000e+00,2.388201521193179300e+00,2.229111474703483048e-04
8.000000000000000000e+00,2.391647426880533001e+00,2.329569165472756404e-04
8.000000000000000000e+00,2.395098664237783392e+00,1.778008899709130849e-04
8.000000000000000000e+00,2.398545956062328788e+00,1.740047550408009688e-04
8.000000000000000000e+00,2.401993878652857184e+00,1.491025663310579738e-04
8.000000000000000000e+00,2.405442394597158362e+00,1.434302388977103169e-04
8.000000000000000000e+00,2.408886786022795157e+00,1.350755585214750173e-04
8.000000000000000000e+00,2.412336362106710208e+00,1.376918133371242468e-04
8.000000000000000000e+00,2.415786417910278150e+00,1.358843269766725058e-04
8.000000000000000000e+00,2.419232194585697826e+00,1.281800764423166787e-04
8.000000000000000000e+00,2.422678347155437617e+00,1.556364712105684609e-04
8.000000000000000000e+00,2.426129584221891289e+00,1.533279476738483077e-04
8.000000000000000000e+00,2.429576385293707563e+00,1.950098017127680069e-04
8.000000000000000000e+00,2.433023445035121579e+00,1.870755965162665380e-04
8.000000000000000000e+00,2.436470723904829327e+00,2.169766708299235563e-04
8.000000000000000000e+00,2.439918182131624036e+00,1.939187158673361762e-04
8.000000000000000000e+00,2.443365779714331332e+00,2.163682408010368381e-04
8.000000000000000000e+00,2.446813476421755063e+00,2.064063782821694390e-04
8.000000000000000000e+00,2.450261231792639105e+00,1.756387212876604461e-04
8.000000000000000000e+00,2.453709005135639387e+00,1.937809960036793308e-04
8.000000000000000000e+00,2.457156755529312342e+00,1.671253739505477022e-04
8.000000000000000000e+00,2.460604441822116684e+00,1.792469310641457150e-04
8.000000000000000000e+00,2.464052022632424954e+00,1.527188309104971560e-04
8.000000000000000000e+00,2.467499456348555942e+00,1.517610358926311652e-04
8.000000000000000000e+00,2.470951625619067560e+00,1.123046372160546488e-04
8.000000000000000000e+00,2.474398653140896354e+00,1.060354851459554019e-04
8.000000000000000000e+00,2.477845407371735753e+00,8.060551112341500036e-05
8.000000000000000000e+00,2.481291845780071004e+00,6.299622046452523470e-05
8.000000000000000000e+00,2.484742905219031073e+00,6.341057807502307575e-05
8.000000000000000000e+00,2.488188597289541448e+00,5.444477667244962979e-05
8.000000000000000000e+00,2.491638851875302763e+00,6.254188235055841804e-05
8.000000000000000000e+00,2.495083624796248234e+00,6.188496957926188169e-05
8.000000000000000000e+00,2.498532900868154716e+00,7.640569653794256955e-05
8.000000000000000000e+00,2.501981628941128299e+00,7.152018162075835612e-05
8.000000000000000000e+00,2.505429764928409853e+00,7.398378082624662317e-05
8.000000000000000000e+00,2.508877264513888594e+00,7.165757893607257935e-05
8.000000000000000000e+00,2.512324083152320586e+00,7.039217320585998677e-05
8.000000000000000000e+00,2.515770176069546782e+00,8.324370886237093088e-05
8.000000000000000000e+00,2.519220617027636777e+00,8.025921959677390278e-05
8.000000000000000000e+00,2.522665137272860125e+00,1.025469406204339903e-04
8.000000000000000000e+00,2.526113942935153567e+00,1.050495725071900013e-04
8.000000000000000000e+00,2.529561869608954350e+00,1.312690743985781656e-04
8.000000000000000000e+00,2.533008871425249886e+00,1.482239172996967658e-04
8.000000000000000000e+00,2.536460091348755608e+00,1.900795281508793210e-04
8.000000000000000000e+00,2.539905119036357739e+00,2.658308363942274715e-04
8.000000000000000000e+00,2.543354300215602937e+00,2.331577567331293423e-04
8.000000000000000000e+00,2.546802399089612923e+00,3.562590972328818400e-04
8.000000000000000000e+00,2.550249368695818752e+00,3.550335996786292778e-04
8.000000000000000000e+00,2.553695161844585115e+00,1.169562371868600225e-03
8.000000000000000000e+00,2.557145005160321727e+00,1.739394472471819490e-03
8.000000000000000000e+00,2.560593605407676776e+00,1.829561446870600367e-03
8.000000000000000000e+00,2.564040914759595946e+00,2.179077877047319936e-03
8.000000000000000000e+00,2.567486885162802768e+00,2.477311637644163001e-03
8.000000000000000000e+00,2.570936799422715247e+00,2.969981097693014712e-03
8.000000000000000000e+00,2.574385306550782015e+00,3.499935122391474585e-03
8.000000000000000000e+00,2.577832357857054557e+00,3.989520790904597762e-03
8.000000000000000000e+00,2.581277904426420466e+00,4.310498354679103208e-03
8.000000000000000000e+00,2.584727285548704678e+00,4.439285489898312301e-03
8.000000000000000000e+00,2.588175092177919190e+00,4.323156904766011117e-03
8.000000000000000000e+00,2.591621274763594496e+00,4.090108703303215430e-03
8.000000000000000000e+00,2.595071215175571933e+00,4.018369824963673696e-03
8.000000000000000000e+00,2.598519460637897627e+00,3.787264783752209655e-03
8.000000000000000000e+00,2.601965960965542113e+00,2.049500756021766998e-03
8.000000000000000000e+00,2.605416140786058765e+00,2.839224563388458283e-03
8.000000000000000000e+00,2.608864503415107450e+00,5.084339976498565821e-04
8.000000000000000000e+00,2.612310998034201415e+00,2.773736065917362342e-04
8.000000000000000000e+00,2.615761092202567806e+00,2.659781580777744424e-04
8.000000000000000000e+00,2.619203711994529726e+00,5.015888001948761495e-04
8.000000000000000000e+00,2.622655405435940335e+00,4.769079958288211440e-04
8.000000000000000000e+00,2.626099521378967960e+00,8.704798066231230706e-04
8.000000000000000000e+00,2.629552694960589410e+00,1.195575475149130915e-03
8.000000000000000000e+00,2.632998187102616683e+00,1.221847866486137479e-03
8.000000000000000000e+00,2.636447114066393205e+00,1.338912740370948621e-03
8.000000000000000000e+00,2.639893846415254153e+00,1.440614626240026199e-03
8.000000000000000000e+00,2.643343967039275100e+00,1.570865621164993422e-03
8.000000000000000000e+00,2.646791816810129649e+00,1.702803572945005804e-03
8.000000000000000000e+00,2.650237342610351821e+00,1.771741178751250635e-03
8.000000000000000000e+00,2.653686170889210771e+00,1.776544200888089276e-03
8.000000000000000000e+00,2.657132597811020958e+00,1.792528248070252754e-03
8.000000000000000000e+00,2.660582278976152182e+00,1.768808186388360444e-03
8.000000000000000000e+00,2.664029480667215122e+00,1.567061347115814409e-03
8.000000000000000000e+00,2.667474148734945150e+00,1.525581809739616100e-03
8.000000000000000000e+00,2.670921982619566037e+00,5.618687647559413890e-04
8.000000000000000000e+00,2.674372972301618745e+00,2.990333835956430239e-04
8.000000000000000000e+00,2.677821324074959541e+00,3.901487600483055347e-04
8.000000000000000000e+00,2.681266982978278257e+00,9.949279134922530288e-04
8.000000000000000000e+00,2.684715707224760273e+00,9.236069874346384970e-04
8.000000000000000000e+00,2.688161657879166277e+00,1.714625112096740964e-03
8.000000000000000000e+00,2.691610622648888285e+00,1.872127371190611357e-03
8.000000000000000000e+00,2.695056732375022968e+00,2.001422945077464734e-03
8.000000000000000000e+00,2.698505804337753666e+00,2.241559484909950040e-03
8.000000000000000000e+00,2.701951939076299603e+00,2.437427685103916129e-03
8.000000000000000000e+00,2.705400983521141445e+00,2.617662492041823719e-03
8.000000000000000000e+00,2.708852926222422131e+00,2.777475378407392396e-03
8.000000000000000000e+00,2.712295888667945576e+00,2.935263251153401916e-03
8.000000000000000000e+00,2.715747614288411160e+00,2.967917428311359507e-03
8.000000000000000000e+00,2.719196209159163047e+00,3.007831168561157960e-03
8.000000000000000000e+00,2.722641615900502465e+00,1.791152142084666797e-03
8.000000000000000000e+00,2.726089770873740825e+00,2.106757394499153731e-03
8.000000000000000000e+00,2.729534652626857572e+00,4.166753311132380421e-04
8.000000000000000000e+00,2.732982227470418746e+00,2.401474622621476850e-04
8.000000000000000000e+00,2.736432482794700860e+00,2.611098992949183011e-04
8.000000000000000000e+00,2.739879351122726181e+00,1.601274895971861235e-04
8.000000000000000000e+00,2.743328843875850076e+00,1.394126293721497463e-04
8.000000000000000000e+00,2.746774862770038350e+00,1.189521114593427003e-04
8.000000000000000000e+00,2.750223449379463503e+00,1.201784456224246761e-04
8.000000000000000000e+00,2.753674590409778578e+00,9.642862812776389198e-05
8.000000000000000000e+00,2.757122141249363612e+00,9.078564047141779588e-05
8.000000000000000000e+00,2.760566042340017567e+00,7.762982765443704925e-05
8.000000000000000000e+00,2.764018557693985745e+00,8.121678196412110277e-05
8.000000000000000000e+00,2.767461187731447669e+00,7.173690702973566763e-05
8.000000000000000000e+00,2.770912404166737897e+00,6.541633244146911332e-05
8.000000000000000000e+00,2.774359822892734417e+00,5.820185875655538250e-05
8.000000000000000000e+00,2.777809606916736840e+00,5.941737479961926860e-05
8.000000000000000000e+00,2.781255502836574856e+00,5.786752439568213765e-05
8.000000000000000000e+00,2.784703704199829932e+00,5.212343990509712668e-05
8.000000000000000000e+00,2.788147926347539496e+00,5.352078288757272510e-05
8.000000000000000000e+00,2.791600678922760981e+00,5.402919029250687055e-05
8.000000000000000000e+00,2.795043090476260428e+00,5.256750656794321189e-05
8.000000000000000000e+00,2.798494002406115122e+00,5.032225906429741601e-05
8.000000000000000000e+00,2.801940781868234698e+00,5.446249504564635013e-05
8.000000000000000000e+00,2.805389714519748168e+00,5.275265100346431722e-05
8.000000000000000000e+00,2.808834421514795121e+00,4.861337880927342898e-05
8.000000000000000000e+00,2.812287598345081019e+00,5.863921095119843663e-05
8.000000000000000000e+00,2.815730092254171701e+00,6.398458113298516065e-05
8.000000000000000000e+00,2.819181024339006303e+00,7.061159069108303402e-05
8.000000000000000000e+00,2.822627573601432349e+00,9.131097060495738701e-05
8.000000000000000000e+00,2.826076118509744717e+00,9.093364779017438495e-05
8.000000000000000000e+00,2.829526642776947210e+00,1.544398450707480555e-04
8.000000000000000000e+00,2.832972656803320000e+00,5.765086112181632035e-04
8.000000000000000000e+00,2.836420585731449506e+00,9.705331669899428014e-04
8.000000000000000000e+00,2.839870412869007765e+00,1.060950540556349856e-03
8.000000000000000000e+00,2.843315600857695635e+00,1.102736116447603290e-03
8.000000000000000000e+00,2.846762621679029603e+00,1.148517525912565174e-03
8.000000000000000000e+00,2.850211458234488848e+00,1.192480951168919771e-03
8.000000000000000000e+00,2.853662093317443027e+00,1.198781472697101622e-03
8.000000000000000000e+00,2.857107925641209079e+00,1.177090738292442366e-03
8.000000000000000000e+00,2.860555489925645567e+00,1.083317864184502261e-03
8.000000000000000000e+00,2.864004768556617453e+00,5.457519062152579176e-04
8.000000000000000000e+00,2.867449112092238739e+00,5.019781995331441685e-04
8.000000000000000000e+00,2.870901750158041832e+00,1.453889815258509232e-04
8.000000000000000000e+00,2.874349385371875787e+00,9.255918214913695262e-05
8.000000000000000000e+00,2.877791951674792958e+00,7.208861400070743300e-05
8.000000000000000000e+00,2.881242774088754732e+00,5.733350159045746394e-05
8.000000000000000000e+00,2.884688458919366205e+00,4.870301580320677691e-05
8.000000000000000000e+00,2.888135667272326401e+00,4.498484046478564617e-05
8.000000000000000000e+00,2.891584380497048912e+00,4.959345457771714076e-05
8.000000000000000000e+00,2.895034579832586275e+00,4.959088139542631443e-05
8.000000000000000000e+00,2.898479470380316503e+00,4.531884044148943528e-05
8.000000000000000000e+00,2.901925776907095411e+00,4.359377074737519830e-05
8.000000000000000000e+00,2.905373480242120277e+00,4.649885725480608969e-05
8.000000000000000000e+00,2.908822561103622473e+00,4.260053351427191032e-05
8.000000000000000000e+00,2.912273000098660081e+00,4.078135664608831441e-05
8.000000000000000000e+00,2.915717920856395917e+00,3.774598796761272079e-05
8.000000000000000000e+00,2.919171001243166863e+00,4.197332869304269291e-05
8.000000000000000000e+00,2.922618491529225704e+00,3.964005203606535052e-05
8.000000000000000000e+00,2.926067228665903297e+00,4.240574235033822882e-05
8.000000000000000000e+00,2.929510270735431021e+00,4.661241822962217899e-05
8.000000000000000000e+00,2.932961425061571425e+00,4.738905232573333546e-05
8.000000000000000000e+00,2.936406811276298434e+00,5.735167535735632939e-05
8.000000000000000000e+00,2.939853330832565170e+00,6.640933951127707749e-05
8.000000000000000000e+00,2.943300963180315755e+00,1.266780350302887240e-04
8.000000000000000000e+00,2.946749687657017613e+00,1.918351542632982165e-04
8.000000000000000000e+00,2.950199483487491392e+00,2.016724544930406312e-04
8.000000000000000000e+00,2.953643293379428769e+00,2.035700528721559848e-04
8.000000000000000000e+00,2.957095152684269479e+00,2.054945719879673204e-04
8.000000000000000000e+00,2.960540951008748145e+00,2.024906613291332143e-04
8.000000000000000000e+00,2.963987703458273337e+00,1.971901572829040683e-04
8.000000000000000000e+00,2.967435388620835557e+00,1.982251382590169539e-04
8.000000000000000000e+00,2.970883984971168346e+00,1.302958834294474328e-04
8.000000000000000000e+00,2.974333470870613727e+00,1.485769339984402025e-04
8.000000000000000000e+00,2.977783824566972548e+00,2.475370263086047479e-04
8.000000000000000000e+00,2.981227855747897504e+00,2.578912538759118851e-04
8.000000000000000000e+00,2.984679862716122845e+00,2.588425242880657202e-04
8.000000000000000000e+00,2.988125469863089467e+00,2.577435221786794216e-04
8.000000000000000000e+00,2.991571823358956106e+00,2.513309436688471329e-04
8.000000000000000000e+00,2.995018900813596119e+00,2.473197834900710745e-04
8.000000000000000000e+00,2.998466679722951778e+00,1.665379542552807728e-04
8.000000000000000000e+00,3.001915137468924577e+00,6.651020179541475437e-05
8.000000000000000000e+00,3.005364251319263325e+00,1.408410600186469014e-04
8.000000000000000000e+00,3.008813998427458003e+00,1.882666322089563316e-04
8.000000000000000000e+00,3.012257037388338610e+00,2.023557456073249417e-04
8.000000000000000000e+00,3.015707965237110155e+00,2.136453171052256686e-04
8.000000000000000000e+00,3.019152105109111695e+00,2.213270145978514958e-04
8.000000000000000000e+00,3.022604120851319909e+00,2.295309924050873676e-04
8.000000000000000000e+00,3.026049268242209322e+00,1.956861625207832452e-04
8.000000000000000000e+00,3.029502278114438507e+00,3.789788414100453596e-05
8.000000000000000000e+00,3.032948338715878656e+00,3.235857165945339416e-05
8.000000000000000000e+00,3.036394811834639107e+00,3.152788036582198868e-05
8.000000000000000000e+00,3.039841673528437926e+00,2.886048031803358828e-05
8.000000000000000000e+00,3.043288899740312470e+00,2.693659166743812451e-05
8.000000000000000000e+00,3.046736466298560764e+00,3.541718037247383686e-05
8.000000000000000000e+00,3.050184348916684218e+00,4.583939810861692687e-05
8.000000000000000000e+00,3.053632523193331227e+00,1.223461301910935936e-04
8.000000000000000000e+00,3.057080964612250096e+00,2.592419653857362563e-04
8.000000000000000000e+00,3.060529648542242853e+00,2.919762381985255718e-04
8.000000000000000000e+00,3.063978550237123955e+00,2.978808488374939337e-04
8.000000000000000000e+00,3.067427644835680312e+00,2.984110523664954169e-04
8.000000000000000000e+00,3.070869301342692204e+00,1.993113539001989171e-04
8.000000000000000000e+00,3.074318689607980826e+00,4.912995242566152112e-05
8.000000000000000000e+00,3.077768195483054026e+00,3.453552907268257001e-05
8.000000000000000000e+00,3.081217793646421566e+00,2.709005874348731160e-05
8.000000000000000000e+00,3.084667458661439099e+00,2.090712623350632568e-05
8.000000000000000000e+00,3.088109473315589160e+00,1.770436473493397541e-05
8.000000000000000000e+00,3.091559178069081870e+00,2.132573868714031869e-05
8.000000000000000000e+00,3.095008872654115173e+00,1.948047724710910063e-05
8.000000000000000000e+00,3.098458531173472696e+00,1.787699519343881975e-05
9.000000000000000000e+00,1.429702139328395516e+00,1.600036332915618230e-05
9.000000000000000000e+00,1.440045790386240032e+00,5.225548189754495345e-05
9.000000000000000000e+00,1.443494521975932976e+00,3.038437533568894017e-05
9.000000000000000000e+00,1.446941236582872659e+00,4.772903101460267323e-05
9.000000000000000000e+00,1.450389180041976367e+00,8.363836199222788800e-05
9.000000000000000000e+00,1.453838251996353970e+00,1.015611637206304625e-04
9.000000000000000000e+00,1.457284925324613400e+00,1.610086141545840146e-04
9.000000000000000000e+00,1.460734211847596109e+00,1.397037350316709188e-04
9.000000000000000000e+00,1.464180845048669521e+00,2.120804936136916309e-04
9.000000000000000000e+00,1.467629883251738487e+00,1.632392689614499816e-04
9.000000000000000000e+00,1.471077754388882219e+00,1.811991866342195241e-04
9.000000000000000000e+00,1.474524327200595009e+00,1.762262229105245959e-04
9.000000000000000000e+00,1.477972992957279574e+00,1.656906864722021292e-04
9.000000000000000000e+00,1.481420127337121695e+00,1.569475074998805261e-04
9.000000000000000000e+00,1.484867374063010059e+00,1.589140748456568703e-04
9.000000000000000000e+00,1.488316408777387689e+00,7.027658709588758732e-05
9.000000000000000000e+00,1.491763554618141141e+00,1.124238884458422089e-04
9.000000000000000000e+00,1.495212280069660338e+00,1.813738957864678160e-04
9.000000000000000000e+00,1.498658873048627660e+00,1.975983724198927230e-04
9.000000000000000000e+00,1.502106833194010616e+00,2.486927590535819893e-04
9.000000000000000000e+00,1.505556069478128256e+00,2.473402850571461550e-04
9.000000000000000000e+00,1.509002816756937371e+00,2.601230281634749866e-04
9.000000000000000000e+00,1.512450621747667645e+00,2.563470725641621211e-04
9.000000000000000000e+00,1.515899390545454084e+00,2.484388741481738990e-04
9.000000000000000000e+00,1.519347166463247412e+00,2.428259568756232860e-04
9.000000000000000000e+00,1.522793828376461489e+00,2.604477968971221518e-04
9.000000000000000000e+00,1.526243011725259224e+00,2.551131518965715013e-04
9.000000000000000000e+00,1.529690869705549572e+00,2.959008946337703680e-04
9.000000000000000000e+00,1.533137278200958908e+00,3.234325833967549666e-04
9.000000000000000000e+00,1.536585920764031554e+00,3.196991104786928747e-04
9.000000000000000000e+00,1.540032896726395206e+00,3.738822262963025205e-04
9.000000000000000000e+00,1.543481921944640289e+00,3.677602378534757009e-04
9.000000000000000000e+00,1.546929059686635410e+00,4.415643611649612489e-04
9.000000000000000000e+00,1.550378058269135995e+00,4.873240941709949749e-04
9.000000000000000000e+00,1.553824944740700653e+00,4.581577097459791628e-04
9.000000000000000000e+00,1.557273500031404190e+00,3.496501829571715633e-04
9.000000000000000000e+00,1.560719714820170578e+00,3.631007836277595682e-04
9.000000000000000000e+00,1.564169376134801448e+00,3.769972331083772826e-04
9.000000000000000000e+00,1.567616482214771345e+00,3.912776645549123893e-04
9.000000000000000000e+00,1.571064879731063568e+00,4.270836438455447265e-04
9.000000000000000000e+00,1.574512485738055023e+00,4.404786103615556834e-04
9.000000000000000000e+00,1.577959189706325427e+00,4.191629780096908613e-04
9.000000000000000000e+00,1.581406897256678379e+00,4.342175884188769169e-04
9.000000000000000000e+00,1.584855522432401909e+00,4.440308051473652721e-04
9.000000000000000000e+00,1.588302943772037290e+00,4.418541969242979284e-04
9.000000000000000000e+00,1.591751090722121287e+00,4.857909289478172109e-04
9.000000000000000000e+00,1.595199874853490352e+00,4.933958043380045006e-04
9.000000000000000000e+00,1.598647145641136191e+00,4.973998020975883665e-04
9.000000000000000000e+00,1.602094856532214617e+00,5.167980762329753980e-04
9.000000000000000000e+00,1.605542916622857419e+00,5.503765807197913635e-04
9.000000000000000000e+00,1.608991234204249388e+00,5.682551352423295286e-04
9.000000000000000000e+00,1.612437619754361506e+00,5.957266348588454883e-04
9.000000000000000000e+00,1.615886164989974283e+00,5.699008212844434767e-04
9.000000000000000000e+00,1.619334687738118284e+00,6.089382231084770631e-04
9.000000000000000000e+00,1.622780969070306334e+00,6.331817717971079075e-04
9.000000000000000000e+00,1.626229152209530238e+00,7.093720493127871410e-04
9.000000000000000000e+00,1.629677025633883947e+00,7.834929457545312210e-04
9.000000000000000000e+00,1.633124491996673866e+00,8.586487017380945493e-04
9.000000000000000000e+00,1.636573613397329652e+00,7.538393462355830275e-04
9.000000000000000000e+00,1.640019979486558865e+00,7.499784384234223439e-04
9.000000000000000000e+00,1.643467820155198433e+00,7.618309622996706281e-04
9.000000000000000000e+00,1.646917062285312650e+00,8.171631808052912940e-04
9.000000000000000000e+00,1.650365435255503277e+00,8.890101230416009703e-04
9.000000000000000000e+00,1.653812836999978275e+00,9.355942525000381180e-04
9.000000000000000000e+00,1.657259164650972227e+00,1.120039262284502684e-03
9.000000000000000000e+00,1.660708763407247712e+00,1.214460604957466605e-03
9.000000000000000000e+00,1.664154883215130942e+00,1.360430121121980864e-03
9.000000000000000000e+00,1.667604119953681518e+00,1.563449554703053414e-03
9.000000000000000000e+00,1.671051918830441796e+00,2.027916084598305191e-03
9.000000000000000000e+00,1.674498173121963029e+00,2.393009417364862050e-03
9.000000000000000000e+00,1.677947317015475281e+00,3.359144469908570928e-03
9.000000000000000000e+00,1.681394737827663022e+00,3.914882397519592501e-03
9.000000000000000000e+00,1.684842616095019174e+00,6.231772711404135259e-03
9.000000000000000000e+00,1.688290870128017263e+00,7.597125174679429487e-03
9.000000000000000000e+00,1.691739417547214908e+00,1.197320756147307770e-02
9.000000000000000000e+00,1.695185857520615125e+00,1.347741379543016677e-02
9.000000000000000000e+00,1.698634732372025002e+00,1.275706841809820871e-02
9.000000000000000000e+00,1.702081312653158873e+00,1.140601345943449869e-02
9.000000000000000000e+00,1.705530177056598928e+00,1.444361699665431056e-02
9.000000000000000000e+00,1.708976556927202850e+00,1.061722559301950079e-02
9.000000000000000000e+00,1.712425067479531160e+00,3.400908290738158951e-02
9.000000000000000000e+00,1.715873275371869733e+00,1.713241644451785756e-02
9.000000000000000000e+00,1.719321092701248777e+00,6.595555754105267288e-02
9.000000000000000000e+00,1.722768430874836998e+00,8.360888154626620883e-02
9.000000000000000000e+00,1.726217603999769867e+00,1.021195196586690557e-01
9.000000000000000000e+00,1.729663724931680191e+00,9.548017040775727549e-02
9.000000000000000000e+00,1.733111519436391523e+00,1.021897687657046250e-01
9.000000000000000000e+00,1.736560925105470776e+00,1.181653965040788540e-01
9.000000000000000000e+00,1.740006995062806538e+00,1.250660610301544129e-01
9.000000000000000000e+00,1.743456962527776044e+00,5.808131430455844985e-02
9.000000000000000000e+00,1.746903408349857356e+00,4.818259065551042108e-02
9.000000000000000000e+00,1.750351151541850170e+00,6.927938919172685339e-02
9.000000000000000000e+00,1.753800126646169133e+00,1.047468539870174131e-01
9.000000000000000000e+00,1.757247777056210269e+00,1.696718533085375680e-01
9.000000000000000000e+00,1.760694006816462265e+00,2.989306266384672561e-01
9.000000000000000000e+00,1.764143739596276683e+00,5.523396213117208742e-01
9.000000000000000000e+00,1.767591897027504633e+00,8.025880493987396225e-01
9.000000000000000000e+00,1.771038381196035516e+00,6.344750694618909170e-01
9.000000000000000000e+00,1.774485633181389410e+00,3.582500902486739913e-01
9.000000000000000000e+00,1.777933583325450151e+00,2.064048749042060593e-01
9.000000000000000000e+00,1.781382161396555475e+00,1.302020405901260780e-01
9.000000000000000000e+00,1.784828727214625488e+00,9.029922532983424011e-02
9.000000000000000000e+00,1.788278338206535700e+00,6.777489544438264346e-02
9.000000000000000000e+00,1.791725773693539692e+00,5.460282427951899248e-02
9.000000000000000000e+00,1.795173530458859412e+00,3.923397747498390958e-02
9.000000000000000000e+00,1.798621535336541122e+00,1.620735365306455802e-02
9.000000000000000000e+00,1.802069714585547544e+00,9.718488412706336940e-03
9.000000000000000000e+00,1.805517993889585338e+00,7.746781342980718806e-03
9.000000000000000000e+00,1.808963659025256465e+00,6.136446376098297732e-03
9.000000000000000000e+00,1.812411903117165268e+00,4.749642001204641521e-03
9.000000000000000000e+00,1.815860020844046963e+00,3.578652737726072813e-03
9.000000000000000000e+00,1.819307935588295067e+00,2.770224612091911828e-03
9.000000000000000000e+00,1.822755570157104321e+00,2.335413058935501603e-03
9.000000000000000000e+00,1.826202846782678746e+00,2.401432655335353911e-03
9.000000000000000000e+00,1.829652387162471028e+00,3.006139909279332938e-03
9.000000000000000000e+00,1.833098722480798193e+00,4.377489950651622559e-03
9.000000000000000000e+00,1.836547183550738982e+00,6.788000436408437796e-03
9.000000000000000000e+00,1.839994990319506529e+00,1.018765253557867533e-02
9.000000000000000000e+00,1.843442062200313369e+00,1.555828262161750367e-02
9.000000000000000000e+00,1.846891069191275658e+00,2.195210023178588085e-02
9.000000000000000000e+00,1.850339198957712483e+00,1.877916620639519252e-02
9.000000000000000000e+00,1.853786369243562770e+00,1.890180677700752099e-02
9.000000000000000000e+00,1.857235279282900109e+00,4.736293644906896042e-03
9.000000000000000000e+00,1.860683084283182076e+00,5.631705255722574063e-03
9.000000000000000000e+00,1.864129700321005778e+00,7.686951125307237703e-03
9.000000000000000000e+00,1.867577856036589212e+00,7.188192205396032146e-03
9.000000000000000000e+00,1.871024674010875577e+00,1.150218337372529119e-02
9.000000000000000000e+00,1.874472902601166835e+00,1.254521730715639667e-02
9.000000000000000000e+00,1.877922486946779213e+00,1.382505576911036843e-02
9.000000000000000000e+00,1.881370516884421695e+00,1.415311138628722216e-02
9.000000000000000000e+00,1.884816905210515037e+00,1.119008343055976490e-02
9.000000000000000000e+00,1.888264439954679741e+00,9.531425581843562533e-03
9.000000000000000000e+00,1.891713064297456004e+00,8.040900809065320079e-03
9.000000000000000000e+00,1.895159824112871982e+00,5.939728138186876026e-03
9.000000000000000000e+00,1.898607537409636503e+00,5.832008137826172854e-03
9.000000000000000000e+00,1.902056145930849373e+00,5.004543289361431703e-03
9.000000000000000000e+00,1.905505590961838802e+00,6.139189598006722023e-03
9.000000000000000000e+00,1.908952874159341784e+00,5.876216457587722999e-03
9.000000000000000000e+00,1.912400853798377653e+00,8.161186126483949144e-03
9.000000000000000000e+00,1.915846509287635779e+00,8.489240613118401863e-03
9.000000000000000000e+00,1.919295690217159400e+00,9.622539464823064853e-03
9.000000000000000000e+00,1.922742403939026623e+00,1.918763733562577761e-02
9.000000000000000000e+00,1.926192541782736134e+00,1.480415067887746322e-02
9.000000000000000000e+00,1.929640067440181683e+00,1.995005294989075917e-02
9.000000000000000000e+00,1.933087900183826591e+00,6.109861554622742982e-03
9.000000000000000000e+00,1.936535977039756551e+00,8.392779244108014569e-03
9.000000000000000000e+00,1.939981199079960472e+00,5.490162161925077333e-03
9.000000000000000000e+00,1.943429562597383642e+00,9.148437337763912908e-03
9.000000000000000000e+00,1.946877978525087372e+00,1.546914258847457979e-02
9.000000000000000000e+00,1.950326382048422236e+00,2.825344366663656154e-02
9.000000000000000000e+00,1.953774707892369067e+00,5.218600572650033270e-02
9.000000000000000000e+00,1.957222890321566267e+00,1.034533121213211809e-01
9.000000000000000000e+00,1.960670863140387077e+00,2.034645179880553989e-01
9.000000000000000000e+00,1.964118559693055932e+00,3.478561747737095589e-01
9.000000000000000000e+00,1.967565912863812327e+00,4.103284605770526339e-01
9.000000000000000000e+00,1.971012855077121984e+00,3.702638710433913682e-01
9.000000000000000000e+00,1.974462462646853878e+00,3.091421033438353505e-01
9.000000000000000000e+00,1.977908389365796271e+00,2.467864388303907530e-01
9.000000000000000000e+00,1.981356866008052053e+00,1.547816210107701151e-01
9.000000000000000000e+00,1.984804678864102945e+00,6.477945130681420083e-02
9.000000000000000000e+00,1.988251758114388146e+00,2.188808546112311695e-02
9.000000000000000000e+00,1.991701232975213953e+00,8.176631675312573400e-03
9.000000000000000000e+00,1.995146644800939395e+00,5.102586964357025759e-03
9.000000000000000000e+00,1.998594332508543792e+00,4.994228946676953704e-03
9.000000000000000000e+00,2.002044257812201522e+00,5.801644960063632658e-03
9.000000000000000000e+00,2.005493138126538177e+00,6.958952642785673666e-03
9.000000000000000000e+00,2.008940900982242095e+00,7.979688870637872966e-03
9.000000000000000000e+00,2.012387473453392861e+00,9.161427292554050195e-03
9.000000000000000000e+00,2.015836059663349111e+00,9.965974296860309611e-03
9.000000000000000000e+00,2.019283330698162793e+00,1.095284596045413561e-02
9.000000000000000000e+00,2.022729212310859115e+00,1.031827936810957025e-02
9.000000000000000000e+00,2.026176941017666877e+00,1.082477573310304531e-02
9.000000000000000000e+00,2.029626475484230141e+00,3.407467955344309265e-03
9.000000000000000000e+00,2.033074440229836632e+00,1.239191240035350050e-03
9.000000000000000000e+00,2.036520759278852566e+00,1.296625969710154874e-03
9.000000000000000000e+00,2.039968712651890392e+00,8.579763567974364171e-04
9.000000000000000000e+00,2.043418257520000392e+00,1.026449443173778515e-03
9.000000000000000000e+00,2.046865971521828698e+00,7.377901795524835537e-04
9.000000000000000000e+00,2.050311776957185472e+00,8.054341984730780876e-04
9.000000000000000000e+00,2.053762399650157722e+00,7.873489229418781940e-04
9.000000000000000000e+00,2.057207589295852124e+00,7.173818167192824898e-04
9.000000000000000000e+00,2.060657507204084027e+00,8.541339457181634787e-04
9.000000000000000000e+00,2.064105270019382932e+00,7.953729210781479170e-04
9.000000000000000000e+00,2.067554245750138797e+00,9.657010217158149262e-04
9.000000000000000000e+00,2.071000929283012937e+00,8.807597350515650268e-04
9.000000000000000000e+00,2.074448710803403539e+00,9.797467729658559076e-04
9.000000000000000000e+00,2.077897543799790192e+00,8.387282538000537377e-04
9.000000000000000000e+00,2.081343887425238570e+00,9.501944634853543882e-04
9.000000000000000000e+00,2.084791165297932292e+00,9.076112274487188299e-04
9.000000000000000000e+00,2.088239329812072498e+00,1.103195922019015347e-03
9.000000000000000000e+00,2.091688333018982604e+00,1.190819644346536492e-03
9.000000000000000000e+00,2.095134586178464708e+00,1.298851668880325431e-03
9.000000000000000000e+00,2.098581557772516426e+00,1.602730471078110024e-03
9.000000000000000000e+00,2.102029198756936612e+00,1.693669279814837177e-03
9.000000000000000000e+00,2.105477459743749336e+00,1.969308144150202968e-03
9.000000000000000000e+00,2.108926291000885023e+00,1.847045448808455961e-03
9.000000000000000000e+00,2.112375642451898905e+00,1.561003261606139138e-03
9.000000000000000000e+00,2.115821852965775296e+00,1.045506922407037336e-03
9.000000000000000000e+00,2.119268458927962673e+00,7.526446654228557184e-04
9.000000000000000000e+00,2.122719043442534925e+00,5.207661306745201219e-04
9.000000000000000000e+00,2.126166298253410858e+00,4.156158005179166957e-04
9.000000000000000000e+00,2.129613793981704362e+00,3.506150513844086942e-04
9.000000000000000000e+00,2.133061478420649859e+00,3.114078360296314643e-04
9.000000000000000000e+00,2.136509299018463537e+00,3.410187214085484112e-04
9.000000000000000000e+00,2.139957202878268738e+00,3.982977978090734557e-04
9.000000000000000000e+00,2.143405136758036900e+00,4.606452684011919834e-04
9.000000000000000000e+00,2.146853047070562237e+00,4.578181871487030288e-04
9.000000000000000000e+00,2.150300879883457306e+00,4.368845237986491623e-04
9.000000000000000000e+00,2.153748580919182309e+00,3.993560042491103575e-04
9.000000000000000000e+00,2.157196095555092619e+00,4.114801222264476968e-04
9.000000000000000000e+00,2.160643368823523591e+00,4.350135108032748854e-04
9.000000000000000000e+00,2.164090345411897154e+00,4.525474190693194775e-04
9.000000000000000000e+00,2.167540759036654663e+00,5.677858000897055470e-04
9.000000000000000000e+00,2.170986987007442970e+00,5.603560689988110318e-04
9.000000000000000000e+00,2.174436563833112679e+00,6.513169191939416477e-04
9.000000000000000000e+00,2.177881817870748637e+00,5.373828501821217374e-04
9.000000000000000000e+00,2.181330331273712009e+00,4.861497121512036324e-04
9.000000000000000000e+00,2.184778233191368102e+00,3.430640238213923080e-04
9.000000000000000000e+00,2.188225465951995297e+00,3.218012384803968116e-04
9.000000000000000000e+00,2.191675845771210440e+00,2.378491659440083370e-04
9.000000000000000000e+00,2.195121578019079589e+00,2.856623034717995597e-04
9.000000000000000000e+00,2.198570364693557266e+00,3.230459462015945553e-04
9.000000000000000000e+00,2.202018272566464763e+00,4.606697667583651646e-04
9.000000000000000000e+00,2.205465242297680817e+00,7.366744014035496012e-04
9.000000000000000000e+00,2.208915149623194463e+00,1.637850129123442130e-03
9.000000000000000000e+00,2.212360075965002171e+00,1.940483296540867174e-03
9.000000000000000000e+00,2.215807844123076187e+00,2.405790197839472767e-03
9.000000000000000000e+00,2.219258430376216840e+00,2.059971585373734579e-03
9.000000000000000000e+00,2.222703841343263154e+00,2.947342525581722172e-03
9.000000000000000000e+00,2.226151972787215438e+00,2.585792003422644064e-03
9.000000000000000000e+00,2.229602800184150357e+00,1.042594248464445358e-02
9.000000000000000000e+00,2.233048254996186532e+00,6.711106999101034212e-03
9.000000000000000000e+00,2.236496306301955173e+00,1.735975103016625110e-02
9.000000000000000000e+00,2.239942882003202573e+00,1.203488585761808803e-02
9.000000000000000000e+00,2.243391978366607198e+00,1.869042807296640574e-02
9.000000000000000000e+00,2.246839497825367182e+00,2.494217716847155208e-02
9.000000000000000000e+00,2.250289461008770697e+00,3.467116034299780325e-02
9.000000000000000000e+00,2.253737744797115639e+00,4.156732367504374637e-02
9.000000000000000000e+00,2.257184284958505760e+00,4.225964660229385161e-02
9.000000000000000000e+00,2.260633138782280227e+00,3.644239903525458429e-02
9.000000000000000000e+00,2.264080144649337711e+00,2.976268300600079172e-02
9.000000000000000000e+00,2.267525237356025958e+00,2.355116632814548139e-02
9.000000000000000000e+00,2.270976670675578291e+00,1.861065092811645810e-02
9.000000000000000000e+00,2.274421937636212032e+00,1.476386644077061321e-02
9.000000000000000000e+00,2.277869304062661637e+00,1.156820922405343323e-02
9.000000000000000000e+00,2.281318741456848986e+00,9.613375211957219529e-03
9.000000000000000000e+00,2.284766010754516241e+00,8.192676717318462740e-03
9.000000000000000000e+00,2.288215267906648975e+00,6.544747895535123552e-03
9.000000000000000000e+00,2.291662247874864278e+00,2.093670796143214021e-03
9.000000000000000000e+00,2.295111131471099686e+00,2.348711381175807786e-03
9.000000000000000000e+00,2.298557627608458720e+00,5.177111636396781059e-04
9.000000000000000000e+00,2.302005942034049291e+00,4.246973792233588543e-04
9.000000000000000000e+00,2.305451757539699997e+00,5.269348987764206453e-04
9.000000000000000000e+00,2.308899304880597025e+00,3.793591308978813042e-04
9.000000000000000000e+00,2.312348553258873896e+00,4.987350139218295515e-04
9.000000000000000000e+00,2.315795146169584040e+00,4.441096721347348453e-04
9.000000000000000000e+00,2.319243352055508911e+00,6.182547033582179614e-04
9.000000000000000000e+00,2.322693139373734450e+00,8.033262138311372987e-04
9.000000000000000000e+00,2.326140112141752425e+00,7.106568777408834962e-04
9.000000000000000000e+00,2.329588576669208155e+00,9.926166820578463841e-04
9.000000000000000000e+00,2.333034110543464656e+00,9.474396448479679989e-04
9.000000000000000000e+00,2.336485448496548489e+00,1.709246524145726157e-03
9.000000000000000000e+00,2.339933764512273751e+00,1.877468102137951501e-03
9.000000000000000000e+00,2.343378986533309671e+00,6.093112060760044919e-03
9.000000000000000000e+00,2.346825484344305490e+00,6.363975608933985714e-03
9.000000000000000000e+00,2.350273224383027326e+00,2.632156093428080976e-02
9.000000000000000000e+00,2.353722172861167472e+00,2.811790112072905939e-02
9.000000000000000000e+00,2.357172295763969139e+00,3.862679652132677832e-02
9.000000000000000000e+00,2.360619064298897563e+00,3.786108426867159510e-02
9.000000000000000000e+00,2.364066912253343311e+00,3.415349428543583421e-02
9.000000000000000000e+00,2.367515804861286988e+00,2.690897985931131262e-02
9.000000000000000000e+00,2.370961173109878306e+00,1.978413859824703844e-02
9.000000000000000000e+00,2.374412036608912757e+00,1.475285201525956998e-02
9.000000000000000000e+00,2.377859278634326667e+00,1.240527985874096371e-02
9.000000000000000000e+00,2.381307397460132869e+00,1.180432862691828573e-02
9.000000000000000000e+00,2.384751770196041232e+00,1.272120483326839857e-02
9.000000000000000000e+00,2.388201521193179300e+00,1.081619501696867193e-02
9.000000000000000000e+00,2.391647426880533001e+00,1.051454407403726830e-02
9.000000000000000000e+00,2.395098664237783392e+00,3.307636096917494512e-03
9.000000000000000000e+00,2.398545956062328788e+00,6.360850480896777402e-04
9.000000000000000000e+00,2.401993878652857184e+00,5.794793955903611814e-04
9.000000000000000000e+00,2.405442394597158362e+00,3.187580561145337416e-04
9.000000000000000000e+00,2.408886786022795157e+00,3.381116581626548989e-04
9.000000000000000000e+00,2.412336362106710208e+00,2.380282166970169573e-04
9.000000000000000000e+00,2.415786417910278150e+00,2.926501580686103232e-04
9.000000000000000000e+00,2.419232194585697826e+00,2.539250802592163251e-04
9.000000000000000000e+00,2.422678347155437617e+00,2.321865621813150391e-04
9.000000000000000000e+00,2.426129584221891289e+00,3.265231050969454193e-04
9.000000000000000000e+00,2.429576385293707563e+00,3.104468339201992542e-04
9.000000000000000000e+00,2.433023445035121579e+00,4.137022669949159265e-04
9.000000000000000000e+00,2.436470723904829327e+00,3.481922146372245955e-04
9.000000000000000000e+00,2.439918182131624036e+00,3.049033812276491441e-04
9.000000000000000000e+00,2.443365779714331332e+00,3.095525344773011151e-04
9.000000000000000000e+00,2.446813476421755063e+00,2.636845596839601795e-04
9.000000000000000000e+00,2.450261231792639105e+00,2.931995118075325624e-04
9.000000000000000000e+00,2.453709005135639387e+00,2.276542685440999746e-04
9.000000000000000000e+00,2.457156755529312342e+00,1.982718812865142506e-04
9.000000000000000000e+00,2.460604441822116684e+00,1.921090012827575237e-04
9.000000000000000000e+00,2.464052022632424954e+00,1.607516500130798669e-04
9.000000000000000000e+00,2.467499456348555942e+00,1.423715342465130187e-04
9.000000000000000000e+00,2.470951625619067560e+00,1.164517814660829523e-04
9.000000000000000000e+00,2.474398653140896354e+00,7.666046716480686720e-05
9.000000000000000000e+00,2.477845407371735753e+00,7.111301221813028388e-05
9.000000000000000000e+00,2.481291845780071004e+00,5.939982104536523219e-05
9.000000000000000000e+00,2.484742905219031073e+00,5.206240652976084742e-05
9.000000000000000000e+00,2.488188597289541448e+00,4.474594333293916695e-05
9.000000000000000000e+00,2.491638851875302763e+00,3.787816028474986097e-05
9.000000000000000000e+00,2.495083624796248234e+00,4.761681017984584555e-05
9.000000000000000000e+00,2.498532900868154716e+00,4.196093736821271121e-05
9.000000000000000000e+00,2.501981628941128299e+00,5.325116971498573988e-05
9.000000000000000000e+00,2.505429764928409853e+00,5.015813584365838747e-05
9.000000000000000000e+00,2.508877264513888594e+00,3.991442721412365331e-05
9.000000000000000000e+00,2.512324083152320586e+00,4.510957378564164455e-05
9.000000000000000000e+00,2.515770176069546782e+00,3.708733489889489706e-05
9.000000000000000000e+00,2.519220617027636777e+00,4.686161625085931984e-05
9.000000000000000000e+00,2.522665137272860125e+00,4.218073741623011536e-05
9.000000000000000000e+00,2.526113942935153567e+00,4.964225381975524270e-05
9.000000000000000000e+00,2.529561869608954350e+00,6.914613046382112082e-05
9.000000000000000000e+00,2.533008871425249886e+00,6.359986552659317163e-05
9.000000000000000000e+00,2.536460091348755608e+00,8.471922896681145299e-05
9.000000000000000000e+00,2.539905119036357739e+00,7.632719920276377070e-05
9.000000000000000000e+00,2.543354300215602937e+00,8.312623828543610452e-05
9.000000000000000000e+00,2.546802399089612923e+00,1.028211842404524675e-04
9.000000000000000000e+00,2.550249368695818752e+00,8.665521905087222485e-05
9.000000000000000000e+00,2.553695161844585115e+00,8.931846773392473991e-05
9.000000000000000000e+00,2.557145005160321727e+00,1.128116296239220788e-04
9.000000000000000000e+00,2.560593605407676776e+00,9.555812435454140311e-05
9.000000000000000000e+00,2.564040914759595946e+00,1.003985812175941101e-04
9.000000000000000000e+00,2.567486885162802768e+00,1.045239259974973649e-04
9.000000000000000000e+00,2.570936799422715247e+00,1.125784184144804773e-04
9.000000000000000000e+00,2.574385306550782015e+00,1.285748166944716592e-04
9.000000000000000000e+00,2.577832357857054557e+00,1.349580525264780311e-04
9.000000000000000000e+00,2.581277904426420466e+00,1.616023656395019679e-04
9.000000000000000000e+00,2.584727285548704678e+00,1.544144220083387990e-04
9.000000000000000000e+00,2.588175092177919190e+00,1.956448181751599727e-04
9.000000000000000000e+00,2.591621274763594496e+00,2.823340442972448248e-04
9.000000000000000000e+00,2.595071215175571933e+00,2.505455112570017617e-04
9.000000000000000000e+00,2.598519460637897627e+00,4.756073148912506226e-04
9.000000000000000000e+00,2.601965960965542113e+00,2.302088489714136307e-03
9.000000000000000000e+00,2.605416140786058765e+00,1.563810554104231145e-03
9.000000000000000000e+00,2.608864503415107450e+00,3.905852740439127134e-03
9.000000000000000000e+00,2.612310998034201415e+00,3.875205954241128445e-03
9.000000000000000000e+00,2.615761092202567806e+00,3.447064155853264006e-03
9.000000000000000000e+00,2.619203711994529726e+00,3.126432323554775589e-03
9.000000000000000000e+00,2.622655405435940335e+00,2.648074993186239241e-03
9.000000000000000000e+00,2.626099521378967960e+00,1.266850844122621115e-03
9.000000000000000000e+00,2.629552694960589410e+00,1.673504043603467762e-03
9.000000000000000000e+00,2.632998187102616683e+00,2.694001431153387419e-04
9.000000000000000000e+00,2.636447114066393205e+00,1.399845527217361441e-04
9.000000000000000000e+00,2.639893846415254153e+00,1.537168228279640794e-04
9.000000000000000000e+00,2.643343967039275100e+00,1.037624339028937314e-04
9.000000000000000000e+00,2.646791816810129649e+00,6.472970201618014204e-05
9.000000000000000000e+00,2.650237342610351821e+00,8.644383536493538672e-05
9.000000000000000000e+00,2.653686170889210771e+00,7.926192756793970571e-05
9.000000000000000000e+00,2.657132597811020958e+00,6.732936957083598918e-05
9.000000000000000000e+00,2.660582278976152182e+00,9.192077987904449592e-05
9.000000000000000000e+00,2.664029480667215122e+00,2.574210026750087883e-04
9.000000000000000000e+00,2.667474148734945150e+00,3.200653660413052505e-04
9.000000000000000000e+00,2.670921982619566037e+00,1.340776016865442323e-03
9.000000000000000000e+00,2.674372972301618745e+00,1.625357293614029157e-03
9.000000000000000000e+00,2.677821324074959541e+00,1.614853883646184514e-03
9.000000000000000000e+00,2.681266982978278257e+00,1.630697315325743343e-03
9.000000000000000000e+00,2.684715707224760273e+00,1.660827164721284709e-03
9.000000000000000000e+00,2.688161657879166277e+00,1.283815344100866073e-03
9.000000000000000000e+00,2.691610622648888285e+00,3.060963933049040578e-04
9.000000000000000000e+00,2.695056732375022968e+00,1.448560619936234070e-04
9.000000000000000000e+00,2.698505804337753666e+00,1.473160975665945439e-04
9.000000000000000000e+00,2.701951939076299603e+00,1.228323420336786885e-04
9.000000000000000000e+00,2.705400983521141445e+00,1.266810176411423334e-04
9.000000000000000000e+00,2.708852926222422131e+00,1.298262734000119262e-04
9.000000000000000000e+00,2.712295888667945576e+00,1.337470401301228901e-04
9.000000000000000000e+00,2.715747614288411160e+00,2.114985180892695244e-04
9.000000000000000000e+00,2.719196209159163047e+00,2.951300308816776422e-04
9.000000000000000000e+00,2.722641615900502465e+00,1.678185724348864316e-03
9.000000000000000000e+00,2.726089770873740825e+00,1.576918800259897481e-03
9.000000000000000000e+00,2.729534652626857572e+00,3.399307975815591808e-03
9.000000000000000000e+00,2.732982227470418746e+00,3.581565152650896793e-03
9.000000000000000000e+00,2.736432482794700860e+00,3.382022914675279681e-03
9.000000000000000000e+00,2.739879351122726181e+00,3.379374372816484808e-03
9.000000000000000000e+00,2.743328843875850076e+00,1.933396674713659929e-03
9.000000000000000000e+00,2.746774862770038350e+00,3.608840846461829218e-04
9.000000000000000000e+00,2.750223449379463503e+00,1.434887948542517460e-04
9.000000000000000000e+00,2.753674590409778578e+00,1.607973777488214660e-04
9.000000000000000000e+00,2.757122141249363612e+00,8.507393688513231701e-05
9.000000000000000000e+00,2.760566042340017567e+00,7.417281901062736430e-05
9.000000000000000000e+00,2.764018557693985745e+00,4.675152470152508090e-05
9.000000000000000000e+00,2.767461187731447669e+00,5.040364369688766068e-05
9.000000000000000000e+00,2.770912404166737897e+00,4.419600569452003221e-05
9.000000000000000000e+00,2.774359822892734417e+00,4.223796353228613255e-05
9.000000000000000000e+00,2.777809606916736840e+00,3.247706876162397271e-05
9.000000000000000000e+00,2.781255502836574856e+00,2.422856649705102305e-05
9.000000000000000000e+00,2.784703704199829932e+00,3.397448327075719687e-05
9.000000000000000000e+00,2.788147926347539496e+00,2.793758172421994244e-05
9.000000000000000000e+00,2.791600678922760981e+00,2.677865631425735283e-05
9.000000000000000000e+00,2.795043090476260428e+00,2.335891870095281185e-05
9.000000000000000000e+00,2.798494002406115122e+00,2.029435442899618815e-05
9.000000000000000000e+00,2.801940781868234698e+00,2.657952539309513652e-05
9.000000000000000000e+00,2.805389714519748168e+00,3.017061060425598390e-05
9.000000000000000000e+00,2.808834421514795121e+00,2.434215679756097673e-05
9.000000000000000000e+00,2.812287598345081019e+00,1.916083279263828585e-05
9.000000000000000000e+00,2.815730092254171701e+00,2.225646863989908197e-05
9.000000000000000000e+00,2.819181024339006303e+00,2.908973322338035956e-05
9.000000000000000000e+00,2.822627573601432349e+00,2.718392005904427178e-05
9.000000000000000000e+00,2.826076118509744717e+00,3.489824037831905997e-05
9.000000000000000000e+00,2.829526642776947210e+00,2.673982295372385987e-05
9.000000000000000000e+00,2.832972656803320000e+00,2.509702262394881330e-05
9.000000000000000000e+00,2.836420585731449506e+00,3.041767099391249533e-05
9.000000000000000000e+00,2.839870412869007765e+00,2.976810803064100592e-05
9.000000000000000000e+00,2.843315600857695635e+00,4.285877149669617414e-05
9.000000000000000000e+00,2.846762621679029603e+00,5.622625154434740405e-05
9.000000000000000000e+00,2.850211458234488848e+00,4.359241626646082057e-05
9.000000000000000000e+00,2.853662093317443027e+00,5.187251422848090346e-05
9.000000000000000000e+00,2.857107925641209079e+00,7.882417447209070843e-05
9.000000000000000000e+00,2.860555489925645567e+00,1.449766828155538839e-04
9.000000000000000000e+00,2.864004768556617453e+00,6.687112378052900014e-04
9.000000000000000000e+00,2.867449112092238739e+00,6.687155523458453415e-04
9.000000000000000000e+00,2.870901750158041832e+00,9.473435175550519970e-04
9.000000000000000000e+00,2.874349385371875787e+00,8.786367526494779203e-04
9.000000000000000000e+00,2.877791951674792958e+00,4.079354730461727660e-04
9.000000000000000000e+00,2.881242774088754732e+00,7.440206328389438407e-05
9.000000000000000000e+00,2.884688458919366205e+00,4.665810413567766024e-05
9.000000000000000000e+00,2.888135667272326401e+00,3.232240638727660654e-05
9.000000000000000000e+00,2.891584380497048912e+00,3.031826128314717383e-05
9.000000000000000000e+00,2.895034579832586275e+00,2.297063655849863282e-05
9.000000000000000000e+00,2.898479470380316503e+00,2.221159913748035219e-05
9.000000000000000000e+00,2.901925776907095411e+00,1.869227489462253739e-05
9.000000000000000000e+00,2.905373480242120277e+00,1.917787607496276734e-05
9.000000000000000000e+00,2.908822561103622473e+00,1.705567301988258344e-05
9.000000000000000000e+00,2.912273000098660081e+00,1.567688404231808641e-05
9.000000000000000000e+00,2.915717920856395917e+00,1.908729913365761130e-05
9.000000000000000000e+00,2.919171001243166863e+00,1.561438265512231350e-05
9.000000000000000000e+00,2.922618491529225704e+00,1.927704468531301810e-05
9.000000000000000000e+00,2.926067228665903297e+00,1.900759735104589579e-05
9.000000000000000000e+00,2.929510270735431021e+00,1.692572778497659298e-05
9.000000000000000000e+00,2.932961425061571425e+00,2.018794988232484368e-05
9.000000000000000000e+00,2.936406811276298434e+00,1.879222442324472690e-05
9.000000000000000000e+00,2.939853330832565170e+00,1.498996315398896614e-05
9.000000000000000000e+00,2.943300963180315755e+00,1.179976763974748298e-05
9.000000000000000000e+00,2.946749687657017613e+00,1.605903218957613877e-05
9.000000000000000000e+00,2.950199483487491392e+00,1.988633066451359836e-05
9.000000000000000000e+00,2.953643293379428769e+00,2.567832339858433396e-05
9.000000000000000000e+00,2.957095152684269479e+00,1.858015480990910212e-05
9.000000000000000000e+00,2.960540951008748145e+00,1.589210011246628681e-05
9.000000000000000000e+00,2.963987703458273337e+00,2.550379095473506757e-05
9.000000000000000000e+00,2.967435388620835557e+00,2.333642940828013141e-05
9.000000000000000000e+00,2.970883984971168346e+00,8.792671022325687202e-05
9.000000000000000000e+00,2.974333470870613727e+00,1.679869461239605496e-04
9.000000000000000000e+00,2.977783824566972548e+00,9.506801418438510349e-05
9.000000000000000000e+00,2.981227855747897504e+00,1.676297458601978943e-05
9.000000000000000000e+00,2.984679862716122845e+00,1.053869191956608272e-05
9.000000000000000000e+00,2.988125469863089467e+00,1.127939068716943936e-05
9.000000000000000000e+00,2.991571823358956106e+00,1.789794560042514576e-05
9.000000000000000000e+00,2.995018900813596119e+00,2.591168976279122570e-05
9.000000000000000000e+00,2.998466679722951778e+00,1.149669186732620659e-04
9.000000000000000000e+00,3.001915137468924577e+00,2.288859901683702443e-04
9.000000000000000000e+00,3.005364251319263325e+00,2.380998112349425283e-04
9.000000000000000000e+00,3.008813998427458003e+00,2.685308633283533923e-05
9.000000000000000000e+00,3.012257037388338610e+00,1.668193785116335928e-05
9.000000000000000000e+00,3.015707965237110155e+00,1.187328004500322363e-05
9.000000000000000000e+00,3.019152105109111695e+00,1.303698167990471928e-05
9.000000000000000000e+00,3.022604120851319909e+00,1.708737694915529439e-05
9.000000000000000000e+00,3.026049268242209322e+00,5.638596082566734325e-05
9.000000000000000000e+00,3.029502278114438507e+00,2.212267295278705533e-04
9.000000000000000000e+00,3.032948338715878656e+00,7.575028548933188002e-05
9.000000000000000000e+00,3.036394811834639107e+00,2.108365925664068709e-05
9.000000000000000000e+00,3.039841673528437926e+00,1.205523834177769087e-05
9.000000000000000000e+00,3.043288899740312470e+00,1.397215662325802796e-05
9.000000000000000000e+00,3.046736466298560764e+00,9.175343107274552010e-06
9.000000000000000000e+00,3.050184348916684218e+00,8.363276600664188039e-06
9.000000000000000000e+00,3.053632523193331227e+00,6.778874635867008536e-06
9.000000000000000000e+00,3.057080964612250096e+00,1.214412905198586497e-05
9.000000000000000000e+00,3.060529648542242853e+00,8.972519705052694634e-06
9.000000000000000000e+00,3.063978550237123955e+00,1.149526225308741978e-05
9.000000000000000000e+00,3.067427644835680312e+00,1.406219158081438593e-05
9.000000000000000000e+00,3.070869301342692204e+00,1.125557189308361370e-04
9.000000000000000000e+00,3.074318689607980826e+00,2.559228961642682348e-04
9.000000000000000000e+00,3.077768195483054026e+00,1.678681735955788834e-04
9.000000000000000000e+00,3.081217793646421566e+00,2.968330952370200817e-05
9.000000000000000000e+00,3.084667458661439099e+00,9.512108018978705090e-06
9.000000000000000000e+00,3.088109473315589160e+00,8.578681895581395572e-06
9.000000000000000000e+00,3.091559178069081870e+00,8.204609852685740859e-06
9.000000000000000000e+00,3.095008872654115173e+00,6.249302424404718206e-06
9.000000000000000000e+00,3.098458531173472696e+00,5.539237643085453463e-06
1.000000000000000000e+01,1.722768430874836998e+00,2.645823505598522739e-04
1.000000000000000000e+01,1.726217603999769867e+00,2.887018097232695946e-04
1.000000000000000000e+01,1.729663724931680191e+00,3.054676659057373655e-04
1.000000000000000000e+01,1.733111519436391523e+00,3.275557748919003106e-04
1.000000000000000000e+01,1.736560925105470776e+00,3.600188715162510201e-04
1.000000000000000000e+01,1.740006995062806538e+00,3.872065774494142594e-04
1.000000000000000000e+01,1.743456962527776044e+00,4.438879297558724580e-04
1.000000000000000000e+01,1.746903408349857356e+00,4.499984480985422231e-04
1.000000000000000000e+01,1.750351151541850170e+00,5.497937261274842306e-04
1.000000000000000000e+01,1.753800126646169133e+00,6.460249323275348704e-04
1.000000000000000000e+01,1.757247777056210269e+00,7.230367507819216930e-04
1.000000000000000000e+01,1.760694006816462265e+00,1.141473038903847862e-03
1.000000000000000000e+01,1.764143739596276683e+00,1.726710508204007529e-03
1.000000000000000000e+01,1.767591897027504633e+00,1.836186324641682962e-03
1.000000000000000000e+01,1.771038381196035516e+00,1.460385626918338014e-03
1.000000000000000000e+01,1.774485633181389410e+00,9.001315146727013536e-04
1.000000000000000000e+01,1.777933583325450151e+00,5.316224161854496422e-04
1.000000000000000000e+01,1.781382161396555475e+00,4.097719050291192644e-04
1.000000000000000000e+01,1.784828727214625488e+00,3.484973562372674079e-04
1.000000000000000000e+01,1.788278338206535700e+00,3.064914560812159153e-04
1.000000000000000000e+01,1.791725773693539692e+00,2.752454903190373501e-04
1.000000000000000000e+01,1.795173530458859412e+00,2.220320107814824416e-04
1.000000000000000000e+01,1.798621535336541122e+00,2.692272654146804977e-04
1.000000000000000000e+01,1.802069714585547544e+00,2.990868139019589611e-04
1.000000000000000000e+01,1.805517993889585338e+00,3.185582212688701782e-04
1.000000000000000000e+01,1.808963659025256465e+00,3.587442769790191808e-04
1.000000000000000000e+01,1.812411903117165268e+00,3.631582113553533933e-04
1.000000000000000000e+01,1.815860020844046963e+00,3.666585980132953623e-04
1.000000000000000000e+01,1.819307935588295067e+00,4.221717872562936774e-04
1.000000000000000000e+01,1.822755570157104321e+00,4.676611257510653974e-04
1.000000000000000000e+01,1.826202846782678746e+00,4.677426054200195592e-04
1.000000000000000000e+01,1.829652387162471028e+00,6.265943103907346649e-04
1.000000000000000000e+01,1.833098722480798193e+00,7.424010812250969159e-04
1.000000000000000000e+01,1.836547183550738982e+00,8.055239786407690549e-04
1.000000000000000000e+01,1.839994990319506529e+00,1.338655853879072710e-03
1.000000000000000000e+01,1.843442062200313369e+00,1.690821613222748092e-03
1.000000000000000000e+01,1.846891069191275658e+00,3.775463680618897783e-03
1.000000000000000000e+01,1.850339198957712483e+00,1.940028932300499540e-02
1.000000000000000000e+01,1.853786369243562770e+00,3.755217582701619178e-02
1.000000000000000000e+01,1.857235279282900109e+00,7.939267681494263651e-02
1.000000000000000000e+01,1.860683084283182076e+00,1.189980996402073277e-01
1.000000000000000000e+01,1.864129700321005778e+00,1.732065727647363051e-01
1.000000000000000000e+01,1.867577856036589212e+00,2.587967545967233551e-01
1.000000000000000000e+01,1.871024674010875577e+00,3.727825860994706808e-01
1.000000000000000000e+01,1.874472902601166835e+00,4.995617386861499476e-01
1.000000000000000000e+01,1.877922486946779213e+00,5.795153896542541982e-01
1.000000000000000000e+01,1.881370516884421695e+00,5.650299658893930266e-01
1.000000000000000000e+01,1.884816905210515037e+00,4.801647187241930292e-01
1.000000000000000000e+01,1.888264439954679741e+00,3.750911230635709526e-01
1.000000000000000000e+01,1.891713064297456004e+00,2.837246139003295475e-01
1.000000000000000000e+01,1.895159824112871982e+00,2.143334132884984200e-01
1.000000000000000000e+01,1.898607537409636503e+00,1.631880456528446988e-01
1.000000000000000000e+01,1.902056145930849373e+00,1.306965798719638694e-01
1.000000000000000000e+01,1.905505590961838802e+00,1.136518135360359977e-01
1.000000000000000000e+01,1.908952874159341784e+00,8.899787866700464845e-02
1.000000000000000000e+01,1.912400853798377653e+00,6.425263276854015215e-02
1.000000000000000000e+01,1.915846509287635779e+00,4.788929075932652629e-02
1.000000000000000000e+01,1.919295690217159400e+00,4.945520358719324855e-02
1.000000000000000000e+01,1.922742403939026623e+00,1.018762451739384234e-01
1.000000000000000000e+01,1.926192541782736134e+00,1.978969977891125720e-01
1.000000000000000000e+01,1.929640067440181683e+00,8.525071406040839184e-02
1.000000000000000000e+01,1.933087900183826591e+00,8.072050319019540010e-02
1.000000000000000000e+01,1.936535977039756551e+00,1.509018999072300402e-02
1.000000000000000000e+01,1.939981199079960472e+00,9.021720298638276000e-03
1.000000000000000000e+01,1.943429562597383642e+00,7.139155895685859142e-03
1.000000000000000000e+01,1.946877978525087372e+00,4.214974019432250751e-03
1.000000000000000000e+01,1.950326382048422236e+00,4.673142348308018633e-03
1.000000000000000000e+01,1.953774707892369067e+00,4.429520400355007118e-03
1.000000000000000000e+01,1.957222890321566267e+00,5.953683946742528536e-03
1.000000000000000000e+01,1.960670863140387077e+00,6.825192281905175309e-03
1.000000000000000000e+01,1.964118559693055932e+00,6.913572007256125161e-03
1.000000000000000000e+01,1.967565912863812327e+00,7.236461106173038699e-03
1.000000000000000000e+01,1.971012855077121984e+00,5.569685182138238086e-03
1.000000000000000000e+01,1.974462462646853878e+00,5.543904944982709811e-03
1.000000000000000000e+01,1.977908389365796271e+00,5.825347887687142359e-03
1.000000000000000000e+01,1.981356866008052053e+00,5.574700359032240711e-03
1.000000000000000000e+01,1.984804678864102945e+00,4.729634871450142872e-03
1.000000000000000000e+01,1.988251758114388146e+00,3.243898455017352189e-03
1.000000000000000000e+01,1.991701232975213953e+00,2.582417292159250831e-03
1.000000000000000000e+01,1.995146644800939395e+00,1.804252320360352942e-03
1.000000000000000000e+01,1.998594332508543792e+00,1.584549001193641957e-03
1.000000000000000000e+01,2.002044257812201522e+00,1.490290773336370653e-03
1.000000000000000000e+01,2.005493138126538177e+00,1.207539240375869695e-03
1.000000000000000000e+01,2.008940900982242095e+00,1.351985292059800165e-03
1.000000000000000000e+01,2.012387473453392861e+00,1.215455567555578540e-03
1.000000000000000000e+01,2.015836059663349111e+00,1.592491204604713079e-03
1.000000000000000000e+01,2.019283330698162793e+00,1.574324024861150457e-03
1.000000000000000000e+01,2.022729212310859115e+00,3.043503870684326207e-03
1.000000000000000000e+01,2.026176941017666877e+00,3.497153605893234263e-03
1.000000000000000000e+01,2.029626475484230141e+00,1.189285171206277102e-02
1.000000000000000000e+01,2.033074440229836632e+00,1.503958992319204789e-02
1.000000000000000000e+01,2.036520759278852566e+00,1.601174499842294291e-02
1.000000000000000000e+01,2.039968712651890392e+00,1.749237885771842346e-02
1.000000000000000000e+01,2.043418257520000392e+00,1.832150480936702713e-02
1.000000000000000000e+01,2.046865971521828698e+00,1.986551994794274675e-02
1.000000000000000000e+01,2.050311776957185472e+00,2.291951796643612593e-02
1.000000000000000000e+01,2.053762399650157722e+00,3.004218760322875312e-02
1.000000000000000000e+01,2.057207589295852124e+00,3.730975829947243833e-02
1.000000000000000000e+01,2.060657507204084027e+00,4.215868673703752900e-02
1.000000000000000000e+01,2.064105270019382932e+00,5.027388045899088692e-02
1.000000000000000000e+01,2.067554245750138797e+00,6.149334223828124835e-02
1.000000000000000000e+01,2.071000929283012937e+00,6.975292124905588254e-02
1.000000000000000000e+01,2.074448710803403539e+00,7.506597610230762718e-02
1.000000000000000000e+01,2.077897543799790192e+00,8.011053847119993521e-02
1.000000000000000000e+01,2.081343887425238570e+00,8.689237962104498503e-02
1.000000000000000000e+01,2.084791165297932292e+00,9.631980324536904003e-02
1.000000000000000000e+01,2.088239329812072498e+00,1.141633887588976159e-01
1.000000000000000000e+01,2.091688333018982604e+00,1.471028443786104312e-01
1.000000000000000000e+01,2.095134586178464708e+00,1.900884511576382829e-01
1.000000000000000000e+01,2.098581557772516426e+00,2.459040078334355228e-01
1.000000000000000000e+01,2.102029198756936612e+00,2.691548261882524828e-01
1.000000000000000000e+01,2.105477459743749336e+00,3.055950008400512008e-01
1.000000000000000000e+01,2.108926291000885023e+00,1.121111971035141097e-01
1.000000000000000000e+01,2.112375642451898905e+00,7.784535043049729819e-02
1.000000000000000000e+01,2.115821852965775296e+00,1.483916203194998208e-02
1.000000000000000000e+01,2.119268458927962673e+00,4.963245466371288619e-03
1.000000000000000000e+01,2.122719043442534925e+00,3.011200457357451291e-03
1.000000000000000000e+01,2.126166298253410858e+00,1.520731932896310324e-03
1.000000000000000000e+01,2.129613793981704362e+00,1.241148543275893317e-03
1.000000000000000000e+01,2.133061478420649859e+00,1.029793599519125951e-03
1.000000000000000000e+01,2.136509299018463537e+00,1.363176380332821024e-03
1.000000000000000000e+01,2.139957202878268738e+00,1.605383804317010721e-03
1.000000000000000000e+01,2.143405136758036900e+00,2.240024930498832247e-03
1.000000000000000000e+01,2.146853047070562237e+00,2.064989251059061275e-03
1.000000000000000000e+01,2.150300879883457306e+00,1.610160000640245039e-03
1.000000000000000000e+01,2.153748580919182309e+00,1.578918392592086562e-03
1.000000000000000000e+01,2.157196095555092619e+00,1.280059516795200658e-03
1.000000000000000000e+01,2.160643368823523591e+00,1.399913282023213836e-03
1.000000000000000000e+01,2.164090345411897154e+00,1.352215631762634105e-03
1.000000000000000000e+01,2.167540759036654663e+00,1.430668672818994703e-03
1.000000000000000000e+01,2.170986987007442970e+00,1.393629848632141734e-03
1.000000000000000000e+01,2.174436563833112679e+00,1.161649619611310235e-03
1.000000000000000000e+01,2.177881817870748637e+00,1.056059841752014479e-03
1.000000000000000000e+01,2.181330331273712009e+00,7.474054752938318839e-04
1.000000000000000000e+01,2.184778233191368102e+00,6.159717864790446385e-04
1.000000000000000000e+01,2.188225465951995297e+00,4.301365628453239671e-04
1.000000000000000000e+01,2.191675845771210440e+00,4.020230136771671425e-04
1.000000000000000000e+01,2.195121578019079589e+00,3.443140605877718029e-04
1.000000000000000000e+01,2.198570364693557266e+00,3.402850024424301139e-04
1.000000000000000000e+01,2.202018272566464763e+00,4.501595781919001714e-04
1.000000000000000000e+01,2.205465242297680817e+00,5.266952835733477306e-04
1.000000000000000000e+01,2.208915149623194463e+00,7.116882943820356010e-04
1.000000000000000000e+01,2.212360075965002171e+00,7.536940675975432966e-04
1.000000000000000000e+01,2.215807844123076187e+00,8.584509860969078733e-04
1.000000000000000000e+01,2.219258430376216840e+00,7.678969732820199821e-04
1.000000000000000000e+01,2.222703841343263154e+00,8.100320633085507024e-04
1.000000000000000000e+01,2.226151972787215438e+00,8.278645453071407923e-04
1.000000000000000000e+01,2.229602800184150357e+00,8.450283717830312825e-04
1.000000000000000000e+01,2.233048254996186532e+00,9.157908650028583888e-04
1.000000000000000000e+01,2.236496306301955173e+00,6.733885491244204387e-04
1.000000000000000000e+01,2.239942882003202573e+00,5.249523361243968412e-04
1.000000000000000000e+01,2.243391978366607198e+00,3.863693314153258604e-04
1.000000000000000000e+01,2.246839497825367182e+00,3.965080207350244888e-04
1.000000000000000000e+01,2.250289461008770697e+00,4.684936755929783726e-04
1.000000000000000000e+01,2.253737744797115639e+00,6.907271754279686220e-04
1.000000000000000000e+01,2.257184284958505760e+00,7.750696734109418931e-04
1.000000000000000000e+01,2.260633138782280227e+00,8.217393126507466965e-04
1.000000000000000000e+01,2.264080144649337711e+00,8.560081061580005835e-04
1.000000000000000000e+01,2.267525237356025958e+00,9.981219848467493255e-04
1.000000000000000000e+01,2.270976670675578291e+00,1.118554864576080769e-03
1.000000000000000000e+01,2.274421937636212032e+00,1.048832582927130587e-03
1.000000000000000000e+01,2.277869304062661637e+00,1.209877943394264445e-03
1.000000000000000000e+01,2.281318741456848986e+00,1.157233419542704096e-03
1.000000000000000000e+01,2.284766010754516241e+00,1.623996034576437580e-03
1.000000000000000000e+01,2.288215267906648975e+00,3.022653256123055202e-03
1.000000000000000000e+01,2.291662247874864278e+00,7.458954496499964684e-03
1.000000000000000000e+01,2.295111131471099686e+00,7.164027754616702354e-03
1.000000000000000000e+01,2.298557627608458720e+00,9.050504534432884246e-03
1.000000000000000000e+01,2.302005942034049291e+00,9.167457864986705909e-03
1.000000000000000000e+01,2.305451757539699997e+00,9.299926286216297217e-03
1.000000000000000000e+01,2.308899304880597025e+00,9.734664833032445619e-03
1.000000000000000000e+01,2.312348553258873896e+00,1.004623461114149963e-02
1.000000000000000000e+01,2.315795146169584040e+00,1.027076226001407203e-02
1.000000000000000000e+01,2.319243352055508911e+00,1.020760535422080006e-02
1.000000000000000000e+01,2.322693139373734450e+00,1.014337471650995914e-02
1.000000000000000000e+01,2.326140112141752425e+00,1.012957661437330001e-02
1.000000000000000000e+01,2.329588576669208155e+00,1.063303679287731784e-02
1.000000000000000000e+01,2.333034110543464656e+00,1.237481724148672274e-02
1.000000000000000000e+01,2.336485448496548489e+00,1.617362609052456004e-02
1.000000000000000000e+01,2.339933764512273751e+00,2.244732206820912804e-02
1.000000000000000000e+01,2.343378986533309671e+00,2.993797497147068776e-02
1.000000000000000000e+01,2.346825484344305490e+00,3.568884432235111537e-02
1.000000000000000000e+01,2.350273224383027326e+00,3.536545442562896019e-02
1.000000000000000000e+01,2.353722172861167472e+00,3.203649431783910789e-02
1.000000000000000000e+01,2.357172295763969139e+00,2.452663997160069165e-02
1.000000000000000000e+01,2.360619064298897563e+00,9.088718518691888890e-03
1.000000000000000000e+01,2.364066912253343311e+00,8.698991270984833199e-03
1.000000000000000000e+01,2.367515804861286988e+00,1.225801041384127566e-03
1.000000000000000000e+01,2.370961173109878306e+00,1.193536569111159707e-03
1.000000000000000000e+01,2.374412036608912757e+00,7.592780561240649803e-04
1.000000000000000000e+01,2.377859278634326667e+00,7.086181850996990748e-04
1.000000000000000000e+01,2.381307397460132869e+00,1.128323536444196659e-03
1.000000000000000000e+01,2.384751770196041232e+00,1.121584760773073567e-03
1.000000000000000000e+01,2.388201521193179300e+00,3.742051712629997692e-03
1.000000000000000000e+01,2.391647426880533001e+00,3.449201024037172256e-03
1.000000000000000000e+01,2.395098664237783392e+00,9.096582353442699345e-03
1.000000000000000000e+01,2.398545956062328788e+00,9.982129751457407760e-03
1.000000000000000000e+01,2.401993878652857184e+00,8.597809372692073043e-03
1.000000000000000000e+01,2.405442394597158362e+00,8.041648054549420735e-03
1.000000000000000000e+01,2.408886786022795157e+00,7.953884641160981553e-03
1.000000000000000000e+01,2.412336362106710208e+00,8.889315608169941554e-03
1.000000000000000000e+01,2.415786417910278150e+00,1.093402218088617046e-02
1.000000000000000000e+01,2.419232194585697826e+00,1.462369378498739984e-02
1.000000000000000000e+01,2.422678347155437617e+00,2.042095222258092854e-02
1.000000000000000000e+01,2.426129584221891289e+00,2.845943206123587380e-02
1.000000000000000000e+01,2.429576385293707563e+00,3.859004119889037493e-02
1.000000000000000000e+01,2.433023445035121579e+00,4.929067515990612214e-02
1.000000000000000000e+01,2.436470723904829327e+00,5.722301030634460023e-02
1.000000000000000000e+01,2.439918182131624036e+00,6.115395385916783111e-02
1.000000000000000000e+01,2.443365779714331332e+00,6.004430366441842332e-02
1.000000000000000000e+01,2.446813476421755063e+00,5.617922801602542870e-02
1.000000000000000000e+01,2.450261231792639105e+00,5.410052920058137926e-02
1.000000000000000000e+01,2.453709005135639387e+00,4.258325391762243090e-02
1.000000000000000000e+01,2.457156755529312342e+00,4.199450881361103255e-02
1.000000000000000000e+01,2.460604441822116684e+00,1.574392398748622121e-02
1.000000000000000000e+01,2.464052022632424954e+00,3.064036895512442862e-03
1.000000000000000000e+01,2.467499456348555942e+00,2.753086514060024224e-03
1.000000000000000000e+01,2.470951625619067560e+00,1.340907551283145125e-03
1.000000000000000000e+01,2.474398653140896354e+00,7.678869800963420431e-04
1.000000000000000000e+01,2.477845407371735753e+00,6.601822193388165753e-04
1.000000000000000000e+01,2.481291845780071004e+00,4.084626616267601133e-04
1.000000000000000000e+01,2.484742905219031073e+00,3.804189592372909327e-04
1.000000000000000000e+01,2.488188597289541448e+00,2.838039788287223465e-04
1.000000000000000000e+01,2.491638851875302763e+00,2.418982828066335196e-04
1.000000000000000000e+01,2.495083624796248234e+00,2.591706866332906174e-04
1.000000000000000000e+01,2.498532900868154716e+00,2.198688978394480959e-04
1.000000000000000000e+01,2.501981628941128299e+00,2.256965232475919311e-04
1.000000000000000000e+01,2.505429764928409853e+00,1.896046582371159462e-04
1.000000000000000000e+01,2.508877264513888594e+00,1.622826047426120279e-04
1.000000000000000000e+01,2.512324083152320586e+00,1.539817027353386448e-04
1.000000000000000000e+01,2.515770176069546782e+00,1.317066191554993476e-04
1.000000000000000000e+01,2.519220617027636777e+00,1.173576223169713327e-04
1.000000000000000000e+01,2.522665137272860125e+00,1.402655011623479624e-04
1.000000000000000000e+01,2.526113942935153567e+00,1.504524930636581283e-04
1.000000000000000000e+01,2.529561869608954350e+00,1.753004474331384781e-04
1.000000000000000000e+01,2.533008871425249886e+00,1.883091392823652932e-04
1.000000000000000000e+01,2.536460091348755608e+00,1.879401397203644486e-04
1.000000000000000000e+01,2.539905119036357739e+00,2.217878791704014471e-04
1.000000000000000000e+01,2.543354300215602937e+00,2.303039919823752916e-04
1.000000000000000000e+01,2.546802399089612923e+00,2.078317212879736127e-04
1.000000000000000000e+01,2.550249368695818752e+00,2.350169479239498118e-04
1.000000000000000000e+01,2.553695161844585115e+00,2.315705579529153495e-04
1.000000000000000000e+01,2.557145005160321727e+00,2.161318969561068222e-04
1.000000000000000000e+01,2.560593605407676776e+00,2.418117597785524433e-04
1.000000000000000000e+01,2.564040914759595946e+00,2.348205526881900053e-04
1.000000000000000000e+01,2.567486885162802768e+00,2.172253614833274103e-04
1.000000000000000000e+01,2.570936799422715247e+00,2.421250660121259312e-04
1.000000000000000000e+01,2.574385306550782015e+00,2.372869314717874697e-04
1.000000000000000000e+01,2.577832357857054557e+00,2.118205287042219107e-04
1.000000000000000000e+01,2.581277904426420466e+00,2.301687935192876008e-04
1.000000000000000000e+01,2.584727285548704678e+00,2.073259246479526173e-04
1.000000000000000000e+01,2.588175092177919190e+00,2.045259105915745259e-04
1.000000000000000000e+01,2.591621274763594496e+00,2.190276582561207831e-04
1.000000000000000000e+01,2.595071215175571933e+00,1.965636131145600120e-04
1.000000000000000000e+01,2.598519460637897627e+00,2.015577401952138462e-04
1.000000000000000000e+01,2.601965960965542113e+00,2.156610140634818997e-04
1.000000000000000000e+01,2.605416140786058765e+00,2.315869805329346472e-04
1.000000000000000000e+01,2.608864503415107450e+00,1.965189399076279020e-04
1.000000000000000000e+01,2.612310998034201415e+00,2.199371757598374754e-04
1.000000000000000000e+01,2.615761092202567806e+00,2.864699772717682548e-04
1.000000000000000000e+01,2.619203711994529726e+00,2.510748738000919637e-04
1.000000000000000000e+01,2.622655405435940335e+00,3.648130370389390462e-04
1.000000000000000000e+01,2.626099521378967960e+00,1.489685595319314819e-03
1.000000000000000000e+01,2.629552694960589410e+00,9.825208987758468973e-04
1.000000000000000000e+01,2.632998187102616683e+00,2.412105013869265870e-03
1.000000000000000000e+01,2.636447114066393205e+00,2.662362510322328814e-03
1.000000000000000000e+01,2.639893846415254153e+00,2.847183513505371563e-03
1.000000000000000000e+01,2.643343967039275100e+00,3.142132888063368674e-03
1.000000000000000000e+01,2.646791816810129649e+00,3.432517889351815663e-03
1.000000000000000000e+01,2.650237342610351821e+00,3.683490950850050807e-03
1.000000000000000000e+01,2.653686170889210771e+00,3.908703032421279554e-03
1.000000000000000000e+01,2.657132597811020958e+00,4.036175105352280204e-03
1.000000000000000000e+01,2.660582278976152182e+00,4.118344894076448638e-03
1.000000000000000000e+01,2.664029480667215122e+00,4.082810642955404280e-03
1.000000000000000000e+01,2.667474148734945150e+00,3.985568198628639675e-03
1.000000000000000000e+01,2.670921982619566037e+00,3.672442776157650891e-03
1.000000000000000000e+01,2.674372972301618745e+00,3.698049691235262299e-03
1.000000000000000000e+01,2.677821324074959541e+00,1.908042593941098328e-03
1.000000000000000000e+01,2.681266982978278257e+00,4.701946153302029199e-04
1.000000000000000000e+01,2.684715707224760273e+00,4.420454234512424005e-04
1.000000000000000000e+01,2.688161657879166277e+00,6.368740100474434016e-04
1.000000000000000000e+01,2.691610622648888285e+00,1.600071404782931785e-03
1.000000000000000000e+01,2.695056732375022968e+00,1.790052755489939147e-03
1.000000000000000000e+01,2.698505804337753666e+00,1.895241491745232624e-03
1.000000000000000000e+01,2.701951939076299603e+00,2.060655988340406690e-03
1.000000000000000000e+01,2.705400983521141445e+00,2.219941792424193552e-03
1.000000000000000000e+01,2.708852926222422131e+00,2.392252065538793670e-03
1.000000000000000000e+01,2.712295888667945576e+00,2.520323528438351765e-03
1.000000000000000000e+01,2.715747614288411160e+00,2.676703128183645884e-03
1.000000000000000000e+01,2.719196209159163047e+00,2.818525266779827940e-03
1.000000000000000000e+01,2.722641615900502465e+00,2.944460613057309651e-03
1.000000000000000000e+01,2.726089770873740825e+00,3.025784946213626661e-03
1.000000000000000000e+01,2.729534652626857572e+00,3.216335785079372026e-03
1.000000000000000000e+01,2.732982227470418746e+00,2.771103305972598841e-03
1.000000000000000000e+01,2.736432482794700860e+00,9.528219807533232439e-04
1.000000000000000000e+01,2.739879351122726181e+00,5.908582237685865461e-04
1.000000000000000000e+01,2.743328843875850076e+00,1.854571857221097879e-03
1.000000000000000000e+01,2.746774862770038350e+00,3.118892789751456351e-03
1.000000000000000000e+01,2.750223449379463503e+00,3.090948450085256004e-03
1.000000000000000000e+01,2.753674590409778578e+00,2.870693381081928716e-03
1.000000000000000000e+01,2.757122141249363612e+00,2.817670259730759887e-03
1.000000000000000000e+01,2.760566042340017567e+00,2.779005475806152047e-03
1.000000000000000000e+01,2.764018557693985745e+00,2.712421262894362545e-03
1.000000000000000000e+01,2.767461187731447669e+00,2.644097740999174981e-03
1.000000000000000000e+01,2.770912404166737897e+00,2.573900346408566821e-03
1.000000000000000000e+01,2.774359822892734417e+00,2.457153160280990851e-03
1.000000000000000000e+01,2.777809606916736840e+00,2.447068169656571937e-03
1.000000000000000000e+01,2.781255502836574856e+00,2.336905237223202685e-03
1.000000000000000000e+01,2.784703704199829932e+00,1.332838141683612360e-03
1.000000000000000000e+01,2.788147926347539496e+00,3.377650434200294696e-04
1.000000000000000000e+01,2.791600678922760981e+00,1.641253122407542939e-04
1.000000000000000000e+01,2.795043090476260428e+00,1.084088124156836185e-04
1.000000000000000000e+01,2.798494002406115122e+00,1.199207491532243224e-04
1.000000000000000000e+01,2.801940781868234698e+00,1.010091287974395052e-04
1.000000000000000000e+01,2.805389714519748168e+00,8.508566437076752300e-05
1.000000000000000000e+01,2.808834421514795121e+00,8.261128565313946061e-05
1.000000000000000000e+01,2.812287598345081019e+00,7.756027903050244853e-05
1.000000000000000000e+01,2.815730092254171701e+00,8.610068548674663555e-05
1.000000000000000000e+01,2.819181024339006303e+00,7.456407493960757896e-05
1.000000000000000000e+01,2.822627573601432349e+00,7.894688275530933376e-05
1.000000000000000000e+01,2.826076118509744717e+00,7.464025613209080085e-05
1.000000000000000000e+01,2.829526642776947210e+00,7.672201107228824311e-05
1.000000000000000000e+01,2.832972656803320000e+00,8.161402993500477363e-05
1.000000000000000000e+01,2.836420585731449506e+00,7.978603966665322026e-05
1.000000000000000000e+01,2.839870412869007765e+00,9.578266530374273302e-05
1.000000000000000000e+01,2.843315600857695635e+00,9.008292078284818453e-05
1.000000000000000000e+01,2.846762621679029603e+00,8.729187352429762905e-05
1.000000000000000000e+01,2.850211458234488848e+00,9.095892902299463397e-05
1.000000000000000000e+01,2.853662093317443027e+00,9.698606322397532685e-05
1.000000000000000000e+01,2.857107925641209079e+00,9.665305934849634348e-05
1.000000000000000000e+01,2.860555489925645567e+00,1.087913916668103623e-04
1.000000000000000000e+01,2.864004768556617453e+00,1.053953536169179906e-04
1.000000000000000000e+01,2.867449112092238739e+00,1.104999826417756882e-04
1.000000000000000000e+01,2.870901750158041832e+00,1.375594067358718324e-04
1.000000000000000000e+01,2.874349385371875787e+00,1.995206052928101374e-04
1.000000000000000000e+01,2.877791951674792958e+00,6.282925964424291047e-04
1.000000000000000000e+01,2.881242774088754732e+00,9.127927538265234991e-04
1.000000000000000000e+01,2.884688458919366205e+00,8.877926359304900029e-04
1.000000000000000000e+01,2.888135667272326401e+00,8.615675809042320924e-04
1.000000000000000000e+01,2.891584380497048912e+00,8.260913398884222464e-04
1.000000000000000000e+01,2.895034579832586275e+00,8.057202148634332560e-04
1.000000000000000000e+01,2.898479470380316503e+00,7.967884107622599148e-04
1.000000000000000000e+01,2.901925776907095411e+00,7.859295610133244358e-04
1.000000000000000000e+01,2.905373480242120277e+00,8.039456498690188699e-04
1.000000000000000000e+01,2.908822561103622473e+00,7.781806984289416952e-04
1.000000000000000000e+01,2.912273000098660081e+00,4.198754435115009090e-04
1.000000000000000000e+01,2.915717920856395917e+00,1.135835485042607014e-04
1.000000000000000000e+01,2.919171001243166863e+00,8.913586335871095891e-05
1.000000000000000000e+01,2.922618491529225704e+00,7.011161878128489866e-05
1.000000000000000000e+01,2.926067228665903297e+00,6.646950432761899010e-05
1.000000000000000000e+01,2.929510270735431021e+00,6.443792178423514351e-05
1.000000000000000000e+01,2.932961425061571425e+00,6.201663043865368477e-05
1.000000000000000000e+01,2.936406811276298434e+00,6.458182656558214400e-05
1.000000000000000000e+01,2.939853330832565170e+00,5.928077236055873057e-05
1.000000000000000000e+01,2.943300963180315755e+00,6.413087598629040639e-05
1.000000000000000000e+01,2.946749687657017613e+00,6.025494195266004646e-05
1.000000000000000000e+01,2.950199483487491392e+00,5.445609740781709782e-05
1.000000000000000000e+01,2.953643293379428769e+00,5.636954534422079923e-05
1.000000000000000000e+01,2.957095152684269479e+00,6.064774810899215766e-05
1.000000000000000000e+01,2.960540951008748145e+00,6.610803334601058885e-05
1.000000000000000000e+01,2.963987703458273337e+00,6.530467762999136831e-05
1.000000000000000000e+01,2.967435388620835557e+00,6.513996218999719380e-05
1.000000000000000000e+01,2.970883984971168346e+00,7.497393660689465034e-05
1.000000000000000000e+01,2.974333470870613727e+00,6.740499115396159210e-05
1.000000000000000000e+01,2.977783824566972548e+00,1.312870847991107995e-04
1.000000000000000000e+01,2.981227855747897504e+00,2.006974268831203032e-04
1.000000000000000000e+01,2.984679862716122845e+00,2.034905316931349050e-04
1.000000000000000000e+01,2.988125469863089467e+00,1.930583402481094661e-04
1.000000000000000000e+01,2.991571823358956106e+00,1.910039556133785493e-04
1.000000000000000000e+01,2.995018900813596119e+00,1.849172157199803360e-04
1.000000000000000000e+01,2.998466679722951778e+00,1.758218230387822512e-04
1.000000000000000000e+01,3.001915137468924577e+00,1.762823266412661630e-04
1.000000000000000000e+01,3.005364251319263325e+00,9.967980808299117942e-05
1.000000000000000000e+01,3.008813998427458003e+00,2.767817429482718377e-04
1.000000000000000000e+01,3.012257037388338610e+00,3.061283639430401136e-04
1.000000000000000000e+01,3.015707965237110155e+00,3.314534196971658550e-04
1.000000000000000000e+01,3.019152105109111695e+00,3.510197894402197869e-04
1.000000000000000000e+01,3.022604120851319909e+00,3.719151754354575626e-04
1.000000000000000000e+01,3.026049268242209322e+00,3.890383281424662407e-04
1.000000000000000000e+01,3.029502278114438507e+00,3.962011712043293559e-04
1.000000000000000000e+01,3.032948338715878656e+00,4.134257156407546976e-04
1.000000000000000000e+01,3.036394811834639107e+00,2.801879437419164216e-04
1.000000000000000000e+01,3.039841673528437926e+00,2.875142114283457499e-04
1.000000000000000000e+01,3.043288899740312470e+00,2.900641656121901195e-04
1.000000000000000000e+01,3.046736466298560764e+00,2.869693586381575116e-04
1.000000000000000000e+01,3.050184348916684218e+00,2.801955051142827674e-04
1.000000000000000000e+01,3.053632523193331227e+00,2.363509553708158771e-04
1.000000000000000000e+01,3.057080964612250096e+00,4.062292926024281569e-05
1.000000000000000000e+01,3.060529648542242853e+00,3.584465818245440456e-05
1.000000000000000000e+01,3.063978550237123955e+00,3.233983776958748431e-05
1.000000000000000000e+01,3.067427644835680312e+00,3.291068103562686090e-05
1.000000000000000000e+01,3.070869301342692204e+00,3.879632198585827678e-05
1.000000000000000000e+01,3.074318689607980826e+00,5.513075790750571236e-05
1.000000000000000000e+01,3.077768195483054026e+00,1.689463766665704706e-04
1.000000000000000000e+01,3.081217793646421566e+00,3.191206662344808808e-04
1.000000000000000000e+01,3.084667458661439099e+00,3.590162729853724590e-04
1.000000000000000000e+01,3.088109473315589160e+00,3.722585092897409535e-04
1.000000000000000000e+01,3.091559178069081870e+00,3.827027286417563159e-04
1.000000000000000000e+01,3.095008872654115173e+00,3.730611446353794092e-04
1.000000000000000000e+01,3.098458531173472696e+00,2.699097497149155088e-04
1.100000000000000000e+01,1.722768430874836998e+00,2.582071228519008558e-05
1.100000000000000000e+01,1.726217603999769867e+00,4.045221761885814659e-05
1.100000000000000000e+01,1.733111519436391523e+00,3.401685084334079781e-05
1.100000000000000000e+01,1.736560925105470776e+00,3.255413747302435859e-05
1.100000000000000000e+01,1.740006995062806538e+00,6.375041992890294795e-05
1.100000000000000000e+01,1.743456962527776044e+00,6.611489346752045225e-05
1.100000000000000000e+01,1.746903408349857356e+00,1.234882295046679768e-04
1.100000000000000000e+01,1.750351151541850170e+00,1.463606593794783742e-04
1.100000000000000000e+01,1.753800126646169133e+00,1.739510546066348490e-04
1.100000000000000000e+01,1.757247777056210269e+00,2.570022532624195982e-04
1.100000000000000000e+01,1.760694006816462265e+00,2.932141289693855472e-04
1.100000000000000000e+01,1.764143739596276683e+00,4.034488426734446310e-04
1.100000000000000000e+01,1.767591897027504633e+00,4.367746779460384625e-04
1.100000000000000000e+01,1.771038381196035516e+00,2.638049245245127432e-04
1.100000000000000000e+01,1.774485633181389410e+00,2.669046352351754875e-04
1.100000000000000000e+01,1.777933583325450151e+00,2.542367526950340371e-04
1.100000000000000000e+01,1.781382161396555475e+00,2.524670498601971685e-04
1.100000000000000000e+01,1.784828727214625488e+00,2.999004035445927870e-04
1.100000000000000000e+01,1.788278338206535700e+00,3.311128036859220633e-04
1.100000000000000000e+01,1.791725773693539692e+00,3.432823383569927984e-04
1.100000000000000000e+01,1.795173530458859412e+00,3.772814149274562531e-04
1.100000000000000000e+01,1.798621535336541122e+00,4.501506423742475090e-04
1.100000000000000000e+01,1.802069714585547544e+00,5.213820379361126149e-04
1.100000000000000000e+01,1.805517993889585338e+00,5.633652668435962891e-04
1.100000000000000000e+01,1.808963659025256465e+00,5.407012539281441221e-04
1.100000000000000000e+01,1.812411903117165268e+00,6.176833997727007846e-04
1.100000000000000000e+01,1.815860020844046963e+00,6.796912710079652635e-04
1.100000000000000000e+01,1.819307935588295067e+00,7.202705710353022282e-04
1.100000000000000000e+01,1.822755570157104321e+00,7.799516446385757829e-04
1.100000000000000000e+01,1.826202846782678746e+00,8.795194363015832340e-04
1.100000000000000000e+01,1.829652387162471028e+00,9.145637481321150335e-04
1.100000000000000000e+01,1.833098722480798193e+00,1.000757974341852331e-03
1.100000000000000000e+01,1.836547183550738982e+00,1.123013189708035918e-03
1.100000000000000000e+01,1.839994990319506529e+00,1.085187754383532682e-03
1.100000000000000000e+01,1.843442062200313369e+00,1.188435627968095331e-03
1.100000000000000000e+01,1.846891069191275658e+00,1.323679935993875853e-03
1.100000000000000000e+01,1.850339198957712483e+00,1.468447543028559080e-03
1.100000000000000000e+01,1.853786369243562770e+00,1.714855445034616302e-03
1.100000000000000000e+01,1.857235279282900109e+00,1.964103898344815233e-03
1.100000000000000000e+01,1.860683084283182076e+00,2.171053805465591839e-03
1.100000000000000000e+01,1.864129700321005778e+00,2.709339423364359040e-03
1.100000000000000000e+01,1.867577856036589212e+00,3.106659173776932410e-03
1.100000000000000000e+01,1.871024674010875577e+00,3.687547722108684700e-03
1.100000000000000000e+01,1.874472902601166835e+00,4.416496757832362625e-03
1.100000000000000000e+01,1.877922486946779213e+00,4.181088243339597943e-03
1.100000000000000000e+01,1.881370516884421695e+00,3.989161881805232748e-03
1.100000000000000000e+01,1.884816905210515037e+00,3.606236357640566978e-03
1.100000000000000000e+01,1.888264439954679741e+00,2.426472425714563258e-03
1.100000000000000000e+01,1.891713064297456004e+00,2.273313413848557750e-03
1.100000000000000000e+01,1.895159824112871982e+00,1.685864657173230356e-03
1.100000000000000000e+01,1.898607537409636503e+00,1.645905427341076612e-03
1.100000000000000000e+01,1.902056145930849373e+00,1.698255672270379199e-03
1.100000000000000000e+01,1.905505590961838802e+00,1.602059287281928143e-03
1.100000000000000000e+01,1.908952874159341784e+00,1.909998055602394208e-03
1.100000000000000000e+01,1.912400853798377653e+00,1.701751934972418109e-03
1.100000000000000000e+01,1.915846509287635779e+00,1.729022024548634157e-03
1.100000000000000000e+01,1.919295690217159400e+00,2.970586680722388066e-03
1.100000000000000000e+01,1.922742403939026623e+00,5.607510094745245949e-03
1.100000000000000000e+01,1.926192541782736134e+00,1.393618617867174898e-02
1.100000000000000000e+01,1.929640067440181683e+00,1.451265859748359088e-01
1.100000000000000000e+01,1.933087900183826591e+00,1.152413586938381418e-01
1.100000000000000000e+01,1.936535977039756551e+00,1.524254437943066143e-01
1.100000000000000000e+01,1.939981199079960472e+00,1.425304619280454155e-01
1.100000000000000000e+01,1.943429562597383642e+00,1.389196001435180072e-01
1.100000000000000000e+01,1.946877978525087372e+00,1.453576970813198477e-01
1.100000000000000000e+01,1.950326382048422236e+00,1.593479218901654448e-01
1.100000000000000000e+01,1.953774707892369067e+00,1.882867288405135620e-01
1.100000000000000000e+01,1.957222890321566267e+00,2.350645129895200802e-01
1.100000000000000000e+01,1.960670863140387077e+00,2.965620086446391079e-01
1.100000000000000000e+01,1.964118559693055932e+00,3.154903848895247997e-01
1.100000000000000000e+01,1.967565912863812327e+00,2.393251051568087706e-01
1.100000000000000000e+01,1.971012855077121984e+00,1.741073754784440986e-01
1.100000000000000000e+01,1.974462462646853878e+00,2.010769762392413951e-01
1.100000000000000000e+01,1.977908389365796271e+00,3.302971673798915653e-01
1.100000000000000000e+01,1.981356866008052053e+00,4.775373162115688075e-01
1.100000000000000000e+01,1.984804678864102945e+00,4.743902413099958526e-01
1.100000000000000000e+01,1.988251758114388146e+00,3.695626348363861835e-01
1.100000000000000000e+01,1.991701232975213953e+00,2.739165670633530447e-01
1.100000000000000000e+01,1.995146644800939395e+00,2.092103321336121757e-01
1.100000000000000000e+01,1.998594332508543792e+00,1.666118489824280624e-01
1.100000000000000000e+01,2.002044257812201522e+00,1.380380686439495186e-01
1.100000000000000000e+01,2.005493138126538177e+00,1.181421825089284255e-01
1.100000000000000000e+01,2.008940900982242095e+00,1.036112783837217916e-01
1.100000000000000000e+01,2.012387473453392861e+00,9.274357019397221069e-02
1.100000000000000000e+01,2.015836059663349111e+00,8.405358152154146500e-02
1.100000000000000000e+01,2.019283330698162793e+00,7.662217699964432582e-02
1.100000000000000000e+01,2.022729212310859115e+00,6.968427344055959372e-02
1.100000000000000000e+01,2.026176941017666877e+00,6.383044637147934630e-02
1.100000000000000000e+01,2.029626475484230141e+00,5.888257525205740917e-02
1.100000000000000000e+01,2.033074440229836632e+00,5.429165121577666370e-02
1.100000000000000000e+01,2.036520759278852566e+00,5.026589564036851310e-02
1.100000000000000000e+01,2.039968712651890392e+00,4.608119082232737390e-02
1.100000000000000000e+01,2.043418257520000392e+00,4.204772923555002290e-02
1.100000000000000000e+01,2.046865971521828698e+00,3.869543929554642575e-02
1.100000000000000000e+01,2.050311776957185472e+00,3.894879249831001422e-02
1.100000000000000000e+01,2.053762399650157722e+00,4.457536136816581812e-02
1.100000000000000000e+01,2.057207589295852124e+00,4.628668220812748313e-02
1.100000000000000000e+01,2.060657507204084027e+00,3.935347719460187410e-02
1.100000000000000000e+01,2.064105270019382932e+00,1.991280502190967069e-02
1.100000000000000000e+01,2.067554245750138797e+00,2.330133262261641428e-02
1.100000000000000000e+01,2.071000929283012937e+00,6.571751115085319554e-03
1.100000000000000000e+01,2.074448710803403539e+00,3.942421995472795981e-03
1.100000000000000000e+01,2.077897543799790192e+00,3.495518165971946232e-03
1.100000000000000000e+01,2.081343887425238570e+00,3.361262618086312878e-03
1.100000000000000000e+01,2.084791165297932292e+00,4.045977582028026549e-03
1.100000000000000000e+01,2.088239329812072498e+00,4.391983529265348907e-03
1.100000000000000000e+01,2.091688333018982604e+00,6.905668156171264511e-03
1.100000000000000000e+01,2.095134586178464708e+00,1.620544540976538717e-02
1.100000000000000000e+01,2.098581557772516426e+00,1.878597042565744238e-02
1.100000000000000000e+01,2.102029198756936612e+00,5.977851697670420045e-02
1.100000000000000000e+01,2.105477459743749336e+00,7.941588070437008429e-02
1.100000000000000000e+01,2.108926291000885023e+00,2.754198984597873712e-01
1.100000000000000000e+01,2.112375642451898905e+00,2.279498604754152113e-01
1.100000000000000000e+01,2.115821852965775296e+00,1.806057118278120988e-01
1.100000000000000000e+01,2.119268458927962673e+00,1.081668998865602666e-01
1.100000000000000000e+01,2.122719043442534925e+00,6.163568674852961532e-02
1.100000000000000000e+01,2.126166298253410858e+00,3.780014779231236077e-02
1.100000000000000000e+01,2.129613793981704362e+00,2.809618678681073678e-02
1.100000000000000000e+01,2.133061478420649859e+00,3.049489973792891134e-02
1.100000000000000000e+01,2.136509299018463537e+00,4.734757572764539124e-02
1.100000000000000000e+01,2.139957202878268738e+00,8.531601731304874758e-02
1.100000000000000000e+01,2.143405136758036900e+00,1.298597310948725603e-01
1.100000000000000000e+01,2.146853047070562237e+00,1.495795064311788158e-01
1.100000000000000000e+01,2.150300879883457306e+00,1.450721490454621732e-01
1.100000000000000000e+01,2.153748580919182309e+00,1.353975143151029126e-01
1.100000000000000000e+01,2.157196095555092619e+00,1.291887112153556338e-01
1.100000000000000000e+01,2.160643368823523591e+00,1.257859861536974044e-01
1.100000000000000000e+01,2.164090345411897154e+00,1.240398040607740421e-01
1.100000000000000000e+01,2.167540759036654663e+00,1.221067150880189855e-01
1.100000000000000000e+01,2.170986987007442970e+00,1.143268765879037197e-01
1.100000000000000000e+01,2.174436563833112679e+00,9.434752679252630947e-02
1.100000000000000000e+01,2.177881817870748637e+00,6.594466917457078581e-02
1.100000000000000000e+01,2.181330331273712009e+00,4.079090819924963834e-02
1.100000000000000000e+01,2.184778233191368102e+00,2.402319347096229518e-02
1.100000000000000000e+01,2.188225465951995297e+00,1.539237263100796428e-02
1.100000000000000000e+01,2.191675845771210440e+00,1.253005524621150085e-02
1.100000000000000000e+01,2.195121578019079589e+00,1.328735984656299711e-02
1.100000000000000000e+01,2.198570364693557266e+00,1.643960973855205718e-02
1.100000000000000000e+01,2.202018272566464763e+00,2.201197836272100056e-02
1.100000000000000000e+01,2.205465242297680817e+00,2.273941522617609415e-02
1.100000000000000000e+01,2.208915149623194463e+00,8.315496364186790446e-03
1.100000000000000000e+01,2.212360075965002171e+00,2.383299762705867828e-03
1.100000000000000000e+01,2.215807844123076187e+00,2.381675826652039120e-03
1.100000000000000000e+01,2.219258430376216840e+00,1.777808707386850564e-03
1.100000000000000000e+01,2.222703841343263154e+00,1.590364214482845474e-03
1.100000000000000000e+01,2.226151972787215438e+00,1.887241553033667911e-03
1.100000000000000000e+01,2.229602800184150357e+00,1.796638028660613954e-03
1.100000000000000000e+01,2.233048254996186532e+00,1.568700322920361153e-03
1.100000000000000000e+01,2.236496306301955173e+00,1.497455088158288362e-03
1.100000000000000000e+01,2.239942882003202573e+00,1.046192082030685455e-03
1.100000000000000000e+01,2.243391978366607198e+00,7.896567215451750794e-04
1.100000000000000000e+01,2.246839497825367182e+00,7.805783672392904975e-04
1.100000000000000000e+01,2.250289461008770697e+00,7.234683483790765694e-04
1.100000000000000000e+01,2.253737744797115639e+00,7.679342879573279688e-04
1.100000000000000000e+01,2.257184284958505760e+00,8.826813434942452690e-04
1.100000000000000000e+01,2.260633138782280227e+00,9.633205229517810943e-04
1.100000000000000000e+01,2.264080144649337711e+00,9.828055691819340134e-04
1.100000000000000000e+01,2.267525237356025958e+00,1.240968231111339330e-03
1.100000000000000000e+01,2.270976670675578291e+00,1.378315637211402532e-03
1.100000000000000000e+01,2.274421937636212032e+00,1.420687671651705512e-03
1.100000000000000000e+01,2.277869304062661637e+00,1.705195234961850168e-03
1.100000000000000000e+01,2.281318741456848986e+00,1.571648702064739602e-03
1.100000000000000000e+01,2.284766010754516241e+00,1.328044818445764949e-03
1.100000000000000000e+01,2.288215267906648975e+00,1.152135764443197857e-03
1.100000000000000000e+01,2.291662247874864278e+00,8.873062400047066790e-04
1.100000000000000000e+01,2.295111131471099686e+00,7.353610210213684792e-04
1.100000000000000000e+01,2.298557627608458720e+00,6.316060756821263071e-04
1.100000000000000000e+01,2.302005942034049291e+00,5.187554590140295609e-04
1.100000000000000000e+01,2.305451757539699997e+00,4.521550788993967647e-04
1.100000000000000000e+01,2.308899304880597025e+00,4.464929379925689727e-04
1.100000000000000000e+01,2.312348553258873896e+00,4.654565446795138912e-04
1.100000000000000000e+01,2.315795146169584040e+00,4.787043694869535008e-04
1.100000000000000000e+01,2.319243352055508911e+00,5.146651207820422246e-04
1.100000000000000000e+01,2.322693139373734450e+00,5.382661726479037040e-04
1.100000000000000000e+01,2.326140112141752425e+00,5.823008804358716746e-04
1.100000000000000000e+01,2.329588576669208155e+00,5.794580010860026333e-04
1.100000000000000000e+01,2.333034110543464656e+00,7.069763044789400012e-04
1.100000000000000000e+01,2.336485448496548489e+00,8.005602854248948389e-04
1.100000000000000000e+01,2.339933764512273751e+00,1.137690869222779486e-03
1.100000000000000000e+01,2.343378986533309671e+00,1.759597176650274600e-03
1.100000000000000000e+01,2.346825484344305490e+00,1.933898801353531142e-03
1.100000000000000000e+01,2.350273224383027326e+00,2.638698658738991825e-03
1.100000000000000000e+01,2.353722172861167472e+00,2.490565326424346894e-03
1.100000000000000000e+01,2.357172295763969139e+00,5.417072779774398036e-03
1.100000000000000000e+01,2.360619064298897563e+00,1.681640090442985264e-02
1.100000000000000000e+01,2.364066912253343311e+00,1.461789937044701004e-02
1.100000000000000000e+01,2.367515804861286988e+00,2.031185261108704038e-02
1.100000000000000000e+01,2.370961173109878306e+00,1.989877530725631463e-02
1.100000000000000000e+01,2.374412036608912757e+00,2.057885407071549655e-02
1.100000000000000000e+01,2.377859278634326667e+00,2.131117698377363659e-02
1.100000000000000000e+01,2.381307397460132869e+00,2.165139886842012279e-02
1.100000000000000000e+01,2.384751770196041232e+00,2.110459573232871533e-02
1.100000000000000000e+01,2.388201521193179300e+00,1.930573741577590319e-02
1.100000000000000000e+01,2.391647426880533001e+00,1.678699908101768598e-02
1.100000000000000000e+01,2.395098664237783392e+00,1.434028903917184891e-02
1.100000000000000000e+01,2.398545956062328788e+00,1.220438705752057741e-02
1.100000000000000000e+01,2.401993878652857184e+00,1.074383256481959044e-02
1.100000000000000000e+01,2.405442394597158362e+00,1.014279815135729797e-02
1.100000000000000000e+01,2.408886786022795157e+00,1.002104569763552847e-02
1.100000000000000000e+01,2.412336362106710208e+00,1.048640889992177166e-02
1.100000000000000000e+01,2.415786417910278150e+00,1.152207894423811288e-02
1.100000000000000000e+01,2.419232194585697826e+00,1.028483485749864292e-02
1.100000000000000000e+01,2.422678347155437617e+00,4.049574963232075928e-03
1.100000000000000000e+01,2.426129584221891289e+00,4.931226479320775270e-03
1.100000000000000000e+01,2.429576385293707563e+00,2.020738430194582002e-03
1.100000000000000000e+01,2.433023445035121579e+00,2.008027603781093167e-03
1.100000000000000000e+01,2.436470723904829327e+00,2.734464817311762358e-03
1.100000000000000000e+01,2.439918182131624036e+00,2.504304715512899529e-03
1.100000000000000000e+01,2.443365779714331332e+00,3.147340914509116211e-03
1.100000000000000000e+01,2.446813476421755063e+00,4.810647624143819454e-03
1.100000000000000000e+01,2.450261231792639105e+00,4.513120815685950880e-03
1.100000000000000000e+01,2.453709005135639387e+00,1.439406111609410621e-02
1.100000000000000000e+01,2.457156755529312342e+00,1.390945119340111433e-02
1.100000000000000000e+01,2.460604441822116684e+00,3.827513715186531967e-02
1.100000000000000000e+01,2.464052022632424954e+00,4.745277040071635422e-02
1.100000000000000000e+01,2.467499456348555942e+00,4.266752818885521936e-02
1.100000000000000000e+01,2.470951625619067560e+00,3.807865570898790603e-02
1.100000000000000000e+01,2.474398653140896354e+00,3.323273234694359979e-02
1.100000000000000000e+01,2.477845407371735753e+00,2.949448303775061703e-02
1.100000000000000000e+01,2.481291845780071004e+00,2.742998184228580966e-02
1.100000000000000000e+01,2.484742905219031073e+00,2.665551430482780010e-02
1.100000000000000000e+01,2.488188597289541448e+00,2.748272410878580679e-02
1.100000000000000000e+01,2.491638851875302763e+00,2.871614378762837178e-02
1.100000000000000000e+01,2.495083624796248234e+00,2.958234708703131113e-02
1.100000000000000000e+01,2.498532900868154716e+00,2.916246659729470822e-02
1.100000000000000000e+01,2.501981628941128299e+00,2.848564700745442185e-02
1.100000000000000000e+01,2.505429764928409853e+00,2.186340785397758099e-02
1.100000000000000000e+01,2.508877264513888594e+00,7.730837048068977570e-03
1.100000000000000000e+01,2.512324083152320586e+00,7.126277489699395923e-03
1.100000000000000000e+01,2.515770176069546782e+00,1.311551233625433879e-03
1.100000000000000000e+01,2.519220617027636777e+00,7.542760778151766246e-04
1.100000000000000000e+01,2.522665137272860125e+00,7.843708309809124986e-04
1.100000000000000000e+01,2.526113942935153567e+00,5.630908254917794563e-04
1.100000000000000000e+01,2.529561869608954350e+00,4.397361207745451289e-04
1.100000000000000000e+01,2.533008871425249886e+00,5.402813224257991534e-04
1.100000000000000000e+01,2.536460091348755608e+00,4.774793252486135239e-04
1.100000000000000000e+01,2.539905119036357739e+00,4.306510428922448171e-04
1.100000000000000000e+01,2.543354300215602937e+00,4.948361180252410733e-04
1.100000000000000000e+01,2.546802399089612923e+00,4.395968828502132340e-04
1.100000000000000000e+01,2.550249368695818752e+00,3.631085025184889589e-04
1.100000000000000000e+01,2.553695161844585115e+00,3.387887711903682071e-04
1.100000000000000000e+01,2.557145005160321727e+00,3.715696774418777472e-04
1.100000000000000000e+01,2.560593605407676776e+00,3.151340501179382371e-04
1.100000000000000000e+01,2.564040914759595946e+00,2.978205567983580352e-04
1.100000000000000000e+01,2.567486885162802768e+00,3.359525146065755986e-04
1.100000000000000000e+01,2.570936799422715247e+00,2.898353771966272370e-04
1.100000000000000000e+01,2.574385306550782015e+00,2.645317245511284916e-04
1.100000000000000000e+01,2.577832357857054557e+00,2.430199023974534455e-04
1.100000000000000000e+01,2.581277904426420466e+00,2.378538988249618343e-04
1.100000000000000000e+01,2.584727285548704678e+00,2.187446638182336358e-04
1.100000000000000000e+01,2.588175092177919190e+00,1.992547727097201569e-04
1.100000000000000000e+01,2.591621274763594496e+00,1.950713335712906283e-04
1.100000000000000000e+01,2.595071215175571933e+00,1.757362343281694572e-04
1.100000000000000000e+01,2.598519460637897627e+00,1.607731245491900943e-04
1.100000000000000000e+01,2.601965960965542113e+00,1.247139908074243974e-04
1.100000000000000000e+01,2.605416140786058765e+00,1.249146622495455705e-04
1.100000000000000000e+01,2.608864503415107450e+00,1.098595719498669093e-04
1.100000000000000000e+01,2.612310998034201415e+00,9.530871225378668749e-05
1.100000000000000000e+01,2.615761092202567806e+00,7.066236788416064359e-05
1.100000000000000000e+01,2.619203711994529726e+00,6.940684146331620023e-05
1.100000000000000000e+01,2.622655405435940335e+00,6.598975533391186667e-05
1.100000000000000000e+01,2.626099521378967960e+00,5.373265037650118273e-05
1.100000000000000000e+01,2.629552694960589410e+00,5.297619300257328298e-05
1.100000000000000000e+01,2.632998187102616683e+00,6.251915216412949768e-05
1.100000000000000000e+01,2.636447114066393205e+00,5.852964466924400101e-05
1.100000000000000000e+01,2.639893846415254153e+00,6.643874870072327525e-05
1.100000000000000000e+01,2.643343967039275100e+00,7.741081279008838628e-05
1.100000000000000000e+01,2.646791816810129649e+00,1.041553265513207687e-04
1.100000000000000000e+01,2.650237342610351821e+00,1.074919865994489795e-04
1.100000000000000000e+01,2.653686170889210771e+00,1.244809634247647174e-04
1.100000000000000000e+01,2.657132597811020958e+00,1.583721860741652660e-04
1.100000000000000000e+01,2.660582278976152182e+00,1.603318619612868182e-04
1.100000000000000000e+01,2.664029480667215122e+00,2.158327564405821590e-04
1.100000000000000000e+01,2.667474148734945150e+00,2.871392886344162300e-04
1.100000000000000000e+01,2.670921982619566037e+00,5.599382239053055967e-04
1.100000000000000000e+01,2.674372972301618745e+00,4.988958963354773709e-04
1.100000000000000000e+01,2.677821324074959541e+00,2.254137489454588646e-03
1.100000000000000000e+01,2.681266982978278257e+00,3.667998786541128674e-03
1.100000000000000000e+01,2.684715707224760273e+00,3.668409605700689337e-03
1.100000000000000000e+01,2.688161657879166277e+00,3.825698697338236406e-03
1.100000000000000000e+01,2.691610622648888285e+00,3.944628012740710767e-03
1.100000000000000000e+01,2.695056732375022968e+00,3.973463103307370466e-03
1.100000000000000000e+01,2.698505804337753666e+00,3.929875206488879155e-03
1.100000000000000000e+01,2.701951939076299603e+00,3.790255134477893417e-03
1.100000000000000000e+01,2.705400983521141445e+00,3.794546520156873073e-03
1.100000000000000000e+01,2.708852926222422131e+00,2.199797841903444393e-03
1.100000000000000000e+01,2.712295888667945576e+00,6.280893202436445060e-04
1.100000000000000000e+01,2.715747614288411160e+00,2.637651564091790177e-04
1.100000000000000000e+01,2.719196209159163047e+00,1.858699918004685946e-04
1.100000000000000000e+01,2.722641615900502465e+00,1.664336952148232204e-04
1.100000000000000000e+01,2.726089770873740825e+00,2.243824644892349648e-04
1.100000000000000000e+01,2.729534652626857572e+00,1.762420837991797646e-04
1.100000000000000000e+01,2.732982227470418746e+00,8.050736295209437367e-04
1.100000000000000000e+01,2.736432482794700860e+00,2.825328677386896789e-03
1.100000000000000000e+01,2.739879351122726181e+00,3.127596623263393435e-03
1.100000000000000000e+01,2.743328843875850076e+00,3.047855718413741179e-03
1.100000000000000000e+01,2.746774862770038350e+00,2.990885267891727449e-03
1.100000000000000000e+01,2.750223449379463503e+00,2.823108122685200495e-03
1.100000000000000000e+01,2.753674590409778578e+00,2.652164602927920087e-03
1.100000000000000000e+01,2.757122141249363612e+00,1.872382915208120353e-03
1.100000000000000000e+01,2.760566042340017567e+00,2.088158086218089207e-03
1.100000000000000000e+01,2.764018557693985745e+00,5.824834824136133557e-04
1.100000000000000000e+01,2.767461187731447669e+00,2.475638797588586054e-04
1.100000000000000000e+01,2.770912404166737897e+00,2.182042965031066536e-04
1.100000000000000000e+01,2.774359822892734417e+00,2.558052183927587465e-04
1.100000000000000000e+01,2.777809606916736840e+00,2.075005792418447041e-04
1.100000000000000000e+01,2.781255502836574856e+00,2.950706462390667410e-04
1.100000000000000000e+01,2.784703704199829932e+00,1.322838365957727238e-03
1.100000000000000000e+01,2.788147926347539496e+00,2.318293436591315967e-03
1.100000000000000000e+01,2.791600678922760981e+00,2.501329488025498104e-03
1.100000000000000000e+01,2.795043090476260428e+00,2.554972024825708302e-03
1.100000000000000000e+01,2.798494002406115122e+00,2.485418106448870207e-03
1.100000000000000000e+01,2.801940781868234698e+00,2.418192990310763946e-03
1.100000000000000000e+01,2.805389714519748168e+00,1.364251360942461602e-03
1.100000000000000000e+01,2.808834421514795121e+00,1.465238744509118635e-03
1.100000000000000000e+01,2.812287598345081019e+00,2.730027914027630381e-04
1.100000000000000000e+01,2.815730092254171701e+00,1.432211648120521518e-04
1.100000000000000000e+01,2.819181024339006303e+00,9.017159270848548302e-05
1.100000000000000000e+01,2.822627573601432349e+00,7.781170368520776408e-05
1.100000000000000000e+01,2.826076118509744717e+00,6.922126995370621934e-05
1.100000000000000000e+01,2.829526642776947210e+00,6.281797214917786789e-05
1.100000000000000000e+01,2.832972656803320000e+00,6.119739123055954928e-05
1.100000000000000000e+01,2.836420585731449506e+00,7.807372939753521885e-05
1.100000000000000000e+01,2.839870412869007765e+00,6.048798841156668331e-05
1.100000000000000000e+01,2.843315600857695635e+00,5.926282715257557556e-05
1.100000000000000000e+01,2.846762621679029603e+00,5.826325478529872204e-05
1.100000000000000000e+01,2.850211458234488848e+00,5.532175885204518127e-05
1.100000000000000000e+01,2.853662093317443027e+00,5.493429437810116615e-05
1.100000000000000000e+01,2.857107925641209079e+00,5.310910335371520335e-05
1.100000000000000000e+01,2.860555489925645567e+00,5.157684238569136233e-05
1.100000000000000000e+01,2.864004768556617453e+00,3.663535487083478901e-05
1.100000000000000000e+01,2.867449112092238739e+00,3.945609530649740444e-05
1.100000000000000000e+01,2.870901750158041832e+00,4.699150209135521158e-05
1.100000000000000000e+01,2.874349385371875787e+00,4.553035161551963845e-05
1.100000000000000000e+01,2.877791951674792958e+00,4.390996507246115700e-05
1.100000000000000000e+01,2.881242774088754732e+00,4.226637560751451072e-05
1.100000000000000000e+01,2.884688458919366205e+00,4.190199525746119303e-05
1.100000000000000000e+01,2.888135667272326401e+00,4.197893290928116788e-05
1.100000000000000000e+01,2.891584380497048912e+00,4.318895599111082526e-05
1.100000000000000000e+01,2.895034579832586275e+00,4.583669316573074626e-05
1.100000000000000000e+01,2.898479470380316503e+00,5.375957402291635606e-05
1.100000000000000000e+01,2.901925776907095411e+00,6.826111343222134140e-05
1.100000000000000000e+01,2.905373480242120277e+00,6.243805455310735299e-05
1.100000000000000000e+01,2.908822561103622473e+00,1.163406212632690881e-04
1.100000000000000000e+01,2.912273000098660081e+00,5.061516287356982021e-04
1.100000000000000000e+01,2.915717920856395917e+00,8.520328146719395720e-04
1.100000000000000000e+01,2.919171001243166863e+00,9.099930742478936404e-04
1.100000000000000000e+01,2.922618491529225704e+00,9.153295239869666542e-04
1.100000000000000000e+01,2.926067228665903297e+00,4.812388424067085609e-04
1.100000000000000000e+01,2.929510270735431021e+00,1.066062994748455861e-04
1.100000000000000000e+01,2.932961425061571425e+00,6.930095680861468274e-05
1.100000000000000000e+01,2.936406811276298434e+00,4.759193616540223709e-05
1.100000000000000000e+01,2.939853330832565170e+00,4.118780167716102670e-05
1.100000000000000000e+01,2.943300963180315755e+00,3.620499614321742732e-05
1.100000000000000000e+01,2.946749687657017613e+00,3.375785988104015997e-05
1.100000000000000000e+01,2.950199483487491392e+00,3.522549596339875683e-05
1.100000000000000000e+01,2.953643293379428769e+00,2.768230709533020401e-05
1.100000000000000000e+01,2.957095152684269479e+00,3.050981369457542210e-05
1.100000000000000000e+01,2.960540951008748145e+00,2.900313641046386735e-05
1.100000000000000000e+01,2.963987703458273337e+00,2.515486302159068089e-05
1.100000000000000000e+01,2.967435388620835557e+00,2.952048875124463418e-05
1.100000000000000000e+01,2.970883984971168346e+00,2.281834811808979564e-05
1.100000000000000000e+01,2.974333470870613727e+00,2.488895308821576061e-05
1.100000000000000000e+01,2.977783824566972548e+00,2.384607912634728789e-05
1.100000000000000000e+01,2.981227855747897504e+00,2.723767164867902288e-05
1.100000000000000000e+01,2.984679862716122845e+00,2.208462521682723128e-05
1.100000000000000000e+01,2.988125469863089467e+00,2.871330293899912648e-05
1.100000000000000000e+01,2.991571823358956106e+00,2.426740039872528373e-05
1.100000000000000000e+01,2.995018900813596119e+00,2.940315833057829587e-05
1.100000000000000000e+01,2.998466679722951778e+00,3.853177174705267128e-05
1.100000000000000000e+01,3.001915137468924577e+00,4.304074355109495701e-05
1.100000000000000000e+01,3.005364251319263325e+00,1.278853962772203746e-04
1.100000000000000000e+01,3.008813998427458003e+00,1.759681492117318711e-04
1.100000000000000000e+01,3.012257037388338610e+00,1.804416871231650230e-04
1.100000000000000000e+01,3.015707965237110155e+00,8.828099554112349868e-05
1.100000000000000000e+01,3.019152105109111695e+00,1.837228204851178360e-05
1.100000000000000000e+01,3.022604120851319909e+00,1.621045811624614286e-05
1.100000000000000000e+01,3.026049268242209322e+00,2.422552830959211803e-05
1.100000000000000000e+01,3.029502278114438507e+00,3.562796921491869319e-05
1.100000000000000000e+01,3.032948338715878656e+00,1.974258738646083753e-04
1.100000000000000000e+01,3.036394811834639107e+00,4.006177290763587233e-04
1.100000000000000000e+01,3.039841673528437926e+00,2.161673423932552335e-04
1.100000000000000000e+01,3.043288899740312470e+00,5.168517654771107229e-05
1.100000000000000000e+01,3.046736466298560764e+00,3.753391512543956650e-05
1.100000000000000000e+01,3.050184348916684218e+00,2.789375393927896052e-05
1.100000000000000000e+01,3.053632523193331227e+00,7.165484587447677430e-05
1.100000000000000000e+01,3.057080964612250096e+00,2.622051996018122931e-04
1.100000000000000000e+01,3.060529648542242853e+00,2.361744886642338527e-04
1.100000000000000000e+01,3.063978550237123955e+00,1.034454104957649667e-04
1.100000000000000000e+01,3.067427644835680312e+00,2.858036426816955013e-05
1.100000000000000000e+01,3.070869301342692204e+00,1.890757851518677852e-05
1.100000000000000000e+01,3.074318689607980826e+00,1.332976519368463735e-05
1.100000000000000000e+01,3.077768195483054026e+00,1.102518516028677685e-05
1.100000000000000000e+01,3.081217793646421566e+00,1.669764855005656079e-05
1.100000000000000000e+01,3.084667458661439099e+00,1.218325538780719185e-05
1.100000000000000000e+01,3.088109473315589160e+00,1.393457895730118561e-05
1.100000000000000000e+01,3.091559178069081870e+00,1.535675722891797316e-05
1.100000000000000000e+01,3.095008872654115173e+00,3.430850673560949845e-05
1.100000000000000000e+01,3.098458531173472696e+00,1.497197398950904888e-04
1.200000000000000000e+01,1.984804678864102945e+00,1.074082078762261545e-03
1.200000000000000000e+01,1.988251758114388146e+00,9.166412080811441607e-04
1.200000000000000000e+01,1.991701232975213953e+00,6.685800559965510365e-04
1.200000000000000000e+01,1.995146644800939395e+00,5.968464998323215259e-04
1.200000000000000000e+01,1.998594332508543792e+00,5.467067074301179509e-04
1.200000000000000000e+01,2.002044257812201522e+00,5.211097341800295570e-04
1.200000000000000000e+01,2.005493138126538177e+00,4.857367867478280853e-04
1.200000000000000000e+01,2.008940900982242095e+00,4.823855638005679694e-04
1.200000000000000000e+01,2.012387473453392861e+00,4.782797209707082844e-04
1.200000000000000000e+01,2.015836059663349111e+00,5.089939060807838721e-04
1.200000000000000000e+01,2.019283330698162793e+00,5.184326861706522929e-04
1.200000000000000000e+01,2.022729212310859115e+00,4.717129221920332940e-04
1.200000000000000000e+01,2.026176941017666877e+00,5.000279715837078033e-04
1.200000000000000000e+01,2.029626475484230141e+00,5.349993995835097046e-04
1.200000000000000000e+01,2.033074440229836632e+00,6.148129857997932041e-04
1.200000000000000000e+01,2.036520759278852566e+00,5.936866736879766685e-04
1.200000000000000000e+01,2.039968712651890392e+00,6.542284815402424391e-04
1.200000000000000000e+01,2.043418257520000392e+00,7.352189421930360952e-04
1.200000000000000000e+01,2.046865971521828698e+00,1.067943429721392818e-03
1.200000000000000000e+01,2.050311776957185472e+00,1.109418831763327954e-03
1.200000000000000000e+01,2.053762399650157722e+00,1.375499326025716486e-03
1.200000000000000000e+01,2.057207589295852124e+00,2.242161234562970069e-03
1.200000000000000000e+01,2.060657507204084027e+00,7.900347257752630276e-03
1.200000000000000000e+01,2.064105270019382932e+00,2.958173381843428804e-02
1.200000000000000000e+01,2.067554245750138797e+00,2.967672790998079208e-02
1.200000000000000000e+01,2.071000929283012937e+00,4.275747104899583345e-02
1.200000000000000000e+01,2.074448710803403539e+00,3.731526402312744517e-02
1.200000000000000000e+01,2.077897543799790192e+00,3.027872164215230505e-02
1.200000000000000000e+01,2.081343887425238570e+00,2.383594068150489756e-02
1.200000000000000000e+01,2.084791165297932292e+00,1.989780959925486342e-02
1.200000000000000000e+01,2.088239329812072498e+00,1.979449846225290674e-02
1.200000000000000000e+01,2.091688333018982604e+00,2.332696164707497022e-02
1.200000000000000000e+01,2.095134586178464708e+00,2.725725360298993094e-02
1.200000000000000000e+01,2.098581557772516426e+00,3.561117772991861941e-02
1.200000000000000000e+01,2.102029198756936612e+00,6.071636983067529164e-02
1.200000000000000000e+01,2.105477459743749336e+00,1.153817076700139888e-01
1.200000000000000000e+01,2.108926291000885023e+00,1.930066485186912872e-01
1.200000000000000000e+01,2.112375642451898905e+00,2.484439109289360847e-01
1.200000000000000000e+01,2.115821852965775296e+00,2.522166604389046718e-01
1.200000000000000000e+01,2.119268458927962673e+00,2.293851934755680444e-01
1.200000000000000000e+01,2.122719043442534925e+00,2.048347622118842082e-01
1.200000000000000000e+01,2.126166298253410858e+00,1.828293960493204418e-01
1.200000000000000000e+01,2.129613793981704362e+00,1.498888877733897673e-01
1.200000000000000000e+01,2.133061478420649859e+00,6.762843465114019847e-02
1.200000000000000000e+01,2.136509299018463537e+00,7.135276876168544780e-02
1.200000000000000000e+01,2.139957202878268738e+00,1.504733304476795798e-02
1.200000000000000000e+01,2.143405136758036900e+00,7.223855693191161970e-03
1.200000000000000000e+01,2.146853047070562237e+00,4.758948723924745494e-03
1.200000000000000000e+01,2.150300879883457306e+00,4.974085463546137724e-03
1.200000000000000000e+01,2.153748580919182309e+00,4.787564281983848827e-03
1.200000000000000000e+01,2.157196095555092619e+00,4.132216905614275598e-03
1.200000000000000000e+01,2.160643368823523591e+00,3.922241445673655021e-03
1.200000000000000000e+01,2.164090345411897154e+00,5.097946349540766024e-03
1.200000000000000000e+01,2.167540759036654663e+00,5.786981432108190444e-03
1.200000000000000000e+01,2.170986987007442970e+00,5.950361928430611402e-03
1.200000000000000000e+01,2.174436563833112679e+00,6.000101454700789913e-03
1.200000000000000000e+01,2.177881817870748637e+00,6.426257481832071961e-03
1.200000000000000000e+01,2.181330331273712009e+00,5.107511214965996735e-03
1.200000000000000000e+01,2.184778233191368102e+00,3.970340005589296541e-03
1.200000000000000000e+01,2.188225465951995297e+00,3.851290237625391421e-03
1.200000000000000000e+01,2.191675845771210440e+00,3.143587194412017071e-03
1.200000000000000000e+01,2.195121578019079589e+00,2.978207057260663735e-03
1.200000000000000000e+01,2.198570364693557266e+00,3.573438566759242364e-03
1.200000000000000000e+01,2.202018272566464763e+00,4.006048234434483879e-03
1.200000000000000000e+01,2.205465242297680817e+00,8.413492772069819381e-03
1.200000000000000000e+01,2.208915149623194463e+00,2.336905617950040676e-02
1.200000000000000000e+01,2.212360075965002171e+00,2.646071989718683237e-02
1.200000000000000000e+01,2.215807844123076187e+00,2.473647425930292770e-02
1.200000000000000000e+01,2.219258430376216840e+00,2.685005246957517314e-02
1.200000000000000000e+01,2.222703841343263154e+00,3.169904204965686562e-02
1.200000000000000000e+01,2.226151972787215438e+00,3.943350605301733369e-02
1.200000000000000000e+01,2.229602800184150357e+00,4.962489436480010258e-02
1.200000000000000000e+01,2.233048254996186532e+00,5.585604568730033470e-02
1.200000000000000000e+01,2.236496306301955173e+00,5.190258119075822490e-02
1.200000000000000000e+01,2.239942882003202573e+00,4.248736162663079713e-02
1.200000000000000000e+01,2.243391978366607198e+00,3.590842843000111029e-02
1.200000000000000000e+01,2.246839497825367182e+00,3.478995713836179060e-02
1.200000000000000000e+01,2.250289461008770697e+00,3.836776759619706101e-02
1.200000000000000000e+01,2.253737744797115639e+00,4.460085864101369368e-02
1.200000000000000000e+01,2.257184284958505760e+00,5.390454679365926788e-02
1.200000000000000000e+01,2.260633138782280227e+00,6.997058010135985551e-02
1.200000000000000000e+01,2.264080144649337711e+00,9.381197922091689956e-02
1.200000000000000000e+01,2.267525237356025958e+00,1.261048327793722612e-01
1.200000000000000000e+01,2.270976670675578291e+00,1.723289026740043861e-01
1.200000000000000000e+01,2.274421937636212032e+00,1.944849204852477365e-01
1.200000000000000000e+01,2.277869304062661637e+00,8.200920866493517647e-02
1.200000000000000000e+01,2.281318741456848986e+00,7.483264499903971578e-02
1.200000000000000000e+01,2.284766010754516241e+00,2.038501268405935180e-02
1.200000000000000000e+01,2.288215267906648975e+00,9.227364735791054873e-03
1.200000000000000000e+01,2.291662247874864278e+00,5.188364526506858941e-03
1.200000000000000000e+01,2.295111131471099686e+00,4.085053516580794582e-03
1.200000000000000000e+01,2.298557627608458720e+00,2.286117623494050496e-03
1.200000000000000000e+01,2.302005942034049291e+00,1.491697593245181006e-03
1.200000000000000000e+01,2.305451757539699997e+00,1.344213347318562934e-03
1.200000000000000000e+01,2.308899304880597025e+00,1.195921963610526188e-03
1.200000000000000000e+01,2.312348553258873896e+00,1.059472755187798034e-03
1.200000000000000000e+01,2.315795146169584040e+00,1.212632478106250066e-03
1.200000000000000000e+01,2.319243352055508911e+00,1.099914874809567898e-03
1.200000000000000000e+01,2.322693139373734450e+00,1.014001169072049381e-03
1.200000000000000000e+01,2.326140112141752425e+00,1.162876415131931622e-03
1.200000000000000000e+01,2.329588576669208155e+00,1.135237944905308606e-03
1.200000000000000000e+01,2.333034110543464656e+00,1.120455683935559030e-03
1.200000000000000000e+01,2.336485448496548489e+00,1.149995539006359521e-03
1.200000000000000000e+01,2.339933764512273751e+00,1.345476186101428068e-03
1.200000000000000000e+01,2.343378986533309671e+00,1.266597527983463539e-03
1.200000000000000000e+01,2.346825484344305490e+00,1.235249352050146743e-03
1.200000000000000000e+01,2.350273224383027326e+00,1.298571145515580805e-03
1.200000000000000000e+01,2.353722172861167472e+00,1.075901985180318168e-03
1.200000000000000000e+01,2.357172295763969139e+00,9.148395901947281323e-04
1.200000000000000000e+01,2.360619064298897563e+00,9.101544918805044675e-04
1.200000000000000000e+01,2.364066912253343311e+00,7.857831081752276407e-04
1.200000000000000000e+01,2.367515804861286988e+00,7.550098555079334372e-04
1.200000000000000000e+01,2.370961173109878306e+00,7.761137328574585709e-04
1.200000000000000000e+01,2.374412036608912757e+00,7.349034741357825772e-04
1.200000000000000000e+01,2.377859278634326667e+00,8.575165474868485073e-04
1.200000000000000000e+01,2.381307397460132869e+00,9.238112912323111301e-04
1.200000000000000000e+01,2.384751770196041232e+00,9.486583075476574898e-04
1.200000000000000000e+01,2.388201521193179300e+00,1.018671317496460836e-03
1.200000000000000000e+01,2.391647426880533001e+00,9.796573935219867954e-04
1.200000000000000000e+01,2.395098664237783392e+00,8.432747889422567700e-04
1.200000000000000000e+01,2.398545956062328788e+00,7.610064721226695705e-04
1.200000000000000000e+01,2.401993878652857184e+00,7.571699953290883826e-04
1.200000000000000000e+01,2.405442394597158362e+00,6.774174070036016477e-04
1.200000000000000000e+01,2.408886786022795157e+00,7.822068126788572860e-04
1.200000000000000000e+01,2.412336362106710208e+00,9.116968870710698454e-04
1.200000000000000000e+01,2.415786417910278150e+00,9.489824691655733774e-04
1.200000000000000000e+01,2.419232194585697826e+00,3.698645307383174007e-03
1.200000000000000000e+01,2.422678347155437617e+00,1.172013894884889156e-02
1.200000000000000000e+01,2.426129584221891289e+00,1.290328556968292802e-02
1.200000000000000000e+01,2.429576385293707563e+00,1.769351476163258385e-02
1.200000000000000000e+01,2.433023445035121579e+00,1.874250288569672546e-02
1.200000000000000000e+01,2.436470723904829327e+00,1.893483920815529353e-02
1.200000000000000000e+01,2.439918182131624036e+00,1.946195934210481066e-02
1.200000000000000000e+01,2.443365779714331332e+00,2.037888211514472803e-02
1.200000000000000000e+01,2.446813476421755063e+00,2.224790736721890538e-02
1.200000000000000000e+01,2.450261231792639105e+00,2.556046070793289993e-02
1.200000000000000000e+01,2.453709005135639387e+00,2.986388341498509222e-02
1.200000000000000000e+01,2.457156755529312342e+00,3.452374355271194822e-02
1.200000000000000000e+01,2.460604441822116684e+00,3.952540848345976326e-02
1.200000000000000000e+01,2.464052022632424954e+00,4.403878903229908881e-02
1.200000000000000000e+01,2.467499456348555942e+00,4.746129690139064966e-02
1.200000000000000000e+01,2.470951625619067560e+00,5.054422434676079240e-02
1.200000000000000000e+01,2.474398653140896354e+00,5.210937993856433470e-02
1.200000000000000000e+01,2.477845407371735753e+00,4.944230951624619536e-02
1.200000000000000000e+01,2.481291845780071004e+00,4.278909752617963275e-02
1.200000000000000000e+01,2.484742905219031073e+00,3.941918170301971641e-02
1.200000000000000000e+01,2.488188597289541448e+00,1.670289399437926980e-02
1.200000000000000000e+01,2.491638851875302763e+00,3.394660397310021987e-03
1.200000000000000000e+01,2.495083624796248234e+00,4.198460360797887439e-03
1.200000000000000000e+01,2.498532900868154716e+00,4.688616360416518296e-03
1.200000000000000000e+01,2.501981628941128299e+00,3.668633639816186280e-03
1.200000000000000000e+01,2.505429764928409853e+00,8.212838849876485242e-03
1.200000000000000000e+01,2.508877264513888594e+00,1.999171094246125074e-02
1.200000000000000000e+01,2.512324083152320586e+00,1.787849692461256079e-02
1.200000000000000000e+01,2.515770176069546782e+00,2.147707835367487772e-02
1.200000000000000000e+01,2.519220617027636777e+00,2.081344652623957556e-02
1.200000000000000000e+01,2.522665137272860125e+00,2.047477817932642080e-02
1.200000000000000000e+01,2.526113942935153567e+00,2.165736307594419777e-02
1.200000000000000000e+01,2.529561869608954350e+00,2.420366228352040933e-02
1.200000000000000000e+01,2.533008871425249886e+00,2.770048454067118929e-02
1.200000000000000000e+01,2.536460091348755608e+00,3.193863079655069603e-02
1.200000000000000000e+01,2.539905119036357739e+00,3.590146059879981144e-02
1.200000000000000000e+01,2.543354300215602937e+00,3.913039459582644958e-02
1.200000000000000000e+01,2.546802399089612923e+00,4.139475404112085560e-02
1.200000000000000000e+01,2.550249368695818752e+00,4.288831725390379601e-02
1.200000000000000000e+01,2.553695161844585115e+00,4.401296803707940158e-02
1.200000000000000000e+01,2.557145005160321727e+00,4.571384720232541526e-02
1.200000000000000000e+01,2.560593605407676776e+00,4.653483008661928738e-02
1.200000000000000000e+01,2.564040914759595946e+00,4.312830354367040708e-02
1.200000000000000000e+01,2.567486885162802768e+00,4.587279383721298842e-02
1.200000000000000000e+01,2.570936799422715247e+00,1.403205889972544869e-02
1.200000000000000000e+01,2.574385306550782015e+00,4.288463312146673263e-03
1.200000000000000000e+01,2.577832357857054557e+00,2.601942331712515412e-03
1.200000000000000000e+01,2.581277904426420466e+00,2.599866142184900728e-03
1.200000000000000000e+01,2.584727285548704678e+00,1.769862190368719354e-03
1.200000000000000000e+01,2.588175092177919190e+00,1.255533427584503911e-03
1.200000000000000000e+01,2.591621274763594496e+00,9.360093217292312718e-04
1.200000000000000000e+01,2.595071215175571933e+00,9.392255902959810616e-04
1.200000000000000000e+01,2.598519460637897627e+00,7.223861812640044490e-04
1.200000000000000000e+01,2.601965960965542113e+00,5.279389317007631300e-04
1.200000000000000000e+01,2.605416140786058765e+00,3.742501199121623019e-04
1.200000000000000000e+01,2.608864503415107450e+00,3.315196489601107016e-04
1.200000000000000000e+01,2.612310998034201415e+00,2.449426404038471399e-04
1.200000000000000000e+01,2.615761092202567806e+00,1.865644404649333371e-04
1.200000000000000000e+01,2.619203711994529726e+00,1.384134763557002374e-04
1.200000000000000000e+01,2.622655405435940335e+00,1.321752375318650547e-04
1.200000000000000000e+01,2.626099521378967960e+00,1.200798751194404279e-04
1.200000000000000000e+01,2.629552694960589410e+00,1.102997318238770335e-04
1.200000000000000000e+01,2.632998187102616683e+00,1.019356127732942160e-04
1.200000000000000000e+01,2.636447114066393205e+00,1.184093797802785933e-04
1.200000000000000000e+01,2.639893846415254153e+00,1.274922253588408737e-04
1.200000000000000000e+01,2.643343967039275100e+00,1.363623342567584548e-04
1.200000000000000000e+01,2.646791816810129649e+00,1.384813898834926556e-04
1.200000000000000000e+01,2.650237342610351821e+00,1.502264776047460568e-04
1.200000000000000000e+01,2.653686170889210771e+00,1.815849294764632321e-04
1.200000000000000000e+01,2.657132597811020958e+00,1.874346366320492644e-04
1.200000000000000000e+01,2.660582278976152182e+00,1.829554743889206961e-04
1.200000000000000000e+01,2.664029480667215122e+00,1.878085856181748586e-04
1.200000000000000000e+01,2.667474148734945150e+00,1.939215267347707658e-04
1.200000000000000000e+01,2.670921982619566037e+00,2.183358088712312550e-04
1.200000000000000000e+01,2.674372972301618745e+00,2.038347414536948691e-04
1.200000000000000000e+01,2.677821324074959541e+00,2.031995994172452135e-04
1.200000000000000000e+01,2.681266982978278257e+00,2.150565478989457859e-04
1.200000000000000000e+01,2.684715707224760273e+00,2.390753337266885608e-04
1.200000000000000000e+01,2.688161657879166277e+00,2.628319553899018395e-04
1.200000000000000000e+01,2.691610622648888285e+00,2.414184938352551034e-04
1.200000000000000000e+01,2.695056732375022968e+00,2.939167685072032105e-04
1.200000000000000000e+01,2.698505804337753666e+00,3.690232633435608866e-04
1.200000000000000000e+01,2.701951939076299603e+00,5.942684672358162362e-04
1.200000000000000000e+01,2.705400983521141445e+00,6.436230822147051642e-04
1.200000000000000000e+01,2.708852926222422131e+00,2.286471955199606033e-03
1.200000000000000000e+01,2.712295888667945576e+00,3.903415569894174743e-03
1.200000000000000000e+01,2.715747614288411160e+00,4.294288341662531872e-03
1.200000000000000000e+01,2.719196209159163047e+00,4.418678105219600062e-03
1.200000000000000000e+01,2.722641615900502465e+00,4.523995094280535041e-03
1.200000000000000000e+01,2.726089770873740825e+00,4.539377432198341174e-03
1.200000000000000000e+01,2.729534652626857572e+00,4.583828857063334226e-03
1.200000000000000000e+01,2.732982227470418746e+00,4.615214866700157251e-03
1.200000000000000000e+01,2.736432482794700860e+00,4.642337587765522737e-03
1.200000000000000000e+01,2.739879351122726181e+00,4.637101061613219978e-03
1.200000000000000000e+01,2.743328843875850076e+00,4.694272681690461226e-03
1.200000000000000000e+01,2.746774862770038350e+00,4.675195395092150014e-03
1.200000000000000000e+01,2.750223449379463503e+00,4.402186342243615165e-03
1.200000000000000000e+01,2.753674590409778578e+00,2.551565604655634152e-03
1.200000000000000000e+01,2.757122141249363612e+00,1.211499426405884122e-03
1.200000000000000000e+01,2.760566042340017567e+00,5.671179408086753342e-04
1.200000000000000000e+01,2.764018557693985745e+00,1.998515872238136939e-03
1.200000000000000000e+01,2.767461187731447669e+00,2.159729103060302469e-03
1.200000000000000000e+01,2.770912404166737897e+00,2.124109449920431100e-03
1.200000000000000000e+01,2.774359822892734417e+00,2.117089065295937444e-03
1.200000000000000000e+01,2.777809606916736840e+00,2.151642408957677235e-03
1.200000000000000000e+01,2.781255502836574856e+00,2.207025218985974365e-03
1.200000000000000000e+01,2.784703704199829932e+00,2.263321143675010687e-03
1.200000000000000000e+01,2.788147926347539496e+00,2.388464500771851368e-03
1.200000000000000000e+01,2.791600678922760981e+00,2.526795295608918069e-03
1.200000000000000000e+01,2.795043090476260428e+00,2.632029551026133715e-03
1.200000000000000000e+01,2.798494002406115122e+00,2.755950311472620765e-03
1.200000000000000000e+01,2.801940781868234698e+00,2.613436122528034391e-03
1.200000000000000000e+01,2.805389714519748168e+00,2.011521983109491440e-03
1.200000000000000000e+01,2.808834421514795121e+00,1.562234699884511475e-03
1.200000000000000000e+01,2.812287598345081019e+00,2.762136901423452046e-03
1.200000000000000000e+01,2.815730092254171701e+00,2.943029383556227362e-03
1.200000000000000000e+01,2.819181024339006303e+00,3.148350017414799917e-03
1.200000000000000000e+01,2.822627573601432349e+00,3.271017427160363700e-03
1.200000000000000000e+01,2.826076118509744717e+00,3.452240060756880946e-03
1.200000000000000000e+01,2.829526642776947210e+00,3.617923743327719141e-03
1.200000000000000000e+01,2.832972656803320000e+00,3.792596145038884189e-03
1.200000000000000000e+01,2.836420585731449506e+00,3.934544346203375752e-03
1.200000000000000000e+01,2.839870412869007765e+00,4.010836956664203846e-03
1.200000000000000000e+01,2.843315600857695635e+00,3.971772028284241418e-03
1.200000000000000000e+01,2.846762621679029603e+00,2.543610279600577034e-03
1.200000000000000000e+01,2.850211458234488848e+00,5.193034322650984290e-04
1.200000000000000000e+01,2.853662093317443027e+00,3.083874553713312192e-04
1.200000000000000000e+01,2.857107925641209079e+00,2.064181654674327935e-04
1.200000000000000000e+01,2.860555489925645567e+00,2.092417456361585139e-04
1.200000000000000000e+01,2.864004768556617453e+00,1.860427286432273571e-04
1.200000000000000000e+01,2.867449112092238739e+00,1.509475549256367904e-04
1.200000000000000000e+01,2.870901750158041832e+00,1.231587415374308541e-04
1.200000000000000000e+01,2.874349385371875787e+00,1.124547405458433612e-04
1.200000000000000000e+01,2.877791951674792958e+00,1.007570632681248812e-04
1.200000000000000000e+01,2.881242774088754732e+00,9.315081411759639038e-05
1.200000000000000000e+01,2.884688458919366205e+00,8.736854849345518457e-05
1.200000000000000000e+01,2.888135667272326401e+00,8.184200885845172588e-05
1.200000000000000000e+01,2.891584380497048912e+00,7.958968349574355053e-05
1.200000000000000000e+01,2.895034579832586275e+00,7.685411721102844657e-05
1.200000000000000000e+01,2.898479470380316503e+00,7.626257833259243724e-05
1.200000000000000000e+01,2.901925776907095411e+00,7.642193339938774862e-05
1.200000000000000000e+01,2.905373480242120277e+00,7.775030092861277744e-05
1.200000000000000000e+01,2.908822561103622473e+00,8.121749220260120520e-05
1.200000000000000000e+01,2.912273000098660081e+00,8.740989247990439497e-05
1.200000000000000000e+01,2.915717920856395917e+00,1.006961685059745405e-04
1.200000000000000000e+01,2.919171001243166863e+00,1.282003415737577757e-04
1.200000000000000000e+01,2.922618491529225704e+00,2.113152266543040275e-04
1.200000000000000000e+01,2.926067228665903297e+00,7.233204791035386955e-04
1.200000000000000000e+01,2.929510270735431021e+00,1.169205930760650611e-03
1.200000000000000000e+01,2.932961425061571425e+00,1.282938615217156042e-03
1.200000000000000000e+01,2.936406811276298434e+00,1.365146560756007842e-03
1.200000000000000000e+01,2.939853330832565170e+00,1.427748464424797832e-03
1.200000000000000000e+01,2.943300963180315755e+00,1.474794829249753041e-03
1.200000000000000000e+01,2.946749687657017613e+00,1.504353785542955494e-03
1.200000000000000000e+01,2.950199483487491392e+00,1.511587398883163045e-03
1.200000000000000000e+01,2.953643293379428769e+00,1.484007157441317873e-03
1.200000000000000000e+01,2.957095152684269479e+00,1.375070932294282728e-03
1.200000000000000000e+01,2.960540951008748145e+00,6.712202241385369821e-04
1.200000000000000000e+01,2.963987703458273337e+00,1.202825245276286861e-04
1.200000000000000000e+01,2.967435388620835557e+00,8.509587203392434340e-05
1.200000000000000000e+01,2.970883984971168346e+00,7.667585807936653380e-05
1.200000000000000000e+01,2.974333470870613727e+00,7.320731566153431129e-05
1.200000000000000000e+01,2.977783824566972548e+00,6.795633738837388276e-05
1.200000000000000000e+01,2.981227855747897504e+00,6.410151412228020490e-05
1.200000000000000000e+01,2.984679862716122845e+00,6.145777562526376825e-05
1.200000000000000000e+01,2.988125469863089467e+00,5.198287134446990274e-05
1.200000000000000000e+01,2.991571823358956106e+00,5.289902472596093959e-05
1.200000000000000000e+01,2.995018900813596119e+00,5.418467578360597640e-05
1.200000000000000000e+01,2.998466679722951778e+00,5.323312487547354478e-05
1.200000000000000000e+01,3.001915137468924577e+00,5.449811798615222607e-05
1.200000000000000000e+01,3.005364251319263325e+00,6.600637348166377258e-05
1.200000000000000000e+01,3.008813998427458003e+00,7.610504047129136129e-05
1.200000000000000000e+01,3.012257037388338610e+00,8.476181624140832283e-05
1.200000000000000000e+01,3.015707965237110155e+00,1.797506679409305438e-04
1.200000000000000000e+01,3.019152105109111695e+00,2.664386742124364490e-04
1.200000000000000000e+01,3.022604120851319909e+00,2.775401491701009701e-04
1.200000000000000000e+01,3.026049268242209322e+00,2.888461808178124294e-04
1.200000000000000000e+01,3.029502278114438507e+00,2.999072462516828093e-04
1.200000000000000000e+01,3.032948338715878656e+00,2.988230744152019008e-04
1.200000000000000000e+01,3.036394811834639107e+00,2.980232163626285132e-04
1.200000000000000000e+01,3.039841673528437926e+00,5.087757345708810580e-04
1.200000000000000000e+01,3.043288899740312470e+00,4.309185990697394770e-04
1.200000000000000000e+01,3.046736466298560764e+00,4.566458928776021388e-04
1.200000000000000000e+01,3.050184348916684218e+00,4.796101174387122894e-04
1.200000000000000000e+01,3.053632523193331227e+00,4.809036616946907663e-04
1.200000000000000000e+01,3.057080964612250096e+00,4.875013481715709945e-04
1.200000000000000000e+01,3.060529648542242853e+00,4.956397482259961105e-04
1.200000000000000000e+01,3.063978550237123955e+00,4.502479891817158953e-04
1.200000000000000000e+01,3.067427644835680312e+00,3.337796344422853598e-04
1.200000000000000000e+01,3.070869301342692204e+00,3.106155354275740021e-04
1.200000000000000000e+01,3.074318689607980826e+00,3.195308943644461076e-04
1.200000000000000000e+01,3.077768195483054026e+00,3.252005865037411255e-04
1.200000000000000000e+01,3.081217793646421566e+00,3.152810198176466479e-04
1.200000000000000000e+01,3.084667458661439099e+00,2.935826971269302069e-04
1.200000000000000000e+01,3.088109473315589160e+00,1.388035893454276628e-04
1.200000000000000000e+01,3.091559178069081870e+00,3.814541533545212176e-05
1.200000000000000000e+01,3.095008872654115173e+00,4.117834169480738836e-05
1.200000000000000000e+01,3.098458531173472696e+00,4.107653290883231493e-05
1.300000000000000000e+01,1.991701232975213953e+00,3.873356890406381493e-05
1.300000000000000000e+01,1.995146644800939395e+00,2.105456883534684274e-05
1.300000000000000000e+01,1.998594332508543792e+00,6.799920307558660385e-05
1.300000000000000000e+01,2.002044257812201522e+00,1.156128696147081414e-04
1.300000000000000000e+01,2.005493138126538177e+00,1.086932452509665190e-04
1.300000000000000000e+01,2.008940900982242095e+00,1.491831511638785858e-04
1.300000000000000000e+01,2.012387473453392861e+00,1.902044188726757182e-04
1.300000000000000000e+01,2.015836059663349111e+00,1.977472664712758065e-04
1.300000000000000000e+01,2.019283330698162793e+00,2.003541268868850320e-04
1.300000000000000000e+01,2.022729212310859115e+00,2.196230626198051282e-04
1.300000000000000000e+01,2.026176941017666877e+00,2.994956556311110249e-04
1.300000000000000000e+01,2.029626475484230141e+00,3.323495620964623783e-04
1.300000000000000000e+01,2.033074440229836632e+00,3.579292642062405390e-04
1.300000000000000000e+01,2.036520759278852566e+00,4.344712727994511818e-04
1.300000000000000000e+01,2.039968712651890392e+00,5.084379613818467824e-04
1.300000000000000000e+01,2.043418257520000392e+00,6.103827617334569352e-04
1.300000000000000000e+01,2.046865971521828698e+00,6.191575305275460019e-04
1.300000000000000000e+01,2.050311776957185472e+00,7.530822249803228617e-04
1.300000000000000000e+01,2.053762399650157722e+00,8.056826883880670916e-04
1.300000000000000000e+01,2.057207589295852124e+00,8.158013143281071669e-04
1.300000000000000000e+01,2.060657507204084027e+00,8.931654760038018224e-04
1.300000000000000000e+01,2.064105270019382932e+00,9.104657029503350442e-04
1.300000000000000000e+01,2.067554245750138797e+00,9.129891228264339293e-04
1.300000000000000000e+01,2.071000929283012937e+00,9.155169636903608089e-04
1.300000000000000000e+01,2.074448710803403539e+00,9.333777520710467065e-04
1.300000000000000000e+01,2.077897543799790192e+00,9.333846240413204562e-04
1.300000000000000000e+01,2.081343887425238570e+00,1.023493601953570859e-03
1.300000000000000000e+01,2.084791165297932292e+00,1.004290200456425244e-03
1.300000000000000000e+01,2.088239329812072498e+00,1.122806490924151872e-03
1.300000000000000000e+01,2.091688333018982604e+00,1.318533835445586614e-03
1.300000000000000000e+01,2.095134586178464708e+00,1.380465715818009025e-03
1.300000000000000000e+01,2.098581557772516426e+00,1.527889955029603300e-03
1.300000000000000000e+01,2.102029198756936612e+00,2.006905759846309804e-03
1.300000000000000000e+01,2.105477459743749336e+00,2.878880174290842503e-03
1.300000000000000000e+01,2.108926291000885023e+00,3.509612683963236803e-03
1.300000000000000000e+01,2.112375642451898905e+00,4.447045651105884650e-03
1.300000000000000000e+01,2.115821852965775296e+00,6.193606967638416380e-03
1.300000000000000000e+01,2.119268458927962673e+00,6.177755128440297512e-03
1.300000000000000000e+01,2.122719043442534925e+00,5.363211286636296836e-03
1.300000000000000000e+01,2.126166298253410858e+00,8.581000997895861515e-03
1.300000000000000000e+01,2.129613793981704362e+00,3.117110687967385857e-02
1.300000000000000000e+01,2.133061478420649859e+00,1.086153525477819848e-01
1.300000000000000000e+01,2.136509299018463537e+00,1.022491211589800081e-01
1.300000000000000000e+01,2.139957202878268738e+00,1.535117818690849290e-01
1.300000000000000000e+01,2.143405136758036900e+00,1.482063582661633239e-01
1.300000000000000000e+01,2.146853047070562237e+00,1.379505943495897835e-01
1.300000000000000000e+01,2.150300879883457306e+00,1.382015608237309179e-01
1.300000000000000000e+01,2.153748580919182309e+00,1.543121680366409676e-01
1.300000000000000000e+01,2.157196095555092619e+00,1.869648049750270158e-01
1.300000000000000000e+01,2.160643368823523591e+00,2.389699436417521139e-01
1.300000000000000000e+01,2.164090345411897154e+00,3.150489711255896053e-01
1.300000000000000000e+01,2.167540759036654663e+00,4.202494684794874646e-01
1.300000000000000000e+01,2.170986987007442970e+00,5.410147444057901156e-01
1.300000000000000000e+01,2.174436563833112679e+00,6.284474931263559494e-01
1.300000000000000000e+01,2.177881817870748637e+00,6.337897973831859710e-01
1.300000000000000000e+01,2.181330331273712009e+00,5.733807178528353976e-01
1.300000000000000000e+01,2.184778233191368102e+00,4.933185559708260781e-01
1.300000000000000000e+01,2.188225465951995297e+00,4.225145871697121858e-01
1.300000000000000000e+01,2.191675845771210440e+00,3.704767579457659554e-01
1.300000000000000000e+01,2.195121578019079589e+00,3.347420210257282536e-01
1.300000000000000000e+01,2.198570364693557266e+00,3.108317595868462235e-01
1.300000000000000000e+01,2.202018272566464763e+00,2.908860963192139715e-01
1.300000000000000000e+01,2.205465242297680817e+00,2.639644353340804273e-01
1.300000000000000000e+01,2.208915149623194463e+00,2.247257572994835195e-01
1.300000000000000000e+01,2.212360075965002171e+00,1.872477907669021224e-01
1.300000000000000000e+01,2.215807844123076187e+00,1.654469564376054302e-01
1.300000000000000000e+01,2.219258430376216840e+00,1.566697237198716453e-01
1.300000000000000000e+01,2.222703841343263154e+00,1.554767716247856535e-01
1.300000000000000000e+01,2.226151972787215438e+00,1.594236993712072614e-01
1.300000000000000000e+01,2.229602800184150357e+00,1.631804459025366361e-01
1.300000000000000000e+01,2.233048254996186532e+00,1.558368629165778341e-01
1.300000000000000000e+01,2.236496306301955173e+00,1.314381579841970293e-01
1.300000000000000000e+01,2.239942882003202573e+00,1.029478207396524736e-01
1.300000000000000000e+01,2.243391978366607198e+00,8.248999853461086440e-02
1.300000000000000000e+01,2.246839497825367182e+00,6.917654637750857149e-02
1.300000000000000000e+01,2.250289461008770697e+00,5.894342888262604080e-02
1.300000000000000000e+01,2.253737744797115639e+00,5.024926235109649503e-02
1.300000000000000000e+01,2.257184284958505760e+00,4.262543221085026562e-02
1.300000000000000000e+01,2.260633138782280227e+00,3.731076408860976162e-02
1.300000000000000000e+01,2.264080144649337711e+00,2.053893399693010324e-02
1.300000000000000000e+01,2.267525237356025958e+00,1.194561556972820356e-02
1.300000000000000000e+01,2.270976670675578291e+00,1.554437820816035806e-02
1.300000000000000000e+01,2.274421937636212032e+00,5.181481066068238661e-02
1.300000000000000000e+01,2.277869304062661637e+00,2.156813516275828124e-01
1.300000000000000000e+01,2.281318741456848986e+00,2.423994914280040991e-01
1.300000000000000000e+01,2.284766010754516241e+00,2.715890668844589961e-01
1.300000000000000000e+01,2.288215267906648975e+00,2.304759844077801934e-01
1.300000000000000000e+01,2.291662247874864278e+00,1.800824728061809765e-01
1.300000000000000000e+01,2.295111131471099686e+00,1.362309716922175118e-01
1.300000000000000000e+01,2.298557627608458720e+00,1.055400088251112478e-01
1.300000000000000000e+01,2.302005942034049291e+00,8.577779189277946748e-02
1.300000000000000000e+01,2.305451757539699997e+00,7.716423642068893918e-02
1.300000000000000000e+01,2.308899304880597025e+00,8.015746740310555896e-02
1.300000000000000000e+01,2.312348553258873896e+00,9.027047189402499783e-02
1.300000000000000000e+01,2.315795146169584040e+00,1.005324001000654499e-01
1.300000000000000000e+01,2.319243352055508911e+00,1.087823183084133810e-01
1.300000000000000000e+01,2.322693139373734450e+00,1.164861481354075023e-01
1.300000000000000000e+01,2.326140112141752425e+00,1.251645451500095485e-01
1.300000000000000000e+01,2.329588576669208155e+00,1.361982481293480263e-01
1.300000000000000000e+01,2.333034110543464656e+00,1.482881176130805279e-01
1.300000000000000000e+01,2.336485448496548489e+00,1.590475324014522795e-01
1.300000000000000000e+01,2.339933764512273751e+00,1.643485775249168834e-01
1.300000000000000000e+01,2.343378986533309671e+00,1.594363991654573209e-01
1.300000000000000000e+01,2.346825484344305490e+00,1.424469635159631431e-01
1.300000000000000000e+01,2.350273224383027326e+00,1.164114240387402882e-01
1.300000000000000000e+01,2.353722172861167472e+00,8.896441164113266797e-02
1.300000000000000000e+01,2.357172295763969139e+00,6.470303394376518413e-02
1.300000000000000000e+01,2.360619064298897563e+00,4.648078478283670240e-02
1.300000000000000000e+01,2.364066912253343311e+00,3.460789767469980849e-02
1.300000000000000000e+01,2.367515804861286988e+00,2.806464404550317038e-02
1.300000000000000000e+01,2.370961173109878306e+00,2.578924072399272835e-02
1.300000000000000000e+01,2.374412036608912757e+00,2.482083769169806872e-02
1.300000000000000000e+01,2.377859278634326667e+00,2.972563456093311671e-02
1.300000000000000000e+01,2.381307397460132869e+00,1.265919693693666297e-02
1.300000000000000000e+01,2.384751770196041232e+00,5.081324892365649167e-03
1.300000000000000000e+01,2.388201521193179300e+00,3.611327631707244787e-03
1.300000000000000000e+01,2.391647426880533001e+00,2.776778445398770962e-03
1.300000000000000000e+01,2.395098664237783392e+00,2.118058184714605510e-03
1.300000000000000000e+01,2.398545956062328788e+00,1.588327017475782811e-03
1.300000000000000000e+01,2.401993878652857184e+00,1.319233183979031613e-03
1.300000000000000000e+01,2.405442394597158362e+00,1.225506226502949764e-03
1.300000000000000000e+01,2.408886786022795157e+00,1.094310852652006756e-03
1.300000000000000000e+01,2.412336362106710208e+00,1.021911745721306016e-03
1.300000000000000000e+01,2.415786417910278150e+00,9.915165072887036773e-04
1.300000000000000000e+01,2.419232194585697826e+00,1.099044939522633062e-03
1.300000000000000000e+01,2.422678347155437617e+00,1.208531041671230587e-03
1.300000000000000000e+01,2.426129584221891289e+00,1.468904319509379934e-03
1.300000000000000000e+01,2.429576385293707563e+00,1.651455557547580610e-03
1.300000000000000000e+01,2.433023445035121579e+00,1.784375689237032618e-03
1.300000000000000000e+01,2.436470723904829327e+00,1.885425710935964864e-03
1.300000000000000000e+01,2.439918182131624036e+00,1.768295090650524870e-03
1.300000000000000000e+01,2.443365779714331332e+00,1.723144372877804826e-03
1.300000000000000000e+01,2.446813476421755063e+00,1.787057596790535057e-03
1.300000000000000000e+01,2.450261231792639105e+00,1.653787127603492755e-03
1.300000000000000000e+01,2.453709005135639387e+00,1.671731323100279255e-03
1.300000000000000000e+01,2.457156755529312342e+00,1.797609653466373169e-03
1.300000000000000000e+01,2.460604441822116684e+00,1.746464894125598737e-03
1.300000000000000000e+01,2.464052022632424954e+00,1.781671586125000827e-03
1.300000000000000000e+01,2.467499456348555942e+00,2.285741955465276764e-03
1.300000000000000000e+01,2.470951625619067560e+00,2.428495615988376759e-03
1.300000000000000000e+01,2.474398653140896354e+00,2.294604507723311745e-03
1.300000000000000000e+01,2.477845407371735753e+00,3.450150707103042270e-03
1.300000000000000000e+01,2.481291845780071004e+00,6.318079581236262995e-03
1.300000000000000000e+01,2.484742905219031073e+00,5.783383276660893427e-03
1.300000000000000000e+01,2.488188597289541448e+00,2.664961884995391619e-02
1.300000000000000000e+01,2.491638851875302763e+00,4.196376731867281634e-02
1.300000000000000000e+01,2.495083624796248234e+00,4.699413280137171300e-02
1.300000000000000000e+01,2.498532900868154716e+00,5.543331057914695215e-02
1.300000000000000000e+01,2.501981628941128299e+00,6.499158634244138477e-02
1.300000000000000000e+01,2.505429764928409853e+00,7.258743532108599683e-02
1.300000000000000000e+01,2.508877264513888594e+00,7.619714473348927763e-02
1.300000000000000000e+01,2.512324083152320586e+00,7.496355371491703057e-02
1.300000000000000000e+01,2.515770176069546782e+00,6.841206730344086273e-02
1.300000000000000000e+01,2.519220617027636777e+00,5.840206279329075711e-02
1.300000000000000000e+01,2.522665137272860125e+00,4.780614374213454365e-02
1.300000000000000000e+01,2.526113942935153567e+00,3.828652152056274960e-02
1.300000000000000000e+01,2.529561869608954350e+00,3.087598041745518579e-02
1.300000000000000000e+01,2.533008871425249886e+00,2.552633295719713979e-02
1.300000000000000000e+01,2.536460091348755608e+00,2.147532402488795331e-02
1.300000000000000000e+01,2.539905119036357739e+00,1.853198520775889771e-02
1.300000000000000000e+01,2.543354300215602937e+00,1.617455405006632679e-02
1.300000000000000000e+01,2.546802399089612923e+00,1.426618386133260939e-02
1.300000000000000000e+01,2.550249368695818752e+00,1.166072471446285772e-02
1.300000000000000000e+01,2.553695161844585115e+00,4.723030818948477198e-03
1.300000000000000000e+01,2.557145005160321727e+00,2.368154235884058732e-03
1.300000000000000000e+01,2.560593605407676776e+00,4.009526137048156913e-03
1.300000000000000000e+01,2.564040914759595946e+00,1.099297199020804472e-02
1.300000000000000000e+01,2.567486885162802768e+00,1.236930551992694235e-02
1.300000000000000000e+01,2.570936799422715247e+00,4.860988313227632140e-02
1.300000000000000000e+01,2.574385306550782015e+00,6.245121541959944983e-02
1.300000000000000000e+01,2.577832357857054557e+00,6.725526754364237469e-02
1.300000000000000000e+01,2.581277904426420466e+00,6.946176398446599065e-02
1.300000000000000000e+01,2.584727285548704678e+00,7.190702067114070062e-02
1.300000000000000000e+01,2.588175092177919190e+00,7.305442523437225000e-02
1.300000000000000000e+01,2.591621274763594496e+00,7.268732458110820083e-02
1.300000000000000000e+01,2.595071215175571933e+00,7.028843987123128967e-02
1.300000000000000000e+01,2.598519460637897627e+00,6.598855982783004281e-02
1.300000000000000000e+01,2.601965960965542113e+00,5.981484892850815610e-02
1.300000000000000000e+01,2.605416140786058765e+00,5.239455871412343479e-02
1.300000000000000000e+01,2.608864503415107450e+00,4.522179890767679539e-02
1.300000000000000000e+01,2.612310998034201415e+00,3.815064694926658534e-02
1.300000000000000000e+01,2.615761092202567806e+00,3.196746742750977005e-02
1.300000000000000000e+01,2.619203711994529726e+00,2.415065262084460304e-02
1.300000000000000000e+01,2.622655405435940335e+00,6.359056509183394316e-03
1.300000000000000000e+01,2.626099521378967960e+00,1.589291623624284212e-03
1.300000000000000000e+01,2.629552694960589410e+00,1.629526783798804137e-03
1.300000000000000000e+01,2.632998187102616683e+00,1.014195960875458264e-03
1.300000000000000000e+01,2.636447114066393205e+00,7.425029550536417760e-04
1.300000000000000000e+01,2.639893846415254153e+00,5.545092087260467678e-04
1.300000000000000000e+01,2.643343967039275100e+00,4.866931971949137290e-04
1.300000000000000000e+01,2.646791816810129649e+00,4.526331991523274158e-04
1.300000000000000000e+01,2.650237342610351821e+00,4.044929382155919165e-04
1.300000000000000000e+01,2.653686170889210771e+00,4.488465074085971592e-04
1.300000000000000000e+01,2.657132597811020958e+00,4.209761205155154165e-04
1.300000000000000000e+01,2.660582278976152182e+00,3.941336007756144938e-04
1.300000000000000000e+01,2.664029480667215122e+00,3.598168161724085191e-04
1.300000000000000000e+01,2.667474148734945150e+00,3.354685121210134098e-04
1.300000000000000000e+01,2.670921982619566037e+00,3.005784446216017104e-04
1.300000000000000000e+01,2.674372972301618745e+00,2.689806256795682581e-04
1.300000000000000000e+01,2.677821324074959541e+00,2.861739137440477373e-04
1.300000000000000000e+01,2.681266982978278257e+00,2.629466575202031196e-04
1.300000000000000000e+01,2.684715707224760273e+00,2.291148458991590570e-04
1.300000000000000000e+01,2.688161657879166277e+00,2.102196715071949159e-04
1.300000000000000000e+01,2.691610622648888285e+00,1.992414323294821763e-04
1.300000000000000000e+01,2.695056732375022968e+00,1.941924331704758479e-04
1.300000000000000000e+01,2.698505804337753666e+00,1.865136628457456525e-04
1.300000000000000000e+01,2.701951939076299603e+00,1.643870347779752554e-04
1.300000000000000000e+01,2.705400983521141445e+00,1.783290748245816093e-04
1.300000000000000000e+01,2.708852926222422131e+00,1.724584324539896727e-04
1.300000000000000000e+01,2.712295888667945576e+00,1.641617693960374571e-04
1.300000000000000000e+01,2.715747614288411160e+00,1.651855268300179904e-04
1.300000000000000000e+01,2.719196209159163047e+00,1.656669115139128474e-04
1.300000000000000000e+01,2.722641615900502465e+00,1.475427441662773920e-04
1.300000000000000000e+01,2.726089770873740825e+00,1.501180053667033128e-04
1.300000000000000000e+01,2.729534652626857572e+00,1.530996295695649298e-04
1.300000000000000000e+01,2.732982227470418746e+00,1.605633441658463898e-04
1.300000000000000000e+01,2.736432482794700860e+00,1.863780890814089534e-04
1.300000000000000000e+01,2.739879351122726181e+00,2.318079473453767852e-04
1.300000000000000000e+01,2.743328843875850076e+00,2.114879669241425092e-04
1.300000000000000000e+01,2.746774862770038350e+00,2.898980697539073163e-04
1.300000000000000000e+01,2.750223449379463503e+00,6.055052227322101684e-04
1.300000000000000000e+01,2.753674590409778578e+00,2.484863877511841318e-03
1.300000000000000000e+01,2.757122141249363612e+00,4.402368239050628504e-03
1.300000000000000000e+01,2.760566042340017567e+00,4.578935128785781641e-03
1.300000000000000000e+01,2.764018557693985745e+00,4.438516721814831853e-03
1.300000000000000000e+01,2.767461187731447669e+00,4.378380416185537714e-03
1.300000000000000000e+01,2.770912404166737897e+00,4.232292134938017703e-03
1.300000000000000000e+01,2.774359822892734417e+00,4.102609742251521648e-03
1.300000000000000000e+01,2.777809606916736840e+00,3.917851684113422134e-03
1.300000000000000000e+01,2.781255502836574856e+00,3.699374532479414359e-03
1.300000000000000000e+01,2.784703704199829932e+00,3.369487110695726893e-03
1.300000000000000000e+01,2.788147926347539496e+00,1.772507530112640405e-03
1.300000000000000000e+01,2.791600678922760981e+00,3.686463126011772914e-04
1.300000000000000000e+01,2.795043090476260428e+00,2.439636535448854002e-04
1.300000000000000000e+01,2.798494002406115122e+00,1.927645117007612170e-04
1.300000000000000000e+01,2.801940781868234698e+00,4.456468615523761622e-04
1.300000000000000000e+01,2.805389714519748168e+00,2.162782170127643989e-03
1.300000000000000000e+01,2.808834421514795121e+00,2.580667942436473076e-03
1.300000000000000000e+01,2.812287598345081019e+00,2.663156417370629667e-03
1.300000000000000000e+01,2.815730092254171701e+00,2.722039778579094741e-03
1.300000000000000000e+01,2.819181024339006303e+00,2.729122679307941120e-03
1.300000000000000000e+01,2.822627573601432349e+00,2.787177304736218521e-03
1.300000000000000000e+01,2.826076118509744717e+00,2.830620779109254814e-03
1.300000000000000000e+01,2.829526642776947210e+00,2.917650626643018656e-03
1.300000000000000000e+01,2.832972656803320000e+00,2.535557577580457335e-03
1.300000000000000000e+01,2.836420585731449506e+00,6.791174370617602879e-04
1.300000000000000000e+01,2.839870412869007765e+00,5.065437981626175201e-04
1.300000000000000000e+01,2.843315600857695635e+00,5.963744339828589737e-04
1.300000000000000000e+01,2.846762621679029603e+00,2.105078651753806117e-03
1.300000000000000000e+01,2.850211458234488848e+00,4.116257691732923447e-03
1.300000000000000000e+01,2.853662093317443027e+00,4.288532389732420229e-03
1.300000000000000000e+01,2.857107925641209079e+00,4.264201488498271797e-03
1.300000000000000000e+01,2.860555489925645567e+00,4.087045581699011963e-03
1.300000000000000000e+01,2.864004768556617453e+00,3.898325340586249969e-03
1.300000000000000000e+01,2.867449112092238739e+00,3.651484740044230737e-03
1.300000000000000000e+01,2.870901750158041832e+00,3.299558253672448677e-03
1.300000000000000000e+01,2.874349385371875787e+00,1.868311243143984000e-03
1.300000000000000000e+01,2.877791951674792958e+00,4.171461591060512172e-04
1.300000000000000000e+01,2.881242774088754732e+00,1.937597754972349498e-04
1.300000000000000000e+01,2.884688458919366205e+00,1.241920156173614820e-04
1.300000000000000000e+01,2.888135667272326401e+00,1.022545982312740755e-04
1.300000000000000000e+01,2.891584380497048912e+00,8.377827875491808407e-05
1.300000000000000000e+01,2.895034579832586275e+00,7.634878961616472538e-05
1.300000000000000000e+01,2.898479470380316503e+00,6.816233444287014235e-05
1.300000000000000000e+01,2.901925776907095411e+00,6.240550589069993287e-05
1.300000000000000000e+01,2.905373480242120277e+00,6.372587894323730176e-05
1.300000000000000000e+01,2.908822561103622473e+00,5.858979949748245001e-05
1.300000000000000000e+01,2.912273000098660081e+00,5.864572300858279802e-05
1.300000000000000000e+01,2.915717920856395917e+00,4.657522010640833334e-05
1.300000000000000000e+01,2.919171001243166863e+00,5.350826526008034317e-05
1.300000000000000000e+01,2.922618491529225704e+00,4.805296024668677146e-05
1.300000000000000000e+01,2.926067228665903297e+00,5.047354316902125191e-05
1.300000000000000000e+01,2.929510270735431021e+00,5.720700608333026724e-05
1.300000000000000000e+01,2.932961425061571425e+00,5.378980805300229362e-05
1.300000000000000000e+01,2.936406811276298434e+00,5.991582883994946461e-05
1.300000000000000000e+01,2.939853330832565170e+00,6.293036761241587243e-05
1.300000000000000000e+01,2.943300963180315755e+00,6.889706908806293565e-05
1.300000000000000000e+01,2.946749687657017613e+00,7.655603228840345410e-05
1.300000000000000000e+01,2.950199483487491392e+00,8.775554855684376408e-05
1.300000000000000000e+01,2.953643293379428769e+00,1.271086621486890861e-04
1.300000000000000000e+01,2.957095152684269479e+00,2.186770608458737161e-04
1.300000000000000000e+01,2.960540951008748145e+00,8.795578516863538157e-04
1.300000000000000000e+01,2.963987703458273337e+00,1.383962029304216254e-03
1.300000000000000000e+01,2.967435388620835557e+00,1.356108759126497740e-03
1.300000000000000000e+01,2.970883984971168346e+00,1.279773496429056825e-03
1.300000000000000000e+01,2.974333470870613727e+00,1.159965926527791987e-03
1.300000000000000000e+01,2.977783824566972548e+00,6.107693177795290836e-04
1.300000000000000000e+01,2.981227855747897504e+00,7.293424005571773902e-05
1.300000000000000000e+01,2.984679862716122845e+00,5.270412690146678123e-05
1.300000000000000000e+01,2.988125469863089467e+00,5.006666210681337775e-05
1.300000000000000000e+01,2.991571823358956106e+00,4.370913606141038654e-05
1.300000000000000000e+01,2.995018900813596119e+00,3.926738248204231701e-05
1.300000000000000000e+01,2.998466679722951778e+00,3.943216504447076380e-05
1.300000000000000000e+01,3.001915137468924577e+00,3.087972903239368525e-05
1.300000000000000000e+01,3.005364251319263325e+00,3.054862151741726374e-05
1.300000000000000000e+01,3.008813998427458003e+00,3.048428244443556460e-05
1.300000000000000000e+01,3.012257037388338610e+00,3.071476253377383297e-05
1.300000000000000000e+01,3.015707965237110155e+00,3.731898511172214677e-05
1.300000000000000000e+01,3.019152105109111695e+00,3.643533772959686506e-05
1.300000000000000000e+01,3.022604120851319909e+00,3.297546448853615024e-05
1.300000000000000000e+01,3.026049268242209322e+00,3.382800219517253295e-05
1.300000000000000000e+01,3.029502278114438507e+00,3.565248481112431444e-05
1.300000000000000000e+01,3.032948338715878656e+00,4.080060219076536119e-05
1.300000000000000000e+01,3.036394811834639107e+00,5.237532191684691107e-05
1.300000000000000000e+01,3.039841673528437926e+00,5.454327925616213584e-05
1.300000000000000000e+01,3.043288899740312470e+00,2.993850739587790365e-04
1.300000000000000000e+01,3.046736466298560764e+00,3.060677767603401126e-04
1.300000000000000000e+01,3.050184348916684218e+00,2.865394885609848425e-04
1.300000000000000000e+01,3.053632523193331227e+00,1.372148999892405807e-04
1.300000000000000000e+01,3.057080964612250096e+00,4.622925068470211656e-05
1.300000000000000000e+01,3.060529648542242853e+00,5.183785730351536734e-05
1.300000000000000000e+01,3.063978550237123955e+00,2.403624458025472080e-04
1.300000000000000000e+01,3.067427644835680312e+00,4.370559261072792931e-04
1.300000000000000000e+01,3.070869301342692204e+00,4.789250843695547991e-04
1.300000000000000000e+01,3.074318689607980826e+00,4.760188925707550811e-04
1.300000000000000000e+01,3.077768195483054026e+00,6.026638677405995895e-05
1.300000000000000000e+01,3.081217793646421566e+00,5.110951445658221479e-05
1.300000000000000000e+01,3.084667458661439099e+00,7.258251055664824598e-05
1.300000000000000000e+01,3.088109473315589160e+00,2.253649790267225179e-04
1.300000000000000000e+01,3.091559178069081870e+00,3.288738335037747146e-04
1.300000000000000000e+01,3.095008872654115173e+00,2.861234045170189463e-04
1.300000000000000000e+01,3.098458531173472696e+00,1.174654781524312651e-04
1.400000000000000000e+01,2.219258430376216840e+00,4.994111196659960315e-04
1.400000000000000000e+01,2.222703841343263154e+00,5.191809301646147651e-04
1.400000000000000000e+01,2.226151972787215438e+00,5.382007383559567421e-04
1.400000000000000000e+01,2.229602800184150357e+00,6.041889139197998337e-04
1.400000000000000000e+01,2.233048254996186532e+00,5.182951377005729464e-04
1.400000000000000000e+01,2.236496306301955173e+00,5.927225420127035533e-04
1.400000000000000000e+01,2.239942882003202573e+00,8.183782115853737099e-04
1.400000000000000000e+01,2.243391978366607198e+00,8.852600845931455492e-04
1.400000000000000000e+01,2.246839497825367182e+00,1.064520417327337407e-03
1.400000000000000000e+01,2.250289461008770697e+00,1.388769051099298388e-03
1.400000000000000000e+01,2.253737744797115639e+00,1.394611803606361821e-03
1.400000000000000000e+01,2.257184284958505760e+00,2.192548681817640000e-03
1.400000000000000000e+01,2.260633138782280227e+00,2.935071873230784591e-03
1.400000000000000000e+01,2.264080144649337711e+00,1.908468598016313175e-02
1.400000000000000000e+01,2.267525237356025958e+00,3.283346669466200712e-02
1.400000000000000000e+01,2.270976670675578291e+00,3.768352500250030102e-02
1.400000000000000000e+01,2.274421937636212032e+00,5.005995962449181352e-02
1.400000000000000000e+01,2.277869304062661637e+00,7.140931416700861678e-02
1.400000000000000000e+01,2.281318741456848986e+00,9.770751057504732662e-02
1.400000000000000000e+01,2.284766010754516241e+00,1.203718191264600557e-01
1.400000000000000000e+01,2.288215267906648975e+00,1.316276930241370713e-01
1.400000000000000000e+01,2.291662247874864278e+00,1.329488859814390300e-01
1.400000000000000000e+01,2.295111131471099686e+00,1.290809915439652122e-01
1.400000000000000000e+01,2.298557627608458720e+00,1.239563539941981596e-01
1.400000000000000000e+01,2.302005942034049291e+00,1.194519687220768345e-01
1.400000000000000000e+01,2.305451757539699997e+00,1.163215441970554681e-01
1.400000000000000000e+01,2.308899304880597025e+00,1.141930493871827212e-01
1.400000000000000000e+01,2.312348553258873896e+00,1.122601207933234396e-01
1.400000000000000000e+01,2.315795146169584040e+00,1.115038476750074559e-01
1.400000000000000000e+01,2.319243352055508911e+00,1.086478646111294910e-01
1.400000000000000000e+01,2.322693139373734450e+00,5.354812116062514227e-02
1.400000000000000000e+01,2.326140112141752425e+00,1.083869857630439214e-02
1.400000000000000000e+01,2.329588576669208155e+00,1.037093702032827053e-02
1.400000000000000000e+01,2.333034110543464656e+00,7.368804207272631850e-03
1.400000000000000000e+01,2.336485448496548489e+00,7.078805564522314825e-03
1.400000000000000000e+01,2.339933764512273751e+00,7.462864804377781006e-03
1.400000000000000000e+01,2.343378986533309671e+00,7.186031015791930973e-03
1.400000000000000000e+01,2.346825484344305490e+00,7.570264128622758437e-03
1.400000000000000000e+01,2.350273224383027326e+00,6.894621087874855045e-03
1.400000000000000000e+01,2.353722172861167472e+00,6.624120994886546245e-03
1.400000000000000000e+01,2.357172295763969139e+00,5.955243750813439020e-03
1.400000000000000000e+01,2.360619064298897563e+00,5.301476712028666341e-03
1.400000000000000000e+01,2.364066912253343311e+00,4.894736710959530189e-03
1.400000000000000000e+01,2.367515804861286988e+00,4.808291707529717234e-03
1.400000000000000000e+01,2.370961173109878306e+00,5.327840312062108279e-03
1.400000000000000000e+01,2.374412036608912757e+00,9.168504637936482349e-03
1.400000000000000000e+01,2.377859278634326667e+00,1.165555936854365329e-02
1.400000000000000000e+01,2.381307397460132869e+00,3.911857467161276858e-02
1.400000000000000000e+01,2.384751770196041232e+00,5.773596746016162323e-02
1.400000000000000000e+01,2.388201521193179300e+00,6.521412016632489872e-02
1.400000000000000000e+01,2.391647426880533001e+00,6.445808094118132825e-02
1.400000000000000000e+01,2.395098664237783392e+00,5.839925419100248233e-02
1.400000000000000000e+01,2.398545956062328788e+00,5.109472512757226581e-02
1.400000000000000000e+01,2.401993878652857184e+00,4.550776576655983507e-02
1.400000000000000000e+01,2.405442394597158362e+00,4.288709266346055898e-02
1.400000000000000000e+01,2.408886786022795157e+00,4.414088600835363446e-02
1.400000000000000000e+01,2.412336362106710208e+00,4.976197620688369710e-02
1.400000000000000000e+01,2.415786417910278150e+00,6.099799033294510398e-02
1.400000000000000000e+01,2.419232194585697826e+00,7.849969884551788457e-02
1.400000000000000000e+01,2.422678347155437617e+00,1.039061967001380371e-01
1.400000000000000000e+01,2.426129584221891289e+00,1.368179791392542533e-01
1.400000000000000000e+01,2.429576385293707563e+00,1.725246972258162315e-01
1.400000000000000000e+01,2.433023445035121579e+00,1.814731765896284432e-01
1.400000000000000000e+01,2.436470723904829327e+00,6.805894511589329066e-02
1.400000000000000000e+01,2.439918182131624036e+00,2.028680513440547090e-02
1.400000000000000000e+01,2.443365779714331332e+00,2.079974821557374967e-02
1.400000000000000000e+01,2.446813476421755063e+00,1.121580973753970138e-02
1.400000000000000000e+01,2.450261231792639105e+00,8.194260500168333919e-03
1.400000000000000000e+01,2.453709005135639387e+00,5.808543659796785129e-03
1.400000000000000000e+01,2.457156755529312342e+00,4.361581641304923887e-03
1.400000000000000000e+01,2.460604441822116684e+00,3.470671592878008232e-03
1.400000000000000000e+01,2.464052022632424954e+00,2.862903917831614506e-03
1.400000000000000000e+01,2.467499456348555942e+00,2.575076884837792374e-03
1.400000000000000000e+01,2.470951625619067560e+00,1.989856094960464755e-03
1.400000000000000000e+01,2.474398653140896354e+00,1.711451117096412329e-03
1.400000000000000000e+01,2.477845407371735753e+00,1.464970264446748254e-03
1.400000000000000000e+01,2.481291845780071004e+00,1.416533431082918262e-03
1.400000000000000000e+01,2.484742905219031073e+00,1.382453190343164041e-03
1.400000000000000000e+01,2.488188597289541448e+00,1.491367249035473620e-03
1.400000000000000000e+01,2.491638851875302763e+00,1.480662635831697617e-03
1.400000000000000000e+01,2.495083624796248234e+00,1.565611501666104230e-03
1.400000000000000000e+01,2.498532900868154716e+00,1.527408687490100286e-03
1.400000000000000000e+01,2.501981628941128299e+00,1.563280614673984679e-03
1.400000000000000000e+01,2.505429764928409853e+00,1.456723878457641093e-03
1.400000000000000000e+01,2.508877264513888594e+00,1.562748235639473517e-03
1.400000000000000000e+01,2.512324083152320586e+00,1.501322777822031423e-03
1.400000000000000000e+01,2.515770176069546782e+00,1.577304775155794229e-03
1.400000000000000000e+01,2.519220617027636777e+00,1.415205131962728180e-03
1.400000000000000000e+01,2.522665137272860125e+00,1.210951468964693292e-03
1.400000000000000000e+01,2.526113942935153567e+00,1.255865276268102034e-03
1.400000000000000000e+01,2.529561869608954350e+00,1.280865988249953831e-03
1.400000000000000000e+01,2.533008871425249886e+00,1.231896993439143134e-03
1.400000000000000000e+01,2.536460091348755608e+00,1.419320465388718405e-03
1.400000000000000000e+01,2.539905119036357739e+00,1.358561015883870708e-03
1.400000000000000000e+01,2.543354300215602937e+00,1.240990528711296073e-03
1.400000000000000000e+01,2.546802399089612923e+00,1.517688976844033723e-03
1.400000000000000000e+01,2.550249368695818752e+00,3.222142848398948205e-03
1.400000000000000000e+01,2.553695161844585115e+00,1.020638226088841326e-02
1.400000000000000000e+01,2.557145005160321727e+00,1.301002265160857221e-02
1.400000000000000000e+01,2.560593605407676776e+00,1.440689190495205232e-02
1.400000000000000000e+01,2.564040914759595946e+00,1.652797087379462293e-02
1.400000000000000000e+01,2.567486885162802768e+00,1.973960727311240698e-02
1.400000000000000000e+01,2.570936799422715247e+00,2.364772970986103034e-02
1.400000000000000000e+01,2.574385306550782015e+00,2.784125865372136244e-02
1.400000000000000000e+01,2.577832357857054557e+00,3.222206858000933177e-02
1.400000000000000000e+01,2.581277904426420466e+00,3.623477953157443199e-02
1.400000000000000000e+01,2.584727285548704678e+00,4.017433497418236577e-02
1.400000000000000000e+01,2.588175092177919190e+00,4.491806204137246267e-02
1.400000000000000000e+01,2.591621274763594496e+00,5.008732045596612364e-02
1.400000000000000000e+01,2.595071215175571933e+00,5.555942281088887408e-02
1.400000000000000000e+01,2.598519460637897627e+00,6.049381147597164554e-02
1.400000000000000000e+01,2.601965960965542113e+00,6.088776663066695904e-02
1.400000000000000000e+01,2.605416140786058765e+00,6.189571489119401193e-02
1.400000000000000000e+01,2.608864503415107450e+00,2.145904969926369990e-02
1.400000000000000000e+01,2.612310998034201415e+00,4.931444450034091695e-03
1.400000000000000000e+01,2.615761092202567806e+00,4.876980408334131642e-03
1.400000000000000000e+01,2.619203711994529726e+00,8.379537480237172348e-03
1.400000000000000000e+01,2.622655405435940335e+00,2.388700724485189053e-02
1.400000000000000000e+01,2.626099521378967960e+00,2.829855564729866907e-02
1.400000000000000000e+01,2.629552694960589410e+00,2.925100869851665619e-02
1.400000000000000000e+01,2.632998187102616683e+00,3.148852853954395986e-02
1.400000000000000000e+01,2.636447114066393205e+00,3.414628096381562561e-02
1.400000000000000000e+01,2.639893846415254153e+00,3.713568221480444825e-02
1.400000000000000000e+01,2.643343967039275100e+00,4.020676684056970207e-02
1.400000000000000000e+01,2.646791816810129649e+00,4.334092831064372681e-02
1.400000000000000000e+01,2.650237342610351821e+00,4.638048774044189332e-02
1.400000000000000000e+01,2.653686170889210771e+00,4.894742453498854284e-02
1.400000000000000000e+01,2.657132597811020958e+00,5.163754703390970036e-02
1.400000000000000000e+01,2.660582278976152182e+00,5.349129157678828017e-02
1.400000000000000000e+01,2.664029480667215122e+00,5.489926787378343609e-02
1.400000000000000000e+01,2.667474148734945150e+00,5.487431511792385808e-02
1.400000000000000000e+01,2.670921982619566037e+00,4.851931256490278621e-02
1.400000000000000000e+01,2.674372972301618745e+00,1.472553350361090890e-02
1.400000000000000000e+01,2.677821324074959541e+00,3.928734978992091953e-03
1.400000000000000000e+01,2.681266982978278257e+00,2.277325582037450537e-03
1.400000000000000000e+01,2.684715707224760273e+00,1.529823693939333113e-03
1.400000000000000000e+01,2.688161657879166277e+00,1.501173967875171029e-03
1.400000000000000000e+01,2.691610622648888285e+00,1.055800490752459688e-03
1.400000000000000000e+01,2.695056732375022968e+00,8.116492683254128947e-04
1.400000000000000000e+01,2.698505804337753666e+00,6.825521464055991309e-04
1.400000000000000000e+01,2.701951939076299603e+00,5.518986005194001510e-04
1.400000000000000000e+01,2.705400983521141445e+00,4.463588280022110096e-04
1.400000000000000000e+01,2.708852926222422131e+00,3.851445418537209880e-04
1.400000000000000000e+01,2.712295888667945576e+00,3.308584672535628906e-04
1.400000000000000000e+01,2.715747614288411160e+00,2.873139797983489323e-04
1.400000000000000000e+01,2.719196209159163047e+00,2.595026147327032144e-04
1.400000000000000000e+01,2.722641615900502465e+00,2.312762279493898456e-04
1.400000000000000000e+01,2.726089770873740825e+00,2.320924961408385499e-04
1.400000000000000000e+01,2.729534652626857572e+00,2.062239668527869672e-04
1.400000000000000000e+01,2.732982227470418746e+00,1.868845437614275221e-04
1.400000000000000000e+01,2.736432482794700860e+00,1.545617343377482153e-04
1.400000000000000000e+01,2.739879351122726181e+00,1.425308053266103356e-04
1.400000000000000000e+01,2.743328843875850076e+00,1.359716357062534288e-04
1.400000000000000000e+01,2.746774862770038350e+00,1.313357527418908483e-04
1.400000000000000000e+01,2.750223449379463503e+00,1.371222056426785510e-04
1.400000000000000000e+01,2.753674590409778578e+00,1.445475697018281356e-04
1.400000000000000000e+01,2.757122141249363612e+00,1.559850790355772957e-04
1.400000000000000000e+01,2.760566042340017567e+00,1.696056367860622211e-04
1.400000000000000000e+01,2.764018557693985745e+00,1.857383744426829581e-04
1.400000000000000000e+01,2.767461187731447669e+00,2.053245053527940906e-04
1.400000000000000000e+01,2.770912404166737897e+00,2.314594610476653446e-04
1.400000000000000000e+01,2.774359822892734417e+00,2.318013430118842893e-04
1.400000000000000000e+01,2.777809606916736840e+00,2.683522003742904783e-04
1.400000000000000000e+01,2.781255502836574856e+00,3.585806223972327097e-04
1.400000000000000000e+01,2.784703704199829932e+00,5.931250180475061001e-04
1.400000000000000000e+01,2.788147926347539496e+00,2.136193211943259590e-03
1.400000000000000000e+01,2.791600678922760981e+00,3.520109206062395444e-03
1.400000000000000000e+01,2.795043090476260428e+00,3.699783319385582542e-03
1.400000000000000000e+01,2.798494002406115122e+00,3.870325543726951464e-03
1.400000000000000000e+01,2.801940781868234698e+00,4.044740008272832733e-03
1.400000000000000000e+01,2.805389714519748168e+00,4.240373109194261678e-03
1.400000000000000000e+01,2.808834421514795121e+00,4.451873533416347839e-03
1.400000000000000000e+01,2.812287598345081019e+00,4.679720761113089281e-03
1.400000000000000000e+01,2.815730092254171701e+00,4.890804355176038218e-03
1.400000000000000000e+01,2.819181024339006303e+00,5.050721866927788441e-03
1.400000000000000000e+01,2.822627573601432349e+00,5.143566314289724911e-03
1.400000000000000000e+01,2.826076118509744717e+00,4.992326260362783472e-03
1.400000000000000000e+01,2.829526642776947210e+00,2.949326418231100738e-03
1.400000000000000000e+01,2.832972656803320000e+00,1.139423782773860139e-03
1.400000000000000000e+01,2.836420585731449506e+00,2.835199887309699726e-03
1.400000000000000000e+01,2.839870412869007765e+00,2.997162142764473684e-03
1.400000000000000000e+01,2.843315600857695635e+00,3.039716795287798323e-03
1.400000000000000000e+01,2.846762621679029603e+00,3.024187317747022066e-03
1.400000000000000000e+01,2.850211458234488848e+00,3.061734705232879456e-03
1.400000000000000000e+01,2.853662093317443027e+00,3.057736325127444199e-03
1.400000000000000000e+01,2.857107925641209079e+00,3.092724574900851571e-03
1.400000000000000000e+01,2.860555489925645567e+00,3.120108392090173606e-03
1.400000000000000000e+01,2.864004768556617453e+00,3.157221768771775391e-03
1.400000000000000000e+01,2.867449112092238739e+00,3.216287869485611513e-03
1.400000000000000000e+01,2.870901750158041832e+00,3.129752486065414882e-03
1.400000000000000000e+01,2.874349385371875787e+00,2.442149256532051040e-03
1.400000000000000000e+01,2.877791951674792958e+00,3.277469371459698806e-03
1.400000000000000000e+01,2.881242774088754732e+00,3.318213115411066966e-03
1.400000000000000000e+01,2.884688458919366205e+00,3.298137638771427276e-03
1.400000000000000000e+01,2.888135667272326401e+00,3.250998784314697559e-03
1.400000000000000000e+01,2.891584380497048912e+00,3.269197492079447664e-03
1.400000000000000000e+01,2.895034579832586275e+00,3.281040141741829903e-03
1.400000000000000000e+01,2.898479470380316503e+00,3.322463381540786704e-03
1.400000000000000000e+01,2.901925776907095411e+00,3.354262118892887071e-03
1.400000000000000000e+01,2.905373480242120277e+00,3.332627143953068981e-03
1.400000000000000000e+01,2.908822561103622473e+00,3.302792575183569751e-03
1.400000000000000000e+01,2.912273000098660081e+00,2.123371003404078434e-03
1.400000000000000000e+01,2.915717920856395917e+00,5.000807359674895028e-04
1.400000000000000000e+01,2.919171001243166863e+00,2.717760204605943137e-04
1.400000000000000000e+01,2.922618491529225704e+00,1.616836918086524415e-04
1.400000000000000000e+01,2.926067228665903297e+00,1.409547663815407408e-04
1.400000000000000000e+01,2.929510270735431021e+00,1.285183206477134236e-04
1.400000000000000000e+01,2.932961425061571425e+00,1.269836966634809458e-04
1.400000000000000000e+01,2.936406811276298434e+00,1.176450711021548062e-04
1.400000000000000000e+01,2.939853330832565170e+00,1.198584407950004929e-04
1.400000000000000000e+01,2.943300963180315755e+00,1.134954821202583178e-04
1.400000000000000000e+01,2.946749687657017613e+00,1.159974602469419517e-04
1.400000000000000000e+01,2.950199483487491392e+00,1.162674025958597836e-04
1.400000000000000000e+01,2.953643293379428769e+00,1.071867431893388595e-04
1.400000000000000000e+01,2.957095152684269479e+00,1.134205155154484123e-04
1.400000000000000000e+01,2.960540951008748145e+00,1.147331142282496355e-04
1.400000000000000000e+01,2.963987703458273337e+00,1.227913437705621712e-04
1.400000000000000000e+01,2.967435388620835557e+00,1.282559462401584914e-04
1.400000000000000000e+01,2.970883984971168346e+00,1.639903508255087603e-04
1.400000000000000000e+01,2.974333470870613727e+00,2.274231647321903259e-04
1.400000000000000000e+01,2.977783824566972548e+00,7.347811669476533988e-04
1.400000000000000000e+01,2.981227855747897504e+00,1.234628892473338922e-03
1.400000000000000000e+01,2.984679862716122845e+00,1.237712400980329423e-03
1.400000000000000000e+01,2.988125469863089467e+00,1.232763874680909083e-03
1.400000000000000000e+01,2.991571823358956106e+00,1.232090446006723012e-03
1.400000000000000000e+01,2.995018900813596119e+00,1.248379573414103291e-03
1.400000000000000000e+01,2.998466679722951778e+00,1.269338529276495958e-03
1.400000000000000000e+01,3.001915137468924577e+00,1.290500905872891003e-03
1.400000000000000000e+01,3.005364251319263325e+00,1.249059709235265849e-03
1.400000000000000000e+01,3.008813998427458003e+00,6.438949392858304283e-04
1.400000000000000000e+01,3.012257037388338610e+00,1.163458283687159863e-04
1.400000000000000000e+01,3.015707965237110155e+00,9.339214111064243393e-05
1.400000000000000000e+01,3.019152105109111695e+00,8.139749065739717866e-05
1.400000000000000000e+01,3.022604120851319909e+00,8.465269821539751522e-05
1.400000000000000000e+01,3.026049268242209322e+00,6.871207968449980473e-05
1.400000000000000000e+01,3.029502278114438507e+00,6.702623968822657408e-05
1.400000000000000000e+01,3.032948338715878656e+00,7.155328740284067307e-05
1.400000000000000000e+01,3.036394811834639107e+00,6.576682339050015746e-05
1.400000000000000000e+01,3.039841673528437926e+00,6.496931659297172201e-05
1.400000000000000000e+01,3.043288899740312470e+00,6.936228328271212525e-05
1.400000000000000000e+01,3.046736466298560764e+00,7.208412855627253002e-05
1.400000000000000000e+01,3.050184348916684218e+00,9.070683152458835661e-05
1.400000000000000000e+01,3.053632523193331227e+00,2.394581870435535617e-04
1.400000000000000000e+01,3.057080964612250096e+00,3.348063950237339850e-04
1.400000000000000000e+01,3.060529648542242853e+00,3.532999072530716126e-04
1.400000000000000000e+01,3.063978550237123955e+00,3.559819731832117025e-04
1.400000000000000000e+01,3.067427644835680312e+00,3.583332133424393224e-04
1.400000000000000000e+01,3.070869301342692204e+00,3.689064004155567312e-04
1.400000000000000000e+01,3.074318689607980826e+00,3.800867689889919697e-04
1.400000000000000000e+01,3.077768195483054026e+00,6.910933056478840014e-04
1.400000000000000000e+01,3.081217793646421566e+00,5.602007809722955780e-04
1.400000000000000000e+01,3.084667458661439099e+00,5.827260870585956746e-04
1.400000000000000000e+01,3.088109473315589160e+00,6.096006994049708600e-04
1.400000000000000000e+01,3.091559178069081870e+00,6.362770793911597502e-04
1.400000000000000000e+01,3.095008872654115173e+00,6.921100531532053740e-04
1.400000000000000000e+01,3.098458531173472696e+00,8.727552370475422008e-04
1.500000000000000000e+01,2.219258430376216840e+00,4.708675252916517864e-05
1.500000000000000000e+01,2.226151972787215438e+00,3.896541152212895203e-05
1.500000000000000000e+01,2.229602800184150357e+00,5.678479620656894154e-05
1.500000000000000000e+01,2.233048254996186532e+00,1.048532684503362136e-04
1.500000000000000000e+01,2.236496306301955173e+00,1.347350277125560218e-04
1.500000000000000000e+01,2.239942882003202573e+00,1.866158364473703528e-04
1.500000000000000000e+01,2.243391978366607198e+00,3.104691953815149610e-04
1.500000000000000000e+01,2.246839497825367182e+00,4.233346881962216177e-04
1.500000000000000000e+01,2.250289461008770697e+00,4.732969500801848298e-04
1.500000000000000000e+01,2.253737744797115639e+00,5.999263859003519045e-04
1.500000000000000000e+01,2.257184284958505760e+00,6.764407232499527068e-04
1.500000000000000000e+01,2.260633138782280227e+00,8.411099763609556669e-04
1.500000000000000000e+01,2.264080144649337711e+00,8.885476438745614717e-04
1.500000000000000000e+01,2.267525237356025958e+00,9.854345176593200164e-04
1.500000000000000000e+01,2.270976670675578291e+00,1.219086962566770949e-03
1.500000000000000000e+01,2.274421937636212032e+00,1.339009323318619653e-03
1.500000000000000000e+01,2.277869304062661637e+00,1.577523425190537239e-03
1.500000000000000000e+01,2.281318741456848986e+00,1.733093097939025383e-03
1.500000000000000000e+01,2.284766010754516241e+00,1.931103813246353926e-03
1.500000000000000000e+01,2.288215267906648975e+00,2.123188719518235169e-03
1.500000000000000000e+01,2.291662247874864278e+00,2.173982184433218782e-03
1.500000000000000000e+01,2.295111131471099686e+00,2.387916491375967169e-03
1.500000000000000000e+01,2.298557627608458720e+00,2.325939856470416248e-03
1.500000000000000000e+01,2.302005942034049291e+00,2.553126552795439812e-03
1.500000000000000000e+01,2.305451757539699997e+00,2.849526518030372733e-03
1.500000000000000000e+01,2.308899304880597025e+00,3.448359780580978994e-03
1.500000000000000000e+01,2.312348553258873896e+00,4.624502302244086482e-03
1.500000000000000000e+01,2.315795146169584040e+00,6.532419600938412993e-03
1.500000000000000000e+01,2.319243352055508911e+00,1.549519030220025857e-02
1.500000000000000000e+01,2.322693139373734450e+00,8.369857170247668732e-02
1.500000000000000000e+01,2.326140112141752425e+00,1.494076490991357309e-01
1.500000000000000000e+01,2.329588576669208155e+00,1.842869794910480807e-01
1.500000000000000000e+01,2.333034110543464656e+00,2.353312233768589945e-01
1.500000000000000000e+01,2.336485448496548489e+00,2.986912348625546110e-01
1.500000000000000000e+01,2.339933764512273751e+00,3.728978607174032733e-01
1.500000000000000000e+01,2.343378986533309671e+00,4.489045802507146132e-01
1.500000000000000000e+01,2.346825484344305490e+00,5.078067156095937840e-01
1.500000000000000000e+01,2.350273224383027326e+00,5.384609188017474013e-01
1.500000000000000000e+01,2.353722172861167472e+00,5.372457607715075412e-01
1.500000000000000000e+01,2.357172295763969139e+00,5.171221808983456070e-01
1.500000000000000000e+01,2.360619064298897563e+00,4.922498123769823430e-01
1.500000000000000000e+01,2.364066912253343311e+00,4.704085843422651791e-01
1.500000000000000000e+01,2.367515804861286988e+00,4.533691365229362003e-01
1.500000000000000000e+01,2.370961173109878306e+00,4.394600300258459380e-01
1.500000000000000000e+01,2.374412036608912757e+00,4.283572594107391551e-01
1.500000000000000000e+01,2.377859278634326667e+00,4.189731542096443717e-01
1.500000000000000000e+01,2.381307397460132869e+00,4.077025930127175513e-01
1.500000000000000000e+01,2.384751770196041232e+00,3.870854070628289567e-01
1.500000000000000000e+01,2.388201521193179300e+00,3.541187225519373816e-01
1.500000000000000000e+01,2.391647426880533001e+00,3.136439147187013998e-01
1.500000000000000000e+01,2.395098664237783392e+00,2.760688401682757087e-01
1.500000000000000000e+01,2.398545956062328788e+00,2.476543655774191555e-01
1.500000000000000000e+01,2.401993878652857184e+00,2.284069218430318793e-01
1.500000000000000000e+01,2.405442394597158362e+00,2.164391662913938419e-01
1.500000000000000000e+01,2.408886786022795157e+00,2.092459354693694262e-01
1.500000000000000000e+01,2.412336362106710208e+00,2.053959511104470614e-01
1.500000000000000000e+01,2.415786417910278150e+00,2.028254503220826843e-01
1.500000000000000000e+01,2.419232194585697826e+00,2.013837405428416660e-01
1.500000000000000000e+01,2.422678347155437617e+00,2.000783394097942480e-01
1.500000000000000000e+01,2.426129584221891289e+00,1.987472803106380415e-01
1.500000000000000000e+01,2.429576385293707563e+00,1.993044972671156323e-01
1.500000000000000000e+01,2.433023445035121579e+00,2.280133931663430036e-01
1.500000000000000000e+01,2.436470723904829327e+00,3.683938362334331362e-01
1.500000000000000000e+01,2.439918182131624036e+00,4.237827938149725249e-01
1.500000000000000000e+01,2.443365779714331332e+00,3.415686528329811011e-01
1.500000000000000000e+01,2.446813476421755063e+00,2.882703562184438240e-01
1.500000000000000000e+01,2.450261231792639105e+00,2.816754462006571536e-01
1.500000000000000000e+01,2.453709005135639387e+00,2.715564154656902041e-01
1.500000000000000000e+01,2.457156755529312342e+00,2.627743779504763677e-01
1.500000000000000000e+01,2.460604441822116684e+00,2.484328512973192626e-01
1.500000000000000000e+01,2.464052022632424954e+00,2.267555048019177788e-01
1.500000000000000000e+01,2.467499456348555942e+00,1.990739509262653140e-01
1.500000000000000000e+01,2.470951625619067560e+00,1.738454105030012575e-01
1.500000000000000000e+01,2.474398653140896354e+00,1.573446508378660569e-01
1.500000000000000000e+01,2.477845407371735753e+00,1.533541298484326076e-01
1.500000000000000000e+01,2.481291845780071004e+00,1.614884638420203411e-01
1.500000000000000000e+01,2.484742905219031073e+00,1.780188984363311189e-01
1.500000000000000000e+01,2.488188597289541448e+00,1.967907503543809555e-01
1.500000000000000000e+01,2.491638851875302763e+00,2.114788757751365766e-01
1.500000000000000000e+01,2.495083624796248234e+00,2.156807406120440640e-01
1.500000000000000000e+01,2.498532900868154716e+00,2.067608452571275679e-01
1.500000000000000000e+01,2.501981628941128299e+00,1.870649587378051260e-01
1.500000000000000000e+01,2.505429764928409853e+00,1.617417264644258057e-01
1.500000000000000000e+01,2.508877264513888594e+00,1.357164506912280910e-01
1.500000000000000000e+01,2.512324083152320586e+00,1.129136115047317396e-01
1.500000000000000000e+01,2.515770176069546782e+00,9.428450977481472872e-02
1.500000000000000000e+01,2.519220617027636777e+00,7.972392377742966441e-02
1.500000000000000000e+01,2.522665137272860125e+00,6.907488114173082616e-02
1.500000000000000000e+01,2.526113942935153567e+00,6.219090486162023868e-02
1.500000000000000000e+01,2.529561869608954350e+00,5.736458365961149414e-02
1.500000000000000000e+01,2.533008871425249886e+00,4.803744729526433777e-02
1.500000000000000000e+01,2.536460091348755608e+00,1.525397957290429256e-02
1.500000000000000000e+01,2.539905119036357739e+00,5.097040643187463957e-03
1.500000000000000000e+01,2.543354300215602937e+00,3.412476671922079832e-03
1.500000000000000000e+01,2.546802399089612923e+00,2.726659994860877040e-03
1.500000000000000000e+01,2.550249368695818752e+00,1.950833658840021943e-03
1.500000000000000000e+01,2.553695161844585115e+00,1.748993577387558673e-03
1.500000000000000000e+01,2.557145005160321727e+00,1.685711423529509100e-03
1.500000000000000000e+01,2.560593605407676776e+00,1.662457118000154133e-03
1.500000000000000000e+01,2.564040914759595946e+00,1.753644566706775206e-03
1.500000000000000000e+01,2.567486885162802768e+00,1.904115938263079922e-03
1.500000000000000000e+01,2.570936799422715247e+00,2.059076964515579346e-03
1.500000000000000000e+01,2.574385306550782015e+00,2.243492191224768367e-03
1.500000000000000000e+01,2.577832357857054557e+00,2.273998429266616775e-03
1.500000000000000000e+01,2.581277904426420466e+00,2.515210683476121548e-03
1.500000000000000000e+01,2.584727285548704678e+00,2.694069689824545900e-03
1.500000000000000000e+01,2.588175092177919190e+00,2.807518510867301753e-03
1.500000000000000000e+01,2.591621274763594496e+00,3.384525118936541378e-03
1.500000000000000000e+01,2.595071215175571933e+00,4.189401985826452304e-03
1.500000000000000000e+01,2.598519460637897627e+00,5.132996765191319942e-03
1.500000000000000000e+01,2.601965960965542113e+00,9.089004987549368156e-03
1.500000000000000000e+01,2.605416140786058765e+00,9.899757728795682138e-03
1.500000000000000000e+01,2.608864503415107450e+00,4.902432805797089788e-02
1.500000000000000000e+01,2.612310998034201415e+00,6.348143765220796986e-02
1.500000000000000000e+01,2.615761092202567806e+00,6.169961881529611308e-02
1.500000000000000000e+01,2.619203711994529726e+00,6.049851600343319341e-02
1.500000000000000000e+01,2.622655405435940335e+00,6.042501931765102002e-02
1.500000000000000000e+01,2.626099521378967960e+00,6.141733058601266809e-02
1.500000000000000000e+01,2.629552694960589410e+00,6.336401780762151992e-02
1.500000000000000000e+01,2.632998187102616683e+00,6.553692281545925313e-02
1.500000000000000000e+01,2.636447114066393205e+00,6.633527493695591526e-02
1.500000000000000000e+01,2.639893846415254153e+00,6.519509485560139039e-02
1.500000000000000000e+01,2.643343967039275100e+00,6.188783832953915348e-02
1.500000000000000000e+01,2.646791816810129649e+00,5.719433182890764494e-02
1.500000000000000000e+01,2.650237342610351821e+00,5.159394907318765044e-02
1.500000000000000000e+01,2.653686170889210771e+00,4.603936517689396352e-02
1.500000000000000000e+01,2.657132597811020958e+00,4.069800944144452010e-02
1.500000000000000000e+01,2.660582278976152182e+00,3.621296456846054279e-02
1.500000000000000000e+01,2.664029480667215122e+00,3.300478473129430518e-02
1.500000000000000000e+01,2.667474148734945150e+00,3.092971414179673459e-02
1.500000000000000000e+01,2.670921982619566037e+00,3.218032586254976346e-02
1.500000000000000000e+01,2.674372972301618745e+00,4.973630375624081557e-02
1.500000000000000000e+01,2.677821324074959541e+00,5.680473468915246682e-02
1.500000000000000000e+01,2.681266982978278257e+00,5.677809354122541341e-02
1.500000000000000000e+01,2.684715707224760273e+00,5.581858038726938975e-02
1.500000000000000000e+01,2.688161657879166277e+00,5.463502411943924053e-02
1.500000000000000000e+01,2.691610622648888285e+00,5.450008225839182707e-02
1.500000000000000000e+01,2.695056732375022968e+00,5.460966070532236039e-02
1.500000000000000000e+01,2.698505804337753666e+00,5.454512762645635782e-02
1.500000000000000000e+01,2.701951939076299603e+00,5.417203375586657904e-02
1.500000000000000000e+01,2.705400983521141445e+00,5.310976733928818305e-02
1.500000000000000000e+01,2.708852926222422131e+00,5.135743337402282060e-02
1.500000000000000000e+01,2.712295888667945576e+00,4.912635563463788047e-02
1.500000000000000000e+01,2.715747614288411160e+00,4.657194326174336069e-02
1.500000000000000000e+01,2.719196209159163047e+00,4.398137226295296964e-02
1.500000000000000000e+01,2.722641615900502465e+00,4.059666199190122005e-02
1.500000000000000000e+01,2.726089770873740825e+00,3.263814013407621839e-02
1.500000000000000000e+01,2.729534652626857572e+00,1.093404407003630875e-02
1.500000000000000000e+01,2.732982227470418746e+00,2.483580356197905795e-03
1.500000000000000000e+01,2.736432482794700860e+00,1.205982863860123166e-03
1.500000000000000000e+01,2.739879351122726181e+00,8.092786916128074694e-04
1.500000000000000000e+01,2.743328843875850076e+00,5.615637158424705358e-04
1.500000000000000000e+01,2.746774862770038350e+00,4.515120671782361147e-04
1.500000000000000000e+01,2.750223449379463503e+00,3.931373069870702590e-04
1.500000000000000000e+01,2.753674590409778578e+00,3.547705881477899309e-04
1.500000000000000000e+01,2.757122141249363612e+00,3.433894519823278008e-04
1.500000000000000000e+01,2.760566042340017567e+00,3.317436886782320206e-04
1.500000000000000000e+01,2.764018557693985745e+00,3.215320693339358067e-04
1.500000000000000000e+01,2.767461187731447669e+00,3.112112134361189704e-04
1.500000000000000000e+01,2.770912404166737897e+00,3.035556519012232732e-04
1.500000000000000000e+01,2.774359822892734417e+00,2.377431686031334930e-04
1.500000000000000000e+01,2.777809606916736840e+00,2.352791427989668464e-04
1.500000000000000000e+01,2.781255502836574856e+00,2.220204429055209800e-04
1.500000000000000000e+01,2.784703704199829932e+00,2.134471436507248243e-04
1.500000000000000000e+01,2.788147926347539496e+00,2.089088214128770609e-04
1.500000000000000000e+01,2.791600678922760981e+00,1.985177315268239220e-04
1.500000000000000000e+01,2.795043090476260428e+00,1.938205954455919601e-04
1.500000000000000000e+01,2.798494002406115122e+00,1.905798474319644377e-04
1.500000000000000000e+01,2.801940781868234698e+00,1.874551531636309753e-04
1.500000000000000000e+01,2.805389714519748168e+00,1.901672489813235520e-04
1.500000000000000000e+01,2.808834421514795121e+00,1.997310566994950365e-04
1.500000000000000000e+01,2.812287598345081019e+00,2.150775156120475116e-04
1.500000000000000000e+01,2.815730092254171701e+00,2.416883845129039871e-04
1.500000000000000000e+01,2.819181024339006303e+00,2.925021516715262354e-04
1.500000000000000000e+01,2.822627573601432349e+00,3.927162991912039151e-04
1.500000000000000000e+01,2.826076118509744717e+00,6.827410524708067262e-04
1.500000000000000000e+01,2.829526642776947210e+00,2.827341025045117164e-03
1.500000000000000000e+01,2.832972656803320000e+00,5.155722836621105462e-03
1.500000000000000000e+01,2.836420585731449506e+00,5.457057840862409616e-03
1.500000000000000000e+01,2.839870412869007765e+00,5.619856754427761912e-03
1.500000000000000000e+01,2.843315600857695635e+00,5.644781016956974644e-03
1.500000000000000000e+01,2.846762621679029603e+00,5.564721534282584224e-03
1.500000000000000000e+01,2.850211458234488848e+00,5.377299228786796247e-03
1.500000000000000000e+01,2.853662093317443027e+00,5.115256343281030654e-03
1.500000000000000000e+01,2.857107925641209079e+00,4.791924657170041832e-03
1.500000000000000000e+01,2.860555489925645567e+00,4.423233598828413445e-03
1.500000000000000000e+01,2.864004768556617453e+00,3.916195291607675426e-03
1.500000000000000000e+01,2.867449112092238739e+00,2.032918458004608075e-03
1.500000000000000000e+01,2.870901750158041832e+00,9.507662518466943481e-04
1.500000000000000000e+01,2.874349385371875787e+00,2.516748989349725050e-03
1.500000000000000000e+01,2.877791951674792958e+00,2.913832823575461181e-03
1.500000000000000000e+01,2.881242774088754732e+00,2.958169904056947869e-03
1.500000000000000000e+01,2.884688458919366205e+00,2.947727184961263566e-03
1.500000000000000000e+01,2.888135667272326401e+00,2.972026343822223738e-03
1.500000000000000000e+01,2.891584380497048912e+00,2.947536532348256789e-03
1.500000000000000000e+01,2.895034579832586275e+00,2.944132911416698969e-03
1.500000000000000000e+01,2.898479470380316503e+00,2.924453520109221785e-03
1.500000000000000000e+01,2.901925776907095411e+00,2.904599324512977150e-03
1.500000000000000000e+01,2.905373480242120277e+00,9.684277160637779370e-04
1.500000000000000000e+01,2.908822561103622473e+00,5.912338165917474910e-04
1.500000000000000000e+01,2.912273000098660081e+00,1.771506747322732075e-03
1.500000000000000000e+01,2.915717920856395917e+00,3.485510591682865721e-03
1.500000000000000000e+01,2.919171001243166863e+00,3.771918214728827573e-03
1.500000000000000000e+01,2.922618491529225704e+00,3.986572316880875565e-03
1.500000000000000000e+01,2.926067228665903297e+00,4.024146010516305855e-03
1.500000000000000000e+01,2.929510270735431021e+00,4.084477978732858200e-03
1.500000000000000000e+01,2.932961425061571425e+00,4.048562528373144190e-03
1.500000000000000000e+01,2.936406811276298434e+00,3.924835373284903638e-03
1.500000000000000000e+01,2.939853330832565170e+00,2.300234031124510047e-03
1.500000000000000000e+01,2.943300963180315755e+00,5.128963436369467959e-04
1.500000000000000000e+01,2.946749687657017613e+00,2.747709652241660293e-04
1.500000000000000000e+01,2.950199483487491392e+00,1.792917135701433914e-04
1.500000000000000000e+01,2.953643293379428769e+00,1.254817394374021372e-04
1.500000000000000000e+01,2.957095152684269479e+00,1.065387241756592877e-04
1.500000000000000000e+01,2.960540951008748145e+00,1.130083453299697110e-04
1.500000000000000000e+01,2.963987703458273337e+00,8.785577998773038755e-05
1.500000000000000000e+01,2.967435388620835557e+00,8.240664481276712902e-05
1.500000000000000000e+01,2.970883984971168346e+00,7.551299951950172964e-05
1.500000000000000000e+01,2.974333470870613727e+00,8.320202550173831527e-05
1.500000000000000000e+01,2.977783824566972548e+00,7.174720535620043101e-05
1.500000000000000000e+01,2.981227855747897504e+00,6.843563358162671603e-05
1.500000000000000000e+01,2.984679862716122845e+00,6.795931387462983691e-05
1.500000000000000000e+01,2.988125469863089467e+00,7.048632523898497055e-05
1.500000000000000000e+01,2.991571823358956106e+00,7.697670698669207927e-05
1.500000000000000000e+01,2.995018900813596119e+00,8.033882596644277227e-05
1.500000000000000000e+01,2.998466679722951778e+00,9.357374497609820545e-05
1.500000000000000000e+01,3.001915137468924577e+00,1.273358968590487914e-04
1.500000000000000000e+01,3.005364251319263325e+00,2.067080581106264456e-04
1.500000000000000000e+01,3.008813998427458003e+00,8.651442483621436591e-04
1.500000000000000000e+01,3.012257037388338610e+00,1.438025426331767959e-03
1.500000000000000000e+01,3.015707965237110155e+00,1.507529716586796052e-03
1.500000000000000000e+01,3.019152105109111695e+00,1.526589896302633529e-03
1.500000000000000000e+01,3.022604120851319909e+00,1.519961121277365983e-03
1.500000000000000000e+01,3.026049268242209322e+00,1.455950061649828597e-03
1.500000000000000000e+01,3.029502278114438507e+00,1.716024713338923542e-04
1.500000000000000000e+01,3.032948338715878656e+00,1.050204876739029361e-04
1.500000000000000000e+01,3.036394811834639107e+00,6.412587779573381897e-05
1.500000000000000000e+01,3.039841673528437926e+00,5.545467658708468572e-05
1.500000000000000000e+01,3.043288899740312470e+00,5.050335761386824039e-05
1.500000000000000000e+01,3.046736466298560764e+00,4.516142588278088794e-05
1.500000000000000000e+01,3.050184348916684218e+00,3.955660600904201211e-05
1.500000000000000000e+01,3.053632523193331227e+00,4.172944996710802751e-05
1.500000000000000000e+01,3.057080964612250096e+00,3.373652509989247218e-05
1.500000000000000000e+01,3.060529648542242853e+00,4.451501858248606448e-05
1.500000000000000000e+01,3.063978550237123955e+00,3.577714797942209825e-05
1.500000000000000000e+01,3.067427644835680312e+00,4.773174933488679811e-05
1.500000000000000000e+01,3.070869301342692204e+00,4.953957667787770654e-05
1.500000000000000000e+01,3.074318689607980826e+00,6.101021312134071177e-05
1.500000000000000000e+01,3.077768195483054026e+00,1.922321986123187558e-04
1.500000000000000000e+01,3.081217793646421566e+00,3.704799386242832795e-04
1.500000000000000000e+01,3.084667458661439099e+00,3.959348475323432102e-04
1.500000000000000000e+01,3.088109473315589160e+00,3.896618971899050194e-04
1.500000000000000000e+01,3.091559178069081870e+00,3.906542329877033936e-04
1.500000000000000000e+01,3.095008872654115173e+00,8.261988909716706754e-05
1.500000000000000000e+01,3.098458531173472696e+00,6.374097954523739952e-05
1.600000000000000000e+01,2.419232194585697826e+00,1.982656461628669060e-03
1.600000000000000000e+01,2.422678347155437617e+00,2.441829633300706542e-03
1.600000000000000000e+01,2.426129584221891289e+00,2.828834523375955111e-03
1.600000000000000000e+01,2.429576385293707563e+00,4.585038763363191716e-03
1.600000000000000000e+01,2.433023445035121579e+00,5.146599457137648014e-03
1.600000000000000000e+01,2.436470723904829327e+00,8.870830456282631157e-03
1.600000000000000000e+01,2.439918182131624036e+00,2.007919234473925715e-02
1.600000000000000000e+01,2.443365779714331332e+00,1.084555729474142860e-01
1.600000000000000000e+01,2.446813476421755063e+00,1.694598388813794987e-01
1.600000000000000000e+01,2.450261231792639105e+00,1.712032344646445270e-01
1.600000000000000000e+01,2.453709005135639387e+00,1.704117534982958759e-01
1.600000000000000000e+01,2.457156755529312342e+00,1.597209370450727306e-01
1.600000000000000000e+01,2.460604441822116684e+00,1.436701068940938741e-01
1.600000000000000000e+01,2.464052022632424954e+00,1.252398899819521239e-01
1.600000000000000000e+01,2.467499456348555942e+00,1.105374185651166463e-01
1.600000000000000000e+01,2.470951625619067560e+00,1.032316368246575661e-01
1.600000000000000000e+01,2.474398653140896354e+00,1.057503287446804191e-01
1.600000000000000000e+01,2.477845407371735753e+00,1.174770921876093499e-01
1.600000000000000000e+01,2.481291845780071004e+00,1.372798922930041354e-01
1.600000000000000000e+01,2.484742905219031073e+00,1.637426283696875040e-01
1.600000000000000000e+01,2.488188597289541448e+00,1.983562585281764823e-01
1.600000000000000000e+01,2.491638851875302763e+00,1.380661311848058181e-01
1.600000000000000000e+01,2.495083624796248234e+00,2.814977541293067764e-02
1.600000000000000000e+01,2.498532900868154716e+00,1.093272516663850238e-02
1.600000000000000000e+01,2.501981628941128299e+00,1.057712769080160903e-02
1.600000000000000000e+01,2.505429764928409853e+00,8.702484865343213666e-03
1.600000000000000000e+01,2.508877264513888594e+00,8.085121224864707384e-03
1.600000000000000000e+01,2.512324083152320586e+00,7.831386223119976564e-03
1.600000000000000000e+01,2.515770176069546782e+00,6.860327734278805559e-03
1.600000000000000000e+01,2.519220617027636777e+00,6.906007947559230330e-03
1.600000000000000000e+01,2.522665137272860125e+00,6.664820374837369596e-03
1.600000000000000000e+01,2.526113942935153567e+00,6.831417055489044134e-03
1.600000000000000000e+01,2.529561869608954350e+00,7.805836147612476954e-03
1.600000000000000000e+01,2.533008871425249886e+00,1.625498476324148747e-02
1.600000000000000000e+01,2.536460091348755608e+00,4.854641752715573022e-02
1.600000000000000000e+01,2.539905119036357739e+00,5.782978688183104676e-02
1.600000000000000000e+01,2.543354300215602937e+00,5.824573808995497926e-02
1.600000000000000000e+01,2.546802399089612923e+00,5.789298467480127885e-02
1.600000000000000000e+01,2.550249368695818752e+00,5.942420002964353409e-02
1.600000000000000000e+01,2.553695161844585115e+00,6.282755812400049600e-02
1.600000000000000000e+01,2.557145005160321727e+00,7.043975722696904640e-02
1.600000000000000000e+01,2.560593605407676776e+00,8.308212040653815966e-02
1.600000000000000000e+01,2.564040914759595946e+00,1.017621337896525424e-01
1.600000000000000000e+01,2.567486885162802768e+00,1.266610539885629494e-01
1.600000000000000000e+01,2.570936799422715247e+00,1.565163567438090653e-01
1.600000000000000000e+01,2.574385306550782015e+00,1.879075873321569279e-01
1.600000000000000000e+01,2.577832357857054557e+00,2.126521823323938021e-01
1.600000000000000000e+01,2.581277904426420466e+00,1.992257078639735057e-01
1.600000000000000000e+01,2.584727285548704678e+00,7.568875164982415138e-02
1.600000000000000000e+01,2.588175092177919190e+00,1.147794240648387573e-02
1.600000000000000000e+01,2.591621274763594496e+00,8.690451261571016661e-03
1.600000000000000000e+01,2.595071215175571933e+00,6.564446508669958408e-03
1.600000000000000000e+01,2.598519460637897627e+00,5.244561315956164892e-03
1.600000000000000000e+01,2.601965960965542113e+00,4.546302231519011756e-03
1.600000000000000000e+01,2.605416140786058765e+00,3.849786838157382481e-03
1.600000000000000000e+01,2.608864503415107450e+00,3.366536052451090614e-03
1.600000000000000000e+01,2.612310998034201415e+00,2.982528669198813466e-03
1.600000000000000000e+01,2.615761092202567806e+00,2.683300469654551369e-03
1.600000000000000000e+01,2.619203711994529726e+00,2.443817559431411823e-03
1.600000000000000000e+01,2.622655405435940335e+00,2.181789480625313804e-03
1.600000000000000000e+01,2.626099521378967960e+00,2.030682441343488031e-03
1.600000000000000000e+01,2.629552694960589410e+00,1.723886422673350958e-03
1.600000000000000000e+01,2.632998187102616683e+00,1.695834180735494292e-03
1.600000000000000000e+01,2.636447114066393205e+00,1.723982439710860810e-03
1.600000000000000000e+01,2.639893846415254153e+00,1.627115394982488498e-03
1.600000000000000000e+01,2.643343967039275100e+00,1.677182920561596288e-03
1.600000000000000000e+01,2.646791816810129649e+00,1.572185918962681591e-03
1.600000000000000000e+01,2.650237342610351821e+00,1.631188611880542757e-03
1.600000000000000000e+01,2.653686170889210771e+00,1.743580299654742642e-03
1.600000000000000000e+01,2.657132597811020958e+00,1.659964294055144268e-03
1.600000000000000000e+01,2.660582278976152182e+00,1.935241668397841936e-03
1.600000000000000000e+01,2.664029480667215122e+00,1.894459964470462509e-03
1.600000000000000000e+01,2.667474148734945150e+00,2.588824455268440988e-03
1.600000000000000000e+01,2.670921982619566037e+00,6.560121164911640254e-03
1.600000000000000000e+01,2.674372972301618745e+00,2.154416855727599861e-02
1.600000000000000000e+01,2.677821324074959541e+00,2.384762666332678610e-02
1.600000000000000000e+01,2.681266982978278257e+00,2.392469272469389258e-02
1.600000000000000000e+01,2.684715707224760273e+00,2.464987275247170623e-02
1.600000000000000000e+01,2.688161657879166277e+00,2.585286634254199689e-02
1.600000000000000000e+01,2.691610622648888285e+00,2.780169011207966889e-02
1.600000000000000000e+01,2.695056732375022968e+00,3.063424110598367972e-02
1.600000000000000000e+01,2.698505804337753666e+00,3.421127453484711090e-02
1.600000000000000000e+01,2.701951939076299603e+00,3.822328844326323971e-02
1.600000000000000000e+01,2.705400983521141445e+00,4.214782617808260357e-02
1.600000000000000000e+01,2.708852926222422131e+00,4.579710134599044441e-02
1.600000000000000000e+01,2.712295888667945576e+00,4.840600092033759544e-02
1.600000000000000000e+01,2.715747614288411160e+00,4.552132718790900812e-02
1.600000000000000000e+01,2.719196209159163047e+00,1.804856455740556226e-02
1.600000000000000000e+01,2.722641615900502465e+00,5.849472318849285174e-03
1.600000000000000000e+01,2.726089770873740825e+00,1.080666280977903883e-02
1.600000000000000000e+01,2.729534652626857572e+00,3.007187908122645886e-02
1.600000000000000000e+01,2.732982227470418746e+00,3.629363689854950281e-02
1.600000000000000000e+01,2.736432482794700860e+00,3.560869866277698026e-02
1.600000000000000000e+01,2.739879351122726181e+00,3.484409730549647283e-02
1.600000000000000000e+01,2.743328843875850076e+00,3.457682313418893039e-02
1.600000000000000000e+01,2.746774862770038350e+00,3.505076573189408462e-02
1.600000000000000000e+01,2.750223449379463503e+00,3.639050892278827137e-02
1.600000000000000000e+01,2.753674590409778578e+00,3.853979814586918490e-02
1.600000000000000000e+01,2.757122141249363612e+00,4.121369931537290782e-02
1.600000000000000000e+01,2.760566042340017567e+00,4.408932906251942369e-02
1.600000000000000000e+01,2.764018557693985745e+00,4.674698210848028668e-02
1.600000000000000000e+01,2.767461187731447669e+00,4.800684899730145450e-02
1.600000000000000000e+01,2.770912404166737897e+00,3.990681330316542957e-02
1.600000000000000000e+01,2.774359822892734417e+00,1.311792249184980975e-02
1.600000000000000000e+01,2.777809606916736840e+00,3.658428008338740316e-03
1.600000000000000000e+01,2.781255502836574856e+00,2.098814361648632110e-03
1.600000000000000000e+01,2.784703704199829932e+00,1.067696385121551976e-03
1.600000000000000000e+01,2.788147926347539496e+00,8.358857899130163688e-04
1.600000000000000000e+01,2.791600678922760981e+00,6.891374948570327778e-04
1.600000000000000000e+01,2.795043090476260428e+00,5.468984044133172679e-04
1.600000000000000000e+01,2.798494002406115122e+00,4.608390721018949809e-04
1.600000000000000000e+01,2.801940781868234698e+00,3.935005986083735057e-04
1.600000000000000000e+01,2.805389714519748168e+00,3.335743556270538484e-04
1.600000000000000000e+01,2.808834421514795121e+00,2.946213585296020678e-04
1.600000000000000000e+01,2.812287598345081019e+00,2.672430793032206362e-04
1.600000000000000000e+01,2.815730092254171701e+00,2.425098650895747554e-04
1.600000000000000000e+01,2.819181024339006303e+00,2.272179363369277686e-04
1.600000000000000000e+01,2.822627573601432349e+00,2.168747949947610865e-04
1.600000000000000000e+01,2.826076118509744717e+00,2.068144023768493038e-04
1.600000000000000000e+01,2.829526642776947210e+00,1.836911315118690627e-04
1.600000000000000000e+01,2.832972656803320000e+00,1.919460645397160143e-04
1.600000000000000000e+01,2.836420585731449506e+00,1.900047744000074362e-04
1.600000000000000000e+01,2.839870412869007765e+00,1.947806241955841924e-04
1.600000000000000000e+01,2.843315600857695635e+00,1.953257807727884000e-04
1.600000000000000000e+01,2.846762621679029603e+00,2.041609082133232021e-04
1.600000000000000000e+01,2.850211458234488848e+00,2.141031695433927187e-04
1.600000000000000000e+01,2.853662093317443027e+00,2.361830233154076542e-04
1.600000000000000000e+01,2.857107925641209079e+00,2.790465689946731802e-04
1.600000000000000000e+01,2.860555489925645567e+00,3.477116280454716998e-04
1.600000000000000000e+01,2.864004768556617453e+00,5.869830544154568553e-04
1.600000000000000000e+01,2.867449112092238739e+00,2.272951846792001154e-03
1.600000000000000000e+01,2.870901750158041832e+00,3.442382768809829074e-03
1.600000000000000000e+01,2.874349385371875787e+00,3.720163681355461056e-03
1.600000000000000000e+01,2.877791951674792958e+00,3.753285682227210790e-03
1.600000000000000000e+01,2.881242774088754732e+00,3.790420695281293984e-03
1.600000000000000000e+01,2.884688458919366205e+00,3.879395520949789275e-03
1.600000000000000000e+01,2.888135667272326401e+00,3.975463211111207769e-03
1.600000000000000000e+01,2.891584380497048912e+00,4.061336919222265605e-03
1.600000000000000000e+01,2.895034579832586275e+00,4.171151907465405449e-03
1.600000000000000000e+01,2.898479470380316503e+00,4.225994497587605946e-03
1.600000000000000000e+01,2.901925776907095411e+00,4.169408946132342926e-03
1.600000000000000000e+01,2.905373480242120277e+00,4.371732875214461370e-03
1.600000000000000000e+01,2.908822561103622473e+00,3.284161266072409616e-03
1.600000000000000000e+01,2.912273000098660081e+00,2.873655516083367580e-03
1.600000000000000000e+01,2.915717920856395917e+00,2.884689411413295535e-03
1.600000000000000000e+01,2.919171001243166863e+00,2.969819699297033752e-03
1.600000000000000000e+01,2.922618491529225704e+00,3.047656501480484458e-03
1.600000000000000000e+01,2.926067228665903297e+00,3.218707840932823281e-03
1.600000000000000000e+01,2.929510270735431021e+00,3.332888351972876622e-03
1.600000000000000000e+01,2.932961425061571425e+00,3.533609216651891361e-03
1.600000000000000000e+01,2.936406811276298434e+00,3.758412834884294982e-03
1.600000000000000000e+01,2.939853330832565170e+00,4.843783755458030277e-03
1.600000000000000000e+01,2.943300963180315755e+00,4.919768449348918028e-03
1.600000000000000000e+01,2.946749687657017613e+00,4.461893744201257672e-03
1.600000000000000000e+01,2.950199483487491392e+00,4.397468692559497461e-03
1.600000000000000000e+01,2.953643293379428769e+00,4.391404492663615426e-03
1.600000000000000000e+01,2.957095152684269479e+00,4.392976919033620732e-03
1.600000000000000000e+01,2.960540951008748145e+00,4.356178355540851581e-03
1.600000000000000000e+01,2.963987703458273337e+00,4.298463743780619323e-03
1.600000000000000000e+01,2.967435388620835557e+00,4.197618641269207189e-03
1.600000000000000000e+01,2.970883984971168346e+00,4.044973616293807972e-03
1.600000000000000000e+01,2.974333470870613727e+00,5.259142063364803926e-04
1.600000000000000000e+01,2.977783824566972548e+00,3.032751869202422908e-04
1.600000000000000000e+01,2.981227855747897504e+00,2.000401067703277838e-04
1.600000000000000000e+01,2.984679862716122845e+00,1.713171059052602963e-04
1.600000000000000000e+01,2.988125469863089467e+00,1.247787047390079042e-04
1.600000000000000000e+01,2.991571823358956106e+00,1.228515212174668579e-04
1.600000000000000000e+01,2.995018900813596119e+00,1.179125572821182439e-04
1.600000000000000000e+01,2.998466679722951778e+00,1.028866185654862033e-04
1.600000000000000000e+01,3.001915137468924577e+00,9.604747115251000217e-05
1.600000000000000000e+01,3.005364251319263325e+00,1.096956619334125683e-04
1.600000000000000000e+01,3.008813998427458003e+00,1.091515346786888960e-04
1.600000000000000000e+01,3.012257037388338610e+00,1.059358493074781001e-04
1.600000000000000000e+01,3.015707965237110155e+00,1.084810550025847015e-04
1.600000000000000000e+01,3.019152105109111695e+00,1.434876718762098365e-04
1.600000000000000000e+01,3.022604120851319909e+00,1.817521078851049607e-04
1.600000000000000000e+01,3.026049268242209322e+00,2.719953997148879523e-04
1.600000000000000000e+01,3.029502278114438507e+00,1.570603840525457671e-03
1.600000000000000000e+01,3.032948338715878656e+00,1.624298193836862291e-03
1.600000000000000000e+01,3.036394811834639107e+00,1.667885800513667751e-03
1.600000000000000000e+01,3.039841673528437926e+00,1.646008380295516235e-03
1.600000000000000000e+01,3.043288899740312470e+00,1.639206274466901286e-03
1.600000000000000000e+01,3.046736466298560764e+00,1.594054584339147729e-03
1.600000000000000000e+01,3.050184348916684218e+00,1.551465672536759708e-03
1.600000000000000000e+01,3.053632523193331227e+00,7.218341255713410596e-04
1.600000000000000000e+01,3.057080964612250096e+00,2.009880487456956115e-04
1.600000000000000000e+01,3.060529648542242853e+00,9.642453979645536127e-05
1.600000000000000000e+01,3.063978550237123955e+00,9.055591188415681048e-05
1.600000000000000000e+01,3.067427644835680312e+00,7.056310481190550125e-05
1.600000000000000000e+01,3.070869301342692204e+00,7.216291133287733122e-05
1.600000000000000000e+01,3.074318689607980826e+00,6.528070856820450223e-05
1.600000000000000000e+01,3.077768195483054026e+00,6.929359030472648879e-05
1.600000000000000000e+01,3.081217793646421566e+00,7.225585841987065979e-05
1.600000000000000000e+01,3.084667458661439099e+00,6.888135202909374832e-05
1.600000000000000000e+01,3.088109473315589160e+00,9.094159335970573887e-05
1.600000000000000000e+01,3.091559178069081870e+00,1.045298215697339987e-04
1.600000000000000000e+01,3.095008872654115173e+00,4.418703841559719217e-04
1.600000000000000000e+01,3.098458531173472696e+00,4.948951836915419823e-04
1.700000000000000000e+01,2.426129584221891289e+00,1.258523228776937931e-04
1.700000000000000000e+01,2.429576385293707563e+00,2.234149062677731872e-04
1.700000000000000000e+01,2.433023445035121579e+00,2.881608915245717018e-04
1.700000000000000000e+01,2.436470723904829327e+00,4.296891385083117252e-04
1.700000000000000000e+01,2.439918182131624036e+00,4.602617181808215654e-04
1.700000000000000000e+01,2.443365779714331332e+00,6.791839034925115787e-04
1.700000000000000000e+01,2.446813476421755063e+00,7.351824332995249723e-04
1.700000000000000000e+01,2.450261231792639105e+00,8.732831060430158200e-04
1.700000000000000000e+01,2.453709005135639387e+00,8.820263074583507184e-04
1.700000000000000000e+01,2.457156755529312342e+00,9.990691202226742625e-04
1.700000000000000000e+01,2.460604441822116684e+00,1.056454594427785497e-03
1.700000000000000000e+01,2.464052022632424954e+00,1.259946979921410361e-03
1.700000000000000000e+01,2.467499456348555942e+00,1.389157513373395032e-03
1.700000000000000000e+01,2.470951625619067560e+00,1.825640182592095425e-03
1.700000000000000000e+01,2.474398653140896354e+00,2.211161470741396934e-03
1.700000000000000000e+01,2.477845407371735753e+00,3.011541843065245177e-03
1.700000000000000000e+01,2.481291845780071004e+00,4.851556185961411992e-03
1.700000000000000000e+01,2.484742905219031073e+00,9.678952947641178417e-03
1.700000000000000000e+01,2.488188597289541448e+00,1.658161326665796159e-02
1.700000000000000000e+01,2.491638851875302763e+00,1.263013885424112137e-01
1.700000000000000000e+01,2.495083624796248234e+00,2.878737174991760073e-01
1.700000000000000000e+01,2.498532900868154716e+00,3.509482643621156250e-01
1.700000000000000000e+01,2.501981628941128299e+00,3.854660781902896627e-01
1.700000000000000000e+01,2.505429764928409853e+00,4.095522521150988249e-01
1.700000000000000000e+01,2.508877264513888594e+00,4.237994049960514542e-01
1.700000000000000000e+01,2.512324083152320586e+00,4.330701807385914370e-01
1.700000000000000000e+01,2.515770176069546782e+00,4.399503910023450648e-01
1.700000000000000000e+01,2.519220617027636777e+00,4.427338745245195106e-01
1.700000000000000000e+01,2.522665137272860125e+00,4.416416740799312679e-01
1.700000000000000000e+01,2.526113942935153567e+00,4.352664805450582874e-01
1.700000000000000000e+01,2.529561869608954350e+00,4.242064981576353921e-01
1.700000000000000000e+01,2.533008871425249886e+00,4.081024452118579005e-01
1.700000000000000000e+01,2.536460091348755608e+00,3.905310304593106463e-01
1.700000000000000000e+01,2.539905119036357739e+00,3.748240470753443909e-01
1.700000000000000000e+01,2.543354300215602937e+00,3.637255528463161358e-01
1.700000000000000000e+01,2.546802399089612923e+00,3.583769461220935315e-01
1.700000000000000000e+01,2.550249368695818752e+00,3.578610016557129958e-01
1.700000000000000000e+01,2.553695161844585115e+00,3.608779385430537223e-01
1.700000000000000000e+01,2.557145005160321727e+00,3.654611930384965568e-01
1.700000000000000000e+01,2.560593605407676776e+00,3.701411708717667337e-01
1.700000000000000000e+01,2.564040914759595946e+00,3.729019830286734449e-01
1.700000000000000000e+01,2.567486885162802768e+00,3.724511517265055582e-01
1.700000000000000000e+01,2.570936799422715247e+00,3.674450445533098408e-01
1.700000000000000000e+01,2.574385306550782015e+00,3.590185762982765483e-01
1.700000000000000000e+01,2.577832357857054557e+00,3.534394197440947627e-01
1.700000000000000000e+01,2.581277904426420466e+00,3.803437481439347900e-01
1.700000000000000000e+01,2.584727285548704678e+00,5.125618990400777619e-01
1.700000000000000000e+01,2.588175092177919190e+00,5.812874767649132135e-01
1.700000000000000000e+01,2.591621274763594496e+00,5.830417128067495458e-01
1.700000000000000000e+01,2.595071215175571933e+00,5.782438982355928569e-01
1.700000000000000000e+01,2.598519460637897627e+00,3.856795148758545566e-01
1.700000000000000000e+01,2.601965960965542113e+00,3.295023283412162329e-01
1.700000000000000000e+01,2.605416140786058765e+00,3.192087081964277706e-01
1.700000000000000000e+01,2.608864503415107450e+00,3.092032127076563275e-01
1.700000000000000000e+01,2.612310998034201415e+00,3.031448939523860298e-01
1.700000000000000000e+01,2.615761092202567806e+00,2.935805360269184150e-01
1.700000000000000000e+01,2.619203711994529726e+00,2.831070437033929577e-01
1.700000000000000000e+01,2.622655405435940335e+00,2.724615567604503630e-01
1.700000000000000000e+01,2.626099521378967960e+00,2.615690242286552447e-01
1.700000000000000000e+01,2.629552694960589410e+00,2.502683861159784029e-01
1.700000000000000000e+01,2.632998187102616683e+00,2.362411559698354702e-01
1.700000000000000000e+01,2.636447114066393205e+00,2.197871632054345103e-01
1.700000000000000000e+01,2.639893846415254153e+00,2.006463213466354312e-01
1.700000000000000000e+01,2.643343967039275100e+00,1.804705174763236442e-01
1.700000000000000000e+01,2.646791816810129649e+00,1.600093127997719855e-01
1.700000000000000000e+01,2.650237342610351821e+00,1.409541128025573742e-01
1.700000000000000000e+01,2.653686170889210771e+00,1.237430668074136209e-01
1.700000000000000000e+01,2.657132597811020958e+00,1.082896791112916146e-01
1.700000000000000000e+01,2.660582278976152182e+00,9.605102028642370504e-02
1.700000000000000000e+01,2.664029480667215122e+00,8.541624834790041698e-02
1.700000000000000000e+01,2.667474148734945150e+00,7.744540324212315086e-02
1.700000000000000000e+01,2.670921982619566037e+00,6.327870969336871210e-02
1.700000000000000000e+01,2.674372972301618745e+00,7.023846416229071431e-03
1.700000000000000000e+01,2.677821324074959541e+00,4.671480056197733523e-03
1.700000000000000000e+01,2.681266982978278257e+00,3.345445949499841441e-03
1.700000000000000000e+01,2.684715707224760273e+00,3.000109961093585294e-03
1.700000000000000000e+01,2.688161657879166277e+00,2.932479712038328461e-03
1.700000000000000000e+01,2.691610622648888285e+00,2.642700989008950254e-03
1.700000000000000000e+01,2.695056732375022968e+00,2.729063164185524006e-03
1.700000000000000000e+01,2.698505804337753666e+00,2.898087438277332107e-03
1.700000000000000000e+01,2.701951939076299603e+00,2.896245217639633728e-03
1.700000000000000000e+01,2.705400983521141445e+00,3.296431584968007467e-03
1.700000000000000000e+01,2.708852926222422131e+00,3.805195847306378637e-03
1.700000000000000000e+01,2.712295888667945576e+00,4.803681767805934900e-03
1.700000000000000000e+01,2.715747614288411160e+00,1.107112023905963694e-02
1.700000000000000000e+01,2.719196209159163047e+00,4.129444464589829972e-02
1.700000000000000000e+01,2.722641615900502465e+00,5.637890183811190836e-02
1.700000000000000000e+01,2.726089770873740825e+00,5.830841047508270730e-02
1.700000000000000000e+01,2.729534652626857572e+00,5.925930869934474543e-02
1.700000000000000000e+01,2.732982227470418746e+00,5.930945878176748648e-02
1.700000000000000000e+01,2.736432482794700860e+00,5.895637757277382568e-02
1.700000000000000000e+01,2.739879351122726181e+00,5.777752651339566892e-02
1.700000000000000000e+01,2.743328843875850076e+00,5.597566757160080814e-02
1.700000000000000000e+01,2.746774862770038350e+00,5.393369938116569090e-02
1.700000000000000000e+01,2.750223449379463503e+00,5.167927256844485895e-02
1.700000000000000000e+01,2.753674590409778578e+00,4.927439625042705912e-02
1.700000000000000000e+01,2.757122141249363612e+00,4.685719056663974202e-02
1.700000000000000000e+01,2.760566042340017567e+00,4.488285194282062851e-02
1.700000000000000000e+01,2.764018557693985745e+00,4.303271405353351758e-02
1.700000000000000000e+01,2.767461187731447669e+00,4.222401022983082730e-02
1.700000000000000000e+01,2.770912404166737897e+00,5.024996290398194704e-02
1.700000000000000000e+01,2.774359822892734417e+00,7.661532827564576653e-02
1.700000000000000000e+01,2.777809606916736840e+00,8.144368645776400850e-02
1.700000000000000000e+01,2.781255502836574856e+00,6.320232918522251941e-02
1.700000000000000000e+01,2.784703704199829932e+00,5.867220193527352551e-02
1.700000000000000000e+01,2.788147926347539496e+00,5.821386208303932358e-02
1.700000000000000000e+01,2.791600678922760981e+00,5.714258286487264304e-02
1.700000000000000000e+01,2.795043090476260428e+00,5.595694116202122592e-02
1.700000000000000000e+01,2.798494002406115122e+00,5.411071511216772323e-02
1.700000000000000000e+01,2.801940781868234698e+00,5.192375772110708471e-02
1.700000000000000000e+01,2.805389714519748168e+00,4.935545194022721016e-02
1.700000000000000000e+01,2.808834421514795121e+00,4.690934956740949735e-02
1.700000000000000000e+01,2.812287598345081019e+00,4.456796816244708997e-02
1.700000000000000000e+01,2.815730092254171701e+00,4.232368117383633610e-02
1.700000000000000000e+01,2.819181024339006303e+00,3.967710003634675880e-02
1.700000000000000000e+01,2.822627573601432349e+00,3.690044749464455737e-02
1.700000000000000000e+01,2.826076118509744717e+00,2.887202004610986070e-02
1.700000000000000000e+01,2.829526642776947210e+00,2.551561777310501922e-03
1.700000000000000000e+01,2.832972656803320000e+00,1.425718043177961504e-03
1.700000000000000000e+01,2.836420585731449506e+00,9.981585305890443467e-04
1.700000000000000000e+01,2.839870412869007765e+00,7.056140647855020740e-04
1.700000000000000000e+01,2.843315600857695635e+00,4.754792793300871697e-04
1.700000000000000000e+01,2.846762621679029603e+00,3.921303226026265527e-04
1.700000000000000000e+01,2.850211458234488848e+00,3.501520695107575602e-04
1.700000000000000000e+01,2.853662093317443027e+00,3.193659133073342769e-04
1.700000000000000000e+01,2.857107925641209079e+00,2.633516213941882139e-04
1.700000000000000000e+01,2.860555489925645567e+00,2.662381303168346561e-04
1.700000000000000000e+01,2.864004768556617453e+00,2.586298156428725988e-04
1.700000000000000000e+01,2.867449112092238739e+00,2.515317221810417893e-04
1.700000000000000000e+01,2.870901750158041832e+00,2.287509626344401545e-04
1.700000000000000000e+01,2.874349385371875787e+00,2.263458039420321701e-04
1.700000000000000000e+01,2.877791951674792958e+00,2.283189287158488587e-04
1.700000000000000000e+01,2.881242774088754732e+00,2.273080995708145243e-04
1.700000000000000000e+01,2.884688458919366205e+00,2.286295129045821917e-04
1.700000000000000000e+01,2.888135667272326401e+00,2.191584265901553761e-04
1.700000000000000000e+01,2.891584380497048912e+00,2.701713301621336749e-04
1.700000000000000000e+01,2.895034579832586275e+00,3.064727925921796213e-04
1.700000000000000000e+01,2.898479470380316503e+00,3.854832652146380069e-04
1.700000000000000000e+01,2.901925776907095411e+00,6.053135033681411245e-04
1.700000000000000000e+01,2.905373480242120277e+00,2.526255398883091308e-03
1.700000000000000000e+01,2.908822561103622473e+00,4.178326249813309363e-03
1.700000000000000000e+01,2.912273000098660081e+00,4.759957461623365825e-03
1.700000000000000000e+01,2.915717920856395917e+00,4.851622467257301306e-03
1.700000000000000000e+01,2.919171001243166863e+00,4.878973796852395690e-03
1.700000000000000000e+01,2.922618491529225704e+00,4.892338340692047906e-03
1.700000000000000000e+01,2.926067228665903297e+00,4.875367549419216961e-03
1.700000000000000000e+01,2.929510270735431021e+00,4.806675793151795814e-03
1.700000000000000000e+01,2.932961425061571425e+00,4.696896986327457960e-03
1.700000000000000000e+01,2.936406811276298434e+00,4.579161472970901155e-03
1.700000000000000000e+01,2.939853330832565170e+00,4.838632164450137364e-03
1.700000000000000000e+01,2.943300963180315755e+00,3.023979917975155515e-03
1.700000000000000000e+01,2.946749687657017613e+00,3.541982759152783981e-03
1.700000000000000000e+01,2.950199483487491392e+00,3.612476457726194502e-03
1.700000000000000000e+01,2.953643293379428769e+00,3.638515162601155782e-03
1.700000000000000000e+01,2.957095152684269479e+00,3.604818602988725876e-03
1.700000000000000000e+01,2.960540951008748145e+00,3.627655639409886612e-03
1.700000000000000000e+01,2.963987703458273337e+00,3.674432238172215068e-03
1.700000000000000000e+01,2.967435388620835557e+00,3.762307255254991947e-03
1.700000000000000000e+01,2.970883984971168346e+00,3.350684297504645092e-03
1.700000000000000000e+01,2.974333470870613727e+00,4.966424527121251695e-03
1.700000000000000000e+01,2.977783824566972548e+00,4.486522712241543254e-03
1.700000000000000000e+01,2.981227855747897504e+00,4.435401806665488153e-03
1.700000000000000000e+01,2.984679862716122845e+00,4.403337691934644353e-03
1.700000000000000000e+01,2.988125469863089467e+00,4.364260441457453073e-03
1.700000000000000000e+01,2.991571823358956106e+00,4.351266001947084322e-03
1.700000000000000000e+01,2.995018900813596119e+00,4.332051285397802570e-03
1.700000000000000000e+01,2.998466679722951778e+00,4.056661503275511144e-03
1.700000000000000000e+01,3.001915137468924577e+00,2.580620997492982793e-03
1.700000000000000000e+01,3.005364251319263325e+00,5.176368278495888228e-04
1.700000000000000000e+01,3.008813998427458003e+00,1.895473693055884767e-04
1.700000000000000000e+01,3.012257037388338610e+00,1.721465985786118085e-04
1.700000000000000000e+01,3.015707965237110155e+00,1.245376628674983352e-04
1.700000000000000000e+01,3.019152105109111695e+00,1.194052423185889135e-04
1.700000000000000000e+01,3.022604120851319909e+00,1.108677034810535283e-04
1.700000000000000000e+01,3.026049268242209322e+00,1.022366188553940151e-04
1.700000000000000000e+01,3.029502278114438507e+00,9.917472267966555017e-05
1.700000000000000000e+01,3.032948338715878656e+00,9.570267669848999434e-05
1.700000000000000000e+01,3.036394811834639107e+00,8.457150149729554143e-05
1.700000000000000000e+01,3.039841673528437926e+00,9.841584030362849071e-05
1.700000000000000000e+01,3.043288899740312470e+00,8.967404041429493950e-05
1.700000000000000000e+01,3.046736466298560764e+00,1.251242427003094516e-04
1.700000000000000000e+01,3.050184348916684218e+00,1.476076519894168129e-04
1.700000000000000000e+01,3.053632523193331227e+00,9.563314686639622824e-04
1.700000000000000000e+01,3.057080964612250096e+00,1.479318336589654885e-03
1.700000000000000000e+01,3.060529648542242853e+00,1.568056424273326721e-03
1.700000000000000000e+01,3.063978550237123955e+00,1.585529539255594407e-03
1.700000000000000000e+01,3.067427644835680312e+00,1.585266143827873328e-03
1.700000000000000000e+01,3.070869301342692204e+00,1.443834111889387472e-03
1.700000000000000000e+01,3.074318689607980826e+00,7.780578622172258608e-04
1.700000000000000000e+01,3.077768195483054026e+00,1.144472258193281048e-04
1.700000000000000000e+01,3.081217793646421566e+00,8.634721285667635476e-05
1.700000000000000000e+01,3.084667458661439099e+00,6.165658914842321006e-05
1.700000000000000000e+01,3.088109473315589160e+00,6.089748069317758752e-05
1.700000000000000000e+01,3.091559178069081870e+00,5.261328755639878318e-05
1.700000000000000000e+01,3.095008872654115173e+00,5.841315535080934937e-05
1.700000000000000000e+01,3.098458531173472696e+00,4.757862230222975033e-05
1.800000000000000000e+01,2.591621274763594496e+00,6.092219713183440535e-03
1.800000000000000000e+01,2.595071215175571933e+00,1.145317604466848486e-02
1.800000000000000000e+01,2.598519460637897627e+00,1.999067743305701084e-01
1.800000000000000000e+01,2.601965960965542113e+00,2.461992332635752345e-01
1.800000000000000000e+01,2.605416140786058765e+00,2.406468573498899421e-01
1.800000000000000000e+01,2.608864503415107450e+00,2.292187705662717123e-01
1.800000000000000000e+01,2.612310998034201415e+00,2.102636196825071191e-01
1.800000000000000000e+01,2.615761092202567806e+00,1.950449813356341378e-01
1.800000000000000000e+01,2.619203711994529726e+00,1.851824401470838211e-01
1.800000000000000000e+01,2.622655405435940335e+00,1.827324109886600545e-01
1.800000000000000000e+01,2.626099521378967960e+00,1.888534647196986327e-01
1.800000000000000000e+01,2.629552694960589410e+00,2.000430068363076574e-01
1.800000000000000000e+01,2.632998187102616683e+00,2.164848962351485773e-01
1.800000000000000000e+01,2.636447114066393205e+00,2.157219523643180981e-01
1.800000000000000000e+01,2.639893846415254153e+00,1.020001389339090098e-01
1.800000000000000000e+01,2.643343967039275100e+00,1.380893842955797229e-02
1.800000000000000000e+01,2.646791816810129649e+00,1.071663583660802284e-02
1.800000000000000000e+01,2.650237342610351821e+00,7.734944358468914816e-03
1.800000000000000000e+01,2.653686170889210771e+00,6.577928852680941726e-03
1.800000000000000000e+01,2.657132597811020958e+00,6.114019882721156637e-03
1.800000000000000000e+01,2.660582278976152182e+00,5.992482808176276265e-03
1.800000000000000000e+01,2.664029480667215122e+00,7.099079473801263307e-03
1.800000000000000000e+01,2.667474148734945150e+00,9.127562425555259956e-03
1.800000000000000000e+01,2.670921982619566037e+00,1.985899148055933483e-02
1.800000000000000000e+01,2.674372972301618745e+00,7.595299872242729233e-02
1.800000000000000000e+01,2.677821324074959541e+00,8.011281620901825051e-02
1.800000000000000000e+01,2.681266982978278257e+00,8.545447328955479982e-02
1.800000000000000000e+01,2.684715707224760273e+00,9.168504818420308844e-02
1.800000000000000000e+01,2.688161657879166277e+00,9.943377871659121736e-02
1.800000000000000000e+01,2.691610622648888285e+00,1.101854655528611698e-01
1.800000000000000000e+01,2.695056732375022968e+00,1.231925660663654998e-01
1.800000000000000000e+01,2.698505804337753666e+00,1.376496571561507121e-01
1.800000000000000000e+01,2.701951939076299603e+00,1.535190845458055675e-01
1.800000000000000000e+01,2.705400983521141445e+00,1.633969631473860817e-01
1.800000000000000000e+01,2.708852926222422131e+00,1.540223554287450947e-01
1.800000000000000000e+01,2.712295888667945576e+00,1.450807929948980807e-02
1.800000000000000000e+01,2.715747614288411160e+00,9.120895781487387347e-03
1.800000000000000000e+01,2.719196209159163047e+00,6.957530237399661525e-03
1.800000000000000000e+01,2.722641615900502465e+00,4.295310771192864877e-03
1.800000000000000000e+01,2.726089770873740825e+00,3.807814209347972628e-03
1.800000000000000000e+01,2.729534652626857572e+00,3.340497920654117176e-03
1.800000000000000000e+01,2.732982227470418746e+00,2.709165083075166462e-03
1.800000000000000000e+01,2.736432482794700860e+00,2.545974778890918670e-03
1.800000000000000000e+01,2.739879351122726181e+00,2.373429149062124873e-03
1.800000000000000000e+01,2.743328843875850076e+00,2.121016803455677297e-03
1.800000000000000000e+01,2.746774862770038350e+00,2.020761964263536898e-03
1.800000000000000000e+01,2.750223449379463503e+00,1.924379317189641456e-03
1.800000000000000000e+01,2.753674590409778578e+00,1.748452654361007602e-03
1.800000000000000000e+01,2.757122141249363612e+00,1.823668498533033725e-03
1.800000000000000000e+01,2.760566042340017567e+00,1.744477057226337087e-03
1.800000000000000000e+01,2.764018557693985745e+00,1.650273336467855808e-03
1.800000000000000000e+01,2.767461187731447669e+00,1.905381650140376693e-03
1.800000000000000000e+01,2.770912404166737897e+00,2.237653063791061447e-03
1.800000000000000000e+01,2.774359822892734417e+00,2.622536896628370039e-03
1.800000000000000000e+01,2.777809606916736840e+00,7.052561264736049648e-03
1.800000000000000000e+01,2.781255502836574856e+00,2.664809162851817376e-02
1.800000000000000000e+01,2.784703704199829932e+00,3.186988292111474913e-02
1.800000000000000000e+01,2.788147926347539496e+00,3.214836848022935289e-02
1.800000000000000000e+01,2.791600678922760981e+00,3.272165375379767344e-02
1.800000000000000000e+01,2.795043090476260428e+00,3.303752246955318772e-02
1.800000000000000000e+01,2.798494002406115122e+00,3.377509984069320542e-02
1.800000000000000000e+01,2.801940781868234698e+00,3.476001141514904053e-02
1.800000000000000000e+01,2.805389714519748168e+00,3.590999362499377318e-02
1.800000000000000000e+01,2.808834421514795121e+00,3.703716520468530032e-02
1.800000000000000000e+01,2.812287598345081019e+00,3.821170064873327665e-02
1.800000000000000000e+01,2.815730092254171701e+00,3.887464403803927993e-02
1.800000000000000000e+01,2.819181024339006303e+00,1.324962249133244604e-02
1.800000000000000000e+01,2.822627573601432349e+00,4.648218688702691198e-03
1.800000000000000000e+01,2.826076118509744717e+00,1.090817715468070381e-02
1.800000000000000000e+01,2.829526642776947210e+00,3.532245789490019022e-02
1.800000000000000000e+01,2.832972656803320000e+00,3.546354325468865920e-02
1.800000000000000000e+01,2.836420585731449506e+00,3.501586759761207701e-02
1.800000000000000000e+01,2.839870412869007765e+00,3.469340947219667209e-02
1.800000000000000000e+01,2.843315600857695635e+00,3.440532598916804657e-02
1.800000000000000000e+01,2.846762621679029603e+00,3.436107556414891295e-02
1.800000000000000000e+01,2.850211458234488848e+00,3.460067762347372733e-02
1.800000000000000000e+01,2.853662093317443027e+00,3.480176634375734684e-02
1.800000000000000000e+01,2.857107925641209079e+00,3.546645367195387644e-02
1.800000000000000000e+01,2.860555489925645567e+00,3.563046611585716367e-02
1.800000000000000000e+01,2.864004768556617453e+00,3.101016459916503681e-02
1.800000000000000000e+01,2.867449112092238739e+00,2.874050591859892215e-03
1.800000000000000000e+01,2.870901750158041832e+00,1.699205490308946078e-03
1.800000000000000000e+01,2.874349385371875787e+00,1.201530892837467286e-03
1.800000000000000000e+01,2.877791951674792958e+00,8.692690434493224698e-04
1.800000000000000000e+01,2.881242774088754732e+00,5.678532562844761707e-04
1.800000000000000000e+01,2.884688458919366205e+00,4.785358755779887865e-04
1.800000000000000000e+01,2.888135667272326401e+00,4.329501724441131138e-04
1.800000000000000000e+01,2.891584380497048912e+00,3.228619519044439111e-04
1.800000000000000000e+01,2.895034579832586275e+00,2.905322830872214459e-04
1.800000000000000000e+01,2.898479470380316503e+00,2.796545063042586666e-04
1.800000000000000000e+01,2.901925776907095411e+00,2.245387570284528207e-04
1.800000000000000000e+01,2.905373480242120277e+00,2.142876526990238604e-04
1.800000000000000000e+01,2.908822561103622473e+00,2.130971228122277908e-04
1.800000000000000000e+01,2.912273000098660081e+00,1.928114379100750444e-04
1.800000000000000000e+01,2.915717920856395917e+00,1.857954842258928820e-04
1.800000000000000000e+01,2.919171001243166863e+00,2.078425132473195292e-04
1.800000000000000000e+01,2.922618491529225704e+00,1.916772966615902735e-04
1.800000000000000000e+01,2.926067228665903297e+00,2.024321829363538933e-04
1.800000000000000000e+01,2.929510270735431021e+00,2.490180014390410454e-04
1.800000000000000000e+01,2.932961425061571425e+00,2.837132384566486859e-04
1.800000000000000000e+01,2.936406811276298434e+00,3.581970609576939565e-04
1.800000000000000000e+01,2.939853330832565170e+00,6.388664789713062800e-04
1.800000000000000000e+01,2.943300963180315755e+00,4.122409197676582190e-03
1.800000000000000000e+01,2.946749687657017613e+00,4.238960918705207345e-03
1.800000000000000000e+01,2.950199483487491392e+00,4.269693556508562075e-03
1.800000000000000000e+01,2.953643293379428769e+00,4.235632348767962886e-03
1.800000000000000000e+01,2.957095152684269479e+00,4.246508154662756093e-03
1.800000000000000000e+01,2.960540951008748145e+00,4.251310265246621874e-03
1.800000000000000000e+01,2.963987703458273337e+00,4.262599023658469877e-03
1.800000000000000000e+01,2.967435388620835557e+00,4.292332776054260182e-03
1.800000000000000000e+01,2.970883984971168346e+00,4.604090614974284089e-03
1.800000000000000000e+01,2.974333470870613727e+00,4.896807701253439414e-03
1.800000000000000000e+01,2.977783824566972548e+00,3.516132851567589819e-03
1.800000000000000000e+01,2.981227855747897504e+00,3.634232723580506103e-03
1.800000000000000000e+01,2.984679862716122845e+00,3.685927233379964092e-03
1.800000000000000000e+01,2.988125469863089467e+00,3.779663950163313860e-03
1.800000000000000000e+01,2.991571823358956106e+00,3.851539245657694017e-03
1.800000000000000000e+01,2.995018900813596119e+00,3.929410460381311566e-03
1.800000000000000000e+01,2.998466679722951778e+00,4.286182648677010903e-03
1.800000000000000000e+01,3.001915137468924577e+00,4.747910245318522592e-03
1.800000000000000000e+01,3.005364251319263325e+00,4.882211797844527440e-03
1.800000000000000000e+01,3.008813998427458003e+00,4.957880639390557440e-03
1.800000000000000000e+01,3.012257037388338610e+00,4.927866054741378461e-03
1.800000000000000000e+01,3.015707965237110155e+00,5.038291107967838092e-03
1.800000000000000000e+01,3.019152105109111695e+00,5.144182383320988414e-03
1.800000000000000000e+01,3.022604120851319909e+00,5.170608326779549749e-03
1.800000000000000000e+01,3.026049268242209322e+00,5.242036178912184811e-03
1.800000000000000000e+01,3.029502278114438507e+00,5.011025078750728709e-03
1.800000000000000000e+01,3.032948338715878656e+00,7.223069791767021018e-04
1.800000000000000000e+01,3.036394811834639107e+00,3.609126418294177009e-04
1.800000000000000000e+01,3.039841673528437926e+00,1.999609848003173877e-04
1.800000000000000000e+01,3.043288899740312470e+00,1.487854249762050982e-04
1.800000000000000000e+01,3.046736466298560764e+00,1.380024702262674810e-04
1.800000000000000000e+01,3.050184348916684218e+00,1.236100714026977369e-04
1.800000000000000000e+01,3.053632523193331227e+00,1.279591007595643468e-04
1.800000000000000000e+01,3.057080964612250096e+00,1.107876461452199249e-04
1.800000000000000000e+01,3.060529648542242853e+00,1.146607957973313829e-04
1.800000000000000000e+01,3.063978550237123955e+00,1.161778140625252168e-04
1.800000000000000000e+01,3.067427644835680312e+00,1.401999386193084746e-04
1.800000000000000000e+01,3.070869301342692204e+00,2.963465420460516101e-04
1.800000000000000000e+01,3.074318689607980826e+00,9.992052100782739758e-04
1.800000000000000000e+01,3.077768195483054026e+00,1.682951862391918749e-03
1.800000000000000000e+01,3.081217793646421566e+00,1.744266908894441005e-03
1.800000000000000000e+01,3.084667458661439099e+00,1.788323352020740982e-03
1.800000000000000000e+01,3.088109473315589160e+00,1.816047127919258840e-03
1.800000000000000000e+01,3.091559178069081870e+00,1.821673523907950659e-03
1.800000000000000000e+01,3.095008872654115173e+00,1.769056440640944493e-03
1.800000000000000000e+01,3.098458531173472696e+00,1.667420990121721344e-03
1.900000000000000000e+01,2.591621274763594496e+00,9.800591052056712717e-05
1.900000000000000000e+01,2.595071215175571933e+00,1.367249956379888438e-04
1.900000000000000000e+01,2.598519460637897627e+00,1.900591785404194458e-04
1.900000000000000000e+01,2.601965960965542113e+00,2.160024947132818652e-04
1.900000000000000000e+01,2.605416140786058765e+00,2.846100416622579813e-04
1.900000000000000000e+01,2.608864503415107450e+00,4.208960021870970509e-04
1.900000000000000000e+01,2.612310998034201415e+00,4.735752969193681122e-04
1.900000000000000000e+01,2.615761092202567806e+00,6.837551506889094589e-04
1.900000000000000000e+01,2.619203711994529726e+00,9.807474409848394858e-04
1.900000000000000000e+01,2.622655405435940335e+00,1.507457433091232172e-03
1.900000000000000000e+01,2.626099521378967960e+00,1.859449601595416926e-03
1.900000000000000000e+01,2.629552694960589410e+00,3.655099697981281041e-03
1.900000000000000000e+01,2.632998187102616683e+00,5.032370809658317373e-03
1.900000000000000000e+01,2.636447114066393205e+00,2.503675657680727584e-02
1.900000000000000000e+01,2.639893846415254153e+00,1.578180839918895961e-01
1.900000000000000000e+01,2.643343967039275100e+00,2.628746886757246104e-01
1.900000000000000000e+01,2.646791816810129649e+00,2.811490250828764248e-01
1.900000000000000000e+01,2.650237342610351821e+00,2.970039983673399830e-01
1.900000000000000000e+01,2.653686170889210771e+00,3.096314047448820439e-01
1.900000000000000000e+01,2.657132597811020958e+00,3.210969506476550328e-01
1.900000000000000000e+01,2.660582278976152182e+00,3.303164257728777309e-01
1.900000000000000000e+01,2.664029480667215122e+00,3.383568463992875919e-01
1.900000000000000000e+01,2.667474148734945150e+00,3.440352759028291740e-01
1.900000000000000000e+01,2.670921982619566037e+00,3.483690503120850379e-01
1.900000000000000000e+01,2.674372972301618745e+00,3.508502552076973036e-01
1.900000000000000000e+01,2.677821324074959541e+00,3.534278076171260552e-01
1.900000000000000000e+01,2.681266982978278257e+00,3.567399948675575860e-01
1.900000000000000000e+01,2.684715707224760273e+00,3.613302909026449572e-01
1.900000000000000000e+01,2.688161657879166277e+00,3.678718909143843252e-01
1.900000000000000000e+01,2.691610622648888285e+00,3.748062725255582039e-01
1.900000000000000000e+01,2.695056732375022968e+00,3.817580124466391500e-01
1.900000000000000000e+01,2.698505804337753666e+00,3.887928119883488076e-01
1.900000000000000000e+01,2.701951939076299603e+00,3.947067838741781798e-01
1.900000000000000000e+01,2.705400983521141445e+00,4.055932181824523086e-01
1.900000000000000000e+01,2.708852926222422131e+00,4.333374508215826482e-01
1.900000000000000000e+01,2.712295888667945576e+00,5.873352086835408326e-01
1.900000000000000000e+01,2.715747614288411160e+00,6.020629776968703384e-01
1.900000000000000000e+01,2.719196209159163047e+00,6.056977297975392194e-01
1.900000000000000000e+01,2.722641615900502465e+00,6.028104662161493099e-01
1.900000000000000000e+01,2.726089770873740825e+00,5.863800251382509376e-01
1.900000000000000000e+01,2.729534652626857572e+00,5.637202221766068888e-01
1.900000000000000000e+01,2.732982227470418746e+00,3.697463104121592181e-01
1.900000000000000000e+01,2.736432482794700860e+00,2.600889700275585970e-01
1.900000000000000000e+01,2.739879351122726181e+00,2.445694704279096909e-01
1.900000000000000000e+01,2.743328843875850076e+00,2.338719163464279827e-01
1.900000000000000000e+01,2.746774862770038350e+00,2.228276082503929389e-01
1.900000000000000000e+01,2.750223449379463503e+00,2.103128780293956335e-01
1.900000000000000000e+01,2.753674590409778578e+00,1.969738641594388495e-01
1.900000000000000000e+01,2.757122141249363612e+00,1.829829015262693093e-01
1.900000000000000000e+01,2.760566042340017567e+00,1.690201008836046126e-01
1.900000000000000000e+01,2.764018557693985745e+00,1.558394504128812474e-01
1.900000000000000000e+01,2.767461187731447669e+00,1.429601469166079108e-01
1.900000000000000000e+01,2.770912404166737897e+00,1.311098598019089789e-01
1.900000000000000000e+01,2.774359822892734417e+00,1.206989011926700023e-01
1.900000000000000000e+01,2.777809606916736840e+00,1.118343316694051515e-01
1.900000000000000000e+01,2.781255502836574856e+00,1.044139465447781745e-01
1.900000000000000000e+01,2.784703704199829932e+00,9.931097639274021061e-02
1.900000000000000000e+01,2.788147926347539496e+00,9.254900988351810742e-02
1.900000000000000000e+01,2.791600678922760981e+00,2.717642878532301742e-02
1.900000000000000000e+01,2.795043090476260428e+00,5.972928693029950012e-03
1.900000000000000000e+01,2.798494002406115122e+00,4.946454611820602296e-03
1.900000000000000000e+01,2.801940781868234698e+00,3.823421572066740357e-03
1.900000000000000000e+01,2.805389714519748168e+00,3.618431173574263113e-03
1.900000000000000000e+01,2.808834421514795121e+00,3.819784059167821363e-03
1.900000000000000000e+01,2.812287598345081019e+00,3.971091486556666862e-03
1.900000000000000000e+01,2.815730092254171701e+00,4.689805347684932943e-03
1.900000000000000000e+01,2.819181024339006303e+00,3.232576391561164941e-02
1.900000000000000000e+01,2.822627573601432349e+00,4.294537536528897359e-02
1.900000000000000000e+01,2.826076118509744717e+00,4.392922632731934007e-02
1.900000000000000000e+01,2.829526642776947210e+00,4.508846024771456101e-02
1.900000000000000000e+01,2.832972656803320000e+00,4.519514510337838825e-02
1.900000000000000000e+01,2.836420585731449506e+00,4.507167315855077627e-02
1.900000000000000000e+01,2.839870412869007765e+00,4.461309730659013956e-02
1.900000000000000000e+01,2.843315600857695635e+00,4.382186238143119528e-02
1.900000000000000000e+01,2.846762621679029603e+00,4.255508935001735965e-02
1.900000000000000000e+01,2.850211458234488848e+00,4.103403800827142012e-02
1.900000000000000000e+01,2.853662093317443027e+00,3.976003244289750410e-02
1.900000000000000000e+01,2.857107925641209079e+00,3.849333199439836095e-02
1.900000000000000000e+01,2.860555489925645567e+00,3.810434694886817575e-02
1.900000000000000000e+01,2.864004768556617453e+00,4.323219947358770965e-02
1.900000000000000000e+01,2.867449112092238739e+00,7.187146856421482155e-02
1.900000000000000000e+01,2.870901750158041832e+00,7.426681857599720660e-02
1.900000000000000000e+01,2.874349385371875787e+00,7.536239622790480430e-02
1.900000000000000000e+01,2.877791951674792958e+00,7.632619507968434192e-02
1.900000000000000000e+01,2.881242774088754732e+00,5.459163818552123515e-02
1.900000000000000000e+01,2.884688458919366205e+00,4.878605898488640180e-02
1.900000000000000000e+01,2.888135667272326401e+00,4.785590319386227171e-02
1.900000000000000000e+01,2.891584380497048912e+00,4.716252978610505769e-02
1.900000000000000000e+01,2.895034579832586275e+00,4.611990659238510842e-02
1.900000000000000000e+01,2.898479470380316503e+00,4.469102497670070923e-02
1.900000000000000000e+01,2.901925776907095411e+00,4.302995790745274551e-02
1.900000000000000000e+01,2.905373480242120277e+00,4.137469807222315249e-02
1.900000000000000000e+01,2.908822561103622473e+00,3.937035942353656059e-02
1.900000000000000000e+01,2.912273000098660081e+00,3.760045727334094395e-02
1.900000000000000000e+01,2.915717920856395917e+00,3.069146263279050324e-02
1.900000000000000000e+01,2.919171001243166863e+00,2.460939624754281824e-03
1.900000000000000000e+01,2.922618491529225704e+00,1.555956131486765535e-03
1.900000000000000000e+01,2.926067228665903297e+00,7.697197788341107912e-04
1.900000000000000000e+01,2.929510270735431021e+00,6.356004760644218786e-04
1.900000000000000000e+01,2.932961425061571425e+00,4.646398251620142733e-04
1.900000000000000000e+01,2.936406811276298434e+00,4.153732897001738119e-04
1.900000000000000000e+01,2.939853330832565170e+00,3.343756425435706874e-04
1.900000000000000000e+01,2.943300963180315755e+00,3.262620779116544105e-04
1.900000000000000000e+01,2.946749687657017613e+00,2.862783238819766843e-04
1.900000000000000000e+01,2.950199483487491392e+00,2.761109861735424969e-04
1.900000000000000000e+01,2.953643293379428769e+00,2.713319993223424682e-04
1.900000000000000000e+01,2.957095152684269479e+00,2.714469556622645498e-04
1.900000000000000000e+01,2.960540951008748145e+00,2.612001883209885840e-04
1.900000000000000000e+01,2.963987703458273337e+00,2.934328514906977127e-04
1.900000000000000000e+01,2.967435388620835557e+00,3.354200243902652088e-04
1.900000000000000000e+01,2.970883984971168346e+00,6.514388935517363526e-04
1.900000000000000000e+01,2.974333470870613727e+00,2.335823315356698546e-03
1.900000000000000000e+01,2.977783824566972548e+00,4.521810633118729557e-03
1.900000000000000000e+01,2.981227855747897504e+00,4.637322821577272505e-03
1.900000000000000000e+01,2.984679862716122845e+00,4.726635032783218712e-03
1.900000000000000000e+01,2.988125469863089467e+00,4.783229638197156533e-03
1.900000000000000000e+01,2.991571823358956106e+00,4.792193465830555700e-03
1.900000000000000000e+01,2.995018900813596119e+00,4.830053782606063238e-03
1.900000000000000000e+01,2.998466679722951778e+00,4.835282425704534766e-03
1.900000000000000000e+01,3.001915137468924577e+00,5.960406728078090563e-03
1.900000000000000000e+01,3.005364251319263325e+00,7.893806297134573630e-03
1.900000000000000000e+01,3.008813998427458003e+00,8.075786614714353800e-03
1.900000000000000000e+01,3.012257037388338610e+00,4.529109524203382871e-03
1.900000000000000000e+01,3.015707965237110155e+00,4.423894986921346126e-03
1.900000000000000000e+01,3.019152105109111695e+00,4.354872631157465784e-03
1.900000000000000000e+01,3.022604120851319909e+00,4.508978123265896046e-03
1.900000000000000000e+01,3.026049268242209322e+00,4.599763156312067225e-03
1.900000000000000000e+01,3.029502278114438507e+00,4.971706506991049185e-03
1.900000000000000000e+01,3.032948338715878656e+00,9.362582683906283537e-03
1.900000000000000000e+01,3.036394811834639107e+00,6.139626393414896605e-03
1.900000000000000000e+01,3.039841673528437926e+00,5.921153980872983710e-03
1.900000000000000000e+01,3.043288899740312470e+00,5.844658245502299884e-03
1.900000000000000000e+01,3.046736466298560764e+00,5.789595975166538476e-03
1.900000000000000000e+01,3.050184348916684218e+00,5.737042677686867917e-03
1.900000000000000000e+01,3.053632523193331227e+00,5.560347734289597214e-03
1.900000000000000000e+01,3.057080964612250096e+00,5.357150626554057528e-03
1.900000000000000000e+01,3.060529648542242853e+00,7.963862993082518500e-04
1.900000000000000000e+01,3.063978550237123955e+00,2.381240197684200948e-04
1.900000000000000000e+01,3.067427644835680312e+00,1.678691621976183344e-04
1.900000000000000000e+01,3.070869301342692204e+00,1.552351696251925138e-04
1.900000000000000000e+01,3.074318689607980826e+00,1.270856381287379820e-04
1.900000000000000000e+01,3.077768195483054026e+00,1.179838124883388138e-04
1.900000000000000000e+01,3.081217793646421566e+00,1.170988732907294943e-04
1.900000000000000000e+01,3.084667458661439099e+00,1.164402317315374724e-04
1.900000000000000000e+01,3.088109473315589160e+00,1.074307435214824126e-04
1.900000000000000000e+01,3.091559178069081870e+00,1.246910688326781532e-04
1.900000000000000000e+01,3.095008872654115173e+00,1.923638949731129545e-04
1.900000000000000000e+01,3.098458531173472696e+00,3.060271256538412300e-04
2.000000000000000000e+01,2.732982227470418746e+00,1.826297616921061240e-01
2.000000000000000000e+01,2.736432482794700860e+00,2.669279337326825319e-01
2.000000000000000000e+01,2.739879351122726181e+00,2.568447331376050302e-01
2.000000000000000000e+01,2.743328843875850076e+00,2.435793594810305718e-01
2.000000000000000000e+01,2.746774862770038350e+00,2.320977007933777148e-01
2.000000000000000000e+01,2.750223449379463503e+00,2.244866653728945505e-01
2.000000000000000000e+01,2.753674590409778578e+00,2.203145160111760203e-01
2.000000000000000000e+01,2.757122141249363612e+00,2.192011402463969472e-01
2.000000000000000000e+01,2.760566042340017567e+00,2.202829684977159752e-01
2.000000000000000000e+01,2.764018557693985745e+00,2.055058727796991169e-01
2.000000000000000000e+01,2.767461187731447669e+00,2.492948071557905126e-02
2.000000000000000000e+01,2.770912404166737897e+00,1.493270829797777206e-02
2.000000000000000000e+01,2.774359822892734417e+00,8.080508243669379947e-03
2.000000000000000000e+01,2.777809606916736840e+00,6.752372272536890166e-03
2.000000000000000000e+01,2.781255502836574856e+00,6.522868860865499788e-03
2.000000000000000000e+01,2.784703704199829932e+00,6.478668308832454328e-03
2.000000000000000000e+01,2.788147926347539496e+00,9.946504232576943924e-03
2.000000000000000000e+01,2.791600678922760981e+00,7.365679617798433221e-02
2.000000000000000000e+01,2.795043090476260428e+00,9.529245533431619786e-02
2.000000000000000000e+01,2.798494002406115122e+00,9.743361201708011787e-02
2.000000000000000000e+01,2.801940781868234698e+00,1.008344472531840924e-01
2.000000000000000000e+01,2.805389714519748168e+00,1.043612567944763175e-01
2.000000000000000000e+01,2.808834421514795121e+00,1.083130631628473894e-01
2.000000000000000000e+01,2.812287598345081019e+00,1.134349062161304211e-01
2.000000000000000000e+01,2.815730092254171701e+00,1.176016831625165265e-01
2.000000000000000000e+01,2.819181024339006303e+00,1.184282284629567111e-01
2.000000000000000000e+01,2.822627573601432349e+00,1.070758548418338924e-01
2.000000000000000000e+01,2.826076118509744717e+00,1.049276535614475717e-02
2.000000000000000000e+01,2.829526642776947210e+00,4.832462888035663276e-03
2.000000000000000000e+01,2.832972656803320000e+00,3.109083542486970608e-03
2.000000000000000000e+01,2.836420585731449506e+00,2.840153057013436715e-03
2.000000000000000000e+01,2.839870412869007765e+00,2.229210180435186022e-03
2.000000000000000000e+01,2.843315600857695635e+00,1.961686815400968346e-03
2.000000000000000000e+01,2.846762621679029603e+00,1.914815859262182724e-03
2.000000000000000000e+01,2.850211458234488848e+00,1.703891768627929879e-03
2.000000000000000000e+01,2.853662093317443027e+00,1.615063195364359805e-03
2.000000000000000000e+01,2.857107925641209079e+00,1.591598976450334709e-03
2.000000000000000000e+01,2.860555489925645567e+00,1.588341874848123907e-03
2.000000000000000000e+01,2.864004768556617453e+00,1.543677479334315105e-03
2.000000000000000000e+01,2.867449112092238739e+00,1.733800630491015484e-03
2.000000000000000000e+01,2.870901750158041832e+00,1.619878814218921829e-03
2.000000000000000000e+01,2.874349385371875787e+00,2.351062905887099826e-03
2.000000000000000000e+01,2.877791951674792958e+00,2.958935522784126096e-03
2.000000000000000000e+01,2.881242774088754732e+00,2.619478236535065924e-02
2.000000000000000000e+01,2.884688458919366205e+00,3.290729711392104129e-02
2.000000000000000000e+01,2.888135667272326401e+00,3.440005491943411847e-02
2.000000000000000000e+01,2.891584380497048912e+00,3.521122514241754875e-02
2.000000000000000000e+01,2.895034579832586275e+00,3.581865412241406338e-02
2.000000000000000000e+01,2.898479470380316503e+00,3.654743168089250732e-02
2.000000000000000000e+01,2.901925776907095411e+00,3.702369953909941808e-02
2.000000000000000000e+01,2.905373480242120277e+00,3.691196620840783704e-02
2.000000000000000000e+01,2.908822561103622473e+00,3.693092321557919083e-02
2.000000000000000000e+01,2.912273000098660081e+00,7.929956818648926584e-03
2.000000000000000000e+01,2.915717920856395917e+00,8.282682787855608422e-03
2.000000000000000000e+01,2.919171001243166863e+00,3.515015222033082004e-02
2.000000000000000000e+01,2.922618491529225704e+00,3.503694754847518078e-02
2.000000000000000000e+01,2.926067228665903297e+00,3.519709358742355298e-02
2.000000000000000000e+01,2.929510270735431021e+00,3.490564461823264519e-02
2.000000000000000000e+01,2.932961425061571425e+00,3.498690991133394934e-02
2.000000000000000000e+01,2.936406811276298434e+00,3.501282535638489818e-02
2.000000000000000000e+01,2.939853330832565170e+00,3.504354027436552832e-02
2.000000000000000000e+01,2.943300963180315755e+00,3.530322694346219037e-02
2.000000000000000000e+01,2.946749687657017613e+00,2.926787983188149436e-02
2.000000000000000000e+01,2.950199483487491392e+00,9.227153448513821660e-03
2.000000000000000000e+01,2.953643293379428769e+00,1.496252129951950675e-03
2.000000000000000000e+01,2.957095152684269479e+00,1.122710884017085950e-03
2.000000000000000000e+01,2.960540951008748145e+00,6.523845239834368199e-04
2.000000000000000000e+01,2.963987703458273337e+00,4.606012098613868305e-04
2.000000000000000000e+01,2.967435388620835557e+00,4.059732348204410433e-04
2.000000000000000000e+01,2.970883984971168346e+00,3.316620382173180739e-04
2.000000000000000000e+01,2.974333470870613727e+00,2.832796833238950766e-04
2.000000000000000000e+01,2.977783824566972548e+00,2.628293774462638738e-04
2.000000000000000000e+01,2.981227855747897504e+00,2.373621580870175114e-04
2.000000000000000000e+01,2.984679862716122845e+00,2.031982720157652744e-04
2.000000000000000000e+01,2.988125469863089467e+00,2.151871530249790390e-04
2.000000000000000000e+01,2.991571823358956106e+00,2.135153366267683215e-04
2.000000000000000000e+01,2.995018900813596119e+00,1.971587005583382945e-04
2.000000000000000000e+01,2.998466679722951778e+00,2.349657768426833995e-04
2.000000000000000000e+01,3.001915137468924577e+00,2.407049803185601659e-04
2.000000000000000000e+01,3.005364251319263325e+00,3.893084207014053466e-04
2.000000000000000000e+01,3.008813998427458003e+00,6.235397015009044516e-04
2.000000000000000000e+01,3.012257037388338610e+00,4.419479697990578125e-03
2.000000000000000000e+01,3.015707965237110155e+00,4.658376114369584646e-03
2.000000000000000000e+01,3.019152105109111695e+00,4.822743323470503850e-03
2.000000000000000000e+01,3.022604120851319909e+00,4.874389182007347367e-03
2.000000000000000000e+01,3.026049268242209322e+00,4.927884022979998543e-03
2.000000000000000000e+01,3.029502278114438507e+00,4.961289565606489399e-03
2.000000000000000000e+01,3.032948338715878656e+00,4.947251400964190401e-03
2.000000000000000000e+01,3.036394811834639107e+00,8.485439267183019635e-03
2.000000000000000000e+01,3.039841673528437926e+00,4.984328943911460821e-03
2.000000000000000000e+01,3.043288899740312470e+00,4.911336675621606924e-03
2.000000000000000000e+01,3.046736466298560764e+00,5.035645933385670889e-03
2.000000000000000000e+01,3.050184348916684218e+00,5.217650480668908214e-03
2.000000000000000000e+01,3.053632523193331227e+00,5.523302749820530218e-03
2.000000000000000000e+01,3.057080964612250096e+00,5.826181276215015858e-03
2.000000000000000000e+01,3.060529648542242853e+00,9.442276780607883335e-03
2.000000000000000000e+01,3.063978550237123955e+00,6.309607259014922420e-03
2.000000000000000000e+01,3.067427644835680312e+00,6.282194149795231400e-03
2.000000000000000000e+01,3.070869301342692204e+00,6.335456950816225827e-03
2.000000000000000000e+01,3.074318689607980826e+00,6.392434775838713376e-03
2.000000000000000000e+01,3.077768195483054026e+00,6.419727939128035826e-03
2.000000000000000000e+01,3.081217793646421566e+00,6.126273346760691130e-03
2.000000000000000000e+01,3.084667458661439099e+00,3.674027571167618259e-03
2.000000000000000000e+01,3.088109473315589160e+00,4.253226534633767846e-04
2.000000000000000000e+01,3.091559178069081870e+00,2.239313931743363174e-04
2.000000000000000000e+01,3.095008872654115173e+00,1.943070849034242789e-04
2.000000000000000000e+01,3.098458531173472696e+00,1.612920131044864630e-04
2.100000000000000000e+01,2.736432482794700860e+00,5.887204349252776379e-05
2.100000000000000000e+01,2.739879351122726181e+00,1.370872324508780283e-04
2.100000000000000000e+01,2.743328843875850076e+00,1.848792041305694252e-04
2.100000000000000000e+01,2.746774862770038350e+00,4.188495029556975986e-04
2.100000000000000000e+01,2.750223449379463503e+00,6.412684984604660049e-04
2.100000000000000000e+01,2.753674590409778578e+00,1.160044717466715428e-03
2.100000000000000000e+01,2.757122141249363612e+00,1.913714388235282851e-03
2.100000000000000000e+01,2.760566042340017567e+00,3.569038330799886687e-03
2.100000000000000000e+01,2.764018557693985745e+00,2.318697794503245951e-02
2.100000000000000000e+01,2.767461187731447669e+00,2.106364884393766845e-01
2.100000000000000000e+01,2.770912404166737897e+00,2.285851574089890481e-01
2.100000000000000000e+01,2.774359822892734417e+00,2.434745956558970470e-01
2.100000000000000000e+01,2.777809606916736840e+00,2.525263084763550436e-01
2.100000000000000000e+01,2.781255502836574856e+00,2.599995854305143239e-01
2.100000000000000000e+01,2.784703704199829932e+00,2.660289619327937949e-01
2.100000000000000000e+01,2.788147926347539496e+00,2.717015611811043341e-01
2.100000000000000000e+01,2.791600678922760981e+00,2.775445043619919061e-01
2.100000000000000000e+01,2.795043090476260428e+00,2.836541312082904165e-01
2.100000000000000000e+01,2.798494002406115122e+00,2.915049557181764728e-01
2.100000000000000000e+01,2.801940781868234698e+00,3.007892085408954697e-01
2.100000000000000000e+01,2.805389714519748168e+00,3.114315910179717983e-01
2.100000000000000000e+01,2.808834421514795121e+00,3.227006530956159081e-01
2.100000000000000000e+01,2.812287598345081019e+00,3.331585181354152492e-01
2.100000000000000000e+01,2.815730092254171701e+00,3.436390793975308000e-01
2.100000000000000000e+01,2.819181024339006303e+00,3.550988618854394874e-01
2.100000000000000000e+01,2.822627573601432349e+00,3.751607748096580930e-01
2.100000000000000000e+01,2.826076118509744717e+00,4.759985451225945963e-01
2.100000000000000000e+01,2.829526642776947210e+00,4.802643407135613884e-01
2.100000000000000000e+01,2.832972656803320000e+00,4.758918280497433928e-01
2.100000000000000000e+01,2.836420585731449506e+00,4.644009034760547827e-01
2.100000000000000000e+01,2.839870412869007765e+00,4.508708220944228073e-01
2.100000000000000000e+01,2.843315600857695635e+00,4.318911605356534622e-01
2.100000000000000000e+01,2.846762621679029603e+00,4.114976584314395947e-01
2.100000000000000000e+01,2.850211458234488848e+00,2.389106964390801113e-01
2.100000000000000000e+01,2.853662093317443027e+00,1.588241487937488150e-01
2.100000000000000000e+01,2.857107925641209079e+00,1.459602465503875846e-01
2.100000000000000000e+01,2.860555489925645567e+00,1.382564167387259624e-01
2.100000000000000000e+01,2.864004768556617453e+00,1.314092492128842715e-01
2.100000000000000000e+01,2.867449112092238739e+00,1.246294065347270663e-01
2.100000000000000000e+01,2.870901750158041832e+00,1.188893576806973884e-01
2.100000000000000000e+01,2.874349385371875787e+00,1.135112769646796915e-01
2.100000000000000000e+01,2.877791951674792958e+00,1.087286883136456689e-01
2.100000000000000000e+01,2.881242774088754732e+00,1.043076134865362631e-01
2.100000000000000000e+01,2.884688458919366205e+00,1.006456113009620706e-01
2.100000000000000000e+01,2.888135667272326401e+00,9.733393695658706934e-02
2.100000000000000000e+01,2.891584380497048912e+00,9.356810594034140061e-02
2.100000000000000000e+01,2.895034579832586275e+00,8.860146371434098056e-02
2.100000000000000000e+01,2.898479470380316503e+00,2.577834685994984110e-02
2.100000000000000000e+01,2.901925776907095411e+00,5.340091648089510812e-03
2.100000000000000000e+01,2.905373480242120277e+00,4.947071861682333926e-03
2.100000000000000000e+01,2.908822561103622473e+00,5.313170862952866155e-03
2.100000000000000000e+01,2.912273000098660081e+00,3.454827153294304232e-02
2.100000000000000000e+01,2.915717920856395917e+00,3.978572549975507855e-02
2.100000000000000000e+01,2.919171001243166863e+00,3.992972685190758486e-02
2.100000000000000000e+01,2.922618491529225704e+00,3.988738543063846675e-02
2.100000000000000000e+01,2.926067228665903297e+00,3.956632414008998122e-02
2.100000000000000000e+01,2.929510270735431021e+00,3.906099271303193482e-02
2.100000000000000000e+01,2.932961425061571425e+00,3.850410377954111701e-02
2.100000000000000000e+01,2.936406811276298434e+00,3.797261078321386568e-02
2.100000000000000000e+01,2.939853330832565170e+00,3.783784744203283479e-02
2.100000000000000000e+01,2.943300963180315755e+00,3.762049284129888316e-02
2.100000000000000000e+01,2.946749687657017613e+00,4.402640105526939296e-02
2.100000000000000000e+01,2.950199483487491392e+00,6.467555819543063800e-02
2.100000000000000000e+01,2.953643293379428769e+00,7.342455247387982831e-02
2.100000000000000000e+01,2.957095152684269479e+00,7.504703116300562304e-02
2.100000000000000000e+01,2.960540951008748145e+00,7.641098794963402385e-02
2.100000000000000000e+01,2.963987703458273337e+00,7.719031155698365121e-02
2.100000000000000000e+01,2.967435388620835557e+00,5.376978900545293510e-02
2.100000000000000000e+01,2.970883984971168346e+00,4.565253260000860791e-02
2.100000000000000000e+01,2.974333470870613727e+00,4.528331756194851898e-02
2.100000000000000000e+01,2.977783824566972548e+00,4.502800052773487521e-02
2.100000000000000000e+01,2.981227855747897504e+00,4.463871121496956751e-02
2.100000000000000000e+01,2.984679862716122845e+00,4.402094610615146092e-02
2.100000000000000000e+01,2.988125469863089467e+00,4.316503039312936940e-02
2.100000000000000000e+01,2.991571823358956106e+00,4.183823286880863218e-02
2.100000000000000000e+01,2.995018900813596119e+00,3.359631362209034716e-02
2.100000000000000000e+01,2.998466679722951778e+00,9.737912328223623237e-03
2.100000000000000000e+01,3.001915137468924577e+00,1.723755680222806459e-03
2.100000000000000000e+01,3.005364251319263325e+00,9.459911709605191548e-04
2.100000000000000000e+01,3.008813998427458003e+00,6.764203580629349387e-04
2.100000000000000000e+01,3.012257037388338610e+00,5.103002943615334019e-04
2.100000000000000000e+01,3.015707965237110155e+00,4.278703993949703379e-04
2.100000000000000000e+01,3.019152105109111695e+00,3.881644340223206120e-04
2.100000000000000000e+01,3.022604120851319909e+00,3.788736377949414292e-04
2.100000000000000000e+01,3.026049268242209322e+00,3.724275961968579319e-04
2.100000000000000000e+01,3.029502278114438507e+00,3.810888405729683480e-04
2.100000000000000000e+01,3.032948338715878656e+00,5.241310517906072304e-04
2.100000000000000000e+01,3.036394811834639107e+00,7.886906181623341318e-04
2.100000000000000000e+01,3.039841673528437926e+00,4.881217962123157381e-03
2.100000000000000000e+01,3.043288899740312470e+00,5.298650317990428495e-03
2.100000000000000000e+01,3.046736466298560764e+00,5.426519251363569156e-03
2.100000000000000000e+01,3.050184348916684218e+00,5.505218215335048494e-03
2.100000000000000000e+01,3.053632523193331227e+00,5.551182106373577473e-03
2.100000000000000000e+01,3.057080964612250096e+00,5.626969943904325255e-03
2.100000000000000000e+01,3.060529648542242853e+00,6.739548009819677776e-03
2.100000000000000000e+01,3.063978550237123955e+00,1.057258316310158430e-02
2.100000000000000000e+01,3.067427644835680312e+00,1.073206858474943896e-02
2.100000000000000000e+01,3.070869301342692204e+00,8.140305013775399681e-03
2.100000000000000000e+01,3.074318689607980826e+00,6.025641220887268529e-03
2.100000000000000000e+01,3.077768195483054026e+00,6.049096610452115406e-03
2.100000000000000000e+01,3.081217793646421566e+00,6.538322682089725904e-03
2.100000000000000000e+01,3.084667458661439099e+00,9.230113362485553585e-03
2.100000000000000000e+01,3.088109473315589160e+00,1.267714579197915664e-02
2.100000000000000000e+01,3.091559178069081870e+00,1.130582427494556709e-02
2.100000000000000000e+01,3.095008872654115173e+00,7.641819753244762786e-03
2.100000000000000000e+01,3.098458531173472696e+00,7.584858484285258474e-03
2.200000000000000000e+01,2.857107925641209079e+00,2.297096204065612324e-01
2.200000000000000000e+01,2.860555489925645567e+00,2.259135531361914639e-01
2.200000000000000000e+01,2.864004768556617453e+00,2.231437368364087848e-01
2.200000000000000000e+01,2.867449112092238739e+00,2.225926830743969465e-01
2.200000000000000000e+01,2.870901750158041832e+00,2.226356784927754628e-01
2.200000000000000000e+01,2.874349385371875787e+00,2.226250838674387056e-01
2.200000000000000000e+01,2.877791951674792958e+00,1.281015566359708091e-01
2.200000000000000000e+01,2.881242774088754732e+00,1.437138804777019462e-02
2.200000000000000000e+01,2.884688458919366205e+00,8.825568408883910018e-03
2.200000000000000000e+01,2.888135667272326401e+00,5.813027614890295923e-03
2.200000000000000000e+01,2.891584380497048912e+00,6.710365256924056068e-03
2.200000000000000000e+01,2.895034579832586275e+00,9.680840865766610764e-03
2.200000000000000000e+01,2.898479470380316503e+00,7.110822141123616935e-02
2.200000000000000000e+01,2.901925776907095411e+00,9.107310654948647111e-02
2.200000000000000000e+01,2.905373480242120277e+00,9.211873482698225424e-02
2.200000000000000000e+01,2.908822561103622473e+00,9.270878796509846032e-02
2.200000000000000000e+01,2.912273000098660081e+00,9.358621541525363741e-02
2.200000000000000000e+01,2.915717920856395917e+00,9.429218462891174324e-02
2.200000000000000000e+01,2.919171001243166863e+00,9.380774168262759338e-02
2.200000000000000000e+01,2.922618491529225704e+00,2.559627191602430185e-02
2.200000000000000000e+01,2.926067228665903297e+00,4.931159031079392595e-03
2.200000000000000000e+01,2.929510270735431021e+00,2.966887797603177165e-03
2.200000000000000000e+01,2.932961425061571425e+00,2.237309281717141628e-03
2.200000000000000000e+01,2.936406811276298434e+00,1.875375436703051197e-03
2.200000000000000000e+01,2.939853330832565170e+00,1.587805615489785733e-03
2.200000000000000000e+01,2.943300963180315755e+00,1.460569011774152069e-03
2.200000000000000000e+01,2.946749687657017613e+00,1.391954817205992047e-03
2.200000000000000000e+01,2.950199483487491392e+00,1.389526213053927668e-03
2.200000000000000000e+01,2.953643293379428769e+00,1.425834469394806833e-03
2.200000000000000000e+01,2.957095152684269479e+00,1.512619058569271814e-03
2.200000000000000000e+01,2.960540951008748145e+00,2.180640227355375594e-03
2.200000000000000000e+01,2.963987703458273337e+00,3.200432285867230511e-03
2.200000000000000000e+01,2.967435388620835557e+00,2.816142564449109972e-02
2.200000000000000000e+01,2.970883984971168346e+00,3.775705154821983739e-02
2.200000000000000000e+01,2.974333470870613727e+00,3.928415695887513964e-02
2.200000000000000000e+01,2.977783824566972548e+00,4.035275652507017141e-02
2.200000000000000000e+01,2.981227855747897504e+00,4.122770983691650265e-02
2.200000000000000000e+01,2.984679862716122845e+00,4.193605024279260796e-02
2.200000000000000000e+01,2.988125469863089467e+00,4.227135275834104783e-02
2.200000000000000000e+01,2.991571823358956106e+00,3.969864108336985248e-02
2.200000000000000000e+01,2.995018900813596119e+00,1.174407714656491505e-02
2.200000000000000000e+01,2.998466679722951778e+00,3.392152357224627324e-02
2.200000000000000000e+01,3.001915137468924577e+00,4.147269895388216998e-02
2.200000000000000000e+01,3.005364251319263325e+00,4.210951035215830529e-02
2.200000000000000000e+01,3.008813998427458003e+00,4.263912023078219454e-02
2.200000000000000000e+01,3.012257037388338610e+00,4.307705671235981942e-02
2.200000000000000000e+01,3.015707965237110155e+00,4.350973238420175609e-02
2.200000000000000000e+01,3.019152105109111695e+00,4.359268170684330729e-02
2.200000000000000000e+01,3.022604120851319909e+00,3.736967630552583131e-02
2.200000000000000000e+01,3.026049268242209322e+00,3.203526855898295323e-03
2.200000000000000000e+01,3.029502278114438507e+00,1.294374871755118008e-03
2.200000000000000000e+01,3.032948338715878656e+00,7.680127852079994153e-04
2.200000000000000000e+01,3.036394811834639107e+00,4.603716160503185063e-04
2.200000000000000000e+01,3.039841673528437926e+00,3.700865053508919315e-04
2.200000000000000000e+01,3.043288899740312470e+00,3.152436920088668121e-04
2.200000000000000000e+01,3.046736466298560764e+00,2.777583467794448062e-04
2.200000000000000000e+01,3.050184348916684218e+00,2.522689969763152970e-04
2.200000000000000000e+01,3.053632523193331227e+00,2.446503771042951754e-04
2.200000000000000000e+01,3.057080964612250096e+00,2.421810395913667833e-04
2.200000000000000000e+01,3.060529648542242853e+00,2.544767572747493175e-04
2.200000000000000000e+01,3.063978550237123955e+00,2.971881538611311803e-04
2.200000000000000000e+01,3.067427644835680312e+00,4.514060794365608526e-04
2.200000000000000000e+01,3.070869301342692204e+00,3.241043318136396009e-03
2.200000000000000000e+01,3.074318689607980826e+00,5.585294130015342438e-03
2.200000000000000000e+01,3.077768195483054026e+00,5.840032614079854884e-03
2.200000000000000000e+01,3.081217793646421566e+00,5.950416339906768569e-03
2.200000000000000000e+01,3.084667458661439099e+00,6.040771490431207265e-03
2.200000000000000000e+01,3.088109473315589160e+00,6.157030142665861731e-03
2.200000000000000000e+01,3.091559178069081870e+00,7.927033264752950462e-03
2.200000000000000000e+01,3.095008872654115173e+00,8.923396886738113598e-03
2.200000000000000000e+01,3.098458531173472696e+00,6.777494037947636579e-03
2.300000000000000000e+01,2.857107925641209079e+00,1.151934469933786105e-04
2.300000000000000000e+01,2.860555489925645567e+00,2.303061818434628681e-04
2.300000000000000000e+01,2.864004768556617453e+00,5.085454622829812133e-04
2.300000000000000000e+01,2.867449112092238739e+00,9.983179829955966811e-04
2.300000000000000000e+01,2.870901750158041832e+00,1.780443084379398910e-03
2.300000000000000000e+01,2.874349385371875787e+00,3.796325808612182554e-03
2.300000000000000000e+01,2.877791951674792958e+00,1.014455463456385154e-01
2.300000000000000000e+01,2.881242774088754732e+00,2.188942999338231443e-01
2.300000000000000000e+01,2.884688458919366205e+00,2.287276434448168028e-01
2.300000000000000000e+01,2.888135667272326401e+00,2.366050835948774744e-01
2.300000000000000000e+01,2.891584380497048912e+00,2.420790809633687757e-01
2.300000000000000000e+01,2.895034579832586275e+00,2.479337175483387057e-01
2.300000000000000000e+01,2.898479470380316503e+00,2.540177570778286431e-01
2.300000000000000000e+01,2.901925776907095411e+00,2.601499341141499388e-01
2.300000000000000000e+01,2.905373480242120277e+00,2.662204942444812983e-01
2.300000000000000000e+01,2.908822561103622473e+00,2.718987432844796048e-01
2.300000000000000000e+01,2.912273000098660081e+00,2.769789633027688880e-01
2.300000000000000000e+01,2.915717920856395917e+00,2.809652178794172506e-01
2.300000000000000000e+01,2.919171001243166863e+00,2.843402130642307957e-01
2.300000000000000000e+01,2.922618491529225704e+00,3.536510885044551467e-01
2.300000000000000000e+01,2.926067228665903297e+00,3.728680611060555261e-01
2.300000000000000000e+01,2.929510270735431021e+00,3.714263923635319209e-01
2.300000000000000000e+01,2.932961425061571425e+00,3.672360699465456735e-01
2.300000000000000000e+01,2.936406811276298434e+00,3.612443722240563093e-01
2.300000000000000000e+01,2.939853330832565170e+00,3.548692989732055714e-01
2.300000000000000000e+01,2.943300963180315755e+00,3.472171032929564638e-01
2.300000000000000000e+01,2.946749687657017613e+00,3.373170268837343277e-01
2.300000000000000000e+01,2.950199483487491392e+00,1.993859306406746135e-01
2.300000000000000000e+01,2.953643293379428769e+00,1.171476656683486661e-01
2.300000000000000000e+01,2.957095152684269479e+00,1.078818618047482220e-01
2.300000000000000000e+01,2.960540951008748145e+00,1.049984577928458618e-01
2.300000000000000000e+01,2.963987703458273337e+00,1.021838348672467062e-01
2.300000000000000000e+01,2.967435388620835557e+00,9.994719073805213849e-02
2.300000000000000000e+01,2.970883984971168346e+00,9.801183673247759742e-02
2.300000000000000000e+01,2.974333470870613727e+00,9.628263180751411854e-02
2.300000000000000000e+01,2.977783824566972548e+00,9.453195086617163789e-02
2.300000000000000000e+01,2.981227855747897504e+00,9.305397807503733298e-02
2.300000000000000000e+01,2.984679862716122845e+00,9.010527067514996491e-02
2.300000000000000000e+01,2.988125469863089467e+00,2.599580527180272646e-02
2.300000000000000000e+01,2.991571823358956106e+00,9.993449802565489495e-03
2.300000000000000000e+01,2.995018900813596119e+00,4.480867636313881630e-02
2.300000000000000000e+01,2.998466679722951778e+00,4.556167163218668298e-02
2.300000000000000000e+01,3.001915137468924577e+00,4.549881537956556449e-02
2.300000000000000000e+01,3.005364251319263325e+00,4.552031359289260282e-02
2.300000000000000000e+01,3.008813998427458003e+00,4.526076606243799316e-02
2.300000000000000000e+01,3.012257037388338610e+00,4.538132829810586494e-02
2.300000000000000000e+01,3.015707965237110155e+00,4.564881618306145666e-02
2.300000000000000000e+01,3.019152105109111695e+00,4.661773166957546011e-02
2.300000000000000000e+01,3.022604120851319909e+00,5.408332545136397551e-02
2.300000000000000000e+01,3.026049268242209322e+00,8.988014911169754650e-02
2.300000000000000000e+01,3.029502278114438507e+00,9.357011875436532788e-02
2.300000000000000000e+01,3.032948338715878656e+00,9.590839249820420909e-02
2.300000000000000000e+01,3.036394811834639107e+00,9.781132877568428363e-02
2.300000000000000000e+01,3.039841673528437926e+00,9.930117961700056506e-02
2.300000000000000000e+01,3.043288899740312470e+00,6.485477858210982050e-02
2.300000000000000000e+01,3.046736466298560764e+00,5.444393412277468564e-02
2.300000000000000000e+01,3.050184348916684218e+00,5.459626848804274152e-02
2.300000000000000000e+01,3.053632523193331227e+00,5.459483353930039834e-02
2.300000000000000000e+01,3.057080964612250096e+00,5.467516034775261879e-02
2.300000000000000000e+01,3.060529648542242853e+00,5.410495291422414560e-02
2.300000000000000000e+01,3.063978550237123955e+00,5.208568276614523873e-02
2.300000000000000000e+01,3.067427644835680312e+00,3.825516214835891857e-03
2.300000000000000000e+01,3.070869301342692204e+00,1.724350944699556141e-03
2.300000000000000000e+01,3.074318689607980826e+00,8.894539998158643331e-04
2.300000000000000000e+01,3.077768195483054026e+00,6.809009032375789314e-04
2.300000000000000000e+01,3.081217793646421566e+00,5.288807018472849522e-04
2.300000000000000000e+01,3.084667458661439099e+00,5.056249370492430862e-04
2.300000000000000000e+01,3.088109473315589160e+00,5.305258502791426745e-04
2.300000000000000000e+01,3.091559178069081870e+00,6.799369506071580027e-04
2.300000000000000000e+01,3.095008872654115173e+00,3.720183354580144496e-03
2.300000000000000000e+01,3.098458531173472696e+00,6.326124723869413873e-03
2.400000000000000000e+01,2.960540951008748145e+00,2.303925623012638424e-01
2.400000000000000000e+01,2.963987703458273337e+00,2.328902267114006386e-01
2.400000000000000000e+01,2.967435388620835557e+00,2.347062842688004414e-01
2.400000000000000000e+01,2.970883984971168346e+00,2.308143515793784628e-01
2.400000000000000000e+01,2.974333470870613727e+00,1.944174625248504262e-02
2.400000000000000000e+01,2.977783824566972548e+00,8.701133170454847937e-03
2.400000000000000000e+01,2.981227855747897504e+00,6.583008949627463038e-03
2.400000000000000000e+01,2.984679862716122845e+00,7.370727259244414659e-03
2.400000000000000000e+01,2.988125469863089467e+00,7.062515440861255600e-02
2.400000000000000000e+01,2.991571823358956106e+00,8.953349115943329273e-02
2.400000000000000000e+01,2.995018900813596119e+00,9.018412882048226775e-02
2.400000000000000000e+01,2.998466679722951778e+00,9.041028526083490224e-02
2.400000000000000000e+01,3.001915137468924577e+00,9.063022917852747717e-02
2.400000000000000000e+01,3.005364251319263325e+00,8.886264893091712358e-02
2.400000000000000000e+01,3.008813998427458003e+00,2.554348672903473949e-02
2.400000000000000000e+01,3.012257037388338610e+00,4.483643454788801067e-03
2.400000000000000000e+01,3.015707965237110155e+00,2.379835662041490923e-03
2.400000000000000000e+01,3.019152105109111695e+00,1.966386328409324563e-03
2.400000000000000000e+01,3.022604120851319909e+00,1.647700405126769577e-03
2.400000000000000000e+01,3.026049268242209322e+00,1.413921613645839062e-03
2.400000000000000000e+01,3.029502278114438507e+00,1.399743186440780083e-03
2.400000000000000000e+01,3.032948338715878656e+00,1.608683125448861009e-03
2.400000000000000000e+01,3.036394811834639107e+00,2.019290464987237924e-03
2.400000000000000000e+01,3.039841673528437926e+00,2.686315771964977069e-03
2.400000000000000000e+01,3.043288899740312470e+00,3.912062099997839354e-02
2.400000000000000000e+01,3.046736466298560764e+00,5.140419735149896752e-02
2.400000000000000000e+01,3.050184348916684218e+00,5.274693696338073057e-02
2.400000000000000000e+01,3.053632523193331227e+00,5.382068313358032846e-02
2.400000000000000000e+01,3.057080964612250096e+00,5.472468525975004300e-02
2.400000000000000000e+01,3.060529648542242853e+00,5.419078779997820589e-02
2.400000000000000000e+01,3.063978550237123955e+00,1.378296205407427040e-02
2.400000000000000000e+01,3.067427644835680312e+00,5.383069415762690990e-02
2.400000000000000000e+01,3.070869301342692204e+00,5.608984472100043972e-02
2.400000000000000000e+01,3.074318689607980826e+00,5.719354025182823986e-02
2.400000000000000000e+01,3.077768195483054026e+00,5.794993164821575504e-02
2.400000000000000000e+01,3.081217793646421566e+00,5.803345007144788265e-02
2.400000000000000000e+01,3.084667458661439099e+00,5.677035174545321666e-02
2.400000000000000000e+01,3.088109473315589160e+00,4.113935229950614961e-03
2.400000000000000000e+01,3.091559178069081870e+00,1.673970600196930236e-03
2.400000000000000000e+01,3.095008872654115173e+00,9.459664731315947910e-04
2.400000000000000000e+01,3.098458531173472696e+00,6.770636548465459046e-04
2.500000000000000000e+01,2.960540951008748145e+00,2.118376135959666642e-04
2.500000000000000000e+01,2.963987703458273337e+00,5.812114678726966292e-04
2.500000000000000000e+01,2.967435388620835557e+00,1.789327655859972513e-03
2.500000000000000000e+01,2.970883984971168346e+00,8.635329948551711751e-03
2.500000000000000000e+01,2.974333470870613727e+00,2.232073081535829173e-01
2.500000000000000000e+01,2.977783824566972548e+00,2.373279081546474656e-01
2.500000000000000000e+01,2.981227855747897504e+00,2.427020052276558926e-01
2.500000000000000000e+01,2.984679862716122845e+00,2.469390781426016868e-01
2.500000000000000000e+01,2.988125469863089467e+00,2.501003629862931232e-01
2.500000000000000000e+01,2.991571823358956106e+00,2.528488896030805511e-01
2.500000000000000000e+01,2.995018900813596119e+00,2.551659101861382672e-01
2.500000000000000000e+01,2.998466679722951778e+00,2.570523497694527926e-01
2.500000000000000000e+01,3.001915137468924577e+00,2.585656443542501681e-01
2.500000000000000000e+01,3.005364251319263325e+00,2.612679958901311106e-01
2.500000000000000000e+01,3.008813998427458003e+00,3.255032924534290717e-01
2.500000000000000000e+01,3.012257037388338610e+00,3.469612507873249818e-01
2.500000000000000000e+01,3.015707965237110155e+00,3.497297670637431466e-01
2.500000000000000000e+01,3.019152105109111695e+00,3.508882607196035508e-01
2.500000000000000000e+01,3.022604120851319909e+00,3.519704400806676903e-01
2.500000000000000000e+01,3.026049268242209322e+00,3.527260942302128388e-01
2.500000000000000000e+01,3.029502278114438507e+00,3.530395180045643455e-01
2.500000000000000000e+01,3.032948338715878656e+00,3.334206672443648656e-01
2.500000000000000000e+01,3.036394811834639107e+00,1.171973826324937684e-01
2.500000000000000000e+01,3.039841673528437926e+00,1.102311753479762457e-01
2.500000000000000000e+01,3.043288899740312470e+00,1.079549257441971138e-01
2.500000000000000000e+01,3.046736466298560764e+00,1.066173723836007226e-01
2.500000000000000000e+01,3.050184348916684218e+00,1.055953934816257073e-01
2.500000000000000000e+01,3.053632523193331227e+00,1.052877460576824992e-01
2.500000000000000000e+01,3.057080964612250096e+00,1.043919356224082828e-01
2.500000000000000000e+01,3.060529648542242853e+00,1.036476298511926353e-01
2.500000000000000000e+01,3.063978550237123955e+00,7.609790450341105683e-02
2.500000000000000000e+01,3.067427644835680312e+00,6.052233833867598500e-02
2.500000000000000000e+01,3.070869301342692204e+00,6.034878476644195411e-02
2.500000000000000000e+01,3.074318689607980826e+00,6.080610092510527198e-02
2.500000000000000000e+01,3.077768195483054026e+00,6.127796751187211677e-02
2.500000000000000000e+01,3.081217793646421566e+00,6.277094763394308607e-02
2.500000000000000000e+01,3.084667458661439099e+00,6.574126383022312059e-02
2.500000000000000000e+01,3.088109473315589160e+00,1.202622114661943686e-01
2.500000000000000000e+01,3.091559178069081870e+00,1.246128470960978091e-01
2.500000000000000000e+01,3.095008872654115173e+00,1.274201491788502782e-01
2.500000000000000000e+01,3.098458531173472696e+00,1.295818642076436156e-01
2.600000000000000000e+01,3.046736466298560764e+00,2.605828253743309175e-01
2.600000000000000000e+01,3.050184348916684218e+00,2.552209462342908686e-01
2.600000000000000000e+01,3.053632523193331227e+00,1.930487925839620769e-02
2.600000000000000000e+01,3.057080964612250096e+00,8.280643684961876139e-03
2.600000000000000000e+01,3.060529648542242853e+00,8.357649624662759000e-03
2.600000000000000000e+01,3.063978550237123955e+00,7.824374398314311307e-02
2.600000000000000000e+01,3.067427644835680312e+00,1.027049369087252723e-01
2.600000000000000000e+01,3.070869301342692204e+00,1.038540412219429443e-01
2.600000000000000000e+01,3.074318689607980826e+00,1.038180865374087047e-01
2.600000000000000000e+01,3.077768195483054026e+00,1.023654504804159260e-01
2.600000000000000000e+01,3.081217793646421566e+00,8.150655703043340264e-03
2.600000000000000000e+01,3.084667458661439099e+00,3.165520595344882993e-03
2.600000000000000000e+01,3.088109473315589160e+00,2.187069902633070103e-03
2.600000000000000000e+01,3.091559178069081870e+00,1.705826555547968870e-03
2.600000000000000000e+01,3.095008872654115173e+00,1.713099643354131950e-03
2.600000000000000000e+01,3.098458531173472696e+00,1.859611687412324708e-03
2.700000000000000000e+01,3.046736466298560764e+00,1.297736254486566007e-03
2.700000000000000000e+01,3.050184348916684218e+00,9.669370687052295313e-03
2.700000000000000000e+01,3.053632523193331227e+00,2.479663367083355108e-01
2.700000000000000000e+01,3.057080964612250096e+00,2.617626014966901171e-01
2.700000000000000000e+01,3.060529648542242853e+00,2.661947188237584472e-01
2.700000000000000000e+01,3.063978550237123955e+00,2.689968134762423801e-01
2.700000000000000000e+01,3.067427644835680312e+00,2.711390695556263886e-01
2.700000000000000000e+01,3.070869301342692204e+00,2.730644444673724913e-01
2.700000000000000000e+01,3.074318689607980826e+00,2.755801687996097815e-01
2.700000000000000000e+01,3.077768195483054026e+00,2.797626620235681982e-01
2.700000000000000000e+01,3.081217793646421566e+00,3.768880940470838992e-01
2.700000000000000000e+01,3.084667458661439099e+00,3.848457666896781260e-01
2.700000000000000000e+01,3.088109473315589160e+00,3.888780877848174167e-01
2.700000000000000000e+01,3.091559178069081870e+00,3.922142723855263635e-01
2.700000000000000000e+01,3.095008872654115173e+00,3.942924360096988767e-01
2.700000000000000000e+01,3.098458531173472696e+00,3.955710148694186468e-01
