mode,energy_eV,absorptance
0.000000000000000000e+00,1.099999098890103832e+00,2.647067874815857481e-05
0.000000000000000000e+00,1.102375730712192192e+00,8.006213096608290534e-06
0.000000000000000000e+00,1.104752810646187022e+00,9.142396197827185956e-04
0.000000000000000000e+00,1.107130277917975025e+00,3.354140373561080319e-05
0.000000000000000000e+00,1.109508071207282898e+00,3.933142363633076110e-05
0.000000000000000000e+00,1.111886128647274319e+00,8.453029696518729607e-05
0.000000000000000000e+00,1.114264387824213776e+00,8.191143933876655599e-04
0.000000000000000000e+00,1.116642785777203883e+00,1.000615302624708117e-02
0.000000000000000000e+00,1.119021258997989765e+00,3.860482482855174830e-03
0.000000000000000000e+00,1.121399743430837814e+00,6.113443757483395542e-04
0.000000000000000000e+00,1.123778174472484626e+00,1.626220132435864194e-04
0.000000000000000000e+00,1.126156486972162973e+00,2.535252079317821603e-05
0.000000000000000000e+00,1.128534615231699956e+00,9.931637511843338163e-05
0.000000000000000000e+00,1.130912493005694186e+00,1.459828315000840736e-05
0.000000000000000000e+00,1.133290053501766481e+00,9.092543424984318091e-06
0.000000000000000000e+00,1.135667229380893373e+00,1.670452848441030815e-05
0.000000000000000000e+00,1.138043952757815891e+00,1.461059894364050811e-06
0.000000000000000000e+00,1.140430645006762944e+00,9.001339400449487663e-06
0.000000000000000000e+00,1.142806301289510440e+00,8.729210275601320869e-06
0.000000000000000000e+00,1.145181298221050525e+00,8.237827418352753084e-07
0.000000000000000000e+00,1.147555565735549843e+00,8.713124029691888151e-06
0.000000000000000000e+00,1.149939698688533074e+00,3.350552714854613410e-06
0.000000000000000000e+00,1.152312339057216528e+00,2.121578588154758832e-06
0.000000000000000000e+00,1.154694790481869404e+00,1.194466477417221247e-05
0.000000000000000000e+00,1.157076315485336515e+00,2.438045952130693402e-06
0.000000000000000000e+00,1.159445998776818199e+00,5.994955549470333463e-06
0.000000000000000000e+00,1.161825408173174257e+00,1.034080052089402500e-05
0.000000000000000000e+00,1.164203671776672389e+00,3.340096169913015945e-06
0.000000000000000000e+00,1.166580715404594182e+00,5.769626960497319812e-05
0.000000000000000000e+00,1.168956464334743650e+00,6.275498358521340125e-05
0.000000000000000000e+00,1.171341909466407039e+00,1.778344332604718297e-04
0.000000000000000000e+00,1.173714887566505771e+00,1.613872929173650050e-03
0.000000000000000000e+00,1.176097499840639937e+00,4.333376117513644381e-05
0.000000000000000000e+00,1.178478603450343609e+00,3.749116109185598425e-05
0.000000000000000000e+00,1.180846874482839759e+00,2.348864633036764705e-05
0.000000000000000000e+00,1.183224683239016084e+00,1.659067222742992976e-06
0.000000000000000000e+00,1.185612087451950236e+00,9.269503505962881058e-06
0.000000000000000000e+00,1.187986378893309602e+00,4.109370889812025664e-06
0.000000000000000000e+00,1.190358770252602172e+00,1.461987050692461687e-06
0.000000000000000000e+00,1.192740655833151475e+00,6.716478142700699215e-06
0.000000000000000000e+00,1.195120572508726164e+00,9.993367467959530510e-07
0.000000000000000000e+00,1.197498439510897406e+00,2.724524861097961688e-06
0.000000000000000000e+00,1.199874175544611843e+00,3.365526686123528569e-06
0.000000000000000000e+00,1.202247698790813724e+00,3.634368462716249086e-07
0.000000000000000000e+00,1.204630630988217099e+00,3.773130766557938416e-06
0.000000000000000000e+00,1.207011277581778286e+00,2.221082808044895819e-06
0.000000000000000000e+00,1.209389555328822752e+00,8.262989651702885477e-07
0.000000000000000000e+00,1.211765380466591990e+00,3.860745001775978129e-06
0.000000000000000000e+00,1.214138668715299518e+00,5.791017197539000662e-07
0.000000000000000000e+00,1.216521271556269213e+00,2.192245094702831780e-06
0.000000000000000000e+00,1.218901260673629805e+00,3.886262769521114474e-06
0.000000000000000000e+00,1.221278550366432736e+00,1.738031218025780908e-07
0.000000000000000000e+00,1.223653054421999675e+00,3.468922547760294753e-06
0.000000000000000000e+00,1.226036809853057186e+00,1.571814496017392757e-06
0.000000000000000000e+00,1.228405528858331763e+00,7.256840478521707713e-07
0.000000000000000000e+00,1.230783418372779048e+00,4.798008001595677789e-06
0.000000000000000000e+00,1.233170531755207078e+00,3.300446139949660479e-07
0.000000000000000000e+00,1.235542297137962597e+00,2.646472456633674687e-06
0.000000000000000000e+00,1.237923203366784186e+00,2.858420303312620468e-06
0.000000000000000000e+00,1.240300895663398073e+00,2.018517183314617362e-07
0.000000000000000000e+00,1.242677775014586095e+00,3.747813991196461211e-06
0.000000000000000000e+00,1.245056280032780238e+00,1.109322995019144846e-06
0.000000000000000000e+00,1.247433866845625072e+00,1.242610687764563158e-06
0.000000000000000000e+00,1.249811732522333463e+00,4.017464372755173078e-06
0.000000000000000000e+00,1.252189828228160717e+00,1.660132793208574025e-07
0.000000000000000000e+00,1.254568104745505508e+00,3.272338551440403952e-06
0.000000000000000000e+00,1.256946512473745337e+00,2.796479909959805324e-06
0.000000000000000000e+00,1.259323722316235017e+00,3.967409392789966743e-07
0.000000000000000000e+00,1.261702237295382556e+00,5.274672106164733415e-06
0.000000000000000000e+00,1.264080732375299165e+00,1.041513255508882375e-06
0.000000000000000000e+00,1.266457862776105170e+00,3.536137850982052316e-06
0.000000000000000000e+00,1.268836159410696496e+00,8.939693208609977295e-06
0.000000000000000000e+00,1.271214281587295547e+00,2.120817103924329185e-07
0.000000000000000000e+00,1.273592177023115557e+00,1.250032878623872905e-05
0.000000000000000000e+00,1.275969793052491141e+00,9.179162671094476296e-06
0.000000000000000000e+00,1.278348394676446675e+00,9.141173209809247175e-06
0.000000000000000000e+00,1.280725297271503527e+00,1.531787792310504426e-04
0.000000000000000000e+00,1.283104415923701946e+00,1.095102634400609714e-04
0.000000000000000000e+00,1.285481727588297707e+00,3.385031790223248316e-04
0.000000000000000000e+00,1.287859838407007906e+00,6.886822062757086492e-05
0.000000000000000000e+00,1.290237365594768537e+00,3.588241639138759844e-06
0.000000000000000000e+00,1.292615601494206734e+00,1.581652064996437744e-05
0.000000000000000000e+00,1.294993152720043783e+00,3.357355779751708736e-06
0.000000000000000000e+00,1.297371320810711826e+00,2.870822976677856350e-06
0.000000000000000000e+00,1.299750064295511320e+00,5.043354674371875814e-06
0.000000000000000000e+00,1.302127973832296837e+00,6.174489761464000144e-07
0.000000000000000000e+00,1.304504992295077548e+00,3.049269617752420188e-06
0.000000000000000000e+00,1.306883817274359982e+00,1.772748944354488870e-06
0.000000000000000000e+00,1.309261655848396488e+00,5.852925354842723000e-07
0.000000000000000000e+00,1.311639837390945473e+00,2.997625490070473810e-06
0.000000000000000000e+00,1.314016925775080002e+00,5.641080239667661517e-07
0.000000000000000000e+00,1.316395657391975726e+00,1.783658060123029923e-06
0.000000000000000000e+00,1.318773197764609995e+00,2.500148643649722927e-06
0.000000000000000000e+00,1.321150895014793214e+00,3.299933733792809311e-07
0.000000000000000000e+00,1.323530117170831355e+00,2.986893109112915033e-06
0.000000000000000000e+00,1.325907998417265699e+00,9.658189726147334520e-07
0.000000000000000000e+00,1.328285901053660734e+00,2.109496853000456342e-06
0.000000000000000000e+00,1.330663779257676982e+00,3.936350589043126185e-06
0.000000000000000000e+00,1.333041586878621620e+00,4.027555272433756621e-07
0.000000000000000000e+00,1.335419277437480678e+00,6.190980211855859028e-06
0.000000000000000000e+00,1.337796804126984540e+00,3.975782056989730295e-06
0.000000000000000000e+00,1.340175568438737086e+00,3.819810850248651197e-06
0.000000000000000000e+00,1.342552630798620195e+00,2.922125422062404434e-05
0.000000000000000000e+00,1.344930845832843502e+00,1.437288819383470090e-05
0.000000000000000000e+00,1.347308716820470487e+00,4.627768454869747323e-04
0.000000000000000000e+00,1.349687664603416160e+00,1.047079828417163503e-04
0.000000000000000000e+00,1.352064707084743578e+00,4.218773307950973210e-06
0.000000000000000000e+00,1.354442738914278577e+00,1.261622580442433684e-05
0.000000000000000000e+00,1.356821726285427188e+00,2.752029998849371023e-06
0.000000000000000000e+00,1.359198655024307145e+00,2.803226045956048670e-06
0.000000000000000000e+00,1.361576449996873439e+00,4.218440578003150697e-06
0.000000000000000000e+00,1.363955076519934195e+00,4.702234645328270320e-07
0.000000000000000000e+00,1.366332993909127991e+00,2.139728244753317215e-06
0.000000000000000000e+00,1.368710151197721991e+00,1.513400168047420676e-06
0.000000000000000000e+00,1.371089529547983243e+00,1.294572549725581247e-06
0.000000000000000000e+00,1.373466544440631543e+00,3.044540692624696162e-06
0.000000000000000000e+00,1.375844181692285284e+00,4.704929850096175313e-07
0.000000000000000000e+00,1.378222404895539377e+00,2.021461058693927107e-06
0.000000000000000000e+00,1.380601177370847310e+00,2.024058137563834151e-06
0.000000000000000000e+00,1.382978919523796035e+00,3.152203162508664572e-07
0.000000000000000000e+00,1.385357126148375695e+00,4.007965913339312835e-06
0.000000000000000000e+00,1.387734206447297503e+00,9.541734623223218565e-07
0.000000000000000000e+00,1.390113223827786459e+00,5.185224923915271420e-06
0.000000000000000000e+00,1.392491028330698821e+00,8.457900043023347655e-05
0.000000000000000000e+00,1.394869134848162107e+00,1.392454707801192298e-06
0.000000000000000000e+00,1.397245930094993760e+00,1.969130434215934862e-05
0.000000000000000000e+00,1.399624519051433369e+00,3.093809240415405270e-06
0.000000000000000000e+00,1.402003293241485871e+00,6.379577117262782422e-06
0.000000000000000000e+00,1.404380622437389370e+00,1.532314116392888959e-05
0.000000000000000000e+00,1.406758046866900980e+00,6.516626982655246522e-07
0.000000000000000000e+00,1.409137128030744313e+00,2.406370391304497554e-05
0.000000000000000000e+00,1.411514627924003840e+00,1.417534999640230182e-05
0.000000000000000000e+00,1.413892102100584580e+00,1.633749118058947425e-04
0.000000000000000000e+00,1.416271127497783944e+00,5.511268640762191293e-03
0.000000000000000000e+00,1.418648432802419590e+00,5.931251017513623785e-06
0.000000000000000000e+00,1.421025588977857357e+00,1.788112127058817636e-04
0.000000000000000000e+00,1.423404188478144317e+00,3.691570474694264232e-05
0.000000000000000000e+00,1.425782566128521500e+00,5.313924269734131658e-05
0.000000000000000000e+00,1.428160679720647197e+00,9.557353998184141448e-04
0.000000000000000000e+00,1.430538486772758411e+00,1.195271320427601907e-03
0.000000000000000000e+00,1.432915944529842500e+00,1.099807091834435193e-03
0.000000000000000000e+00,1.435294671521053944e+00,1.495503952617451742e-03
0.000000000000000000e+00,1.437671306838161023e+00,1.645951152729916269e-03
0.000000000000000000e+00,1.440050808136397853e+00,2.240692243986933379e-03
0.000000000000000000e+00,1.442428130388856866e+00,3.337843318161189728e-03
0.000000000000000000e+00,1.444806580222042447e+00,4.349716819283097960e-03
0.000000000000000000e+00,1.447184440705151953e+00,7.076383869659887832e-03
0.000000000000000000e+00,1.449561667222405870e+00,1.158813254221227607e-02
0.000000000000000000e+00,1.451939915205273879e+00,2.144110350292850395e-02
0.000000000000000000e+00,1.454317450317589300e+00,5.523589147138168592e-02
0.000000000000000000e+00,1.456695938627691200e+00,1.646188311124222869e-01
0.000000000000000000e+00,1.459073634158916555e+00,6.419242220494535411e-01
0.000000000000000000e+00,1.461452213653828158e+00,5.767626574144419926e-01
0.000000000000000000e+00,1.463829919457844797e+00,1.703396346188749133e-01
0.000000000000000000e+00,1.466208439024566657e+00,8.436847450935880399e-02
0.000000000000000000e+00,1.468586002984929362e+00,4.321004763800702364e-02
0.000000000000000000e+00,1.470964309539829262e+00,3.215721701260310789e-02
0.000000000000000000e+00,1.473341577570034255e+00,2.912829540985682492e-03
0.000000000000000000e+00,1.475719516059424974e+00,3.159228502005768154e-03
0.000000000000000000e+00,1.478098094240766214e+00,6.382848284531060870e-05
0.000000000000000000e+00,1.480475513315234082e+00,4.055834649081521519e-03
0.000000000000000000e+00,1.482853498523538649e+00,1.111845567946642167e-03
0.000000000000000000e+00,1.485232018414436084e+00,1.027958714983898516e-03
0.000000000000000000e+00,1.487609256426934090e+00,1.178599803260572650e-03
0.000000000000000000e+00,1.489986954141012232e+00,1.018909631204302529e-04
0.000000000000000000e+00,1.492365079420795659e+00,3.614045276573338533e-04
0.000000000000000000e+00,1.494743599912236265e+00,2.827687493596862757e-05
0.000000000000000000e+00,1.497120675253670763e+00,2.256742121840165944e-04
0.000000000000000000e+00,1.499499882482282054e+00,3.978838848492582893e-04
0.000000000000000000e+00,1.501877567244239930e+00,1.056420036427426314e-04
0.000000000000000000e+00,1.504255504071110305e+00,7.930872007431309309e-03
0.000000000000000000e+00,1.506633659486564580e+00,1.357642056709814629e-04
0.000000000000000000e+00,1.509011999795530246e+00,4.004136598865320985e-04
0.000000000000000000e+00,1.511388648673164026e+00,9.155298734696928648e-05
0.000000000000000000e+00,1.513767251004833225e+00,2.620975719095089624e-05
0.000000000000000000e+00,1.516145935822170943e+00,1.281108848770907548e-04
0.000000000000000000e+00,1.518522808709106275e+00,2.900833635500645990e-06
0.000000000000000000e+00,1.520901548735163589e+00,4.718725546710165667e-05
0.000000000000000000e+00,1.523278395355869286e+00,1.075756118283146039e-05
0.000000000000000000e+00,1.525657050519223512e+00,2.742344605947659515e-05
0.000000000000000000e+00,1.528035613106303980e+00,2.841178656799782398e-05
0.000000000000000000e+00,1.530412158368475106e+00,1.780055136228949622e-06
0.000000000000000000e+00,1.532790422710940126e+00,1.664483613171079295e-05
0.000000000000000000e+00,1.535168486814444622e+00,2.076983425556612128e-06
0.000000000000000000e+00,1.537546314356687649e+00,1.313276228789270238e-05
0.000000000000000000e+00,1.539925781434329011e+00,1.045440946719916111e-05
0.000000000000000000e+00,1.542303031922281464e+00,1.472655285654605487e-06
0.000000000000000000e+00,1.544679935578640473e+00,1.199801035849075038e-05
0.000000000000000000e+00,1.547058385603538921e+00,7.989312003598043295e-07
0.000000000000000000e+00,1.549436426059346950e+00,1.295534228499507815e-05
0.000000000000000000e+00,1.551814019337569794e+00,9.827655728338157012e-06
0.000000000000000000e+00,1.554193075854291672e+00,3.564478163621171625e-06
0.000000000000000000e+00,1.556571621252926807e+00,7.677337448222088290e-06
0.000000000000000000e+00,1.558949617294478562e+00,3.540904169659048528e-07
0.000000000000000000e+00,1.561327025522138312e+00,8.057621815287646232e-06
0.000000000000000000e+00,1.563703807261558554e+00,2.399917369880641836e-06
0.000000000000000000e+00,1.566081901784048602e+00,6.321861259696633518e-06
0.000000000000000000e+00,1.568461288012522381e+00,1.757226237291152071e-05
0.000000000000000000e+00,1.570837964304495848e+00,3.404110708862951271e-07
0.000000000000000000e+00,1.573215865533810209e+00,5.370301892928171656e-05
0.000000000000000000e+00,1.575594970075133272e+00,7.828088415152818793e-06
0.000000000000000000e+00,1.577973247821740976e+00,1.564630560514514808e-04
0.000000000000000000e+00,1.580350658646643147e+00,3.456588601333565104e-04
0.000000000000000000e+00,1.582729182648527688e+00,1.169345233830219828e-04
0.000000000000000000e+00,1.585106770971465240e+00,6.198978503273920538e-04
0.000000000000000000e+00,1.587483382861448522e+00,1.975472581328019371e-06
0.000000000000000000e+00,1.589863054736732062e+00,9.476579723379066665e-05
0.000000000000000000e+00,1.592239647623282961e+00,1.812930795530708709e-05
0.000000000000000000e+00,1.594619254564539901e+00,1.342516970601511766e-05
0.000000000000000000e+00,1.596995699582284045e+00,3.934672939702330225e-05
0.000000000000000000e+00,1.599375112011809597e+00,4.846590721294961660e-07
0.000000000000000000e+00,1.601751278763500652e+00,2.009400949508412948e-05
0.000000000000000000e+00,1.604130365570978434e+00,1.670508958278118848e-06
0.000000000000000000e+00,1.606508203736388474e+00,1.726427284798095002e-05
0.000000000000000000e+00,1.608886838448475576e+00,1.521895365425735838e-05
0.000000000000000000e+00,1.611264151472938666e+00,1.686266866405068240e-06
0.000000000000000000e+00,1.613642199950546807e+00,1.586551254269819903e-05
0.000000000000000000e+00,1.616020959246320388e+00,1.020638669773445691e-07
0.000000000000000000e+00,1.618398292022371621e+00,1.637781453819216396e-05
0.000000000000000000e+00,1.620776273428434777e+00,1.569962376364661554e-06
0.000000000000000000e+00,1.623154878309403193e+00,1.025471968827847531e-05
0.000000000000000000e+00,1.625531950142255599e+00,1.659140952541029494e-05
0.000000000000000000e+00,1.627909582167395008e+00,2.737356826866886257e-06
0.000000000000000000e+00,1.630287748709084994e+00,5.101823618645351106e-05
0.000000000000000000e+00,1.632666423928462507e+00,6.634201276261631025e-07
0.000000000000000000e+00,1.635043425604618017e+00,1.523631491254898206e-04
0.000000000000000000e+00,1.637420871234776421e+00,2.219087797499122119e-05
0.000000000000000000e+00,1.639798734458945972e+00,2.305160441366947737e-05
0.000000000000000000e+00,1.642176988753630829e+00,4.041927026807292994e-05
0.000000000000000000e+00,1.644555607431689159e+00,2.102660291714253604e-06
0.000000000000000000e+00,1.646934563642211913e+00,3.164746818815908976e-05
0.000000000000000000e+00,1.649311636354932720e+00,6.428980712131642157e-07
0.000000000000000000e+00,1.651688979741587904e+00,2.746743351923353201e-05
0.000000000000000000e+00,1.654066566429912566e+00,3.751460260768342998e-06
0.000000000000000000e+00,1.656446581917050409e+00,9.316249275433789259e-06
0.000000000000000000e+00,1.658824578794847904e+00,2.393912837703742697e-05
0.000000000000000000e+00,1.661200510123229890e+00,5.219851888773331504e-06
0.000000000000000000e+00,1.663578793016376123e+00,3.658474727508285784e-05
0.000000000000000000e+00,1.665957179889875128e+00,9.690172117693467103e-07
0.000000000000000000e+00,1.668335642387050344e+00,3.530663362490465751e-05
0.000000000000000000e+00,1.670714151986992135e+00,5.561121867382142110e-06
0.000000000000000000e+00,1.673090422268976418e+00,3.528099327947643794e-05
0.000000000000000000e+00,1.675468933430814822e+00,2.927441512439506871e-05
0.000000000000000000e+00,1.677847405138119141e+00,1.674134414857396199e-05
0.000000000000000000e+00,1.680225808213018368e+00,7.002154919030985933e-05
0.000000000000000000e+00,1.682604113313405536e+00,5.842233644595220442e-06
0.000000000000000000e+00,1.684982290932964144e+00,8.691390963038795312e-05
0.000000000000000000e+00,1.687360311401208346e+00,2.898538738868596700e-06
0.000000000000000000e+00,1.689738144883533133e+00,4.560236831158834882e-05
0.000000000000000000e+00,1.692115761381273620e+00,3.345057750864410302e-05
0.000000000000000000e+00,1.694493130731776098e+00,3.136050396689906030e-05
0.000000000000000000e+00,1.696870222608480416e+00,5.505864179996927644e-05
0.000000000000000000e+00,1.699249335401934236e+00,5.972813650802894039e-06
0.000000000000000000e+00,1.701628122620680639e+00,4.560257335437733703e-05
0.000000000000000000e+00,1.704004211532359703e+00,1.137542813158913857e-06
0.000000000000000000e+00,1.706382248516707056e+00,5.612485154556132551e-05
0.000000000000000000e+00,1.708759867047055625e+00,1.197661672961060301e-05
0.000000000000000000e+00,1.711139397425514685e+00,2.443566554309889590e-05
0.000000000000000000e+00,1.713516091596347435e+00,3.274283159416179704e-05
0.000000000000000000e+00,1.715894647708231302e+00,1.473717933169526730e-05
0.000000000000000000e+00,1.718272672423617475e+00,4.868117623342355582e-05
0.000000000000000000e+00,1.720650133828133255e+00,2.067210813061603466e-06
0.000000000000000000e+00,1.723029394364145483e+00,4.237435227157121165e-05
0.000000000000000000e+00,1.725405639360965360e+00,3.159860465764275783e-06
0.000000000000000000e+00,1.727783632085690080e+00,4.561380738647239508e-05
0.000000000000000000e+00,1.730163359864028916e+00,2.466575241069986793e-05
0.000000000000000000e+00,1.732539967848906848e+00,2.145373495631742333e-05
0.000000000000000000e+00,1.734918258608534103e+00,8.251592829783944115e-05
0.000000000000000000e+00,1.737295784744042226e+00,1.016730748330215887e-05
0.000000000000000000e+00,1.739674954091988246e+00,2.221208128295214853e-04
0.000000000000000000e+00,1.742053305661134033e+00,6.221460150639174590e-06
0.000000000000000000e+00,1.744430805976284748e+00,1.294485989861806675e-04
0.000000000000000000e+00,1.746807421400558225e+00,5.872328376521296708e-05
0.000000000000000000e+00,1.749185585906543050e+00,3.679911053581270562e-05
0.000000000000000000e+00,1.751565285671503824e+00,3.212156728944175340e-05
0.000000000000000000e+00,1.753941544332989544e+00,1.095370866730057053e-05
0.000000000000000000e+00,1.756319283347408389e+00,4.334765735965021726e-05
0.000000000000000000e+00,1.758698488506720947e+00,5.850014157154211139e-06
0.000000000000000000e+00,1.761076644056678076e+00,5.203932772064019739e-05
0.000000000000000000e+00,1.763453715291095847e+00,1.380518218309258900e-06
0.000000000000000000e+00,1.765832182308382903e+00,5.697153300243921624e-05
0.000000000000000000e+00,1.768209508663195706e+00,3.951202257850499429e-06
0.000000000000000000e+00,1.770588187717695883e+00,7.567835084161110993e-05
0.000000000000000000e+00,1.772965669196805205e+00,3.757458947970124740e-05
0.000000000000000000e+00,1.775344459763996241e+00,4.419860749919987013e-05
0.000000000000000000e+00,1.777721995276969613e+00,9.119881495400181419e-05
0.000000000000000000e+00,1.780100795737554753e+00,2.001605476869155149e-05
0.000000000000000000e+00,1.782478283099381056e+00,6.709322147126456186e-05
0.000000000000000000e+00,1.784856990739158489e+00,1.409717177704516031e-06
0.000000000000000000e+00,1.787234326670235962e+00,6.249732399322404926e-05
0.000000000000000000e+00,1.789612837680196966e+00,3.781773271285363357e-06
0.000000000000000000e+00,1.791989917806559918e+00,6.686534537660015359e-05
0.000000000000000000e+00,1.794368127283230807e+00,4.063558182325851024e-05
0.000000000000000000e+00,1.796744846137017459e+00,3.518833483653218785e-05
0.000000000000000000e+00,1.799122648083041343e+00,5.229181955549260088e-05
0.000000000000000000e+00,1.801501516697256555e+00,1.961170676158136366e-05
0.000000000000000000e+00,1.803878810935230392e+00,2.870644652779693522e-05
0.000000000000000000e+00,1.806257124818080539e+00,8.611858576467028721e-06
0.000000000000000000e+00,1.808636441567766484e+00,3.856581225827186065e-05
0.000000000000000000e+00,1.811014098981616804e+00,5.177040192785604261e-06
0.000000000000000000e+00,1.813392711472929353e+00,7.303315283686232385e-05
0.000000000000000000e+00,1.815769602679484063e+00,7.526096138828888443e-07
0.000000000000000000e+00,1.818147400644648304e+00,7.102411739968681750e-05
0.000000000000000000e+00,1.820526087986671593e+00,1.231417479522463645e-05
0.000000000000000000e+00,1.822902967052714596e+00,9.413799471818592318e-05
0.000000000000000000e+00,1.825280686410676978e+00,2.526168696480950138e-05
0.000000000000000000e+00,1.827659228322897844e+00,6.691178421093528148e-05
0.000000000000000000e+00,1.830038574944468310e+00,6.677490799404017980e-05
0.000000000000000000e+00,1.832416000112327747e+00,7.531953729913079391e-05
0.000000000000000000e+00,1.834794179900823385e+00,8.372128888006219883e-05
0.000000000000000000e+00,1.837170373825880221e+00,3.700106602678938971e-05
0.000000000000000000e+00,1.839550001086070585e+00,1.100517106466546483e-04
0.000000000000000000e+00,1.841927591628267580e+00,2.440140270310983055e-05
0.000000000000000000e+00,1.844305849176059109e+00,1.439802172443484197e-04
0.000000000000000000e+00,1.846682004518993780e+00,4.345511225614334047e-06
0.000000000000000000e+00,1.849061532876481451e+00,1.452130656009520187e-04
0.000000000000000000e+00,1.851438907171361503e+00,6.877409709582694256e-06
0.000000000000000000e+00,1.853816858923008848e+00,1.927332064098337232e-04
0.000000000000000000e+00,1.856195368998788231e+00,1.814405707520155392e-05
0.000000000000000000e+00,1.858574418157592278e+00,1.483248430639682713e-04
0.000000000000000000e+00,1.860951193835267858e+00,7.014711992706088094e-05
0.000000000000000000e+00,1.863328455497598846e+00,1.937856512535015413e-04
0.000000000000000000e+00,1.865706183545688734e+00,8.066307943169730025e-05
0.000000000000000000e+00,1.868084358271926204e+00,7.531750475561329390e-05
0.000000000000000000e+00,1.870462959859882535e+00,9.401504080671404650e-05
0.000000000000000000e+00,1.872841968384215239e+00,5.394790932335137535e-05
0.000000000000000000e+00,1.875218527602503737e+00,1.329761084001886010e-04
0.000000000000000000e+00,1.877598282584272082e+00,1.387703319652667662e-05
0.000000000000000000e+00,1.879975533445847002e+00,1.139980253006300825e-04
0.000000000000000000e+00,1.882353096003137383e+00,6.888904075859774735e-06
0.000000000000000000e+00,1.884730949754881424e+00,2.432433219862225444e-04
0.000000000000000000e+00,1.887109074090651539e+00,1.770406957406883455e-06
0.000000000000000000e+00,1.889487448290790628e+00,1.789264999721464078e-04
0.000000000000000000e+00,1.891866051526354786e+00,2.100653584239501031e-03
0.000000000000000000e+00,1.894241968814363020e+00,1.910061454591468208e-03
0.000000000000000000e+00,1.896620959922661109e+00,2.494422080320558410e-03
0.000000000000000000e+00,1.899000116913673875e+00,3.845535718130194385e-03
0.000000000000000000e+00,1.901376502634666066e+00,8.966717601267958082e-03
0.000000000000000000e+00,1.903755920179471373e+00,1.716948991444520664e-02
0.000000000000000000e+00,1.906132508977648854e+00,2.311774562525971757e-02
0.000000000000000000e+00,1.908512101096307090e+00,2.358400645072959018e-02
0.000000000000000000e+00,1.910888806516348737e+00,2.094314476431914304e-02
0.000000000000000000e+00,1.913265533887637870e+00,1.862438769665765784e-02
0.000000000000000000e+00,1.915645221064280479e+00,1.484456797506495361e-02
0.000000000000000000e+00,1.918021933723900396e+00,1.344813971489134882e-02
0.000000000000000000e+00,1.920401576683357536e+00,1.076755962536773449e-02
0.000000000000000000e+00,1.922778185987368271e+00,1.134019770025674473e-02
0.000000000000000000e+00,1.925157695683840764e+00,1.201355742015390625e-03
0.000000000000000000e+00,1.927534112112835318e+00,3.170353158638561917e-04
0.000000000000000000e+00,1.929913398624609977e+00,2.760700744004636591e-03
0.000000000000000000e+00,1.932289531783984105e+00,7.908604314365560778e-05
0.000000000000000000e+00,1.934668504313772353e+00,1.158427346143250415e-03
0.000000000000000000e+00,1.937047289244272052e+00,4.026448956163208414e-05
0.000000000000000000e+00,1.939422829809603455e+00,5.752995509715739565e-04
0.000000000000000000e+00,1.941801162930054447e+00,3.946650295008399660e-05
0.000000000000000000e+00,1.944179239057897579e+00,1.423582135818071150e-04
0.000000000000000000e+00,1.946557034846245759e+00,1.701490471324564461e-05
0.000000000000000000e+00,1.948937590416296883e+00,7.291866069043996144e-05
0.000000000000000000e+00,1.951314762526208613e+00,1.855187140575958836e-05
0.000000000000000000e+00,1.953691583608964111e+00,3.339792129397991979e-05
0.000000000000000000e+00,1.956071115926188098e+00,1.239625651803925176e-05
0.000000000000000000e+00,1.958447170997391629e+00,2.540505197621488839e-05
0.000000000000000000e+00,1.960825904438677769e+00,2.133689821538082749e-05
0.000000000000000000e+00,1.963204206118381423e+00,3.426968691194489356e-05
0.000000000000000000e+00,1.965582051840911504e+00,2.545296830063441653e-05
0.000000000000000000e+00,1.967959417301841540e+00,3.004715931606380221e-05
0.000000000000000000e+00,1.970339409318672352e+00,4.321631900791763053e-05
0.000000000000000000e+00,1.972715748465783570e+00,6.242400018009991013e-05
0.000000000000000000e+00,1.975094680156374904e+00,7.079093144516213456e-05
0.000000000000000000e+00,1.977473048443104009e+00,8.776958330456966384e-05
0.000000000000000000e+00,1.979850828500714810e+00,1.315430449150938313e-04
0.000000000000000000e+00,1.982227995395533071e+00,1.486112986883075034e-04
0.000000000000000000e+00,1.984604524085609167e+00,1.060851925213272069e-04
0.000000000000000000e+00,1.986983573776171186e+00,4.641967450950782185e-05
0.000000000000000000e+00,1.989361950099164611e+00,4.056124753220476234e-05
0.000000000000000000e+00,1.991739627709276261e+00,2.479030346770622349e-05
0.000000000000000000e+00,1.994116581153200896e+00,1.865874196280641701e-05
0.000000000000000000e+00,1.996495999787446962e+00,1.228967535989021164e-05
0.000000000000000000e+00,1.998874658345563660e+00,1.675261579013265236e-05
0.000000000000000000e+00,2.001252531070988550e+00,1.498883017085745858e-05
0.000000000000000000e+00,2.003629592099526402e+00,2.170100003136853816e-05
0.000000000000000000e+00,2.006009061087529410e+00,1.164184342064743771e-05
0.000000000000000000e+00,2.008384428391164267e+00,2.842717178544523435e-05
0.000000000000000000e+00,2.010762166794522354e+00,1.831096484455022546e-05
0.000000000000000000e+00,2.013142273146784511e+00,4.097051940057302310e-05
0.000000000000000000e+00,2.015518191284053184e+00,1.638246799778988799e-05
0.000000000000000000e+00,2.017896439964003363e+00,5.462384286021438446e-05
0.000000000000000000e+00,2.020273723858567294e+00,2.935688101617632160e-05
0.000000000000000000e+00,2.022653315995031953e+00,9.180017106365096478e-05
0.000000000000000000e+00,2.025031905392828957e+00,2.733703922284253641e-05
0.000000000000000000e+00,2.027409465173173775e+00,1.140410090018080622e-04
0.000000000000000000e+00,2.029785968350953596e+00,4.921080628329656899e-05
0.000000000000000000e+00,2.032164718651917390e+00,1.726177795252782751e-04
0.000000000000000000e+00,2.034542373648666747e+00,4.042191472950358691e-05
0.000000000000000000e+00,2.036922252485694695e+00,1.740921096794881338e-04
0.000000000000000000e+00,2.039297642718866488e+00,7.622750975795116932e-05
0.000000000000000000e+00,2.041678579620796796e+00,3.044716289463538254e-04
0.000000000000000000e+00,2.044054972850176011e+00,7.719736794005010441e-05
0.000000000000000000e+00,2.046433526721744833e+00,3.521216171013232736e-04
0.000000000000000000e+00,2.048810851376187347e+00,2.902004355170213789e-04
0.000000000000000000e+00,2.051190312403015081e+00,1.055028849054434571e-03
0.000000000000000000e+00,2.053568504069569922e+00,3.929435497573199442e-04
0.000000000000000000e+00,2.055945398294015458e+00,1.482310385282903592e-03
0.000000000000000000e+00,2.058324384012754305e+00,2.617331670132105881e-02
0.000000000000000000e+00,2.060702031599246808e+00,2.706782508963362713e-02
0.000000000000000000e+00,2.063078312672746772e+00,2.984191002773541740e-02
0.000000000000000000e+00,2.065456639593524102e+00,2.448040074421222248e-02
0.000000000000000000e+00,2.067833558764816893e+00,2.495817874008868925e-02
0.000000000000000000e+00,2.070212498216723152e+00,2.364533549837910184e-02
0.000000000000000000e+00,2.072589988335185041e+00,2.708808248380593572e-02
0.000000000000000000e+00,2.074969472860463071e+00,2.726825424392881683e-02
0.000000000000000000e+00,2.077347466120683439e+00,2.916109946708445727e-02
0.000000000000000000e+00,2.079723939049616721e+00,2.802458985458829502e-02
0.000000000000000000e+00,2.082102359006916092e+00,3.001450376014907356e-02
0.000000000000000000e+00,2.084479216156104542e+00,2.876946386458107893e-02
0.000000000000000000e+00,2.086857993654473997e+00,2.064734483102920876e-03
0.000000000000000000e+00,2.089235165520535009e+00,1.728225871744927446e-03
0.000000000000000000e+00,2.091614230747953052e+00,1.621921487023998297e-03
0.000000000000000000e+00,2.093991647171488779e+00,1.683789945881855035e-03
0.000000000000000000e+00,2.096370929659487015e+00,3.135321088445471374e-04
0.000000000000000000e+00,2.098748519824702452e+00,1.415521326577787533e-04
0.000000000000000000e+00,2.101127948448022309e+00,1.709352507330815841e-04
0.000000000000000000e+00,2.103505640882435745e+00,1.004435631365177507e-04
0.000000000000000000e+00,2.105881566995955634e+00,9.305754488480666789e-05
0.000000000000000000e+00,2.108259281488489290e+00,4.414054937237201713e-05
0.000000000000000000e+00,2.110638778281487493e+00,1.284220729895238738e-04
0.000000000000000000e+00,2.113016450109418187e+00,6.749181583082766625e-05
0.000000000000000000e+00,2.115395875701245210e+00,1.513073862800836506e-04
0.000000000000000000e+00,2.117773431421519081e+00,6.106697551875003610e-05
0.000000000000000000e+00,2.120149086564412588e+00,2.841528835113676086e-04
0.000000000000000000e+00,2.122526443941901597e+00,7.526069529596997689e-05
0.000000000000000000e+00,2.124905497063319437e+00,2.501708549741826770e-04
0.000000000000000000e+00,2.127282589459348561e+00,8.616045818078038653e-05
0.000000000000000000e+00,2.129661348130645226e+00,2.584629115788116688e-04
0.000000000000000000e+00,2.132041766401622240e+00,7.716878286998427017e-05
0.000000000000000000e+00,2.134416488630205944e+00,1.313785473806261788e-04
0.000000000000000000e+00,2.136796506809325980e+00,7.250015835022340994e-05
0.000000000000000000e+00,2.139174456954846537e+00,6.532671776931946227e-05
0.000000000000000000e+00,2.141550307510549533e+00,4.666622379667202750e-05
0.000000000000000000e+00,2.143931441358600143e+00,2.553994769498100692e-05
0.000000000000000000e+00,2.146306729584555040e+00,4.077859716163293575e-05
0.000000000000000000e+00,2.148687286870718527e+00,1.776010507616113679e-05
0.000000000000000000e+00,2.151065666753996908e+00,4.670174638938819441e-05
0.000000000000000000e+00,2.153441837210316567e+00,8.260064300083644931e-06
0.000000000000000000e+00,2.155819514621453603e+00,5.109058558336299592e-05
0.000000000000000000e+00,2.158198691568031347e+00,1.201079041588350017e-05
0.000000000000000000e+00,2.160575595509616864e+00,4.810185576680689717e-05
0.000000000000000000e+00,2.162953967401529898e+00,2.374105127105452558e-05
0.000000000000000000e+00,2.165330017974534726e+00,3.813876086772915249e-05
0.000000000000000000e+00,2.167711294571818659e+00,4.069516223344903517e-05
0.000000000000000000e+00,2.170086419534671851e+00,2.602808897991024768e-05
0.000000000000000000e+00,2.172466754975850289e+00,5.772975042176027008e-05
0.000000000000000000e+00,2.174844688110332491e+00,1.841034736388695754e-05
0.000000000000000000e+00,2.177220185986402434e+00,8.204648666190559193e-05
0.000000000000000000e+00,2.179600878863794833e+00,7.976864051928027037e-06
0.000000000000000000e+00,2.181979103711777057e+00,8.966987340371714585e-05
0.000000000000000000e+00,2.184354827302986468e+00,7.984766342640135266e-06
0.000000000000000000e+00,2.186731873089897693e+00,7.594251131497320299e-05
0.000000000000000000e+00,2.189110232802705447e+00,2.632723175405452594e-05
0.000000000000000000e+00,2.191489898121623092e+00,4.270262280051447402e-05
0.000000000000000000e+00,2.193866978681393132e+00,5.355434257434071681e-05
0.000000000000000000e+00,2.196245331200582740e+00,2.005571255602014617e-05
0.000000000000000000e+00,2.198624947167761245e+00,7.720875644023393407e-05
0.000000000000000000e+00,2.201001910734452061e+00,1.132421813676313737e-05
0.000000000000000000e+00,2.203380103664479339e+00,1.083942592930060720e-04
0.000000000000000000e+00,2.205755593071625942e+00,1.299295178728677197e-05
0.000000000000000000e+00,2.208136210091760532e+00,1.262953125414681931e-04
0.000000000000000000e+00,2.210514089066549559e+00,4.905865801871768343e-05
0.000000000000000000e+00,2.212889195676467580e+00,9.907378159814268477e-05
0.000000000000000000e+00,2.215269411685253598e+00,9.444815038878089726e-05
0.000000000000000000e+00,2.217646820369182592e+00,6.829584792731018938e-05
0.000000000000000000e+00,2.220025362245094058e+00,1.419450223492049355e-04
0.000000000000000000e+00,2.222401044539729753e+00,4.038612946102058748e-05
0.000000000000000000e+00,2.224781816787405386e+00,1.605817317894377486e-04
0.000000000000000000e+00,2.227159693927706297e+00,3.131417577500293653e-05
0.000000000000000000e+00,2.229538650259491828e+00,1.257527721428371343e-04
0.000000000000000000e+00,2.231914658585150590e+00,3.896162114676742546e-05
0.000000000000000000e+00,2.234291710139395537e+00,6.870259376587622285e-05
0.000000000000000000e+00,2.236669795394403248e+00,5.878987534188711834e-05
0.000000000000000000e+00,2.239048904770509107e+00,2.723408160358428600e-05
0.000000000000000000e+00,2.241424976510854261e+00,6.490623947731352704e-05
0.000000000000000000e+00,2.243806096568353503e+00,1.194214969393293747e-05
0.000000000000000000e+00,2.246184142332022571e+00,6.153768260170217616e-05
0.000000000000000000e+00,2.248559078140137224e+00,1.874590610716064126e-05
0.000000000000000000e+00,2.250939041398960061e+00,4.592793707689265387e-05
0.000000000000000000e+00,2.253315857608640727e+00,3.994634876789126274e-05
0.000000000000000000e+00,2.255693594709365701e+00,2.006576925484574787e-05
0.000000000000000000e+00,2.258072242628007320e+00,5.357081138208103356e-05
0.000000000000000000e+00,2.260451791238908381e+00,6.813229741824714943e-06
0.000000000000000000e+00,2.262828100482377369e+00,5.258698007782448098e-05
0.000000000000000000e+00,2.265205272630280042e+00,1.556075074115522311e-05
0.000000000000000000e+00,2.267583297361956962e+00,2.490490400713439280e-05
0.000000000000000000e+00,2.269962164303962027e+00,3.485924170435404071e-05
0.000000000000000000e+00,2.272341863029972320e+00,6.731927175543027614e-06
0.000000000000000000e+00,2.274718209664019053e+00,4.388994890584270838e-05
0.000000000000000000e+00,2.277095349600728014e+00,3.725542337377480128e-06
0.000000000000000000e+00,2.279473272218509372e+00,3.581755842618561592e-05
0.000000000000000000e+00,2.281851966842678436e+00,1.769484036073231276e-05
0.000000000000000000e+00,2.284231422745374829e+00,1.152326514163228546e-05
0.000000000000000000e+00,2.286607412008805351e+00,2.952744779255522345e-05
0.000000000000000000e+00,2.288984123377203694e+00,1.937506008683300911e-06
0.000000000000000000e+00,2.291365780618124681e+00,2.846671587464559189e-05
0.000000000000000000e+00,2.293743912168016763e+00,5.498123376687091123e-06
0.000000000000000000e+00,2.296118480612924895e+00,1.759651669368342291e-05
0.000000000000000000e+00,2.298497970634805210e+00,2.110101578933937949e-05
0.000000000000000000e+00,2.300878127611091895e+00,4.896522689723879520e-06
0.000000000000000000e+00,2.303254661586480623e+00,2.758177222758602067e-05
0.000000000000000000e+00,2.305631822391659203e+00,4.950195272421516898e-06
0.000000000000000000e+00,2.308009598693951503e+00,1.652966892702799014e-05
0.000000000000000000e+00,2.310387979106963030e+00,1.859743676813475319e-05
0.000000000000000000e+00,2.312766952190511649e+00,7.376462039757015854e-06
0.000000000000000000e+00,2.315142183405042520e+00,2.823047626499856845e-05
0.000000000000000000e+00,2.317522298400336744e+00,8.722929771511166226e-06
0.000000000000000000e+00,2.319898630583908439e+00,2.560036347899906817e-05
0.000000000000000000e+00,2.322279841038421555e+00,2.582106457679858883e-05
0.000000000000000000e+00,2.324657227477955335e+00,6.616291166822437661e-06
0.000000000000000000e+00,2.327035118932285318e+00,3.533318462607411525e-05
0.000000000000000000e+00,2.329413503549994768e+00,1.093388618887306896e-05
0.000000000000000000e+00,2.331787983991368662e+00,1.960481497063153145e-05
0.000000000000000000e+00,2.334167310210840451e+00,2.917483096015985485e-05
0.000000000000000000e+00,2.336547093703715827e+00,3.819908481620932120e-06
0.000000000000000000e+00,2.338922910089027418e+00,3.121442758536580568e-05
0.000000000000000000e+00,2.341303562883347844e+00,1.300058429563697723e-05
0.000000000000000000e+00,2.343680206292833024e+00,1.258169856752187283e-05
0.000000000000000000e+00,2.346057240367172003e+00,3.514480169194140308e-05
0.000000000000000000e+00,2.348434652788937260e+00,3.939673831816639069e-06
0.000000000000000000e+00,2.350812431186368734e+00,3.270587969115507716e-05
0.000000000000000000e+00,2.353190563133336077e+00,2.505969844065122627e-05
0.000000000000000000e+00,2.355569036149298690e+00,1.068170443336050827e-05
0.000000000000000000e+00,2.357947837699267524e+00,4.589892075169824722e-05
0.000000000000000000e+00,2.360326955193766896e+00,8.613812180799126607e-06
0.000000000000000000e+00,2.362701873503119110e+00,3.297710918889852963e-05
0.000000000000000000e+00,2.365081575825791482e+00,3.134028637295037238e-05
0.000000000000000000e+00,2.367461555987104838e+00,6.105286170366437711e-06
0.000000000000000000e+00,2.369837271457410743e+00,3.685532919656466666e-05
0.000000000000000000e+00,2.372213220904162867e+00,9.912930574706442144e-06
0.000000000000000000e+00,2.374593939286923305e+00,1.488872654716982091e-05
0.000000000000000000e+00,2.376970326898085517e+00,2.352254702972611213e-05
0.000000000000000000e+00,2.379346909490778650e+00,5.435670277916421854e-06
0.000000000000000000e+00,2.381728249229686956e+00,2.567203154608142855e-05
0.000000000000000000e+00,2.384105191535353274e+00,1.088253949318388789e-05
0.000000000000000000e+00,2.386482289336266938e+00,9.386752814880842055e-06
0.000000000000000000e+00,2.388859529357821643e+00,3.138596124612836794e-05
0.000000000000000000e+00,2.391236898270765909e+00,1.006563445753773525e-05
0.000000000000000000e+00,2.393619003764643427e+00,2.729331432685493718e-05
0.000000000000000000e+00,2.395996599438805941e+00,4.583020438124645111e-05
0.000000000000000000e+00,2.398374283698073040e+00,2.145716286290420122e-05
0.000000000000000000e+00,2.400752042994434454e+00,7.227033498148089242e-05
0.000000000000000000e+00,2.403129863725176119e+00,8.812106605953087075e-05
0.000000000000000000e+00,2.405507732232872620e+00,1.063025927053518527e-04
0.000000000000000000e+00,2.407885634805378317e+00,3.164873999494752384e-04
0.000000000000000000e+00,2.410263557675826007e+00,6.349502984254876744e-04
0.000000000000000000e+00,2.412641487022620712e+00,5.655180269255502545e-03
0.000000000000000000e+00,2.415019408969439230e+00,1.141155662280621220e-03
0.000000000000000000e+00,2.417397309585231913e+00,7.101145591504219416e-03
0.000000000000000000e+00,2.419775174884221780e+00,6.485230130592496700e-03
0.000000000000000000e+00,2.422152990825908514e+00,5.786264284945629756e-03
0.000000000000000000e+00,2.424530743315073789e+00,5.978618983110331637e-03
0.000000000000000000e+00,2.426908418201789264e+00,5.076269144015420690e-03
0.000000000000000000e+00,2.429286001281421470e+00,4.676231710973679546e-03
0.000000000000000000e+00,2.431663478294642911e+00,4.473371082810860024e-03
0.000000000000000000e+00,2.434040834927446273e+00,1.543883115181174295e-03
0.000000000000000000e+00,2.436422844634672291e+00,2.722853854964913441e-03
0.000000000000000000e+00,2.438799926692925002e+00,2.714675402294872448e-05
0.000000000000000000e+00,2.441176845109251925e+00,9.484098314257838173e-05
0.000000000000000000e+00,2.443553585351005086e+00,1.472854934325326908e-04
0.000000000000000000e+00,2.445930132830938852e+00,1.200638662469917966e-05
0.000000000000000000e+00,2.448311307568818762e+00,2.906305691610518670e-05
0.000000000000000000e+00,2.450687434933867870e+00,5.277389074983248674e-05
0.000000000000000000e+00,2.453068178922694020e+00,9.469519596719784953e-06
0.000000000000000000e+00,2.455443827201868601e+00,1.966773829559110561e-05
0.000000000000000000e+00,2.457824081285056472e+00,3.617173007243787821e-05
0.000000000000000000e+00,2.460199191070725266e+00,8.788407001660172277e-06
0.000000000000000000e+00,2.462578895654787381e+00,1.090409585758120355e-05
0.000000000000000000e+00,2.464958307733604137e+00,2.758987584558727870e-05
0.000000000000000000e+00,2.467332502158201546e+00,1.014739322710974808e-05
0.000000000000000000e+00,2.469711274537423229e+00,5.886148465566801632e-06
0.000000000000000000e+00,2.472089709077717856e+00,2.341399660432834021e-05
0.000000000000000000e+00,2.474467790561501790e+00,1.427236572933380257e-05
0.000000000000000000e+00,2.476845503716746499e+00,2.588733893126797769e-06
0.000000000000000000e+00,2.479222833217026967e+00,2.003837750683690731e-05
0.000000000000000000e+00,2.481599763681567428e+00,1.788231174548166573e-05
0.000000000000000000e+00,2.483981256237295376e+00,1.315012824693844121e-06
0.000000000000000000e+00,2.486357351796226300e+00,1.472247241774636506e-05
0.000000000000000000e+00,2.488737997498906118e+00,2.135121184909769161e-05
0.000000000000000000e+00,2.491113196007286756e+00,2.747331356247700141e-06
0.000000000000000000e+00,2.493492932524325134e+00,1.311775122988449045e-05
0.000000000000000000e+00,2.495872195725481024e+00,3.937581771277080833e-05
0.000000000000000000e+00,2.498245935968249398e+00,7.658100579637177233e-06
0.000000000000000000e+00,2.500624195678618378e+00,2.162413265194033717e-05
0.000000000000000000e+00,2.503001934687554719e+00,5.578614456180989436e-04
0.000000000000000000e+00,2.505384199785404054e+00,6.738603079956631287e-04
0.000000000000000000e+00,2.507760859244102747e+00,7.266360324336224247e-04
0.000000000000000000e+00,2.510136950143142087e+00,7.600712811861891002e-04
0.000000000000000000e+00,2.512517547981021337e+00,8.554134562868081050e-04
0.000000000000000000e+00,2.514892463148078239e+00,9.328645281466834424e-04
0.000000000000000000e+00,2.517271872260600674e+00,1.018631643211073473e-03
0.000000000000000000e+00,2.519650667552726819e+00,1.306452362901329260e-03
0.000000000000000000e+00,2.522028832766149087e+00,4.937856053849506616e-06
0.000000000000000000e+00,2.524406351588751818e+00,1.570009086339744793e-04
0.000000000000000000e+00,2.526783207654688557e+00,2.681151628497977510e-04
0.000000000000000000e+00,2.529159384544463762e+00,8.019580514615187841e-06
0.000000000000000000e+00,2.531540034735527911e+00,7.202060311747126686e-05
0.000000000000000000e+00,2.533914813502587737e+00,1.661618124093076432e-04
0.000000000000000000e+00,2.536294051902468372e+00,7.124463747701537282e-05
0.000000000000000000e+00,2.538672564369699458e+00,7.411180302904534829e-06
0.000000000000000000e+00,2.541050334235800179e+00,6.669392651637671564e-05
0.000000000000000000e+00,2.543427344778853350e+00,1.113424763726041702e-04
0.000000000000000000e+00,2.545808806606810748e+00,5.803606081534018848e-05
0.000000000000000000e+00,2.548184257884455128e+00,4.662199028425181197e-06
0.000000000000000000e+00,2.550564146289386880e+00,6.274449643756847014e-05
0.000000000000000000e+00,2.552943227520946490e+00,1.060984748377868199e-04
0.000000000000000000e+00,2.555321484608414462e+00,5.636318509062882042e-05
0.000000000000000000e+00,2.557698900527907160e+00,8.441505695283226215e-06
0.000000000000000000e+00,2.560075458202479837e+00,6.969579261785103521e-05
0.000000000000000000e+00,2.562451140502226998e+00,1.524433830973386189e-04
0.000000000000000000e+00,2.564831236037994344e+00,6.055463947002616973e-05
0.000000000000000000e+00,2.567210441454971015e+00,1.155035161193151548e-05
0.000000000000000000e+00,2.569588739480965334e+00,1.660035893812731591e-04
0.000000000000000000e+00,2.571966112790943892e+00,2.116049717310795018e-04
0.000000000000000000e+00,2.574342544007147904e+00,4.182399454926011956e-04
0.000000000000000000e+00,2.576723370808659652e+00,6.045322779154637186e-04
0.000000000000000000e+00,2.579097875367938553e+00,2.223540388673389025e-03
0.000000000000000000e+00,2.581476760275176030e+00,2.493170627925509614e-03
0.000000000000000000e+00,2.583854652848235123e+00,2.461987661044729922e-03
0.000000000000000000e+00,2.586231535461967379e+00,2.512255286579718420e-03
0.000000000000000000e+00,2.588612795081014717e+00,2.526757608551422497e-03
0.000000000000000000e+00,2.590987614612529910e+00,2.465751433962100163e-03
0.000000000000000000e+00,2.593366795512073164e+00,1.878602452016913749e-03
0.000000000000000000e+00,2.595744915317689472e+00,2.432828619749071233e-03
0.000000000000000000e+00,2.598121956157397161e+00,2.607124615395352824e-05
0.000000000000000000e+00,2.600497900107185067e+00,6.251337983068702003e-05
0.000000000000000000e+00,2.602878193565458798e+00,1.119220306192440008e-04
0.000000000000000000e+00,2.605257374095403922e+00,4.542107573173824057e-05
0.000000000000000000e+00,2.607635423630717320e+00,1.456630534538952080e-05
0.000000000000000000e+00,2.610012324053281763e+00,3.870731104351955127e-06
0.000000000000000000e+00,2.612388057193310686e+00,2.518908568724367975e-05
0.000000000000000000e+00,2.614768119240192146e+00,3.882117665480339514e-05
0.000000000000000000e+00,2.617146997564059774e+00,2.058610083096557857e-05
0.000000000000000000e+00,2.619524673852972718e+00,4.202859790391967105e-06
0.000000000000000000e+00,2.621901129743555270e+00,5.078236798853338904e-06
0.000000000000000000e+00,2.624281901432961472e+00,2.607278871063242230e-05
0.000000000000000000e+00,2.626655871285938915e+00,2.900650431182508134e-05
0.000000000000000000e+00,2.629034140094493655e+00,8.456013620877658141e-06
0.000000000000000000e+00,2.631416719546495031e+00,1.750036623967077155e-06
0.000000000000000000e+00,2.633792431410708623e+00,7.532098695381819886e-06
0.000000000000000000e+00,2.636172436860944934e+00,2.419852492231885628e-05
0.000000000000000000e+00,2.638545517161249965e+00,2.242009870987824203e-05
0.000000000000000000e+00,2.640928499105384297e+00,8.323827791076538266e-06
0.000000000000000000e+00,2.643304518349861354e+00,3.464994905380222408e-06
0.000000000000000000e+00,2.645684816809926954e+00,2.491727018602805576e-06
0.000000000000000000e+00,2.648058094547728558e+00,1.363469980198724623e-05
0.000000000000000000e+00,2.650435633945297020e+00,2.464901533763230826e-05
0.000000000000000000e+00,2.652817446491849473e+00,2.807375796306239130e-05
0.000000000000000000e+00,2.655192171178932803e+00,1.882163019407717442e-05
0.000000000000000000e+00,2.657571151243650398e+00,4.878993956135079619e-06
0.000000000000000000e+00,2.659948691486012429e+00,2.306907228817259586e-06
0.000000000000000000e+00,2.662330489570499559e+00,5.663332407157918261e-06
0.000000000000000000e+00,2.664705102769717726e+00,1.843767706691178620e-05
0.000000000000000000e+00,2.667083955729373734e+00,2.367378865062081029e-05
0.000000000000000000e+00,2.669461312276356413e+00,1.956013043946164663e-05
0.000000000000000000e+00,2.671837153036051848e+00,9.414858074689876587e-06
0.000000000000000000e+00,2.674217226595466013e+00,1.627440833238567330e-06
0.000000000000000000e+00,2.676595765975274599e+00,3.647995295889712854e-06
0.000000000000000000e+00,2.678972751659991935e+00,7.486140032333177599e-06
0.000000000000000000e+00,2.681353962923400225e+00,1.845768443257723323e-05
0.000000000000000000e+00,2.683727792746523733e+00,1.784395115958087839e-05
0.000000000000000000e+00,2.686105829445210702e+00,7.487997494160024580e-06
0.000000000000000000e+00,2.688488084212449003e+00,4.079311155448737699e-06
0.000000000000000000e+00,2.690862888123974894e+00,1.378964766388227319e-06
0.000000000000000000e+00,2.693241891183510539e+00,7.359643678584235958e-06
0.000000000000000000e+00,2.695619243808531795e+00,1.339376280322818755e-05
0.000000000000000000e+00,2.697994926104692492e+00,1.584500988404188978e-05
0.000000000000000000e+00,2.700374799530429026e+00,1.618851377651884843e-05
0.000000000000000000e+00,2.702752983395575903e+00,1.413317340908971185e-05
0.000000000000000000e+00,2.705129457665879755e+00,1.027349195964314633e-05
0.000000000000000000e+00,2.707510114782492927e+00,4.013952292395751762e-06
0.000000000000000000e+00,2.709889042854494612e+00,2.796011696725174624e-06
0.000000000000000000e+00,2.712266221707900993e+00,8.612843120112630683e-07
0.000000000000000000e+00,2.714641631120770615e+00,2.497398887115592358e-06
0.000000000000000000e+00,2.717021204959639391e+00,3.824440560297938683e-06
0.000000000000000000e+00,2.719398989596979010e+00,9.843743587413702871e-06
0.000000000000000000e+00,2.721774964671693997e+00,1.330698672256187903e-05
0.000000000000000000e+00,2.724155095219163325e+00,1.585611680599760532e-05
0.000000000000000000e+00,2.726533396224594785e+00,1.477969117104120601e-05
0.000000000000000000e+00,2.728909847187990234e+00,1.271354918811144543e-05
0.000000000000000000e+00,2.731290444402350470e+00,8.571396357072091844e-06
0.000000000000000000e+00,2.733669171376605700e+00,3.138691405895634180e-06
0.000000000000000000e+00,2.736046007472129116e+00,2.849939162882960266e-06
0.000000000000000000e+00,2.738420932003415853e+00,2.327096406973010052e-06
0.000000000000000000e+00,2.740799983049091892e+00,7.364231317545588890e-06
0.000000000000000000e+00,2.743177102021586489e+00,8.289392272930529767e-06
0.000000000000000000e+00,2.745558347964158319e+00,1.813344894087485625e-05
0.000000000000000000e+00,2.747937641197727654e+00,2.061423553819161821e-05
0.000000000000000000e+00,2.750314960807459741e+00,2.515971907709825786e-05
0.000000000000000000e+00,2.752690285832279038e+00,2.134475765670901305e-05
0.000000000000000000e+00,2.755069717329380996e+00,1.299372454521958672e-05
0.000000000000000000e+00,2.757447133295085617e+00,4.412730509416707509e-04
0.000000000000000000e+00,2.759822512631141755e+00,4.878135933014638662e-04
0.000000000000000000e+00,2.762201987996263153e+00,6.570170807642086632e-04
0.000000000000000000e+00,2.764579405566437664e+00,7.209385164659057018e-04
0.000000000000000000e+00,2.766960919131962182e+00,7.914480798812392531e-04
0.000000000000000000e+00,2.769334167959193405e+00,2.016869402637981026e-04
0.000000000000000000e+00,2.771717687672561325e+00,2.366187973929828234e-04
0.000000000000000000e+00,2.774092899949887059e+00,1.277914153563378793e-05
0.000000000000000000e+00,2.776472186575843271e+00,2.416299507271924750e-05
0.000000000000000000e+00,2.778849329813015245e+00,9.079069274862299190e-06
0.000000000000000000e+00,2.781224308154069291e+00,1.199018548188458885e-05
0.000000000000000000e+00,2.783603349577585373e+00,5.735401300106040290e-06
0.000000000000000000e+00,2.785980204283322159e+00,7.210290220075497652e-06
0.000000000000000000e+00,2.788361121540816612e+00,4.259288086689712046e-06
0.000000000000000000e+00,2.790739830130332333e+00,6.014019384572643769e-06
0.000000000000000000e+00,2.793116308318245977e+00,3.274854694815760445e-06
0.000000000000000000e+00,2.795496837376052479e+00,4.780506461629355482e-06
0.000000000000000000e+00,2.797875113863212526e+00,3.104960284627087557e-06
0.000000000000000000e+00,2.800251115911298605e+00,4.491571801506368154e-06
0.000000000000000000e+00,2.802631156870153184e+00,2.694971139020347902e-06
0.000000000000000000e+00,2.805008901002245647e+00,4.434091408609228230e-06
0.000000000000000000e+00,2.807384326304926958e+00,3.116128113399766016e-06
0.000000000000000000e+00,2.809763778281390234e+00,4.840768613931865685e-06
0.000000000000000000e+00,2.812140888822362683e+00,3.215154391054952514e-06
0.000000000000000000e+00,2.814515635791587478e+00,5.444171362184322405e-06
0.000000000000000000e+00,2.816894396919202848e+00,3.971815198673370967e-06
0.000000000000000000e+00,2.819277182391831005e+00,5.071654966416891389e-06
0.000000000000000000e+00,2.821651159259273456e+00,2.323194171157937951e-06
0.000000000000000000e+00,2.824029137518142551e+00,2.084176297730980308e-06
0.000000000000000000e+00,2.826411127293623426e+00,7.689652164258207142e-07
0.000000000000000000e+00,2.828784230557050972e+00,6.421307246537101965e-07
0.000000000000000000e+00,2.831161322165572702e+00,4.640984419202047249e-07
0.000000000000000000e+00,2.833542412182134651e+00,1.312767683966102626e-06
0.000000000000000000e+00,2.835921024016914149e+00,1.574361776965564998e-06
0.000000000000000000e+00,2.838297135088118761e+00,3.864449621266622374e-06
0.000000000000000000e+00,2.840677231205615438e+00,3.887385849558304887e-06
0.000000000000000000e+00,2.843054803040627743e+00,7.589451970090770566e-06
0.000000000000000000e+00,2.845429827880051832e+00,6.111425272078167410e-06
0.000000000000000000e+00,2.847808824123101878e+00,1.045065944130793914e-05
0.000000000000000000e+00,2.850185249634491935e+00,7.546560270316742008e-06
0.000000000000000000e+00,2.852565644594050376e+00,1.167923339536757168e-05
0.000000000000000000e+00,2.854943444955898801e+00,1.161826296723446573e-05
0.000000000000000000e+00,2.857318627786822773e+00,1.070663039623226559e-05
0.000000000000000000e+00,2.859697765996172869e+00,1.003546816274815986e-05
0.000000000000000000e+00,2.862080869472485301e+00,8.479007653674111347e-06
0.000000000000000000e+00,2.864454712355927857e+00,7.242151647699034614e-06
0.000000000000000000e+00,2.866832496293459265e+00,3.524834224127339719e-06
0.000000000000000000e+00,2.869214231107640511e+00,3.939200328507446256e-06
0.000000000000000000e+00,2.871586624881306449e+00,1.677847552882597075e-06
0.000000000000000000e+00,2.873969606985570024e+00,1.487207328433836124e-06
0.000000000000000000e+00,2.876343201527446158e+00,5.102890826230650520e-07
0.000000000000000000e+00,2.878720719985517373e+00,4.322966972412022228e-07
0.000000000000000000e+00,2.881102172098087610e+00,3.912992697019927546e-07
0.000000000000000000e+00,2.883480861554354568e+00,1.522434046814199694e-06
0.000000000000000000e+00,2.885856764896066906e+00,5.877976761021568178e-06
0.000000000000000000e+00,2.888236586815389195e+00,6.069116121604696036e-05
0.000000000000000000e+00,2.890613597715197436e+00,1.170993398006007954e-04
0.000000000000000000e+00,2.892994524384758570e+00,1.243108132071822104e-04
0.000000000000000000e+00,2.895365853522527733e+00,1.337154702975702726e-04
0.000000000000000000e+00,2.897747845885614293e+00,1.300912664218781690e-04
0.000000000000000000e+00,2.900126977032283726e+00,1.067685943464007813e-04
0.000000000000000000e+00,2.902503223200517901e+00,2.028650865095797087e-05
0.000000000000000000e+00,2.904883366561006319e+00,4.721542375383753046e-06
0.000000000000000000e+00,2.907260599562923709e+00,1.121002090959963513e-06
0.000000000000000000e+00,2.909634898318774088e+00,1.556569933875421829e-06
0.000000000000000000e+00,2.912013078324352744e+00,8.994379212864330415e-06
0.000000000000000000e+00,2.914395149104420657e+00,8.937834069458860643e-06
0.000000000000000000e+00,2.916774258379155604e+00,7.781974152359217813e-06
0.000000000000000000e+00,2.919150382085439865e+00,4.382359173896457094e-06
0.000000000000000000e+00,2.921523496123781261e+00,8.760928277872397167e-07
0.000000000000000000e+00,2.923907367138645963e+00,2.629833886908317580e-05
0.000000000000000000e+00,2.926281318344463589e+00,8.991084812557251021e-05
0.000000000000000000e+00,2.928659127554641639e+00,2.431883825656818820e-04
0.000000000000000000e+00,2.931040804181527015e+00,2.554698604593133690e-04
0.000000000000000000e+00,2.933419417291878162e+00,2.670789795719708134e-04
0.000000000000000000e+00,2.935794942524495799e+00,2.700123581364771014e-04
0.000000000000000000e+00,2.938174318344370928e+00,1.145372457610064734e-05
0.000000000000000000e+00,2.940550579959972044e+00,1.665318493847258791e-05
0.000000000000000000e+00,2.942930688311046872e+00,7.110447842597986885e-06
0.000000000000000000e+00,2.945307656001242336e+00,1.456582928613848235e-06
0.000000000000000000e+00,2.947681458460930770e+00,2.524983184739530442e-06
0.000000000000000000e+00,2.950059090390392047e+00,3.451393537110222131e-06
0.000000000000000000e+00,2.952440561063782720e+00,7.352708617526572590e-06
0.000000000000000000e+00,2.954818837778843132e+00,8.955622709875990005e-06
0.000000000000000000e+00,2.957193895793339244e+00,7.921865654369274648e-06
0.000000000000000000e+00,2.959572774981745535e+00,1.332599486759604532e-04
0.000000000000000000e+00,2.961955484573179920e+00,1.223515803880616476e-04
0.000000000000000000e+00,2.964327858985216224e+00,1.315571914153559245e-04
0.000000000000000000e+00,2.966711135514628506e+00,1.474623610933084442e-04
0.000000000000000000e+00,2.969084027002956372e+00,3.933250258970110092e-05
0.000000000000000000e+00,2.971467838945096585e+00,4.098150657630355190e-06
0.000000000000000000e+00,2.973841215813263883e+00,6.495097303756734083e-06
0.000000000000000000e+00,2.976218387048926051e+00,2.319942055736173907e-06
0.000000000000000000e+00,2.978599361758565323e+00,3.617533347118956499e-06
0.000000000000000000e+00,2.980976981837772488e+00,3.158286303279834145e-06
0.000000000000000000e+00,2.983351222083469256e+00,1.142476165709303387e-06
0.000000000000000000e+00,2.985729247336589065e+00,3.984809738622107492e-06
0.000000000000000000e+00,2.988111066655426029e+00,2.450948589658709231e-06
0.000000000000000000e+00,2.990489476071835462e+00,1.307555484745793525e-06
0.000000000000000000e+00,2.992864450213154281e+00,4.235479062870122223e-06
0.000000000000000000e+00,2.995243199646329124e+00,1.833938559151172230e-06
0.000000000000000000e+00,2.997618485893688511e+00,1.906267082402426292e-06
0.000000000000000000e+00,2.999997542427555786e+00,4.520759891289003689e-06
2.000000000000000000e+00,1.099999098890103832e+00,1.493193619184492608e-08
2.000000000000000000e+00,1.102375730712192192e+00,3.992792245877201666e-07
2.000000000000000000e+00,1.104752810646187022e+00,2.216953804363078472e-05
2.000000000000000000e+00,1.107130277917975025e+00,1.034749326064412405e-03
2.000000000000000000e+00,1.109508071207282898e+00,4.161031646317654248e-05
2.000000000000000000e+00,1.111886128647274319e+00,2.570641846652784151e-03
2.000000000000000000e+00,1.114264387824213776e+00,1.135648325556802216e-02
2.000000000000000000e+00,1.116642785777203883e+00,3.059610456057737515e-02
2.000000000000000000e+00,1.119021258997989765e+00,2.631857823916796124e-01
2.000000000000000000e+00,1.121399743430837814e+00,2.070192842634039146e-02
2.000000000000000000e+00,1.123778174472484626e+00,6.267334832045231598e-03
2.000000000000000000e+00,1.126156486972162973e+00,3.862104362072832971e-03
2.000000000000000000e+00,1.128534615231699956e+00,1.696749072811275672e-03
2.000000000000000000e+00,1.130912493005694186e+00,1.030297510932290947e-03
2.000000000000000000e+00,1.133290053501766481e+00,8.535378305835671173e-04
2.000000000000000000e+00,1.135667229380893373e+00,6.373725886279022618e-04
2.000000000000000000e+00,1.138043952757815891e+00,5.730060195842894130e-04
2.000000000000000000e+00,1.140430645006762944e+00,5.077543289449378211e-04
2.000000000000000000e+00,1.142806301289510440e+00,4.099083461506052017e-04
2.000000000000000000e+00,1.145181298221050525e+00,4.288954517648126716e-04
2.000000000000000000e+00,1.147555565735549843e+00,4.977720022831876945e-04
2.000000000000000000e+00,1.149939698688533074e+00,4.689513088836995999e-04
2.000000000000000000e+00,1.152312339057216528e+00,4.409580691695400251e-04
2.000000000000000000e+00,1.154694790481869404e+00,6.461165313714633965e-04
2.000000000000000000e+00,1.157076315485336515e+00,9.260874802247685052e-04
2.000000000000000000e+00,1.159445998776818199e+00,9.118088724486485448e-04
2.000000000000000000e+00,1.161825408173174257e+00,1.338968520377711033e-03
2.000000000000000000e+00,1.164203671776672389e+00,3.380465765681615366e-03
2.000000000000000000e+00,1.166580715404594182e+00,6.323478755875381815e-03
2.000000000000000000e+00,1.168956464334743650e+00,1.460174311113185061e-02
2.000000000000000000e+00,1.171341909466407039e+00,1.099569518949387453e-01
2.000000000000000000e+00,1.173714887566505771e+00,2.810273546676734235e-01
2.000000000000000000e+00,1.176097499840639937e+00,3.455508796753876954e-02
2.000000000000000000e+00,1.178478603450343609e+00,1.109710596314062055e-02
2.000000000000000000e+00,1.180846874482839759e+00,3.810654701029401754e-03
2.000000000000000000e+00,1.183224683239016084e+00,2.358969379958607369e-03
2.000000000000000000e+00,1.185612087451950236e+00,1.891233598064216617e-03
2.000000000000000000e+00,1.187986378893309602e+00,1.393007860379401330e-03
2.000000000000000000e+00,1.190358770252602172e+00,2.724076644789648620e-05
2.000000000000000000e+00,1.192740655833151475e+00,4.583137584880350897e-04
2.000000000000000000e+00,1.195120572508726164e+00,3.635360130467161837e-05
2.000000000000000000e+00,1.197498439510897406e+00,4.227271876300898844e-05
2.000000000000000000e+00,1.199874175544611843e+00,1.973453364146339451e-04
2.000000000000000000e+00,1.202247698790813724e+00,2.503303385354870091e-06
2.000000000000000000e+00,1.204630630988217099e+00,1.519139349094144900e-05
2.000000000000000000e+00,1.207011277581778286e+00,1.033808967845964010e-05
2.000000000000000000e+00,1.209389555328822752e+00,3.004362616955594941e-06
2.000000000000000000e+00,1.211765380466591990e+00,2.068944862750083868e-05
2.000000000000000000e+00,1.214138668715299518e+00,2.405540021412903895e-06
2.000000000000000000e+00,1.216521271556269213e+00,4.587213068001794299e-06
2.000000000000000000e+00,1.218901260673629805e+00,8.338347906040939847e-06
2.000000000000000000e+00,1.221278550366432736e+00,8.484957774834629424e-07
2.000000000000000000e+00,1.223653054421999675e+00,7.171054777732107098e-06
2.000000000000000000e+00,1.226036809853057186e+00,3.308160768767175877e-06
2.000000000000000000e+00,1.228405528858331763e+00,9.198607108582339662e-07
2.000000000000000000e+00,1.230783418372779048e+00,6.268744225317703030e-06
2.000000000000000000e+00,1.233170531755207078e+00,1.103453435362170183e-06
2.000000000000000000e+00,1.235542297137962597e+00,4.056972408986414910e-06
2.000000000000000000e+00,1.237923203366784186e+00,4.597547271417803744e-06
2.000000000000000000e+00,1.240300895663398073e+00,2.110530905965364655e-07
2.000000000000000000e+00,1.242677775014586095e+00,4.946165115515741368e-06
2.000000000000000000e+00,1.245056280032780238e+00,2.167977244292907669e-06
2.000000000000000000e+00,1.247433866845625072e+00,1.214271193632715367e-06
2.000000000000000000e+00,1.249811732522333463e+00,5.593473623165495447e-06
2.000000000000000000e+00,1.252189828228160717e+00,4.621769784672446781e-07
2.000000000000000000e+00,1.254568104745505508e+00,4.183507466732124912e-06
2.000000000000000000e+00,1.256946512473745337e+00,4.894523027407911684e-06
2.000000000000000000e+00,1.259323722316235017e+00,2.970008548791042089e-07
2.000000000000000000e+00,1.261702237295382556e+00,7.724744003427243822e-06
2.000000000000000000e+00,1.264080732375299165e+00,2.226872948591868012e-06
2.000000000000000000e+00,1.266457862776105170e+00,5.206200404648919143e-06
2.000000000000000000e+00,1.268836159410696496e+00,1.367079593623800791e-05
2.000000000000000000e+00,1.271214281587295547e+00,8.037829999454758457e-07
2.000000000000000000e+00,1.273592177023115557e+00,2.140634566923585113e-05
2.000000000000000000e+00,1.275969793052491141e+00,2.191518821228263187e-05
2.000000000000000000e+00,1.278348394676446675e+00,1.509424148761211141e-05
2.000000000000000000e+00,1.280725297271503527e+00,2.980426225055038945e-04
2.000000000000000000e+00,1.283104415923701946e+00,3.689500364908840954e-04
2.000000000000000000e+00,1.285481727588297707e+00,7.388639060402595049e-04
2.000000000000000000e+00,1.287859838407007906e+00,1.915404956071772315e-04
2.000000000000000000e+00,1.290237365594768537e+00,1.031939996812813377e-05
2.000000000000000000e+00,1.292615601494206734e+00,4.034262899497144487e-05
2.000000000000000000e+00,1.294993152720043783e+00,1.005865184552980773e-05
2.000000000000000000e+00,1.297371320810711826e+00,6.558219777227809733e-06
2.000000000000000000e+00,1.299750064295511320e+00,1.272022872288371497e-05
2.000000000000000000e+00,1.302127973832296837e+00,1.877743274954529153e-06
2.000000000000000000e+00,1.304504992295077548e+00,6.788140583147582579e-06
2.000000000000000000e+00,1.306883817274359982e+00,4.230677025266662896e-06
2.000000000000000000e+00,1.309261655848396488e+00,1.194168015517607068e-06
2.000000000000000000e+00,1.311639837390945473e+00,6.329173249668872433e-06
2.000000000000000000e+00,1.314016925775080002e+00,1.514436869764516346e-06
2.000000000000000000e+00,1.316395657391975726e+00,3.366116343223219801e-06
2.000000000000000000e+00,1.318773197764609995e+00,5.018314648591204084e-06
2.000000000000000000e+00,1.321150895014793214e+00,6.772248237142880588e-07
2.000000000000000000e+00,1.323530117170831355e+00,5.398122094960433644e-06
2.000000000000000000e+00,1.325907998417265699e+00,2.245020331549581927e-06
2.000000000000000000e+00,1.328285901053660734e+00,3.690504052530956198e-06
2.000000000000000000e+00,1.330663779257676982e+00,7.657343864082332685e-06
2.000000000000000000e+00,1.333041586878621620e+00,9.736872458097521596e-07
2.000000000000000000e+00,1.335419277437480678e+00,1.146039450397120678e-05
2.000000000000000000e+00,1.337796804126984540e+00,9.039873254102979950e-06
2.000000000000000000e+00,1.340175568438737086e+00,5.381000699127116686e-06
2.000000000000000000e+00,1.342552630798620195e+00,6.185848236950160423e-05
2.000000000000000000e+00,1.344930845832843502e+00,3.822073917224231161e-05
2.000000000000000000e+00,1.347308716820470487e+00,9.738660350889598305e-04
2.000000000000000000e+00,1.349687664603416160e+00,2.466029166941113068e-04
2.000000000000000000e+00,1.352064707084743578e+00,8.741272940855121423e-06
2.000000000000000000e+00,1.354442738914278577e+00,2.676634713821260565e-05
2.000000000000000000e+00,1.356821726285427188e+00,5.515386709478010891e-06
2.000000000000000000e+00,1.359198655024307145e+00,5.398486367381186272e-06
2.000000000000000000e+00,1.361576449996873439e+00,7.588233641135636227e-06
2.000000000000000000e+00,1.363955076519934195e+00,9.651744402020119767e-07
2.000000000000000000e+00,1.366332993909127991e+00,4.012403247289262951e-06
2.000000000000000000e+00,1.368710151197721991e+00,2.304172972410893247e-06
2.000000000000000000e+00,1.371089529547983243e+00,1.707353286729832923e-06
2.000000000000000000e+00,1.373466544440631543e+00,3.867145555325286035e-06
2.000000000000000000e+00,1.375844181692285284e+00,6.969723643372517523e-07
2.000000000000000000e+00,1.378222404895539377e+00,2.826972574336269574e-06
2.000000000000000000e+00,1.380601177370847310e+00,2.327731673385442111e-06
2.000000000000000000e+00,1.382978919523796035e+00,5.575009198770327443e-07
2.000000000000000000e+00,1.385357126148375695e+00,3.229924577072694366e-06
2.000000000000000000e+00,1.387734206447297503e+00,1.019559358854668638e-06
2.000000000000000000e+00,1.390113223827786459e+00,4.640873481667437980e-06
2.000000000000000000e+00,1.392491028330698821e+00,2.860022761329662617e-05
2.000000000000000000e+00,1.394869134848162107e+00,2.846579246601685918e-06
2.000000000000000000e+00,1.397245930094993760e+00,7.278692034136002135e-06
2.000000000000000000e+00,1.399624519051433369e+00,2.029411199346433161e-06
2.000000000000000000e+00,1.402003293241485871e+00,4.232160313869744690e-06
2.000000000000000000e+00,1.404380622437389370e+00,5.593334193490343279e-06
2.000000000000000000e+00,1.406758046866900980e+00,9.064313992781030356e-07
2.000000000000000000e+00,1.409137128030744313e+00,7.097836780402018832e-06
2.000000000000000000e+00,1.411514627924003840e+00,5.021673404506517451e-06
2.000000000000000000e+00,1.413892102100584580e+00,3.789415685238456253e-05
2.000000000000000000e+00,1.416271127497783944e+00,3.262912348352603790e-04
2.000000000000000000e+00,1.418648432802419590e+00,3.524330400774601918e-06
2.000000000000000000e+00,1.421025588977857357e+00,1.829238971840400904e-05
2.000000000000000000e+00,1.423404188478144317e+00,6.652768615672185269e-06
2.000000000000000000e+00,1.425782566128521500e+00,1.284573956782500390e-05
2.000000000000000000e+00,1.428160679720647197e+00,2.438911835041982664e-05
2.000000000000000000e+00,1.430538486772758411e+00,1.883294540654766979e-06
2.000000000000000000e+00,1.432915944529842500e+00,2.229969346706702174e-05
2.000000000000000000e+00,1.435294671521053944e+00,1.302750521734399614e-05
2.000000000000000000e+00,1.437671306838161023e+00,2.526524635550682181e-05
2.000000000000000000e+00,1.440050808136397853e+00,6.678138690936199443e-05
2.000000000000000000e+00,1.442428130388856866e+00,7.450044882472750900e-06
2.000000000000000000e+00,1.444806580222042447e+00,7.980811767906915879e-05
2.000000000000000000e+00,1.447184440705151953e+00,6.976317608709613313e-05
2.000000000000000000e+00,1.449561667222405870e+00,2.172205962579352079e-04
2.000000000000000000e+00,1.451939915205273879e+00,8.502274118480167937e-04
2.000000000000000000e+00,1.454317450317589300e+00,1.278329237052162979e-04
2.000000000000000000e+00,1.456695938627691200e+00,4.043818437539923802e-03
2.000000000000000000e+00,1.459073634158916555e+00,7.044714880463039813e-03
2.000000000000000000e+00,1.461452213653828158e+00,2.006560951797881076e-02
2.000000000000000000e+00,1.463829919457844797e+00,2.212005611057205057e-02
2.000000000000000000e+00,1.466208439024566657e+00,4.244380137075295955e-04
2.000000000000000000e+00,1.468586002984929362e+00,3.350031492773619061e-03
2.000000000000000000e+00,1.470964309539829262e+00,1.051544458307889212e-03
2.000000000000000000e+00,1.473341577570034255e+00,2.428672101762223423e-02
2.000000000000000000e+00,1.475719516059424974e+00,2.108994973067413251e-02
2.000000000000000000e+00,1.478098094240766214e+00,2.527698798570743310e-02
2.000000000000000000e+00,1.480475513315234082e+00,2.284286133097026758e-02
2.000000000000000000e+00,1.482853498523538649e+00,2.919639852107415792e-02
2.000000000000000000e+00,1.485232018414436084e+00,2.989632077562838844e-02
2.000000000000000000e+00,1.487609256426934090e+00,1.849837076405233885e-02
2.000000000000000000e+00,1.489986954141012232e+00,7.282083120301556002e-03
2.000000000000000000e+00,1.492365079420795659e+00,2.968155398568826913e-03
2.000000000000000000e+00,1.494743599912236265e+00,4.540757173081336889e-03
2.000000000000000000e+00,1.497120675253670763e+00,1.206916904373609226e-02
2.000000000000000000e+00,1.499499882482282054e+00,4.091243680983643050e-02
2.000000000000000000e+00,1.501877567244239930e+00,2.140113782443626433e-01
2.000000000000000000e+00,1.504255504071110305e+00,3.400822048448926549e-01
2.000000000000000000e+00,1.506633659486564580e+00,9.460006715765023610e-02
2.000000000000000000e+00,1.509011999795530246e+00,3.330871820322157256e-02
2.000000000000000000e+00,1.511388648673164026e+00,1.746097204062725325e-02
2.000000000000000000e+00,1.513767251004833225e+00,1.127278279660369996e-02
2.000000000000000000e+00,1.516145935822170943e+00,6.921258767682160473e-03
2.000000000000000000e+00,1.518522808709106275e+00,5.462271936950412535e-03
2.000000000000000000e+00,1.520901548735163589e+00,3.745204158519374518e-03
2.000000000000000000e+00,1.523278395355869286e+00,3.074792077893394662e-03
2.000000000000000000e+00,1.525657050519223512e+00,2.468489718327535835e-03
2.000000000000000000e+00,1.528035613106303980e+00,1.780060959075464204e-03
2.000000000000000000e+00,1.530412158368475106e+00,8.463004273450125856e-06
2.000000000000000000e+00,1.532790422710940126e+00,2.113052569108104530e-04
2.000000000000000000e+00,1.535168486814444622e+00,4.753958322925373097e-05
2.000000000000000000e+00,1.537546314356687649e+00,1.240502623956896556e-04
2.000000000000000000e+00,1.539925781434329011e+00,1.089337947906766002e-04
2.000000000000000000e+00,1.542303031922281464e+00,1.554637344777739568e-06
2.000000000000000000e+00,1.544679935578640473e+00,3.357163373410097091e-05
2.000000000000000000e+00,1.547058385603538921e+00,5.302917246026342476e-06
2.000000000000000000e+00,1.549436426059346950e+00,3.228204685330990126e-05
2.000000000000000000e+00,1.551814019337569794e+00,1.842190505196924664e-05
2.000000000000000000e+00,1.554193075854291672e+00,5.536345454639479138e-06
2.000000000000000000e+00,1.556571621252926807e+00,2.460694425824872113e-05
2.000000000000000000e+00,1.558949617294478562e+00,1.371385365796886554e-06
2.000000000000000000e+00,1.561327025522138312e+00,2.406012510138113151e-05
2.000000000000000000e+00,1.563703807261558554e+00,6.430728042145907332e-06
2.000000000000000000e+00,1.566081901784048602e+00,2.037925350732504876e-05
2.000000000000000000e+00,1.568461288012522381e+00,6.074142555783770066e-05
2.000000000000000000e+00,1.570837964304495848e+00,5.913234141791911700e-07
2.000000000000000000e+00,1.573215865533810209e+00,1.932436281326374355e-04
2.000000000000000000e+00,1.575594970075133272e+00,4.310602080366866693e-05
2.000000000000000000e+00,1.577973247821740976e+00,6.042885695396720686e-04
2.000000000000000000e+00,1.580350658646643147e+00,1.255291560233445965e-03
2.000000000000000000e+00,1.582729182648527688e+00,8.688529995562716912e-05
2.000000000000000000e+00,1.585106770971465240e+00,1.107206589729932324e-03
2.000000000000000000e+00,1.587483382861448522e+00,2.096308134531891433e-05
2.000000000000000000e+00,1.589863054736732062e+00,2.761038723861896911e-04
2.000000000000000000e+00,1.592239647623282961e+00,5.644756898511004166e-05
2.000000000000000000e+00,1.594619254564539901e+00,1.888856007001213637e-05
2.000000000000000000e+00,1.596995699582284045e+00,7.973882402062002297e-05
2.000000000000000000e+00,1.599375112011809597e+00,2.596733364523423017e-07
2.000000000000000000e+00,1.601751278763500652e+00,6.161302518146962901e-05
2.000000000000000000e+00,1.604130365570978434e+00,6.596062717320071312e-06
2.000000000000000000e+00,1.606508203736388474e+00,2.837581061386672957e-05
2.000000000000000000e+00,1.608886838448475576e+00,2.701510525157706450e-05
2.000000000000000000e+00,1.611264151472938666e+00,1.988095459034458796e-06
2.000000000000000000e+00,1.613642199950546807e+00,3.468509740284139833e-05
2.000000000000000000e+00,1.616020959246320388e+00,6.414543012399068898e-07
2.000000000000000000e+00,1.618398292022371621e+00,2.287050566193238668e-05
2.000000000000000000e+00,1.620776273428434777e+00,5.523826441668691052e-06
2.000000000000000000e+00,1.623154878309403193e+00,2.418811427196762706e-05
2.000000000000000000e+00,1.625531950142255599e+00,3.815562217816145210e-05
2.000000000000000000e+00,1.627909582167395008e+00,2.037533807548208089e-06
2.000000000000000000e+00,1.630287748709084994e+00,8.925255822536575846e-05
2.000000000000000000e+00,1.632666423928462507e+00,6.981159996072316613e-06
2.000000000000000000e+00,1.635043425604618017e+00,4.166742387487562408e-04
2.000000000000000000e+00,1.637420871234776421e+00,6.301096625048764328e-05
2.000000000000000000e+00,1.639798734458945972e+00,2.294906698171033938e-05
2.000000000000000000e+00,1.642176988753630829e+00,6.493419668560982782e-05
2.000000000000000000e+00,1.644555607431689159e+00,2.596869604474766128e-06
2.000000000000000000e+00,1.646934563642211913e+00,6.061301828320796615e-05
2.000000000000000000e+00,1.649311636354932720e+00,1.664190931450602593e-06
2.000000000000000000e+00,1.651688979741587904e+00,3.637311635109784295e-05
2.000000000000000000e+00,1.654066566429912566e+00,1.165880425863359088e-05
2.000000000000000000e+00,1.656446581917050409e+00,1.552066315058805925e-05
2.000000000000000000e+00,1.658824578794847904e+00,4.640890803459853526e-05
2.000000000000000000e+00,1.661200510123229890e+00,4.812931924974969951e-06
2.000000000000000000e+00,1.663578793016376123e+00,5.015515479634453531e-05
2.000000000000000000e+00,1.665957179889875128e+00,2.484230190421538128e-06
2.000000000000000000e+00,1.668335642387050344e+00,7.630827537908717046e-05
2.000000000000000000e+00,1.670714151986992135e+00,9.390739292356433535e-06
2.000000000000000000e+00,1.673090422268976418e+00,3.926551071847856651e-05
2.000000000000000000e+00,1.675468933430814822e+00,7.057941967529874770e-05
2.000000000000000000e+00,1.677847405138119141e+00,2.733231935423785335e-05
2.000000000000000000e+00,1.680225808213018368e+00,8.998846730748156283e-05
2.000000000000000000e+00,1.682604113313405536e+00,5.364195719445771059e-06
2.000000000000000000e+00,1.684982290932964144e+00,1.037597192641489125e-04
2.000000000000000000e+00,1.687360311401208346e+00,8.243615003698716255e-06
2.000000000000000000e+00,1.689738144883533133e+00,8.070586007660698771e-05
2.000000000000000000e+00,1.692115761381273620e+00,4.498359913376664618e-05
2.000000000000000000e+00,1.694493130731776098e+00,2.920438949598167812e-05
2.000000000000000000e+00,1.696870222608480416e+00,6.425128044995722157e-05
2.000000000000000000e+00,1.699249335401934236e+00,7.952779074412107379e-06
2.000000000000000000e+00,1.701628122620680639e+00,6.460732182579494935e-05
2.000000000000000000e+00,1.704004211532359703e+00,1.660277986293060682e-06
2.000000000000000000e+00,1.706382248516707056e+00,5.548854785579644937e-05
2.000000000000000000e+00,1.708759867047055625e+00,2.507251436561966685e-05
2.000000000000000000e+00,1.711139397425514685e+00,3.549368388864996177e-05
2.000000000000000000e+00,1.713516091596347435e+00,3.563425081044775303e-05
2.000000000000000000e+00,1.715894647708231302e+00,1.114803349255928207e-05
2.000000000000000000e+00,1.718272672423617475e+00,4.869512485037729728e-05
2.000000000000000000e+00,1.720650133828133255e+00,2.400522005886464262e-06
2.000000000000000000e+00,1.723029394364145483e+00,5.414984041760713532e-05
2.000000000000000000e+00,1.725405639360965360e+00,4.719350752062135106e-06
2.000000000000000000e+00,1.727783632085690080e+00,3.746761649897356074e-05
2.000000000000000000e+00,1.730163359864028916e+00,4.944520574503832790e-05
2.000000000000000000e+00,1.732539967848906848e+00,2.245465842270585169e-05
2.000000000000000000e+00,1.734918258608534103e+00,9.257332676849527441e-05
2.000000000000000000e+00,1.737295784744042226e+00,6.063001911206367784e-06
2.000000000000000000e+00,1.739674954091988246e+00,2.446769537610852868e-04
2.000000000000000000e+00,1.742053305661134033e+00,1.938277797905735430e-05
2.000000000000000000e+00,1.744430805976284748e+00,1.852370929090557629e-04
2.000000000000000000e+00,1.746807421400558225e+00,7.533440331748090125e-05
2.000000000000000000e+00,1.749185585906543050e+00,2.911905207871721035e-05
2.000000000000000000e+00,1.751565285671503824e+00,6.205881154820946054e-05
2.000000000000000000e+00,1.753941544332989544e+00,1.095059724425549942e-05
2.000000000000000000e+00,1.756319283347408389e+00,4.525280123642182797e-05
2.000000000000000000e+00,1.758698488506720947e+00,4.854900407469010809e-06
2.000000000000000000e+00,1.761076644056678076e+00,5.431896643216499833e-05
2.000000000000000000e+00,1.763453715291095847e+00,1.747925264586627472e-06
2.000000000000000000e+00,1.765832182308382903e+00,7.022161805036889002e-05
2.000000000000000000e+00,1.768209508663195706e+00,4.618976653453370217e-06
2.000000000000000000e+00,1.770588187717695883e+00,7.306445290025303043e-05
2.000000000000000000e+00,1.772965669196805205e+00,5.216538729438886031e-05
2.000000000000000000e+00,1.775344459763996241e+00,5.270761209254157785e-05
2.000000000000000000e+00,1.777721995276969613e+00,8.981052369171643886e-05
2.000000000000000000e+00,1.780100795737554753e+00,1.572150747229322942e-05
2.000000000000000000e+00,1.782478283099381056e+00,1.127023417635380354e-04
2.000000000000000000e+00,1.784856990739158489e+00,1.577436154726840236e-06
2.000000000000000000e+00,1.787234326670235962e+00,8.509154909784171503e-05
2.000000000000000000e+00,1.789612837680196966e+00,5.955930914097751973e-06
2.000000000000000000e+00,1.791989917806559918e+00,6.209490889885643816e-05
2.000000000000000000e+00,1.794368127283230807e+00,6.512846166940695837e-05
2.000000000000000000e+00,1.796744846137017459e+00,4.067806445826327715e-05
2.000000000000000000e+00,1.799122648083041343e+00,6.113371269898890820e-05
2.000000000000000000e+00,1.801501516697256555e+00,1.298721543083075319e-05
2.000000000000000000e+00,1.803878810935230392e+00,3.811721602997396709e-05
2.000000000000000000e+00,1.806257124818080539e+00,7.254533858195819998e-06
2.000000000000000000e+00,1.808636441567766484e+00,4.607663027568528448e-05
2.000000000000000000e+00,1.811014098981616804e+00,2.604567480631222716e-06
2.000000000000000000e+00,1.813392711472929353e+00,4.457261380909508999e-05
2.000000000000000000e+00,1.815769602679484063e+00,9.794907467289328351e-07
2.000000000000000000e+00,1.818147400644648304e+00,7.148709709287840320e-05
2.000000000000000000e+00,1.820526087986671593e+00,1.625432095672738929e-05
2.000000000000000000e+00,1.822902967052714596e+00,6.382545039521459287e-05
2.000000000000000000e+00,1.825280686410676978e+00,3.394332419254887439e-05
2.000000000000000000e+00,1.827659228322897844e+00,5.952930480981809768e-05
2.000000000000000000e+00,1.830038574944468310e+00,5.805791563555872357e-05
2.000000000000000000e+00,1.832416000112327747e+00,4.412509315208125178e-05
2.000000000000000000e+00,1.834794179900823385e+00,9.045234924462198557e-05
2.000000000000000000e+00,1.837170373825880221e+00,2.909115242788480442e-05
2.000000000000000000e+00,1.839550001086070585e+00,1.160104474115967804e-04
2.000000000000000000e+00,1.841927591628267580e+00,1.157712631298514784e-05
2.000000000000000000e+00,1.844305849176059109e+00,1.351734505393087566e-04
2.000000000000000000e+00,1.846682004518993780e+00,2.592676027256450382e-06
2.000000000000000000e+00,1.849061532876481451e+00,1.377358334860792491e-04
2.000000000000000000e+00,1.851438907171361503e+00,1.181990967097027099e-05
2.000000000000000000e+00,1.853816858923008848e+00,8.877083844775791063e-05
2.000000000000000000e+00,1.856195368998788231e+00,2.491814958951521765e-05
2.000000000000000000e+00,1.858574418157592278e+00,1.078169263700799014e-04
2.000000000000000000e+00,1.860951193835267858e+00,4.888555338766969685e-05
2.000000000000000000e+00,1.863328455497598846e+00,6.240259733380605167e-05
2.000000000000000000e+00,1.865706183545688734e+00,6.829400375350105717e-05
2.000000000000000000e+00,1.868084358271926204e+00,4.421292824014660169e-05
2.000000000000000000e+00,1.870462959859882535e+00,7.273256041170786477e-05
2.000000000000000000e+00,1.872841968384215239e+00,1.412225012266147047e-05
2.000000000000000000e+00,1.875218527602503737e+00,7.599947993895805735e-05
2.000000000000000000e+00,1.877598282584272082e+00,5.768619604753299105e-06
2.000000000000000000e+00,1.879975533445847002e+00,6.559916293765965492e-05
2.000000000000000000e+00,1.882353096003137383e+00,7.555897268202235242e-07
2.000000000000000000e+00,1.884730949754881424e+00,5.858406480099098256e-05
2.000000000000000000e+00,1.887109074090651539e+00,3.264707306335420690e-06
2.000000000000000000e+00,1.889487448290790628e+00,3.997429032388086939e-05
2.000000000000000000e+00,1.891866051526354786e+00,4.866609273614979156e-06
2.000000000000000000e+00,1.894241968814363020e+00,2.242556943164456733e-05
2.000000000000000000e+00,1.896620959922661109e+00,1.310214732834026334e-05
2.000000000000000000e+00,1.899000116913673875e+00,4.281347387550292954e-05
2.000000000000000000e+00,1.901376502634666066e+00,4.067818563487573614e-05
2.000000000000000000e+00,1.903755920179471373e+00,8.789481045109562058e-05
2.000000000000000000e+00,1.906132508977648854e+00,2.015541388120630287e-04
2.000000000000000000e+00,1.908512101096307090e+00,1.971972050688330924e-04
2.000000000000000000e+00,1.910888806516348737e+00,3.842489001449365732e-04
2.000000000000000000e+00,1.913265533887637870e+00,1.070247868304475820e-04
2.000000000000000000e+00,1.915645221064280479e+00,1.283153072448153798e-03
2.000000000000000000e+00,1.918021933723900396e+00,1.679802450836474152e-04
2.000000000000000000e+00,1.920401576683357536e+00,1.134433742922547495e-03
2.000000000000000000e+00,1.922778185987368271e+00,6.797033920454878238e-05
2.000000000000000000e+00,1.925157695683840764e+00,1.326119343915564339e-02
2.000000000000000000e+00,1.927534112112835318e+00,2.191178425163120905e-02
2.000000000000000000e+00,1.929913398624609977e+00,3.151556805449346604e-02
2.000000000000000000e+00,1.932289531783984105e+00,4.665900484481806665e-02
2.000000000000000000e+00,1.934668504313772353e+00,4.190790547451474918e-02
2.000000000000000000e+00,1.937047289244272052e+00,3.415861353233135000e-02
2.000000000000000000e+00,1.939422829809603455e+00,2.189509215150214211e-02
2.000000000000000000e+00,1.941801162930054447e+00,1.628372268140514806e-02
2.000000000000000000e+00,1.944179239057897579e+00,1.083612353502784280e-02
2.000000000000000000e+00,1.946557034846245759e+00,8.627658433344408823e-03
2.000000000000000000e+00,1.948937590416296883e+00,6.119134725974698791e-03
2.000000000000000000e+00,1.951314762526208613e+00,5.119957983500138601e-03
2.000000000000000000e+00,1.953691583608964111e+00,3.624710591621637702e-03
2.000000000000000000e+00,1.956071115926188098e+00,3.300088893082215886e-03
2.000000000000000000e+00,1.958447170997391629e+00,2.403166566722829238e-03
2.000000000000000000e+00,1.960825904438677769e+00,1.474883550297269254e-04
2.000000000000000000e+00,1.963204206118381423e+00,1.131990781200073280e-04
2.000000000000000000e+00,1.965582051840911504e+00,6.338424225677522948e-05
2.000000000000000000e+00,1.967959417301841540e+00,1.167835643837779357e-04
2.000000000000000000e+00,1.970339409318672352e+00,5.773000671914321112e-05
2.000000000000000000e+00,1.972715748465783570e+00,8.645196279898543807e-05
2.000000000000000000e+00,1.975094680156374904e+00,1.900798581116098531e-04
2.000000000000000000e+00,1.977473048443104009e+00,3.342943066464614324e-04
2.000000000000000000e+00,1.979850828500714810e+00,2.860090108308858763e-04
2.000000000000000000e+00,1.982227995395533071e+00,3.035106812306686088e-04
2.000000000000000000e+00,1.984604524085609167e+00,3.861491418406591916e-04
2.000000000000000000e+00,1.986983573776171186e+00,1.945939769941570018e-04
2.000000000000000000e+00,1.989361950099164611e+00,9.189914423794857967e-05
2.000000000000000000e+00,1.991739627709276261e+00,4.546638971357935447e-05
2.000000000000000000e+00,1.994116581153200896e+00,5.977680664508014993e-05
2.000000000000000000e+00,1.996495999787446962e+00,3.516362488604198125e-05
2.000000000000000000e+00,1.998874658345563660e+00,2.733488228855202485e-05
2.000000000000000000e+00,2.001252531070988550e+00,1.746458186148401389e-05
2.000000000000000000e+00,2.003629592099526402e+00,3.391033443517163265e-05
2.000000000000000000e+00,2.006009061087529410e+00,1.340803082427672757e-05
2.000000000000000000e+00,2.008384428391164267e+00,2.635560596705856880e-05
2.000000000000000000e+00,2.010762166794522354e+00,1.392050436241711153e-05
2.000000000000000000e+00,2.013142273146784511e+00,4.650666086035227983e-05
2.000000000000000000e+00,2.015518191284053184e+00,1.451081946274902925e-05
2.000000000000000000e+00,2.017896439964003363e+00,4.712448517411933660e-05
2.000000000000000000e+00,2.020273723858567294e+00,1.765036364943128227e-05
2.000000000000000000e+00,2.022653315995031953e+00,8.268920537436046971e-05
2.000000000000000000e+00,2.025031905392828957e+00,1.944337654355960776e-05
2.000000000000000000e+00,2.027409465173173775e+00,7.236480438861227845e-05
2.000000000000000000e+00,2.029785968350953596e+00,2.045743487132242137e-05
2.000000000000000000e+00,2.032164718651917390e+00,1.079687170868409501e-04
2.000000000000000000e+00,2.034542373648666747e+00,2.283113358368544637e-05
2.000000000000000000e+00,2.036922252485694695e+00,8.911025888062450336e-05
2.000000000000000000e+00,2.039297642718866488e+00,2.411912711272073368e-05
2.000000000000000000e+00,2.041678579620796796e+00,1.378994481366751504e-04
2.000000000000000000e+00,2.044054972850176011e+00,3.301421820949347640e-05
2.000000000000000000e+00,2.046433526721744833e+00,1.189469178245763600e-04
2.000000000000000000e+00,2.048810851376187347e+00,4.128240948633984443e-05
2.000000000000000000e+00,2.051190312403015081e+00,2.271950004561058248e-04
2.000000000000000000e+00,2.053568504069569922e+00,6.330416404031726158e-05
2.000000000000000000e+00,2.055945398294015458e+00,2.320727285904891255e-04
2.000000000000000000e+00,2.058324384012754305e+00,8.432398546484718880e-05
2.000000000000000000e+00,2.060702031599246808e+00,4.465889160874886234e-04
2.000000000000000000e+00,2.063078312672746772e+00,1.368573774884149241e-04
2.000000000000000000e+00,2.065456639593524102e+00,3.212950802729640362e-04
2.000000000000000000e+00,2.067833558764816893e+00,2.325809911915636128e-04
2.000000000000000000e+00,2.070212498216723152e+00,5.459937257628101354e-04
2.000000000000000000e+00,2.072589988335185041e+00,2.579483131743161555e-04
2.000000000000000000e+00,2.074969472860463071e+00,6.471114058562992162e-04
2.000000000000000000e+00,2.077347466120683439e+00,1.056045975891765215e-03
2.000000000000000000e+00,2.079723939049616721e+00,2.001638501183831444e-03
2.000000000000000000e+00,2.082102359006916092e+00,1.256656181356599318e-03
2.000000000000000000e+00,2.084479216156104542e+00,2.142208182091435292e-03
2.000000000000000000e+00,2.086857993654473997e+00,2.850927416217666904e-02
2.000000000000000000e+00,2.089235165520535009e+00,2.511644282751751209e-02
2.000000000000000000e+00,2.091614230747953052e+00,2.110176620051763124e-02
2.000000000000000000e+00,2.093991647171488779e+00,1.678257083073491154e-02
2.000000000000000000e+00,2.096370929659487015e+00,1.451445868509363725e-02
2.000000000000000000e+00,2.098748519824702452e+00,1.188210313155105453e-02
2.000000000000000000e+00,2.101127948448022309e+00,9.177253872649761279e-03
2.000000000000000000e+00,2.103505640882435745e+00,8.181045352659994593e-03
2.000000000000000000e+00,2.105881566995955634e+00,6.698067273795064135e-03
2.000000000000000000e+00,2.108259281488489290e+00,7.385525355750825922e-03
2.000000000000000000e+00,2.110638778281487493e+00,8.086660675412341362e-03
2.000000000000000000e+00,2.113016450109418187e+00,1.059347842950651014e-02
2.000000000000000000e+00,2.115395875701245210e+00,1.283831351565911183e-03
2.000000000000000000e+00,2.117773431421519081e+00,8.256645884330463632e-04
2.000000000000000000e+00,2.120149086564412588e+00,2.537024561592514816e-03
2.000000000000000000e+00,2.122526443941901597e+00,1.068269501518369965e-03
2.000000000000000000e+00,2.124905497063319437e+00,1.167081196210665271e-03
2.000000000000000000e+00,2.127282589459348561e+00,2.916943666665490140e-04
2.000000000000000000e+00,2.129661348130645226e+00,1.310701683399981624e-03
2.000000000000000000e+00,2.132041766401622240e+00,3.989447676710158202e-04
2.000000000000000000e+00,2.134416488630205944e+00,4.311973165898332050e-04
2.000000000000000000e+00,2.136796506809325980e+00,1.510973324017333020e-04
2.000000000000000000e+00,2.139174456954846537e+00,2.066312220755531855e-04
2.000000000000000000e+00,2.141550307510549533e+00,8.145542589057437892e-05
2.000000000000000000e+00,2.143931441358600143e+00,6.226865218082634627e-05
2.000000000000000000e+00,2.146306729584555040e+00,6.272266899410559621e-05
2.000000000000000000e+00,2.148687286870718527e+00,3.641825797124939959e-05
2.000000000000000000e+00,2.151065666753996908e+00,5.469940517988991014e-05
2.000000000000000000e+00,2.153441837210316567e+00,1.611620246647465631e-05
2.000000000000000000e+00,2.155819514621453603e+00,6.203075042221709696e-05
2.000000000000000000e+00,2.158198691568031347e+00,1.331431625139725371e-05
2.000000000000000000e+00,2.160575595509616864e+00,5.594611364243905584e-05
2.000000000000000000e+00,2.162953967401529898e+00,2.040300918333098331e-05
2.000000000000000000e+00,2.165330017974534726e+00,4.312131289966740803e-05
2.000000000000000000e+00,2.167711294571818659e+00,3.308229902237686622e-05
2.000000000000000000e+00,2.170086419534671851e+00,3.317550821053605260e-05
2.000000000000000000e+00,2.172466754975850289e+00,4.922696605850224324e-05
2.000000000000000000e+00,2.174844688110332491e+00,2.822761662308994940e-05
2.000000000000000000e+00,2.177220185986402434e+00,7.023818812565748172e-05
2.000000000000000000e+00,2.179600878863794833e+00,1.337259127774135468e-05
2.000000000000000000e+00,2.181979103711777057e+00,8.283909833509256189e-05
2.000000000000000000e+00,2.184354827302986468e+00,8.212658706826241755e-06
2.000000000000000000e+00,2.186731873089897693e+00,7.248583827457023647e-05
2.000000000000000000e+00,2.189110232802705447e+00,2.519175908862569368e-05
2.000000000000000000e+00,2.191489898121623092e+00,5.309382009706663962e-05
2.000000000000000000e+00,2.193866978681393132e+00,5.043971060723289012e-05
2.000000000000000000e+00,2.196245331200582740e+00,2.758047150272870308e-05
2.000000000000000000e+00,2.198624947167761245e+00,8.568078416310934424e-05
2.000000000000000000e+00,2.201001910734452061e+00,1.102951154574815273e-05
2.000000000000000000e+00,2.203380103664479339e+00,1.277379672336677796e-04
2.000000000000000000e+00,2.205755593071625942e+00,1.757756600062306343e-05
2.000000000000000000e+00,2.208136210091760532e+00,1.693331676512365347e-04
2.000000000000000000e+00,2.210514089066549559e+00,4.617192428422930159e-05
2.000000000000000000e+00,2.212889195676467580e+00,1.380452288149004822e-04
2.000000000000000000e+00,2.215269411685253598e+00,9.475774709243343702e-05
2.000000000000000000e+00,2.217646820369182592e+00,6.527701765783219237e-05
2.000000000000000000e+00,2.220025362245094058e+00,1.403681285693508666e-04
2.000000000000000000e+00,2.222401044539729753e+00,5.926897935293205983e-05
2.000000000000000000e+00,2.224781816787405386e+00,1.635072921959234002e-04
2.000000000000000000e+00,2.227159693927706297e+00,3.585024623630972082e-05
2.000000000000000000e+00,2.229538650259491828e+00,1.383568348711042577e-04
2.000000000000000000e+00,2.231914658585150590e+00,4.535079120623906662e-05
2.000000000000000000e+00,2.234291710139395537e+00,5.050289598039914561e-05
2.000000000000000000e+00,2.236669795394403248e+00,6.687499092000023988e-05
2.000000000000000000e+00,2.239048904770509107e+00,3.478677222922359587e-05
2.000000000000000000e+00,2.241424976510854261e+00,7.539142354092787188e-05
2.000000000000000000e+00,2.243806096568353503e+00,1.390215683112014089e-05
2.000000000000000000e+00,2.246184142332022571e+00,6.939010928847258398e-05
2.000000000000000000e+00,2.248559078140137224e+00,1.505662756444462074e-05
2.000000000000000000e+00,2.250939041398960061e+00,2.974979755460461337e-05
2.000000000000000000e+00,2.253315857608640727e+00,3.053998386274871100e-05
2.000000000000000000e+00,2.255693594709365701e+00,2.221454373432606207e-05
2.000000000000000000e+00,2.258072242628007320e+00,4.196476474820857311e-05
2.000000000000000000e+00,2.260451791238908381e+00,7.949090939817177686e-06
2.000000000000000000e+00,2.262828100482377369e+00,3.993157921731393088e-05
2.000000000000000000e+00,2.265205272630280042e+00,1.300146883096470166e-05
2.000000000000000000e+00,2.267583297361956962e+00,1.691813763633870349e-05
2.000000000000000000e+00,2.269962164303962027e+00,2.891033714269435637e-05
2.000000000000000000e+00,2.272341863029972320e+00,7.623023421372502061e-06
2.000000000000000000e+00,2.274718209664019053e+00,2.061993724867837360e-05
2.000000000000000000e+00,2.277095349600728014e+00,2.778540994018837593e-06
2.000000000000000000e+00,2.279473272218509372e+00,2.578935577919939552e-05
2.000000000000000000e+00,2.281851966842678436e+00,1.461754190174004472e-05
2.000000000000000000e+00,2.284231422745374829e+00,7.338856347940064577e-06
2.000000000000000000e+00,2.286607412008805351e+00,2.647459067250850840e-05
2.000000000000000000e+00,2.288984123377203694e+00,2.674080194076578862e-06
2.000000000000000000e+00,2.291365780618124681e+00,2.059777582729167161e-05
2.000000000000000000e+00,2.293743912168016763e+00,4.236041813537670817e-06
2.000000000000000000e+00,2.296118480612924895e+00,1.858083107835133520e-05
2.000000000000000000e+00,2.298497970634805210e+00,1.063761613898640746e-05
2.000000000000000000e+00,2.300878127611091895e+00,3.777650451985772070e-06
2.000000000000000000e+00,2.303254661586480623e+00,2.137711579872501508e-05
2.000000000000000000e+00,2.305631822391659203e+00,4.856919472353950023e-06
2.000000000000000000e+00,2.308009598693951503e+00,1.171252903968944255e-05
2.000000000000000000e+00,2.310387979106963030e+00,1.349455968767339577e-05
2.000000000000000000e+00,2.312766952190511649e+00,8.040073359390894619e-06
2.000000000000000000e+00,2.315142183405042520e+00,1.532683193342511912e-05
2.000000000000000000e+00,2.317522298400336744e+00,7.961072011450270121e-06
2.000000000000000000e+00,2.319898630583908439e+00,2.527664967836585678e-05
2.000000000000000000e+00,2.322279841038421555e+00,1.701233920377703135e-05
2.000000000000000000e+00,2.324657227477955335e+00,1.152490638366335168e-05
2.000000000000000000e+00,2.327035118932285318e+00,3.365436947676873984e-05
2.000000000000000000e+00,2.329413503549994768e+00,6.244800841440330814e-06
2.000000000000000000e+00,2.331787983991368662e+00,1.227408762795559467e-05
2.000000000000000000e+00,2.334167310210840451e+00,2.407014406640045994e-05
2.000000000000000000e+00,2.336547093703715827e+00,4.029143674840305731e-06
2.000000000000000000e+00,2.338922910089027418e+00,1.887153210768104008e-05
2.000000000000000000e+00,2.341303562883347844e+00,9.280609767004723996e-06
2.000000000000000000e+00,2.343680206292833024e+00,1.169071149469375992e-05
2.000000000000000000e+00,2.346057240367172003e+00,1.864692043356717076e-05
2.000000000000000000e+00,2.348434652788937260e+00,3.377678964294822313e-06
2.000000000000000000e+00,2.350812431186368734e+00,2.864694030967473851e-05
2.000000000000000000e+00,2.353190563133336077e+00,1.322134367732954991e-05
2.000000000000000000e+00,2.355569036149298690e+00,7.516201522018909527e-06
2.000000000000000000e+00,2.357947837699267524e+00,3.749787898441563880e-05
2.000000000000000000e+00,2.360326955193766896e+00,4.788246838408976336e-06
2.000000000000000000e+00,2.362701873503119110e+00,1.935378552437428914e-05
2.000000000000000000e+00,2.365081575825791482e+00,2.858357985867077789e-05
2.000000000000000000e+00,2.367461555987104838e+00,3.780310468058762385e-06
2.000000000000000000e+00,2.369837271457410743e+00,2.039916106612830207e-05
2.000000000000000000e+00,2.372213220904162867e+00,7.381901484388124349e-06
2.000000000000000000e+00,2.374593939286923305e+00,1.230889279190176971e-05
2.000000000000000000e+00,2.376970326898085517e+00,1.595268218815015600e-05
2.000000000000000000e+00,2.379346909490778650e+00,2.968954688311096387e-06
2.000000000000000000e+00,2.381728249229686956e+00,2.192335463826637832e-05
2.000000000000000000e+00,2.384105191535353274e+00,6.030161607745709648e-06
2.000000000000000000e+00,2.386482289336266938e+00,1.038176669470963992e-05
2.000000000000000000e+00,2.388859529357821643e+00,2.293529260344432213e-05
2.000000000000000000e+00,2.391236898270765909e+00,4.629267803744558132e-06
2.000000000000000000e+00,2.393619003764643427e+00,1.125414743391889688e-05
2.000000000000000000e+00,2.395996599438805941e+00,2.302554988610589854e-05
2.000000000000000000e+00,2.398374283698073040e+00,6.902788695057004864e-06
2.000000000000000000e+00,2.400752042994434454e+00,2.356836928177645160e-05
2.000000000000000000e+00,2.403129863725176119e+00,2.580328768036137149e-05
2.000000000000000000e+00,2.405507732232872620e+00,1.686177611302128946e-05
2.000000000000000000e+00,2.407885634805378317e+00,4.336181252273899213e-05
2.000000000000000000e+00,2.410263557675826007e+00,2.977225474322288678e-05
2.000000000000000000e+00,2.412641487022620712e+00,4.362190455962418621e-05
2.000000000000000000e+00,2.415019408969439230e+00,6.964380694672689756e-05
2.000000000000000000e+00,2.417397309585231913e+00,2.773651952397382880e-05
2.000000000000000000e+00,2.419775174884221780e+00,9.285239002272361534e-05
2.000000000000000000e+00,2.422152990825908514e+00,9.576250458801378309e-05
2.000000000000000000e+00,2.424530743315073789e+00,4.497170076210088764e-05
2.000000000000000000e+00,2.426908418201789264e+00,2.176191217179065105e-04
2.000000000000000000e+00,2.429286001281421470e+00,1.503650661574270448e-04
2.000000000000000000e+00,2.431663478294642911e+00,1.975055010971913836e-04
2.000000000000000000e+00,2.434040834927446273e+00,2.517997329259209858e-03
2.000000000000000000e+00,2.436422844634672291e+00,9.747046614611597822e-04
2.000000000000000000e+00,2.438799926692925002e+00,3.550119202245896697e-03
2.000000000000000000e+00,2.441176845109251925e+00,2.942393389895441632e-03
2.000000000000000000e+00,2.443553585351005086e+00,2.686887837487407765e-03
2.000000000000000000e+00,2.445930132830938852e+00,2.857233696519410546e-03
2.000000000000000000e+00,2.448311307568818762e+00,9.314538419609599915e-04
2.000000000000000000e+00,2.450687434933867870e+00,1.837894345969037779e-03
2.000000000000000000e+00,2.453068178922694020e+00,2.637119149689609067e-03
2.000000000000000000e+00,2.455443827201868601e+00,6.984189703195541369e-05
2.000000000000000000e+00,2.457824081285056472e+00,1.276650039231713360e-04
2.000000000000000000e+00,2.460199191070725266e+00,1.659361856384244238e-05
2.000000000000000000e+00,2.462578895654787381e+00,3.158542944996283125e-05
2.000000000000000000e+00,2.464958307733604137e+00,3.966805697762354059e-05
2.000000000000000000e+00,2.467332502158201546e+00,8.973470795037659695e-06
2.000000000000000000e+00,2.469711274537423229e+00,1.193082587098056707e-05
2.000000000000000000e+00,2.472089709077717856e+00,2.064749075233125638e-05
2.000000000000000000e+00,2.474467790561501790e+00,1.014936666987522377e-05
2.000000000000000000e+00,2.476845503716746499e+00,4.207707384787918587e-06
2.000000000000000000e+00,2.479222833217026967e+00,1.401453869965617029e-05
2.000000000000000000e+00,2.481599763681567428e+00,8.689109578588584740e-06
2.000000000000000000e+00,2.483981256237295376e+00,1.250764354230731592e-06
2.000000000000000000e+00,2.486357351796226300e+00,1.039681052500728627e-05
2.000000000000000000e+00,2.488737997498906118e+00,1.157309148470289274e-05
2.000000000000000000e+00,2.491113196007286756e+00,1.763769780343192147e-06
2.000000000000000000e+00,2.493492932524325134e+00,1.008245516179178766e-05
2.000000000000000000e+00,2.495872195725481024e+00,1.396012490737351210e-05
2.000000000000000000e+00,2.498245935968249398e+00,3.106911352499939545e-06
2.000000000000000000e+00,2.500624195678618378e+00,1.004675858344823744e-05
2.000000000000000000e+00,2.503001934687554719e+00,1.664630039777389233e-05
2.000000000000000000e+00,2.505384199785404054e+00,4.236065366092888940e-06
2.000000000000000000e+00,2.507760859244102747e+00,1.260968290018660217e-05
2.000000000000000000e+00,2.510136950143142087e+00,2.048139947102536651e-05
2.000000000000000000e+00,2.512517547981021337e+00,7.074415560559098591e-06
2.000000000000000000e+00,2.514892463148078239e+00,1.178413189086286804e-05
2.000000000000000000e+00,2.517271872260600674e+00,7.631414205941821260e-05
2.000000000000000000e+00,2.519650667552726819e+00,4.942955264549265241e-05
2.000000000000000000e+00,2.522028832766149087e+00,1.682977002909266358e-03
2.000000000000000000e+00,2.524406351588751818e+00,1.887644524754344749e-03
2.000000000000000000e+00,2.526783207654688557e+00,2.267505037941119385e-03
2.000000000000000000e+00,2.529159384544463762e+00,3.059334076318327884e-03
2.000000000000000000e+00,2.531540034735527911e+00,3.255181750755365647e-03
2.000000000000000000e+00,2.533914813502587737e+00,3.459216436414346268e-03
2.000000000000000000e+00,2.536294051902468372e+00,2.803823911562529770e-04
2.000000000000000000e+00,2.538672564369699458e+00,6.454115390233437931e-06
2.000000000000000000e+00,2.541050334235800179e+00,1.796526250000645406e-04
2.000000000000000000e+00,2.543427344778853350e+00,1.506595152132495950e-04
2.000000000000000000e+00,2.545808806606810748e+00,7.970047559724829651e-05
2.000000000000000000e+00,2.548184257884455128e+00,4.002540537152666878e-06
2.000000000000000000e+00,2.550564146289386880e+00,5.172044513733238937e-05
2.000000000000000000e+00,2.552943227520946490e+00,8.962023844673581193e-05
2.000000000000000000e+00,2.555321484608414462e+00,3.289268129588271568e-05
2.000000000000000000e+00,2.557698900527907160e+00,3.659733602340873592e-06
2.000000000000000000e+00,2.560075458202479837e+00,4.431138744910256925e-05
2.000000000000000000e+00,2.562451140502226998e+00,6.402553603520433996e-05
2.000000000000000000e+00,2.564831236037994344e+00,2.510321832676048930e-05
2.000000000000000000e+00,2.567210441454971015e+00,5.479936609663049729e-06
2.000000000000000000e+00,2.569588739480965334e+00,4.147354098646370275e-05
2.000000000000000000e+00,2.571966112790943892e+00,5.754619421788111777e-05
2.000000000000000000e+00,2.574342544007147904e+00,2.758489520280206663e-05
2.000000000000000000e+00,2.576723370808659652e+00,7.651690200684754106e-06
2.000000000000000000e+00,2.579097875367938553e+00,4.147036632363774566e-05
2.000000000000000000e+00,2.581476760275176030e+00,7.482425933089891879e-05
2.000000000000000000e+00,2.583854652848235123e+00,3.199722477398058210e-05
2.000000000000000000e+00,2.586231535461967379e+00,2.130975137457239235e-05
2.000000000000000000e+00,2.588612795081014717e+00,7.678116278292557585e-05
2.000000000000000000e+00,2.590987614612529910e+00,1.357716756130168104e-04
2.000000000000000000e+00,2.593366795512073164e+00,7.058623123234330924e-04
2.000000000000000000e+00,2.595744915317689472e+00,2.550015496575156089e-04
2.000000000000000000e+00,2.598121956157397161e+00,2.697057154378180045e-03
2.000000000000000000e+00,2.600497900107185067e+00,2.595946804903367065e-03
2.000000000000000000e+00,2.602878193565458798e+00,2.416049365107900485e-03
2.000000000000000000e+00,2.605257374095403922e+00,1.946869036507810607e-03
2.000000000000000000e+00,2.607635423630717320e+00,2.190215611415474370e-03
2.000000000000000000e+00,2.610012324053281763e+00,1.480001745114739692e-05
2.000000000000000000e+00,2.612388057193310686e+00,6.027295237076142441e-05
2.000000000000000000e+00,2.614768119240192146e+00,8.511767255705120759e-05
2.000000000000000000e+00,2.617146997564059774e+00,2.465931942328704443e-05
2.000000000000000000e+00,2.619524673852972718e+00,6.406191907947730065e-06
2.000000000000000000e+00,2.621901129743555270e+00,7.810438657661258871e-06
2.000000000000000000e+00,2.624281901432961472e+00,2.301192319869692636e-05
2.000000000000000000e+00,2.626655871285938915e+00,2.493342284862586490e-05
2.000000000000000000e+00,2.629034140094493655e+00,9.564947731255766817e-06
2.000000000000000000e+00,2.631416719546495031e+00,1.959896205729154937e-06
2.000000000000000000e+00,2.633792431410708623e+00,7.929904759224471448e-06
2.000000000000000000e+00,2.636172436860944934e+00,1.816392080135592857e-05
2.000000000000000000e+00,2.638545517161249965e+00,1.616209404585415831e-05
2.000000000000000000e+00,2.640928499105384297e+00,8.113148688211931764e-06
2.000000000000000000e+00,2.643304518349861354e+00,2.481789197578643983e-06
2.000000000000000000e+00,2.645684816809926954e+00,2.667001595878136852e-06
2.000000000000000000e+00,2.648058094547728558e+00,1.074098820516939605e-05
2.000000000000000000e+00,2.650435633945297020e+00,8.490767684292191815e-06
2.000000000000000000e+00,2.652817446491849473e+00,1.861995057526862082e-05
2.000000000000000000e+00,2.655192171178932803e+00,1.223987076809656192e-05
2.000000000000000000e+00,2.657571151243650398e+00,4.741809197633036293e-06
2.000000000000000000e+00,2.659948691486012429e+00,1.657340431955499346e-06
2.000000000000000000e+00,2.662330489570499559e+00,5.718279093202208180e-06
2.000000000000000000e+00,2.664705102769717726e+00,1.175209313040564997e-05
2.000000000000000000e+00,2.667083955729373734e+00,7.365908653379902758e-06
2.000000000000000000e+00,2.669461312276356413e+00,1.159252027596234413e-05
2.000000000000000000e+00,2.671837153036051848e+00,5.484678183194876375e-06
2.000000000000000000e+00,2.674217226595466013e+00,1.572087138037816936e-06
2.000000000000000000e+00,2.676595765975274599e+00,2.504718117065337048e-06
2.000000000000000000e+00,2.678972751659991935e+00,7.210769472217336656e-06
2.000000000000000000e+00,2.681353962923400225e+00,1.112578867756411099e-05
2.000000000000000000e+00,2.683727792746523733e+00,5.451023478619455338e-06
2.000000000000000000e+00,2.686105829445210702e+00,6.854476409569403131e-06
2.000000000000000000e+00,2.688488084212449003e+00,2.381114655015228239e-06
2.000000000000000000e+00,2.690862888123974894e+00,1.379489515290414842e-06
2.000000000000000000e+00,2.693241891183510539e+00,4.841119258733972991e-06
2.000000000000000000e+00,2.695619243808531795e+00,4.733881331634711268e-06
2.000000000000000000e+00,2.697994926104692492e+00,1.004827645620297804e-05
2.000000000000000000e+00,2.700374799530429026e+00,5.075090672112061566e-06
2.000000000000000000e+00,2.702752983395575903e+00,8.603035400718601712e-06
2.000000000000000000e+00,2.705129457665879755e+00,3.048432580025329596e-06
2.000000000000000000e+00,2.707510114782492927e+00,3.512270271724362745e-06
2.000000000000000000e+00,2.709889042854494612e+00,1.552680377511770579e-06
2.000000000000000000e+00,2.712266221707900993e+00,7.957404445501440079e-07
2.000000000000000000e+00,2.714641631120770615e+00,1.737209262329683857e-06
2.000000000000000000e+00,2.717021204959639391e+00,3.766314280755483901e-06
2.000000000000000000e+00,2.719398989596979010e+00,6.274149659786304526e-06
2.000000000000000000e+00,2.721774964671693997e+00,4.290810253270793353e-06
2.000000000000000000e+00,2.724155095219163325e+00,9.575760747328286983e-06
2.000000000000000000e+00,2.726533396224594785e+00,4.580305512647576689e-06
2.000000000000000000e+00,2.728909847187990234e+00,7.205439261244883669e-06
2.000000000000000000e+00,2.731290444402350470e+00,2.480051379254122698e-06
2.000000000000000000e+00,2.733669171376605700e+00,2.527627227921512907e-06
2.000000000000000000e+00,2.736046007472129116e+00,1.210241935311352842e-06
2.000000000000000000e+00,2.738420932003415853e+00,1.761181181729197953e-06
2.000000000000000000e+00,2.740799983049091892e+00,3.510158373460442406e-06
2.000000000000000000e+00,2.743177102021586489e+00,6.405305919122752313e-06
2.000000000000000000e+00,2.745558347964158319e+00,8.871528787133838007e-06
2.000000000000000000e+00,2.747937641197727654e+00,5.030943900340023571e-06
2.000000000000000000e+00,2.750314960807459741e+00,1.070840021055022282e-05
2.000000000000000000e+00,2.752690285832279038e+00,4.563684034298543885e-06
2.000000000000000000e+00,2.755069717329380996e+00,7.425759060749755714e-06
2.000000000000000000e+00,2.757447133295085617e+00,3.801982352663420891e-06
2.000000000000000000e+00,2.759822512631141755e+00,8.765797929467582941e-06
2.000000000000000000e+00,2.762201987996263153e+00,5.232683201870374892e-06
2.000000000000000000e+00,2.764579405566437664e+00,1.440306227970355602e-05
2.000000000000000000e+00,2.766960919131962182e+00,1.578470379302183348e-05
2.000000000000000000e+00,2.769334167959193405e+00,6.721567937795961236e-04
2.000000000000000000e+00,2.771717687672561325e+00,6.842193680701243088e-04
2.000000000000000000e+00,2.774092899949887059e+00,9.637579904247736435e-04
2.000000000000000000e+00,2.776472186575843271e+00,1.070043794268451073e-04
2.000000000000000000e+00,2.778849329813015245e+00,1.391046755836249874e-04
2.000000000000000000e+00,2.781224308154069291e+00,1.906094188046712448e-05
2.000000000000000000e+00,2.783603349577585373e+00,2.844539772058024107e-05
2.000000000000000000e+00,2.785980204283322159e+00,7.050640214450702279e-06
2.000000000000000000e+00,2.788361121540816612e+00,1.122179429865673782e-05
2.000000000000000000e+00,2.790739830130332333e+00,3.925142865180675381e-06
2.000000000000000000e+00,2.793116308318245977e+00,7.592165304971579243e-06
2.000000000000000000e+00,2.795496837376052479e+00,3.591858642322274412e-06
2.000000000000000000e+00,2.797875113863212526e+00,5.990497376639237426e-06
2.000000000000000000e+00,2.800251115911298605e+00,2.222855382071091546e-06
2.000000000000000000e+00,2.802631156870153184e+00,4.589095348144316936e-06
2.000000000000000000e+00,2.805008901002245647e+00,2.351539761649649685e-06
2.000000000000000000e+00,2.807384326304926958e+00,4.220519521137161374e-06
2.000000000000000000e+00,2.809763778281390234e+00,1.863446799658023324e-06
2.000000000000000000e+00,2.812140888822362683e+00,4.078270223066493428e-06
2.000000000000000000e+00,2.814515635791587478e+00,2.225693317425616198e-06
2.000000000000000000e+00,2.816894396919202848e+00,4.317111522164051440e-06
2.000000000000000000e+00,2.819277182391831005e+00,1.750528161807147216e-06
2.000000000000000000e+00,2.821651159259273456e+00,2.645821155349950304e-06
2.000000000000000000e+00,2.824029137518142551e+00,7.962405699126123434e-07
2.000000000000000000e+00,2.826411127293623426e+00,9.186710066405552758e-07
2.000000000000000000e+00,2.828784230557050972e+00,2.610274432242671575e-07
2.000000000000000000e+00,2.831161322165572702e+00,4.847962914907166719e-07
2.000000000000000000e+00,2.833542412182134651e+00,3.757081548570650941e-07
2.000000000000000000e+00,2.835921024016914149e+00,1.335874321380411511e-06
2.000000000000000000e+00,2.838297135088118761e+00,1.048269365185058622e-06
2.000000000000000000e+00,2.840677231205615438e+00,3.271993982994796737e-06
2.000000000000000000e+00,2.843054803040627743e+00,2.148191466902840340e-06
2.000000000000000000e+00,2.845429827880051832e+00,5.248277709809370193e-06
2.000000000000000000e+00,2.847808824123101878e+00,3.018813132186700034e-06
2.000000000000000000e+00,2.850185249634491935e+00,6.596261545716971468e-06
2.000000000000000000e+00,2.852565644594050376e+00,3.417294242513284554e-06
2.000000000000000000e+00,2.854943444955898801e+00,3.419332149513190231e-06
2.000000000000000000e+00,2.857318627786822773e+00,3.224539966486909402e-06
2.000000000000000000e+00,2.859697765996172869e+00,3.041755986358186138e-06
2.000000000000000000e+00,2.862080869472485301e+00,2.663432569652525459e-06
2.000000000000000000e+00,2.864454712355927857e+00,2.268851100795261087e-06
2.000000000000000000e+00,2.866832496293459265e+00,3.531071678052992842e-06
2.000000000000000000e+00,2.869214231107640511e+00,1.259453949542825402e-06
2.000000000000000000e+00,2.871586624881306449e+00,1.745442501801547871e-06
2.000000000000000000e+00,2.873969606985570024e+00,4.906164366566993739e-07
2.000000000000000000e+00,2.876343201527446158e+00,5.214520556600178570e-07
2.000000000000000000e+00,2.878720719985517373e+00,1.470487176874693980e-07
2.000000000000000000e+00,2.881102172098087610e+00,3.250903663375908695e-07
2.000000000000000000e+00,2.883480861554354568e+00,3.235372413970329244e-07
2.000000000000000000e+00,2.885856764896066906e+00,3.712901063328821366e-06
2.000000000000000000e+00,2.888236586815389195e+00,3.205516716604599120e-06
2.000000000000000000e+00,2.890613597715197436e+00,2.889164307477885002e-06
2.000000000000000000e+00,2.892994524384758570e+00,2.325729498512165341e-06
2.000000000000000000e+00,2.895365853522527733e+00,1.415030225795600532e-07
2.000000000000000000e+00,2.897747845885614293e+00,1.271776228871897090e-05
2.000000000000000000e+00,2.900126977032283726e+00,4.525887145666742073e-05
2.000000000000000000e+00,2.902503223200517901e+00,1.331847508052118702e-04
2.000000000000000000e+00,2.904883366561006319e+00,1.592679412346182592e-04
2.000000000000000000e+00,2.907260599562923709e+00,7.464039526688212410e-07
2.000000000000000000e+00,2.909634898318774088e+00,2.500726771277235855e-06
2.000000000000000000e+00,2.912013078324352744e+00,3.066630029154461941e-06
2.000000000000000000e+00,2.914395149104420657e+00,3.783154271958539620e-06
2.000000000000000000e+00,2.916774258379155604e+00,6.168579010860793414e-06
2.000000000000000000e+00,2.919150382085439865e+00,9.601639421816790337e-07
2.000000000000000000e+00,2.921523496123781261e+00,6.026645867890595084e-07
2.000000000000000000e+00,2.923907367138645963e+00,1.744481460958116306e-06
2.000000000000000000e+00,2.926281318344463589e+00,5.288343990777125154e-06
2.000000000000000000e+00,2.928659127554641639e+00,6.424254785493331725e-06
2.000000000000000000e+00,2.931040804181527015e+00,6.442303198294065365e-06
2.000000000000000000e+00,2.933419417291878162e+00,8.955235513424063452e-06
2.000000000000000000e+00,2.935794942524495799e+00,1.027681510727513946e-05
2.000000000000000000e+00,2.938174318344370928e+00,2.032528125542216730e-04
2.000000000000000000e+00,2.940550579959972044e+00,1.315600063164421550e-04
2.000000000000000000e+00,2.942930688311046872e+00,7.011317819184641802e-06
2.000000000000000000e+00,2.945307656001242336e+00,2.223323792834332400e-06
2.000000000000000000e+00,2.947681458460930770e+00,5.140920296517139999e-07
2.000000000000000000e+00,2.950059090390392047e+00,1.652937769617708501e-06
2.000000000000000000e+00,2.952440561063782720e+00,2.919195769992195064e-06
2.000000000000000000e+00,2.954818837778843132e+00,1.124430645353033672e-06
2.000000000000000000e+00,2.957193895793339244e+00,1.531537575692733726e-06
2.000000000000000000e+00,2.959572774981745535e+00,2.237940184298117765e-06
2.000000000000000000e+00,2.961955484573179920e+00,2.955084737790943583e-06
2.000000000000000000e+00,2.964327858985216224e+00,6.247325261015202904e-06
2.000000000000000000e+00,2.966711135514628506e+00,2.750359988422029589e-06
2.000000000000000000e+00,2.969084027002956372e+00,8.682556336041273224e-05
2.000000000000000000e+00,2.971467838945096585e+00,8.093381157503905436e-06
2.000000000000000000e+00,2.973841215813263883e+00,9.695601597291884742e-06
2.000000000000000000e+00,2.976218387048926051e+00,3.634193425643691303e-06
2.000000000000000000e+00,2.978599361758565323e+00,1.748851247007410232e-06
2.000000000000000000e+00,2.980976981837772488e+00,3.453236529249502957e-06
2.000000000000000000e+00,2.983351222083469256e+00,7.448209451168722381e-07
2.000000000000000000e+00,2.985729247336589065e+00,1.796519304312887842e-06
2.000000000000000000e+00,2.988111066655426029e+00,2.544585869073190046e-06
2.000000000000000000e+00,2.990489476071835462e+00,5.222837849527354633e-07
2.000000000000000000e+00,2.992864450213154281e+00,1.913581866644757938e-06
2.000000000000000000e+00,2.995243199646329124e+00,1.858318816888025027e-06
2.000000000000000000e+00,2.997618485893688511e+00,5.400828501469830512e-07
2.000000000000000000e+00,2.999997542427555786e+00,1.965748764709952046e-06
3.000000000000000000e+00,1.099999098890103832e+00,3.869374113256154042e-09
3.000000000000000000e+00,1.102375730712192192e+00,5.205889713552680027e-08
3.000000000000000000e+00,1.104752810646187022e+00,2.643947709745733268e-06
3.000000000000000000e+00,1.107130277917975025e+00,9.992683517843476132e-07
3.000000000000000000e+00,1.109508071207282898e+00,3.912677581075826099e-07
3.000000000000000000e+00,1.111886128647274319e+00,2.536627669292685338e-06
3.000000000000000000e+00,1.114264387824213776e+00,1.883411491365977091e-05
3.000000000000000000e+00,1.116642785777203883e+00,8.175735916587019176e-05
3.000000000000000000e+00,1.119021258997989765e+00,2.707585651225473419e-05
3.000000000000000000e+00,1.121399743430837814e+00,4.630666149629257035e-05
3.000000000000000000e+00,1.123778174472484626e+00,9.556281139115559614e-06
3.000000000000000000e+00,1.126156486972162973e+00,1.558150482064175068e-08
3.000000000000000000e+00,1.128534615231699956e+00,3.526975109282026913e-06
3.000000000000000000e+00,1.130912493005694186e+00,8.801818809147995812e-07
3.000000000000000000e+00,1.133290053501766481e+00,1.289008282487343200e-06
3.000000000000000000e+00,1.135667229380893373e+00,2.423342020017797554e-06
3.000000000000000000e+00,1.138043952757815891e+00,2.348081700030798137e-07
3.000000000000000000e+00,1.140430645006762944e+00,1.651953359703803833e-06
3.000000000000000000e+00,1.142806301289510440e+00,1.516930113789781677e-06
3.000000000000000000e+00,1.145181298221050525e+00,2.587221112157932350e-08
3.000000000000000000e+00,1.147555565735549843e+00,3.050461708902567248e-06
3.000000000000000000e+00,1.149939698688533074e+00,1.752005964862992689e-06
3.000000000000000000e+00,1.152312339057216528e+00,9.239144987466320447e-07
3.000000000000000000e+00,1.154694790481869404e+00,5.196964135697392283e-06
3.000000000000000000e+00,1.157076315485336515e+00,1.891932116084958332e-06
3.000000000000000000e+00,1.159445998776818199e+00,6.709527007784123086e-06
3.000000000000000000e+00,1.161825408173174257e+00,1.183010942840827701e-05
3.000000000000000000e+00,1.164203671776672389e+00,5.818897438536327620e-07
3.000000000000000000e+00,1.166580715404594182e+00,4.996634813838085100e-05
3.000000000000000000e+00,1.168956464334743650e+00,1.298615460745245972e-04
3.000000000000000000e+00,1.171341909466407039e+00,1.089379865325699136e-04
3.000000000000000000e+00,1.173714887566505771e+00,4.932586671567601097e-03
3.000000000000000000e+00,1.176097499840639937e+00,1.194949980961142123e-04
3.000000000000000000e+00,1.178478603450343609e+00,4.360420516426317234e-04
3.000000000000000000e+00,1.180846874482839759e+00,1.625404441235748295e-04
3.000000000000000000e+00,1.183224683239016084e+00,1.389710408118172815e-06
3.000000000000000000e+00,1.185612087451950236e+00,1.272122778455410635e-04
3.000000000000000000e+00,1.187986378893309602e+00,3.089420405967296024e-05
3.000000000000000000e+00,1.190358770252602172e+00,9.128203368523212695e-04
3.000000000000000000e+00,1.192740655833151475e+00,3.712880294502404234e-04
3.000000000000000000e+00,1.195120572508726164e+00,7.723587168075375957e-04
3.000000000000000000e+00,1.197498439510897406e+00,5.878296560065588610e-04
3.000000000000000000e+00,1.199874175544611843e+00,3.188729853472138079e-04
3.000000000000000000e+00,1.202247698790813724e+00,5.266312933508475805e-04
3.000000000000000000e+00,1.204630630988217099e+00,4.658126623416481804e-04
3.000000000000000000e+00,1.207011277581778286e+00,4.034428292936115420e-04
3.000000000000000000e+00,1.209389555328822752e+00,3.836982878366040233e-04
3.000000000000000000e+00,1.211765380466591990e+00,3.492343408660860326e-04
3.000000000000000000e+00,1.214138668715299518e+00,3.431465126033298027e-04
3.000000000000000000e+00,1.216521271556269213e+00,2.993802223611583186e-04
3.000000000000000000e+00,1.218901260673629805e+00,2.781599765011748336e-04
3.000000000000000000e+00,1.221278550366432736e+00,2.766084415302042898e-04
3.000000000000000000e+00,1.223653054421999675e+00,2.379111037563998946e-04
3.000000000000000000e+00,1.226036809853057186e+00,2.233577026752371522e-04
3.000000000000000000e+00,1.228405528858331763e+00,2.084569438675495056e-04
3.000000000000000000e+00,1.230783418372779048e+00,1.759714922712009614e-04
3.000000000000000000e+00,1.233170531755207078e+00,1.676433225178459606e-04
3.000000000000000000e+00,1.235542297137962597e+00,1.373151885906729133e-04
3.000000000000000000e+00,1.237923203366784186e+00,1.199722979052167670e-04
3.000000000000000000e+00,1.240300895663398073e+00,1.608473660631904040e-06
3.000000000000000000e+00,1.242677775014586095e+00,9.067345182895152240e-06
3.000000000000000000e+00,1.245056280032780238e+00,8.040638555703157552e-06
3.000000000000000000e+00,1.247433866845625072e+00,1.761630569324541764e-06
3.000000000000000000e+00,1.249811732522333463e+00,3.011726026200710205e-05
3.000000000000000000e+00,1.252189828228160717e+00,7.863796395253224674e-07
3.000000000000000000e+00,1.254568104745505508e+00,3.292982490033392021e-06
3.000000000000000000e+00,1.256946512473745337e+00,4.872665331813133498e-06
3.000000000000000000e+00,1.259323722316235017e+00,3.720691518613740751e-07
3.000000000000000000e+00,1.261702237295382556e+00,8.092873054388471260e-06
3.000000000000000000e+00,1.264080732375299165e+00,3.528955867159118639e-06
3.000000000000000000e+00,1.266457862776105170e+00,6.057757239670866445e-06
3.000000000000000000e+00,1.268836159410696496e+00,2.358519849665939523e-05
3.000000000000000000e+00,1.271214281587295547e+00,4.049274851540773643e-06
3.000000000000000000e+00,1.273592177023115557e+00,2.910633688056511609e-05
3.000000000000000000e+00,1.275969793052491141e+00,4.288715201240602434e-05
3.000000000000000000e+00,1.278348394676446675e+00,2.414217132896883462e-05
3.000000000000000000e+00,1.280725297271503527e+00,6.242767080574282250e-04
3.000000000000000000e+00,1.283104415923701946e+00,8.419707015620971980e-04
3.000000000000000000e+00,1.285481727588297707e+00,1.225618128972083380e-03
3.000000000000000000e+00,1.287859838407007906e+00,3.967378866208533207e-04
3.000000000000000000e+00,1.290237365594768537e+00,2.149451201245191468e-05
3.000000000000000000e+00,1.292615601494206734e+00,7.541246392790214618e-05
3.000000000000000000e+00,1.294993152720043783e+00,1.899916556484038051e-05
3.000000000000000000e+00,1.297371320810711826e+00,1.041183636307123619e-05
3.000000000000000000e+00,1.299750064295511320e+00,2.292893567298395560e-05
3.000000000000000000e+00,1.302127973832296837e+00,3.721104005294255287e-06
3.000000000000000000e+00,1.304504992295077548e+00,6.916306783709274792e-06
3.000000000000000000e+00,1.306883817274359982e+00,6.762978749465857296e-06
3.000000000000000000e+00,1.309261655848396488e+00,1.674622322385227939e-06
3.000000000000000000e+00,1.311639837390945473e+00,9.152916954187070985e-06
3.000000000000000000e+00,1.314016925775080002e+00,2.686077090019936304e-06
3.000000000000000000e+00,1.316395657391975726e+00,2.841405918612159280e-06
3.000000000000000000e+00,1.318773197764609995e+00,6.500429017607089017e-06
3.000000000000000000e+00,1.321150895014793214e+00,9.545277490582702539e-07
3.000000000000000000e+00,1.323530117170831355e+00,6.154866514789305544e-06
3.000000000000000000e+00,1.325907998417265699e+00,2.169969953577616473e-06
3.000000000000000000e+00,1.328285901053660734e+00,2.794238951850336183e-06
3.000000000000000000e+00,1.330663779257676982e+00,8.997321538389106834e-06
3.000000000000000000e+00,1.333041586878621620e+00,1.344057886152028531e-06
3.000000000000000000e+00,1.335419277437480678e+00,1.256505304644790628e-05
3.000000000000000000e+00,1.337796804126984540e+00,8.436743404447415032e-06
3.000000000000000000e+00,1.340175568438737086e+00,6.350696630145840314e-06
3.000000000000000000e+00,1.342552630798620195e+00,7.429344998920394099e-05
3.000000000000000000e+00,1.344930845832843502e+00,5.668256042534147959e-05
3.000000000000000000e+00,1.347308716820470487e+00,8.000305229159729694e-04
3.000000000000000000e+00,1.349687664603416160e+00,2.226014436309197114e-04
3.000000000000000000e+00,1.352064707084743578e+00,1.352792023588364884e-05
3.000000000000000000e+00,1.354442738914278577e+00,3.376848989744503832e-05
3.000000000000000000e+00,1.356821726285427188e+00,6.995990078595479645e-06
3.000000000000000000e+00,1.359198655024307145e+00,4.551857146162984142e-06
3.000000000000000000e+00,1.361576449996873439e+00,6.181569193452861700e-06
3.000000000000000000e+00,1.363955076519934195e+00,1.402972773272457646e-06
3.000000000000000000e+00,1.366332993909127991e+00,4.177149402332075509e-06
3.000000000000000000e+00,1.368710151197721991e+00,1.679691915571273946e-06
3.000000000000000000e+00,1.371089529547983243e+00,1.195506454009717312e-06
3.000000000000000000e+00,1.373466544440631543e+00,2.530760937025836248e-06
3.000000000000000000e+00,1.375844181692285284e+00,9.298747060671425273e-07
3.000000000000000000e+00,1.378222404895539377e+00,2.311978814159320617e-06
3.000000000000000000e+00,1.380601177370847310e+00,1.444308007435268014e-06
3.000000000000000000e+00,1.382978919523796035e+00,4.912236544870230806e-07
3.000000000000000000e+00,1.385357126148375695e+00,2.737560921085166055e-06
3.000000000000000000e+00,1.387734206447297503e+00,1.062944087362559499e-06
3.000000000000000000e+00,1.390113223827786459e+00,1.888303109697584085e-06
3.000000000000000000e+00,1.392491028330698821e+00,9.290615941406637384e-06
3.000000000000000000e+00,1.394869134848162107e+00,1.834074413528595336e-06
3.000000000000000000e+00,1.397245930094993760e+00,4.027001998180870746e-06
3.000000000000000000e+00,1.399624519051433369e+00,1.565714048864812409e-06
3.000000000000000000e+00,1.402003293241485871e+00,1.510993387005189199e-06
3.000000000000000000e+00,1.404380622437389370e+00,2.231201866878241996e-06
3.000000000000000000e+00,1.406758046866900980e+00,5.988224280786675805e-07
3.000000000000000000e+00,1.409137128030744313e+00,3.793847055826507763e-06
3.000000000000000000e+00,1.411514627924003840e+00,2.118706921971380506e-06
3.000000000000000000e+00,1.413892102100584580e+00,6.375288529135354990e-06
3.000000000000000000e+00,1.416271127497783944e+00,5.626685887320709886e-05
3.000000000000000000e+00,1.418648432802419590e+00,1.897444818163185962e-06
3.000000000000000000e+00,1.421025588977857357e+00,5.513301314062198170e-06
3.000000000000000000e+00,1.423404188478144317e+00,2.686168201393483607e-06
3.000000000000000000e+00,1.425782566128521500e+00,2.900282632517945076e-06
3.000000000000000000e+00,1.428160679720647197e+00,6.253993877915344766e-06
3.000000000000000000e+00,1.430538486772758411e+00,1.661382320960251305e-06
3.000000000000000000e+00,1.432915944529842500e+00,6.474679197511037693e-06
3.000000000000000000e+00,1.435294671521053944e+00,4.151837668132550972e-06
3.000000000000000000e+00,1.437671306838161023e+00,4.546523592492825405e-06
3.000000000000000000e+00,1.440050808136397853e+00,1.225220237242967346e-05
3.000000000000000000e+00,1.442428130388856866e+00,3.054273895147017377e-06
3.000000000000000000e+00,1.444806580222042447e+00,1.628407410878417820e-05
3.000000000000000000e+00,1.447184440705151953e+00,1.637635247797797144e-05
3.000000000000000000e+00,1.449561667222405870e+00,1.824291141907096473e-05
3.000000000000000000e+00,1.451939915205273879e+00,7.268850140169347252e-05
3.000000000000000000e+00,1.454317450317589300e+00,3.019458963989290394e-05
3.000000000000000000e+00,1.456695938627691200e+00,3.917231906479146271e-04
3.000000000000000000e+00,1.459073634158916555e+00,9.762330034948228825e-04
3.000000000000000000e+00,1.461452213653828158e+00,6.038055414838269710e-04
3.000000000000000000e+00,1.463829919457844797e+00,6.283777885615308024e-04
3.000000000000000000e+00,1.466208439024566657e+00,3.650352774454423841e-05
3.000000000000000000e+00,1.468586002984929362e+00,1.286296710932742450e-04
3.000000000000000000e+00,1.470964309539829262e+00,5.753115388652997884e-05
3.000000000000000000e+00,1.473341577570034255e+00,4.840973159185867791e-05
3.000000000000000000e+00,1.475719516059424974e+00,1.433771032727078560e-04
3.000000000000000000e+00,1.478098094240766214e+00,1.893912173812399582e-05
3.000000000000000000e+00,1.480475513315234082e+00,2.116426636545756074e-04
3.000000000000000000e+00,1.482853498523538649e+00,8.936131456111761902e-05
3.000000000000000000e+00,1.485232018414436084e+00,2.292170098978497494e-04
3.000000000000000000e+00,1.487609256426934090e+00,4.232522760218772762e-04
3.000000000000000000e+00,1.489986954141012232e+00,5.166915902166216060e-05
3.000000000000000000e+00,1.492365079420795659e+00,2.067333353573348796e-04
3.000000000000000000e+00,1.494743599912236265e+00,1.666989748903850691e-05
3.000000000000000000e+00,1.497120675253670763e+00,1.926458228326922506e-04
3.000000000000000000e+00,1.499499882482282054e+00,4.377131508647419790e-04
3.000000000000000000e+00,1.501877567244239930e+00,6.484977052659217215e-05
3.000000000000000000e+00,1.504255504071110305e+00,4.403685336211276766e-03
3.000000000000000000e+00,1.506633659486564580e+00,1.822756206618701778e-04
3.000000000000000000e+00,1.509011999795530246e+00,5.647776799086006968e-04
3.000000000000000000e+00,1.511388648673164026e+00,3.135512893894303000e-04
3.000000000000000000e+00,1.513767251004833225e+00,6.906798856657214312e-06
3.000000000000000000e+00,1.516145935822170943e+00,1.715224096570525992e-04
3.000000000000000000e+00,1.518522808709106275e+00,1.522662166264305307e-05
3.000000000000000000e+00,1.520901548735163589e+00,2.551370571964013765e-04
3.000000000000000000e+00,1.523278395355869286e+00,1.121766469069994902e-04
3.000000000000000000e+00,1.525657050519223512e+00,7.927771353973479178e-05
3.000000000000000000e+00,1.528035613106303980e+00,2.060845189311489613e-04
3.000000000000000000e+00,1.530412158368475106e+00,1.754291078149335364e-03
3.000000000000000000e+00,1.532790422710940126e+00,1.202445002694379345e-03
3.000000000000000000e+00,1.535168486814444622e+00,1.178729587408117912e-03
3.000000000000000000e+00,1.537546314356687649e+00,9.101428482124658288e-04
3.000000000000000000e+00,1.539925781434329011e+00,7.543467668496233293e-04
3.000000000000000000e+00,1.542303031922281464e+00,8.372797111049493568e-04
3.000000000000000000e+00,1.544679935578640473e+00,6.899076230007776143e-04
3.000000000000000000e+00,1.547058385603538921e+00,7.268990565525599787e-04
3.000000000000000000e+00,1.549436426059346950e+00,7.226933653954846493e-04
3.000000000000000000e+00,1.551814019337569794e+00,9.832485458024029911e-04
3.000000000000000000e+00,1.554193075854291672e+00,9.326236772053179101e-04
3.000000000000000000e+00,1.556571621252926807e+00,6.982905052368788747e-04
3.000000000000000000e+00,1.558949617294478562e+00,1.147960074641827177e-05
3.000000000000000000e+00,1.561327025522138312e+00,1.504105448631026798e-04
3.000000000000000000e+00,1.563703807261558554e+00,9.057421858526654948e-05
3.000000000000000000e+00,1.566081901784048602e+00,2.483532932972116981e-04
3.000000000000000000e+00,1.568461288012522381e+00,1.032394487513279999e-04
3.000000000000000000e+00,1.570837964304495848e+00,3.306975767112263769e-06
3.000000000000000000e+00,1.573215865533810209e+00,3.282608107444591754e-04
3.000000000000000000e+00,1.575594970075133272e+00,1.871541920096086292e-04
3.000000000000000000e+00,1.577973247821740976e+00,1.804532470877088591e-03
3.000000000000000000e+00,1.580350658646643147e+00,1.625435595963293850e-03
3.000000000000000000e+00,1.582729182648527688e+00,1.854208083177551067e-05
3.000000000000000000e+00,1.585106770971465240e+00,3.334861468174820254e-03
3.000000000000000000e+00,1.587483382861448522e+00,8.902740127042570065e-05
3.000000000000000000e+00,1.589863054736732062e+00,3.272533319828351624e-04
3.000000000000000000e+00,1.592239647623282961e+00,6.447328435794054597e-05
3.000000000000000000e+00,1.594619254564539901e+00,9.268062490179168990e-06
3.000000000000000000e+00,1.596995699582284045e+00,1.641779476725915474e-04
3.000000000000000000e+00,1.599375112011809597e+00,1.367936317297451276e-06
3.000000000000000000e+00,1.601751278763500652e+00,6.028127194404796988e-05
3.000000000000000000e+00,1.604130365570978434e+00,9.652853392350018431e-06
3.000000000000000000e+00,1.606508203736388474e+00,4.550895653988596003e-05
3.000000000000000000e+00,1.608886838448475576e+00,5.145392427445680592e-05
3.000000000000000000e+00,1.611264151472938666e+00,5.653850823240501454e-07
3.000000000000000000e+00,1.613642199950546807e+00,2.739458416222409547e-05
3.000000000000000000e+00,1.616020959246320388e+00,1.037949413999189328e-06
3.000000000000000000e+00,1.618398292022371621e+00,3.526893003600331750e-05
3.000000000000000000e+00,1.620776273428434777e+00,4.946999673892146139e-06
3.000000000000000000e+00,1.623154878309403193e+00,1.639347577932602907e-05
3.000000000000000000e+00,1.625531950142255599e+00,3.332333393918701165e-05
3.000000000000000000e+00,1.627909582167395008e+00,9.192990306665839151e-07
3.000000000000000000e+00,1.630287748709084994e+00,1.321243526475549674e-04
3.000000000000000000e+00,1.632666423928462507e+00,9.408936723762777887e-06
3.000000000000000000e+00,1.635043425604618017e+00,3.317488057489632468e-04
3.000000000000000000e+00,1.637420871234776421e+00,6.517899065378938007e-05
3.000000000000000000e+00,1.639798734458945972e+00,2.057998574175618628e-05
3.000000000000000000e+00,1.642176988753630829e+00,5.888662395362382663e-05
3.000000000000000000e+00,1.644555607431689159e+00,6.898455798478410201e-07
3.000000000000000000e+00,1.646934563642211913e+00,3.921679737497389510e-05
3.000000000000000000e+00,1.649311636354932720e+00,3.634767718729303324e-06
3.000000000000000000e+00,1.651688979741587904e+00,2.640173457419952988e-05
3.000000000000000000e+00,1.654066566429912566e+00,8.449012144108762338e-06
3.000000000000000000e+00,1.656446581917050409e+00,6.521077375772771774e-06
3.000000000000000000e+00,1.658824578794847904e+00,3.395957253107236083e-05
3.000000000000000000e+00,1.661200510123229890e+00,3.312584884983624702e-06
3.000000000000000000e+00,1.663578793016376123e+00,3.537190307424718203e-05
3.000000000000000000e+00,1.665957179889875128e+00,1.875102085150768154e-06
3.000000000000000000e+00,1.668335642387050344e+00,4.205200646461663961e-05
3.000000000000000000e+00,1.670714151986992135e+00,1.401583172722589026e-05
3.000000000000000000e+00,1.673090422268976418e+00,2.062264437737639864e-05
3.000000000000000000e+00,1.675468933430814822e+00,4.592612677799817479e-05
3.000000000000000000e+00,1.677847405138119141e+00,1.075340242000179160e-05
3.000000000000000000e+00,1.680225808213018368e+00,9.094853831801211208e-05
3.000000000000000000e+00,1.682604113313405536e+00,2.750387606235779348e-06
3.000000000000000000e+00,1.684982290932964144e+00,6.610521857972355333e-05
3.000000000000000000e+00,1.687360311401208346e+00,6.790749794329987993e-06
3.000000000000000000e+00,1.689738144883533133e+00,3.376261524968395607e-05
3.000000000000000000e+00,1.692115761381273620e+00,3.064257130600719746e-05
3.000000000000000000e+00,1.694493130731776098e+00,1.399078509955495417e-05
3.000000000000000000e+00,1.696870222608480416e+00,3.788935433667397785e-05
3.000000000000000000e+00,1.699249335401934236e+00,2.659045122422553679e-06
3.000000000000000000e+00,1.701628122620680639e+00,5.454978088035055729e-05
3.000000000000000000e+00,1.704004211532359703e+00,1.452660272899057678e-06
3.000000000000000000e+00,1.706382248516707056e+00,2.905869791967083220e-05
3.000000000000000000e+00,1.708759867047055625e+00,1.291063684184875986e-05
3.000000000000000000e+00,1.711139397425514685e+00,1.295105625121840341e-05
3.000000000000000000e+00,1.713516091596347435e+00,2.002469125714701934e-05
3.000000000000000000e+00,1.715894647708231302e+00,4.721695299933386297e-06
3.000000000000000000e+00,1.718272672423617475e+00,2.592307014340607674e-05
3.000000000000000000e+00,1.720650133828133255e+00,8.680274766369356633e-07
3.000000000000000000e+00,1.723029394364145483e+00,2.766610786349196134e-05
3.000000000000000000e+00,1.725405639360965360e+00,3.218100898998375102e-06
3.000000000000000000e+00,1.727783632085690080e+00,1.724863789079454266e-05
3.000000000000000000e+00,1.730163359864028916e+00,2.518185405218184867e-05
3.000000000000000000e+00,1.732539967848906848e+00,9.415472125174698318e-06
3.000000000000000000e+00,1.734918258608534103e+00,5.474370915662807454e-05
3.000000000000000000e+00,1.737295784744042226e+00,2.246556298217387921e-06
3.000000000000000000e+00,1.739674954091988246e+00,1.433698565212795364e-04
3.000000000000000000e+00,1.742053305661134033e+00,1.439506043475548719e-05
3.000000000000000000e+00,1.744430805976284748e+00,1.019343955536884401e-04
3.000000000000000000e+00,1.746807421400558225e+00,4.803669589248289886e-05
3.000000000000000000e+00,1.749185585906543050e+00,1.305202899496859961e-05
3.000000000000000000e+00,1.751565285671503824e+00,2.949679608380418038e-05
3.000000000000000000e+00,1.753941544332989544e+00,5.084025941635939549e-06
3.000000000000000000e+00,1.756319283347408389e+00,2.536898600970036589e-05
3.000000000000000000e+00,1.758698488506720947e+00,2.155610151564193647e-06
3.000000000000000000e+00,1.761076644056678076e+00,2.953292479334911248e-05
3.000000000000000000e+00,1.763453715291095847e+00,9.235411146300187530e-07
3.000000000000000000e+00,1.765832182308382903e+00,3.816706286553898941e-05
3.000000000000000000e+00,1.768209508663195706e+00,3.174774893920077635e-06
3.000000000000000000e+00,1.770588187717695883e+00,3.600467582439622482e-05
3.000000000000000000e+00,1.772965669196805205e+00,3.070177077948629401e-05
3.000000000000000000e+00,1.775344459763996241e+00,2.591288527143929008e-05
3.000000000000000000e+00,1.777721995276969613e+00,4.919641182532775395e-05
3.000000000000000000e+00,1.780100795737554753e+00,7.217903084638367787e-06
3.000000000000000000e+00,1.782478283099381056e+00,2.761349603532699463e-05
3.000000000000000000e+00,1.784856990739158489e+00,8.419494304255754938e-07
3.000000000000000000e+00,1.787234326670235962e+00,3.971436416831765944e-05
3.000000000000000000e+00,1.789612837680196966e+00,4.376397930858823694e-06
3.000000000000000000e+00,1.791989917806559918e+00,1.719451377775868124e-05
3.000000000000000000e+00,1.794368127283230807e+00,4.318428268124432348e-05
3.000000000000000000e+00,1.796744846137017459e+00,1.550595726688941514e-05
3.000000000000000000e+00,1.799122648083041343e+00,3.957841502314317096e-05
3.000000000000000000e+00,1.801501516697256555e+00,5.493907399390868734e-06
3.000000000000000000e+00,1.803878810935230392e+00,2.113731295777527945e-05
3.000000000000000000e+00,1.806257124818080539e+00,2.623319873241173498e-06
3.000000000000000000e+00,1.808636441567766484e+00,2.315741219957476128e-05
3.000000000000000000e+00,1.811014098981616804e+00,8.989766966746110787e-07
3.000000000000000000e+00,1.813392711472929353e+00,2.832513015636315245e-05
3.000000000000000000e+00,1.815769602679484063e+00,7.422771481113894690e-07
3.000000000000000000e+00,1.818147400644648304e+00,3.326831735657101571e-05
3.000000000000000000e+00,1.820526087986671593e+00,9.673699372508379082e-06
3.000000000000000000e+00,1.822902967052714596e+00,1.322984642456769313e-05
3.000000000000000000e+00,1.825280686410676978e+00,1.846429767190907906e-05
3.000000000000000000e+00,1.827659228322897844e+00,2.386389502726750166e-05
3.000000000000000000e+00,1.830038574944468310e+00,3.090832950383915400e-05
3.000000000000000000e+00,1.832416000112327747e+00,8.959080763577944245e-06
3.000000000000000000e+00,1.834794179900823385e+00,4.164787152149399316e-05
3.000000000000000000e+00,1.837170373825880221e+00,1.032653801688378993e-05
3.000000000000000000e+00,1.839550001086070585e+00,5.211388573366425666e-05
3.000000000000000000e+00,1.841927591628267580e+00,2.006773663097294720e-06
3.000000000000000000e+00,1.844305849176059109e+00,6.085919693586944840e-05
3.000000000000000000e+00,1.846682004518993780e+00,8.867922706219307031e-07
3.000000000000000000e+00,1.849061532876481451e+00,6.035755762040886409e-05
3.000000000000000000e+00,1.851438907171361503e+00,3.548707913674933446e-06
3.000000000000000000e+00,1.853816858923008848e+00,4.987327973300800609e-05
3.000000000000000000e+00,1.856195368998788231e+00,1.494997622310147523e-05
3.000000000000000000e+00,1.858574418157592278e+00,4.076327012387412444e-05
3.000000000000000000e+00,1.860951193835267858e+00,1.217472770180761298e-05
3.000000000000000000e+00,1.863328455497598846e+00,3.029624975532969815e-05
3.000000000000000000e+00,1.865706183545688734e+00,2.999203777753653807e-05
3.000000000000000000e+00,1.868084358271926204e+00,1.469657036993289373e-05
3.000000000000000000e+00,1.870462959859882535e+00,1.658307302820329011e-05
3.000000000000000000e+00,1.872841968384215239e+00,6.484779858564816536e-06
3.000000000000000000e+00,1.875218527602503737e+00,3.150671210738226365e-05
3.000000000000000000e+00,1.877598282584272082e+00,1.632359691277164246e-06
3.000000000000000000e+00,1.879975533445847002e+00,1.353617995434591641e-05
3.000000000000000000e+00,1.882353096003137383e+00,3.080873423927647251e-07
3.000000000000000000e+00,1.884730949754881424e+00,2.275146471831619645e-05
3.000000000000000000e+00,1.887109074090651539e+00,2.373521149906393202e-06
3.000000000000000000e+00,1.889487448290790628e+00,8.049026300811524946e-06
3.000000000000000000e+00,1.891866051526354786e+00,3.517444743843400635e-06
3.000000000000000000e+00,1.894241968814363020e+00,1.065690177500968557e-05
3.000000000000000000e+00,1.896620959922661109e+00,5.914756158024253192e-06
3.000000000000000000e+00,1.899000116913673875e+00,5.110548106481810384e-06
3.000000000000000000e+00,1.901376502634666066e+00,7.492873901903724819e-06
3.000000000000000000e+00,1.903755920179471373e+00,1.983449520806357828e-05
3.000000000000000000e+00,1.906132508977648854e+00,3.955918210595875617e-05
3.000000000000000000e+00,1.908512101096307090e+00,1.160043147279202214e-05
3.000000000000000000e+00,1.910888806516348737e+00,3.644160171949738133e-05
3.000000000000000000e+00,1.913265533887637870e+00,1.788965557149191596e-05
3.000000000000000000e+00,1.915645221064280479e+00,1.108992946068210856e-04
3.000000000000000000e+00,1.918021933723900396e+00,4.773678620246027156e-06
3.000000000000000000e+00,1.920401576683357536e+00,7.007868059002514893e-05
3.000000000000000000e+00,1.922778185987368271e+00,4.780459827206461185e-06
3.000000000000000000e+00,1.925157695683840764e+00,1.805824114226347167e-04
3.000000000000000000e+00,1.927534112112835318e+00,2.315216478543547962e-06
3.000000000000000000e+00,1.929913398624609977e+00,1.480187537881279768e-04
3.000000000000000000e+00,1.932289531783984105e+00,1.080146867455443761e-05
3.000000000000000000e+00,1.934668504313772353e+00,4.493560321200243445e-04
3.000000000000000000e+00,1.937047289244272052e+00,1.065328467939195024e-05
3.000000000000000000e+00,1.939422829809603455e+00,1.526320975479906659e-04
3.000000000000000000e+00,1.941801162930054447e+00,2.806987276214004297e-05
3.000000000000000000e+00,1.944179239057897579e+00,2.455561026871846747e-04
3.000000000000000000e+00,1.946557034846245759e+00,1.753068670953990271e-05
3.000000000000000000e+00,1.948937590416296883e+00,9.616575136715897320e-05
3.000000000000000000e+00,1.951314762526208613e+00,6.156546410645019499e-05
3.000000000000000000e+00,1.953691583608964111e+00,2.638358122373175223e-04
3.000000000000000000e+00,1.956071115926188098e+00,4.340736677703181429e-05
3.000000000000000000e+00,1.958447170997391629e+00,1.237791649601482653e-04
3.000000000000000000e+00,1.960825904438677769e+00,2.137602142923791457e-03
3.000000000000000000e+00,1.963204206118381423e+00,1.675869707715000071e-03
3.000000000000000000e+00,1.965582051840911504e+00,1.576478759955383642e-03
3.000000000000000000e+00,1.967959417301841540e+00,1.445382190281550763e-03
3.000000000000000000e+00,1.970339409318672352e+00,1.938517323955189992e-03
3.000000000000000000e+00,1.972715748465783570e+00,3.635465397646772331e-03
3.000000000000000000e+00,1.975094680156374904e+00,2.746263083197509518e-04
3.000000000000000000e+00,1.977473048443104009e+00,8.126259825536848776e-04
3.000000000000000000e+00,1.979850828500714810e+00,1.425442748756171937e-03
3.000000000000000000e+00,1.982227995395533071e+00,3.388283355055782915e-04
3.000000000000000000e+00,1.984604524085609167e+00,3.971745403412324537e-04
3.000000000000000000e+00,1.986983573776171186e+00,2.129220191390076991e-04
3.000000000000000000e+00,1.989361950099164611e+00,2.914985630080203652e-04
3.000000000000000000e+00,1.991739627709276261e+00,3.908238744956701410e-05
3.000000000000000000e+00,1.994116581153200896e+00,5.201829523188485364e-05
3.000000000000000000e+00,1.996495999787446962e+00,2.500155478569880582e-05
3.000000000000000000e+00,1.998874658345563660e+00,6.364649132517582303e-05
3.000000000000000000e+00,2.001252531070988550e+00,1.113502249766193072e-05
3.000000000000000000e+00,2.003629592099526402e+00,1.949774305857019952e-05
3.000000000000000000e+00,2.006009061087529410e+00,1.679688347579016860e-05
3.000000000000000000e+00,2.008384428391164267e+00,3.382143905969013512e-05
3.000000000000000000e+00,2.010762166794522354e+00,6.774480233581713299e-06
3.000000000000000000e+00,2.013142273146784511e+00,1.681597941925984727e-05
3.000000000000000000e+00,2.015518191284053184e+00,1.317651250526027365e-05
3.000000000000000000e+00,2.017896439964003363e+00,4.046682693027152009e-05
3.000000000000000000e+00,2.020273723858567294e+00,6.966069686501046710e-06
3.000000000000000000e+00,2.022653315995031953e+00,2.278696763461623067e-05
3.000000000000000000e+00,2.025031905392828957e+00,1.443846427860543896e-05
3.000000000000000000e+00,2.027409465173173775e+00,4.760204214400075523e-05
3.000000000000000000e+00,2.029785968350953596e+00,7.137265277954932641e-06
3.000000000000000000e+00,2.032164718651917390e+00,2.442877976984091185e-05
3.000000000000000000e+00,2.034542373648666747e+00,1.370133597996013109e-05
3.000000000000000000e+00,2.036922252485694695e+00,2.475918525760336384e-05
3.000000000000000000e+00,2.039297642718866488e+00,7.281784138389763219e-06
3.000000000000000000e+00,2.041678579620796796e+00,2.741916268606583770e-05
3.000000000000000000e+00,2.044054972850176011e+00,1.769762074713343369e-05
3.000000000000000000e+00,2.046433526721744833e+00,3.665076455193334273e-05
3.000000000000000000e+00,2.048810851376187347e+00,1.115033691491032289e-05
3.000000000000000000e+00,2.051190312403015081e+00,4.213121215584877705e-05
3.000000000000000000e+00,2.053568504069569922e+00,3.070569327027000629e-05
3.000000000000000000e+00,2.055945398294015458e+00,4.663160999596672378e-05
3.000000000000000000e+00,2.058324384012754305e+00,2.131697629909412727e-05
3.000000000000000000e+00,2.060702031599246808e+00,5.159913441446472551e-05
3.000000000000000000e+00,2.063078312672746772e+00,4.737124124502338588e-05
3.000000000000000000e+00,2.065456639593524102e+00,5.319891193309503184e-05
3.000000000000000000e+00,2.067833558764816893e+00,2.271483160415571225e-05
3.000000000000000000e+00,2.070212498216723152e+00,1.038451091250286402e-04
3.000000000000000000e+00,2.072589988335185041e+00,3.399232343837135735e-05
3.000000000000000000e+00,2.074969472860463071e+00,6.984211972170433825e-05
3.000000000000000000e+00,2.077347466120683439e+00,5.255473247446282981e-05
3.000000000000000000e+00,2.079723939049616721e+00,2.276868443747610848e-04
3.000000000000000000e+00,2.082102359006916092e+00,9.432708878694808310e-05
3.000000000000000000e+00,2.084479216156104542e+00,1.603127229279782966e-04
3.000000000000000000e+00,2.086857993654473997e+00,1.352734397780039886e-04
3.000000000000000000e+00,2.089235165520535009e+00,3.643989684895479345e-04
3.000000000000000000e+00,2.091614230747953052e+00,2.156811566548749010e-04
3.000000000000000000e+00,2.093991647171488779e+00,1.473067028280987140e-04
3.000000000000000000e+00,2.096370929659487015e+00,1.292068318349350628e-04
3.000000000000000000e+00,2.098748519824702452e+00,2.509456520706689758e-04
3.000000000000000000e+00,2.101127948448022309e+00,2.261514463289147285e-04
3.000000000000000000e+00,2.103505640882435745e+00,8.985421948769361524e-05
3.000000000000000000e+00,2.105881566995955634e+00,6.433104346092540947e-04
3.000000000000000000e+00,2.108259281488489290e+00,3.433131853624921039e-04
3.000000000000000000e+00,2.110638778281487493e+00,5.223997643347412208e-04
3.000000000000000000e+00,2.113016450109418187e+00,4.374776351500124722e-04
3.000000000000000000e+00,2.115395875701245210e+00,1.258533090094851939e-02
3.000000000000000000e+00,2.117773431421519081e+00,1.708333037513366098e-02
3.000000000000000000e+00,2.120149086564412588e+00,1.878963020149109972e-02
3.000000000000000000e+00,2.122526443941901597e+00,3.057478609512521289e-02
3.000000000000000000e+00,2.124905497063319437e+00,3.593356875913607945e-02
3.000000000000000000e+00,2.127282589459348561e+00,1.596773701204710731e-03
3.000000000000000000e+00,2.129661348130645226e+00,3.111827622250824387e-03
3.000000000000000000e+00,2.132041766401622240e+00,1.859469690346306041e-03
3.000000000000000000e+00,2.134416488630205944e+00,5.170350373358499054e-04
3.000000000000000000e+00,2.136796506809325980e+00,1.456918445256390757e-04
3.000000000000000000e+00,2.139174456954846537e+00,2.498790941031273603e-04
3.000000000000000000e+00,2.141550307510549533e+00,2.415371982225426569e-04
3.000000000000000000e+00,2.143931441358600143e+00,5.476554401930942021e-05
3.000000000000000000e+00,2.146306729584555040e+00,3.796476507568920776e-05
3.000000000000000000e+00,2.148687286870718527e+00,3.126504935012329852e-05
3.000000000000000000e+00,2.151065666753996908e+00,2.377894197923479606e-05
3.000000000000000000e+00,2.153441837210316567e+00,1.065644564370354369e-05
3.000000000000000000e+00,2.155819514621453603e+00,2.578957981618430930e-05
3.000000000000000000e+00,2.158198691568031347e+00,1.521933059158329466e-05
3.000000000000000000e+00,2.160575595509616864e+00,2.255255262571491048e-05
3.000000000000000000e+00,2.162953967401529898e+00,8.404416985034927028e-06
3.000000000000000000e+00,2.165330017974534726e+00,1.888226347937091299e-05
3.000000000000000000e+00,2.167711294571818659e+00,2.457219754292839359e-05
3.000000000000000000e+00,2.170086419534671851e+00,1.291991317391124990e-05
3.000000000000000000e+00,2.172466754975850289e+00,2.048271638870640784e-05
3.000000000000000000e+00,2.174844688110332491e+00,1.309397311199027627e-05
3.000000000000000000e+00,2.177220185986402434e+00,2.416377070721468425e-05
3.000000000000000000e+00,2.179600878863794833e+00,7.033281084568693322e-06
3.000000000000000000e+00,2.181979103711777057e+00,4.084895871044244689e-05
3.000000000000000000e+00,2.184354827302986468e+00,8.212768640431734510e-06
3.000000000000000000e+00,2.186731873089897693e+00,2.697553216284103754e-05
3.000000000000000000e+00,2.189110232802705447e+00,8.099968364808355270e-06
3.000000000000000000e+00,2.191489898121623092e+00,2.054506502005528222e-05
3.000000000000000000e+00,2.193866978681393132e+00,1.641216399979622762e-05
3.000000000000000000e+00,2.196245331200582740e+00,1.481803204670234599e-05
3.000000000000000000e+00,2.198624947167761245e+00,2.983361943275233835e-05
3.000000000000000000e+00,2.201001910734452061e+00,1.740881673210759373e-05
3.000000000000000000e+00,2.203380103664479339e+00,4.572058977102243373e-05
3.000000000000000000e+00,2.205755593071625942e+00,7.047799417855565529e-06
3.000000000000000000e+00,2.208136210091760532e+00,6.378229659712727714e-05
3.000000000000000000e+00,2.210514089066549559e+00,1.620198218279801685e-05
3.000000000000000000e+00,2.212889195676467580e+00,5.775013451471021006e-05
3.000000000000000000e+00,2.215269411685253598e+00,3.567998810694555093e-05
3.000000000000000000e+00,2.217646820369182592e+00,8.461798635517233649e-05
3.000000000000000000e+00,2.220025362245094058e+00,5.361300360448425443e-05
3.000000000000000000e+00,2.222401044539729753e+00,2.947316989364906281e-05
3.000000000000000000e+00,2.224781816787405386e+00,6.388339510438003808e-05
3.000000000000000000e+00,2.227159693927706297e+00,1.796433849817691617e-05
3.000000000000000000e+00,2.229538650259491828e+00,6.990468132128129408e-05
3.000000000000000000e+00,2.231914658585150590e+00,1.482160501009287448e-05
3.000000000000000000e+00,2.234291710139395537e+00,3.400898848470835600e-05
3.000000000000000000e+00,2.236669795394403248e+00,2.111522262285593440e-05
3.000000000000000000e+00,2.239048904770509107e+00,1.499887432102249042e-05
3.000000000000000000e+00,2.241424976510854261e+00,2.402998078912086820e-05
3.000000000000000000e+00,2.243806096568353503e+00,5.110727803494891066e-06
3.000000000000000000e+00,2.246184142332022571e+00,2.195756310841129978e-05
3.000000000000000000e+00,2.248559078140137224e+00,6.422081063534822019e-06
3.000000000000000000e+00,2.250939041398960061e+00,1.677697580446644194e-05
3.000000000000000000e+00,2.253315857608640727e+00,9.954961494194363415e-06
3.000000000000000000e+00,2.255693594709365701e+00,8.999378893809993212e-06
3.000000000000000000e+00,2.258072242628007320e+00,1.954831147041022398e-05
3.000000000000000000e+00,2.260451791238908381e+00,2.893275157054985447e-06
3.000000000000000000e+00,2.262828100482377369e+00,1.827692124791516486e-05
3.000000000000000000e+00,2.265205272630280042e+00,3.503802915080650567e-06
3.000000000000000000e+00,2.267583297361956962e+00,8.013263375278855763e-06
3.000000000000000000e+00,2.269962164303962027e+00,7.408692235296392708e-06
3.000000000000000000e+00,2.272341863029972320e+00,2.576596416930858874e-06
3.000000000000000000e+00,2.274718209664019053e+00,9.482507426181473309e-06
3.000000000000000000e+00,2.277095349600728014e+00,1.126363922047584109e-06
3.000000000000000000e+00,2.279473272218509372e+00,7.974168858581504352e-06
3.000000000000000000e+00,2.281851966842678436e+00,3.687229651435135352e-06
3.000000000000000000e+00,2.284231422745374829e+00,3.535509634751447266e-06
3.000000000000000000e+00,2.286607412008805351e+00,6.962405155812439904e-06
3.000000000000000000e+00,2.288984123377203694e+00,1.106111065069598892e-06
3.000000000000000000e+00,2.291365780618124681e+00,8.142243652888925612e-06
3.000000000000000000e+00,2.293743912168016763e+00,1.293147072717929061e-06
3.000000000000000000e+00,2.296118480612924895e+00,6.072710098449249651e-06
3.000000000000000000e+00,2.298497970634805210e+00,5.022790692406407376e-06
3.000000000000000000e+00,2.300878127611091895e+00,2.442790972529861888e-06
3.000000000000000000e+00,2.303254661586480623e+00,9.864576416181350987e-06
3.000000000000000000e+00,2.305631822391659203e+00,1.573342818499197104e-06
3.000000000000000000e+00,2.308009598693951503e+00,5.578507606731047766e-06
3.000000000000000000e+00,2.310387979106963030e+00,4.277186266035968666e-06
3.000000000000000000e+00,2.312766952190511649e+00,3.120014154374190017e-06
3.000000000000000000e+00,2.315142183405042520e+00,7.567127936762277614e-06
3.000000000000000000e+00,2.317522298400336744e+00,2.735582345068241128e-06
3.000000000000000000e+00,2.319898630583908439e+00,1.001718071990848057e-05
3.000000000000000000e+00,2.322279841038421555e+00,7.160175275854894957e-06
3.000000000000000000e+00,2.324657227477955335e+00,4.121986683042431862e-06
3.000000000000000000e+00,2.327035118932285318e+00,1.010252952082285755e-05
3.000000000000000000e+00,2.329413503549994768e+00,2.926356524513277294e-06
3.000000000000000000e+00,2.331787983991368662e+00,6.432997837596869133e-06
3.000000000000000000e+00,2.334167310210840451e+00,6.856265935209285425e-06
3.000000000000000000e+00,2.338922910089027418e+00,8.279221724216000069e-06
3.000000000000000000e+00,2.341303562883347844e+00,2.626183778032211149e-06
3.000000000000000000e+00,2.343680206292833024e+00,3.749699192246677064e-06
3.000000000000000000e+00,2.346057240367172003e+00,8.597256552426510507e-06
3.000000000000000000e+00,2.348434652788937260e+00,9.971099230169269459e-07
3.000000000000000000e+00,2.350812431186368734e+00,1.075041566522501683e-05
3.000000000000000000e+00,2.353190563133336077e+00,6.098764753502544960e-06
3.000000000000000000e+00,2.355569036149298690e+00,3.783326288896178558e-06
3.000000000000000000e+00,2.357947837699267524e+00,1.180842950750606988e-05
3.000000000000000000e+00,2.360326955193766896e+00,2.223847273520581426e-06
3.000000000000000000e+00,2.362701873503119110e+00,9.717594101530919006e-06
3.000000000000000000e+00,2.365081575825791482e+00,8.241945713679967492e-06
3.000000000000000000e+00,2.367461555987104838e+00,2.106244762544696192e-06
3.000000000000000000e+00,2.369837271457410743e+00,1.000223763146065840e-05
3.000000000000000000e+00,2.372213220904162867e+00,2.026564857243434833e-06
3.000000000000000000e+00,2.376970326898085517e+00,6.439476792032625610e-06
3.000000000000000000e+00,2.379346909490778650e+00,9.346109021760867864e-07
3.000000000000000000e+00,2.384105191535353274e+00,2.776178528528793168e-06
3.000000000000000000e+00,2.386482289336266938e+00,2.784543519858259712e-06
3.000000000000000000e+00,2.391236898270765909e+00,2.048163503915649809e-06
3.000000000000000000e+00,2.393619003764643427e+00,4.761449344818488902e-06
3.000000000000000000e+00,2.398374283698073040e+00,2.773592217260150968e-06
3.000000000000000000e+00,2.400752042994434454e+00,8.762244906836084827e-06
3.000000000000000000e+00,2.405507732232872620e+00,5.950878659009298562e-06
3.000000000000000000e+00,2.407885634805378317e+00,1.453161040232629505e-05
3.000000000000000000e+00,2.412641487022620712e+00,1.290911111878173400e-05
3.000000000000000000e+00,2.415019408969439230e+00,2.040238208257240762e-05
3.000000000000000000e+00,2.419775174884221780e+00,2.234078956982810452e-05
3.000000000000000000e+00,2.422152990825908514e+00,2.364376593897173610e-05
3.000000000000000000e+00,2.426908418201789264e+00,3.516439196373141436e-05
3.000000000000000000e+00,2.429286001281421470e+00,2.571133410279911210e-05
3.000000000000000000e+00,2.434040834927446273e+00,5.483931578205266186e-05
3.000000000000000000e+00,2.436422844634672291e+00,3.662125966246598834e-05
3.000000000000000000e+00,2.441176845109251925e+00,1.045912015268462924e-04
3.000000000000000000e+00,2.443553585351005086e+00,6.812454078433994339e-05
3.000000000000000000e+00,2.448311307568818762e+00,1.621858734408896654e-03
3.000000000000000000e+00,2.450687434933867870e+00,6.737539190280693834e-04
3.000000000000000000e+00,2.455443827201868601e+00,8.359665145072952197e-04
3.000000000000000000e+00,2.457824081285056472e+00,1.704022040736689328e-03
3.000000000000000000e+00,2.462578895654787381e+00,4.319953067626991321e-05
3.000000000000000000e+00,2.464958307733604137e+00,9.221545177904815599e-05
3.000000000000000000e+00,2.469711274537423229e+00,1.765934901207683941e-05
3.000000000000000000e+00,2.472089709077717856e+00,2.092525502504566780e-05
3.000000000000000000e+00,2.476845503716746499e+00,4.807160771423658356e-06
3.000000000000000000e+00,2.479222833217026967e+00,9.211461124240176860e-06
3.000000000000000000e+00,2.481599763681567428e+00,4.078343265924478984e-06
3.000000000000000000e+00,2.483981256237295376e+00,1.345460609965109146e-06
3.000000000000000000e+00,2.486357351796226300e+00,5.798686681750003129e-06
3.000000000000000000e+00,2.488737997498906118e+00,5.657454986010094536e-06
3.000000000000000000e+00,2.491113196007286756e+00,8.762978617784325445e-07
3.000000000000000000e+00,2.493492932524325134e+00,5.686944680454814345e-06
3.000000000000000000e+00,2.495872195725481024e+00,6.654185766371167293e-06
3.000000000000000000e+00,2.498245935968249398e+00,1.735485385256555665e-06
3.000000000000000000e+00,2.503001934687554719e+00,8.186871013726992400e-06
3.000000000000000000e+00,2.505384199785404054e+00,2.146694384027652326e-06
3.000000000000000000e+00,2.510136950143142087e+00,8.987168356596015678e-06
3.000000000000000000e+00,2.512517547981021337e+00,2.429847815619171269e-06
3.000000000000000000e+00,2.517271872260600674e+00,1.072991203337316067e-05
3.000000000000000000e+00,2.519650667552726819e+00,5.487497152028175090e-06
3.000000000000000000e+00,2.524406351588751818e+00,2.622506946304942494e-05
3.000000000000000000e+00,2.526783207654688557e+00,2.308207582754042748e-05
3.000000000000000000e+00,2.531540034735527911e+00,1.285527031664679084e-04
3.000000000000000000e+00,2.536294051902468372e+00,3.863355638522587843e-03
3.000000000000000000e+00,2.538672564369699458e+00,4.527761695698131854e-03
3.000000000000000000e+00,2.543427344778853350e+00,3.366417045352477870e-04
3.000000000000000000e+00,2.545808806606810748e+00,2.207800131887614542e-04
3.000000000000000000e+00,2.548184257884455128e+00,2.172184428460261168e-06
3.000000000000000000e+00,2.550564146289386880e+00,4.997239996274745319e-05
3.000000000000000000e+00,2.555321484608414462e+00,2.213796477372521570e-05
3.000000000000000000e+00,2.557698900527907160e+00,1.723099509340838524e-06
3.000000000000000000e+00,2.562451140502226998e+00,3.563086034081070137e-05
3.000000000000000000e+00,2.564831236037994344e+00,1.446390652082265159e-05
3.000000000000000000e+00,2.567210441454971015e+00,2.411699050659668701e-06
3.000000000000000000e+00,2.569588739480965334e+00,2.094875517096107988e-05
3.000000000000000000e+00,2.574342544007147904e+00,1.071073950111717413e-05
3.000000000000000000e+00,2.576723370808659652e+00,3.069092732448863378e-06
3.000000000000000000e+00,2.581476760275176030e+00,3.096349799345840228e-05
3.000000000000000000e+00,2.586231535461967379e+00,3.603503036664654785e-06
3.000000000000000000e+00,2.588612795081014717e+00,1.294864250636519976e-05
3.000000000000000000e+00,2.593366795512073164e+00,3.270204440027195153e-05
3.000000000000000000e+00,2.598121956157397161e+00,1.673975104927755237e-05
3.000000000000000000e+00,2.600497900107185067e+00,7.840448259566375200e-05
3.000000000000000000e+00,2.605257374095403922e+00,4.383610689875511450e-04
3.000000000000000000e+00,2.610012324053281763e+00,1.072695045418283936e-04
3.000000000000000000e+00,2.612388057193310686e+00,5.324623668341961968e-04
3.000000000000000000e+00,2.617146997564059774e+00,4.349250724906405120e-05
3.000000000000000000e+00,2.621901129743555270e+00,7.375557617986618943e-06
3.000000000000000000e+00,2.624281901432961472e+00,1.947034083963099230e-05
3.000000000000000000e+00,2.629034140094493655e+00,6.172154559988342584e-06
3.000000000000000000e+00,2.633792431410708623e+00,4.831998851440968559e-06
3.000000000000000000e+00,2.636172436860944934e+00,9.948982918702381774e-06
3.000000000000000000e+00,2.640928499105384297e+00,4.517518349452482369e-06
3.000000000000000000e+00,2.645684816809926954e+00,1.567950088436922526e-06
3.000000000000000000e+00,2.650435633945297020e+00,8.951474082692998711e-06
3.000000000000000000e+00,2.652817446491849473e+00,9.965570408688292353e-06
3.000000000000000000e+00,2.657571151243650398e+00,2.464418625943240832e-06
3.000000000000000000e+00,2.662330489570499559e+00,3.139791923936954832e-06
3.000000000000000000e+00,2.667083955729373734e+00,7.514630415935820549e-06
3.000000000000000000e+00,2.669461312276356413e+00,5.541871033827169702e-06
3.000000000000000000e+00,2.674217226595466013e+00,8.627502356365467671e-07
3.000000000000000000e+00,2.678972751659991935e+00,3.571383757858273145e-06
3.000000000000000000e+00,2.683727792746523733e+00,5.541458277004927576e-06
3.000000000000000000e+00,2.686105829445210702e+00,3.413961376657291129e-06
3.000000000000000000e+00,2.690862888123974894e+00,7.396752884433433148e-07
3.000000000000000000e+00,2.695619243808531795e+00,4.406838645830521093e-06
3.000000000000000000e+00,2.700374799530429026e+00,5.072467508891934599e-06
3.000000000000000000e+00,2.702752983395575903e+00,4.170035933333879742e-06
3.000000000000000000e+00,2.705129457665879755e+00,3.072950296111878825e-06
3.000000000000000000e+00,2.707510114782492927e+00,1.649793154760769217e-06
3.000000000000000000e+00,2.712266221707900993e+00,3.725500540491410083e-07
3.000000000000000000e+00,2.717021204959639391e+00,1.974895513282591855e-06
3.000000000000000000e+00,2.721774964671693997e+00,4.110605026552893447e-06
3.000000000000000000e+00,2.726533396224594785e+00,4.361217205640424993e-06
3.000000000000000000e+00,2.731290444402350470e+00,2.291719919126049045e-06
3.000000000000000000e+00,2.733669171376605700e+00,1.137158893099035047e-06
3.000000000000000000e+00,2.738420932003415853e+00,7.137253289289220997e-07
3.000000000000000000e+00,2.743177102021586489e+00,2.851749746930173871e-06
3.000000000000000000e+00,2.747937641197727654e+00,4.852901561567534729e-06
3.000000000000000000e+00,2.752690285832279038e+00,4.255026235265707783e-06
3.000000000000000000e+00,2.757447133295085617e+00,3.010837904650365767e-06
3.000000000000000000e+00,2.762201987996263153e+00,3.560661422167474599e-06
3.000000000000000000e+00,2.766960919131962182e+00,5.694512150954260217e-06
3.000000000000000000e+00,2.771717687672561325e+00,1.918695671598143342e-05
3.000000000000000000e+00,2.776472186575843271e+00,8.909764557061568670e-04
3.000000000000000000e+00,2.781224308154069291e+00,1.390165380736703893e-04
3.000000000000000000e+00,2.785980204283322159e+00,2.510116989703560066e-05
3.000000000000000000e+00,2.790739830130332333e+00,8.238160727695617875e-06
3.000000000000000000e+00,2.795496837376052479e+00,4.673594589025644968e-06
3.000000000000000000e+00,2.800251115911298605e+00,4.180336387801309672e-06
3.000000000000000000e+00,2.805008901002245647e+00,2.516967171843617525e-06
3.000000000000000000e+00,2.809763778281390234e+00,2.620242702921692149e-06
3.000000000000000000e+00,2.814515635791587478e+00,2.161699253250826498e-06
3.000000000000000000e+00,2.819277182391831005e+00,2.142844035988299211e-06
3.000000000000000000e+00,2.824029137518142551e+00,1.051134982011859768e-06
3.000000000000000000e+00,2.828784230557050972e+00,3.310512690418255214e-07
3.000000000000000000e+00,2.833542412182134651e+00,3.594552797527295842e-07
3.000000000000000000e+00,2.838297135088118761e+00,9.965570704174636130e-07
3.000000000000000000e+00,2.843054803040627743e+00,2.029227317645957783e-06
3.000000000000000000e+00,2.847808824123101878e+00,2.874771714949266095e-06
3.000000000000000000e+00,2.854943444955898801e+00,3.307517089315140450e-06
3.000000000000000000e+00,2.859697765996172869e+00,2.939075916425561462e-06
3.000000000000000000e+00,2.864454712355927857e+00,2.196735549214471035e-06
3.000000000000000000e+00,2.869214231107640511e+00,1.227467275711238406e-06
3.000000000000000000e+00,2.873969606985570024e+00,5.474627962259799047e-07
3.000000000000000000e+00,2.878720719985517373e+00,1.599368451714499555e-07
3.000000000000000000e+00,2.883480861554354568e+00,2.917019985643826516e-07
3.000000000000000000e+00,2.890613597715197436e+00,2.637759661590562876e-06
3.000000000000000000e+00,2.895365853522527733e+00,1.201984958940839046e-07
3.000000000000000000e+00,2.902503223200517901e+00,1.311540845881238402e-05
3.000000000000000000e+00,2.907260599562923709e+00,1.765432105982862670e-04
3.000000000000000000e+00,2.914395149104420657e+00,4.244036494299231301e-06
3.000000000000000000e+00,2.919150382085439865e+00,9.589106669416530744e-07
3.000000000000000000e+00,2.926281318344463589e+00,3.977662460458566519e-06
3.000000000000000000e+00,2.931040804181527015e+00,3.277947956381179958e-06
3.000000000000000000e+00,2.938174318344370928e+00,5.878609019663331374e-05
3.000000000000000000e+00,2.942930688311046872e+00,7.475768192854113090e-05
3.000000000000000000e+00,2.950059090390392047e+00,2.013418579877099460e-06
3.000000000000000000e+00,2.954818837778843132e+00,1.434245042964689724e-06
3.000000000000000000e+00,2.957193895793339244e+00,1.149432458012270502e-06
3.000000000000000000e+00,2.964327858985216224e+00,2.319870375381499633e-06
3.000000000000000000e+00,2.971467838945096585e+00,1.415401853395996281e-04
3.000000000000000000e+00,2.978599361758565323e+00,2.335138952827259963e-06
3.000000000000000000e+00,2.985729247336589065e+00,1.731445805707842868e-06
3.000000000000000000e+00,2.992864450213154281e+00,1.862941434718288960e-06
3.000000000000000000e+00,2.999997542427555786e+00,1.866100589200231528e-06
4.000000000000000000e+00,1.099999098890103832e+00,3.559103068960746729e-08
4.000000000000000000e+00,1.102375730712192192e+00,5.795738634759374550e-08
4.000000000000000000e+00,1.104752810646187022e+00,5.087221049929513404e-06
4.000000000000000000e+00,1.107130277917975025e+00,1.024883415196835848e-06
4.000000000000000000e+00,1.109508071207282898e+00,3.272577219322769915e-07
4.000000000000000000e+00,1.111886128647274319e+00,3.154925047448757606e-06
4.000000000000000000e+00,1.114264387824213776e+00,1.239476858600941697e-05
4.000000000000000000e+00,1.116642785777203883e+00,5.569585725198102495e-05
4.000000000000000000e+00,1.119021258997989765e+00,3.881303889152165181e-05
4.000000000000000000e+00,1.121399743430837814e+00,1.178890184059006328e-05
4.000000000000000000e+00,1.123778174472484626e+00,3.833020617574656072e-06
4.000000000000000000e+00,1.126156486972162973e+00,1.635646318093136245e-07
4.000000000000000000e+00,1.128534615231699956e+00,2.361178025295973383e-06
4.000000000000000000e+00,1.130912493005694186e+00,1.148208364508053674e-06
4.000000000000000000e+00,1.133290053501766481e+00,7.710577488736140659e-07
4.000000000000000000e+00,1.135667229380893373e+00,2.567317726298201442e-06
4.000000000000000000e+00,1.138043952757815891e+00,6.094128593358297141e-07
4.000000000000000000e+00,1.140430645006762944e+00,1.652167190364375602e-06
4.000000000000000000e+00,1.142806301289510440e+00,2.321433183108101000e-06
4.000000000000000000e+00,1.145181298221050525e+00,2.254387723819621007e-07
4.000000000000000000e+00,1.147555565735549843e+00,2.997744105806427792e-06
4.000000000000000000e+00,1.149939698688533074e+00,2.423364402492996677e-06
4.000000000000000000e+00,1.152312339057216528e+00,7.331769548429927786e-07
4.000000000000000000e+00,1.154694790481869404e+00,4.521441442362738270e-06
4.000000000000000000e+00,1.157076315485336515e+00,2.227657454245135470e-06
4.000000000000000000e+00,1.159445998776818199e+00,3.208270917896217728e-06
4.000000000000000000e+00,1.161825408173174257e+00,7.182398590060281866e-06
4.000000000000000000e+00,1.164203671776672389e+00,1.613029081583527761e-06
4.000000000000000000e+00,1.166580715404594182e+00,2.535430575277233838e-05
4.000000000000000000e+00,1.168956464334743650e+00,3.879880384193511687e-05
4.000000000000000000e+00,1.171341909466407039e+00,3.204275438350027066e-06
4.000000000000000000e+00,1.173714887566505771e+00,1.047467806120276927e-03
4.000000000000000000e+00,1.176097499840639937e+00,3.724471440804094213e-05
4.000000000000000000e+00,1.178478603450343609e+00,3.000027581385729896e-05
4.000000000000000000e+00,1.180846874482839759e+00,2.298930258064687811e-05
4.000000000000000000e+00,1.183224683239016084e+00,1.200674780866526132e-06
4.000000000000000000e+00,1.185612087451950236e+00,1.121488303258176959e-05
4.000000000000000000e+00,1.187986378893309602e+00,8.176764244786750990e-06
4.000000000000000000e+00,1.190358770252602172e+00,7.964254266590702182e-08
4.000000000000000000e+00,1.192740655833151475e+00,1.021661935477573506e-05
4.000000000000000000e+00,1.195120572508726164e+00,3.316056798691281893e-06
4.000000000000000000e+00,1.197498439510897406e+00,4.541359316417769841e-06
4.000000000000000000e+00,1.199874175544611843e+00,1.114813732194203807e-05
4.000000000000000000e+00,1.202247698790813724e+00,1.027986819664144648e-06
4.000000000000000000e+00,1.204630630988217099e+00,8.929208881946785814e-06
4.000000000000000000e+00,1.207011277581778286e+00,6.485968522441588115e-06
4.000000000000000000e+00,1.209389555328822752e+00,1.033111977686056813e-07
4.000000000000000000e+00,1.211765380466591990e+00,1.339325348134298172e-05
4.000000000000000000e+00,1.214138668715299518e+00,4.471248937769473132e-06
4.000000000000000000e+00,1.216521271556269213e+00,5.982211745641575598e-06
4.000000000000000000e+00,1.218901260673629805e+00,1.348752873935037962e-05
4.000000000000000000e+00,1.221278550366432736e+00,1.402313994244028549e-06
4.000000000000000000e+00,1.223653054421999675e+00,1.369433191816689626e-05
4.000000000000000000e+00,1.226036809853057186e+00,9.306721624724531510e-06
4.000000000000000000e+00,1.228405528858331763e+00,1.009807102537409249e-07
4.000000000000000000e+00,1.230783418372779048e+00,2.090908176453263695e-05
4.000000000000000000e+00,1.233170531755207078e+00,5.544534505852542197e-06
4.000000000000000000e+00,1.235542297137962597e+00,1.225419045570008811e-05
4.000000000000000000e+00,1.237923203366784186e+00,1.857114374588801127e-05
4.000000000000000000e+00,1.240300895663398073e+00,1.088937475657624561e-04
4.000000000000000000e+00,1.242677775014586095e+00,9.324536414962887316e-05
4.000000000000000000e+00,1.245056280032780238e+00,7.293178063418333614e-05
4.000000000000000000e+00,1.247433866845625072e+00,5.657444227773207439e-05
4.000000000000000000e+00,1.249811732522333463e+00,3.562305911540004894e-05
4.000000000000000000e+00,1.252189828228160717e+00,4.928950006815923995e-05
4.000000000000000000e+00,1.254568104745505508e+00,4.909018883631830594e-05
4.000000000000000000e+00,1.256946512473745337e+00,6.350164036430741175e-05
4.000000000000000000e+00,1.259323722316235017e+00,9.819097299249001114e-05
4.000000000000000000e+00,1.261702237295382556e+00,1.567887705460042718e-04
4.000000000000000000e+00,1.264080732375299165e+00,2.485818571191512048e-04
4.000000000000000000e+00,1.266457862776105170e+00,4.437268607824006801e-04
4.000000000000000000e+00,1.268836159410696496e+00,7.450683448877238376e-04
4.000000000000000000e+00,1.271214281587295547e+00,1.374254445287231233e-03
4.000000000000000000e+00,1.273592177023115557e+00,2.518796685335093159e-03
4.000000000000000000e+00,1.275969793052491141e+00,5.253117776766874636e-03
4.000000000000000000e+00,1.278348394676446675e+00,1.395166227155985456e-02
4.000000000000000000e+00,1.280725297271503527e+00,4.935988425765713838e-02
4.000000000000000000e+00,1.283104415923701946e+00,4.369364438519797167e-01
4.000000000000000000e+00,1.285481727588297707e+00,3.031925464836011108e-01
4.000000000000000000e+00,1.287859838407007906e+00,5.969777816534219128e-02
4.000000000000000000e+00,1.290237365594768537e+00,2.519129202975348494e-02
4.000000000000000000e+00,1.292615601494206734e+00,1.442919064983510732e-02
4.000000000000000000e+00,1.294993152720043783e+00,9.402562932551230407e-03
4.000000000000000000e+00,1.297371320810711826e+00,6.479984444512243251e-03
4.000000000000000000e+00,1.299750064295511320e+00,5.157373698013914716e-03
4.000000000000000000e+00,1.302127973832296837e+00,4.546099156848193781e-03
4.000000000000000000e+00,1.304504992295077548e+00,3.626725904493096220e-03
4.000000000000000000e+00,1.306883817274359982e+00,3.126948598882889948e-03
4.000000000000000000e+00,1.309261655848396488e+00,3.000122465124501446e-03
4.000000000000000000e+00,1.311639837390945473e+00,2.701877731896983655e-03
4.000000000000000000e+00,1.314016925775080002e+00,2.485634333003191448e-03
4.000000000000000000e+00,1.316395657391975726e+00,2.319980784347356727e-03
4.000000000000000000e+00,1.318773197764609995e+00,2.340098405716473529e-03
4.000000000000000000e+00,1.321150895014793214e+00,2.419340197913821475e-03
4.000000000000000000e+00,1.323530117170831355e+00,2.279206455424490855e-03
4.000000000000000000e+00,1.325907998417265699e+00,2.502028931575917860e-03
4.000000000000000000e+00,1.328285901053660734e+00,2.835252989856356515e-03
4.000000000000000000e+00,1.330663779257676982e+00,3.110680689519158566e-03
4.000000000000000000e+00,1.333041586878621620e+00,3.863053597131339140e-03
4.000000000000000000e+00,1.335419277437480678e+00,5.147249569675193745e-03
4.000000000000000000e+00,1.337796804126984540e+00,7.899572591821004200e-03
4.000000000000000000e+00,1.340175568438737086e+00,1.403395265367980531e-02
4.000000000000000000e+00,1.342552630798620195e+00,3.002882219171616393e-02
4.000000000000000000e+00,1.344930845832843502e+00,1.175629318839931520e-01
4.000000000000000000e+00,1.347308716820470487e+00,6.126114297974220163e-02
4.000000000000000000e+00,1.349687664603416160e+00,7.554284261924557042e-02
4.000000000000000000e+00,1.352064707084743578e+00,8.210674858041775706e-04
4.000000000000000000e+00,1.354442738914278577e+00,1.645093348651375728e-02
4.000000000000000000e+00,1.356821726285427188e+00,1.912788323195465843e-04
4.000000000000000000e+00,1.359198655024307145e+00,1.589299712971325767e-04
4.000000000000000000e+00,1.361576449996873439e+00,3.198109217946325570e-04
4.000000000000000000e+00,1.363955076519934195e+00,3.071982434196205694e-05
4.000000000000000000e+00,1.366332993909127991e+00,6.462258926526916734e-05
4.000000000000000000e+00,1.368710151197721991e+00,3.796207003446541646e-05
4.000000000000000000e+00,1.371089529547983243e+00,2.736239728076334720e-05
4.000000000000000000e+00,1.373466544440631543e+00,6.950406137510636297e-05
4.000000000000000000e+00,1.375844181692285284e+00,1.306671882753609433e-05
4.000000000000000000e+00,1.378222404895539377e+00,2.484680514558372110e-05
4.000000000000000000e+00,1.380601177370847310e+00,2.121561727513876505e-05
4.000000000000000000e+00,1.382978919523796035e+00,8.450601869530760093e-06
4.000000000000000000e+00,1.385357126148375695e+00,3.596279661184920422e-05
4.000000000000000000e+00,1.387734206447297503e+00,7.766785896013234455e-06
4.000000000000000000e+00,1.390113223827786459e+00,1.975473601873483151e-05
4.000000000000000000e+00,1.392491028330698821e+00,5.506895736714878894e-05
4.000000000000000000e+00,1.394869134848162107e+00,1.549811459182239953e-05
4.000000000000000000e+00,1.397245930094993760e+00,1.903360434469059597e-05
4.000000000000000000e+00,1.399624519051433369e+00,7.722914672253851606e-06
4.000000000000000000e+00,1.402003293241485871e+00,1.090804980863982735e-05
4.000000000000000000e+00,1.404380622437389370e+00,1.707398051838494448e-05
4.000000000000000000e+00,1.406758046866900980e+00,5.686760275413989385e-06
4.000000000000000000e+00,1.409137128030744313e+00,1.606433882002475483e-05
4.000000000000000000e+00,1.411514627924003840e+00,1.135616070105714451e-05
4.000000000000000000e+00,1.413892102100584580e+00,2.194656802411720323e-05
4.000000000000000000e+00,1.416271127497783944e+00,1.054264688309571464e-04
4.000000000000000000e+00,1.418648432802419590e+00,9.404413379357806673e-06
4.000000000000000000e+00,1.421025588977857357e+00,2.062954880450577186e-05
4.000000000000000000e+00,1.423404188478144317e+00,1.227836022211386829e-05
4.000000000000000000e+00,1.425782566128521500e+00,1.264611057676757127e-05
4.000000000000000000e+00,1.428160679720647197e+00,2.099492611580865083e-05
4.000000000000000000e+00,1.430538486772758411e+00,7.025575628061992030e-06
4.000000000000000000e+00,1.432915944529842500e+00,2.478486517369989596e-05
4.000000000000000000e+00,1.435294671521053944e+00,1.837806949050657942e-05
4.000000000000000000e+00,1.437671306838161023e+00,1.404351214901225001e-05
4.000000000000000000e+00,1.440050808136397853e+00,3.653641176391802376e-05
4.000000000000000000e+00,1.442428130388856866e+00,1.512592670986839395e-05
4.000000000000000000e+00,1.444806580222042447e+00,4.635047333382382514e-05
4.000000000000000000e+00,1.447184440705151953e+00,4.738524108662248884e-05
4.000000000000000000e+00,1.449561667222405870e+00,3.909590103073558212e-05
4.000000000000000000e+00,1.451939915205273879e+00,1.445249805598458723e-04
4.000000000000000000e+00,1.454317450317589300e+00,9.514530913990323577e-05
4.000000000000000000e+00,1.456695938627691200e+00,5.395957183774086931e-04
4.000000000000000000e+00,1.459073634158916555e+00,1.272999735560422603e-03
4.000000000000000000e+00,1.461452213653828158e+00,4.856881378775898409e-04
4.000000000000000000e+00,1.463829919457844797e+00,5.460602287173260162e-04
4.000000000000000000e+00,1.466208439024566657e+00,7.479713463768622222e-05
4.000000000000000000e+00,1.468586002984929362e+00,1.304684692502056261e-04
4.000000000000000000e+00,1.470964309539829262e+00,8.217445715362984161e-05
4.000000000000000000e+00,1.473341577570034255e+00,1.066169269006567161e-04
4.000000000000000000e+00,1.475719516059424974e+00,3.126602339869856352e-04
4.000000000000000000e+00,1.478098094240766214e+00,5.836611884110886591e-05
4.000000000000000000e+00,1.480475513315234082e+00,6.464720933065281261e-04
4.000000000000000000e+00,1.482853498523538649e+00,2.911881898293184473e-04
4.000000000000000000e+00,1.485232018414436084e+00,1.360717166933228962e-03
4.000000000000000000e+00,1.487609256426934090e+00,1.932774058754593806e-03
4.000000000000000000e+00,1.489986954141012232e+00,1.535853539371563310e-04
4.000000000000000000e+00,1.492365079420795659e+00,8.593482605939539807e-04
4.000000000000000000e+00,1.494743599912236265e+00,5.761564208992056297e-05
4.000000000000000000e+00,1.497120675253670763e+00,3.840408325017532327e-04
4.000000000000000000e+00,1.499499882482282054e+00,3.455391060527764372e-04
4.000000000000000000e+00,1.501877567244239930e+00,1.865434256174765444e-04
4.000000000000000000e+00,1.504255504071110305e+00,2.361390585399603028e-03
4.000000000000000000e+00,1.506633659486564580e+00,2.906065815228201345e-04
4.000000000000000000e+00,1.509011999795530246e+00,2.631444085064058263e-04
4.000000000000000000e+00,1.511388648673164026e+00,1.178526193052971719e-04
4.000000000000000000e+00,1.513767251004833225e+00,1.807748202666189182e-05
4.000000000000000000e+00,1.516145935822170943e+00,1.269922885268792885e-04
4.000000000000000000e+00,1.518522808709106275e+00,1.413457999973659354e-05
4.000000000000000000e+00,1.520901548735163589e+00,6.627463038313590523e-05
4.000000000000000000e+00,1.523278395355869286e+00,2.644049179534121741e-05
4.000000000000000000e+00,1.525657050519223512e+00,2.693013373261776808e-05
4.000000000000000000e+00,1.528035613106303980e+00,5.592801588061504386e-05
4.000000000000000000e+00,1.530412158368475106e+00,5.595005709434079891e-06
4.000000000000000000e+00,1.532790422710940126e+00,3.692552193449221771e-05
4.000000000000000000e+00,1.535168486814444622e+00,1.433896174271185388e-05
4.000000000000000000e+00,1.537546314356687649e+00,3.202208036088369795e-05
4.000000000000000000e+00,1.539925781434329011e+00,4.734391389697244592e-05
4.000000000000000000e+00,1.542303031922281464e+00,3.547279891310617476e-06
4.000000000000000000e+00,1.544679935578640473e+00,3.838390171807435584e-05
4.000000000000000000e+00,1.547058385603538921e+00,1.300294329481556332e-05
4.000000000000000000e+00,1.549436426059346950e+00,6.531729005591704082e-05
4.000000000000000000e+00,1.551814019337569794e+00,9.588444623118773488e-05
4.000000000000000000e+00,1.554193075854291672e+00,1.038925465870328579e-05
4.000000000000000000e+00,1.556571621252926807e+00,9.519393435236219911e-05
4.000000000000000000e+00,1.558949617294478562e+00,9.588621275386215864e-04
4.000000000000000000e+00,1.561327025522138312e+00,1.058997805939549362e-03
4.000000000000000000e+00,1.563703807261558554e+00,1.646378373188188459e-03
4.000000000000000000e+00,1.566081901784048602e+00,2.315122315708332493e-03
4.000000000000000000e+00,1.568461288012522381e+00,3.799009318285345889e-03
4.000000000000000000e+00,1.570837964304495848e+00,7.020812535902449560e-03
4.000000000000000000e+00,1.573215865533810209e+00,1.221527975288621941e-02
4.000000000000000000e+00,1.575594970075133272e+00,2.807771011567609248e-02
4.000000000000000000e+00,1.577973247821740976e+00,7.344548798325511996e-02
4.000000000000000000e+00,1.580350658646643147e+00,2.466528533320903049e-01
4.000000000000000000e+00,1.582729182648527688e+00,3.893424004567907493e-01
4.000000000000000000e+00,1.585106770971465240e+00,1.651813960982401186e-01
4.000000000000000000e+00,1.587483382861448522e+00,7.719578347990797840e-02
4.000000000000000000e+00,1.589863054736732062e+00,4.162957707851738798e-02
4.000000000000000000e+00,1.592239647623282961e+00,2.791604787060108020e-02
4.000000000000000000e+00,1.594619254564539901e+00,2.086456610840985854e-02
4.000000000000000000e+00,1.596995699582284045e+00,1.539077781541249232e-02
4.000000000000000000e+00,1.599375112011809597e+00,1.355714440314664815e-02
4.000000000000000000e+00,1.601751278763500652e+00,1.120628000176997034e-02
4.000000000000000000e+00,1.604130365570978434e+00,1.035085142893603545e-02
4.000000000000000000e+00,1.606508203736388474e+00,9.277117437972035030e-03
4.000000000000000000e+00,1.608886838448475576e+00,8.493172527633235935e-03
4.000000000000000000e+00,1.611264151472938666e+00,8.718932181557273106e-03
4.000000000000000000e+00,1.613642199950546807e+00,8.067494967327948352e-03
4.000000000000000000e+00,1.616020959246320388e+00,8.527310271014219498e-03
4.000000000000000000e+00,1.618398292022371621e+00,8.476919476134808090e-03
4.000000000000000000e+00,1.620776273428434777e+00,9.428863978938786805e-03
4.000000000000000000e+00,1.623154878309403193e+00,1.065384767692568665e-02
4.000000000000000000e+00,1.625531950142255599e+00,1.309296061935476957e-02
4.000000000000000000e+00,1.627909582167395008e+00,2.058438165712087042e-02
4.000000000000000000e+00,1.630287748709084994e+00,3.625490716096917837e-02
4.000000000000000000e+00,1.632666423928462507e+00,9.616786810755086068e-02
4.000000000000000000e+00,1.635043425604618017e+00,1.745287004762467176e-01
4.000000000000000000e+00,1.637420871234776421e+00,1.050843402486194150e-01
4.000000000000000000e+00,1.639798734458945972e+00,5.967142607844299479e-02
4.000000000000000000e+00,1.642176988753630829e+00,3.393397221013269571e-02
4.000000000000000000e+00,1.644555607431689159e+00,3.146420002980838959e-02
4.000000000000000000e+00,1.646934563642211913e+00,2.459564220525427281e-02
4.000000000000000000e+00,1.649311636354932720e+00,6.378063277517070527e-04
4.000000000000000000e+00,1.651688979741587904e+00,3.164746519041155941e-03
4.000000000000000000e+00,1.654066566429912566e+00,1.683600438911597112e-03
4.000000000000000000e+00,1.656446581917050409e+00,4.362690973042543689e-05
4.000000000000000000e+00,1.658824578794847904e+00,9.837704870079211003e-04
4.000000000000000000e+00,1.661200510123229890e+00,2.893365136233311521e-05
4.000000000000000000e+00,1.663578793016376123e+00,1.182520208308746610e-03
4.000000000000000000e+00,1.665957179889875128e+00,1.950271112931682455e-04
4.000000000000000000e+00,1.668335642387050344e+00,6.330920843925539557e-04
4.000000000000000000e+00,1.670714151986992135e+00,2.832520690359403804e-04
4.000000000000000000e+00,1.673090422268976418e+00,1.172667912168003280e-04
4.000000000000000000e+00,1.675468933430814822e+00,1.139383563158518405e-03
4.000000000000000000e+00,1.677847405138119141e+00,4.213631050102707536e-05
4.000000000000000000e+00,1.680225808213018368e+00,7.893879109219210195e-04
4.000000000000000000e+00,1.682604113313405536e+00,6.681367729414669629e-05
4.000000000000000000e+00,1.684982290932964144e+00,7.048019366319108279e-04
4.000000000000000000e+00,1.687360311401208346e+00,1.075266179417553691e-04
4.000000000000000000e+00,1.689738144883533133e+00,1.504676892303832370e-04
4.000000000000000000e+00,1.692115761381273620e+00,3.419591942917973556e-04
4.000000000000000000e+00,1.694493130731776098e+00,5.720108408956758113e-05
4.000000000000000000e+00,1.696870222608480416e+00,2.511758482033493202e-04
4.000000000000000000e+00,1.699249335401934236e+00,1.193320896912270900e-05
4.000000000000000000e+00,1.701628122620680639e+00,2.059862020363542969e-04
4.000000000000000000e+00,1.704004211532359703e+00,1.863607367253404195e-05
4.000000000000000000e+00,1.706382248516707056e+00,1.405275477754574175e-04
4.000000000000000000e+00,1.708759867047055625e+00,8.816177864256151799e-05
4.000000000000000000e+00,1.711139397425514685e+00,4.696892469051538966e-05
4.000000000000000000e+00,1.713516091596347435e+00,1.310521794051224768e-04
4.000000000000000000e+00,1.715894647708231302e+00,1.493085300135915693e-05
4.000000000000000000e+00,1.718272672423617475e+00,1.318713680099089353e-04
4.000000000000000000e+00,1.720650133828133255e+00,6.666858134885573401e-06
4.000000000000000000e+00,1.723029394364145483e+00,1.574896371860344546e-04
4.000000000000000000e+00,1.725405639360965360e+00,2.785015730396709943e-05
4.000000000000000000e+00,1.727783632085690080e+00,6.344834325954870776e-05
4.000000000000000000e+00,1.730163359864028916e+00,1.775633774956661762e-04
4.000000000000000000e+00,1.732539967848906848e+00,3.152590691216618159e-05
4.000000000000000000e+00,1.734918258608534103e+00,4.487928887350080536e-04
4.000000000000000000e+00,1.737295784744042226e+00,1.682499722885330052e-05
4.000000000000000000e+00,1.739674954091988246e+00,9.402515313403378514e-04
4.000000000000000000e+00,1.742053305661134033e+00,1.684605413738310420e-04
4.000000000000000000e+00,1.744430805976284748e+00,7.160034193412799031e-04
4.000000000000000000e+00,1.746807421400558225e+00,3.499740380902720055e-04
4.000000000000000000e+00,1.749185585906543050e+00,4.568617186448382879e-05
4.000000000000000000e+00,1.751565285671503824e+00,1.857733658491397724e-04
4.000000000000000000e+00,1.753941544332989544e+00,1.897225022711789978e-05
4.000000000000000000e+00,1.756319283347408389e+00,1.400498148447607851e-04
4.000000000000000000e+00,1.758698488506720947e+00,7.825717622597202342e-06
4.000000000000000000e+00,1.761076644056678076e+00,1.508456982327722020e-04
4.000000000000000000e+00,1.763453715291095847e+00,6.815101857874560293e-06
4.000000000000000000e+00,1.765832182308382903e+00,1.825503659382812424e-04
4.000000000000000000e+00,1.768209508663195706e+00,2.242437621744979270e-05
4.000000000000000000e+00,1.770588187717695883e+00,1.467045237362938595e-04
4.000000000000000000e+00,1.772965669196805205e+00,1.946216294997338530e-04
4.000000000000000000e+00,1.775344459763996241e+00,9.709675680331452221e-05
4.000000000000000000e+00,1.777721995276969613e+00,2.591389123672139085e-04
4.000000000000000000e+00,1.780100795737554753e+00,2.418782796957076386e-05
4.000000000000000000e+00,1.782478283099381056e+00,2.749982708081679761e-04
4.000000000000000000e+00,1.784856990739158489e+00,6.960686854886620803e-06
4.000000000000000000e+00,1.787234326670235962e+00,2.256105718013124112e-04
4.000000000000000000e+00,1.789612837680196966e+00,3.499450663748505464e-05
4.000000000000000000e+00,1.791989917806559918e+00,1.283805899776597039e-04
4.000000000000000000e+00,1.794368127283230807e+00,2.886402530973371434e-04
4.000000000000000000e+00,1.796744846137017459e+00,6.281019201073211944e-05
4.000000000000000000e+00,1.799122648083041343e+00,2.570363856248527798e-04
4.000000000000000000e+00,1.801501516697256555e+00,1.577862581441640547e-05
4.000000000000000000e+00,1.803878810935230392e+00,1.191156408361307298e-04
4.000000000000000000e+00,1.806257124818080539e+00,6.925775353741929386e-06
4.000000000000000000e+00,1.808636441567766484e+00,1.078155959087327291e-04
4.000000000000000000e+00,1.811014098981616804e+00,3.607854896365658699e-06
4.000000000000000000e+00,1.813392711472929353e+00,1.214017515861410054e-04
4.000000000000000000e+00,1.815769602679484063e+00,7.044991007462077207e-06
4.000000000000000000e+00,1.818147400644648304e+00,1.351962058625591750e-04
4.000000000000000000e+00,1.820526087986671593e+00,5.440342196008581709e-05
4.000000000000000000e+00,1.822902967052714596e+00,9.187016337079407895e-05
4.000000000000000000e+00,1.825280686410676978e+00,1.026793626212997384e-04
4.000000000000000000e+00,1.827659228322897844e+00,7.372991374846637525e-05
4.000000000000000000e+00,1.830038574944468310e+00,1.269426092435417162e-04
4.000000000000000000e+00,1.832416000112327747e+00,5.221436424586319941e-05
4.000000000000000000e+00,1.834794179900823385e+00,1.903117903778882205e-04
4.000000000000000000e+00,1.837170373825880221e+00,2.677446628772736439e-05
4.000000000000000000e+00,1.839550001086070585e+00,1.950116291394876113e-04
4.000000000000000000e+00,1.841927591628267580e+00,1.010181580368132476e-05
4.000000000000000000e+00,1.844305849176059109e+00,2.385625302073308095e-04
4.000000000000000000e+00,1.846682004518993780e+00,4.872718843057457433e-06
4.000000000000000000e+00,1.849061532876481451e+00,2.031212064080930191e-04
4.000000000000000000e+00,1.851438907171361503e+00,5.343239923249920478e-05
4.000000000000000000e+00,1.853816858923008848e+00,1.632474906815126376e-04
4.000000000000000000e+00,1.856195368998788231e+00,8.564062473799741843e-05
4.000000000000000000e+00,1.858574418157592278e+00,1.114751968098280909e-04
4.000000000000000000e+00,1.860951193835267858e+00,1.153189686603182126e-04
4.000000000000000000e+00,1.863328455497598846e+00,8.498440546311537846e-05
4.000000000000000000e+00,1.865706183545688734e+00,1.331232412922930776e-04
4.000000000000000000e+00,1.868084358271926204e+00,3.576448900142040253e-05
4.000000000000000000e+00,1.870462959859882535e+00,1.299053594623728015e-04
4.000000000000000000e+00,1.872841968384215239e+00,1.560194511427468901e-05
4.000000000000000000e+00,1.875218527602503737e+00,1.219773264092093956e-04
4.000000000000000000e+00,1.877598282584272082e+00,3.331471956025652936e-06
4.000000000000000000e+00,1.879975533445847002e+00,1.059245705858835113e-04
4.000000000000000000e+00,1.882353096003137383e+00,1.690908171608546455e-06
4.000000000000000000e+00,1.884730949754881424e+00,8.412355425453928539e-05
4.000000000000000000e+00,1.887109074090651539e+00,1.378374922572356773e-05
4.000000000000000000e+00,1.889487448290790628e+00,5.277649341476486769e-05
4.000000000000000000e+00,1.891866051526354786e+00,2.083463443904748515e-05
4.000000000000000000e+00,1.894241968814363020e+00,3.650370694465656128e-05
4.000000000000000000e+00,1.896620959922661109e+00,2.645629135376571412e-05
4.000000000000000000e+00,1.899000116913673875e+00,2.991791980064021305e-05
4.000000000000000000e+00,1.901376502634666066e+00,5.879152995123100388e-05
4.000000000000000000e+00,1.903755920179471373e+00,3.374819979452324081e-05
4.000000000000000000e+00,1.906132508977648854e+00,1.138974177611023608e-04
4.000000000000000000e+00,1.908512101096307090e+00,3.655451107335820372e-05
4.000000000000000000e+00,1.910888806516348737e+00,2.594755043960683205e-04
4.000000000000000000e+00,1.913265533887637870e+00,2.217445022782541414e-05
4.000000000000000000e+00,1.915645221064280479e+00,3.803201906790682017e-04
4.000000000000000000e+00,1.918021933723900396e+00,1.236906749025485982e-05
4.000000000000000000e+00,1.920401576683357536e+00,5.863245802986272312e-04
4.000000000000000000e+00,1.922778185987368271e+00,5.873817238394176573e-06
4.000000000000000000e+00,1.925157695683840764e+00,4.822896744100260919e-04
4.000000000000000000e+00,1.927534112112835318e+00,1.118727482445229840e-05
4.000000000000000000e+00,1.929913398624609977e+00,5.807919464201000484e-04
4.000000000000000000e+00,1.932289531783984105e+00,5.951853235747699795e-05
4.000000000000000000e+00,1.934668504313772353e+00,4.618181575524601349e-04
4.000000000000000000e+00,1.937047289244272052e+00,6.822601267133958423e-05
4.000000000000000000e+00,1.939422829809603455e+00,3.647150001312547555e-04
4.000000000000000000e+00,1.941801162930054447e+00,5.359737606418039506e-05
4.000000000000000000e+00,1.944179239057897579e+00,2.078636586187150928e-04
4.000000000000000000e+00,1.946557034846245759e+00,6.646998118543443173e-05
4.000000000000000000e+00,1.948937590416296883e+00,1.984223865065850841e-04
4.000000000000000000e+00,1.951314762526208613e+00,6.630539002525523916e-05
4.000000000000000000e+00,1.953691583608964111e+00,1.357595575980959232e-04
4.000000000000000000e+00,1.956071115926188098e+00,9.783544184985764692e-05
4.000000000000000000e+00,1.958447170997391629e+00,1.337147841682900904e-04
4.000000000000000000e+00,1.960825904438677769e+00,1.013915025629398911e-04
4.000000000000000000e+00,1.963204206118381423e+00,9.496547230699387205e-05
4.000000000000000000e+00,1.965582051840911504e+00,2.190198755607883254e-04
4.000000000000000000e+00,1.967959417301841540e+00,1.091016289960689050e-04
4.000000000000000000e+00,1.970339409318672352e+00,2.388610778481208420e-04
4.000000000000000000e+00,1.972715748465783570e+00,1.323078661799452255e-04
4.000000000000000000e+00,1.975094680156374904e+00,8.518676353317126623e-03
4.000000000000000000e+00,1.977473048443104009e+00,1.827880888304525206e-02
4.000000000000000000e+00,1.979850828500714810e+00,3.428305534469688887e-02
4.000000000000000000e+00,1.982227995395533071e+00,5.070734728378765294e-02
4.000000000000000000e+00,1.984604524085609167e+00,5.167097332295186168e-02
4.000000000000000000e+00,1.986983573776171186e+00,3.963191203586742539e-02
4.000000000000000000e+00,1.989361950099164611e+00,2.842030655821144169e-02
4.000000000000000000e+00,1.991739627709276261e+00,2.215064680063951255e-02
4.000000000000000000e+00,1.994116581153200896e+00,1.892953717636285463e-02
4.000000000000000000e+00,1.996495999787446962e+00,1.675856791331123072e-02
4.000000000000000000e+00,1.998874658345563660e+00,1.537506697028668406e-02
4.000000000000000000e+00,2.001252531070988550e+00,1.431805089804792479e-02
4.000000000000000000e+00,2.003629592099526402e+00,1.346309163982760057e-02
4.000000000000000000e+00,2.006009061087529410e+00,1.291231972339205829e-02
4.000000000000000000e+00,2.008384428391164267e+00,1.242185914493313011e-02
4.000000000000000000e+00,2.010762166794522354e+00,1.225069046840571510e-02
4.000000000000000000e+00,2.013142273146784511e+00,1.201970115139426760e-02
4.000000000000000000e+00,2.015518191284053184e+00,1.251647825308082121e-02
4.000000000000000000e+00,2.017896439964003363e+00,1.294645029590060260e-02
4.000000000000000000e+00,2.020273723858567294e+00,1.420584942424818475e-02
4.000000000000000000e+00,2.022653315995031953e+00,1.430517243400332428e-02
4.000000000000000000e+00,2.025031905392828957e+00,1.482638820227046537e-02
4.000000000000000000e+00,2.027409465173173775e+00,1.411802992645457520e-02
4.000000000000000000e+00,2.029785968350953596e+00,1.440092748043883715e-02
4.000000000000000000e+00,2.032164718651917390e+00,1.274571995219035692e-02
4.000000000000000000e+00,2.034542373648666747e+00,1.425475067310469530e-02
4.000000000000000000e+00,2.036922252485694695e+00,1.290059935322465830e-02
4.000000000000000000e+00,2.039297642718866488e+00,3.004717716271923349e-04
4.000000000000000000e+00,2.041678579620796796e+00,1.119007331998550384e-03
4.000000000000000000e+00,2.044054972850176011e+00,3.665882354637349299e-04
4.000000000000000000e+00,2.046433526721744833e+00,1.207237698265101015e-03
4.000000000000000000e+00,2.048810851376187347e+00,1.644720710940912329e-04
4.000000000000000000e+00,2.051190312403015081e+00,5.142105695372668197e-04
4.000000000000000000e+00,2.053568504069569922e+00,2.038933192003418253e-04
4.000000000000000000e+00,2.055945398294015458e+00,4.037951486420766531e-04
4.000000000000000000e+00,2.058324384012754305e+00,1.746398337797481310e-04
4.000000000000000000e+00,2.060702031599246808e+00,4.222741654846869780e-04
4.000000000000000000e+00,2.063078312672746772e+00,1.923916671679767160e-04
4.000000000000000000e+00,2.065456639593524102e+00,3.352249877949034507e-04
4.000000000000000000e+00,2.067833558764816893e+00,1.828749064325699237e-04
4.000000000000000000e+00,2.070212498216723152e+00,3.512045173972700276e-04
4.000000000000000000e+00,2.072589988335185041e+00,3.333219536765874916e-04
4.000000000000000000e+00,2.074969472860463071e+00,4.566630287868918173e-04
4.000000000000000000e+00,2.077347466120683439e+00,4.920483588299053804e-04
4.000000000000000000e+00,2.079723939049616721e+00,6.910061953079945805e-04
4.000000000000000000e+00,2.082102359006916092e+00,7.862314887952492589e-04
4.000000000000000000e+00,2.084479216156104542e+00,8.536617231043339225e-04
4.000000000000000000e+00,2.086857993654473997e+00,1.274346544334304830e-03
4.000000000000000000e+00,2.089235165520535009e+00,9.934173997999226798e-04
4.000000000000000000e+00,2.091614230747953052e+00,1.221062080273888203e-03
4.000000000000000000e+00,2.093991647171488779e+00,6.813745837322819111e-04
4.000000000000000000e+00,2.096370929659487015e+00,8.705500333300981129e-04
4.000000000000000000e+00,2.098748519824702452e+00,3.985394626780081571e-04
4.000000000000000000e+00,2.101127948448022309e+00,5.650793756028933126e-04
4.000000000000000000e+00,2.103505640882435745e+00,2.663898125781033422e-04
4.000000000000000000e+00,2.105881566995955634e+00,4.484043379334919652e-04
4.000000000000000000e+00,2.108259281488489290e+00,2.086135705008061183e-04
4.000000000000000000e+00,2.110638778281487493e+00,5.328223134314014542e-04
4.000000000000000000e+00,2.113016450109418187e+00,1.998587990937287107e-04
4.000000000000000000e+00,2.115395875701245210e+00,6.025902505032642523e-04
4.000000000000000000e+00,2.117773431421519081e+00,9.615849048414064739e-04
4.000000000000000000e+00,2.120149086564412588e+00,3.003096954159491239e-03
4.000000000000000000e+00,2.122526443941901597e+00,6.461797549722465926e-04
4.000000000000000000e+00,2.124905497063319437e+00,2.930056428590520606e-03
4.000000000000000000e+00,2.127282589459348561e+00,4.662344192655362013e-02
4.000000000000000000e+00,2.129661348130645226e+00,4.629060689767280218e-02
4.000000000000000000e+00,2.132041766401622240e+00,4.566613088098329248e-02
4.000000000000000000e+00,2.134416488630205944e+00,3.775893138475164279e-02
4.000000000000000000e+00,2.136796506809325980e+00,2.974908258340219075e-02
4.000000000000000000e+00,2.139174456954846537e+00,2.208916633675941585e-02
4.000000000000000000e+00,2.141550307510549533e+00,1.718250779914238385e-02
4.000000000000000000e+00,2.143931441358600143e+00,1.412716969604259527e-02
4.000000000000000000e+00,2.146306729584555040e+00,1.167622719041929748e-02
4.000000000000000000e+00,2.148687286870718527e+00,9.960171651946467600e-03
4.000000000000000000e+00,2.151065666753996908e+00,8.123061288502531757e-03
4.000000000000000000e+00,2.153441837210316567e+00,6.816902542613197981e-03
4.000000000000000000e+00,2.155819514621453603e+00,5.905656444959893163e-03
4.000000000000000000e+00,2.158198691568031347e+00,5.509276314854708728e-03
4.000000000000000000e+00,2.160575595509616864e+00,5.360349814882108335e-03
4.000000000000000000e+00,2.162953967401529898e+00,5.596639407258465274e-03
4.000000000000000000e+00,2.165330017974534726e+00,5.697712781371692785e-03
4.000000000000000000e+00,2.167711294571818659e+00,6.410851322136571287e-03
4.000000000000000000e+00,2.170086419534671851e+00,7.215842122785135447e-03
4.000000000000000000e+00,2.172466754975850289e+00,8.697284846799678559e-03
4.000000000000000000e+00,2.174844688110332491e+00,9.266415244137364907e-03
4.000000000000000000e+00,2.177220185986402434e+00,1.045192837918046923e-02
4.000000000000000000e+00,2.179600878863794833e+00,1.036935537653157699e-02
4.000000000000000000e+00,2.181979103711777057e+00,1.015930634493152074e-02
4.000000000000000000e+00,2.184354827302986468e+00,4.994988784189906706e-04
4.000000000000000000e+00,2.186731873089897693e+00,1.176291206640820005e-03
4.000000000000000000e+00,2.189110232802705447e+00,4.420324623725673972e-04
4.000000000000000000e+00,2.191489898121623092e+00,4.622850831572377110e-04
4.000000000000000000e+00,2.193866978681393132e+00,2.539941188435359317e-04
4.000000000000000000e+00,2.196245331200582740e+00,5.124804876745589922e-04
4.000000000000000000e+00,2.198624947167761245e+00,3.614242169781062730e-04
4.000000000000000000e+00,2.201001910734452061e+00,3.028545871974814728e-04
4.000000000000000000e+00,2.203380103664479339e+00,7.758446312014362052e-04
4.000000000000000000e+00,2.205755593071625942e+00,3.593731425224159777e-04
4.000000000000000000e+00,2.208136210091760532e+00,8.765792033883491831e-04
4.000000000000000000e+00,2.210514089066549559e+00,2.473190284310477398e-04
4.000000000000000000e+00,2.212889195676467580e+00,1.282815858185059991e-03
4.000000000000000000e+00,2.215269411685253598e+00,4.279728952739741922e-04
4.000000000000000000e+00,2.217646820369182592e+00,7.982129526150437806e-04
4.000000000000000000e+00,2.220025362245094058e+00,8.658659866179406169e-04
4.000000000000000000e+00,2.222401044539729753e+00,6.339314569763310290e-04
4.000000000000000000e+00,2.224781816787405386e+00,8.354485522369103087e-04
4.000000000000000000e+00,2.227159693927706297e+00,2.928934538322531525e-04
4.000000000000000000e+00,2.229538650259491828e+00,8.731535454242436321e-04
4.000000000000000000e+00,2.231914658585150590e+00,1.497984211742893782e-04
4.000000000000000000e+00,2.234291710139395537e+00,4.330053336714204961e-04
4.000000000000000000e+00,2.236669795394403248e+00,2.459289664725120678e-04
4.000000000000000000e+00,2.239048904770509107e+00,1.655098996613167347e-04
4.000000000000000000e+00,2.241424976510854261e+00,2.224213869323962971e-04
4.000000000000000000e+00,2.243806096568353503e+00,8.854729951497926983e-05
4.000000000000000000e+00,2.246184142332022571e+00,2.407223457846512278e-04
4.000000000000000000e+00,2.248559078140137224e+00,4.008218912563250657e-05
4.000000000000000000e+00,2.250939041398960061e+00,1.967331553205568058e-04
4.000000000000000000e+00,2.253315857608640727e+00,9.633614717017709400e-05
4.000000000000000000e+00,2.255693594709365701e+00,8.557516495185194807e-05
4.000000000000000000e+00,2.258072242628007320e+00,1.083511731899999456e-04
4.000000000000000000e+00,2.260451791238908381e+00,4.404892340487702636e-05
4.000000000000000000e+00,2.262828100482377369e+00,9.365726749390348006e-05
4.000000000000000000e+00,2.265205272630280042e+00,2.144842381123432192e-05
4.000000000000000000e+00,2.267583297361956962e+00,6.910325563666963459e-05
4.000000000000000000e+00,2.269962164303962027e+00,3.995848482514944102e-05
4.000000000000000000e+00,2.272341863029972320e+00,2.304168977834025902e-05
4.000000000000000000e+00,2.274718209664019053e+00,5.673942774577796612e-05
4.000000000000000000e+00,2.277095349600728014e+00,1.035880650588936852e-05
4.000000000000000000e+00,2.279473272218509372e+00,4.616615657145307997e-05
4.000000000000000000e+00,2.281851966842678436e+00,1.911571791773477089e-05
4.000000000000000000e+00,2.284231422745374829e+00,3.143755475334644072e-05
4.000000000000000000e+00,2.286607412008805351e+00,4.043467267376768672e-05
4.000000000000000000e+00,2.288984123377203694e+00,1.078528173975717443e-05
4.000000000000000000e+00,2.291365780618124681e+00,6.177325961786444435e-05
4.000000000000000000e+00,2.293743912168016763e+00,8.956367356316117864e-06
4.000000000000000000e+00,2.296118480612924895e+00,4.477826042870602268e-05
4.000000000000000000e+00,2.298497970634805210e+00,3.864310288787858514e-05
4.000000000000000000e+00,2.300878127611091895e+00,1.967484731562418014e-05
4.000000000000000000e+00,2.303254661586480623e+00,4.937291592083924163e-05
4.000000000000000000e+00,2.305631822391659203e+00,1.348602700285924593e-05
4.000000000000000000e+00,2.308009598693951503e+00,4.426115869396703362e-05
4.000000000000000000e+00,2.310387979106963030e+00,2.767183447620565116e-05
4.000000000000000000e+00,2.312766952190511649e+00,2.770554156263304945e-05
4.000000000000000000e+00,2.315142183405042520e+00,6.144313736113715489e-05
4.000000000000000000e+00,2.317522298400336744e+00,2.174533929786496010e-05
4.000000000000000000e+00,2.319898630583908439e+00,6.915250624512199939e-05
4.000000000000000000e+00,2.322279841038421555e+00,5.317078469824263029e-05
4.000000000000000000e+00,2.324657227477955335e+00,3.315307245177609094e-05
4.000000000000000000e+00,2.327035118932285318e+00,6.663781232668031999e-05
4.000000000000000000e+00,2.329413503549994768e+00,2.271568175512541174e-05
4.000000000000000000e+00,2.331787983991368662e+00,4.135581413527522030e-05
4.000000000000000000e+00,2.334167310210840451e+00,3.720881612076843196e-05
4.000000000000000000e+00,2.336547093703715827e+00,1.180455102059857554e-05
4.000000000000000000e+00,2.338922910089027418e+00,4.577550342609639769e-05
4.000000000000000000e+00,2.341303562883347844e+00,1.282275562867917203e-05
4.000000000000000000e+00,2.343680206292833024e+00,2.355292828006517531e-05
4.000000000000000000e+00,2.346057240367172003e+00,4.517016239942084539e-05
4.000000000000000000e+00,2.348434652788937260e+00,6.953957326752294252e-06
4.000000000000000000e+00,2.350812431186368734e+00,5.574279135774990119e-05
4.000000000000000000e+00,2.353190563133336077e+00,3.247912748826766263e-05
4.000000000000000000e+00,2.355569036149298690e+00,2.730792260354133604e-05
4.000000000000000000e+00,2.357947837699267524e+00,7.205326601256079771e-05
4.000000000000000000e+00,2.360326955193766896e+00,1.279414074903530893e-05
4.000000000000000000e+00,2.362701873503119110e+00,6.624182034575884363e-05
4.000000000000000000e+00,2.365081575825791482e+00,4.866770927490858800e-05
4.000000000000000000e+00,2.367461555987104838e+00,1.505418499993373282e-05
4.000000000000000000e+00,2.369837271457410743e+00,6.372590660633995884e-05
4.000000000000000000e+00,2.372213220904162867e+00,1.023412089772805434e-05
4.000000000000000000e+00,2.374593939286923305e+00,2.702664696083405537e-05
4.000000000000000000e+00,2.376970326898085517e+00,3.863248649190028429e-05
4.000000000000000000e+00,2.379346909490778650e+00,5.743433341746598201e-06
4.000000000000000000e+00,2.381728249229686956e+00,4.472985154681930988e-05
4.000000000000000000e+00,2.384105191535353274e+00,1.582583394971861636e-05
4.000000000000000000e+00,2.386482289336266938e+00,1.622960944393578089e-05
4.000000000000000000e+00,2.388859529357821643e+00,4.272292700614524204e-05
4.000000000000000000e+00,2.391236898270765909e+00,1.040269186404027776e-05
4.000000000000000000e+00,2.393619003764643427e+00,2.459238917592918543e-05
4.000000000000000000e+00,2.395996599438805941e+00,4.426873697905376942e-05
4.000000000000000000e+00,2.398374283698073040e+00,1.298852799968051882e-05
4.000000000000000000e+00,2.400752042994434454e+00,4.062632959333660520e-05
4.000000000000000000e+00,2.403129863725176119e+00,3.680308583800497095e-05
4.000000000000000000e+00,2.405507732232872620e+00,2.459239084974558165e-05
4.000000000000000000e+00,2.407885634805378317e+00,5.842707326375579492e-05
4.000000000000000000e+00,2.410263557675826007e+00,3.269033315843302486e-05
4.000000000000000000e+00,2.412641487022620712e+00,4.555458578486372217e-05
4.000000000000000000e+00,2.415019408969439230e+00,7.238122381200381202e-05
4.000000000000000000e+00,2.417397309585231913e+00,2.578946567703197640e-05
4.000000000000000000e+00,2.419775174884221780e+00,6.925908748562933199e-05
4.000000000000000000e+00,2.422152990825908514e+00,7.723023201692657668e-05
4.000000000000000000e+00,2.424530743315073789e+00,3.281887379559224126e-05
4.000000000000000000e+00,2.426908418201789264e+00,9.452327477243690265e-05
4.000000000000000000e+00,2.429286001281421470e+00,7.578758478355890923e-05
4.000000000000000000e+00,2.431663478294642911e+00,4.316174675911075415e-05
4.000000000000000000e+00,2.434040834927446273e+00,1.138889875923275289e-04
4.000000000000000000e+00,2.436422844634672291e+00,8.251647582901051891e-05
4.000000000000000000e+00,2.438799926692925002e+00,4.415880116431993046e-05
4.000000000000000000e+00,2.441176845109251925e+00,1.251263199768738352e-04
4.000000000000000000e+00,2.443553585351005086e+00,9.428676046571271129e-05
4.000000000000000000e+00,2.445930132830938852e+00,5.226734138741334661e-05
4.000000000000000000e+00,2.448311307568818762e+00,1.769733296806085519e-04
4.000000000000000000e+00,2.450687434933867870e+00,1.385873647223799759e-04
4.000000000000000000e+00,2.453068178922694020e+00,1.088144544532462397e-04
4.000000000000000000e+00,2.455443827201868601e+00,1.760637638479719408e-03
4.000000000000000000e+00,2.457824081285056472e+00,8.083816770620756188e-04
4.000000000000000000e+00,2.460199191070725266e+00,2.636904882134478555e-03
4.000000000000000000e+00,2.462578895654787381e+00,2.403345990313306060e-03
4.000000000000000000e+00,2.464958307733604137e+00,2.208685071181311441e-03
4.000000000000000000e+00,2.467332502158201546e+00,2.205790783424157152e-03
4.000000000000000000e+00,2.469711274537423229e+00,1.922819177207314234e-03
4.000000000000000000e+00,2.472089709077717856e+00,1.727510813334784965e-03
4.000000000000000000e+00,2.474467790561501790e+00,1.594306058075883274e-03
4.000000000000000000e+00,2.476845503716746499e+00,1.345680570983761497e-03
4.000000000000000000e+00,2.479222833217026967e+00,1.187759770414637721e-03
4.000000000000000000e+00,2.481599763681567428e+00,1.120689997842611941e-03
4.000000000000000000e+00,2.483981256237295376e+00,9.943810918971104917e-04
4.000000000000000000e+00,2.486357351796226300e+00,9.400652465445941131e-04
4.000000000000000000e+00,2.488737997498906118e+00,1.046552177309939373e-03
4.000000000000000000e+00,2.491113196007286756e+00,1.057263198046187215e-03
4.000000000000000000e+00,2.493492932524325134e+00,9.934264515424585332e-04
4.000000000000000000e+00,2.495872195725481024e+00,1.282245672513978099e-03
4.000000000000000000e+00,2.498245935968249398e+00,2.603539122993936417e-04
4.000000000000000000e+00,2.500624195678618378e+00,1.521602898452597522e-04
4.000000000000000000e+00,2.503001934687554719e+00,8.697179226979889722e-05
4.000000000000000000e+00,2.505384199785404054e+00,2.279645335284240514e-05
4.000000000000000000e+00,2.507760859244102747e+00,7.679522886513234336e-05
4.000000000000000000e+00,2.510136950143142087e+00,9.609184464283147841e-05
4.000000000000000000e+00,2.512517547981021337e+00,1.684999119894219972e-05
4.000000000000000000e+00,2.514892463148078239e+00,7.374658763175035619e-05
4.000000000000000000e+00,2.517271872260600674e+00,1.055021790382725910e-04
4.000000000000000000e+00,2.519650667552726819e+00,1.789121594564182274e-05
4.000000000000000000e+00,2.522028832766149087e+00,5.256826868360886540e-05
4.000000000000000000e+00,2.524406351588751818e+00,1.117031639408418972e-04
4.000000000000000000e+00,2.526783207654688557e+00,3.340591757248938726e-05
4.000000000000000000e+00,2.529159384544463762e+00,3.066998892626582193e-05
4.000000000000000000e+00,2.531540034735527911e+00,9.708506260734775560e-05
4.000000000000000000e+00,2.533914813502587737e+00,3.476894481158222653e-04
4.000000000000000000e+00,2.536294051902468372e+00,1.433713651003543207e-04
4.000000000000000000e+00,2.538672564369699458e+00,1.793918461886374408e-05
4.000000000000000000e+00,2.541050334235800179e+00,4.408616602931739875e-03
4.000000000000000000e+00,2.543427344778853350e+00,4.138876036145221898e-03
4.000000000000000000e+00,2.545808806606810748e+00,4.284327027469874566e-03
4.000000000000000000e+00,2.548184257884455128e+00,4.398622206377745224e-03
4.000000000000000000e+00,2.550564146289386880e+00,4.034097438571709708e-03
4.000000000000000000e+00,2.552943227520946490e+00,3.856318875454244760e-03
4.000000000000000000e+00,2.555321484608414462e+00,3.745261046573546831e-03
4.000000000000000000e+00,2.557698900527907160e+00,3.586433162281368447e-03
4.000000000000000000e+00,2.560075458202479837e+00,3.444037669937812310e-03
4.000000000000000000e+00,2.562451140502226998e+00,3.413118778019070751e-03
4.000000000000000000e+00,2.564831236037994344e+00,3.581116112193757830e-03
4.000000000000000000e+00,2.567210441454971015e+00,3.700508388620156377e-03
4.000000000000000000e+00,2.569588739480965334e+00,3.572719891922095884e-03
4.000000000000000000e+00,2.571966112790943892e+00,3.785275896054569357e-03
4.000000000000000000e+00,2.574342544007147904e+00,2.216911024636424043e-04
4.000000000000000000e+00,2.576723370808659652e+00,1.883449822503602565e-05
4.000000000000000000e+00,2.579097875367938553e+00,3.581430760451016423e-04
4.000000000000000000e+00,2.581476760275176030e+00,2.305135685854157090e-04
4.000000000000000000e+00,2.583854652848235123e+00,1.000181739715955560e-04
4.000000000000000000e+00,2.586231535461967379e+00,1.342971286374229574e-05
4.000000000000000000e+00,2.588612795081014717e+00,7.500016024275352156e-05
4.000000000000000000e+00,2.590987614612529910e+00,1.674795362409790031e-04
4.000000000000000000e+00,2.593366795512073164e+00,1.023251734450642263e-04
4.000000000000000000e+00,2.595744915317689472e+00,4.131079360564846438e-05
4.000000000000000000e+00,2.598121956157397161e+00,1.977972693020913050e-05
4.000000000000000000e+00,2.600497900107185067e+00,7.389172890432722405e-05
4.000000000000000000e+00,2.602878193565458798e+00,2.003963305880700316e-04
4.000000000000000000e+00,2.605257374095403922e+00,1.062731440017956262e-04
4.000000000000000000e+00,2.607635423630717320e+00,1.819776852222818248e-04
4.000000000000000000e+00,2.610012324053281763e+00,2.157023324174963449e-03
4.000000000000000000e+00,2.612388057193310686e+00,1.536267300167854129e-03
4.000000000000000000e+00,2.614768119240192146e+00,1.922243844753571042e-03
4.000000000000000000e+00,2.617146997564059774e+00,1.799989767519306460e-03
4.000000000000000000e+00,2.619524673852972718e+00,1.759429306631158686e-03
4.000000000000000000e+00,2.621901129743555270e+00,1.689490307211067438e-03
4.000000000000000000e+00,2.624281901432961472e+00,1.594966157544837598e-03
4.000000000000000000e+00,2.626655871285938915e+00,1.523913829387912519e-03
4.000000000000000000e+00,2.629034140094493655e+00,1.466487651671204888e-03
4.000000000000000000e+00,2.631416719546495031e+00,1.439413400203017491e-03
4.000000000000000000e+00,2.633792431410708623e+00,1.440042437781997170e-03
4.000000000000000000e+00,2.636172436860944934e+00,1.509329739946904539e-03
4.000000000000000000e+00,2.638545517161249965e+00,1.347877221503545686e-03
4.000000000000000000e+00,2.640928499105384297e+00,1.843820495565778438e-03
4.000000000000000000e+00,2.643304518349861354e+00,1.929394057242197168e-03
4.000000000000000000e+00,2.645684816809926954e+00,3.303933050634125527e-05
4.000000000000000000e+00,2.648058094547728558e+00,1.179537383004112047e-04
4.000000000000000000e+00,2.650435633945297020e+00,9.900748635137014285e-05
4.000000000000000000e+00,2.652817446491849473e+00,1.161948913274231572e-04
4.000000000000000000e+00,2.655192171178932803e+00,5.084652544052074494e-05
4.000000000000000000e+00,2.657571151243650398e+00,2.158779091712473004e-05
4.000000000000000000e+00,2.659948691486012429e+00,9.430373526656062014e-06
4.000000000000000000e+00,2.662330489570499559e+00,2.416436349484965215e-05
4.000000000000000000e+00,2.664705102769717726e+00,4.996568864620065165e-05
4.000000000000000000e+00,2.667083955729373734e+00,4.627532826011705253e-05
4.000000000000000000e+00,2.669461312276356413e+00,3.371915820785737134e-05
4.000000000000000000e+00,2.671837153036051848e+00,1.527135163875569413e-05
4.000000000000000000e+00,2.674217226595466013e+00,6.305384515514623826e-06
4.000000000000000000e+00,2.676595765975274599e+00,8.288078441555801355e-06
4.000000000000000000e+00,2.678972751659991935e+00,2.153924608450198672e-05
4.000000000000000000e+00,2.681353962923400225e+00,3.775603976848109958e-05
4.000000000000000000e+00,2.683727792746523733e+00,3.055424071042939162e-05
4.000000000000000000e+00,2.686105829445210702e+00,1.857374827144933914e-05
4.000000000000000000e+00,2.688488084212449003e+00,7.210920017524718218e-06
4.000000000000000000e+00,2.690862888123974894e+00,5.375134865086299266e-06
4.000000000000000000e+00,2.693241891183510539e+00,1.499695726316596195e-05
4.000000000000000000e+00,2.695619243808531795e+00,2.618067462391359689e-05
4.000000000000000000e+00,2.697994926104692492e+00,3.509075017412508076e-05
4.000000000000000000e+00,2.700374799530429026e+00,2.862752672344321124e-05
4.000000000000000000e+00,2.702752983395575903e+00,2.288253725706295723e-05
4.000000000000000000e+00,2.705129457665879755e+00,1.502605481037812926e-05
4.000000000000000000e+00,2.707510114782492927e+00,8.405408451164126480e-06
4.000000000000000000e+00,2.709889042854494612e+00,3.829490097900346368e-06
4.000000000000000000e+00,2.712266221707900993e+00,2.380363361513546842e-06
4.000000000000000000e+00,2.714641631120770615e+00,5.399255832199507596e-06
4.000000000000000000e+00,2.717021204959639391e+00,1.108010240240453620e-05
4.000000000000000000e+00,2.719398989596979010e+00,1.696807381158879313e-05
4.000000000000000000e+00,2.721774964671693997e+00,2.184211152938540958e-05
4.000000000000000000e+00,2.724155095219163325e+00,2.365819454846489916e-05
4.000000000000000000e+00,2.726533396224594785e+00,2.117051924973801711e-05
4.000000000000000000e+00,2.728909847187990234e+00,1.637655609849515749e-05
4.000000000000000000e+00,2.731290444402350470e+00,1.022808455697012361e-05
4.000000000000000000e+00,2.733669171376605700e+00,4.786782492603003681e-06
4.000000000000000000e+00,2.736046007472129116e+00,2.293616145156665479e-06
4.000000000000000000e+00,2.738420932003415853e+00,3.996102698978345920e-06
4.000000000000000000e+00,2.740799983049091892e+00,8.450044029573924046e-06
4.000000000000000000e+00,2.743177102021586489e+00,1.487293430029541868e-05
4.000000000000000000e+00,2.745558347964158319e+00,2.031482662732505737e-05
4.000000000000000000e+00,2.747937641197727654e+00,2.383483601486269674e-05
4.000000000000000000e+00,2.750314960807459741e+00,2.296244726190011816e-05
4.000000000000000000e+00,2.752690285832279038e+00,1.918348115534521732e-05
4.000000000000000000e+00,2.755069717329380996e+00,1.438225773567075271e-05
4.000000000000000000e+00,2.757447133295085617e+00,1.284097361803578817e-05
4.000000000000000000e+00,2.759822512631141755e+00,1.246219356396506480e-05
4.000000000000000000e+00,2.762201987996263153e+00,1.154078259753771936e-05
4.000000000000000000e+00,2.764579405566437664e+00,1.245316310497755356e-05
4.000000000000000000e+00,2.766960919131962182e+00,1.202502168230036015e-05
4.000000000000000000e+00,2.769334167959193405e+00,1.606310117563646407e-05
4.000000000000000000e+00,2.771717687672561325e+00,1.639405630411228118e-05
4.000000000000000000e+00,2.774092899949887059e+00,3.619082011913906738e-05
4.000000000000000000e+00,2.776472186575843271e+00,4.259421141929584700e-05
4.000000000000000000e+00,2.778849329813015245e+00,9.687161751028343587e-04
4.000000000000000000e+00,2.781224308154069291e+00,1.003638050882018056e-03
4.000000000000000000e+00,2.783603349577585373e+00,1.192077053808938362e-03
4.000000000000000000e+00,2.785980204283322159e+00,1.245473869135264823e-03
4.000000000000000000e+00,2.788361121540816612e+00,1.319566895708852456e-03
4.000000000000000000e+00,2.790739830130332333e+00,1.372082003239824804e-03
4.000000000000000000e+00,2.793116308318245977e+00,1.413979581699515049e-03
4.000000000000000000e+00,2.795496837376052479e+00,1.452021033243841228e-03
4.000000000000000000e+00,2.797875113863212526e+00,1.449342895456796551e-03
4.000000000000000000e+00,2.800251115911298605e+00,1.461721603001923161e-03
4.000000000000000000e+00,2.802631156870153184e+00,4.266660675094525882e-04
4.000000000000000000e+00,2.805008901002245647e+00,4.573313776115947192e-04
4.000000000000000000e+00,2.807384326304926958e+00,6.472852712383426793e-05
4.000000000000000000e+00,2.809763778281390234e+00,6.554242778477860571e-05
4.000000000000000000e+00,2.812140888822362683e+00,2.718141369309334465e-05
4.000000000000000000e+00,2.814515635791587478e+00,2.706381041076861828e-05
4.000000000000000000e+00,2.816894396919202848e+00,1.945245729087578587e-05
4.000000000000000000e+00,2.819277182391831005e+00,1.801541744303677837e-05
4.000000000000000000e+00,2.821651159259273456e+00,1.101434916857727264e-05
4.000000000000000000e+00,2.824029137518142551e+00,8.794627890143872563e-06
4.000000000000000000e+00,2.826411127293623426e+00,5.298009280245012460e-06
4.000000000000000000e+00,2.828784230557050972e+00,4.077812579515331612e-06
4.000000000000000000e+00,2.831161322165572702e+00,2.594758529905097413e-06
4.000000000000000000e+00,2.833542412182134651e+00,2.006620854519031329e-06
4.000000000000000000e+00,2.835921024016914149e+00,3.259977749713935047e-06
4.000000000000000000e+00,2.838297135088118761e+00,3.609421006167628541e-06
4.000000000000000000e+00,2.840677231205615438e+00,7.024831704681023681e-06
4.000000000000000000e+00,2.843054803040627743e+00,7.415799539177857782e-06
4.000000000000000000e+00,2.845429827880051832e+00,1.146394217691464412e-05
4.000000000000000000e+00,2.847808824123101878e+00,1.064678727722487854e-05
4.000000000000000000e+00,2.850185249634491935e+00,1.478764387108611286e-05
4.000000000000000000e+00,2.852565644594050376e+00,1.582208282947001346e-05
4.000000000000000000e+00,2.854943444955898801e+00,1.580253496764628127e-05
4.000000000000000000e+00,2.857318627786822773e+00,1.553104277737520986e-05
4.000000000000000000e+00,2.859697765996172869e+00,1.455484799352384488e-05
4.000000000000000000e+00,2.862080869472485301e+00,1.314535601056005718e-05
4.000000000000000000e+00,2.864454712355927857e+00,9.033438412631308677e-06
4.000000000000000000e+00,2.866832496293459265e+00,8.799723285846862989e-06
4.000000000000000000e+00,2.869214231107640511e+00,5.305180019645462914e-06
4.000000000000000000e+00,2.871586624881306449e+00,4.729345553418477629e-06
4.000000000000000000e+00,2.873969606985570024e+00,2.494338336323941960e-06
4.000000000000000000e+00,2.876343201527446158e+00,1.901080631200699202e-06
4.000000000000000000e+00,2.878720719985517373e+00,9.050134683285521780e-07
4.000000000000000000e+00,2.881102172098087610e+00,9.221699665743187660e-07
4.000000000000000000e+00,2.883480861554354568e+00,1.034692457040809070e-06
4.000000000000000000e+00,2.885856764896066906e+00,7.234391233799416563e-06
4.000000000000000000e+00,2.888236586815389195e+00,1.312037180938712148e-05
4.000000000000000000e+00,2.890613597715197436e+00,9.552332370092138028e-06
4.000000000000000000e+00,2.892994524384758570e+00,4.918804602622303027e-06
4.000000000000000000e+00,2.895365853522527733e+00,5.687162246943960622e-07
4.000000000000000000e+00,2.897747845885614293e+00,3.715516263322601032e-06
4.000000000000000000e+00,2.900126977032283726e+00,1.606001116944106926e-05
4.000000000000000000e+00,2.902503223200517901e+00,1.417728762241082620e-05
4.000000000000000000e+00,2.904883366561006319e+00,1.816108469336924868e-05
4.000000000000000000e+00,2.907260599562923709e+00,2.185050669363824513e-06
4.000000000000000000e+00,2.909634898318774088e+00,1.843974679520813439e-04
4.000000000000000000e+00,2.912013078324352744e+00,1.957405773344363001e-04
4.000000000000000000e+00,2.914395149104420657e+00,2.020288987920989176e-04
4.000000000000000000e+00,2.916774258379155604e+00,2.161910490851948565e-04
4.000000000000000000e+00,2.919150382085439865e+00,2.195240291790905073e-04
4.000000000000000000e+00,2.921523496123781261e+00,2.234776140466995299e-04
4.000000000000000000e+00,2.923907367138645963e+00,2.099942015372079790e-04
4.000000000000000000e+00,2.926281318344463589e+00,1.765904715918699132e-05
4.000000000000000000e+00,2.928659127554641639e+00,2.943879025396490881e-05
4.000000000000000000e+00,2.931040804181527015e+00,9.237465136398383123e-06
4.000000000000000000e+00,2.933419417291878162e+00,1.779077815615057869e-06
4.000000000000000000e+00,2.935794942524495799e+00,4.873007433933266768e-06
4.000000000000000000e+00,2.938174318344370928e+00,1.837108758774766003e-05
4.000000000000000000e+00,2.940550579959972044e+00,1.615703295647475486e-04
4.000000000000000000e+00,2.942930688311046872e+00,2.295872214339464380e-04
4.000000000000000000e+00,2.945307656001242336e+00,3.258000343553231156e-04
4.000000000000000000e+00,2.947681458460930770e+00,3.358034942527335994e-04
4.000000000000000000e+00,2.950059090390392047e+00,3.405299510242932302e-04
4.000000000000000000e+00,2.952440561063782720e+00,3.437238775843257273e-04
4.000000000000000000e+00,2.954818837778843132e+00,3.576440522135089137e-04
4.000000000000000000e+00,2.957193895793339244e+00,3.693607839330419087e-04
4.000000000000000000e+00,2.959572774981745535e+00,2.146396889646588725e-05
4.000000000000000000e+00,2.961955484573179920e+00,7.189107275021902306e-06
4.000000000000000000e+00,2.964327858985216224e+00,5.874415561513319801e-06
4.000000000000000000e+00,2.966711135514628506e+00,9.953243897836674736e-06
4.000000000000000000e+00,2.969084027002956372e+00,2.135115796685326797e-05
4.000000000000000000e+00,2.971467838945096585e+00,1.213963518142130680e-05
4.000000000000000000e+00,2.973841215813263883e+00,1.579430506852144505e-04
4.000000000000000000e+00,2.976218387048926051e+00,1.594651160606581734e-04
4.000000000000000000e+00,2.978599361758565323e+00,1.808425306860566640e-04
4.000000000000000000e+00,2.980976981837772488e+00,1.850230228432478354e-04
4.000000000000000000e+00,2.983351222083469256e+00,1.814071074931704179e-04
4.000000000000000000e+00,2.985729247336589065e+00,2.082826329648840475e-04
4.000000000000000000e+00,2.988111066655426029e+00,2.267847581717943170e-05
4.000000000000000000e+00,2.990489476071835462e+00,6.810609738412656690e-06
4.000000000000000000e+00,2.992864450213154281e+00,6.915825609519470022e-06
4.000000000000000000e+00,2.995243199646329124e+00,5.219005942157157735e-06
4.000000000000000000e+00,2.997618485893688511e+00,2.820330356081538698e-06
4.000000000000000000e+00,2.999997542427555786e+00,6.994692054226508787e-06
5.000000000000000000e+00,1.099999098890103832e+00,3.015159113114558738e-07
5.000000000000000000e+00,1.102375730712192192e+00,6.944261400544349485e-08
5.000000000000000000e+00,1.104752810646187022e+00,1.113065445048337433e-05
5.000000000000000000e+00,1.107130277917975025e+00,9.570017593227678683e-07
5.000000000000000000e+00,1.109508071207282898e+00,3.307096137728482669e-07
5.000000000000000000e+00,1.111886128647274319e+00,6.893478548662501576e-06
5.000000000000000000e+00,1.114264387824213776e+00,5.919524371544219757e-06
5.000000000000000000e+00,1.116642785777203883e+00,3.508237728528716643e-05
5.000000000000000000e+00,1.119021258997989765e+00,3.024491534530917631e-05
5.000000000000000000e+00,1.121399743430837814e+00,2.703663107316438114e-06
5.000000000000000000e+00,1.123778174472484626e+00,4.768328281729251468e-06
5.000000000000000000e+00,1.126156486972162973e+00,2.331289216670871986e-06
5.000000000000000000e+00,1.128534615231699956e+00,3.257427256196284763e-06
5.000000000000000000e+00,1.130912493005694186e+00,3.614932505195352022e-06
5.000000000000000000e+00,1.133290053501766481e+00,1.001003663446532982e-06
5.000000000000000000e+00,1.135667229380893373e+00,4.594223542255830259e-06
5.000000000000000000e+00,1.138043952757815891e+00,2.937126321752807188e-06
5.000000000000000000e+00,1.140430645006762944e+00,2.183006396689918514e-06
5.000000000000000000e+00,1.142806301289510440e+00,5.704477752825140483e-06
5.000000000000000000e+00,1.145181298221050525e+00,2.052544838390507661e-06
5.000000000000000000e+00,1.147555565735549843e+00,3.887494182434880176e-06
5.000000000000000000e+00,1.149939698688533074e+00,6.111235774975407988e-06
5.000000000000000000e+00,1.152312339057216528e+00,7.435158878419888520e-07
5.000000000000000000e+00,1.154694790481869404e+00,6.272158936413089466e-06
5.000000000000000000e+00,1.157076315485336515e+00,6.306870804050067369e-06
5.000000000000000000e+00,1.159445998776818199e+00,2.763392904870268090e-06
5.000000000000000000e+00,1.161825408173174257e+00,9.037625992963399957e-06
5.000000000000000000e+00,1.164203671776672389e+00,5.739387149186551726e-06
5.000000000000000000e+00,1.166580715404594182e+00,1.241600674293511961e-05
5.000000000000000000e+00,1.168956464334743650e+00,2.303806190858081982e-05
5.000000000000000000e+00,1.171341909466407039e+00,1.549934668254690940e-05
5.000000000000000000e+00,1.173714887566505771e+00,1.906076742229824840e-04
5.000000000000000000e+00,1.176097499840639937e+00,2.087499909177960766e-05
5.000000000000000000e+00,1.178478603450343609e+00,7.070956470083521262e-06
5.000000000000000000e+00,1.180846874482839759e+00,1.194402353295488961e-05
5.000000000000000000e+00,1.183224683239016084e+00,3.358490112742956985e-06
5.000000000000000000e+00,1.185612087451950236e+00,7.613408918369826634e-06
5.000000000000000000e+00,1.187986378893309602e+00,1.042466099548001566e-05
5.000000000000000000e+00,1.190358770252602172e+00,1.352618172842038667e-06
5.000000000000000000e+00,1.192740655833151475e+00,9.031900824994516103e-06
5.000000000000000000e+00,1.195120572508726164e+00,7.999187752977269386e-06
5.000000000000000000e+00,1.197498439510897406e+00,3.991063574694365422e-06
5.000000000000000000e+00,1.199874175544611843e+00,1.184991589663081667e-05
5.000000000000000000e+00,1.202247698790813724e+00,4.482169821182852125e-06
5.000000000000000000e+00,1.204630630988217099e+00,8.331516385997329009e-06
5.000000000000000000e+00,1.207011277581778286e+00,1.126522674238364406e-05
5.000000000000000000e+00,1.209389555328822752e+00,1.798689546896849512e-06
5.000000000000000000e+00,1.211765380466591990e+00,1.206594963665356810e-05
5.000000000000000000e+00,1.214138668715299518e+00,8.546466951871975853e-06
5.000000000000000000e+00,1.216521271556269213e+00,5.239123395563126779e-06
5.000000000000000000e+00,1.218901260673629805e+00,1.697926047553644215e-05
5.000000000000000000e+00,1.221278550366432736e+00,5.037858187257329161e-06
5.000000000000000000e+00,1.223653054421999675e+00,9.707679982783234265e-06
5.000000000000000000e+00,1.226036809853057186e+00,1.441482756661712012e-05
5.000000000000000000e+00,1.228405528858331763e+00,1.708750875929881500e-06
5.000000000000000000e+00,1.230783418372779048e+00,1.536765184756335375e-05
5.000000000000000000e+00,1.233170531755207078e+00,9.043820375822404225e-06
5.000000000000000000e+00,1.235542297137962597e+00,6.946868415153135744e-06
5.000000000000000000e+00,1.237923203366784186e+00,1.931891089074255072e-05
5.000000000000000000e+00,1.240300895663398073e+00,3.797504507155546591e-06
5.000000000000000000e+00,1.242677775014586095e+00,1.147360643774317579e-05
5.000000000000000000e+00,1.245056280032780238e+00,1.229316829748348892e-05
5.000000000000000000e+00,1.247433866845625072e+00,8.560423347766687331e-07
5.000000000000000000e+00,1.249811732522333463e+00,1.662622333517660870e-05
5.000000000000000000e+00,1.252189828228160717e+00,6.835972507524236072e-06
5.000000000000000000e+00,1.254568104745505508e+00,7.076353311129916497e-06
5.000000000000000000e+00,1.256946512473745337e+00,1.534865124244326934e-05
5.000000000000000000e+00,1.259323722316235017e+00,2.156556068816724957e-06
5.000000000000000000e+00,1.261702237295382556e+00,1.140349968525066477e-05
5.000000000000000000e+00,1.264080732375299165e+00,8.693574884045998151e-06
5.000000000000000000e+00,1.266457862776105170e+00,4.130863981685378630e-06
5.000000000000000000e+00,1.268836159410696496e+00,1.437682528866492126e-05
5.000000000000000000e+00,1.271214281587295547e+00,3.899673230454333010e-06
5.000000000000000000e+00,1.273592177023115557e+00,9.414054272182861212e-06
5.000000000000000000e+00,1.275969793052491141e+00,1.679323621683781773e-05
5.000000000000000000e+00,1.278348394676446675e+00,1.439736864927593886e-06
5.000000000000000000e+00,1.280725297271503527e+00,1.399437800920178498e-04
5.000000000000000000e+00,1.283104415923701946e+00,5.003620461304380835e-04
5.000000000000000000e+00,1.285481727588297707e+00,7.119135389777131537e-04
5.000000000000000000e+00,1.287859838407007906e+00,3.320298050790179527e-04
5.000000000000000000e+00,1.290237365594768537e+00,1.361343739850117531e-05
5.000000000000000000e+00,1.292615601494206734e+00,7.999360494099972318e-05
5.000000000000000000e+00,1.294993152720043783e+00,3.594352242013866804e-05
5.000000000000000000e+00,1.297371320810711826e+00,1.988734616591063476e-05
5.000000000000000000e+00,1.299750064295511320e+00,5.253645177836097774e-05
5.000000000000000000e+00,1.302127973832296837e+00,1.035169362647687096e-05
5.000000000000000000e+00,1.304504992295077548e+00,2.692770181064581362e-05
5.000000000000000000e+00,1.306883817274359982e+00,3.074605983463216954e-05
5.000000000000000000e+00,1.309261655848396488e+00,9.582321366951498723e-07
5.000000000000000000e+00,1.311639837390945473e+00,3.625452608601195491e-05
5.000000000000000000e+00,1.314016925775080002e+00,1.272263049621566268e-05
5.000000000000000000e+00,1.316395657391975726e+00,2.319428913323690609e-05
5.000000000000000000e+00,1.318773197764609995e+00,4.750463126533840768e-05
5.000000000000000000e+00,1.321150895014793214e+00,3.526703851788381568e-06
5.000000000000000000e+00,1.323530117170831355e+00,3.844094574187247493e-05
5.000000000000000000e+00,1.325907998417265699e+00,3.020605419320246174e-05
5.000000000000000000e+00,1.328285901053660734e+00,3.142405947111406443e-05
5.000000000000000000e+00,1.330663779257676982e+00,7.549842975689740124e-05
5.000000000000000000e+00,1.333041586878621620e+00,9.388612120111362083e-06
5.000000000000000000e+00,1.335419277437480678e+00,1.053404425439035319e-04
5.000000000000000000e+00,1.337796804126984540e+00,2.143662051246555294e-04
5.000000000000000000e+00,1.340175568438737086e+00,4.434098783606696626e-06
5.000000000000000000e+00,1.342552630798620195e+00,1.267998641322579676e-03
5.000000000000000000e+00,1.344930845832843502e+00,1.286387260013299467e-03
5.000000000000000000e+00,1.347308716820470487e+00,8.224511401156366919e-01
5.000000000000000000e+00,1.349687664603416160e+00,1.175495920542741907e-01
5.000000000000000000e+00,1.352064707084743578e+00,5.393881746408493716e-02
5.000000000000000000e+00,1.354442738914278577e+00,8.546216104042747216e-03
5.000000000000000000e+00,1.356821726285427188e+00,1.467987185765340374e-02
5.000000000000000000e+00,1.359198655024307145e+00,1.024308997884677136e-02
5.000000000000000000e+00,1.361576449996873439e+00,7.730380913517784225e-03
5.000000000000000000e+00,1.363955076519934195e+00,6.591095742982710018e-03
5.000000000000000000e+00,1.366332993909127991e+00,5.409206931999189366e-03
5.000000000000000000e+00,1.368710151197721991e+00,5.041609226822042766e-03
5.000000000000000000e+00,1.371089529547983243e+00,4.602310608610156277e-03
5.000000000000000000e+00,1.373466544440631543e+00,4.124422789614707804e-03
5.000000000000000000e+00,1.375844181692285284e+00,4.081459279436390648e-03
5.000000000000000000e+00,1.378222404895539377e+00,3.917704682539329027e-03
5.000000000000000000e+00,1.380601177370847310e+00,3.925644058727756000e-03
5.000000000000000000e+00,1.382978919523796035e+00,3.876749319800265776e-03
5.000000000000000000e+00,1.385357126148375695e+00,3.823682602116037273e-03
5.000000000000000000e+00,1.387734206447297503e+00,4.258196952163863930e-03
5.000000000000000000e+00,1.390113223827786459e+00,4.849127846514257080e-03
5.000000000000000000e+00,1.392491028330698821e+00,1.006524697780818330e-02
5.000000000000000000e+00,1.394869134848162107e+00,6.742594125327613062e-03
5.000000000000000000e+00,1.397245930094993760e+00,4.366728368408821087e-03
5.000000000000000000e+00,1.399624519051433369e+00,4.212488714110923516e-03
5.000000000000000000e+00,1.402003293241485871e+00,4.147187055984017864e-03
5.000000000000000000e+00,1.404380622437389370e+00,4.429944074278697672e-03
5.000000000000000000e+00,1.406758046866900980e+00,4.750257357564905553e-03
5.000000000000000000e+00,1.409137128030744313e+00,4.910707081972998100e-03
5.000000000000000000e+00,1.411514627924003840e+00,5.943546717218442695e-03
5.000000000000000000e+00,1.413892102100584580e+00,8.894635106410852046e-03
5.000000000000000000e+00,1.416271127497783944e+00,1.038701257724689193e-02
5.000000000000000000e+00,1.418648432802419590e+00,6.865544000784975717e-03
5.000000000000000000e+00,1.421025588977857357e+00,6.252208364771926624e-03
5.000000000000000000e+00,1.423404188478144317e+00,6.749031067932261332e-03
5.000000000000000000e+00,1.425782566128521500e+00,6.798312345488955952e-03
5.000000000000000000e+00,1.428160679720647197e+00,7.279911739601967365e-03
5.000000000000000000e+00,1.430538486772758411e+00,8.678528608494689989e-03
5.000000000000000000e+00,1.432915944529842500e+00,6.192980459981622943e-03
5.000000000000000000e+00,1.435294671521053944e+00,7.140631808910860969e-04
5.000000000000000000e+00,1.437671306838161023e+00,6.400260441167225645e-04
5.000000000000000000e+00,1.440050808136397853e+00,6.132306558713921177e-03
5.000000000000000000e+00,1.442428130388856866e+00,8.328681110048767947e-05
5.000000000000000000e+00,1.444806580222042447e+00,4.097830235418744942e-04
5.000000000000000000e+00,1.447184440705151953e+00,3.314046492222913649e-04
5.000000000000000000e+00,1.449561667222405870e+00,1.991692707122288009e-04
5.000000000000000000e+00,1.451939915205273879e+00,6.749340470952977945e-04
5.000000000000000000e+00,1.454317450317589300e+00,2.158629739858903000e-04
5.000000000000000000e+00,1.456695938627691200e+00,1.251074139338452041e-03
5.000000000000000000e+00,1.459073634158916555e+00,1.264282376067525897e-03
5.000000000000000000e+00,1.461452213653828158e+00,2.278449762733977856e-04
5.000000000000000000e+00,1.463829919457844797e+00,2.614105611869684833e-04
5.000000000000000000e+00,1.466208439024566657e+00,9.746722657472112325e-05
5.000000000000000000e+00,1.468586002984929362e+00,2.698472419528957409e-04
5.000000000000000000e+00,1.470964309539829262e+00,2.113328020787649255e-04
5.000000000000000000e+00,1.473341577570034255e+00,3.299086718134111758e-04
5.000000000000000000e+00,1.475719516059424974e+00,1.024202233412216303e-03
5.000000000000000000e+00,1.478098094240766214e+00,1.756593383994928281e-04
5.000000000000000000e+00,1.480475513315234082e+00,1.902969636459378054e-03
5.000000000000000000e+00,1.482853498523538649e+00,1.070608389487670217e-03
5.000000000000000000e+00,1.485232018414436084e+00,2.384542899827378319e-03
5.000000000000000000e+00,1.487609256426934090e+00,4.250714151999952610e-03
5.000000000000000000e+00,1.489986954141012232e+00,3.315435463055613425e-04
5.000000000000000000e+00,1.492365079420795659e+00,1.963899126885151544e-03
5.000000000000000000e+00,1.494743599912236265e+00,1.704119854859451597e-04
5.000000000000000000e+00,1.497120675253670763e+00,4.526981815028495557e-04
5.000000000000000000e+00,1.499499882482282054e+00,3.395955896951961470e-04
5.000000000000000000e+00,1.501877567244239930e+00,1.939212011271841099e-04
5.000000000000000000e+00,1.504255504071110305e+00,5.137943805762173848e-04
5.000000000000000000e+00,1.506633659486564580e+00,9.568712096216412059e-05
5.000000000000000000e+00,1.509011999795530246e+00,1.075826206842710707e-04
5.000000000000000000e+00,1.511388648673164026e+00,4.810262579305479445e-05
5.000000000000000000e+00,1.513767251004833225e+00,1.301739945476365357e-05
5.000000000000000000e+00,1.516145935822170943e+00,5.011415342200908717e-05
5.000000000000000000e+00,1.518522808709106275e+00,8.059338256653784851e-06
5.000000000000000000e+00,1.520901548735163589e+00,2.830409618599670347e-05
5.000000000000000000e+00,1.523278395355869286e+00,1.232665861154188591e-05
5.000000000000000000e+00,1.525657050519223512e+00,1.192603132566084987e-05
5.000000000000000000e+00,1.528035613106303980e+00,2.312458669254058242e-05
5.000000000000000000e+00,1.530412158368475106e+00,4.080362129261886584e-06
5.000000000000000000e+00,1.532790422710940126e+00,1.451751532853223573e-05
5.000000000000000000e+00,1.535168486814444622e+00,7.640403212412048438e-06
5.000000000000000000e+00,1.537546314356687649e+00,8.528492843413647840e-06
5.000000000000000000e+00,1.539925781434329011e+00,1.555297051714932819e-05
5.000000000000000000e+00,1.542303031922281464e+00,4.086535608152702425e-06
5.000000000000000000e+00,1.544679935578640473e+00,1.897864452916234141e-05
5.000000000000000000e+00,1.547058385603538921e+00,8.860401325933865206e-06
5.000000000000000000e+00,1.549436426059346950e+00,3.242561738429357272e-05
5.000000000000000000e+00,1.551814019337569794e+00,6.907287750553483424e-05
5.000000000000000000e+00,1.554193075854291672e+00,1.043076548459858536e-05
5.000000000000000000e+00,1.556571621252926807e+00,1.655909026177256575e-05
5.000000000000000000e+00,1.558949617294478562e+00,2.274549333149391742e-06
5.000000000000000000e+00,1.561327025522138312e+00,5.804860422261387488e-06
5.000000000000000000e+00,1.563703807261558554e+00,6.051389215370477537e-06
5.000000000000000000e+00,1.566081901784048602e+00,3.594055281163628466e-06
5.000000000000000000e+00,1.568461288012522381e+00,1.715593532154172167e-05
5.000000000000000000e+00,1.570837964304495848e+00,7.134563093403337720e-06
5.000000000000000000e+00,1.573215865533810209e+00,3.691032960334906691e-05
5.000000000000000000e+00,1.575594970075133272e+00,5.000753913084733074e-05
5.000000000000000000e+00,1.577973247821740976e+00,1.716359373552705028e-04
5.000000000000000000e+00,1.580350658646643147e+00,8.960933751374420934e-04
5.000000000000000000e+00,1.582729182648527688e+00,1.918758719273434116e-04
5.000000000000000000e+00,1.585106770971465240e+00,6.691767845933066158e-04
5.000000000000000000e+00,1.587483382861448522e+00,1.244932868371550908e-04
5.000000000000000000e+00,1.589863054736732062e+00,1.794043850211106753e-04
5.000000000000000000e+00,1.592239647623282961e+00,1.058937246833793560e-04
5.000000000000000000e+00,1.594619254564539901e+00,4.928930116418323231e-06
5.000000000000000000e+00,1.596995699582284045e+00,1.008443214976269676e-04
5.000000000000000000e+00,1.599375112011809597e+00,2.160662167798248592e-05
5.000000000000000000e+00,1.601751278763500652e+00,8.742342562885680509e-05
5.000000000000000000e+00,1.604130365570978434e+00,4.315309824405251965e-05
5.000000000000000000e+00,1.606508203736388474e+00,4.847814838641502502e-05
5.000000000000000000e+00,1.608886838448475576e+00,1.304786784157977212e-04
5.000000000000000000e+00,1.611264151472938666e+00,7.497869359657815265e-06
5.000000000000000000e+00,1.613642199950546807e+00,1.051543533838937382e-04
5.000000000000000000e+00,1.616020959246320388e+00,2.746814715488346152e-05
5.000000000000000000e+00,1.618398292022371621e+00,1.412713606807144311e-04
5.000000000000000000e+00,1.620776273428434777e+00,1.016255171955022087e-04
5.000000000000000000e+00,1.623154878309403193e+00,1.173108541968874311e-04
5.000000000000000000e+00,1.625531950142255599e+00,2.972356898353867532e-04
5.000000000000000000e+00,1.627909582167395008e+00,4.133193444846030250e-05
5.000000000000000000e+00,1.630287748709084994e+00,1.207274775782452535e-03
5.000000000000000000e+00,1.632666423928462507e+00,7.755921029390833339e-04
5.000000000000000000e+00,1.635043425604618017e+00,3.950499537193881069e-03
5.000000000000000000e+00,1.637420871234776421e+00,4.929143959887695783e-03
5.000000000000000000e+00,1.639798734458945972e+00,2.463447612143415382e-05
5.000000000000000000e+00,1.642176988753630829e+00,4.677939283878876885e-03
5.000000000000000000e+00,1.644555607431689159e+00,2.236808950063834042e-04
5.000000000000000000e+00,1.646934563642211913e+00,2.432004678739268545e-03
5.000000000000000000e+00,1.649311636354932720e+00,2.548897472671522377e-02
5.000000000000000000e+00,1.651688979741587904e+00,2.213515144041481100e-02
5.000000000000000000e+00,1.654066566429912566e+00,2.450520731948811412e-02
5.000000000000000000e+00,1.656446581917050409e+00,2.766987734473920491e-02
5.000000000000000000e+00,1.658824578794847904e+00,2.737299090621202191e-02
5.000000000000000000e+00,1.661200510123229890e+00,3.176422728668849838e-02
5.000000000000000000e+00,1.663578793016376123e+00,3.229739985858083584e-02
5.000000000000000000e+00,1.665957179889875128e+00,3.777390620402373833e-02
5.000000000000000000e+00,1.668335642387050344e+00,4.020043924811458197e-02
5.000000000000000000e+00,1.670714151986992135e+00,4.559336305911523834e-02
5.000000000000000000e+00,1.673090422268976418e+00,5.058757225910378436e-02
5.000000000000000000e+00,1.675468933430814822e+00,5.061446854853544897e-02
5.000000000000000000e+00,1.677847405138119141e+00,5.659480488269065523e-02
5.000000000000000000e+00,1.680225808213018368e+00,5.382669189470613846e-02
5.000000000000000000e+00,1.682604113313405536e+00,5.436681310974827291e-02
5.000000000000000000e+00,1.684982290932964144e+00,4.739938569008488034e-02
5.000000000000000000e+00,1.687360311401208346e+00,4.331714149887407744e-02
5.000000000000000000e+00,1.689738144883533133e+00,3.770762007090165679e-02
5.000000000000000000e+00,1.692115761381273620e+00,2.592962574690646504e-02
5.000000000000000000e+00,1.694493130731776098e+00,2.486382761785646545e-02
5.000000000000000000e+00,1.696870222608480416e+00,1.707916319259328297e-02
5.000000000000000000e+00,1.699249335401934236e+00,1.507512694326005286e-02
5.000000000000000000e+00,1.701628122620680639e+00,1.527929305570536241e-03
5.000000000000000000e+00,1.704004211532359703e+00,3.965992073977197413e-04
5.000000000000000000e+00,1.706382248516707056e+00,8.422956393548277189e-04
5.000000000000000000e+00,1.708759867047055625e+00,2.247287658591596942e-04
5.000000000000000000e+00,1.711139397425514685e+00,2.561521409039138180e-05
5.000000000000000000e+00,1.713516091596347435e+00,2.198419381578365435e-04
5.000000000000000000e+00,1.715894647708231302e+00,1.630746775721994901e-05
5.000000000000000000e+00,1.718272672423617475e+00,1.675397651542633233e-04
5.000000000000000000e+00,1.720650133828133255e+00,2.540844081159688171e-05
5.000000000000000000e+00,1.723029394364145483e+00,2.041529861145156529e-04
5.000000000000000000e+00,1.725405639360965360e+00,1.176493789680152106e-04
5.000000000000000000e+00,1.727783632085690080e+00,3.817630804915863208e-05
5.000000000000000000e+00,1.730163359864028916e+00,4.426361971159262785e-04
5.000000000000000000e+00,1.732539967848906848e+00,1.455983345305902383e-05
5.000000000000000000e+00,1.734918258608534103e+00,1.084240817095888116e-03
5.000000000000000000e+00,1.737295784744042226e+00,8.624272116478445696e-05
5.000000000000000000e+00,1.739674954091988246e+00,1.965089445047193267e-03
5.000000000000000000e+00,1.742053305661134033e+00,6.320391679195437595e-04
5.000000000000000000e+00,1.744430805976284748e+00,1.298143933517050203e-03
5.000000000000000000e+00,1.746807421400558225e+00,7.096335063206270135e-04
5.000000000000000000e+00,1.749185585906543050e+00,2.396433337864039079e-05
5.000000000000000000e+00,1.751565285671503824e+00,3.067085592983444459e-04
5.000000000000000000e+00,1.753941544332989544e+00,7.166444099573496039e-06
5.000000000000000000e+00,1.756319283347408389e+00,1.887004717139538197e-04
5.000000000000000000e+00,1.758698488506720947e+00,8.553554359912837106e-06
5.000000000000000000e+00,1.761076644056678076e+00,1.687299164926746428e-04
5.000000000000000000e+00,1.763453715291095847e+00,1.053428917407158952e-05
5.000000000000000000e+00,1.765832182308382903e+00,1.647362092932267547e-04
5.000000000000000000e+00,1.768209508663195706e+00,3.267286625129418794e-05
5.000000000000000000e+00,1.770588187717695883e+00,9.683391619143147735e-05
5.000000000000000000e+00,1.772965669196805205e+00,1.420299109395120867e-04
5.000000000000000000e+00,1.775344459763996241e+00,5.615038608734504682e-05
5.000000000000000000e+00,1.777721995276969613e+00,2.481614437339135434e-04
5.000000000000000000e+00,1.780100795737554753e+00,1.071881621308897999e-05
5.000000000000000000e+00,1.782478283099381056e+00,2.023872967702807662e-04
5.000000000000000000e+00,1.784856990739158489e+00,1.641787653810760896e-05
5.000000000000000000e+00,1.787234326670235962e+00,2.380819871083423710e-04
5.000000000000000000e+00,1.789612837680196966e+00,5.175451226803902936e-05
5.000000000000000000e+00,1.791989917806559918e+00,5.987470862695520001e-05
5.000000000000000000e+00,1.794368127283230807e+00,4.363178009289367019e-04
5.000000000000000000e+00,1.796744846137017459e+00,2.946408766637963639e-05
5.000000000000000000e+00,1.799122648083041343e+00,2.716034463415410195e-04
5.000000000000000000e+00,1.801501516697256555e+00,4.744187010232829379e-06
5.000000000000000000e+00,1.803878810935230392e+00,1.355763785972242269e-04
5.000000000000000000e+00,1.806257124818080539e+00,3.802213205268292323e-06
5.000000000000000000e+00,1.808636441567766484e+00,8.406946375664748868e-05
5.000000000000000000e+00,1.811014098981616804e+00,4.425186290377227424e-06
5.000000000000000000e+00,1.813392711472929353e+00,1.030185882159491022e-04
5.000000000000000000e+00,1.815769602679484063e+00,9.450669198835190014e-06
5.000000000000000000e+00,1.818147400644648304e+00,8.147744428204906325e-05
5.000000000000000000e+00,1.820526087986671593e+00,7.365749014083915994e-05
5.000000000000000000e+00,1.822902967052714596e+00,4.744570585464227022e-05
5.000000000000000000e+00,1.825280686410676978e+00,8.235013963165851286e-05
5.000000000000000000e+00,1.827659228322897844e+00,2.818091753730351501e-05
5.000000000000000000e+00,1.830038574944468310e+00,1.342730287265502388e-04
5.000000000000000000e+00,1.832416000112327747e+00,2.166946879737163825e-05
5.000000000000000000e+00,1.834794179900823385e+00,1.245991286613534667e-04
5.000000000000000000e+00,1.837170373825880221e+00,8.258217847349459562e-06
5.000000000000000000e+00,1.839550001086070585e+00,1.733853879839755349e-04
5.000000000000000000e+00,1.841927591628267580e+00,4.138815189502398975e-06
5.000000000000000000e+00,1.844305849176059109e+00,1.384308117562810779e-04
5.000000000000000000e+00,1.846682004518993780e+00,6.714146192016142406e-06
5.000000000000000000e+00,1.849061532876481451e+00,1.597121959580266929e-04
5.000000000000000000e+00,1.851438907171361503e+00,5.266154831727350562e-05
5.000000000000000000e+00,1.853816858923008848e+00,7.124517439875444362e-05
5.000000000000000000e+00,1.856195368998788231e+00,6.891695629974520449e-05
5.000000000000000000e+00,1.858574418157592278e+00,6.278128080145825151e-05
5.000000000000000000e+00,1.860951193835267858e+00,8.022477342873488525e-05
5.000000000000000000e+00,1.863328455497598846e+00,2.982819620270790240e-05
5.000000000000000000e+00,1.865706183545688734e+00,8.511449681400002644e-05
5.000000000000000000e+00,1.868084358271926204e+00,1.650307989895448516e-05
5.000000000000000000e+00,1.870462959859882535e+00,7.713221134153362170e-05
5.000000000000000000e+00,1.872841968384215239e+00,4.445647270388637349e-06
5.000000000000000000e+00,1.875218527602503737e+00,6.993736907210830185e-05
5.000000000000000000e+00,1.877598282584272082e+00,1.502627456859675641e-06
5.000000000000000000e+00,1.879975533445847002e+00,5.588189637956546556e-05
5.000000000000000000e+00,1.882353096003137383e+00,1.850429533219049053e-06
5.000000000000000000e+00,1.884730949754881424e+00,4.554135087468603928e-05
5.000000000000000000e+00,1.887109074090651539e+00,1.364651099120210828e-05
5.000000000000000000e+00,1.889487448290790628e+00,2.343725086594650512e-05
5.000000000000000000e+00,1.891866051526354786e+00,1.692049533472192305e-05
5.000000000000000000e+00,1.894241968814363020e+00,1.551340279290757415e-05
5.000000000000000000e+00,1.896620959922661109e+00,2.161563569502312969e-05
5.000000000000000000e+00,1.899000116913673875e+00,1.154226931388252572e-05
5.000000000000000000e+00,1.901376502634666066e+00,3.998667847348691233e-05
5.000000000000000000e+00,1.903755920179471373e+00,7.078098934079080468e-06
5.000000000000000000e+00,1.906132508977648854e+00,7.943217089157824002e-05
5.000000000000000000e+00,1.908512101096307090e+00,7.153485907172657512e-06
5.000000000000000000e+00,1.910888806516348737e+00,1.601326753351311647e-04
5.000000000000000000e+00,1.913265533887637870e+00,4.408108851409763423e-06
5.000000000000000000e+00,1.915645221064280479e+00,2.699290749252067421e-04
5.000000000000000000e+00,1.918021933723900396e+00,2.492535301665118968e-06
5.000000000000000000e+00,1.920401576683357536e+00,3.695952960785825101e-04
5.000000000000000000e+00,1.922778185987368271e+00,6.129551377862078639e-06
5.000000000000000000e+00,1.925157695683840764e+00,3.133988076823744293e-04
5.000000000000000000e+00,1.927534112112835318e+00,1.092693062132124439e-05
5.000000000000000000e+00,1.929913398624609977e+00,1.742950844511714358e-04
5.000000000000000000e+00,1.932289531783984105e+00,5.635034533547183513e-05
5.000000000000000000e+00,1.934668504313772353e+00,1.279241182448525660e-04
5.000000000000000000e+00,1.937047289244272052e+00,4.478798783596428312e-05
5.000000000000000000e+00,1.939422829809603455e+00,6.282598107252943150e-05
5.000000000000000000e+00,1.941801162930054447e+00,3.525975086271843279e-05
5.000000000000000000e+00,1.944179239057897579e+00,6.132264510195017753e-05
5.000000000000000000e+00,1.946557034846245759e+00,3.466435925152608897e-05
5.000000000000000000e+00,1.948937590416296883e+00,3.628407560547871247e-05
5.000000000000000000e+00,1.951314762526208613e+00,3.628567685947133969e-05
5.000000000000000000e+00,1.953691583608964111e+00,4.002799856018401128e-05
5.000000000000000000e+00,1.956071115926188098e+00,3.253625022012637217e-05
5.000000000000000000e+00,1.958447170997391629e+00,3.440633794980171742e-05
5.000000000000000000e+00,1.960825904438677769e+00,5.409447867679411238e-05
5.000000000000000000e+00,1.963204206118381423e+00,2.654206228803915150e-05
5.000000000000000000e+00,1.965582051840911504e+00,5.106558920712285683e-05
5.000000000000000000e+00,1.967959417301841540e+00,2.000548919385302423e-05
5.000000000000000000e+00,1.970339409318672352e+00,8.098803872379613331e-05
5.000000000000000000e+00,1.972715748465783570e+00,1.281014039254249364e-05
5.000000000000000000e+00,1.975094680156374904e+00,6.369589315569219293e-05
5.000000000000000000e+00,1.977473048443104009e+00,2.754504932061657550e-05
5.000000000000000000e+00,1.979850828500714810e+00,1.590823584415853925e-04
5.000000000000000000e+00,1.982227995395533071e+00,4.474925917429251586e-05
5.000000000000000000e+00,1.984604524085609167e+00,2.089908063116437988e-04
5.000000000000000000e+00,1.986983573776171186e+00,5.606623680135252864e-05
5.000000000000000000e+00,1.989361950099164611e+00,2.316859679041341762e-04
5.000000000000000000e+00,1.991739627709276261e+00,2.518633451035233922e-05
5.000000000000000000e+00,1.994116581153200896e+00,1.471439690339997411e-04
5.000000000000000000e+00,1.996495999787446962e+00,2.453155422353111545e-05
5.000000000000000000e+00,1.998874658345563660e+00,1.609348039244050746e-04
5.000000000000000000e+00,2.001252531070988550e+00,1.388225027151156362e-05
5.000000000000000000e+00,2.003629592099526402e+00,2.317444244721019809e-04
5.000000000000000000e+00,2.006009061087529410e+00,1.766907630617160313e-05
5.000000000000000000e+00,2.008384428391164267e+00,1.803249061716984862e-04
5.000000000000000000e+00,2.010762166794522354e+00,1.176991538479088786e-05
5.000000000000000000e+00,2.013142273146784511e+00,2.852184652402310031e-04
5.000000000000000000e+00,2.015518191284053184e+00,1.427618658035590188e-05
5.000000000000000000e+00,2.017896439964003363e+00,2.437762059204498998e-04
5.000000000000000000e+00,2.020273723858567294e+00,1.211802125276598065e-05
5.000000000000000000e+00,2.022653315995031953e+00,5.065990463818952246e-04
5.000000000000000000e+00,2.025031905392828957e+00,1.864789215908327672e-05
5.000000000000000000e+00,2.027409465173173775e+00,4.464465842464822765e-04
5.000000000000000000e+00,2.029785968350953596e+00,4.431143983004500082e-05
5.000000000000000000e+00,2.032164718651917390e+00,1.424122351557659391e-03
5.000000000000000000e+00,2.034542373648666747e+00,4.225742342393380599e-05
5.000000000000000000e+00,2.036922252485694695e+00,1.326595491273545356e-03
5.000000000000000000e+00,2.039297642718866488e+00,1.431454227857801784e-02
5.000000000000000000e+00,2.041678579620796796e+00,1.347677439967502611e-02
5.000000000000000000e+00,2.044054972850176011e+00,1.486882293747728880e-02
5.000000000000000000e+00,2.046433526721744833e+00,1.413803785095880776e-02
5.000000000000000000e+00,2.048810851376187347e+00,1.586796437241375785e-02
5.000000000000000000e+00,2.051190312403015081e+00,1.536237313210089828e-02
5.000000000000000000e+00,2.053568504069569922e+00,1.645251826060408970e-02
5.000000000000000000e+00,2.055945398294015458e+00,1.584616241954195717e-02
5.000000000000000000e+00,2.058324384012754305e+00,1.619462153825662262e-02
5.000000000000000000e+00,2.060702031599246808e+00,1.403084853797163453e-02
5.000000000000000000e+00,2.063078312672746772e+00,1.469026243330943428e-02
5.000000000000000000e+00,2.065456639593524102e+00,1.335787344504168334e-02
5.000000000000000000e+00,2.067833558764816893e+00,7.494232286952765129e-04
5.000000000000000000e+00,2.070212498216723152e+00,1.307057378132577474e-03
5.000000000000000000e+00,2.072589988335185041e+00,1.808745101231019718e-03
5.000000000000000000e+00,2.074969472860463071e+00,8.205591688491436532e-04
5.000000000000000000e+00,2.077347466120683439e+00,1.141430019492470057e-03
5.000000000000000000e+00,2.079723939049616721e+00,1.412574404021319213e-03
5.000000000000000000e+00,2.082102359006916092e+00,2.593250369087194036e-03
5.000000000000000000e+00,2.084479216156104542e+00,1.102278928924670196e-03
5.000000000000000000e+00,2.086857993654473997e+00,2.030508925301135938e-03
5.000000000000000000e+00,2.089235165520535009e+00,1.600846200627755898e-03
5.000000000000000000e+00,2.091614230747953052e+00,1.414467575651988515e-03
5.000000000000000000e+00,2.093991647171488779e+00,6.367297233053769052e-04
5.000000000000000000e+00,2.096370929659487015e+00,8.887607590918264466e-04
5.000000000000000000e+00,2.098748519824702452e+00,2.971078330650343412e-04
5.000000000000000000e+00,2.101127948448022309e+00,3.519979614304308713e-04
5.000000000000000000e+00,2.103505640882435745e+00,1.122797620772637481e-04
5.000000000000000000e+00,2.105881566995955634e+00,2.434376221975813738e-04
5.000000000000000000e+00,2.108259281488489290e+00,5.556454309303702555e-05
5.000000000000000000e+00,2.110638778281487493e+00,1.815896040919992278e-04
5.000000000000000000e+00,2.113016450109418187e+00,3.478624218416030147e-05
5.000000000000000000e+00,2.115395875701245210e+00,1.118392545791514991e-04
5.000000000000000000e+00,2.117773431421519081e+00,3.579907458486711878e-05
5.000000000000000000e+00,2.120149086564412588e+00,1.774339482184923928e-04
5.000000000000000000e+00,2.122526443941901597e+00,5.855329467704997986e-05
5.000000000000000000e+00,2.124905497063319437e+00,2.243523579689839730e-04
5.000000000000000000e+00,2.127282589459348561e+00,1.022369728711083415e-04
5.000000000000000000e+00,2.129661348130645226e+00,2.669915883192185970e-04
5.000000000000000000e+00,2.132041766401622240e+00,8.887130921306508869e-05
5.000000000000000000e+00,2.134416488630205944e+00,2.241911567224926449e-04
5.000000000000000000e+00,2.136796506809325980e+00,1.123608839889963303e-04
5.000000000000000000e+00,2.139174456954846537e+00,1.315800633396885667e-04
5.000000000000000000e+00,2.141550307510549533e+00,1.011399266229249920e-04
5.000000000000000000e+00,2.143931441358600143e+00,9.054377413265571458e-05
5.000000000000000000e+00,2.146306729584555040e+00,9.743210851044102790e-05
5.000000000000000000e+00,2.148687286870718527e+00,3.672076693488848136e-05
5.000000000000000000e+00,2.151065666753996908e+00,9.916501695953119499e-05
5.000000000000000000e+00,2.153441837210316567e+00,3.134693126786914952e-05
5.000000000000000000e+00,2.155819514621453603e+00,7.376205266837324633e-05
5.000000000000000000e+00,2.158198691568031347e+00,2.972664009410711926e-05
5.000000000000000000e+00,2.160575595509616864e+00,9.617461941299049449e-05
5.000000000000000000e+00,2.162953967401529898e+00,2.714958191489924946e-05
5.000000000000000000e+00,2.165330017974534726e+00,7.812569823505087475e-05
5.000000000000000000e+00,2.167711294571818659e+00,7.285640947195823423e-05
5.000000000000000000e+00,2.170086419534671851e+00,2.032426995908208107e-04
5.000000000000000000e+00,2.172466754975850289e+00,1.123829082797041023e-04
5.000000000000000000e+00,2.174844688110332491e+00,6.427115644382643770e-04
5.000000000000000000e+00,2.177220185986402434e+00,5.587831963034882009e-04
5.000000000000000000e+00,2.179600878863794833e+00,6.161422248681506543e-04
5.000000000000000000e+00,2.181979103711777057e+00,6.434856837927926346e-04
5.000000000000000000e+00,2.184354827302986468e+00,9.513055356011513100e-03
5.000000000000000000e+00,2.186731873089897693e+00,8.815016319222931246e-03
5.000000000000000000e+00,2.189110232802705447e+00,1.028774303786242350e-02
5.000000000000000000e+00,2.191489898121623092e+00,1.149117399063079997e-02
5.000000000000000000e+00,2.193866978681393132e+00,1.575254257370151817e-02
5.000000000000000000e+00,2.196245331200582740e+00,1.887158626741085310e-02
5.000000000000000000e+00,2.198624947167761245e+00,2.740956749917620658e-02
5.000000000000000000e+00,2.201001910734452061e+00,3.605306564489900445e-02
5.000000000000000000e+00,2.203380103664479339e+00,4.899679808274757381e-02
5.000000000000000000e+00,2.205755593071625942e+00,3.244311788814218094e-03
5.000000000000000000e+00,2.208136210091760532e+00,7.532298431495072083e-03
5.000000000000000000e+00,2.210514089066549559e+00,3.265791750469285333e-03
5.000000000000000000e+00,2.212889195676467580e+00,2.539352938779950841e-03
5.000000000000000000e+00,2.215269411685253598e+00,9.627201896963186829e-04
5.000000000000000000e+00,2.217646820369182592e+00,2.790585144181399399e-03
5.000000000000000000e+00,2.220025362245094058e+00,8.115385422812729406e-04
5.000000000000000000e+00,2.222401044539729753e+00,8.971085902178467953e-04
5.000000000000000000e+00,2.224781816787405386e+00,1.337317714115037696e-03
5.000000000000000000e+00,2.227159693927706297e+00,3.281025777515298152e-04
5.000000000000000000e+00,2.229538650259491828e+00,9.245501141911523051e-04
5.000000000000000000e+00,2.231914658585150590e+00,2.316916646890930336e-04
5.000000000000000000e+00,2.234291710139395537e+00,7.141519472901556058e-04
5.000000000000000000e+00,2.236669795394403248e+00,1.924602594062141848e-04
5.000000000000000000e+00,2.239048904770509107e+00,2.709670426747975026e-04
5.000000000000000000e+00,2.241424976510854261e+00,2.790427895078811255e-04
5.000000000000000000e+00,2.243806096568353503e+00,7.271484182989971633e-05
5.000000000000000000e+00,2.246184142332022571e+00,1.697360491574511699e-04
5.000000000000000000e+00,2.248559078140137224e+00,4.018594223714274950e-05
5.000000000000000000e+00,2.250939041398960061e+00,1.108709805100137856e-04
5.000000000000000000e+00,2.253315857608640727e+00,4.375215307682355295e-05
5.000000000000000000e+00,2.255693594709365701e+00,1.090100419893321110e-04
5.000000000000000000e+00,2.258072242628007320e+00,5.235623994326872967e-05
5.000000000000000000e+00,2.260451791238908381e+00,3.204905016014550497e-05
5.000000000000000000e+00,2.262828100482377369e+00,6.623881459204580640e-05
5.000000000000000000e+00,2.265205272630280042e+00,1.015296585417897133e-05
5.000000000000000000e+00,2.267583297361956962e+00,3.359021263807994992e-05
5.000000000000000000e+00,2.269962164303962027e+00,2.054002823245867489e-05
5.000000000000000000e+00,2.272341863029972320e+00,2.031327238538536194e-05
5.000000000000000000e+00,2.274718209664019053e+00,1.507152448824795146e-05
5.000000000000000000e+00,2.277095349600728014e+00,5.606629791427945604e-06
5.000000000000000000e+00,2.279473272218509372e+00,2.224787158444498653e-05
5.000000000000000000e+00,2.281851966842678436e+00,5.058976079988746978e-06
5.000000000000000000e+00,2.284231422745374829e+00,1.147067429367793124e-05
5.000000000000000000e+00,2.286607412008805351e+00,2.097996386509769126e-05
5.000000000000000000e+00,2.288984123377203694e+00,6.184487241650365896e-06
5.000000000000000000e+00,2.291365780618124681e+00,1.894529908516312549e-05
5.000000000000000000e+00,2.293743912168016763e+00,6.658639156539009657e-06
5.000000000000000000e+00,2.296118480612924895e+00,2.219541406424986065e-05
5.000000000000000000e+00,2.298497970634805210e+00,1.132891298889907398e-05
5.000000000000000000e+00,2.300878127611091895e+00,1.727521254419985740e-05
5.000000000000000000e+00,2.303254661586480623e+00,1.902223519204913335e-05
5.000000000000000000e+00,2.305631822391659203e+00,7.277273626636497422e-06
5.000000000000000000e+00,2.308009598693951503e+00,3.234855768902477138e-05
5.000000000000000000e+00,2.310387979106963030e+00,1.229480168376409134e-05
5.000000000000000000e+00,2.312766952190511649e+00,1.458389577786315332e-05
5.000000000000000000e+00,2.315142183405042520e+00,2.598676074510104019e-05
5.000000000000000000e+00,2.317522298400336744e+00,1.087991397999965537e-05
5.000000000000000000e+00,2.319898630583908439e+00,3.079490962805554705e-05
5.000000000000000000e+00,2.322279841038421555e+00,1.651492835301736914e-05
5.000000000000000000e+00,2.324657227477955335e+00,2.813291369709381616e-05
5.000000000000000000e+00,2.327035118932285318e+00,2.410442241016167038e-05
5.000000000000000000e+00,2.329413503549994768e+00,8.676682416060910172e-06
5.000000000000000000e+00,2.331787983991368662e+00,2.668713138184824172e-05
5.000000000000000000e+00,2.334167310210840451e+00,1.105864798826714095e-05
5.000000000000000000e+00,2.336547093703715827e+00,4.975420564791114685e-06
5.000000000000000000e+00,2.338922910089027418e+00,2.056597156216450828e-05
5.000000000000000000e+00,2.341303562883347844e+00,3.896393514436842479e-06
5.000000000000000000e+00,2.343680206292833024e+00,8.635298360214746694e-06
5.000000000000000000e+00,2.346057240367172003e+00,1.975789478165546775e-05
5.000000000000000000e+00,2.348434652788937260e+00,2.911514887783789969e-06
5.000000000000000000e+00,2.350812431186368734e+00,1.850355428385020131e-05
5.000000000000000000e+00,2.353190563133336077e+00,1.455822573692150915e-05
5.000000000000000000e+00,2.355569036149298690e+00,1.197780624497853916e-05
5.000000000000000000e+00,2.357947837699267524e+00,2.680388994692303370e-05
5.000000000000000000e+00,2.360326955193766896e+00,7.968817946955591579e-06
5.000000000000000000e+00,2.362701873503119110e+00,2.824274115929240481e-05
5.000000000000000000e+00,2.365081575825791482e+00,1.514390489489209779e-05
5.000000000000000000e+00,2.367461555987104838e+00,1.073388540043621628e-05
5.000000000000000000e+00,2.369837271457410743e+00,2.121467781967562190e-05
5.000000000000000000e+00,2.372213220904162867e+00,3.132166175612288000e-06
5.000000000000000000e+00,2.374593939286923305e+00,1.658495447238818974e-05
5.000000000000000000e+00,2.376970326898085517e+00,1.186099533685753239e-05
5.000000000000000000e+00,2.379346909490778650e+00,2.167620976269996064e-06
5.000000000000000000e+00,2.381728249229686956e+00,1.270877551592198223e-05
5.000000000000000000e+00,2.384105191535353274e+00,5.394415098811385458e-06
5.000000000000000000e+00,2.386482289336266938e+00,5.895831073901214159e-06
5.000000000000000000e+00,2.388859529357821643e+00,1.140480198226728913e-05
5.000000000000000000e+00,2.391236898270765909e+00,3.060487439367571250e-06
5.000000000000000000e+00,2.393619003764643427e+00,8.271067976666922591e-06
5.000000000000000000e+00,2.395996599438805941e+00,1.293974454622610738e-05
5.000000000000000000e+00,2.398374283698073040e+00,3.745492488845155746e-06
5.000000000000000000e+00,2.400752042994434454e+00,1.215183290035281270e-05
5.000000000000000000e+00,2.403129863725176119e+00,1.633758611772350463e-05
5.000000000000000000e+00,2.405507732232872620e+00,6.720304740372247786e-06
5.000000000000000000e+00,2.407885634805378317e+00,1.617151645034326375e-05
5.000000000000000000e+00,2.410263557675826007e+00,8.279152861026618294e-06
5.000000000000000000e+00,2.412641487022620712e+00,1.185929902502725610e-05
5.000000000000000000e+00,2.415019408969439230e+00,1.680970734222627291e-05
5.000000000000000000e+00,2.417397309585231913e+00,6.324364432068802478e-06
5.000000000000000000e+00,2.419775174884221780e+00,1.708732606770592454e-05
5.000000000000000000e+00,2.422152990825908514e+00,1.751035812965563753e-05
5.000000000000000000e+00,2.424530743315073789e+00,9.280119639606241889e-06
5.000000000000000000e+00,2.426908418201789264e+00,2.208580557075364760e-05
5.000000000000000000e+00,2.429286001281421470e+00,1.721763594589394202e-05
5.000000000000000000e+00,2.431663478294642911e+00,1.055107364972818670e-05
5.000000000000000000e+00,2.434040834927446273e+00,2.372776769041647378e-05
5.000000000000000000e+00,2.436422844634672291e+00,1.756239548993940086e-05
5.000000000000000000e+00,2.438799926692925002e+00,9.533811663216409878e-06
5.000000000000000000e+00,2.441176845109251925e+00,2.120616117207508916e-05
5.000000000000000000e+00,2.443553585351005086e+00,1.909239205588116755e-05
5.000000000000000000e+00,2.445930132830938852e+00,7.955527757159199946e-06
5.000000000000000000e+00,2.448311307568818762e+00,1.848449268731996591e-05
5.000000000000000000e+00,2.450687434933867870e+00,8.449962491180702600e-06
5.000000000000000000e+00,2.453068178922694020e+00,6.957832719928256953e-06
5.000000000000000000e+00,2.455443827201868601e+00,1.731469678898248728e-05
5.000000000000000000e+00,2.457824081285056472e+00,7.981171917714153393e-06
5.000000000000000000e+00,2.460199191070725266e+00,6.421187657302638988e-06
5.000000000000000000e+00,2.462578895654787381e+00,1.636849411017387817e-05
5.000000000000000000e+00,2.464958307733604137e+00,1.771388220189748313e-05
5.000000000000000000e+00,2.467332502158201546e+00,6.130831311181797409e-06
5.000000000000000000e+00,2.469711274537423229e+00,1.274567309187777062e-05
5.000000000000000000e+00,2.472089709077717856e+00,1.956188937609537788e-05
5.000000000000000000e+00,2.474467790561501790e+00,6.818912767002126361e-06
5.000000000000000000e+00,2.476845503716746499e+00,1.285738714660318623e-05
5.000000000000000000e+00,2.479222833217026967e+00,2.487205646050585515e-05
5.000000000000000000e+00,2.481599763681567428e+00,8.477526340684578786e-06
5.000000000000000000e+00,2.483981256237295376e+00,1.079446332157978387e-05
5.000000000000000000e+00,2.486357351796226300e+00,4.863617774311822435e-05
5.000000000000000000e+00,2.488737997498906118e+00,1.506508874341258754e-05
5.000000000000000000e+00,2.491113196007286756e+00,2.500487637004258513e-05
5.000000000000000000e+00,2.493492932524325134e+00,1.935810612585045509e-04
5.000000000000000000e+00,2.495872195725481024e+00,1.312454832822763614e-04
5.000000000000000000e+00,2.498245935968249398e+00,1.247326392479037108e-03
5.000000000000000000e+00,2.500624195678618378e+00,1.524161436564396184e-03
5.000000000000000000e+00,2.503001934687554719e+00,1.980478380945419233e-03
5.000000000000000000e+00,2.505384199785404054e+00,2.692641907272790383e-04
5.000000000000000000e+00,2.507760859244102747e+00,1.273877453296554454e-03
5.000000000000000000e+00,2.510136950143142087e+00,5.291825690082615049e-05
5.000000000000000000e+00,2.512517547981021337e+00,4.919248870702042130e-05
5.000000000000000000e+00,2.514892463148078239e+00,1.739895577118754245e-04
5.000000000000000000e+00,2.517271872260600674e+00,6.112915596829680744e-05
5.000000000000000000e+00,2.519650667552726819e+00,1.605326351220543756e-05
5.000000000000000000e+00,2.522028832766149087e+00,1.083922234651190237e-04
5.000000000000000000e+00,2.524406351588751818e+00,4.469778203609426427e-05
5.000000000000000000e+00,2.526783207654688557e+00,9.449176092082336027e-06
5.000000000000000000e+00,2.529159384544463762e+00,4.521835297965708621e-05
5.000000000000000000e+00,2.531540034735527911e+00,4.792983193265130986e-05
5.000000000000000000e+00,2.533914813502587737e+00,3.681168927595077967e-05
5.000000000000000000e+00,2.536294051902468372e+00,4.737183935208398903e-06
5.000000000000000000e+00,2.538672564369699458e+00,1.521318806776433744e-05
5.000000000000000000e+00,2.541050334235800179e+00,3.816762414989169838e-05
5.000000000000000000e+00,2.543427344778853350e+00,1.353135986890113914e-05
5.000000000000000000e+00,2.545808806606810748e+00,8.621117366158734003e-06
5.000000000000000000e+00,2.548184257884455128e+00,4.533400933621781872e-06
5.000000000000000000e+00,2.550564146289386880e+00,3.164607367827880485e-05
5.000000000000000000e+00,2.552943227520946490e+00,3.296520793202532406e-05
5.000000000000000000e+00,2.555321484608414462e+00,4.647066305425575615e-06
5.000000000000000000e+00,2.557698900527907160e+00,5.449170885830659388e-06
5.000000000000000000e+00,2.560075458202479837e+00,1.894339947758912865e-05
5.000000000000000000e+00,2.562451140502226998e+00,6.582067990584763615e-05
5.000000000000000000e+00,2.564831236037994344e+00,1.769786274888339900e-05
5.000000000000000000e+00,2.567210441454971015e+00,2.943473366615556644e-06
5.000000000000000000e+00,2.569588739480965334e+00,2.298772542101881050e-04
5.000000000000000000e+00,2.571966112790943892e+00,2.155966306027760795e-04
5.000000000000000000e+00,2.574342544007147904e+00,4.090966418646284873e-03
5.000000000000000000e+00,2.576723370808659652e+00,4.467004308424328725e-03
5.000000000000000000e+00,2.579097875367938553e+00,3.951128501801455355e-03
5.000000000000000000e+00,2.581476760275176030e+00,4.263254387420869866e-03
5.000000000000000000e+00,2.583854652848235123e+00,4.816637922378907109e-03
5.000000000000000000e+00,2.586231535461967379e+00,2.427750975171865110e-06
5.000000000000000000e+00,2.588612795081014717e+00,1.741551901741863779e-04
5.000000000000000000e+00,2.590987614612529910e+00,8.286538533204544676e-05
5.000000000000000000e+00,2.593366795512073164e+00,9.875442871539865460e-05
5.000000000000000000e+00,2.595744915317689472e+00,7.100883955934375162e-06
5.000000000000000000e+00,2.598121956157397161e+00,5.058040911084231885e-06
5.000000000000000000e+00,2.600497900107185067e+00,3.807990145389841092e-05
5.000000000000000000e+00,2.602878193565458798e+00,2.248110987745709872e-05
5.000000000000000000e+00,2.605257374095403922e+00,2.379245644911172824e-05
5.000000000000000000e+00,2.607635423630717320e+00,2.259861967065509478e-06
5.000000000000000000e+00,2.610012324053281763e+00,9.326025611028280728e-06
5.000000000000000000e+00,2.612388057193310686e+00,2.582999551169602005e-05
5.000000000000000000e+00,2.614768119240192146e+00,1.479228233026615880e-05
5.000000000000000000e+00,2.617146997564059774e+00,1.427164236215761759e-05
5.000000000000000000e+00,2.619524673852972718e+00,1.605961663888313852e-06
5.000000000000000000e+00,2.621901129743555270e+00,1.212614598411230956e-05
5.000000000000000000e+00,2.624281901432961472e+00,1.345463820108134807e-05
5.000000000000000000e+00,2.626655871285938915e+00,1.423352710008617609e-05
5.000000000000000000e+00,2.629034140094493655e+00,1.263543349597394668e-05
5.000000000000000000e+00,2.631416719546495031e+00,3.471210153053311186e-06
5.000000000000000000e+00,2.633792431410708623e+00,5.132295083769794583e-05
5.000000000000000000e+00,2.636172436860944934e+00,5.155372866277598373e-05
5.000000000000000000e+00,2.638545517161249965e+00,3.881027739370735861e-04
5.000000000000000000e+00,2.640928499105384297e+00,2.130343445515753612e-04
5.000000000000000000e+00,2.643304518349861354e+00,5.709292531315346897e-04
5.000000000000000000e+00,2.645684816809926954e+00,3.065946438048072157e-03
5.000000000000000000e+00,2.648058094547728558e+00,7.571732616705851389e-04
5.000000000000000000e+00,2.650435633945297020e+00,1.823532982120647933e-03
5.000000000000000000e+00,2.652817446491849473e+00,1.367419374747397482e-04
5.000000000000000000e+00,2.655192171178932803e+00,1.314197032826554430e-04
5.000000000000000000e+00,2.657571151243650398e+00,1.418456586307127109e-05
5.000000000000000000e+00,2.659948691486012429e+00,5.987241489205361528e-06
5.000000000000000000e+00,2.662330489570499559e+00,3.238559770652982793e-05
5.000000000000000000e+00,2.664705102769717726e+00,1.908678890646377271e-05
5.000000000000000000e+00,2.667083955729373734e+00,4.099375261846524245e-05
5.000000000000000000e+00,2.669461312276356413e+00,1.165771659549461341e-05
5.000000000000000000e+00,2.671837153036051848e+00,1.022027824221313452e-05
5.000000000000000000e+00,2.674217226595466013e+00,2.229688509593526303e-06
5.000000000000000000e+00,2.676595765975274599e+00,5.739695113700759495e-06
5.000000000000000000e+00,2.678972751659991935e+00,7.250775332811797205e-06
5.000000000000000000e+00,2.681353962923400225e+00,8.768288204051535560e-06
5.000000000000000000e+00,2.683727792746523733e+00,1.723760330464366717e-05
5.000000000000000000e+00,2.686105829445210702e+00,4.784920772026917955e-06
5.000000000000000000e+00,2.688488084212449003e+00,4.157228979570275909e-06
5.000000000000000000e+00,2.690862888123974894e+00,1.585409057568792392e-06
5.000000000000000000e+00,2.693241891183510539e+00,8.726884131930254325e-06
5.000000000000000000e+00,2.695619243808531795e+00,6.677714411549382504e-06
5.000000000000000000e+00,2.697994926104692492e+00,7.358914065997629958e-06
5.000000000000000000e+00,2.700374799530429026e+00,6.752184386126713824e-06
5.000000000000000000e+00,2.702752983395575903e+00,5.111588844497908078e-06
5.000000000000000000e+00,2.705129457665879755e+00,3.126266169325503355e-06
5.000000000000000000e+00,2.707510114782492927e+00,1.679511976859779526e-06
5.000000000000000000e+00,2.709889042854494612e+00,1.729253935759204508e-06
5.000000000000000000e+00,2.712266221707900993e+00,6.029609913248854581e-07
5.000000000000000000e+00,2.714641631120770615e+00,2.872802724772292855e-06
5.000000000000000000e+00,2.717021204959639391e+00,2.675916810330834411e-06
5.000000000000000000e+00,2.719398989596979010e+00,7.510079366773047375e-06
5.000000000000000000e+00,2.721774964671693997e+00,4.734995502944151598e-06
5.000000000000000000e+00,2.724155095219163325e+00,9.799474179889229144e-06
5.000000000000000000e+00,2.726533396224594785e+00,4.420839214004179512e-06
5.000000000000000000e+00,2.728909847187990234e+00,6.238569343801398349e-06
5.000000000000000000e+00,2.731290444402350470e+00,1.946283750494596546e-06
5.000000000000000000e+00,2.733669171376605700e+00,9.047456533424528852e-07
5.000000000000000000e+00,2.736046007472129116e+00,4.641520443631665807e-07
5.000000000000000000e+00,2.738420932003415853e+00,9.433201439772263003e-07
5.000000000000000000e+00,2.740799983049091892e+00,1.942643068834635557e-06
5.000000000000000000e+00,2.743177102021586489e+00,2.999510251172357924e-06
5.000000000000000000e+00,2.745558347964158319e+00,4.240414416463649612e-06
5.000000000000000000e+00,2.747937641197727654e+00,4.665378503110999320e-06
5.000000000000000000e+00,2.750314960807459741e+00,4.432284577854585266e-06
5.000000000000000000e+00,2.752690285832279038e+00,3.540927869739131573e-06
5.000000000000000000e+00,2.755069717329380996e+00,5.001359767982804223e-06
5.000000000000000000e+00,2.757447133295085617e+00,2.211713945833083599e-06
5.000000000000000000e+00,2.759822512631141755e+00,4.052510846561588258e-06
5.000000000000000000e+00,2.762201987996263153e+00,1.868691793057887058e-06
5.000000000000000000e+00,2.764579405566437664e+00,3.540909111191564937e-06
5.000000000000000000e+00,2.766960919131962182e+00,1.694462858091524224e-06
5.000000000000000000e+00,2.769334167959193405e+00,1.689014407201729479e-06
5.000000000000000000e+00,2.771717687672561325e+00,1.596370891863390050e-06
5.000000000000000000e+00,2.774092899949887059e+00,1.805993662610503692e-06
5.000000000000000000e+00,2.776472186575843271e+00,1.416340239835404729e-06
5.000000000000000000e+00,2.778849329813015245e+00,1.994564296074948024e-06
5.000000000000000000e+00,2.781224308154069291e+00,2.099298929084666228e-06
5.000000000000000000e+00,2.783603349577585373e+00,3.291564351386740343e-06
5.000000000000000000e+00,2.785980204283322159e+00,3.478816002362759510e-06
5.000000000000000000e+00,2.788361121540816612e+00,6.820795722594807212e-06
5.000000000000000000e+00,2.790739830130332333e+00,7.355086949828034087e-06
5.000000000000000000e+00,2.793116308318245977e+00,1.359273113371515803e-05
5.000000000000000000e+00,2.795496837376052479e+00,1.403935748959261819e-05
5.000000000000000000e+00,2.797875113863212526e+00,3.409416099225077637e-05
5.000000000000000000e+00,2.800251115911298605e+00,3.435149698045302386e-05
5.000000000000000000e+00,2.802631156870153184e+00,1.011264911112849012e-03
5.000000000000000000e+00,2.805008901002245647e+00,9.666934662268535875e-04
5.000000000000000000e+00,2.807384326304926958e+00,4.244490578435957729e-04
5.000000000000000000e+00,2.809763778281390234e+00,4.497975033657297303e-04
5.000000000000000000e+00,2.812140888822362683e+00,4.143626680902887810e-05
5.000000000000000000e+00,2.814515635791587478e+00,4.170280343214872001e-05
5.000000000000000000e+00,2.816894396919202848e+00,1.022530767683592629e-05
5.000000000000000000e+00,2.819277182391831005e+00,9.785966559817952100e-06
5.000000000000000000e+00,2.821651159259273456e+00,5.963872426716982379e-06
5.000000000000000000e+00,2.824029137518142551e+00,5.283773905743772665e-06
5.000000000000000000e+00,2.826411127293623426e+00,2.992325243662201792e-06
5.000000000000000000e+00,2.828784230557050972e+00,2.504249602421046770e-06
5.000000000000000000e+00,2.831161322165572702e+00,1.121189594331382059e-06
5.000000000000000000e+00,2.833542412182134651e+00,1.965292628176177342e-06
5.000000000000000000e+00,2.835921024016914149e+00,8.479001332523426773e-07
5.000000000000000000e+00,2.838297135088118761e+00,1.045645212895918069e-06
5.000000000000000000e+00,2.840677231205615438e+00,1.318688351230536281e-06
5.000000000000000000e+00,2.843054803040627743e+00,1.729699450001484690e-06
5.000000000000000000e+00,2.845429827880051832e+00,2.128346950042625951e-06
5.000000000000000000e+00,2.847808824123101878e+00,2.559399684639156795e-06
5.000000000000000000e+00,2.850185249634491935e+00,2.853110206467924944e-06
5.000000000000000000e+00,2.852565644594050376e+00,3.006757521537290064e-06
5.000000000000000000e+00,2.854943444955898801e+00,3.078185181093591158e-06
5.000000000000000000e+00,2.857318627786822773e+00,3.041747209762796020e-06
5.000000000000000000e+00,2.859697765996172869e+00,2.912583465141758079e-06
5.000000000000000000e+00,2.862080869472485301e+00,2.657225226501573073e-06
5.000000000000000000e+00,2.864454712355927857e+00,2.413100322683421260e-06
5.000000000000000000e+00,2.866832496293459265e+00,1.871537548090487935e-06
5.000000000000000000e+00,2.869214231107640511e+00,1.524791576304905534e-06
5.000000000000000000e+00,2.871586624881306449e+00,1.176346189955996127e-06
5.000000000000000000e+00,2.873969606985570024e+00,7.271458075500875810e-07
5.000000000000000000e+00,2.876343201527446158e+00,4.925092820058322954e-07
5.000000000000000000e+00,2.878720719985517373e+00,3.135670338583609593e-07
5.000000000000000000e+00,2.881102172098087610e+00,2.269403286414736594e-07
5.000000000000000000e+00,2.883480861554354568e+00,2.760482169852657868e-07
5.000000000000000000e+00,2.885856764896066906e+00,1.261988225900025770e-06
5.000000000000000000e+00,2.888236586815389195e+00,2.391829733735683990e-06
5.000000000000000000e+00,2.890613597715197436e+00,2.280356126958405599e-06
5.000000000000000000e+00,2.892994524384758570e+00,1.011717291249363670e-06
5.000000000000000000e+00,2.895365853522527733e+00,1.849203602521986071e-07
5.000000000000000000e+00,2.897747845885614293e+00,6.918586405087178163e-07
5.000000000000000000e+00,2.900126977032283726e+00,2.109419863780426754e-06
5.000000000000000000e+00,2.902503223200517901e+00,2.678329289385151907e-06
5.000000000000000000e+00,2.904883366561006319e+00,1.847878575347060546e-06
5.000000000000000000e+00,2.907260599562923709e+00,3.870105283117847600e-07
5.000000000000000000e+00,2.909634898318774088e+00,3.712877953205409114e-07
5.000000000000000000e+00,2.912013078324352744e+00,2.182369669815810933e-06
5.000000000000000000e+00,2.914395149104420657e+00,4.660679921801192814e-06
5.000000000000000000e+00,2.916774258379155604e+00,3.567278948216108175e-06
5.000000000000000000e+00,2.919150382085439865e+00,1.711763030557847855e-06
5.000000000000000000e+00,2.921523496123781261e+00,3.551859381810020752e-07
5.000000000000000000e+00,2.923907367138645963e+00,1.744757803881516142e-05
5.000000000000000000e+00,2.926281318344463589e+00,1.416761570643661281e-04
5.000000000000000000e+00,2.928659127554641639e+00,2.002073614237224824e-04
5.000000000000000000e+00,2.931040804181527015e+00,6.255472669550481985e-06
5.000000000000000000e+00,2.933419417291878162e+00,5.059282701119913635e-07
5.000000000000000000e+00,2.935794942524495799e+00,9.153480923061367800e-07
5.000000000000000000e+00,2.938174318344370928e+00,2.642903691314701199e-06
5.000000000000000000e+00,2.940550579959972044e+00,3.667537184248215626e-06
5.000000000000000000e+00,2.942930688311046872e+00,3.106906060108726652e-06
5.000000000000000000e+00,2.945307656001242336e+00,1.120701929442014859e-06
5.000000000000000000e+00,2.947681458460930770e+00,3.908883031612437991e-07
5.000000000000000000e+00,2.950059090390392047e+00,2.292772153610400302e-06
5.000000000000000000e+00,2.954818837778843132e+00,8.059162484661159747e-06
5.000000000000000000e+00,2.957193895793339244e+00,1.338793455369810301e-05
5.000000000000000000e+00,2.959572774981745535e+00,1.831584045462496594e-04
5.000000000000000000e+00,2.961955484573179920e+00,3.568356449947771057e-05
5.000000000000000000e+00,2.964327858985216224e+00,3.587495637151223874e-06
5.000000000000000000e+00,2.966711135514628506e+00,4.830940368174700218e-06
5.000000000000000000e+00,2.969084027002956372e+00,9.483341111867246603e-07
5.000000000000000000e+00,2.971467838945096585e+00,1.729938041347977631e-06
5.000000000000000000e+00,2.973841215813263883e+00,2.435014615334434604e-06
5.000000000000000000e+00,2.978599361758565323e+00,1.832965436832431630e-06
5.000000000000000000e+00,2.980976981837772488e+00,2.186697688701089002e-06
5.000000000000000000e+00,2.985729247336589065e+00,1.712435781153829437e-06
5.000000000000000000e+00,2.988111066655426029e+00,1.814211333632239167e-04
5.000000000000000000e+00,2.990489476071835462e+00,2.942477532521573343e-05
5.000000000000000000e+00,2.992864450213154281e+00,1.981404489578412409e-06
5.000000000000000000e+00,2.995243199646329124e+00,3.527830194003798911e-06
5.000000000000000000e+00,2.997618485893688511e+00,1.644744988014329929e-06
5.000000000000000000e+00,2.999997542427555786e+00,1.752885866206915069e-06
6.000000000000000000e+00,1.099999098890103832e+00,6.251294550133375611e-07
6.000000000000000000e+00,1.102375730712192192e+00,4.187793567342269407e-08
6.000000000000000000e+00,1.104752810646187022e+00,1.719162502945370210e-05
6.000000000000000000e+00,1.107130277917975025e+00,4.650314180271344203e-07
6.000000000000000000e+00,1.109508071207282898e+00,2.058321846834582513e-07
6.000000000000000000e+00,1.111886128647274319e+00,1.036544853379492737e-05
6.000000000000000000e+00,1.114264387824213776e+00,2.390156917268042196e-06
6.000000000000000000e+00,1.116642785777203883e+00,2.575248470156825303e-05
6.000000000000000000e+00,1.119021258997989765e+00,7.863324858668127649e-06
6.000000000000000000e+00,1.121399743430837814e+00,1.486395835992137210e-06
6.000000000000000000e+00,1.123778174472484626e+00,1.020555153937214629e-05
6.000000000000000000e+00,1.126156486972162973e+00,9.149509133087614773e-06
6.000000000000000000e+00,1.128534615231699956e+00,2.797519363583307484e-06
6.000000000000000000e+00,1.130912493005694186e+00,9.174306862944557031e-06
6.000000000000000000e+00,1.133290053501766481e+00,7.906019074751377662e-07
6.000000000000000000e+00,1.135667229380893373e+00,4.032084426364087741e-06
6.000000000000000000e+00,1.138043952757815891e+00,8.559719214817446088e-06
6.000000000000000000e+00,1.140430645006762944e+00,1.847601854904338170e-06
6.000000000000000000e+00,1.142806301289510440e+00,9.950678763933269811e-06
6.000000000000000000e+00,1.145181298221050525e+00,7.236978636019776020e-06
6.000000000000000000e+00,1.147555565735549843e+00,3.299301043555789544e-06
6.000000000000000000e+00,1.149939698688533074e+00,1.099343581360147625e-05
6.000000000000000000e+00,1.152312339057216528e+00,6.014562768523657389e-07
6.000000000000000000e+00,1.154694790481869404e+00,5.452199218306717824e-06
6.000000000000000000e+00,1.157076315485336515e+00,1.434533003929722123e-05
6.000000000000000000e+00,1.159445998776818199e+00,1.857652418196480513e-06
6.000000000000000000e+00,1.161825408173174257e+00,1.449313119959883999e-05
6.000000000000000000e+00,1.164203671776672389e+00,1.571905019927160902e-05
6.000000000000000000e+00,1.166580715404594182e+00,6.829736674174493726e-06
6.000000000000000000e+00,1.168956464334743650e+00,2.544850346835355307e-05
6.000000000000000000e+00,1.171341909466407039e+00,2.855532169105154367e-05
6.000000000000000000e+00,1.173714887566505771e+00,2.632347382476635090e-05
6.000000000000000000e+00,1.176097499840639937e+00,2.192074683597078932e-05
6.000000000000000000e+00,1.178478603450343609e+00,4.107231138054592456e-06
6.000000000000000000e+00,1.180846874482839759e+00,1.104717406608907698e-05
6.000000000000000000e+00,1.183224683239016084e+00,1.062032076683322031e-05
6.000000000000000000e+00,1.185612087451950236e+00,6.539596827580042721e-06
6.000000000000000000e+00,1.187986378893309602e+00,1.994489103510739618e-05
6.000000000000000000e+00,1.190358770252602172e+00,7.728673507025774303e-06
6.000000000000000000e+00,1.192740655833151475e+00,9.341967741441360346e-06
6.000000000000000000e+00,1.195120572508726164e+00,1.842926366647521175e-05
6.000000000000000000e+00,1.197498439510897406e+00,3.648251716496735747e-06
6.000000000000000000e+00,1.199874175544611843e+00,1.346884212713362679e-05
6.000000000000000000e+00,1.202247698790813724e+00,1.448139473806310579e-05
6.000000000000000000e+00,1.204630630988217099e+00,8.001080674651956520e-06
6.000000000000000000e+00,1.207011277581778286e+00,2.165992982585663408e-05
6.000000000000000000e+00,1.209389555328822752e+00,1.022320854962714086e-05
6.000000000000000000e+00,1.211765380466591990e+00,1.335593392615836968e-05
6.000000000000000000e+00,1.214138668715299518e+00,2.047212878572505148e-05
6.000000000000000000e+00,1.216521271556269213e+00,4.749733588175738902e-06
6.000000000000000000e+00,1.218901260673629805e+00,1.914024111601671260e-05
6.000000000000000000e+00,1.221278550366432736e+00,1.636161856851576661e-05
6.000000000000000000e+00,1.223653054421999675e+00,9.960732379361024095e-06
6.000000000000000000e+00,1.226036809853057186e+00,2.658489365674626150e-05
6.000000000000000000e+00,1.228405528858331763e+00,1.059637930757792920e-05
6.000000000000000000e+00,1.230783418372779048e+00,1.703820303557695637e-05
6.000000000000000000e+00,1.233170531755207078e+00,2.187290647651322619e-05
6.000000000000000000e+00,1.235542297137962597e+00,6.828234593488359099e-06
6.000000000000000000e+00,1.237923203366784186e+00,2.419111485688309456e-05
6.000000000000000000e+00,1.240300895663398073e+00,1.471809953222617236e-05
6.000000000000000000e+00,1.242677775014586095e+00,1.309661920111123891e-05
6.000000000000000000e+00,1.245056280032780238e+00,2.471670500930946845e-05
6.000000000000000000e+00,1.247433866845625072e+00,8.323902167734184405e-06
6.000000000000000000e+00,1.249811732522333463e+00,1.767343245495636144e-05
6.000000000000000000e+00,1.252189828228160717e+00,1.837544812372551807e-05
6.000000000000000000e+00,1.254568104745505508e+00,7.902461777603949616e-06
6.000000000000000000e+00,1.256946512473745337e+00,2.799298813542405959e-05
6.000000000000000000e+00,1.259323722316235017e+00,1.055479256717052803e-05
6.000000000000000000e+00,1.261702237295382556e+00,1.410598638827012843e-05
6.000000000000000000e+00,1.264080732375299165e+00,2.065887653967267399e-05
6.000000000000000000e+00,1.266457862776105170e+00,4.714177574622672420e-06
6.000000000000000000e+00,1.268836159410696496e+00,1.997055048895904355e-05
6.000000000000000000e+00,1.271214281587295547e+00,1.319627940028796409e-05
6.000000000000000000e+00,1.273592177023115557e+00,1.046487421395303733e-05
6.000000000000000000e+00,1.275969793052491141e+00,2.300890410807907997e-05
6.000000000000000000e+00,1.278348394676446675e+00,8.008348765109803231e-06
6.000000000000000000e+00,1.280725297271503527e+00,3.362948777058812034e-05
6.000000000000000000e+00,1.283104415923701946e+00,1.674941367759804809e-04
6.000000000000000000e+00,1.285481727588297707e+00,7.797004411571132872e-05
6.000000000000000000e+00,1.287859838407007906e+00,6.876701660815972672e-05
6.000000000000000000e+00,1.290237365594768537e+00,1.552693745356889418e-05
6.000000000000000000e+00,1.292615601494206734e+00,2.339707245506484262e-05
6.000000000000000000e+00,1.294993152720043783e+00,2.396923408878378836e-05
6.000000000000000000e+00,1.297371320810711826e+00,5.080842946762975362e-06
6.000000000000000000e+00,1.299750064295511320e+00,2.283679314147148907e-05
6.000000000000000000e+00,1.302127973832296837e+00,1.213340035487138511e-05
6.000000000000000000e+00,1.304504992295077548e+00,9.935842832531223661e-06
6.000000000000000000e+00,1.306883817274359982e+00,1.927827982108682437e-05
6.000000000000000000e+00,1.309261655848396488e+00,4.623419936717972195e-06
6.000000000000000000e+00,1.311639837390945473e+00,1.606562863330871044e-05
6.000000000000000000e+00,1.314016925775080002e+00,1.206557747075684845e-05
6.000000000000000000e+00,1.316395657391975726e+00,6.582868679883876865e-06
6.000000000000000000e+00,1.318773197764609995e+00,2.008575320643844110e-05
6.000000000000000000e+00,1.321150895014793214e+00,5.420133927204832823e-06
6.000000000000000000e+00,1.323530117170831355e+00,1.242640240562242552e-05
6.000000000000000000e+00,1.325907998417265699e+00,1.326348449635542416e-05
6.000000000000000000e+00,1.328285901053660734e+00,4.793357368540513817e-06
6.000000000000000000e+00,1.330663779257676982e+00,1.881870973735176684e-05
6.000000000000000000e+00,1.333041586878621620e+00,6.626240181165706051e-06
6.000000000000000000e+00,1.335419277437480678e+00,1.288322195406426394e-05
6.000000000000000000e+00,1.337796804126984540e+00,1.812640726991722212e-05
6.000000000000000000e+00,1.340175568438737086e+00,3.121452694981267573e-06
6.000000000000000000e+00,1.342552630798620195e+00,5.560691015528544418e-05
6.000000000000000000e+00,1.344930845832843502e+00,9.208017066897818972e-05
6.000000000000000000e+00,1.347308716820470487e+00,9.845449023029987680e-04
6.000000000000000000e+00,1.349687664603416160e+00,5.570253481304128984e-04
6.000000000000000000e+00,1.352064707084743578e+00,2.433034556928669295e-05
6.000000000000000000e+00,1.354442738914278577e+00,7.450139321429632576e-05
6.000000000000000000e+00,1.356821726285427188e+00,3.976508744359956476e-05
6.000000000000000000e+00,1.359198655024307145e+00,2.460773704868100901e-05
6.000000000000000000e+00,1.361576449996873439e+00,5.317910566603924606e-05
6.000000000000000000e+00,1.363955076519934195e+00,9.571086544758217348e-06
6.000000000000000000e+00,1.366332993909127991e+00,3.705417555495559728e-05
6.000000000000000000e+00,1.368710151197721991e+00,2.527462263288980489e-05
6.000000000000000000e+00,1.371089529547983243e+00,1.407486119034008008e-05
6.000000000000000000e+00,1.373466544440631543e+00,4.754988189295731682e-05
6.000000000000000000e+00,1.375844181692285284e+00,1.067740897695331440e-05
6.000000000000000000e+00,1.378222404895539377e+00,3.164685625842642827e-05
6.000000000000000000e+00,1.380601177370847310e+00,3.307186738901681558e-05
6.000000000000000000e+00,1.382978919523796035e+00,1.240318826679685185e-06
6.000000000000000000e+00,1.385357126148375695e+00,4.975049412458113261e-05
6.000000000000000000e+00,1.387734206447297503e+00,1.521340328804699843e-05
6.000000000000000000e+00,1.390113223827786459e+00,5.190356131505411704e-05
6.000000000000000000e+00,1.392491028330698821e+00,1.008509740538291295e-04
6.000000000000000000e+00,1.394869134848162107e+00,3.817924269059010408e-06
6.000000000000000000e+00,1.397245930094993760e+00,6.614147018865404589e-05
6.000000000000000000e+00,1.399624519051433369e+00,2.576891726024013238e-05
6.000000000000000000e+00,1.402003293241485871e+00,4.811109993765946017e-05
6.000000000000000000e+00,1.404380622437389370e+00,6.172664930373523409e-05
6.000000000000000000e+00,1.406758046866900980e+00,5.205491325172677139e-06
6.000000000000000000e+00,1.409137128030744313e+00,1.036681882211804739e-04
6.000000000000000000e+00,1.411514627924003840e+00,4.713353181070913540e-05
6.000000000000000000e+00,1.413892102100584580e+00,1.213107368469480837e-04
6.000000000000000000e+00,1.416271127497783944e+00,3.788389334529554961e-04
6.000000000000000000e+00,1.418648432802419590e+00,7.799107721682169795e-06
6.000000000000000000e+00,1.421025588977857357e+00,1.860948603163765534e-04
6.000000000000000000e+00,1.423404188478144317e+00,1.269095446662857340e-04
6.000000000000000000e+00,1.425782566128521500e+00,3.598588057883821546e-04
6.000000000000000000e+00,1.428160679720647197e+00,4.666402932405432210e-04
6.000000000000000000e+00,1.430538486772758411e+00,1.724142572091538503e-05
6.000000000000000000e+00,1.432915944529842500e+00,3.200541729829299315e-03
6.000000000000000000e+00,1.435294671521053944e+00,9.893810103275660003e-03
6.000000000000000000e+00,1.437671306838161023e+00,1.111955981206664591e-02
6.000000000000000000e+00,1.440050808136397853e+00,7.270834929249260330e-03
6.000000000000000000e+00,1.442428130388856866e+00,1.569701197504735912e-02
6.000000000000000000e+00,1.444806580222042447e+00,1.778958544612225731e-02
6.000000000000000000e+00,1.447184440705151953e+00,2.209114920480441391e-02
6.000000000000000000e+00,1.449561667222405870e+00,2.783439482818506755e-02
6.000000000000000000e+00,1.451939915205273879e+00,3.664285991374186674e-02
6.000000000000000000e+00,1.454317450317589300e+00,5.490395078435875154e-02
6.000000000000000000e+00,1.456695938627691200e+00,8.801608447583632311e-02
6.000000000000000000e+00,1.459073634158916555e+00,1.214702562252143320e-01
6.000000000000000000e+00,1.461452213653828158e+00,2.295955845269618406e-02
6.000000000000000000e+00,1.463829919457844797e+00,2.029272001152571461e-02
6.000000000000000000e+00,1.466208439024566657e+00,3.472431458245918423e-02
6.000000000000000000e+00,1.468586002984929362e+00,4.719836840332201217e-02
6.000000000000000000e+00,1.470964309539829262e+00,6.445090058471783512e-02
6.000000000000000000e+00,1.473341577570034255e+00,8.745643731580837743e-02
6.000000000000000000e+00,1.475719516059424974e+00,1.231066803943670351e-01
6.000000000000000000e+00,1.478098094240766214e+00,1.859688251738213227e-01
6.000000000000000000e+00,1.480475513315234082e+00,2.864726112177751194e-01
6.000000000000000000e+00,1.482853498523538649e+00,4.668705269819654613e-01
6.000000000000000000e+00,1.485232018414436084e+00,6.919418085896046344e-01
6.000000000000000000e+00,1.487609256426934090e+00,7.137118291921396018e-01
6.000000000000000000e+00,1.489986954141012232e+00,4.726840498561953319e-01
6.000000000000000000e+00,1.492365079420795659e+00,2.531930065798123630e-01
6.000000000000000000e+00,1.494743599912236265e+00,1.461171417733619082e-01
6.000000000000000000e+00,1.497120675253670763e+00,9.138219283789320024e-02
6.000000000000000000e+00,1.499499882482282054e+00,6.784749227255652826e-02
6.000000000000000000e+00,1.501877567244239930e+00,6.109762078232167798e-02
6.000000000000000000e+00,1.504255504071110305e+00,2.095932333655157673e-02
6.000000000000000000e+00,1.506633659486564580e+00,1.273712755321028574e-02
6.000000000000000000e+00,1.509011999795530246e+00,1.024178703156580772e-02
6.000000000000000000e+00,1.511388648673164026e+00,8.805606694022813721e-03
6.000000000000000000e+00,1.513767251004833225e+00,7.945734319038168583e-03
6.000000000000000000e+00,1.516145935822170943e+00,7.218605045122714926e-03
6.000000000000000000e+00,1.518522808709106275e+00,7.438369900733441190e-03
6.000000000000000000e+00,1.520901548735163589e+00,7.175195434816087313e-03
6.000000000000000000e+00,1.523278395355869286e+00,7.769553281232135893e-03
6.000000000000000000e+00,1.525657050519223512e+00,7.934283013068732168e-03
6.000000000000000000e+00,1.528035613106303980e+00,8.131073003037359373e-03
6.000000000000000000e+00,1.530412158368475106e+00,9.511396245365724353e-03
6.000000000000000000e+00,1.532790422710940126e+00,9.099588608187037658e-03
6.000000000000000000e+00,1.535168486814444622e+00,1.097917304861261226e-02
6.000000000000000000e+00,1.537546314356687649e+00,6.543713224409002062e-04
6.000000000000000000e+00,1.539925781434329011e+00,5.968270750349009834e-03
6.000000000000000000e+00,1.542303031922281464e+00,2.689053504280931200e-04
6.000000000000000000e+00,1.544679935578640473e+00,6.873113938847339854e-04
6.000000000000000000e+00,1.547058385603538921e+00,2.722763265959283140e-04
6.000000000000000000e+00,1.549436426059346950e+00,7.467254638265984979e-04
6.000000000000000000e+00,1.551814019337569794e+00,1.985245404536980368e-03
6.000000000000000000e+00,1.554193075854291672e+00,9.381840961014532398e-05
6.000000000000000000e+00,1.556571621252926807e+00,1.996975966108054188e-04
6.000000000000000000e+00,1.558949617294478562e+00,2.756327675930993792e-05
6.000000000000000000e+00,1.561327025522138312e+00,3.301981615309891040e-05
6.000000000000000000e+00,1.563703807261558554e+00,3.538889422762481684e-05
6.000000000000000000e+00,1.566081901784048602e+00,2.720776861725538866e-05
6.000000000000000000e+00,1.568461288012522381e+00,8.636963468289251774e-05
6.000000000000000000e+00,1.570837964304495848e+00,2.268280911377422817e-05
6.000000000000000000e+00,1.573215865533810209e+00,8.674161245039174067e-05
6.000000000000000000e+00,1.575594970075133272e+00,8.690254251824055273e-05
6.000000000000000000e+00,1.577973247821740976e+00,1.522486552016200740e-04
6.000000000000000000e+00,1.580350658646643147e+00,5.867670422888477452e-04
6.000000000000000000e+00,1.582729182648527688e+00,3.832386802570429078e-04
6.000000000000000000e+00,1.585106770971465240e+00,2.811393891069837413e-04
6.000000000000000000e+00,1.587483382861448522e+00,1.186554091485370803e-04
6.000000000000000000e+00,1.589863054736732062e+00,5.265962593161585640e-05
6.000000000000000000e+00,1.592239647623282961e+00,8.603432935551583844e-05
6.000000000000000000e+00,1.594619254564539901e+00,2.630856547921068739e-05
6.000000000000000000e+00,1.596995699582284045e+00,6.202105038640291670e-05
6.000000000000000000e+00,1.599375112011809597e+00,2.990633303511137123e-05
6.000000000000000000e+00,1.601751278763500652e+00,5.260354791930597315e-05
6.000000000000000000e+00,1.604130365570978434e+00,4.103280130469252402e-05
6.000000000000000000e+00,1.606508203736388474e+00,3.308251712436238728e-05
6.000000000000000000e+00,1.608886838448475576e+00,7.103083730332006459e-05
6.000000000000000000e+00,1.611264151472938666e+00,2.268349112567931582e-05
6.000000000000000000e+00,1.613642199950546807e+00,7.050006484359280865e-05
6.000000000000000000e+00,1.616020959246320388e+00,3.408116484725460876e-05
6.000000000000000000e+00,1.618398292022371621e+00,6.456445949239247265e-05
6.000000000000000000e+00,1.620776273428434777e+00,7.159240720654622115e-05
6.000000000000000000e+00,1.623154878309403193e+00,5.356127709061387916e-05
6.000000000000000000e+00,1.625531950142255599e+00,1.404040117872942643e-04
6.000000000000000000e+00,1.627909582167395008e+00,5.268347659295518156e-05
6.000000000000000000e+00,1.630287748709084994e+00,2.672969896605282072e-04
6.000000000000000000e+00,1.632666423928462507e+00,3.064113048502690290e-04
6.000000000000000000e+00,1.635043425604618017e+00,6.597165986018959944e-04
6.000000000000000000e+00,1.637420871234776421e+00,6.387623683935968449e-04
6.000000000000000000e+00,1.639798734458945972e+00,6.531166931128017171e-05
6.000000000000000000e+00,1.642176988753630829e+00,3.966614432728547582e-04
6.000000000000000000e+00,1.644555607431689159e+00,8.712243578987525236e-05
6.000000000000000000e+00,1.646934563642211913e+00,3.697147403677909371e-04
6.000000000000000000e+00,1.649311636354932720e+00,1.660894194605147859e-04
6.000000000000000000e+00,1.651688979741587904e+00,2.888032331531991325e-04
6.000000000000000000e+00,1.654066566429912566e+00,3.088130005511346716e-04
6.000000000000000000e+00,1.656446581917050409e+00,6.970372226255741317e-05
6.000000000000000000e+00,1.658824578794847904e+00,6.644970661966781347e-04
6.000000000000000000e+00,1.661200510123229890e+00,1.347189891045513896e-04
6.000000000000000000e+00,1.663578793016376123e+00,9.554363296632257998e-04
6.000000000000000000e+00,1.665957179889875128e+00,3.765496447301030754e-04
6.000000000000000000e+00,1.668335642387050344e+00,9.407372969349517538e-04
6.000000000000000000e+00,1.670714151986992135e+00,8.198555132465034333e-04
6.000000000000000000e+00,1.673090422268976418e+00,1.839221815605475126e-04
6.000000000000000000e+00,1.675468933430814822e+00,2.274887319385319150e-03
6.000000000000000000e+00,1.677847405138119141e+00,3.039835888519333259e-04
6.000000000000000000e+00,1.680225808213018368e+00,2.318889421917527584e-03
6.000000000000000000e+00,1.682604113313405536e+00,8.256518915294855984e-04
6.000000000000000000e+00,1.684982290932964144e+00,2.286322083561874788e-03
6.000000000000000000e+00,1.687360311401208346e+00,1.510861561046782445e-03
6.000000000000000000e+00,1.689738144883533133e+00,2.446254765513251449e-04
6.000000000000000000e+00,1.692115761381273620e+00,4.828858644343149258e-03
6.000000000000000000e+00,1.694493130731776098e+00,2.533860867210289882e-04
6.000000000000000000e+00,1.696870222608480416e+00,2.683060890345794185e-03
6.000000000000000000e+00,1.699249335401934236e+00,4.241820335961018649e-04
6.000000000000000000e+00,1.701628122620680639e+00,1.045099489070963096e-02
6.000000000000000000e+00,1.704004211532359703e+00,8.854041006156904842e-03
6.000000000000000000e+00,1.706382248516707056e+00,6.387011202387736508e-03
6.000000000000000000e+00,1.708759867047055625e+00,5.423297119342721136e-03
6.000000000000000000e+00,1.711139397425514685e+00,4.643971677724324787e-03
6.000000000000000000e+00,1.713516091596347435e+00,4.082992935156030435e-03
6.000000000000000000e+00,1.715894647708231302e+00,4.248127170329569872e-03
6.000000000000000000e+00,1.718272672423617475e+00,4.989849535889326164e-03
6.000000000000000000e+00,1.720650133828133255e+00,6.572778734591180894e-03
6.000000000000000000e+00,1.723029394364145483e+00,9.162173695558904762e-03
6.000000000000000000e+00,1.725405639360965360e+00,1.349195269371034241e-02
6.000000000000000000e+00,1.727783632085690080e+00,2.070475439996406070e-02
6.000000000000000000e+00,1.730163359864028916e+00,2.984178972305066152e-02
6.000000000000000000e+00,1.732539967848906848e+00,4.944630612962773453e-02
6.000000000000000000e+00,1.734918258608534103e+00,7.740017316667475999e-02
6.000000000000000000e+00,1.737295784744042226e+00,1.398685739076073742e-01
6.000000000000000000e+00,1.739674954091988246e+00,2.318353834872327324e-01
6.000000000000000000e+00,1.742053305661134033e+00,2.853328956055408150e-01
6.000000000000000000e+00,1.744430805976284748e+00,1.878009479871738108e-01
6.000000000000000000e+00,1.746807421400558225e+00,1.003001375092030800e-01
6.000000000000000000e+00,1.749185585906543050e+00,6.326568041341767978e-02
6.000000000000000000e+00,1.751565285671503824e+00,4.272354078361080554e-02
6.000000000000000000e+00,1.753941544332989544e+00,3.587588834307109398e-02
6.000000000000000000e+00,1.756319283347408389e+00,3.066833520757513906e-02
6.000000000000000000e+00,1.758698488506720947e+00,2.962355603411155613e-02
6.000000000000000000e+00,1.761076644056678076e+00,2.747046790973953212e-02
6.000000000000000000e+00,1.763453715291095847e+00,2.721450363268164072e-02
6.000000000000000000e+00,1.765832182308382903e+00,2.499213570801270268e-02
6.000000000000000000e+00,1.768209508663195706e+00,2.300778530758622667e-02
6.000000000000000000e+00,1.770588187717695883e+00,1.994135035604829853e-02
6.000000000000000000e+00,1.772965669196805205e+00,1.564161875532873308e-02
6.000000000000000000e+00,1.775344459763996241e+00,1.441569541713706194e-02
6.000000000000000000e+00,1.777721995276969613e+00,1.660659415519498763e-02
6.000000000000000000e+00,1.780100795737554753e+00,2.465000767776853036e-02
6.000000000000000000e+00,1.782478283099381056e+00,3.461112412676887323e-02
6.000000000000000000e+00,1.784856990739158489e+00,4.885316765952171791e-02
6.000000000000000000e+00,1.787234326670235962e+00,6.456724941259936457e-02
6.000000000000000000e+00,1.789612837680196966e+00,9.373806958476853246e-02
6.000000000000000000e+00,1.791989917806559918e+00,1.457739003300769498e-01
6.000000000000000000e+00,1.794368127283230807e+00,2.644069448834590955e-02
6.000000000000000000e+00,1.796744846137017459e+00,3.533331741855903763e-04
6.000000000000000000e+00,1.799122648083041343e+00,2.394950613413449406e-02
6.000000000000000000e+00,1.801501516697256555e+00,8.027668862071662493e-04
6.000000000000000000e+00,1.803878810935230392e+00,2.600480650040604743e-03
6.000000000000000000e+00,1.806257124818080539e+00,2.295940719773532338e-04
6.000000000000000000e+00,1.808636441567766484e+00,1.707261403709284600e-03
6.000000000000000000e+00,1.811014098981616804e+00,1.748130027776623044e-04
6.000000000000000000e+00,1.813392711472929353e+00,8.184152741588474967e-04
6.000000000000000000e+00,1.815769602679484063e+00,3.219755096265771105e-04
6.000000000000000000e+00,1.818147400644648304e+00,7.983848206366670917e-04
6.000000000000000000e+00,1.820526087986671593e+00,8.014802688055610658e-04
6.000000000000000000e+00,1.822902967052714596e+00,7.916870511773374443e-05
6.000000000000000000e+00,1.825280686410676978e+00,1.017564295258704303e-03
6.000000000000000000e+00,1.827659228322897844e+00,5.327729908027275293e-05
6.000000000000000000e+00,1.830038574944468310e+00,8.332708916641039850e-04
6.000000000000000000e+00,1.832416000112327747e+00,4.365505987692005352e-05
6.000000000000000000e+00,1.834794179900823385e+00,9.616182112132194617e-04
6.000000000000000000e+00,1.837170373825880221e+00,4.303172264461289313e-05
6.000000000000000000e+00,1.839550001086070585e+00,7.609406485130992218e-04
6.000000000000000000e+00,1.841927591628267580e+00,8.024866337203943715e-05
6.000000000000000000e+00,1.844305849176059109e+00,6.225741816695579568e-04
6.000000000000000000e+00,1.846682004518993780e+00,1.030190982411251119e-04
6.000000000000000000e+00,1.849061532876481451e+00,5.604722314830910606e-04
6.000000000000000000e+00,1.851438907171361503e+00,5.243183075353104400e-04
6.000000000000000000e+00,1.853816858923008848e+00,1.619126846287046167e-04
6.000000000000000000e+00,1.856195368998788231e+00,4.537752846684589558e-04
6.000000000000000000e+00,1.858574418157592278e+00,9.813569358030302143e-05
6.000000000000000000e+00,1.860951193835267858e+00,4.965188207914907016e-04
6.000000000000000000e+00,1.863328455497598846e+00,5.198552364532155304e-05
6.000000000000000000e+00,1.865706183545688734e+00,3.862741649601149395e-04
6.000000000000000000e+00,1.868084358271926204e+00,2.257429655306418360e-05
6.000000000000000000e+00,1.870462959859882535e+00,3.095644706167694242e-04
6.000000000000000000e+00,1.872841968384215239e+00,1.327237581869039488e-05
6.000000000000000000e+00,1.875218527602503737e+00,2.645136612165563546e-04
6.000000000000000000e+00,1.877598282584272082e+00,1.656982564550246747e-05
6.000000000000000000e+00,1.879975533445847002e+00,2.009056105406670971e-04
6.000000000000000000e+00,1.882353096003137383e+00,2.113893793829999825e-05
6.000000000000000000e+00,1.884730949754881424e+00,1.542957755074206359e-04
6.000000000000000000e+00,1.887109074090651539e+00,8.202589582537579520e-05
6.000000000000000000e+00,1.889487448290790628e+00,5.502905522798222620e-05
6.000000000000000000e+00,1.891866051526354786e+00,8.374316673788925725e-05
6.000000000000000000e+00,1.894241968814363020e+00,3.403333220175144965e-05
6.000000000000000000e+00,1.896620959922661109e+00,9.933060339176675365e-05
6.000000000000000000e+00,1.899000116913673875e+00,2.207586643044758855e-05
6.000000000000000000e+00,1.901376502634666066e+00,1.870618643982166636e-04
6.000000000000000000e+00,1.903755920179471373e+00,1.483559345082681306e-05
6.000000000000000000e+00,1.906132508977648854e+00,3.577936822965586288e-04
6.000000000000000000e+00,1.908512101096307090e+00,9.817316087705916860e-06
6.000000000000000000e+00,1.910888806516348737e+00,7.163439899563933720e-04
6.000000000000000000e+00,1.913265533887637870e+00,1.476042507249079424e-05
6.000000000000000000e+00,1.915645221064280479e+00,1.141970779457150481e-03
6.000000000000000000e+00,1.918021933723900396e+00,5.201041186037480313e-05
6.000000000000000000e+00,1.920401576683357536e+00,1.268858602705317390e-03
6.000000000000000000e+00,1.922778185987368271e+00,9.181086912496634926e-05
6.000000000000000000e+00,1.925157695683840764e+00,1.170550689613650925e-03
6.000000000000000000e+00,1.927534112112835318e+00,1.061325236561633326e-04
6.000000000000000000e+00,1.929913398624609977e+00,6.625482976605899695e-04
6.000000000000000000e+00,1.932289531783984105e+00,3.113274300930670866e-04
6.000000000000000000e+00,1.934668504313772353e+00,2.429164029041420460e-04
6.000000000000000000e+00,1.937047289244272052e+00,1.752903963476338416e-04
6.000000000000000000e+00,1.939422829809603455e+00,1.581305859903569112e-04
6.000000000000000000e+00,1.941801162930054447e+00,1.444215190554446132e-04
6.000000000000000000e+00,1.944179239057897579e+00,1.146874959313557774e-04
6.000000000000000000e+00,1.946557034846245759e+00,1.190581072044108463e-04
6.000000000000000000e+00,1.948937590416296883e+00,9.340232617161322172e-05
6.000000000000000000e+00,1.951314762526208613e+00,1.422772374502349641e-04
6.000000000000000000e+00,1.953691583608964111e+00,6.823739543856530609e-05
6.000000000000000000e+00,1.956071115926188098e+00,1.569757977332541360e-04
6.000000000000000000e+00,1.958447170997391629e+00,6.072531870331396894e-05
6.000000000000000000e+00,1.960825904438677769e+00,1.985298528028954632e-04
6.000000000000000000e+00,1.963204206118381423e+00,4.160914821241097302e-05
6.000000000000000000e+00,1.965582051840911504e+00,2.479685081852253409e-04
6.000000000000000000e+00,1.967959417301841540e+00,3.247470649096185732e-05
6.000000000000000000e+00,1.970339409318672352e+00,2.693619759837511448e-04
6.000000000000000000e+00,1.972715748465783570e+00,2.756676718730472576e-05
6.000000000000000000e+00,1.975094680156374904e+00,2.800610872044215953e-04
6.000000000000000000e+00,1.977473048443104009e+00,3.332178089111122925e-05
6.000000000000000000e+00,1.979850828500714810e+00,2.881538270385555094e-04
6.000000000000000000e+00,1.982227995395533071e+00,5.666070891275827874e-05
6.000000000000000000e+00,1.984604524085609167e+00,4.517904442381977508e-04
6.000000000000000000e+00,1.986983573776171186e+00,4.385618262580853391e-05
6.000000000000000000e+00,1.989361950099164611e+00,3.286659782145913726e-04
6.000000000000000000e+00,1.991739627709276261e+00,3.016226447934288618e-05
6.000000000000000000e+00,1.994116581153200896e+00,3.072060082754895865e-04
6.000000000000000000e+00,1.996495999787446962e+00,1.729468622170867909e-05
6.000000000000000000e+00,1.998874658345563660e+00,3.007486754037861092e-04
6.000000000000000000e+00,2.001252531070988550e+00,1.383154837479877661e-05
6.000000000000000000e+00,2.003629592099526402e+00,2.642992189260792084e-04
6.000000000000000000e+00,2.006009061087529410e+00,1.016662156433127212e-05
6.000000000000000000e+00,2.008384428391164267e+00,2.984931532904068876e-04
6.000000000000000000e+00,2.010762166794522354e+00,9.843637090116939408e-06
6.000000000000000000e+00,2.013142273146784511e+00,2.681040932300449609e-04
6.000000000000000000e+00,2.015518191284053184e+00,9.406642212512039133e-06
6.000000000000000000e+00,2.017896439964003363e+00,3.129330852429202466e-04
6.000000000000000000e+00,2.020273723858567294e+00,7.199376918999020695e-06
6.000000000000000000e+00,2.022653315995031953e+00,2.992789180486140612e-04
6.000000000000000000e+00,2.025031905392828957e+00,7.773301309516674170e-06
6.000000000000000000e+00,2.027409465173173775e+00,3.623930332918551918e-04
6.000000000000000000e+00,2.029785968350953596e+00,5.860774893650804369e-06
6.000000000000000000e+00,2.032164718651917390e+00,3.270174127230773701e-04
6.000000000000000000e+00,2.034542373648666747e+00,8.112548086017449712e-06
6.000000000000000000e+00,2.036922252485694695e+00,3.594991115719388028e-04
6.000000000000000000e+00,2.039297642718866488e+00,1.079834090563390597e-05
6.000000000000000000e+00,2.041678579620796796e+00,4.546363585548762894e-04
6.000000000000000000e+00,2.044054972850176011e+00,2.076202093071052927e-05
6.000000000000000000e+00,2.046433526721744833e+00,4.104766388302026094e-04
6.000000000000000000e+00,2.048810851376187347e+00,2.604610401598592625e-05
6.000000000000000000e+00,2.051190312403015081e+00,6.007008149036733137e-04
6.000000000000000000e+00,2.053568504069569922e+00,5.365809937288223085e-05
6.000000000000000000e+00,2.055945398294015458e+00,5.225746733324997161e-04
6.000000000000000000e+00,2.058324384012754305e+00,1.665454560855974696e-04
6.000000000000000000e+00,2.060702031599246808e+00,1.277543369992071177e-03
6.000000000000000000e+00,2.063078312672746772e+00,1.607411747073717772e-04
6.000000000000000000e+00,2.065456639593524102e+00,1.069074722351029188e-03
6.000000000000000000e+00,2.067833558764816893e+00,1.663971913585821083e-02
6.000000000000000000e+00,2.070212498216723152e+00,2.298837250853962011e-02
6.000000000000000000e+00,2.072589988335185041e+00,3.645680104202982108e-02
6.000000000000000000e+00,2.074969472860463071e+00,5.772317256905604155e-02
6.000000000000000000e+00,2.077347466120683439e+00,8.375910123021473863e-02
6.000000000000000000e+00,2.079723939049616721e+00,1.173569425880220951e-01
6.000000000000000000e+00,2.082102359006916092e+00,1.545756712225125895e-01
6.000000000000000000e+00,2.084479216156104542e+00,2.014302271871114269e-01
6.000000000000000000e+00,2.086857993654473997e+00,2.357889341810985306e-01
6.000000000000000000e+00,2.089235165520535009e+00,2.565360580160550574e-01
6.000000000000000000e+00,2.091614230747953052e+00,2.330580965273620908e-01
6.000000000000000000e+00,2.093991647171488779e+00,1.883817750403228852e-01
6.000000000000000000e+00,2.096370929659487015e+00,1.277883566444694419e-01
6.000000000000000000e+00,2.098748519824702452e+00,8.557049339005384780e-02
6.000000000000000000e+00,2.101127948448022309e+00,5.314993667674276084e-02
6.000000000000000000e+00,2.103505640882435745e+00,3.773746312047317197e-02
6.000000000000000000e+00,2.105881566995955634e+00,2.836633905119043120e-02
6.000000000000000000e+00,2.108259281488489290e+00,2.675012473904779531e-02
6.000000000000000000e+00,2.110638778281487493e+00,2.568179110084249650e-02
6.000000000000000000e+00,2.113016450109418187e+00,2.855968228713069018e-02
6.000000000000000000e+00,2.115395875701245210e+00,2.999635466024349467e-02
6.000000000000000000e+00,2.117773431421519081e+00,3.561403436038172721e-02
6.000000000000000000e+00,2.120149086564412588e+00,4.019041101278689188e-02
6.000000000000000000e+00,2.122526443941901597e+00,4.939085011340994813e-02
6.000000000000000000e+00,2.124905497063319437e+00,5.880643131543523972e-02
6.000000000000000000e+00,2.127282589459348561e+00,7.268592662199974130e-02
6.000000000000000000e+00,2.129661348130645226e+00,7.999698705691569989e-02
6.000000000000000000e+00,2.132041766401622240e+00,8.060916719328166391e-02
6.000000000000000000e+00,2.134416488630205944e+00,6.711374414266264854e-02
6.000000000000000000e+00,2.136796506809325980e+00,5.642690006110124418e-02
6.000000000000000000e+00,2.139174456954846537e+00,4.159446466698210609e-02
6.000000000000000000e+00,2.141550307510549533e+00,2.348384950240644652e-03
6.000000000000000000e+00,2.143931441358600143e+00,1.953696361307242363e-03
6.000000000000000000e+00,2.146306729584555040e+00,1.400939275970838113e-03
6.000000000000000000e+00,2.148687286870718527e+00,1.539618878983537570e-04
6.000000000000000000e+00,2.151065666753996908e+00,3.005991474279446078e-04
6.000000000000000000e+00,2.153441837210316567e+00,5.054226194752413538e-05
6.000000000000000000e+00,2.155819514621453603e+00,1.365636819078151808e-04
6.000000000000000000e+00,2.158198691568031347e+00,2.336449675527651630e-05
6.000000000000000000e+00,2.160575595509616864e+00,1.280696217082023585e-04
6.000000000000000000e+00,2.162953967401529898e+00,3.345153146905650339e-05
6.000000000000000000e+00,2.165330017974534726e+00,1.465421312595827595e-04
6.000000000000000000e+00,2.167711294571818659e+00,7.015951549417763489e-05
6.000000000000000000e+00,2.170086419534671851e+00,1.696586622687505490e-04
6.000000000000000000e+00,2.172466754975850289e+00,1.427839737193968388e-04
6.000000000000000000e+00,2.174844688110332491e+00,1.913736193782567712e-04
6.000000000000000000e+00,2.177220185986402434e+00,2.166498386576763105e-04
6.000000000000000000e+00,2.179600878863794833e+00,1.167701940336008678e-04
6.000000000000000000e+00,2.181979103711777057e+00,2.501706778263306798e-04
6.000000000000000000e+00,2.184354827302986468e+00,1.030895239822264249e-04
6.000000000000000000e+00,2.186731873089897693e+00,2.002055073637799614e-04
6.000000000000000000e+00,2.189110232802705447e+00,1.289557531688707371e-04
6.000000000000000000e+00,2.191489898121623092e+00,4.429219104593562191e-04
6.000000000000000000e+00,2.193866978681393132e+00,2.804436966229571391e-04
6.000000000000000000e+00,2.196245331200582740e+00,1.632904820645911161e-03
6.000000000000000000e+00,2.198624947167761245e+00,1.654439085306546068e-03
6.000000000000000000e+00,2.201001910734452061e+00,2.790325162354416553e-03
6.000000000000000000e+00,2.203380103664479339e+00,3.983378757902448358e-03
6.000000000000000000e+00,2.205755593071625942e+00,6.547071089157006918e-02
6.000000000000000000e+00,2.208136210091760532e+00,7.927361829502073409e-02
6.000000000000000000e+00,2.210514089066549559e+00,1.007362409079646248e-01
6.000000000000000000e+00,2.212889195676467580e+00,1.121903484641589011e-01
6.000000000000000000e+00,2.215269411685253598e+00,1.309505575432413638e-01
6.000000000000000000e+00,2.217646820369182592e+00,1.401750282725214014e-01
6.000000000000000000e+00,2.220025362245094058e+00,1.577769666534120929e-01
6.000000000000000000e+00,2.222401044539729753e+00,1.607180370685920012e-01
6.000000000000000000e+00,2.224781816787405386e+00,1.566614036803262167e-01
6.000000000000000000e+00,2.227159693927706297e+00,1.454408710602712596e-01
6.000000000000000000e+00,2.229538650259491828e+00,1.283588827421351941e-01
6.000000000000000000e+00,2.231914658585150590e+00,1.174733296809043898e-01
6.000000000000000000e+00,2.234291710139395537e+00,1.010753283869273988e-01
6.000000000000000000e+00,2.236669795394403248e+00,9.140096830108607184e-02
6.000000000000000000e+00,2.239048904770509107e+00,7.925974444736191837e-02
6.000000000000000000e+00,2.241424976510854261e+00,7.032774777795576526e-02
6.000000000000000000e+00,2.243806096568353503e+00,6.347072821724686342e-02
6.000000000000000000e+00,2.246184142332022571e+00,6.010702674065902112e-02
6.000000000000000000e+00,2.248559078140137224e+00,6.102098091566258986e-02
6.000000000000000000e+00,2.250939041398960061e+00,6.067720660900394192e-02
6.000000000000000000e+00,2.253315857608640727e+00,6.298312255568193352e-02
6.000000000000000000e+00,2.255693594709365701e+00,6.013191313268641258e-02
6.000000000000000000e+00,2.258072242628007320e+00,5.747557744281802522e-02
6.000000000000000000e+00,2.260451791238908381e+00,5.333751933626896397e-02
6.000000000000000000e+00,2.262828100482377369e+00,4.353817470698484460e-02
6.000000000000000000e+00,2.265205272630280042e+00,4.133083782214552748e-02
6.000000000000000000e+00,2.267583297361956962e+00,3.301920269078306713e-02
6.000000000000000000e+00,2.269962164303962027e+00,1.514388211502149537e-03
6.000000000000000000e+00,2.272341863029972320e+00,1.624180734682555702e-03
6.000000000000000000e+00,2.274718209664019053e+00,1.369765995105506895e-03
6.000000000000000000e+00,2.277095349600728014e+00,2.099993184724159936e-04
6.000000000000000000e+00,2.279473272218509372e+00,2.830429800848429864e-04
6.000000000000000000e+00,2.281851966842678436e+00,9.195524370987650815e-05
6.000000000000000000e+00,2.284231422745374829e+00,1.859790473500866500e-04
6.000000000000000000e+00,2.286607412008805351e+00,1.227206948656096766e-04
6.000000000000000000e+00,2.288984123377203694e+00,1.750218327760473980e-04
6.000000000000000000e+00,2.291365780618124681e+00,1.891958483878285158e-04
6.000000000000000000e+00,2.293743912168016763e+00,9.529261350683227274e-05
6.000000000000000000e+00,2.296118480612924895e+00,3.382066883660210521e-04
6.000000000000000000e+00,2.298497970634805210e+00,1.065282876610794665e-04
6.000000000000000000e+00,2.300878127611091895e+00,1.866413999409296891e-04
6.000000000000000000e+00,2.303254661586480623e+00,2.426879898994401712e-04
6.000000000000000000e+00,2.305631822391659203e+00,9.673756510503051117e-05
6.000000000000000000e+00,2.308009598693951503e+00,2.694809376517489979e-04
6.000000000000000000e+00,2.310387979106963030e+00,1.234722553411194638e-04
6.000000000000000000e+00,2.312766952190511649e+00,1.708748146635498942e-04
6.000000000000000000e+00,2.315142183405042520e+00,1.938988977382688614e-04
6.000000000000000000e+00,2.317522298400336744e+00,1.434700516751137394e-04
6.000000000000000000e+00,2.319898630583908439e+00,2.964866131862334991e-04
6.000000000000000000e+00,2.322279841038421555e+00,1.277778484249052075e-04
6.000000000000000000e+00,2.324657227477955335e+00,1.933129959250242617e-04
6.000000000000000000e+00,2.327035118932285318e+00,1.725388979641000707e-04
6.000000000000000000e+00,2.329413503549994768e+00,6.923079744591258014e-05
6.000000000000000000e+00,2.331787983991368662e+00,1.387089207121060307e-04
6.000000000000000000e+00,2.334167310210840451e+00,5.087809073790060157e-05
6.000000000000000000e+00,2.336547093703715827e+00,3.875298683443027760e-05
6.000000000000000000e+00,2.338922910089027418e+00,5.999413798698088613e-05
6.000000000000000000e+00,2.341303562883347844e+00,1.994956403174796147e-05
6.000000000000000000e+00,2.343680206292833024e+00,4.690793499094754308e-05
6.000000000000000000e+00,2.346057240367172003e+00,4.846551309199634424e-05
6.000000000000000000e+00,2.348434652788937260e+00,2.426222412293748974e-05
6.000000000000000000e+00,2.350812431186368734e+00,9.367832450492296660e-05
6.000000000000000000e+00,2.353190563133336077e+00,3.776619127360593284e-05
6.000000000000000000e+00,2.355569036149298690e+00,7.917509227642380678e-05
6.000000000000000000e+00,2.357947837699267524e+00,1.154156670756245888e-04
6.000000000000000000e+00,2.360326955193766896e+00,3.888525247872696262e-05
6.000000000000000000e+00,2.362701873503119110e+00,1.372461476917877753e-04
6.000000000000000000e+00,2.365081575825791482e+00,7.115294079444762110e-05
6.000000000000000000e+00,2.367461555987104838e+00,5.462101611207981439e-05
6.000000000000000000e+00,2.369837271457410743e+00,1.103435401438281538e-04
6.000000000000000000e+00,2.372213220904162867e+00,1.381288267956046802e-05
6.000000000000000000e+00,2.374593939286923305e+00,6.376535265204880858e-05
6.000000000000000000e+00,2.376970326898085517e+00,5.319830191154495988e-05
6.000000000000000000e+00,2.379346909490778650e+00,1.615876464505973674e-05
6.000000000000000000e+00,2.381728249229686956e+00,6.892297537454019740e-05
6.000000000000000000e+00,2.384105191535353274e+00,1.922825224705234016e-05
6.000000000000000000e+00,2.386482289336266938e+00,3.239177583697685901e-05
6.000000000000000000e+00,2.388859529357821643e+00,5.411646127692008434e-05
6.000000000000000000e+00,2.391236898270765909e+00,1.361521726791448955e-05
6.000000000000000000e+00,2.393619003764643427e+00,4.166274379377809633e-05
6.000000000000000000e+00,2.395996599438805941e+00,4.892662635149279919e-05
6.000000000000000000e+00,2.398374283698073040e+00,1.781580419535879874e-05
6.000000000000000000e+00,2.400752042994434454e+00,5.651422094050435755e-05
6.000000000000000000e+00,2.403129863725176119e+00,3.532225390586069702e-05
6.000000000000000000e+00,2.405507732232872620e+00,3.037981396552964357e-05
6.000000000000000000e+00,2.407885634805378317e+00,6.091203273688258367e-05
6.000000000000000000e+00,2.410263557675826007e+00,3.270879418605128616e-05
6.000000000000000000e+00,2.412641487022620712e+00,5.192998219029641070e-05
6.000000000000000000e+00,2.415019408969439230e+00,6.717795226711007969e-05
6.000000000000000000e+00,2.417397309585231913e+00,2.414732245076001296e-05
6.000000000000000000e+00,2.419775174884221780e+00,7.282337131845244358e-05
6.000000000000000000e+00,2.422152990825908514e+00,6.917182115948031684e-05
6.000000000000000000e+00,2.424530743315073789e+00,4.318747906936701308e-05
6.000000000000000000e+00,2.426908418201789264e+00,8.864072879288628800e-05
6.000000000000000000e+00,2.429286001281421470e+00,6.534007857294749989e-05
6.000000000000000000e+00,2.431663478294642911e+00,4.518987571279159204e-05
6.000000000000000000e+00,2.434040834927446273e+00,9.480074649184095758e-05
6.000000000000000000e+00,2.436422844634672291e+00,5.790898017921938075e-05
6.000000000000000000e+00,2.438799926692925002e+00,3.946439369067625085e-05
6.000000000000000000e+00,2.441176845109251925e+00,8.203942585450598791e-05
6.000000000000000000e+00,2.443553585351005086e+00,5.649746603844609303e-05
6.000000000000000000e+00,2.445930132830938852e+00,3.161190527294896929e-05
6.000000000000000000e+00,2.448311307568818762e+00,6.606789892638680810e-05
6.000000000000000000e+00,2.450687434933867870e+00,6.174962756728044470e-05
6.000000000000000000e+00,2.453068178922694020e+00,2.560690542426070465e-05
6.000000000000000000e+00,2.455443827201868601e+00,5.352783009264238691e-05
6.000000000000000000e+00,2.457824081285056472e+00,5.348552225262092388e-05
6.000000000000000000e+00,2.460199191070725266e+00,2.095180185312014710e-05
6.000000000000000000e+00,2.462578895654787381e+00,3.794519685247083057e-05
6.000000000000000000e+00,2.464958307733604137e+00,4.708465345108406698e-05
6.000000000000000000e+00,2.467332502158201546e+00,1.790725181166727504e-05
6.000000000000000000e+00,2.469711274537423229e+00,2.875702473353766936e-05
6.000000000000000000e+00,2.472089709077717856e+00,4.590683574887734772e-05
6.000000000000000000e+00,2.474467790561501790e+00,1.917039351075238617e-05
6.000000000000000000e+00,2.476845503716746499e+00,2.343084166013062277e-05
6.000000000000000000e+00,2.479222833217026967e+00,5.072945604979987476e-05
6.000000000000000000e+00,2.481599763681567428e+00,2.393426638274805200e-05
6.000000000000000000e+00,2.483981256237295376e+00,2.621858221063556995e-05
6.000000000000000000e+00,2.486357351796226300e+00,5.673843355712481038e-05
6.000000000000000000e+00,2.488737997498906118e+00,3.211674556275397220e-05
6.000000000000000000e+00,2.491113196007286756e+00,3.110420570473711752e-05
6.000000000000000000e+00,2.493492932524325134e+00,7.135377100711510568e-05
6.000000000000000000e+00,2.495872195725481024e+00,4.381546880687487127e-05
6.000000000000000000e+00,2.498245935968249398e+00,5.475193750492792855e-05
6.000000000000000000e+00,2.500624195678618378e+00,1.331769169213745346e-04
6.000000000000000000e+00,2.503001934687554719e+00,6.846088858382187118e-05
6.000000000000000000e+00,2.505384199785404054e+00,2.062653996644023182e-03
6.000000000000000000e+00,2.507760859244102747e+00,1.391018085572848662e-03
6.000000000000000000e+00,2.510136950143142087e+00,3.301232476161600898e-03
6.000000000000000000e+00,2.512517547981021337e+00,4.032382433224099109e-03
6.000000000000000000e+00,2.514892463148078239e+00,4.642184921328647643e-03
6.000000000000000000e+00,2.517271872260600674e+00,5.843808880097911898e-03
6.000000000000000000e+00,2.519650667552726819e+00,6.881161909671681953e-03
6.000000000000000000e+00,2.522028832766149087e+00,7.322108810935193911e-03
6.000000000000000000e+00,2.524406351588751818e+00,7.971215911601058773e-03
6.000000000000000000e+00,2.526783207654688557e+00,8.435825985574740837e-03
6.000000000000000000e+00,2.529159384544463762e+00,8.207403513225342701e-03
6.000000000000000000e+00,2.531540034735527911e+00,8.116939386685621122e-03
6.000000000000000000e+00,2.533914813502587737e+00,8.208793908536423864e-03
6.000000000000000000e+00,2.536294051902468372e+00,8.221025428981718064e-03
6.000000000000000000e+00,2.538672564369699458e+00,7.994837596582198003e-03
6.000000000000000000e+00,2.541050334235800179e+00,8.072788744208043293e-03
6.000000000000000000e+00,2.543427344778853350e+00,8.482110195474771089e-03
6.000000000000000000e+00,2.545808806606810748e+00,8.511302949827792910e-03
6.000000000000000000e+00,2.548184257884455128e+00,8.154251962142821525e-03
6.000000000000000000e+00,2.550564146289386880e+00,5.287123816027674596e-03
6.000000000000000000e+00,2.552943227520946490e+00,7.663507980059720837e-03
6.000000000000000000e+00,2.555321484608414462e+00,9.104019733076511908e-04
6.000000000000000000e+00,2.557698900527907160e+00,2.777121436834354838e-04
6.000000000000000000e+00,2.560075458202479837e+00,5.305956301092604752e-04
6.000000000000000000e+00,2.562451140502226998e+00,1.162933993957006816e-04
6.000000000000000000e+00,2.564831236037994344e+00,5.997105015129332761e-05
6.000000000000000000e+00,2.567210441454971015e+00,1.476689990020978930e-04
6.000000000000000000e+00,2.569588739480965334e+00,1.697783814327163987e-04
6.000000000000000000e+00,2.571966112790943892e+00,1.581008901036927590e-04
6.000000000000000000e+00,2.574342544007147904e+00,4.440111554410813269e-05
6.000000000000000000e+00,2.576723370808659652e+00,8.385737349281338485e-05
6.000000000000000000e+00,2.579097875367938553e+00,4.121903398791522703e-04
6.000000000000000000e+00,2.581476760275176030e+00,3.598882116182968273e-04
6.000000000000000000e+00,2.583854652848235123e+00,9.153804625719294443e-05
6.000000000000000000e+00,2.586231535461967379e+00,4.979660356081997558e-03
6.000000000000000000e+00,2.588612795081014717e+00,4.647591164166662431e-03
6.000000000000000000e+00,2.590987614612529910e+00,4.553109969148302905e-03
6.000000000000000000e+00,2.593366795512073164e+00,4.423591648432320146e-03
6.000000000000000000e+00,2.595744915317689472e+00,4.272776691033660680e-03
6.000000000000000000e+00,2.598121956157397161e+00,3.925204961184146010e-03
6.000000000000000000e+00,2.600497900107185067e+00,3.524760623430674318e-03
6.000000000000000000e+00,2.602878193565458798e+00,3.234444215102171699e-03
6.000000000000000000e+00,2.605257374095403922e+00,3.024878933050820576e-03
6.000000000000000000e+00,2.607635423630717320e+00,2.820401880412711643e-03
6.000000000000000000e+00,2.610012324053281763e+00,2.571670090134510825e-03
6.000000000000000000e+00,2.612388057193310686e+00,2.364263897613061698e-03
6.000000000000000000e+00,2.614768119240192146e+00,2.224478900978079689e-03
6.000000000000000000e+00,2.617146997564059774e+00,2.108180953558296856e-03
6.000000000000000000e+00,2.619524673852972718e+00,1.929288563541609134e-03
6.000000000000000000e+00,2.621901129743555270e+00,1.692549611574907043e-03
6.000000000000000000e+00,2.624281901432961472e+00,1.599726094283611399e-03
6.000000000000000000e+00,2.626655871285938915e+00,2.233041733975090403e-04
6.000000000000000000e+00,2.629034140094493655e+00,4.520208689243381884e-05
6.000000000000000000e+00,2.631416719546495031e+00,1.001580992477769980e-05
6.000000000000000000e+00,2.633792431410708623e+00,8.624838911382817265e-05
6.000000000000000000e+00,2.636172436860944934e+00,1.345332763053657071e-04
6.000000000000000000e+00,2.638545517161249965e+00,1.004358342136344058e-04
6.000000000000000000e+00,2.640928499105384297e+00,4.488760059762328988e-05
6.000000000000000000e+00,2.643304518349861354e+00,2.921243098457094911e-05
6.000000000000000000e+00,2.645684816809926954e+00,8.062097495096118781e-05
6.000000000000000000e+00,2.648058094547728558e+00,2.956485453460482721e-03
6.000000000000000000e+00,2.650435633945297020e+00,2.526716987922994311e-03
6.000000000000000000e+00,2.652817446491849473e+00,4.552145107931030062e-03
6.000000000000000000e+00,2.655192171178932803e+00,4.931619594175418002e-03
6.000000000000000000e+00,2.657571151243650398e+00,5.223222578941685845e-03
6.000000000000000000e+00,2.659948691486012429e+00,5.381378060157689623e-03
6.000000000000000000e+00,2.662330489570499559e+00,5.279507700751982606e-03
6.000000000000000000e+00,2.664705102769717726e+00,5.122636715417704968e-03
6.000000000000000000e+00,2.667083955729373734e+00,4.889270544565961149e-03
6.000000000000000000e+00,2.669461312276356413e+00,4.877606564363261461e-03
6.000000000000000000e+00,2.671837153036051848e+00,4.996102009584388499e-03
6.000000000000000000e+00,2.674217226595466013e+00,5.183320044969733607e-03
6.000000000000000000e+00,2.676595765975274599e+00,5.471395992619307487e-03
6.000000000000000000e+00,2.678972751659991935e+00,5.493125106829708885e-03
6.000000000000000000e+00,2.681353962923400225e+00,5.799948794293777535e-03
6.000000000000000000e+00,2.683727792746523733e+00,5.060361417723681365e-03
6.000000000000000000e+00,2.686105829445210702e+00,6.285933804812542623e-03
6.000000000000000000e+00,2.688488084212449003e+00,5.776160255486826808e-03
6.000000000000000000e+00,2.690862888123974894e+00,9.393767715124006097e-05
6.000000000000000000e+00,2.693241891183510539e+00,2.560003674490247006e-04
6.000000000000000000e+00,2.695619243808531795e+00,1.778064992446770371e-04
6.000000000000000000e+00,2.697994926104692492e+00,1.896007665977149685e-04
6.000000000000000000e+00,2.700374799530429026e+00,1.135873754274432923e-04
6.000000000000000000e+00,2.702752983395575903e+00,8.474162968194724353e-05
6.000000000000000000e+00,2.705129457665879755e+00,3.958836333966650098e-05
6.000000000000000000e+00,2.707510114782492927e+00,2.281979627064260901e-05
6.000000000000000000e+00,2.709889042854494612e+00,1.012084410718123854e-05
6.000000000000000000e+00,2.712266221707900993e+00,1.022208593864069440e-05
6.000000000000000000e+00,2.714641631120770615e+00,1.659484366489731612e-05
6.000000000000000000e+00,2.717021204959639391e+00,3.058947200300460122e-05
6.000000000000000000e+00,2.719398989596979010e+00,3.177841313395388594e-05
6.000000000000000000e+00,2.721774964671693997e+00,4.241813690177372351e-05
6.000000000000000000e+00,2.724155095219163325e+00,3.598928660796045883e-05
6.000000000000000000e+00,2.726533396224594785e+00,3.430771848959085019e-05
6.000000000000000000e+00,2.728909847187990234e+00,2.035705045082020987e-05
6.000000000000000000e+00,2.731290444402350470e+00,1.365361669683517409e-05
6.000000000000000000e+00,2.733669171376605700e+00,5.231951816571480177e-06
6.000000000000000000e+00,2.736046007472129116e+00,3.611276069465834619e-06
6.000000000000000000e+00,2.738420932003415853e+00,8.672766257816411957e-06
6.000000000000000000e+00,2.740799983049091892e+00,1.643040235068377297e-05
6.000000000000000000e+00,2.743177102021586489e+00,2.620636087027885942e-05
6.000000000000000000e+00,2.745558347964158319e+00,3.249901524015896294e-05
6.000000000000000000e+00,2.747937641197727654e+00,3.614354284278346294e-05
6.000000000000000000e+00,2.750314960807459741e+00,3.186528814079054542e-05
6.000000000000000000e+00,2.752690285832279038e+00,2.497082188625393269e-05
6.000000000000000000e+00,2.755069717329380996e+00,1.421000245983710406e-05
6.000000000000000000e+00,2.757447133295085617e+00,1.459257327626537192e-05
6.000000000000000000e+00,2.759822512631141755e+00,1.116430370010688737e-05
6.000000000000000000e+00,2.762201987996263153e+00,1.179689737182134876e-05
6.000000000000000000e+00,2.764579405566437664e+00,9.165179111072547599e-06
6.000000000000000000e+00,2.766960919131962182e+00,9.834077588418445304e-06
6.000000000000000000e+00,2.769334167959193405e+00,9.192148213879072739e-06
6.000000000000000000e+00,2.771717687672561325e+00,8.433978383742853075e-06
6.000000000000000000e+00,2.774092899949887059e+00,8.382566339779460874e-06
6.000000000000000000e+00,2.776472186575843271e+00,5.660330361064382295e-06
6.000000000000000000e+00,2.778849329813015245e+00,7.300765722819971521e-06
6.000000000000000000e+00,2.781224308154069291e+00,6.764012479499191254e-06
6.000000000000000000e+00,2.783603349577585373e+00,9.442951018377589536e-06
6.000000000000000000e+00,2.785980204283322159e+00,9.418187364903318496e-06
6.000000000000000000e+00,2.788361121540816612e+00,1.419446387937536196e-05
6.000000000000000000e+00,2.790739830130332333e+00,1.424557219658969245e-05
6.000000000000000000e+00,2.793116308318245977e+00,2.362678234090453673e-05
6.000000000000000000e+00,2.795496837376052479e+00,2.398307418955800100e-05
6.000000000000000000e+00,2.797875113863212526e+00,4.021846116996371476e-05
6.000000000000000000e+00,2.800251115911298605e+00,3.925480303785655584e-05
6.000000000000000000e+00,2.802631156870153184e+00,1.014023286647967967e-04
6.000000000000000000e+00,2.805008901002245647e+00,9.874053120308884694e-05
6.000000000000000000e+00,2.807384326304926958e+00,1.011272892468273454e-03
6.000000000000000000e+00,2.809763778281390234e+00,9.481358450252204938e-04
6.000000000000000000e+00,2.812140888822362683e+00,1.358797284804530350e-03
6.000000000000000000e+00,2.814515635791587478e+00,1.314954059776627998e-03
6.000000000000000000e+00,2.816894396919202848e+00,1.317955457470993373e-03
6.000000000000000000e+00,2.819277182391831005e+00,1.273405325287761160e-03
6.000000000000000000e+00,2.821651159259273456e+00,1.246730472709181841e-03
6.000000000000000000e+00,2.824029137518142551e+00,1.206935133077776572e-03
6.000000000000000000e+00,2.826411127293623426e+00,1.173766569528033373e-03
6.000000000000000000e+00,2.828784230557050972e+00,1.154761195061602963e-03
6.000000000000000000e+00,2.831161322165572702e+00,1.118034251172746185e-03
6.000000000000000000e+00,2.833542412182134651e+00,1.113799472019961915e-03
6.000000000000000000e+00,2.835921024016914149e+00,1.753915669908240576e-04
6.000000000000000000e+00,2.838297135088118761e+00,1.559055180019758866e-04
6.000000000000000000e+00,2.840677231205615438e+00,2.135480569843786034e-05
6.000000000000000000e+00,2.843054803040627743e+00,2.434133990509119454e-05
6.000000000000000000e+00,2.845429827880051832e+00,1.747494475785714717e-05
6.000000000000000000e+00,2.847808824123101878e+00,2.237053715526960947e-05
6.000000000000000000e+00,2.850185249634491935e+00,1.911636795601393609e-05
6.000000000000000000e+00,2.852565644594050376e+00,1.977644251669901282e-05
6.000000000000000000e+00,2.854943444955898801e+00,2.097072548086363725e-05
6.000000000000000000e+00,2.857318627786822773e+00,2.022447672481152779e-05
6.000000000000000000e+00,2.859697765996172869e+00,2.012126054561279390e-05
6.000000000000000000e+00,2.862080869472485301e+00,1.847323711617975984e-05
6.000000000000000000e+00,2.864454712355927857e+00,1.971177937835791064e-05
6.000000000000000000e+00,2.866832496293459265e+00,1.447842736738074471e-05
6.000000000000000000e+00,2.869214231107640511e+00,1.422892260923865620e-05
6.000000000000000000e+00,2.871586624881306449e+00,9.498379604224877615e-06
6.000000000000000000e+00,2.873969606985570024e+00,6.875143599440992364e-06
6.000000000000000000e+00,2.876343201527446158e+00,5.341580277635358729e-06
6.000000000000000000e+00,2.878720719985517373e+00,3.292063667866352730e-06
6.000000000000000000e+00,2.881102172098087610e+00,2.622424605150804768e-06
6.000000000000000000e+00,2.883480861554354568e+00,2.119055484619749921e-06
6.000000000000000000e+00,2.885856764896066906e+00,7.064906430392967103e-06
6.000000000000000000e+00,2.888236586815389195e+00,1.377853900641335094e-05
6.000000000000000000e+00,2.890613597715197436e+00,1.426594278488954664e-05
6.000000000000000000e+00,2.892994524384758570e+00,7.371651600024955130e-06
6.000000000000000000e+00,2.895365853522527733e+00,1.699764921647927191e-06
6.000000000000000000e+00,2.897747845885614293e+00,4.029779295546907900e-06
6.000000000000000000e+00,2.900126977032283726e+00,1.143633028729731402e-05
6.000000000000000000e+00,2.902503223200517901e+00,1.514250033581693651e-05
6.000000000000000000e+00,2.904883366561006319e+00,1.128827707723760434e-05
6.000000000000000000e+00,2.907260599562923709e+00,2.921887124592718733e-06
6.000000000000000000e+00,2.909634898318774088e+00,1.612046696773507064e-06
6.000000000000000000e+00,2.912013078324352744e+00,9.520883412657179983e-06
6.000000000000000000e+00,2.914395149104420657e+00,1.768513410725814307e-05
6.000000000000000000e+00,2.916774258379155604e+00,1.606435339856916763e-05
6.000000000000000000e+00,2.919150382085439865e+00,6.565750772007839748e-06
6.000000000000000000e+00,2.921523496123781261e+00,8.697160799981447890e-07
6.000000000000000000e+00,2.923907367138645963e+00,8.025203423983477328e-06
6.000000000000000000e+00,2.926281318344463589e+00,9.589247277040830776e-05
6.000000000000000000e+00,2.928659127554641639e+00,3.834178874851977635e-05
6.000000000000000000e+00,2.931040804181527015e+00,2.505615066079884177e-04
6.000000000000000000e+00,2.933419417291878162e+00,2.537108532994544058e-04
6.000000000000000000e+00,2.935794942524495799e+00,2.543843282870997843e-04
6.000000000000000000e+00,2.938174318344370928e+00,2.617730058698704830e-04
6.000000000000000000e+00,2.940550579959972044e+00,2.661829920211311010e-04
6.000000000000000000e+00,2.942930688311046872e+00,2.794266360450783590e-04
6.000000000000000000e+00,2.945307656001242336e+00,2.820685835625467660e-04
6.000000000000000000e+00,2.947681458460930770e+00,2.854302723791305721e-04
6.000000000000000000e+00,2.950059090390392047e+00,2.701706933693643351e-04
6.000000000000000000e+00,2.952440561063782720e+00,3.269386811029561049e-05
6.000000000000000000e+00,2.954818837778843132e+00,2.176615887941767670e-05
6.000000000000000000e+00,2.957193895793339244e+00,6.728527708770171659e-06
6.000000000000000000e+00,2.959572774981745535e+00,2.025310171855381652e-04
6.000000000000000000e+00,2.961955484573179920e+00,3.820029904752304719e-04
6.000000000000000000e+00,2.964327858985216224e+00,4.230972113993847509e-04
6.000000000000000000e+00,2.966711135514628506e+00,4.321277514089684447e-04
6.000000000000000000e+00,2.969084027002956372e+00,4.641387614170992457e-04
6.000000000000000000e+00,2.971467838945096585e+00,4.735773478181549024e-04
6.000000000000000000e+00,2.973841215813263883e+00,4.769788952946865581e-04
6.000000000000000000e+00,2.976218387048926051e+00,5.196213169962398629e-04
6.000000000000000000e+00,2.978599361758565323e+00,5.238187959298940466e-04
6.000000000000000000e+00,2.980976981837772488e+00,2.032862199858051847e-04
6.000000000000000000e+00,2.983351222083469256e+00,9.689960730257426901e-06
6.000000000000000000e+00,2.985729247336589065e+00,1.408016871986001544e-05
6.000000000000000000e+00,2.988111066655426029e+00,2.086497499506033009e-05
6.000000000000000000e+00,2.990489476071835462e+00,1.804216226623379222e-04
6.000000000000000000e+00,2.992864450213154281e+00,2.372012724758308330e-04
6.000000000000000000e+00,2.995243199646329124e+00,2.331491824972231847e-04
6.000000000000000000e+00,2.997618485893688511e+00,2.395388989181175099e-04
6.000000000000000000e+00,2.999997542427555786e+00,2.632842252472217758e-04
7.000000000000000000e+00,1.111886128647274319e+00,1.541964984282623394e-06
7.000000000000000000e+00,1.114264387824213776e+00,1.952947817863508741e-07
7.000000000000000000e+00,1.116642785777203883e+00,2.958602397068935826e-06
7.000000000000000000e+00,1.119021258997989765e+00,3.598726014562565910e-07
7.000000000000000000e+00,1.121399743430837814e+00,1.412131072163672074e-07
7.000000000000000000e+00,1.123778174472484626e+00,3.236538966648107634e-06
7.000000000000000000e+00,1.126156486972162973e+00,3.343448577573488280e-06
7.000000000000000000e+00,1.128534615231699956e+00,4.999361539727724835e-07
7.000000000000000000e+00,1.130912493005694186e+00,2.750209259653392924e-06
7.000000000000000000e+00,1.133290053501766481e+00,2.020727341210995331e-07
7.000000000000000000e+00,1.135667229380893373e+00,7.241482333950086585e-07
7.000000000000000000e+00,1.138043952757815891e+00,2.623735787858226783e-06
7.000000000000000000e+00,1.140430645006762944e+00,2.899005901091628977e-07
7.000000000000000000e+00,1.142806301289510440e+00,4.439720458649135896e-06
7.000000000000000000e+00,1.145181298221050525e+00,3.663374651668205655e-06
7.000000000000000000e+00,1.147555565735549843e+00,7.807031569008628535e-07
7.000000000000000000e+00,1.149939698688533074e+00,6.892825863292560736e-06
7.000000000000000000e+00,1.152312339057216528e+00,1.819561653709309556e-07
7.000000000000000000e+00,1.154694790481869404e+00,1.750367850810331492e-06
7.000000000000000000e+00,1.157076315485336515e+00,8.972078515565542857e-06
7.000000000000000000e+00,1.159445998776818199e+00,7.577043400416223874e-07
7.000000000000000000e+00,1.161825408173174257e+00,1.030293429869212902e-05
7.000000000000000000e+00,1.164203671776672389e+00,1.355570423815416423e-05
7.000000000000000000e+00,1.166580715404594182e+00,3.202870385259391882e-06
7.000000000000000000e+00,1.168956464334743650e+00,2.047117471686661630e-05
7.000000000000000000e+00,1.171341909466407039e+00,2.369223301869079185e-05
7.000000000000000000e+00,1.173714887566505771e+00,5.333584042903804043e-06
7.000000000000000000e+00,1.176097499840639937e+00,2.525130103378667656e-05
7.000000000000000000e+00,1.178478603450343609e+00,1.917772257296175798e-06
7.000000000000000000e+00,1.180846874482839759e+00,5.810026106061853631e-06
7.000000000000000000e+00,1.183224683239016084e+00,1.484329818332942945e-05
7.000000000000000000e+00,1.185612087451950236e+00,3.726709598644966588e-06
7.000000000000000000e+00,1.187986378893309602e+00,2.273684800891565894e-05
7.000000000000000000e+00,1.190358770252602172e+00,1.535515041288501229e-05
7.000000000000000000e+00,1.192740655833151475e+00,6.287386990562973422e-06
7.000000000000000000e+00,1.195120572508726164e+00,2.675927212430483600e-05
7.000000000000000000e+00,1.197498439510897406e+00,2.582401623474243689e-06
7.000000000000000000e+00,1.199874175544611843e+00,1.070763328996647871e-05
7.000000000000000000e+00,1.202247698790813724e+00,2.783488315298418957e-05
7.000000000000000000e+00,1.204630630988217099e+00,6.465034344146733215e-06
7.000000000000000000e+00,1.207011277581778286e+00,3.782187097473074919e-05
7.000000000000000000e+00,1.209389555328822752e+00,2.793224606821306672e-05
7.000000000000000000e+00,1.211765380466591990e+00,1.237287487184271028e-05
7.000000000000000000e+00,1.214138668715299518e+00,4.467061123233060266e-05
7.000000000000000000e+00,1.216521271556269213e+00,3.698949383362117547e-06
7.000000000000000000e+00,1.218901260673629805e+00,1.688101555936395739e-05
7.000000000000000000e+00,1.221278550366432736e+00,4.083909763412173444e-05
7.000000000000000000e+00,1.223653054421999675e+00,8.798878190116896924e-06
7.000000000000000000e+00,1.226036809853057186e+00,5.077677513421593113e-05
7.000000000000000000e+00,1.228405528858331763e+00,3.889964223388428673e-05
7.000000000000000000e+00,1.230783418372779048e+00,1.729001576124201801e-05
7.000000000000000000e+00,1.233170531755207078e+00,5.348357774811344568e-05
7.000000000000000000e+00,1.235542297137962597e+00,6.953287907584316632e-06
7.000000000000000000e+00,1.237923203366784186e+00,2.892722207336116100e-05
7.000000000000000000e+00,1.240300895663398073e+00,5.133126416252709203e-05
7.000000000000000000e+00,1.242677775014586095e+00,1.507995649097866437e-05
7.000000000000000000e+00,1.245056280032780238e+00,6.765378597494099884e-05
7.000000000000000000e+00,1.247433866845625072e+00,4.582671081965884161e-05
7.000000000000000000e+00,1.249811732522333463e+00,2.503918336450517820e-05
7.000000000000000000e+00,1.252189828228160717e+00,5.729874820557886593e-05
7.000000000000000000e+00,1.254568104745505508e+00,8.825997694796039201e-06
7.000000000000000000e+00,1.256946512473745337e+00,6.951792989560437105e-05
7.000000000000000000e+00,1.259323722316235017e+00,5.015153489107171706e-05
7.000000000000000000e+00,1.261702237295382556e+00,1.809384094362987769e-05
7.000000000000000000e+00,1.264080732375299165e+00,6.528241451998386530e-05
7.000000000000000000e+00,1.266457862776105170e+00,6.067284646417593082e-06
7.000000000000000000e+00,1.268836159410696496e+00,3.044291204860163143e-05
7.000000000000000000e+00,1.271214281587295547e+00,6.004750240789554904e-05
7.000000000000000000e+00,1.273592177023115557e+00,1.542316753169288571e-05
7.000000000000000000e+00,1.275969793052491141e+00,8.261592123357771103e-05
7.000000000000000000e+00,1.278348394676446675e+00,5.373926135146847008e-05
7.000000000000000000e+00,1.280725297271503527e+00,4.171868871608455187e-05
7.000000000000000000e+00,1.283104415923701946e+00,1.945001427731422785e-04
7.000000000000000000e+00,1.285481727588297707e+00,1.721481249613918734e-05
7.000000000000000000e+00,1.287859838407007906e+00,3.870040216173138519e-05
7.000000000000000000e+00,1.290237365594768537e+00,4.765275852384271912e-05
7.000000000000000000e+00,1.292615601494206734e+00,1.965524978086778698e-05
7.000000000000000000e+00,1.294993152720043783e+00,5.936006386243733901e-05
7.000000000000000000e+00,1.297371320810711826e+00,5.373278095691923984e-06
7.000000000000000000e+00,1.299750064295511320e+00,2.782639037413035764e-05
7.000000000000000000e+00,1.302127973832296837e+00,4.456819342286929859e-05
7.000000000000000000e+00,1.304504992295077548e+00,1.205780205906637429e-05
7.000000000000000000e+00,1.306883817274359982e+00,5.330654276747727861e-05
7.000000000000000000e+00,1.309261655848396488e+00,3.357616911340836788e-05
7.000000000000000000e+00,1.311639837390945473e+00,2.052284752996914310e-05
7.000000000000000000e+00,1.314016925775080002e+00,4.622657949593316726e-05
7.000000000000000000e+00,1.316395657391975726e+00,7.800609054695716789e-06
7.000000000000000000e+00,1.318773197764609995e+00,2.899735195072073436e-05
7.000000000000000000e+00,1.321150895014793214e+00,3.444846666764148015e-05
7.000000000000000000e+00,1.323530117170831355e+00,1.585360459750730813e-05
7.000000000000000000e+00,1.325907998417265699e+00,4.609073082458078495e-05
7.000000000000000000e+00,1.328285901053660734e+00,6.320283288059899433e-06
7.000000000000000000e+00,1.330663779257676982e+00,2.809357641554745131e-05
7.000000000000000000e+00,1.333041586878621620e+00,3.352348841247698377e-05
7.000000000000000000e+00,1.335419277437480678e+00,1.433255820419895301e-05
7.000000000000000000e+00,1.337796804126984540e+00,5.241926094331266021e-05
7.000000000000000000e+00,1.340175568438737086e+00,2.923057847729811651e-05
7.000000000000000000e+00,1.342552630798620195e+00,3.256364320495747571e-05
7.000000000000000000e+00,1.344930845832843502e+00,9.020110347226322747e-05
7.000000000000000000e+00,1.347308716820470487e+00,1.546933952337195767e-04
7.000000000000000000e+00,1.349687664603416160e+00,1.564758668842995552e-04
7.000000000000000000e+00,1.352064707084743578e+00,5.794268581708197983e-05
7.000000000000000000e+00,1.354442738914278577e+00,3.972699369797517424e-05
7.000000000000000000e+00,1.356821726285427188e+00,5.682415840610357920e-05
7.000000000000000000e+00,1.359198655024307145e+00,1.271789622214124262e-05
7.000000000000000000e+00,1.361576449996873439e+00,4.565620574279476076e-05
7.000000000000000000e+00,1.363955076519934195e+00,3.623447167905490337e-05
7.000000000000000000e+00,1.366332993909127991e+00,2.486751315420246416e-05
7.000000000000000000e+00,1.368710151197721991e+00,5.034950246307161981e-05
7.000000000000000000e+00,1.371089529547983243e+00,9.903125869998724505e-06
7.000000000000000000e+00,1.373466544440631543e+00,3.901313068441963959e-05
7.000000000000000000e+00,1.375844181692285284e+00,3.340542756013180635e-05
7.000000000000000000e+00,1.378222404895539377e+00,2.323159922987722386e-05
7.000000000000000000e+00,1.380601177370847310e+00,5.373410286390234349e-05
7.000000000000000000e+00,1.382978919523796035e+00,2.196421621754762838e-05
7.000000000000000000e+00,1.385357126148375695e+00,4.045404104553057024e-05
7.000000000000000000e+00,1.387734206447297503e+00,4.253236091917356784e-05
7.000000000000000000e+00,1.390113223827786459e+00,2.781307294073793196e-05
7.000000000000000000e+00,1.392491028330698821e+00,1.359852128389324932e-04
7.000000000000000000e+00,1.394869134848162107e+00,4.406851756011270635e-05
7.000000000000000000e+00,1.397245930094993760e+00,4.822687732348329313e-05
7.000000000000000000e+00,1.399624519051433369e+00,4.464354683428165861e-05
7.000000000000000000e+00,1.402003293241485871e+00,2.317964671337434653e-05
7.000000000000000000e+00,1.404380622437389370e+00,6.905423845171961223e-05
7.000000000000000000e+00,1.406758046866900980e+00,2.735539004286537793e-05
7.000000000000000000e+00,1.409137128030744313e+00,4.821855873204391281e-05
7.000000000000000000e+00,1.411514627924003840e+00,6.132291367672436009e-05
7.000000000000000000e+00,1.413892102100584580e+00,4.033994790184128987e-05
7.000000000000000000e+00,1.416271127497783944e+00,1.472156815948597009e-04
7.000000000000000000e+00,1.418648432802419590e+00,3.749951816686466214e-05
7.000000000000000000e+00,1.421025588977857357e+00,5.914973336233116130e-05
7.000000000000000000e+00,1.423404188478144317e+00,6.040136831415591416e-05
7.000000000000000000e+00,1.425782566128521500e+00,3.527929414081401967e-05
7.000000000000000000e+00,1.428160679720647197e+00,9.367360635115359532e-05
7.000000000000000000e+00,1.430538486772758411e+00,3.664106127375323948e-05
7.000000000000000000e+00,1.432915944529842500e+00,6.915829821547880472e-05
7.000000000000000000e+00,1.435294671521053944e+00,8.163206729263392891e-05
7.000000000000000000e+00,1.437671306838161023e+00,4.150568183167217356e-05
7.000000000000000000e+00,1.440050808136397853e+00,1.268577398851334075e-04
7.000000000000000000e+00,1.442428130388856866e+00,5.646213879714633872e-05
7.000000000000000000e+00,1.444806580222042447e+00,1.175622095749295374e-04
7.000000000000000000e+00,1.447184440705151953e+00,1.306826375112406496e-04
7.000000000000000000e+00,1.449561667222405870e+00,7.340978791014535947e-05
7.000000000000000000e+00,1.451939915205273879e+00,2.818881826006833756e-04
7.000000000000000000e+00,1.454317450317589300e+00,1.123487530871554506e-04
7.000000000000000000e+00,1.456695938627691200e+00,3.591545587386151461e-04
7.000000000000000000e+00,1.459073634158916555e+00,3.199040755290953803e-04
7.000000000000000000e+00,1.461452213653828158e+00,5.894252624144273481e-05
7.000000000000000000e+00,1.463829919457844797e+00,2.930063411940258384e-04
7.000000000000000000e+00,1.466208439024566657e+00,9.672011342746296078e-05
7.000000000000000000e+00,1.468586002984929362e+00,3.287175577941130536e-04
7.000000000000000000e+00,1.470964309539829262e+00,2.870449678234665764e-04
7.000000000000000000e+00,1.473341577570034255e+00,2.258213229835784590e-04
7.000000000000000000e+00,1.475719516059424974e+00,7.228338683756181399e-04
7.000000000000000000e+00,1.478098094240766214e+00,2.069552388625770293e-04
7.000000000000000000e+00,1.480475513315234082e+00,1.111226334398200200e-03
7.000000000000000000e+00,1.482853498523538649e+00,9.580042055139955087e-04
7.000000000000000000e+00,1.485232018414436084e+00,1.657381958353494524e-03
7.000000000000000000e+00,1.487609256426934090e+00,3.058478756537726020e-03
7.000000000000000000e+00,1.489986954141012232e+00,1.610759478612972624e-04
7.000000000000000000e+00,1.492365079420795659e+00,7.182298524526567734e-04
7.000000000000000000e+00,1.494743599912236265e+00,2.370925953481833762e-04
7.000000000000000000e+00,1.497120675253670763e+00,2.723099030215062966e-04
7.000000000000000000e+00,1.499499882482282054e+00,2.770103911694514909e-04
7.000000000000000000e+00,1.501877567244239930e+00,3.065768130742347036e-05
7.000000000000000000e+00,1.504255504071110305e+00,2.773304143701587937e-04
7.000000000000000000e+00,1.506633659486564580e+00,8.956282699208559142e-05
7.000000000000000000e+00,1.509011999795530246e+00,1.627713269198101289e-04
7.000000000000000000e+00,1.511388648673164026e+00,1.914850856211064781e-04
7.000000000000000000e+00,1.513767251004833225e+00,1.331270455835463178e-05
7.000000000000000000e+00,1.516145935822170943e+00,2.953334235881192242e-04
7.000000000000000000e+00,1.518522808709106275e+00,8.232265742222573716e-05
7.000000000000000000e+00,1.520901548735163589e+00,3.421709072486314577e-04
7.000000000000000000e+00,1.523278395355869286e+00,2.183193627999026093e-04
7.000000000000000000e+00,1.525657050519223512e+00,1.977569012678367781e-04
7.000000000000000000e+00,1.528035613106303980e+00,7.118421259858818484e-04
7.000000000000000000e+00,1.530412158368475106e+00,8.058868536733319367e-05
7.000000000000000000e+00,1.532790422710940126e+00,9.787187457768295636e-04
7.000000000000000000e+00,1.535168486814444622e+00,3.318311804775847420e-04
7.000000000000000000e+00,1.537546314356687649e+00,1.146663951298717427e-02
7.000000000000000000e+00,1.539925781434329011e+00,7.669141269873261738e-03
7.000000000000000000e+00,1.542303031922281464e+00,1.566499529846995115e-02
7.000000000000000000e+00,1.544679935578640473e+00,1.820245304487300847e-02
7.000000000000000000e+00,1.547058385603538921e+00,2.530706933795550534e-02
7.000000000000000000e+00,1.549436426059346950e+00,3.940551689484903669e-02
7.000000000000000000e+00,1.551814019337569794e+00,7.723961899286393984e-02
7.000000000000000000e+00,1.554193075854291672e+00,3.662154431238250074e-02
7.000000000000000000e+00,1.556571621252926807e+00,9.991123696429545301e-03
7.000000000000000000e+00,1.558949617294478562e+00,7.418011277253705633e-03
7.000000000000000000e+00,1.561327025522138312e+00,7.493215521309734214e-03
7.000000000000000000e+00,1.563703807261558554e+00,8.759078127960718413e-03
7.000000000000000000e+00,1.566081901784048602e+00,9.763289195875953994e-03
7.000000000000000000e+00,1.568461288012522381e+00,1.124114892062923719e-02
7.000000000000000000e+00,1.570837964304495848e+00,1.358846700208717929e-02
7.000000000000000000e+00,1.573215865533810209e+00,1.618067638249942944e-02
7.000000000000000000e+00,1.575594970075133272e+00,2.167416246747285238e-02
7.000000000000000000e+00,1.577973247821740976e+00,3.101175142884772182e-02
7.000000000000000000e+00,1.580350658646643147e+00,4.698482440391184289e-02
7.000000000000000000e+00,1.582729182648527688e+00,2.597023901521339218e-02
7.000000000000000000e+00,1.585106770971465240e+00,5.523018136535732571e-03
7.000000000000000000e+00,1.587483382861448522e+00,5.255118295952591889e-03
7.000000000000000000e+00,1.589863054736732062e+00,6.611165658544102507e-03
7.000000000000000000e+00,1.592239647623282961e+00,8.287083539439646374e-03
7.000000000000000000e+00,1.594619254564539901e+00,9.500576298843356471e-03
7.000000000000000000e+00,1.596995699582284045e+00,1.049290126039455553e-02
7.000000000000000000e+00,1.599375112011809597e+00,1.190396571780089410e-02
7.000000000000000000e+00,1.601751278763500652e+00,1.274170774916111477e-02
7.000000000000000000e+00,1.604130365570978434e+00,1.426559761778967844e-02
7.000000000000000000e+00,1.606508203736388474e+00,1.521180894390673950e-02
7.000000000000000000e+00,1.608886838448475576e+00,1.652870623306662567e-02
7.000000000000000000e+00,1.611264151472938666e+00,1.847142087319224649e-02
7.000000000000000000e+00,1.613642199950546807e+00,1.958330854163138623e-02
7.000000000000000000e+00,1.616020959246320388e+00,2.194369296382882306e-02
7.000000000000000000e+00,1.618398292022371621e+00,2.359516161862410671e-02
7.000000000000000000e+00,1.620776273428434777e+00,2.644322251278260344e-02
7.000000000000000000e+00,1.623154878309403193e+00,2.906983145988506489e-02
7.000000000000000000e+00,1.625531950142255599e+00,3.247366832296730982e-02
7.000000000000000000e+00,1.627909582167395008e+00,3.834565531597889515e-02
7.000000000000000000e+00,1.630287748709084994e+00,4.457972264064969520e-02
7.000000000000000000e+00,1.632666423928462507e+00,5.462276513922878496e-02
7.000000000000000000e+00,1.635043425604618017e+00,4.960061693644454706e-02
7.000000000000000000e+00,1.637420871234776421e+00,4.523945335497164821e-02
7.000000000000000000e+00,1.639798734458945972e+00,4.988865721138136672e-02
7.000000000000000000e+00,1.642176988753630829e+00,5.300238462252664789e-02
7.000000000000000000e+00,1.644555607431689159e+00,6.325857663117326335e-02
7.000000000000000000e+00,1.646934563642211913e+00,6.887232164381237864e-02
7.000000000000000000e+00,1.649311636354932720e+00,4.550799784683035899e-03
7.000000000000000000e+00,1.651688979741587904e+00,7.059265567726012366e-03
7.000000000000000000e+00,1.654066566429912566e+00,1.340966902145826825e-02
7.000000000000000000e+00,1.656446581917050409e+00,6.996958186906502815e-04
7.000000000000000000e+00,1.658824578794847904e+00,6.940751057160015648e-03
7.000000000000000000e+00,1.661200510123229890e+00,1.072640371606941971e-03
7.000000000000000000e+00,1.663578793016376123e+00,4.319163149645848659e-03
7.000000000000000000e+00,1.665957179889875128e+00,1.603311314185461994e-03
7.000000000000000000e+00,1.668335642387050344e+00,3.931537086092937172e-03
7.000000000000000000e+00,1.670714151986992135e+00,2.535421397353239230e-03
7.000000000000000000e+00,1.673090422268976418e+00,9.758258032591522703e-04
7.000000000000000000e+00,1.675468933430814822e+00,6.824562873590745912e-03
7.000000000000000000e+00,1.677847405138119141e+00,8.770733667078446693e-04
7.000000000000000000e+00,1.680225808213018368e+00,5.651096256842517290e-03
7.000000000000000000e+00,1.682604113313405536e+00,1.659270709995026112e-03
7.000000000000000000e+00,1.684982290932964144e+00,3.458108230701483626e-03
7.000000000000000000e+00,1.687360311401208346e+00,2.125595561423169327e-03
7.000000000000000000e+00,1.689738144883533133e+00,7.393152881227615892e-04
7.000000000000000000e+00,1.692115761381273620e+00,3.152513010133535520e-03
7.000000000000000000e+00,1.694493130731776098e+00,3.714767346082286639e-04
7.000000000000000000e+00,1.696870222608480416e+00,2.429516513246189526e-03
7.000000000000000000e+00,1.699249335401934236e+00,3.673501604222633755e-04
7.000000000000000000e+00,1.701628122620680639e+00,1.314195485125490767e-03
7.000000000000000000e+00,1.704004211532359703e+00,5.130547668015770797e-04
7.000000000000000000e+00,1.706382248516707056e+00,6.712389234339211259e-04
7.000000000000000000e+00,1.708759867047055625e+00,9.651449257277382003e-04
7.000000000000000000e+00,1.711139397425514685e+00,9.796175497849040270e-05
7.000000000000000000e+00,1.713516091596347435e+00,7.136575782722895649e-04
7.000000000000000000e+00,1.715894647708231302e+00,6.847122185050248915e-05
7.000000000000000000e+00,1.718272672423617475e+00,5.941798007407774135e-04
7.000000000000000000e+00,1.720650133828133255e+00,1.132098245600787647e-04
7.000000000000000000e+00,1.723029394364145483e+00,4.066166990584116326e-04
7.000000000000000000e+00,1.725405639360965360e+00,2.622066928213692477e-04
7.000000000000000000e+00,1.727783632085690080e+00,9.130545798527628409e-05
7.000000000000000000e+00,1.730163359864028916e+00,6.086437030600022179e-04
7.000000000000000000e+00,1.732539967848906848e+00,1.297081878666544422e-04
7.000000000000000000e+00,1.734918258608534103e+00,8.760743838772415328e-04
7.000000000000000000e+00,1.737295784744042226e+00,4.665293760194392505e-04
7.000000000000000000e+00,1.739674954091988246e+00,1.333345699684853562e-03
7.000000000000000000e+00,1.742053305661134033e+00,1.110128161060443567e-03
7.000000000000000000e+00,1.744430805976284748e+00,8.643536887943204048e-04
7.000000000000000000e+00,1.746807421400558225e+00,1.157548161759932486e-03
7.000000000000000000e+00,1.749185585906543050e+00,1.229513567689146183e-04
7.000000000000000000e+00,1.751565285671503824e+00,9.887882349489765001e-04
7.000000000000000000e+00,1.753941544332989544e+00,1.668801640906920176e-04
7.000000000000000000e+00,1.756319283347408389e+00,9.459856586373677255e-04
7.000000000000000000e+00,1.758698488506720947e+00,2.516710683699568008e-04
7.000000000000000000e+00,1.761076644056678076e+00,1.194864662982146521e-03
7.000000000000000000e+00,1.763453715291095847e+00,4.463249051284696838e-04
7.000000000000000000e+00,1.765832182308382903e+00,1.090320276014158235e-03
7.000000000000000000e+00,1.768209508663195706e+00,8.461740480302782069e-04
7.000000000000000000e+00,1.770588187717695883e+00,2.581031918106242739e-04
7.000000000000000000e+00,1.772965669196805205e+00,1.548264718775235228e-03
7.000000000000000000e+00,1.775344459763996241e+00,1.490767355407606712e-04
7.000000000000000000e+00,1.777721995276969613e+00,1.341795425976958361e-03
7.000000000000000000e+00,1.780100795737554753e+00,1.657339263267486448e-04
7.000000000000000000e+00,1.782478283099381056e+00,1.298395105870006052e-03
7.000000000000000000e+00,1.784856990739158489e+00,1.479688635478547225e-03
7.000000000000000000e+00,1.787234326670235962e+00,4.174788338536048610e-03
7.000000000000000000e+00,1.789612837680196966e+00,4.538585911794180451e-03
7.000000000000000000e+00,1.791989917806559918e+00,1.046810125558296359e-04
7.000000000000000000e+00,1.794368127283230807e+00,1.791773866473474475e-01
7.000000000000000000e+00,1.796744846137017459e+00,2.418987597753384788e-01
7.000000000000000000e+00,1.799122648083041343e+00,1.496101884886652245e-01
7.000000000000000000e+00,1.801501516697256555e+00,1.061297183640320246e-01
7.000000000000000000e+00,1.803878810935230392e+00,6.647265538537583396e-02
7.000000000000000000e+00,1.806257124818080539e+00,5.490944586422975143e-02
7.000000000000000000e+00,1.808636441567766484e+00,4.644281957881218892e-02
7.000000000000000000e+00,1.811014098981616804e+00,4.739641023590963204e-02
7.000000000000000000e+00,1.813392711472929353e+00,4.700421689894714039e-02
7.000000000000000000e+00,1.815769602679484063e+00,5.047733280438088110e-02
7.000000000000000000e+00,1.818147400644648304e+00,5.252785086926373831e-02
7.000000000000000000e+00,1.820526087986671593e+00,5.574315906731702741e-02
7.000000000000000000e+00,1.822902967052714596e+00,6.193726184842938964e-02
7.000000000000000000e+00,1.825280686410676978e+00,6.346418951819988996e-02
7.000000000000000000e+00,1.827659228322897844e+00,7.019497916702366336e-02
7.000000000000000000e+00,1.830038574944468310e+00,7.134927131672046119e-02
7.000000000000000000e+00,1.832416000112327747e+00,7.773735580425825131e-02
7.000000000000000000e+00,1.834794179900823385e+00,7.804475428125759451e-02
7.000000000000000000e+00,1.837170373825880221e+00,8.340171317683689467e-02
7.000000000000000000e+00,1.839550001086070585e+00,8.249942664652923363e-02
7.000000000000000000e+00,1.841927591628267580e+00,8.643164576451205228e-02
7.000000000000000000e+00,1.844305849176059109e+00,8.393944608808794061e-02
7.000000000000000000e+00,1.846682004518993780e+00,8.598071091545360367e-02
7.000000000000000000e+00,1.849061532876481451e+00,8.297866482847354730e-02
7.000000000000000000e+00,1.851438907171361503e+00,8.023077834102070038e-02
7.000000000000000000e+00,1.853816858923008848e+00,8.251953155152652597e-02
7.000000000000000000e+00,1.856195368998788231e+00,7.433707688144511327e-02
7.000000000000000000e+00,1.858574418157592278e+00,7.740628800589334502e-02
7.000000000000000000e+00,1.860951193835267858e+00,6.272170334957986870e-02
7.000000000000000000e+00,1.863328455497598846e+00,6.799703548933842823e-02
7.000000000000000000e+00,1.865706183545688734e+00,5.566700945015243956e-02
7.000000000000000000e+00,1.868084358271926204e+00,8.214505398803297227e-04
7.000000000000000000e+00,1.870462959859882535e+00,7.304665575223909420e-03
7.000000000000000000e+00,1.872841968384215239e+00,1.236086703577803829e-03
7.000000000000000000e+00,1.875218527602503737e+00,1.519161443597237494e-03
7.000000000000000000e+00,1.877598282584272082e+00,3.842296635360282976e-04
7.000000000000000000e+00,1.879975533445847002e+00,1.147237877915996147e-03
7.000000000000000000e+00,1.882353096003137383e+00,2.059034862790396425e-04
7.000000000000000000e+00,1.884730949754881424e+00,4.422578903643939116e-04
7.000000000000000000e+00,1.887109074090651539e+00,5.897207234403742957e-04
7.000000000000000000e+00,1.889487448290790628e+00,3.723383334082288937e-05
7.000000000000000000e+00,1.891866051526354786e+00,3.307586857781094907e-04
7.000000000000000000e+00,1.894241968814363020e+00,1.989333938700187408e-05
7.000000000000000000e+00,1.896620959922661109e+00,4.637213007826101368e-04
7.000000000000000000e+00,1.899000116913673875e+00,1.303505178247453638e-05
7.000000000000000000e+00,1.901376502634666066e+00,6.575900090943508124e-04
7.000000000000000000e+00,1.903755920179471373e+00,2.975676895701492579e-05
7.000000000000000000e+00,1.906132508977648854e+00,1.089938282175099624e-03
7.000000000000000000e+00,1.908512101096307090e+00,7.684362661566676686e-05
7.000000000000000000e+00,1.910888806516348737e+00,2.153827137332578554e-03
7.000000000000000000e+00,1.913265533887637870e+00,1.678475499130201978e-04
7.000000000000000000e+00,1.915645221064280479e+00,2.841293508750974452e-03
7.000000000000000000e+00,1.918021933723900396e+00,4.360036563978128598e-04
7.000000000000000000e+00,1.920401576683357536e+00,3.171751319670112427e-03
7.000000000000000000e+00,1.922778185987368271e+00,5.712125131895905194e-04
7.000000000000000000e+00,1.925157695683840764e+00,2.508259632290197293e-03
7.000000000000000000e+00,1.927534112112835318e+00,3.655229997499891354e-04
7.000000000000000000e+00,1.929913398624609977e+00,1.127005313151668593e-03
7.000000000000000000e+00,1.932289531783984105e+00,8.480318944345400633e-04
7.000000000000000000e+00,1.934668504313772353e+00,1.415257155886852694e-04
7.000000000000000000e+00,1.937047289244272052e+00,4.381291325778938054e-04
7.000000000000000000e+00,1.939422829809603455e+00,1.009078854913515635e-04
7.000000000000000000e+00,1.941801162930054447e+00,3.181047544517494894e-04
7.000000000000000000e+00,1.944179239057897579e+00,6.399460495533182511e-05
7.000000000000000000e+00,1.946557034846245759e+00,2.447783717180747440e-04
7.000000000000000000e+00,1.948937590416296883e+00,5.600512551165716212e-05
7.000000000000000000e+00,1.951314762526208613e+00,2.128185162499216172e-04
7.000000000000000000e+00,1.953691583608964111e+00,4.400698241846992390e-05
7.000000000000000000e+00,1.956071115926188098e+00,2.796319033210276452e-04
7.000000000000000000e+00,1.958447170997391629e+00,2.857274236846605404e-05
7.000000000000000000e+00,1.960825904438677769e+00,2.953550640203554439e-04
7.000000000000000000e+00,1.963204206118381423e+00,2.277003616689143590e-05
7.000000000000000000e+00,1.965582051840911504e+00,3.436903376991423697e-04
7.000000000000000000e+00,1.967959417301841540e+00,1.321088995307670422e-05
7.000000000000000000e+00,1.970339409318672352e+00,4.991880329852736026e-04
7.000000000000000000e+00,1.972715748465783570e+00,1.197800891214919941e-05
7.000000000000000000e+00,1.975094680156374904e+00,3.731776268863761783e-04
7.000000000000000000e+00,1.977473048443104009e+00,1.348361210909798789e-05
7.000000000000000000e+00,1.979850828500714810e+00,2.803450668357143584e-04
7.000000000000000000e+00,1.982227995395533071e+00,1.556036145975864610e-05
7.000000000000000000e+00,1.984604524085609167e+00,3.113010111761207858e-04
7.000000000000000000e+00,1.986983573776171186e+00,1.400771406624799996e-05
7.000000000000000000e+00,1.989361950099164611e+00,2.391906846035085047e-04
7.000000000000000000e+00,1.991739627709276261e+00,6.561084283951652115e-06
7.000000000000000000e+00,1.994116581153200896e+00,1.954261254545447380e-04
7.000000000000000000e+00,1.996495999787446962e+00,3.793179404400264352e-06
7.000000000000000000e+00,1.998874658345563660e+00,1.826507627334238593e-04
7.000000000000000000e+00,2.001252531070988550e+00,2.368734796023170893e-06
7.000000000000000000e+00,2.003629592099526402e+00,1.787705629280915355e-04
7.000000000000000000e+00,2.006009061087529410e+00,2.345071384076094646e-06
7.000000000000000000e+00,2.008384428391164267e+00,1.788901727762959727e-04
7.000000000000000000e+00,2.010762166794522354e+00,2.086700641230815592e-06
7.000000000000000000e+00,2.013142273146784511e+00,1.778942596044626298e-04
7.000000000000000000e+00,2.015518191284053184e+00,2.759053289339382642e-06
7.000000000000000000e+00,2.017896439964003363e+00,1.519485354734593043e-04
7.000000000000000000e+00,2.020273723858567294e+00,2.915584528135609419e-06
7.000000000000000000e+00,2.022653315995031953e+00,1.842775135447099013e-04
7.000000000000000000e+00,2.025031905392828957e+00,3.592781825887815642e-06
7.000000000000000000e+00,2.027409465173173775e+00,1.607070468604727552e-04
7.000000000000000000e+00,2.029785968350953596e+00,3.998577888184652730e-06
7.000000000000000000e+00,2.032164718651917390e+00,1.850167806514022505e-04
7.000000000000000000e+00,2.034542373648666747e+00,3.517636657857734667e-06
7.000000000000000000e+00,2.036922252485694695e+00,1.816162741989093502e-04
7.000000000000000000e+00,2.039297642718866488e+00,3.797894484388629294e-06
7.000000000000000000e+00,2.041678579620796796e+00,1.533255984379393669e-04
7.000000000000000000e+00,2.044054972850176011e+00,3.689939113237173809e-06
7.000000000000000000e+00,2.046433526721744833e+00,1.728586587803287544e-04
7.000000000000000000e+00,2.048810851376187347e+00,3.503549657825768214e-06
7.000000000000000000e+00,2.051190312403015081e+00,1.412054597771402300e-04
7.000000000000000000e+00,2.053568504069569922e+00,4.614045587642662194e-06
7.000000000000000000e+00,2.055945398294015458e+00,1.232577287437470039e-04
7.000000000000000000e+00,2.058324384012754305e+00,3.868657899887509869e-06
7.000000000000000000e+00,2.060702031599246808e+00,1.129284091715732785e-04
7.000000000000000000e+00,2.063078312672746772e+00,3.122177967243024082e-06
7.000000000000000000e+00,2.065456639593524102e+00,6.126329246163093509e-05
7.000000000000000000e+00,2.067833558764816893e+00,2.772844843318073668e-06
7.000000000000000000e+00,2.070212498216723152e+00,9.133624734502225227e-05
7.000000000000000000e+00,2.072589988335185041e+00,1.678107517231019054e-05
7.000000000000000000e+00,2.074969472860463071e+00,2.312557724907901742e-04
7.000000000000000000e+00,2.077347466120683439e+00,7.518611859296093992e-05
7.000000000000000000e+00,2.079723939049616721e+00,4.424484304853489904e-04
7.000000000000000000e+00,2.082102359006916092e+00,1.560023589573354013e-04
7.000000000000000000e+00,2.084479216156104542e+00,7.915810284251668114e-04
7.000000000000000000e+00,2.086857993654473997e+00,3.446260449851624086e-04
7.000000000000000000e+00,2.089235165520535009e+00,7.340285665841418672e-04
7.000000000000000000e+00,2.091614230747953052e+00,3.879984368690563056e-04
7.000000000000000000e+00,2.093991647171488779e+00,6.401245059556155649e-04
7.000000000000000000e+00,2.096370929659487015e+00,3.410746490532022644e-04
7.000000000000000000e+00,2.098748519824702452e+00,4.410835729276594620e-04
7.000000000000000000e+00,2.101127948448022309e+00,2.590760670421310809e-04
7.000000000000000000e+00,2.103505640882435745e+00,3.176480645631422862e-04
7.000000000000000000e+00,2.105881566995955634e+00,2.249234197307524343e-04
7.000000000000000000e+00,2.108259281488489290e+00,2.143194878188444882e-04
7.000000000000000000e+00,2.110638778281487493e+00,3.155053094290521465e-04
7.000000000000000000e+00,2.113016450109418187e+00,1.261953215095417075e-04
7.000000000000000000e+00,2.115395875701245210e+00,3.480085755047541149e-04
7.000000000000000000e+00,2.117773431421519081e+00,6.724587705057051285e-05
7.000000000000000000e+00,2.120149086564412588e+00,7.857257494114244399e-04
7.000000000000000000e+00,2.122526443941901597e+00,3.210905820932433071e-05
7.000000000000000000e+00,2.124905497063319437e+00,1.804270015019556091e-03
7.000000000000000000e+00,2.127282589459348561e+00,2.275688100045515378e-04
7.000000000000000000e+00,2.129661348130645226e+00,2.111013089860984664e-03
7.000000000000000000e+00,2.132041766401622240e+00,1.311602960793920372e-03
7.000000000000000000e+00,2.134416488630205944e+00,5.752497630207293114e-03
7.000000000000000000e+00,2.136796506809325980e+00,1.442720888946105295e-03
7.000000000000000000e+00,2.139174456954846537e+00,2.955740578553312566e-03
7.000000000000000000e+00,2.141550307510549533e+00,2.961240911319406796e-02
7.000000000000000000e+00,2.143931441358600143e+00,2.133029171013535799e-02
7.000000000000000000e+00,2.146306729584555040e+00,1.395102013345617120e-02
7.000000000000000000e+00,2.148687286870718527e+00,1.033671364893334367e-02
7.000000000000000000e+00,2.151065666753996908e+00,6.403912471039363216e-03
7.000000000000000000e+00,2.153441837210316567e+00,4.652742465357372938e-03
7.000000000000000000e+00,2.155819514621453603e+00,3.268465277713723891e-03
7.000000000000000000e+00,2.158198691568031347e+00,2.684915844325563416e-03
7.000000000000000000e+00,2.160575595509616864e+00,2.352751214652250983e-03
7.000000000000000000e+00,2.162953967401529898e+00,2.283027996640338807e-03
7.000000000000000000e+00,2.165330017974534726e+00,2.833371636574436286e-03
7.000000000000000000e+00,2.167711294571818659e+00,3.456409035189317736e-03
7.000000000000000000e+00,2.170086419534671851e+00,4.769937420444860486e-03
7.000000000000000000e+00,2.172466754975850289e+00,6.128877224807594871e-03
7.000000000000000000e+00,2.174844688110332491e+00,7.613121282416392827e-03
7.000000000000000000e+00,2.177220185986402434e+00,8.778046996956860235e-03
7.000000000000000000e+00,2.179600878863794833e+00,1.059680617547652942e-02
7.000000000000000000e+00,2.181979103711777057e+00,9.645929676902482552e-04
7.000000000000000000e+00,2.184354827302986468e+00,1.120247075694519334e-04
7.000000000000000000e+00,2.186731873089897693e+00,1.244043130979348693e-03
7.000000000000000000e+00,2.189110232802705447e+00,1.278113749449566201e-04
7.000000000000000000e+00,2.191489898121623092e+00,4.493266478942274178e-04
7.000000000000000000e+00,2.193866978681393132e+00,4.782725569102089930e-04
7.000000000000000000e+00,2.196245331200582740e+00,3.685017346940998566e-04
7.000000000000000000e+00,2.198624947167761245e+00,7.965583166167051294e-04
7.000000000000000000e+00,2.201001910734452061e+00,5.163395210563482326e-04
7.000000000000000000e+00,2.203380103664479339e+00,1.328377622268963731e-03
7.000000000000000000e+00,2.205755593071625942e+00,3.372944140330212735e-04
7.000000000000000000e+00,2.208136210091760532e+00,2.390406889069612070e-03
7.000000000000000000e+00,2.210514089066549559e+00,6.018733002337734459e-04
7.000000000000000000e+00,2.212889195676467580e+00,1.734337470141979459e-03
7.000000000000000000e+00,2.215269411685253598e+00,9.911284392271403100e-04
7.000000000000000000e+00,2.217646820369182592e+00,1.046137552301674382e-03
7.000000000000000000e+00,2.220025362245094058e+00,1.032877889999406825e-03
7.000000000000000000e+00,2.222401044539729753e+00,6.589350344650838145e-04
7.000000000000000000e+00,2.224781816787405386e+00,9.934487054600480913e-04
7.000000000000000000e+00,2.227159693927706297e+00,4.608959549238879133e-04
7.000000000000000000e+00,2.229538650259491828e+00,8.815910895259392163e-04
7.000000000000000000e+00,2.231914658585150590e+00,3.497117048476990325e-04
7.000000000000000000e+00,2.234291710139395537e+00,7.440823221715686881e-04
7.000000000000000000e+00,2.236669795394403248e+00,3.916680987612812894e-04
7.000000000000000000e+00,2.239048904770509107e+00,4.342531124522497734e-04
7.000000000000000000e+00,2.241424976510854261e+00,5.286008310047462990e-04
7.000000000000000000e+00,2.243806096568353503e+00,4.241432101937958350e-04
7.000000000000000000e+00,2.246184142332022571e+00,5.212797453958166113e-04
7.000000000000000000e+00,2.248559078140137224e+00,2.980708300188729658e-04
7.000000000000000000e+00,2.250939041398960061e+00,1.093172506504390840e-03
7.000000000000000000e+00,2.253315857608640727e+00,3.954005544894765396e-04
7.000000000000000000e+00,2.255693594709365701e+00,1.739149926186982307e-03
7.000000000000000000e+00,2.258072242628007320e+00,1.241577031664728567e-03
7.000000000000000000e+00,2.260451791238908381e+00,9.414064107668655007e-04
7.000000000000000000e+00,2.262828100482377369e+00,4.117913891813066926e-03
7.000000000000000000e+00,2.265205272630280042e+00,8.473174613782053811e-04
7.000000000000000000e+00,2.267583297361956962e+00,2.871606203324582069e-03
7.000000000000000000e+00,2.269962164303962027e+00,2.829979960188426860e-02
7.000000000000000000e+00,2.272341863029972320e+00,2.367699841797106519e-02
7.000000000000000000e+00,2.274718209664019053e+00,1.888902357173478930e-02
7.000000000000000000e+00,2.277095349600728014e+00,1.768637687880139989e-02
7.000000000000000000e+00,2.279473272218509372e+00,1.518212595773430103e-02
7.000000000000000000e+00,2.281851966842678436e+00,1.488491786036046614e-02
7.000000000000000000e+00,2.284231422745374829e+00,1.520971134611524139e-02
7.000000000000000000e+00,2.286607412008805351e+00,1.649849711694773013e-02
7.000000000000000000e+00,2.288984123377203694e+00,1.852547153945886468e-02
7.000000000000000000e+00,2.291365780618124681e+00,2.088055006222654802e-02
7.000000000000000000e+00,2.293743912168016763e+00,2.465480023592897182e-02
7.000000000000000000e+00,2.296118480612924895e+00,2.600678227180611840e-02
7.000000000000000000e+00,2.298497970634805210e+00,3.170867505440144729e-02
7.000000000000000000e+00,2.300878127611091895e+00,3.413169471811855482e-02
7.000000000000000000e+00,2.303254661586480623e+00,3.240439171368225939e-03
7.000000000000000000e+00,2.305631822391659203e+00,2.409017368805243999e-03
7.000000000000000000e+00,2.308009598693951503e+00,4.804126407259101152e-03
7.000000000000000000e+00,2.310387979106963030e+00,4.417006318691863711e-04
7.000000000000000000e+00,2.312766952190511649e+00,1.201002054020533548e-03
7.000000000000000000e+00,2.315142183405042520e+00,5.499872331088280757e-04
7.000000000000000000e+00,2.317522298400336744e+00,4.458711029799869246e-04
7.000000000000000000e+00,2.319898630583908439e+00,1.250313445471166541e-03
7.000000000000000000e+00,2.322279841038421555e+00,2.532834096163131795e-04
7.000000000000000000e+00,2.324657227477955335e+00,4.887840276639949296e-04
7.000000000000000000e+00,2.327035118932285318e+00,4.257825974500826626e-04
7.000000000000000000e+00,2.329413503549994768e+00,1.430007878012195838e-04
7.000000000000000000e+00,2.331787983991368662e+00,2.246792346329051814e-04
7.000000000000000000e+00,2.334167310210840451e+00,7.566035058574868189e-05
7.000000000000000000e+00,2.336547093703715827e+00,6.679759819342417492e-05
7.000000000000000000e+00,2.338922910089027418e+00,5.727876241572668489e-05
7.000000000000000000e+00,2.341303562883347844e+00,3.802606209070272177e-05
7.000000000000000000e+00,2.343680206292833024e+00,5.367378034790848277e-05
7.000000000000000000e+00,2.346057240367172003e+00,3.452175346907335142e-05
7.000000000000000000e+00,2.348434652788937260e+00,5.231773274555505583e-05
7.000000000000000000e+00,2.350812431186368734e+00,7.273615078237195624e-05
7.000000000000000000e+00,2.353190563133336077e+00,2.851332397283480217e-05
7.000000000000000000e+00,2.355569036149298690e+00,1.293079418002669788e-04
7.000000000000000000e+00,2.357947837699267524e+00,9.493176649921485099e-05
7.000000000000000000e+00,2.360326955193766896e+00,5.389597106172283109e-05
7.000000000000000000e+00,2.362701873503119110e+00,1.251053857056677382e-04
7.000000000000000000e+00,2.365081575825791482e+00,4.992639312900935654e-05
7.000000000000000000e+00,2.367461555987104838e+00,6.039479136557919156e-05
7.000000000000000000e+00,2.369837271457410743e+00,8.158196433115476852e-05
7.000000000000000000e+00,2.372213220904162867e+00,1.511107799260737921e-05
7.000000000000000000e+00,2.374593939286923305e+00,6.028254539326959185e-05
7.000000000000000000e+00,2.376970326898085517e+00,3.531345992900500233e-05
7.000000000000000000e+00,2.379346909490778650e+00,1.854379421490490710e-05
7.000000000000000000e+00,2.381728249229686956e+00,4.580409664667222974e-05
7.000000000000000000e+00,2.384105191535353274e+00,1.196621222668539871e-05
7.000000000000000000e+00,2.386482289336266938e+00,2.958747241872297963e-05
7.000000000000000000e+00,2.388859529357821643e+00,3.852150782756268155e-05
7.000000000000000000e+00,2.391236898270765909e+00,1.064063294017288692e-05
7.000000000000000000e+00,2.393619003764643427e+00,3.294435894537997865e-05
7.000000000000000000e+00,2.395996599438805941e+00,2.339547895866844705e-05
7.000000000000000000e+00,2.398374283698073040e+00,1.314733510783264850e-05
7.000000000000000000e+00,2.400752042994434454e+00,3.880733558201904465e-05
7.000000000000000000e+00,2.403129863725176119e+00,2.362710160871039068e-05
7.000000000000000000e+00,2.405507732232872620e+00,2.350518133719194553e-05
7.000000000000000000e+00,2.407885634805378317e+00,3.923593903273211260e-05
7.000000000000000000e+00,2.410263557675826007e+00,1.689819995516738662e-05
7.000000000000000000e+00,2.412641487022620712e+00,3.499986555312692871e-05
7.000000000000000000e+00,2.415019408969439230e+00,2.726801106203579917e-05
7.000000000000000000e+00,2.417397309585231913e+00,1.420119846319812070e-05
7.000000000000000000e+00,2.419775174884221780e+00,4.771603096032144632e-05
7.000000000000000000e+00,2.422152990825908514e+00,2.766530716266823572e-05
7.000000000000000000e+00,2.424530743315073789e+00,3.100223193126199590e-05
7.000000000000000000e+00,2.426908418201789264e+00,5.922775171116043450e-05
7.000000000000000000e+00,2.429286001281421470e+00,2.871504646943890478e-05
7.000000000000000000e+00,2.431663478294642911e+00,3.258751163178640791e-05
7.000000000000000000e+00,2.434040834927446273e+00,5.982422972123648767e-05
7.000000000000000000e+00,2.436422844634672291e+00,3.693116650417274324e-05
7.000000000000000000e+00,2.438799926692925002e+00,2.781114946468521521e-05
7.000000000000000000e+00,2.441176845109251925e+00,3.542907193514016585e-05
7.000000000000000000e+00,2.443553585351005086e+00,3.226822414311057642e-05
7.000000000000000000e+00,2.445930132830938852e+00,2.115173137943947529e-05
7.000000000000000000e+00,2.448311307568818762e+00,2.807917256539165695e-05
7.000000000000000000e+00,2.450687434933867870e+00,2.950901595626698621e-05
7.000000000000000000e+00,2.453068178922694020e+00,1.077552212116879385e-05
7.000000000000000000e+00,2.455443827201868601e+00,2.295709375571872808e-05
7.000000000000000000e+00,2.457824081285056472e+00,2.722197984932208477e-05
7.000000000000000000e+00,2.460199191070725266e+00,8.192295059004446367e-06
7.000000000000000000e+00,2.462578895654787381e+00,2.206346804845803211e-05
7.000000000000000000e+00,2.464958307733604137e+00,2.273485022977664153e-05
7.000000000000000000e+00,2.467332502158201546e+00,6.299296148826815948e-06
7.000000000000000000e+00,2.469711274537423229e+00,1.458663742110544325e-05
7.000000000000000000e+00,2.472089709077717856e+00,1.610235169352095086e-05
7.000000000000000000e+00,2.474467790561501790e+00,6.117824822139223147e-06
7.000000000000000000e+00,2.476845503716746499e+00,1.084761537601553543e-05
7.000000000000000000e+00,2.479222833217026967e+00,1.715079745335630287e-05
7.000000000000000000e+00,2.481599763681567428e+00,7.563937512649694845e-06
7.000000000000000000e+00,2.483981256237295376e+00,8.521555211220719971e-06
7.000000000000000000e+00,2.486357351796226300e+00,1.733270276220516890e-05
7.000000000000000000e+00,2.488737997498906118e+00,1.604183396731629434e-05
7.000000000000000000e+00,2.491113196007286756e+00,5.625103981029051198e-06
7.000000000000000000e+00,2.493492932524325134e+00,1.763077651141491386e-05
7.000000000000000000e+00,2.495872195725481024e+00,2.043372704584008588e-05
7.000000000000000000e+00,2.498245935968249398e+00,4.878495615309669996e-06
7.000000000000000000e+00,2.500624195678618378e+00,1.661172785560640068e-05
7.000000000000000000e+00,2.503001934687554719e+00,1.744283761374375259e-05
7.000000000000000000e+00,2.505384199785404054e+00,3.969469333408668301e-06
7.000000000000000000e+00,2.507760859244102747e+00,1.787639475412169056e-05
7.000000000000000000e+00,2.510136950143142087e+00,1.855076523830146053e-05
7.000000000000000000e+00,2.512517547981021337e+00,6.797467268786825835e-06
7.000000000000000000e+00,2.514892463148078239e+00,2.852243978444502198e-05
7.000000000000000000e+00,2.517271872260600674e+00,2.544883027999037423e-05
7.000000000000000000e+00,2.519650667552726819e+00,1.286508817944718964e-05
7.000000000000000000e+00,2.522028832766149087e+00,4.293921501848586202e-05
7.000000000000000000e+00,2.524406351588751818e+00,4.102805933806077878e-05
7.000000000000000000e+00,2.526783207654688557e+00,2.492064213713340913e-05
7.000000000000000000e+00,2.529159384544463762e+00,5.371409714781936497e-05
7.000000000000000000e+00,2.531540034735527911e+00,7.032295047772695561e-05
7.000000000000000000e+00,2.533914813502587737e+00,4.279058131486151772e-05
7.000000000000000000e+00,2.536294051902468372e+00,4.422802196826226254e-05
7.000000000000000000e+00,2.538672564369699458e+00,1.818481389390512882e-04
7.000000000000000000e+00,2.541050334235800179e+00,1.724647476339604313e-04
7.000000000000000000e+00,2.543427344778853350e+00,6.888826004127435664e-05
7.000000000000000000e+00,2.545808806606810748e+00,1.798659650191973373e-04
7.000000000000000000e+00,2.548184257884455128e+00,4.193072793431316361e-04
7.000000000000000000e+00,2.550564146289386880e+00,3.183296143529927916e-03
7.000000000000000000e+00,2.552943227520946490e+00,8.516497601854110429e-04
7.000000000000000000e+00,2.555321484608414462e+00,7.592996581773920999e-03
7.000000000000000000e+00,2.557698900527907160e+00,7.867304342494921623e-03
7.000000000000000000e+00,2.560075458202479837e+00,7.667621637722318861e-03
7.000000000000000000e+00,2.562451140502226998e+00,8.512792597356841004e-03
7.000000000000000000e+00,2.564831236037994344e+00,8.869462016360891640e-03
7.000000000000000000e+00,2.567210441454971015e+00,8.864018447794438232e-03
7.000000000000000000e+00,2.569588739480965334e+00,6.671915980409387839e-03
7.000000000000000000e+00,2.571966112790943892e+00,9.902461387307305574e-03
7.000000000000000000e+00,2.574342544007147904e+00,2.355103969832888524e-04
7.000000000000000000e+00,2.576723370808659652e+00,4.211544927285768795e-04
7.000000000000000000e+00,2.579097875367938553e+00,5.825029421404686551e-04
7.000000000000000000e+00,2.581476760275176030e+00,5.164623097725266432e-05
7.000000000000000000e+00,2.583854652848235123e+00,6.474438903441022517e-05
7.000000000000000000e+00,2.586231535461967379e+00,7.060999510070847308e-05
7.000000000000000000e+00,2.588612795081014717e+00,7.890110708632266077e-05
7.000000000000000000e+00,2.590987614612529910e+00,2.781326099899064858e-05
7.000000000000000000e+00,2.593366795512073164e+00,1.006663181820575056e-05
7.000000000000000000e+00,2.595744915317689472e+00,1.381528401779629021e-05
7.000000000000000000e+00,2.598121956157397161e+00,1.911435029364507351e-05
7.000000000000000000e+00,2.600497900107185067e+00,3.252399620868091668e-05
7.000000000000000000e+00,2.602878193565458798e+00,2.923078476330012964e-05
7.000000000000000000e+00,2.605257374095403922e+00,1.004101382725565271e-05
7.000000000000000000e+00,2.607635423630717320e+00,4.103080729105081659e-06
7.000000000000000000e+00,2.610012324053281763e+00,1.946354594355712277e-05
7.000000000000000000e+00,2.612388057193310686e+00,2.653662136847503955e-05
7.000000000000000000e+00,2.614768119240192146e+00,3.507966672533286876e-05
7.000000000000000000e+00,2.617146997564059774e+00,8.795422445749801713e-06
7.000000000000000000e+00,2.619524673852972718e+00,3.022904734176695642e-06
7.000000000000000000e+00,2.621901129743555270e+00,7.254026668382821210e-05
7.000000000000000000e+00,2.624281901432961472e+00,9.596560862587220095e-05
7.000000000000000000e+00,2.626655871285938915e+00,1.446378763048158846e-03
7.000000000000000000e+00,2.629034140094493655e+00,1.557675025998901067e-03
7.000000000000000000e+00,2.631416719546495031e+00,1.535024307955353126e-03
7.000000000000000000e+00,2.633792431410708623e+00,1.504796380069318117e-03
7.000000000000000000e+00,2.636172436860944934e+00,1.589689237092911092e-03
7.000000000000000000e+00,2.638545517161249965e+00,1.928678065133885124e-03
7.000000000000000000e+00,2.640928499105384297e+00,3.257286402183142988e-05
7.000000000000000000e+00,2.643304518349861354e+00,4.592497498644307151e-06
7.000000000000000000e+00,2.645684816809926954e+00,3.615493106067563971e-05
7.000000000000000000e+00,2.648058094547728558e+00,1.129483854708624271e-04
7.000000000000000000e+00,2.650435633945297020e+00,8.402195057538781355e-05
7.000000000000000000e+00,2.652817446491849473e+00,9.570575344676596186e-05
7.000000000000000000e+00,2.655192171178932803e+00,4.812373028254342169e-05
7.000000000000000000e+00,2.657571151243650398e+00,1.098150263508606802e-05
7.000000000000000000e+00,2.659948691486012429e+00,3.086372778842555296e-05
7.000000000000000000e+00,2.662330489570499559e+00,4.601248060563970996e-05
7.000000000000000000e+00,2.664705102769717726e+00,1.026260953063704376e-04
7.000000000000000000e+00,2.667083955729373734e+00,6.491011529851137989e-05
7.000000000000000000e+00,2.669461312276356413e+00,6.248702106764258480e-05
7.000000000000000000e+00,2.671837153036051848e+00,1.600387714954369203e-05
7.000000000000000000e+00,2.674217226595466013e+00,2.361959843094433374e-05
7.000000000000000000e+00,2.676595765975274599e+00,5.713882301424272900e-05
7.000000000000000000e+00,2.678972751659991935e+00,3.056727977259525659e-04
7.000000000000000000e+00,2.681353962923400225e+00,2.693581585143183486e-04
7.000000000000000000e+00,2.683727792746523733e+00,1.368945226189602956e-03
7.000000000000000000e+00,2.686105829445210702e+00,6.883544648986464516e-04
7.000000000000000000e+00,2.688488084212449003e+00,1.706128492117091116e-03
7.000000000000000000e+00,2.690862888123974894e+00,7.879677953606511326e-03
7.000000000000000000e+00,2.693241891183510539e+00,7.700956560091134183e-03
7.000000000000000000e+00,2.695619243808531795e+00,7.891456414948686340e-03
7.000000000000000000e+00,2.697994926104692492e+00,4.827263634119543373e-03
7.000000000000000000e+00,2.700374799530429026e+00,6.299311481923594927e-03
7.000000000000000000e+00,2.702752983395575903e+00,2.246850841333246774e-04
7.000000000000000000e+00,2.705129457665879755e+00,1.357636695898877758e-04
7.000000000000000000e+00,2.707510114782492927e+00,2.709327992953518909e-05
7.000000000000000000e+00,2.709889042854494612e+00,2.524175530083677828e-05
7.000000000000000000e+00,2.712266221707900993e+00,1.079142320988680828e-05
7.000000000000000000e+00,2.714641631120770615e+00,2.651356978926027049e-05
7.000000000000000000e+00,2.717021204959639391e+00,2.078741586104397462e-05
7.000000000000000000e+00,2.719398989596979010e+00,3.674303151319780998e-05
7.000000000000000000e+00,2.721774964671693997e+00,2.419589442505307961e-05
7.000000000000000000e+00,2.724155095219163325e+00,3.036440188268385207e-05
7.000000000000000000e+00,2.726533396224594785e+00,1.395696765223378398e-05
7.000000000000000000e+00,2.728909847187990234e+00,1.332036626936142294e-05
7.000000000000000000e+00,2.731290444402350470e+00,4.752434574712705243e-06
7.000000000000000000e+00,2.733669171376605700e+00,3.449257979513811336e-06
7.000000000000000000e+00,2.736046007472129116e+00,1.794750682249740239e-06
7.000000000000000000e+00,2.738420932003415853e+00,4.402915359198933458e-06
7.000000000000000000e+00,2.740799983049091892e+00,6.544526293834338635e-06
7.000000000000000000e+00,2.743177102021586489e+00,9.713853906724361983e-06
7.000000000000000000e+00,2.745558347964158319e+00,1.122279797374019805e-05
7.000000000000000000e+00,2.747937641197727654e+00,1.211741936606026932e-05
7.000000000000000000e+00,2.750314960807459741e+00,1.025316225364387518e-05
7.000000000000000000e+00,2.752690285832279038e+00,7.765914212182869266e-06
7.000000000000000000e+00,2.755069717329380996e+00,4.913029556578726234e-06
7.000000000000000000e+00,2.757447133295085617e+00,4.294675658118649985e-06
7.000000000000000000e+00,2.759822512631141755e+00,3.785239000501516989e-06
7.000000000000000000e+00,2.762201987996263153e+00,3.347069817574687918e-06
7.000000000000000000e+00,2.764579405566437664e+00,2.843145638683168174e-06
7.000000000000000000e+00,2.766960919131962182e+00,2.550754423045466767e-06
7.000000000000000000e+00,2.769334167959193405e+00,2.454154849317046288e-06
7.000000000000000000e+00,2.771717687672561325e+00,2.246621030828651128e-06
7.000000000000000000e+00,2.774092899949887059e+00,1.919591695474535233e-06
7.000000000000000000e+00,2.776472186575843271e+00,1.758701203005116941e-06
7.000000000000000000e+00,2.778849329813015245e+00,1.265581629445284758e-06
7.000000000000000000e+00,2.781224308154069291e+00,2.142832055346941275e-06
7.000000000000000000e+00,2.783603349577585373e+00,1.608957470460510489e-06
7.000000000000000000e+00,2.785980204283322159e+00,2.815467226846452618e-06
7.000000000000000000e+00,2.788361121540816612e+00,2.295447068307167322e-06
7.000000000000000000e+00,2.790739830130332333e+00,4.143441019788983067e-06
7.000000000000000000e+00,2.793116308318245977e+00,3.203888134568082431e-06
7.000000000000000000e+00,2.795496837376052479e+00,5.524925415176233469e-06
7.000000000000000000e+00,2.797875113863212526e+00,4.291922702366389946e-06
7.000000000000000000e+00,2.800251115911298605e+00,5.106510438267078069e-06
7.000000000000000000e+00,2.802631156870153184e+00,5.534967202438011516e-06
7.000000000000000000e+00,2.805008901002245647e+00,6.343395622951784359e-06
7.000000000000000000e+00,2.807384326304926958e+00,6.702292254681161279e-06
7.000000000000000000e+00,2.809763778281390234e+00,7.035143335311509877e-06
7.000000000000000000e+00,2.812140888822362683e+00,8.210438342691565714e-06
7.000000000000000000e+00,2.814515635791587478e+00,9.520841583521553905e-06
7.000000000000000000e+00,2.816894396919202848e+00,9.716792948049078060e-06
7.000000000000000000e+00,2.819277182391831005e+00,1.029299497353270478e-05
7.000000000000000000e+00,2.821651159259273456e+00,1.037881971433999288e-05
7.000000000000000000e+00,2.824029137518142551e+00,1.347502617343649272e-05
7.000000000000000000e+00,2.826411127293623426e+00,2.460430254978003591e-05
7.000000000000000000e+00,2.828784230557050972e+00,1.930376618850572896e-05
7.000000000000000000e+00,2.831161322165572702e+00,3.858263148803726733e-05
7.000000000000000000e+00,2.833542412182134651e+00,3.773681694537410741e-05
7.000000000000000000e+00,2.835921024016914149e+00,9.693157613141575478e-04
7.000000000000000000e+00,2.838297135088118761e+00,1.004004474594667566e-03
7.000000000000000000e+00,2.840677231205615438e+00,1.142546287324228572e-03
7.000000000000000000e+00,2.843054803040627743e+00,1.173788447521795708e-03
7.000000000000000000e+00,2.845429827880051832e+00,2.309812608957161398e-04
7.000000000000000000e+00,2.847808824123101878e+00,2.083429257789934017e-04
7.000000000000000000e+00,2.850185249634491935e+00,1.750121018071084902e-05
7.000000000000000000e+00,2.852565644594050376e+00,1.071919707851508115e-05
7.000000000000000000e+00,2.854943444955898801e+00,1.315558500261441007e-05
7.000000000000000000e+00,2.857318627786822773e+00,9.987300925756282621e-06
7.000000000000000000e+00,2.859697765996172869e+00,1.063333916059123331e-05
7.000000000000000000e+00,2.862080869472485301e+00,8.990759232049083747e-06
7.000000000000000000e+00,2.864454712355927857e+00,9.134374818627200027e-06
7.000000000000000000e+00,2.866832496293459265e+00,8.248325052870196023e-06
7.000000000000000000e+00,2.869214231107640511e+00,3.711837734387840355e-06
7.000000000000000000e+00,2.871586624881306449e+00,5.866351123020398361e-06
7.000000000000000000e+00,2.873969606985570024e+00,3.789128971126755538e-06
7.000000000000000000e+00,2.876343201527446158e+00,3.161961869621565088e-06
7.000000000000000000e+00,2.878720719985517373e+00,2.345088960995605468e-06
7.000000000000000000e+00,2.881102172098087610e+00,1.967853781794793659e-06
7.000000000000000000e+00,2.883480861554354568e+00,1.421377716836898740e-06
7.000000000000000000e+00,2.885856764896066906e+00,2.276947789879609190e-06
7.000000000000000000e+00,2.888236586815389195e+00,4.490878859488174873e-06
7.000000000000000000e+00,2.890613597715197436e+00,4.989782126342261265e-06
7.000000000000000000e+00,2.892994524384758570e+00,3.282554582948370613e-06
7.000000000000000000e+00,2.895365853522527733e+00,1.076982636993190315e-06
7.000000000000000000e+00,2.897747845885614293e+00,5.986219241715713814e-07
7.000000000000000000e+00,2.900126977032283726e+00,3.486327881848302439e-06
7.000000000000000000e+00,2.902503223200517901e+00,4.994945775995880303e-06
7.000000000000000000e+00,2.904883366561006319e+00,1.974006546304058461e-06
7.000000000000000000e+00,2.907260599562923709e+00,1.307515722371293760e-06
7.000000000000000000e+00,2.909634898318774088e+00,5.344105774781956872e-07
7.000000000000000000e+00,2.912013078324352744e+00,2.616696649341282167e-06
7.000000000000000000e+00,2.914395149104420657e+00,5.063864310401180473e-06
7.000000000000000000e+00,2.916774258379155604e+00,2.512593270941851753e-06
7.000000000000000000e+00,2.919150382085439865e+00,2.186881535351554899e-06
7.000000000000000000e+00,2.921523496123781261e+00,3.926298163279295568e-07
7.000000000000000000e+00,2.923907367138645963e+00,6.955955028933865578e-07
7.000000000000000000e+00,2.926281318344463589e+00,4.772976110068205454e-06
7.000000000000000000e+00,2.928659127554641639e+00,6.059206803793766171e-06
7.000000000000000000e+00,2.931040804181527015e+00,4.285622473350496080e-06
7.000000000000000000e+00,2.933419417291878162e+00,9.168389205611872757e-07
7.000000000000000000e+00,2.935794942524495799e+00,3.469756895485209405e-07
7.000000000000000000e+00,2.938174318344370928e+00,4.564061217438984442e-06
7.000000000000000000e+00,2.940550579959972044e+00,9.166507028501906735e-06
7.000000000000000000e+00,2.942930688311046872e+00,3.821883405573505294e-06
7.000000000000000000e+00,2.945307656001242336e+00,3.072222374764508274e-06
7.000000000000000000e+00,2.947681458460930770e+00,1.920027782289099302e-07
7.000000000000000000e+00,2.950059090390392047e+00,2.310000602442205931e-05
7.000000000000000000e+00,2.952440561063782720e+00,2.718741288284770401e-04
7.000000000000000000e+00,2.954818837778843132e+00,2.780263210022986464e-04
7.000000000000000000e+00,2.957193895793339244e+00,3.029472572021964694e-04
7.000000000000000000e+00,2.959572774981745535e+00,1.518960788974505139e-05
7.000000000000000000e+00,2.961955484573179920e+00,3.632552404307629970e-06
7.000000000000000000e+00,2.964327858985216224e+00,1.323428798882884007e-06
7.000000000000000000e+00,2.966711135514628506e+00,8.890572181141301870e-06
7.000000000000000000e+00,2.969084027002956372e+00,2.460432257353957067e-06
7.000000000000000000e+00,2.971467838945096585e+00,2.013299817157936844e-06
7.000000000000000000e+00,2.973841215813263883e+00,1.513854168104226513e-05
7.000000000000000000e+00,2.976218387048926051e+00,3.497306333213547547e-06
7.000000000000000000e+00,2.978599361758565323e+00,7.235897607095305544e-06
7.000000000000000000e+00,2.980976981837772488e+00,3.185514929390228589e-04
7.000000000000000000e+00,2.983351222083469256e+00,5.819548692977742589e-04
7.000000000000000000e+00,2.985729247336589065e+00,4.365797045667614692e-04
7.000000000000000000e+00,2.988111066655426029e+00,1.464962059854086936e-05
7.000000000000000000e+00,2.990489476071835462e+00,1.659910463419256670e-06
7.000000000000000000e+00,2.992864450213154281e+00,9.468516002032589045e-06
7.000000000000000000e+00,2.995243199646329124e+00,2.940866237411978512e-06
7.000000000000000000e+00,2.997618485893688511e+00,1.420679471770599209e-06
7.000000000000000000e+00,2.999997542427555786e+00,4.945141595164758600e-06
8.000000000000000000e+00,1.423404188478144317e+00,7.267358855408898304e-05
8.000000000000000000e+00,1.425782566128521500e+00,1.187766929066245599e-05
8.000000000000000000e+00,1.428160679720647197e+00,4.148432555462060618e-05
8.000000000000000000e+00,1.430538486772758411e+00,6.099678459314155835e-05
8.000000000000000000e+00,1.432915944529842500e+00,2.926073088709551311e-05
8.000000000000000000e+00,1.435294671521053944e+00,9.063279429564274979e-05
8.000000000000000000e+00,1.437671306838161023e+00,1.383068829926343021e-05
8.000000000000000000e+00,1.440050808136397853e+00,5.508561970623869562e-05
8.000000000000000000e+00,1.442428130388856866e+00,8.414115042829432552e-05
8.000000000000000000e+00,1.444806580222042447e+00,3.758306573417072690e-05
8.000000000000000000e+00,1.447184440705151953e+00,1.324495874922534727e-04
8.000000000000000000e+00,1.449561667222405870e+00,2.083638140235347127e-05
8.000000000000000000e+00,1.451939915205273879e+00,9.817665714383206992e-05
8.000000000000000000e+00,1.454317450317589300e+00,1.463980063383563297e-04
8.000000000000000000e+00,1.456695938627691200e+00,7.696835683576037479e-05
8.000000000000000000e+00,1.459073634158916555e+00,1.500159813366718691e-04
8.000000000000000000e+00,1.461452213653828158e+00,2.519596068316047594e-05
8.000000000000000000e+00,1.463829919457844797e+00,1.301414908766844740e-04
8.000000000000000000e+00,1.466208439024566657e+00,1.524450994728356707e-04
8.000000000000000000e+00,1.468586002984929362e+00,8.376556711294820415e-05
8.000000000000000000e+00,1.470964309539829262e+00,1.919297150127287918e-04
8.000000000000000000e+00,1.473341577570034255e+00,4.098788079352670233e-05
8.000000000000000000e+00,1.475719516059424974e+00,1.406295826292843886e-04
8.000000000000000000e+00,1.478098094240766214e+00,1.431987671767293501e-04
8.000000000000000000e+00,1.480475513315234082e+00,1.044720003036543035e-04
8.000000000000000000e+00,1.482853498523538649e+00,1.827632931323253909e-04
8.000000000000000000e+00,1.485232018414436084e+00,4.573043932729967532e-05
8.000000000000000000e+00,1.487609256426934090e+00,9.240506045758863606e-05
8.000000000000000000e+00,1.489986954141012232e+00,6.972349435702346679e-05
8.000000000000000000e+00,1.492365079420795659e+00,8.596193477692017527e-05
8.000000000000000000e+00,1.494743599912236265e+00,1.528696220860171421e-04
8.000000000000000000e+00,1.497120675253670763e+00,6.162742231360999719e-05
8.000000000000000000e+00,1.499499882482282054e+00,2.364110336429833749e-04
8.000000000000000000e+00,1.501877567244239930e+00,1.194695361885480335e-04
8.000000000000000000e+00,1.504255504071110305e+00,1.773083194913642902e-04
8.000000000000000000e+00,1.506633659486564580e+00,1.908661010515896612e-04
8.000000000000000000e+00,1.509011999795530246e+00,9.539307431570604086e-05
8.000000000000000000e+00,1.511388648673164026e+00,2.170556675112375426e-04
8.000000000000000000e+00,1.513767251004833225e+00,7.195687138116280981e-05
8.000000000000000000e+00,1.516145935822170943e+00,1.609850237910285728e-04
8.000000000000000000e+00,1.518522808709106275e+00,1.283939456652784001e-04
8.000000000000000000e+00,1.520901548735163589e+00,1.020544759418267575e-04
8.000000000000000000e+00,1.523278395355869286e+00,1.719845379841388442e-04
8.000000000000000000e+00,1.525657050519223512e+00,4.875013237330999181e-05
8.000000000000000000e+00,1.528035613106303980e+00,1.629055426979255251e-04
8.000000000000000000e+00,1.530412158368475106e+00,9.225336039162053046e-05
8.000000000000000000e+00,1.532790422710940126e+00,1.010945302767497479e-04
8.000000000000000000e+00,1.535168486814444622e+00,1.345776567994756289e-04
8.000000000000000000e+00,1.537546314356687649e+00,5.795845109881214984e-05
8.000000000000000000e+00,1.539925781434329011e+00,1.654256502498450130e-04
8.000000000000000000e+00,1.542303031922281464e+00,6.517949267714331159e-05
8.000000000000000000e+00,1.544679935578640473e+00,1.197867794181158176e-04
8.000000000000000000e+00,1.547058385603538921e+00,1.167437588685012585e-04
8.000000000000000000e+00,1.549436426059346950e+00,8.639165565571207571e-05
8.000000000000000000e+00,1.551814019337569794e+00,1.973267434519706414e-04
8.000000000000000000e+00,1.554193075854291672e+00,3.822236380558385139e-05
8.000000000000000000e+00,1.556571621252926807e+00,1.024955236322329383e-04
8.000000000000000000e+00,1.558949617294478562e+00,5.749708641620995776e-05
8.000000000000000000e+00,1.561327025522138312e+00,7.405568764242093181e-05
8.000000000000000000e+00,1.563703807261558554e+00,9.924658599241269338e-05
8.000000000000000000e+00,1.566081901784048602e+00,4.424143055589530412e-05
8.000000000000000000e+00,1.568461288012522381e+00,1.370002416544108877e-04
8.000000000000000000e+00,1.570837964304495848e+00,4.927251821976552610e-05
8.000000000000000000e+00,1.573215865533810209e+00,1.241985122773699981e-04
8.000000000000000000e+00,1.575594970075133272e+00,1.110665364452721385e-04
8.000000000000000000e+00,1.577973247821740976e+00,1.079299793367770685e-04
8.000000000000000000e+00,1.580350658646643147e+00,2.513361937750457128e-04
8.000000000000000000e+00,1.582729182648527688e+00,2.816154405237095785e-05
8.000000000000000000e+00,1.585106770971465240e+00,8.186485140660977947e-05
8.000000000000000000e+00,1.587483382861448522e+00,4.387773493874483116e-05
8.000000000000000000e+00,1.589863054736732062e+00,7.434839626332842523e-05
8.000000000000000000e+00,1.592239647623282961e+00,7.730446304685685674e-05
8.000000000000000000e+00,1.594619254564539901e+00,8.849647587646641765e-06
8.000000000000000000e+00,1.596995699582284045e+00,1.315727087422653902e-04
8.000000000000000000e+00,1.599375112011809597e+00,3.527189476311292808e-05
8.000000000000000000e+00,1.601751278763500652e+00,1.336011876637768899e-04
8.000000000000000000e+00,1.604130365570978434e+00,7.769632760706876129e-05
8.000000000000000000e+00,1.606508203736388474e+00,1.065143917971730236e-04
8.000000000000000000e+00,1.608886838448475576e+00,2.206949923662071241e-04
8.000000000000000000e+00,1.611264151472938666e+00,2.037955385859794067e-05
8.000000000000000000e+00,1.613642199950546807e+00,2.452315582450104365e-04
8.000000000000000000e+00,1.616020959246320388e+00,7.745944753286565661e-05
8.000000000000000000e+00,1.618398292022371621e+00,2.239649348187029146e-04
8.000000000000000000e+00,1.620776273428434777e+00,1.997487847580275489e-04
8.000000000000000000e+00,1.623154878309403193e+00,2.143548669929552265e-04
8.000000000000000000e+00,1.625531950142255599e+00,4.738952365192503676e-04
8.000000000000000000e+00,1.627909582167395008e+00,5.771254316918414954e-05
8.000000000000000000e+00,1.630287748709084994e+00,7.094768875050630474e-04
8.000000000000000000e+00,1.632666423928462507e+00,2.573776833657749228e-04
8.000000000000000000e+00,1.635043425604618017e+00,1.151652872449841726e-03
8.000000000000000000e+00,1.637420871234776421e+00,6.024355992642878386e-04
8.000000000000000000e+00,1.639798734458945972e+00,8.331332066072180153e-06
8.000000000000000000e+00,1.642176988753630829e+00,2.799544212995690260e-03
8.000000000000000000e+00,1.644555607431689159e+00,2.509138276963309225e-04
8.000000000000000000e+00,1.646934563642211913e+00,2.924505542439606240e-03
8.000000000000000000e+00,1.649311636354932720e+00,7.781674787936994353e-02
8.000000000000000000e+00,1.651688979741587904e+00,8.719613221950375803e-02
8.000000000000000000e+00,1.654066566429912566e+00,9.551956540957112773e-02
8.000000000000000000e+00,1.656446581917050409e+00,1.259827139083289915e-01
8.000000000000000000e+00,1.658824578794847904e+00,1.398411588759573831e-01
8.000000000000000000e+00,1.661200510123229890e+00,1.714327394572874030e-01
8.000000000000000000e+00,1.663578793016376123e+00,1.979412853787291260e-01
8.000000000000000000e+00,1.665957179889875128e+00,2.366204971948309421e-01
8.000000000000000000e+00,1.668335642387050344e+00,2.762511177132609963e-01
8.000000000000000000e+00,1.670714151986992135e+00,3.248052377662807300e-01
8.000000000000000000e+00,1.673090422268976418e+00,3.789072278298492025e-01
8.000000000000000000e+00,1.675468933430814822e+00,4.245173152488481150e-01
8.000000000000000000e+00,1.677847405138119141e+00,4.768909790556790096e-01
8.000000000000000000e+00,1.680225808213018368e+00,5.042277888410356956e-01
8.000000000000000000e+00,1.682604113313405536e+00,5.214854550335488170e-01
8.000000000000000000e+00,1.684982290932964144e+00,5.097012831421867673e-01
8.000000000000000000e+00,1.687360311401208346e+00,4.819970512537040119e-01
8.000000000000000000e+00,1.689738144883533133e+00,4.424814585784963561e-01
8.000000000000000000e+00,1.692115761381273620e+00,3.900073633737355383e-01
8.000000000000000000e+00,1.694493130731776098e+00,3.477389286261511891e-01
8.000000000000000000e+00,1.696870222608480416e+00,2.991864279122824488e-01
8.000000000000000000e+00,1.699249335401934236e+00,2.642319217125122521e-01
8.000000000000000000e+00,1.701628122620680639e+00,2.285397920275203665e-01
8.000000000000000000e+00,1.704004211532359703e+00,2.028959999129329728e-01
8.000000000000000000e+00,1.706382248516707056e+00,1.792301434886169609e-01
8.000000000000000000e+00,1.708759867047055625e+00,1.593245247380578322e-01
8.000000000000000000e+00,1.711139397425514685e+00,1.489084278756277746e-01
8.000000000000000000e+00,1.713516091596347435e+00,1.347190138222988942e-01
8.000000000000000000e+00,1.715894647708231302e+00,1.300373623305309256e-01
8.000000000000000000e+00,1.718272672423617475e+00,1.229438223530512353e-01
8.000000000000000000e+00,1.720650133828133255e+00,1.234565264893192904e-01
8.000000000000000000e+00,1.723029394364145483e+00,1.231187797672409490e-01
8.000000000000000000e+00,1.725405639360965360e+00,1.286391117688113483e-01
8.000000000000000000e+00,1.727783632085690080e+00,1.383642930551005346e-01
8.000000000000000000e+00,1.730163359864028916e+00,1.438553551283990595e-01
8.000000000000000000e+00,1.732539967848906848e+00,1.634217600349008592e-01
8.000000000000000000e+00,1.734918258608534103e+00,1.713464562573052963e-01
8.000000000000000000e+00,1.737295784744042226e+00,1.956425145132794918e-01
8.000000000000000000e+00,1.739674954091988246e+00,1.938841185060828365e-01
8.000000000000000000e+00,1.742053305661134033e+00,1.783434147942439263e-02
8.000000000000000000e+00,1.744430805976284748e+00,1.441185500786566070e-02
8.000000000000000000e+00,1.746807421400558225e+00,1.204955762308978495e-01
8.000000000000000000e+00,1.749185585906543050e+00,1.381206985547449263e-03
8.000000000000000000e+00,1.751565285671503824e+00,1.427280112122992876e-02
8.000000000000000000e+00,1.753941544332989544e+00,1.979110376084840424e-03
8.000000000000000000e+00,1.756319283347408389e+00,8.053842649165863718e-03
8.000000000000000000e+00,1.758698488506720947e+00,2.074346413344984458e-03
8.000000000000000000e+00,1.761076644056678076e+00,7.134325264722942740e-03
8.000000000000000000e+00,1.763453715291095847e+00,2.561423718524121450e-03
8.000000000000000000e+00,1.765832182308382903e+00,5.312715864242623619e-03
8.000000000000000000e+00,1.768209508663195706e+00,4.591211448398205275e-03
8.000000000000000000e+00,1.770588187717695883e+00,1.141210862966376884e-03
8.000000000000000000e+00,1.772965669196805205e+00,8.022378114409742245e-03
8.000000000000000000e+00,1.775344459763996241e+00,8.734381975732193222e-04
8.000000000000000000e+00,1.777721995276969613e+00,4.911556174076685440e-03
8.000000000000000000e+00,1.780100795737554753e+00,5.571032840168755381e-04
8.000000000000000000e+00,1.782478283099381056e+00,2.263224064008300274e-03
8.000000000000000000e+00,1.784856990739158489e+00,4.989887338601567933e-04
8.000000000000000000e+00,1.787234326670235962e+00,1.006476053560343949e-03
8.000000000000000000e+00,1.789612837680196966e+00,7.477902612689537589e-04
8.000000000000000000e+00,1.791989917806559918e+00,2.760938574322583197e-04
8.000000000000000000e+00,1.794368127283230807e+00,1.532043483866952008e-03
8.000000000000000000e+00,1.796744846137017459e+00,5.122134205251503702e-04
8.000000000000000000e+00,1.799122648083041343e+00,1.210751829673650456e-03
8.000000000000000000e+00,1.801501516697256555e+00,3.671352224819547216e-04
8.000000000000000000e+00,1.803878810935230392e+00,1.022688484534117152e-03
8.000000000000000000e+00,1.806257124818080539e+00,3.190466023297596041e-04
8.000000000000000000e+00,1.808636441567766484e+00,8.916165355364194869e-04
8.000000000000000000e+00,1.811014098981616804e+00,4.896707644204438201e-04
8.000000000000000000e+00,1.813392711472929353e+00,7.930775936359032345e-04
8.000000000000000000e+00,1.815769602679484063e+00,6.997578654706434640e-04
8.000000000000000000e+00,1.818147400644648304e+00,8.270128332206085195e-04
8.000000000000000000e+00,1.820526087986671593e+00,1.393174694701614222e-03
8.000000000000000000e+00,1.822902967052714596e+00,2.572459870513725696e-04
8.000000000000000000e+00,1.825280686410676978e+00,1.772196517387003654e-03
8.000000000000000000e+00,1.827659228322897844e+00,2.915546812083121648e-04
8.000000000000000000e+00,1.830038574944468310e+00,2.009679349824807035e-03
8.000000000000000000e+00,1.832416000112327747e+00,4.703041387498056464e-04
8.000000000000000000e+00,1.834794179900823385e+00,1.877895996198065314e-03
8.000000000000000000e+00,1.837170373825880221e+00,7.282879444766286216e-04
8.000000000000000000e+00,1.839550001086070585e+00,2.157713686319696293e-03
8.000000000000000000e+00,1.841927591628267580e+00,9.269170743745102151e-04
8.000000000000000000e+00,1.844305849176059109e+00,2.339490574632211231e-03
8.000000000000000000e+00,1.846682004518993780e+00,1.555381561323529753e-03
8.000000000000000000e+00,1.849061532876481451e+00,1.826899224459361572e-03
8.000000000000000000e+00,1.851438907171361503e+00,2.946347847195233439e-03
8.000000000000000000e+00,1.853816858923008848e+00,2.783942072430157762e-04
8.000000000000000000e+00,1.856195368998788231e+00,4.014093347392364702e-03
8.000000000000000000e+00,1.858574418157592278e+00,3.279337048424156402e-04
8.000000000000000000e+00,1.860951193835267858e+00,8.594936685378754687e-03
8.000000000000000000e+00,1.863328455497598846e+00,8.631144976452381724e-04
8.000000000000000000e+00,1.865706183545688734e+00,6.555770774006380516e-03
8.000000000000000000e+00,1.868084358271926204e+00,5.812659871486850621e-02
8.000000000000000000e+00,1.870462959859882535e+00,4.554118768375213511e-02
8.000000000000000000e+00,1.872841968384215239e+00,4.825980119325250228e-02
8.000000000000000000e+00,1.875218527602503737e+00,4.249871151488910509e-02
8.000000000000000000e+00,1.877598282584272082e+00,4.004057051053239169e-02
8.000000000000000000e+00,1.879975533445847002e+00,3.424775487965968368e-02
8.000000000000000000e+00,1.882353096003137383e+00,3.150073044269254691e-02
8.000000000000000000e+00,1.884730949754881424e+00,2.693631735299439195e-02
8.000000000000000000e+00,1.887109074090651539e+00,2.305367550016964792e-02
8.000000000000000000e+00,1.889487448290790628e+00,2.215833163305878928e-02
8.000000000000000000e+00,1.891866051526354786e+00,2.019490079566503907e-02
8.000000000000000000e+00,1.894241968814363020e+00,2.344967031053224460e-02
8.000000000000000000e+00,1.896620959922661109e+00,2.853249155347225771e-02
8.000000000000000000e+00,1.899000116913673875e+00,4.377231528604302174e-02
8.000000000000000000e+00,1.901376502634666066e+00,6.426710112090562588e-02
8.000000000000000000e+00,1.903755920179471373e+00,1.029595129077262999e-01
8.000000000000000000e+00,1.906132508977648854e+00,1.476626778463381029e-01
8.000000000000000000e+00,1.908512101096307090e+00,2.195831281268025015e-01
8.000000000000000000e+00,1.910888806516348737e+00,2.969714554957571528e-01
8.000000000000000000e+00,1.913265533887637870e+00,4.055932112965031644e-01
8.000000000000000000e+00,1.915645221064280479e+00,5.093001143493168792e-01
8.000000000000000000e+00,1.918021933723900396e+00,6.211313509302691660e-01
8.000000000000000000e+00,1.920401576683357536e+00,6.741533645122264051e-01
8.000000000000000000e+00,1.922778185987368271e+00,6.600674960155500370e-01
8.000000000000000000e+00,1.925157695683840764e+00,5.525899515131065254e-01
8.000000000000000000e+00,1.927534112112835318e+00,4.218425117970135418e-01
8.000000000000000000e+00,1.929913398624609977e+00,3.011634492026048493e-01
8.000000000000000000e+00,1.932289531783984105e+00,2.130862653230460035e-01
8.000000000000000000e+00,1.934668504313772353e+00,1.648333300213405683e-01
8.000000000000000000e+00,1.937047289244272052e+00,1.234028535966079920e-01
8.000000000000000000e+00,1.939422829809603455e+00,1.078204733581569624e-01
8.000000000000000000e+00,1.941801162930054447e+00,8.934437688830720870e-02
8.000000000000000000e+00,1.944179239057897579e+00,8.929639298364946964e-02
8.000000000000000000e+00,1.946557034846245759e+00,8.228154847611758582e-02
8.000000000000000000e+00,1.948937590416296883e+00,8.907014984454743323e-02
8.000000000000000000e+00,1.951314762526208613e+00,8.195027017593617402e-02
8.000000000000000000e+00,1.953691583608964111e+00,1.010082868711821708e-01
8.000000000000000000e+00,1.956071115926188098e+00,1.488686607509852496e-02
8.000000000000000000e+00,1.958447170997391629e+00,1.017152611097295713e-03
8.000000000000000000e+00,1.960825904438677769e+00,1.965638130913081871e-02
8.000000000000000000e+00,1.963204206118381423e+00,4.188943683812056985e-04
8.000000000000000000e+00,1.965582051840911504e+00,7.441484558368161549e-03
8.000000000000000000e+00,1.967959417301841540e+00,8.318983121535719486e-04
8.000000000000000000e+00,1.970339409318672352e+00,9.899543616292782663e-03
8.000000000000000000e+00,1.972715748465783570e+00,4.922736435716934360e-04
8.000000000000000000e+00,1.975094680156374904e+00,4.235313323087449254e-03
8.000000000000000000e+00,1.977473048443104009e+00,3.360459348974002575e-04
8.000000000000000000e+00,1.979850828500714810e+00,1.786382007595993049e-03
8.000000000000000000e+00,1.982227995395533071e+00,1.513996617569096919e-04
8.000000000000000000e+00,1.984604524085609167e+00,1.294168317157341893e-03
8.000000000000000000e+00,1.986983573776171186e+00,5.856849827640696392e-05
8.000000000000000000e+00,1.989361950099164611e+00,6.799916840453977063e-04
8.000000000000000000e+00,1.991739627709276261e+00,3.255390390883832749e-05
8.000000000000000000e+00,1.994116581153200896e+00,4.352533488421861775e-04
8.000000000000000000e+00,1.996495999787446962e+00,1.987863849731424660e-05
8.000000000000000000e+00,1.998874658345563660e+00,4.493966155097063185e-04
8.000000000000000000e+00,2.001252531070988550e+00,1.933404035457188567e-05
8.000000000000000000e+00,2.003629592099526402e+00,4.276341989295033823e-04
8.000000000000000000e+00,2.006009061087529410e+00,2.883880991030609534e-05
8.000000000000000000e+00,2.008384428391164267e+00,3.973384754672544452e-04
8.000000000000000000e+00,2.010762166794522354e+00,3.144916865508955156e-05
8.000000000000000000e+00,2.013142273146784511e+00,4.444041074160897721e-04
8.000000000000000000e+00,2.015518191284053184e+00,3.019768933137940140e-05
8.000000000000000000e+00,2.017896439964003363e+00,4.270985748723077390e-04
8.000000000000000000e+00,2.020273723858567294e+00,3.983179139519226353e-05
8.000000000000000000e+00,2.022653315995031953e+00,3.900457195517469046e-04
8.000000000000000000e+00,2.025031905392828957e+00,3.686089187976728779e-05
8.000000000000000000e+00,2.027409465173173775e+00,4.269134713475977358e-04
8.000000000000000000e+00,2.029785968350953596e+00,3.769975229730597915e-05
8.000000000000000000e+00,2.032164718651917390e+00,3.846144986854713632e-04
8.000000000000000000e+00,2.034542373648666747e+00,4.145497343475687340e-05
8.000000000000000000e+00,2.036922252485694695e+00,3.675355365904871014e-04
8.000000000000000000e+00,2.039297642718866488e+00,2.967697769480226257e-05
8.000000000000000000e+00,2.041678579620796796e+00,3.987945240086594387e-04
8.000000000000000000e+00,2.044054972850176011e+00,2.336553177299399380e-05
8.000000000000000000e+00,2.046433526721744833e+00,3.579574371054539388e-04
8.000000000000000000e+00,2.048810851376187347e+00,2.176879128558465210e-05
8.000000000000000000e+00,2.051190312403015081e+00,3.255754633560612420e-04
8.000000000000000000e+00,2.053568504069569922e+00,1.470649056271952315e-05
8.000000000000000000e+00,2.055945398294015458e+00,3.245622309629401527e-04
8.000000000000000000e+00,2.058324384012754305e+00,1.042900733612772065e-05
8.000000000000000000e+00,2.060702031599246808e+00,2.329572030884940732e-04
8.000000000000000000e+00,2.063078312672746772e+00,7.562281029122443805e-06
8.000000000000000000e+00,2.065456639593524102e+00,1.588176748637305531e-04
8.000000000000000000e+00,2.067833558764816893e+00,4.587736032120055463e-06
8.000000000000000000e+00,2.070212498216723152e+00,2.383611201279180875e-04
8.000000000000000000e+00,2.072589988335185041e+00,9.278122412073658550e-06
8.000000000000000000e+00,2.074969472860463071e+00,4.562744063334549498e-04
8.000000000000000000e+00,2.077347466120683439e+00,2.529440287753608268e-05
8.000000000000000000e+00,2.079723939049616721e+00,7.306327866157583638e-04
8.000000000000000000e+00,2.082102359006916092e+00,6.448758303334151652e-05
8.000000000000000000e+00,2.084479216156104542e+00,9.766561909498696400e-04
8.000000000000000000e+00,2.086857993654473997e+00,1.330853564183087298e-04
8.000000000000000000e+00,2.089235165520535009e+00,1.078583434089911081e-03
8.000000000000000000e+00,2.091614230747953052e+00,1.571360221708962982e-04
8.000000000000000000e+00,2.093991647171488779e+00,1.075325664377335070e-03
8.000000000000000000e+00,2.096370929659487015e+00,1.535679017339212991e-04
8.000000000000000000e+00,2.098748519824702452e+00,1.115357240794831103e-03
8.000000000000000000e+00,2.101127948448022309e+00,1.563759780673733139e-04
8.000000000000000000e+00,2.103505640882435745e+00,9.696099579646252345e-04
8.000000000000000000e+00,2.105881566995955634e+00,2.036893653363232130e-04
8.000000000000000000e+00,2.108259281488489290e+00,6.504935809624741265e-04
8.000000000000000000e+00,2.110638778281487493e+00,2.594962443537169043e-04
8.000000000000000000e+00,2.113016450109418187e+00,4.205512497929317470e-04
8.000000000000000000e+00,2.115395875701245210e+00,3.222109705886660991e-04
8.000000000000000000e+00,2.117773431421519081e+00,2.370436444495255777e-04
8.000000000000000000e+00,2.120149086564412588e+00,5.434458781994045123e-04
8.000000000000000000e+00,2.122526443941901597e+00,1.280283952871334645e-05
8.000000000000000000e+00,2.124905497063319437e+00,6.164673646459523136e-04
8.000000000000000000e+00,2.127282589459348561e+00,2.856096738073509209e-05
8.000000000000000000e+00,2.129661348130645226e+00,7.561463391905528901e-04
8.000000000000000000e+00,2.132041766401622240e+00,8.123484859959390308e-05
8.000000000000000000e+00,2.134416488630205944e+00,6.562589063755751295e-04
8.000000000000000000e+00,2.136796506809325980e+00,1.035443398258741564e-04
8.000000000000000000e+00,2.139174456954846537e+00,5.064887104715441518e-04
8.000000000000000000e+00,2.141550307510549533e+00,1.539052179197025988e-04
8.000000000000000000e+00,2.143931441358600143e+00,3.264271522334957851e-04
8.000000000000000000e+00,2.146306729584555040e+00,1.976215367623748742e-04
8.000000000000000000e+00,2.148687286870718527e+00,2.560223289280135254e-04
8.000000000000000000e+00,2.151065666753996908e+00,2.093547315633739541e-04
8.000000000000000000e+00,2.153441837210316567e+00,1.347364414282452945e-04
8.000000000000000000e+00,2.155819514621453603e+00,2.787855617143460249e-04
8.000000000000000000e+00,2.158198691568031347e+00,5.078920884969950192e-05
8.000000000000000000e+00,2.160575595509616864e+00,3.644468234672559046e-04
8.000000000000000000e+00,2.162953967401529898e+00,2.208389655077860962e-05
8.000000000000000000e+00,2.165330017974534726e+00,3.371573265579501529e-04
8.000000000000000000e+00,2.167711294571818659e+00,8.309070825101688143e-05
8.000000000000000000e+00,2.170086419534671851e+00,4.452521928847306878e-04
8.000000000000000000e+00,2.172466754975850289e+00,1.847199324646897904e-04
8.000000000000000000e+00,2.174844688110332491e+00,8.075992584408692816e-04
8.000000000000000000e+00,2.177220185986402434e+00,7.305100386864298977e-04
8.000000000000000000e+00,2.179600878863794833e+00,3.382437776569936034e-04
8.000000000000000000e+00,2.181979103711777057e+00,1.034221738766744406e-02
8.000000000000000000e+00,2.184354827302986468e+00,1.211280374920354827e-02
8.000000000000000000e+00,2.186731873089897693e+00,1.226531130539785727e-02
8.000000000000000000e+00,2.189110232802705447e+00,1.648539351918897750e-02
8.000000000000000000e+00,2.191489898121623092e+00,2.171904593685405546e-02
8.000000000000000000e+00,2.193866978681393132e+00,3.054671769316885319e-02
8.000000000000000000e+00,2.196245331200582740e+00,4.428915937805195935e-02
8.000000000000000000e+00,2.198624947167761245e+00,6.348152314323671219e-02
8.000000000000000000e+00,2.201001910734452061e+00,9.307980481262188854e-02
8.000000000000000000e+00,2.203380103664479339e+00,1.290667910548708164e-01
8.000000000000000000e+00,2.205755593071625942e+00,1.809080359815664063e-01
8.000000000000000000e+00,2.208136210091760532e+00,2.244452039260456111e-01
8.000000000000000000e+00,2.210514089066549559e+00,2.709711093946756133e-01
8.000000000000000000e+00,2.212889195676467580e+00,2.853053870944856629e-01
8.000000000000000000e+00,2.215269411685253598e+00,2.770472299623077395e-01
8.000000000000000000e+00,2.217646820369182592e+00,2.473546101646441620e-01
8.000000000000000000e+00,2.220025362245094058e+00,2.069372300797466813e-01
8.000000000000000000e+00,2.222401044539729753e+00,1.737748484131597659e-01
8.000000000000000000e+00,2.224781816787405386e+00,1.416658891761750083e-01
8.000000000000000000e+00,2.227159693927706297e+00,1.252317379518821661e-01
8.000000000000000000e+00,2.229538650259491828e+00,1.074597826586427829e-01
8.000000000000000000e+00,2.231914658585150590e+00,9.780726961902695693e-02
8.000000000000000000e+00,2.234291710139395537e+00,8.876234641570504569e-02
8.000000000000000000e+00,2.236669795394403248e+00,8.069471473604188094e-02
8.000000000000000000e+00,2.239048904770509107e+00,7.525207259463378984e-02
8.000000000000000000e+00,2.241424976510854261e+00,6.813073363149117767e-02
8.000000000000000000e+00,2.243806096568353503e+00,6.735238956951704326e-02
8.000000000000000000e+00,2.246184142332022571e+00,6.551992213672040710e-02
8.000000000000000000e+00,2.248559078140137224e+00,7.317094092121413651e-02
8.000000000000000000e+00,2.250939041398960061e+00,7.261866128336849635e-02
8.000000000000000000e+00,2.253315857608640727e+00,8.172514637699061779e-02
8.000000000000000000e+00,2.255693594709365701e+00,3.580316275263100128e-03
8.000000000000000000e+00,2.258072242628007320e+00,6.187500011357496832e-03
8.000000000000000000e+00,2.260451791238908381e+00,3.005253530608716084e-03
8.000000000000000000e+00,2.262828100482377369e+00,2.198031428183779695e-03
8.000000000000000000e+00,2.265205272630280042e+00,4.425600237593336301e-04
8.000000000000000000e+00,2.267583297361956962e+00,1.531795490818325077e-03
8.000000000000000000e+00,2.269962164303962027e+00,5.090770340735816619e-04
8.000000000000000000e+00,2.272341863029972320e+00,6.504003596495495964e-04
8.000000000000000000e+00,2.274718209664019053e+00,7.349540353100269402e-04
8.000000000000000000e+00,2.277095349600728014e+00,2.744616915797256566e-04
8.000000000000000000e+00,2.279473272218509372e+00,6.415487387595143146e-04
8.000000000000000000e+00,2.281851966842678436e+00,1.774681390957788291e-04
8.000000000000000000e+00,2.284231422745374829e+00,5.539470100360697948e-04
8.000000000000000000e+00,2.286607412008805351e+00,3.111678779711508024e-04
8.000000000000000000e+00,2.288984123377203694e+00,5.523917250320739330e-04
8.000000000000000000e+00,2.291365780618124681e+00,7.213842824708596810e-04
8.000000000000000000e+00,2.293743912168016763e+00,4.486602651094143243e-04
8.000000000000000000e+00,2.296118480612924895e+00,2.273750528711890838e-03
8.000000000000000000e+00,2.298497970634805210e+00,1.085782767648448477e-03
8.000000000000000000e+00,2.300878127611091895e+00,2.709195633676655598e-03
8.000000000000000000e+00,2.303254661586480623e+00,3.802677698632452724e-02
8.000000000000000000e+00,2.305631822391659203e+00,4.400571144689417735e-02
8.000000000000000000e+00,2.308009598693951503e+00,4.602002461679421258e-02
8.000000000000000000e+00,2.310387979106963030e+00,5.655534113674991203e-02
8.000000000000000000e+00,2.312766952190511649e+00,6.203821065573188187e-02
8.000000000000000000e+00,2.315142183405042520e+00,7.030361481723297612e-02
8.000000000000000000e+00,2.317522298400336744e+00,7.905858793408840346e-02
8.000000000000000000e+00,2.319898630583908439e+00,8.409994962690417464e-02
8.000000000000000000e+00,2.322279841038421555e+00,8.926274334173690816e-02
8.000000000000000000e+00,2.324657227477955335e+00,8.362350790686939872e-02
8.000000000000000000e+00,2.327035118932285318e+00,7.355766584581141521e-02
8.000000000000000000e+00,2.329413503549994768e+00,5.907394994149686718e-02
8.000000000000000000e+00,2.331787983991368662e+00,4.433998517785809473e-02
8.000000000000000000e+00,2.334167310210840451e+00,3.445825706839773794e-02
8.000000000000000000e+00,2.336547093703715827e+00,2.688620172981437753e-02
8.000000000000000000e+00,2.338922910089027418e+00,2.337837629320312083e-02
8.000000000000000000e+00,2.341303562883347844e+00,2.243651133982559054e-02
8.000000000000000000e+00,2.343680206292833024e+00,2.303602692218251896e-02
8.000000000000000000e+00,2.346057240367172003e+00,2.644924660745411396e-02
8.000000000000000000e+00,2.348434652788937260e+00,3.065947816675777121e-02
8.000000000000000000e+00,2.350812431186368734e+00,3.693665642116876480e-02
8.000000000000000000e+00,2.353190563133336077e+00,4.522260005922953269e-02
8.000000000000000000e+00,2.355569036149298690e+00,5.023149795134645990e-02
8.000000000000000000e+00,2.357947837699267524e+00,5.800009892034587583e-02
8.000000000000000000e+00,2.360326955193766896e+00,6.015090658465282319e-02
8.000000000000000000e+00,2.362701873503119110e+00,5.565071319550259077e-02
8.000000000000000000e+00,2.365081575825791482e+00,5.481000059251409096e-02
8.000000000000000000e+00,2.367461555987104838e+00,4.449836266194694828e-02
8.000000000000000000e+00,2.369837271457410743e+00,3.601849123347876033e-03
8.000000000000000000e+00,2.372213220904162867e+00,1.962699484384040731e-03
8.000000000000000000e+00,2.374593939286923305e+00,3.256667209088863393e-03
8.000000000000000000e+00,2.376970326898085517e+00,4.181378041919912229e-04
8.000000000000000000e+00,2.379346909490778650e+00,6.006169975408833352e-04
8.000000000000000000e+00,2.381728249229686956e+00,4.450439013986554797e-04
8.000000000000000000e+00,2.384105191535353274e+00,1.274158156907333813e-04
8.000000000000000000e+00,2.386482289336266938e+00,4.965026945762458137e-04
8.000000000000000000e+00,2.388859529357821643e+00,2.661503015386903299e-04
8.000000000000000000e+00,2.391236898270765909e+00,1.464892912234514680e-04
8.000000000000000000e+00,2.393619003764643427e+00,3.681737148283349931e-04
8.000000000000000000e+00,2.395996599438805941e+00,1.789564740962762879e-04
8.000000000000000000e+00,2.398374283698073040e+00,1.494583089930155999e-04
8.000000000000000000e+00,2.400752042994434454e+00,2.564176723991319195e-04
8.000000000000000000e+00,2.403129863725176119e+00,1.362284620209435685e-04
8.000000000000000000e+00,2.405507732232872620e+00,1.973850357246747459e-04
8.000000000000000000e+00,2.407885634805378317e+00,2.204636217217621872e-04
8.000000000000000000e+00,2.410263557675826007e+00,1.029578487980534332e-04
8.000000000000000000e+00,2.412641487022620712e+00,2.661938075484423052e-04
8.000000000000000000e+00,2.415019408969439230e+00,2.129592712662178270e-04
8.000000000000000000e+00,2.417397309585231913e+00,8.499976472384711658e-05
8.000000000000000000e+00,2.419775174884221780e+00,2.575736333674451153e-04
8.000000000000000000e+00,2.422152990825908514e+00,2.068426689043826986e-04
8.000000000000000000e+00,2.424530743315073789e+00,1.954717397817038176e-04
8.000000000000000000e+00,2.426908418201789264e+00,2.881895691760634330e-04
8.000000000000000000e+00,2.429286001281421470e+00,1.833311426119780911e-04
8.000000000000000000e+00,2.431663478294642911e+00,1.952205130232625074e-04
8.000000000000000000e+00,2.434040834927446273e+00,2.776837951261300623e-04
8.000000000000000000e+00,2.436422844634672291e+00,1.658668623239175678e-04
8.000000000000000000e+00,2.438799926692925002e+00,1.288333007732586123e-04
8.000000000000000000e+00,2.441176845109251925e+00,2.364448840174144346e-04
8.000000000000000000e+00,2.443553585351005086e+00,1.367703309514332302e-04
8.000000000000000000e+00,2.445930132830938852e+00,9.391248794623490857e-05
8.000000000000000000e+00,2.448311307568818762e+00,1.754796375231433851e-04
8.000000000000000000e+00,2.450687434933867870e+00,1.007196476217196073e-04
8.000000000000000000e+00,2.453068178922694020e+00,6.853849076148650285e-05
8.000000000000000000e+00,2.455443827201868601e+00,1.264437759717261739e-04
8.000000000000000000e+00,2.457824081285056472e+00,8.316222124533702049e-05
8.000000000000000000e+00,2.460199191070725266e+00,4.546151505391491363e-05
8.000000000000000000e+00,2.462578895654787381e+00,7.321209527947216778e-05
8.000000000000000000e+00,2.464958307733604137e+00,6.578303007016764582e-05
8.000000000000000000e+00,2.467332502158201546e+00,2.988323996520051351e-05
8.000000000000000000e+00,2.469711274537423229e+00,4.541614909644650644e-05
8.000000000000000000e+00,2.472089709077717856e+00,5.951940642143524029e-05
8.000000000000000000e+00,2.474467790561501790e+00,2.313848133895543655e-05
8.000000000000000000e+00,2.476845503716746499e+00,3.136537462673857511e-05
8.000000000000000000e+00,2.479222833217026967e+00,5.998618171270588147e-05
8.000000000000000000e+00,2.481599763681567428e+00,2.228480179568735148e-05
8.000000000000000000e+00,2.483981256237295376e+00,2.446509137151611402e-05
8.000000000000000000e+00,2.486357351796226300e+00,6.110139208378038349e-05
8.000000000000000000e+00,2.488737997498906118e+00,3.279585652868807066e-05
8.000000000000000000e+00,2.491113196007286756e+00,2.222882296642158034e-05
8.000000000000000000e+00,2.493492932524325134e+00,5.651798012590647578e-05
8.000000000000000000e+00,2.495872195725481024e+00,4.237899630277208729e-05
8.000000000000000000e+00,2.498245935968249398e+00,1.718741453693339153e-05
8.000000000000000000e+00,2.500624195678618378e+00,5.522596893139758662e-05
8.000000000000000000e+00,2.503001934687554719e+00,5.253020997808778754e-05
8.000000000000000000e+00,2.505384199785404054e+00,9.691915454766968701e-06
8.000000000000000000e+00,2.507760859244102747e+00,3.724262534719611817e-05
8.000000000000000000e+00,2.510136950143142087e+00,5.373795776600438827e-05
8.000000000000000000e+00,2.512517547981021337e+00,1.214367341643561846e-05
8.000000000000000000e+00,2.514892463148078239e+00,4.113891484549887410e-05
8.000000000000000000e+00,2.517271872260600674e+00,5.973302721864041953e-05
8.000000000000000000e+00,2.519650667552726819e+00,2.506489430574194445e-05
8.000000000000000000e+00,2.522028832766149087e+00,6.968381118911511009e-05
8.000000000000000000e+00,2.524406351588751818e+00,8.362389623531647938e-05
8.000000000000000000e+00,2.526783207654688557e+00,3.770202627767380916e-05
8.000000000000000000e+00,2.529159384544463762e+00,8.041145545002467232e-05
8.000000000000000000e+00,2.531540034735527911e+00,1.157996331324736205e-04
8.000000000000000000e+00,2.533914813502587737e+00,8.780927948800825670e-05
8.000000000000000000e+00,2.536294051902468372e+00,5.974294940298918673e-05
8.000000000000000000e+00,2.538672564369699458e+00,1.302087882644041193e-04
8.000000000000000000e+00,2.541050334235800179e+00,1.669854078691569612e-04
8.000000000000000000e+00,2.543427344778853350e+00,9.825305521676098259e-05
8.000000000000000000e+00,2.545808806606810748e+00,1.041719915026517534e-04
8.000000000000000000e+00,2.548184257884455128e+00,2.219297863399141040e-04
8.000000000000000000e+00,2.550564146289386880e+00,2.365917652794091502e-04
8.000000000000000000e+00,2.552943227520946490e+00,1.306375267762033764e-04
8.000000000000000000e+00,2.555321484608414462e+00,1.436869010453047948e-04
8.000000000000000000e+00,2.557698900527907160e+00,3.751486336116864541e-04
8.000000000000000000e+00,2.560075458202479837e+00,3.356760286760230661e-04
8.000000000000000000e+00,2.562451140502226998e+00,1.924877927772098481e-04
8.000000000000000000e+00,2.564831236037994344e+00,3.210605918905066244e-04
8.000000000000000000e+00,2.567210441454971015e+00,6.421825730390639392e-04
8.000000000000000000e+00,2.569588739480965334e+00,3.327448945959681891e-03
8.000000000000000000e+00,2.571966112790943892e+00,8.139761912891247319e-04
8.000000000000000000e+00,2.574342544007147904e+00,1.094258642643963775e-02
8.000000000000000000e+00,2.576723370808659652e+00,1.069560902982446757e-02
8.000000000000000000e+00,2.579097875367938553e+00,1.033187605513744348e-02
8.000000000000000000e+00,2.581476760275176030e+00,1.053506344412483836e-02
8.000000000000000000e+00,2.583854652848235123e+00,9.693599831659294175e-03
8.000000000000000000e+00,2.586231535461967379e+00,8.558510003161347995e-03
8.000000000000000000e+00,2.588612795081014717e+00,7.529136202831152556e-03
8.000000000000000000e+00,2.590987614612529910e+00,6.788780988812580762e-03
8.000000000000000000e+00,2.593366795512073164e+00,6.115725919437257040e-03
8.000000000000000000e+00,2.595744915317689472e+00,5.399352999130175787e-03
8.000000000000000000e+00,2.598121956157397161e+00,4.874920458525452450e-03
8.000000000000000000e+00,2.600497900107185067e+00,4.625849790519306719e-03
8.000000000000000000e+00,2.602878193565458798e+00,4.486819235601396429e-03
8.000000000000000000e+00,2.605257374095403922e+00,4.303734399100327471e-03
8.000000000000000000e+00,2.607635423630717320e+00,4.058863690545353765e-03
8.000000000000000000e+00,2.610012324053281763e+00,3.901604664877676709e-03
8.000000000000000000e+00,2.612388057193310686e+00,3.788725771558519497e-03
8.000000000000000000e+00,2.614768119240192146e+00,3.737878967742630423e-03
8.000000000000000000e+00,2.617146997564059774e+00,4.721108417473805427e-04
8.000000000000000000e+00,2.619524673852972718e+00,1.154607441148356112e-03
8.000000000000000000e+00,2.621901129743555270e+00,1.852376421273958188e-03
8.000000000000000000e+00,2.624281901432961472e+00,1.007026398436987888e-04
8.000000000000000000e+00,2.626655871285938915e+00,2.536119597435622602e-05
8.000000000000000000e+00,2.629034140094493655e+00,3.376044209427473086e-05
8.000000000000000000e+00,2.631416719546495031e+00,6.146832484775813753e-05
8.000000000000000000e+00,2.633792431410708623e+00,6.342047601266872082e-05
8.000000000000000000e+00,2.636172436860944934e+00,1.360996091928738932e-04
8.000000000000000000e+00,2.638545517161249965e+00,6.117930918800415681e-05
8.000000000000000000e+00,2.640928499105384297e+00,2.324506768190235002e-03
8.000000000000000000e+00,2.643304518349861354e+00,2.793819057111935310e-03
8.000000000000000000e+00,2.645684816809926954e+00,3.235499475274361721e-03
8.000000000000000000e+00,2.648058094547728558e+00,3.693241425534537613e-03
8.000000000000000000e+00,2.650435633945297020e+00,4.208041777193997565e-03
8.000000000000000000e+00,2.652817446491849473e+00,4.639199849764915652e-03
8.000000000000000000e+00,2.655192171178932803e+00,4.921098707911226652e-03
8.000000000000000000e+00,2.657571151243650398e+00,5.033384540701193142e-03
8.000000000000000000e+00,2.659948691486012429e+00,4.946973238778708953e-03
8.000000000000000000e+00,2.662330489570499559e+00,4.860763039673294747e-03
8.000000000000000000e+00,2.664705102769717726e+00,4.757065409138089285e-03
8.000000000000000000e+00,2.667083955729373734e+00,4.763495870985351086e-03
8.000000000000000000e+00,2.669461312276356413e+00,4.721840027329274846e-03
8.000000000000000000e+00,2.671837153036051848e+00,4.708804430570304699e-03
8.000000000000000000e+00,2.674217226595466013e+00,4.706333218591438397e-03
8.000000000000000000e+00,2.676595765975274599e+00,4.754081485465674016e-03
8.000000000000000000e+00,2.678972751659991935e+00,4.619474854656767382e-03
8.000000000000000000e+00,2.681353962923400225e+00,4.906259128148064697e-03
8.000000000000000000e+00,2.683727792746523733e+00,5.114065446684103655e-04
8.000000000000000000e+00,2.686105829445210702e+00,1.197839440745955325e-04
8.000000000000000000e+00,2.688488084212449003e+00,4.517786218594222023e-05
8.000000000000000000e+00,2.690862888123974894e+00,1.832016015110775700e-04
8.000000000000000000e+00,2.693241891183510539e+00,6.033342204099166302e-04
8.000000000000000000e+00,2.695619243808531795e+00,6.296571306928813684e-04
8.000000000000000000e+00,2.697994926104692492e+00,3.719895155949910510e-03
8.000000000000000000e+00,2.700374799530429026e+00,2.015521657717784902e-03
8.000000000000000000e+00,2.702752983395575903e+00,7.811135077384585151e-03
8.000000000000000000e+00,2.705129457665879755e+00,7.495020483747744794e-03
8.000000000000000000e+00,2.707510114782492927e+00,7.103334353071616425e-03
8.000000000000000000e+00,2.709889042854494612e+00,6.579339010363545980e-03
8.000000000000000000e+00,2.712266221707900993e+00,6.176253805867977856e-03
8.000000000000000000e+00,2.714641631120770615e+00,5.695636869271060963e-03
8.000000000000000000e+00,2.717021204959639391e+00,5.322825468542770333e-03
8.000000000000000000e+00,2.719398989596979010e+00,4.989172248667917905e-03
8.000000000000000000e+00,2.721774964671693997e+00,4.764576039592528442e-03
8.000000000000000000e+00,2.724155095219163325e+00,4.469625086655004860e-03
8.000000000000000000e+00,2.726533396224594785e+00,4.333281107037758456e-03
8.000000000000000000e+00,2.728909847187990234e+00,4.171045543490682107e-03
8.000000000000000000e+00,2.731290444402350470e+00,4.035709257330212865e-03
8.000000000000000000e+00,2.733669171376605700e+00,3.864523692830553261e-03
8.000000000000000000e+00,2.736046007472129116e+00,3.775457994903336223e-03
8.000000000000000000e+00,2.738420932003415853e+00,5.003560041057737500e-04
8.000000000000000000e+00,2.740799983049091892e+00,8.743025713708493752e-04
8.000000000000000000e+00,2.743177102021586489e+00,1.740084507392253407e-04
8.000000000000000000e+00,2.745558347964158319e+00,2.116654242826478474e-04
8.000000000000000000e+00,2.747937641197727654e+00,1.221340328752035698e-04
8.000000000000000000e+00,2.750314960807459741e+00,1.089879504948586611e-04
8.000000000000000000e+00,2.752690285832279038e+00,5.494831124028456547e-05
8.000000000000000000e+00,2.755069717329380996e+00,3.934756682506756976e-05
8.000000000000000000e+00,2.757447133295085617e+00,2.636174699102613716e-05
8.000000000000000000e+00,2.759822512631141755e+00,2.684502947458628278e-05
8.000000000000000000e+00,2.762201987996263153e+00,1.961174808354779805e-05
8.000000000000000000e+00,2.764579405566437664e+00,1.632554608769252547e-05
8.000000000000000000e+00,2.766960919131962182e+00,1.532222045075230490e-05
8.000000000000000000e+00,2.769334167959193405e+00,1.283554899346294366e-05
8.000000000000000000e+00,2.771717687672561325e+00,1.213757016832245003e-05
8.000000000000000000e+00,2.774092899949887059e+00,1.020592802450598444e-05
8.000000000000000000e+00,2.776472186575843271e+00,5.152511546917549673e-06
8.000000000000000000e+00,2.778849329813015245e+00,5.591616359937760882e-06
8.000000000000000000e+00,2.781224308154069291e+00,6.838634889209274610e-06
8.000000000000000000e+00,2.783603349577585373e+00,7.487166490006713862e-06
8.000000000000000000e+00,2.785980204283322159e+00,9.257257804152564299e-06
8.000000000000000000e+00,2.788361121540816612e+00,1.056132469982810845e-05
8.000000000000000000e+00,2.790739830130332333e+00,1.280976192176673590e-05
8.000000000000000000e+00,2.793116308318245977e+00,1.423787742071683331e-05
8.000000000000000000e+00,2.795496837376052479e+00,1.412680949999664336e-05
8.000000000000000000e+00,2.797875113863212526e+00,1.797061047558043222e-05
8.000000000000000000e+00,2.800251115911298605e+00,1.945675473792060308e-05
8.000000000000000000e+00,2.802631156870153184e+00,2.138431325949527911e-05
8.000000000000000000e+00,2.805008901002245647e+00,2.272749051952367526e-05
8.000000000000000000e+00,2.807384326304926958e+00,2.441350828971026340e-05
8.000000000000000000e+00,2.809763778281390234e+00,2.597939938923556075e-05
8.000000000000000000e+00,2.812140888822362683e+00,2.752128386327981887e-05
8.000000000000000000e+00,2.814515635791587478e+00,2.875582130028823071e-05
8.000000000000000000e+00,2.816894396919202848e+00,3.018006250316162165e-05
8.000000000000000000e+00,2.819277182391831005e+00,3.014706319312319369e-05
8.000000000000000000e+00,2.821651159259273456e+00,2.638478640994198484e-05
8.000000000000000000e+00,2.824029137518142551e+00,2.512634852181691545e-05
8.000000000000000000e+00,2.826411127293623426e+00,1.927251135893538742e-05
8.000000000000000000e+00,2.828784230557050972e+00,2.028616277112462439e-05
8.000000000000000000e+00,2.831161322165572702e+00,2.274654698767234184e-05
8.000000000000000000e+00,2.833542412182134651e+00,2.025670756923049904e-05
8.000000000000000000e+00,2.835921024016914149e+00,2.866570077440514972e-05
8.000000000000000000e+00,2.838297135088118761e+00,2.553465723855017391e-05
8.000000000000000000e+00,2.840677231205615438e+00,4.453251585054500536e-05
8.000000000000000000e+00,2.843054803040627743e+00,4.301353159817547598e-05
8.000000000000000000e+00,2.845429827880051832e+00,1.035012490835063434e-03
8.000000000000000000e+00,2.847808824123101878e+00,1.104065445480602705e-03
8.000000000000000000e+00,2.850185249634491935e+00,1.358014127056754927e-03
8.000000000000000000e+00,2.852565644594050376e+00,1.430063529954710404e-03
8.000000000000000000e+00,2.854943444955898801e+00,1.497995724409065081e-03
8.000000000000000000e+00,2.857318627786822773e+00,1.575260851660419473e-03
8.000000000000000000e+00,2.859697765996172869e+00,1.644971801324938325e-03
8.000000000000000000e+00,2.862080869472485301e+00,1.726392969858500355e-03
8.000000000000000000e+00,2.864454712355927857e+00,1.792286314682001083e-03
8.000000000000000000e+00,2.866832496293459265e+00,1.859979841248357102e-03
8.000000000000000000e+00,2.869214231107640511e+00,1.912875778262567317e-03
8.000000000000000000e+00,2.871586624881306449e+00,1.974222978676667354e-03
8.000000000000000000e+00,2.873969606985570024e+00,1.955192486038685989e-03
8.000000000000000000e+00,2.876343201527446158e+00,6.709982961730547382e-04
8.000000000000000000e+00,2.878720719985517373e+00,5.910824460115273425e-04
8.000000000000000000e+00,2.881102172098087610e+00,7.943899877951356994e-05
8.000000000000000000e+00,2.883480861554354568e+00,7.170072169604023091e-05
8.000000000000000000e+00,2.885856764896066906e+00,2.048844885320521859e-05
8.000000000000000000e+00,2.888236586815389195e+00,2.130356129670495571e-05
8.000000000000000000e+00,2.890613597715197436e+00,3.076224959453380367e-05
8.000000000000000000e+00,2.892994524384758570e+00,2.257112393431236159e-05
8.000000000000000000e+00,2.895365853522527733e+00,1.056747508928573788e-05
8.000000000000000000e+00,2.897747845885614293e+00,9.036937539114283109e-06
8.000000000000000000e+00,2.900126977032283726e+00,1.291687499645816889e-05
8.000000000000000000e+00,2.902503223200517901e+00,2.195635335315870862e-05
8.000000000000000000e+00,2.904883366561006319e+00,1.998432705470088114e-05
8.000000000000000000e+00,2.907260599562923709e+00,8.436544409483926100e-06
8.000000000000000000e+00,2.909634898318774088e+00,4.240652170874733296e-06
8.000000000000000000e+00,2.912013078324352744e+00,8.605689596257307849e-06
8.000000000000000000e+00,2.914395149104420657e+00,1.666784458711041833e-05
8.000000000000000000e+00,2.916774258379155604e+00,2.107842775549959746e-05
8.000000000000000000e+00,2.919150382085439865e+00,1.012459333304911338e-05
8.000000000000000000e+00,2.921523496123781261e+00,2.769021019998782492e-06
8.000000000000000000e+00,2.923907367138645963e+00,4.832818558408326953e-06
8.000000000000000000e+00,2.926281318344463589e+00,1.442868862297475031e-05
8.000000000000000000e+00,2.928659127554641639e+00,2.211189278919940680e-05
8.000000000000000000e+00,2.931040804181527015e+00,1.496765718236547668e-05
8.000000000000000000e+00,2.933419417291878162e+00,4.171014140621177125e-06
8.000000000000000000e+00,2.935794942524495799e+00,2.370547814798500520e-06
8.000000000000000000e+00,2.938174318344370928e+00,1.088223179143584630e-05
8.000000000000000000e+00,2.940550579959972044e+00,1.940095581239582829e-05
8.000000000000000000e+00,2.942930688311046872e+00,2.106218341892457914e-05
8.000000000000000000e+00,2.945307656001242336e+00,7.497690722005198484e-06
8.000000000000000000e+00,2.947681458460930770e+00,1.479432383606671277e-06
8.000000000000000000e+00,2.950059090390392047e+00,6.094179175799091285e-06
8.000000000000000000e+00,2.952440561063782720e+00,2.718409581591460592e-05
8.000000000000000000e+00,2.954818837778843132e+00,2.904498951191058955e-05
8.000000000000000000e+00,2.957193895793339244e+00,9.190154013438389162e-06
8.000000000000000000e+00,2.959572774981745535e+00,3.152864019807992500e-04
8.000000000000000000e+00,2.961955484573179920e+00,3.317812744940792273e-04
8.000000000000000000e+00,2.964327858985216224e+00,3.378265508384283651e-04
8.000000000000000000e+00,2.966711135514628506e+00,3.510041299182038287e-04
8.000000000000000000e+00,2.969084027002956372e+00,3.600181524828148755e-04
8.000000000000000000e+00,2.971467838945096585e+00,3.694911929271352084e-04
8.000000000000000000e+00,2.973841215813263883e+00,3.852552544536736096e-04
8.000000000000000000e+00,2.976218387048926051e+00,3.950390087653580921e-04
8.000000000000000000e+00,2.978599361758565323e+00,3.733014371414644476e-04
8.000000000000000000e+00,2.980976981837772488e+00,7.837504611053763707e-05
8.000000000000000000e+00,2.983351222083469256e+00,7.070887475433842568e-06
8.000000000000000000e+00,2.985729247336589065e+00,1.580183722614297479e-04
8.000000000000000000e+00,2.988111066655426029e+00,6.096580033571831394e-04
8.000000000000000000e+00,2.990489476071835462e+00,6.563777724924518223e-04
8.000000000000000000e+00,2.992864450213154281e+00,6.527500254166294230e-04
8.000000000000000000e+00,2.995243199646329124e+00,6.895098169907742285e-04
8.000000000000000000e+00,2.997618485893688511e+00,7.266056109053827721e-04
8.000000000000000000e+00,2.999997542427555786e+00,7.182043562651363802e-04
9.000000000000000000e+00,1.428160679720647197e+00,3.381232628640531933e-06
9.000000000000000000e+00,1.440050808136397853e+00,4.013209806212737578e-06
9.000000000000000000e+00,1.442428130388856866e+00,1.041480570238333783e-05
9.000000000000000000e+00,1.444806580222042447e+00,2.602212410232621677e-06
9.000000000000000000e+00,1.447184440705151953e+00,1.405803190061768947e-05
9.000000000000000000e+00,1.449561667222405870e+00,2.723473657994041761e-06
9.000000000000000000e+00,1.451939915205273879e+00,1.246021441890856157e-05
9.000000000000000000e+00,1.454317450317589300e+00,3.364733724179653921e-05
9.000000000000000000e+00,1.456695938627691200e+00,1.403961025270245177e-05
9.000000000000000000e+00,1.459073634158916555e+00,4.252454941825266181e-05
9.000000000000000000e+00,1.461452213653828158e+00,5.310373610375860491e-06
9.000000000000000000e+00,1.463829919457844797e+00,3.883363524672301428e-05
9.000000000000000000e+00,1.466208439024566657e+00,7.856149521282842184e-05
9.000000000000000000e+00,1.468586002984929362e+00,1.982926369286125721e-05
9.000000000000000000e+00,1.470964309539829262e+00,1.013724411833700199e-04
9.000000000000000000e+00,1.473341577570034255e+00,1.039884111657945856e-05
9.000000000000000000e+00,1.475719516059424974e+00,4.734550634193116718e-05
9.000000000000000000e+00,1.478098094240766214e+00,7.068642498789751507e-05
9.000000000000000000e+00,1.480475513315234082e+00,1.917560624055898968e-05
9.000000000000000000e+00,1.482853498523538649e+00,5.486415788769817710e-05
9.000000000000000000e+00,1.485232018414436084e+00,3.627209738399674338e-06
9.000000000000000000e+00,1.487609256426934090e+00,2.411939305679285339e-05
9.000000000000000000e+00,1.489986954141012232e+00,1.031963387773163188e-04
9.000000000000000000e+00,1.492365079420795659e+00,5.836255797631647192e-05
9.000000000000000000e+00,1.494743599912236265e+00,1.947467746702371736e-04
9.000000000000000000e+00,1.497120675253670763e+00,4.245586010282199874e-05
9.000000000000000000e+00,1.499499882482282054e+00,2.915032228597953736e-04
9.000000000000000000e+00,1.501877567244239930e+00,2.455470107635554511e-04
9.000000000000000000e+00,1.504255504071110305e+00,1.296918963108310049e-04
9.000000000000000000e+00,1.506633659486564580e+00,2.959752517164345592e-04
9.000000000000000000e+00,1.509011999795530246e+00,7.076964540276867665e-05
9.000000000000000000e+00,1.511388648673164026e+00,3.179605823840877849e-04
9.000000000000000000e+00,1.513767251004833225e+00,2.079458458258343827e-04
9.000000000000000000e+00,1.516145935822170943e+00,1.204558917872492282e-04
9.000000000000000000e+00,1.518522808709106275e+00,2.179276489183801062e-04
9.000000000000000000e+00,1.520901548735163589e+00,7.555982829093087845e-05
9.000000000000000000e+00,1.523278395355869286e+00,2.634637769863187309e-04
9.000000000000000000e+00,1.525657050519223512e+00,3.341379813365079072e-05
9.000000000000000000e+00,1.528035613106303980e+00,1.360235371961759248e-04
9.000000000000000000e+00,1.530412158368475106e+00,1.995389447609756959e-04
9.000000000000000000e+00,1.532790422710940126e+00,8.765361474680814183e-05
9.000000000000000000e+00,1.535168486814444622e+00,2.409829248258055006e-04
9.000000000000000000e+00,1.537546314356687649e+00,4.186195311220743516e-05
9.000000000000000000e+00,1.539925781434329011e+00,1.458406593218257322e-04
9.000000000000000000e+00,1.542303031922281464e+00,1.732781903903307696e-04
9.000000000000000000e+00,1.544679935578640473e+00,9.016976318169206102e-05
9.000000000000000000e+00,1.547058385603538921e+00,2.159317577617362422e-04
9.000000000000000000e+00,1.549436426059346950e+00,4.907707412770998348e-05
9.000000000000000000e+00,1.551814019337569794e+00,2.450250062374716999e-04
9.000000000000000000e+00,1.554193075854291672e+00,1.435175972575814061e-04
9.000000000000000000e+00,1.556571621252926807e+00,1.017367984260248288e-04
9.000000000000000000e+00,1.558949617294478562e+00,1.711058583631728126e-04
9.000000000000000000e+00,1.561327025522138312e+00,6.434569954071574032e-05
9.000000000000000000e+00,1.563703807261558554e+00,1.980210257709899362e-04
9.000000000000000000e+00,1.566081901784048602e+00,3.444973216822375611e-05
9.000000000000000000e+00,1.568461288012522381e+00,1.258424799001591681e-04
9.000000000000000000e+00,1.570837964304495848e+00,1.505198822956337697e-04
9.000000000000000000e+00,1.573215865533810209e+00,9.689416279708399791e-05
9.000000000000000000e+00,1.575594970075133272e+00,2.214442162861512367e-04
9.000000000000000000e+00,1.577973247821740976e+00,7.169511246358879959e-05
9.000000000000000000e+00,1.580350658646643147e+00,3.064530304692370389e-04
9.000000000000000000e+00,1.582729182648527688e+00,1.107705246990201248e-04
9.000000000000000000e+00,1.585106770971465240e+00,9.689173652948662892e-05
9.000000000000000000e+00,1.587483382861448522e+00,1.393461298328297531e-04
9.000000000000000000e+00,1.589863054736732062e+00,6.153000266310373488e-05
9.000000000000000000e+00,1.592239647623282961e+00,1.725117493556111478e-04
9.000000000000000000e+00,1.594619254564539901e+00,8.293672175972580454e-05
9.000000000000000000e+00,1.596995699582284045e+00,1.217564179615060130e-04
9.000000000000000000e+00,1.599375112011809597e+00,1.097379812279451245e-04
9.000000000000000000e+00,1.601751278763500652e+00,8.163818942695225307e-05
9.000000000000000000e+00,1.604130365570978434e+00,1.503478806280345536e-04
9.000000000000000000e+00,1.606508203736388474e+00,5.188400947267137229e-05
9.000000000000000000e+00,1.608886838448475576e+00,1.438546722399392604e-04
9.000000000000000000e+00,1.611264151472938666e+00,9.871929529517898974e-05
9.000000000000000000e+00,1.613642199950546807e+00,1.195751596636006250e-04
9.000000000000000000e+00,1.616020959246320388e+00,1.300199173951907821e-04
9.000000000000000000e+00,1.618398292022371621e+00,9.091385641956906637e-05
9.000000000000000000e+00,1.620776273428434777e+00,1.825192273903082619e-04
9.000000000000000000e+00,1.623154878309403193e+00,5.723182476318034004e-05
9.000000000000000000e+00,1.625531950142255599e+00,1.930986210992239455e-04
9.000000000000000000e+00,1.627909582167395008e+00,1.307519671113215498e-04
9.000000000000000000e+00,1.630287748709084994e+00,1.833120036682843814e-04
9.000000000000000000e+00,1.632666423928462507e+00,2.188802401360903118e-04
9.000000000000000000e+00,1.635043425604618017e+00,1.288532875082149432e-04
9.000000000000000000e+00,1.637420871234776421e+00,2.351060078191707209e-04
9.000000000000000000e+00,1.639798734458945972e+00,8.586296912310889637e-05
9.000000000000000000e+00,1.642176988753630829e+00,2.260771842737250333e-04
9.000000000000000000e+00,1.644555607431689159e+00,1.456594634708691821e-04
9.000000000000000000e+00,1.646934563642211913e+00,2.081876795984656688e-04
9.000000000000000000e+00,1.649311636354932720e+00,2.363042557555024216e-04
9.000000000000000000e+00,1.651688979741587904e+00,1.832939813749250447e-04
9.000000000000000000e+00,1.654066566429912566e+00,3.620015898737248767e-04
9.000000000000000000e+00,1.656446581917050409e+00,1.199213158263949498e-04
9.000000000000000000e+00,1.658824578794847904e+00,4.699033999544624291e-04
9.000000000000000000e+00,1.661200510123229890e+00,2.413561521378843739e-04
9.000000000000000000e+00,1.663578793016376123e+00,4.334206139410653655e-04
9.000000000000000000e+00,1.665957179889875128e+00,4.439142965725499440e-04
9.000000000000000000e+00,1.668335642387050344e+00,4.543098723454078950e-04
9.000000000000000000e+00,1.670714151986992135e+00,6.978110552031980282e-04
9.000000000000000000e+00,1.673090422268976418e+00,1.678076264017991251e-04
9.000000000000000000e+00,1.675468933430814822e+00,1.130416745075453564e-03
9.000000000000000000e+00,1.677847405138119141e+00,3.934358118865898890e-04
9.000000000000000000e+00,1.680225808213018368e+00,1.137200708151139611e-03
9.000000000000000000e+00,1.682604113313405536e+00,6.560395797089669991e-04
9.000000000000000000e+00,1.684982290932964144e+00,1.034033305295328038e-03
9.000000000000000000e+00,1.687360311401208346e+00,9.457826820821643417e-04
9.000000000000000000e+00,1.689738144883533133e+00,1.007392086887979308e-04
9.000000000000000000e+00,1.692115761381273620e+00,1.359552647117163657e-03
9.000000000000000000e+00,1.694493130731776098e+00,2.300690334229578513e-04
9.000000000000000000e+00,1.696870222608480416e+00,8.430589936116696581e-04
9.000000000000000000e+00,1.699249335401934236e+00,4.134193678003775501e-04
9.000000000000000000e+00,1.701628122620680639e+00,7.354772138973924255e-04
9.000000000000000000e+00,1.704004211532359703e+00,5.183988008479473034e-04
9.000000000000000000e+00,1.706382248516707056e+00,5.620029009641479365e-04
9.000000000000000000e+00,1.708759867047055625e+00,1.047511432578331764e-03
9.000000000000000000e+00,1.711139397425514685e+00,1.234106366303173237e-04
9.000000000000000000e+00,1.713516091596347435e+00,1.155832576069360917e-03
9.000000000000000000e+00,1.715894647708231302e+00,3.146047080071783962e-04
9.000000000000000000e+00,1.718272672423617475e+00,1.122696830170605070e-03
9.000000000000000000e+00,1.720650133828133255e+00,7.478523512584299166e-04
9.000000000000000000e+00,1.723029394364145483e+00,1.333517572749806559e-03
9.000000000000000000e+00,1.725405639360965360e+00,1.296639173648181593e-03
9.000000000000000000e+00,1.727783632085690080e+00,1.135848075214831283e-04
9.000000000000000000e+00,1.730163359864028916e+00,3.695803226203450177e-03
9.000000000000000000e+00,1.732539967848906848e+00,4.852721902584519222e-04
9.000000000000000000e+00,1.734918258608534103e+00,7.628852439739931303e-03
9.000000000000000000e+00,1.737295784744042226e+00,2.415384366159698502e-03
9.000000000000000000e+00,1.739674954091988246e+00,1.263469593543375263e-02
9.000000000000000000e+00,1.742053305661134033e+00,1.892827885797398468e-01
9.000000000000000000e+00,1.744430805976284748e+00,2.081700381601350736e-01
9.000000000000000000e+00,1.746807421400558225e+00,1.312855497438641383e-01
9.000000000000000000e+00,1.749185585906543050e+00,2.813431602483890681e-01
9.000000000000000000e+00,1.751565285671503824e+00,2.955976470283298019e-01
9.000000000000000000e+00,1.753941544332989544e+00,3.403542023151021612e-01
9.000000000000000000e+00,1.756319283347408389e+00,3.657149690184015589e-01
9.000000000000000000e+00,1.758698488506720947e+00,4.093856490666273329e-01
9.000000000000000000e+00,1.761076644056678076e+00,4.454172095536471643e-01
9.000000000000000000e+00,1.763453715291095847e+00,4.986479077800761717e-01
9.000000000000000000e+00,1.765832182308382903e+00,5.498715703942957944e-01
9.000000000000000000e+00,1.768209508663195706e+00,6.088095717132493423e-01
9.000000000000000000e+00,1.770588187717695883e+00,6.640682952320660082e-01
9.000000000000000000e+00,1.772965669196805205e+00,6.716255488157457654e-01
9.000000000000000000e+00,1.775344459763996241e+00,6.412427474939519367e-01
9.000000000000000000e+00,1.777721995276969613e+00,5.237247149815191793e-01
9.000000000000000000e+00,1.780100795737554753e+00,4.047484285424483019e-01
9.000000000000000000e+00,1.782478283099381056e+00,2.942617282351019381e-01
9.000000000000000000e+00,1.784856990739158489e+00,2.280616190321784476e-01
9.000000000000000000e+00,1.787234326670235962e+00,1.835132690064026351e-01
9.000000000000000000e+00,1.789612837680196966e+00,1.606176365986456966e-01
9.000000000000000000e+00,1.791989917806559918e+00,1.470894860415338512e-01
9.000000000000000000e+00,1.794368127283230807e+00,1.374822868323621605e-01
9.000000000000000000e+00,1.796744846137017459e+00,1.378802773168318618e-01
9.000000000000000000e+00,1.799122648083041343e+00,1.511581190676658248e-01
9.000000000000000000e+00,1.801501516697256555e+00,1.673347447547399447e-01
9.000000000000000000e+00,1.803878810935230392e+00,1.782987092734293066e-01
9.000000000000000000e+00,1.806257124818080539e+00,1.915681539063900096e-01
9.000000000000000000e+00,1.808636441567766484e+00,2.030968871995180447e-01
9.000000000000000000e+00,1.811014098981616804e+00,2.171270292549572489e-01
9.000000000000000000e+00,1.813392711472929353e+00,2.305344593220171601e-01
9.000000000000000000e+00,1.815769602679484063e+00,2.451498678285810584e-01
9.000000000000000000e+00,1.818147400644648304e+00,2.598693635565599847e-01
9.000000000000000000e+00,1.820526087986671593e+00,2.739952814177063489e-01
9.000000000000000000e+00,1.822902967052714596e+00,2.885423171615171811e-01
9.000000000000000000e+00,1.825280686410676978e+00,3.013515598908972359e-01
9.000000000000000000e+00,1.827659228322897844e+00,3.139167760321979750e-01
9.000000000000000000e+00,1.830038574944468310e+00,3.235933493158361651e-01
9.000000000000000000e+00,1.832416000112327747e+00,3.322504084100775246e-01
9.000000000000000000e+00,1.834794179900823385e+00,3.369861966443591927e-01
9.000000000000000000e+00,1.837170373825880221e+00,3.404880809723809798e-01
9.000000000000000000e+00,1.839550001086070585e+00,3.385034524646377552e-01
9.000000000000000000e+00,1.841927591628267580e+00,3.359066369931902885e-01
9.000000000000000000e+00,1.844305849176059109e+00,3.275916077882196076e-01
9.000000000000000000e+00,1.846682004518993780e+00,3.190459888860834314e-01
9.000000000000000000e+00,1.849061532876481451e+00,3.062127395037133049e-01
9.000000000000000000e+00,1.851438907171361503e+00,2.906896009591448116e-01
9.000000000000000000e+00,1.853816858923008848e+00,2.793942428326769423e-01
9.000000000000000000e+00,1.856195368998788231e+00,2.581424435748860269e-01
9.000000000000000000e+00,1.858574418157592278e+00,2.488460854375202369e-01
9.000000000000000000e+00,1.860951193835267858e+00,2.193992857147482878e-01
9.000000000000000000e+00,1.863328455497598846e+00,2.107475846628676097e-01
9.000000000000000000e+00,1.865706183545688734e+00,1.844980682407604822e-01
9.000000000000000000e+00,1.868084358271926204e+00,6.829232965404045952e-03
9.000000000000000000e+00,1.870462959859882535e+00,1.529147277766763902e-02
9.000000000000000000e+00,1.872841968384215239e+00,2.027146475513442927e-03
9.000000000000000000e+00,1.875218527602503737e+00,4.060078721275735270e-03
9.000000000000000000e+00,1.877598282584272082e+00,1.280104047398063563e-03
9.000000000000000000e+00,1.879975533445847002e+00,1.874038717937133751e-03
9.000000000000000000e+00,1.882353096003137383e+00,1.312564641052295453e-03
9.000000000000000000e+00,1.884730949754881424e+00,1.029325000823958294e-03
9.000000000000000000e+00,1.887109074090651539e+00,1.714065657321769357e-03
9.000000000000000000e+00,1.889487448290790628e+00,1.936093719178120002e-04
9.000000000000000000e+00,1.891866051526354786e+00,1.273729843637593298e-03
9.000000000000000000e+00,1.894241968814363020e+00,2.292136028849887334e-04
9.000000000000000000e+00,1.896620959922661109e+00,1.147319072679174688e-03
9.000000000000000000e+00,1.899000116913673875e+00,3.259520361115906184e-04
9.000000000000000000e+00,1.901376502634666066e+00,1.364975581311406172e-03
9.000000000000000000e+00,1.903755920179471373e+00,5.778269871380998114e-04
9.000000000000000000e+00,1.906132508977648854e+00,2.126690968869093985e-03
9.000000000000000000e+00,1.908512101096307090e+00,1.153298035309130052e-03
9.000000000000000000e+00,1.910888806516348737e+00,2.490546290931497375e-03
9.000000000000000000e+00,1.913265533887637870e+00,2.185407043927396764e-03
9.000000000000000000e+00,1.915645221064280479e+00,3.752932039513531826e-03
9.000000000000000000e+00,1.918021933723900396e+00,3.304965442097608508e-03
9.000000000000000000e+00,1.920401576683357536e+00,5.327293775011572585e-03
9.000000000000000000e+00,1.922778185987368271e+00,4.757160088084589830e-03
9.000000000000000000e+00,1.925157695683840764e+00,4.266003764040867882e-03
9.000000000000000000e+00,1.927534112112835318e+00,4.614130864545437985e-03
9.000000000000000000e+00,1.929913398624609977e+00,3.432987112627334299e-03
9.000000000000000000e+00,1.932289531783984105e+00,5.058460987538826621e-03
9.000000000000000000e+00,1.934668504313772353e+00,5.413858831491127812e-04
9.000000000000000000e+00,1.937047289244272052e+00,4.623150518558886285e-03
9.000000000000000000e+00,1.939422829809603455e+00,4.554851487188588902e-04
9.000000000000000000e+00,1.941801162930054447e+00,5.411823334448444267e-03
9.000000000000000000e+00,1.944179239057897579e+00,4.966813978453382813e-04
9.000000000000000000e+00,1.946557034846245759e+00,5.008840378184377558e-03
9.000000000000000000e+00,1.948937590416296883e+00,9.071231303493917843e-04
9.000000000000000000e+00,1.951314762526208613e+00,1.167417507005237901e-02
9.000000000000000000e+00,1.953691583608964111e+00,1.284952923155747171e-03
9.000000000000000000e+00,1.956071115926188098e+00,9.643946979510370499e-02
9.000000000000000000e+00,1.958447170997391629e+00,1.261986325050658830e-01
9.000000000000000000e+00,1.960825904438677769e+00,1.243221567117099996e-01
9.000000000000000000e+00,1.963204206118381423e+00,1.706476651514584053e-01
9.000000000000000000e+00,1.965582051840911504e+00,1.929105573313803224e-01
9.000000000000000000e+00,1.967959417301841540e+00,2.400037533411687463e-01
9.000000000000000000e+00,1.970339409318672352e+00,2.590708767219168096e-01
9.000000000000000000e+00,1.972715748465783570e+00,2.681139496721365867e-01
9.000000000000000000e+00,1.975094680156374904e+00,2.092031119869889044e-01
9.000000000000000000e+00,1.977473048443104009e+00,1.525219405223133262e-01
9.000000000000000000e+00,1.979850828500714810e+00,1.081894794048144787e-01
9.000000000000000000e+00,1.982227995395533071e+00,8.710563960521300331e-02
9.000000000000000000e+00,1.984604524085609167e+00,6.599367970123799776e-02
9.000000000000000000e+00,1.986983573776171186e+00,5.090891009030467512e-02
9.000000000000000000e+00,1.989361950099164611e+00,3.752321829896267114e-02
9.000000000000000000e+00,1.991739627709276261e+00,3.161882613383918544e-02
9.000000000000000000e+00,1.994116581153200896e+00,2.872251167969996216e-02
9.000000000000000000e+00,1.996495999787446962e+00,2.984503761556441676e-02
9.000000000000000000e+00,1.998874658345563660e+00,3.082111201389341193e-02
9.000000000000000000e+00,2.001252531070988550e+00,3.425853576602979483e-02
9.000000000000000000e+00,2.003629592099526402e+00,3.609859908169520126e-02
9.000000000000000000e+00,2.006009061087529410e+00,4.018443217855769550e-02
9.000000000000000000e+00,2.008384428391164267e+00,4.209967785732716267e-02
9.000000000000000000e+00,2.010762166794522354e+00,4.634211709439453597e-02
9.000000000000000000e+00,2.013142273146784511e+00,4.815722133299243923e-02
9.000000000000000000e+00,2.015518191284053184e+00,5.235372651703806834e-02
9.000000000000000000e+00,2.017896439964003363e+00,5.392250853096457186e-02
9.000000000000000000e+00,2.020273723858567294e+00,5.789138069695367456e-02
9.000000000000000000e+00,2.022653315995031953e+00,5.910778298678547732e-02
9.000000000000000000e+00,2.025031905392828957e+00,6.225466393018463246e-02
9.000000000000000000e+00,2.027409465173173775e+00,6.317022958320112069e-02
9.000000000000000000e+00,2.029785968350953596e+00,6.659718347475160338e-02
9.000000000000000000e+00,2.032164718651917390e+00,6.731922981963603392e-02
9.000000000000000000e+00,2.034542373648666747e+00,6.995479256421180403e-02
9.000000000000000000e+00,2.036922252485694695e+00,7.053295513365936964e-02
9.000000000000000000e+00,2.039297642718866488e+00,7.199998476105119727e-02
9.000000000000000000e+00,2.041678579620796796e+00,7.108241109308917338e-02
9.000000000000000000e+00,2.044054972850176011e+00,7.493966740028339124e-02
9.000000000000000000e+00,2.046433526721744833e+00,1.014427117465279034e-02
9.000000000000000000e+00,2.048810851376187347e+00,3.365194816892516042e-03
9.000000000000000000e+00,2.051190312403015081e+00,2.735552507799904592e-03
9.000000000000000000e+00,2.053568504069569922e+00,7.678386472312867571e-04
9.000000000000000000e+00,2.055945398294015458e+00,2.638875180559794274e-03
9.000000000000000000e+00,2.058324384012754305e+00,3.104880341460830822e-04
9.000000000000000000e+00,2.060702031599246808e+00,1.315036690873634890e-03
9.000000000000000000e+00,2.063078312672746772e+00,2.372339048652433592e-04
9.000000000000000000e+00,2.065456639593524102e+00,8.807520155888093772e-04
9.000000000000000000e+00,2.067833558764816893e+00,1.668020449836992672e-04
9.000000000000000000e+00,2.070212498216723152e+00,1.024737477702626761e-03
9.000000000000000000e+00,2.072589988335185041e+00,1.683359153687839793e-04
9.000000000000000000e+00,2.074969472860463071e+00,2.199746931900698355e-03
9.000000000000000000e+00,2.077347466120683439e+00,1.461393948269275182e-04
9.000000000000000000e+00,2.079723939049616721e+00,2.693211864308948239e-03
9.000000000000000000e+00,2.082102359006916092e+00,1.567718622933958873e-04
9.000000000000000000e+00,2.084479216156104542e+00,2.779437772102807958e-03
9.000000000000000000e+00,2.086857993654473997e+00,1.079117953908782465e-04
9.000000000000000000e+00,2.089235165520535009e+00,2.858052223555361537e-03
9.000000000000000000e+00,2.091614230747953052e+00,6.054843941573072080e-05
9.000000000000000000e+00,2.093991647171488779e+00,3.767813517537307345e-03
9.000000000000000000e+00,2.096370929659487015e+00,3.446251148200449256e-05
9.000000000000000000e+00,2.098748519824702452e+00,3.669062533285455570e-03
9.000000000000000000e+00,2.101127948448022309e+00,4.051702162233626451e-05
9.000000000000000000e+00,2.103505640882435745e+00,3.237722889114967584e-03
9.000000000000000000e+00,2.105881566995955634e+00,9.028223981523658508e-05
9.000000000000000000e+00,2.108259281488489290e+00,2.201606261343331140e-03
9.000000000000000000e+00,2.110638778281487493e+00,1.748644094936197837e-04
9.000000000000000000e+00,2.113016450109418187e+00,1.517272921746957255e-03
9.000000000000000000e+00,2.115395875701245210e+00,2.379546995428796969e-04
9.000000000000000000e+00,2.117773431421519081e+00,8.758898081630758781e-04
9.000000000000000000e+00,2.120149086564412588e+00,7.474205152375021279e-04
9.000000000000000000e+00,2.122526443941901597e+00,7.563534935375068428e-05
9.000000000000000000e+00,2.124905497063319437e+00,7.229255123346000050e-04
9.000000000000000000e+00,2.127282589459348561e+00,2.900377101649843223e-05
9.000000000000000000e+00,2.129661348130645226e+00,6.674301597217280292e-04
9.000000000000000000e+00,2.132041766401622240e+00,2.435072679420918925e-05
9.000000000000000000e+00,2.134416488630205944e+00,5.860577365704863154e-04
9.000000000000000000e+00,2.136796506809325980e+00,2.992946040184478592e-05
9.000000000000000000e+00,2.139174456954846537e+00,5.544578297651451106e-04
9.000000000000000000e+00,2.141550307510549533e+00,4.364496066222767521e-05
9.000000000000000000e+00,2.143931441358600143e+00,6.343792805505588236e-04
9.000000000000000000e+00,2.146306729584555040e+00,8.203129468201507814e-05
9.000000000000000000e+00,2.148687286870718527e+00,5.078051967668116735e-04
9.000000000000000000e+00,2.151065666753996908e+00,1.532597849456145199e-04
9.000000000000000000e+00,2.153441837210316567e+00,2.860296704329820072e-04
9.000000000000000000e+00,2.155819514621453603e+00,1.936008214252789685e-04
9.000000000000000000e+00,2.158198691568031347e+00,1.377879808986416090e-04
9.000000000000000000e+00,2.160575595509616864e+00,3.337311790493479734e-04
9.000000000000000000e+00,2.162953967401529898e+00,7.029516919251980718e-06
9.000000000000000000e+00,2.165330017974534726e+00,3.390946522258932649e-04
9.000000000000000000e+00,2.167711294571818659e+00,2.299823629536717305e-05
9.000000000000000000e+00,2.170086419534671851e+00,3.649408048771784823e-04
9.000000000000000000e+00,2.172466754975850289e+00,6.196911380013174183e-05
9.000000000000000000e+00,2.174844688110332491e+00,3.665478464631671904e-04
9.000000000000000000e+00,2.177220185986402434e+00,1.219113891526993554e-04
9.000000000000000000e+00,2.179600878863794833e+00,2.689400154493454807e-04
9.000000000000000000e+00,2.181979103711777057e+00,2.280660884967691522e-04
9.000000000000000000e+00,2.184354827302986468e+00,1.176230077206578755e-04
9.000000000000000000e+00,2.186731873089897693e+00,2.754686469802077563e-04
9.000000000000000000e+00,2.189110232802705447e+00,7.267869551359505865e-06
9.000000000000000000e+00,2.191489898121623092e+00,2.534331007092739392e-04
9.000000000000000000e+00,2.193866978681393132e+00,4.430179952113291492e-05
9.000000000000000000e+00,2.196245331200582740e+00,2.391247068412403337e-04
9.000000000000000000e+00,2.198624947167761245e+00,1.208620506322694504e-04
9.000000000000000000e+00,2.201001910734452061e+00,2.878058760720852375e-04
9.000000000000000000e+00,2.203380103664479339e+00,3.799744261469598875e-04
9.000000000000000000e+00,2.205755593071625942e+00,2.604684288877742813e-04
9.000000000000000000e+00,2.208136210091760532e+00,1.045825213658668892e-03
9.000000000000000000e+00,2.210514089066549559e+00,2.959574277151539294e-05
9.000000000000000000e+00,2.212889195676467580e+00,1.601662726697744305e-03
9.000000000000000000e+00,2.215269411685253598e+00,2.928837275994684896e-04
9.000000000000000000e+00,2.217646820369182592e+00,1.436797399023285191e-03
9.000000000000000000e+00,2.220025362245094058e+00,6.407402934444361708e-04
9.000000000000000000e+00,2.222401044539729753e+00,7.793108400394605905e-04
9.000000000000000000e+00,2.224781816787405386e+00,1.056854024108576763e-03
9.000000000000000000e+00,2.227159693927706297e+00,2.606438200789280152e-04
9.000000000000000000e+00,2.229538650259491828e+00,1.614492250498586641e-03
9.000000000000000000e+00,2.231914658585150590e+00,1.124593384576309151e-04
9.000000000000000000e+00,2.234291710139395537e+00,1.101290256279334120e-03
9.000000000000000000e+00,2.236669795394403248e+00,5.088566809077943627e-04
9.000000000000000000e+00,2.239048904770509107e+00,7.908632047182258176e-04
9.000000000000000000e+00,2.241424976510854261e+00,7.920987264652447086e-04
9.000000000000000000e+00,2.243806096568353503e+00,4.940437893898127391e-04
9.000000000000000000e+00,2.246184142332022571e+00,1.920449371260841802e-03
9.000000000000000000e+00,2.248559078140137224e+00,2.467216848338454329e-04
9.000000000000000000e+00,2.250939041398960061e+00,7.624323893516788894e-03
9.000000000000000000e+00,2.253315857608640727e+00,1.533535346605708694e-03
9.000000000000000000e+00,2.255693594709365701e+00,8.015731391399649741e-02
9.000000000000000000e+00,2.258072242628007320e+00,6.947343376999438880e-02
9.000000000000000000e+00,2.260451791238908381e+00,6.601608446993409429e-02
9.000000000000000000e+00,2.262828100482377369e+00,5.461489939501375929e-02
9.000000000000000000e+00,2.265205272630280042e+00,4.712390819691748833e-02
9.000000000000000000e+00,2.267583297361956962e+00,3.828890430676367557e-02
9.000000000000000000e+00,2.269962164303962027e+00,3.024842994033721463e-02
9.000000000000000000e+00,2.272341863029972320e+00,2.497173264637740989e-02
9.000000000000000000e+00,2.274718209664019053e+00,1.923510938498561654e-02
9.000000000000000000e+00,2.277095349600728014e+00,1.727893122413304630e-02
9.000000000000000000e+00,2.279473272218509372e+00,1.488221703804304061e-02
9.000000000000000000e+00,2.281851966842678436e+00,1.486308745632715367e-02
9.000000000000000000e+00,2.284231422745374829e+00,1.609559155475842607e-02
9.000000000000000000e+00,2.286607412008805351e+00,1.690177620509496562e-02
9.000000000000000000e+00,2.288984123377203694e+00,1.975730966182868281e-02
9.000000000000000000e+00,2.291365780618124681e+00,2.068948646668182165e-02
9.000000000000000000e+00,2.293743912168016763e+00,2.434638826620234842e-02
9.000000000000000000e+00,2.296118480612924895e+00,2.535980341836175170e-02
9.000000000000000000e+00,2.298497970634805210e+00,2.753236964429622152e-02
9.000000000000000000e+00,2.300878127611091895e+00,2.994171062660790084e-02
9.000000000000000000e+00,2.303254661586480623e+00,2.877727790089099763e-02
9.000000000000000000e+00,2.305631822391659203e+00,3.309235839686849173e-02
9.000000000000000000e+00,2.308009598693951503e+00,2.141218947444022830e-03
9.000000000000000000e+00,2.310387979106963030e+00,1.568573965572362706e-03
9.000000000000000000e+00,2.312766952190511649e+00,1.160447467092772661e-03
9.000000000000000000e+00,2.315142183405042520e+00,8.866527125914414010e-04
9.000000000000000000e+00,2.317522298400336744e+00,2.978169966636972743e-04
9.000000000000000000e+00,2.319898630583908439e+00,6.705334405694439491e-04
9.000000000000000000e+00,2.322279841038421555e+00,3.434212408122685133e-04
9.000000000000000000e+00,2.324657227477955335e+00,5.170256342252599335e-04
9.000000000000000000e+00,2.327035118932285318e+00,4.019046625101331451e-04
9.000000000000000000e+00,2.329413503549994768e+00,2.475984942505635145e-04
9.000000000000000000e+00,2.331787983991368662e+00,4.418038443203975581e-04
9.000000000000000000e+00,2.334167310210840451e+00,1.392582863034066965e-04
9.000000000000000000e+00,2.336547093703715827e+00,2.825207441086525963e-04
9.000000000000000000e+00,2.338922910089027418e+00,2.276741469533559805e-04
9.000000000000000000e+00,2.341303562883347844e+00,1.459186718833160813e-04
9.000000000000000000e+00,2.343680206292833024e+00,4.567923802895261878e-04
9.000000000000000000e+00,2.346057240367172003e+00,1.957606446776680837e-04
9.000000000000000000e+00,2.348434652788937260e+00,3.415893415460523981e-04
9.000000000000000000e+00,2.350812431186368734e+00,5.321227579263527541e-04
9.000000000000000000e+00,2.353190563133336077e+00,2.499215451761341170e-04
9.000000000000000000e+00,2.355569036149298690e+00,1.561409168356797834e-03
9.000000000000000000e+00,2.357947837699267524e+00,9.678217645993938923e-04
9.000000000000000000e+00,2.360326955193766896e+00,1.089487486282663536e-03
9.000000000000000000e+00,2.362701873503119110e+00,4.792015241550917452e-03
9.000000000000000000e+00,2.365081575825791482e+00,1.412344991269369812e-03
9.000000000000000000e+00,2.367461555987104838e+00,3.302062069670883785e-03
9.000000000000000000e+00,2.369837271457410743e+00,3.807148697489202982e-02
9.000000000000000000e+00,2.372213220904162867e+00,3.381721796056823270e-02
9.000000000000000000e+00,2.374593939286923305e+00,2.884728767553951592e-02
9.000000000000000000e+00,2.376970326898085517e+00,3.127730336943479461e-02
9.000000000000000000e+00,2.379346909490778650e+00,3.069509847923214407e-02
9.000000000000000000e+00,2.381728249229686956e+00,3.220578956078581911e-02
9.000000000000000000e+00,2.384105191535353274e+00,3.406697057265443279e-02
9.000000000000000000e+00,2.386482289336266938e+00,3.343022563554533255e-02
9.000000000000000000e+00,2.388859529357821643e+00,3.379622993799464431e-02
9.000000000000000000e+00,2.391236898270765909e+00,3.306284650722767643e-02
9.000000000000000000e+00,2.393619003764643427e+00,3.239838730902071945e-02
9.000000000000000000e+00,2.395996599438805941e+00,3.501508022881390930e-02
9.000000000000000000e+00,2.398374283698073040e+00,3.818570563187605876e-02
9.000000000000000000e+00,2.400752042994434454e+00,4.187341588734483366e-02
9.000000000000000000e+00,2.403129863725176119e+00,4.978230504493690034e-02
9.000000000000000000e+00,2.405507732232872620e+00,5.391755184700689624e-02
9.000000000000000000e+00,2.407885634805378317e+00,6.064070313256488681e-02
9.000000000000000000e+00,2.410263557675826007e+00,3.427794564823644953e-03
9.000000000000000000e+00,2.412641487022620712e+00,4.866918205614671582e-03
9.000000000000000000e+00,2.415019408969439230e+00,7.913484697402909870e-03
9.000000000000000000e+00,2.417397309585231913e+00,6.709196165787122048e-04
9.000000000000000000e+00,2.419775174884221780e+00,2.698387408526286158e-03
9.000000000000000000e+00,2.422152990825908514e+00,9.773894978028275539e-04
9.000000000000000000e+00,2.424530743315073789e+00,9.097516215673348040e-04
9.000000000000000000e+00,2.426908418201789264e+00,1.930444413241750841e-03
9.000000000000000000e+00,2.429286001281421470e+00,6.489239039945159972e-04
9.000000000000000000e+00,2.431663478294642911e+00,7.104139646814140860e-04
9.000000000000000000e+00,2.434040834927446273e+00,8.225240080934129172e-04
9.000000000000000000e+00,2.436422844634672291e+00,4.530799243089310467e-04
9.000000000000000000e+00,2.438799926692925002e+00,4.893728201190137867e-04
9.000000000000000000e+00,2.441176845109251925e+00,5.540457395734279698e-04
9.000000000000000000e+00,2.443553585351005086e+00,3.222122367732784443e-04
9.000000000000000000e+00,2.445930132830938852e+00,2.093936380695249702e-04
9.000000000000000000e+00,2.448311307568818762e+00,3.564297940658298666e-04
9.000000000000000000e+00,2.450687434933867870e+00,2.131598087459733314e-04
9.000000000000000000e+00,2.453068178922694020e+00,1.302931119208949363e-04
9.000000000000000000e+00,2.455443827201868601e+00,2.349998266644425513e-04
9.000000000000000000e+00,2.457824081285056472e+00,1.199456008278349851e-04
9.000000000000000000e+00,2.460199191070725266e+00,7.850968667507044591e-05
9.000000000000000000e+00,2.462578895654787381e+00,1.570949247860143792e-04
9.000000000000000000e+00,2.464958307733604137e+00,8.465846688360835471e-05
9.000000000000000000e+00,2.467332502158201546e+00,4.472584015318447942e-05
9.000000000000000000e+00,2.469711274537423229e+00,6.635864096476889518e-05
9.000000000000000000e+00,2.472089709077717856e+00,6.358118388576940432e-05
9.000000000000000000e+00,2.474467790561501790e+00,1.877291326460477148e-05
9.000000000000000000e+00,2.476845503716746499e+00,4.139942304514345947e-05
9.000000000000000000e+00,2.479222833217026967e+00,4.836118563546340840e-05
9.000000000000000000e+00,2.481599763681567428e+00,2.009651084637454902e-05
9.000000000000000000e+00,2.483981256237295376e+00,3.009324558996443280e-05
9.000000000000000000e+00,2.486357351796226300e+00,3.628913349342172481e-05
9.000000000000000000e+00,2.488737997498906118e+00,2.137259102989516528e-05
9.000000000000000000e+00,2.491113196007286756e+00,2.504188219190822874e-05
9.000000000000000000e+00,2.493492932524325134e+00,4.480247446487469257e-05
9.000000000000000000e+00,2.495872195725481024e+00,2.781109299643870039e-05
9.000000000000000000e+00,2.498245935968249398e+00,1.460719906312535937e-05
9.000000000000000000e+00,2.500624195678618378e+00,4.642546881850829663e-05
9.000000000000000000e+00,2.503001934687554719e+00,2.715996079740955058e-05
9.000000000000000000e+00,2.505384199785404054e+00,9.121192489115815855e-06
9.000000000000000000e+00,2.507760859244102747e+00,3.404100894670693614e-05
9.000000000000000000e+00,2.510136950143142087e+00,2.914706448053898136e-05
9.000000000000000000e+00,2.512517547981021337e+00,7.771064438847936708e-06
9.000000000000000000e+00,2.514892463148078239e+00,2.652302254189832029e-05
9.000000000000000000e+00,2.517271872260600674e+00,4.187502792617543197e-05
9.000000000000000000e+00,2.519650667552726819e+00,1.587856073892763786e-05
9.000000000000000000e+00,2.522028832766149087e+00,3.306508763157436979e-05
9.000000000000000000e+00,2.524406351588751818e+00,5.600772118015036880e-05
9.000000000000000000e+00,2.526783207654688557e+00,2.073987718409063557e-05
9.000000000000000000e+00,2.529159384544463762e+00,4.792459235218760212e-05
9.000000000000000000e+00,2.531540034735527911e+00,6.336040780785308238e-05
9.000000000000000000e+00,2.533914813502587737e+00,4.026583554501840225e-05
9.000000000000000000e+00,2.536294051902468372e+00,3.810546354629749932e-05
9.000000000000000000e+00,2.538672564369699458e+00,6.601333994275547013e-05
9.000000000000000000e+00,2.541050334235800179e+00,1.001376586316497688e-04
9.000000000000000000e+00,2.543427344778853350e+00,5.291958819920979047e-05
9.000000000000000000e+00,2.545808806606810748e+00,5.719154530593351403e-05
9.000000000000000000e+00,2.548184257884455128e+00,1.030140240968523076e-04
9.000000000000000000e+00,2.550564146289386880e+00,1.122478737174169901e-04
9.000000000000000000e+00,2.552943227520946490e+00,6.210372426536514144e-05
9.000000000000000000e+00,2.555321484608414462e+00,6.301802115306603252e-05
9.000000000000000000e+00,2.557698900527907160e+00,1.401827076505479490e-04
9.000000000000000000e+00,2.560075458202479837e+00,1.085027008544281756e-04
9.000000000000000000e+00,2.562451140502226998e+00,4.784968394361359932e-05
9.000000000000000000e+00,2.564831236037994344e+00,5.705587029595840238e-05
9.000000000000000000e+00,2.567210441454971015e+00,9.616708560405032671e-05
9.000000000000000000e+00,2.569588739480965334e+00,7.191790393840860466e-05
9.000000000000000000e+00,2.571966112790943892e+00,2.970471742590970106e-05
9.000000000000000000e+00,2.574342544007147904e+00,5.034770793547105241e-05
9.000000000000000000e+00,2.576723370808659652e+00,8.208751717705212181e-05
9.000000000000000000e+00,2.579097875367938553e+00,4.830919582554948921e-05
9.000000000000000000e+00,2.581476760275176030e+00,1.703442454551185725e-05
9.000000000000000000e+00,2.583854652848235123e+00,3.936096117941119177e-05
9.000000000000000000e+00,2.586231535461967379e+00,7.083066899631380192e-05
9.000000000000000000e+00,2.588612795081014717e+00,5.010762230874397141e-05
9.000000000000000000e+00,2.590987614612529910e+00,2.928946324116843723e-05
9.000000000000000000e+00,2.593366795512073164e+00,2.169720377767242559e-05
9.000000000000000000e+00,2.595744915317689472e+00,4.427720658787153471e-05
9.000000000000000000e+00,2.598121956157397161e+00,6.835874422428441107e-05
9.000000000000000000e+00,2.600497900107185067e+00,3.914402469028091037e-05
9.000000000000000000e+00,2.602878193565458798e+00,2.801390999327150257e-05
9.000000000000000000e+00,2.605257374095403922e+00,2.969607683749493903e-05
9.000000000000000000e+00,2.607635423630717320e+00,8.138134107785543830e-05
9.000000000000000000e+00,2.610012324053281763e+00,1.054101340484984929e-04
9.000000000000000000e+00,2.612388057193310686e+00,1.208562892688776734e-04
9.000000000000000000e+00,2.614768119240192146e+00,3.562729867368827607e-05
9.000000000000000000e+00,2.617146997564059774e+00,3.036151080577901944e-03
9.000000000000000000e+00,2.619524673852972718e+00,2.098521839499077352e-03
9.000000000000000000e+00,2.621901129743555270e+00,1.233894487778865179e-03
9.000000000000000000e+00,2.624281901432961472e+00,2.905139598552985980e-03
9.000000000000000000e+00,2.626655871285938915e+00,2.887763495759624981e-03
9.000000000000000000e+00,2.629034140094493655e+00,2.788287680179944456e-03
9.000000000000000000e+00,2.631416719546495031e+00,2.733217891097876502e-03
9.000000000000000000e+00,2.633792431410708623e+00,2.939163256584423258e-03
9.000000000000000000e+00,2.636172436860944934e+00,3.287307826400907938e-03
9.000000000000000000e+00,2.638545517161249965e+00,3.701969327197760905e-03
9.000000000000000000e+00,2.640928499105384297e+00,4.239452070282496293e-03
9.000000000000000000e+00,2.643304518349861354e+00,1.867589853272740019e-03
9.000000000000000000e+00,2.645684816809926954e+00,5.306726253045955174e-03
9.000000000000000000e+00,2.648058094547728558e+00,4.358758731143185395e-04
9.000000000000000000e+00,2.650435633945297020e+00,2.100453497315222379e-04
9.000000000000000000e+00,2.652817446491849473e+00,2.692407829950122964e-05
9.000000000000000000e+00,2.655192171178932803e+00,9.419679376104306365e-05
9.000000000000000000e+00,2.657571151243650398e+00,9.580709278021826776e-05
9.000000000000000000e+00,2.659948691486012429e+00,1.989354425401136770e-04
9.000000000000000000e+00,2.662330489570499559e+00,1.156435506401248228e-04
9.000000000000000000e+00,2.664705102769717726e+00,1.122190192211290464e-04
9.000000000000000000e+00,2.667083955729373734e+00,2.655387353624671923e-05
9.000000000000000000e+00,2.669461312276356413e+00,2.634278042148629817e-05
9.000000000000000000e+00,2.671837153036051848e+00,1.996845174008309411e-05
9.000000000000000000e+00,2.674217226595466013e+00,3.776828246173549432e-05
9.000000000000000000e+00,2.676595765975274599e+00,9.653151052519645973e-05
9.000000000000000000e+00,2.678972751659991935e+00,4.136220605462583738e-04
9.000000000000000000e+00,2.681353962923400225e+00,3.907951797339719426e-04
9.000000000000000000e+00,2.683727792746523733e+00,4.987691843418805976e-03
9.000000000000000000e+00,2.686105829445210702e+00,5.564880756207034838e-03
9.000000000000000000e+00,2.688488084212449003e+00,5.841779773207072222e-03
9.000000000000000000e+00,2.690862888123974894e+00,5.869209368369853949e-03
9.000000000000000000e+00,2.693241891183510539e+00,5.898883161068979933e-03
9.000000000000000000e+00,2.695619243808531795e+00,5.984577887042896206e-03
9.000000000000000000e+00,2.697994926104692492e+00,6.073464311448627945e-03
9.000000000000000000e+00,2.700374799530429026e+00,6.105922965172269970e-03
9.000000000000000000e+00,2.702752983395575903e+00,6.219340880637113864e-03
9.000000000000000000e+00,2.705129457665879755e+00,7.217034907236782165e-05
9.000000000000000000e+00,2.707510114782492927e+00,1.938248997901856579e-05
9.000000000000000000e+00,2.709889042854494612e+00,1.263348326292986927e-05
9.000000000000000000e+00,2.712266221707900993e+00,8.024013045897824636e-05
9.000000000000000000e+00,2.714641631120770615e+00,8.777466281821904236e-05
9.000000000000000000e+00,2.717021204959639391e+00,1.171009204268391843e-04
9.000000000000000000e+00,2.719398989596979010e+00,1.128172609177490501e-04
9.000000000000000000e+00,2.721774964671693997e+00,1.151630526762753646e-04
9.000000000000000000e+00,2.724155095219163325e+00,9.175781037424165154e-05
9.000000000000000000e+00,2.726533396224594785e+00,6.251223925932830605e-05
9.000000000000000000e+00,2.728909847187990234e+00,4.775196289001867899e-05
9.000000000000000000e+00,2.731290444402350470e+00,2.578125596016902742e-05
9.000000000000000000e+00,2.733669171376605700e+00,3.672486890690954077e-05
9.000000000000000000e+00,2.736046007472129116e+00,4.895239228122898623e-05
9.000000000000000000e+00,2.738420932003415853e+00,3.179568852650423161e-03
9.000000000000000000e+00,2.740799983049091892e+00,2.709556231763924142e-03
9.000000000000000000e+00,2.743177102021586489e+00,3.339204094490263834e-03
9.000000000000000000e+00,2.745558347964158319e+00,3.271460295309655542e-03
9.000000000000000000e+00,2.747937641197727654e+00,3.405661057612027493e-03
9.000000000000000000e+00,2.750314960807459741e+00,3.557308061815470188e-03
9.000000000000000000e+00,2.752690285832279038e+00,3.918030766675918361e-03
9.000000000000000000e+00,2.755069717329380996e+00,4.026971504027564326e-03
9.000000000000000000e+00,2.757447133295085617e+00,4.502895100036406056e-03
9.000000000000000000e+00,2.759822512631141755e+00,7.062690824970645285e-05
9.000000000000000000e+00,2.762201987996263153e+00,7.647306312037996010e-05
9.000000000000000000e+00,2.764579405566437664e+00,3.343293907953961557e-05
9.000000000000000000e+00,2.766960919131962182e+00,3.335437516176729955e-05
9.000000000000000000e+00,2.769334167959193405e+00,1.972142535181015306e-05
9.000000000000000000e+00,2.771717687672561325e+00,1.983610102624013620e-05
9.000000000000000000e+00,2.774092899949887059e+00,1.486430073888768974e-05
9.000000000000000000e+00,2.776472186575843271e+00,4.667875093470473427e-06
9.000000000000000000e+00,2.778849329813015245e+00,7.217178700079541833e-06
9.000000000000000000e+00,2.781224308154069291e+00,5.784975871020936876e-06
9.000000000000000000e+00,2.783603349577585373e+00,9.186437568111382876e-06
9.000000000000000000e+00,2.785980204283322159e+00,7.605191827810571295e-06
9.000000000000000000e+00,2.788361121540816612e+00,1.115767117841421624e-05
9.000000000000000000e+00,2.790739830130332333e+00,9.030818094042819837e-06
9.000000000000000000e+00,2.793116308318245977e+00,1.301567489884363715e-05
9.000000000000000000e+00,2.795496837376052479e+00,1.208589483281977763e-05
9.000000000000000000e+00,2.797875113863212526e+00,9.439435100956873267e-06
9.000000000000000000e+00,2.800251115911298605e+00,1.351613362630492579e-05
9.000000000000000000e+00,2.802631156870153184e+00,1.063889293024171894e-05
9.000000000000000000e+00,2.805008901002245647e+00,1.456799354570471436e-05
9.000000000000000000e+00,2.807384326304926958e+00,1.108070397670457945e-05
9.000000000000000000e+00,2.809763778281390234e+00,1.548564585239115506e-05
9.000000000000000000e+00,2.812140888822362683e+00,1.205711409740823847e-05
9.000000000000000000e+00,2.814515635791587478e+00,1.645661254833788854e-05
9.000000000000000000e+00,2.816894396919202848e+00,1.282699367022316299e-05
9.000000000000000000e+00,2.819277182391831005e+00,1.637674121825315068e-05
9.000000000000000000e+00,2.821651159259273456e+00,1.105694527983979632e-05
9.000000000000000000e+00,2.824029137518142551e+00,8.952465240756855654e-06
9.000000000000000000e+00,2.826411127293623426e+00,9.943126437065342462e-06
9.000000000000000000e+00,2.828784230557050972e+00,6.058752037021400172e-06
9.000000000000000000e+00,2.831161322165572702e+00,6.146687404004211022e-06
9.000000000000000000e+00,2.833542412182134651e+00,3.510501273963228034e-06
9.000000000000000000e+00,2.835921024016914149e+00,2.898718468102000085e-06
9.000000000000000000e+00,2.838297135088118761e+00,2.616576736360399774e-06
9.000000000000000000e+00,2.840677231205615438e+00,3.888856483578323554e-06
9.000000000000000000e+00,2.843054803040627743e+00,6.590775400431585504e-06
9.000000000000000000e+00,2.845429827880051832e+00,6.194439453673052598e-06
9.000000000000000000e+00,2.847808824123101878e+00,7.805274736571252028e-06
9.000000000000000000e+00,2.850185249634491935e+00,9.100209824537020353e-06
9.000000000000000000e+00,2.852565644594050376e+00,1.079787679164330943e-05
9.000000000000000000e+00,2.854943444955898801e+00,1.192414887936509393e-05
9.000000000000000000e+00,2.857318627786822773e+00,1.376042954539762217e-05
9.000000000000000000e+00,2.859697765996172869e+00,2.063554879270021588e-05
9.000000000000000000e+00,2.862080869472485301e+00,1.702421892832680695e-05
9.000000000000000000e+00,2.864454712355927857e+00,2.112957577290939902e-05
9.000000000000000000e+00,2.866832496293459265e+00,2.492911551388766485e-05
9.000000000000000000e+00,2.869214231107640511e+00,3.739612748231312318e-05
9.000000000000000000e+00,2.871586624881306449e+00,3.908621238642684371e-05
9.000000000000000000e+00,2.873969606985570024e+00,1.126661118291580300e-04
9.000000000000000000e+00,2.876343201527446158e+00,1.449527900740838838e-03
9.000000000000000000e+00,2.878720719985517373e+00,1.566131043872833872e-03
9.000000000000000000e+00,2.881102172098087610e+00,2.099326412324954445e-03
9.000000000000000000e+00,2.883480861554354568e+00,2.144164268011755636e-03
9.000000000000000000e+00,2.885856764896066906e+00,2.214513470979883117e-03
9.000000000000000000e+00,2.888236586815389195e+00,3.251257722484801713e-04
9.000000000000000000e+00,2.890613597715197436e+00,2.256737346975653646e-04
9.000000000000000000e+00,2.892994524384758570e+00,9.967059530596427265e-05
9.000000000000000000e+00,2.895365853522527733e+00,8.239745625917405504e-05
9.000000000000000000e+00,2.897747845885614293e+00,2.066204499385145845e-05
9.000000000000000000e+00,2.900126977032283726e+00,9.236508376614281310e-06
9.000000000000000000e+00,2.902503223200517901e+00,1.403309806961768441e-05
9.000000000000000000e+00,2.904883366561006319e+00,1.308543583931417065e-05
9.000000000000000000e+00,2.907260599562923709e+00,8.826090602922001798e-06
9.000000000000000000e+00,2.909634898318774088e+00,5.556286139861272705e-06
9.000000000000000000e+00,2.912013078324352744e+00,4.451501593316089640e-06
9.000000000000000000e+00,2.914395149104420657e+00,7.620415047715668275e-06
9.000000000000000000e+00,2.916774258379155604e+00,9.466351335522910581e-06
9.000000000000000000e+00,2.919150382085439865e+00,6.631200279468404125e-06
9.000000000000000000e+00,2.921523496123781261e+00,2.693396112281267662e-06
9.000000000000000000e+00,2.923907367138645963e+00,2.273324191928202513e-06
9.000000000000000000e+00,2.926281318344463589e+00,5.779028905338804912e-06
9.000000000000000000e+00,2.928659127554641639e+00,5.569376575329337245e-06
9.000000000000000000e+00,2.931040804181527015e+00,7.339024896714371548e-06
9.000000000000000000e+00,2.933419417291878162e+00,2.865489420321972555e-06
9.000000000000000000e+00,2.935794942524495799e+00,8.102432043168764121e-07
9.000000000000000000e+00,2.938174318344370928e+00,3.979898137212854425e-06
9.000000000000000000e+00,2.940550579959972044e+00,7.197207964249644304e-06
9.000000000000000000e+00,2.942930688311046872e+00,5.048072030444580036e-06
9.000000000000000000e+00,2.945307656001242336e+00,3.767947560943420748e-06
9.000000000000000000e+00,2.947681458460930770e+00,1.072800445292540772e-06
9.000000000000000000e+00,2.950059090390392047e+00,1.763958262479648470e-06
9.000000000000000000e+00,2.952440561063782720e+00,6.293534082311059019e-06
9.000000000000000000e+00,2.954818837778843132e+00,5.385855531347789309e-06
9.000000000000000000e+00,2.957193895793339244e+00,5.919904986821125113e-07
9.000000000000000000e+00,2.959572774981745535e+00,6.949983892020565924e-06
9.000000000000000000e+00,2.961955484573179920e+00,3.752545047318560305e-06
9.000000000000000000e+00,2.964327858985216224e+00,9.228226637653173753e-07
9.000000000000000000e+00,2.966711135514628506e+00,5.689355153620281756e-06
9.000000000000000000e+00,2.969084027002956372e+00,2.820980046024418696e-06
9.000000000000000000e+00,2.971467838945096585e+00,3.181165657317421751e-06
9.000000000000000000e+00,2.973841215813263883e+00,7.772995075073105696e-06
9.000000000000000000e+00,2.976218387048926051e+00,2.529869155931389104e-06
9.000000000000000000e+00,2.978599361758565323e+00,4.328353802700738513e-05
9.000000000000000000e+00,2.980976981837772488e+00,3.834411675204190762e-04
9.000000000000000000e+00,2.983351222083469256e+00,4.335543934804367131e-04
9.000000000000000000e+00,2.985729247336589065e+00,4.313201496831156308e-04
9.000000000000000000e+00,2.988111066655426029e+00,4.221236539749585476e-04
9.000000000000000000e+00,2.990489476071835462e+00,2.047628850833873374e-06
9.000000000000000000e+00,2.992864450213154281e+00,1.152956370945288488e-05
9.000000000000000000e+00,2.995243199646329124e+00,1.729910062960132960e-05
9.000000000000000000e+00,2.997618485893688511e+00,2.186232697148987853e-06
9.000000000000000000e+00,2.999997542427555786e+00,1.232131428725465784e-05
1.000000000000000000e+01,1.720650133828133255e+00,3.727620950976961089e-04
1.000000000000000000e+01,1.723029394364145483e+00,1.164171866746114583e-04
1.000000000000000000e+01,1.725405639360965360e+00,4.489105164890914686e-04
1.000000000000000000e+01,1.727783632085690080e+00,2.728706511988455334e-04
1.000000000000000000e+01,1.730163359864028916e+00,3.370004976678818453e-04
1.000000000000000000e+01,1.732539967848906848e+00,3.530430948493399040e-04
1.000000000000000000e+01,1.734918258608534103e+00,2.817949469784790102e-04
1.000000000000000000e+01,1.737295784744042226e+00,4.478115087683663025e-04
1.000000000000000000e+01,1.739674954091988246e+00,2.059191959088965999e-04
1.000000000000000000e+01,1.742053305661134033e+00,5.114030122175719072e-04
1.000000000000000000e+01,1.744430805976284748e+00,1.917490452409465786e-04
1.000000000000000000e+01,1.746807421400558225e+00,5.113923135999157285e-04
1.000000000000000000e+01,1.749185585906543050e+00,3.169980616038034688e-04
1.000000000000000000e+01,1.751565285671503824e+00,4.036410638646230559e-04
1.000000000000000000e+01,1.753941544332989544e+00,3.263161081388752391e-04
1.000000000000000000e+01,1.756319283347408389e+00,3.159786632134612707e-04
1.000000000000000000e+01,1.758698488506720947e+00,3.333880376199464379e-04
1.000000000000000000e+01,1.761076644056678076e+00,2.460913190097761003e-04
1.000000000000000000e+01,1.763453715291095847e+00,3.214272104952325699e-04
1.000000000000000000e+01,1.765832182308382903e+00,1.924136205039208983e-04
1.000000000000000000e+01,1.768209508663195706e+00,3.862120127533213293e-04
1.000000000000000000e+01,1.770588187717695883e+00,1.523007365140424511e-04
1.000000000000000000e+01,1.772965669196805205e+00,4.983304346352810613e-04
1.000000000000000000e+01,1.775344459763996241e+00,2.846285466056232174e-04
1.000000000000000000e+01,1.777721995276969613e+00,5.334981274791412639e-04
1.000000000000000000e+01,1.780100795737554753e+00,3.852994775574625132e-04
1.000000000000000000e+01,1.782478283099381056e+00,4.024633939826365936e-04
1.000000000000000000e+01,1.784856990739158489e+00,3.968828515111460847e-04
1.000000000000000000e+01,1.787234326670235962e+00,2.555389598106649527e-04
1.000000000000000000e+01,1.789612837680196966e+00,3.584086097386448297e-04
1.000000000000000000e+01,1.791989917806559918e+00,9.378714213942558402e-05
1.000000000000000000e+01,1.794368127283230807e+00,3.739469901785122093e-04
1.000000000000000000e+01,1.796744846137017459e+00,1.481212670112622490e-04
1.000000000000000000e+01,1.799122648083041343e+00,4.482079809098445068e-04
1.000000000000000000e+01,1.801501516697256555e+00,2.326914159114806422e-04
1.000000000000000000e+01,1.803878810935230392e+00,4.266455697149898843e-04
1.000000000000000000e+01,1.806257124818080539e+00,2.995427509138374848e-04
1.000000000000000000e+01,1.808636441567766484e+00,4.143393476032941353e-04
1.000000000000000000e+01,1.811014098981616804e+00,3.473015637885077419e-04
1.000000000000000000e+01,1.813392711472929353e+00,3.878008348520593307e-04
1.000000000000000000e+01,1.815769602679484063e+00,4.589606147950051171e-04
1.000000000000000000e+01,1.818147400644648304e+00,3.628288286473641488e-04
1.000000000000000000e+01,1.820526087986671593e+00,8.065345638034649876e-04
1.000000000000000000e+01,1.822902967052714596e+00,1.364839858512666571e-04
1.000000000000000000e+01,1.825280686410676978e+00,9.262683694404486674e-04
1.000000000000000000e+01,1.827659228322897844e+00,2.336155224925400161e-04
1.000000000000000000e+01,1.830038574944468310e+00,1.051752961803772892e-03
1.000000000000000000e+01,1.832416000112327747e+00,3.255256420953581229e-04
1.000000000000000000e+01,1.834794179900823385e+00,1.364392754865642078e-03
1.000000000000000000e+01,1.837170373825880221e+00,5.124328745232315570e-04
1.000000000000000000e+01,1.839550001086070585e+00,1.569804914375900464e-03
1.000000000000000000e+01,1.841927591628267580e+00,7.933781842406230486e-04
1.000000000000000000e+01,1.844305849176059109e+00,1.815668278265224114e-03
1.000000000000000000e+01,1.846682004518993780e+00,1.225374112356017713e-03
1.000000000000000000e+01,1.849061532876481451e+00,1.360467292985439048e-03
1.000000000000000000e+01,1.851438907171361503e+00,3.350855317961962121e-03
1.000000000000000000e+01,1.853816858923008848e+00,9.783529243609080618e-05
1.000000000000000000e+01,1.856195368998788231e+00,4.787817422167143025e-03
1.000000000000000000e+01,1.858574418157592278e+00,2.901680016206850763e-04
1.000000000000000000e+01,1.860951193835267858e+00,8.684167526459398226e-03
1.000000000000000000e+01,1.863328455497598846e+00,1.012216595788540275e-03
1.000000000000000000e+01,1.865706183545688734e+00,6.652422693945024557e-03
1.000000000000000000e+01,1.868084358271926204e+00,1.674560505928131549e-01
1.000000000000000000e+01,1.870462959859882535e+00,1.418946737058555396e-01
1.000000000000000000e+01,1.872841968384215239e+00,1.415833331155422481e-01
1.000000000000000000e+01,1.875218527602503737e+00,1.258779910080053410e-01
1.000000000000000000e+01,1.877598282584272082e+00,1.180834213688330969e-01
1.000000000000000000e+01,1.879975533445847002e+00,1.077439228463370757e-01
1.000000000000000000e+01,1.882353096003137383e+00,1.016528703295568881e-01
1.000000000000000000e+01,1.884730949754881424e+00,9.658457468828612891e-02
1.000000000000000000e+01,1.887109074090651539e+00,9.353675747568730714e-02
1.000000000000000000e+01,1.889487448290790628e+00,9.867420025143575080e-02
1.000000000000000000e+01,1.891866051526354786e+00,1.016572924472080169e-01
1.000000000000000000e+01,1.894241968814363020e+00,1.153341724063278312e-01
1.000000000000000000e+01,1.896620959922661109e+00,1.280325214262022782e-01
1.000000000000000000e+01,1.899000116913673875e+00,1.522239362062650092e-01
1.000000000000000000e+01,1.901376502634666066e+00,1.715256655869613345e-01
1.000000000000000000e+01,1.903755920179471373e+00,1.970247311952914027e-01
1.000000000000000000e+01,1.906132508977648854e+00,2.104040212294411571e-01
1.000000000000000000e+01,1.908512101096307090e+00,2.217634029778336180e-01
1.000000000000000000e+01,1.910888806516348737e+00,2.153301798569260128e-01
1.000000000000000000e+01,1.913265533887637870e+00,2.008823832372328144e-01
1.000000000000000000e+01,1.915645221064280479e+00,1.776219350918862017e-01
1.000000000000000000e+01,1.918021933723900396e+00,1.641619361359242801e-01
1.000000000000000000e+01,1.920401576683357536e+00,1.765987950822981989e-01
1.000000000000000000e+01,1.922778185987368271e+00,2.300211188228381554e-01
1.000000000000000000e+01,1.925157695683840764e+00,3.052353753532607294e-01
1.000000000000000000e+01,1.927534112112835318e+00,3.721717884445930880e-01
1.000000000000000000e+01,1.929913398624609977e+00,4.113102149561508325e-01
1.000000000000000000e+01,1.932289531783984105e+00,4.272603435062361510e-01
1.000000000000000000e+01,1.934668504313772353e+00,4.370330452185428038e-01
1.000000000000000000e+01,1.937047289244272052e+00,4.234350815770839827e-01
1.000000000000000000e+01,1.939422829809603455e+00,4.222187739364662851e-01
1.000000000000000000e+01,1.941801162930054447e+00,3.926977473547485498e-01
1.000000000000000000e+01,1.944179239057897579e+00,3.969249427283782494e-01
1.000000000000000000e+01,1.946557034846245759e+00,2.294631393292203558e-01
1.000000000000000000e+01,1.948937590416296883e+00,7.985984349644523195e-03
1.000000000000000000e+01,1.951314762526208613e+00,2.259136343554419835e-01
1.000000000000000000e+01,1.953691583608964111e+00,2.475230489152168995e-03
1.000000000000000000e+01,1.956071115926188098e+00,1.708570366815162153e-02
1.000000000000000000e+01,1.958447170997391629e+00,1.672065790333735662e-03
1.000000000000000000e+01,1.960825904438677769e+00,7.992557343945241172e-03
1.000000000000000000e+01,1.963204206118381423e+00,1.945869463641371417e-03
1.000000000000000000e+01,1.965582051840911504e+00,4.362495195116406627e-03
1.000000000000000000e+01,1.967959417301841540e+00,1.744935798441190310e-03
1.000000000000000000e+01,1.970339409318672352e+00,3.395036009866900413e-03
1.000000000000000000e+01,1.972715748465783570e+00,1.776515426081098567e-03
1.000000000000000000e+01,1.975094680156374904e+00,4.288855135468298309e-03
1.000000000000000000e+01,1.977473048443104009e+00,1.503859789327275384e-03
1.000000000000000000e+01,1.979850828500714810e+00,4.018774722657131315e-03
1.000000000000000000e+01,1.982227995395533071e+00,1.212429033423349052e-03
1.000000000000000000e+01,1.984604524085609167e+00,3.510221852243590370e-03
1.000000000000000000e+01,1.986983573776171186e+00,1.012637885051039226e-03
1.000000000000000000e+01,1.989361950099164611e+00,2.664538121250373606e-03
1.000000000000000000e+01,1.991739627709276261e+00,9.934522870194088112e-04
1.000000000000000000e+01,1.994116581153200896e+00,2.060855403389360869e-03
1.000000000000000000e+01,1.996495999787446962e+00,8.704627236844875680e-04
1.000000000000000000e+01,1.998874658345563660e+00,1.701950243844373330e-03
1.000000000000000000e+01,2.001252531070988550e+00,7.710545909718768704e-04
1.000000000000000000e+01,2.003629592099526402e+00,1.692783927971686260e-03
1.000000000000000000e+01,2.006009061087529410e+00,7.228853641492576651e-04
1.000000000000000000e+01,2.008384428391164267e+00,1.542449822794720368e-03
1.000000000000000000e+01,2.010762166794522354e+00,7.252555500688572790e-04
1.000000000000000000e+01,2.013142273146784511e+00,1.326014400073922701e-03
1.000000000000000000e+01,2.015518191284053184e+00,8.460453599628739831e-04
1.000000000000000000e+01,2.017896439964003363e+00,1.299658619230718544e-03
1.000000000000000000e+01,2.020273723858567294e+00,9.533623745768698716e-04
1.000000000000000000e+01,2.022653315995031953e+00,1.369776771199087296e-03
1.000000000000000000e+01,2.025031905392828957e+00,9.216042793251484275e-04
1.000000000000000000e+01,2.027409465173173775e+00,1.694883866501658730e-03
1.000000000000000000e+01,2.029785968350953596e+00,1.191228995553068057e-03
1.000000000000000000e+01,2.032164718651917390e+00,1.567458929145303537e-03
1.000000000000000000e+01,2.034542373648666747e+00,1.868625294400399952e-03
1.000000000000000000e+01,2.036922252485694695e+00,2.174227199262525247e-03
1.000000000000000000e+01,2.039297642718866488e+00,3.546357053629210429e-03
1.000000000000000000e+01,2.041678579620796796e+00,4.820229926510944014e-03
1.000000000000000000e+01,2.044054972850176011e+00,3.436043445609971402e-03
1.000000000000000000e+01,2.046433526721744833e+00,6.782271720779858848e-02
1.000000000000000000e+01,2.048810851376187347e+00,7.614031126763029511e-02
1.000000000000000000e+01,2.051190312403015081e+00,7.505986925191221459e-02
1.000000000000000000e+01,2.053568504069569922e+00,7.671259648140696386e-02
1.000000000000000000e+01,2.055945398294015458e+00,7.073419189734768409e-02
1.000000000000000000e+01,2.058324384012754305e+00,6.989871170112507692e-02
1.000000000000000000e+01,2.060702031599246808e+00,6.228031870533080883e-02
1.000000000000000000e+01,2.063078312672746772e+00,5.997135453810914507e-02
1.000000000000000000e+01,2.065456639593524102e+00,5.912589979442058746e-02
1.000000000000000000e+01,2.067833558764816893e+00,7.451652133374002396e-02
1.000000000000000000e+01,2.070212498216723152e+00,1.018654439460833228e-01
1.000000000000000000e+01,2.072589988335185041e+00,1.510227073374714457e-01
1.000000000000000000e+01,2.074969472860463071e+00,1.994274820740953580e-01
1.000000000000000000e+01,2.077347466120683439e+00,2.595677127271394657e-01
1.000000000000000000e+01,2.079723939049616721e+00,3.031663214310465482e-01
1.000000000000000000e+01,2.082102359006916092e+00,3.550163914431824774e-01
1.000000000000000000e+01,2.084479216156104542e+00,3.850637064472229310e-01
1.000000000000000000e+01,2.086857993654473997e+00,4.281802671783446756e-01
1.000000000000000000e+01,2.089235165520535009e+00,4.593200525068067419e-01
1.000000000000000000e+01,2.091614230747953052e+00,5.281860770272615024e-01
1.000000000000000000e+01,2.093991647171488779e+00,5.955004113835037360e-01
1.000000000000000000e+01,2.096370929659487015e+00,6.881495843814009472e-01
1.000000000000000000e+01,2.098748519824702452e+00,7.390491908764347251e-01
1.000000000000000000e+01,2.101127948448022309e+00,7.786917857550218480e-01
1.000000000000000000e+01,2.103505640882435745e+00,7.493734369837637965e-01
1.000000000000000000e+01,2.105881566995955634e+00,7.116860741822659264e-01
1.000000000000000000e+01,2.108259281488489290e+00,6.168015217420521612e-01
1.000000000000000000e+01,2.110638778281487493e+00,5.491845732562607996e-01
1.000000000000000000e+01,2.113016450109418187e+00,4.432662566954049255e-01
1.000000000000000000e+01,2.115395875701245210e+00,3.947385818575295247e-01
1.000000000000000000e+01,2.117773431421519081e+00,3.169867777910543860e-01
1.000000000000000000e+01,2.120149086564412588e+00,2.709228168698835093e-01
1.000000000000000000e+01,2.122526443941901597e+00,2.429941752180774517e-01
1.000000000000000000e+01,2.124905497063319437e+00,2.131498053480839761e-01
1.000000000000000000e+01,2.127282589459348561e+00,8.211252683130880470e-03
1.000000000000000000e+01,2.129661348130645226e+00,2.684142194246526975e-02
1.000000000000000000e+01,2.132041766401622240e+00,1.447371299157525172e-03
1.000000000000000000e+01,2.134416488630205944e+00,7.638649550630290455e-03
1.000000000000000000e+01,2.136796506809325980e+00,1.236019015655633350e-03
1.000000000000000000e+01,2.139174456954846537e+00,5.383543507182318028e-03
1.000000000000000000e+01,2.141550307510549533e+00,4.013554343376330206e-04
1.000000000000000000e+01,2.143931441358600143e+00,5.125949974445979072e-03
1.000000000000000000e+01,2.146306729584555040e+00,1.476904872126148338e-04
1.000000000000000000e+01,2.148687286870718527e+00,5.161701681124975308e-03
1.000000000000000000e+01,2.151065666753996908e+00,1.121418118906630394e-04
1.000000000000000000e+01,2.153441837210316567e+00,2.287494886370915192e-03
1.000000000000000000e+01,2.155819514621453603e+00,2.053346231078732377e-04
1.000000000000000000e+01,2.158198691568031347e+00,8.629063645945294616e-04
1.000000000000000000e+01,2.160575595509616864e+00,8.452145598791401763e-04
1.000000000000000000e+01,2.162953967401529898e+00,5.296089901977954104e-05
1.000000000000000000e+01,2.165330017974534726e+00,7.484303536896319596e-04
1.000000000000000000e+01,2.167711294571818659e+00,3.854358975139089759e-05
1.000000000000000000e+01,2.170086419534671851e+00,7.730981383845859662e-04
1.000000000000000000e+01,2.172466754975850289e+00,5.097262756828452909e-05
1.000000000000000000e+01,2.174844688110332491e+00,7.863770552409620829e-04
1.000000000000000000e+01,2.177220185986402434e+00,1.101586388883552090e-04
1.000000000000000000e+01,2.179600878863794833e+00,7.329688782894919902e-04
1.000000000000000000e+01,2.181979103711777057e+00,2.064858996209378427e-04
1.000000000000000000e+01,2.184354827302986468e+00,4.133614874296378324e-04
1.000000000000000000e+01,2.186731873089897693e+00,2.878785770148815514e-04
1.000000000000000000e+01,2.189110232802705447e+00,9.659697369738130040e-06
1.000000000000000000e+01,2.191489898121623092e+00,4.591592926701441413e-04
1.000000000000000000e+01,2.193866978681393132e+00,2.015167025212681416e-05
1.000000000000000000e+01,2.196245331200582740e+00,4.029272256906979823e-04
1.000000000000000000e+01,2.198624947167761245e+00,6.624589363098812365e-05
1.000000000000000000e+01,2.201001910734452061e+00,3.791251916825496204e-04
1.000000000000000000e+01,2.203380103664479339e+00,1.774815696657578747e-04
1.000000000000000000e+01,2.205755593071625942e+00,3.767943140451304610e-04
1.000000000000000000e+01,2.208136210091760532e+00,4.164620943349145931e-04
1.000000000000000000e+01,2.210514089066549559e+00,2.381819145698519885e-05
1.000000000000000000e+01,2.212889195676467580e+00,8.860855671707631520e-04
1.000000000000000000e+01,2.215269411685253598e+00,5.155173831676403075e-05
1.000000000000000000e+01,2.217646820369182592e+00,8.401478849496229855e-04
1.000000000000000000e+01,2.220025362245094058e+00,1.582890961895514837e-04
1.000000000000000000e+01,2.222401044539729753e+00,6.598547489776419254e-04
1.000000000000000000e+01,2.224781816787405386e+00,3.068951105660870562e-04
1.000000000000000000e+01,2.227159693927706297e+00,4.217371779136169893e-04
1.000000000000000000e+01,2.229538650259491828e+00,7.258574329297401255e-04
1.000000000000000000e+01,2.231914658585150590e+00,2.055764154592053058e-05
1.000000000000000000e+01,2.234291710139395537e+00,7.345722948045230920e-04
1.000000000000000000e+01,2.236669795394403248e+00,6.788187836577301570e-05
1.000000000000000000e+01,2.239048904770509107e+00,5.499994020357980079e-04
1.000000000000000000e+01,2.241424976510854261e+00,1.633078102701549135e-04
1.000000000000000000e+01,2.243806096568353503e+00,4.102143528820565831e-04
1.000000000000000000e+01,2.246184142332022571e+00,3.494832685052926403e-04
1.000000000000000000e+01,2.248559078140137224e+00,2.562342347503265724e-05
1.000000000000000000e+01,2.250939041398960061e+00,8.739557350554319308e-04
1.000000000000000000e+01,2.253315857608640727e+00,6.170454845518304752e-05
1.000000000000000000e+01,2.255693594709365701e+00,9.787760013535784856e-04
1.000000000000000000e+01,2.258072242628007320e+00,2.418021251031279438e-04
1.000000000000000000e+01,2.260451791238908381e+00,8.007291153479367384e-04
1.000000000000000000e+01,2.262828100482377369e+00,5.593886070814469260e-04
1.000000000000000000e+01,2.265205272630280042e+00,3.275243904659018841e-05
1.000000000000000000e+01,2.267583297361956962e+00,1.216936013808144574e-03
1.000000000000000000e+01,2.269962164303962027e+00,8.053379929374551217e-05
1.000000000000000000e+01,2.272341863029972320e+00,9.954390873135308439e-04
1.000000000000000000e+01,2.274718209664019053e+00,3.032416726993186046e-04
1.000000000000000000e+01,2.277095349600728014e+00,5.967231607078023843e-04
1.000000000000000000e+01,2.279473272218509372e+00,5.903220681243389646e-04
1.000000000000000000e+01,2.281851966842678436e+00,2.805058951089173919e-05
1.000000000000000000e+01,2.284231422745374829e+00,8.646781539437243223e-04
1.000000000000000000e+01,2.286607412008805351e+00,2.063182446504983046e-04
1.000000000000000000e+01,2.288984123377203694e+00,5.033121616974849458e-04
1.000000000000000000e+01,2.291365780618124681e+00,6.332087258807084186e-04
1.000000000000000000e+01,2.293743912168016763e+00,2.561433282280351550e-04
1.000000000000000000e+01,2.296118480612924895e+00,1.455579269111267806e-03
1.000000000000000000e+01,2.298497970634805210e+00,3.121303879284002131e-04
1.000000000000000000e+01,2.300878127611091895e+00,1.023870133311536581e-03
1.000000000000000000e+01,2.303254661586480623e+00,2.322997543708070142e-03
1.000000000000000000e+01,2.305631822391659203e+00,4.176465910589193973e-04
1.000000000000000000e+01,2.308009598693951503e+00,3.191494640640880204e-02
1.000000000000000000e+01,2.310387979106963030e+00,3.192528531733068720e-02
1.000000000000000000e+01,2.312766952190511649e+00,3.394744724679289727e-02
1.000000000000000000e+01,2.315142183405042520e+00,3.325469254220098786e-02
1.000000000000000000e+01,2.317522298400336744e+00,3.547802238095754124e-02
1.000000000000000000e+01,2.319898630583908439e+00,3.505126342754799618e-02
1.000000000000000000e+01,2.322279841038421555e+00,3.370976126840795339e-02
1.000000000000000000e+01,2.324657227477955335e+00,3.316939456974911382e-02
1.000000000000000000e+01,2.327035118932285318e+00,2.990727046905019074e-02
1.000000000000000000e+01,2.329413503549994768e+00,2.871857432196391058e-02
1.000000000000000000e+01,2.331787983991368662e+00,2.665629392482903384e-02
1.000000000000000000e+01,2.334167310210840451e+00,2.528202713177939501e-02
1.000000000000000000e+01,2.336547093703715827e+00,2.647083578300486392e-02
1.000000000000000000e+01,2.338922910089027418e+00,2.716811325389383025e-02
1.000000000000000000e+01,2.341303562883347844e+00,3.131374803247049393e-02
1.000000000000000000e+01,2.343680206292833024e+00,3.465780762281656102e-02
1.000000000000000000e+01,2.346057240367172003e+00,3.745583305028919036e-02
1.000000000000000000e+01,2.348434652788937260e+00,4.075334021851579475e-02
1.000000000000000000e+01,2.350812431186368734e+00,4.013799975563367428e-02
1.000000000000000000e+01,2.353190563133336077e+00,4.107974864286245004e-02
1.000000000000000000e+01,2.355569036149298690e+00,4.117791230876923642e-02
1.000000000000000000e+01,2.357947837699267524e+00,4.041294278243617172e-02
1.000000000000000000e+01,2.360326955193766896e+00,4.239866025217704781e-02
1.000000000000000000e+01,2.362701873503119110e+00,4.110238271732213899e-02
1.000000000000000000e+01,2.365081575825791482e+00,4.323390128039478197e-02
1.000000000000000000e+01,2.367461555987104838e+00,4.466265126280329761e-02
1.000000000000000000e+01,2.369837271457410743e+00,4.503968842989790333e-02
1.000000000000000000e+01,2.372213220904162867e+00,4.940114714392894457e-02
1.000000000000000000e+01,2.374593939286923305e+00,4.585871924958408868e-02
1.000000000000000000e+01,2.376970326898085517e+00,5.068563761571225762e-02
1.000000000000000000e+01,2.379346909490778650e+00,4.436563042604597940e-03
1.000000000000000000e+01,2.381728249229686956e+00,4.843968228841336217e-03
1.000000000000000000e+01,2.384105191535353274e+00,4.764843188898726248e-04
1.000000000000000000e+01,2.386482289336266938e+00,9.991932127790363605e-04
1.000000000000000000e+01,2.388859529357821643e+00,1.241174063653392723e-03
1.000000000000000000e+01,2.391236898270765909e+00,3.407932254100678776e-04
1.000000000000000000e+01,2.393619003764643427e+00,9.906101033725289110e-04
1.000000000000000000e+01,2.395996599438805941e+00,5.893089222034121350e-04
1.000000000000000000e+01,2.398374283698073040e+00,5.656794628409430106e-04
1.000000000000000000e+01,2.400752042994434454e+00,1.778228182337393201e-03
1.000000000000000000e+01,2.403129863725176119e+00,8.583623884732986603e-04
1.000000000000000000e+01,2.405507732232872620e+00,4.047091478395962658e-03
1.000000000000000000e+01,2.407885634805378317e+00,5.916850156050783814e-03
1.000000000000000000e+01,2.410263557675826007e+00,7.307746705849042790e-02
1.000000000000000000e+01,2.412641487022620712e+00,8.133803592415837780e-02
1.000000000000000000e+01,2.415019408969439230e+00,8.891300172683874736e-02
1.000000000000000000e+01,2.417397309585231913e+00,1.079656138047226654e-01
1.000000000000000000e+01,2.419775174884221780e+00,1.159154337092077880e-01
1.000000000000000000e+01,2.422152990825908514e+00,1.275883395515287899e-01
1.000000000000000000e+01,2.424530743315073789e+00,1.377144069667515236e-01
1.000000000000000000e+01,2.426908418201789264e+00,1.427380037088200881e-01
1.000000000000000000e+01,2.429286001281421470e+00,1.491138735421982664e-01
1.000000000000000000e+01,2.431663478294642911e+00,1.525249214106281226e-01
1.000000000000000000e+01,2.434040834927446273e+00,1.504703480852539188e-01
1.000000000000000000e+01,2.436422844634672291e+00,1.479104378933282504e-01
1.000000000000000000e+01,2.438799926692925002e+00,1.433979347078471467e-01
1.000000000000000000e+01,2.441176845109251925e+00,1.342163438324691371e-01
1.000000000000000000e+01,2.443553585351005086e+00,1.268025597714107500e-01
1.000000000000000000e+01,2.445930132830938852e+00,1.192584705998708944e-01
1.000000000000000000e+01,2.448311307568818762e+00,1.094867483382257339e-01
1.000000000000000000e+01,2.450687434933867870e+00,1.029168126385729132e-01
1.000000000000000000e+01,2.453068178922694020e+00,9.586019505183496214e-02
1.000000000000000000e+01,2.455443827201868601e+00,8.762844911859410391e-02
1.000000000000000000e+01,2.457824081285056472e+00,8.178669972068734750e-02
1.000000000000000000e+01,2.460199191070725266e+00,7.500059871487149699e-02
1.000000000000000000e+01,2.462578895654787381e+00,6.690958637444203994e-02
1.000000000000000000e+01,2.464958307733604137e+00,6.063424559161201266e-02
1.000000000000000000e+01,2.467332502158201546e+00,5.357836499110982947e-02
1.000000000000000000e+01,2.469711274537423229e+00,4.402161818726268300e-02
1.000000000000000000e+01,2.472089709077717856e+00,4.065557771598002357e-02
1.000000000000000000e+01,2.474467790561501790e+00,1.998612883056013600e-03
1.000000000000000000e+01,2.476845503716746499e+00,2.641417902300549451e-03
1.000000000000000000e+01,2.479222833217026967e+00,2.452501303004532649e-03
1.000000000000000000e+01,2.481599763681567428e+00,4.398926310233465813e-04
1.000000000000000000e+01,2.483981256237295376e+00,7.212401115797652295e-04
1.000000000000000000e+01,2.486357351796226300e+00,3.038109675515288121e-04
1.000000000000000000e+01,2.488737997498906118e+00,1.326306206414051673e-04
1.000000000000000000e+01,2.491113196007286756e+00,2.338046541059411504e-04
1.000000000000000000e+01,2.493492932524325134e+00,2.515348903233117464e-04
1.000000000000000000e+01,2.495872195725481024e+00,1.238757067012462851e-04
1.000000000000000000e+01,2.498245935968249398e+00,1.585019600033275844e-04
1.000000000000000000e+01,2.500624195678618378e+00,2.323032844154634317e-04
1.000000000000000000e+01,2.503001934687554719e+00,1.077377917351542461e-04
1.000000000000000000e+01,2.505384199785404054e+00,8.328434906996212846e-05
1.000000000000000000e+01,2.507760859244102747e+00,1.516801937411145799e-04
1.000000000000000000e+01,2.510136950143142087e+00,1.056810247000922252e-04
1.000000000000000000e+01,2.512517547981021337e+00,5.124957352922371637e-05
1.000000000000000000e+01,2.514892463148078239e+00,1.380448881982436406e-04
1.000000000000000000e+01,2.517271872260600674e+00,1.285162169988118917e-04
1.000000000000000000e+01,2.519650667552726819e+00,5.311861532286716464e-05
1.000000000000000000e+01,2.522028832766149087e+00,1.656558412820644780e-04
1.000000000000000000e+01,2.524406351588751818e+00,1.764745818460389921e-04
1.000000000000000000e+01,2.526783207654688557e+00,8.745048446592101844e-05
1.000000000000000000e+01,2.529159384544463762e+00,1.903462112350653654e-04
1.000000000000000000e+01,2.531540034735527911e+00,2.280386504299617226e-04
1.000000000000000000e+01,2.533914813502587737e+00,1.381699399778737200e-04
1.000000000000000000e+01,2.536294051902468372e+00,1.246121240607954016e-04
1.000000000000000000e+01,2.538672564369699458e+00,2.813974543689144714e-04
1.000000000000000000e+01,2.541050334235800179e+00,2.649087049423624104e-04
1.000000000000000000e+01,2.543427344778853350e+00,1.704122021169288462e-04
1.000000000000000000e+01,2.545808806606810748e+00,1.846879845532488535e-04
1.000000000000000000e+01,2.548184257884455128e+00,3.867317421280495188e-04
1.000000000000000000e+01,2.550564146289386880e+00,3.817757698706408125e-04
1.000000000000000000e+01,2.552943227520946490e+00,1.908212218926278424e-04
1.000000000000000000e+01,2.555321484608414462e+00,2.362871494941580291e-04
1.000000000000000000e+01,2.557698900527907160e+00,3.588070328571440299e-04
1.000000000000000000e+01,2.560075458202479837e+00,3.318924424446327158e-04
1.000000000000000000e+01,2.562451140502226998e+00,1.306485698436599975e-04
1.000000000000000000e+01,2.564831236037994344e+00,1.722401189572898915e-04
1.000000000000000000e+01,2.567210441454971015e+00,2.472400075567708264e-04
1.000000000000000000e+01,2.569588739480965334e+00,1.860879751616706065e-04
1.000000000000000000e+01,2.571966112790943892e+00,6.571202364419464494e-05
1.000000000000000000e+01,2.574342544007147904e+00,1.126005299396028739e-04
1.000000000000000000e+01,2.576723370808659652e+00,1.615150015103990254e-04
1.000000000000000000e+01,2.579097875367938553e+00,8.165585930976181886e-05
1.000000000000000000e+01,2.581476760275176030e+00,3.306268784757713088e-05
1.000000000000000000e+01,2.583854652848235123e+00,6.502979374761948836e-05
1.000000000000000000e+01,2.586231535461967379e+00,9.625188153082676651e-05
1.000000000000000000e+01,2.588612795081014717e+00,6.425802255162443410e-05
1.000000000000000000e+01,2.590987614612529910e+00,4.258971209935118050e-05
1.000000000000000000e+01,2.593366795512073164e+00,3.107805443121939529e-05
1.000000000000000000e+01,2.595744915317689472e+00,4.782853343989051649e-05
1.000000000000000000e+01,2.598121956157397161e+00,6.335171228888080157e-05
1.000000000000000000e+01,2.600497900107185067e+00,6.116622452917863260e-05
1.000000000000000000e+01,2.602878193565458798e+00,3.565310447449134007e-05
1.000000000000000000e+01,2.605257374095403922e+00,2.437773800753375769e-05
1.000000000000000000e+01,2.607635423630717320e+00,4.048237690018833542e-05
1.000000000000000000e+01,2.610012324053281763e+00,5.563436504332444919e-05
1.000000000000000000e+01,2.612388057193310686e+00,4.830815328914900546e-05
1.000000000000000000e+01,2.614768119240192146e+00,2.595504432915391168e-05
1.000000000000000000e+01,2.617146997564059774e+00,2.874602252686677762e-05
1.000000000000000000e+01,2.619524673852972718e+00,4.457968441243526233e-05
1.000000000000000000e+01,2.621901129743555270e+00,5.698045882577469656e-05
1.000000000000000000e+01,2.624281901432961472e+00,3.573149108010332685e-05
1.000000000000000000e+01,2.626655871285938915e+00,2.504086151052831199e-05
1.000000000000000000e+01,2.629034140094493655e+00,3.686576049582765521e-05
1.000000000000000000e+01,2.631416719546495031e+00,8.754761403850967543e-05
1.000000000000000000e+01,2.633792431410708623e+00,7.631132157363007822e-05
1.000000000000000000e+01,2.636172436860944934e+00,4.358132251565331169e-05
1.000000000000000000e+01,2.638545517161249965e+00,7.428906289252607312e-05
1.000000000000000000e+01,2.640928499105384297e+00,1.682009696960121766e-04
1.000000000000000000e+01,2.643304518349861354e+00,3.435892523762511079e-03
1.000000000000000000e+01,2.645684816809926954e+00,1.214263687032579413e-03
1.000000000000000000e+01,2.648058094547728558e+00,7.652736297786748645e-03
1.000000000000000000e+01,2.650435633945297020e+00,9.695602175596366654e-03
1.000000000000000000e+01,2.652817446491849473e+00,1.176885252664790736e-02
1.000000000000000000e+01,2.655192171178932803e+00,1.325414222516897202e-02
1.000000000000000000e+01,2.657571151243650398e+00,1.441848834315889727e-02
1.000000000000000000e+01,2.659948691486012429e+00,1.500764325193148715e-02
1.000000000000000000e+01,2.662330489570499559e+00,1.554531894281322574e-02
1.000000000000000000e+01,2.664705102769717726e+00,1.566270101424883238e-02
1.000000000000000000e+01,2.667083955729373734e+00,1.562408748108334161e-02
1.000000000000000000e+01,2.669461312276356413e+00,1.502067527728804218e-02
1.000000000000000000e+01,2.671837153036051848e+00,1.429867883924354835e-02
1.000000000000000000e+01,2.674217226595466013e+00,1.364223392771929735e-02
1.000000000000000000e+01,2.676595765975274599e+00,1.314302329144939607e-02
1.000000000000000000e+01,2.678972751659991935e+00,1.295982850930325024e-02
1.000000000000000000e+01,2.681353962923400225e+00,1.276638778498323870e-02
1.000000000000000000e+01,2.683727792746523733e+00,1.244733659997083845e-02
1.000000000000000000e+01,2.686105829445210702e+00,1.162569581553611273e-02
1.000000000000000000e+01,2.688488084212449003e+00,1.094197387255796926e-02
1.000000000000000000e+01,2.690862888123974894e+00,9.149311662966791089e-03
1.000000000000000000e+01,2.693241891183510539e+00,7.817059558114389239e-03
1.000000000000000000e+01,2.695619243808531795e+00,3.923548063770386334e-04
1.000000000000000000e+01,2.697994926104692492e+00,2.801212085107271680e-04
1.000000000000000000e+01,2.700374799530429026e+00,2.876576472085194442e-04
1.000000000000000000e+01,2.702752983395575903e+00,1.901616127295700960e-04
1.000000000000000000e+01,2.705129457665879755e+00,6.282606148482354491e-03
1.000000000000000000e+01,2.707510114782492927e+00,6.251539316439935420e-03
1.000000000000000000e+01,2.709889042854494612e+00,6.117411998158592788e-03
1.000000000000000000e+01,2.712266221707900993e+00,5.870863583566400534e-03
1.000000000000000000e+01,2.714641631120770615e+00,5.724823679046503466e-03
1.000000000000000000e+01,2.717021204959639391e+00,5.527581284516685546e-03
1.000000000000000000e+01,2.719398989596979010e+00,5.392127654050389400e-03
1.000000000000000000e+01,2.721774964671693997e+00,5.210965130408026086e-03
1.000000000000000000e+01,2.724155095219163325e+00,5.094989585311016089e-03
1.000000000000000000e+01,2.726533396224594785e+00,4.904265594190793456e-03
1.000000000000000000e+01,2.728909847187990234e+00,4.708470357892036509e-03
1.000000000000000000e+01,2.731290444402350470e+00,4.482118771647330448e-03
1.000000000000000000e+01,2.733669171376605700e+00,4.246831188911830146e-03
1.000000000000000000e+01,2.736046007472129116e+00,3.980411540133090703e-03
1.000000000000000000e+01,2.738420932003415853e+00,3.769141185660425126e-03
1.000000000000000000e+01,2.740799983049091892e+00,3.545743451852595342e-03
1.000000000000000000e+01,2.743177102021586489e+00,3.408458043581376849e-03
1.000000000000000000e+01,2.745558347964158319e+00,3.172901596033710775e-03
1.000000000000000000e+01,2.747937641197727654e+00,3.182090239465986802e-03
1.000000000000000000e+01,2.750314960807459741e+00,4.026453739441371890e-04
1.000000000000000000e+01,2.752690285832279038e+00,2.639516914362301106e-04
1.000000000000000000e+01,2.755069717329380996e+00,4.031346123614117745e-04
1.000000000000000000e+01,2.757447133295085617e+00,3.888786041961236331e-04
1.000000000000000000e+01,2.759822512631141755e+00,5.333002177955899897e-03
1.000000000000000000e+01,2.762201987996263153e+00,5.859114937784757303e-03
1.000000000000000000e+01,2.764579405566437664e+00,6.415959426154626069e-03
1.000000000000000000e+01,2.766960919131962182e+00,6.874752762281145790e-03
1.000000000000000000e+01,2.769334167959193405e+00,7.286248632503298378e-03
1.000000000000000000e+01,2.771717687672561325e+00,7.607722290465118026e-03
1.000000000000000000e+01,2.774092899949887059e+00,7.869546667050138916e-03
1.000000000000000000e+01,2.776472186575843271e+00,8.207059643282608660e-03
1.000000000000000000e+01,2.778849329813015245e+00,8.345106266698862352e-03
1.000000000000000000e+01,2.781224308154069291e+00,8.455701026908202592e-03
1.000000000000000000e+01,2.783603349577585373e+00,8.499625284728289792e-03
1.000000000000000000e+01,2.785980204283322159e+00,8.530616548433208116e-03
1.000000000000000000e+01,2.788361121540816612e+00,8.477365641536019347e-03
1.000000000000000000e+01,2.790739830130332333e+00,8.432834808588078601e-03
1.000000000000000000e+01,2.793116308318245977e+00,8.134890532629841797e-03
1.000000000000000000e+01,2.795496837376052479e+00,1.702571747268335264e-03
1.000000000000000000e+01,2.797875113863212526e+00,1.891454399359362732e-03
1.000000000000000000e+01,2.800251115911298605e+00,2.686667674880178873e-04
1.000000000000000000e+01,2.802631156870153184e+00,2.846593997763784915e-04
1.000000000000000000e+01,2.805008901002245647e+00,1.459016699796389176e-04
1.000000000000000000e+01,2.807384326304926958e+00,1.575929763716992752e-04
1.000000000000000000e+01,2.809763778281390234e+00,1.060850519360551726e-04
1.000000000000000000e+01,2.812140888822362683e+00,8.309074396545277957e-05
1.000000000000000000e+01,2.814515635791587478e+00,8.700353360187650456e-05
1.000000000000000000e+01,2.816894396919202848e+00,7.390300190359021444e-05
1.000000000000000000e+01,2.819277182391831005e+00,7.251817673404664037e-05
1.000000000000000000e+01,2.821651159259273456e+00,5.684306043746739276e-05
1.000000000000000000e+01,2.824029137518142551e+00,5.412462833989955971e-05
1.000000000000000000e+01,2.826411127293623426e+00,3.835396989838413766e-05
1.000000000000000000e+01,2.828784230557050972e+00,2.649177287922854703e-05
1.000000000000000000e+01,2.831161322165572702e+00,2.186608911202247947e-05
1.000000000000000000e+01,2.833542412182134651e+00,1.427047040504196297e-05
1.000000000000000000e+01,2.835921024016914149e+00,1.127058546477640642e-05
1.000000000000000000e+01,2.838297135088118761e+00,7.285045625801280821e-06
1.000000000000000000e+01,2.840677231205615438e+00,1.049804652711137722e-05
1.000000000000000000e+01,2.843054803040627743e+00,1.317314638918633175e-05
1.000000000000000000e+01,2.845429827880051832e+00,1.679302891087106924e-05
1.000000000000000000e+01,2.847808824123101878e+00,2.341560907535482030e-05
1.000000000000000000e+01,2.850185249634491935e+00,2.534534541749686035e-05
1.000000000000000000e+01,2.852565644594050376e+00,2.957898797927922585e-05
1.000000000000000000e+01,2.854943444955898801e+00,3.356720517307819243e-05
1.000000000000000000e+01,2.857318627786822773e+00,3.632785137760556084e-05
1.000000000000000000e+01,2.859697765996172869e+00,3.929701567810424130e-05
1.000000000000000000e+01,2.862080869472485301e+00,4.052162050204492170e-05
1.000000000000000000e+01,2.864454712355927857e+00,4.162430156429250579e-05
1.000000000000000000e+01,2.866832496293459265e+00,3.996183609652096216e-05
1.000000000000000000e+01,2.869214231107640511e+00,3.995411666047806869e-05
1.000000000000000000e+01,2.871586624881306449e+00,3.810532121309347244e-05
1.000000000000000000e+01,2.873969606985570024e+00,3.970250937433242072e-05
1.000000000000000000e+01,2.876343201527446158e+00,3.440532053389495188e-05
1.000000000000000000e+01,2.878720719985517373e+00,4.525488438271387561e-05
1.000000000000000000e+01,2.881102172098087610e+00,6.170160470738062950e-05
1.000000000000000000e+01,2.883480861554354568e+00,5.914638519024153899e-05
1.000000000000000000e+01,2.885856764896066906e+00,7.837928242094926003e-05
1.000000000000000000e+01,2.888236586815389195e+00,2.005097900886052779e-03
1.000000000000000000e+01,2.890613597715197436e+00,2.112739575533195517e-03
1.000000000000000000e+01,2.892994524384758570e+00,2.224500618216533436e-03
1.000000000000000000e+01,2.895365853522527733e+00,2.230390817906866864e-03
1.000000000000000000e+01,2.897747845885614293e+00,2.290939212089024811e-03
1.000000000000000000e+01,2.900126977032283726e+00,2.313103884359423747e-03
1.000000000000000000e+01,2.902503223200517901e+00,2.300317128288699182e-03
1.000000000000000000e+01,2.904883366561006319e+00,2.286261052817724088e-03
1.000000000000000000e+01,2.907260599562923709e+00,2.257347367908124364e-03
1.000000000000000000e+01,2.909634898318774088e+00,2.240540227351147523e-03
1.000000000000000000e+01,2.912013078324352744e+00,2.264234813747055802e-03
1.000000000000000000e+01,2.914395149104420657e+00,2.266008258742049832e-03
1.000000000000000000e+01,2.916774258379155604e+00,2.222416138007769337e-03
1.000000000000000000e+01,2.919150382085439865e+00,2.158137599473898115e-03
1.000000000000000000e+01,2.921523496123781261e+00,6.071381492730597469e-04
1.000000000000000000e+01,2.923907367138645963e+00,6.987410305560738492e-05
1.000000000000000000e+01,2.926281318344463589e+00,4.285506638848784219e-05
1.000000000000000000e+01,2.928659127554641639e+00,4.194244695810447855e-05
1.000000000000000000e+01,2.931040804181527015e+00,3.370833080250818523e-05
1.000000000000000000e+01,2.933419417291878162e+00,3.283337786147275177e-05
1.000000000000000000e+01,2.935794942524495799e+00,1.539945755059501023e-05
1.000000000000000000e+01,2.938174318344370928e+00,1.205095988903378220e-05
1.000000000000000000e+01,2.940550579959972044e+00,2.351190550990779794e-05
1.000000000000000000e+01,2.942930688311046872e+00,2.695114350121496967e-05
1.000000000000000000e+01,2.945307656001242336e+00,1.693645583701658931e-05
1.000000000000000000e+01,2.947681458460930770e+00,9.167545697218592058e-06
1.000000000000000000e+01,2.950059090390392047e+00,6.384852829047660367e-06
1.000000000000000000e+01,2.952440561063782720e+00,1.568716044356277387e-05
1.000000000000000000e+01,2.954818837778843132e+00,1.985156889253297943e-05
1.000000000000000000e+01,2.957193895793339244e+00,4.610339084988518407e-06
1.000000000000000000e+01,2.959572774981745535e+00,1.695286796985584303e-05
1.000000000000000000e+01,2.961955484573179920e+00,1.186385159623254040e-05
1.000000000000000000e+01,2.964327858985216224e+00,4.388667154283584172e-06
1.000000000000000000e+01,2.966711135514628506e+00,2.066017827571059887e-05
1.000000000000000000e+01,2.969084027002956372e+00,8.990319134823314629e-06
1.000000000000000000e+01,2.971467838945096585e+00,4.803431688644752375e-06
1.000000000000000000e+01,2.973841215813263883e+00,2.239233161649705441e-05
1.000000000000000000e+01,2.976218387048926051e+00,6.434347734362166831e-06
1.000000000000000000e+01,2.978599361758565323e+00,7.586523948531675979e-06
1.000000000000000000e+01,2.980976981837772488e+00,2.391652540756877669e-05
1.000000000000000000e+01,2.983351222083469256e+00,5.008021464475638743e-06
1.000000000000000000e+01,2.985729247336589065e+00,2.268891498739062702e-05
1.000000000000000000e+01,2.988111066655426029e+00,5.786397937993032267e-05
1.000000000000000000e+01,2.990489476071835462e+00,4.835360673596099282e-04
1.000000000000000000e+01,2.992864450213154281e+00,4.979502642761256563e-04
1.000000000000000000e+01,2.995243199646329124e+00,5.159538686277789559e-04
1.000000000000000000e+01,2.997618485893688511e+00,5.316187731351107058e-04
1.000000000000000000e+01,2.999997542427555786e+00,5.494981203056873310e-04
1.100000000000000000e+01,1.723029394364145483e+00,8.634001053359142131e-06
1.100000000000000000e+01,1.725405639360965360e+00,4.998325513782749685e-05
1.100000000000000000e+01,1.732539967848906848e+00,4.049988867768141034e-05
1.100000000000000000e+01,1.734918258608534103e+00,1.801085185326808884e-05
1.100000000000000000e+01,1.737295784744042226e+00,4.369455017950913441e-05
1.100000000000000000e+01,1.739674954091988246e+00,2.377211322752064365e-05
1.100000000000000000e+01,1.742053305661134033e+00,9.535190078723777200e-05
1.100000000000000000e+01,1.744430805976284748e+00,1.868056859643033290e-05
1.100000000000000000e+01,1.746807421400558225e+00,8.462756794015203511e-05
1.100000000000000000e+01,1.749185585906543050e+00,9.689305624569910654e-05
1.100000000000000000e+01,1.751565285671503824e+00,7.576932535957256205e-05
1.100000000000000000e+01,1.753941544332989544e+00,1.075139877392595502e-04
1.100000000000000000e+01,1.756319283347408389e+00,4.416870858172525840e-05
1.100000000000000000e+01,1.758698488506720947e+00,1.027503215045955738e-04
1.100000000000000000e+01,1.761076644056678076e+00,3.100644622872260011e-05
1.100000000000000000e+01,1.763453715291095847e+00,9.285050934370362807e-05
1.100000000000000000e+01,1.765832182308382903e+00,2.201061601815397205e-05
1.100000000000000000e+01,1.768209508663195706e+00,1.163512627499731710e-04
1.100000000000000000e+01,1.770588187717695883e+00,7.500481360835464079e-05
1.100000000000000000e+01,1.772965669196805205e+00,1.276416702948435353e-04
1.100000000000000000e+01,1.775344459763996241e+00,2.031542031279890521e-04
1.100000000000000000e+01,1.777721995276969613e+00,1.708715664779492224e-04
1.100000000000000000e+01,1.780100795737554753e+00,3.322621843685053238e-04
1.100000000000000000e+01,1.782478283099381056e+00,1.505658763890757232e-04
1.100000000000000000e+01,1.784856990739158489e+00,3.499671138182218477e-04
1.100000000000000000e+01,1.787234326670235962e+00,9.839030453788708019e-05
1.100000000000000000e+01,1.789612837680196966e+00,3.204170350600869192e-04
1.100000000000000000e+01,1.791989917806559918e+00,1.513003964179548229e-04
1.100000000000000000e+01,1.794368127283230807e+00,1.801557083871884390e-04
1.100000000000000000e+01,1.796744846137017459e+00,1.890678624864290214e-04
1.100000000000000000e+01,1.799122648083041343e+00,1.738647605120580879e-04
1.100000000000000000e+01,1.801501516697256555e+00,2.408656086052953838e-04
1.100000000000000000e+01,1.803878810935230392e+00,1.400891282957350450e-04
1.100000000000000000e+01,1.806257124818080539e+00,2.354570815632542845e-04
1.100000000000000000e+01,1.808636441567766484e+00,9.978042259944909737e-05
1.100000000000000000e+01,1.811014098981616804e+00,2.105105063100152780e-04
1.100000000000000000e+01,1.813392711472929353e+00,7.365988283151329115e-05
1.100000000000000000e+01,1.815769602679484063e+00,2.079751064602467056e-04
1.100000000000000000e+01,1.818147400644648304e+00,5.299675303536228245e-05
1.100000000000000000e+01,1.820526087986671593e+00,1.568151160438138085e-04
1.100000000000000000e+01,1.822902967052714596e+00,9.331023952511964081e-05
1.100000000000000000e+01,1.825280686410676978e+00,1.163747212844800131e-04
1.100000000000000000e+01,1.827659228322897844e+00,9.789191976406355167e-05
1.100000000000000000e+01,1.830038574944468310e+00,9.985034034222067508e-05
1.100000000000000000e+01,1.832416000112327747e+00,1.050191422576073649e-04
1.100000000000000000e+01,1.834794179900823385e+00,9.393328258077274283e-05
1.100000000000000000e+01,1.837170373825880221e+00,1.143665119279549787e-04
1.100000000000000000e+01,1.839550001086070585e+00,8.360140184518947656e-05
1.100000000000000000e+01,1.841927591628267580e+00,1.352426912530016066e-04
1.100000000000000000e+01,1.844305849176059109e+00,7.699295265026350897e-05
1.100000000000000000e+01,1.846682004518993780e+00,1.671807136268386204e-04
1.100000000000000000e+01,1.849061532876481451e+00,7.151311399954236815e-05
1.100000000000000000e+01,1.851438907171361503e+00,1.825455413398388625e-04
1.100000000000000000e+01,1.853816858923008848e+00,8.988529493838892182e-05
1.100000000000000000e+01,1.856195368998788231e+00,2.020635242198268557e-04
1.100000000000000000e+01,1.858574418157592278e+00,1.350667607731126493e-04
1.100000000000000000e+01,1.860951193835267858e+00,2.137423751644151599e-04
1.100000000000000000e+01,1.863328455497598846e+00,1.771815833553187455e-04
1.100000000000000000e+01,1.865706183545688734e+00,2.274509581776329393e-04
1.100000000000000000e+01,1.868084358271926204e+00,2.450240773158288599e-04
1.100000000000000000e+01,1.870462959859882535e+00,2.464590172654175905e-04
1.100000000000000000e+01,1.872841968384215239e+00,3.263835632801274250e-04
1.100000000000000000e+01,1.875218527602503737e+00,2.614734579914465475e-04
1.100000000000000000e+01,1.877598282584272082e+00,4.541096519358880446e-04
1.100000000000000000e+01,1.879975533445847002e+00,2.709245555293614684e-04
1.100000000000000000e+01,1.882353096003137383e+00,5.871152340282757408e-04
1.100000000000000000e+01,1.884730949754881424e+00,3.023751688253372458e-04
1.100000000000000000e+01,1.887109074090651539e+00,8.418951544042019373e-04
1.100000000000000000e+01,1.889487448290790628e+00,3.435536465812383884e-04
1.100000000000000000e+01,1.891866051526354786e+00,1.073751845503795408e-03
1.100000000000000000e+01,1.894241968814363020e+00,4.819848165858198761e-04
1.100000000000000000e+01,1.896620959922661109e+00,1.330241556910604457e-03
1.100000000000000000e+01,1.899000116913673875e+00,7.148063953879771467e-04
1.100000000000000000e+01,1.901376502634666066e+00,1.617824566929316771e-03
1.100000000000000000e+01,1.903755920179471373e+00,9.535600522652294686e-04
1.100000000000000000e+01,1.906132508977648854e+00,1.503162975083560064e-03
1.100000000000000000e+01,1.908512101096307090e+00,1.034407786156516830e-03
1.100000000000000000e+01,1.910888806516348737e+00,1.455640850491756030e-03
1.100000000000000000e+01,1.913265533887637870e+00,9.511306554218116683e-04
1.100000000000000000e+01,1.915645221064280479e+00,1.098426846561360729e-03
1.100000000000000000e+01,1.918021933723900396e+00,7.822579221966618774e-04
1.100000000000000000e+01,1.920401576683357536e+00,1.065529723526272270e-03
1.100000000000000000e+01,1.922778185987368271e+00,1.072598932035092678e-03
1.100000000000000000e+01,1.925157695683840764e+00,2.125286574489311693e-03
1.100000000000000000e+01,1.927534112112835318e+00,2.276243561998013074e-03
1.100000000000000000e+01,1.929913398624609977e+00,3.663174116842585898e-03
1.100000000000000000e+01,1.932289531783984105e+00,6.365115358210600253e-03
1.100000000000000000e+01,1.934668504313772353e+00,3.370572346020153133e-04
1.100000000000000000e+01,1.937047289244272052e+00,9.559938987779665817e-03
1.100000000000000000e+01,1.939422829809603455e+00,5.143474344862090149e-04
1.100000000000000000e+01,1.941801162930054447e+00,1.822728764666387696e-02
1.100000000000000000e+01,1.944179239057897579e+00,1.020212948782483944e-03
1.100000000000000000e+01,1.946557034846245759e+00,1.565307969826471024e-01
1.100000000000000000e+01,1.948937590416296883e+00,3.656766573882080373e-01
1.100000000000000000e+01,1.951314762526208613e+00,1.371977711862341354e-01
1.100000000000000000e+01,1.953691583608964111e+00,3.488007704832862266e-01
1.100000000000000000e+01,1.956071115926188098e+00,3.242113587748873815e-01
1.100000000000000000e+01,1.958447170997391629e+00,3.272877444639245015e-01
1.100000000000000000e+01,1.960825904438677769e+00,3.109744845517480316e-01
1.100000000000000000e+01,1.963204206118381423e+00,3.037724917878674158e-01
1.100000000000000000e+01,1.965582051840911504e+00,2.922843246870445721e-01
1.100000000000000000e+01,1.967959417301841540e+00,2.872930857996863208e-01
1.100000000000000000e+01,1.970339409318672352e+00,2.974668747857970863e-01
1.100000000000000000e+01,1.972715748465783570e+00,3.361382013102229283e-01
1.100000000000000000e+01,1.975094680156374904e+00,3.952573540727400414e-01
1.100000000000000000e+01,1.977473048443104009e+00,4.455647574497897945e-01
1.100000000000000000e+01,1.979850828500714810e+00,4.720647214254964363e-01
1.100000000000000000e+01,1.982227995395533071e+00,4.864455383495556173e-01
1.100000000000000000e+01,1.984604524085609167e+00,4.851806873615153726e-01
1.100000000000000000e+01,1.986983573776171186e+00,4.782359208282921381e-01
1.100000000000000000e+01,1.989361950099164611e+00,4.501077813100336500e-01
1.100000000000000000e+01,1.991739627709276261e+00,4.230126857625158276e-01
1.100000000000000000e+01,1.994116581153200896e+00,3.947487921964081825e-01
1.100000000000000000e+01,1.996495999787446962e+00,3.759472578361572337e-01
1.100000000000000000e+01,1.998874658345563660e+00,3.571180694016090063e-01
1.100000000000000000e+01,2.001252531070988550e+00,3.440826306464246920e-01
1.100000000000000000e+01,2.003629592099526402e+00,3.295814887387348846e-01
1.100000000000000000e+01,2.006009061087529410e+00,3.191824877981894182e-01
1.100000000000000000e+01,2.008384428391164267e+00,3.067193844806213598e-01
1.100000000000000000e+01,2.010762166794522354e+00,2.971878530818894970e-01
1.100000000000000000e+01,2.013142273146784511e+00,2.857235817229537567e-01
1.100000000000000000e+01,2.015518191284053184e+00,2.764514880902780858e-01
1.100000000000000000e+01,2.017896439964003363e+00,2.653601662565108210e-01
1.100000000000000000e+01,2.020273723858567294e+00,2.558351108631575777e-01
1.100000000000000000e+01,2.022653315995031953e+00,2.446523900348141767e-01
1.100000000000000000e+01,2.025031905392828957e+00,2.320551453408632725e-01
1.100000000000000000e+01,2.027409465173173775e+00,2.225116249772816079e-01
1.100000000000000000e+01,2.029785968350953596e+00,2.120242784723282425e-01
1.100000000000000000e+01,2.032164718651917390e+00,2.013919603078088427e-01
1.100000000000000000e+01,2.034542373648666747e+00,1.910086868031493357e-01
1.100000000000000000e+01,2.036922252485694695e+00,1.801649678602703086e-01
1.100000000000000000e+01,2.039297642718866488e+00,1.697662704902672404e-01
1.100000000000000000e+01,2.041678579620796796e+00,1.587529923476694305e-01
1.100000000000000000e+01,2.044054972850176011e+00,1.483264247113007250e-01
1.100000000000000000e+01,2.046433526721744833e+00,1.370936500085355725e-01
1.100000000000000000e+01,2.048810851376187347e+00,1.268207853998644941e-01
1.100000000000000000e+01,2.051190312403015081e+00,1.157003872341477863e-01
1.100000000000000000e+01,2.053568504069569922e+00,1.064415902965997474e-01
1.100000000000000000e+01,2.055945398294015458e+00,9.689945138577846229e-02
1.100000000000000000e+01,2.058324384012754305e+00,9.211781570540125696e-02
1.100000000000000000e+01,2.060702031599246808e+00,8.953582251603003916e-02
1.100000000000000000e+01,2.063078312672746772e+00,9.842473705895596336e-02
1.100000000000000000e+01,2.065456639593524102e+00,1.133989281616884087e-01
1.100000000000000000e+01,2.067833558764816893e+00,1.462453984023694975e-01
1.100000000000000000e+01,2.070212498216723152e+00,1.731162210185407113e-01
1.100000000000000000e+01,2.072589988335185041e+00,2.047234253648469726e-01
1.100000000000000000e+01,2.074969472860463071e+00,2.001958134778797360e-01
1.100000000000000000e+01,2.077347466120683439e+00,2.088887971502846053e-01
1.100000000000000000e+01,2.079723939049616721e+00,1.847663232776070377e-02
1.100000000000000000e+01,2.082102359006916092e+00,9.272733276854553189e-03
1.100000000000000000e+01,2.084479216156104542e+00,6.755929437622646382e-03
1.100000000000000000e+01,2.086857993654473997e+00,2.604387188284663576e-03
1.100000000000000000e+01,2.089235165520535009e+00,6.203627445222247710e-03
1.100000000000000000e+01,2.091614230747953052e+00,2.720984945356134596e-03
1.100000000000000000e+01,2.093991647171488779e+00,6.082134799482260233e-03
1.100000000000000000e+01,2.096370929659487015e+00,3.348774334616196405e-03
1.100000000000000000e+01,2.098748519824702452e+00,8.643415615484579748e-03
1.100000000000000000e+01,2.101127948448022309e+00,3.654733209692739154e-03
1.100000000000000000e+01,2.103505640882435745e+00,1.207703296482112720e-02
1.100000000000000000e+01,2.105881566995955634e+00,2.821347887902099158e-03
1.100000000000000000e+01,2.108259281488489290e+00,1.579408588632334048e-02
1.100000000000000000e+01,2.110638778281487493e+00,2.121706531505690267e-03
1.100000000000000000e+01,2.113016450109418187e+00,2.113251474657745071e-02
1.100000000000000000e+01,2.115395875701245210e+00,1.479685721403056330e-03
1.100000000000000000e+01,2.117773431421519081e+00,1.668566236078528053e-02
1.100000000000000000e+01,2.120149086564412588e+00,1.705414422384751022e-02
1.100000000000000000e+01,2.122526443941901597e+00,1.289333009722151008e-02
1.100000000000000000e+01,2.124905497063319437e+00,1.575970216030968263e-02
1.100000000000000000e+01,2.127282589459348561e+00,2.064971571332542277e-01
1.100000000000000000e+01,2.129661348130645226e+00,1.774607596242176455e-01
1.100000000000000000e+01,2.132041766401622240e+00,2.059285844823429690e-01
1.100000000000000000e+01,2.134416488630205944e+00,2.091169903264400443e-01
1.100000000000000000e+01,2.136796506809325980e+00,2.405147369713220851e-01
1.100000000000000000e+01,2.139174456954846537e+00,2.647040450219765861e-01
1.100000000000000000e+01,2.141550307510549533e+00,3.091494041659710867e-01
1.100000000000000000e+01,2.143931441358600143e+00,3.324247308380274268e-01
1.100000000000000000e+01,2.146306729584555040e+00,3.534485082946022261e-01
1.100000000000000000e+01,2.148687286870718527e+00,3.217868135584417977e-01
1.100000000000000000e+01,2.151065666753996908e+00,2.743991775414165724e-01
1.100000000000000000e+01,2.153441837210316567e+00,1.998142159427581666e-01
1.100000000000000000e+01,2.155819514621453603e+00,1.430574879762353535e-01
1.100000000000000000e+01,2.158198691568031347e+00,9.743733918716068754e-02
1.100000000000000000e+01,2.160575595509616864e+00,7.140773575150341501e-02
1.100000000000000000e+01,2.162953967401529898e+00,5.920591099936404339e-02
1.100000000000000000e+01,2.165330017974534726e+00,5.480595918096308611e-02
1.100000000000000000e+01,2.167711294571818659e+00,5.733896081085305962e-02
1.100000000000000000e+01,2.170086419534671851e+00,6.217224180089626906e-02
1.100000000000000000e+01,2.172466754975850289e+00,6.876469657171849215e-02
1.100000000000000000e+01,2.174844688110332491e+00,7.232550306967497344e-02
1.100000000000000000e+01,2.177220185986402434e+00,7.329447292514240653e-02
1.100000000000000000e+01,2.179600878863794833e+00,6.787621097625372302e-02
1.100000000000000000e+01,2.181979103711777057e+00,6.077150493670482878e-02
1.100000000000000000e+01,2.184354827302986468e+00,5.145076614749392180e-02
1.100000000000000000e+01,2.186731873089897693e+00,4.604068212039105074e-02
1.100000000000000000e+01,2.189110232802705447e+00,4.334409198816571718e-02
1.100000000000000000e+01,2.191489898121623092e+00,4.352354156964996501e-02
1.100000000000000000e+01,2.193866978681393132e+00,4.854661922939648711e-02
1.100000000000000000e+01,2.196245331200582740e+00,5.363981831356638696e-02
1.100000000000000000e+01,2.198624947167761245e+00,6.288615143921352790e-02
1.100000000000000000e+01,2.201001910734452061e+00,6.935780678261374566e-02
1.100000000000000000e+01,2.203380103664479339e+00,7.936439922466634322e-02
1.100000000000000000e+01,2.205755593071625942e+00,8.183894741032639308e-02
1.100000000000000000e+01,2.208136210091760532e+00,8.728959268901068103e-02
1.100000000000000000e+01,2.210514089066549559e+00,8.390926359706704640e-02
1.100000000000000000e+01,2.212889195676467580e+00,7.931879117168079418e-02
1.100000000000000000e+01,2.215269411685253598e+00,7.928923288086836552e-02
1.100000000000000000e+01,2.217646820369182592e+00,7.405822120830118926e-02
1.100000000000000000e+01,2.220025362245094058e+00,8.419784812183608858e-02
1.100000000000000000e+01,2.222401044539729753e+00,1.320833723406199083e-02
1.100000000000000000e+01,2.224781816787405386e+00,4.845734085710733195e-04
1.100000000000000000e+01,2.227159693927706297e+00,4.798467788460421789e-03
1.100000000000000000e+01,2.229538650259491828e+00,4.387900029824840648e-03
1.100000000000000000e+01,2.231914658585150590e+00,1.453005201344438786e-03
1.100000000000000000e+01,2.234291710139395537e+00,3.545824960704165030e-03
1.100000000000000000e+01,2.236669795394403248e+00,3.975472165167798677e-04
1.100000000000000000e+01,2.239048904770509107e+00,3.412655661213495097e-03
1.100000000000000000e+01,2.241424976510854261e+00,1.125948344459711963e-04
1.100000000000000000e+01,2.243806096568353503e+00,2.811378822092807685e-03
1.100000000000000000e+01,2.246184142332022571e+00,1.487314174307974573e-04
1.100000000000000000e+01,2.248559078140137224e+00,5.887100761044105268e-04
1.100000000000000000e+01,2.250939041398960061e+00,2.871440926258482518e-03
1.100000000000000000e+01,2.253315857608640727e+00,2.302224955207872502e-04
1.100000000000000000e+01,2.255693594709365701e+00,3.410642662091388413e-03
1.100000000000000000e+01,2.258072242628007320e+00,7.889071926808760701e-05
1.100000000000000000e+01,2.260451791238908381e+00,3.735510214251482920e-03
1.100000000000000000e+01,2.262828100482377369e+00,2.997073969176965950e-04
1.100000000000000000e+01,2.265205272630280042e+00,5.935194433574747909e-04
1.100000000000000000e+01,2.267583297361956962e+00,3.912834788346066829e-03
1.100000000000000000e+01,2.269962164303962027e+00,1.185110323358402814e-04
1.100000000000000000e+01,2.272341863029972320e+00,3.907162767881624220e-03
1.100000000000000000e+01,2.274718209664019053e+00,1.157300173951881323e-04
1.100000000000000000e+01,2.277095349600728014e+00,2.918441256226798810e-03
1.100000000000000000e+01,2.279473272218509372e+00,4.712091173970616299e-04
1.100000000000000000e+01,2.281851966842678436e+00,1.620857881857137894e-04
1.100000000000000000e+01,2.284231422745374829e+00,1.920148212122743843e-03
1.100000000000000000e+01,2.286607412008805351e+00,5.613400352189276032e-05
1.100000000000000000e+01,2.288984123377203694e+00,1.342030672107526884e-03
1.100000000000000000e+01,2.291365780618124681e+00,2.313354411160207656e-04
1.100000000000000000e+01,2.293743912168016763e+00,7.733071174873488302e-04
1.100000000000000000e+01,2.296118480612924895e+00,1.034470576818280214e-03
1.100000000000000000e+01,2.298497970634805210e+00,4.224787089574242774e-05
1.100000000000000000e+01,2.300878127611091895e+00,8.158563917671848853e-04
1.100000000000000000e+01,2.303254661586480623e+00,2.157140393286830122e-04
1.100000000000000000e+01,2.305631822391659203e+00,5.337041858597615799e-04
1.100000000000000000e+01,2.308009598693951503e+00,9.065289741542454207e-04
1.100000000000000000e+01,2.310387979106963030e+00,4.530585837160080900e-05
1.100000000000000000e+01,2.312766952190511649e+00,8.120828225933690667e-04
1.100000000000000000e+01,2.315142183405042520e+00,2.509356740031728084e-04
1.100000000000000000e+01,2.317522298400336744e+00,4.642362286209006719e-04
1.100000000000000000e+01,2.319898630583908439e+00,8.282951071743035543e-04
1.100000000000000000e+01,2.322279841038421555e+00,6.506015161139843414e-05
1.100000000000000000e+01,2.324657227477955335e+00,6.473482909225819872e-04
1.100000000000000000e+01,2.327035118932285318e+00,3.215497930686393182e-04
1.100000000000000000e+01,2.329413503549994768e+00,3.236131915566137175e-04
1.100000000000000000e+01,2.331787983991368662e+00,7.871797402760587073e-04
1.100000000000000000e+01,2.334167310210840451e+00,8.881459734186375129e-05
1.100000000000000000e+01,2.336547093703715827e+00,6.476196513767568889e-04
1.100000000000000000e+01,2.338922910089027418e+00,4.145255095832184561e-04
1.100000000000000000e+01,2.341303562883347844e+00,3.020161814803021976e-04
1.100000000000000000e+01,2.343680206292833024e+00,1.050543836107455976e-03
1.100000000000000000e+01,2.346057240367172003e+00,2.161794970851945038e-04
1.100000000000000000e+01,2.348434652788937260e+00,7.476758473536106175e-04
1.100000000000000000e+01,2.350812431186368734e+00,8.364508145171471731e-04
1.100000000000000000e+01,2.353190563133336077e+00,4.370198734991366811e-05
1.100000000000000000e+01,2.355569036149298690e+00,1.198673081942276458e-03
1.100000000000000000e+01,2.357947837699267524e+00,5.443580940014614488e-04
1.100000000000000000e+01,2.360326955193766896e+00,5.892658720957254454e-04
1.100000000000000000e+01,2.362701873503119110e+00,1.435901898237771550e-03
1.100000000000000000e+01,2.365081575825791482e+00,2.261462024617624832e-04
1.100000000000000000e+01,2.367461555987104838e+00,1.561971759052498479e-03
1.100000000000000000e+01,2.369837271457410743e+00,1.424662818119573973e-03
1.100000000000000000e+01,2.372213220904162867e+00,5.493779609078654116e-04
1.100000000000000000e+01,2.374593939286923305e+00,5.657730254846409304e-03
1.100000000000000000e+01,2.376970326898085517e+00,1.589917272926595539e-03
1.100000000000000000e+01,2.379346909490778650e+00,5.077176482384794520e-02
1.100000000000000000e+01,2.381728249229686956e+00,4.921882278596058369e-02
1.100000000000000000e+01,2.384105191535353274e+00,5.344715521747021858e-02
1.100000000000000000e+01,2.386482289336266938e+00,5.117938824130648101e-02
1.100000000000000000e+01,2.388859529357821643e+00,4.561285470276268267e-02
1.100000000000000000e+01,2.391236898270765909e+00,4.308729709237937161e-02
1.100000000000000000e+01,2.393619003764643427e+00,3.876864275815836147e-02
1.100000000000000000e+01,2.395996599438805941e+00,3.629790871105256084e-02
1.100000000000000000e+01,2.398374283698073040e+00,3.705237782902149474e-02
1.100000000000000000e+01,2.400752042994434454e+00,3.714012331290519886e-02
1.100000000000000000e+01,2.403129863725176119e+00,3.794084582548785944e-02
1.100000000000000000e+01,2.405507732232872620e+00,4.037636246083457087e-02
1.100000000000000000e+01,2.407885634805378317e+00,4.029006259245779958e-02
1.100000000000000000e+01,2.410263557675826007e+00,4.171157527045769170e-02
1.100000000000000000e+01,2.412641487022620712e+00,4.316930965121983099e-02
1.100000000000000000e+01,2.415019408969439230e+00,4.189313525461349497e-02
1.100000000000000000e+01,2.417397309585231913e+00,4.194614649660378947e-02
1.100000000000000000e+01,2.419775174884221780e+00,4.145639408956752758e-02
1.100000000000000000e+01,2.422152990825908514e+00,3.855161388005219625e-02
1.100000000000000000e+01,2.424530743315073789e+00,3.771242866728163196e-02
1.100000000000000000e+01,2.426908418201789264e+00,3.468342489132307527e-02
1.100000000000000000e+01,2.429286001281421470e+00,3.080680747091311608e-02
1.100000000000000000e+01,2.431663478294642911e+00,2.976411293274792980e-02
1.100000000000000000e+01,2.434040834927446273e+00,2.534361804747082419e-02
1.100000000000000000e+01,2.436422844634672291e+00,2.444993378206314349e-02
1.100000000000000000e+01,2.438799926692925002e+00,1.107014834440977601e-03
1.100000000000000000e+01,2.441176845109251925e+00,2.500465973665859203e-03
1.100000000000000000e+01,2.443553585351005086e+00,1.078649817720056048e-03
1.100000000000000000e+01,2.445930132830938852e+00,6.281914611906306645e-04
1.100000000000000000e+01,2.448311307568818762e+00,1.351384776556350219e-03
1.100000000000000000e+01,2.450687434933867870e+00,9.507659497135969445e-04
1.100000000000000000e+01,2.453068178922694020e+00,7.477922888870458485e-04
1.100000000000000000e+01,2.455443827201868601e+00,1.424842441346021310e-03
1.100000000000000000e+01,2.457824081285056472e+00,1.226648869975432076e-03
1.100000000000000000e+01,2.460199191070725266e+00,8.314323099900609686e-04
1.100000000000000000e+01,2.462578895654787381e+00,1.522277535043348867e-03
1.100000000000000000e+01,2.464958307733604137e+00,1.536148417478558435e-03
1.100000000000000000e+01,2.467332502158201546e+00,1.043132763426046772e-03
1.100000000000000000e+01,2.469711274537423229e+00,3.937209227143047968e-03
1.100000000000000000e+01,2.472089709077717856e+00,2.599052433679369459e-03
1.100000000000000000e+01,2.474467790561501790e+00,3.617151332214381398e-02
1.100000000000000000e+01,2.476845503716746499e+00,3.195622873104581735e-02
1.100000000000000000e+01,2.479222833217026967e+00,3.021578856141656985e-02
1.100000000000000000e+01,2.481599763681567428e+00,3.044850459200080378e-02
1.100000000000000000e+01,2.483981256237295376e+00,2.936447489043615341e-02
1.100000000000000000e+01,2.486357351796226300e+00,3.011600056941536249e-02
1.100000000000000000e+01,2.488737997498906118e+00,3.093997313864729759e-02
1.100000000000000000e+01,2.491113196007286756e+00,3.105216190785724251e-02
1.100000000000000000e+01,2.493492932524325134e+00,3.187704099059218699e-02
1.100000000000000000e+01,2.495872195725481024e+00,3.274917680431160827e-02
1.100000000000000000e+01,2.498245935968249398e+00,3.218459251137658489e-02
1.100000000000000000e+01,2.500624195678618378e+00,3.185278456881595471e-02
1.100000000000000000e+01,2.503001934687554719e+00,3.145939264802040392e-02
1.100000000000000000e+01,2.505384199785404054e+00,2.962124389971101945e-02
1.100000000000000000e+01,2.507760859244102747e+00,2.827200494017857377e-02
1.100000000000000000e+01,2.510136950143142087e+00,2.870978676103645016e-02
1.100000000000000000e+01,2.512517547981021337e+00,2.843029057423174244e-02
1.100000000000000000e+01,2.514892463148078239e+00,2.925300567822655337e-02
1.100000000000000000e+01,2.517271872260600674e+00,3.363081816534996965e-02
1.100000000000000000e+01,2.519650667552726819e+00,3.630828605887696098e-02
1.100000000000000000e+01,2.522028832766149087e+00,4.126970006242651479e-02
1.100000000000000000e+01,2.524406351588751818e+00,4.082213608897486586e-03
1.100000000000000000e+01,2.526783207654688557e+00,3.301818865754103591e-03
1.100000000000000000e+01,2.529159384544463762e+00,5.268046659932487316e-03
1.100000000000000000e+01,2.531540034735527911e+00,2.123970296011055275e-03
1.100000000000000000e+01,2.533914813502587737e+00,9.733901165354139984e-04
1.100000000000000000e+01,2.536294051902468372e+00,1.000833809737914542e-03
1.100000000000000000e+01,2.538672564369699458e+00,1.972929723229421232e-03
1.100000000000000000e+01,2.541050334235800179e+00,1.155249913163254333e-03
1.100000000000000000e+01,2.543427344778853350e+00,6.783625324617163820e-04
1.100000000000000000e+01,2.545808806606810748e+00,9.032431527096963135e-04
1.100000000000000000e+01,2.548184257884455128e+00,1.586954925370249840e-03
1.100000000000000000e+01,2.550564146289386880e+00,1.032101407640732046e-03
1.100000000000000000e+01,2.552943227520946490e+00,5.026193267042374955e-04
1.100000000000000000e+01,2.555321484608414462e+00,7.036615416543022051e-04
1.100000000000000000e+01,2.557698900527907160e+00,1.197044981391089894e-03
1.100000000000000000e+01,2.560075458202479837e+00,6.308794294716691536e-04
1.100000000000000000e+01,2.562451140502226998e+00,3.026924710317771355e-04
1.100000000000000000e+01,2.564831236037994344e+00,3.989186775166261942e-04
1.100000000000000000e+01,2.567210441454971015e+00,6.279028424530806642e-04
1.100000000000000000e+01,2.569588739480965334e+00,3.046026601885808410e-04
1.100000000000000000e+01,2.571966112790943892e+00,1.246839516431965354e-04
1.100000000000000000e+01,2.574342544007147904e+00,1.813156509809988237e-04
1.100000000000000000e+01,2.576723370808659652e+00,2.368499127987628130e-04
1.100000000000000000e+01,2.579097875367938553e+00,1.045871354983909566e-04
1.100000000000000000e+01,2.581476760275176030e+00,4.038398570313080842e-05
1.100000000000000000e+01,2.583854652848235123e+00,8.218819655161022639e-05
1.100000000000000000e+01,2.586231535461967379e+00,1.069525488024478240e-04
1.100000000000000000e+01,2.588612795081014717e+00,6.737529238243309543e-05
1.100000000000000000e+01,2.590987614612529910e+00,4.340747509848342877e-05
1.100000000000000000e+01,2.593366795512073164e+00,3.348824828704369098e-05
1.100000000000000000e+01,2.595744915317689472e+00,4.567329541034994438e-05
1.100000000000000000e+01,2.598121956157397161e+00,6.138889970785623351e-05
1.100000000000000000e+01,2.600497900107185067e+00,5.524792763149271907e-05
1.100000000000000000e+01,2.602878193565458798e+00,3.112673826753494839e-05
1.100000000000000000e+01,2.605257374095403922e+00,1.959799333410299665e-05
1.100000000000000000e+01,2.607635423630717320e+00,2.945667435217055738e-05
1.100000000000000000e+01,2.610012324053281763e+00,4.488995490424822678e-05
1.100000000000000000e+01,2.612388057193310686e+00,3.711170733784238251e-05
1.100000000000000000e+01,2.614768119240192146e+00,2.049108284616514011e-05
1.100000000000000000e+01,2.617146997564059774e+00,1.510730987100933440e-05
1.100000000000000000e+01,2.619524673852972718e+00,2.346141861346511768e-05
1.100000000000000000e+01,2.621901129743555270e+00,2.555931731719482885e-05
1.100000000000000000e+01,2.624281901432961472e+00,2.335887080651854707e-05
1.100000000000000000e+01,2.626655871285938915e+00,1.039057497515793824e-05
1.100000000000000000e+01,2.629034140094493655e+00,1.276513851708280746e-05
1.100000000000000000e+01,2.631416719546495031e+00,1.937024691233921338e-05
1.100000000000000000e+01,2.633792431410708623e+00,2.780043853124323139e-05
1.100000000000000000e+01,2.636172436860944934e+00,1.872102340178327049e-05
1.100000000000000000e+01,2.638545517161249965e+00,1.438287542514406006e-05
1.100000000000000000e+01,2.640928499105384297e+00,2.187938138186203328e-05
1.100000000000000000e+01,2.643304518349861354e+00,4.172969817239472091e-05
1.100000000000000000e+01,2.645684816809926954e+00,5.513743737000772815e-05
1.100000000000000000e+01,2.648058094547728558e+00,5.689049401770369040e-05
1.100000000000000000e+01,2.650435633945297020e+00,4.408568607796609507e-05
1.100000000000000000e+01,2.652817446491849473e+00,4.526464463087381248e-05
1.100000000000000000e+01,2.655192171178932803e+00,8.001118925106194167e-05
1.100000000000000000e+01,2.657571151243650398e+00,1.354480380330867252e-04
1.100000000000000000e+01,2.659948691486012429e+00,1.558881543270675596e-04
1.100000000000000000e+01,2.662330489570499559e+00,1.439993929630079602e-04
1.100000000000000000e+01,2.664705102769717726e+00,9.997594066998712569e-05
1.100000000000000000e+01,2.667083955729373734e+00,6.958453493438228885e-05
1.100000000000000000e+01,2.669461312276356413e+00,1.120538495086222531e-04
1.100000000000000000e+01,2.671837153036051848e+00,1.925927620363487923e-04
1.100000000000000000e+01,2.674217226595466013e+00,2.705196002534002511e-04
1.100000000000000000e+01,2.676595765975274599e+00,2.605116441145100470e-04
1.100000000000000000e+01,2.678972751659991935e+00,1.456380127925707040e-04
1.100000000000000000e+01,2.681353962923400225e+00,1.011866081588540223e-04
1.100000000000000000e+01,2.683727792746523733e+00,1.405906416333629308e-04
1.100000000000000000e+01,2.686105829445210702e+00,4.822190992409690520e-04
1.100000000000000000e+01,2.688488084212449003e+00,6.182278978896039784e-04
1.100000000000000000e+01,2.690862888123974894e+00,1.884927873158939466e-03
1.100000000000000000e+01,2.693241891183510539e+00,2.776311097707174439e-03
1.100000000000000000e+01,2.695619243808531795e+00,9.774007419940404853e-03
1.100000000000000000e+01,2.697994926104692492e+00,9.261322878917519277e-03
1.100000000000000000e+01,2.700374799530429026e+00,8.709913431237923526e-03
1.100000000000000000e+01,2.702752983395575903e+00,7.960782305793110900e-03
1.100000000000000000e+01,2.705129457665879755e+00,7.303445362543410646e-03
1.100000000000000000e+01,2.707510114782492927e+00,6.651864562351957923e-03
1.100000000000000000e+01,2.709889042854494612e+00,6.090017546179909112e-03
1.100000000000000000e+01,2.712266221707900993e+00,5.724207951584143333e-03
1.100000000000000000e+01,2.714641631120770615e+00,5.377805012968701025e-03
1.100000000000000000e+01,2.717021204959639391e+00,5.304848508323757247e-03
1.100000000000000000e+01,2.719398989596979010e+00,4.583825094240896042e-03
1.100000000000000000e+01,2.721774964671693997e+00,4.990823454126617521e-03
1.100000000000000000e+01,2.724155095219163325e+00,5.127670204668919668e-05
1.100000000000000000e+01,2.726533396224594785e+00,1.048093561214360434e-04
1.100000000000000000e+01,2.728909847187990234e+00,6.036613804315788911e-05
1.100000000000000000e+01,2.731290444402350470e+00,4.806218094485094865e-05
1.100000000000000000e+01,2.733669171376605700e+00,6.820217016606438067e-05
1.100000000000000000e+01,2.736046007472129116e+00,7.455437872364392184e-05
1.100000000000000000e+01,2.738420932003415853e+00,7.668263530461040089e-05
1.100000000000000000e+01,2.740799983049091892e+00,8.570991665489364813e-05
1.100000000000000000e+01,2.743177102021586489e+00,8.012346924465230872e-05
1.100000000000000000e+01,2.745558347964158319e+00,2.293475217793330902e-04
1.100000000000000000e+01,2.747937641197727654e+00,1.271602503579364175e-04
1.100000000000000000e+01,2.750314960807459741e+00,2.904077982521000890e-03
1.100000000000000000e+01,2.752690285832279038e+00,3.004509106724560872e-03
1.100000000000000000e+01,2.755069717329380996e+00,3.192238315507581886e-03
1.100000000000000000e+01,2.757447133295085617e+00,3.312068614307105228e-03
1.100000000000000000e+01,2.759822512631141755e+00,3.479844460730478675e-03
1.100000000000000000e+01,2.762201987996263153e+00,3.695561504281187539e-03
1.100000000000000000e+01,2.764579405566437664e+00,3.955149577939758368e-03
1.100000000000000000e+01,2.766960919131962182e+00,4.260672952060179028e-03
1.100000000000000000e+01,2.769334167959193405e+00,4.612509956711965606e-03
1.100000000000000000e+01,2.771717687672561325e+00,5.021778212508041725e-03
1.100000000000000000e+01,2.774092899949887059e+00,2.566650031047027300e-05
1.100000000000000000e+01,2.776472186575843271e+00,1.630617721055426580e-04
1.100000000000000000e+01,2.778849329813015245e+00,1.125198132960945310e-04
1.100000000000000000e+01,2.781224308154069291e+00,9.080161192991156860e-05
1.100000000000000000e+01,2.783603349577585373e+00,1.306651655701340971e-04
1.100000000000000000e+01,2.785980204283322159e+00,1.153525649871715657e-04
1.100000000000000000e+01,2.788361121540816612e+00,1.741398191724075539e-04
1.100000000000000000e+01,2.790739830130332333e+00,1.590855553357685534e-04
1.100000000000000000e+01,2.793116308318245977e+00,3.592730225212655741e-04
1.100000000000000000e+01,2.795496837376052479e+00,6.695970304399591344e-03
1.100000000000000000e+01,2.797875113863212526e+00,6.357365501773415591e-03
1.100000000000000000e+01,2.800251115911298605e+00,7.835386920725070578e-03
1.100000000000000000e+01,2.802631156870153184e+00,7.634609627379462284e-03
1.100000000000000000e+01,2.805008901002245647e+00,7.617232126103943082e-03
1.100000000000000000e+01,2.807384326304926958e+00,7.419029231924776854e-03
1.100000000000000000e+01,2.809763778281390234e+00,7.234018695032629585e-03
1.100000000000000000e+01,2.812140888822362683e+00,7.145810913043776705e-03
1.100000000000000000e+01,2.814515635791587478e+00,6.844074226590523592e-03
1.100000000000000000e+01,2.816894396919202848e+00,6.800987850688791636e-03
1.100000000000000000e+01,2.819277182391831005e+00,2.999343040201639127e-03
1.100000000000000000e+01,2.821651159259273456e+00,2.850318814906885366e-04
1.100000000000000000e+01,2.824029137518142551e+00,2.584279688796303179e-04
1.100000000000000000e+01,2.826411127293623426e+00,1.061334223460936265e-04
1.100000000000000000e+01,2.828784230557050972e+00,9.784671038307893797e-05
1.100000000000000000e+01,2.831161322165572702e+00,4.599467296983507787e-05
1.100000000000000000e+01,2.833542412182134651e+00,2.560281376654032154e-05
1.100000000000000000e+01,2.835921024016914149e+00,1.869781202442966883e-05
1.100000000000000000e+01,2.838297135088118761e+00,9.584930666814672458e-06
1.100000000000000000e+01,2.840677231205615438e+00,9.660291224330575785e-06
1.100000000000000000e+01,2.843054803040627743e+00,1.120138498145272097e-05
1.100000000000000000e+01,2.845429827880051832e+00,1.218762472051407604e-05
1.100000000000000000e+01,2.847808824123101878e+00,1.535896776823330909e-05
1.100000000000000000e+01,2.850185249634491935e+00,1.760871044257996689e-05
1.100000000000000000e+01,2.852565644594050376e+00,1.969845192520138329e-05
1.100000000000000000e+01,2.854943444955898801e+00,2.309620193514362881e-05
1.100000000000000000e+01,2.857318627786822773e+00,2.497357199836640308e-05
1.100000000000000000e+01,2.859697765996172869e+00,2.705158587537280208e-05
1.100000000000000000e+01,2.862080869472485301e+00,2.789469672669447312e-05
1.100000000000000000e+01,2.864454712355927857e+00,2.739107550270512408e-05
1.100000000000000000e+01,2.866832496293459265e+00,2.568783831351172426e-05
1.100000000000000000e+01,2.869214231107640511e+00,2.283527303932230944e-05
1.100000000000000000e+01,2.871586624881306449e+00,1.665613877192286167e-05
1.100000000000000000e+01,2.873969606985570024e+00,1.830922042430821448e-05
1.100000000000000000e+01,2.876343201527446158e+00,1.603248792946774935e-05
1.100000000000000000e+01,2.878720719985517373e+00,1.404929837712162868e-05
1.100000000000000000e+01,2.881102172098087610e+00,1.168609111685888143e-05
1.100000000000000000e+01,2.883480861554354568e+00,7.879943906388350589e-06
1.100000000000000000e+01,2.885856764896066906e+00,7.951248570916641267e-06
1.100000000000000000e+01,2.888236586815389195e+00,1.435117657116358467e-05
1.100000000000000000e+01,2.890613597715197436e+00,1.711824959524986485e-05
1.100000000000000000e+01,2.892994524384758570e+00,2.211519485345742606e-05
1.100000000000000000e+01,2.895365853522527733e+00,1.621302532078974131e-05
1.100000000000000000e+01,2.897747845885614293e+00,8.882765014115356818e-06
1.100000000000000000e+01,2.900126977032283726e+00,1.328038084350383807e-05
1.100000000000000000e+01,2.902503223200517901e+00,2.135072476527079594e-05
1.100000000000000000e+01,2.904883366561006319e+00,2.122124346823494483e-05
1.100000000000000000e+01,2.907260599562923709e+00,2.377430345585607491e-05
1.100000000000000000e+01,2.909634898318774088e+00,3.107784621455026916e-05
1.100000000000000000e+01,2.912013078324352744e+00,1.676664282994909020e-05
1.100000000000000000e+01,2.914395149104420657e+00,2.851334717866939157e-05
1.100000000000000000e+01,2.916774258379155604e+00,7.620123163989134794e-05
1.100000000000000000e+01,2.919150382085439865e+00,1.256397880760154234e-04
1.100000000000000000e+01,2.921523496123781261e+00,1.671300621525452544e-03
1.100000000000000000e+01,2.923907367138645963e+00,2.234384586392902834e-03
1.100000000000000000e+01,2.926281318344463589e+00,2.309170297190766934e-03
1.100000000000000000e+01,2.928659127554641639e+00,2.339202034703164682e-03
1.100000000000000000e+01,2.931040804181527015e+00,2.368567879837977889e-03
1.100000000000000000e+01,2.933419417291878162e+00,2.292993020799521074e-03
1.100000000000000000e+01,2.935794942524495799e+00,5.273137581665355861e-04
1.100000000000000000e+01,2.938174318344370928e+00,6.137459014936892275e-04
1.100000000000000000e+01,2.940550579959972044e+00,3.953727543153689647e-05
1.100000000000000000e+01,2.942930688311046872e+00,3.275985443706402569e-05
1.100000000000000000e+01,2.945307656001242336e+00,4.896885860885202905e-05
1.100000000000000000e+01,2.947681458460930770e+00,2.354884852500026545e-05
1.100000000000000000e+01,2.950059090390392047e+00,1.169503216007365336e-05
1.100000000000000000e+01,2.952440561063782720e+00,1.371384384128246939e-05
1.100000000000000000e+01,2.954818837778843132e+00,1.598081155700041404e-05
1.100000000000000000e+01,2.957193895793339244e+00,7.139860379987839875e-06
1.100000000000000000e+01,2.959572774981745535e+00,9.284187591045447942e-06
1.100000000000000000e+01,2.961955484573179920e+00,1.012356196257324461e-05
1.100000000000000000e+01,2.964327858985216224e+00,4.093526914289775766e-06
1.100000000000000000e+01,2.966711135514628506e+00,9.349679225742778388e-06
1.100000000000000000e+01,2.969084027002956372e+00,6.941568359211222756e-06
1.100000000000000000e+01,2.971467838945096585e+00,2.832870275721011676e-06
1.100000000000000000e+01,2.973841215813263883e+00,9.461594789335678115e-06
1.100000000000000000e+01,2.976218387048926051e+00,4.900608246702660188e-06
1.100000000000000000e+01,2.978599361758565323e+00,3.100321567364204875e-06
1.100000000000000000e+01,2.980976981837772488e+00,9.678640884529617132e-06
1.100000000000000000e+01,2.983351222083469256e+00,3.501627502432123268e-06
1.100000000000000000e+01,2.985729247336589065e+00,5.210824873388023316e-06
1.100000000000000000e+01,2.988111066655426029e+00,1.013263598895188364e-05
1.100000000000000000e+01,2.990489476071835462e+00,2.121160232660391637e-06
1.100000000000000000e+01,2.992864450213154281e+00,5.278055533775820211e-06
1.100000000000000000e+01,2.995243199646329124e+00,1.038305438025197860e-05
1.100000000000000000e+01,2.997618485893688511e+00,1.467036654267060460e-06
1.100000000000000000e+01,2.999997542427555786e+00,1.051356241385193255e-05
1.200000000000000000e+01,1.984604524085609167e+00,8.617760931888949116e-05
1.200000000000000000e+01,1.986983573776171186e+00,1.224713441546553222e-04
1.200000000000000000e+01,1.989361950099164611e+00,9.247318719281735224e-05
1.200000000000000000e+01,1.991739627709276261e+00,1.342445848821272113e-04
1.200000000000000000e+01,1.994116581153200896e+00,9.529722682625851968e-05
1.200000000000000000e+01,1.996495999787446962e+00,1.591478673826054644e-04
1.200000000000000000e+01,1.998874658345563660e+00,9.787600878317619514e-05
1.200000000000000000e+01,2.001252531070988550e+00,1.762221933297145634e-04
1.200000000000000000e+01,2.003629592099526402e+00,1.041041568289842792e-04
1.200000000000000000e+01,2.006009061087529410e+00,1.855022170164726501e-04
1.200000000000000000e+01,2.008384428391164267e+00,1.122562362059407022e-04
1.200000000000000000e+01,2.010762166794522354e+00,1.967517385728184372e-04
1.200000000000000000e+01,2.013142273146784511e+00,1.215028750313627604e-04
1.200000000000000000e+01,2.015518191284053184e+00,2.091209379919432897e-04
1.200000000000000000e+01,2.017896439964003363e+00,1.315620010010287125e-04
1.200000000000000000e+01,2.020273723858567294e+00,2.227241362644741686e-04
1.200000000000000000e+01,2.022653315995031953e+00,1.431797304458765335e-04
1.200000000000000000e+01,2.025031905392828957e+00,2.382112963057540756e-04
1.200000000000000000e+01,2.027409465173173775e+00,1.577377423318258626e-04
1.200000000000000000e+01,2.029785968350953596e+00,2.619506821001927862e-04
1.200000000000000000e+01,2.032164718651917390e+00,1.755289085673337449e-04
1.200000000000000000e+01,2.034542373648666747e+00,2.711036661239629784e-04
1.200000000000000000e+01,2.036922252485694695e+00,2.086864041094780046e-04
1.200000000000000000e+01,2.039297642718866488e+00,2.898461869597157375e-04
1.200000000000000000e+01,2.041678579620796796e+00,3.077546215110158107e-04
1.200000000000000000e+01,2.044054972850176011e+00,3.165634862097083569e-04
1.200000000000000000e+01,2.046433526721744833e+00,3.849665826754276421e-04
1.200000000000000000e+01,2.048810851376187347e+00,3.566491967067295251e-04
1.200000000000000000e+01,2.051190312403015081e+00,5.028265795754235153e-04
1.200000000000000000e+01,2.053568504069569922e+00,4.252770114734044215e-04
1.200000000000000000e+01,2.055945398294015458e+00,7.091555910580407771e-04
1.200000000000000000e+01,2.058324384012754305e+00,5.572153465060354638e-04
1.200000000000000000e+01,2.060702031599246808e+00,1.120615092570063096e-03
1.200000000000000000e+01,2.063078312672746772e+00,8.369024293217886684e-04
1.200000000000000000e+01,2.065456639593524102e+00,2.213627061658196907e-03
1.200000000000000000e+01,2.067833558764816893e+00,1.352689402916777651e-03
1.200000000000000000e+01,2.070212498216723152e+00,5.034205054750708237e-03
1.200000000000000000e+01,2.072589988335185041e+00,1.948074729934231274e-03
1.200000000000000000e+01,2.074969472860463071e+00,1.468588200782958153e-02
1.200000000000000000e+01,2.077347466120683439e+00,2.949332438185799533e-03
1.200000000000000000e+01,2.079723939049616721e+00,1.769332047079100467e-01
1.200000000000000000e+01,2.082102359006916092e+00,1.645056512250849534e-01
1.200000000000000000e+01,2.084479216156104542e+00,1.450000701656904423e-01
1.200000000000000000e+01,2.086857993654473997e+00,1.294396642080448967e-01
1.200000000000000000e+01,2.089235165520535009e+00,1.148942998445329766e-01
1.200000000000000000e+01,2.091614230747953052e+00,1.097579435946609838e-01
1.200000000000000000e+01,2.093991647171488779e+00,1.037887585081349456e-01
1.200000000000000000e+01,2.096370929659487015e+00,1.030147603429712455e-01
1.200000000000000000e+01,2.098748519824702452e+00,1.088665236997216623e-01
1.200000000000000000e+01,2.101127948448022309e+00,1.296977864250087598e-01
1.200000000000000000e+01,2.103505640882435745e+00,1.647462978980900328e-01
1.200000000000000000e+01,2.105881566995955634e+00,2.104428025852292938e-01
1.200000000000000000e+01,2.108259281488489290e+00,2.606744616532645220e-01
1.200000000000000000e+01,2.110638778281487493e+00,3.067195579050517318e-01
1.200000000000000000e+01,2.113016450109418187e+00,3.478528105668649006e-01
1.200000000000000000e+01,2.115395875701245210e+00,3.789903516803159733e-01
1.200000000000000000e+01,2.117773431421519081e+00,4.030737228429500663e-01
1.200000000000000000e+01,2.120149086564412588e+00,4.201017599341230757e-01
1.200000000000000000e+01,2.122526443941901597e+00,4.291793722970242420e-01
1.200000000000000000e+01,2.124905497063319437e+00,4.356581527539436505e-01
1.200000000000000000e+01,2.127282589459348561e+00,4.379916128244463192e-01
1.200000000000000000e+01,2.129661348130645226e+00,4.411710424318741608e-01
1.200000000000000000e+01,2.132041766401622240e+00,4.467388036018518083e-01
1.200000000000000000e+01,2.134416488630205944e+00,4.487892353964688663e-01
1.200000000000000000e+01,2.136796506809325980e+00,4.509251345937148048e-01
1.200000000000000000e+01,2.139174456954846537e+00,4.396774145955038016e-01
1.200000000000000000e+01,2.141550307510549533e+00,4.375228119249213177e-01
1.200000000000000000e+01,2.143931441358600143e+00,4.267485899127745896e-01
1.200000000000000000e+01,2.146306729584555040e+00,1.309747940291690338e-02
1.200000000000000000e+01,2.148687286870718527e+00,3.144126960708862883e-01
1.200000000000000000e+01,2.151065666753996908e+00,3.643415654673997847e-03
1.200000000000000000e+01,2.153441837210316567e+00,3.138530630931680304e-02
1.200000000000000000e+01,2.155819514621453603e+00,2.158219032190720858e-03
1.200000000000000000e+01,2.158198691568031347e+00,1.761917581467677130e-02
1.200000000000000000e+01,2.160575595509616864e+00,7.172377970748732880e-03
1.200000000000000000e+01,2.162953967401529898e+00,4.538945004048776898e-03
1.200000000000000000e+01,2.165330017974534726e+00,6.448508397843989021e-03
1.200000000000000000e+01,2.167711294571818659e+00,2.748576114072263758e-03
1.200000000000000000e+01,2.170086419534671851e+00,5.979326807803095334e-03
1.200000000000000000e+01,2.172466754975850289e+00,1.711655772465394895e-03
1.200000000000000000e+01,2.174844688110332491e+00,5.720436736378024280e-03
1.200000000000000000e+01,2.177220185986402434e+00,1.115016729650874800e-03
1.200000000000000000e+01,2.179600878863794833e+00,5.863154823900992331e-03
1.200000000000000000e+01,2.181979103711777057e+00,7.706607434372174381e-04
1.200000000000000000e+01,2.184354827302986468e+00,5.062960595048959789e-03
1.200000000000000000e+01,2.186731873089897693e+00,6.825077490334911052e-04
1.200000000000000000e+01,2.189110232802705447e+00,1.530046555161448246e-03
1.200000000000000000e+01,2.191489898121623092e+00,3.158116990466413622e-03
1.200000000000000000e+01,2.193866978681393132e+00,9.571234966163961631e-04
1.200000000000000000e+01,2.196245331200582740e+00,3.028620895777810965e-03
1.200000000000000000e+01,2.198624947167761245e+00,6.644794044170775635e-04
1.200000000000000000e+01,2.201001910734452061e+00,3.059079695938201303e-03
1.200000000000000000e+01,2.203380103664479339e+00,4.920165438322499172e-04
1.200000000000000000e+01,2.205755593071625942e+00,3.108614101730207586e-03
1.200000000000000000e+01,2.208136210091760532e+00,3.822604547510869278e-04
1.200000000000000000e+01,2.210514089066549559e+00,1.606114737267136296e-03
1.200000000000000000e+01,2.212889195676467580e+00,2.993325643930309921e-03
1.200000000000000000e+01,2.215269411685253598e+00,1.298292572779836300e-03
1.200000000000000000e+01,2.217646820369182592e+00,7.494910500141522408e-03
1.200000000000000000e+01,2.220025362245094058e+00,1.738429227562504967e-03
1.200000000000000000e+01,2.222401044539729753e+00,7.845170965970961474e-02
1.200000000000000000e+01,2.224781816787405386e+00,1.019271780588663079e-01
1.200000000000000000e+01,2.227159693927706297e+00,1.077597065212985566e-01
1.200000000000000000e+01,2.229538650259491828e+00,1.237650107851643311e-01
1.200000000000000000e+01,2.231914658585150590e+00,1.438627448951527721e-01
1.200000000000000000e+01,2.234291710139395537e+00,1.581273667498500346e-01
1.200000000000000000e+01,2.236669795394403248e+00,1.808671518411126833e-01
1.200000000000000000e+01,2.239048904770509107e+00,1.915984406326464162e-01
1.200000000000000000e+01,2.241424976510854261e+00,2.137436396756168255e-01
1.200000000000000000e+01,2.243806096568353503e+00,2.232590409242471430e-01
1.200000000000000000e+01,2.246184142332022571e+00,2.546410344334726350e-01
1.200000000000000000e+01,2.248559078140137224e+00,2.838682571114996556e-01
1.200000000000000000e+01,2.250939041398960061e+00,3.198339255421795979e-01
1.200000000000000000e+01,2.253315857608640727e+00,3.715969178131794393e-01
1.200000000000000000e+01,2.255693594709365701e+00,4.179828656606291992e-01
1.200000000000000000e+01,2.258072242628007320e+00,4.875751375394359877e-01
1.200000000000000000e+01,2.260451791238908381e+00,5.434002478095950606e-01
1.200000000000000000e+01,2.262828100482377369e+00,6.234300479080313595e-01
1.200000000000000000e+01,2.265205272630280042e+00,6.832313212867112684e-01
1.200000000000000000e+01,2.267583297361956962e+00,7.289202918646229268e-01
1.200000000000000000e+01,2.269962164303962027e+00,7.742836033249090866e-01
1.200000000000000000e+01,2.272341863029972320e+00,7.750072135594843203e-01
1.200000000000000000e+01,2.274718209664019053e+00,7.809377225323088645e-01
1.200000000000000000e+01,2.277095349600728014e+00,7.311642860540999989e-01
1.200000000000000000e+01,2.279473272218509372e+00,7.067667120257686841e-01
1.200000000000000000e+01,2.281851966842678436e+00,6.427880221202180167e-01
1.200000000000000000e+01,2.284231422745374829e+00,5.730247841019453503e-01
1.200000000000000000e+01,2.286607412008805351e+00,5.261267679035146472e-01
1.200000000000000000e+01,2.288984123377203694e+00,4.322531805626094181e-01
1.200000000000000000e+01,2.291365780618124681e+00,4.351263355962438073e-01
1.200000000000000000e+01,2.293743912168016763e+00,5.181348477083012882e-02
1.200000000000000000e+01,2.296118480612924895e+00,4.685311081120376725e-02
1.200000000000000000e+01,2.298497970634805210e+00,2.139878938102933448e-03
1.200000000000000000e+01,2.300878127611091895e+00,1.233946628776265431e-02
1.200000000000000000e+01,2.303254661586480623e+00,2.022148411256787231e-04
1.200000000000000000e+01,2.305631822391659203e+00,7.689462844092083763e-03
1.200000000000000000e+01,2.308009598693951503e+00,3.747665828923142650e-03
1.200000000000000000e+01,2.310387979106963030e+00,5.832608928069272884e-04
1.200000000000000000e+01,2.312766952190511649e+00,3.337716643657364941e-03
1.200000000000000000e+01,2.315142183405042520e+00,1.326411729290881967e-04
1.200000000000000000e+01,2.317522298400336744e+00,2.017395871362336404e-03
1.200000000000000000e+01,2.319898630583908439e+00,1.745198586017438457e-03
1.200000000000000000e+01,2.322279841038421555e+00,7.804865764978396406e-05
1.200000000000000000e+01,2.324657227477955335e+00,1.179375464170978431e-03
1.200000000000000000e+01,2.327035118932285318e+00,1.422498357331601930e-04
1.200000000000000000e+01,2.329413503549994768e+00,6.935154798915395009e-04
1.200000000000000000e+01,2.331787983991368662e+00,8.351941231753030057e-04
1.200000000000000000e+01,2.334167310210840451e+00,3.587289346520656206e-05
1.200000000000000000e+01,2.336547093703715827e+00,8.333096949430926145e-04
1.200000000000000000e+01,2.338922910089027418e+00,1.744216220470090790e-04
1.200000000000000000e+01,2.341303562883347844e+00,6.533698110455552583e-04
1.200000000000000000e+01,2.343680206292833024e+00,1.012942225260216262e-03
1.200000000000000000e+01,2.346057240367172003e+00,6.923539557281340742e-05
1.200000000000000000e+01,2.348434652788937260e+00,9.066622915343280648e-04
1.200000000000000000e+01,2.350812431186368734e+00,3.818191923810114962e-04
1.200000000000000000e+01,2.353190563133336077e+00,3.156213565761602062e-05
1.200000000000000000e+01,2.355569036149298690e+00,1.008325145938430631e-03
1.200000000000000000e+01,2.357947837699267524e+00,1.547519561217438808e-04
1.200000000000000000e+01,2.360326955193766896e+00,5.773549227053646716e-04
1.200000000000000000e+01,2.362701873503119110e+00,4.807667199367652439e-04
1.200000000000000000e+01,2.365081575825791482e+00,2.890193117893342651e-05
1.200000000000000000e+01,2.367461555987104838e+00,6.455071603516984160e-04
1.200000000000000000e+01,2.369837271457410743e+00,2.483203266908884333e-04
1.200000000000000000e+01,2.372213220904162867e+00,3.297456732122224540e-04
1.200000000000000000e+01,2.374593939286923305e+00,7.147737754568526296e-04
1.200000000000000000e+01,2.376970326898085517e+00,8.824975873250774519e-05
1.200000000000000000e+01,2.379346909490778650e+00,5.411942119116919117e-04
1.200000000000000000e+01,2.381728249229686956e+00,3.564147445129570830e-04
1.200000000000000000e+01,2.384105191535353274e+00,1.554347994222582047e-05
1.200000000000000000e+01,2.386482289336266938e+00,6.463754586100154461e-04
1.200000000000000000e+01,2.388859529357821643e+00,2.086259324185457914e-04
1.200000000000000000e+01,2.391236898270765909e+00,3.108376857918164612e-04
1.200000000000000000e+01,2.393619003764643427e+00,6.465122009743620637e-04
1.200000000000000000e+01,2.395996599438805941e+00,1.451395465527676376e-04
1.200000000000000000e+01,2.398374283698073040e+00,4.166122545959211835e-04
1.200000000000000000e+01,2.400752042994434454e+00,8.065666900256322162e-04
1.200000000000000000e+01,2.403129863725176119e+00,1.271938639906502371e-04
1.200000000000000000e+01,2.405507732232872620e+00,6.666128384829207026e-04
1.200000000000000000e+01,2.407885634805378317e+00,6.773151525468293918e-04
1.200000000000000000e+01,2.410263557675826007e+00,8.696256454572724921e-05
1.200000000000000000e+01,2.412641487022620712e+00,1.021477109532983613e-03
1.200000000000000000e+01,2.415019408969439230e+00,6.926562430311305292e-04
1.200000000000000000e+01,2.417397309585231913e+00,6.731668944834538304e-05
1.200000000000000000e+01,2.419775174884221780e+00,1.392366728283099325e-03
1.200000000000000000e+01,2.422152990825908514e+00,6.171074822287003162e-04
1.200000000000000000e+01,2.424530743315073789e+00,6.327041595061517684e-04
1.200000000000000000e+01,2.426908418201789264e+00,1.598012249926671589e-03
1.200000000000000000e+01,2.429286001281421470e+00,7.932140299853789652e-04
1.200000000000000000e+01,2.431663478294642911e+00,7.538973477148415208e-04
1.200000000000000000e+01,2.434040834927446273e+00,3.704955847308672237e-03
1.200000000000000000e+01,2.436422844634672291e+00,1.393758762024216013e-03
1.200000000000000000e+01,2.438799926692925002e+00,2.555753491719519113e-02
1.200000000000000000e+01,2.441176845109251925e+00,2.568152310436800159e-02
1.200000000000000000e+01,2.443553585351005086e+00,2.715825342679456869e-02
1.200000000000000000e+01,2.445930132830938852e+00,3.215879480924144912e-02
1.200000000000000000e+01,2.448311307568818762e+00,3.667062389752159118e-02
1.200000000000000000e+01,2.450687434933867870e+00,4.097364018640135830e-02
1.200000000000000000e+01,2.453068178922694020e+00,4.995642552149792692e-02
1.200000000000000000e+01,2.455443827201868601e+00,5.749552876056563538e-02
1.200000000000000000e+01,2.457824081285056472e+00,6.457438535301728011e-02
1.200000000000000000e+01,2.460199191070725266e+00,7.575648573969244459e-02
1.200000000000000000e+01,2.462578895654787381e+00,8.347320449880331339e-02
1.200000000000000000e+01,2.464958307733604137e+00,8.972509010559226450e-02
1.200000000000000000e+01,2.467332502158201546e+00,9.762467046395323367e-02
1.200000000000000000e+01,2.469711274537423229e+00,9.871638868619563023e-02
1.200000000000000000e+01,2.472089709077717856e+00,9.538612966973646079e-02
1.200000000000000000e+01,2.474467790561501790e+00,9.076997478287904264e-02
1.200000000000000000e+01,2.476845503716746499e+00,7.899228666711871627e-02
1.200000000000000000e+01,2.479222833217026967e+00,6.616647665400159084e-02
1.200000000000000000e+01,2.481599763681567428e+00,5.608609494388893529e-02
1.200000000000000000e+01,2.483981256237295376e+00,4.645277301063265030e-02
1.200000000000000000e+01,2.486357351796226300e+00,3.981999920432727907e-02
1.200000000000000000e+01,2.488737997498906118e+00,3.865351266759309984e-02
1.200000000000000000e+01,2.491113196007286756e+00,3.964952735019599411e-02
1.200000000000000000e+01,2.493492932524325134e+00,4.229492632857811962e-02
1.200000000000000000e+01,2.495872195725481024e+00,4.947583974701613707e-02
1.200000000000000000e+01,2.498245935968249398e+00,5.812333812037028674e-02
1.200000000000000000e+01,2.500624195678618378e+00,6.092889159065690945e-03
1.200000000000000000e+01,2.503001934687554719e+00,3.748577211947634255e-03
1.200000000000000000e+01,2.505384199785404054e+00,1.083617054610319132e-03
1.200000000000000000e+01,2.507760859244102747e+00,2.033523004452768637e-03
1.200000000000000000e+01,2.510136950143142087e+00,1.654737042002670747e-03
1.200000000000000000e+01,2.512517547981021337e+00,6.946196437649071031e-04
1.200000000000000000e+01,2.514892463148078239e+00,1.667886016130973661e-03
1.200000000000000000e+01,2.517271872260600674e+00,9.885858727384821184e-04
1.200000000000000000e+01,2.519650667552726819e+00,2.448901412035736115e-03
1.200000000000000000e+01,2.522028832766149087e+00,3.575157103861247975e-03
1.200000000000000000e+01,2.524406351588751818e+00,4.925575452465363185e-02
1.200000000000000000e+01,2.526783207654688557e+00,5.817557119215806261e-02
1.200000000000000000e+01,2.529159384544463762e+00,6.503074841644587711e-02
1.200000000000000000e+01,2.531540034735527911e+00,7.921747806635190403e-02
1.200000000000000000e+01,2.533914813502587737e+00,9.293276744375150722e-02
1.200000000000000000e+01,2.536294051902468372e+00,1.064822734805900006e-01
1.200000000000000000e+01,2.538672564369699458e+00,1.230090055648573183e-01
1.200000000000000000e+01,2.541050334235800179e+00,1.473288818075702000e-01
1.200000000000000000e+01,2.543427344778853350e+00,1.739643823793116384e-01
1.200000000000000000e+01,2.545808806606810748e+00,1.981581676630533029e-01
1.200000000000000000e+01,2.548184257884455128e+00,2.217215921269101164e-01
1.200000000000000000e+01,2.550564146289386880e+00,2.464312244021166776e-01
1.200000000000000000e+01,2.552943227520946490e+00,2.637680528617349363e-01
1.200000000000000000e+01,2.555321484608414462e+00,2.677276903178976153e-01
1.200000000000000000e+01,2.557698900527907160e+00,2.639582594413373839e-01
1.200000000000000000e+01,2.560075458202479837e+00,2.583343802057399552e-01
1.200000000000000000e+01,2.562451140502226998e+00,2.452372278793460147e-01
1.200000000000000000e+01,2.564831236037994344e+00,2.224027234986821200e-01
1.200000000000000000e+01,2.567210441454971015e+00,1.982740453637557854e-01
1.200000000000000000e+01,2.569588739480965334e+00,1.768870807713562310e-01
1.200000000000000000e+01,2.571966112790943892e+00,1.556281574473416807e-01
1.200000000000000000e+01,2.574342544007147904e+00,1.312544305106529696e-01
1.200000000000000000e+01,2.576723370808659652e+00,1.112640749884478975e-01
1.200000000000000000e+01,2.579097875367938553e+00,9.480873801834478753e-02
1.200000000000000000e+01,2.581476760275176030e+00,8.630869971580538980e-02
1.200000000000000000e+01,2.583854652848235123e+00,7.938701876386410755e-03
1.200000000000000000e+01,2.586231535461967379e+00,6.118942673883289059e-03
1.200000000000000000e+01,2.588612795081014717e+00,1.552118332539532486e-03
1.200000000000000000e+01,2.590987614612529910e+00,6.623800728419795836e-04
1.200000000000000000e+01,2.593366795512073164e+00,4.382776835903563501e-04
1.200000000000000000e+01,2.595744915317689472e+00,4.041489378074137099e-04
1.200000000000000000e+01,2.598121956157397161e+00,5.527591189899400776e-04
1.200000000000000000e+01,2.600497900107185067e+00,2.536355414245118796e-04
1.200000000000000000e+01,2.602878193565458798e+00,1.360672020967172333e-04
1.200000000000000000e+01,2.605257374095403922e+00,1.024006456931015208e-04
1.200000000000000000e+01,2.607635423630717320e+00,1.609378392403669738e-04
1.200000000000000000e+01,2.610012324053281763e+00,1.551149838272701455e-04
1.200000000000000000e+01,2.612388057193310686e+00,1.051366893263611872e-04
1.200000000000000000e+01,2.614768119240192146e+00,4.175992251719894095e-05
1.200000000000000000e+01,2.617146997564059774e+00,5.732391594595676255e-05
1.200000000000000000e+01,2.619524673852972718e+00,6.957503086750987985e-05
1.200000000000000000e+01,2.621901129743555270e+00,6.898096699511539016e-05
1.200000000000000000e+01,2.624281901432961472e+00,4.140241453338023848e-05
1.200000000000000000e+01,2.626655871285938915e+00,2.901700464178433935e-05
1.200000000000000000e+01,2.629034140094493655e+00,3.225689120116692480e-05
1.200000000000000000e+01,2.631416719546495031e+00,5.957153680370681450e-05
1.200000000000000000e+01,2.633792431410708623e+00,5.329729889968022925e-05
1.200000000000000000e+01,2.636172436860944934e+00,4.046763968314692414e-05
1.200000000000000000e+01,2.638545517161249965e+00,3.020786998334122397e-05
1.200000000000000000e+01,2.640928499105384297e+00,5.733883384848003620e-05
1.200000000000000000e+01,2.643304518349861354e+00,9.653469722433209634e-05
1.200000000000000000e+01,2.645684816809926954e+00,1.092733603811047143e-04
1.200000000000000000e+01,2.648058094547728558e+00,1.146148718423574745e-04
1.200000000000000000e+01,2.650435633945297020e+00,7.548027937856904184e-05
1.200000000000000000e+01,2.652817446491849473e+00,9.534778675930373623e-05
1.200000000000000000e+01,2.655192171178932803e+00,1.260798450769874701e-04
1.200000000000000000e+01,2.657571151243650398e+00,2.162004078854975098e-04
1.200000000000000000e+01,2.659948691486012429e+00,2.189083637142910242e-04
1.200000000000000000e+01,2.662330489570499559e+00,2.173475879753672380e-04
1.200000000000000000e+01,2.664705102769717726e+00,1.464208071799908946e-04
1.200000000000000000e+01,2.667083955729373734e+00,1.274442215179234382e-04
1.200000000000000000e+01,2.669461312276356413e+00,1.416064060240832911e-04
1.200000000000000000e+01,2.671837153036051848e+00,1.989841760652007803e-04
1.200000000000000000e+01,2.674217226595466013e+00,2.611170934213036254e-04
1.200000000000000000e+01,2.676595765975274599e+00,2.092248426540320428e-04
1.200000000000000000e+01,2.678972751659991935e+00,1.630826230159355755e-04
1.200000000000000000e+01,2.681353962923400225e+00,8.289940120318838154e-05
1.200000000000000000e+01,2.683727792746523733e+00,1.137947655343375696e-04
1.200000000000000000e+01,2.686105829445210702e+00,1.411496463462059135e-04
1.200000000000000000e+01,2.688488084212449003e+00,2.026398844625888708e-04
1.200000000000000000e+01,2.690862888123974894e+00,1.539297353268575326e-04
1.200000000000000000e+01,2.693241891183510539e+00,1.233131429139712964e-04
1.200000000000000000e+01,2.695619243808531795e+00,6.825685739082114692e-05
1.200000000000000000e+01,2.697994926104692492e+00,4.245633026678337151e-05
1.200000000000000000e+01,2.700374799530429026e+00,6.334498377015025791e-05
1.200000000000000000e+01,2.702752983395575903e+00,8.435924307921578290e-05
1.200000000000000000e+01,2.705129457665879755e+00,9.712794820432894491e-05
1.200000000000000000e+01,2.707510114782492927e+00,1.341641610956745994e-04
1.200000000000000000e+01,2.709889042854494612e+00,2.086745035881009899e-04
1.200000000000000000e+01,2.712266221707900993e+00,1.796670760215614412e-04
1.200000000000000000e+01,2.714641631120770615e+00,2.660001286643565816e-04
1.200000000000000000e+01,2.717021204959639391e+00,1.885503846716638280e-04
1.200000000000000000e+01,2.719398989596979010e+00,8.375756907253615810e-04
1.200000000000000000e+01,2.721774964671693997e+00,4.521824742589405791e-04
1.200000000000000000e+01,2.724155095219163325e+00,5.442330908215211802e-03
1.200000000000000000e+01,2.726533396224594785e+00,5.491692753183949512e-03
1.200000000000000000e+01,2.728909847187990234e+00,5.675050827915521789e-03
1.200000000000000000e+01,2.731290444402350470e+00,5.851911494072612255e-03
1.200000000000000000e+01,2.733669171376605700e+00,6.006743259091895659e-03
1.200000000000000000e+01,2.736046007472129116e+00,6.212197689714227603e-03
1.200000000000000000e+01,2.738420932003415853e+00,6.411847155314761085e-03
1.200000000000000000e+01,2.740799983049091892e+00,6.613297847049077333e-03
1.200000000000000000e+01,2.743177102021586489e+00,6.800396154954093178e-03
1.200000000000000000e+01,2.745558347964158319e+00,6.996270896957079537e-03
1.200000000000000000e+01,2.747937641197727654e+00,7.189964642765179700e-03
1.200000000000000000e+01,2.750314960807459741e+00,7.353027951505742080e-03
1.200000000000000000e+01,2.752690285832279038e+00,7.515362068305239326e-03
1.200000000000000000e+01,2.755069717329380996e+00,7.697069369316484472e-03
1.200000000000000000e+01,2.757447133295085617e+00,7.846829737450331313e-03
1.200000000000000000e+01,2.759822512631141755e+00,8.034907860177220237e-03
1.200000000000000000e+01,2.762201987996263153e+00,7.977340657849506939e-03
1.200000000000000000e+01,2.764579405566437664e+00,2.815158530129431569e-03
1.200000000000000000e+01,2.766960919131962182e+00,3.042332787962409753e-03
1.200000000000000000e+01,2.769334167959193405e+00,3.405930806272346894e-04
1.200000000000000000e+01,2.771717687672561325e+00,3.717160331383470638e-04
1.200000000000000000e+01,2.774092899949887059e+00,5.639097071723490895e-03
1.200000000000000000e+01,2.776472186575843271e+00,5.995432815275822738e-03
1.200000000000000000e+01,2.778849329813015245e+00,6.644217919388903555e-03
1.200000000000000000e+01,2.781224308154069291e+00,7.217430313109142286e-03
1.200000000000000000e+01,2.783603349577585373e+00,7.778023399194184881e-03
1.200000000000000000e+01,2.785980204283322159e+00,8.266185784689489280e-03
1.200000000000000000e+01,2.788361121540816612e+00,8.610837529333191520e-03
1.200000000000000000e+01,2.790739830130332333e+00,8.851801116870054720e-03
1.200000000000000000e+01,2.793116308318245977e+00,8.893471624322581495e-03
1.200000000000000000e+01,2.795496837376052479e+00,8.769552951162816815e-03
1.200000000000000000e+01,2.797875113863212526e+00,8.511880545783006777e-03
1.200000000000000000e+01,2.800251115911298605e+00,8.121408326231238303e-03
1.200000000000000000e+01,2.802631156870153184e+00,7.738702611052974793e-03
1.200000000000000000e+01,2.805008901002245647e+00,7.264082274240288295e-03
1.200000000000000000e+01,2.807384326304926958e+00,6.884878899802449222e-03
1.200000000000000000e+01,2.809763778281390234e+00,6.509681033016264003e-03
1.200000000000000000e+01,2.812140888822362683e+00,5.789458229933161851e-03
1.200000000000000000e+01,2.814515635791587478e+00,5.719752903164654866e-03
1.200000000000000000e+01,2.816894396919202848e+00,1.004449220831566065e-03
1.200000000000000000e+01,2.819277182391831005e+00,4.735568635498282365e-03
1.200000000000000000e+01,2.821651159259273456e+00,7.083229867302148416e-03
1.200000000000000000e+01,2.824029137518142551e+00,7.014880076821790496e-03
1.200000000000000000e+01,2.826411127293623426e+00,7.174795374643173559e-03
1.200000000000000000e+01,2.828784230557050972e+00,7.149966862579413933e-03
1.200000000000000000e+01,2.831161322165572702e+00,7.168528905476718310e-03
1.200000000000000000e+01,2.833542412182134651e+00,7.173814989547748142e-03
1.200000000000000000e+01,2.835921024016914149e+00,7.128323860017734756e-03
1.200000000000000000e+01,2.838297135088118761e+00,7.074569718315751668e-03
1.200000000000000000e+01,2.840677231205615438e+00,6.901246587799725329e-03
1.200000000000000000e+01,2.843054803040627743e+00,6.823893305769735199e-03
1.200000000000000000e+01,2.845429827880051832e+00,6.754589132287885586e-03
1.200000000000000000e+01,2.847808824123101878e+00,6.683145902164015079e-03
1.200000000000000000e+01,2.850185249634491935e+00,6.621603034528915528e-03
1.200000000000000000e+01,2.852565644594050376e+00,6.599515793786088318e-03
1.200000000000000000e+01,2.854943444955898801e+00,6.514878074158893424e-03
1.200000000000000000e+01,2.857318627786822773e+00,5.669035707094777048e-03
1.200000000000000000e+01,2.859697765996172869e+00,5.520319419034132140e-03
1.200000000000000000e+01,2.862080869472485301e+00,3.638067143720289721e-04
1.200000000000000000e+01,2.864454712355927857e+00,4.047537499305440883e-04
1.200000000000000000e+01,2.866832496293459265e+00,1.982030893692937710e-04
1.200000000000000000e+01,2.869214231107640511e+00,1.323137174173533127e-04
1.200000000000000000e+01,2.871586624881306449e+00,1.321280306605147827e-04
1.200000000000000000e+01,2.873969606985570024e+00,9.072345369668913695e-05
1.200000000000000000e+01,2.876343201527446158e+00,6.687068126256598822e-05
1.200000000000000000e+01,2.878720719985517373e+00,5.926917604228569331e-05
1.200000000000000000e+01,2.881102172098087610e+00,4.292027654491227751e-05
1.200000000000000000e+01,2.883480861554354568e+00,3.636864898935853206e-05
1.200000000000000000e+01,2.885856764896066906e+00,1.948455741105752239e-05
1.200000000000000000e+01,2.888236586815389195e+00,3.491657451980182509e-05
1.200000000000000000e+01,2.890613597715197436e+00,5.432523956363177563e-05
1.200000000000000000e+01,2.892994524384758570e+00,5.437781550082658769e-05
1.200000000000000000e+01,2.895365853522527733e+00,3.348114955845043594e-05
1.200000000000000000e+01,2.897747845885614293e+00,1.518154675386016610e-05
1.200000000000000000e+01,2.900126977032283726e+00,2.198849819333618754e-05
1.200000000000000000e+01,2.902503223200517901e+00,3.901069070964682058e-05
1.200000000000000000e+01,2.904883366561006319e+00,5.055091077261523948e-05
1.200000000000000000e+01,2.907260599562923709e+00,3.820208341071737028e-05
1.200000000000000000e+01,2.909634898318774088e+00,2.118307736111317211e-05
1.200000000000000000e+01,2.912013078324352744e+00,1.741096552884551944e-05
1.200000000000000000e+01,2.914395149104420657e+00,3.102988331162455225e-05
1.200000000000000000e+01,2.916774258379155604e+00,4.537683638976505751e-05
1.200000000000000000e+01,2.919150382085439865e+00,4.773995277738828796e-05
1.200000000000000000e+01,2.921523496123781261e+00,3.846614111848673597e-05
1.200000000000000000e+01,2.923907367138645963e+00,2.608352105834835179e-05
1.200000000000000000e+01,2.926281318344463589e+00,3.236982065926753298e-05
1.200000000000000000e+01,2.928659127554641639e+00,5.912230903015704890e-05
1.200000000000000000e+01,2.931040804181527015e+00,7.788872424152750535e-05
1.200000000000000000e+01,2.933419417291878162e+00,1.701708682755442696e-04
1.200000000000000000e+01,2.935794942524495799e+00,1.991927587321159262e-03
1.200000000000000000e+01,2.938174318344370928e+00,1.986011482083356941e-03
1.200000000000000000e+01,2.940550579959972044e+00,2.642066449391752316e-03
1.200000000000000000e+01,2.942930688311046872e+00,2.717605138048907049e-03
1.200000000000000000e+01,2.945307656001242336e+00,2.748574710944368202e-03
1.200000000000000000e+01,2.947681458460930770e+00,2.829493797412798752e-03
1.200000000000000000e+01,2.950059090390392047e+00,2.908671254022715882e-03
1.200000000000000000e+01,2.952440561063782720e+00,2.989472596017400761e-03
1.200000000000000000e+01,2.954818837778843132e+00,3.023161816350681836e-03
1.200000000000000000e+01,2.957193895793339244e+00,3.060900000485003609e-03
1.200000000000000000e+01,2.959572774981745535e+00,3.134664078585670637e-03
1.200000000000000000e+01,2.961955484573179920e+00,3.109547108860146424e-03
1.200000000000000000e+01,2.964327858985216224e+00,3.069042036843502765e-03
1.200000000000000000e+01,2.966711135514628506e+00,3.192995288175548216e-03
1.200000000000000000e+01,2.969084027002956372e+00,1.427700730013858237e-03
1.200000000000000000e+01,2.971467838945096585e+00,1.047820358600210893e-04
1.200000000000000000e+01,2.973841215813263883e+00,4.174458670523767536e-05
1.200000000000000000e+01,2.976218387048926051e+00,4.467256305731834206e-05
1.200000000000000000e+01,2.978599361758565323e+00,2.831305346550805384e-05
1.200000000000000000e+01,2.980976981837772488e+00,3.374161349710958738e-05
1.200000000000000000e+01,2.983351222083469256e+00,2.308115837862685836e-05
1.200000000000000000e+01,2.985729247336589065e+00,1.298712360537757055e-05
1.200000000000000000e+01,2.988111066655426029e+00,2.605383744551287474e-05
1.200000000000000000e+01,2.990489476071835462e+00,1.454597087834522159e-05
1.200000000000000000e+01,2.992864450213154281e+00,1.610569538622203000e-05
1.200000000000000000e+01,2.995243199646329124e+00,2.462762922768972087e-05
1.200000000000000000e+01,2.997618485893688511e+00,7.595575783158984372e-06
1.200000000000000000e+01,2.999997542427555786e+00,1.927771538928961826e-05
1.300000000000000000e+01,1.991739627709276261e+00,6.849462215331056970e-06
1.300000000000000000e+01,1.994116581153200896e+00,2.544630150619110838e-06
1.300000000000000000e+01,1.996495999787446962e+00,1.540700625074708184e-05
1.300000000000000000e+01,1.998874658345563660e+00,5.353645064713517546e-06
1.300000000000000000e+01,2.001252531070988550e+00,1.688153901947594807e-05
1.300000000000000000e+01,2.003629592099526402e+00,8.560998193921636617e-06
1.300000000000000000e+01,2.006009061087529410e+00,2.724093401353434816e-05
1.300000000000000000e+01,2.008384428391164267e+00,1.226363702337070644e-05
1.300000000000000000e+01,2.010762166794522354e+00,3.918623585313292962e-05
1.300000000000000000e+01,2.013142273146784511e+00,1.648081875717804124e-05
1.300000000000000000e+01,2.015518191284053184e+00,5.295460296151947383e-05
1.300000000000000000e+01,2.017896439964003363e+00,2.132706761225180018e-05
1.300000000000000000e+01,2.020273723858567294e+00,5.628103371228813419e-05
1.300000000000000000e+01,2.022653315995031953e+00,2.350698530154306790e-05
1.300000000000000000e+01,2.025031905392828957e+00,7.425052213951326889e-05
1.300000000000000000e+01,2.027409465173173775e+00,3.036741634450955383e-05
1.300000000000000000e+01,2.029785968350953596e+00,9.753910118090079132e-05
1.300000000000000000e+01,2.032164718651917390e+00,3.878297390789613782e-05
1.300000000000000000e+01,2.034542373648666747e+00,1.384367664108834611e-04
1.300000000000000000e+01,2.036922252485694695e+00,5.270793397944458761e-05
1.300000000000000000e+01,2.039297642718866488e+00,1.740235271497765049e-04
1.300000000000000000e+01,2.041678579620796796e+00,7.292729129480239483e-05
1.300000000000000000e+01,2.044054972850176011e+00,2.235460380924496901e-04
1.300000000000000000e+01,2.046433526721744833e+00,1.032906713652149630e-04
1.300000000000000000e+01,2.048810851376187347e+00,2.953272958189257381e-04
1.300000000000000000e+01,2.051190312403015081e+00,1.512759974031440758e-04
1.300000000000000000e+01,2.053568504069569922e+00,4.060046461343928001e-04
1.300000000000000000e+01,2.055945398294015458e+00,2.142057004177418990e-04
1.300000000000000000e+01,2.058324384012754305e+00,5.245584571752216719e-04
1.300000000000000000e+01,2.060702031599246808e+00,3.724983863067895325e-04
1.300000000000000000e+01,2.063078312672746772e+00,7.673506557843764314e-04
1.300000000000000000e+01,2.065456639593524102e+00,5.779185811859624934e-04
1.300000000000000000e+01,2.067833558764816893e+00,9.936510335238433328e-04
1.300000000000000000e+01,2.070212498216723152e+00,7.317616180947618312e-04
1.300000000000000000e+01,2.072589988335185041e+00,9.067112767802710518e-04
1.300000000000000000e+01,2.074969472860463071e+00,6.461741328879397036e-04
1.300000000000000000e+01,2.077347466120683439e+00,5.931769663381937637e-04
1.300000000000000000e+01,2.079723939049616721e+00,4.520428574177603738e-04
1.300000000000000000e+01,2.082102359006916092e+00,3.317410509962872515e-04
1.300000000000000000e+01,2.084479216156104542e+00,2.846390965675129345e-04
1.300000000000000000e+01,2.086857993654473997e+00,1.757961432892344092e-04
1.300000000000000000e+01,2.089235165520535009e+00,2.017938225585030518e-04
1.300000000000000000e+01,2.091614230747953052e+00,1.395832697988075982e-04
1.300000000000000000e+01,2.093991647171488779e+00,2.028987768795125922e-04
1.300000000000000000e+01,2.096370929659487015e+00,1.282176404762694821e-04
1.300000000000000000e+01,2.098748519824702452e+00,2.480417518100597966e-04
1.300000000000000000e+01,2.101127948448022309e+00,1.528642119465691332e-04
1.300000000000000000e+01,2.103505640882435745e+00,4.245904565367643107e-04
1.300000000000000000e+01,2.105881566995955634e+00,2.105081865185508055e-04
1.300000000000000000e+01,2.108259281488489290e+00,7.744134773671722130e-04
1.300000000000000000e+01,2.110638778281487493e+00,2.502873400041377705e-04
1.300000000000000000e+01,2.113016450109418187e+00,1.242711677332248308e-03
1.300000000000000000e+01,2.115395875701245210e+00,2.541393883161149544e-04
1.300000000000000000e+01,2.117773431421519081e+00,1.776452556465283770e-03
1.300000000000000000e+01,2.120149086564412588e+00,1.280992886497222313e-03
1.300000000000000000e+01,2.122526443941901597e+00,1.349402307550819427e-03
1.300000000000000000e+01,2.124905497063319437e+00,1.947009853959099810e-03
1.300000000000000000e+01,2.127282589459348561e+00,1.476299613566088922e-03
1.300000000000000000e+01,2.129661348130645226e+00,3.036827327454480821e-03
1.300000000000000000e+01,2.132041766401622240e+00,1.666700148037490595e-03
1.300000000000000000e+01,2.134416488630205944e+00,5.158315094695145077e-03
1.300000000000000000e+01,2.136796506809325980e+00,1.913717618393769894e-03
1.300000000000000000e+01,2.139174456954846537e+00,1.002350282379120897e-02
1.300000000000000000e+01,2.141550307510549533e+00,4.154759294961916059e-03
1.300000000000000000e+01,2.143931441358600143e+00,1.671148870688928673e-02
1.300000000000000000e+01,2.146306729584555040e+00,4.434459715455632001e-01
1.300000000000000000e+01,2.148687286870718527e+00,1.843739394597354586e-01
1.300000000000000000e+01,2.151065666753996908e+00,5.487845098742450967e-01
1.300000000000000000e+01,2.153441837210316567e+00,5.816472027188945848e-01
1.300000000000000000e+01,2.155819514621453603e+00,6.538235233491237475e-01
1.300000000000000000e+01,2.158198691568031347e+00,6.709017274686620569e-01
1.300000000000000000e+01,2.160575595509616864e+00,6.994887551794806146e-01
1.300000000000000000e+01,2.162953967401529898e+00,7.150286847090219222e-01
1.300000000000000000e+01,2.165330017974534726e+00,7.217342235156787300e-01
1.300000000000000000e+01,2.167711294571818659e+00,7.363016724081077324e-01
1.300000000000000000e+01,2.170086419534671851e+00,7.447203764042116259e-01
1.300000000000000000e+01,2.172466754975850289e+00,7.664007423095846594e-01
1.300000000000000000e+01,2.174844688110332491e+00,7.815162252934997333e-01
1.300000000000000000e+01,2.177220185986402434e+00,8.057651881767780022e-01
1.300000000000000000e+01,2.179600878863794833e+00,8.122252871986741507e-01
1.300000000000000000e+01,2.181979103711777057e+00,8.147138133170460650e-01
1.300000000000000000e+01,2.184354827302986468e+00,7.918446824252445282e-01
1.300000000000000000e+01,2.186731873089897693e+00,7.651266901369688789e-01
1.300000000000000000e+01,2.189110232802705447e+00,7.263972056022109935e-01
1.300000000000000000e+01,2.191489898121623092e+00,6.842871969492915207e-01
1.300000000000000000e+01,2.193866978681393132e+00,6.461849090608834389e-01
1.300000000000000000e+01,2.196245331200582740e+00,6.057729014970206771e-01
1.300000000000000000e+01,2.198624947167761245e+00,5.686319088093290119e-01
1.300000000000000000e+01,2.201001910734452061e+00,5.273597786285391109e-01
1.300000000000000000e+01,2.203380103664479339e+00,4.867743006584814291e-01
1.300000000000000000e+01,2.205755593071625942e+00,4.390610858807577621e-01
1.300000000000000000e+01,2.208136210091760532e+00,3.950426044225387456e-01
1.300000000000000000e+01,2.210514089066549559e+00,3.505996978226423866e-01
1.300000000000000000e+01,2.212889195676467580e+00,3.207882303265787161e-01
1.300000000000000000e+01,2.215269411685253598e+00,3.006922698801196558e-01
1.300000000000000000e+01,2.217646820369182592e+00,2.910806861421630920e-01
1.300000000000000000e+01,2.220025362245094058e+00,2.860903256693494989e-01
1.300000000000000000e+01,2.222401044539729753e+00,2.829600285158534456e-01
1.300000000000000000e+01,2.224781816787405386e+00,2.816046664357612639e-01
1.300000000000000000e+01,2.227159693927706297e+00,2.781364560226223248e-01
1.300000000000000000e+01,2.229538650259491828e+00,2.752294363039263225e-01
1.300000000000000000e+01,2.231914658585150590e+00,2.692337002909697130e-01
1.300000000000000000e+01,2.234291710139395537e+00,2.633667228199801369e-01
1.300000000000000000e+01,2.236669795394403248e+00,2.568705717781325504e-01
1.300000000000000000e+01,2.239048904770509107e+00,2.509822405830453018e-01
1.300000000000000000e+01,2.241424976510854261e+00,2.482774863497477225e-01
1.300000000000000000e+01,2.243806096568353503e+00,2.455172497053152436e-01
1.300000000000000000e+01,2.246184142332022571e+00,2.424103888996355094e-01
1.300000000000000000e+01,2.248559078140137224e+00,2.341910891061220745e-01
1.300000000000000000e+01,2.250939041398960061e+00,2.205013232374457843e-01
1.300000000000000000e+01,2.253315857608640727e+00,2.045650496688918019e-01
1.300000000000000000e+01,2.255693594709365701e+00,1.872992026116133690e-01
1.300000000000000000e+01,2.258072242628007320e+00,1.700997198375091557e-01
1.300000000000000000e+01,2.260451791238908381e+00,1.552698707663943412e-01
1.300000000000000000e+01,2.262828100482377369e+00,1.378537940887974156e-01
1.300000000000000000e+01,2.265205272630280042e+00,1.283390206647935239e-01
1.300000000000000000e+01,2.267583297361956962e+00,1.212669208832389406e-01
1.300000000000000000e+01,2.269962164303962027e+00,1.208227803064117339e-01
1.300000000000000000e+01,2.272341863029972320e+00,1.325064076788229628e-01
1.300000000000000000e+01,2.274718209664019053e+00,8.050953254561272684e-03
1.300000000000000000e+01,2.277095349600728014e+00,1.202096424694863441e-01
1.300000000000000000e+01,2.279473272218509372e+00,3.669167300428248773e-03
1.300000000000000000e+01,2.281851966842678436e+00,1.387485287838185338e-02
1.300000000000000000e+01,2.284231422745374829e+00,2.213637751705979997e-02
1.300000000000000000e+01,2.286607412008805351e+00,1.407305743954858149e-02
1.300000000000000000e+01,2.288984123377203694e+00,5.401146985619387914e-02
1.300000000000000000e+01,2.291365780618124681e+00,5.350952858889752688e-03
1.300000000000000000e+01,2.293743912168016763e+00,3.475868862040260021e-01
1.300000000000000000e+01,2.296118480612924895e+00,3.209317961907285355e-01
1.300000000000000000e+01,2.298497970634805210e+00,3.450018420919476192e-01
1.300000000000000000e+01,2.300878127611091895e+00,3.161368310065701959e-01
1.300000000000000000e+01,2.303254661586480623e+00,3.222858447756337674e-01
1.300000000000000000e+01,2.305631822391659203e+00,3.083107803211402320e-01
1.300000000000000000e+01,2.308009598693951503e+00,3.103528441161195195e-01
1.300000000000000000e+01,2.310387979106963030e+00,3.123205551963999516e-01
1.300000000000000000e+01,2.312766952190511649e+00,2.928397366626479537e-01
1.300000000000000000e+01,2.315142183405042520e+00,2.716081912721380331e-01
1.300000000000000000e+01,2.317522298400336744e+00,2.254209014684904477e-01
1.300000000000000000e+01,2.319898630583908439e+00,1.783234419529378390e-01
1.300000000000000000e+01,2.322279841038421555e+00,1.364955705902648475e-01
1.300000000000000000e+01,2.324657227477955335e+00,1.004094273380447960e-01
1.300000000000000000e+01,2.327035118932285318e+00,7.824326902185690935e-02
1.300000000000000000e+01,2.329413503549994768e+00,6.573678839994416545e-02
1.300000000000000000e+01,2.331787983991368662e+00,6.164763144532135752e-02
1.300000000000000000e+01,2.334167310210840451e+00,6.412325039043718922e-02
1.300000000000000000e+01,2.336547093703715827e+00,7.000356547426220266e-02
1.300000000000000000e+01,2.338922910089027418e+00,7.871176604757808282e-02
1.300000000000000000e+01,2.341303562883347844e+00,8.651696688321057482e-02
1.300000000000000000e+01,2.343680206292833024e+00,9.408895501758093860e-02
1.300000000000000000e+01,2.346057240367172003e+00,1.003705134115968622e-01
1.300000000000000000e+01,2.348434652788937260e+00,1.008910504248772960e-01
1.300000000000000000e+01,2.350812431186368734e+00,1.004894370229130057e-01
1.300000000000000000e+01,2.353190563133336077e+00,9.470663838244375299e-02
1.300000000000000000e+01,2.355569036149298690e+00,8.566400613197205915e-02
1.300000000000000000e+01,2.357947837699267524e+00,7.806051231875672791e-02
1.300000000000000000e+01,2.360326955193766896e+00,6.950673250651001611e-02
1.300000000000000000e+01,2.362701873503119110e+00,6.556279978202010639e-02
1.300000000000000000e+01,2.365081575825791482e+00,6.317623840748523567e-02
1.300000000000000000e+01,2.367461555987104838e+00,6.327269856222773881e-02
1.300000000000000000e+01,2.369837271457410743e+00,6.924422275777779301e-02
1.300000000000000000e+01,2.372213220904162867e+00,7.465898463317183209e-02
1.300000000000000000e+01,2.374593939286923305e+00,8.473641894532284169e-02
1.300000000000000000e+01,2.376970326898085517e+00,9.902401836594885987e-02
1.300000000000000000e+01,2.379346909490778650e+00,1.088443067199465070e-01
1.300000000000000000e+01,2.381728249229686956e+00,1.264633190955593567e-01
1.300000000000000000e+01,2.384105191535353274e+00,1.347644558013566252e-01
1.300000000000000000e+01,2.386482289336266938e+00,1.301892639665501727e-01
1.300000000000000000e+01,2.388859529357821643e+00,1.434222474040538486e-01
1.300000000000000000e+01,2.391236898270765909e+00,1.917006894369927342e-02
1.300000000000000000e+01,2.393619003764643427e+00,1.982549523015636819e-02
1.300000000000000000e+01,2.395996599438805941e+00,5.697707527706477246e-04
1.300000000000000000e+01,2.398374283698073040e+00,4.370038531281537561e-03
1.300000000000000000e+01,2.400752042994434454e+00,4.094914345258167387e-03
1.300000000000000000e+01,2.403129863725176119e+00,3.782654951858461286e-04
1.300000000000000000e+01,2.405507732232872620e+00,4.832997090823876532e-03
1.300000000000000000e+01,2.407885634805378317e+00,3.614448667107304650e-04
1.300000000000000000e+01,2.410263557675826007e+00,3.432984984413725051e-04
1.300000000000000000e+01,2.412641487022620712e+00,4.093753279987248118e-03
1.300000000000000000e+01,2.415019408969439230e+00,2.620094715944198786e-04
1.300000000000000000e+01,2.417397309585231913e+00,5.089265421585848848e-04
1.300000000000000000e+01,2.419775174884221780e+00,3.794367221993587020e-03
1.300000000000000000e+01,2.422152990825908514e+00,2.000670007138344894e-04
1.300000000000000000e+01,2.424530743315073789e+00,3.196670320001468880e-03
1.300000000000000000e+01,2.426908418201789264e+00,3.257554564284046317e-03
1.300000000000000000e+01,2.429286001281421470e+00,1.266474036045040072e-04
1.300000000000000000e+01,2.431663478294642911e+00,2.728398732720472772e-03
1.300000000000000000e+01,2.434040834927446273e+00,2.929238949108248832e-03
1.300000000000000000e+01,2.436422844634672291e+00,1.331292693794396858e-04
1.300000000000000000e+01,2.438799926692925002e+00,1.940031337829721276e-03
1.300000000000000000e+01,2.441176845109251925e+00,2.297167488701207672e-03
1.300000000000000000e+01,2.443553585351005086e+00,1.682374145928253574e-04
1.300000000000000000e+01,2.445930132830938852e+00,1.446884063919460714e-03
1.300000000000000000e+01,2.448311307568818762e+00,1.711650979890136804e-03
1.300000000000000000e+01,2.450687434933867870e+00,2.328329261163470591e-04
1.300000000000000000e+01,2.453068178922694020e+00,1.017003568883059631e-03
1.300000000000000000e+01,2.455443827201868601e+00,1.435490016387747699e-03
1.300000000000000000e+01,2.457824081285056472e+00,3.658000485805534808e-04
1.300000000000000000e+01,2.460199191070725266e+00,7.555577751155676675e-04
1.300000000000000000e+01,2.462578895654787381e+00,1.558404745798835662e-03
1.300000000000000000e+01,2.464958307733604137e+00,4.910403373936181315e-04
1.300000000000000000e+01,2.467332502158201546e+00,6.981862104771347985e-04
1.300000000000000000e+01,2.469711274537423229e+00,1.517427674043554057e-03
1.300000000000000000e+01,2.472089709077717856e+00,6.981005724728303174e-04
1.300000000000000000e+01,2.474467790561501790e+00,5.615306876704483346e-04
1.300000000000000000e+01,2.476845503716746499e+00,1.543845359805583834e-03
1.300000000000000000e+01,2.479222833217026967e+00,6.860683647766702056e-04
1.300000000000000000e+01,2.481599763681567428e+00,4.508028906703250753e-04
1.300000000000000000e+01,2.483981256237295376e+00,1.331589882027324652e-03
1.300000000000000000e+01,2.486357351796226300e+00,1.012683074451261895e-03
1.300000000000000000e+01,2.488737997498906118e+00,1.219328348900309812e-04
1.300000000000000000e+01,2.491113196007286756e+00,1.730384999414815621e-03
1.300000000000000000e+01,2.493492932524325134e+00,1.828389756069255089e-03
1.300000000000000000e+01,2.495872195725481024e+00,9.602881356435722261e-04
1.300000000000000000e+01,2.498245935968249398e+00,2.379390506344366933e-03
1.300000000000000000e+01,2.500624195678618378e+00,6.242128926649613552e-02
1.300000000000000000e+01,2.503001934687554719e+00,7.454394000030518941e-02
1.300000000000000000e+01,2.505384199785404054e+00,8.820717116039909766e-02
1.300000000000000000e+01,2.507760859244102747e+00,9.274318410383892985e-02
1.300000000000000000e+01,2.510136950143142087e+00,9.442111800554847667e-02
1.300000000000000000e+01,2.512517547981021337e+00,9.653748868103106950e-02
1.300000000000000000e+01,2.514892463148078239e+00,9.063816750758303675e-02
1.300000000000000000e+01,2.517271872260600674e+00,8.292772307929104081e-02
1.300000000000000000e+01,2.519650667552726819e+00,7.841082249343707400e-02
1.300000000000000000e+01,2.522028832766149087e+00,7.138205244584988618e-02
1.300000000000000000e+01,2.524406351588751818e+00,6.425168507960433983e-02
1.300000000000000000e+01,2.526783207654688557e+00,6.159543213563749980e-02
1.300000000000000000e+01,2.529159384544463762e+00,5.697943414063331297e-02
1.300000000000000000e+01,2.531540034735527911e+00,5.191271782691835729e-02
1.300000000000000000e+01,2.533914813502587737e+00,4.922572087400730462e-02
1.300000000000000000e+01,2.536294051902468372e+00,4.826567027523023801e-02
1.300000000000000000e+01,2.538672564369699458e+00,4.667956320745859922e-02
1.300000000000000000e+01,2.541050334235800179e+00,4.510341998422504745e-02
1.300000000000000000e+01,2.543427344778853350e+00,4.531086494195513820e-02
1.300000000000000000e+01,2.545808806606810748e+00,4.655412424931213572e-02
1.300000000000000000e+01,2.548184257884455128e+00,4.610563863241044780e-02
1.300000000000000000e+01,2.550564146289386880e+00,4.498663677501574948e-02
1.300000000000000000e+01,2.552943227520946490e+00,4.482660081943200259e-02
1.300000000000000000e+01,2.555321484608414462e+00,4.620260500596447273e-02
1.300000000000000000e+01,2.557698900527907160e+00,4.535888126844662971e-02
1.300000000000000000e+01,2.560075458202479837e+00,4.542573167222244829e-02
1.300000000000000000e+01,2.562451140502226998e+00,4.667531245168627524e-02
1.300000000000000000e+01,2.564831236037994344e+00,5.322699315131169603e-03
1.300000000000000000e+01,2.567210441454971015e+00,5.512689253509044790e-03
1.300000000000000000e+01,2.569588739480965334e+00,3.048006956529443565e-03
1.300000000000000000e+01,2.571966112790943892e+00,1.452857903029973821e-03
1.300000000000000000e+01,2.574342544007147904e+00,3.548869782300277578e-03
1.300000000000000000e+01,2.576723370808659652e+00,4.537410446496105247e-03
1.300000000000000000e+01,2.579097875367938553e+00,5.757090727074471240e-03
1.300000000000000000e+01,2.581476760275176030e+00,2.250919076097442247e-03
1.300000000000000000e+01,2.583854652848235123e+00,7.099096522239584095e-02
1.300000000000000000e+01,2.586231535461967379e+00,6.538706060820125010e-02
1.300000000000000000e+01,2.588612795081014717e+00,6.479044221720695051e-02
1.300000000000000000e+01,2.590987614612529910e+00,6.119990908598160750e-02
1.300000000000000000e+01,2.593366795512073164e+00,5.672962161903793293e-02
1.300000000000000000e+01,2.595744915317689472e+00,5.236623230661538453e-02
1.300000000000000000e+01,2.598121956157397161e+00,4.793189802015584283e-02
1.300000000000000000e+01,2.600497900107185067e+00,4.505265503718294817e-02
1.300000000000000000e+01,2.602878193565458798e+00,4.148866019909964314e-02
1.300000000000000000e+01,2.605257374095403922e+00,3.734994023980252320e-02
1.300000000000000000e+01,2.607635423630717320e+00,3.399597122567007274e-02
1.300000000000000000e+01,2.610012324053281763e+00,3.172652948858154659e-02
1.300000000000000000e+01,2.612388057193310686e+00,2.967768742467897722e-02
1.300000000000000000e+01,2.614768119240192146e+00,2.800836998200006631e-02
1.300000000000000000e+01,2.617146997564059774e+00,2.617560166070096589e-02
1.300000000000000000e+01,2.619524673852972718e+00,2.505156429623150646e-02
1.300000000000000000e+01,2.621901129743555270e+00,2.489909690355334923e-02
1.300000000000000000e+01,2.624281901432961472e+00,2.522722686861817928e-02
1.300000000000000000e+01,2.626655871285938915e+00,2.541108176727144632e-02
1.300000000000000000e+01,2.629034140094493655e+00,2.609099591457153880e-02
1.300000000000000000e+01,2.631416719546495031e+00,2.595020728459575265e-02
1.300000000000000000e+01,2.633792431410708623e+00,2.911970587950617889e-02
1.300000000000000000e+01,2.636172436860944934e+00,1.675066525006550832e-03
1.300000000000000000e+01,2.638545517161249965e+00,5.360825227301139768e-04
1.300000000000000000e+01,2.640928499105384297e+00,9.202349822866087410e-04
1.300000000000000000e+01,2.643304518349861354e+00,8.150490776506137854e-04
1.300000000000000000e+01,2.645684816809926954e+00,7.660985982572211025e-04
1.300000000000000000e+01,2.648058094547728558e+00,5.009813859354921755e-04
1.300000000000000000e+01,2.650435633945297020e+00,2.953254178246577755e-04
1.300000000000000000e+01,2.652817446491849473e+00,4.265392808527097715e-04
1.300000000000000000e+01,2.655192171178932803e+00,5.082229366166153344e-04
1.300000000000000000e+01,2.657571151243650398e+00,7.550311769230009639e-04
1.300000000000000000e+01,2.659948691486012429e+00,6.873953127469883961e-04
1.300000000000000000e+01,2.662330489570499559e+00,4.613988463277558317e-04
1.300000000000000000e+01,2.664705102769717726e+00,3.550794948959830333e-04
1.300000000000000000e+01,2.667083955729373734e+00,2.857692468790946493e-04
1.300000000000000000e+01,2.669461312276356413e+00,3.932570020811823868e-04
1.300000000000000000e+01,2.671837153036051848e+00,4.589237588282864180e-04
1.300000000000000000e+01,2.674217226595466013e+00,4.904039397284933044e-04
1.300000000000000000e+01,2.676595765975274599e+00,3.969951995669670402e-04
1.300000000000000000e+01,2.678972751659991935e+00,2.322817395492056012e-04
1.300000000000000000e+01,2.681353962923400225e+00,1.405546538450577233e-04
1.300000000000000000e+01,2.683727792746523733e+00,1.657406630737150437e-04
1.300000000000000000e+01,2.686105829445210702e+00,2.255554916867941759e-04
1.300000000000000000e+01,2.688488084212449003e+00,2.337056032068701814e-04
1.300000000000000000e+01,2.690862888123974894e+00,1.708354496127291412e-04
1.300000000000000000e+01,2.693241891183510539e+00,1.225498751887740812e-04
1.300000000000000000e+01,2.695619243808531795e+00,6.642331904413698626e-05
1.300000000000000000e+01,2.697994926104692492e+00,4.645778890469528583e-05
1.300000000000000000e+01,2.700374799530429026e+00,5.681319918035382356e-05
1.300000000000000000e+01,2.702752983395575903e+00,5.623686981097113490e-05
1.300000000000000000e+01,2.705129457665879755e+00,5.978716859912479596e-05
1.300000000000000000e+01,2.707510114782492927e+00,6.229384476780450435e-05
1.300000000000000000e+01,2.709889042854494612e+00,5.794500196352693120e-05
1.300000000000000000e+01,2.712266221707900993e+00,5.544853388329503731e-05
1.300000000000000000e+01,2.714641631120770615e+00,4.726874578490056661e-05
1.300000000000000000e+01,2.717021204959639391e+00,3.929369390979647631e-05
1.300000000000000000e+01,2.719398989596979010e+00,2.952914355343878405e-05
1.300000000000000000e+01,2.721774964671693997e+00,1.925486519663640681e-05
1.300000000000000000e+01,2.724155095219163325e+00,2.040116104774989040e-05
1.300000000000000000e+01,2.726533396224594785e+00,2.133937348370477190e-05
1.300000000000000000e+01,2.728909847187990234e+00,2.782939445544435581e-05
1.300000000000000000e+01,2.731290444402350470e+00,4.101634511603231132e-05
1.300000000000000000e+01,2.733669171376605700e+00,4.603398127458647343e-05
1.300000000000000000e+01,2.736046007472129116e+00,5.165805006570113633e-05
1.300000000000000000e+01,2.738420932003415853e+00,4.280733990826936285e-05
1.300000000000000000e+01,2.740799983049091892e+00,3.938032024448521930e-05
1.300000000000000000e+01,2.743177102021586489e+00,3.039623590031392971e-05
1.300000000000000000e+01,2.745558347964158319e+00,2.496487144454501129e-05
1.300000000000000000e+01,2.747937641197727654e+00,2.992642148762074980e-05
1.300000000000000000e+01,2.750314960807459741e+00,4.968968672669653633e-05
1.300000000000000000e+01,2.752690285832279038e+00,8.825731709564019699e-05
1.300000000000000000e+01,2.755069717329380996e+00,1.192646686051477975e-04
1.300000000000000000e+01,2.757447133295085617e+00,1.940833883521446640e-04
1.300000000000000000e+01,2.759822512631141755e+00,2.045451467915353487e-04
1.300000000000000000e+01,2.762201987996263153e+00,4.383285786281396331e-04
1.300000000000000000e+01,2.764579405566437664e+00,5.729716832665030825e-03
1.300000000000000000e+01,2.766960919131962182e+00,5.624526203799962501e-03
1.300000000000000000e+01,2.769334167959193405e+00,8.431062170181810936e-03
1.300000000000000000e+01,2.771717687672561325e+00,8.516385624761625694e-03
1.300000000000000000e+01,2.774092899949887059e+00,8.883505314599545941e-03
1.300000000000000000e+01,2.776472186575843271e+00,9.050057569752481545e-03
1.300000000000000000e+01,2.778849329813015245e+00,9.297739450386036802e-03
1.300000000000000000e+01,2.781224308154069291e+00,9.686367379786238463e-03
1.300000000000000000e+01,2.783603349577585373e+00,1.004060929419457390e-02
1.300000000000000000e+01,2.785980204283322159e+00,1.045383684063260279e-02
1.300000000000000000e+01,2.788361121540816612e+00,1.094291062575421421e-02
1.300000000000000000e+01,2.790739830130332333e+00,1.130255749113730918e-02
1.300000000000000000e+01,2.793116308318245977e+00,1.148739808727997601e-02
1.300000000000000000e+01,2.795496837376052479e+00,1.188252680232424786e-02
1.300000000000000000e+01,2.797875113863212526e+00,9.112558963504194601e-03
1.300000000000000000e+01,2.800251115911298605e+00,9.568545489707288090e-03
1.300000000000000000e+01,2.802631156870153184e+00,5.146648347025197402e-04
1.300000000000000000e+01,2.805008901002245647e+00,3.382951438354516458e-04
1.300000000000000000e+01,2.807384326304926958e+00,3.181546759934802309e-04
1.300000000000000000e+01,2.809763778281390234e+00,2.861843308271529813e-04
1.300000000000000000e+01,2.812140888822362683e+00,5.970255545284248577e-04
1.300000000000000000e+01,2.814515635791587478e+00,5.570646941323633685e-04
1.300000000000000000e+01,2.816894396919202848e+00,4.974311484120621553e-03
1.300000000000000000e+01,2.819277182391831005e+00,4.762786346565908539e-03
1.300000000000000000e+01,2.821651159259273456e+00,4.945293824289264360e-03
1.300000000000000000e+01,2.824029137518142551e+00,4.888446884557938465e-03
1.300000000000000000e+01,2.826411127293623426e+00,4.781565039258566657e-03
1.300000000000000000e+01,2.828784230557050972e+00,4.763279385032370174e-03
1.300000000000000000e+01,2.831161322165572702e+00,4.749887999839651556e-03
1.300000000000000000e+01,2.833542412182134651e+00,4.743755096988561820e-03
1.300000000000000000e+01,2.835921024016914149e+00,4.800065527993124109e-03
1.300000000000000000e+01,2.838297135088118761e+00,4.851931233436386839e-03
1.300000000000000000e+01,2.840677231205615438e+00,4.991782687698480790e-03
1.300000000000000000e+01,2.843054803040627743e+00,5.119102687180235832e-03
1.300000000000000000e+01,2.845429827880051832e+00,3.074389334910484914e-05
1.300000000000000000e+01,2.847808824123101878e+00,4.313847273534687299e-05
1.300000000000000000e+01,2.850185249634491935e+00,8.159269875866184078e-05
1.300000000000000000e+01,2.852565644594050376e+00,9.081622366821069474e-05
1.300000000000000000e+01,2.854943444955898801e+00,1.876192790080804542e-04
1.300000000000000000e+01,2.857318627786822773e+00,1.090795518875441617e-03
1.300000000000000000e+01,2.859697765996172869e+00,1.299507979217806759e-03
1.300000000000000000e+01,2.862080869472485301e+00,6.547168568340139619e-03
1.300000000000000000e+01,2.864454712355927857e+00,6.642683371878637180e-03
1.300000000000000000e+01,2.866832496293459265e+00,7.081598184946129304e-03
1.300000000000000000e+01,2.869214231107640511e+00,7.303918349343732283e-03
1.300000000000000000e+01,2.871586624881306449e+00,7.516188166417105826e-03
1.300000000000000000e+01,2.873969606985570024e+00,7.741903174002246271e-03
1.300000000000000000e+01,2.876343201527446158e+00,7.909611478517814334e-03
1.300000000000000000e+01,2.878720719985517373e+00,8.172740196116507969e-03
1.300000000000000000e+01,2.881102172098087610e+00,8.246606082156509102e-03
1.300000000000000000e+01,2.883480861554354568e+00,1.510863543152615859e-03
1.300000000000000000e+01,2.885856764896066906e+00,6.986349719948540225e-03
1.300000000000000000e+01,2.888236586815389195e+00,1.901129154270852215e-04
1.300000000000000000e+01,2.890613597715197436e+00,1.850834389922831748e-04
1.300000000000000000e+01,2.892994524384758570e+00,2.083858173215523749e-04
1.300000000000000000e+01,2.895365853522527733e+00,9.360652741247950511e-05
1.300000000000000000e+01,2.897747845885614293e+00,2.860566535323761855e-05
1.300000000000000000e+01,2.900126977032283726e+00,2.390619936081767746e-05
1.300000000000000000e+01,2.902503223200517901e+00,5.239856985725582035e-05
1.300000000000000000e+01,2.904883366561006319e+00,6.568163688128582454e-05
1.300000000000000000e+01,2.907260599562923709e+00,4.361742920634525532e-05
1.300000000000000000e+01,2.909634898318774088e+00,1.947295324199998915e-05
1.300000000000000000e+01,2.912013078324352744e+00,1.306634813136298067e-05
1.300000000000000000e+01,2.914395149104420657e+00,2.418440906394216789e-05
1.300000000000000000e+01,2.916774258379155604e+00,3.372171370889547515e-05
1.300000000000000000e+01,2.919150382085439865e+00,3.205037376882356287e-05
1.300000000000000000e+01,2.921523496123781261e+00,2.326537730483594602e-05
1.300000000000000000e+01,2.923907367138645963e+00,8.192477831986903143e-06
1.300000000000000000e+01,2.926281318344463589e+00,1.268437842014640384e-05
1.300000000000000000e+01,2.928659127554641639e+00,2.787203424525113230e-05
1.300000000000000000e+01,2.931040804181527015e+00,3.143131096241371443e-05
1.300000000000000000e+01,2.933419417291878162e+00,2.289670253051978701e-05
1.300000000000000000e+01,2.935794942524495799e+00,1.274311432214959458e-05
1.300000000000000000e+01,2.938174318344370928e+00,1.195785269515044611e-05
1.300000000000000000e+01,2.940550579959972044e+00,1.817475233550400031e-05
1.300000000000000000e+01,2.942930688311046872e+00,2.713284523261286416e-05
1.300000000000000000e+01,2.945307656001242336e+00,2.829697311321755074e-05
1.300000000000000000e+01,2.947681458460930770e+00,2.088161712046467333e-05
1.300000000000000000e+01,2.950059090390392047e+00,1.600259417250905953e-05
1.300000000000000000e+01,2.952440561063782720e+00,2.011223323304473442e-05
1.300000000000000000e+01,2.954818837778843132e+00,3.898009671712912718e-05
1.300000000000000000e+01,2.957193895793339244e+00,3.012932324233407903e-05
1.300000000000000000e+01,2.959572774981745535e+00,3.011067029434289291e-05
1.300000000000000000e+01,2.961955484573179920e+00,7.662724355511194745e-05
1.300000000000000000e+01,2.964327858985216224e+00,1.351667250765454218e-04
1.300000000000000000e+01,2.966711135514628506e+00,7.111317880053127406e-05
1.300000000000000000e+01,2.969084027002956372e+00,1.842708457234278193e-03
1.300000000000000000e+01,2.971467838945096585e+00,3.187321331739154280e-03
1.300000000000000000e+01,2.973841215813263883e+00,3.305933440924363476e-03
1.300000000000000000e+01,2.976218387048926051e+00,3.281267103216226836e-03
1.300000000000000000e+01,2.978599361758565323e+00,3.316918706349863879e-03
1.300000000000000000e+01,2.980976981837772488e+00,3.351729367115880570e-03
1.300000000000000000e+01,2.983351222083469256e+00,3.253745229617827084e-03
1.300000000000000000e+01,2.985729247336589065e+00,8.354002361510603266e-04
1.300000000000000000e+01,2.988111066655426029e+00,8.242813084293582841e-05
1.300000000000000000e+01,2.990489476071835462e+00,5.732971680615016829e-05
1.300000000000000000e+01,2.992864450213154281e+00,1.650286110426585690e-05
1.300000000000000000e+01,2.995243199646329124e+00,3.369753670820617740e-05
1.300000000000000000e+01,2.997618485893688511e+00,2.596850197749339534e-05
1.300000000000000000e+01,2.999997542427555786e+00,1.213079850724543177e-05
1.400000000000000000e+01,2.220025362245094058e+00,1.584421807399439652e-04
1.400000000000000000e+01,2.222401044539729753e+00,2.804268363741698063e-04
1.400000000000000000e+01,2.224781816787405386e+00,1.368545983727998511e-04
1.400000000000000000e+01,2.227159693927706297e+00,4.110662900072000825e-04
1.400000000000000000e+01,2.229538650259491828e+00,2.694684598761923323e-04
1.400000000000000000e+01,2.231914658585150590e+00,3.891791254540505991e-04
1.400000000000000000e+01,2.234291710139395537e+00,4.719513525376253620e-04
1.400000000000000000e+01,2.236669795394403248e+00,4.077230840582502956e-04
1.400000000000000000e+01,2.239048904770509107e+00,7.622604437735689548e-04
1.400000000000000000e+01,2.241424976510854261e+00,3.971514576752888819e-04
1.400000000000000000e+01,2.243806096568353503e+00,1.118410865967445558e-03
1.400000000000000000e+01,2.246184142332022571e+00,2.501879500844652791e-04
1.400000000000000000e+01,2.248559078140137224e+00,8.475375229931743620e-04
1.400000000000000000e+01,2.250939041398960061e+00,7.782721181128967334e-04
1.400000000000000000e+01,2.253315857608640727e+00,5.409866297532582493e-04
1.400000000000000000e+01,2.255693594709365701e+00,1.147654173186894201e-03
1.400000000000000000e+01,2.258072242628007320e+00,2.818981119068570892e-04
1.400000000000000000e+01,2.260451791238908381e+00,1.182117490517987663e-03
1.400000000000000000e+01,2.262828100482377369e+00,1.026960021979204826e-04
1.400000000000000000e+01,2.265205272630280042e+00,6.867026098642417618e-04
1.400000000000000000e+01,2.267583297361956962e+00,2.003368538239433654e-03
1.400000000000000000e+01,2.269962164303962027e+00,5.996494970571398641e-04
1.400000000000000000e+01,2.272341863029972320e+00,4.202648769466500733e-03
1.400000000000000000e+01,2.274718209664019053e+00,1.387361622622635682e-01
1.400000000000000000e+01,2.277095349600728014e+00,6.791054904164407768e-02
1.400000000000000000e+01,2.279473272218509372e+00,1.997715641320739477e-01
1.400000000000000000e+01,2.281851966842678436e+00,2.354962110376040418e-01
1.400000000000000000e+01,2.284231422745374829e+00,2.722271274795936558e-01
1.400000000000000000e+01,2.286607412008805351e+00,3.103333136737961295e-01
1.400000000000000000e+01,2.288984123377203694e+00,3.430008632746690544e-01
1.400000000000000000e+01,2.291365780618124681e+00,3.765282585330877452e-01
1.400000000000000000e+01,2.293743912168016763e+00,4.037817861825933052e-01
1.400000000000000000e+01,2.296118480612924895e+00,4.273822665408672505e-01
1.400000000000000000e+01,2.298497970634805210e+00,4.447952727302947329e-01
1.400000000000000000e+01,2.300878127611091895e+00,4.579936059291095374e-01
1.400000000000000000e+01,2.303254661586480623e+00,4.656062596654787500e-01
1.400000000000000000e+01,2.305631822391659203e+00,4.682436719179853268e-01
1.400000000000000000e+01,2.308009598693951503e+00,4.696344746887499144e-01
1.400000000000000000e+01,2.310387979106963030e+00,4.695090301721192572e-01
1.400000000000000000e+01,2.312766952190511649e+00,4.747893452827950389e-01
1.400000000000000000e+01,2.315142183405042520e+00,4.888899946394739682e-01
1.400000000000000000e+01,2.317522298400336744e+00,5.057887351741987558e-01
1.400000000000000000e+01,2.319898630583908439e+00,5.315010026830440104e-01
1.400000000000000000e+01,2.322279841038421555e+00,5.560025196321892738e-01
1.400000000000000000e+01,2.324657227477955335e+00,5.645697433283203281e-01
1.400000000000000000e+01,2.327035118932285318e+00,5.938146247148331502e-01
1.400000000000000000e+01,2.329413503549994768e+00,5.769858372371331479e-01
1.400000000000000000e+01,2.331787983991368662e+00,4.876863266541887204e-02
1.400000000000000000e+01,2.334167310210840451e+00,3.641828206445154453e-02
1.400000000000000000e+01,2.336547093703715827e+00,1.952796232425388009e-02
1.400000000000000000e+01,2.338922910089027418e+00,4.078238808546627743e-03
1.400000000000000000e+01,2.341303562883347844e+00,1.597842086890139887e-02
1.400000000000000000e+01,2.343680206292833024e+00,7.407740000851099904e-03
1.400000000000000000e+01,2.346057240367172003e+00,2.787932357706387858e-03
1.400000000000000000e+01,2.348434652788937260e+00,8.615641928327161941e-03
1.400000000000000000e+01,2.350812431186368734e+00,1.021596911776758527e-03
1.400000000000000000e+01,2.353190563133336077e+00,3.035151558442359451e-03
1.400000000000000000e+01,2.355569036149298690e+00,5.514395586709066807e-03
1.400000000000000000e+01,2.357947837699267524e+00,1.119007179304994234e-03
1.400000000000000000e+01,2.360326955193766896e+00,5.991574112584373626e-03
1.400000000000000000e+01,2.362701873503119110e+00,6.997448880635389126e-04
1.400000000000000000e+01,2.365081575825791482e+00,1.587252858406493824e-03
1.400000000000000000e+01,2.367461555987104838e+00,4.292878621548776828e-03
1.400000000000000000e+01,2.369837271457410743e+00,6.709132778425036482e-04
1.400000000000000000e+01,2.372213220904162867e+00,4.477425218046171551e-03
1.400000000000000000e+01,2.374593939286923305e+00,3.454913148823009900e-03
1.400000000000000000e+01,2.376970326898085517e+00,1.258119278356464215e-03
1.400000000000000000e+01,2.379346909490778650e+00,4.756562284788620407e-03
1.400000000000000000e+01,2.381728249229686956e+00,6.824706082928987073e-04
1.400000000000000000e+01,2.384105191535353274e+00,3.192578336975954254e-03
1.400000000000000000e+01,2.386482289336266938e+00,1.266419136014378978e-02
1.400000000000000000e+01,2.388859529357821643e+00,2.470589273900139580e-03
1.400000000000000000e+01,2.391236898270765909e+00,1.236670305556294980e-01
1.400000000000000000e+01,2.393619003764643427e+00,1.253122849532561089e-01
1.400000000000000000e+01,2.395996599438805941e+00,1.544133151539900106e-01
1.400000000000000000e+01,2.398374283698073040e+00,1.627688494327626800e-01
1.400000000000000000e+01,2.400752042994434454e+00,1.844669759573352719e-01
1.400000000000000000e+01,2.403129863725176119e+00,2.165097188149163743e-01
1.400000000000000000e+01,2.405507732232872620e+00,2.380370384880502732e-01
1.400000000000000000e+01,2.407885634805378317e+00,2.807676003053999336e-01
1.400000000000000000e+01,2.410263557675826007e+00,3.142528651598517908e-01
1.400000000000000000e+01,2.412641487022620712e+00,3.420042617701824494e-01
1.400000000000000000e+01,2.415019408969439230e+00,3.892898863915814078e-01
1.400000000000000000e+01,2.417397309585231913e+00,4.219483522228590355e-01
1.400000000000000000e+01,2.419775174884221780e+00,4.466073431529931081e-01
1.400000000000000000e+01,2.422152990825908514e+00,4.855910878117974949e-01
1.400000000000000000e+01,2.424530743315073789e+00,4.943263851591471747e-01
1.400000000000000000e+01,2.426908418201789264e+00,5.118810020692687868e-01
1.400000000000000000e+01,2.429286001281421470e+00,5.284567924293198660e-01
1.400000000000000000e+01,2.431663478294642911e+00,5.148610907032469264e-01
1.400000000000000000e+01,2.434040834927446273e+00,5.077821576118011215e-01
1.400000000000000000e+01,2.436422844634672291e+00,5.034243344893687411e-01
1.400000000000000000e+01,2.438799926692925002e+00,4.688223377326968255e-01
1.400000000000000000e+01,2.441176845109251925e+00,4.454713961308803816e-01
1.400000000000000000e+01,2.443553585351005086e+00,4.343233732833297056e-01
1.400000000000000000e+01,2.445930132830938852e+00,3.578288065777359694e-01
1.400000000000000000e+01,2.448311307568818762e+00,5.161906890890052835e-02
1.400000000000000000e+01,2.450687434933867870e+00,4.297013648487553288e-03
1.400000000000000000e+01,2.453068178922694020e+00,1.312297342962066328e-02
1.400000000000000000e+01,2.455443827201868601e+00,1.108459392182399757e-02
1.400000000000000000e+01,2.457824081285056472e+00,3.347043025269355902e-04
1.400000000000000000e+01,2.460199191070725266e+00,4.330718323893562906e-03
1.400000000000000000e+01,2.462578895654787381e+00,3.863495070652261595e-03
1.400000000000000000e+01,2.464958307733604137e+00,1.566312482653328642e-04
1.400000000000000000e+01,2.467332502158201546e+00,2.470406077064622990e-03
1.400000000000000000e+01,2.469711274537423229e+00,2.048763788511004207e-03
1.400000000000000000e+01,2.472089709077717856e+00,1.449569941600186980e-04
1.400000000000000000e+01,2.474467790561501790e+00,1.530933235828614613e-03
1.400000000000000000e+01,2.476845503716746499e+00,1.586795200393301998e-03
1.400000000000000000e+01,2.479222833217026967e+00,1.432539345021771984e-04
1.400000000000000000e+01,2.481599763681567428e+00,1.165270091075845584e-03
1.400000000000000000e+01,2.483981256237295376e+00,1.518778156651305351e-03
1.400000000000000000e+01,2.486357351796226300e+00,2.042056926609846950e-04
1.400000000000000000e+01,2.488737997498906118e+00,8.030065813416678003e-05
1.400000000000000000e+01,2.491113196007286756e+00,1.364736853874509584e-03
1.400000000000000000e+01,2.493492932524325134e+00,3.307272131981359099e-04
1.400000000000000000e+01,2.495872195725481024e+00,5.388788494299297688e-05
1.400000000000000000e+01,2.498245935968249398e+00,1.169006718760457180e-03
1.400000000000000000e+01,2.500624195678618378e+00,5.084019911192608947e-04
1.400000000000000000e+01,2.503001934687554719e+00,8.265168843407014567e-05
1.400000000000000000e+01,2.505384199785404054e+00,8.916656916018976401e-04
1.400000000000000000e+01,2.507760859244102747e+00,1.264130985962344782e-03
1.400000000000000000e+01,2.510136950143142087e+00,1.783484981055104995e-04
1.400000000000000000e+01,2.512517547981021337e+00,7.466098725023858447e-04
1.400000000000000000e+01,2.514892463148078239e+00,1.179887097982725572e-03
1.400000000000000000e+01,2.517271872260600674e+00,2.591950949893614162e-04
1.400000000000000000e+01,2.519650667552726819e+00,5.484431448972184849e-04
1.400000000000000000e+01,2.522028832766149087e+00,9.523645180740641491e-04
1.400000000000000000e+01,2.524406351588751818e+00,3.467053778170009872e-04
1.400000000000000000e+01,2.526783207654688557e+00,3.887134135102995728e-04
1.400000000000000000e+01,2.529159384544463762e+00,9.289915098915341564e-04
1.400000000000000000e+01,2.531540034735527911e+00,4.465322374194038253e-04
1.400000000000000000e+01,2.533914813502587737e+00,1.135973635940984092e-04
1.400000000000000000e+01,2.536294051902468372e+00,6.079509595435638597e-04
1.400000000000000000e+01,2.538672564369699458e+00,9.712416981693349199e-04
1.400000000000000000e+01,2.541050334235800179e+00,5.671672503229912166e-04
1.400000000000000000e+01,2.543427344778853350e+00,1.208130514808038560e-04
1.400000000000000000e+01,2.545808806606810748e+00,7.998126795692051677e-04
1.400000000000000000e+01,2.548184257884455128e+00,1.519945801752642985e-03
1.400000000000000000e+01,2.550564146289386880e+00,7.315964227012862389e-04
1.400000000000000000e+01,2.552943227520946490e+00,2.243829637718886786e-04
1.400000000000000000e+01,2.555321484608414462e+00,9.968472016393058709e-04
1.400000000000000000e+01,2.557698900527907160e+00,2.473043067650092415e-03
1.400000000000000000e+01,2.560075458202479837e+00,1.328123814077007692e-03
1.400000000000000000e+01,2.562451140502226998e+00,7.444473279097252750e-04
1.400000000000000000e+01,2.564831236037994344e+00,4.673435471561998567e-02
1.400000000000000000e+01,2.567210441454971015e+00,4.902256378868844605e-02
1.400000000000000000e+01,2.569588739480965334e+00,5.135627774447703436e-02
1.400000000000000000e+01,2.571966112790943892e+00,5.431632294427051616e-02
1.400000000000000000e+01,2.574342544007147904e+00,5.818646389490167437e-02
1.400000000000000000e+01,2.576723370808659652e+00,5.965816858171444498e-02
1.400000000000000000e+01,2.579097875367938553e+00,6.064550918375124361e-02
1.400000000000000000e+01,2.581476760275176030e+00,6.447889650456271882e-02
1.400000000000000000e+01,2.583854652848235123e+00,7.008238604765559820e-02
1.400000000000000000e+01,2.586231535461967379e+00,7.473992046114470711e-02
1.400000000000000000e+01,2.588612795081014717e+00,7.946166922596299698e-02
1.400000000000000000e+01,2.590987614612529910e+00,8.756758583939025509e-02
1.400000000000000000e+01,2.593366795512073164e+00,9.745261905291602300e-02
1.400000000000000000e+01,2.595744915317689472e+00,1.032433413451033372e-01
1.400000000000000000e+01,2.598121956157397161e+00,1.061488520052218110e-01
1.400000000000000000e+01,2.600497900107185067e+00,1.063350316091975362e-01
1.400000000000000000e+01,2.602878193565458798e+00,1.047415844673276475e-01
1.400000000000000000e+01,2.605257374095403922e+00,1.000709866557805139e-01
1.400000000000000000e+01,2.607635423630717320e+00,9.041619218806619396e-02
1.400000000000000000e+01,2.610012324053281763e+00,7.899497232742654085e-02
1.400000000000000000e+01,2.612388057193310686e+00,7.197368330883679999e-02
1.400000000000000000e+01,2.614768119240192146e+00,6.571505137609340297e-02
1.400000000000000000e+01,2.617146997564059774e+00,6.039633943134651434e-02
1.400000000000000000e+01,2.619524673852972718e+00,3.166830650343838063e-03
1.400000000000000000e+01,2.621901129743555270e+00,1.619293509607113400e-03
1.400000000000000000e+01,2.624281901432961472e+00,1.073068573468953036e-03
1.400000000000000000e+01,2.626655871285938915e+00,6.763075782580535433e-04
1.400000000000000000e+01,2.629034140094493655e+00,1.130041744864323247e-03
1.400000000000000000e+01,2.631416719546495031e+00,2.722484054459387362e-03
1.400000000000000000e+01,2.633792431410708623e+00,2.243005918776492559e-03
1.400000000000000000e+01,2.636172436860944934e+00,3.273871947405809779e-02
1.400000000000000000e+01,2.638545517161249965e+00,3.760630186122757013e-02
1.400000000000000000e+01,2.640928499105384297e+00,4.280037946794144899e-02
1.400000000000000000e+01,2.643304518349861354e+00,5.028337458861814602e-02
1.400000000000000000e+01,2.645684816809926954e+00,6.067718956798621305e-02
1.400000000000000000e+01,2.648058094547728558e+00,7.304405232604203879e-02
1.400000000000000000e+01,2.650435633945297020e+00,8.737813012952834468e-02
1.400000000000000000e+01,2.652817446491849473e+00,1.015569294236564474e-01
1.400000000000000000e+01,2.655192171178932803e+00,1.165722366406340138e-01
1.400000000000000000e+01,2.657571151243650398e+00,1.309021756312058749e-01
1.400000000000000000e+01,2.659948691486012429e+00,1.462533671688419357e-01
1.400000000000000000e+01,2.662330489570499559e+00,1.592955106134886223e-01
1.400000000000000000e+01,2.664705102769717726e+00,1.704982689744848345e-01
1.400000000000000000e+01,2.667083955729373734e+00,1.772154672853036572e-01
1.400000000000000000e+01,2.669461312276356413e+00,1.817393265033908356e-01
1.400000000000000000e+01,2.671837153036051848e+00,1.838060474818933032e-01
1.400000000000000000e+01,2.674217226595466013e+00,1.825649709982875291e-01
1.400000000000000000e+01,2.676595765975274599e+00,1.838292712612517310e-01
1.400000000000000000e+01,2.678972751659991935e+00,1.792178571681796451e-01
1.400000000000000000e+01,2.681353962923400225e+00,1.713529411899343824e-01
1.400000000000000000e+01,2.683727792746523733e+00,1.557851702954287099e-01
1.400000000000000000e+01,2.686105829445210702e+00,9.834064047898648589e-03
1.400000000000000000e+01,2.688488084212449003e+00,1.259903548795914159e-02
1.400000000000000000e+01,2.690862888123974894e+00,3.484304508634755541e-03
1.400000000000000000e+01,2.693241891183510539e+00,1.072012421120758065e-03
1.400000000000000000e+01,2.695619243808531795e+00,6.643760568838986838e-04
1.400000000000000000e+01,2.697994926104692492e+00,2.912167556920569026e-04
1.400000000000000000e+01,2.700374799530429026e+00,3.637422259791168902e-04
1.400000000000000000e+01,2.702752983395575903e+00,3.918891277050197105e-04
1.400000000000000000e+01,2.705129457665879755e+00,3.037308038857792808e-04
1.400000000000000000e+01,2.707510114782492927e+00,2.521952202268344157e-04
1.400000000000000000e+01,2.709889042854494612e+00,2.681030599524136977e-04
1.400000000000000000e+01,2.712266221707900993e+00,1.654050056545344370e-04
1.400000000000000000e+01,2.714641631120770615e+00,1.433154480076719549e-04
1.400000000000000000e+01,2.717021204959639391e+00,9.547410681425121126e-05
1.400000000000000000e+01,2.719398989596979010e+00,6.462948681266008277e-05
1.400000000000000000e+01,2.721774964671693997e+00,4.707087353336460856e-05
1.400000000000000000e+01,2.724155095219163325e+00,3.767516598727323684e-05
1.400000000000000000e+01,2.726533396224594785e+00,3.840301715999348310e-05
1.400000000000000000e+01,2.728909847187990234e+00,4.973756183747812045e-05
1.400000000000000000e+01,2.731290444402350470e+00,5.322152052707618540e-05
1.400000000000000000e+01,2.733669171376605700e+00,6.903834792449638159e-05
1.400000000000000000e+01,2.736046007472129116e+00,5.946247209843711273e-05
1.400000000000000000e+01,2.738420932003415853e+00,5.238295724763008767e-05
1.400000000000000000e+01,2.740799983049091892e+00,4.947293974461922219e-05
1.400000000000000000e+01,2.743177102021586489e+00,3.690725214684660571e-05
1.400000000000000000e+01,2.745558347964158319e+00,2.694891577723061528e-05
1.400000000000000000e+01,2.747937641197727654e+00,3.561313003782456965e-05
1.400000000000000000e+01,2.750314960807459741e+00,4.157161172197235133e-05
1.400000000000000000e+01,2.752690285832279038e+00,6.000657565351407487e-05
1.400000000000000000e+01,2.755069717329380996e+00,7.114006528781402754e-05
1.400000000000000000e+01,2.757447133295085617e+00,8.253849029575108969e-05
1.400000000000000000e+01,2.759822512631141755e+00,1.043733984707149862e-04
1.400000000000000000e+01,2.762201987996263153e+00,1.092904854906601847e-04
1.400000000000000000e+01,2.764579405566437664e+00,1.230583634361067302e-04
1.400000000000000000e+01,2.766960919131962182e+00,1.366315678720210946e-04
1.400000000000000000e+01,2.769334167959193405e+00,1.526782607497566703e-04
1.400000000000000000e+01,2.771717687672561325e+00,1.717429703614941564e-04
1.400000000000000000e+01,2.774092899949887059e+00,1.830627617540203254e-04
1.400000000000000000e+01,2.776472186575843271e+00,1.752102768642165552e-04
1.400000000000000000e+01,2.778849329813015245e+00,1.920154956349859852e-04
1.400000000000000000e+01,2.781224308154069291e+00,1.898876120472973040e-04
1.400000000000000000e+01,2.783603349577585373e+00,2.130842661460235089e-04
1.400000000000000000e+01,2.785980204283322159e+00,2.539903808860141340e-04
1.400000000000000000e+01,2.788361121540816612e+00,2.456641289637382730e-04
1.400000000000000000e+01,2.790739830130332333e+00,3.247405898684688056e-04
1.400000000000000000e+01,2.793116308318245977e+00,5.749281168343897599e-04
1.400000000000000000e+01,2.795496837376052479e+00,5.457703797703747622e-04
1.400000000000000000e+01,2.797875113863212526e+00,3.616427126971937488e-03
1.400000000000000000e+01,2.800251115911298605e+00,3.365727379877377599e-03
1.400000000000000000e+01,2.802631156870153184e+00,1.249635831495160034e-02
1.400000000000000000e+01,2.805008901002245647e+00,1.267582553830966761e-02
1.400000000000000000e+01,2.807384326304926958e+00,1.254865473578355324e-02
1.400000000000000000e+01,2.809763778281390234e+00,1.242711832276225704e-02
1.400000000000000000e+01,2.812140888822362683e+00,1.216006310869845175e-02
1.400000000000000000e+01,2.814515635791587478e+00,1.178280006326588511e-02
1.400000000000000000e+01,2.816894396919202848e+00,1.138122008450982540e-02
1.400000000000000000e+01,2.819277182391831005e+00,1.090528288439693988e-02
1.400000000000000000e+01,2.821651159259273456e+00,1.038396438726358999e-02
1.400000000000000000e+01,2.824029137518142551e+00,9.886896969578288369e-03
1.400000000000000000e+01,2.826411127293623426e+00,9.392683329215955473e-03
1.400000000000000000e+01,2.828784230557050972e+00,8.898955854850813460e-03
1.400000000000000000e+01,2.831161322165572702e+00,8.491885979906183338e-03
1.400000000000000000e+01,2.833542412182134651e+00,8.062405235833890529e-03
1.400000000000000000e+01,2.835921024016914149e+00,7.503004626564937704e-03
1.400000000000000000e+01,2.838297135088118761e+00,7.234219454778683528e-03
1.400000000000000000e+01,2.840677231205615438e+00,2.995002893466449777e-03
1.400000000000000000e+01,2.843054803040627743e+00,2.875241325540744811e-04
1.400000000000000000e+01,2.845429827880051832e+00,5.468014455122117284e-03
1.400000000000000000e+01,2.847808824123101878e+00,5.474465037152461203e-03
1.400000000000000000e+01,2.850185249634491935e+00,5.550385514120228722e-03
1.400000000000000000e+01,2.852565644594050376e+00,5.699707598860854173e-03
1.400000000000000000e+01,2.854943444955898801e+00,5.828106013180406851e-03
1.400000000000000000e+01,2.857318627786822773e+00,5.950800012052910766e-03
1.400000000000000000e+01,2.859697765996172869e+00,6.091579643479694620e-03
1.400000000000000000e+01,2.862080869472485301e+00,6.215636119195169437e-03
1.400000000000000000e+01,2.864454712355927857e+00,6.300401722889079070e-03
1.400000000000000000e+01,2.866832496293459265e+00,6.353517357184737882e-03
1.400000000000000000e+01,2.869214231107640511e+00,6.443526863402119532e-03
1.400000000000000000e+01,2.871586624881306449e+00,6.461466806066001184e-03
1.400000000000000000e+01,2.873969606985570024e+00,6.492674864315597753e-03
1.400000000000000000e+01,2.876343201527446158e+00,6.603315836759931536e-03
1.400000000000000000e+01,2.878720719985517373e+00,6.522266802648765682e-03
1.400000000000000000e+01,2.881102172098087610e+00,6.360642458125561477e-03
1.400000000000000000e+01,2.883480861554354568e+00,1.336660578650556916e-02
1.400000000000000000e+01,2.885856764896066906e+00,2.008177304157040578e-03
1.400000000000000000e+01,2.888236586815389195e+00,8.962617422626478064e-03
1.400000000000000000e+01,2.890613597715197436e+00,9.154583218334800751e-03
1.400000000000000000e+01,2.892994524384758570e+00,9.318041049389498565e-03
1.400000000000000000e+01,2.895365853522527733e+00,9.404298584741647635e-03
1.400000000000000000e+01,2.897747845885614293e+00,9.425025443383156648e-03
1.400000000000000000e+01,2.900126977032283726e+00,9.207447344556134172e-03
1.400000000000000000e+01,2.902503223200517901e+00,9.048101363575993331e-03
1.400000000000000000e+01,2.904883366561006319e+00,8.856316277198891806e-03
1.400000000000000000e+01,2.907260599562923709e+00,8.829684475320082743e-03
1.400000000000000000e+01,2.909634898318774088e+00,8.733664151448865959e-03
1.400000000000000000e+01,2.912013078324352744e+00,8.502760769517600514e-03
1.400000000000000000e+01,2.914395149104420657e+00,8.305224525900555682e-03
1.400000000000000000e+01,2.916774258379155604e+00,7.955241565188685832e-03
1.400000000000000000e+01,2.919150382085439865e+00,7.763808411149806556e-03
1.400000000000000000e+01,2.921523496123781261e+00,2.183952160097607335e-03
1.400000000000000000e+01,2.923907367138645963e+00,1.283244132161967467e-04
1.400000000000000000e+01,2.926281318344463589e+00,6.785957378766549497e-05
1.400000000000000000e+01,2.928659127554641639e+00,1.434238058364152818e-04
1.400000000000000000e+01,2.931040804181527015e+00,1.535534828319442516e-04
1.400000000000000000e+01,2.933419417291878162e+00,9.974511753738371717e-05
1.400000000000000000e+01,2.935794942524495799e+00,4.463692598955438693e-05
1.400000000000000000e+01,2.938174318344370928e+00,2.452213578839737199e-05
1.400000000000000000e+01,2.940550579959972044e+00,4.412839686019539025e-05
1.400000000000000000e+01,2.942930688311046872e+00,6.883412806625166666e-05
1.400000000000000000e+01,2.945307656001242336e+00,6.479408168963475567e-05
1.400000000000000000e+01,2.947681458460930770e+00,4.292066105772062367e-05
1.400000000000000000e+01,2.950059090390392047e+00,1.912810748456701690e-05
1.400000000000000000e+01,2.952440561063782720e+00,2.892706089261431446e-05
1.400000000000000000e+01,2.954818837778843132e+00,6.130645044456122048e-05
1.400000000000000000e+01,2.957193895793339244e+00,2.464445156522909410e-05
1.400000000000000000e+01,2.959572774981745535e+00,3.276901255984633534e-05
1.400000000000000000e+01,2.961955484573179920e+00,5.457085325885358142e-05
1.400000000000000000e+01,2.964327858985216224e+00,2.700716584905819842e-05
1.400000000000000000e+01,2.966711135514628506e+00,3.820369195854987990e-05
1.400000000000000000e+01,2.969084027002956372e+00,5.089095871799659477e-05
1.400000000000000000e+01,2.971467838945096585e+00,2.982483270749292960e-05
1.400000000000000000e+01,2.973841215813263883e+00,4.731305847435132993e-05
1.400000000000000000e+01,2.976218387048926051e+00,7.850753181291216117e-05
1.400000000000000000e+01,2.978599361758565323e+00,7.825189503530234950e-05
1.400000000000000000e+01,2.980976981837772488e+00,1.154856482994823176e-04
1.400000000000000000e+01,2.983351222083469256e+00,2.308906470081333289e-04
1.400000000000000000e+01,2.985729247336589065e+00,2.708782790895666523e-03
1.400000000000000000e+01,2.988111066655426029e+00,3.528055873518498413e-03
1.400000000000000000e+01,2.990489476071835462e+00,3.573014058621334140e-03
1.400000000000000000e+01,2.992864450213154281e+00,3.684950155948626179e-03
1.400000000000000000e+01,2.995243199646329124e+00,3.731004893944129229e-03
1.400000000000000000e+01,2.997618485893688511e+00,3.764991110461565760e-03
1.400000000000000000e+01,2.999997542427555786e+00,3.867675308389626008e-03
1.500000000000000000e+01,2.224781816787405386e+00,7.548703774821559030e-06
1.500000000000000000e+01,2.227159693927706297e+00,9.904933917282501504e-06
1.500000000000000000e+01,2.229538650259491828e+00,1.106219250489992980e-05
1.500000000000000000e+01,2.231914658585150590e+00,3.279092759186128892e-05
1.500000000000000000e+01,2.234291710139395537e+00,3.147054903882484309e-05
1.500000000000000000e+01,2.236669795394403248e+00,6.196401977058061772e-05
1.500000000000000000e+01,2.239048904770509107e+00,7.654828950159179332e-05
1.500000000000000000e+01,2.241424976510854261e+00,1.173867442841214804e-04
1.500000000000000000e+01,2.243806096568353503e+00,1.406082483690728325e-04
1.500000000000000000e+01,2.246184142332022571e+00,1.080738674729414138e-04
1.500000000000000000e+01,2.248559078140137224e+00,2.011655210760996705e-04
1.500000000000000000e+01,2.250939041398960061e+00,8.247165027833174174e-05
1.500000000000000000e+01,2.253315857608640727e+00,1.310636043234962491e-04
1.500000000000000000e+01,2.255693594709365701e+00,9.465575878166127650e-05
1.500000000000000000e+01,2.258072242628007320e+00,7.405079418074483302e-05
1.500000000000000000e+01,2.260451791238908381e+00,8.238343295974528599e-05
1.500000000000000000e+01,2.262828100482377369e+00,3.578823141840582457e-05
1.500000000000000000e+01,2.265205272630280042e+00,5.489108080757456687e-05
1.500000000000000000e+01,2.267583297361956962e+00,3.119425096661409451e-05
1.500000000000000000e+01,2.269962164303962027e+00,3.426560089635079622e-05
1.500000000000000000e+01,2.272341863029972320e+00,3.407618799841982747e-05
1.500000000000000000e+01,2.274718209664019053e+00,2.951517772785581679e-05
1.500000000000000000e+01,2.277095349600728014e+00,8.750217044427641274e-05
1.500000000000000000e+01,2.279473272218509372e+00,3.506939395860511730e-05
1.500000000000000000e+01,2.281851966842678436e+00,1.327593943297001396e-04
1.500000000000000000e+01,2.284231422745374829e+00,1.940556303877572105e-04
1.500000000000000000e+01,2.286607412008805351e+00,1.660957347686507909e-04
1.500000000000000000e+01,2.288984123377203694e+00,3.660694310094503605e-04
1.500000000000000000e+01,2.291365780618124681e+00,1.631743399699122005e-04
1.500000000000000000e+01,2.293743912168016763e+00,6.314462228332320352e-04
1.500000000000000000e+01,2.296118480612924895e+00,5.062219977263476703e-04
1.500000000000000000e+01,2.298497970634805210e+00,4.673911509675048254e-04
1.500000000000000000e+01,2.300878127611091895e+00,9.502936339672401990e-04
1.500000000000000000e+01,2.303254661586480623e+00,3.902312376952523135e-04
1.500000000000000000e+01,2.305631822391659203e+00,1.371946552111761881e-03
1.500000000000000000e+01,2.308009598693951503e+00,1.139969964223904505e-03
1.500000000000000000e+01,2.310387979106963030e+00,9.950792364259880042e-04
1.500000000000000000e+01,2.312766952190511649e+00,2.074363337659750929e-03
1.500000000000000000e+01,2.315142183405042520e+00,6.675725818403936392e-04
1.500000000000000000e+01,2.317522298400336744e+00,4.209478029675589247e-03
1.500000000000000000e+01,2.319898630583908439e+00,3.176702076923991914e-03
1.500000000000000000e+01,2.322279841038421555e+00,2.454491957653229771e-03
1.500000000000000000e+01,2.324657227477955335e+00,1.284641045585935976e-02
1.500000000000000000e+01,2.327035118932285318e+00,1.714208732927142423e-03
1.500000000000000000e+01,2.329413503549994768e+00,2.480343207466516667e-02
1.500000000000000000e+01,2.331787983991368662e+00,5.552856445249843009e-01
1.500000000000000000e+01,2.334167310210840451e+00,5.645548156471682510e-01
1.500000000000000000e+01,2.336547093703715827e+00,5.701360486370372627e-01
1.500000000000000000e+01,2.338922910089027418e+00,5.805291244293815378e-01
1.500000000000000000e+01,2.341303562883347844e+00,5.613885856221789705e-01
1.500000000000000000e+01,2.343680206292833024e+00,5.730660777071194811e-01
1.500000000000000000e+01,2.346057240367172003e+00,5.913584088436928399e-01
1.500000000000000000e+01,2.348434652788937260e+00,6.035422350632180244e-01
1.500000000000000000e+01,2.350812431186368734e+00,6.391387376502940532e-01
1.500000000000000000e+01,2.353190563133336077e+00,6.627913274014779477e-01
1.500000000000000000e+01,2.355569036149298690e+00,6.811620615200767448e-01
1.500000000000000000e+01,2.357947837699267524e+00,7.012665630095950009e-01
1.500000000000000000e+01,2.360326955193766896e+00,7.022648429946229953e-01
1.500000000000000000e+01,2.362701873503119110e+00,7.095551314077025440e-01
1.500000000000000000e+01,2.365081575825791482e+00,7.052092279945070263e-01
1.500000000000000000e+01,2.367461555987104838e+00,6.942337095898519772e-01
1.500000000000000000e+01,2.369837271457410743e+00,6.833980650192837958e-01
1.500000000000000000e+01,2.372213220904162867e+00,6.612603565390624549e-01
1.500000000000000000e+01,2.374593939286923305e+00,6.400038209477241224e-01
1.500000000000000000e+01,2.376970326898085517e+00,6.163910354757647925e-01
1.500000000000000000e+01,2.379346909490778650e+00,5.905182154855916909e-01
1.500000000000000000e+01,2.381728249229686956e+00,5.671250986881557488e-01
1.500000000000000000e+01,2.384105191535353274e+00,5.427714843320139426e-01
1.500000000000000000e+01,2.386482289336266938e+00,5.178468964215965364e-01
1.500000000000000000e+01,2.388859529357821643e+00,4.936855228463334910e-01
1.500000000000000000e+01,2.391236898270765909e+00,4.649613209696273897e-01
1.500000000000000000e+01,2.393619003764643427e+00,4.372179234584108176e-01
1.500000000000000000e+01,2.395996599438805941e+00,4.089150574978997477e-01
1.500000000000000000e+01,2.398374283698073040e+00,3.796608019264661182e-01
1.500000000000000000e+01,2.400752042994434454e+00,3.527013277754013632e-01
1.500000000000000000e+01,2.403129863725176119e+00,3.256997000935836217e-01
1.500000000000000000e+01,2.405507732232872620e+00,2.987880070948310540e-01
1.500000000000000000e+01,2.407885634805378317e+00,2.724490173608201671e-01
1.500000000000000000e+01,2.410263557675826007e+00,2.470080826238116034e-01
1.500000000000000000e+01,2.412641487022620712e+00,2.229887007901826534e-01
1.500000000000000000e+01,2.415019408969439230e+00,1.986504666881550862e-01
1.500000000000000000e+01,2.417397309585231913e+00,1.785889543488148046e-01
1.500000000000000000e+01,2.419775174884221780e+00,1.621339852157190342e-01
1.500000000000000000e+01,2.422152990825908514e+00,1.480258428706775209e-01
1.500000000000000000e+01,2.424530743315073789e+00,1.445342129249790331e-01
1.500000000000000000e+01,2.426908418201789264e+00,1.432647842707116259e-01
1.500000000000000000e+01,2.429286001281421470e+00,1.481663135812912591e-01
1.500000000000000000e+01,2.431663478294642911e+00,1.656234689106104163e-01
1.500000000000000000e+01,2.434040834927446273e+00,1.853861205708153825e-01
1.500000000000000000e+01,2.436422844634672291e+00,2.065611679942286061e-01
1.500000000000000000e+01,2.438799926692925002e+00,2.422316309525142097e-01
1.500000000000000000e+01,2.441176845109251925e+00,2.734189395738819139e-01
1.500000000000000000e+01,2.443553585351005086e+00,2.945397296736287363e-01
1.500000000000000000e+01,2.445930132830938852e+00,3.617638811795014786e-01
1.500000000000000000e+01,2.448311307568818762e+00,6.529749357535434839e-01
1.500000000000000000e+01,2.450687434933867870e+00,3.624884707416179408e-01
1.500000000000000000e+01,2.453068178922694020e+00,5.378167967620574030e-01
1.500000000000000000e+01,2.455443827201868601e+00,2.962012254392260568e-01
1.500000000000000000e+01,2.457824081285056472e+00,2.769699897316426629e-01
1.500000000000000000e+01,2.460199191070725266e+00,2.499676479840688414e-01
1.500000000000000000e+01,2.462578895654787381e+00,2.255673394839020351e-01
1.500000000000000000e+01,2.464958307733604137e+00,2.091845344345470425e-01
1.500000000000000000e+01,2.467332502158201546e+00,1.882941691443726639e-01
1.500000000000000000e+01,2.469711274537423229e+00,1.752015503024695608e-01
1.500000000000000000e+01,2.472089709077717856e+00,1.708062043002671615e-01
1.500000000000000000e+01,2.474467790561501790e+00,1.666921887017215054e-01
1.500000000000000000e+01,2.476845503716746499e+00,1.704194999682801526e-01
1.500000000000000000e+01,2.479222833217026967e+00,1.811768911561037199e-01
1.500000000000000000e+01,2.481599763681567428e+00,1.866535262042580967e-01
1.500000000000000000e+01,2.483981256237295376e+00,1.964070390475248229e-01
1.500000000000000000e+01,2.486357351796226300e+00,2.095396509800910301e-01
1.500000000000000000e+01,2.488737997498906118e+00,2.149743553104996874e-01
1.500000000000000000e+01,2.491113196007286756e+00,2.132649393348003408e-01
1.500000000000000000e+01,2.493492932524325134e+00,2.166989569388764192e-01
1.500000000000000000e+01,2.495872195725481024e+00,2.107141616290823249e-01
1.500000000000000000e+01,2.498245935968249398e+00,1.977850260275124950e-01
1.500000000000000000e+01,2.500624195678618378e+00,1.895922519295341335e-01
1.500000000000000000e+01,2.503001934687554719e+00,1.750384698034757602e-01
1.500000000000000000e+01,2.505384199785404054e+00,1.582588933385657981e-01
1.500000000000000000e+01,2.507760859244102747e+00,1.459404653315234668e-01
1.500000000000000000e+01,2.510136950143142087e+00,1.381255597359572207e-01
1.500000000000000000e+01,2.512517547981021337e+00,1.292478726865561034e-01
1.500000000000000000e+01,2.514892463148078239e+00,1.274204665643067225e-01
1.500000000000000000e+01,2.517271872260600674e+00,1.308084946015152239e-01
1.500000000000000000e+01,2.519650667552726819e+00,1.321563536087065338e-01
1.500000000000000000e+01,2.522028832766149087e+00,1.384391773232428735e-01
1.500000000000000000e+01,2.524406351588751818e+00,1.476362008402738457e-01
1.500000000000000000e+01,2.526783207654688557e+00,1.486273606177369033e-01
1.500000000000000000e+01,2.529159384544463762e+00,1.520277666461333776e-01
1.500000000000000000e+01,2.531540034735527911e+00,1.580745643716351956e-01
1.500000000000000000e+01,2.533914813502587737e+00,1.590420385505707523e-01
1.500000000000000000e+01,2.536294051902468372e+00,1.569607282550560257e-01
1.500000000000000000e+01,2.538672564369699458e+00,1.617722844177334751e-01
1.500000000000000000e+01,2.541050334235800179e+00,1.749761483295016462e-01
1.500000000000000000e+01,2.543427344778853350e+00,1.792603704303680490e-01
1.500000000000000000e+01,2.545808806606810748e+00,2.805291729394584002e-02
1.500000000000000000e+01,2.548184257884455128e+00,8.724526564836271314e-03
1.500000000000000000e+01,2.550564146289386880e+00,3.495252237139382691e-04
1.500000000000000000e+01,2.552943227520946490e+00,8.967102038480097596e-04
1.500000000000000000e+01,2.555321484608414462e+00,5.321930925038414681e-03
1.500000000000000000e+01,2.557698900527907160e+00,4.108362067561078211e-03
1.500000000000000000e+01,2.560075458202479837e+00,2.526037348435927754e-04
1.500000000000000000e+01,2.562451140502226998e+00,3.903395861759296993e-04
1.500000000000000000e+01,2.564831236037994344e+00,3.662443398981711420e-03
1.500000000000000000e+01,2.567210441454971015e+00,3.353257630415132969e-03
1.500000000000000000e+01,2.569588739480965334e+00,2.534952961584748172e-04
1.500000000000000000e+01,2.571966112790943892e+00,2.361116290263486983e-04
1.500000000000000000e+01,2.574342544007147904e+00,2.965260194883492101e-03
1.500000000000000000e+01,2.576723370808659652e+00,2.770144369886741887e-03
1.500000000000000000e+01,2.579097875367938553e+00,3.287765973820379588e-04
1.500000000000000000e+01,2.581476760275176030e+00,1.358277850327971629e-04
1.500000000000000000e+01,2.583854652848235123e+00,2.147424836647488042e-03
1.500000000000000000e+01,2.586231535461967379e+00,2.329006592013123204e-03
1.500000000000000000e+01,2.588612795081014717e+00,7.105424025345642627e-04
1.500000000000000000e+01,2.590987614612529910e+00,2.653373648821176684e-04
1.500000000000000000e+01,2.593366795512073164e+00,1.150404515261795957e-03
1.500000000000000000e+01,2.595744915317689472e+00,1.841597209842755741e-03
1.500000000000000000e+01,2.598121956157397161e+00,2.572276968960492214e-03
1.500000000000000000e+01,2.600497900107185067e+00,9.757283287697192734e-04
1.500000000000000000e+01,2.602878193565458798e+00,3.447311324076645072e-04
1.500000000000000000e+01,2.605257374095403922e+00,1.136571079155942717e-03
1.500000000000000000e+01,2.607635423630717320e+00,2.473992496423966982e-03
1.500000000000000000e+01,2.610012324053281763e+00,3.072246180966257002e-03
1.500000000000000000e+01,2.612388057193310686e+00,1.440249873714802113e-03
1.500000000000000000e+01,2.614768119240192146e+00,7.409855880164208141e-04
1.500000000000000000e+01,2.617146997564059774e+00,2.248874161796293476e-03
1.500000000000000000e+01,2.619524673852972718e+00,5.632204266492470135e-02
1.500000000000000000e+01,2.621901129743555270e+00,5.550357427791006298e-02
1.500000000000000000e+01,2.624281901432961472e+00,5.727848944341234344e-02
1.500000000000000000e+01,2.626655871285938915e+00,6.263529677575595256e-02
1.500000000000000000e+01,2.629034140094493655e+00,6.648851708007583183e-02
1.500000000000000000e+01,2.631416719546495031e+00,6.998996948468741430e-02
1.500000000000000000e+01,2.633792431410708623e+00,7.111565529888604076e-02
1.500000000000000000e+01,2.636172436860944934e+00,7.291387581797156847e-02
1.500000000000000000e+01,2.638545517161249965e+00,7.441696659074167886e-02
1.500000000000000000e+01,2.640928499105384297e+00,7.249551460395857461e-02
1.500000000000000000e+01,2.643304518349861354e+00,6.943495612170766385e-02
1.500000000000000000e+01,2.645684816809926954e+00,6.463661168785014843e-02
1.500000000000000000e+01,2.648058094547728558e+00,6.174314350868879281e-02
1.500000000000000000e+01,2.650435633945297020e+00,5.919008585559006747e-02
1.500000000000000000e+01,2.652817446491849473e+00,5.803249763410226608e-02
1.500000000000000000e+01,2.655192171178932803e+00,5.553365540751778462e-02
1.500000000000000000e+01,2.657571151243650398e+00,5.317323251757444941e-02
1.500000000000000000e+01,2.659948691486012429e+00,4.970338086795426935e-02
1.500000000000000000e+01,2.662330489570499559e+00,4.809990232755883416e-02
1.500000000000000000e+01,2.664705102769717726e+00,4.700139950915577930e-02
1.500000000000000000e+01,2.667083955729373734e+00,4.810913732623876143e-02
1.500000000000000000e+01,2.669461312276356413e+00,4.915934356360650986e-02
1.500000000000000000e+01,2.671837153036051848e+00,5.040840486735281845e-02
1.500000000000000000e+01,2.674217226595466013e+00,5.352848740260237465e-02
1.500000000000000000e+01,2.676595765975274599e+00,5.420972731097045694e-02
1.500000000000000000e+01,2.678972751659991935e+00,5.823560891742848855e-02
1.500000000000000000e+01,2.681353962923400225e+00,6.599289836826845168e-02
1.500000000000000000e+01,2.683727792746523733e+00,1.305321398593774565e-02
1.500000000000000000e+01,2.686105829445210702e+00,1.468772358065277284e-01
1.500000000000000000e+01,2.688488084212449003e+00,1.328748554047854136e-01
1.500000000000000000e+01,2.690862888123974894e+00,1.317323379356714896e-01
1.500000000000000000e+01,2.693241891183510539e+00,1.221382333515252105e-01
1.500000000000000000e+01,2.695619243808531795e+00,1.109318750911168217e-01
1.500000000000000000e+01,2.697994926104692492e+00,1.002792822013762880e-01
1.500000000000000000e+01,2.700374799530429026e+00,8.926833939593215028e-02
1.500000000000000000e+01,2.702752983395575903e+00,7.995970995088046152e-02
1.500000000000000000e+01,2.705129457665879755e+00,7.184428837250378397e-02
1.500000000000000000e+01,2.707510114782492927e+00,6.484024681472709550e-02
1.500000000000000000e+01,2.709889042854494612e+00,5.865379832240161934e-02
1.500000000000000000e+01,2.712266221707900993e+00,5.396964467998077025e-02
1.500000000000000000e+01,2.714641631120770615e+00,4.955826650011106727e-02
1.500000000000000000e+01,2.717021204959639391e+00,4.573399105828705041e-02
1.500000000000000000e+01,2.719398989596979010e+00,4.255814886602595631e-02
1.500000000000000000e+01,2.721774964671693997e+00,3.999064998584167530e-02
1.500000000000000000e+01,2.724155095219163325e+00,3.742937296046145584e-02
1.500000000000000000e+01,2.726533396224594785e+00,3.580541135509008460e-02
1.500000000000000000e+01,2.728909847187990234e+00,3.455189592944180738e-02
1.500000000000000000e+01,2.731290444402350470e+00,3.345196934205627026e-02
1.500000000000000000e+01,2.733669171376605700e+00,3.319464105694534817e-02
1.500000000000000000e+01,2.736046007472129116e+00,3.227162237857119503e-02
1.500000000000000000e+01,2.738420932003415853e+00,2.896909856706516087e-03
1.500000000000000000e+01,2.740799983049091892e+00,2.618008537919431448e-03
1.500000000000000000e+01,2.743177102021586489e+00,4.523277018396771221e-04
1.500000000000000000e+01,2.745558347964158319e+00,2.209954609409345988e-04
1.500000000000000000e+01,2.747937641197727654e+00,3.478573647720984048e-04
1.500000000000000000e+01,2.750314960807459741e+00,3.030808994412558010e-04
1.500000000000000000e+01,2.752690285832279038e+00,2.943258865510130608e-04
1.500000000000000000e+01,2.755069717329380996e+00,2.987612204335780017e-04
1.500000000000000000e+01,2.757447133295085617e+00,3.577488646426270455e-04
1.500000000000000000e+01,2.759822512631141755e+00,3.431669422612683060e-04
1.500000000000000000e+01,2.762201987996263153e+00,3.290300325432912081e-04
1.500000000000000000e+01,2.764579405566437664e+00,3.915249512912220386e-04
1.500000000000000000e+01,2.766960919131962182e+00,3.652831344593431202e-04
1.500000000000000000e+01,2.769334167959193405e+00,3.417073903575130914e-04
1.500000000000000000e+01,2.771717687672561325e+00,3.272689484540974576e-04
1.500000000000000000e+01,2.774092899949887059e+00,3.504133196521906700e-04
1.500000000000000000e+01,2.776472186575843271e+00,2.777515534197113342e-04
1.500000000000000000e+01,2.778849329813015245e+00,2.409700042637670384e-04
1.500000000000000000e+01,2.781224308154069291e+00,2.095965279920044102e-04
1.500000000000000000e+01,2.783603349577585373e+00,2.156464337293066767e-04
1.500000000000000000e+01,2.785980204283322159e+00,1.949445954961113883e-04
1.500000000000000000e+01,2.788361121540816612e+00,1.652179288712991867e-04
1.500000000000000000e+01,2.790739830130332333e+00,1.445414422475654838e-04
1.500000000000000000e+01,2.793116308318245977e+00,1.447418168380101161e-04
1.500000000000000000e+01,2.795496837376052479e+00,1.210386703667579156e-04
1.500000000000000000e+01,2.797875113863212526e+00,1.099008874936834848e-04
1.500000000000000000e+01,2.800251115911298605e+00,1.090232518464790177e-04
1.500000000000000000e+01,2.802631156870153184e+00,9.051464396684243726e-05
1.500000000000000000e+01,2.805008901002245647e+00,8.204841300065248734e-05
1.500000000000000000e+01,2.807384326304926958e+00,7.401253061771097947e-05
1.500000000000000000e+01,2.809763778281390234e+00,6.590904438881953317e-05
1.500000000000000000e+01,2.812140888822362683e+00,6.017323629788536710e-05
1.500000000000000000e+01,2.814515635791587478e+00,5.543911195063173702e-05
1.500000000000000000e+01,2.816894396919202848e+00,4.830379002665712555e-05
1.500000000000000000e+01,2.819277182391831005e+00,5.244697629482415806e-05
1.500000000000000000e+01,2.821651159259273456e+00,6.216120249584213269e-05
1.500000000000000000e+01,2.824029137518142551e+00,6.413106082218024558e-05
1.500000000000000000e+01,2.826411127293623426e+00,8.703401940483958602e-05
1.500000000000000000e+01,2.828784230557050972e+00,1.198674748590681735e-04
1.500000000000000000e+01,2.831161322165572702e+00,1.241569210966639975e-04
1.500000000000000000e+01,2.833542412182134651e+00,1.987554786057623389e-04
1.500000000000000000e+01,2.835921024016914149e+00,4.390040348242202220e-04
1.500000000000000000e+01,2.838297135088118761e+00,4.607052929362724083e-04
1.500000000000000000e+01,2.840677231205615438e+00,4.458236319904300936e-03
1.500000000000000000e+01,2.843054803040627743e+00,7.023530508626250543e-03
1.500000000000000000e+01,2.845429827880051832e+00,6.995843413075841614e-03
1.500000000000000000e+01,2.847808824123101878e+00,7.119327767164430887e-03
1.500000000000000000e+01,2.850185249634491935e+00,7.236815843365102321e-03
1.500000000000000000e+01,2.852565644594050376e+00,7.364711358893920139e-03
1.500000000000000000e+01,2.854943444955898801e+00,7.582844570650140899e-03
1.500000000000000000e+01,2.857318627786822773e+00,7.840640014959427209e-03
1.500000000000000000e+01,2.859697765996172869e+00,8.148807191134461655e-03
1.500000000000000000e+01,2.862080869472485301e+00,8.512974693636116835e-03
1.500000000000000000e+01,2.864454712355927857e+00,8.937702201955721737e-03
1.500000000000000000e+01,2.866832496293459265e+00,9.360211367430920984e-03
1.500000000000000000e+01,2.869214231107640511e+00,9.776627020169306737e-03
1.500000000000000000e+01,2.871586624881306449e+00,1.015195532095141198e-02
1.500000000000000000e+01,2.873969606985570024e+00,1.061242766412491198e-02
1.500000000000000000e+01,2.876343201527446158e+00,8.979507587101316635e-03
1.500000000000000000e+01,2.878720719985517373e+00,5.781310591640995752e-04
1.500000000000000000e+01,2.881102172098087610e+00,1.213013642687153911e-03
1.500000000000000000e+01,2.883480861554354568e+00,7.310312931325122290e-04
1.500000000000000000e+01,2.885856764896066906e+00,6.570817492048886509e-03
1.500000000000000000e+01,2.888236586815389195e+00,6.424383817961732725e-03
1.500000000000000000e+01,2.890613597715197436e+00,6.221056919569775343e-03
1.500000000000000000e+01,2.892994524384758570e+00,6.151927960454939281e-03
1.500000000000000000e+01,2.895365853522527733e+00,6.165556503710100528e-03
1.500000000000000000e+01,2.897747845885614293e+00,6.161767604775576258e-03
1.500000000000000000e+01,2.900126977032283726e+00,6.148001992846013897e-03
1.500000000000000000e+01,2.902503223200517901e+00,6.098124770008324369e-03
1.500000000000000000e+01,2.904883366561006319e+00,6.056171674451204037e-03
1.500000000000000000e+01,2.907260599562923709e+00,5.990445160003849204e-03
1.500000000000000000e+01,2.909634898318774088e+00,5.921289889323357730e-03
1.500000000000000000e+01,2.912013078324352744e+00,6.033759249223607547e-03
1.500000000000000000e+01,2.914395149104420657e+00,1.274235506489679814e-04
1.500000000000000000e+01,2.916774258379155604e+00,6.717325031089352349e-04
1.500000000000000000e+01,2.919150382085439865e+00,6.890178440020601827e-04
1.500000000000000000e+01,2.921523496123781261e+00,6.035931585906205085e-03
1.500000000000000000e+01,2.923907367138645963e+00,7.955324495794127704e-03
1.500000000000000000e+01,2.926281318344463589e+00,7.821531439234212860e-03
1.500000000000000000e+01,2.928659127554641639e+00,7.722987015779280394e-03
1.500000000000000000e+01,2.931040804181527015e+00,7.687308125275878548e-03
1.500000000000000000e+01,2.933419417291878162e+00,7.837316493222385230e-03
1.500000000000000000e+01,2.935794942524495799e+00,7.921953577242745598e-03
1.500000000000000000e+01,2.938174318344370928e+00,7.936936903139778579e-03
1.500000000000000000e+01,2.940550579959972044e+00,8.000053137162432479e-03
1.500000000000000000e+01,2.942930688311046872e+00,7.993453442240953249e-03
1.500000000000000000e+01,2.945307656001242336e+00,7.887746128234751977e-03
1.500000000000000000e+01,2.947681458460930770e+00,2.271567676723251165e-03
1.500000000000000000e+01,2.950059090390392047e+00,8.971156143837250799e-04
1.500000000000000000e+01,2.952440561063782720e+00,1.556010654024870318e-04
1.500000000000000000e+01,2.954818837778843132e+00,2.375520359055345999e-04
1.500000000000000000e+01,2.957193895793339244e+00,7.481474429281499455e-05
1.500000000000000000e+01,2.959572774981745535e+00,4.807390101378152761e-05
1.500000000000000000e+01,2.961955484573179920e+00,8.667519019610843488e-05
1.500000000000000000e+01,2.964327858985216224e+00,2.853694014669955439e-05
1.500000000000000000e+01,2.966711135514628506e+00,3.654736865678001731e-05
1.500000000000000000e+01,2.969084027002956372e+00,6.127121142800356684e-05
1.500000000000000000e+01,2.971467838945096585e+00,1.963364225449968476e-05
1.500000000000000000e+01,2.973841215813263883e+00,3.528493760545351230e-05
1.500000000000000000e+01,2.976218387048926051e+00,4.085363969818301869e-05
1.500000000000000000e+01,2.978599361758565323e+00,1.256987974718056544e-05
1.500000000000000000e+01,2.980976981837772488e+00,3.435440286641952199e-05
1.500000000000000000e+01,2.983351222083469256e+00,3.322203166879818693e-05
1.500000000000000000e+01,2.985729247336589065e+00,1.272182203122633809e-05
1.500000000000000000e+01,2.988111066655426029e+00,3.613595825688519717e-05
1.500000000000000000e+01,2.990489476071835462e+00,3.073922536397438791e-05
1.500000000000000000e+01,2.992864450213154281e+00,1.831521540947503713e-05
1.500000000000000000e+01,2.995243199646329124e+00,3.981336230864237699e-05
1.500000000000000000e+01,2.997618485893688511e+00,3.360270821871662387e-05
1.500000000000000000e+01,2.999997542427555786e+00,2.124122504558387180e-05
1.600000000000000000e+01,2.417397309585231913e+00,1.421265112441098594e-04
1.600000000000000000e+01,2.419775174884221780e+00,1.566149881928969386e-04
1.600000000000000000e+01,2.422152990825908514e+00,5.582425044269204937e-05
1.600000000000000000e+01,2.424530743315073789e+00,1.518896985731373744e-04
1.600000000000000000e+01,2.426908418201789264e+00,1.378906955171256598e-04
1.600000000000000000e+01,2.429286001281421470e+00,5.814317554624570065e-05
1.600000000000000000e+01,2.431663478294642911e+00,2.603858905311925379e-04
1.600000000000000000e+01,2.434040834927446273e+00,3.569578108937887799e-04
1.600000000000000000e+01,2.436422844634672291e+00,2.123048877362043903e-04
1.600000000000000000e+01,2.438799926692925002e+00,1.337412311524184766e-03
1.600000000000000000e+01,2.441176845109251925e+00,1.343276991279286322e-03
1.600000000000000000e+01,2.443553585351005086e+00,6.294838450552991916e-04
1.600000000000000000e+01,2.445930132830938852e+00,5.339815210918160901e-03
1.600000000000000000e+01,2.448311307568818762e+00,1.827140683600695509e-02
1.600000000000000000e+01,2.450687434933867870e+00,3.531491129055631673e-01
1.600000000000000000e+01,2.453068178922694020e+00,1.523866333891439884e-01
1.600000000000000000e+01,2.455443827201868601e+00,3.812313263668868357e-01
1.600000000000000000e+01,2.457824081285056472e+00,3.951205557364804721e-01
1.600000000000000000e+01,2.460199191070725266e+00,3.880498478551199226e-01
1.600000000000000000e+01,2.462578895654787381e+00,3.862440037538446003e-01
1.600000000000000000e+01,2.464958307733604137e+00,3.809301259721530886e-01
1.600000000000000000e+01,2.467332502158201546e+00,3.646379002857568219e-01
1.600000000000000000e+01,2.469711274537423229e+00,3.546714601281932833e-01
1.600000000000000000e+01,2.472089709077717856e+00,3.455723071613829855e-01
1.600000000000000000e+01,2.474467790561501790e+00,3.294891657143620423e-01
1.600000000000000000e+01,2.476845503716746499e+00,3.206263452870828923e-01
1.600000000000000000e+01,2.479222833217026967e+00,3.135225349406722817e-01
1.600000000000000000e+01,2.481599763681567428e+00,3.026168975764274016e-01
1.600000000000000000e+01,2.483981256237295376e+00,2.996779974584407591e-01
1.600000000000000000e+01,2.486357351796226300e+00,3.028539906098726142e-01
1.600000000000000000e+01,2.488737997498906118e+00,3.091518088754672822e-01
1.600000000000000000e+01,2.491113196007286756e+00,3.226020292597011063e-01
1.600000000000000000e+01,2.493492932524325134e+00,3.505406857260257025e-01
1.600000000000000000e+01,2.495872195725481024e+00,3.761609982083360393e-01
1.600000000000000000e+01,2.498245935968249398e+00,4.039413765952459823e-01
1.600000000000000000e+01,2.500624195678618378e+00,9.118692324104241131e-03
1.600000000000000000e+01,2.503001934687554719e+00,7.217180047639857460e-03
1.600000000000000000e+01,2.505384199785404054e+00,1.548112645398788505e-02
1.600000000000000000e+01,2.507760859244102747e+00,7.614526377775221629e-03
1.600000000000000000e+01,2.510136950143142087e+00,3.016384203291640025e-03
1.600000000000000000e+01,2.512517547981021337e+00,9.829879871768967478e-03
1.600000000000000000e+01,2.514892463148078239e+00,5.979885707828749494e-03
1.600000000000000000e+01,2.517271872260600674e+00,1.535288518599258909e-03
1.600000000000000000e+01,2.519650667552726819e+00,7.317797572825900446e-03
1.600000000000000000e+01,2.522028832766149087e+00,5.273453044623204432e-03
1.600000000000000000e+01,2.524406351588751818e+00,1.155242649565162410e-03
1.600000000000000000e+01,2.526783207654688557e+00,5.324520103881060125e-03
1.600000000000000000e+01,2.529159384544463762e+00,4.900530986852204285e-03
1.600000000000000000e+01,2.531540034735527911e+00,9.713454160924854227e-04
1.600000000000000000e+01,2.533914813502587737e+00,1.762279439286175637e-03
1.600000000000000000e+01,2.536294051902468372e+00,5.914368990926452581e-03
1.600000000000000000e+01,2.538672564369699458e+00,6.479015821853066799e-03
1.600000000000000000e+01,2.541050334235800179e+00,2.319786325080504079e-03
1.600000000000000000e+01,2.543427344778853350e+00,6.258750856101553788e-03
1.600000000000000000e+01,2.545808806606810748e+00,1.647523041577336755e-01
1.600000000000000000e+01,2.548184257884455128e+00,1.942239877209683274e-01
1.600000000000000000e+01,2.550564146289386880e+00,2.147254556033206530e-01
1.600000000000000000e+01,2.552943227520946490e+00,2.243154852186844128e-01
1.600000000000000000e+01,2.555321484608414462e+00,2.309224181748329718e-01
1.600000000000000000e+01,2.557698900527907160e+00,2.493119605242066217e-01
1.600000000000000000e+01,2.560075458202479837e+00,2.772327433634829696e-01
1.600000000000000000e+01,2.562451140502226998e+00,3.007575607864237943e-01
1.600000000000000000e+01,2.564831236037994344e+00,3.210750366704450687e-01
1.600000000000000000e+01,2.567210441454971015e+00,3.506891655937914853e-01
1.600000000000000000e+01,2.569588739480965334e+00,3.847588918684970438e-01
1.600000000000000000e+01,2.571966112790943892e+00,4.054524263228209691e-01
1.600000000000000000e+01,2.574342544007147904e+00,4.129070220792543378e-01
1.600000000000000000e+01,2.576723370808659652e+00,4.221309086436944025e-01
1.600000000000000000e+01,2.579097875367938553e+00,4.296991160738039550e-01
1.600000000000000000e+01,2.581476760275176030e+00,4.166037521078865269e-01
1.600000000000000000e+01,2.583854652848235123e+00,3.869635615569561038e-01
1.600000000000000000e+01,2.586231535461967379e+00,3.610937686808293745e-01
1.600000000000000000e+01,2.588612795081014717e+00,3.444446843698097394e-01
1.600000000000000000e+01,2.590987614612529910e+00,3.077261156600792358e-01
1.600000000000000000e+01,2.593366795512073164e+00,3.834728164160331604e-02
1.600000000000000000e+01,2.595744915317689472e+00,1.016416034292263321e-02
1.600000000000000000e+01,2.598121956157397161e+00,4.647254980022287249e-03
1.600000000000000000e+01,2.600497900107185067e+00,2.063958110415565106e-04
1.600000000000000000e+01,2.602878193565458798e+00,4.502816148701772013e-04
1.600000000000000000e+01,2.605257374095403922e+00,2.600285698469715148e-03
1.600000000000000000e+01,2.607635423630717320e+00,2.077056700042987855e-03
1.600000000000000000e+01,2.610012324053281763e+00,2.971810510051687160e-04
1.600000000000000000e+01,2.612388057193310686e+00,1.232750529075599534e-04
1.600000000000000000e+01,2.614768119240192146e+00,1.451904587646647227e-04
1.600000000000000000e+01,2.617146997564059774e+00,1.478952154258503064e-03
1.600000000000000000e+01,2.619524673852972718e+00,1.689802343833158140e-03
1.600000000000000000e+01,2.621901129743555270e+00,2.837707349043848805e-04
1.600000000000000000e+01,2.624281901432961472e+00,8.134226544413309941e-05
1.600000000000000000e+01,2.626655871285938915e+00,1.039197121648223346e-03
1.600000000000000000e+01,2.629034140094493655e+00,1.380828288808217319e-03
1.600000000000000000e+01,2.631416719546495031e+00,1.362829746267923839e-03
1.600000000000000000e+01,2.633792431410708623e+00,2.760155816489911302e-04
1.600000000000000000e+01,2.636172436860944934e+00,6.979709472153405197e-05
1.600000000000000000e+01,2.638545517161249965e+00,8.891606357557018314e-04
1.600000000000000000e+01,2.640928499105384297e+00,1.012983729657055115e-03
1.600000000000000000e+01,2.643304518349861354e+00,1.130294947196939376e-03
1.600000000000000000e+01,2.645684816809926954e+00,5.409398984183310961e-04
1.600000000000000000e+01,2.648058094547728558e+00,2.727051940983656747e-04
1.600000000000000000e+01,2.650435633945297020e+00,9.937761179020162281e-05
1.600000000000000000e+01,2.652817446491849473e+00,5.478276310877194886e-04
1.600000000000000000e+01,2.655192171178932803e+00,8.088480661184848514e-04
1.600000000000000000e+01,2.657571151243650398e+00,1.028837600933951366e-03
1.600000000000000000e+01,2.659948691486012429e+00,7.237676417781876113e-04
1.600000000000000000e+01,2.662330489570499559e+00,4.960064848751129414e-04
1.600000000000000000e+01,2.664705102769717726e+00,2.686952792873662931e-04
1.600000000000000000e+01,2.667083955729373734e+00,4.636954754702450696e-04
1.600000000000000000e+01,2.669461312276356413e+00,8.446648132897384680e-04
1.600000000000000000e+01,2.671837153036051848e+00,1.506038344954441438e-03
1.600000000000000000e+01,2.674217226595466013e+00,1.924017440513966972e-03
1.600000000000000000e+01,2.676595765975274599e+00,1.714965786879193901e-03
1.600000000000000000e+01,2.678972751659991935e+00,2.349612034538985442e-03
1.600000000000000000e+01,2.681353962923400225e+00,9.494439330827763104e-04
1.600000000000000000e+01,2.683727792746523733e+00,6.607723300120647847e-02
1.600000000000000000e+01,2.686105829445210702e+00,7.298417104335991334e-02
1.600000000000000000e+01,2.688488084212449003e+00,7.752054677002244432e-02
1.600000000000000000e+01,2.690862888123974894e+00,7.973846942764856172e-02
1.600000000000000000e+01,2.693241891183510539e+00,8.405030326994546164e-02
1.600000000000000000e+01,2.695619243808531795e+00,8.761590678288447287e-02
1.600000000000000000e+01,2.697994926104692492e+00,9.009203822025312058e-02
1.600000000000000000e+01,2.700374799530429026e+00,9.328357179788031306e-02
1.600000000000000000e+01,2.702752983395575903e+00,9.389672907491729281e-02
1.600000000000000000e+01,2.705129457665879755e+00,9.386771994344644821e-02
1.600000000000000000e+01,2.707510114782492927e+00,9.330598380781787715e-02
1.600000000000000000e+01,2.709889042854494612e+00,9.267299982966518967e-02
1.600000000000000000e+01,2.712266221707900993e+00,9.032778239818707589e-02
1.600000000000000000e+01,2.714641631120770615e+00,8.912115834599253217e-02
1.600000000000000000e+01,2.717021204959639391e+00,8.732947472815140444e-02
1.600000000000000000e+01,2.719398989596979010e+00,8.512566441111166227e-02
1.600000000000000000e+01,2.721774964671693997e+00,8.192819503735460085e-02
1.600000000000000000e+01,2.724155095219163325e+00,7.866079937803954758e-02
1.600000000000000000e+01,2.726533396224594785e+00,7.359348285233276166e-02
1.600000000000000000e+01,2.728909847187990234e+00,7.443474313576629343e-03
1.600000000000000000e+01,2.731290444402350470e+00,1.922557727694499362e-03
1.600000000000000000e+01,2.733669171376605700e+00,1.665939948781823467e-03
1.600000000000000000e+01,2.736046007472129116e+00,3.408742980329301873e-03
1.600000000000000000e+01,2.738420932003415853e+00,3.312977489630590522e-02
1.600000000000000000e+01,2.740799983049091892e+00,3.441597708885954510e-02
1.600000000000000000e+01,2.743177102021586489e+00,3.829580431208192554e-02
1.600000000000000000e+01,2.745558347964158319e+00,4.110234294221363355e-02
1.600000000000000000e+01,2.747937641197727654e+00,4.402344066588442795e-02
1.600000000000000000e+01,2.750314960807459741e+00,4.863124953750866397e-02
1.600000000000000000e+01,2.752690285832279038e+00,5.448858357614667913e-02
1.600000000000000000e+01,2.755069717329380996e+00,6.157076619859172539e-02
1.600000000000000000e+01,2.757447133295085617e+00,6.981785709492084602e-02
1.600000000000000000e+01,2.759822512631141755e+00,7.902067751012949171e-02
1.600000000000000000e+01,2.762201987996263153e+00,8.876870848486799470e-02
1.600000000000000000e+01,2.764579405566437664e+00,9.819279110873738170e-02
1.600000000000000000e+01,2.766960919131962182e+00,1.070379884715631225e-01
1.600000000000000000e+01,2.769334167959193405e+00,1.146340452533068238e-01
1.600000000000000000e+01,2.771717687672561325e+00,1.213187340744617121e-01
1.600000000000000000e+01,2.774092899949887059e+00,1.256704986457869988e-01
1.600000000000000000e+01,2.776472186575843271e+00,1.292334666026598300e-01
1.600000000000000000e+01,2.778849329813015245e+00,1.250530701510454701e-01
1.600000000000000000e+01,2.781224308154069291e+00,1.259830783175406033e-01
1.600000000000000000e+01,2.783603349577585373e+00,1.154428115102650726e-02
1.600000000000000000e+01,2.785980204283322159e+00,3.308744209692797596e-03
1.600000000000000000e+01,2.788361121540816612e+00,1.388570528710143803e-03
1.600000000000000000e+01,2.790739830130332333e+00,1.317225187534635383e-03
1.600000000000000000e+01,2.793116308318245977e+00,8.449980449050644923e-04
1.600000000000000000e+01,2.795496837376052479e+00,5.837382669111614540e-04
1.600000000000000000e+01,2.797875113863212526e+00,4.218671039522878361e-04
1.600000000000000000e+01,2.800251115911298605e+00,3.784441210780293543e-04
1.600000000000000000e+01,2.802631156870153184e+00,2.561973929277212305e-04
1.600000000000000000e+01,2.805008901002245647e+00,1.960196920271795604e-04
1.600000000000000000e+01,2.807384326304926958e+00,1.539910827015715262e-04
1.600000000000000000e+01,2.809763778281390234e+00,1.358994789104172717e-04
1.600000000000000000e+01,2.812140888822362683e+00,1.070471355147465260e-04
1.600000000000000000e+01,2.814515635791587478e+00,8.084967165799874784e-05
1.600000000000000000e+01,2.816894396919202848e+00,6.225166077942267191e-05
1.600000000000000000e+01,2.819277182391831005e+00,6.524826173540668661e-05
1.600000000000000000e+01,2.821651159259273456e+00,6.492587055326420713e-05
1.600000000000000000e+01,2.824029137518142551e+00,6.477064464649749708e-05
1.600000000000000000e+01,2.826411127293623426e+00,6.098995689315188221e-05
1.600000000000000000e+01,2.828784230557050972e+00,6.914075357751633868e-05
1.600000000000000000e+01,2.831161322165572702e+00,6.924476983397029653e-05
1.600000000000000000e+01,2.833542412182134651e+00,6.733755657843384977e-05
1.600000000000000000e+01,2.835921024016914149e+00,6.315688349518173430e-05
1.600000000000000000e+01,2.838297135088118761e+00,7.068533568244491283e-05
1.600000000000000000e+01,2.840677231205615438e+00,8.275829213103452807e-05
1.600000000000000000e+01,2.843054803040627743e+00,7.938431753676304875e-05
1.600000000000000000e+01,2.845429827880051832e+00,7.039253474183438969e-05
1.600000000000000000e+01,2.847808824123101878e+00,7.539673442604907740e-05
1.600000000000000000e+01,2.850185249634491935e+00,7.571827170163240698e-05
1.600000000000000000e+01,2.852565644594050376e+00,7.577800171264039721e-05
1.600000000000000000e+01,2.854943444955898801e+00,6.535086110494580129e-05
1.600000000000000000e+01,2.857318627786822773e+00,7.156108009939906591e-05
1.600000000000000000e+01,2.859697765996172869e+00,7.388564675710540606e-05
1.600000000000000000e+01,2.862080869472485301e+00,7.702734020858164948e-05
1.600000000000000000e+01,2.864454712355927857e+00,6.701516024607020549e-05
1.600000000000000000e+01,2.866832496293459265e+00,5.579008015252514657e-05
1.600000000000000000e+01,2.869214231107640511e+00,9.698297946018135068e-05
1.600000000000000000e+01,2.871586624881306449e+00,2.194281690064756713e-04
1.600000000000000000e+01,2.873969606985570024e+00,2.739101829231148995e-04
1.600000000000000000e+01,2.876343201527446158e+00,2.378015864454853870e-03
1.600000000000000000e+01,2.878720719985517373e+00,1.129486468855753038e-02
1.600000000000000000e+01,2.881102172098087610e+00,1.139640634625301366e-02
1.600000000000000000e+01,2.883480861554354568e+00,1.215120113109958988e-02
1.600000000000000000e+01,2.885856764896066906e+00,1.251512909505912707e-02
1.600000000000000000e+01,2.888236586815389195e+00,1.286696294172581106e-02
1.600000000000000000e+01,2.890613597715197436e+00,1.306615596329867464e-02
1.600000000000000000e+01,2.892994524384758570e+00,1.301652427951919926e-02
1.600000000000000000e+01,2.895365853522527733e+00,1.275892874314324583e-02
1.600000000000000000e+01,2.897747845885614293e+00,1.239968297433824418e-02
1.600000000000000000e+01,2.900126977032283726e+00,1.211338043438474343e-02
1.600000000000000000e+01,2.902503223200517901e+00,1.184933634289477879e-02
1.600000000000000000e+01,2.904883366561006319e+00,1.156833023666856662e-02
1.600000000000000000e+01,2.907260599562923709e+00,1.110333283033373974e-02
1.600000000000000000e+01,2.909634898318774088e+00,1.033432419004413558e-02
1.600000000000000000e+01,2.912013078324352744e+00,3.979261805072799654e-03
1.600000000000000000e+01,2.914395149104420657e+00,8.238348616857307793e-03
1.600000000000000000e+01,2.916774258379155604e+00,5.806878374827447419e-03
1.600000000000000000e+01,2.919150382085439865e+00,5.908067197674584520e-03
1.600000000000000000e+01,2.921523496123781261e+00,6.042081570398404218e-03
1.600000000000000000e+01,2.923907367138645963e+00,6.125815422282632206e-03
1.600000000000000000e+01,2.926281318344463589e+00,6.205453733352808698e-03
1.600000000000000000e+01,2.928659127554641639e+00,6.187905539638915639e-03
1.600000000000000000e+01,2.931040804181527015e+00,6.171333598051365575e-03
1.600000000000000000e+01,2.933419417291878162e+00,6.140796463096200725e-03
1.600000000000000000e+01,2.935794942524495799e+00,6.142579429249912966e-03
1.600000000000000000e+01,2.938174318344370928e+00,6.182919862268788751e-03
1.600000000000000000e+01,2.940550579959972044e+00,6.188612219594678832e-03
1.600000000000000000e+01,2.942930688311046872e+00,6.218149983895468642e-03
1.600000000000000000e+01,2.945307656001242336e+00,6.330688780161896137e-03
1.600000000000000000e+01,2.947681458460930770e+00,1.171523126692429646e-02
1.600000000000000000e+01,2.950059090390392047e+00,1.340300100940113037e-02
1.600000000000000000e+01,2.952440561063782720e+00,8.535084821177357089e-03
1.600000000000000000e+01,2.954818837778843132e+00,8.659013084816600050e-03
1.600000000000000000e+01,2.957193895793339244e+00,8.965704241126411927e-03
1.600000000000000000e+01,2.959572774981745535e+00,8.908641497270766360e-03
1.600000000000000000e+01,2.961955484573179920e+00,9.027813056778665954e-03
1.600000000000000000e+01,2.964327858985216224e+00,9.123742484775231032e-03
1.600000000000000000e+01,2.966711135514628506e+00,9.024412060895171603e-03
1.600000000000000000e+01,2.969084027002956372e+00,9.031485995865002128e-03
1.600000000000000000e+01,2.971467838945096585e+00,9.125539341947486172e-03
1.600000000000000000e+01,2.973841215813263883e+00,8.965605883812797008e-03
1.600000000000000000e+01,2.976218387048926051e+00,8.850099365894027043e-03
1.600000000000000000e+01,2.978599361758565323e+00,8.960130756807729510e-03
1.600000000000000000e+01,2.980976981837772488e+00,7.697320802376457494e-03
1.600000000000000000e+01,2.983351222083469256e+00,4.040366755122282725e-04
1.600000000000000000e+01,2.985729247336589065e+00,6.380276891301820048e-05
1.600000000000000000e+01,2.988111066655426029e+00,1.311520682077904295e-04
1.600000000000000000e+01,2.990489476071835462e+00,9.635551390224932240e-05
1.600000000000000000e+01,2.992864450213154281e+00,4.026809505222274697e-05
1.600000000000000000e+01,2.995243199646329124e+00,1.013905736295809998e-04
1.600000000000000000e+01,2.997618485893688511e+00,6.482403174077336827e-05
1.600000000000000000e+01,2.999997542427555786e+00,3.356259271971520229e-05
1.700000000000000000e+01,2.424530743315073789e+00,3.970914893087133526e-06
1.700000000000000000e+01,2.426908418201789264e+00,1.745028213507360221e-06
1.700000000000000000e+01,2.429286001281421470e+00,2.912827320933005399e-06
1.700000000000000000e+01,2.431663478294642911e+00,3.927774192703705958e-06
1.700000000000000000e+01,2.434040834927446273e+00,2.995905051575775078e-06
1.700000000000000000e+01,2.436422844634672291e+00,4.061489399689502790e-06
1.700000000000000000e+01,2.438799926692925002e+00,1.000557160382645934e-05
1.700000000000000000e+01,2.441176845109251925e+00,1.339246537667177238e-05
1.700000000000000000e+01,2.443553585351005086e+00,2.248589677150884358e-05
1.700000000000000000e+01,2.445930132830938852e+00,4.343131885790067943e-05
1.700000000000000000e+01,2.448311307568818762e+00,4.776647149830740068e-05
1.700000000000000000e+01,2.450687434933867870e+00,5.940876878330236983e-05
1.700000000000000000e+01,2.453068178922694020e+00,1.400787889341802693e-04
1.700000000000000000e+01,2.455443827201868601e+00,1.334962702024204261e-04
1.700000000000000000e+01,2.457824081285056472e+00,1.153395467573054207e-04
1.700000000000000000e+01,2.460199191070725266e+00,2.392103403351442711e-04
1.700000000000000000e+01,2.462578895654787381e+00,2.114292275509339176e-04
1.700000000000000000e+01,2.464958307733604137e+00,1.532782646277718898e-04
1.700000000000000000e+01,2.467332502158201546e+00,4.016742638859936536e-04
1.700000000000000000e+01,2.469711274537423229e+00,3.472384236114446263e-04
1.700000000000000000e+01,2.472089709077717856e+00,1.920157222086260704e-04
1.700000000000000000e+01,2.474467790561501790e+00,4.892718243440982977e-04
1.700000000000000000e+01,2.476845503716746499e+00,4.485387928162717333e-04
1.700000000000000000e+01,2.479222833217026967e+00,2.051130268187497893e-04
1.700000000000000000e+01,2.481599763681567428e+00,8.547794934924987740e-04
1.700000000000000000e+01,2.483981256237295376e+00,1.007095659068310512e-03
1.700000000000000000e+01,2.486357351796226300e+00,2.144379579562905123e-04
1.700000000000000000e+01,2.488737997498906118e+00,7.563982499999056825e-04
1.700000000000000000e+01,2.491113196007286756e+00,2.877496272109325744e-03
1.700000000000000000e+01,2.493492932524325134e+00,5.241155131106885060e-04
1.700000000000000000e+01,2.495872195725481024e+00,5.217540940211370243e-03
1.700000000000000000e+01,2.498245935968249398e+00,1.307094800088349010e-02
1.700000000000000000e+01,2.500624195678618378e+00,4.492068031461447508e-01
1.700000000000000000e+01,2.503001934687554719e+00,4.899447400932858132e-01
1.700000000000000000e+01,2.505384199785404054e+00,5.171779031915716418e-01
1.700000000000000000e+01,2.507760859244102747e+00,5.598127554479312984e-01
1.700000000000000000e+01,2.510136950143142087e+00,5.947291866806614369e-01
1.700000000000000000e+01,2.512517547981021337e+00,6.118653360875981884e-01
1.700000000000000000e+01,2.514892463148078239e+00,6.362088914672213713e-01
1.700000000000000000e+01,2.517271872260600674e+00,6.539938877270881079e-01
1.700000000000000000e+01,2.519650667552726819e+00,6.528772798193083204e-01
1.700000000000000000e+01,2.522028832766149087e+00,6.517972963883625903e-01
1.700000000000000000e+01,2.524406351588751818e+00,6.434724931350493948e-01
1.700000000000000000e+01,2.526783207654688557e+00,6.227981643827715796e-01
1.700000000000000000e+01,2.529159384544463762e+00,6.010458396799361891e-01
1.700000000000000000e+01,2.531540034735527911e+00,5.764097340347137388e-01
1.700000000000000000e+01,2.533914813502587737e+00,5.452653633836757052e-01
1.700000000000000000e+01,2.536294051902468372e+00,5.103082181577897058e-01
1.700000000000000000e+01,2.538672564369699458e+00,4.748376968409080412e-01
1.700000000000000000e+01,2.541050334235800179e+00,4.375661629453319046e-01
1.700000000000000000e+01,2.543427344778853350e+00,3.997910352858321525e-01
1.700000000000000000e+01,2.545808806606810748e+00,3.656653750099247979e-01
1.700000000000000000e+01,2.548184257884455128e+00,3.368423452263236695e-01
1.700000000000000000e+01,2.550564146289386880e+00,3.120311699845608189e-01
1.700000000000000000e+01,2.552943227520946490e+00,2.927360036339663463e-01
1.700000000000000000e+01,2.555321484608414462e+00,2.795532753215939081e-01
1.700000000000000000e+01,2.557698900527907160e+00,2.681036538125830537e-01
1.700000000000000000e+01,2.560075458202479837e+00,2.576953386128024159e-01
1.700000000000000000e+01,2.562451140502226998e+00,2.495853149836921581e-01
1.700000000000000000e+01,2.564831236037994344e+00,2.444331138456266039e-01
1.700000000000000000e+01,2.567210441454971015e+00,2.396715127413292235e-01
1.700000000000000000e+01,2.569588739480965334e+00,2.361500214486492721e-01
1.700000000000000000e+01,2.571966112790943892e+00,2.389459670564141047e-01
1.700000000000000000e+01,2.574342544007147904e+00,2.485985740054745541e-01
1.700000000000000000e+01,2.576723370808659652e+00,2.604834893120921424e-01
1.700000000000000000e+01,2.579097875367938553e+00,2.731711459003713927e-01
1.700000000000000000e+01,2.581476760275176030e+00,2.927723587159321572e-01
1.700000000000000000e+01,2.583854652848235123e+00,3.174488012873433740e-01
1.700000000000000000e+01,2.586231535461967379e+00,3.378888306684706411e-01
1.700000000000000000e+01,2.588612795081014717e+00,3.474512045732394694e-01
1.700000000000000000e+01,2.590987614612529910e+00,3.655614912145329631e-01
1.700000000000000000e+01,2.593366795512073164e+00,6.085696953694474942e-01
1.700000000000000000e+01,2.595744915317689472e+00,6.166619895284718433e-01
1.700000000000000000e+01,2.598121956157397161e+00,6.041286667316208003e-01
1.700000000000000000e+01,2.600497900107185067e+00,5.973649908863478686e-01
1.700000000000000000e+01,2.602878193565458798e+00,5.818898089963470133e-01
1.700000000000000000e+01,2.605257374095403922e+00,5.555082541477802671e-01
1.700000000000000000e+01,2.607635423630717320e+00,2.243015940610542658e-01
1.700000000000000000e+01,2.610012324053281763e+00,1.982056079690416861e-01
1.700000000000000000e+01,2.612388057193310686e+00,2.041929727721400190e-01
1.700000000000000000e+01,2.614768119240192146e+00,2.129224094083991548e-01
1.700000000000000000e+01,2.617146997564059774e+00,2.204509838166087143e-01
1.700000000000000000e+01,2.619524673852972718e+00,2.285011076642338435e-01
1.700000000000000000e+01,2.621901129743555270e+00,2.398377786767676434e-01
1.700000000000000000e+01,2.624281901432961472e+00,2.452883300367597885e-01
1.700000000000000000e+01,2.626655871285938915e+00,2.433575981535987531e-01
1.700000000000000000e+01,2.629034140094493655e+00,2.411865748886760363e-01
1.700000000000000000e+01,2.631416719546495031e+00,2.362712287439232839e-01
1.700000000000000000e+01,2.633792431410708623e+00,2.324581827356498320e-01
1.700000000000000000e+01,2.636172436860944934e+00,2.232611435577439296e-01
1.700000000000000000e+01,2.638545517161249965e+00,2.106649205961058646e-01
1.700000000000000000e+01,2.640928499105384297e+00,2.023664178083785792e-01
1.700000000000000000e+01,2.643304518349861354e+00,1.954667667342506465e-01
1.700000000000000000e+01,2.645684816809926954e+00,1.928469873807198143e-01
1.700000000000000000e+01,2.648058094547728558e+00,1.882296156729862946e-01
1.700000000000000000e+01,2.650435633945297020e+00,1.844331778330565719e-01
1.700000000000000000e+01,2.652817446491849473e+00,1.780380889916563514e-01
1.700000000000000000e+01,2.655192171178932803e+00,1.750022115905802977e-01
1.700000000000000000e+01,2.657571151243650398e+00,1.720976285453321153e-01
1.700000000000000000e+01,2.659948691486012429e+00,1.729354236278241863e-01
1.700000000000000000e+01,2.662330489570499559e+00,1.711105088882067804e-01
1.700000000000000000e+01,2.664705102769717726e+00,1.710452413161299146e-01
1.700000000000000000e+01,2.667083955729373734e+00,1.698460082373700886e-01
1.700000000000000000e+01,2.669461312276356413e+00,1.760463121711353662e-01
1.700000000000000000e+01,2.671837153036051848e+00,1.851385162807481222e-01
1.700000000000000000e+01,2.674217226595466013e+00,1.964754859321084512e-01
1.700000000000000000e+01,2.676595765975274599e+00,2.174106876726480952e-01
1.700000000000000000e+01,2.678972751659991935e+00,4.237218776611595406e-03
1.700000000000000000e+01,2.681353962923400225e+00,2.213865797501413189e-03
1.700000000000000000e+01,2.683727792746523733e+00,7.621347963252296173e-03
1.700000000000000000e+01,2.686105829445210702e+00,7.852043580043837137e-03
1.700000000000000000e+01,2.688488084212449003e+00,6.248533211144439298e-03
1.700000000000000000e+01,2.690862888123974894e+00,6.029083136338289585e-04
1.700000000000000000e+01,2.693241891183510539e+00,3.691721669699985051e-04
1.700000000000000000e+01,2.695619243808531795e+00,2.812997509788907184e-04
1.700000000000000000e+01,2.697994926104692492e+00,2.933800683173596224e-04
1.700000000000000000e+01,2.700374799530429026e+00,2.554269759374129620e-03
1.700000000000000000e+01,2.702752983395575903e+00,2.573995071752929915e-03
1.700000000000000000e+01,2.705129457665879755e+00,2.607901508350082657e-03
1.700000000000000000e+01,2.707510114782492927e+00,2.693172958379007852e-03
1.700000000000000000e+01,2.709889042854494612e+00,2.621200210426869251e-03
1.700000000000000000e+01,2.712266221707900993e+00,1.368888176564814598e-03
1.700000000000000000e+01,2.714641631120770615e+00,1.231985674312329609e-03
1.700000000000000000e+01,2.717021204959639391e+00,1.112643073301274087e-03
1.700000000000000000e+01,2.719398989596979010e+00,6.630297238178035294e-04
1.700000000000000000e+01,2.721774964671693997e+00,5.275776724296195753e-04
1.700000000000000000e+01,2.724155095219163325e+00,1.647309936585046510e-03
1.700000000000000000e+01,2.726533396224594785e+00,2.378649711546738238e-03
1.700000000000000000e+01,2.728909847187990234e+00,6.424469128924345518e-02
1.700000000000000000e+01,2.731290444402350470e+00,6.592646082971957699e-02
1.700000000000000000e+01,2.733669171376605700e+00,6.224059473710400608e-02
1.700000000000000000e+01,2.736046007472129116e+00,5.726978764127470256e-02
1.700000000000000000e+01,2.738420932003415853e+00,5.460468532697917987e-02
1.700000000000000000e+01,2.740799983049091892e+00,5.227676051885181419e-02
1.700000000000000000e+01,2.743177102021586489e+00,5.035326149462378970e-02
1.700000000000000000e+01,2.745558347964158319e+00,4.876717838329059501e-02
1.700000000000000000e+01,2.747937641197727654e+00,4.869181538314475144e-02
1.700000000000000000e+01,2.750314960807459741e+00,4.766008221333285777e-02
1.700000000000000000e+01,2.752690285832279038e+00,4.677717595159837372e-02
1.700000000000000000e+01,2.755069717329380996e+00,4.609218157808877420e-02
1.700000000000000000e+01,2.757447133295085617e+00,4.568262144357376764e-02
1.700000000000000000e+01,2.759822512631141755e+00,4.552455292035688383e-02
1.700000000000000000e+01,2.762201987996263153e+00,4.550357976564357171e-02
1.700000000000000000e+01,2.764579405566437664e+00,4.587767909733485305e-02
1.700000000000000000e+01,2.766960919131962182e+00,4.659653791800885680e-02
1.700000000000000000e+01,2.769334167959193405e+00,4.801000558623875342e-02
1.700000000000000000e+01,2.771717687672561325e+00,4.923011987385531030e-02
1.700000000000000000e+01,2.774092899949887059e+00,5.156049221509111102e-02
1.700000000000000000e+01,2.776472186575843271e+00,5.406088171679886839e-02
1.700000000000000000e+01,2.778849329813015245e+00,6.277769462553023372e-02
1.700000000000000000e+01,2.781224308154069291e+00,6.501898289438515222e-02
1.700000000000000000e+01,2.783603349577585373e+00,1.810385937856811012e-01
1.700000000000000000e+01,2.785980204283322159e+00,1.877439925867799564e-01
1.700000000000000000e+01,2.788361121540816612e+00,1.330186399983047663e-01
1.700000000000000000e+01,2.790739830130332333e+00,1.284880937965259817e-01
1.700000000000000000e+01,2.793116308318245977e+00,1.192445880229208721e-01
1.700000000000000000e+01,2.795496837376052479e+00,1.124486881355343942e-01
1.700000000000000000e+01,2.797875113863212526e+00,1.055622318215151123e-01
1.700000000000000000e+01,2.800251115911298605e+00,9.850347662122378722e-02
1.700000000000000000e+01,2.802631156870153184e+00,9.168613807106437696e-02
1.700000000000000000e+01,2.805008901002245647e+00,8.512825151703383442e-02
1.700000000000000000e+01,2.807384326304926958e+00,7.904359518340978163e-02
1.700000000000000000e+01,2.809763778281390234e+00,7.336104268633382441e-02
1.700000000000000000e+01,2.812140888822362683e+00,6.830917195201882675e-02
1.700000000000000000e+01,2.814515635791587478e+00,6.387347252482278304e-02
1.700000000000000000e+01,2.816894396919202848e+00,6.001588617008911386e-02
1.700000000000000000e+01,2.819277182391831005e+00,5.670722022928937484e-02
1.700000000000000000e+01,2.821651159259273456e+00,5.396451468683719638e-02
1.700000000000000000e+01,2.824029137518142551e+00,5.177204474105821796e-02
1.700000000000000000e+01,2.826411127293623426e+00,5.021214381582425612e-02
1.700000000000000000e+01,2.828784230557050972e+00,4.893335687113568172e-02
1.700000000000000000e+01,2.831161322165572702e+00,4.795056532321370635e-02
1.700000000000000000e+01,2.833542412182134651e+00,4.590892564539079262e-02
1.700000000000000000e+01,2.835921024016914149e+00,4.274834862212795877e-03
1.700000000000000000e+01,2.838297135088118761e+00,1.365842145904668046e-03
1.700000000000000000e+01,2.840677231205615438e+00,8.640653324079080721e-04
1.700000000000000000e+01,2.843054803040627743e+00,5.637437651481122004e-04
1.700000000000000000e+01,2.845429827880051832e+00,5.717907316376990732e-04
1.700000000000000000e+01,2.847808824123101878e+00,3.989233429722070334e-04
1.700000000000000000e+01,2.850185249634491935e+00,3.016091434269969960e-04
1.700000000000000000e+01,2.852565644594050376e+00,2.428473315150734776e-04
1.700000000000000000e+01,2.854943444955898801e+00,1.981521316392163693e-04
1.700000000000000000e+01,2.857318627786822773e+00,1.622231316898278472e-04
1.700000000000000000e+01,2.859697765996172869e+00,1.383286097505020777e-04
1.700000000000000000e+01,2.862080869472485301e+00,1.410294496106793700e-04
1.700000000000000000e+01,2.864454712355927857e+00,1.269681240368455001e-04
1.700000000000000000e+01,2.866832496293459265e+00,6.876276665972272948e-05
1.700000000000000000e+01,2.869214231107640511e+00,7.643233387620640212e-05
1.700000000000000000e+01,2.871586624881306449e+00,8.452481198855910604e-05
1.700000000000000000e+01,2.873969606985570024e+00,9.294494356056869089e-05
1.700000000000000000e+01,2.876343201527446158e+00,1.058568593819264586e-04
1.700000000000000000e+01,2.878720719985517373e+00,1.136371178392529732e-04
1.700000000000000000e+01,2.881102172098087610e+00,1.172614697948792692e-04
1.700000000000000000e+01,2.883480861554354568e+00,1.259500555403493636e-04
1.700000000000000000e+01,2.885856764896066906e+00,1.803359790858637352e-04
1.700000000000000000e+01,2.888236586815389195e+00,1.276351257407175278e-04
1.700000000000000000e+01,2.890613597715197436e+00,9.122719038878836565e-05
1.700000000000000000e+01,2.892994524384758570e+00,6.460615159509256941e-05
1.700000000000000000e+01,2.895365853522527733e+00,1.098086093336189786e-04
1.700000000000000000e+01,2.897747845885614293e+00,1.720297360011594076e-04
1.700000000000000000e+01,2.900126977032283726e+00,1.675340368411820408e-04
1.700000000000000000e+01,2.902503223200517901e+00,1.342513865670533506e-04
1.700000000000000000e+01,2.904883366561006319e+00,9.665574233950140854e-05
1.700000000000000000e+01,2.907260599562923709e+00,1.605988245931947746e-04
1.700000000000000000e+01,2.909634898318774088e+00,4.901376642640567103e-04
1.700000000000000000e+01,2.912013078324352744e+00,6.287188648853973133e-03
1.700000000000000000e+01,2.914395149104420657e+00,7.689583478694504877e-03
1.700000000000000000e+01,2.916774258379155604e+00,9.525629506062387175e-03
1.700000000000000000e+01,2.919150382085439865e+00,9.305362083929877987e-03
1.700000000000000000e+01,2.921523496123781261e+00,9.016541198453329603e-03
1.700000000000000000e+01,2.923907367138645963e+00,8.792417325094829816e-03
1.700000000000000000e+01,2.926281318344463589e+00,8.682553253013125180e-03
1.700000000000000000e+01,2.928659127554641639e+00,8.682650608005739595e-03
1.700000000000000000e+01,2.931040804181527015e+00,8.720303535871731099e-03
1.700000000000000000e+01,2.933419417291878162e+00,8.688078049429025229e-03
1.700000000000000000e+01,2.935794942524495799e+00,8.665178805523345018e-03
1.700000000000000000e+01,2.938174318344370928e+00,8.655589419956425529e-03
1.700000000000000000e+01,2.940550579959972044e+00,8.844154522151086162e-03
1.700000000000000000e+01,2.942930688311046872e+00,9.141679590896199803e-03
1.700000000000000000e+01,2.945307656001242336e+00,9.466187079093416751e-03
1.700000000000000000e+01,2.947681458460930770e+00,9.708049713090300195e-03
1.700000000000000000e+01,2.950059090390392047e+00,6.024651178696180907e-03
1.700000000000000000e+01,2.952440561063782720e+00,6.246972888524390290e-03
1.700000000000000000e+01,2.954818837778843132e+00,5.783880901975338093e-03
1.700000000000000000e+01,2.957193895793339244e+00,5.918798571037635001e-03
1.700000000000000000e+01,2.959572774981745535e+00,5.917850398097491277e-03
1.700000000000000000e+01,2.961955484573179920e+00,5.794920115025667222e-03
1.700000000000000000e+01,2.964327858985216224e+00,5.819936374846136282e-03
1.700000000000000000e+01,2.966711135514628506e+00,5.821980329845977825e-03
1.700000000000000000e+01,2.969084027002956372e+00,5.781580408668583054e-03
1.700000000000000000e+01,2.971467838945096585e+00,5.752462828868612488e-03
1.700000000000000000e+01,2.973841215813263883e+00,5.793117150595019499e-03
1.700000000000000000e+01,2.976218387048926051e+00,5.781945487815461776e-03
1.700000000000000000e+01,2.978599361758565323e+00,5.618389101669564803e-03
1.700000000000000000e+01,2.980976981837772488e+00,1.520378371384888518e-03
1.700000000000000000e+01,2.983351222083469256e+00,8.807024911182598226e-03
1.700000000000000000e+01,2.985729247336589065e+00,8.863827862819530570e-03
1.700000000000000000e+01,2.988111066655426029e+00,8.785647479839980845e-03
1.700000000000000000e+01,2.990489476071835462e+00,8.911729211194287931e-03
1.700000000000000000e+01,2.992864450213154281e+00,8.871032838888565433e-03
1.700000000000000000e+01,2.995243199646329124e+00,8.809910942603721429e-03
1.700000000000000000e+01,2.997618485893688511e+00,8.948456538697604351e-03
1.700000000000000000e+01,2.999997542427555786e+00,8.949492238268656405e-03
1.800000000000000000e+01,2.588612795081014717e+00,1.864969147068168257e-04
1.800000000000000000e+01,2.590987614612529910e+00,4.346263985410342900e-04
1.800000000000000000e+01,2.593366795512073164e+00,1.110683216162764234e-03
1.800000000000000000e+01,2.595744915317689472e+00,1.543670662364127763e-03
1.800000000000000000e+01,2.598121956157397161e+00,1.776772521740242403e-03
1.800000000000000000e+01,2.600497900107185067e+00,7.048797833934731909e-04
1.800000000000000000e+01,2.602878193565458798e+00,2.250513676175432912e-03
1.800000000000000000e+01,2.605257374095403922e+00,1.325943177695309595e-02
1.800000000000000000e+01,2.607635423630717320e+00,3.403580071897432946e-01
1.800000000000000000e+01,2.610012324053281763e+00,3.707707659499541175e-01
1.800000000000000000e+01,2.612388057193310686e+00,3.646253267466023074e-01
1.800000000000000000e+01,2.614768119240192146e+00,3.582599278121169628e-01
1.800000000000000000e+01,2.617146997564059774e+00,3.516122221951888394e-01
1.800000000000000000e+01,2.619524673852972718e+00,3.533465060269644908e-01
1.800000000000000000e+01,2.621901129743555270e+00,3.595395733405096772e-01
1.800000000000000000e+01,2.624281901432961472e+00,3.662680882311676878e-01
1.800000000000000000e+01,2.626655871285938915e+00,3.759914047449038899e-01
1.800000000000000000e+01,2.629034140094493655e+00,3.937650937250251060e-01
1.800000000000000000e+01,2.631416719546495031e+00,4.153199625713205889e-01
1.800000000000000000e+01,2.633792431410708623e+00,4.397906709538870196e-01
1.800000000000000000e+01,2.636172436860944934e+00,4.619772454629530456e-01
1.800000000000000000e+01,2.638545517161249965e+00,4.792196392372734537e-01
1.800000000000000000e+01,2.640928499105384297e+00,4.914695175139336403e-01
1.800000000000000000e+01,2.643304518349861354e+00,4.862015017670455741e-01
1.800000000000000000e+01,2.645684816809926954e+00,1.175298460822374151e-02
1.800000000000000000e+01,2.648058094547728558e+00,5.137898637601118722e-03
1.800000000000000000e+01,2.650435633945297020e+00,4.555805666017318997e-03
1.800000000000000000e+01,2.652817446491849473e+00,1.018373697477086698e-02
1.800000000000000000e+01,2.655192171178932803e+00,7.375193853720174789e-03
1.800000000000000000e+01,2.657571151243650398e+00,5.054343130783886529e-03
1.800000000000000000e+01,2.659948691486012429e+00,9.202109781864383983e-04
1.800000000000000000e+01,2.662330489570499559e+00,1.041713740109080893e-03
1.800000000000000000e+01,2.664705102769717726e+00,1.421953003601417447e-03
1.800000000000000000e+01,2.667083955729373734e+00,4.719769156085078417e-03
1.800000000000000000e+01,2.669461312276356413e+00,4.870226010019757662e-03
1.800000000000000000e+01,2.671837153036051848e+00,5.249863967557365403e-03
1.800000000000000000e+01,2.674217226595466013e+00,6.466560551808163068e-03
1.800000000000000000e+01,2.676595765975274599e+00,2.822572756036400773e-03
1.800000000000000000e+01,2.678972751659991935e+00,2.327013863482402245e-01
1.800000000000000000e+01,2.681353962923400225e+00,2.522672168648514845e-01
1.800000000000000000e+01,2.683727792746523733e+00,2.614218550712257283e-01
1.800000000000000000e+01,2.686105829445210702e+00,2.785305389386500963e-01
1.800000000000000000e+01,2.688488084212449003e+00,2.953759627739185878e-01
1.800000000000000000e+01,2.690862888123974894e+00,3.169144362584067620e-01
1.800000000000000000e+01,2.693241891183510539e+00,3.239879914153832585e-01
1.800000000000000000e+01,2.695619243808531795e+00,3.262739187987035439e-01
1.800000000000000000e+01,2.697994926104692492e+00,3.238653430485495255e-01
1.800000000000000000e+01,2.700374799530429026e+00,3.102144927590089751e-01
1.800000000000000000e+01,2.702752983395575903e+00,3.006411286690628404e-01
1.800000000000000000e+01,2.705129457665879755e+00,2.879933844752743388e-01
1.800000000000000000e+01,2.707510114782492927e+00,2.732796018492467116e-01
1.800000000000000000e+01,2.709889042854494612e+00,2.570244802139857732e-01
1.800000000000000000e+01,2.712266221707900993e+00,2.498463950935866651e-01
1.800000000000000000e+01,2.714641631120770615e+00,2.310634293988255428e-01
1.800000000000000000e+01,2.717021204959639391e+00,3.229711628721918405e-03
1.800000000000000000e+01,2.719398989596979010e+00,4.683952153103788235e-03
1.800000000000000000e+01,2.721774964671693997e+00,1.512817959106765647e-03
1.800000000000000000e+01,2.724155095219163325e+00,4.626278934313112282e-03
1.800000000000000000e+01,2.726533396224594785e+00,3.025390896617396845e-03
1.800000000000000000e+01,2.728909847187990234e+00,2.243734233551850001e-03
1.800000000000000000e+01,2.731290444402350470e+00,1.809193236686467256e-03
1.800000000000000000e+01,2.733669171376605700e+00,1.551550688567097719e-03
1.800000000000000000e+01,2.736046007472129116e+00,3.069499521310633280e-04
1.800000000000000000e+01,2.738420932003415853e+00,2.135564566417764477e-04
1.800000000000000000e+01,2.740799983049091892e+00,1.380619678517103210e-04
1.800000000000000000e+01,2.743177102021586489e+00,8.279591945546891101e-05
1.800000000000000000e+01,2.745558347964158319e+00,4.487944031810883278e-05
1.800000000000000000e+01,2.747937641197727654e+00,7.279321669434677669e-04
1.800000000000000000e+01,2.750314960807459741e+00,8.895532935252309890e-04
1.800000000000000000e+01,2.752690285832279038e+00,9.466984034901624462e-04
1.800000000000000000e+01,2.755069717329380996e+00,1.009801380774594205e-03
1.800000000000000000e+01,2.757447133295085617e+00,1.007982380384141868e-03
1.800000000000000000e+01,2.759822512631141755e+00,1.013617321758752098e-03
1.800000000000000000e+01,2.762201987996263153e+00,1.042590060328407991e-03
1.800000000000000000e+01,2.764579405566437664e+00,1.071531692927206632e-03
1.800000000000000000e+01,2.766960919131962182e+00,1.121962889498023417e-03
1.800000000000000000e+01,2.769334167959193405e+00,1.073760045793544730e-03
1.800000000000000000e+01,2.771717687672561325e+00,1.155999897806867915e-03
1.800000000000000000e+01,2.774092899949887059e+00,1.254464889606374516e-03
1.800000000000000000e+01,2.776472186575843271e+00,8.985685849269731563e-04
1.800000000000000000e+01,2.778849329813015245e+00,1.059004963311555633e-03
1.800000000000000000e+01,2.781224308154069291e+00,1.383961082783946757e-03
1.800000000000000000e+01,2.783603349577585373e+00,2.032846186996837765e-03
1.800000000000000000e+01,2.785980204283322159e+00,4.666376361232908027e-03
1.800000000000000000e+01,2.788361121540816612e+00,6.121750758638277307e-02
1.800000000000000000e+01,2.790739830130332333e+00,6.445871888967034946e-02
1.800000000000000000e+01,2.793116308318245977e+00,7.163025620403294658e-02
1.800000000000000000e+01,2.795496837376052479e+00,7.516702111071721371e-02
1.800000000000000000e+01,2.797875113863212526e+00,7.778601756561788483e-02
1.800000000000000000e+01,2.800251115911298605e+00,7.969051351787027893e-02
1.800000000000000000e+01,2.802631156870153184e+00,8.097301624345987214e-02
1.800000000000000000e+01,2.805008901002245647e+00,8.173206978112024235e-02
1.800000000000000000e+01,2.807384326304926958e+00,8.182448395301919475e-02
1.800000000000000000e+01,2.809763778281390234e+00,8.147620267097084590e-02
1.800000000000000000e+01,2.812140888822362683e+00,8.066543460206061777e-02
1.800000000000000000e+01,2.814515635791587478e+00,7.942862396089003796e-02
1.800000000000000000e+01,2.816894396919202848e+00,7.776475020462909893e-02
1.800000000000000000e+01,2.819277182391831005e+00,7.551889286345311869e-02
1.800000000000000000e+01,2.821651159259273456e+00,7.265285158528225762e-02
1.800000000000000000e+01,2.824029137518142551e+00,6.991658351269949834e-02
1.800000000000000000e+01,2.826411127293623426e+00,6.506970721610456920e-02
1.800000000000000000e+01,2.828784230557050972e+00,5.311257270677377865e-03
1.800000000000000000e+01,2.831161322165572702e+00,2.405924111211607888e-03
1.800000000000000000e+01,2.833542412182134651e+00,3.834662158607730215e-03
1.800000000000000000e+01,2.835921024016914149e+00,4.569649252550975205e-02
1.800000000000000000e+01,2.838297135088118761e+00,4.940722440165791485e-02
1.800000000000000000e+01,2.840677231205615438e+00,5.063488492368886651e-02
1.800000000000000000e+01,2.843054803040627743e+00,5.280641556415976989e-02
1.800000000000000000e+01,2.845429827880051832e+00,5.513187660460237838e-02
1.800000000000000000e+01,2.847808824123101878e+00,5.813978590660578982e-02
1.800000000000000000e+01,2.850185249634491935e+00,6.144951151869772893e-02
1.800000000000000000e+01,2.852565644594050376e+00,6.507027371538517957e-02
1.800000000000000000e+01,2.854943444955898801e+00,6.895606613587496048e-02
1.800000000000000000e+01,2.857318627786822773e+00,7.294493036640416206e-02
1.800000000000000000e+01,2.859697765996172869e+00,7.688482685803951777e-02
1.800000000000000000e+01,2.862080869472485301e+00,8.058148907736420452e-02
1.800000000000000000e+01,2.864454712355927857e+00,8.384910456439290116e-02
1.800000000000000000e+01,2.866832496293459265e+00,8.796640351945655967e-02
1.800000000000000000e+01,2.869214231107640511e+00,8.979557168649103527e-02
1.800000000000000000e+01,2.871586624881306449e+00,8.935333444638333955e-02
1.800000000000000000e+01,2.873969606985570024e+00,5.405532307458881490e-03
1.800000000000000000e+01,2.876343201527446158e+00,1.212164963829874152e-03
1.800000000000000000e+01,2.878720719985517373e+00,7.821402569641645354e-04
1.800000000000000000e+01,2.881102172098087610e+00,5.940066593113564912e-04
1.800000000000000000e+01,2.883480861554354568e+00,6.478890288853237289e-04
1.800000000000000000e+01,2.885856764896066906e+00,6.806630254132134969e-04
1.800000000000000000e+01,2.888236586815389195e+00,4.193165374017900960e-04
1.800000000000000000e+01,2.890613597715197436e+00,2.467226568358152849e-04
1.800000000000000000e+01,2.892994524384758570e+00,1.331905724847034589e-04
1.800000000000000000e+01,2.895365853522527733e+00,1.761135100435048939e-04
1.800000000000000000e+01,2.897747845885614293e+00,1.865707512888340933e-04
1.800000000000000000e+01,2.900126977032283726e+00,1.693349462526467836e-04
1.800000000000000000e+01,2.902503223200517901e+00,1.110389421134043013e-04
1.800000000000000000e+01,2.904883366561006319e+00,7.435285438910796082e-05
1.800000000000000000e+01,2.907260599562923709e+00,7.441942132794962745e-05
1.800000000000000000e+01,2.909634898318774088e+00,9.386549483131484959e-05
1.800000000000000000e+01,2.912013078324352744e+00,1.107036197969604594e-04
1.800000000000000000e+01,2.914395149104420657e+00,7.977114908211154333e-05
1.800000000000000000e+01,2.916774258379155604e+00,6.085171498060393470e-05
1.800000000000000000e+01,2.919150382085439865e+00,4.618129406909836750e-05
1.800000000000000000e+01,2.921523496123781261e+00,6.925017739547450622e-05
1.800000000000000000e+01,2.923907367138645963e+00,7.975107730431469917e-05
1.800000000000000000e+01,2.926281318344463589e+00,8.636982265118012692e-05
1.800000000000000000e+01,2.928659127554641639e+00,6.715578878152948946e-05
1.800000000000000000e+01,2.931040804181527015e+00,4.899742541712254163e-05
1.800000000000000000e+01,2.933419417291878162e+00,5.643847960523236374e-05
1.800000000000000000e+01,2.935794942524495799e+00,9.497027654399738507e-05
1.800000000000000000e+01,2.938174318344370928e+00,1.575687911680990181e-04
1.800000000000000000e+01,2.940550579959972044e+00,1.516896770374071392e-04
1.800000000000000000e+01,2.942930688311046872e+00,1.010608772104286293e-04
1.800000000000000000e+01,2.945307656001242336e+00,9.190772649582470706e-05
1.800000000000000000e+01,2.947681458460930770e+00,3.371370865358015766e-04
1.800000000000000000e+01,2.950059090390392047e+00,4.010042491121699852e-03
1.800000000000000000e+01,2.952440561063782720e+00,9.680209959784294091e-03
1.800000000000000000e+01,2.954818837778843132e+00,1.026876127810239653e-02
1.800000000000000000e+01,2.957193895793339244e+00,1.021999238610718681e-02
1.800000000000000000e+01,2.959572774981745535e+00,1.047117517466422502e-02
1.800000000000000000e+01,2.961955484573179920e+00,1.071297346301749477e-02
1.800000000000000000e+01,2.964327858985216224e+00,1.063207807977739616e-02
1.800000000000000000e+01,2.966711135514628506e+00,1.072346487870671009e-02
1.800000000000000000e+01,2.969084027002956372e+00,1.083914285274530619e-02
1.800000000000000000e+01,2.971467838945096585e+00,1.058945135699959107e-02
1.800000000000000000e+01,2.973841215813263883e+00,1.055222457147736263e-02
1.800000000000000000e+01,2.976218387048926051e+00,1.064221929677038048e-02
1.800000000000000000e+01,2.978599361758565323e+00,1.002953141050011952e-02
1.800000000000000000e+01,2.980976981837772488e+00,6.939310969048562497e-03
1.800000000000000000e+01,2.983351222083469256e+00,5.845347198808898033e-03
1.800000000000000000e+01,2.985729247336589065e+00,5.953990701905727267e-03
1.800000000000000000e+01,2.988111066655426029e+00,5.799632639078292767e-03
1.800000000000000000e+01,2.990489476071835462e+00,5.822714455004900612e-03
1.800000000000000000e+01,2.992864450213154281e+00,5.885298802228313905e-03
1.800000000000000000e+01,2.995243199646329124e+00,5.859550485888319858e-03
1.800000000000000000e+01,2.997618485893688511e+00,5.875431190610956242e-03
1.800000000000000000e+01,2.999997542427555786e+00,5.932684223368434560e-03
1.900000000000000000e+01,2.590987614612529910e+00,5.717187483802078889e-06
1.900000000000000000e+01,2.593366795512073164e+00,7.655491722670797634e-06
1.900000000000000000e+01,2.595744915317689472e+00,1.443855051087801950e-05
1.900000000000000000e+01,2.598121956157397161e+00,1.758061349920946682e-05
1.900000000000000000e+01,2.600497900107185067e+00,1.739800502491000109e-05
1.900000000000000000e+01,2.602878193565458798e+00,3.268969803723103601e-05
1.900000000000000000e+01,2.605257374095403922e+00,5.096621703282539970e-05
1.900000000000000000e+01,2.607635423630717320e+00,5.386160789862722020e-05
1.900000000000000000e+01,2.610012324053281763e+00,3.138797048232669921e-05
1.900000000000000000e+01,2.612388057193310686e+00,4.872790859791825354e-05
1.900000000000000000e+01,2.614768119240192146e+00,7.686567753212129872e-05
1.900000000000000000e+01,2.617146997564059774e+00,1.094664396607360527e-04
1.900000000000000000e+01,2.619524673852972718e+00,1.148955771468247744e-04
1.900000000000000000e+01,2.621901129743555270e+00,5.696921767821563166e-05
1.900000000000000000e+01,2.624281901432961472e+00,1.145410888359328047e-04
1.900000000000000000e+01,2.626655871285938915e+00,3.384186161802075501e-04
1.900000000000000000e+01,2.629034140094493655e+00,6.709184690139518648e-04
1.900000000000000000e+01,2.631416719546495031e+00,7.999709883367972767e-04
1.900000000000000000e+01,2.633792431410708623e+00,3.630499197994247222e-04
1.900000000000000000e+01,2.636172436860944934e+00,1.003352879923247870e-03
1.900000000000000000e+01,2.638545517161249965e+00,4.226396395463382846e-03
1.900000000000000000e+01,2.640928499105384297e+00,9.921388706107042363e-03
1.900000000000000000e+01,2.643304518349861354e+00,2.713415140747758858e-02
1.900000000000000000e+01,2.645684816809926954e+00,5.065494394972357428e-01
1.900000000000000000e+01,2.648058094547728558e+00,5.101714504785153093e-01
1.900000000000000000e+01,2.650435633945297020e+00,5.012738130782508073e-01
1.900000000000000000e+01,2.652817446491849473e+00,4.821016936839263023e-01
1.900000000000000000e+01,2.655192171178932803e+00,4.689636541793781865e-01
1.900000000000000000e+01,2.657571151243650398e+00,4.542199453521497121e-01
1.900000000000000000e+01,2.659948691486012429e+00,4.400724353310551673e-01
1.900000000000000000e+01,2.662330489570499559e+00,4.224860672799772843e-01
1.900000000000000000e+01,2.664705102769717726e+00,4.051206413746504253e-01
1.900000000000000000e+01,2.667083955729373734e+00,3.864108017554485630e-01
1.900000000000000000e+01,2.669461312276356413e+00,3.701296470331457700e-01
1.900000000000000000e+01,2.671837153036051848e+00,3.542576681131826555e-01
1.900000000000000000e+01,2.674217226595466013e+00,3.382600576799141279e-01
1.900000000000000000e+01,2.676595765975274599e+00,3.219360777055310652e-01
1.900000000000000000e+01,2.678972751659991935e+00,3.061991188845649137e-01
1.900000000000000000e+01,2.681353962923400225e+00,2.927051012200274083e-01
1.900000000000000000e+01,2.683727792746523733e+00,2.828524291595370665e-01
1.900000000000000000e+01,2.686105829445210702e+00,2.768726262014075679e-01
1.900000000000000000e+01,2.688488084212449003e+00,2.759963473307854853e-01
1.900000000000000000e+01,2.690862888123974894e+00,2.795751372324796757e-01
1.900000000000000000e+01,2.693241891183510539e+00,2.893512634262001004e-01
1.900000000000000000e+01,2.695619243808531795e+00,3.042655173314731676e-01
1.900000000000000000e+01,2.697994926104692492e+00,3.235836116694283393e-01
1.900000000000000000e+01,2.700374799530429026e+00,3.471625147334256867e-01
1.900000000000000000e+01,2.702752983395575903e+00,3.692676172819703839e-01
1.900000000000000000e+01,2.705129457665879755e+00,3.899946641105868639e-01
1.900000000000000000e+01,2.707510114782492927e+00,4.075034052754054614e-01
1.900000000000000000e+01,2.709889042854494612e+00,4.207374191579886236e-01
1.900000000000000000e+01,2.712266221707900993e+00,4.235362323845912047e-01
1.900000000000000000e+01,2.714641631120770615e+00,4.287058098030832043e-01
1.900000000000000000e+01,2.717021204959639391e+00,6.398857842417475794e-01
1.900000000000000000e+01,2.719398989596979010e+00,6.202888684927919671e-01
1.900000000000000000e+01,2.721774964671693997e+00,6.054465268381465926e-01
1.900000000000000000e+01,2.724155095219163325e+00,5.816833418155163971e-01
1.900000000000000000e+01,2.726533396224594785e+00,5.699667818815159492e-01
1.900000000000000000e+01,2.728909847187990234e+00,5.603071976551985411e-01
1.900000000000000000e+01,2.731290444402350470e+00,5.529366997414382201e-01
1.900000000000000000e+01,2.733669171376605700e+00,5.484560136596507984e-01
1.900000000000000000e+01,2.736046007472129116e+00,5.555254751436093930e-01
1.900000000000000000e+01,2.738420932003415853e+00,5.553974320725064695e-01
1.900000000000000000e+01,2.740799983049091892e+00,1.636695322199908098e-01
1.900000000000000000e+01,2.743177102021586489e+00,1.663762257995718974e-01
1.900000000000000000e+01,2.745558347964158319e+00,1.695992467997672615e-01
1.900000000000000000e+01,2.747937641197727654e+00,1.728778396951140273e-01
1.900000000000000000e+01,2.750314960807459741e+00,1.743602563147420292e-01
1.900000000000000000e+01,2.752690285832279038e+00,1.758694394449668852e-01
1.900000000000000000e+01,2.755069717329380996e+00,1.766081348358993774e-01
1.900000000000000000e+01,2.757447133295085617e+00,1.782015787066064116e-01
1.900000000000000000e+01,2.759822512631141755e+00,1.800321489248834506e-01
1.900000000000000000e+01,2.762201987996263153e+00,1.822329257708914796e-01
1.900000000000000000e+01,2.764579405566437664e+00,1.846881274251388483e-01
1.900000000000000000e+01,2.766960919131962182e+00,1.879424129934808285e-01
1.900000000000000000e+01,2.769334167959193405e+00,1.918748873802839927e-01
1.900000000000000000e+01,2.771717687672561325e+00,1.962100677029175178e-01
1.900000000000000000e+01,2.774092899949887059e+00,2.011861891680463421e-01
1.900000000000000000e+01,2.776472186575843271e+00,2.101123285198884250e-01
1.900000000000000000e+01,2.778849329813015245e+00,2.160349024016827713e-01
1.900000000000000000e+01,2.781224308154069291e+00,2.219750085784927274e-01
1.900000000000000000e+01,2.783603349577585373e+00,2.278415566985649288e-01
1.900000000000000000e+01,2.785980204283322159e+00,2.333485802806988807e-01
1.900000000000000000e+01,2.788361121540816612e+00,2.380581897795703006e-01
1.900000000000000000e+01,2.790739830130332333e+00,2.414703559121088861e-01
1.900000000000000000e+01,2.793116308318245977e+00,2.427591315113274417e-01
1.900000000000000000e+01,2.795496837376052479e+00,2.409545183628586384e-01
1.900000000000000000e+01,2.797875113863212526e+00,3.241214114146907278e-03
1.900000000000000000e+01,2.800251115911298605e+00,1.051523943419851960e-03
1.900000000000000000e+01,2.802631156870153184e+00,6.783749500751919473e-04
1.900000000000000000e+01,2.805008901002245647e+00,5.403965410748372321e-04
1.900000000000000000e+01,2.807384326304926958e+00,3.905588526828642003e-04
1.900000000000000000e+01,2.809763778281390234e+00,3.789996360728925258e-04
1.900000000000000000e+01,2.812140888822362683e+00,3.690717270478850623e-04
1.900000000000000000e+01,2.814515635791587478e+00,3.721240738769249125e-04
1.900000000000000000e+01,2.816894396919202848e+00,3.984078308057329484e-04
1.900000000000000000e+01,2.819277182391831005e+00,5.725588611012998866e-04
1.900000000000000000e+01,2.821651159259273456e+00,1.084453521247711206e-03
1.900000000000000000e+01,2.824029137518142551e+00,1.288474065818447003e-03
1.900000000000000000e+01,2.826411127293623426e+00,3.378397422076604567e-03
1.900000000000000000e+01,2.828784230557050972e+00,6.057479682305065560e-02
1.900000000000000000e+01,2.831161322165572702e+00,6.118543960106909846e-02
1.900000000000000000e+01,2.833542412182134651e+00,5.910784058196957153e-02
1.900000000000000000e+01,2.835921024016914149e+00,5.679426904213923794e-02
1.900000000000000000e+01,2.838297135088118761e+00,5.452646261376871417e-02
1.900000000000000000e+01,2.840677231205615438e+00,5.376502851527371202e-02
1.900000000000000000e+01,2.843054803040627743e+00,5.181187384583407080e-02
1.900000000000000000e+01,2.845429827880051832e+00,5.010729734719958361e-02
1.900000000000000000e+01,2.847808824123101878e+00,4.861741090584981856e-02
1.900000000000000000e+01,2.850185249634491935e+00,4.746325083411431084e-02
1.900000000000000000e+01,2.852565644594050376e+00,4.663232442613791939e-02
1.900000000000000000e+01,2.854943444955898801e+00,4.611264246067930950e-02
1.900000000000000000e+01,2.857318627786822773e+00,4.590207343280112984e-02
1.900000000000000000e+01,2.859697765996172869e+00,4.601881634138234312e-02
1.900000000000000000e+01,2.862080869472485301e+00,4.642116233797258934e-02
1.900000000000000000e+01,2.864454712355927857e+00,4.722172459867141070e-02
1.900000000000000000e+01,2.866832496293459265e+00,4.666876019585986662e-02
1.900000000000000000e+01,2.869214231107640511e+00,4.811566279960318576e-02
1.900000000000000000e+01,2.871586624881306449e+00,5.132386611165071916e-02
1.900000000000000000e+01,2.873969606985570024e+00,1.374121979667402016e-01
1.900000000000000000e+01,2.876343201527446158e+00,1.430296497841457015e-01
1.900000000000000000e+01,2.878720719985517373e+00,1.442388705592556608e-01
1.900000000000000000e+01,2.881102172098087610e+00,1.444657312090746604e-01
1.900000000000000000e+01,2.883480861554354568e+00,1.434320337891965558e-01
1.900000000000000000e+01,2.885856764896066906e+00,1.382479330143570606e-01
1.900000000000000000e+01,2.888236586815389195e+00,8.623077404315750150e-02
1.900000000000000000e+01,2.890613597715197436e+00,8.233700362610393841e-02
1.900000000000000000e+01,2.892994524384758570e+00,8.014746323919229309e-02
1.900000000000000000e+01,2.895365853522527733e+00,7.673040190864767462e-02
1.900000000000000000e+01,2.897747845885614293e+00,7.349306125543261792e-02
1.900000000000000000e+01,2.900126977032283726e+00,6.979398790425671295e-02
1.900000000000000000e+01,2.902503223200517901e+00,6.721652856694565470e-02
1.900000000000000000e+01,2.904883366561006319e+00,6.486276847053298877e-02
1.900000000000000000e+01,2.907260599562923709e+00,6.323267501023947801e-02
1.900000000000000000e+01,2.909634898318774088e+00,6.105281673392123215e-02
1.900000000000000000e+01,2.912013078324352744e+00,5.843640806989511272e-02
1.900000000000000000e+01,2.914395149104420657e+00,5.719566962613942956e-02
1.900000000000000000e+01,2.916774258379155604e+00,5.628630390278938772e-02
1.900000000000000000e+01,2.919150382085439865e+00,5.605041437945097738e-02
1.900000000000000000e+01,2.921523496123781261e+00,5.343861099850721191e-02
1.900000000000000000e+01,2.923907367138645963e+00,4.807171202737380543e-03
1.900000000000000000e+01,2.926281318344463589e+00,1.545679303471727238e-03
1.900000000000000000e+01,2.928659127554641639e+00,6.709267442136744846e-04
1.900000000000000000e+01,2.931040804181527015e+00,3.395292410652420221e-04
1.900000000000000000e+01,2.933419417291878162e+00,2.437457726290452879e-04
1.900000000000000000e+01,2.935794942524495799e+00,2.810416504926814703e-04
1.900000000000000000e+01,2.938174318344370928e+00,3.235891765347738815e-04
1.900000000000000000e+01,2.940550579959972044e+00,2.221600153133572182e-04
1.900000000000000000e+01,2.942930688311046872e+00,1.453327401926158289e-04
1.900000000000000000e+01,2.945307656001242336e+00,8.945940528514318563e-05
1.900000000000000000e+01,2.947681458460930770e+00,1.261817743926521118e-04
1.900000000000000000e+01,2.950059090390392047e+00,1.445384549015177311e-04
1.900000000000000000e+01,2.952440561063782720e+00,1.548754686469806894e-04
1.900000000000000000e+01,2.954818837778843132e+00,8.965158232109139778e-05
1.900000000000000000e+01,2.957193895793339244e+00,1.194862385188778130e-04
1.900000000000000000e+01,2.959572774981745535e+00,1.263042040200595972e-04
1.900000000000000000e+01,2.961955484573179920e+00,5.588774909758030730e-05
1.900000000000000000e+01,2.964327858985216224e+00,1.235528118025315547e-04
1.900000000000000000e+01,2.966711135514628506e+00,1.272972734649082001e-04
1.900000000000000000e+01,2.969084027002956372e+00,7.298063250180603968e-05
1.900000000000000000e+01,2.971467838945096585e+00,1.787675401865335026e-04
1.900000000000000000e+01,2.973841215813263883e+00,1.701745245869506346e-04
1.900000000000000000e+01,2.976218387048926051e+00,1.463198746872750901e-04
1.900000000000000000e+01,2.978599361758565323e+00,6.224820810440210433e-04
1.900000000000000000e+01,2.980976981837772488e+00,8.849018139874405622e-03
1.900000000000000000e+01,2.983351222083469256e+00,9.863063948611881793e-03
1.900000000000000000e+01,2.985729247336589065e+00,9.729393818735471156e-03
1.900000000000000000e+01,2.988111066655426029e+00,9.813637603597486284e-03
1.900000000000000000e+01,2.990489476071835462e+00,9.641333214384463501e-03
1.900000000000000000e+01,2.992864450213154281e+00,9.436924286351733304e-03
1.900000000000000000e+01,2.995243199646329124e+00,9.463462200167232358e-03
1.900000000000000000e+01,2.997618485893688511e+00,9.344318273782136614e-03
1.900000000000000000e+01,2.999997542427555786e+00,9.177180421191024826e-03
2.000000000000000000e+01,2.731290444402350470e+00,2.512101025039770695e-03
2.000000000000000000e+01,2.733669171376605700e+00,3.556432940013728311e-03
2.000000000000000000e+01,2.736046007472129116e+00,5.854811504295942375e-04
2.000000000000000000e+01,2.738420932003415853e+00,1.952175022135020383e-03
2.000000000000000000e+01,2.740799983049091892e+00,3.968350409018358005e-01
2.000000000000000000e+01,2.743177102021586489e+00,3.986145129797679099e-01
2.000000000000000000e+01,2.745558347964158319e+00,4.002203383844616380e-01
2.000000000000000000e+01,2.747937641197727654e+00,3.969729926682621368e-01
2.000000000000000000e+01,2.750314960807459741e+00,3.990908829046323492e-01
2.000000000000000000e+01,2.752690285832279038e+00,3.994936081064183186e-01
2.000000000000000000e+01,2.755069717329380996e+00,3.985249369381236861e-01
2.000000000000000000e+01,2.757447133295085617e+00,3.940774954048067991e-01
2.000000000000000000e+01,2.759822512631141755e+00,3.873279417192788121e-01
2.000000000000000000e+01,2.762201987996263153e+00,3.778972046476281044e-01
2.000000000000000000e+01,2.764579405566437664e+00,3.669780008721109654e-01
2.000000000000000000e+01,2.766960919131962182e+00,3.538308927216007316e-01
2.000000000000000000e+01,2.769334167959193405e+00,3.259835901032802075e-01
2.000000000000000000e+01,2.771717687672561325e+00,2.939088595202377779e-02
2.000000000000000000e+01,2.774092899949887059e+00,9.881045210544265808e-03
2.000000000000000000e+01,2.776472186575843271e+00,1.202344483676859787e-03
2.000000000000000000e+01,2.778849329813015245e+00,1.028213083576146047e-03
2.000000000000000000e+01,2.781224308154069291e+00,9.996525661713677804e-04
2.000000000000000000e+01,2.783603349577585373e+00,9.923068383759564223e-04
2.000000000000000000e+01,2.785980204283322159e+00,9.321011128230248608e-04
2.000000000000000000e+01,2.788361121540816612e+00,1.031518888405411451e-03
2.000000000000000000e+01,2.790739830130332333e+00,1.195149049761255397e-03
2.000000000000000000e+01,2.793116308318245977e+00,2.013641215908408815e-03
2.000000000000000000e+01,2.795496837376052479e+00,4.285628257606199053e-03
2.000000000000000000e+01,2.797875113863212526e+00,2.407928485836589305e-01
2.000000000000000000e+01,2.800251115911298605e+00,2.400644348076943213e-01
2.000000000000000000e+01,2.802631156870153184e+00,2.360993692861947102e-01
2.000000000000000000e+01,2.805008901002245647e+00,2.306704135239364128e-01
2.000000000000000000e+01,2.807384326304926958e+00,2.244268933963353141e-01
2.000000000000000000e+01,2.809763778281390234e+00,2.173575403177280818e-01
2.000000000000000000e+01,2.812140888822362683e+00,2.099114062118363211e-01
2.000000000000000000e+01,2.814515635791587478e+00,2.021442623153143492e-01
2.000000000000000000e+01,2.816894396919202848e+00,1.941286799192898094e-01
2.000000000000000000e+01,2.819277182391831005e+00,1.859238682985514257e-01
2.000000000000000000e+01,2.821651159259273456e+00,1.780460430462565413e-01
2.000000000000000000e+01,2.824029137518142551e+00,1.704653091431986567e-01
2.000000000000000000e+01,2.826411127293623426e+00,1.630601995701381202e-01
2.000000000000000000e+01,2.828784230557050972e+00,1.768788170321103229e-03
2.000000000000000000e+01,2.831161322165572702e+00,3.489972599260926728e-04
2.000000000000000000e+01,2.833542412182134651e+00,1.960621236333701101e-04
2.000000000000000000e+01,2.835921024016914149e+00,1.981403938423484607e-04
2.000000000000000000e+01,2.838297135088118761e+00,2.564429582070604187e-04
2.000000000000000000e+01,2.840677231205615438e+00,1.742863559784146865e-03
2.000000000000000000e+01,2.843054803040627743e+00,1.384294223637650605e-03
2.000000000000000000e+01,2.845429827880051832e+00,1.268041027066884674e-03
2.000000000000000000e+01,2.847808824123101878e+00,1.177044000988766497e-03
2.000000000000000000e+01,2.850185249634491935e+00,1.114722364766055750e-03
2.000000000000000000e+01,2.852565644594050376e+00,1.030433686835233956e-03
2.000000000000000000e+01,2.854943444955898801e+00,9.770322535828772099e-04
2.000000000000000000e+01,2.857318627786822773e+00,8.950771022241503505e-04
2.000000000000000000e+01,2.859697765996172869e+00,8.300053083104829170e-04
2.000000000000000000e+01,2.862080869472485301e+00,7.884007132234356879e-04
2.000000000000000000e+01,2.864454712355927857e+00,6.419727549241256931e-04
2.000000000000000000e+01,2.866832496293459265e+00,4.907969997403012269e-05
2.000000000000000000e+01,2.869214231107640511e+00,8.011589985248298803e-05
2.000000000000000000e+01,2.871586624881306449e+00,1.322215821186434293e-04
2.000000000000000000e+01,2.873969606985570024e+00,2.112642848557442056e-04
2.000000000000000000e+01,2.876343201527446158e+00,3.302287041320163216e-04
2.000000000000000000e+01,2.878720719985517373e+00,5.125975903046447362e-04
2.000000000000000000e+01,2.881102172098087610e+00,8.245442335876790102e-04
2.000000000000000000e+01,2.883480861554354568e+00,1.499387016144261738e-03
2.000000000000000000e+01,2.885856764896066906e+00,6.224288059544913834e-03
2.000000000000000000e+01,2.888236586815389195e+00,5.748273355294998554e-02
2.000000000000000000e+01,2.890613597715197436e+00,5.991887981581519446e-02
2.000000000000000000e+01,2.892994524384758570e+00,5.947979560686171563e-02
2.000000000000000000e+01,2.895365853522527733e+00,5.988976088624623634e-02
2.000000000000000000e+01,2.897747845885614293e+00,6.004554727960351168e-02
2.000000000000000000e+01,2.900126977032283726e+00,6.131915839887481373e-02
2.000000000000000000e+01,2.902503223200517901e+00,6.126017425351390489e-02
2.000000000000000000e+01,2.904883366561006319e+00,6.079869357266536045e-02
2.000000000000000000e+01,2.907260599562923709e+00,5.862633598712416183e-02
2.000000000000000000e+01,2.909634898318774088e+00,5.723474423295527719e-02
2.000000000000000000e+01,2.912013078324352744e+00,5.660755108606772140e-02
2.000000000000000000e+01,2.914395149104420657e+00,5.542698113423874529e-02
2.000000000000000000e+01,2.916774258379155604e+00,5.450568178826347560e-02
2.000000000000000000e+01,2.919150382085439865e+00,2.949368297267127535e-03
2.000000000000000000e+01,2.921523496123781261e+00,3.683090647614813314e-03
2.000000000000000000e+01,2.923907367138645963e+00,5.173649176910084108e-02
2.000000000000000000e+01,2.926281318344463589e+00,5.423803326091906213e-02
2.000000000000000000e+01,2.928659127554641639e+00,5.551294638064441234e-02
2.000000000000000000e+01,2.931040804181527015e+00,5.647025024284224592e-02
2.000000000000000000e+01,2.933419417291878162e+00,5.784902717568964764e-02
2.000000000000000000e+01,2.935794942524495799e+00,5.855444323810374968e-02
2.000000000000000000e+01,2.938174318344370928e+00,5.875136777416577194e-02
2.000000000000000000e+01,2.940550579959972044e+00,5.995399662945898739e-02
2.000000000000000000e+01,2.942930688311046872e+00,6.112037142041450155e-02
2.000000000000000000e+01,2.945307656001242336e+00,6.271927323334611226e-02
2.000000000000000000e+01,2.947681458460930770e+00,6.312620556669439054e-02
2.000000000000000000e+01,2.950059090390392047e+00,6.318660922475474728e-02
2.000000000000000000e+01,2.952440561063782720e+00,6.190820918549844176e-02
2.000000000000000000e+01,2.954818837778843132e+00,6.039173696238783057e-02
2.000000000000000000e+01,2.957193895793339244e+00,4.985802891306924216e-03
2.000000000000000000e+01,2.959572774981745535e+00,8.577635030790491154e-04
2.000000000000000000e+01,2.961955484573179920e+00,2.377095267516177038e-04
2.000000000000000000e+01,2.964327858985216224e+00,3.575112023159981284e-04
2.000000000000000000e+01,2.966711135514628506e+00,2.909883764128429521e-04
2.000000000000000000e+01,2.969084027002956372e+00,1.210612158898388279e-04
2.000000000000000000e+01,2.971467838945096585e+00,1.882613201582633230e-04
2.000000000000000000e+01,2.973841215813263883e+00,1.257182220226803020e-04
2.000000000000000000e+01,2.976218387048926051e+00,7.448567514826035332e-05
2.000000000000000000e+01,2.978599361758565323e+00,1.183738285243156422e-04
2.000000000000000000e+01,2.980976981837772488e+00,8.469199363793879416e-05
2.000000000000000000e+01,2.983351222083469256e+00,6.962367844274720678e-05
2.000000000000000000e+01,2.985729247336589065e+00,1.120780533744085373e-04
2.000000000000000000e+01,2.988111066655426029e+00,6.433481431053348406e-05
2.000000000000000000e+01,2.990489476071835462e+00,6.434216990343023443e-05
2.000000000000000000e+01,2.992864450213154281e+00,8.705369615535716438e-05
2.000000000000000000e+01,2.995243199646329124e+00,5.051637072218856562e-05
2.000000000000000000e+01,2.997618485893688511e+00,6.294407412342166018e-05
2.000000000000000000e+01,2.999997542427555786e+00,8.733464942565070835e-05
2.100000000000000000e+01,2.733669171376605700e+00,1.392759609137539968e-05
2.100000000000000000e+01,2.736046007472129116e+00,7.659812880988511215e-06
2.100000000000000000e+01,2.738420932003415853e+00,1.845149195111895095e-05
2.100000000000000000e+01,2.740799983049091892e+00,3.327917650018603945e-05
2.100000000000000000e+01,2.743177102021586489e+00,5.358355582701311684e-05
2.100000000000000000e+01,2.745558347964158319e+00,1.044468592593120003e-04
2.100000000000000000e+01,2.747937641197727654e+00,2.189384269705363568e-04
2.100000000000000000e+01,2.750314960807459741e+00,2.643815945118186826e-04
2.100000000000000000e+01,2.752690285832279038e+00,3.151716124374037372e-04
2.100000000000000000e+01,2.755069717329380996e+00,4.124040797514274713e-04
2.100000000000000000e+01,2.757447133295085617e+00,6.624036338571013486e-04
2.100000000000000000e+01,2.759822512631141755e+00,8.552970390128412231e-04
2.100000000000000000e+01,2.762201987996263153e+00,1.561294641782832136e-03
2.100000000000000000e+01,2.764579405566437664e+00,2.185536335841012194e-03
2.100000000000000000e+01,2.766960919131962182e+00,3.299685097136796988e-03
2.100000000000000000e+01,2.769334167959193405e+00,1.796444684378078332e-02
2.100000000000000000e+01,2.771717687672561325e+00,3.011681091254266862e-01
2.100000000000000000e+01,2.774092899949887059e+00,3.076156701004410521e-01
2.100000000000000000e+01,2.776472186575843271e+00,3.042074103518332961e-01
2.100000000000000000e+01,2.778849329813015245e+00,2.939042347362167962e-01
2.100000000000000000e+01,2.781224308154069291e+00,2.862606726511483513e-01
2.100000000000000000e+01,2.783603349577585373e+00,2.818169467711150178e-01
2.100000000000000000e+01,2.785980204283322159e+00,2.807465884460175198e-01
2.100000000000000000e+01,2.788361121540816612e+00,2.830835689606929217e-01
2.100000000000000000e+01,2.790739830130332333e+00,2.891453319894322083e-01
2.100000000000000000e+01,2.793116308318245977e+00,2.984053707127251043e-01
2.100000000000000000e+01,2.795496837376052479e+00,3.101286234156976351e-01
2.100000000000000000e+01,2.797875113863212526e+00,3.236498821031777440e-01
2.100000000000000000e+01,2.800251115911298605e+00,3.382680758974930812e-01
2.100000000000000000e+01,2.802631156870153184e+00,3.527385124065031685e-01
2.100000000000000000e+01,2.805008901002245647e+00,3.660880475939815026e-01
2.100000000000000000e+01,2.807384326304926958e+00,3.776918423007213921e-01
2.100000000000000000e+01,2.809763778281390234e+00,3.872074702824321313e-01
2.100000000000000000e+01,2.812140888822362683e+00,3.941852101879316228e-01
2.100000000000000000e+01,2.814515635791587478e+00,3.987921768479718576e-01
2.100000000000000000e+01,2.816894396919202848e+00,4.016217705822037187e-01
2.100000000000000000e+01,2.819277182391831005e+00,4.033363353302022447e-01
2.100000000000000000e+01,2.821651159259273456e+00,4.037603159048748780e-01
2.100000000000000000e+01,2.824029137518142551e+00,4.034763996593597191e-01
2.100000000000000000e+01,2.826411127293623426e+00,4.031853227716026278e-01
2.100000000000000000e+01,2.828784230557050972e+00,5.573552051168858545e-01
2.100000000000000000e+01,2.831161322165572702e+00,5.524292834683457443e-01
2.100000000000000000e+01,2.833542412182134651e+00,5.473153793370107989e-01
2.100000000000000000e+01,2.835921024016914149e+00,5.432621119436653601e-01
2.100000000000000000e+01,2.838297135088118761e+00,5.403520101979469858e-01
2.100000000000000000e+01,2.840677231205615438e+00,5.327463908168583728e-01
2.100000000000000000e+01,2.843054803040627743e+00,5.314057285642653783e-01
2.100000000000000000e+01,2.845429827880051832e+00,5.305297179107899552e-01
2.100000000000000000e+01,2.847808824123101878e+00,5.296507640421566077e-01
2.100000000000000000e+01,2.850185249634491935e+00,5.280342124667397607e-01
2.100000000000000000e+01,2.852565644594050376e+00,5.072760154694445633e-01
2.100000000000000000e+01,2.854943444955898801e+00,4.164174104611271798e-01
2.100000000000000000e+01,2.857318627786822773e+00,1.861044586606269147e-01
2.100000000000000000e+01,2.859697765996172869e+00,1.789195312566482510e-01
2.100000000000000000e+01,2.862080869472485301e+00,1.824139845690223027e-01
2.100000000000000000e+01,2.864454712355927857e+00,1.855479716088609121e-01
2.100000000000000000e+01,2.866832496293459265e+00,1.910806083329277538e-01
2.100000000000000000e+01,2.869214231107640511e+00,1.946714650651533429e-01
2.100000000000000000e+01,2.871586624881306449e+00,1.978156183805497292e-01
2.100000000000000000e+01,2.873969606985570024e+00,2.001206131289041956e-01
2.100000000000000000e+01,2.876343201527446158e+00,2.016608381993580112e-01
2.100000000000000000e+01,2.878720719985517373e+00,2.024785263056323725e-01
2.100000000000000000e+01,2.881102172098087610e+00,2.025056187560927978e-01
2.100000000000000000e+01,2.883480861554354568e+00,2.018087642016647976e-01
2.100000000000000000e+01,2.885856764896066906e+00,1.970523873484847366e-01
2.100000000000000000e+01,2.888236586815389195e+00,1.940427660569177815e-01
2.100000000000000000e+01,2.890613597715197436e+00,1.906018068438962154e-01
2.100000000000000000e+01,2.892994524384758570e+00,1.906030141762239671e-01
2.100000000000000000e+01,2.895365853522527733e+00,1.875559797705926013e-01
2.100000000000000000e+01,2.897747845885614293e+00,1.842439131837485811e-01
2.100000000000000000e+01,2.900126977032283726e+00,1.721408658953925142e-01
2.100000000000000000e+01,2.902503223200517901e+00,2.547459008012224746e-02
2.100000000000000000e+01,2.904883366561006319e+00,7.711094202456392731e-03
2.100000000000000000e+01,2.907260599562923709e+00,5.740862733897696092e-04
2.100000000000000000e+01,2.909634898318774088e+00,9.473894756770880835e-04
2.100000000000000000e+01,2.912013078324352744e+00,3.477775794594041830e-03
2.100000000000000000e+01,2.914395149104420657e+00,3.401152278526125075e-03
2.100000000000000000e+01,2.916774258379155604e+00,2.563446356929375419e-03
2.100000000000000000e+01,2.919150382085439865e+00,5.052223407841684860e-02
2.100000000000000000e+01,2.921523496123781261e+00,5.034495873405349375e-02
2.100000000000000000e+01,2.923907367138645963e+00,4.940032191793124194e-02
2.100000000000000000e+01,2.926281318344463589e+00,5.003790817056614354e-02
2.100000000000000000e+01,2.928659127554641639e+00,4.876244858215551814e-02
2.100000000000000000e+01,2.931040804181527015e+00,4.735165335186607843e-02
2.100000000000000000e+01,2.933419417291878162e+00,4.466024862963643982e-02
2.100000000000000000e+01,2.935794942524495799e+00,4.369530933668345357e-02
2.100000000000000000e+01,2.938174318344370928e+00,4.419304605644639589e-02
2.100000000000000000e+01,2.940550579959972044e+00,4.348552451773368688e-02
2.100000000000000000e+01,2.942930688311046872e+00,4.275432821156130436e-02
2.100000000000000000e+01,2.945307656001242336e+00,4.087826303444529880e-02
2.100000000000000000e+01,2.947681458460930770e+00,4.054476986993205134e-02
2.100000000000000000e+01,2.950059090390392047e+00,4.059883889123889339e-02
2.100000000000000000e+01,2.952440561063782720e+00,4.241461591714265622e-02
2.100000000000000000e+01,2.954818837778843132e+00,4.401801200648682716e-02
2.100000000000000000e+01,2.957193895793339244e+00,9.828279011427626388e-02
2.100000000000000000e+01,2.959572774981745535e+00,1.021429615349564030e-01
2.100000000000000000e+01,2.961955484573179920e+00,1.018703174856332577e-01
2.100000000000000000e+01,2.964327858985216224e+00,9.996902915924109345e-02
2.100000000000000000e+01,2.966711135514628506e+00,9.905134095080804502e-02
2.100000000000000000e+01,2.969084027002956372e+00,9.759194831736565934e-02
2.100000000000000000e+01,2.971467838945096585e+00,9.312370081334978011e-02
2.100000000000000000e+01,2.973841215813263883e+00,5.975288973831276162e-02
2.100000000000000000e+01,2.976218387048926051e+00,5.567157168626525598e-02
2.100000000000000000e+01,2.978599361758565323e+00,5.397377363588745647e-02
2.100000000000000000e+01,2.980976981837772488e+00,5.192966769240032338e-02
2.100000000000000000e+01,2.983351222083469256e+00,5.110526896946383096e-02
2.100000000000000000e+01,2.985729247336589065e+00,4.911378262422306379e-02
2.100000000000000000e+01,2.988111066655426029e+00,4.807012432616270675e-02
2.100000000000000000e+01,2.990489476071835462e+00,4.751008031845511265e-02
2.100000000000000000e+01,2.992864450213154281e+00,4.588100402230649300e-02
2.100000000000000000e+01,2.995243199646329124e+00,4.517037026294766500e-02
2.100000000000000000e+01,2.997618485893688511e+00,4.480721151062315444e-02
2.100000000000000000e+01,2.999997542427555786e+00,4.290367898593559770e-02
2.200000000000000000e+01,2.857318627786822773e+00,3.439930899071201309e-01
2.200000000000000000e+01,2.859697765996172869e+00,3.491273199878488498e-01
2.200000000000000000e+01,2.862080869472485301e+00,3.427924062220598089e-01
2.200000000000000000e+01,2.864454712355927857e+00,3.363460634778851488e-01
2.200000000000000000e+01,2.866832496293459265e+00,3.313078075841949799e-01
2.200000000000000000e+01,2.869214231107640511e+00,3.241639916078383754e-01
2.200000000000000000e+01,2.871586624881306449e+00,3.175872672979667133e-01
2.200000000000000000e+01,2.873969606985570024e+00,3.125309583477096087e-01
2.200000000000000000e+01,2.876343201527446158e+00,3.089071825792754078e-01
2.200000000000000000e+01,2.878720719985517373e+00,3.071425933416765397e-01
2.200000000000000000e+01,2.881102172098087610e+00,3.059064188502543802e-01
2.200000000000000000e+01,2.883480861554354568e+00,9.611218299046779892e-03
2.200000000000000000e+01,2.885856764896066906e+00,6.288074431456090740e-03
2.200000000000000000e+01,2.888236586815389195e+00,4.659348210921944629e-03
2.200000000000000000e+01,2.890613597715197436e+00,4.883793007643049376e-03
2.200000000000000000e+01,2.892994524384758570e+00,1.787492883512184320e-03
2.200000000000000000e+01,2.895365853522527733e+00,1.232101785980586157e-03
2.200000000000000000e+01,2.897747845885614293e+00,1.035321261976651815e-03
2.200000000000000000e+01,2.900126977032283726e+00,6.709552322703214548e-03
2.200000000000000000e+01,2.902503223200517901e+00,1.484095546860048631e-01
2.200000000000000000e+01,2.904883366561006319e+00,1.613132710617492527e-01
2.200000000000000000e+01,2.907260599562923709e+00,1.669959369431058827e-01
2.200000000000000000e+01,2.909634898318774088e+00,1.634186457484010369e-01
2.200000000000000000e+01,2.912013078324352744e+00,1.552707004496334808e-01
2.200000000000000000e+01,2.914395149104420657e+00,1.515158262783814491e-01
2.200000000000000000e+01,2.916774258379155604e+00,1.480020085124140461e-01
2.200000000000000000e+01,2.919150382085439865e+00,1.493785790888047804e-01
2.200000000000000000e+01,2.921523496123781261e+00,1.473967395624347920e-01
2.200000000000000000e+01,2.923907367138645963e+00,1.462000213861961162e-01
2.200000000000000000e+01,2.926281318344463589e+00,1.309948451155646676e-01
2.200000000000000000e+01,2.928659127554641639e+00,2.024167310450732463e-02
2.200000000000000000e+01,2.931040804181527015e+00,3.926440087131504927e-03
2.200000000000000000e+01,2.933419417291878162e+00,2.242726872316846965e-04
2.200000000000000000e+01,2.935794942524495799e+00,1.126812038558252062e-04
2.200000000000000000e+01,2.938174318344370928e+00,1.493946263547642379e-03
2.200000000000000000e+01,2.940550579959972044e+00,1.382381113788846635e-03
2.200000000000000000e+01,2.942930688311046872e+00,1.022203618677784307e-03
2.200000000000000000e+01,2.945307656001242336e+00,5.021651112808128801e-05
2.200000000000000000e+01,2.947681458460930770e+00,1.051961416767615502e-04
2.200000000000000000e+01,2.950059090390392047e+00,2.354055828012692128e-04
2.200000000000000000e+01,2.952440561063782720e+00,9.108383428705210064e-04
2.200000000000000000e+01,2.954818837778843132e+00,5.509610769164242786e-04
2.200000000000000000e+01,2.957193895793339244e+00,2.287270599974719639e-04
2.200000000000000000e+01,2.959572774981745535e+00,7.616239706855507195e-04
2.200000000000000000e+01,2.961955484573179920e+00,7.075923645099926082e-05
2.200000000000000000e+01,2.964327858985216224e+00,4.871738133319545531e-04
2.200000000000000000e+01,2.966711135514628506e+00,8.521872614732248176e-04
2.200000000000000000e+01,2.969084027002956372e+00,3.963887465751367951e-04
2.200000000000000000e+01,2.971467838945096585e+00,2.900561808823024466e-03
2.200000000000000000e+01,2.973841215813263883e+00,3.514886472722818234e-02
2.200000000000000000e+01,2.976218387048926051e+00,3.698209270605824078e-02
2.200000000000000000e+01,2.978599361758565323e+00,3.653883046394310746e-02
2.200000000000000000e+01,2.980976981837772488e+00,3.720358630683296558e-02
2.200000000000000000e+01,2.983351222083469256e+00,3.584958514770379689e-02
2.200000000000000000e+01,2.985729247336589065e+00,3.593827490217655490e-02
2.200000000000000000e+01,2.988111066655426029e+00,3.559801468455452839e-02
2.200000000000000000e+01,2.990489476071835462e+00,3.416169656727011117e-02
2.200000000000000000e+01,2.992864450213154281e+00,3.382234691036391933e-02
2.200000000000000000e+01,2.995243199646329124e+00,3.371975912182952756e-02
2.200000000000000000e+01,2.997618485893688511e+00,3.124241602427213493e-02
2.200000000000000000e+01,2.999997542427555786e+00,1.848037924579537354e-03
2.300000000000000000e+01,2.857318627786822773e+00,6.608610342821171846e-05
2.300000000000000000e+01,2.859697765996172869e+00,1.099039431803245401e-04
2.300000000000000000e+01,2.862080869472485301e+00,1.877150010531983553e-04
2.300000000000000000e+01,2.864454712355927857e+00,2.615250955149449937e-04
2.300000000000000000e+01,2.866832496293459265e+00,2.499967271598077328e-04
2.300000000000000000e+01,2.869214231107640511e+00,2.853629424265535677e-04
2.300000000000000000e+01,2.871586624881306449e+00,3.992273459071341989e-04
2.300000000000000000e+01,2.873969606985570024e+00,4.501941748316265045e-04
2.300000000000000000e+01,2.876343201527446158e+00,6.705397010750104893e-04
2.300000000000000000e+01,2.878720719985517373e+00,8.206361701617031091e-04
2.300000000000000000e+01,2.881102172098087610e+00,2.314315148783047463e-03
2.300000000000000000e+01,2.883480861554354568e+00,3.007890962826357262e-01
2.300000000000000000e+01,2.885856764896066906e+00,3.076387871935323259e-01
2.300000000000000000e+01,2.888236586815389195e+00,3.144221087654385238e-01
2.300000000000000000e+01,2.890613597715197436e+00,3.203132261814693460e-01
2.300000000000000000e+01,2.892994524384758570e+00,3.307001963197527816e-01
2.300000000000000000e+01,2.895365853522527733e+00,3.385878579768690777e-01
2.300000000000000000e+01,2.897747845885614293e+00,3.458361340919459126e-01
2.300000000000000000e+01,2.900126977032283726e+00,3.506951436460235549e-01
2.300000000000000000e+01,2.902503223200517901e+00,3.566383813782168510e-01
2.300000000000000000e+01,2.904883366561006319e+00,3.618038024751444870e-01
2.300000000000000000e+01,2.907260599562923709e+00,3.679666695657533571e-01
2.300000000000000000e+01,2.909634898318774088e+00,3.719365513582382210e-01
2.300000000000000000e+01,2.912013078324352744e+00,3.739395625873120355e-01
2.300000000000000000e+01,2.914395149104420657e+00,3.759850491404355677e-01
2.300000000000000000e+01,2.916774258379155604e+00,3.777909417507244183e-01
2.300000000000000000e+01,2.919150382085439865e+00,3.798465247362334263e-01
2.300000000000000000e+01,2.921523496123781261e+00,3.810830071510001305e-01
2.300000000000000000e+01,2.923907367138645963e+00,3.814227578550122844e-01
2.300000000000000000e+01,2.926281318344463589e+00,3.908359577349578839e-01
2.300000000000000000e+01,2.928659127554641639e+00,5.000389268739938720e-01
2.300000000000000000e+01,2.931040804181527015e+00,5.152093601344149842e-01
2.300000000000000000e+01,2.933419417291878162e+00,5.230528849893231191e-01
2.300000000000000000e+01,2.935794942524495799e+00,5.231167581958647839e-01
2.300000000000000000e+01,2.938174318344370928e+00,5.169455829694713511e-01
2.300000000000000000e+01,2.940550579959972044e+00,5.151205174819075694e-01
2.300000000000000000e+01,2.942930688311046872e+00,5.133827289020163054e-01
2.300000000000000000e+01,2.945307656001242336e+00,5.170556375175323627e-01
2.300000000000000000e+01,2.947681458460930770e+00,5.156330431647675461e-01
2.300000000000000000e+01,2.950059090390392047e+00,5.136330955605782345e-01
2.300000000000000000e+01,2.952440561063782720e+00,4.990605454461745083e-01
2.300000000000000000e+01,2.954818837778843132e+00,3.669937653225444074e-01
2.300000000000000000e+01,2.957193895793339244e+00,1.606478779306813043e-01
2.300000000000000000e+01,2.959572774981745535e+00,1.589005245475557659e-01
2.300000000000000000e+01,2.961955484573179920e+00,1.574625423572867944e-01
2.300000000000000000e+01,2.964327858985216224e+00,1.558022324622163335e-01
2.300000000000000000e+01,2.966711135514628506e+00,1.517270368425797378e-01
2.300000000000000000e+01,2.969084027002956372e+00,1.504107617687170662e-01
2.300000000000000000e+01,2.971467838945096585e+00,1.479672701104863541e-01
2.300000000000000000e+01,2.973841215813263883e+00,1.422403148407405116e-01
2.300000000000000000e+01,2.976218387048926051e+00,1.408487724089500237e-01
2.300000000000000000e+01,2.978599361758565323e+00,1.381502455098276017e-01
2.300000000000000000e+01,2.980976981837772488e+00,1.315631378567940213e-01
2.300000000000000000e+01,2.983351222083469256e+00,1.306499927970045105e-01
2.300000000000000000e+01,2.985729247336589065e+00,1.252153693186596473e-01
2.300000000000000000e+01,2.988111066655426029e+00,1.200016913019082559e-01
2.300000000000000000e+01,2.990489476071835462e+00,1.196122030674132697e-01
2.300000000000000000e+01,2.992864450213154281e+00,5.989460323112333166e-03
2.300000000000000000e+01,2.995243199646329124e+00,3.004269866857536657e-03
2.300000000000000000e+01,2.997618485893688511e+00,1.742982904167947019e-03
2.300000000000000000e+01,2.999997542427555786e+00,3.340814197318077439e-02
2.400000000000000000e+01,2.959572774981745535e+00,3.380626847029536974e-01
2.400000000000000000e+01,2.961955484573179920e+00,3.399839488255586017e-01
2.400000000000000000e+01,2.964327858985216224e+00,3.396988941505568182e-01
2.400000000000000000e+01,2.966711135514628506e+00,3.353337271958811150e-01
2.400000000000000000e+01,2.969084027002956372e+00,3.381808025034711562e-01
2.400000000000000000e+01,2.971467838945096585e+00,3.396268648839128046e-01
2.400000000000000000e+01,2.973841215813263883e+00,3.327059148072004646e-01
2.400000000000000000e+01,2.976218387048926051e+00,1.843114352631266065e-02
2.400000000000000000e+01,2.978599361758565323e+00,1.562900440328349183e-03
2.400000000000000000e+01,2.980976981837772488e+00,4.808943105954292634e-03
2.400000000000000000e+01,2.983351222083469256e+00,1.222661656592506814e-03
2.400000000000000000e+01,2.985729247336589065e+00,2.862740066071009244e-03
2.400000000000000000e+01,2.988111066655426029e+00,4.314173949673590774e-03
2.400000000000000000e+01,2.990489476071835462e+00,3.037231381203236991e-03
2.400000000000000000e+01,2.992864450213154281e+00,1.135353416926351139e-01
2.400000000000000000e+01,2.995243199646329124e+00,1.131156837358893719e-01
2.400000000000000000e+01,2.997618485893688511e+00,1.153396123448273830e-01
2.400000000000000000e+01,2.999997542427555786e+00,1.105583882854216521e-01
2.500000000000000000e+01,2.959572774981745535e+00,1.151316485992704352e-04
2.500000000000000000e+01,2.961955484573179920e+00,1.370418052590564753e-04
2.500000000000000000e+01,2.964327858985216224e+00,1.379195031232735851e-04
2.500000000000000000e+01,2.966711135514628506e+00,8.146994108754703661e-04
2.500000000000000000e+01,2.969084027002956372e+00,6.293974326312880719e-04
2.500000000000000000e+01,2.971467838945096585e+00,4.500537695773292263e-04
2.500000000000000000e+01,2.973841215813263883e+00,5.901055403213854335e-03
2.500000000000000000e+01,2.976218387048926051e+00,3.237012780406681167e-01
2.500000000000000000e+01,2.978599361758565323e+00,3.427231208119811412e-01
2.500000000000000000e+01,2.980976981837772488e+00,3.392546739804425671e-01
2.500000000000000000e+01,2.983351222083469256e+00,3.463399908202879351e-01
2.500000000000000000e+01,2.985729247336589065e+00,3.455429638463414777e-01
2.500000000000000000e+01,2.988111066655426029e+00,3.465661400420209648e-01
2.500000000000000000e+01,2.990489476071835462e+00,3.511572250410864293e-01
2.500000000000000000e+01,2.992864450213154281e+00,3.497110157716634138e-01
2.500000000000000000e+01,2.995243199646329124e+00,3.500432206672591251e-01
2.500000000000000000e+01,2.997618485893688511e+00,3.533462682686106526e-01
2.500000000000000000e+01,2.999997542427555786e+00,3.512292785519441352e-01
