mode,energy_eV,absorptance
0.000000000000000000e+00,1.099999098890103832e+00,5.602059152840059564e-04
0.000000000000000000e+00,1.102375730712192192e+00,1.266252365377114027e-03
0.000000000000000000e+00,1.104752810646187022e+00,6.560529523181726297e-04
0.000000000000000000e+00,1.107130277917975025e+00,-4.446844338528903675e-05
0.000000000000000000e+00,1.109508071207282898e+00,-1.819243925493440250e-03
0.000000000000000000e+00,1.111886128647274319e+00,1.023118359566238056e-04
0.000000000000000000e+00,1.114264387824213776e+00,2.066456344309171387e-03
0.000000000000000000e+00,1.116642785777203883e+00,2.136262927891936780e-02
0.000000000000000000e+00,1.119021258997989765e+00,7.908539835587393568e-03
0.000000000000000000e+00,1.121399743430837814e+00,2.564404652340250557e-03
0.000000000000000000e+00,1.123778174472484626e+00,1.454292145541422542e-04
0.000000000000000000e+00,1.126156486972162973e+00,-4.939393796077590199e-05
0.000000000000000000e+00,1.128534615231699956e+00,-9.852353191865223687e-05
0.000000000000000000e+00,1.130912493005694186e+00,3.471619930016350125e-05
0.000000000000000000e+00,1.133290053501766481e+00,3.290844181272472853e-05
0.000000000000000000e+00,1.135667229380893373e+00,2.688721677894653764e-05
0.000000000000000000e+00,1.138043952757815891e+00,-8.672867661691090698e-07
0.000000000000000000e+00,1.140430645006762944e+00,-9.143814961602559732e-07
0.000000000000000000e+00,1.142806301289510440e+00,1.789267406498091303e-05
0.000000000000000000e+00,1.145181298221050525e+00,2.324708579896260646e-06
0.000000000000000000e+00,1.147555565735549843e+00,1.077073287660845203e-05
0.000000000000000000e+00,1.149939698688533074e+00,-5.434126135034440602e-07
0.000000000000000000e+00,1.152312339057216528e+00,8.819621963917502660e-07
0.000000000000000000e+00,1.154694790481869404e+00,2.483458091660078608e-05
0.000000000000000000e+00,1.157076315485336515e+00,5.295952840837008118e-06
0.000000000000000000e+00,1.159445998776818199e+00,6.925021669162561206e-06
0.000000000000000000e+00,1.161825408173174257e+00,-7.781157015883344999e-06
0.000000000000000000e+00,1.164203671776672389e+00,-2.451522091767392090e-07
0.000000000000000000e+00,1.166580715404594182e+00,1.071004508937443940e-04
0.000000000000000000e+00,1.168956464334743650e+00,1.645032002967396776e-04
0.000000000000000000e+00,1.171341909466407039e+00,1.465188726110792288e-04
0.000000000000000000e+00,1.173714887566505771e+00,3.532667978539841790e-03
0.000000000000000000e+00,1.176097499840639937e+00,8.496350110065496817e-05
0.000000000000000000e+00,1.178478603450343609e+00,-1.043048969120011312e-06
0.000000000000000000e+00,1.180846874482839759e+00,-2.157664069668756930e-05
0.000000000000000000e+00,1.183224683239016084e+00,9.196531336839106961e-07
0.000000000000000000e+00,1.185612087451950236e+00,1.641696294306356098e-05
0.000000000000000000e+00,1.187986378893309602e+00,7.532833380936391185e-06
0.000000000000000000e+00,1.190358770252602172e+00,9.275280615397359075e-07
0.000000000000000000e+00,1.192740655833151475e+00,-1.399176724600642432e-06
0.000000000000000000e+00,1.195120572508726164e+00,2.795246169536924146e-07
0.000000000000000000e+00,1.197498439510897406e+00,3.509310916294154012e-06
0.000000000000000000e+00,1.199874175544611843e+00,5.314800029496443811e-06
0.000000000000000000e+00,1.202247698790813724e+00,2.565112367338767527e-07
0.000000000000000000e+00,1.204630630988217099e+00,4.743932971332655964e-07
0.000000000000000000e+00,1.207011277581778286e+00,6.238662576095517644e-07
0.000000000000000000e+00,1.209389555328822752e+00,7.449965865533848002e-07
0.000000000000000000e+00,1.211765380466591990e+00,4.181809077617956410e-06
0.000000000000000000e+00,1.214138668715299518e+00,4.290046584905244023e-07
0.000000000000000000e+00,1.216521271556269213e+00,6.396744142296373362e-07
0.000000000000000000e+00,1.218901260673629805e+00,1.028529333080897127e-06
0.000000000000000000e+00,1.221278550366432736e+00,1.155287456340024039e-07
0.000000000000000000e+00,1.223653054421999675e+00,2.981413979720929165e-06
0.000000000000000000e+00,1.226036809853057186e+00,1.145842241191776860e-06
0.000000000000000000e+00,1.228405528858331763e+00,2.614508868483711929e-07
0.000000000000000000e+00,1.230783418372779048e+00,1.206463840054066032e-06
0.000000000000000000e+00,1.233170531755207078e+00,1.849168276455214221e-07
0.000000000000000000e+00,1.235542297137962597e+00,1.890683660056482250e-06
0.000000000000000000e+00,1.237923203366784186e+00,1.834756978451601753e-06
0.000000000000000000e+00,1.240300895663398073e+00,9.426083463098994745e-08
0.000000000000000000e+00,1.242677775014586095e+00,9.780655673876788626e-07
0.000000000000000000e+00,1.245056280032780238e+00,4.700202378422124651e-07
0.000000000000000000e+00,1.247433866845625072e+00,7.060095626193303273e-07
0.000000000000000000e+00,1.249811732522333463e+00,2.210110177742712570e-06
0.000000000000000000e+00,1.252189828228160717e+00,9.690188921493131234e-08
0.000000000000000000e+00,1.254568104745505508e+00,8.109388800111283664e-07
0.000000000000000000e+00,1.256946512473745337e+00,8.629622132722315984e-07
0.000000000000000000e+00,1.259323722316235017e+00,1.836685323601419696e-07
0.000000000000000000e+00,1.261702237295382556e+00,2.187696887147097084e-06
0.000000000000000000e+00,1.264080732375299165e+00,3.177040784896897205e-07
0.000000000000000000e+00,1.266457862776105170e+00,6.287224029772193296e-07
0.000000000000000000e+00,1.268836159410696496e+00,1.509859200495692738e-06
0.000000000000000000e+00,1.271214281587295547e+00,2.232861352507190575e-08
0.000000000000000000e+00,1.273592177023115557e+00,2.146252640321212932e-06
0.000000000000000000e+00,1.275969793052491141e+00,7.363088495003973801e-07
0.000000000000000000e+00,1.278348394676446675e+00,3.204317118920124919e-07
0.000000000000000000e+00,1.280725297271503527e+00,2.263026596044741653e-06
0.000000000000000000e+00,1.283104415923701946e+00,2.031434694561513977e-07
0.000000000000000000e+00,1.285481727588297707e+00,1.801806889467252843e-05
0.000000000000000000e+00,1.287859838407007906e+00,1.616955182340241052e-06
0.000000000000000000e+00,1.290237365594768537e+00,1.018582230938101425e-07
0.000000000000000000e+00,1.292615601494206734e+00,9.073203109186262504e-07
0.000000000000000000e+00,1.294993152720043783e+00,3.271294789737883614e-07
0.000000000000000000e+00,1.297371320810711826e+00,8.493284183215902738e-07
0.000000000000000000e+00,1.299750064295511320e+00,1.562645040390268300e-06
0.000000000000000000e+00,1.302127973832296837e+00,4.087218385098247568e-08
0.000000000000000000e+00,1.304504992295077548e+00,1.055865650077521978e-06
0.000000000000000000e+00,1.306883817274359982e+00,6.568616720961859882e-07
0.000000000000000000e+00,1.309261655848396488e+00,4.017366643983974119e-07
0.000000000000000000e+00,1.311639837390945473e+00,2.081123243265300038e-06
0.000000000000000000e+00,1.314016925775080002e+00,1.553074888992462541e-07
0.000000000000000000e+00,1.316395657391975726e+00,1.059131854673518550e-06
0.000000000000000000e+00,1.318773197764609995e+00,1.356360424803954605e-06
0.000000000000000000e+00,1.321150895014793214e+00,1.835280620688379844e-07
0.000000000000000000e+00,1.323530117170831355e+00,2.891922618758205758e-06
0.000000000000000000e+00,1.325907998417265699e+00,5.100976261090919798e-07
0.000000000000000000e+00,1.328285901053660734e+00,1.306546424776742508e-06
0.000000000000000000e+00,1.330663779257676982e+00,2.233966131946003009e-06
0.000000000000000000e+00,1.333041586878621620e+00,1.862149221883593339e-07
0.000000000000000000e+00,1.335419277437480678e+00,5.532701744165652497e-06
0.000000000000000000e+00,1.337796804126984540e+00,2.418011187219621246e-06
0.000000000000000000e+00,1.340175568438737086e+00,2.065160239974358111e-06
0.000000000000000000e+00,1.342552630798620195e+00,1.122472548793452308e-05
0.000000000000000000e+00,1.344930845832843502e+00,5.131302628557862788e-06
0.000000000000000000e+00,1.347308716820470487e+00,2.551945432615203334e-04
0.000000000000000000e+00,1.349687664603416160e+00,8.900894123295451771e-05
0.000000000000000000e+00,1.352064707084743578e+00,2.497293006234197876e-06
0.000000000000000000e+00,1.354442738914278577e+00,8.178395611303104578e-06
0.000000000000000000e+00,1.356821726285427188e+00,2.061903961956695314e-06
0.000000000000000000e+00,1.359198655024307145e+00,1.762988910476049566e-06
0.000000000000000000e+00,1.361576449996873439e+00,2.371342036847536169e-06
0.000000000000000000e+00,1.363955076519934195e+00,2.902572981957876411e-07
0.000000000000000000e+00,1.366332993909127991e+00,1.670768109262863329e-06
0.000000000000000000e+00,1.368710151197721991e+00,1.087452865844404157e-06
0.000000000000000000e+00,1.371089529547983243e+00,1.240962713572194695e-06
0.000000000000000000e+00,1.373466544440631543e+00,2.438924962899424666e-06
0.000000000000000000e+00,1.375844181692285284e+00,3.251139741857675540e-07
0.000000000000000000e+00,1.378222404895539377e+00,1.891996236537275281e-06
0.000000000000000000e+00,1.380601177370847310e+00,1.556093369327004479e-06
0.000000000000000000e+00,1.382978919523796035e+00,6.624043671615726610e-07
0.000000000000000000e+00,1.385357126148375695e+00,3.674710845324038386e-06
0.000000000000000000e+00,1.387734206447297503e+00,6.024313471465759193e-07
0.000000000000000000e+00,1.390113223827786459e+00,3.623301352189782318e-06
0.000000000000000000e+00,1.392491028330698821e+00,4.271255189370128552e-05
0.000000000000000000e+00,1.394869134848162107e+00,1.408501668438187357e-06
0.000000000000000000e+00,1.397245930094993760e+00,1.366394830934719411e-05
0.000000000000000000e+00,1.399624519051433369e+00,2.269243909353082880e-06
0.000000000000000000e+00,1.402003293241485871e+00,5.903433632122664045e-06
0.000000000000000000e+00,1.404380622437389370e+00,1.313925558064127334e-05
0.000000000000000000e+00,1.406758046866900980e+00,9.029243492675358738e-07
0.000000000000000000e+00,1.409137128030744313e+00,2.468090670520425899e-05
0.000000000000000000e+00,1.411514627924003840e+00,1.385919478106917700e-05
0.000000000000000000e+00,1.413892102100584580e+00,1.518719546085936533e-04
0.000000000000000000e+00,1.416271127497783944e+00,5.972661329569686414e-03
0.000000000000000000e+00,1.418648432802419590e+00,6.807086273976184384e-06
0.000000000000000000e+00,1.421025588977857357e+00,1.720655448684586743e-04
0.000000000000000000e+00,1.423404188478144317e+00,3.213202492118748575e-05
0.000000000000000000e+00,1.425782566128521500e+00,4.660677316613007139e-05
0.000000000000000000e+00,1.428160679720647197e+00,8.279713809826642987e-04
0.000000000000000000e+00,1.430538486772758411e+00,9.711185803469518998e-04
0.000000000000000000e+00,1.432915944529842500e+00,8.307381257765722362e-04
0.000000000000000000e+00,1.435294671521053944e+00,1.095947480673291428e-03
0.000000000000000000e+00,1.437671306838161023e+00,1.175025157558187098e-03
0.000000000000000000e+00,1.440050808136397853e+00,1.525797950200796478e-03
0.000000000000000000e+00,1.442428130388856866e+00,2.160181796324052005e-03
0.000000000000000000e+00,1.444806580222042447e+00,2.671850671332973073e-03
0.000000000000000000e+00,1.447184440705151953e+00,4.178625511512307385e-03
0.000000000000000000e+00,1.449561667222405870e+00,6.512096134774118285e-03
0.000000000000000000e+00,1.451939915205273879e+00,1.132628948556247371e-02
0.000000000000000000e+00,1.454317450317589300e+00,2.737366198319273608e-02
0.000000000000000000e+00,1.456695938627691200e+00,7.844432557401018191e-02
0.000000000000000000e+00,1.459073634158916555e+00,3.831099716751568685e-01
0.000000000000000000e+00,1.461452213653828158e+00,5.485795111718666517e-01
0.000000000000000000e+00,1.463829919457844797e+00,1.233455278778921721e-01
0.000000000000000000e+00,1.466208439024566657e+00,5.163018055393339689e-02
0.000000000000000000e+00,1.468586002984929362e+00,2.451424465525381749e-02
0.000000000000000000e+00,1.470964309539829262e+00,1.760460000621275056e-02
0.000000000000000000e+00,1.473341577570034255e+00,1.530301581661875753e-03
0.000000000000000000e+00,1.475719516059424974e+00,1.580457867157949352e-03
0.000000000000000000e+00,1.478098094240766214e+00,3.011731662450375908e-05
0.000000000000000000e+00,1.480475513315234082e+00,1.959573424450984386e-03
0.000000000000000000e+00,1.482853498523538649e+00,5.790194717861802797e-04
0.000000000000000000e+00,1.485232018414436084e+00,6.376083891181352943e-04
0.000000000000000000e+00,1.487609256426934090e+00,1.397856969246331904e-03
0.000000000000000000e+00,1.489986954141012232e+00,1.348428818232528538e-04
0.000000000000000000e+00,1.492365079420795659e+00,7.719597008144362272e-04
0.000000000000000000e+00,1.494743599912236265e+00,2.565845578393463931e-05
0.000000000000000000e+00,1.497120675253670763e+00,1.205885170027655006e-04
0.000000000000000000e+00,1.499499882482282054e+00,4.777110320061838029e-05
0.000000000000000000e+00,1.501877567244239930e+00,4.252548502718690173e-05
0.000000000000000000e+00,1.504255504071110305e+00,1.302924198733273553e-03
0.000000000000000000e+00,1.506633659486564580e+00,2.630804168264939364e-05
0.000000000000000000e+00,1.509011999795530246e+00,1.069740841222748971e-04
0.000000000000000000e+00,1.511388648673164026e+00,2.483679913332472711e-05
0.000000000000000000e+00,1.513767251004833225e+00,2.096789921108051241e-05
0.000000000000000000e+00,1.516145935822170943e+00,5.103088585492939351e-05
0.000000000000000000e+00,1.518522808709106275e+00,2.585674734451893889e-06
0.000000000000000000e+00,1.520901548735163589e+00,2.991679113522708206e-05
0.000000000000000000e+00,1.523278395355869286e+00,4.959136626729350602e-06
0.000000000000000000e+00,1.525657050519223512e+00,2.405541477560845767e-05
0.000000000000000000e+00,1.528035613106303980e+00,2.130118262778988623e-05
0.000000000000000000e+00,1.530412158368475106e+00,3.181454763243128806e-06
0.000000000000000000e+00,1.532790422710940126e+00,1.942788541903185066e-05
0.000000000000000000e+00,1.535168486814444622e+00,1.526257395177581553e-06
0.000000000000000000e+00,1.537546314356687649e+00,2.091818701948768380e-05
0.000000000000000000e+00,1.539925781434329011e+00,1.389325622759402353e-05
0.000000000000000000e+00,1.542303031922281464e+00,4.381868887480514837e-06
0.000000000000000000e+00,1.544679935578640473e+00,2.430467717461063960e-05
0.000000000000000000e+00,1.547058385603538921e+00,1.259960318858529358e-06
0.000000000000000000e+00,1.549436426059346950e+00,3.459036017400629408e-05
0.000000000000000000e+00,1.551814019337569794e+00,2.347956156613288949e-05
0.000000000000000000e+00,1.554193075854291672e+00,2.097718015644667530e-05
0.000000000000000000e+00,1.556571621252926807e+00,3.157261561048498776e-05
0.000000000000000000e+00,1.558949617294478562e+00,1.852186034289137215e-06
0.000000000000000000e+00,1.561327025522138312e+00,1.684766808051933189e-05
0.000000000000000000e+00,1.563703807261558554e+00,7.656490469192681922e-07
0.000000000000000000e+00,1.566081901784048602e+00,8.133406889327979443e-06
0.000000000000000000e+00,1.568461288012522381e+00,6.044871114962083277e-06
0.000000000000000000e+00,1.570837964304495848e+00,3.425950509997673776e-06
0.000000000000000000e+00,1.573215865533810209e+00,9.858725164193785426e-06
0.000000000000000000e+00,1.575594970075133272e+00,6.716140425654129034e-08
0.000000000000000000e+00,1.577973247821740976e+00,7.474118949003900759e-06
0.000000000000000000e+00,1.580350658646643147e+00,2.834154078802079188e-06
0.000000000000000000e+00,1.582729182648527688e+00,6.686139220973164409e-06
0.000000000000000000e+00,1.585106770971465240e+00,2.108759271976944798e-05
0.000000000000000000e+00,1.587483382861448522e+00,8.366962866430957315e-07
0.000000000000000000e+00,1.589863054736732062e+00,1.034512620952988089e-05
0.000000000000000000e+00,1.592239647623282961e+00,1.097612920617536514e-06
0.000000000000000000e+00,1.594619254564539901e+00,7.420821498582323307e-06
0.000000000000000000e+00,1.596995699582284045e+00,6.241729998959433869e-06
0.000000000000000000e+00,1.599375112011809597e+00,1.848647692236199974e-06
0.000000000000000000e+00,1.601751278763500652e+00,6.674162298935398615e-06
0.000000000000000000e+00,1.604130365570978434e+00,2.368047410746943253e-07
0.000000000000000000e+00,1.606508203736388474e+00,8.572450405133849062e-06
0.000000000000000000e+00,1.608886838448475576e+00,3.259736224661448458e-06
0.000000000000000000e+00,1.611264151472938666e+00,2.925121127513905307e-06
0.000000000000000000e+00,1.613642199950546807e+00,6.232312737021663254e-06
0.000000000000000000e+00,1.616020959246320388e+00,9.068755936959019735e-07
0.000000000000000000e+00,1.618398292022371621e+00,8.204722611212575994e-06
0.000000000000000000e+00,1.620776273428434777e+00,3.510209942824896521e-07
0.000000000000000000e+00,1.623154878309403193e+00,5.836555268687046311e-06
0.000000000000000000e+00,1.625531950142255599e+00,6.226748087041001137e-06
0.000000000000000000e+00,1.627909582167395008e+00,2.886105175425870399e-06
0.000000000000000000e+00,1.630287748709084994e+00,2.378408453780790762e-05
0.000000000000000000e+00,1.632666423928462507e+00,5.218927951016600979e-07
0.000000000000000000e+00,1.635043425604618017e+00,8.809411183559972788e-05
0.000000000000000000e+00,1.637420871234776421e+00,1.305753256578792465e-05
0.000000000000000000e+00,1.639798734458945972e+00,1.560970267504900539e-05
0.000000000000000000e+00,1.642176988753630829e+00,2.128808672549786687e-05
0.000000000000000000e+00,1.644555607431689159e+00,1.791516336839618114e-06
0.000000000000000000e+00,1.646934563642211913e+00,1.562663967826661014e-05
0.000000000000000000e+00,1.649311636354932720e+00,3.760393089681901069e-07
0.000000000000000000e+00,1.651688979741587904e+00,1.223287519872218224e-05
0.000000000000000000e+00,1.654066566429912566e+00,1.431370339560503139e-06
0.000000000000000000e+00,1.656446581917050409e+00,3.708289038809692743e-06
0.000000000000000000e+00,1.658824578794847904e+00,8.276712446682571689e-06
0.000000000000000000e+00,1.661200510123229890e+00,1.600911728635291203e-06
0.000000000000000000e+00,1.663578793016376123e+00,1.093484723638956966e-05
0.000000000000000000e+00,1.665957179889875128e+00,2.183377562402082150e-07
0.000000000000000000e+00,1.668335642387050344e+00,9.259464059999834506e-06
0.000000000000000000e+00,1.670714151986992135e+00,1.674791962353542553e-06
0.000000000000000000e+00,1.673090422268976418e+00,7.886648930191184070e-06
0.000000000000000000e+00,1.675468933430814822e+00,8.440932480273859328e-06
0.000000000000000000e+00,1.677847405138119141e+00,3.938540169680964501e-06
0.000000000000000000e+00,1.680225808213018368e+00,2.346310929510577771e-05
0.000000000000000000e+00,1.682604113313405536e+00,1.957466536921728599e-06
0.000000000000000000e+00,1.684982290932964144e+00,4.449786410252697653e-05
0.000000000000000000e+00,1.687360311401208346e+00,2.161758519536423613e-06
0.000000000000000000e+00,1.689738144883533133e+00,4.150145287665312464e-05
0.000000000000000000e+00,1.692115761381273620e+00,3.964985328056804865e-05
0.000000000000000000e+00,1.694493130731776098e+00,4.710275524596029147e-05
0.000000000000000000e+00,1.696870222608480416e+00,8.929245279927249446e-05
0.000000000000000000e+00,1.699249335401934236e+00,1.109097211009250705e-05
0.000000000000000000e+00,1.701628122620680639e+00,7.673825965711077732e-05
0.000000000000000000e+00,1.704004211532359703e+00,1.345300666366014097e-06
0.000000000000000000e+00,1.706382248516707056e+00,8.519551167932038762e-05
0.000000000000000000e+00,1.708759867047055625e+00,1.359362664330554421e-05
0.000000000000000000e+00,1.711139397425514685e+00,3.473407857594911559e-05
0.000000000000000000e+00,1.713516091596347435e+00,3.626770423066672541e-05
0.000000000000000000e+00,1.715894647708231302e+00,1.947803316803156610e-05
0.000000000000000000e+00,1.718272672423617475e+00,5.073645669658098070e-05
0.000000000000000000e+00,1.720650133828133255e+00,2.611070056571389036e-06
0.000000000000000000e+00,1.723029394364145483e+00,4.197455556753655712e-05
0.000000000000000000e+00,1.725405639360965360e+00,1.803333523107602311e-06
0.000000000000000000e+00,1.727783632085690080e+00,4.696665854096528678e-05
0.000000000000000000e+00,1.730163359864028916e+00,1.747637630132355683e-05
0.000000000000000000e+00,1.732539967848906848e+00,2.382390050184114342e-05
0.000000000000000000e+00,1.734918258608534103e+00,6.560693813452775228e-05
0.000000000000000000e+00,1.737295784744042226e+00,1.404295536492659256e-05
0.000000000000000000e+00,1.739674954091988246e+00,1.965817406746684151e-04
0.000000000000000000e+00,1.742053305661134033e+00,5.343774134191606436e-06
0.000000000000000000e+00,1.744430805976284748e+00,1.246770877621209881e-04
0.000000000000000000e+00,1.746807421400558225e+00,5.623543649885768137e-05
0.000000000000000000e+00,1.749185585906543050e+00,5.279288074454598502e-05
0.000000000000000000e+00,1.751565285671503824e+00,4.220018263986156362e-05
0.000000000000000000e+00,1.753941544332989544e+00,2.109892346596445079e-05
0.000000000000000000e+00,1.756319283347408389e+00,7.705943126755043456e-05
0.000000000000000000e+00,1.758698488506720947e+00,1.214186670298325816e-05
0.000000000000000000e+00,1.761076644056678076e+00,1.154339080202252440e-04
0.000000000000000000e+00,1.763453715291095847e+00,2.392830530679417604e-06
0.000000000000000000e+00,1.765832182308382903e+00,1.343997340864291749e-04
0.000000000000000000e+00,1.768209508663195706e+00,9.339790548563924830e-06
0.000000000000000000e+00,1.770588187717695883e+00,9.112734088624784208e-05
0.000000000000000000e+00,1.772965669196805205e+00,2.736576132622919473e-05
0.000000000000000000e+00,1.775344459763996241e+00,2.755533970903045697e-05
0.000000000000000000e+00,1.777721995276969613e+00,3.225798338513734503e-05
0.000000000000000000e+00,1.780100795737554753e+00,1.540837635332115998e-05
0.000000000000000000e+00,1.782478283099381056e+00,2.664748384107051843e-05
0.000000000000000000e+00,1.784856990739158489e+00,3.215365204138152495e-06
0.000000000000000000e+00,1.787234326670235962e+00,3.153524715360710525e-05
0.000000000000000000e+00,1.789612837680196966e+00,8.031947719231799153e-07
0.000000000000000000e+00,1.791989917806559918e+00,4.635906918768199943e-05
0.000000000000000000e+00,1.794368127283230807e+00,1.635408813776247227e-05
0.000000000000000000e+00,1.796744846137017459e+00,3.083611689598084491e-05
0.000000000000000000e+00,1.799122648083041343e+00,3.403437643850116574e-05
0.000000000000000000e+00,1.801501516697256555e+00,1.923653663789768657e-05
0.000000000000000000e+00,1.803878810935230392e+00,2.009559268576985720e-05
0.000000000000000000e+00,1.806257124818080539e+00,6.330098934421417859e-06
0.000000000000000000e+00,1.808636441567766484e+00,2.019466921252152208e-05
0.000000000000000000e+00,1.811014098981616804e+00,2.719323227856799270e-06
0.000000000000000000e+00,1.813392711472929353e+00,2.773972827511195224e-05
0.000000000000000000e+00,1.815769602679484063e+00,1.815593894007082318e-07
0.000000000000000000e+00,1.818147400644648304e+00,1.966399490416297194e-05
0.000000000000000000e+00,1.820526087986671593e+00,1.917665334056988913e-06
0.000000000000000000e+00,1.822902967052714596e+00,2.075929095350673251e-05
0.000000000000000000e+00,1.825280686410676978e+00,3.712520240007296524e-06
0.000000000000000000e+00,1.827659228322897844e+00,1.116873336508716235e-05
0.000000000000000000e+00,1.830038574944468310e+00,8.012927384649651605e-06
0.000000000000000000e+00,1.832416000112327747e+00,9.359753108109331932e-06
0.000000000000000000e+00,1.834794179900823385e+00,7.739484006980505834e-06
0.000000000000000000e+00,1.837170373825880221e+00,3.506576048779720041e-06
0.000000000000000000e+00,1.839550001086070585e+00,8.230046028210557645e-06
0.000000000000000000e+00,1.841927591628267580e+00,1.691470421906945689e-06
0.000000000000000000e+00,1.844305849176059109e+00,7.884676378029569651e-06
0.000000000000000000e+00,1.846682004518993780e+00,2.318722596520142916e-07
0.000000000000000000e+00,1.849061532876481451e+00,7.466885290629716727e-06
0.000000000000000000e+00,1.851438907171361503e+00,4.999844721218159148e-07
0.000000000000000000e+00,1.853816858923008848e+00,1.220824875223530246e-05
0.000000000000000000e+00,1.856195368998788231e+00,1.863261652864373439e-06
0.000000000000000000e+00,1.858574418157592278e+00,1.869218451199292059e-05
0.000000000000000000e+00,1.860951193835267858e+00,1.379214887215952668e-05
0.000000000000000000e+00,1.863328455497598846e+00,5.241821256039425200e-05
0.000000000000000000e+00,1.865706183545688734e+00,3.353398522411446894e-05
0.000000000000000000e+00,1.868084358271926204e+00,4.924909653281090837e-05
0.000000000000000000e+00,1.870462959859882535e+00,1.037220546347644799e-04
0.000000000000000000e+00,1.872841968384215239e+00,1.009358473324162763e-04
0.000000000000000000e+00,1.875218527602503737e+00,4.037816189489177015e-04
0.000000000000000000e+00,1.877598282584272082e+00,5.597612512227394526e-05
0.000000000000000000e+00,1.879975533445847002e+00,5.787238292174455307e-04
0.000000000000000000e+00,1.882353096003137383e+00,4.461067042731858861e-05
0.000000000000000000e+00,1.884730949754881424e+00,1.805564705194911751e-03
0.000000000000000000e+00,1.887109074090651539e+00,6.726673823389417388e-06
0.000000000000000000e+00,1.889487448290790628e+00,1.650086476624498810e-03
0.000000000000000000e+00,1.891866051526354786e+00,2.116026634034568268e-02
0.000000000000000000e+00,1.894241968814363020e+00,2.109122045787399646e-02
0.000000000000000000e+00,1.896620959922661109e+00,2.836637639927001159e-02
0.000000000000000000e+00,1.899000116913673875e+00,3.245299987011712045e-02
0.000000000000000000e+00,1.901376502634666066e+00,4.588457651639312601e-02
0.000000000000000000e+00,1.903755920179471373e+00,4.849231223697624688e-02
0.000000000000000000e+00,1.906132508977648854e+00,3.847096162109261280e-02
0.000000000000000000e+00,1.908512101096307090e+00,2.305994098718013030e-02
0.000000000000000000e+00,1.910888806516348737e+00,1.288117014682665928e-02
0.000000000000000000e+00,1.913265533887637870e+00,7.488972490215759469e-03
0.000000000000000000e+00,1.915645221064280479e+00,4.177342032951071246e-03
0.000000000000000000e+00,1.918021933723900396e+00,2.807705900536136730e-03
0.000000000000000000e+00,1.920401576683357536e+00,1.784497866918716407e-03
0.000000000000000000e+00,1.922778185987368271e+00,1.435440846196887801e-03
0.000000000000000000e+00,1.925157695683840764e+00,1.827057837645264986e-04
0.000000000000000000e+00,1.927534112112835318e+00,1.804139381833075534e-05
0.000000000000000000e+00,1.929913398624609977e+00,1.445393556347676265e-04
0.000000000000000000e+00,1.932289531783984105e+00,6.494634206256248040e-06
0.000000000000000000e+00,1.934668504313772353e+00,8.009384986434295610e-05
0.000000000000000000e+00,1.937047289244272052e+00,4.322056290859226972e-06
0.000000000000000000e+00,1.939422829809603455e+00,6.765864335890969350e-05
0.000000000000000000e+00,1.941801162930054447e+00,7.065374884403023456e-06
0.000000000000000000e+00,1.944179239057897579e+00,4.195380111646926721e-05
0.000000000000000000e+00,1.946557034846245759e+00,6.597090760298883469e-06
0.000000000000000000e+00,1.948937590416296883e+00,3.989526703185833259e-05
0.000000000000000000e+00,1.951314762526208613e+00,1.394816724092819426e-05
0.000000000000000000e+00,1.953691583608964111e+00,3.498524039274531280e-05
0.000000000000000000e+00,1.956071115926188098e+00,1.629149982911795179e-05
0.000000000000000000e+00,1.958447170997391629e+00,3.982906016207933954e-05
0.000000000000000000e+00,1.960825904438677769e+00,3.703643971164159162e-05
0.000000000000000000e+00,1.963204206118381423e+00,5.546028427379065859e-05
0.000000000000000000e+00,1.965582051840911504e+00,3.727301494598271142e-05
0.000000000000000000e+00,1.967959417301841540e+00,2.995037085467546297e-05
0.000000000000000000e+00,1.970339409318672352e+00,4.610323887525127385e-05
0.000000000000000000e+00,1.972715748465783570e+00,3.522914007805953484e-05
0.000000000000000000e+00,1.975094680156374904e+00,6.207153084652157547e-05
0.000000000000000000e+00,1.977473048443104009e+00,3.118643915098998250e-05
0.000000000000000000e+00,1.979850828500714810e+00,7.613817429826764071e-05
0.000000000000000000e+00,1.982227995395533071e+00,3.295299913905814945e-05
0.000000000000000000e+00,1.984604524085609167e+00,5.136836206999616380e-05
0.000000000000000000e+00,1.986983573776171186e+00,1.038643247836987183e-05
0.000000000000000000e+00,1.989361950099164611e+00,2.542253872007300828e-05
0.000000000000000000e+00,1.991739627709276261e+00,8.808391690120658519e-06
0.000000000000000000e+00,1.994116581153200896e+00,1.667620223709255197e-05
0.000000000000000000e+00,1.996495999787446962e+00,4.973948443412569847e-06
0.000000000000000000e+00,1.998874658345563660e+00,1.387433615754540627e-05
0.000000000000000000e+00,2.001252531070988550e+00,5.910037194621143010e-06
0.000000000000000000e+00,2.003629592099526402e+00,1.413954904829284125e-05
0.000000000000000000e+00,2.006009061087529410e+00,4.578896867944750980e-06
0.000000000000000000e+00,2.008384428391164267e+00,1.608153418872258775e-05
0.000000000000000000e+00,2.010762166794522354e+00,7.202510334490646031e-06
0.000000000000000000e+00,2.013142273146784511e+00,2.112357991194754457e-05
0.000000000000000000e+00,2.015518191284053184e+00,7.205629496220123900e-06
0.000000000000000000e+00,2.017896439964003363e+00,3.135630089263843776e-05
0.000000000000000000e+00,2.020273723858567294e+00,1.387121775413092259e-05
0.000000000000000000e+00,2.022653315995031953e+00,4.287588640957441528e-05
0.000000000000000000e+00,2.025031905392828957e+00,1.098624239496449545e-05
0.000000000000000000e+00,2.027409465173173775e+00,4.410455329325452516e-05
0.000000000000000000e+00,2.029785968350953596e+00,1.529475817731646410e-05
0.000000000000000000e+00,2.032164718651917390e+00,5.369973750038893324e-05
0.000000000000000000e+00,2.034542373648666747e+00,1.232701356719835020e-05
0.000000000000000000e+00,2.036922252485694695e+00,5.649179917822266833e-05
0.000000000000000000e+00,2.039297642718866488e+00,2.394988137371288167e-05
0.000000000000000000e+00,2.041678579620796796e+00,9.259069889757035716e-05
0.000000000000000000e+00,2.044054972850176011e+00,2.432036555645833133e-05
0.000000000000000000e+00,2.046433526721744833e+00,1.057777385992683759e-04
0.000000000000000000e+00,2.048810851376187347e+00,8.555868264828399338e-05
0.000000000000000000e+00,2.051190312403015081e+00,3.395438775505432846e-04
0.000000000000000000e+00,2.053568504069569922e+00,1.530611711805638818e-04
0.000000000000000000e+00,2.055945398294015458e+00,6.829980304917818244e-04
0.000000000000000000e+00,2.058324384012754305e+00,1.377996037983661090e-02
0.000000000000000000e+00,2.060702031599246808e+00,1.708260992467598369e-02
0.000000000000000000e+00,2.063078312672746772e+00,2.366153389952834266e-02
0.000000000000000000e+00,2.065456639593524102e+00,2.390751860651804672e-02
0.000000000000000000e+00,2.067833558764816893e+00,2.498589605257695023e-02
0.000000000000000000e+00,2.070212498216723152e+00,1.913643660843601310e-02
0.000000000000000000e+00,2.072589988335185041e+00,1.597184722666205800e-02
0.000000000000000000e+00,2.074969472860463071e+00,1.191993164005429595e-02
0.000000000000000000e+00,2.077347466120683439e+00,1.023142758284879134e-02
0.000000000000000000e+00,2.079723939049616721e+00,8.269978431779855671e-03
0.000000000000000000e+00,2.082102359006916092e+00,8.089767590269261732e-03
0.000000000000000000e+00,2.084479216156104542e+00,7.228025617212568282e-03
0.000000000000000000e+00,2.086857993654473997e+00,5.454339086211090239e-04
0.000000000000000000e+00,2.089235165520535009e+00,4.306896534194586731e-04
0.000000000000000000e+00,2.091614230747953052e+00,4.373734763905082743e-04
0.000000000000000000e+00,2.093991647171488779e+00,4.466631340688238892e-04
0.000000000000000000e+00,2.096370929659487015e+00,8.326891417551862662e-05
0.000000000000000000e+00,2.098748519824702452e+00,4.000258379203136663e-05
0.000000000000000000e+00,2.101127948448022309e+00,4.780173992261985686e-05
0.000000000000000000e+00,2.103505640882435745e+00,3.620629879508889618e-05
0.000000000000000000e+00,2.105881566995955634e+00,3.400705326201730247e-05
0.000000000000000000e+00,2.108259281488489290e+00,2.095401450608470450e-05
0.000000000000000000e+00,2.110638778281487493e+00,5.960098324851001477e-05
0.000000000000000000e+00,2.113016450109418187e+00,3.546554552879916322e-05
0.000000000000000000e+00,2.115395875701245210e+00,7.014714500102227498e-05
0.000000000000000000e+00,2.117773431421519081e+00,2.803398029136766671e-05
0.000000000000000000e+00,2.120149086564412588e+00,1.145919712682253805e-04
0.000000000000000000e+00,2.122526443941901597e+00,2.688068443817652470e-05
0.000000000000000000e+00,2.124905497063319437e+00,8.677626632925885554e-05
0.000000000000000000e+00,2.127282589459348561e+00,2.688292931073493359e-05
0.000000000000000000e+00,2.129661348130645226e+00,8.107643721393517557e-05
0.000000000000000000e+00,2.132041766401622240e+00,2.317014803134279905e-05
0.000000000000000000e+00,2.134416488630205944e+00,3.918033623719113974e-05
0.000000000000000000e+00,2.136796506809325980e+00,2.250733105213905406e-05
0.000000000000000000e+00,2.139174456954846537e+00,1.945107163021867066e-05
0.000000000000000000e+00,2.141550307510549533e+00,1.722025278845353485e-05
0.000000000000000000e+00,2.143931441358600143e+00,8.455015502760900766e-06
0.000000000000000000e+00,2.146306729584555040e+00,1.451755030656329181e-05
0.000000000000000000e+00,2.148687286870718527e+00,5.601795813579054003e-06
0.000000000000000000e+00,2.151065666753996908e+00,1.355621451293491519e-05
0.000000000000000000e+00,2.153441837210316567e+00,2.866524370705800889e-06
0.000000000000000000e+00,2.155819514621453603e+00,1.449344060081905197e-05
0.000000000000000000e+00,2.158198691568031347e+00,4.491446378031295529e-06
0.000000000000000000e+00,2.160575595509616864e+00,2.232559087886677423e-05
0.000000000000000000e+00,2.162953967401529898e+00,8.484448023731126505e-06
0.000000000000000000e+00,2.165330017974534726e+00,3.130610827832040012e-05
0.000000000000000000e+00,2.167711294571818659e+00,1.944552627229669109e-05
0.000000000000000000e+00,2.170086419534671851e+00,2.813606629505268893e-05
0.000000000000000000e+00,2.172466754975850289e+00,3.479703941085550531e-05
0.000000000000000000e+00,2.174844688110332491e+00,1.971965697606140486e-05
0.000000000000000000e+00,2.177220185986402434e+00,5.022157663788123555e-05
0.000000000000000000e+00,2.179600878863794833e+00,6.167526114090914902e-06
0.000000000000000000e+00,2.181979103711777057e+00,4.940884240079537239e-05
0.000000000000000000e+00,2.184354827302986468e+00,3.693130110191797494e-06
0.000000000000000000e+00,2.186731873089897693e+00,3.939953373710163481e-05
0.000000000000000000e+00,2.189110232802705447e+00,1.357117724074012998e-05
0.000000000000000000e+00,2.191489898121623092e+00,2.107884762782918318e-05
0.000000000000000000e+00,2.193866978681393132e+00,2.882717845239993177e-05
0.000000000000000000e+00,2.196245331200582740e+00,9.495004915665915151e-06
0.000000000000000000e+00,2.198624947167761245e+00,4.275108164500726068e-05
0.000000000000000000e+00,2.201001910734452061e+00,4.318398273603472017e-06
0.000000000000000000e+00,2.203380103664479339e+00,6.090892774077997162e-05
0.000000000000000000e+00,2.205755593071625942e+00,5.887869710019974322e-06
0.000000000000000000e+00,2.208136210091760532e+00,6.267214450451565218e-05
0.000000000000000000e+00,2.210514089066549559e+00,2.277577547179693960e-05
0.000000000000000000e+00,2.212889195676467580e+00,3.929707252562751206e-05
0.000000000000000000e+00,2.215269411685253598e+00,3.743531111936610617e-05
0.000000000000000000e+00,2.217646820369182592e+00,2.268200374230308202e-05
0.000000000000000000e+00,2.220025362245094058e+00,5.564536038810905118e-05
0.000000000000000000e+00,2.222401044539729753e+00,1.245027120696566922e-05
0.000000000000000000e+00,2.224781816787405386e+00,6.692190582563477480e-05
0.000000000000000000e+00,2.227159693927706297e+00,1.217003712838757046e-05
0.000000000000000000e+00,2.229538650259491828e+00,5.425787876637266363e-05
0.000000000000000000e+00,2.231914658585150590e+00,2.088240819736913287e-05
0.000000000000000000e+00,2.234291710139395537e+00,2.486880369635973795e-05
0.000000000000000000e+00,2.236669795394403248e+00,2.924898313027840812e-05
0.000000000000000000e+00,2.239048904770509107e+00,5.750503851589750854e-06
0.000000000000000000e+00,2.241424976510854261e+00,2.997652350930299776e-05
0.000000000000000000e+00,2.243806096568353503e+00,3.403579424976988782e-06
0.000000000000000000e+00,2.246184142332022571e+00,2.818476807136442388e-05
0.000000000000000000e+00,2.248559078140137224e+00,1.373149386069618984e-05
0.000000000000000000e+00,2.250939041398960061e+00,1.906013716035893441e-05
0.000000000000000000e+00,2.253315857608640727e+00,3.005079433680704973e-05
0.000000000000000000e+00,2.255693594709365701e+00,5.902131421153398670e-06
0.000000000000000000e+00,2.258072242628007320e+00,3.607048015699125987e-05
0.000000000000000000e+00,2.260451791238908381e+00,3.196746357438977950e-06
0.000000000000000000e+00,2.262828100482377369e+00,2.718364177283128278e-05
0.000000000000000000e+00,2.265205272630280042e+00,1.255868866918003771e-05
0.000000000000000000e+00,2.267583297361956962e+00,1.052081075295543216e-05
0.000000000000000000e+00,2.269962164303962027e+00,2.303443836345762436e-05
0.000000000000000000e+00,2.272341863029972320e+00,2.314361313590553890e-06
0.000000000000000000e+00,2.274718209664019053e+00,2.701560740536917743e-05
0.000000000000000000e+00,2.277095349600728014e+00,3.329388712101109869e-06
0.000000000000000000e+00,2.279473272218509372e+00,2.370941828085259434e-05
0.000000000000000000e+00,2.281851966842678436e+00,1.559567140422125396e-05
0.000000000000000000e+00,2.284231422745374829e+00,7.306132279776825892e-06
0.000000000000000000e+00,2.286607412008805351e+00,2.728125232245067876e-05
0.000000000000000000e+00,2.288984123377203694e+00,1.032643477361921853e-06
0.000000000000000000e+00,2.291365780618124681e+00,2.455466157280074903e-05
0.000000000000000000e+00,2.293743912168016763e+00,7.412660354537757665e-06
0.000000000000000000e+00,2.296118480612924895e+00,1.171371913370299671e-05
0.000000000000000000e+00,2.298497970634805210e+00,2.044424213982806146e-05
0.000000000000000000e+00,2.300878127611091895e+00,1.381181191152247042e-06
0.000000000000000000e+00,2.303254661586480623e+00,2.190162863407164965e-05
0.000000000000000000e+00,2.305631822391659203e+00,5.306567582628285498e-06
0.000000000000000000e+00,2.308009598693951503e+00,8.746961373286816181e-06
0.000000000000000000e+00,2.310387979106963030e+00,1.555967285918188274e-05
0.000000000000000000e+00,2.312766952190511649e+00,1.625188345043388933e-06
0.000000000000000000e+00,2.315142183405042520e+00,1.457845553357057304e-05
0.000000000000000000e+00,2.317522298400336744e+00,4.453522961818567954e-06
0.000000000000000000e+00,2.319898630583908439e+00,7.053984748746467984e-06
0.000000000000000000e+00,2.322279841038421555e+00,9.985760759361809089e-06
0.000000000000000000e+00,2.324657227477955335e+00,1.304176658372968058e-06
0.000000000000000000e+00,2.327035118932285318e+00,1.131486428838067516e-05
0.000000000000000000e+00,2.329413503549994768e+00,3.647344325531857454e-06
0.000000000000000000e+00,2.331787983991368662e+00,7.123671987551757478e-06
0.000000000000000000e+00,2.334167310210840451e+00,1.195489183606311340e-05
0.000000000000000000e+00,2.336547093703715827e+00,2.182612653021714665e-06
0.000000000000000000e+00,2.338922910089027418e+00,1.750771709244926358e-05
0.000000000000000000e+00,2.341303562883347844e+00,6.980886514035487654e-06
0.000000000000000000e+00,2.343680206292833024e+00,1.038120951464340307e-05
0.000000000000000000e+00,2.346057240367172003e+00,2.517376220153188826e-05
0.000000000000000000e+00,2.348434652788937260e+00,2.947858706635859691e-06
0.000000000000000000e+00,2.350812431186368734e+00,2.482637768572299372e-05
0.000000000000000000e+00,2.353190563133336077e+00,1.680884979014952619e-05
0.000000000000000000e+00,2.355569036149298690e+00,8.060075684351434408e-06
0.000000000000000000e+00,2.357947837699267524e+00,3.135979852101558206e-05
0.000000000000000000e+00,2.360326955193766896e+00,5.648470296816832871e-06
0.000000000000000000e+00,2.362701873503119110e+00,2.202831979941486149e-05
0.000000000000000000e+00,2.365081575825791482e+00,2.235024360622269926e-05
0.000000000000000000e+00,2.367461555987104838e+00,3.985617474140302616e-06
0.000000000000000000e+00,2.369837271457410743e+00,2.710126146812531219e-05
0.000000000000000000e+00,2.372213220904162867e+00,9.542514291452904252e-06
0.000000000000000000e+00,2.374593939286923305e+00,9.857806156060367798e-06
0.000000000000000000e+00,2.376970326898085517e+00,2.428616538646013635e-05
0.000000000000000000e+00,2.379346909490778650e+00,3.221721964531484008e-06
0.000000000000000000e+00,2.381728249229686956e+00,2.292728456786961684e-05
0.000000000000000000e+00,2.384105191535353274e+00,1.698374343812049630e-05
0.000000000000000000e+00,2.386482289336266938e+00,4.688317105785589359e-06
0.000000000000000000e+00,2.388859529357821643e+00,3.023957639169336988e-05
0.000000000000000000e+00,2.391236898270765909e+00,1.244663527353134623e-05
0.000000000000000000e+00,2.393619003764643427e+00,1.245405166798126736e-05
0.000000000000000000e+00,2.395996599438805941e+00,3.129489142848319654e-05
0.000000000000000000e+00,2.398374283698073040e+00,1.018574434860089035e-05
0.000000000000000000e+00,2.400752042994434454e+00,1.781559070455714555e-05
0.000000000000000000e+00,2.403129863725176119e+00,3.067197390554889016e-05
0.000000000000000000e+00,2.405507732232872620e+00,1.389787087866121592e-05
0.000000000000000000e+00,2.407885634805378317e+00,3.616149125175500858e-05
0.000000000000000000e+00,2.410263557675826007e+00,6.444772934550047246e-05
0.000000000000000000e+00,2.412641487022620712e+00,3.905801409675973678e-04
0.000000000000000000e+00,2.415019408969439230e+00,9.193280281531433546e-05
0.000000000000000000e+00,2.417397309585231913e+00,5.818592417893646805e-04
0.000000000000000000e+00,2.419775174884221780e+00,6.222077192634657911e-04
0.000000000000000000e+00,2.422152990825908514e+00,7.334995982207178408e-04
0.000000000000000000e+00,2.424530743315073789e+00,9.575120214062173918e-04
0.000000000000000000e+00,2.426908418201789264e+00,1.042135806063655083e-03
0.000000000000000000e+00,2.429286001281421470e+00,1.231090145849326328e-03
0.000000000000000000e+00,2.431663478294642911e+00,1.389819919467065023e-03
0.000000000000000000e+00,2.434040834927446273e+00,5.711216022061577254e-04
0.000000000000000000e+00,2.436422844634672291e+00,1.144372473072340904e-03
0.000000000000000000e+00,2.438799926692925002e+00,1.653489338999187931e-05
0.000000000000000000e+00,2.441176845109251925e+00,5.090367841063237576e-05
0.000000000000000000e+00,2.443553585351005086e+00,8.780574645926370796e-05
0.000000000000000000e+00,2.445930132830938852e+00,1.157383081850557176e-05
0.000000000000000000e+00,2.448311307568818762e+00,1.814563641486637295e-05
0.000000000000000000e+00,2.450687434933867870e+00,4.029432708279795708e-05
0.000000000000000000e+00,2.453068178922694020e+00,1.233348145041706886e-05
0.000000000000000000e+00,2.455443827201868601e+00,1.241430132825413237e-05
0.000000000000000000e+00,2.457824081285056472e+00,3.178949813496548341e-05
0.000000000000000000e+00,2.460199191070725266e+00,1.329286880318401351e-05
0.000000000000000000e+00,2.462578895654787381e+00,7.097135234106003532e-06
0.000000000000000000e+00,2.464958307733604137e+00,2.543774158335158491e-05
0.000000000000000000e+00,2.467332502158201546e+00,1.281311394335389508e-05
0.000000000000000000e+00,2.469711274537423229e+00,3.721253742377847390e-06
0.000000000000000000e+00,2.472089709077717856e+00,1.808469050466319472e-05
0.000000000000000000e+00,2.474467790561501790e+00,1.061558901388618399e-05
0.000000000000000000e+00,2.476845503716746499e+00,1.661766294727338973e-06
0.000000000000000000e+00,2.479222833217026967e+00,1.145162889593244274e-05
0.000000000000000000e+00,2.481599763681567428e+00,8.611700223704753146e-06
0.000000000000000000e+00,2.483981256237295376e+00,8.148540691176034946e-07
0.000000000000000000e+00,2.486357351796226300e+00,7.897739466523853892e-06
0.000000000000000000e+00,2.488737997498906118e+00,1.130710121563140333e-05
0.000000000000000000e+00,2.491113196007286756e+00,1.641691585823220480e-06
0.000000000000000000e+00,2.493492932524325134e+00,9.318861181056416150e-06
0.000000000000000000e+00,2.495872195725481024e+00,3.509235009405324373e-05
0.000000000000000000e+00,2.498245935968249398e+00,6.996574605835316104e-06
0.000000000000000000e+00,2.500624195678618378e+00,1.969938074448886363e-05
0.000000000000000000e+00,2.503001934687554719e+00,5.007929309635098533e-04
0.000000000000000000e+00,2.505384199785404054e+00,5.753224300726314435e-04
0.000000000000000000e+00,2.507760859244102747e+00,6.085549604334442291e-04
0.000000000000000000e+00,2.510136950143142087e+00,5.794163977119247237e-04
0.000000000000000000e+00,2.512517547981021337e+00,5.697176132653687924e-04
0.000000000000000000e+00,2.514892463148078239e+00,5.227930882848374691e-04
0.000000000000000000e+00,2.517271872260600674e+00,4.576922144198951911e-04
0.000000000000000000e+00,2.519650667552726819e+00,4.684551223734378261e-04
0.000000000000000000e+00,2.522028832766149087e+00,1.796931234390745312e-06
0.000000000000000000e+00,2.524406351588751818e+00,5.356475532001848282e-05
0.000000000000000000e+00,2.526783207654688557e+00,7.751730004169863643e-05
0.000000000000000000e+00,2.529159384544463762e+00,2.560901767553007131e-06
0.000000000000000000e+00,2.531540034735527911e+00,2.568792208049190993e-05
0.000000000000000000e+00,2.533914813502587737e+00,5.500593476569209651e-05
0.000000000000000000e+00,2.536294051902468372e+00,2.530582972397403915e-05
0.000000000000000000e+00,2.538672564369699458e+00,2.178961765747600935e-06
0.000000000000000000e+00,2.541050334235800179e+00,2.266724095205554070e-05
0.000000000000000000e+00,2.543427344778853350e+00,3.926193576345861873e-05
0.000000000000000000e+00,2.545808806606810748e+00,1.894755340425306341e-05
0.000000000000000000e+00,2.548184257884455128e+00,1.044377658549356095e-06
0.000000000000000000e+00,2.550564146289386880e+00,1.996876725857491404e-05
0.000000000000000000e+00,2.552943227520946490e+00,3.398325506068621145e-05
0.000000000000000000e+00,2.555321484608414462e+00,1.702816396878276223e-05
0.000000000000000000e+00,2.557698900527907160e+00,1.757328976364853690e-06
0.000000000000000000e+00,2.560075458202479837e+00,2.188897907094928473e-05
0.000000000000000000e+00,2.562451140502226998e+00,4.628653860363902804e-05
0.000000000000000000e+00,2.564831236037994344e+00,1.824907402864929705e-05
0.000000000000000000e+00,2.567210441454971015e+00,2.952923356650031453e-06
0.000000000000000000e+00,2.569588739480965334e+00,5.602276360558765625e-05
0.000000000000000000e+00,2.571966112790943892e+00,7.937338480658008783e-05
0.000000000000000000e+00,2.574342544007147904e+00,1.460530666921962457e-04
0.000000000000000000e+00,2.576723370808659652e+00,2.321812179548405416e-04
0.000000000000000000e+00,2.579097875367938553e+00,9.838291238747054988e-04
0.000000000000000000e+00,2.581476760275176030e+00,1.181192286698998922e-03
0.000000000000000000e+00,2.583854652848235123e+00,1.235391126715044020e-03
0.000000000000000000e+00,2.586231535461967379e+00,1.324124314315808064e-03
0.000000000000000000e+00,2.588612795081014717e+00,1.364936843263758488e-03
0.000000000000000000e+00,2.590987614612529910e+00,1.327840953899614299e-03
0.000000000000000000e+00,2.593366795512073164e+00,9.857866680168712002e-04
0.000000000000000000e+00,2.595744915317689472e+00,1.303263430116939495e-03
0.000000000000000000e+00,2.598121956157397161e+00,1.408007827232451531e-05
0.000000000000000000e+00,2.600497900107185067e+00,3.067309965332795738e-05
0.000000000000000000e+00,2.602878193565458798e+00,5.871322490003986713e-05
0.000000000000000000e+00,2.605257374095403922e+00,2.648833535198826908e-05
0.000000000000000000e+00,2.607635423630717320e+00,9.059241707286338013e-06
0.000000000000000000e+00,2.610012324053281763e+00,2.680891437417812757e-06
0.000000000000000000e+00,2.612388057193310686e+00,1.716407644939851559e-05
0.000000000000000000e+00,2.614768119240192146e+00,2.577964127035278292e-05
0.000000000000000000e+00,2.617146997564059774e+00,1.311896811391583483e-05
0.000000000000000000e+00,2.619524673852972718e+00,2.639464306595981912e-06
0.000000000000000000e+00,2.621901129743555270e+00,3.367351639464080197e-06
0.000000000000000000e+00,2.624281901432961472e+00,1.523091482551743129e-05
0.000000000000000000e+00,2.626655871285938915e+00,1.557147900319435856e-05
0.000000000000000000e+00,2.629034140094493655e+00,4.207499212239448647e-06
0.000000000000000000e+00,2.631416719546495031e+00,1.156489423883454649e-06
0.000000000000000000e+00,2.633792431410708623e+00,4.928712135137313784e-06
0.000000000000000000e+00,2.636172436860944934e+00,1.394797518559645285e-05
0.000000000000000000e+00,2.638545517161249965e+00,1.249658280914972295e-05
0.000000000000000000e+00,2.640928499105384297e+00,4.516656116086344784e-06
0.000000000000000000e+00,2.643304518349861354e+00,1.785545086238479545e-06
0.000000000000000000e+00,2.645684816809926954e+00,1.809051849317600403e-06
0.000000000000000000e+00,2.648058094547728558e+00,8.732761956852522689e-06
0.000000000000000000e+00,2.650435633945297020e+00,1.513565089110196205e-05
0.000000000000000000e+00,2.652817446491849473e+00,1.668679579466051104e-05
0.000000000000000000e+00,2.655192171178932803e+00,1.098348665763598976e-05
0.000000000000000000e+00,2.657571151243650398e+00,2.625267670707865348e-06
0.000000000000000000e+00,2.659948691486012429e+00,1.054686661581796691e-06
0.000000000000000000e+00,2.662330489570499559e+00,3.694545188817922086e-06
0.000000000000000000e+00,2.664705102769717726e+00,1.354964823169236387e-05
0.000000000000000000e+00,2.667083955729373734e+00,1.834534756559485006e-05
0.000000000000000000e+00,2.669461312276356413e+00,1.607764776058507155e-05
0.000000000000000000e+00,2.671837153036051848e+00,7.705042130620208605e-06
0.000000000000000000e+00,2.674217226595466013e+00,8.089812529670471106e-07
0.000000000000000000e+00,2.676595765975274599e+00,2.812737230297766740e-06
0.000000000000000000e+00,2.678972751659991935e+00,7.178051018784521834e-06
0.000000000000000000e+00,2.681353962923400225e+00,1.884044842012309840e-05
0.000000000000000000e+00,2.683727792746523733e+00,1.777749063840767502e-05
0.000000000000000000e+00,2.686105829445210702e+00,7.141298109454010029e-06
0.000000000000000000e+00,2.688488084212449003e+00,2.897984901500456080e-06
0.000000000000000000e+00,2.690862888123974894e+00,7.192271787330530664e-07
0.000000000000000000e+00,2.693241891183510539e+00,6.408186119012031310e-06
0.000000000000000000e+00,2.695619243808531795e+00,1.203633074398769345e-05
0.000000000000000000e+00,2.697994926104692492e+00,1.421277464762820764e-05
0.000000000000000000e+00,2.700374799530429026e+00,1.346074973067052432e-05
0.000000000000000000e+00,2.702752983395575903e+00,1.148315543884544978e-05
0.000000000000000000e+00,2.705129457665879755e+00,7.998343849762440050e-06
0.000000000000000000e+00,2.707510114782492927e+00,3.000091525965514585e-06
0.000000000000000000e+00,2.709889042854494612e+00,1.938215946234410822e-06
0.000000000000000000e+00,2.712266221707900993e+00,5.967770735726305865e-07
0.000000000000000000e+00,2.714641631120770615e+00,2.090598099435139386e-06
0.000000000000000000e+00,2.717021204959639391e+00,3.385714323187810087e-06
0.000000000000000000e+00,2.719398989596979010e+00,9.004934039579895149e-06
0.000000000000000000e+00,2.721774964671693997e+00,1.252030798501307466e-05
0.000000000000000000e+00,2.724155095219163325e+00,1.569902202374834081e-05
0.000000000000000000e+00,2.726533396224594785e+00,1.516239932893127205e-05
0.000000000000000000e+00,2.728909847187990234e+00,1.365356503752793715e-05
0.000000000000000000e+00,2.731290444402350470e+00,9.632449273237836477e-06
0.000000000000000000e+00,2.733669171376605700e+00,3.746763061297065473e-06
0.000000000000000000e+00,2.736046007472129116e+00,3.186064255844024617e-06
0.000000000000000000e+00,2.738420932003415853e+00,2.429888999247895869e-06
0.000000000000000000e+00,2.740799983049091892e+00,7.831491040350596259e-06
0.000000000000000000e+00,2.743177102021586489e+00,9.036791745066172378e-06
0.000000000000000000e+00,2.745558347964158319e+00,2.001466577227020173e-05
0.000000000000000000e+00,2.747937641197727654e+00,2.270752912758260128e-05
0.000000000000000000e+00,2.750314960807459741e+00,2.739959985561113279e-05
0.000000000000000000e+00,2.752690285832279038e+00,2.241701943554740874e-05
0.000000000000000000e+00,2.755069717329380996e+00,1.263565100052534944e-05
0.000000000000000000e+00,2.757447133295085617e+00,3.339651291901142593e-04
0.000000000000000000e+00,2.759822512631141755e+00,3.171167692543744375e-04
0.000000000000000000e+00,2.762201987996263153e+00,3.703474835483243572e-04
0.000000000000000000e+00,2.764579405566437664e+00,3.516521045808577409e-04
0.000000000000000000e+00,2.766960919131962182e+00,3.380751125228621400e-04
0.000000000000000000e+00,2.769334167959193405e+00,7.741012243092162146e-05
0.000000000000000000e+00,2.771717687672561325e+00,8.066388702299372214e-05
0.000000000000000000e+00,2.774092899949887059e+00,5.068200270161725219e-06
0.000000000000000000e+00,2.776472186575843271e+00,7.469700237584043343e-06
0.000000000000000000e+00,2.778849329813015245e+00,2.636387318470542708e-06
0.000000000000000000e+00,2.781224308154069291e+00,3.031730078155939793e-06
0.000000000000000000e+00,2.783603349577585373e+00,1.297297341716317598e-06
0.000000000000000000e+00,2.785980204283322159e+00,1.427280884957601647e-06
0.000000000000000000e+00,2.788361121540816612e+00,7.508115519688423723e-07
0.000000000000000000e+00,2.790739830130332333e+00,1.043350329662322336e-06
0.000000000000000000e+00,2.793116308318245977e+00,6.192298420975653604e-07
0.000000000000000000e+00,2.795496837376052479e+00,1.094324061848841980e-06
0.000000000000000000e+00,2.797875113863212526e+00,9.012247041683623930e-07
0.000000000000000000e+00,2.800251115911298605e+00,1.692721274110208934e-06
0.000000000000000000e+00,2.802631156870153184e+00,1.342978892334582014e-06
0.000000000000000000e+00,2.805008901002245647e+00,2.667296241276415317e-06
0.000000000000000000e+00,2.807384326304926958e+00,2.220849555778056789e-06
0.000000000000000000e+00,2.809763778281390234e+00,3.956909798962654151e-06
0.000000000000000000e+00,2.812140888822362683e+00,2.971891155171084217e-06
0.000000000000000000e+00,2.814515635791587478e+00,5.356360699399320901e-06
0.000000000000000000e+00,2.816894396919202848e+00,4.132107369879947535e-06
0.000000000000000000e+00,2.819277182391831005e+00,5.396974187725151491e-06
0.000000000000000000e+00,2.821651159259273456e+00,2.464204250742244398e-06
0.000000000000000000e+00,2.824029137518142551e+00,2.213691905645568537e-06
0.000000000000000000e+00,2.826411127293623426e+00,8.163248454957998758e-07
0.000000000000000000e+00,2.828784230557050972e+00,7.010353644605619896e-07
0.000000000000000000e+00,2.831161322165572702e+00,5.416966926244037881e-07
0.000000000000000000e+00,2.833542412182134651e+00,1.591467012711849993e-06
0.000000000000000000e+00,2.835921024016914149e+00,1.950804965704343613e-06
0.000000000000000000e+00,2.838297135088118761e+00,4.891598374333843768e-06
0.000000000000000000e+00,2.840677231205615438e+00,5.007967028540382022e-06
0.000000000000000000e+00,2.843054803040627743e+00,1.006002630106933964e-05
0.000000000000000000e+00,2.845429827880051832e+00,8.318992981467497120e-06
0.000000000000000000e+00,2.847808824123101878e+00,1.464543401084826614e-05
0.000000000000000000e+00,2.850185249634491935e+00,1.084373271061568909e-05
0.000000000000000000e+00,2.852565644594050376e+00,1.724032759875496838e-05
0.000000000000000000e+00,2.854943444955898801e+00,1.747071249782480192e-05
0.000000000000000000e+00,2.857318627786822773e+00,1.628187653613900269e-05
0.000000000000000000e+00,2.859697765996172869e+00,1.547177286308033871e-05
0.000000000000000000e+00,2.862080869472485301e+00,1.308556103218011373e-05
0.000000000000000000e+00,2.864454712355927857e+00,1.110839561708271944e-05
0.000000000000000000e+00,2.866832496293459265e+00,5.359116193295576218e-06
0.000000000000000000e+00,2.869214231107640511e+00,5.679811396317081349e-06
0.000000000000000000e+00,2.871586624881306449e+00,2.272228155570900831e-06
0.000000000000000000e+00,2.873969606985570024e+00,1.741113494188932155e-06
0.000000000000000000e+00,2.876343201527446158e+00,4.201879881534304493e-07
0.000000000000000000e+00,2.878720719985517373e+00,2.246492475975539094e-07
0.000000000000000000e+00,2.881102172098087610e+00,3.993389107496082147e-07
0.000000000000000000e+00,2.883480861554354568e+00,2.199380145151730218e-06
0.000000000000000000e+00,2.885856764896066906e+00,9.096654216781743243e-06
0.000000000000000000e+00,2.888236586815389195e+00,5.433363909065324482e-05
0.000000000000000000e+00,2.890613597715197436e+00,7.105299539862475558e-05
0.000000000000000000e+00,2.892994524384758570e+00,6.083446662122945613e-05
0.000000000000000000e+00,2.895365853522527733e+00,5.217842099551138859e-05
0.000000000000000000e+00,2.897747845885614293e+00,4.082252706051778485e-05
0.000000000000000000e+00,2.900126977032283726e+00,2.932970471796302460e-05
0.000000000000000000e+00,2.902503223200517901e+00,8.170330372029497074e-06
0.000000000000000000e+00,2.904883366561006319e+00,2.833149803862855054e-06
0.000000000000000000e+00,2.907260599562923709e+00,5.768706695336188402e-07
0.000000000000000000e+00,2.909634898318774088e+00,1.208272000710170219e-06
0.000000000000000000e+00,2.912013078324352744e+00,7.459865263478118147e-06
0.000000000000000000e+00,2.914395149104420657e+00,7.339410392148899061e-06
0.000000000000000000e+00,2.916774258379155604e+00,5.806562218764879620e-06
0.000000000000000000e+00,2.919150382085439865e+00,2.698229602053811024e-06
0.000000000000000000e+00,2.921523496123781261e+00,6.101474434416655671e-07
0.000000000000000000e+00,2.923907367138645963e+00,1.497871486482254435e-05
0.000000000000000000e+00,2.926281318344463589e+00,4.646351317909510356e-05
0.000000000000000000e+00,2.928659127554641639e+00,1.293467811894478373e-04
0.000000000000000000e+00,2.931040804181527015e+00,1.385519377267437980e-04
0.000000000000000000e+00,2.933419417291878162e+00,1.505794826001740391e-04
0.000000000000000000e+00,2.935794942524495799e+00,1.620212958717558464e-04
0.000000000000000000e+00,2.938174318344370928e+00,1.128719511644186890e-05
0.000000000000000000e+00,2.940550579959972044e+00,1.806432311784677788e-05
0.000000000000000000e+00,2.942930688311046872e+00,9.032564580023624148e-06
0.000000000000000000e+00,2.945307656001242336e+00,1.673739998241704448e-06
0.000000000000000000e+00,2.947681458460930770e+00,2.998039218190075563e-06
0.000000000000000000e+00,2.950059090390392047e+00,5.292220484233062068e-06
0.000000000000000000e+00,2.952440561063782720e+00,1.176101065756468271e-05
0.000000000000000000e+00,2.954818837778843132e+00,1.043819939528529414e-05
0.000000000000000000e+00,2.957193895793339244e+00,9.453747055838471056e-06
0.000000000000000000e+00,2.959572774981745535e+00,1.504585672596473378e-04
0.000000000000000000e+00,2.961955484573179920e+00,1.327977268941061954e-04
0.000000000000000000e+00,2.964327858985216224e+00,1.394758582925392158e-04
0.000000000000000000e+00,2.966711135514628506e+00,1.532816240538809028e-04
0.000000000000000000e+00,2.969084027002956372e+00,3.976172791734056095e-05
0.000000000000000000e+00,2.971467838945096585e+00,5.747540392398692069e-06
0.000000000000000000e+00,2.973841215813263883e+00,8.852479588355593342e-06
0.000000000000000000e+00,2.976218387048926051e+00,2.247703183001504220e-06
0.000000000000000000e+00,2.978599361758565323e+00,5.356217252275015470e-06
0.000000000000000000e+00,2.980976981837772488e+00,4.270837766150164365e-06
0.000000000000000000e+00,2.983351222083469256e+00,1.208784785924531957e-06
0.000000000000000000e+00,2.985729247336589065e+00,5.774757218498465961e-06
0.000000000000000000e+00,2.988111066655426029e+00,3.110714441778357107e-06
0.000000000000000000e+00,2.990489476071835462e+00,1.681323696551279625e-06
0.000000000000000000e+00,2.992864450213154281e+00,6.072633311722736284e-06
0.000000000000000000e+00,2.995243199646329124e+00,2.153124921038694857e-06
0.000000000000000000e+00,2.997618485893688511e+00,2.737268424320004653e-06
0.000000000000000000e+00,2.999997542427555786e+00,6.288176904004194788e-06
2.000000000000000000e+00,1.099999098890103832e+00,3.363516034402792117e-07
2.000000000000000000e+00,1.102375730712192192e+00,7.242383646585812042e-05
2.000000000000000000e+00,1.104752810646187022e+00,1.845477877516031929e-05
2.000000000000000000e+00,1.107130277917975025e+00,-1.423529988999581650e-03
2.000000000000000000e+00,1.109508071207282898e+00,-1.966897344789615698e-03
2.000000000000000000e+00,1.111886128647274319e+00,3.130904742514153353e-03
2.000000000000000000e+00,1.114264387824213776e+00,2.903093654247536695e-02
2.000000000000000000e+00,1.116642785777203883e+00,6.586586750712478122e-02
2.000000000000000000e+00,1.119021258997989765e+00,5.391966891007820006e-01
2.000000000000000000e+00,1.121399743430837814e+00,8.672902798033095551e-02
2.000000000000000000e+00,1.123778174472484626e+00,5.554414082872135075e-03
2.000000000000000000e+00,1.126156486972162973e+00,-7.477211271031290393e-03
2.000000000000000000e+00,1.128534615231699956e+00,-1.627347103571404833e-03
2.000000000000000000e+00,1.130912493005694186e+00,2.384862425742867355e-03
2.000000000000000000e+00,1.133290053501766481e+00,2.979847396992877252e-03
2.000000000000000000e+00,1.135667229380893373e+00,9.658603416348111783e-04
2.000000000000000000e+00,1.138043952757815891e+00,-3.397509911778490437e-04
2.000000000000000000e+00,1.140430645006762944e+00,-4.829651144837700336e-05
2.000000000000000000e+00,1.142806301289510440e+00,8.073366006192367154e-04
2.000000000000000000e+00,1.145181298221050525e+00,1.191746376087426430e-03
2.000000000000000000e+00,1.147555565735549843e+00,5.364728230529861941e-04
2.000000000000000000e+00,1.149939698688533074e+00,-7.261516666862134989e-05
2.000000000000000000e+00,1.152312339057216528e+00,1.760439884093767740e-04
2.000000000000000000e+00,1.154694790481869404e+00,1.286659189544453160e-03
2.000000000000000000e+00,1.157076315485336515e+00,1.978538077826326718e-03
2.000000000000000000e+00,1.159445998776818199e+00,9.130663475132351232e-04
2.000000000000000000e+00,1.161825408173174257e+00,-9.527209191033531033e-04
2.000000000000000000e+00,1.164203671776672389e+00,-2.476302522891902298e-04
2.000000000000000000e+00,1.166580715404594182e+00,1.153751975069037053e-02
2.000000000000000000e+00,1.168956464334743650e+00,3.807552274315493396e-02
2.000000000000000000e+00,1.171341909466407039e+00,8.980301510341782978e-02
2.000000000000000000e+00,1.173714887566505771e+00,6.166858241517249040e-01
2.000000000000000000e+00,1.176097499840639937e+00,6.811509558273794174e-02
2.000000000000000000e+00,1.178478603450343609e+00,-3.084816680870822278e-04
2.000000000000000000e+00,1.180846874482839759e+00,-3.518627470018687465e-03
2.000000000000000000e+00,1.183224683239016084e+00,1.281161520249845436e-03
2.000000000000000000e+00,1.185612087451950236e+00,3.234281602776163927e-03
2.000000000000000000e+00,1.187986378893309602e+00,2.572174562266975589e-03
2.000000000000000000e+00,1.190358770252602172e+00,1.686884532286006544e-05
2.000000000000000000e+00,1.192740655833151475e+00,-8.360918421217424716e-05
2.000000000000000000e+00,1.195120572508726164e+00,9.384104453870090483e-06
2.000000000000000000e+00,1.197498439510897406e+00,4.984860975324071833e-05
2.000000000000000000e+00,1.199874175544611843e+00,3.044638911701117064e-04
2.000000000000000000e+00,1.202247698790813724e+00,1.749894476894880825e-06
2.000000000000000000e+00,1.204630630988217099e+00,1.769177272363840324e-06
2.000000000000000000e+00,1.207011277581778286e+00,2.679026739504879710e-06
2.000000000000000000e+00,1.209389555328822752e+00,2.603800235464783139e-06
2.000000000000000000e+00,1.211765380466591990e+00,2.297991367533511222e-05
2.000000000000000000e+00,1.214138668715299518e+00,1.812610733927547758e-06
2.000000000000000000e+00,1.216521271556269213e+00,1.341881636221865776e-06
2.000000000000000000e+00,1.218901260673629805e+00,2.224026561466925545e-06
2.000000000000000000e+00,1.221278550366432736e+00,5.920304213397398660e-07
2.000000000000000000e+00,1.223653054421999675e+00,6.737797796581397639e-06
2.000000000000000000e+00,1.226036809853057186e+00,2.608367275232460428e-06
2.000000000000000000e+00,1.228405528858331763e+00,3.758558924936306377e-07
2.000000000000000000e+00,1.230783418372779048e+00,1.737113822208753192e-06
2.000000000000000000e+00,1.233170531755207078e+00,6.866530276312186863e-07
2.000000000000000000e+00,1.235542297137962597e+00,3.233734732460405869e-06
2.000000000000000000e+00,1.237923203366784186e+00,3.223411697659617483e-06
2.000000000000000000e+00,1.240300895663398073e+00,1.564858858718353645e-07
2.000000000000000000e+00,1.242677775014586095e+00,1.387573486923633124e-06
2.000000000000000000e+00,1.245056280032780238e+00,1.054143333138663696e-06
2.000000000000000000e+00,1.247433866845625072e+00,8.358442438082807513e-07
2.000000000000000000e+00,1.249811732522333463e+00,3.169180674960257605e-06
2.000000000000000000e+00,1.252189828228160717e+00,2.732261792430172218e-07
2.000000000000000000e+00,1.254568104745505508e+00,1.022979843632292339e-06
2.000000000000000000e+00,1.256946512473745337e+00,1.503932512667638888e-06
2.000000000000000000e+00,1.259323722316235017e+00,1.980637889114116512e-07
2.000000000000000000e+00,1.261702237295382556e+00,2.794897162081994267e-06
2.000000000000000000e+00,1.264080732375299165e+00,5.796455035010325067e-07
2.000000000000000000e+00,1.266457862776105170e+00,7.452864898487766650e-07
2.000000000000000000e+00,1.268836159410696496e+00,1.702093182940114052e-06
2.000000000000000000e+00,1.271214281587295547e+00,6.030574648337393877e-08
2.000000000000000000e+00,1.273592177023115557e+00,2.507583240677042023e-06
2.000000000000000000e+00,1.275969793052491141e+00,1.057332730894357693e-06
2.000000000000000000e+00,1.278348394676446675e+00,2.566346212543896397e-07
2.000000000000000000e+00,1.280725297271503527e+00,2.519954517482130819e-06
2.000000000000000000e+00,1.283104415923701946e+00,5.667639553881441934e-07
2.000000000000000000e+00,1.285481727588297707e+00,3.218592378347065556e-05
2.000000000000000000e+00,1.287859838407007906e+00,4.483986552059604119e-06
2.000000000000000000e+00,1.290237365594768537e+00,2.462649096770058030e-07
2.000000000000000000e+00,1.292615601494206734e+00,1.341326005286928991e-06
2.000000000000000000e+00,1.294993152720043783e+00,7.075465669447120887e-07
2.000000000000000000e+00,1.297371320810711826e+00,1.125196322405409916e-06
2.000000000000000000e+00,1.299750064295511320e+00,2.343109843540363698e-06
2.000000000000000000e+00,1.302127973832296837e+00,1.343607150925345309e-07
2.000000000000000000e+00,1.304504992295077548e+00,1.344822548667492534e-06
2.000000000000000000e+00,1.306883817274359982e+00,1.061551551850142022e-06
2.000000000000000000e+00,1.309261655848396488e+00,3.963715449512229604e-07
2.000000000000000000e+00,1.311639837390945473e+00,2.956095312103993089e-06
2.000000000000000000e+00,1.314016925775080002e+00,3.691621906060629345e-07
2.000000000000000000e+00,1.316395657391975726e+00,1.362672564809015669e-06
2.000000000000000000e+00,1.318773197764609995e+00,2.170127599717255261e-06
2.000000000000000000e+00,1.321150895014793214e+00,2.027233702386953407e-07
2.000000000000000000e+00,1.323530117170831355e+00,4.107185397557989418e-06
2.000000000000000000e+00,1.325907998417265699e+00,1.025031909079176779e-06
2.000000000000000000e+00,1.328285901053660734e+00,1.802804279007938480e-06
2.000000000000000000e+00,1.330663779257676982e+00,3.750283437796493736e-06
2.000000000000000000e+00,1.333041586878621620e+00,3.550151839925008587e-07
2.000000000000000000e+00,1.335419277437480678e+00,8.833524099413199259e-06
2.000000000000000000e+00,1.337796804126984540e+00,5.006958358200642215e-06
2.000000000000000000e+00,1.340175568438737086e+00,2.392342978301389354e-06
2.000000000000000000e+00,1.342552630798620195e+00,2.193970397098590991e-05
2.000000000000000000e+00,1.344930845832843502e+00,1.385114171385175711e-05
2.000000000000000000e+00,1.347308716820470487e+00,5.244610835259788228e-04
2.000000000000000000e+00,1.349687664603416160e+00,2.111934996195005926e-04
2.000000000000000000e+00,1.352064707084743578e+00,5.634285905126607289e-06
2.000000000000000000e+00,1.354442738914278577e+00,1.764737405693313525e-05
2.000000000000000000e+00,1.356821726285427188e+00,4.256388966781527251e-06
2.000000000000000000e+00,1.359198655024307145e+00,3.239680067328324252e-06
2.000000000000000000e+00,1.361576449996873439e+00,4.021759622459350666e-06
2.000000000000000000e+00,1.363955076519934195e+00,5.641732765312849792e-07
2.000000000000000000e+00,1.366332993909127991e+00,2.733113301796736982e-06
2.000000000000000000e+00,1.368710151197721991e+00,1.693079918466947384e-06
2.000000000000000000e+00,1.371089529547983243e+00,1.392007926833428039e-06
2.000000000000000000e+00,1.373466544440631543e+00,2.886185206530887970e-06
2.000000000000000000e+00,1.375844181692285284e+00,4.584311325348067956e-07
2.000000000000000000e+00,1.378222404895539377e+00,2.479583249983644597e-06
2.000000000000000000e+00,1.380601177370847310e+00,1.827985895923509313e-06
2.000000000000000000e+00,1.382978919523796035e+00,6.838144265139128304e-07
2.000000000000000000e+00,1.385357126148375695e+00,2.958302060164936342e-06
2.000000000000000000e+00,1.387734206447297503e+00,6.574422907967253691e-07
2.000000000000000000e+00,1.390113223827786459e+00,3.581298809035057147e-06
2.000000000000000000e+00,1.392491028330698821e+00,1.473387508063006196e-05
2.000000000000000000e+00,1.394869134848162107e+00,2.008169460082986215e-06
2.000000000000000000e+00,1.397245930094993760e+00,5.823305537829167197e-06
2.000000000000000000e+00,1.399624519051433369e+00,1.529592839872625732e-06
2.000000000000000000e+00,1.402003293241485871e+00,4.420158634229912824e-06
2.000000000000000000e+00,1.404380622437389370e+00,5.024273458743181177e-06
2.000000000000000000e+00,1.406758046866900980e+00,9.674304777812798552e-07
2.000000000000000000e+00,1.409137128030744313e+00,7.464700368863791002e-06
2.000000000000000000e+00,1.411514627924003840e+00,4.708384035994954861e-06
2.000000000000000000e+00,1.413892102100584580e+00,3.558953675571022607e-05
2.000000000000000000e+00,1.416271127497783944e+00,3.475684338411136722e-04
2.000000000000000000e+00,1.418648432802419590e+00,3.768932251247088643e-06
2.000000000000000000e+00,1.421025588977857357e+00,1.711764303363529668e-05
2.000000000000000000e+00,1.423404188478144317e+00,5.459395054893094428e-06
2.000000000000000000e+00,1.425782566128521500e+00,1.164122895094793470e-05
2.000000000000000000e+00,1.428160679720647197e+00,2.037441991300636951e-05
2.000000000000000000e+00,1.430538486772758411e+00,1.600129823881300104e-06
2.000000000000000000e+00,1.432915944529842500e+00,1.724323278539143442e-05
2.000000000000000000e+00,1.435294671521053944e+00,9.416893998004818807e-06
2.000000000000000000e+00,1.437671306838161023e+00,1.861671089598025198e-05
2.000000000000000000e+00,1.440050808136397853e+00,4.571858195371670733e-05
2.000000000000000000e+00,1.442428130388856866e+00,4.876042489178510349e-06
2.000000000000000000e+00,1.444806580222042447e+00,4.964536357711317569e-05
2.000000000000000000e+00,1.447184440705151953e+00,4.130332788848725667e-05
2.000000000000000000e+00,1.449561667222405870e+00,1.223732411323761671e-04
2.000000000000000000e+00,1.451939915205273879e+00,4.495756571570975286e-04
2.000000000000000000e+00,1.454317450317589300e+00,6.337700539016536468e-05
2.000000000000000000e+00,1.456695938627691200e+00,1.926312154269029745e-03
2.000000000000000000e+00,1.459073634158916555e+00,4.205901040680531597e-03
2.000000000000000000e+00,1.461452213653828158e+00,1.908811468549759943e-02
2.000000000000000000e+00,1.463829919457844797e+00,1.602097467238756609e-02
2.000000000000000000e+00,1.466208439024566657e+00,2.599176758361628837e-04
2.000000000000000000e+00,1.468586002984929362e+00,1.902283364215537342e-03
2.000000000000000000e+00,1.470964309539829262e+00,5.765759411462139826e-04
2.000000000000000000e+00,1.473341577570034255e+00,1.278454695855738184e-02
2.000000000000000000e+00,1.475719516059424974e+00,1.060206247467873966e-02
2.000000000000000000e+00,1.478098094240766214e+00,1.236043117356870613e-02
2.000000000000000000e+00,1.480475513315234082e+00,1.118510973439272582e-02
2.000000000000000000e+00,1.482853498523538649e+00,1.547072212445886434e-02
2.000000000000000000e+00,1.485232018414436084e+00,2.079032146427234329e-02
2.000000000000000000e+00,1.487609256426934090e+00,2.595518908081428239e-02
2.000000000000000000e+00,1.489986954141012232e+00,2.365618139125772248e-02
2.000000000000000000e+00,1.492365079420795659e+00,9.231602740563182169e-03
2.000000000000000000e+00,1.494743599912236265e+00,2.558371409613159186e-03
2.000000000000000000e+00,1.497120675253670763e+00,9.008901537785687658e-04
2.000000000000000000e+00,1.499499882482282054e+00,1.942707469755112094e-03
2.000000000000000000e+00,1.501877567244239930e+00,1.486337883733601824e-02
2.000000000000000000e+00,1.504255504071110305e+00,5.176215955880409531e-02
2.000000000000000000e+00,1.506633659486564580e+00,1.634940049258971906e-02
2.000000000000000000e+00,1.509011999795530246e+00,6.484120442753226778e-03
2.000000000000000000e+00,1.511388648673164026e+00,3.742478581784693375e-03
2.000000000000000000e+00,1.513767251004833225e+00,2.668639526368086698e-03
2.000000000000000000e+00,1.516145935822170943e+00,1.831906238142066946e-03
2.000000000000000000e+00,1.518522808709106275e+00,1.588820356985695464e-03
2.000000000000000000e+00,1.520901548735163589e+00,1.225155019464483318e-03
2.000000000000000000e+00,1.523278395355869286e+00,1.095456266701654545e-03
2.000000000000000000e+00,1.525657050519223512e+00,9.950734574035958666e-04
2.000000000000000000e+00,1.528035613106303980e+00,8.134796224562413714e-04
2.000000000000000000e+00,1.530412158368475106e+00,6.803498668641886643e-06
2.000000000000000000e+00,1.532790422710940126e+00,1.401268045976521691e-04
2.000000000000000000e+00,1.535168486814444622e+00,3.326123304362684147e-05
2.000000000000000000e+00,1.537546314356687649e+00,1.109061912967608331e-04
2.000000000000000000e+00,1.539925781434329011e+00,1.102770174466132880e-04
2.000000000000000000e+00,1.542303031922281464e+00,4.909862516838001215e-06
2.000000000000000000e+00,1.544679935578640473e+00,5.666549392115827330e-05
2.000000000000000000e+00,1.547058385603538921e+00,9.088901887475056828e-06
2.000000000000000000e+00,1.549436426059346950e+00,8.011160784031546743e-05
2.000000000000000000e+00,1.551814019337569794e+00,4.471747593026265366e-05
2.000000000000000000e+00,1.554193075854291672e+00,3.481660209346526118e-05
2.000000000000000000e+00,1.556571621252926807e+00,4.595173122474115190e-05
2.000000000000000000e+00,1.558949617294478562e+00,1.572334629691920364e-06
2.000000000000000000e+00,1.561327025522138312e+00,2.021739422861535207e-05
2.000000000000000000e+00,1.563703807261558554e+00,1.090498089986295891e-06
2.000000000000000000e+00,1.566081901784048602e+00,1.210824035869940827e-05
2.000000000000000000e+00,1.568461288012522381e+00,8.618738554687441827e-06
2.000000000000000000e+00,1.570837964304495848e+00,2.790677921719956487e-06
2.000000000000000000e+00,1.573215865533810209e+00,1.191941420783160355e-05
2.000000000000000000e+00,1.575594970075133272e+00,1.055343825275461286e-07
2.000000000000000000e+00,1.577973247821740976e+00,1.138722450910192334e-05
2.000000000000000000e+00,1.580350658646643147e+00,6.570451699801018139e-06
2.000000000000000000e+00,1.582729182648527688e+00,5.605756438223668712e-06
2.000000000000000000e+00,1.585106770971465240e+00,3.191799942620359310e-05
2.000000000000000000e+00,1.587483382861448522e+00,1.364618262484385103e-06
2.000000000000000000e+00,1.589863054736732062e+00,2.031087073488075390e-05
2.000000000000000000e+00,1.592239647623282961e+00,3.178402672873738080e-06
2.000000000000000000e+00,1.594619254564539901e+00,7.203908033207930909e-06
2.000000000000000000e+00,1.596995699582284045e+00,9.166525987920871947e-06
2.000000000000000000e+00,1.599375112011809597e+00,2.016006704472189547e-06
2.000000000000000000e+00,1.601751278763500652e+00,1.277134857671102406e-05
2.000000000000000000e+00,1.604130365570978434e+00,6.944774533545534145e-07
2.000000000000000000e+00,1.606508203736388474e+00,8.657091800966387079e-06
2.000000000000000000e+00,1.608886838448475576e+00,5.018951530364465437e-06
2.000000000000000000e+00,1.611264151472938666e+00,3.469459114659893414e-06
2.000000000000000000e+00,1.613642199950546807e+00,9.751645329647338521e-06
2.000000000000000000e+00,1.616020959246320388e+00,7.143572809152297193e-07
2.000000000000000000e+00,1.618398292022371621e+00,8.675178113178920550e-06
2.000000000000000000e+00,1.620776273428434777e+00,1.296134785890281649e-06
2.000000000000000000e+00,1.623154878309403193e+00,1.059847312850237034e-05
2.000000000000000000e+00,1.625531950142255599e+00,1.350286404508025960e-05
2.000000000000000000e+00,1.627909582167395008e+00,1.966120298256267967e-06
2.000000000000000000e+00,1.630287748709084994e+00,3.996552478166330265e-05
2.000000000000000000e+00,1.632666423928462507e+00,3.511515133651249236e-06
2.000000000000000000e+00,1.635043425604618017e+00,2.378958948465796056e-04
2.000000000000000000e+00,1.637420871234776421e+00,3.738682639771521006e-05
2.000000000000000000e+00,1.639798734458945972e+00,1.455630053128877661e-05
2.000000000000000000e+00,1.642176988753630829e+00,3.396732660322971964e-05
2.000000000000000000e+00,1.644555607431689159e+00,1.891171206948162057e-06
2.000000000000000000e+00,1.646934563642211913e+00,2.845477688101613785e-05
2.000000000000000000e+00,1.649311636354932720e+00,7.397695260488878704e-07
2.000000000000000000e+00,1.651688979741587904e+00,1.505740088204754020e-05
2.000000000000000000e+00,1.654066566429912566e+00,4.494019091852668669e-06
2.000000000000000000e+00,1.656446581917050409e+00,5.285019342299825392e-06
2.000000000000000000e+00,1.658824578794847904e+00,1.581091597213699871e-05
2.000000000000000000e+00,1.661200510123229890e+00,1.129891132388303612e-06
2.000000000000000000e+00,1.663578793016376123e+00,1.475877630111873491e-05
2.000000000000000000e+00,1.665957179889875128e+00,6.528665386989560078e-07
2.000000000000000000e+00,1.668335642387050344e+00,2.000258223277117401e-05
2.000000000000000000e+00,1.670714151986992135e+00,2.901838290317955933e-06
2.000000000000000000e+00,1.673090422268976418e+00,8.636050339285543861e-06
2.000000000000000000e+00,1.675468933430814822e+00,2.101049499931569343e-05
2.000000000000000000e+00,1.677847405138119141e+00,6.349157137059601442e-06
2.000000000000000000e+00,1.680225808213018368e+00,3.147006950218754934e-05
2.000000000000000000e+00,1.682604113313405536e+00,1.948075314583693428e-06
2.000000000000000000e+00,1.684982290932964144e+00,5.557871250172079946e-05
2.000000000000000000e+00,1.687360311401208346e+00,6.548471168757685035e-06
2.000000000000000000e+00,1.689738144883533133e+00,7.534538227336375223e-05
2.000000000000000000e+00,1.692115761381273620e+00,5.593329207692804056e-05
2.000000000000000000e+00,1.694493130731776098e+00,4.440976893934192230e-05
2.000000000000000000e+00,1.696870222608480416e+00,1.073582700003457145e-04
2.000000000000000000e+00,1.699249335401934236e+00,1.469920495827100163e-05
2.000000000000000000e+00,1.701628122620680639e+00,1.097845417123464665e-04
2.000000000000000000e+00,1.704004211532359703e+00,1.906837448921009206e-06
2.000000000000000000e+00,1.706382248516707056e+00,8.477960570315722262e-05
2.000000000000000000e+00,1.708759867047055625e+00,2.975231191125756350e-05
2.000000000000000000e+00,1.711139397425514685e+00,5.067438430266269373e-05
2.000000000000000000e+00,1.713516091596347435e+00,3.972302648964485432e-05
2.000000000000000000e+00,1.715894647708231302e+00,1.494142355987380111e-05
2.000000000000000000e+00,1.718272672423617475e+00,5.012211319462729495e-05
2.000000000000000000e+00,1.720650133828133255e+00,2.728031039040661407e-06
2.000000000000000000e+00,1.723029394364145483e+00,5.226688731709457352e-05
2.000000000000000000e+00,1.725405639360965360e+00,2.661753931452841960e-06
2.000000000000000000e+00,1.727783632085690080e+00,3.852813764138102095e-05
2.000000000000000000e+00,1.730163359864028916e+00,3.319200700077751102e-05
2.000000000000000000e+00,1.732539967848906848e+00,2.476850317181722826e-05
2.000000000000000000e+00,1.734918258608534103e+00,6.830055001234295513e-05
2.000000000000000000e+00,1.737295784744042226e+00,8.775300551829902192e-06
2.000000000000000000e+00,1.739674954091988246e+00,2.067160707900935043e-04
2.000000000000000000e+00,1.742053305661134033e+00,1.600554516664578475e-05
2.000000000000000000e+00,1.744430805976284748e+00,1.767684995179984967e-04
2.000000000000000000e+00,1.746807421400558225e+00,7.543670293566475478e-05
2.000000000000000000e+00,1.749185585906543050e+00,4.071494412044445891e-05
2.000000000000000000e+00,1.751565285671503824e+00,8.379362706679440668e-05
2.000000000000000000e+00,1.753941544332989544e+00,1.900714752503355692e-05
2.000000000000000000e+00,1.756319283347408389e+00,7.873383158045574749e-05
2.000000000000000000e+00,1.758698488506720947e+00,7.577850340601811582e-06
2.000000000000000000e+00,1.761076644056678076e+00,1.138287215711518776e-04
2.000000000000000000e+00,1.763453715291095847e+00,3.036456597224420172e-06
2.000000000000000000e+00,1.765832182308382903e+00,1.541882680526306375e-04
2.000000000000000000e+00,1.768209508663195706e+00,1.108314479042659023e-05
2.000000000000000000e+00,1.770588187717695883e+00,8.488078757860510271e-05
2.000000000000000000e+00,1.772965669196805205e+00,3.797054411119470292e-05
2.000000000000000000e+00,1.775344459763996241e+00,3.237174324030046689e-05
2.000000000000000000e+00,1.777721995276969613e+00,3.259532934322975992e-05
2.000000000000000000e+00,1.780100795737554753e+00,1.206750666072944878e-05
2.000000000000000000e+00,1.782478283099381056e+00,4.351535320846627874e-05
2.000000000000000000e+00,1.784856990739158489e+00,3.001974472022461570e-06
2.000000000000000000e+00,1.787234326670235962e+00,4.048288470747103636e-05
2.000000000000000000e+00,1.789612837680196966e+00,1.226502398817240093e-06
2.000000000000000000e+00,1.791989917806559918e+00,4.162977761860856761e-05
2.000000000000000000e+00,1.794368127283230807e+00,2.791626439924748269e-05
2.000000000000000000e+00,1.796744846137017459e+00,3.528144278556121730e-05
2.000000000000000000e+00,1.799122648083041343e+00,3.967281607708062277e-05
2.000000000000000000e+00,1.801501516697256555e+00,1.390078495187674443e-05
2.000000000000000000e+00,1.803878810935230392e+00,2.738057737586409117e-05
2.000000000000000000e+00,1.806257124818080539e+00,5.962228470273756392e-06
2.000000000000000000e+00,1.808636441567766484e+00,2.554102692831591214e-05
2.000000000000000000e+00,1.811014098981616804e+00,1.567816779785312444e-06
2.000000000000000000e+00,1.813392711472929353e+00,1.836715741306138837e-05
2.000000000000000000e+00,1.815769602679484063e+00,1.689226140483156718e-07
2.000000000000000000e+00,1.818147400644648304e+00,2.223855936815173238e-05
2.000000000000000000e+00,1.820526087986671593e+00,2.844411427585130657e-06
2.000000000000000000e+00,1.822902967052714596e+00,1.633371049785286758e-05
2.000000000000000000e+00,1.825280686410676978e+00,5.503620908073371850e-06
2.000000000000000000e+00,1.827659228322897844e+00,1.174873055844413998e-05
2.000000000000000000e+00,1.830038574944468310e+00,8.122478474151356530e-06
2.000000000000000000e+00,1.832416000112327747e+00,6.981200090734023797e-06
2.000000000000000000e+00,1.834794179900823385e+00,9.983207598942030458e-06
2.000000000000000000e+00,1.837170373825880221e+00,3.561985730410395573e-06
2.000000000000000000e+00,1.839550001086070585e+00,1.074949762567599531e-05
2.000000000000000000e+00,1.841927591628267580e+00,1.173572356746482264e-06
2.000000000000000000e+00,1.844305849176059109e+00,1.035710699274781264e-05
2.000000000000000000e+00,1.846682004518993780e+00,1.899351637296621548e-07
2.000000000000000000e+00,1.849061532876481451e+00,9.788875930971771390e-06
2.000000000000000000e+00,1.851438907171361503e+00,8.833729911310311783e-07
2.000000000000000000e+00,1.853816858923008848e+00,7.001749777300024852e-06
2.000000000000000000e+00,1.856195368998788231e+00,2.738350675203459663e-06
2.000000000000000000e+00,1.858574418157592278e+00,1.267961324103967140e-05
2.000000000000000000e+00,1.860951193835267858e+00,8.845609703648975259e-06
2.000000000000000000e+00,1.863328455497598846e+00,1.313161565238800060e-05
2.000000000000000000e+00,1.865706183545688734e+00,2.490800677252944960e-05
2.000000000000000000e+00,1.868084358271926204e+00,2.241341197170194119e-05
2.000000000000000000e+00,1.870462959859882535e+00,6.548733161250749185e-05
2.000000000000000000e+00,1.872841968384215239e+00,1.833891763198681454e-05
2.000000000000000000e+00,1.875218527602503737e+00,1.639388858274832259e-04
2.000000000000000000e+00,1.877598282584272082e+00,1.635855951114887678e-05
2.000000000000000000e+00,1.879975533445847002e+00,2.405402941040510876e-04
2.000000000000000000e+00,1.882353096003137383e+00,3.256710112660905007e-06
2.000000000000000000e+00,1.884730949754881424e+00,3.049879656289345591e-04
2.000000000000000000e+00,1.887109074090651539e+00,1.379349862163904583e-05
2.000000000000000000e+00,1.889487448290790628e+00,2.578436857053176181e-04
2.000000000000000000e+00,1.891866051526354786e+00,2.535108724665959890e-05
2.000000000000000000e+00,1.894241968814363020e+00,1.949742417249501086e-04
2.000000000000000000e+00,1.896620959922661109e+00,8.541773293376984065e-05
2.000000000000000000e+00,1.899000116913673875e+00,3.687272855940805115e-04
2.000000000000000000e+00,1.901376502634666066e+00,1.941779560909349868e-04
2.000000000000000000e+00,1.903755920179471373e+00,3.163512841416161406e-04
2.000000000000000000e+00,1.906132508977648854e+00,3.858219160160084385e-04
2.000000000000000000e+00,1.908512101096307090e+00,2.376809948478315979e-04
2.000000000000000000e+00,1.910888806516348737e+00,2.679233007002289747e-04
2.000000000000000000e+00,1.913265533887637870e+00,5.253570191434252397e-05
2.000000000000000000e+00,1.915645221064280479e+00,3.982859103755497518e-04
2.000000000000000000e+00,1.918021933723900396e+00,3.953985617863985536e-05
2.000000000000000000e+00,1.920401576683357536e+00,2.373004153216893067e-04
2.000000000000000000e+00,1.922778185987368271e+00,8.889946072838113319e-06
2.000000000000000000e+00,1.925157695683840764e+00,1.229354132357007726e-03
2.000000000000000000e+00,1.927534112112835318e+00,1.164562928755090692e-03
2.000000000000000000e+00,1.929913398624609977e+00,1.185460491868543451e-03
2.000000000000000000e+00,1.932289531783984105e+00,1.501706809466208476e-03
2.000000000000000000e+00,1.934668504313772353e+00,1.622600438880300458e-03
2.000000000000000000e+00,1.937047289244272052e+00,1.652295367575388118e-03
2.000000000000000000e+00,1.939422829809603455e+00,1.460172516193955017e-03
2.000000000000000000e+00,1.941801162930054447e+00,1.405451783555992928e-03
2.000000000000000000e+00,1.944179239057897579e+00,1.315644563271301274e-03
2.000000000000000000e+00,1.946557034846245759e+00,1.365775192748396732e-03
2.000000000000000000e+00,1.948937590416296883e+00,1.415911546417862078e-03
2.000000000000000000e+00,1.951314762526208613e+00,1.624720754284328644e-03
2.000000000000000000e+00,1.953691583608964111e+00,1.826930199444288605e-03
2.000000000000000000e+00,1.956071115926188098e+00,2.396067848444699902e-03
2.000000000000000000e+00,1.958447170997391629e+00,2.891057931834171285e-03
2.000000000000000000e+00,1.960825904438677769e+00,3.022366950904354570e-04
2.000000000000000000e+00,1.963204206118381423e+00,3.165912213480564391e-04
2.000000000000000000e+00,1.965582051840911504e+00,1.571180458747683216e-04
2.000000000000000000e+00,1.967959417301841540e+00,2.390842996398096041e-04
2.000000000000000000e+00,1.970339409318672352e+00,6.560058221803167534e-05
2.000000000000000000e+00,1.972715748465783570e+00,4.826863644087013138e-05
2.000000000000000000e+00,1.975094680156374904e+00,1.038511278156583858e-04
2.000000000000000000e+00,1.977473048443104009e+00,8.039721372970779693e-05
2.000000000000000000e+00,1.979850828500714810e+00,8.851840961900738240e-05
2.000000000000000000e+00,1.982227995395533071e+00,4.242075775608430364e-05
2.000000000000000000e+00,1.984604524085609167e+00,7.518514949213066234e-05
2.000000000000000000e+00,1.986983573776171186e+00,1.964828081603765174e-05
2.000000000000000000e+00,1.989361950099164611e+00,2.434317099748025822e-05
2.000000000000000000e+00,1.991739627709276261e+00,6.686548707248964190e-06
2.000000000000000000e+00,1.994116581153200896e+00,2.189981576690974024e-05
2.000000000000000000e+00,1.996495999787446962e+00,6.826050715350149664e-06
2.000000000000000000e+00,1.998874658345563660e+00,1.429599217978671204e-05
2.000000000000000000e+00,2.001252531070988550e+00,4.371492431179981539e-06
2.000000000000000000e+00,2.003629592099526402e+00,1.967986542994902343e-05
2.000000000000000000e+00,2.006009061087529410e+00,4.391771624040237042e-06
2.000000000000000000e+00,2.008384428391164267e+00,1.707597851519554577e-05
2.000000000000000000e+00,2.010762166794522354e+00,5.321750596012395860e-06
2.000000000000000000e+00,2.013142273146784511e+00,3.170883089786433542e-05
2.000000000000000000e+00,2.015518191284053184e+00,7.210187630353358678e-06
2.000000000000000000e+00,2.017896439964003363e+00,3.617729084657358708e-05
2.000000000000000000e+00,2.020273723858567294e+00,1.049327606589527303e-05
2.000000000000000000e+00,2.022653315995031953e+00,5.987683232559721852e-05
2.000000000000000000e+00,2.025031905392828957e+00,9.701163000366721227e-06
2.000000000000000000e+00,2.027409465173173775e+00,4.004128694391859578e-05
2.000000000000000000e+00,2.029785968350953596e+00,8.122203010581606323e-06
2.000000000000000000e+00,2.032164718651917390e+00,5.034728068476107576e-05
2.000000000000000000e+00,2.034542373648666747e+00,8.211869010991616516e-06
2.000000000000000000e+00,2.036922252485694695e+00,3.817832174066866614e-05
2.000000000000000000e+00,2.039297642718866488e+00,9.183772566676437829e-06
2.000000000000000000e+00,2.041678579620796796e+00,5.583322601720252474e-05
2.000000000000000000e+00,2.044054972850176011e+00,1.226262538950427408e-05
2.000000000000000000e+00,2.046433526721744833e+00,4.595583748120956740e-05
2.000000000000000000e+00,2.048810851376187347e+00,1.579645454155207790e-05
2.000000000000000000e+00,2.051190312403015081e+00,9.006917089619793058e-05
2.000000000000000000e+00,2.053568504069569922e+00,2.860007344815539859e-05
2.000000000000000000e+00,2.055945398294015458e+00,1.169886746489222975e-04
2.000000000000000000e+00,2.058324384012754305e+00,4.785537193590919038e-05
2.000000000000000000e+00,2.060702031599246808e+00,2.933850506288309453e-04
2.000000000000000000e+00,2.063078312672746772e+00,1.077645068047460583e-04
2.000000000000000000e+00,2.065456639593524102e+00,3.165771981993268660e-04
2.000000000000000000e+00,2.067833558764816893e+00,2.309656671896016030e-04
2.000000000000000000e+00,2.070212498216723152e+00,4.617986137827836306e-04
2.000000000000000000e+00,2.072589988335185041e+00,1.686804914453134173e-04
2.000000000000000000e+00,2.074969472860463071e+00,3.051607596317307942e-04
2.000000000000000000e+00,2.077347466120683439e+00,4.082864357324963631e-04
2.000000000000000000e+00,2.079723939049616721e+00,6.122605309577494430e-04
2.000000000000000000e+00,2.082102359006916092e+00,3.718467980060562584e-04
2.000000000000000000e+00,2.084479216156104542e+00,5.588609156263031836e-04
2.000000000000000000e+00,2.086857993654473997e+00,7.229249830757117704e-03
2.000000000000000000e+00,2.089235165520535009e+00,6.402639487168010693e-03
2.000000000000000000e+00,2.091614230747953052e+00,5.670876117746204322e-03
2.000000000000000000e+00,2.093991647171488779e+00,4.658765614639726743e-03
2.000000000000000000e+00,2.096370929659487015e+00,4.306398732132067989e-03
2.000000000000000000e+00,2.098748519824702452e+00,3.785721244412431838e-03
2.000000000000000000e+00,2.101127948448022309e+00,3.278486694989738229e-03
2.000000000000000000e+00,2.103505640882435745e+00,3.323663548419444544e-03
2.000000000000000000e+00,2.105881566995955634e+00,3.067843173565298637e-03
2.000000000000000000e+00,2.108259281488489290e+00,3.813494768572546923e-03
2.000000000000000000e+00,2.110638778281487493e+00,4.409404833039799049e-03
2.000000000000000000e+00,2.113016450109418187e+00,5.748241154109385263e-03
2.000000000000000000e+00,2.115395875701245210e+00,6.305577815119220312e-04
2.000000000000000000e+00,2.117773431421519081e+00,3.853878459472737127e-04
2.000000000000000000e+00,2.120149086564412588e+00,1.037158113037316533e-03
2.000000000000000000e+00,2.122526443941901597e+00,4.021016292825106806e-04
2.000000000000000000e+00,2.124905497063319437e+00,3.949115049027870743e-04
2.000000000000000000e+00,2.127282589459348561e+00,9.193800508379381851e-05
2.000000000000000000e+00,2.129661348130645226e+00,3.851012782333383851e-04
2.000000000000000000e+00,2.132041766401622240e+00,1.104436511623638157e-04
2.000000000000000000e+00,2.134416488630205944e+00,1.144420855299899098e-04
2.000000000000000000e+00,2.136796506809325980e+00,4.016896064567546701e-05
2.000000000000000000e+00,2.139174456954846537e+00,5.355985014610258380e-05
2.000000000000000000e+00,2.141550307510549533e+00,2.604635663767301460e-05
2.000000000000000000e+00,2.143931441358600143e+00,1.900832919007778979e-05
2.000000000000000000e+00,2.146306729584555040e+00,2.059429071722661817e-05
2.000000000000000000e+00,2.148687286870718527e+00,1.141608257285522095e-05
2.000000000000000000e+00,2.151065666753996908e+00,1.443536540239764169e-05
2.000000000000000000e+00,2.153441837210316567e+00,6.634334645813893999e-06
2.000000000000000000e+00,2.155819514621453603e+00,1.658350040309316219e-05
2.000000000000000000e+00,2.158198691568031347e+00,8.187428251246942128e-06
2.000000000000000000e+00,2.160575595509616864e+00,3.017076692404593451e-05
2.000000000000000000e+00,2.162953967401529898e+00,9.706268608859675953e-06
2.000000000000000000e+00,2.165330017974534726e+00,4.391939535573980894e-05
2.000000000000000000e+00,2.167711294571818659e+00,1.790165109511091494e-05
2.000000000000000000e+00,2.170086419534671851e+00,4.190251559944102404e-05
2.000000000000000000e+00,2.172466754975850289e+00,3.082458668281424282e-05
2.000000000000000000e+00,2.174844688110332491e+00,3.090332015076998836e-05
2.000000000000000000e+00,2.177220185986402434e+00,4.133166509821594386e-05
2.000000000000000000e+00,2.179600878863794833e+00,1.000999288722214203e-05
2.000000000000000000e+00,2.181979103711777057e+00,4.306478816991715576e-05
2.000000000000000000e+00,2.184354827302986468e+00,3.724323662161168065e-06
2.000000000000000000e+00,2.186731873089897693e+00,3.528862663052525849e-05
2.000000000000000000e+00,2.189110232802705447e+00,1.219240739909649462e-05
2.000000000000000000e+00,2.191489898121623092e+00,2.394762772764839478e-05
2.000000000000000000e+00,2.193866978681393132e+00,2.547511230322618627e-05
2.000000000000000000e+00,2.196245331200582740e+00,1.177415447114639056e-05
2.000000000000000000e+00,2.198624947167761245e+00,4.405447569831782235e-05
2.000000000000000000e+00,2.201001910734452061e+00,3.975391955367395269e-06
2.000000000000000000e+00,2.203380103664479339e+00,6.678933672294488325e-05
2.000000000000000000e+00,2.205755593071625942e+00,6.782920320687040191e-06
2.000000000000000000e+00,2.208136210091760532e+00,7.812446599022405480e-05
2.000000000000000000e+00,2.210514089066549559e+00,2.013615359555057980e-05
2.000000000000000000e+00,2.212889195676467580e+00,5.118455979481330406e-05
2.000000000000000000e+00,2.215269411685253598e+00,3.527953000422533441e-05
2.000000000000000000e+00,2.217646820369182592e+00,2.113984031749572439e-05
2.000000000000000000e+00,2.220025362245094058e+00,5.225859995422209222e-05
2.000000000000000000e+00,2.222401044539729753e+00,1.841832167464571351e-05
2.000000000000000000e+00,2.224781816787405386e+00,6.570345890352168679e-05
2.000000000000000000e+00,2.227159693927706297e+00,1.317181429629699009e-05
2.000000000000000000e+00,2.229538650259491828e+00,5.796786374642889580e-05
2.000000000000000000e+00,2.231914658585150590e+00,2.221828559950254328e-05
2.000000000000000000e+00,2.234291710139395537e+00,1.808267810358085579e-05
2.000000000000000000e+00,2.236669795394403248e+00,3.033107007740843314e-05
2.000000000000000000e+00,2.239048904770509107e+00,7.563723718343495534e-06
2.000000000000000000e+00,2.241424976510854261e+00,3.215158438484580971e-05
2.000000000000000000e+00,2.243806096568353503e+00,3.262694807780236798e-06
2.000000000000000000e+00,2.246184142332022571e+00,3.129901100872379199e-05
2.000000000000000000e+00,2.248559078140137224e+00,1.236422677334791175e-05
2.000000000000000000e+00,2.250939041398960061e+00,1.347546482637694584e-05
2.000000000000000000e+00,2.253315857608640727e+00,2.704780536794919711e-05
2.000000000000000000e+00,2.255693594709365701e+00,7.477784838735872640e-06
2.000000000000000000e+00,2.258072242628007320e+00,3.317661055560800658e-05
2.000000000000000000e+00,2.260451791238908381e+00,3.033389672858967914e-06
2.000000000000000000e+00,2.262828100482377369e+00,2.444050798242092834e-05
2.000000000000000000e+00,2.265205272630280042e+00,1.064086041952946816e-05
2.000000000000000000e+00,2.267583297361956962e+00,7.277273881532207944e-06
2.000000000000000000e+00,2.269962164303962027e+00,1.932711145765268754e-05
2.000000000000000000e+00,2.272341863029972320e+00,2.771022382090627342e-06
2.000000000000000000e+00,2.274718209664019053e+00,1.377506531670662243e-05
2.000000000000000000e+00,2.277095349600728014e+00,2.285666227138400502e-06
2.000000000000000000e+00,2.279473272218509372e+00,1.780650805153494978e-05
2.000000000000000000e+00,2.281851966842678436e+00,1.250103137535838242e-05
2.000000000000000000e+00,2.284231422745374829e+00,4.685981613849354464e-06
2.000000000000000000e+00,2.286607412008805351e+00,2.339603051496202154e-05
2.000000000000000000e+00,2.288984123377203694e+00,1.203971972136918860e-06
2.000000000000000000e+00,2.291365780618124681e+00,1.637972782427309971e-05
2.000000000000000000e+00,2.293743912168016763e+00,5.309912527899209324e-06
2.000000000000000000e+00,2.296118480612924895e+00,1.188632503525197313e-05
2.000000000000000000e+00,2.298497970634805210e+00,1.122738216444247599e-05
2.000000000000000000e+00,2.300878127611091895e+00,1.136103042126048918e-06
2.000000000000000000e+00,2.303254661586480623e+00,1.871157035548531839e-05
2.000000000000000000e+00,2.305631822391659203e+00,4.155333052046596010e-06
2.000000000000000000e+00,2.308009598693951503e+00,6.178246751509894628e-06
2.000000000000000000e+00,2.310387979106963030e+00,1.280948071596206802e-05
2.000000000000000000e+00,2.312766952190511649e+00,1.906857973928706216e-06
2.000000000000000000e+00,2.315142183405042520e+00,8.702793101244548778e-06
2.000000000000000000e+00,2.317522298400336744e+00,3.627083065560770803e-06
2.000000000000000000e+00,2.319898630583908439e+00,7.085753800033917004e-06
2.000000000000000000e+00,2.322279841038421555e+00,6.166529290950648272e-06
2.000000000000000000e+00,2.324657227477955335e+00,2.308642083247359975e-06
2.000000000000000000e+00,2.327035118932285318e+00,1.039571463229605070e-05
2.000000000000000000e+00,2.329413503549994768e+00,2.055448158102413312e-06
2.000000000000000000e+00,2.331787983991368662e+00,4.403328640949391340e-06
2.000000000000000000e+00,2.334167310210840451e+00,1.009437181477373654e-05
2.000000000000000000e+00,2.336547093703715827e+00,2.399090950465647498e-06
2.000000000000000000e+00,2.338922910089027418e+00,1.130799363627370618e-05
2.000000000000000000e+00,2.341303562883347844e+00,5.102385393875468169e-06
2.000000000000000000e+00,2.343680206292833024e+00,1.029454038656917145e-05
2.000000000000000000e+00,2.346057240367172003e+00,1.304386333143159275e-05
2.000000000000000000e+00,2.348434652788937260e+00,2.901445788939274357e-06
2.000000000000000000e+00,2.350812431186368734e+00,2.199157577571016382e-05
2.000000000000000000e+00,2.353190563133336077e+00,8.562945721342340164e-06
2.000000000000000000e+00,2.355569036149298690e+00,5.827541487627005065e-06
2.000000000000000000e+00,2.357947837699267524e+00,2.497463158754067812e-05
2.000000000000000000e+00,2.360326955193766896e+00,3.140895310477535578e-06
2.000000000000000000e+00,2.362701873503119110e+00,1.283264370010889655e-05
2.000000000000000000e+00,2.365081575825791482e+00,1.958844279148573469e-05
2.000000000000000000e+00,2.367461555987104838e+00,2.502428178296642271e-06
2.000000000000000000e+00,2.369837271457410743e+00,1.513419825284563269e-05
2.000000000000000000e+00,2.372213220904162867e+00,7.040055502887786554e-06
2.000000000000000000e+00,2.374593939286923305e+00,8.644062369515152029e-06
2.000000000000000000e+00,2.376970326898085517e+00,1.539618929463947556e-05
2.000000000000000000e+00,2.379346909490778650e+00,1.809423386843207230e-06
2.000000000000000000e+00,2.381728249229686956e+00,2.081453813997584284e-05
2.000000000000000000e+00,2.384105191535353274e+00,9.616071702619826715e-06
2.000000000000000000e+00,2.386482289336266938e+00,5.419785212419692447e-06
2.000000000000000000e+00,2.388859529357821643e+00,2.478007860397993636e-05
2.000000000000000000e+00,2.391236898270765909e+00,6.354114661325163666e-06
2.000000000000000000e+00,2.393619003764643427e+00,5.614144732806972753e-06
2.000000000000000000e+00,2.395996599438805941e+00,2.179420547432225094e-05
2.000000000000000000e+00,2.398374283698073040e+00,4.184657562780568749e-06
2.000000000000000000e+00,2.400752042994434454e+00,7.314411279836250803e-06
2.000000000000000000e+00,2.403129863725176119e+00,1.889537144036514078e-05
2.000000000000000000e+00,2.405507732232872620e+00,2.852359980652597473e-06
2.000000000000000000e+00,2.407885634805378317e+00,9.295222800019148108e-06
2.000000000000000000e+00,2.410263557675826007e+00,1.694153959028457614e-05
2.000000000000000000e+00,2.412641487022620712e+00,3.083218155403246420e-06
2.000000000000000000e+00,2.415019408969439230e+00,1.204892519610014924e-05
2.000000000000000000e+00,2.417397309585231913e+00,1.440684600996886783e-05
2.000000000000000000e+00,2.419775174884221780e+00,8.564294588188764424e-06
2.000000000000000000e+00,2.422152990825908514e+00,1.943069679767392427e-05
2.000000000000000000e+00,2.424530743315073789e+00,1.373359043765723408e-05
2.000000000000000000e+00,2.426908418201789264e+00,4.305601516250605950e-05
2.000000000000000000e+00,2.429286001281421470e+00,4.510378198097333351e-05
2.000000000000000000e+00,2.431663478294642911e+00,6.283579342220723838e-05
2.000000000000000000e+00,2.434040834927446273e+00,9.029013047605784345e-04
2.000000000000000000e+00,2.436422844634672291e+00,4.012778056800693320e-04
2.000000000000000000e+00,2.438799926692925002e+00,1.590343268339548853e-03
2.000000000000000000e+00,2.441176845109251925e+00,1.413491747182421413e-03
2.000000000000000000e+00,2.443553585351005086e+00,1.375653815129812291e-03
2.000000000000000000e+00,2.445930132830938852e+00,1.492975180256811115e-03
2.000000000000000000e+00,2.448311307568818762e+00,5.060999769841826625e-04
2.000000000000000000e+00,2.450687434933867870e+00,1.020888791359978592e-03
2.000000000000000000e+00,2.453068178922694020e+00,1.469030900773440939e-03
2.000000000000000000e+00,2.455443827201868601e+00,4.143684903556230911e-05
2.000000000000000000e+00,2.457824081285056472e+00,8.339598754591868090e-05
2.000000000000000000e+00,2.460199191070725266e+00,1.692713053870825647e-05
2.000000000000000000e+00,2.462578895654787381e+00,2.040285767894480843e-05
2.000000000000000000e+00,2.464958307733604137e+00,3.107508214880073163e-05
2.000000000000000000e+00,2.467332502158201546e+00,1.157514682889278075e-05
2.000000000000000000e+00,2.469711274537423229e+00,7.495080602698976853e-06
2.000000000000000000e+00,2.472089709077717856e+00,1.558832893267171981e-05
2.000000000000000000e+00,2.474467790561501790e+00,8.741137530313665221e-06
2.000000000000000000e+00,2.476845503716746499e+00,2.479614381869041739e-06
2.000000000000000000e+00,2.479222833217026967e+00,8.221687140856795775e-06
2.000000000000000000e+00,2.481599763681567428e+00,4.376176032844991605e-06
2.000000000000000000e+00,2.483981256237295376e+00,7.400840032178945761e-07
2.000000000000000000e+00,2.486357351796226300e+00,5.389783925600407945e-06
2.000000000000000000e+00,2.488737997498906118e+00,5.184419633824308149e-06
2.000000000000000000e+00,2.491113196007286756e+00,9.238958361108047116e-07
2.000000000000000000e+00,2.493492932524325134e+00,6.285425536009901268e-06
2.000000000000000000e+00,2.495872195725481024e+00,7.884579379382050527e-06
2.000000000000000000e+00,2.498245935968249398e+00,1.805525317447870101e-06
2.000000000000000000e+00,2.500624195678618378e+00,7.211548989426219407e-06
2.000000000000000000e+00,2.503001934687554719e+00,1.245000208460569945e-05
2.000000000000000000e+00,2.505384199785404054e+00,3.200789834546058520e-06
2.000000000000000000e+00,2.507760859244102747e+00,9.097815561007688908e-06
2.000000000000000000e+00,2.510136950143142087e+00,1.633839112938870557e-05
2.000000000000000000e+00,2.512517547981021337e+00,5.275886895196744752e-06
2.000000000000000000e+00,2.514892463148078239e+00,6.356277127226429865e-06
2.000000000000000000e+00,2.517271872260600674e+00,3.457998663204839512e-05
2.000000000000000000e+00,2.519650667552726819e+00,1.711327613197968851e-05
2.000000000000000000e+00,2.522028832766149087e+00,4.821577122621701814e-04
2.000000000000000000e+00,2.524406351588751818e+00,4.688892644407270226e-04
2.000000000000000000e+00,2.526783207654688557e+00,5.275559282800438426e-04
2.000000000000000000e+00,2.529159384544463762e+00,6.900011464977798183e-04
2.000000000000000000e+00,2.531540034735527911e+00,7.360557210111699300e-04
2.000000000000000000e+00,2.533914813502587737e+00,7.826633214845721016e-04
2.000000000000000000e+00,2.536294051902468372e+00,6.664810160100000927e-05
2.000000000000000000e+00,2.538672564369699458e+00,1.759805488563582766e-06
2.000000000000000000e+00,2.541050334235800179e+00,4.228703406367430914e-05
2.000000000000000000e+00,2.543427344778853350e+00,3.890100969348067703e-05
2.000000000000000000e+00,2.545808806606810748e+00,1.847879929814243854e-05
2.000000000000000000e+00,2.548184257884455128e+00,9.418764267928334990e-07
2.000000000000000000e+00,2.550564146289386880e+00,1.460046261485227473e-05
2.000000000000000000e+00,2.552943227520946490e+00,2.405458440070087678e-05
2.000000000000000000e+00,2.555321484608414462e+00,9.246120205681826584e-06
2.000000000000000000e+00,2.557698900527907160e+00,9.183843141463433919e-07
2.000000000000000000e+00,2.560075458202479837e+00,1.358647111574361171e-05
2.000000000000000000e+00,2.562451140502226998e+00,2.050780351162371113e-05
2.000000000000000000e+00,2.564831236037994344e+00,7.487921132870162792e-06
2.000000000000000000e+00,2.567210441454971015e+00,1.598016128792599058e-06
2.000000000000000000e+00,2.569588739480965334e+00,1.616513859782571627e-05
2.000000000000000000e+00,2.571966112790943892e+00,2.269725904669982479e-05
2.000000000000000000e+00,2.574342544007147904e+00,1.078772730642745922e-05
2.000000000000000000e+00,2.576723370808659652e+00,3.162542260316180658e-06
2.000000000000000000e+00,2.579097875367938553e+00,2.121455433697516413e-05
2.000000000000000000e+00,2.581476760275176030e+00,3.988846764292740146e-05
2.000000000000000000e+00,2.583854652848235123e+00,1.624311234954041398e-05
2.000000000000000000e+00,2.586231535461967379e+00,1.067133272163734085e-05
2.000000000000000000e+00,2.588612795081014717e+00,4.752198247178947841e-05
2.000000000000000000e+00,2.590987614612529910e+00,8.467157997666473310e-05
2.000000000000000000e+00,2.593366795512073164e+00,3.955770016384547636e-04
2.000000000000000000e+00,2.595744915317689472e+00,1.397014302185390125e-04
2.000000000000000000e+00,2.598121956157397161e+00,1.477386791919059863e-03
2.000000000000000000e+00,2.600497900107185067e+00,1.451798298617003324e-03
2.000000000000000000e+00,2.602878193565458798e+00,1.381203124589623025e-03
2.000000000000000000e+00,2.605257374095403922e+00,1.139335279474480234e-03
2.000000000000000000e+00,2.607635423630717320e+00,1.339792441819367356e-03
2.000000000000000000e+00,2.610012324053281763e+00,9.200510531426744963e-06
2.000000000000000000e+00,2.612388057193310686e+00,3.824406753623857982e-05
2.000000000000000000e+00,2.614768119240192146e+00,5.458387838316682331e-05
2.000000000000000000e+00,2.617146997564059774e+00,1.561233409808948419e-05
2.000000000000000000e+00,2.619524673852972718e+00,4.109968979411299563e-06
2.000000000000000000e+00,2.621901129743555270e+00,5.068691558905223622e-06
2.000000000000000000e+00,2.624281901432961472e+00,1.370834248357528758e-05
2.000000000000000000e+00,2.626655871285938915e+00,1.428697987916492508e-05
2.000000000000000000e+00,2.629034140094493655e+00,5.237833106163365215e-06
2.000000000000000000e+00,2.631416719546495031e+00,1.386906660304891022e-06
2.000000000000000000e+00,2.633792431410708623e+00,5.200795218738685205e-06
2.000000000000000000e+00,2.636172436860944934e+00,1.155665238084482503e-05
2.000000000000000000e+00,2.638545517161249965e+00,9.671127067220473855e-06
2.000000000000000000e+00,2.640928499105384297e+00,4.482732851924617068e-06
2.000000000000000000e+00,2.643304518349861354e+00,1.283583932314854884e-06
2.000000000000000000e+00,2.645684816809926954e+00,1.889418195634929655e-06
2.000000000000000000e+00,2.648058094547728558e+00,6.751607412588721006e-06
2.000000000000000000e+00,2.650435633945297020e+00,5.034033176124468593e-06
2.000000000000000000e+00,2.652817446491849473e+00,1.037763992869384234e-05
2.000000000000000000e+00,2.655192171178932803e+00,6.554286143877064818e-06
2.000000000000000000e+00,2.657571151243650398e+00,2.275715637540545882e-06
2.000000000000000000e+00,2.659948691486012429e+00,8.097885676476859570e-07
2.000000000000000000e+00,2.662330489570499559e+00,3.716553532896744164e-06
2.000000000000000000e+00,2.664705102769717726e+00,8.469643641417293743e-06
2.000000000000000000e+00,2.667083955729373734e+00,5.540470100006389275e-06
2.000000000000000000e+00,2.669461312276356413e+00,9.137084264647770809e-06
2.000000000000000000e+00,2.671837153036051848e+00,4.168564004113706198e-06
2.000000000000000000e+00,2.674217226595466013e+00,6.829467945922278357e-07
2.000000000000000000e+00,2.676595765975274599e+00,1.995141190780241315e-06
2.000000000000000000e+00,2.678972751659991935e+00,6.836764283630266683e-06
2.000000000000000000e+00,2.681353962923400225e+00,1.089922438650594964e-05
2.000000000000000000e+00,2.683727792746523733e+00,5.193627531582591534e-06
2.000000000000000000e+00,2.686105829445210702e+00,6.143178988441236738e-06
2.000000000000000000e+00,2.688488084212449003e+00,1.506911025343322357e-06
2.000000000000000000e+00,2.690862888123974894e+00,7.436851753204073429e-07
2.000000000000000000e+00,2.693241891183510539e+00,3.889117545206016381e-06
2.000000000000000000e+00,2.695619243808531795e+00,4.004786342546524267e-06
2.000000000000000000e+00,2.697994926104692492e+00,8.410579078717902047e-06
2.000000000000000000e+00,2.700374799530429026e+00,4.024015966786109714e-06
2.000000000000000000e+00,2.702752983395575903e+00,6.612416197848090669e-06
2.000000000000000000e+00,2.705129457665879755e+00,2.299355780349801376e-06
2.000000000000000000e+00,2.707510114782492927e+00,2.561508545377536913e-06
2.000000000000000000e+00,2.709889042854494612e+00,1.040450920444874282e-06
2.000000000000000000e+00,2.712266221707900993e+00,5.407840572453229251e-07
2.000000000000000000e+00,2.714641631120770615e+00,1.394174152041223581e-06
2.000000000000000000e+00,2.717021204959639391e+00,3.261840267059217244e-06
2.000000000000000000e+00,2.719398989596979010e+00,5.628990330088875025e-06
2.000000000000000000e+00,2.721774964671693997e+00,3.969964826864089853e-06
2.000000000000000000e+00,2.724155095219163325e+00,9.390718365903485320e-06
2.000000000000000000e+00,2.726533396224594785e+00,4.684779993191322905e-06
2.000000000000000000e+00,2.728909847187990234e+00,7.664254405418828280e-06
2.000000000000000000e+00,2.731290444402350470e+00,2.775003940919761743e-06
2.000000000000000000e+00,2.733669171376605700e+00,2.957848126305188682e-06
2.000000000000000000e+00,2.736046007472129116e+00,1.260206250668307972e-06
2.000000000000000000e+00,2.738420932003415853e+00,1.760256959877904910e-06
2.000000000000000000e+00,2.740799983049091892e+00,3.665718268075817173e-06
2.000000000000000000e+00,2.743177102021586489e+00,6.913038200505236734e-06
2.000000000000000000e+00,2.745558347964158319e+00,9.724404931185652481e-06
2.000000000000000000e+00,2.747937641197727654e+00,5.629468031375194754e-06
2.000000000000000000e+00,2.750314960807459741e+00,1.180708515684271725e-05
2.000000000000000000e+00,2.752690285832279038e+00,4.941972040242018995e-06
2.000000000000000000e+00,2.755069717329380996e+00,7.659055748867914912e-06
2.000000000000000000e+00,2.757447133295085617e+00,3.595988964277048545e-06
2.000000000000000000e+00,2.759822512631141755e+00,7.282700484413848671e-06
2.000000000000000000e+00,2.762201987996263153e+00,3.720269965860874715e-06
2.000000000000000000e+00,2.764579405566437664e+00,8.484155525089281022e-06
2.000000000000000000e+00,2.766960919131962182e+00,7.289235414042335080e-06
2.000000000000000000e+00,2.769334167959193405e+00,2.505997271446920105e-04
2.000000000000000000e+00,2.771717687672561325e+00,2.251976603607965140e-04
2.000000000000000000e+00,2.774092899949887059e+00,2.839913624154182447e-04
2.000000000000000000e+00,2.776472186575843271e+00,2.848157137737946908e-05
2.000000000000000000e+00,2.778849329813015245e+00,3.373233280172048245e-05
2.000000000000000000e+00,2.781224308154069291e+00,4.242557560073547914e-06
2.000000000000000000e+00,2.783603349577585373e+00,5.830038060288915820e-06
2.000000000000000000e+00,2.785980204283322159e+00,1.341874627595085737e-06
2.000000000000000000e+00,2.788361121540816612e+00,2.058991940874319359e-06
2.000000000000000000e+00,2.790739830130332333e+00,7.209323902584350711e-07
2.000000000000000000e+00,2.793116308318245977e+00,1.497446166438168682e-06
2.000000000000000000e+00,2.795496837376052479e+00,8.012246795644455009e-07
2.000000000000000000e+00,2.797875113863212526e+00,1.608275393716007025e-06
2.000000000000000000e+00,2.800251115911298605e+00,7.711709562139322691e-07
2.000000000000000000e+00,2.802631156870153184e+00,1.917398694620546691e-06
2.000000000000000000e+00,2.805008901002245647e+00,1.165333017760239922e-06
2.000000000000000000e+00,2.807384326304926958e+00,2.579115018428599157e-06
2.000000000000000000e+00,2.809763778281390234e+00,1.395041253519776496e-06
2.000000000000000000e+00,2.812140888822362683e+00,3.409581525294529597e-06
2.000000000000000000e+00,2.814515635791587478e+00,2.042111463040122759e-06
2.000000000000000000e+00,2.816894396919202848e+00,4.276451617117944875e-06
2.000000000000000000e+00,2.819277182391831005e+00,1.819161310293360471e-06
2.000000000000000000e+00,2.821651159259273456e+00,2.708023865919692085e-06
2.000000000000000000e+00,2.824029137518142551e+00,8.271547234974523635e-07
2.000000000000000000e+00,2.826411127293623426e+00,9.562175916012904964e-07
2.000000000000000000e+00,2.828784230557050972e+00,2.774085489090677552e-07
2.000000000000000000e+00,2.831161322165572702e+00,5.525650307942221384e-07
2.000000000000000000e+00,2.833542412182134651e+00,4.529787211601621674e-07
2.000000000000000000e+00,2.835921024016914149e+00,1.651703321495391537e-06
2.000000000000000000e+00,2.838297135088118761e+00,1.324059664719425698e-06
2.000000000000000000e+00,2.840677231205615438e+00,4.205542074293220529e-06
2.000000000000000000e+00,2.843054803040627743e+00,2.834453330462963681e-06
2.000000000000000000e+00,2.845429827880051832e+00,7.112985474213988424e-06
2.000000000000000000e+00,2.847808824123101878e+00,4.200125340371166284e-06
2.000000000000000000e+00,2.850185249634491935e+00,9.423725753695687442e-06
2.000000000000000000e+00,2.852565644594050376e+00,5.006312110036395230e-06
2.000000000000000000e+00,2.854943444955898801e+00,5.106205869905634424e-06
2.000000000000000000e+00,2.857318627786822773e+00,4.870811239909039808e-06
2.000000000000000000e+00,2.859697765996172869e+00,4.629853911184804506e-06
2.000000000000000000e+00,2.862080869472485301e+00,4.035315162714849094e-06
2.000000000000000000e+00,2.864454712355927857e+00,3.415420020558860202e-06
2.000000000000000000e+00,2.866832496293459265e+00,5.121928930306651923e-06
2.000000000000000000e+00,2.869214231107640511e+00,1.772089074858407446e-06
2.000000000000000000e+00,2.871586624881306449e+00,2.274669936612265701e-06
2.000000000000000000e+00,2.873969606985570024e+00,5.809481260226051941e-07
2.000000000000000000e+00,2.876343201527446158e+00,4.609996801550775607e-07
2.000000000000000000e+00,2.878720719985517373e+00,7.672333323737490382e-08
2.000000000000000000e+00,2.881102172098087610e+00,2.557518744260405977e-07
2.000000000000000000e+00,2.883480861554354568e+00,4.298128660485869504e-07
2.000000000000000000e+00,2.885856764896066906e+00,5.892149649985080565e-06
2.000000000000000000e+00,2.888236586815389195e+00,4.942778624072048508e-06
2.000000000000000000e+00,2.890613597715197436e+00,4.272065240839735172e-06
2.000000000000000000e+00,2.892994524384758570e+00,2.962967558354139920e-06
2.000000000000000000e+00,2.895365853522527733e+00,8.776654331661628770e-08
2.000000000000000000e+00,2.897747845885614293e+00,9.745680260615834984e-06
2.000000000000000000e+00,2.900126977032283726e+00,2.535563546003680131e-05
2.000000000000000000e+00,2.902503223200517901e+00,4.770927301704735822e-05
2.000000000000000000e+00,2.904883366561006319e+00,5.513726140403894907e-05
2.000000000000000000e+00,2.907260599562923709e+00,2.635490928264474419e-07
2.000000000000000000e+00,2.909634898318774088e+00,9.452585943215925925e-07
2.000000000000000000e+00,2.912013078324352744e+00,1.775188374500180295e-06
2.000000000000000000e+00,2.914395149104420657e+00,2.874673004744549680e-06
2.000000000000000000e+00,2.916774258379155604e+00,4.387043915989091220e-06
2.000000000000000000e+00,2.919150382085439865e+00,6.454827537640586728e-07
2.000000000000000000e+00,2.921523496123781261e+00,4.026251992683265921e-07
2.000000000000000000e+00,2.923907367138645963e+00,1.500126423598896202e-06
2.000000000000000000e+00,2.926281318344463589e+00,3.958347619948670883e-06
2.000000000000000000e+00,2.928659127554641639e+00,4.268891010424900641e-06
2.000000000000000000e+00,2.931040804181527015e+00,3.747280089914977464e-06
2.000000000000000000e+00,2.933419417291878162e+00,5.035702400830456663e-06
2.000000000000000000e+00,2.935794942524495799e+00,6.209990703883565153e-06
2.000000000000000000e+00,2.938174318344370928e+00,1.271850001218657162e-04
2.000000000000000000e+00,2.940550579959972044e+00,8.619818503796422993e-05
2.000000000000000000e+00,2.942930688311046872e+00,6.162439562589688042e-06
2.000000000000000000e+00,2.945307656001242336e+00,2.104945624315179550e-06
2.000000000000000000e+00,2.947681458460930770e+00,5.769871439045935935e-07
2.000000000000000000e+00,2.950059090390392047e+00,2.356862210196865881e-06
2.000000000000000000e+00,2.952440561063782720e+00,4.018095054489256149e-06
2.000000000000000000e+00,2.954818837778843132e+00,1.380485270356571532e-06
2.000000000000000000e+00,2.957193895793339244e+00,1.964223369660809512e-06
2.000000000000000000e+00,2.959572774981745535e+00,3.378894726027256343e-06
2.000000000000000000e+00,2.961955484573179920e+00,3.117093287368788067e-06
2.000000000000000000e+00,2.964327858985216224e+00,6.919725444931195386e-06
2.000000000000000000e+00,2.966711135514628506e+00,3.690864328245633500e-06
2.000000000000000000e+00,2.969084027002956372e+00,8.564516063355173204e-05
2.000000000000000000e+00,2.971467838945096585e+00,8.630691809565617736e-06
2.000000000000000000e+00,2.973841215813263883e+00,9.853093629876889399e-06
2.000000000000000000e+00,2.976218387048926051e+00,3.356977925285838969e-06
2.000000000000000000e+00,2.978599361758565323e+00,2.481825750283924727e-06
2.000000000000000000e+00,2.980976981837772488e+00,4.369305137155556048e-06
2.000000000000000000e+00,2.983351222083469256e+00,6.834592960685809167e-07
2.000000000000000000e+00,2.985729247336589065e+00,2.591375647948203561e-06
2.000000000000000000e+00,2.988111066655426029e+00,3.129354029571148444e-06
2.000000000000000000e+00,2.990489476071835462e+00,5.704289365468456469e-07
2.000000000000000000e+00,2.992864450213154281e+00,2.741238903632045707e-06
2.000000000000000000e+00,2.995243199646329124e+00,2.158367645980154978e-06
2.000000000000000000e+00,2.997618485893688511e+00,7.457121167558141937e-07
2.000000000000000000e+00,2.999997542427555786e+00,2.797063360650413670e-06
3.000000000000000000e+00,1.099999098890103832e+00,1.195572281111601535e-07
3.000000000000000000e+00,1.102375730712192192e+00,1.248619480375085223e-05
3.000000000000000000e+00,1.104752810646187022e+00,3.183034694062070279e-06
3.000000000000000000e+00,1.107130277917975025e+00,-2.133786864575453860e-06
3.000000000000000000e+00,1.109508071207282898e+00,-2.389283047113460737e-05
3.000000000000000000e+00,1.111886128647274319e+00,3.725230670580236212e-06
3.000000000000000000e+00,1.114264387824213776e+00,5.575121064774825634e-05
3.000000000000000000e+00,1.116642785777203883e+00,1.976628756281954456e-04
3.000000000000000000e+00,1.119021258997989765e+00,5.733695755696024553e-05
3.000000000000000000e+00,1.121399743430837814e+00,1.939275373248516474e-04
3.000000000000000000e+00,1.123778174472484626e+00,8.224116901266949171e-06
3.000000000000000000e+00,1.126156486972162973e+00,-3.102506903442619867e-08
3.000000000000000000e+00,1.128534615231699956e+00,-3.825241694142302459e-06
3.000000000000000000e+00,1.130912493005694186e+00,2.522713744049162948e-06
3.000000000000000000e+00,1.133290053501766481e+00,5.286271559496096567e-06
3.000000000000000000e+00,1.135667229380893373e+00,4.097197009866315630e-06
3.000000000000000000e+00,1.138043952757815891e+00,-1.718753316095870120e-07
3.000000000000000000e+00,1.140430645006762944e+00,-1.952045363235047170e-07
3.000000000000000000e+00,1.142806301289510440e+00,3.988815571634253699e-06
3.000000000000000000e+00,1.145181298221050525e+00,9.625871717009710098e-08
3.000000000000000000e+00,1.147555565735549843e+00,3.682968939565728031e-06
3.000000000000000000e+00,1.149939698688533074e+00,-3.090534957510851350e-07
3.000000000000000000e+00,1.152312339057216528e+00,4.198708445089691854e-07
3.000000000000000000e+00,1.154694790481869404e+00,1.197003261509318464e-05
3.000000000000000000e+00,1.157076315485336515e+00,4.434347938173267455e-06
3.000000000000000000e+00,1.159445998776818199e+00,7.009724702257537848e-06
3.000000000000000000e+00,1.161825408173174257e+00,-8.942993723367139618e-06
3.000000000000000000e+00,1.164203671776672389e+00,-4.372732699062779889e-08
3.000000000000000000e+00,1.166580715404594182e+00,9.234827451524112293e-05
3.000000000000000000e+00,1.168956464334743650e+00,3.436261241977499369e-04
3.000000000000000000e+00,1.171341909466407039e+00,8.925544010043347113e-05
3.000000000000000000e+00,1.173714887566505771e+00,1.085176539680692692e-02
3.000000000000000000e+00,1.176097499840639937e+00,2.365586000486145772e-04
3.000000000000000000e+00,1.178478603450343609e+00,-1.210764024404888460e-05
3.000000000000000000e+00,1.180846874482839759e+00,-1.518588915373186832e-04
3.000000000000000000e+00,1.183224683239016084e+00,7.639863796293091049e-07
3.000000000000000000e+00,1.185612087451950236e+00,2.207601491756959597e-04
3.000000000000000000e+00,1.187986378893309602e+00,5.787334108129902781e-05
3.000000000000000000e+00,1.190358770252602172e+00,5.644525160266583705e-04
3.000000000000000000e+00,1.192740655833151475e+00,-6.731735926649545212e-05
3.000000000000000000e+00,1.195120572508726164e+00,1.980939491278297586e-04
3.000000000000000000e+00,1.197498439510897406e+00,6.928563055193802432e-04
3.000000000000000000e+00,1.199874175544611843e+00,4.936636489642096072e-04
3.000000000000000000e+00,1.202247698790813724e+00,3.673465871179198766e-04
3.000000000000000000e+00,1.204630630988217099e+00,5.191597619208306074e-05
3.000000000000000000e+00,1.207011277581778286e+00,1.018681015397189152e-04
3.000000000000000000e+00,1.209389555328822752e+00,3.305240200052790176e-04
3.000000000000000000e+00,1.211765380466591990e+00,3.938177055337254372e-04
3.000000000000000000e+00,1.214138668715299518e+00,2.622708989532903821e-04
3.000000000000000000e+00,1.216521271556269213e+00,8.747251417673851826e-05
3.000000000000000000e+00,1.218901260673629805e+00,7.580500767520062749e-05
3.000000000000000000e+00,1.221278550366432736e+00,1.970115571303860432e-04
3.000000000000000000e+00,1.223653054421999675e+00,2.611451851213500604e-04
3.000000000000000000e+00,1.226036809853057186e+00,2.054304399990254041e-04
3.000000000000000000e+00,1.228405528858331763e+00,1.004957931138082499e-04
3.000000000000000000e+00,1.230783418372779048e+00,6.710734619565522521e-05
3.000000000000000000e+00,1.233170531755207078e+00,1.370218795281225076e-04
3.000000000000000000e+00,1.235542297137962597e+00,1.859440444072508602e-04
3.000000000000000000e+00,1.237923203366784186e+00,1.625887094568229834e-04
3.000000000000000000e+00,1.240300895663398073e+00,1.520009903866423526e-06
3.000000000000000000e+00,1.242677775014586095e+00,5.679579109479362346e-06
3.000000000000000000e+00,1.245056280032780238e+00,1.056089907432609223e-05
3.000000000000000000e+00,1.247433866845625072e+00,4.015423339550173080e-06
3.000000000000000000e+00,1.249811732522333463e+00,7.465450699698196132e-05
3.000000000000000000e+00,1.252189828228160717e+00,8.257475932652299936e-07
3.000000000000000000e+00,1.254568104745505508e+00,1.276330495497738732e-06
3.000000000000000000e+00,1.256946512473745337e+00,2.417831963372492446e-06
3.000000000000000000e+00,1.259323722316235017e+00,4.512608972170785602e-07
3.000000000000000000e+00,1.261702237295382556e+00,2.421536533044816818e-06
3.000000000000000000e+00,1.264080732375299165e+00,7.336629625347121706e-07
3.000000000000000000e+00,1.266457862776105170e+00,5.477671741296851977e-07
3.000000000000000000e+00,1.268836159410696496e+00,1.521186190895588715e-06
3.000000000000000000e+00,1.271214281587295547e+00,2.213470435530110035e-07
3.000000000000000000e+00,1.273592177023115557e+00,1.400456706038373819e-06
3.000000000000000000e+00,1.275969793052491141e+00,7.491134795644848150e-07
3.000000000000000000e+00,1.278348394676446675e+00,1.123483532317742917e-07
3.000000000000000000e+00,1.280725297271503527e+00,1.869457237424740273e-06
3.000000000000000000e+00,1.283104415923701946e+00,8.783642168970108879e-07
3.000000000000000000e+00,1.285481727588297707e+00,4.613926411334463851e-05
3.000000000000000000e+00,1.287859838407007906e+00,9.861188296629328989e-06
3.000000000000000000e+00,1.290237365594768537e+00,5.158222366323474513e-07
3.000000000000000000e+00,1.292615601494206734e+00,1.634133364475388410e-06
3.000000000000000000e+00,1.294993152720043783e+00,9.801067508865932729e-07
3.000000000000000000e+00,1.297371320810711826e+00,9.318250585117768498e-07
3.000000000000000000e+00,1.299750064295511320e+00,2.053112859571048478e-06
3.000000000000000000e+00,1.302127973832296837e+00,2.543148187781086184e-07
3.000000000000000000e+00,1.304504992295077548e+00,6.977964318791002237e-07
3.000000000000000000e+00,1.306883817274359982e+00,1.007782473383153196e-06
3.000000000000000000e+00,1.309261655848396488e+00,2.854019189981687421e-07
3.000000000000000000e+00,1.311639837390945473e+00,2.299703623987981234e-06
3.000000000000000000e+00,1.314016925775080002e+00,4.829707459881762100e-07
3.000000000000000000e+00,1.316395657391975726e+00,6.944086164461769256e-07
3.000000000000000000e+00,1.318773197764609995e+00,1.873483536045889208e-06
3.000000000000000000e+00,1.321150895014793214e+00,2.159208165285605359e-07
3.000000000000000000e+00,1.323530117170831355e+00,3.240228529589018620e-06
3.000000000000000000e+00,1.325907998417265699e+00,8.012426384344563613e-07
3.000000000000000000e+00,1.328285901053660734e+00,1.011660647596223380e-06
3.000000000000000000e+00,1.330663779257676982e+00,3.504656422537196112e-06
3.000000000000000000e+00,1.333041586878621620e+00,4.878851518217334986e-07
3.000000000000000000e+00,1.335419277437480678e+00,8.150085597992598379e-06
3.000000000000000000e+00,1.337796804126984540e+00,4.221431461302004967e-06
3.000000000000000000e+00,1.340175568438737086e+00,2.349209068714125177e-06
3.000000000000000000e+00,1.342552630798620195e+00,2.438656225500620493e-05
3.000000000000000000e+00,1.344930845832843502e+00,2.064252083411286133e-05
3.000000000000000000e+00,1.347308716820470487e+00,4.247060111676351311e-04
3.000000000000000000e+00,1.349687664603416160e+00,1.917337075847987799e-04
3.000000000000000000e+00,1.352064707084743578e+00,9.111984061001543987e-06
3.000000000000000000e+00,1.354442738914278577e+00,2.294943223578421631e-05
3.000000000000000000e+00,1.356821726285427188e+00,5.421644504594203328e-06
3.000000000000000000e+00,1.359198655024307145e+00,2.673010726260950752e-06
3.000000000000000000e+00,1.361576449996873439e+00,3.067481757197034750e-06
3.000000000000000000e+00,1.363955076519934195e+00,8.320184272157425407e-07
3.000000000000000000e+00,1.366332993909127991e+00,2.341343396983513894e-06
3.000000000000000000e+00,1.368710151197721991e+00,1.197337841929218334e-06
3.000000000000000000e+00,1.371089529547983243e+00,7.642927730689587230e-07
3.000000000000000000e+00,1.373466544440631543e+00,1.564775160305075148e-06
3.000000000000000000e+00,1.375844181692285284e+00,6.138416673900960557e-07
3.000000000000000000e+00,1.378222404895539377e+00,1.488113267773219685e-06
3.000000000000000000e+00,1.380601177370847310e+00,1.066409776356014896e-06
3.000000000000000000e+00,1.382978919523796035e+00,3.865454708245855772e-07
3.000000000000000000e+00,1.385357126148375695e+00,2.078303959333184364e-06
3.000000000000000000e+00,1.387734206447297503e+00,6.998168172818542071e-07
3.000000000000000000e+00,1.390113223827786459e+00,1.261775760803080922e-06
3.000000000000000000e+00,1.392491028330698821e+00,4.757655058831206580e-06
3.000000000000000000e+00,1.394869134848162107e+00,1.092335402713284112e-06
3.000000000000000000e+00,1.397245930094993760e+00,3.100915069364112951e-06
3.000000000000000000e+00,1.399624519051433369e+00,1.190378547294393784e-06
3.000000000000000000e+00,1.402003293241485871e+00,1.424231485929850352e-06
3.000000000000000000e+00,1.404380622437389370e+00,1.895613510923554955e-06
3.000000000000000000e+00,1.406758046866900980e+00,5.191153251328791813e-07
3.000000000000000000e+00,1.409137128030744313e+00,3.600541414222365386e-06
3.000000000000000000e+00,1.411514627924003840e+00,1.896735405559702415e-06
3.000000000000000000e+00,1.413892102100584580e+00,5.727649007401422060e-06
3.000000000000000000e+00,1.416271127497783944e+00,5.867250102882691693e-05
3.000000000000000000e+00,1.418648432802419590e+00,1.825997482908526206e-06
3.000000000000000000e+00,1.421025588977857357e+00,4.931090591255822120e-06
3.000000000000000000e+00,1.423404188478144317e+00,2.142437781517381869e-06
3.000000000000000000e+00,1.425782566128521500e+00,2.538448957187232978e-06
3.000000000000000000e+00,1.428160679720647197e+00,5.046280524325813283e-06
3.000000000000000000e+00,1.430538486772758411e+00,1.278270248812627287e-06
3.000000000000000000e+00,1.432915944529842500e+00,4.895743075793121061e-06
3.000000000000000000e+00,1.435294671521053944e+00,2.975749709229294311e-06
3.000000000000000000e+00,1.437671306838161023e+00,3.258443267189408789e-06
3.000000000000000000e+00,1.440050808136397853e+00,8.214981066528007141e-06
3.000000000000000000e+00,1.442428130388856866e+00,1.969694797737410408e-06
3.000000000000000000e+00,1.444806580222042447e+00,9.955384375233372162e-06
3.000000000000000000e+00,1.447184440705151953e+00,9.673839248175641274e-06
3.000000000000000000e+00,1.449561667222405870e+00,9.981991776526049091e-06
3.000000000000000000e+00,1.451939915205273879e+00,3.791043264376232918e-05
3.000000000000000000e+00,1.454317450317589300e+00,1.495562975901088148e-05
3.000000000000000000e+00,1.456695938627691200e+00,1.848581840304736241e-04
3.000000000000000000e+00,1.459073634158916555e+00,5.830085370488985019e-04
3.000000000000000000e+00,1.461452213653828158e+00,5.747262005705683048e-04
3.000000000000000000e+00,1.463829919457844797e+00,4.559120828868319956e-04
3.000000000000000000e+00,1.466208439024566657e+00,2.238871199301329019e-05
3.000000000000000000e+00,1.468586002984929362e+00,7.282374831514390370e-05
3.000000000000000000e+00,1.470964309539829262e+00,3.166733227944482434e-05
3.000000000000000000e+00,1.473341577570034255e+00,2.445790267284228577e-05
3.000000000000000000e+00,1.475719516059424974e+00,7.108932225416596186e-05
3.000000000000000000e+00,1.478098094240766214e+00,9.031285418622259708e-06
3.000000000000000000e+00,1.480475513315234082e+00,9.592267395979562641e-05
3.000000000000000000e+00,1.482853498523538649e+00,4.762574728310893361e-05
3.000000000000000000e+00,1.485232018414436084e+00,1.258872555346714217e-04
3.000000000000000000e+00,1.487609256426934090e+00,4.665357875755940607e-04
3.000000000000000000e+00,1.489986954141012232e+00,8.047352614897322642e-05
3.000000000000000000e+00,1.492365079420795659e+00,3.787685697137660478e-04
3.000000000000000000e+00,1.494743599912236265e+00,1.522653310713623652e-05
3.000000000000000000e+00,1.497120675253670763e+00,1.040324180574301953e-04
3.000000000000000000e+00,1.499499882482282054e+00,4.276358204836550243e-05
3.000000000000000000e+00,1.501877567244239930e+00,2.030735954069483461e-05
3.000000000000000000e+00,1.504255504071110305e+00,6.782431831789878518e-04
3.000000000000000000e+00,1.506633659486564580e+00,3.065654093245240129e-05
3.000000000000000000e+00,1.509011999795530246e+00,1.276046424803549081e-04
3.000000000000000000e+00,1.511388648673164026e+00,6.917598403687238702e-05
3.000000000000000000e+00,1.513767251004833225e+00,8.231482375018107871e-06
3.000000000000000000e+00,1.516145935822170943e+00,5.172634305750098481e-05
3.000000000000000000e+00,1.518522808709106275e+00,4.663780364690586445e-06
3.000000000000000000e+00,1.520901548735163589e+00,9.243358524267475753e-05
3.000000000000000000e+00,1.523278395355869286e+00,4.036875550871184271e-05
3.000000000000000000e+00,1.525657050519223512e+00,3.835860759233480357e-05
3.000000000000000000e+00,1.528035613106303980e+00,9.620214457543342385e-05
3.000000000000000000e+00,1.530412158368475106e+00,9.037638615408489975e-04
3.000000000000000000e+00,1.532790422710940126e+00,7.203161607733116895e-04
3.000000000000000000e+00,1.535168486814444622e+00,8.131861480717164853e-04
3.000000000000000000e+00,1.537546314356687649e+00,7.385269088516071287e-04
3.000000000000000000e+00,1.539925781434329011e+00,7.294545178453495406e-04
3.000000000000000000e+00,1.542303031922281464e+00,9.851931059231635625e-04
3.000000000000000000e+00,1.544679935578640473e+00,1.021591807545511876e-03
3.000000000000000000e+00,1.547058385603538921e+00,1.393746751293322653e-03
3.000000000000000000e+00,1.549436426059346950e+00,1.862947950694965023e-03
3.000000000000000000e+00,1.551814019337569794e+00,3.472139509060202800e-03
3.000000000000000000e+00,1.554193075854291672e+00,3.104065494417633606e-03
3.000000000000000000e+00,1.556571621252926807e+00,3.914932930033525110e-04
3.000000000000000000e+00,1.558949617294478562e+00,9.185295167190042330e-07
3.000000000000000000e+00,1.561327025522138312e+00,1.124998253347832790e-05
3.000000000000000000e+00,1.563703807261558554e+00,3.148991404089685113e-06
3.000000000000000000e+00,1.566081901784048602e+00,1.196392744491634730e-05
3.000000000000000000e+00,1.568461288012522381e+00,4.970096048019609792e-06
3.000000000000000000e+00,1.570837964304495848e+00,8.575934209863206432e-07
3.000000000000000000e+00,1.573215865533810209e+00,5.841151077690168758e-06
3.000000000000000000e+00,1.575594970075133272e+00,4.323581124506373258e-07
3.000000000000000000e+00,1.577973247821740976e+00,9.619106981438038602e-06
3.000000000000000000e+00,1.580350658646643147e+00,6.800837887603153601e-06
3.000000000000000000e+00,1.582729182648527688e+00,1.673339263031189395e-06
3.000000000000000000e+00,1.585106770971465240e+00,8.173829389506161668e-05
3.000000000000000000e+00,1.587483382861448522e+00,2.983582156327781182e-06
3.000000000000000000e+00,1.589863054736732062e+00,1.646714518297331630e-05
3.000000000000000000e+00,1.592239647623282961e+00,3.414585709579844058e-06
3.000000000000000000e+00,1.594619254564539901e+00,2.589509516228426306e-06
3.000000000000000000e+00,1.596995699582284045e+00,1.459632137699529839e-05
3.000000000000000000e+00,1.599375112011809597e+00,9.362803030640396655e-07
3.000000000000000000e+00,1.601751278763500652e+00,8.376611013344879218e-06
3.000000000000000000e+00,1.604130365570978434e+00,1.025938118133742045e-06
3.000000000000000000e+00,1.606508203736388474e+00,9.023184303011610050e-06
3.000000000000000000e+00,1.608886838448475576e+00,8.092527504132303849e-06
3.000000000000000000e+00,1.611264151472938666e+00,1.069368510692434606e-06
3.000000000000000000e+00,1.613642199950546807e+00,6.084187324262788890e-06
3.000000000000000000e+00,1.616020959246320388e+00,3.327502815449287721e-07
3.000000000000000000e+00,1.618398292022371621e+00,9.907353841643128355e-06
3.000000000000000000e+00,1.620776273428434777e+00,1.176767168481057346e-06
3.000000000000000000e+00,1.623154878309403193e+00,5.857196668146447545e-06
3.000000000000000000e+00,1.625531950142255599e+00,1.124432531740628645e-05
3.000000000000000000e+00,1.627909582167395008e+00,9.753828946131231105e-07
3.000000000000000000e+00,1.630287748709084994e+00,5.781250202529306922e-05
3.000000000000000000e+00,1.632666423928462507e+00,4.556405817858775724e-06
3.000000000000000000e+00,1.635043425604618017e+00,1.880267158910672030e-04
3.000000000000000000e+00,1.637420871234776421e+00,3.870684556995396551e-05
3.000000000000000000e+00,1.639798734458945972e+00,1.236074284249878325e-05
3.000000000000000000e+00,1.642176988753630829e+00,3.060063058356371675e-05
3.000000000000000000e+00,1.644555607431689159e+00,4.416373628074196934e-07
3.000000000000000000e+00,1.646934563642211913e+00,1.805842361754706236e-05
3.000000000000000000e+00,1.649311636354932720e+00,1.586943959920478654e-06
3.000000000000000000e+00,1.651688979741587904e+00,1.067287837474980588e-05
3.000000000000000000e+00,1.654066566429912566e+00,3.288699192589128344e-06
3.000000000000000000e+00,1.656446581917050409e+00,2.003623466486947347e-06
3.000000000000000000e+00,1.658824578794847904e+00,1.177160024242334104e-05
3.000000000000000000e+00,1.661200510123229890e+00,6.295057795462940760e-07
3.000000000000000000e+00,1.663578793016376123e+00,1.062388310665721494e-05
3.000000000000000000e+00,1.665957179889875128e+00,5.821605638638617951e-07
3.000000000000000000e+00,1.668335642387050344e+00,1.148558648398559904e-05
3.000000000000000000e+00,1.670714151986992135e+00,4.509895727843202739e-06
3.000000000000000000e+00,1.673090422268976418e+00,4.482601861295164670e-06
3.000000000000000000e+00,1.675468933430814822e+00,1.458037984310817884e-05
3.000000000000000000e+00,1.677847405138119141e+00,2.499072632973960162e-06
3.000000000000000000e+00,1.680225808213018368e+00,3.379610534761976712e-05
3.000000000000000000e+00,1.682604113313405536e+00,1.125010442492513450e-06
3.000000000000000000e+00,1.684982290932964144e+00,3.765071614088913714e-05
3.000000000000000000e+00,1.687360311401208346e+00,5.809594665699786280e-06
3.000000000000000000e+00,1.689738144883533133e+00,3.219805207970866123e-05
3.000000000000000000e+00,1.692115761381273620e+00,3.994971554857351139e-05
3.000000000000000000e+00,1.694493130731776098e+00,2.145221305811706496e-05
3.000000000000000000e+00,1.696870222608480416e+00,6.506908097546638676e-05
3.000000000000000000e+00,1.699249335401934236e+00,4.881254334447482327e-06
3.000000000000000000e+00,1.701628122620680639e+00,9.406256833753454073e-05
3.000000000000000000e+00,1.704004211532359703e+00,1.779055417686269054e-06
3.000000000000000000e+00,1.706382248516707056e+00,4.464029899664217582e-05
3.000000000000000000e+00,1.708759867047055625e+00,1.579812706330706047e-05
3.000000000000000000e+00,1.711139397425514685e+00,1.871640782217306054e-05
3.000000000000000000e+00,1.713516091596347435e+00,2.234643286741667747e-05
3.000000000000000000e+00,1.715894647708231302e+00,6.385327575089560454e-06
3.000000000000000000e+00,1.718272672423617475e+00,2.628941131838111400e-05
3.000000000000000000e+00,1.720650133828133255e+00,7.698485965932939748e-07
3.000000000000000000e+00,1.723029394364145483e+00,2.602583946368618861e-05
3.000000000000000000e+00,1.725405639360965360e+00,1.762970389126865575e-06
3.000000000000000000e+00,1.727783632085690080e+00,1.765374310758678530e-05
3.000000000000000000e+00,1.730163359864028916e+00,1.583901692289421318e-05
3.000000000000000000e+00,1.732539967848906848e+00,1.046059067712730843e-05
3.000000000000000000e+00,1.734918258608534103e+00,3.800750467834053110e-05
3.000000000000000000e+00,1.737295784744042226e+00,3.292578582211906525e-06
3.000000000000000000e+00,1.739674954091988246e+00,1.173116451413681454e-04
3.000000000000000000e+00,1.742053305661134033e+00,1.187306507692987428e-05
3.000000000000000000e+00,1.744430805976284748e+00,9.735730048252094163e-05
3.000000000000000000e+00,1.746807421400558225e+00,4.960680065683334639e-05
3.000000000000000000e+00,1.749185585906543050e+00,1.787177868342847628e-05
3.000000000000000000e+00,1.751565285671503824e+00,4.099992141794925576e-05
3.000000000000000000e+00,1.753941544332989544e+00,7.876600686759194204e-06
3.000000000000000000e+00,1.756319283347408389e+00,4.399087524930767241e-05
3.000000000000000000e+00,1.758698488506720947e+00,2.763681434052189613e-06
3.000000000000000000e+00,1.761076644056678076e+00,6.048066733293046889e-05
3.000000000000000000e+00,1.763453715291095847e+00,1.912482650523857970e-06
3.000000000000000000e+00,1.765832182308382903e+00,8.261356275182429659e-05
3.000000000000000000e+00,1.768209508663195706e+00,7.690138396133138561e-06
3.000000000000000000e+00,1.770588187717695883e+00,4.076282403099074113e-05
3.000000000000000000e+00,1.772965669196805205e+00,2.230572304341790784e-05
3.000000000000000000e+00,1.775344459763996241e+00,1.555401468504909941e-05
3.000000000000000000e+00,1.777721995276969613e+00,1.789676513082220455e-05
3.000000000000000000e+00,1.780100795737554753e+00,5.351273373346813180e-06
3.000000000000000000e+00,1.782478283099381056e+00,9.618894498758676908e-06
3.000000000000000000e+00,1.784856990739158489e+00,1.157001421505349455e-06
3.000000000000000000e+00,1.787234326670235962e+00,1.984443077381449570e-05
3.000000000000000000e+00,1.789612837680196966e+00,9.467938351922588614e-07
3.000000000000000000e+00,1.791989917806559918e+00,1.069924526570452407e-05
3.000000000000000000e+00,1.794368127283230807e+00,1.893248085255975664e-05
3.000000000000000000e+00,1.796744846137017459e+00,1.460271372979353192e-05
3.000000000000000000e+00,1.799122648083041343e+00,2.501719418200352304e-05
3.000000000000000000e+00,1.801501516697256555e+00,5.958769688520033092e-06
3.000000000000000000e+00,1.803878810935230392e+00,1.509139919676853511e-05
3.000000000000000000e+00,1.806257124818080539e+00,2.315580389110669323e-06
3.000000000000000000e+00,1.808636441567766484e+00,1.310059385316803273e-05
3.000000000000000000e+00,1.811014098981616804e+00,5.493799623824327629e-07
3.000000000000000000e+00,1.813392711472929353e+00,1.199686026330674517e-05
3.000000000000000000e+00,1.815769602679484063e+00,1.165129826793294962e-07
3.000000000000000000e+00,1.818147400644648304e+00,1.063684018598022966e-05
3.000000000000000000e+00,1.820526087986671593e+00,1.837524498182119618e-06
3.000000000000000000e+00,1.822902967052714596e+00,3.676739869560433825e-06
3.000000000000000000e+00,1.825280686410676978e+00,3.145859306136742674e-06
3.000000000000000000e+00,1.827659228322897844e+00,5.107695123096629116e-06
3.000000000000000000e+00,1.830038574944468310e+00,4.415484980415347320e-06
3.000000000000000000e+00,1.832416000112327747e+00,1.525397856740061890e-06
3.000000000000000000e+00,1.834794179900823385e+00,5.082755552552324329e-06
3.000000000000000000e+00,1.837170373825880221e+00,1.451084242287976991e-06
3.000000000000000000e+00,1.839550001086070585e+00,5.407509028578620522e-06
3.000000000000000000e+00,1.841927591628267580e+00,2.317338205002877659e-07
3.000000000000000000e+00,1.844305849176059109e+00,5.271426921281844048e-06
3.000000000000000000e+00,1.846682004518993780e+00,6.253501728824915595e-08
3.000000000000000000e+00,1.849061532876481451e+00,4.909768566694623441e-06
3.000000000000000000e+00,1.851438907171361503e+00,2.745858798153718142e-07
3.000000000000000000e+00,1.853816858923008848e+00,4.329226600166575722e-06
3.000000000000000000e+00,1.856195368998788231e+00,1.738136813813585686e-06
3.000000000000000000e+00,1.858574418157592278e+00,4.834361089761449187e-06
3.000000000000000000e+00,1.860951193835267858e+00,2.246412674179411552e-06
3.000000000000000000e+00,1.863328455497598846e+00,5.909050254226493286e-06
3.000000000000000000e+00,1.865706183545688734e+00,1.064916677107690243e-05
3.000000000000000000e+00,1.868084358271926204e+00,6.542194241477090869e-06
3.000000000000000000e+00,1.870462959859882535e+00,1.453983239680640278e-05
3.000000000000000000e+00,1.872841968384215239e+00,7.346996708965162327e-06
3.000000000000000000e+00,1.875218527602503737e+00,6.035527999209442458e-05
3.000000000000000000e+00,1.877598282584272082e+00,3.763582133550172189e-06
3.000000000000000000e+00,1.879975533445847002e+00,4.352490104567269757e-05
3.000000000000000000e+00,1.882353096003137383e+00,1.178635779040698781e-06
3.000000000000000000e+00,1.884730949754881424e+00,9.614118794614104498e-05
3.000000000000000000e+00,1.887109074090651539e+00,1.042050530571753483e-05
3.000000000000000000e+00,1.889487448290790628e+00,4.010862393545832879e-05
3.000000000000000000e+00,1.891866051526354786e+00,1.637291216797620141e-05
3.000000000000000000e+00,1.894241968814363020e+00,6.877355973097462345e-05
3.000000000000000000e+00,1.896620959922661109e+00,2.815119029608805277e-05
3.000000000000000000e+00,1.899000116913673875e+00,3.611875986551601087e-05
3.000000000000000000e+00,1.901376502634666066e+00,2.756474118134497948e-05
3.000000000000000000e+00,1.903755920179471373e+00,7.587721050635180310e-05
3.000000000000000000e+00,1.906132508977648854e+00,7.086937955104139571e-05
3.000000000000000000e+00,1.908512101096307090e+00,1.590931618171302007e-05
3.000000000000000000e+00,1.910888806516348737e+00,2.576357778405187230e-05
3.000000000000000000e+00,1.913265533887637870e+00,1.033212358416049891e-05
3.000000000000000000e+00,1.915645221064280479e+00,4.230727381173892082e-05
3.000000000000000000e+00,1.918021933723900396e+00,1.525958952174946023e-06
3.000000000000000000e+00,1.920401576683357536e+00,2.308611660631981023e-05
3.000000000000000000e+00,1.922778185987368271e+00,8.358039807891128786e-07
3.000000000000000000e+00,1.925157695683840764e+00,6.121379067965010174e-05
3.000000000000000000e+00,1.927534112112835318e+00,3.854543915372210058e-07
3.000000000000000000e+00,1.929913398624609977e+00,2.033635540581208662e-05
3.000000000000000000e+00,1.932289531783984105e+00,3.501727024537331081e-06
3.000000000000000000e+00,1.934668504313772353e+00,3.211129449595406273e-05
3.000000000000000000e+00,1.937047289244272052e+00,1.774837305136444349e-06
3.000000000000000000e+00,1.939422829809603455e+00,1.418134298149602336e-05
3.000000000000000000e+00,1.941801162930054447e+00,4.525371993073651480e-06
3.000000000000000000e+00,1.944179239057897579e+00,3.131467032788992822e-05
3.000000000000000000e+00,1.946557034846245759e+00,3.590319162627399854e-06
3.000000000000000000e+00,1.948937590416296883e+00,1.891939526350683057e-05
3.000000000000000000e+00,1.951314762526208613e+00,1.842836562152139806e-05
3.000000000000000000e+00,1.953691583608964111e+00,1.022336005583533681e-04
3.000000000000000000e+00,1.956071115926188098e+00,2.607157453451374297e-05
3.000000000000000000e+00,1.958447170997391629e+00,1.106979160224863529e-04
3.000000000000000000e+00,1.960825904438677769e+00,3.597169208110001341e-03
3.000000000000000000e+00,1.963204206118381423e+00,4.022162990077806331e-03
3.000000000000000000e+00,1.965582051840911504e+00,4.092693672771386890e-03
3.000000000000000000e+00,1.967959417301841540e+00,3.260704688736517157e-03
3.000000000000000000e+00,1.970339409318672352e+00,2.779655703442457295e-03
3.000000000000000000e+00,1.972715748465783570e+00,2.516889953290318664e-03
3.000000000000000000e+00,1.975094680156374904e+00,9.896311041171913618e-05
3.000000000000000000e+00,1.977473048443104009e+00,1.869633551527364354e-04
3.000000000000000000e+00,1.979850828500714810e+00,2.713217290426342453e-04
3.000000000000000000e+00,1.982227995395533071e+00,4.287254170620019306e-05
3.000000000000000000e+00,1.984604524085609167e+00,4.583009748334777612e-05
3.000000000000000000e+00,1.986983573776171186e+00,1.645902296155699876e-05
3.000000000000000000e+00,1.989361950099164611e+00,3.067756027201459849e-05
3.000000000000000000e+00,1.991739627709276261e+00,3.766094207893320847e-06
3.000000000000000000e+00,1.994116581153200896e+00,7.798842369659073415e-06
3.000000000000000000e+00,1.996495999787446962e+00,2.958383915520773762e-06
3.000000000000000000e+00,1.998874658345563660e+00,1.349021317301228395e-05
3.000000000000000000e+00,2.001252531070988550e+00,1.933134205549752818e-06
3.000000000000000000e+00,2.003629592099526402e+00,6.459101000133688847e-06
3.000000000000000000e+00,2.006009061087529410e+00,3.877082676507559882e-06
3.000000000000000000e+00,2.008384428391164267e+00,1.561095667785962027e-05
3.000000000000000000e+00,2.010762166794522354e+00,2.207699692409054442e-06
3.000000000000000000e+00,2.013142273146784511e+00,1.081479015874616770e-05
3.000000000000000000e+00,2.015518191284053184e+00,6.264485619150069189e-06
3.000000000000000000e+00,2.017896439964003363e+00,3.417004136420768605e-05
3.000000000000000000e+00,2.020273723858567294e+00,4.275566831720611422e-06
3.000000000000000000e+00,2.022653315995031953e+00,1.971725554722553257e-05
3.000000000000000000e+00,2.025031905392828957e+00,7.708810339542988054e-06
3.000000000000000000e+00,2.027409465173173775e+00,3.190325985670548531e-05
3.000000000000000000e+00,2.029785968350953596e+00,2.942877502701046967e-06
3.000000000000000000e+00,2.032164718651917390e+00,1.341090459306864422e-05
3.000000000000000000e+00,2.034542373648666747e+00,5.204927302800278490e-06
3.000000000000000000e+00,2.036922252485694695e+00,1.216312315484806166e-05
3.000000000000000000e+00,2.039297642718866488e+00,2.840517647584536922e-06
3.000000000000000000e+00,2.041678579620796796e+00,1.265608029552685876e-05
3.000000000000000000e+00,2.044054972850176011e+00,6.906424631118822361e-06
3.000000000000000000e+00,2.046433526721744833e+00,1.490629554948503284e-05
3.000000000000000000e+00,2.048810851376187347e+00,4.498001870949746039e-06
3.000000000000000000e+00,2.051190312403015081e+00,1.843628324955326551e-05
3.000000000000000000e+00,2.053568504069569922e+00,1.462235842402294096e-05
3.000000000000000000e+00,2.055945398294015458e+00,2.491458219586126582e-05
3.000000000000000000e+00,2.058324384012754305e+00,1.232368984557970486e-05
3.000000000000000000e+00,2.060702031599246808e+00,3.429804154106505119e-05
3.000000000000000000e+00,2.063078312672746772e+00,3.620967394856041636e-05
3.000000000000000000e+00,2.065456639593524102e+00,5.081673140789596871e-05
3.000000000000000000e+00,2.067833558764816893e+00,2.098569318342532916e-05
3.000000000000000000e+00,2.070212498216723152e+00,9.043642874879905024e-05
3.000000000000000000e+00,2.072589988335185041e+00,2.423088028958238801e-05
3.000000000000000000e+00,2.074969472860463071e+00,3.692373414565415919e-05
3.000000000000000000e+00,2.077347466120683439e+00,2.645155592208203781e-05
3.000000000000000000e+00,2.079723939049616721e+00,8.028424143584293586e-05
3.000000000000000000e+00,2.082102359006916092e+00,3.541449423411782097e-05
3.000000000000000000e+00,2.084479216156104542e+00,4.625219855702879371e-05
3.000000000000000000e+00,2.086857993654473997e+00,4.402640154161059849e-05
3.000000000000000000e+00,2.089235165520535009e+00,1.039087923256875039e-04
3.000000000000000000e+00,2.091614230747953052e+00,6.445313443626687509e-05
3.000000000000000000e+00,2.093991647171488779e+00,4.503859876378537072e-05
3.000000000000000000e+00,2.096370929659487015e+00,3.966056635638415034e-05
3.000000000000000000e+00,2.098748519824702452e+00,8.677092897820950037e-05
3.000000000000000000e+00,2.101127948448022309e+00,8.806539945693597164e-05
3.000000000000000000e+00,2.103505640882435745e+00,4.005086050277841203e-05
3.000000000000000000e+00,2.105881566995955634e+00,3.332048256281593492e-04
3.000000000000000000e+00,2.108259281488489290e+00,1.838074505061926777e-04
3.000000000000000000e+00,2.110638778281487493e+00,3.097051302721292557e-04
3.000000000000000000e+00,2.113016450109418187e+00,2.385527295090977991e-04
3.000000000000000000e+00,2.115395875701245210e+00,6.487921535181951499e-03
3.000000000000000000e+00,2.117773431421519081e+00,7.862205970650354078e-03
3.000000000000000000e+00,2.120149086564412588e+00,7.769966392299447813e-03
3.000000000000000000e+00,2.122526443941901597e+00,1.140322505153524256e-02
3.000000000000000000e+00,2.124905497063319437e+00,1.204077755385905835e-02
3.000000000000000000e+00,2.127282589459348561e+00,4.998941159027063454e-04
3.000000000000000000e+00,2.129661348130645226e+00,8.934797888361844988e-04
3.000000000000000000e+00,2.132041766401622240e+00,4.993422819241792642e-04
3.000000000000000000e+00,2.134416488630205944e+00,1.304359446041776808e-04
3.000000000000000000e+00,2.136796506809325980e+00,3.593814480479040559e-05
3.000000000000000000e+00,2.139174456954846537e+00,6.159109976953735860e-05
3.000000000000000000e+00,2.141550307510549533e+00,6.656633657546170090e-05
3.000000000000000000e+00,2.143931441358600143e+00,1.621467539494801478e-05
3.000000000000000000e+00,2.146306729584555040e+00,1.160236487050795286e-05
3.000000000000000000e+00,2.148687286870718527e+00,9.904163990488333978e-06
3.000000000000000000e+00,2.151065666753996908e+00,5.900338230894688766e-06
3.000000000000000000e+00,2.153441837210316567e+00,4.625025911508543600e-06
3.000000000000000000e+00,2.155819514621453603e+00,7.185936877113886899e-06
3.000000000000000000e+00,2.158198691568031347e+00,1.235856264324834651e-05
3.000000000000000000e+00,2.160575595509616864e+00,1.451035540053723829e-05
3.000000000000000000e+00,2.162953967401529898e+00,6.273218161138276064e-06
3.000000000000000000e+00,2.165330017974534726e+00,2.396280418201730537e-05
3.000000000000000000e+00,2.167711294571818659e+00,2.108830945632052210e-05
3.000000000000000000e+00,2.170086419534671851e+00,1.758234609075256537e-05
3.000000000000000000e+00,2.172466754975850289e+00,1.749614671834108951e-05
3.000000000000000000e+00,2.174844688110332491e+00,1.462208765032170484e-05
3.000000000000000000e+00,2.177220185986402434e+00,1.462532090839552416e-05
3.000000000000000000e+00,2.179600878863794833e+00,5.125428916087630167e-06
3.000000000000000000e+00,2.181979103711777057e+00,2.153043470891811579e-05
3.000000000000000000e+00,2.184354827302986468e+00,3.695875637794086698e-06
3.000000000000000000e+00,2.186731873089897693e+00,1.258224997615788400e-05
3.000000000000000000e+00,2.189110232802705447e+00,3.721075921197036426e-06
3.000000000000000000e+00,2.191489898121623092e+00,8.611936837707930849e-06
3.000000000000000000e+00,2.193866978681393132e+00,7.913677224162404700e-06
3.000000000000000000e+00,2.196245331200582740e+00,5.871034697965222170e-06
3.000000000000000000e+00,2.198624947167761245e+00,1.458395212815648810e-05
3.000000000000000000e+00,2.201001910734452061e+00,6.199352572415172988e-06
3.000000000000000000e+00,2.203380103664479339e+00,2.283575904568348227e-05
3.000000000000000000e+00,2.205755593071625942e+00,2.577859707550154225e-06
3.000000000000000000e+00,2.208136210091760532e+00,2.814319752271754054e-05
3.000000000000000000e+00,2.210514089066549559e+00,6.754204089909701070e-06
3.000000000000000000e+00,2.212889195676467580e+00,2.058568286171474131e-05
3.000000000000000000e+00,2.215269411685253598e+00,1.270693529444304965e-05
3.000000000000000000e+00,2.217646820369182592e+00,2.668871202566782265e-05
3.000000000000000000e+00,2.220025362245094058e+00,1.920930080982560461e-05
3.000000000000000000e+00,2.222401044539729753e+00,9.100405272583095577e-06
3.000000000000000000e+00,2.224781816787405386e+00,2.488913323793682229e-05
3.000000000000000000e+00,2.227159693927706297e+00,6.354554653048362874e-06
3.000000000000000000e+00,2.229538650259491828e+00,2.823585854999087992e-05
3.000000000000000000e+00,2.231914658585150590e+00,7.083065461847204857e-06
3.000000000000000000e+00,2.234291710139395537e+00,1.189520848423733600e-05
3.000000000000000000e+00,2.236669795394403248e+00,9.621891095965557139e-06
3.000000000000000000e+00,2.239048904770509107e+00,3.266404544428348524e-06
3.000000000000000000e+00,2.241424976510854261e+00,1.061667112370619244e-05
3.000000000000000000e+00,2.243806096568353503e+00,1.095852097320929500e-06
3.000000000000000000e+00,2.246184142332022571e+00,1.067659312927446614e-05
3.000000000000000000e+00,2.248559078140137224e+00,4.382216067605104345e-06
3.000000000000000000e+00,2.250939041398960061e+00,7.548144115672336461e-06
3.000000000000000000e+00,2.253315857608640727e+00,8.977368261996974478e-06
3.000000000000000000e+00,2.255693594709365701e+00,3.208473771666195758e-06
3.000000000000000000e+00,2.258072242628007320e+00,1.274680476543585002e-05
3.000000000000000000e+00,2.260451791238908381e+00,1.020279255597376999e-06
3.000000000000000000e+00,2.262828100482377369e+00,9.628621656708754198e-06
3.000000000000000000e+00,2.265205272630280042e+00,3.189025736564860074e-06
3.000000000000000000e+00,2.267583297361956962e+00,3.659283067497307803e-06
3.000000000000000000e+00,2.269962164303962027e+00,5.580607030474028298e-06
3.000000000000000000e+00,2.272341863029972320e+00,9.796968446261997097e-07
3.000000000000000000e+00,2.274718209664019053e+00,6.434991472475861196e-06
3.000000000000000000e+00,2.277095349600728014e+00,7.690229740777466943e-07
3.000000000000000000e+00,2.279473272218509372e+00,5.548037500076582947e-06
3.000000000000000000e+00,2.281851966842678436e+00,3.310735814899038673e-06
3.000000000000000000e+00,2.284231422745374829e+00,2.285051103830062769e-06
3.000000000000000000e+00,2.286607412008805351e+00,6.496336842747660294e-06
3.000000000000000000e+00,2.288984123377203694e+00,4.879651835163005067e-07
3.000000000000000000e+00,2.291365780618124681e+00,7.065132934310275532e-06
3.000000000000000000e+00,2.293743912168016763e+00,1.492835945412308084e-06
3.000000000000000000e+00,2.296118480612924895e+00,3.903708051578903058e-06
3.000000000000000000e+00,2.298497970634805210e+00,5.281518341922021302e-06
3.000000000000000000e+00,2.300878127611091895e+00,7.431751446647547149e-07
3.000000000000000000e+00,2.303254661586480623e+00,7.115034419450609757e-06
3.000000000000000000e+00,2.305631822391659203e+00,1.200433234348736000e-06
3.000000000000000000e+00,2.308009598693951503e+00,3.035046711183546842e-06
3.000000000000000000e+00,2.310387979106963030e+00,4.048745393851608306e-06
3.000000000000000000e+00,2.312766952190511649e+00,7.724736009076661768e-07
3.000000000000000000e+00,2.315142183405042520e+00,4.316961952309907721e-06
3.000000000000000000e+00,2.317522298400336744e+00,1.127793688950710416e-06
3.000000000000000000e+00,2.319898630583908439e+00,2.687246632241696660e-06
3.000000000000000000e+00,2.322279841038421555e+00,2.776620986663715450e-06
3.000000000000000000e+00,2.324657227477955335e+00,8.290869393193757662e-07
3.000000000000000000e+00,2.327035118932285318e+00,3.161934935607162904e-06
3.000000000000000000e+00,2.329413503549994768e+00,9.571480094034740811e-07
3.000000000000000000e+00,2.331787983991368662e+00,2.289412090364001473e-06
3.000000000000000000e+00,2.334167310210840451e+00,2.857435253154515573e-06
3.000000000000000000e+00,2.338922910089027418e+00,4.786420650383443110e-06
3.000000000000000000e+00,2.341303562883347844e+00,1.514933925712808742e-06
3.000000000000000000e+00,2.343680206292833024e+00,3.325125216483827477e-06
3.000000000000000000e+00,2.346057240367172003e+00,6.089208558186118542e-06
3.000000000000000000e+00,2.348434652788937260e+00,9.252482182708787521e-07
3.000000000000000000e+00,2.350812431186368734e+00,9.205780479688791139e-06
3.000000000000000000e+00,2.353190563133336077e+00,3.956444072874632382e-06
3.000000000000000000e+00,2.355569036149298690e+00,2.921774746662664157e-06
3.000000000000000000e+00,2.357947837699267524e+00,7.818069119836211308e-06
3.000000000000000000e+00,2.360326955193766896e+00,1.464879555227916872e-06
3.000000000000000000e+00,2.362701873503119110e+00,6.402103256169819974e-06
3.000000000000000000e+00,2.365081575825791482e+00,5.616782026998735672e-06
3.000000000000000000e+00,2.367461555987104838e+00,1.376629132997683144e-06
3.000000000000000000e+00,2.369837271457410743e+00,7.342071837495281961e-06
3.000000000000000000e+00,2.372213220904162867e+00,1.951160976629818074e-06
3.000000000000000000e+00,2.376970326898085517e+00,6.647201760388955091e-06
3.000000000000000000e+00,2.379346909490778650e+00,5.267613987017239444e-07
3.000000000000000000e+00,2.384105191535353274e+00,4.463627978942804823e-06
3.000000000000000000e+00,2.386482289336266938e+00,1.526063006066164649e-06
3.000000000000000000e+00,2.391236898270765909e+00,2.838389425448378875e-06
3.000000000000000000e+00,2.393619003764643427e+00,2.504192724203411112e-06
3.000000000000000000e+00,2.398374283698073040e+00,1.761573141461475702e-06
3.000000000000000000e+00,2.400752042994434454e+00,3.059380613951247821e-06
3.000000000000000000e+00,2.405507732232872620e+00,1.066948968660473170e-06
3.000000000000000000e+00,2.407885634805378317e+00,4.095706431028544748e-06
3.000000000000000000e+00,2.412641487022620712e+00,9.252677839468807454e-07
3.000000000000000000e+00,2.415019408969439230e+00,5.070085521509171256e-06
3.000000000000000000e+00,2.419775174884221780e+00,2.106466877817090004e-06
3.000000000000000000e+00,2.422152990825908514e+00,6.816928896759568863e-06
3.000000000000000000e+00,2.426908418201789264e+00,6.984053250487934392e-06
3.000000000000000000e+00,2.429286001281421470e+00,9.693954398965282796e-06
3.000000000000000000e+00,2.434040834927446273e+00,1.893025850116318001e-05
3.000000000000000000e+00,2.436422844634672291e+00,1.741308922746149677e-05
3.000000000000000000e+00,2.441176845109251925e+00,4.811046745652087793e-05
3.000000000000000000e+00,2.443553585351005086e+00,3.536257121103562949e-05
3.000000000000000000e+00,2.448311307568818762e+00,8.612082067994599605e-04
3.000000000000000000e+00,2.450687434933867870e+00,3.687769680693487716e-04
3.000000000000000000e+00,2.455443827201868601e+00,4.809822930560354089e-04
3.000000000000000000e+00,2.457824081285056472e+00,1.020901811406859294e-03
3.000000000000000000e+00,2.462578895654787381e+00,2.782034030941368989e-05
3.000000000000000000e+00,2.464958307733604137e+00,6.293908483722226413e-05
3.000000000000000000e+00,2.469711274537423229e+00,1.114267302946719918e-05
3.000000000000000000e+00,2.472089709077717856e+00,1.430043961908895895e-05
3.000000000000000000e+00,2.476845503716746499e+00,2.756651173997205984e-06
3.000000000000000000e+00,2.479222833217026967e+00,5.314432300546812450e-06
3.000000000000000000e+00,2.481599763681567428e+00,2.059549600365439098e-06
3.000000000000000000e+00,2.483981256237295376e+00,7.740681059128810276e-07
3.000000000000000000e+00,2.486357351796226300e+00,2.894483655016782779e-06
3.000000000000000000e+00,2.488737997498906118e+00,2.408499489183898952e-06
3.000000000000000000e+00,2.491113196007286756e+00,4.620406733293462949e-07
3.000000000000000000e+00,2.493492932524325134e+00,3.382898589374495402e-06
3.000000000000000000e+00,2.495872195725481024e+00,3.399092972306761995e-06
3.000000000000000000e+00,2.498245935968249398e+00,1.004780295763756995e-06
3.000000000000000000e+00,2.503001934687554719e+00,5.408578262615833932e-06
3.000000000000000000e+00,2.505384199785404054e+00,1.391006026965374194e-06
3.000000000000000000e+00,2.510136950143142087e+00,6.165781498842325900e-06
3.000000000000000000e+00,2.512517547981021337e+00,1.585505376934621576e-06
3.000000000000000000e+00,2.517271872260600674e+00,5.443072113846916464e-06
3.000000000000000000e+00,2.519650667552726819e+00,2.489739956690507351e-06
3.000000000000000000e+00,2.524406351588751818e+00,8.285389455355246340e-06
3.000000000000000000e+00,2.526783207654688557e+00,6.712702025632872687e-06
3.000000000000000000e+00,2.531540034735527911e+00,3.061440327063054119e-05
3.000000000000000000e+00,2.536294051902468372e+00,8.365741248290642709e-04
3.000000000000000000e+00,2.538672564369699458e+00,9.280890411100830000e-04
3.000000000000000000e+00,2.543427344778853350e+00,6.675506706308221325e-05
3.000000000000000000e+00,2.545808806606810748e+00,3.999636227226673150e-05
3.000000000000000000e+00,2.548184257884455128e+00,5.414783741467667023e-07
3.000000000000000000e+00,2.550564146289386880e+00,1.189515630729117018e-05
3.000000000000000000e+00,2.555321484608414462e+00,5.120777198824095122e-06
3.000000000000000000e+00,2.557698900527907160e+00,4.735753268056424922e-07
3.000000000000000000e+00,2.562451140502226998e+00,1.016390655908114827e-05
3.000000000000000000e+00,2.564831236037994344e+00,3.817141824387528101e-06
3.000000000000000000e+00,2.567210441454971015e+00,7.944667863143421663e-07
3.000000000000000000e+00,2.569588739480965334e+00,7.693327343260296904e-06
3.000000000000000000e+00,2.574342544007147904e+00,3.816659503934353126e-06
3.000000000000000000e+00,2.576723370808659652e+00,1.281380797078472344e-06
3.000000000000000000e+00,2.581476760275176030e+00,1.672925661744927700e-05
3.000000000000000000e+00,2.586231535461967379e+00,1.740335904076371557e-06
3.000000000000000000e+00,2.588612795081014717e+00,8.187261991851275128e-06
3.000000000000000000e+00,2.593366795512073164e+00,2.006238591524196451e-05
3.000000000000000000e+00,2.598121956157397161e+00,9.528330502487637507e-06
3.000000000000000000e+00,2.600497900107185067e+00,4.967235969309079094e-05
3.000000000000000000e+00,2.605257374095403922e+00,2.654648340038316852e-04
3.000000000000000000e+00,2.610012324053281763e+00,6.668325797934350659e-05
3.000000000000000000e+00,2.612388057193310686e+00,3.400786793804601521e-04
3.000000000000000000e+00,2.617146997564059774e+00,2.792753809842614713e-05
3.000000000000000000e+00,2.621901129743555270e+00,4.769022156410511027e-06
3.000000000000000000e+00,2.624281901432961472e+00,1.202657530111065242e-05
3.000000000000000000e+00,2.629034140094493655e+00,3.638924406656174214e-06
3.000000000000000000e+00,2.633792431410708623e+00,3.293940407026540997e-06
3.000000000000000000e+00,2.636172436860944934e+00,6.413380657550982128e-06
3.000000000000000000e+00,2.640928499105384297e+00,2.551887225279960703e-06
3.000000000000000000e+00,2.645684816809926954e+00,1.078239151005976813e-06
3.000000000000000000e+00,2.650435633945297020e+00,5.168800797625166002e-06
3.000000000000000000e+00,2.652817446491849473e+00,5.241722035742568935e-06
3.000000000000000000e+00,2.657571151243650398e+00,1.083554751718019202e-06
3.000000000000000000e+00,2.662330489570499559e+00,1.980291222316887353e-06
3.000000000000000000e+00,2.667083955729373734e+00,5.514598439518142392e-06
3.000000000000000000e+00,2.669461312276356413e+00,4.257902343371758585e-06
3.000000000000000000e+00,2.674217226595466013e+00,3.271382395536668125e-07
3.000000000000000000e+00,2.678972751659991935e+00,3.354568140089614475e-06
3.000000000000000000e+00,2.683727792746523733e+00,5.042367234801582574e-06
3.000000000000000000e+00,2.686105829445210702e+00,2.914005536129378498e-06
3.000000000000000000e+00,2.690862888123974894e+00,3.916042769180469579e-07
3.000000000000000000e+00,2.695619243808531795e+00,3.589221532249441091e-06
3.000000000000000000e+00,2.700374799530429026e+00,3.904707826635674806e-06
3.000000000000000000e+00,2.702752983395575903e+00,3.102765841035988138e-06
3.000000000000000000e+00,2.705129457665879755e+00,2.243671932642806574e-06
3.000000000000000000e+00,2.707510114782492927e+00,1.176012573527341984e-06
3.000000000000000000e+00,2.712266221707900993e+00,2.455858590747859461e-07
3.000000000000000000e+00,2.717021204959639391e+00,1.669640672562354931e-06
3.000000000000000000e+00,2.721774964671693997e+00,3.824864735858174061e-06
3.000000000000000000e+00,2.726533396224594785e+00,4.445471548181573966e-06
3.000000000000000000e+00,2.731290444402350470e+00,2.536289506558734289e-06
3.000000000000000000e+00,2.733669171376605700e+00,1.321557458135387444e-06
3.000000000000000000e+00,2.738420932003415853e+00,7.147257142522352003e-07
3.000000000000000000e+00,2.743177102021586489e+00,3.117998854632427323e-06
3.000000000000000000e+00,2.747937641197727654e+00,5.425000143199234784e-06
3.000000000000000000e+00,2.752690285832279038e+00,4.609230107149077698e-06
3.000000000000000000e+00,2.757447133295085617e+00,2.980820831324773373e-06
3.000000000000000000e+00,2.762201987996263153e+00,2.758303973185908309e-06
3.000000000000000000e+00,2.766960919131962182e+00,3.048315979734656392e-06
3.000000000000000000e+00,2.771717687672561325e+00,6.753547282429567678e-06
3.000000000000000000e+00,2.776472186575843271e+00,2.393246187387790041e-04
3.000000000000000000e+00,2.781224308154069291e+00,3.114092081982988784e-05
3.000000000000000000e+00,2.785980204283322159e+00,4.921386238458253570e-06
3.000000000000000000e+00,2.790739830130332333e+00,1.563010473302768208e-06
3.000000000000000000e+00,2.795496837376052479e+00,1.050971459922360109e-06
3.000000000000000000e+00,2.800251115911298605e+00,1.274677310927820103e-06
3.000000000000000000e+00,2.805008901002245647e+00,1.228825024662838779e-06
3.000000000000000000e+00,2.809763778281390234e+00,1.709512561447851345e-06
3.000000000000000000e+00,2.814515635791587478e+00,1.936561596852094648e-06
3.000000000000000000e+00,2.819277182391831005e+00,2.134928173844568197e-06
3.000000000000000000e+00,2.824029137518142551e+00,1.062810018192478640e-06
3.000000000000000000e+00,2.828784230557050972e+00,3.476173435481116671e-07
3.000000000000000000e+00,2.833542412182134651e+00,4.288665350572438949e-07
3.000000000000000000e+00,2.838297135088118761e+00,1.250793386105207308e-06
3.000000000000000000e+00,2.843054803040627743e+00,2.668603416378031927e-06
3.000000000000000000e+00,2.847808824123101878e+00,3.981501772362391175e-06
3.000000000000000000e+00,2.854943444955898801e+00,4.906885969341851284e-06
3.000000000000000000e+00,2.859697765996172869e+00,4.467270363651002152e-06
3.000000000000000000e+00,2.864454712355927857e+00,3.325576798861680565e-06
3.000000000000000000e+00,2.869214231107640511e+00,1.743585955001720432e-06
3.000000000000000000e+00,2.873969606985570024e+00,6.187680914114738736e-07
3.000000000000000000e+00,2.878720719985517373e+00,8.569011702780726705e-08
3.000000000000000000e+00,2.883480861554354568e+00,3.633436074530536025e-07
3.000000000000000000e+00,2.890613597715197436e+00,3.835043249572213314e-06
3.000000000000000000e+00,2.895365853522527733e+00,6.737254521648872497e-08
3.000000000000000000e+00,2.902503223200517901e+00,1.040339566713775959e-05
3.000000000000000000e+00,2.907260599562923709e+00,5.549515494906153963e-05
3.000000000000000000e+00,2.914395149104420657e+00,2.514188105847021457e-06
3.000000000000000000e+00,2.919150382085439865e+00,5.947531767066392300e-07
3.000000000000000000e+00,2.926281318344463589e+00,3.183958288662460889e-06
3.000000000000000000e+00,2.931040804181527015e+00,2.128364262795698923e-06
3.000000000000000000e+00,2.938174318344370928e+00,3.487682074461969040e-05
3.000000000000000000e+00,2.942930688311046872e+00,4.986711770980544660e-05
3.000000000000000000e+00,2.950059090390392047e+00,2.527267542019453093e-06
3.000000000000000000e+00,2.954818837778843132e+00,1.607658731596339981e-06
3.000000000000000000e+00,2.957193895793339244e+00,1.502137186064674763e-06
3.000000000000000000e+00,2.964327858985216224e+00,2.811005982178829572e-06
3.000000000000000000e+00,2.971467838945096585e+00,1.357182496603978280e-04
3.000000000000000000e+00,2.978599361758565323e+00,2.927353468332636931e-06
3.000000000000000000e+00,2.985729247336589065e+00,2.463588627011208306e-06
3.000000000000000000e+00,2.992864450213154281e+00,2.629500803556028884e-06
3.000000000000000000e+00,2.999997542427555786e+00,2.663205773172743319e-06
4.000000000000000000e+00,1.099999098890103832e+00,1.235920912836156983e-06
4.000000000000000000e+00,1.102375730712192192e+00,1.591508441887056469e-05
4.000000000000000000e+00,1.104752810646187022e+00,7.512092548129595307e-06
4.000000000000000000e+00,1.107130277917975025e+00,-2.671212540014810481e-06
4.000000000000000000e+00,1.109508071207282898e+00,-2.386404990954984828e-05
4.000000000000000000e+00,1.111886128647274319e+00,5.481323966691331613e-06
4.000000000000000000e+00,1.114264387824213776e+00,4.298914291908133902e-05
4.000000000000000000e+00,1.116642785777203883e+00,1.557881254053885677e-04
4.000000000000000000e+00,1.119021258997989765e+00,8.613502833872450242e-05
4.000000000000000000e+00,1.121399743430837814e+00,5.051903719145108592e-05
4.000000000000000000e+00,1.123778174472484626e+00,3.582886903471362889e-06
4.000000000000000000e+00,1.126156486972162973e+00,-4.747973125047407195e-07
4.000000000000000000e+00,1.128534615231699956e+00,-3.944544177269484109e-06
4.000000000000000000e+00,1.130912493005694186e+00,4.882432302416314693e-06
4.000000000000000000e+00,1.133290053501766481e+00,4.192814270902124182e-06
4.000000000000000000e+00,1.135667229380893373e+00,5.674610125608214594e-06
4.000000000000000000e+00,1.138043952757815891e+00,-5.631265597886057253e-07
4.000000000000000000e+00,1.140430645006762944e+00,-2.451637071766809151e-07
4.000000000000000000e+00,1.142806301289510440e+00,7.283815573043215719e-06
4.000000000000000000e+00,1.145181298221050525e+00,9.763940258709412059e-07
4.000000000000000000e+00,1.147555565735549843e+00,4.644450380831538342e-06
4.000000000000000000e+00,1.149939698688533074e+00,-4.965111038949201349e-07
4.000000000000000000e+00,1.152312339057216528e+00,3.821784337650324603e-07
4.000000000000000000e+00,1.154694790481869404e+00,1.207368797000025104e-05
4.000000000000000000e+00,1.157076315485336515e+00,6.256970379059159106e-06
4.000000000000000000e+00,1.159445998776818199e+00,4.161185819731248183e-06
4.000000000000000000e+00,1.161825408173174257e+00,-6.458832810436169566e-06
4.000000000000000000e+00,1.164203671776672389e+00,-1.334603385009903294e-07
4.000000000000000000e+00,1.166580715404594182e+00,4.908175764857859339e-05
4.000000000000000000e+00,1.168956464334743650e+00,1.101911214944137753e-04
4.000000000000000000e+00,1.171341909466407039e+00,2.720973133656328272e-06
4.000000000000000000e+00,1.173714887566505771e+00,2.320843100289574339e-03
4.000000000000000000e+00,1.176097499840639937e+00,7.454584254215000606e-05
4.000000000000000000e+00,1.178478603450343609e+00,-8.343198979718854641e-07
4.000000000000000000e+00,1.180846874482839759e+00,-2.347813606129101256e-05
4.000000000000000000e+00,1.183224683239016084e+00,7.871668135830845176e-07
4.000000000000000000e+00,1.185612087451950236e+00,2.233023029633617116e-05
4.000000000000000000e+00,1.187986378893309602e+00,1.644190059858743929e-05
4.000000000000000000e+00,1.190358770252602172e+00,5.222169371465527736e-08
4.000000000000000000e+00,1.192740655833151475e+00,-2.142523297449393270e-06
4.000000000000000000e+00,1.195120572508726164e+00,1.058476492096191145e-06
4.000000000000000000e+00,1.197498439510897406e+00,6.183003958759439670e-06
4.000000000000000000e+00,1.199874175544611843e+00,1.826433942732834276e-05
4.000000000000000000e+00,1.202247698790813724e+00,7.597084659944827570e-07
4.000000000000000000e+00,1.204630630988217099e+00,1.096885872097564674e-06
4.000000000000000000e+00,1.207011277581778286e+00,1.861988870933645656e-06
4.000000000000000000e+00,1.209389555328822752e+00,9.334647024312641306e-08
4.000000000000000000e+00,1.211765380466591990e+00,1.476009729677246003e-05
4.000000000000000000e+00,1.214138668715299518e+00,3.284973138470271489e-06
4.000000000000000000e+00,1.216521271556269213e+00,1.751163181190828705e-06
4.000000000000000000e+00,1.218901260673629805e+00,3.626774101005756559e-06
4.000000000000000000e+00,1.221278550366432736e+00,8.931247649071045399e-07
4.000000000000000000e+00,1.223653054421999675e+00,1.305110009500089224e-05
4.000000000000000000e+00,1.226036809853057186e+00,7.283771523318817880e-06
4.000000000000000000e+00,1.228405528858331763e+00,4.218048155374051899e-08
4.000000000000000000e+00,1.230783418372779048e+00,6.583403241257856887e-06
4.000000000000000000e+00,1.233170531755207078e+00,3.444188225897472858e-06
4.000000000000000000e+00,1.235542297137962597e+00,1.301753964629712170e-05
4.000000000000000000e+00,1.237923203366784186e+00,1.728130224613159496e-05
4.000000000000000000e+00,1.240300895663398073e+00,1.043198901780750126e-04
4.000000000000000000e+00,1.242677775014586095e+00,6.802573685993992694e-05
4.000000000000000000e+00,1.245056280032780238e+00,1.001968657678001305e-04
4.000000000000000000e+00,1.247433866845625072e+00,1.488016541897155829e-04
4.000000000000000000e+00,1.249811732522333463e+00,7.975430545693453573e-05
4.000000000000000000e+00,1.252189828228160717e+00,1.089194102486382479e-04
4.000000000000000000e+00,1.254568104745505508e+00,7.327162055085519174e-05
4.000000000000000000e+00,1.256946512473745337e+00,8.908743880871201881e-05
4.000000000000000000e+00,1.259323722316235017e+00,1.156738081642218386e-04
4.000000000000000000e+00,1.261702237295382556e+00,1.235073301970929704e-04
4.000000000000000000e+00,1.264080732375299165e+00,1.060754561613848460e-04
4.000000000000000000e+00,1.266457862776105170e+00,7.024973074879442656e-05
4.000000000000000000e+00,1.268836159410696496e+00,6.579158549655471627e-05
4.000000000000000000e+00,1.271214281587295547e+00,6.784162524386352260e-05
4.000000000000000000e+00,1.273592177023115557e+00,7.163110960397538337e-05
4.000000000000000000e+00,1.275969793052491141e+00,7.186177903093342594e-05
4.000000000000000000e+00,1.278348394676446675e+00,3.497287139012692192e-05
4.000000000000000000e+00,1.280725297271503527e+00,1.578979019450138570e-05
4.000000000000000000e+00,1.283104415923701946e+00,2.118011721888244921e-04
4.000000000000000000e+00,1.285481727588297707e+00,1.058380476707108594e-02
4.000000000000000000e+00,1.287859838407007906e+00,1.951259401711572536e-03
4.000000000000000000e+00,1.290237365594768537e+00,6.029717098679794997e-04
4.000000000000000000e+00,1.292615601494206734e+00,4.791367767526063691e-04
4.000000000000000000e+00,1.294993152720043783e+00,5.311127987442343075e-04
4.000000000000000000e+00,1.297371320810711826e+00,4.873566017800644605e-04
4.000000000000000000e+00,1.299750064295511320e+00,3.779723926757009482e-04
4.000000000000000000e+00,1.302127973832296837e+00,3.056945954874153095e-04
4.000000000000000000e+00,1.304504992295077548e+00,2.788629490263674752e-04
4.000000000000000000e+00,1.306883817274359982e+00,3.479130997510063248e-04
4.000000000000000000e+00,1.309261655848396488e+00,4.162560380693096341e-04
4.000000000000000000e+00,1.311639837390945473e+00,4.008216753007661426e-04
4.000000000000000000e+00,1.314016925775080002e+00,3.600198385009523703e-04
4.000000000000000000e+00,1.316395657391975726e+00,3.120890109047911080e-04
4.000000000000000000e+00,1.318773197764609995e+00,3.735583830686644256e-04
4.000000000000000000e+00,1.321150895014793214e+00,5.444157843376023782e-04
4.000000000000000000e+00,1.323530117170831355e+00,6.398974040522557947e-04
4.000000000000000000e+00,1.325907998417265699e+00,6.351611072972746614e-04
4.000000000000000000e+00,1.328285901053660734e+00,5.725234980914327030e-04
4.000000000000000000e+00,1.330663779257676982e+00,7.239550246300210891e-04
4.000000000000000000e+00,1.333041586878621620e+00,1.399619203532715154e-03
4.000000000000000000e+00,1.335419277437480678e+00,2.353859989491751369e-03
4.000000000000000000e+00,1.337796804126984540e+00,3.199408127003800645e-03
4.000000000000000000e+00,1.340175568438737086e+00,4.295377173156352500e-03
4.000000000000000000e+00,1.342552630798620195e+00,8.235853880778231176e-03
4.000000000000000000e+00,1.344930845832843502e+00,4.171132779345190084e-02
4.000000000000000000e+00,1.347308716820470487e+00,3.166525880643539237e-02
4.000000000000000000e+00,1.349687664603416160e+00,6.669981107982718427e-02
4.000000000000000000e+00,1.352064707084743578e+00,5.694380958247519066e-04
4.000000000000000000e+00,1.354442738914278577e+00,1.295929834089195286e-02
4.000000000000000000e+00,1.356821726285427188e+00,1.533456252408023997e-04
4.000000000000000000e+00,1.359198655024307145e+00,1.031883993795127530e-04
4.000000000000000000e+00,1.361576449996873439e+00,1.727531593393141134e-04
4.000000000000000000e+00,1.363955076519934195e+00,1.866976447928184001e-05
4.000000000000000000e+00,1.366332993909127991e+00,3.843591439390370783e-05
4.000000000000000000e+00,1.368710151197721991e+00,2.668138621279132571e-05
4.000000000000000000e+00,1.371089529547983243e+00,1.662305371583073016e-05
4.000000000000000000e+00,1.373466544440631543e+00,3.937507855130357233e-05
4.000000000000000000e+00,1.375844181692285284e+00,8.623932650350863270e-06
4.000000000000000000e+00,1.378222404895539377e+00,1.290422184074476608e-05
4.000000000000000000e+00,1.380601177370847310e+00,1.400716924759107002e-05
4.000000000000000000e+00,1.382978919523796035e+00,6.105165908819102890e-06
4.000000000000000000e+00,1.385357126148375695e+00,1.986650899442339756e-05
4.000000000000000000e+00,1.387734206447297503e+00,5.025609616691192382e-06
4.000000000000000000e+00,1.390113223827786459e+00,8.965407346196232894e-06
4.000000000000000000e+00,1.392491028330698821e+00,2.552524728828634162e-05
4.000000000000000000e+00,1.394869134848162107e+00,8.617162082522527577e-06
4.000000000000000000e+00,1.397245930094993760e+00,9.864173624693263825e-06
4.000000000000000000e+00,1.399624519051433369e+00,5.555404041139882346e-06
4.000000000000000000e+00,1.402003293241485871e+00,6.218172079230578533e-06
4.000000000000000000e+00,1.404380622437389370e+00,1.148792912551405014e-05
4.000000000000000000e+00,1.406758046866900980e+00,4.526724232954700176e-06
4.000000000000000000e+00,1.409137128030744313e+00,9.859289097819652961e-06
4.000000000000000000e+00,1.411514627924003840e+00,8.890016107824173745e-06
4.000000000000000000e+00,1.413892102100584580e+00,1.367529368808225975e-05
4.000000000000000000e+00,1.416271127497783944e+00,9.552820863229229370e-05
4.000000000000000000e+00,1.418648432802419590e+00,8.098827970573785090e-06
4.000000000000000000e+00,1.421025588977857357e+00,1.312087602443711504e-05
4.000000000000000000e+00,1.423404188478144317e+00,9.099273047980691801e-06
4.000000000000000000e+00,1.425782566128521500e+00,7.736165109366252918e-06
4.000000000000000000e+00,1.428160679720647197e+00,1.378373290963053440e-05
4.000000000000000000e+00,1.430538486772758411e+00,5.137396015009376425e-06
4.000000000000000000e+00,1.432915944529842500e+00,1.456754461679932374e-05
4.000000000000000000e+00,1.435294671521053944e+00,1.246194156329004627e-05
4.000000000000000000e+00,1.437671306838161023e+00,7.982738853017715740e-06
4.000000000000000000e+00,1.440050808136397853e+00,2.120012367741156730e-05
4.000000000000000000e+00,1.442428130388856866e+00,9.677156162779712754e-06
4.000000000000000000e+00,1.444806580222042447e+00,2.431118983119619095e-05
4.000000000000000000e+00,1.447184440705151953e+00,2.707978875095831483e-05
4.000000000000000000e+00,1.449561667222405870e+00,1.881379098718722202e-05
4.000000000000000000e+00,1.451939915205273879e+00,7.026834839090148090e-05
4.000000000000000000e+00,1.454317450317589300e+00,4.735941335802812283e-05
4.000000000000000000e+00,1.456695938627691200e+00,2.423428747243229681e-04
4.000000000000000000e+00,1.459073634158916555e+00,7.586076076800962482e-04
4.000000000000000000e+00,1.461452213653828158e+00,4.614543948087426956e-04
4.000000000000000000e+00,1.463829919457844797e+00,3.957029280344545141e-04
4.000000000000000000e+00,1.466208439024566657e+00,4.595452237257535862e-05
4.000000000000000000e+00,1.468586002984929362e+00,7.044638888488997095e-05
4.000000000000000000e+00,1.470964309539829262e+00,4.463775761439308211e-05
4.000000000000000000e+00,1.473341577570034255e+00,5.035033757722996771e-05
4.000000000000000000e+00,1.475719516059424974e+00,1.453581454010639373e-04
4.000000000000000000e+00,1.478098094240766214e+00,2.828837039587843197e-05
4.000000000000000000e+00,1.480475513315234082e+00,2.744722134286087679e-04
4.000000000000000000e+00,1.482853498523538649e+00,1.422085825159231703e-04
4.000000000000000000e+00,1.485232018414436084e+00,6.955058380067901704e-04
4.000000000000000000e+00,1.487609256426934090e+00,1.756380706521627104e-03
4.000000000000000000e+00,1.489986954141012232e+00,2.589317394923083219e-04
4.000000000000000000e+00,1.492365079420795659e+00,1.505716703830857353e-03
4.000000000000000000e+00,1.494743599912236265e+00,9.335785720790099626e-05
4.000000000000000000e+00,1.497120675253670763e+00,4.431492169769640603e-04
4.000000000000000000e+00,1.499499882482282054e+00,1.412650274026764111e-04
4.000000000000000000e+00,1.501877567244239930e+00,5.253425006412111174e-05
4.000000000000000000e+00,1.504255504071110305e+00,4.867976322323851190e-04
4.000000000000000000e+00,1.506633659486564580e+00,5.110346987186290978e-05
4.000000000000000000e+00,1.509011999795530246e+00,1.248782421214184881e-04
4.000000000000000000e+00,1.511388648673164026e+00,4.360986243190230992e-05
4.000000000000000000e+00,1.513767251004833225e+00,2.048142395077647167e-05
4.000000000000000000e+00,1.516145935822170943e+00,8.587390594884270075e-05
4.000000000000000000e+00,1.518522808709106275e+00,5.062858653672705194e-06
4.000000000000000000e+00,1.520901548735163589e+00,6.138835107551356585e-05
4.000000000000000000e+00,1.523278395355869286e+00,1.535796550614361802e-05
4.000000000000000000e+00,1.525657050519223512e+00,3.372533058377584166e-05
4.000000000000000000e+00,1.528035613106303980e+00,5.054103211167710328e-05
4.000000000000000000e+00,1.530412158368475106e+00,4.395218061636698625e-06
4.000000000000000000e+00,1.532790422710940126e+00,4.947340818120282588e-05
4.000000000000000000e+00,1.535168486814444622e+00,1.174143819203033605e-05
4.000000000000000000e+00,1.537546314356687649e+00,4.742095210212996848e-05
4.000000000000000000e+00,1.539925781434329011e+00,6.207992174001742823e-05
4.000000000000000000e+00,1.542303031922281464e+00,6.877287412664994415e-06
4.000000000000000000e+00,1.544679935578640473e+00,8.142586173430045387e-05
4.000000000000000000e+00,1.547058385603538921e+00,2.574197579620679299e-05
4.000000000000000000e+00,1.549436426059346950e+00,1.988168114720581840e-04
4.000000000000000000e+00,1.551814019337569794e+00,3.759422313493525846e-04
4.000000000000000000e+00,1.554193075854291672e+00,7.851459285730841254e-05
4.000000000000000000e+00,1.556571621252926807e+00,2.259334197176991743e-04
4.000000000000000000e+00,1.558949617294478562e+00,7.303596640266414575e-05
4.000000000000000000e+00,1.561327025522138312e+00,7.283906752168809535e-05
4.000000000000000000e+00,1.563703807261558554e+00,4.631493387234422596e-05
4.000000000000000000e+00,1.566081901784048602e+00,6.921890670804402789e-05
4.000000000000000000e+00,1.568461288012522381e+00,7.481955142168666257e-05
4.000000000000000000e+00,1.570837964304495848e+00,6.278737396696540689e-05
4.000000000000000000e+00,1.573215865533810209e+00,7.409785528709286371e-05
4.000000000000000000e+00,1.575594970075133272e+00,6.720439822550652788e-05
4.000000000000000000e+00,1.577973247821740976e+00,1.833377610548670453e-04
4.000000000000000000e+00,1.580350658646643147e+00,9.143138555354092664e-04
4.000000000000000000e+00,1.582729182648527688e+00,4.626680688245368017e-03
4.000000000000000000e+00,1.585106770971465240e+00,3.838399993115236466e-03
4.000000000000000000e+00,1.587483382861448522e+00,2.417985322755004680e-03
4.000000000000000000e+00,1.589863054736732062e+00,1.682503505587990000e-03
4.000000000000000000e+00,1.592239647623282961e+00,1.421679590723820249e-03
4.000000000000000000e+00,1.594619254564539901e+00,1.311831839353444669e-03
4.000000000000000000e+00,1.596995699582284045e+00,1.149145277053118148e-03
4.000000000000000000e+00,1.599375112011809597e+00,1.186039239291027591e-03
4.000000000000000000e+00,1.601751278763500652e+00,1.115125914294318220e-03
4.000000000000000000e+00,1.604130365570978434e+00,1.161228183802838661e-03
4.000000000000000000e+00,1.606508203736388474e+00,1.163945593080654246e-03
4.000000000000000000e+00,1.608886838448475576e+00,1.180334977750151140e-03
4.000000000000000000e+00,1.611264151472938666e+00,1.354691629129489271e-03
4.000000000000000000e+00,1.613642199950546807e+00,1.373897026500443992e-03
4.000000000000000000e+00,1.616020959246320388e+00,1.613880969265311287e-03
4.000000000000000000e+00,1.618398292022371621e+00,1.778720548643516162e-03
4.000000000000000000e+00,1.620776273428434777e+00,2.267465766715741002e-03
4.000000000000000000e+00,1.623154878309403193e+00,2.948306644336066637e-03
4.000000000000000000e+00,1.625531950142255599e+00,4.202437658689914084e-03
4.000000000000000000e+00,1.627909582167395008e+00,7.774839684608223812e-03
4.000000000000000000e+00,1.630287748709084994e+00,1.538601259165502284e-02
4.000000000000000000e+00,1.632666423928462507e+00,4.578830677834307833e-02
4.000000000000000000e+00,1.635043425604618017e+00,9.767834491585730694e-02
4.000000000000000000e+00,1.637420871234776421e+00,6.188957573136909945e-02
4.000000000000000000e+00,1.639798734458945972e+00,3.315183531987338228e-02
4.000000000000000000e+00,1.642176988753630829e+00,1.733500317968909507e-02
4.000000000000000000e+00,1.644555607431689159e+00,1.527289819422087552e-02
4.000000000000000000e+00,1.646934563642211913e+00,1.114405606413917081e-02
4.000000000000000000e+00,1.649311636354932720e+00,2.784797444369966810e-04
4.000000000000000000e+00,1.651688979741587904e+00,1.302505963401297566e-03
4.000000000000000000e+00,1.654066566429912566e+00,6.682575871854533724e-04
4.000000000000000000e+00,1.656446581917050409e+00,1.319906845705995194e-05
4.000000000000000000e+00,1.658824578794847904e+00,3.591313315893930429e-04
4.000000000000000000e+00,1.661200510123229890e+00,8.879505160542893426e-06
4.000000000000000000e+00,1.663578793016376123e+00,4.071736504056270201e-04
4.000000000000000000e+00,1.665957179889875128e+00,6.888679439898564335e-05
4.000000000000000000e+00,1.668335642387050344e+00,2.064659068495690395e-04
4.000000000000000000e+00,1.670714151986992135e+00,9.983547885133393289e-05
4.000000000000000000e+00,1.673090422268976418e+00,2.796629585202865258e-05
4.000000000000000000e+00,1.675468933430814822e+00,4.350783154664069957e-04
4.000000000000000000e+00,1.677847405138119141e+00,1.026990941181381493e-05
4.000000000000000000e+00,1.680225808213018368e+00,3.691064371027526604e-04
4.000000000000000000e+00,1.682604113313405536e+00,4.146871010313725811e-05
4.000000000000000000e+00,1.684982290932964144e+00,5.014944021703239595e-04
4.000000000000000000e+00,1.687360311401208346e+00,1.094997584244610406e-04
4.000000000000000000e+00,1.689738144883533133e+00,1.510410832146276048e-04
4.000000000000000000e+00,1.692115761381273620e+00,5.415236773722943492e-04
4.000000000000000000e+00,1.694493130731776098e+00,8.884253156041416221e-05
4.000000000000000000e+00,1.696870222608480416e+00,4.849552259398763675e-04
4.000000000000000000e+00,1.699249335401934236e+00,2.361159370506540084e-05
4.000000000000000000e+00,1.701628122620680639e+00,3.849241480112897780e-04
4.000000000000000000e+00,1.704004211532359703e+00,3.126641716132628394e-05
4.000000000000000000e+00,1.706382248516707056e+00,2.214799576557130965e-04
4.000000000000000000e+00,1.708759867047055625e+00,1.154989247850837547e-04
4.000000000000000000e+00,1.711139397425514685e+00,6.895488490577137092e-05
4.000000000000000000e+00,1.713516091596347435e+00,1.424532891606565598e-04
4.000000000000000000e+00,1.715894647708231302e+00,2.011316285874703195e-05
4.000000000000000000e+00,1.718272672423617475e+00,1.234351476947687684e-04
4.000000000000000000e+00,1.720650133828133255e+00,2.861740904426671881e-06
4.000000000000000000e+00,1.723029394364145483e+00,1.282444159052686808e-04
4.000000000000000000e+00,1.725405639360965360e+00,1.239414159279522137e-05
4.000000000000000000e+00,1.727783632085690080e+00,6.401130993529130649e-05
4.000000000000000000e+00,1.730163359864028916e+00,9.144288502069377103e-05
4.000000000000000000e+00,1.732539967848906848e+00,3.640620409760593902e-05
4.000000000000000000e+00,1.734918258608534103e+00,2.593261929967383725e-04
4.000000000000000000e+00,1.737295784744042226e+00,1.460663177937687314e-05
4.000000000000000000e+00,1.739674954091988246e+00,7.221477742759002541e-04
4.000000000000000000e+00,1.742053305661134033e+00,1.407139908143827350e-04
4.000000000000000000e+00,1.744430805976284748e+00,6.900877107501085430e-04
4.000000000000000000e+00,1.746807421400558225e+00,3.822680162365172914e-04
4.000000000000000000e+00,1.749185585906543050e+00,5.985832755671879765e-05
4.000000000000000000e+00,1.751565285671503824e+00,2.720800929027314711e-04
4.000000000000000000e+00,1.753941544332989544e+00,2.362877081872431106e-05
4.000000000000000000e+00,1.756319283347408389e+00,2.477689333471929257e-04
4.000000000000000000e+00,1.758698488506720947e+00,8.785920208652964631e-06
4.000000000000000000e+00,1.761076644056678076e+00,3.083444735334002094e-04
4.000000000000000000e+00,1.763453715291095847e+00,2.114676856898311136e-05
4.000000000000000000e+00,1.765832182308382903e+00,3.954717706993327985e-04
4.000000000000000000e+00,1.768209508663195706e+00,5.580920195939971832e-05
4.000000000000000000e+00,1.770588187717695883e+00,1.607799087361417830e-04
4.000000000000000000e+00,1.772965669196805205e+00,1.411298947101808992e-04
4.000000000000000000e+00,1.775344459763996241e+00,5.796256007955613663e-05
4.000000000000000000e+00,1.777721995276969613e+00,9.070666217234605753e-05
4.000000000000000000e+00,1.780100795737554753e+00,1.773019745752929530e-05
4.000000000000000000e+00,1.782478283099381056e+00,9.630032897020284074e-05
4.000000000000000000e+00,1.784856990739158489e+00,3.425137015748778133e-06
4.000000000000000000e+00,1.787234326670235962e+00,9.456230906520587585e-05
4.000000000000000000e+00,1.789612837680196966e+00,8.289644118555435459e-06
4.000000000000000000e+00,1.791989917806559918e+00,8.740321121184555615e-05
4.000000000000000000e+00,1.794368127283230807e+00,1.288395280704365039e-04
4.000000000000000000e+00,1.796744846137017459e+00,5.514027372569772463e-05
4.000000000000000000e+00,1.799122648083041343e+00,1.551341652860174802e-04
4.000000000000000000e+00,1.801501516697256555e+00,1.801527868224945340e-05
4.000000000000000000e+00,1.803878810935230392e+00,8.063368281861147931e-05
4.000000000000000000e+00,1.806257124818080539e+00,6.400654328127814625e-06
4.000000000000000000e+00,1.808636441567766484e+00,5.995801522343063400e-05
4.000000000000000000e+00,1.811014098981616804e+00,1.619324326692781941e-06
4.000000000000000000e+00,1.813392711472929353e+00,5.070135318643327328e-05
4.000000000000000000e+00,1.815769602679484063e+00,1.272868698819872707e-06
4.000000000000000000e+00,1.818147400644648304e+00,4.271334637553301497e-05
4.000000000000000000e+00,1.820526087986671593e+00,1.018667204676130119e-05
4.000000000000000000e+00,1.822902967052714596e+00,2.617597874639342008e-05
4.000000000000000000e+00,1.825280686410676978e+00,1.680009310294190917e-05
4.000000000000000000e+00,1.827659228322897844e+00,1.691741890690906010e-05
4.000000000000000000e+00,1.830038574944468310e+00,1.795287221326377579e-05
4.000000000000000000e+00,1.832416000112327747e+00,9.774003843413785338e-06
4.000000000000000000e+00,1.834794179900823385e+00,2.271553898698032734e-05
4.000000000000000000e+00,1.837170373825880221e+00,4.181251232364459019e-06
4.000000000000000000e+00,1.839550001086070585e+00,2.024046638800450288e-05
4.000000000000000000e+00,1.841927591628267580e+00,1.197289688903925427e-06
4.000000000000000000e+00,1.844305849176059109e+00,2.199508823229278477e-05
4.000000000000000000e+00,1.846682004518993780e+00,2.230594444083043790e-07
4.000000000000000000e+00,1.849061532876481451e+00,1.776262573834663634e-05
4.000000000000000000e+00,1.851438907171361503e+00,4.307113410165663512e-06
4.000000000000000000e+00,1.853816858923008848e+00,1.551586592715456205e-05
4.000000000000000000e+00,1.856195368998788231e+00,1.060285782903718048e-05
4.000000000000000000e+00,1.858574418157592278e+00,1.346004895217559882e-05
4.000000000000000000e+00,1.860951193835267858e+00,2.309225675792747197e-05
4.000000000000000000e+00,1.863328455497598846e+00,1.623213684010448385e-05
4.000000000000000000e+00,1.865706183545688734e+00,5.224703398909465006e-05
4.000000000000000000e+00,1.868084358271926204e+00,1.482193559830013520e-05
4.000000000000000000e+00,1.870462959859882535e+00,1.146499763918278558e-04
4.000000000000000000e+00,1.872841968384215239e+00,1.528415333457376873e-05
4.000000000000000000e+00,1.875218527602503737e+00,2.267321405600006474e-04
4.000000000000000000e+00,1.877598282584272082e+00,7.211720886789364064e-06
4.000000000000000000e+00,1.879975533445847002e+00,3.225132650708923939e-04
4.000000000000000000e+00,1.882353096003137383e+00,7.819065980882230625e-06
4.000000000000000000e+00,1.884730949754881424e+00,3.183659922469376418e-04
4.000000000000000000e+00,1.887109074090651539e+00,6.362375742846823634e-05
4.000000000000000000e+00,1.889487448290790628e+00,2.195054252276926773e-04
4.000000000000000000e+00,1.891866051526354786e+00,9.262362631276618711e-05
4.000000000000000000e+00,1.894241968814363020e+00,1.685213617501238152e-04
4.000000000000000000e+00,1.896620959922661109e+00,1.052746248500623799e-04
4.000000000000000000e+00,1.899000116913673875e+00,1.542268478890599173e-04
4.000000000000000000e+00,1.901376502634666066e+00,1.761002917511670599e-04
4.000000000000000000e+00,1.903755920179471373e+00,1.229008456590771669e-04
4.000000000000000000e+00,1.906132508977648854e+00,1.765061495613675160e-04
4.000000000000000000e+00,1.908512101096307090e+00,5.410474266518937856e-05
4.000000000000000000e+00,1.910888806516348737e+00,1.706250877607335087e-04
4.000000000000000000e+00,1.913265533887637870e+00,1.489787128849968183e-05
4.000000000000000000e+00,1.915645221064280479e+00,1.488736550419163750e-04
4.000000000000000000e+00,1.918021933723900396e+00,4.894023189576363793e-06
4.000000000000000000e+00,1.920401576683357536e+00,2.148726143137327078e-04
4.000000000000000000e+00,1.922778185987368271e+00,1.772304650798996532e-06
4.000000000000000000e+00,1.925157695683840764e+00,2.095631764103726507e-04
4.000000000000000000e+00,1.927534112112835318e+00,4.309972050927254026e-06
4.000000000000000000e+00,1.929913398624609977e+00,1.555400762306024696e-04
4.000000000000000000e+00,1.932289531783984105e+00,1.961242819011746189e-05
4.000000000000000000e+00,1.934668504313772353e+00,7.084997407957302267e-05
4.000000000000000000e+00,1.937047289244272052e+00,1.749334874917697101e-05
4.000000000000000000e+00,1.939422829809603455e+00,6.145398507593127627e-05
4.000000000000000000e+00,1.941801162930054447e+00,1.568949149241068936e-05
4.000000000000000000e+00,1.944179239057897579e+00,4.566919408888943659e-05
4.000000000000000000e+00,1.946557034846245759e+00,2.357570216774084910e-05
4.000000000000000000e+00,1.948937590416296883e+00,5.372637659362152862e-05
4.000000000000000000e+00,1.951314762526208613e+00,3.103545087536977159e-05
4.000000000000000000e+00,1.953691583608964111e+00,5.259706128202293161e-05
4.000000000000000000e+00,1.956071115926188098e+00,6.657269055214482998e-05
4.000000000000000000e+00,1.958447170997391629e+00,9.046366138705463856e-05
4.000000000000000000e+00,1.960825904438677769e+00,1.166397560281914728e-04
4.000000000000000000e+00,1.963204206118381423e+00,1.137085744679853508e-04
4.000000000000000000e+00,1.965582051840911504e+00,4.080410225867722881e-04
4.000000000000000000e+00,1.967959417301841540e+00,1.779547967251114736e-04
4.000000000000000000e+00,1.970339409318672352e+00,3.425355624220541729e-04
4.000000000000000000e+00,1.972715748465783570e+00,1.139969041838588727e-04
4.000000000000000000e+00,1.975094680156374904e+00,3.277097346432615750e-03
4.000000000000000000e+00,1.977473048443104009e+00,4.430750756293910103e-03
4.000000000000000000e+00,1.979850828500714810e+00,6.519105268525259185e-03
4.000000000000000000e+00,1.982227995395533071e+00,6.932601441691213159e-03
4.000000000000000000e+00,1.984604524085609167e+00,5.478509325604294725e-03
4.000000000000000000e+00,1.986983573776171186e+00,3.403209184539696813e-03
4.000000000000000000e+00,1.989361950099164611e+00,2.500680948699065403e-03
4.000000000000000000e+00,1.991739627709276261e+00,1.934606499089750820e-03
4.000000000000000000e+00,1.994116581153200896e+00,1.799879003476470736e-03
4.000000000000000000e+00,1.996495999787446962e+00,1.618845044616558544e-03
4.000000000000000000e+00,1.998874658345563660e+00,1.610920109415013785e-03
4.000000000000000000e+00,2.001252531070988550e+00,1.575444535600926304e-03
4.000000000000000000e+00,2.003629592099526402e+00,1.620893296192158026e-03
4.000000000000000000e+00,2.006009061087529410e+00,1.711001446614550652e-03
4.000000000000000000e+00,2.008384428391164267e+00,1.885027433957722678e-03
4.000000000000000000e+00,2.010762166794522354e+00,2.254563699242307078e-03
4.000000000000000000e+00,2.013142273146784511e+00,2.778321618347353618e-03
4.000000000000000000e+00,2.015518191284053184e+00,3.871707743975445759e-03
4.000000000000000000e+00,2.017896439964003363e+00,5.154104352185774097e-03
4.000000000000000000e+00,2.020273723858567294e+00,6.869524773251049245e-03
4.000000000000000000e+00,2.022653315995031953e+00,7.156575669816306676e-03
4.000000000000000000e+00,2.025031905392828957e+00,7.102026443209367643e-03
4.000000000000000000e+00,2.027409465173173775e+00,6.054752352311287833e-03
4.000000000000000000e+00,2.029785968350953596e+00,5.620237748270482184e-03
4.000000000000000000e+00,2.032164718651917390e+00,4.578593949823649145e-03
4.000000000000000000e+00,2.034542373648666747e+00,4.759677750001070282e-03
4.000000000000000000e+00,2.036922252485694695e+00,4.100578291844921182e-03
4.000000000000000000e+00,2.039297642718866488e+00,9.704460005208886964e-05
4.000000000000000000e+00,2.041678579620796796e+00,3.861201290602491918e-04
4.000000000000000000e+00,2.044054972850176011e+00,1.141846305111033055e-04
4.000000000000000000e+00,2.046433526721744833e+00,4.153120368400937306e-04
4.000000000000000000e+00,2.048810851376187347e+00,5.944171321856522329e-05
4.000000000000000000e+00,2.051190312403015081e+00,2.239668412153068074e-04
4.000000000000000000e+00,2.053568504069569922e+00,9.359500152215104488e-05
4.000000000000000000e+00,2.055945398294015458e+00,2.212019759097443180e-04
4.000000000000000000e+00,2.058324384012754305e+00,1.012423523799664646e-04
4.000000000000000000e+00,2.060702031599246808e+00,2.779801553139977111e-04
4.000000000000000000e+00,2.063078312672746772e+00,1.446622595011147613e-04
4.000000000000000000e+00,2.065456639593524102e+00,2.956836233128511842e-04
4.000000000000000000e+00,2.067833558764816893e+00,1.637094038673937658e-04
4.000000000000000000e+00,2.070212498216723152e+00,2.957531056859799318e-04
4.000000000000000000e+00,2.072589988335185041e+00,2.307670968945908156e-04
4.000000000000000000e+00,2.074969472860463071e+00,2.567273839231149217e-04
4.000000000000000000e+00,2.077347466120683439e+00,2.376687826126026686e-04
4.000000000000000000e+00,2.079723939049616721e+00,2.701599339813805299e-04
4.000000000000000000e+00,2.082102359006916092e+00,2.938679144918088953e-04
4.000000000000000000e+00,2.084479216156104542e+00,2.706711536480425288e-04
4.000000000000000000e+00,2.086857993654473997e+00,4.136411432056355747e-04
4.000000000000000000e+00,2.089235165520535009e+00,3.040194874283562399e-04
4.000000000000000000e+00,2.091614230747953052e+00,3.823184839360905087e-04
4.000000000000000000e+00,2.093991647171488779e+00,2.144257128694196845e-04
4.000000000000000000e+00,2.096370929659487015e+00,2.678513557351622416e-04
4.000000000000000000e+00,2.098748519824702452e+00,1.408454348417802974e-04
4.000000000000000000e+00,2.101127948448022309e+00,2.102770640547383806e-04
4.000000000000000000e+00,2.103505640882435745e+00,1.259468116999020522e-04
4.000000000000000000e+00,2.105881566995955634e+00,2.353653773482668578e-04
4.000000000000000000e+00,2.108259281488489290e+00,1.252132493979427226e-04
4.000000000000000000e+00,2.110638778281487493e+00,3.321839223991458886e-04
4.000000000000000000e+00,2.113016450109418187e+00,1.134974650199723455e-04
4.000000000000000000e+00,2.115395875701245210e+00,3.242346254331007760e-04
4.000000000000000000e+00,2.117773431421519081e+00,4.295628767351375920e-04
4.000000000000000000e+00,2.120149086564412588e+00,1.244796599732833978e-03
4.000000000000000000e+00,2.122526443941901597e+00,2.237996104267071231e-04
4.000000000000000000e+00,2.124905497063319437e+00,9.651909567724635498e-04
4.000000000000000000e+00,2.127282589459348561e+00,1.443949563496380560e-02
4.000000000000000000e+00,2.129661348130645226e+00,1.316739124208055924e-02
4.000000000000000000e+00,2.132041766401622240e+00,1.216948823983888227e-02
4.000000000000000000e+00,2.134416488630205944e+00,9.304716574735045348e-03
4.000000000000000000e+00,2.136796506809325980e+00,7.136144040642588768e-03
4.000000000000000000e+00,2.139174456954846537e+00,5.462448537259654256e-03
4.000000000000000000e+00,2.141550307510549533e+00,4.768458080168034262e-03
4.000000000000000000e+00,2.143931441358600143e+00,4.334411568233055914e-03
4.000000000000000000e+00,2.146306729584555040e+00,3.846858235903465040e-03
4.000000000000000000e+00,2.148687286870718527e+00,3.449739322983089770e-03
4.000000000000000000e+00,2.151065666753996908e+00,3.161212753449081387e-03
4.000000000000000000e+00,2.153441837210316567e+00,3.311932972566568149e-03
4.000000000000000000e+00,2.155819514621453603e+00,3.922842804076385505e-03
4.000000000000000000e+00,2.158198691568031347e+00,5.367953563560894092e-03
4.000000000000000000e+00,2.160575595509616864e+00,7.613502810932281685e-03
4.000000000000000000e+00,2.162953967401529898e+00,1.079669527248566102e-02
4.000000000000000000e+00,2.165330017974534726e+00,1.320778868062849436e-02
4.000000000000000000e+00,2.167711294571818659e+00,1.495298134822633900e-02
4.000000000000000000e+00,2.170086419534671851e+00,1.486742252156355269e-02
4.000000000000000000e+00,2.172466754975850289e+00,1.417916898163702755e-02
4.000000000000000000e+00,2.174844688110332491e+00,1.151429765183994286e-02
4.000000000000000000e+00,2.177220185986402434e+00,9.520456550306784574e-03
4.000000000000000000e+00,2.179600878863794833e+00,7.128194837539514328e-03
4.000000000000000000e+00,2.181979103711777057e+00,5.348514858478533446e-03
4.000000000000000000e+00,2.184354827302986468e+00,2.118800460890497427e-04
4.000000000000000000e+00,2.186731873089897693e+00,4.316367846089304511e-04
4.000000000000000000e+00,2.189110232802705447e+00,1.370896035144472268e-04
4.000000000000000000e+00,2.191489898121623092e+00,1.471327067179486613e-04
4.000000000000000000e+00,2.193866978681393132e+00,9.092257503288115575e-05
4.000000000000000000e+00,2.196245331200582740e+00,1.512087430842473526e-04
4.000000000000000000e+00,2.198624947167761245e+00,1.414996286450656993e-04
4.000000000000000000e+00,2.201001910734452061e+00,9.627960045915245641e-05
4.000000000000000000e+00,2.203380103664479339e+00,3.161156170342339878e-04
4.000000000000000000e+00,2.205755593071625942e+00,1.194385609225788426e-04
4.000000000000000000e+00,2.208136210091760532e+00,3.396652414729239128e-04
4.000000000000000000e+00,2.210514089066549559e+00,8.736153668284344937e-05
4.000000000000000000e+00,2.212889195676467580e+00,4.071626796838005366e-04
4.000000000000000000e+00,2.215269411685253598e+00,1.375658401274282121e-04
4.000000000000000000e+00,2.217646820369182592e+00,2.375607338177186353e-04
4.000000000000000000e+00,2.220025362245094058e+00,2.802020580146834553e-04
4.000000000000000000e+00,2.222401044539729753e+00,1.948650708427256324e-04
4.000000000000000000e+00,2.224781816787405386e+00,3.006498029927507981e-04
4.000000000000000000e+00,2.227159693927706297e+00,1.008024440573436318e-04
4.000000000000000000e+00,2.229538650259491828e+00,3.324349682089157063e-04
4.000000000000000000e+00,2.231914658585150590e+00,6.226852954668773022e-05
4.000000000000000000e+00,2.234291710139395537e+00,1.427895170600971219e-04
4.000000000000000000e+00,2.236669795394403248e+00,9.098437908849796004e-05
4.000000000000000000e+00,2.239048904770509107e+00,3.597870819281199036e-05
4.000000000000000000e+00,2.241424976510854261e+00,8.083789747918294270e-05
4.000000000000000000e+00,2.243806096568353503e+00,1.662406299770625620e-05
4.000000000000000000e+00,2.246184142332022571e+00,1.028500924506738724e-04
4.000000000000000000e+00,2.248559078140137224e+00,2.663539890608335485e-05
4.000000000000000000e+00,2.250939041398960061e+00,8.396977862881624356e-05
4.000000000000000000e+00,2.253315857608640727e+00,7.371575593693369046e-05
4.000000000000000000e+00,2.255693594709365701e+00,3.311244298563226386e-05
4.000000000000000000e+00,2.258072242628007320e+00,8.053051382564536508e-05
4.000000000000000000e+00,2.260451791238908381e+00,1.471403458901320955e-05
4.000000000000000000e+00,2.262828100482377369e+00,6.004953182659647466e-05
4.000000000000000000e+00,2.265205272630280042e+00,1.864490768221081264e-05
4.000000000000000000e+00,2.267583297361956962e+00,3.329696498087157094e-05
4.000000000000000000e+00,2.269962164303962027e+00,3.149773037601131897e-05
4.000000000000000000e+00,2.272341863029972320e+00,9.500099481318282819e-06
4.000000000000000000e+00,2.274718209664019053e+00,4.049576281502096552e-05
4.000000000000000000e+00,2.277095349600728014e+00,5.947007403576955482e-06
4.000000000000000000e+00,2.279473272218509372e+00,3.221549434957735530e-05
4.000000000000000000e+00,2.281851966842678436e+00,1.683243531535958949e-05
4.000000000000000000e+00,2.284231422745374829e+00,1.975395491337083814e-05
4.000000000000000000e+00,2.286607412008805351e+00,3.619733088939884027e-05
4.000000000000000000e+00,2.288984123377203694e+00,4.721185043777549839e-06
4.000000000000000000e+00,2.291365780618124681e+00,5.031389804185795663e-05
4.000000000000000000e+00,2.293743912168016763e+00,7.588594764077520167e-06
4.000000000000000000e+00,2.296118480612924895e+00,2.696441051857148292e-05
4.000000000000000000e+00,2.298497970634805210e+00,3.551692401779479110e-05
4.000000000000000000e+00,2.300878127611091895e+00,6.486672599864482991e-06
4.000000000000000000e+00,2.303254661586480623e+00,3.875960480161872519e-05
4.000000000000000000e+00,2.305631822391659203e+00,6.900869042764981294e-06
4.000000000000000000e+00,2.308009598693951503e+00,2.230382370801159571e-05
4.000000000000000000e+00,2.310387979106963030e+00,2.398392356275609523e-05
4.000000000000000000e+00,2.312766952190511649e+00,7.292432475341573670e-06
4.000000000000000000e+00,2.315142183405042520e+00,3.280044260090237107e-05
4.000000000000000000e+00,2.317522298400336744e+00,7.187267510648554364e-06
4.000000000000000000e+00,2.319898630583908439e+00,1.866399960609979572e-05
4.000000000000000000e+00,2.322279841038421555e+00,1.914392020107945477e-05
4.000000000000000000e+00,2.324657227477955335e+00,6.815136730691698350e-06
4.000000000000000000e+00,2.327035118932285318e+00,1.975405759837280210e-05
4.000000000000000000e+00,2.329413503549994768e+00,7.113750636144482276e-06
4.000000000000000000e+00,2.331787983991368662e+00,1.457026876669887297e-05
4.000000000000000000e+00,2.334167310210840451e+00,1.588750666720259046e-05
4.000000000000000000e+00,2.336547093703715827e+00,7.315188326070520650e-06
4.000000000000000000e+00,2.338922910089027418e+00,2.819973444284460003e-05
4.000000000000000000e+00,2.341303562883347844e+00,8.037354745649628494e-06
4.000000000000000000e+00,2.343680206292833024e+00,2.261089720777766554e-05
4.000000000000000000e+00,2.346057240367172003e+00,3.427909076287131431e-05
4.000000000000000000e+00,2.348434652788937260e+00,7.273459169069076720e-06
4.000000000000000000e+00,2.350812431186368734e+00,4.581639818548591600e-05
4.000000000000000000e+00,2.353190563133336077e+00,2.167142492480395448e-05
4.000000000000000000e+00,2.355569036149298690e+00,2.147790360063450322e-05
4.000000000000000000e+00,2.357947837699267524e+00,4.801032445687835270e-05
4.000000000000000000e+00,2.360326955193766896e+00,8.601069452187427481e-06
4.000000000000000000e+00,2.362701873503119110e+00,4.293714296195428552e-05
4.000000000000000000e+00,2.365081575825791482e+00,3.223425520359916239e-05
4.000000000000000000e+00,2.367461555987104838e+00,9.785898843673069232e-06
4.000000000000000000e+00,2.369837271457410743e+00,4.499842881253272197e-05
4.000000000000000000e+00,2.372213220904162867e+00,9.527052759633977973e-06
4.000000000000000000e+00,2.374593939286923305e+00,1.900244864226223167e-05
4.000000000000000000e+00,2.376970326898085517e+00,3.806027903002458175e-05
4.000000000000000000e+00,2.379346909490778650e+00,2.916553021194015332e-06
4.000000000000000000e+00,2.381728249229686956e+00,4.515503275366159646e-05
4.000000000000000000e+00,2.384105191535353274e+00,2.415712760819713052e-05
4.000000000000000000e+00,2.386482289336266938e+00,9.501255207698182812e-06
4.000000000000000000e+00,2.388859529357821643e+00,5.072815446017722588e-05
4.000000000000000000e+00,2.391236898270765909e+00,1.383800083209394438e-05
4.000000000000000000e+00,2.393619003764643427e+00,1.414810552846235278e-05
4.000000000000000000e+00,2.395996599438805941e+00,4.550629670237708478e-05
4.000000000000000000e+00,2.398374283698073040e+00,7.995968468782058472e-06
4.000000000000000000e+00,2.400752042994434454e+00,1.719381954685434029e-05
4.000000000000000000e+00,2.403129863725176119e+00,3.349397494417776384e-05
4.000000000000000000e+00,2.405507732232872620e+00,4.266021196646042747e-06
4.000000000000000000e+00,2.407885634805378317e+00,2.405863141536118466e-05
4.000000000000000000e+00,2.410263557675826007e+00,2.839537727126371385e-05
4.000000000000000000e+00,2.412641487022620712e+00,3.285588446009758404e-06
4.000000000000000000e+00,2.415019408969439230e+00,2.868869788994895615e-05
4.000000000000000000e+00,2.417397309585231913e+00,2.322638521390520179e-05
4.000000000000000000e+00,2.419775174884221780e+00,7.045282827062782695e-06
4.000000000000000000e+00,2.422152990825908514e+00,3.449674067276472817e-05
4.000000000000000000e+00,2.424530743315073789e+00,1.579448848708271149e-05
4.000000000000000000e+00,2.426908418201789264e+00,2.034777909560893315e-05
4.000000000000000000e+00,2.429286001281421470e+00,3.985108654934766694e-05
4.000000000000000000e+00,2.431663478294642911e+00,1.714056380600244289e-05
4.000000000000000000e+00,2.434040834927446273e+00,4.066074410687706776e-05
4.000000000000000000e+00,2.436422844634672291e+00,4.714520645039827742e-05
4.000000000000000000e+00,2.438799926692925002e+00,2.238074472292054450e-05
4.000000000000000000e+00,2.441176845109251925e+00,5.680344361440966985e-05
4.000000000000000000e+00,2.443553585351005086e+00,5.887453553464919794e-05
4.000000000000000000e+00,2.445930132830938852e+00,3.142333737092476955e-05
4.000000000000000000e+00,2.448311307568818762e+00,9.010084113489514191e-05
4.000000000000000000e+00,2.450687434933867870e+00,8.915153935711768473e-05
4.000000000000000000e+00,2.453068178922694020e+00,6.788438222479047655e-05
4.000000000000000000e+00,2.455443827201868601e+00,1.002267281430576371e-03
4.000000000000000000e+00,2.457824081285056472e+00,4.975257576533913782e-04
4.000000000000000000e+00,2.460199191070725266e+00,1.642477952410094410e-03
4.000000000000000000e+00,2.462578895654787381e+00,1.546179635149183421e-03
4.000000000000000000e+00,2.464958307733604137e+00,1.463518504928759418e-03
4.000000000000000000e+00,2.467332502158201546e+00,1.452145774231783024e-03
4.000000000000000000e+00,2.469711274537423229e+00,1.235031151729779715e-03
4.000000000000000000e+00,2.472089709077717856e+00,1.076973912147322467e-03
4.000000000000000000e+00,2.474467790561501790e+00,9.527690089136661494e-04
4.000000000000000000e+00,2.476845503716746499e+00,7.789664417280668532e-04
4.000000000000000000e+00,2.479222833217026967e+00,6.747720111850725316e-04
4.000000000000000000e+00,2.481599763681567428e+00,6.418677724011991655e-04
4.000000000000000000e+00,2.483981256237295376e+00,5.983690097872629765e-04
4.000000000000000000e+00,2.486357351796226300e+00,5.932874749286842298e-04
4.000000000000000000e+00,2.488737997498906118e+00,7.102596204943863178e-04
4.000000000000000000e+00,2.491113196007286756e+00,7.985385695921956789e-04
4.000000000000000000e+00,2.493492932524325134e+00,7.906122359802364354e-04
4.000000000000000000e+00,2.495872195725481024e+00,1.078518931003933550e-03
4.000000000000000000e+00,2.498245935968249398e+00,2.275009516932820967e-04
4.000000000000000000e+00,2.500624195678618378e+00,1.239613695679838963e-04
4.000000000000000000e+00,2.503001934687554719e+00,6.154285416867363227e-05
4.000000000000000000e+00,2.505384199785404054e+00,1.598966458334248204e-05
4.000000000000000000e+00,2.507760859244102747e+00,5.430368336420940184e-05
4.000000000000000000e+00,2.510136950143142087e+00,6.066054784347134474e-05
4.000000000000000000e+00,2.512517547981021337e+00,9.433743297314754720e-06
4.000000000000000000e+00,2.514892463148078239e+00,3.583026644897619877e-05
4.000000000000000000e+00,2.517271872260600674e+00,4.874035227047683800e-05
4.000000000000000000e+00,2.519650667552726819e+00,9.052355737613153371e-06
4.000000000000000000e+00,2.522028832766149087e+00,1.733848580327888682e-05
4.000000000000000000e+00,2.524406351588751818e+00,4.376195926324464658e-05
4.000000000000000000e+00,2.526783207654688557e+00,1.630318555174643574e-05
4.000000000000000000e+00,2.529159384544463762e+00,9.677894082025160734e-06
4.000000000000000000e+00,2.531540034735527911e+00,3.667774061067275262e-05
4.000000000000000000e+00,2.533914813502587737e+00,1.003794075141023332e-04
4.000000000000000000e+00,2.536294051902468372e+00,4.012990748053207998e-05
4.000000000000000000e+00,2.538672564369699458e+00,5.985513472598020794e-06
4.000000000000000000e+00,2.541050334235800179e+00,8.686550070765571918e-04
4.000000000000000000e+00,2.543427344778853350e+00,7.783508362529640385e-04
4.000000000000000000e+00,2.545808806606810748e+00,7.425682897757558904e-04
4.000000000000000000e+00,2.548184257884455128e+00,7.294056909077414191e-04
4.000000000000000000e+00,2.550564146289386880e+00,6.800410702580450854e-04
4.000000000000000000e+00,2.552943227520946490e+00,6.649315776076607102e-04
4.000000000000000000e+00,2.555321484608414462e+00,6.326674261463043937e-04
4.000000000000000000e+00,2.557698900527907160e+00,6.307224084757763255e-04
4.000000000000000000e+00,2.560075458202479837e+00,6.723764393938078251e-04
4.000000000000000000e+00,2.562451140502226998e+00,6.983379924665355414e-04
4.000000000000000000e+00,2.564831236037994344e+00,7.635031322503670276e-04
4.000000000000000000e+00,2.567210441454971015e+00,8.813949596395687352e-04
4.000000000000000000e+00,2.569588739480965334e+00,9.508525979573821457e-04
4.000000000000000000e+00,2.571966112790943892e+00,1.071941776418000288e-03
4.000000000000000000e+00,2.574342544007147904e+00,6.198593919827058451e-05
4.000000000000000000e+00,2.576723370808659652e+00,7.338399318192752698e-06
4.000000000000000000e+00,2.579097875367938553e+00,1.277469451951480407e-04
4.000000000000000000e+00,2.581476760275176030e+00,8.821785658308820498e-05
4.000000000000000000e+00,2.583854652848235123e+00,3.876261669323224625e-05
4.000000000000000000e+00,2.586231535461967379e+00,6.250082091730962363e-06
4.000000000000000000e+00,2.588612795081014717e+00,3.916275583113041942e-05
4.000000000000000000e+00,2.590987614612529910e+00,8.903494368009374571e-05
4.000000000000000000e+00,2.593366795512073164e+00,5.748493061481652479e-05
4.000000000000000000e+00,2.595744915317689472e+00,2.316567872952690976e-05
4.000000000000000000e+00,2.598121956157397161e+00,1.196023737115240113e-05
4.000000000000000000e+00,2.600497900107185067e+00,5.115320434443936253e-05
4.000000000000000000e+00,2.602878193565458798e+00,1.351948662625237563e-04
4.000000000000000000e+00,2.605257374095403922e+00,7.136107228785060165e-05
4.000000000000000000e+00,2.607635423630717320e+00,1.138159792075741500e-04
4.000000000000000000e+00,2.610012324053281763e+00,1.368723223282519068e-03
4.000000000000000000e+00,2.612388057193310686e+00,1.000360860746799625e-03
4.000000000000000000e+00,2.614768119240192146e+00,1.252279175715404272e-03
4.000000000000000000e+00,2.617146997564059774e+00,1.171565089931910072e-03
4.000000000000000000e+00,2.619524673852972718e+00,1.141074969158374598e-03
4.000000000000000000e+00,2.621901129743555270e+00,1.090783352553324325e-03
4.000000000000000000e+00,2.624281901432961472e+00,1.034967909824134353e-03
4.000000000000000000e+00,2.626655871285938915e+00,1.016342755935391480e-03
4.000000000000000000e+00,2.629034140094493655e+00,1.028953325650866285e-03
4.000000000000000000e+00,2.631416719546495031e+00,1.056523380038135694e-03
4.000000000000000000e+00,2.633792431410708623e+00,1.077351166765837731e-03
4.000000000000000000e+00,2.636172436860944934e+00,1.115394153745698919e-03
4.000000000000000000e+00,2.638545517161249965e+00,9.485831411673287163e-04
4.000000000000000000e+00,2.640928499105384297e+00,1.169215880042019868e-03
4.000000000000000000e+00,2.643304518349861354e+00,1.063753698475108662e-03
4.000000000000000000e+00,2.645684816809926954e+00,1.827988621265001949e-05
4.000000000000000000e+00,2.648058094547728558e+00,5.593095450797679643e-05
4.000000000000000000e+00,2.650435633945297020e+00,4.592100656821099139e-05
4.000000000000000000e+00,2.652817446491849473e+00,4.696571774682052988e-05
4.000000000000000000e+00,2.655192171178932803e+00,2.110048291596156768e-05
4.000000000000000000e+00,2.657571151243650398e+00,7.399994278340449731e-06
4.000000000000000000e+00,2.659948691486012429e+00,4.003422095280274594e-06
4.000000000000000000e+00,2.662330489570499559e+00,1.287780763910277903e-05
4.000000000000000000e+00,2.664705102769717726e+00,2.985722040312254681e-05
4.000000000000000000e+00,2.667083955729373734e+00,2.928705399832793699e-05
4.000000000000000000e+00,2.669461312276356413e+00,2.176441841365849117e-05
4.000000000000000000e+00,2.671837153036051848e+00,9.523432558873988818e-06
4.000000000000000000e+00,2.674217226595466013e+00,2.007556268421990782e-06
4.000000000000000000e+00,2.676595765975274599e+00,6.320094851065084229e-06
4.000000000000000000e+00,2.678972751659991935e+00,1.803244505961042150e-05
4.000000000000000000e+00,2.681353962923400225e+00,3.200517642221792212e-05
4.000000000000000000e+00,2.683727792746523733e+00,2.403030630521963440e-05
4.000000000000000000e+00,2.686105829445210702e+00,1.294824205998225262e-05
4.000000000000000000e+00,2.688488084212449003e+00,3.323536221669307671e-06
4.000000000000000000e+00,2.690862888123974894e+00,2.616439686636901246e-06
4.000000000000000000e+00,2.693241891183510539e+00,1.025462479582597262e-05
4.000000000000000000e+00,2.695619243808531795e+00,1.817659684624699942e-05
4.000000000000000000e+00,2.697994926104692492e+00,2.435972027306708930e-05
4.000000000000000000e+00,2.700374799530429026e+00,1.914727195518713124e-05
4.000000000000000000e+00,2.702752983395575903e+00,1.506448437759215386e-05
4.000000000000000000e+00,2.705129457665879755e+00,1.019135038539138880e-05
4.000000000000000000e+00,2.707510114782492927e+00,5.523339628026605608e-06
4.000000000000000000e+00,2.709889042854494612e+00,2.387723055604790749e-06
4.000000000000000000e+00,2.712266221707900993e+00,1.492294027254509605e-06
4.000000000000000000e+00,2.714641631120770615e+00,4.087917013155348441e-06
4.000000000000000000e+00,2.717021204959639391e+00,9.023894923878173708e-06
4.000000000000000000e+00,2.719398989596979010e+00,1.466911924308618593e-05
4.000000000000000000e+00,2.721774964671693997e+00,1.975053934903960086e-05
4.000000000000000000e+00,2.724155095219163325e+00,2.283683139566827945e-05
4.000000000000000000e+00,2.726533396224594785e+00,2.130512336781727764e-05
4.000000000000000000e+00,2.728909847187990234e+00,1.722963881260595291e-05
4.000000000000000000e+00,2.731290444402350470e+00,1.119118194289692449e-05
4.000000000000000000e+00,2.733669171376605700e+00,5.439166550209698622e-06
4.000000000000000000e+00,2.736046007472129116e+00,2.189319283619157486e-06
4.000000000000000000e+00,2.738420932003415853e+00,3.937034953566426824e-06
4.000000000000000000e+00,2.740799983049091892e+00,8.883794205523828485e-06
4.000000000000000000e+00,2.743177102021586489e+00,1.607261350420714438e-05
4.000000000000000000e+00,2.745558347964158319e+00,2.231600715865935438e-05
4.000000000000000000e+00,2.747937641197727654e+00,2.633908073778756261e-05
4.000000000000000000e+00,2.750314960807459741e+00,2.523824357983260526e-05
4.000000000000000000e+00,2.752690285832279038e+00,2.061892144375070923e-05
4.000000000000000000e+00,2.755069717329380996e+00,1.489885081128332930e-05
4.000000000000000000e+00,2.757447133295085617e+00,1.260441446151611392e-05
4.000000000000000000e+00,2.759822512631141755e+00,1.145464571442180632e-05
4.000000000000000000e+00,2.762201987996263153e+00,9.763913114494924474e-06
4.000000000000000000e+00,2.764579405566437664e+00,9.230537729245354034e-06
4.000000000000000000e+00,2.766960919131962182e+00,7.891624126629497547e-06
4.000000000000000000e+00,2.769334167959193405e+00,8.457163956161651379e-06
4.000000000000000000e+00,2.771717687672561325e+00,7.435069387978651059e-06
4.000000000000000000e+00,2.774092899949887059e+00,1.237376743908575717e-05
4.000000000000000000e+00,2.776472186575843271e+00,1.294243591550935300e-05
4.000000000000000000e+00,2.778849329813015245e+00,2.397149870433528155e-04
4.000000000000000000e+00,2.781224308154069291e+00,2.314373232014505747e-04
4.000000000000000000e+00,2.783603349577585373e+00,2.594716177235911335e-04
4.000000000000000000e+00,2.785980204283322159e+00,2.616608952287490810e-04
4.000000000000000000e+00,2.788361121540816612e+00,2.721463950059500067e-04
4.000000000000000000e+00,2.790739830130332333e+00,2.839085129803380915e-04
4.000000000000000000e+00,2.793116308318245977e+00,2.989190048592247056e-04
4.000000000000000000e+00,2.795496837376052479e+00,3.198539368993350116e-04
4.000000000000000000e+00,2.797875113863212526e+00,3.384325489647687182e-04
4.000000000000000000e+00,2.800251115911298605e+00,3.683553185287595272e-04
4.000000000000000000e+00,2.802631156870153184e+00,1.191841974660867655e-04
4.000000000000000000e+00,2.805008901002245647e+00,1.416730649318774851e-04
4.000000000000000000e+00,2.807384326304926958e+00,2.527024342554338792e-05
4.000000000000000000e+00,2.809763778281390234e+00,2.889272852662449185e-05
4.000000000000000000e+00,2.812140888822362683e+00,1.598475209512478681e-05
4.000000000000000000e+00,2.814515635791587478e+00,1.787081467631470360e-05
4.000000000000000000e+00,2.816894396919202848e+00,1.566504208490847474e-05
4.000000000000000000e+00,2.819277182391831005e+00,1.507197297472841305e-05
4.000000000000000000e+00,2.821651159259273456e+00,1.004055805806371398e-05
4.000000000000000000e+00,2.824029137518142551e+00,8.052342966101678866e-06
4.000000000000000000e+00,2.826411127293623426e+00,5.075958930436137339e-06
4.000000000000000000e+00,2.828784230557050972e+00,3.994025262941707252e-06
4.000000000000000000e+00,2.831161322165572702e+00,2.716986056813375053e-06
4.000000000000000000e+00,2.833542412182134651e+00,2.268065947431298769e-06
4.000000000000000000e+00,2.835921024016914149e+00,3.889125564086509745e-06
4.000000000000000000e+00,2.838297135088118761e+00,4.472465825971628074e-06
4.000000000000000000e+00,2.840677231205615438e+00,8.908909049724769304e-06
4.000000000000000000e+00,2.843054803040627743e+00,9.635363746316865383e-06
4.000000000000000000e+00,2.845429827880051832e+00,1.526215684323883323e-05
4.000000000000000000e+00,2.847808824123101878e+00,1.452797393500159800e-05
4.000000000000000000e+00,2.850185249634491935e+00,2.066729971341817721e-05
4.000000000000000000e+00,2.852565644594050376e+00,2.266837201931656747e-05
4.000000000000000000e+00,2.854943444955898801e+00,2.286504003538144191e-05
4.000000000000000000e+00,2.857318627786822773e+00,2.283155489047493362e-05
4.000000000000000000e+00,2.859697765996172869e+00,2.144824852086330079e-05
4.000000000000000000e+00,2.862080869472485301e+00,1.943539059577454827e-05
4.000000000000000000e+00,2.864454712355927857e+00,1.326014077673017967e-05
4.000000000000000000e+00,2.866832496293459265e+00,1.239768045232712723e-05
4.000000000000000000e+00,2.869214231107640511e+00,7.206262764151629026e-06
4.000000000000000000e+00,2.871586624881306449e+00,5.994142629924657032e-06
4.000000000000000000e+00,2.873969606985570024e+00,2.790569453622293144e-06
4.000000000000000000e+00,2.876343201527446158e+00,1.671157275354434272e-06
4.000000000000000000e+00,2.878720719985517373e+00,5.211668356796988963e-07
4.000000000000000000e+00,2.881102172098087610e+00,4.979414929996960079e-07
4.000000000000000000e+00,2.883480861554354568e+00,1.052670578395094595e-06
4.000000000000000000e+00,2.885856764896066906e+00,1.094153119753115463e-05
4.000000000000000000e+00,2.888236586815389195e+00,1.960400869410781229e-05
4.000000000000000000e+00,2.890613597715197436e+00,1.354628558986695298e-05
4.000000000000000000e+00,2.892994524384758570e+00,6.093713867016285269e-06
4.000000000000000000e+00,2.895365853522527733e+00,2.756804236411492976e-07
4.000000000000000000e+00,2.897747845885614293e+00,5.227112338672708454e-06
4.000000000000000000e+00,2.900126977032283726e+00,2.084538730711081578e-05
4.000000000000000000e+00,2.902503223200517901e+00,1.806035292189289186e-05
4.000000000000000000e+00,2.904883366561006319e+00,1.702884498506587581e-05
4.000000000000000000e+00,2.907260599562923709e+00,1.639880405887251690e-06
4.000000000000000000e+00,2.909634898318774088e+00,5.331928881310815633e-05
4.000000000000000000e+00,2.912013078324352744e+00,6.272905812386128969e-05
4.000000000000000000e+00,2.914395149104420657e+00,7.077391315468260118e-05
4.000000000000000000e+00,2.916774258379155604e+00,8.181928685554310031e-05
4.000000000000000000e+00,2.919150382085439865e+00,7.829551607085635909e-05
4.000000000000000000e+00,2.921523496123781261e+00,7.646054242385077289e-05
4.000000000000000000e+00,2.923907367138645963e+00,7.109262933609368507e-05
4.000000000000000000e+00,2.926281318344463589e+00,9.302434241858938932e-06
4.000000000000000000e+00,2.928659127554641639e+00,1.339320737642351353e-05
4.000000000000000000e+00,2.931040804181527015e+00,5.501235470094343454e-06
4.000000000000000000e+00,2.933419417291878162e+00,1.067515485221885892e-06
4.000000000000000000e+00,2.935794942524495799e+00,3.746990177860946440e-06
4.000000000000000000e+00,2.938174318344370928e+00,1.305600216757093403e-05
4.000000000000000000e+00,2.940550579959972044e+00,9.956754151675746459e-05
4.000000000000000000e+00,2.942930688311046872e+00,1.418280084495152961e-04
4.000000000000000000e+00,2.945307656001242336e+00,2.078779024055552851e-04
4.000000000000000000e+00,2.947681458460930770e+00,2.188242062838941318e-04
4.000000000000000000e+00,2.950059090390392047e+00,2.262967647099586215e-04
4.000000000000000000e+00,2.952440561063782720e+00,2.287477940331581643e-04
4.000000000000000000e+00,2.954818837778843132e+00,2.274167833618272075e-04
4.000000000000000000e+00,2.957193895793339244e+00,2.375049561096391688e-04
4.000000000000000000e+00,2.959572774981745535e+00,2.147659055805772294e-05
4.000000000000000000e+00,2.961955484573179920e+00,6.854096162046394958e-06
4.000000000000000000e+00,2.964327858985216224e+00,7.025511467968293440e-06
4.000000000000000000e+00,2.966711135514628506e+00,1.265063451951939977e-05
4.000000000000000000e+00,2.969084027002956372e+00,2.039956110901977457e-05
4.000000000000000000e+00,2.971467838945096585e+00,1.336598271925887541e-05
4.000000000000000000e+00,2.973841215813263883e+00,1.476703319257139117e-04
4.000000000000000000e+00,2.976218387048926051e+00,1.402121168649977598e-04
4.000000000000000000e+00,2.978599361758565323e+00,1.555517426490411693e-04
4.000000000000000000e+00,2.980976981837772488e+00,1.528659113826154206e-04
4.000000000000000000e+00,2.983351222083469256e+00,1.420818015482545654e-04
4.000000000000000000e+00,2.985729247336589065e+00,1.601694170043097627e-04
4.000000000000000000e+00,2.988111066655426029e+00,1.910873192739330449e-05
4.000000000000000000e+00,2.990489476071835462e+00,5.540375186924088294e-06
4.000000000000000000e+00,2.992864450213154281e+00,9.603315451930886096e-06
4.000000000000000000e+00,2.995243199646329124e+00,5.428499352265486353e-06
4.000000000000000000e+00,2.997618485893688511e+00,3.147737697735821550e-06
4.000000000000000000e+00,2.999997542427555786e+00,9.858055794658663885e-06
5.000000000000000000e+00,1.099999098890103832e+00,1.150869038959549402e-05
5.000000000000000000e+00,1.102375730712192192e+00,2.113915800027403642e-05
5.000000000000000000e+00,1.104752810646187022e+00,1.936330350211094942e-05
5.000000000000000000e+00,1.107130277917975025e+00,-3.005121296529593793e-06
5.000000000000000000e+00,1.109508071207282898e+00,-2.845943092242553320e-05
5.000000000000000000e+00,1.111886128647274319e+00,1.438736931705902218e-05
5.000000000000000000e+00,1.114264387824213776e+00,2.646500553995239258e-05
5.000000000000000000e+00,1.116642785777203883e+00,1.384998517797219675e-04
5.000000000000000000e+00,1.119021258997989765e+00,7.889900880058531947e-05
5.000000000000000000e+00,1.121399743430837814e+00,1.432768534640783456e-05
5.000000000000000000e+00,1.123778174472484626e+00,5.937269135698536477e-06
5.000000000000000000e+00,1.126156486972162973e+00,-7.772993302338368913e-06
5.000000000000000000e+00,1.128534615231699956e+00,-6.584312332293068375e-06
5.000000000000000000e+00,1.130912493005694186e+00,1.689462463151407201e-05
5.000000000000000000e+00,1.133290053501766481e+00,5.702750468488424772e-06
5.000000000000000000e+00,1.135667229380893373e+00,1.105792004524372887e-05
5.000000000000000000e+00,1.138043952757815891e+00,-2.821721883896987025e-06
5.000000000000000000e+00,1.140430645006762944e+00,-3.402351090248258216e-07
5.000000000000000000e+00,1.142806301289510440e+00,1.822422671889540412e-05
5.000000000000000000e+00,1.145181298221050525e+00,9.101176405437312161e-06
5.000000000000000000e+00,1.147555565735549843e+00,6.693792698241808167e-06
5.000000000000000000e+00,1.149939698688533074e+00,-1.311550972709953470e-06
5.000000000000000000e+00,1.152312339057216528e+00,4.039212173618367526e-07
5.000000000000000000e+00,1.154694790481869404e+00,1.776858861963282924e-05
5.000000000000000000e+00,1.157076315485336515e+00,1.924974291955232483e-05
5.000000000000000000e+00,1.159445998776818199e+00,4.228928056604007752e-06
5.000000000000000000e+00,1.161825408173174257e+00,-9.315467812961896252e-06
5.000000000000000000e+00,1.164203671776672389e+00,-5.235514572176867702e-07
5.000000000000000000e+00,1.166580715404594182e+00,2.640335201751875963e-05
5.000000000000000000e+00,1.168956464334743650e+00,7.718425829002387520e-05
5.000000000000000000e+00,1.171341909466407039e+00,1.569393919534983877e-05
5.000000000000000000e+00,1.173714887566505771e+00,4.305959927539832746e-04
5.000000000000000000e+00,1.176097499840639937e+00,4.319162311343612736e-05
5.000000000000000000e+00,1.178478603450343609e+00,-2.087484113830152421e-07
5.000000000000000000e+00,1.180846874482839759e+00,-1.449171701325317760e-05
5.000000000000000000e+00,1.183224683239016084e+00,2.702631220599598880e-06
5.000000000000000000e+00,1.185612087451950236e+00,1.731867981460428742e-05
5.000000000000000000e+00,1.187986378893309602e+00,2.200385879545053774e-05
5.000000000000000000e+00,1.190358770252602172e+00,9.562424228527099634e-07
5.000000000000000000e+00,1.192740655833151475e+00,-2.146746806314694641e-06
5.000000000000000000e+00,1.195120572508726164e+00,2.841635976844853202e-06
5.000000000000000000e+00,1.197498439510897406e+00,5.713486408169804110e-06
5.000000000000000000e+00,1.199874175544611843e+00,1.979859739940305729e-05
5.000000000000000000e+00,1.202247698790813724e+00,3.414163979729619942e-06
5.000000000000000000e+00,1.204630630988217099e+00,1.091442791511092425e-06
5.000000000000000000e+00,1.207011277581778286e+00,3.382225872312282657e-06
5.000000000000000000e+00,1.209389555328822752e+00,1.658694320816066097e-06
5.000000000000000000e+00,1.211765380466591990e+00,1.304917328787073856e-05
5.000000000000000000e+00,1.214138668715299518e+00,6.202508436647189939e-06
5.000000000000000000e+00,1.216521271556269213e+00,1.538680519412573590e-06
5.000000000000000000e+00,1.218901260673629805e+00,4.493968633424555483e-06
5.000000000000000000e+00,1.221278550366432736e+00,3.035256197198134775e-06
5.000000000000000000e+00,1.223653054421999675e+00,8.302377643779526771e-06
5.000000000000000000e+00,1.226036809853057186e+00,1.031293984000559007e-05
5.000000000000000000e+00,1.228405528858331763e+00,6.172780193749594560e-07
5.000000000000000000e+00,1.230783418372779048e+00,3.976770337300472291e-06
5.000000000000000000e+00,1.233170531755207078e+00,4.456509669434697147e-06
5.000000000000000000e+00,1.235542297137962597e+00,5.197348531695437086e-06
5.000000000000000000e+00,1.237923203366784186e+00,1.314559149778645224e-05
5.000000000000000000e+00,1.240300895663398073e+00,1.602093372558060005e-06
5.000000000000000000e+00,1.242677775014586095e+00,3.475006910375330093e-06
5.000000000000000000e+00,1.245056280032780238e+00,5.600650012837868843e-06
5.000000000000000000e+00,1.247433866845625072e+00,5.694799951412857008e-07
5.000000000000000000e+00,1.249811732522333463e+00,1.187547046726392591e-05
5.000000000000000000e+00,1.252189828228160717e+00,3.632139672623100563e-06
5.000000000000000000e+00,1.254568104745505508e+00,2.658973351742798633e-06
5.000000000000000000e+00,1.256946512473745337e+00,7.108377405580766955e-06
5.000000000000000000e+00,1.259323722316235017e+00,1.506694715449816746e-06
5.000000000000000000e+00,1.261702237295382556e+00,9.448513168559441284e-06
5.000000000000000000e+00,1.264080732375299165e+00,5.843641027401373452e-06
5.000000000000000000e+00,1.266457862776105170e+00,2.060777044819240504e-06
5.000000000000000000e+00,1.268836159410696496e+00,7.379513498829441634e-06
5.000000000000000000e+00,1.271214281587295547e+00,2.732275931468092127e-06
5.000000000000000000e+00,1.273592177023115557e+00,7.108330173836052288e-06
5.000000000000000000e+00,1.275969793052491141e+00,8.202228279350069179e-06
5.000000000000000000e+00,1.278348394676446675e+00,3.536395036447082546e-07
5.000000000000000000e+00,1.280725297271503527e+00,5.757470530760922699e-06
5.000000000000000000e+00,1.283104415923701946e+00,3.254317150035799078e-06
5.000000000000000000e+00,1.285481727588297707e+00,3.335111500122960818e-05
5.000000000000000000e+00,1.287859838407007906e+00,2.670571341064845042e-05
5.000000000000000000e+00,1.290237365594768537e+00,1.610867109947314150e-06
5.000000000000000000e+00,1.292615601494206734e+00,1.034346356175778067e-05
5.000000000000000000e+00,1.294993152720043783e+00,7.937542097401255125e-06
5.000000000000000000e+00,1.297371320810711826e+00,5.247187567968616724e-06
5.000000000000000000e+00,1.299750064295511320e+00,1.587807717369539855e-05
5.000000000000000000e+00,1.302127973832296837e+00,3.180165900811555427e-06
5.000000000000000000e+00,1.304504992295077548e+00,7.628840926146307296e-06
5.000000000000000000e+00,1.306883817274359982e+00,1.038133051856845820e-05
5.000000000000000000e+00,1.309261655848396488e+00,5.114420100600801706e-07
5.000000000000000000e+00,1.311639837390945473e+00,1.657469528065161961e-05
5.000000000000000000e+00,1.314016925775080002e+00,5.768023722893334261e-06
5.000000000000000000e+00,1.316395657391975726e+00,7.495968035738257062e-06
5.000000000000000000e+00,1.318773197764609995e+00,1.719601867231698107e-05
5.000000000000000000e+00,1.321150895014793214e+00,1.849648528405578542e-06
5.000000000000000000e+00,1.323530117170831355e+00,1.972061222720902413e-05
5.000000000000000000e+00,1.325907998417265699e+00,1.353315171034389859e-05
5.000000000000000000e+00,1.328285901053660734e+00,9.745968725862904120e-06
5.000000000000000000e+00,1.330663779257676982e+00,2.420739604293644609e-05
5.000000000000000000e+00,1.333041586878621620e+00,4.260345545071653947e-06
5.000000000000000000e+00,1.335419277437480678e+00,5.325034863190148510e-05
5.000000000000000000e+00,1.337796804126984540e+00,9.202099035371609818e-05
5.000000000000000000e+00,1.340175568438737086e+00,1.373624167479707755e-06
5.000000000000000000e+00,1.342552630798620195e+00,3.401539715877893288e-04
5.000000000000000000e+00,1.344930845832843502e+00,4.495163948836017396e-04
5.000000000000000000e+00,1.347308716820470487e+00,4.235957557614506430e-01
5.000000000000000000e+00,1.349687664603416160e+00,1.041196272412961837e-01
5.000000000000000000e+00,1.352064707084743578e+00,3.744943384226079308e-02
5.000000000000000000e+00,1.354442738914278577e+00,6.857758665252243306e-03
5.000000000000000000e+00,1.356821726285427188e+00,1.218291793705341894e-02
5.000000000000000000e+00,1.359198655024307145e+00,7.127794338468185567e-03
5.000000000000000000e+00,1.361576449996873439e+00,4.535108239422672161e-03
5.000000000000000000e+00,1.363955076519934195e+00,4.048696462770732390e-03
5.000000000000000000e+00,1.366332993909127991e+00,3.920551354007949241e-03
5.000000000000000000e+00,1.368710151197721991e+00,3.959867386508452575e-03
5.000000000000000000e+00,1.371089529547983243e+00,3.401981522958035919e-03
5.000000000000000000e+00,1.373466544440631543e+00,2.855119018543152837e-03
5.000000000000000000e+00,1.375844181692285284e+00,2.782279130494290636e-03
5.000000000000000000e+00,1.378222404895539377e+00,2.810439632547841442e-03
5.000000000000000000e+00,1.380601177370847310e+00,3.077937879000497163e-03
5.000000000000000000e+00,1.382978919523796035e+00,3.062472398107934750e-03
5.000000000000000000e+00,1.385357126148375695e+00,2.824186692101392053e-03
5.000000000000000000e+00,1.387734206447297503e+00,2.919775945377424669e-03
5.000000000000000000e+00,1.390113223827786459e+00,3.149744700087150472e-03
5.000000000000000000e+00,1.392491028330698821e+00,5.559558489957239745e-03
5.000000000000000000e+00,1.394869134848162107e+00,3.949588224906455843e-03
5.000000000000000000e+00,1.397245930094993760e+00,3.075379783530419412e-03
5.000000000000000000e+00,1.399624519051433369e+00,3.216190114142695577e-03
5.000000000000000000e+00,1.402003293241485871e+00,3.227545188077291221e-03
5.000000000000000000e+00,1.404380622437389370e+00,3.533969562030961353e-03
5.000000000000000000e+00,1.406758046866900980e+00,3.815634581803254918e-03
5.000000000000000000e+00,1.409137128030744313e+00,3.926804623075156458e-03
5.000000000000000000e+00,1.411514627924003840e+00,4.631241713976995064e-03
5.000000000000000000e+00,1.413892102100584580e+00,6.362196633501085441e-03
5.000000000000000000e+00,1.416271127497783944e+00,7.512463775723983786e-03
5.000000000000000000e+00,1.418648432802419590e+00,5.033691738624332564e-03
5.000000000000000000e+00,1.421025588977857357e+00,4.562964395404697782e-03
5.000000000000000000e+00,1.423404188478144317e+00,5.019487653088266187e-03
5.000000000000000000e+00,1.425782566128521500e+00,5.049325274853039974e-03
5.000000000000000000e+00,1.428160679720647197e+00,5.380260634876115645e-03
5.000000000000000000e+00,1.430538486772758411e+00,6.267508710341896175e-03
5.000000000000000000e+00,1.432915944529842500e+00,4.283547482338711035e-03
5.000000000000000000e+00,1.435294671521053944e+00,4.849374436948508346e-04
5.000000000000000000e+00,1.437671306838161023e+00,4.133476649705946997e-04
5.000000000000000000e+00,1.440050808136397853e+00,3.955193540151005598e-03
5.000000000000000000e+00,1.442428130388856866e+00,5.265796789821409254e-05
5.000000000000000000e+00,1.444806580222042447e+00,2.252539519057213135e-04
5.000000000000000000e+00,1.447184440705151953e+00,1.859258897751093651e-04
5.000000000000000000e+00,1.449561667222405870e+00,9.873857095819211821e-05
5.000000000000000000e+00,1.451939915205273879e+00,3.254660033578558268e-04
5.000000000000000000e+00,1.454317450317589300e+00,1.079647009126520813e-04
5.000000000000000000e+00,1.456695938627691200e+00,5.561538111437389683e-04
5.000000000000000000e+00,1.459073634158916555e+00,7.477347083586288138e-04
5.000000000000000000e+00,1.461452213653828158e+00,2.125902083002292745e-04
5.000000000000000000e+00,1.463829919457844797e+00,1.760169035984791115e-04
5.000000000000000000e+00,1.466208439024566657e+00,5.985695636028273936e-05
5.000000000000000000e+00,1.468586002984929362e+00,1.405771343226872158e-04
5.000000000000000000e+00,1.470964309539829262e+00,1.120565870485594755e-04
5.000000000000000000e+00,1.473341577570034255e+00,1.597852507647978858e-04
5.000000000000000000e+00,1.475719516059424974e+00,4.783771196705805646e-04
5.000000000000000000e+00,1.478098094240766214e+00,8.528801274607862083e-05
5.000000000000000000e+00,1.480475513315234082e+00,8.274982296328504657e-04
5.000000000000000000e+00,1.482853498523538649e+00,4.974957769328804775e-04
5.000000000000000000e+00,1.485232018414436084e+00,1.251033810083340171e-03
5.000000000000000000e+00,1.487609256426934090e+00,3.835666074191224507e-03
5.000000000000000000e+00,1.489986954141012232e+00,6.098763323537266523e-04
5.000000000000000000e+00,1.492365079420795659e+00,3.603975297789351051e-03
5.000000000000000000e+00,1.494743599912236265e+00,3.028944510694273106e-04
5.000000000000000000e+00,1.497120675253670763e+00,6.398021433184288183e-04
5.000000000000000000e+00,1.499499882482282054e+00,3.482121569036951479e-04
5.000000000000000000e+00,1.501877567244239930e+00,5.990748722611547887e-05
5.000000000000000000e+00,1.504255504071110305e+00,3.225356675361467891e-04
5.000000000000000000e+00,1.506633659486564580e+00,3.087678569162445938e-05
5.000000000000000000e+00,1.509011999795530246e+00,1.338527538087685303e-04
5.000000000000000000e+00,1.511388648673164026e+00,4.659835069639574139e-05
5.000000000000000000e+00,1.513767251004833225e+00,1.505503581758733569e-05
5.000000000000000000e+00,1.516145935822170943e+00,8.218327072907135884e-05
5.000000000000000000e+00,1.518522808709106275e+00,5.533310112648255779e-06
5.000000000000000000e+00,1.520901548735163589e+00,5.464743956999752137e-05
5.000000000000000000e+00,1.523278395355869286e+00,1.644202294470692828e-05
5.000000000000000000e+00,1.525657050519223512e+00,2.858170259574505491e-05
5.000000000000000000e+00,1.528035613106303980e+00,5.078343297417158963e-05
5.000000000000000000e+00,1.530412158368475106e+00,2.917037980843223739e-06
5.000000000000000000e+00,1.532790422710940126e+00,3.911041193420438847e-05
5.000000000000000000e+00,1.535168486814444622e+00,9.854933301454895517e-06
5.000000000000000000e+00,1.537546314356687649e+00,2.694447233340455100e-05
5.000000000000000000e+00,1.539925781434329011e+00,3.783670543041821002e-05
5.000000000000000000e+00,1.542303031922281464e+00,5.566743781250302359e-06
5.000000000000000000e+00,1.544679935578640473e+00,5.695767440913019573e-05
5.000000000000000000e+00,1.547058385603538921e+00,1.734025358593516535e-05
5.000000000000000000e+00,1.549436426059346950e+00,1.049937090063565574e-04
5.000000000000000000e+00,1.551814019337569794e+00,2.298473708638498671e-04
5.000000000000000000e+00,1.554193075854291672e+00,9.309065687145049405e-05
5.000000000000000000e+00,1.556571621252926807e+00,1.865911927933531708e-04
5.000000000000000000e+00,1.558949617294478562e+00,6.688946066332080592e-06
5.000000000000000000e+00,1.561327025522138312e+00,4.917038122667873647e-05
5.000000000000000000e+00,1.563703807261558554e+00,9.217827737671402570e-06
5.000000000000000000e+00,1.566081901784048602e+00,1.579137684733717130e-05
5.000000000000000000e+00,1.568461288012522381e+00,2.179333529952533707e-05
5.000000000000000000e+00,1.570837964304495848e+00,7.366887171269338353e-07
5.000000000000000000e+00,1.573215865533810209e+00,1.911722118122856863e-05
5.000000000000000000e+00,1.575594970075133272e+00,1.055058074237947040e-06
5.000000000000000000e+00,1.577973247821740976e+00,1.275487871233795124e-05
5.000000000000000000e+00,1.580350658646643147e+00,8.409949429096290907e-06
5.000000000000000000e+00,1.582729182648527688e+00,3.997327511245602489e-06
5.000000000000000000e+00,1.585106770971465240e+00,2.799424052920303416e-05
5.000000000000000000e+00,1.587483382861448522e+00,4.125444855233503376e-06
5.000000000000000000e+00,1.589863054736732062e+00,1.918753861073342780e-05
5.000000000000000000e+00,1.592239647623282961e+00,7.469545850611636033e-06
5.000000000000000000e+00,1.594619254564539901e+00,3.264780332580564299e-06
5.000000000000000000e+00,1.596995699582284045e+00,1.542723122403288441e-05
5.000000000000000000e+00,1.599375112011809597e+00,2.456219584308397265e-06
5.000000000000000000e+00,1.601751278763500652e+00,1.674487750764714017e-05
5.000000000000000000e+00,1.604130365570978434e+00,5.645665765429942290e-06
5.000000000000000000e+00,1.606508203736388474e+00,1.186908598326728048e-05
5.000000000000000000e+00,1.608886838448475576e+00,2.409417979877844556e-05
5.000000000000000000e+00,1.611264151472938666e+00,2.213214067709322899e-06
5.000000000000000000e+00,1.613642199950546807e+00,2.353462355142064031e-05
5.000000000000000000e+00,1.616020959246320388e+00,5.566785404029635775e-06
5.000000000000000000e+00,1.618398292022371621e+00,3.496080521779838075e-05
5.000000000000000000e+00,1.620776273428434777e+00,2.528855451903305323e-05
5.000000000000000000e+00,1.623154878309403193e+00,3.447817409038364696e-05
5.000000000000000000e+00,1.625531950142255599e+00,9.551373264276126962e-05
5.000000000000000000e+00,1.627909582167395008e+00,1.546412606805694010e-05
5.000000000000000000e+00,1.630287748709084994e+00,5.044077969561086474e-04
5.000000000000000000e+00,1.632666423928462507e+00,3.657605267015731111e-04
5.000000000000000000e+00,1.635043425604618017e+00,2.191957852217386524e-03
5.000000000000000000e+00,1.637420871234776421e+00,2.891698326726089598e-03
5.000000000000000000e+00,1.639798734458945972e+00,1.253806416500263236e-05
5.000000000000000000e+00,1.642176988753630829e+00,2.369443609882279818e-03
5.000000000000000000e+00,1.644555607431689159e+00,1.070809033446056999e-04
5.000000000000000000e+00,1.646934563642211913e+00,1.087137848118503551e-03
5.000000000000000000e+00,1.649311636354932720e+00,1.107418537422392296e-02
5.000000000000000000e+00,1.651688979741587904e+00,9.088435974109838542e-03
5.000000000000000000e+00,1.654066566429912566e+00,9.693802151096966163e-03
5.000000000000000000e+00,1.656446581917050409e+00,1.064556159195063391e-02
5.000000000000000000e+00,1.658824578794847904e+00,1.007690656275006189e-02
5.000000000000000000e+00,1.661200510123229890e+00,1.158193946866331765e-02
5.000000000000000000e+00,1.663578793016376123e+00,1.143494782320586024e-02
5.000000000000000000e+00,1.665957179889875128e+00,1.337857396142467202e-02
5.000000000000000000e+00,1.668335642387050344e+00,1.422028056828848232e-02
5.000000000000000000e+00,1.670714151986992135e+00,1.653009748083137526e-02
5.000000000000000000e+00,1.673090422268976418e+00,1.931133415034579082e-02
5.000000000000000000e+00,1.675468933430814822e+00,2.062375923905132927e-02
5.000000000000000000e+00,1.677847405138119141e+00,2.612167488799545592e-02
5.000000000000000000e+00,1.680225808213018368e+00,2.910508787279819654e-02
5.000000000000000000e+00,1.682604113313405536e+00,3.650960200076627804e-02
5.000000000000000000e+00,1.684982290932964144e+00,4.133192221015502543e-02
5.000000000000000000e+00,1.687360311401208346e+00,5.040868619672923129e-02
5.000000000000000000e+00,1.689738144883533133e+00,5.895410638995456781e-02
5.000000000000000000e+00,1.692115761381273620e+00,5.274550899626902906e-02
5.000000000000000000e+00,1.694493130731776098e+00,6.160485153179773993e-02
5.000000000000000000e+00,1.696870222608480416e+00,4.755775516149475524e-02
5.000000000000000000e+00,1.699249335401934236e+00,4.396406297362958487e-02
5.000000000000000000e+00,1.701628122620680639e+00,4.172764688787854691e-03
5.000000000000000000e+00,1.704004211532359703e+00,1.040464425718845868e-03
5.000000000000000000e+00,1.706382248516707056e+00,1.974060339800685557e-03
5.000000000000000000e+00,1.708759867047055625e+00,3.984297244075714751e-04
5.000000000000000000e+00,1.711139397425514685e+00,3.847432774233806808e-05
5.000000000000000000e+00,1.713516091596347435e+00,2.498559795318530891e-04
5.000000000000000000e+00,1.715894647708231302e+00,1.586205742127502541e-05
5.000000000000000000e+00,1.718272672423617475e+00,1.173048141129185725e-04
5.000000000000000000e+00,1.720650133828133255e+00,5.593965796223589751e-06
5.000000000000000000e+00,1.723029394364145483e+00,9.240216077608606217e-05
5.000000000000000000e+00,1.725405639360965360e+00,2.497693217854383765e-05
5.000000000000000000e+00,1.727783632085690080e+00,3.618461717080624597e-05
5.000000000000000000e+00,1.730163359864028916e+00,1.356219271579060001e-04
5.000000000000000000e+00,1.732539967848906848e+00,1.534296978425692031e-05
5.000000000000000000e+00,1.734918258608534103e+00,4.590332485406976469e-04
5.000000000000000000e+00,1.737295784744042226e+00,4.646633277407021375e-05
5.000000000000000000e+00,1.739674954091988246e+00,1.388808095434436451e-03
5.000000000000000000e+00,1.742053305661134033e+00,5.334336603319536543e-04
5.000000000000000000e+00,1.744430805976284748e+00,1.279667253848477135e-03
5.000000000000000000e+00,1.746807421400558225e+00,8.242170839880762863e-04
5.000000000000000000e+00,1.749185585906543050e+00,2.845287142553033235e-05
5.000000000000000000e+00,1.751565285671503824e+00,4.796532918436173304e-04
5.000000000000000000e+00,1.753941544332989544e+00,6.383714097180667222e-06
5.000000000000000000e+00,1.756319283347408389e+00,3.552668828916199172e-04
5.000000000000000000e+00,1.758698488506720947e+00,1.601809175000548616e-05
5.000000000000000000e+00,1.761076644056678076e+00,3.679167295298673757e-04
5.000000000000000000e+00,1.763453715291095847e+00,3.686174420609691948e-05
5.000000000000000000e+00,1.765832182308382903e+00,3.767754188323405376e-04
5.000000000000000000e+00,1.768209508663195706e+00,8.407099717517695775e-05
5.000000000000000000e+00,1.770588187717695883e+00,1.029211105527579062e-04
5.000000000000000000e+00,1.772965669196805205e+00,1.026396842639555195e-04
5.000000000000000000e+00,1.775344459763996241e+00,3.336151084929486711e-05
5.000000000000000000e+00,1.777721995276969613e+00,7.858707431340633824e-05
5.000000000000000000e+00,1.780100795737554753e+00,6.969993103793665046e-06
5.000000000000000000e+00,1.782478283099381056e+00,5.704842309633126519e-05
5.000000000000000000e+00,1.784856990739158489e+00,2.618680559462827600e-06
5.000000000000000000e+00,1.787234326670235962e+00,8.022854680365163838e-05
5.000000000000000000e+00,1.789612837680196966e+00,1.251426071015171691e-05
5.000000000000000000e+00,1.791989917806559918e+00,3.898496591920125673e-05
5.000000000000000000e+00,1.794368127283230807e+00,1.901659697471830605e-04
5.000000000000000000e+00,1.796744846137017459e+00,2.706140137006748936e-05
5.000000000000000000e+00,1.799122648083041343e+00,1.540114671278932377e-04
5.000000000000000000e+00,1.801501516697256555e+00,5.977800598496477792e-06
5.000000000000000000e+00,1.803878810935230392e+00,8.377670494082369728e-05
5.000000000000000000e+00,1.806257124818080539e+00,2.882678445939377326e-06
5.000000000000000000e+00,1.808636441567766484e+00,4.209245061062780722e-05
5.000000000000000000e+00,1.811014098981616804e+00,1.336066987115584635e-06
5.000000000000000000e+00,1.813392711472929353e+00,3.838574976475401818e-05
5.000000000000000000e+00,1.815769602679484063e+00,1.809611518699121371e-06
5.000000000000000000e+00,1.818147400644648304e+00,2.317626741151210593e-05
5.000000000000000000e+00,1.820526087986671593e+00,1.261328708769222779e-05
5.000000000000000000e+00,1.822902967052714596e+00,1.375235015108261784e-05
5.000000000000000000e+00,1.825280686410676978e+00,1.187536998281483596e-05
5.000000000000000000e+00,1.827659228322897844e+00,6.706656839492228968e-06
5.000000000000000000e+00,1.830038574944468310e+00,1.625879728099312364e-05
5.000000000000000000e+00,1.832416000112327747e+00,4.317657915875515368e-06
5.000000000000000000e+00,1.834794179900823385e+00,1.322058682265163425e-05
5.000000000000000000e+00,1.837170373825880221e+00,1.306245351247837139e-06
5.000000000000000000e+00,1.839550001086070585e+00,1.614132397330168389e-05
5.000000000000000000e+00,1.841927591628267580e+00,3.004332767747699952e-07
5.000000000000000000e+00,1.844305849176059109e+00,1.201752777045970031e-05
5.000000000000000000e+00,1.846682004518993780e+00,2.794805817761296739e-07
5.000000000000000000e+00,1.849061532876481451e+00,1.387905277578070108e-05
5.000000000000000000e+00,1.851438907171361503e+00,4.326517454353316072e-06
5.000000000000000000e+00,1.853816858923008848e+00,7.091160409681484413e-06
5.000000000000000000e+00,1.856195368998788231e+00,9.071562816254343984e-06
5.000000000000000000e+00,1.858574418157592278e+00,7.715907206743294480e-06
5.000000000000000000e+00,1.860951193835267858e+00,1.810009506765260557e-05
5.000000000000000000e+00,1.863328455497598846e+00,5.568366781052058230e-06
5.000000000000000000e+00,1.865706183545688734e+00,3.849975635112385400e-05
5.000000000000000000e+00,1.868084358271926204e+00,6.283418606415372885e-06
5.000000000000000000e+00,1.870462959859882535e+00,7.599222348025199086e-05
5.000000000000000000e+00,1.872841968384215239e+00,4.061373462126061653e-06
5.000000000000000000e+00,1.875218527602503737e+00,1.399445328434023497e-04
5.000000000000000000e+00,1.877598282584272082e+00,4.567221398372627567e-06
5.000000000000000000e+00,1.879975533445847002e+00,1.719648233057956179e-04
5.000000000000000000e+00,1.882353096003137383e+00,9.616013470080139348e-06
5.000000000000000000e+00,1.884730949754881424e+00,1.733290530677756040e-04
5.000000000000000000e+00,1.887109074090651539e+00,6.681787652254017195e-05
5.000000000000000000e+00,1.889487448290790628e+00,8.482047223612631983e-05
5.000000000000000000e+00,1.891866051526354786e+00,7.887267558526341819e-05
5.000000000000000000e+00,1.894241968814363020e+00,5.793698523139854907e-05
5.000000000000000000e+00,1.896620959922661109e+00,8.213065186371939011e-05
5.000000000000000000e+00,1.899000116913673875e+00,4.358198391964614496e-05
5.000000000000000000e+00,1.901376502634666066e+00,9.940219062987362968e-05
5.000000000000000000e+00,1.903755920179471373e+00,2.232842267543175106e-05
5.000000000000000000e+00,1.906132508977648854e+00,1.043326181387382238e-04
5.000000000000000000e+00,1.908512101096307090e+00,1.119048889586598859e-05
5.000000000000000000e+00,1.910888806516348737e+00,9.847674575977744232e-05
5.000000000000000000e+00,1.913265533887637870e+00,3.660131475372671464e-06
5.000000000000000000e+00,1.915645221064280479e+00,1.057513993025083464e-04
5.000000000000000000e+00,1.918021933723900396e+00,1.184668410095044967e-06
5.000000000000000000e+00,1.920401576683357536e+00,1.394906873250928718e-04
5.000000000000000000e+00,1.922778185987368271e+00,2.614226140452807565e-06
5.000000000000000000e+00,1.925157695683840764e+00,1.463112683017784340e-04
5.000000000000000000e+00,1.927534112112835318e+00,4.901437713490939552e-06
5.000000000000000000e+00,1.929913398624609977e+00,6.490570680410370546e-05
5.000000000000000000e+00,1.932289531783984105e+00,1.867101373491871448e-05
5.000000000000000000e+00,1.934668504313772353e+00,3.445530264071765004e-05
5.000000000000000000e+00,1.937047289244272052e+00,1.386590614652781984e-05
5.000000000000000000e+00,1.939422829809603455e+00,1.885125131051544413e-05
5.000000000000000000e+00,1.941801162930054447e+00,1.323177666447772504e-05
5.000000000000000000e+00,1.944179239057897579e+00,2.127142050510483421e-05
5.000000000000000000e+00,1.946557034846245759e+00,1.661080016772535468e-05
5.000000000000000000e+00,1.948937590416296883e+00,1.431524001283703251e-05
5.000000000000000000e+00,1.951314762526208613e+00,2.162379200354489658e-05
5.000000000000000000e+00,1.953691583608964111e+00,1.900756401112983567e-05
5.000000000000000000e+00,1.956071115926188098e+00,2.720526788589407852e-05
5.000000000000000000e+00,1.958447170997391629e+00,2.302910056109299755e-05
5.000000000000000000e+00,1.960825904438677769e+00,6.965630629312049031e-05
5.000000000000000000e+00,1.963204206118381423e+00,2.570266391296505254e-05
5.000000000000000000e+00,1.965582051840911504e+00,8.122768940358978448e-05
5.000000000000000000e+00,1.967959417301841540e+00,1.978189638431441003e-05
5.000000000000000000e+00,1.970339409318672352e+00,1.083779342244422546e-04
5.000000000000000000e+00,1.972715748465783570e+00,1.045145204433997775e-05
5.000000000000000000e+00,1.975094680156374904e+00,8.309272977867993373e-05
5.000000000000000000e+00,1.977473048443104009e+00,1.465732064230274859e-05
5.000000000000000000e+00,1.979850828500714810e+00,1.312269658787678565e-04
5.000000000000000000e+00,1.982227995395533071e+00,1.401206127336568496e-05
5.000000000000000000e+00,1.984604524085609167e+00,7.888504730963873807e-05
5.000000000000000000e+00,1.986983573776171186e+00,1.268071446446871113e-05
5.000000000000000000e+00,1.989361950099164611e+00,6.644905529299805858e-05
5.000000000000000000e+00,1.991739627709276261e+00,5.733817524066679803e-06
5.000000000000000000e+00,1.994116581153200896e+00,3.720907175801697062e-05
5.000000000000000000e+00,1.996495999787446962e+00,5.192838042438605732e-06
5.000000000000000000e+00,1.998874658345563660e+00,3.403313521638945405e-05
5.000000000000000000e+00,2.001252531070988550e+00,2.801295010457800213e-06
5.000000000000000000e+00,2.003629592099526402e+00,4.417935228222430487e-05
5.000000000000000000e+00,2.006009061087529410e+00,3.310734835363135058e-06
5.000000000000000000e+00,2.008384428391164267e+00,3.267523002785061666e-05
5.000000000000000000e+00,2.010762166794522354e+00,2.165548740453512922e-06
5.000000000000000000e+00,2.013142273146784511e+00,5.265114159854866315e-05
5.000000000000000000e+00,2.015518191284053184e+00,2.901114571748925436e-06
5.000000000000000000e+00,2.017896439964003363e+00,5.889007900343218738e-05
5.000000000000000000e+00,2.020273723858567294e+00,3.492492308191570546e-06
5.000000000000000000e+00,2.022653315995031953e+00,1.759607293598431266e-04
5.000000000000000000e+00,2.025031905392828957e+00,6.653343127085134176e-06
5.000000000000000000e+00,2.027409465173173775e+00,1.515765016936148745e-04
5.000000000000000000e+00,2.029785968350953596e+00,1.518479352273766054e-05
5.000000000000000000e+00,2.032164718651917390e+00,4.605448078926501995e-04
5.000000000000000000e+00,2.034542373648666747e+00,1.293422761553359400e-05
5.000000000000000000e+00,2.036922252485694695e+00,3.899706851803322934e-04
5.000000000000000000e+00,2.039297642718866488e+00,4.333368900015573989e-03
5.000000000000000000e+00,2.041678579620796796e+00,3.891358417691929798e-03
5.000000000000000000e+00,2.044054972850176011e+00,4.279526297721594416e-03
5.000000000000000000e+00,2.046433526721744833e+00,4.031160483059201792e-03
5.000000000000000000e+00,2.048810851376187347e+00,4.850254707200270590e-03
5.000000000000000000e+00,2.051190312403015081e+00,5.269389020919973410e-03
5.000000000000000000e+00,2.053568504069569922e+00,6.835160730624257122e-03
5.000000000000000000e+00,2.055945398294015458e+00,7.766445773643423922e-03
5.000000000000000000e+00,2.058324384012754305e+00,9.234296098124993718e-03
5.000000000000000000e+00,2.060702031599246808e+00,9.429384774420963844e-03
5.000000000000000000e+00,2.063078312672746772e+00,1.213021945908116829e-02
5.000000000000000000e+00,2.065456639593524102e+00,1.329277561304566431e-02
5.000000000000000000e+00,2.067833558764816893e+00,7.264091518035053303e-04
5.000000000000000000e+00,2.070212498216723152e+00,1.066397496039265397e-03
5.000000000000000000e+00,2.072589988335185041e+00,1.143218951454798510e-03
5.000000000000000000e+00,2.074969472860463071e+00,4.226599700780928125e-04
5.000000000000000000e+00,2.077347466120683439e+00,4.759040249740582244e-04
5.000000000000000000e+00,2.079723939049616721e+00,5.097219658136139609e-04
5.000000000000000000e+00,2.082102359006916092e+00,8.491089279607939291e-04
5.000000000000000000e+00,2.084479216156104542e+00,3.440946593498576738e-04
5.000000000000000000e+00,2.086857993654473997e+00,6.295150961024549661e-04
5.000000000000000000e+00,2.089235165520535009e+00,4.971457909788665501e-04
5.000000000000000000e+00,2.091614230747953052e+00,4.558725618907639673e-04
5.000000000000000000e+00,2.093991647171488779e+00,2.053254014191133799e-04
5.000000000000000000e+00,2.096370929659487015e+00,2.912111315333031168e-04
5.000000000000000000e+00,2.098748519824702452e+00,1.040772926934375477e-04
5.000000000000000000e+00,2.101127948448022309e+00,1.306333308490978276e-04
5.000000000000000000e+00,2.103505640882435745e+00,5.276839722452351760e-05
5.000000000000000000e+00,2.105881566995955634e+00,1.224505441882724286e-04
5.000000000000000000e+00,2.108259281488489290e+00,3.592383138434123503e-05
5.000000000000000000e+00,2.110638778281487493e+00,1.015949265343090910e-04
5.000000000000000000e+00,2.113016450109418187e+00,2.175179325727095509e-05
5.000000000000000000e+00,2.115395875701245210e+00,4.938991087544570549e-05
5.000000000000000000e+00,2.117773431421519081e+00,1.439796757667546151e-05
5.000000000000000000e+00,2.120149086564412588e+00,5.502194432651288106e-05
5.000000000000000000e+00,2.122526443941901597e+00,1.158853017118682027e-05
5.000000000000000000e+00,2.124905497063319437e+00,5.736137391937549918e-05
5.000000000000000000e+00,2.127282589459348561e+00,1.855447138443748101e-05
5.000000000000000000e+00,2.129661348130645226e+00,6.315498950379270409e-05
5.000000000000000000e+00,2.132041766401622240e+00,1.879925770889004279e-05
5.000000000000000000e+00,2.134416488630205944e+00,6.004860153110280633e-05
5.000000000000000000e+00,2.136796506809325980e+00,3.285622732126814447e-05
5.000000000000000000e+00,2.139174456954846537e+00,4.461470429412122275e-05
5.000000000000000000e+00,2.141550307510549533e+00,3.949925142677781717e-05
5.000000000000000000e+00,2.143931441358600143e+00,3.625884007387803945e-05
5.000000000000000000e+00,2.146306729584555040e+00,4.219487153876983322e-05
5.000000000000000000e+00,2.148687286870718527e+00,1.644583829025027106e-05
5.000000000000000000e+00,2.151065666753996908e+00,5.341001249033907027e-05
5.000000000000000000e+00,2.153441837210316567e+00,1.961251989480287903e-05
5.000000000000000000e+00,2.155819514621453603e+00,6.910715069314757710e-05
5.000000000000000000e+00,2.158198691568031347e+00,3.106385013633130378e-05
5.000000000000000000e+00,2.160575595509616864e+00,1.581722245553713571e-04
5.000000000000000000e+00,2.162953967401529898e+00,4.502646144847970004e-05
5.000000000000000000e+00,2.165330017974534726e+00,1.755278894803553391e-04
5.000000000000000000e+00,2.167711294571818659e+00,1.455768241543769765e-04
5.000000000000000000e+00,2.170086419534671851e+00,4.012554416664474398e-04
5.000000000000000000e+00,2.172466754975850289e+00,1.664630229008997046e-04
5.000000000000000000e+00,2.174844688110332491e+00,7.967728625643715531e-04
5.000000000000000000e+00,2.177220185986402434e+00,5.083490177625914815e-04
5.000000000000000000e+00,2.179600878863794833e+00,4.245860712956771158e-04
5.000000000000000000e+00,2.181979103711777057e+00,3.485316480077372192e-04
5.000000000000000000e+00,2.184354827302986468e+00,3.979118174484565923e-03
5.000000000000000000e+00,2.186731873089897693e+00,3.012882051631590643e-03
5.000000000000000000e+00,2.189110232802705447e+00,2.941750566468718641e-03
5.000000000000000000e+00,2.191489898121623092e+00,2.890228494708268168e-03
5.000000000000000000e+00,2.193866978681393132e+00,3.860946108959187675e-03
5.000000000000000000e+00,2.196245331200582740e+00,4.696663430202057364e-03
5.000000000000000000e+00,2.198624947167761245e+00,7.475631393730467443e-03
5.000000000000000000e+00,2.201001910734452061e+00,1.053926526749510498e-02
5.000000000000000000e+00,2.203380103664479339e+00,1.560025165769877292e-02
5.000000000000000000e+00,2.205755593071625942e+00,1.056693855723087700e-03
5.000000000000000000e+00,2.208136210091760532e+00,2.489498360521611841e-03
5.000000000000000000e+00,2.210514089066549559e+00,1.002371403654124180e-03
5.000000000000000000e+00,2.212889195676467580e+00,7.495980265154688314e-04
5.000000000000000000e+00,2.215269411685253598e+00,2.812781218221928900e-04
5.000000000000000000e+00,2.217646820369182592e+00,7.943738906196748167e-04
5.000000000000000000e+00,2.220025362245094058e+00,2.455323901166233248e-04
5.000000000000000000e+00,2.222401044539729753e+00,2.728882509086872125e-04
5.000000000000000000e+00,2.224781816787405386e+00,4.519316866789504974e-04
5.000000000000000000e+00,2.227159693927706297e+00,1.121096037574212758e-04
5.000000000000000000e+00,2.229538650259491828e+00,3.354205596703257195e-04
5.000000000000000000e+00,2.231914658585150590e+00,8.441871812004482414e-05
5.000000000000000000e+00,2.234291710139395537e+00,2.205305749863002490e-04
5.000000000000000000e+00,2.236669795394403248e+00,5.633490911658508589e-05
5.000000000000000000e+00,2.239048904770509107e+00,5.704411024533508252e-05
5.000000000000000000e+00,2.241424976510854261e+00,7.448556012587942410e-05
5.000000000000000000e+00,2.243806096568353503e+00,1.380267821188788942e-05
5.000000000000000000e+00,2.246184142332022571e+00,5.671954388591248690e-05
5.000000000000000000e+00,2.248559078140137224e+00,1.877290439843345846e-05
5.000000000000000000e+00,2.250939041398960061e+00,4.455462661137324289e-05
5.000000000000000000e+00,2.253315857608640727e+00,2.807317534265377107e-05
5.000000000000000000e+00,2.255693594709365701e+00,4.349821293790548366e-05
5.000000000000000000e+00,2.258072242628007320e+00,3.542976074141546182e-05
5.000000000000000000e+00,2.260451791238908381e+00,1.139122116317218242e-05
5.000000000000000000e+00,2.262828100482377369e+00,4.217460653303555429e-05
5.000000000000000000e+00,2.265205272630280042e+00,7.316071274538614607e-06
5.000000000000000000e+00,2.267583297361956962e+00,1.653524000341268890e-05
5.000000000000000000e+00,2.269962164303962027e+00,1.675833958068440445e-05
5.000000000000000000e+00,2.272341863029972320e+00,9.289656237766078341e-06
5.000000000000000000e+00,2.274718209664019053e+00,1.151629684241435703e-05
5.000000000000000000e+00,2.277095349600728014e+00,2.887186442927983692e-06
5.000000000000000000e+00,2.279473272218509372e+00,1.574809728218349797e-05
5.000000000000000000e+00,2.281851966842678436e+00,4.479649406302134247e-06
5.000000000000000000e+00,2.284231422745374829e+00,6.979365369131182206e-06
5.000000000000000000e+00,2.286607412008805351e+00,1.736608521375350959e-05
5.000000000000000000e+00,2.288984123377203694e+00,2.750011908770441190e-06
5.000000000000000000e+00,2.291365780618124681e+00,1.462043684391547464e-05
5.000000000000000000e+00,2.293743912168016763e+00,3.719060360949666540e-06
5.000000000000000000e+00,2.296118480612924895e+00,1.182890117555015221e-05
5.000000000000000000e+00,2.298497970634805210e+00,9.536829793356944637e-06
5.000000000000000000e+00,2.300878127611091895e+00,5.866676547701004291e-06
5.000000000000000000e+00,2.303254661586480623e+00,1.369092421127934333e-05
5.000000000000000000e+00,2.305631822391659203e+00,2.620441712016406228e-06
5.000000000000000000e+00,2.308009598693951503e+00,1.479219998524898265e-05
5.000000000000000000e+00,2.310387979106963030e+00,8.691820366380806448e-06
5.000000000000000000e+00,2.312766952190511649e+00,3.987460852986599644e-06
5.000000000000000000e+00,2.315142183405042520e+00,1.177827077362269555e-05
5.000000000000000000e+00,2.317522298400336744e+00,2.984811762022085845e-06
5.000000000000000000e+00,2.319898630583908439e+00,8.066711133939195885e-06
5.000000000000000000e+00,2.322279841038421555e+00,5.577827044532364061e-06
5.000000000000000000e+00,2.324657227477955335e+00,5.907227355399144984e-06
5.000000000000000000e+00,2.327035118932285318e+00,6.891769330761863939e-06
5.000000000000000000e+00,2.329413503549994768e+00,2.602589454975562089e-06
5.000000000000000000e+00,2.331787983991368662e+00,9.102969554256684244e-06
5.000000000000000000e+00,2.334167310210840451e+00,4.832265823713666439e-06
5.000000000000000000e+00,2.336547093703715827e+00,3.115820173595894987e-06
5.000000000000000000e+00,2.338922910089027418e+00,1.350818327773302222e-05
5.000000000000000000e+00,2.341303562883347844e+00,2.882783318176187937e-06
5.000000000000000000e+00,2.343680206292833024e+00,9.285224122992300470e-06
5.000000000000000000e+00,2.346057240367172003e+00,1.691090780597412981e-05
5.000000000000000000e+00,2.348434652788937260e+00,3.334361901377284113e-06
5.000000000000000000e+00,2.350812431186368734e+00,1.569459644357696788e-05
5.000000000000000000e+00,2.353190563133336077e+00,1.022376672907976273e-05
5.000000000000000000e+00,2.355569036149298690e+00,9.523634046315522116e-06
5.000000000000000000e+00,2.357947837699267524e+00,1.819528997135118857e-05
5.000000000000000000e+00,2.360326955193766896e+00,5.527708828862408158e-06
5.000000000000000000e+00,2.362701873503119110e+00,1.798004672576819344e-05
5.000000000000000000e+00,2.365081575825791482e+00,9.839021062090877009e-06
5.000000000000000000e+00,2.367461555987104838e+00,6.838888430309402109e-06
5.000000000000000000e+00,2.369837271457410743e+00,1.468949734870650408e-05
5.000000000000000000e+00,2.372213220904162867e+00,2.717229835959289294e-06
5.000000000000000000e+00,2.374593939286923305e+00,1.132379595798953984e-05
5.000000000000000000e+00,2.376970326898085517e+00,1.157158764172702854e-05
5.000000000000000000e+00,2.379346909490778650e+00,1.027897129792600917e-06
5.000000000000000000e+00,2.381728249229686956e+00,1.294382862683405718e-05
5.000000000000000000e+00,2.384105191535353274e+00,7.435187734248519633e-06
5.000000000000000000e+00,2.386482289336266938e+00,3.647188327036127758e-06
5.000000000000000000e+00,2.388859529357821643e+00,1.385759641393451505e-05
5.000000000000000000e+00,2.391236898270765909e+00,3.689576357811705640e-06
5.000000000000000000e+00,2.393619003764643427e+00,5.044675429536241181e-06
5.000000000000000000e+00,2.395996599438805941e+00,1.290373130539570093e-05
5.000000000000000000e+00,2.398374283698073040e+00,2.005890066140203327e-06
5.000000000000000000e+00,2.400752042994434454e+00,5.869139830052655079e-06
5.000000000000000000e+00,2.403129863725176119e+00,1.597015541047727409e-05
5.000000000000000000e+00,2.405507732232872620e+00,1.003247077435842045e-06
5.000000000000000000e+00,2.407885634805378317e+00,8.788612599622451987e-06
5.000000000000000000e+00,2.410263557675826007e+00,8.656648579134866686e-06
5.000000000000000000e+00,2.412641487022620712e+00,8.765321999569955163e-07
5.000000000000000000e+00,2.415019408969439230e+00,9.398409109354324462e-06
5.000000000000000000e+00,2.417397309585231913e+00,6.944591373984014600e-06
5.000000000000000000e+00,2.419775174884221780e+00,2.079135675122994322e-06
5.000000000000000000e+00,2.422152990825908514e+00,1.063753773249091688e-05
5.000000000000000000e+00,2.424530743315073789e+00,4.348008387660523658e-06
5.000000000000000000e+00,2.426908418201789264e+00,5.420268424771969976e-06
5.000000000000000000e+00,2.429286001281421470e+00,1.121730949216005394e-05
5.000000000000000000e+00,2.431663478294642911e+00,4.232815544485079678e-06
5.000000000000000000e+00,2.434040834927446273e+00,9.029556892791632572e-06
5.000000000000000000e+00,2.436422844634672291e+00,1.172094348999942813e-05
5.000000000000000000e+00,2.438799926692925002e+00,4.926027853083166842e-06
5.000000000000000000e+00,2.441176845109251925e+00,9.891081888695762596e-06
5.000000000000000000e+00,2.443553585351005086e+00,1.408029698438958239e-05
5.000000000000000000e+00,2.445930132830938852e+00,5.255923454459822529e-06
5.000000000000000000e+00,2.448311307568818762e+00,9.462313075811771087e-06
5.000000000000000000e+00,2.450687434933867870e+00,7.148673868866681912e-06
5.000000000000000000e+00,2.453068178922694020e+00,5.974704587275003184e-06
5.000000000000000000e+00,2.455443827201868601e+00,9.904114125588484675e-06
5.000000000000000000e+00,2.457824081285056472e+00,7.747370008515157158e-06
5.000000000000000000e+00,2.460199191070725266e+00,6.870094071489672998e-06
5.000000000000000000e+00,2.462578895654787381e+00,1.090798891396480813e-05
5.000000000000000000e+00,2.464958307733604137e+00,1.719062926337663167e-05
5.000000000000000000e+00,2.467332502158201546e+00,6.806103296743883853e-06
5.000000000000000000e+00,2.469711274537423229e+00,8.710243934945613578e-06
5.000000000000000000e+00,2.472089709077717856e+00,1.565717376213724655e-05
5.000000000000000000e+00,2.474467790561501790e+00,5.469443939520659222e-06
5.000000000000000000e+00,2.476845503716746499e+00,7.943366277267715356e-06
5.000000000000000000e+00,2.479222833217026967e+00,1.468399085548197181e-05
5.000000000000000000e+00,2.481599763681567428e+00,4.307447004982663548e-06
5.000000000000000000e+00,2.483981256237295376e+00,6.922483809421055240e-06
5.000000000000000000e+00,2.486357351796226300e+00,3.022848508050189880e-05
5.000000000000000000e+00,2.488737997498906118e+00,7.363203844781171945e-06
5.000000000000000000e+00,2.491113196007286756e+00,1.965221981339843778e-05
5.000000000000000000e+00,2.493492932524325134e+00,1.572322809612251664e-04
5.000000000000000000e+00,2.495872195725481024e+00,1.089722928161435242e-04
5.000000000000000000e+00,2.498245935968249398e+00,1.129526758132609263e-03
5.000000000000000000e+00,2.500624195678618378e+00,1.379519457350978544e-03
5.000000000000000000e+00,2.503001934687554719e+00,1.758392239665664599e-03
5.000000000000000000e+00,2.505384199785404054e+00,2.256149981920576686e-04
5.000000000000000000e+00,2.507760859244102747e+00,9.790828338944457254e-04
5.000000000000000000e+00,2.510136950143142087e+00,3.413513672753098744e-05
5.000000000000000000e+00,2.512517547981021337e+00,2.716672542048960512e-05
5.000000000000000000e+00,2.514892463148078239e+00,8.079048361668707918e-05
5.000000000000000000e+00,2.517271872260600674e+00,2.476462120396475864e-05
5.000000000000000000e+00,2.519650667552726819e+00,6.378758331488188669e-06
5.000000000000000000e+00,2.522028832766149087e+00,3.333792615692892936e-05
5.000000000000000000e+00,2.524406351588751818e+00,1.500004925256249330e-05
5.000000000000000000e+00,2.526783207654688557e+00,5.563569469230088534e-06
5.000000000000000000e+00,2.529159384544463762e+00,1.386187719726546645e-05
5.000000000000000000e+00,2.531540034735527911e+00,1.889395825856621003e-05
5.000000000000000000e+00,2.533914813502587737e+00,1.811285599827786713e-05
5.000000000000000000e+00,2.536294051902468372e+00,2.558748020534827062e-06
5.000000000000000000e+00,2.538672564369699458e+00,5.069212312877140181e-06
5.000000000000000000e+00,2.541050334235800179e+00,1.648408934632615805e-05
5.000000000000000000e+00,2.543427344778853350e+00,7.181439798290528196e-06
5.000000000000000000e+00,2.545808806606810748e+00,4.540801724917891181e-06
5.000000000000000000e+00,2.548184257884455128e+00,1.330848498369866664e-06
5.000000000000000000e+00,2.550564146289386880e+00,1.326256459503656162e-05
5.000000000000000000e+00,2.552943227520946490e+00,1.605030619907801218e-05
5.000000000000000000e+00,2.555321484608414462e+00,2.493205061074911329e-06
5.000000000000000000e+00,2.557698900527907160e+00,1.913356119505501566e-06
5.000000000000000000e+00,2.560075458202479837e+00,8.632644299980727799e-06
5.000000000000000000e+00,2.562451140502226998e+00,2.877307850220628556e-05
5.000000000000000000e+00,2.564831236037994344e+00,8.578496696326038214e-06
5.000000000000000000e+00,2.567210441454971015e+00,1.123682132171800853e-06
5.000000000000000000e+00,2.569588739480965334e+00,8.076383215962649803e-05
5.000000000000000000e+00,2.571966112790943892e+00,7.920655545812446967e-05
5.000000000000000000e+00,2.574342544007147904e+00,1.250048798938641287e-03
5.000000000000000000e+00,2.576723370808659652e+00,1.484314768630315678e-03
5.000000000000000000e+00,2.579097875367938553e+00,1.402394805739441046e-03
5.000000000000000000e+00,2.581476760275176030e+00,1.550419005992723391e-03
5.000000000000000000e+00,2.583854652848235123e+00,1.807942336090593823e-03
5.000000000000000000e+00,2.586231535461967379e+00,1.081856155287725078e-06
5.000000000000000000e+00,2.588612795081014717e+00,7.048326338635422649e-05
5.000000000000000000e+00,2.590987614612529910e+00,3.510378765490309167e-05
5.000000000000000000e+00,2.593366795512073164e+00,4.430651409982936349e-05
5.000000000000000000e+00,2.595744915317689472e+00,3.501435843598431054e-06
5.000000000000000000e+00,2.598121956157397161e+00,3.211771225204398807e-06
5.000000000000000000e+00,2.600497900107185067e+00,2.383892905071419941e-05
5.000000000000000000e+00,2.602878193565458798e+00,1.489427158658129659e-05
5.000000000000000000e+00,2.605257374095403922e+00,1.629703761714221638e-05
5.000000000000000000e+00,2.607635423630717320e+00,1.634213573355695351e-06
5.000000000000000000e+00,2.610012324053281763e+00,7.156320211943114579e-06
5.000000000000000000e+00,2.612388057193310686e+00,1.803195488161294567e-05
5.000000000000000000e+00,2.614768119240192146e+00,9.656976432166603004e-06
5.000000000000000000e+00,2.617146997564059774e+00,8.692958582011772414e-06
5.000000000000000000e+00,2.619524673852972718e+00,1.092965079441660782e-06
5.000000000000000000e+00,2.621901129743555270e+00,7.385790083598087634e-06
5.000000000000000000e+00,2.624281901432961472e+00,7.416631527135016179e-06
5.000000000000000000e+00,2.626655871285938915e+00,7.661291128688786683e-06
5.000000000000000000e+00,2.629034140094493655e+00,7.347441660934020776e-06
5.000000000000000000e+00,2.631416719546495031e+00,2.569885230023896229e-06
5.000000000000000000e+00,2.633792431410708623e+00,3.476585606760537050e-05
5.000000000000000000e+00,2.636172436860944934e+00,3.443144767460375015e-05
5.000000000000000000e+00,2.638545517161249965e+00,2.652250437799153035e-04
5.000000000000000000e+00,2.640928499105384297e+00,1.333185035741392291e-04
5.000000000000000000e+00,2.643304518349861354e+00,3.158391410913714381e-04
5.000000000000000000e+00,2.645684816809926954e+00,1.452544365854903721e-03
5.000000000000000000e+00,2.648058094547728558e+00,3.123362365304443999e-04
5.000000000000000000e+00,2.650435633945297020e+00,6.555468653445170862e-04
5.000000000000000000e+00,2.652817446491849473e+00,4.520944005412410151e-05
5.000000000000000000e+00,2.655192171178932803e+00,4.020237793455250821e-05
5.000000000000000000e+00,2.657571151243650398e+00,4.031329273799195535e-06
5.000000000000000000e+00,2.659948691486012429e+00,1.976126236671832975e-06
5.000000000000000000e+00,2.662330489570499559e+00,1.165194726473326765e-05
5.000000000000000000e+00,2.664705102769717726e+00,8.071892294371927888e-06
5.000000000000000000e+00,2.667083955729373734e+00,1.801559962247327928e-05
5.000000000000000000e+00,2.669461312276356413e+00,5.731550809271221714e-06
5.000000000000000000e+00,2.671837153036051848e+00,4.572462849307954149e-06
5.000000000000000000e+00,2.674217226595466013e+00,6.439017387260177142e-07
5.000000000000000000e+00,2.676595765975274599e+00,3.505819835713608760e-06
5.000000000000000000e+00,2.678972751659991935e+00,4.690775562228644813e-06
5.000000000000000000e+00,2.681353962923400225e+00,5.849785458901670663e-06
5.000000000000000000e+00,2.683727792746523733e+00,1.008580649590705922e-05
5.000000000000000000e+00,2.686105829445210702e+00,2.576210650353062272e-06
5.000000000000000000e+00,2.688488084212449003e+00,1.409529464629221982e-06
5.000000000000000000e+00,2.690862888123974894e+00,6.631026527238532208e-07
5.000000000000000000e+00,2.693241891183510539e+00,4.712370664316116372e-06
5.000000000000000000e+00,2.695619243808531795e+00,3.818106942333311600e-06
5.000000000000000000e+00,2.697994926104692492e+00,4.155397954881310725e-06
5.000000000000000000e+00,2.700374799530429026e+00,3.863770856091004707e-06
5.000000000000000000e+00,2.702752983395575903e+00,2.969299999804729358e-06
5.000000000000000000e+00,2.705129457665879755e+00,1.930714577346067422e-06
5.000000000000000000e+00,2.707510114782492927e+00,1.026363113158517931e-06
5.000000000000000000e+00,2.709889042854494612e+00,9.996700317672637889e-07
5.000000000000000000e+00,2.712266221707900993e+00,3.622272247110389722e-07
5.000000000000000000e+00,2.714641631120770615e+00,2.019829883856832060e-06
5.000000000000000000e+00,2.717021204959639391e+00,2.053842989285079225e-06
5.000000000000000000e+00,2.719398989596979010e+00,6.232284101172495989e-06
5.000000000000000000e+00,2.721774964671693997e+00,4.131525506753264860e-06
5.000000000000000000e+00,2.724155095219163325e+00,9.265659976189672428e-06
5.000000000000000000e+00,2.726533396224594785e+00,4.388788914897157430e-06
5.000000000000000000e+00,2.728909847187990234e+00,6.460700682636082325e-06
5.000000000000000000e+00,2.731290444402350470e+00,2.117954443997376114e-06
5.000000000000000000e+00,2.733669171376605700e+00,1.025158221501036408e-06
5.000000000000000000e+00,2.736046007472129116e+00,4.235202080189716157e-07
5.000000000000000000e+00,2.738420932003415853e+00,9.224067531166840689e-07
5.000000000000000000e+00,2.740799983049091892e+00,2.110786960790159238e-06
5.000000000000000000e+00,2.743177102021586489e+00,3.272497311542421789e-06
5.000000000000000000e+00,2.745558347964158319e+00,4.601087708891053004e-06
5.000000000000000000e+00,2.747937641197727654e+00,5.125981111399859174e-06
5.000000000000000000e+00,2.750314960807459741e+00,4.800096798648189032e-06
5.000000000000000000e+00,2.752690285832279038e+00,3.752379268400542432e-06
5.000000000000000000e+00,2.755069717329380996e+00,5.099526014449227071e-06
5.000000000000000000e+00,2.757447133295085617e+00,2.152783663630650424e-06
5.000000000000000000e+00,2.759822512631141755e+00,3.722231454010895894e-06
5.000000000000000000e+00,2.762201987996263153e+00,1.597916466623827268e-06
5.000000000000000000e+00,2.764579405566437664e+00,2.769871451288279864e-06
5.000000000000000000e+00,2.766960919131962182e+00,1.194135073209839699e-06
5.000000000000000000e+00,2.769334167959193405e+00,1.041924245802877009e-06
5.000000000000000000e+00,2.771717687672561325e+00,8.582909809603860721e-07
5.000000000000000000e+00,2.774092899949887059e+00,8.162519925545672339e-07
5.000000000000000000e+00,2.776472186575843271e+00,5.633743340724509036e-07
5.000000000000000000e+00,2.778849329813015245e+00,6.691738459212069615e-07
5.000000000000000000e+00,2.781224308154069291e+00,6.281399222736690860e-07
5.000000000000000000e+00,2.783603349577585373e+00,8.559103833632649080e-07
5.000000000000000000e+00,2.785980204283322159e+00,8.664942124039521877e-07
5.000000000000000000e+00,2.788361121540816612e+00,1.604374750871195976e-06
5.000000000000000000e+00,2.790739830130332333e+00,1.737588417532857322e-06
5.000000000000000000e+00,2.793116308318245977e+00,3.142802647058715660e-06
5.000000000000000000e+00,2.795496837376052479e+00,3.417415366757299266e-06
5.000000000000000000e+00,2.797875113863212526e+00,8.329862237492778980e-06
5.000000000000000000e+00,2.800251115911298605e+00,9.061046368383664213e-06
5.000000000000000000e+00,2.802631156870153184e+00,2.778446000724145741e-04
5.000000000000000000e+00,2.805008901002245647e+00,2.933094986343548418e-04
5.000000000000000000e+00,2.807384326304926958e+00,1.443505542937856604e-04
5.000000000000000000e+00,2.809763778281390234e+00,1.711455799217316098e-04
5.000000000000000000e+00,2.812140888822362683e+00,1.871641317708895276e-05
5.000000000000000000e+00,2.814515635791587478e+00,2.113052779419181420e-05
5.000000000000000000e+00,2.816894396919202848e+00,6.609191400912933282e-06
5.000000000000000000e+00,2.819277182391831005e+00,6.817448864341246234e-06
5.000000000000000000e+00,2.821651159259273456e+00,4.636957377586401438e-06
5.000000000000000000e+00,2.824029137518142551e+00,4.317829257551236459e-06
5.000000000000000000e+00,2.826411127293623426e+00,2.649992207473536985e-06
5.000000000000000000e+00,2.828784230557050972e+00,2.321499107035725698e-06
5.000000000000000000e+00,2.831161322165572702e+00,1.113177233799526563e-06
5.000000000000000000e+00,2.833542412182134651e+00,2.065687279384630137e-06
5.000000000000000000e+00,2.835921024016914149e+00,9.544890749014303512e-07
5.000000000000000000e+00,2.838297135088118761e+00,1.244335755438262143e-06
5.000000000000000000e+00,2.840677231205615438e+00,1.639106903463695541e-06
5.000000000000000000e+00,2.843054803040627743e+00,2.215060417524957630e-06
5.000000000000000000e+00,2.845429827880051832e+00,2.781167028378491571e-06
5.000000000000000000e+00,2.847808824123101878e+00,3.422015416648963644e-06
5.000000000000000000e+00,2.850185249634491935e+00,3.881752507120773798e-06
5.000000000000000000e+00,2.852565644594050376e+00,4.216966083190240556e-06
5.000000000000000000e+00,2.854943444955898801e+00,4.351346165782743804e-06
5.000000000000000000e+00,2.857318627786822773e+00,4.372069038310957393e-06
5.000000000000000000e+00,2.859697765996172869e+00,4.189967626103449611e-06
5.000000000000000000e+00,2.862080869472485301e+00,3.839105004606021746e-06
5.000000000000000000e+00,2.864454712355927857e+00,3.391881096474199234e-06
5.000000000000000000e+00,2.866832496293459265e+00,2.545640090660143365e-06
5.000000000000000000e+00,2.869214231107640511e+00,1.934735268939152345e-06
5.000000000000000000e+00,2.871586624881306449e+00,1.368476522350955891e-06
5.000000000000000000e+00,2.873969606985570024e+00,7.961913207601744385e-07
5.000000000000000000e+00,2.876343201527446158e+00,4.358093344848449964e-07
5.000000000000000000e+00,2.878720719985517373e+00,1.912648591868382136e-07
5.000000000000000000e+00,2.881102172098087610e+00,1.048723142832427504e-07
5.000000000000000000e+00,2.883480861554354568e+00,2.110651214204128455e-07
5.000000000000000000e+00,2.885856764896066906e+00,1.835796198213911434e-06
5.000000000000000000e+00,2.888236586815389195e+00,3.427245414529722733e-06
5.000000000000000000e+00,2.890613597715197436e+00,3.170541584400247250e-06
5.000000000000000000e+00,2.892994524384758570e+00,1.222662475133451625e-06
5.000000000000000000e+00,2.895365853522527733e+00,8.692192907763935387e-08
5.000000000000000000e+00,2.897747845885614293e+00,9.452511158480864365e-07
5.000000000000000000e+00,2.900126977032283726e+00,2.967590436159149238e-06
5.000000000000000000e+00,2.902503223200517901e+00,3.626971729842305660e-06
5.000000000000000000e+00,2.904883366561006319e+00,2.313116730085460383e-06
5.000000000000000000e+00,2.907260599562923709e+00,3.500848124503815074e-07
5.000000000000000000e+00,2.909634898318774088e+00,4.209929214925999724e-07
5.000000000000000000e+00,2.912013078324352744e+00,2.698409456767626433e-06
5.000000000000000000e+00,2.914395149104420657e+00,5.069489021683527851e-06
5.000000000000000000e+00,2.916774258379155604e+00,3.939964357222521226e-06
5.000000000000000000e+00,2.919150382085439865e+00,1.528359203211898821e-06
5.000000000000000000e+00,2.921523496123781261e+00,2.089633945846009276e-07
5.000000000000000000e+00,2.923907367138645963e+00,9.617151503778008186e-06
5.000000000000000000e+00,2.926281318344463589e+00,4.484633119870585485e-05
5.000000000000000000e+00,2.928659127554641639e+00,8.594057766764796294e-05
5.000000000000000000e+00,2.931040804181527015e+00,1.701198267023529172e-06
5.000000000000000000e+00,2.933419417291878162e+00,2.707280801838913422e-07
5.000000000000000000e+00,2.935794942524495799e+00,4.486663076647883071e-07
5.000000000000000000e+00,2.938174318344370928e+00,1.669225722429736625e-06
5.000000000000000000e+00,2.940550579959972044e+00,2.280590712700551309e-06
5.000000000000000000e+00,2.942930688311046872e+00,2.014335517315733557e-06
5.000000000000000000e+00,2.945307656001242336e+00,7.475863911083017621e-07
5.000000000000000000e+00,2.947681458460930770e+00,2.943939450255408438e-07
5.000000000000000000e+00,2.950059090390392047e+00,1.744299458079638370e-06
5.000000000000000000e+00,2.954818837778843132e+00,4.953541542239032923e-06
5.000000000000000000e+00,2.957193895793339244e+00,8.467466195910679122e-06
5.000000000000000000e+00,2.959572774981745535e+00,1.179128084536657802e-04
5.000000000000000000e+00,2.961955484573179920e+00,2.236208762493764065e-05
5.000000000000000000e+00,2.964327858985216224e+00,2.902579177114110288e-06
5.000000000000000000e+00,2.966711135514628506e+00,4.527269404242608258e-06
5.000000000000000000e+00,2.969084027002956372e+00,7.803644959341975423e-07
5.000000000000000000e+00,2.971467838945096585e+00,1.890781937954866574e-06
5.000000000000000000e+00,2.973841215813263883e+00,2.695863509861221991e-06
5.000000000000000000e+00,2.978599361758565323e+00,2.112678447843430484e-06
5.000000000000000000e+00,2.980976981837772488e+00,2.359462504842899807e-06
5.000000000000000000e+00,2.985729247336589065e+00,2.158333671994788534e-06
5.000000000000000000e+00,2.988111066655426029e+00,1.318811678650328074e-04
5.000000000000000000e+00,2.990489476071835462e+00,2.106570147242320054e-05
5.000000000000000000e+00,2.992864450213154281e+00,2.487778626015814845e-06
5.000000000000000000e+00,2.995243199646329124e+00,2.901968615807692598e-06
5.000000000000000000e+00,2.997618485893688511e+00,1.374506123428357276e-06
5.000000000000000000e+00,2.999997542427555786e+00,2.370465457476897715e-06
6.000000000000000000e+00,1.099999098890103832e+00,2.475085216392449312e-05
6.000000000000000000e+00,1.102375730712192192e+00,1.337677664742854200e-05
6.000000000000000000e+00,1.104752810646187022e+00,3.189555892881055474e-05
6.000000000000000000e+00,1.107130277917975025e+00,-1.592800538317217295e-06
6.000000000000000000e+00,1.109508071207282898e+00,-1.925786868838546501e-05
6.000000000000000000e+00,1.111886128647274319e+00,2.358670192082655087e-05
6.000000000000000000e+00,1.114264387824213776e+00,1.247138073222573822e-05
6.000000000000000000e+00,1.116642785777203883e+00,1.403314573006551294e-04
6.000000000000000000e+00,1.119021258997989765e+00,3.235575455077284722e-05
6.000000000000000000e+00,1.121399743430837814e+00,8.873086627745010893e-06
6.000000000000000000e+00,1.123778174472484626e+00,1.314651226618861101e-05
6.000000000000000000e+00,1.126156486972162973e+00,-2.976830347263009592e-05
6.000000000000000000e+00,1.128534615231699956e+00,-5.534388658929046963e-06
6.000000000000000000e+00,1.130912493005694186e+00,4.207315244589562381e-05
6.000000000000000000e+00,1.133290053501766481e+00,4.441425699271678720e-06
6.000000000000000000e+00,1.135667229380893373e+00,9.758518079520106051e-06
6.000000000000000000e+00,1.138043952757815891e+00,-8.193037974206176347e-06
6.000000000000000000e+00,1.140430645006762944e+00,-2.875006637223987954e-07
6.000000000000000000e+00,1.142806301289510440e+00,3.155174094106593134e-05
6.000000000000000000e+00,1.145181298221050525e+00,3.204564207129278298e-05
6.000000000000000000e+00,1.147555565735549843e+00,5.827896293613600547e-06
6.000000000000000000e+00,1.149939698688533074e+00,-2.377235083540532145e-06
6.000000000000000000e+00,1.152312339057216528e+00,3.281034758126806649e-07
6.000000000000000000e+00,1.154694790481869404e+00,1.560586159951300899e-05
6.000000000000000000e+00,1.157076315485336515e+00,4.451950912436644344e-05
6.000000000000000000e+00,1.159445998776818199e+00,2.977867056804369417e-06
6.000000000000000000e+00,1.161825408173174257e+00,-1.549255236631603383e-05
6.000000000000000000e+00,1.164203671776672389e+00,-1.485877091001732868e-06
6.000000000000000000e+00,1.166580715404594182e+00,1.519268597270042231e-05
6.000000000000000000e+00,1.168956464334743650e+00,9.524823231574958452e-05
6.000000000000000000e+00,1.171341909466407039e+00,3.679888180536097168e-05
6.000000000000000000e+00,1.173714887566505771e+00,6.095521523778216178e-05
6.000000000000000000e+00,1.176097499840639937e+00,4.697048764407629561e-05
6.000000000000000000e+00,1.178478603450343609e+00,-1.301661773816241920e-07
6.000000000000000000e+00,1.180846874482839759e+00,-1.393930298743383802e-05
6.000000000000000000e+00,1.183224683239016084e+00,8.881689626262655895e-06
6.000000000000000000e+00,1.185612087451950236e+00,1.505595514094750528e-05
6.000000000000000000e+00,1.187986378893309602e+00,4.207870679518187679e-05
6.000000000000000000e+00,1.190358770252602172e+00,5.527765619625720757e-06
6.000000000000000000e+00,1.192740655833151475e+00,-2.271768414231826125e-06
6.000000000000000000e+00,1.195120572508726164e+00,6.610647374510805735e-06
6.000000000000000000e+00,1.197498439510897406e+00,5.217735096744087395e-06
6.000000000000000000e+00,1.199874175544611843e+00,2.251101759349543878e-05
6.000000000000000000e+00,1.202247698790813724e+00,1.110716805706721693e-05
6.000000000000000000e+00,1.204630630988217099e+00,1.059064352919619031e-06
6.000000000000000000e+00,1.207011277581778286e+00,6.522080037842438742e-06
6.000000000000000000e+00,1.209389555328822752e+00,9.400057231380069163e-06
6.000000000000000000e+00,1.211765380466591990e+00,1.439476671101761306e-05
6.000000000000000000e+00,1.214138668715299518e+00,1.486985237692780152e-05
6.000000000000000000e+00,1.216521271556269213e+00,1.396747922280979559e-06
6.000000000000000000e+00,1.218901260673629805e+00,5.038845947562065502e-06
6.000000000000000000e+00,1.221278550366432736e+00,9.762306692008763226e-06
6.000000000000000000e+00,1.223653054421999675e+00,8.433833327492377626e-06
6.000000000000000000e+00,1.226036809853057186e+00,1.886596342385789981e-05
6.000000000000000000e+00,1.228405528858331763e+00,3.790447571633784396e-06
6.000000000000000000e+00,1.230783418372779048e+00,4.323080974067793098e-06
6.000000000000000000e+00,1.233170531755207078e+00,1.055989039270041004e-05
6.000000000000000000e+00,1.235542297137962597e+00,4.970748899539976027e-06
6.000000000000000000e+00,1.237923203366784186e+00,1.600205817752611744e-05
6.000000000000000000e+00,1.240300895663398073e+00,6.027586490608221765e-06
6.000000000000000000e+00,1.242677775014586095e+00,3.787474615201638819e-06
6.000000000000000000e+00,1.245056280032780238e+00,1.071490026240385430e-05
6.000000000000000000e+00,1.247433866845625072e+00,5.359583098491505050e-06
6.000000000000000000e+00,1.249811732522333463e+00,1.188392493420339027e-05
6.000000000000000000e+00,1.252189828228160717e+00,9.081800831630652628e-06
6.000000000000000000e+00,1.254568104745505508e+00,2.704487104527061086e-06
6.000000000000000000e+00,1.256946512473745337e+00,1.177095977260144063e-05
6.000000000000000000e+00,1.259323722316235017e+00,6.748457038326174668e-06
6.000000000000000000e+00,1.261702237295382556e+00,1.033031223397057082e-05
6.000000000000000000e+00,1.264080732375299165e+00,1.209461250054080367e-05
6.000000000000000000e+00,1.266457862776105170e+00,1.981747226904956465e-06
6.000000000000000000e+00,1.268836159410696496e+00,8.948294044358463857e-06
6.000000000000000000e+00,1.271214281587295547e+00,8.416167178284742132e-06
6.000000000000000000e+00,1.273592177023115557e+00,8.055321726501481639e-06
6.000000000000000000e+00,1.275969793052491141e+00,1.464372103345376025e-05
6.000000000000000000e+00,1.278348394676446675e+00,3.025000154979581082e-06
6.000000000000000000e+00,1.280725297271503527e+00,6.723827015206754133e-06
6.000000000000000000e+00,1.283104415923701946e+00,9.309502827779283612e-06
6.000000000000000000e+00,1.285481727588297707e+00,1.107339177932815208e-05
6.000000000000000000e+00,1.287859838407007906e+00,1.806241053420289610e-05
6.000000000000000000e+00,1.290237365594768537e+00,5.376935374326804712e-06
6.000000000000000000e+00,1.292615601494206734e+00,8.249356198201947781e-06
6.000000000000000000e+00,1.294993152720043783e+00,1.247024060043475358e-05
6.000000000000000000e+00,1.297371320810711826e+00,3.438942348155983343e-06
6.000000000000000000e+00,1.299750064295511320e+00,1.603463028560837234e-05
6.000000000000000000e+00,1.302127973832296837e+00,7.703519222551822139e-06
6.000000000000000000e+00,1.304504992295077548e+00,5.825507363542706808e-06
6.000000000000000000e+00,1.306883817274359982e+00,1.372471487944719310e-05
6.000000000000000000e+00,1.309261655848396488e+00,4.096367545973196574e-06
6.000000000000000000e+00,1.311639837390945473e+00,1.500101622357477973e-05
6.000000000000000000e+00,1.314016925775080002e+00,1.069609231802752460e-05
6.000000000000000000e+00,1.316395657391975726e+00,4.850482205945370202e-06
6.000000000000000000e+00,1.318773197764609995e+00,1.536489824547947945e-05
6.000000000000000000e+00,1.321150895014793214e+00,5.423087623894572993e-06
6.000000000000000000e+00,1.323530117170831355e+00,1.417673984576362535e-05
6.000000000000000000e+00,1.325907998417265699e+00,1.431312660091425957e-05
6.000000000000000000e+00,1.328285901053660734e+00,3.916285269120888458e-06
6.000000000000000000e+00,1.330663779257676982e+00,1.471573068172951496e-05
6.000000000000000000e+00,1.333041586878621620e+00,6.747247765479924537e-06
6.000000000000000000e+00,1.335419277437480678e+00,1.451428608143066364e-05
6.000000000000000000e+00,1.337796804126984540e+00,1.893860957909236677e-05
6.000000000000000000e+00,1.340175568438737086e+00,2.314916760249900427e-06
6.000000000000000000e+00,1.342552630798620195e+00,2.163876366004291167e-05
6.000000000000000000e+00,1.344930845832843502e+00,3.481716828009519661e-05
6.000000000000000000e+00,1.347308716820470487e+00,5.002351653418377932e-04
6.000000000000000000e+00,1.349687664603416160e+00,5.234779494611392159e-04
6.000000000000000000e+00,1.352064707084743578e+00,2.129579523378932995e-05
6.000000000000000000e+00,1.354442738914278577e+00,7.950681997680622928e-05
6.000000000000000000e+00,1.356821726285427188e+00,4.518216619382603720e-05
6.000000000000000000e+00,1.359198655024307145e+00,2.424609270545250103e-05
6.000000000000000000e+00,1.361576449996873439e+00,4.875906696933007047e-05
6.000000000000000000e+00,1.363955076519934195e+00,9.951557374539690747e-06
6.000000000000000000e+00,1.366332993909127991e+00,4.306405200859134196e-05
6.000000000000000000e+00,1.368710151197721991e+00,3.181849975425217453e-05
6.000000000000000000e+00,1.371089529547983243e+00,1.672451954731858306e-05
6.000000000000000000e+00,1.373466544440631543e+00,5.455753754710740525e-05
6.000000000000000000e+00,1.375844181692285284e+00,1.278887747250141988e-05
6.000000000000000000e+00,1.378222404895539377e+00,3.742154283841896335e-05
6.000000000000000000e+00,1.380601177370847310e+00,4.167851974159653177e-05
6.000000000000000000e+00,1.382978919523796035e+00,1.772643396169820213e-06
6.000000000000000000e+00,1.385357126148375695e+00,6.018861776173408827e-05
6.000000000000000000e+00,1.387734206447297503e+00,1.752337800894188504e-05
6.000000000000000000e+00,1.390113223827786459e+00,5.212738928445136491e-05
6.000000000000000000e+00,1.392491028330698821e+00,8.550242618452452931e-05
6.000000000000000000e+00,1.394869134848162107e+00,3.824778632005030305e-06
6.000000000000000000e+00,1.397245930094993760e+00,7.298727638150696590e-05
6.000000000000000000e+00,1.399624519051433369e+00,3.011859590444210578e-05
6.000000000000000000e+00,1.402003293241485871e+00,5.426906554300001465e-05
6.000000000000000000e+00,1.404380622437389370e+00,7.186538644647604685e-05
6.000000000000000000e+00,1.406758046866900980e+00,6.375534881655490838e-06
6.000000000000000000e+00,1.409137128030744313e+00,1.147894627302382698e-04
6.000000000000000000e+00,1.411514627924003840e+00,5.068219634364122918e-05
6.000000000000000000e+00,1.413892102100584580e+00,1.136703109487118755e-04
6.000000000000000000e+00,1.416271127497783944e+00,3.570077207806660611e-04
6.000000000000000000e+00,1.418648432802419590e+00,8.097413818536072447e-06
6.000000000000000000e+00,1.421025588977857357e+00,1.752104389500439539e-04
6.000000000000000000e+00,1.423404188478144317e+00,1.115974571862873724e-04
6.000000000000000000e+00,1.425782566128521500e+00,3.007053395228417685e-04
6.000000000000000000e+00,1.428160679720647197e+00,4.008994897744905749e-04
6.000000000000000000e+00,1.430538486772758411e+00,1.523520954859046895e-05
6.000000000000000000e+00,1.432915944529842500e+00,2.328894516400207941e-03
6.000000000000000000e+00,1.435294671521053944e+00,6.946494215449766640e-03
6.000000000000000000e+00,1.437671306838161023e+00,7.579214132489582589e-03
6.000000000000000000e+00,1.440050808136397853e+00,4.885548956186509285e-03
6.000000000000000000e+00,1.442428130388856866e+00,9.988199324102626370e-03
6.000000000000000000e+00,1.444806580222042447e+00,1.088135239078183783e-02
6.000000000000000000e+00,1.447184440705151953e+00,1.308476703533053946e-02
6.000000000000000000e+00,1.449561667222405870e+00,1.564501964585203464e-02
6.000000000000000000e+00,1.451939915205273879e+00,1.954928513690046624e-02
6.000000000000000000e+00,1.454317450317589300e+00,2.765384398472648525e-02
6.000000000000000000e+00,1.456695938627691200e+00,4.298744662186083226e-02
6.000000000000000000e+00,1.459073634158916555e+00,7.494736576671429118e-02
6.000000000000000000e+00,1.461452213653828158e+00,2.209100796061532271e-02
6.000000000000000000e+00,1.463829919457844797e+00,1.431936179922754966e-02
6.000000000000000000e+00,1.466208439024566657e+00,2.124418953566268101e-02
6.000000000000000000e+00,1.468586002984929362e+00,2.695313062438775553e-02
6.000000000000000000e+00,1.470964309539829262e+00,3.543103911385676874e-02
6.000000000000000000e+00,1.473341577570034255e+00,4.585356890595072843e-02
6.000000000000000000e+00,1.475719516059424974e+00,6.137592671333159944e-02
6.000000000000000000e+00,1.478098094240766214e+00,8.915229540825518606e-02
6.000000000000000000e+00,1.480475513315234082e+00,1.336263821744553271e-01
6.000000000000000000e+00,1.482853498523538649e+00,2.224791923222842471e-01
6.000000000000000000e+00,1.485232018414436084e+00,3.951780559699464845e-01
6.000000000000000000e+00,1.487609256426934090e+00,6.971405095187792611e-01
6.000000000000000000e+00,1.489986954141012232e+00,8.407615708881651662e-01
6.000000000000000000e+00,1.492365079420795659e+00,5.169557957363126732e-01
6.000000000000000000e+00,1.494743599912236265e+00,2.716893756078353483e-01
6.000000000000000000e+00,1.497120675253670763e+00,1.503611245714700506e-01
6.000000000000000000e+00,1.499499882482282054e+00,9.563324637610215451e-02
6.000000000000000000e+00,1.501877567244239930e+00,7.315480837501463218e-02
6.000000000000000000e+00,1.504255504071110305e+00,4.292546462896726367e-02
6.000000000000000000e+00,1.506633659486564580e+00,2.578492923559269970e-02
6.000000000000000000e+00,1.509011999795530246e+00,1.986553651728541550e-02
6.000000000000000000e+00,1.511388648673164026e+00,1.603189662434966606e-02
6.000000000000000000e+00,1.513767251004833225e+00,1.352125953729777647e-02
6.000000000000000000e+00,1.516145935822170943e+00,1.112340547558860783e-02
6.000000000000000000e+00,1.518522808709106275e+00,1.004844067720257056e-02
6.000000000000000000e+00,1.520901548735163589e+00,8.983330851171471287e-03
6.000000000000000000e+00,1.523278395355869286e+00,8.510832383737466575e-03
6.000000000000000000e+00,1.525657050519223512e+00,8.094280679710840268e-03
6.000000000000000000e+00,1.528035613106303980e+00,7.590481657109816697e-03
6.000000000000000000e+00,1.530412158368475106e+00,8.329040233758111186e-03
6.000000000000000000e+00,1.532790422710940126e+00,8.253570077864874274e-03
6.000000000000000000e+00,1.535168486814444622e+00,9.808778683439283233e-03
6.000000000000000000e+00,1.537546314356687649e+00,7.238851043987093621e-04
6.000000000000000000e+00,1.539925781434329011e+00,6.316979981434261461e-03
6.000000000000000000e+00,1.542303031922281464e+00,3.085598916004435115e-04
6.000000000000000000e+00,1.544679935578640473e+00,1.119360692859096501e-03
6.000000000000000000e+00,1.547058385603538921e+00,4.945969811712786976e-04
6.000000000000000000e+00,1.549436426059346950e+00,1.768055118007447494e-03
6.000000000000000000e+00,1.551814019337569794e+00,5.827702396354031769e-03
6.000000000000000000e+00,1.554193075854291672e+00,8.264950074195625846e-04
6.000000000000000000e+00,1.556571621252926807e+00,2.345859502075096827e-03
6.000000000000000000e+00,1.558949617294478562e+00,1.356830345825467280e-04
6.000000000000000000e+00,1.561327025522138312e+00,2.088821471603755705e-04
6.000000000000000000e+00,1.563703807261558554e+00,6.127953363831079362e-05
6.000000000000000000e+00,1.566081901784048602e+00,5.559345150730159976e-05
6.000000000000000000e+00,1.568461288012522381e+00,7.873259445162222208e-05
6.000000000000000000e+00,1.570837964304495848e+00,1.483892315231224816e-06
6.000000000000000000e+00,1.573215865533810209e+00,3.791062917502807119e-05
6.000000000000000000e+00,1.575594970075133272e+00,5.469114914529871168e-06
6.000000000000000000e+00,1.577973247821740976e+00,1.936918866670180592e-05
6.000000000000000000e+00,1.580350658646643147e+00,1.140197531771739497e-05
6.000000000000000000e+00,1.582729182648527688e+00,6.224044644672055201e-06
6.000000000000000000e+00,1.585106770971465240e+00,3.117359593065766629e-05
6.000000000000000000e+00,1.587483382861448522e+00,5.026238894956791581e-06
6.000000000000000000e+00,1.589863054736732062e+00,1.695167485119017942e-05
6.000000000000000000e+00,1.592239647623282961e+00,9.491500893794543428e-06
6.000000000000000000e+00,1.594619254564539901e+00,4.402129542426046957e-06
6.000000000000000000e+00,1.596995699582284045e+00,1.551828257392390492e-05
6.000000000000000000e+00,1.599375112011809597e+00,3.604451456261712058e-06
6.000000000000000000e+00,1.601751278763500652e+00,1.447016343659013198e-05
6.000000000000000000e+00,1.604130365570978434e+00,6.617282190436582091e-06
6.000000000000000000e+00,1.606508203736388474e+00,8.886747611423220853e-06
6.000000000000000000e+00,1.608886838448475576e+00,1.418710552348320085e-05
6.000000000000000000e+00,1.611264151472938666e+00,4.762890821209381689e-06
6.000000000000000000e+00,1.613642199950546807e+00,1.471445251624581533e-05
6.000000000000000000e+00,1.616020959246320388e+00,7.610734671436357408e-06
6.000000000000000000e+00,1.618398292022371621e+00,1.285848695569018533e-05
6.000000000000000000e+00,1.620776273428434777e+00,1.736384382143550212e-05
6.000000000000000000e+00,1.623154878309403193e+00,1.137216671486910186e-05
6.000000000000000000e+00,1.625531950142255599e+00,3.455083813833125309e-05
6.000000000000000000e+00,1.627909582167395008e+00,1.799596352858121452e-05
6.000000000000000000e+00,1.630287748709084994e+00,8.729963073912186682e-05
6.000000000000000000e+00,1.632666423928462507e+00,1.376471107287109415e-04
6.000000000000000000e+00,1.635043425604618017e+00,3.297594474632178983e-04
6.000000000000000000e+00,1.637420871234776421e+00,3.529297798097193834e-04
6.000000000000000000e+00,1.639798734458945972e+00,2.847189601190563759e-05
6.000000000000000000e+00,1.642176988753630829e+00,1.617131287301183228e-04
6.000000000000000000e+00,1.644555607431689159e+00,3.751256103088828692e-05
6.000000000000000000e+00,1.646934563642211913e+00,1.211010812141639795e-04
6.000000000000000000e+00,1.649311636354932720e+00,6.504901788678002245e-05
6.000000000000000000e+00,1.651688979741587904e+00,8.288327379133229704e-05
6.000000000000000000e+00,1.654066566429912566e+00,1.039676418819370635e-04
6.000000000000000000e+00,1.656446581917050409e+00,1.813951568653588987e-05
6.000000000000000000e+00,1.658824578794847904e+00,1.945167598748341088e-04
6.000000000000000000e+00,1.661200510123229890e+00,4.574647399268131216e-05
6.000000000000000000e+00,1.663578793016376123e+00,2.691700403195295614e-04
6.000000000000000000e+00,1.665957179889875128e+00,1.278123963084820593e-04
6.000000000000000000e+00,1.668335642387050344e+00,2.657688180935649990e-04
6.000000000000000000e+00,1.670714151986992135e+00,2.739906173125560506e-04
6.000000000000000000e+00,1.673090422268976418e+00,4.665529160296688404e-05
6.000000000000000000e+00,1.675468933430814822e+00,8.236545978361614877e-04
6.000000000000000000e+00,1.677847405138119141e+00,1.327950909824084070e-04
6.000000000000000000e+00,1.680225808213018368e+00,1.082516476957698110e-03
6.000000000000000000e+00,1.682604113313405536e+00,5.512711586005246281e-04
6.000000000000000000e+00,1.684982290932964144e+00,1.774513721056165429e-03
6.000000000000000000e+00,1.687360311401208346e+00,1.714282386117777206e-03
6.000000000000000000e+00,1.689738144883533133e+00,2.694634974578131743e-04
6.000000000000000000e+00,1.692115761381273620e+00,9.586235570951156387e-03
6.000000000000000000e+00,1.694493130731776098e+00,5.975764514047416558e-04
6.000000000000000000e+00,1.696870222608480416e+00,7.150882440683953636e-03
6.000000000000000000e+00,1.699249335401934236e+00,1.261375542577227848e-03
6.000000000000000000e+00,1.701628122620680639e+00,3.003157470127280557e-02
6.000000000000000000e+00,1.704004211532359703e+00,2.466718729892975609e-02
6.000000000000000000e+00,1.706382248516707056e+00,1.634670453901813231e-02
6.000000000000000000e+00,1.708759867047055625e+00,1.265487429299627653e-02
6.000000000000000000e+00,1.711139397425514685e+00,9.126635709059510021e-03
6.000000000000000000e+00,1.713516091596347435e+00,6.119689110232265361e-03
6.000000000000000000e+00,1.715894647708231302e+00,4.077398070613182275e-03
6.000000000000000000e+00,1.718272672423617475e+00,2.702621861035064531e-03
6.000000000000000000e+00,1.720650133828133255e+00,1.590115705492189209e-03
6.000000000000000000e+00,1.723029394364145483e+00,1.258382712924110318e-03
6.000000000000000000e+00,1.725405639360965360e+00,1.223570798261799973e-03
6.000000000000000000e+00,1.727783632085690080e+00,2.350046210163498316e-03
6.000000000000000000e+00,1.730163359864028916e+00,4.962963436409608027e-03
6.000000000000000000e+00,1.732539967848906848e+00,1.155583522436868377e-02
6.000000000000000000e+00,1.734918258608534103e+00,2.580062028784923731e-02
6.000000000000000000e+00,1.737295784744042226e+00,6.601304903808027924e-02
6.000000000000000000e+00,1.739674954091988246e+00,1.529519962890312779e-01
6.000000000000000000e+00,1.742053305661134033e+00,2.416978650108612958e-01
6.000000000000000000e+00,1.744430805976284748e+00,1.907529972595249645e-01
6.000000000000000000e+00,1.746807421400558225e+00,1.227323552374518789e-01
6.000000000000000000e+00,1.749185585906543050e+00,8.947430832188926764e-02
6.000000000000000000e+00,1.751565285671503824e+00,6.593053028311156305e-02
6.000000000000000000e+00,1.753941544332989544e+00,5.839690258089296621e-02
6.000000000000000000e+00,1.756319283347408389e+00,5.160056502669521650e-02
6.000000000000000000e+00,1.758698488506720947e+00,5.228889990291342438e-02
6.000000000000000000e+00,1.761076644056678076e+00,5.280186112146734168e-02
6.000000000000000000e+00,1.763453715291095847e+00,5.694639386226570815e-02
6.000000000000000000e+00,1.765832182308382903e+00,5.543973637775242297e-02
6.000000000000000000e+00,1.768209508663195706e+00,4.316926796130234056e-02
6.000000000000000000e+00,1.770588187717695883e+00,2.489004743887365464e-02
6.000000000000000000e+00,1.772965669196805205e+00,1.090295954090341086e-02
6.000000000000000000e+00,1.775344459763996241e+00,4.920872367745140509e-03
6.000000000000000000e+00,1.777721995276969613e+00,2.597902585824869541e-03
6.000000000000000000e+00,1.780100795737554753e+00,2.457582325735805772e-03
6.000000000000000000e+00,1.782478283099381056e+00,3.629178105586453908e-03
6.000000000000000000e+00,1.784856990739158489e+00,6.294674551794342092e-03
6.000000000000000000e+00,1.787234326670235962e+00,1.095459265719561474e-02
6.000000000000000000e+00,1.789612837680196966e+00,2.133121760271874945e-02
6.000000000000000000e+00,1.791989917806559918e+00,4.476956295920175855e-02
6.000000000000000000e+00,1.794368127283230807e+00,1.060206589320699007e-02
6.000000000000000000e+00,1.796744846137017459e+00,1.882360043090246455e-04
6.000000000000000000e+00,1.799122648083041343e+00,1.208583892425590597e-02
6.000000000000000000e+00,1.801501516697256555e+00,4.240366526444481186e-04
6.000000000000000000e+00,1.803878810935230392e+00,1.319472226186977270e-03
6.000000000000000000e+00,1.806257124818080539e+00,9.985044568046042002e-05
6.000000000000000000e+00,1.808636441567766484e+00,6.156326944807642004e-04
6.000000000000000000e+00,1.811014098981616804e+00,4.686211691182434416e-05
6.000000000000000000e+00,1.813392711472929353e+00,1.972351053117395040e-04
6.000000000000000000e+00,1.815769602679484063e+00,4.959604641474807326e-05
6.000000000000000000e+00,1.818147400644648304e+00,1.248589471768218005e-04
6.000000000000000000e+00,1.820526087986671593e+00,8.406895466727173081e-05
6.000000000000000000e+00,1.822902967052714596e+00,2.171469941810854899e-05
6.000000000000000000e+00,1.825280686410676978e+00,7.466590706055342176e-05
6.000000000000000000e+00,1.827659228322897844e+00,1.221202359577469492e-05
6.000000000000000000e+00,1.830038574944468310e+00,5.276036195952160321e-05
6.000000000000000000e+00,1.832416000112327747e+00,5.590224525940372791e-06
6.000000000000000000e+00,1.834794179900823385e+00,5.176255607339680522e-05
6.000000000000000000e+00,1.837170373825880221e+00,2.133767415456675558e-06
6.000000000000000000e+00,1.839550001086070585e+00,4.213813851108145180e-05
6.000000000000000000e+00,1.841927591628267580e+00,1.941044814354707608e-06
6.000000000000000000e+00,1.844305849176059109e+00,3.884828032748070207e-05
6.000000000000000000e+00,1.846682004518993780e+00,4.489241764331353813e-06
6.000000000000000000e+00,1.849061532876481451e+00,4.150258497797714710e-05
6.000000000000000000e+00,1.851438907171361503e+00,4.388204287631447564e-05
6.000000000000000000e+00,1.853816858923008848e+00,1.589937676224357699e-05
6.000000000000000000e+00,1.856195368998788231e+00,6.970802917290883018e-05
6.000000000000000000e+00,1.858574418157592278e+00,1.183441573595202919e-05
6.000000000000000000e+00,1.860951193835267858e+00,1.473808364786759184e-04
6.000000000000000000e+00,1.863328455497598846e+00,9.238137041860547904e-06
6.000000000000000000e+00,1.865706183545688734e+00,2.307690484128991498e-04
6.000000000000000000e+00,1.868084358271926204e+00,1.089936161448098097e-05
6.000000000000000000e+00,1.870462959859882535e+00,3.927852377400612945e-04
6.000000000000000000e+00,1.872841968384215239e+00,2.602363411318051091e-05
6.000000000000000000e+00,1.875218527602503737e+00,6.648738512331626950e-04
6.000000000000000000e+00,1.877598282584272082e+00,7.525631834158762754e-05
6.000000000000000000e+00,1.879975533445847002e+00,7.610803373575751683e-04
6.000000000000000000e+00,1.882353096003137383e+00,1.246740947135274865e-04
6.000000000000000000e+00,1.884730949754881424e+00,7.069787551083377619e-04
6.000000000000000000e+00,1.887109074090651539e+00,4.786142334340754366e-04
6.000000000000000000e+00,1.889487448290790628e+00,1.988154481876445220e-04
6.000000000000000000e+00,1.891866051526354786e+00,4.629163211863478200e-04
6.000000000000000000e+00,1.894241968814363020e+00,1.174590006047919206e-04
6.000000000000000000e+00,1.896620959922661109e+00,4.082295134837587384e-04
6.000000000000000000e+00,1.899000116913673875e+00,7.110341329385042356e-05
6.000000000000000000e+00,1.901376502634666066e+00,4.315650438269649173e-04
6.000000000000000000e+00,1.903755920179471373e+00,4.241991709692159935e-05
6.000000000000000000e+00,1.906132508977648854e+00,4.174186276380047406e-04
6.000000000000000000e+00,1.908512101096307090e+00,1.484019205738971658e-05
6.000000000000000000e+00,1.910888806516348737e+00,4.201180903865822571e-04
6.000000000000000000e+00,1.913265533887637870e+00,8.711300593851920181e-06
6.000000000000000000e+00,1.915645221064280479e+00,4.426071484540184189e-04
6.000000000000000000e+00,1.918021933723900396e+00,1.887239502639056381e-05
6.000000000000000000e+00,1.920401576683357536e+00,4.784617362894664203e-04
6.000000000000000000e+00,1.922778185987368271e+00,3.890960035653294311e-05
6.000000000000000000e+00,1.925157695683840764e+00,5.406918595459375091e-04
6.000000000000000000e+00,1.927534112112835318e+00,4.448276523424955482e-05
6.000000000000000000e+00,1.929913398624609977e+00,2.568963060235677077e-04
6.000000000000000000e+00,1.932289531783984105e+00,9.692062590683048846e-05
6.000000000000000000e+00,1.934668504313772353e+00,8.373483553339604638e-05
6.000000000000000000e+00,1.937047289244272052e+00,5.329170743857048782e-05
6.000000000000000000e+00,1.939422829809603455e+00,5.874435307511861984e-05
6.000000000000000000e+00,1.941801162930054447e+00,5.458831141341053425e-05
6.000000000000000000e+00,1.944179239057897579e+00,4.753442249433122353e-05
6.000000000000000000e+00,1.946557034846245759e+00,5.885963884132408612e-05
6.000000000000000000e+00,1.948937590416296883e+00,4.243958560599448739e-05
6.000000000000000000e+00,1.951314762526208613e+00,9.347781288461407207e-05
6.000000000000000000e+00,1.953691583608964111e+00,3.632254161106258071e-05
6.000000000000000000e+00,1.956071115926188098e+00,1.465801817508961217e-04
6.000000000000000000e+00,1.958447170997391629e+00,4.208349481588066933e-05
6.000000000000000000e+00,1.960825904438677769e+00,2.878405224995923481e-04
6.000000000000000000e+00,1.963204206118381423e+00,3.780632712807625856e-05
6.000000000000000000e+00,1.965582051840911504e+00,4.316535764547190781e-04
6.000000000000000000e+00,1.967959417301841540e+00,2.748590421949744284e-05
6.000000000000000000e+00,1.970339409318672352e+00,3.687729366957597605e-04
6.000000000000000000e+00,1.972715748465783570e+00,1.808442395538679992e-05
6.000000000000000000e+00,1.975094680156374904e+00,3.838196673011209687e-04
6.000000000000000000e+00,1.977473048443104009e+00,1.693846915052686107e-05
6.000000000000000000e+00,1.979850828500714810e+00,3.397881967214160057e-04
6.000000000000000000e+00,1.982227995395533071e+00,2.206179622914915321e-05
6.000000000000000000e+00,1.984604524085609167e+00,2.663930241655895824e-04
6.000000000000000000e+00,1.986983573776171186e+00,1.425683581591825532e-05
6.000000000000000000e+00,1.989361950099164611e+00,1.440513398483193744e-04
6.000000000000000000e+00,1.991739627709276261e+00,9.786315873899710023e-06
6.000000000000000000e+00,1.994116581153200896e+00,1.146580371813290324e-04
6.000000000000000000e+00,1.996495999787446962e+00,5.404642491183559634e-06
6.000000000000000000e+00,1.998874658345563660e+00,9.626385677972284865e-05
6.000000000000000000e+00,2.001252531070988550e+00,4.014900490904068933e-06
6.000000000000000000e+00,2.003629592099526402e+00,7.770245412420526338e-05
6.000000000000000000e+00,2.006009061087529410e+00,2.830393144157566496e-06
6.000000000000000000e+00,2.008384428391164267e+00,8.114570307856359965e-05
6.000000000000000000e+00,2.010762166794522354e+00,2.535799974041387771e-06
6.000000000000000000e+00,2.013142273146784511e+00,6.884315457598186132e-05
6.000000000000000000e+00,2.015518191284053184e+00,2.254020456838056538e-06
6.000000000000000000e+00,2.017896439964003363e+00,7.955467230996283274e-05
6.000000000000000000e+00,2.020273723858567294e+00,1.942689055090729776e-06
6.000000000000000000e+00,2.022653315995031953e+00,8.981792064928197311e-05
6.000000000000000000e+00,2.025031905392828957e+00,2.479973733746152468e-06
6.000000000000000000e+00,2.027409465173173775e+00,1.208731391085302162e-04
6.000000000000000000e+00,2.029785968350953596e+00,1.888534553223778782e-06
6.000000000000000000e+00,2.032164718651917390e+00,1.110599504166146260e-04
6.000000000000000000e+00,2.034542373648666747e+00,2.610526741132076313e-06
6.000000000000000000e+00,2.036922252485694695e+00,1.186843555186297170e-04
6.000000000000000000e+00,2.039297642718866488e+00,3.578023288728678803e-06
6.000000000000000000e+00,2.041678579620796796e+00,1.422562170534288071e-04
6.000000000000000000e+00,2.044054972850176011e+00,6.333366964830984444e-06
6.000000000000000000e+00,2.046433526721744833e+00,1.228651148643152132e-04
6.000000000000000000e+00,2.048810851376187347e+00,7.875898529142481437e-06
6.000000000000000000e+00,2.051190312403015081e+00,1.954915946488987549e-04
6.000000000000000000e+00,2.053568504069569922e+00,2.087309812866751287e-05
6.000000000000000000e+00,2.055945398294015458e+00,2.565806293745122096e-04
6.000000000000000000e+00,2.058324384012754305e+00,9.694298861011446124e-05
6.000000000000000000e+00,2.060702031599246808e+00,9.060795799650321180e-04
6.000000000000000000e+00,2.063078312672746772e+00,1.502290297077495400e-04
6.000000000000000000e+00,2.065456639593524102e+00,1.218663927373469505e-03
6.000000000000000000e+00,2.067833558764816893e+00,1.690767768080009281e-02
6.000000000000000000e+00,2.070212498216723152e+00,1.924527319926085805e-02
6.000000000000000000e+00,2.072589988335185041e+00,2.275294429659212303e-02
6.000000000000000000e+00,2.074969472860463071e+00,2.710220030535647265e-02
6.000000000000000000e+00,2.077347466120683439e+00,3.245268705446641144e-02
6.000000000000000000e+00,2.079723939049616721e+00,3.872285685675756067e-02
6.000000000000000000e+00,2.082102359006916092e+00,4.766970832524263652e-02
6.000000000000000000e+00,2.084479216156104542e+00,5.902351026238281118e-02
6.000000000000000000e+00,2.086857993654473997e+00,7.132550282749179626e-02
6.000000000000000000e+00,2.089235165520535009e+00,8.061860862520055238e-02
6.000000000000000000e+00,2.091614230747953052e+00,7.913964273893953072e-02
6.000000000000000000e+00,2.093991647171488779e+00,6.649812544532665570e-02
6.000000000000000000e+00,2.096370929659487015e+00,4.768418269320386094e-02
6.000000000000000000e+00,2.098748519824702452e+00,3.366121269384633741e-02
6.000000000000000000e+00,2.101127948448022309e+00,2.322526021632655840e-02
6.000000000000000000e+00,2.103505640882435745e+00,1.852630309234341507e-02
6.000000000000000000e+00,2.105881566995955634e+00,1.574614487014055000e-02
6.000000000000000000e+00,2.108259281488489290e+00,1.570267564980518116e-02
6.000000000000000000e+00,2.110638778281487493e+00,1.465228743786599168e-02
6.000000000000000000e+00,2.113016450109418187e+00,1.400004939017557119e-02
6.000000000000000000e+00,2.115395875701245210e+00,1.168844204650391731e-02
6.000000000000000000e+00,2.117773431421519081e+00,1.003658138685726599e-02
6.000000000000000000e+00,2.120149086564412588e+00,8.048477418153409529e-03
6.000000000000000000e+00,2.122526443941901597e+00,6.953873292895973272e-03
6.000000000000000000e+00,2.124905497063319437e+00,6.350004626115743692e-03
6.000000000000000000e+00,2.127282589459348561e+00,7.123069036311603132e-03
6.000000000000000000e+00,2.129661348130645226e+00,8.634985647265893197e-03
6.000000000000000000e+00,2.132041766401622240e+00,1.091949010726938826e-02
6.000000000000000000e+00,2.134416488630205944e+00,1.184862560599369598e-02
6.000000000000000000e+00,2.136796506809325980e+00,1.345403528247420509e-02
6.000000000000000000e+00,2.139174456954846537e+00,1.266395471161615993e-02
6.000000000000000000e+00,2.141550307510549533e+00,8.932889319434747597e-04
6.000000000000000000e+00,2.143931441358600143e+00,8.009102003432869371e-04
6.000000000000000000e+00,2.146306729584555040e+00,5.994257610989289992e-04
6.000000000000000000e+00,2.148687286870718527e+00,7.705576418334185006e-05
6.000000000000000000e+00,2.151065666753996908e+00,1.667639959773875883e-04
6.000000000000000000e+00,2.153441837210316567e+00,4.064826126325907506e-05
6.000000000000000000e+00,2.155819514621453603e+00,1.348897430451551245e-04
6.000000000000000000e+00,2.158198691568031347e+00,3.135475077960088805e-05
6.000000000000000000e+00,2.160575595509616864e+00,2.107574598096813258e-04
6.000000000000000000e+00,2.162953967401529898e+00,5.024180149311626971e-05
6.000000000000000000e+00,2.165330017974534726e+00,2.705911769402262359e-04
6.000000000000000000e+00,2.167711294571818659e+00,9.743578525560822319e-05
6.000000000000000000e+00,2.170086419534671851e+00,2.612266802226550404e-04
6.000000000000000000e+00,2.172466754975850289e+00,1.459888141064176676e-04
6.000000000000000000e+00,2.174844688110332491e+00,2.092066870712962895e-04
6.000000000000000000e+00,2.177220185986402434e+00,1.403364945307099135e-04
6.000000000000000000e+00,2.179600878863794833e+00,8.117817527289388304e-05
6.000000000000000000e+00,2.181979103711777057e+00,1.192881105855556870e-04
6.000000000000000000e+00,2.184354827302986468e+00,4.354686576222102125e-05
6.000000000000000000e+00,2.186731873089897693e+00,7.525171523998885989e-05
6.000000000000000000e+00,2.189110232802705447e+00,3.776102094443719052e-05
6.000000000000000000e+00,2.191489898121623092e+00,1.157573236844469720e-04
6.000000000000000000e+00,2.193866978681393132e+00,7.685102356510788634e-05
6.000000000000000000e+00,2.196245331200582740e+00,3.997400369752767270e-04
6.000000000000000000e+00,2.198624947167761245e+00,4.603871426741207090e-04
6.000000000000000000e+00,2.201001910734452061e+00,8.044379667417612652e-04
6.000000000000000000e+00,2.203380103664479339e+00,1.258795141512016567e-03
6.000000000000000000e+00,2.205755593071625942e+00,2.120087408425680095e-02
6.000000000000000000e+00,2.208136210091760532e+00,2.536215981974440647e-02
6.000000000000000000e+00,2.210514089066549559e+00,3.064163774822285108e-02
6.000000000000000000e+00,2.212889195676467580e+00,3.195126855700886059e-02
6.000000000000000000e+00,2.215269411685253598e+00,3.677710473927978813e-02
6.000000000000000000e+00,2.217646820369182592e+00,3.895598689806144960e-02
6.000000000000000000e+00,2.220025362245094058e+00,4.568228502204978864e-02
6.000000000000000000e+00,2.222401044539729753e+00,4.826452051442341185e-02
6.000000000000000000e+00,2.224781816787405386e+00,5.079672721307308680e-02
6.000000000000000000e+00,2.227159693927706297e+00,4.955982821874842237e-02
6.000000000000000000e+00,2.229538650259491828e+00,4.507023998903428308e-02
6.000000000000000000e+00,2.231914658585150590e+00,4.024884657705778829e-02
6.000000000000000000e+00,2.234291710139395537e+00,3.000412606124227416e-02
6.000000000000000000e+00,2.236669795394403248e+00,2.272195518605674494e-02
6.000000000000000000e+00,2.239048904770509107e+00,1.618943400702547997e-02
6.000000000000000000e+00,2.241424976510854261e+00,1.381354767663387807e-02
6.000000000000000000e+00,2.243806096568353503e+00,1.329709365291818594e-02
6.000000000000000000e+00,2.246184142332022571e+00,1.537676112238468319e-02
6.000000000000000000e+00,2.248559078140137224e+00,1.854961178977877767e-02
6.000000000000000000e+00,2.250939041398960061e+00,2.104405102934965924e-02
6.000000000000000000e+00,2.253315857608640727e+00,2.451910691865101868e-02
6.000000000000000000e+00,2.255693594709365701e+00,2.418532573362922738e-02
6.000000000000000000e+00,2.258072242628007320e+00,2.423694204815602174e-02
6.000000000000000000e+00,2.260451791238908381e+00,2.193133948235102479e-02
6.000000000000000000e+00,2.262828100482377369e+00,1.863243532392492435e-02
6.000000000000000000e+00,2.265205272630280042e+00,1.775215834912617988e-02
6.000000000000000000e+00,2.267583297361956962e+00,1.441078005357410846e-02
6.000000000000000000e+00,2.269962164303962027e+00,7.505106061067678795e-04
6.000000000000000000e+00,2.272341863029972320e+00,8.034192965171997776e-04
6.000000000000000000e+00,2.274718209664019053e+00,7.808959461003104913e-04
6.000000000000000000e+00,2.277095349600728014e+00,1.121599127415421861e-04
6.000000000000000000e+00,2.279473272218509372e+00,1.727500545059287396e-04
6.000000000000000000e+00,2.281851966842678436e+00,5.581737915086589999e-05
6.000000000000000000e+00,2.284231422745374829e+00,9.848263933368486670e-05
6.000000000000000000e+00,2.286607412008805351e+00,7.445343907904173437e-05
6.000000000000000000e+00,2.288984123377203694e+00,7.654882272095336177e-05
6.000000000000000000e+00,2.291365780618124681e+00,1.037797195122603701e-04
6.000000000000000000e+00,2.293743912168016763e+00,3.601578089550539727e-05
6.000000000000000000e+00,2.296118480612924895e+00,1.361361149171291427e-04
6.000000000000000000e+00,2.298497970634805210e+00,5.591691947428469966e-05
6.000000000000000000e+00,2.300878127611091895e+00,5.930504159351003085e-05
6.000000000000000000e+00,2.303254661586480623e+00,1.100855449544576453e-04
6.000000000000000000e+00,2.305631822391659203e+00,2.733610486450882768e-05
6.000000000000000000e+00,2.308009598693951503e+00,9.462033132231142279e-05
6.000000000000000000e+00,2.310387979106963030e+00,5.701545292098218146e-05
6.000000000000000000e+00,2.312766952190511649e+00,4.696812144159116662e-05
6.000000000000000000e+00,2.315142183405042520e+00,7.128476698052018225e-05
6.000000000000000000e+00,2.317522298400336744e+00,3.461089315587100138e-05
6.000000000000000000e+00,2.319898630583908439e+00,7.080665395612744913e-05
6.000000000000000000e+00,2.322279841038421555e+00,3.415185148529908396e-05
6.000000000000000000e+00,2.324657227477955335e+00,4.133023867278445666e-05
6.000000000000000000e+00,2.327035118932285318e+00,4.230448759191321586e-05
6.000000000000000000e+00,2.329413503549994768e+00,2.021641139353528357e-05
6.000000000000000000e+00,2.331787983991368662e+00,4.533499092533158000e-05
6.000000000000000000e+00,2.334167310210840451e+00,2.262171539122111817e-05
6.000000000000000000e+00,2.336547093703715827e+00,2.484059378008942096e-05
6.000000000000000000e+00,2.338922910089027418e+00,4.717225445568016775e-05
6.000000000000000000e+00,2.341303562883347844e+00,1.833302345980508463e-05
6.000000000000000000e+00,2.343680206292833024e+00,5.676525329697783696e-05
6.000000000000000000e+00,2.346057240367172003e+00,4.900277188317595677e-05
6.000000000000000000e+00,2.348434652788937260e+00,2.889849219107298005e-05
6.000000000000000000e+00,2.350812431186368734e+00,9.039728264552359912e-05
6.000000000000000000e+00,2.353190563133336077e+00,2.872128917973419335e-05
6.000000000000000000e+00,2.355569036149298690e+00,6.423695394798996383e-05
6.000000000000000000e+00,2.357947837699267524e+00,7.905894957023484881e-05
6.000000000000000000e+00,2.360326955193766896e+00,2.736944669132909954e-05
6.000000000000000000e+00,2.362701873503119110e+00,8.621150599366721840e-05
6.000000000000000000e+00,2.365081575825791482e+00,4.458354817669098701e-05
6.000000000000000000e+00,2.367461555987104838e+00,3.340863717836734946e-05
6.000000000000000000e+00,2.369837271457410743e+00,7.099377425305155383e-05
6.000000000000000000e+00,2.372213220904162867e+00,1.042319177801327135e-05
6.000000000000000000e+00,2.374593939286923305e+00,4.073122973841978938e-05
6.000000000000000000e+00,2.376970326898085517e+00,4.685072730361526254e-05
6.000000000000000000e+00,2.379346909490778650e+00,7.626955728286895472e-06
6.000000000000000000e+00,2.381728249229686956e+00,6.113202996427038734e-05
6.000000000000000000e+00,2.384105191535353274e+00,2.550938245884162441e-05
6.000000000000000000e+00,2.386482289336266938e+00,2.005410026855811986e-05
6.000000000000000000e+00,2.388859529357821643e+00,5.832257909432281631e-05
6.000000000000000000e+00,2.391236898270765909e+00,1.248064028832840570e-05
6.000000000000000000e+00,2.393619003764643427e+00,2.528384818114534264e-05
6.000000000000000000e+00,2.395996599438805941e+00,4.914396857831049271e-05
6.000000000000000000e+00,2.398374283698073040e+00,6.902688639669562576e-06
6.000000000000000000e+00,2.400752042994434454e+00,2.796771982778678851e-05
6.000000000000000000e+00,2.403129863725176119e+00,3.536605039954456367e-05
6.000000000000000000e+00,2.405507732232872620e+00,3.781125983240726781e-06
6.000000000000000000e+00,2.407885634805378317e+00,3.758969926071852421e-05
6.000000000000000000e+00,2.410263557675826007e+00,3.378878915788255106e-05
6.000000000000000000e+00,2.412641487022620712e+00,4.484581484638603950e-06
6.000000000000000000e+00,2.415019408969439230e+00,4.265336067117113784e-05
6.000000000000000000e+00,2.417397309585231913e+00,2.638489708911018747e-05
6.000000000000000000e+00,2.419775174884221780e+00,1.051161578799957941e-05
6.000000000000000000e+00,2.422152990825908514e+00,4.655215920625592344e-05
6.000000000000000000e+00,2.424530743315073789e+00,1.600458857610604016e-05
6.000000000000000000e+00,2.426908418201789264e+00,2.387781074783239328e-05
6.000000000000000000e+00,2.429286001281421470e+00,4.614346386041671331e-05
6.000000000000000000e+00,2.431663478294642911e+00,1.641101333311966888e-05
6.000000000000000000e+00,2.434040834927446273e+00,3.868386685631784228e-05
6.000000000000000000e+00,2.436422844634672291e+00,4.101454432688902052e-05
6.000000000000000000e+00,2.438799926692925002e+00,1.894490159487045779e-05
6.000000000000000000e+00,2.441176845109251925e+00,4.028383125008138218e-05
6.000000000000000000e+00,2.443553585351005086e+00,4.402625625159497754e-05
6.000000000000000000e+00,2.445930132830938852e+00,1.918519465930649965e-05
6.000000000000000000e+00,2.448311307568818762e+00,3.550321823440346454e-05
6.000000000000000000e+00,2.450687434933867870e+00,5.579845050327660711e-05
6.000000000000000000e+00,2.453068178922694020e+00,2.051855410178348831e-05
6.000000000000000000e+00,2.455443827201868601e+00,3.247904147997704449e-05
6.000000000000000000e+00,2.457824081285056472e+00,5.714376403515394236e-05
6.000000000000000000e+00,2.460199191070725266e+00,2.222237717369194898e-05
6.000000000000000000e+00,2.462578895654787381e+00,2.663201416853112341e-05
6.000000000000000000e+00,2.464958307733604137e+00,5.381350770923471513e-05
6.000000000000000000e+00,2.467332502158201546e+00,2.094555179276082646e-05
6.000000000000000000e+00,2.469711274537423229e+00,2.088626132332858676e-05
6.000000000000000000e+00,2.472089709077717856e+00,4.239763378779024222e-05
6.000000000000000000e+00,2.474467790561501790e+00,1.612771377642323079e-05
6.000000000000000000e+00,2.476845503716746499e+00,1.546956704926410179e-05
6.000000000000000000e+00,2.479222833217026967e+00,2.954775029023272751e-05
6.000000000000000000e+00,2.481599763681567428e+00,1.170013328651875077e-05
6.000000000000000000e+00,2.483981256237295376e+00,1.806383052495417153e-05
6.000000000000000000e+00,2.486357351796226300e+00,2.809844356209594557e-05
6.000000000000000000e+00,2.488737997498906118e+00,1.103413424072805918e-05
6.000000000000000000e+00,2.491113196007286756e+00,2.625140359185845681e-05
6.000000000000000000e+00,2.493492932524325134e+00,4.738821701032874134e-05
6.000000000000000000e+00,2.495872195725481024e+00,2.029947084089734786e-05
6.000000000000000000e+00,2.498245935968249398e+00,5.302432960890703475e-05
6.000000000000000000e+00,2.500624195678618378e+00,1.195028852666845114e-04
6.000000000000000000e+00,2.503001934687554719e+00,4.781207662301887234e-05
6.000000000000000000e+00,2.505384199785404054e+00,1.774015932432155889e-03
6.000000000000000000e+00,2.507760859244102747e+00,1.097005577722914285e-03
6.000000000000000000e+00,2.510136950143142087e+00,2.200634087969242925e-03
6.000000000000000000e+00,2.512517547981021337e+00,2.251331533620090902e-03
6.000000000000000000e+00,2.514892463148078239e+00,2.122693965085231931e-03
6.000000000000000000e+00,2.517271872260600674e+00,2.222855351030859038e-03
6.000000000000000000e+00,2.519650667552726819e+00,2.237086304845777637e-03
6.000000000000000000e+00,2.522028832766149087e+00,2.158527544965561321e-03
6.000000000000000000e+00,2.524406351588751818e+00,2.281951344081543150e-03
6.000000000000000000e+00,2.526783207654688557e+00,2.408383413965925826e-03
6.000000000000000000e+00,2.529159384544463762e+00,2.426500760566672413e-03
6.000000000000000000e+00,2.531540034735527911e+00,2.535958909066248976e-03
6.000000000000000000e+00,2.533914813502587737e+00,2.631439458663108102e-03
6.000000000000000000e+00,2.536294051902468372e+00,2.587103771148806155e-03
6.000000000000000000e+00,2.538672564369699458e+00,2.405789496639926858e-03
6.000000000000000000e+00,2.541050334235800179e+00,2.294832031678307668e-03
6.000000000000000000e+00,2.543427344778853350e+00,2.221962150703300602e-03
6.000000000000000000e+00,2.545808806606810748e+00,2.009223835752318131e-03
6.000000000000000000e+00,2.548184257884455128e+00,1.783123722444610168e-03
6.000000000000000000e+00,2.550564146289386880e+00,1.134930609477388620e-03
6.000000000000000000e+00,2.552943227520946490e+00,1.579548486275995445e-03
6.000000000000000000e+00,2.555321484608414462e+00,1.934164861632027598e-04
6.000000000000000000e+00,2.557698900527907160e+00,6.382467583863318979e-05
6.000000000000000000e+00,2.560075458202479837e+00,1.536456353365475561e-04
6.000000000000000000e+00,2.562451140502226998e+00,6.484378041517967998e-05
6.000000000000000000e+00,2.564831236037994344e+00,2.369539667613708675e-05
6.000000000000000000e+00,2.567210441454971015e+00,4.384924678844584608e-05
6.000000000000000000e+00,2.569588739480965334e+00,8.570739280917911616e-05
6.000000000000000000e+00,2.571966112790943892e+00,9.959252160442643093e-05
6.000000000000000000e+00,2.574342544007147904e+00,2.409190541433414099e-05
6.000000000000000000e+00,2.576723370808659652e+00,3.374324220069621757e-05
6.000000000000000000e+00,2.579097875367938553e+00,1.987762029939878661e-04
6.000000000000000000e+00,2.581476760275176030e+00,1.818485792685627751e-04
6.000000000000000000e+00,2.583854652848235123e+00,4.538277205581995775e-05
6.000000000000000000e+00,2.586231535461967379e+00,1.948125099420758505e-03
6.000000000000000000e+00,2.588612795081014717e+00,1.915208850868478814e-03
6.000000000000000000e+00,2.590987614612529910e+00,1.960726294518987198e-03
6.000000000000000000e+00,2.593366795512073164e+00,1.993571603978182543e-03
6.000000000000000000e+00,2.595744915317689472e+00,2.065670686010995759e-03
6.000000000000000000e+00,2.598121956157397161e+00,2.084693260244904495e-03
6.000000000000000000e+00,2.600497900107185067e+00,2.067896529197238605e-03
6.000000000000000000e+00,2.602878193565458798e+00,2.067914829631015486e-03
6.000000000000000000e+00,2.605257374095403922e+00,2.071957704619877775e-03
6.000000000000000000e+00,2.607635423630717320e+00,2.021077080808234266e-03
6.000000000000000000e+00,2.610012324053281763e+00,1.870527678265971033e-03
6.000000000000000000e+00,2.612388057193310686e+00,1.687026792032093447e-03
6.000000000000000000e+00,2.614768119240192146e+00,1.512330152486808434e-03
6.000000000000000000e+00,2.617146997564059774e+00,1.370164720644172478e-03
6.000000000000000000e+00,2.619524673852972718e+00,1.225397734216004649e-03
6.000000000000000000e+00,2.621901129743555270e+00,1.069103793290105764e-03
6.000000000000000000e+00,2.624281901432961472e+00,1.005368524245151603e-03
6.000000000000000000e+00,2.626655871285938915e+00,1.197389220016545331e-04
6.000000000000000000e+00,2.629034140094493655e+00,2.370272597208833353e-05
6.000000000000000000e+00,2.631416719546495031e+00,7.370205326025701750e-06
6.000000000000000000e+00,2.633792431410708623e+00,4.859079485710275203e-05
6.000000000000000000e+00,2.636172436860944934e+00,7.481277235526229423e-05
6.000000000000000000e+00,2.638545517161249965e+00,5.496585201623283457e-05
6.000000000000000000e+00,2.640928499105384297e+00,2.470734350639029988e-05
6.000000000000000000e+00,2.643304518349861354e+00,1.691365151199300841e-05
6.000000000000000000e+00,2.645684816809926954e+00,4.013941283333040389e-05
6.000000000000000000e+00,2.648058094547728558e+00,1.205935694105909027e-03
6.000000000000000000e+00,2.650435633945297020e+00,9.065623438435433442e-04
6.000000000000000000e+00,2.652817446491849473e+00,1.451481494495037491e-03
6.000000000000000000e+00,2.655192171178932803e+00,1.438732172215683412e-03
6.000000000000000000e+00,2.657571151243650398e+00,1.435142229670738736e-03
6.000000000000000000e+00,2.659948691486012429e+00,1.448856369642205185e-03
6.000000000000000000e+00,2.662330489570499559e+00,1.430922945982521536e-03
6.000000000000000000e+00,2.664705102769717726e+00,1.424009925344064129e-03
6.000000000000000000e+00,2.667083955729373734e+00,1.392098887143189672e-03
6.000000000000000000e+00,2.669461312276356413e+00,1.411310005303436548e-03
6.000000000000000000e+00,2.671837153036051848e+00,1.445854841573430190e-03
6.000000000000000000e+00,2.674217226595466013e+00,1.479645933937725252e-03
6.000000000000000000e+00,2.676595765975274599e+00,1.534368621885616717e-03
6.000000000000000000e+00,2.678972751659991935e+00,1.489285841306225988e-03
6.000000000000000000e+00,2.681353962923400225e+00,1.503981378435295842e-03
6.000000000000000000e+00,2.683727792746523733e+00,1.238347628952377044e-03
6.000000000000000000e+00,2.686105829445210702e+00,1.486056074912038083e-03
6.000000000000000000e+00,2.688488084212449003e+00,1.352227339295354299e-03
6.000000000000000000e+00,2.690862888123974894e+00,2.300844911356527715e-05
6.000000000000000000e+00,2.693241891183510539e+00,6.680915147500634263e-05
6.000000000000000000e+00,2.695619243808531795e+00,5.569891572286553099e-05
6.000000000000000000e+00,2.697994926104692492e+00,6.224102506426078230e-05
6.000000000000000000e+00,2.700374799530429026e+00,4.413425222519158707e-05
6.000000000000000000e+00,2.702752983395575903e+00,3.521546749730044125e-05
6.000000000000000000e+00,2.705129457665879755e+00,1.913573935422963640e-05
6.000000000000000000e+00,2.707510114782492927e+00,1.155517888237229912e-05
6.000000000000000000e+00,2.709889042854494612e+00,5.351890650318910575e-06
6.000000000000000000e+00,2.712266221707900993e+00,5.390921225266917596e-06
6.000000000000000000e+00,2.714641631120770615e+00,1.021510569770749491e-05
6.000000000000000000e+00,2.717021204959639391e+00,2.108613045688319528e-05
6.000000000000000000e+00,2.719398989596979010e+00,2.433750127752223880e-05
6.000000000000000000e+00,2.721774964671693997e+00,3.515389204264045893e-05
6.000000000000000000e+00,2.724155095219163325e+00,3.280833218057041236e-05
6.000000000000000000e+00,2.726533396224594785e+00,3.326751051348346172e-05
6.000000000000000000e+00,2.728909847187990234e+00,2.081725996107006621e-05
6.000000000000000000e+00,2.731290444402350470e+00,1.463422199687472432e-05
6.000000000000000000e+00,2.733669171376605700e+00,5.800873023929940417e-06
6.000000000000000000e+00,2.736046007472129116e+00,3.288931559447142970e-06
6.000000000000000000e+00,2.738420932003415853e+00,8.777588733315810446e-06
6.000000000000000000e+00,2.740799983049091892e+00,1.733276337253634888e-05
6.000000000000000000e+00,2.743177102021586489e+00,2.812913258812634832e-05
6.000000000000000000e+00,2.745558347964158319e+00,3.507413965267815111e-05
6.000000000000000000e+00,2.747937641197727654e+00,3.864407030061341208e-05
6.000000000000000000e+00,2.750314960807459741e+00,3.363857272602194796e-05
6.000000000000000000e+00,2.752690285832279038e+00,2.551574479606594215e-05
6.000000000000000000e+00,2.755069717329380996e+00,1.387666977404760357e-05
6.000000000000000000e+00,2.757447133295085617e+00,1.354165173266911549e-05
6.000000000000000000e+00,2.759822512631141755e+00,9.793866333381168323e-06
6.000000000000000000e+00,2.762201987996263153e+00,9.637035361829442682e-06
6.000000000000000000e+00,2.764579405566437664e+00,6.885054190877963625e-06
6.000000000000000000e+00,2.766960919131962182e+00,6.701017699671332715e-06
6.000000000000000000e+00,2.769334167959193405e+00,5.664174536734274942e-06
6.000000000000000000e+00,2.771717687672561325e+00,4.548544166700743650e-06
6.000000000000000000e+00,2.774092899949887059e+00,3.926180372508207217e-06
6.000000000000000000e+00,2.776472186575843271e+00,2.279278069002086555e-06
6.000000000000000000e+00,2.778849329813015245e+00,2.554742874005215355e-06
6.000000000000000000e+00,2.781224308154069291e+00,2.131545935159750967e-06
6.000000000000000000e+00,2.783603349577585373e+00,2.780826128331878980e-06
6.000000000000000000e+00,2.785980204283322159e+00,2.696697066514483681e-06
6.000000000000000000e+00,2.788361121540816612e+00,4.008717744614577713e-06
6.000000000000000000e+00,2.790739830130332333e+00,4.132484021921727050e-06
6.000000000000000000e+00,2.793116308318245977e+00,6.828330846777521822e-06
6.000000000000000000e+00,2.795496837376052479e+00,7.265672842269701335e-06
6.000000000000000000e+00,2.797875113863212526e+00,1.228634278684238908e-05
6.000000000000000000e+00,2.800251115911298605e+00,1.285244699318587680e-05
6.000000000000000000e+00,2.802631156870153184e+00,3.189463891063744593e-05
6.000000000000000000e+00,2.805008901002245647e+00,3.382132586274508583e-05
6.000000000000000000e+00,2.807384326304926958e+00,3.456916427912894553e-04
6.000000000000000000e+00,2.809763778281390234e+00,3.614994341583845257e-04
6.000000000000000000e+00,2.812140888822362683e+00,5.800444738038895058e-04
6.000000000000000000e+00,2.814515635791587478e+00,6.277049861979277709e-04
6.000000000000000000e+00,2.816894396919202848e+00,7.045406150589291622e-04
6.000000000000000000e+00,2.819277182391831005e+00,7.552277594883122181e-04
6.000000000000000000e+00,2.821651159259273456e+00,8.163985637569564540e-04
6.000000000000000000e+00,2.824029137518142551e+00,8.649851836874724318e-04
6.000000000000000000e+00,2.826411127293623426e+00,9.133985263044502693e-04
6.000000000000000000e+00,2.828784230557050972e+00,9.646273968395031179e-04
6.000000000000000000e+00,2.831161322165572702e+00,9.905900969369506141e-04
6.000000000000000000e+00,2.833542412182134651e+00,1.031798804183060208e-03
6.000000000000000000e+00,2.835921024016914149e+00,1.699771394296979059e-04
6.000000000000000000e+00,2.838297135088118761e+00,1.543641251263461482e-04
6.000000000000000000e+00,2.840677231205615438e+00,2.301910472311008448e-05
6.000000000000000000e+00,2.843054803040627743e+00,2.706360188659819735e-05
6.000000000000000000e+00,2.845429827880051832e+00,2.071084543223081779e-05
6.000000000000000000e+00,2.847808824123101878e+00,2.717626013110031714e-05
6.000000000000000000e+00,2.850185249634491935e+00,2.427971801409542773e-05
6.000000000000000000e+00,2.852565644594050376e+00,2.593646271770395971e-05
6.000000000000000000e+00,2.854943444955898801e+00,2.738961071495560817e-05
6.000000000000000000e+00,2.857318627786822773e+00,2.712035608050137947e-05
6.000000000000000000e+00,2.859697765996172869e+00,2.665331078093536999e-05
6.000000000000000000e+00,2.862080869472485301e+00,2.459946733554032518e-05
6.000000000000000000e+00,2.864454712355927857e+00,2.571070428274706721e-05
6.000000000000000000e+00,2.866832496293459265e+00,1.741780263042043913e-05
6.000000000000000000e+00,2.869214231107640511e+00,1.604625786541681977e-05
6.000000000000000000e+00,2.871586624881306449e+00,9.958448836766625736e-06
6.000000000000000000e+00,2.873969606985570024e+00,6.482654664670089110e-06
6.000000000000000000e+00,2.876343201527446158e+00,4.141454232257745418e-06
6.000000000000000000e+00,2.878720719985517373e+00,2.016039031128234936e-06
6.000000000000000000e+00,2.881102172098087610e+00,1.207363725488556209e-06
6.000000000000000000e+00,2.883480861554354568e+00,1.148026193560265176e-06
6.000000000000000000e+00,2.885856764896066906e+00,9.634458867579111146e-06
6.000000000000000000e+00,2.888236586815389195e+00,1.897415745783078230e-05
6.000000000000000000e+00,2.890613597715197436e+00,1.879816755020730887e-05
6.000000000000000000e+00,2.892994524384758570e+00,8.179742061215142783e-06
6.000000000000000000e+00,2.895365853522527733e+00,8.633954275452136116e-07
6.000000000000000000e+00,2.897747845885614293e+00,4.829932897607677026e-06
6.000000000000000000e+00,2.900126977032283726e+00,1.557572169330802229e-05
6.000000000000000000e+00,2.902503223200517901e+00,2.003582167638342804e-05
6.000000000000000000e+00,2.904883366561006319e+00,1.393911754022308706e-05
6.000000000000000000e+00,2.907260599562923709e+00,2.640211103417322419e-06
6.000000000000000000e+00,2.909634898318774088e+00,1.598096149784508049e-06
6.000000000000000000e+00,2.912013078324352744e+00,1.246944076719065162e-05
6.000000000000000000e+00,2.914395149104420657e+00,2.223049341519614780e-05
6.000000000000000000e+00,2.916774258379155604e+00,1.956167406779490601e-05
6.000000000000000000e+00,2.919150382085439865e+00,7.054377236035854661e-06
6.000000000000000000e+00,2.921523496123781261e+00,5.315159547703286858e-07
6.000000000000000000e+00,2.923907367138645963e+00,8.937564394795587553e-06
6.000000000000000000e+00,2.926281318344463589e+00,6.262227165919105750e-05
6.000000000000000000e+00,2.928659127554641639e+00,3.577266693326813584e-05
6.000000000000000000e+00,2.931040804181527015e+00,1.270121929857825969e-04
6.000000000000000000e+00,2.933419417291878162e+00,1.188089916565543625e-04
6.000000000000000000e+00,2.935794942524495799e+00,1.172816238631685539e-04
6.000000000000000000e+00,2.938174318344370928e+00,1.288704980062342100e-04
6.000000000000000000e+00,2.940550579959972044e+00,1.414503257504515926e-04
6.000000000000000000e+00,2.942930688311046872e+00,1.600517892194569883e-04
6.000000000000000000e+00,2.945307656001242336e+00,1.581315674243117413e-04
6.000000000000000000e+00,2.947681458460930770e+00,1.513195325683228218e-04
6.000000000000000000e+00,2.950059090390392047e+00,1.319133935526427270e-04
6.000000000000000000e+00,2.952440561063782720e+00,1.600148190778837818e-05
6.000000000000000000e+00,2.954818837778843132e+00,9.469421671687306959e-06
6.000000000000000000e+00,2.957193895793339244e+00,4.250196797663726239e-06
6.000000000000000000e+00,2.959572774981745535e+00,1.216381113678105118e-04
6.000000000000000000e+00,2.961955484573179920e+00,2.285118851265261722e-04
6.000000000000000000e+00,2.964327858985216224e+00,2.513517358826525294e-04
6.000000000000000000e+00,2.966711135514628506e+00,2.474684319710423065e-04
6.000000000000000000e+00,2.969084027002956372e+00,2.529811938998574833e-04
6.000000000000000000e+00,2.971467838945096585e+00,2.544281221942628572e-04
6.000000000000000000e+00,2.973841215813263883e+00,2.444647775253562289e-04
6.000000000000000000e+00,2.976218387048926051e+00,2.495560242277291511e-04
6.000000000000000000e+00,2.978599361758565323e+00,2.482024641517695837e-04
6.000000000000000000e+00,2.980976981837772488e+00,9.903031920753104585e-05
6.000000000000000000e+00,2.983351222083469256e+00,6.748665304343980713e-06
6.000000000000000000e+00,2.985729247336589065e+00,1.264083163196400844e-05
6.000000000000000000e+00,2.988111066655426029e+00,1.657190087743418253e-05
6.000000000000000000e+00,2.990489476071835462e+00,1.260599087235142772e-04
6.000000000000000000e+00,2.992864450213154281e+00,1.662285542789892242e-04
6.000000000000000000e+00,2.995243199646329124e+00,1.585007583858593510e-04
6.000000000000000000e+00,2.997618485893688511e+00,1.583156648977162217e-04
6.000000000000000000e+00,2.999997542427555786e+00,1.756208105028837232e-04
7.000000000000000000e+00,1.111886128647274319e+00,3.578659441515689621e-06
7.000000000000000000e+00,1.114264387824213776e+00,1.058812291598029337e-06
7.000000000000000000e+00,1.116642785777203883e+00,1.760227436386380703e-05
7.000000000000000000e+00,1.119021258997989765e+00,2.222823364946984710e-06
7.000000000000000000e+00,1.121399743430837814e+00,8.255456742873253893e-07
7.000000000000000000e+00,1.123778174472484626e+00,4.151781056342848970e-06
7.000000000000000000e+00,1.126156486972162973e+00,-1.076412183575082917e-05
7.000000000000000000e+00,1.128534615231699956e+00,-9.783279589924414030e-07
7.000000000000000000e+00,1.130912493005694186e+00,1.252265313389088353e-05
7.000000000000000000e+00,1.133290053501766481e+00,1.129028285481081169e-06
7.000000000000000000e+00,1.135667229380893373e+00,1.752802877484869749e-06
7.000000000000000000e+00,1.138043952757815891e+00,-2.507377831687136066e-06
7.000000000000000000e+00,1.140430645006762944e+00,-4.504377935999708438e-08
7.000000000000000000e+00,1.142806301289510440e+00,1.404196996471411852e-05
7.000000000000000000e+00,1.145181298221050525e+00,1.620873581345676985e-05
7.000000000000000000e+00,1.147555565735549843e+00,1.387562249704179806e-06
7.000000000000000000e+00,1.149939698688533074e+00,-1.493034613401345625e-06
7.000000000000000000e+00,1.152312339057216528e+00,9.930434052775710230e-08
7.000000000000000000e+00,1.154694790481869404e+00,5.018759258944759729e-06
7.000000000000000000e+00,1.157076315485336515e+00,2.794086134173764697e-05
7.000000000000000000e+00,1.159445998776818199e+00,1.228545003660466375e-06
7.000000000000000000e+00,1.161825408173174257e+00,-1.109963955058101050e-05
7.000000000000000000e+00,1.164203671776672389e+00,-1.292922314966849770e-06
7.000000000000000000e+00,1.166580715404594182e+00,7.201503887891481653e-06
7.000000000000000000e+00,1.168956464334743650e+00,7.885085692273270240e-05
7.000000000000000000e+00,1.171341909466407039e+00,3.538157365410175208e-05
7.000000000000000000e+00,1.173714887566505771e+00,1.183005368397768042e-05
7.000000000000000000e+00,1.176097499840639937e+00,5.414767062350672033e-05
7.000000000000000000e+00,1.178478603450343609e+00,-6.178557864216381402e-08
7.000000000000000000e+00,1.180846874482839759e+00,-7.307684913588095976e-06
7.000000000000000000e+00,1.183224683239016084e+00,1.242426128222709943e-05
7.000000000000000000e+00,1.185612087451950236e+00,8.535595270626607930e-06
7.000000000000000000e+00,1.187986378893309602e+00,4.786149095104889987e-05
7.000000000000000000e+00,1.190358770252602172e+00,1.101793046913030277e-05
7.000000000000000000e+00,1.192740655833151475e+00,-1.535514159350936089e-06
7.000000000000000000e+00,1.195120572508726164e+00,9.593373032991673910e-06
7.000000000000000000e+00,1.197498439510897406e+00,3.682097381013712615e-06
7.000000000000000000e+00,1.199874175544611843e+00,1.788818270035224503e-05
7.000000000000000000e+00,1.202247698790813724e+00,2.139670487890636905e-05
7.000000000000000000e+00,1.204630630988217099e+00,8.577040890040407381e-07
7.000000000000000000e+00,1.207011277581778286e+00,1.138185071975921161e-05
7.000000000000000000e+00,1.209389555328822752e+00,2.563309872172326383e-05
7.000000000000000000e+00,1.211765380466591990e+00,1.332177277216385767e-05
7.000000000000000000e+00,1.214138668715299518e+00,3.248167329782390326e-05
7.000000000000000000e+00,1.216521271556269213e+00,1.088316607392536900e-06
7.000000000000000000e+00,1.218901260673629805e+00,4.434013175695764153e-06
7.000000000000000000e+00,1.221278550366432736e+00,2.428271244398818587e-05
7.000000000000000000e+00,1.223653054421999675e+00,7.433430780222599526e-06
7.000000000000000000e+00,1.226036809853057186e+00,3.598909287973059640e-05
7.000000000000000000e+00,1.228405528858331763e+00,1.387116793398705247e-05
7.000000000000000000e+00,1.230783418372779048e+00,4.361123721079104853e-06
7.000000000000000000e+00,1.233170531755207078e+00,2.566503193394336306e-05
7.000000000000000000e+00,1.235542297137962597e+00,5.027479829913301555e-06
7.000000000000000000e+00,1.237923203366784186e+00,1.900167391309637481e-05
7.000000000000000000e+00,1.240300895663398073e+00,2.084012026941546659e-05
7.000000000000000000e+00,1.242677775014586095e+00,4.300433515242497983e-06
7.000000000000000000e+00,1.245056280032780238e+00,2.891766108095552895e-05
7.000000000000000000e+00,1.247433866845625072e+00,2.914017114174652861e-05
7.000000000000000000e+00,1.249811732522333463e+00,1.655676765225596277e-05
7.000000000000000000e+00,1.252189828228160717e+00,2.770044460271811512e-05
7.000000000000000000e+00,1.254568104745505508e+00,2.937133580619086700e-06
7.000000000000000000e+00,1.256946512473745337e+00,2.845293293398276391e-05
7.000000000000000000e+00,1.259323722316235017e+00,3.111198688915823825e-05
7.000000000000000000e+00,1.261702237295382556e+00,1.273844830439430969e-05
7.000000000000000000e+00,1.264080732375299165e+00,3.645853384078819373e-05
7.000000000000000000e+00,1.266457862776105170e+00,2.398421762512685900e-06
7.000000000000000000e+00,1.268836159410696496e+00,1.283319392497775278e-05
7.000000000000000000e+00,1.271214281587295547e+00,3.591572449803906051e-05
7.000000000000000000e+00,1.273592177023115557e+00,1.092015675431577780e-05
7.000000000000000000e+00,1.275969793052491141e+00,4.831379747548788427e-05
7.000000000000000000e+00,1.278348394676446675e+00,1.966781690286483131e-05
7.000000000000000000e+00,1.280725297271503527e+00,1.096337528519407299e-05
7.000000000000000000e+00,1.283104415923701946e+00,3.883066074829049952e-05
7.000000000000000000e+00,1.285481727588297707e+00,1.101093314905784279e-05
7.000000000000000000e+00,1.287859838407007906e+00,2.454009565551662478e-05
7.000000000000000000e+00,1.290237365594768537e+00,3.040365427286767524e-05
7.000000000000000000e+00,1.292615601494206734e+00,1.102904492746179623e-05
7.000000000000000000e+00,1.294993152720043783e+00,4.412997091927161404e-05
7.000000000000000000e+00,1.297371320810711826e+00,5.070585708141499851e-06
7.000000000000000000e+00,1.299750064295511320e+00,2.629108498953713262e-05
7.000000000000000000e+00,1.302127973832296837e+00,3.592710238135784383e-05
7.000000000000000000e+00,1.304504992295077548e+00,8.912059687977727339e-06
7.000000000000000000e+00,1.306883817274359982e+00,4.746266465677466005e-05
7.000000000000000000e+00,1.309261655848396488e+00,3.617820071428897816e-05
7.000000000000000000e+00,1.311639837390945473e+00,2.344021780025138481e-05
7.000000000000000000e+00,1.314016925775080002e+00,4.982558488495622746e-05
7.000000000000000000e+00,1.316395657391975726e+00,7.001580585574085259e-06
7.000000000000000000e+00,1.318773197764609995e+00,2.670668777311953164e-05
7.000000000000000000e+00,1.321150895014793214e+00,4.147377688942832549e-05
7.000000000000000000e+00,1.323530117170831355e+00,2.237355810554648229e-05
7.000000000000000000e+00,1.325907998417265699e+00,5.964074252986763464e-05
7.000000000000000000e+00,1.328285901053660734e+00,6.385339986688069086e-06
7.000000000000000000e+00,1.330663779257676982e+00,2.807312137715434690e-05
7.000000000000000000e+00,1.333041586878621620e+00,4.358761619182690747e-05
7.000000000000000000e+00,1.335419277437480678e+00,2.191490822983142395e-05
7.000000000000000000e+00,1.337796804126984540e+00,7.859621946142153351e-05
7.000000000000000000e+00,1.340175568438737086e+00,3.452413294935474875e-05
7.000000000000000000e+00,1.342552630798620195e+00,2.755912139684010869e-05
7.000000000000000000e+00,1.344930845832843502e+00,7.634646168163648783e-05
7.000000000000000000e+00,1.347308716820470487e+00,9.213042229491296038e-05
7.000000000000000000e+00,1.349687664603416160e+00,1.676699863039976047e-04
7.000000000000000000e+00,1.352064707084743578e+00,7.297856640364343392e-05
7.000000000000000000e+00,1.354442738914278577e+00,5.864268482106043328e-05
7.000000000000000000e+00,1.356821726285427188e+00,8.900859500685182556e-05
7.000000000000000000e+00,1.359198655024307145e+00,1.721991818630647577e-05
7.000000000000000000e+00,1.361576449996873439e+00,5.822486921227836319e-05
7.000000000000000000e+00,1.363955076519934195e+00,5.282782656758370696e-05
7.000000000000000000e+00,1.366332993909127991e+00,3.975661925440863959e-05
7.000000000000000000e+00,1.368710151197721991e+00,8.565934335508553486e-05
7.000000000000000000e+00,1.371089529547983243e+00,1.583076503957766719e-05
7.000000000000000000e+00,1.373466544440631543e+00,6.150300721214914217e-05
7.000000000000000000e+00,1.375844181692285284e+00,5.434618277526340749e-05
7.000000000000000000e+00,1.378222404895539377e+00,3.732849731318550447e-05
7.000000000000000000e+00,1.380601177370847310e+00,9.286415478922749398e-05
7.000000000000000000e+00,1.382978919523796035e+00,3.987167504082654563e-05
7.000000000000000000e+00,1.385357126148375695e+00,6.732854031292329869e-05
7.000000000000000000e+00,1.387734206447297503e+00,6.740279503316541664e-05
7.000000000000000000e+00,1.390113223827786459e+00,3.949928366533195570e-05
7.000000000000000000e+00,1.392491028330698821e+00,1.624358583453020335e-04
7.000000000000000000e+00,1.394869134848162107e+00,5.751050544836470491e-05
7.000000000000000000e+00,1.397245930094993760e+00,7.303905494378872551e-05
7.000000000000000000e+00,1.399624519051433369e+00,7.370585432551735288e-05
7.000000000000000000e+00,1.402003293241485871e+00,3.733483809648688946e-05
7.000000000000000000e+00,1.404380622437389370e+00,1.136529045101552268e-04
7.000000000000000000e+00,1.406758046866900980e+00,4.593904172472436506e-05
7.000000000000000000e+00,1.409137128030744313e+00,7.753155286728693162e-05
7.000000000000000000e+00,1.411514627924003840e+00,9.644154548985311038e-05
7.000000000000000000e+00,1.413892102100584580e+00,5.460605117108939131e-05
7.000000000000000000e+00,1.416271127497783944e+00,2.117102147427461995e-04
7.000000000000000000e+00,1.418648432802419590e+00,5.655058329601132382e-05
7.000000000000000000e+00,1.421025588977857357e+00,8.368643556131815774e-05
7.000000000000000000e+00,1.423404188478144317e+00,8.641246766847072058e-05
7.000000000000000000e+00,1.425782566128521500e+00,4.781933930055753018e-05
7.000000000000000000e+00,1.428160679720647197e+00,1.254819567792546874e-04
7.000000000000000000e+00,1.430538486772758411e+00,4.914220970686050379e-05
7.000000000000000000e+00,1.432915944529842500e+00,8.520323007543760107e-05
7.000000000000000000e+00,1.435294671521053944e+00,9.944139940608131374e-05
7.000000000000000000e+00,1.437671306838161023e+00,4.690782563153120439e-05
7.000000000000000000e+00,1.440050808136397853e+00,1.375883107387363758e-04
7.000000000000000000e+00,1.442428130388856866e+00,6.022214569470953213e-05
7.000000000000000000e+00,1.444806580222042447e+00,1.128926004969657131e-04
7.000000000000000000e+00,1.447184440705151953e+00,1.224975440047656897e-04
7.000000000000000000e+00,1.449561667222405870e+00,6.239174296960831414e-05
7.000000000000000000e+00,1.451939915205273879e+00,2.230587334317704401e-04
7.000000000000000000e+00,1.454317450317589300e+00,8.747887650402459843e-05
7.000000000000000000e+00,1.456695938627691200e+00,2.546139030452441022e-04
7.000000000000000000e+00,1.459073634158916555e+00,2.931236227749076583e-04
7.000000000000000000e+00,1.461452213653828158e+00,6.862583742983523508e-05
7.000000000000000000e+00,1.463829919457844797e+00,2.613461369154578950e-04
7.000000000000000000e+00,1.466208439024566657e+00,7.617925127353255654e-05
7.000000000000000000e+00,1.468586002984929362e+00,2.296505138245471720e-04
7.000000000000000000e+00,1.470964309539829262e+00,1.948212547784709142e-04
7.000000000000000000e+00,1.473341577570034255e+00,1.420442514821972872e-04
7.000000000000000000e+00,1.475719516059424974e+00,4.352121049068988484e-04
7.000000000000000000e+00,1.478098094240766214e+00,1.222889970614589685e-04
7.000000000000000000e+00,1.480475513315234082e+00,6.166776940518385076e-04
7.000000000000000000e+00,1.482853498523538649e+00,5.560206314641260575e-04
7.000000000000000000e+00,1.485232018414436084e+00,1.107718855877239247e-03
7.000000000000000000e+00,1.487609256426934090e+00,3.581373854808335335e-03
7.000000000000000000e+00,1.489986954141012232e+00,3.546009753867810548e-04
7.000000000000000000e+00,1.492365079420795659e+00,1.674873927953450959e-03
7.000000000000000000e+00,1.494743599912236265e+00,4.433240251033522712e-04
7.000000000000000000e+00,1.497120675253670763e+00,4.278790234370229259e-04
7.000000000000000000e+00,1.499499882482282054e+00,2.870733241977054592e-04
7.000000000000000000e+00,1.501877567244239930e+00,1.691149997052697593e-05
7.000000000000000000e+00,1.504255504071110305e+00,2.486466285081497039e-04
7.000000000000000000e+00,1.506633659486564580e+00,4.818448128023492195e-05
7.000000000000000000e+00,1.509011999795530246e+00,1.019278764229115275e-04
7.000000000000000000e+00,1.511388648673164026e+00,1.074138805703438111e-04
7.000000000000000000e+00,1.513767251004833225e+00,4.589257812135403410e-06
7.000000000000000000e+00,1.516145935822170943e+00,1.422438355153329858e-04
7.000000000000000000e+00,1.518522808709106275e+00,3.953196339327577695e-05
7.000000000000000000e+00,1.520901548735163589e+00,1.953081054229399303e-04
7.000000000000000000e+00,1.523278395355869286e+00,1.076057969674688636e-04
7.000000000000000000e+00,1.525657050519223512e+00,1.042218587875613588e-04
7.000000000000000000e+00,1.528035613106303980e+00,4.109375689148237788e-04
7.000000000000000000e+00,1.530412158368475106e+00,4.462092601370107922e-05
7.000000000000000000e+00,1.532790422710940126e+00,6.667727253522403403e-04
7.000000000000000000e+00,1.535168486814444622e+00,2.201956504051370985e-04
7.000000000000000000e+00,1.537546314356687649e+00,1.062276449285691135e-02
7.000000000000000000e+00,1.539925781434329011e+00,7.336160370216548814e-03
7.000000000000000000e+00,1.542303031922281464e+00,1.785780354471857775e-02
7.000000000000000000e+00,1.544679935578640473e+00,2.453496723028724888e-02
7.000000000000000000e+00,1.547058385603538921e+00,4.197774106729439125e-02
7.000000000000000000e+00,1.549436426059346950e+00,8.241575382036385455e-02
7.000000000000000000e+00,1.551814019337569794e+00,2.170532933236641593e-01
7.000000000000000000e+00,1.554193075854291672e+00,3.078384377508257552e-01
7.000000000000000000e+00,1.556571621252926807e+00,8.596474914835851300e-02
7.000000000000000000e+00,1.558949617294478562e+00,2.870142744193652368e-02
7.000000000000000000e+00,1.561327025522138312e+00,1.176869931274385044e-02
7.000000000000000000e+00,1.563703807261558554e+00,5.687680750207274420e-03
7.000000000000000000e+00,1.566081901784048602e+00,3.000357038584857469e-03
7.000000000000000000e+00,1.568461288012522381e+00,1.607756639694946218e-03
7.000000000000000000e+00,1.570837964304495848e+00,9.187881085790335946e-04
7.000000000000000000e+00,1.573215865533810209e+00,6.107956051982008213e-04
7.000000000000000000e+00,1.575594970075133272e+00,4.754954249276637890e-04
7.000000000000000000e+00,1.577973247821740976e+00,4.841558678914140656e-04
7.000000000000000000e+00,1.580350658646643147e+00,7.388500987470056781e-04
7.000000000000000000e+00,1.582729182648527688e+00,8.634203818118573555e-04
7.000000000000000000e+00,1.585106770971465240e+00,5.492767836791104469e-04
7.000000000000000000e+00,1.587483382861448522e+00,6.306288594174381959e-04
7.000000000000000000e+00,1.589863054736732062e+00,8.097168312371528240e-04
7.000000000000000000e+00,1.592239647623282961e+00,1.136516057941734052e-03
7.000000000000000000e+00,1.594619254564539901e+00,1.338022563523046061e-03
7.000000000000000000e+00,1.596995699582284045e+00,1.672212431463641251e-03
7.000000000000000000e+00,1.599375112011809597e+00,2.046452321450908246e-03
7.000000000000000000e+00,1.601751278763500652e+00,2.329399110702746675e-03
7.000000000000000000e+00,1.604130365570978434e+00,2.878651154669712667e-03
7.000000000000000000e+00,1.606508203736388474e+00,3.139895481289899180e-03
7.000000000000000000e+00,1.608886838448475576e+00,3.718401571774724006e-03
7.000000000000000000e+00,1.611264151472938666e+00,4.382801019751490779e-03
7.000000000000000000e+00,1.613642199950546807e+00,4.830331831942024159e-03
7.000000000000000000e+00,1.616020959246320388e+00,5.754922774135457116e-03
7.000000000000000000e+00,1.618398292022371621e+00,6.245284633458613073e-03
7.000000000000000000e+00,1.620776273428434777e+00,7.477065708045547293e-03
7.000000000000000000e+00,1.623154878309403193e+00,8.278015851023423285e-03
7.000000000000000000e+00,1.625531950142255599e+00,9.601735116927117425e-03
7.000000000000000000e+00,1.627909582167395008e+00,1.175017142292965680e-02
7.000000000000000000e+00,1.630287748709084994e+00,1.366805082166716763e-02
7.000000000000000000e+00,1.632666423928462507e+00,1.801493776234856792e-02
7.000000000000000000e+00,1.635043425604618017e+00,1.636549056668054614e-02
7.000000000000000000e+00,1.637420871234776421e+00,1.298088201674108509e-02
7.000000000000000000e+00,1.639798734458945972e+00,1.403448766128063963e-02
7.000000000000000000e+00,1.642176988753630829e+00,1.493494800429551704e-02
7.000000000000000000e+00,1.644555607431689159e+00,1.874234828564795910e-02
7.000000000000000000e+00,1.646934563642211913e+00,2.019428257440678692e-02
7.000000000000000000e+00,1.649311636354932720e+00,1.332384203402275967e-03
7.000000000000000000e+00,1.651688979741587904e+00,1.920626051215722132e-03
7.000000000000000000e+00,1.654066566429912566e+00,3.874162360261490783e-03
7.000000000000000000e+00,1.656446581917050409e+00,2.125692414901728198e-04
7.000000000000000000e+00,1.658824578794847904e+00,1.806950693285516111e-03
7.000000000000000000e+00,1.661200510123229890e+00,3.259780458895743553e-04
7.000000000000000000e+00,1.663578793016376123e+00,1.076308106346221755e-03
7.000000000000000000e+00,1.665957179889875128e+00,4.608700271483705713e-04
7.000000000000000000e+00,1.668335642387050344e+00,1.002827620928338883e-03
7.000000000000000000e+00,1.670714151986992135e+00,7.279741702691591709e-04
7.000000000000000000e+00,1.673090422268976418e+00,3.195129164291730397e-04
7.000000000000000000e+00,1.675468933430814822e+00,2.118423498642068095e-03
7.000000000000000000e+00,1.677847405138119141e+00,3.707356316170598359e-04
7.000000000000000000e+00,1.680225808213018368e+00,2.334291356692640325e-03
7.000000000000000000e+00,1.682604113313405536e+00,9.713544709534234056e-04
7.000000000000000000e+00,1.684982290932964144e+00,2.292348167230316008e-03
7.000000000000000000e+00,1.687360311401208346e+00,2.057048514877282859e-03
7.000000000000000000e+00,1.689738144883533133e+00,9.762059824093632324e-04
7.000000000000000000e+00,1.692115761381273620e+00,4.974752027971287432e-03
7.000000000000000000e+00,1.694493130731776098e+00,8.281931185348185339e-04
7.000000000000000000e+00,1.696870222608480416e+00,5.145547468956728800e-03
7.000000000000000000e+00,1.699249335401934236e+00,9.188161745263965152e-04
7.000000000000000000e+00,1.701628122620680639e+00,2.786394024706356949e-03
7.000000000000000000e+00,1.704004211532359703e+00,1.120649022836501391e-03
7.000000000000000000e+00,1.706382248516707056e+00,1.254399385483105731e-03
7.000000000000000000e+00,1.708759867047055625e+00,1.726855912451398306e-03
7.000000000000000000e+00,1.711139397425514685e+00,1.784774241278403437e-04
7.000000000000000000e+00,1.713516091596347435e+00,1.093350282411228178e-03
7.000000000000000000e+00,1.715894647708231302e+00,1.070848986172829545e-04
7.000000000000000000e+00,1.718272672423617475e+00,7.885999334071441824e-04
7.000000000000000000e+00,1.720650133828133255e+00,1.296634606789292437e-04
7.000000000000000000e+00,1.723029394364145483e+00,4.672897195511623242e-04
7.000000000000000000e+00,1.725405639360965360e+00,2.231203837079456440e-04
7.000000000000000000e+00,1.727783632085690080e+00,7.563431592152468678e-05
7.000000000000000000e+00,1.730163359864028916e+00,4.687410693237489476e-04
7.000000000000000000e+00,1.732539967848906848e+00,4.314621344140946111e-05
7.000000000000000000e+00,1.734918258608534103e+00,5.530034877920913779e-04
7.000000000000000000e+00,1.737295784744042226e+00,1.964150598995511893e-04
7.000000000000000000e+00,1.739674954091988246e+00,9.783240914012520523e-04
7.000000000000000000e+00,1.742053305661134033e+00,9.075458453771429075e-04
7.000000000000000000e+00,1.744430805976284748e+00,7.786116216587225629e-04
7.000000000000000000e+00,1.746807421400558225e+00,1.085442451836746017e-03
7.000000000000000000e+00,1.749185585906543050e+00,1.031407488789441322e-04
7.000000000000000000e+00,1.751565285671503824e+00,8.041655081579065101e-04
7.000000000000000000e+00,1.753941544332989544e+00,1.368517185970602554e-04
7.000000000000000000e+00,1.756319283347408389e+00,6.883837381113850403e-04
7.000000000000000000e+00,1.758698488506720947e+00,2.166690194073744792e-04
7.000000000000000000e+00,1.761076644056678076e+00,1.096168496561534308e-03
7.000000000000000000e+00,1.763453715291095847e+00,5.179383593228873220e-04
7.000000000000000000e+00,1.765832182308382903e+00,1.378011469557945861e-03
7.000000000000000000e+00,1.768209508663195706e+00,1.087478598403628094e-03
7.000000000000000000e+00,1.770588187717695883e+00,2.539248194652494453e-04
7.000000000000000000e+00,1.772965669196805205e+00,1.085319253006380774e-03
7.000000000000000000e+00,1.775344459763996241e+00,8.128127547283804557e-05
7.000000000000000000e+00,1.777721995276969613e+00,5.698404549423191200e-04
7.000000000000000000e+00,1.780100795737554753e+00,4.156280146297401673e-05
7.000000000000000000e+00,1.782478283099381056e+00,3.991733137001719127e-04
7.000000000000000000e+00,1.784856990739158489e+00,2.189198204670907339e-04
7.000000000000000000e+00,1.787234326670235962e+00,8.751333842766835514e-04
7.000000000000000000e+00,1.789612837680196966e+00,1.064707634027817467e-03
7.000000000000000000e+00,1.791989917806559918e+00,7.109131576387357255e-05
7.000000000000000000e+00,1.794368127283230807e+00,7.124146859353215622e-02
7.000000000000000000e+00,1.796744846137017459e+00,1.151887634452402193e-01
7.000000000000000000e+00,1.799122648083041343e+00,7.461835415876892641e-02
7.000000000000000000e+00,1.801501516697256555e+00,5.476944053142233926e-02
7.000000000000000000e+00,1.803878810935230392e+00,3.175173579025623860e-02
7.000000000000000000e+00,1.806257124818080539e+00,2.255840220337046106e-02
7.000000000000000000e+00,1.808636441567766484e+00,1.482548726288228889e-02
7.000000000000000000e+00,1.811014098981616804e+00,1.148655899118844817e-02
7.000000000000000000e+00,1.813392711472929353e+00,8.337086676241304770e-03
7.000000000000000000e+00,1.815769602679484063e+00,6.537356044604603240e-03
7.000000000000000000e+00,1.818147400644648304e+00,4.969601539247843133e-03
7.000000000000000000e+00,1.820526087986671593e+00,3.788240633023673854e-03
7.000000000000000000e+00,1.822902967052714596e+00,3.150935975503331866e-03
7.000000000000000000e+00,1.825280686410676978e+00,2.320949445084314559e-03
7.000000000000000000e+00,1.827659228322897844e+00,1.927539571002483609e-03
7.000000000000000000e+00,1.830038574944468310e+00,1.494459334663202164e-03
7.000000000000000000e+00,1.832416000112327747e+00,1.312941142680679315e-03
7.000000000000000000e+00,1.834794179900823385e+00,1.197437180528992126e-03
7.000000000000000000e+00,1.837170373825880221e+00,1.297556974279280356e-03
7.000000000000000000e+00,1.839550001086070585e+00,1.521884618606129686e-03
7.000000000000000000e+00,1.841927591628267580e+00,2.071263205596404755e-03
7.000000000000000000e+00,1.844305849176059109e+00,2.775492994142927331e-03
7.000000000000000000e+00,1.846682004518993780e+00,4.062380180982001938e-03
7.000000000000000000e+00,1.849061532876481451e+00,5.629831519096355381e-03
7.000000000000000000e+00,1.851438907171361503e+00,7.810615379412238525e-03
7.000000000000000000e+00,1.853816858923008848e+00,1.200398401617911587e-02
7.000000000000000000e+00,1.856195368998788231e+00,1.548654328388050262e-02
7.000000000000000000e+00,1.858574418157592278e+00,2.389663414407656658e-02
7.000000000000000000e+00,1.860951193835267858e+00,2.805409184831699279e-02
7.000000000000000000e+00,1.863328455497598846e+00,4.490018118976097511e-02
7.000000000000000000e+00,1.865706183545688734e+00,5.461904043676325121e-02
7.000000000000000000e+00,1.868084358271926204e+00,1.181485405714425511e-03
7.000000000000000000e+00,1.870462959859882535e+00,1.556237653898734016e-02
7.000000000000000000e+00,1.872841968384215239e+00,3.820508130355390348e-03
7.000000000000000000e+00,1.875218527602503737e+00,6.014490458816036320e-03
7.000000000000000000e+00,1.877598282584272082e+00,2.054926887083051434e-03
7.000000000000000000e+00,1.879975533445847002e+00,7.059506966150039427e-03
7.000000000000000000e+00,1.882353096003137383e+00,1.476795959453313604e-03
7.000000000000000000e+00,1.884730949754881424e+00,3.148966494768922885e-03
7.000000000000000000e+00,1.887109074090651539e+00,4.833726029398122820e-03
7.000000000000000000e+00,1.889487448290790628e+00,1.358786693126510679e-04
7.000000000000000000e+00,1.891866051526354786e+00,2.529440708282160340e-03
7.000000000000000000e+00,1.894241968814363020e+00,6.015615241848683314e-05
7.000000000000000000e+00,1.896620959922661109e+00,2.326750897101956782e-03
7.000000000000000000e+00,1.899000116913673875e+00,3.680760487857875207e-05
7.000000000000000000e+00,1.901376502634666066e+00,1.480908055064706231e-03
7.000000000000000000e+00,1.903755920179471373e+00,5.059089777603901854e-05
7.000000000000000000e+00,1.906132508977648854e+00,1.167638994523949878e-03
7.000000000000000000e+00,1.908512101096307090e+00,5.877693478450217917e-05
7.000000000000000000e+00,1.910888806516348737e+00,1.207785590636915526e-03
7.000000000000000000e+00,1.913265533887637870e+00,7.384228432166004919e-05
7.000000000000000000e+00,1.915645221064280479e+00,1.082310900668157850e-03
7.000000000000000000e+00,1.918021933723900396e+00,1.557320747569061834e-04
7.000000000000000000e+00,1.920401576683357536e+00,1.182829616020434575e-03
7.000000000000000000e+00,1.922778185987368271e+00,2.362881120486648868e-04
7.000000000000000000e+00,1.925157695683840764e+00,1.096479894263391233e-03
7.000000000000000000e+00,1.927534112112835318e+00,1.410809607801750075e-04
7.000000000000000000e+00,1.929913398624609977e+00,3.847267604940990664e-04
7.000000000000000000e+00,1.932289531783984105e+00,2.161175367664230483e-04
7.000000000000000000e+00,1.934668504313772353e+00,5.474237289022011092e-05
7.000000000000000000e+00,1.937047289244272052e+00,1.019720646209990413e-04
7.000000000000000000e+00,1.939422829809603455e+00,4.246969513507298032e-05
7.000000000000000000e+00,1.941801162930054447e+00,9.251959311573817720e-05
7.000000000000000000e+00,1.944179239057897579e+00,2.905966931469017268e-05
7.000000000000000000e+00,1.946557034846245759e+00,1.053678910967835566e-04
7.000000000000000000e+00,1.948937590416296883e+00,2.735244043815030133e-05
7.000000000000000000e+00,1.951314762526208613e+00,1.343300519828175693e-04
7.000000000000000000e+00,1.953691583608964111e+00,2.422091832750826354e-05
7.000000000000000000e+00,1.956071115926188098e+00,2.751768353124321481e-04
7.000000000000000000e+00,1.958447170997391629e+00,1.907934152860305812e-05
7.000000000000000000e+00,1.960825904438677769e+00,4.724701093898319446e-04
7.000000000000000000e+00,1.963204206118381423e+00,1.766047068442150276e-05
7.000000000000000000e+00,1.965582051840911504e+00,6.481417469726793220e-04
7.000000000000000000e+00,1.967959417301841540e+00,9.238146512936211820e-06
7.000000000000000000e+00,1.970339409318672352e+00,7.050086546863740386e-04
7.000000000000000000e+00,1.972715748465783570e+00,7.082304221150844606e-06
7.000000000000000000e+00,1.975094680156374904e+00,5.277565001494006211e-04
7.000000000000000000e+00,1.977473048443104009e+00,9.585891182645359885e-06
7.000000000000000000e+00,1.979850828500714810e+00,3.994418418633190193e-04
7.000000000000000000e+00,1.982227995395533071e+00,1.003544129587750333e-05
7.000000000000000000e+00,1.984604524085609167e+00,2.504800222726089151e-04
7.000000000000000000e+00,1.986983573776171186e+00,7.452446734639389931e-06
7.000000000000000000e+00,1.989361950099164611e+00,1.317686115716621168e-04
7.000000000000000000e+00,1.991739627709276261e+00,3.287407389253558127e-06
7.000000000000000000e+00,1.994116581153200896e+00,9.141994171937424768e-05
7.000000000000000000e+00,1.996495999787446962e+00,1.673586186466010874e-06
7.000000000000000000e+00,1.998874658345563660e+00,7.446050658284738199e-05
7.000000000000000000e+00,2.001252531070988550e+00,8.503407185695219120e-07
7.000000000000000000e+00,2.003629592099526402e+00,6.629829008551703026e-05
7.000000000000000000e+00,2.006009061087529410e+00,6.992160279425657943e-07
7.000000000000000000e+00,2.008384428391164267e+00,6.275865271783325817e-05
7.000000000000000000e+00,2.010762166794522354e+00,5.210545856065862136e-07
7.000000000000000000e+00,2.013142273146784511e+00,5.877282088364766299e-05
7.000000000000000000e+00,2.015518191284053184e+00,6.109738410823821410e-07
7.000000000000000000e+00,2.017896439964003363e+00,4.868604822818090364e-05
7.000000000000000000e+00,2.020273723858567294e+00,6.327846538657714568e-07
7.000000000000000000e+00,2.022653315995031953e+00,6.372612849077569693e-05
7.000000000000000000e+00,2.025031905392828957e+00,7.604958629313926493e-07
7.000000000000000000e+00,2.027409465173173775e+00,6.115569941363682217e-05
7.000000000000000000e+00,2.029785968350953596e+00,8.629312518579282232e-07
7.000000000000000000e+00,2.032164718651917390e+00,7.361301757996549316e-05
7.000000000000000000e+00,2.034542373648666747e+00,8.127601042670242647e-07
7.000000000000000000e+00,2.036922252485694695e+00,7.360592296145037424e-05
7.000000000000000000e+00,2.039297642718866488e+00,1.070311874628024560e-06
7.000000000000000000e+00,2.041678579620796796e+00,6.219728110393029513e-05
7.000000000000000000e+00,2.044054972850176011e+00,1.324035758285166831e-06
7.000000000000000000e+00,2.046433526721744833e+00,6.897706058655564323e-05
7.000000000000000000e+00,2.048810851376187347e+00,1.452494241917703696e-06
7.000000000000000000e+00,2.051190312403015081e+00,5.984649890822570231e-05
7.000000000000000000e+00,2.053568504069569922e+00,2.402739472287139852e-06
7.000000000000000000e+00,2.055945398294015458e+00,7.159956199421404067e-05
7.000000000000000000e+00,2.058324384012754305e+00,3.031897965120335708e-06
7.000000000000000000e+00,2.060702031599246808e+00,9.747134347610583618e-05
7.000000000000000000e+00,2.063078312672746772e+00,4.536114408979739539e-06
7.000000000000000000e+00,2.065456639593524102e+00,9.650773376551508042e-05
7.000000000000000000e+00,2.067833558764816893e+00,7.126876925105246754e-06
7.000000000000000000e+00,2.070212498216723152e+00,1.081552892218913336e-04
7.000000000000000000e+00,2.072589988335185041e+00,1.417069693012836043e-05
7.000000000000000000e+00,2.074969472860463071e+00,1.171943978484252415e-04
7.000000000000000000e+00,2.077347466120683439e+00,3.007835047775568268e-05
7.000000000000000000e+00,2.079723939049616721e+00,1.431215779905376613e-04
7.000000000000000000e+00,2.082102359006916092e+00,4.779783043938840102e-05
7.000000000000000000e+00,2.084479216156104542e+00,2.306322329095910923e-04
7.000000000000000000e+00,2.086857993654473997e+00,1.097710653628918194e-04
7.000000000000000000e+00,2.089235165520535009e+00,2.485086571618159447e-04
7.000000000000000000e+00,2.091614230747953052e+00,1.572783691602230144e-04
7.000000000000000000e+00,2.093991647171488779e+00,2.594378148040177171e-04
7.000000000000000000e+00,2.096370929659487015e+00,1.641081029441953721e-04
7.000000000000000000e+00,2.098748519824702452e+00,1.952073130434537653e-04
7.000000000000000000e+00,2.101127948448022309e+00,1.417419090818842846e-04
7.000000000000000000e+00,2.103505640882435745e+00,1.707883475506476363e-04
7.000000000000000000e+00,2.105881566995955634e+00,1.470811860651335121e-04
7.000000000000000000e+00,2.108259281488489290e+00,1.501827307881050040e-04
7.000000000000000000e+00,2.110638778281487493e+00,2.284497938189518774e-04
7.000000000000000000e+00,2.113016450109418187e+00,9.188884325966851195e-05
7.000000000000000000e+00,2.115395875701245210e+00,2.010755300229550451e-04
7.000000000000000000e+00,2.117773431421519081e+00,3.901078303321981508e-05
7.000000000000000000e+00,2.120149086564412588e+00,2.652214718574562660e-04
7.000000000000000000e+00,2.122526443941901597e+00,7.075490501543017167e-06
7.000000000000000000e+00,2.124905497063319437e+00,2.934299916859609957e-04
7.000000000000000000e+00,2.127282589459348561e+00,2.869939198238901593e-05
7.000000000000000000e+00,2.129661348130645226e+00,2.769195139137394001e-04
7.000000000000000000e+00,2.132041766401622240e+00,1.815298454482988156e-04
7.000000000000000000e+00,2.134416488630205944e+00,1.026344274566652615e-03
7.000000000000000000e+00,2.136796506809325980e+00,3.376465442386894196e-04
7.000000000000000000e+00,2.139174456954846537e+00,8.965376509774045620e-04
7.000000000000000000e+00,2.141550307510549533e+00,1.097062592673576052e-02
7.000000000000000000e+00,2.143931441358600143e+00,8.541309426048649886e-03
7.000000000000000000e+00,2.146306729584555040e+00,5.863922838084008153e-03
7.000000000000000000e+00,2.148687286870718527e+00,4.530939679591890895e-03
7.000000000000000000e+00,2.151065666753996908e+00,3.207607244086460585e-03
7.000000000000000000e+00,2.153441837210316567e+00,2.821940124536430859e-03
7.000000000000000000e+00,2.155819514621453603e+00,2.620499695049947377e-03
7.000000000000000000e+00,2.158198691568031347e+00,2.890957728615679064e-03
7.000000000000000000e+00,2.160575595509616864e+00,3.202464800424270185e-03
7.000000000000000000e+00,2.162953967401529898e+00,3.760520810939021064e-03
7.000000000000000000e+00,2.165330017974534726e+00,4.495659014771644785e-03
7.000000000000000000e+00,2.167711294571818659e+00,5.183307327249342053e-03
7.000000000000000000e+00,2.170086419534671851e+00,5.997468833422232859e-03
7.000000000000000000e+00,2.172466754975850289e+00,6.335356358097657750e-03
7.000000000000000000e+00,2.174844688110332491e+00,6.258731741604114940e-03
7.000000000000000000e+00,2.177220185986402434e+00,5.536657764902572221e-03
7.000000000000000000e+00,2.179600878863794833e+00,5.325226071653891766e-03
7.000000000000000000e+00,2.181979103711777057e+00,3.325439638067765528e-04
7.000000000000000000e+00,2.184354827302986468e+00,3.708644157147799475e-05
7.000000000000000000e+00,2.186731873089897693e+00,3.044768540306499408e-04
7.000000000000000000e+00,2.189110232802705447e+00,2.978908266768642604e-05
7.000000000000000000e+00,2.191489898121623092e+00,1.061952460557718359e-04
7.000000000000000000e+00,2.193866978681393132e+00,1.174684536338845735e-04
7.000000000000000000e+00,2.196245331200582740e+00,1.002766372389881939e-04
7.000000000000000000e+00,2.198624947167761245e+00,2.345969466315796844e-04
7.000000000000000000e+00,2.201001910734452061e+00,1.564643938726495952e-04
7.000000000000000000e+00,2.203380103664479339e+00,4.457248375703550761e-04
7.000000000000000000e+00,2.205755593071625942e+00,1.069738235128881381e-04
7.000000000000000000e+00,2.208136210091760532e+00,7.606765856176682427e-04
7.000000000000000000e+00,2.210514089066549559e+00,1.803250783800213646e-04
7.000000000000000000e+00,2.212889195676467580e+00,4.648718476471409562e-04
7.000000000000000000e+00,2.215269411685253598e+00,2.633250623988604017e-04
7.000000000000000000e+00,2.217646820369182592e+00,2.688881136087128282e-04
7.000000000000000000e+00,2.220025362245094058e+00,2.737167882254300960e-04
7.000000000000000000e+00,2.222401044539729753e+00,1.884889943374543357e-04
7.000000000000000000e+00,2.224781816787405386e+00,2.978163821576624041e-04
7.000000000000000000e+00,2.227159693927706297e+00,1.557699183739907520e-04
7.000000000000000000e+00,2.229538650259491828e+00,2.951604240009988479e-04
7.000000000000000000e+00,2.231914658585150590e+00,1.192555731140286426e-04
7.000000000000000000e+00,2.234291710139395537e+00,2.268942787852824567e-04
7.000000000000000000e+00,2.236669795394403248e+00,1.136859140547103733e-04
7.000000000000000000e+00,2.239048904770509107e+00,1.007967946710536537e-04
7.000000000000000000e+00,2.241424976510854261e+00,1.574027073123832597e-04
7.000000000000000000e+00,2.243806096568353503e+00,1.006194005077180615e-04
7.000000000000000000e+00,2.246184142332022571e+00,2.038608521745895099e-04
7.000000000000000000e+00,2.248559078140137224e+00,1.135412787709621141e-04
7.000000000000000000e+00,2.250939041398960061e+00,4.546119311003162075e-04
7.000000000000000000e+00,2.253315857608640727e+00,1.915442770188134137e-04
7.000000000000000000e+00,2.255693594709365701e+00,7.298062267578017161e-04
7.000000000000000000e+00,2.258072242628007320e+00,5.645302312946540472e-04
7.000000000000000000e+00,2.260451791238908381e+00,3.930339028746828844e-04
7.000000000000000000e+00,2.262828100482377369e+00,1.738263534559249604e-03
7.000000000000000000e+00,2.265205272630280042e+00,3.744706177643343818e-04
7.000000000000000000e+00,2.267583297361956962e+00,1.225925561235676094e-03
7.000000000000000000e+00,2.269962164303962027e+00,1.330159568462379628e-02
7.000000000000000000e+00,2.272341863029972320e+00,1.158961639582476583e-02
7.000000000000000000e+00,2.274718209664019053e+00,1.013269985833394407e-02
7.000000000000000000e+00,2.277095349600728014e+00,9.695800903859224523e-03
7.000000000000000000e+00,2.279473272218509372e+00,8.618730929196913651e-03
7.000000000000000000e+00,2.281851966842678436e+00,8.165991664352686627e-03
7.000000000000000000e+00,2.284231422745374829e+00,7.823844517273005617e-03
7.000000000000000000e+00,2.286607412008805351e+00,7.956366422364035546e-03
7.000000000000000000e+00,2.288984123377203694e+00,8.072725213756900414e-03
7.000000000000000000e+00,2.291365780618124681e+00,8.471054590496483738e-03
7.000000000000000000e+00,2.293743912168016763e+00,8.956836239923526496e-03
7.000000000000000000e+00,2.296118480612924895e+00,8.767412333216983988e-03
7.000000000000000000e+00,2.298497970634805210e+00,1.006896660354084268e-02
7.000000000000000000e+00,2.300878127611091895e+00,1.004833610879028206e-02
7.000000000000000000e+00,2.303254661586480623e+00,9.576003646042553904e-04
7.000000000000000000e+00,2.305631822391659203e+00,6.599503591429744425e-04
7.000000000000000000e+00,2.308009598693951503e+00,1.336822552546213958e-03
7.000000000000000000e+00,2.310387979106963030e+00,1.317363863524063938e-04
7.000000000000000000e+00,2.312766952190511649e+00,3.205339157045466016e-04
7.000000000000000000e+00,2.315142183405042520e+00,1.529820550159671712e-04
7.000000000000000000e+00,2.317522298400336744e+00,1.069891567432874863e-04
7.000000000000000000e+00,2.319898630583908439e+00,2.867935203710615926e-04
7.000000000000000000e+00,2.322279841038421555e+00,5.796013617148620381e-05
7.000000000000000000e+00,2.324657227477955335e+00,1.087760248497390099e-04
7.000000000000000000e+00,2.327035118932285318e+00,9.789668848039499477e-05
7.000000000000000000e+00,2.329413503549994768e+00,4.182312141620931711e-05
7.000000000000000000e+00,2.331787983991368662e+00,7.522902534017231028e-05
7.000000000000000000e+00,2.334167310210840451e+00,3.468844554295666529e-05
7.000000000000000000e+00,2.336547093703715827e+00,4.414171352134348689e-05
7.000000000000000000e+00,2.338922910089027418e+00,5.238064435008259136e-05
7.000000000000000000e+00,2.341303562883347844e+00,4.050525262386458911e-05
7.000000000000000000e+00,2.343680206292833024e+00,7.184522422501771785e-05
7.000000000000000000e+00,2.346057240367172003e+00,4.452941798129143099e-05
7.000000000000000000e+00,2.348434652788937260e+00,6.284410281918629431e-05
7.000000000000000000e+00,2.350812431186368734e+00,7.662178553924497699e-05
7.000000000000000000e+00,2.353190563133336077e+00,2.475823258542831609e-05
7.000000000000000000e+00,2.355569036149298690e+00,1.065249960649720110e-04
7.000000000000000000e+00,2.357947837699267524e+00,6.760150057754540334e-05
7.000000000000000000e+00,2.360326955193766896e+00,3.774440828306761559e-05
7.000000000000000000e+00,2.362701873503119110e+00,7.763742184181246010e-05
7.000000000000000000e+00,2.365081575825791482e+00,3.031725848456410022e-05
7.000000000000000000e+00,2.367461555987104838e+00,3.580920876539601125e-05
7.000000000000000000e+00,2.369837271457410743e+00,4.847048652483803085e-05
7.000000000000000000e+00,2.372213220904162867e+00,9.153342667079287338e-06
7.000000000000000000e+00,2.374593939286923305e+00,3.445115878102894655e-05
7.000000000000000000e+00,2.376970326898085517e+00,2.609599921954486106e-05
7.000000000000000000e+00,2.379346909490778650e+00,8.712509697218736028e-06
7.000000000000000000e+00,2.381728249229686956e+00,3.535708237368645853e-05
7.000000000000000000e+00,2.384105191535353274e+00,1.215786580042336879e-05
7.000000000000000000e+00,2.386482289336266938e+00,1.697847085127873862e-05
7.000000000000000000e+00,2.388859529357821643e+00,3.321037714167824099e-05
7.000000000000000000e+00,2.391236898270765909e+00,6.502950875350461607e-06
7.000000000000000000e+00,2.393619003764643427e+00,1.829486156182833444e-05
7.000000000000000000e+00,2.395996599438805941e+00,1.965400563178995816e-05
7.000000000000000000e+00,2.398374283698073040e+00,3.730254026084354721e-06
7.000000000000000000e+00,2.400752042994434454e+00,1.771634586034491184e-05
7.000000000000000000e+00,2.403129863725176119e+00,2.042079256253939579e-05
7.000000000000000000e+00,2.405507732232872620e+00,2.787413414121822336e-06
7.000000000000000000e+00,2.407885634805378317e+00,2.295854047560758355e-05
7.000000000000000000e+00,2.410263557675826007e+00,1.594847308063563007e-05
7.000000000000000000e+00,2.412641487022620712e+00,3.778620100689044556e-06
7.000000000000000000e+00,2.415019408969439230e+00,1.746554455588804274e-05
7.000000000000000000e+00,2.417397309585231913e+00,1.272975651749508334e-05
7.000000000000000000e+00,2.419775174884221780e+00,8.018846823507284126e-06
7.000000000000000000e+00,2.422152990825908514e+00,1.852661077730371152e-05
7.000000000000000000e+00,2.424530743315073789e+00,8.220840365699544943e-06
7.000000000000000000e+00,2.426908418201789264e+00,1.697261502274381224e-05
7.000000000000000000e+00,2.429286001281421470e+00,1.956712357069768492e-05
7.000000000000000000e+00,2.431663478294642911e+00,1.056463811386509859e-05
7.000000000000000000e+00,2.434040834927446273e+00,2.514553564737562045e-05
7.000000000000000000e+00,2.436422844634672291e+00,2.592932784184846841e-05
7.000000000000000000e+00,2.438799926692925002e+00,1.230184581466848355e-05
7.000000000000000000e+00,2.441176845109251925e+00,1.798473337404298108e-05
7.000000000000000000e+00,2.443553585351005086e+00,2.558681764531857324e-05
7.000000000000000000e+00,2.445930132830938852e+00,1.124137118188471577e-05
7.000000000000000000e+00,2.448311307568818762e+00,1.583494921065628811e-05
7.000000000000000000e+00,2.450687434933867870e+00,2.789752948111603995e-05
7.000000000000000000e+00,2.453068178922694020e+00,7.532200760926509062e-06
7.000000000000000000e+00,2.455443827201868601e+00,1.463299030359446678e-05
7.000000000000000000e+00,2.457824081285056472e+00,2.992790486014953313e-05
7.000000000000000000e+00,2.460199191070725266e+00,7.728203896111513285e-06
7.000000000000000000e+00,2.462578895654787381e+00,1.634252233292756877e-05
7.000000000000000000e+00,2.464958307733604137e+00,2.703638419720914195e-05
7.000000000000000000e+00,2.467332502158201546e+00,6.940104955651733542e-06
7.000000000000000000e+00,2.469711274537423229e+00,1.138900774778452274e-05
7.000000000000000000e+00,2.472089709077717856e+00,1.536666738614674151e-05
7.000000000000000000e+00,2.474467790561501790e+00,5.182709153113078908e-06
7.000000000000000000e+00,2.476845503716746499e+00,7.671677148944692744e-06
7.000000000000000000e+00,2.479222833217026967e+00,9.756244094092811033e-06
7.000000000000000000e+00,2.481599763681567428e+00,3.829026172916845151e-06
7.000000000000000000e+00,2.483981256237295376e+00,6.226652849278699660e-06
7.000000000000000000e+00,2.486357351796226300e+00,7.088355168185227233e-06
7.000000000000000000e+00,2.488737997498906118e+00,4.781439317952108949e-06
7.000000000000000000e+00,2.491113196007286756e+00,5.207826949333300435e-06
7.000000000000000000e+00,2.493492932524325134e+00,8.611842285066918399e-06
7.000000000000000000e+00,2.495872195725481024e+00,7.483453154796757001e-06
7.000000000000000000e+00,2.498245935968249398e+00,5.374708485592307846e-06
7.000000000000000000e+00,2.500624195678618378e+00,1.100679398986035627e-05
7.000000000000000000e+00,2.503001934687554719e+00,8.812855047356733037e-06
7.000000000000000000e+00,2.505384199785404054e+00,4.108233958991439835e-06
7.000000000000000000e+00,2.507760859244102747e+00,1.507632453870715630e-05
7.000000000000000000e+00,2.510136950143142087e+00,1.032581330838223027e-05
7.000000000000000000e+00,2.512517547981021337e+00,3.787886521693043521e-06
7.000000000000000000e+00,2.514892463148078239e+00,1.378921584912752530e-05
7.000000000000000000e+00,2.517271872260600674e+00,1.235824666597395478e-05
7.000000000000000000e+00,2.519650667552726819e+00,4.575247099891300274e-06
7.000000000000000000e+00,2.522028832766149087e+00,1.283660243867320379e-05
7.000000000000000000e+00,2.524406351588751818e+00,1.726084461276184136e-05
7.000000000000000000e+00,2.526783207654688557e+00,1.043958199178018211e-05
7.000000000000000000e+00,2.529159384544463762e+00,1.575804877382045596e-05
7.000000000000000000e+00,2.531540034735527911e+00,2.802055045104422847e-05
7.000000000000000000e+00,2.533914813502587737e+00,2.149721752317443449e-05
7.000000000000000000e+00,2.536294051902468372e+00,1.508400263933726550e-05
7.000000000000000000e+00,2.538672564369699458e+00,5.370637600636489592e-05
7.000000000000000000e+00,2.541050334235800179e+00,5.548695109811632416e-05
7.000000000000000000e+00,2.543427344778853350e+00,2.815766724289194873e-05
7.000000000000000000e+00,2.545808806606810748e+00,4.279662909628332830e-05
7.000000000000000000e+00,2.548184257884455128e+00,8.833425964470040508e-05
7.000000000000000000e+00,2.550564146289386880e+00,6.671561867258757762e-04
7.000000000000000000e+00,2.552943227520946490e+00,1.806570127728401333e-04
7.000000000000000000e+00,2.555321484608414462e+00,1.504383303360428987e-03
7.000000000000000000e+00,2.557698900527907160e+00,1.596637052327430292e-03
7.000000000000000000e+00,2.560075458202479837e+00,1.651175725204185934e-03
7.000000000000000000e+00,2.562451140502226998e+00,1.942387302822746759e-03
7.000000000000000000e+00,2.564831236037994344e+00,2.147333536205545644e-03
7.000000000000000000e+00,2.567210441454971015e+00,2.342187824470256738e-03
7.000000000000000000e+00,2.569588739480965334e+00,1.956529385406728053e-03
7.000000000000000000e+00,2.571966112790943892e+00,3.184858259445146403e-03
7.000000000000000000e+00,2.574342544007147904e+00,8.360021657215009172e-05
7.000000000000000000e+00,2.576723370808659652e+00,1.610470056768438876e-04
7.000000000000000000e+00,2.579097875367938553e+00,2.525175042203225669e-04
7.000000000000000000e+00,2.581476760275176030e+00,3.411963140096301104e-05
7.000000000000000000e+00,2.583854652848235123e+00,3.180894169413685799e-05
7.000000000000000000e+00,2.586231535461967379e+00,3.519368532559089344e-05
7.000000000000000000e+00,2.588612795081014717e+00,4.842807423120271864e-05
7.000000000000000000e+00,2.590987614612529910e+00,2.211027319863227225e-05
7.000000000000000000e+00,2.593366795512073164e+00,1.039487846805510672e-05
7.000000000000000000e+00,2.595744915317689472e+00,9.794104470111890805e-06
7.000000000000000000e+00,2.598121956157397161e+00,1.498433417023829399e-05
7.000000000000000000e+00,2.600497900107185067e+00,2.983945250630797420e-05
7.000000000000000000e+00,2.602878193565458798e+00,2.739331653297565934e-05
7.000000000000000000e+00,2.605257374095403922e+00,9.944679881352126016e-06
7.000000000000000000e+00,2.607635423630717320e+00,4.511529685919870927e-06
7.000000000000000000e+00,2.610012324053281763e+00,1.987676674932711352e-05
7.000000000000000000e+00,2.612388057193310686e+00,2.635658881125686566e-05
7.000000000000000000e+00,2.614768119240192146e+00,3.167958501634720025e-05
7.000000000000000000e+00,2.617146997564059774e+00,8.406221738389740142e-06
7.000000000000000000e+00,2.619524673852972718e+00,2.815564668730355786e-06
7.000000000000000000e+00,2.621901129743555270e+00,5.590782273262393648e-05
7.000000000000000000e+00,2.624281901432961472e+00,7.761862516444721584e-05
7.000000000000000000e+00,2.626655871285938915e+00,9.691677214502429161e-04
7.000000000000000000e+00,2.629034140094493655e+00,1.096758741146314654e-03
7.000000000000000000e+00,2.631416719546495031e+00,1.165750790438470656e-03
7.000000000000000000e+00,2.633792431410708623e+00,1.193461013328827236e-03
7.000000000000000000e+00,2.636172436860944934e+00,1.214043449866688109e-03
7.000000000000000000e+00,2.638545517161249965e+00,1.406260909055283628e-03
7.000000000000000000e+00,2.640928499105384297e+00,1.933093099459283948e-05
7.000000000000000000e+00,2.643304518349861354e+00,3.013467231557418259e-06
7.000000000000000000e+00,2.645684816809926954e+00,1.898483197912017277e-05
7.000000000000000000e+00,2.648058094547728558e+00,5.312051740899845144e-05
7.000000000000000000e+00,2.650435633945297020e+00,3.658143663639501682e-05
7.000000000000000000e+00,2.652817446491849473e+00,3.903096550463766308e-05
7.000000000000000000e+00,2.655192171178932803e+00,1.881602285592155272e-05
7.000000000000000000e+00,2.657571151243650398e+00,3.868856942631855457e-06
7.000000000000000000e+00,2.659948691486012429e+00,1.102229461082626459e-05
7.000000000000000000e+00,2.662330489570499559e+00,1.727656301605483733e-05
7.000000000000000000e+00,2.664705102769717726e+00,3.964299114177817225e-05
7.000000000000000000e+00,2.667083955729373734e+00,2.559478742978113820e-05
7.000000000000000000e+00,2.669461312276356413e+00,2.464122138265121452e-05
7.000000000000000000e+00,2.671837153036051848e+00,6.040111316024281002e-06
7.000000000000000000e+00,2.674217226595466013e+00,7.234742890353790308e-06
7.000000000000000000e+00,2.676595765975274599e+00,1.922595460444156198e-05
7.000000000000000000e+00,2.678972751659991935e+00,9.339601953117231841e-05
7.000000000000000000e+00,2.681353962923400225e+00,7.937113214236372492e-05
7.000000000000000000e+00,2.683727792746523733e+00,3.471195547962366290e-04
7.000000000000000000e+00,2.686105829445210702e+00,1.683166813803232639e-04
7.000000000000000000e+00,2.688488084212449003e+00,4.005802963215635221e-04
7.000000000000000000e+00,2.690862888123974894e+00,1.897006773772858413e-03
7.000000000000000000e+00,2.693241891183510539e+00,1.931096874152645002e-03
7.000000000000000000e+00,2.695619243808531795e+00,2.104885347529211487e-03
7.000000000000000000e+00,2.697994926104692492e+00,1.375127346985718447e-03
7.000000000000000000e+00,2.700374799530429026e+00,1.990066034568248408e-03
7.000000000000000000e+00,2.702752983395575903e+00,7.804409034703555783e-05
7.000000000000000000e+00,2.705129457665879755e+00,5.338830949540022595e-05
7.000000000000000000e+00,2.707510114782492927e+00,1.217374560063867580e-05
7.000000000000000000e+00,2.709889042854494612e+00,1.256796839979738583e-05
7.000000000000000000e+00,2.712266221707900993e+00,5.340024656383128444e-06
7.000000000000000000e+00,2.714641631120770615e+00,1.486671744672533662e-05
7.000000000000000000e+00,2.717021204959639391e+00,1.312747215174366653e-05
7.000000000000000000e+00,2.719398989596979010e+00,2.583979691243846845e-05
7.000000000000000000e+00,2.721774964671693997e+00,1.882608524304104551e-05
7.000000000000000000e+00,2.724155095219163325e+00,2.680192280892784723e-05
7.000000000000000000e+00,2.726533396224594785e+00,1.331385643303500401e-05
7.000000000000000000e+00,2.728909847187990234e+00,1.348549876421647034e-05
7.000000000000000000e+00,2.731290444402350470e+00,5.067744463758349258e-06
7.000000000000000000e+00,2.733669171376605700e+00,3.796687754572730907e-06
7.000000000000000000e+00,2.736046007472129116e+00,1.750551671681220254e-06
7.000000000000000000e+00,2.738420932003415853e+00,4.612456214802656972e-06
7.000000000000000000e+00,2.740799983049091892e+00,6.891946082591567080e-06
7.000000000000000000e+00,2.743177102021586489e+00,1.025739655796134295e-05
7.000000000000000000e+00,2.745558347964158319e+00,1.180999293914048413e-05
7.000000000000000000e+00,2.747937641197727654e+00,1.246202933261047482e-05
7.000000000000000000e+00,2.750314960807459741e+00,1.033664832708116262e-05
7.000000000000000000e+00,2.752690285832279038e+00,7.470604751297903256e-06
7.000000000000000000e+00,2.755069717329380996e+00,4.505008229306833615e-06
7.000000000000000000e+00,2.757447133295085617e+00,3.667385267611461493e-06
7.000000000000000000e+00,2.759822512631141755e+00,3.056257063938540099e-06
7.000000000000000000e+00,2.762201987996263153e+00,2.472409811504669375e-06
7.000000000000000000e+00,2.764579405566437664e+00,1.989769914885725321e-06
7.000000000000000000e+00,2.766960919131962182e+00,1.598268023133929203e-06
7.000000000000000000e+00,2.769334167959193405e+00,1.356377752676404749e-06
7.000000000000000000e+00,2.771717687672561325e+00,1.082381799652140774e-06
7.000000000000000000e+00,2.774092899949887059e+00,8.475545956741485280e-07
7.000000000000000000e+00,2.776472186575843271e+00,7.267043832304567868e-07
7.000000000000000000e+00,2.778849329813015245e+00,4.773957284919732940e-07
7.000000000000000000e+00,2.781224308154069291e+00,7.766550043719067064e-07
7.000000000000000000e+00,2.783603349577585373e+00,5.814087837366603675e-07
7.000000000000000000e+00,2.785980204283322159e+00,1.040722745435823091e-06
7.000000000000000000e+00,2.788361121540816612e+00,8.839815809142291488e-07
7.000000000000000000e+00,2.790739830130332333e+00,1.658983677538663715e-06
7.000000000000000000e+00,2.793116308318245977e+00,1.364269743927931205e-06
7.000000000000000000e+00,2.795496837376052479e+00,2.514701487929349124e-06
7.000000000000000000e+00,2.797875113863212526e+00,2.054607119306689326e-06
7.000000000000000000e+00,2.800251115911298605e+00,2.500668358843402389e-06
7.000000000000000000e+00,2.802631156870153184e+00,2.965455688987588756e-06
7.000000000000000000e+00,2.805008901002245647e+00,3.511010102734521499e-06
7.000000000000000000e+00,2.807384326304926958e+00,4.050218172943106018e-06
7.000000000000000000e+00,2.809763778281390234e+00,4.556423715366206075e-06
7.000000000000000000e+00,2.812140888822362683e+00,5.472337361871890401e-06
7.000000000000000000e+00,2.814515635791587478e+00,6.516445085676675087e-06
7.000000000000000000e+00,2.816894396919202848e+00,7.174819163928095332e-06
7.000000000000000000e+00,2.819277182391831005e+00,7.660383944772518349e-06
7.000000000000000000e+00,2.821651159259273456e+00,7.639340640264197940e-06
7.000000000000000000e+00,2.824029137518142551e+00,9.843316068679399731e-06
7.000000000000000000e+00,2.826411127293623426e+00,1.871525456799338354e-05
7.000000000000000000e+00,2.828784230557050972e+00,1.547724697179733673e-05
7.000000000000000000e+00,2.831161322165572702e+00,3.314614834171786050e-05
7.000000000000000000e+00,2.833542412182134651e+00,3.393228611851530031e-05
7.000000000000000000e+00,2.835921024016914149e+00,9.239793858103270566e-04
7.000000000000000000e+00,2.838297135088118761e+00,9.751748266864539768e-04
7.000000000000000000e+00,2.840677231205615438e+00,1.113161954069306079e-03
7.000000000000000000e+00,2.843054803040627743e+00,1.135143114028615459e-03
7.000000000000000000e+00,2.845429827880051832e+00,2.209623991975091990e-04
7.000000000000000000e+00,2.847808824123101878e+00,1.937939862441288917e-04
7.000000000000000000e+00,2.850185249634491935e+00,1.775504931945193286e-05
7.000000000000000000e+00,2.852565644594050376e+00,1.187943307765406333e-05
7.000000000000000000e+00,2.854943444955898801e+00,1.381762645298288209e-05
7.000000000000000000e+00,2.857318627786822773e+00,1.128553722551739104e-05
7.000000000000000000e+00,2.859697765996172869e+00,1.153217494240772888e-05
7.000000000000000000e+00,2.862080869472485301e+00,1.003739645767081281e-05
7.000000000000000000e+00,2.864454712355927857e+00,9.589206633664539115e-06
7.000000000000000000e+00,2.866832496293459265e+00,7.927718521291534428e-06
7.000000000000000000e+00,2.869214231107640511e+00,3.279107050891499244e-06
7.000000000000000000e+00,2.871586624881306449e+00,4.910074154784919870e-06
7.000000000000000000e+00,2.873969606985570024e+00,3.097918871276397409e-06
7.000000000000000000e+00,2.876343201527446158e+00,2.180208292635946312e-06
7.000000000000000000e+00,2.878720719985517373e+00,1.337313125743621192e-06
7.000000000000000000e+00,2.881102172098087610e+00,8.997840681243852670e-07
7.000000000000000000e+00,2.883480861554354568e+00,6.000637833226657657e-07
7.000000000000000000e+00,2.885856764896066906e+00,2.812371054918493506e-06
7.000000000000000000e+00,2.888236586815389195e+00,5.892177263600503474e-06
7.000000000000000000e+00,2.890613597715197436e+00,6.291459517455096646e-06
7.000000000000000000e+00,2.892994524384758570e+00,3.213237989356904165e-06
7.000000000000000000e+00,2.895365853522527733e+00,5.518800647185174654e-07
7.000000000000000000e+00,2.897747845885614293e+00,5.439366694613856483e-07
7.000000000000000000e+00,2.900126977032283726e+00,4.600906361336503278e-06
7.000000000000000000e+00,2.902503223200517901e+00,6.374568578247072809e-06
7.000000000000000000e+00,2.904883366561006319e+00,2.402134396763713376e-06
7.000000000000000000e+00,2.907260599562923709e+00,1.154887048684940672e-06
7.000000000000000000e+00,2.909634898318774088e+00,3.750510014951073193e-07
7.000000000000000000e+00,2.912013078324352744e+00,3.430082866579250986e-06
7.000000000000000000e+00,2.914395149104420657e+00,6.443137676829867047e-06
7.000000000000000000e+00,2.916774258379155604e+00,3.101498907787420705e-06
7.000000000000000000e+00,2.919150382085439865e+00,2.428879778690290206e-06
7.000000000000000000e+00,2.921523496123781261e+00,2.237933973517608270e-07
7.000000000000000000e+00,2.923907367138645963e+00,8.885073434366872040e-07
7.000000000000000000e+00,2.926281318344463589e+00,6.321312792886744995e-06
7.000000000000000000e+00,2.928659127554641639e+00,7.914148618571085846e-06
7.000000000000000000e+00,2.931040804181527015e+00,5.365367415867963529e-06
7.000000000000000000e+00,2.933419417291878162e+00,8.754598280190154566e-07
7.000000000000000000e+00,2.935794942524495799e+00,4.351550203939616157e-07
7.000000000000000000e+00,2.938174318344370928e+00,6.513953859569794228e-06
7.000000000000000000e+00,2.940550579959972044e+00,1.236353016816610278e-05
7.000000000000000000e+00,2.942930688311046872e+00,5.206342076317229276e-06
7.000000000000000000e+00,2.945307656001242336e+00,3.668444768933670101e-06
7.000000000000000000e+00,2.947681458460930770e+00,1.585785391640602519e-07
7.000000000000000000e+00,2.950059090390392047e+00,1.910135058893666480e-05
7.000000000000000000e+00,2.952440561063782720e+00,1.444219698092866070e-04
7.000000000000000000e+00,2.954818837778843132e+00,1.570440295321243955e-04
7.000000000000000000e+00,2.957193895793339244e+00,1.503831105305219096e-04
7.000000000000000000e+00,2.959572774981745535e+00,3.752240724634883560e-06
7.000000000000000000e+00,2.961955484573179920e+00,1.474370995788995675e-06
7.000000000000000000e+00,2.964327858985216224e+00,5.995263565811913777e-07
7.000000000000000000e+00,2.966711135514628506e+00,4.163697457806942912e-06
7.000000000000000000e+00,2.969084027002956372e+00,1.287356178844677998e-06
7.000000000000000000e+00,2.971467838945096585e+00,1.129738257111819712e-06
7.000000000000000000e+00,2.973841215813263883e+00,7.321399672130135159e-06
7.000000000000000000e+00,2.976218387048926051e+00,1.678542548206046137e-06
7.000000000000000000e+00,2.978599361758565323e+00,3.467602111415250474e-06
7.000000000000000000e+00,2.980976981837772488e+00,1.363447769415197135e-04
7.000000000000000000e+00,2.983351222083469256e+00,2.440718255618792496e-04
7.000000000000000000e+00,2.985729247336589065e+00,1.810048132550735715e-04
7.000000000000000000e+00,2.988111066655426029e+00,7.187629732672569017e-06
7.000000000000000000e+00,2.990489476071835462e+00,9.321604231798592436e-07
7.000000000000000000e+00,2.992864450213154281e+00,6.598480983895710827e-06
7.000000000000000000e+00,2.995243199646329124e+00,2.076000279234395153e-06
7.000000000000000000e+00,2.997618485893688511e+00,9.570596937660474057e-07
7.000000000000000000e+00,2.999997542427555786e+00,4.941285396542713054e-06
8.000000000000000000e+00,1.423404188478144317e+00,1.179964851237003256e-04
8.000000000000000000e+00,1.425782566128521500e+00,1.896529091597687770e-05
8.000000000000000000e+00,1.428160679720647197e+00,6.478810159642657432e-05
8.000000000000000000e+00,1.430538486772758411e+00,9.247340682203463098e-05
8.000000000000000000e+00,1.432915944529842500e+00,4.240837544059725589e-05
8.000000000000000000e+00,1.435294671521053944e+00,1.288954751700111315e-04
8.000000000000000000e+00,1.437671306838161023e+00,1.876511956951048925e-05
8.000000000000000000e+00,1.440050808136397853e+00,7.102279862416603759e-05
8.000000000000000000e+00,1.442428130388856866e+00,1.048514910038151509e-04
8.000000000000000000e+00,1.444806580222042447e+00,4.428061709994886188e-05
8.000000000000000000e+00,1.447184440705151953e+00,1.496022890883153607e-04
8.000000000000000000e+00,1.449561667222405870e+00,2.194349798203895985e-05
8.000000000000000000e+00,1.451939915205273879e+00,9.793729902626705300e-05
8.000000000000000000e+00,1.454317450317589300e+00,1.421007474997529167e-04
8.000000000000000000e+00,1.456695938627691200e+00,7.434203637933598646e-05
8.000000000000000000e+00,1.459073634158916555e+00,2.042438218544929648e-04
8.000000000000000000e+00,1.461452213653828158e+00,2.975150587908361520e-05
8.000000000000000000e+00,1.463829919457844797e+00,1.271612793574955892e-04
8.000000000000000000e+00,1.466208439024566657e+00,1.338920224891113606e-04
8.000000000000000000e+00,1.468586002984929362e+00,6.929027226961982286e-05
8.000000000000000000e+00,1.470964309539829262e+00,1.547613074024545429e-04
8.000000000000000000e+00,1.473341577570034255e+00,3.179612910358354871e-05
8.000000000000000000e+00,1.475719516059424974e+00,1.067616453232309449e-04
8.000000000000000000e+00,1.478098094240766214e+00,1.107583833701738488e-04
8.000000000000000000e+00,1.480475513315234082e+00,8.438182431685067647e-05
8.000000000000000000e+00,1.482853498523538649e+00,1.721185058910213426e-04
8.000000000000000000e+00,1.485232018414436084e+00,5.733915452455492308e-05
8.000000000000000000e+00,1.487609256426934090e+00,1.678356742740664263e-04
8.000000000000000000e+00,1.489986954141012232e+00,7.574737096285550449e-05
8.000000000000000000e+00,1.492365079420795659e+00,5.083276462753189462e-05
8.000000000000000000e+00,1.494743599912236265e+00,6.276813233241731495e-05
8.000000000000000000e+00,1.497120675253670763e+00,2.375532467686450422e-05
8.000000000000000000e+00,1.499499882482282054e+00,8.251726628751181246e-05
8.000000000000000000e+00,1.501877567244239930e+00,3.853735296423830230e-05
8.000000000000000000e+00,1.504255504071110305e+00,6.810748182810771661e-05
8.000000000000000000e+00,1.506633659486564580e+00,6.934614751165395696e-05
8.000000000000000000e+00,1.509011999795530246e+00,3.487217673107363767e-05
8.000000000000000000e+00,1.511388648673164026e+00,8.419113812938352202e-05
8.000000000000000000e+00,1.513767251004833225e+00,2.881223738586051223e-05
8.000000000000000000e+00,1.516145935822170943e+00,6.524326293435816332e-05
8.000000000000000000e+00,1.518522808709106275e+00,5.500487622009601598e-05
8.000000000000000000e+00,1.520901548735163589e+00,4.397501856830847623e-05
8.000000000000000000e+00,1.523278395355869286e+00,7.879724981918711764e-05
8.000000000000000000e+00,1.525657050519223512e+00,2.283388404741954503e-05
8.000000000000000000e+00,1.528035613106303980e+00,7.962463485776636880e-05
8.000000000000000000e+00,1.530412158368475106e+00,4.828918598035887138e-05
8.000000000000000000e+00,1.532790422710940126e+00,5.498214846767522304e-05
8.000000000000000000e+00,1.535168486814444622e+00,7.874992570046559636e-05
8.000000000000000000e+00,1.537546314356687649e+00,3.553310525156587902e-05
8.000000000000000000e+00,1.539925781434329011e+00,1.088884948775282438e-04
8.000000000000000000e+00,1.542303031922281464e+00,4.724100320157439904e-05
8.000000000000000000e+00,1.544679935578640473e+00,9.722501112484402527e-05
8.000000000000000000e+00,1.547058385603538921e+00,1.100293196847811425e-04
8.000000000000000000e+00,1.549436426059346950e+00,1.021386043974421051e-04
8.000000000000000000e+00,1.551814019337569794e+00,3.230458539574073860e-04
8.000000000000000000e+00,1.554193075854291672e+00,8.251055093866916496e-05
8.000000000000000000e+00,1.556571621252926807e+00,9.767122613224996325e-05
8.000000000000000000e+00,1.558949617294478562e+00,3.561125360875183930e-05
8.000000000000000000e+00,1.561327025522138312e+00,3.978686626795653218e-05
8.000000000000000000e+00,1.563703807261558554e+00,5.743165564612257121e-05
8.000000000000000000e+00,1.566081901784048602e+00,2.303915753983760105e-05
8.000000000000000000e+00,1.568461288012522381e+00,7.620664034109871695e-05
8.000000000000000000e+00,1.570837964304495848e+00,2.967824001869595783e-05
8.000000000000000000e+00,1.573215865533810209e+00,6.288335830390157772e-05
8.000000000000000000e+00,1.575594970075133272e+00,5.481592159254642705e-05
8.000000000000000000e+00,1.577973247821740976e+00,4.070975586645617642e-05
8.000000000000000000e+00,1.580350658646643147e+00,8.744378720198616914e-05
8.000000000000000000e+00,1.582729182648527688e+00,2.041986375758810733e-05
8.000000000000000000e+00,1.585106770971465240e+00,7.983894181007764284e-05
8.000000000000000000e+00,1.587483382861448522e+00,4.251748162642685714e-05
8.000000000000000000e+00,1.589863054736732062e+00,6.604664362843186648e-05
8.000000000000000000e+00,1.592239647623282961e+00,7.143940543565568848e-05
8.000000000000000000e+00,1.594619254564539901e+00,9.066710965246938707e-06
8.000000000000000000e+00,1.596995699582284045e+00,1.148091213055246849e-04
8.000000000000000000e+00,1.599375112011809597e+00,3.216275533700285266e-05
8.000000000000000000e+00,1.601751278763500652e+00,1.085754481236677406e-04
8.000000000000000000e+00,1.604130365570978434e+00,6.724117550584754162e-05
8.000000000000000000e+00,1.606508203736388474e+00,8.095151634178190351e-05
8.000000000000000000e+00,1.608886838448475576e+00,1.766983459579474919e-04
8.000000000000000000e+00,1.611264151472938666e+00,1.803355553555707215e-05
8.000000000000000000e+00,1.613642199950546807e+00,1.796048378369658860e-04
8.000000000000000000e+00,1.616020959246320388e+00,6.062152956962594522e-05
8.000000000000000000e+00,1.618398292022371621e+00,1.517984628050551019e-04
8.000000000000000000e+00,1.620776273428434777e+00,1.358523266597608454e-04
8.000000000000000000e+00,1.623154878309403193e+00,1.323502450585969145e-04
8.000000000000000000e+00,1.625531950142255599e+00,2.988673990884655319e-04
8.000000000000000000e+00,1.627909582167395008e+00,3.771929519485711348e-05
8.000000000000000000e+00,1.630287748709084994e+00,3.875110245731453276e-04
8.000000000000000000e+00,1.632666423928462507e+00,1.484314784766286547e-04
8.000000000000000000e+00,1.635043425604618017e+00,5.671974541983373311e-04
8.000000000000000000e+00,1.637420871234776421e+00,2.875732124158503775e-04
8.000000000000000000e+00,1.639798734458945972e+00,5.679256637725856544e-06
8.000000000000000000e+00,1.642176988753630829e+00,1.073978247846211608e-03
8.000000000000000000e+00,1.644555607431689159e+00,1.025624046938309621e-04
8.000000000000000000e+00,1.646934563642211913e+00,1.112126377142886105e-03
8.000000000000000000e+00,1.649311636354932720e+00,2.377486642620514970e-02
8.000000000000000000e+00,1.651688979741587904e+00,2.627533807395042095e-02
8.000000000000000000e+00,1.654066566429912566e+00,2.915410995180351544e-02
8.000000000000000000e+00,1.656446581917050409e+00,3.803800286529648161e-02
8.000000000000000000e+00,1.658824578794847904e+00,4.194950350013343376e-02
8.000000000000000000e+00,1.661200510123229890e+00,5.181878972482252543e-02
8.000000000000000000e+00,1.663578793016376123e+00,5.917250778086754343e-02
8.000000000000000000e+00,1.665957179889875128e+00,7.179557257758784061e-02
8.000000000000000000e+00,1.668335642387050344e+00,8.440974716437146808e-02
8.000000000000000000e+00,1.670714151986992135e+00,1.032268568775000506e-01
8.000000000000000000e+00,1.673090422268976418e+00,1.271144893805051801e-01
8.000000000000000000e+00,1.675468933430814822e+00,1.531026974338400293e-01
8.000000000000000000e+00,1.677847405138119141e+00,1.948047991728498740e-01
8.000000000000000000e+00,1.680225808213018368e+00,2.415375566558512488e-01
8.000000000000000000e+00,1.682604113313405536e+00,3.095616623028858427e-01
8.000000000000000000e+00,1.684982290932964144e+00,3.909181406540797599e-01
8.000000000000000000e+00,1.687360311401208346e+00,4.903240500002869484e-01
8.000000000000000000e+00,1.689738144883533133e+00,5.981011502645485756e-01
8.000000000000000000e+00,1.692115761381273620e+00,6.782185317015096970e-01
8.000000000000000000e+00,1.694493130731776098e+00,7.215708355626271331e-01
8.000000000000000000e+00,1.696870222608480416e+00,6.881658317151536641e-01
8.000000000000000000e+00,1.699249335401934236e+00,6.175004497417690974e-01
8.000000000000000000e+00,1.701628122620680639e+00,5.178487250689303156e-01
8.000000000000000000e+00,1.704004211532359703e+00,4.285499042043477425e-01
8.000000000000000000e+00,1.706382248516707056e+00,3.492859364410070833e-01
8.000000000000000000e+00,1.708759867047055625e+00,2.850414146652422431e-01
8.000000000000000000e+00,1.711139397425514685e+00,2.412972644285938661e-01
8.000000000000000000e+00,1.713516091596347435e+00,1.997874324120222644e-01
8.000000000000000000e+00,1.715894647708231302e+00,1.747460506351403153e-01
8.000000000000000000e+00,1.718272672423617475e+00,1.503843331743509593e-01
8.000000000000000000e+00,1.720650133828133255e+00,1.361972126382405002e-01
8.000000000000000000e+00,1.723029394364145483e+00,1.227214076147301047e-01
8.000000000000000000e+00,1.725405639360965360e+00,1.150704897588416958e-01
8.000000000000000000e+00,1.727783632085690080e+00,1.112997210119130442e-01
8.000000000000000000e+00,1.730163359864028916e+00,1.058676925985946454e-01
8.000000000000000000e+00,1.732539967848906848e+00,1.118660901374152333e-01
8.000000000000000000e+00,1.734918258608534103e+00,1.139587930871056864e-01
8.000000000000000000e+00,1.737295784744042226e+00,1.302127417189121728e-01
8.000000000000000000e+00,1.739674954091988246e+00,1.265324091313905219e-01
8.000000000000000000e+00,1.742053305661134033e+00,8.427743636158224749e-03
8.000000000000000000e+00,1.744430805976284748e+00,3.733178632082589585e-03
8.000000000000000000e+00,1.746807421400558225e+00,2.530952856549694568e-02
8.000000000000000000e+00,1.749185585906543050e+00,4.195902108531360166e-04
8.000000000000000000e+00,1.751565285671503824e+00,4.100748504869257925e-03
8.000000000000000000e+00,1.753941544332989544e+00,7.032295913131838411e-04
8.000000000000000000e+00,1.756319283347408389e+00,3.440895151694100228e-03
8.000000000000000000e+00,1.758698488506720947e+00,1.130278180722152489e-03
8.000000000000000000e+00,1.761076644056678076e+00,5.172036775947000745e-03
8.000000000000000000e+00,1.763453715291095847e+00,2.475086523330389046e-03
8.000000000000000000e+00,1.765832182308382903e+00,6.561150493167396645e-03
8.000000000000000000e+00,1.768209508663195706e+00,5.811314346479706620e-03
8.000000000000000000e+00,1.770588187717695883e+00,1.128176922420247438e-03
8.000000000000000000e+00,1.772965669196805205e+00,5.616655355501552586e-03
8.000000000000000000e+00,1.775344459763996241e+00,4.503598563146297756e-04
8.000000000000000000e+00,1.777721995276969613e+00,2.253916101422421148e-03
8.000000000000000000e+00,1.780100795737554753e+00,2.408024803183393312e-04
8.000000000000000000e+00,1.782478283099381056e+00,1.163196090457511945e-03
8.000000000000000000e+00,1.784856990739158489e+00,2.235206271685590852e-04
8.000000000000000000e+00,1.787234326670235962e+00,6.290322317838622493e-04
8.000000000000000000e+00,1.789612837680196966e+00,3.329018128956003639e-04
8.000000000000000000e+00,1.791989917806559918e+00,1.173668167262808312e-04
8.000000000000000000e+00,1.794368127283230807e+00,8.128374209277770737e-04
8.000000000000000000e+00,1.796744846137017459e+00,2.105601783562284035e-04
8.000000000000000000e+00,1.799122648083041343e+00,5.411299259801447773e-04
8.000000000000000000e+00,1.801501516697256555e+00,1.325388059221530392e-04
8.000000000000000000e+00,1.803878810935230392e+00,3.172357781378583146e-04
8.000000000000000000e+00,1.806257124818080539e+00,7.271170943506513943e-05
8.000000000000000000e+00,1.808636441567766484e+00,2.055403177276652097e-04
8.000000000000000000e+00,1.811014098981616804e+00,6.720053488344975435e-05
8.000000000000000000e+00,1.813392711472929353e+00,1.296907080035922906e-04
8.000000000000000000e+00,1.815769602679484063e+00,6.471631046324243040e-05
8.000000000000000000e+00,1.818147400644648304e+00,9.548909090297341500e-05
8.000000000000000000e+00,1.820526087986671593e+00,1.123256866140393668e-04
8.000000000000000000e+00,1.822902967052714596e+00,1.254073578223789560e-05
8.000000000000000000e+00,1.825280686410676978e+00,1.026312853802025427e-04
8.000000000000000000e+00,1.827659228322897844e+00,5.924376144899146911e-06
8.000000000000000000e+00,1.830038574944468310e+00,8.640270815449408706e-05
8.000000000000000000e+00,1.832416000112327747e+00,6.110998575146978891e-06
8.000000000000000000e+00,1.834794179900823385e+00,6.796403573184334863e-05
8.000000000000000000e+00,1.837170373825880221e+00,1.234668751863593849e-05
8.000000000000000000e+00,1.839550001086070585e+00,7.189527164422595466e-05
8.000000000000000000e+00,1.841927591628267580e+00,2.734798664392328082e-05
8.000000000000000000e+00,1.844305849176059109e+00,9.583306783124943568e-05
8.000000000000000000e+00,1.846682004518993780e+00,8.421286029711920040e-05
8.000000000000000000e+00,1.849061532876481451e+00,1.245544389602957385e-04
8.000000000000000000e+00,1.851438907171361503e+00,2.919356772423174046e-04
8.000000000000000000e+00,1.853816858923008848e+00,3.528294880958987470e-05
8.000000000000000000e+00,1.856195368998788231e+00,8.267997965600733506e-04
8.000000000000000000e+00,1.858574418157592278e+00,1.017416214948497794e-04
8.000000000000000000e+00,1.860951193835267858e+00,3.829526700408767206e-03
8.000000000000000000e+00,1.863328455497598846e+00,5.914926643020063015e-04
8.000000000000000000e+00,1.865706183545688734e+00,6.377264425919520682e-03
8.000000000000000000e+00,1.868084358271926204e+00,8.585401578374354803e-02
8.000000000000000000e+00,1.870462959859882535e+00,1.003399840058415843e-01
8.000000000000000000e+00,1.872841968384215239e+00,1.523377018790495196e-01
8.000000000000000000e+00,1.875218527602503737e+00,1.856579075354868325e-01
8.000000000000000000e+00,1.877598282584272082e+00,2.247019884034560655e-01
8.000000000000000000e+00,1.879975533445847002e+00,2.351763573031230570e-01
8.000000000000000000e+00,1.882353096003137383e+00,2.458437348952989265e-01
8.000000000000000000e+00,1.884730949754881424e+00,2.309488674019393728e-01
8.000000000000000000e+00,1.887109074090651539e+00,2.109934702666736439e-01
8.000000000000000000e+00,1.889487448290790628e+00,2.016595213678188947e-01
8.000000000000000000e+00,1.891866051526354786e+00,1.771526428045370194e-01
8.000000000000000000e+00,1.894241968814363020e+00,1.694137930002299341e-01
8.000000000000000000e+00,1.896620959922661109e+00,1.514987567994127982e-01
8.000000000000000000e+00,1.899000116913673875e+00,1.501484759353065301e-01
8.000000000000000000e+00,1.901376502634666066e+00,1.419576867308814383e-01
8.000000000000000000e+00,1.903755920179471373e+00,1.505484922146468896e-01
8.000000000000000000e+00,1.906132508977648854e+00,1.516296001605155763e-01
8.000000000000000000e+00,1.908512101096307090e+00,1.611324936923186624e-01
8.000000000000000000e+00,1.910888806516348737e+00,1.626592056110851003e-01
8.000000000000000000e+00,1.913265533887637870e+00,1.779555778671137178e-01
8.000000000000000000e+00,1.915645221064280479e+00,1.917949333279376223e-01
8.000000000000000000e+00,1.918021933723900396e+00,2.219100567906000798e-01
8.000000000000000000e+00,1.920401576683357536e+00,2.476748667310156860e-01
8.000000000000000000e+00,1.922778185987368271e+00,2.644296643078380415e-01
8.000000000000000000e+00,1.925157695683840764e+00,2.214942384658661056e-01
8.000000000000000000e+00,1.927534112112835318e+00,1.405820623183854090e-01
8.000000000000000000e+00,1.929913398624609977e+00,7.087585514927027819e-02
8.000000000000000000e+00,1.932289531783984105e+00,3.310325296212362350e-02
8.000000000000000000e+00,1.934668504313772353e+00,1.708655479801749616e-02
8.000000000000000000e+00,1.937047289244272052e+00,9.355592563769901671e-03
8.000000000000000000e+00,1.939422829809603455e+00,7.752962648536865231e-03
8.000000000000000000e+00,1.941801162930054447e+00,8.186030443331866399e-03
8.000000000000000000e+00,1.944179239057897579e+00,1.184417308609183976e-02
8.000000000000000000e+00,1.946557034846245759e+00,1.609861482299943664e-02
8.000000000000000000e+00,1.948937590416296883e+00,2.533556441384670829e-02
8.000000000000000000e+00,1.951314762526208613e+00,3.328639698027496124e-02
8.000000000000000000e+00,1.953691583608964111e+00,5.814952346629241597e-02
8.000000000000000000e+00,1.956071115926188098e+00,1.253633041997854504e-02
8.000000000000000000e+00,1.958447170997391629e+00,1.179581398111931518e-03
8.000000000000000000e+00,1.960825904438677769e+00,3.081740115773696012e-02
8.000000000000000000e+00,1.963204206118381423e+00,7.954184656852512046e-04
8.000000000000000000e+00,1.965582051840911504e+00,1.464858935749747265e-02
8.000000000000000000e+00,1.967959417301841540e+00,1.424272972894536932e-03
8.000000000000000000e+00,1.970339409318672352e+00,1.398748774869574586e-02
8.000000000000000000e+00,1.972715748465783570e+00,6.417920801338368193e-04
8.000000000000000000e+00,1.975094680156374904e+00,6.030717201486688987e-03
8.000000000000000000e+00,1.977473048443104009e+00,5.958206217450930705e-04
8.000000000000000000e+00,1.979850828500714810e+00,3.100730099290747825e-03
8.000000000000000000e+00,1.982227995395533071e+00,2.414106616227781107e-04
8.000000000000000000e+00,1.984604524085609167e+00,1.268939692710189734e-03
8.000000000000000000e+00,1.986983573776171186e+00,4.770661368101833562e-05
8.000000000000000000e+00,1.989361950099164611e+00,3.830482938075454409e-04
8.000000000000000000e+00,1.991739627709276261e+00,1.185482062450830346e-05
8.000000000000000000e+00,1.994116581153200896e+00,1.921990622308396973e-04
8.000000000000000000e+00,1.996495999787446962e+00,3.227164702782390209e-06
8.000000000000000000e+00,1.998874658345563660e+00,1.700426351684037360e-04
8.000000000000000000e+00,2.001252531070988550e+00,2.788740448275399905e-06
8.000000000000000000e+00,2.003629592099526402e+00,1.531293148661893319e-04
8.000000000000000000e+00,2.006009061087529410e+00,4.767754504426068200e-06
8.000000000000000000e+00,2.008384428391164267e+00,1.355230374681258478e-04
8.000000000000000000e+00,2.010762166794522354e+00,5.775700325000558027e-06
8.000000000000000000e+00,2.013142273146784511e+00,1.460368239851927356e-04
8.000000000000000000e+00,2.015518191284053184e+00,5.966007817595066917e-06
8.000000000000000000e+00,2.017896439964003363e+00,1.397413928364085061e-04
8.000000000000000000e+00,2.020273723858567294e+00,8.296828705452203112e-06
8.000000000000000000e+00,2.022653315995031953e+00,1.348369478617270632e-04
8.000000000000000000e+00,2.025031905392828957e+00,8.144080375164350805e-06
8.000000000000000000e+00,2.027409465173173775e+00,1.575542656055775061e-04
8.000000000000000000e+00,2.029785968350953596e+00,8.722996475368174923e-06
8.000000000000000000e+00,2.032164718651917390e+00,1.472490508581977657e-04
8.000000000000000000e+00,2.034542373648666747e+00,9.975035325350175623e-06
8.000000000000000000e+00,2.036922252485694695e+00,1.458300656689252178e-04
8.000000000000000000e+00,2.039297642718866488e+00,7.268165718341325139e-06
8.000000000000000000e+00,2.041678579620796796e+00,1.595701098040509618e-04
8.000000000000000000e+00,2.044054972850176011e+00,5.932746980631353504e-06
8.000000000000000000e+00,2.046433526721744833e+00,1.433683861812097592e-04
8.000000000000000000e+00,2.048810851376187347e+00,6.364089761342419209e-06
8.000000000000000000e+00,2.051190312403015081e+00,1.436681709455592292e-04
8.000000000000000000e+00,2.053568504069569922e+00,6.314037485386316852e-06
8.000000000000000000e+00,2.055945398294015458e+00,1.933893461279072616e-04
8.000000000000000000e+00,2.058324384012754305e+00,6.773636814924916529e-06
8.000000000000000000e+00,2.060702031599246808e+00,1.967520845801702493e-04
8.000000000000000000e+00,2.063078312672746772e+00,8.017538704327885292e-06
8.000000000000000000e+00,2.065456639593524102e+00,2.171189603120080589e-04
8.000000000000000000e+00,2.067833558764816893e+00,7.739588743805953452e-06
8.000000000000000000e+00,2.070212498216723152e+00,2.629697576850989027e-04
8.000000000000000000e+00,2.072589988335185041e+00,1.029062987583490708e-05
8.000000000000000000e+00,2.074969472860463071e+00,2.461766700166863613e-04
8.000000000000000000e+00,2.077347466120683439e+00,1.440481699436974952e-05
8.000000000000000000e+00,2.079723939049616721e+00,2.571694924720937755e-04
8.000000000000000000e+00,2.082102359006916092e+00,2.497478246472263860e-05
8.000000000000000000e+00,2.084479216156104542e+00,2.996387479750636882e-04
8.000000000000000000e+00,2.086857993654473997e+00,4.975488087649223028e-05
8.000000000000000000e+00,2.089235165520535009e+00,3.658170028484279798e-04
8.000000000000000000e+00,2.091614230747953052e+00,7.497869637142623434e-05
8.000000000000000000e+00,2.093991647171488779e+00,4.157589253576337391e-04
8.000000000000000000e+00,2.096370929659487015e+00,8.414764642938402637e-05
8.000000000000000000e+00,2.098748519824702452e+00,4.576472906270481885e-04
8.000000000000000000e+00,2.101127948448022309e+00,8.610153850866636427e-05
8.000000000000000000e+00,2.103505640882435745e+00,4.954184065923619576e-04
8.000000000000000000e+00,2.105881566995955634e+00,1.266684775904526735e-04
8.000000000000000000e+00,2.108259281488489290e+00,4.421050137047271688e-04
8.000000000000000000e+00,2.110638778281487493e+00,1.935078407257941470e-04
8.000000000000000000e+00,2.113016450109418187e+00,3.018767176169136137e-04
8.000000000000000000e+00,2.115395875701245210e+00,2.220990107159437734e-04
8.000000000000000000e+00,2.117773431421519081e+00,1.437658437767241264e-04
8.000000000000000000e+00,2.120149086564412588e+00,2.821877422869313438e-04
8.000000000000000000e+00,2.122526443941901597e+00,5.670438998985061377e-06
8.000000000000000000e+00,2.124905497063319437e+00,2.181813251909764048e-04
8.000000000000000000e+00,2.127282589459348561e+00,7.023881819116092649e-06
8.000000000000000000e+00,2.129661348130645226e+00,1.962972740063194594e-04
8.000000000000000000e+00,2.132041766401622240e+00,1.630003509872033699e-05
8.000000000000000000e+00,2.134416488630205944e+00,1.904498764709562024e-04
8.000000000000000000e+00,2.136796506809325980e+00,2.805085531034549214e-05
8.000000000000000000e+00,2.139174456954846537e+00,2.037311889980539064e-04
8.000000000000000000e+00,2.141550307510549533e+00,5.968069134822707062e-05
8.000000000000000000e+00,2.143931441358600143e+00,1.685311358981801634e-04
8.000000000000000000e+00,2.146306729584555040e+00,8.776735453293727071e-05
8.000000000000000000e+00,2.148687286870718527e+00,1.401261427882339477e-04
8.000000000000000000e+00,2.151065666753996908e+00,9.414420698099406953e-05
8.000000000000000000e+00,2.153441837210316567e+00,9.859157228941304836e-05
8.000000000000000000e+00,2.155819514621453603e+00,1.379023850773566072e-04
8.000000000000000000e+00,2.158198691568031347e+00,6.583555377579350051e-05
8.000000000000000000e+00,2.160575595509616864e+00,2.730763300687170133e-04
8.000000000000000000e+00,2.162953967401529898e+00,1.053315210602038800e-05
8.000000000000000000e+00,2.165330017974534726e+00,3.136144539204578446e-04
8.000000000000000000e+00,2.167711294571818659e+00,6.167493550431972754e-05
8.000000000000000000e+00,2.170086419534671851e+00,4.630329861076659496e-04
8.000000000000000000e+00,2.172466754975850289e+00,1.532835379479810989e-04
8.000000000000000000e+00,2.174844688110332491e+00,7.048809153620510908e-04
8.000000000000000000e+00,2.177220185986402434e+00,5.049044759290724407e-04
8.000000000000000000e+00,2.179600878863794833e+00,2.234137097281179611e-04
8.000000000000000000e+00,2.181979103711777057e+00,4.199641068233047302e-03
8.000000000000000000e+00,2.184354827302986468e+00,3.965194085296716749e-03
8.000000000000000000e+00,2.186731873089897693e+00,3.471593054234100098e-03
8.000000000000000000e+00,2.189110232802705447e+00,3.949996065357925558e-03
8.000000000000000000e+00,2.191489898121623092e+00,5.025959414838501206e-03
8.000000000000000000e+00,2.193866978681393132e+00,7.058117459018635638e-03
8.000000000000000000e+00,2.196245331200582740e+00,1.084680041859681018e-02
8.000000000000000000e+00,2.198624947167761245e+00,1.704493014763594494e-02
8.000000000000000000e+00,2.201001910734452061e+00,2.706095761646058057e-02
8.000000000000000000e+00,2.203380103664479339e+00,4.060994678453394569e-02
8.000000000000000000e+00,2.205755593071625942e+00,5.806762445102118392e-02
8.000000000000000000e+00,2.208136210091760532e+00,7.097918565478698871e-02
8.000000000000000000e+00,2.210514089066549559e+00,8.106565627567899335e-02
8.000000000000000000e+00,2.212889195676467580e+00,8.029327242001055298e-02
8.000000000000000000e+00,2.215269411685253598e+00,7.659010092423891580e-02
8.000000000000000000e+00,2.217646820369182592e+00,6.836413838996709125e-02
8.000000000000000000e+00,2.220025362245094058e+00,5.944604132582942402e-02
8.000000000000000000e+00,2.222401044539729753e+00,5.231010960133215815e-02
8.000000000000000000e+00,2.224781816787405386e+00,4.592577416086424114e-02
8.000000000000000000e+00,2.227159693927706297e+00,4.290746008030502101e-02
8.000000000000000000e+00,2.229538650259491828e+00,3.802144068953178246e-02
8.000000000000000000e+00,2.231914658585150590e+00,3.382118027602348809e-02
8.000000000000000000e+00,2.234291710139395537e+00,2.737348152798785988e-02
8.000000000000000000e+00,2.236669795394403248e+00,2.191207891357947746e-02
8.000000000000000000e+00,2.239048904770509107e+00,1.867719823994577755e-02
8.000000000000000000e+00,2.241424976510854261e+00,1.851462090769497373e-02
8.000000000000000000e+00,2.243806096568353503e+00,2.117357462077353036e-02
8.000000000000000000e+00,2.246184142332022571e+00,2.596187051685986888e-02
8.000000000000000000e+00,2.248559078140137224e+00,3.353982295242978473e-02
8.000000000000000000e+00,2.250939041398960061e+00,3.643321338998544573e-02
8.000000000000000000e+00,2.253315857608640727e+00,4.428309633954793240e-02
8.000000000000000000e+00,2.255693594709365701e+00,2.040683367128854394e-03
8.000000000000000000e+00,2.258072242628007320e+00,3.621620489499892317e-03
8.000000000000000000e+00,2.260451791238908381e+00,1.600700296469960166e-03
8.000000000000000000e+00,2.262828100482377369e+00,1.237083697861654464e-03
8.000000000000000000e+00,2.265205272630280042e+00,2.503827554302161056e-04
8.000000000000000000e+00,2.267583297361956962e+00,7.657516330116389365e-04
8.000000000000000000e+00,2.269962164303962027e+00,2.930900737033095968e-04
8.000000000000000000e+00,2.272341863029972320e+00,3.245319718612362089e-04
8.000000000000000000e+00,2.274718209664019053e+00,4.334266026783538850e-04
8.000000000000000000e+00,2.277095349600728014e+00,1.488510841329867933e-04
8.000000000000000000e+00,2.279473272218509372e+00,3.864053348217135787e-04
8.000000000000000000e+00,2.281851966842678436e+00,1.076220216189197694e-04
8.000000000000000000e+00,2.284231422745374829e+00,3.085199911379807617e-04
8.000000000000000000e+00,2.286607412008805351e+00,1.734329620819447665e-04
8.000000000000000000e+00,2.288984123377203694e+00,2.543099156261897031e-04
8.000000000000000000e+00,2.291365780618124681e+00,3.331903305161953857e-04
8.000000000000000000e+00,2.293743912168016763e+00,1.651360157505239040e-04
8.000000000000000000e+00,2.296118480612924895e+00,8.004194950182984009e-04
8.000000000000000000e+00,2.298497970634805210e+00,3.645758624511059322e-04
8.000000000000000000e+00,2.300878127611091895e+00,8.083960139501913337e-04
8.000000000000000000e+00,2.303254661586480623e+00,1.096479016194838729e-02
8.000000000000000000e+00,2.305631822391659203e+00,1.207887542510469731e-02
8.000000000000000000e+00,2.308009598693951503e+00,1.257346041286591491e-02
8.000000000000000000e+00,2.310387979106963030e+00,1.550155542739046002e-02
8.000000000000000000e+00,2.312766952190511649e+00,1.646921163392307819e-02
8.000000000000000000e+00,2.315142183405042520e+00,1.832640246459305358e-02
8.000000000000000000e+00,2.317522298400336744e+00,1.945870384993639290e-02
8.000000000000000000e+00,2.319898630583908439e+00,2.013825096756179100e-02
8.000000000000000000e+00,2.322279841038421555e+00,2.107716586799605191e-02
8.000000000000000000e+00,2.324657227477955335e+00,2.034031372328617623e-02
8.000000000000000000e+00,2.327035118932285318e+00,1.942701985703471773e-02
8.000000000000000000e+00,2.329413503549994768e+00,1.828100985340978465e-02
8.000000000000000000e+00,2.331787983991368662e+00,1.750900939432690692e-02
8.000000000000000000e+00,2.334167310210840451e+00,1.806805020486805871e-02
8.000000000000000000e+00,2.336547093703715827e+00,1.929838513115618437e-02
8.000000000000000000e+00,2.338922910089027418e+00,2.151864325624371771e-02
8.000000000000000000e+00,2.341303562883347844e+00,2.452168757131696977e-02
8.000000000000000000e+00,2.343680206292833024e+00,2.730545410422828903e-02
8.000000000000000000e+00,2.346057240367172003e+00,3.122988124474957231e-02
8.000000000000000000e+00,2.348434652788937260e+00,3.425669545103738473e-02
8.000000000000000000e+00,2.350812431186368734e+00,3.744498726777725772e-02
8.000000000000000000e+00,2.353190563133336077e+00,4.093783045179109903e-02
8.000000000000000000e+00,2.355569036149298690e+00,4.109080068188970813e-02
8.000000000000000000e+00,2.357947837699267524e+00,4.302903855806301109e-02
8.000000000000000000e+00,2.360326955193766896e+00,4.135097760968364095e-02
8.000000000000000000e+00,2.362701873503119110e+00,3.580019810891910820e-02
8.000000000000000000e+00,2.365081575825791482e+00,3.316024425668505360e-02
8.000000000000000000e+00,2.367461555987104838e+00,2.530458063968448607e-02
8.000000000000000000e+00,2.369837271457410743e+00,1.899150231959938293e-03
8.000000000000000000e+00,2.372213220904162867e+00,9.586327092842648456e-04
8.000000000000000000e+00,2.374593939286923305e+00,1.466996359155118548e-03
8.000000000000000000e+00,2.376970326898085517e+00,2.008872018192262780e-04
8.000000000000000000e+00,2.379346909490778650e+00,2.490239528523360054e-04
8.000000000000000000e+00,2.381728249229686956e+00,2.218548622560186545e-04
8.000000000000000000e+00,2.384105191535353274e+00,6.653825397017383580e-05
8.000000000000000000e+00,2.386482289336266938e+00,2.242651567262484835e-04
8.000000000000000000e+00,2.388859529357821643e+00,1.450903586216495021e-04
8.000000000000000000e+00,2.391236898270765909e+00,6.363403332647974006e-05
8.000000000000000000e+00,2.393619003764643427e+00,1.523216565999061401e-04
8.000000000000000000e+00,2.395996599438805941e+00,9.351959190583978199e-05
8.000000000000000000e+00,2.398374283698073040e+00,3.723173186735530336e-05
8.000000000000000000e+00,2.400752042994434454e+00,7.917712073821142540e-05
8.000000000000000000e+00,2.403129863725176119e+00,6.194030317077146657e-05
8.000000000000000000e+00,2.405507732232872620e+00,2.562564297426509776e-05
8.000000000000000000e+00,2.407885634805378317e+00,7.564376616137504612e-05
8.000000000000000000e+00,2.410263557675826007e+00,4.521687544117047896e-05
8.000000000000000000e+00,2.412641487022620712e+00,3.037863642162204306e-05
8.000000000000000000e+00,2.415019408969439230e+00,8.122029397247744909e-05
8.000000000000000000e+00,2.417397309585231913e+00,3.536969297264505949e-05
8.000000000000000000e+00,2.419775174884221780e+00,4.220965102187853853e-05
8.000000000000000000e+00,2.422152990825908514e+00,8.774122631171972953e-05
8.000000000000000000e+00,2.424530743315073789e+00,3.805978544952900116e-05
8.000000000000000000e+00,2.426908418201789264e+00,7.829548877457626825e-05
8.000000000000000000e+00,2.429286001281421470e+00,9.271289003796173711e-05
8.000000000000000000e+00,2.431663478294642911e+00,6.100834052919215444e-05
8.000000000000000000e+00,2.434040834927446273e+00,1.148717542411290443e-04
8.000000000000000000e+00,2.436422844634672291e+00,9.862114342692786262e-05
8.000000000000000000e+00,2.438799926692925002e+00,5.556847149279890572e-05
8.000000000000000000e+00,2.441176845109251925e+00,1.196941993578737654e-04
8.000000000000000000e+00,2.443553585351005086e+00,9.569701081715546883e-05
8.000000000000000000e+00,2.445930132830938852e+00,4.626993478462927407e-05
8.000000000000000000e+00,2.448311307568818762e+00,9.916705842182447421e-05
8.000000000000000000e+00,2.450687434933867870e+00,8.523351264285939841e-05
8.000000000000000000e+00,2.453068178922694020e+00,4.049143397462072073e-05
8.000000000000000000e+00,2.455443827201868601e+00,8.268002668158718448e-05
8.000000000000000000e+00,2.457824081285056472e+00,8.428959274778799243e-05
8.000000000000000000e+00,2.460199191070725266e+00,3.523313808569174537e-05
8.000000000000000000e+00,2.462578895654787381e+00,5.616599499850397407e-05
8.000000000000000000e+00,2.464958307733604137e+00,7.323750693243292434e-05
8.000000000000000000e+00,2.467332502158201546e+00,2.819289562027973230e-05
8.000000000000000000e+00,2.469711274537423229e+00,3.697193285789125749e-05
8.000000000000000000e+00,2.472089709077717856e+00,5.697171854542549196e-05
8.000000000000000000e+00,2.474467790561501790e+00,1.955050954886538282e-05
8.000000000000000000e+00,2.476845503716746499e+00,2.313460579055933694e-05
8.000000000000000000e+00,2.479222833217026967e+00,3.443950966335805304e-05
8.000000000000000000e+00,2.481599763681567428e+00,1.303770140965668182e-05
8.000000000000000000e+00,2.483981256237295376e+00,1.782509761099049770e-05
8.000000000000000000e+00,2.486357351796226300e+00,2.377674318381436900e-05
8.000000000000000000e+00,2.488737997498906118e+00,9.466275709925288818e-06
8.000000000000000000e+00,2.491113196007286756e+00,2.037046761180226256e-05
8.000000000000000000e+00,2.493492932524325134e+00,2.502116799226350875e-05
8.000000000000000000e+00,2.495872195725481024e+00,1.465142064855108426e-05
8.000000000000000000e+00,2.498245935968249398e+00,1.948319532727410978e-05
8.000000000000000000e+00,2.500624195678618378e+00,3.242332943543711836e-05
8.000000000000000000e+00,2.503001934687554719e+00,2.437481672972112318e-05
8.000000000000000000e+00,2.505384199785404054e+00,1.179826005202286704e-05
8.000000000000000000e+00,2.507760859244102747e+00,2.871938982382544195e-05
8.000000000000000000e+00,2.510136950143142087e+00,2.764699512416709276e-05
8.000000000000000000e+00,2.512517547981021337e+00,7.422734648896222269e-06
8.000000000000000000e+00,2.514892463148078239e+00,2.169506567394205852e-05
8.000000000000000000e+00,2.517271872260600674e+00,2.972648095040789681e-05
8.000000000000000000e+00,2.519650667552726819e+00,8.597183740253214068e-06
8.000000000000000000e+00,2.522028832766149087e+00,2.390070454064444774e-05
8.000000000000000000e+00,2.524406351588751818e+00,4.296835925596378990e-05
8.000000000000000000e+00,2.526783207654688557e+00,1.570471952624216721e-05
8.000000000000000000e+00,2.529159384544463762e+00,2.503804805733500743e-05
8.000000000000000000e+00,2.531540034735527911e+00,5.875791581761401883e-05
8.000000000000000000e+00,2.533914813502587737e+00,5.410133451548597227e-05
8.000000000000000000e+00,2.536294051902468372e+00,2.057920000009632569e-05
8.000000000000000000e+00,2.538672564369699458e+00,4.068566095707165442e-05
8.000000000000000000e+00,2.541050334235800179e+00,7.462547397373086677e-05
8.000000000000000000e+00,2.543427344778853350e+00,5.518551652537547121e-05
8.000000000000000000e+00,2.545808806606810748e+00,2.559396742136784138e-05
8.000000000000000000e+00,2.548184257884455128e+00,4.869513299148285770e-05
8.000000000000000000e+00,2.550564146289386880e+00,8.220404502050463217e-05
8.000000000000000000e+00,2.552943227520946490e+00,6.120042666178571904e-05
8.000000000000000000e+00,2.555321484608414462e+00,2.831508509785820256e-05
8.000000000000000000e+00,2.557698900527907160e+00,7.479390068394319979e-05
8.000000000000000000e+00,2.560075458202479837e+00,1.083512435134135283e-04
8.000000000000000000e+00,2.562451140502226998e+00,8.598914473729405566e-05
8.000000000000000000e+00,2.564831236037994344e+00,7.823507620512266893e-05
8.000000000000000000e+00,2.567210441454971015e+00,1.748184466911775422e-04
8.000000000000000000e+00,2.569588739480965334e+00,1.013643875374322994e-03
8.000000000000000000e+00,2.571966112790943892e+00,2.996576586177362978e-04
8.000000000000000000e+00,2.574342544007147904e+00,3.864431430269842527e-03
8.000000000000000000e+00,2.576723370808659652e+00,4.163647034347125325e-03
8.000000000000000000e+00,2.579097875367938553e+00,4.415001758926186647e-03
8.000000000000000000e+00,2.581476760275176030e+00,4.869336786950949000e-03
8.000000000000000000e+00,2.583854652848235123e+00,4.847180890991720052e-03
8.000000000000000000e+00,2.586231535461967379e+00,4.630644940825018319e-03
8.000000000000000000e+00,2.588612795081014717e+00,4.403587660225823271e-03
8.000000000000000000e+00,2.590987614612529910e+00,4.321304631071178591e-03
8.000000000000000000e+00,2.593366795512073164e+00,4.306454586316758523e-03
8.000000000000000000e+00,2.595744915317689472e+00,4.229163057957133209e-03
8.000000000000000000e+00,2.598121956157397161e+00,4.259316439596611686e-03
8.000000000000000000e+00,2.600497900107185067e+00,4.454226007061005792e-03
8.000000000000000000e+00,2.602878193565458798e+00,4.715318011496628763e-03
8.000000000000000000e+00,2.605257374095403922e+00,4.835087413865292796e-03
8.000000000000000000e+00,2.607635423630717320e+00,4.681735292015516171e-03
8.000000000000000000e+00,2.610012324053281763e+00,4.448098857377384523e-03
8.000000000000000000e+00,2.612388057193310686e+00,4.166270846071065334e-03
8.000000000000000000e+00,2.614768119240192146e+00,3.884677465718687148e-03
8.000000000000000000e+00,2.617146997564059774e+00,4.615686319574152543e-04
8.000000000000000000e+00,2.619524673852972718e+00,1.058635432664532718e-03
8.000000000000000000e+00,2.621901129743555270e+00,1.619535612810603766e-03
8.000000000000000000e+00,2.624281901432961472e+00,9.602958671455383787e-05
8.000000000000000000e+00,2.626655871285938915e+00,2.921417887292489663e-05
8.000000000000000000e+00,2.629034140094493655e+00,2.984533556612962483e-05
8.000000000000000000e+00,2.631416719546495031e+00,5.225198577645818863e-05
8.000000000000000000e+00,2.633792431410708623e+00,6.647442365977130100e-05
8.000000000000000000e+00,2.636172436860944934e+00,1.401860263243797310e-04
8.000000000000000000e+00,2.638545517161249965e+00,6.064012581927872425e-05
8.000000000000000000e+00,2.640928499105384297e+00,1.590127933426770113e-03
8.000000000000000000e+00,2.643304518349861354e+00,1.722201327779567838e-03
8.000000000000000000e+00,2.645684816809926954e+00,1.770202348399645739e-03
8.000000000000000000e+00,2.648058094547728558e+00,1.771722170019968253e-03
8.000000000000000000e+00,2.650435633945297020e+00,1.787854123250363437e-03
8.000000000000000000e+00,2.652817446491849473e+00,1.779620939855700848e-03
8.000000000000000000e+00,2.655192171178932803e+00,1.756776435874027016e-03
8.000000000000000000e+00,2.657571151243650398e+00,1.715417496003535016e-03
8.000000000000000000e+00,2.659948691486012429e+00,1.656239570523593751e-03
8.000000000000000000e+00,2.662330489570499559e+00,1.637803782360772262e-03
8.000000000000000000e+00,2.664705102769717726e+00,1.644664971063401022e-03
8.000000000000000000e+00,2.667083955729373734e+00,1.697524486192471867e-03
8.000000000000000000e+00,2.669461312276356413e+00,1.716945263968405831e-03
8.000000000000000000e+00,2.671837153036051848e+00,1.714707401231851556e-03
8.000000000000000000e+00,2.674217226595466013e+00,1.682214559604099623e-03
8.000000000000000000e+00,2.676595765975274599e+00,1.655617139218338967e-03
8.000000000000000000e+00,2.678972751659991935e+00,1.564828646461646463e-03
8.000000000000000000e+00,2.681353962923400225e+00,1.595622464263961142e-03
8.000000000000000000e+00,2.683727792746523733e+00,1.827074562901868384e-04
8.000000000000000000e+00,2.686105829445210702e+00,4.288449095939046344e-05
8.000000000000000000e+00,2.688488084212449003e+00,1.222339734207739386e-05
8.000000000000000000e+00,2.690862888123974894e+00,6.434060607953299375e-05
8.000000000000000000e+00,2.693241891183510539e+00,1.994593383270188553e-04
8.000000000000000000e+00,2.695619243808531795e+00,2.184683574133238545e-04
8.000000000000000000e+00,2.697994926104692492e+00,1.147125325970697841e-03
8.000000000000000000e+00,2.700374799530429026e+00,6.776505296225386610e-04
8.000000000000000000e+00,2.702752983395575903e+00,2.773325368839292537e-03
8.000000000000000000e+00,2.705129457665879755e+00,2.951902210576361641e-03
8.000000000000000000e+00,2.707510114782492927e+00,3.108415941008336146e-03
8.000000000000000000e+00,2.709889042854494612e+00,3.199137402797771600e-03
8.000000000000000000e+00,2.712266221707900993e+00,3.341726437198295520e-03
8.000000000000000000e+00,2.714641631120770615e+00,3.422791729312761339e-03
8.000000000000000000e+00,2.717021204959639391e+00,3.558462828919487821e-03
8.000000000000000000e+00,2.719398989596979010e+00,3.709805672324518588e-03
8.000000000000000000e+00,2.721774964671693997e+00,3.919716108432150584e-03
8.000000000000000000e+00,2.724155095219163325e+00,4.031950245965297032e-03
8.000000000000000000e+00,2.726533396224594785e+00,4.207172425912984910e-03
8.000000000000000000e+00,2.728909847187990234e+00,4.267273796969245185e-03
8.000000000000000000e+00,2.731290444402350470e+00,4.249686367584519162e-03
8.000000000000000000e+00,2.733669171376605700e+00,4.099215961163128925e-03
8.000000000000000000e+00,2.736046007472129116e+00,3.951675312445594550e-03
8.000000000000000000e+00,2.738420932003415853e+00,5.156376343573977703e-04
8.000000000000000000e+00,2.740799983049091892e+00,8.665105173004385110e-04
8.000000000000000000e+00,2.743177102021586489e+00,1.710475755935549058e-04
8.000000000000000000e+00,2.745558347964158319e+00,1.983200297360223317e-04
8.000000000000000000e+00,2.747937641197727654e+00,1.108524375361947091e-04
8.000000000000000000e+00,2.750314960807459741e+00,9.296401853906543762e-05
8.000000000000000000e+00,2.752690285832279038e+00,4.504753482448472515e-05
8.000000000000000000e+00,2.755069717329380996e+00,2.921020829302971877e-05
8.000000000000000000e+00,2.757447133295085617e+00,1.845023147728678558e-05
8.000000000000000000e+00,2.759822512631141755e+00,1.709184503401789111e-05
8.000000000000000000e+00,2.762201987996263153e+00,1.160645919110955487e-05
8.000000000000000000e+00,2.764579405566437664e+00,8.987108356290307126e-06
8.000000000000000000e+00,2.766960919131962182e+00,7.439176083464042367e-06
8.000000000000000000e+00,2.769334167959193405e+00,5.762825896732166845e-06
8.000000000000000000e+00,2.771717687672561325e+00,4.802565321285577440e-06
8.000000000000000000e+00,2.774092899949887059e+00,3.745012441177920392e-06
8.000000000000000000e+00,2.776472186575843271e+00,2.149321966230993683e-06
8.000000000000000000e+00,2.778849329813015245e+00,2.264118322042449720e-06
8.000000000000000000e+00,2.781224308154069291e+00,2.765847768337440467e-06
8.000000000000000000e+00,2.783603349577585373e+00,3.129763741969741505e-06
8.000000000000000000e+00,2.785980204283322159e+00,4.015578817068030999e-06
8.000000000000000000e+00,2.788361121540816612e+00,4.751624653444587184e-06
8.000000000000000000e+00,2.790739830130332333e+00,6.063674511547338753e-06
8.000000000000000000e+00,2.793116308318245977e+00,7.057930590826354345e-06
8.000000000000000000e+00,2.795496837376052479e+00,7.378204332759798695e-06
8.000000000000000000e+00,2.797875113863212526e+00,9.920257569879944673e-06
8.000000000000000000e+00,2.800251115911298605e+00,1.129784344204979653e-05
8.000000000000000000e+00,2.802631156870153184e+00,1.324277923508237886e-05
8.000000000000000000e+00,2.805008901002245647e+00,1.479404323290410122e-05
8.000000000000000000e+00,2.807384326304926958e+00,1.690873243750525709e-05
8.000000000000000000e+00,2.809763778281390234e+00,1.877039119041108321e-05
8.000000000000000000e+00,2.812140888822362683e+00,2.099372659066578437e-05
8.000000000000000000e+00,2.814515635791587478e+00,2.295370809092201278e-05
8.000000000000000000e+00,2.816894396919202848e+00,2.526489437222708662e-05
8.000000000000000000e+00,2.819277182391831005e+00,2.509929251543041093e-05
8.000000000000000000e+00,2.821651159259273456e+00,2.198679829819724993e-05
8.000000000000000000e+00,2.824029137518142551e+00,2.027697476047705396e-05
8.000000000000000000e+00,2.826411127293623426e+00,1.547089384446255334e-05
8.000000000000000000e+00,2.828784230557050972e+00,1.629888986262180328e-05
8.000000000000000000e+00,2.831161322165572702e+00,1.868437950304141829e-05
8.000000000000000000e+00,2.833542412182134651e+00,1.717748613147860670e-05
8.000000000000000000e+00,2.835921024016914149e+00,2.571308813997675837e-05
8.000000000000000000e+00,2.838297135088118761e+00,2.363923133318721019e-05
8.000000000000000000e+00,2.840677231205615438e+00,4.319421859497413961e-05
8.000000000000000000e+00,2.843054803040627743e+00,4.240224728318145822e-05
8.000000000000000000e+00,2.845429827880051832e+00,9.828542146855276211e-04
8.000000000000000000e+00,2.847808824123101878e+00,1.018457312728475233e-03
8.000000000000000000e+00,2.850185249634491935e+00,1.206035995262791502e-03
8.000000000000000000e+00,2.852565644594050376e+00,1.211610508506342186e-03
8.000000000000000000e+00,2.854943444955898801e+00,1.200797870403431380e-03
8.000000000000000000e+00,2.857318627786822773e+00,1.186709962124427205e-03
8.000000000000000000e+00,2.859697765996172869e+00,1.156138115826617525e-03
8.000000000000000000e+00,2.862080869472485301e+00,1.131262015676608515e-03
8.000000000000000000e+00,2.864454712355927857e+00,1.087913488186548075e-03
8.000000000000000000e+00,2.866832496293459265e+00,1.053528307143641223e-03
8.000000000000000000e+00,2.869214231107640511e+00,1.003178903109000963e-03
8.000000000000000000e+00,2.871586624881306449e+00,9.600646003274660714e-04
8.000000000000000000e+00,2.873969606985570024e+00,8.852314767320505328e-04
8.000000000000000000e+00,2.876343201527446158e+00,2.878862904269517491e-04
8.000000000000000000e+00,2.878720719985517373e+00,2.387849289146119476e-04
8.000000000000000000e+00,2.881102172098087610e+00,3.158178499339597080e-05
8.000000000000000000e+00,2.883480861554354568e+00,2.691569777816434626e-05
8.000000000000000000e+00,2.885856764896066906e+00,1.324529361995103662e-05
8.000000000000000000e+00,2.888236586815389195e+00,2.153667278949558146e-05
8.000000000000000000e+00,2.890613597715197436e+00,2.913400017859805151e-05
8.000000000000000000e+00,2.892994524384758570e+00,1.610799455705338196e-05
8.000000000000000000e+00,2.895365853522527733e+00,4.841439132262196509e-06
8.000000000000000000e+00,2.897747845885614293e+00,4.930261509204351852e-06
8.000000000000000000e+00,2.900126977032283726e+00,1.510944858344487893e-05
8.000000000000000000e+00,2.902503223200517901e+00,2.553564911728151745e-05
8.000000000000000000e+00,2.904883366561006319e+00,2.166338122763941475e-05
8.000000000000000000e+00,2.907260599562923709e+00,6.296110486038298467e-06
8.000000000000000000e+00,2.909634898318774088e+00,1.992089155442643429e-06
8.000000000000000000e+00,2.912013078324352744e+00,1.056361127392155119e-05
8.000000000000000000e+00,2.914395149104420657e+00,2.095992346279237692e-05
8.000000000000000000e+00,2.916774258379155604e+00,2.533924179202407478e-05
8.000000000000000000e+00,2.919150382085439865e+00,1.037087103766592202e-05
8.000000000000000000e+00,2.921523496123781261e+00,1.655366460695256663e-06
8.000000000000000000e+00,2.923907367138645963e+00,5.389066760724788637e-06
8.000000000000000000e+00,2.926281318344463589e+00,1.910466341143282935e-05
8.000000000000000000e+00,2.928659127554641639e+00,2.892576406828934623e-05
8.000000000000000000e+00,2.931040804181527015e+00,1.896069412642743959e-05
8.000000000000000000e+00,2.933419417291878162e+00,4.065726975098136400e-06
8.000000000000000000e+00,2.935794942524495799e+00,2.304718193913948090e-06
8.000000000000000000e+00,2.938174318344370928e+00,1.618800151818214052e-05
8.000000000000000000e+00,2.940550579959972044e+00,2.877009067650269087e-05
8.000000000000000000e+00,2.942930688311046872e+00,3.066792994333627441e-05
8.000000000000000000e+00,2.945307656001242336e+00,9.599504422005327312e-06
8.000000000000000000e+00,2.947681458460930770e+00,1.002869762774115021e-06
8.000000000000000000e+00,2.950059090390392047e+00,9.467660598260180154e-06
8.000000000000000000e+00,2.952440561063782720e+00,3.966904593792147877e-05
8.000000000000000000e+00,2.954818837778843132e+00,3.329136519788814213e-05
8.000000000000000000e+00,2.957193895793339244e+00,8.655812048225294532e-06
8.000000000000000000e+00,2.959572774981745535e+00,1.849262917067978477e-04
8.000000000000000000e+00,2.961955484573179920e+00,1.831148411238454963e-04
8.000000000000000000e+00,2.964327858985216224e+00,1.587921028474352330e-04
8.000000000000000000e+00,2.966711135514628506e+00,1.804355188735565912e-04
8.000000000000000000e+00,2.969084027002956372e+00,1.744611038205913338e-04
8.000000000000000000e+00,2.971467838945096585e+00,1.530449807241079290e-04
8.000000000000000000e+00,2.973841215813263883e+00,1.724299494284682295e-04
8.000000000000000000e+00,2.976218387048926051e+00,1.646156663168171059e-04
8.000000000000000000e+00,2.978599361758565323e+00,1.267283846796179634e-04
8.000000000000000000e+00,2.980976981837772488e+00,2.427362652668878842e-05
8.000000000000000000e+00,2.983351222083469256e+00,2.891539725086701206e-06
8.000000000000000000e+00,2.985729247336589065e+00,6.106972586157457595e-05
8.000000000000000000e+00,2.988111066655426029e+00,2.337109395617415701e-04
8.000000000000000000e+00,2.990489476071835462e+00,2.463778206999832224e-04
8.000000000000000000e+00,2.992864450213154281e+00,2.429257030206513060e-04
8.000000000000000000e+00,2.995243199646329124e+00,2.472185124904957370e-04
8.000000000000000000e+00,2.997618485893688511e+00,2.581704987503888110e-04
8.000000000000000000e+00,2.999997542427555786e+00,2.586306513936902714e-04
9.000000000000000000e+00,1.428160679720647197e+00,5.443770339564700303e-06
9.000000000000000000e+00,1.440050808136397853e+00,5.374230636555713646e-06
9.000000000000000000e+00,1.442428130388856866e+00,1.341470922650061667e-05
9.000000000000000000e+00,1.444806580222042447e+00,3.198687548696883344e-06
9.000000000000000000e+00,1.447184440705151953e+00,1.652464273441181508e-05
9.000000000000000000e+00,1.449561667222405870e+00,3.018903283938101018e-06
9.000000000000000000e+00,1.451939915205273879e+00,1.317952389227095190e-05
9.000000000000000000e+00,1.454317450317589300e+00,3.455744845002914714e-05
9.000000000000000000e+00,1.456695938627691200e+00,1.480458455993881753e-05
9.000000000000000000e+00,1.459073634158916555e+00,6.389981212765695939e-05
9.000000000000000000e+00,1.461452213653828158e+00,6.188335445502821884e-06
9.000000000000000000e+00,1.463829919457844797e+00,3.868266591697372392e-05
9.000000000000000000e+00,1.466208439024566657e+00,7.105501920410482166e-05
9.000000000000000000e+00,1.468586002984929362e+00,1.716701310381328537e-05
9.000000000000000000e+00,1.470964309539829262e+00,8.620548604390452466e-05
9.000000000000000000e+00,1.473341577570034255e+00,8.688291844865923428e-06
9.000000000000000000e+00,1.475719516059424974e+00,3.945777247693471856e-05
9.000000000000000000e+00,1.478098094240766214e+00,6.164819223079894982e-05
9.000000000000000000e+00,1.480475513315234082e+00,1.925332027770747551e-05
9.000000000000000000e+00,1.482853498523538649e+00,7.679664712462534444e-05
9.000000000000000000e+00,1.485232018414436084e+00,9.005343677759805422e-06
9.000000000000000000e+00,1.487609256426934090e+00,1.743594439345553241e-05
9.000000000000000000e+00,1.489986954141012232e+00,2.457414151520720866e-05
9.000000000000000000e+00,1.492365079420795659e+00,2.066575487774813263e-05
9.000000000000000000e+00,1.494743599912236265e+00,8.223938147716446957e-05
9.000000000000000000e+00,1.497120675253670763e+00,1.800643023945756909e-05
9.000000000000000000e+00,1.499499882482282054e+00,1.168424611048053701e-04
9.000000000000000000e+00,1.501877567244239930e+00,9.151730172817744825e-05
9.000000000000000000e+00,1.504255504071110305e+00,5.730593858184921210e-05
9.000000000000000000e+00,1.506633659486564580e+00,1.216452592755236633e-04
9.000000000000000000e+00,1.509011999795530246e+00,2.982435785640087514e-05
9.000000000000000000e+00,1.511388648673164026e+00,1.402136169058212749e-04
9.000000000000000000e+00,1.513767251004833225e+00,9.394284653844973423e-05
9.000000000000000000e+00,1.516145935822170943e+00,5.572824537582253112e-05
9.000000000000000000e+00,1.518522808709106275e+00,1.051206409487369934e-04
9.000000000000000000e+00,1.520901548735163589e+00,3.736172924191213311e-05
9.000000000000000000e+00,1.523278395355869286e+00,1.366088175311056419e-04
9.000000000000000000e+00,1.525657050519223512e+00,1.780276315079910908e-05
9.000000000000000000e+00,1.528035613106303980e+00,7.563202547541428256e-05
9.000000000000000000e+00,1.530412158368475106e+00,1.170631824391046090e-04
9.000000000000000000e+00,1.532790422710940126e+00,5.358187397015662194e-05
9.000000000000000000e+00,1.535168486814444622e+00,1.570636110603835644e-04
9.000000000000000000e+00,1.537546314356687649e+00,2.834891609867981881e-05
9.000000000000000000e+00,1.539925781434329011e+00,1.042322803824461704e-04
9.000000000000000000e+00,1.542303031922281464e+00,1.324789800229480218e-04
9.000000000000000000e+00,1.544679935578640473e+00,7.401549398116320018e-05
9.000000000000000000e+00,1.547058385603538921e+00,1.925213882823297864e-04
9.000000000000000000e+00,1.549436426059346950e+00,4.868131237651173251e-05
9.000000000000000000e+00,1.551814019337569794e+00,2.666993587733158138e-04
9.000000000000000000e+00,1.554193075854291672e+00,1.417528706689310570e-04
9.000000000000000000e+00,1.556571621252926807e+00,9.255194869131783424e-05
9.000000000000000000e+00,1.558949617294478562e+00,1.582202528748748345e-04
9.000000000000000000e+00,1.561327025522138312e+00,5.848905973615101843e-05
9.000000000000000000e+00,1.563703807261558554e+00,1.924018424320391699e-04
9.000000000000000000e+00,1.566081901784048602e+00,3.248897591019766975e-05
9.000000000000000000e+00,1.568461288012522381e+00,1.228756871836851638e-04
9.000000000000000000e+00,1.570837964304495848e+00,1.540143194964581591e-04
9.000000000000000000e+00,1.573215865533810209e+00,9.187209965042562410e-05
9.000000000000000000e+00,1.575594970075133272e+00,2.065963483829632913e-04
9.000000000000000000e+00,1.577973247821740976e+00,5.533102137671182507e-05
9.000000000000000000e+00,1.580350658646643147e+00,2.412213418821537584e-04
9.000000000000000000e+00,1.582729182648527688e+00,1.396588679827399872e-04
9.000000000000000000e+00,1.585106770971465240e+00,1.258076087163673476e-04
9.000000000000000000e+00,1.587483382861448522e+00,1.879447438980285734e-04
9.000000000000000000e+00,1.589863054736732062e+00,8.248600368308502866e-05
9.000000000000000000e+00,1.592239647623282961e+00,2.467044413105523256e-04
9.000000000000000000e+00,1.594619254564539901e+00,1.259123035959420838e-04
9.000000000000000000e+00,1.596995699582284045e+00,1.783222784762322451e-04
9.000000000000000000e+00,1.599375112011809597e+00,1.708088399159134261e-04
9.000000000000000000e+00,1.601751278763500652e+00,1.213963117599395613e-04
9.000000000000000000e+00,1.604130365570978434e+00,2.366827226519448710e-04
9.000000000000000000e+00,1.606508203736388474e+00,7.825803682755671923e-05
9.000000000000000000e+00,1.608886838448475576e+00,2.223471165485191715e-04
9.000000000000000000e+00,1.611264151472938666e+00,1.626376039295569526e-04
9.000000000000000000e+00,1.613642199950546807e+00,1.830350502939752952e-04
9.000000000000000000e+00,1.616020959246320388e+00,2.088943607925099319e-04
9.000000000000000000e+00,1.618398292022371621e+00,1.327014162025766776e-04
9.000000000000000000e+00,1.620776273428434777e+00,2.843465921351028772e-04
9.000000000000000000e+00,1.623154878309403193e+00,8.226133341297152488e-05
9.000000000000000000e+00,1.625531950142255599e+00,2.725546945986932258e-04
9.000000000000000000e+00,1.627909582167395008e+00,1.971695632380276379e-04
9.000000000000000000e+00,1.630287748709084994e+00,2.342159320293606649e-04
9.000000000000000000e+00,1.632666423928462507e+00,3.002967423214705951e-04
9.000000000000000000e+00,1.635043425604618017e+00,1.762106452261579523e-04
9.000000000000000000e+00,1.637420871234776421e+00,3.489539970961696731e-04
9.000000000000000000e+00,1.639798734458945972e+00,1.346570241397166150e-04
9.000000000000000000e+00,1.642176988753630829e+00,2.846427834023793611e-04
9.000000000000000000e+00,1.644555607431689159e+00,1.990549949147465037e-04
9.000000000000000000e+00,1.646934563642211913e+00,2.389901976463584680e-04
9.000000000000000000e+00,1.649311636354932720e+00,2.954806195502055551e-04
9.000000000000000000e+00,1.651688979741587904e+00,1.851360160267541942e-04
9.000000000000000000e+00,1.654066566429912566e+00,3.938994760955555211e-04
9.000000000000000000e+00,1.656446581917050409e+00,1.453475710159318204e-04
9.000000000000000000e+00,1.658824578794847904e+00,4.211110929464685019e-04
9.000000000000000000e+00,1.661200510123229890e+00,2.528781567131231645e-04
9.000000000000000000e+00,1.663578793016376123e+00,3.571839499067064197e-04
9.000000000000000000e+00,1.665957179889875128e+00,3.940109028748199692e-04
9.000000000000000000e+00,1.668335642387050344e+00,3.299690301837668338e-04
9.000000000000000000e+00,1.670714151986992135e+00,5.726761487967876527e-04
9.000000000000000000e+00,1.673090422268976418e+00,1.718101434804042578e-04
9.000000000000000000e+00,1.675468933430814822e+00,8.541863311928659351e-04
9.000000000000000000e+00,1.677847405138119141e+00,3.720747426901422576e-04
9.000000000000000000e+00,1.680225808213018368e+00,9.838967791750553686e-04
9.000000000000000000e+00,1.682604113313405536e+00,7.600753060963744059e-04
9.000000000000000000e+00,1.684982290932964144e+00,1.208796312461521763e-03
9.000000000000000000e+00,1.687360311401208346e+00,1.530871911956115930e-03
9.000000000000000000e+00,1.689738144883533133e+00,2.502629958540247422e-04
9.000000000000000000e+00,1.692115761381273620e+00,3.110327788525198665e-03
9.000000000000000000e+00,1.694493130731776098e+00,6.264157316061647138e-04
9.000000000000000000e+00,1.696870222608480416e+00,2.286054162716219442e-03
9.000000000000000000e+00,1.699249335401934236e+00,1.049173698057305568e-03
9.000000000000000000e+00,1.701628122620680639e+00,1.746515561826959221e-03
9.000000000000000000e+00,1.704004211532359703e+00,1.033241046170666963e-03
9.000000000000000000e+00,1.706382248516707056e+00,1.047035342845139194e-03
9.000000000000000000e+00,1.708759867047055625e+00,1.638442430574278425e-03
9.000000000000000000e+00,1.711139397425514685e+00,1.281504486455087083e-04
9.000000000000000000e+00,1.713516091596347435e+00,1.393168148490169563e-03
9.000000000000000000e+00,1.715894647708231302e+00,2.822785384815523269e-04
9.000000000000000000e+00,1.718272672423617475e+00,1.040216775238766034e-03
9.000000000000000000e+00,1.720650133828133255e+00,5.751732314866770529e-04
9.000000000000000000e+00,1.723029394364145483e+00,1.007637335669985977e-03
9.000000000000000000e+00,1.725405639360965360e+00,7.791755427288618585e-04
9.000000000000000000e+00,1.727783632085690080e+00,4.283335634149710295e-05
9.000000000000000000e+00,1.730163359864028916e+00,2.053487884663605066e-03
9.000000000000000000e+00,1.732539967848906848e+00,2.217561860077494143e-04
9.000000000000000000e+00,1.734918258608534103e+00,4.307380148391395935e-03
9.000000000000000000e+00,1.737295784744042226e+00,1.360428997546883102e-03
9.000000000000000000e+00,1.739674954091988246e+00,7.469997417399904492e-03
9.000000000000000000e+00,1.742053305661134033e+00,8.370127882407760178e-02
9.000000000000000000e+00,1.744430805976284748e+00,4.942761888485903282e-02
9.000000000000000000e+00,1.746807421400558225e+00,2.671163450067789297e-02
9.000000000000000000e+00,1.749185585906543050e+00,6.460547613071200568e-02
9.000000000000000000e+00,1.751565285671503824e+00,8.008345701097306646e-02
9.000000000000000000e+00,1.753941544332989544e+00,1.127072224282333196e-01
9.000000000000000000e+00,1.756319283347408389e+00,1.517294033108222140e-01
9.000000000000000000e+00,1.758698488506720947e+00,2.230430204563847996e-01
9.000000000000000000e+00,1.761076644056678076e+00,3.266116225705667508e-01
9.000000000000000000e+00,1.763453715291095847e+00,5.005684428500122296e-01
9.000000000000000000e+00,1.765832182308382903e+00,7.004974590835167936e-01
9.000000000000000000e+00,1.768209508663195706e+00,7.958020309347393351e-01
9.000000000000000000e+00,1.770588187717695883e+00,6.744782145916764504e-01
9.000000000000000000e+00,1.772965669196805205e+00,4.655356624741975313e-01
9.000000000000000000e+00,1.775344459763996241e+00,3.201630479176483801e-01
9.000000000000000000e+00,1.777721995276969613e+00,2.169971642307139403e-01
9.000000000000000000e+00,1.780100795737554753e+00,1.597319793594523529e-01
9.000000000000000000e+00,1.782478283099381056e+00,1.184211237417633483e-01
9.000000000000000000e+00,1.784856990739158489e+00,9.435291706366479014e-02
9.000000000000000000e+00,1.787234326670235962e+00,7.611788546440119430e-02
9.000000000000000000e+00,1.789612837680196966e+00,6.413774784679553143e-02
9.000000000000000000e+00,1.791989917806559918e+00,5.547544322016272761e-02
9.000000000000000000e+00,1.794368127283230807e+00,4.367990192510289721e-02
9.000000000000000000e+00,1.796744846137017459e+00,2.755738548409519123e-02
9.000000000000000000e+00,1.799122648083041343e+00,1.482474539943896830e-02
9.000000000000000000e+00,1.801501516697256555e+00,1.044386958249713705e-02
9.000000000000000000e+00,1.803878810935230392e+00,8.714702389104047112e-03
9.000000000000000000e+00,1.806257124818080539e+00,7.377588887670582900e-03
9.000000000000000000e+00,1.808636441567766484e+00,6.379294119349679208e-03
9.000000000000000000e+00,1.811014098981616804e+00,5.195373665548801492e-03
9.000000000000000000e+00,1.813392711472929353e+00,4.368406069538886827e-03
9.000000000000000000e+00,1.815769602679484063e+00,3.481858727659971342e-03
9.000000000000000000e+00,1.818147400644648304e+00,2.910705189387641830e-03
9.000000000000000000e+00,1.820526087986671593e+00,2.571923903667001736e-03
9.000000000000000000e+00,1.822902967052714596e+00,2.241151411308667935e-03
9.000000000000000000e+00,1.825280686410676978e+00,2.411821137644603805e-03
9.000000000000000000e+00,1.827659228322897844e+00,2.670648271257457761e-03
9.000000000000000000e+00,1.830038574944468310e+00,3.374025744327512066e-03
9.000000000000000000e+00,1.832416000112327747e+00,4.552225020300718593e-03
9.000000000000000000e+00,1.834794179900823385e+00,5.974844352112967244e-03
9.000000000000000000e+00,1.837170373825880221e+00,8.497221259725075762e-03
9.000000000000000000e+00,1.839550001086070585e+00,1.094352126002490731e-02
9.000000000000000000e+00,1.841927591628267580e+00,1.537533835064275496e-02
9.000000000000000000e+00,1.844305849176059109e+00,1.959951674783996095e-02
9.000000000000000000e+00,1.846682004518993780e+00,2.703069074969849037e-02
9.000000000000000000e+00,1.849061532876481451e+00,3.457658312640038423e-02
9.000000000000000000e+00,1.851438907171361503e+00,4.502925487170039709e-02
9.000000000000000000e+00,1.853816858923008848e+00,6.160935036515777924e-02
9.000000000000000000e+00,1.856195368998788231e+00,7.698929326454215238e-02
9.000000000000000000e+00,1.858574418157592278e+00,1.061493092698068547e-01
9.000000000000000000e+00,1.860951193835267858e+00,1.285308858294348933e-01
9.000000000000000000e+00,1.863328455497598846e+00,1.765436761314516934e-01
9.000000000000000000e+00,1.865706183545688734e+00,2.177591022427438627e-01
9.000000000000000000e+00,1.868084358271926204e+00,1.130221368543159535e-02
9.000000000000000000e+00,1.870462959859882535e+00,3.346102031779275843e-02
9.000000000000000000e+00,1.872841968384215239e+00,6.275593217548016377e-03
9.000000000000000000e+00,1.875218527602503737e+00,1.461705135913238252e-02
9.000000000000000000e+00,1.877598282584272082e+00,6.182256882391929179e-03
9.000000000000000000e+00,1.879975533445847002e+00,8.942379482303957489e-03
9.000000000000000000e+00,1.882353096003137383e+00,7.369917051439388474e-03
9.000000000000000000e+00,1.884730949754881424e+00,5.048311428101034427e-03
9.000000000000000000e+00,1.887109074090651539e+00,8.327984278039025912e-03
9.000000000000000000e+00,1.889487448290790628e+00,1.030705378158522324e-03
9.000000000000000000e+00,1.891866051526354786e+00,4.943040668742830317e-03
9.000000000000000000e+00,1.894241968814363020e+00,8.386908361743928642e-04
9.000000000000000000e+00,1.896620959922661109e+00,2.988167240110524252e-03
9.000000000000000000e+00,1.899000116913673875e+00,6.789064193892018146e-04
9.000000000000000000e+00,1.901376502634666066e+00,2.142076030616930568e-03
9.000000000000000000e+00,1.903755920179471373e+00,6.537570532191001697e-04
9.000000000000000000e+00,1.906132508977648854e+00,1.986967138217359072e-03
9.000000000000000000e+00,1.908512101096307090e+00,7.728356385184704472e-04
9.000000000000000000e+00,1.910888806516348737e+00,1.397871805974026417e-03
9.000000000000000000e+00,1.913265533887637870e+00,9.409143475522221880e-04
9.000000000000000000e+00,1.915645221064280479e+00,1.453526228287303681e-03
9.000000000000000000e+00,1.918021933723900396e+00,1.176560900098695120e-03
9.000000000000000000e+00,1.920401576683357536e+00,1.963666885582244451e-03
9.000000000000000000e+00,1.922778185987368271e+00,1.881645727327748742e-03
9.000000000000000000e+00,1.925157695683840764e+00,1.849492832157941620e-03
9.000000000000000000e+00,1.927534112112835318e+00,1.562437671120877041e-03
9.000000000000000000e+00,1.929913398624609977e+00,1.136322627590381946e-03
9.000000000000000000e+00,1.932289531783984105e+00,1.226747878638672924e-03
9.000000000000000000e+00,1.934668504313772353e+00,1.359615768651146041e-04
9.000000000000000000e+00,1.937047289244272052e+00,8.031016855510670531e-04
9.000000000000000000e+00,1.939422829809603455e+00,8.460793034799699019e-05
9.000000000000000000e+00,1.941801162930054447e+00,8.356653104963994005e-04
9.000000000000000000e+00,1.944179239057897579e+00,8.928379182091534627e-05
9.000000000000000000e+00,1.946557034846245759e+00,1.153478209801322247e-03
9.000000000000000000e+00,1.948937590416296883e+00,2.435046905153734418e-04
9.000000000000000000e+00,1.951314762526208613e+00,4.493779308031183722e-03
9.000000000000000000e+00,1.953691583608964111e+00,6.712434070254426170e-04
9.000000000000000000e+00,1.956071115926188098e+00,7.731104975066142859e-02
9.000000000000000000e+00,1.958447170997391629e+00,1.436145636593650077e-01
9.000000000000000000e+00,1.960825904438677769e+00,1.889010299584725772e-01
9.000000000000000000e+00,1.963204206118381423e+00,3.171705821706339856e-01
9.000000000000000000e+00,1.965582051840911504e+00,3.679899903385503435e-01
9.000000000000000000e+00,1.967959417301841540e+00,4.001866473303701821e-01
9.000000000000000000e+00,1.970339409318672352e+00,3.556368639913046192e-01
9.000000000000000000e+00,1.972715748465783570e+00,3.335812775040697398e-01
9.000000000000000000e+00,1.975094680156374904e+00,2.835204505907611972e-01
9.000000000000000000e+00,1.977473048443104009e+00,2.461360916734048609e-01
9.000000000000000000e+00,1.979850828500714810e+00,1.809362024974868755e-01
9.000000000000000000e+00,1.982227995395533071e+00,1.178950903500782521e-01
9.000000000000000000e+00,1.984604524085609167e+00,6.144002290388177190e-02
9.000000000000000000e+00,1.986983573776171186e+00,3.045992268064690381e-02
9.000000000000000000e+00,1.989361950099164611e+00,1.464969622378784614e-02
9.000000000000000000e+00,1.991739627709276261e+00,8.059184883405281705e-03
9.000000000000000000e+00,1.994116581153200896e+00,5.683123864271050554e-03
9.000000000000000000e+00,1.996495999787446962e+00,5.156947395015617705e-03
9.000000000000000000e+00,1.998874658345563660e+00,5.414734028269013039e-03
9.000000000000000000e+00,2.001252531070988550e+00,6.182404478004673021e-03
9.000000000000000000e+00,2.003629592099526402e+00,6.828379740859321680e-03
9.000000000000000000e+00,2.006009061087529410e+00,7.844822192922923723e-03
9.000000000000000000e+00,2.008384428391164267e+00,8.478535139167056936e-03
9.000000000000000000e+00,2.010762166794522354e+00,9.567517911176484299e-03
9.000000000000000000e+00,2.013142273146784511e+00,1.016508580769260282e-02
9.000000000000000000e+00,2.015518191284053184e+00,1.124186255208244924e-02
9.000000000000000000e+00,2.017896439964003363e+00,1.172321185355179943e-02
9.000000000000000000e+00,2.020273723858567294e+00,1.268764580404986575e-02
9.000000000000000000e+00,2.022653315995031953e+00,1.303335076797988018e-02
9.000000000000000000e+00,2.025031905392828957e+00,1.399278773459897152e-02
9.000000000000000000e+00,2.027409465173173775e+00,1.429024172370677026e-02
9.000000000000000000e+00,2.029785968350953596e+00,1.531396719820099853e-02
9.000000000000000000e+00,2.032164718651917390e+00,1.569513507824838935e-02
9.000000000000000000e+00,2.034542373648666747e+00,1.661104540050727107e-02
9.000000000000000000e+00,2.036922252485694695e+00,1.703344085392188151e-02
9.000000000000000000e+00,2.039297642718866488e+00,1.770494572079241505e-02
9.000000000000000000e+00,2.041678579620796796e+00,1.776724455469621405e-02
9.000000000000000000e+00,2.044054972850176011e+00,1.920970909450604377e-02
9.000000000000000000e+00,2.046433526721744833e+00,2.763634571834028969e-03
9.000000000000000000e+00,2.048810851376187347e+00,9.812154650096186100e-04
9.000000000000000000e+00,2.051190312403015081e+00,9.802899912277976153e-04
9.000000000000000000e+00,2.053568504069569922e+00,3.241936400993793350e-04
9.000000000000000000e+00,2.055945398294015458e+00,1.390950689702479546e-03
9.000000000000000000e+00,2.058324384012754305e+00,1.879497723052324875e-04
9.000000000000000000e+00,2.060702031599246808e+00,9.908018655650839383e-04
9.000000000000000000e+00,2.063078312672746772e+00,2.116480876246077010e-04
9.000000000000000000e+00,2.065456639593524102e+00,9.688860604637081165e-04
9.000000000000000000e+00,2.067833558764816893e+00,1.642229284165342719e-04
9.000000000000000000e+00,2.070212498216723152e+00,8.593371295651135774e-04
9.000000000000000000e+00,2.072589988335185041e+00,9.425734104411200725e-05
9.000000000000000000e+00,2.074969472860463071e+00,9.947920756397219018e-04
9.000000000000000000e+00,2.077347466120683439e+00,5.265546344879394564e-05
9.000000000000000000e+00,2.079723939049616721e+00,8.663995913212404641e-04
9.000000000000000000e+00,2.082102359006916092e+00,4.744524250103967258e-05
9.000000000000000000e+00,2.084479216156104542e+00,7.964789604387282089e-04
9.000000000000000000e+00,2.086857993654473997e+00,3.595044984596320014e-05
9.000000000000000000e+00,2.089235165520535009e+00,8.824393418312581226e-04
9.000000000000000000e+00,2.091614230747953052e+00,2.832613805556652382e-05
9.000000000000000000e+00,2.093991647171488779e+00,1.294627959206318558e-03
9.000000000000000000e+00,2.096370929659487015e+00,2.267105864045746002e-05
9.000000000000000000e+00,2.098748519824702452e+00,1.399685215731592217e-03
9.000000000000000000e+00,2.101127948448022309e+00,2.293127444301963833e-05
9.000000000000000000e+00,2.103505640882435745e+00,1.581145890730329935e-03
9.000000000000000000e+00,2.105881566995955634e+00,5.075468234174882013e-05
9.000000000000000000e+00,2.108259281488489290e+00,1.418030194202265625e-03
9.000000000000000000e+00,2.110638778281487493e+00,1.221922002695915446e-04
9.000000000000000000e+00,2.113016450109418187e+00,9.945751049286076159e-04
9.000000000000000000e+00,2.115395875701245210e+00,1.605543700712622711e-04
9.000000000000000000e+00,2.117773431421519081e+00,4.642214713064743295e-04
9.000000000000000000e+00,2.120149086564412588e+00,3.718140478715716577e-04
9.000000000000000000e+00,2.122526443941901597e+00,3.013708685273366690e-05
9.000000000000000000e+00,2.124905497063319437e+00,2.858497999860634166e-04
9.000000000000000000e+00,2.127282589459348561e+00,9.830133423679833648e-06
9.000000000000000000e+00,2.129661348130645226e+00,2.290219065295137429e-04
9.000000000000000000e+00,2.132041766401622240e+00,7.970905888691473193e-06
9.000000000000000000e+00,2.134416488630205944e+00,2.113150710231705316e-04
9.000000000000000000e+00,2.136796506809325980e+00,1.066613571005072497e-05
9.000000000000000000e+00,2.139174456954846537e+00,2.547935049081628172e-04
9.000000000000000000e+00,2.141550307510549533e+00,1.780189919741963635e-05
9.000000000000000000e+00,2.143931441358600143e+00,3.359007415465456101e-04
9.000000000000000000e+00,2.146306729584555040e+00,3.574311529920933461e-05
9.000000000000000000e+00,2.148687286870718527e+00,2.753709878809630553e-04
9.000000000000000000e+00,2.151065666753996908e+00,6.503486136928545650e-05
9.000000000000000000e+00,2.153441837210316567e+00,2.074122678520613848e-04
9.000000000000000000e+00,2.155819514621453603e+00,9.079747649485574363e-05
9.000000000000000000e+00,2.158198691568031347e+00,1.685184918921699962e-04
9.000000000000000000e+00,2.160575595509616864e+00,2.818716174790098709e-04
9.000000000000000000e+00,2.162953967401529898e+00,1.091648989221962016e-05
9.000000000000000000e+00,2.165330017974534726e+00,3.389808858526371319e-04
9.000000000000000000e+00,2.167711294571818659e+00,1.078085325556021312e-05
9.000000000000000000e+00,2.170086419534671851e+00,3.811703434322009291e-04
9.000000000000000000e+00,2.172466754975850289e+00,3.679904707837220433e-05
9.000000000000000000e+00,2.174844688110332491e+00,3.394187781423740175e-04
9.000000000000000000e+00,2.177220185986402434e+00,7.814914045963404965e-05
9.000000000000000000e+00,2.179600878863794833e+00,1.980687204570021369e-04
9.000000000000000000e+00,2.181979103711777057e+00,1.333419717122070189e-04
9.000000000000000000e+00,2.184354827302986468e+00,7.584036406432873847e-05
9.000000000000000000e+00,2.186731873089897693e+00,1.511652750840781904e-04
9.000000000000000000e+00,2.189110232802705447e+00,3.956492872006332123e-06
9.000000000000000000e+00,2.191489898121623092e+00,1.332922378154210259e-04
9.000000000000000000e+00,2.193866978681393132e+00,2.178553960639574897e-05
9.000000000000000000e+00,2.196245331200582740e+00,1.075583197253209147e-04
9.000000000000000000e+00,2.198624947167761245e+00,5.437794444435755693e-05
9.000000000000000000e+00,2.201001910734452061e+00,1.165892120847306551e-04
9.000000000000000000e+00,2.203380103664479339e+00,1.576774651713184854e-04
9.000000000000000000e+00,2.205755593071625942e+00,1.017961137179050732e-04
9.000000000000000000e+00,2.208136210091760532e+00,4.056968713929834185e-04
9.000000000000000000e+00,2.210514089066549559e+00,1.058798550908352502e-05
9.000000000000000000e+00,2.212889195676467580e+00,5.652914852713118417e-04
9.000000000000000000e+00,2.215269411685253598e+00,1.025836858663240251e-04
9.000000000000000000e+00,2.217646820369182592e+00,5.038416690363738170e-04
9.000000000000000000e+00,2.220025362245094058e+00,2.458815093797077789e-04
9.000000000000000000e+00,2.222401044539729753e+00,3.024880213860116763e-04
9.000000000000000000e+00,2.224781816787405386e+00,4.586539586194413693e-04
9.000000000000000000e+00,2.227159693927706297e+00,1.151981674190984183e-04
9.000000000000000000e+00,2.229538650259491828e+00,7.518582197866662941e-04
9.000000000000000000e+00,2.231914658585150590e+00,5.334156577217441351e-05
9.000000000000000000e+00,2.234291710139395537e+00,4.560000264063620396e-04
9.000000000000000000e+00,2.236669795394403248e+00,1.756421179942789491e-04
9.000000000000000000e+00,2.239048904770509107e+00,2.316883123230739465e-04
9.000000000000000000e+00,2.241424976510854261e+00,2.132362388422632442e-04
9.000000000000000000e+00,2.243806096568353503e+00,1.313791654932411172e-04
9.000000000000000000e+00,2.246184142332022571e+00,6.160996181061533352e-04
9.000000000000000000e+00,2.248559078140137224e+00,9.945565805908355907e-05
9.000000000000000000e+00,2.250939041398960061e+00,3.394280845180112048e-03
9.000000000000000000e+00,2.253315857608640727e+00,7.403474062885087277e-04
9.000000000000000000e+00,2.255693594709365701e+00,4.290473245217349407e-02
9.000000000000000000e+00,2.258072242628007320e+00,3.851475813326564468e-02
9.000000000000000000e+00,2.260451791238908381e+00,3.555774287733697719e-02
9.000000000000000000e+00,2.262828100482377369e+00,3.070120772626590971e-02
9.000000000000000000e+00,2.265205272630280042e+00,2.708338945742901765e-02
9.000000000000000000e+00,2.267583297361956962e+00,2.253430170414293457e-02
9.000000000000000000e+00,2.269962164303962027e+00,1.939902059807538034e-02
9.000000000000000000e+00,2.272341863029972320e+00,1.658512488733922610e-02
9.000000000000000000e+00,2.274718209664019053e+00,1.370166113396959970e-02
9.000000000000000000e+00,2.277095349600728014e+00,1.202258010577484347e-02
9.000000000000000000e+00,2.279473272218509372e+00,1.009681743870426661e-02
9.000000000000000000e+00,2.281851966842678436e+00,9.217689418619966213e-03
9.000000000000000000e+00,2.284231422745374829e+00,8.906212293635550059e-03
9.000000000000000000e+00,2.286607412008805351e+00,8.550815395021645407e-03
9.000000000000000000e+00,2.288984123377203694e+00,8.873068720658836006e-03
9.000000000000000000e+00,2.291365780618124681e+00,8.585813774414953470e-03
9.000000000000000000e+00,2.293743912168016763e+00,8.974215044613547895e-03
9.000000000000000000e+00,2.296118480612924895e+00,8.659730098984725830e-03
9.000000000000000000e+00,2.298497970634805210e+00,8.829520363837330479e-03
9.000000000000000000e+00,2.300878127611091895e+00,8.892324416230518863e-03
9.000000000000000000e+00,2.303254661586480623e+00,8.444672054629663929e-03
9.000000000000000000e+00,2.305631822391659203e+00,9.267661024845615103e-03
9.000000000000000000e+00,2.308009598693951503e+00,6.703102097630251168e-04
9.000000000000000000e+00,2.310387979106963030e+00,4.882349382896695273e-04
9.000000000000000000e+00,2.312766952190511649e+00,3.691122491818147754e-04
9.000000000000000000e+00,2.315142183405042520e+00,3.086615426191510595e-04
9.000000000000000000e+00,2.317522298400336744e+00,8.722413576722382890e-05
9.000000000000000000e+00,2.319898630583908439e+00,2.398350797412414251e-04
9.000000000000000000e+00,2.322279841038421555e+00,1.158941613018306150e-04
9.000000000000000000e+00,2.324657227477955335e+00,1.887002974225508679e-04
9.000000000000000000e+00,2.327035118932285318e+00,1.816818840897016453e-04
9.000000000000000000e+00,2.329413503549994768e+00,9.896781229272580199e-05
9.000000000000000000e+00,2.331787983991368662e+00,2.980807392532437358e-04
9.000000000000000000e+00,2.334167310210840451e+00,1.100475368422810499e-04
9.000000000000000000e+00,2.336547093703715827e+00,2.629832645038074194e-04
9.000000000000000000e+00,2.338922910089027418e+00,2.805492310367214384e-04
9.000000000000000000e+00,2.341303562883347844e+00,1.567400262057755530e-04
9.000000000000000000e+00,2.343680206292833024e+00,5.666801218879956433e-04
9.000000000000000000e+00,2.346057240367172003e+00,2.452676348752495078e-04
9.000000000000000000e+00,2.348434652788937260e+00,3.701095874775743762e-04
9.000000000000000000e+00,2.350812431186368734e+00,5.418210227627415091e-04
9.000000000000000000e+00,2.353190563133336077e+00,2.265242302610356905e-04
9.000000000000000000e+00,2.355569036149298690e+00,1.283293697661416505e-03
9.000000000000000000e+00,2.357947837699267524e+00,7.326106638621044699e-04
9.000000000000000000e+00,2.360326955193766896e+00,7.488956714666870126e-04
9.000000000000000000e+00,2.362701873503119110e+00,3.142511283114965241e-03
9.000000000000000000e+00,2.365081575825791482e+00,8.582899495752748919e-04
9.000000000000000000e+00,2.367461555987104838e+00,1.881552941163611549e-03
9.000000000000000000e+00,2.369837271457410743e+00,2.007835362374700908e-02
9.000000000000000000e+00,2.372213220904162867e+00,1.620140577023297321e-02
9.000000000000000000e+00,2.374593939286923305e+00,1.261079504449066913e-02
9.000000000000000000e+00,2.376970326898085517e+00,1.283411680832525180e-02
9.000000000000000000e+00,2.379346909490778650e+00,1.208591702562847488e-02
9.000000000000000000e+00,2.381728249229686956e+00,1.291131232388520803e-02
9.000000000000000000e+00,2.384105191535353274e+00,1.399234677912976343e-02
9.000000000000000000e+00,2.386482289336266938e+00,1.395490706544510497e-02
9.000000000000000000e+00,2.388859529357821643e+00,1.430875241277659859e-02
9.000000000000000000e+00,2.391236898270765909e+00,1.338190661295117143e-02
9.000000000000000000e+00,2.393619003764643427e+00,1.187612598939177984e-02
9.000000000000000000e+00,2.395996599438805941e+00,1.090073677127190513e-02
9.000000000000000000e+00,2.398374283698073040e+00,9.405663067008424721e-03
9.000000000000000000e+00,2.400752042994434454e+00,8.140485827093509388e-03
9.000000000000000000e+00,2.403129863725176119e+00,7.776521254648296154e-03
9.000000000000000000e+00,2.405507732232872620e+00,6.828259847123760613e-03
9.000000000000000000e+00,2.407885634805378317e+00,6.846688755831680309e-03
9.000000000000000000e+00,2.410263557675826007e+00,3.770478989845272113e-04
9.000000000000000000e+00,2.412641487022620712e+00,4.980122800079918787e-04
9.000000000000000000e+00,2.415019408969439230e+00,9.218421775479296743e-04
9.000000000000000000e+00,2.417397309585231913e+00,9.296251277675533775e-05
9.000000000000000000e+00,2.419775174884221780e+00,3.770189108030420509e-04
9.000000000000000000e+00,2.422152990825908514e+00,1.990892888215576575e-04
9.000000000000000000e+00,2.424530743315073789e+00,1.690122702040306596e-04
9.000000000000000000e+00,2.426908418201789264e+00,4.671646875491961264e-04
9.000000000000000000e+00,2.429286001281421470e+00,2.132372162224644579e-04
9.000000000000000000e+00,2.431663478294642911e+00,2.296119261935708207e-04
9.000000000000000000e+00,2.434040834927446273e+00,3.237889495116929965e-04
9.000000000000000000e+00,2.436422844634672291e+00,2.137928695657884365e-04
9.000000000000000000e+00,2.438799926692925002e+00,2.172384729444438306e-04
9.000000000000000000e+00,2.441176845109251925e+00,2.737834779846095115e-04
9.000000000000000000e+00,2.443553585351005086e+00,1.819315288061897583e-04
9.000000000000000000e+00,2.445930132830938852e+00,1.034237165611982378e-04
9.000000000000000000e+00,2.448311307568818762e+00,1.969061886856221684e-04
9.000000000000000000e+00,2.450687434933867870e+00,1.457337014442907220e-04
9.000000000000000000e+00,2.453068178922694020e+00,7.349577299528164845e-05
9.000000000000000000e+00,2.455443827201868601e+00,1.510699781082702265e-04
9.000000000000000000e+00,2.457824081285056472e+00,1.009543468608740171e-04
9.000000000000000000e+00,2.460199191070725266e+00,5.499917049639555921e-05
9.000000000000000000e+00,2.462578895654787381e+00,1.191505291118801467e-04
9.000000000000000000e+00,2.464958307733604137e+00,8.021622437892682138e-05
9.000000000000000000e+00,2.467332502158201546e+00,3.756906144158586071e-05
9.000000000000000000e+00,2.469711274537423229e+00,5.450244789926418740e-05
9.000000000000000000e+00,2.472089709077717856e+00,5.580839763040828692e-05
9.000000000000000000e+00,2.474467790561501790e+00,1.599301314857873004e-05
9.000000000000000000e+00,2.476845503716746499e+00,3.192146486948329540e-05
9.000000000000000000e+00,2.479222833217026967e+00,3.050124771717382859e-05
9.000000000000000000e+00,2.481599763681567428e+00,1.462663721103770424e-05
9.000000000000000000e+00,2.483981256237295376e+00,2.230980847364163336e-05
9.000000000000000000e+00,2.486357351796226300e+00,1.560618161199831057e-05
9.000000000000000000e+00,2.488737997498906118e+00,7.571567532899657434e-06
9.000000000000000000e+00,2.491113196007286756e+00,2.188919982125812533e-05
9.000000000000000000e+00,2.493492932524325134e+00,2.001572905229304417e-05
9.000000000000000000e+00,2.495872195725481024e+00,1.086190408968415279e-05
9.000000000000000000e+00,2.498245935968249398e+00,1.545110538838491022e-05
9.000000000000000000e+00,2.500624195678618378e+00,2.623408295633906359e-05
9.000000000000000000e+00,2.503001934687554719e+00,1.340353528466900543e-05
9.000000000000000000e+00,2.505384199785404054e+00,1.117185661466943818e-05
9.000000000000000000e+00,2.507760859244102747e+00,2.488915362995345660e-05
9.000000000000000000e+00,2.510136950143142087e+00,1.529355218227260058e-05
9.000000000000000000e+00,2.512517547981021337e+00,5.746699085392955033e-06
9.000000000000000000e+00,2.514892463148078239e+00,1.456405371639679031e-05
9.000000000000000000e+00,2.517271872260600674e+00,2.092250859750190657e-05
9.000000000000000000e+00,2.519650667552726819e+00,5.125160441904363989e-06
9.000000000000000000e+00,2.522028832766149087e+00,1.299366135152485876e-05
9.000000000000000000e+00,2.524406351588751818e+00,2.944855272368126025e-05
9.000000000000000000e+00,2.526783207654688557e+00,7.317189947706751656e-06
9.000000000000000000e+00,2.529159384544463762e+00,1.678482907996795191e-05
9.000000000000000000e+00,2.531540034735527911e+00,3.400418308397188072e-05
9.000000000000000000e+00,2.533914813502587737e+00,2.459904470332029570e-05
9.000000000000000000e+00,2.536294051902468372e+00,1.184531937767074612e-05
9.000000000000000000e+00,2.538672564369699458e+00,2.239657148184612598e-05
9.000000000000000000e+00,2.541050334235800179e+00,4.970551924282243055e-05
9.000000000000000000e+00,2.543427344778853350e+00,2.966027920452420663e-05
9.000000000000000000e+00,2.545808806606810748e+00,1.253134697795431585e-05
9.000000000000000000e+00,2.548184257884455128e+00,2.475046242622912273e-05
9.000000000000000000e+00,2.550564146289386880e+00,4.505325049829051034e-05
9.000000000000000000e+00,2.552943227520946490e+00,3.113286177062876751e-05
9.000000000000000000e+00,2.555321484608414462e+00,1.099086643056134533e-05
9.000000000000000000e+00,2.557698900527907160e+00,3.162334908189704745e-05
9.000000000000000000e+00,2.560075458202479837e+00,4.784010677441248197e-05
9.000000000000000000e+00,2.562451140502226998e+00,3.081056975618947811e-05
9.000000000000000000e+00,2.564831236037994344e+00,1.341596192893206989e-05
9.000000000000000000e+00,2.567210441454971015e+00,3.198738194461265329e-05
9.000000000000000000e+00,2.569588739480965334e+00,4.742004685375331597e-05
9.000000000000000000e+00,2.571966112790943892e+00,2.973569797717431719e-05
9.000000000000000000e+00,2.574342544007147904e+00,2.037371798043479965e-05
9.000000000000000000e+00,2.576723370808659652e+00,4.318696233362377505e-05
9.000000000000000000e+00,2.579097875367938553e+00,4.560291356093898951e-05
9.000000000000000000e+00,2.581476760275176030e+00,2.361072386636254103e-05
9.000000000000000000e+00,2.583854652848235123e+00,2.475792730776650024e-05
9.000000000000000000e+00,2.586231535461967379e+00,4.964520221454245692e-05
9.000000000000000000e+00,2.588612795081014717e+00,4.988514689453148562e-05
9.000000000000000000e+00,2.590987614612529910e+00,3.543042620048003708e-05
9.000000000000000000e+00,2.593366795512073164e+00,2.200605792211341065e-05
9.000000000000000000e+00,2.595744915317689472e+00,4.108516049322411543e-05
9.000000000000000000e+00,2.598121956157397161e+00,7.015136104223250089e-05
9.000000000000000000e+00,2.600497900107185067e+00,4.422348043337684479e-05
9.000000000000000000e+00,2.602878193565458798e+00,3.208798616621436295e-05
9.000000000000000000e+00,2.605257374095403922e+00,3.539957246871403219e-05
9.000000000000000000e+00,2.607635423630717320e+00,9.609010164305262724e-05
9.000000000000000000e+00,2.610012324053281763e+00,1.189024830727265628e-04
9.000000000000000000e+00,2.612388057193310686e+00,1.299590241026746295e-04
9.000000000000000000e+00,2.614768119240192146e+00,3.537473861145374780e-05
9.000000000000000000e+00,2.617146997564059774e+00,2.958011243011094294e-03
9.000000000000000000e+00,2.619524673852972718e+00,1.921184258847178110e-03
9.000000000000000000e+00,2.621901129743555270e+00,1.076079496943084090e-03
9.000000000000000000e+00,2.624281901432961472e+00,2.464052069469453189e-03
9.000000000000000000e+00,2.626655871285938915e+00,2.440100301728339964e-03
9.000000000000000000e+00,2.629034140094493655e+00,2.384482340230381896e-03
9.000000000000000000e+00,2.631416719546495031e+00,2.365713953049349266e-03
9.000000000000000000e+00,2.633792431410708623e+00,2.533809675262308457e-03
9.000000000000000000e+00,2.636172436860944934e+00,2.762795867203387407e-03
9.000000000000000000e+00,2.638545517161249965e+00,2.939277427654500910e-03
9.000000000000000000e+00,2.640928499105384297e+00,3.068819020053591140e-03
9.000000000000000000e+00,2.643304518349861354e+00,1.199105299879626996e-03
9.000000000000000000e+00,2.645684816809926954e+00,2.962026054263679469e-03
9.000000000000000000e+00,2.648058094547728558e+00,2.148543297649145123e-04
9.000000000000000000e+00,2.650435633945297020e+00,9.324856394375692604e-05
9.000000000000000000e+00,2.652817446491849473e+00,1.150991941217139057e-05
9.000000000000000000e+00,2.655192171178932803e+00,3.173999490457615893e-05
9.000000000000000000e+00,2.657571151243650398e+00,2.947244419196054890e-05
9.000000000000000000e+00,2.659948691486012429e+00,6.076194907087349554e-05
9.000000000000000000e+00,2.662330489570499559e+00,3.658790992469706659e-05
9.000000000000000000e+00,2.664705102769717726e+00,3.672001075112452621e-05
9.000000000000000000e+00,2.667083955729373734e+00,9.561095874431854553e-06
9.000000000000000000e+00,2.669461312276356413e+00,8.389402518566994237e-06
9.000000000000000000e+00,2.671837153036051848e+00,6.035029820564205250e-06
9.000000000000000000e+00,2.674217226595466013e+00,1.208075616657923506e-05
9.000000000000000000e+00,2.676595765975274599e+00,2.997289774894987342e-05
9.000000000000000000e+00,2.678972751659991935e+00,1.244790056835846101e-04
9.000000000000000000e+00,2.681353962923400225e+00,1.105386172656702226e-04
9.000000000000000000e+00,2.683727792746523733e+00,1.491122666941651536e-03
9.000000000000000000e+00,2.686105829445210702e+00,1.591681993535513798e-03
9.000000000000000000e+00,2.688488084212449003e+00,1.613503307756646195e-03
9.000000000000000000e+00,2.690862888123974894e+00,1.609702792978505740e-03
9.000000000000000000e+00,2.693241891183510539e+00,1.651985229557032800e-03
9.000000000000000000e+00,2.695619243808531795e+00,1.752787791163149976e-03
9.000000000000000000e+00,2.697994926104692492e+00,1.879887826008201082e-03
9.000000000000000000e+00,2.700374799530429026e+00,2.008854740373857296e-03
9.000000000000000000e+00,2.702752983395575903e+00,2.189545028732700453e-03
9.000000000000000000e+00,2.705129457665879755e+00,2.851474012308483023e-05
9.000000000000000000e+00,2.707510114782492927e+00,8.228194931795356932e-06
9.000000000000000000e+00,2.709889042854494612e+00,6.411176594505655938e-06
9.000000000000000000e+00,2.712266221707900993e+00,4.205906880265461873e-05
9.000000000000000000e+00,2.714641631120770615e+00,5.085790791950557974e-05
9.000000000000000000e+00,2.717021204959639391e+00,7.075571750862901812e-05
9.000000000000000000e+00,2.719398989596979010e+00,7.638757177537861616e-05
9.000000000000000000e+00,2.721774964671693997e+00,8.180388679566289226e-05
9.000000000000000000e+00,2.724155095219163325e+00,7.295584588341923985e-05
9.000000000000000000e+00,2.726533396224594785e+00,5.166661671640230104e-05
9.000000000000000000e+00,2.728909847187990234e+00,4.340501684204764243e-05
9.000000000000000000e+00,2.731290444402350470e+00,2.432679498593842831e-05
9.000000000000000000e+00,2.733669171376605700e+00,3.697823092206113335e-05
9.000000000000000000e+00,2.736046007472129116e+00,4.747359605572523509e-05
9.000000000000000000e+00,2.738420932003415853e+00,3.227065628424822044e-03
9.000000000000000000e+00,2.740799983049091892e+00,2.631539836495251986e-03
9.000000000000000000e+00,2.743177102021586489e+00,3.086481616111496316e-03
9.000000000000000000e+00,2.745558347964158319e+00,2.839087793222254061e-03
9.000000000000000000e+00,2.747937641197727654e+00,2.737819198170315937e-03
9.000000000000000000e+00,2.750314960807459741e+00,2.617957374774368840e-03
9.000000000000000000e+00,2.752690285832279038e+00,2.613362825026056303e-03
9.000000000000000000e+00,2.755069717329380996e+00,2.415543319382863069e-03
9.000000000000000000e+00,2.757447133295085617e+00,2.424452134582959478e-03
9.000000000000000000e+00,2.759822512631141755e+00,3.485008488233001279e-05
9.000000000000000000e+00,2.762201987996263153e+00,3.404759479012940871e-05
9.000000000000000000e+00,2.764579405566437664e+00,1.389329090060127656e-05
9.000000000000000000e+00,2.766960919131962182e+00,1.254573365163994377e-05
9.000000000000000000e+00,2.769334167959193405e+00,7.006705988546145130e-06
9.000000000000000000e+00,2.771717687672561325e+00,6.523603546184086989e-06
9.000000000000000000e+00,2.774092899949887059e+00,4.665782429023494971e-06
9.000000000000000000e+00,2.776472186575843271e+00,1.702577921131217969e-06
9.000000000000000000e+00,2.778849329813015245e+00,2.594799266061640075e-06
9.000000000000000000e+00,2.781224308154069291e+00,2.137006401097998605e-06
9.000000000000000000e+00,2.783603349577585373e+00,3.441922052101770987e-06
9.000000000000000000e+00,2.785980204283322159e+00,2.961296392852256985e-06
9.000000000000000000e+00,2.788361121540816612e+00,4.557900770831046105e-06
9.000000000000000000e+00,2.790739830130332333e+00,3.891184870611351612e-06
9.000000000000000000e+00,2.793116308318245977e+00,5.916094800339792110e-06
9.000000000000000000e+00,2.795496837376052479e+00,6.121824644556257144e-06
9.000000000000000000e+00,2.797875113863212526e+00,5.120565261952720451e-06
9.000000000000000000e+00,2.800251115911298605e+00,7.705262388991500436e-06
9.000000000000000000e+00,2.802631156870153184e+00,6.417264489492296175e-06
9.000000000000000000e+00,2.805008901002245647e+00,9.369140491007612529e-06
9.000000000000000000e+00,2.807384326304926958e+00,7.624696274606078186e-06
9.000000000000000000e+00,2.809763778281390234e+00,1.113486447219903388e-05
9.000000000000000000e+00,2.812140888822362683e+00,9.065107827495571396e-06
9.000000000000000000e+00,2.814515635791587478e+00,1.300242802274350479e-05
9.000000000000000000e+00,2.816894396919202848e+00,1.050424051071602823e-05
9.000000000000000000e+00,2.819277182391831005e+00,1.359042185097864048e-05
9.000000000000000000e+00,2.821651159259273456e+00,9.085578094241044653e-06
9.000000000000000000e+00,2.824029137518142551e+00,7.424277772022764490e-06
9.000000000000000000e+00,2.826411127293623426e+00,8.164555446435402985e-06
9.000000000000000000e+00,2.828784230557050972e+00,4.895904050748823792e-06
9.000000000000000000e+00,2.831161322165572702e+00,4.931784875843480732e-06
9.000000000000000000e+00,2.833542412182134651e+00,2.800696730340013347e-06
9.000000000000000000e+00,2.835921024016914149e+00,2.357129866229683547e-06
9.000000000000000000e+00,2.838297135088118761e+00,2.226919022600796642e-06
9.000000000000000000e+00,2.840677231205615438e+00,3.749882589348395802e-06
9.000000000000000000e+00,2.843054803040627743e+00,6.751429872528749522e-06
9.000000000000000000e+00,2.845429827880051832e+00,6.620254840068255225e-06
9.000000000000000000e+00,2.847808824123101878e+00,8.598674202854302771e-06
9.000000000000000000e+00,2.850185249634491935e+00,1.024037535604423566e-05
9.000000000000000000e+00,2.852565644594050376e+00,1.226549293383572952e-05
9.000000000000000000e+00,2.854943444955898801e+00,1.356745629531815878e-05
9.000000000000000000e+00,2.857318627786822773e+00,1.532447522323452055e-05
9.000000000000000000e+00,2.859697765996172869e+00,2.212632194252447983e-05
9.000000000000000000e+00,2.862080869472485301e+00,1.733978118842052172e-05
9.000000000000000000e+00,2.864454712355927857e+00,1.914355409731057205e-05
9.000000000000000000e+00,2.866832496293459265e+00,1.944508055109621684e-05
9.000000000000000000e+00,2.869214231107640511e+00,2.402534122720376809e-05
9.000000000000000000e+00,2.871586624881306449e+00,2.255858162821678384e-05
9.000000000000000000e+00,2.873969606985570024e+00,5.294889788304490773e-05
9.000000000000000000e+00,2.876343201527446158e+00,6.112725871375287523e-04
9.000000000000000000e+00,2.878720719985517373e+00,6.215817132126863487e-04
9.000000000000000000e+00,2.881102172098087610e+00,7.924804631688388149e-04
9.000000000000000000e+00,2.883480861554354568e+00,7.762139431382059779e-04
9.000000000000000000e+00,2.885856764896066906e+00,7.748237368666575399e-04
9.000000000000000000e+00,2.888236586815389195e+00,1.173734237781038113e-04
9.000000000000000000e+00,2.890613597715197436e+00,8.397708841810597939e-05
9.000000000000000000e+00,2.892994524384758570e+00,3.851380947288274818e-05
9.000000000000000000e+00,2.895365853522527733e+00,2.982037062552332282e-05
9.000000000000000000e+00,2.897747845885614293e+00,7.662648974278078487e-06
9.000000000000000000e+00,2.900126977032283726e+00,7.304173733582761837e-06
9.000000000000000000e+00,2.902503223200517901e+00,1.151872567518996281e-05
9.000000000000000000e+00,2.904883366561006319e+00,1.067247766681032844e-05
9.000000000000000000e+00,2.907260599562923709e+00,5.154963291893953191e-06
9.000000000000000000e+00,2.909634898318774088e+00,2.327434653252302919e-06
9.000000000000000000e+00,2.912013078324352744e+00,4.383236042884445442e-06
9.000000000000000000e+00,2.914395149104420657e+00,8.794345697428440997e-06
9.000000000000000000e+00,2.916774258379155604e+00,1.033910500104240889e-05
9.000000000000000000e+00,2.919150382085439865e+00,5.926481055774447646e-06
9.000000000000000000e+00,2.921523496123781261e+00,1.602291020796828805e-06
9.000000000000000000e+00,2.923907367138645963e+00,1.798650901686772952e-06
9.000000000000000000e+00,2.926281318344463589e+00,7.388373890444706915e-06
9.000000000000000000e+00,2.928659127554641639e+00,7.074827302929880972e-06
9.000000000000000000e+00,2.931040804181527015e+00,8.919671173016267113e-06
9.000000000000000000e+00,2.933419417291878162e+00,2.629162100942895385e-06
9.000000000000000000e+00,2.935794942524495799e+00,5.489313964862597122e-07
9.000000000000000000e+00,2.938174318344370928e+00,5.670367492621003244e-06
9.000000000000000000e+00,2.940550579959972044e+00,1.055916625630763733e-05
9.000000000000000000e+00,2.942930688311046872e+00,7.172775864291787467e-06
9.000000000000000000e+00,2.945307656001242336e+00,4.589446438529371612e-06
9.000000000000000000e+00,2.947681458460930770e+00,7.082371790493705116e-07
9.000000000000000000e+00,2.950059090390392047e+00,2.406310325487839964e-06
9.000000000000000000e+00,2.952440561063782720e+00,1.032035206180905365e-05
9.000000000000000000e+00,2.954818837778843132e+00,8.117531316973409719e-06
9.000000000000000000e+00,2.957193895793339244e+00,6.107822723493462489e-07
9.000000000000000000e+00,2.959572774981745535e+00,1.179888463352559355e-05
9.000000000000000000e+00,2.961955484573179920e+00,4.997937328465816373e-06
9.000000000000000000e+00,2.964327858985216224e+00,1.315010046456171846e-06
9.000000000000000000e+00,2.966711135514628506e+00,9.287789190631347232e-06
9.000000000000000000e+00,2.969084027002956372e+00,3.428494626969884981e-06
9.000000000000000000e+00,2.971467838945096585e+00,4.612104145370322342e-06
9.000000000000000000e+00,2.973841215813263883e+00,1.095524175472711871e-05
9.000000000000000000e+00,2.976218387048926051e+00,2.369704901873042617e-06
9.000000000000000000e+00,2.978599361758565323e+00,2.743694161683757501e-05
9.000000000000000000e+00,2.980976981837772488e+00,1.605230149536660802e-04
9.000000000000000000e+00,2.983351222083469256e+00,1.562864390078909675e-04
9.000000000000000000e+00,2.985729247336589065e+00,1.368972755438091244e-04
9.000000000000000000e+00,2.988111066655426029e+00,1.403223707190809106e-04
9.000000000000000000e+00,2.990489476071835462e+00,7.395490002868021270e-07
9.000000000000000000e+00,2.992864450213154281e+00,2.544675576594171470e-06
9.000000000000000000e+00,2.995243199646329124e+00,3.985349432377918513e-06
9.000000000000000000e+00,2.997618485893688511e+00,8.614904132231808826e-07
9.000000000000000000e+00,2.999997542427555786e+00,4.286757159471050590e-06
1.000000000000000000e+01,1.720650133828133255e+00,1.465602739740846634e-04
1.000000000000000000e+01,1.723029394364145483e+00,4.258726846599100561e-05
1.000000000000000000e+01,1.725405639360965360e+00,1.613282471370377743e-04
1.000000000000000000e+01,1.727783632085690080e+00,9.546813097800483771e-05
1.000000000000000000e+01,1.730163359864028916e+00,1.140311767525242851e-04
1.000000000000000000e+01,1.732539967848906848e+00,1.205143429481793951e-04
1.000000000000000000e+01,1.734918258608534103e+00,9.734746928682888091e-05
1.000000000000000000e+01,1.737295784744042226e+00,1.680431418221345384e-04
1.000000000000000000e+01,1.739674954091988246e+00,7.894680070291494091e-05
1.000000000000000000e+01,1.742053305661134033e+00,1.949410881341961921e-04
1.000000000000000000e+01,1.744430805976284748e+00,6.707796161956196854e-05
1.000000000000000000e+01,1.746807421400558225e+00,1.936060422451453458e-04
1.000000000000000000e+01,1.749185585906543050e+00,1.385381734501207559e-04
1.000000000000000000e+01,1.751565285671503824e+00,1.926188962740674193e-04
1.000000000000000000e+01,1.753941544332989544e+00,1.904314621666066819e-04
1.000000000000000000e+01,1.756319283347408389e+00,2.169911308917133852e-04
1.000000000000000000e+01,1.758698488506720947e+00,2.913149715544393671e-04
1.000000000000000000e+01,1.761076644056678076e+00,2.655557650204225001e-04
1.000000000000000000e+01,1.763453715291095847e+00,4.612308363826372751e-04
1.000000000000000000e+01,1.765832182308382903e+00,3.152382063281554815e-04
1.000000000000000000e+01,1.768209508663195706e+00,6.071536755595882294e-04
1.000000000000000000e+01,1.770588187717695883e+00,1.694270786176478897e-04
1.000000000000000000e+01,1.772965669196805205e+00,3.393932123287246518e-04
1.000000000000000000e+01,1.775344459763996241e+00,1.267387822396965388e-04
1.000000000000000000e+01,1.777721995276969613e+00,1.785714316108933828e-04
1.000000000000000000e+01,1.780100795737554753e+00,1.157480607957347697e-04
1.000000000000000000e+01,1.782478283099381056e+00,1.148937820682830715e-04
1.000000000000000000e+01,1.784856990739158489e+00,1.219165228698425053e-04
1.000000000000000000e+01,1.787234326670235962e+00,7.836367818791323920e-05
1.000000000000000000e+01,1.789612837680196966e+00,1.255690847782090197e-04
1.000000000000000000e+01,1.791989917806559918e+00,3.818314764091917431e-05
1.000000000000000000e+01,1.794368127283230807e+00,1.247103306762605880e-04
1.000000000000000000e+01,1.796744846137017459e+00,5.366344454386644410e-05
1.000000000000000000e+01,1.799122648083041343e+00,1.412566007634964899e-04
1.000000000000000000e+01,1.801501516697256555e+00,8.225793859068050056e-05
1.000000000000000000e+01,1.803878810935230392e+00,1.413834693303495386e-04
1.000000000000000000e+01,1.806257124818080539e+00,1.072835010627419121e-04
1.000000000000000000e+01,1.808636441567766484e+00,1.275795396657929896e-04
1.000000000000000000e+01,1.811014098981616804e+00,1.299266595164338316e-04
1.000000000000000000e+01,1.813392711472929353e+00,1.132716596020054276e-04
1.000000000000000000e+01,1.815769602679484063e+00,1.608500191349496536e-04
1.000000000000000000e+01,1.818147400644648304e+00,9.758667191908166390e-05
1.000000000000000000e+01,1.820526087986671593e+00,2.412205967641126787e-04
1.000000000000000000e+01,1.822902967052714596e+00,5.339938876901521197e-05
1.000000000000000000e+01,1.825280686410676978e+00,2.694287661129943830e-04
1.000000000000000000e+01,1.827659228322897844e+00,7.861743505431657006e-05
1.000000000000000000e+01,1.830038574944468310e+00,2.845111663758082996e-04
1.000000000000000000e+01,1.832416000112327747e+00,1.101671667841531429e-04
1.000000000000000000e+01,1.834794179900823385e+00,3.158847200795236775e-04
1.000000000000000000e+01,1.837170373825880221e+00,1.636531320629179065e-04
1.000000000000000000e+01,1.839550001086070585e+00,3.645377612880528438e-04
1.000000000000000000e+01,1.841927591628267580e+00,2.533557728819750294e-04
1.000000000000000000e+01,1.844305849176059109e+00,4.523224721171608602e-04
1.000000000000000000e+01,1.846682004518993780e+00,4.233345819894860458e-04
1.000000000000000000e+01,1.849061532876481451e+00,4.853875025305041816e-04
1.000000000000000000e+01,1.851438907171361503e+00,1.365626782630821254e-03
1.000000000000000000e+01,1.853816858923008848e+00,7.320636495120665544e-05
1.000000000000000000e+01,1.856195368998788231e+00,2.605982880324114563e-03
1.000000000000000000e+01,1.858574418157592278e+00,2.437993926458919029e-04
1.000000000000000000e+01,1.860951193835267858e+00,6.926004609352493305e-03
1.000000000000000000e+01,1.863328455497598846e+00,1.131134572710420540e-03
1.000000000000000000e+01,1.865706183545688734e+00,9.978619421354500973e-03
1.000000000000000000e+01,1.868084358271926204e+00,2.871546908128631004e-01
1.000000000000000000e+01,1.870462959859882535e+00,3.457338344614223624e-01
1.000000000000000000e+01,1.872841968384215239e+00,4.638416200803107681e-01
1.000000000000000000e+01,1.875218527602503737e+00,5.341312957517483362e-01
1.000000000000000000e+01,1.877598282584272082e+00,5.909183551734852324e-01
1.000000000000000000e+01,1.879975533445847002e+00,5.935172500339757073e-01
1.000000000000000000e+01,1.882353096003137383e+00,5.550023409630693294e-01
1.000000000000000000e+01,1.884730949754881424e+00,4.938486601648786056e-01
1.000000000000000000e+01,1.887109074090651539e+00,4.172712429304007431e-01
1.000000000000000000e+01,1.889487448290790628e+00,3.528048117886489199e-01
1.000000000000000000e+01,1.891866051526354786e+00,2.886566668277904535e-01
1.000000000000000000e+01,1.894241968814363020e+00,2.408774614421859417e-01
1.000000000000000000e+01,1.896620959922661109e+00,1.975185923948589439e-01
1.000000000000000000e+01,1.899000116913673875e+00,1.673804222484015503e-01
1.000000000000000000e+01,1.901376502634666066e+00,1.426673753496196795e-01
1.000000000000000000e+01,1.903755920179471373e+00,1.290678638448332360e-01
1.000000000000000000e+01,1.906132508977648854e+00,1.142232661178659014e-01
1.000000000000000000e+01,1.908512101096307090e+00,9.723762579772532444e-02
1.000000000000000000e+01,1.910888806516348737e+00,7.862147934769558866e-02
1.000000000000000000e+01,1.913265533887637870e+00,6.419810599683828389e-02
1.000000000000000000e+01,1.915645221064280479e+00,5.389201822739937697e-02
1.000000000000000000e+01,1.918021933723900396e+00,5.374973319154807000e-02
1.000000000000000000e+01,1.920401576683357536e+00,7.075023172571240360e-02
1.000000000000000000e+01,1.922778185987368271e+00,1.199711661636823357e-01
1.000000000000000000e+01,1.925157695683840764e+00,1.882860164691622373e-01
1.000000000000000000e+01,1.927534112112835318e+00,2.300164056930589507e-01
1.000000000000000000e+01,1.929913398624609977e+00,2.248597871585298058e-01
1.000000000000000000e+01,1.932289531783984105e+00,2.022365895513605072e-01
1.000000000000000000e+01,1.934668504313772353e+00,1.864843094399607770e-01
1.000000000000000000e+01,1.937047289244272052e+00,1.651650737002430813e-01
1.000000000000000000e+01,1.939422829809603455e+00,1.603800108010261793e-01
1.000000000000000000e+01,1.941801162930054447e+00,1.462489309675306937e-01
1.000000000000000000e+01,1.944179239057897579e+00,1.535135690160759903e-01
1.000000000000000000e+01,1.946557034846245759e+00,9.259599251971206701e-02
1.000000000000000000e+01,1.948937590416296883e+00,3.391340110094090594e-03
1.000000000000000000e+01,1.951314762526208613e+00,1.109399246323304056e-01
1.000000000000000000e+01,1.953691583608964111e+00,1.297758496107403190e-03
1.000000000000000000e+01,1.956071115926188098e+00,1.132450148386758906e-02
1.000000000000000000e+01,1.958447170997391629e+00,1.323837300294799461e-03
1.000000000000000000e+01,1.960825904438677769e+00,7.410044426430097142e-03
1.000000000000000000e+01,1.963204206118381423e+00,2.231528177645369319e-03
1.000000000000000000e+01,1.965582051840911504e+00,4.250610201768861320e-03
1.000000000000000000e+01,1.967959417301841540e+00,1.850317539674432290e-03
1.000000000000000000e+01,1.970339409318672352e+00,2.331451192875786532e-03
1.000000000000000000e+01,1.972715748465783570e+00,1.424695020735712754e-03
1.000000000000000000e+01,1.975094680156374904e+00,2.614338946697027967e-03
1.000000000000000000e+01,1.977473048443104009e+00,1.341216177539730639e-03
1.000000000000000000e+01,1.979850828500714810e+00,3.327629307583022771e-03
1.000000000000000000e+01,1.982227995395533071e+00,1.128297687987265792e-03
1.000000000000000000e+01,1.984604524085609167e+00,2.886318761389515368e-03
1.000000000000000000e+01,1.986983573776171186e+00,7.169921563507256155e-04
1.000000000000000000e+01,1.989361950099164611e+00,1.741250212392060929e-03
1.000000000000000000e+01,1.991739627709276261e+00,5.442911465547099065e-04
1.000000000000000000e+01,1.994116581153200896e+00,1.110809731714626318e-03
1.000000000000000000e+01,1.996495999787446962e+00,3.823872901309021419e-04
1.000000000000000000e+01,1.998874658345563660e+00,7.848708533446154684e-04
1.000000000000000000e+01,2.001252531070988550e+00,2.909683750754453219e-04
1.000000000000000000e+01,2.003629592099526402e+00,6.983476301208321269e-04
1.000000000000000000e+01,2.006009061087529410e+00,2.414839173157956077e-04
1.000000000000000000e+01,2.008384428391164267e+00,5.864657404275238619e-04
1.000000000000000000e+01,2.010762166794522354e+00,2.224430131731099938e-04
1.000000000000000000e+01,2.013142273146784511e+00,4.837596507871563703e-04
1.000000000000000000e+01,2.015518191284053184e+00,2.468964909329377237e-04
1.000000000000000000e+01,2.017896439964003363e+00,4.537679908157766953e-04
1.000000000000000000e+01,2.020273723858567294e+00,2.635856333340631905e-04
1.000000000000000000e+01,2.022653315995031953e+00,4.595210513056303243e-04
1.000000000000000000e+01,2.025031905392828957e+00,2.534547193308523327e-04
1.000000000000000000e+01,2.027409465173173775e+00,5.459931967171575799e-04
1.000000000000000000e+01,2.029785968350953596e+00,3.158869085501058945e-04
1.000000000000000000e+01,2.032164718651917390e+00,5.053415836077332921e-04
1.000000000000000000e+01,2.034542373648666747e+00,4.799506264678157579e-04
1.000000000000000000e+01,2.036922252485694695e+00,6.569194693357024127e-04
1.000000000000000000e+01,2.039297642718866488e+00,9.039237856391656471e-04
1.000000000000000000e+01,2.041678579620796796e+00,1.326728531783793108e-03
1.000000000000000000e+01,2.044054972850176011e+00,9.033468557890543885e-04
1.000000000000000000e+01,2.046433526721744833e+00,1.818318530374154682e-02
1.000000000000000000e+01,2.048810851376187347e+00,2.229735774808368209e-02
1.000000000000000000e+01,2.051190312403015081e+00,2.581653343203165960e-02
1.000000000000000000e+01,2.053568504069569922e+00,3.268427486052045278e-02
1.000000000000000000e+01,2.055945398294015458e+00,3.647618572970061368e-02
1.000000000000000000e+01,2.058324384012754305e+00,4.242038325844117719e-02
1.000000000000000000e+01,2.060702031599246808e+00,4.474157176290061849e-02
1.000000000000000000e+01,2.063078312672746772e+00,5.197049983176749155e-02
1.000000000000000000e+01,2.065456639593524102e+00,5.779074416960506416e-02
1.000000000000000000e+01,2.067833558764816893e+00,6.745913983897150468e-02
1.000000000000000000e+01,2.070212498216723152e+00,7.114962660672680128e-02
1.000000000000000000e+01,2.072589988335185041e+00,7.775185219507921297e-02
1.000000000000000000e+01,2.074969472860463071e+00,7.878951688951187082e-02
1.000000000000000000e+01,2.077347466120683439e+00,8.558190488551480068e-02
1.000000000000000000e+01,2.079723939049616721e+00,8.729417919864339293e-02
1.000000000000000000e+01,2.082102359006916092e+00,9.632900584893801244e-02
1.000000000000000000e+01,2.084479216156104542e+00,1.008914519255781350e-01
1.000000000000000000e+01,2.086857993654473997e+00,1.164969080262805989e-01
1.000000000000000000e+01,2.089235165520535009e+00,1.307519450460887245e-01
1.000000000000000000e+01,2.091614230747953052e+00,1.634926983586209859e-01
1.000000000000000000e+01,2.093991647171488779e+00,1.922441020817645951e-01
1.000000000000000000e+01,2.096370929659487015e+00,2.376595274614540509e-01
1.000000000000000000e+01,2.098748519824702452e+00,2.698756085407789107e-01
1.000000000000000000e+01,2.101127948448022309e+00,3.215875061696222281e-01
1.000000000000000000e+01,2.103505640882435745e+00,3.509388497210289004e-01
1.000000000000000000e+01,2.105881566995955634e+00,3.886658105287398302e-01
1.000000000000000000e+01,2.108259281488489290e+00,3.683894670925017545e-01
1.000000000000000000e+01,2.110638778281487493e+00,3.372731537158980553e-01
1.000000000000000000e+01,2.113016450109418187e+00,2.496963194535306574e-01
1.000000000000000000e+01,2.115395875701245210e+00,1.924851916658835149e-01
1.000000000000000000e+01,2.117773431421519081e+00,1.239773559784794338e-01
1.000000000000000000e+01,2.120149086564412588e+00,8.375819102302252406e-02
1.000000000000000000e+01,2.122526443941901597e+00,5.808621512504817674e-02
1.000000000000000000e+01,2.124905497063319437e+00,3.978050490250106819e-02
1.000000000000000000e+01,2.127282589459348561e+00,1.342491256626457408e-03
1.000000000000000000e+01,2.129661348130645226e+00,4.111914755911632267e-03
1.000000000000000000e+01,2.132041766401622240e+00,2.512799984616801200e-04
1.000000000000000000e+01,2.134416488630205944e+00,1.659481189176488687e-03
1.000000000000000000e+01,2.136796506809325980e+00,3.213770823959229530e-04
1.000000000000000000e+01,2.139174456954846537e+00,1.926060729666272770e-03
1.000000000000000000e+01,2.141550307510549533e+00,1.660909747638446776e-04
1.000000000000000000e+01,2.143931441358600143e+00,2.357659090450177960e-03
1.000000000000000000e+01,2.146306729584555040e+00,6.425149260117556734e-05
1.000000000000000000e+01,2.148687286870718527e+00,2.540459290431635025e-03
1.000000000000000000e+01,2.151065666753996908e+00,3.921949001379539400e-05
1.000000000000000000e+01,2.153441837210316567e+00,1.661539952832358875e-03
1.000000000000000000e+01,2.155819514621453603e+00,8.527268350324816043e-05
1.000000000000000000e+01,2.158198691568031347e+00,1.173453544489184942e-03
1.000000000000000000e+01,2.160575595509616864e+00,1.108186804131002390e-03
1.000000000000000000e+01,2.162953967401529898e+00,1.547133821092996399e-04
1.000000000000000000e+01,2.165330017974534726e+00,1.078588919876261650e-03
1.000000000000000000e+01,2.167711294571818659e+00,9.093699888650729293e-05
1.000000000000000000e+01,2.170086419534671851e+00,1.030718699749014504e-03
1.000000000000000000e+01,2.172466754975850289e+00,4.499586015899177509e-05
1.000000000000000000e+01,2.174844688110332491e+00,7.986696425485731660e-04
1.000000000000000000e+01,2.177220185986402434e+00,6.566638455194361067e-05
1.000000000000000000e+01,2.179600878863794833e+00,5.449106074220916958e-04
1.000000000000000000e+01,2.181979103711777057e+00,1.168191346193117044e-04
1.000000000000000000e+01,2.184354827302986468e+00,2.510323727514105667e-04
1.000000000000000000e+01,2.186731873089897693e+00,1.579471311887310184e-04
1.000000000000000000e+01,2.189110232802705447e+00,5.119370081988749028e-06
1.000000000000000000e+01,2.191489898121623092e+00,2.471654341768927715e-04
1.000000000000000000e+01,2.193866978681393132e+00,1.103241897294106486e-05
1.000000000000000000e+01,2.196245331200582740e+00,2.075679647699064879e-04
1.000000000000000000e+01,2.198624947167761245e+00,4.045772168365510603e-05
1.000000000000000000e+01,2.201001910734452061e+00,1.874709645029181446e-04
1.000000000000000000e+01,2.203380103664479339e+00,1.081532419359716967e-04
1.000000000000000000e+01,2.205755593071625942e+00,1.784755219002030009e-04
1.000000000000000000e+01,2.208136210091760532e+00,2.283776486594192134e-04
1.000000000000000000e+01,2.210514089066549559e+00,6.977609904353308711e-06
1.000000000000000000e+01,2.212889195676467580e+00,4.046995171209323474e-04
1.000000000000000000e+01,2.215269411685253598e+00,2.405504072073066035e-05
1.000000000000000000e+01,2.217646820369182592e+00,3.770557598401795465e-04
1.000000000000000000e+01,2.220025362245094058e+00,8.605226690480977244e-05
1.000000000000000000e+01,2.222401044539729753e+00,3.209596321650314238e-04
1.000000000000000000e+01,2.224781816787405386e+00,1.897555302751112308e-04
1.000000000000000000e+01,2.227159693927706297e+00,2.225838937829517498e-04
1.000000000000000000e+01,2.229538650259491828e+00,4.565443983094739163e-04
1.000000000000000000e+01,2.231914658585150590e+00,1.168936815229843081e-05
1.000000000000000000e+01,2.234291710139395537e+00,4.223480587008275806e-04
1.000000000000000000e+01,2.236669795394403248e+00,4.560008819381614558e-05
1.000000000000000000e+01,2.239048904770509107e+00,2.271410205308343967e-04
1.000000000000000000e+01,2.241424976510854261e+00,7.903547449728342915e-05
1.000000000000000000e+01,2.243806096568353503e+00,1.211172085954701199e-04
1.000000000000000000e+01,2.246184142332022571e+00,1.257642276962065862e-04
1.000000000000000000e+01,2.248559078140137224e+00,5.344224982460724725e-06
1.000000000000000000e+01,2.250939041398960061e+00,2.485230064566204544e-04
1.000000000000000000e+01,2.253315857608640727e+00,2.470798313420806901e-05
1.000000000000000000e+01,2.255693594709365701e+00,2.869984860136374355e-04
1.000000000000000000e+01,2.258072242628007320e+00,1.051423559599216310e-04
1.000000000000000000e+01,2.260451791238908381e+00,2.198653599470345229e-04
1.000000000000000000e+01,2.262828100482377369e+00,2.353700700151687840e-04
1.000000000000000000e+01,2.265205272630280042e+00,1.026793841287059696e-05
1.000000000000000000e+01,2.267583297361956962e+00,4.237857370993117451e-04
1.000000000000000000e+01,2.269962164303962027e+00,4.894686421532255696e-05
1.000000000000000000e+01,2.272341863029972320e+00,3.835098266288498197e-04
1.000000000000000000e+01,2.274718209664019053e+00,1.609511875310358638e-04
1.000000000000000000e+01,2.277095349600728014e+00,2.762341826542964577e-04
1.000000000000000000e+01,2.279473272218509372e+00,3.252126449419019834e-04
1.000000000000000000e+01,2.281851966842678436e+00,1.609881766307443232e-05
1.000000000000000000e+01,2.284231422745374829e+00,4.686379993947333575e-04
1.000000000000000000e+01,2.286607412008805351e+00,1.097917555036374945e-04
1.000000000000000000e+01,2.288984123377203694e+00,2.484467983487827387e-04
1.000000000000000000e+01,2.291365780618124681e+00,2.893932926157658588e-04
1.000000000000000000e+01,2.293743912168016763e+00,1.074741112646920209e-04
1.000000000000000000e+01,2.296118480612924895e+00,5.347395147257394659e-04
1.000000000000000000e+01,2.298497970634805210e+00,1.052869912831290759e-04
1.000000000000000000e+01,2.300878127611091895e+00,3.201295348053102775e-04
1.000000000000000000e+01,2.303254661586480623e+00,6.713767250545110091e-04
1.000000000000000000e+01,2.305631822391659203e+00,1.173689823213618587e-04
1.000000000000000000e+01,2.308009598693951503e+00,8.980292196778899561e-03
1.000000000000000000e+01,2.310387979106963030e+00,9.270098175827506254e-03
1.000000000000000000e+01,2.312766952190511649e+00,9.726951718352770671e-03
1.000000000000000000e+01,2.315142183405042520e+00,9.696998134433386374e-03
1.000000000000000000e+01,2.317522298400336744e+00,1.002366188982183395e-02
1.000000000000000000e+01,2.319898630583908439e+00,9.832636197328301769e-03
1.000000000000000000e+01,2.322279841038421555e+00,9.604418939245748868e-03
1.000000000000000000e+01,2.324657227477955335e+00,9.679717137266034485e-03
1.000000000000000000e+01,2.327035118932285318e+00,9.557554243483968454e-03
1.000000000000000000e+01,2.329413503549994768e+00,1.030178599229706476e-02
1.000000000000000000e+01,2.331787983991368662e+00,1.137104767410575951e-02
1.000000000000000000e+01,2.334167310210840451e+00,1.340645988557186835e-02
1.000000000000000000e+01,2.336547093703715827e+00,1.713391124596744947e-02
1.000000000000000000e+01,2.338922910089027418e+00,2.160399972074877883e-02
1.000000000000000000e+01,2.341303562883347844e+00,2.828157719255052285e-02
1.000000000000000000e+01,2.343680206292833024e+00,3.362582058624130621e-02
1.000000000000000000e+01,2.346057240367172003e+00,3.714659279142605575e-02
1.000000000000000000e+01,2.348434652788937260e+00,3.871711749226585536e-02
1.000000000000000000e+01,2.350812431186368734e+00,3.573285391105868875e-02
1.000000000000000000e+01,2.353190563133336077e+00,3.308349686613022700e-02
1.000000000000000000e+01,2.355569036149298690e+00,2.956779683969855063e-02
1.000000000000000000e+01,2.357947837699267524e+00,2.587661910171540000e-02
1.000000000000000000e+01,2.360326955193766896e+00,2.407285426445204130e-02
1.000000000000000000e+01,2.362701873503119110e+00,2.116174909643536370e-02
1.000000000000000000e+01,2.365081575825791482e+00,2.030204896018468486e-02
1.000000000000000000e+01,2.367461555987104838e+00,1.961040549413731529e-02
1.000000000000000000e+01,2.369837271457410743e+00,1.882761320148754192e-02
1.000000000000000000e+01,2.372213220904162867e+00,2.002836632068641029e-02
1.000000000000000000e+01,2.374593939286923305e+00,1.832497675126988981e-02
1.000000000000000000e+01,2.376970326898085517e+00,2.014175153530275986e-02
1.000000000000000000e+01,2.379346909490778650e+00,1.675241811067483631e-03
1.000000000000000000e+01,2.381728249229686956e+00,1.755540268793279830e-03
1.000000000000000000e+01,2.384105191535353274e+00,1.737018462434018599e-04
1.000000000000000000e+01,2.386482289336266938e+00,3.495195718281677287e-04
1.000000000000000000e+01,2.388859529357821643e+00,4.424736758669608984e-04
1.000000000000000000e+01,2.391236898270765909e+00,1.354133836275067139e-04
1.000000000000000000e+01,2.393619003764643427e+00,3.775134480866674906e-04
1.000000000000000000e+01,2.395996599438805941e+00,2.082564770433122754e-04
1.000000000000000000e+01,2.398374283698073040e+00,1.493482672177642401e-04
1.000000000000000000e+01,2.400752042994434454e+00,4.012243394640504493e-04
1.000000000000000000e+01,2.403129863725176119e+00,1.718155585632951386e-04
1.000000000000000000e+01,2.405507732232872620e+00,5.363218360624764968e-04
1.000000000000000000e+01,2.407885634805378317e+00,7.230351598965522892e-04
1.000000000000000000e+01,2.410263557675826007e+00,7.613646476307291307e-03
1.000000000000000000e+01,2.412641487022620712e+00,8.279000108590214846e-03
1.000000000000000000e+01,2.415019408969439230e+00,9.727271448762123823e-03
1.000000000000000000e+01,2.417397309585231913e+00,1.298251383656161793e-02
1.000000000000000000e+01,2.419775174884221780e+00,1.591484605647843983e-02
1.000000000000000000e+01,2.422152990825908514e+00,2.104807726782223498e-02
1.000000000000000000e+01,2.424530743315073789e+00,2.688731114055980739e-02
1.000000000000000000e+01,2.426908418201789264e+00,3.398621600702465134e-02
1.000000000000000000e+01,2.429286001281421470e+00,4.303762362472791231e-02
1.000000000000000000e+01,2.431663478294642911e+00,5.136278230127337696e-02
1.000000000000000000e+01,2.434040834927446273e+00,5.841221757226274652e-02
1.000000000000000000e+01,2.436422844634672291e+00,6.406838784387805519e-02
1.000000000000000000e+01,2.438799926692925002e+00,6.635197097085102080e-02
1.000000000000000000e+01,2.441176845109251925e+00,6.549899771199918508e-02
1.000000000000000000e+01,2.443553585351005086e+00,6.436454578460008846e-02
1.000000000000000000e+01,2.445930132830938852e+00,6.205368450936307040e-02
1.000000000000000000e+01,2.448311307568818762e+00,5.927043460170074163e-02
1.000000000000000000e+01,2.450687434933867870e+00,5.847593527042647260e-02
1.000000000000000000e+01,2.453068178922694020e+00,5.718339738304110964e-02
1.000000000000000000e+01,2.455443827201868601e+00,5.576197948635871343e-02
1.000000000000000000e+01,2.457824081285056472e+00,5.551131373361851279e-02
1.000000000000000000e+01,2.460199191070725266e+00,5.379374035579082697e-02
1.000000000000000000e+01,2.462578895654787381e+00,5.054946067719612995e-02
1.000000000000000000e+01,2.464958307733604137e+00,4.745959961987056275e-02
1.000000000000000000e+01,2.467332502158201546e+00,4.282910610395164464e-02
1.000000000000000000e+01,2.469711274537423229e+00,3.571487598959897231e-02
1.000000000000000000e+01,2.472089709077717856e+00,3.310516728860678215e-02
1.000000000000000000e+01,2.474467790561501790e+00,1.650301839990324544e-03
1.000000000000000000e+01,2.476845503716746499e+00,2.168310229061615278e-03
1.000000000000000000e+01,2.479222833217026967e+00,2.012118224052102632e-03
1.000000000000000000e+01,2.481599763681567428e+00,3.687595506321274838e-04
1.000000000000000000e+01,2.483981256237295376e+00,6.051239817692248904e-04
1.000000000000000000e+01,2.486357351796226300e+00,2.267070658709323080e-04
1.000000000000000000e+01,2.488737997498906118e+00,1.018716549402687809e-04
1.000000000000000000e+01,2.491113196007286756e+00,2.077753319380232330e-04
1.000000000000000000e+01,2.493492932524325134e+00,1.837079733060910185e-04
1.000000000000000000e+01,2.495872195725481024e+00,9.219451312559346658e-05
1.000000000000000000e+01,2.498245935968249398e+00,1.513548910056740013e-04
1.000000000000000000e+01,2.500624195678618378e+00,1.686731866676612979e-04
1.000000000000000000e+01,2.503001934687554719e+00,7.358634412783119445e-05
1.000000000000000000e+01,2.505384199785404054e+00,8.200293682730067676e-05
1.000000000000000000e+01,2.507760859244102747e+00,1.146425919595706402e-04
1.000000000000000000e+01,2.510136950143142087e+00,6.550493935816063481e-05
1.000000000000000000e+01,2.512517547981021337e+00,3.831723782533930274e-05
1.000000000000000000e+01,2.514892463148078239e+00,7.902144879149961053e-05
1.000000000000000000e+01,2.517271872260600674e+00,6.586389967617806900e-05
1.000000000000000000e+01,2.519650667552726819e+00,1.944003575018176956e-05
1.000000000000000000e+01,2.522028832766149087e+00,6.870886458236963930e-05
1.000000000000000000e+01,2.524406351588751818e+00,8.282779981882953241e-05
1.000000000000000000e+01,2.526783207654688557e+00,2.668874726402418394e-05
1.000000000000000000e+01,2.529159384544463762e+00,6.920852508970699098e-05
1.000000000000000000e+01,2.531540034735527911e+00,1.084089752063722626e-04
1.000000000000000000e+01,2.533914813502587737e+00,6.905811026144708287e-05
1.000000000000000000e+01,2.536294051902468372e+00,3.769767977979876430e-05
1.000000000000000000e+01,2.538672564369699458e+00,9.541549742340160235e-05
1.000000000000000000e+01,2.541050334235800179e+00,1.148845487509798978e-04
1.000000000000000000e+01,2.543427344778853350e+00,7.616110737596370258e-05
1.000000000000000000e+01,2.545808806606810748e+00,3.854562869994796869e-05
1.000000000000000000e+01,2.548184257884455128e+00,9.382977190191918611e-05
1.000000000000000000e+01,2.550564146289386880e+00,1.318739926403057164e-04
1.000000000000000000e+01,2.552943227520946490e+00,7.611483544704331604e-05
1.000000000000000000e+01,2.555321484608414462e+00,3.964379005335751994e-05
1.000000000000000000e+01,2.557698900527907160e+00,8.355568350724922153e-05
1.000000000000000000e+01,2.560075458202479837e+00,1.322187268294584904e-04
1.000000000000000000e+01,2.562451140502226998e+00,6.895225274861333886e-05
1.000000000000000000e+01,2.564831236037994344e+00,4.010934964810629029e-05
1.000000000000000000e+01,2.567210441454971015e+00,8.825603745713960695e-05
1.000000000000000000e+01,2.569588739480965334e+00,1.249001136753251481e-04
1.000000000000000000e+01,2.571966112790943892e+00,6.120200573165464049e-05
1.000000000000000000e+01,2.574342544007147904e+00,4.931750149173486000e-05
1.000000000000000000e+01,2.576723370808659652e+00,1.024452486102843222e-04
1.000000000000000000e+01,2.579097875367938553e+00,9.316023906452252767e-05
1.000000000000000000e+01,2.581476760275176030e+00,5.034145649659800065e-05
1.000000000000000000e+01,2.583854652848235123e+00,4.775534482704392550e-05
1.000000000000000000e+01,2.586231535461967379e+00,8.752866716806587599e-05
1.000000000000000000e+01,2.588612795081014717e+00,8.590328235679616821e-05
1.000000000000000000e+01,2.590987614612529910e+00,6.567655085865860038e-05
1.000000000000000000e+01,2.593366795512073164e+00,3.650090808642358816e-05
1.000000000000000000e+01,2.595744915317689472e+00,5.394913552116312021e-05
1.000000000000000000e+01,2.598121956157397161e+00,7.665252125483234483e-05
1.000000000000000000e+01,2.600497900107185067e+00,7.443495447076700264e-05
1.000000000000000000e+01,2.602878193565458798e+00,4.115433974836128642e-05
1.000000000000000000e+01,2.605257374095403922e+00,3.191100611637253829e-05
1.000000000000000000e+01,2.607635423630717320e+00,4.952395691774939883e-05
1.000000000000000000e+01,2.610012324053281763e+00,5.543316600806143967e-05
1.000000000000000000e+01,2.612388057193310686e+00,4.401202099556614391e-05
1.000000000000000000e+01,2.614768119240192146e+00,2.224930995399323734e-05
1.000000000000000000e+01,2.617146997564059774e+00,2.782537402051958505e-05
1.000000000000000000e+01,2.619524673852972718e+00,4.031747074524344562e-05
1.000000000000000000e+01,2.621901129743555270e+00,4.923089951994828170e-05
1.000000000000000000e+01,2.624281901432961472e+00,3.083623683938930139e-05
1.000000000000000000e+01,2.626655871285938915e+00,2.178870405594493837e-05
1.000000000000000000e+01,2.629034140094493655e+00,3.358585808722813548e-05
1.000000000000000000e+01,2.631416719546495031e+00,8.041601376924084447e-05
1.000000000000000000e+01,2.633792431410708623e+00,6.828030597482050287e-05
1.000000000000000000e+01,2.636172436860944934e+00,3.673512537315172695e-05
1.000000000000000000e+01,2.638545517161249965e+00,5.891741569858064553e-05
1.000000000000000000e+01,2.640928499105384297e+00,1.214206489723805137e-04
1.000000000000000000e+01,2.643304518349861354e+00,2.195913418230323062e-03
1.000000000000000000e+01,2.645684816809926954e+00,6.771069740154874242e-04
1.000000000000000000e+01,2.648058094547728558e+00,3.677210660710961837e-03
1.000000000000000000e+01,2.650435633945297020e+00,4.034935713917809329e-03
1.000000000000000000e+01,2.652817446491849473e+00,4.278095904351484312e-03
1.000000000000000000e+01,2.655192171178932803e+00,4.320028113901962577e-03
1.000000000000000000e+01,2.657571151243650398e+00,4.317298917551229236e-03
1.000000000000000000e+01,2.659948691486012429e+00,4.261878838214142387e-03
1.000000000000000000e+01,2.662330489570499559e+00,4.272620445604224937e-03
1.000000000000000000e+01,2.664705102769717726e+00,4.262632641505546306e-03
1.000000000000000000e+01,2.667083955729373734e+00,4.256832190748707952e-03
1.000000000000000000e+01,2.669461312276356413e+00,4.164528683762262762e-03
1.000000000000000000e+01,2.671837153036051848e+00,4.058396327877181707e-03
1.000000000000000000e+01,2.674217226595466013e+00,3.970817650087162670e-03
1.000000000000000000e+01,2.676595765975274599e+00,3.939402811355205945e-03
1.000000000000000000e+01,2.678972751659991935e+00,3.967848533232272955e-03
1.000000000000000000e+01,2.681353962923400225e+00,3.991446186310704768e-03
1.000000000000000000e+01,2.683727792746523733e+00,3.968066857198263887e-03
1.000000000000000000e+01,2.686105829445210702e+00,3.833039798964440505e-03
1.000000000000000000e+01,2.688488084212449003e+00,3.769135143711498277e-03
1.000000000000000000e+01,2.690862888123974894e+00,3.336924705194446901e-03
1.000000000000000000e+01,2.693241891183510539e+00,3.028771092978126914e-03
1.000000000000000000e+01,2.695619243808531795e+00,1.637258528615678354e-04
1.000000000000000000e+01,2.697994926104692492e+00,1.261767018415793531e-04
1.000000000000000000e+01,2.700374799530429026e+00,1.110240053756421103e-04
1.000000000000000000e+01,2.702752983395575903e+00,8.256774334472490972e-05
1.000000000000000000e+01,2.705129457665879755e+00,2.376617020984664232e-03
1.000000000000000000e+01,2.707510114782492927e+00,2.529309303668177827e-03
1.000000000000000000e+01,2.709889042854494612e+00,2.634601271700199102e-03
1.000000000000000000e+01,2.712266221707900993e+00,2.697278688704366975e-03
1.000000000000000000e+01,2.714641631120770615e+00,2.790725518084619886e-03
1.000000000000000000e+01,2.717021204959639391e+00,2.856368845334939822e-03
1.000000000000000000e+01,2.719398989596979010e+00,2.971999558133316382e-03
1.000000000000000000e+01,2.721774964671693997e+00,3.073468509831765120e-03
1.000000000000000000e+01,2.724155095219163325e+00,3.227639958504780349e-03
1.000000000000000000e+01,2.726533396224594785e+00,3.350809999147409939e-03
1.000000000000000000e+01,2.728909847187990234e+00,3.466595888975882323e-03
1.000000000000000000e+01,2.731290444402350470e+00,3.533822449411085434e-03
1.000000000000000000e+01,2.733669171376605700e+00,3.551584539759455438e-03
1.000000000000000000e+01,2.736046007472129116e+00,3.489039292433676435e-03
1.000000000000000000e+01,2.738420932003415853e+00,3.403329924843345646e-03
1.000000000000000000e+01,2.740799983049091892e+00,3.241923134189713882e-03
1.000000000000000000e+01,2.743177102021586489e+00,3.109697647517404955e-03
1.000000000000000000e+01,2.745558347964158319e+00,2.842378326070935449e-03
1.000000000000000000e+01,2.747937641197727654e+00,2.759793172400112383e-03
1.000000000000000000e+01,2.750314960807459741e+00,3.256572365644615176e-04
1.000000000000000000e+01,2.752690285832279038e+00,2.002768796291913632e-04
1.000000000000000000e+01,2.755069717329380996e+00,2.487116468361144400e-04
1.000000000000000000e+01,2.757447133295085617e+00,2.147300784348303527e-04
1.000000000000000000e+01,2.759822512631141755e+00,2.583355036632937855e-03
1.000000000000000000e+01,2.762201987996263153e+00,2.558970920267966253e-03
1.000000000000000000e+01,2.764579405566437664e+00,2.545904328051997335e-03
1.000000000000000000e+01,2.766960919131962182e+00,2.506330010317707815e-03
1.000000000000000000e+01,2.769334167959193405e+00,2.476074864027400825e-03
1.000000000000000000e+01,2.771717687672561325e+00,2.448445076507767618e-03
1.000000000000000000e+01,2.774092899949887059e+00,2.437887516871041754e-03
1.000000000000000000e+01,2.776472186575843271e+00,2.506399502618935488e-03
1.000000000000000000e+01,2.778849329813015245e+00,2.523459398866537487e-03
1.000000000000000000e+01,2.781224308154069291e+00,2.558686536704920644e-03
1.000000000000000000e+01,2.783603349577585373e+00,2.587251388959727755e-03
1.000000000000000000e+01,2.785980204283322159e+00,2.619690377690851724e-03
1.000000000000000000e+01,2.788361121540816612e+00,2.625216115929545138e-03
1.000000000000000000e+01,2.790739830130332333e+00,2.637804092746378823e-03
1.000000000000000000e+01,2.793116308318245977e+00,2.569966252772004200e-03
1.000000000000000000e+01,2.795496837376052479e+00,5.401347938881847404e-04
1.000000000000000000e+01,2.797875113863212526e+00,6.121603499976332454e-04
1.000000000000000000e+01,2.800251115911298605e+00,9.428498329866869226e-05
1.000000000000000000e+01,2.802631156870153184e+00,1.044753437226247900e-04
1.000000000000000000e+01,2.805008901002245647e+00,6.055839459792698444e-05
1.000000000000000000e+01,2.807384326304926958e+00,6.925086368612560508e-05
1.000000000000000000e+01,2.809763778281390234e+00,5.249558050499267237e-05
1.000000000000000000e+01,2.812140888822362683e+00,4.642791506158248433e-05
1.000000000000000000e+01,2.814515635791587478e+00,5.048687083459593944e-05
1.000000000000000000e+01,2.816894396919202848e+00,4.745117160034190412e-05
1.000000000000000000e+01,2.819277182391831005e+00,4.747320768485481897e-05
1.000000000000000000e+01,2.821651159259273456e+00,3.941036497553935094e-05
1.000000000000000000e+01,2.824029137518142551e+00,3.806786110151860145e-05
1.000000000000000000e+01,2.826411127293623426e+00,2.774948631157629668e-05
1.000000000000000000e+01,2.828784230557050972e+00,2.010940040234884680e-05
1.000000000000000000e+01,2.831161322165572702e+00,1.624510803238078877e-05
1.000000000000000000e+01,2.833542412182134651e+00,1.093947061747350208e-05
1.000000000000000000e+01,2.835921024016914149e+00,8.674578477439159993e-06
1.000000000000000000e+01,2.838297135088118761e+00,5.760754166783424945e-06
1.000000000000000000e+01,2.840677231205615438e+00,9.243301141155282197e-06
1.000000000000000000e+01,2.843054803040627743e+00,1.242329718647227580e-05
1.000000000000000000e+01,2.845429827880051832e+00,1.685095109177053214e-05
1.000000000000000000e+01,2.847808824123101878e+00,2.439614607005881428e-05
1.000000000000000000e+01,2.850185249634491935e+00,2.723907812241466652e-05
1.000000000000000000e+01,2.852565644594050376e+00,3.263610071511545749e-05
1.000000000000000000e+01,2.854943444955898801e+00,3.719843763742446043e-05
1.000000000000000000e+01,2.857318627786822773e+00,4.089680088358699749e-05
1.000000000000000000e+01,2.859697765996172869e+00,4.379788769975239050e-05
1.000000000000000000e+01,2.862080869472485301e+00,4.496166836422270971e-05
1.000000000000000000e+01,2.864454712355927857e+00,4.496198040287256574e-05
1.000000000000000000e+01,2.866832496293459265e+00,4.048657173391871764e-05
1.000000000000000000e+01,2.869214231107640511e+00,3.688992387698369706e-05
1.000000000000000000e+01,2.871586624881306449e+00,3.221672492946917358e-05
1.000000000000000000e+01,2.873969606985570024e+00,2.856006938171429287e-05
1.000000000000000000e+01,2.876343201527446158e+00,2.130871225348854244e-05
1.000000000000000000e+01,2.878720719985517373e+00,2.273720962535725673e-05
1.000000000000000000e+01,2.881102172098087610e+00,2.536140005944635532e-05
1.000000000000000000e+01,2.883480861554354568e+00,2.162341927310144942e-05
1.000000000000000000e+01,2.885856764896066906e+00,3.127625050451428442e-05
1.000000000000000000e+01,2.888236586815389195e+00,6.997731970291215303e-04
1.000000000000000000e+01,2.890613597715197436e+00,7.349396611533351963e-04
1.000000000000000000e+01,2.892994524384758570e+00,7.689882478783061689e-04
1.000000000000000000e+01,2.895365853522527733e+00,7.666667937776821965e-04
1.000000000000000000e+01,2.897747845885614293e+00,7.977336570102441836e-04
1.000000000000000000e+01,2.900126977032283726e+00,8.296328083244394616e-04
1.000000000000000000e+01,2.902503223200517901e+00,8.550722655251903918e-04
1.000000000000000000e+01,2.904883366561006319e+00,8.802968134291722481e-04
1.000000000000000000e+01,2.907260599562923709e+00,8.951187821310703898e-04
1.000000000000000000e+01,2.909634898318774088e+00,9.189042337753323270e-04
1.000000000000000000e+01,2.912013078324352744e+00,9.694406127859397362e-04
1.000000000000000000e+01,2.914395149104420657e+00,1.020738814428376285e-03
1.000000000000000000e+01,2.916774258379155604e+00,1.043647374090428534e-03
1.000000000000000000e+01,2.919150382085439865e+00,1.052808367543920341e-03
1.000000000000000000e+01,2.921523496123781261e+00,3.054496595589416513e-04
1.000000000000000000e+01,2.923907367138645963e+00,3.696343859572759236e-05
1.000000000000000000e+01,2.926281318344463589e+00,3.406891783976310898e-05
1.000000000000000000e+01,2.928659127554641639e+00,4.037636029691047844e-05
1.000000000000000000e+01,2.931040804181527015e+00,3.251560225416316898e-05
1.000000000000000000e+01,2.933419417291878162e+00,2.259372548368091750e-05
1.000000000000000000e+01,2.935794942524495799e+00,8.784809746344621851e-06
1.000000000000000000e+01,2.938174318344370928e+00,1.435023676322996426e-05
1.000000000000000000e+01,2.940550579959972044e+00,3.090118801504134887e-05
1.000000000000000000e+01,2.942930688311046872e+00,3.466379940863648557e-05
1.000000000000000000e+01,2.945307656001242336e+00,1.713658932797154795e-05
1.000000000000000000e+01,2.947681458460930770e+00,5.906443991775047766e-06
1.000000000000000000e+01,2.950059090390392047e+00,5.723850644584592129e-06
1.000000000000000000e+01,2.952440561063782720e+00,2.425090959143849873e-05
1.000000000000000000e+01,2.954818837778843132e+00,2.701245795455844192e-05
1.000000000000000000e+01,2.957193895793339244e+00,2.919376372691321823e-06
1.000000000000000000e+01,2.959572774981745535e+00,2.705604012312864205e-05
1.000000000000000000e+01,2.961955484573179920e+00,1.461826995370133484e-05
1.000000000000000000e+01,2.964327858985216224e+00,4.055787197952493022e-06
1.000000000000000000e+01,2.966711135514628506e+00,3.291469906464561119e-05
1.000000000000000000e+01,2.969084027002956372e+00,9.959991397261032218e-06
1.000000000000000000e+01,2.971467838945096585e+00,6.268210748342249589e-06
1.000000000000000000e+01,2.973841215813263883e+00,3.378925666777759216e-05
1.000000000000000000e+01,2.976218387048926051e+00,6.008533432929100579e-06
1.000000000000000000e+01,2.978599361758565323e+00,1.065466899635890523e-05
1.000000000000000000e+01,2.980976981837772488e+00,3.239286987724467585e-05
1.000000000000000000e+01,2.983351222083469256e+00,3.514601328672340381e-06
1.000000000000000000e+01,2.985729247336589065e+00,2.618099573953233526e-05
1.000000000000000000e+01,2.988111066655426029e+00,4.861737412596183112e-05
1.000000000000000000e+01,2.990489476071835462e+00,1.546546085266686441e-04
1.000000000000000000e+01,2.992864450213154281e+00,1.650532640486991045e-04
1.000000000000000000e+01,2.995243199646329124e+00,1.850069409004010052e-04
1.000000000000000000e+01,2.997618485893688511e+00,1.590846001618950452e-04
1.000000000000000000e+01,2.999997542427555786e+00,1.708777576462812951e-04
1.100000000000000000e+01,1.723029394364145483e+00,3.512574783165514631e-06
1.100000000000000000e+01,1.725405639360965360e+00,1.984798537151025597e-05
1.100000000000000000e+01,1.732539967848906848e+00,1.552755961830931615e-05
1.100000000000000000e+01,1.734918258608534103e+00,7.186365840337684182e-06
1.100000000000000000e+01,1.737295784744042226e+00,1.878186921544966305e-05
1.100000000000000000e+01,1.739674954091988246e+00,1.082703771651041768e-05
1.100000000000000000e+01,1.742053305661134033e+00,4.345942718028008678e-05
1.100000000000000000e+01,1.744430805976284748e+00,8.410564255853764348e-06
1.100000000000000000e+01,1.746807421400558225e+00,4.146109439610992176e-05
1.100000000000000000e+01,1.749185585906543050e+00,5.377890370025962288e-05
1.100000000000000000e+01,1.751565285671503824e+00,4.894165075783137486e-05
1.100000000000000000e+01,1.753941544332989544e+00,8.417584431325804753e-05
1.100000000000000000e+01,1.756319283347408389e+00,4.315977953215127709e-05
1.100000000000000000e+01,1.758698488506720947e+00,1.266105144359410664e-04
1.100000000000000000e+01,1.761076644056678076e+00,4.856377373410210026e-05
1.100000000000000000e+01,1.763453715291095847e+00,1.824932218374380837e-04
1.100000000000000000e+01,1.765832182308382903e+00,4.670763134754759763e-05
1.100000000000000000e+01,1.768209508663195706e+00,2.058706392843509666e-04
1.100000000000000000e+01,1.770588187717695883e+00,8.592384322340530897e-05
1.100000000000000000e+01,1.772965669196805205e+00,9.034214203126664081e-05
1.100000000000000000e+01,1.775344459763996241e+00,9.984968821690863182e-05
1.100000000000000000e+01,1.777721995276969613e+00,6.923353028217118024e-05
1.100000000000000000e+01,1.780100795737554753e+00,1.302760505014645799e-04
1.100000000000000000e+01,1.782478283099381056e+00,6.276753420373742910e-05
1.100000000000000000e+01,1.784856990739158489e+00,1.689281268151181595e-04
1.100000000000000000e+01,1.787234326670235962e+00,5.421033636680476855e-05
1.100000000000000000e+01,1.789612837680196966e+00,2.122769925972152081e-04
1.100000000000000000e+01,1.791989917806559918e+00,1.201279778875058717e-04
1.100000000000000000e+01,1.794368127283230807e+00,1.528626211206803617e-04
1.100000000000000000e+01,1.796744846137017459e+00,1.685653719716543480e-04
1.100000000000000000e+01,1.799122648083041343e+00,1.495440137402605468e-04
1.100000000000000000e+01,1.801501516697256555e+00,2.316481938808046014e-04
1.100000000000000000e+01,1.803878810935230392e+00,1.467651320240498229e-04
1.100000000000000000e+01,1.806257124818080539e+00,2.885922803241538137e-04
1.100000000000000000e+01,1.808636441567766484e+00,1.244544171415440696e-04
1.100000000000000000e+01,1.811014098981616804e+00,3.136776864410896785e-04
1.100000000000000000e+01,1.813392711472929353e+00,1.126257437141298990e-04
1.100000000000000000e+01,1.815769602679484063e+00,3.807965456055557212e-04
1.100000000000000000e+01,1.818147400644648304e+00,9.738113213891491714e-05
1.100000000000000000e+01,1.820526087986671593e+00,3.202731775894356037e-04
1.100000000000000000e+01,1.822902967052714596e+00,2.541812193785489889e-04
1.100000000000000000e+01,1.825280686410676978e+00,3.011610121096857978e-04
1.100000000000000000e+01,1.827659228322897844e+00,3.194110430569927807e-04
1.100000000000000000e+01,1.830038574944468310e+00,2.997953250006139304e-04
1.100000000000000000e+01,1.832416000112327747e+00,3.954325018398088896e-04
1.100000000000000000e+01,1.834794179900823385e+00,2.942479433748206746e-04
1.100000000000000000e+01,1.837170373825880221e+00,4.408274280702939195e-04
1.100000000000000000e+01,1.839550001086070585e+00,2.696480540034818527e-04
1.100000000000000000e+01,1.841927591628267580e+00,5.415205537444898022e-04
1.100000000000000000e+01,1.844305849176059109e+00,2.583322009382239652e-04
1.100000000000000000e+01,1.846682004518993780e+00,6.644504426845879034e-04
1.100000000000000000e+01,1.849061532876481451e+00,2.443590882619521999e-04
1.100000000000000000e+01,1.851438907171361503e+00,6.813900648888570168e-04
1.100000000000000000e+01,1.853816858923008848e+00,3.859889378163288581e-04
1.100000000000000000e+01,1.856195368998788231e+00,7.404132449768804566e-04
1.100000000000000000e+01,1.858574418157592278e+00,5.258949929430456601e-04
1.100000000000000000e+01,1.860951193835267858e+00,7.820814168317069635e-04
1.100000000000000000e+01,1.863328455497598846e+00,6.587217907624548898e-04
1.100000000000000000e+01,1.865706183545688734e+00,8.622108009566981828e-04
1.100000000000000000e+01,1.868084358271926204e+00,8.981054166347835930e-04
1.100000000000000000e+01,1.870462959859882535e+00,9.778241288013729635e-04
1.100000000000000000e+01,1.872841968384215239e+00,1.092559046201690802e-03
1.100000000000000000e+01,1.875218527602503737e+00,9.662535936582843489e-04
1.100000000000000000e+01,1.877598282584272082e+00,1.175918446011704971e-03
1.100000000000000000e+01,1.879975533445847002e+00,7.643605618623085848e-04
1.100000000000000000e+01,1.882353096003137383e+00,9.844626475693613824e-04
1.100000000000000000e+01,1.884730949754881424e+00,5.126022899424739158e-04
1.100000000000000000e+01,1.887109074090651539e+00,9.250721183544429816e-04
1.100000000000000000e+01,1.889487448290790628e+00,1.716830348866971580e-04
1.100000000000000000e+01,1.891866051526354786e+00,6.644334592628365005e-04
1.100000000000000000e+01,1.894241968814363020e+00,1.637236413876291287e-04
1.100000000000000000e+01,1.896620959922661109e+00,5.184134329358194761e-04
1.100000000000000000e+01,1.899000116913673875e+00,1.869859755693453046e-04
1.100000000000000000e+01,1.901376502634666066e+00,4.734116866505298630e-04
1.100000000000000000e+01,1.903755920179471373e+00,2.400067377368827245e-04
1.100000000000000000e+01,1.906132508977648854e+00,3.921258663317515121e-04
1.100000000000000000e+01,1.908512101096307090e+00,2.601315669365378974e-04
1.100000000000000000e+01,1.910888806516348737e+00,3.702588243776523420e-04
1.100000000000000000e+01,1.913265533887637870e+00,2.885110112074748111e-04
1.100000000000000000e+01,1.915645221064280479e+00,3.645156116992367165e-04
1.100000000000000000e+01,1.918021933723900396e+00,3.824002018841076551e-04
1.100000000000000000e+01,1.920401576683357536e+00,5.716466818692489795e-04
1.100000000000000000e+01,1.922778185987368271e+00,7.264897963662870183e-04
1.100000000000000000e+01,1.925157695683840764e+00,1.343559423587253410e-03
1.100000000000000000e+01,1.927534112112835318e+00,1.364769730051854958e-03
1.100000000000000000e+01,1.929913398624609977e+00,1.878437272124359883e-03
1.100000000000000000e+01,1.932289531783984105e+00,2.805908797700006063e-03
1.100000000000000000e+01,1.934668504313772353e+00,1.495909165817723774e-04
1.100000000000000000e+01,1.937047289244272052e+00,3.571928714791850965e-03
1.100000000000000000e+01,1.939422829809603455e+00,2.126070058897382609e-04
1.100000000000000000e+01,1.941801162930054447e+00,6.696723202332346969e-03
1.100000000000000000e+01,1.944179239057897579e+00,4.320170449121696126e-04
1.100000000000000000e+01,1.946557034846245759e+00,6.300350641782075101e-02
1.100000000000000000e+01,1.948937590416296883e+00,1.625776496786510428e-01
1.100000000000000000e+01,1.951314762526208613e+00,6.773634553604478137e-02
1.100000000000000000e+01,1.953691583608964111e+00,2.008744740850805788e-01
1.100000000000000000e+01,1.956071115926188098e+00,2.204533299231844212e-01
1.100000000000000000e+01,1.958447170997391629e+00,2.703025852687278019e-01
1.100000000000000000e+01,1.960825904438677769e+00,3.017511230880938200e-01
1.100000000000000000e+01,1.963204206118381423e+00,3.198598634031953325e-01
1.100000000000000000e+01,1.965582051840911504e+00,2.874531302197954052e-01
1.100000000000000000e+01,1.967959417301841540e+00,2.319107997469895543e-01
1.100000000000000000e+01,1.970339409318672352e+00,1.917887125902111578e-01
1.100000000000000000e+01,1.972715748465783570e+00,1.927111456955910018e-01
1.100000000000000000e+01,1.975094680156374904e+00,2.388132404557656852e-01
1.100000000000000000e+01,1.977473048443104009e+00,3.301889694502445072e-01
1.100000000000000000e+01,1.979850828500714810e+00,4.300550510125999426e-01
1.100000000000000000e+01,1.982227995395533071e+00,4.873553738292745741e-01
1.100000000000000000e+01,1.984604524085609167e+00,4.630885192571631559e-01
1.100000000000000000e+01,1.986983573776171186e+00,4.021564715985063154e-01
1.100000000000000000e+01,1.989361950099164611e+00,3.291175685065201306e-01
1.100000000000000000e+01,1.991739627709276261e+00,2.730719946111195839e-01
1.100000000000000000e+01,1.994116581153200896e+00,2.258202396094178555e-01
1.100000000000000000e+01,1.996495999787446962e+00,1.934683472260132764e-01
1.100000000000000000e+01,1.998874658345563660e+00,1.661551892843895206e-01
1.100000000000000000e+01,2.001252531070988550e+00,1.472141039431569265e-01
1.100000000000000000e+01,2.003629592099526402e+00,1.305012413209211131e-01
1.100000000000000000e+01,2.006009061087529410e+00,1.188947846513030981e-01
1.100000000000000000e+01,2.008384428391164267e+00,1.081570572758454862e-01
1.100000000000000000e+01,2.010762166794522354e+00,1.004104315918894208e-01
1.100000000000000000e+01,2.013142273146784511e+00,9.290863340104678347e-02
1.100000000000000000e+01,2.015518191284053184e+00,8.716889256399906749e-02
1.100000000000000000e+01,2.017896439964003363e+00,8.142340132981128187e-02
1.100000000000000000e+01,2.020273723858567294e+00,7.639366264197150480e-02
1.100000000000000000e+01,2.022653315995031953e+00,7.141381046568852364e-02
1.100000000000000000e+01,2.025031905392828957e+00,6.700145600930025591e-02
1.100000000000000000e+01,2.027409465173173775e+00,6.327344893689620942e-02
1.100000000000000000e+01,2.029785968350953596e+00,5.976288691814063414e-02
1.100000000000000000e+01,2.032164718651917390e+00,5.657497037437721199e-02
1.100000000000000000e+01,2.034542373648666747e+00,5.340917677252297185e-02
1.100000000000000000e+01,2.036922252485694695e+00,5.046811848914711796e-02
1.100000000000000000e+01,2.039297642718866488e+00,4.743377401039340635e-02
1.100000000000000000e+01,2.041678579620796796e+00,4.459825752315631220e-02
1.100000000000000000e+01,2.044054972850176011e+00,4.191604904963039391e-02
1.100000000000000000e+01,2.046433526721744833e+00,3.997653798865868913e-02
1.100000000000000000e+01,2.048810851376187347e+00,3.992887577965691104e-02
1.100000000000000000e+01,2.051190312403015081e+00,4.253214430999113782e-02
1.100000000000000000e+01,2.053568504069569922e+00,4.747980141527085446e-02
1.100000000000000000e+01,2.055945398294015458e+00,4.956252707924583417e-02
1.100000000000000000e+01,2.058324384012754305e+00,4.937500465520582027e-02
1.100000000000000000e+01,2.060702031599246808e+00,4.823652218355339860e-02
1.100000000000000000e+01,2.063078312672746772e+00,4.988115344409035229e-02
1.100000000000000000e+01,2.065456639593524102e+00,5.177337147494132791e-02
1.100000000000000000e+01,2.067833558764816893e+00,5.270269540124580127e-02
1.100000000000000000e+01,2.070212498216723152e+00,4.858908904922003280e-02
1.100000000000000000e+01,2.072589988335185041e+00,4.408633133842920770e-02
1.100000000000000000e+01,2.074969472860463071e+00,3.625779881499176932e-02
1.100000000000000000e+01,2.077347466120683439e+00,3.266448412404013985e-02
1.100000000000000000e+01,2.079723939049616721e+00,3.230408701697368764e-03
1.100000000000000000e+01,2.082102359006916092e+00,1.514481905335810256e-03
1.100000000000000000e+01,2.084479216156104542e+00,1.398305806994547869e-03
1.100000000000000000e+01,2.086857993654473997e+00,6.140943260493768752e-04
1.100000000000000000e+01,2.089235165520535009e+00,1.514562193870055105e-03
1.100000000000000000e+01,2.091614230747953052e+00,7.887994385266596138e-04
1.100000000000000000e+01,2.093991647171488779e+00,1.783387857044297503e-03
1.100000000000000000e+01,2.096370929659487015e+00,1.114555723891230091e-03
1.100000000000000000e+01,2.098748519824702452e+00,2.944896418825389099e-03
1.100000000000000000e+01,2.101127948448022309e+00,1.462869187547869484e-03
1.100000000000000000e+01,2.103505640882435745e+00,5.353608520693602969e-03
1.100000000000000000e+01,2.105881566995955634e+00,1.476115993212094449e-03
1.100000000000000000e+01,2.108259281488489290e+00,9.107048771329555314e-03
1.100000000000000000e+01,2.110638778281487493e+00,1.231064100526433995e-03
1.100000000000000000e+01,2.113016450109418187e+00,1.171422355168593582e-02
1.100000000000000000e+01,2.115395875701245210e+00,6.944231368473251405e-04
1.100000000000000000e+01,2.117773431421519081e+00,6.608132862356471023e-03
1.100000000000000000e+01,2.120149086564412588e+00,5.411801534617695537e-03
1.100000000000000000e+01,2.122526443941901597e+00,3.031292758953578470e-03
1.100000000000000000e+01,2.124905497063319437e+00,3.183461437509639037e-03
1.100000000000000000e+01,2.127282589459348561e+00,3.126387850782320899e-02
1.100000000000000000e+01,2.129661348130645226e+00,2.464551599074036453e-02
1.100000000000000000e+01,2.132041766401622240e+00,2.977398048982669507e-02
1.100000000000000000e+01,2.134416488630205944e+00,3.651567375565271251e-02
1.100000000000000000e+01,2.136796506809325980e+00,5.515145014955851605e-02
1.100000000000000000e+01,2.139174456954846537e+00,7.967178070193212114e-02
1.100000000000000000e+01,2.141550307510549533e+00,1.154687972976595201e-01
1.100000000000000000e+01,2.143931441358600143e+00,1.362141362958043944e-01
1.100000000000000000e+01,2.146306729584555040e+00,1.523318608027082466e-01
1.100000000000000000e+01,2.148687286870718527e+00,1.453584802944396237e-01
1.100000000000000000e+01,2.151065666753996908e+00,1.453832823264857854e-01
1.100000000000000000e+01,2.153441837210316567e+00,1.340825865469906231e-01
1.100000000000000000e+01,2.155819514621453603e+00,1.343177108096377248e-01
1.100000000000000000e+01,2.158198691568031347e+00,1.266343983869576417e-01
1.100000000000000000e+01,2.160575595509616864e+00,1.259141272104566944e-01
1.100000000000000000e+01,2.162953967401529898e+00,1.264752385178692928e-01
1.100000000000000000e+01,2.165330017974534726e+00,1.233114989941050399e-01
1.100000000000000000e+01,2.167711294571818659e+00,1.225808117813314696e-01
1.100000000000000000e+01,2.170086419534671851e+00,1.147877981220436217e-01
1.100000000000000000e+01,2.172466754975850289e+00,1.046564887044277581e-01
1.100000000000000000e+01,2.174844688110332491e+00,8.607527756296981525e-02
1.100000000000000000e+01,2.177220185986402434e+00,6.721348410295262255e-02
1.100000000000000000e+01,2.179600878863794833e+00,4.791328942173814220e-02
1.100000000000000000e+01,2.181979103711777057e+00,3.381061686216162154e-02
1.100000000000000000e+01,2.184354827302986468e+00,2.321779172886435580e-02
1.100000000000000000e+01,2.186731873089897693e+00,1.713715316479837505e-02
1.100000000000000000e+01,2.189110232802705447e+00,1.367928877658091194e-02
1.100000000000000000e+01,2.191489898121623092e+00,1.244284540528080296e-02
1.100000000000000000e+01,2.193866978681393132e+00,1.323948861326210841e-02
1.100000000000000000e+01,2.196245331200582740e+00,1.507928147916592562e-02
1.100000000000000000e+01,2.198624947167761245e+00,1.879511563749590441e-02
1.100000000000000000e+01,2.201001910734452061e+00,2.236629063920395066e-02
1.100000000000000000e+01,2.203380103664479339e+00,2.732664986295293974e-02
1.100000000000000000e+01,2.205755593071625942e+00,2.885758353034225537e-02
1.100000000000000000e+01,2.208136210091760532e+00,3.035980905416270706e-02
1.100000000000000000e+01,2.210514089066549559e+00,2.792284030052386012e-02
1.100000000000000000e+01,2.212889195676467580e+00,2.531092007052072879e-02
1.100000000000000000e+01,2.215269411685253598e+00,2.518646460433385248e-02
1.100000000000000000e+01,2.217646820369182592e+00,2.379458458469401599e-02
1.100000000000000000e+01,2.220025362245094058e+00,2.816115241250997242e-02
1.100000000000000000e+01,2.222401044539729753e+00,4.722894202088578561e-03
1.100000000000000000e+01,2.224781816787405386e+00,2.433608443391909858e-04
1.100000000000000000e+01,2.227159693927706297e+00,1.997654200331105186e-03
1.100000000000000000e+01,2.229538650259491828e+00,2.003725342579105312e-03
1.100000000000000000e+01,2.231914658585150590e+00,5.593672109447462215e-04
1.100000000000000000e+01,2.234291710139395537e+00,1.472589151425953650e-03
1.100000000000000000e+01,2.236669795394403248e+00,1.229138567923896883e-04
1.100000000000000000e+01,2.239048904770509107e+00,9.736163708463366684e-04
1.100000000000000000e+01,2.241424976510854261e+00,6.379685919594337972e-05
1.100000000000000000e+01,2.243806096568353503e+00,5.909787716218502154e-04
1.100000000000000000e+01,2.246184142332022571e+00,9.085901596393939077e-05
1.100000000000000000e+01,2.248559078140137224e+00,9.106404907449904300e-05
1.100000000000000000e+01,2.250939041398960061e+00,5.602711511301471234e-04
1.100000000000000000e+01,2.253315857608640727e+00,3.634933463902226280e-05
1.100000000000000000e+01,2.255693594709365701e+00,6.347879666587990600e-04
1.100000000000000000e+01,2.258072242628007320e+00,3.991499453019812876e-05
1.100000000000000000e+01,2.260451791238908381e+00,6.800884393431284175e-04
1.100000000000000000e+01,2.262828100482377369e+00,1.232514126032205814e-04
1.100000000000000000e+01,2.265205272630280042e+00,1.112613119555307340e-04
1.100000000000000000e+01,2.267583297361956962e+00,9.572268485119323064e-04
1.100000000000000000e+01,2.269962164303962027e+00,3.698701442094715341e-05
1.100000000000000000e+01,2.272341863029972320e+00,1.230114140344962031e-03
1.100000000000000000e+01,2.274718209664019053e+00,5.835502583747244695e-05
1.100000000000000000e+01,2.277095349600728014e+00,1.234162766762160078e-03
1.100000000000000000e+01,2.279473272218509372e+00,2.359594044902013383e-04
1.100000000000000000e+01,2.281851966842678436e+00,8.309896747928927822e-05
1.100000000000000000e+01,2.284231422745374829e+00,1.001665491542089040e-03
1.100000000000000000e+01,2.286607412008805351e+00,3.129207255384505054e-05
1.100000000000000000e+01,2.288984123377203694e+00,6.520135826583627536e-04
1.100000000000000000e+01,2.291365780618124681e+00,1.189918652664813620e-04
1.100000000000000000e+01,2.293743912168016763e+00,3.225524144535659062e-04
1.100000000000000000e+01,2.296118480612924895e+00,4.225055600256832650e-04
1.100000000000000000e+01,2.298497970634805210e+00,1.777623649681948361e-05
1.100000000000000000e+01,2.300878127611091895e+00,2.834106720829484834e-04
1.100000000000000000e+01,2.303254661586480623e+00,8.127413406556441722e-05
1.100000000000000000e+01,2.305631822391659203e+00,1.629145563215100509e-04
1.100000000000000000e+01,2.308009598693951503e+00,2.860925046259934416e-04
1.100000000000000000e+01,2.310387979106963030e+00,1.454213709872655074e-05
1.100000000000000000e+01,2.312766952190511649e+00,2.651474982198997717e-04
1.100000000000000000e+01,2.315142183405042520e+00,7.608520072263035797e-05
1.100000000000000000e+01,2.317522298400336744e+00,1.823352842870674332e-04
1.100000000000000000e+01,2.319898630583908439e+00,3.002106720156906810e-04
1.100000000000000000e+01,2.322279841038421555e+00,1.557669079908532804e-05
1.100000000000000000e+01,2.324657227477955335e+00,2.868658395147229557e-04
1.100000000000000000e+01,2.327035118932285318e+00,9.166159613138233765e-05
1.100000000000000000e+01,2.329413503549994768e+00,2.185495612152031457e-04
1.100000000000000000e+01,2.331787983991368662e+00,3.850537359282452110e-04
1.100000000000000000e+01,2.334167310210840451e+00,2.477243068713583297e-05
1.100000000000000000e+01,2.336547093703715827e+00,4.142800325031199848e-04
1.100000000000000000e+01,2.338922910089027418e+00,1.870248483570240248e-04
1.100000000000000000e+01,2.341303562883347844e+00,2.584597220929947189e-04
1.100000000000000000e+01,2.343680206292833024e+00,7.186810965948587249e-04
1.100000000000000000e+01,2.346057240367172003e+00,1.259431772475544668e-04
1.100000000000000000e+01,2.348434652788937260e+00,5.391801168845591040e-04
1.100000000000000000e+01,2.350812431186368734e+00,5.224848557224841174e-04
1.100000000000000000e+01,2.353190563133336077e+00,2.634459803935454292e-05
1.100000000000000000e+01,2.355569036149298690e+00,7.262957668016849309e-04
1.100000000000000000e+01,2.357947837699267524e+00,2.935467939617900286e-04
1.100000000000000000e+01,2.360326955193766896e+00,3.327953801058806775e-04
1.100000000000000000e+01,2.362701873503119110e+00,7.238537431779308671e-04
1.100000000000000000e+01,2.365081575825791482e+00,1.078881761585438417e-04
1.100000000000000000e+01,2.367461555987104838e+00,7.404145151373401224e-04
1.100000000000000000e+01,2.369837271457410743e+00,6.567511064965259136e-04
1.100000000000000000e+01,2.372213220904162867e+00,2.505188401381378536e-04
1.100000000000000000e+01,2.374593939286923305e+00,2.460410314440654618e-03
1.100000000000000000e+01,2.376970326898085517e+00,7.106558830114195497e-04
1.100000000000000000e+01,2.379346909490778650e+00,2.033814488672509510e-02
1.100000000000000000e+01,2.381728249229686956e+00,1.960092171545532030e-02
1.100000000000000000e+01,2.384105191535353274e+00,2.072435715943530404e-02
1.100000000000000000e+01,2.386482289336266938e+00,1.989552803008368814e-02
1.100000000000000000e+01,2.388859529357821643e+00,1.757202978776358990e-02
1.100000000000000000e+01,2.391236898270765909e+00,1.641441874557143105e-02
1.100000000000000000e+01,2.393619003764643427e+00,1.441142099407532844e-02
1.100000000000000000e+01,2.395996599438805941e+00,1.247740175809807818e-02
1.100000000000000000e+01,2.398374283698073040e+00,1.148162071010349998e-02
1.100000000000000000e+01,2.400752042994434454e+00,1.043560273129371524e-02
1.100000000000000000e+01,2.403129863725176119e+00,9.787081975937450204e-03
1.100000000000000000e+01,2.405507732232872620e+00,9.740207531571402205e-03
1.100000000000000000e+01,2.407885634805378317e+00,9.639024086774567943e-03
1.100000000000000000e+01,2.410263557675826007e+00,1.004486591915931988e-02
1.100000000000000000e+01,2.412641487022620712e+00,1.065816514675642021e-02
1.100000000000000000e+01,2.415019408969439230e+00,1.133343861525465748e-02
1.100000000000000000e+01,2.417397309585231913e+00,1.243797293704339627e-02
1.100000000000000000e+01,2.419775174884221780e+00,1.351462112392911967e-02
1.100000000000000000e+01,2.422152990825908514e+00,1.466810200935449865e-02
1.100000000000000000e+01,2.424530743315073789e+00,1.612048012016990134e-02
1.100000000000000000e+01,2.426908418201789264e+00,1.702282679174760283e-02
1.100000000000000000e+01,2.429286001281421470e+00,1.765065806859417857e-02
1.100000000000000000e+01,2.431663478294642911e+00,1.852527074347028527e-02
1.100000000000000000e+01,2.434040834927446273e+00,1.708353709894897335e-02
1.100000000000000000e+01,2.436422844634672291e+00,1.753548999333357297e-02
1.100000000000000000e+01,2.438799926692925002e+00,6.917328008021248311e-04
1.100000000000000000e+01,2.441176845109251925e+00,1.663365055915058373e-03
1.100000000000000000e+01,2.443553585351005086e+00,7.357391615437178668e-04
1.100000000000000000e+01,2.445930132830938852e+00,3.680237677753680592e-04
1.100000000000000000e+01,2.448311307568818762e+00,8.589395586373527094e-04
1.100000000000000000e+01,2.450687434933867870e+00,6.713667867966481876e-04
1.100000000000000000e+01,2.453068178922694020e+00,4.697123387770285163e-04
1.100000000000000000e+01,2.455443827201868601e+00,1.010437201811715223e-03
1.100000000000000000e+01,2.457824081285056472e+00,9.228139897989335455e-04
1.100000000000000000e+01,2.460199191070725266e+00,5.999514334769703991e-04
1.100000000000000000e+01,2.462578895654787381e+00,1.208669453747876184e-03
1.100000000000000000e+01,2.464958307733604137e+00,1.252809100276938790e-03
1.100000000000000000e+01,2.467332502158201546e+00,8.037052452375967673e-04
1.100000000000000000e+01,2.469711274537423229e+00,3.219837784584234086e-03
1.100000000000000000e+01,2.472089709077717856e+00,2.151249232341956481e-03
1.100000000000000000e+01,2.474467790561501790e+00,2.953792587137703263e-02
1.100000000000000000e+01,2.476845503716746499e+00,2.641228999657946330e-02
1.100000000000000000e+01,2.479222833217026967e+00,2.517613305498442311e-02
1.100000000000000000e+01,2.481599763681567428e+00,2.571837621655599995e-02
1.100000000000000000e+01,2.483981256237295376e+00,2.545855875261705467e-02
1.100000000000000000e+01,2.486357351796226300e+00,2.668218396331562339e-02
1.100000000000000000e+01,2.488737997498906118e+00,2.813313555339772357e-02
1.100000000000000000e+01,2.491113196007286756e+00,2.933234805827637792e-02
1.100000000000000000e+01,2.493492932524325134e+00,3.054384394529378530e-02
1.100000000000000000e+01,2.495872195725481024e+00,3.167970325770848306e-02
1.100000000000000000e+01,2.498245935968249398e+00,3.156764541987443218e-02
1.100000000000000000e+01,2.500624195678618378e+00,3.073280467513204647e-02
1.100000000000000000e+01,2.503001934687554719e+00,2.972717751257812624e-02
1.100000000000000000e+01,2.505384199785404054e+00,2.755527065183809715e-02
1.100000000000000000e+01,2.507760859244102747e+00,2.528101445841246867e-02
1.100000000000000000e+01,2.510136950143142087e+00,2.390377182295370939e-02
1.100000000000000000e+01,2.512517547981021337e+00,2.181283636321610167e-02
1.100000000000000000e+01,2.514892463148078239e+00,1.983507989145551903e-02
1.100000000000000000e+01,2.517271872260600674e+00,1.962244870407377911e-02
1.100000000000000000e+01,2.519650667552726819e+00,1.804020788237540099e-02
1.100000000000000000e+01,2.522028832766149087e+00,1.771879647180366751e-02
1.100000000000000000e+01,2.524406351588751818e+00,1.594092291927203409e-03
1.100000000000000000e+01,2.526783207654688557e+00,1.143662110868027366e-03
1.100000000000000000e+01,2.529159384544463762e+00,1.818375400153498123e-03
1.100000000000000000e+01,2.531540034735527911e+00,7.648695102702319365e-04
1.100000000000000000e+01,2.533914813502587737e+00,3.437679338883029836e-04
1.100000000000000000e+01,2.536294051902468372e+00,3.148753364889660816e-04
1.100000000000000000e+01,2.538672564369699458e+00,6.078475576611559782e-04
1.100000000000000000e+01,2.541050334235800179e+00,3.643750254933225750e-04
1.100000000000000000e+01,2.543427344778853350e+00,1.930334704639140894e-04
1.100000000000000000e+01,2.545808806606810748e+00,1.945845587499258635e-04
1.100000000000000000e+01,2.548184257884455128e+00,3.420508843672066292e-04
1.100000000000000000e+01,2.550564146289386880e+00,2.485101787178194783e-04
1.100000000000000000e+01,2.552943227520946490e+00,1.224035616665665959e-04
1.100000000000000000e+01,2.555321484608414462e+00,1.225111326475905094e-04
1.100000000000000000e+01,2.557698900527907160e+00,2.497601228820371948e-04
1.100000000000000000e+01,2.560075458202479837e+00,1.838045205888177449e-04
1.100000000000000000e+01,2.562451140502226998e+00,1.020915962768238105e-04
1.100000000000000000e+01,2.564831236037994344e+00,9.857785201503936026e-05
1.100000000000000000e+01,2.567210441454971015e+00,2.137470914011525955e-04
1.100000000000000000e+01,2.569588739480965334e+00,1.619724519001814465e-04
1.100000000000000000e+01,2.571966112790943892e+00,8.291086044539355577e-05
1.100000000000000000e+01,2.574342544007147904e+00,8.874793542946310594e-05
1.100000000000000000e+01,2.576723370808659652e+00,1.606523309356193820e-04
1.100000000000000000e+01,2.579097875367938553e+00,1.128412125955462013e-04
1.100000000000000000e+01,2.581476760275176030e+00,5.152019932015331318e-05
1.100000000000000000e+01,2.583854652848235123e+00,7.244304991640256530e-05
1.100000000000000000e+01,2.586231535461967379e+00,1.181459337057965190e-04
1.100000000000000000e+01,2.588612795081014717e+00,9.945258331682616600e-05
1.100000000000000000e+01,2.590987614612529910e+00,6.800762056500145943e-05
1.100000000000000000e+01,2.593366795512073164e+00,4.386427561577855081e-05
1.100000000000000000e+01,2.595744915317689472e+00,6.167483819983479634e-05
1.100000000000000000e+01,2.598121956157397161e+00,8.303408680168657097e-05
1.100000000000000000e+01,2.600497900107185067e+00,6.794376636112303594e-05
1.100000000000000000e+01,2.602878193565458798e+00,3.580050069352646441e-05
1.100000000000000000e+01,2.605257374095403922e+00,2.880729315803495392e-05
1.100000000000000000e+01,2.607635423630717320e+00,3.606520907340874006e-05
1.100000000000000000e+01,2.610012324053281763e+00,3.978624779727337054e-05
1.100000000000000000e+01,2.612388057193310686e+00,3.056486600488157593e-05
1.100000000000000000e+01,2.614768119240192146e+00,1.651148450578833211e-05
1.100000000000000000e+01,2.617146997564059774e+00,1.481122343811961234e-05
1.100000000000000000e+01,2.619524673852972718e+00,2.065924480895349084e-05
1.100000000000000000e+01,2.621901129743555270e+00,2.117683752452932487e-05
1.100000000000000000e+01,2.624281901432961472e+00,1.983174258974556138e-05
1.100000000000000000e+01,2.626655871285938915e+00,9.491468668760622823e-06
1.100000000000000000e+01,2.629034140094493655e+00,1.290051424013872576e-05
1.100000000000000000e+01,2.631416719546495031e+00,1.931238445406131639e-05
1.100000000000000000e+01,2.633792431410708623e+00,2.464879110834729340e-05
1.100000000000000000e+01,2.636172436860944934e+00,1.512670465989155428e-05
1.100000000000000000e+01,2.638545517161249965e+00,1.162817790806651646e-05
1.100000000000000000e+01,2.640928499105384297e+00,1.655599089129202611e-05
1.100000000000000000e+01,2.643304518349861354e+00,2.810243898549788505e-05
1.100000000000000000e+01,2.645684816809926954e+00,3.593938839912837982e-05
1.100000000000000000e+01,2.648058094547728558e+00,3.433997810173874650e-05
1.100000000000000000e+01,2.650435633945297020e+00,2.598429110265727267e-05
1.100000000000000000e+01,2.652817446491849473e+00,1.771356052287743281e-05
1.100000000000000000e+01,2.655192171178932803e+00,2.672994985672465457e-05
1.100000000000000000e+01,2.657571151243650398e+00,4.321956079005791229e-05
1.100000000000000000e+01,2.659948691486012429e+00,5.663715979327319075e-05
1.100000000000000000e+01,2.662330489570499559e+00,5.431874210594181960e-05
1.100000000000000000e+01,2.664705102769717726e+00,4.118370791563919658e-05
1.100000000000000000e+01,2.667083955729373734e+00,2.371317705242270883e-05
1.100000000000000000e+01,2.669461312276356413e+00,3.199181445610969752e-05
1.100000000000000000e+01,2.671837153036051848e+00,5.436709550747348787e-05
1.100000000000000000e+01,2.674217226595466013e+00,8.027473489599804360e-05
1.100000000000000000e+01,2.676595765975274599e+00,8.822050175559725458e-05
1.100000000000000000e+01,2.678972751659991935e+00,5.555988382002439703e-05
1.100000000000000000e+01,2.681353962923400225e+00,4.408672193984535258e-05
1.100000000000000000e+01,2.683727792746523733e+00,4.690483751992743721e-05
1.100000000000000000e+01,2.686105829445210702e+00,1.580706830564574609e-04
1.100000000000000000e+01,2.688488084212449003e+00,2.142342537007704026e-04
1.100000000000000000e+01,2.690862888123974894e+00,7.025629798262842361e-04
1.100000000000000000e+01,2.693241891183510539e+00,1.093440896140070347e-03
1.100000000000000000e+01,2.695619243808531795e+00,4.065905643271056080e-03
1.100000000000000000e+01,2.697994926104692492e+00,4.157049256410542439e-03
1.100000000000000000e+01,2.700374799530429026e+00,4.242898809051924569e-03
1.100000000000000000e+01,2.702752983395575903e+00,4.229446354930352023e-03
1.100000000000000000e+01,2.705129457665879755e+00,4.233997295363248377e-03
1.100000000000000000e+01,2.707510114782492927e+00,4.199143019455690330e-03
1.100000000000000000e+01,2.709889042854494612e+00,4.163419943199431553e-03
1.100000000000000000e+01,2.712266221707900993e+00,4.197290209037472450e-03
1.100000000000000000e+01,2.714641631120770615e+00,4.177670505999727876e-03
1.100000000000000000e+01,2.717021204959639391e+00,4.307445739042342105e-03
1.100000000000000000e+01,2.719398989596979010e+00,3.818442202614982968e-03
1.100000000000000000e+01,2.721774964671693997e+00,4.203824336235549054e-03
1.100000000000000000e+01,2.724155095219163325e+00,4.985846023730069256e-05
1.100000000000000000e+01,2.726533396224594785e+00,8.949372965666316584e-05
1.100000000000000000e+01,2.728909847187990234e+00,4.858402475109209354e-05
1.100000000000000000e+01,2.731290444402350470e+00,3.660243071943980296e-05
1.100000000000000000e+01,2.733669171376605700e+00,5.118044976314011684e-05
1.100000000000000000e+01,2.736046007472129116e+00,6.166953900043927437e-05
1.100000000000000000e+01,2.738420932003415853e+00,6.662977477363255419e-05
1.100000000000000000e+01,2.740799983049091892e+00,8.167116820974478267e-05
1.100000000000000000e+01,2.743177102021586489e+00,7.815648113916869662e-05
1.100000000000000000e+01,2.745558347964158319e+00,2.156423396009095068e-04
1.100000000000000000e+01,2.747937641197727654e+00,1.172436482996956403e-04
1.100000000000000000e+01,2.750314960807459741e+00,2.415362065279940632e-03
1.100000000000000000e+01,2.752690285832279038e+00,2.352857050132696037e-03
1.100000000000000000e+01,2.755069717329380996e+00,2.326129774409435580e-03
1.100000000000000000e+01,2.757447133295085617e+00,2.224342465421238688e-03
1.100000000000000000e+01,2.759822512631141755e+00,2.139779563585525110e-03
1.100000000000000000e+01,2.762201987996263153e+00,2.072990360059182371e-03
1.100000000000000000e+01,2.764579405566437664e+00,2.021695313920079604e-03
1.100000000000000000e+01,2.766960919131962182e+00,1.988208520898301045e-03
1.100000000000000000e+01,2.769334167959193405e+00,1.972665471708342708e-03
1.100000000000000000e+01,2.771717687672561325e+00,1.978050781281504630e-03
1.100000000000000000e+01,2.774092899949887059e+00,1.061562443313131686e-05
1.100000000000000000e+01,2.776472186575843271e+00,6.621701228457104490e-05
1.100000000000000000e+01,2.778849329813015245e+00,4.647780529212478158e-05
1.100000000000000000e+01,2.781224308154069291e+00,3.732941036340990042e-05
1.100000000000000000e+01,2.783603349577585373e+00,5.229753881168420500e-05
1.100000000000000000e+01,2.785980204283322159e+00,4.614988535316755729e-05
1.100000000000000000e+01,2.788361121540816612e+00,6.802300656453661614e-05
1.100000000000000000e+01,2.790739830130332333e+00,6.235333948551019653e-05
1.100000000000000000e+01,2.793116308318245977e+00,1.291529389499935750e-04
1.100000000000000000e+01,2.795496837376052479e+00,2.168455829574930140e-03
1.100000000000000000e+01,2.797875113863212526e+00,2.094984322482843636e-03
1.100000000000000000e+01,2.800251115911298605e+00,2.629848677056859530e-03
1.100000000000000000e+01,2.802631156870153184e+00,2.637642043878544833e-03
1.100000000000000000e+01,2.805008901002245647e+00,2.729345606083377271e-03
1.100000000000000000e+01,2.807384326304926958e+00,2.768120822530871321e-03
1.100000000000000000e+01,2.809763778281390234e+00,2.818582698587978295e-03
1.100000000000000000e+01,2.812140888822362683e+00,2.919003450665243714e-03
1.100000000000000000e+01,2.814515635791587478e+00,2.924547945165228199e-03
1.100000000000000000e+01,2.816894396919202848e+00,3.047672301833739827e-03
1.100000000000000000e+01,2.819277182391831005e+00,1.391772722292227652e-03
1.100000000000000000e+01,2.821651159259273456e+00,1.406990029518542448e-04
1.100000000000000000e+01,2.824029137518142551e+00,1.323395516209104159e-04
1.100000000000000000e+01,2.826411127293623426e+00,5.866519073778262550e-05
1.100000000000000000e+01,2.828784230557050972e+00,5.616342873265923520e-05
1.100000000000000000e+01,2.831161322165572702e+00,2.808631422581775119e-05
1.100000000000000000e+01,2.833542412182134651e+00,1.650940950435970654e-05
1.100000000000000000e+01,2.835921024016914149e+00,1.234424405092371212e-05
1.100000000000000000e+01,2.838297135088118761e+00,6.655548967367569440e-06
1.100000000000000000e+01,2.840677231205615438e+00,7.200023874831237992e-06
1.100000000000000000e+01,2.843054803040627743e+00,8.885382030008026396e-06
1.100000000000000000e+01,2.845429827880051832e+00,1.046415647872802101e-05
1.100000000000000000e+01,2.847808824123101878e+00,1.360385077724295526e-05
1.100000000000000000e+01,2.850185249634491935e+00,1.639381807527964463e-05
1.100000000000000000e+01,2.852565644594050376e+00,1.911448516044204370e-05
1.100000000000000000e+01,2.854943444955898801e+00,2.240137029210311669e-05
1.100000000000000000e+01,2.857318627786822773e+00,2.473848405211945847e-05
1.100000000000000000e+01,2.859697765996172869e+00,2.672879493303187464e-05
1.100000000000000000e+01,2.862080869472485301e+00,2.771449047657375652e-05
1.100000000000000000e+01,2.864454712355927857e+00,2.740871122508320765e-05
1.100000000000000000e+01,2.866832496293459265e+00,2.522015013316487815e-05
1.100000000000000000e+01,2.869214231107640511e+00,2.202966615405061785e-05
1.100000000000000000e+01,2.871586624881306449e+00,1.526988046182257600e-05
1.100000000000000000e+01,2.873969606985570024e+00,1.582272386990411726e-05
1.100000000000000000e+01,2.876343201527446158e+00,1.254598127604515033e-05
1.100000000000000000e+01,2.878720719985517373e+00,9.817667108272390281e-06
1.100000000000000000e+01,2.881102172098087610e+00,7.012429622858970254e-06
1.100000000000000000e+01,2.883480861554354568e+00,3.759483232700509287e-06
1.100000000000000000e+01,2.885856764896066906e+00,4.297330402057767101e-06
1.100000000000000000e+01,2.888236586815389195e+00,1.215614977868858729e-05
1.100000000000000000e+01,2.890613597715197436e+00,1.507766843530025754e-05
1.100000000000000000e+01,2.892994524384758570e+00,1.620365042609114406e-05
1.100000000000000000e+01,2.895365853522527733e+00,8.349648063269695324e-06
1.100000000000000000e+01,2.897747845885614293e+00,2.931940786771806443e-06
1.100000000000000000e+01,2.900126977032283726e+00,9.232236207725061939e-06
1.100000000000000000e+01,2.902503223200517901e+00,1.743281593463671443e-05
1.100000000000000000e+01,2.904883366561006319e+00,1.677256637851279623e-05
1.100000000000000000e+01,2.907260599562923709e+00,1.317033416740241761e-05
1.100000000000000000e+01,2.909634898318774088e+00,1.324835632629000147e-05
1.100000000000000000e+01,2.912013078324352744e+00,9.044539160761931693e-06
1.100000000000000000e+01,2.914395149104420657e+00,1.864442382313616592e-05
1.100000000000000000e+01,2.916774258379155604e+00,4.571003180507449181e-05
1.100000000000000000e+01,2.919150382085439865e+00,6.624098835706500289e-05
1.100000000000000000e+01,2.921523496123781261e+00,8.390949249279727263e-04
1.100000000000000000e+01,2.923907367138645963e+00,1.154762522175042721e-03
1.100000000000000000e+01,2.926281318344463589e+00,1.220173722838070610e-03
1.100000000000000000e+01,2.928659127554641639e+00,1.262404826868657485e-03
1.100000000000000000e+01,2.931040804181527015e+00,1.296213057901497451e-03
1.100000000000000000e+01,2.933419417291878162e+00,1.265037459457491907e-03
1.100000000000000000e+01,2.935794942524495799e+00,2.911789861775742369e-04
1.100000000000000000e+01,2.938174318344370928e+00,3.392547210047353414e-04
1.100000000000000000e+01,2.940550579959972044e+00,2.887765976627605782e-05
1.100000000000000000e+01,2.942930688311046872e+00,2.676089037473460870e-05
1.100000000000000000e+01,2.945307656001242336e+00,3.230308523071439176e-05
1.100000000000000000e+01,2.947681458460930770e+00,1.338232724900387923e-05
1.100000000000000000e+01,2.950059090390392047e+00,6.705120674062035641e-06
1.100000000000000000e+01,2.952440561063782720e+00,1.579940245377345139e-05
1.100000000000000000e+01,2.954818837778843132e+00,1.625883825111799596e-05
1.100000000000000000e+01,2.957193895793339244e+00,3.625932521905919952e-06
1.100000000000000000e+01,2.959572774981745535e+00,1.284007814627524359e-05
1.100000000000000000e+01,2.961955484573179920e+00,9.872959953550067492e-06
1.100000000000000000e+01,2.964327858985216224e+00,2.193608391676418171e-06
1.100000000000000000e+01,2.966711135514628506e+00,1.335741818511666651e-05
1.100000000000000000e+01,2.969084027002956372e+00,6.582182733381217551e-06
1.100000000000000000e+01,2.971467838945096585e+00,2.283530846241516740e-06
1.100000000000000000e+01,2.973841215813263883e+00,1.338242830852848563e-05
1.100000000000000000e+01,2.976218387048926051e+00,4.134198693334200633e-06
1.100000000000000000e+01,2.978599361758565323e+00,3.364333846649000329e-06
1.100000000000000000e+01,2.980976981837772488e+00,1.325825949035805182e-05
1.100000000000000000e+01,2.983351222083469256e+00,2.385077752243248399e-06
1.100000000000000000e+01,2.985729247336589065e+00,7.282955429228188535e-06
1.100000000000000000e+01,2.988111066655426029e+00,1.286222041138492554e-05
1.100000000000000000e+01,2.990489476071835462e+00,1.065609255212150011e-06
1.100000000000000000e+01,2.992864450213154281e+00,7.262579716586630709e-06
1.100000000000000000e+01,2.995243199646329124e+00,1.233325563522954957e-05
1.100000000000000000e+01,2.997618485893688511e+00,5.691424921996888245e-07
1.100000000000000000e+01,2.999997542427555786e+00,1.324776055733787508e-05
1.200000000000000000e+01,1.984604524085609167e+00,2.166925855262207890e-04
1.200000000000000000e+01,1.986983573776171186e+00,2.973272301267534902e-04
1.200000000000000000e+01,1.989361950099164611e+00,1.686376204570751679e-04
1.200000000000000000e+01,1.991739627709276261e+00,2.347767888897302506e-04
1.200000000000000000e+01,1.994116581153200896e+00,1.338021983772927598e-04
1.200000000000000000e+01,1.996495999787446962e+00,2.182297720829053545e-04
1.200000000000000000e+01,1.998874658345563660e+00,1.162572269597024916e-04
1.200000000000000000e+01,2.001252531070988550e+00,2.199225949896463643e-04
1.200000000000000000e+01,2.003629592099526402e+00,1.096930193593948736e-04
1.200000000000000000e+01,2.006009061087529410e+00,2.098269881086943468e-04
1.200000000000000000e+01,2.008384428391164267e+00,1.076350893292606585e-04
1.200000000000000000e+01,2.010762166794522354e+00,2.050943040002498443e-04
1.200000000000000000e+01,2.013142273146784511e+00,1.077164316615309656e-04
1.200000000000000000e+01,2.015518191284053184e+00,2.025977873450555793e-04
1.200000000000000000e+01,2.017896439964003363e+00,1.081584072311012610e-04
1.200000000000000000e+01,2.020273723858567294e+00,2.007681066242282856e-04
1.200000000000000000e+01,2.022653315995031953e+00,1.100728227121902159e-04
1.200000000000000000e+01,2.025031905392828957e+00,2.046324082914943384e-04
1.200000000000000000e+01,2.027409465173173775e+00,1.159605251150602073e-04
1.200000000000000000e+01,2.029785968350953596e+00,2.139913686126730099e-04
1.200000000000000000e+01,2.032164718651917390e+00,1.240703622720126234e-04
1.200000000000000000e+01,2.034542373648666747e+00,2.030307731020500285e-04
1.200000000000000000e+01,2.036922252485694695e+00,1.422542178852972581e-04
1.200000000000000000e+01,2.039297642718866488e+00,2.092780022881862397e-04
1.200000000000000000e+01,2.041678579620796796e+00,1.858007909314821364e-04
1.200000000000000000e+01,2.044054972850176011e+00,2.214604950783642743e-04
1.200000000000000000e+01,2.046433526721744833e+00,2.311448319175889838e-04
1.200000000000000000e+01,2.048810851376187347e+00,2.487481061288401699e-04
1.200000000000000000e+01,2.051190312403015081e+00,3.126915379525615438e-04
1.200000000000000000e+01,2.053568504069569922e+00,2.807426199342922179e-04
1.200000000000000000e+01,2.055945398294015458e+00,3.963424623029550807e-04
1.200000000000000000e+01,2.058324384012754305e+00,2.836979769747738855e-04
1.200000000000000000e+01,2.060702031599246808e+00,4.799519152463591694e-04
1.200000000000000000e+01,2.063078312672746772e+00,3.129624232038953928e-04
1.200000000000000000e+01,2.065456639593524102e+00,7.049345404807565553e-04
1.200000000000000000e+01,2.067833558764816893e+00,3.437126933954223838e-04
1.200000000000000000e+01,2.070212498216723152e+00,1.072347279098563241e-03
1.200000000000000000e+01,2.072589988335185041e+00,3.502984080841609993e-04
1.200000000000000000e+01,2.074969472860463071e+00,2.366611325469036072e-03
1.200000000000000000e+01,2.077347466120683439e+00,4.554843708448427677e-04
1.200000000000000000e+01,2.079723939049616721e+00,2.505767849906709657e-02
1.200000000000000000e+01,2.082102359006916092e+00,2.272439999349450471e-02
1.200000000000000000e+01,2.084479216156104542e+00,2.049351895876640531e-02
1.200000000000000000e+01,2.086857993654473997e+00,2.065171261476293069e-02
1.200000000000000000e+01,2.089235165520535009e+00,2.155709260827666854e-02
1.200000000000000000e+01,2.091614230747953052e+00,2.496669398652804142e-02
1.200000000000000000e+01,2.093991647171488779e+00,2.703442862959972923e-02
1.200000000000000000e+01,2.096370929659487015e+00,3.177616249479017774e-02
1.200000000000000000e+01,2.098748519824702452e+00,3.965451101188514210e-02
1.200000000000000000e+01,2.101127948448022309e+00,5.851827433072043921e-02
1.200000000000000000e+01,2.103505640882435745e+00,8.864314228377062621e-02
1.200000000000000000e+01,2.105881566995955634e+00,1.358621535925694790e-01
1.200000000000000000e+01,2.108259281488489290e+00,1.882253901360428083e-01
1.200000000000000000e+01,2.110638778281487493e+00,2.347015840894641769e-01
1.200000000000000000e+01,2.113016450109418187e+00,2.549987475161065165e-01
1.200000000000000000e+01,2.115395875701245210e+00,2.572651678990225399e-01
1.200000000000000000e+01,2.117773431421519081e+00,2.408537615913458607e-01
1.200000000000000000e+01,2.120149086564412588e+00,2.246359940901761776e-01
1.200000000000000000e+01,2.122526443941901597e+00,2.096541666301008910e-01
1.200000000000000000e+01,2.124905497063319437e+00,1.950574359534495428e-01
1.200000000000000000e+01,2.127282589459348561e+00,1.874433800228376412e-01
1.200000000000000000e+01,2.129661348130645226e+00,1.794408907620543003e-01
1.200000000000000000e+01,2.132041766401622240e+00,1.782531594023685495e-01
1.200000000000000000e+01,2.134416488630205944e+00,1.732322526620779235e-01
1.200000000000000000e+01,2.136796506809325980e+00,1.740752679665029667e-01
1.200000000000000000e+01,2.139174456954846537e+00,1.654290046832991024e-01
1.200000000000000000e+01,2.141550307510549533e+00,1.611497791047443173e-01
1.200000000000000000e+01,2.143931441358600143e+00,1.453661827842849807e-01
1.200000000000000000e+01,2.146306729584555040e+00,4.110415342841152245e-03
1.200000000000000000e+01,2.148687286870718527e+00,8.914920780086631191e-02
1.200000000000000000e+01,2.151065666753996908e+00,1.080297722086587817e-03
1.200000000000000000e+01,2.153441837210316567e+00,8.152859742613167288e-03
1.200000000000000000e+01,2.155819514621453603e+00,7.419110075019167772e-04
1.200000000000000000e+01,2.158198691568031347e+00,5.319302409579042268e-03
1.200000000000000000e+01,2.160575595509616864e+00,2.432451518603978308e-03
1.200000000000000000e+01,2.162953967401529898e+00,2.058523353720002544e-03
1.200000000000000000e+01,2.165330017974534726e+00,3.025253295647397072e-03
1.200000000000000000e+01,2.167711294571818659e+00,1.739141896394872646e-03
1.200000000000000000e+01,2.170086419534671851e+00,3.798018990429804370e-03
1.200000000000000000e+01,2.172466754975850289e+00,1.325054194037297503e-03
1.200000000000000000e+01,2.174844688110332491e+00,4.096259817242859855e-03
1.200000000000000000e+01,2.177220185986402434e+00,8.290684463321523062e-04
1.200000000000000000e+01,2.179600878863794833e+00,3.813481421846346125e-03
1.200000000000000000e+01,2.181979103711777057e+00,4.677621123988886837e-04
1.200000000000000000e+01,2.184354827302986468e+00,2.826526450862876325e-03
1.200000000000000000e+01,2.186731873089897693e+00,3.557572470920944549e-04
1.200000000000000000e+01,2.189110232802705447e+00,7.445889094481021337e-04
1.200000000000000000e+01,2.191489898121623092e+00,1.627200660924441348e-03
1.200000000000000000e+01,2.193866978681393132e+00,4.269039034134508343e-04
1.200000000000000000e+01,2.196245331200582740e+00,1.588487705335552740e-03
1.200000000000000000e+01,2.198624947167761245e+00,2.854422209867604754e-04
1.200000000000000000e+01,2.201001910734452061e+00,1.694088071740699813e-03
1.200000000000000000e+01,2.203380103664479339e+00,2.241333626527121175e-04
1.200000000000000000e+01,2.205755593071625942e+00,1.729663867037221090e-03
1.200000000000000000e+01,2.208136210091760532e+00,1.997014161620169748e-04
1.200000000000000000e+01,2.210514089066549559e+00,6.815040152994063672e-04
1.200000000000000000e+01,2.212889195676467580e+00,1.400934142234260991e-03
1.200000000000000000e+01,2.215269411685253598e+00,4.778407175848680918e-04
1.200000000000000000e+01,2.217646820369182592e+00,2.854690898159987795e-03
1.200000000000000000e+01,2.220025362245094058e+00,6.107169832558290504e-04
1.200000000000000000e+01,2.222401044539729753e+00,2.763585313635011365e-02
1.200000000000000000e+01,2.224781816787405386e+00,3.785101498545569154e-02
1.200000000000000000e+01,2.227159693927706297e+00,4.200033859054568691e-02
1.200000000000000000e+01,2.229538650259491828e+00,4.920260491978950546e-02
1.200000000000000000e+01,2.231914658585150590e+00,5.527736162896348948e-02
1.200000000000000000e+01,2.234291710139395537e+00,5.309542933959490729e-02
1.200000000000000000e+01,2.236669795394403248e+00,4.986025690782627112e-02
1.200000000000000000e+01,2.239048904770509107e+00,4.146728551161301540e-02
1.200000000000000000e+01,2.241424976510854261e+00,3.796428945736154970e-02
1.200000000000000000e+01,2.243806096568353503e+00,3.384759609029299593e-02
1.200000000000000000e+01,2.246184142332022571e+00,3.560134536284509377e-02
1.200000000000000000e+01,2.248559078140137224e+00,3.728794977930292159e-02
1.200000000000000000e+01,2.250939041398960061e+00,4.031127927446108428e-02
1.200000000000000000e+01,2.253315857608640727e+00,4.634497242465700911e-02
1.200000000000000000e+01,2.255693594709365701e+00,5.155558835489863767e-02
1.200000000000000000e+01,2.258072242628007320e+00,6.281478965001038861e-02
1.200000000000000000e+01,2.260451791238908381e+00,7.300234812379734206e-02
1.200000000000000000e+01,2.262828100482377369e+00,9.470254300306189810e-02
1.200000000000000000e+01,2.265205272630280042e+00,1.167086657382317427e-01
1.200000000000000000e+01,2.267583297361956962e+00,1.431821823000156146e-01
1.200000000000000000e+01,2.269962164303962027e+00,1.836317314547858126e-01
1.200000000000000000e+01,2.272341863029972320e+00,2.172999156317320102e-01
1.200000000000000000e+01,2.274718209664019053e+00,2.686637205206695023e-01
1.200000000000000000e+01,2.277095349600728014e+00,2.901011694203645686e-01
1.200000000000000000e+01,2.279473272218509372e+00,3.245685365196938066e-01
1.200000000000000000e+01,2.281851966842678436e+00,3.142075948123086437e-01
1.200000000000000000e+01,2.284231422745374829e+00,2.814413357817723838e-01
1.200000000000000000e+01,2.286607412008805351e+00,2.523627578827605800e-01
1.200000000000000000e+01,2.288984123377203694e+00,1.908075750416955985e-01
1.200000000000000000e+01,2.291365780618124681e+00,1.779399955151834412e-01
1.200000000000000000e+01,2.293743912168016763e+00,1.887865962394807973e-02
1.200000000000000000e+01,2.296118480612924895e+00,1.533400628900381639e-02
1.200000000000000000e+01,2.298497970634805210e+00,6.380876307632046525e-04
1.200000000000000000e+01,2.300878127611091895e+00,3.355129624238332563e-03
1.200000000000000000e+01,2.303254661586480623e+00,6.399698758303785158e-05
1.200000000000000000e+01,2.305631822391659203e+00,1.931250661849613550e-03
1.200000000000000000e+01,2.308009598693951503e+00,1.030941495309588328e-03
1.200000000000000000e+01,2.310387979106963030e+00,1.705349500233108780e-04
1.200000000000000000e+01,2.312766952190511649e+00,1.113172562647992596e-03
1.200000000000000000e+01,2.315142183405042520e+00,4.310272279375631301e-05
1.200000000000000000e+01,2.317522298400336744e+00,9.392432008532880820e-04
1.200000000000000000e+01,2.319898630583908439e+00,9.418390532454485025e-04
1.200000000000000000e+01,2.322279841038421555e+00,6.438867789163966679e-05
1.200000000000000000e+01,2.324657227477955335e+00,9.746146295270370023e-04
1.200000000000000000e+01,2.327035118932285318e+00,3.666236692303142348e-05
1.200000000000000000e+01,2.329413503549994768e+00,8.812677802712518297e-04
1.200000000000000000e+01,2.331787983991368662e+00,7.961528502598097740e-04
1.200000000000000000e+01,2.334167310210840451e+00,5.173837051510583835e-05
1.200000000000000000e+01,2.336547093703715827e+00,9.141490912126216083e-04
1.200000000000000000e+01,2.338922910089027418e+00,6.489484050081595183e-05
1.200000000000000000e+01,2.341303562883347844e+00,7.633347620848946000e-04
1.200000000000000000e+01,2.343680206292833024e+00,9.003071870628211095e-04
1.200000000000000000e+01,2.346057240367172003e+00,4.124143247378080676e-05
1.200000000000000000e+01,2.348434652788937260e+00,7.485742104970321371e-04
1.200000000000000000e+01,2.350812431186368734e+00,2.038864931019849093e-04
1.200000000000000000e+01,2.353190563133336077e+00,3.299676225533499703e-05
1.200000000000000000e+01,2.355569036149298690e+00,6.245052863123024510e-04
1.200000000000000000e+01,2.357947837699267524e+00,7.538656810109047523e-05
1.200000000000000000e+01,2.360326955193766896e+00,3.426766991114784354e-04
1.200000000000000000e+01,2.362701873503119110e+00,2.442442672199471938e-04
1.200000000000000000e+01,2.365081575825791482e+00,1.525597421824480818e-05
1.200000000000000000e+01,2.367461555987104838e+00,3.484439022414250017e-04
1.200000000000000000e+01,2.369837271457410743e+00,1.354755328216471818e-04
1.200000000000000000e+01,2.372213220904162867e+00,1.778798288545151423e-04
1.200000000000000000e+01,2.374593939286923305e+00,4.159992821443261987e-04
1.200000000000000000e+01,2.376970326898085517e+00,5.862943494359680163e-05
1.200000000000000000e+01,2.379346909490778650e+00,3.444747806604768503e-04
1.200000000000000000e+01,2.381728249229686956e+00,2.690862434885858798e-04
1.200000000000000000e+01,2.384105191535353274e+00,9.017140235854885765e-06
1.200000000000000000e+01,2.386482289336266938e+00,4.912801834764396339e-04
1.200000000000000000e+01,2.388859529357821643e+00,1.763415939576641373e-04
1.200000000000000000e+01,2.391236898270765909e+00,2.171446606155605526e-04
1.200000000000000000e+01,2.393619003764643427e+00,4.375294581870051874e-04
1.200000000000000000e+01,2.395996599438805941e+00,9.609859950172831692e-05
1.200000000000000000e+01,2.398374283698073040e+00,1.930211525662978731e-04
1.200000000000000000e+01,2.400752042994434454e+00,3.386619873085025610e-04
1.200000000000000000e+01,2.403129863725176119e+00,5.400310398782726476e-05
1.200000000000000000e+01,2.405507732232872620e+00,1.868314882197874744e-04
1.200000000000000000e+01,2.407885634805378317e+00,2.089832816503691933e-04
1.200000000000000000e+01,2.410263557675826007e+00,2.832381925724078908e-05
1.200000000000000000e+01,2.412641487022620712e+00,2.251676992863915630e-04
1.200000000000000000e+01,2.415019408969439230e+00,1.875167640311818662e-04
1.200000000000000000e+01,2.417397309585231913e+00,1.940909310508923417e-05
1.200000000000000000e+01,2.419775174884221780e+00,3.401167296907068455e-04
1.200000000000000000e+01,2.422152990825908514e+00,1.901628323037188783e-04
1.200000000000000000e+01,2.424530743315073789e+00,1.726791449008826520e-04
1.200000000000000000e+01,2.426908418201789264e+00,5.559242464560141921e-04
1.200000000000000000e+01,2.429286001281421470e+00,3.528161766818343017e-04
1.200000000000000000e+01,2.431663478294642911e+00,3.216010854318324791e-04
1.200000000000000000e+01,2.434040834927446273e+00,2.101623824141480700e-03
1.200000000000000000e+01,2.436422844634672291e+00,8.492314832890133971e-04
1.200000000000000000e+01,2.438799926692925002e+00,1.809360841833070402e-02
1.200000000000000000e+01,2.441176845109251925e+00,1.778652355540815896e-02
1.200000000000000000e+01,2.443553585351005086e+00,1.875368217232994614e-02
1.200000000000000000e+01,2.445930132830938852e+00,2.116774231629798067e-02
1.200000000000000000e+01,2.448311307568818762e+00,2.328406569199478054e-02
1.200000000000000000e+01,2.450687434933867870e+00,2.554200399135618874e-02
1.200000000000000000e+01,2.453068178922694020e+00,2.979414059048220501e-02
1.200000000000000000e+01,2.455443827201868601e+00,3.323106439972418891e-02
1.200000000000000000e+01,2.457824081285056472e+00,3.649677976388922274e-02
1.200000000000000000e+01,2.460199191070725266e+00,4.106550898760973067e-02
1.200000000000000000e+01,2.462578895654787381e+00,4.409265301538372456e-02
1.200000000000000000e+01,2.464958307733604137e+00,4.693167055286100176e-02
1.200000000000000000e+01,2.467332502158201546e+00,5.083917268378754933e-02
1.200000000000000000e+01,2.469711274537423229e+00,5.312155577926219729e-02
1.200000000000000000e+01,2.472089709077717856e+00,5.460029456415031041e-02
1.200000000000000000e+01,2.474467790561501790e+00,5.583212427872235456e-02
1.200000000000000000e+01,2.476845503716746499e+00,5.354187788973798628e-02
1.200000000000000000e+01,2.479222833217026967e+00,4.993914499302180843e-02
1.200000000000000000e+01,2.481599763681567428e+00,4.676109191057565423e-02
1.200000000000000000e+01,2.483981256237295376e+00,4.274562604730570287e-02
1.200000000000000000e+01,2.486357351796226300e+00,3.989931533871191038e-02
1.200000000000000000e+01,2.488737997498906118e+00,4.063928303464103831e-02
1.200000000000000000e+01,2.491113196007286756e+00,4.267551406089098442e-02
1.200000000000000000e+01,2.493492932524325134e+00,4.603954531933703020e-02
1.200000000000000000e+01,2.495872195725481024e+00,5.293252379683621722e-02
1.200000000000000000e+01,2.498245935968249398e+00,6.044717252108813832e-02
1.200000000000000000e+01,2.500624195678618378e+00,6.640027565105745787e-03
1.200000000000000000e+01,2.503001934687554719e+00,3.826055626048691701e-03
1.200000000000000000e+01,2.505384199785404054e+00,1.132947966998321294e-03
1.200000000000000000e+01,2.507760859244102747e+00,2.162586813092122907e-03
1.200000000000000000e+01,2.510136950143142087e+00,1.598370467426264577e-03
1.200000000000000000e+01,2.512517547981021337e+00,6.130914421181304788e-04
1.200000000000000000e+01,2.514892463148078239e+00,1.391220250698686507e-03
1.200000000000000000e+01,2.517271872260600674e+00,7.150930348727228521e-04
1.200000000000000000e+01,2.519650667552726819e+00,1.300263363382239950e-03
1.200000000000000000e+01,2.522028832766149087e+00,1.604144223096033890e-03
1.200000000000000000e+01,2.524406351588751818e+00,1.896094680895537427e-02
1.200000000000000000e+01,2.526783207654688557e+00,2.065678590642467533e-02
1.200000000000000000e+01,2.529159384544463762e+00,2.221818891462185377e-02
1.200000000000000000e+01,2.531540034735527911e+00,2.682061992068136835e-02
1.200000000000000000e+01,2.533914813502587737e+00,3.087976705966056015e-02
1.200000000000000000e+01,2.536294051902468372e+00,3.373661741445815182e-02
1.200000000000000000e+01,2.538672564369699458e+00,3.627908727348772705e-02
1.200000000000000000e+01,2.541050334235800179e+00,3.967984839930001340e-02
1.200000000000000000e+01,2.543427344778853350e+00,4.196352478164670080e-02
1.200000000000000000e+01,2.545808806606810748e+00,4.261077853379673791e-02
1.200000000000000000e+01,2.548184257884455128e+00,4.337356919128789595e-02
1.200000000000000000e+01,2.550564146289386880e+00,4.520239365246888491e-02
1.200000000000000000e+01,2.552943227520946490e+00,4.647646075224810130e-02
1.200000000000000000e+01,2.555321484608414462e+00,4.675060344015828651e-02
1.200000000000000000e+01,2.557698900527907160e+00,4.808150804807458101e-02
1.200000000000000000e+01,2.560075458202479837e+00,5.127510880367854712e-02
1.200000000000000000e+01,2.562451140502226998e+00,5.452451462542955846e-02
1.200000000000000000e+01,2.564831236037994344e+00,5.683996154698731096e-02
1.200000000000000000e+01,2.567210441454971015e+00,6.013740785425819579e-02
1.200000000000000000e+01,2.569588739480965334e+00,6.488101417981856356e-02
1.200000000000000000e+01,2.571966112790943892e+00,6.896752550350958300e-02
1.200000000000000000e+01,2.574342544007147904e+00,7.000237168416917344e-02
1.200000000000000000e+01,2.576723370808659652e+00,7.130655042660148657e-02
1.200000000000000000e+01,2.579097875367938553e+00,7.218609621869713500e-02
1.200000000000000000e+01,2.581476760275176030e+00,7.621234439124129068e-02
1.200000000000000000e+01,2.583854652848235123e+00,7.972319528479782785e-03
1.200000000000000000e+01,2.586231535461967379e+00,6.893844952054870370e-03
1.200000000000000000e+01,2.588612795081014717e+00,1.947210445428923346e-03
1.200000000000000000e+01,2.590987614612529910e+00,8.847702182521806520e-04
1.200000000000000000e+01,2.593366795512073164e+00,6.191938266297475953e-04
1.200000000000000000e+01,2.595744915317689472e+00,5.827887645200085977e-04
1.200000000000000000e+01,2.598121956157397161e+00,7.813245312982870653e-04
1.200000000000000000e+01,2.600497900107185067e+00,3.241325243073270800e-04
1.200000000000000000e+01,2.602878193565458798e+00,1.686095011571117522e-04
1.200000000000000000e+01,2.605257374095403922e+00,1.535929806633765430e-04
1.200000000000000000e+01,2.607635423630717320e+00,1.974040736140876269e-04
1.200000000000000000e+01,2.610012324053281763e+00,1.405518747053594573e-04
1.200000000000000000e+01,2.612388057193310686e+00,8.941311408398302987e-05
1.200000000000000000e+01,2.614768119240192146e+00,3.601500144368986023e-05
1.200000000000000000e+01,2.617146997564059774e+00,5.596517862537249270e-05
1.200000000000000000e+01,2.619524673852972718e+00,6.097049906537390024e-05
1.200000000000000000e+01,2.621901129743555270e+00,5.952183785625749971e-05
1.200000000000000000e+01,2.624281901432961472e+00,3.837452611186854367e-05
1.200000000000000000e+01,2.626655871285938915e+00,2.921437672407419588e-05
1.200000000000000000e+01,2.629034140094493655e+00,3.359387429010391829e-05
1.200000000000000000e+01,2.631416719546495031e+00,6.183089849674608949e-05
1.200000000000000000e+01,2.633792431410708623e+00,5.159168015726326898e-05
1.200000000000000000e+01,2.636172436860944934e+00,3.657221324487669396e-05
1.200000000000000000e+01,2.638545517161249965e+00,2.730306976883106550e-05
1.200000000000000000e+01,2.640928499105384297e+00,4.709364842972525614e-05
1.200000000000000000e+01,2.643304518349861354e+00,7.100939688905715257e-05
1.200000000000000000e+01,2.645684816809926954e+00,7.633775041341921347e-05
1.200000000000000000e+01,2.648058094547728558e+00,7.369224277664568215e-05
1.200000000000000000e+01,2.650435633945297020e+00,4.497259923563640149e-05
1.200000000000000000e+01,2.652817446491849473e+00,3.813448101193741175e-05
1.200000000000000000e+01,2.655192171178932803e+00,4.662027536718180626e-05
1.200000000000000000e+01,2.657571151243650398e+00,7.948639301380078844e-05
1.200000000000000000e+01,2.659948691486012429e+00,9.378733566653382249e-05
1.200000000000000000e+01,2.662330489570499559e+00,9.464695990463326610e-05
1.200000000000000000e+01,2.664705102769717726e+00,6.578089981151664868e-05
1.200000000000000000e+01,2.667083955729373734e+00,4.125755755449226876e-05
1.200000000000000000e+01,2.669461312276356413e+00,4.129858923210310884e-05
1.200000000000000000e+01,2.671837153036051848e+00,5.943622289678978228e-05
1.200000000000000000e+01,2.674217226595466013e+00,8.464263519895218700e-05
1.200000000000000000e+01,2.676595765975274599e+00,8.667802737438304653e-05
1.200000000000000000e+01,2.678972751659991935e+00,7.731171352670834546e-05
1.200000000000000000e+01,2.681353962923400225e+00,4.694287292651400350e-05
1.200000000000000000e+01,2.683727792746523733e+00,3.823870761417105682e-05
1.200000000000000000e+01,2.686105829445210702e+00,4.626131253214316012e-05
1.200000000000000000e+01,2.688488084212449003e+00,7.703203288078594771e-05
1.200000000000000000e+01,2.690862888123974894e+00,8.809820854408154903e-05
1.200000000000000000e+01,2.693241891183510539e+00,8.903949872081942879e-05
1.200000000000000000e+01,2.695619243808531795e+00,6.211716947721782447e-05
1.200000000000000000e+01,2.697994926104692492e+00,4.561291865310304725e-05
1.200000000000000000e+01,2.700374799530429026e+00,3.998710448220809771e-05
1.200000000000000000e+01,2.702752983395575903e+00,5.137670923459874809e-05
1.200000000000000000e+01,2.705129457665879755e+00,6.313364104563383254e-05
1.200000000000000000e+01,2.707510114782492927e+00,9.470131452620321878e-05
1.200000000000000000e+01,2.709889042854494612e+00,1.603595466783029957e-04
1.200000000000000000e+01,2.712266221707900993e+00,1.627752836049750477e-04
1.200000000000000000e+01,2.714641631120770615e+00,2.430828292056192493e-04
1.200000000000000000e+01,2.717021204959639391e+00,1.895800780701834129e-04
1.200000000000000000e+01,2.719398989596979010e+00,7.349126084510763067e-04
1.200000000000000000e+01,2.721774964671693997e+00,4.100753258865458099e-04
1.200000000000000000e+01,2.724155095219163325e+00,4.579372567626745910e-03
1.200000000000000000e+01,2.726533396224594785e+00,4.536440207533616251e-03
1.200000000000000000e+01,2.728909847187990234e+00,4.566941517062734351e-03
1.200000000000000000e+01,2.731290444402350470e+00,4.580680954465895377e-03
1.200000000000000000e+01,2.733669171376605700e+00,4.590168929669158002e-03
1.200000000000000000e+01,2.736046007472129116e+00,4.664252992893490324e-03
1.200000000000000000e+01,2.738420932003415853e+00,4.758094332462172414e-03
1.200000000000000000e+01,2.740799983049091892e+00,4.866928502002876300e-03
1.200000000000000000e+01,2.743177102021586489e+00,4.964393832370283047e-03
1.200000000000000000e+01,2.745558347964158319e+00,5.047830068273553156e-03
1.200000000000000000e+01,2.747937641197727654e+00,5.067145501539394546e-03
1.200000000000000000e+01,2.750314960807459741e+00,5.032806569402119984e-03
1.200000000000000000e+01,2.752690285832279038e+00,4.950928120331695402e-03
1.200000000000000000e+01,2.755069717329380996e+00,4.849476493369311685e-03
1.200000000000000000e+01,2.757447133295085617e+00,4.712104589677589689e-03
1.200000000000000000e+01,2.759822512631141755e+00,4.592826691250750590e-03
1.200000000000000000e+01,2.762201987996263153e+00,4.344081614253127166e-03
1.200000000000000000e+01,2.764579405566437664e+00,1.470691527955213500e-03
1.200000000000000000e+01,2.766960919131962182e+00,1.518934496177924915e-03
1.200000000000000000e+01,2.769334167959193405e+00,1.675828649044074753e-04
1.200000000000000000e+01,2.771717687672561325e+00,1.739507947631599330e-04
1.200000000000000000e+01,2.774092899949887059e+00,2.070179408815556177e-03
1.200000000000000000e+01,2.776472186575843271e+00,2.050091362975070119e-03
1.200000000000000000e+01,2.778849329813015245e+00,2.142440894295518077e-03
1.200000000000000000e+01,2.781224308154069291e+00,2.215213932443254284e-03
1.200000000000000000e+01,2.783603349577585373e+00,2.301568853856443379e-03
1.200000000000000000e+01,2.785980204283322159e+00,2.389067450896659780e-03
1.200000000000000000e+01,2.788361121540816612e+00,2.460171924964447195e-03
1.200000000000000000e+01,2.790739830130332333e+00,2.540827483611732534e-03
1.200000000000000000e+01,2.793116308318245977e+00,2.601111236344182641e-03
1.200000000000000000e+01,2.795496837376052479e+00,2.643492978586909313e-03
1.200000000000000000e+01,2.797875113863212526e+00,2.677675573207072540e-03
1.200000000000000000e+01,2.800251115911298605e+00,2.688385611364994821e-03
1.200000000000000000e+01,2.802631156870153184e+00,2.718316249504094603e-03
1.200000000000000000e+01,2.805008901002245647e+00,2.719830093898478306e-03
1.200000000000000000e+01,2.807384326304926958e+00,2.754619869552435516e-03
1.200000000000000000e+01,2.809763778281390234e+00,2.785922238440084655e-03
1.200000000000000000e+01,2.812140888822362683e+00,2.651460753051135353e-03
1.200000000000000000e+01,2.814515635791587478e+00,2.776530413126497565e-03
1.200000000000000000e+01,2.816894396919202848e+00,5.525254504786426693e-04
1.200000000000000000e+01,2.819277182391831005e+00,2.339902213943458476e-03
1.200000000000000000e+01,2.821651159259273456e+00,3.535862784913285269e-03
1.200000000000000000e+01,2.824029137518142551e+00,3.629384219062878336e-03
1.200000000000000000e+01,2.826411127293623426e+00,3.850407044692654226e-03
1.200000000000000000e+01,2.828784230557050972e+00,3.972079242706040916e-03
1.200000000000000000e+01,2.831161322165572702e+00,4.117344346443137411e-03
1.200000000000000000e+01,2.833542412182134651e+00,4.254393038420215337e-03
1.200000000000000000e+01,2.835921024016914149e+00,4.352562498902751500e-03
1.200000000000000000e+01,2.838297135088118761e+00,4.436894494107727210e-03
1.200000000000000000e+01,2.840677231205615438e+00,4.408307791506345039e-03
1.200000000000000000e+01,2.843054803040627743e+00,4.433336166462975743e-03
1.200000000000000000e+01,2.845429827880051832e+00,4.430402273560895242e-03
1.200000000000000000e+01,2.847808824123101878e+00,4.385878817824667535e-03
1.200000000000000000e+01,2.850185249634491935e+00,4.306237687543560365e-03
1.200000000000000000e+01,2.852565644594050376e+00,4.212416491552788134e-03
1.200000000000000000e+01,2.854943444955898801e+00,4.040389128193641599e-03
1.200000000000000000e+01,2.857318627786822773e+00,3.386976036170678307e-03
1.200000000000000000e+01,2.859697765996172869e+00,3.150568050655351299e-03
1.200000000000000000e+01,2.862080869472485301e+00,2.197855471595349492e-04
1.200000000000000000e+01,2.864454712355927857e+00,2.346635471972226999e-04
1.200000000000000000e+01,2.866832496293459265e+00,1.227885573899506868e-04
1.200000000000000000e+01,2.869214231107640511e+00,8.600674844967948738e-05
1.200000000000000000e+01,2.871586624881306449e+00,8.233133908224650173e-05
1.200000000000000000e+01,2.873969606985570024e+00,5.706946996162664035e-05
1.200000000000000000e+01,2.876343201527446158e+00,4.217773291546885421e-05
1.200000000000000000e+01,2.878720719985517373e+00,3.463993404298151444e-05
1.200000000000000000e+01,2.881102172098087610e+00,2.410040319176156301e-05
1.200000000000000000e+01,2.883480861554354568e+00,1.816670806767303861e-05
1.200000000000000000e+01,2.885856764896066906e+00,8.238614164528200762e-06
1.200000000000000000e+01,2.888236586815389195e+00,2.413439190517559192e-05
1.200000000000000000e+01,2.890613597715197436e+00,4.119230464867325336e-05
1.200000000000000000e+01,2.892994524384758570e+00,3.905453866852475245e-05
1.200000000000000000e+01,2.895365853522527733e+00,2.017926394298934288e-05
1.200000000000000000e+01,2.897747845885614293e+00,5.559380521701608871e-06
1.200000000000000000e+01,2.900126977032283726e+00,1.484414470633747747e-05
1.200000000000000000e+01,2.902503223200517901e+00,3.221625820148267376e-05
1.200000000000000000e+01,2.904883366561006319e+00,4.219717516471486183e-05
1.200000000000000000e+01,2.907260599562923709e+00,2.735660097432111981e-05
1.200000000000000000e+01,2.909634898318774088e+00,1.132293513906081626e-05
1.200000000000000000e+01,2.912013078324352744e+00,1.080270426813627040e-05
1.200000000000000000e+01,2.914395149104420657e+00,2.704123966149800810e-05
1.200000000000000000e+01,2.916774258379155604e+00,4.172865985749223914e-05
1.200000000000000000e+01,2.919150382085439865e+00,3.876237954575718805e-05
1.200000000000000000e+01,2.921523496123781261e+00,2.475677532993376113e-05
1.200000000000000000e+01,2.923907367138645963e+00,1.366381941205721544e-05
1.200000000000000000e+01,2.926281318344463589e+00,2.580117039546984817e-05
1.200000000000000000e+01,2.928659127554641639e+00,4.985595602732405436e-05
1.200000000000000000e+01,2.931040804181527015e+00,6.334572628380251923e-05
1.200000000000000000e+01,2.933419417291878162e+00,1.028307884167307354e-04
1.200000000000000000e+01,2.935794942524495799e+00,1.098508618799670569e-03
1.200000000000000000e+01,2.938174318344370928e+00,1.086565660228944923e-03
1.200000000000000000e+01,2.940550579959972044e+00,1.441939429999777693e-03
1.200000000000000000e+01,2.942930688311046872e+00,1.468963828451554099e-03
1.200000000000000000e+01,2.945307656001242336e+00,1.460206884836254531e-03
1.200000000000000000e+01,2.947681458460930770e+00,1.463282333166647043e-03
1.200000000000000000e+01,2.950059090390392047e+00,1.465967266396689958e-03
1.200000000000000000e+01,2.952440561063782720e+00,1.471357887795227484e-03
1.200000000000000000e+01,2.954818837778843132e+00,1.454552334254526633e-03
1.200000000000000000e+01,2.957193895793339244e+00,1.420374988919391977e-03
1.200000000000000000e+01,2.959572774981745535e+00,1.421150448786798887e-03
1.200000000000000000e+01,2.961955484573179920e+00,1.374289300009081923e-03
1.200000000000000000e+01,2.964327858985216224e+00,1.299671465648605685e-03
1.200000000000000000e+01,2.966711135514628506e+00,1.323590864615554639e-03
1.200000000000000000e+01,2.969084027002956372e+00,5.828698178622160678e-04
1.200000000000000000e+01,2.971467838945096585e+00,4.251696838966365549e-05
1.200000000000000000e+01,2.973841215813263883e+00,3.680573237656668405e-05
1.200000000000000000e+01,2.976218387048926051e+00,2.373323188220869057e-05
1.200000000000000000e+01,2.978599361758565323e+00,1.344890789885989997e-05
1.200000000000000000e+01,2.980976981837772488e+00,3.557853682076437196e-05
1.200000000000000000e+01,2.983351222083469256e+00,1.213609271391089656e-05
1.200000000000000000e+01,2.985729247336589065e+00,1.422095547517209702e-05
1.200000000000000000e+01,2.988111066655426029e+00,2.957429261148250755e-05
1.200000000000000000e+01,2.990489476071835462e+00,6.893601529279259446e-06
1.200000000000000000e+01,2.992864450213154281e+00,1.996103491685123762e-05
1.200000000000000000e+01,2.995243199646329124e+00,2.780939513339784132e-05
1.200000000000000000e+01,2.997618485893688511e+00,3.034994464235679282e-06
1.200000000000000000e+01,2.999997542427555786e+00,2.463500079937441871e-05
1.300000000000000000e+01,1.991739627709276261e+00,2.007564287540175059e-05
1.300000000000000000e+01,1.994116581153200896e+00,6.801545219514718882e-06
1.300000000000000000e+01,1.996495999787446962e+00,3.905226179669123686e-05
1.300000000000000000e+01,1.998874658345563660e+00,1.299380608974168785e-05
1.300000000000000000e+01,2.001252531070988550e+00,4.075051274559597631e-05
1.300000000000000000e+01,2.003629592099526402e+00,1.961279855458622400e-05
1.300000000000000000e+01,2.006009061087529410e+00,6.250905727932536040e-05
1.300000000000000000e+01,2.008384428391164267e+00,2.678361153970231835e-05
1.300000000000000000e+01,2.010762166794522354e+00,8.604029963337408451e-05
1.300000000000000000e+01,2.013142273146784511e+00,3.454394885136385826e-05
1.300000000000000000e+01,2.015518191284053184e+00,1.115138360881102320e-04
1.300000000000000000e+01,2.017896439964003363e+00,4.279093720441157287e-05
1.300000000000000000e+01,2.020273723858567294e+00,1.116458310614815738e-04
1.300000000000000000e+01,2.022653315995031953e+00,4.439581345795224737e-05
1.300000000000000000e+01,2.025031905392828957e+00,1.414464709772850453e-04
1.300000000000000000e+01,2.027409465173173775e+00,5.469782073691003595e-05
1.300000000000000000e+01,2.029785968350953596e+00,1.756945242867520086e-04
1.300000000000000000e+01,2.032164718651917390e+00,6.616229738572386952e-05
1.300000000000000000e+01,2.034542373648666747e+00,2.314832369208639964e-04
1.300000000000000000e+01,2.036922252485694695e+00,8.396798099054653066e-05
1.300000000000000000e+01,2.039297642718866488e+00,2.693860897535620439e-04
1.300000000000000000e+01,2.041678579620796796e+00,1.061790595898763693e-04
1.300000000000000000e+01,2.044054972850176011e+00,3.121658002817844619e-04
1.300000000000000000e+01,2.046433526721744833e+00,1.339809028773903798e-04
1.300000000000000000e+01,2.048810851376187347e+00,3.601952999022950581e-04
1.300000000000000000e+01,2.051190312403015081e+00,1.650059852067917686e-04
1.300000000000000000e+01,2.053568504069569922e+00,3.891772210229167022e-04
1.300000000000000000e+01,2.055945398294015458e+00,1.710592557630378271e-04
1.300000000000000000e+01,2.058324384012754305e+00,3.587722963656976485e-04
1.300000000000000000e+01,2.060702031599246808e+00,2.114133630831225717e-04
1.300000000000000000e+01,2.063078312672746772e+00,3.798363373763409892e-04
1.300000000000000000e+01,2.065456639593524102e+00,2.346113324008805231e-04
1.300000000000000000e+01,2.067833558764816893e+00,3.691573052494188977e-04
1.300000000000000000e+01,2.070212498216723152e+00,2.459593459406078327e-04
1.300000000000000000e+01,2.072589988335185041e+00,3.524806396703052905e-04
1.300000000000000000e+01,2.074969472860463071e+00,2.695314523381681614e-04
1.300000000000000000e+01,2.077347466120683439e+00,3.527380637403870560e-04
1.300000000000000000e+01,2.079723939049616721e+00,3.068973587886005949e-04
1.300000000000000000e+01,2.082102359006916092e+00,3.605809261730249854e-04
1.300000000000000000e+01,2.084479216156104542e+00,3.398045841793319983e-04
1.300000000000000000e+01,2.086857993654473997e+00,3.409057286677469258e-04
1.300000000000000000e+01,2.089235165520535009e+00,4.063088876928159284e-04
1.300000000000000000e+01,2.091614230747953052e+00,3.629531709243638072e-04
1.300000000000000000e+01,2.093991647171488779e+00,4.747977862433037000e-04
1.300000000000000000e+01,2.096370929659487015e+00,3.626167792928292272e-04
1.300000000000000000e+01,2.098748519824702452e+00,5.664299388105675011e-04
1.300000000000000000e+01,2.101127948448022309e+00,3.830708837191026191e-04
1.300000000000000000e+01,2.103505640882435745e+00,7.736687052087665249e-04
1.300000000000000000e+01,2.105881566995955634e+00,4.106132936641009512e-04
1.300000000000000000e+01,2.108259281488489290e+00,1.108957801875602419e-03
1.300000000000000000e+01,2.110638778281487493e+00,3.810629844806717802e-04
1.300000000000000000e+01,2.113016450109418187e+00,1.387636444253878944e-03
1.300000000000000000e+01,2.115395875701245210e+00,3.071518778354038418e-04
1.300000000000000000e+01,2.117773431421519081e+00,1.477736837191132285e-03
1.300000000000000000e+01,2.120149086564412588e+00,8.747251256624471614e-04
1.300000000000000000e+01,2.122526443941901597e+00,9.793192475507090777e-04
1.300000000000000000e+01,2.124905497063319437e+00,1.081279028618889904e-03
1.300000000000000000e+01,2.127282589459348561e+00,9.170136205139577589e-04
1.300000000000000000e+01,2.129661348130645226e+00,1.486628669375497994e-03
1.300000000000000000e+01,2.132041766401622240e+00,9.331339714657764734e-04
1.300000000000000000e+01,2.134416488630205944e+00,2.288809269699609156e-03
1.300000000000000000e+01,2.136796506809325980e+00,9.723283823910610409e-04
1.300000000000000000e+01,2.139174456954846537e+00,4.142396734754292577e-03
1.300000000000000000e+01,2.141550307510549533e+00,1.745635317694903526e-03
1.300000000000000000e+01,2.143931441358600143e+00,6.137576814663797849e-03
1.300000000000000000e+01,2.146306729584555040e+00,1.403123728229282996e-01
1.300000000000000000e+01,2.148687286870718527e+00,5.304650509431051153e-02
1.300000000000000000e+01,2.151065666753996908e+00,1.474779935884948656e-01
1.300000000000000000e+01,2.153441837210316567e+00,1.529282655050493989e-01
1.300000000000000000e+01,2.155819514621453603e+00,1.818782545560626851e-01
1.300000000000000000e+01,2.158198691568031347e+00,2.065044792950860297e-01
1.300000000000000000e+01,2.160575595509616864e+00,2.493288953614960501e-01
1.300000000000000000e+01,2.162953967401529898e+00,3.033277059587020652e-01
1.300000000000000000e+01,2.165330017974534726e+00,3.672075419597669588e-01
1.300000000000000000e+01,2.167711294571818659e+00,4.487762922655722519e-01
1.300000000000000000e+01,2.170086419534671851e+00,5.283120247725111573e-01
1.300000000000000000e+01,2.172466754975850289e+00,6.026024775340075301e-01
1.300000000000000000e+01,2.174844688110332491e+00,6.362625862544478705e-01
1.300000000000000000e+01,2.177220185986402434e+00,6.378777440828359291e-01
1.300000000000000000e+01,2.179600878863794833e+00,5.970588094193657325e-01
1.300000000000000000e+01,2.181979103711777057e+00,5.491048629397183856e-01
1.300000000000000000e+01,2.184354827302986468e+00,4.893576405479950209e-01
1.300000000000000000e+01,2.186731873089897693e+00,4.437453312980721987e-01
1.300000000000000000e+01,2.189110232802705447e+00,4.010783137189725123e-01
1.300000000000000000e+01,2.191489898121623092e+00,3.658386900125564223e-01
1.300000000000000000e+01,2.193866978681393132e+00,3.428320428757572480e-01
1.300000000000000000e+01,2.196245331200582740e+00,3.213390129196297407e-01
1.300000000000000000e+01,2.198624947167761245e+00,3.088176465184052089e-01
1.300000000000000000e+01,2.201001910734452061e+00,2.925843307211740685e-01
1.300000000000000000e+01,2.203380103664479339e+00,2.786953217966359198e-01
1.300000000000000000e+01,2.205755593071625942e+00,2.532650223317924887e-01
1.300000000000000000e+01,2.208136210091760532e+00,2.278816679609119988e-01
1.300000000000000000e+01,2.210514089066549559e+00,1.986171185186042520e-01
1.300000000000000000e+01,2.212889195676467580e+00,1.773519370697924369e-01
1.300000000000000000e+01,2.215269411685253598e+00,1.640683712777174508e-01
1.300000000000000000e+01,2.217646820369182592e+00,1.565024753832465754e-01
1.300000000000000000e+01,2.220025362245094058e+00,1.542262288333119680e-01
1.300000000000000000e+01,2.222401044539729753e+00,1.532046886370625471e-01
1.300000000000000000e+01,2.224781816787405386e+00,1.567696872669971375e-01
1.300000000000000000e+01,2.227159693927706297e+00,1.585526854421638321e-01
1.300000000000000000e+01,2.229538650259491828e+00,1.607874607596803396e-01
1.300000000000000000e+01,2.231914658585150590e+00,1.550890374281850559e-01
1.300000000000000000e+01,2.234291710139395537e+00,1.413726932506439160e-01
1.300000000000000000e+01,2.236669795394403248e+00,1.216611774075756491e-01
1.300000000000000000e+01,2.239048904770509107e+00,1.021243916416077480e-01
1.300000000000000000e+01,2.241424976510854261e+00,8.711318533515217954e-02
1.300000000000000000e+01,2.243806096568353503e+00,7.549278146962050406e-02
1.300000000000000000e+01,2.246184142332022571e+00,6.783576277342866223e-02
1.300000000000000000e+01,2.248559078140137224e+00,6.043571848516818279e-02
1.300000000000000000e+01,2.250939041398960061e+00,5.423863147375278942e-02
1.300000000000000000e+01,2.253315857608640727e+00,4.798106977908359744e-02
1.300000000000000000e+01,2.255693594709365701e+00,4.274330658701065017e-02
1.300000000000000000e+01,2.258072242628007320e+00,3.857706775775158331e-02
1.300000000000000000e+01,2.260451791238908381e+00,3.559341955656125656e-02
1.300000000000000000e+01,2.262828100482377369e+00,3.387030986270925248e-02
1.300000000000000000e+01,2.265205272630280042e+00,3.356964812851118141e-02
1.300000000000000000e+01,2.267583297361956962e+00,3.391378380518086239e-02
1.300000000000000000e+01,2.269962164303962027e+00,3.819178324998354773e-02
1.300000000000000000e+01,2.272341863029972320e+00,4.424915067972464561e-02
1.300000000000000000e+01,2.274718209664019053e+00,2.797499221448776149e-03
1.300000000000000000e+01,2.277095349600728014e+00,4.763750233570271386e-02
1.300000000000000000e+01,2.279473272218509372e+00,1.606391927567925879e-03
1.300000000000000000e+01,2.281851966842678436e+00,6.472685526036284567e-03
1.300000000000000000e+01,2.284231422745374829e+00,1.011677973783097449e-02
1.300000000000000000e+01,2.286607412008805351e+00,6.573278182813672293e-03
1.300000000000000000e+01,2.288984123377203694e+00,2.310745665493151718e-02
1.300000000000000000e+01,2.291365780618124681e+00,2.100785254699519700e-03
1.300000000000000000e+01,2.293743912168016763e+00,1.247490421337518890e-01
1.300000000000000000e+01,2.296118480612924895e+00,1.034391317472993926e-01
1.300000000000000000e+01,2.298497970634805210e+00,1.000685532583761167e-01
1.300000000000000000e+01,2.300878127611091895e+00,8.149886978192187603e-02
1.300000000000000000e+01,2.303254661586480623e+00,7.846349140461540694e-02
1.300000000000000000e+01,2.305631822391659203e+00,7.244357480261105764e-02
1.300000000000000000e+01,2.308009598693951503e+00,7.725430354018092416e-02
1.300000000000000000e+01,2.310387979106963030e+00,8.701324686480395310e-02
1.300000000000000000e+01,2.312766952190511649e+00,9.251521375623357468e-02
1.300000000000000000e+01,2.315142183405042520e+00,1.034163230254269011e-01
1.300000000000000000e+01,2.317522298400336744e+00,1.053184358780711871e-01
1.300000000000000000e+01,2.319898630583908439e+00,1.111365672321191905e-01
1.300000000000000000e+01,2.322279841038421555e+00,1.190680963681185894e-01
1.300000000000000000e+01,2.324657227477955335e+00,1.217547155958145916e-01
1.300000000000000000e+01,2.327035118932285318e+00,1.326733785609186256e-01
1.300000000000000000e+01,2.329413503549994768e+00,1.366233093806683563e-01
1.300000000000000000e+01,2.331787983991368662e+00,1.465528485384552659e-01
1.300000000000000000e+01,2.334167310210840451e+00,1.576716578696181759e-01
1.300000000000000000e+01,2.336547093703715827e+00,1.615631802497691782e-01
1.300000000000000000e+01,2.338922910089027418e+00,1.689820637361860722e-01
1.300000000000000000e+01,2.341303562883347844e+00,1.639986659548534620e-01
1.300000000000000000e+01,2.343680206292833024e+00,1.576658347976157837e-01
1.300000000000000000e+01,2.346057240367172003e+00,1.460555356680363626e-01
1.300000000000000000e+01,2.348434652788937260e+00,1.258233390636704918e-01
1.300000000000000000e+01,2.350812431186368734e+00,1.076387193530857489e-01
1.300000000000000000e+01,2.353190563133336077e+00,8.695258577200871974e-02
1.300000000000000000e+01,2.355569036149298690e+00,6.844065283841106739e-02
1.300000000000000000e+01,2.357947837699267524e+00,5.445121701786327650e-02
1.300000000000000000e+01,2.360326955193766896e+00,4.245645313247998348e-02
1.300000000000000000e+01,2.362701873503119110e+00,3.495685396872112022e-02
1.300000000000000000e+01,2.365081575825791482e+00,2.929902662216636242e-02
1.300000000000000000e+01,2.367461555987104838e+00,2.605356288996988484e-02
1.300000000000000000e+01,2.369837271457410743e+00,2.586603540958185704e-02
1.300000000000000000e+01,2.372213220904162867e+00,2.669377707119541254e-02
1.300000000000000000e+01,2.374593939286923305e+00,3.042939308143057311e-02
1.300000000000000000e+01,2.376970326898085517e+00,3.715683758858817631e-02
1.300000000000000000e+01,2.379346909490778650e+00,4.335880160395831628e-02
1.300000000000000000e+01,2.381728249229686956e+00,5.405113061179032952e-02
1.300000000000000000e+01,2.384105191535353274e+00,6.070063885686403926e-02
1.300000000000000000e+01,2.386482289336266938e+00,6.039561567424803212e-02
1.300000000000000000e+01,2.388859529357821643e+00,6.714529420554948835e-02
1.300000000000000000e+01,2.391236898270765909e+00,8.856683233039395683e-03
1.300000000000000000e+01,2.393619003764643427e+00,8.418369292628421693e-03
1.300000000000000000e+01,2.395996599438805941e+00,2.245057770105416892e-04
1.300000000000000000e+01,2.398374283698073040e+00,1.455785169601390462e-03
1.300000000000000000e+01,2.400752042994434454e+00,1.212114904111354172e-03
1.300000000000000000e+01,2.403129863725176119e+00,8.233546768649535629e-05
1.300000000000000000e+01,2.405507732232872620e+00,9.758420787764821762e-04
1.300000000000000000e+01,2.407885634805378317e+00,1.643178877729504009e-04
1.300000000000000000e+01,2.410263557675826007e+00,5.010434201240519960e-05
1.300000000000000000e+01,2.412641487022620712e+00,7.521975217800431308e-04
1.300000000000000000e+01,2.415019408969439230e+00,1.104666606596169614e-04
1.300000000000000000e+01,2.417397309585231913e+00,8.349230659807724156e-05
1.300000000000000000e+01,2.419775174884221780e+00,8.518277245458819383e-04
1.300000000000000000e+01,2.422152990825908514e+00,8.491230888034295027e-05
1.300000000000000000e+01,2.424530743315073789e+00,8.786291957596971012e-04
1.300000000000000000e+01,2.426908418201789264e+00,1.085936502804754449e-03
1.300000000000000000e+01,2.429286001281421470e+00,5.686385930657491926e-05
1.300000000000000000e+01,2.431663478294642911e+00,1.172767608349685204e-03
1.300000000000000000e+01,2.434040834927446273e+00,1.412756960428104705e-03
1.300000000000000000e+01,2.436422844634672291e+00,6.312599273576657377e-05
1.300000000000000000e+01,2.438799926692925002e+00,1.086318277158221249e-03
1.300000000000000000e+01,2.441176845109251925e+00,1.318126098730546718e-03
1.300000000000000000e+01,2.443553585351005086e+00,8.266948230498928575e-05
1.300000000000000000e+01,2.445930132830938852e+00,9.027539448024025004e-04
1.300000000000000000e+01,2.448311307568818762e+00,1.042103239213725387e-03
1.300000000000000000e+01,2.450687434933867870e+00,1.144119005044763653e-04
1.300000000000000000e+01,2.453068178922694020e+00,6.994364991382614333e-04
1.300000000000000000e+01,2.455443827201868601e+00,9.227946139949246744e-04
1.300000000000000000e+01,2.457824081285056472e+00,1.792572323735259338e-04
1.300000000000000000e+01,2.460199191070725266e+00,5.634615919001841576e-04
1.300000000000000000e+01,2.462578895654787381e+00,9.847575148807556026e-04
1.300000000000000000e+01,2.464958307733604137e+00,2.311912897118767246e-04
1.300000000000000000e+01,2.467332502158201546e+00,4.895582823225351054e-04
1.300000000000000000e+01,2.469711274537423229e+00,8.645689027046857614e-04
1.300000000000000000e+01,2.472089709077717856e+00,3.384341613603693809e-04
1.300000000000000000e+01,2.474467790561501790e+00,3.650080144138738479e-04
1.300000000000000000e+01,2.476845503716746499e+00,9.177433600881698380e-04
1.300000000000000000e+01,2.479222833217026967e+00,3.920545418077715782e-04
1.300000000000000000e+01,2.481599763681567428e+00,3.238772305634565946e-04
1.300000000000000000e+01,2.483981256237295376e+00,9.240414651970653426e-04
1.300000000000000000e+01,2.486357351796226300e+00,7.048406201860753272e-04
1.300000000000000000e+01,2.488737997498906118e+00,8.750286931058233030e-05
1.300000000000000000e+01,2.491113196007286756e+00,1.446374140097933525e-03
1.300000000000000000e+01,2.493492932524325134e+00,1.483854315185239182e-03
1.300000000000000000e+01,2.495872195725481024e+00,8.742926538212906573e-04
1.300000000000000000e+01,2.498245935968249398e+00,2.129987809765797237e-03
1.300000000000000000e+01,2.500624195678618378e+00,6.201958300805759244e-02
1.300000000000000000e+01,2.503001934687554719e+00,7.187978847854145648e-02
1.300000000000000000e+01,2.505384199785404054e+00,8.180941812887998488e-02
1.300000000000000000e+01,2.507760859244102747e+00,8.313791868746875369e-02
1.300000000000000000e+01,2.510136950143142087e+00,8.245001326189975444e-02
1.300000000000000000e+01,2.512517547981021337e+00,8.150846934720459847e-02
1.300000000000000000e+01,2.514892463148078239e+00,7.366203048315346502e-02
1.300000000000000000e+01,2.517271872260600674e+00,6.433012964188636329e-02
1.300000000000000000e+01,2.519650667552726819e+00,5.666437656377859566e-02
1.300000000000000000e+01,2.522028832766149087e+00,4.741167841902158009e-02
1.300000000000000000e+01,2.524406351588751818e+00,3.877142948947355505e-02
1.300000000000000000e+01,2.526783207654688557e+00,3.357608163833140230e-02
1.300000000000000000e+01,2.529159384544463762e+00,2.851008316419634606e-02
1.300000000000000000e+01,2.531540034735527911e+00,2.399444167920956189e-02
1.300000000000000000e+01,2.533914813502587737e+00,2.113339142775439924e-02
1.300000000000000000e+01,2.536294051902468372e+00,1.928548329501159064e-02
1.300000000000000000e+01,2.538672564369699458e+00,1.707145333505626431e-02
1.300000000000000000e+01,2.541050334235800179e+00,1.475609558044636317e-02
1.300000000000000000e+01,2.543427344778853350e+00,1.328756160915229440e-02
1.300000000000000000e+01,2.545808806606810748e+00,1.243649455636503497e-02
1.300000000000000000e+01,2.548184257884455128e+00,1.137357925728071234e-02
1.300000000000000000e+01,2.550564146289386880e+00,1.054016673699914065e-02
1.300000000000000000e+01,2.552943227520946490e+00,1.042584207873842664e-02
1.300000000000000000e+01,2.555321484608414462e+00,1.102641300116168933e-02
1.300000000000000000e+01,2.557698900527907160e+00,1.148809989485611097e-02
1.300000000000000000e+01,2.560075458202479837e+00,1.260927401391540373e-02
1.300000000000000000e+01,2.562451140502226998e+00,1.436277875409914563e-02
1.300000000000000000e+01,2.564831236037994344e+00,1.685006973803689773e-03
1.300000000000000000e+01,2.567210441454971015e+00,1.998310903626825813e-03
1.300000000000000000e+01,2.569588739480965334e+00,1.292351374893850081e-03
1.300000000000000000e+01,2.571966112790943892e+00,7.147761332164995467e-04
1.300000000000000000e+01,2.574342544007147904e+00,1.932024608560679781e-03
1.300000000000000000e+01,2.576723370808659652e+00,2.928784969986541857e-03
1.300000000000000000e+01,2.579097875367938553e+00,4.355172927905954366e-03
1.300000000000000000e+01,2.581476760275176030e+00,1.972129128072939389e-03
1.300000000000000000e+01,2.583854652848235123e+00,7.102426145147093528e-02
1.300000000000000000e+01,2.586231535461967379e+00,7.274409684228994033e-02
1.300000000000000000e+01,2.588612795081014717e+00,7.847367115990856734e-02
1.300000000000000000e+01,2.590987614612529910e+00,7.906886691352148222e-02
1.300000000000000000e+01,2.593366795512073164e+00,7.705816713915493443e-02
1.300000000000000000e+01,2.595744915317689472e+00,7.351780470592610139e-02
1.300000000000000000e+01,2.598121956157397161e+00,6.838903256631409522e-02
1.300000000000000000e+01,2.600497900107185067e+00,6.374562212351182755e-02
1.300000000000000000e+01,2.602878193565458798e+00,5.768768608325661185e-02
1.300000000000000000e+01,2.605257374095403922e+00,5.069556562162787910e-02
1.300000000000000000e+01,2.607635423630717320e+00,4.405660006853480415e-02
1.300000000000000000e+01,2.610012324053281763e+00,3.847576862115054119e-02
1.300000000000000000e+01,2.612388057193310686e+00,3.382684087429972675e-02
1.300000000000000000e+01,2.614768119240192146e+00,3.024886292827071513e-02
1.300000000000000000e+01,2.617146997564059774e+00,2.733409456823005304e-02
1.300000000000000000e+01,2.619524673852972718e+00,2.554345294346592118e-02
1.300000000000000000e+01,2.621901129743555270e+00,2.508228159399874049e-02
1.300000000000000000e+01,2.624281901432961472e+00,2.553650060430579655e-02
1.300000000000000000e+01,2.626655871285938915e+00,2.612809095795535705e-02
1.300000000000000000e+01,2.629034140094493655e+00,2.725504993233433468e-02
1.300000000000000000e+01,2.631416719546495031e+00,2.730691617204244678e-02
1.300000000000000000e+01,2.633792431410708623e+00,3.034298216808337112e-02
1.300000000000000000e+01,2.636172436860944934e+00,1.694247479338509277e-03
1.300000000000000000e+01,2.638545517161249965e+00,5.162212008253680299e-04
1.300000000000000000e+01,2.640928499105384297e+00,8.155118263341037824e-04
1.300000000000000000e+01,2.643304518349861354e+00,6.492922389274059531e-04
1.300000000000000000e+01,2.645684816809926954e+00,5.561401031576429076e-04
1.300000000000000000e+01,2.648058094547728558e+00,3.245735727766214723e-04
1.300000000000000000e+01,2.650435633945297020e+00,1.701025726276494184e-04
1.300000000000000000e+01,2.652817446491849473e+00,1.962253836925591016e-04
1.300000000000000000e+01,2.655192171178932803e+00,2.163237854848386397e-04
1.300000000000000000e+01,2.657571151243650398e+00,3.075023414305627753e-04
1.300000000000000000e+01,2.659948691486012429e+00,2.889005428948784957e-04
1.300000000000000000e+01,2.662330489570499559e+00,1.878561325896493548e-04
1.300000000000000000e+01,2.664705102769717726e+00,1.405591370763054732e-04
1.300000000000000000e+01,2.667083955729373734e+00,8.990849501666258261e-05
1.300000000000000000e+01,2.669461312276356413e+00,1.234723401434009802e-04
1.300000000000000000e+01,2.671837153036051848e+00,1.476817364266492193e-04
1.300000000000000000e+01,2.674217226595466013e+00,1.637317039692861252e-04
1.300000000000000000e+01,2.676595765975274599e+00,1.527970474619065914e-04
1.300000000000000000e+01,2.678972751659991935e+00,9.680841418640577967e-05
1.300000000000000000e+01,2.681353962923400225e+00,6.394316384392937118e-05
1.300000000000000000e+01,2.683727792746523733e+00,5.246878477204752370e-05
1.300000000000000000e+01,2.686105829445210702e+00,7.758114386472498463e-05
1.300000000000000000e+01,2.688488084212449003e+00,9.531087471416615099e-05
1.300000000000000000e+01,2.690862888123974894e+00,1.030724807817044248e-04
1.300000000000000000e+01,2.693241891183510539e+00,8.982496045481133098e-05
1.300000000000000000e+01,2.695619243808531795e+00,6.036378909122323551e-05
1.300000000000000000e+01,2.697994926104692492e+00,4.784927340536297420e-05
1.300000000000000000e+01,2.700374799530429026e+00,3.582180115267996477e-05
1.300000000000000000e+01,2.702752983395575903e+00,3.738209604704918179e-05
1.300000000000000000e+01,2.705129457665879755e+00,4.448808181804688334e-05
1.300000000000000000e+01,2.707510114782492927e+00,5.268151544196751569e-05
1.300000000000000000e+01,2.709889042854494612e+00,5.631496726159254792e-05
1.300000000000000000e+01,2.712266221707900993e+00,7.205134828411467491e-05
1.300000000000000000e+01,2.714641631120770615e+00,6.904901035963489854e-05
1.300000000000000000e+01,2.717021204959639391e+00,6.317623273695773694e-05
1.300000000000000000e+01,2.719398989596979010e+00,5.194826262140786092e-05
1.300000000000000000e+01,2.721774964671693997e+00,3.570419696332256663e-05
1.300000000000000000e+01,2.724155095219163325e+00,2.599410353660847118e-05
1.300000000000000000e+01,2.726533396224594785e+00,2.277623047171896647e-05
1.300000000000000000e+01,2.728909847187990234e+00,2.629490976205427455e-05
1.300000000000000000e+01,2.731290444402350470e+00,3.641982444885904770e-05
1.300000000000000000e+01,2.733669171376605700e+00,3.985573762393665925e-05
1.300000000000000000e+01,2.736046007472129116e+00,5.036236920221252042e-05
1.300000000000000000e+01,2.738420932003415853e+00,4.278971466012489487e-05
1.300000000000000000e+01,2.740799983049091892e+00,4.014696884367599929e-05
1.300000000000000000e+01,2.743177102021586489e+00,3.303542176754549470e-05
1.300000000000000000e+01,2.745558347964158319e+00,2.788015806402651872e-05
1.300000000000000000e+01,2.747937641197727654e+00,2.432775131190735389e-05
1.300000000000000000e+01,2.750314960807459741e+00,3.503643926003614903e-05
1.300000000000000000e+01,2.752690285832279038e+00,5.746907454913958166e-05
1.300000000000000000e+01,2.755069717329380996e+00,7.368140625973760367e-05
1.300000000000000000e+01,2.757447133295085617e+00,1.141625548071233478e-04
1.300000000000000000e+01,2.759822512631141755e+00,1.140748532804021248e-04
1.300000000000000000e+01,2.762201987996263153e+00,2.336411219396730210e-04
1.300000000000000000e+01,2.764579405566437664e+00,2.961732875574928439e-03
1.300000000000000000e+01,2.766960919131962182e+00,2.774463752148940802e-03
1.300000000000000000e+01,2.769334167959193405e+00,3.985325370020185130e-03
1.300000000000000000e+01,2.771717687672561325e+00,3.845999406834090407e-03
1.300000000000000000e+01,2.774092899949887059e+00,3.830003294731253519e-03
1.300000000000000000e+01,2.776472186575843271e+00,3.745929328759744527e-03
1.300000000000000000e+01,2.778849329813015245e+00,3.661460191256679826e-03
1.300000000000000000e+01,2.781224308154069291e+00,3.636191899360946816e-03
1.300000000000000000e+01,2.783603349577585373e+00,3.602505683280801934e-03
1.300000000000000000e+01,2.785980204283322159e+00,3.601016026073875984e-03
1.300000000000000000e+01,2.788361121540816612e+00,3.646990771461997276e-03
1.300000000000000000e+01,2.790739830130332333e+00,3.680334508103865788e-03
1.300000000000000000e+01,2.793116308318245977e+00,3.697668763200233355e-03
1.300000000000000000e+01,2.795496837376052479e+00,3.832882348081979602e-03
1.300000000000000000e+01,2.797875113863212526e+00,2.974068520805500573e-03
1.300000000000000000e+01,2.800251115911298605e+00,3.207445060966565738e-03
1.300000000000000000e+01,2.802631156870153184e+00,1.777345487536203194e-04
1.300000000000000000e+01,2.805008901002245647e+00,1.210180401812759488e-04
1.300000000000000000e+01,2.807384326304926958e+00,1.215027763903823397e-04
1.300000000000000000e+01,2.809763778281390234e+00,1.135126272250246517e-04
1.300000000000000000e+01,2.812140888822362683e+00,2.512491078109845791e-04
1.300000000000000000e+01,2.814515635791587478e+00,2.508703742285275495e-04
1.300000000000000000e+01,2.816894396919202848e+00,2.500446238100576500e-03
1.300000000000000000e+01,2.819277182391831005e+00,2.523415560081903371e-03
1.300000000000000000e+01,2.821651159259273456e+00,2.755176445375273359e-03
1.300000000000000000e+01,2.824029137518142551e+00,2.831845594570102289e-03
1.300000000000000000e+01,2.826411127293623426e+00,2.849915578260505625e-03
1.300000000000000000e+01,2.828784230557050972e+00,2.900792684514094839e-03
1.300000000000000000e+01,2.831161322165572702e+00,2.925692410739375807e-03
1.300000000000000000e+01,2.833542412182134651e+00,2.924293788946156353e-03
1.300000000000000000e+01,2.835921024016914149e+00,2.939560489876012934e-03
1.300000000000000000e+01,2.838297135088118761e+00,2.933014523681081419e-03
1.300000000000000000e+01,2.840677231205615438e+00,2.953307400421887555e-03
1.300000000000000000e+01,2.843054803040627743e+00,2.965265276384652492e-03
1.300000000000000000e+01,2.845429827880051832e+00,2.043195489855102699e-05
1.300000000000000000e+01,2.847808824123101878e+00,2.930520545324415428e-05
1.300000000000000000e+01,2.850185249634491935e+00,5.539723842401504677e-05
1.300000000000000000e+01,2.852565644594050376e+00,6.235000560607040156e-05
1.300000000000000000e+01,2.854943444955898801e+00,1.236276693546767345e-04
1.300000000000000000e+01,2.857318627786822773e+00,6.622129732987262502e-04
1.300000000000000000e+01,2.859697765996172869e+00,7.548890568709271456e-04
1.300000000000000000e+01,2.862080869472485301e+00,3.545210683382388466e-03
1.300000000000000000e+01,2.864454712355927857e+00,3.409739563076093737e-03
1.300000000000000000e+01,2.866832496293459265e+00,3.467362996705348772e-03
1.300000000000000000e+01,2.869214231107640511e+00,3.380933396208188248e-03
1.300000000000000000e+01,2.871586624881306449e+00,3.299039456444054566e-03
1.300000000000000000e+01,2.873969606985570024e+00,3.231155596321296040e-03
1.300000000000000000e+01,2.876343201527446158e+00,3.154712305705792766e-03
1.300000000000000000e+01,2.878720719985517373e+00,3.138538271807266109e-03
1.300000000000000000e+01,2.881102172098087610e+00,3.064380924264971644e-03
1.300000000000000000e+01,2.883480861554354568e+00,5.407927286392186315e-04
1.300000000000000000e+01,2.885856764896066906e+00,2.466385207549045850e-03
1.300000000000000000e+01,2.888236586815389195e+00,7.125289237599692399e-05
1.300000000000000000e+01,2.890613597715197436e+00,7.681929403581718981e-05
1.300000000000000000e+01,2.892994524384758570e+00,8.594481723707219321e-05
1.300000000000000000e+01,2.895365853522527733e+00,3.991982150716940107e-05
1.300000000000000000e+01,2.897747845885614293e+00,1.088830773040875977e-05
1.300000000000000000e+01,2.900126977032283726e+00,1.151576426878060556e-05
1.300000000000000000e+01,2.902503223200517901e+00,3.033614702270928301e-05
1.300000000000000000e+01,2.904883366561006319e+00,4.132512364584544246e-05
1.300000000000000000e+01,2.907260599562923709e+00,2.809475470857769209e-05
1.300000000000000000e+01,2.909634898318774088e+00,1.074455387597930739e-05
1.300000000000000000e+01,2.912013078324352744e+00,6.920152192859969305e-06
1.300000000000000000e+01,2.914395149104420657e+00,1.839892755720729358e-05
1.300000000000000000e+01,2.916774258379155604e+00,2.747618561823884017e-05
1.300000000000000000e+01,2.919150382085439865e+00,2.620293880955261695e-05
1.300000000000000000e+01,2.921523496123781261e+00,1.727658688218908524e-05
1.300000000000000000e+01,2.923907367138645963e+00,4.676947680172523051e-06
1.300000000000000000e+01,2.926281318344463589e+00,1.071101216423369395e-05
1.300000000000000000e+01,2.928659127554641639e+00,2.645187001067355150e-05
1.300000000000000000e+01,2.931040804181527015e+00,3.015342268814823006e-05
1.300000000000000000e+01,2.933419417291878162e+00,1.982086643221342057e-05
1.300000000000000000e+01,2.935794942524495799e+00,8.501518106483387383e-06
1.300000000000000000e+01,2.938174318344370928e+00,8.939550848698757640e-06
1.300000000000000000e+01,2.940550579959972044e+00,1.818080200165594530e-05
1.300000000000000000e+01,2.942930688311046872e+00,2.812845261615412969e-05
1.300000000000000000e+01,2.945307656001242336e+00,2.513337310147505709e-05
1.300000000000000000e+01,2.947681458460930770e+00,1.428457519167133195e-05
1.300000000000000000e+01,2.950059090390392047e+00,7.638358517213535075e-06
1.300000000000000000e+01,2.952440561063782720e+00,1.731132626115065162e-05
1.300000000000000000e+01,2.954818837778843132e+00,3.310929012701836137e-05
1.300000000000000000e+01,2.957193895793339244e+00,1.424670091272424560e-05
1.300000000000000000e+01,2.959572774981745535e+00,2.319239153808100735e-05
1.300000000000000000e+01,2.961955484573179920e+00,4.348113121907173369e-05
1.300000000000000000e+01,2.964327858985216224e+00,5.611538560847897266e-05
1.300000000000000000e+01,2.966711135514628506e+00,3.852702111655538226e-05
1.300000000000000000e+01,2.969084027002956372e+00,7.396459757476558884e-04
1.300000000000000000e+01,2.971467838945096585e+00,1.232564907199844772e-03
1.300000000000000000e+01,2.973841215813263883e+00,1.250919946234157944e-03
1.300000000000000000e+01,2.976218387048926051e+00,1.211712781830294504e-03
1.300000000000000000e+01,2.978599361758565323e+00,1.193130785918214117e-03
1.300000000000000000e+01,2.980976981837772488e+00,1.188576256020815658e-03
1.300000000000000000e+01,2.983351222083469256e+00,1.136909020104312712e-03
1.300000000000000000e+01,2.985729247336589065e+00,2.913968661354304399e-04
1.300000000000000000e+01,2.988111066655426029e+00,4.197008651146061288e-05
1.300000000000000000e+01,2.990489476071835462e+00,2.133668282904485343e-05
1.300000000000000000e+01,2.992864450213154281e+00,1.146132847303050771e-05
1.300000000000000000e+01,2.995243199646329124e+00,2.487386932646216224e-05
1.300000000000000000e+01,2.997618485893688511e+00,9.724430547157007269e-06
1.300000000000000000e+01,2.999997542427555786e+00,1.165674873935860623e-05
1.400000000000000000e+01,2.220025362245094058e+00,1.281699844451197683e-04
1.400000000000000000e+01,2.222401044539729753e+00,1.803468501709064233e-04
1.400000000000000000e+01,2.224781816787405386e+00,9.004017383054885781e-05
1.400000000000000000e+01,2.227159693927706297e+00,2.009079365732210020e-04
1.400000000000000000e+01,2.229538650259491828e+00,1.025108271651625156e-04
1.400000000000000000e+01,2.231914658585150590e+00,1.580787809309948649e-04
1.400000000000000000e+01,2.234291710139395537e+00,1.510598936302569968e-04
1.400000000000000000e+01,2.236669795394403248e+00,1.609826692062988804e-04
1.400000000000000000e+01,2.239048904770509107e+00,2.524494136095702264e-04
1.400000000000000000e+01,2.241424976510854261e+00,1.443891229263545909e-04
1.400000000000000000e+01,2.243806096568353503e+00,3.750962058564247356e-04
1.400000000000000000e+01,2.246184142332022571e+00,1.047441019032636445e-04
1.400000000000000000e+01,2.248559078140137224e+00,3.235090633110198201e-04
1.400000000000000000e+01,2.250939041398960061e+00,2.976623752692495644e-04
1.400000000000000000e+01,2.253315857608640727e+00,2.631992787131475983e-04
1.400000000000000000e+01,2.255693594709365701e+00,4.637689010019760806e-04
1.400000000000000000e+01,2.258072242628007320e+00,1.901885922776827250e-04
1.400000000000000000e+01,2.260451791238908381e+00,6.613849027304761954e-04
1.400000000000000000e+01,2.262828100482377369e+00,1.000027894291691114e-04
1.400000000000000000e+01,2.265205272630280042e+00,5.267685995622886468e-04
1.400000000000000000e+01,2.267583297361956962e+00,1.092247811231589899e-03
1.400000000000000000e+01,2.269962164303962027e+00,4.745074338524163837e-04
1.400000000000000000e+01,2.272341863029972320e+00,2.410942211247206913e-03
1.400000000000000000e+01,2.274718209664019053e+00,5.424051368843509774e-02
1.400000000000000000e+01,2.277095349600728014e+00,3.035532998038343450e-02
1.400000000000000000e+01,2.279473272218509372e+00,9.075529631104771455e-02
1.400000000000000000e+01,2.281851966842678436e+00,1.096192807922241330e-01
1.400000000000000000e+01,2.284231422745374829e+00,1.220474671557639085e-01
1.400000000000000000e+01,2.286607412008805351e+00,1.332215316456250853e-01
1.400000000000000000e+01,2.288984123377203694e+00,1.334722527808476500e-01
1.400000000000000000e+01,2.291365780618124681e+00,1.356537354368162474e-01
1.400000000000000000e+01,2.293743912168016763e+00,1.299079688397298260e-01
1.400000000000000000e+01,2.296118480612924895e+00,1.265420678949711886e-01
1.400000000000000000e+01,2.298497970634805210e+00,1.243389136986438187e-01
1.400000000000000000e+01,2.300878127611091895e+00,1.193177594662975932e-01
1.400000000000000000e+01,2.303254661586480623e+00,1.189845084667995739e-01
1.400000000000000000e+01,2.305631822391659203e+00,1.148159098690381685e-01
1.400000000000000000e+01,2.308009598693951503e+00,1.140477682139926785e-01
1.400000000000000000e+01,2.310387979106963030e+00,1.144088480732312896e-01
1.400000000000000000e+01,2.312766952190511649e+00,1.121867867015525905e-01
1.400000000000000000e+01,2.315142183405042520e+00,1.150946933459651156e-01
1.400000000000000000e+01,2.317522298400336744e+00,1.155005762897052674e-01
1.400000000000000000e+01,2.319898630583908439e+00,1.224753995930075445e-01
1.400000000000000000e+01,2.322279841038421555e+00,1.345505792089732311e-01
1.400000000000000000e+01,2.324657227477955335e+00,1.452722475281494341e-01
1.400000000000000000e+01,2.327035118932285318e+00,1.710651831101343279e-01
1.400000000000000000e+01,2.329413503549994768e+00,1.874589195936433861e-01
1.400000000000000000e+01,2.331787983991368662e+00,1.773457957023882522e-02
1.400000000000000000e+01,2.334167310210840451e+00,1.648313464670279893e-02
1.400000000000000000e+01,2.336547093703715827e+00,9.546776239994871072e-03
1.400000000000000000e+01,2.338922910089027418e+00,2.819083103320289829e-03
1.400000000000000000e+01,2.341303562883347844e+00,1.043059500633004497e-02
1.400000000000000000e+01,2.343680206292833024e+00,5.068381409303561805e-03
1.400000000000000000e+01,2.346057240367172003e+00,2.368884645083877728e-03
1.400000000000000000e+01,2.348434652788937260e+00,6.269633623633650080e-03
1.400000000000000000e+01,2.350812431186368734e+00,8.632047710350826885e-04
1.400000000000000000e+01,2.353190563133336077e+00,2.183985914257592642e-03
1.400000000000000000e+01,2.355569036149298690e+00,3.423013907573323276e-03
1.400000000000000000e+01,2.357947837699267524e+00,7.293463087045836714e-04
1.400000000000000000e+01,2.360326955193766896e+00,3.462933278042398637e-03
1.400000000000000000e+01,2.362701873503119110e+00,4.054378363755493583e-04
1.400000000000000000e+01,2.365081575825791482e+00,8.892323856313710199e-04
1.400000000000000000e+01,2.367461555987104838e+00,2.402652019858189224e-03
1.400000000000000000e+01,2.369837271457410743e+00,3.516182909589355950e-04
1.400000000000000000e+01,2.372213220904162867e+00,2.581254504719512118e-03
1.400000000000000000e+01,2.374593939286923305e+00,2.045144516186552745e-03
1.400000000000000000e+01,2.376970326898085517e+00,6.473103394849512261e-04
1.400000000000000000e+01,2.379346909490778650e+00,2.891553478809316246e-03
1.400000000000000000e+01,2.381728249229686956e+00,3.684954631656213496e-04
1.400000000000000000e+01,2.384105191535353274e+00,1.663436256314514659e-03
1.400000000000000000e+01,2.386482289336266938e+00,6.620690264376911244e-03
1.400000000000000000e+01,2.388859529357821643e+00,1.183809888537401935e-03
1.400000000000000000e+01,2.391236898270765909e+00,5.576766362951209033e-02
1.400000000000000000e+01,2.393619003764643427e+00,5.115742640619226622e-02
1.400000000000000000e+01,2.395996599438805941e+00,5.363902103221268591e-02
1.400000000000000000e+01,2.398374283698073040e+00,4.623270224227368774e-02
1.400000000000000000e+01,2.400752042994434454e+00,4.245461710657178617e-02
1.400000000000000000e+01,2.403129863725176119e+00,4.123985499128696858e-02
1.400000000000000000e+01,2.405507732232872620e+00,3.905696208801275743e-02
1.400000000000000000e+01,2.407885634805378317e+00,4.195137428137032248e-02
1.400000000000000000e+01,2.410263557675826007e+00,4.497511650067038957e-02
1.400000000000000000e+01,2.412641487022620712e+00,4.933942357929448075e-02
1.400000000000000000e+01,2.415019408969439230e+00,6.008473863398862413e-02
1.400000000000000000e+01,2.417397309585231913e+00,7.182350539472498463e-02
1.400000000000000000e+01,2.419775174884221780e+00,8.621430705141051865e-02
1.400000000000000000e+01,2.422152990825908514e+00,1.104080545611188097e-01
1.400000000000000000e+01,2.424530743315073789e+00,1.315298473510711774e-01
1.400000000000000000e+01,2.426908418201789264e+00,1.631793335774279763e-01
1.400000000000000000e+01,2.429286001281421470e+00,2.012956866852308735e-01
1.400000000000000000e+01,2.431663478294642911e+00,2.268072506796018073e-01
1.400000000000000000e+01,2.434040834927446273e+00,2.561258971434701714e-01
1.400000000000000000e+01,2.436422844634672291e+00,2.834100290349536588e-01
1.400000000000000000e+01,2.438799926692925002e+00,2.837637432054010977e-01
1.400000000000000000e+01,2.441176845109251925e+00,2.878037590845690108e-01
1.400000000000000000e+01,2.443553585351005086e+00,2.968568306002653534e-01
1.400000000000000000e+01,2.445930132830938852e+00,2.552036164078853031e-01
1.400000000000000000e+01,2.448311307568818762e+00,3.869306855477000484e-02
1.400000000000000000e+01,2.450687434933867870e+00,3.424684184726284504e-03
1.400000000000000000e+01,2.453068178922694020e+00,1.096173229490493735e-02
1.400000000000000000e+01,2.455443827201868601e+00,9.777318731842919719e-03
1.400000000000000000e+01,2.457824081285056472e+00,2.877904842101673580e-04
1.400000000000000000e+01,2.460199191070725266e+00,4.180999312924700388e-03
1.400000000000000000e+01,2.462578895654787381e+00,3.678823747372990654e-03
1.400000000000000000e+01,2.464958307733604137e+00,1.015675138383116742e-04
1.400000000000000000e+01,2.467332502158201546e+00,2.334850007284078148e-03
1.400000000000000000e+01,2.469711274537423229e+00,1.668887313812699759e-03
1.400000000000000000e+01,2.472089709077717856e+00,6.487851064551976331e-05
1.400000000000000000e+01,2.474467790561501790e+00,1.207000821474666459e-03
1.400000000000000000e+01,2.476845503716746499e+00,1.096342880274715033e-03
1.400000000000000000e+01,2.479222833217026967e+00,5.782325170168578499e-05
1.400000000000000000e+01,2.481599763681567428e+00,8.942513857040092998e-04
1.400000000000000000e+01,2.483981256237295376e+00,1.108254285693675021e-03
1.400000000000000000e+01,2.486357351796226300e+00,8.170272308494005314e-05
1.400000000000000000e+01,2.488737997498906118e+00,8.332837092481026149e-05
1.400000000000000000e+01,2.491113196007286756e+00,1.125844111155254682e-03
1.400000000000000000e+01,2.493492932524325134e+00,1.618374604214762973e-04
1.400000000000000000e+01,2.495872195725481024e+00,4.918414817853786913e-05
1.400000000000000000e+01,2.498245935968249398e+00,1.002831740199673291e-03
1.400000000000000000e+01,2.500624195678618378e+00,2.909998519574432969e-04
1.400000000000000000e+01,2.503001934687554719e+00,4.774222647501174968e-05
1.400000000000000000e+01,2.505384199785404054e+00,7.273018084552659163e-04
1.400000000000000000e+01,2.507760859244102747e+00,9.113327904029329320e-04
1.400000000000000000e+01,2.510136950143142087e+00,1.035957188091384456e-04
1.400000000000000000e+01,2.512517547981021337e+00,5.630279027247879486e-04
1.400000000000000000e+01,2.514892463148078239e+00,8.057450063037154345e-04
1.400000000000000000e+01,2.517271872260600674e+00,1.595305809477375199e-04
1.400000000000000000e+01,2.519650667552726819e+00,3.598912009925508233e-04
1.400000000000000000e+01,2.522028832766149087e+00,5.896716509578067006e-04
1.400000000000000000e+01,2.524406351588751818e+00,2.169990351075871396e-04
1.400000000000000000e+01,2.526783207654688557e+00,2.084579273214836801e-04
1.400000000000000000e+01,2.529159384544463762e+00,5.205053061210487483e-04
1.400000000000000000e+01,2.531540034735527911e+00,2.699224100106296909e-04
1.400000000000000000e+01,2.533914813502587737e+00,6.877745183138088566e-05
1.400000000000000000e+01,2.536294051902468372e+00,2.965545325791163131e-04
1.400000000000000000e+01,2.538672564369699458e+00,4.676429264527980426e-04
1.400000000000000000e+01,2.541050334235800179e+00,2.776170256256549947e-04
1.400000000000000000e+01,2.543427344778853350e+00,5.755435787560491502e-05
1.400000000000000000e+01,2.545808806606810748e+00,2.732499405212737492e-04
1.400000000000000000e+01,2.548184257884455128e+00,5.008247335031443736e-04
1.400000000000000000e+01,2.550564146289386880e+00,2.567851188360338295e-04
1.400000000000000000e+01,2.552943227520946490e+00,7.524353855343886223e-05
1.400000000000000000e+01,2.555321484608414462e+00,2.694153419579664544e-04
1.400000000000000000e+01,2.557698900527907160e+00,6.969711007116695866e-04
1.400000000000000000e+01,2.560075458202479837e+00,4.108321907076040863e-04
1.400000000000000000e+01,2.562451140502226998e+00,2.343986281381561548e-04
1.400000000000000000e+01,2.564831236037994344e+00,1.587371917752516612e-02
1.400000000000000000e+01,2.567210441454971015e+00,1.852060060048408424e-02
1.400000000000000000e+01,2.569588739480965334e+00,2.172951368504429451e-02
1.400000000000000000e+01,2.571966112790943892e+00,2.517368145709905983e-02
1.400000000000000000e+01,2.574342544007147904e+00,2.888498000071632391e-02
1.400000000000000000e+01,2.576723370808659652e+00,3.153028135737089011e-02
1.400000000000000000e+01,2.579097875367938553e+00,3.375462221502534971e-02
1.400000000000000000e+01,2.581476760275176030e+00,3.686089576063327627e-02
1.400000000000000000e+01,2.583854652848235123e+00,4.055028601368541874e-02
1.400000000000000000e+01,2.586231535461967379e+00,4.379479604449012381e-02
1.400000000000000000e+01,2.588612795081014717e+00,4.709948513837688283e-02
1.400000000000000000e+01,2.590987614612529910e+00,5.245855626895722795e-02
1.400000000000000000e+01,2.593366795512073164e+00,5.935918037283334503e-02
1.400000000000000000e+01,2.595744915317689472e+00,6.451371181909924812e-02
1.400000000000000000e+01,2.598121956157397161e+00,6.847058914755334291e-02
1.400000000000000000e+01,2.600497900107185067e+00,7.080911847201681875e-02
1.400000000000000000e+01,2.602878193565458798e+00,7.250163236440730630e-02
1.400000000000000000e+01,2.605257374095403922e+00,7.265587275443609327e-02
1.400000000000000000e+01,2.607635423630717320e+00,6.920879535002331939e-02
1.400000000000000000e+01,2.610012324053281763e+00,6.405631523843433039e-02
1.400000000000000000e+01,2.612388057193310686e+00,6.198595695152941260e-02
1.400000000000000000e+01,2.614768119240192146e+00,6.010243833538017610e-02
1.400000000000000000e+01,2.617146997564059774e+00,5.831911039125704799e-02
1.400000000000000000e+01,2.619524673852972718e+00,3.517725534934467574e-03
1.400000000000000000e+01,2.621901129743555270e+00,1.947579722744253831e-03
1.400000000000000000e+01,2.624281901432961472e+00,1.275435827331487500e-03
1.400000000000000000e+01,2.626655871285938915e+00,7.245004891147858832e-04
1.400000000000000000e+01,2.629034140094493655e+00,1.290449380974960716e-03
1.400000000000000000e+01,2.631416719546495031e+00,3.049135906897354215e-03
1.400000000000000000e+01,2.633792431410708623e+00,2.508731007969658075e-03
1.400000000000000000e+01,2.636172436860944934e+00,3.336904243735437647e-02
1.400000000000000000e+01,2.638545517161249965e+00,3.662931912910400573e-02
1.400000000000000000e+01,2.640928499105384297e+00,3.890249292024282324e-02
1.400000000000000000e+01,2.643304518349861354e+00,4.157170627075167796e-02
1.400000000000000000e+01,2.645684816809926954e+00,4.483802129748960807e-02
1.400000000000000000e+01,2.648058094547728558e+00,4.764064776443357324e-02
1.400000000000000000e+01,2.650435633945297020e+00,5.027958565192797852e-02
1.400000000000000000e+01,2.652817446491849473e+00,5.173683828788956662e-02
1.400000000000000000e+01,2.655192171178932803e+00,5.349118037792327529e-02
1.400000000000000000e+01,2.657571151243650398e+00,5.496052250661721122e-02
1.400000000000000000e+01,2.659948691486012429e+00,5.746101079822461127e-02
1.400000000000000000e+01,2.662330489570499559e+00,5.927731785010972171e-02
1.400000000000000000e+01,2.664705102769717726e+00,6.097765920574539644e-02
1.400000000000000000e+01,2.667083955729373734e+00,6.123155904032101526e-02
1.400000000000000000e+01,2.669461312276356413e+00,6.140784083278336830e-02
1.400000000000000000e+01,2.671837153036051848e+00,6.100179704842560030e-02
1.400000000000000000e+01,2.674217226595466013e+00,5.967994001111678881e-02
1.400000000000000000e+01,2.676595765975274599e+00,5.962579183307548103e-02
1.400000000000000000e+01,2.678972751659991935e+00,5.779644748312370156e-02
1.400000000000000000e+01,2.681353962923400225e+00,5.563034681902585821e-02
1.400000000000000000e+01,2.683727792746523733e+00,5.160848776824967371e-02
1.400000000000000000e+01,2.686105829445210702e+00,3.424198320694730579e-03
1.400000000000000000e+01,2.688488084212449003e+00,4.734657668147269037e-03
1.400000000000000000e+01,2.690862888123974894e+00,1.495628411845974790e-03
1.400000000000000000e+01,2.693241891183510539e+00,5.364499775950672209e-04
1.400000000000000000e+01,2.695619243808531795e+00,3.727407590329949168e-04
1.400000000000000000e+01,2.697994926104692492e+00,1.859899289484459280e-04
1.400000000000000000e+01,2.700374799530429026e+00,2.281057197982052102e-04
1.400000000000000000e+01,2.702752983395575903e+00,2.715457566242237674e-04
1.400000000000000000e+01,2.705129457665879755e+00,2.320868492218307148e-04
1.400000000000000000e+01,2.707510114782492927e+00,2.121488408738449486e-04
1.400000000000000000e+01,2.709889042854494612e+00,2.461602161407944319e-04
1.400000000000000000e+01,2.712266221707900993e+00,1.779197698132890034e-04
1.400000000000000000e+01,2.714641631120770615e+00,1.674644608951289548e-04
1.400000000000000000e+01,2.717021204959639391e+00,1.218768210767573218e-04
1.400000000000000000e+01,2.719398989596979010e+00,8.947606900118415605e-05
1.400000000000000000e+01,2.721774964671693997e+00,6.813729083513455514e-05
1.400000000000000000e+01,2.724155095219163325e+00,4.653687989742144734e-05
1.400000000000000000e+01,2.726533396224594785e+00,4.314655796054558105e-05
1.400000000000000000e+01,2.728909847187990234e+00,5.146372350237803572e-05
1.400000000000000000e+01,2.731290444402350470e+00,5.182940955456425460e-05
1.400000000000000000e+01,2.733669171376605700e+00,6.451572730666914270e-05
1.400000000000000000e+01,2.736046007472129116e+00,6.137240868188749323e-05
1.400000000000000000e+01,2.738420932003415853e+00,5.515132921818320633e-05
1.400000000000000000e+01,2.740799983049091892e+00,5.340961577171035818e-05
1.400000000000000000e+01,2.743177102021586489e+00,4.161064448693531240e-05
1.400000000000000000e+01,2.745558347964158319e+00,3.225233731494991354e-05
1.400000000000000000e+01,2.747937641197727654e+00,2.750207367222648716e-05
1.400000000000000000e+01,2.750314960807459741e+00,2.896475785466980980e-05
1.400000000000000000e+01,2.752690285832279038e+00,3.954046655246368626e-05
1.400000000000000000e+01,2.755069717329380996e+00,4.583044407484450328e-05
1.400000000000000000e+01,2.757447133295085617e+00,5.038707700738102597e-05
1.400000000000000000e+01,2.759822512631141755e+00,6.037636573961457117e-05
1.400000000000000000e+01,2.762201987996263153e+00,5.985584590098805171e-05
1.400000000000000000e+01,2.764579405566437664e+00,6.383691628685222302e-05
1.400000000000000000e+01,2.766960919131962182e+00,6.790206983826388974e-05
1.400000000000000000e+01,2.769334167959193405e+00,7.260264606296979904e-05
1.400000000000000000e+01,2.771717687672561325e+00,7.866120051283083782e-05
1.400000000000000000e+01,2.774092899949887059e+00,8.197410349697456565e-05
1.400000000000000000e+01,2.776472186575843271e+00,8.883432793883310895e-05
1.400000000000000000e+01,2.778849329813015245e+00,9.378757343221054432e-05
1.400000000000000000e+01,2.781224308154069291e+00,9.244076839723381050e-05
1.400000000000000000e+01,2.783603349577585373e+00,9.950455384599208686e-05
1.400000000000000000e+01,2.785980204283322159e+00,1.124023714775617365e-04
1.400000000000000000e+01,2.788361121540816612e+00,1.089366947056022910e-04
1.400000000000000000e+01,2.790739830130332333e+00,1.336221511410066814e-04
1.400000000000000000e+01,2.793116308318245977e+00,2.153520941242175152e-04
1.400000000000000000e+01,2.795496837376052479e+00,2.070188374291728566e-04
1.400000000000000000e+01,2.797875113863212526e+00,1.219602756392406794e-03
1.400000000000000000e+01,2.800251115911298605e+00,1.164454493802679399e-03
1.400000000000000000e+01,2.802631156870153184e+00,4.389170107371397761e-03
1.400000000000000000e+01,2.805008901002245647e+00,4.661893478999775894e-03
1.400000000000000000e+01,2.807384326304926958e+00,4.865122437974804363e-03
1.400000000000000000e+01,2.809763778281390234e+00,5.101225285823835984e-03
1.400000000000000000e+01,2.812140888822362683e+00,5.290044508004565320e-03
1.400000000000000000e+01,2.814515635791587478e+00,5.434777515771939925e-03
1.400000000000000000e+01,2.816894396919202848e+00,5.572116141348587570e-03
1.400000000000000000e+01,2.819277182391831005e+00,5.664446834911089981e-03
1.400000000000000000e+01,2.821651159259273456e+00,5.716803457375834591e-03
1.400000000000000000e+01,2.824029137518142551e+00,5.768481309309835339e-03
1.400000000000000000e+01,2.826411127293623426e+00,5.802223042218051553e-03
1.400000000000000000e+01,2.828784230557050972e+00,5.810984529192446749e-03
1.400000000000000000e+01,2.831161322165572702e+00,5.839625844826902210e-03
1.400000000000000000e+01,2.833542412182134651e+00,5.795256303217802794e-03
1.400000000000000000e+01,2.835921024016914149e+00,5.586413747169691711e-03
1.400000000000000000e+01,2.838297135088118761e+00,5.513072819821997553e-03
1.400000000000000000e+01,2.840677231205615438e+00,2.302713323627163765e-03
1.400000000000000000e+01,2.843054803040627743e+00,2.239010737173678049e-04
1.400000000000000000e+01,2.845429827880051832e+00,3.140975060044548170e-03
1.400000000000000000e+01,2.847808824123101878e+00,3.041704002354418852e-03
1.400000000000000000e+01,2.850185249634491935e+00,2.994912128482682141e-03
1.400000000000000000e+01,2.852565644594050376e+00,3.001876245932266849e-03
1.400000000000000000e+01,2.854943444955898801e+00,2.998825710030096018e-03
1.400000000000000000e+01,2.857318627786822773e+00,2.995563150391756906e-03
1.400000000000000000e+01,2.859697765996172869e+00,3.009138560520202045e-03
1.400000000000000000e+01,2.862080869472485301e+00,3.021565168906589164e-03
1.400000000000000000e+01,2.864454712355927857e+00,3.018768674462095781e-03
1.400000000000000000e+01,2.866832496293459265e+00,3.020840886234919982e-03
1.400000000000000000e+01,2.869214231107640511e+00,3.029431107581002664e-03
1.400000000000000000e+01,2.871586624881306449e+00,3.005435192375026376e-03
1.400000000000000000e+01,2.873969606985570024e+00,2.999057957971913886e-03
1.400000000000000000e+01,2.876343201527446158e+00,3.025568169892243683e-03
1.400000000000000000e+01,2.878720719985517373e+00,2.973083969483324845e-03
1.400000000000000000e+01,2.881102172098087610e+00,2.884293182260769424e-03
1.400000000000000000e+01,2.883480861554354568e+00,5.409632982090082157e-03
1.400000000000000000e+01,2.885856764896066906e+00,7.132364279322225484e-04
1.400000000000000000e+01,2.888236586815389195e+00,3.154688696425820768e-03
1.400000000000000000e+01,2.890613597715197436e+00,3.263243573004873024e-03
1.400000000000000000e+01,2.892994524384758570e+00,3.395379066178943854e-03
1.400000000000000000e+01,2.895365853522527733e+00,3.445935624854229787e-03
1.400000000000000000e+01,2.897747845885614293e+00,3.489033341061643662e-03
1.400000000000000000e+01,2.900126977032283726e+00,3.443842510039437678e-03
1.400000000000000000e+01,2.902503223200517901e+00,3.491353777156265548e-03
1.400000000000000000e+01,2.904883366561006319e+00,3.540868601198083037e-03
1.400000000000000000e+01,2.907260599562923709e+00,3.681989825995646975e-03
1.400000000000000000e+01,2.909634898318774088e+00,3.762907638542473902e-03
1.400000000000000000e+01,2.912013078324352744e+00,3.753241094504089492e-03
1.400000000000000000e+01,2.914395149104420657e+00,3.799200637892137088e-03
1.400000000000000000e+01,2.916774258379155604e+00,3.768071962312566012e-03
1.400000000000000000e+01,2.919150382085439865e+00,3.827183499116051935e-03
1.400000000000000000e+01,2.921523496123781261e+00,1.095164804376207819e-03
1.400000000000000000e+01,2.923907367138645963e+00,6.541819810907608952e-05
1.400000000000000000e+01,2.926281318344463589e+00,4.046875800942818107e-05
1.400000000000000000e+01,2.928659127554641639e+00,9.007278148486136166e-05
1.400000000000000000e+01,2.931040804181527015e+00,1.041758287053703015e-04
1.400000000000000000e+01,2.933419417291878162e+00,6.907015369110815390e-05
1.400000000000000000e+01,2.935794942524495799e+00,2.900913244376375336e-05
1.400000000000000000e+01,2.938174318344370928e+00,1.505614127953108126e-05
1.400000000000000000e+01,2.940550579959972044e+00,3.594168808426488637e-05
1.400000000000000000e+01,2.942930688311046872e+00,6.021427866760965477e-05
1.400000000000000000e+01,2.945307656001242336e+00,5.637343044509468548e-05
1.400000000000000000e+01,2.947681458460930770e+00,3.247631246274662728e-05
1.400000000000000000e+01,2.950059090390392047e+00,1.008212688401913967e-05
1.400000000000000000e+01,2.952440561063782720e+00,2.497748546363254179e-05
1.400000000000000000e+01,2.954818837778843132e+00,5.829191413683532829e-05
1.400000000000000000e+01,2.957193895793339244e+00,1.463040284565396426e-05
1.400000000000000000e+01,2.959572774981745535e+00,2.997522094455673476e-05
1.400000000000000000e+01,2.961955484573179920e+00,4.764241913655113865e-05
1.400000000000000000e+01,2.964327858985216224e+00,1.238360007001547862e-05
1.400000000000000000e+01,2.966711135514628506e+00,3.514278081968883009e-05
1.400000000000000000e+01,2.969084027002956372e+00,3.800570029118751242e-05
1.400000000000000000e+01,2.971467838945096585e+00,1.127395470318507213e-05
1.400000000000000000e+01,2.973841215813263883e+00,4.026447787611076593e-05
1.400000000000000000e+01,2.976218387048926051e+00,4.378839168860094809e-05
1.400000000000000000e+01,2.978599361758565323e+00,2.798436876369540344e-05
1.400000000000000000e+01,2.980976981837772488e+00,6.526503271813114836e-05
1.400000000000000000e+01,2.983351222083469256e+00,9.000975238597784577e-05
1.400000000000000000e+01,2.985729247336589065e+00,9.341047500968198891e-04
1.400000000000000000e+01,2.988111066655426029e+00,1.225659823836304117e-03
1.400000000000000000e+01,2.990489476071835462e+00,1.224657415329742042e-03
1.400000000000000000e+01,2.992864450213154281e+00,1.259125332837563111e-03
1.400000000000000000e+01,2.995243199646329124e+00,1.292013195495555350e-03
1.400000000000000000e+01,2.997618485893688511e+00,1.297080588846682286e-03
1.400000000000000000e+01,2.999997542427555786e+00,1.343120072281578457e-03
1.500000000000000000e+01,2.224781816787405386e+00,1.102284264176963080e-05
1.500000000000000000e+01,2.227159693927706297e+00,1.312627217213628365e-05
1.500000000000000000e+01,2.229538650259491828e+00,1.193299817452146935e-05
1.500000000000000000e+01,2.231914658585150590e+00,3.437002821047635190e-05
1.500000000000000000e+01,2.234291710139395537e+00,2.943205706524717970e-05
1.500000000000000000e+01,2.236669795394403248e+00,5.984356219348120398e-05
1.500000000000000000e+01,2.239048904770509107e+00,6.889988677990572423e-05
1.500000000000000000e+01,2.241424976510854261e+00,1.011478225712579196e-04
1.500000000000000000e+01,2.243806096568353503e+00,1.251569698954843395e-04
1.500000000000000000e+01,2.246184142332022571e+00,1.077529737779469031e-04
1.500000000000000000e+01,2.248559078140137224e+00,2.347282100056174081e-04
1.500000000000000000e+01,2.250939041398960061e+00,1.163862910323312165e-04
1.500000000000000000e+01,2.253315857608640727e+00,2.446357396230426531e-04
1.500000000000000000e+01,2.255693594709365701e+00,2.099057277361301771e-04
1.500000000000000000e+01,2.258072242628007320e+00,2.377611983382788951e-04
1.500000000000000000e+01,2.260451791238908381e+00,3.287051949819815065e-04
1.500000000000000000e+01,2.262828100482377369e+00,1.919953720583582508e-04
1.500000000000000000e+01,2.265205272630280042e+00,3.968312899664040196e-04
1.500000000000000000e+01,2.267583297361956962e+00,2.693136940427740184e-04
1.500000000000000000e+01,2.269962164303962027e+00,3.940401398590933431e-04
1.500000000000000000e+01,2.272341863029972320e+00,4.090335967397985785e-04
1.500000000000000000e+01,2.274718209664019053e+00,3.272419712238873717e-04
1.500000000000000000e+01,2.277095349600728014e+00,6.202849734958758429e-04
1.500000000000000000e+01,2.279473272218509372e+00,2.372866636726961363e-04
1.500000000000000000e+01,2.281851966842678436e+00,5.754767374293154238e-04
1.500000000000000000e+01,2.284231422745374829e+00,5.205831136763619700e-04
1.500000000000000000e+01,2.286607412008805351e+00,4.607380782806906106e-04
1.500000000000000000e+01,2.288984123377203694e+00,6.840139960441485529e-04
1.500000000000000000e+01,2.291365780618124681e+00,3.355797337047725765e-04
1.500000000000000000e+01,2.293743912168016763e+00,8.224406860598426367e-04
1.500000000000000000e+01,2.296118480612924895e+00,5.084171943401022192e-04
1.500000000000000000e+01,2.298497970634805210e+00,5.535293960204570743e-04
1.500000000000000000e+01,2.300878127611091895e+00,7.732416076824280646e-04
1.500000000000000000e+01,2.303254661586480623e+00,3.935496452423465144e-04
1.500000000000000000e+01,2.305631822391659203e+00,1.026761375248599938e-03
1.500000000000000000e+01,2.308009598693951503e+00,6.944347985010592859e-04
1.500000000000000000e+01,2.310387979106963030e+00,6.981710764532569544e-04
1.500000000000000000e+01,2.312766952190511649e+00,1.086184316637070100e-03
1.500000000000000000e+01,2.315142183405042520e+00,4.437979339230322317e-04
1.500000000000000000e+01,2.317522298400336744e+00,1.762780893435137537e-03
1.500000000000000000e+01,2.319898630583908439e+00,1.228528629565669560e-03
1.500000000000000000e+01,2.322279841038421555e+00,1.070323452218507844e-03
1.500000000000000000e+01,2.324657227477955335e+00,4.277779804392916642e-03
1.500000000000000000e+01,2.327035118932285318e+00,8.146796223065426792e-04
1.500000000000000000e+01,2.329413503549994768e+00,9.617073642277471079e-03
1.500000000000000000e+01,2.331787983991368662e+00,2.131829454387282607e-01
1.500000000000000000e+01,2.334167310210840451e+00,2.575984403612056051e-01
1.500000000000000000e+01,2.336547093703715827e+00,3.118386850387013243e-01
1.500000000000000000e+01,2.338922910089027418e+00,3.746091719623401706e-01
1.500000000000000000e+01,2.341303562883347844e+00,4.210832605884318181e-01
1.500000000000000000e+01,2.343680206292833024e+00,4.774405493090541075e-01
1.500000000000000000e+01,2.346057240367172003e+00,5.213733454746573015e-01
1.500000000000000000e+01,2.348434652788937260e+00,5.405348768317506103e-01
1.500000000000000000e+01,2.350812431186368734e+00,5.544657598504139084e-01
1.500000000000000000e+01,2.353190563133336077e+00,5.454506159983771862e-01
1.500000000000000000e+01,2.355569036149298690e+00,5.266758857297760832e-01
1.500000000000000000e+01,2.357947837699267524e+00,5.104620086532061229e-01
1.500000000000000000e+01,2.360326955193766896e+00,4.866934525725892802e-01
1.500000000000000000e+01,2.362701873503119110e+00,4.749058635939716888e-01
1.500000000000000000e+01,2.365081575825791482e+00,4.602290554094279895e-01
1.500000000000000000e+01,2.367461555987104838e+00,4.460709176365105777e-01
1.500000000000000000e+01,2.369837271457410743e+00,4.399106331266395276e-01
1.500000000000000000e+01,2.372213220904162867e+00,4.279225651182846368e-01
1.500000000000000000e+01,2.374593939286923305e+00,4.226981622248145443e-01
1.500000000000000000e+01,2.376970326898085517e+00,4.192792200228622201e-01
1.500000000000000000e+01,2.379346909490778650e+00,4.102827422228675358e-01
1.500000000000000000e+01,2.381728249229686956e+00,4.041670662304100436e-01
1.500000000000000000e+01,2.384105191535353274e+00,3.878517099260823664e-01
1.500000000000000000e+01,2.386482289336266938e+00,3.632179594131809131e-01
1.500000000000000000e+01,2.388859529357821643e+00,3.369110689098336331e-01
1.500000000000000000e+01,2.391236898270765909e+00,3.035144221392823138e-01
1.500000000000000000e+01,2.393619003764643427e+00,2.765368858071473590e-01
1.500000000000000000e+01,2.395996599438805941e+00,2.549538287053260688e-01
1.500000000000000000e+01,2.398374283698073040e+00,2.351744526973087446e-01
1.500000000000000000e+01,2.400752042994434454e+00,2.227710512799463694e-01
1.500000000000000000e+01,2.403129863725176119e+00,2.143998361054675061e-01
1.500000000000000000e+01,2.405507732232872620e+00,2.061909984045424138e-01
1.500000000000000000e+01,2.407885634805378317e+00,2.040937985339716654e-01
1.500000000000000000e+01,2.410263557675826007e+00,2.007235303321887321e-01
1.500000000000000000e+01,2.412641487022620712e+00,1.975532720834358436e-01
1.500000000000000000e+01,2.415019408969439230e+00,1.981769277241856864e-01
1.500000000000000000e+01,2.417397309585231913e+00,1.967806455669403598e-01
1.500000000000000000e+01,2.419775174884221780e+00,1.946446292572368286e-01
1.500000000000000000e+01,2.422152990825908514e+00,1.950461534420032672e-01
1.500000000000000000e+01,2.424530743315073789e+00,1.918290463370815879e-01
1.500000000000000000e+01,2.426908418201789264e+00,1.891774662817614083e-01
1.500000000000000000e+01,2.429286001281421470e+00,1.870128541401223643e-01
1.500000000000000000e+01,2.431663478294642911e+00,1.833127150604192124e-01
1.500000000000000000e+01,2.434040834927446273e+00,1.808601330134846086e-01
1.500000000000000000e+01,2.436422844634672291e+00,1.794238245800682530e-01
1.500000000000000000e+01,2.438799926692925002e+00,1.814672318377799631e-01
1.500000000000000000e+01,2.441176845109251925e+00,1.839729281850266684e-01
1.500000000000000000e+01,2.443553585351005086e+00,1.819545226753140899e-01
1.500000000000000000e+01,2.445930132830938852e+00,2.087844458960354532e-01
1.500000000000000000e+01,2.448311307568818762e+00,4.140024691359568410e-01
1.500000000000000000e+01,2.450687434933867870e+00,2.863133631603674290e-01
1.500000000000000000e+01,2.453068178922694020e+00,3.621329390087036915e-01
1.500000000000000000e+01,2.455443827201868601e+00,2.610435466200737853e-01
1.500000000000000000e+01,2.457824081285056472e+00,2.637344137303088698e-01
1.500000000000000000e+01,2.460199191070725266e+00,2.427882741998321769e-01
1.500000000000000000e+01,2.462578895654787381e+00,2.263163148522391865e-01
1.500000000000000000e+01,2.464958307733604137e+00,2.126927220863023826e-01
1.500000000000000000e+01,2.467332502158201546e+00,1.830810867479255311e-01
1.500000000000000000e+01,2.469711274537423229e+00,1.644207670968580726e-01
1.500000000000000000e+01,2.472089709077717856e+00,1.541239081857955773e-01
1.500000000000000000e+01,2.474467790561501790e+00,1.410443270900888224e-01
1.500000000000000000e+01,2.476845503716746499e+00,1.416080180619253281e-01
1.500000000000000000e+01,2.479222833217026967e+00,1.521416959393934454e-01
1.500000000000000000e+01,2.481599763681567428e+00,1.590065297460445393e-01
1.500000000000000000e+01,2.483981256237295376e+00,1.753367423893725796e-01
1.500000000000000000e+01,2.486357351796226300e+00,1.970429541630368819e-01
1.500000000000000000e+01,2.488737997498906118e+00,2.110011729108015877e-01
1.500000000000000000e+01,2.491113196007286756e+00,2.180343249509951453e-01
1.500000000000000000e+01,2.493492932524325134e+00,2.272363848600228997e-01
1.500000000000000000e+01,2.495872195725481024e+00,2.223277270794692673e-01
1.500000000000000000e+01,2.498245935968249398e+00,2.078880422217168622e-01
1.500000000000000000e+01,2.500624195678618378e+00,1.952714900671366494e-01
1.500000000000000000e+01,2.503001934687554719e+00,1.742436371886283974e-01
1.500000000000000000e+01,2.505384199785404054e+00,1.511818811342196256e-01
1.500000000000000000e+01,2.507760859244102747e+00,1.324121632477000821e-01
1.500000000000000000e+01,2.510136950143142087e+00,1.162682204297731670e-01
1.500000000000000000e+01,2.512517547981021337e+00,9.926155375593742614e-02
1.500000000000000000e+01,2.514892463148078239e+00,8.725742725168664227e-02
1.500000000000000000e+01,2.517271872260600674e+00,7.777597803261677989e-02
1.500000000000000000e+01,2.519650667552726819e+00,6.801965298801374016e-02
1.500000000000000000e+01,2.522028832766149087e+00,6.224969373510429865e-02
1.500000000000000000e+01,2.524406351588751818e+00,5.931134002342370454e-02
1.500000000000000000e+01,2.526783207654688557e+00,5.560946331084366812e-02
1.500000000000000000e+01,2.529159384544463762e+00,5.519344468351055494e-02
1.500000000000000000e+01,2.531540034735527911e+00,5.701562472860752240e-02
1.500000000000000000e+01,2.533914813502587737e+00,5.702133633006357949e-02
1.500000000000000000e+01,2.536294051902468372e+00,5.501437144897920739e-02
1.500000000000000000e+01,2.538672564369699458e+00,5.412594372831638218e-02
1.500000000000000000e+01,2.541050334235800179e+00,5.477486597837494253e-02
1.500000000000000000e+01,2.543427344778853350e+00,5.188438711241225715e-02
1.500000000000000000e+01,2.545808806606810748e+00,7.539349165524009307e-03
1.500000000000000000e+01,2.548184257884455128e+00,2.391796544553931748e-03
1.500000000000000000e+01,2.550564146289386880e+00,1.625228440881735571e-04
1.500000000000000000e+01,2.552943227520946490e+00,2.045640567460703418e-04
1.500000000000000000e+01,2.555321484608414462e+00,1.433978148967615402e-03
1.500000000000000000e+01,2.557698900527907160e+00,1.248791236816816771e-03
1.500000000000000000e+01,2.560075458202479837e+00,1.334414206104332949e-04
1.500000000000000000e+01,2.562451140502226998e+00,1.153521643980228670e-04
1.500000000000000000e+01,2.564831236037994344e+00,1.320906076442199305e-03
1.500000000000000000e+01,2.567210441454971015e+00,1.372628092301226644e-03
1.500000000000000000e+01,2.569588739480965334e+00,1.370437583938159502e-04
1.500000000000000000e+01,2.571966112790943892e+00,1.099306884310835558e-04
1.500000000000000000e+01,2.574342544007147904e+00,1.568980375229290982e-03
1.500000000000000000e+01,2.576723370808659652e+00,1.584889435492981002e-03
1.500000000000000000e+01,2.579097875367938553e+00,1.823647655115467209e-04
1.500000000000000000e+01,2.581476760275176030e+00,8.964283063036842158e-05
1.500000000000000000e+01,2.583854652848235123e+00,1.497535239416626423e-03
1.500000000000000000e+01,2.586231535461967379e+00,1.632720500535691068e-03
1.500000000000000000e+01,2.588612795081014717e+00,4.216133637870903396e-04
1.500000000000000000e+01,2.590987614612529910e+00,1.501936275380893267e-04
1.500000000000000000e+01,2.593366795512073164e+00,1.015807766227906075e-03
1.500000000000000000e+01,2.595744915317689472e+00,1.499931332769498509e-03
1.500000000000000000e+01,2.598121956157397161e+00,1.990247694765745045e-03
1.500000000000000000e+01,2.600497900107185067e+00,6.337444811297101785e-04
1.500000000000000000e+01,2.602878193565458798e+00,2.259140514297858237e-04
1.500000000000000000e+01,2.605257374095403922e+00,1.085740457029903475e-03
1.500000000000000000e+01,2.607635423630717320e+00,2.120834092460413718e-03
1.500000000000000000e+01,2.610012324053281763e+00,2.384462325621384410e-03
1.500000000000000000e+01,2.612388057193310686e+00,1.138830176983632574e-03
1.500000000000000000e+01,2.614768119240192146e+00,6.348830419152461622e-04
1.500000000000000000e+01,2.617146997564059774e+00,2.076141585247692420e-03
1.500000000000000000e+01,2.619524673852972718e+00,5.621570842683481367e-02
1.500000000000000000e+01,2.621901129743555270e+00,5.712989946179605760e-02
1.500000000000000000e+01,2.624281901432961472e+00,5.949742326206927667e-02
1.500000000000000000e+01,2.626655871285938915e+00,6.421982517922861233e-02
1.500000000000000000e+01,2.629034140094493655e+00,6.696841251704033215e-02
1.500000000000000000e+01,2.631416719546495031e+00,6.923626080853810538e-02
1.500000000000000000e+01,2.633792431410708623e+00,6.951960408594212715e-02
1.500000000000000000e+01,2.636172436860944934e+00,6.996980354335220753e-02
1.500000000000000000e+01,2.638545517161249965e+00,6.953874940249782366e-02
1.500000000000000000e+01,2.640928499105384297e+00,6.613168821404646902e-02
1.500000000000000000e+01,2.643304518349861354e+00,6.155575006717928926e-02
1.500000000000000000e+01,2.645684816809926954e+00,5.556176506688413619e-02
1.500000000000000000e+01,2.648058094547728558e+00,5.070070090131278961e-02
1.500000000000000000e+01,2.650435633945297020e+00,4.603828787361969460e-02
1.500000000000000000e+01,2.652817446491849473e+00,4.236446456391398940e-02
1.500000000000000000e+01,2.655192171178932803e+00,3.816670700434347807e-02
1.500000000000000000e+01,2.657571151243650398e+00,3.435819818690431099e-02
1.500000000000000000e+01,2.659948691486012429e+00,3.030619399033902470e-02
1.500000000000000000e+01,2.662330489570499559e+00,2.760623290329360449e-02
1.500000000000000000e+01,2.664705102769717726e+00,2.545376022006725150e-02
1.500000000000000000e+01,2.667083955729373734e+00,2.449248009784955882e-02
1.500000000000000000e+01,2.669461312276356413e+00,2.335777843377552163e-02
1.500000000000000000e+01,2.671837153036051848e+00,2.226756496667275584e-02
1.500000000000000000e+01,2.674217226595466013e+00,2.187175173692913754e-02
1.500000000000000000e+01,2.676595765975274599e+00,2.062227181636375542e-02
1.500000000000000000e+01,2.678972751659991935e+00,2.070135241849240665e-02
1.500000000000000000e+01,2.681353962923400225e+00,2.228277269575125452e-02
1.500000000000000000e+01,2.683727792746523733e+00,4.291811393533678277e-03
1.500000000000000000e+01,2.686105829445210702e+00,5.099802834760996245e-02
1.500000000000000000e+01,2.688488084212449003e+00,4.947355682765450235e-02
1.500000000000000000e+01,2.690862888123974894e+00,5.383774477801026026e-02
1.500000000000000000e+01,2.693241891183510539e+00,5.525219333550161760e-02
1.500000000000000000e+01,2.695619243808531795e+00,5.582552573360291537e-02
1.500000000000000000e+01,2.697994926104692492e+00,5.605743353249683508e-02
1.500000000000000000e+01,2.700374799530429026e+00,5.490370042911102422e-02
1.500000000000000000e+01,2.702752983395575903e+00,5.370079879484530860e-02
1.500000000000000000e+01,2.705129457665879755e+00,5.210961443782330393e-02
1.500000000000000000e+01,2.707510114782492927e+00,5.032964321822436943e-02
1.500000000000000000e+01,2.709889042854494612e+00,4.840342656320344161e-02
1.500000000000000000e+01,2.712266221707900993e+00,4.708437730404000515e-02
1.500000000000000000e+01,2.714641631120770615e+00,4.552199426885624595e-02
1.500000000000000000e+01,2.717021204959639391e+00,4.399663255135407430e-02
1.500000000000000000e+01,2.719398989596979010e+00,4.252198907692276292e-02
1.500000000000000000e+01,2.721774964671693997e+00,4.102708263803103023e-02
1.500000000000000000e+01,2.724155095219163325e+00,3.902928835938496155e-02
1.500000000000000000e+01,2.726533396224594785e+00,3.728205867209113261e-02
1.500000000000000000e+01,2.728909847187990234e+00,3.545042573304428568e-02
1.500000000000000000e+01,2.731290444402350470e+00,3.349852493520883573e-02
1.500000000000000000e+01,2.733669171376605700e+00,3.230349349539380494e-02
1.500000000000000000e+01,2.736046007472129116e+00,3.039837346948725053e-02
1.500000000000000000e+01,2.738420932003415853e+00,2.608386801364147214e-03
1.500000000000000000e+01,2.740799983049091892e+00,2.314510010310574101e-03
1.500000000000000000e+01,2.743177102021586489e+00,3.927333186284184992e-04
1.500000000000000000e+01,2.745558347964158319e+00,1.925798145594365173e-04
1.500000000000000000e+01,2.747937641197727654e+00,2.752490296126034190e-04
1.500000000000000000e+01,2.750314960807459741e+00,2.296790822894265150e-04
1.500000000000000000e+01,2.752690285832279038e+00,2.149807940858094286e-04
1.500000000000000000e+01,2.755069717329380996e+00,2.098352464288792414e-04
1.500000000000000000e+01,2.757447133295085617e+00,2.382768013043836254e-04
1.500000000000000000e+01,2.759822512631141755e+00,2.147913995895375219e-04
1.500000000000000000e+01,2.762201987996263153e+00,1.934531955751495600e-04
1.500000000000000000e+01,2.764579405566437664e+00,2.170233360482440267e-04
1.500000000000000000e+01,2.766960919131962182e+00,1.925201752441429613e-04
1.500000000000000000e+01,2.769334167959193405e+00,1.723642543666063559e-04
1.500000000000000000e+01,2.771717687672561325e+00,1.600701560080956061e-04
1.500000000000000000e+01,2.774092899949887059e+00,1.676341821806580660e-04
1.500000000000000000e+01,2.776472186575843271e+00,1.524750795183379385e-04
1.500000000000000000e+01,2.778849329813015245e+00,1.328695608224623407e-04
1.500000000000000000e+01,2.781224308154069291e+00,1.162664964747552428e-04
1.500000000000000000e+01,2.783603349577585373e+00,1.204250225488702957e-04
1.500000000000000000e+01,2.785980204283322159e+00,1.107066866686275103e-04
1.500000000000000000e+01,2.788361121540816612e+00,9.594315071454730061e-05
1.500000000000000000e+01,2.790739830130332333e+00,8.644391441943804978e-05
1.500000000000000000e+01,2.793116308318245977e+00,8.889247792060776744e-05
1.500000000000000000e+01,2.795496837376052479e+00,7.733131784507749637e-05
1.500000000000000000e+01,2.797875113863212526e+00,7.281525548276912270e-05
1.500000000000000000e+01,2.800251115911298605e+00,7.539803496475451982e-05
1.500000000000000000e+01,2.802631156870153184e+00,6.636812144194521683e-05
1.500000000000000000e+01,2.805008901002245647e+00,6.357330818082349434e-05
1.500000000000000000e+01,2.807384326304926958e+00,6.084173629198297940e-05
1.500000000000000000e+01,2.809763778281390234e+00,5.869509874308224609e-05
1.500000000000000000e+01,2.812140888822362683e+00,5.701945860560960096e-05
1.500000000000000000e+01,2.814515635791587478e+00,5.567356919619906514e-05
1.500000000000000000e+01,2.816894396919202848e+00,5.309017792761613728e-05
1.500000000000000000e+01,2.819277182391831005e+00,5.763610892719493636e-05
1.500000000000000000e+01,2.821651159259273456e+00,6.603178571519636108e-05
1.500000000000000000e+01,2.824029137518142551e+00,6.699088481170093856e-05
1.500000000000000000e+01,2.826411127293623426e+00,8.510026936291005084e-05
1.500000000000000000e+01,2.828784230557050972e+00,1.070112441950879609e-04
1.500000000000000000e+01,2.831161322165572702e+00,1.087695118680440055e-04
1.500000000000000000e+01,2.833542412182134651e+00,1.621069261604479988e-04
1.500000000000000000e+01,2.835921024016914149e+00,3.425544174138799502e-04
1.500000000000000000e+01,2.838297135088118761e+00,3.604021629709534737e-04
1.500000000000000000e+01,2.840677231205615438e+00,3.409644395164454847e-03
1.500000000000000000e+01,2.843054803040627743e+00,5.351386789993544182e-03
1.500000000000000000e+01,2.845429827880051832e+00,5.221440097001079847e-03
1.500000000000000000e+01,2.847808824123101878e+00,5.130297439720862829e-03
1.500000000000000000e+01,2.850185249634491935e+00,4.968964603507452539e-03
1.500000000000000000e+01,2.852565644594050376e+00,4.765152722083857047e-03
1.500000000000000000e+01,2.854943444955898801e+00,4.583940067621632142e-03
1.500000000000000000e+01,2.857318627786822773e+00,4.402195178807417029e-03
1.500000000000000000e+01,2.859697765996172869e+00,4.236006315201998676e-03
1.500000000000000000e+01,2.862080869472485301e+00,4.098038733216145812e-03
1.500000000000000000e+01,2.864454712355927857e+00,3.997049192476870294e-03
1.500000000000000000e+01,2.866832496293459265e+00,3.942827103952965470e-03
1.500000000000000000e+01,2.869214231107640511e+00,3.866604333317796155e-03
1.500000000000000000e+01,2.871586624881306449e+00,3.796697417729141127e-03
1.500000000000000000e+01,2.873969606985570024e+00,3.789411865218790185e-03
1.500000000000000000e+01,2.876343201527446158e+00,3.090329322057428635e-03
1.500000000000000000e+01,2.878720719985517373e+00,1.978005346650308196e-04
1.500000000000000000e+01,2.881102172098087610e+00,4.284552619644326258e-04
1.500000000000000000e+01,2.883480861554354568e+00,2.650006632916673496e-04
1.500000000000000000e+01,2.885856764896066906e+00,2.912426112523014855e-03
1.500000000000000000e+01,2.888236586815389195e+00,2.882366223548901100e-03
1.500000000000000000e+01,2.890613597715197436e+00,2.801914047695577489e-03
1.500000000000000000e+01,2.892994524384758570e+00,2.757230412796582777e-03
1.500000000000000000e+01,2.895365853522527733e+00,2.750545555539809974e-03
1.500000000000000000e+01,2.897747845885614293e+00,2.751699173335412241e-03
1.500000000000000000e+01,2.900126977032283726e+00,2.781318725675179741e-03
1.500000000000000000e+01,2.902503223200517901e+00,2.804267642257354549e-03
1.500000000000000000e+01,2.904883366561006319e+00,2.822084401061907954e-03
1.500000000000000000e+01,2.907260599562923709e+00,2.803725456179764937e-03
1.500000000000000000e+01,2.909634898318774088e+00,2.775345561977561517e-03
1.500000000000000000e+01,2.912013078324352744e+00,2.840647525719088018e-03
1.500000000000000000e+01,2.914395149104420657e+00,7.144866239120991388e-05
1.500000000000000000e+01,2.916774258379155604e+00,3.727118631275601096e-04
1.500000000000000000e+01,2.919150382085439865e+00,4.097684301532643781e-04
1.500000000000000000e+01,2.921523496123781261e+00,3.113961715167797538e-03
1.500000000000000000e+01,2.923907367138645963e+00,4.140274385757196363e-03
1.500000000000000000e+01,2.926281318344463589e+00,4.090579189658369308e-03
1.500000000000000000e+01,2.928659127554641639e+00,4.096526159686568296e-03
1.500000000000000000e+01,2.931040804181527015e+00,4.119126510479650602e-03
1.500000000000000000e+01,2.933419417291878162e+00,4.246192908469572334e-03
1.500000000000000000e+01,2.935794942524495799e+00,4.267311657148866767e-03
1.500000000000000000e+01,2.938174318344370928e+00,4.193145014379898866e-03
1.500000000000000000e+01,2.940550579959972044e+00,4.179853919598618475e-03
1.500000000000000000e+01,2.942930688311046872e+00,4.126880095469583933e-03
1.500000000000000000e+01,2.945307656001242336e+00,4.051602570514861550e-03
1.500000000000000000e+01,2.947681458460930770e+00,1.140469773797939210e-03
1.500000000000000000e+01,2.950059090390392047e+00,4.409838777389925887e-04
1.500000000000000000e+01,2.952440561063782720e+00,8.034936785948133299e-05
1.500000000000000000e+01,2.954818837778843132e+00,1.348897267999939024e-04
1.500000000000000000e+01,2.957193895793339244e+00,4.020522235242104719e-05
1.500000000000000000e+01,2.959572774981745535e+00,3.040168218532879774e-05
1.500000000000000000e+01,2.961955484573179920e+00,5.902647517476998143e-05
1.500000000000000000e+01,2.964327858985216224e+00,1.517889531887716510e-05
1.500000000000000000e+01,2.966711135514628506e+00,2.752707684295311525e-05
1.500000000000000000e+01,2.969084027002956372e+00,4.591149691238647718e-05
1.500000000000000000e+01,2.971467838945096585e+00,9.050208678217143364e-06
1.500000000000000000e+01,2.973841215813263883e+00,2.872743463900372736e-05
1.500000000000000000e+01,2.976218387048926051e+00,3.062433845238505880e-05
1.500000000000000000e+01,2.978599361758565323e+00,4.785623976142616755e-06
1.500000000000000000e+01,2.980976981837772488e+00,2.980164948742335796e-05
1.500000000000000000e+01,2.983351222083469256e+00,2.328415797557069724e-05
1.500000000000000000e+01,2.985729247336589065e+00,7.258161770804245336e-06
1.500000000000000000e+01,2.988111066655426029e+00,3.151987369016898014e-05
1.500000000000000000e+01,2.990489476071835462e+00,1.902714328793977407e-05
1.500000000000000000e+01,2.992864450213154281e+00,1.178279577515056148e-05
1.500000000000000000e+01,2.995243199646329124e+00,3.357723040459344220e-05
1.500000000000000000e+01,2.997618485893688511e+00,1.695375707757113763e-05
1.500000000000000000e+01,2.999997542427555786e+00,1.441695040570665987e-05
1.600000000000000000e+01,2.417397309585231913e+00,4.976546851900886300e-04
1.600000000000000000e+01,2.419775174884221780e+00,6.200474196335130318e-04
1.600000000000000000e+01,2.422152990825908514e+00,3.293785838930230869e-04
1.600000000000000000e+01,2.424530743315073789e+00,9.391230634997466261e-04
1.600000000000000000e+01,2.426908418201789264e+00,7.804341975516537354e-04
1.600000000000000000e+01,2.429286001281421470e+00,4.134040953467705464e-04
1.600000000000000000e+01,2.431663478294642911e+00,1.150353948079908860e-03
1.600000000000000000e+01,2.434040834927446273e+00,9.843335865446758894e-04
1.600000000000000000e+01,2.436422844634672291e+00,5.229195545827028391e-04
1.600000000000000000e+01,2.438799926692925002e+00,1.994767064499702175e-03
1.600000000000000000e+01,2.441176845109251925e+00,1.551452795589805880e-03
1.600000000000000000e+01,2.443553585351005086e+00,6.430079437704291218e-04
1.600000000000000000e+01,2.445930132830938852e+00,3.955589410043714935e-03
1.600000000000000000e+01,2.448311307568818762e+00,1.034685447192774943e-02
1.600000000000000000e+01,2.450687434933867870e+00,1.711105484807955157e-01
1.600000000000000000e+01,2.453068178922694020e+00,6.940865181340406809e-02
1.600000000000000000e+01,2.455443827201868601e+00,1.588523589122463053e-01
1.600000000000000000e+01,2.457824081285056472e+00,1.519940954167862124e-01
1.600000000000000000e+01,2.460199191070725266e+00,1.356985791146544940e-01
1.600000000000000000e+01,2.462578895654787381e+00,1.227204695337938828e-01
1.600000000000000000e+01,2.464958307733604137e+00,1.112652877562662346e-01
1.600000000000000000e+01,2.467332502158201546e+00,1.001477771027622365e-01
1.600000000000000000e+01,2.469711274537423229e+00,9.607890967035459528e-02
1.600000000000000000e+01,2.472089709077717856e+00,9.800480142913570170e-02
1.600000000000000000e+01,2.474467790561501790e+00,1.014818560518415680e-01
1.600000000000000000e+01,2.476845503716746499e+00,1.117496320848454794e-01
1.600000000000000000e+01,2.479222833217026967e+00,1.286222169225552381e-01
1.600000000000000000e+01,2.481599763681567428e+00,1.450410125532714256e-01
1.600000000000000000e+01,2.483981256237295376e+00,1.693198907120295194e-01
1.600000000000000000e+01,2.486357351796226300e+00,2.028290226717349432e-01
1.600000000000000000e+01,2.488737997498906118e+00,2.371379536349655925e-01
1.600000000000000000e+01,2.491113196007286756e+00,2.707957259489388591e-01
1.600000000000000000e+01,2.493492932524325134e+00,3.156306973397109972e-01
1.600000000000000000e+01,2.495872195725481024e+00,3.459983008663857218e-01
1.600000000000000000e+01,2.498245935968249398e+00,3.651580951592383606e-01
1.600000000000000000e+01,2.500624195678618378e+00,7.864845470348595657e-03
1.600000000000000000e+01,2.503001934687554719e+00,5.531137734450141535e-03
1.600000000000000000e+01,2.505384199785404054e+00,1.038196480944478250e-02
1.600000000000000000e+01,2.507760859244102747e+00,4.702664298782012649e-03
1.600000000000000000e+01,2.510136950143142087e+00,1.986991107526386250e-03
1.600000000000000000e+01,2.512517547981021337e+00,5.841166548410905296e-03
1.600000000000000000e+01,2.514892463148078239e+00,3.456159440102862454e-03
1.600000000000000000e+01,2.517271872260600674e+00,8.940053026330110073e-04
1.600000000000000000e+01,2.519650667552726819e+00,4.218974949706887252e-03
1.600000000000000000e+01,2.522028832766149087e+00,3.028986155532907738e-03
1.600000000000000000e+01,2.524406351588751818e+00,5.985480888433625333e-04
1.600000000000000000e+01,2.526783207654688557e+00,3.005372561049484293e-03
1.600000000000000000e+01,2.529159384544463762e+00,2.775931798651898666e-03
1.600000000000000000e+01,2.531540034735527911e+00,4.651794754962594721e-04
1.600000000000000000e+01,2.533914813502587737e+00,8.136264854805503113e-04
1.600000000000000000e+01,2.536294051902468372e+00,2.927926513063466244e-03
1.600000000000000000e+01,2.538672564369699458e+00,2.906877440059948102e-03
1.600000000000000000e+01,2.541050334235800179e+00,8.259042043371122525e-04
1.600000000000000000e+01,2.543427344778853350e+00,2.011139628928319042e-03
1.600000000000000000e+01,2.545808806606810748e+00,4.513868533900508573e-02
1.600000000000000000e+01,2.548184257884455128e+00,5.012979523876136267e-02
1.600000000000000000e+01,2.550564146289386880e+00,5.371545427463668421e-02
1.600000000000000000e+01,2.552943227520946490e+00,5.644348109000380670e-02
1.600000000000000000e+01,2.555321484608414462e+00,5.996618669985288169e-02
1.600000000000000000e+01,2.557698900527907160e+00,6.824587466252735046e-02
1.600000000000000000e+01,2.560075458202479837e+00,8.168279110359892570e-02
1.600000000000000000e+01,2.562451140502226998e+00,9.663744260448690893e-02
1.600000000000000000e+01,2.564831236037994344e+00,1.131105219661878020e-01
1.600000000000000000e+01,2.567210441454971015e+00,1.367666996481824437e-01
1.600000000000000000e+01,2.569588739480965334e+00,1.672252856142318334e-01
1.600000000000000000e+01,2.571966112790943892e+00,1.952272451189131230e-01
1.600000000000000000e+01,2.574342544007147904e+00,2.186109861983256686e-01
1.600000000000000000e+01,2.576723370808659652e+00,2.450221754020684983e-01
1.600000000000000000e+01,2.579097875367938553e+00,2.721489518853338896e-01
1.600000000000000000e+01,2.581476760275176030e+00,2.861201820022288844e-01
1.600000000000000000e+01,2.583854652848235123e+00,2.882160791351245921e-01
1.600000000000000000e+01,2.586231535461967379e+00,2.931878653644450217e-01
1.600000000000000000e+01,2.588612795081014717e+00,3.066235600489277124e-01
1.600000000000000000e+01,2.590987614612529910e+00,3.027239791726806795e-01
1.600000000000000000e+01,2.593366795512073164e+00,4.208221564695224792e-02
1.600000000000000000e+01,2.595744915317689472e+00,1.222439830125495244e-02
1.600000000000000000e+01,2.598121956157397161e+00,5.951123402437794030e-03
1.600000000000000000e+01,2.600497900107185067e+00,2.175638382628618652e-04
1.600000000000000000e+01,2.602878193565458798e+00,7.468624178736227954e-04
1.600000000000000000e+01,2.605257374095403922e+00,3.956317240464148587e-03
1.600000000000000000e+01,2.607635423630717320e+00,2.962021292146998445e-03
1.600000000000000000e+01,2.610012324053281763e+00,2.162341623447839819e-04
1.600000000000000000e+01,2.612388057193310686e+00,1.131127277017440210e-04
1.600000000000000000e+01,2.614768119240192146e+00,2.267053556626438999e-04
1.600000000000000000e+01,2.617146997564059774e+00,1.703049622398007147e-03
1.600000000000000000e+01,2.619524673852972718e+00,1.742038797321764391e-03
1.600000000000000000e+01,2.621901129743555270e+00,1.716470848336143409e-04
1.600000000000000000e+01,2.624281901432961472e+00,5.423593596578079598e-05
1.600000000000000000e+01,2.626655871285938915e+00,1.005372206483545793e-03
1.600000000000000000e+01,2.629034140094493655e+00,1.216304342379448010e-03
1.600000000000000000e+01,2.631416719546495031e+00,1.120799021094728192e-03
1.600000000000000000e+01,2.633792431410708623e+00,1.581836480563784985e-04
1.600000000000000000e+01,2.636172436860944934e+00,4.486419321411415123e-05
1.600000000000000000e+01,2.638545517161249965e+00,7.744317785167909767e-04
1.600000000000000000e+01,2.640928499105384297e+00,8.178412791134796484e-04
1.600000000000000000e+01,2.643304518349861354e+00,8.605223601654441931e-04
1.600000000000000000e+01,2.645684816809926954e+00,3.587654399237948056e-04
1.600000000000000000e+01,2.648058094547728558e+00,1.770267852904612886e-04
1.600000000000000000e+01,2.650435633945297020e+00,6.528554481086084975e-05
1.600000000000000000e+01,2.652817446491849473e+00,3.667408176145128796e-04
1.600000000000000000e+01,2.655192171178932803e+00,5.153118433257920794e-04
1.600000000000000000e+01,2.657571151243650398e+00,6.376500871290332858e-04
1.600000000000000000e+01,2.659948691486012429e+00,4.677433043509418662e-04
1.600000000000000000e+01,2.662330489570499559e+00,3.202463048842369938e-04
1.600000000000000000e+01,2.664705102769717726e+00,1.736503400626607219e-04
1.600000000000000000e+01,2.667083955729373734e+00,2.237361653832757461e-04
1.600000000000000000e+01,2.669461312276356413e+00,4.260938530717183013e-04
1.600000000000000000e+01,2.671837153036051848e+00,7.569424556408046317e-04
1.600000000000000000e+01,2.674217226595466013e+00,9.416202897058704047e-04
1.600000000000000000e+01,2.676595765975274599e+00,8.057847762132726212e-04
1.600000000000000000e+01,2.678972751659991935e+00,9.573252587385717733e-04
1.600000000000000000e+01,2.681353962923400225e+00,3.636387900118027245e-04
1.600000000000000000e+01,2.683727792746523733e+00,2.167772172886315088e-02
1.600000000000000000e+01,2.686105829445210702e+00,2.358209091863804410e-02
1.600000000000000000e+01,2.688488084212449003e+00,2.526685596599896264e-02
1.600000000000000000e+01,2.690862888123974894e+00,2.683632007436402220e-02
1.600000000000000000e+01,2.693241891183510539e+00,2.976193746485802233e-02
1.600000000000000000e+01,2.695619243808531795e+00,3.320436019869026784e-02
1.600000000000000000e+01,2.697994926104692492e+00,3.690780684397448885e-02
1.600000000000000000e+01,2.700374799530429026e+00,4.133706432297628436e-02
1.600000000000000000e+01,2.702752983395575903e+00,4.493040828441287327e-02
1.600000000000000000e+01,2.705129457665879755e+00,4.815297818102527022e-02
1.600000000000000000e+01,2.707510114782492927e+00,5.089905989954388726e-02
1.600000000000000000e+01,2.709889042854494612e+00,5.339063300358094788e-02
1.600000000000000000e+01,2.712266221707900993e+00,5.468112154600799496e-02
1.600000000000000000e+01,2.714641631120770615e+00,5.648822725984856824e-02
1.600000000000000000e+01,2.717021204959639391e+00,5.804817660531712276e-02
1.600000000000000000e+01,2.719398989596979010e+00,5.953424609886152213e-02
1.600000000000000000e+01,2.721774964671693997e+00,6.054572375686460839e-02
1.600000000000000000e+01,2.724155095219163325e+00,6.169195120619871964e-02
1.600000000000000000e+01,2.726533396224594785e+00,6.129288668886970909e-02
1.600000000000000000e+01,2.728909847187990234e+00,6.766449408262668365e-03
1.600000000000000000e+01,2.731290444402350470e+00,2.003230176837266559e-03
1.600000000000000000e+01,2.733669171376605700e+00,1.776970449850789977e-03
1.600000000000000000e+01,2.736046007472129116e+00,3.478014615446238869e-03
1.600000000000000000e+01,2.738420932003415853e+00,3.067136831874488212e-02
1.600000000000000000e+01,2.740799983049091892e+00,3.107229899969384326e-02
1.600000000000000000e+01,2.743177102021586489e+00,3.379469094961428527e-02
1.600000000000000000e+01,2.745558347964158319e+00,3.549392056322360489e-02
1.600000000000000000e+01,2.747937641197727654e+00,3.692636555438400664e-02
1.600000000000000000e+01,2.750314960807459741e+00,3.935932934085694529e-02
1.600000000000000000e+01,2.752690285832279038e+00,4.208861618955331979e-02
1.600000000000000000e+01,2.755069717329380996e+00,4.492416516025049544e-02
1.600000000000000000e+01,2.757447133295085617e+00,4.773185262496614650e-02
1.600000000000000000e+01,2.759822512631141755e+00,5.036791011858145900e-02
1.600000000000000000e+01,2.762201987996263153e+00,5.268879801390078527e-02
1.600000000000000000e+01,2.764579405566437664e+00,5.443198262156974387e-02
1.600000000000000000e+01,2.766960919131962182e+00,5.577854421092481169e-02
1.600000000000000000e+01,2.769334167959193405e+00,5.666968249847664091e-02
1.600000000000000000e+01,2.771717687672561325e+00,5.750229970840286392e-02
1.600000000000000000e+01,2.774092899949887059e+00,5.774053987707599561e-02
1.600000000000000000e+01,2.776472186575843271e+00,5.855937618201134676e-02
1.600000000000000000e+01,2.778849329813015245e+00,5.603566913900521335e-02
1.600000000000000000e+01,2.781224308154069291e+00,5.626897822833389767e-02
1.600000000000000000e+01,2.783603349577585373e+00,5.240714723832211666e-03
1.600000000000000000e+01,2.785980204283322159e+00,1.544014118082785323e-03
1.600000000000000000e+01,2.788361121540816612e+00,6.718461595838063792e-04
1.600000000000000000e+01,2.790739830130332333e+00,6.478257337881117468e-04
1.600000000000000000e+01,2.793116308318245977e+00,4.300776917465862909e-04
1.600000000000000000e+01,2.795496837376052479e+00,3.100539574644006454e-04
1.600000000000000000e+01,2.797875113863212526e+00,2.353964331284916711e-04
1.600000000000000000e+01,2.800251115911298605e+00,2.185980402189374977e-04
1.600000000000000000e+01,2.802631156870153184e+00,1.594499426700467964e-04
1.600000000000000000e+01,2.805008901002245647e+00,1.314347738020526146e-04
1.600000000000000000e+01,2.807384326304926958e+00,1.119669226951997237e-04
1.600000000000000000e+01,2.809763778281390234e+00,1.048778103880456828e-04
1.600000000000000000e+01,2.812140888822362683e+00,9.059866433342334425e-05
1.600000000000000000e+01,2.814515635791587478e+00,7.645360483196830391e-05
1.600000000000000000e+01,2.816894396919202848e+00,6.413006582654131823e-05
1.600000000000000000e+01,2.819277182391831005e+00,7.140283208925848988e-05
1.600000000000000000e+01,2.821651159259273456e+00,7.541971427258308718e-05
1.600000000000000000e+01,2.824029137518142551e+00,7.830938090014730494e-05
1.600000000000000000e+01,2.826411127293623426e+00,7.475866208292299652e-05
1.600000000000000000e+01,2.828784230557050972e+00,8.374158206102650336e-05
1.600000000000000000e+01,2.831161322165572702e+00,8.273551902856249264e-05
1.600000000000000000e+01,2.833542412182134651e+00,7.889434406682958650e-05
1.600000000000000000e+01,2.835921024016914149e+00,7.101010075563605225e-05
1.600000000000000000e+01,2.838297135088118761e+00,7.525934642210160884e-05
1.600000000000000000e+01,2.840677231205615438e+00,6.491893001724060501e-05
1.600000000000000000e+01,2.843054803040627743e+00,5.860205151049016072e-05
1.600000000000000000e+01,2.845429827880051832e+00,4.869641262005221683e-05
1.600000000000000000e+01,2.847808824123101878e+00,4.875151209154595402e-05
1.600000000000000000e+01,2.850185249634491935e+00,4.585451710951576898e-05
1.600000000000000000e+01,2.852565644594050376e+00,4.335634563689988886e-05
1.600000000000000000e+01,2.854943444955898801e+00,3.536293996515900320e-05
1.600000000000000000e+01,2.857318627786822773e+00,3.738379239781757960e-05
1.600000000000000000e+01,2.859697765996172869e+00,3.801624356587357545e-05
1.600000000000000000e+01,2.862080869472485301e+00,3.963350108717109675e-05
1.600000000000000000e+01,2.864454712355927857e+00,3.528808155888814746e-05
1.600000000000000000e+01,2.866832496293459265e+00,4.908369785211879477e-05
1.600000000000000000e+01,2.869214231107640511e+00,6.623742049729535928e-05
1.600000000000000000e+01,2.871586624881306449e+00,1.118307061836603137e-04
1.600000000000000000e+01,2.873969606985570024e+00,1.271006348495729759e-04
1.600000000000000000e+01,2.876343201527446158e+00,8.530038579216229220e-04
1.600000000000000000e+01,2.878720719985517373e+00,3.816725264119530045e-03
1.600000000000000000e+01,2.881102172098087610e+00,3.785276717349136434e-03
1.600000000000000000e+01,2.883480861554354568e+00,4.001057507663782244e-03
1.600000000000000000e+01,2.885856764896066906e+00,4.095497440077043409e-03
1.600000000000000000e+01,2.888236586815389195e+00,4.250738502699333982e-03
1.600000000000000000e+01,2.890613597715197436e+00,4.395711154424266839e-03
1.600000000000000000e+01,2.892994524384758570e+00,4.519591330087680166e-03
1.600000000000000000e+01,2.895365853522527733e+00,4.569219624084927198e-03
1.600000000000000000e+01,2.897747845885614293e+00,4.599193649457753753e-03
1.600000000000000000e+01,2.900126977032283726e+00,4.647094865028403993e-03
1.600000000000000000e+01,2.902503223200517901e+00,4.741756995549159352e-03
1.600000000000000000e+01,2.904883366561006319e+00,4.834745662188165080e-03
1.600000000000000000e+01,2.907260599562923709e+00,4.868307364178374626e-03
1.600000000000000000e+01,2.909634898318774088e+00,4.724559471342993852e-03
1.600000000000000000e+01,2.912013078324352744e+00,1.885884172712221909e-03
1.600000000000000000e+01,2.914395149104420657e+00,3.982053530560807249e-03
1.600000000000000000e+01,2.916774258379155604e+00,2.826494775885650575e-03
1.600000000000000000e+01,2.919150382085439865e+00,2.916635649228358027e-03
1.600000000000000000e+01,2.921523496123781261e+00,3.020107958855404104e-03
1.600000000000000000e+01,2.923907367138645963e+00,3.105459920109748459e-03
1.600000000000000000e+01,2.926281318344463589e+00,3.203608093710282306e-03
1.600000000000000000e+01,2.928659127554641639e+00,3.266081663667666501e-03
1.600000000000000000e+01,2.931040804181527015e+00,3.322900530744944680e-03
1.600000000000000000e+01,2.933419417291878162e+00,3.349657527706947826e-03
1.600000000000000000e+01,2.935794942524495799e+00,3.374819402863313712e-03
1.600000000000000000e+01,2.938174318344370928e+00,3.419689637128932574e-03
1.600000000000000000e+01,2.940550579959972044e+00,3.492955220110797922e-03
1.600000000000000000e+01,2.942930688311046872e+00,3.574713396096196837e-03
1.600000000000000000e+01,2.945307656001242336e+00,3.681692487954374687e-03
1.600000000000000000e+01,2.947681458460930770e+00,6.387033970199251093e-03
1.600000000000000000e+01,2.950059090390392047e+00,7.160026268575311187e-03
1.600000000000000000e+01,2.952440561063782720e+00,4.161631219362188841e-03
1.600000000000000000e+01,2.954818837778843132e+00,4.243660728590135933e-03
1.600000000000000000e+01,2.957193895793339244e+00,4.362850477332735552e-03
1.600000000000000000e+01,2.959572774981745535e+00,4.225573693840423313e-03
1.600000000000000000e+01,2.961955484573179920e+00,4.356554904488304028e-03
1.600000000000000000e+01,2.964327858985216224e+00,4.359653349025454164e-03
1.600000000000000000e+01,2.966711135514628506e+00,4.251174344018979895e-03
1.600000000000000000e+01,2.969084027002956372e+00,4.327475312309948634e-03
1.600000000000000000e+01,2.971467838945096585e+00,4.365447612361184927e-03
1.600000000000000000e+01,2.973841215813263883e+00,4.256428327357127117e-03
1.600000000000000000e+01,2.976218387048926051e+00,4.268983563498790663e-03
1.600000000000000000e+01,2.978599361758565323e+00,4.320966135330945972e-03
1.600000000000000000e+01,2.980976981837772488e+00,3.684125773078101001e-03
1.600000000000000000e+01,2.983351222083469256e+00,2.006264966803533668e-04
1.600000000000000000e+01,2.985729247336589065e+00,3.012776116786593453e-05
1.600000000000000000e+01,2.988111066655426029e+00,7.867272660451709513e-05
1.600000000000000000e+01,2.990489476071835462e+00,5.475500679838689962e-05
1.600000000000000000e+01,2.992864450213154281e+00,2.165422455495370578e-05
1.600000000000000000e+01,2.995243199646329124e+00,6.927190268760076918e-05
1.600000000000000000e+01,2.997618485893688511e+00,3.783213282944778507e-05
1.600000000000000000e+01,2.999997542427555786e+00,2.188843839807728169e-05
1.700000000000000000e+01,2.424530743315073789e+00,3.614787099021184375e-05
1.700000000000000000e+01,2.426908418201789264e+00,2.284814957855507667e-05
1.700000000000000000e+01,2.429286001281421470e+00,5.484109828487062461e-05
1.700000000000000000e+01,2.431663478294642911e+00,1.037585084366124242e-04
1.700000000000000000e+01,2.434040834927446273e+00,8.777581906136653353e-05
1.700000000000000000e+01,2.436422844634672291e+00,1.011274242817541486e-04
1.700000000000000000e+01,2.438799926692925002e+00,1.678394698349995498e-04
1.700000000000000000e+01,2.441176845109251925e+00,1.302699533604690968e-04
1.700000000000000000e+01,2.443553585351005086e+00,1.570865698203587242e-04
1.700000000000000000e+01,2.445930132830938852e+00,2.319070464215430968e-04
1.700000000000000000e+01,2.448311307568818762e+00,1.746567670912751329e-04
1.700000000000000000e+01,2.450687434933867870e+00,1.828247588724782812e-04
1.700000000000000000e+01,2.453068178922694020e+00,3.316669545604470628e-04
1.700000000000000000e+01,2.455443827201868601e+00,2.436709990006793840e-04
1.700000000000000000e+01,2.457824081285056472e+00,1.928358811830208444e-04
1.700000000000000000e+01,2.460199191070725266e+00,3.647501648781071009e-04
1.700000000000000000e+01,2.462578895654787381e+00,2.827173564230272521e-04
1.700000000000000000e+01,2.464958307733604137e+00,2.335583630420470834e-04
1.700000000000000000e+01,2.467332502158201546e+00,5.774055973957758787e-04
1.700000000000000000e+01,2.469711274537423229e+00,4.867203841368877197e-04
1.700000000000000000e+01,2.472089709077717856e+00,3.529380431963038077e-04
1.700000000000000000e+01,2.474467790561501790e+00,9.235081161763340372e-04
1.700000000000000000e+01,2.476845503716746499e+00,8.128253919636000161e-04
1.700000000000000000e+01,2.479222833217026967e+00,4.954007032193606793e-04
1.700000000000000000e+01,2.481599763681567428e+00,1.736362436378465889e-03
1.700000000000000000e+01,2.483981256237295376e+00,1.801406711387074436e-03
1.700000000000000000e+01,2.486357351796226300e+00,5.911885079480370172e-04
1.700000000000000000e+01,2.488737997498906118e+00,1.669034632723882198e-03
1.700000000000000000e+01,2.491113196007286756e+00,4.579274566985890027e-03
1.700000000000000000e+01,2.493492932524325134e+00,9.754239146853944855e-04
1.700000000000000000e+01,2.495872195725481024e+00,6.385711896712862462e-03
1.700000000000000000e+01,2.498245935968249398e+00,1.519092556040205905e-02
1.700000000000000000e+01,2.500624195678618378e+00,3.966832351251003974e-01
1.700000000000000000e+01,2.503001934687554719e+00,4.142670394642333775e-01
1.700000000000000000e+01,2.505384199785404054e+00,4.172314753397454723e-01
1.700000000000000000e+01,2.507760859244102747e+00,4.296583871327254167e-01
1.700000000000000000e+01,2.510136950143142087e+00,4.382593718471613498e-01
1.700000000000000000e+01,2.512517547981021337e+00,4.364516165321297714e-01
1.700000000000000000e+01,2.514892463148078239e+00,4.425719445453348833e-01
1.700000000000000000e+01,2.517271872260600674e+00,4.484642998767025546e-01
1.700000000000000000e+01,2.519650667552726819e+00,4.428480051891994784e-01
1.700000000000000000e+01,2.522028832766149087e+00,4.419147784277340230e-01
1.700000000000000000e+01,2.524406351588751818e+00,4.404311978981249598e-01
1.700000000000000000e+01,2.526783207654688557e+00,4.280928858232081469e-01
1.700000000000000000e+01,2.529159384544463762e+00,4.177938249689081007e-01
1.700000000000000000e+01,2.531540034735527911e+00,4.075338022623000711e-01
1.700000000000000000e+01,2.533914813502587737e+00,3.919043675985567909e-01
1.700000000000000000e+01,2.536294051902468372e+00,3.748450583713198170e-01
1.700000000000000000e+01,2.538672564369699458e+00,3.633615313073683128e-01
1.700000000000000000e+01,2.541050334235800179e+00,3.563321505479419837e-01
1.700000000000000000e+01,2.543427344778853350e+00,3.497426973758749336e-01
1.700000000000000000e+01,2.545808806606810748e+00,3.448192194700395730e-01
1.700000000000000000e+01,2.548184257884455128e+00,3.455587958571165186e-01
1.700000000000000000e+01,2.550564146289386880e+00,3.498204595057782806e-01
1.700000000000000000e+01,2.552943227520946490e+00,3.530570779928175473e-01
1.700000000000000000e+01,2.555321484608414462e+00,3.558983757466336884e-01
1.700000000000000000e+01,2.557698900527907160e+00,3.609392859706074819e-01
1.700000000000000000e+01,2.560075458202479837e+00,3.664813912855937605e-01
1.700000000000000000e+01,2.562451140502226998e+00,3.687640589375763001e-01
1.700000000000000000e+01,2.564831236037994344e+00,3.683124788724285725e-01
1.700000000000000000e+01,2.567210441454971015e+00,3.662293854033923379e-01
1.700000000000000000e+01,2.569588739480965334e+00,3.605407838124793374e-01
1.700000000000000000e+01,2.571966112790943892e+00,3.511845794371131202e-01
1.700000000000000000e+01,2.574342544007147904e+00,3.403771461251976493e-01
1.700000000000000000e+01,2.576723370808659652e+00,3.287892907958137045e-01
1.700000000000000000e+01,2.579097875367938553e+00,3.165000584023592856e-01
1.700000000000000000e+01,2.581476760275176030e+00,3.081241665577665323e-01
1.700000000000000000e+01,2.583854652848235123e+00,3.050794796097237027e-01
1.700000000000000000e+01,2.586231535461967379e+00,3.032450380520789746e-01
1.700000000000000000e+01,2.588612795081014717e+00,2.963081614743572345e-01
1.700000000000000000e+01,2.590987614612529910e+00,2.988262757092078892e-01
1.700000000000000000e+01,2.593366795512073164e+00,5.512696579786734441e-01
1.700000000000000000e+01,2.595744915317689472e+00,5.782792473782101261e-01
1.700000000000000000e+01,2.598121956157397161e+00,5.797382673215851767e-01
1.700000000000000000e+01,2.600497900107185067e+00,5.826684972198683532e-01
1.700000000000000000e+01,2.602878193565458798e+00,5.676074085240092604e-01
1.700000000000000000e+01,2.605257374095403922e+00,5.351734939877976771e-01
1.700000000000000000e+01,2.607635423630717320e+00,3.309587567259240082e-01
1.700000000000000000e+01,2.610012324053281763e+00,3.167976489249773597e-01
1.700000000000000000e+01,2.612388057193310686e+00,3.094071809787430904e-01
1.700000000000000000e+01,2.614768119240192146e+00,3.002241269161214920e-01
1.700000000000000000e+01,2.617146997564059774e+00,2.854520404061771655e-01
1.700000000000000000e+01,2.619524673852972718e+00,2.772126437284699874e-01
1.700000000000000000e+01,2.621901129743555270e+00,2.759347698786033809e-01
1.700000000000000000e+01,2.624281901432961472e+00,2.680489913044055705e-01
1.700000000000000000e+01,2.626655871285938915e+00,2.546170469337041276e-01
1.700000000000000000e+01,2.629034140094493655e+00,2.466376268254925896e-01
1.700000000000000000e+01,2.631416719546495031e+00,2.370150265187543348e-01
1.700000000000000000e+01,2.633792431410708623e+00,2.285713631446607275e-01
1.700000000000000000e+01,2.636172436860944934e+00,2.131578889573353397e-01
1.700000000000000000e+01,2.638545517161249965e+00,1.934765378558690463e-01
1.700000000000000000e+01,2.640928499105384297e+00,1.778287063887814823e-01
1.700000000000000000e+01,2.643304518349861354e+00,1.622313939855981046e-01
1.700000000000000000e+01,2.645684816809926954e+00,1.494364981694042138e-01
1.700000000000000000e+01,2.648058094547728558e+00,1.341869338945378964e-01
1.700000000000000000e+01,2.650435633945297020e+00,1.202030130809495362e-01
1.700000000000000000e+01,2.652817446491849473e+00,1.059395756479523526e-01
1.700000000000000000e+01,2.655192171178932803e+00,9.570454756445806455e-02
1.700000000000000000e+01,2.657571151243650398e+00,8.695873500026669867e-02
1.700000000000000000e+01,2.659948691486012429e+00,8.143567163914618157e-02
1.700000000000000000e+01,2.662330489570499559e+00,7.561576681850247506e-02
1.700000000000000000e+01,2.664705102769717726e+00,7.158720646930560871e-02
1.700000000000000000e+01,2.667083955729373734e+00,6.761799321932464302e-02
1.700000000000000000e+01,2.669461312276356413e+00,6.723547084243615413e-02
1.700000000000000000e+01,2.671837153036051848e+00,6.807638464738967332e-02
1.700000000000000000e+01,2.674217226595466013e+00,6.971600957283397015e-02
1.700000000000000000e+01,2.676595765975274599e+00,7.505164725161277139e-02
1.700000000000000000e+01,2.678972751659991935e+00,1.421678031525860269e-03
1.700000000000000000e+01,2.681353962923400225e+00,6.906283698913712101e-04
1.700000000000000000e+01,2.683727792746523733e+00,2.585218441671575419e-03
1.700000000000000000e+01,2.686105829445210702e+00,2.778849568719661545e-03
1.700000000000000000e+01,2.688488084212449003e+00,2.382906228955581664e-03
1.700000000000000000e+01,2.690862888123974894e+00,3.393238146310367711e-04
1.700000000000000000e+01,2.693241891183510539e+00,1.939234773647423868e-04
1.700000000000000000e+01,2.695619243808531795e+00,1.300934499491430106e-04
1.700000000000000000e+01,2.697994926104692492e+00,1.398171655929403539e-04
1.700000000000000000e+01,2.700374799530429026e+00,1.428554813406909601e-03
1.700000000000000000e+01,2.702752983395575903e+00,1.573727123493838444e-03
1.700000000000000000e+01,2.705129457665879755e+00,1.702508591685948864e-03
1.700000000000000000e+01,2.707510114782492927e+00,1.847081526191395994e-03
1.700000000000000000e+01,2.709889042854494612e+00,1.889673063601351099e-03
1.700000000000000000e+01,2.712266221707900993e+00,9.185888154470509426e-04
1.700000000000000000e+01,2.714641631120770615e+00,8.383960554199307302e-04
1.700000000000000000e+01,2.717021204959639391e+00,7.704015954905933444e-04
1.700000000000000000e+01,2.719398989596979010e+00,4.766374929711477597e-04
1.700000000000000000e+01,2.721774964671693997e+00,3.959002513616877855e-04
1.700000000000000000e+01,2.724155095219163325e+00,1.525915639284452282e-03
1.700000000000000000e+01,2.726533396224594785e+00,2.203754611344344114e-03
1.700000000000000000e+01,2.728909847187990234e+00,5.670718819294104374e-02
1.700000000000000000e+01,2.731290444402350470e+00,6.133025171167321571e-02
1.700000000000000000e+01,2.733669171376605700e+00,6.058011581616209312e-02
1.700000000000000000e+01,2.736046007472129116e+00,5.776999521070035754e-02
1.700000000000000000e+01,2.738420932003415853e+00,5.653997527606406670e-02
1.700000000000000000e+01,2.740799983049091892e+00,5.493958666283359910e-02
1.700000000000000000e+01,2.743177102021586489e+00,5.316780750019636792e-02
1.700000000000000000e+01,2.745558347964158319e+00,5.129969710475464073e-02
1.700000000000000000e+01,2.747937641197727654e+00,5.041460584912208637e-02
1.700000000000000000e+01,2.750314960807459741e+00,4.847550154144559392e-02
1.700000000000000000e+01,2.752690285832279038e+00,4.648094053180138602e-02
1.700000000000000000e+01,2.755069717329380996e+00,4.452151153663327227e-02
1.700000000000000000e+01,2.757447133295085617e+00,4.266855833260036618e-02
1.700000000000000000e+01,2.759822512631141755e+00,4.089174127241820139e-02
1.700000000000000000e+01,2.762201987996263153e+00,3.912390567245125489e-02
1.700000000000000000e+01,2.764579405566437664e+00,3.754892124877694248e-02
1.700000000000000000e+01,2.766960919131962182e+00,3.613973064411744873e-02
1.700000000000000000e+01,2.769334167959193405e+00,3.510060025942356166e-02
1.700000000000000000e+01,2.771717687672561325e+00,3.394399421963722324e-02
1.700000000000000000e+01,2.774092899949887059e+00,3.331161457658165376e-02
1.700000000000000000e+01,2.776472186575843271e+00,3.264315509855057751e-02
1.700000000000000000e+01,2.778849329813015245e+00,3.489782514177949824e-02
1.700000000000000000e+01,2.781224308154069291e+00,3.433701464951458698e-02
1.700000000000000000e+01,2.783603349577585373e+00,8.475989537806322138e-02
1.700000000000000000e+01,2.785980204283322159e+00,8.670024016740868200e-02
1.700000000000000000e+01,2.788361121540816612e+00,6.048194680200235512e-02
1.700000000000000000e+01,2.790739830130332333e+00,5.916542698117074200e-02
1.700000000000000000e+01,2.793116308318245977e+00,5.599205494013030637e-02
1.700000000000000000e+01,2.795496837376052479e+00,5.400819158863470748e-02
1.700000000000000000e+01,2.797875113863212526e+00,5.204607429295815546e-02
1.700000000000000000e+01,2.800251115911298605e+00,5.005393369250829561e-02
1.700000000000000000e+01,2.802631156870153184e+00,4.820144450867260705e-02
1.700000000000000000e+01,2.805008901002245647e+00,4.645194290510355761e-02
1.700000000000000000e+01,2.807384326304926958e+00,4.486577877580071733e-02
1.700000000000000000e+01,2.809763778281390234e+00,4.334735019402393558e-02
1.700000000000000000e+01,2.812140888822362683e+00,4.197599499171991017e-02
1.700000000000000000e+01,2.814515635791587478e+00,4.075457593649760984e-02
1.700000000000000000e+01,2.816894396919202848e+00,3.967763581957320373e-02
1.700000000000000000e+01,2.819277182391831005e+00,3.870353188523664723e-02
1.700000000000000000e+01,2.821651159259273456e+00,3.781261717021301705e-02
1.700000000000000000e+01,2.824029137518142551e+00,3.699592674131981646e-02
1.700000000000000000e+01,2.826411127293623426e+00,3.634637846184897436e-02
1.700000000000000000e+01,2.828784230557050972e+00,3.561912135998191592e-02
1.700000000000000000e+01,2.831161322165572702e+00,3.482770175974907872e-02
1.700000000000000000e+01,2.833542412182134651e+00,3.301299354996146268e-02
1.700000000000000000e+01,2.835921024016914149e+00,3.057084126516603460e-03
1.700000000000000000e+01,2.838297135088118761e+00,9.797936784413396362e-04
1.700000000000000000e+01,2.840677231205615438e+00,5.925934875517605569e-04
1.700000000000000000e+01,2.843054803040627743e+00,3.770539206020069763e-04
1.700000000000000000e+01,2.845429827880051832e+00,3.673904438689926588e-04
1.700000000000000000e+01,2.847808824123101878e+00,2.472977780533075465e-04
1.700000000000000000e+01,2.850185249634491935e+00,1.787693612234366423e-04
1.700000000000000000e+01,2.852565644594050376e+00,1.370569523719279671e-04
1.700000000000000000e+01,2.854943444955898801e+00,1.060688581161663423e-04
1.700000000000000000e+01,2.857318627786822773e+00,8.241074715089041075e-05
1.700000000000000000e+01,2.859697765996172869e+00,6.711084260906954001e-05
1.700000000000000000e+01,2.862080869472485301e+00,6.662997660676785562e-05
1.700000000000000000e+01,2.864454712355927857e+00,5.951899910047935905e-05
1.700000000000000000e+01,2.866832496293459265e+00,6.263774222527928811e-05
1.700000000000000000e+01,2.869214231107640511e+00,6.979979290510484192e-05
1.700000000000000000e+01,2.871586624881306449e+00,7.639400063200323956e-05
1.700000000000000000e+01,2.873969606985570024e+00,8.217903912066540709e-05
1.700000000000000000e+01,2.876343201527446158e+00,8.981833947641063216e-05
1.700000000000000000e+01,2.878720719985517373e+00,9.325963261838418725e-05
1.700000000000000000e+01,2.881102172098087610e+00,9.288524357581132444e-05
1.700000000000000000e+01,2.883480861554354568e+00,9.462335843180343521e-05
1.700000000000000000e+01,2.885856764896066906e+00,8.609396630344752694e-05
1.700000000000000000e+01,2.888236586815389195e+00,5.419624368145848958e-05
1.700000000000000000e+01,2.890613597715197436e+00,3.848530563446751106e-05
1.700000000000000000e+01,2.892994524384758570e+00,5.427595469544952436e-05
1.700000000000000000e+01,2.895365853522527733e+00,7.811230366842555634e-05
1.700000000000000000e+01,2.897747845885614293e+00,1.037034666484725419e-04
1.700000000000000000e+01,2.900126977032283726e+00,7.525072968610785492e-05
1.700000000000000000e+01,2.902503223200517901e+00,5.907032945259247389e-05
1.700000000000000000e+01,2.904883366561006319e+00,4.902090888116193630e-05
1.700000000000000000e+01,2.907260599562923709e+00,1.029178205728292262e-04
1.700000000000000000e+01,2.909634898318774088e+00,2.575858454414771967e-04
1.700000000000000000e+01,2.912013078324352744e+00,2.996256687805185729e-03
1.700000000000000000e+01,2.914395149104420657e+00,3.793593305719386057e-03
1.700000000000000000e+01,2.916774258379155604e+00,4.853748355842207006e-03
1.700000000000000000e+01,2.919150382085439865e+00,4.914874558230378221e-03
1.700000000000000000e+01,2.921523496123781261e+00,4.864147956221051214e-03
1.700000000000000000e+01,2.923907367138645963e+00,4.807313546179003624e-03
1.700000000000000000e+01,2.926281318344463589e+00,4.731342823551720235e-03
1.700000000000000000e+01,2.928659127554641639e+00,4.724381254952294239e-03
1.700000000000000000e+01,2.931040804181527015e+00,4.707156821162092851e-03
1.700000000000000000e+01,2.933419417291878162e+00,4.660256945994149108e-03
1.700000000000000000e+01,2.935794942524495799e+00,4.550335718704561980e-03
1.700000000000000000e+01,2.938174318344370928e+00,4.389850467766657702e-03
1.700000000000000000e+01,2.940550579959972044e+00,4.353683752291465786e-03
1.700000000000000000e+01,2.942930688311046872e+00,4.361522807086461520e-03
1.700000000000000000e+01,2.945307656001242336e+00,4.413989014383100720e-03
1.700000000000000000e+01,2.947681458460930770e+00,4.419144728824960303e-03
1.700000000000000000e+01,2.950059090390392047e+00,2.672603898401208853e-03
1.700000000000000000e+01,2.952440561063782720e+00,3.586261136766528100e-03
1.700000000000000000e+01,2.954818837778843132e+00,3.380711090849608438e-03
1.700000000000000000e+01,2.957193895793339244e+00,3.417101172462715195e-03
1.700000000000000000e+01,2.959572774981745535e+00,3.483013347833112654e-03
1.700000000000000000e+01,2.961955484573179920e+00,3.445583506615238802e-03
1.700000000000000000e+01,2.964327858985216224e+00,3.427214512283372014e-03
1.700000000000000000e+01,2.966711135514628506e+00,3.492671862691297882e-03
1.700000000000000000e+01,2.969084027002956372e+00,3.504097766755333125e-03
1.700000000000000000e+01,2.971467838945096585e+00,3.458673173976379960e-03
1.700000000000000000e+01,2.973841215813263883e+00,3.557231323392124386e-03
1.700000000000000000e+01,2.976218387048926051e+00,3.583229222467131363e-03
1.700000000000000000e+01,2.978599361758565323e+00,3.455142108645424277e-03
1.700000000000000000e+01,2.980976981837772488e+00,8.211576045579513199e-04
1.700000000000000000e+01,2.983351222083469256e+00,4.389380224516622325e-03
1.700000000000000000e+01,2.985729247336589065e+00,4.296489218357598186e-03
1.700000000000000000e+01,2.988111066655426029e+00,4.300313683502187193e-03
1.700000000000000000e+01,2.990489476071835462e+00,4.448803375250218357e-03
1.700000000000000000e+01,2.992864450213154281e+00,4.362238511911398740e-03
1.700000000000000000e+01,2.995243199646329124e+00,4.379690945963070348e-03
1.700000000000000000e+01,2.997618485893688511e+00,4.535341560870521059e-03
1.700000000000000000e+01,2.999997542427555786e+00,4.487705274579257587e-03
1.800000000000000000e+01,2.588612795081014717e+00,2.747280576760508550e-04
1.800000000000000000e+01,2.590987614612529910e+00,5.278150443991112871e-04
1.800000000000000000e+01,2.593366795512073164e+00,1.211186914045760035e-03
1.800000000000000000e+01,2.595744915317689472e+00,1.454307333151822488e-03
1.800000000000000000e+01,2.598121956157397161e+00,1.504125798312242954e-03
1.800000000000000000e+01,2.600497900107185067e+00,5.710212559998185727e-04
1.800000000000000000e+01,2.602878193565458798e+00,1.601018260438789084e-03
1.800000000000000000e+01,2.605257374095403922e+00,8.432970003080244095e-03
1.800000000000000000e+01,2.607635423630717320e+00,1.948590962209227895e-01
1.800000000000000000e+01,2.610012324053281763e+00,1.970203757296428715e-01
1.800000000000000000e+01,2.612388057193310686e+00,1.813018215824899471e-01
1.800000000000000000e+01,2.614768119240192146e+00,1.687465610207617983e-01
1.800000000000000000e+01,2.617146997564059774e+00,1.597212228039276150e-01
1.800000000000000000e+01,2.619524673852972718e+00,1.582029535942995613e-01
1.800000000000000000e+01,2.621901129743555270e+00,1.627149385048388408e-01
1.800000000000000000e+01,2.624281901432961472e+00,1.699744048075916281e-01
1.800000000000000000e+01,2.626655871285938915e+00,1.794441915272721177e-01
1.800000000000000000e+01,2.629034140094493655e+00,1.939051696435276362e-01
1.800000000000000000e+01,2.631416719546495031e+00,2.103602968882170299e-01
1.800000000000000000e+01,2.633792431410708623e+00,2.288220344966055697e-01
1.800000000000000000e+01,2.636172436860944934e+00,2.437341213336568224e-01
1.800000000000000000e+01,2.638545517161249965e+00,2.539325153121869127e-01
1.800000000000000000e+01,2.640928499105384297e+00,2.634539176858006759e-01
1.800000000000000000e+01,2.643304518349861354e+00,2.652107290613083812e-01
1.800000000000000000e+01,2.645684816809926954e+00,6.556818169636436690e-03
1.800000000000000000e+01,2.648058094547728558e+00,2.875591699105346788e-03
1.800000000000000000e+01,2.650435633945297020e+00,2.582164748603046813e-03
1.800000000000000000e+01,2.652817446491849473e+00,5.911991026476727182e-03
1.800000000000000000e+01,2.655192171178932803e+00,4.462846368001763958e-03
1.800000000000000000e+01,2.657571151243650398e+00,3.171508253030214802e-03
1.800000000000000000e+01,2.659948691486012429e+00,5.499531685319452873e-04
1.800000000000000000e+01,2.662330489570499559e+00,6.134102330514953081e-04
1.800000000000000000e+01,2.664705102769717726e+00,8.278466631662618428e-04
1.800000000000000000e+01,2.667083955729373734e+00,3.011177361217822444e-03
1.800000000000000000e+01,2.669461312276356413e+00,3.000294427016387232e-03
1.800000000000000000e+01,2.671837153036051848e+00,2.983919460291967543e-03
1.800000000000000000e+01,2.674217226595466013e+00,3.260101418476834406e-03
1.800000000000000000e+01,2.676595765975274599e+00,1.118738836151462069e-03
1.800000000000000000e+01,2.678972751659991935e+00,7.832516916119017236e-02
1.800000000000000000e+01,2.681353962923400225e+00,8.354516313482630852e-02
1.800000000000000000e+01,2.683727792746523733e+00,8.646124587576589637e-02
1.800000000000000000e+01,2.686105829445210702e+00,9.352113978368997715e-02
1.800000000000000000e+01,2.688488084212449003e+00,1.029990148343805645e-01
1.800000000000000000e+01,2.690862888123974894e+00,1.176580099693103759e-01
1.800000000000000000e+01,2.693241891183510539e+00,1.304595848961414006e-01
1.800000000000000000e+01,2.695619243808531795e+00,1.447564125114070011e-01
1.800000000000000000e+01,2.697994926104692492e+00,1.600404118615028348e-01
1.800000000000000000e+01,2.700374799530429026e+00,1.713108222415567761e-01
1.800000000000000000e+01,2.702752983395575903e+00,1.861345574413436621e-01
1.800000000000000000e+01,2.705129457665879755e+00,1.994943616149632837e-01
1.800000000000000000e+01,2.707510114782492927e+00,2.110757578043910010e-01
1.800000000000000000e+01,2.709889042854494612e+00,2.203830151781265845e-01
1.800000000000000000e+01,2.712266221707900993e+00,2.368194402703906742e-01
1.800000000000000000e+01,2.714641631120770615e+00,2.412286786730743204e-01
1.800000000000000000e+01,2.717021204959639391e+00,3.706988706759351167e-03
1.800000000000000000e+01,2.719398989596979010e+00,5.909455922729320125e-03
1.800000000000000000e+01,2.721774964671693997e+00,2.102831697764265522e-03
1.800000000000000000e+01,2.724155095219163325e+00,6.709159377417630264e-03
1.800000000000000000e+01,2.726533396224594785e+00,4.523711355250409523e-03
1.800000000000000000e+01,2.728909847187990234e+00,3.356304274247492395e-03
1.800000000000000000e+01,2.731290444402350470e+00,2.643647454403558455e-03
1.800000000000000000e+01,2.733669171376605700e+00,2.175516031343654403e-03
1.800000000000000000e+01,2.736046007472129116e+00,2.958526969935769890e-04
1.800000000000000000e+01,2.738420932003415853e+00,1.985881251402277464e-04
1.800000000000000000e+01,2.740799983049091892e+00,1.268954734344517412e-04
1.800000000000000000e+01,2.743177102021586489e+00,7.951463815611075725e-05
1.800000000000000000e+01,2.745558347964158319e+00,5.054927319031695993e-05
1.800000000000000000e+01,2.747937641197727654e+00,8.278478216536452319e-04
1.800000000000000000e+01,2.750314960807459741e+00,9.437947408354542588e-04
1.800000000000000000e+01,2.752690285832279038e+00,9.383174986682084329e-04
1.800000000000000000e+01,2.755069717329380996e+00,9.462508008915298955e-04
1.800000000000000000e+01,2.757447133295085617e+00,8.981812673377494432e-04
1.800000000000000000e+01,2.759822512631141755e+00,8.614422235478750049e-04
1.800000000000000000e+01,2.762201987996263153e+00,8.469653863455424512e-04
1.800000000000000000e+01,2.764579405566437664e+00,8.354369871565281262e-04
1.800000000000000000e+01,2.766960919131962182e+00,8.421919578188226830e-04
1.800000000000000000e+01,2.769334167959193405e+00,7.772812373436214280e-04
1.800000000000000000e+01,2.771717687672561325e+00,8.081420161761282287e-04
1.800000000000000000e+01,2.774092899949887059e+00,8.517186253056706390e-04
1.800000000000000000e+01,2.776472186575843271e+00,6.394691414390772871e-04
1.800000000000000000e+01,2.778849329813015245e+00,7.197506372328520011e-04
1.800000000000000000e+01,2.781224308154069291e+00,8.888145810178198257e-04
1.800000000000000000e+01,2.783603349577585373e+00,1.212951057618937706e-03
1.800000000000000000e+01,2.785980204283322159e+00,2.509179990281345043e-03
1.800000000000000000e+01,2.788361121540816612e+00,2.892377522998791639e-02
1.800000000000000000e+01,2.790739830130332333e+00,2.943185573566123661e-02
1.800000000000000000e+01,2.793116308318245977e+00,3.189387967804728496e-02
1.800000000000000000e+01,2.795496837376052479e+00,3.304174015522769875e-02
1.800000000000000000e+01,2.797875113863212526e+00,3.413529558618936394e-02
1.800000000000000000e+01,2.800251115911298605e+00,3.528650066877201535e-02
1.800000000000000000e+01,2.802631156870153184e+00,3.651743017938344216e-02
1.800000000000000000e+01,2.805008901002245647e+00,3.782736633927141767e-02
1.800000000000000000e+01,2.807384326304926958e+00,3.906585960364242216e-02
1.800000000000000000e+01,2.809763778281390234e+00,4.025127824332409149e-02
1.800000000000000000e+01,2.812140888822362683e+00,4.129262943379539280e-02
1.800000000000000000e+01,2.814515635791587478e+00,4.218358933892214085e-02
1.800000000000000000e+01,2.816894396919202848e+00,4.292184950467678450e-02
1.800000000000000000e+01,2.819277182391831005e+00,4.337796315830516614e-02
1.800000000000000000e+01,2.821651159259273456e+00,4.346171104470446939e-02
1.800000000000000000e+01,2.824029137518142551e+00,4.361077999295533830e-02
1.800000000000000000e+01,2.826411127293623426e+00,4.233407886775471946e-02
1.800000000000000000e+01,2.828784230557050972e+00,3.614636996282754276e-03
1.800000000000000000e+01,2.831161322165572702e+00,1.725659436500822947e-03
1.800000000000000000e+01,2.833542412182134651e+00,2.783045128491727725e-03
1.800000000000000000e+01,2.835921024016914149e+00,3.232395226832459473e-02
1.800000000000000000e+01,2.838297135088118761e+00,3.419327886592075233e-02
1.800000000000000000e+01,2.840677231205615438e+00,3.402927477822395574e-02
1.800000000000000000e+01,2.843054803040627743e+00,3.446520449806643460e-02
1.800000000000000000e+01,2.845429827880051832e+00,3.486541217040541735e-02
1.800000000000000000e+01,2.847808824123101878e+00,3.558478377700274170e-02
1.800000000000000000e+01,2.850185249634491935e+00,3.640631474808268819e-02
1.800000000000000000e+01,2.852565644594050376e+00,3.736461574395980034e-02
1.800000000000000000e+01,2.854943444955898801e+00,3.844244964705844508e-02
1.800000000000000000e+01,2.857318627786822773e+00,3.956802920230297754e-02
1.800000000000000000e+01,2.859697765996172869e+00,4.070547797870383011e-02
1.800000000000000000e+01,2.862080869472485301e+00,4.181796071537969423e-02
1.800000000000000000e+01,2.864454712355927857e+00,4.287149673064697547e-02
1.800000000000000000e+01,2.866832496293459265e+00,4.496765396149502575e-02
1.800000000000000000e+01,2.869214231107640511e+00,4.568433258870659153e-02
1.800000000000000000e+01,2.871586624881306449e+00,4.543709549872938791e-02
1.800000000000000000e+01,2.873969606985570024e+00,2.809025224302019383e-03
1.800000000000000000e+01,2.876343201527446158e+00,6.672835905063002849e-04
1.800000000000000000e+01,2.878720719985517373e+00,4.507334132347333064e-04
1.800000000000000000e+01,2.881102172098087610e+00,3.566597215061274688e-04
1.800000000000000000e+01,2.883480861554354568e+00,3.933322441053661639e-04
1.800000000000000000e+01,2.885856764896066906e+00,3.773285347932852480e-04
1.800000000000000000e+01,2.888236586815389195e+00,2.244240018300791702e-04
1.800000000000000000e+01,2.890613597715197436e+00,1.257333332371483219e-04
1.800000000000000000e+01,2.892994524384758570e+00,9.729680543362479567e-05
1.800000000000000000e+01,2.895365853522527733e+00,1.318534344893775544e-04
1.800000000000000000e+01,2.897747845885614293e+00,1.390696028798641608e-04
1.800000000000000000e+01,2.900126977032283726e+00,9.904891298936000768e-05
1.800000000000000000e+01,2.902503223200517901e+00,5.998054007182985304e-05
1.800000000000000000e+01,2.904883366561006319e+00,4.058691139259288576e-05
1.800000000000000000e+01,2.907260599562923709e+00,7.164712416049156716e-05
1.800000000000000000e+01,2.909634898318774088e+00,8.781381152813835746e-05
1.800000000000000000e+01,2.912013078324352744e+00,7.247665913395759450e-05
1.800000000000000000e+01,2.914395149104420657e+00,4.630360045769216085e-05
1.800000000000000000e+01,2.916774258379155604e+00,3.458208925446937720e-05
1.800000000000000000e+01,2.919150382085439865e+00,5.683856483268526260e-05
1.800000000000000000e+01,2.921523496123781261e+00,7.706140466123901950e-05
1.800000000000000000e+01,2.923907367138645963e+00,7.858194949681706633e-05
1.800000000000000000e+01,2.926281318344463589e+00,5.173958280403323078e-05
1.800000000000000000e+01,2.928659127554641639e+00,3.682843672821117196e-05
1.800000000000000000e+01,2.931040804181527015e+00,3.148899111639529496e-05
1.800000000000000000e+01,2.933419417291878162e+00,6.265348272799611037e-05
1.800000000000000000e+01,2.935794942524495799e+00,8.198398699271741826e-05
1.800000000000000000e+01,2.938174318344370928e+00,8.566016380050613457e-05
1.800000000000000000e+01,2.940550579959972044e+00,7.513325965556785356e-05
1.800000000000000000e+01,2.942930688311046872e+00,5.121881110052020018e-05
1.800000000000000000e+01,2.945307656001242336e+00,7.146286571943442759e-05
1.800000000000000000e+01,2.947681458460930770e+00,1.843911876764906172e-04
1.800000000000000000e+01,2.950059090390392047e+00,1.792630864890840071e-03
1.800000000000000000e+01,2.952440561063782720e+00,4.130964393476365196e-03
1.800000000000000000e+01,2.954818837778843132e+00,4.297042607540524015e-03
1.800000000000000000e+01,2.957193895793339244e+00,4.258945518729655676e-03
1.800000000000000000e+01,2.959572774981745535e+00,4.277907909504037251e-03
1.800000000000000000e+01,2.961955484573179920e+00,4.402681202034730394e-03
1.800000000000000000e+01,2.964327858985216224e+00,4.377494844660744129e-03
1.800000000000000000e+01,2.966711135514628506e+00,4.403667858125130848e-03
1.800000000000000000e+01,2.969084027002956372e+00,4.534782410514157612e-03
1.800000000000000000e+01,2.971467838945096585e+00,4.496672943455352206e-03
1.800000000000000000e+01,2.973841215813263883e+00,4.530904656732216013e-03
1.800000000000000000e+01,2.976218387048926051e+00,4.690061061970362578e-03
1.800000000000000000e+01,2.978599361758565323e+00,4.525025049703030114e-03
1.800000000000000000e+01,2.980976981837772488e+00,4.072461907623862662e-03
1.800000000000000000e+01,2.983351222083469256e+00,3.587165634189826754e-03
1.800000000000000000e+01,2.985729247336589065e+00,3.707248149015543188e-03
1.800000000000000000e+01,2.988111066655426029e+00,3.698722179375104821e-03
1.800000000000000000e+01,2.990489476071835462e+00,3.703040320256120125e-03
1.800000000000000000e+01,2.992864450213154281e+00,3.766526164634362208e-03
1.800000000000000000e+01,2.995243199646329124e+00,3.830253147007935816e-03
1.800000000000000000e+01,2.997618485893688511e+00,3.835058025579086288e-03
1.800000000000000000e+01,2.999997542427555786e+00,3.902551372126127852e-03
1.900000000000000000e+01,2.590987614612529910e+00,1.549147094265670261e-05
1.900000000000000000e+01,2.593366795512073164e+00,1.875739530765614327e-05
1.900000000000000000e+01,2.595744915317689472e+00,3.016997908003478119e-05
1.900000000000000000e+01,2.598121956157397161e+00,3.279465587282712983e-05
1.900000000000000000e+01,2.600497900107185067e+00,3.103983027654247699e-05
1.900000000000000000e+01,2.602878193565458798e+00,5.483690787129885815e-05
1.900000000000000000e+01,2.605257374095403922e+00,8.404791478308159083e-05
1.900000000000000000e+01,2.607635423630717320e+00,8.577652923540319586e-05
1.900000000000000000e+01,2.610012324053281763e+00,5.543078901407936929e-05
1.900000000000000000e+01,2.612388057193310686e+00,8.930341366076000574e-05
1.900000000000000000e+01,2.614768119240192146e+00,1.557067136066462708e-04
1.900000000000000000e+01,2.617146997564059774e+00,2.422222857702295280e-04
1.900000000000000000e+01,2.619524673852972718e+00,2.491601554708679027e-04
1.900000000000000000e+01,2.621901129743555270e+00,1.512509244963408000e-04
1.900000000000000000e+01,2.624281901432961472e+00,2.845030634049401761e-04
1.900000000000000000e+01,2.626655871285938915e+00,6.992180800017510321e-04
1.900000000000000000e+01,2.629034140094493655e+00,9.326483613246987908e-04
1.900000000000000000e+01,2.631416719546495031e+00,9.438115268593520648e-04
1.900000000000000000e+01,2.633792431410708623e+00,4.624220737551228166e-04
1.900000000000000000e+01,2.636172436860944934e+00,1.001087703268564808e-03
1.900000000000000000e+01,2.638545517161249965e+00,3.340807378769396815e-03
1.900000000000000000e+01,2.640928499105384297e+00,6.532008983117522025e-03
1.900000000000000000e+01,2.643304518349861354e+00,1.615036689561237526e-02
1.900000000000000000e+01,2.645684816809926954e+00,2.863423707233918591e-01
1.900000000000000000e+01,2.648058094547728558e+00,2.988252791763439942e-01
1.900000000000000000e+01,2.650435633945297020e+00,3.070361980460548645e-01
1.900000000000000000e+01,2.652817446491849473e+00,3.098587421397897002e-01
1.900000000000000000e+01,2.655192171178932803e+00,3.189615059650994233e-01
1.900000000000000000e+01,2.657571151243650398e+00,3.275979228511681218e-01
1.900000000000000000e+01,2.659948691486012429e+00,3.378526755708911589e-01
1.900000000000000000e+01,2.662330489570499559e+00,3.425366460005302982e-01
1.900000000000000000e+01,2.664705102769717726e+00,3.457760862903567767e-01
1.900000000000000000e+01,2.667083955729373734e+00,3.450794598091199705e-01
1.900000000000000000e+01,2.669461312276356413e+00,3.471238492237978535e-01
1.900000000000000000e+01,2.671837153036051848e+00,3.486531302801101351e-01
1.900000000000000000e+01,2.674217226595466013e+00,3.499109809596968046e-01
1.900000000000000000e+01,2.676595765975274599e+00,3.532096801478429859e-01
1.900000000000000000e+01,2.678972751659991935e+00,3.553638383583622162e-01
1.900000000000000000e+01,2.681353962923400225e+00,3.589346054609329761e-01
1.900000000000000000e+01,2.683727792746523733e+00,3.623156518520900815e-01
1.900000000000000000e+01,2.686105829445210702e+00,3.684873756601119155e-01
1.900000000000000000e+01,2.688488084212449003e+00,3.747775012674758877e-01
1.900000000000000000e+01,2.690862888123974894e+00,3.815705189813969334e-01
1.900000000000000000e+01,2.693241891183510539e+00,3.860500605243302741e-01
1.900000000000000000e+01,2.695619243808531795e+00,3.895033625988130188e-01
1.900000000000000000e+01,2.697994926104692492e+00,3.920633889626037316e-01
1.900000000000000000e+01,2.700374799530429026e+00,3.942219201645877358e-01
1.900000000000000000e+01,2.702752983395575903e+00,3.966005151350524560e-01
1.900000000000000000e+01,2.705129457665879755e+00,3.991731451138648135e-01
1.900000000000000000e+01,2.707510114782492927e+00,4.016321848962421392e-01
1.900000000000000000e+01,2.709889042854494612e+00,4.035383102251565157e-01
1.900000000000000000e+01,2.712266221707900993e+00,3.990497635180604852e-01
1.900000000000000000e+01,2.714641631120770615e+00,3.976124474444242551e-01
1.900000000000000000e+01,2.717021204959639391e+00,6.332714704113745485e-01
1.900000000000000000e+01,2.719398989596979010e+00,6.240742715537013208e-01
1.900000000000000000e+01,2.721774964671693997e+00,6.159531531983228891e-01
1.900000000000000000e+01,2.724155095219163325e+00,5.902971716798808277e-01
1.900000000000000000e+01,2.726533396224594785e+00,5.739880071954499563e-01
1.900000000000000000e+01,2.728909847187990234e+00,5.548828869501428729e-01
1.900000000000000000e+01,2.731290444402350470e+00,5.341903767896714061e-01
1.900000000000000000e+01,2.733669171376605700e+00,5.132301486647536937e-01
1.900000000000000000e+01,2.736046007472129116e+00,5.018274090336503068e-01
1.900000000000000000e+01,2.738420932003415853e+00,4.813159906712268787e-01
1.900000000000000000e+01,2.740799983049091892e+00,2.398606134530492096e-01
1.900000000000000000e+01,2.743177102021586489e+00,2.301852883675260253e-01
1.900000000000000000e+01,2.745558347964158319e+00,2.197986989284524961e-01
1.900000000000000000e+01,2.747937641197727654e+00,2.059516283222831701e-01
1.900000000000000000e+01,2.750314960807459741e+00,1.945553589193438904e-01
1.900000000000000000e+01,2.752690285832279038e+00,1.833532650029999767e-01
1.900000000000000000e+01,2.755069717329380996e+00,1.719176543620361819e-01
1.900000000000000000e+01,2.757447133295085617e+00,1.611246111584771767e-01
1.900000000000000000e+01,2.759822512631141755e+00,1.507180183196087375e-01
1.900000000000000000e+01,2.762201987996263153e+00,1.408381375482526676e-01
1.900000000000000000e+01,2.764579405566437664e+00,1.314996648821142033e-01
1.900000000000000000e+01,2.766960919131962182e+00,1.231099422532897503e-01
1.900000000000000000e+01,2.769334167959193405e+00,1.156512045075125672e-01
1.900000000000000000e+01,2.771717687672561325e+00,1.090889987025443764e-01
1.900000000000000000e+01,2.774092899949887059e+00,1.037222585953608417e-01
1.900000000000000000e+01,2.776472186575843271e+00,1.013343876333590854e-01
1.900000000000000000e+01,2.778849329813015245e+00,9.809038510268681954e-02
1.900000000000000000e+01,2.781224308154069291e+00,9.587607200524402018e-02
1.900000000000000000e+01,2.783603349577585373e+00,9.468215372120862561e-02
1.900000000000000000e+01,2.785980204283322159e+00,9.433808302139909396e-02
1.900000000000000000e+01,2.788361121540816612e+00,9.471824208418809510e-02
1.900000000000000000e+01,2.790739830130332333e+00,9.573040486129928694e-02
1.900000000000000000e+01,2.793116308318245977e+00,9.707327507233376451e-02
1.900000000000000000e+01,2.795496837376052479e+00,9.834277615056236099e-02
1.900000000000000000e+01,2.797875113863212526e+00,1.436690597554843730e-03
1.900000000000000000e+01,2.800251115911298605e+00,5.315806741727384984e-04
1.900000000000000000e+01,2.802631156870153184e+00,3.759381189896421728e-04
1.900000000000000000e+01,2.805008901002245647e+00,3.141473454458486021e-04
1.900000000000000000e+01,2.807384326304926958e+00,2.443788968507205981e-04
1.900000000000000000e+01,2.809763778281390234e+00,2.422944206752860772e-04
1.900000000000000000e+01,2.812140888822362683e+00,2.407027170320262565e-04
1.900000000000000000e+01,2.814515635791587478e+00,2.460710242676747254e-04
1.900000000000000000e+01,2.816894396919202848e+00,2.659362399113237544e-04
1.900000000000000000e+01,2.819277182391831005e+00,3.842659192885432458e-04
1.900000000000000000e+01,2.821651159259273456e+00,7.275151800036538854e-04
1.900000000000000000e+01,2.824029137518142551e+00,8.975011179795649042e-04
1.900000000000000000e+01,2.826411127293623426e+00,2.330625029151628391e-03
1.900000000000000000e+01,2.828784230557050972e+00,4.127671137470161067e-02
1.900000000000000000e+01,2.831161322165572702e+00,4.341000376027620566e-02
1.900000000000000000e+01,2.833542412182134651e+00,4.350971986247133272e-02
1.900000000000000000e+01,2.835921024016914149e+00,4.315140515178425562e-02
1.900000000000000000e+01,2.838297135088118761e+00,4.249740396698575839e-02
1.900000000000000000e+01,2.840677231205615438e+00,4.266915805045419507e-02
1.900000000000000000e+01,2.843054803040627743e+00,4.156394801300250519e-02
1.900000000000000000e+01,2.845429827880051832e+00,4.034322812007283543e-02
1.900000000000000000e+01,2.847808824123101878e+00,3.904118557890859376e-02
1.900000000000000000e+01,2.850185249634491935e+00,3.781018691012662247e-02
1.900000000000000000e+01,2.852565644594050376e+00,3.669462487004563483e-02
1.900000000000000000e+01,2.854943444955898801e+00,3.572091174441083261e-02
1.900000000000000000e+01,2.857318627786822773e+00,3.489458510080040154e-02
1.900000000000000000e+01,2.859697765996172869e+00,3.424830380314461409e-02
1.900000000000000000e+01,2.862080869472485301e+00,3.377296015497191495e-02
1.900000000000000000e+01,2.864454712355927857e+00,3.355717238164077770e-02
1.900000000000000000e+01,2.866832496293459265e+00,3.260601753257402757e-02
1.900000000000000000e+01,2.869214231107640511e+00,3.278145808900818914e-02
1.900000000000000000e+01,2.871586624881306449e+00,3.386439728724316423e-02
1.900000000000000000e+01,2.873969606985570024e+00,7.726013571388652690e-02
1.900000000000000000e+01,2.876343201527446158e+00,8.004630705197299245e-02
1.900000000000000000e+01,2.878720719985517373e+00,8.073396037994647056e-02
1.900000000000000000e+01,2.881102172098087610e+00,8.100569960005166159e-02
1.900000000000000000e+01,2.883480861554354568e+00,8.070007844068545488e-02
1.900000000000000000e+01,2.885856764896066906e+00,7.766701192339713067e-02
1.900000000000000000e+01,2.888236586815389195e+00,4.692399592612997439e-02
1.900000000000000000e+01,2.890613597715197436e+00,4.550528827767642143e-02
1.900000000000000000e+01,2.892994524384758570e+00,4.540290409216286849e-02
1.900000000000000000e+01,2.895365853522527733e+00,4.419463017741079303e-02
1.900000000000000000e+01,2.897747845885614293e+00,4.302950449925019988e-02
1.900000000000000000e+01,2.900126977032283726e+00,4.122626453130563695e-02
1.900000000000000000e+01,2.902503223200517901e+00,4.034552274817113787e-02
1.900000000000000000e+01,2.904883366561006319e+00,3.950984223684031460e-02
1.900000000000000000e+01,2.907260599562923709e+00,3.931762830905522615e-02
1.900000000000000000e+01,2.909634898318774088e+00,3.841661932611960956e-02
1.900000000000000000e+01,2.912013078324352744e+00,3.688103899763515992e-02
1.900000000000000000e+01,2.914395149104420657e+00,3.635773064695174001e-02
1.900000000000000000e+01,2.916774258379155604e+00,3.594152193018381597e-02
1.900000000000000000e+01,2.919150382085439865e+00,3.615612439502140230e-02
1.900000000000000000e+01,2.921523496123781261e+00,3.451121281671440388e-02
1.900000000000000000e+01,2.923907367138645963e+00,3.183288701973762801e-03
1.900000000000000000e+01,2.926281318344463589e+00,1.001096874648786487e-03
1.900000000000000000e+01,2.928659127554641639e+00,4.199526906069240445e-04
1.900000000000000000e+01,2.931040804181527015e+00,2.028272423191270998e-04
1.900000000000000000e+01,2.933419417291878162e+00,2.043791639547072624e-04
1.900000000000000000e+01,2.935794942524495799e+00,2.378433509809191120e-04
1.900000000000000000e+01,2.938174318344370928e+00,2.142198005147831269e-04
1.900000000000000000e+01,2.940550579959972044e+00,1.325696921581881297e-04
1.900000000000000000e+01,2.942930688311046872e+00,7.929507269325581232e-05
1.900000000000000000e+01,2.945307656001242336e+00,9.492512003861669110e-05
1.900000000000000000e+01,2.947681458460930770e+00,1.291219339385661852e-04
1.900000000000000000e+01,2.950059090390392047e+00,1.385645588938253273e-04
1.900000000000000000e+01,2.952440561063782720e+00,8.932077127273920262e-05
1.900000000000000000e+01,2.954818837778843132e+00,4.943906647702030519e-05
1.900000000000000000e+01,2.957193895793339244e+00,1.200069643606817532e-04
1.900000000000000000e+01,2.959572774981745535e+00,6.648437087221330678e-05
1.900000000000000000e+01,2.961955484573179920e+00,6.665661666545304273e-05
1.900000000000000000e+01,2.964327858985216224e+00,1.101783710093854598e-04
1.900000000000000000e+01,2.966711135514628506e+00,6.332990450708026766e-05
1.900000000000000000e+01,2.969084027002956372e+00,7.533337639402608690e-05
1.900000000000000000e+01,2.971467838945096585e+00,1.287006871287539990e-04
1.900000000000000000e+01,2.973841215813263883e+00,8.206225711488457386e-05
1.900000000000000000e+01,2.976218387048926051e+00,1.083878022245066635e-04
1.900000000000000000e+01,2.978599361758565323e+00,3.236092210664769033e-04
1.900000000000000000e+01,2.980976981837772488e+00,4.049911242172726973e-03
1.900000000000000000e+01,2.983351222083469256e+00,4.651972260875677709e-03
1.900000000000000000e+01,2.985729247336589065e+00,4.643641350353028274e-03
1.900000000000000000e+01,2.988111066655426029e+00,4.762124697246770261e-03
1.900000000000000000e+01,2.990489476071835462e+00,4.796717999520081106e-03
1.900000000000000000e+01,2.992864450213154281e+00,4.724197297024058419e-03
1.900000000000000000e+01,2.995243199646329124e+00,4.797776082411366917e-03
1.900000000000000000e+01,2.997618485893688511e+00,4.825533889471658559e-03
1.900000000000000000e+01,2.999997542427555786e+00,4.739147516889386305e-03
2.000000000000000000e+01,2.731290444402350470e+00,1.552201261952954785e-03
2.000000000000000000e+01,2.733669171376605700e+00,2.119110536309711489e-03
2.000000000000000000e+01,2.736046007472129116e+00,3.314080627471084487e-04
2.000000000000000000e+01,2.738420932003415853e+00,1.095728246039841302e-03
2.000000000000000000e+01,2.740799983049091892e+00,2.239958758745830836e-01
2.000000000000000000e+01,2.743177102021586489e+00,2.165041591579610070e-01
2.000000000000000000e+01,2.745558347964158319e+00,2.110962936570504878e-01
2.000000000000000000e+01,2.747937641197727654e+00,2.052508739900474333e-01
2.000000000000000000e+01,2.750314960807459741e+00,2.052120536136550211e-01
2.000000000000000000e+01,2.752690285832279038e+00,2.069644858837920709e-01
2.000000000000000000e+01,2.755069717329380996e+00,2.105964396485600354e-01
2.000000000000000000e+01,2.757447133295085617e+00,2.147547212330104538e-01
2.000000000000000000e+01,2.759822512631141755e+00,2.200896893382252584e-01
2.000000000000000000e+01,2.762201987996263153e+00,2.260301682011140734e-01
2.000000000000000000e+01,2.764579405566437664e+00,2.326109006761269415e-01
2.000000000000000000e+01,2.766960919131962182e+00,2.386113266334498884e-01
2.000000000000000000e+01,2.769334167959193405e+00,2.343161499695587957e-01
2.000000000000000000e+01,2.771717687672561325e+00,2.241367921409618755e-02
2.000000000000000000e+01,2.774092899949887059e+00,7.888945733374074648e-03
2.000000000000000000e+01,2.776472186575843271e+00,8.456276834817554044e-04
2.000000000000000000e+01,2.778849329813015245e+00,6.999809755551200880e-04
2.000000000000000000e+01,2.781224308154069291e+00,6.434555455318921461e-04
2.000000000000000000e+01,2.783603349577585373e+00,6.047874973225924721e-04
2.000000000000000000e+01,2.785980204283322159e+00,5.199499136028372815e-04
2.000000000000000000e+01,2.788361121540816612e+00,5.439894136771905239e-04
2.000000000000000000e+01,2.790739830130332333e+00,5.978243432616802029e-04
2.000000000000000000e+01,2.793116308318245977e+00,9.269081630476367489e-04
2.000000000000000000e+01,2.795496837376052479e+00,1.854026981160953203e-03
2.000000000000000000e+01,2.797875113863212526e+00,1.015364823627258467e-01
2.000000000000000000e+01,2.800251115911298605e+00,1.057525338545958482e-01
2.000000000000000000e+01,2.802631156870153184e+00,1.097237270979734697e-01
2.000000000000000000e+01,2.805008901002245647e+00,1.140104916621170195e-01
2.000000000000000000e+01,2.807384326304926958e+00,1.187525243809461617e-01
2.000000000000000000e+01,2.809763778281390234e+00,1.236639754793140422e-01
2.000000000000000000e+01,2.812140888822362683e+00,1.286597375379075203e-01
2.000000000000000000e+01,2.814515635791587478e+00,1.335724994971238533e-01
2.000000000000000000e+01,2.816894396919202848e+00,1.383031475603100635e-01
2.000000000000000000e+01,2.819277182391831005e+00,1.426176451500327513e-01
2.000000000000000000e+01,2.821651159259273456e+00,1.466045960358877687e-01
2.000000000000000000e+01,2.824029137518142551e+00,1.500302535045158758e-01
2.000000000000000000e+01,2.826411127293623426e+00,1.525449770983106079e-01
2.000000000000000000e+01,2.828784230557050972e+00,1.748601179528277028e-03
2.000000000000000000e+01,2.831161322165572702e+00,3.558666431275381336e-04
2.000000000000000000e+01,2.833542412182134651e+00,1.979997910979412236e-04
2.000000000000000000e+01,2.835921024016914149e+00,1.980150702790366396e-04
2.000000000000000000e+01,2.838297135088118761e+00,2.556960207075822684e-04
2.000000000000000000e+01,2.840677231205615438e+00,1.818508743134158306e-03
2.000000000000000000e+01,2.843054803040627743e+00,1.409351743110999261e-03
2.000000000000000000e+01,2.845429827880051832e+00,1.256645526411517919e-03
2.000000000000000000e+01,2.847808824123101878e+00,1.130312343363723375e-03
2.000000000000000000e+01,2.850185249634491935e+00,1.032969185623487185e-03
2.000000000000000000e+01,2.852565644594050376e+00,9.197655909923331020e-04
2.000000000000000000e+01,2.854943444955898801e+00,8.369856993200646897e-04
2.000000000000000000e+01,2.857318627786822773e+00,7.362118455431068470e-04
2.000000000000000000e+01,2.859697765996172869e+00,6.536458781530193841e-04
2.000000000000000000e+01,2.862080869472485301e+00,5.952038136328155135e-04
2.000000000000000000e+01,2.864454712355927857e+00,4.649126776440950224e-04
2.000000000000000000e+01,2.866832496293459265e+00,4.360191064911539898e-05
2.000000000000000000e+01,2.869214231107640511e+00,7.286665492346382580e-05
2.000000000000000000e+01,2.871586624881306449e+00,1.171930707396015418e-04
2.000000000000000000e+01,2.873969606985570024e+00,1.800981012732052718e-04
2.000000000000000000e+01,2.876343201527446158e+00,2.696282221165901497e-04
2.000000000000000000e+01,2.878720719985517373e+00,4.003032588307056400e-04
2.000000000000000000e+01,2.881102172098087610e+00,6.135087837175418404e-04
2.000000000000000000e+01,2.883480861554354568e+00,1.059003360104878843e-03
2.000000000000000000e+01,2.885856764896066906e+00,4.011809457092950157e-03
2.000000000000000000e+01,2.888236586815389195e+00,3.490804555076598009e-02
2.000000000000000000e+01,2.890613597715197436e+00,3.616392579294114978e-02
2.000000000000000000e+01,2.892994524384758570e+00,3.592722465413292210e-02
2.000000000000000000e+01,2.895365853522527733e+00,3.632101834695496134e-02
2.000000000000000000e+01,2.897747845885614293e+00,3.670506236358587332e-02
2.000000000000000000e+01,2.900126977032283726e+00,3.778986731939765198e-02
2.000000000000000000e+01,2.902503223200517901e+00,3.819825582812143988e-02
2.000000000000000000e+01,2.904883366561006319e+00,3.839745275181534467e-02
2.000000000000000000e+01,2.907260599562923709e+00,3.765950965365699038e-02
2.000000000000000000e+01,2.909634898318774088e+00,3.742559845426553927e-02
2.000000000000000000e+01,2.912013078324352744e+00,3.769354073828897617e-02
2.000000000000000000e+01,2.914395149104420657e+00,3.767157573149991501e-02
2.000000000000000000e+01,2.916774258379155604e+00,3.781688103188157041e-02
2.000000000000000000e+01,2.919150382085439865e+00,2.013430541847302351e-03
2.000000000000000000e+01,2.921523496123781261e+00,2.396559710388553033e-03
2.000000000000000000e+01,2.923907367138645963e+00,3.327534948322768971e-02
2.000000000000000000e+01,2.926281318344463589e+00,3.450544169142249346e-02
2.000000000000000000e+01,2.928659127554641639e+00,3.512150745359337439e-02
2.000000000000000000e+01,2.931040804181527015e+00,3.549370456159180176e-02
2.000000000000000000e+01,2.933419417291878162e+00,3.642124422580819004e-02
2.000000000000000000e+01,2.935794942524495799e+00,3.667609536854009311e-02
2.000000000000000000e+01,2.938174318344370928e+00,3.632822045428341778e-02
2.000000000000000000e+01,2.940550579959972044e+00,3.694823658302674729e-02
2.000000000000000000e+01,2.942930688311046872e+00,3.763592011876670113e-02
2.000000000000000000e+01,2.945307656001242336e+00,3.910750483013183953e-02
2.000000000000000000e+01,2.947681458460930770e+00,3.963600625285465529e-02
2.000000000000000000e+01,2.950059090390392047e+00,4.006926735235191023e-02
2.000000000000000000e+01,2.952440561063782720e+00,3.932103062937119392e-02
2.000000000000000000e+01,2.954818837778843132e+00,3.890978221721013569e-02
2.000000000000000000e+01,2.957193895793339244e+00,3.393951631961791143e-03
2.000000000000000000e+01,2.959572774981745535e+00,5.734138744059530737e-04
2.000000000000000000e+01,2.961955484573179920e+00,1.924135853181061060e-04
2.000000000000000000e+01,2.964327858985216224e+00,3.061604896650411359e-04
2.000000000000000000e+01,2.966711135514628506e+00,1.997548961357955460e-04
2.000000000000000000e+01,2.969084027002956372e+00,1.183552923636715357e-04
2.000000000000000000e+01,2.971467838945096585e+00,1.844143733084870008e-04
2.000000000000000000e+01,2.973841215813263883e+00,8.526197263905230250e-05
2.000000000000000000e+01,2.976218387048926051e+00,8.455625344232841159e-05
2.000000000000000000e+01,2.978599361758565323e+00,1.253331118953096286e-04
2.000000000000000000e+01,2.980976981837772488e+00,5.540433024843826286e-05
2.000000000000000000e+01,2.983351222083469256e+00,8.408405204618697075e-05
2.000000000000000000e+01,2.985729247336589065e+00,8.702751939763819929e-05
2.000000000000000000e+01,2.988111066655426029e+00,4.110879964619688090e-05
2.000000000000000000e+01,2.990489476071835462e+00,7.904043275375877402e-05
2.000000000000000000e+01,2.992864450213154281e+00,6.281996968589808868e-05
2.000000000000000000e+01,2.995243199646329124e+00,3.203834526354765839e-05
2.000000000000000000e+01,2.997618485893688511e+00,7.355378372310992022e-05
2.000000000000000000e+01,2.999997542427555786e+00,5.769299576776924158e-05
2.100000000000000000e+01,2.733669171376605700e+00,8.593542582883486344e-06
2.100000000000000000e+01,2.736046007472129116e+00,5.266259255742772495e-06
2.100000000000000000e+01,2.738420932003415853e+00,1.363121342542089144e-05
2.100000000000000000e+01,2.740799983049091892e+00,2.632558623875779066e-05
2.100000000000000000e+01,2.743177102021586489e+00,4.482010285454879274e-05
2.100000000000000000e+01,2.745558347964158319e+00,8.604773621565569761e-05
2.100000000000000000e+01,2.747937641197727654e+00,1.837357263115038891e-04
2.100000000000000000e+01,2.750314960807459741e+00,2.226758723318374936e-04
2.100000000000000000e+01,2.752690285832279038e+00,2.635957711364101926e-04
2.100000000000000000e+01,2.755069717329380996e+00,3.257054270464820791e-04
2.100000000000000000e+01,2.757447133295085617e+00,4.795669729062839739e-04
2.100000000000000000e+01,2.759822512631141755e+00,6.208477638216530628e-04
2.100000000000000000e+01,2.762201987996263153e+00,1.093140780880067896e-03
2.100000000000000000e+01,2.764579405566437664e+00,1.560982023155627844e-03
2.100000000000000000e+01,2.766960919131962182e+00,2.419986893868271340e-03
2.100000000000000000e+01,2.769334167959193405e+00,1.317890073861429853e-02
2.100000000000000000e+01,2.771717687672561325e+00,2.311629316360728492e-01
2.100000000000000000e+01,2.774092899949887059e+00,2.511211756266111261e-01
2.100000000000000000e+01,2.776472186575843271e+00,2.641624759966221814e-01
2.100000000000000000e+01,2.778849329813015245e+00,2.682124121590293564e-01
2.100000000000000000e+01,2.781224308154069291e+00,2.716124998066852259e-01
2.100000000000000000e+01,2.783603349577585373e+00,2.748338238671804157e-01
2.100000000000000000e+01,2.785980204283322159e+00,2.784967636378287703e-01
2.100000000000000000e+01,2.788361121540816612e+00,2.827219366323627803e-01
2.100000000000000000e+01,2.790739830130332333e+00,2.876752743806608170e-01
2.100000000000000000e+01,2.793116308318245977e+00,2.934218046277323744e-01
2.100000000000000000e+01,2.795496837376052479e+00,3.001192121949007863e-01
2.100000000000000000e+01,2.797875113863212526e+00,3.076681046493945915e-01
2.100000000000000000e+01,2.800251115911298605e+00,3.158410507073458051e-01
2.100000000000000000e+01,2.802631156870153184e+00,3.241474055938041166e-01
2.100000000000000000e+01,2.805008901002245647e+00,3.321804311623176575e-01
2.100000000000000000e+01,2.807384326304926958e+00,3.395544678504216485e-01
2.100000000000000000e+01,2.809763778281390234e+00,3.461045396238085492e-01
2.100000000000000000e+01,2.812140888822362683e+00,3.514008519958308208e-01
2.100000000000000000e+01,2.814515635791587478e+00,3.549416437452637130e-01
2.100000000000000000e+01,2.816894396919202848e+00,3.563339786503750273e-01
2.100000000000000000e+01,2.819277182391831005e+00,3.556724098534341238e-01
2.100000000000000000e+01,2.821651159259273456e+00,3.526558417659731437e-01
2.100000000000000000e+01,2.824029137518142551e+00,3.473747616215895895e-01
2.100000000000000000e+01,2.826411127293623426e+00,3.401398714536068568e-01
2.100000000000000000e+01,2.828784230557050972e+00,4.836312708761639212e-01
2.100000000000000000e+01,2.831161322165572702e+00,4.756515366148186263e-01
2.100000000000000000e+01,2.833542412182134651e+00,4.650047511666646205e-01
2.100000000000000000e+01,2.835921024016914149e+00,4.532457603890563957e-01
2.100000000000000000e+01,2.838297135088118761e+00,4.408858021463284982e-01
2.100000000000000000e+01,2.840677231205615438e+00,4.223930258035101248e-01
2.100000000000000000e+01,2.843054803040627743e+00,4.099877168058815857e-01
2.100000000000000000e+01,2.845429827880051832e+00,3.979659220406092657e-01
2.100000000000000000e+01,2.847808824123101878e+00,3.865383641519218871e-01
2.100000000000000000e+01,2.850185249634491935e+00,3.755075890731741639e-01
2.100000000000000000e+01,2.852565644594050376e+00,3.540898985351905170e-01
2.100000000000000000e+01,2.854943444955898801e+00,2.908738634924089017e-01
2.100000000000000000e+01,2.857318627786822773e+00,1.403332912723984638e-01
2.100000000000000000e+01,2.859697765996172869e+00,1.281386437337013184e-01
2.100000000000000000e+01,2.862080869472485301e+00,1.230327836783470241e-01
2.100000000000000000e+01,2.864454712355927857e+00,1.180019740847317311e-01
2.100000000000000000e+01,2.866832496293459265e+00,1.150957435234996051e-01
2.100000000000000000e+01,2.869214231107640511e+00,1.114999223358364017e-01
2.100000000000000000e+01,2.871586624881306449e+00,1.083391731774571570e-01
2.100000000000000000e+01,2.873969606985570024e+00,1.054511284879954824e-01
2.100000000000000000e+01,2.876343201527446158e+00,1.029457224286937089e-01
2.100000000000000000e+01,2.878720719985517373e+00,1.007919981325519493e-01
2.100000000000000000e+01,2.881102172098087610e+00,9.894885465999825325e-02
2.100000000000000000e+01,2.883480861554354568e+00,9.749575722498012020e-02
2.100000000000000000e+01,2.885856764896066906e+00,9.471678631736885068e-02
2.100000000000000000e+01,2.888236586815389195e+00,9.331204637635950871e-02
2.100000000000000000e+01,2.890613597715197436e+00,9.225576262489205981e-02
2.100000000000000000e+01,2.892994524384758570e+00,9.361251090993664981e-02
2.100000000000000000e+01,2.895365853522527733e+00,9.395585643068005144e-02
2.100000000000000000e+01,2.897747845885614293e+00,9.459723387893359536e-02
2.100000000000000000e+01,2.900126977032283726e+00,9.057714876899602974e-02
2.100000000000000000e+01,2.902503223200517901e+00,1.410684673345852583e-02
2.100000000000000000e+01,2.904883366561006319e+00,4.559631414129274897e-03
2.100000000000000000e+01,2.907260599562923709e+00,4.124077626214072648e-04
2.100000000000000000e+01,2.909634898318774088e+00,7.645510574868929913e-04
2.100000000000000000e+01,2.912013078324352744e+00,2.625780416619802760e-03
2.100000000000000000e+01,2.914395149104420657e+00,2.569361912813492368e-03
2.100000000000000000e+01,2.916774258379155604e+00,1.945433690196705012e-03
2.100000000000000000e+01,2.919150382085439865e+00,3.596607465497392297e-02
2.100000000000000000e+01,2.921523496123781261e+00,3.666238186713816766e-02
2.100000000000000000e+01,2.923907367138645963e+00,3.681049906983809017e-02
2.100000000000000000e+01,2.926281318344463589e+00,3.794762909682613400e-02
2.100000000000000000e+01,2.928659127554641639e+00,3.757144954170435480e-02
2.100000000000000000e+01,2.931040804181527015e+00,3.697580934673132258e-02
2.100000000000000000e+01,2.933419417291878162e+00,3.548860825050977746e-02
2.100000000000000000e+01,2.935794942524495799e+00,3.522736008061263385e-02
2.100000000000000000e+01,2.938174318344370928e+00,3.593505152485287901e-02
2.100000000000000000e+01,2.940550579959972044e+00,3.569281685284572680e-02
2.100000000000000000e+01,2.942930688311046872e+00,3.539820105617989127e-02
2.100000000000000000e+01,2.945307656001242336e+00,3.434005352001325700e-02
2.100000000000000000e+01,2.947681458460930770e+00,3.441988869992620992e-02
2.100000000000000000e+01,2.950059090390392047e+00,3.482622736345843129e-02
2.100000000000000000e+01,2.952440561063782720e+00,3.644475050149575263e-02
2.100000000000000000e+01,2.954818837778843132e+00,3.795635488484536135e-02
2.100000000000000000e+01,2.957193895793339244e+00,7.442141246123085141e-02
2.100000000000000000e+01,2.959572774981745535e+00,7.818140276334888117e-02
2.100000000000000000e+01,2.961955484573179920e+00,8.009223137704296613e-02
2.100000000000000000e+01,2.964327858985216224e+00,8.043091833799398405e-02
2.100000000000000000e+01,2.966711135514628506e+00,8.125117234895952445e-02
2.100000000000000000e+01,2.969084027002956372e+00,8.254959713714657421e-02
2.100000000000000000e+01,2.971467838945096585e+00,8.048286566130899433e-02
2.100000000000000000e+01,2.973841215813263883e+00,4.751910555977350431e-02
2.100000000000000000e+01,2.976218387048926051e+00,4.506263699438667336e-02
2.100000000000000000e+01,2.978599361758565323e+00,4.470770176797972395e-02
2.100000000000000000e+01,2.980976981837772488e+00,4.355942613700933969e-02
2.100000000000000000e+01,2.983351222083469256e+00,4.423128760977134560e-02
2.100000000000000000e+01,2.985729247336589065e+00,4.296826452046582923e-02
2.100000000000000000e+01,2.988111066655426029e+00,4.281578529600507665e-02
2.100000000000000000e+01,2.990489476071835462e+00,4.342870978876069155e-02
2.100000000000000000e+01,2.992864450213154281e+00,4.218092007514390174e-02
2.100000000000000000e+01,2.995243199646329124e+00,4.214233149728184580e-02
2.100000000000000000e+01,2.997618485893688511e+00,4.282472765294242228e-02
2.100000000000000000e+01,2.999997542427555786e+00,4.110374452987443361e-02
2.200000000000000000e+01,2.857318627786822773e+00,2.134899333886008388e-01
2.200000000000000000e+01,2.859697765996172869e+00,2.200989426965224427e-01
2.200000000000000000e+01,2.862080869472485301e+00,2.205747981848872052e-01
2.200000000000000000e+01,2.864454712355927857e+00,2.219254853817748396e-01
2.200000000000000000e+01,2.866832496293459265e+00,2.256951876973079252e-01
2.200000000000000000e+01,2.869214231107640511e+00,2.276071716797662126e-01
2.200000000000000000e+01,2.871586624881306449e+00,2.297648163157030021e-01
2.200000000000000000e+01,2.873969606985570024e+00,2.321944490963655794e-01
2.200000000000000000e+01,2.876343201527446158e+00,2.345336763109711342e-01
2.200000000000000000e+01,2.878720719985517373e+00,2.371832842223457194e-01
2.200000000000000000e+01,2.881102172098087610e+00,2.391348245605356415e-01
2.200000000000000000e+01,2.883480861554354568e+00,7.391334938708438509e-03
2.200000000000000000e+01,2.885856764896066906e+00,5.149863223221902951e-03
2.200000000000000000e+01,2.888236586815389195e+00,3.739982771274661093e-03
2.200000000000000000e+01,2.890613597715197436e+00,3.813103829014699315e-03
2.200000000000000000e+01,2.892994524384758570e+00,1.096322286919849693e-03
2.200000000000000000e+01,2.895365853522527733e+00,7.048583459223989539e-04
2.200000000000000000e+01,2.897747845885614293e+00,5.920225260896480731e-04
2.200000000000000000e+01,2.900126977032283726e+00,4.145862953349755201e-03
2.200000000000000000e+01,2.902503223200517901e+00,8.071620251979128025e-02
2.200000000000000000e+01,2.904883366561006319e+00,9.053112171632865524e-02
2.200000000000000000e+01,2.907260599562923709e+00,9.706411082286796332e-02
2.200000000000000000e+01,2.909634898318774088e+00,9.839433165318904606e-02
2.200000000000000000e+01,2.912013078324352744e+00,9.660550612455393038e-02
2.200000000000000000e+01,2.914395149104420657e+00,9.745276917956241514e-02
2.200000000000000000e+01,2.916774258379155604e+00,9.813028573901999563e-02
2.200000000000000000e+01,2.919150382085439865e+00,1.021465839710130608e-01
2.200000000000000000e+01,2.921523496123781261e+00,1.031938631801201794e-01
2.200000000000000000e+01,2.923907367138645963e+00,1.042690495099779929e-01
2.200000000000000000e+01,2.926281318344463589e+00,9.417648056426232428e-02
2.200000000000000000e+01,2.928659127554641639e+00,1.474709141840518586e-02
2.200000000000000000e+01,2.931040804181527015e+00,2.933764054901921714e-03
2.200000000000000000e+01,2.933419417291878162e+00,1.696359728889758811e-04
2.200000000000000000e+01,2.935794942524495799e+00,1.212409106873335119e-04
2.200000000000000000e+01,2.938174318344370928e+00,1.231357056594330765e-03
2.200000000000000000e+01,2.940550579959972044e+00,1.117583833416039858e-03
2.200000000000000000e+01,2.942930688311046872e+00,8.125475737692944983e-04
2.200000000000000000e+01,2.945307656001242336e+00,4.459863507599259012e-05
2.200000000000000000e+01,2.947681458460930770e+00,1.198163677931896411e-04
2.200000000000000000e+01,2.950059090390392047e+00,2.568233211338452008e-04
2.200000000000000000e+01,2.952440561063782720e+00,7.852036411663757941e-04
2.200000000000000000e+01,2.954818837778843132e+00,4.431768252962787862e-04
2.200000000000000000e+01,2.957193895793339244e+00,2.524818296221015236e-04
2.200000000000000000e+01,2.959572774981745535e+00,6.894459816785810996e-04
2.200000000000000000e+01,2.961955484573179920e+00,7.970127287015781286e-05
2.200000000000000000e+01,2.964327858985216224e+00,5.232322344789888452e-04
2.200000000000000000e+01,2.966711135514628506e+00,8.199595144538149305e-04
2.200000000000000000e+01,2.969084027002956372e+00,4.267472922724603558e-04
2.200000000000000000e+01,2.971467838945096585e+00,3.071499607160341205e-03
2.200000000000000000e+01,2.973841215813263883e+00,3.682053373436897786e-02
2.200000000000000000e+01,2.976218387048926051e+00,3.981596487890053104e-02
2.200000000000000000e+01,2.978599361758565323e+00,4.028680526805600293e-02
2.200000000000000000e+01,2.980976981837772488e+00,4.176213331011477403e-02
2.200000000000000000e+01,2.983351222083469256e+00,4.139869387148181756e-02
2.200000000000000000e+01,2.985729247336589065e+00,4.222536988991801299e-02
2.200000000000000000e+01,2.988111066655426029e+00,4.277172413729025957e-02
2.200000000000000000e+01,2.990489476071835462e+00,4.212927213964210577e-02
2.200000000000000000e+01,2.992864450213154281e+00,4.233179175473396338e-02
2.200000000000000000e+01,2.995243199646329124e+00,4.316140109813735443e-02
2.200000000000000000e+01,2.997618485893688511e+00,4.098913745925281127e-02
2.200000000000000000e+01,2.999997542427555786e+00,1.890619024783010346e-03
2.300000000000000000e+01,2.857318627786822773e+00,4.494051067776742110e-05
2.300000000000000000e+01,2.859697765996172869e+00,7.589492562513772416e-05
2.300000000000000000e+01,2.862080869472485301e+00,1.240674026527459198e-04
2.300000000000000000e+01,2.864454712355927857e+00,1.763401128112861193e-04
2.300000000000000000e+01,2.866832496293459265e+00,1.694383857875937378e-04
2.300000000000000000e+01,2.869214231107640511e+00,1.988446691700069180e-04
2.300000000000000000e+01,2.871586624881306449e+00,2.814566015352654702e-04
2.300000000000000000e+01,2.873969606985570024e+00,3.259244270010429280e-04
2.300000000000000000e+01,2.876343201527446158e+00,4.931093388922390712e-04
2.300000000000000000e+01,2.878720719985517373e+00,6.162544445429825020e-04
2.300000000000000000e+01,2.881102172098087610e+00,1.775957701799178116e-03
2.300000000000000000e+01,2.883480861554354568e+00,2.368207559445809629e-01
2.300000000000000000e+01,2.885856764896066906e+00,2.413230923609858136e-01
2.300000000000000000e+01,2.888236586815389195e+00,2.459244844201956826e-01
2.300000000000000000e+01,2.890613597715197436e+00,2.491606720892473315e-01
2.300000000000000000e+01,2.892994524384758570e+00,2.566923148470961480e-01
2.300000000000000000e+01,2.895365853522527733e+00,2.612531823409037779e-01
2.300000000000000000e+01,2.897747845885614293e+00,2.653988549856730605e-01
2.300000000000000000e+01,2.900126977032283726e+00,2.667198765984942765e-01
2.300000000000000000e+01,2.902503223200517901e+00,2.697713199814860685e-01
2.300000000000000000e+01,2.904883366561006319e+00,2.725556011790727373e-01
2.300000000000000000e+01,2.907260599562923709e+00,2.771463901589156231e-01
2.300000000000000000e+01,2.909634898318774088e+00,2.792391374614746069e-01
2.300000000000000000e+01,2.912013078324352744e+00,2.790658442893892976e-01
2.300000000000000000e+01,2.914395149104420657e+00,2.788183703149451631e-01
2.300000000000000000e+01,2.916774258379155604e+00,2.780362934475512082e-01
2.300000000000000000e+01,2.919150382085439865e+00,2.771740805848587064e-01
2.300000000000000000e+01,2.921523496123781261e+00,2.750511285796676808e-01
2.300000000000000000e+01,2.923907367138645963e+00,2.718934842576578581e-01
2.300000000000000000e+01,2.926281318344463589e+00,2.749647426905241776e-01
2.300000000000000000e+01,2.928659127554641639e+00,3.500634274306615445e-01
2.300000000000000000e+01,2.931040804181527015e+00,3.573304569142316534e-01
2.300000000000000000e+01,2.933419417291878162e+00,3.597601664397616639e-01
2.300000000000000000e+01,2.935794942524495799e+00,3.561405092025664576e-01
2.300000000000000000e+01,2.938174318344370928e+00,3.480340413038233716e-01
2.300000000000000000e+01,2.940550579959972044e+00,3.438032480538417146e-01
2.300000000000000000e+01,2.942930688311046872e+00,3.401883559988835848e-01
2.300000000000000000e+01,2.945307656001242336e+00,3.413555230543905417e-01
2.300000000000000000e+01,2.947681458460930770e+00,3.395778296297448651e-01
2.300000000000000000e+01,2.950059090390392047e+00,3.383345400199927466e-01
2.300000000000000000e+01,2.952440561063782720e+00,3.293381413743587949e-01
2.300000000000000000e+01,2.954818837778843132e+00,2.425957001296170090e-01
2.300000000000000000e+01,2.957193895793339244e+00,1.004755410734362725e-01
2.300000000000000000e+01,2.959572774981745535e+00,9.953170645487148527e-02
2.300000000000000000e+01,2.961955484573179920e+00,9.790336646018707456e-02
2.300000000000000000e+01,2.964327858985216224e+00,9.711068795899413519e-02
2.300000000000000000e+01,2.966711135514628506e+00,9.544946946950809419e-02
2.300000000000000000e+01,2.969084027002956372e+00,9.512856108491513085e-02
2.300000000000000000e+01,2.971467838945096585e+00,9.486029693366304638e-02
2.300000000000000000e+01,2.973841215813263883e+00,9.261769847436612801e-02
2.300000000000000000e+01,2.976218387048926051e+00,9.311245467735508596e-02
2.300000000000000000e+01,2.978599361758565323e+00,9.329634553483133474e-02
2.300000000000000000e+01,2.980976981837772488e+00,9.059721399151349219e-02
2.300000000000000000e+01,2.983351222083469256e+00,9.195080318088701132e-02
2.300000000000000000e+01,2.985729247336589065e+00,9.023803016614888317e-02
2.300000000000000000e+01,2.988111066655426029e+00,8.835233318792015678e-02
2.300000000000000000e+01,2.990489476071835462e+00,9.032484219840630768e-02
2.300000000000000000e+01,2.992864450213154281e+00,5.384067109422004636e-03
2.300000000000000000e+01,2.995243199646329124e+00,2.808022486259200302e-03
2.300000000000000000e+01,2.997618485893688511e+00,2.302663581730240300e-03
2.300000000000000000e+01,2.999997542427555786e+00,4.432351243763518744e-02
2.400000000000000000e+01,2.959572774981745535e+00,2.328898592095226538e-01
2.400000000000000000e+01,2.961955484573179920e+00,2.370253208750879581e-01
2.400000000000000000e+01,2.964327858985216224e+00,2.394929844658384155e-01
2.400000000000000000e+01,2.966711135514628506e+00,2.379318288447413443e-01
2.400000000000000000e+01,2.969084027002956372e+00,2.415596228758196962e-01
2.400000000000000000e+01,2.971467838945096585e+00,2.438240937022277122e-01
2.400000000000000000e+01,2.973841215813263883e+00,2.398198343099016971e-01
2.400000000000000000e+01,2.976218387048926051e+00,1.360158377207353747e-02
2.400000000000000000e+01,2.978599361758565323e+00,1.130880384487527876e-03
2.400000000000000000e+01,2.980976981837772488e+00,4.271464744604811827e-03
2.400000000000000000e+01,2.983351222083469256e+00,9.217733967944774552e-04
2.400000000000000000e+01,2.985729247336589065e+00,2.612140609867448851e-03
2.400000000000000000e+01,2.988111066655426029e+00,3.720411177521801369e-03
2.400000000000000000e+01,2.990489476071835462e+00,2.309728946715386248e-03
2.400000000000000000e+01,2.992864450213154281e+00,8.747342024609067179e-02
2.400000000000000000e+01,2.995243199646329124e+00,8.909746369499406404e-02
2.400000000000000000e+01,2.997618485893688511e+00,9.296068917890992767e-02
2.400000000000000000e+01,2.999997542427555786e+00,9.067309325673823805e-02
2.500000000000000000e+01,2.959572774981745535e+00,6.224238437072194185e-05
2.500000000000000000e+01,2.961955484573179920e+00,7.371880075102066798e-05
2.500000000000000000e+01,2.964327858985216224e+00,7.433695349538457786e-05
2.500000000000000000e+01,2.966711135514628506e+00,4.417816143501171423e-04
2.500000000000000000e+01,2.969084027002956372e+00,3.503652971569033020e-04
2.500000000000000000e+01,2.971467838945096585e+00,2.590150072251461264e-04
2.500000000000000000e+01,2.973841215813263883e+00,3.653987028830046023e-03
2.500000000000000000e+01,2.976218387048926051e+00,2.331643207511223392e-01
2.500000000000000000e+01,2.978599361758565323e+00,2.479001296062369186e-01
2.500000000000000000e+01,2.980976981837772488e+00,2.445758023081490706e-01
2.500000000000000000e+01,2.983351222083469256e+00,2.503998726662316487e-01
2.500000000000000000e+01,2.985729247336589065e+00,2.498976016663417288e-01
2.500000000000000000e+01,2.988111066655426029e+00,2.505731059973009822e-01
2.500000000000000000e+01,2.990489476071835462e+00,2.543748473826493717e-01
2.500000000000000000e+01,2.992864450213154281e+00,2.537600540299273510e-01
2.500000000000000000e+01,2.995243199646329124e+00,2.537336286429849874e-01
2.500000000000000000e+01,2.997618485893688511e+00,2.561201746486190256e-01
2.500000000000000000e+01,2.999997542427555786e+00,2.554288192133626345e-01
