lambda (nm), Source power (W), Trans power (W), 1-R power (W), FF total power (W), Power in cone angles (1,)
300	1.62556e-16	2.45287e-17	1.07527e-16	6.01572e-14	2.50839e-14	2.54716e-14	2.55729e-14	2.56124e-14	2.56378e-14	2.56563e-14	2.56668e-14	2.56737e-14	2.56906e-14	2.59381e-14	3.28037e-14	3.29805e-14	3.30872e-14	3.36405e-14	3.95283e-14	3.96365e-14	3.96957e-14	3.97529e-14	3.98137e-14	4.00669e-14	4.72576e-14	4.74717e-14	5.04671e-14	5.06061e-14	5.06402e-14	5.06578e-14	5.0671e-14	5.06931e-14	5.15772e-14	5.16622e-14	5.18392e-14	5.48114e-14	5.50654e-14	5.71367e-14	5.71664e-14	5.71807e-14	5.71991e-14	5.72879e-14	5.83793e-14	5.84071e-14	5.84146e-14	5.84229e-14	5.8445e-14	5.88784e-14	5.89086e-14	5.91992e-14	5.95064e-14	5.9538e-14	5.95434e-14	5.95538e-14	5.96877e-14	5.96935e-14	5.96961e-14	5.9698e-14	5.96999e-14	5.97017e-14	5.97044e-14	5.97078e-14	5.97174e-14	5.99545e-14	5.99677e-14	6.00737e-14	6.00787e-14	6.00796e-14	6.00816e-14	6.00826e-14	6.00853e-14	6.01359e-14	6.01384e-14	6.01403e-14	6.01413e-14	6.01416e-14	6.01425e-14	6.01429e-14	6.01432e-14	6.01439e-14	6.01449e-14	6.01504e-14	6.01506e-14	6.01515e-14	6.01518e-14	6.01526e-14	6.01529e-14	6.01541e-14	6.01541e-14	6.01547e-14	6.01572e-14	6.01572e-14	6.01572e-14	6.01572e-14
303.01	1.62556e-16	2.74842e-17	1.11065e-16	6.63797e-14	2.54838e-14	2.5878e-14	2.59822e-14	2.60219e-14	2.6046e-14	2.60631e-14	2.60727e-14	2.60799e-14	2.61018e-14	2.63246e-14	3.6218e-14	3.64558e-14	3.65874e-14	3.73459e-14	4.67427e-14	4.68773e-14	4.69551e-14	4.70203e-14	4.7101e-14	4.73151e-14	5.28863e-14	5.31636e-14	5.60433e-14	5.61983e-14	5.62358e-14	5.62546e-14	5.62678e-14	5.62891e-14	5.67007e-14	5.6832e-14	5.70071e-14	6.02112e-14	6.0455e-14	6.30216e-14	6.30508e-14	6.30659e-14	6.30816e-14	6.31486e-14	6.38829e-14	6.39155e-14	6.39233e-14	6.39331e-14	6.39558e-14	6.47996e-14	6.48547e-14	6.55261e-14	6.57877e-14	6.58142e-14	6.58215e-14	6.58308e-14	6.60088e-14	6.6016e-14	6.60191e-14	6.60216e-14	6.60228e-14	6.60254e-14	6.6029e-14	6.60306e-14	6.60405e-14	6.62455e-14	6.62571e-14	6.63212e-14	6.63241e-14	6.63264e-14	6.63279e-14	6.63285e-14	6.63299e-14	6.63392e-14	6.63493e-14	6.63501e-14	6.63511e-14	6.63518e-14	6.6352e-14	6.63529e-14	6.63532e-14	6.63541e-14	6.63552e-14	6.6374e-14	6.63753e-14	6.63756e-14	6.63758e-14	6.6377e-14	6.63771e-14	6.63783e-14	6.63783e-14	6.63785e-14	6.63797e-14	6.63797e-14	6.63797e-14	6.63797e-14
306.02	1.62556e-16	3.05001e-17	1.14626e-16	7.49872e-14	2.54305e-14	2.5824e-14	2.59287e-14	2.59679e-14	2.59903e-14	2.60056e-14	2.60142e-14	2.60219e-14	2.60518e-14	2.63339e-14	4.02623e-14	4.05749e-14	4.07403e-14	4.17345e-14	5.62392e-14	5.64085e-14	5.65091e-14	5.65878e-14	5.66878e-14	5.69322e-14	6.1592e-14	6.1929e-14	6.49359e-14	6.5112e-14	6.51528e-14	6.51737e-14	6.51888e-14	6.52094e-14	6.53705e-14	6.55825e-14	6.57142e-14	6.84921e-14	6.86884e-14	7.11983e-14	7.123e-14	7.12435e-14	7.12582e-14	7.12991e-14	7.17564e-14	7.17874e-14	7.17944e-14	7.18053e-14	7.18202e-14	7.29575e-14	7.30359e-14	7.40885e-14	7.42489e-14	7.42643e-14	7.42718e-14	7.42789e-14	7.44613e-14	7.44729e-14	7.44764e-14	7.4479e-14	7.44805e-14	7.44834e-14	7.44864e-14	7.44887e-14	7.45e-14	7.47587e-14	7.47755e-14	7.49008e-14	7.49073e-14	7.49095e-14	7.49112e-14	7.49124e-14	7.49134e-14	7.49159e-14	7.49402e-14	7.49422e-14	7.49428e-14	7.49437e-14	7.49441e-14	7.49445e-14	7.4945e-14	7.49461e-14	7.49488e-14	7.49785e-14	7.49813e-14	7.49818e-14	7.49821e-14	7.49827e-14	7.49828e-14	7.49845e-14	7.49846e-14	7.49846e-14	7.49872e-14	7.49872e-14	7.49872e-14	7.49872e-14
309.03	1.62556e-16	3.34911e-17	1.18187e-16	8.72057e-14	2.52217e-14	2.56119e-14	2.57166e-14	2.5755e-14	2.57759e-14	2.57895e-14	2.57971e-14	2.58058e-14	2.58458e-14	2.62724e-14	4.49468e-14	4.53397e-14	4.55486e-14	4.67925e-14	6.83055e-14	6.85218e-14	6.86476e-14	6.87472e-14	6.88611e-14	6.91897e-14	7.41925e-14	7.45654e-14	7.85109e-14	7.87514e-14	7.87958e-14	7.88196e-14	7.88377e-14	7.88591e-14	7.89362e-14	7.9276e-14	7.93667e-14	8.13406e-14	8.14861e-14	8.3462e-14	8.35042e-14	8.35156e-14	8.35314e-14	8.35571e-14	8.38694e-14	8.38952e-14	8.39017e-14	8.39122e-14	8.39222e-14	8.50057e-14	8.50755e-14	8.61996e-14	8.62784e-14	8.62902e-14	8.62967e-14	8.63026e-14	8.64742e-14	8.64881e-14	8.64913e-14	8.64935e-14	8.64957e-14	8.64979e-14	8.65003e-14	8.6504e-14	8.65119e-14	8.68243e-14	8.68455e-14	8.70896e-14	8.7109e-14	8.71101e-14	8.71123e-14	8.71135e-14	8.71146e-14	8.71182e-14	8.71622e-14	8.71658e-14	8.71667e-14	8.71672e-14	8.71681e-14	8.71683e-14	8.71688e-14	8.71694e-14	8.71723e-14	8.71977e-14	8.71997e-14	8.72005e-14	8.72014e-14	8.72017e-14	8.72017e-14	8.7203e-14	8.7203e-14	8.72031e-14	8.72057e-14	8.72057e-14	8.72057e-14	8.72057e-14
312.04	1.62556e-16	3.64003e-17	1.21632e-16	1.78518e-13	2.4789e-14	2.51768e-14	2.52897e-14	2.53322e-14	2.53512e-14	2.53618e-14	2.5368e-14	2.5376e-14	2.54276e-14	2.66564e-14	5.62006e-14	5.66275e-14	5.69932e-14	5.80941e-14	1.09622e-13	1.10167e-13	1.10309e-13	1.10472e-13	1.1057e-13	1.10861e-13	1.30289e-13	1.30709e-13	1.52154e-13	1.54274e-13	1.54394e-13	1.54444e-13	1.54478e-13	1.54525e-13	1.54654e-13	1.59587e-13	1.59737e-13	1.64201e-13	1.64347e-13	1.70875e-13	1.70968e-13	1.7099e-13	1.71019e-13	1.71046e-13	1.73292e-13	1.73516e-13	1.73531e-13	1.73544e-13	1.73556e-13	1.73619e-13	1.7475e-13	1.7631e-13	1.76473e-13	1.76729e-13	1.76739e-13	1.76749e-13	1.76815e-13	1.7739e-13	1.77399e-13	1.77404e-13	1.77406e-13	1.77409e-13	1.77413e-13	1.77414e-13	1.7742e-13	1.77442e-13	1.77843e-13	1.77885e-13	1.78256e-13	1.78275e-13	1.78278e-13	1.7828e-13	1.78281e-13	1.78283e-13	1.78293e-13	1.78455e-13	1.7847e-13	1.78473e-13	1.78473e-13	1.78474e-13	1.78475e-13	1.78476e-13	1.78476e-13	1.78477e-13	1.7848e-13	1.78481e-13	1.78511e-13	1.78514e-13	1.78514e-13	1.78516e-13	1.78516e-13	1.78517e-13	1.78518e-13	1.78518e-13	1.78518e-13	1.78518e-13
315.05	1.62556e-16	3.91428e-17	1.24831e-16	8.20806e-14	2.44628e-14	2.4846e-14	2.49669e-14	2.50165e-14	2.50383e-14	2.5048e-14	2.50529e-14	2.50587e-14	2.50838e-14	2.54827e-14	4.13366e-14	4.18131e-14	4.20288e-14	4.2558e-14	5.66176e-14	5.68694e-14	5.70035e-14	5.71167e-14	5.71847e-14	5.74476e-14	6.4951e-14	6.52379e-14	6.58308e-14	7.0137e-14	7.02337e-14	7.0264e-14	7.02836e-14	7.03005e-14	7.03331e-14	7.04821e-14	7.11702e-14	7.54905e-14	7.57605e-14	7.8844e-14	7.91295e-14	7.91548e-14	7.91722e-14	7.91896e-14	7.92336e-14	8.01118e-14	8.01325e-14	8.01424e-14	8.01483e-14	8.01597e-14	8.08437e-14	8.08909e-14	8.13744e-14	8.1412e-14	8.16115e-14	8.16192e-14	8.16257e-14	8.17654e-14	8.17742e-14	8.17781e-14	8.17795e-14	8.17822e-14	8.1785e-14	8.17856e-14	8.17896e-14	8.17954e-14	8.18017e-14	8.1964e-14	8.19685e-14	8.19834e-14	8.20296e-14	8.20315e-14	8.20323e-14	8.20335e-14	8.20339e-14	8.20351e-14	8.20401e-14	8.20575e-14	8.20586e-14	8.20595e-14	8.20597e-14	8.20601e-14	8.20609e-14	8.20612e-14	8.20615e-14	8.2062e-14	8.20623e-14	8.20639e-14	8.2064e-14	8.20796e-14	8.20796e-14	8.20797e-14	8.20806e-14	8.20806e-14	8.20806e-14	8.20806e-14
318.06	1.62556e-16	4.16845e-17	1.27665e-16	8.45994e-14	2.45619e-14	2.49438e-14	2.50689e-14	2.51238e-14	2.51499e-14	2.5162e-14	2.51681e-14	2.51775e-14	2.52186e-14	2.56038e-14	4.08033e-14	4.13614e-14	4.16039e-14	4.18646e-14	5.20258e-14	5.2511e-14	5.2659e-14	5.27442e-14	5.28378e-14	5.30367e-14	6.54553e-14	6.58514e-14	6.61789e-14	7.23081e-14	7.25285e-14	7.25665e-14	7.25872e-14	7.26115e-14	7.26418e-14	7.28117e-14	7.46221e-14	7.48309e-14	7.91401e-14	7.93672e-14	8.17964e-14	8.18358e-14	8.1855e-14	8.18671e-14	8.1891e-14	8.31126e-14	8.32059e-14	8.32212e-14	8.32287e-14	8.32355e-14	8.32501e-14	8.3574e-14	8.36626e-14	8.37845e-14	8.38079e-14	8.39762e-14	8.39825e-14	8.3989e-14	8.40897e-14	8.40961e-14	8.4098e-14	8.4101e-14	8.41034e-14	8.41042e-14	8.41074e-14	8.41098e-14	8.4113e-14	8.41265e-14	8.43354e-14	8.43633e-14	8.44874e-14	8.44938e-14	8.44968e-14	8.44977e-14	8.44988e-14	8.44994e-14	8.45008e-14	8.4506e-14	8.45881e-14	8.45919e-14	8.45926e-14	8.45947e-14	8.45952e-14	8.45962e-14	8.45964e-14	8.45967e-14	8.45968e-14	8.45974e-14	8.45975e-14	8.45989e-14	8.4599e-14	8.45993e-14	8.45994e-14	8.45994e-14	8.45994e-14	8.45994e-14
321.07	1.62556e-16	4.3965e-17	1.30066e-16	1.59685e-13	2.53856e-14	2.57775e-14	2.59074e-14	2.59658e-14	2.59947e-14	2.60092e-14	2.60167e-14	2.60262e-14	2.60686e-14	2.65377e-14	6.28681e-14	6.345e-14	6.38226e-14	6.44347e-14	1.16814e-13	1.17795e-13	1.18085e-13	1.18234e-13	1.18368e-13	1.18523e-13	1.19063e-13	1.32964e-13	1.33351e-13	1.4857e-13	1.49372e-13	1.49438e-13	1.49475e-13	1.49508e-13	1.4954e-13	1.4961e-13	1.51951e-13	1.52083e-13	1.54402e-13	1.54618e-13	1.57424e-13	1.5754e-13	1.57567e-13	1.57579e-13	1.57598e-13	1.57654e-13	1.58328e-13	1.5835e-13	1.58358e-13	1.58366e-13	1.58382e-13	1.58721e-13	1.5875e-13	1.59183e-13	1.59201e-13	1.59252e-13	1.59261e-13	1.59266e-13	1.59275e-13	1.59393e-13	1.59399e-13	1.59401e-13	1.59404e-13	1.59406e-13	1.59408e-13	1.59412e-13	1.59413e-13	1.59419e-13	1.59422e-13	1.59494e-13	1.59526e-13	1.59612e-13	1.59632e-13	1.59633e-13	1.59635e-13	1.59636e-13	1.59637e-13	1.59638e-13	1.59639e-13	1.59641e-13	1.59671e-13	1.59679e-13	1.5968e-13	1.59681e-13	1.59682e-13	1.59682e-13	1.59683e-13	1.59684e-13	1.59684e-13	1.59685e-13	1.59685e-13	1.59685e-13	1.59685e-13	1.59685e-13	1.59685e-13	1.59685e-13
324.08	1.62556e-16	4.60069e-17	1.32096e-16	2.06299e-13	2.71634e-14	2.75814e-14	2.77201e-14	2.77827e-14	2.78142e-14	2.78301e-14	2.78384e-14	2.78469e-14	2.78795e-14	2.81827e-14	7.02742e-14	7.12869e-14	7.16689e-14	7.24021e-14	1.31801e-13	1.33594e-13	1.33834e-13	1.33989e-13	1.34151e-13	1.34348e-13	1.35633e-13	1.56414e-13	1.56768e-13	1.80747e-13	1.82183e-13	1.82288e-13	1.82345e-13	1.82384e-13	1.82435e-13	1.82508e-13	1.87068e-13	1.8727e-13	1.9243e-13	1.92781e-13	1.99629e-13	1.9994e-13	1.99982e-13	2.00003e-13	2.00028e-13	2.00084e-13	2.02224e-13	2.02268e-13	2.02282e-13	2.02289e-13	2.02302e-13	2.03261e-13	2.03327e-13	2.04626e-13	2.04705e-13	2.04933e-13	2.04959e-13	2.04969e-13	2.04979e-13	2.05476e-13	2.05494e-13	2.05498e-13	2.05501e-13	2.05504e-13	2.05506e-13	2.0551e-13	2.05512e-13	2.05517e-13	2.05521e-13	2.05549e-13	2.05863e-13	2.05885e-13	2.06131e-13	2.06138e-13	2.06141e-13	2.06142e-13	2.06144e-13	2.06145e-13	2.06146e-13	2.06148e-13	2.06155e-13	2.06286e-13	2.0629e-13	2.06292e-13	2.06294e-13	2.06295e-13	2.06295e-13	2.06296e-13	2.06296e-13	2.06299e-13	2.06299e-13	2.06299e-13	2.06299e-13	2.06299e-13	2.06299e-13	2.06299e-13
327.09	1.62556e-16	4.79325e-17	1.34047e-16	1.40947e-13	2.94873e-14	2.99392e-14	3.00891e-14	3.01565e-14	3.01903e-14	3.02072e-14	3.02159e-14	3.02239e-14	3.02508e-14	3.04304e-14	6.90187e-14	7.04443e-14	7.08029e-14	7.13705e-14	1.07024e-13	1.08761e-13	1.08984e-13	1.09114e-13	1.09195e-13	1.09353e-13	1.09923e-13	1.21583e-13	1.21957e-13	1.31972e-13	1.32895e-13	1.32991e-13	1.33037e-13	1.3307e-13	1.33101e-13	1.33163e-13	1.34286e-13	1.34431e-13	1.35298e-13	1.36487e-13	1.37531e-13	1.38592e-13	1.38631e-13	1.38647e-13	1.38663e-13	1.38687e-13	1.39059e-13	1.39085e-13	1.39095e-13	1.39101e-13	1.39107e-13	1.39142e-13	1.39642e-13	1.39675e-13	1.40272e-13	1.40293e-13	1.40324e-13	1.40331e-13	1.40338e-13	1.40475e-13	1.40489e-13	1.40494e-13	1.40496e-13	1.40499e-13	1.405e-13	1.40503e-13	1.40504e-13	1.40508e-13	1.4051e-13	1.40518e-13	1.40659e-13	1.4069e-13	1.40696e-13	1.40859e-13	1.40866e-13	1.40867e-13	1.40869e-13	1.40869e-13	1.4087e-13	1.40871e-13	1.40873e-13	1.40875e-13	1.40935e-13	1.40939e-13	1.40943e-13	1.40943e-13	1.40944e-13	1.40945e-13	1.40945e-13	1.40947e-13	1.40947e-13	1.40947e-13	1.40947e-13	1.40947e-13	1.40947e-13	1.40947e-13
330.1	1.62556e-16	4.99021e-17	1.36209e-16	1.11089e-13	3.15431e-14	3.20245e-14	3.21835e-14	3.22545e-14	3.22895e-14	3.23069e-14	3.23158e-14	3.23256e-14	3.23605e-14	3.25846e-14	6.21174e-14	6.35211e-14	6.38708e-14	6.421e-14	7.69842e-14	7.78351e-14	7.80293e-14	7.81357e-14	7.82315e-14	7.83892e-14	7.88846e-14	8.92697e-14	8.95248e-14	9.06113e-14	9.63288e-14	9.64145e-14	9.6452e-14	9.64787e-14	9.65066e-14	9.65356e-14	9.67626e-14	9.75031e-14	9.77631e-14	1.03542e-13	1.03967e-13	1.07818e-13	1.07858e-13	1.07873e-13	1.07893e-13	1.07917e-13	1.08915e-13	1.09002e-13	1.09014e-13	1.09025e-13	1.09033e-13	1.09072e-13	1.0967e-13	1.09712e-13	1.10153e-13	1.10184e-13	1.10557e-13	1.10567e-13	1.10574e-13	1.10605e-13	1.10751e-13	1.1076e-13	1.10762e-13	1.10765e-13	1.10766e-13	1.10768e-13	1.1077e-13	1.10773e-13	1.10776e-13	1.10781e-13	1.10811e-13	1.1101e-13	1.11016e-13	1.11031e-13	1.11054e-13	1.11055e-13	1.11056e-13	1.11057e-13	1.11057e-13	1.11059e-13	1.11059e-13	1.1106e-13	1.11061e-13	1.11069e-13	1.11084e-13	1.11084e-13	1.11085e-13	1.11086e-13	1.11086e-13	1.11088e-13	1.11088e-13	1.11089e-13	1.11089e-13	1.11089e-13	1.11089e-13	1.11089e-13
333.11	1.62556e-16	5.19139e-17	1.38443e-16	1.12568e-13	3.28702e-14	3.33706e-14	3.35352e-14	3.36084e-14	3.36443e-14	3.36623e-14	3.36728e-14	3.36875e-14	3.37418e-14	3.41102e-14	5.95347e-14	6.07325e-14	6.1099e-14	6.13687e-14	6.70119e-14	6.754e-14	6.76996e-14	6.78077e-14	6.79284e-14	6.81081e-14	6.87891e-14	8.93942e-14	8.96403e-14	9.03054e-14	9.93034e-14	9.94323e-14	9.948e-14	9.95077e-14	9.95393e-14	9.95939e-14	9.9814e-14	1.03051e-13	1.03255e-13	1.07226e-13	1.07472e-13	1.09525e-13	1.09565e-13	1.09585e-13	1.09606e-13	1.09634e-13	1.111e-13	1.11209e-13	1.11229e-13	1.11237e-13	1.11245e-13	1.11265e-13	1.11517e-13	1.11531e-13	1.11692e-13	1.11708e-13	1.1195e-13	1.11965e-13	1.1197e-13	1.11979e-13	1.12158e-13	1.12164e-13	1.12169e-13	1.1217e-13	1.12173e-13	1.12175e-13	1.12177e-13	1.12178e-13	1.12181e-13	1.12184e-13	1.12194e-13	1.12356e-13	1.12363e-13	1.12371e-13	1.12428e-13	1.12431e-13	1.12432e-13	1.12432e-13	1.12434e-13	1.12435e-13	1.12435e-13	1.12437e-13	1.12438e-13	1.12446e-13	1.12552e-13	1.12558e-13	1.12563e-13	1.12565e-13	1.12567e-13	1.12567e-13	1.12568e-13	1.12568e-13	1.12568e-13	1.12568e-13	1.12568e-13	1.12568e-13
336.12	1.62556e-16	5.3826e-17	1.40383e-16	1.16311e-13	3.377e-14	3.42838e-14	3.44529e-14	3.45282e-14	3.45657e-14	3.45857e-14	3.45997e-14	3.46227e-14	3.47025e-14	3.52363e-14	6.11242e-14	6.22169e-14	6.26001e-14	6.28737e-14	6.60604e-14	6.72254e-14	6.73685e-14	6.74809e-14	6.75722e-14	6.77355e-14	6.82312e-14	9.43628e-14	9.47769e-14	9.56819e-14	1.05328e-13	1.05469e-13	1.05521e-13	1.05551e-13	1.0558e-13	1.05638e-13	1.06203e-13	1.11255e-13	1.11324e-13	1.12901e-13	1.13011e-13	1.13733e-13	1.1377e-13	1.13783e-13	1.138e-13	1.13824e-13	1.14256e-13	1.14661e-13	1.14686e-13	1.14698e-13	1.14705e-13	1.14721e-13	1.15186e-13	1.15214e-13	1.15462e-13	1.15488e-13	1.15528e-13	1.15544e-13	1.1555e-13	1.15562e-13	1.16053e-13	1.16084e-13	1.16088e-13	1.1609e-13	1.16092e-13	1.16095e-13	1.16096e-13	1.16099e-13	1.16099e-13	1.16102e-13	1.16108e-13	1.16172e-13	1.16227e-13	1.16231e-13	1.16244e-13	1.16248e-13	1.16249e-13	1.16251e-13	1.16251e-13	1.16252e-13	1.16253e-13	1.16255e-13	1.16255e-13	1.16256e-13	1.1628e-13	1.16284e-13	1.16306e-13	1.16308e-13	1.16308e-13	1.16309e-13	1.16309e-13	1.1631e-13	1.16311e-13	1.16311e-13	1.16311e-13	1.16311e-13
339.13	1.62556e-16	5.55374e-17	1.41931e-16	1.20916e-13	3.48953e-14	3.54272e-14	3.56031e-14	3.56825e-14	3.57232e-14	3.5747e-14	3.57665e-14	3.57995e-14	3.59029e-14	3.65414e-14	7.08884e-14	7.24472e-14	7.28486e-14	7.3166e-14	7.51992e-14	7.9071e-14	7.92292e-14	7.93392e-14	7.93949e-14	7.95355e-14	7.98187e-14	9.97726e-14	1.00261e-13	1.01103e-13	1.09835e-13	1.09971e-13	1.10016e-13	1.10046e-13	1.10071e-13	1.10106e-13	1.1049e-13	1.13691e-13	1.13781e-13	1.16731e-13	1.16845e-13	1.18373e-13	1.18411e-13	1.18431e-13	1.18447e-13	1.18466e-13	1.18519e-13	1.19804e-13	1.19831e-13	1.19838e-13	1.19844e-13	1.19855e-13	1.20018e-13	1.20035e-13	1.20136e-13	1.20153e-13	1.20169e-13	1.20371e-13	1.20376e-13	1.20383e-13	1.20533e-13	1.20551e-13	1.20557e-13	1.20559e-13	1.20561e-13	1.20563e-13	1.20565e-13	1.20566e-13	1.20569e-13	1.2057e-13	1.20576e-13	1.20584e-13	1.20721e-13	1.20725e-13	1.20738e-13	1.20777e-13	1.20781e-13	1.20781e-13	1.20782e-13	1.20784e-13	1.20784e-13	1.20785e-13	1.20786e-13	1.20789e-13	1.20793e-13	1.20798e-13	1.20901e-13	1.20905e-13	1.20911e-13	1.20913e-13	1.20913e-13	1.20915e-13	1.20916e-13	1.20916e-13	1.20916e-13	1.20916e-13
342.14	1.62556e-16	5.70831e-17	1.43259e-16	1.21828e-13	3.69565e-14	3.75232e-14	3.77132e-14	3.78012e-14	3.78488e-14	3.78791e-14	3.79061e-14	3.79498e-14	3.80739e-14	3.87949e-14	7.3673e-14	7.51609e-14	7.55796e-14	7.58997e-14	7.83227e-14	8.15035e-14	8.16591e-14	8.17704e-14	8.18307e-14	8.19696e-14	8.22606e-14	1.01994e-13	1.02436e-13	1.03284e-13	1.11964e-13	1.1209e-13	1.12134e-13	1.12162e-13	1.12186e-13	1.12225e-13	1.12676e-13	1.16371e-13	1.16446e-13	1.18464e-13	1.18554e-13	1.19571e-13	1.19602e-13	1.19618e-13	1.19633e-13	1.1965e-13	1.19704e-13	1.20745e-13	1.20767e-13	1.20775e-13	1.20779e-13	1.20788e-13	1.20976e-13	1.20985e-13	1.21105e-13	1.21117e-13	1.21129e-13	1.21249e-13	1.21255e-13	1.2126e-13	1.2148e-13	1.2149e-13	1.21496e-13	1.21497e-13	1.215e-13	1.21502e-13	1.21504e-13	1.21505e-13	1.21508e-13	1.21509e-13	1.21516e-13	1.21523e-13	1.21652e-13	1.21657e-13	1.21669e-13	1.21701e-13	1.21704e-13	1.21705e-13	1.21706e-13	1.21707e-13	1.21707e-13	1.21708e-13	1.2171e-13	1.21713e-13	1.21714e-13	1.21719e-13	1.21814e-13	1.21819e-13	1.21824e-13	1.21826e-13	1.21826e-13	1.21827e-13	1.21828e-13	1.21828e-13	1.21828e-13	1.21828e-13
345.151	1.62556e-16	5.85819e-17	1.44761e-16	1.21534e-13	4.02349e-14	4.0857e-14	4.10693e-14	4.11709e-14	4.12289e-14	4.12686e-14	4.13053e-14	4.13607e-14	4.15031e-14	4.22725e-14	7.54287e-14	7.67335e-14	7.71694e-14	7.74748e-14	8.10675e-14	8.24948e-14	8.26465e-14	8.27591e-14	8.2845e-14	8.29905e-14	8.33846e-14	1.02979e-13	1.03302e-13	1.0411e-13	1.12692e-13	1.12815e-13	1.12861e-13	1.12887e-13	1.12912e-13	1.12964e-13	1.13487e-13	1.18087e-13	1.18139e-13	1.19074e-13	1.19147e-13	1.19629e-13	1.19658e-13	1.19667e-13	1.19681e-13	1.197e-13	1.20005e-13	1.20361e-13	1.2038e-13	1.2039e-13	1.20395e-13	1.20404e-13	1.20669e-13	1.2069e-13	1.20856e-13	1.20874e-13	1.20904e-13	1.20918e-13	1.20924e-13	1.20933e-13	1.21311e-13	1.21335e-13	1.21338e-13	1.21341e-13	1.21343e-13	1.21346e-13	1.21346e-13	1.2135e-13	1.2135e-13	1.21353e-13	1.21359e-13	1.21408e-13	1.21456e-13	1.21459e-13	1.21471e-13	1.21477e-13	1.21478e-13	1.21479e-13	1.2148e-13	1.2148e-13	1.21481e-13	1.21483e-13	1.21483e-13	1.21484e-13	1.21501e-13	1.21505e-13	1.21528e-13	1.2153e-13	1.2153e-13	1.21531e-13	1.21531e-13	1.21532e-13	1.21534e-13	1.21534e-13	1.21534e-13	1.21534e-13
348.161	1.62556e-16	6.04366e-17	1.47533e-16	1.26227e-13	4.54006e-14	4.61097e-14	4.63565e-14	4.64787e-14	4.65521e-14	4.66052e-14	4.66553e-14	4.67252e-14	4.68845e-14	4.76483e-14	8.43536e-14	8.58312e-14	8.62839e-14	8.65914e-14	9.19544e-14	9.26698e-14	9.28349e-14	9.29443e-14	9.30519e-14	9.31991e-14	9.36672e-14	1.08968e-13	1.09171e-13	1.09812e-13	1.17737e-13	1.17852e-13	1.17895e-13	1.17917e-13	1.17944e-13	1.17996e-13	1.1831e-13	1.22029e-13	1.22098e-13	1.23334e-13	1.23428e-13	1.24171e-13	1.24198e-13	1.24211e-13	1.24225e-13	1.24245e-13	1.25093e-13	1.2517e-13	1.25187e-13	1.25194e-13	1.252e-13	1.25211e-13	1.25404e-13	1.25421e-13	1.25549e-13	1.25563e-13	1.25649e-13	1.25657e-13	1.25661e-13	1.25671e-13	1.25889e-13	1.25902e-13	1.25907e-13	1.25908e-13	1.25911e-13	1.25912e-13	1.25915e-13	1.25916e-13	1.2592e-13	1.25922e-13	1.25932e-13	1.26072e-13	1.26077e-13	1.26083e-13	1.26125e-13	1.26127e-13	1.26128e-13	1.26128e-13	1.2613e-13	1.26131e-13	1.26131e-13	1.26132e-13	1.26133e-13	1.26139e-13	1.26215e-13	1.26219e-13	1.2622e-13	1.26222e-13	1.26224e-13	1.26226e-13	1.26226e-13	1.26226e-13	1.26227e-13	1.26227e-13	1.26227e-13	1.26227e-13
351.171	1.62556e-16	6.41083e-17	1.54693e-16	2.3316e-13	6.75184e-14	6.85873e-14	6.89662e-14	6.91591e-14	6.92786e-14	6.9366e-14	6.9444e-14	6.95377e-14	6.97106e-14	7.03763e-14	1.67448e-13	1.70186e-13	1.70708e-13	1.71361e-13	2.06479e-13	2.08014e-13	2.08215e-13	2.0834e-13	2.08422e-13	2.08562e-13	2.09042e-13	2.16855e-13	2.17111e-13	2.27695e-13	2.28267e-13	2.28344e-13	2.2838e-13	2.28404e-13	2.28431e-13	2.28487e-13	2.29919e-13	2.30026e-13	2.30564e-13	2.30789e-13	2.31659e-13	2.31896e-13	2.31917e-13	2.31927e-13	2.3194e-13	2.31961e-13	2.32307e-13	2.32329e-13	2.32336e-13	2.32342e-13	2.32345e-13	2.32384e-13	2.32522e-13	2.32582e-13	2.3276e-13	2.32789e-13	2.32806e-13	2.32811e-13	2.32817e-13	2.32899e-13	2.32903e-13	2.32909e-13	2.32911e-13	2.32914e-13	2.32916e-13	2.32919e-13	2.32922e-13	2.32924e-13	2.3293e-13	2.32935e-13	2.33007e-13	2.33014e-13	2.33016e-13	2.33108e-13	2.33111e-13	2.33112e-13	2.33113e-13	2.33114e-13	2.33115e-13	2.33116e-13	2.33117e-13	2.33118e-13	2.33153e-13	2.33154e-13	2.33156e-13	2.33156e-13	2.33156e-13	2.33158e-13	2.33159e-13	2.3316e-13	2.3316e-13	2.3316e-13	2.3316e-13	2.3316e-13	2.3316e-13	2.3316e-13
354.181	1.62556e-16	6.37063e-17	1.5251e-16	1.51579e-13	8.86267e-14	9.0053e-14	9.05492e-14	9.07943e-14	9.09402e-14	9.10433e-14	9.11343e-14	9.12474e-14	9.147e-14	9.24438e-14	1.23943e-13	1.2549e-13	1.2581e-13	1.26163e-13	1.30046e-13	1.30307e-13	1.304e-13	1.30483e-13	1.30563e-13	1.3067e-13	1.38975e-13	1.3937e-13	1.39746e-13	1.44435e-13	1.44543e-13	1.44581e-13	1.44599e-13	1.44627e-13	1.4466e-13	1.45044e-13	1.48336e-13	1.48575e-13	1.48947e-13	1.49098e-13	1.49292e-13	1.49308e-13	1.4932e-13	1.49333e-13	1.49358e-13	1.49816e-13	1.49846e-13	1.49856e-13	1.4986e-13	1.49866e-13	1.49896e-13	1.50545e-13	1.50842e-13	1.50873e-13	1.50891e-13	1.50906e-13	1.50914e-13	1.50944e-13	1.51378e-13	1.51388e-13	1.51391e-13	1.51396e-13	1.51399e-13	1.51402e-13	1.51406e-13	1.51409e-13	1.51416e-13	1.51442e-13	1.51501e-13	1.51504e-13	1.51526e-13	1.51527e-13	1.51528e-13	1.51529e-13	1.51531e-13	1.51531e-13	1.51533e-13	1.51543e-13	1.51564e-13	1.51567e-13	1.51567e-13	1.51568e-13	1.51569e-13	1.5157e-13	1.51571e-13	1.51571e-13	1.51571e-13	1.51572e-13	1.51572e-13	1.51575e-13	1.51575e-13	1.51578e-13	1.51579e-13	1.51579e-13	1.51579e-13	1.51579e-13
357.191	1.62556e-16	6.29864e-17	1.49789e-16	2.76226e-13	1.00912e-13	1.02533e-13	1.03027e-13	1.03236e-13	1.03357e-13	1.03456e-13	1.03562e-13	1.03712e-13	1.0409e-13	1.08363e-13	2.07085e-13	2.08248e-13	2.08749e-13	2.10134e-13	2.49119e-13	2.49477e-13	2.49623e-13	2.49763e-13	2.49836e-13	2.50099e-13	2.55773e-13	2.55928e-13	2.66712e-13	2.6771e-13	2.67779e-13	2.67814e-13	2.67835e-13	2.67871e-13	2.67996e-13	2.70089e-13	2.70175e-13	2.71557e-13	2.71666e-13	2.73774e-13	2.73812e-13	2.73829e-13	2.73843e-13	2.73863e-13	2.74628e-13	2.7469e-13	2.74698e-13	2.74708e-13	2.74716e-13	2.74738e-13	2.75133e-13	2.75651e-13	2.75699e-13	2.75775e-13	2.75785e-13	2.75793e-13	2.75814e-13	2.75973e-13	2.75981e-13	2.75986e-13	2.75989e-13	2.75994e-13	2.75998e-13	2.76003e-13	2.76011e-13	2.76037e-13	2.76097e-13	2.76119e-13	2.76177e-13	2.76178e-13	2.7618e-13	2.76182e-13	2.76183e-13	2.76185e-13	2.76191e-13	2.7621e-13	2.76211e-13	2.76212e-13	2.76214e-13	2.76214e-13	2.76214e-13	2.76215e-13	2.76217e-13	2.76217e-13	2.76217e-13	2.76219e-13	2.76222e-13	2.76222e-13	2.76223e-13	2.76224e-13	2.76224e-13	2.76224e-13	2.76226e-13	2.76226e-13	2.76226e-13	2.76226e-13
360.201	1.62556e-16	6.31137e-17	1.46985e-16	1.86798e-13	1.06689e-13	1.08269e-13	1.08638e-13	1.0884e-13	1.0902e-13	1.09148e-13	1.09229e-13	1.09331e-13	1.09745e-13	1.56788e-13	1.58966e-13	1.59672e-13	1.6001e-13	1.7007e-13	1.70914e-13	1.71118e-13	1.71226e-13	1.71307e-13	1.71403e-13	1.71813e-13	1.7489e-13	1.75108e-13	1.77962e-13	1.7807e-13	1.78111e-13	1.78132e-13	1.78152e-13	1.78179e-13	1.78647e-13	1.78701e-13	1.81645e-13	1.81847e-13	1.84145e-13	1.84195e-13	1.84215e-13	1.84229e-13	1.84248e-13	1.84878e-13	1.84924e-13	1.84936e-13	1.84944e-13	1.84955e-13	1.85635e-13	1.8568e-13	1.86183e-13	1.86228e-13	1.86396e-13	1.86404e-13	1.86413e-13	1.86542e-13	1.86554e-13	1.86559e-13	1.86564e-13	1.86567e-13	1.86571e-13	1.86577e-13	1.86584e-13	1.86595e-13	1.86706e-13	1.8672e-13	1.86751e-13	1.86753e-13	1.86754e-13	1.86755e-13	1.86757e-13	1.86758e-13	1.86768e-13	1.86769e-13	1.86771e-13	1.86771e-13	1.86772e-13	1.86773e-13	1.86774e-13	1.86775e-13	1.8678e-13	1.8678e-13	1.86782e-13	1.86782e-13	1.86782e-13	1.86783e-13	1.86784e-13	1.86785e-13	1.86787e-13	1.86788e-13	1.86796e-13	1.86796e-13	1.86798e-13	1.86798e-13	1.86798e-13	1.86798e-13
363.211	1.62556e-16	6.67477e-17	1.44653e-16	2.00446e-13	1.15959e-13	1.17109e-13	1.1759e-13	1.17883e-13	1.17989e-13	1.18135e-13	1.18221e-13	1.18377e-13	1.19224e-13	1.65365e-13	1.67644e-13	1.68096e-13	1.68822e-13	1.80353e-13	1.80683e-13	1.80803e-13	1.80936e-13	1.81093e-13	1.81464e-13	1.85709e-13	1.85938e-13	1.8931e-13	1.89458e-13	1.89495e-13	1.8952e-13	1.89548e-13	1.89577e-13	1.89986e-13	1.90055e-13	1.94153e-13	1.94404e-13	1.97376e-13	1.97418e-13	1.97444e-13	1.9746e-13	1.97493e-13	1.98129e-13	1.98143e-13	1.98156e-13	1.98165e-13	1.98191e-13	1.99153e-13	1.99801e-13	1.99844e-13	2.00027e-13	2.00038e-13	2.00056e-13	2.00183e-13	2.00191e-13	2.00196e-13	2.00201e-13	2.00205e-13	2.0021e-13	2.00218e-13	2.00229e-13	2.00342e-13	2.00361e-13	2.00379e-13	2.00381e-13	2.00383e-13	2.00384e-13	2.00386e-13	2.00392e-13	2.00393e-13	2.00395e-13	2.00396e-13	2.00396e-13	2.00398e-13	2.00404e-13	2.00404e-13	2.00406e-13	2.00406e-13	2.00408e-13	2.0041e-13	2.00412e-13	2.00413e-13	2.00414e-13	2.00415e-13	2.00415e-13	2.00415e-13	2.00415e-13	2.0044e-13	2.00441e-13	2.00444e-13	2.00444e-13	2.00445e-13	2.00446e-13	2.00446e-13	2.00446e-13	2.00446e-13
366.221	1.62556e-16	6.90557e-17	1.42059e-16	1.90995e-13	1.19894e-13	1.20882e-13	1.21463e-13	1.21663e-13	1.21824e-13	1.21937e-13	1.22032e-13	1.22274e-13	1.22987e-13	1.51347e-13	1.51831e-13	1.52318e-13	1.57475e-13	1.58277e-13	1.58456e-13	1.58582e-13	1.5871e-13	1.59173e-13	1.72293e-13	1.72632e-13	1.78045e-13	1.78528e-13	1.78596e-13	1.78628e-13	1.78665e-13	1.78715e-13	1.806e-13	1.80724e-13	1.85926e-13	1.86139e-13	1.88297e-13	1.88343e-13	1.88361e-13	1.88382e-13	1.88503e-13	1.89797e-13	1.89814e-13	1.89823e-13	1.89852e-13	1.90101e-13	1.90191e-13	1.90266e-13	1.90443e-13	1.90452e-13	1.90465e-13	1.90529e-13	1.90539e-13	1.90544e-13	1.90548e-13	1.90552e-13	1.90557e-13	1.90565e-13	1.90777e-13	1.90796e-13	1.90882e-13	1.90884e-13	1.90885e-13	1.90887e-13	1.90892e-13	1.90945e-13	1.90945e-13	1.90947e-13	1.90948e-13	1.90948e-13	1.9095e-13	1.90951e-13	1.90951e-13	1.90954e-13	1.9097e-13	1.90971e-13	1.90971e-13	1.90972e-13	1.90978e-13	1.90979e-13	1.90979e-13	1.90987e-13	1.90987e-13	1.90989e-13	1.90989e-13	1.9099e-13	1.9099e-13	1.90992e-13	1.90992e-13	1.90993e-13	1.90993e-13	1.90994e-13	1.90995e-13	1.90995e-13	1.90995e-13	1.90995e-13
369.231	1.62556e-16	7.30077e-17	1.39732e-16	1.98584e-13	1.25601e-13	1.26994e-13	1.27318e-13	1.2759e-13	1.27763e-13	1.27842e-13	1.2795e-13	1.28284e-13	1.33746e-13	1.42977e-13	1.43624e-13	1.43958e-13	1.4563e-13	1.4596e-13	1.46091e-13	1.4627e-13	1.46517e-13	1.75672e-13	1.79763e-13	1.80958e-13	1.86526e-13	1.86656e-13	1.86714e-13	1.86767e-13	1.86833e-13	1.92847e-13	1.93409e-13	1.9459e-13	1.94761e-13	1.9501e-13	1.95037e-13	1.95057e-13	1.95082e-13	1.95226e-13	1.95595e-13	1.95605e-13	1.95618e-13	1.95674e-13	1.9727e-13	1.97625e-13	1.97651e-13	1.97664e-13	1.97678e-13	1.98334e-13	1.98372e-13	1.98377e-13	1.98381e-13	1.98386e-13	1.98392e-13	1.98403e-13	1.98457e-13	1.98463e-13	1.98472e-13	1.98473e-13	1.98475e-13	1.98478e-13	1.98498e-13	1.985e-13	1.98501e-13	1.98502e-13	1.98514e-13	1.98516e-13	1.98517e-13	1.98518e-13	1.98519e-13	1.9852e-13	1.9852e-13	1.98532e-13	1.98535e-13	1.98537e-13	1.98541e-13	1.98542e-13	1.98543e-13	1.98544e-13	1.98544e-13	1.98545e-13	1.98547e-13	1.98572e-13	1.98574e-13	1.98577e-13	1.98577e-13	1.98578e-13	1.9858e-13	1.98583e-13	1.98583e-13	1.98583e-13	1.98584e-13	1.98584e-13	1.98584e-13	1.98584e-13
372.241	1.62556e-16	8.08999e-17	1.3808e-16	2.34697e-13	1.29932e-13	1.3127e-13	1.31634e-13	1.31949e-13	1.32083e-13	1.32167e-13	1.32301e-13	1.32497e-13	1.34357e-13	1.83348e-13	1.83909e-13	1.84571e-13	2.04376e-13	2.0526e-13	2.05529e-13	2.05706e-13	2.06076e-13	2.12453e-13	2.14475e-13	2.15086e-13	2.19329e-13	2.19439e-13	2.1949e-13	2.19524e-13	2.19554e-13	2.19754e-13	2.1987e-13	2.26155e-13	2.26653e-13	2.30922e-13	2.30989e-13	2.31023e-13	2.31045e-13	2.31105e-13	2.31526e-13	2.31539e-13	2.31551e-13	2.31568e-13	2.33066e-13	2.33182e-13	2.34106e-13	2.34269e-13	2.34278e-13	2.34298e-13	2.34408e-13	2.34415e-13	2.34419e-13	2.34422e-13	2.34426e-13	2.34432e-13	2.34451e-13	2.34598e-13	2.34631e-13	2.34634e-13	2.34635e-13	2.34636e-13	2.34638e-13	2.34643e-13	2.34644e-13	2.34646e-13	2.34647e-13	2.3466e-13	2.3466e-13	2.34661e-13	2.34663e-13	2.34667e-13	2.34667e-13	2.34668e-13	2.34671e-13	2.34671e-13	2.34673e-13	2.34679e-13	2.3468e-13	2.34681e-13	2.34681e-13	2.34682e-13	2.34683e-13	2.34683e-13	2.34684e-13	2.34687e-13	2.34688e-13	2.34688e-13	2.34688e-13	2.34691e-13	2.34691e-13	2.34691e-13	2.34697e-13	2.34697e-13	2.34697e-13	2.34697e-13
375.251	1.62556e-16	8.99766e-17	1.37853e-16	2.4479e-13	1.32143e-13	1.33245e-13	1.3384e-13	1.34072e-13	1.34212e-13	1.34332e-13	1.344e-13	1.34646e-13	1.3535e-13	1.87612e-13	1.88356e-13	1.89151e-13	2.08509e-13	2.10338e-13	2.10626e-13	2.10915e-13	2.11126e-13	2.12299e-13	2.21802e-13	2.2244e-13	2.27993e-13	2.28482e-13	2.28561e-13	2.28604e-13	2.2863e-13	2.28678e-13	2.29013e-13	2.29117e-13	2.36568e-13	2.37021e-13	2.41308e-13	2.41355e-13	2.41377e-13	2.41409e-13	2.41528e-13	2.41947e-13	2.41966e-13	2.41978e-13	2.42026e-13	2.43286e-13	2.44082e-13	2.44156e-13	2.44345e-13	2.44354e-13	2.44373e-13	2.44489e-13	2.44494e-13	2.44498e-13	2.44502e-13	2.44505e-13	2.4451e-13	2.44519e-13	2.44683e-13	2.44716e-13	2.44722e-13	2.44724e-13	2.44725e-13	2.44726e-13	2.44731e-13	2.44733e-13	2.44735e-13	2.44736e-13	2.44737e-13	2.44748e-13	2.44751e-13	2.44751e-13	2.44752e-13	2.44756e-13	2.44758e-13	2.44758e-13	2.44759e-13	2.44759e-13	2.44773e-13	2.44773e-13	2.44773e-13	2.44783e-13	2.44783e-13	2.44785e-13	2.44785e-13	2.44785e-13	2.44785e-13	2.44788e-13	2.44788e-13	2.44788e-13	2.44788e-13	2.44788e-13	2.4479e-13	2.4479e-13	2.4479e-13	2.4479e-13
378.261	1.62556e-16	1.00696e-16	1.38498e-16	3.9435e-13	1.34728e-13	1.35845e-13	1.36523e-13	1.36718e-13	1.36903e-13	1.36992e-13	1.37093e-13	1.37256e-13	1.38148e-13	2.52401e-13	2.53913e-13	2.54813e-13	2.56932e-13	3.22521e-13	3.23513e-13	3.23837e-13	3.2425e-13	3.24667e-13	3.2617e-13	3.55664e-13	3.56968e-13	3.84674e-13	3.8492e-13	3.85015e-13	3.85068e-13	3.85132e-13	3.853e-13	3.87466e-13	3.87722e-13	3.90084e-13	3.90571e-13	3.92795e-13	3.92831e-13	3.92865e-13	3.92889e-13	3.93279e-13	3.93313e-13	3.93325e-13	3.93342e-13	3.9337e-13	3.93635e-13	3.93848e-13	3.93964e-13	3.93997e-13	3.94005e-13	3.94017e-13	3.94083e-13	3.94091e-13	3.94096e-13	3.94099e-13	3.94103e-13	3.94107e-13	3.94113e-13	3.94181e-13	3.94195e-13	3.94274e-13	3.94279e-13	3.9428e-13	3.94282e-13	3.94285e-13	3.94304e-13	3.94307e-13	3.94308e-13	3.94309e-13	3.94311e-13	3.94312e-13	3.94313e-13	3.94315e-13	3.94315e-13	3.94317e-13	3.94319e-13	3.9432e-13	3.94321e-13	3.94321e-13	3.94322e-13	3.94322e-13	3.94326e-13	3.94327e-13	3.94328e-13	3.94331e-13	3.94344e-13	3.94345e-13	3.94345e-13	3.94348e-13	3.94348e-13	3.94349e-13	3.9435e-13	3.9435e-13	3.9435e-13	3.9435e-13
381.271	1.62556e-16	1.092e-16	1.40134e-16	2.69493e-13	1.34892e-13	1.36446e-13	1.36878e-13	1.37238e-13	1.37375e-13	1.37469e-13	1.37595e-13	1.37715e-13	1.3822e-13	1.91302e-13	1.93089e-13	1.94099e-13	1.94683e-13	2.05749e-13	2.06488e-13	2.06744e-13	2.07071e-13	2.07385e-13	2.08072e-13	2.40263e-13	2.41293e-13	2.52627e-13	2.53294e-13	2.53429e-13	2.53478e-13	2.53518e-13	2.53564e-13	2.55617e-13	2.55772e-13	2.56141e-13	2.63706e-13	2.66878e-13	2.67103e-13	2.6714e-13	2.67165e-13	2.67193e-13	2.68305e-13	2.68392e-13	2.68412e-13	2.68424e-13	2.6844e-13	2.68694e-13	2.68715e-13	2.68835e-13	2.69061e-13	2.69086e-13	2.69093e-13	2.69117e-13	2.69172e-13	2.69177e-13	2.6918e-13	2.69183e-13	2.69186e-13	2.6919e-13	2.69194e-13	2.69204e-13	2.69345e-13	2.69354e-13	2.69404e-13	2.69407e-13	2.69407e-13	2.6941e-13	2.69412e-13	2.69446e-13	2.69451e-13	2.69451e-13	2.69453e-13	2.69454e-13	2.69455e-13	2.69456e-13	2.69458e-13	2.69459e-13	2.6946e-13	2.69461e-13	2.69461e-13	2.69475e-13	2.69475e-13	2.69478e-13	2.69478e-13	2.69478e-13	2.69478e-13	2.6948e-13	2.6948e-13	2.6948e-13	2.6948e-13	2.6948e-13	2.69493e-13	2.69493e-13	2.69493e-13	2.69493e-13
384.281	1.62556e-16	1.1614e-16	1.41643e-16	2.88611e-13	1.3311e-13	1.35193e-13	1.35757e-13	1.35985e-13	1.36139e-13	1.36272e-13	1.36393e-13	1.3654e-13	1.36856e-13	1.39278e-13	2.15845e-13	2.17302e-13	2.17883e-13	2.19833e-13	2.38682e-13	2.39051e-13	2.39285e-13	2.39531e-13	2.39825e-13	2.407e-13	2.62287e-13	2.63005e-13	2.72901e-13	2.7342e-13	2.73532e-13	2.73577e-13	2.73607e-13	2.73643e-13	2.74456e-13	2.74609e-13	2.74948e-13	2.81997e-13	2.82443e-13	2.86207e-13	2.86252e-13	2.86276e-13	2.86299e-13	2.86367e-13	2.87035e-13	2.87064e-13	2.87077e-13	2.87091e-13	2.87121e-13	2.87602e-13	2.87629e-13	2.87974e-13	2.8821e-13	2.88236e-13	2.88243e-13	2.88252e-13	2.88363e-13	2.88369e-13	2.88372e-13	2.88376e-13	2.88378e-13	2.88381e-13	2.88385e-13	2.88388e-13	2.88396e-13	2.88536e-13	2.88546e-13	2.8857e-13	2.88572e-13	2.88573e-13	2.88576e-13	2.88576e-13	2.88578e-13	2.88586e-13	2.88589e-13	2.8859e-13	2.88592e-13	2.88592e-13	2.88593e-13	2.88595e-13	2.88595e-13	2.88596e-13	2.88598e-13	2.88604e-13	2.88604e-13	2.88605e-13	2.88605e-13	2.88608e-13	2.88608e-13	2.88608e-13	2.88608e-13	2.88608e-13	2.88611e-13	2.88611e-13	2.88611e-13	2.88611e-13
387.291	1.62556e-16	1.22269e-16	1.43377e-16	3.53567e-13	1.35027e-13	1.37167e-13	1.37911e-13	1.38276e-13	1.38489e-13	1.38631e-13	1.38746e-13	1.38886e-13	1.39214e-13	1.41689e-13	2.62946e-13	2.64591e-13	2.65468e-13	2.66317e-13	3.10497e-13	3.11396e-13	3.11845e-13	3.12121e-13	3.12288e-13	3.12701e-13	3.16794e-13	3.31169e-13	3.31871e-13	3.45059e-13	3.45554e-13	3.45658e-13	3.45706e-13	3.45743e-13	3.45776e-13	3.45845e-13	3.4649e-13	3.46598e-13	3.49042e-13	3.49274e-13	3.51452e-13	3.51544e-13	3.51572e-13	3.51588e-13	3.51608e-13	3.51662e-13	3.51855e-13	3.5187e-13	3.51883e-13	3.51893e-13	3.51903e-13	3.52502e-13	3.52542e-13	3.53073e-13	3.5309e-13	3.53134e-13	3.5314e-13	3.53146e-13	3.53176e-13	3.53277e-13	3.53279e-13	3.53284e-13	3.53287e-13	3.53288e-13	3.53292e-13	3.53295e-13	3.53298e-13	3.53302e-13	3.53312e-13	3.53429e-13	3.53442e-13	3.53517e-13	3.53523e-13	3.53525e-13	3.53527e-13	3.53528e-13	3.53529e-13	3.53532e-13	3.53532e-13	3.53538e-13	3.53552e-13	3.53556e-13	3.53556e-13	3.53558e-13	3.53558e-13	3.5356e-13	3.53561e-13	3.53561e-13	3.53561e-13	3.53565e-13	3.53565e-13	3.53565e-13	3.53567e-13	3.53567e-13	3.53567e-13	3.53567e-13
390.301	1.62556e-16	1.27096e-16	1.44948e-16	4.83367e-13	1.39943e-13	1.42117e-13	1.42861e-13	1.43219e-13	1.43424e-13	1.4356e-13	1.43669e-13	1.43782e-13	1.43961e-13	1.44493e-13	2.94256e-13	3.043e-13	3.05361e-13	3.06154e-13	3.12847e-13	3.77866e-13	3.78658e-13	3.79054e-13	3.79263e-13	3.79581e-13	3.80085e-13	4.21084e-13	4.23433e-13	4.24745e-13	4.66029e-13	4.66607e-13	4.66739e-13	4.66819e-13	4.66869e-13	4.66915e-13	4.67012e-13	4.70925e-13	4.71044e-13	4.75422e-13	4.75788e-13	4.80236e-13	4.80724e-13	4.80764e-13	4.8079e-13	4.80809e-13	4.80835e-13	4.8174e-13	4.81841e-13	4.8186e-13	4.81866e-13	4.8188e-13	4.81905e-13	4.82209e-13	4.82236e-13	4.8268e-13	4.82711e-13	4.82857e-13	4.82875e-13	4.82881e-13	4.82891e-13	4.82903e-13	4.83117e-13	4.8312e-13	4.83125e-13	4.83127e-13	4.8313e-13	4.83133e-13	4.83135e-13	4.83138e-13	4.8314e-13	4.83145e-13	4.8315e-13	4.83249e-13	4.83259e-13	4.83261e-13	4.83303e-13	4.83308e-13	4.83309e-13	4.8331e-13	4.83311e-13	4.83314e-13	4.83314e-13	4.83315e-13	4.83315e-13	4.83319e-13	4.83319e-13	4.83321e-13	4.83322e-13	4.83323e-13	4.83323e-13	4.83323e-13	4.83367e-13	4.83367e-13	4.83367e-13	4.83367e-13
393.311	1.62556e-16	1.30918e-16	1.46291e-16	4.5465e-13	1.48359e-13	1.50411e-13	1.51017e-13	1.51354e-13	1.51631e-13	1.51849e-13	1.52e-13	1.52114e-13	1.52246e-13	1.52573e-13	1.57507e-13	3.04734e-13	3.06085e-13	3.06736e-13	3.08154e-13	3.68715e-13	3.70695e-13	3.71146e-13	3.71289e-13	3.71541e-13	3.71893e-13	3.73167e-13	4.07278e-13	4.07826e-13	4.09714e-13	4.42419e-13	4.4272e-13	4.42804e-13	4.42858e-13	4.42905e-13	4.42953e-13	4.43044e-13	4.4592e-13	4.46024e-13	4.49187e-13	4.49461e-13	4.49711e-13	4.5293e-13	4.52971e-13	4.52998e-13	4.53007e-13	4.5303e-13	4.53065e-13	4.53711e-13	4.53732e-13	4.53745e-13	4.53756e-13	4.53766e-13	4.5378e-13	4.53958e-13	4.5397e-13	4.54226e-13	4.54255e-13	4.54265e-13	4.54365e-13	4.5437e-13	4.54375e-13	4.54381e-13	4.54511e-13	4.54519e-13	4.54523e-13	4.54525e-13	4.54528e-13	4.54531e-13	4.54532e-13	4.54535e-13	4.54537e-13	4.54539e-13	4.54542e-13	4.54545e-13	4.54546e-13	4.54556e-13	4.54605e-13	4.5461e-13	4.5461e-13	4.54617e-13	4.54636e-13	4.5464e-13	4.5464e-13	4.54641e-13	4.54641e-13	4.54642e-13	4.54642e-13	4.54647e-13	4.54648e-13	4.54648e-13	4.5465e-13	4.5465e-13	4.5465e-13	4.5465e-13
396.321	1.62556e-16	1.33623e-16	1.4703e-16	4.48667e-13	1.56749e-13	1.58346e-13	1.5921e-13	1.5988e-13	1.60127e-13	1.60259e-13	1.60456e-13	1.60609e-13	1.60705e-13	1.61004e-13	1.63719e-13	3.06173e-13	3.07526e-13	3.08499e-13	3.09348e-13	3.13808e-13	3.67972e-13	3.68575e-13	3.6875e-13	3.68994e-13	3.69295e-13	3.69551e-13	3.70792e-13	4.03168e-13	4.03513e-13	4.05708e-13	4.36518e-13	4.36725e-13	4.36834e-13	4.36894e-13	4.36934e-13	4.36977e-13	4.37074e-13	4.39691e-13	4.40046e-13	4.4011e-13	4.43412e-13	4.43529e-13	4.46835e-13	4.46891e-13	4.46923e-13	4.46939e-13	4.46953e-13	4.46969e-13	4.47013e-13	4.47725e-13	4.47732e-13	4.47746e-13	4.47752e-13	4.47764e-13	4.47778e-13	4.47941e-13	4.47956e-13	4.4797e-13	4.48244e-13	4.48254e-13	4.48378e-13	4.48384e-13	4.48386e-13	4.48395e-13	4.48403e-13	4.48543e-13	4.48557e-13	4.4856e-13	4.48562e-13	4.48565e-13	4.48567e-13	4.48568e-13	4.48571e-13	4.48574e-13	4.48576e-13	4.48576e-13	4.48578e-13	4.48582e-13	4.48582e-13	4.48585e-13	4.48586e-13	4.48589e-13	4.48591e-13	4.48652e-13	4.48658e-13	4.48662e-13	4.48662e-13	4.48663e-13	4.48663e-13	4.48666e-13	4.48667e-13	4.48667e-13	4.48667e-13	4.48667e-13
399.331	1.62556e-16	1.36198e-16	1.48019e-16	4.41671e-13	1.62437e-13	1.64161e-13	1.65767e-13	1.66065e-13	1.66445e-13	1.6669e-13	1.66788e-13	1.67002e-13	1.67075e-13	1.6737e-13	1.68342e-13	3.0056e-13	3.05096e-13	3.05798e-13	3.06503e-13	3.08074e-13	3.60263e-13	3.6276e-13	3.63075e-13	3.63382e-13	3.63488e-13	3.63815e-13	3.64323e-13	3.94901e-13	3.96349e-13	3.96909e-13	4.26384e-13	4.28935e-13	4.29091e-13	4.29192e-13	4.29235e-13	4.29274e-13	4.29312e-13	4.29352e-13	4.32268e-13	4.32513e-13	4.32647e-13	4.35752e-13	4.36e-13	4.39356e-13	4.39597e-13	4.39616e-13	4.39639e-13	4.39653e-13	4.39664e-13	4.39692e-13	4.40516e-13	4.40593e-13	4.40602e-13	4.40615e-13	4.40624e-13	4.40629e-13	4.40652e-13	4.4086e-13	4.40879e-13	4.40898e-13	4.41208e-13	4.41226e-13	4.41245e-13	4.41399e-13	4.41409e-13	4.41414e-13	4.4142e-13	4.41425e-13	4.41611e-13	4.41627e-13	4.41633e-13	4.41635e-13	4.41637e-13	4.41641e-13	4.41643e-13	4.41644e-13	4.41645e-13	4.41647e-13	4.41647e-13	4.41651e-13	4.41654e-13	4.41655e-13	4.41655e-13	4.41655e-13	4.41656e-13	4.41658e-13	4.41658e-13	4.41665e-13	4.41665e-13	4.41665e-13	4.41671e-13	4.41671e-13	4.41671e-13	4.41671e-13
402.341	1.62556e-16	1.3686e-16	1.47422e-16	3.89985e-13	1.67295e-13	1.70327e-13	1.71622e-13	1.72099e-13	1.72519e-13	1.72709e-13	1.72918e-13	1.73029e-13	1.73202e-13	1.73333e-13	1.74015e-13	2.75847e-13	2.93664e-13	2.94366e-13	2.95181e-13	2.95706e-13	2.97927e-13	3.39326e-13	3.39716e-13	3.4e-13	3.40202e-13	3.40378e-13	3.40695e-13	3.41172e-13	3.61602e-13	3.62059e-13	3.62547e-13	3.81223e-13	3.83105e-13	3.83188e-13	3.83271e-13	3.83301e-13	3.83332e-13	3.83356e-13	3.83422e-13	3.83489e-13	3.85179e-13	3.85193e-13	3.87049e-13	3.87133e-13	3.87375e-13	3.89012e-13	3.89023e-13	3.89042e-13	3.89062e-13	3.89068e-13	3.8909e-13	3.89105e-13	3.89503e-13	3.89529e-13	3.89536e-13	3.89541e-13	3.89554e-13	3.89562e-13	3.89563e-13	3.89616e-13	3.89658e-13	3.89662e-13	3.89783e-13	3.89799e-13	3.89804e-13	3.89858e-13	3.89868e-13	3.89871e-13	3.89877e-13	3.89879e-13	3.89881e-13	3.89907e-13	3.89952e-13	3.89959e-13	3.8996e-13	3.8996e-13	3.89962e-13	3.89965e-13	3.89965e-13	3.89968e-13	3.89971e-13	3.89973e-13	3.89973e-13	3.89973e-13	3.89973e-13	3.89975e-13	3.89975e-13	3.8998e-13	3.8998e-13	3.8998e-13	3.89985e-13	3.89985e-13	3.89985e-13	3.89985e-13
405.351	1.62556e-16	1.38189e-16	1.47714e-16	3.31046e-13	1.67791e-13	1.72678e-13	1.73108e-13	1.74197e-13	1.74315e-13	1.74682e-13	1.74846e-13	1.74955e-13	1.75164e-13	1.7521e-13	1.75797e-13	1.78955e-13	2.68534e-13	2.697e-13	2.70315e-13	2.70872e-13	2.71714e-13	2.97217e-13	2.98478e-13	2.98745e-13	2.98973e-13	2.99061e-13	2.99368e-13	2.99506e-13	3.07746e-13	3.13994e-13	3.14149e-13	3.14801e-13	3.25339e-13	3.25475e-13	3.25573e-13	3.25604e-13	3.25627e-13	3.25653e-13	3.25672e-13	3.25697e-13	3.2635e-13	3.26562e-13	3.26682e-13	3.28297e-13	3.28335e-13	3.28595e-13	3.30053e-13	3.3007e-13	3.30093e-13	3.30112e-13	3.30117e-13	3.30129e-13	3.30151e-13	3.30464e-13	3.30485e-13	3.30501e-13	3.30511e-13	3.30512e-13	3.30515e-13	3.30529e-13	3.30544e-13	3.30548e-13	3.3067e-13	3.30678e-13	3.30689e-13	3.30837e-13	3.30844e-13	3.3092e-13	3.30929e-13	3.30932e-13	3.30936e-13	3.30938e-13	3.3094e-13	3.30943e-13	3.3095e-13	3.31016e-13	3.31022e-13	3.31024e-13	3.31025e-13	3.31026e-13	3.31026e-13	3.31028e-13	3.31028e-13	3.31032e-13	3.31033e-13	3.31038e-13	3.31038e-13	3.31043e-13	3.31044e-13	3.31044e-13	3.31046e-13	3.31046e-13	3.31046e-13	3.31046e-13
408.361	1.62556e-16	1.40303e-16	1.48816e-16	3.12299e-13	1.69239e-13	1.75673e-13	1.7622e-13	1.76805e-13	1.77511e-13	1.77591e-13	1.7779e-13	1.78043e-13	1.78073e-13	1.78245e-13	1.78611e-13	1.79513e-13	2.51777e-13	2.54285e-13	2.54623e-13	2.55228e-13	2.55837e-13	2.62534e-13	2.76044e-13	2.76295e-13	2.76449e-13	2.76638e-13	2.76835e-13	2.76899e-13	2.77655e-13	2.9372e-13	2.93889e-13	2.9412e-13	2.97225e-13	3.06081e-13	3.06182e-13	3.06266e-13	3.06292e-13	3.06306e-13	3.06343e-13	3.06356e-13	3.06399e-13	3.07693e-13	3.07824e-13	3.07846e-13	3.09574e-13	3.09752e-13	3.09817e-13	3.11248e-13	3.11285e-13	3.11319e-13	3.11336e-13	3.1134e-13	3.11349e-13	3.11365e-13	3.11397e-13	3.11884e-13	3.11899e-13	3.11911e-13	3.11918e-13	3.1193e-13	3.11936e-13	3.11937e-13	3.11942e-13	3.12007e-13	3.12027e-13	3.1203e-13	3.12035e-13	3.12106e-13	3.12115e-13	3.12119e-13	3.12123e-13	3.12217e-13	3.12222e-13	3.12224e-13	3.12225e-13	3.12226e-13	3.12228e-13	3.12232e-13	3.12236e-13	3.12262e-13	3.12287e-13	3.12293e-13	3.12293e-13	3.12296e-13	3.12296e-13	3.12297e-13	3.12297e-13	3.12297e-13	3.12297e-13	3.12298e-13	3.12299e-13	3.12299e-13	3.12299e-13	3.12299e-13
411.371	1.62556e-16	1.37889e-16	1.45621e-16	2.92679e-13	1.59335e-13	1.65532e-13	1.67225e-13	1.67315e-13	1.67693e-13	1.68192e-13	1.68344e-13	1.68367e-13	1.68532e-13	1.68737e-13	1.68799e-13	1.69778e-13	2.332e-13	2.38298e-13	2.38513e-13	2.39114e-13	2.39653e-13	2.41482e-13	2.58254e-13	2.58604e-13	2.58923e-13	2.59061e-13	2.59095e-13	2.59334e-13	2.59714e-13	2.59875e-13	2.75351e-13	2.75702e-13	2.7594e-13	2.86718e-13	2.8758e-13	2.87744e-13	2.87783e-13	2.87798e-13	2.87821e-13	2.87839e-13	2.8787e-13	2.87912e-13	2.89522e-13	2.89639e-13	2.89689e-13	2.90736e-13	2.90802e-13	2.90903e-13	2.91792e-13	2.91853e-13	2.91873e-13	2.91885e-13	2.9189e-13	2.91895e-13	2.91907e-13	2.91928e-13	2.92238e-13	2.92351e-13	2.92358e-13	2.92361e-13	2.92369e-13	2.92376e-13	2.92389e-13	2.92397e-13	2.92398e-13	2.924e-13	2.92455e-13	2.92457e-13	2.92461e-13	2.92469e-13	2.92542e-13	2.92548e-13	2.92555e-13	2.92575e-13	2.92591e-13	2.92593e-13	2.92595e-13	2.92598e-13	2.92598e-13	2.92602e-13	2.92607e-13	2.92611e-13	2.92612e-13	2.92616e-13	2.92617e-13	2.92619e-13	2.92673e-13	2.92674e-13	2.92675e-13	2.92679e-13	2.92679e-13	2.92679e-13	2.92679e-13	2.92679e-13
414.381	1.62556e-16	1.37757e-16	1.45068e-16	2.97689e-13	1.52109e-13	1.57009e-13	1.59488e-13	1.60187e-13	1.60234e-13	1.60366e-13	1.60675e-13	1.60938e-13	1.61033e-13	1.61041e-13	1.61153e-13	1.62368e-13	2.33294e-13	2.40805e-13	2.41185e-13	2.41789e-13	2.42372e-13	2.43778e-13	2.68771e-13	2.69053e-13	2.69328e-13	2.69655e-13	2.69834e-13	2.69876e-13	2.69932e-13	2.70438e-13	2.77704e-13	2.82327e-13	2.82443e-13	2.8349e-13	2.93157e-13	2.93386e-13	2.93431e-13	2.93453e-13	2.93472e-13	2.935e-13	2.93521e-13	2.93529e-13	2.93579e-13	2.94339e-13	2.94587e-13	2.94605e-13	2.95698e-13	2.95838e-13	2.95906e-13	2.96995e-13	2.97077e-13	2.97096e-13	2.97103e-13	2.97115e-13	2.97131e-13	2.97144e-13	2.97152e-13	2.97167e-13	2.97408e-13	2.9744e-13	2.97447e-13	2.97452e-13	2.97462e-13	2.97474e-13	2.97479e-13	2.97486e-13	2.97489e-13	2.9749e-13	2.9754e-13	2.97541e-13	2.97542e-13	2.97547e-13	2.97623e-13	2.97627e-13	2.97631e-13	2.97635e-13	2.97639e-13	2.97648e-13	2.97678e-13	2.97681e-13	2.97682e-13	2.97683e-13	2.97683e-13	2.97683e-13	2.97684e-13	2.97684e-13	2.97685e-13	2.97686e-13	2.97686e-13	2.97686e-13	2.97689e-13	2.97689e-13	2.97689e-13	2.97689e-13
417.391	1.62556e-16	1.42591e-16	1.49387e-16	3.14873e-13	1.5733e-13	1.60544e-13	1.62893e-13	1.64308e-13	1.64958e-13	1.65145e-13	1.6516e-13	1.65195e-13	1.65318e-13	1.65518e-13	1.65774e-13	1.66251e-13	1.66999e-13	2.45634e-13	2.46276e-13	2.46879e-13	2.47782e-13	2.48632e-13	2.49612e-13	2.79996e-13	2.80229e-13	2.80475e-13	2.80686e-13	2.80894e-13	2.81124e-13	2.81366e-13	2.81567e-13	2.94324e-13	2.94454e-13	2.94743e-13	2.95278e-13	3.09507e-13	3.09629e-13	3.09715e-13	3.09759e-13	3.09782e-13	3.09797e-13	3.0982e-13	3.09855e-13	3.09891e-13	3.11336e-13	3.11351e-13	3.11375e-13	3.12488e-13	3.12518e-13	3.12563e-13	3.13977e-13	3.14005e-13	3.1403e-13	3.14051e-13	3.14068e-13	3.1408e-13	3.14091e-13	3.14099e-13	3.14108e-13	3.14125e-13	3.14553e-13	3.14557e-13	3.14566e-13	3.14577e-13	3.14585e-13	3.14598e-13	3.14604e-13	3.1461e-13	3.1462e-13	3.14625e-13	3.14629e-13	3.14693e-13	3.14695e-13	3.14697e-13	3.147e-13	3.14782e-13	3.14784e-13	3.14786e-13	3.14787e-13	3.1479e-13	3.14795e-13	3.14845e-13	3.14845e-13	3.1485e-13	3.1485e-13	3.14857e-13	3.14857e-13	3.14865e-13	3.14865e-13	3.14866e-13	3.14873e-13	3.14873e-13	3.14873e-13	3.14873e-13
420.401	1.62556e-16	1.42005e-16	1.47934e-16	2.86533e-13	1.48524e-13	1.49759e-13	1.50864e-13	1.51797e-13	1.52535e-13	1.5308e-13	1.53449e-13	1.53675e-13	1.53798e-13	1.53854e-13	1.53874e-13	1.5388e-13	1.54231e-13	2.25855e-13	2.2832e-13	2.29452e-13	2.30111e-13	2.30523e-13	2.30823e-13	2.60073e-13	2.60924e-13	2.61199e-13	2.61369e-13	2.61437e-13	2.61498e-13	2.61585e-13	2.61732e-13	2.64451e-13	2.71293e-13	2.71439e-13	2.71651e-13	2.80944e-13	2.82106e-13	2.82279e-13	2.82348e-13	2.82373e-13	2.82387e-13	2.82392e-13	2.82396e-13	2.82402e-13	2.82457e-13	2.83405e-13	2.83541e-13	2.83577e-13	2.84028e-13	2.84593e-13	2.84676e-13	2.85335e-13	2.85815e-13	2.85852e-13	2.85863e-13	2.85868e-13	2.8587e-13	2.85872e-13	2.85875e-13	2.85883e-13	2.85906e-13	2.86131e-13	2.86271e-13	2.86291e-13	2.863e-13	2.86312e-13	2.86319e-13	2.86326e-13	2.86339e-13	2.86346e-13	2.86353e-13	2.86367e-13	2.86378e-13	2.86433e-13	2.86436e-13	2.86438e-13	2.86441e-13	2.86443e-13	2.86447e-13	2.86495e-13	2.86503e-13	2.86504e-13	2.86505e-13	2.86506e-13	2.86507e-13	2.8651e-13	2.8651e-13	2.86519e-13	2.86519e-13	2.86533e-13	2.86533e-13	2.86533e-13	2.86533e-13	2.86533e-13
423.411	1.62556e-16	1.37025e-16	1.4258e-16	2.60263e-13	1.23229e-13	1.2339e-13	1.23545e-13	1.23695e-13	1.23835e-13	1.23966e-13	1.24086e-13	1.24196e-13	1.24297e-13	1.24398e-13	1.24523e-13	1.24914e-13	1.2655e-13	1.94513e-13	2.01552e-13	2.03069e-13	2.03952e-13	2.04758e-13	2.05911e-13	2.29751e-13	2.32768e-13	2.3326e-13	2.3355e-13	2.33724e-13	2.33852e-13	2.33956e-13	2.3403e-13	2.34164e-13	2.45538e-13	2.45624e-13	2.45739e-13	2.46226e-13	2.55766e-13	2.55914e-13	2.55951e-13	2.55969e-13	2.5598e-13	2.55989e-13	2.55998e-13	2.56008e-13	2.56021e-13	2.56045e-13	2.57491e-13	2.57502e-13	2.57513e-13	2.58341e-13	2.58452e-13	2.58523e-13	2.58831e-13	2.59615e-13	2.59668e-13	2.59694e-13	2.59713e-13	2.5973e-13	2.5974e-13	2.59754e-13	2.59769e-13	2.5978e-13	2.59808e-13	2.60107e-13	2.60133e-13	2.60146e-13	2.60151e-13	2.60156e-13	2.60163e-13	2.60167e-13	2.6017e-13	2.60176e-13	2.60179e-13	2.60182e-13	2.60186e-13	2.6019e-13	2.60221e-13	2.60222e-13	2.60223e-13	2.60224e-13	2.60226e-13	2.60227e-13	2.60229e-13	2.60241e-13	2.60257e-13	2.60259e-13	2.6026e-13	2.60261e-13	2.60262e-13	2.60262e-13	2.60263e-13	2.60263e-13	2.60263e-13	2.60263e-13
426.421	1.62556e-16	1.35331e-16	1.40795e-16	2.52836e-13	1.18596e-13	1.18659e-13	1.18721e-13	1.18782e-13	1.18841e-13	1.18898e-13	1.18952e-13	1.19005e-13	1.19057e-13	1.19112e-13	1.19181e-13	1.19373e-13	1.19985e-13	1.81229e-13	1.94765e-13	1.95999e-13	1.96641e-13	1.9716e-13	1.97679e-13	2.16691e-13	2.24246e-13	2.24817e-13	2.25172e-13	2.25441e-13	2.25675e-13	2.25928e-13	2.26132e-13	2.26575e-13	2.31122e-13	2.36981e-13	2.37271e-13	2.37593e-13	2.42065e-13	2.4881e-13	2.49057e-13	2.4914e-13	2.49189e-13	2.49219e-13	2.49248e-13	2.49273e-13	2.49299e-13	2.49342e-13	2.49459e-13	2.50523e-13	2.50651e-13	2.50677e-13	2.51492e-13	2.51522e-13	2.51538e-13	2.51602e-13	2.52528e-13	2.52543e-13	2.52547e-13	2.5255e-13	2.52552e-13	2.52553e-13	2.52555e-13	2.52557e-13	2.52559e-13	2.52564e-13	2.52586e-13	2.52786e-13	2.52794e-13	2.52796e-13	2.52797e-13	2.52798e-13	2.52799e-13	2.528e-13	2.528e-13	2.52801e-13	2.52802e-13	2.52803e-13	2.52803e-13	2.52805e-13	2.52805e-13	2.52807e-13	2.52827e-13	2.52827e-13	2.52827e-13	2.52828e-13	2.52829e-13	2.5283e-13	2.5283e-13	2.52832e-13	2.52833e-13	2.52833e-13	2.52836e-13	2.52836e-13	2.52836e-13	2.52836e-13
429.431	1.62556e-16	1.41656e-16	1.47178e-16	2.66079e-13	1.33998e-13	1.34894e-13	1.35722e-13	1.36459e-13	1.37087e-13	1.376e-13	1.37998e-13	1.38292e-13	1.38497e-13	1.38635e-13	1.38726e-13	1.38805e-13	1.38842e-13	1.3887e-13	2.0703e-13	2.07859e-13	2.08434e-13	2.08924e-13	2.09204e-13	2.09502e-13	2.37167e-13	2.37591e-13	2.37859e-13	2.38093e-13	2.38266e-13	2.38371e-13	2.38435e-13	2.38493e-13	2.38526e-13	2.48269e-13	2.48559e-13	2.48646e-13	2.48691e-13	2.62203e-13	2.624e-13	2.62481e-13	2.62555e-13	2.62604e-13	2.62644e-13	2.62668e-13	2.62689e-13	2.62702e-13	2.62711e-13	2.62716e-13	2.63839e-13	2.63863e-13	2.63869e-13	2.64634e-13	2.64695e-13	2.6472e-13	2.64747e-13	2.6565e-13	2.65678e-13	2.65697e-13	2.65708e-13	2.65723e-13	2.65738e-13	2.65746e-13	2.65758e-13	2.65767e-13	2.65772e-13	2.6578e-13	2.65786e-13	2.66027e-13	2.66035e-13	2.66037e-13	2.6604e-13	2.66042e-13	2.66042e-13	2.66043e-13	2.66044e-13	2.66044e-13	2.66044e-13	2.66044e-13	2.66045e-13	2.66045e-13	2.66046e-13	2.66047e-13	2.66047e-13	2.66049e-13	2.66049e-13	2.66075e-13	2.66075e-13	2.66077e-13	2.66077e-13	2.66077e-13	2.66079e-13	2.66079e-13	2.66079e-13	2.66079e-13
432.441	1.62556e-16	1.48163e-16	1.5324e-16	2.79541e-13	1.4183e-13	1.44248e-13	1.4622e-13	1.47653e-13	1.48557e-13	1.49032e-13	1.49217e-13	1.49256e-13	1.49259e-13	1.49289e-13	1.49368e-13	1.49597e-13	1.50055e-13	1.52433e-13	2.14502e-13	2.15923e-13	2.16001e-13	2.16134e-13	2.16616e-13	2.18432e-13	2.50463e-13	2.52538e-13	2.52705e-13	2.52828e-13	2.5294e-13	2.53014e-13	2.53097e-13	2.53212e-13	2.53515e-13	2.56774e-13	2.63097e-13	2.6327e-13	2.63506e-13	2.65554e-13	2.75292e-13	2.75568e-13	2.75629e-13	2.75655e-13	2.75679e-13	2.75693e-13	2.75705e-13	2.75719e-13	2.75732e-13	2.75759e-13	2.76144e-13	2.76938e-13	2.76985e-13	2.76995e-13	2.77675e-13	2.77823e-13	2.77866e-13	2.77928e-13	2.78913e-13	2.79039e-13	2.79064e-13	2.79084e-13	2.79097e-13	2.79103e-13	2.79107e-13	2.79109e-13	2.79109e-13	2.79111e-13	2.79114e-13	2.79127e-13	2.79287e-13	2.79447e-13	2.7946e-13	2.79475e-13	2.79483e-13	2.7949e-13	2.79497e-13	2.79504e-13	2.7951e-13	2.79515e-13	2.79516e-13	2.79521e-13	2.79526e-13	2.7953e-13	2.7953e-13	2.79533e-13	2.79533e-13	2.79536e-13	2.79536e-13	2.79539e-13	2.79539e-13	2.79539e-13	2.79541e-13	2.79541e-13	2.79541e-13	2.79541e-13
435.452	1.62556e-16	1.44584e-16	1.48985e-16	2.73721e-13	1.13138e-13	1.16455e-13	1.18682e-13	1.19829e-13	1.20219e-13	1.20273e-13	1.20293e-13	1.2039e-13	1.20533e-13	1.20652e-13	1.20718e-13	1.20738e-13	1.20779e-13	1.21865e-13	1.91799e-13	1.99579e-13	2.00607e-13	2.01075e-13	2.01271e-13	2.0158e-13	2.19377e-13	2.44711e-13	2.45689e-13	2.45798e-13	2.45834e-13	2.45935e-13	2.46088e-13	2.4634e-13	2.46682e-13	2.46999e-13	2.5852e-13	2.58677e-13	2.58868e-13	2.59129e-13	2.68405e-13	2.691e-13	2.69138e-13	2.69168e-13	2.69205e-13	2.69229e-13	2.69241e-13	2.69252e-13	2.69266e-13	2.69291e-13	2.69335e-13	2.69565e-13	2.70954e-13	2.70964e-13	2.70976e-13	2.71574e-13	2.71827e-13	2.71886e-13	2.71932e-13	2.7293e-13	2.73202e-13	2.73234e-13	2.73245e-13	2.73252e-13	2.73258e-13	2.73265e-13	2.73271e-13	2.73282e-13	2.73289e-13	2.73298e-13	2.73313e-13	2.7333e-13	2.73587e-13	2.73646e-13	2.73661e-13	2.73664e-13	2.73667e-13	2.73668e-13	2.7367e-13	2.73672e-13	2.73672e-13	2.73675e-13	2.73679e-13	2.73684e-13	2.73684e-13	2.73691e-13	2.73691e-13	2.73699e-13	2.73699e-13	2.73711e-13	2.73711e-13	2.73711e-13	2.73721e-13	2.73721e-13	2.73721e-13	2.73721e-13
438.462	1.62556e-16	1.39568e-16	1.43895e-16	2.65851e-13	8.3961e-14	8.74408e-14	8.92254e-14	8.97441e-14	8.97829e-14	8.98622e-14	9.00553e-14	9.02214e-14	9.02832e-14	9.0288e-14	9.03219e-14	9.05276e-14	9.08415e-14	9.11019e-14	1.77622e-13	1.90169e-13	1.92648e-13	1.93472e-13	1.93835e-13	1.94506e-13	1.95169e-13	2.34174e-13	2.36213e-13	2.36591e-13	2.36642e-13	2.36765e-13	2.36946e-13	2.37187e-13	2.37309e-13	2.37328e-13	2.37764e-13	2.501e-13	2.50385e-13	2.50517e-13	2.50907e-13	2.60874e-13	2.61653e-13	2.61761e-13	2.6179e-13	2.61811e-13	2.61825e-13	2.61834e-13	2.61854e-13	2.61878e-13	2.61899e-13	2.61913e-13	2.62948e-13	2.63497e-13	2.63544e-13	2.63569e-13	2.64021e-13	2.64401e-13	2.64449e-13	2.6449e-13	2.65113e-13	2.65474e-13	2.65504e-13	2.6551e-13	2.65521e-13	2.65534e-13	2.65542e-13	2.65552e-13	2.65556e-13	2.6556e-13	2.65562e-13	2.65564e-13	2.65566e-13	2.65581e-13	2.65697e-13	2.65794e-13	2.65812e-13	2.65824e-13	2.65831e-13	2.65836e-13	2.65836e-13	2.6584e-13	2.65843e-13	2.65845e-13	2.65846e-13	2.65847e-13	2.65847e-13	2.65848e-13	2.65848e-13	2.65848e-13	2.65849e-13	2.65849e-13	2.65851e-13	2.65851e-13	2.65851e-13	2.65851e-13
441.472	1.62556e-16	1.33031e-16	1.37178e-16	2.55573e-13	8.80963e-14	9.26154e-14	9.42477e-14	9.44238e-14	9.45478e-14	9.48955e-14	9.51372e-14	9.5177e-14	9.52084e-14	9.53345e-14	9.54637e-14	9.55008e-14	9.56462e-14	9.67666e-14	1.06307e-13	1.89767e-13	1.90801e-13	1.91728e-13	1.92369e-13	1.92595e-13	1.93992e-13	2.24558e-13	2.25151e-13	2.25652e-13	2.25804e-13	2.25921e-13	2.26065e-13	2.26235e-13	2.26264e-13	2.26351e-13	2.26843e-13	2.37293e-13	2.37689e-13	2.37763e-13	2.3807e-13	2.42629e-13	2.51978e-13	2.52092e-13	2.52141e-13	2.52194e-13	2.52232e-13	2.52248e-13	2.52254e-13	2.52273e-13	2.52289e-13	2.52306e-13	2.52363e-13	2.52992e-13	2.53638e-13	2.53651e-13	2.53671e-13	2.54017e-13	2.54476e-13	2.54507e-13	2.54531e-13	2.54629e-13	2.55295e-13	2.55338e-13	2.55355e-13	2.55366e-13	2.55371e-13	2.55376e-13	2.55378e-13	2.55379e-13	2.55382e-13	2.55385e-13	2.55389e-13	2.55399e-13	2.55405e-13	2.55413e-13	2.55438e-13	2.55495e-13	2.55534e-13	2.55539e-13	2.55541e-13	2.55542e-13	2.55543e-13	2.55546e-13	2.55546e-13	2.55551e-13	2.55551e-13	2.55557e-13	2.55557e-13	2.55566e-13	2.55566e-13	2.55566e-13	2.55573e-13	2.55573e-13	2.55573e-13	2.55573e-13
444.482	1.62556e-16	1.34451e-16	1.38664e-16	2.60813e-13	1.06059e-13	1.1214e-13	1.13514e-13	1.1361e-13	1.14135e-13	1.14579e-13	1.1464e-13	1.14726e-13	1.14931e-13	1.15025e-13	1.15038e-13	1.15243e-13	1.1544e-13	1.15488e-13	1.19453e-13	1.96588e-13	1.98287e-13	1.9864e-13	1.9907e-13	1.99729e-13	2.00016e-13	2.08645e-13	2.29027e-13	2.29256e-13	2.29439e-13	2.29645e-13	2.29755e-13	2.29872e-13	2.29925e-13	2.30031e-13	2.30384e-13	2.30722e-13	2.39854e-13	2.40079e-13	2.40369e-13	2.40746e-13	2.56797e-13	2.57445e-13	2.57743e-13	2.57798e-13	2.57812e-13	2.57846e-13	2.57868e-13	2.57892e-13	2.57903e-13	2.57909e-13	2.57942e-13	2.57999e-13	2.58035e-13	2.59044e-13	2.59082e-13	2.591e-13	2.59357e-13	2.59809e-13	2.59829e-13	2.59842e-13	2.59918e-13	2.60574e-13	2.60632e-13	2.6065e-13	2.60655e-13	2.60658e-13	2.6066e-13	2.60661e-13	2.60667e-13	2.60672e-13	2.60678e-13	2.60687e-13	2.60689e-13	2.60691e-13	2.60692e-13	2.60695e-13	2.60701e-13	2.60738e-13	2.60778e-13	2.60786e-13	2.60792e-13	2.60798e-13	2.60799e-13	2.60804e-13	2.60804e-13	2.60809e-13	2.60809e-13	2.60812e-13	2.60812e-13	2.60812e-13	2.60813e-13	2.60813e-13	2.60813e-13	2.60813e-13
447.492	1.62556e-16	1.45822e-16	1.50341e-16	2.85843e-13	1.27357e-13	1.34934e-13	1.35851e-13	1.36311e-13	1.37187e-13	1.37389e-13	1.37504e-13	1.37815e-13	1.37914e-13	1.37958e-13	1.38133e-13	1.38214e-13	1.38325e-13	1.38827e-13	1.39189e-13	2.06401e-13	2.1185e-13	2.12538e-13	2.12738e-13	2.13263e-13	2.14046e-13	2.14909e-13	2.51159e-13	2.53444e-13	2.53524e-13	2.53833e-13	2.53991e-13	2.54066e-13	2.54185e-13	2.54365e-13	2.54532e-13	2.54658e-13	2.62172e-13	2.65966e-13	2.66156e-13	2.66275e-13	2.67101e-13	2.82111e-13	2.82549e-13	2.82604e-13	2.82663e-13	2.82708e-13	2.82718e-13	2.82727e-13	2.82755e-13	2.82768e-13	2.82778e-13	2.82805e-13	2.8282e-13	2.8338e-13	2.84125e-13	2.84147e-13	2.84156e-13	2.84328e-13	2.84784e-13	2.84821e-13	2.84831e-13	2.84887e-13	2.85162e-13	2.85645e-13	2.85654e-13	2.85658e-13	2.85662e-13	2.85666e-13	2.85676e-13	2.85682e-13	2.85688e-13	2.85694e-13	2.85695e-13	2.85696e-13	2.85698e-13	2.85702e-13	2.85707e-13	2.85713e-13	2.85715e-13	2.85726e-13	2.85756e-13	2.85807e-13	2.85829e-13	2.85835e-13	2.85836e-13	2.85836e-13	2.85837e-13	2.85838e-13	2.85838e-13	2.85839e-13	2.85843e-13	2.85843e-13	2.85843e-13	2.85843e-13
450.502	1.62556e-16	1.54336e-16	1.58777e-16	3.05482e-13	1.29905e-13	1.37427e-13	1.37897e-13	1.38912e-13	1.39576e-13	1.39646e-13	1.40013e-13	1.40164e-13	1.40216e-13	1.40387e-13	1.40427e-13	1.40527e-13	1.40633e-13	1.40686e-13	1.41914e-13	2.04041e-13	2.08675e-13	2.10319e-13	2.10781e-13	2.11096e-13	2.11887e-13	2.13663e-13	2.69928e-13	2.72292e-13	2.73221e-13	2.73413e-13	2.73754e-13	2.73811e-13	2.74006e-13	2.74178e-13	2.7427e-13	2.74571e-13	2.75636e-13	2.89567e-13	2.89771e-13	2.89881e-13	2.90325e-13	3.01259e-13	3.01556e-13	3.01699e-13	3.01767e-13	3.01777e-13	3.018e-13	3.01814e-13	3.01822e-13	3.01834e-13	3.01846e-13	3.01863e-13	3.01869e-13	3.01912e-13	3.02394e-13	3.03368e-13	3.03389e-13	3.03418e-13	3.03445e-13	3.04255e-13	3.04283e-13	3.04291e-13	3.0433e-13	3.04603e-13	3.0522e-13	3.05249e-13	3.05251e-13	3.0526e-13	3.05275e-13	3.05287e-13	3.05293e-13	3.05297e-13	3.05297e-13	3.05299e-13	3.05305e-13	3.05312e-13	3.0532e-13	3.05326e-13	3.05327e-13	3.05331e-13	3.05333e-13	3.05334e-13	3.05338e-13	3.05351e-13	3.05354e-13	3.05393e-13	3.05463e-13	3.05473e-13	3.05473e-13	3.05476e-13	3.05482e-13	3.05482e-13	3.05482e-13	3.05482e-13
453.512	1.62556e-16	1.5266e-16	1.56545e-16	3.04077e-13	8.91681e-14	9.3959e-14	9.42481e-14	9.51653e-14	9.53622e-14	9.55509e-14	9.5763e-14	9.57867e-14	9.59061e-14	9.59403e-14	9.59786e-14	9.60468e-14	9.60918e-14	9.63708e-14	9.64966e-14	1.3335e-13	1.90155e-13	1.90984e-13	1.92072e-13	1.92731e-13	1.93178e-13	1.94712e-13	2.1277e-13	2.67177e-13	2.68184e-13	2.68633e-13	2.68899e-13	2.69087e-13	2.6923e-13	2.69458e-13	2.69502e-13	2.69826e-13	2.70303e-13	2.86228e-13	2.87989e-13	2.88163e-13	2.88393e-13	2.88799e-13	2.99417e-13	2.99932e-13	3.00019e-13	3.00061e-13	3.00083e-13	3.00099e-13	3.00111e-13	3.0013e-13	3.00136e-13	3.00152e-13	3.00168e-13	3.00181e-13	3.00244e-13	3.01359e-13	3.01625e-13	3.01653e-13	3.01658e-13	3.01709e-13	3.02661e-13	3.02696e-13	3.02704e-13	3.02739e-13	3.02836e-13	3.035e-13	3.03955e-13	3.03964e-13	3.03975e-13	3.03988e-13	3.03998e-13	3.04006e-13	3.04008e-13	3.04009e-13	3.04012e-13	3.04018e-13	3.04025e-13	3.04031e-13	3.04033e-13	3.04037e-13	3.04038e-13	3.04039e-13	3.04039e-13	3.04041e-13	3.04042e-13	3.04048e-13	3.0405e-13	3.0406e-13	3.04067e-13	3.04068e-13	3.04077e-13	3.04077e-13	3.04077e-13	3.04077e-13
456.522	1.62556e-16	1.48118e-16	1.5186e-16	2.97851e-13	6.13421e-14	6.43018e-14	6.46486e-14	6.52916e-14	6.53526e-14	6.55997e-14	6.56549e-14	6.57484e-14	6.58157e-14	6.58493e-14	6.59342e-14	6.59853e-14	6.61602e-14	6.62361e-14	6.74266e-14	6.84754e-14	1.85922e-13	1.89251e-13	1.8978e-13	1.90878e-13	1.91449e-13	1.92312e-13	1.95125e-13	2.57288e-13	2.60446e-13	2.60938e-13	2.61245e-13	2.61445e-13	2.61588e-13	2.6176e-13	2.61833e-13	2.62081e-13	2.62298e-13	2.62876e-13	2.78727e-13	2.78896e-13	2.79129e-13	2.79359e-13	2.86479e-13	2.93998e-13	2.94199e-13	2.94295e-13	2.94346e-13	2.94366e-13	2.9439e-13	2.94407e-13	2.94426e-13	2.94438e-13	2.94454e-13	2.94467e-13	2.94501e-13	2.94524e-13	2.95584e-13	2.95883e-13	2.959e-13	2.95913e-13	2.95956e-13	2.96168e-13	2.96754e-13	2.96764e-13	2.96777e-13	2.96815e-13	2.97142e-13	2.97748e-13	2.97772e-13	2.9778e-13	2.97791e-13	2.97801e-13	2.97804e-13	2.97805e-13	2.97806e-13	2.9781e-13	2.97815e-13	2.97821e-13	2.97822e-13	2.97825e-13	2.97826e-13	2.97827e-13	2.97827e-13	2.97829e-13	2.97829e-13	2.97834e-13	2.97834e-13	2.97842e-13	2.97844e-13	2.97845e-13	2.97851e-13	2.97851e-13	2.97851e-13	2.97851e-13
459.532	1.62556e-16	1.37144e-16	1.40629e-16	2.79745e-13	7.22292e-14	7.52747e-14	7.5995e-14	7.66044e-14	7.67742e-14	7.70634e-14	7.71209e-14	7.7299e-14	7.73267e-14	7.74612e-14	7.74862e-14	7.76625e-14	7.77131e-14	7.81094e-14	7.8279e-14	8.373e-14	1.95459e-13	1.99933e-13	2.0098e-13	2.01451e-13	2.02168e-13	2.02635e-13	2.03862e-13	2.43866e-13	2.46618e-13	2.46985e-13	2.47285e-13	2.47422e-13	2.47556e-13	2.47655e-13	2.47739e-13	2.47901e-13	2.47999e-13	2.48271e-13	2.58483e-13	2.58719e-13	2.58992e-13	2.59112e-13	2.59665e-13	2.75729e-13	2.76463e-13	2.76694e-13	2.76749e-13	2.76795e-13	2.76833e-13	2.76853e-13	2.76872e-13	2.76893e-13	2.7691e-13	2.76922e-13	2.76944e-13	2.76966e-13	2.7704e-13	2.77477e-13	2.78274e-13	2.78309e-13	2.78324e-13	2.78331e-13	2.78483e-13	2.78931e-13	2.7894e-13	2.78958e-13	2.78983e-13	2.79037e-13	2.79644e-13	2.79666e-13	2.79672e-13	2.79686e-13	2.79693e-13	2.79695e-13	2.79696e-13	2.79699e-13	2.79703e-13	2.7971e-13	2.79711e-13	2.79716e-13	2.79718e-13	2.79718e-13	2.79719e-13	2.7972e-13	2.7972e-13	2.79725e-13	2.79726e-13	2.79735e-13	2.79736e-13	2.79739e-13	2.79745e-13	2.79745e-13	2.79745e-13	2.79745e-13
462.542	1.62556e-16	1.28248e-16	1.31502e-16	2.65606e-13	8.37951e-14	8.68436e-14	8.80427e-14	8.84995e-14	8.88975e-14	8.90794e-14	8.92754e-14	8.93755e-14	8.94977e-14	8.95683e-14	8.96693e-14	8.97472e-14	8.99457e-14	9.00185e-14	9.07464e-14	9.12762e-14	1.97498e-13	2.04048e-13	2.05415e-13	2.06143e-13	2.06604e-13	2.07035e-13	2.07809e-13	2.14683e-13	2.34253e-13	2.3486e-13	2.34944e-13	2.3516e-13	2.35216e-13	2.35338e-13	2.35398e-13	2.35539e-13	2.35606e-13	2.35786e-13	2.36273e-13	2.43302e-13	2.43636e-13	2.43724e-13	2.44019e-13	2.4486e-13	2.61893e-13	2.6271e-13	2.62783e-13	2.62868e-13	2.62907e-13	2.62937e-13	2.62962e-13	2.62977e-13	2.62993e-13	2.63016e-13	2.63024e-13	2.6305e-13	2.63062e-13	2.6313e-13	2.64137e-13	2.64343e-13	2.6439e-13	2.64398e-13	2.64408e-13	2.64565e-13	2.6495e-13	2.64973e-13	2.64984e-13	2.64998e-13	2.65035e-13	2.6523e-13	2.65519e-13	2.65535e-13	2.65545e-13	2.65552e-13	2.65557e-13	2.65558e-13	2.6556e-13	2.65565e-13	2.65566e-13	2.65573e-13	2.65579e-13	2.65583e-13	2.65584e-13	2.65584e-13	2.65585e-13	2.65588e-13	2.65588e-13	2.65596e-13	2.65596e-13	2.65597e-13	2.65606e-13	2.65606e-13	2.65606e-13	2.65606e-13
465.552	1.62556e-16	1.28819e-16	1.31979e-16	2.70405e-13	8.77764e-14	9.05368e-14	9.21108e-14	9.24048e-14	9.29723e-14	9.30697e-14	9.33621e-14	9.34173e-14	9.35982e-14	9.3648e-14	9.37833e-14	9.39098e-14	9.39911e-14	9.42818e-14	9.44296e-14	9.64283e-14	1.78607e-13	2.04504e-13	2.05305e-13	2.06297e-13	2.06603e-13	2.07097e-13	2.07498e-13	2.09395e-13	2.35616e-13	2.36809e-13	2.37091e-13	2.37275e-13	2.37353e-13	2.37484e-13	2.37545e-13	2.37701e-13	2.37758e-13	2.37944e-13	2.38186e-13	2.45322e-13	2.48705e-13	2.4881e-13	2.48988e-13	2.49326e-13	2.60456e-13	2.67328e-13	2.67478e-13	2.67642e-13	2.67667e-13	2.6772e-13	2.67741e-13	2.67754e-13	2.67781e-13	2.67791e-13	2.67808e-13	2.67826e-13	2.67836e-13	2.67862e-13	2.67908e-13	2.68478e-13	2.69225e-13	2.69237e-13	2.69252e-13	2.69262e-13	2.69278e-13	2.69801e-13	2.69825e-13	2.69836e-13	2.69855e-13	2.69868e-13	2.69899e-13	2.70099e-13	2.70338e-13	2.70355e-13	2.70362e-13	2.70368e-13	2.70371e-13	2.70374e-13	2.70375e-13	2.70378e-13	2.70384e-13	2.7039e-13	2.70391e-13	2.70395e-13	2.70395e-13	2.70398e-13	2.70398e-13	2.70401e-13	2.70402e-13	2.70402e-13	2.70405e-13	2.70405e-13	2.70405e-13	2.70405e-13
468.562	1.62556e-16	1.40279e-16	1.43816e-16	2.9853e-13	1.01544e-13	1.04352e-13	1.06389e-13	1.0669e-13	1.07333e-13	1.07523e-13	1.07773e-13	1.07954e-13	1.08054e-13	1.0823e-13	1.08279e-13	1.08461e-13	1.08594e-13	1.08723e-13	1.09173e-13	1.09481e-13	1.25226e-13	2.01823e-13	2.04318e-13	2.04803e-13	2.05511e-13	2.05856e-13	2.06529e-13	2.0754e-13	2.56884e-13	2.60301e-13	2.60748e-13	2.61055e-13	2.61271e-13	2.6137e-13	2.6152e-13	2.61687e-13	2.61768e-13	2.61979e-13	2.62184e-13	2.63238e-13	2.81076e-13	2.81334e-13	2.81547e-13	2.81762e-13	2.82739e-13	2.95419e-13	2.95916e-13	2.96092e-13	2.96128e-13	2.96168e-13	2.96181e-13	2.96204e-13	2.96212e-13	2.96221e-13	2.96234e-13	2.9624e-13	2.96252e-13	2.96262e-13	2.96285e-13	2.963e-13	2.96892e-13	2.97382e-13	2.97409e-13	2.97428e-13	2.97432e-13	2.97449e-13	2.97676e-13	2.97971e-13	2.97993e-13	2.98002e-13	2.98015e-13	2.98029e-13	2.98056e-13	2.98261e-13	2.98473e-13	2.98489e-13	2.98494e-13	2.98498e-13	2.98501e-13	2.98505e-13	2.98509e-13	2.98513e-13	2.98514e-13	2.98518e-13	2.98519e-13	2.98523e-13	2.98523e-13	2.98524e-13	2.98528e-13	2.98528e-13	2.9853e-13	2.9853e-13	2.9853e-13	2.9853e-13
471.572	1.62556e-16	1.52901e-16	1.57205e-16	3.31597e-13	1.32695e-13	1.36044e-13	1.38737e-13	1.39291e-13	1.39912e-13	1.40366e-13	1.4052e-13	1.40847e-13	1.40936e-13	1.41114e-13	1.41242e-13	1.41348e-13	1.41507e-13	1.4164e-13	1.41784e-13	1.42479e-13	1.4388e-13	2.08396e-13	2.09374e-13	2.10521e-13	2.10895e-13	2.11438e-13	2.12096e-13	2.13734e-13	2.38291e-13	2.94303e-13	2.96234e-13	2.96604e-13	2.9692e-13	2.97128e-13	2.97303e-13	2.97428e-13	2.97574e-13	2.97718e-13	2.97912e-13	2.98381e-13	3.17608e-13	3.18976e-13	3.19348e-13	3.19531e-13	3.19769e-13	3.21216e-13	3.2938e-13	3.2968e-13	3.29722e-13	3.29755e-13	3.29767e-13	3.29778e-13	3.29785e-13	3.29795e-13	3.29799e-13	3.29807e-13	3.29814e-13	3.2982e-13	3.2983e-13	3.29842e-13	3.29875e-13	3.30029e-13	3.30667e-13	3.30724e-13	3.30736e-13	3.30747e-13	3.30749e-13	3.30755e-13	3.31142e-13	3.31161e-13	3.31164e-13	3.31175e-13	3.31186e-13	3.31191e-13	3.31205e-13	3.31401e-13	3.31548e-13	3.31565e-13	3.31567e-13	3.31572e-13	3.31575e-13	3.31576e-13	3.3158e-13	3.31584e-13	3.31585e-13	3.3159e-13	3.3159e-13	3.31595e-13	3.31596e-13	3.31596e-13	3.31597e-13	3.31597e-13	3.31597e-13	3.31597e-13
474.582	1.62556e-16	1.57369e-16	1.61422e-16	3.45638e-13	1.18965e-13	1.21835e-13	1.24103e-13	1.24829e-13	1.2518e-13	1.25666e-13	1.25794e-13	1.25993e-13	1.26152e-13	1.26208e-13	1.26336e-13	1.26429e-13	1.26472e-13	1.26587e-13	1.26727e-13	1.26894e-13	1.293e-13	1.93708e-13	1.99691e-13	2.00446e-13	2.01162e-13	2.01771e-13	2.02405e-13	2.03827e-13	2.1122e-13	3.0054e-13	3.03968e-13	3.04824e-13	3.05341e-13	3.05473e-13	3.05726e-13	3.05883e-13	3.0604e-13	3.0616e-13	3.06396e-13	3.06637e-13	3.07469e-13	3.27801e-13	3.28778e-13	3.29001e-13	3.2917e-13	3.2984e-13	3.39677e-13	3.42662e-13	3.42763e-13	3.42846e-13	3.42874e-13	3.42894e-13	3.42908e-13	3.42922e-13	3.42933e-13	3.42944e-13	3.42953e-13	3.42966e-13	3.42974e-13	3.42987e-13	3.43007e-13	3.43059e-13	3.43111e-13	3.44319e-13	3.44433e-13	3.44445e-13	3.44461e-13	3.44469e-13	3.44476e-13	3.44873e-13	3.45057e-13	3.45094e-13	3.45098e-13	3.45109e-13	3.45127e-13	3.45139e-13	3.45155e-13	3.45457e-13	3.45566e-13	3.45599e-13	3.45609e-13	3.45615e-13	3.45616e-13	3.45617e-13	3.45619e-13	3.45621e-13	3.45623e-13	3.45629e-13	3.4563e-13	3.45632e-13	3.45638e-13	3.45638e-13	3.45638e-13	3.45638e-13
477.592	1.62556e-16	1.54815e-16	1.58245e-16	3.4271e-13	7.88452e-14	8.07571e-14	8.21124e-14	8.27547e-14	8.29305e-14	8.32273e-14	8.33908e-14	8.34621e-14	8.3597e-14	8.36642e-14	8.37133e-14	8.3812e-14	8.39081e-14	8.3966e-14	8.41656e-14	8.46429e-14	8.5305e-14	1.67374e-13	1.83797e-13	1.86374e-13	1.87167e-13	1.87686e-13	1.88386e-13	1.89384e-13	1.91822e-13	2.86394e-13	2.91622e-13	2.92335e-13	2.92915e-13	2.93231e-13	2.9349e-13	2.936e-13	2.93768e-13	2.93897e-13	2.94109e-13	2.94247e-13	2.94705e-13	3.0557e-13	3.14449e-13	3.14769e-13	3.14986e-13	3.15493e-13	3.16735e-13	3.38537e-13	3.39353e-13	3.39635e-13	3.39693e-13	3.39767e-13	3.39798e-13	3.39822e-13	3.39844e-13	3.39867e-13	3.39881e-13	3.39897e-13	3.39908e-13	3.39923e-13	3.39946e-13	3.3996e-13	3.40013e-13	3.40445e-13	3.4137e-13	3.41409e-13	3.41433e-13	3.41438e-13	3.41459e-13	3.41476e-13	3.4148e-13	3.42107e-13	3.4215e-13	3.42161e-13	3.42164e-13	3.42176e-13	3.42198e-13	3.42217e-13	3.42222e-13	3.42333e-13	3.42599e-13	3.42674e-13	3.42681e-13	3.42697e-13	3.42698e-13	3.42704e-13	3.42705e-13	3.42705e-13	3.42706e-13	3.42707e-13	3.4271e-13	3.4271e-13	3.4271e-13	3.4271e-13
480.602	1.62556e-16	1.47128e-16	1.50175e-16	3.31242e-13	7.7857e-14	7.98362e-14	8.10126e-14	8.17637e-14	8.19776e-14	8.21967e-14	8.24334e-14	8.25219e-14	8.26166e-14	8.27483e-14	8.28101e-14	8.29044e-14	8.30173e-14	8.31928e-14	8.33189e-14	8.3687e-14	8.55421e-14	1.40777e-13	1.97859e-13	1.99504e-13	2.00381e-13	2.01118e-13	2.0165e-13	2.02434e-13	2.04048e-13	2.39349e-13	2.87132e-13	2.8892e-13	2.89441e-13	2.89701e-13	2.89879e-13	2.90043e-13	2.9019e-13	2.90268e-13	2.90429e-13	2.90523e-13	2.90737e-13	2.91296e-13	3.02438e-13	3.02787e-13	3.03002e-13	3.03301e-13	3.0371e-13	3.10987e-13	3.27536e-13	3.28195e-13	3.28294e-13	3.28414e-13	3.28454e-13	3.28501e-13	3.28519e-13	3.28548e-13	3.28569e-13	3.28586e-13	3.286e-13	3.28621e-13	3.28633e-13	3.28656e-13	3.28676e-13	3.28715e-13	3.28935e-13	3.30116e-13	3.30157e-13	3.30199e-13	3.3021e-13	3.30217e-13	3.30234e-13	3.30272e-13	3.3069e-13	3.30752e-13	3.30785e-13	3.30798e-13	3.30801e-13	3.30806e-13	3.30809e-13	3.3083e-13	3.30855e-13	3.30871e-13	3.30879e-13	3.31169e-13	3.31178e-13	3.31211e-13	3.31214e-13	3.31229e-13	3.31234e-13	3.31234e-13	3.31242e-13	3.31242e-13	3.31242e-13	3.31242e-13
483.612	1.62556e-16	1.32339e-16	1.35042e-16	3.05386e-13	9.67546e-14	9.93852e-14	1.00659e-13	1.01627e-13	1.02008e-13	1.02201e-13	1.0248e-13	1.02671e-13	1.02752e-13	1.0288e-13	1.03024e-13	1.0315e-13	1.03234e-13	1.03386e-13	1.03696e-13	1.04034e-13	1.04704e-13	1.1765e-13	2.30984e-13	2.37592e-13	2.38859e-13	2.39309e-13	2.39797e-13	2.40255e-13	2.40991e-13	2.44416e-13	2.75923e-13	2.77025e-13	2.77318e-13	2.7751e-13	2.77632e-13	2.77741e-13	2.77797e-13	2.77879e-13	2.77985e-13	2.78016e-13	2.78146e-13	2.78255e-13	2.83445e-13	2.84042e-13	2.84201e-13	2.84327e-13	2.84531e-13	2.85558e-13	3.0133e-13	3.03424e-13	3.03555e-13	3.03702e-13	3.03753e-13	3.03809e-13	3.0383e-13	3.03865e-13	3.03878e-13	3.03905e-13	3.03919e-13	3.03935e-13	3.03953e-13	3.03969e-13	3.03981e-13	3.03999e-13	3.04023e-13	3.04106e-13	3.04696e-13	3.04782e-13	3.04803e-13	3.04813e-13	3.04825e-13	3.04834e-13	3.04852e-13	3.04889e-13	3.05108e-13	3.05121e-13	3.05135e-13	3.05147e-13	3.05154e-13	3.0516e-13	3.05161e-13	3.05167e-13	3.05174e-13	3.05199e-13	3.05202e-13	3.05235e-13	3.05242e-13	3.05254e-13	3.05369e-13	3.05377e-13	3.05386e-13	3.05386e-13	3.05386e-13	3.05386e-13
486.622	1.62556e-16	1.19404e-16	1.21973e-16	2.8125e-13	9.48258e-14	9.76106e-14	9.87154e-14	9.9611e-14	1.00097e-13	1.00282e-13	1.00479e-13	1.00698e-13	1.0082e-13	1.00892e-13	1.01007e-13	1.01139e-13	1.01269e-13	1.01368e-13	1.01518e-13	1.01963e-13	1.02971e-13	1.05699e-13	2.29239e-13	2.32798e-13	2.34049e-13	2.34883e-13	2.35342e-13	2.35642e-13	2.36055e-13	2.36943e-13	2.56468e-13	2.57476e-13	2.57712e-13	2.57817e-13	2.57934e-13	2.58039e-13	2.58082e-13	2.5818e-13	2.58253e-13	2.58294e-13	2.58425e-13	2.5847e-13	2.58855e-13	2.63453e-13	2.63644e-13	2.63723e-13	2.63862e-13	2.64062e-13	2.6514e-13	2.78973e-13	2.79529e-13	2.79717e-13	2.79769e-13	2.79831e-13	2.79855e-13	2.79892e-13	2.79904e-13	2.79931e-13	2.7994e-13	2.79959e-13	2.7997e-13	2.79983e-13	2.79999e-13	2.8001e-13	2.8003e-13	2.80046e-13	2.80106e-13	2.80551e-13	2.80802e-13	2.8082e-13	2.8083e-13	2.80846e-13	2.80853e-13	2.80859e-13	2.80871e-13	2.80932e-13	2.81148e-13	2.81157e-13	2.81158e-13	2.81171e-13	2.81186e-13	2.81195e-13	2.81201e-13	2.81203e-13	2.81204e-13	2.81211e-13	2.81213e-13	2.81227e-13	2.81234e-13	2.81243e-13	2.8125e-13	2.8125e-13	2.8125e-13	2.8125e-13
489.632	1.62556e-16	1.20191e-16	1.22869e-16	2.88691e-13	7.85454e-14	8.1045e-14	8.18955e-14	8.25561e-14	8.30178e-14	8.32267e-14	8.33489e-14	8.35032e-14	8.36501e-14	8.37358e-14	8.37973e-14	8.39113e-14	8.4028e-14	8.42002e-14	8.43786e-14	8.45958e-14	8.53453e-14	8.97907e-14	1.99879e-13	2.38321e-13	2.40552e-13	2.41227e-13	2.41714e-13	2.42199e-13	2.42659e-13	2.4323e-13	2.56564e-13	2.65165e-13	2.65567e-13	2.65745e-13	2.6589e-13	2.6598e-13	2.66052e-13	2.66157e-13	2.66232e-13	2.66318e-13	2.66462e-13	2.66506e-13	2.66935e-13	2.72869e-13	2.76599e-13	2.76721e-13	2.76787e-13	2.76855e-13	2.7716e-13	2.82665e-13	2.86879e-13	2.87084e-13	2.87141e-13	2.87193e-13	2.87216e-13	2.87241e-13	2.87253e-13	2.87271e-13	2.87278e-13	2.87294e-13	2.873e-13	2.87311e-13	2.87321e-13	2.87333e-13	2.87344e-13	2.87356e-13	2.87371e-13	2.87409e-13	2.87708e-13	2.88116e-13	2.88291e-13	2.88314e-13	2.88326e-13	2.88334e-13	2.88341e-13	2.88348e-13	2.88356e-13	2.88439e-13	2.88443e-13	2.88629e-13	2.88632e-13	2.88643e-13	2.88644e-13	2.88658e-13	2.88661e-13	2.8867e-13	2.88676e-13	2.88679e-13	2.8868e-13	2.88685e-13	2.88691e-13	2.88691e-13	2.88691e-13	2.88691e-13
492.642	1.62556e-16	1.30864e-16	1.33575e-16	3.18596e-13	6.8748e-14	7.11126e-14	7.18588e-14	7.23786e-14	7.28079e-14	7.30677e-14	7.31993e-14	7.33136e-14	7.34589e-14	7.35984e-14	7.3693e-14	7.38275e-14	7.39311e-14	7.40861e-14	7.43742e-14	7.48065e-14	7.54071e-14	7.69407e-14	1.16394e-13	2.41472e-13	2.44361e-13	2.45632e-13	2.46364e-13	2.46752e-13	2.47157e-13	2.47941e-13	2.52286e-13	2.80787e-13	2.81637e-13	2.82053e-13	2.82229e-13	2.82385e-13	2.82532e-13	2.82632e-13	2.82744e-13	2.82894e-13	2.83041e-13	2.83185e-13	2.83781e-13	2.8432e-13	3.08034e-13	3.08582e-13	3.08711e-13	3.08844e-13	3.08993e-13	3.09463e-13	3.16892e-13	3.17162e-13	3.17295e-13	3.17338e-13	3.17355e-13	3.17373e-13	3.17381e-13	3.17393e-13	3.17398e-13	3.17407e-13	3.17411e-13	3.17419e-13	3.17423e-13	3.17429e-13	3.17436e-13	3.17442e-13	3.17452e-13	3.1746e-13	3.17483e-13	3.17499e-13	3.18006e-13	3.18277e-13	3.18297e-13	3.18317e-13	3.18321e-13	3.18333e-13	3.18337e-13	3.1834e-13	3.18344e-13	3.18349e-13	3.1845e-13	3.18544e-13	3.18547e-13	3.18559e-13	3.18561e-13	3.18565e-13	3.18567e-13	3.1858e-13	3.18582e-13	3.18583e-13	3.18596e-13	3.18596e-13	3.18596e-13	3.18596e-13
495.652	1.62556e-16	1.46376e-16	1.49381e-16	3.61751e-13	8.6263e-14	8.94347e-14	9.04121e-14	9.09979e-14	9.15074e-14	9.18916e-14	9.2122e-14	9.22639e-14	9.24072e-14	9.25857e-14	9.27635e-14	9.29389e-14	9.31116e-14	9.32645e-14	9.34601e-14	9.38605e-14	9.47326e-14	9.66622e-14	9.91178e-14	2.42441e-13	2.45131e-13	2.45927e-13	2.46477e-13	2.47013e-13	2.47536e-13	2.48629e-13	2.52136e-13	3.17933e-13	3.20665e-13	3.21602e-13	3.21974e-13	3.22239e-13	3.22364e-13	3.22515e-13	3.22688e-13	3.22811e-13	3.22941e-13	3.23118e-13	3.23451e-13	3.23672e-13	3.30979e-13	3.47938e-13	3.48304e-13	3.48497e-13	3.48632e-13	3.48975e-13	3.526e-13	3.60207e-13	3.60667e-13	3.60728e-13	3.60766e-13	3.60791e-13	3.60804e-13	3.60817e-13	3.60824e-13	3.60835e-13	3.60839e-13	3.60847e-13	3.60853e-13	3.6086e-13	3.60864e-13	3.60871e-13	3.60878e-13	3.60885e-13	3.60895e-13	3.60906e-13	3.60923e-13	3.61195e-13	3.61466e-13	3.61492e-13	3.61504e-13	3.61512e-13	3.61516e-13	3.61518e-13	3.61521e-13	3.61528e-13	3.61535e-13	3.6154e-13	3.61541e-13	3.61675e-13	3.61677e-13	3.6172e-13	3.61721e-13	3.61741e-13	3.61742e-13	3.61742e-13	3.61751e-13	3.61751e-13	3.61751e-13	3.61751e-13
498.662	1.62556e-16	1.47493e-16	1.5135e-16	3.76289e-13	1.79735e-13	1.86673e-13	1.88809e-13	1.89913e-13	1.90807e-13	1.9155e-13	1.92074e-13	1.92397e-13	1.92614e-13	1.9283e-13	1.93079e-13	1.93325e-13	1.93556e-13	1.93788e-13	1.9399e-13	1.94199e-13	1.94538e-13	1.95426e-13	1.98629e-13	2.66509e-13	2.6972e-13	2.70466e-13	2.70852e-13	2.71122e-13	2.71535e-13	2.72205e-13	2.7384e-13	3.32367e-13	3.44626e-13	3.45814e-13	3.46292e-13	3.4655e-13	3.46697e-13	3.4685e-13	3.46961e-13	3.47019e-13	3.47126e-13	3.47251e-13	3.47397e-13	3.47608e-13	3.48341e-13	3.63637e-13	3.64355e-13	3.64463e-13	3.64616e-13	3.64836e-13	3.65488e-13	3.7403e-13	3.75572e-13	3.75697e-13	3.7577e-13	3.7579e-13	3.75808e-13	3.75818e-13	3.75825e-13	3.75835e-13	3.7584e-13	3.75846e-13	3.75849e-13	3.75856e-13	3.75859e-13	3.75864e-13	3.75869e-13	3.75872e-13	3.7588e-13	3.75882e-13	3.7589e-13	3.75902e-13	3.75981e-13	3.76131e-13	3.76163e-13	3.76168e-13	3.76169e-13	3.76172e-13	3.76175e-13	3.76178e-13	3.76179e-13	3.7618e-13	3.76182e-13	3.76188e-13	3.76188e-13	3.762e-13	3.762e-13	3.76278e-13	3.76283e-13	3.76283e-13	3.76289e-13	3.76289e-13	3.76289e-13	3.76289e-13
501.672	1.62556e-16	1.49413e-16	1.53802e-16	3.90338e-13	2.20198e-13	2.29058e-13	2.31847e-13	2.33161e-13	2.34101e-13	2.3489e-13	2.35517e-13	2.35961e-13	2.36246e-13	2.36446e-13	2.3663e-13	2.36875e-13	2.37037e-13	2.37204e-13	2.37382e-13	2.37564e-13	2.37765e-13	2.38028e-13	2.3883e-13	2.78467e-13	2.79853e-13	2.80313e-13	2.80632e-13	2.80927e-13	2.81331e-13	2.81814e-13	2.82819e-13	2.99349e-13	3.4815e-13	3.50278e-13	3.50949e-13	3.51203e-13	3.51407e-13	3.51568e-13	3.51685e-13	3.51785e-13	3.51917e-13	3.51991e-13	3.52124e-13	3.52392e-13	3.52601e-13	3.6963e-13	3.73186e-13	3.73364e-13	3.73626e-13	3.73823e-13	3.74085e-13	3.7542e-13	3.88592e-13	3.89327e-13	3.89505e-13	3.89561e-13	3.89607e-13	3.89629e-13	3.89649e-13	3.89666e-13	3.89681e-13	3.89692e-13	3.897e-13	3.89712e-13	3.89719e-13	3.89731e-13	3.89736e-13	3.89741e-13	3.89754e-13	3.89759e-13	3.89766e-13	3.89784e-13	3.8979e-13	3.89833e-13	3.90154e-13	3.90244e-13	3.90277e-13	3.90289e-13	3.90297e-13	3.90301e-13	3.90303e-13	3.9031e-13	3.90312e-13	3.9032e-13	3.90321e-13	3.90322e-13	3.90323e-13	3.90326e-13	3.90329e-13	3.90332e-13	3.90338e-13	3.90338e-13	3.90338e-13	3.90338e-13
504.682	1.62556e-16	1.51047e-16	1.54888e-16	3.9879e-13	1.65888e-13	1.72813e-13	1.7507e-13	1.76104e-13	1.7676e-13	1.77278e-13	1.77712e-13	1.78062e-13	1.78323e-13	1.78507e-13	1.7864e-13	1.78815e-13	1.78933e-13	1.79035e-13	1.79147e-13	1.79298e-13	1.79537e-13	1.79983e-13	1.80508e-13	2.32818e-13	2.4652e-13	2.47755e-13	2.48338e-13	2.48794e-13	2.4929e-13	2.49853e-13	2.5139e-13	2.59516e-13	3.5414e-13	3.57224e-13	3.58462e-13	3.58877e-13	3.59188e-13	3.5936e-13	3.59502e-13	3.59637e-13	3.59759e-13	3.59845e-13	3.59993e-13	3.60152e-13	3.60257e-13	3.61049e-13	3.7368e-13	3.74145e-13	3.74396e-13	3.7458e-13	3.74861e-13	3.75394e-13	3.88584e-13	3.9705e-13	3.97509e-13	3.977e-13	3.97795e-13	3.97835e-13	3.97878e-13	3.979e-13	3.9793e-13	3.97946e-13	3.97962e-13	3.97974e-13	3.97987e-13	3.98003e-13	3.9801e-13	3.98019e-13	3.98033e-13	3.98039e-13	3.98052e-13	3.98063e-13	3.98073e-13	3.9809e-13	3.98131e-13	3.98156e-13	3.98452e-13	3.98659e-13	3.9872e-13	3.98726e-13	3.98736e-13	3.98749e-13	3.98752e-13	3.98755e-13	3.98757e-13	3.9876e-13	3.98763e-13	3.98773e-13	3.98774e-13	3.98781e-13	3.9879e-13	3.9879e-13	3.9879e-13	3.9879e-13
507.692	1.62556e-16	1.47368e-16	1.50497e-16	3.94908e-13	1.44897e-13	1.51152e-13	1.53273e-13	1.54262e-13	1.54849e-13	1.55275e-13	1.55623e-13	1.55923e-13	1.56179e-13	1.5639e-13	1.56559e-13	1.56718e-13	1.56868e-13	1.57006e-13	1.57136e-13	1.57283e-13	1.57485e-13	1.57857e-13	1.5898e-13	1.82451e-13	2.31883e-13	2.33246e-13	2.33886e-13	2.34326e-13	2.34858e-13	2.35379e-13	2.36779e-13	2.4056e-13	3.45967e-13	3.54395e-13	3.56155e-13	3.56823e-13	3.57198e-13	3.57457e-13	3.57647e-13	3.5779e-13	3.57916e-13	3.58026e-13	3.58115e-13	3.58202e-13	3.58336e-13	3.58699e-13	3.63269e-13	3.66552e-13	3.66773e-13	3.66969e-13	3.67235e-13	3.67478e-13	3.68657e-13	3.85696e-13	3.93283e-13	3.93712e-13	3.93832e-13	3.93914e-13	3.93969e-13	3.93997e-13	3.94032e-13	3.94047e-13	3.94066e-13	3.94079e-13	3.94093e-13	3.94105e-13	3.94117e-13	3.94124e-13	3.94137e-13	3.94145e-13	3.94155e-13	3.94167e-13	3.94173e-13	3.94186e-13	3.94195e-13	3.94214e-13	3.94241e-13	3.94255e-13	3.94732e-13	3.94831e-13	3.94844e-13	3.9486e-13	3.94867e-13	3.94869e-13	3.94871e-13	3.94878e-13	3.9488e-13	3.94895e-13	3.94895e-13	3.949e-13	3.94908e-13	3.94908e-13	3.94908e-13	3.94908e-13
510.702	1.62556e-16	1.35764e-16	1.38191e-16	3.75892e-13	1.79094e-13	1.87021e-13	1.89782e-13	1.91102e-13	1.91866e-13	1.92383e-13	1.92774e-13	1.93095e-13	1.93373e-13	1.93617e-13	1.93832e-13	1.9402e-13	1.94185e-13	1.94352e-13	1.94526e-13	1.94724e-13	1.94981e-13	1.95318e-13	1.9571e-13	1.99241e-13	2.76809e-13	2.78481e-13	2.79085e-13	2.79444e-13	2.79785e-13	2.80129e-13	2.80716e-13	2.81979e-13	3.14611e-13	3.48454e-13	3.50621e-13	3.5117e-13	3.51521e-13	3.51693e-13	3.51831e-13	3.51944e-13	3.52037e-13	3.52121e-13	3.52202e-13	3.52265e-13	3.52359e-13	3.52532e-13	3.52672e-13	3.59756e-13	3.59978e-13	3.6016e-13	3.60292e-13	3.60436e-13	3.60812e-13	3.61441e-13	3.74449e-13	3.74922e-13	3.75047e-13	3.75127e-13	3.75163e-13	3.75194e-13	3.7522e-13	3.75232e-13	3.75248e-13	3.75259e-13	3.75271e-13	3.75281e-13	3.7529e-13	3.75299e-13	3.75307e-13	3.75316e-13	3.75324e-13	3.75331e-13	3.75339e-13	3.75345e-13	3.75351e-13	3.75362e-13	3.75368e-13	3.75379e-13	3.75398e-13	3.75486e-13	3.75698e-13	3.75834e-13	3.75842e-13	3.75845e-13	3.75857e-13	3.75872e-13	3.75873e-13	3.75881e-13	3.75884e-13	3.75889e-13	3.75892e-13	3.75892e-13	3.75892e-13	3.75892e-13
513.712	1.62556e-16	1.13139e-16	1.14867e-16	3.23612e-13	1.7901e-13	1.87095e-13	1.89962e-13	1.91363e-13	1.92174e-13	1.9271e-13	1.93092e-13	1.93383e-13	1.93621e-13	1.93826e-13	1.94006e-13	1.94209e-13	1.94346e-13	1.94472e-13	1.94605e-13	1.94763e-13	1.94981e-13	1.95335e-13	1.95874e-13	1.98912e-13	2.82163e-13	2.86141e-13	2.87115e-13	2.87602e-13	2.87943e-13	2.88216e-13	2.88458e-13	2.8887e-13	2.91495e-13	3.10917e-13	3.1263e-13	3.12919e-13	3.13019e-13	3.13113e-13	3.13199e-13	3.13267e-13	3.13329e-13	3.1336e-13	3.13411e-13	3.13466e-13	3.13508e-13	3.13586e-13	3.13689e-13	3.15285e-13	3.18457e-13	3.18652e-13	3.18721e-13	3.18761e-13	3.18834e-13	3.18948e-13	3.208e-13	3.22962e-13	3.23111e-13	3.23151e-13	3.23171e-13	3.23196e-13	3.23211e-13	3.23222e-13	3.23233e-13	3.23242e-13	3.2325e-13	3.23261e-13	3.23265e-13	3.23276e-13	3.2328e-13	3.2329e-13	3.23296e-13	3.23303e-13	3.23311e-13	3.23313e-13	3.23319e-13	3.23327e-13	3.23331e-13	3.23336e-13	3.23341e-13	3.23351e-13	3.23359e-13	3.23386e-13	3.23471e-13	3.23477e-13	3.23572e-13	3.23589e-13	3.2359e-13	3.23601e-13	3.23605e-13	3.23609e-13	3.23612e-13	3.23612e-13	3.23612e-13	3.23612e-13
516.722	1.62556e-16	1.06029e-16	1.07711e-16	3.07954e-13	1.476e-13	1.54384e-13	1.56814e-13	1.58018e-13	1.5872e-13	1.59182e-13	1.59503e-13	1.59738e-13	1.59919e-13	1.60064e-13	1.60186e-13	1.60338e-13	1.60441e-13	1.60529e-13	1.60617e-13	1.60719e-13	1.60861e-13	1.61095e-13	1.6166e-13	1.64523e-13	2.66917e-13	2.70659e-13	2.71714e-13	2.72278e-13	2.72657e-13	2.72984e-13	2.73231e-13	2.73668e-13	2.74745e-13	2.90977e-13	2.95924e-13	2.96261e-13	2.96414e-13	2.96545e-13	2.96655e-13	2.96718e-13	2.96793e-13	2.96846e-13	2.96924e-13	2.96992e-13	2.97025e-13	2.97118e-13	2.97271e-13	2.97483e-13	3.02195e-13	3.02612e-13	3.02664e-13	3.02696e-13	3.02754e-13	3.02836e-13	3.0308e-13	3.06846e-13	3.07296e-13	3.07356e-13	3.074e-13	3.07427e-13	3.07443e-13	3.0746e-13	3.07469e-13	3.07483e-13	3.0749e-13	3.07503e-13	3.07507e-13	3.0752e-13	3.07525e-13	3.07536e-13	3.07542e-13	3.07551e-13	3.07559e-13	3.07562e-13	3.0757e-13	3.07579e-13	3.07581e-13	3.07589e-13	3.07592e-13	3.07602e-13	3.07608e-13	3.07618e-13	3.07623e-13	3.07634e-13	3.07657e-13	3.07744e-13	3.07746e-13	3.0791e-13	3.07913e-13	3.07946e-13	3.07954e-13	3.07954e-13	3.07954e-13	3.07954e-13
519.732	1.62556e-16	1.11611e-16	1.13956e-16	3.27677e-13	9.38503e-14	9.823e-14	9.98021e-14	1.00582e-13	1.01037e-13	1.01334e-13	1.01538e-13	1.01684e-13	1.01793e-13	1.01878e-13	1.01947e-13	1.02018e-13	1.02081e-13	1.02146e-13	1.02225e-13	1.02338e-13	1.02528e-13	1.02826e-13	1.03132e-13	1.04754e-13	2.46865e-13	2.7518e-13	2.77972e-13	2.79142e-13	2.79874e-13	2.80433e-13	2.8078e-13	2.81237e-13	2.82085e-13	2.88493e-13	3.09041e-13	3.09758e-13	3.09988e-13	3.10181e-13	3.10308e-13	3.10373e-13	3.10485e-13	3.10592e-13	3.10697e-13	3.10744e-13	3.10839e-13	3.10989e-13	3.1115e-13	3.11266e-13	3.12753e-13	3.20631e-13	3.20706e-13	3.20766e-13	3.2082e-13	3.20867e-13	3.20992e-13	3.21884e-13	3.26814e-13	3.27183e-13	3.27287e-13	3.27319e-13	3.27352e-13	3.27375e-13	3.27386e-13	3.27404e-13	3.27412e-13	3.27428e-13	3.27434e-13	3.27449e-13	3.27455e-13	3.27467e-13	3.27474e-13	3.27485e-13	3.27494e-13	3.27496e-13	3.27508e-13	3.27516e-13	3.27518e-13	3.27529e-13	3.27531e-13	3.27542e-13	3.27544e-13	3.27555e-13	3.27559e-13	3.27571e-13	3.27575e-13	3.2758e-13	3.27585e-13	3.27611e-13	3.27612e-13	3.27666e-13	3.27677e-13	3.27677e-13	3.27677e-13	3.27677e-13
522.742	1.62556e-16	1.07429e-16	1.09864e-16	3.22502e-13	7.24596e-14	7.59221e-14	7.71839e-14	7.78249e-14	7.82106e-14	7.84721e-14	7.86616e-14	7.88069e-14	7.89244e-14	7.90249e-14	7.91156e-14	7.92024e-14	7.92929e-14	7.93948e-14	7.95202e-14	7.96911e-14	7.99529e-14	8.03862e-14	8.1126e-14	8.37785e-14	1.68329e-13	2.82288e-13	2.85744e-13	2.87026e-13	2.87783e-13	2.88282e-13	2.88635e-13	2.89032e-13	2.89513e-13	2.90458e-13	3.01794e-13	3.02377e-13	3.0247e-13	3.02593e-13	3.02691e-13	3.0278e-13	3.02864e-13	3.02903e-13	3.02983e-13	3.03046e-13	3.03135e-13	3.0325e-13	3.03301e-13	3.03486e-13	3.03982e-13	3.12636e-13	3.12909e-13	3.13002e-13	3.13042e-13	3.13095e-13	3.13204e-13	3.13439e-13	3.16615e-13	3.21858e-13	3.2207e-13	3.22148e-13	3.22202e-13	3.22233e-13	3.22262e-13	3.22281e-13	3.22296e-13	3.22311e-13	3.22323e-13	3.22337e-13	3.22346e-13	3.22356e-13	3.22366e-13	3.22376e-13	3.22386e-13	3.22389e-13	3.22399e-13	3.22408e-13	3.22411e-13	3.2242e-13	3.22424e-13	3.22433e-13	3.22434e-13	3.22444e-13	3.22448e-13	3.2246e-13	3.22461e-13	3.22464e-13	3.22468e-13	3.22484e-13	3.22484e-13	3.2249e-13	3.22502e-13	3.22502e-13	3.22502e-13	3.22502e-13
525.753	1.62556e-16	1.2501e-16	1.27759e-16	3.79128e-13	6.12882e-14	6.42954e-14	6.54086e-14	6.59872e-14	6.63469e-14	6.65997e-14	6.67918e-14	6.69472e-14	6.70805e-14	6.72015e-14	6.73167e-14	6.74497e-14	6.7578e-14	6.77186e-14	6.78865e-14	6.81048e-14	6.84139e-14	6.8888e-14	6.9736e-14	7.21153e-14	9.33295e-14	3.07869e-13	3.12216e-13	3.13736e-13	3.14591e-13	3.15175e-13	3.1551e-13	3.15971e-13	3.1649e-13	3.17431e-13	3.41026e-13	3.43773e-13	3.44123e-13	3.44339e-13	3.44488e-13	3.44571e-13	3.44682e-13	3.44762e-13	3.44866e-13	3.44967e-13	3.45022e-13	3.45143e-13	3.45261e-13	3.45467e-13	3.4562e-13	3.5431e-13	3.58269e-13	3.58484e-13	3.58584e-13	3.58706e-13	3.58831e-13	3.59095e-13	3.60014e-13	3.76183e-13	3.78157e-13	3.78537e-13	3.78651e-13	3.78758e-13	3.78815e-13	3.7884e-13	3.7887e-13	3.7889e-13	3.78914e-13	3.78924e-13	3.78944e-13	3.78953e-13	3.78967e-13	3.78977e-13	3.78988e-13	3.78996e-13	3.79003e-13	3.79014e-13	3.79021e-13	3.79027e-13	3.79035e-13	3.79045e-13	3.79047e-13	3.79054e-13	3.79062e-13	3.79073e-13	3.79077e-13	3.79079e-13	3.7908e-13	3.791e-13	3.79101e-13	3.79109e-13	3.79128e-13	3.79128e-13	3.79128e-13	3.79128e-13
528.763	1.62556e-16	1.4224e-16	1.45003e-16	4.40196e-13	8.47129e-14	8.89617e-14	9.05379e-14	9.13595e-14	9.18729e-14	9.22341e-14	9.25093e-14	9.27316e-14	9.29213e-14	9.30913e-14	9.32502e-14	9.34702e-14	9.36581e-14	9.38481e-14	9.40643e-14	9.43371e-14	9.47129e-14	9.51786e-14	9.56159e-14	9.71519e-14	1.03657e-13	3.1835e-13	3.27402e-13	3.29521e-13	3.30541e-13	3.31236e-13	3.31735e-13	3.32315e-13	3.3301e-13	3.34697e-13	3.73047e-13	4.05989e-13	4.07228e-13	4.07865e-13	4.0817e-13	4.08374e-13	4.08585e-13	4.0872e-13	4.08845e-13	4.08929e-13	4.09027e-13	4.09133e-13	4.09279e-13	4.09375e-13	4.09546e-13	4.10282e-13	4.25233e-13	4.25663e-13	4.25881e-13	4.26028e-13	4.26154e-13	4.26368e-13	4.2661e-13	4.29724e-13	4.39227e-13	4.39652e-13	4.39845e-13	4.39928e-13	4.39959e-13	4.39988e-13	4.40002e-13	4.40021e-13	4.40031e-13	4.40042e-13	4.40052e-13	4.40061e-13	4.4007e-13	4.40078e-13	4.40085e-13	4.40092e-13	4.40097e-13	4.40105e-13	4.40111e-13	4.40116e-13	4.40121e-13	4.4013e-13	4.40131e-13	4.40137e-13	4.40143e-13	4.40151e-13	4.40156e-13	4.40158e-13	4.40158e-13	4.40173e-13	4.40174e-13	4.40182e-13	4.40196e-13	4.40196e-13	4.40196e-13	4.40196e-13
531.773	1.62556e-16	1.15942e-16	1.18187e-16	3.70071e-13	1.53519e-13	1.61344e-13	1.6421e-13	1.65677e-13	1.66572e-13	1.67184e-13	1.67632e-13	1.67977e-13	1.68256e-13	1.68491e-13	1.68694e-13	1.6894e-13	1.69124e-13	1.69288e-13	1.69453e-13	1.69638e-13	1.6986e-13	1.70131e-13	1.70502e-13	1.71425e-13	1.75576e-13	2.75359e-13	2.79016e-13	2.79968e-13	2.8047e-13	2.80838e-13	2.81128e-13	2.81523e-13	2.81992e-13	2.83225e-13	2.90781e-13	3.50756e-13	3.52895e-13	3.53671e-13	3.53954e-13	3.54153e-13	3.54284e-13	3.54372e-13	3.54461e-13	3.54533e-13	3.54604e-13	3.54673e-13	3.54722e-13	3.54781e-13	3.54875e-13	3.55094e-13	3.57682e-13	3.60378e-13	3.60577e-13	3.6066e-13	3.60737e-13	3.60819e-13	3.60945e-13	3.61268e-13	3.65677e-13	3.69525e-13	3.69818e-13	3.69891e-13	3.69927e-13	3.6995e-13	3.6996e-13	3.69974e-13	3.69979e-13	3.69986e-13	3.69993e-13	3.69999e-13	3.70004e-13	3.70009e-13	3.70013e-13	3.70017e-13	3.7002e-13	3.70025e-13	3.70027e-13	3.70031e-13	3.70032e-13	3.70038e-13	3.70039e-13	3.70043e-13	3.70045e-13	3.70049e-13	3.70052e-13	3.70054e-13	3.70054e-13	3.70061e-13	3.70061e-13	3.70065e-13	3.70071e-13	3.70071e-13	3.70071e-13	3.70071e-13
534.783	1.62556e-16	1.07259e-16	1.09696e-16	3.52512e-13	1.95978e-13	2.06191e-13	2.09909e-13	2.11799e-13	2.12944e-13	2.13721e-13	2.14281e-13	2.14704e-13	2.15038e-13	2.15311e-13	2.15538e-13	2.15755e-13	2.15924e-13	2.16074e-13	2.16218e-13	2.16365e-13	2.16524e-13	2.16711e-13	2.16954e-13	2.17371e-13	2.18524e-13	2.72766e-13	2.78199e-13	2.79025e-13	2.7945e-13	2.79717e-13	2.7998e-13	2.8028e-13	2.80617e-13	2.81384e-13	2.83793e-13	3.31624e-13	3.35134e-13	3.35601e-13	3.35856e-13	3.35997e-13	3.36121e-13	3.36205e-13	3.36277e-13	3.36337e-13	3.36378e-13	3.36433e-13	3.3647e-13	3.36531e-13	3.36577e-13	3.367e-13	3.36828e-13	3.4162e-13	3.41869e-13	3.41935e-13	3.42009e-13	3.42089e-13	3.42169e-13	3.42309e-13	3.42745e-13	3.47731e-13	3.51918e-13	3.5222e-13	3.52309e-13	3.52341e-13	3.52369e-13	3.52388e-13	3.52399e-13	3.52408e-13	3.52421e-13	3.52427e-13	3.52436e-13	3.52442e-13	3.5245e-13	3.52452e-13	3.52457e-13	3.52463e-13	3.52465e-13	3.5247e-13	3.52472e-13	3.52478e-13	3.52479e-13	3.52485e-13	3.52486e-13	3.52491e-13	3.52493e-13	3.52495e-13	3.52496e-13	3.52504e-13	3.52505e-13	3.52506e-13	3.52512e-13	3.52512e-13	3.52512e-13	3.52512e-13
537.793	1.62556e-16	1.14957e-16	1.17835e-16	3.91647e-13	2.46679e-13	2.59862e-13	2.64632e-13	2.67044e-13	2.68496e-13	2.69476e-13	2.7017e-13	2.70686e-13	2.71085e-13	2.71405e-13	2.71667e-13	2.71889e-13	2.72089e-13	2.72274e-13	2.7245e-13	2.72625e-13	2.7281e-13	2.72987e-13	2.73132e-13	2.73477e-13	2.74317e-13	3.10363e-13	3.35023e-13	3.36115e-13	3.3657e-13	3.36852e-13	3.37021e-13	3.37272e-13	3.37581e-13	3.38052e-13	3.39108e-13	3.70476e-13	3.77933e-13	3.78454e-13	3.7871e-13	3.78892e-13	3.78993e-13	3.79059e-13	3.79128e-13	3.79168e-13	3.79217e-13	3.79268e-13	3.7932e-13	3.79352e-13	3.7939e-13	3.79468e-13	3.79619e-13	3.81183e-13	3.8432e-13	3.84496e-13	3.84569e-13	3.84606e-13	3.84647e-13	3.84731e-13	3.84892e-13	3.85131e-13	3.90765e-13	3.91287e-13	3.9137e-13	3.91423e-13	3.91452e-13	3.91475e-13	3.91496e-13	3.91501e-13	3.91521e-13	3.91525e-13	3.91537e-13	3.91544e-13	3.91557e-13	3.91561e-13	3.91565e-13	3.91576e-13	3.91578e-13	3.91584e-13	3.91587e-13	3.91596e-13	3.91598e-13	3.91607e-13	3.91608e-13	3.91617e-13	3.91617e-13	3.91622e-13	3.91622e-13	3.91636e-13	3.91638e-13	3.91638e-13	3.91647e-13	3.91647e-13	3.91647e-13	3.91647e-13
540.803	1.62556e-16	1.31141e-16	1.34524e-16	4.55009e-13	2.49318e-13	2.63008e-13	2.67924e-13	2.70392e-13	2.71865e-13	2.72849e-13	2.73533e-13	2.74035e-13	2.74419e-13	2.74728e-13	2.74984e-13	2.75248e-13	2.75486e-13	2.75694e-13	2.75884e-13	2.76068e-13	2.76257e-13	2.76435e-13	2.76637e-13	2.77075e-13	2.78154e-13	2.91977e-13	3.48097e-13	3.49323e-13	3.4987e-13	3.50248e-13	3.50607e-13	3.50987e-13	3.51467e-13	3.52195e-13	3.53879e-13	3.81978e-13	4.40485e-13	4.42471e-13	4.43402e-13	4.43694e-13	4.43911e-13	4.44053e-13	4.44178e-13	4.44279e-13	4.44363e-13	4.44449e-13	4.44502e-13	4.44559e-13	4.44638e-13	4.44729e-13	4.44856e-13	4.45013e-13	4.49204e-13	4.4967e-13	4.49732e-13	4.49774e-13	4.49828e-13	4.49878e-13	4.49939e-13	4.50073e-13	4.51175e-13	4.54479e-13	4.54694e-13	4.54751e-13	4.54783e-13	4.54811e-13	4.54824e-13	4.54837e-13	4.54852e-13	4.5486e-13	4.54869e-13	4.5488e-13	4.54891e-13	4.549e-13	4.54902e-13	4.54915e-13	4.54921e-13	4.54924e-13	4.5493e-13	4.54941e-13	4.54944e-13	4.54952e-13	4.54957e-13	4.5497e-13	4.5497e-13	4.54977e-13	4.54978e-13	4.54991e-13	4.55001e-13	4.55003e-13	4.55009e-13	4.55009e-13	4.55009e-13	4.55009e-13
543.813	1.62556e-16	1.43954e-16	1.47607e-16	5.05882e-13	2.42363e-13	2.56052e-13	2.6092e-13	2.63343e-13	2.64771e-13	2.65715e-13	2.66361e-13	2.66837e-13	2.6721e-13	2.67522e-13	2.67796e-13	2.68141e-13	2.6841e-13	2.6862e-13	2.68804e-13	2.6898e-13	2.69158e-13	2.69353e-13	2.69596e-13	2.69918e-13	2.70475e-13	2.72355e-13	3.1657e-13	3.18188e-13	3.18741e-13	3.19083e-13	3.1946e-13	3.19872e-13	3.20547e-13	3.21451e-13	3.2384e-13	3.3532e-13	4.82873e-13	4.89581e-13	4.91798e-13	4.92474e-13	4.92917e-13	4.93222e-13	4.93491e-13	4.93673e-13	4.93783e-13	4.93918e-13	4.9403e-13	4.94123e-13	4.94199e-13	4.94319e-13	4.94397e-13	4.9455e-13	4.9571e-13	5.00105e-13	5.00312e-13	5.00419e-13	5.00484e-13	5.0055e-13	5.00641e-13	5.00758e-13	5.00983e-13	5.03573e-13	5.05535e-13	5.05623e-13	5.05665e-13	5.05683e-13	5.05695e-13	5.05706e-13	5.05714e-13	5.05724e-13	5.05727e-13	5.05739e-13	5.05745e-13	5.05754e-13	5.05759e-13	5.05767e-13	5.05778e-13	5.05779e-13	5.05783e-13	5.05795e-13	5.05802e-13	5.05804e-13	5.0581e-13	5.05824e-13	5.05831e-13	5.05835e-13	5.05837e-13	5.05842e-13	5.05855e-13	5.05872e-13	5.05882e-13	5.05882e-13	5.05882e-13	5.05882e-13
546.823	1.62556e-16	1.30258e-16	1.33736e-16	4.75736e-13	3.18073e-13	3.36517e-13	3.42945e-13	3.46069e-13	3.47856e-13	3.49003e-13	3.49775e-13	3.50353e-13	3.50822e-13	3.51227e-13	3.51588e-13	3.52008e-13	3.52274e-13	3.52467e-13	3.52638e-13	3.52803e-13	3.52967e-13	3.53121e-13	3.53236e-13	3.53407e-13	3.53659e-13	3.54487e-13	3.72097e-13	3.72931e-13	3.73206e-13	3.73387e-13	3.73562e-13	3.73781e-13	3.74073e-13	3.74405e-13	3.75265e-13	3.77874e-13	4.42748e-13	4.48617e-13	4.4986e-13	4.50282e-13	4.50572e-13	4.50762e-13	4.50944e-13	4.51045e-13	4.51143e-13	4.51234e-13	4.51312e-13	4.51373e-13	4.51442e-13	4.51542e-13	4.51665e-13	4.5189e-13	4.52301e-13	4.62784e-13	4.65417e-13	4.65673e-13	4.65782e-13	4.65888e-13	4.65973e-13	4.66101e-13	4.66348e-13	4.66931e-13	4.73759e-13	4.75241e-13	4.75401e-13	4.75462e-13	4.755e-13	4.75523e-13	4.75547e-13	4.75562e-13	4.75572e-13	4.7559e-13	4.75597e-13	4.7561e-13	4.75618e-13	4.75624e-13	4.75639e-13	4.75644e-13	4.75645e-13	4.75654e-13	4.75669e-13	4.7567e-13	4.75671e-13	4.75687e-13	4.75693e-13	4.75703e-13	4.75704e-13	4.75708e-13	4.75709e-13	4.7572e-13	4.75736e-13	4.75736e-13	4.75736e-13	4.75736e-13
549.833	1.62556e-16	1.18251e-16	1.21208e-16	4.38311e-13	3.06227e-13	3.24464e-13	3.30662e-13	3.33588e-13	3.35213e-13	3.36238e-13	3.36942e-13	3.37498e-13	3.37971e-13	3.38383e-13	3.38734e-13	3.39052e-13	3.39251e-13	3.39418e-13	3.39575e-13	3.39721e-13	3.39853e-13	3.39947e-13	3.4002e-13	3.40153e-13	3.40355e-13	3.4105e-13	3.65119e-13	3.66637e-13	3.67075e-13	3.67339e-13	3.67512e-13	3.67674e-13	3.67833e-13	3.68019e-13	3.68313e-13	3.68947e-13	3.86278e-13	3.95359e-13	3.9605e-13	3.963e-13	3.96458e-13	3.96585e-13	3.96668e-13	3.96739e-13	3.96782e-13	3.96858e-13	3.96899e-13	3.96959e-13	3.97026e-13	3.97114e-13	3.97228e-13	3.97334e-13	3.97567e-13	4.0008e-13	4.21963e-13	4.22653e-13	4.23029e-13	4.23283e-13	4.23385e-13	4.23586e-13	4.23783e-13	4.24085e-13	4.25876e-13	4.35402e-13	4.37537e-13	4.37842e-13	4.37893e-13	4.37974e-13	4.38014e-13	4.38058e-13	4.38081e-13	4.38116e-13	4.38128e-13	4.38147e-13	4.38164e-13	4.38174e-13	4.38194e-13	4.38207e-13	4.38211e-13	4.38217e-13	4.3824e-13	4.38245e-13	4.38248e-13	4.38261e-13	4.38264e-13	4.38287e-13	4.38289e-13	4.38293e-13	4.38293e-13	4.38295e-13	4.38311e-13	4.38311e-13	4.38311e-13	4.38311e-13
552.843	1.62556e-16	1.05611e-16	1.07888e-16	4.05606e-13	2.78176e-13	2.95178e-13	3.00785e-13	3.03347e-13	3.04737e-13	3.05622e-13	3.06267e-13	3.06806e-13	3.07268e-13	3.0765e-13	3.07944e-13	3.08161e-13	3.08332e-13	3.08489e-13	3.08625e-13	3.08735e-13	3.08822e-13	3.08889e-13	3.08968e-13	3.09074e-13	3.09244e-13	3.09706e-13	3.46104e-13	3.59079e-13	3.60227e-13	3.60727e-13	3.60903e-13	3.61186e-13	3.61407e-13	3.61559e-13	3.61854e-13	3.62294e-13	3.66489e-13	3.83061e-13	3.84066e-13	3.84296e-13	3.84468e-13	3.84545e-13	3.84641e-13	3.84695e-13	3.84756e-13	3.84812e-13	3.84863e-13	3.84908e-13	3.8494e-13	3.85005e-13	3.85043e-13	3.8511e-13	3.85258e-13	3.85604e-13	3.92901e-13	3.96365e-13	3.96698e-13	3.96806e-13	3.9687e-13	3.96962e-13	3.97041e-13	3.97181e-13	3.97528e-13	3.98581e-13	4.0486e-13	4.05117e-13	4.05254e-13	4.05299e-13	4.05351e-13	4.05385e-13	4.05409e-13	4.05432e-13	4.05452e-13	4.05463e-13	4.05483e-13	4.05491e-13	4.05505e-13	4.05518e-13	4.05524e-13	4.05529e-13	4.05543e-13	4.05551e-13	4.05559e-13	4.05563e-13	4.05564e-13	4.05583e-13	4.05585e-13	4.05595e-13	4.05596e-13	4.05599e-13	4.05606e-13	4.05606e-13	4.05606e-13	4.05606e-13
555.853	1.62556e-16	9.95766e-17	1.01433e-16	3.69298e-13	1.71203e-13	1.81924e-13	1.85326e-13	1.86823e-13	1.87625e-13	1.88155e-13	1.88569e-13	1.8892e-13	1.89202e-13	1.8941e-13	1.89552e-13	1.8966e-13	1.89762e-13	1.89841e-13	1.89897e-13	1.89939e-13	1.89975e-13	1.90017e-13	1.90066e-13	1.90146e-13	1.90341e-13	1.912e-13	2.24083e-13	2.82583e-13	2.84275e-13	2.85027e-13	2.85538e-13	2.85911e-13	2.86226e-13	2.86553e-13	2.86903e-13	2.87432e-13	2.89328e-13	3.14241e-13	3.17216e-13	3.17637e-13	3.17868e-13	3.18052e-13	3.18181e-13	3.18297e-13	3.18378e-13	3.18493e-13	3.18557e-13	3.1862e-13	3.18718e-13	3.18831e-13	3.18973e-13	3.19142e-13	3.19303e-13	3.19554e-13	3.21124e-13	3.40874e-13	3.41404e-13	3.41628e-13	3.4179e-13	3.41911e-13	3.42052e-13	3.42233e-13	3.42605e-13	3.43646e-13	3.58072e-13	3.67174e-13	3.68114e-13	3.68463e-13	3.68682e-13	3.68758e-13	3.6887e-13	3.68896e-13	3.68965e-13	3.68993e-13	3.69041e-13	3.69057e-13	3.69083e-13	3.69112e-13	3.6912e-13	3.69135e-13	3.69159e-13	3.69173e-13	3.69187e-13	3.69199e-13	3.69217e-13	3.69227e-13	3.6923e-13	3.6925e-13	3.69252e-13	3.69278e-13	3.69298e-13	3.69298e-13	3.69298e-13	3.69298e-13
558.863	1.62556e-16	8.85976e-17	9.01752e-17	3.27931e-13	1.37219e-13	1.46035e-13	1.48727e-13	1.49878e-13	1.50509e-13	1.5096e-13	1.51334e-13	1.51645e-13	1.51877e-13	1.52033e-13	1.52139e-13	1.52254e-13	1.52355e-13	1.5242e-13	1.52468e-13	1.52514e-13	1.52565e-13	1.5262e-13	1.52666e-13	1.52783e-13	1.53062e-13	1.53937e-13	1.61513e-13	2.40916e-13	2.43664e-13	2.44699e-13	2.45099e-13	2.45511e-13	2.45851e-13	2.46016e-13	2.46302e-13	2.46658e-13	2.47228e-13	2.55247e-13	2.61698e-13	2.61965e-13	2.62174e-13	2.62259e-13	2.62382e-13	2.6244e-13	2.62511e-13	2.62606e-13	2.62686e-13	2.6278e-13	2.62862e-13	2.63006e-13	2.63112e-13	2.63216e-13	2.63419e-13	2.63926e-13	2.65263e-13	2.86088e-13	3.01509e-13	3.02604e-13	3.02787e-13	3.0303e-13	3.03239e-13	3.03394e-13	3.0363e-13	3.03965e-13	3.05427e-13	3.17629e-13	3.26126e-13	3.26944e-13	3.2721e-13	3.2741e-13	3.27485e-13	3.27557e-13	3.27599e-13	3.27656e-13	3.27683e-13	3.27723e-13	3.27737e-13	3.27765e-13	3.27781e-13	3.27795e-13	3.27809e-13	3.27835e-13	3.27843e-13	3.27851e-13	3.27868e-13	3.27881e-13	3.2789e-13	3.27911e-13	3.27912e-13	3.27921e-13	3.27931e-13	3.27931e-13	3.27931e-13	3.27931e-13
561.873	1.62556e-16	9.05167e-17	9.23655e-17	3.4624e-13	1.09336e-13	1.16514e-13	1.186e-13	1.19465e-13	1.1996e-13	1.20341e-13	1.20658e-13	1.209e-13	1.21059e-13	1.21161e-13	1.2124e-13	1.21343e-13	1.21413e-13	1.21457e-13	1.215e-13	1.21553e-13	1.21621e-13	1.2169e-13	1.21776e-13	1.21986e-13	1.22355e-13	1.23127e-13	1.26575e-13	2.65249e-13	2.72136e-13	2.73676e-13	2.74225e-13	2.74858e-13	2.75252e-13	2.75538e-13	2.75863e-13	2.76243e-13	2.76809e-13	2.79513e-13	2.93623e-13	2.94064e-13	2.94298e-13	2.94418e-13	2.94508e-13	2.94593e-13	2.9466e-13	2.94739e-13	2.94798e-13	2.9484e-13	2.94889e-13	2.94985e-13	2.95054e-13	2.95171e-13	2.95332e-13	2.95513e-13	2.95776e-13	2.97044e-13	3.29158e-13	3.30582e-13	3.30853e-13	3.31257e-13	3.31438e-13	3.31527e-13	3.31718e-13	3.319e-13	3.32222e-13	3.32893e-13	3.40781e-13	3.45012e-13	3.45503e-13	3.45663e-13	3.45757e-13	3.45824e-13	3.45877e-13	3.45923e-13	3.45957e-13	3.45982e-13	3.4602e-13	3.46031e-13	3.46042e-13	3.4608e-13	3.46089e-13	3.46108e-13	3.46121e-13	3.46154e-13	3.46157e-13	3.4616e-13	3.46167e-13	3.46222e-13	3.46226e-13	3.46228e-13	3.4624e-13	3.4624e-13	3.4624e-13	3.4624e-13
564.883	1.62556e-16	8.45175e-17	8.64075e-17	3.47665e-13	9.68729e-14	1.03388e-13	1.052e-13	1.05949e-13	1.06417e-13	1.06805e-13	1.07124e-13	1.07349e-13	1.07491e-13	1.07595e-13	1.07699e-13	1.07834e-13	1.07918e-13	1.07993e-13	1.08088e-13	1.08202e-13	1.08326e-13	1.08447e-13	1.08643e-13	1.08911e-13	1.0935e-13	1.10578e-13	1.18125e-13	3.17049e-13	3.24558e-13	3.26693e-13	3.27789e-13	3.28488e-13	3.29024e-13	3.29348e-13	3.29703e-13	3.30085e-13	3.30388e-13	3.31182e-13	3.38547e-13	3.38879e-13	3.3905e-13	3.39101e-13	3.39188e-13	3.39225e-13	3.39264e-13	3.39327e-13	3.39362e-13	3.39406e-13	3.39448e-13	3.39489e-13	3.3953e-13	3.3956e-13	3.39586e-13	3.39626e-13	3.397e-13	3.39869e-13	3.41921e-13	3.44383e-13	3.44559e-13	3.44615e-13	3.44653e-13	3.44691e-13	3.44718e-13	3.44745e-13	3.44786e-13	3.44865e-13	3.44993e-13	3.46707e-13	3.47222e-13	3.47342e-13	3.47388e-13	3.47424e-13	3.47445e-13	3.47462e-13	3.47485e-13	3.47495e-13	3.47513e-13	3.47528e-13	3.47531e-13	3.47543e-13	3.47565e-13	3.47569e-13	3.47571e-13	3.47597e-13	3.47602e-13	3.4761e-13	3.47611e-13	3.4763e-13	3.47635e-13	3.47636e-13	3.47665e-13	3.47665e-13	3.47665e-13	3.47665e-13
567.893	1.62556e-16	1.11095e-16	1.1383e-16	4.65855e-13	7.36236e-14	7.87004e-14	8.00556e-14	8.06293e-14	8.10292e-14	8.13807e-14	8.16592e-14	8.1845e-14	8.19687e-14	8.20863e-14	8.22232e-14	8.23729e-14	8.24826e-14	8.26212e-14	8.27877e-14	8.29554e-14	8.31243e-14	8.33579e-14	8.36274e-14	8.40715e-14	8.50667e-14	8.74975e-14	9.52938e-14	3.8669e-13	4.27038e-13	4.32631e-13	4.3401e-13	4.35464e-13	4.36345e-13	4.3673e-13	4.37281e-13	4.37681e-13	4.38197e-13	4.39061e-13	4.54428e-13	4.57337e-13	4.57876e-13	4.58069e-13	4.58215e-13	4.5834e-13	4.58441e-13	4.58532e-13	4.5861e-13	4.58671e-13	4.58722e-13	4.58809e-13	4.5886e-13	4.58911e-13	4.58985e-13	4.59055e-13	4.59124e-13	4.59191e-13	4.59338e-13	4.61767e-13	4.61959e-13	4.62021e-13	4.6205e-13	4.62068e-13	4.62094e-13	4.62125e-13	4.62158e-13	4.62194e-13	4.62312e-13	4.62703e-13	4.65061e-13	4.6539e-13	4.65513e-13	4.65568e-13	4.65599e-13	4.65618e-13	4.65646e-13	4.65669e-13	4.65683e-13	4.657e-13	4.65718e-13	4.65722e-13	4.65738e-13	4.65756e-13	4.65764e-13	4.65773e-13	4.6578e-13	4.65801e-13	4.65819e-13	4.65822e-13	4.65824e-13	4.65825e-13	4.65855e-13	4.65855e-13	4.65855e-13	4.65855e-13
570.903	1.62556e-16	1.33185e-16	1.36198e-16	5.6053e-13	7.75701e-14	8.30397e-14	8.4436e-14	8.50517e-14	8.55292e-14	8.59527e-14	8.62618e-14	8.64557e-14	8.66059e-14	8.67793e-14	8.69697e-14	8.71316e-14	8.72979e-14	8.74961e-14	8.76804e-14	8.78507e-14	8.80815e-14	8.84016e-14	8.86727e-14	8.93695e-14	9.0504e-14	9.22193e-14	9.6083e-14	3.09718e-13	4.58564e-13	4.63875e-13	4.65639e-13	4.66925e-13	4.67711e-13	4.68332e-13	4.68896e-13	4.69485e-13	4.70203e-13	4.72048e-13	5.00105e-13	5.39697e-13	5.42754e-13	5.43413e-13	5.43885e-13	5.44185e-13	5.44352e-13	5.44549e-13	5.44683e-13	5.44815e-13	5.44937e-13	5.45041e-13	5.45132e-13	5.45227e-13	5.45302e-13	5.45379e-13	5.45461e-13	5.45576e-13	5.45781e-13	5.4719e-13	5.49537e-13	5.49846e-13	5.49932e-13	5.49995e-13	5.50047e-13	5.50116e-13	5.50203e-13	5.50317e-13	5.5045e-13	5.50801e-13	5.52971e-13	5.59199e-13	5.59913e-13	5.6008e-13	5.60188e-13	5.60225e-13	5.60274e-13	5.60297e-13	5.6032e-13	5.60342e-13	5.60358e-13	5.6037e-13	5.60391e-13	5.60402e-13	5.60421e-13	5.60434e-13	5.60439e-13	5.60449e-13	5.60467e-13	5.60483e-13	5.60503e-13	5.60504e-13	5.6053e-13	5.6053e-13	5.6053e-13	5.6053e-13
573.913	1.62556e-16	9.05832e-17	9.21753e-17	3.89237e-13	1.16826e-13	1.2514e-13	1.2712e-13	1.28024e-13	1.28764e-13	1.29368e-13	1.29742e-13	1.29962e-13	1.30164e-13	1.30387e-13	1.30575e-13	1.30713e-13	1.30877e-13	1.3101e-13	1.31111e-13	1.31231e-13	1.314e-13	1.31556e-13	1.31727e-13	1.32025e-13	1.32356e-13	1.3294e-13	1.35104e-13	1.72842e-13	2.87803e-13	2.90661e-13	2.91812e-13	2.92509e-13	2.9306e-13	2.93384e-13	2.93828e-13	2.94264e-13	2.94858e-13	2.96314e-13	3.04979e-13	3.73261e-13	3.79067e-13	3.80079e-13	3.8062e-13	3.80905e-13	3.81125e-13	3.81288e-13	3.81382e-13	3.81483e-13	3.81556e-13	3.81632e-13	3.81691e-13	3.81743e-13	3.81796e-13	3.81852e-13	3.81905e-13	3.81956e-13	3.8201e-13	3.82093e-13	3.82743e-13	3.84055e-13	3.84136e-13	3.84184e-13	3.84227e-13	3.84269e-13	3.84313e-13	3.8436e-13	3.84428e-13	3.84514e-13	3.847e-13	3.86009e-13	3.88631e-13	3.88975e-13	3.89039e-13	3.89082e-13	3.89096e-13	3.89115e-13	3.89128e-13	3.89135e-13	3.89145e-13	3.8915e-13	3.8916e-13	3.89169e-13	3.89172e-13	3.89178e-13	3.89183e-13	3.89193e-13	3.89197e-13	3.89202e-13	3.89209e-13	3.89211e-13	3.89237e-13	3.89237e-13	3.89237e-13	3.89237e-13
576.923	1.62556e-16	8.06635e-17	8.20489e-17	3.52788e-13	1.27518e-13	1.36701e-13	1.38768e-13	1.3978e-13	1.40645e-13	1.41288e-13	1.41639e-13	1.41867e-13	1.42112e-13	1.42346e-13	1.42502e-13	1.42645e-13	1.42797e-13	1.4289e-13	1.4298e-13	1.431e-13	1.43223e-13	1.43313e-13	1.43437e-13	1.43566e-13	1.43769e-13	1.44248e-13	1.4542e-13	1.50239e-13	2.35595e-13	2.39275e-13	2.39966e-13	2.40656e-13	2.41057e-13	2.41363e-13	2.41746e-13	2.42151e-13	2.42747e-13	2.44057e-13	2.4936e-13	3.20233e-13	3.43078e-13	3.44721e-13	3.45467e-13	3.45861e-13	3.46094e-13	3.46264e-13	3.46373e-13	3.46465e-13	3.46556e-13	3.46638e-13	3.46699e-13	3.46756e-13	3.4681e-13	3.46853e-13	3.4689e-13	3.46936e-13	3.46989e-13	3.47101e-13	3.47137e-13	3.49716e-13	3.50087e-13	3.50124e-13	3.50168e-13	3.5021e-13	3.50241e-13	3.50278e-13	3.50303e-13	3.50349e-13	3.50404e-13	3.50517e-13	3.51221e-13	3.52505e-13	3.52638e-13	3.52678e-13	3.52702e-13	3.52707e-13	3.52719e-13	3.52725e-13	3.5273e-13	3.52738e-13	3.52742e-13	3.52748e-13	3.52752e-13	3.52757e-13	3.52759e-13	3.52763e-13	3.52768e-13	3.52776e-13	3.52782e-13	3.52782e-13	3.52788e-13	3.52788e-13	3.52788e-13	3.52788e-13
579.933	1.62556e-16	8.16898e-17	8.28132e-17	3.67694e-13	1.63321e-13	1.7521e-13	1.77755e-13	1.7912e-13	1.80299e-13	1.81084e-13	1.81481e-13	1.81797e-13	1.82146e-13	1.82418e-13	1.82577e-13	1.82786e-13	1.82951e-13	1.83059e-13	1.83197e-13	1.83341e-13	1.8345e-13	1.83559e-13	1.83674e-13	1.83838e-13	1.84157e-13	1.8465e-13	1.85382e-13	1.88699e-13	3.00552e-13	3.05223e-13	3.06226e-13	3.0682e-13	3.07204e-13	3.07481e-13	3.07748e-13	3.08025e-13	3.08267e-13	3.0877e-13	3.1008e-13	3.22731e-13	3.49932e-13	3.51033e-13	3.5147e-13	3.51716e-13	3.51859e-13	3.51965e-13	3.52051e-13	3.52133e-13	3.52181e-13	3.52252e-13	3.52302e-13	3.5234e-13	3.52381e-13	3.52427e-13	3.52481e-13	3.52545e-13	3.52621e-13	3.5272e-13	3.52893e-13	3.55101e-13	3.62145e-13	3.62361e-13	3.62554e-13	3.62632e-13	3.62656e-13	3.62722e-13	3.62762e-13	3.62803e-13	3.62872e-13	3.62954e-13	3.63118e-13	3.64688e-13	3.66834e-13	3.67372e-13	3.67465e-13	3.67522e-13	3.6754e-13	3.67573e-13	3.67585e-13	3.67599e-13	3.67612e-13	3.67624e-13	3.67628e-13	3.67637e-13	3.6765e-13	3.67659e-13	3.67661e-13	3.67667e-13	3.6768e-13	3.6768e-13	3.67694e-13	3.67694e-13	3.67694e-13	3.67694e-13
582.943	1.62556e-16	8.3439e-17	8.45623e-17	3.8277e-13	1.78762e-13	1.91895e-13	1.94592e-13	1.96188e-13	1.97541e-13	1.98339e-13	1.98743e-13	1.99142e-13	1.99543e-13	1.99795e-13	1.99959e-13	2.00213e-13	2.00366e-13	2.00508e-13	2.0067e-13	2.00792e-13	2.00894e-13	2.01029e-13	2.01134e-13	2.01365e-13	2.01656e-13	2.01974e-13	2.02774e-13	2.07542e-13	3.28933e-13	3.36194e-13	3.37909e-13	3.38715e-13	3.39331e-13	3.3955e-13	3.39875e-13	3.40097e-13	3.40289e-13	3.40552e-13	3.41129e-13	3.42972e-13	3.64178e-13	3.65306e-13	3.65727e-13	3.659e-13	3.66017e-13	3.66133e-13	3.66209e-13	3.66278e-13	3.6634e-13	3.66397e-13	3.66448e-13	3.66496e-13	3.6655e-13	3.66592e-13	3.66631e-13	3.66675e-13	3.66723e-13	3.66795e-13	3.66865e-13	3.67012e-13	3.70845e-13	3.71553e-13	3.71668e-13	3.7173e-13	3.71779e-13	3.71819e-13	3.71854e-13	3.7191e-13	3.71966e-13	3.72055e-13	3.72264e-13	3.72565e-13	3.74669e-13	3.81102e-13	3.82061e-13	3.82291e-13	3.82435e-13	3.82511e-13	3.82556e-13	3.82604e-13	3.82615e-13	3.82661e-13	3.82677e-13	3.82688e-13	3.82707e-13	3.82716e-13	3.82734e-13	3.82754e-13	3.82762e-13	3.82767e-13	3.8277e-13	3.8277e-13	3.8277e-13	3.8277e-13
585.953	1.62556e-16	1.13311e-16	1.15129e-16	5.22929e-13	1.55389e-13	1.6691e-13	1.69209e-13	1.70718e-13	1.71943e-13	1.72588e-13	1.72955e-13	1.73373e-13	1.73731e-13	1.7393e-13	1.74111e-13	1.74364e-13	1.74518e-13	1.747e-13	1.74858e-13	1.74973e-13	1.75131e-13	1.75305e-13	1.7547e-13	1.75755e-13	1.76017e-13	1.76526e-13	1.77948e-13	1.81689e-13	3.21132e-13	3.60329e-13	3.62669e-13	3.64407e-13	3.65152e-13	3.6565e-13	3.66127e-13	3.66681e-13	3.67229e-13	3.68204e-13	3.7035e-13	3.75633e-13	4.91875e-13	5.02488e-13	5.051e-13	5.05934e-13	5.06418e-13	5.06792e-13	5.07072e-13	5.07268e-13	5.07413e-13	5.07555e-13	5.07688e-13	5.07772e-13	5.07879e-13	5.07956e-13	5.08058e-13	5.08144e-13	5.0824e-13	5.0834e-13	5.08413e-13	5.08657e-13	5.10313e-13	5.15347e-13	5.1685e-13	5.17024e-13	5.17068e-13	5.17141e-13	5.17193e-13	5.1723e-13	5.1729e-13	5.17349e-13	5.17403e-13	5.17538e-13	5.17678e-13	5.19158e-13	5.21677e-13	5.22439e-13	5.22539e-13	5.22628e-13	5.22684e-13	5.22712e-13	5.22748e-13	5.22765e-13	5.22774e-13	5.22806e-13	5.22826e-13	5.22831e-13	5.22839e-13	5.22865e-13	5.22881e-13	5.22887e-13	5.22929e-13	5.22929e-13	5.22929e-13	5.22929e-13
588.963	1.62556e-16	1.21251e-16	1.23559e-16	5.61332e-13	1.60242e-13	1.7222e-13	1.74573e-13	1.76272e-13	1.77562e-13	1.78178e-13	1.78608e-13	1.79108e-13	1.79459e-13	1.7966e-13	1.79911e-13	1.8017e-13	1.80367e-13	1.80573e-13	1.80708e-13	1.8085e-13	1.8105e-13	1.81192e-13	1.81365e-13	1.81527e-13	1.81758e-13	1.82207e-13	1.82786e-13	1.83752e-13	2.20829e-13	2.60594e-13	2.61797e-13	2.6245e-13	2.62871e-13	2.63308e-13	2.6381e-13	2.64473e-13	2.65261e-13	2.66635e-13	2.69727e-13	2.75618e-13	4.51583e-13	5.32454e-13	5.39948e-13	5.41865e-13	5.42945e-13	5.4371e-13	5.44206e-13	5.44563e-13	5.44862e-13	5.45092e-13	5.45253e-13	5.4543e-13	5.45549e-13	5.45685e-13	5.45788e-13	5.45884e-13	5.45994e-13	5.46101e-13	5.46224e-13	5.46388e-13	5.46704e-13	5.48458e-13	5.5773e-13	5.58065e-13	5.58182e-13	5.58324e-13	5.58372e-13	5.58463e-13	5.58522e-13	5.58595e-13	5.58678e-13	5.58753e-13	5.58852e-13	5.58983e-13	5.59513e-13	5.60766e-13	5.61112e-13	5.6115e-13	5.61173e-13	5.61186e-13	5.612e-13	5.61212e-13	5.61225e-13	5.61235e-13	5.61251e-13	5.61273e-13	5.61275e-13	5.61285e-13	5.6129e-13	5.6129e-13	5.61332e-13	5.61332e-13	5.61332e-13	5.61332e-13
591.973	1.62556e-16	1.00312e-16	1.0247e-16	4.67764e-13	2.18812e-13	2.35212e-13	2.38393e-13	2.40857e-13	2.42543e-13	2.43285e-13	2.43924e-13	2.44593e-13	2.44966e-13	2.45236e-13	2.45586e-13	2.45846e-13	2.46097e-13	2.46277e-13	2.46403e-13	2.46576e-13	2.46734e-13	2.46834e-13	2.46942e-13	2.47053e-13	2.47231e-13	2.47396e-13	2.47551e-13	2.4799e-13	2.51614e-13	2.66296e-13	2.66829e-13	2.67077e-13	2.67302e-13	2.6749e-13	2.67737e-13	2.68009e-13	2.68413e-13	2.69073e-13	2.70373e-13	2.72495e-13	3.07218e-13	4.02264e-13	4.09045e-13	4.1028e-13	4.10998e-13	4.11462e-13	4.11749e-13	4.11972e-13	4.1216e-13	4.12321e-13	4.12433e-13	4.12541e-13	4.12639e-13	4.12734e-13	4.12837e-13	4.12959e-13	4.13121e-13	4.13315e-13	4.13366e-13	4.13701e-13	4.14596e-13	4.15306e-13	4.49719e-13	4.61371e-13	4.62384e-13	4.62835e-13	4.63093e-13	4.63155e-13	4.63359e-13	4.63482e-13	4.63557e-13	4.63692e-13	4.63754e-13	4.63912e-13	4.64053e-13	4.64582e-13	4.66275e-13	4.67259e-13	4.67443e-13	4.67523e-13	4.67549e-13	4.676e-13	4.67613e-13	4.67621e-13	4.6764e-13	4.67687e-13	4.67691e-13	4.67699e-13	4.67724e-13	4.67736e-13	4.67764e-13	4.67764e-13	4.67764e-13	4.67764e-13
594.983	1.62556e-16	8.99332e-17	9.21709e-17	4.38153e-13	2.63742e-13	2.83555e-13	2.8741e-13	2.90555e-13	2.92474e-13	2.93303e-13	2.94164e-13	2.94921e-13	2.95289e-13	2.9566e-13	2.96066e-13	2.96326e-13	2.96609e-13	2.96758e-13	2.9692e-13	2.97101e-13	2.97213e-13	2.97316e-13	2.97395e-13	2.97524e-13	2.97641e-13	2.9772e-13	2.97863e-13	2.98127e-13	2.98736e-13	3.1298e-13	3.13623e-13	3.13987e-13	3.14181e-13	3.14329e-13	3.14491e-13	3.14669e-13	3.1489e-13	3.1523e-13	3.158e-13	3.16616e-13	3.21967e-13	3.80061e-13	3.87108e-13	3.87957e-13	3.88438e-13	3.88729e-13	3.88905e-13	3.89046e-13	3.89163e-13	3.89261e-13	3.89328e-13	3.89404e-13	3.89474e-13	3.89546e-13	3.8961e-13	3.89681e-13	3.89754e-13	3.89835e-13	3.89958e-13	3.9016e-13	3.90511e-13	3.90848e-13	3.95873e-13	4.29045e-13	4.29386e-13	4.30505e-13	4.30781e-13	4.3099e-13	4.31224e-13	4.31266e-13	4.31418e-13	4.31529e-13	4.31622e-13	4.31722e-13	4.31876e-13	4.32024e-13	4.32544e-13	4.34332e-13	4.36635e-13	4.3754e-13	4.37626e-13	4.37813e-13	4.37832e-13	4.37899e-13	4.37944e-13	4.37984e-13	4.38014e-13	4.38107e-13	4.38121e-13	4.38147e-13	4.38153e-13	4.38153e-13	4.38153e-13	4.38153e-13
597.993	1.62556e-16	8.63912e-17	8.86561e-17	4.37317e-13	2.74838e-13	2.95528e-13	2.99627e-13	3.0308e-13	3.04945e-13	3.05804e-13	3.06802e-13	3.07515e-13	3.07871e-13	3.08327e-13	3.08704e-13	3.08974e-13	3.09241e-13	3.09389e-13	3.09588e-13	3.09738e-13	3.09837e-13	3.09956e-13	3.10041e-13	3.10171e-13	3.10249e-13	3.10362e-13	3.1055e-13	3.10759e-13	3.11646e-13	3.41353e-13	3.42912e-13	3.43495e-13	3.43773e-13	3.43991e-13	3.4422e-13	3.4444e-13	3.44636e-13	3.44896e-13	3.45334e-13	3.45882e-13	3.48454e-13	3.82146e-13	4.02876e-13	4.03899e-13	4.0439e-13	4.04669e-13	4.04834e-13	4.04965e-13	4.05059e-13	4.05155e-13	4.05213e-13	4.05278e-13	4.05333e-13	4.05375e-13	4.05421e-13	4.05469e-13	4.05521e-13	4.05582e-13	4.05606e-13	4.0567e-13	4.05779e-13	4.05932e-13	4.06351e-13	4.17976e-13	4.23538e-13	4.24096e-13	4.2418e-13	4.24357e-13	4.24501e-13	4.24607e-13	4.24651e-13	4.24746e-13	4.24851e-13	4.24931e-13	4.25029e-13	4.25184e-13	4.25368e-13	4.25859e-13	4.27757e-13	4.33401e-13	4.35389e-13	4.36358e-13	4.36503e-13	4.36775e-13	4.36898e-13	4.36983e-13	4.37054e-13	4.37141e-13	4.37188e-13	4.37238e-13	4.37317e-13	4.37317e-13	4.37317e-13	4.37317e-13
601.003	1.62556e-16	8.55314e-17	8.78303e-17	4.4066e-13	2.94961e-13	3.17208e-13	3.21755e-13	3.25629e-13	3.27481e-13	3.28461e-13	3.29622e-13	3.30295e-13	3.30714e-13	3.31268e-13	3.31607e-13	3.31942e-13	3.322e-13	3.32406e-13	3.32632e-13	3.32761e-13	3.32908e-13	3.33041e-13	3.33159e-13	3.33268e-13	3.33372e-13	3.33548e-13	3.337e-13	3.33932e-13	3.3522e-13	3.66292e-13	3.70431e-13	3.71057e-13	3.71489e-13	3.71682e-13	3.71886e-13	3.72032e-13	3.7218e-13	3.72364e-13	3.72622e-13	3.72974e-13	3.7401e-13	3.81828e-13	4.09469e-13	4.10482e-13	4.1092e-13	4.11137e-13	4.11295e-13	4.11374e-13	4.11455e-13	4.11526e-13	4.11583e-13	4.11629e-13	4.11678e-13	4.11719e-13	4.11757e-13	4.11795e-13	4.11828e-13	4.1186e-13	4.11893e-13	4.11941e-13	4.11999e-13	4.1202e-13	4.12154e-13	4.13e-13	4.17717e-13	4.20637e-13	4.20955e-13	4.20997e-13	4.21149e-13	4.21225e-13	4.21303e-13	4.21397e-13	4.21452e-13	4.21547e-13	4.21658e-13	4.2176e-13	4.21965e-13	4.22178e-13	4.22631e-13	4.244e-13	4.2836e-13	4.35947e-13	4.39034e-13	4.39343e-13	4.39808e-13	4.40182e-13	4.40275e-13	4.40288e-13	4.40387e-13	4.40483e-13	4.4066e-13	4.4066e-13	4.4066e-13	4.4066e-13
604.013	1.62556e-16	7.63612e-17	7.85678e-17	4.28493e-13	3.1335e-13	3.37009e-13	3.42043e-13	3.46284e-13	3.48083e-13	3.49235e-13	3.50506e-13	3.51119e-13	3.51646e-13	3.52242e-13	3.52534e-13	3.52937e-13	3.53188e-13	3.53455e-13	3.53654e-13	3.53789e-13	3.5398e-13	3.54095e-13	3.54217e-13	3.54307e-13	3.5446e-13	3.546e-13	3.54718e-13	3.55039e-13	3.55744e-13	3.79331e-13	3.90441e-13	3.91786e-13	3.92182e-13	3.92376e-13	3.92539e-13	3.92714e-13	3.92829e-13	3.93007e-13	3.93159e-13	3.93385e-13	3.93902e-13	3.95483e-13	4.16125e-13	4.17265e-13	4.17638e-13	4.1783e-13	4.17922e-13	4.17985e-13	4.18037e-13	4.18106e-13	4.18149e-13	4.18184e-13	4.18214e-13	4.18241e-13	4.18272e-13	4.18299e-13	4.18327e-13	4.18359e-13	4.18374e-13	4.18399e-13	4.18428e-13	4.18464e-13	4.18518e-13	4.18638e-13	4.18992e-13	4.23299e-13	4.2336e-13	4.23552e-13	4.23637e-13	4.2366e-13	4.2371e-13	4.23755e-13	4.23803e-13	4.23817e-13	4.23874e-13	4.23905e-13	4.23959e-13	4.24015e-13	4.24072e-13	4.24202e-13	4.2432e-13	4.24973e-13	4.26289e-13	4.2708e-13	4.2825e-13	4.2827e-13	4.28316e-13	4.28377e-13	4.28448e-13	4.28478e-13	4.28493e-13	4.28493e-13	4.28493e-13	4.28493e-13
607.023	1.62556e-16	6.88644e-17	7.08045e-17	4.01229e-13	2.97796e-13	3.20286e-13	3.253e-13	3.29388e-13	3.30945e-13	3.3217e-13	3.33346e-13	3.33855e-13	3.34444e-13	3.34951e-13	3.352e-13	3.35595e-13	3.35831e-13	3.36081e-13	3.36216e-13	3.36369e-13	3.36524e-13	3.36609e-13	3.3669e-13	3.36789e-13	3.36905e-13	3.36973e-13	3.37101e-13	3.37306e-13	3.37603e-13	3.50878e-13	3.73933e-13	3.75655e-13	3.76044e-13	3.76292e-13	3.76555e-13	3.76758e-13	3.76891e-13	3.77017e-13	3.77182e-13	3.77343e-13	3.77682e-13	3.78367e-13	3.91917e-13	3.93807e-13	3.94167e-13	3.94333e-13	3.9442e-13	3.94482e-13	3.94539e-13	3.9459e-13	3.94632e-13	3.9467e-13	3.94708e-13	3.94744e-13	3.94775e-13	3.94803e-13	3.94832e-13	3.94855e-13	3.94874e-13	3.94906e-13	3.94939e-13	3.94943e-13	3.94984e-13	3.95054e-13	3.95141e-13	3.97234e-13	3.98613e-13	3.98652e-13	3.98785e-13	3.98846e-13	3.98858e-13	3.98905e-13	3.98929e-13	3.98957e-13	3.98972e-13	3.99006e-13	3.99019e-13	3.9906e-13	3.99078e-13	3.99104e-13	3.99146e-13	3.99214e-13	3.99309e-13	3.99413e-13	4.00384e-13	4.00721e-13	4.01097e-13	4.01121e-13	4.01174e-13	4.01195e-13	4.01229e-13	4.01229e-13	4.01229e-13	4.01229e-13
610.033	1.62556e-16	6.26772e-17	6.43091e-17	3.71921e-13	2.63067e-13	2.82939e-13	2.87608e-13	2.91225e-13	2.92498e-13	2.9371e-13	2.94682e-13	2.95114e-13	2.95702e-13	2.96076e-13	2.9632e-13	2.96658e-13	2.96888e-13	2.97075e-13	2.97186e-13	2.97343e-13	2.97443e-13	2.97525e-13	2.97587e-13	2.97693e-13	2.97761e-13	2.97837e-13	2.97972e-13	2.98096e-13	2.98589e-13	3.04362e-13	3.46177e-13	3.4795e-13	3.48853e-13	3.49127e-13	3.49474e-13	3.49651e-13	3.4981e-13	3.49991e-13	3.50171e-13	3.50327e-13	3.50565e-13	3.50972e-13	3.58507e-13	3.64157e-13	3.64638e-13	3.64812e-13	3.64891e-13	3.64952e-13	3.64999e-13	3.65069e-13	3.65109e-13	3.65143e-13	3.65172e-13	3.65203e-13	3.65231e-13	3.65261e-13	3.65292e-13	3.65323e-13	3.65341e-13	3.65368e-13	3.65397e-13	3.65431e-13	3.65473e-13	3.65533e-13	3.65562e-13	3.65914e-13	3.6812e-13	3.6985e-13	3.70043e-13	3.70055e-13	3.70121e-13	3.70162e-13	3.70177e-13	3.70203e-13	3.70223e-13	3.7024e-13	3.70268e-13	3.70278e-13	3.70291e-13	3.70323e-13	3.70339e-13	3.70384e-13	3.70397e-13	3.70427e-13	3.70519e-13	3.70673e-13	3.711e-13	3.71106e-13	3.71392e-13	3.71764e-13	3.71921e-13	3.71921e-13	3.71921e-13	3.71921e-13
613.043	1.62556e-16	5.82992e-17	5.96758e-17	3.50249e-13	2.3149e-13	2.4898e-13	2.53317e-13	2.56464e-13	2.57528e-13	2.58701e-13	2.59472e-13	2.59878e-13	2.60423e-13	2.6069e-13	2.60953e-13	2.61223e-13	2.61442e-13	2.61567e-13	2.61686e-13	2.61817e-13	2.61886e-13	2.61969e-13	2.62031e-13	2.62115e-13	2.62166e-13	2.6227e-13	2.62369e-13	2.62531e-13	2.63175e-13	2.64903e-13	3.19445e-13	3.26856e-13	3.28121e-13	3.28507e-13	3.28784e-13	3.29087e-13	3.29236e-13	3.29458e-13	3.29597e-13	3.29749e-13	3.29982e-13	3.30255e-13	3.32554e-13	3.41022e-13	3.41661e-13	3.41811e-13	3.41893e-13	3.41956e-13	3.42004e-13	3.42042e-13	3.4208e-13	3.42116e-13	3.42147e-13	3.42178e-13	3.42205e-13	3.42229e-13	3.42253e-13	3.42273e-13	3.42287e-13	3.42314e-13	3.42342e-13	3.42346e-13	3.42377e-13	3.42421e-13	3.42483e-13	3.42652e-13	3.42974e-13	3.4624e-13	3.49175e-13	3.49415e-13	3.49429e-13	3.49535e-13	3.49598e-13	3.49609e-13	3.49651e-13	3.49669e-13	3.49695e-13	3.4972e-13	3.49724e-13	3.49745e-13	3.49775e-13	3.49787e-13	3.49795e-13	3.49836e-13	3.49853e-13	3.49865e-13	3.49894e-13	3.49945e-13	3.49969e-13	3.50129e-13	3.50249e-13	3.50249e-13	3.50249e-13	3.50249e-13
616.054	1.62556e-16	5.458e-17	5.58207e-17	3.37783e-13	2.0604e-13	2.21617e-13	2.25697e-13	2.28439e-13	2.29373e-13	2.30498e-13	2.31104e-13	2.31521e-13	2.31999e-13	2.32207e-13	2.3249e-13	2.32706e-13	2.32906e-13	2.33003e-13	2.33138e-13	2.33234e-13	2.33309e-13	2.33389e-13	2.33461e-13	2.3352e-13	2.33603e-13	2.33718e-13	2.33813e-13	2.34123e-13	2.3462e-13	2.3683e-13	2.916e-13	3.21666e-13	3.22859e-13	3.23494e-13	3.24004e-13	3.24382e-13	3.24577e-13	3.24755e-13	3.24969e-13	3.2511e-13	3.25329e-13	3.25542e-13	3.2628e-13	3.33234e-13	3.34452e-13	3.34609e-13	3.3468e-13	3.34733e-13	3.34777e-13	3.34838e-13	3.3487e-13	3.34899e-13	3.34925e-13	3.3495e-13	3.34974e-13	3.35e-13	3.35025e-13	3.35049e-13	3.35062e-13	3.35083e-13	3.35103e-13	3.35124e-13	3.35148e-13	3.35175e-13	3.35179e-13	3.35225e-13	3.35286e-13	3.35394e-13	3.37414e-13	3.37473e-13	3.37549e-13	3.37591e-13	3.37595e-13	3.37622e-13	3.37626e-13	3.37646e-13	3.37652e-13	3.37667e-13	3.3767e-13	3.37678e-13	3.37689e-13	3.37704e-13	3.37705e-13	3.37713e-13	3.37718e-13	3.37737e-13	3.3774e-13	3.37745e-13	3.37752e-13	3.3776e-13	3.37783e-13	3.37783e-13	3.37783e-13	3.37783e-13
619.064	1.62556e-16	5.54253e-17	5.66228e-17	3.48035e-13	1.80779e-13	1.94461e-13	1.98242e-13	2.00571e-13	2.01411e-13	2.02446e-13	2.02914e-13	2.03344e-13	2.03731e-13	2.03917e-13	2.04193e-13	2.04367e-13	2.04536e-13	2.04634e-13	2.04766e-13	2.04835e-13	2.04932e-13	2.05002e-13	2.05077e-13	2.05138e-13	2.05268e-13	2.05368e-13	2.05564e-13	2.05945e-13	2.06446e-13	2.10284e-13	2.51903e-13	3.33238e-13	3.36261e-13	3.37144e-13	3.38054e-13	3.38402e-13	3.38681e-13	3.38992e-13	3.39236e-13	3.39408e-13	3.39586e-13	3.39768e-13	3.40211e-13	3.43164e-13	3.45612e-13	3.45769e-13	3.45836e-13	3.45887e-13	3.45928e-13	3.45973e-13	3.46012e-13	3.46048e-13	3.46082e-13	3.46113e-13	3.46143e-13	3.4617e-13	3.46195e-13	3.46219e-13	3.46232e-13	3.46261e-13	3.46289e-13	3.46293e-13	3.46319e-13	3.46348e-13	3.46379e-13	3.46419e-13	3.46433e-13	3.4649e-13	3.47269e-13	3.47831e-13	3.47867e-13	3.47905e-13	3.47924e-13	3.47927e-13	3.47942e-13	3.47944e-13	3.47958e-13	3.47961e-13	3.47962e-13	3.47975e-13	3.47979e-13	3.4799e-13	3.47992e-13	3.47999e-13	3.48e-13	3.48011e-13	3.48013e-13	3.48026e-13	3.48029e-13	3.4803e-13	3.48035e-13	3.48035e-13	3.48035e-13	3.48035e-13
622.074	1.62556e-16	6.77877e-17	6.94526e-17	4.27054e-13	1.50399e-13	1.61802e-13	1.6512e-13	1.66981e-13	1.67726e-13	1.68608e-13	1.68962e-13	1.6938e-13	1.69665e-13	1.69851e-13	1.7009e-13	1.70244e-13	1.70384e-13	1.70503e-13	1.70621e-13	1.70698e-13	1.70826e-13	1.70903e-13	1.70989e-13	1.71126e-13	1.71314e-13	1.71479e-13	1.71932e-13	1.72355e-13	1.73766e-13	1.77971e-13	2.03792e-13	4.0328e-13	4.1269e-13	4.1421e-13	4.15291e-13	4.16166e-13	4.16564e-13	4.17092e-13	4.17374e-13	4.17612e-13	4.1794e-13	4.18159e-13	4.18537e-13	4.19667e-13	4.23948e-13	4.2415e-13	4.2425e-13	4.24328e-13	4.24397e-13	4.24483e-13	4.24532e-13	4.24578e-13	4.24624e-13	4.24667e-13	4.24712e-13	4.24754e-13	4.24797e-13	4.24837e-13	4.2486e-13	4.24895e-13	4.24929e-13	4.24963e-13	4.25002e-13	4.25043e-13	4.25048e-13	4.25096e-13	4.25147e-13	4.25169e-13	4.25333e-13	4.26168e-13	4.26804e-13	4.26875e-13	4.26887e-13	4.26904e-13	4.2691e-13	4.26927e-13	4.2693e-13	4.26947e-13	4.2695e-13	4.26958e-13	4.2697e-13	4.26978e-13	4.26982e-13	4.26994e-13	4.27003e-13	4.27012e-13	4.27014e-13	4.27029e-13	4.27033e-13	4.27047e-13	4.27054e-13	4.27054e-13	4.27054e-13	4.27054e-13
625.084	1.62556e-16	1.14466e-16	1.17573e-16	7.02652e-13	9.90776e-14	1.06637e-13	1.08967e-13	1.10167e-13	1.10728e-13	1.11348e-13	1.11596e-13	1.11948e-13	1.12142e-13	1.12337e-13	1.12534e-13	1.12702e-13	1.12847e-13	1.13026e-13	1.13155e-13	1.13315e-13	1.13513e-13	1.13664e-13	1.13816e-13	1.14182e-13	1.14454e-13	1.15001e-13	1.15759e-13	1.16716e-13	1.19765e-13	1.23901e-13	1.37436e-13	5.73058e-13	5.88595e-13	5.92622e-13	5.95002e-13	5.96957e-13	5.97785e-13	5.98496e-13	5.99342e-13	5.99874e-13	6.00579e-13	6.01439e-13	6.03299e-13	6.08469e-13	6.85254e-13	6.90507e-13	6.91965e-13	6.92698e-13	6.93131e-13	6.93508e-13	6.93728e-13	6.93923e-13	6.94107e-13	6.94236e-13	6.94378e-13	6.94487e-13	6.94583e-13	6.94688e-13	6.94762e-13	6.94854e-13	6.94944e-13	6.94993e-13	6.95078e-13	6.95164e-13	6.95261e-13	6.9537e-13	6.95398e-13	6.95524e-13	6.95797e-13	6.96074e-13	6.98992e-13	7.01868e-13	7.02026e-13	7.02078e-13	7.02142e-13	7.02178e-13	7.02236e-13	7.02251e-13	7.02293e-13	7.0232e-13	7.02342e-13	7.02396e-13	7.02399e-13	7.02425e-13	7.02468e-13	7.02496e-13	7.02532e-13	7.02538e-13	7.02605e-13	7.02617e-13	7.02652e-13	7.02652e-13	7.02652e-13	7.02652e-13
628.094	1.62556e-16	1.02147e-16	1.04659e-16	6.06762e-13	9.89518e-14	1.06523e-13	1.08957e-13	1.10088e-13	1.10703e-13	1.11295e-13	1.11545e-13	1.11906e-13	1.12068e-13	1.12287e-13	1.12438e-13	1.12603e-13	1.12728e-13	1.12877e-13	1.1296e-13	1.131e-13	1.13198e-13	1.1331e-13	1.13414e-13	1.13589e-13	1.13719e-13	1.14018e-13	1.14232e-13	1.14819e-13	1.15554e-13	1.17552e-13	1.21828e-13	2.83244e-13	2.90201e-13	2.92382e-13	2.94e-13	2.94781e-13	2.95505e-13	2.9622e-13	2.97009e-13	2.97859e-13	2.99066e-13	3.00896e-13	3.05123e-13	3.15305e-13	5.42041e-13	5.89984e-13	5.96158e-13	5.98725e-13	6.00057e-13	6.00921e-13	6.01476e-13	6.01811e-13	6.02172e-13	6.02429e-13	6.0261e-13	6.02761e-13	6.02937e-13	6.03053e-13	6.03147e-13	6.03251e-13	6.03334e-13	6.03411e-13	6.03488e-13	6.03561e-13	6.03612e-13	6.03684e-13	6.03756e-13	6.03792e-13	6.03863e-13	6.03974e-13	6.0408e-13	6.06049e-13	6.06212e-13	6.0629e-13	6.06335e-13	6.0639e-13	6.06414e-13	6.06459e-13	6.06479e-13	6.06515e-13	6.06547e-13	6.06556e-13	6.06589e-13	6.06626e-13	6.06636e-13	6.06679e-13	6.06681e-13	6.06732e-13	6.06738e-13	6.06753e-13	6.06762e-13	6.06762e-13	6.06762e-13	6.06762e-13
631.104	1.62556e-16	1.28028e-16	1.31484e-16	7.79616e-13	9.61576e-14	1.03546e-13	1.06014e-13	1.07053e-13	1.07716e-13	1.08261e-13	1.0853e-13	1.08886e-13	1.09038e-13	1.09283e-13	1.09408e-13	1.09596e-13	1.09743e-13	1.09887e-13	1.0999e-13	1.10154e-13	1.10255e-13	1.10408e-13	1.10567e-13	1.10725e-13	1.10986e-13	1.11308e-13	1.11679e-13	1.12513e-13	1.13327e-13	1.16979e-13	1.24576e-13	3.61779e-13	4.046e-13	4.08176e-13	4.10527e-13	4.11909e-13	4.12935e-13	4.14015e-13	4.1502e-13	4.16036e-13	4.17494e-13	4.19555e-13	4.23631e-13	4.31295e-13	5.87495e-13	7.52616e-13	7.64617e-13	7.68384e-13	7.7024e-13	7.71414e-13	7.72121e-13	7.72515e-13	7.72956e-13	7.73227e-13	7.73468e-13	7.73687e-13	7.73842e-13	7.73966e-13	7.74078e-13	7.74215e-13	7.74313e-13	7.74379e-13	7.74459e-13	7.74511e-13	7.7459e-13	7.74669e-13	7.74704e-13	7.74781e-13	7.74875e-13	7.74918e-13	7.75072e-13	7.76908e-13	7.78855e-13	7.79126e-13	7.7922e-13	7.79279e-13	7.79328e-13	7.79361e-13	7.79374e-13	7.79415e-13	7.79426e-13	7.79473e-13	7.7948e-13	7.79485e-13	7.79497e-13	7.79542e-13	7.79547e-13	7.79551e-13	7.79566e-13	7.79569e-13	7.79616e-13	7.79616e-13	7.79616e-13	7.79616e-13
634.114	1.62556e-16	7.20671e-17	7.33683e-17	4.79483e-13	1.53974e-13	1.65832e-13	1.69894e-13	1.71432e-13	1.72565e-13	1.73332e-13	1.73792e-13	1.74287e-13	1.74518e-13	1.74863e-13	1.75012e-13	1.75262e-13	1.75458e-13	1.75587e-13	1.75728e-13	1.75866e-13	1.75978e-13	1.76106e-13	1.76242e-13	1.76347e-13	1.76586e-13	1.76741e-13	1.7712e-13	1.77486e-13	1.78324e-13	1.80013e-13	1.83582e-13	3.10343e-13	3.9254e-13	3.95471e-13	3.96852e-13	3.98113e-13	3.98626e-13	3.99047e-13	3.99556e-13	3.99884e-13	4.00296e-13	4.00772e-13	4.01568e-13	4.02822e-13	4.13996e-13	4.69416e-13	4.73771e-13	4.74953e-13	4.75484e-13	4.75808e-13	4.76024e-13	4.76173e-13	4.76285e-13	4.76391e-13	4.76465e-13	4.76546e-13	4.76603e-13	4.76654e-13	4.76693e-13	4.76736e-13	4.76777e-13	4.76815e-13	4.76852e-13	4.76886e-13	4.76902e-13	4.76932e-13	4.76966e-13	4.76977e-13	4.77013e-13	4.77051e-13	4.7707e-13	4.77187e-13	4.78013e-13	4.79026e-13	4.79183e-13	4.79239e-13	4.79278e-13	4.79305e-13	4.79317e-13	4.79333e-13	4.79361e-13	4.79374e-13	4.79378e-13	4.79407e-13	4.79414e-13	4.79423e-13	4.79424e-13	4.79465e-13	4.79476e-13	4.79478e-13	4.79483e-13	4.79483e-13	4.79483e-13	4.79483e-13
637.124	1.62556e-16	5.28273e-17	5.33956e-17	3.68427e-13	1.61092e-13	1.73556e-13	1.77924e-13	1.79433e-13	1.80704e-13	1.81419e-13	1.81956e-13	1.82407e-13	1.82675e-13	1.82994e-13	1.83147e-13	1.83383e-13	1.83572e-13	1.83668e-13	1.83813e-13	1.839e-13	1.84018e-13	1.841e-13	1.84185e-13	1.84289e-13	1.84427e-13	1.84547e-13	1.84792e-13	1.84991e-13	1.85632e-13	1.863e-13	1.87672e-13	2.37495e-13	3.42269e-13	3.46028e-13	3.48005e-13	3.48774e-13	3.49188e-13	3.49553e-13	3.4988e-13	3.50066e-13	3.50244e-13	3.50411e-13	3.50665e-13	3.50922e-13	3.51893e-13	3.62614e-13	3.6539e-13	3.65776e-13	3.65962e-13	3.66103e-13	3.66188e-13	3.66256e-13	3.66309e-13	3.66358e-13	3.66398e-13	3.66442e-13	3.66476e-13	3.6651e-13	3.66539e-13	3.66571e-13	3.666e-13	3.66609e-13	3.66636e-13	3.6666e-13	3.66685e-13	3.66708e-13	3.66716e-13	3.66739e-13	3.66764e-13	3.66773e-13	3.66799e-13	3.66849e-13	3.66885e-13	3.67403e-13	3.68078e-13	3.68199e-13	3.68237e-13	3.6827e-13	3.68273e-13	3.68295e-13	3.68315e-13	3.68335e-13	3.68341e-13	3.68355e-13	3.68356e-13	3.6838e-13	3.68388e-13	3.68402e-13	3.68403e-13	3.68404e-13	3.68427e-13	3.68427e-13	3.68427e-13	3.68427e-13
640.134	1.62556e-16	5.40743e-17	5.46394e-17	3.82823e-13	1.56855e-13	1.69067e-13	1.73423e-13	1.74816e-13	1.76135e-13	1.76758e-13	1.77342e-13	1.77721e-13	1.78025e-13	1.78291e-13	1.78466e-13	1.78675e-13	1.78849e-13	1.7894e-13	1.79077e-13	1.79149e-13	1.79269e-13	1.79336e-13	1.794e-13	1.79529e-13	1.79616e-13	1.79785e-13	1.79945e-13	1.80246e-13	1.80703e-13	1.81608e-13	1.83048e-13	2.02266e-13	3.57024e-13	3.62831e-13	3.65756e-13	3.66544e-13	3.6706e-13	3.67648e-13	3.67912e-13	3.68118e-13	3.68401e-13	3.68553e-13	3.68715e-13	3.68894e-13	3.69335e-13	3.73564e-13	3.78987e-13	3.79482e-13	3.79683e-13	3.79835e-13	3.79935e-13	3.80014e-13	3.80076e-13	3.8014e-13	3.80195e-13	3.80243e-13	3.80285e-13	3.80325e-13	3.80347e-13	3.80383e-13	3.80418e-13	3.80452e-13	3.80485e-13	3.80515e-13	3.80527e-13	3.80557e-13	3.80584e-13	3.80596e-13	3.80624e-13	3.80654e-13	3.80667e-13	3.80708e-13	3.80763e-13	3.80807e-13	3.8146e-13	3.82355e-13	3.82534e-13	3.82577e-13	3.82588e-13	3.82632e-13	3.82654e-13	3.82684e-13	3.82692e-13	3.82712e-13	3.82721e-13	3.8275e-13	3.82751e-13	3.82779e-13	3.82795e-13	3.82797e-13	3.82823e-13	3.82823e-13	3.82823e-13	3.82823e-13
643.144	1.62556e-16	8.40395e-17	8.52379e-17	5.72909e-13	1.32132e-13	1.42509e-13	1.46271e-13	1.4741e-13	1.48596e-13	1.49087e-13	1.49646e-13	1.49935e-13	1.5025e-13	1.50453e-13	1.50654e-13	1.50837e-13	1.50999e-13	1.51116e-13	1.51245e-13	1.51343e-13	1.51474e-13	1.51563e-13	1.5165e-13	1.51825e-13	1.51938e-13	1.52201e-13	1.52382e-13	1.52898e-13	1.53317e-13	1.54891e-13	1.57055e-13	1.63874e-13	3.93005e-13	4.00427e-13	4.03272e-13	4.05148e-13	4.05893e-13	4.06533e-13	4.07181e-13	4.07603e-13	4.08115e-13	4.08678e-13	4.09549e-13	4.10726e-13	4.14451e-13	4.34659e-13	5.53031e-13	5.6335e-13	5.66145e-13	5.67429e-13	5.68205e-13	5.68715e-13	5.69081e-13	5.69329e-13	5.69569e-13	5.69749e-13	5.69903e-13	5.70049e-13	5.70181e-13	5.70286e-13	5.70387e-13	5.70458e-13	5.70545e-13	5.70627e-13	5.70706e-13	5.70768e-13	5.70823e-13	5.70887e-13	5.70958e-13	5.70987e-13	5.71042e-13	5.71112e-13	5.71142e-13	5.71218e-13	5.71285e-13	5.71724e-13	5.72333e-13	5.72477e-13	5.72514e-13	5.72545e-13	5.72623e-13	5.72647e-13	5.72669e-13	5.72728e-13	5.72744e-13	5.7276e-13	5.72788e-13	5.72863e-13	5.72889e-13	5.72891e-13	5.72909e-13	5.72909e-13	5.72909e-13	5.72909e-13
646.154	1.62556e-16	6.81308e-17	6.90917e-17	4.53612e-13	1.33525e-13	1.44107e-13	1.47975e-13	1.49104e-13	1.50353e-13	1.5082e-13	1.51428e-13	1.5169e-13	1.52047e-13	1.52221e-13	1.52457e-13	1.52624e-13	1.52769e-13	1.52906e-13	1.52999e-13	1.53107e-13	1.53189e-13	1.53267e-13	1.53339e-13	1.53419e-13	1.53506e-13	1.53597e-13	1.53697e-13	1.5383e-13	1.53989e-13	1.54291e-13	1.5468e-13	1.5612e-13	2.01542e-13	2.04284e-13	2.05146e-13	2.05699e-13	2.06037e-13	2.0638e-13	2.06764e-13	2.0716e-13	2.07622e-13	2.08258e-13	2.09156e-13	2.10789e-13	2.14976e-13	2.27305e-13	3.91009e-13	4.38382e-13	4.4389e-13	4.46159e-13	4.47332e-13	4.4807e-13	4.48578e-13	4.48862e-13	4.49155e-13	4.49349e-13	4.49506e-13	4.49689e-13	4.49798e-13	4.49902e-13	4.50023e-13	4.50106e-13	4.50182e-13	4.50231e-13	4.50293e-13	4.50359e-13	4.50395e-13	4.50448e-13	4.50503e-13	4.5056e-13	4.50591e-13	4.50632e-13	4.50693e-13	4.50729e-13	4.50808e-13	4.50872e-13	4.51735e-13	4.52946e-13	4.52998e-13	4.53268e-13	4.53319e-13	4.53373e-13	4.53415e-13	4.53432e-13	4.53442e-13	4.53495e-13	4.53518e-13	4.53535e-13	4.53546e-13	4.5355e-13	4.53612e-13	4.53612e-13	4.53612e-13	4.53612e-13
649.164	1.62556e-16	6.47137e-17	6.55747e-17	4.24819e-13	1.31021e-13	1.41493e-13	1.45312e-13	1.46403e-13	1.47635e-13	1.48072e-13	1.48671e-13	1.48903e-13	1.49254e-13	1.49399e-13	1.4963e-13	1.49772e-13	1.49893e-13	1.50022e-13	1.50088e-13	1.5019e-13	1.50243e-13	1.50312e-13	1.50377e-13	1.50422e-13	1.50511e-13	1.50562e-13	1.50678e-13	1.50759e-13	1.50985e-13	1.51198e-13	1.51546e-13	1.54186e-13	2.19263e-13	2.34016e-13	2.36535e-13	2.37212e-13	2.37698e-13	2.38257e-13	2.3864e-13	2.39011e-13	2.39467e-13	2.39962e-13	2.40561e-13	2.41608e-13	2.43882e-13	2.49268e-13	3.10679e-13	3.93879e-13	4.0019e-13	4.02051e-13	4.03035e-13	4.03577e-13	4.03971e-13	4.04184e-13	4.04405e-13	4.04546e-13	4.04703e-13	4.04805e-13	4.04901e-13	4.04982e-13	4.05061e-13	4.05111e-13	4.05178e-13	4.05242e-13	4.05301e-13	4.05362e-13	4.05398e-13	4.05446e-13	4.0552e-13	4.0555e-13	4.05623e-13	4.05727e-13	4.05771e-13	4.05938e-13	4.06004e-13	4.06444e-13	4.06704e-13	4.12719e-13	4.1287e-13	4.21839e-13	4.23808e-13	4.2402e-13	4.24045e-13	4.24411e-13	4.24434e-13	4.24509e-13	4.24521e-13	4.24732e-13	4.24767e-13	4.24775e-13	4.24819e-13	4.24819e-13	4.24819e-13	4.24819e-13
652.174	1.62556e-16	7.39243e-17	7.49232e-17	4.54963e-13	1.15206e-13	1.24506e-13	1.27878e-13	1.28845e-13	1.29928e-13	1.30315e-13	1.30837e-13	1.31044e-13	1.31345e-13	1.31476e-13	1.31671e-13	1.31796e-13	1.31902e-13	1.3201e-13	1.3207e-13	1.32155e-13	1.32206e-13	1.32266e-13	1.32324e-13	1.32372e-13	1.32456e-13	1.32519e-13	1.32642e-13	1.32756e-13	1.33018e-13	1.33344e-13	1.33835e-13	1.36476e-13	2.08368e-13	2.62357e-13	2.67677e-13	2.69036e-13	2.6974e-13	2.70461e-13	2.70993e-13	2.71388e-13	2.71857e-13	2.72313e-13	2.72918e-13	2.73769e-13	2.75303e-13	2.78363e-13	2.95324e-13	3.96072e-13	4.05122e-13	4.07363e-13	4.08317e-13	4.0887e-13	4.09238e-13	4.09448e-13	4.09667e-13	4.09821e-13	4.09957e-13	4.10064e-13	4.10146e-13	4.10236e-13	4.10331e-13	4.10399e-13	4.10481e-13	4.10557e-13	4.106e-13	4.10682e-13	4.10756e-13	4.10793e-13	4.10894e-13	4.10993e-13	4.11032e-13	4.11194e-13	4.11382e-13	4.11454e-13	4.11802e-13	4.11939e-13	4.12918e-13	4.13477e-13	4.13501e-13	4.27397e-13	4.48149e-13	4.53027e-13	4.53186e-13	4.53568e-13	4.53611e-13	4.54526e-13	4.54557e-13	4.54698e-13	4.54721e-13	4.54738e-13	4.54963e-13	4.54963e-13	4.54963e-13	4.54963e-13
655.184	1.62556e-16	8.82504e-17	8.96232e-17	5.9001e-13	7.48803e-14	8.09887e-14	8.31774e-14	8.38202e-14	8.45102e-14	8.47738e-14	8.50981e-14	8.52444e-14	8.54271e-14	8.55238e-14	8.56403e-14	8.57295e-14	8.58082e-14	8.58768e-14	8.59347e-14	8.59951e-14	8.60568e-14	8.61125e-14	8.61702e-14	8.62625e-14	8.6354e-14	8.65108e-14	8.66643e-14	8.6996e-14	8.73329e-14	8.82876e-14	8.94388e-14	9.19716e-14	1.72534e-13	3.63301e-13	3.7147e-13	3.75929e-13	3.77261e-13	3.78288e-13	3.79429e-13	3.80115e-13	3.80758e-13	3.81444e-13	3.82402e-13	3.83506e-13	3.84895e-13	3.88489e-13	3.98246e-13	5.20684e-13	5.59051e-13	5.63322e-13	5.65011e-13	5.65846e-13	5.66401e-13	5.66736e-13	5.67002e-13	5.67249e-13	5.67407e-13	5.67542e-13	5.67653e-13	5.67768e-13	5.67886e-13	5.67959e-13	5.68053e-13	5.68136e-13	5.68205e-13	5.68292e-13	5.68341e-13	5.68409e-13	5.68497e-13	5.68545e-13	5.68621e-13	5.68744e-13	5.68792e-13	5.68923e-13	5.68984e-13	5.69202e-13	5.69293e-13	5.69847e-13	5.69868e-13	5.70161e-13	5.77035e-13	5.86794e-13	5.87024e-13	5.89349e-13	5.89392e-13	5.89526e-13	5.8954e-13	5.89935e-13	5.89976e-13	5.89987e-13	5.9001e-13	5.9001e-13	5.9001e-13	5.9001e-13
658.194	1.62556e-16	1.30184e-16	1.32233e-16	8.98641e-13	2.9378e-14	3.18301e-14	3.27224e-14	3.3008e-14	3.33102e-14	3.3449e-14	3.36092e-14	3.37069e-14	3.38141e-14	3.39004e-14	3.39854e-14	3.40842e-14	3.4188e-14	3.42667e-14	3.43825e-14	3.447e-14	3.46237e-14	3.47306e-14	3.48424e-14	3.51058e-14	3.52738e-14	3.57013e-14	3.59958e-14	3.67959e-14	3.74647e-14	3.93815e-14	4.1457e-14	4.64633e-14	1.03287e-13	5.66473e-13	5.9622e-13	6.04101e-13	6.06906e-13	6.09457e-13	6.10965e-13	6.12224e-13	6.13529e-13	6.1457e-13	6.15808e-13	6.17319e-13	6.19103e-13	6.23288e-13	6.32266e-13	7.26726e-13	8.61002e-13	8.7133e-13	8.73739e-13	8.75158e-13	8.76015e-13	8.76507e-13	8.76938e-13	8.77277e-13	8.7751e-13	8.77707e-13	8.77911e-13	8.78061e-13	8.78202e-13	8.78288e-13	8.78414e-13	8.78535e-13	8.78622e-13	8.78716e-13	8.78793e-13	8.78864e-13	8.78978e-13	8.79052e-13	8.79108e-13	8.79239e-13	8.79347e-13	8.79408e-13	8.79562e-13	8.79633e-13	8.79874e-13	8.79978e-13	8.79991e-13	8.80589e-13	8.80869e-13	8.87242e-13	8.87389e-13	8.96316e-13	8.964e-13	8.98444e-13	8.98477e-13	8.98556e-13	8.98574e-13	8.98585e-13	8.98641e-13	8.98641e-13	8.98641e-13	8.98641e-13
661.204	1.62556e-16	1.43767e-16	1.46012e-16	1.04548e-12	1.59566e-13	1.73015e-13	1.77773e-13	1.7937e-13	1.80886e-13	1.81669e-13	1.82398e-13	1.82935e-13	1.8336e-13	1.83797e-13	1.84082e-13	1.84483e-13	1.84859e-13	1.85071e-13	1.85434e-13	1.85644e-13	1.86026e-13	1.86262e-13	1.86505e-13	1.86968e-13	1.87335e-13	1.87909e-13	1.88531e-13	1.89355e-13	1.90658e-13	1.92202e-13	1.94068e-13	2.01996e-13	2.19546e-13	6.75019e-13	7.91578e-13	7.97905e-13	8.01352e-13	8.0447e-13	8.05748e-13	8.06936e-13	8.0816e-13	8.09059e-13	8.10158e-13	8.11362e-13	8.12755e-13	8.15654e-13	8.20599e-13	8.47081e-13	1.00623e-12	1.02106e-12	1.02324e-12	1.02437e-12	1.02519e-12	1.02565e-12	1.02598e-12	1.02628e-12	1.02646e-12	1.02662e-12	1.02674e-12	1.02686e-12	1.02697e-12	1.02706e-12	1.02715e-12	1.02724e-12	1.02729e-12	1.02738e-12	1.02743e-12	1.02748e-12	1.02756e-12	1.02761e-12	1.02767e-12	1.02775e-12	1.02781e-12	1.02789e-12	1.02794e-12	1.02805e-12	1.0281e-12	1.02829e-12	1.0283e-12	1.02839e-12	1.02888e-12	1.02911e-12	1.02912e-12	1.03472e-12	1.03478e-12	1.04309e-12	1.04317e-12	1.04522e-12	1.0454e-12	1.04544e-12	1.04548e-12	1.04548e-12	1.04548e-12	1.04548e-12
664.214	1.62556e-16	9.96926e-17	1.01461e-16	7.84018e-13	3.35193e-13	3.63717e-13	3.7347e-13	3.7694e-13	3.79841e-13	3.8155e-13	3.82818e-13	3.83954e-13	3.8462e-13	3.85472e-13	3.85884e-13	3.86555e-13	3.87118e-13	3.87423e-13	3.87884e-13	3.88188e-13	3.88575e-13	3.88867e-13	3.8917e-13	3.895e-13	3.89954e-13	3.90279e-13	3.90904e-13	3.91306e-13	3.92303e-13	3.93038e-13	3.94045e-13	3.97745e-13	4.05949e-13	5.60367e-13	6.81785e-13	6.8693e-13	6.88516e-13	6.89554e-13	6.90364e-13	6.90824e-13	6.91238e-13	6.91612e-13	6.9208e-13	6.9254e-13	6.93021e-13	6.93958e-13	6.95445e-13	6.99918e-13	7.64034e-13	7.72088e-13	7.73256e-13	7.73827e-13	7.74172e-13	7.74386e-13	7.74499e-13	7.74614e-13	7.74683e-13	7.74741e-13	7.74803e-13	7.74847e-13	7.74885e-13	7.74906e-13	7.74939e-13	7.74971e-13	7.74999e-13	7.75027e-13	7.75039e-13	7.75061e-13	7.75089e-13	7.75101e-13	7.75121e-13	7.75148e-13	7.75166e-13	7.75187e-13	7.75211e-13	7.75231e-13	7.7527e-13	7.75291e-13	7.75298e-13	7.75365e-13	7.754e-13	7.75597e-13	7.75603e-13	7.75708e-13	7.75709e-13	7.78478e-13	7.78506e-13	7.83154e-13	7.83559e-13	7.83599e-13	7.84018e-13	7.84018e-13	7.84018e-13	7.84018e-13
667.224	1.62556e-16	7.29636e-17	7.45458e-17	6.17973e-13	3.96968e-13	4.3117e-13	4.42501e-13	4.46839e-13	4.50027e-13	4.52208e-13	4.53519e-13	4.54941e-13	4.55607e-13	4.56606e-13	4.57041e-13	4.57765e-13	4.58326e-13	4.58695e-13	4.59082e-13	4.59449e-13	4.59732e-13	4.60029e-13	4.60329e-13	4.60536e-13	4.60938e-13	4.61158e-13	4.61579e-13	4.61891e-13	4.62376e-13	4.6295e-13	4.63538e-13	4.64582e-13	4.69396e-13	5.02899e-13	5.83448e-13	5.86952e-13	5.87549e-13	5.87907e-13	5.88219e-13	5.88389e-13	5.88552e-13	5.88681e-13	5.88823e-13	5.88969e-13	5.89143e-13	5.89443e-13	5.89831e-13	5.90827e-13	6.07006e-13	6.15401e-13	6.15972e-13	6.16198e-13	6.16341e-13	6.16426e-13	6.16471e-13	6.16514e-13	6.16542e-13	6.16569e-13	6.16583e-13	6.166e-13	6.16617e-13	6.16632e-13	6.16646e-13	6.16659e-13	6.16664e-13	6.16676e-13	6.16687e-13	6.1669e-13	6.16702e-13	6.16712e-13	6.16717e-13	6.16729e-13	6.16738e-13	6.16744e-13	6.16753e-13	6.16762e-13	6.1677e-13	6.16783e-13	6.16784e-13	6.16794e-13	6.16816e-13	6.16828e-13	6.1683e-13	6.16891e-13	6.16892e-13	6.16923e-13	6.16924e-13	6.17678e-13	6.17743e-13	6.17749e-13	6.17973e-13	6.17973e-13	6.17973e-13	6.17973e-13
670.234	1.62556e-16	5.97935e-17	6.1311e-17	5.41528e-13	4.13744e-13	4.4987e-13	4.61444e-13	4.66244e-13	4.69327e-13	4.71773e-13	4.72993e-13	4.74535e-13	4.75179e-13	4.76181e-13	4.7666e-13	4.7735e-13	4.77857e-13	4.78289e-13	4.78585e-13	4.78983e-13	4.79201e-13	4.79477e-13	4.79736e-13	4.79931e-13	4.80211e-13	4.80449e-13	4.80675e-13	4.80987e-13	4.81198e-13	4.81632e-13	4.81951e-13	4.82375e-13	4.84097e-13	4.89146e-13	5.30644e-13	5.31929e-13	5.32197e-13	5.32387e-13	5.32472e-13	5.32539e-13	5.32605e-13	5.32651e-13	5.32704e-13	5.32751e-13	5.32814e-13	5.32906e-13	5.33016e-13	5.33228e-13	5.3468e-13	5.4078e-13	5.41101e-13	5.41183e-13	5.41241e-13	5.41277e-13	5.41302e-13	5.41319e-13	5.41333e-13	5.41347e-13	5.41356e-13	5.41368e-13	5.4138e-13	5.41384e-13	5.41394e-13	5.41404e-13	5.41413e-13	5.41423e-13	5.41424e-13	5.41434e-13	5.41442e-13	5.41444e-13	5.41452e-13	5.4146e-13	5.41463e-13	5.41469e-13	5.41473e-13	5.41479e-13	5.41483e-13	5.41488e-13	5.41488e-13	5.41494e-13	5.41497e-13	5.41504e-13	5.41505e-13	5.41508e-13	5.41508e-13	5.41517e-13	5.41517e-13	5.4152e-13	5.41521e-13	5.41522e-13	5.41528e-13	5.41528e-13	5.41528e-13	5.41528e-13
673.244	1.62556e-16	5.36049e-17	5.50872e-17	5.04247e-13	4.13551e-13	4.50166e-13	4.61479e-13	4.66575e-13	4.69436e-13	4.72037e-13	4.73161e-13	4.74721e-13	4.75381e-13	4.76303e-13	4.76858e-13	4.77479e-13	4.77935e-13	4.78402e-13	4.78648e-13	4.79027e-13	4.79243e-13	4.79477e-13	4.79677e-13	4.79912e-13	4.80083e-13	4.80338e-13	4.80473e-13	4.8073e-13	4.80884e-13	4.81133e-13	4.81302e-13	4.81654e-13	4.82101e-13	4.82902e-13	5.00489e-13	5.00861e-13	5.00973e-13	5.01045e-13	5.01084e-13	5.01114e-13	5.01143e-13	5.01166e-13	5.01204e-13	5.01229e-13	5.01257e-13	5.01292e-13	5.01331e-13	5.01393e-13	5.01591e-13	5.03666e-13	5.03866e-13	5.03911e-13	5.03944e-13	5.03967e-13	5.03986e-13	5.04002e-13	5.04017e-13	5.04031e-13	5.04042e-13	5.04054e-13	5.04066e-13	5.04073e-13	5.04086e-13	5.04098e-13	5.04101e-13	5.04112e-13	5.04123e-13	5.04124e-13	5.04135e-13	5.04147e-13	5.04147e-13	5.04159e-13	5.04169e-13	5.04171e-13	5.0418e-13	5.04184e-13	5.04192e-13	5.04197e-13	5.04197e-13	5.04204e-13	5.04211e-13	5.04216e-13	5.04217e-13	5.04226e-13	5.04226e-13	5.0423e-13	5.04231e-13	5.04243e-13	5.04245e-13	5.04245e-13	5.04247e-13	5.04247e-13	5.04247e-13	5.04247e-13
676.254	1.62556e-16	4.98118e-17	5.12755e-17	4.82353e-13	4.06064e-13	4.42531e-13	4.53373e-13	4.58676e-13	4.6129e-13	4.63965e-13	4.6503e-13	4.6653e-13	4.67246e-13	4.68045e-13	4.68685e-13	4.6923e-13	4.69656e-13	4.70112e-13	4.7036e-13	4.70676e-13	4.70927e-13	4.71114e-13	4.71267e-13	4.71522e-13	4.71646e-13	4.71863e-13	4.71998e-13	4.72159e-13	4.72331e-13	4.72452e-13	4.7256e-13	4.72812e-13	4.73004e-13	4.73345e-13	4.79469e-13	4.79806e-13	4.79851e-13	4.79881e-13	4.79925e-13	4.79949e-13	4.79975e-13	4.8e-13	4.80034e-13	4.80058e-13	4.80082e-13	4.80124e-13	4.80155e-13	4.80193e-13	4.80277e-13	4.81416e-13	4.81857e-13	4.81919e-13	4.81952e-13	4.81981e-13	4.82005e-13	4.82024e-13	4.82043e-13	4.8206e-13	4.82063e-13	4.8208e-13	4.82097e-13	4.82109e-13	4.82124e-13	4.82137e-13	4.82147e-13	4.82163e-13	4.82166e-13	4.82179e-13	4.82194e-13	4.82195e-13	4.8221e-13	4.82224e-13	4.82225e-13	4.8224e-13	4.82242e-13	4.82255e-13	4.82259e-13	4.82271e-13	4.82272e-13	4.82278e-13	4.82289e-13	4.82299e-13	4.823e-13	4.82309e-13	4.8231e-13	4.82327e-13	4.82328e-13	4.82336e-13	4.82338e-13	4.82339e-13	4.82353e-13	4.82353e-13	4.82353e-13	4.82353e-13
679.264	1.62556e-16	4.70204e-17	4.84883e-17	4.66587e-13	3.93769e-13	4.29645e-13	4.39887e-13	4.45315e-13	4.47692e-13	4.50363e-13	4.5141e-13	4.5279e-13	4.53585e-13	4.54247e-13	4.54949e-13	4.55429e-13	4.55849e-13	4.56249e-13	4.56532e-13	4.56772e-13	4.57051e-13	4.57206e-13	4.57339e-13	4.57561e-13	4.577e-13	4.57845e-13	4.58006e-13	4.58098e-13	4.58258e-13	4.58344e-13	4.58428e-13	4.58555e-13	4.58715e-13	4.58889e-13	4.61341e-13	4.61983e-13	4.62038e-13	4.62091e-13	4.62147e-13	4.62181e-13	4.62241e-13	4.62275e-13	4.62309e-13	4.62344e-13	4.62381e-13	4.62432e-13	4.62475e-13	4.62528e-13	4.62619e-13	4.63867e-13	4.65817e-13	4.65989e-13	4.66047e-13	4.66095e-13	4.66129e-13	4.66154e-13	4.6618e-13	4.66202e-13	4.66224e-13	4.66245e-13	4.66265e-13	4.66268e-13	4.66288e-13	4.66308e-13	4.66321e-13	4.66338e-13	4.66349e-13	4.66356e-13	4.66373e-13	4.66389e-13	4.66391e-13	4.66409e-13	4.66427e-13	4.66428e-13	4.66447e-13	4.66449e-13	4.66467e-13	4.66471e-13	4.66472e-13	4.66489e-13	4.66498e-13	4.66513e-13	4.66514e-13	4.66528e-13	4.66529e-13	4.66544e-13	4.66546e-13	4.66576e-13	4.66579e-13	4.6658e-13	4.66587e-13	4.66587e-13	4.66587e-13	4.66587e-13
682.274	1.62556e-16	4.49788e-17	4.6416e-17	4.55023e-13	3.78068e-13	4.1301e-13	4.22578e-13	4.28048e-13	4.30214e-13	4.32808e-13	4.33873e-13	4.35095e-13	4.35966e-13	4.36511e-13	4.37229e-13	4.37668e-13	4.38093e-13	4.38415e-13	4.38732e-13	4.38918e-13	4.39191e-13	4.39333e-13	4.39471e-13	4.39629e-13	4.39796e-13	4.39889e-13	4.40043e-13	4.40124e-13	4.40232e-13	4.40327e-13	4.40392e-13	4.40451e-13	4.40571e-13	4.40667e-13	4.42826e-13	4.45038e-13	4.45187e-13	4.45347e-13	4.45417e-13	4.45478e-13	4.45568e-13	4.45617e-13	4.45689e-13	4.45744e-13	4.45798e-13	4.45856e-13	4.45931e-13	4.46024e-13	4.46184e-13	4.47229e-13	4.53386e-13	4.54101e-13	4.54251e-13	4.54359e-13	4.54427e-13	4.54472e-13	4.54515e-13	4.54548e-13	4.54565e-13	4.54594e-13	4.54619e-13	4.54643e-13	4.54667e-13	4.54689e-13	4.54695e-13	4.54719e-13	4.54735e-13	4.54745e-13	4.54768e-13	4.54776e-13	4.54793e-13	4.54816e-13	4.54819e-13	4.5484e-13	4.54842e-13	4.54865e-13	4.54867e-13	4.54889e-13	4.54891e-13	4.54896e-13	4.54918e-13	4.54927e-13	4.54928e-13	4.54951e-13	4.54952e-13	4.54972e-13	4.54973e-13	4.54997e-13	4.55002e-13	4.55002e-13	4.55023e-13	4.55023e-13	4.55023e-13	4.55023e-13
685.284	1.62556e-16	4.43369e-17	4.56988e-17	4.52015e-13	3.59487e-13	3.93188e-13	4.02032e-13	4.07458e-13	4.09447e-13	4.11898e-13	4.13003e-13	4.14051e-13	4.14976e-13	4.15436e-13	4.16119e-13	4.16541e-13	4.1697e-13	4.17221e-13	4.17545e-13	4.17714e-13	4.17943e-13	4.18087e-13	4.18235e-13	4.1834e-13	4.18506e-13	4.1859e-13	4.18702e-13	4.188e-13	4.18861e-13	4.18953e-13	4.18999e-13	4.19051e-13	4.19122e-13	4.19226e-13	4.21241e-13	4.27624e-13	4.28027e-13	4.2831e-13	4.28475e-13	4.28573e-13	4.28666e-13	4.28753e-13	4.28872e-13	4.28954e-13	4.29034e-13	4.29164e-13	4.29307e-13	4.29479e-13	4.29773e-13	4.31036e-13	4.44569e-13	4.50198e-13	4.50697e-13	4.51018e-13	4.51181e-13	4.51267e-13	4.51349e-13	4.514e-13	4.51438e-13	4.51485e-13	4.51524e-13	4.51542e-13	4.51574e-13	4.51605e-13	4.51635e-13	4.51663e-13	4.51672e-13	4.51693e-13	4.51718e-13	4.51734e-13	4.51746e-13	4.5177e-13	4.51792e-13	4.51797e-13	4.51822e-13	4.51826e-13	4.51852e-13	4.51856e-13	4.51858e-13	4.51887e-13	4.51892e-13	4.5192e-13	4.51923e-13	4.51933e-13	4.51935e-13	4.51966e-13	4.51968e-13	4.51995e-13	4.51997e-13	4.51999e-13	4.52015e-13	4.52015e-13	4.52015e-13	4.52015e-13
688.294	1.62556e-16	5.01712e-17	5.16314e-17	4.92646e-13	3.3219e-13	3.63772e-13	3.71711e-13	3.76907e-13	3.78716e-13	3.80928e-13	3.82055e-13	3.82917e-13	3.83837e-13	3.84244e-13	3.84835e-13	3.85248e-13	3.85655e-13	3.85856e-13	3.86143e-13	3.86319e-13	3.86486e-13	3.86628e-13	3.86765e-13	3.86851e-13	3.86976e-13	3.87072e-13	3.87136e-13	3.87228e-13	3.87272e-13	3.8733e-13	3.8736e-13	3.87413e-13	3.87451e-13	3.87518e-13	3.88674e-13	4.01663e-13	4.02399e-13	4.02748e-13	4.03106e-13	4.03266e-13	4.03465e-13	4.03644e-13	4.03816e-13	4.04021e-13	4.04212e-13	4.04533e-13	4.04923e-13	4.05402e-13	4.06258e-13	4.09388e-13	4.37183e-13	4.85157e-13	4.88295e-13	4.89899e-13	4.90624e-13	4.90972e-13	4.91232e-13	4.91401e-13	4.9157e-13	4.91672e-13	4.9176e-13	4.91827e-13	4.91901e-13	4.91968e-13	4.92008e-13	4.92061e-13	4.92111e-13	4.92138e-13	4.92177e-13	4.92217e-13	4.92237e-13	4.92281e-13	4.92301e-13	4.92334e-13	4.92343e-13	4.9238e-13	4.92392e-13	4.92425e-13	4.92436e-13	4.92444e-13	4.92483e-13	4.92491e-13	4.92496e-13	4.92537e-13	4.92544e-13	4.92557e-13	4.92562e-13	4.9261e-13	4.92615e-13	4.92622e-13	4.92646e-13	4.92646e-13	4.92646e-13	4.92646e-13
691.304	1.62556e-16	5.49359e-17	5.65159e-17	5.36441e-13	3.04124e-13	3.3342e-13	3.40471e-13	3.45349e-13	3.47004e-13	3.48936e-13	3.5006e-13	3.50753e-13	3.51605e-13	3.51986e-13	3.52451e-13	3.52842e-13	3.5319e-13	3.53364e-13	3.53576e-13	3.5375e-13	3.53858e-13	3.53975e-13	3.54075e-13	3.54157e-13	3.54225e-13	3.54309e-13	3.5435e-13	3.54411e-13	3.54462e-13	3.54505e-13	3.54548e-13	3.54687e-13	3.54897e-13	3.55342e-13	3.57165e-13	4.23645e-13	4.26445e-13	4.27736e-13	4.28511e-13	4.28888e-13	4.29407e-13	4.29662e-13	4.29944e-13	4.30234e-13	4.30501e-13	4.30839e-13	4.31249e-13	4.31796e-13	4.32602e-13	4.35016e-13	4.46546e-13	5.21656e-13	5.29429e-13	5.32423e-13	5.3355e-13	5.34177e-13	5.34479e-13	5.34755e-13	5.34937e-13	5.35088e-13	5.3522e-13	5.35345e-13	5.35443e-13	5.35529e-13	5.356e-13	5.35671e-13	5.35717e-13	5.35777e-13	5.35841e-13	5.3587e-13	5.35912e-13	5.35968e-13	5.36001e-13	5.36036e-13	5.36069e-13	5.36094e-13	5.36133e-13	5.3615e-13	5.36164e-13	5.36209e-13	5.36224e-13	5.36268e-13	5.36276e-13	5.36293e-13	5.36301e-13	5.36357e-13	5.36374e-13	5.36393e-13	5.36395e-13	5.36401e-13	5.36441e-13	5.36441e-13	5.36441e-13	5.36441e-13
694.314	1.62556e-16	4.80025e-17	4.93961e-17	5.05118e-13	3.00818e-13	3.30182e-13	3.36968e-13	3.41905e-13	3.43583e-13	3.45403e-13	3.46619e-13	3.47247e-13	3.48091e-13	3.48513e-13	3.48912e-13	3.49332e-13	3.49663e-13	3.4986e-13	3.50037e-13	3.50234e-13	3.50337e-13	3.50452e-13	3.50542e-13	3.50654e-13	3.50713e-13	3.50812e-13	3.5088e-13	3.50946e-13	3.51056e-13	3.51136e-13	3.51245e-13	3.51464e-13	3.52065e-13	3.52898e-13	3.55676e-13	4.72574e-13	4.83774e-13	4.87767e-13	4.887e-13	4.89335e-13	4.89938e-13	4.90215e-13	4.90623e-13	4.90833e-13	4.91004e-13	4.91212e-13	4.91377e-13	4.91549e-13	4.91722e-13	4.92034e-13	4.92726e-13	5.00146e-13	5.03088e-13	5.03689e-13	5.03921e-13	5.04055e-13	5.04139e-13	5.04213e-13	5.04273e-13	5.04338e-13	5.04397e-13	5.04418e-13	5.04468e-13	5.04518e-13	5.04555e-13	5.04595e-13	5.04626e-13	5.04644e-13	5.04681e-13	5.04718e-13	5.04727e-13	5.04764e-13	5.04796e-13	5.04811e-13	5.04836e-13	5.04856e-13	5.04873e-13	5.049e-13	5.04906e-13	5.04918e-13	5.04954e-13	5.04961e-13	5.04966e-13	5.05009e-13	5.05015e-13	5.05022e-13	5.05022e-13	5.05083e-13	5.05089e-13	5.051e-13	5.05118e-13	5.05118e-13	5.05118e-13	5.05118e-13
697.324	1.62556e-16	6.3709e-17	6.55925e-17	6.62895e-13	2.71219e-13	2.98031e-13	3.03985e-13	3.08501e-13	3.10071e-13	3.1161e-13	3.12785e-13	3.13319e-13	3.14046e-13	3.14477e-13	3.14782e-13	3.15177e-13	3.15454e-13	3.15662e-13	3.15797e-13	3.15983e-13	3.16095e-13	3.16197e-13	3.16277e-13	3.16416e-13	3.16498e-13	3.16609e-13	3.16761e-13	3.16866e-13	3.171e-13	3.17376e-13	3.17687e-13	3.18102e-13	3.19551e-13	3.2103e-13	3.30249e-13	5.63847e-13	6.36651e-13	6.48527e-13	6.51675e-13	6.53063e-13	6.53982e-13	6.5467e-13	6.55409e-13	6.55788e-13	6.56118e-13	6.56608e-13	6.56842e-13	6.5706e-13	6.57256e-13	6.57578e-13	6.57897e-13	6.59262e-13	6.61031e-13	6.61382e-13	6.61518e-13	6.61625e-13	6.61714e-13	6.61804e-13	6.61876e-13	6.61942e-13	6.62006e-13	6.62061e-13	6.62128e-13	6.62189e-13	6.62206e-13	6.62263e-13	6.62305e-13	6.62335e-13	6.6239e-13	6.62409e-13	6.62455e-13	6.62499e-13	6.62514e-13	6.62556e-13	6.62567e-13	6.62603e-13	6.62625e-13	6.62649e-13	6.62662e-13	6.62687e-13	6.62711e-13	6.62746e-13	6.62756e-13	6.62767e-13	6.62776e-13	6.62827e-13	6.62834e-13	6.62852e-13	6.62854e-13	6.62865e-13	6.62895e-13	6.62895e-13	6.62895e-13	6.62895e-13
700.334	1.62556e-16	1.33865e-16	1.38038e-16	1.33662e-12	1.54924e-13	1.70452e-13	1.73784e-13	1.76415e-13	1.77377e-13	1.78221e-13	1.78961e-13	1.79285e-13	1.79708e-13	1.80027e-13	1.8021e-13	1.80502e-13	1.80707e-13	1.80919e-13	1.81048e-13	1.8125e-13	1.81442e-13	1.81593e-13	1.81739e-13	1.82027e-13	1.82323e-13	1.82577e-13	1.8313e-13	1.83611e-13	1.84263e-13	1.85559e-13	1.86618e-13	1.88487e-13	1.91877e-13	1.95826e-13	2.23049e-13	7.5139e-13	1.22928e-12	1.26019e-12	1.27428e-12	1.27815e-12	1.28169e-12	1.28376e-12	1.28522e-12	1.28648e-12	1.28754e-12	1.28859e-12	1.28928e-12	1.28999e-12	1.29068e-12	1.29161e-12	1.29303e-12	1.29817e-12	1.32029e-12	1.33087e-12	1.33225e-12	1.3329e-12	1.33326e-12	1.33362e-12	1.33376e-12	1.33398e-12	1.33422e-12	1.33438e-12	1.33453e-12	1.33468e-12	1.33483e-12	1.33495e-12	1.33502e-12	1.33514e-12	1.33526e-12	1.33533e-12	1.33541e-12	1.3355e-12	1.33561e-12	1.33565e-12	1.33573e-12	1.33579e-12	1.33586e-12	1.33592e-12	1.33594e-12	1.33604e-12	1.33607e-12	1.33613e-12	1.33617e-12	1.33622e-12	1.33627e-12	1.33633e-12	1.33635e-12	1.33646e-12	1.33647e-12	1.33655e-12	1.33662e-12	1.33662e-12	1.33662e-12	1.33662e-12
703.344	1.62556e-16	9.56575e-17	9.84024e-17	9.68581e-13	1.41585e-13	1.56036e-13	1.59073e-13	1.61583e-13	1.62582e-13	1.63368e-13	1.64167e-13	1.64532e-13	1.64962e-13	1.65372e-13	1.65584e-13	1.65943e-13	1.66193e-13	1.66486e-13	1.66673e-13	1.66896e-13	1.67177e-13	1.67354e-13	1.67553e-13	1.6781e-13	1.68194e-13	1.68444e-13	1.68882e-13	1.69458e-13	1.69893e-13	1.70841e-13	1.71496e-13	1.73342e-13	1.75095e-13	1.78092e-13	1.88262e-13	3.74078e-13	8.35722e-13	8.5713e-13	8.65424e-13	8.68268e-13	8.71253e-13	8.72414e-13	8.73531e-13	8.7435e-13	8.74968e-13	8.75532e-13	8.76104e-13	8.76683e-13	8.773e-13	8.78058e-13	8.79798e-13	8.84314e-13	9.10569e-13	9.58548e-13	9.62686e-13	9.64124e-13	9.64694e-13	9.65246e-13	9.65549e-13	9.6584e-13	9.66077e-13	9.66253e-13	9.66436e-13	9.66604e-13	9.66725e-13	9.6686e-13	9.66953e-13	9.67039e-13	9.67167e-13	9.67259e-13	9.67336e-13	9.67433e-13	9.67513e-13	9.67584e-13	9.67647e-13	9.67744e-13	9.67774e-13	9.67862e-13	9.67906e-13	9.67949e-13	9.68046e-13	9.68082e-13	9.68118e-13	9.68203e-13	9.68231e-13	9.68305e-13	9.68311e-13	9.68411e-13	9.68457e-13	9.68466e-13	9.68581e-13	9.68581e-13	9.68581e-13	9.68581e-13
706.355	1.62556e-16	5.1352e-17	5.26317e-17	5.43402e-13	1.99284e-13	2.19806e-13	2.23955e-13	2.27414e-13	2.28866e-13	2.29847e-13	2.30912e-13	2.31419e-13	2.31895e-13	2.32415e-13	2.32672e-13	2.33042e-13	2.33296e-13	2.3357e-13	2.33767e-13	2.33923e-13	2.34145e-13	2.34276e-13	2.3443e-13	2.34555e-13	2.3477e-13	2.34937e-13	2.3509e-13	2.35364e-13	2.35575e-13	2.35838e-13	2.36067e-13	2.36701e-13	2.37438e-13	2.38461e-13	2.40275e-13	2.63495e-13	4.28199e-13	4.47331e-13	4.49437e-13	4.506e-13	4.51468e-13	4.51909e-13	4.52442e-13	4.52717e-13	4.52958e-13	4.53288e-13	4.53567e-13	4.53879e-13	4.54233e-13	4.54764e-13	4.55764e-13	4.5873e-13	4.67341e-13	5.29766e-13	5.37888e-13	5.39662e-13	5.40299e-13	5.40887e-13	5.41168e-13	5.41453e-13	5.41637e-13	5.41794e-13	5.41929e-13	5.42045e-13	5.42135e-13	5.42238e-13	5.42303e-13	5.42378e-13	5.42464e-13	5.425e-13	5.42581e-13	5.42646e-13	5.42692e-13	5.42736e-13	5.42786e-13	5.42832e-13	5.42892e-13	5.42916e-13	5.42948e-13	5.43006e-13	5.43038e-13	5.43093e-13	5.43111e-13	5.43148e-13	5.43167e-13	5.43227e-13	5.43255e-13	5.43309e-13	5.43321e-13	5.43384e-13	5.43402e-13	5.43402e-13	5.43402e-13	5.43402e-13
709.365	1.62556e-16	4.89037e-17	4.97867e-17	5.02319e-13	2.0436e-13	2.25628e-13	2.298e-13	2.33305e-13	2.34881e-13	2.35813e-13	2.36882e-13	2.37441e-13	2.3786e-13	2.38378e-13	2.38657e-13	2.38979e-13	2.39225e-13	2.39449e-13	2.39651e-13	2.39773e-13	2.39941e-13	2.40056e-13	2.40184e-13	2.40272e-13	2.40397e-13	2.40535e-13	2.40617e-13	2.40751e-13	2.40899e-13	2.41004e-13	2.41128e-13	2.41335e-13	2.41723e-13	2.42064e-13	2.42908e-13	2.45902e-13	3.056e-13	3.2602e-13	3.27424e-13	3.28011e-13	3.28378e-13	3.28694e-13	3.29015e-13	3.29243e-13	3.29499e-13	3.29824e-13	3.30135e-13	3.30555e-13	3.31105e-13	3.31892e-13	3.33178e-13	3.36796e-13	3.44004e-13	4.45007e-13	4.90536e-13	4.95699e-13	4.97184e-13	4.98401e-13	4.98957e-13	4.99478e-13	4.99852e-13	5.00101e-13	5.0032e-13	5.00512e-13	5.00683e-13	5.00831e-13	5.00952e-13	5.01024e-13	5.01142e-13	5.01249e-13	5.01305e-13	5.01387e-13	5.01471e-13	5.01517e-13	5.01595e-13	5.01661e-13	5.01707e-13	5.01766e-13	5.01807e-13	5.01848e-13	5.01918e-13	5.01939e-13	5.01961e-13	5.0206e-13	5.0207e-13	5.021e-13	5.02145e-13	5.02217e-13	5.02254e-13	5.0228e-13	5.02319e-13	5.02319e-13	5.02319e-13	5.02319e-13
712.375	1.62556e-16	7.45224e-17	7.59138e-17	7.33955e-13	1.80335e-13	1.99281e-13	2.02903e-13	2.0594e-13	2.07402e-13	2.08172e-13	2.09074e-13	2.09601e-13	2.09924e-13	2.10349e-13	2.10612e-13	2.1085e-13	2.11061e-13	2.11214e-13	2.11384e-13	2.11483e-13	2.1159e-13	2.11683e-13	2.11777e-13	2.11859e-13	2.11931e-13	2.12044e-13	2.12127e-13	2.12212e-13	2.12366e-13	2.12497e-13	2.12653e-13	2.12843e-13	2.13364e-13	2.13773e-13	2.1569e-13	2.19715e-13	3.12081e-13	3.99666e-13	4.0541e-13	4.06705e-13	4.07841e-13	4.08534e-13	4.09126e-13	4.09668e-13	4.10188e-13	4.10731e-13	4.11266e-13	4.1199e-13	4.13006e-13	4.1425e-13	4.16359e-13	4.2152e-13	4.29899e-13	5.30779e-13	7.04291e-13	7.1907e-13	7.22798e-13	7.25738e-13	7.27015e-13	7.28235e-13	7.28952e-13	7.29465e-13	7.29929e-13	7.30327e-13	7.30632e-13	7.30941e-13	7.31206e-13	7.3142e-13	7.31601e-13	7.31799e-13	7.31955e-13	7.32141e-13	7.32229e-13	7.32407e-13	7.32504e-13	7.32629e-13	7.32711e-13	7.3282e-13	7.32882e-13	7.33005e-13	7.33083e-13	7.33222e-13	7.3328e-13	7.33317e-13	7.33392e-13	7.33562e-13	7.33582e-13	7.33611e-13	7.33722e-13	7.33732e-13	7.33955e-13	7.33955e-13	7.33955e-13	7.33955e-13
715.385	1.62556e-16	4.09496e-17	4.16486e-17	4.75472e-13	2.07732e-13	2.2977e-13	2.33903e-13	2.37343e-13	2.39123e-13	2.39979e-13	2.40977e-13	2.41637e-13	2.41984e-13	2.42441e-13	2.42778e-13	2.43025e-13	2.43276e-13	2.43423e-13	2.43609e-13	2.43732e-13	2.43828e-13	2.43929e-13	2.44016e-13	2.44118e-13	2.4418e-13	2.44276e-13	2.44377e-13	2.44444e-13	2.44565e-13	2.44718e-13	2.44849e-13	2.45042e-13	2.45375e-13	2.45862e-13	2.47313e-13	2.52469e-13	3.02137e-13	4.3542e-13	4.42376e-13	4.43903e-13	4.45477e-13	4.45997e-13	4.46587e-13	4.46953e-13	4.47216e-13	4.47495e-13	4.47716e-13	4.4792e-13	4.4811e-13	4.48321e-13	4.48556e-13	4.48923e-13	4.4942e-13	4.52333e-13	4.70167e-13	4.72667e-13	4.73161e-13	4.73547e-13	4.73729e-13	4.73914e-13	4.74036e-13	4.7415e-13	4.7425e-13	4.74337e-13	4.74402e-13	4.74494e-13	4.7453e-13	4.74604e-13	4.7467e-13	4.74703e-13	4.7476e-13	4.74813e-13	4.74872e-13	4.74891e-13	4.74956e-13	4.74971e-13	4.75034e-13	4.75054e-13	4.75071e-13	4.75115e-13	4.75166e-13	4.75193e-13	4.75204e-13	4.75283e-13	4.75287e-13	4.75302e-13	4.75312e-13	4.75441e-13	4.75453e-13	4.75465e-13	4.75472e-13	4.75472e-13	4.75472e-13	4.75472e-13
718.395	1.62556e-16	3.82498e-17	3.88333e-17	4.59485e-13	2.05142e-13	2.27105e-13	2.31162e-13	2.3449e-13	2.36337e-13	2.37169e-13	2.38102e-13	2.38798e-13	2.39135e-13	2.39543e-13	2.39901e-13	2.40127e-13	2.4038e-13	2.40507e-13	2.4067e-13	2.40803e-13	2.40884e-13	2.40974e-13	2.41041e-13	2.41143e-13	2.41204e-13	2.41269e-13	2.41364e-13	2.41434e-13	2.41513e-13	2.41659e-13	2.41754e-13	2.41996e-13	2.42238e-13	2.42642e-13	2.43613e-13	2.48592e-13	2.68032e-13	4.41887e-13	4.48045e-13	4.50337e-13	4.5197e-13	4.5261e-13	4.53439e-13	4.53777e-13	4.5404e-13	4.54459e-13	4.54648e-13	4.54807e-13	4.54951e-13	4.55198e-13	4.55321e-13	4.55433e-13	4.55555e-13	4.55757e-13	4.57223e-13	4.57956e-13	4.58109e-13	4.5823e-13	4.58264e-13	4.5836e-13	4.58446e-13	4.58482e-13	4.58545e-13	4.58612e-13	4.58671e-13	4.58725e-13	4.58765e-13	4.58789e-13	4.58844e-13	4.589e-13	4.58911e-13	4.58974e-13	4.59006e-13	4.59047e-13	4.59063e-13	4.59117e-13	4.59125e-13	4.59182e-13	4.59189e-13	4.59201e-13	4.59251e-13	4.5928e-13	4.59286e-13	4.59325e-13	4.59326e-13	4.59394e-13	4.59398e-13	4.59418e-13	4.59421e-13	4.5943e-13	4.59485e-13	4.59485e-13	4.59485e-13	4.59485e-13
721.405	1.62556e-16	4.27202e-17	4.34273e-17	5.13893e-13	1.9373e-13	2.14645e-13	2.18468e-13	2.2153e-13	2.23347e-13	2.24134e-13	2.24955e-13	2.2564e-13	2.25965e-13	2.26303e-13	2.26648e-13	2.26855e-13	2.27086e-13	2.27201e-13	2.27328e-13	2.27456e-13	2.27531e-13	2.27602e-13	2.27655e-13	2.2774e-13	2.27809e-13	2.27857e-13	2.27938e-13	2.28029e-13	2.28099e-13	2.28234e-13	2.28331e-13	2.28643e-13	2.29006e-13	2.29541e-13	2.30406e-13	2.34441e-13	2.42184e-13	4.87592e-13	4.97801e-13	5.01156e-13	5.02835e-13	5.03938e-13	5.04891e-13	5.05381e-13	5.05834e-13	5.06352e-13	5.06609e-13	5.06866e-13	5.0711e-13	5.07408e-13	5.07589e-13	5.07786e-13	5.08013e-13	5.08342e-13	5.09967e-13	5.12202e-13	5.12416e-13	5.12541e-13	5.12627e-13	5.12732e-13	5.12811e-13	5.12836e-13	5.12925e-13	5.13007e-13	5.13022e-13	5.13094e-13	5.13152e-13	5.13178e-13	5.13252e-13	5.1327e-13	5.1333e-13	5.13385e-13	5.13402e-13	5.13449e-13	5.13479e-13	5.13508e-13	5.13556e-13	5.13568e-13	5.13571e-13	5.13638e-13	5.13644e-13	5.13706e-13	5.13712e-13	5.13736e-13	5.13739e-13	5.13794e-13	5.13803e-13	5.13865e-13	5.13876e-13	5.13877e-13	5.13893e-13	5.13893e-13	5.13893e-13	5.13893e-13
724.415	1.62556e-16	5.4742e-17	5.55879e-17	6.48256e-13	1.69539e-13	1.87978e-13	1.91324e-13	1.93922e-13	1.95559e-13	1.96259e-13	1.96917e-13	1.97523e-13	1.9782e-13	1.98074e-13	1.98365e-13	1.98544e-13	1.98728e-13	1.98831e-13	1.98918e-13	1.99022e-13	1.99092e-13	1.99145e-13	1.99191e-13	1.99255e-13	1.99332e-13	1.99385e-13	1.99457e-13	1.99582e-13	1.99697e-13	1.99841e-13	2e-13	2.00384e-13	2.01088e-13	2.01767e-13	2.03386e-13	2.0672e-13	2.15056e-13	5.73372e-13	6.15194e-13	6.19928e-13	6.23119e-13	6.24848e-13	6.26031e-13	6.2695e-13	6.27714e-13	6.2829e-13	6.28801e-13	6.29277e-13	6.29666e-13	6.30054e-13	6.30415e-13	6.30796e-13	6.31213e-13	6.3182e-13	6.3411e-13	6.4481e-13	6.46096e-13	6.46408e-13	6.46599e-13	6.46736e-13	6.46851e-13	6.46966e-13	6.47069e-13	6.47153e-13	6.47216e-13	6.47314e-13	6.47327e-13	6.47411e-13	6.47483e-13	6.47523e-13	6.47558e-13	6.47627e-13	6.477e-13	6.47709e-13	6.47778e-13	6.47802e-13	6.47847e-13	6.47894e-13	6.47904e-13	6.47922e-13	6.47998e-13	6.48004e-13	6.48007e-13	6.48093e-13	6.481e-13	6.48115e-13	6.48123e-13	6.48207e-13	6.48219e-13	6.48231e-13	6.48256e-13	6.48256e-13	6.48256e-13	6.48256e-13
727.425	1.62556e-16	8.04773e-17	8.18313e-17	9.3507e-13	1.17516e-13	1.30373e-13	1.32694e-13	1.34427e-13	1.35576e-13	1.36069e-13	1.36479e-13	1.36885e-13	1.37098e-13	1.37246e-13	1.37426e-13	1.37549e-13	1.3766e-13	1.37735e-13	1.37787e-13	1.37855e-13	1.37919e-13	1.37962e-13	1.38012e-13	1.38068e-13	1.38169e-13	1.3827e-13	1.38365e-13	1.38562e-13	1.38829e-13	1.39069e-13	1.39418e-13	1.3992e-13	1.41174e-13	1.42058e-13	1.4558e-13	1.50926e-13	1.68499e-13	6.8341e-13	8.58006e-13	8.6802e-13	8.76599e-13	8.79132e-13	8.81785e-13	8.83334e-13	8.84424e-13	8.85603e-13	8.86492e-13	8.87201e-13	8.87784e-13	8.88629e-13	8.89263e-13	8.89887e-13	8.90626e-13	8.91788e-13	8.94683e-13	9.21003e-13	9.31035e-13	9.32119e-13	9.32591e-13	9.32901e-13	9.33162e-13	9.33279e-13	9.33455e-13	9.33611e-13	9.33736e-13	9.33848e-13	9.33947e-13	9.33978e-13	9.34095e-13	9.34198e-13	9.34232e-13	9.34355e-13	9.34389e-13	9.3448e-13	9.34492e-13	9.34591e-13	9.34609e-13	9.34681e-13	9.34692e-13	9.34741e-13	9.34781e-13	9.34862e-13	9.3487e-13	9.34885e-13	9.3489e-13	9.35004e-13	9.35019e-13	9.35032e-13	9.35035e-13	9.35045e-13	9.3507e-13	9.3507e-13	9.3507e-13	9.3507e-13
730.435	1.62556e-16	1.18852e-16	1.21127e-16	1.36656e-12	3.41438e-14	3.7898e-14	3.85751e-14	3.90591e-14	3.93968e-14	3.95463e-14	3.9657e-14	3.97765e-14	3.985e-14	3.9896e-14	3.99582e-14	4.00168e-14	4.00737e-14	4.01338e-14	4.01791e-14	4.0246e-14	4.03426e-14	4.04132e-14	4.05177e-14	4.06151e-14	4.07962e-14	4.10506e-14	4.12598e-14	4.15743e-14	4.21521e-14	4.27233e-14	4.34012e-14	4.42333e-14	4.59261e-14	4.73511e-14	5.27708e-14	6.42023e-14	8.87959e-14	6.80474e-13	1.20409e-12	1.2309e-12	1.24662e-12	1.25112e-12	1.25672e-12	1.25889e-12	1.26054e-12	1.26302e-12	1.26418e-12	1.2652e-12	1.26625e-12	1.26767e-12	1.2687e-12	1.26978e-12	1.27109e-12	1.2731e-12	1.27742e-12	1.31095e-12	1.35781e-12	1.36123e-12	1.36273e-12	1.36341e-12	1.36384e-12	1.36406e-12	1.3644e-12	1.36465e-12	1.36473e-12	1.36494e-12	1.36507e-12	1.36516e-12	1.36534e-12	1.36538e-12	1.36551e-12	1.36563e-12	1.36569e-12	1.36575e-12	1.36585e-12	1.36588e-12	1.36599e-12	1.36601e-12	1.36602e-12	1.36612e-12	1.36616e-12	1.36622e-12	1.36623e-12	1.36631e-12	1.36633e-12	1.36636e-12	1.36636e-12	1.36649e-12	1.36652e-12	1.36652e-12	1.36656e-12	1.36656e-12	1.36656e-12	1.36656e-12
733.445	1.62556e-16	1.13485e-16	1.15648e-16	1.31841e-12	3.43388e-14	3.82298e-14	3.89777e-14	3.95223e-14	3.99611e-14	4.01896e-14	4.0356e-14	4.05665e-14	4.0733e-14	4.08376e-14	4.09778e-14	4.11441e-14	4.1285e-14	4.14532e-14	4.15781e-14	4.17141e-14	4.19217e-14	4.20711e-14	4.228e-14	4.24669e-14	4.27044e-14	4.31023e-14	4.34756e-14	4.38187e-14	4.44679e-14	4.53117e-14	4.59794e-14	4.71502e-14	4.84787e-14	5.06137e-14	5.40819e-14	6.53883e-14	7.93355e-14	4.05915e-13	1.13691e-12	1.17083e-12	1.18295e-12	1.18867e-12	1.19351e-12	1.19571e-12	1.19761e-12	1.19968e-12	1.20077e-12	1.20192e-12	1.20307e-12	1.2041e-12	1.20519e-12	1.20628e-12	1.2076e-12	1.20939e-12	1.21273e-12	1.22878e-12	1.30425e-12	1.31192e-12	1.31471e-12	1.3155e-12	1.31601e-12	1.31646e-12	1.31672e-12	1.31692e-12	1.31707e-12	1.31725e-12	1.3173e-12	1.31743e-12	1.31753e-12	1.31762e-12	1.31766e-12	1.31776e-12	1.31784e-12	1.31788e-12	1.31794e-12	1.31799e-12	1.31802e-12	1.31809e-12	1.3181e-12	1.31812e-12	1.31819e-12	1.31821e-12	1.31822e-12	1.31827e-12	1.31828e-12	1.31832e-12	1.31833e-12	1.31836e-12	1.31837e-12	1.31837e-12	1.31841e-12	1.31841e-12	1.31841e-12	1.31841e-12
736.455	1.62556e-16	7.29807e-17	7.41721e-17	8.76343e-13	1.15773e-13	1.28847e-13	1.31333e-13	1.33018e-13	1.34376e-13	1.35086e-13	1.35531e-13	1.36061e-13	1.36497e-13	1.36745e-13	1.37014e-13	1.37355e-13	1.37591e-13	1.37868e-13	1.38081e-13	1.38253e-13	1.38498e-13	1.3869e-13	1.38918e-13	1.39158e-13	1.39356e-13	1.39685e-13	1.40074e-13	1.40369e-13	1.40764e-13	1.41415e-13	1.41794e-13	1.42782e-13	1.43681e-13	1.44971e-13	1.46686e-13	1.51649e-13	1.56583e-13	2.42161e-13	7.61954e-13	7.81041e-13	7.8764e-13	7.91207e-13	7.93352e-13	7.94823e-13	7.95959e-13	7.96834e-13	7.97562e-13	7.98256e-13	7.98839e-13	7.99391e-13	8.00015e-13	8.00611e-13	8.01292e-13	8.02252e-13	8.03933e-13	8.08747e-13	8.54954e-13	8.70893e-13	8.73773e-13	8.74496e-13	8.74941e-13	8.75241e-13	8.75413e-13	8.75553e-13	8.75661e-13	8.75747e-13	8.75818e-13	8.75844e-13	8.7591e-13	8.75968e-13	8.75995e-13	8.76048e-13	8.76063e-13	8.76108e-13	8.7612e-13	8.76151e-13	8.76173e-13	8.76188e-13	8.76201e-13	8.76222e-13	8.76231e-13	8.7626e-13	8.76266e-13	8.76273e-13	8.7628e-13	8.76302e-13	8.76306e-13	8.76324e-13	8.76325e-13	8.76339e-13	8.76343e-13	8.76343e-13	8.76343e-13	8.76343e-13
739.465	1.62556e-16	4.84998e-17	4.90667e-17	6.08063e-13	1.70022e-13	1.89271e-13	1.92959e-13	1.95322e-13	1.97267e-13	1.9833e-13	1.98932e-13	1.99616e-13	2.00225e-13	2.00573e-13	2.0088e-13	2.01308e-13	2.01584e-13	2.01887e-13	2.02152e-13	2.02333e-13	2.02551e-13	2.02752e-13	2.02949e-13	2.03207e-13	2.03385e-13	2.03607e-13	2.03932e-13	2.04214e-13	2.04455e-13	2.04853e-13	2.051e-13	2.05747e-13	2.06478e-13	2.07169e-13	2.08315e-13	2.10154e-13	2.13107e-13	2.30264e-13	5.35353e-13	5.4751e-13	5.53216e-13	5.54877e-13	5.56138e-13	5.56902e-13	5.57416e-13	5.57912e-13	5.58294e-13	5.586e-13	5.58867e-13	5.59215e-13	5.59509e-13	5.59828e-13	5.60189e-13	5.60693e-13	5.61541e-13	5.63586e-13	5.8113e-13	6.02365e-13	6.0619e-13	6.06813e-13	6.07199e-13	6.07389e-13	6.07515e-13	6.07609e-13	6.07662e-13	6.07721e-13	6.07766e-13	6.07795e-13	6.07828e-13	6.07848e-13	6.07874e-13	6.07897e-13	6.07911e-13	6.07927e-13	6.07943e-13	6.07952e-13	6.07969e-13	6.07976e-13	6.07981e-13	6.07994e-13	6.08001e-13	6.08007e-13	6.08013e-13	6.08023e-13	6.08026e-13	6.08033e-13	6.08037e-13	6.08047e-13	6.08049e-13	6.08054e-13	6.08063e-13	6.08063e-13	6.08063e-13	6.08063e-13
742.475	1.62556e-16	3.67118e-17	3.69949e-17	4.80229e-13	1.98862e-13	2.21455e-13	2.25844e-13	2.28512e-13	2.30752e-13	2.32045e-13	2.3273e-13	2.33455e-13	2.34157e-13	2.34581e-13	2.34891e-13	2.35348e-13	2.3565e-13	2.3594e-13	2.36231e-13	2.3643e-13	2.36615e-13	2.36812e-13	2.36976e-13	2.3723e-13	2.37419e-13	2.37578e-13	2.37823e-13	2.38096e-13	2.38299e-13	2.38537e-13	2.38754e-13	2.39131e-13	2.39705e-13	2.40049e-13	2.40992e-13	2.42046e-13	2.44167e-13	2.49257e-13	4.20404e-13	4.37313e-13	4.42391e-13	4.43357e-13	4.44336e-13	4.44715e-13	4.44996e-13	4.45341e-13	4.45533e-13	4.45691e-13	4.45865e-13	4.46065e-13	4.46231e-13	4.4643e-13	4.46654e-13	4.46951e-13	4.47403e-13	4.48354e-13	4.53327e-13	4.70842e-13	4.78485e-13	4.79171e-13	4.79529e-13	4.79725e-13	4.79823e-13	4.79892e-13	4.79943e-13	4.79987e-13	4.80015e-13	4.80043e-13	4.8006e-13	4.8008e-13	4.80095e-13	4.80107e-13	4.80123e-13	4.80131e-13	4.8014e-13	4.8015e-13	4.80157e-13	4.80168e-13	4.80172e-13	4.80177e-13	4.80184e-13	4.80189e-13	4.80192e-13	4.80199e-13	4.80203e-13	4.80209e-13	4.8021e-13	4.80216e-13	4.80222e-13	4.80223e-13	4.80229e-13	4.80229e-13	4.80229e-13	4.80229e-13
745.485	1.62556e-16	3.06666e-17	3.08516e-17	4.16399e-13	2.15496e-13	2.40063e-13	2.4492e-13	2.47725e-13	2.50115e-13	2.51575e-13	2.52321e-13	2.53042e-13	2.53788e-13	2.5428e-13	2.54593e-13	2.55048e-13	2.55378e-13	2.55642e-13	2.5594e-13	2.56164e-13	2.56332e-13	2.56518e-13	2.5666e-13	2.56888e-13	2.57096e-13	2.57239e-13	2.57413e-13	2.57655e-13	2.57867e-13	2.58038e-13	2.5824e-13	2.58462e-13	2.58854e-13	2.59136e-13	2.59759e-13	2.6067e-13	2.61903e-13	2.656e-13	3.56749e-13	3.83504e-13	3.8698e-13	3.87831e-13	3.88483e-13	3.8873e-13	3.88943e-13	3.89146e-13	3.89267e-13	3.8938e-13	3.89507e-13	3.89618e-13	3.89734e-13	3.89867e-13	3.90007e-13	3.90194e-13	3.9048e-13	3.91017e-13	3.92538e-13	4.0167e-13	4.14469e-13	4.15344e-13	4.15748e-13	4.15935e-13	4.16028e-13	4.16094e-13	4.16143e-13	4.1618e-13	4.16209e-13	4.1623e-13	4.16247e-13	4.16264e-13	4.16278e-13	4.1629e-13	4.16299e-13	4.1631e-13	4.16316e-13	4.16325e-13	4.16334e-13	4.16339e-13	4.16344e-13	4.16351e-13	4.16353e-13	4.16364e-13	4.16366e-13	4.16369e-13	4.16373e-13	4.1638e-13	4.16382e-13	4.16387e-13	4.16391e-13	4.16396e-13	4.16399e-13	4.16399e-13	4.16399e-13	4.16399e-13
748.495	1.62556e-16	2.73205e-17	2.74906e-17	3.82389e-13	2.25967e-13	2.51809e-13	2.57022e-13	2.59887e-13	2.62348e-13	2.63939e-13	2.64743e-13	2.65442e-13	2.66201e-13	2.66753e-13	2.6708e-13	2.67515e-13	2.67876e-13	2.68114e-13	2.68401e-13	2.6865e-13	2.68819e-13	2.68989e-13	2.69126e-13	2.69314e-13	2.69528e-13	2.69685e-13	2.69817e-13	2.70007e-13	2.70223e-13	2.70386e-13	2.70556e-13	2.7073e-13	2.70969e-13	2.71215e-13	2.71591e-13	2.72335e-13	2.72919e-13	2.75787e-13	3.20202e-13	3.54713e-13	3.5667e-13	3.57394e-13	3.57752e-13	3.57951e-13	3.58104e-13	3.58218e-13	3.58306e-13	3.5839e-13	3.58472e-13	3.58549e-13	3.58631e-13	3.58723e-13	3.58831e-13	3.58966e-13	3.59167e-13	3.59535e-13	3.60421e-13	3.63623e-13	3.79477e-13	3.81084e-13	3.8171e-13	3.81885e-13	3.81993e-13	3.82067e-13	3.82117e-13	3.82158e-13	3.82189e-13	3.82213e-13	3.82229e-13	3.82246e-13	3.82263e-13	3.82273e-13	3.82285e-13	3.82292e-13	3.82303e-13	3.82311e-13	3.82319e-13	3.82325e-13	3.82329e-13	3.82336e-13	3.82343e-13	3.82347e-13	3.8235e-13	3.82359e-13	3.82362e-13	3.82365e-13	3.8237e-13	3.82377e-13	3.82383e-13	3.82385e-13	3.82389e-13	3.82389e-13	3.82389e-13	3.82389e-13
751.505	1.62556e-16	2.54985e-17	2.56857e-17	3.64367e-13	2.32445e-13	2.59098e-13	2.64593e-13	2.67475e-13	2.69954e-13	2.71644e-13	2.72509e-13	2.73182e-13	2.73929e-13	2.74528e-13	2.74881e-13	2.75286e-13	2.75674e-13	2.75897e-13	2.76159e-13	2.76422e-13	2.76607e-13	2.7676e-13	2.76903e-13	2.77053e-13	2.77251e-13	2.77427e-13	2.7755e-13	2.77691e-13	2.77883e-13	2.78059e-13	2.78183e-13	2.78364e-13	2.78527e-13	2.78727e-13	2.78971e-13	2.79462e-13	2.79786e-13	2.81486e-13	3.00441e-13	3.35854e-13	3.37632e-13	3.3811e-13	3.38339e-13	3.38484e-13	3.3858e-13	3.38665e-13	3.38728e-13	3.3879e-13	3.38845e-13	3.38915e-13	3.38978e-13	3.39048e-13	3.39155e-13	3.39275e-13	3.3945e-13	3.3974e-13	3.40335e-13	3.41687e-13	3.57227e-13	3.62402e-13	3.63444e-13	3.63704e-13	3.63855e-13	3.63953e-13	3.64022e-13	3.64074e-13	3.6411e-13	3.64143e-13	3.64167e-13	3.64186e-13	3.64202e-13	3.64218e-13	3.64233e-13	3.64243e-13	3.64256e-13	3.64265e-13	3.64272e-13	3.64282e-13	3.64288e-13	3.64294e-13	3.64303e-13	3.64311e-13	3.64314e-13	3.64319e-13	3.64325e-13	3.64337e-13	3.64339e-13	3.64341e-13	3.64348e-13	3.64349e-13	3.64367e-13	3.64367e-13	3.64367e-13	3.64367e-13
754.515	1.62556e-16	2.52994e-17	2.5528e-17	3.60816e-13	2.34281e-13	2.61203e-13	2.66884e-13	2.69737e-13	2.72176e-13	2.73921e-13	2.74841e-13	2.75487e-13	2.76197e-13	2.76823e-13	2.77207e-13	2.77578e-13	2.7798e-13	2.78198e-13	2.78429e-13	2.78687e-13	2.78891e-13	2.79029e-13	2.79181e-13	2.79307e-13	2.79472e-13	2.79653e-13	2.79787e-13	2.79897e-13	2.80046e-13	2.80218e-13	2.80305e-13	2.80493e-13	2.80642e-13	2.80807e-13	2.80989e-13	2.81266e-13	2.81552e-13	2.82344e-13	2.89008e-13	3.17757e-13	3.20842e-13	3.21146e-13	3.21359e-13	3.21461e-13	3.21533e-13	3.21612e-13	3.2167e-13	3.21729e-13	3.21786e-13	3.21867e-13	3.2194e-13	3.22019e-13	3.22155e-13	3.22298e-13	3.22513e-13	3.22866e-13	3.23323e-13	3.24788e-13	3.39394e-13	3.55898e-13	3.59057e-13	3.59603e-13	3.59902e-13	3.60093e-13	3.60225e-13	3.60321e-13	3.60394e-13	3.60449e-13	3.60496e-13	3.60523e-13	3.60556e-13	3.60581e-13	3.60603e-13	3.60629e-13	3.60642e-13	3.60658e-13	3.60671e-13	3.60683e-13	3.60693e-13	3.60707e-13	3.60718e-13	3.60732e-13	3.60742e-13	3.60751e-13	3.60756e-13	3.6077e-13	3.60771e-13	3.60791e-13	3.60796e-13	3.60799e-13	3.60816e-13	3.60816e-13	3.60816e-13	3.60816e-13
757.525	1.62556e-16	3.48699e-17	3.53183e-17	4.42566e-13	2.24466e-13	2.50305e-13	2.5589e-13	2.58586e-13	2.60862e-13	2.62564e-13	2.63498e-13	2.64101e-13	2.64738e-13	2.65345e-13	2.65748e-13	2.66077e-13	2.66465e-13	2.66682e-13	2.66877e-13	2.67108e-13	2.67317e-13	2.67441e-13	2.67594e-13	2.67711e-13	2.67837e-13	2.67997e-13	2.68142e-13	2.68244e-13	2.68351e-13	2.68494e-13	2.68565e-13	2.68728e-13	2.68883e-13	2.6899e-13	2.69171e-13	2.69348e-13	2.69611e-13	2.70002e-13	2.71959e-13	2.90684e-13	2.95655e-13	2.96006e-13	2.96259e-13	2.96409e-13	2.96543e-13	2.96679e-13	2.9682e-13	2.96953e-13	2.97114e-13	2.97331e-13	2.97541e-13	2.97783e-13	2.98171e-13	2.98623e-13	2.99255e-13	3.00286e-13	3.01464e-13	3.05148e-13	3.28285e-13	4.02204e-13	4.33965e-13	4.37169e-13	4.38724e-13	4.39634e-13	4.40244e-13	4.40661e-13	4.4097e-13	4.41206e-13	4.41403e-13	4.41551e-13	4.41645e-13	4.4174e-13	4.41834e-13	4.41912e-13	4.41983e-13	4.42029e-13	4.42079e-13	4.42121e-13	4.42172e-13	4.42209e-13	4.42248e-13	4.42284e-13	4.42319e-13	4.42361e-13	4.42387e-13	4.42413e-13	4.42424e-13	4.42455e-13	4.42482e-13	4.42496e-13	4.42566e-13	4.42566e-13	4.42566e-13	4.42566e-13
760.535	1.62556e-16	2.68866e-17	2.72225e-17	3.95404e-13	2.63327e-13	2.93685e-13	3.00414e-13	3.03554e-13	3.06155e-13	3.08179e-13	3.09346e-13	3.10055e-13	3.10755e-13	3.1147e-13	3.11989e-13	3.12365e-13	3.12818e-13	3.13101e-13	3.13317e-13	3.13566e-13	3.13826e-13	3.13977e-13	3.14164e-13	3.14323e-13	3.14455e-13	3.14624e-13	3.14813e-13	3.1496e-13	3.15076e-13	3.15222e-13	3.15324e-13	3.15494e-13	3.15706e-13	3.15805e-13	3.16068e-13	3.1632e-13	3.16627e-13	3.17138e-13	3.18347e-13	3.37634e-13	3.50009e-13	3.50585e-13	3.50836e-13	3.50942e-13	3.51021e-13	3.51081e-13	3.51139e-13	3.51187e-13	3.51248e-13	3.51311e-13	3.51377e-13	3.51458e-13	3.51558e-13	3.51694e-13	3.51877e-13	3.52151e-13	3.52451e-13	3.53241e-13	3.56076e-13	3.71647e-13	3.91884e-13	3.9339e-13	3.94014e-13	3.94359e-13	3.94581e-13	3.94737e-13	3.94844e-13	3.94932e-13	3.94999e-13	3.95052e-13	3.95079e-13	3.95122e-13	3.95145e-13	3.95176e-13	3.95197e-13	3.95216e-13	3.9523e-13	3.95256e-13	3.95263e-13	3.95282e-13	3.95293e-13	3.95306e-13	3.95319e-13	3.95329e-13	3.95335e-13	3.95356e-13	3.95367e-13	3.95369e-13	3.95376e-13	3.95377e-13	3.95404e-13	3.95404e-13	3.95404e-13	3.95404e-13
763.545	1.62556e-16	2.19515e-17	2.22267e-17	3.49754e-13	2.63879e-13	2.94324e-13	3.01243e-13	3.04374e-13	3.06903e-13	3.08935e-13	3.10169e-13	3.10891e-13	3.11543e-13	3.12238e-13	3.12789e-13	3.13164e-13	3.13593e-13	3.139e-13	3.14112e-13	3.1433e-13	3.14578e-13	3.14733e-13	3.14907e-13	3.15086e-13	3.15212e-13	3.15346e-13	3.15516e-13	3.15676e-13	3.15793e-13	3.15904e-13	3.16014e-13	3.16134e-13	3.16303e-13	3.16387e-13	3.16598e-13	3.16845e-13	3.17019e-13	3.17483e-13	3.18299e-13	3.26653e-13	3.39627e-13	3.4009e-13	3.40217e-13	3.40278e-13	3.40312e-13	3.40336e-13	3.40358e-13	3.40376e-13	3.40394e-13	3.40414e-13	3.40433e-13	3.40457e-13	3.40481e-13	3.40512e-13	3.40556e-13	3.40614e-13	3.40673e-13	3.40812e-13	3.41188e-13	3.42571e-13	3.48546e-13	3.49138e-13	3.49337e-13	3.49436e-13	3.495e-13	3.49542e-13	3.49563e-13	3.49584e-13	3.49603e-13	3.4962e-13	3.49627e-13	3.49643e-13	3.49648e-13	3.49661e-13	3.49665e-13	3.49673e-13	3.49681e-13	3.49687e-13	3.49689e-13	3.49699e-13	3.49703e-13	3.49712e-13	3.49714e-13	3.49721e-13	3.49723e-13	3.49729e-13	3.49731e-13	3.49746e-13	3.49749e-13	3.49752e-13	3.49754e-13	3.49754e-13	3.49754e-13	3.49754e-13
766.555	1.62556e-16	2.06995e-17	2.09799e-17	3.39508e-13	2.64499e-13	2.95027e-13	3.02142e-13	3.05279e-13	3.0774e-13	3.09768e-13	3.11065e-13	3.11816e-13	3.12431e-13	3.13094e-13	3.1367e-13	3.14059e-13	3.14459e-13	3.14789e-13	3.15012e-13	3.15207e-13	3.15434e-13	3.15598e-13	3.15755e-13	3.15949e-13	3.16088e-13	3.16202e-13	3.16344e-13	3.16504e-13	3.16636e-13	3.16737e-13	3.16846e-13	3.16945e-13	3.17068e-13	3.17164e-13	3.17313e-13	3.17528e-13	3.17635e-13	3.18012e-13	3.18741e-13	3.21699e-13	3.33973e-13	3.3428e-13	3.34372e-13	3.34409e-13	3.34429e-13	3.34446e-13	3.34459e-13	3.34471e-13	3.34483e-13	3.34497e-13	3.3451e-13	3.34527e-13	3.34544e-13	3.34561e-13	3.34586e-13	3.34612e-13	3.34648e-13	3.3471e-13	3.34848e-13	3.35122e-13	3.3813e-13	3.39026e-13	3.39189e-13	3.39262e-13	3.3931e-13	3.39333e-13	3.3935e-13	3.39362e-13	3.39379e-13	3.39387e-13	3.39397e-13	3.39408e-13	3.39414e-13	3.3942e-13	3.39429e-13	3.39432e-13	3.39442e-13	3.39446e-13	3.39448e-13	3.39454e-13	3.39464e-13	3.39465e-13	3.39466e-13	3.3948e-13	3.39482e-13	3.39485e-13	3.39486e-13	3.39498e-13	3.39499e-13	3.39502e-13	3.39508e-13	3.39508e-13	3.39508e-13	3.39508e-13
769.565	1.62556e-16	1.99725e-17	2.02621e-17	3.34867e-13	2.65432e-13	2.96065e-13	3.03387e-13	3.06549e-13	3.08947e-13	3.10961e-13	3.12318e-13	3.1311e-13	3.13699e-13	3.14326e-13	3.14913e-13	3.15328e-13	3.15699e-13	3.16043e-13	3.16287e-13	3.16473e-13	3.16674e-13	3.16846e-13	3.16986e-13	3.17182e-13	3.17341e-13	3.17454e-13	3.17569e-13	3.17713e-13	3.17856e-13	3.17965e-13	3.18056e-13	3.18162e-13	3.18256e-13	3.18361e-13	3.18468e-13	3.18625e-13	3.18727e-13	3.18978e-13	3.19524e-13	3.20351e-13	3.30508e-13	3.30775e-13	3.30873e-13	3.30896e-13	3.30911e-13	3.30924e-13	3.30933e-13	3.30944e-13	3.30954e-13	3.30967e-13	3.3098e-13	3.30994e-13	3.31008e-13	3.31022e-13	3.31041e-13	3.31062e-13	3.3109e-13	3.31132e-13	3.31205e-13	3.31337e-13	3.3283e-13	3.34292e-13	3.34531e-13	3.34618e-13	3.34664e-13	3.3469e-13	3.34706e-13	3.34721e-13	3.34736e-13	3.34744e-13	3.34752e-13	3.34762e-13	3.34773e-13	3.34777e-13	3.34785e-13	3.34793e-13	3.34796e-13	3.34808e-13	3.3481e-13	3.34812e-13	3.34821e-13	3.34829e-13	3.34831e-13	3.34834e-13	3.34836e-13	3.34853e-13	3.34855e-13	3.34856e-13	3.34858e-13	3.34858e-13	3.34867e-13	3.34867e-13	3.34867e-13	3.34867e-13
772.575	1.62556e-16	1.94137e-17	1.97102e-17	3.32079e-13	2.66301e-13	2.9702e-13	3.04545e-13	3.07745e-13	3.10085e-13	3.12074e-13	3.1348e-13	3.1432e-13	3.14897e-13	3.15484e-13	3.16069e-13	3.16517e-13	3.16864e-13	3.1721e-13	3.17477e-13	3.17667e-13	3.17846e-13	3.1802e-13	3.1815e-13	3.18332e-13	3.18505e-13	3.18632e-13	3.18733e-13	3.18851e-13	3.18989e-13	3.19111e-13	3.1918e-13	3.19299e-13	3.1939e-13	3.19484e-13	3.19581e-13	3.19689e-13	3.19805e-13	3.19959e-13	3.20289e-13	3.20603e-13	3.27862e-13	3.28322e-13	3.28417e-13	3.28434e-13	3.28446e-13	3.28456e-13	3.28465e-13	3.28475e-13	3.28486e-13	3.28499e-13	3.28512e-13	3.28524e-13	3.28536e-13	3.2855e-13	3.28569e-13	3.2859e-13	3.28613e-13	3.28644e-13	3.287e-13	3.28781e-13	3.29395e-13	3.31066e-13	3.31669e-13	3.31785e-13	3.31847e-13	3.31879e-13	3.31892e-13	3.31907e-13	3.31922e-13	3.31937e-13	3.31941e-13	3.31957e-13	3.31963e-13	3.31975e-13	3.31978e-13	3.31988e-13	3.31996e-13	3.32001e-13	3.32002e-13	3.32015e-13	3.32017e-13	3.32031e-13	3.32032e-13	3.32038e-13	3.3204e-13	3.32048e-13	3.32049e-13	3.32071e-13	3.32075e-13	3.32076e-13	3.32079e-13	3.32079e-13	3.32079e-13	3.32079e-13
775.585	1.62556e-16	1.89436e-17	1.92496e-17	3.30229e-13	2.66983e-13	2.97755e-13	3.05477e-13	3.08722e-13	3.1101e-13	3.12964e-13	3.14406e-13	3.15299e-13	3.15876e-13	3.16426e-13	3.16995e-13	3.17477e-13	3.17808e-13	3.18144e-13	3.1843e-13	3.18634e-13	3.18801e-13	3.18971e-13	3.19098e-13	3.19258e-13	3.19431e-13	3.19574e-13	3.19678e-13	3.19776e-13	3.19895e-13	3.20019e-13	3.20074e-13	3.20196e-13	3.20298e-13	3.20367e-13	3.20472e-13	3.20561e-13	3.20668e-13	3.20785e-13	3.20968e-13	3.21244e-13	3.25655e-13	3.26423e-13	3.26487e-13	3.265e-13	3.2651e-13	3.26519e-13	3.26529e-13	3.26541e-13	3.26551e-13	3.26567e-13	3.26578e-13	3.26589e-13	3.26604e-13	3.26621e-13	3.2664e-13	3.26658e-13	3.26678e-13	3.26707e-13	3.26751e-13	3.2681e-13	3.27063e-13	3.28343e-13	3.29648e-13	3.29861e-13	3.29962e-13	3.29997e-13	3.30019e-13	3.30033e-13	3.30053e-13	3.30065e-13	3.30079e-13	3.30094e-13	3.301e-13	3.3011e-13	3.3012e-13	3.30124e-13	3.30139e-13	3.30143e-13	3.30144e-13	3.30154e-13	3.30167e-13	3.30169e-13	3.30171e-13	3.3019e-13	3.30191e-13	3.30196e-13	3.30197e-13	3.30215e-13	3.30218e-13	3.30218e-13	3.30229e-13	3.30229e-13	3.30229e-13	3.30229e-13
778.595	1.62556e-16	1.85511e-17	1.88809e-17	3.2917e-13	2.67321e-13	2.98094e-13	3.06001e-13	3.093e-13	3.11539e-13	3.13448e-13	3.14913e-13	3.15858e-13	3.16448e-13	3.16965e-13	3.17508e-13	3.18019e-13	3.18345e-13	3.18662e-13	3.18957e-13	3.1918e-13	3.19346e-13	3.19505e-13	3.19638e-13	3.19775e-13	3.19934e-13	3.20087e-13	3.20203e-13	3.20293e-13	3.20389e-13	3.20502e-13	3.20557e-13	3.20665e-13	3.20773e-13	3.20819e-13	3.20928e-13	3.2102e-13	3.21095e-13	3.21207e-13	3.21329e-13	3.21557e-13	3.23753e-13	3.24661e-13	3.24692e-13	3.24702e-13	3.24713e-13	3.24725e-13	3.24737e-13	3.24747e-13	3.24758e-13	3.24778e-13	3.24791e-13	3.24807e-13	3.24826e-13	3.24845e-13	3.24861e-13	3.24879e-13	3.24904e-13	3.24938e-13	3.24972e-13	3.25032e-13	3.25213e-13	3.25917e-13	3.2795e-13	3.28673e-13	3.28831e-13	3.28887e-13	3.28921e-13	3.28943e-13	3.28968e-13	3.2898e-13	3.28998e-13	3.29011e-13	3.29029e-13	3.29034e-13	3.29049e-13	3.29059e-13	3.29065e-13	3.29081e-13	3.29084e-13	3.29087e-13	3.29103e-13	3.29113e-13	3.29115e-13	3.29122e-13	3.29124e-13	3.29149e-13	3.2915e-13	3.29154e-13	3.29154e-13	3.29155e-13	3.2917e-13	3.2917e-13	3.2917e-13	3.2917e-13
781.605	1.62556e-16	1.8417e-17	1.87934e-17	3.30392e-13	2.66447e-13	2.97072e-13	3.05123e-13	3.08469e-13	3.10659e-13	3.12509e-13	3.13978e-13	3.14967e-13	3.15578e-13	3.16068e-13	3.16576e-13	3.17104e-13	3.17437e-13	3.17728e-13	3.18018e-13	3.18258e-13	3.18431e-13	3.18577e-13	3.18718e-13	3.18839e-13	3.18975e-13	3.19122e-13	3.1925e-13	3.19345e-13	3.19426e-13	3.19518e-13	3.19581e-13	3.19665e-13	3.19763e-13	3.19813e-13	3.19897e-13	3.19988e-13	3.20032e-13	3.20134e-13	3.20233e-13	3.20356e-13	3.21205e-13	3.21952e-13	3.21978e-13	3.21994e-13	3.22007e-13	3.2203e-13	3.22044e-13	3.22058e-13	3.22078e-13	3.22101e-13	3.22123e-13	3.22148e-13	3.22171e-13	3.2219e-13	3.22213e-13	3.22244e-13	3.22282e-13	3.22327e-13	3.22381e-13	3.22465e-13	3.22696e-13	3.23184e-13	3.26235e-13	3.29401e-13	3.29781e-13	3.29914e-13	3.29982e-13	3.30029e-13	3.30068e-13	3.30104e-13	3.30126e-13	3.30152e-13	3.30174e-13	3.30193e-13	3.30205e-13	3.30226e-13	3.30236e-13	3.3025e-13	3.30255e-13	3.30274e-13	3.30279e-13	3.30305e-13	3.30309e-13	3.30317e-13	3.3032e-13	3.3034e-13	3.30343e-13	3.30375e-13	3.30379e-13	3.3038e-13	3.30392e-13	3.30392e-13	3.30392e-13	3.30392e-13
784.615	1.62556e-16	1.83342e-17	1.87738e-17	3.39425e-13	2.77061e-13	3.08849e-13	3.17397e-13	3.20948e-13	3.23195e-13	3.25065e-13	3.26593e-13	3.27669e-13	3.28341e-13	3.28839e-13	3.29334e-13	3.29896e-13	3.30264e-13	3.30545e-13	3.30839e-13	3.31103e-13	3.31303e-13	3.31444e-13	3.31603e-13	3.31729e-13	3.31854e-13	3.31997e-13	3.32139e-13	3.32255e-13	3.32342e-13	3.32426e-13	3.32506e-13	3.32581e-13	3.32671e-13	3.32735e-13	3.32811e-13	3.3291e-13	3.32952e-13	3.33061e-13	3.33187e-13	3.33276e-13	3.33939e-13	3.35323e-13	3.35409e-13	3.35423e-13	3.35433e-13	3.35454e-13	3.35466e-13	3.35483e-13	3.35502e-13	3.35521e-13	3.35541e-13	3.35558e-13	3.35571e-13	3.35586e-13	3.35608e-13	3.35631e-13	3.35652e-13	3.35673e-13	3.35701e-13	3.35739e-13	3.35813e-13	3.35942e-13	3.36593e-13	3.3863e-13	3.38995e-13	3.39084e-13	3.3913e-13	3.39157e-13	3.39181e-13	3.39207e-13	3.39224e-13	3.39245e-13	3.39254e-13	3.3927e-13	3.39283e-13	3.3929e-13	3.39308e-13	3.39312e-13	3.39315e-13	3.39331e-13	3.39344e-13	3.39349e-13	3.39352e-13	3.39377e-13	3.39379e-13	3.39382e-13	3.39384e-13	3.39413e-13	3.39415e-13	3.39418e-13	3.39425e-13	3.39425e-13	3.39425e-13	3.39425e-13
787.625	1.62556e-16	1.7676e-17	1.8137e-17	3.37208e-13	2.78455e-13	3.1033e-13	3.19088e-13	3.22732e-13	3.24966e-13	3.26789e-13	3.28307e-13	3.29422e-13	3.30134e-13	3.30632e-13	3.31095e-13	3.31652e-13	3.32046e-13	3.32307e-13	3.32579e-13	3.32843e-13	3.33058e-13	3.33189e-13	3.33349e-13	3.33482e-13	3.33593e-13	3.33713e-13	3.33844e-13	3.33965e-13	3.34057e-13	3.34131e-13	3.34205e-13	3.34271e-13	3.34336e-13	3.34397e-13	3.34455e-13	3.34525e-13	3.34567e-13	3.34634e-13	3.34715e-13	3.34755e-13	3.34967e-13	3.36057e-13	3.36332e-13	3.36366e-13	3.364e-13	3.36436e-13	3.36464e-13	3.36494e-13	3.36516e-13	3.36547e-13	3.36567e-13	3.36581e-13	3.36599e-13	3.36623e-13	3.36646e-13	3.36662e-13	3.36674e-13	3.36692e-13	3.36707e-13	3.3672e-13	3.3674e-13	3.36757e-13	3.36782e-13	3.36904e-13	3.36965e-13	3.36983e-13	3.37002e-13	3.37006e-13	3.37028e-13	3.3703e-13	3.37047e-13	3.37059e-13	3.37072e-13	3.37074e-13	3.37091e-13	3.37095e-13	3.37105e-13	3.37121e-13	3.37122e-13	3.37122e-13	3.37143e-13	3.3715e-13	3.3715e-13	3.37162e-13	3.37162e-13	3.3719e-13	3.3719e-13	3.37191e-13	3.37191e-13	3.37191e-13	3.37208e-13	3.37208e-13	3.37208e-13	3.37208e-13
790.635	1.62556e-16	1.78895e-17	1.83484e-17	3.46794e-13	2.83391e-13	3.15749e-13	3.24823e-13	3.28615e-13	3.30873e-13	3.32671e-13	3.34189e-13	3.35346e-13	3.3611e-13	3.36624e-13	3.37066e-13	3.37612e-13	3.38036e-13	3.3829e-13	3.38541e-13	3.38796e-13	3.39021e-13	3.39149e-13	3.39304e-13	3.39451e-13	3.3956e-13	3.39661e-13	3.39774e-13	3.39889e-13	3.39988e-13	3.40061e-13	3.4012e-13	3.40187e-13	3.4024e-13	3.40294e-13	3.40341e-13	3.40387e-13	3.4043e-13	3.40473e-13	3.40527e-13	3.40571e-13	3.40729e-13	3.43485e-13	3.45418e-13	3.45602e-13	3.45716e-13	3.4579e-13	3.45853e-13	3.45895e-13	3.45922e-13	3.45981e-13	3.46005e-13	3.46033e-13	3.4607e-13	3.46102e-13	3.46124e-13	3.46142e-13	3.46167e-13	3.46196e-13	3.46202e-13	3.46227e-13	3.46258e-13	3.46262e-13	3.46294e-13	3.4639e-13	3.46486e-13	3.46522e-13	3.46536e-13	3.46555e-13	3.46575e-13	3.46583e-13	3.4659e-13	3.4661e-13	3.46627e-13	3.46637e-13	3.46643e-13	3.46663e-13	3.46665e-13	3.46682e-13	3.46683e-13	3.46697e-13	3.46701e-13	3.46728e-13	3.46729e-13	3.46732e-13	3.46732e-13	3.46757e-13	3.46758e-13	3.46787e-13	3.4679e-13	3.46791e-13	3.46794e-13	3.46794e-13	3.46794e-13	3.46794e-13
793.645	1.62556e-16	1.95908e-17	2.01104e-17	3.81397e-13	2.95252e-13	3.28864e-13	3.38475e-13	3.42512e-13	3.44857e-13	3.46672e-13	3.48211e-13	3.49426e-13	3.50256e-13	3.50805e-13	3.51242e-13	3.51775e-13	3.5223e-13	3.52489e-13	3.52722e-13	3.52962e-13	3.53189e-13	3.53319e-13	3.53464e-13	3.5362e-13	3.53736e-13	3.53827e-13	3.53919e-13	3.54018e-13	3.54113e-13	3.54188e-13	3.54229e-13	3.54296e-13	3.54347e-13	3.54387e-13	3.54435e-13	3.54476e-13	3.54522e-13	3.54576e-13	3.54654e-13	3.54811e-13	3.5526e-13	3.64313e-13	3.78362e-13	3.79294e-13	3.79624e-13	3.79892e-13	3.80024e-13	3.80104e-13	3.80189e-13	3.80307e-13	3.80373e-13	3.80448e-13	3.80511e-13	3.80549e-13	3.80585e-13	3.80633e-13	3.80685e-13	3.80719e-13	3.80734e-13	3.8078e-13	3.80812e-13	3.80827e-13	3.80869e-13	3.80919e-13	3.81006e-13	3.81057e-13	3.81064e-13	3.81086e-13	3.81106e-13	3.81132e-13	3.81137e-13	3.8117e-13	3.81174e-13	3.81201e-13	3.81207e-13	3.81221e-13	3.81243e-13	3.81245e-13	3.81247e-13	3.81274e-13	3.81284e-13	3.81297e-13	3.81298e-13	3.8133e-13	3.81331e-13	3.81332e-13	3.81334e-13	3.81379e-13	3.81385e-13	3.81386e-13	3.81397e-13	3.81397e-13	3.81397e-13	3.81397e-13
796.656	1.62556e-16	3.35661e-17	3.45338e-17	6.16541e-13	3.22163e-13	3.58702e-13	3.69333e-13	3.73821e-13	3.76369e-13	3.78279e-13	3.79889e-13	3.81192e-13	3.82112e-13	3.82721e-13	3.83171e-13	3.8369e-13	3.84172e-13	3.84445e-13	3.84666e-13	3.84886e-13	3.85103e-13	3.85238e-13	3.85367e-13	3.85525e-13	3.85649e-13	3.85742e-13	3.85823e-13	3.85911e-13	3.86008e-13	3.86104e-13	3.86148e-13	3.86256e-13	3.8637e-13	3.86449e-13	3.86613e-13	3.8682e-13	3.87042e-13	3.87525e-13	3.88267e-13	3.89814e-13	3.94783e-13	4.38197e-13	5.98617e-13	6.05758e-13	6.07741e-13	6.10053e-13	6.10701e-13	6.11316e-13	6.11942e-13	6.12419e-13	6.12811e-13	6.13101e-13	6.13282e-13	6.1345e-13	6.13657e-13	6.13859e-13	6.14002e-13	6.14101e-13	6.14227e-13	6.14342e-13	6.1443e-13	6.14555e-13	6.14659e-13	6.1484e-13	6.15438e-13	6.158e-13	6.15886e-13	6.15906e-13	6.1598e-13	6.16011e-13	6.16064e-13	6.16112e-13	6.16139e-13	6.16162e-13	6.16211e-13	6.16219e-13	6.16262e-13	6.16291e-13	6.16302e-13	6.16315e-13	6.16365e-13	6.16374e-13	6.16381e-13	6.1642e-13	6.16432e-13	6.16467e-13	6.1648e-13	6.16487e-13	6.16499e-13	6.16506e-13	6.16541e-13	6.16541e-13	6.16541e-13	6.16541e-13
799.666	1.62556e-16	3.88318e-17	4.00087e-17	6.72921e-13	1.74021e-13	1.93768e-13	1.99671e-13	2.02218e-13	2.03661e-13	2.0473e-13	2.05644e-13	2.06425e-13	2.0702e-13	2.07439e-13	2.07747e-13	2.08091e-13	2.08461e-13	2.08698e-13	2.08888e-13	2.09078e-13	2.09287e-13	2.09449e-13	2.09596e-13	2.09806e-13	2.10015e-13	2.10199e-13	2.10362e-13	2.10534e-13	2.10749e-13	2.11016e-13	2.11152e-13	2.11476e-13	2.11884e-13	2.12069e-13	2.12647e-13	2.13391e-13	2.13844e-13	2.15278e-13	2.17458e-13	2.20057e-13	2.31189e-13	2.66302e-13	6.2996e-13	6.45797e-13	6.51274e-13	6.55842e-13	6.57294e-13	6.58638e-13	6.59568e-13	6.6027e-13	6.60791e-13	6.61092e-13	6.61373e-13	6.61705e-13	6.62002e-13	6.62216e-13	6.62381e-13	6.6258e-13	6.62749e-13	6.62917e-13	6.63107e-13	6.63304e-13	6.63526e-13	6.63955e-13	6.66123e-13	6.70324e-13	6.71546e-13	6.71816e-13	6.71992e-13	6.72038e-13	6.72136e-13	6.72216e-13	6.72284e-13	6.72326e-13	6.72374e-13	6.72427e-13	6.72452e-13	6.72523e-13	6.72542e-13	6.72575e-13	6.72612e-13	6.72664e-13	6.72682e-13	6.72705e-13	6.72725e-13	6.72787e-13	6.72816e-13	6.72854e-13	6.72883e-13	6.72893e-13	6.72921e-13	6.72921e-13	6.72921e-13	6.72921e-13
802.676	1.62556e-16	1.90262e-17	1.96015e-17	3.73198e-13	2.22821e-13	2.47997e-13	2.55633e-13	2.58948e-13	2.60797e-13	2.62122e-13	2.63231e-13	2.64188e-13	2.64935e-13	2.65469e-13	2.65849e-13	2.66227e-13	2.66644e-13	2.66924e-13	2.67135e-13	2.67324e-13	2.67519e-13	2.67686e-13	2.67818e-13	2.67993e-13	2.68171e-13	2.6833e-13	2.68461e-13	2.68576e-13	2.68697e-13	2.68838e-13	2.68932e-13	2.69071e-13	2.69244e-13	2.69353e-13	2.69526e-13	2.69779e-13	2.69898e-13	2.70277e-13	2.70869e-13	2.71262e-13	2.7338e-13	2.76088e-13	3.56697e-13	3.63862e-13	3.65874e-13	3.66798e-13	3.67234e-13	3.67523e-13	3.67679e-13	3.6787e-13	3.67966e-13	3.68041e-13	3.68136e-13	3.68224e-13	3.68283e-13	3.68331e-13	3.68388e-13	3.68452e-13	3.68483e-13	3.68547e-13	3.6861e-13	3.68657e-13	3.68739e-13	3.6885e-13	3.69256e-13	3.70988e-13	3.72308e-13	3.72542e-13	3.72643e-13	3.72689e-13	3.72725e-13	3.72782e-13	3.72805e-13	3.72847e-13	3.72856e-13	3.7289e-13	3.72915e-13	3.72931e-13	3.72938e-13	3.72979e-13	3.72988e-13	3.73022e-13	3.73026e-13	3.73061e-13	3.73069e-13	3.73079e-13	3.73083e-13	3.73156e-13	3.73173e-13	3.73174e-13	3.73198e-13	3.73198e-13	3.73198e-13	3.73198e-13
805.686	1.62556e-16	1.67692e-17	1.72337e-17	3.451e-13	2.41133e-13	2.68274e-13	2.76633e-13	2.80293e-13	2.82315e-13	2.83725e-13	2.8488e-13	2.85884e-13	2.86692e-13	2.87286e-13	2.87706e-13	2.88081e-13	2.885e-13	2.88806e-13	2.89032e-13	2.89221e-13	2.89402e-13	2.89572e-13	2.89703e-13	2.89856e-13	2.90018e-13	2.90173e-13	2.90305e-13	2.90414e-13	2.90511e-13	2.90615e-13	2.90708e-13	2.90804e-13	2.90917e-13	2.91002e-13	2.91115e-13	2.91261e-13	2.91355e-13	2.91537e-13	2.91827e-13	2.92013e-13	2.92761e-13	2.93745e-13	3.30017e-13	3.38383e-13	3.39706e-13	3.40159e-13	3.40416e-13	3.40544e-13	3.40629e-13	3.40763e-13	3.40826e-13	3.40896e-13	3.40966e-13	3.41012e-13	3.41047e-13	3.41093e-13	3.41146e-13	3.41186e-13	3.41208e-13	3.4126e-13	3.413e-13	3.41337e-13	3.41397e-13	3.4146e-13	3.41636e-13	3.42408e-13	3.43967e-13	3.44431e-13	3.44558e-13	3.4461e-13	3.44659e-13	3.44717e-13	3.4473e-13	3.44768e-13	3.44794e-13	3.44806e-13	3.44848e-13	3.44859e-13	3.44865e-13	3.44891e-13	3.44927e-13	3.44934e-13	3.44938e-13	3.44987e-13	3.44992e-13	3.45017e-13	3.4502e-13	3.45049e-13	3.45054e-13	3.45055e-13	3.451e-13	3.451e-13	3.451e-13	3.451e-13
808.696	1.62556e-16	1.61452e-17	1.66604e-17	3.43364e-13	2.51313e-13	2.79494e-13	2.88305e-13	2.92199e-13	2.94339e-13	2.95796e-13	2.9696e-13	2.97977e-13	2.98816e-13	2.99454e-13	2.9991e-13	3.00283e-13	3.00689e-13	3.01012e-13	3.01257e-13	3.01452e-13	3.01625e-13	3.01792e-13	3.01928e-13	3.02065e-13	3.02211e-13	3.02359e-13	3.02494e-13	3.02608e-13	3.02701e-13	3.02788e-13	3.02877e-13	3.02959e-13	3.03043e-13	3.03129e-13	3.03212e-13	3.03308e-13	3.03403e-13	3.03516e-13	3.03682e-13	3.03856e-13	3.04219e-13	3.05103e-13	3.25486e-13	3.37131e-13	3.38041e-13	3.38483e-13	3.38658e-13	3.38755e-13	3.38863e-13	3.38979e-13	3.39058e-13	3.39132e-13	3.39183e-13	3.39219e-13	3.39267e-13	3.39324e-13	3.39368e-13	3.39397e-13	3.39437e-13	3.39475e-13	3.39508e-13	3.39557e-13	3.39599e-13	3.39652e-13	3.39787e-13	3.40086e-13	3.41503e-13	3.42551e-13	3.42763e-13	3.42814e-13	3.42895e-13	3.42947e-13	3.42984e-13	3.43005e-13	3.43046e-13	3.43066e-13	3.4309e-13	3.43131e-13	3.43138e-13	3.43144e-13	3.43186e-13	3.43216e-13	3.43222e-13	3.43235e-13	3.43238e-13	3.43307e-13	3.43311e-13	3.43328e-13	3.4333e-13	3.43331e-13	3.43364e-13	3.43364e-13	3.43364e-13	3.43364e-13
811.706	1.62556e-16	1.61097e-17	1.65928e-17	3.50449e-13	2.59418e-13	2.88398e-13	2.97589e-13	3.01692e-13	3.0394e-13	3.05441e-13	3.06609e-13	3.07626e-13	3.08484e-13	3.09157e-13	3.09649e-13	3.10028e-13	3.10415e-13	3.10749e-13	3.11013e-13	3.11219e-13	3.11391e-13	3.11552e-13	3.11696e-13	3.11824e-13	3.11953e-13	3.12089e-13	3.12222e-13	3.1234e-13	3.12438e-13	3.12519e-13	3.12596e-13	3.12677e-13	3.12749e-13	3.12823e-13	3.12898e-13	3.12971e-13	3.13056e-13	3.13147e-13	3.13259e-13	3.13426e-13	3.13697e-13	3.14449e-13	3.26904e-13	3.43386e-13	3.44191e-13	3.44855e-13	3.45017e-13	3.45169e-13	3.45324e-13	3.45438e-13	3.45537e-13	3.45601e-13	3.45646e-13	3.45702e-13	3.45771e-13	3.45825e-13	3.45859e-13	3.45901e-13	3.45944e-13	3.45978e-13	3.46027e-13	3.46067e-13	3.46112e-13	3.46182e-13	3.46272e-13	3.46447e-13	3.47357e-13	3.49129e-13	3.49663e-13	3.49743e-13	3.49845e-13	3.49922e-13	3.49972e-13	3.50013e-13	3.50035e-13	3.50086e-13	3.50103e-13	3.5014e-13	3.50149e-13	3.50187e-13	3.50197e-13	3.50257e-13	3.50264e-13	3.50282e-13	3.50288e-13	3.50325e-13	3.50328e-13	3.50421e-13	3.5043e-13	3.50432e-13	3.50449e-13	3.50449e-13	3.50449e-13	3.50449e-13
814.716	1.62556e-16	1.65743e-17	1.70353e-17	3.642e-13	2.67313e-13	2.9706e-13	3.06622e-13	3.10934e-13	3.13295e-13	3.14848e-13	3.16021e-13	3.17035e-13	3.17903e-13	3.18605e-13	3.19134e-13	3.19527e-13	3.19897e-13	3.20235e-13	3.20514e-13	3.20736e-13	3.20913e-13	3.21064e-13	3.21216e-13	3.21343e-13	3.2146e-13	3.21581e-13	3.21704e-13	3.21822e-13	3.21925e-13	3.22008e-13	3.22065e-13	3.2215e-13	3.2222e-13	3.22273e-13	3.22348e-13	3.22415e-13	3.22477e-13	3.22565e-13	3.22664e-13	3.22799e-13	3.23076e-13	3.23601e-13	3.31317e-13	3.54097e-13	3.55984e-13	3.57026e-13	3.57307e-13	3.57565e-13	3.57741e-13	3.57894e-13	3.57991e-13	3.58051e-13	3.58126e-13	3.58217e-13	3.58288e-13	3.58332e-13	3.58383e-13	3.58452e-13	3.58474e-13	3.58535e-13	3.58606e-13	3.58623e-13	3.58698e-13	3.58777e-13	3.5885e-13	3.59026e-13	3.59465e-13	3.61569e-13	3.63075e-13	3.63268e-13	3.63429e-13	3.6356e-13	3.63597e-13	3.63681e-13	3.63703e-13	3.63753e-13	3.63806e-13	3.63819e-13	3.63829e-13	3.6389e-13	3.6392e-13	3.63946e-13	3.63956e-13	3.64032e-13	3.64037e-13	3.64051e-13	3.64052e-13	3.64141e-13	3.64149e-13	3.64156e-13	3.642e-13	3.642e-13	3.642e-13	3.642e-13
817.726	1.62556e-16	1.74607e-17	1.79925e-17	3.87273e-13	2.76116e-13	3.06722e-13	3.16685e-13	3.21222e-13	3.2371e-13	3.25326e-13	3.26514e-13	3.27526e-13	3.284e-13	3.29125e-13	3.29687e-13	3.30106e-13	3.30463e-13	3.30798e-13	3.31087e-13	3.31325e-13	3.31513e-13	3.31652e-13	3.31808e-13	3.31941e-13	3.32053e-13	3.3216e-13	3.3227e-13	3.3238e-13	3.32482e-13	3.32568e-13	3.32609e-13	3.32691e-13	3.32763e-13	3.32803e-13	3.3287e-13	3.32937e-13	3.32976e-13	3.33063e-13	3.33167e-13	3.33261e-13	3.33565e-13	3.33884e-13	3.38513e-13	3.68775e-13	3.75247e-13	3.76737e-13	3.77295e-13	3.77642e-13	3.77809e-13	3.78058e-13	3.78155e-13	3.78265e-13	3.78398e-13	3.785e-13	3.78562e-13	3.78633e-13	3.78728e-13	3.78804e-13	3.7883e-13	3.78923e-13	3.78993e-13	3.7903e-13	3.79126e-13	3.79197e-13	3.79314e-13	3.79487e-13	3.79789e-13	3.81643e-13	3.85094e-13	3.85834e-13	3.8624e-13	3.86458e-13	3.86528e-13	3.86624e-13	3.86703e-13	3.86748e-13	3.86818e-13	3.86865e-13	3.86884e-13	3.86911e-13	3.86995e-13	3.87019e-13	3.87033e-13	3.87096e-13	3.87099e-13	3.87194e-13	3.87199e-13	3.87216e-13	3.87218e-13	3.87239e-13	3.87273e-13	3.87273e-13	3.87273e-13	3.87273e-13
820.736	1.62556e-16	1.97166e-17	2.02142e-17	4.29328e-13	2.86598e-13	3.18238e-13	3.2866e-13	3.33448e-13	3.36083e-13	3.37779e-13	3.38993e-13	3.40007e-13	3.40885e-13	3.41629e-13	3.42222e-13	3.42675e-13	3.43026e-13	3.43354e-13	3.43648e-13	3.43897e-13	3.44098e-13	3.44227e-13	3.44381e-13	3.44523e-13	3.44636e-13	3.44735e-13	3.4483e-13	3.44927e-13	3.45021e-13	3.45105e-13	3.45138e-13	3.45213e-13	3.45282e-13	3.45307e-13	3.45372e-13	3.45438e-13	3.45465e-13	3.45549e-13	3.45668e-13	3.45739e-13	3.46068e-13	3.46337e-13	3.49117e-13	3.87626e-13	4.07345e-13	4.09406e-13	4.10313e-13	4.10695e-13	4.10935e-13	4.11331e-13	4.11508e-13	4.11728e-13	4.11898e-13	4.11997e-13	4.12101e-13	4.12244e-13	4.1237e-13	4.12443e-13	4.12531e-13	4.12629e-13	4.12708e-13	4.12812e-13	4.12915e-13	4.13021e-13	4.13204e-13	4.13444e-13	4.13906e-13	4.15427e-13	4.22226e-13	4.2535e-13	4.27297e-13	4.27838e-13	4.28031e-13	4.28223e-13	4.28348e-13	4.28492e-13	4.28546e-13	4.2866e-13	4.287e-13	4.28751e-13	4.2882e-13	4.28931e-13	4.28964e-13	4.28993e-13	4.28997e-13	4.29133e-13	4.29156e-13	4.29252e-13	4.29266e-13	4.29294e-13	4.29328e-13	4.29328e-13	4.29328e-13	4.29328e-13
823.746	1.62556e-16	2.77948e-17	2.84236e-17	5.3644e-13	2.95679e-13	3.28187e-13	3.39012e-13	3.44028e-13	3.46798e-13	3.48571e-13	3.49809e-13	3.50821e-13	3.51693e-13	3.52441e-13	3.53052e-13	3.5354e-13	3.53891e-13	3.54204e-13	3.54492e-13	3.54744e-13	3.54952e-13	3.55073e-13	3.55218e-13	3.55365e-13	3.55481e-13	3.55575e-13	3.55659e-13	3.55739e-13	3.55818e-13	3.55893e-13	3.55928e-13	3.55988e-13	3.56048e-13	3.56076e-13	3.5613e-13	3.56192e-13	3.56225e-13	3.56307e-13	3.56446e-13	3.56542e-13	3.56904e-13	3.57405e-13	3.59613e-13	4.04211e-13	4.54794e-13	4.58581e-13	4.59748e-13	4.60307e-13	4.60903e-13	4.61486e-13	4.61881e-13	4.62217e-13	4.62408e-13	4.62591e-13	4.62835e-13	4.63062e-13	4.63219e-13	4.63376e-13	4.63568e-13	4.63727e-13	4.63948e-13	4.64162e-13	4.64433e-13	4.64772e-13	4.65204e-13	4.66065e-13	4.67342e-13	4.70356e-13	4.89172e-13	5.0719e-13	5.27519e-13	5.3101e-13	5.31997e-13	5.33099e-13	5.33479e-13	5.341e-13	5.34333e-13	5.34557e-13	5.34736e-13	5.34976e-13	5.35126e-13	5.35335e-13	5.35461e-13	5.35666e-13	5.35713e-13	5.35808e-13	5.35887e-13	5.36156e-13	5.36214e-13	5.36314e-13	5.3644e-13	5.3644e-13	5.3644e-13	5.3644e-13
826.756	1.62556e-16	3.5082e-17	3.59261e-17	7.37739e-13	3.20524e-13	3.55601e-13	3.67388e-13	3.72885e-13	3.75927e-13	3.77864e-13	3.79185e-13	3.80235e-13	3.81127e-13	3.81894e-13	3.82531e-13	3.83061e-13	3.83426e-13	3.83725e-13	3.84e-13	3.84244e-13	3.8445e-13	3.84564e-13	3.84691e-13	3.84831e-13	3.84943e-13	3.85031e-13	3.85103e-13	3.85167e-13	3.8523e-13	3.85292e-13	3.85335e-13	3.8539e-13	3.85454e-13	3.85505e-13	3.85582e-13	3.85697e-13	3.85808e-13	3.86008e-13	3.86366e-13	3.86803e-13	3.87758e-13	3.89886e-13	3.96257e-13	4.79243e-13	6.82526e-13	7.04085e-13	7.07001e-13	7.09446e-13	7.11603e-13	7.12993e-13	7.14038e-13	7.14598e-13	7.15019e-13	7.15603e-13	7.16137e-13	7.16445e-13	7.16705e-13	7.17073e-13	7.17231e-13	7.17503e-13	7.17858e-13	7.17918e-13	7.18234e-13	7.18539e-13	7.18643e-13	7.19036e-13	7.19257e-13	7.19885e-13	7.2178e-13	7.25101e-13	7.32634e-13	7.34822e-13	7.35167e-13	7.35697e-13	7.3588e-13	7.36099e-13	7.36342e-13	7.36408e-13	7.36465e-13	7.36652e-13	7.36833e-13	7.36885e-13	7.36921e-13	7.37197e-13	7.37219e-13	7.37337e-13	7.37357e-13	7.37489e-13	7.37505e-13	7.37552e-13	7.37739e-13	7.37739e-13	7.37739e-13	7.37739e-13
829.766	1.62556e-16	6.71179e-17	6.85458e-17	1.36544e-12	3.32139e-13	3.68301e-13	3.80538e-13	3.86265e-13	3.89436e-13	3.91442e-13	3.92776e-13	3.93805e-13	3.94658e-13	3.95385e-13	3.95989e-13	3.96512e-13	3.96863e-13	3.9712e-13	3.9735e-13	3.97553e-13	3.97725e-13	3.97821e-13	3.97917e-13	3.98027e-13	3.98119e-13	3.98194e-13	3.98257e-13	3.98315e-13	3.98374e-13	3.98444e-13	3.9852e-13	3.98613e-13	3.98738e-13	3.98904e-13	3.9911e-13	3.99416e-13	3.99857e-13	4.00481e-13	4.01466e-13	4.03147e-13	4.06039e-13	4.12141e-13	4.32014e-13	5.42822e-13	1.17089e-12	1.30479e-12	1.31755e-12	1.32759e-12	1.33301e-12	1.33702e-12	1.33914e-12	1.34044e-12	1.34213e-12	1.34376e-12	1.3447e-12	1.34539e-12	1.34638e-12	1.34727e-12	1.34748e-12	1.34834e-12	1.349e-12	1.34919e-12	1.34989e-12	1.35029e-12	1.35064e-12	1.35117e-12	1.35139e-12	1.35171e-12	1.35247e-12	1.35347e-12	1.35774e-12	1.36079e-12	1.36125e-12	1.36175e-12	1.36222e-12	1.36244e-12	1.36276e-12	1.36311e-12	1.3632e-12	1.36329e-12	1.36375e-12	1.36397e-12	1.36405e-12	1.36423e-12	1.36426e-12	1.36488e-12	1.36497e-12	1.36505e-12	1.3651e-12	1.36518e-12	1.36544e-12	1.36544e-12	1.36544e-12	1.36544e-12
832.776	1.62556e-16	1.54546e-16	1.57534e-16	2.93726e-12	1.18438e-13	1.3122e-13	1.35538e-13	1.37539e-13	1.38629e-13	1.39301e-13	1.3973e-13	1.40043e-13	1.40289e-13	1.40491e-13	1.40653e-13	1.40795e-13	1.4089e-13	1.40955e-13	1.41014e-13	1.41073e-13	1.41134e-13	1.41182e-13	1.41234e-13	1.41317e-13	1.41424e-13	1.41556e-13	1.41714e-13	1.41897e-13	1.42112e-13	1.42378e-13	1.4273e-13	1.43163e-13	1.43698e-13	1.44417e-13	1.4536e-13	1.46562e-13	1.48215e-13	1.50679e-13	1.541e-13	1.59267e-13	1.69235e-13	1.8215e-13	2.35551e-13	3.48796e-13	1.97074e-12	2.6972e-12	2.75749e-12	2.78633e-12	2.79672e-12	2.80961e-12	2.81427e-12	2.8192e-12	2.82435e-12	2.82738e-12	2.8293e-12	2.83192e-12	2.83463e-12	2.83614e-12	2.83735e-12	2.83909e-12	2.84015e-12	2.84143e-12	2.84259e-12	2.84358e-12	2.84481e-12	2.84599e-12	2.84742e-12	2.84854e-12	2.85187e-12	2.85421e-12	2.87737e-12	2.91337e-12	2.92219e-12	2.92496e-12	2.92668e-12	2.92853e-12	2.9291e-12	2.93017e-12	2.9307e-12	2.93137e-12	2.93205e-12	2.933e-12	2.93332e-12	2.93378e-12	2.93402e-12	2.93469e-12	2.9351e-12	2.93616e-12	2.93672e-12	2.93681e-12	2.93726e-12	2.93726e-12	2.93726e-12	2.93726e-12
835.786	1.62556e-16	6.66531e-17	6.80833e-17	1.26602e-12	7.38492e-14	8.18993e-14	8.47284e-14	8.61151e-14	8.69262e-14	8.74695e-14	8.78453e-14	8.81412e-14	8.83956e-14	8.86295e-14	8.88501e-14	8.90922e-14	8.92934e-14	8.94422e-14	8.95868e-14	8.97387e-14	8.99012e-14	9.00355e-14	9.01617e-14	9.03343e-14	9.05293e-14	9.07448e-14	9.09756e-14	9.12174e-14	9.14665e-14	9.17307e-14	9.20158e-14	9.23962e-14	9.28144e-14	9.32309e-14	9.38924e-14	9.46678e-14	9.53933e-14	9.68131e-14	9.86878e-14	1.0046e-13	1.0513e-13	1.08443e-13	1.25823e-13	1.45485e-13	6.51386e-13	1.13286e-12	1.16334e-12	1.17213e-12	1.17617e-12	1.18177e-12	1.18411e-12	1.18648e-12	1.18804e-12	1.18886e-12	1.18986e-12	1.19097e-12	1.19169e-12	1.19217e-12	1.19279e-12	1.19322e-12	1.19366e-12	1.19414e-12	1.19454e-12	1.19506e-12	1.1954e-12	1.19596e-12	1.19662e-12	1.19744e-12	1.19889e-12	1.20007e-12	1.20804e-12	1.23798e-12	1.25568e-12	1.25811e-12	1.25968e-12	1.26109e-12	1.26169e-12	1.26214e-12	1.26253e-12	1.2631e-12	1.2634e-12	1.26369e-12	1.2639e-12	1.2643e-12	1.26455e-12	1.26459e-12	1.26484e-12	1.26507e-12	1.2654e-12	1.26543e-12	1.26602e-12	1.26602e-12	1.26602e-12	1.26602e-12
838.796	1.62556e-16	3.23865e-17	3.29213e-17	6.43892e-13	1.54403e-13	1.71126e-13	1.77013e-13	1.7989e-13	1.81561e-13	1.82668e-13	1.83416e-13	1.83985e-13	1.84454e-13	1.84867e-13	1.85243e-13	1.85652e-13	1.85992e-13	1.86222e-13	1.86426e-13	1.86625e-13	1.86824e-13	1.86998e-13	1.87148e-13	1.87324e-13	1.87511e-13	1.87709e-13	1.87914e-13	1.88122e-13	1.88327e-13	1.88528e-13	1.88683e-13	1.88945e-13	1.89221e-13	1.89417e-13	1.89774e-13	1.9021e-13	1.90452e-13	1.91126e-13	1.92011e-13	1.92506e-13	1.94264e-13	1.95377e-13	2.00111e-13	2.08334e-13	3.24925e-13	5.71721e-13	5.81776e-13	5.84542e-13	5.86876e-13	5.88775e-13	5.89854e-13	5.90573e-13	5.90958e-13	5.91313e-13	5.91735e-13	5.92028e-13	5.92206e-13	5.92423e-13	5.92591e-13	5.92756e-13	5.92951e-13	5.93071e-13	5.93259e-13	5.93459e-13	5.93585e-13	5.93816e-13	5.9413e-13	5.9453e-13	5.95163e-13	5.95779e-13	5.98042e-13	6.12262e-13	6.3273e-13	6.37524e-13	6.39105e-13	6.4057e-13	6.4104e-13	6.41429e-13	6.41765e-13	6.42207e-13	6.42362e-13	6.42474e-13	6.42657e-13	6.42854e-13	6.4303e-13	6.43068e-13	6.43255e-13	6.43284e-13	6.43478e-13	6.43502e-13	6.43892e-13	6.43892e-13	6.43892e-13	6.43892e-13
841.806	1.62556e-16	2.41288e-17	2.46359e-17	4.92943e-13	1.95264e-13	2.16316e-13	2.23766e-13	2.27414e-13	2.29537e-13	2.30942e-13	2.31887e-13	2.3259e-13	2.33156e-13	2.33643e-13	2.34077e-13	2.34555e-13	2.34965e-13	2.35234e-13	2.35461e-13	2.35673e-13	2.35877e-13	2.36067e-13	2.36229e-13	2.36397e-13	2.36569e-13	2.36747e-13	2.36931e-13	2.37119e-13	2.37303e-13	2.3748e-13	2.37574e-13	2.37783e-13	2.38002e-13	2.38094e-13	2.38356e-13	2.38657e-13	2.38785e-13	2.39174e-13	2.39687e-13	2.39958e-13	2.40785e-13	2.41618e-13	2.43566e-13	2.48775e-13	2.77374e-13	4.24641e-13	4.29103e-13	4.31245e-13	4.32808e-13	4.33603e-13	4.34105e-13	4.34347e-13	4.34546e-13	4.34764e-13	4.34936e-13	4.35034e-13	4.35137e-13	4.35256e-13	4.35322e-13	4.35428e-13	4.35529e-13	4.35608e-13	4.3571e-13	4.35834e-13	4.35946e-13	4.36103e-13	4.36337e-13	4.36673e-13	4.3721e-13	4.37605e-13	4.39173e-13	4.46239e-13	4.69765e-13	4.8163e-13	4.86794e-13	4.88703e-13	4.89475e-13	4.89983e-13	4.90653e-13	4.91036e-13	4.91295e-13	4.91438e-13	4.91567e-13	4.91781e-13	4.92e-13	4.92078e-13	4.92228e-13	4.92247e-13	4.92504e-13	4.92527e-13	4.92943e-13	4.92943e-13	4.92943e-13	4.92943e-13
844.816	1.62556e-16	2.52585e-17	2.55796e-17	4.76771e-13	2.18647e-13	2.42126e-13	2.50482e-13	2.54587e-13	2.56983e-13	2.58574e-13	2.59641e-13	2.60426e-13	2.61045e-13	2.61567e-13	2.62025e-13	2.62528e-13	2.62977e-13	2.63272e-13	2.63512e-13	2.63729e-13	2.6393e-13	2.64123e-13	2.64294e-13	2.64455e-13	2.64612e-13	2.64771e-13	2.64933e-13	2.651e-13	2.65266e-13	2.65426e-13	2.65495e-13	2.65664e-13	2.65842e-13	2.65918e-13	2.66104e-13	2.66318e-13	2.66435e-13	2.66676e-13	2.66985e-13	2.67232e-13	2.67676e-13	2.68319e-13	2.69407e-13	2.72044e-13	2.77973e-13	3.62839e-13	3.67238e-13	3.69131e-13	3.69949e-13	3.70357e-13	3.70568e-13	3.70695e-13	3.70842e-13	3.70962e-13	3.71043e-13	3.71111e-13	3.71197e-13	3.71276e-13	3.71347e-13	3.7143e-13	3.71522e-13	3.71631e-13	3.7173e-13	3.71883e-13	3.72054e-13	3.72267e-13	3.72536e-13	3.73108e-13	3.73756e-13	3.74372e-13	3.7631e-13	3.81373e-13	4.10536e-13	4.38403e-13	4.64036e-13	4.67354e-13	4.69344e-13	4.70745e-13	4.72417e-13	4.73058e-13	4.73618e-13	4.74087e-13	4.74192e-13	4.74564e-13	4.74984e-13	4.75221e-13	4.75429e-13	4.75606e-13	4.7592e-13	4.75946e-13	4.76771e-13	4.76771e-13	4.76771e-13	4.76771e-13
847.826	1.62556e-16	5.72423e-17	5.77412e-17	7.49215e-13	2.14714e-13	2.3768e-13	2.45894e-13	2.4994e-13	2.52308e-13	2.53883e-13	2.54939e-13	2.55708e-13	2.56304e-13	2.56796e-13	2.5722e-13	2.57677e-13	2.581e-13	2.58381e-13	2.58605e-13	2.58801e-13	2.58977e-13	2.5914e-13	2.59294e-13	2.59432e-13	2.59559e-13	2.59682e-13	2.59805e-13	2.59928e-13	2.60051e-13	2.6017e-13	2.60227e-13	2.60338e-13	2.60454e-13	2.60522e-13	2.6063e-13	2.6075e-13	2.60847e-13	2.60971e-13	2.61118e-13	2.61282e-13	2.61488e-13	2.61776e-13	2.62269e-13	2.62991e-13	2.63911e-13	2.96007e-13	3.00441e-13	3.01456e-13	3.01803e-13	3.02083e-13	3.02251e-13	3.02419e-13	3.02599e-13	3.02751e-13	3.02909e-13	3.03069e-13	3.03273e-13	3.03489e-13	3.03737e-13	3.03977e-13	3.04296e-13	3.04659e-13	3.05076e-13	3.05565e-13	3.06311e-13	3.07051e-13	3.08062e-13	3.09984e-13	3.11842e-13	3.14483e-13	3.19978e-13	3.32771e-13	3.90814e-13	4.85478e-13	6.68349e-13	7.00298e-13	7.11962e-13	7.20213e-13	7.29339e-13	7.33053e-13	7.35697e-13	7.37804e-13	7.38171e-13	7.40066e-13	7.41887e-13	7.42615e-13	7.43821e-13	7.45529e-13	7.45967e-13	7.46189e-13	7.49215e-13	7.49215e-13	7.49215e-13	7.49215e-13
850.836	1.62556e-16	6.52789e-17	6.59021e-17	8.28244e-13	1.67374e-13	1.85238e-13	1.91678e-13	1.94875e-13	1.96764e-13	1.98035e-13	1.98897e-13	1.99529e-13	2.00018e-13	2.0042e-13	2.00765e-13	2.01134e-13	2.01493e-13	2.01746e-13	2.01953e-13	2.02134e-13	2.02297e-13	2.02443e-13	2.02595e-13	2.02737e-13	2.02868e-13	2.02994e-13	2.0312e-13	2.03251e-13	2.03387e-13	2.0353e-13	2.03624e-13	2.03761e-13	2.03913e-13	2.04048e-13	2.04207e-13	2.0439e-13	2.04597e-13	2.04833e-13	2.05118e-13	2.05494e-13	2.06016e-13	2.0657e-13	2.07948e-13	2.09149e-13	2.11968e-13	3.10382e-13	3.45004e-13	3.48554e-13	3.49652e-13	3.50855e-13	3.51388e-13	3.51914e-13	3.52318e-13	3.52602e-13	3.5293e-13	3.53255e-13	3.53591e-13	3.53915e-13	3.54273e-13	3.54625e-13	3.55061e-13	3.55447e-13	3.56023e-13	3.56589e-13	3.57433e-13	3.58268e-13	3.59396e-13	3.60873e-13	3.6294e-13	3.65377e-13	3.70163e-13	3.79926e-13	4.02278e-13	4.57464e-13	6.68947e-13	7.48236e-13	7.80119e-13	7.91972e-13	8.05866e-13	8.10084e-13	8.13526e-13	8.16015e-13	8.16523e-13	8.18476e-13	8.20652e-13	8.21704e-13	8.22669e-13	8.24316e-13	8.24855e-13	8.25092e-13	8.28244e-13	8.28244e-13	8.28244e-13	8.28244e-13
853.846	1.62556e-16	2.21939e-17	2.24889e-17	4.44647e-13	2.25927e-13	2.49959e-13	2.58662e-13	2.62994e-13	2.65561e-13	2.67292e-13	2.68471e-13	2.69332e-13	2.69991e-13	2.70528e-13	2.70977e-13	2.71441e-13	2.71899e-13	2.72235e-13	2.7251e-13	2.72748e-13	2.72959e-13	2.73128e-13	2.73316e-13	2.73498e-13	2.73662e-13	2.73814e-13	2.7396e-13	2.74104e-13	2.7425e-13	2.744e-13	2.74529e-13	2.7467e-13	2.74818e-13	2.74973e-13	2.75133e-13	2.75302e-13	2.75489e-13	2.75713e-13	2.75965e-13	2.76216e-13	2.76651e-13	2.76914e-13	2.77809e-13	2.78455e-13	2.8109e-13	3.29863e-13	3.66915e-13	3.68705e-13	3.69663e-13	3.70404e-13	3.70739e-13	3.70968e-13	3.711e-13	3.71214e-13	3.71341e-13	3.71438e-13	3.71528e-13	3.71617e-13	3.71698e-13	3.71789e-13	3.71892e-13	3.71967e-13	3.72083e-13	3.72204e-13	3.72347e-13	3.72505e-13	3.72677e-13	3.72898e-13	3.73251e-13	3.73589e-13	3.74224e-13	3.75286e-13	3.76565e-13	3.80595e-13	4.04475e-13	4.21948e-13	4.33386e-13	4.3799e-13	4.40923e-13	4.41768e-13	4.42326e-13	4.42812e-13	4.43075e-13	4.43205e-13	4.43526e-13	4.4382e-13	4.43855e-13	4.44085e-13	4.44169e-13	4.44187e-13	4.44647e-13	4.44647e-13	4.44647e-13	4.44647e-13
856.856	1.62556e-16	1.62828e-17	1.66027e-17	3.92645e-13	2.42708e-13	2.68448e-13	2.77811e-13	2.82483e-13	2.85263e-13	2.87141e-13	2.88427e-13	2.89367e-13	2.90083e-13	2.90661e-13	2.91137e-13	2.91607e-13	2.92073e-13	2.92431e-13	2.92728e-13	2.92985e-13	2.93212e-13	2.93372e-13	2.93561e-13	2.93756e-13	2.93932e-13	2.94092e-13	2.9424e-13	2.94382e-13	2.94521e-13	2.94661e-13	2.94801e-13	2.94937e-13	2.95074e-13	2.95213e-13	2.95369e-13	2.95528e-13	2.9566e-13	2.9587e-13	2.96101e-13	2.96243e-13	2.96599e-13	2.96775e-13	2.97374e-13	2.98051e-13	3.00092e-13	3.24337e-13	3.62363e-13	3.64666e-13	3.65848e-13	3.6636e-13	3.66612e-13	3.66734e-13	3.66823e-13	3.66912e-13	3.66984e-13	3.67036e-13	3.6709e-13	3.6714e-13	3.67177e-13	3.67229e-13	3.67278e-13	3.67319e-13	3.67371e-13	3.67423e-13	3.67489e-13	3.6755e-13	3.67619e-13	3.67706e-13	3.67824e-13	3.67947e-13	3.68144e-13	3.6846e-13	3.68705e-13	3.6959e-13	3.73809e-13	3.7939e-13	3.85316e-13	3.89118e-13	3.9116e-13	3.91565e-13	3.9183e-13	3.92011e-13	3.92154e-13	3.92168e-13	3.92286e-13	3.92389e-13	3.9239e-13	3.92499e-13	3.92509e-13	3.92525e-13	3.92645e-13	3.92645e-13	3.92645e-13	3.92645e-13
859.866	1.62556e-16	1.45671e-17	1.47539e-17	3.77192e-13	2.51474e-13	2.78069e-13	2.87785e-13	2.92646e-13	2.95547e-13	2.97512e-13	2.98866e-13	2.99857e-13	3.00611e-13	3.01216e-13	3.01709e-13	3.02172e-13	3.02628e-13	3.02995e-13	3.03305e-13	3.03576e-13	3.03814e-13	3.03965e-13	3.04149e-13	3.04351e-13	3.04536e-13	3.04703e-13	3.04857e-13	3.05001e-13	3.05137e-13	3.0527e-13	3.05402e-13	3.0554e-13	3.05675e-13	3.05786e-13	3.05936e-13	3.06094e-13	3.06177e-13	3.06372e-13	3.06587e-13	3.06682e-13	3.06971e-13	3.0718e-13	3.07625e-13	3.08345e-13	3.09556e-13	3.20939e-13	3.56915e-13	3.61927e-13	3.63141e-13	3.63531e-13	3.63701e-13	3.63788e-13	3.63878e-13	3.63946e-13	3.63991e-13	3.64032e-13	3.64075e-13	3.64107e-13	3.64135e-13	3.6417e-13	3.642e-13	3.64232e-13	3.64265e-13	3.64295e-13	3.64338e-13	3.64374e-13	3.64417e-13	3.64464e-13	3.64524e-13	3.64591e-13	3.64689e-13	3.64836e-13	3.64939e-13	3.65285e-13	3.66085e-13	3.67873e-13	3.7076e-13	3.73731e-13	3.76277e-13	3.76548e-13	3.76737e-13	3.76861e-13	3.76931e-13	3.7695e-13	3.77018e-13	3.77071e-13	3.77072e-13	3.77126e-13	3.77127e-13	3.77132e-13	3.77192e-13	3.77192e-13	3.77192e-13	3.77192e-13
862.876	1.62556e-16	1.35914e-17	1.37662e-17	3.70507e-13	2.57122e-13	2.84245e-13	2.94194e-13	2.99182e-13	3.02167e-13	3.04194e-13	3.05598e-13	3.06629e-13	3.07414e-13	3.08042e-13	3.08549e-13	3.09006e-13	3.09445e-13	3.09815e-13	3.10133e-13	3.10413e-13	3.1066e-13	3.10807e-13	3.10983e-13	3.11189e-13	3.11378e-13	3.11552e-13	3.11713e-13	3.11861e-13	3.12e-13	3.12131e-13	3.12241e-13	3.12383e-13	3.1252e-13	3.12592e-13	3.12745e-13	3.12902e-13	3.12963e-13	3.13138e-13	3.13333e-13	3.13439e-13	3.13676e-13	3.13935e-13	3.14311e-13	3.14916e-13	3.1549e-13	3.20464e-13	3.50932e-13	3.60299e-13	3.61237e-13	3.6162e-13	3.61739e-13	3.61835e-13	3.61921e-13	3.61966e-13	3.62003e-13	3.62042e-13	3.62074e-13	3.62099e-13	3.62123e-13	3.62148e-13	3.62172e-13	3.62196e-13	3.62222e-13	3.62247e-13	3.62273e-13	3.62305e-13	3.62333e-13	3.62367e-13	3.62406e-13	3.62453e-13	3.62511e-13	3.62596e-13	3.62655e-13	3.62821e-13	3.63023e-13	3.63596e-13	3.64749e-13	3.66626e-13	3.69584e-13	3.69998e-13	3.70161e-13	3.70271e-13	3.70334e-13	3.70348e-13	3.70392e-13	3.7044e-13	3.70441e-13	3.7047e-13	3.7047e-13	3.70474e-13	3.70507e-13	3.70507e-13	3.70507e-13	3.70507e-13
865.886	1.62556e-16	1.30312e-17	1.32504e-17	3.66334e-13	2.60788e-13	2.88234e-13	2.98338e-13	3.03414e-13	3.06459e-13	3.0853e-13	3.09973e-13	3.11035e-13	3.11847e-13	3.12495e-13	3.13016e-13	3.13467e-13	3.13889e-13	3.14257e-13	3.14577e-13	3.14861e-13	3.15116e-13	3.15264e-13	3.15433e-13	3.15638e-13	3.15829e-13	3.16006e-13	3.16171e-13	3.16324e-13	3.16467e-13	3.16599e-13	3.16683e-13	3.16825e-13	3.16965e-13	3.17018e-13	3.17163e-13	3.17313e-13	3.17383e-13	3.17536e-13	3.17709e-13	3.1785e-13	3.18053e-13	3.18312e-13	3.18656e-13	3.19048e-13	3.19359e-13	3.21523e-13	3.44099e-13	3.58273e-13	3.58918e-13	3.59389e-13	3.59509e-13	3.59619e-13	3.59686e-13	3.59719e-13	3.59758e-13	3.59792e-13	3.59815e-13	3.59838e-13	3.59859e-13	3.59879e-13	3.59902e-13	3.59917e-13	3.59941e-13	3.59965e-13	3.59981e-13	3.60011e-13	3.60031e-13	3.60058e-13	3.60088e-13	3.60124e-13	3.60165e-13	3.60227e-13	3.60265e-13	3.60365e-13	3.60467e-13	3.60714e-13	3.61085e-13	3.62016e-13	3.64862e-13	3.6567e-13	3.6597e-13	3.66089e-13	3.66169e-13	3.66171e-13	3.66222e-13	3.66268e-13	3.66268e-13	3.66305e-13	3.66306e-13	3.66323e-13	3.66334e-13	3.66334e-13	3.66334e-13	3.66334e-13
868.896	1.62556e-16	1.27991e-17	1.29169e-17	3.63438e-13	2.62639e-13	2.90221e-13	3.0041e-13	3.05538e-13	3.08619e-13	3.10717e-13	3.12187e-13	3.13273e-13	3.14105e-13	3.1477e-13	3.15304e-13	3.15754e-13	3.1616e-13	3.1652e-13	3.16839e-13	3.17124e-13	3.17381e-13	3.17537e-13	3.17702e-13	3.17902e-13	3.1809e-13	3.18267e-13	3.18433e-13	3.18589e-13	3.18735e-13	3.1887e-13	3.18933e-13	3.19072e-13	3.19211e-13	3.19267e-13	3.194e-13	3.19539e-13	3.19635e-13	3.19773e-13	3.19925e-13	3.20089e-13	3.20278e-13	3.2048e-13	3.20798e-13	3.21015e-13	3.21355e-13	3.22602e-13	3.37127e-13	3.55216e-13	3.56123e-13	3.56706e-13	3.56865e-13	3.56969e-13	3.57018e-13	3.57052e-13	3.57093e-13	3.5712e-13	3.57138e-13	3.57162e-13	3.57179e-13	3.572e-13	3.57221e-13	3.57233e-13	3.57254e-13	3.57275e-13	3.57291e-13	3.57316e-13	3.57336e-13	3.57357e-13	3.57385e-13	3.57413e-13	3.57452e-13	3.57499e-13	3.57533e-13	3.57607e-13	3.57681e-13	3.5785e-13	3.57997e-13	3.58376e-13	3.60698e-13	3.62027e-13	3.62786e-13	3.63073e-13	3.63185e-13	3.6319e-13	3.63273e-13	3.63331e-13	3.63332e-13	3.63391e-13	3.63393e-13	3.63433e-13	3.63438e-13	3.63438e-13	3.63438e-13	3.63438e-13
871.906	1.62556e-16	1.27786e-17	1.28618e-17	3.621e-13	2.62708e-13	2.90244e-13	3.00448e-13	3.05591e-13	3.08687e-13	3.10796e-13	3.12281e-13	3.13382e-13	3.14228e-13	3.14906e-13	3.1545e-13	3.15902e-13	3.16295e-13	3.16647e-13	3.1696e-13	3.17242e-13	3.17497e-13	3.17665e-13	3.1783e-13	3.18023e-13	3.18205e-13	3.18377e-13	3.1854e-13	3.18695e-13	3.18841e-13	3.18978e-13	3.19034e-13	3.19167e-13	3.19299e-13	3.19386e-13	3.19497e-13	3.19624e-13	3.19743e-13	3.19872e-13	3.20011e-13	3.20164e-13	3.20347e-13	3.20472e-13	3.20755e-13	3.20911e-13	3.2135e-13	3.22409e-13	3.30126e-13	3.49832e-13	3.52082e-13	3.52702e-13	3.5289e-13	3.52969e-13	3.53013e-13	3.53055e-13	3.53091e-13	3.53114e-13	3.53134e-13	3.53158e-13	3.53174e-13	3.53195e-13	3.53214e-13	3.53229e-13	3.53248e-13	3.53266e-13	3.53287e-13	3.53308e-13	3.53334e-13	3.53354e-13	3.53385e-13	3.53411e-13	3.53451e-13	3.53496e-13	3.53535e-13	3.5361e-13	3.53673e-13	3.53833e-13	3.53978e-13	3.54181e-13	3.56014e-13	3.58041e-13	3.59959e-13	3.61083e-13	3.61506e-13	3.6152e-13	3.61707e-13	3.61859e-13	3.61859e-13	3.61982e-13	3.61984e-13	3.62075e-13	3.621e-13	3.621e-13	3.621e-13	3.621e-13
874.916	1.62556e-16	1.56043e-17	1.57549e-17	3.75937e-13	2.58061e-13	2.85064e-13	2.95099e-13	3.00163e-13	3.03216e-13	3.05294e-13	3.06765e-13	3.07858e-13	3.08702e-13	3.09378e-13	3.09922e-13	3.10375e-13	3.10755e-13	3.11092e-13	3.11393e-13	3.11664e-13	3.1191e-13	3.1209e-13	3.12256e-13	3.12437e-13	3.12609e-13	3.12771e-13	3.12925e-13	3.13072e-13	3.13213e-13	3.13345e-13	3.1341e-13	3.13531e-13	3.13653e-13	3.13749e-13	3.13861e-13	3.13975e-13	3.14093e-13	3.14216e-13	3.14345e-13	3.14454e-13	3.14624e-13	3.147e-13	3.14933e-13	3.15117e-13	3.15542e-13	3.16488e-13	3.19571e-13	3.37159e-13	3.41731e-13	3.42264e-13	3.42438e-13	3.42502e-13	3.42561e-13	3.42608e-13	3.42644e-13	3.42672e-13	3.42701e-13	3.42731e-13	3.42756e-13	3.42785e-13	3.42811e-13	3.4284e-13	3.42869e-13	3.42899e-13	3.42937e-13	3.42976e-13	3.4302e-13	3.43068e-13	3.43125e-13	3.43187e-13	3.43264e-13	3.4337e-13	3.43444e-13	3.43623e-13	3.43755e-13	3.44108e-13	3.44436e-13	3.44906e-13	3.47508e-13	3.52327e-13	3.59895e-13	3.67265e-13	3.71724e-13	3.7174e-13	3.73523e-13	3.74396e-13	3.74398e-13	3.75177e-13	3.75179e-13	3.75831e-13	3.75937e-13	3.75937e-13	3.75937e-13	3.75937e-13
877.926	1.62556e-16	1.61051e-17	1.62499e-17	3.82622e-13	2.62373e-13	2.89786e-13	3.00003e-13	3.05166e-13	3.08282e-13	3.10403e-13	3.11911e-13	3.13034e-13	3.13905e-13	3.14605e-13	3.1517e-13	3.15646e-13	3.16038e-13	3.16377e-13	3.16678e-13	3.16951e-13	3.17199e-13	3.17398e-13	3.17576e-13	3.17758e-13	3.17929e-13	3.1809e-13	3.18243e-13	3.18391e-13	3.18533e-13	3.18668e-13	3.18756e-13	3.18877e-13	3.18997e-13	3.19114e-13	3.1923e-13	3.19347e-13	3.19454e-13	3.19588e-13	3.19727e-13	3.19803e-13	3.1998e-13	3.20068e-13	3.20294e-13	3.20562e-13	3.20932e-13	3.21886e-13	3.23139e-13	3.40667e-13	3.5025e-13	3.50859e-13	3.51029e-13	3.51113e-13	3.51195e-13	3.5124e-13	3.51273e-13	3.51305e-13	3.51333e-13	3.51357e-13	3.51381e-13	3.51403e-13	3.51427e-13	3.51452e-13	3.51478e-13	3.51504e-13	3.51532e-13	3.51569e-13	3.51598e-13	3.51644e-13	3.51685e-13	3.5174e-13	3.51802e-13	3.51887e-13	3.51941e-13	3.52077e-13	3.52175e-13	3.52428e-13	3.52617e-13	3.52921e-13	3.5401e-13	3.5587e-13	3.60487e-13	3.67665e-13	3.74633e-13	3.74646e-13	3.78899e-13	3.80664e-13	3.80667e-13	3.81594e-13	3.81597e-13	3.82588e-13	3.82622e-13	3.82622e-13	3.82622e-13	3.82622e-13
880.936	1.62556e-16	1.19488e-17	1.19865e-17	3.5249e-13	2.61718e-13	2.89029e-13	2.99232e-13	3.04394e-13	3.0751e-13	3.0963e-13	3.11143e-13	3.12272e-13	3.1315e-13	3.13856e-13	3.14429e-13	3.14922e-13	3.15323e-13	3.15657e-13	3.15953e-13	3.1622e-13	3.16462e-13	3.16671e-13	3.16857e-13	3.17035e-13	3.17201e-13	3.17356e-13	3.17504e-13	3.17645e-13	3.17781e-13	3.17912e-13	3.1802e-13	3.18137e-13	3.18251e-13	3.18363e-13	3.1848e-13	3.18595e-13	3.1867e-13	3.18801e-13	3.18937e-13	3.18993e-13	3.19152e-13	3.19276e-13	3.19476e-13	3.19745e-13	3.19955e-13	3.20663e-13	3.2124e-13	3.33166e-13	3.46056e-13	3.46906e-13	3.47055e-13	3.47164e-13	3.47234e-13	3.47263e-13	3.47291e-13	3.47316e-13	3.47333e-13	3.47348e-13	3.47361e-13	3.47374e-13	3.47388e-13	3.47398e-13	3.47413e-13	3.47427e-13	3.47437e-13	3.47453e-13	3.47462e-13	3.47478e-13	3.47492e-13	3.4751e-13	3.47529e-13	3.47549e-13	3.47568e-13	3.47594e-13	3.47618e-13	3.47664e-13	3.47696e-13	3.47742e-13	3.47883e-13	3.4801e-13	3.48354e-13	3.49161e-13	3.5033e-13	3.50335e-13	3.51415e-13	3.52052e-13	3.52053e-13	3.5233e-13	3.52332e-13	3.52487e-13	3.5249e-13	3.5249e-13	3.5249e-13	3.5249e-13
883.946	1.62556e-16	1.11719e-17	1.11989e-17	3.44401e-13	2.58362e-13	2.85295e-13	2.9538e-13	3.00486e-13	3.0357e-13	3.05666e-13	3.07165e-13	3.08286e-13	3.0916e-13	3.09865e-13	3.10438e-13	3.10944e-13	3.11356e-13	3.11685e-13	3.11973e-13	3.12233e-13	3.12467e-13	3.12679e-13	3.12869e-13	3.13044e-13	3.13207e-13	3.13357e-13	3.135e-13	3.13635e-13	3.13764e-13	3.13889e-13	3.14007e-13	3.14122e-13	3.14233e-13	3.14328e-13	3.14441e-13	3.14556e-13	3.14605e-13	3.1473e-13	3.1486e-13	3.14927e-13	3.1507e-13	3.15223e-13	3.1541e-13	3.15619e-13	3.15741e-13	3.16251e-13	3.16931e-13	3.239e-13	3.38902e-13	3.40675e-13	3.40889e-13	3.41023e-13	3.41076e-13	3.41105e-13	3.41137e-13	3.41159e-13	3.41172e-13	3.41188e-13	3.41198e-13	3.41212e-13	3.41225e-13	3.41233e-13	3.41246e-13	3.41257e-13	3.41268e-13	3.41279e-13	3.4129e-13	3.41298e-13	3.41314e-13	3.41325e-13	3.41339e-13	3.41351e-13	3.4137e-13	3.41388e-13	3.41401e-13	3.41433e-13	3.41452e-13	3.41477e-13	3.4154e-13	3.41606e-13	3.41691e-13	3.41926e-13	3.42439e-13	3.4245e-13	3.43175e-13	3.43825e-13	3.43825e-13	3.44218e-13	3.44219e-13	3.44394e-13	3.44401e-13	3.44401e-13	3.44401e-13	3.44401e-13
886.957	1.62556e-16	1.0961e-17	1.10393e-17	3.38397e-13	2.53806e-13	2.80244e-13	2.90162e-13	2.95188e-13	2.98225e-13	3.00286e-13	3.01763e-13	3.02869e-13	3.03733e-13	3.04431e-13	3.04999e-13	3.05516e-13	3.0594e-13	3.06266e-13	3.06547e-13	3.068e-13	3.07026e-13	3.07233e-13	3.07423e-13	3.07596e-13	3.07756e-13	3.07903e-13	3.08042e-13	3.08172e-13	3.08296e-13	3.08415e-13	3.08529e-13	3.08642e-13	3.08752e-13	3.08816e-13	3.08931e-13	3.09044e-13	3.09087e-13	3.09203e-13	3.09324e-13	3.09416e-13	3.09548e-13	3.09697e-13	3.09874e-13	3.10004e-13	3.1013e-13	3.10524e-13	3.11343e-13	3.14606e-13	3.29598e-13	3.33148e-13	3.33472e-13	3.33599e-13	3.33642e-13	3.33681e-13	3.33714e-13	3.33731e-13	3.33746e-13	3.33763e-13	3.33772e-13	3.33787e-13	3.33799e-13	3.33808e-13	3.3382e-13	3.33829e-13	3.33842e-13	3.33851e-13	3.33864e-13	3.33872e-13	3.33889e-13	3.33898e-13	3.33909e-13	3.33925e-13	3.33942e-13	3.33964e-13	3.33975e-13	3.34005e-13	3.34027e-13	3.34048e-13	3.341e-13	3.34165e-13	3.34242e-13	3.34358e-13	3.34688e-13	3.34699e-13	3.3545e-13	3.36555e-13	3.36556e-13	3.37621e-13	3.37621e-13	3.38389e-13	3.38397e-13	3.38397e-13	3.38397e-13	3.38397e-13
889.967	1.62556e-16	1.58606e-17	1.59568e-17	3.45559e-13	2.441e-13	2.69511e-13	2.79062e-13	2.83905e-13	2.86831e-13	2.88814e-13	2.90238e-13	2.91305e-13	2.92139e-13	2.92813e-13	2.93364e-13	2.93879e-13	2.94306e-13	2.94623e-13	2.94893e-13	2.95134e-13	2.9535e-13	2.9554e-13	2.95722e-13	2.9589e-13	2.96045e-13	2.96187e-13	2.9632e-13	2.96445e-13	2.96562e-13	2.96673e-13	2.96768e-13	2.96878e-13	2.96984e-13	2.97038e-13	2.97134e-13	2.9724e-13	2.97295e-13	2.97399e-13	2.97508e-13	2.97617e-13	2.97738e-13	2.97849e-13	2.9801e-13	2.98091e-13	2.98266e-13	2.98606e-13	2.9932e-13	3.00494e-13	3.13297e-13	3.19359e-13	3.19767e-13	3.19876e-13	3.19934e-13	3.19991e-13	3.20025e-13	3.20047e-13	3.20072e-13	3.20094e-13	3.2011e-13	3.20132e-13	3.2015e-13	3.20169e-13	3.20186e-13	3.20205e-13	3.20227e-13	3.20247e-13	3.20269e-13	3.20293e-13	3.20322e-13	3.2035e-13	3.20375e-13	3.20415e-13	3.20456e-13	3.20512e-13	3.20553e-13	3.20633e-13	3.20701e-13	3.20771e-13	3.2096e-13	3.21135e-13	3.21405e-13	3.2177e-13	3.2242e-13	3.22429e-13	3.24406e-13	3.29129e-13	3.29131e-13	3.36611e-13	3.36614e-13	3.4554e-13	3.45559e-13	3.45559e-13	3.45559e-13	3.45559e-13
892.977	1.62556e-16	1.07909e-17	1.08332e-17	3.27303e-13	2.46152e-13	2.7177e-13	2.81416e-13	2.86311e-13	2.89269e-13	2.91271e-13	2.92712e-13	2.93792e-13	2.94638e-13	2.95322e-13	2.95882e-13	2.96419e-13	2.96873e-13	2.972e-13	2.97474e-13	2.9772e-13	2.97939e-13	2.9812e-13	2.98301e-13	2.98476e-13	2.98636e-13	2.98784e-13	2.98922e-13	2.99051e-13	2.99173e-13	2.99287e-13	2.99364e-13	2.99478e-13	2.9959e-13	2.99631e-13	2.99739e-13	2.99848e-13	2.99929e-13	3.00036e-13	3.00147e-13	3.00265e-13	3.00395e-13	3.00473e-13	3.00641e-13	3.00736e-13	3.00975e-13	3.01351e-13	3.01899e-13	3.02439e-13	3.13868e-13	3.2469e-13	3.25162e-13	3.25274e-13	3.25369e-13	3.25428e-13	3.25453e-13	3.25476e-13	3.25497e-13	3.2551e-13	3.25523e-13	3.25534e-13	3.25544e-13	3.25554e-13	3.25562e-13	3.25573e-13	3.25579e-13	3.25591e-13	3.25596e-13	3.25607e-13	3.25615e-13	3.25626e-13	3.25633e-13	3.25646e-13	3.25655e-13	3.25665e-13	3.25678e-13	3.2569e-13	3.25702e-13	3.25717e-13	3.25739e-13	3.25757e-13	3.25782e-13	3.25822e-13	3.25864e-13	3.25865e-13	3.25937e-13	3.26149e-13	3.2615e-13	3.26608e-13	3.26609e-13	3.27301e-13	3.27303e-13	3.27303e-13	3.27303e-13	3.27303e-13
895.987	1.62556e-16	9.88458e-18	9.87019e-18	3.18661e-13	2.40435e-13	2.65455e-13	2.74891e-13	2.79682e-13	2.82576e-13	2.84534e-13	2.85943e-13	2.87001e-13	2.8783e-13	2.88499e-13	2.89049e-13	2.89587e-13	2.90049e-13	2.90374e-13	2.90644e-13	2.90885e-13	2.911e-13	2.91262e-13	2.91432e-13	2.91606e-13	2.91765e-13	2.91912e-13	2.92049e-13	2.92178e-13	2.92298e-13	2.92411e-13	2.92467e-13	2.92579e-13	2.92689e-13	2.9275e-13	2.92843e-13	2.92947e-13	2.93045e-13	2.93149e-13	2.93257e-13	2.93352e-13	2.9348e-13	2.93533e-13	2.93688e-13	2.93823e-13	2.94046e-13	2.94408e-13	2.94697e-13	2.95248e-13	3.02713e-13	3.17317e-13	3.17758e-13	3.17937e-13	3.18065e-13	3.18113e-13	3.18141e-13	3.1817e-13	3.18188e-13	3.182e-13	3.18214e-13	3.18223e-13	3.18235e-13	3.18241e-13	3.18251e-13	3.18261e-13	3.18266e-13	3.18276e-13	3.1828e-13	3.18287e-13	3.18295e-13	3.18303e-13	3.18311e-13	3.18319e-13	3.18328e-13	3.18334e-13	3.18341e-13	3.18352e-13	3.18357e-13	3.18367e-13	3.18375e-13	3.18389e-13	3.18397e-13	3.18414e-13	3.18428e-13	3.18434e-13	3.18451e-13	3.18478e-13	3.18478e-13	3.18555e-13	3.18556e-13	3.18657e-13	3.18661e-13	3.18661e-13	3.18661e-13	3.18661e-13
898.997	1.62556e-16	9.4462e-18	9.42097e-18	3.11691e-13	2.34435e-13	2.58834e-13	2.68049e-13	2.72731e-13	2.75558e-13	2.77469e-13	2.78845e-13	2.79878e-13	2.80688e-13	2.81343e-13	2.8188e-13	2.82415e-13	2.82879e-13	2.83203e-13	2.83469e-13	2.83706e-13	2.83917e-13	2.84061e-13	2.8422e-13	2.84391e-13	2.84548e-13	2.84694e-13	2.8483e-13	2.84957e-13	2.85077e-13	2.85188e-13	2.85234e-13	2.85343e-13	2.85449e-13	2.8552e-13	2.8562e-13	2.85719e-13	2.8582e-13	2.85923e-13	2.86029e-13	2.86094e-13	2.86218e-13	2.86277e-13	2.86425e-13	2.86595e-13	2.86757e-13	2.87087e-13	2.87269e-13	2.88048e-13	2.92115e-13	3.1008e-13	3.10749e-13	3.11072e-13	3.11208e-13	3.11252e-13	3.11294e-13	3.11326e-13	3.11342e-13	3.11358e-13	3.11369e-13	3.11381e-13	3.11393e-13	3.11399e-13	3.1141e-13	3.11417e-13	3.11425e-13	3.11432e-13	3.11439e-13	3.11443e-13	3.11453e-13	3.11457e-13	3.11465e-13	3.11471e-13	3.1148e-13	3.11487e-13	3.11491e-13	3.11502e-13	3.11508e-13	3.11512e-13	3.11517e-13	3.11531e-13	3.11541e-13	3.11549e-13	3.11557e-13	3.11567e-13	3.11579e-13	3.11597e-13	3.11597e-13	3.11625e-13	3.11625e-13	3.11688e-13	3.11691e-13	3.11691e-13	3.11691e-13	3.11691e-13
902.007	1.62556e-16	9.03997e-18	9.04523e-18	3.05286e-13	2.28132e-13	2.51884e-13	2.60866e-13	2.65432e-13	2.68189e-13	2.7005e-13	2.71392e-13	2.72399e-13	2.73189e-13	2.73827e-13	2.74352e-13	2.74878e-13	2.75339e-13	2.7566e-13	2.75921e-13	2.76154e-13	2.76363e-13	2.76491e-13	2.76639e-13	2.76808e-13	2.76962e-13	2.77105e-13	2.7724e-13	2.77365e-13	2.77484e-13	2.77594e-13	2.77642e-13	2.77747e-13	2.7785e-13	2.77942e-13	2.78037e-13	2.78135e-13	2.7822e-13	2.78324e-13	2.78429e-13	2.78474e-13	2.78593e-13	2.78682e-13	2.78826e-13	2.78998e-13	2.79096e-13	2.79388e-13	2.79622e-13	2.80476e-13	2.82244e-13	3.02554e-13	3.04215e-13	3.04695e-13	3.04815e-13	3.04879e-13	3.0494e-13	3.0497e-13	3.04988e-13	3.0501e-13	3.05019e-13	3.05035e-13	3.05047e-13	3.05054e-13	3.05064e-13	3.05071e-13	3.05079e-13	3.05085e-13	3.05093e-13	3.05097e-13	3.05107e-13	3.05111e-13	3.05116e-13	3.05125e-13	3.05131e-13	3.05139e-13	3.05143e-13	3.05149e-13	3.05158e-13	3.05162e-13	3.05166e-13	3.05176e-13	3.05187e-13	3.05193e-13	3.05199e-13	3.05205e-13	3.05213e-13	3.05234e-13	3.05234e-13	3.0525e-13	3.0525e-13	3.05283e-13	3.05286e-13	3.05286e-13	3.05286e-13	3.05286e-13
905.017	1.62556e-16	8.71301e-18	8.75983e-18	2.99861e-13	2.2131e-13	2.44366e-13	2.53095e-13	2.57535e-13	2.60214e-13	2.62023e-13	2.63328e-13	2.64307e-13	2.65075e-13	2.65695e-13	2.66205e-13	2.66718e-13	2.6717e-13	2.67486e-13	2.67743e-13	2.67971e-13	2.68176e-13	2.68295e-13	2.68435e-13	2.68599e-13	2.68751e-13	2.68891e-13	2.69023e-13	2.69146e-13	2.69263e-13	2.69373e-13	2.69433e-13	2.69536e-13	2.69637e-13	2.69735e-13	2.69833e-13	2.6993e-13	2.69992e-13	2.70095e-13	2.702e-13	2.70246e-13	2.70363e-13	2.70484e-13	2.70629e-13	2.70769e-13	2.70844e-13	2.71113e-13	2.7147e-13	2.72177e-13	2.72883e-13	2.94462e-13	2.98628e-13	2.99192e-13	2.99319e-13	2.99442e-13	2.99516e-13	2.99545e-13	2.99576e-13	2.99601e-13	2.99612e-13	2.99632e-13	2.99642e-13	2.99653e-13	2.99661e-13	2.99671e-13	2.99679e-13	2.99685e-13	2.99693e-13	2.99699e-13	2.99706e-13	2.99713e-13	2.99717e-13	2.99726e-13	2.9973e-13	2.99736e-13	2.99744e-13	2.99747e-13	2.99755e-13	2.99761e-13	2.99765e-13	2.99772e-13	2.99781e-13	2.99788e-13	2.99795e-13	2.99796e-13	2.99803e-13	2.99819e-13	2.99819e-13	2.99839e-13	2.99839e-13	2.9986e-13	2.99861e-13	2.99861e-13	2.99861e-13	2.99861e-13
908.027	1.62556e-16	8.54628e-18	8.62206e-18	2.96481e-13	2.13664e-13	2.35942e-13	2.44386e-13	2.48684e-13	2.51276e-13	2.53026e-13	2.54289e-13	2.55237e-13	2.55981e-13	2.56582e-13	2.57076e-13	2.5757e-13	2.58008e-13	2.58316e-13	2.58568e-13	2.58792e-13	2.58993e-13	2.59108e-13	2.59243e-13	2.59404e-13	2.59552e-13	2.5969e-13	2.59819e-13	2.5994e-13	2.60055e-13	2.60164e-13	2.60244e-13	2.60346e-13	2.60445e-13	2.60539e-13	2.60638e-13	2.60737e-13	2.60779e-13	2.60883e-13	2.6099e-13	2.61059e-13	2.61179e-13	2.61314e-13	2.61467e-13	2.61565e-13	2.61676e-13	2.61953e-13	2.62405e-13	2.62868e-13	2.63498e-13	2.85597e-13	2.94944e-13	2.95529e-13	2.95789e-13	2.96002e-13	2.96078e-13	2.96126e-13	2.96178e-13	2.96205e-13	2.96226e-13	2.96246e-13	2.9626e-13	2.96274e-13	2.96284e-13	2.96298e-13	2.96305e-13	2.96315e-13	2.96321e-13	2.96329e-13	2.96336e-13	2.96344e-13	2.9635e-13	2.96357e-13	2.96362e-13	2.96367e-13	2.96375e-13	2.96379e-13	2.96385e-13	2.96392e-13	2.96395e-13	2.96402e-13	2.96409e-13	2.96416e-13	2.96421e-13	2.96425e-13	2.96431e-13	2.9644e-13	2.9644e-13	2.96459e-13	2.9646e-13	2.96479e-13	2.96481e-13	2.96481e-13	2.96481e-13	2.96481e-13
911.037	1.62556e-16	8.6612e-18	8.74948e-18	2.97932e-13	2.04558e-13	2.2591e-13	2.34011e-13	2.38137e-13	2.40626e-13	2.42307e-13	2.4352e-13	2.44432e-13	2.45147e-13	2.45726e-13	2.46202e-13	2.46673e-13	2.4709e-13	2.47389e-13	2.47635e-13	2.47854e-13	2.4805e-13	2.48167e-13	2.48302e-13	2.48459e-13	2.48605e-13	2.4874e-13	2.48868e-13	2.48988e-13	2.49103e-13	2.49213e-13	2.4931e-13	2.49413e-13	2.49515e-13	2.49595e-13	2.49697e-13	2.498e-13	2.49838e-13	2.49947e-13	2.5006e-13	2.50164e-13	2.50297e-13	2.50425e-13	2.50595e-13	2.50675e-13	2.50871e-13	2.51203e-13	2.51673e-13	2.51978e-13	2.53156e-13	2.75709e-13	2.95308e-13	2.96285e-13	2.96961e-13	2.97275e-13	2.97369e-13	2.9748e-13	2.97559e-13	2.97594e-13	2.97633e-13	2.97657e-13	2.97684e-13	2.977e-13	2.9772e-13	2.97739e-13	2.97748e-13	2.97764e-13	2.9777e-13	2.9778e-13	2.9779e-13	2.97798e-13	2.97807e-13	2.97813e-13	2.97821e-13	2.97827e-13	2.97834e-13	2.9784e-13	2.97846e-13	2.97852e-13	2.97855e-13	2.97863e-13	2.97869e-13	2.97876e-13	2.97878e-13	2.97886e-13	2.97892e-13	2.979e-13	2.979e-13	2.97913e-13	2.97913e-13	2.97927e-13	2.97932e-13	2.97932e-13	2.97932e-13	2.97932e-13
914.047	1.62556e-16	9.46724e-18	9.56793e-18	3.14303e-13	1.92127e-13	2.1221e-13	2.19839e-13	2.23728e-13	2.26075e-13	2.27661e-13	2.28808e-13	2.29671e-13	2.30348e-13	2.30898e-13	2.31352e-13	2.31793e-13	2.32183e-13	2.3247e-13	2.32708e-13	2.32921e-13	2.33114e-13	2.33237e-13	2.33375e-13	2.3353e-13	2.33674e-13	2.3381e-13	2.33938e-13	2.34061e-13	2.34179e-13	2.34293e-13	2.34404e-13	2.34514e-13	2.34624e-13	2.34687e-13	2.34799e-13	2.34914e-13	2.3497e-13	2.35095e-13	2.35229e-13	2.35375e-13	2.35541e-13	2.35653e-13	2.35866e-13	2.35992e-13	2.36315e-13	2.36791e-13	2.37232e-13	2.37668e-13	2.3983e-13	2.64466e-13	3.06938e-13	3.10911e-13	3.12592e-13	3.13032e-13	3.13276e-13	3.13548e-13	3.13662e-13	3.13745e-13	3.13814e-13	3.13867e-13	3.13935e-13	3.13953e-13	3.14001e-13	3.14028e-13	3.14051e-13	3.14075e-13	3.14091e-13	3.14101e-13	3.14123e-13	3.14133e-13	3.14147e-13	3.14158e-13	3.1417e-13	3.1418e-13	3.14188e-13	3.14197e-13	3.14207e-13	3.14213e-13	3.14219e-13	3.14226e-13	3.14234e-13	3.14243e-13	3.14246e-13	3.14254e-13	3.14262e-13	3.14272e-13	3.14273e-13	3.14285e-13	3.14285e-13	3.14296e-13	3.14303e-13	3.14303e-13	3.14303e-13	3.14303e-13
917.057	1.62556e-16	1.35381e-17	1.37242e-17	4.08594e-13	1.68711e-13	1.86383e-13	1.93109e-13	1.96545e-13	1.98622e-13	2.00032e-13	2.01054e-13	2.01827e-13	2.02437e-13	2.02935e-13	2.03349e-13	2.03747e-13	2.04098e-13	2.04366e-13	2.04594e-13	2.04801e-13	2.04989e-13	2.05125e-13	2.0527e-13	2.05429e-13	2.05579e-13	2.05723e-13	2.05862e-13	2.05999e-13	2.06133e-13	2.06267e-13	2.06398e-13	2.06535e-13	2.06677e-13	2.06751e-13	2.06888e-13	2.07049e-13	2.07168e-13	2.07357e-13	2.07569e-13	2.078e-13	2.08083e-13	2.08212e-13	2.08592e-13	2.08948e-13	2.09551e-13	2.10516e-13	2.1106e-13	2.12541e-13	2.16891e-13	2.52625e-13	3.73507e-13	3.98681e-13	4.0337e-13	4.04432e-13	4.05607e-13	4.06367e-13	4.06635e-13	4.06999e-13	4.07136e-13	4.07377e-13	4.07576e-13	4.0764e-13	4.07781e-13	4.07845e-13	4.07935e-13	4.07991e-13	4.08058e-13	4.08087e-13	4.08155e-13	4.08181e-13	4.08212e-13	4.08256e-13	4.08279e-13	4.08316e-13	4.08334e-13	4.08355e-13	4.08382e-13	4.08403e-13	4.08415e-13	4.0843e-13	4.08452e-13	4.08469e-13	4.0848e-13	4.08495e-13	4.08511e-13	4.08534e-13	4.08536e-13	4.08558e-13	4.0856e-13	4.08583e-13	4.08594e-13	4.08594e-13	4.08594e-13	4.08594e-13
920.067	1.62556e-16	7.11026e-17	7.27348e-17	1.87387e-12	1.10523e-13	1.22166e-13	1.26635e-13	1.28946e-13	1.30365e-13	1.31349e-13	1.32081e-13	1.32651e-13	1.33116e-13	1.33512e-13	1.33856e-13	1.34196e-13	1.34513e-13	1.34778e-13	1.35021e-13	1.35258e-13	1.35491e-13	1.35688e-13	1.35905e-13	1.36147e-13	1.36397e-13	1.36659e-13	1.36936e-13	1.37231e-13	1.37549e-13	1.37892e-13	1.38209e-13	1.38619e-13	1.39077e-13	1.39313e-13	1.39801e-13	1.40431e-13	1.41091e-13	1.41959e-13	1.42998e-13	1.43931e-13	1.45436e-13	1.46122e-13	1.48336e-13	1.51243e-13	1.54128e-13	1.60217e-13	1.63692e-13	1.77969e-13	1.99367e-13	3.5101e-13	1.34884e-12	1.77824e-12	1.8118e-12	1.82763e-12	1.84271e-12	1.84813e-12	1.85182e-12	1.85626e-12	1.85725e-12	1.86042e-12	1.86194e-12	1.86319e-12	1.86427e-12	1.86521e-12	1.86606e-12	1.86683e-12	1.86751e-12	1.8681e-12	1.86866e-12	1.86917e-12	1.86938e-12	1.87005e-12	1.87021e-12	1.8706e-12	1.87095e-12	1.87111e-12	1.8714e-12	1.87176e-12	1.87186e-12	1.87196e-12	1.87223e-12	1.87252e-12	1.87263e-12	1.87274e-12	1.87285e-12	1.87315e-12	1.87317e-12	1.8736e-12	1.87364e-12	1.87376e-12	1.87387e-12	1.87387e-12	1.87387e-12	1.87387e-12
923.077	1.62556e-16	1.86802e-17	1.90173e-17	5.9611e-13	2.52107e-13	2.78552e-13	2.88585e-13	2.93682e-13	2.96733e-13	2.98786e-13	3.00256e-13	3.01351e-13	3.022e-13	3.02881e-13	3.03436e-13	3.03929e-13	3.04345e-13	3.04671e-13	3.04946e-13	3.05187e-13	3.05399e-13	3.05575e-13	3.05742e-13	3.059e-13	3.06044e-13	3.06177e-13	3.063e-13	3.06415e-13	3.06524e-13	3.06627e-13	3.06695e-13	3.06795e-13	3.06895e-13	3.06941e-13	3.07047e-13	3.07159e-13	3.07281e-13	3.07418e-13	3.07574e-13	3.07666e-13	3.07871e-13	3.08011e-13	3.08324e-13	3.08749e-13	3.08996e-13	3.09766e-13	3.10519e-13	3.12579e-13	3.14222e-13	3.26118e-13	4.63239e-13	5.75821e-13	5.81527e-13	5.86581e-13	5.89261e-13	5.90055e-13	5.91194e-13	5.91952e-13	5.9227e-13	5.92847e-13	5.93092e-13	5.93437e-13	5.93616e-13	5.9394e-13	5.94032e-13	5.94297e-13	5.94372e-13	5.94551e-13	5.94655e-13	5.94812e-13	5.94889e-13	5.9503e-13	5.95108e-13	5.95151e-13	5.95268e-13	5.95338e-13	5.95366e-13	5.95483e-13	5.95501e-13	5.95564e-13	5.9559e-13	5.95703e-13	5.95722e-13	5.95798e-13	5.95817e-13	5.95841e-13	5.95847e-13	5.96022e-13	5.96036e-13	5.96046e-13	5.9611e-13	5.9611e-13	5.9611e-13	5.9611e-13
926.087	1.62556e-16	9.00839e-18	9.08633e-18	3.30126e-13	2.24103e-13	2.47665e-13	2.56611e-13	2.6116e-13	2.63883e-13	2.6572e-13	2.67036e-13	2.68018e-13	2.68781e-13	2.69393e-13	2.69894e-13	2.70328e-13	2.70693e-13	2.70988e-13	2.71238e-13	2.71459e-13	2.71653e-13	2.71821e-13	2.71976e-13	2.72117e-13	2.72244e-13	2.7236e-13	2.72465e-13	2.72561e-13	2.7265e-13	2.72731e-13	2.7277e-13	2.72843e-13	2.72912e-13	2.72955e-13	2.73021e-13	2.73085e-13	2.73143e-13	2.73205e-13	2.73265e-13	2.7329e-13	2.73356e-13	2.73417e-13	2.73503e-13	2.73588e-13	2.73629e-13	2.7378e-13	2.73992e-13	2.74285e-13	2.74492e-13	2.75878e-13	2.94989e-13	3.23973e-13	3.26434e-13	3.27882e-13	3.28297e-13	3.28541e-13	3.28856e-13	3.28971e-13	3.29098e-13	3.29187e-13	3.29271e-13	3.29338e-13	3.29404e-13	3.295e-13	3.29512e-13	3.29593e-13	3.29604e-13	3.29638e-13	3.29684e-13	3.29714e-13	3.29755e-13	3.29781e-13	3.29821e-13	3.2983e-13	3.29851e-13	3.2989e-13	3.29898e-13	3.29919e-13	3.29923e-13	3.29963e-13	3.29971e-13	3.29991e-13	3.29995e-13	3.30043e-13	3.30048e-13	3.30058e-13	3.30061e-13	3.30089e-13	3.30092e-13	3.30093e-13	3.30126e-13	3.30126e-13	3.30126e-13	3.30126e-13
929.097	1.62556e-16	7.31224e-18	7.34617e-18	2.80785e-13	2.11397e-13	2.33674e-13	2.42137e-13	2.46441e-13	2.49016e-13	2.50757e-13	2.52004e-13	2.52935e-13	2.53658e-13	2.54239e-13	2.54715e-13	2.5512e-13	2.5546e-13	2.55741e-13	2.55983e-13	2.56196e-13	2.56384e-13	2.56551e-13	2.56702e-13	2.56838e-13	2.5696e-13	2.57071e-13	2.57173e-13	2.57265e-13	2.57351e-13	2.57428e-13	2.57458e-13	2.5753e-13	2.57597e-13	2.57652e-13	2.57713e-13	2.57772e-13	2.57815e-13	2.57868e-13	2.57919e-13	2.57942e-13	2.57995e-13	2.5805e-13	2.58107e-13	2.58144e-13	2.58178e-13	2.5826e-13	2.58373e-13	2.5845e-13	2.58575e-13	2.59092e-13	2.63724e-13	2.76715e-13	2.79104e-13	2.79704e-13	2.79838e-13	2.8001e-13	2.80132e-13	2.80174e-13	2.80242e-13	2.80273e-13	2.80333e-13	2.80347e-13	2.80397e-13	2.80435e-13	2.80451e-13	2.80482e-13	2.80498e-13	2.80503e-13	2.80541e-13	2.80545e-13	2.80568e-13	2.80584e-13	2.80606e-13	2.80622e-13	2.80624e-13	2.80645e-13	2.80662e-13	2.80664e-13	2.80666e-13	2.80687e-13	2.80707e-13	2.80708e-13	2.8071e-13	2.80735e-13	2.80736e-13	2.80764e-13	2.80766e-13	2.80767e-13	2.80769e-13	2.8077e-13	2.80785e-13	2.80785e-13	2.80785e-13	2.80785e-13
932.107	1.62556e-16	6.65396e-18	6.6757e-18	2.61282e-13	2.0347e-13	2.24964e-13	2.33131e-13	2.37284e-13	2.39768e-13	2.41449e-13	2.42652e-13	2.43551e-13	2.44249e-13	2.4481e-13	2.4527e-13	2.45655e-13	2.45977e-13	2.4625e-13	2.46487e-13	2.46696e-13	2.46881e-13	2.47044e-13	2.47189e-13	2.47321e-13	2.4744e-13	2.47548e-13	2.47646e-13	2.47737e-13	2.4782e-13	2.47896e-13	2.47926e-13	2.47997e-13	2.48065e-13	2.48127e-13	2.48188e-13	2.48246e-13	2.48275e-13	2.48327e-13	2.48376e-13	2.48408e-13	2.48459e-13	2.48509e-13	2.48559e-13	2.4858e-13	2.48624e-13	2.48691e-13	2.48761e-13	2.48795e-13	2.48917e-13	2.49237e-13	2.50534e-13	2.57672e-13	2.60284e-13	2.60538e-13	2.60649e-13	2.60774e-13	2.60821e-13	2.60859e-13	2.6089e-13	2.60918e-13	2.60961e-13	2.60965e-13	2.61001e-13	2.61016e-13	2.61036e-13	2.61048e-13	2.61067e-13	2.6107e-13	2.61096e-13	2.611e-13	2.61108e-13	2.61128e-13	2.61135e-13	2.61153e-13	2.61158e-13	2.61163e-13	2.61182e-13	2.61188e-13	2.61189e-13	2.61194e-13	2.61215e-13	2.61223e-13	2.61224e-13	2.61229e-13	2.6123e-13	2.61258e-13	2.6126e-13	2.61274e-13	2.61277e-13	2.61277e-13	2.61282e-13	2.61282e-13	2.61282e-13	2.61282e-13
935.117	1.62556e-16	6.28023e-18	6.30051e-18	2.50359e-13	1.97663e-13	2.18598e-13	2.26553e-13	2.30597e-13	2.33013e-13	2.3465e-13	2.35822e-13	2.36696e-13	2.37374e-13	2.37919e-13	2.38366e-13	2.38737e-13	2.39049e-13	2.39317e-13	2.3955e-13	2.39756e-13	2.39937e-13	2.40092e-13	2.40231e-13	2.40358e-13	2.40474e-13	2.40579e-13	2.40676e-13	2.40765e-13	2.40847e-13	2.40921e-13	2.40959e-13	2.41031e-13	2.41099e-13	2.41162e-13	2.41221e-13	2.41277e-13	2.41297e-13	2.4135e-13	2.414e-13	2.41443e-13	2.41494e-13	2.41532e-13	2.41579e-13	2.416e-13	2.41653e-13	2.41714e-13	2.41754e-13	2.41792e-13	2.41903e-13	2.4213e-13	2.42491e-13	2.46757e-13	2.49605e-13	2.4975e-13	2.49883e-13	2.49961e-13	2.49985e-13	2.50025e-13	2.50036e-13	2.50068e-13	2.50092e-13	2.50102e-13	2.50122e-13	2.50132e-13	2.50148e-13	2.50157e-13	2.50171e-13	2.50181e-13	2.50194e-13	2.50204e-13	2.50206e-13	2.50227e-13	2.50228e-13	2.50239e-13	2.50251e-13	2.50252e-13	2.50262e-13	2.50276e-13	2.50277e-13	2.50278e-13	2.50289e-13	2.50306e-13	2.50307e-13	2.50309e-13	2.50309e-13	2.50322e-13	2.50323e-13	2.50352e-13	2.50355e-13	2.50356e-13	2.50359e-13	2.50359e-13	2.50359e-13	2.50359e-13
938.127	1.62556e-16	6.0213e-18	6.04592e-18	2.43e-13	1.93065e-13	2.1357e-13	2.2136e-13	2.25319e-13	2.27681e-13	2.29283e-13	2.30429e-13	2.31282e-13	2.31944e-13	2.32476e-13	2.32912e-13	2.33272e-13	2.33578e-13	2.33843e-13	2.34072e-13	2.34275e-13	2.34454e-13	2.34597e-13	2.34727e-13	2.34852e-13	2.34965e-13	2.35069e-13	2.35164e-13	2.35251e-13	2.35333e-13	2.35407e-13	2.35457e-13	2.35529e-13	2.35597e-13	2.35652e-13	2.3571e-13	2.35765e-13	2.35785e-13	2.35838e-13	2.35889e-13	2.35939e-13	2.35989e-13	2.36014e-13	2.3606e-13	2.36091e-13	2.36143e-13	2.362e-13	2.36223e-13	2.36279e-13	2.36363e-13	2.36526e-13	2.36653e-13	2.3923e-13	2.42255e-13	2.42478e-13	2.42619e-13	2.4266e-13	2.42687e-13	2.42722e-13	2.42728e-13	2.42756e-13	2.42768e-13	2.42783e-13	2.42792e-13	2.42807e-13	2.42814e-13	2.42829e-13	2.42834e-13	2.42847e-13	2.42854e-13	2.42866e-13	2.4287e-13	2.42884e-13	2.4289e-13	2.42893e-13	2.42905e-13	2.42912e-13	2.42914e-13	2.42926e-13	2.42927e-13	2.42935e-13	2.42937e-13	2.42951e-13	2.42952e-13	2.42964e-13	2.42965e-13	2.42965e-13	2.42966e-13	2.42989e-13	2.42991e-13	2.42992e-13	2.43e-13	2.43e-13	2.43e-13	2.43e-13
941.137	1.62556e-16	5.82266e-18	5.85599e-18	2.37534e-13	1.8928e-13	2.09442e-13	2.17098e-13	2.20987e-13	2.23305e-13	2.24877e-13	2.26001e-13	2.26837e-13	2.27484e-13	2.28004e-13	2.2843e-13	2.28783e-13	2.29088e-13	2.2935e-13	2.29577e-13	2.29776e-13	2.29951e-13	2.30081e-13	2.30202e-13	2.30325e-13	2.30437e-13	2.3054e-13	2.30634e-13	2.30722e-13	2.30803e-13	2.30879e-13	2.30941e-13	2.31013e-13	2.3108e-13	2.31126e-13	2.31179e-13	2.31233e-13	2.3126e-13	2.31314e-13	2.31366e-13	2.31415e-13	2.31463e-13	2.3148e-13	2.31527e-13	2.31571e-13	2.31611e-13	2.31664e-13	2.31687e-13	2.31755e-13	2.31806e-13	2.31928e-13	2.3205e-13	2.33523e-13	2.36612e-13	2.37085e-13	2.37206e-13	2.37233e-13	2.37269e-13	2.37293e-13	2.37304e-13	2.37323e-13	2.37331e-13	2.37345e-13	2.37353e-13	2.3737e-13	2.37372e-13	2.37389e-13	2.3739e-13	2.374e-13	2.37409e-13	2.37417e-13	2.37426e-13	2.37433e-13	2.37444e-13	2.37445e-13	2.37451e-13	2.37463e-13	2.37465e-13	2.3747e-13	2.37471e-13	2.37484e-13	2.37487e-13	2.37492e-13	2.37493e-13	2.3751e-13	2.3751e-13	2.37516e-13	2.37516e-13	2.37522e-13	2.37524e-13	2.37524e-13	2.37534e-13	2.37534e-13	2.37534e-13	2.37534e-13
944.147	1.62556e-16	5.66148e-18	5.70734e-18	2.33278e-13	1.86105e-13	2.05988e-13	2.13535e-13	2.17365e-13	2.19644e-13	2.21192e-13	2.22296e-13	2.23116e-13	2.2375e-13	2.24259e-13	2.24676e-13	2.25025e-13	2.25332e-13	2.25592e-13	2.25816e-13	2.26011e-13	2.26184e-13	2.26299e-13	2.26413e-13	2.26535e-13	2.26646e-13	2.26749e-13	2.26844e-13	2.26932e-13	2.27014e-13	2.27091e-13	2.27163e-13	2.27233e-13	2.27298e-13	2.27328e-13	2.27384e-13	2.27438e-13	2.27478e-13	2.27532e-13	2.27584e-13	2.27623e-13	2.2767e-13	2.27689e-13	2.27737e-13	2.27787e-13	2.27813e-13	2.27864e-13	2.279e-13	2.27965e-13	2.27994e-13	2.28094e-13	2.2826e-13	2.2901e-13	2.31994e-13	2.32881e-13	2.32967e-13	2.33001e-13	2.33042e-13	2.33056e-13	2.33072e-13	2.33082e-13	2.33095e-13	2.33103e-13	2.33114e-13	2.3313e-13	2.33133e-13	2.33147e-13	2.3315e-13	2.33153e-13	2.33167e-13	2.33169e-13	2.33179e-13	2.33185e-13	2.33195e-13	2.33201e-13	2.33202e-13	2.33212e-13	2.3322e-13	2.3322e-13	2.33221e-13	2.33231e-13	2.33241e-13	2.33242e-13	2.33242e-13	2.33253e-13	2.33254e-13	2.3327e-13	2.3327e-13	2.33271e-13	2.33272e-13	2.33272e-13	2.33278e-13	2.33278e-13	2.33278e-13	2.33278e-13
947.157	1.62556e-16	5.52449e-18	5.58582e-18	2.299e-13	1.83413e-13	2.03071e-13	2.10528e-13	2.14308e-13	2.16554e-13	2.18079e-13	2.19166e-13	2.19971e-13	2.20594e-13	2.21093e-13	2.21501e-13	2.21849e-13	2.2216e-13	2.22419e-13	2.22639e-13	2.22831e-13	2.22999e-13	2.23102e-13	2.23211e-13	2.23333e-13	2.23445e-13	2.23548e-13	2.23644e-13	2.23734e-13	2.23817e-13	2.23896e-13	2.23969e-13	2.24037e-13	2.241e-13	2.24122e-13	2.2418e-13	2.24235e-13	2.24285e-13	2.24338e-13	2.24389e-13	2.24417e-13	2.24463e-13	2.24491e-13	2.24541e-13	2.24587e-13	2.24604e-13	2.24655e-13	2.24707e-13	2.24755e-13	2.24782e-13	2.24877e-13	2.25061e-13	2.25378e-13	2.28063e-13	2.29508e-13	2.29577e-13	2.29636e-13	2.29671e-13	2.29682e-13	2.297e-13	2.29707e-13	2.29724e-13	2.29727e-13	2.29743e-13	2.29752e-13	2.2976e-13	2.29768e-13	2.29776e-13	2.29776e-13	2.29791e-13	2.29792e-13	2.29798e-13	2.29808e-13	2.29813e-13	2.29823e-13	2.29825e-13	2.29829e-13	2.2984e-13	2.29843e-13	2.29843e-13	2.29846e-13	2.29859e-13	2.29864e-13	2.29865e-13	2.29867e-13	2.29867e-13	2.29885e-13	2.29885e-13	2.29897e-13	2.29898e-13	2.29899e-13	2.299e-13	2.299e-13	2.299e-13	2.299e-13
950.167	1.62556e-16	5.4007e-18	5.47827e-18	2.27206e-13	1.81111e-13	2.00586e-13	2.07967e-13	2.11705e-13	2.13921e-13	2.15427e-13	2.16498e-13	2.1729e-13	2.17902e-13	2.18391e-13	2.18792e-13	2.1914e-13	2.19457e-13	2.19716e-13	2.19931e-13	2.20119e-13	2.20284e-13	2.20377e-13	2.20483e-13	2.20606e-13	2.20719e-13	2.20824e-13	2.20922e-13	2.21013e-13	2.21098e-13	2.21177e-13	2.21246e-13	2.21312e-13	2.21373e-13	2.21394e-13	2.21453e-13	2.21509e-13	2.21564e-13	2.21617e-13	2.21665e-13	2.21685e-13	2.21731e-13	2.21772e-13	2.21821e-13	2.21857e-13	2.21876e-13	2.21929e-13	2.21987e-13	2.22016e-13	2.22059e-13	2.22156e-13	2.22314e-13	2.22439e-13	2.24643e-13	2.26734e-13	2.26863e-13	2.26949e-13	2.26974e-13	2.26992e-13	2.27005e-13	2.27017e-13	2.27034e-13	2.27036e-13	2.27051e-13	2.27057e-13	2.27067e-13	2.27072e-13	2.27081e-13	2.27085e-13	2.27095e-13	2.271e-13	2.27101e-13	2.27115e-13	2.27116e-13	2.27124e-13	2.27132e-13	2.27132e-13	2.2714e-13	2.27149e-13	2.27149e-13	2.2715e-13	2.27157e-13	2.27169e-13	2.2717e-13	2.27171e-13	2.27172e-13	2.2718e-13	2.2718e-13	2.27202e-13	2.27204e-13	2.27205e-13	2.27206e-13	2.27206e-13	2.27206e-13	2.27206e-13
953.177	1.62556e-16	5.27992e-18	5.37043e-18	2.25078e-13	1.79102e-13	1.98427e-13	2.05744e-13	2.09444e-13	2.11633e-13	2.1312e-13	2.14177e-13	2.14956e-13	2.15558e-13	2.16039e-13	2.16433e-13	2.16784e-13	2.17108e-13	2.17366e-13	2.17577e-13	2.1776e-13	2.17921e-13	2.18009e-13	2.18115e-13	2.1824e-13	2.18355e-13	2.18462e-13	2.18561e-13	2.18653e-13	2.18738e-13	2.18818e-13	2.18876e-13	2.1894e-13	2.19e-13	2.19028e-13	2.19089e-13	2.19147e-13	2.19199e-13	2.19249e-13	2.19296e-13	2.19314e-13	2.19363e-13	2.19411e-13	2.19459e-13	2.19483e-13	2.19514e-13	2.19569e-13	2.19621e-13	2.19641e-13	2.19704e-13	2.19804e-13	2.1991e-13	2.20013e-13	2.21629e-13	2.24373e-13	2.24726e-13	2.24824e-13	2.24845e-13	2.24872e-13	2.2488e-13	2.24898e-13	2.24912e-13	2.24918e-13	2.24928e-13	2.24935e-13	2.24943e-13	2.2495e-13	2.24957e-13	2.24965e-13	2.2497e-13	2.24979e-13	2.2498e-13	2.24992e-13	2.24995e-13	2.24998e-13	2.25008e-13	2.25011e-13	2.25013e-13	2.25024e-13	2.25024e-13	2.25029e-13	2.25031e-13	2.25042e-13	2.25043e-13	2.25051e-13	2.25052e-13	2.25052e-13	2.25053e-13	2.2507e-13	2.25072e-13	2.25073e-13	2.25078e-13	2.25078e-13	2.25078e-13	2.25078e-13
956.187	1.62556e-16	5.15617e-18	5.25098e-18	2.23455e-13	1.77238e-13	1.9643e-13	2.03689e-13	2.07353e-13	2.09517e-13	2.10986e-13	2.12029e-13	2.12795e-13	2.13387e-13	2.1386e-13	2.14248e-13	2.14603e-13	2.14934e-13	2.1519e-13	2.15397e-13	2.15577e-13	2.15734e-13	2.1582e-13	2.15929e-13	2.16057e-13	2.16174e-13	2.16283e-13	2.16383e-13	2.16475e-13	2.1656e-13	2.16638e-13	2.16684e-13	2.16747e-13	2.16807e-13	2.16847e-13	2.16909e-13	2.16968e-13	2.1701e-13	2.17059e-13	2.17106e-13	2.17131e-13	2.17182e-13	2.1723e-13	2.17276e-13	2.17294e-13	2.17339e-13	2.17395e-13	2.17433e-13	2.1746e-13	2.17535e-13	2.17634e-13	2.17696e-13	2.17862e-13	2.18902e-13	2.22241e-13	2.231e-13	2.23192e-13	2.23225e-13	2.23261e-13	2.23268e-13	2.23291e-13	2.23299e-13	2.2331e-13	2.23317e-13	2.23328e-13	2.23332e-13	2.23343e-13	2.23346e-13	2.23355e-13	2.23359e-13	2.23368e-13	2.23373e-13	2.2338e-13	2.23387e-13	2.23388e-13	2.23395e-13	2.23403e-13	2.23404e-13	2.23409e-13	2.2341e-13	2.2342e-13	2.23421e-13	2.23426e-13	2.23427e-13	2.2344e-13	2.23441e-13	2.23444e-13	2.23445e-13	2.2345e-13	2.23451e-13	2.23451e-13	2.23455e-13	2.23455e-13	2.23455e-13	2.23455e-13
959.197	1.62556e-16	5.03821e-18	5.12457e-18	2.224e-13	1.75152e-13	1.94188e-13	2.01379e-13	2.05001e-13	2.07137e-13	2.08585e-13	2.09612e-13	2.10365e-13	2.10947e-13	2.11412e-13	2.11794e-13	2.12154e-13	2.12491e-13	2.12744e-13	2.12946e-13	2.13122e-13	2.13277e-13	2.13366e-13	2.13481e-13	2.13611e-13	2.1373e-13	2.13839e-13	2.13939e-13	2.14031e-13	2.14115e-13	2.14191e-13	2.14225e-13	2.1429e-13	2.14351e-13	2.14404e-13	2.14466e-13	2.14525e-13	2.14555e-13	2.14605e-13	2.14653e-13	2.1469e-13	2.14743e-13	2.14784e-13	2.1483e-13	2.14852e-13	2.14907e-13	2.14965e-13	2.1499e-13	2.15037e-13	2.15109e-13	2.15208e-13	2.15261e-13	2.15508e-13	2.16098e-13	2.20078e-13	2.21986e-13	2.22081e-13	2.22158e-13	2.22198e-13	2.22213e-13	2.22235e-13	2.22244e-13	2.22257e-13	2.22264e-13	2.22279e-13	2.22281e-13	2.22294e-13	2.22296e-13	2.22302e-13	2.2231e-13	2.22314e-13	2.22323e-13	2.22327e-13	2.22335e-13	2.22339e-13	2.22341e-13	2.22349e-13	2.22354e-13	2.22355e-13	2.22356e-13	2.22364e-13	2.22371e-13	2.22372e-13	2.22372e-13	2.22382e-13	2.22382e-13	2.22394e-13	2.22394e-13	2.22395e-13	2.22395e-13	2.22396e-13	2.224e-13	2.224e-13	2.224e-13	2.224e-13
962.207	1.62556e-16	5.00329e-18	5.07053e-18	2.22973e-13	1.7122e-13	1.89899e-13	1.96947e-13	2.0049e-13	2.02574e-13	2.03987e-13	2.04988e-13	2.05721e-13	2.06287e-13	2.06741e-13	2.07115e-13	2.07477e-13	2.07817e-13	2.08066e-13	2.08263e-13	2.08435e-13	2.08588e-13	2.08684e-13	2.08805e-13	2.08936e-13	2.09056e-13	2.09166e-13	2.09266e-13	2.09356e-13	2.09439e-13	2.09513e-13	2.09541e-13	2.09609e-13	2.09675e-13	2.09738e-13	2.09801e-13	2.09861e-13	2.09883e-13	2.09937e-13	2.09991e-13	2.10043e-13	2.10101e-13	2.10132e-13	2.10184e-13	2.10223e-13	2.10283e-13	2.1035e-13	2.10375e-13	2.10456e-13	2.10522e-13	2.10645e-13	2.10751e-13	2.11114e-13	2.11478e-13	2.17192e-13	2.22172e-13	2.22456e-13	2.22667e-13	2.22718e-13	2.22761e-13	2.22785e-13	2.22807e-13	2.2282e-13	2.22837e-13	2.22853e-13	2.22858e-13	2.2287e-13	2.22875e-13	2.22878e-13	2.2289e-13	2.22891e-13	2.22898e-13	2.22904e-13	2.2291e-13	2.22917e-13	2.22918e-13	2.22922e-13	2.2293e-13	2.22932e-13	2.22932e-13	2.22936e-13	2.22944e-13	2.22947e-13	2.22948e-13	2.2295e-13	2.22951e-13	2.22963e-13	2.22963e-13	2.2297e-13	2.22971e-13	2.22971e-13	2.22973e-13	2.22973e-13	2.22973e-13	2.22973e-13
965.217	1.62556e-16	7.05301e-18	7.17371e-18	2.88228e-13	1.78379e-13	1.97926e-13	2.053e-13	2.09004e-13	2.11183e-13	2.12663e-13	2.13714e-13	2.14486e-13	2.15087e-13	2.15571e-13	2.15974e-13	2.16376e-13	2.16755e-13	2.1703e-13	2.17247e-13	2.17441e-13	2.17615e-13	2.17738e-13	2.17888e-13	2.18044e-13	2.18189e-13	2.18321e-13	2.18443e-13	2.18556e-13	2.1866e-13	2.18755e-13	2.18793e-13	2.1889e-13	2.18987e-13	2.19083e-13	2.19176e-13	2.19266e-13	2.19296e-13	2.1939e-13	2.19489e-13	2.19594e-13	2.19702e-13	2.19744e-13	2.19858e-13	2.19981e-13	2.20091e-13	2.20254e-13	2.20353e-13	2.20613e-13	2.20737e-13	2.21132e-13	2.2173e-13	2.22855e-13	2.23754e-13	2.45183e-13	2.8037e-13	2.84731e-13	2.86256e-13	2.86531e-13	2.86904e-13	2.87036e-13	2.87264e-13	2.87302e-13	2.87455e-13	2.87524e-13	2.87584e-13	2.87629e-13	2.87681e-13	2.87694e-13	2.87759e-13	2.87773e-13	2.87792e-13	2.87843e-13	2.87856e-13	2.87893e-13	2.87915e-13	2.87922e-13	2.87957e-13	2.87984e-13	2.87989e-13	2.87994e-13	2.88028e-13	2.88068e-13	2.88072e-13	2.88077e-13	2.88081e-13	2.88118e-13	2.88122e-13	2.88204e-13	2.88212e-13	2.88215e-13	2.88228e-13	2.88228e-13	2.88228e-13	2.88228e-13
968.227	1.62556e-16	4.85774e-18	4.91576e-18	2.29798e-13	1.86417e-13	2.0691e-13	2.14615e-13	2.18465e-13	2.20717e-13	2.22239e-13	2.23313e-13	2.24097e-13	2.24705e-13	2.25193e-13	2.25599e-13	2.26007e-13	2.26384e-13	2.26648e-13	2.26855e-13	2.27038e-13	2.27202e-13	2.27329e-13	2.27472e-13	2.2761e-13	2.27734e-13	2.27844e-13	2.27941e-13	2.28028e-13	2.28107e-13	2.28177e-13	2.28211e-13	2.28282e-13	2.2835e-13	2.28407e-13	2.28462e-13	2.28512e-13	2.28533e-13	2.28585e-13	2.28634e-13	2.28676e-13	2.28717e-13	2.28731e-13	2.28771e-13	2.28811e-13	2.28828e-13	2.28862e-13	2.2889e-13	2.2892e-13	2.28931e-13	2.28967e-13	2.29004e-13	2.29023e-13	2.29051e-13	2.2916e-13	2.29363e-13	2.2942e-13	2.29441e-13	2.29451e-13	2.29465e-13	2.29476e-13	2.29501e-13	2.29502e-13	2.29525e-13	2.29532e-13	2.29548e-13	2.29555e-13	2.29571e-13	2.29579e-13	2.29593e-13	2.29605e-13	2.29605e-13	2.2963e-13	2.29632e-13	2.29642e-13	2.29659e-13	2.29662e-13	2.29669e-13	2.29689e-13	2.2969e-13	2.29696e-13	2.29701e-13	2.29726e-13	2.29726e-13	2.2974e-13	2.2974e-13	2.29743e-13	2.29743e-13	2.29783e-13	2.29786e-13	2.29787e-13	2.29798e-13	2.29798e-13	2.29798e-13	2.29798e-13
971.237	1.62556e-16	4.78116e-18	4.85649e-18	2.26601e-13	1.8364e-13	2.03909e-13	2.11516e-13	2.15304e-13	2.17516e-13	2.19007e-13	2.2006e-13	2.20828e-13	2.21426e-13	2.21908e-13	2.22311e-13	2.22721e-13	2.23095e-13	2.23355e-13	2.23559e-13	2.23742e-13	2.23906e-13	2.24045e-13	2.24191e-13	2.24326e-13	2.24446e-13	2.24551e-13	2.24645e-13	2.24728e-13	2.24805e-13	2.24874e-13	2.24919e-13	2.24992e-13	2.2506e-13	2.25106e-13	2.25159e-13	2.25209e-13	2.2524e-13	2.25293e-13	2.25344e-13	2.25377e-13	2.25417e-13	2.25438e-13	2.25481e-13	2.25519e-13	2.25532e-13	2.25569e-13	2.25607e-13	2.25628e-13	2.25648e-13	2.25689e-13	2.25729e-13	2.25745e-13	2.25798e-13	2.25892e-13	2.26214e-13	2.26313e-13	2.26322e-13	2.26334e-13	2.2634e-13	2.26354e-13	2.26368e-13	2.26373e-13	2.26385e-13	2.26393e-13	2.26403e-13	2.26413e-13	2.26421e-13	2.26433e-13	2.2644e-13	2.26453e-13	2.26457e-13	2.26472e-13	2.2648e-13	2.26481e-13	2.26495e-13	2.26505e-13	2.26506e-13	2.26518e-13	2.26519e-13	2.26534e-13	2.26534e-13	2.26546e-13	2.26546e-13	2.26569e-13	2.26569e-13	2.26573e-13	2.26573e-13	2.26586e-13	2.26587e-13	2.26588e-13	2.26601e-13	2.26601e-13	2.26601e-13	2.26601e-13
974.247	1.62556e-16	4.77358e-18	4.88577e-18	2.26935e-13	1.83443e-13	2.03773e-13	2.11388e-13	2.15168e-13	2.17369e-13	2.18851e-13	2.19897e-13	2.20661e-13	2.21257e-13	2.21742e-13	2.22149e-13	2.22567e-13	2.22942e-13	2.232e-13	2.23406e-13	2.23592e-13	2.23761e-13	2.23911e-13	2.2406e-13	2.24192e-13	2.24308e-13	2.24411e-13	2.24502e-13	2.24585e-13	2.24661e-13	2.24732e-13	2.2479e-13	2.24864e-13	2.24932e-13	2.24966e-13	2.2502e-13	2.25071e-13	2.25114e-13	2.25168e-13	2.25218e-13	2.25241e-13	2.25282e-13	2.25314e-13	2.25359e-13	2.25389e-13	2.25405e-13	2.25446e-13	2.25487e-13	2.25501e-13	2.25533e-13	2.25579e-13	2.25611e-13	2.25634e-13	2.25708e-13	2.25769e-13	2.26319e-13	2.26647e-13	2.26665e-13	2.26687e-13	2.2669e-13	2.26708e-13	2.26716e-13	2.26727e-13	2.26733e-13	2.26747e-13	2.26751e-13	2.26767e-13	2.26769e-13	2.2678e-13	2.26788e-13	2.26798e-13	2.26808e-13	2.26816e-13	2.26829e-13	2.26831e-13	2.26837e-13	2.26851e-13	2.26856e-13	2.26859e-13	2.26859e-13	2.26876e-13	2.26885e-13	2.26886e-13	2.26887e-13	2.26907e-13	2.26907e-13	2.26925e-13	2.26925e-13	2.26926e-13	2.26926e-13	2.26926e-13	2.26935e-13	2.26935e-13	2.26935e-13	2.26935e-13
977.258	1.62556e-16	4.71714e-18	4.85137e-18	2.28199e-13	1.84073e-13	2.04559e-13	2.12215e-13	2.16002e-13	2.18201e-13	2.1968e-13	2.20724e-13	2.21488e-13	2.22088e-13	2.22578e-13	2.22993e-13	2.23419e-13	2.23795e-13	2.24054e-13	2.24264e-13	2.24455e-13	2.24629e-13	2.24789e-13	2.24938e-13	2.25067e-13	2.2518e-13	2.25281e-13	2.25371e-13	2.25454e-13	2.25533e-13	2.25607e-13	2.25677e-13	2.25751e-13	2.25817e-13	2.25841e-13	2.25897e-13	2.25951e-13	2.26004e-13	2.26057e-13	2.26104e-13	2.26121e-13	2.26165e-13	2.26207e-13	2.26251e-13	2.26272e-13	2.26297e-13	2.26342e-13	2.26376e-13	2.2639e-13	2.26433e-13	2.26478e-13	2.265e-13	2.2654e-13	2.26609e-13	2.26647e-13	2.27228e-13	2.27854e-13	2.27916e-13	2.27944e-13	2.2795e-13	2.27968e-13	2.27974e-13	2.27986e-13	2.27992e-13	2.2801e-13	2.28011e-13	2.28029e-13	2.28031e-13	2.28037e-13	2.28051e-13	2.28055e-13	2.28067e-13	2.28074e-13	2.28086e-13	2.28094e-13	2.28095e-13	2.28107e-13	2.28119e-13	2.28119e-13	2.2812e-13	2.2813e-13	2.28146e-13	2.28149e-13	2.28149e-13	2.28157e-13	2.28158e-13	2.28184e-13	2.28185e-13	2.28194e-13	2.28195e-13	2.28196e-13	2.28199e-13	2.28199e-13	2.28199e-13	2.28199e-13
980.268	1.62556e-16	4.61123e-18	4.73098e-18	2.29994e-13	1.85176e-13	2.05873e-13	2.13591e-13	2.17392e-13	2.19595e-13	2.21074e-13	2.22119e-13	2.22886e-13	2.23492e-13	2.23991e-13	2.24416e-13	2.24851e-13	2.25227e-13	2.25488e-13	2.25704e-13	2.25901e-13	2.26082e-13	2.26248e-13	2.26394e-13	2.26521e-13	2.26632e-13	2.26731e-13	2.26822e-13	2.26908e-13	2.2699e-13	2.27069e-13	2.27146e-13	2.27218e-13	2.27282e-13	2.27302e-13	2.27361e-13	2.27419e-13	2.27475e-13	2.27526e-13	2.27571e-13	2.27589e-13	2.27636e-13	2.27682e-13	2.27724e-13	2.27739e-13	2.27777e-13	2.27821e-13	2.27845e-13	2.27867e-13	2.27911e-13	2.27955e-13	2.27973e-13	2.2803e-13	2.28077e-13	2.28129e-13	2.28595e-13	2.29513e-13	2.29691e-13	2.29718e-13	2.29733e-13	2.29747e-13	2.29757e-13	2.29766e-13	2.29777e-13	2.29794e-13	2.29798e-13	2.29812e-13	2.29818e-13	2.29819e-13	2.29838e-13	2.29839e-13	2.29848e-13	2.2986e-13	2.29866e-13	2.2988e-13	2.29883e-13	2.29887e-13	2.29902e-13	2.29908e-13	2.29909e-13	2.29911e-13	2.29927e-13	2.29939e-13	2.2994e-13	2.29941e-13	2.29941e-13	2.29961e-13	2.29961e-13	2.29989e-13	2.29992e-13	2.29992e-13	2.29994e-13	2.29994e-13	2.29994e-13	2.29994e-13
983.278	1.62556e-16	4.54709e-18	4.63775e-18	2.32359e-13	1.86781e-13	2.07748e-13	2.15546e-13	2.19372e-13	2.21582e-13	2.23066e-13	2.24116e-13	2.24889e-13	2.25505e-13	2.26016e-13	2.26454e-13	2.26897e-13	2.27273e-13	2.27537e-13	2.27761e-13	2.27966e-13	2.28154e-13	2.28322e-13	2.28463e-13	2.28587e-13	2.28697e-13	2.28797e-13	2.28891e-13	2.28981e-13	2.29068e-13	2.29152e-13	2.2923e-13	2.29299e-13	2.29361e-13	2.29384e-13	2.29448e-13	2.29509e-13	2.2956e-13	2.29609e-13	2.29653e-13	2.29678e-13	2.29728e-13	2.29771e-13	2.2981e-13	2.29828e-13	2.29872e-13	2.29915e-13	2.2993e-13	2.29966e-13	2.30001e-13	2.30042e-13	2.30068e-13	2.30129e-13	2.30156e-13	2.30241e-13	2.3053e-13	2.31639e-13	2.32036e-13	2.32059e-13	2.32087e-13	2.32096e-13	2.32115e-13	2.32118e-13	2.32137e-13	2.32149e-13	2.32158e-13	2.32167e-13	2.32178e-13	2.3218e-13	2.32197e-13	2.32201e-13	2.32204e-13	2.32223e-13	2.32225e-13	2.32237e-13	2.32247e-13	2.32248e-13	2.32258e-13	2.32272e-13	2.32273e-13	2.32275e-13	2.32283e-13	2.32302e-13	2.32303e-13	2.32309e-13	2.32309e-13	2.32315e-13	2.32315e-13	2.32349e-13	2.32352e-13	2.32353e-13	2.32359e-13	2.32359e-13	2.32359e-13	2.32359e-13
986.288	1.62556e-16	4.59772e-18	4.69308e-18	2.35449e-13	1.8901e-13	2.1032e-13	2.18224e-13	2.22085e-13	2.24311e-13	2.25803e-13	2.26862e-13	2.27646e-13	2.28275e-13	2.28802e-13	2.29255e-13	2.29707e-13	2.30082e-13	2.30353e-13	2.30585e-13	2.30799e-13	2.30994e-13	2.31159e-13	2.31294e-13	2.31417e-13	2.31528e-13	2.31632e-13	2.3173e-13	2.31826e-13	2.31918e-13	2.32006e-13	2.32078e-13	2.32145e-13	2.32205e-13	2.32239e-13	2.32306e-13	2.32369e-13	2.3241e-13	2.32458e-13	2.32503e-13	2.32539e-13	2.32591e-13	2.32624e-13	2.32662e-13	2.32689e-13	2.32732e-13	2.32772e-13	2.32787e-13	2.32832e-13	2.32854e-13	2.32895e-13	2.32936e-13	2.32985e-13	2.33008e-13	2.33115e-13	2.3325e-13	2.3438e-13	2.3509e-13	2.35128e-13	2.35163e-13	2.35177e-13	2.35203e-13	2.35205e-13	2.35227e-13	2.35234e-13	2.35247e-13	2.35254e-13	2.35267e-13	2.35274e-13	2.35286e-13	2.35296e-13	2.35297e-13	2.35317e-13	2.3532e-13	2.35326e-13	2.35341e-13	2.35346e-13	2.35349e-13	2.35365e-13	2.35366e-13	2.35376e-13	2.35377e-13	2.35393e-13	2.35394e-13	2.35412e-13	2.35413e-13	2.35414e-13	2.35414e-13	2.35434e-13	2.35436e-13	2.35437e-13	2.35449e-13	2.35449e-13	2.35449e-13	2.35449e-13
989.298	1.62556e-16	4.6837e-18	4.82245e-18	2.39225e-13	1.91821e-13	2.13544e-13	2.21579e-13	2.25485e-13	2.27732e-13	2.29238e-13	2.30309e-13	2.31109e-13	2.31755e-13	2.323e-13	2.32771e-13	2.33232e-13	2.33608e-13	2.33885e-13	2.34129e-13	2.34351e-13	2.34552e-13	2.34711e-13	2.34839e-13	2.34963e-13	2.35078e-13	2.35186e-13	2.35291e-13	2.35392e-13	2.35489e-13	2.3558e-13	2.3564e-13	2.35706e-13	2.35768e-13	2.35815e-13	2.35884e-13	2.35947e-13	2.35977e-13	2.36025e-13	2.36073e-13	2.36121e-13	2.36171e-13	2.36193e-13	2.36234e-13	2.36272e-13	2.36306e-13	2.36344e-13	2.36367e-13	2.36412e-13	2.36426e-13	2.3647e-13	2.36522e-13	2.36552e-13	2.3659e-13	2.36688e-13	2.36746e-13	2.37723e-13	2.38779e-13	2.38886e-13	2.38919e-13	2.38948e-13	2.38975e-13	2.38981e-13	2.38999e-13	2.39008e-13	2.39021e-13	2.39032e-13	2.39041e-13	2.39054e-13	2.39061e-13	2.39075e-13	2.39081e-13	2.39095e-13	2.39105e-13	2.39106e-13	2.39118e-13	2.39132e-13	2.39133e-13	2.39142e-13	2.39143e-13	2.39161e-13	2.39165e-13	2.39171e-13	2.39172e-13	2.39196e-13	2.39197e-13	2.39209e-13	2.3921e-13	2.39213e-13	2.39213e-13	2.39214e-13	2.39225e-13	2.39225e-13	2.39225e-13	2.39225e-13
992.308	1.62556e-16	4.6541e-18	4.81378e-18	2.43409e-13	1.94972e-13	2.17149e-13	2.25328e-13	2.29285e-13	2.31557e-13	2.3308e-13	2.34168e-13	2.34985e-13	2.35652e-13	2.36218e-13	2.36709e-13	2.37178e-13	2.37554e-13	2.37841e-13	2.38095e-13	2.38326e-13	2.38532e-13	2.38681e-13	2.38804e-13	2.38931e-13	2.39051e-13	2.39166e-13	2.39277e-13	2.39384e-13	2.39485e-13	2.39575e-13	2.39623e-13	2.39691e-13	2.39756e-13	2.39816e-13	2.39885e-13	2.39946e-13	2.39967e-13	2.40019e-13	2.40071e-13	2.40124e-13	2.40173e-13	2.40188e-13	2.40233e-13	2.40279e-13	2.40301e-13	2.4034e-13	2.40376e-13	2.40411e-13	2.40427e-13	2.40476e-13	2.40527e-13	2.40546e-13	2.40603e-13	2.40672e-13	2.40725e-13	2.41444e-13	2.42784e-13	2.43044e-13	2.43069e-13	2.43119e-13	2.4314e-13	2.43155e-13	2.43167e-13	2.43183e-13	2.4319e-13	2.43209e-13	2.43212e-13	2.43227e-13	2.43236e-13	2.43248e-13	2.4326e-13	2.43268e-13	2.43284e-13	2.43288e-13	2.43292e-13	2.43309e-13	2.43317e-13	2.43319e-13	2.43319e-13	2.43336e-13	2.43351e-13	2.43352e-13	2.43352e-13	2.43369e-13	2.43369e-13	2.43397e-13	2.43398e-13	2.43402e-13	2.43402e-13	2.43403e-13	2.43409e-13	2.43409e-13	2.43409e-13	2.43409e-13
995.318	1.62556e-16	4.55434e-18	4.68186e-18	2.47846e-13	1.98302e-13	2.20957e-13	2.29287e-13	2.33297e-13	2.35596e-13	2.37137e-13	2.38244e-13	2.39083e-13	2.39774e-13	2.40362e-13	2.40873e-13	2.4135e-13	2.41728e-13	2.42024e-13	2.42289e-13	2.42527e-13	2.42737e-13	2.42875e-13	2.42994e-13	2.43127e-13	2.43254e-13	2.43376e-13	2.43494e-13	2.43606e-13	2.43708e-13	2.43797e-13	2.43834e-13	2.43905e-13	2.43975e-13	2.44045e-13	2.44112e-13	2.4417e-13	2.44189e-13	2.44245e-13	2.44302e-13	2.44354e-13	2.444e-13	2.44417e-13	2.44466e-13	2.44513e-13	2.44528e-13	2.4457e-13	2.44615e-13	2.44639e-13	2.44665e-13	2.44717e-13	2.44759e-13	2.44778e-13	2.44847e-13	2.44885e-13	2.44972e-13	2.45417e-13	2.46921e-13	2.47433e-13	2.47465e-13	2.4753e-13	2.47545e-13	2.47567e-13	2.47576e-13	2.47601e-13	2.47604e-13	2.47628e-13	2.4763e-13	2.47639e-13	2.47657e-13	2.47662e-13	2.47678e-13	2.47686e-13	2.477e-13	2.47712e-13	2.47713e-13	2.47725e-13	2.47741e-13	2.47744e-13	2.47744e-13	2.47752e-13	2.47774e-13	2.47781e-13	2.47782e-13	2.47786e-13	2.47787e-13	2.47817e-13	2.47817e-13	2.47841e-13	2.47843e-13	2.47844e-13	2.47846e-13	2.47846e-13	2.47846e-13	2.47846e-13
998.328	1.62556e-16	4.60557e-18	4.71802e-18	2.5288e-13	2.02041e-13	2.25227e-13	2.33724e-13	2.37795e-13	2.40124e-13	2.41688e-13	2.42818e-13	2.43683e-13	2.444e-13	2.45014e-13	2.45546e-13	2.4603e-13	2.46411e-13	2.46719e-13	2.46994e-13	2.47238e-13	2.4745e-13	2.47576e-13	2.47695e-13	2.47835e-13	2.47971e-13	2.48101e-13	2.48225e-13	2.48339e-13	2.4844e-13	2.48527e-13	2.48558e-13	2.48634e-13	2.4871e-13	2.48783e-13	2.48847e-13	2.48904e-13	2.48927e-13	2.48989e-13	2.49049e-13	2.49092e-13	2.49137e-13	2.49163e-13	2.49215e-13	2.49256e-13	2.49271e-13	2.49319e-13	2.49366e-13	2.49381e-13	2.49421e-13	2.49473e-13	2.495e-13	2.49533e-13	2.49597e-13	2.49622e-13	2.49741e-13	2.49968e-13	2.51503e-13	2.52374e-13	2.52462e-13	2.52526e-13	2.52545e-13	2.52568e-13	2.52585e-13	2.52613e-13	2.52617e-13	2.5264e-13	2.52647e-13	2.5265e-13	2.52675e-13	2.52676e-13	2.52689e-13	2.52705e-13	2.52712e-13	2.5273e-13	2.52735e-13	2.52739e-13	2.52758e-13	2.52769e-13	2.5277e-13	2.52771e-13	2.52789e-13	2.52808e-13	2.5281e-13	2.52811e-13	2.52812e-13	2.52829e-13	2.52829e-13	2.52871e-13	2.52874e-13	2.52875e-13	2.5288e-13	2.5288e-13	2.5288e-13	2.5288e-13
1001.34	1.62556e-16	4.77463e-18	4.93374e-18	2.58825e-13	2.0647e-13	2.30271e-13	2.38964e-13	2.43107e-13	2.45475e-13	2.47068e-13	2.48226e-13	2.49122e-13	2.4987e-13	2.50512e-13	2.51067e-13	2.51559e-13	2.51945e-13	2.52265e-13	2.52551e-13	2.528e-13	2.53012e-13	2.53127e-13	2.5325e-13	2.53399e-13	2.53544e-13	2.53681e-13	2.53809e-13	2.53923e-13	2.54023e-13	2.54107e-13	2.54137e-13	2.5422e-13	2.54302e-13	2.5437e-13	2.54432e-13	2.54488e-13	2.54523e-13	2.54588e-13	2.54649e-13	2.54681e-13	2.54727e-13	2.54765e-13	2.54819e-13	2.54849e-13	2.54873e-13	2.54924e-13	2.54964e-13	2.54979e-13	2.55028e-13	2.55077e-13	2.55095e-13	2.55145e-13	2.55191e-13	2.55223e-13	2.55348e-13	2.55443e-13	2.56839e-13	2.58146e-13	2.58377e-13	2.58428e-13	2.5847e-13	2.58486e-13	2.58517e-13	2.58541e-13	2.58553e-13	2.58569e-13	2.58585e-13	2.58586e-13	2.58613e-13	2.58617e-13	2.58622e-13	2.58648e-13	2.5865e-13	2.58666e-13	2.58681e-13	2.58682e-13	2.58693e-13	2.58713e-13	2.58715e-13	2.58719e-13	2.58726e-13	2.58751e-13	2.58753e-13	2.58766e-13	2.58767e-13	2.58769e-13	2.5877e-13	2.58808e-13	2.58812e-13	2.58813e-13	2.58825e-13	2.58825e-13	2.58825e-13	2.58825e-13
1004.35	1.62556e-16	4.76351e-18	4.9422e-18	2.65276e-13	2.11364e-13	2.35842e-13	2.4475e-13	2.48972e-13	2.51384e-13	2.5301e-13	2.54202e-13	2.55134e-13	2.55917e-13	2.5659e-13	2.57168e-13	2.57667e-13	2.58059e-13	2.58393e-13	2.58687e-13	2.58939e-13	2.59151e-13	2.59258e-13	2.59388e-13	2.59548e-13	2.59702e-13	2.59845e-13	2.59974e-13	2.60087e-13	2.60184e-13	2.60266e-13	2.60304e-13	2.60393e-13	2.60478e-13	2.60536e-13	2.60597e-13	2.60655e-13	2.60704e-13	2.60771e-13	2.6083e-13	2.60852e-13	2.60901e-13	2.60951e-13	2.61003e-13	2.61023e-13	2.6106e-13	2.61112e-13	2.6114e-13	2.61165e-13	2.61213e-13	2.61257e-13	2.61276e-13	2.61335e-13	2.61361e-13	2.61416e-13	2.61514e-13	2.61571e-13	2.62637e-13	2.64307e-13	2.6479e-13	2.64841e-13	2.64915e-13	2.64922e-13	2.64967e-13	2.64983e-13	2.65004e-13	2.65014e-13	2.65035e-13	2.65043e-13	2.65062e-13	2.65076e-13	2.65077e-13	2.65106e-13	2.6511e-13	2.65117e-13	2.65138e-13	2.65146e-13	2.65149e-13	2.65169e-13	2.6517e-13	2.65186e-13	2.65187e-13	2.65205e-13	2.65206e-13	2.65234e-13	2.65235e-13	2.65239e-13	2.6524e-13	2.65257e-13	2.65258e-13	2.6526e-13	2.65276e-13	2.65276e-13	2.65276e-13	2.65276e-13
1007.36	1.62556e-16	4.66559e-18	4.80076e-18	2.71857e-13	2.16374e-13	2.41549e-13	2.50678e-13	2.54979e-13	2.57436e-13	2.59099e-13	2.60328e-13	2.61299e-13	2.6212e-13	2.62824e-13	2.63424e-13	2.6393e-13	2.64331e-13	2.64678e-13	2.64979e-13	2.65232e-13	2.65442e-13	2.65546e-13	2.65686e-13	2.65858e-13	2.66019e-13	2.66166e-13	2.66295e-13	2.66405e-13	2.66499e-13	2.66581e-13	2.66632e-13	2.66727e-13	2.66814e-13	2.66858e-13	2.66921e-13	2.66983e-13	2.67046e-13	2.67111e-13	2.67167e-13	2.67186e-13	2.6724e-13	2.67296e-13	2.67344e-13	2.67361e-13	2.67409e-13	2.6746e-13	2.67478e-13	2.67516e-13	2.67554e-13	2.67596e-13	2.67627e-13	2.67682e-13	2.677e-13	2.67774e-13	2.67832e-13	2.67919e-13	2.68598e-13	2.70449e-13	2.71259e-13	2.71384e-13	2.71482e-13	2.71489e-13	2.71536e-13	2.71549e-13	2.71573e-13	2.71588e-13	2.71605e-13	2.71623e-13	2.71634e-13	2.71655e-13	2.71661e-13	2.71683e-13	2.71696e-13	2.71698e-13	2.71714e-13	2.71733e-13	2.71735e-13	2.71746e-13	2.71747e-13	2.71772e-13	2.7178e-13	2.71785e-13	2.71786e-13	2.71816e-13	2.71818e-13	2.7184e-13	2.71842e-13	2.71843e-13	2.71843e-13	2.71845e-13	2.71857e-13	2.71857e-13	2.71857e-13	2.71857e-13
1010.37	1.62556e-16	4.84701e-18	4.99406e-18	2.79248e-13	2.21828e-13	2.47757e-13	2.57124e-13	2.61512e-13	2.6402e-13	2.65725e-13	2.66996e-13	2.68012e-13	2.68874e-13	2.6961e-13	2.70232e-13	2.70744e-13	2.71156e-13	2.71517e-13	2.71822e-13	2.72076e-13	2.72284e-13	2.72389e-13	2.72544e-13	2.72726e-13	2.72893e-13	2.73042e-13	2.73168e-13	2.73275e-13	2.73368e-13	2.73452e-13	2.73521e-13	2.73619e-13	2.73706e-13	2.73738e-13	2.73805e-13	2.73874e-13	2.73944e-13	2.74007e-13	2.7406e-13	2.74083e-13	2.74144e-13	2.74196e-13	2.74242e-13	2.74264e-13	2.74317e-13	2.74365e-13	2.7438e-13	2.7443e-13	2.74455e-13	2.74499e-13	2.74545e-13	2.74586e-13	2.74613e-13	2.74691e-13	2.74723e-13	2.74858e-13	2.75227e-13	2.77144e-13	2.78365e-13	2.78722e-13	2.78824e-13	2.78849e-13	2.78885e-13	2.78911e-13	2.78928e-13	2.78957e-13	2.78965e-13	2.78989e-13	2.79001e-13	2.7902e-13	2.79037e-13	2.79049e-13	2.79071e-13	2.79077e-13	2.79083e-13	2.79106e-13	2.79119e-13	2.79121e-13	2.79122e-13	2.79143e-13	2.79166e-13	2.79168e-13	2.79168e-13	2.79186e-13	2.79188e-13	2.79227e-13	2.79229e-13	2.7924e-13	2.79243e-13	2.79244e-13	2.79248e-13	2.79248e-13	2.79248e-13	2.79248e-13
1013.38	1.62556e-16	5.02137e-18	5.22068e-18	2.87859e-13	2.28135e-13	2.54924e-13	2.64563e-13	2.69053e-13	2.71622e-13	2.73378e-13	2.74699e-13	2.75765e-13	2.76672e-13	2.77443e-13	2.78085e-13	2.78606e-13	2.79031e-13	2.79404e-13	2.79713e-13	2.79966e-13	2.80174e-13	2.80287e-13	2.80458e-13	2.80649e-13	2.8082e-13	2.80967e-13	2.81091e-13	2.81196e-13	2.8129e-13	2.81379e-13	2.81465e-13	2.81564e-13	2.81648e-13	2.81673e-13	2.81747e-13	2.81823e-13	2.81892e-13	2.81951e-13	2.82004e-13	2.82038e-13	2.82103e-13	2.82146e-13	2.8219e-13	2.82224e-13	2.82273e-13	2.82318e-13	2.8234e-13	2.82392e-13	2.82408e-13	2.82457e-13	2.82514e-13	2.82538e-13	2.82584e-13	2.82649e-13	2.8268e-13	2.82839e-13	2.83004e-13	2.84801e-13	2.8644e-13	2.87265e-13	2.87349e-13	2.87408e-13	2.87435e-13	2.87483e-13	2.87491e-13	2.87534e-13	2.87537e-13	2.87557e-13	2.87581e-13	2.87592e-13	2.87616e-13	2.87627e-13	2.87649e-13	2.87666e-13	2.87667e-13	2.87684e-13	2.87708e-13	2.87712e-13	2.87714e-13	2.87723e-13	2.87753e-13	2.87767e-13	2.87768e-13	2.87771e-13	2.87773e-13	2.8781e-13	2.87811e-13	2.87851e-13	2.87856e-13	2.87857e-13	2.87859e-13	2.87859e-13	2.87859e-13	2.87859e-13
1016.39	1.62556e-16	4.88077e-18	5.04374e-18	2.96637e-13	2.34748e-13	2.62439e-13	2.72363e-13	2.7696e-13	2.79594e-13	2.81405e-13	2.82782e-13	2.83903e-13	2.84857e-13	2.85661e-13	2.86323e-13	2.86851e-13	2.87292e-13	2.87677e-13	2.87988e-13	2.8824e-13	2.88448e-13	2.88575e-13	2.88762e-13	2.8896e-13	2.89133e-13	2.89277e-13	2.89398e-13	2.89503e-13	2.89601e-13	2.89698e-13	2.89798e-13	2.89894e-13	2.89976e-13	2.90002e-13	2.90083e-13	2.90165e-13	2.90225e-13	2.90283e-13	2.90337e-13	2.90386e-13	2.90451e-13	2.90481e-13	2.90529e-13	2.90576e-13	2.90613e-13	2.90657e-13	2.90693e-13	2.90737e-13	2.90754e-13	2.90809e-13	2.90863e-13	2.90881e-13	2.90943e-13	2.90984e-13	2.91035e-13	2.91174e-13	2.91251e-13	2.92645e-13	2.94483e-13	2.95961e-13	2.96038e-13	2.96127e-13	2.96161e-13	2.96228e-13	2.96233e-13	2.96281e-13	2.96289e-13	2.96298e-13	2.96338e-13	2.96341e-13	2.96363e-13	2.96384e-13	2.96397e-13	2.96423e-13	2.96431e-13	2.96437e-13	2.96463e-13	2.9648e-13	2.96482e-13	2.96483e-13	2.96507e-13	2.96536e-13	2.96538e-13	2.96542e-13	2.96543e-13	2.96561e-13	2.96562e-13	2.9662e-13	2.96626e-13	2.96627e-13	2.96637e-13	2.96637e-13	2.96637e-13	2.96637e-13
1019.4	1.62556e-16	5.02052e-18	5.17237e-18	3.05753e-13	2.41465e-13	2.7008e-13	2.80293e-13	2.84998e-13	2.87699e-13	2.8957e-13	2.91007e-13	2.92185e-13	2.93188e-13	2.94025e-13	2.94704e-13	2.9524e-13	2.95698e-13	2.96094e-13	2.96405e-13	2.96657e-13	2.96867e-13	2.97012e-13	2.97217e-13	2.97419e-13	2.9759e-13	2.97732e-13	2.97851e-13	2.97959e-13	2.98064e-13	2.98172e-13	2.98279e-13	2.98372e-13	2.98451e-13	2.98492e-13	2.98575e-13	2.98661e-13	2.98707e-13	2.98766e-13	2.98826e-13	2.98888e-13	2.98952e-13	2.98973e-13	2.99026e-13	2.99083e-13	2.99108e-13	2.99155e-13	2.99205e-13	2.99237e-13	2.99264e-13	2.99325e-13	2.99368e-13	2.99391e-13	2.9946e-13	2.99484e-13	2.99564e-13	2.9966e-13	2.99754e-13	3.00713e-13	3.02593e-13	3.04908e-13	3.05078e-13	3.05175e-13	3.05246e-13	3.05318e-13	3.05333e-13	3.05372e-13	3.05395e-13	3.05398e-13	3.05444e-13	3.05449e-13	3.05461e-13	3.05498e-13	3.05503e-13	3.05527e-13	3.05548e-13	3.05551e-13	3.05568e-13	3.05597e-13	3.05599e-13	3.05606e-13	3.05615e-13	3.0565e-13	3.05652e-13	3.05674e-13	3.05675e-13	3.05678e-13	3.05679e-13	3.05726e-13	3.05731e-13	3.05732e-13	3.05753e-13	3.05753e-13	3.05753e-13	3.05753e-13
1022.41	1.62556e-16	5.3319e-18	5.5459e-18	3.16593e-13	2.49095e-13	2.78749e-13	2.89288e-13	2.94117e-13	2.96898e-13	2.98839e-13	3.00344e-13	3.01587e-13	3.02641e-13	3.03512e-13	3.04208e-13	3.04753e-13	3.05231e-13	3.05637e-13	3.05948e-13	3.062e-13	3.06416e-13	3.06584e-13	3.06804e-13	3.07008e-13	3.07176e-13	3.07315e-13	3.07436e-13	3.07549e-13	3.07664e-13	3.07782e-13	3.07889e-13	3.07979e-13	3.08057e-13	3.08108e-13	3.08203e-13	3.08289e-13	3.08322e-13	3.08386e-13	3.08453e-13	3.08522e-13	3.08582e-13	3.08601e-13	3.08661e-13	3.08721e-13	3.08738e-13	3.08791e-13	3.08849e-13	3.08869e-13	3.08913e-13	3.08975e-13	3.09005e-13	3.09045e-13	3.09106e-13	3.0913e-13	3.09231e-13	3.09287e-13	3.09452e-13	3.10042e-13	3.11879e-13	3.15325e-13	3.1584e-13	3.15915e-13	3.16059e-13	3.16119e-13	3.16159e-13	3.16185e-13	3.16224e-13	3.16234e-13	3.16274e-13	3.16292e-13	3.16296e-13	3.16342e-13	3.16348e-13	3.16362e-13	3.16393e-13	3.16404e-13	3.16409e-13	3.16438e-13	3.16441e-13	3.16464e-13	3.16466e-13	3.16491e-13	3.16492e-13	3.16533e-13	3.16535e-13	3.16544e-13	3.16545e-13	3.16564e-13	3.16567e-13	3.16568e-13	3.16593e-13	3.16593e-13	3.16593e-13	3.16593e-13
1025.42	1.62556e-16	5.15785e-18	5.33026e-18	3.2782e-13	2.57256e-13	2.88022e-13	2.9891e-13	3.03871e-13	3.06738e-13	3.08758e-13	3.10338e-13	3.11651e-13	3.12759e-13	3.13662e-13	3.14372e-13	3.14928e-13	3.15427e-13	3.15841e-13	3.16152e-13	3.16407e-13	3.16632e-13	3.16826e-13	3.17057e-13	3.1726e-13	3.17426e-13	3.17563e-13	3.17688e-13	3.1781e-13	3.17937e-13	3.18064e-13	3.18162e-13	3.1825e-13	3.18331e-13	3.18401e-13	3.18497e-13	3.18581e-13	3.18605e-13	3.18676e-13	3.1875e-13	3.18817e-13	3.18874e-13	3.18899e-13	3.18966e-13	3.19018e-13	3.19036e-13	3.19097e-13	3.19152e-13	3.19168e-13	3.19224e-13	3.19282e-13	3.19302e-13	3.1936e-13	3.19402e-13	3.19442e-13	3.19537e-13	3.19573e-13	3.1979e-13	3.20062e-13	3.21519e-13	3.25788e-13	3.26997e-13	3.27031e-13	3.27244e-13	3.27288e-13	3.27351e-13	3.27375e-13	3.27419e-13	3.27447e-13	3.27474e-13	3.27508e-13	3.27515e-13	3.27556e-13	3.27574e-13	3.27578e-13	3.27606e-13	3.27633e-13	3.27637e-13	3.27654e-13	3.27657e-13	3.27693e-13	3.27705e-13	3.27712e-13	3.27714e-13	3.27758e-13	3.2776e-13	3.27795e-13	3.27796e-13	3.27799e-13	3.278e-13	3.27802e-13	3.2782e-13	3.2782e-13	3.2782e-13	3.2782e-13
1028.43	1.62556e-16	5.37164e-18	5.54069e-18	3.39159e-13	2.65274e-13	2.97146e-13	3.08375e-13	3.13465e-13	3.1642e-13	3.18521e-13	3.2018e-13	3.21565e-13	3.22725e-13	3.23657e-13	3.24379e-13	3.24945e-13	3.25466e-13	3.25888e-13	3.26199e-13	3.26459e-13	3.26696e-13	3.26917e-13	3.27156e-13	3.27357e-13	3.27519e-13	3.27658e-13	3.2779e-13	3.27925e-13	3.28064e-13	3.28198e-13	3.28283e-13	3.28371e-13	3.28458e-13	3.28547e-13	3.28642e-13	3.28722e-13	3.28746e-13	3.28825e-13	3.28906e-13	3.28963e-13	3.29019e-13	3.29059e-13	3.29129e-13	3.29169e-13	3.29199e-13	3.29265e-13	3.2931e-13	3.29332e-13	3.29393e-13	3.29447e-13	3.29469e-13	3.29537e-13	3.29563e-13	3.29628e-13	3.29701e-13	3.29752e-13	3.29976e-13	3.301e-13	3.31091e-13	3.35865e-13	3.38204e-13	3.38255e-13	3.38491e-13	3.38544e-13	3.38613e-13	3.38661e-13	3.38695e-13	3.38742e-13	3.38762e-13	3.38802e-13	3.38825e-13	3.38852e-13	3.38886e-13	3.38892e-13	3.38907e-13	3.38943e-13	3.3896e-13	3.38964e-13	3.38967e-13	3.39001e-13	3.39033e-13	3.39036e-13	3.39038e-13	3.39064e-13	3.39066e-13	3.39124e-13	3.39126e-13	3.39146e-13	3.39148e-13	3.39151e-13	3.39159e-13	3.39159e-13	3.39159e-13	3.39159e-13
1031.44	1.62556e-16	5.75935e-18	5.9884e-18	3.53239e-13	2.74329e-13	3.07439e-13	3.19054e-13	3.2429e-13	3.27346e-13	3.29542e-13	3.31291e-13	3.32753e-13	3.33968e-13	3.34929e-13	3.35661e-13	3.3624e-13	3.36786e-13	3.37215e-13	3.37529e-13	3.37797e-13	3.3805e-13	3.38297e-13	3.3854e-13	3.38737e-13	3.38898e-13	3.39043e-13	3.39186e-13	3.39334e-13	3.39484e-13	3.39622e-13	3.3969e-13	3.39783e-13	3.39879e-13	3.3998e-13	3.40072e-13	3.40148e-13	3.40181e-13	3.40269e-13	3.40353e-13	3.40396e-13	3.40454e-13	3.40511e-13	3.40582e-13	3.4061e-13	3.40656e-13	3.40725e-13	3.40756e-13	3.40794e-13	3.40849e-13	3.409e-13	3.40937e-13	3.41005e-13	3.41026e-13	3.41116e-13	3.41163e-13	3.41261e-13	3.41457e-13	3.41592e-13	3.4219e-13	3.4756e-13	3.51891e-13	3.52159e-13	3.5238e-13	3.52507e-13	3.52565e-13	3.52664e-13	3.52682e-13	3.52739e-13	3.52775e-13	3.52808e-13	3.52851e-13	3.5287e-13	3.52911e-13	3.52934e-13	3.52939e-13	3.5297e-13	3.53006e-13	3.53011e-13	3.53014e-13	3.53032e-13	3.53078e-13	3.53096e-13	3.53099e-13	3.53106e-13	3.53107e-13	3.53163e-13	3.53166e-13	3.53224e-13	3.53229e-13	3.53234e-13	3.53239e-13	3.53239e-13	3.53239e-13	3.53239e-13
1034.45	1.62556e-16	5.48777e-18	5.64893e-18	3.67467e-13	2.83875e-13	3.18294e-13	3.30313e-13	3.35704e-13	3.3887e-13	3.41169e-13	3.43014e-13	3.44558e-13	3.45828e-13	3.46816e-13	3.47556e-13	3.4815e-13	3.48721e-13	3.49157e-13	3.49475e-13	3.49755e-13	3.50027e-13	3.50297e-13	3.5054e-13	3.50733e-13	3.50895e-13	3.51049e-13	3.51206e-13	3.51368e-13	3.51525e-13	3.51663e-13	3.51717e-13	3.51818e-13	3.51925e-13	3.52029e-13	3.52116e-13	3.5219e-13	3.52239e-13	3.52332e-13	3.52415e-13	3.52445e-13	3.52509e-13	3.52579e-13	3.52645e-13	3.52666e-13	3.52728e-13	3.52794e-13	3.52814e-13	3.5287e-13	3.52909e-13	3.52961e-13	3.53017e-13	3.53068e-13	3.53102e-13	3.53195e-13	3.53225e-13	3.53364e-13	3.53487e-13	3.53716e-13	3.53948e-13	3.58868e-13	3.6534e-13	3.66189e-13	3.66373e-13	3.66636e-13	3.66666e-13	3.66819e-13	3.66832e-13	3.66877e-13	3.66951e-13	3.66967e-13	3.67019e-13	3.6705e-13	3.67084e-13	3.67127e-13	3.67136e-13	3.67152e-13	3.67198e-13	3.6722e-13	3.67224e-13	3.67229e-13	3.67269e-13	3.67311e-13	3.67316e-13	3.67321e-13	3.67323e-13	3.67354e-13	3.67356e-13	3.6744e-13	3.67448e-13	3.67455e-13	3.67467e-13	3.67467e-13	3.67467e-13	3.67467e-13
1037.46	1.62556e-16	6.08826e-18	6.29742e-18	3.82688e-13	2.93029e-13	3.28721e-13	3.41127e-13	3.46667e-13	3.49942e-13	3.52346e-13	3.5429e-13	3.55915e-13	3.57235e-13	3.58245e-13	3.58991e-13	3.59601e-13	3.60196e-13	3.60639e-13	3.60964e-13	3.61261e-13	3.61554e-13	3.61843e-13	3.6208e-13	3.62271e-13	3.62439e-13	3.62606e-13	3.62779e-13	3.62954e-13	3.63115e-13	3.63251e-13	3.63294e-13	3.63407e-13	3.63526e-13	3.63625e-13	3.63708e-13	3.63785e-13	3.63854e-13	3.63949e-13	3.64028e-13	3.64053e-13	3.64126e-13	3.64202e-13	3.64263e-13	3.64289e-13	3.64359e-13	3.64422e-13	3.64442e-13	3.64511e-13	3.64536e-13	3.64597e-13	3.64672e-13	3.64706e-13	3.64767e-13	3.64849e-13	3.6489e-13	3.65059e-13	3.65133e-13	3.65489e-13	3.65557e-13	3.69782e-13	3.78904e-13	3.80953e-13	3.81312e-13	3.81746e-13	3.81774e-13	3.81956e-13	3.81996e-13	3.82017e-13	3.82135e-13	3.82143e-13	3.82185e-13	3.82249e-13	3.82267e-13	3.82318e-13	3.82349e-13	3.82354e-13	3.82392e-13	3.82437e-13	3.82443e-13	3.82452e-13	3.82471e-13	3.82527e-13	3.82533e-13	3.82562e-13	3.82565e-13	3.82572e-13	3.82575e-13	3.82647e-13	3.82656e-13	3.82663e-13	3.82688e-13	3.82688e-13	3.82688e-13	3.82688e-13
1040.47	1.62556e-16	6.30447e-18	6.52011e-18	4.03495e-13	3.03756e-13	3.40925e-13	3.53783e-13	3.59498e-13	3.62904e-13	3.65432e-13	3.67488e-13	3.69201e-13	3.70575e-13	3.71607e-13	3.72358e-13	3.72989e-13	3.73611e-13	3.74062e-13	3.74398e-13	3.74716e-13	3.75033e-13	3.75333e-13	3.75563e-13	3.75755e-13	3.75932e-13	3.76115e-13	3.76305e-13	3.76488e-13	3.76651e-13	3.76781e-13	3.76823e-13	3.76948e-13	3.77076e-13	3.77161e-13	3.77244e-13	3.77327e-13	3.77414e-13	3.77507e-13	3.77581e-13	3.77609e-13	3.77692e-13	3.77763e-13	3.77821e-13	3.7786e-13	3.77929e-13	3.77988e-13	3.7802e-13	3.78092e-13	3.78111e-13	3.78186e-13	3.7827e-13	3.78295e-13	3.7839e-13	3.7845e-13	3.78536e-13	3.78709e-13	3.78791e-13	3.79263e-13	3.7938e-13	3.8285e-13	3.95834e-13	4.0035e-13	4.01674e-13	4.0229e-13	4.024e-13	4.02583e-13	4.02698e-13	4.02712e-13	4.02864e-13	4.02892e-13	4.02915e-13	4.03023e-13	4.03035e-13	4.03079e-13	4.03139e-13	4.03154e-13	4.03173e-13	4.03231e-13	4.03238e-13	4.03273e-13	4.03278e-13	4.03325e-13	4.03331e-13	4.03394e-13	4.03398e-13	4.03411e-13	4.03415e-13	4.03449e-13	4.03456e-13	4.03464e-13	4.03495e-13	4.03495e-13	4.03495e-13	4.03495e-13
1043.48	1.62556e-16	6.28755e-18	6.45195e-18	4.24142e-13	3.1419e-13	3.5281e-13	3.66108e-13	3.71994e-13	3.75531e-13	3.78187e-13	3.80357e-13	3.82157e-13	3.83578e-13	3.84628e-13	3.85383e-13	3.86037e-13	3.86683e-13	3.87143e-13	3.87494e-13	3.87836e-13	3.88178e-13	3.88482e-13	3.88702e-13	3.88898e-13	3.8909e-13	3.89291e-13	3.89494e-13	3.89683e-13	3.89842e-13	3.89967e-13	3.90017e-13	3.90155e-13	3.90288e-13	3.90355e-13	3.90441e-13	3.90533e-13	3.90632e-13	3.9072e-13	3.9079e-13	3.90831e-13	3.90921e-13	3.90978e-13	3.91038e-13	3.91095e-13	3.91152e-13	3.91211e-13	3.91262e-13	3.91324e-13	3.91351e-13	3.9144e-13	3.91515e-13	3.91547e-13	3.91663e-13	3.91702e-13	3.91845e-13	3.91976e-13	3.92137e-13	3.92587e-13	3.92923e-13	3.9506e-13	4.1026e-13	4.18038e-13	4.21886e-13	4.22506e-13	4.22824e-13	4.2297e-13	4.23179e-13	4.23233e-13	4.23376e-13	4.23458e-13	4.23471e-13	4.23602e-13	4.23633e-13	4.23656e-13	4.2373e-13	4.23777e-13	4.23786e-13	4.23833e-13	4.23841e-13	4.23908e-13	4.23924e-13	4.23946e-13	4.23952e-13	4.24032e-13	4.24037e-13	4.24088e-13	4.24094e-13	4.24101e-13	4.24107e-13	4.24116e-13	4.24142e-13	4.24142e-13	4.24142e-13	4.24142e-13
1046.49	1.62556e-16	7.80593e-18	8.06647e-18	4.57567e-13	3.24703e-13	3.64797e-13	3.78536e-13	3.84594e-13	3.88269e-13	3.91059e-13	3.93348e-13	3.95233e-13	3.96699e-13	3.97762e-13	3.9852e-13	3.99198e-13	3.9987e-13	4.0034e-13	4.00711e-13	4.01079e-13	4.01445e-13	4.01746e-13	4.01957e-13	4.02163e-13	4.02372e-13	4.02591e-13	4.02806e-13	4.02996e-13	4.0315e-13	4.03271e-13	4.03339e-13	4.03488e-13	4.03623e-13	4.03672e-13	4.03768e-13	4.03873e-13	4.03975e-13	4.04059e-13	4.0413e-13	4.04192e-13	4.04289e-13	4.04331e-13	4.044e-13	4.04479e-13	4.04522e-13	4.04591e-13	4.0467e-13	4.04719e-13	4.04773e-13	4.04886e-13	4.04952e-13	4.05021e-13	4.05157e-13	4.05206e-13	4.0544e-13	4.05543e-13	4.05907e-13	4.06328e-13	4.07094e-13	4.08403e-13	4.28316e-13	4.42923e-13	4.54129e-13	4.54811e-13	4.55572e-13	4.55797e-13	4.56125e-13	4.5632e-13	4.56448e-13	4.56623e-13	4.56676e-13	4.5681e-13	4.569e-13	4.56917e-13	4.56986e-13	4.57082e-13	4.57111e-13	4.57137e-13	4.57148e-13	4.57237e-13	4.57295e-13	4.57305e-13	4.57313e-13	4.57381e-13	4.57388e-13	4.57492e-13	4.57501e-13	4.5753e-13	4.57541e-13	4.57553e-13	4.57567e-13	4.57567e-13	4.57567e-13	4.57567e-13
1049.5	1.62556e-16	7.79265e-18	7.9536e-18	5.11899e-13	3.37705e-13	3.79591e-13	3.93874e-13	4.0015e-13	4.03994e-13	4.06946e-13	4.09371e-13	4.11352e-13	4.12865e-13	4.13943e-13	4.14709e-13	4.15418e-13	4.16116e-13	4.16601e-13	4.16997e-13	4.17394e-13	4.17782e-13	4.18073e-13	4.18277e-13	4.18496e-13	4.18725e-13	4.18961e-13	4.19182e-13	4.19369e-13	4.19516e-13	4.19636e-13	4.19728e-13	4.19882e-13	4.20014e-13	4.20051e-13	4.20159e-13	4.20276e-13	4.2037e-13	4.20451e-13	4.20529e-13	4.20613e-13	4.20712e-13	4.20742e-13	4.20825e-13	4.20922e-13	4.20952e-13	4.21039e-13	4.21145e-13	4.21181e-13	4.21277e-13	4.21417e-13	4.21471e-13	4.21612e-13	4.21748e-13	4.21864e-13	4.22184e-13	4.22299e-13	4.22977e-13	4.23318e-13	4.24613e-13	4.25523e-13	4.49935e-13	4.75812e-13	5.05201e-13	5.06778e-13	5.08215e-13	5.08968e-13	5.09371e-13	5.09862e-13	5.10047e-13	5.10337e-13	5.10529e-13	5.10656e-13	5.10853e-13	5.10917e-13	5.10965e-13	5.1111e-13	5.11211e-13	5.11232e-13	5.11249e-13	5.11336e-13	5.11463e-13	5.11504e-13	5.11518e-13	5.11558e-13	5.11569e-13	5.11712e-13	5.11726e-13	5.11843e-13	5.11864e-13	5.11882e-13	5.11899e-13	5.11899e-13	5.11899e-13	5.11899e-13
1052.51	1.62556e-16	1.2426e-17	1.2736e-17	6.25056e-13	3.47514e-13	3.9081e-13	4.05502e-13	4.11937e-13	4.15921e-13	4.19013e-13	4.21554e-13	4.23611e-13	4.25152e-13	4.26233e-13	4.27e-13	4.27737e-13	4.28457e-13	4.28955e-13	4.29377e-13	4.29802e-13	4.30207e-13	4.30481e-13	4.30681e-13	4.30918e-13	4.31168e-13	4.31419e-13	4.31642e-13	4.31824e-13	4.31967e-13	4.32093e-13	4.32214e-13	4.32373e-13	4.32504e-13	4.3254e-13	4.32667e-13	4.32802e-13	4.32885e-13	4.32976e-13	4.33073e-13	4.33188e-13	4.33298e-13	4.3333e-13	4.3345e-13	4.33572e-13	4.33606e-13	4.33746e-13	4.33896e-13	4.33939e-13	4.34126e-13	4.34337e-13	4.34412e-13	4.34719e-13	4.34866e-13	4.35216e-13	4.35664e-13	4.36004e-13	4.37262e-13	4.37732e-13	4.39769e-13	4.41914e-13	4.73755e-13	5.23737e-13	6.05646e-13	6.14082e-13	6.16449e-13	6.19336e-13	6.19757e-13	6.20804e-13	6.21465e-13	6.21868e-13	6.22423e-13	6.22636e-13	6.23004e-13	6.23263e-13	6.23322e-13	6.23502e-13	6.2377e-13	6.23866e-13	6.23904e-13	6.23969e-13	6.24189e-13	6.24356e-13	6.24389e-13	6.24425e-13	6.24449e-13	6.246e-13	6.24628e-13	6.24918e-13	6.24957e-13	6.24994e-13	6.25056e-13	6.25056e-13	6.25056e-13	6.25056e-13
1055.52	1.62556e-16	2.61883e-17	2.65478e-17	1.19e-12	3.54728e-13	3.99113e-13	4.14095e-13	4.20637e-13	4.24732e-13	4.2794e-13	4.30574e-13	4.32679e-13	4.34224e-13	4.35291e-13	4.36052e-13	4.3681e-13	4.3754e-13	4.38048e-13	4.38494e-13	4.3894e-13	4.39355e-13	4.39606e-13	4.39808e-13	4.40067e-13	4.4034e-13	4.40606e-13	4.40835e-13	4.41019e-13	4.41172e-13	4.4132e-13	4.41484e-13	4.41666e-13	4.41818e-13	4.41873e-13	4.42057e-13	4.42251e-13	4.42342e-13	4.42489e-13	4.42671e-13	4.42881e-13	4.43074e-13	4.43159e-13	4.43441e-13	4.43677e-13	4.43788e-13	4.44184e-13	4.4452e-13	4.44691e-13	4.45258e-13	4.45838e-13	4.4617e-13	4.472e-13	4.47529e-13	4.49115e-13	4.50051e-13	4.52088e-13	4.55478e-13	4.58014e-13	4.62309e-13	4.75257e-13	5.39116e-13	6.96971e-13	1.07189e-12	1.14769e-12	1.15259e-12	1.16852e-12	1.16963e-12	1.17254e-12	1.17702e-12	1.17771e-12	1.17984e-12	1.18125e-12	1.18219e-12	1.18354e-12	1.18404e-12	1.18432e-12	1.18527e-12	1.18599e-12	1.18615e-12	1.18629e-12	1.18679e-12	1.18762e-12	1.18775e-12	1.18807e-12	1.18817e-12	1.18835e-12	1.18846e-12	1.18938e-12	1.18949e-12	1.18964e-12	1.19e-12	1.19e-12	1.19e-12	1.19e-12
1058.53	1.62556e-16	1.59359e-16	1.61715e-16	5.38946e-12	1.0737e-13	1.20956e-13	1.25585e-13	1.27642e-13	1.28972e-13	1.30051e-13	1.30971e-13	1.31735e-13	1.32321e-13	1.32749e-13	1.33078e-13	1.33443e-13	1.33823e-13	1.34117e-13	1.34411e-13	1.34739e-13	1.35075e-13	1.35281e-13	1.35482e-13	1.35785e-13	1.36145e-13	1.36533e-13	1.36903e-13	1.37235e-13	1.37557e-13	1.37931e-13	1.38412e-13	1.38924e-13	1.39392e-13	1.39665e-13	1.40408e-13	1.41218e-13	1.41501e-13	1.42268e-13	1.43296e-13	1.44335e-13	1.45339e-13	1.461e-13	1.47887e-13	1.48959e-13	1.50098e-13	1.52795e-13	1.54319e-13	1.56197e-13	1.59416e-13	1.62908e-13	1.66508e-13	1.72249e-13	1.7506e-13	1.86273e-13	1.89999e-13	2.08465e-13	2.2179e-13	2.49065e-13	2.60185e-13	3.7084e-13	5.54132e-13	1.33483e-12	4.09581e-12	5.08543e-12	5.10783e-12	5.22906e-12	5.24777e-12	5.25682e-12	5.29958e-12	5.30229e-12	5.31277e-12	5.32979e-12	5.333e-12	5.34226e-12	5.34941e-12	5.35065e-12	5.355e-12	5.36203e-12	5.36326e-12	5.36586e-12	5.36717e-12	5.3728e-12	5.37368e-12	5.37868e-12	5.37943e-12	5.38006e-12	5.38087e-12	5.38476e-12	5.38531e-12	5.38629e-12	5.38946e-12	5.38946e-12	5.38946e-12	5.38946e-12
1061.54	1.62556e-16	2.48377e-17	2.53137e-17	1.11935e-12	2.84612e-13	3.20616e-13	3.32704e-13	3.37993e-13	3.41406e-13	3.44149e-13	3.46414e-13	3.48201e-13	3.49482e-13	3.50361e-13	3.51017e-13	3.51724e-13	3.52398e-13	3.5289e-13	3.53356e-13	3.53819e-13	3.54232e-13	3.54439e-13	3.54666e-13	3.54982e-13	3.55309e-13	3.55605e-13	3.55848e-13	3.56047e-13	3.56239e-13	3.56458e-13	3.567e-13	3.56909e-13	3.57088e-13	3.57235e-13	3.57502e-13	3.57746e-13	3.57813e-13	3.58059e-13	3.58353e-13	3.5856e-13	3.58785e-13	3.59028e-13	3.59395e-13	3.59539e-13	3.59859e-13	3.60346e-13	3.60514e-13	3.60983e-13	3.61359e-13	3.61916e-13	3.62704e-13	3.63292e-13	3.64014e-13	3.65402e-13	3.66011e-13	3.68812e-13	3.69847e-13	3.74712e-13	3.75386e-13	3.90305e-13	3.99825e-13	4.66768e-13	8.43239e-13	1.06672e-12	1.07686e-12	1.09146e-12	1.09771e-12	1.09833e-12	1.10486e-12	1.10597e-12	1.10665e-12	1.11004e-12	1.11041e-12	1.11136e-12	1.11289e-12	1.11342e-12	1.11369e-12	1.11475e-12	1.11493e-12	1.11584e-12	1.11597e-12	1.11654e-12	1.11665e-12	1.11781e-12	1.11792e-12	1.1184e-12	1.11853e-12	1.11869e-12	1.11874e-12	1.11888e-12	1.11935e-12	1.11935e-12	1.11935e-12	1.11935e-12
1064.55	1.62556e-16	1.24006e-17	1.2662e-17	6.28796e-13	3.33074e-13	3.75366e-13	3.89476e-13	3.95631e-13	3.99646e-13	4.02891e-13	4.05545e-13	4.07598e-13	4.09031e-13	4.1e-13	4.10735e-13	4.11544e-13	4.12289e-13	4.1284e-13	4.13363e-13	4.13861e-13	4.14282e-13	4.14474e-13	4.1472e-13	4.15053e-13	4.15374e-13	4.15644e-13	4.15853e-13	4.16029e-13	4.16208e-13	4.16411e-13	4.16604e-13	4.16757e-13	4.16895e-13	4.17037e-13	4.17222e-13	4.17375e-13	4.17423e-13	4.17596e-13	4.17776e-13	4.17861e-13	4.1799e-13	4.18148e-13	4.18313e-13	4.18366e-13	4.18544e-13	4.18732e-13	4.18787e-13	4.19006e-13	4.19089e-13	4.19309e-13	4.19615e-13	4.19726e-13	4.20061e-13	4.20342e-13	4.20652e-13	4.21324e-13	4.21618e-13	4.22943e-13	4.23327e-13	4.26325e-13	4.28318e-13	4.36897e-13	5.24569e-13	6.07774e-13	6.16194e-13	6.18942e-13	6.21748e-13	6.22318e-13	6.23783e-13	6.24534e-13	6.24631e-13	6.25627e-13	6.25889e-13	6.26006e-13	6.26463e-13	6.2682e-13	6.26875e-13	6.27083e-13	6.27129e-13	6.27539e-13	6.27696e-13	6.27757e-13	6.27783e-13	6.28144e-13	6.28174e-13	6.28564e-13	6.28601e-13	6.28647e-13	6.28667e-13	6.28702e-13	6.28796e-13	6.28796e-13	6.28796e-13	6.28796e-13
1067.56	1.62556e-16	7.91872e-18	8.14549e-18	5.50882e-13	3.52666e-13	3.97636e-13	4.12564e-13	4.1907e-13	4.23369e-13	4.26865e-13	4.29705e-13	4.31862e-13	4.33336e-13	4.34329e-13	4.35102e-13	4.35967e-13	4.36746e-13	4.37334e-13	4.37895e-13	4.38409e-13	4.38826e-13	4.39007e-13	4.39279e-13	4.3963e-13	4.39949e-13	4.40203e-13	4.40398e-13	4.40572e-13	4.40762e-13	4.40973e-13	4.41138e-13	4.41276e-13	4.41412e-13	4.41568e-13	4.41726e-13	4.41851e-13	4.41912e-13	4.42072e-13	4.42221e-13	4.4227e-13	4.4239e-13	4.42527e-13	4.42642e-13	4.4269e-13	4.4283e-13	4.42949e-13	4.43e-13	4.43151e-13	4.4319e-13	4.43353e-13	4.43531e-13	4.43583e-13	4.43814e-13	4.43902e-13	4.44157e-13	4.44393e-13	4.44651e-13	4.45175e-13	4.45574e-13	4.4643e-13	4.48018e-13	4.49335e-13	4.82931e-13	5.3372e-13	5.42965e-13	5.44453e-13	5.46165e-13	5.46984e-13	5.4748e-13	5.48105e-13	5.4827e-13	5.48685e-13	5.48981e-13	5.49025e-13	5.49194e-13	5.49487e-13	5.49596e-13	5.49638e-13	5.49659e-13	5.49889e-13	5.50104e-13	5.50136e-13	5.5015e-13	5.50271e-13	5.50285e-13	5.50619e-13	5.50639e-13	5.50816e-13	5.50842e-13	5.50861e-13	5.50882e-13	5.50882e-13	5.50882e-13	5.50882e-13
1070.57	1.62556e-16	8.30863e-18	8.48327e-18	5.2146e-13	3.61692e-13	4.08015e-13	4.23319e-13	4.2999e-13	4.34458e-13	4.38111e-13	4.41057e-13	4.43255e-13	4.44728e-13	4.4572e-13	4.46519e-13	4.47423e-13	4.4822e-13	4.48836e-13	4.49421e-13	4.49939e-13	4.50343e-13	4.50519e-13	4.50818e-13	4.51179e-13	4.5149e-13	4.51727e-13	4.51914e-13	4.52096e-13	4.523e-13	4.52517e-13	4.52654e-13	4.52788e-13	4.52932e-13	4.53095e-13	4.53234e-13	4.53345e-13	4.53429e-13	4.53582e-13	4.5371e-13	4.53747e-13	4.5387e-13	4.53988e-13	4.5408e-13	4.54142e-13	4.54252e-13	4.54342e-13	4.54411e-13	4.54516e-13	4.54555e-13	4.54697e-13	4.54804e-13	4.54861e-13	4.55021e-13	4.55066e-13	4.55275e-13	4.5536e-13	4.5561e-13	4.55811e-13	4.56158e-13	4.56404e-13	4.5772e-13	4.57795e-13	4.71413e-13	5.04845e-13	5.1447e-13	5.16686e-13	5.17593e-13	5.18482e-13	5.18758e-13	5.19196e-13	5.19464e-13	5.19632e-13	5.19909e-13	5.20004e-13	5.20046e-13	5.2024e-13	5.20408e-13	5.20432e-13	5.20446e-13	5.2054e-13	5.20749e-13	5.20845e-13	5.20856e-13	5.20874e-13	5.20882e-13	5.21093e-13	5.21105e-13	5.2139e-13	5.21423e-13	5.21436e-13	5.2146e-13	5.2146e-13	5.2146e-13	5.2146e-13
1073.58	1.62556e-16	6.54115e-18	6.73085e-18	5.14468e-13	3.69958e-13	4.17549e-13	4.33197e-13	4.40025e-13	4.4466e-13	4.48468e-13	4.51512e-13	4.53743e-13	4.55208e-13	4.56202e-13	4.57032e-13	4.57976e-13	4.58789e-13	4.59435e-13	4.60041e-13	4.60557e-13	4.60948e-13	4.61129e-13	4.61455e-13	4.61821e-13	4.6212e-13	4.62343e-13	4.62528e-13	4.62723e-13	4.62943e-13	4.63162e-13	4.6327e-13	4.63408e-13	4.63565e-13	4.63724e-13	4.63848e-13	4.63954e-13	4.64062e-13	4.64205e-13	4.64315e-13	4.64355e-13	4.64483e-13	4.64576e-13	4.64657e-13	4.64739e-13	4.64817e-13	4.64897e-13	4.64985e-13	4.65051e-13	4.65108e-13	4.65233e-13	4.65292e-13	4.65369e-13	4.65471e-13	4.65522e-13	4.65678e-13	4.65722e-13	4.65942e-13	4.66019e-13	4.66277e-13	4.66401e-13	4.67374e-13	4.67451e-13	4.72999e-13	4.96484e-13	5.065e-13	5.10497e-13	5.10877e-13	5.11695e-13	5.1209e-13	5.12345e-13	5.12674e-13	5.12794e-13	5.13011e-13	5.13181e-13	5.13204e-13	5.13301e-13	5.13492e-13	5.13569e-13	5.13583e-13	5.13603e-13	5.13756e-13	5.13926e-13	5.13937e-13	5.1396e-13	5.13967e-13	5.14052e-13	5.1406e-13	5.14364e-13	5.14398e-13	5.14409e-13	5.14468e-13	5.14468e-13	5.14468e-13	5.14468e-13
1076.59	1.62556e-16	7.4835e-18	7.62244e-18	5.09865e-13	3.72632e-13	4.20778e-13	4.36538e-13	4.43426e-13	4.48167e-13	4.52076e-13	4.5517e-13	4.57395e-13	4.58832e-13	4.59818e-13	4.60673e-13	4.61646e-13	4.62466e-13	4.63133e-13	4.63748e-13	4.64252e-13	4.64626e-13	4.64819e-13	4.65168e-13	4.6553e-13	4.65812e-13	4.66022e-13	4.66211e-13	4.66421e-13	4.66653e-13	4.66869e-13	4.6695e-13	4.67097e-13	4.67267e-13	4.67411e-13	4.67524e-13	4.67634e-13	4.67762e-13	4.67891e-13	4.67987e-13	4.68043e-13	4.68173e-13	4.68239e-13	4.68321e-13	4.6842e-13	4.6847e-13	4.68552e-13	4.68652e-13	4.6869e-13	4.68769e-13	4.68878e-13	4.68912e-13	4.69007e-13	4.69066e-13	4.69141e-13	4.69246e-13	4.693e-13	4.69476e-13	4.69525e-13	4.69693e-13	4.69851e-13	4.7049e-13	4.70759e-13	4.7285e-13	4.89642e-13	4.99839e-13	5.06359e-13	5.06507e-13	5.07101e-13	5.07758e-13	5.0786e-13	5.08165e-13	5.08363e-13	5.08487e-13	5.08698e-13	5.08773e-13	5.088e-13	5.08954e-13	5.09098e-13	5.09114e-13	5.09133e-13	5.09202e-13	5.09393e-13	5.09404e-13	5.09503e-13	5.09512e-13	5.09522e-13	5.09528e-13	5.0974e-13	5.09765e-13	5.09773e-13	5.09865e-13	5.09865e-13	5.09865e-13	5.09865e-13
1079.6	1.62556e-16	6.18613e-18	6.34809e-18	5.09396e-13	3.7611e-13	4.24919e-13	4.40825e-13	4.47792e-13	4.52655e-13	4.56674e-13	4.5982e-13	4.62038e-13	4.63449e-13	4.64434e-13	4.65322e-13	4.66324e-13	4.67153e-13	4.67841e-13	4.68461e-13	4.68949e-13	4.69308e-13	4.69521e-13	4.69892e-13	4.70244e-13	4.70508e-13	4.7071e-13	4.70909e-13	4.71136e-13	4.71374e-13	4.7158e-13	4.71642e-13	4.71803e-13	4.71982e-13	4.72102e-13	4.72211e-13	4.72329e-13	4.72465e-13	4.72579e-13	4.72667e-13	4.72744e-13	4.72868e-13	4.72911e-13	4.72999e-13	4.73104e-13	4.73133e-13	4.73222e-13	4.73319e-13	4.73343e-13	4.73435e-13	4.73523e-13	4.7355e-13	4.73648e-13	4.73679e-13	4.73771e-13	4.73829e-13	4.73906e-13	4.7402e-13	4.74085e-13	4.74168e-13	4.74375e-13	4.7471e-13	4.75087e-13	4.75735e-13	4.86971e-13	4.96623e-13	5.05918e-13	5.06256e-13	5.06551e-13	5.07451e-13	5.0749e-13	5.07697e-13	5.08029e-13	5.08076e-13	5.08267e-13	5.08422e-13	5.0844e-13	5.08523e-13	5.08701e-13	5.08717e-13	5.08797e-13	5.08809e-13	5.08957e-13	5.08966e-13	5.09151e-13	5.0916e-13	5.09193e-13	5.09199e-13	5.0928e-13	5.09293e-13	5.09299e-13	5.09396e-13	5.09396e-13	5.09396e-13	5.09396e-13
1082.61	1.62556e-16	7.16084e-18	7.27626e-18	5.07727e-13	3.74696e-13	4.2353e-13	4.39378e-13	4.4634e-13	4.51264e-13	4.5534e-13	4.58492e-13	4.60673e-13	4.62041e-13	4.63019e-13	4.63933e-13	4.64949e-13	4.65778e-13	4.66477e-13	4.67089e-13	4.67555e-13	4.67898e-13	4.68136e-13	4.68517e-13	4.68852e-13	4.69097e-13	4.69296e-13	4.69507e-13	4.69747e-13	4.69984e-13	4.70175e-13	4.7023e-13	4.70403e-13	4.70586e-13	4.70688e-13	4.70788e-13	4.70918e-13	4.71049e-13	4.7115e-13	4.71236e-13	4.71333e-13	4.71447e-13	4.71477e-13	4.71575e-13	4.71672e-13	4.71696e-13	4.71793e-13	4.71877e-13	4.71902e-13	4.71995e-13	4.72067e-13	4.72104e-13	4.72193e-13	4.72217e-13	4.72317e-13	4.72348e-13	4.72449e-13	4.72515e-13	4.72612e-13	4.72646e-13	4.72889e-13	4.7305e-13	4.73448e-13	4.73726e-13	4.81396e-13	4.90677e-13	5.03454e-13	5.04576e-13	5.04678e-13	5.05715e-13	5.05825e-13	5.05919e-13	5.06373e-13	5.06405e-13	5.0653e-13	5.06743e-13	5.06818e-13	5.06843e-13	5.06998e-13	5.07013e-13	5.07173e-13	5.07192e-13	5.07264e-13	5.07271e-13	5.07487e-13	5.07498e-13	5.07629e-13	5.07637e-13	5.07645e-13	5.07652e-13	5.07656e-13	5.07727e-13	5.07727e-13	5.07727e-13	5.07727e-13
1085.62	1.62556e-16	6.04397e-18	6.17325e-18	5.07147e-13	3.74238e-13	4.2322e-13	4.39051e-13	4.4603e-13	4.51031e-13	4.55171e-13	4.58331e-13	4.60475e-13	4.61807e-13	4.62785e-13	4.6373e-13	4.64762e-13	4.65591e-13	4.663e-13	4.669e-13	4.67344e-13	4.67676e-13	4.67943e-13	4.68329e-13	4.68644e-13	4.68873e-13	4.69074e-13	4.693e-13	4.6955e-13	4.69781e-13	4.69955e-13	4.70012e-13	4.70196e-13	4.70376e-13	4.70442e-13	4.7056e-13	4.70699e-13	4.70815e-13	4.70906e-13	4.70997e-13	4.71106e-13	4.71206e-13	4.71234e-13	4.71338e-13	4.71419e-13	4.71449e-13	4.7155e-13	4.71611e-13	4.7165e-13	4.71728e-13	4.71788e-13	4.71842e-13	4.71908e-13	4.7194e-13	4.72027e-13	4.7205e-13	4.72154e-13	4.72188e-13	4.72301e-13	4.72316e-13	4.72534e-13	4.72612e-13	4.72917e-13	4.73237e-13	4.77738e-13	4.85681e-13	5.01166e-13	5.03701e-13	5.03917e-13	5.04843e-13	5.0515e-13	5.05181e-13	5.05659e-13	5.05755e-13	5.05805e-13	5.06013e-13	5.06179e-13	5.06198e-13	5.06287e-13	5.063e-13	5.06504e-13	5.06595e-13	5.06611e-13	5.06617e-13	5.06788e-13	5.06799e-13	5.07038e-13	5.07047e-13	5.07096e-13	5.07109e-13	5.07113e-13	5.07147e-13	5.07147e-13	5.07147e-13	5.07147e-13
1088.63	1.62556e-16	6.99003e-18	7.09247e-18	5.06301e-13	3.69055e-13	4.17564e-13	4.3318e-13	4.40093e-13	4.45111e-13	4.4926e-13	4.52383e-13	4.54461e-13	4.55742e-13	4.56714e-13	4.57681e-13	4.58712e-13	4.59532e-13	4.60238e-13	4.60815e-13	4.61232e-13	4.61554e-13	4.61848e-13	4.62227e-13	4.62518e-13	4.62734e-13	4.6294e-13	4.63179e-13	4.63431e-13	4.63647e-13	4.63804e-13	4.63873e-13	4.64061e-13	4.64232e-13	4.64277e-13	4.64405e-13	4.6455e-13	4.64642e-13	4.64729e-13	4.64827e-13	4.64938e-13	4.65023e-13	4.6506e-13	4.65167e-13	4.65226e-13	4.65272e-13	4.6537e-13	4.65409e-13	4.65466e-13	4.65523e-13	4.65581e-13	4.6565e-13	4.65693e-13	4.65743e-13	4.6581e-13	4.65844e-13	4.6594e-13	4.65968e-13	4.66089e-13	4.66116e-13	4.66298e-13	4.6639e-13	4.66595e-13	4.6715e-13	4.69758e-13	4.76861e-13	4.96468e-13	5.01567e-13	5.02568e-13	5.03292e-13	5.03904e-13	5.04009e-13	5.04433e-13	5.0467e-13	5.04698e-13	5.04849e-13	5.051e-13	5.05189e-13	5.05219e-13	5.05231e-13	5.05423e-13	5.05618e-13	5.05648e-13	5.05656e-13	5.0574e-13	5.05752e-13	5.06043e-13	5.06053e-13	5.06249e-13	5.06279e-13	5.06286e-13	5.06301e-13	5.06301e-13	5.06301e-13	5.06301e-13
1091.64	1.62556e-16	6.1346e-18	6.2241e-18	5.05278e-13	3.64714e-13	4.12858e-13	4.28297e-13	4.35164e-13	4.40213e-13	4.44377e-13	4.47464e-13	4.49478e-13	4.50716e-13	4.5169e-13	4.52682e-13	4.53712e-13	4.54523e-13	4.55225e-13	4.55776e-13	4.56168e-13	4.56487e-13	4.56808e-13	4.57174e-13	4.57442e-13	4.57649e-13	4.57866e-13	4.58117e-13	4.58365e-13	4.58564e-13	4.58705e-13	4.58794e-13	4.58982e-13	4.59137e-13	4.59173e-13	4.5931e-13	4.59456e-13	4.59523e-13	4.59612e-13	4.59718e-13	4.59818e-13	4.59892e-13	4.59946e-13	4.60048e-13	4.60086e-13	4.6015e-13	4.60239e-13	4.60262e-13	4.60333e-13	4.60369e-13	4.60429e-13	4.60504e-13	4.60528e-13	4.60595e-13	4.60636e-13	4.6069e-13	4.60759e-13	4.60802e-13	4.60901e-13	4.60957e-13	4.61072e-13	4.6123e-13	4.61312e-13	4.62034e-13	4.63168e-13	4.68447e-13	4.89914e-13	4.98159e-13	5.00931e-13	5.01496e-13	5.02345e-13	5.02701e-13	5.02984e-13	5.03366e-13	5.03469e-13	5.03532e-13	5.03793e-13	5.04003e-13	5.0403e-13	5.04043e-13	5.04155e-13	5.04416e-13	5.04542e-13	5.04555e-13	5.04569e-13	5.04582e-13	5.04815e-13	5.04825e-13	5.05184e-13	5.05232e-13	5.05242e-13	5.05278e-13	5.05278e-13	5.05278e-13	5.05278e-13
1094.65	1.62556e-16	6.93122e-18	7.02993e-18	5.09616e-13	3.55724e-13	4.02886e-13	4.17951e-13	4.2469e-13	4.29705e-13	4.33825e-13	4.36832e-13	4.38754e-13	4.39936e-13	4.40903e-13	4.41908e-13	4.42919e-13	4.4371e-13	4.44394e-13	4.44908e-13	4.45274e-13	4.45589e-13	4.45929e-13	4.46272e-13	4.46514e-13	4.46716e-13	4.46943e-13	4.47197e-13	4.47432e-13	4.47608e-13	4.47737e-13	4.47847e-13	4.48024e-13	4.4816e-13	4.48198e-13	4.48339e-13	4.48477e-13	4.48521e-13	4.48614e-13	4.48725e-13	4.48805e-13	4.48872e-13	4.48941e-13	4.49031e-13	4.49057e-13	4.49132e-13	4.49207e-13	4.49226e-13	4.49301e-13	4.49321e-13	4.49388e-13	4.4946e-13	4.49477e-13	4.49554e-13	4.49578e-13	4.49654e-13	4.49699e-13	4.49775e-13	4.49852e-13	4.49951e-13	4.50022e-13	4.50303e-13	4.50317e-13	4.5122e-13	4.51758e-13	4.55837e-13	4.81991e-13	4.96145e-13	5.03057e-13	5.04408e-13	5.05439e-13	5.06306e-13	5.06567e-13	5.07086e-13	5.07406e-13	5.07441e-13	5.07654e-13	5.08011e-13	5.08145e-13	5.08167e-13	5.08202e-13	5.0847e-13	5.08759e-13	5.08779e-13	5.08826e-13	5.08845e-13	5.08962e-13	5.08972e-13	5.09437e-13	5.09499e-13	5.09513e-13	5.09616e-13	5.09616e-13	5.09616e-13	5.09616e-13
1097.66	1.62556e-16	6.98388e-18	7.03941e-18	5.14098e-13	3.4645e-13	3.92581e-13	4.07263e-13	4.13871e-13	4.18846e-13	4.22914e-13	4.25831e-13	4.27661e-13	4.28792e-13	4.29757e-13	4.30772e-13	4.31759e-13	4.32529e-13	4.3319e-13	4.33668e-13	4.34012e-13	4.34328e-13	4.3468e-13	4.34995e-13	4.35217e-13	4.3542e-13	4.35656e-13	4.35909e-13	4.36126e-13	4.36281e-13	4.36403e-13	4.36533e-13	4.36695e-13	4.36812e-13	4.3686e-13	4.37002e-13	4.37126e-13	4.37156e-13	4.37256e-13	4.37366e-13	4.37424e-13	4.3749e-13	4.3757e-13	4.37645e-13	4.37668e-13	4.37746e-13	4.37807e-13	4.37833e-13	4.37902e-13	4.37918e-13	4.37991e-13	4.38049e-13	4.38073e-13	4.38147e-13	4.38166e-13	4.38256e-13	4.38283e-13	4.38392e-13	4.38441e-13	4.38571e-13	4.38625e-13	4.39003e-13	4.39024e-13	4.39864e-13	4.40399e-13	4.42723e-13	4.69753e-13	4.89987e-13	5.03235e-13	5.07672e-13	5.08482e-13	5.09878e-13	5.10435e-13	5.10917e-13	5.11516e-13	5.11676e-13	5.11772e-13	5.12178e-13	5.12512e-13	5.12549e-13	5.12587e-13	5.12753e-13	5.1316e-13	5.13188e-13	5.13407e-13	5.13434e-13	5.13454e-13	5.13466e-13	5.13845e-13	5.13902e-13	5.13919e-13	5.14098e-13	5.14098e-13	5.14098e-13	5.14098e-13
1100.67	1.62556e-16	7.4801e-18	7.56884e-18	5.4805e-13	3.32157e-13	3.76571e-13	3.90656e-13	3.97037e-13	4.01894e-13	4.05838e-13	4.08617e-13	4.10327e-13	4.11394e-13	4.12343e-13	4.13347e-13	4.14289e-13	4.15022e-13	4.15644e-13	4.16078e-13	4.16397e-13	4.16711e-13	4.17059e-13	4.17336e-13	4.17538e-13	4.1774e-13	4.17977e-13	4.18215e-13	4.18405e-13	4.18538e-13	4.18655e-13	4.18793e-13	4.18931e-13	4.1903e-13	4.19091e-13	4.19222e-13	4.19326e-13	4.1935e-13	4.1945e-13	4.1955e-13	4.19586e-13	4.19653e-13	4.19731e-13	4.1979e-13	4.19818e-13	4.19886e-13	4.19935e-13	4.19972e-13	4.20026e-13	4.20049e-13	4.20126e-13	4.20168e-13	4.20211e-13	4.20278e-13	4.20311e-13	4.20416e-13	4.20447e-13	4.20613e-13	4.20656e-13	4.20832e-13	4.20952e-13	4.21496e-13	4.21664e-13	4.22488e-13	4.23938e-13	4.25098e-13	4.58657e-13	4.9325e-13	5.22258e-13	5.38088e-13	5.38596e-13	5.40749e-13	5.42601e-13	5.42993e-13	5.44019e-13	5.44639e-13	5.4471e-13	5.45112e-13	5.45793e-13	5.45862e-13	5.46124e-13	5.46187e-13	5.46682e-13	5.46723e-13	5.47312e-13	5.47358e-13	5.47475e-13	5.47497e-13	5.47701e-13	5.47752e-13	5.47779e-13	5.4805e-13	5.4805e-13	5.4805e-13	5.4805e-13
1103.68	1.62556e-16	1.15879e-17	1.16771e-17	6.20083e-13	3.10198e-13	3.51845e-13	3.65008e-13	3.71013e-13	3.75628e-13	3.79348e-13	3.8192e-13	3.83476e-13	3.84461e-13	3.85372e-13	3.86334e-13	3.87205e-13	3.87883e-13	3.8845e-13	3.88832e-13	3.89125e-13	3.89428e-13	3.89756e-13	3.89991e-13	3.90174e-13	3.90371e-13	3.90599e-13	3.90812e-13	3.90971e-13	3.91084e-13	3.91197e-13	3.91332e-13	3.91445e-13	3.91527e-13	3.91601e-13	3.91714e-13	3.91797e-13	3.91825e-13	3.9192e-13	3.92006e-13	3.92029e-13	3.92097e-13	3.92167e-13	3.92216e-13	3.92255e-13	3.9231e-13	3.92357e-13	3.92411e-13	3.92453e-13	3.92494e-13	3.92585e-13	3.92619e-13	3.92701e-13	3.92765e-13	3.92845e-13	3.92972e-13	3.93051e-13	3.93299e-13	3.93387e-13	3.93605e-13	3.93964e-13	3.94662e-13	3.95232e-13	3.9594e-13	3.99497e-13	3.9971e-13	4.39077e-13	4.95616e-13	5.5487e-13	6.02881e-13	6.03801e-13	6.0626e-13	6.11276e-13	6.11584e-13	6.12928e-13	6.14514e-13	6.14929e-13	6.15187e-13	6.16223e-13	6.16342e-13	6.17221e-13	6.17329e-13	6.1774e-13	6.17799e-13	6.1888e-13	6.18956e-13	6.19593e-13	6.19639e-13	6.19669e-13	6.19727e-13	6.19775e-13	6.20083e-13	6.20083e-13	6.20083e-13	6.20083e-13
1106.69	1.62556e-16	1.85769e-17	1.86706e-17	1.02601e-12	2.66077e-13	3.01935e-13	3.13223e-13	3.18408e-13	3.22425e-13	3.25629e-13	3.27798e-13	3.29086e-13	3.29916e-13	3.30711e-13	3.31542e-13	3.32265e-13	3.32827e-13	3.33286e-13	3.33585e-13	3.33827e-13	3.34088e-13	3.34353e-13	3.34526e-13	3.34674e-13	3.34843e-13	3.35029e-13	3.35189e-13	3.35303e-13	3.35388e-13	3.35483e-13	3.35589e-13	3.35668e-13	3.35732e-13	3.35802e-13	3.35886e-13	3.35946e-13	3.35979e-13	3.36062e-13	3.36132e-13	3.36151e-13	3.36226e-13	3.3629e-13	3.36344e-13	3.36409e-13	3.36466e-13	3.36538e-13	3.36647e-13	3.36696e-13	3.36812e-13	3.36999e-13	3.37055e-13	3.37303e-13	3.37406e-13	3.37723e-13	3.37963e-13	3.38348e-13	3.38907e-13	3.39366e-13	3.39726e-13	3.4128e-13	3.42529e-13	3.44778e-13	3.46001e-13	3.57663e-13	3.58652e-13	4.26774e-13	5.69265e-13	7.55316e-13	9.67781e-13	9.79335e-13	9.82206e-13	1.00008e-12	1.00184e-12	1.00386e-12	1.00879e-12	1.01163e-12	1.01197e-12	1.01383e-12	1.01414e-12	1.01735e-12	1.01855e-12	1.01885e-12	1.01901e-12	1.02133e-12	1.02153e-12	1.02444e-12	1.02459e-12	1.02517e-12	1.0254e-12	1.02556e-12	1.02601e-12	1.02601e-12	1.02601e-12	1.02601e-12
1109.7	1.62556e-16	1.33677e-16	1.3489e-16	5.10948e-12	6.79883e-14	7.72095e-14	8.01174e-14	8.14717e-14	8.25382e-14	8.33922e-14	8.39699e-14	8.43161e-14	8.45497e-14	8.47867e-14	8.50414e-14	8.52672e-14	8.54555e-14	8.56183e-14	8.57312e-14	8.58345e-14	8.59595e-14	8.60926e-14	8.61837e-14	8.62786e-14	8.64051e-14	8.65604e-14	8.6709e-14	8.68285e-14	8.69405e-14	8.70929e-14	8.7275e-14	8.74252e-14	8.75786e-14	8.7799e-14	8.80475e-14	8.82552e-14	8.84433e-14	8.88368e-14	8.91885e-14	8.93236e-14	8.98612e-14	9.02321e-14	9.06616e-14	9.1329e-14	9.16524e-14	9.23788e-14	9.34736e-14	9.37684e-14	9.51203e-14	9.66758e-14	9.72602e-14	9.966e-14	1.00308e-13	1.03711e-13	1.04925e-13	1.09523e-13	1.12414e-13	1.18186e-13	1.19421e-13	1.33516e-13	1.38594e-13	1.55425e-13	1.6798e-13	2.42755e-13	2.72446e-13	5.08767e-13	1.28507e-12	2.56088e-12	4.55528e-12	4.78099e-12	4.79512e-12	4.91375e-12	4.94551e-12	4.95087e-12	4.9776e-12	5.00711e-12	5.0146e-12	5.01949e-12	5.02146e-12	5.04128e-12	5.0571e-12	5.05928e-12	5.06045e-12	5.06801e-12	5.0692e-12	5.09012e-12	5.09124e-12	5.10397e-12	5.10645e-12	5.10773e-12	5.10948e-12	5.10948e-12	5.10948e-12	5.10948e-12
1112.71	1.62556e-16	3.8349e-17	3.88405e-17	1.56521e-12	3.3306e-13	3.78441e-13	3.92719e-13	3.99432e-13	4.04762e-13	4.08982e-13	4.11773e-13	4.13418e-13	4.14556e-13	4.15738e-13	4.16971e-13	4.18002e-13	4.18842e-13	4.19526e-13	4.19977e-13	4.20405e-13	4.20905e-13	4.2136e-13	4.2164e-13	4.21957e-13	4.22352e-13	4.22763e-13	4.23091e-13	4.23331e-13	4.23568e-13	4.23874e-13	4.24149e-13	4.2436e-13	4.24591e-13	4.2489e-13	4.25142e-13	4.25349e-13	4.25588e-13	4.25916e-13	4.26161e-13	4.26311e-13	4.267e-13	4.26864e-13	4.27154e-13	4.2756e-13	4.27669e-13	4.28092e-13	4.28563e-13	4.28696e-13	4.2929e-13	4.29797e-13	4.30143e-13	4.30881e-13	4.31163e-13	4.32255e-13	4.32544e-13	4.34096e-13	4.34566e-13	4.36537e-13	4.36823e-13	4.40196e-13	4.41334e-13	4.4439e-13	4.49705e-13	4.61651e-13	4.73698e-13	4.93898e-13	6.0857e-13	8.55247e-13	1.38325e-12	1.48389e-12	1.4985e-12	1.51728e-12	1.52972e-12	1.53169e-12	1.53472e-12	1.54161e-12	1.54547e-12	1.54594e-12	1.54637e-12	1.54901e-12	1.55326e-12	1.55494e-12	1.55525e-12	1.55564e-12	1.55586e-12	1.55912e-12	1.55935e-12	1.56364e-12	1.56434e-12	1.56464e-12	1.56521e-12	1.56521e-12	1.56521e-12	1.56521e-12
1115.72	1.62556e-16	1.11146e-17	1.12136e-17	7.06946e-13	3.35163e-13	3.80992e-13	3.95354e-13	4.02158e-13	4.07587e-13	4.11819e-13	4.14549e-13	4.16134e-13	4.17265e-13	4.18464e-13	4.1968e-13	4.20654e-13	4.21448e-13	4.22072e-13	4.22483e-13	4.22896e-13	4.23373e-13	4.23758e-13	4.23992e-13	4.2429e-13	4.24648e-13	4.24988e-13	4.25237e-13	4.25423e-13	4.25627e-13	4.25882e-13	4.26063e-13	4.26216e-13	4.26403e-13	4.26613e-13	4.26767e-13	4.26908e-13	4.27093e-13	4.27278e-13	4.27412e-13	4.27537e-13	4.27752e-13	4.27812e-13	4.27992e-13	4.28192e-13	4.28241e-13	4.28471e-13	4.28645e-13	4.28739e-13	4.28968e-13	4.2915e-13	4.29356e-13	4.2956e-13	4.29735e-13	4.30052e-13	4.30201e-13	4.30674e-13	4.30818e-13	4.3142e-13	4.31614e-13	4.32325e-13	4.32876e-13	4.333e-13	4.35278e-13	4.36901e-13	4.40449e-13	4.42729e-13	4.58007e-13	5.04272e-13	6.41732e-13	6.80942e-13	6.91519e-13	6.94352e-13	6.9819e-13	6.99551e-13	6.99817e-13	7.01085e-13	7.02455e-13	7.02803e-13	7.0292e-13	7.03156e-13	7.04032e-13	7.04782e-13	7.04866e-13	7.04977e-13	7.05028e-13	7.05378e-13	7.05429e-13	7.06475e-13	7.06642e-13	7.06709e-13	7.06946e-13	7.06946e-13	7.06946e-13	7.06946e-13
1118.73	1.62556e-16	6.63156e-18	6.61263e-18	5.0828e-13	3.18497e-13	3.62225e-13	3.7589e-13	3.82425e-13	3.87667e-13	3.91699e-13	3.94242e-13	3.95705e-13	3.9679e-13	3.97962e-13	3.99118e-13	4.00012e-13	4.00747e-13	4.0131e-13	4.01688e-13	4.0209e-13	4.02545e-13	4.0287e-13	4.03078e-13	4.03369e-13	4.03703e-13	4.03995e-13	4.04197e-13	4.04361e-13	4.04558e-13	4.04788e-13	4.04915e-13	4.05051e-13	4.05226e-13	4.05393e-13	4.05505e-13	4.05631e-13	4.05791e-13	4.05921e-13	4.06021e-13	4.06145e-13	4.06295e-13	4.06331e-13	4.0648e-13	4.06602e-13	4.06652e-13	4.06821e-13	4.06903e-13	4.07e-13	4.07113e-13	4.07225e-13	4.07386e-13	4.0746e-13	4.07611e-13	4.0773e-13	4.07866e-13	4.08053e-13	4.08176e-13	4.08413e-13	4.08584e-13	4.08772e-13	4.09168e-13	4.09215e-13	4.10113e-13	4.10423e-13	4.11623e-13	4.12779e-13	4.15076e-13	4.2651e-13	4.75201e-13	4.94601e-13	5.02388e-13	5.03681e-13	5.04986e-13	5.05877e-13	5.06021e-13	5.06253e-13	5.06757e-13	5.07034e-13	5.07083e-13	5.07122e-13	5.07301e-13	5.07617e-13	5.07648e-13	5.07782e-13	5.07801e-13	5.0783e-13	5.07848e-13	5.08103e-13	5.08149e-13	5.08169e-13	5.0828e-13	5.0828e-13	5.0828e-13	5.0828e-13
1121.74	1.62556e-16	6.51154e-18	6.6166e-18	4.46978e-13	3.03979e-13	3.45888e-13	3.58957e-13	3.65269e-13	3.70358e-13	3.74219e-13	3.76604e-13	3.77971e-13	3.79026e-13	3.80182e-13	3.81291e-13	3.82122e-13	3.82815e-13	3.83334e-13	3.83694e-13	3.84096e-13	3.84537e-13	3.84817e-13	3.85013e-13	3.85307e-13	3.85627e-13	3.85885e-13	3.8606e-13	3.86218e-13	3.86417e-13	3.86634e-13	3.86726e-13	3.86862e-13	3.87037e-13	3.87164e-13	3.87269e-13	3.87396e-13	3.87539e-13	3.87642e-13	3.87737e-13	3.87865e-13	3.87981e-13	3.88018e-13	3.88159e-13	3.88239e-13	3.88306e-13	3.88448e-13	3.88492e-13	3.88601e-13	3.88662e-13	3.88765e-13	3.88907e-13	3.88943e-13	3.8909e-13	3.89143e-13	3.89289e-13	3.89376e-13	3.89519e-13	3.89631e-13	3.89795e-13	3.89865e-13	3.90204e-13	3.90211e-13	3.90715e-13	3.909e-13	3.91381e-13	3.92503e-13	3.9281e-13	3.96625e-13	4.21754e-13	4.35291e-13	4.42552e-13	4.4441e-13	4.44943e-13	4.45609e-13	4.45839e-13	4.4589e-13	4.4611e-13	4.46339e-13	4.46369e-13	4.46432e-13	4.46468e-13	4.46623e-13	4.4664e-13	4.46777e-13	4.46789e-13	4.46812e-13	4.46822e-13	4.46887e-13	4.46903e-13	4.46913e-13	4.46978e-13	4.46978e-13	4.46978e-13	4.46978e-13
1124.75	1.62556e-16	4.08362e-18	4.04934e-18	4.08993e-13	2.92965e-13	3.33522e-13	3.46145e-13	3.52305e-13	3.57291e-13	3.6102e-13	3.63276e-13	3.64569e-13	3.6561e-13	3.66759e-13	3.67829e-13	3.68607e-13	3.69267e-13	3.69752e-13	3.70103e-13	3.70509e-13	3.70938e-13	3.71177e-13	3.71371e-13	3.71669e-13	3.71972e-13	3.722e-13	3.72356e-13	3.72516e-13	3.72718e-13	3.72919e-13	3.72985e-13	3.73126e-13	3.73298e-13	3.73393e-13	3.73494e-13	3.73625e-13	3.73745e-13	3.73832e-13	3.73928e-13	3.7405e-13	3.74141e-13	3.7419e-13	3.74317e-13	3.74366e-13	3.74449e-13	3.74564e-13	3.74591e-13	3.747e-13	3.74732e-13	3.74834e-13	3.74945e-13	3.74974e-13	3.75099e-13	3.75127e-13	3.75262e-13	3.753e-13	3.75443e-13	3.7549e-13	3.75621e-13	3.75669e-13	3.75915e-13	3.75947e-13	3.76185e-13	3.76395e-13	3.76534e-13	3.77416e-13	3.77435e-13	3.7846e-13	3.90588e-13	3.99277e-13	4.05159e-13	4.07569e-13	4.07737e-13	4.08118e-13	4.08364e-13	4.08403e-13	4.08473e-13	4.08612e-13	4.08629e-13	4.0871e-13	4.08719e-13	4.08775e-13	4.08784e-13	4.08882e-13	4.0889e-13	4.08935e-13	4.08942e-13	4.08951e-13	4.08956e-13	4.08962e-13	4.08993e-13	4.08993e-13	4.08993e-13	4.08993e-13
1127.76	1.62556e-16	4.60666e-18	4.60051e-18	3.80255e-13	2.7991e-13	3.18821e-13	3.30913e-13	3.36876e-13	3.41719e-13	3.45286e-13	3.47402e-13	3.48619e-13	3.49641e-13	3.50773e-13	3.51793e-13	3.52517e-13	3.53142e-13	3.53593e-13	3.53939e-13	3.54346e-13	3.54756e-13	3.54958e-13	3.55154e-13	3.55452e-13	3.55735e-13	3.55934e-13	3.56078e-13	3.56242e-13	3.56444e-13	3.56627e-13	3.56677e-13	3.56823e-13	3.5699e-13	3.57056e-13	3.5716e-13	3.57294e-13	3.57388e-13	3.57468e-13	3.57569e-13	3.57677e-13	3.57752e-13	3.57817e-13	3.57929e-13	3.5796e-13	3.58053e-13	3.58145e-13	3.58171e-13	3.58271e-13	3.58292e-13	3.58396e-13	3.58476e-13	3.58515e-13	3.58612e-13	3.58642e-13	3.58755e-13	3.58781e-13	3.5891e-13	3.58936e-13	3.59029e-13	3.59095e-13	3.59257e-13	3.59321e-13	3.59421e-13	3.59659e-13	3.59681e-13	3.60294e-13	3.60391e-13	3.60579e-13	3.66419e-13	3.72004e-13	3.76624e-13	3.79389e-13	3.79475e-13	3.79649e-13	3.79849e-13	3.79913e-13	3.79931e-13	3.79997e-13	3.80007e-13	3.80077e-13	3.80095e-13	3.80109e-13	3.80114e-13	3.80166e-13	3.80171e-13	3.80223e-13	3.80227e-13	3.80236e-13	3.80239e-13	3.80243e-13	3.80255e-13	3.80255e-13	3.80255e-13	3.80255e-13
1130.77	1.62556e-16	4.22846e-18	4.28169e-18	3.62906e-13	2.69731e-13	3.07386e-13	3.19072e-13	3.24899e-13	3.29642e-13	3.33081e-13	3.3508e-13	3.36239e-13	3.37256e-13	3.38379e-13	3.39355e-13	3.40035e-13	3.40633e-13	3.4106e-13	3.41407e-13	3.41817e-13	3.4221e-13	3.42383e-13	3.42586e-13	3.42885e-13	3.43147e-13	3.43323e-13	3.43462e-13	3.43634e-13	3.43835e-13	3.43999e-13	3.44042e-13	3.44195e-13	3.44354e-13	3.44399e-13	3.4451e-13	3.44646e-13	3.44715e-13	3.44796e-13	3.44905e-13	3.44994e-13	3.45062e-13	3.45142e-13	3.45238e-13	3.45263e-13	3.45359e-13	3.45432e-13	3.4547e-13	3.45553e-13	3.45579e-13	3.45683e-13	3.45735e-13	3.45793e-13	3.4586e-13	3.45907e-13	3.45992e-13	3.46028e-13	3.46133e-13	3.46164e-13	3.46223e-13	3.46317e-13	3.46414e-13	3.46502e-13	3.46548e-13	3.46794e-13	3.46801e-13	3.47205e-13	3.4741e-13	3.47418e-13	3.50464e-13	3.54537e-13	3.58667e-13	3.62113e-13	3.62288e-13	3.62361e-13	3.62525e-13	3.62622e-13	3.62639e-13	3.62669e-13	3.62675e-13	3.62737e-13	3.6277e-13	3.62775e-13	3.62779e-13	3.62806e-13	3.6281e-13	3.62862e-13	3.62866e-13	3.62892e-13	3.62897e-13	3.629e-13	3.62906e-13	3.62906e-13	3.62906e-13	3.62906e-13
1133.78	1.62556e-16	3.2095e-18	3.14567e-18	3.44709e-13	2.59691e-13	2.96101e-13	3.07388e-13	3.13079e-13	3.17719e-13	3.21027e-13	3.22911e-13	3.24017e-13	3.2503e-13	3.2614e-13	3.27069e-13	3.27705e-13	3.28276e-13	3.28683e-13	3.29033e-13	3.29442e-13	3.29812e-13	3.2996e-13	3.30173e-13	3.30467e-13	3.30705e-13	3.3086e-13	3.30999e-13	3.31179e-13	3.31371e-13	3.31515e-13	3.3156e-13	3.31715e-13	3.3186e-13	3.31902e-13	3.32009e-13	3.32141e-13	3.32187e-13	3.32273e-13	3.32384e-13	3.32451e-13	3.32516e-13	3.32605e-13	3.32681e-13	3.32711e-13	3.32797e-13	3.32856e-13	3.32909e-13	3.32967e-13	3.33006e-13	3.33101e-13	3.3313e-13	3.33202e-13	3.3324e-13	3.33303e-13	3.33354e-13	3.33408e-13	3.33476e-13	3.33523e-13	3.33549e-13	3.33655e-13	3.33699e-13	3.33784e-13	3.33821e-13	3.34011e-13	3.34046e-13	3.34236e-13	3.34457e-13	3.34495e-13	3.35666e-13	3.37978e-13	3.40836e-13	3.44004e-13	3.44305e-13	3.44333e-13	3.44413e-13	3.44497e-13	3.44525e-13	3.44534e-13	3.44538e-13	3.44569e-13	3.44602e-13	3.44611e-13	3.44614e-13	3.44621e-13	3.44624e-13	3.44657e-13	3.44659e-13	3.44695e-13	3.44701e-13	3.44703e-13	3.44709e-13	3.44709e-13	3.44709e-13	3.44709e-13
1136.79	1.62556e-16	3.84909e-18	3.8493e-18	3.29433e-13	2.49137e-13	2.8422e-13	2.95086e-13	3.00629e-13	3.0515e-13	3.08317e-13	3.10086e-13	3.11143e-13	3.12151e-13	3.13241e-13	3.14119e-13	3.14714e-13	3.1526e-13	3.15649e-13	3.16003e-13	3.16409e-13	3.16754e-13	3.16884e-13	3.17107e-13	3.17391e-13	3.17605e-13	3.17745e-13	3.17888e-13	3.18074e-13	3.18255e-13	3.1838e-13	3.18433e-13	3.18588e-13	3.18718e-13	3.18745e-13	3.18868e-13	3.18992e-13	3.19022e-13	3.19116e-13	3.19226e-13	3.19272e-13	3.19342e-13	3.19432e-13	3.19494e-13	3.19536e-13	3.19606e-13	3.19659e-13	3.19726e-13	3.19763e-13	3.19819e-13	3.19901e-13	3.19921e-13	3.2e-13	3.20021e-13	3.20097e-13	3.20125e-13	3.20197e-13	3.20236e-13	3.203e-13	3.20312e-13	3.20417e-13	3.20441e-13	3.20511e-13	3.20573e-13	3.20707e-13	3.20778e-13	3.20861e-13	3.21066e-13	3.21178e-13	3.21624e-13	3.23068e-13	3.25311e-13	3.28591e-13	3.2909e-13	3.29147e-13	3.29183e-13	3.29251e-13	3.29292e-13	3.293e-13	3.29303e-13	3.29316e-13	3.29343e-13	3.29359e-13	3.29362e-13	3.29364e-13	3.29367e-13	3.29382e-13	3.29384e-13	3.29418e-13	3.29424e-13	3.29426e-13	3.29433e-13	3.29433e-13	3.29433e-13	3.29433e-13
1139.8	1.62556e-16	3.34619e-18	3.3743e-18	3.17371e-13	2.40668e-13	2.74705e-13	2.85241e-13	2.9068e-13	2.95113e-13	2.98162e-13	2.99833e-13	3.00854e-13	3.01864e-13	3.02939e-13	3.0377e-13	3.04331e-13	3.04857e-13	3.05234e-13	3.05596e-13	3.05996e-13	3.06317e-13	3.06435e-13	3.0667e-13	3.06942e-13	3.07133e-13	3.07264e-13	3.07415e-13	3.07603e-13	3.0777e-13	3.07879e-13	3.07947e-13	3.08097e-13	3.08209e-13	3.08241e-13	3.08367e-13	3.08479e-13	3.08502e-13	3.08602e-13	3.08707e-13	3.08737e-13	3.08814e-13	3.08896e-13	3.08949e-13	3.09005e-13	3.09056e-13	3.09109e-13	3.09184e-13	3.09205e-13	3.09273e-13	3.0934e-13	3.09362e-13	3.09436e-13	3.09453e-13	3.0953e-13	3.09547e-13	3.09625e-13	3.09646e-13	3.09718e-13	3.09729e-13	3.09814e-13	3.09842e-13	3.09886e-13	3.09975e-13	3.1005e-13	3.10141e-13	3.10181e-13	3.10325e-13	3.10485e-13	3.10629e-13	3.11425e-13	3.1306e-13	3.16267e-13	3.16985e-13	3.17131e-13	3.17148e-13	3.17194e-13	3.17243e-13	3.17259e-13	3.17263e-13	3.17267e-13	3.17286e-13	3.17308e-13	3.17311e-13	3.17317e-13	3.17319e-13	3.17325e-13	3.17326e-13	3.17354e-13	3.17359e-13	3.17361e-13	3.17371e-13	3.17371e-13	3.17371e-13	3.17371e-13
1142.81	1.62556e-16	2.74668e-18	2.67639e-18	3.04229e-13	2.31837e-13	2.64763e-13	2.74953e-13	2.80273e-13	2.84603e-13	2.87526e-13	2.89102e-13	2.90088e-13	2.91096e-13	2.92149e-13	2.9293e-13	2.93459e-13	2.93965e-13	2.94332e-13	2.94699e-13	2.95089e-13	2.95384e-13	2.95496e-13	2.95739e-13	2.95994e-13	2.96163e-13	2.96289e-13	2.96447e-13	2.96633e-13	2.96784e-13	2.9688e-13	2.96962e-13	2.97102e-13	2.97198e-13	2.9724e-13	2.97363e-13	2.9746e-13	2.97484e-13	2.97587e-13	2.97681e-13	2.97703e-13	2.97786e-13	2.97853e-13	2.97902e-13	2.97968e-13	2.98e-13	2.98058e-13	2.9813e-13	2.98145e-13	2.98216e-13	2.98268e-13	2.98299e-13	2.98358e-13	2.98381e-13	2.98446e-13	2.98465e-13	2.98536e-13	2.98552e-13	2.98618e-13	2.98638e-13	2.98694e-13	2.98737e-13	2.98756e-13	2.98854e-13	2.98888e-13	2.9897e-13	2.99014e-13	2.99087e-13	2.99234e-13	2.99311e-13	2.99643e-13	3.00605e-13	3.03101e-13	3.03841e-13	3.04059e-13	3.04085e-13	3.04104e-13	3.04136e-13	3.04155e-13	3.04158e-13	3.04162e-13	3.04169e-13	3.04185e-13	3.04187e-13	3.04198e-13	3.042e-13	3.04202e-13	3.04203e-13	3.04216e-13	3.04218e-13	3.0422e-13	3.04229e-13	3.04229e-13	3.04229e-13	3.04229e-13
1145.82	1.62556e-16	3.28489e-18	3.27625e-18	2.92852e-13	2.22993e-13	2.54799e-13	2.64642e-13	2.69839e-13	2.7406e-13	2.76856e-13	2.78339e-13	2.79295e-13	2.80301e-13	2.81327e-13	2.82059e-13	2.82559e-13	2.83047e-13	2.83408e-13	2.83779e-13	2.84155e-13	2.84425e-13	2.84537e-13	2.84785e-13	2.85021e-13	2.85172e-13	2.85298e-13	2.85464e-13	2.85645e-13	2.85778e-13	2.85866e-13	2.85963e-13	2.8609e-13	2.86174e-13	2.86232e-13	2.86347e-13	2.8643e-13	2.86461e-13	2.86565e-13	2.86647e-13	2.86669e-13	2.86756e-13	2.86807e-13	2.86858e-13	2.8693e-13	2.8695e-13	2.87015e-13	2.87079e-13	2.87097e-13	2.87164e-13	2.87208e-13	2.87252e-13	2.87294e-13	2.8733e-13	2.8738e-13	2.8741e-13	2.87468e-13	2.87493e-13	2.87547e-13	2.87581e-13	2.87613e-13	2.87677e-13	2.87682e-13	2.8778e-13	2.87802e-13	2.87868e-13	2.87944e-13	2.87972e-13	2.88096e-13	2.88218e-13	2.88344e-13	2.88979e-13	2.91348e-13	2.92291e-13	2.92663e-13	2.92735e-13	2.92745e-13	2.9277e-13	2.92792e-13	2.92796e-13	2.92803e-13	2.92806e-13	2.92816e-13	2.92818e-13	2.92831e-13	2.92833e-13	2.92837e-13	2.92839e-13	2.92842e-13	2.92843e-13	2.92845e-13	2.92852e-13	2.92852e-13	2.92852e-13	2.92852e-13
1148.83	1.62556e-16	2.9105e-18	2.9352e-18	2.83133e-13	2.15786e-13	2.46695e-13	2.56263e-13	2.61372e-13	2.65509e-13	2.68196e-13	2.69601e-13	2.70536e-13	2.71545e-13	2.72547e-13	2.73233e-13	2.7371e-13	2.74185e-13	2.74543e-13	2.74919e-13	2.7528e-13	2.75526e-13	2.75643e-13	2.75894e-13	2.76111e-13	2.76247e-13	2.76377e-13	2.76549e-13	2.76722e-13	2.76839e-13	2.76923e-13	2.77031e-13	2.77145e-13	2.77219e-13	2.77289e-13	2.77397e-13	2.77468e-13	2.77511e-13	2.7761e-13	2.7768e-13	2.77707e-13	2.77795e-13	2.7783e-13	2.77886e-13	2.77957e-13	2.77972e-13	2.78043e-13	2.78092e-13	2.7812e-13	2.78174e-13	2.78214e-13	2.78269e-13	2.78295e-13	2.78344e-13	2.78375e-13	2.78419e-13	2.78457e-13	2.78496e-13	2.78533e-13	2.78576e-13	2.78593e-13	2.78668e-13	2.7867e-13	2.78746e-13	2.78776e-13	2.78814e-13	2.78916e-13	2.7892e-13	2.78994e-13	2.79164e-13	2.79185e-13	2.79505e-13	2.8138e-13	2.82373e-13	2.82875e-13	2.8302e-13	2.83036e-13	2.8305e-13	2.83072e-13	2.83076e-13	2.83088e-13	2.83091e-13	2.83096e-13	2.83098e-13	2.83112e-13	2.83113e-13	2.83123e-13	2.83125e-13	2.83126e-13	2.83127e-13	2.83128e-13	2.83133e-13	2.83133e-13	2.83133e-13	2.83133e-13
1151.84	1.62556e-16	2.3402e-18	2.27489e-18	2.72843e-13	2.08338e-13	2.38307e-13	2.47588e-13	2.52601e-13	2.56643e-13	2.59217e-13	2.60544e-13	2.6146e-13	2.62468e-13	2.6344e-13	2.64081e-13	2.64536e-13	2.64998e-13	2.65354e-13	2.65731e-13	2.66073e-13	2.66298e-13	2.66423e-13	2.66672e-13	2.66868e-13	2.66993e-13	2.67128e-13	2.67303e-13	2.67463e-13	2.67566e-13	2.6765e-13	2.67765e-13	2.67864e-13	2.67932e-13	2.68014e-13	2.68109e-13	2.68171e-13	2.68226e-13	2.68317e-13	2.68375e-13	2.68412e-13	2.68496e-13	2.68519e-13	2.68581e-13	2.68643e-13	2.6866e-13	2.68733e-13	2.68766e-13	2.68806e-13	2.68844e-13	2.68885e-13	2.68945e-13	2.68959e-13	2.69016e-13	2.69033e-13	2.69087e-13	2.69109e-13	2.6916e-13	2.6918e-13	2.69225e-13	2.6924e-13	2.6931e-13	2.69319e-13	2.69368e-13	2.69415e-13	2.69429e-13	2.69535e-13	2.69541e-13	2.6957e-13	2.69751e-13	2.69755e-13	2.6987e-13	2.71135e-13	2.72007e-13	2.7254e-13	2.72739e-13	2.72774e-13	2.7278e-13	2.72793e-13	2.72795e-13	2.72806e-13	2.7281e-13	2.72812e-13	2.72813e-13	2.72821e-13	2.72822e-13	2.72833e-13	2.72834e-13	2.72838e-13	2.72839e-13	2.72841e-13	2.72843e-13	2.72843e-13	2.72843e-13	2.72843e-13
1154.85	1.62556e-16	2.79516e-18	2.76344e-18	2.63607e-13	2.00749e-13	2.29751e-13	2.38739e-13	2.43649e-13	2.47588e-13	2.50046e-13	2.51299e-13	2.52199e-13	2.53204e-13	2.54143e-13	2.54738e-13	2.55175e-13	2.55625e-13	2.55981e-13	2.56356e-13	2.56679e-13	2.56883e-13	2.57019e-13	2.57263e-13	2.57439e-13	2.57557e-13	2.577e-13	2.57876e-13	2.58023e-13	2.58114e-13	2.58201e-13	2.58319e-13	2.58404e-13	2.58471e-13	2.58562e-13	2.58645e-13	2.58701e-13	2.58769e-13	2.5885e-13	2.58901e-13	2.5895e-13	2.59027e-13	2.59043e-13	2.59112e-13	2.59163e-13	2.59189e-13	2.59261e-13	2.59282e-13	2.59334e-13	2.59358e-13	2.59405e-13	2.59463e-13	2.59476e-13	2.59535e-13	2.59547e-13	2.59606e-13	2.59619e-13	2.59679e-13	2.59691e-13	2.59734e-13	2.59758e-13	2.59819e-13	2.59841e-13	2.59869e-13	2.59939e-13	2.59942e-13	2.60045e-13	2.60069e-13	2.60075e-13	2.6026e-13	2.60293e-13	2.60322e-13	2.61342e-13	2.62324e-13	2.63077e-13	2.63443e-13	2.63536e-13	2.63547e-13	2.63557e-13	2.6356e-13	2.63572e-13	2.63578e-13	2.6358e-13	2.63581e-13	2.63585e-13	2.63586e-13	2.63594e-13	2.63595e-13	2.63602e-13	2.63603e-13	2.63605e-13	2.63607e-13	2.63607e-13	2.63607e-13	2.63607e-13
1157.86	1.62556e-16	2.72445e-18	2.7546e-18	2.55628e-13	1.94607e-13	2.22842e-13	2.31602e-13	2.36439e-13	2.40299e-13	2.42657e-13	2.43849e-13	2.44741e-13	2.45745e-13	2.46654e-13	2.47209e-13	2.47634e-13	2.48075e-13	2.48433e-13	2.48806e-13	2.49108e-13	2.49297e-13	2.49445e-13	2.49682e-13	2.4984e-13	2.49955e-13	2.50106e-13	2.5028e-13	2.50412e-13	2.50495e-13	2.50589e-13	2.50703e-13	2.50778e-13	2.50848e-13	2.50942e-13	2.51014e-13	2.51069e-13	2.51145e-13	2.51215e-13	2.51261e-13	2.51321e-13	2.51388e-13	2.51405e-13	2.51477e-13	2.51515e-13	2.51552e-13	2.51618e-13	2.51632e-13	2.51689e-13	2.51704e-13	2.51758e-13	2.51806e-13	2.51825e-13	2.51876e-13	2.51892e-13	2.51946e-13	2.51959e-13	2.52017e-13	2.52029e-13	2.5206e-13	2.52098e-13	2.5214e-13	2.52174e-13	2.52189e-13	2.52267e-13	2.52271e-13	2.52347e-13	2.52391e-13	2.52393e-13	2.52531e-13	2.52601e-13	2.52603e-13	2.53219e-13	2.54068e-13	2.54874e-13	2.55365e-13	2.55537e-13	2.55566e-13	2.55573e-13	2.55576e-13	2.55587e-13	2.55596e-13	2.55599e-13	2.556e-13	2.55602e-13	2.55603e-13	2.55611e-13	2.55612e-13	2.55622e-13	2.55624e-13	2.55626e-13	2.55628e-13	2.55628e-13	2.55628e-13	2.55628e-13
1160.87	1.62556e-16	2.0315e-18	1.99154e-18	2.47459e-13	1.88591e-13	2.16072e-13	2.24608e-13	2.29373e-13	2.33151e-13	2.3541e-13	2.36543e-13	2.37429e-13	2.38431e-13	2.39306e-13	2.39823e-13	2.40237e-13	2.40671e-13	2.4103e-13	2.41397e-13	2.41678e-13	2.41853e-13	2.42014e-13	2.42239e-13	2.4238e-13	2.42496e-13	2.42655e-13	2.42822e-13	2.42939e-13	2.43017e-13	2.43117e-13	2.43223e-13	2.43289e-13	2.43364e-13	2.43456e-13	2.43517e-13	2.43575e-13	2.43654e-13	2.43712e-13	2.43758e-13	2.43824e-13	2.4388e-13	2.43902e-13	2.43973e-13	2.43999e-13	2.44046e-13	2.44102e-13	2.44116e-13	2.44171e-13	2.44183e-13	2.44241e-13	2.44276e-13	2.44303e-13	2.44342e-13	2.44366e-13	2.44408e-13	2.44428e-13	2.44474e-13	2.44493e-13	2.44511e-13	2.4456e-13	2.44583e-13	2.4462e-13	2.44636e-13	2.44705e-13	2.44719e-13	2.44762e-13	2.44815e-13	2.44829e-13	2.44907e-13	2.44994e-13	2.45013e-13	2.45304e-13	2.45908e-13	2.46612e-13	2.47129e-13	2.47356e-13	2.4741e-13	2.47418e-13	2.47421e-13	2.47426e-13	2.47433e-13	2.47436e-13	2.47437e-13	2.47439e-13	2.4744e-13	2.47443e-13	2.47444e-13	2.47453e-13	2.47455e-13	2.47456e-13	2.47459e-13	2.47459e-13	2.47459e-13	2.47459e-13
1163.88	1.62556e-16	2.24316e-18	2.18129e-18	2.39959e-13	1.81938e-13	2.08565e-13	2.16848e-13	2.21522e-13	2.252e-13	2.27353e-13	2.28429e-13	2.29307e-13	2.30301e-13	2.31138e-13	2.31617e-13	2.32022e-13	2.32448e-13	2.32808e-13	2.33167e-13	2.33425e-13	2.3359e-13	2.33764e-13	2.33974e-13	2.34102e-13	2.34221e-13	2.34386e-13	2.34544e-13	2.34647e-13	2.34725e-13	2.34832e-13	2.34925e-13	2.34988e-13	2.3507e-13	2.35155e-13	2.3521e-13	2.35273e-13	2.3535e-13	2.354e-13	2.3545e-13	2.35519e-13	2.35566e-13	2.35598e-13	2.35666e-13	2.35683e-13	2.35738e-13	2.35786e-13	2.35806e-13	2.35856e-13	2.35871e-13	2.35932e-13	2.35955e-13	2.35995e-13	2.36021e-13	2.36057e-13	2.36087e-13	2.3612e-13	2.36154e-13	2.36185e-13	2.36194e-13	2.36252e-13	2.36266e-13	2.36303e-13	2.36332e-13	2.36391e-13	2.36422e-13	2.36446e-13	2.36507e-13	2.36543e-13	2.36588e-13	2.36695e-13	2.36757e-13	2.36917e-13	2.37492e-13	2.38383e-13	2.39224e-13	2.39715e-13	2.39886e-13	2.39914e-13	2.3992e-13	2.39925e-13	2.39935e-13	2.39941e-13	2.39943e-13	2.39946e-13	2.39946e-13	2.39949e-13	2.3995e-13	2.39952e-13	2.39954e-13	2.39956e-13	2.39959e-13	2.39959e-13	2.39959e-13	2.39959e-13
1166.89	1.62556e-16	2.67946e-18	2.6956e-18	2.3346e-13	1.76357e-13	2.0228e-13	2.10358e-13	2.14965e-13	2.18561e-13	2.2062e-13	2.21648e-13	2.22525e-13	2.23513e-13	2.24315e-13	2.24762e-13	2.25162e-13	2.25583e-13	2.25945e-13	2.26293e-13	2.26531e-13	2.2669e-13	2.26876e-13	2.2707e-13	2.27188e-13	2.27315e-13	2.27483e-13	2.27631e-13	2.27722e-13	2.27803e-13	2.27917e-13	2.27996e-13	2.28059e-13	2.28148e-13	2.28226e-13	2.28275e-13	2.28345e-13	2.28416e-13	2.28461e-13	2.28517e-13	2.28583e-13	2.28624e-13	2.28668e-13	2.28729e-13	2.28744e-13	2.28802e-13	2.28842e-13	2.28871e-13	2.28911e-13	2.28935e-13	2.28995e-13	2.2901e-13	2.29059e-13	2.29075e-13	2.29122e-13	2.29139e-13	2.29185e-13	2.29206e-13	2.29247e-13	2.29253e-13	2.29311e-13	2.29324e-13	2.29353e-13	2.294e-13	2.2944e-13	2.29484e-13	2.29501e-13	2.29553e-13	2.2961e-13	2.29636e-13	2.29729e-13	2.29831e-13	2.29902e-13	2.3031e-13	2.31173e-13	2.32201e-13	2.32959e-13	2.33313e-13	2.334e-13	2.33411e-13	2.33418e-13	2.33428e-13	2.33439e-13	2.33442e-13	2.33447e-13	2.33448e-13	2.3345e-13	2.33452e-13	2.33454e-13	2.33455e-13	2.33457e-13	2.3346e-13	2.3346e-13	2.3346e-13	2.3346e-13
1169.9	1.62556e-16	2.06556e-18	2.0743e-18	2.26894e-13	1.71701e-13	1.97051e-13	2.04965e-13	2.09525e-13	2.13052e-13	2.15028e-13	2.16015e-13	2.16896e-13	2.17879e-13	2.18647e-13	2.19065e-13	2.19464e-13	2.19881e-13	2.20244e-13	2.2058e-13	2.20799e-13	2.20955e-13	2.2115e-13	2.21327e-13	2.21438e-13	2.21572e-13	2.21741e-13	2.21876e-13	2.21958e-13	2.22044e-13	2.22161e-13	2.22225e-13	2.2229e-13	2.22384e-13	2.22445e-13	2.22498e-13	2.22574e-13	2.22633e-13	2.22677e-13	2.22739e-13	2.22795e-13	2.22833e-13	2.22885e-13	2.22936e-13	2.22954e-13	2.23007e-13	2.23041e-13	2.2308e-13	2.23106e-13	2.2314e-13	2.23193e-13	2.23204e-13	2.23254e-13	2.23264e-13	2.23313e-13	2.23324e-13	2.23373e-13	2.23385e-13	2.23429e-13	2.23437e-13	2.2348e-13	2.23502e-13	2.23517e-13	2.23573e-13	2.23593e-13	2.23636e-13	2.23659e-13	2.23687e-13	2.23744e-13	2.23772e-13	2.23822e-13	2.23921e-13	2.23974e-13	2.24154e-13	2.24709e-13	2.25535e-13	2.2627e-13	2.26692e-13	2.26832e-13	2.26845e-13	2.26862e-13	2.26868e-13	2.26876e-13	2.26878e-13	2.26883e-13	2.26883e-13	2.26886e-13	2.26887e-13	2.26888e-13	2.2689e-13	2.26892e-13	2.26894e-13	2.26894e-13	2.26894e-13	2.26894e-13
1172.91	1.62556e-16	1.55601e-18	1.49296e-18	2.22045e-13	1.65803e-13	1.9039e-13	1.98084e-13	2.0256e-13	2.0599e-13	2.0787e-13	2.08814e-13	2.09692e-13	2.10661e-13	2.11388e-13	2.11778e-13	2.12174e-13	2.12585e-13	2.12947e-13	2.13267e-13	2.13468e-13	2.13622e-13	2.13823e-13	2.13983e-13	2.1409e-13	2.14231e-13	2.14398e-13	2.14519e-13	2.14595e-13	2.14688e-13	2.14805e-13	2.14855e-13	2.14926e-13	2.15023e-13	2.15076e-13	2.15127e-13	2.15208e-13	2.15254e-13	2.15301e-13	2.15368e-13	2.15415e-13	2.15453e-13	2.15511e-13	2.15554e-13	2.15579e-13	2.15625e-13	2.15657e-13	2.15705e-13	2.15722e-13	2.15766e-13	2.15811e-13	2.15826e-13	2.15873e-13	2.15886e-13	2.15934e-13	2.15946e-13	2.15997e-13	2.16008e-13	2.16053e-13	2.1607e-13	2.16101e-13	2.16139e-13	2.16145e-13	2.16212e-13	2.16226e-13	2.16269e-13	2.16315e-13	2.16329e-13	2.16389e-13	2.16452e-13	2.16479e-13	2.16593e-13	2.16715e-13	2.16815e-13	2.174e-13	2.18624e-13	2.2008e-13	2.21216e-13	2.21764e-13	2.21807e-13	2.21939e-13	2.21949e-13	2.21973e-13	2.21979e-13	2.22011e-13	2.22013e-13	2.22028e-13	2.2203e-13	2.22033e-13	2.22037e-13	2.2204e-13	2.22045e-13	2.22045e-13	2.22045e-13	2.22045e-13
1175.92	1.62556e-16	2.56249e-18	2.52613e-18	2.22139e-13	1.58853e-13	1.82517e-13	1.8994e-13	1.94302e-13	1.97611e-13	1.99386e-13	2.00285e-13	2.01156e-13	2.02104e-13	2.02787e-13	2.03151e-13	2.03544e-13	2.03949e-13	2.04308e-13	2.0461e-13	2.04794e-13	2.04951e-13	2.05155e-13	2.05298e-13	2.05405e-13	2.05555e-13	2.05718e-13	2.05827e-13	2.05902e-13	2.06003e-13	2.06121e-13	2.06159e-13	2.06239e-13	2.0634e-13	2.06381e-13	2.0644e-13	2.06527e-13	2.06562e-13	2.06615e-13	2.06691e-13	2.06727e-13	2.06773e-13	2.06835e-13	2.06875e-13	2.06912e-13	2.0695e-13	2.06988e-13	2.07045e-13	2.07057e-13	2.07113e-13	2.07155e-13	2.07182e-13	2.07227e-13	2.0725e-13	2.07299e-13	2.07321e-13	2.07374e-13	2.07397e-13	2.07444e-13	2.07478e-13	2.07502e-13	2.07571e-13	2.07572e-13	2.07658e-13	2.07685e-13	2.07726e-13	2.0783e-13	2.07834e-13	2.079e-13	2.0806e-13	2.08067e-13	2.08206e-13	2.08558e-13	2.08595e-13	2.09284e-13	2.11453e-13	2.14881e-13	2.1836e-13	2.20617e-13	2.20778e-13	2.21648e-13	2.21768e-13	2.21807e-13	2.21822e-13	2.21959e-13	2.21964e-13	2.22077e-13	2.22084e-13	2.22108e-13	2.22119e-13	2.22125e-13	2.22139e-13	2.22139e-13	2.22139e-13	2.22139e-13
1178.93	1.62556e-16	4.18822e-18	4.22779e-18	2.30378e-13	1.5217e-13	1.74941e-13	1.82106e-13	1.86356e-13	1.89547e-13	1.91222e-13	1.9208e-13	1.92946e-13	1.93871e-13	1.94513e-13	1.94855e-13	1.95248e-13	1.95646e-13	1.96002e-13	1.96287e-13	1.96458e-13	1.96619e-13	1.96824e-13	1.96952e-13	1.97063e-13	1.97222e-13	1.9738e-13	1.97478e-13	1.97556e-13	1.97666e-13	1.97783e-13	1.97813e-13	1.97903e-13	1.98007e-13	1.98033e-13	1.98108e-13	1.982e-13	1.98226e-13	1.9829e-13	1.98372e-13	1.984e-13	1.98456e-13	1.9852e-13	1.98559e-13	1.98611e-13	1.98641e-13	1.9869e-13	1.98754e-13	1.98768e-13	1.98833e-13	1.98875e-13	1.9892e-13	1.98959e-13	1.99003e-13	1.99046e-13	1.99091e-13	1.99139e-13	1.99187e-13	1.99229e-13	1.99289e-13	1.99309e-13	1.99416e-13	1.99424e-13	1.99516e-13	1.99585e-13	1.99614e-13	1.99802e-13	1.99811e-13	1.9986e-13	2.00174e-13	2.00186e-13	2.00295e-13	2.01034e-13	2.01081e-13	2.01596e-13	2.0444e-13	2.10458e-13	2.18176e-13	2.24539e-13	2.24973e-13	2.28407e-13	2.29292e-13	2.29348e-13	2.29385e-13	2.29646e-13	2.29661e-13	2.3008e-13	2.30097e-13	2.30289e-13	2.30333e-13	2.30349e-13	2.30378e-13	2.30378e-13	2.30378e-13	2.30378e-13
1181.94	1.62556e-16	2.35575e-17	2.36846e-17	6.95314e-13	1.51367e-13	1.74129e-13	1.81317e-13	1.85623e-13	1.88825e-13	1.90474e-13	1.91333e-13	1.92234e-13	1.93179e-13	1.93813e-13	1.94154e-13	1.94571e-13	1.94989e-13	1.95365e-13	1.95653e-13	1.95827e-13	1.9601e-13	1.96233e-13	1.96362e-13	1.96493e-13	1.9668e-13	1.96853e-13	1.96958e-13	1.97054e-13	1.97197e-13	1.97335e-13	1.97368e-13	1.97493e-13	1.97627e-13	1.97653e-13	1.97768e-13	1.97898e-13	1.97926e-13	1.98036e-13	1.98166e-13	1.98198e-13	1.98309e-13	1.98409e-13	1.98482e-13	1.98602e-13	1.98641e-13	1.98765e-13	1.98893e-13	1.98941e-13	1.99087e-13	1.99189e-13	1.99352e-13	1.99424e-13	1.99608e-13	1.99698e-13	1.99914e-13	2.00028e-13	2.0029e-13	2.00399e-13	2.00689e-13	2.00792e-13	2.01321e-13	2.0145e-13	2.0178e-13	2.02428e-13	2.02471e-13	2.03778e-13	2.04075e-13	2.04155e-13	2.06801e-13	2.07381e-13	2.07601e-13	2.15061e-13	2.17248e-13	2.18477e-13	2.39155e-13	3.04127e-13	4.14519e-13	5.3289e-13	5.4072e-13	6.28372e-13	6.64448e-13	6.69501e-13	6.70351e-13	6.72665e-13	6.72976e-13	6.82943e-13	6.83325e-13	6.92502e-13	6.94043e-13	6.94379e-13	6.95314e-13	6.95314e-13	6.95314e-13	6.95314e-13
1184.95	1.62556e-16	3.69045e-18	3.65267e-18	2.34516e-13	1.5806e-13	1.81917e-13	1.89464e-13	1.94013e-13	1.97342e-13	1.99011e-13	1.99893e-13	2.00845e-13	2.01813e-13	2.0243e-13	2.02765e-13	2.03193e-13	2.03609e-13	2.03975e-13	2.04236e-13	2.04395e-13	2.04575e-13	2.04776e-13	2.04881e-13	2.05006e-13	2.05172e-13	2.05307e-13	2.05386e-13	2.05469e-13	2.05584e-13	2.05679e-13	2.05702e-13	2.05795e-13	2.05877e-13	2.05892e-13	2.05969e-13	2.06039e-13	2.06051e-13	2.06115e-13	2.06174e-13	2.06186e-13	2.0624e-13	2.06272e-13	2.06302e-13	2.06347e-13	2.06356e-13	2.06399e-13	2.06427e-13	2.06447e-13	2.06474e-13	2.06497e-13	2.06533e-13	2.06541e-13	2.06575e-13	2.06583e-13	2.06617e-13	2.06625e-13	2.06658e-13	2.06665e-13	2.06688e-13	2.06703e-13	2.06734e-13	2.0675e-13	2.06761e-13	2.06807e-13	2.06809e-13	2.06861e-13	2.06889e-13	2.0689e-13	2.06985e-13	2.07038e-13	2.0704e-13	2.07294e-13	2.0748e-13	2.07489e-13	2.07895e-13	2.1003e-13	2.14841e-13	2.21369e-13	2.21794e-13	2.28052e-13	2.31672e-13	2.32687e-13	2.32765e-13	2.32808e-13	2.32832e-13	2.33315e-13	2.33339e-13	2.34221e-13	2.34358e-13	2.34382e-13	2.34516e-13	2.34516e-13	2.34516e-13	2.34516e-13
1187.96	1.62556e-16	1.80881e-18	1.77288e-18	2.08211e-13	1.52735e-13	1.75894e-13	1.83244e-13	1.8771e-13	1.90936e-13	1.92518e-13	1.93374e-13	1.94325e-13	1.95264e-13	1.95841e-13	1.96164e-13	1.96592e-13	1.97e-13	1.97355e-13	1.97595e-13	1.97747e-13	1.97933e-13	1.98122e-13	1.98218e-13	1.98348e-13	1.98513e-13	1.98634e-13	1.98706e-13	1.98795e-13	1.98909e-13	1.98993e-13	1.99019e-13	1.99112e-13	1.99184e-13	1.99201e-13	1.99278e-13	1.99339e-13	1.99353e-13	1.99417e-13	1.99468e-13	1.99481e-13	1.99535e-13	1.99557e-13	1.9959e-13	1.99631e-13	1.99639e-13	1.99683e-13	1.99701e-13	1.99726e-13	1.99743e-13	1.99768e-13	1.99799e-13	1.99805e-13	1.99835e-13	1.99841e-13	1.99869e-13	1.99874e-13	1.999e-13	1.99905e-13	1.99918e-13	1.99935e-13	1.99948e-13	1.99961e-13	1.99966e-13	1.9999e-13	1.99993e-13	2.00007e-13	2.00021e-13	2.00025e-13	2.00043e-13	2.00063e-13	2.00068e-13	2.00105e-13	2.0016e-13	2.00177e-13	2.002e-13	2.00495e-13	2.01437e-13	2.03088e-13	2.03195e-13	2.05234e-13	2.06815e-13	2.07522e-13	2.0756e-13	2.07653e-13	2.07665e-13	2.07733e-13	2.0774e-13	2.08068e-13	2.08118e-13	2.08126e-13	2.08211e-13	2.08211e-13	2.08211e-13	2.08211e-13
1190.97	1.62556e-16	1.41322e-18	1.43226e-18	1.95548e-13	1.47528e-13	1.70001e-13	1.77159e-13	1.81541e-13	1.84665e-13	1.86166e-13	1.87e-13	1.87949e-13	1.88861e-13	1.89399e-13	1.89713e-13	1.90143e-13	1.90544e-13	1.90888e-13	1.9111e-13	1.91258e-13	1.91451e-13	1.91628e-13	1.91717e-13	1.91856e-13	1.92018e-13	1.92127e-13	1.92197e-13	1.92293e-13	1.92406e-13	1.9248e-13	1.92513e-13	1.92606e-13	1.9267e-13	1.92695e-13	1.9277e-13	1.92824e-13	1.92843e-13	1.92909e-13	1.92953e-13	1.92971e-13	1.93027e-13	1.93042e-13	1.93081e-13	1.93118e-13	1.93131e-13	1.93176e-13	1.93189e-13	1.93221e-13	1.93232e-13	1.93263e-13	1.93292e-13	1.93302e-13	1.9333e-13	1.93339e-13	1.93366e-13	1.93375e-13	1.934e-13	1.93409e-13	1.93417e-13	1.93441e-13	1.93449e-13	1.93465e-13	1.93473e-13	1.93495e-13	1.93503e-13	1.93511e-13	1.93526e-13	1.93534e-13	1.93542e-13	1.93558e-13	1.93566e-13	1.93575e-13	1.93597e-13	1.9361e-13	1.9361e-13	1.93641e-13	1.93778e-13	1.94072e-13	1.94091e-13	1.94544e-13	1.95005e-13	1.95305e-13	1.95319e-13	1.95413e-13	1.95417e-13	1.9542e-13	1.95422e-13	1.95497e-13	1.95509e-13	1.95512e-13	1.95548e-13	1.95548e-13	1.95548e-13	1.95548e-13
1193.98	1.62556e-16	1.68187e-18	1.70518e-18	1.89569e-13	1.43427e-13	1.65376e-13	1.72395e-13	1.76723e-13	1.79766e-13	1.81198e-13	1.82017e-13	1.8297e-13	1.83858e-13	1.84364e-13	1.84673e-13	1.85107e-13	1.85503e-13	1.85837e-13	1.86042e-13	1.86191e-13	1.86391e-13	1.86555e-13	1.86642e-13	1.86789e-13	1.86947e-13	1.87045e-13	1.87115e-13	1.87219e-13	1.87329e-13	1.87395e-13	1.87436e-13	1.87527e-13	1.87584e-13	1.87615e-13	1.87691e-13	1.87739e-13	1.87766e-13	1.8783e-13	1.87869e-13	1.87894e-13	1.87949e-13	1.8796e-13	1.88006e-13	1.88037e-13	1.88057e-13	1.88103e-13	1.88111e-13	1.88149e-13	1.88157e-13	1.88194e-13	1.88218e-13	1.88236e-13	1.88259e-13	1.88276e-13	1.88298e-13	1.88315e-13	1.88336e-13	1.88352e-13	1.88357e-13	1.88388e-13	1.88394e-13	1.88411e-13	1.88427e-13	1.88447e-13	1.88463e-13	1.88469e-13	1.88486e-13	1.88503e-13	1.88509e-13	1.88529e-13	1.88547e-13	1.88554e-13	1.88579e-13	1.88606e-13	1.88611e-13	1.88621e-13	1.88692e-13	1.88845e-13	1.88855e-13	1.89071e-13	1.89284e-13	1.89441e-13	1.89448e-13	1.89524e-13	1.89526e-13	1.89536e-13	1.89538e-13	1.8955e-13	1.89553e-13	1.89554e-13	1.89569e-13	1.89569e-13	1.89569e-13	1.89569e-13
1196.99	1.62556e-16	1.80764e-18	1.78148e-18	1.86433e-13	1.40625e-13	1.62246e-13	1.69186e-13	1.73495e-13	1.7648e-13	1.77857e-13	1.7867e-13	1.79633e-13	1.80501e-13	1.80979e-13	1.81289e-13	1.81728e-13	1.8212e-13	1.82445e-13	1.82636e-13	1.82788e-13	1.82994e-13	1.83144e-13	1.83231e-13	1.83385e-13	1.83537e-13	1.83625e-13	1.83698e-13	1.83808e-13	1.83912e-13	1.83971e-13	1.84022e-13	1.84107e-13	1.84157e-13	1.84198e-13	1.84268e-13	1.84309e-13	1.84345e-13	1.84405e-13	1.84438e-13	1.84472e-13	1.84521e-13	1.84532e-13	1.84581e-13	1.84604e-13	1.84632e-13	1.84672e-13	1.84681e-13	1.84719e-13	1.84726e-13	1.84766e-13	1.84783e-13	1.84808e-13	1.84823e-13	1.84847e-13	1.84862e-13	1.84886e-13	1.84899e-13	1.84921e-13	1.84924e-13	1.84954e-13	1.84961e-13	1.84973e-13	1.84997e-13	1.85009e-13	1.85028e-13	1.85036e-13	1.85048e-13	1.85068e-13	1.85076e-13	1.8509e-13	1.85112e-13	1.85122e-13	1.85139e-13	1.85171e-13	1.85188e-13	1.85189e-13	1.85232e-13	1.85375e-13	1.85384e-13	1.8564e-13	1.85938e-13	1.86194e-13	1.86205e-13	1.86363e-13	1.86367e-13	1.86414e-13	1.86417e-13	1.86418e-13	1.8642e-13	1.86421e-13	1.86433e-13	1.86433e-13	1.86433e-13	1.86433e-13
1200	1.62556e-16	1.61463e-18	1.56835e-18	1.83276e-13	1.38171e-13	1.59513e-13	1.66392e-13	1.7069e-13	1.73621e-13	1.74948e-13	1.75759e-13	1.76732e-13	1.7758e-13	1.78032e-13	1.78345e-13	1.78789e-13	1.79176e-13	1.7949e-13	1.79668e-13	1.79824e-13	1.80036e-13	1.8017e-13	1.8026e-13	1.8042e-13	1.80563e-13	1.80642e-13	1.8072e-13	1.80834e-13	1.80929e-13	1.80982e-13	1.81043e-13	1.8112e-13	1.81165e-13	1.81214e-13	1.81277e-13	1.81314e-13	1.81358e-13	1.8141e-13	1.8144e-13	1.8148e-13	1.81523e-13	1.81536e-13	1.81585e-13	1.816e-13	1.81635e-13	1.81668e-13	1.8168e-13	1.81713e-13	1.81723e-13	1.81763e-13	1.81773e-13	1.81802e-13	1.81811e-13	1.8184e-13	1.81848e-13	1.81876e-13	1.81883e-13	1.81907e-13	1.81911e-13	1.81934e-13	1.81945e-13	1.81951e-13	1.81978e-13	1.81984e-13	1.82001e-13	1.82013e-13	1.82019e-13	1.82035e-13	1.82049e-13	1.82054e-13	1.82072e-13	1.82087e-13	1.82093e-13	1.82116e-13	1.82137e-13	1.8214e-13	1.82151e-13	1.82221e-13	1.82226e-13	1.82394e-13	1.8264e-13	1.82905e-13	1.82916e-13	1.83135e-13	1.8314e-13	1.83248e-13	1.83252e-13	1.83264e-13	1.83267e-13	1.83269e-13	1.83276e-13	1.83276e-13	1.83276e-13	1.83276e-13
