# In-plane momentum (1/um), PSD (a.u.)
4.161049872304362074e-01,6.993048606585971356e+02
8.322099744608724148e-01,5.832415591381524109e+02
1.248314961691308511e+00,5.677588896405724199e+02
1.664419948921744830e+00,4.154895114491768595e+02
2.080524936152180704e+00,5.164991220156156260e+02
2.496629923382617022e+00,5.051543879018777830e+02
2.912734910613053341e+00,4.309812329372851423e+02
3.328839897843489659e+00,4.803390073637792739e+02
3.744944885073925533e+00,4.732997456788590966e+02
4.161049872304361408e+00,5.213026270612552935e+02
4.577154859534797282e+00,5.663413516031770314e+02
4.993259846765234045e+00,5.293031122565033684e+02
5.409364833995670807e+00,5.286406892781697024e+02
5.825469821226106681e+00,5.508886020994206092e+02
6.241574808456542556e+00,5.000705206460243630e+02
6.657679795686979318e+00,4.422345839703762636e+02
7.073784782917415193e+00,4.607125572894897800e+02
7.489889770147851067e+00,4.721954697371697307e+02
7.905994757378286941e+00,5.322389348066207049e+02
8.322099744608722816e+00,5.611017450341664698e+02
8.738204731839159578e+00,4.965030853872297598e+02
9.154309719069594564e+00,5.738880453132616094e+04
9.570414706300031327e+00,1.577321124559487798e+05
9.986519693530468089e+00,1.773653480297790666e+05
1.040262468076090485e+01,1.625042717764072004e+05
1.081872966799134161e+01,1.619997843903634057e+05
1.123483465522177660e+01,1.427770154583539406e+05
1.165093964245221336e+01,1.424010048943766451e+05
1.206704462968265013e+01,1.399758850822421082e+05
1.248314961691308511e+01,1.562375487202882359e+05
1.289925460414352187e+01,1.551443344733007543e+05
1.331535959137395864e+01,1.446390827595876472e+05
1.373146457860439540e+01,1.472497439732758212e+05
1.414756956583483039e+01,1.408477630321344768e+05
1.456367455306526537e+01,1.486136489955980796e+05
1.497977954029570213e+01,1.249661329164144699e+05
1.539588452752613890e+01,1.230903556418730295e+05
1.581198951475657388e+01,1.045284349069777963e+05
1.622809450198701242e+01,1.100714007591181435e+05
1.664419948921744563e+01,9.088269544367013441e+04
1.706030447644788239e+01,8.662600758247377235e+04
1.747640946367831916e+01,7.595714669575489825e+04
1.789251445090875592e+01,7.002372053141280776e+04
1.830861943813918913e+01,6.617990793825451692e+04
1.872472442536962944e+01,5.342992199807187717e+04
1.914082941260006265e+01,5.064240384100704978e+04
1.955693439983050297e+01,4.663333090935396467e+04
1.997303938706093618e+01,4.067624008897032036e+04
2.038914437429137294e+01,3.725244661522407841e+04
2.080524936152180970e+01,3.016755780170872822e+04
2.122135434875224647e+01,2.932729067384098744e+04
2.163745933598268323e+01,2.602508028299452053e+04
2.205356432321311999e+01,2.280694291014020564e+04
2.246966931044355320e+01,1.731474794241214113e+04
2.288577429767398996e+01,1.552106787993537910e+04
2.330187928490442673e+01,1.172663855180729661e+04
2.371798427213485994e+01,8.373389185363805154e+03
2.413408925936530025e+01,5.873117411118407290e+03
2.455019424659573346e+01,2.991881317932412003e+03
2.496629923382617022e+01,9.864591410853222442e+02
2.538240422105660699e+01,3.317654984407655775e+03
2.579850920828704375e+01,5.919166045790595490e+03
2.621461419551748051e+01,8.600171914189621020e+03
2.663071918274791727e+01,1.051318594682199546e+04
2.704682416997835048e+01,1.386665239634199315e+04
2.746292915720879080e+01,1.644319295875057651e+04
2.787903414443922401e+01,1.749470349300809903e+04
2.829513913166966077e+01,2.048171218300300461e+04
2.871124411890009753e+01,2.080587790761905853e+04
2.912734910613053074e+01,2.438426027107417394e+04
2.954345409336097106e+01,2.440466793761515510e+04
2.995955908059140427e+01,2.673529945965583101e+04
3.037566406782184103e+01,2.690996490834640281e+04
3.079176905505227779e+01,2.723084958937612828e+04
3.120787404228271456e+01,2.705376044908598851e+04
3.162397902951314776e+01,2.977094563897699481e+04
3.204008401674358453e+01,2.798168167712153445e+04
3.245618900397402484e+01,2.987106230826329192e+04
3.287229399120445805e+01,3.177951205804052734e+04
3.328839897843489126e+01,3.000954458567926486e+04
3.370450396566533158e+01,2.947599869689651314e+04
3.412060895289576479e+01,2.734035564753030485e+04
3.453671394012620510e+01,2.711389322926432214e+04
3.495281892735663831e+01,2.917018926530200042e+04
3.536892391458707863e+01,2.752858905243964546e+04
3.578502890181751184e+01,2.765875643142364788e+04
3.620113388904794505e+01,2.673607384892160189e+04
3.661723887627837826e+01,2.644895747535334158e+04
3.703334386350882568e+01,2.461965619299367609e+04
3.744944885073925889e+01,2.480293376995922881e+04
3.786555383796969210e+01,2.362252655963372308e+04
3.828165882520012531e+01,2.370732376960587135e+04
3.869776381243055852e+01,2.352484291560230849e+04
3.911386879966100594e+01,1.968026311709384754e+04
3.952997378689143915e+01,2.034325966134366172e+04
3.994607877412187236e+01,1.777565188307124845e+04
4.036218376135230557e+01,1.651174632281003505e+04
4.077828874858274588e+01,1.550184480964319482e+04
4.119439373581318620e+01,1.476794476992045747e+04
4.161049872304361941e+01,1.382526695098496020e+04
4.202660371027405262e+01,1.156473617977422873e+04
4.244270869750449293e+01,1.049608082958064188e+04
4.285881368473492614e+01,9.078333836690457247e+03
4.327491867196536646e+01,8.108166932815652217e+03
4.369102365919579967e+01,6.492923304645117241e+03
4.410712864642623998e+01,5.314816208517601808e+03
4.452323363365667319e+01,3.682319146142796399e+03
4.493933862088710640e+01,2.783485730630661692e+03
4.535544360811753961e+01,1.301544283174734574e+03
4.577154859534797993e+01,4.852798829108351697e+02
4.618765358257842024e+01,1.239433619150778668e+03
4.660375856980885345e+01,2.329318376858060674e+03
4.701986355703928666e+01,3.394073763317261182e+03
4.743596854426971987e+01,4.650770333375256996e+03
4.785207353150016729e+01,5.353941788637868740e+03
4.826817851873060050e+01,6.469267316058660072e+03
4.868428350596103371e+01,7.464772222342157875e+03
4.910038849319146692e+01,8.416316875921133033e+03
4.951649348042190013e+01,9.209552681818586279e+03
4.993259846765234045e+01,1.045558948341670293e+04
5.034870345488278076e+01,1.036527894732301502e+04
5.076480844211321397e+01,1.118781554206128021e+04
5.118091342934364718e+01,1.237035861927852784e+04
5.159701841657408750e+01,1.283926241736881639e+04
5.201312340380452071e+01,1.226121732913845335e+04
5.242922839103496102e+01,1.282708554428945354e+04
5.284533337826539423e+01,1.395688610674536721e+04
5.326143836549583455e+01,1.448333780985061640e+04
5.367754335272626776e+01,1.455769822334162563e+04
5.409364833995670097e+01,1.384296687097576796e+04
5.450975332718714128e+01,1.439569253461957123e+04
5.492585831441758160e+01,1.457630111367191057e+04
5.534196330164801481e+01,1.440270570278733612e+04
5.575806828887844802e+01,1.395470809026039024e+04
5.617417327610888123e+01,1.420576008591429490e+04
5.659027826333932154e+01,1.400387898581335503e+04
5.700638325056976186e+01,1.388051628730708580e+04
5.742248823780019507e+01,1.303627821516713448e+04
5.783859322503062828e+01,1.292272858990457826e+04
5.825469821226106149e+01,1.325660139796862495e+04
5.867080319949150180e+01,1.247488495177454206e+04
5.908690818672194212e+01,1.149819078365336827e+04
5.950301317395237533e+01,1.200899357310865889e+04
5.991911816118280854e+01,1.145707749341524868e+04
6.033522314841324174e+01,1.016618366385678019e+04
6.075132813564368206e+01,9.372342784542915979e+03
6.116743312287412238e+01,9.656169856350150440e+03
6.158353811010455559e+01,8.016874234765476103e+03
6.199964309733498879e+01,7.776670575694365652e+03
6.241574808456542911e+01,6.847335780440364942e+03
6.283185307179586232e+01,6.300259993334811043e+03
6.324795805902629553e+01,5.539494859291581633e+03
6.366406304625673584e+01,5.062778040877738931e+03
6.408016803348716905e+01,4.300718405934122529e+03
6.449627302071760937e+01,3.387782328291696103e+03
6.491237800794804969e+01,2.719998688403902634e+03
6.532848299517847579e+01,1.987836911254020379e+03
6.574458798240891610e+01,1.317302114851869646e+03
6.616069296963935642e+01,6.474639192025116472e+02
6.657679795686978252e+01,3.415425008818975812e+02
6.699290294410022284e+01,8.829227963512449833e+02
6.740900793133066315e+01,1.544613996957721383e+03
6.782511291856108926e+01,2.178467304106153279e+03
6.824121790579152957e+01,2.941284449082450465e+03
6.865732289302196989e+01,3.389480016300371062e+03
6.907342788025241020e+01,4.007203454239321673e+03
6.948953286748285052e+01,4.463941741386169269e+03
6.990563785471327662e+01,4.982049363021331374e+03
7.032174284194371694e+01,5.619503806293272646e+03
7.073784782917415725e+01,6.086667168610719273e+03
7.115395281640458336e+01,6.532385913077511759e+03
7.157005780363502367e+01,6.884890964597847415e+03
7.198616279086544978e+01,7.267580432903818291e+03
7.240226777809589009e+01,7.504324208017807905e+03
7.281837276532633041e+01,8.136775419002391573e+03
7.323447775255675651e+01,8.369467690450466762e+03
7.365058273978721104e+01,8.627671985618342660e+03
7.406668772701765135e+01,8.907832831670539235e+03
7.448279271424807746e+01,8.377179825348453960e+03
7.489889770147851777e+01,9.105178667349528041e+03
7.531500268870894388e+01,9.200090421652830628e+03
7.573110767593938419e+01,8.686940080292788480e+03
7.614721266316982451e+01,8.878078585233428385e+03
7.656331765040025061e+01,8.643281092494833501e+03
7.697942263763069093e+01,8.729111656691613462e+03
7.739552762486111703e+01,8.721511821071982922e+03
7.781163261209157156e+01,8.755831843465521160e+03
7.822773759932201187e+01,8.435851160356396576e+03
7.864384258655243798e+01,8.334083095223739292e+03
7.905994757378287829e+01,8.233361736632266911e+03
7.947605256101331861e+01,7.867136215466881367e+03
7.989215754824374471e+01,7.481869304444360750e+03
8.030826253547418503e+01,7.099586140534243896e+03
8.072436752270461113e+01,6.824484001712583449e+03
8.114047250993505145e+01,6.518760247461740619e+03
8.155657749716549176e+01,6.065570662325442754e+03
8.197268248439591787e+01,5.697499434635516991e+03
8.238878747162637239e+01,5.194877937038916571e+03
8.280489245885681271e+01,4.937854925834089045e+03
8.322099744608723881e+01,4.514921121255227263e+03
8.363710243331767913e+01,3.956275996289196428e+03
8.405320742054810523e+01,3.664361998781153943e+03
8.446931240777854555e+01,3.085870869586275603e+03
8.488541739500898586e+01,2.518685236082800202e+03
8.530152238223941197e+01,2.101728979072470338e+03
8.571762736946985228e+01,1.644613920086891540e+03
8.613373235670027839e+01,1.147352792849964999e+03
8.654983734393073291e+01,6.846716232319002984e+02
8.696594233116117323e+01,3.109395313545859949e+02
8.738204731839159933e+01,3.637348521817143023e+02
8.779815230562203965e+01,7.859451362850999203e+02
8.821425729285247996e+01,1.252334178431686723e+03
8.863036228008290607e+01,1.663438743358055945e+03
8.904646726731334638e+01,2.018728783242233021e+03
8.946257225454377249e+01,2.511320381504253419e+03
8.987867724177421280e+01,2.935298845138858269e+03
9.029478222900465312e+01,3.199526359995962594e+03
9.071088721623507922e+01,3.609471580696694218e+03
9.112699220346553375e+01,4.080459076968819318e+03
9.154309719069595985e+01,4.325074669358996289e+03
9.195920217792640017e+01,4.589864493448811118e+03
9.237530716515684048e+01,4.825195168509718314e+03
9.279141215238726659e+01,5.067147996011160103e+03
9.320751713961770690e+01,5.365512385839017952e+03
9.362362212684813301e+01,5.632905361392415216e+03
9.403972711407857332e+01,5.620115729205272146e+03
9.445583210130901364e+01,5.736738753749282296e+03
9.487193708853943974e+01,5.786343975376147682e+03
9.528804207576988006e+01,6.111545022441041510e+03
9.570414706300033458e+01,6.121673205848866928e+03
9.612025205023076069e+01,6.394397554941238923e+03
9.653635703746120100e+01,6.181689528585749031e+03
9.695246202469162711e+01,6.378003516723709254e+03
9.736856701192206742e+01,6.351273166128539742e+03
9.778467199915250774e+01,6.174809066893380987e+03
9.820077698638293384e+01,6.143139193363464074e+03
9.861688197361337416e+01,6.180539437985337827e+03
9.903298696084380026e+01,5.680046133289231875e+03
9.944909194807424058e+01,5.716165633215561684e+03
9.986519693530468089e+01,5.649384552207061461e+03
1.002813019225351212e+02,5.449675542104302622e+03
1.006974069097655615e+02,5.201355560577230790e+03
1.011135118969960018e+02,4.958474220004671224e+03
1.015296168842264279e+02,4.706444480637572269e+03
1.019457218714568683e+02,4.494082254085514251e+03
1.023618268586872944e+02,4.153737916794664670e+03
1.027779318459177347e+02,4.100321363191538694e+03
1.031940368331481750e+02,3.636451885050130386e+03
1.036101418203786011e+02,3.431383200284483792e+03
1.040262468076090414e+02,3.057484578876611522e+03
1.044423517948394959e+02,2.703302697230827107e+03
1.048584567820699220e+02,2.458243018885918445e+03
1.052745617693003624e+02,2.048601702770512929e+03
1.056906667565307885e+02,1.687669806102262328e+03
1.061067717437612288e+02,1.415936289197270753e+03
1.065228767309916691e+02,1.053324073911589494e+03
1.069389817182220952e+02,7.133606924797400097e+02
1.073550867054525355e+02,3.955695285802281660e+02
1.077711916926829616e+02,2.127009732321000683e+02
1.081872966799134019e+02,3.967465301952997265e+02
1.086034016671438422e+02,7.168407667286109017e+02
1.090195066543742826e+02,1.024472921214924781e+03
1.094356116416047229e+02,1.362149445220891948e+03
1.098517166288351632e+02,1.646213999643722218e+03
1.102678216160655893e+02,1.867230350963263390e+03
1.106839266032960296e+02,2.218220561491181797e+03
1.111000315905264557e+02,2.513812973378737297e+03
1.115161365777568960e+02,2.786213318270975833e+03
1.119322415649873363e+02,2.946953081401387863e+03
1.123483465522177625e+02,3.249324190123164044e+03
1.127644515394482028e+02,3.487667103876178771e+03
1.131805565266786431e+02,3.627076918607857806e+03
1.135966615139090834e+02,3.798480974559983679e+03
1.140127665011395237e+02,3.957294940983455490e+03
1.144288714883699498e+02,4.153361399397510468e+03
1.148449764756003901e+02,4.302292497798091063e+03
1.152610814628308304e+02,4.422519743099062907e+03
1.156771864500612566e+02,4.554849387922477035e+03
1.160932914372916969e+02,4.521631937391705833e+03
1.165093964245221230e+02,4.719276348759251050e+03
1.169255014117525633e+02,4.679582578851569451e+03
1.173416063989830036e+02,4.741945121101390214e+03
1.177577113862134439e+02,4.738156249475186087e+03
1.181738163734438842e+02,4.818748476360975474e+03
1.185899213606743103e+02,4.545276272467283889e+03
1.190060263479047507e+02,4.561116002027940340e+03
1.194221313351351910e+02,4.480735446621261872e+03
1.198382363223656171e+02,4.368801962367587294e+03
1.202543413095960574e+02,4.327521911478909715e+03
1.206704462968264835e+02,4.254168924720302130e+03
1.210865512840569238e+02,4.093805179770767154e+03
1.215026562712873641e+02,3.792686137870140556e+03
1.219187612585177902e+02,3.713193667608769374e+03
1.223348662457482448e+02,3.577567689104810142e+03
1.227509712329786851e+02,3.327700246060203881e+03
1.231670762202091112e+02,3.114507400997995774e+03
1.235831812074395515e+02,2.904827895100424030e+03
1.239992861946699776e+02,2.587711372997775015e+03
1.244153911819004179e+02,2.463232203094233682e+03
1.248314961691308582e+02,2.246940415988807672e+03
1.252476011563612843e+02,1.978600575187794902e+03
1.256637061435917246e+02,1.680672357823307493e+03
1.260798111308221507e+02,1.461218591162003577e+03
1.264959161180525911e+02,1.221714247855149097e+03
1.269120211052830456e+02,9.157737572326500413e+02
1.273281260925134717e+02,6.848892204691115921e+02
1.277442310797439120e+02,4.371172856068374699e+02
1.281603360669743381e+02,2.293045497380351776e+02
1.285764410542047926e+02,2.232691422371754584e+02
1.289925460414352187e+02,4.276961418907225720e+02
1.294086510286656448e+02,6.752616425643490174e+02
1.298247560158960994e+02,9.056010101216934345e+02
1.302408610031265255e+02,1.202234351325421358e+03
1.306569659903569516e+02,1.378806104181542878e+03
1.310730709775874061e+02,1.599301085969872929e+03
1.314891759648178322e+02,1.845547660970259130e+03
1.319052809520482867e+02,2.075726954511070744e+03
1.323213859392787128e+02,2.215301845094771579e+03
1.327374909265091389e+02,2.431556639152628577e+03
1.331535959137395650e+02,2.602142091301162054e+03
1.335697009009700196e+02,2.765683454473030906e+03
1.339858058882004457e+02,2.967636817035286640e+03
1.344019108754308718e+02,2.995983885475733132e+03
1.348180158626613263e+02,3.155978308437383475e+03
1.352341208498917524e+02,3.257910640277103539e+03
1.356502258371221785e+02,3.364225381289572852e+03
1.360663308243526330e+02,3.572903593324068879e+03
1.364824358115830591e+02,3.653217363535836284e+03
1.368985407988135137e+02,3.648720565164289837e+03
1.373146457860439398e+02,3.689400165735343762e+03
1.377307507732743659e+02,3.718864709969210708e+03
1.381468557605048204e+02,3.710370986873681886e+03
1.385629607477352465e+02,3.716208702974795870e+03
1.389790657349657010e+02,3.557268507600963403e+03
1.393951707221961271e+02,3.631607689973216111e+03
1.398112757094265532e+02,3.563826400460967761e+03
1.402273806966569794e+02,3.494117793162399266e+03
1.406434856838874339e+02,3.477452261143058877e+03
1.410595906711178600e+02,3.344697589068963225e+03
1.414756956583483145e+02,3.220577816152139349e+03
1.418918006455787122e+02,3.127144306758015773e+03
1.423079056328091667e+02,2.979178697342074429e+03
1.427240106200396212e+02,2.871471029974194607e+03
1.431401156072700473e+02,2.690756017054802214e+03
1.435562205945005019e+02,2.504596535668639717e+03
1.439723255817308996e+02,2.494890629510394774e+03
1.443884305689613541e+02,2.241125801146693448e+03
1.448045355561917802e+02,2.031403917943220904e+03
1.452206405434222347e+02,1.848209293796118345e+03
1.456367455306526608e+02,1.668774119251592310e+03
1.460528505178831153e+02,1.458152686934802432e+03
1.464689555051135130e+02,1.268929572953175011e+03
1.468850604923439676e+02,1.078005847241397078e+03
1.473011654795744221e+02,8.883259838269411830e+02
1.477172704668048482e+02,6.520637162891637217e+02
1.481333754540353027e+02,4.638899302483609972e+02
1.485494804412657004e+02,2.679725700937190709e+02
1.489655854284961549e+02,1.764893674884677637e+02
1.493816904157265810e+02,2.668649820014006195e+02
1.497977954029570355e+02,4.410101028394784066e+02
1.502139003901874617e+02,6.526960418383301885e+02
1.506300053774178878e+02,8.356252680890025886e+02
1.510461103646483423e+02,1.030405403159138814e+03
1.514622153518787684e+02,1.186395858242822669e+03
1.518783203391092229e+02,1.400084618885596910e+03
1.522944253263396490e+02,1.555714540715119256e+03
1.527105303135700751e+02,1.729588386938170743e+03
1.531266353008005012e+02,1.925633359709660908e+03
1.535427402880309558e+02,2.004836387844856063e+03
1.539588452752613819e+02,2.146297045053804595e+03
1.543749502624918364e+02,2.354102984177950930e+03
1.547910552497222341e+02,2.387555907358804234e+03
1.552071602369526886e+02,2.491450075525058764e+03
1.556232652241831431e+02,2.674370800196316850e+03
1.560393702114135692e+02,2.720235891746411198e+03
1.564554751986440237e+02,2.725690843050628700e+03
1.568715801858744499e+02,2.867074354487422625e+03
1.572876851731048760e+02,2.921494383040688263e+03
1.577037901603353021e+02,2.912205688614668361e+03
1.581198951475657566e+02,2.899341349515075763e+03
1.585360001347961827e+02,3.003687220104395692e+03
1.589521051220266372e+02,3.026569434628557701e+03
1.593682101092570349e+02,2.998204726568054866e+03
1.597843150964874894e+02,2.929161086162212996e+03
1.602004200837179440e+02,3.045028512892168692e+03
1.606165250709483701e+02,2.938242476742739655e+03
1.610326300581788246e+02,2.815805851974058442e+03
1.614487350454092223e+02,2.766065931942076986e+03
1.618648400326396768e+02,2.656384996055968713e+03
1.622809450198701029e+02,2.565328772830200705e+03
1.626970500071005574e+02,2.487195343978009987e+03
1.631131549943309835e+02,2.455474130623194014e+03
1.635292599815614096e+02,2.322951601246332757e+03
1.639453649687918357e+02,2.247876007223910619e+03
1.643614699560222903e+02,2.048601621443274780e+03
1.647775749432527448e+02,1.886869035615017310e+03
1.651936799304831709e+02,1.760480521006887557e+03
1.656097849177136254e+02,1.586837308227902895e+03
1.660258899049440231e+02,1.474648947948872774e+03
1.664419948921744776e+02,1.300217510998139915e+03
1.668580998794049037e+02,1.126264545203323223e+03
1.672742048666353583e+02,9.747900414322731422e+02
1.676903098538657844e+02,7.963337267092256297e+02
1.681064148410962105e+02,6.178826263032434554e+02
1.685225198283266366e+02,4.682010317112784605e+02
1.689386248155570911e+02,3.110410769793732584e+02
1.693547298027875456e+02,1.872782232291231708e+02
1.697708347900179717e+02,1.845192460460698385e+02
1.701869397772483978e+02,2.966014364291149263e+02
1.706030447644788239e+02,4.427462088143857386e+02
1.710191497517092785e+02,6.133742166863139573e+02
1.714352547389397046e+02,7.935548539046684482e+02
1.718513597261701591e+02,9.224261508573550827e+02
1.722674647134005568e+02,1.075623198133617962e+03
1.726835697006310113e+02,1.189551553223009250e+03
1.730996746878614658e+02,1.324560387014063053e+03
1.735157796750918919e+02,1.522150170744791012e+03
1.739318846623223465e+02,1.645500411189498664e+03
1.743479896495527441e+02,1.725162398455820039e+03
1.747640946367831987e+02,1.861820938344295882e+03
1.751801996240136248e+02,1.972862667331766716e+03
1.755963046112440793e+02,2.058613823507426787e+03
1.760124095984745054e+02,2.196054403992903190e+03
1.764285145857049599e+02,2.205494078237101348e+03
1.768446195729353576e+02,2.241852850315406158e+03
1.772607245601658121e+02,2.355825016488909569e+03
1.776768295473962667e+02,2.374022239193679980e+03
1.780929345346266928e+02,2.472048111493983924e+03
1.785090395218571473e+02,2.508155877355009579e+03
1.789251445090875450e+02,2.419895073981516816e+03
1.793412494963179995e+02,2.473938056239505386e+03
1.797573544835484256e+02,2.522083007934721991e+03
1.801734594707788801e+02,2.475214495974177225e+03
1.805895644580093062e+02,2.500859462097896539e+03
1.810056694452397323e+02,2.446531748052404510e+03
1.814217744324701584e+02,2.419333558192149667e+03
1.818378794197006130e+02,2.337310929152097287e+03
1.822539844069310675e+02,2.259252446766693538e+03
1.826700893941614936e+02,2.240810451206988091e+03
1.830861943813919197e+02,2.155184869710621115e+03
1.835022993686223458e+02,2.005933126999141905e+03
1.839184043558528003e+02,1.936324169000436086e+03
1.843345093430832264e+02,1.855939966994499855e+03
1.847506143303136810e+02,1.759530849181360736e+03
1.851667193175440786e+02,1.687025722750705199e+03
1.855828243047745332e+02,1.554485200371557312e+03
1.859989292920049593e+02,1.417687787592525410e+03
1.864150342792354138e+02,1.285781134154044821e+03
1.868311392664658683e+02,1.141043170344452392e+03
1.872472442536962660e+02,1.029964968396530594e+03
1.876633492409267205e+02,8.868262981614395812e+02
1.880794542281571466e+02,7.362513063647973013e+02
1.884955592153876012e+02,6.120272886114267976e+02
1.889116642026180273e+02,4.723408258801056832e+02
1.893277691898484818e+02,3.306430949551785829e+02
1.897438741770788795e+02,2.199423847191354184e+02
1.901599791643093340e+02,1.622389160578684084e+02
1.905760841515397601e+02,2.087467471093880533e+02
1.909921891387702146e+02,3.283138429072865847e+02
1.914082941260006692e+02,4.526415307667130037e+02
1.918243991132310668e+02,5.768936926509707064e+02
1.922405041004615214e+02,7.069054902325505054e+02
1.926566090876919475e+02,8.377948408334360693e+02
1.930727140749224020e+02,9.567143249779765029e+02
1.934888190621528281e+02,1.082727029746870130e+03
1.939049240493832542e+02,1.208084259497134781e+03
1.943210290366136803e+02,1.335880685193574436e+03
1.947371340238441348e+02,1.417902036309512368e+03
1.951532390110745609e+02,1.533264626994294076e+03
1.955693439983050155e+02,1.603694717963508310e+03
1.959854489855354416e+02,1.691587639872356021e+03
1.964015539727658677e+02,1.797446495850726706e+03
1.968176589599963222e+02,1.859836981081346948e+03
1.972337639472267483e+02,1.853512794200051530e+03
1.976498689344572028e+02,1.967529292765277205e+03
1.980659739216876005e+02,2.006504199532590064e+03
1.984820789089180550e+02,2.039490849923473206e+03
1.988981838961484812e+02,2.066237945731834316e+03
1.993142888833789357e+02,2.083974277756931315e+03
1.997303938706093618e+02,2.108674202527706711e+03
2.001464988578398163e+02,2.120846648309086504e+03
2.005626038450702424e+02,2.089316738468394306e+03
2.009787088323006685e+02,2.141849585719245169e+03
2.013948138195311230e+02,2.141418830123132466e+03
2.018109188067615491e+02,2.053167863717692398e+03
2.022270237939920037e+02,2.018078110585460081e+03
2.026431287812224014e+02,1.936232975555011080e+03
2.030592337684528559e+02,1.932050808331568078e+03
2.034753387556832820e+02,1.838478568052745686e+03
2.038914437429137365e+02,1.795395548255833091e+03
2.043075487301441910e+02,1.748183390831716224e+03
2.047236537173745887e+02,1.677336575797684191e+03
2.051397587046050432e+02,1.519532861414994386e+03
2.055558636918354694e+02,1.461866864981175922e+03
2.059719686790659239e+02,1.370782335316500621e+03
2.063880736662963500e+02,1.279865935447178344e+03
2.068041786535267761e+02,1.160996044768446154e+03
2.072202836407572022e+02,1.031147171520783104e+03
2.076363886279876567e+02,9.364619112895832131e+02
2.080524936152180828e+02,8.289086598840101487e+02
2.084685986024485373e+02,6.855204707006530498e+02
2.088847035896789919e+02,5.854167194455837944e+02
2.093008085769093896e+02,4.755122820427566239e+02
2.097169135641398441e+02,3.556375757883959636e+02
2.101330185513702702e+02,2.459310530211500918e+02
2.105491235386007247e+02,1.710276029545899235e+02
2.109652285258311508e+02,1.691872056947013050e+02
2.113813335130615769e+02,2.409258964629059960e+02
2.117974385002920030e+02,3.357320137690904858e+02
2.122135434875224576e+02,4.468888526324429336e+02
2.126296484747528837e+02,5.608133187983391963e+02
2.130457534619833382e+02,6.821533118582834732e+02
2.134618584492137643e+02,7.862095625410180446e+02
2.138779634364441904e+02,8.783715720452472624e+02
2.142940684236746449e+02,9.934700257309375502e+02
2.147101734109050710e+02,1.094057972194352260e+03
2.151262783981355255e+02,1.191259884916659757e+03
2.155423833853659232e+02,1.263456655301785986e+03
2.159584883725963778e+02,1.366023151390909788e+03
2.163745933598268039e+02,1.385871675416563448e+03
2.167906983470572584e+02,1.508550067047718358e+03
2.172068033342876845e+02,1.551833555312135559e+03
2.176229083215181106e+02,1.598945556071707642e+03
2.180390133087485651e+02,1.697742488893693917e+03
2.184551182959789912e+02,1.734234100554278939e+03
2.188712232832094458e+02,1.742497258613106169e+03
2.192873282704398719e+02,1.795038121750822484e+03
2.197034332576703264e+02,1.797167529591840321e+03
2.201195382449007241e+02,1.868267472069131372e+03
2.205356432321311786e+02,1.849352728773409808e+03
2.209517482193616047e+02,1.820034290877351623e+03
2.213678532065920592e+02,1.817787220378197389e+03
2.217839581938224853e+02,1.788605937770018272e+03
2.222000631810529114e+02,1.830597915052311691e+03
2.226161681682833660e+02,1.745212401412431063e+03
2.230322731555137921e+02,1.726255518825463014e+03
2.234483781427442466e+02,1.728249401460664558e+03
2.238644831299746727e+02,1.638871560999850999e+03
2.242805881172050988e+02,1.552186066004810982e+03
2.246966931044355249e+02,1.508722283797200816e+03
2.251127980916659794e+02,1.428530035903629596e+03
2.255289030788964055e+02,1.401371878251488624e+03
2.259450080661268601e+02,1.314784613633007211e+03
2.263611130533572862e+02,1.214025901692223897e+03
2.267772180405877123e+02,1.135930074939753013e+03
2.271933230278181668e+02,1.060358795783374489e+03
2.276094280150485929e+02,9.641509721841234750e+02
2.280255330022790474e+02,8.750927331367656734e+02
2.284416379895094451e+02,7.710286395434735596e+02
2.288577429767398996e+02,6.723566581528405095e+02
2.292738479639703257e+02,5.612962365088415027e+02
2.296899529512007803e+02,4.726340855927565485e+02
2.301060579384312064e+02,3.680975581443945543e+02
2.305221629256616609e+02,2.615312894674113409e+02
2.309382679128920870e+02,1.913767547626072769e+02
2.313543729001225131e+02,1.546949159798207063e+02
2.317704778873529676e+02,1.863322134288949883e+02
2.321865828745833937e+02,2.639811246246914038e+02
2.326026878618138483e+02,3.536711637897133187e+02
2.330187928490442459e+02,4.536441637175113897e+02
2.334348978362747005e+02,5.411859719306410170e+02
2.338510028235051266e+02,6.463808191664069227e+02
2.342671078107355811e+02,7.368710908676897589e+02
2.346832127979660072e+02,8.240699962697067349e+02
2.350993177851964333e+02,9.286167126812283641e+02
2.355154227724268878e+02,9.801828027633357578e+02
2.359315277596573139e+02,1.050538902582205083e+03
2.363476327468877685e+02,1.137700408104536564e+03
2.367637377341181946e+02,1.243095318141480902e+03
2.371798427213486207e+02,1.287092997403108939e+03
2.375959477085790468e+02,1.332923278424008004e+03
2.380120526958095013e+02,1.395260571028544518e+03
2.384281576830399274e+02,1.427561221726954955e+03
2.388442626702703819e+02,1.492229464109213268e+03
2.392603676575007796e+02,1.514367996130595429e+03
2.396764726447312341e+02,1.552614562863617039e+03
2.400925776319616887e+02,1.579286809920856513e+03
2.405086826191921148e+02,1.568254342191361729e+03
2.409247876064225693e+02,1.595426388072050713e+03
2.413408925936529670e+02,1.590326969596224899e+03
2.417569975808834215e+02,1.605588618799461983e+03
2.421731025681138476e+02,1.589921414248432939e+03
2.425892075553443021e+02,1.598949387725564293e+03
2.430053125425747282e+02,1.568588531067585564e+03
2.434214175298051828e+02,1.562743614687926311e+03
2.438375225170355804e+02,1.482343381818029911e+03
2.442536275042660350e+02,1.452711083310138520e+03
2.446697324914964895e+02,1.432463065850592329e+03
2.450858374787269156e+02,1.339371921277037927e+03
2.455019424659573701e+02,1.340613007793763018e+03
2.459180474531877678e+02,1.240623686063026298e+03
2.463341524404182223e+02,1.177344473770523109e+03
2.467502574276486484e+02,1.120174950696655515e+03
2.471663624148791030e+02,1.032597410721446977e+03
2.475824674021095291e+02,9.765314603348949731e+02
2.479985723893399552e+02,8.856299677036577123e+02
2.484146773765703813e+02,8.224601706661113667e+02
2.488307823638008358e+02,7.138889500429592090e+02
2.492468873510312903e+02,6.262605256516799273e+02
2.496629923382617164e+02,5.357089276784657841e+02
2.500790973254921425e+02,4.675770194047025825e+02
2.504952023127225686e+02,3.652437375732857276e+02
2.509113072999530232e+02,2.837268615251239225e+02
2.513274122871834493e+02,2.041943831846996034e+02
2.517435172744139038e+02,1.578238321182828656e+02
2.521596222616443015e+02,1.581941323770433883e+02
2.525757272488747560e+02,2.053494302100988591e+02
2.529918322361051821e+02,2.749947551313532585e+02
2.534079372233356366e+02,3.577648048545739243e+02
2.538240422105660912e+02,4.358696582952085237e+02
2.542401471977965173e+02,5.363347452886978317e+02
2.546562521850269434e+02,6.027696390619995555e+02
2.550723571722573695e+02,6.805874211293640883e+02
2.554884621594878240e+02,7.735758991771498359e+02
2.559045671467182501e+02,8.470535773375057715e+02
2.563206721339486762e+02,8.982788406815452618e+02
2.567367771211791023e+02,9.899824499226347143e+02
2.571528821084095853e+02,1.061013365241542715e+03
2.575689870956400114e+02,1.124481918810409525e+03
2.579850920828704375e+02,1.175955551400239074e+03
2.584011970701008636e+02,1.192982118897808732e+03
2.588173020573312897e+02,1.241865405414958559e+03
2.592334070445617726e+02,1.280755869085865243e+03
2.596495120317921987e+02,1.316553027257282338e+03
2.600656170190226248e+02,1.337020352512246291e+03
2.604817220062530509e+02,1.386967107225384325e+03
2.608978269934834771e+02,1.396255671307680132e+03
2.613139319807139032e+02,1.436494468317187511e+03
2.617300369679443861e+02,1.432190717349682245e+03
2.621461419551748122e+02,1.406955353107541896e+03
2.625622469424052383e+02,1.406511924503043474e+03
2.629783519296356644e+02,1.424634075700280619e+03
2.633944569168660905e+02,1.388643428701127277e+03
2.638105619040965735e+02,1.348240099976211013e+03
2.642266668913269427e+02,1.350689626500907480e+03
2.646427718785574257e+02,1.317543108619505574e+03
2.650588768657878518e+02,1.297465760619089451e+03
2.654749818530182779e+02,1.241728141611376486e+03
2.658910868402487040e+02,1.175595772947870501e+03
2.663071918274791301e+02,1.135622762402639864e+03
2.667232968147096130e+02,1.095553000215043767e+03
2.671394018019400391e+02,1.011446439614634983e+03
2.675555067891704653e+02,9.605680180634025191e+02
2.679716117764008914e+02,8.721816876194023962e+02
2.683877167636313743e+02,8.474379243539095796e+02
2.688038217508617436e+02,7.634445409031500276e+02
2.692199267380922265e+02,6.733352551656748801e+02
2.696360317253226526e+02,6.022544895930942630e+02
2.700521367125530787e+02,5.304562501512712061e+02
2.704682416997835048e+02,4.423483246697828122e+02
2.708843466870139309e+02,3.687595080592479917e+02
2.713004516742443570e+02,2.935674901864835533e+02
2.717165566614748400e+02,2.195846846201171729e+02
2.721326616487052661e+02,1.748693573113832542e+02
2.725487666359356922e+02,1.481912515314460848e+02
2.729648716231661183e+02,1.741171055804780678e+02
2.733809766103966012e+02,2.224771268598499887e+02
2.737970815976270273e+02,2.844632577277716337e+02
2.742131865848574535e+02,3.612174991671215025e+02
2.746292915720878796e+02,4.461198316174927072e+02
2.750453965593183057e+02,4.995047725482302781e+02
2.754615015465487318e+02,5.802085802202618652e+02
2.758776065337791579e+02,6.444996074907795673e+02
2.762937115210096408e+02,7.123647645328837825e+02
2.767098165082400669e+02,7.828682221578661711e+02
2.771259214954704930e+02,8.505426296614569992e+02
2.775420264827009191e+02,8.959862069274585110e+02
2.779581314699314021e+02,9.819344406943794183e+02
2.783742364571618282e+02,9.905822383187471587e+02
2.787903414443922543e+02,1.086662282710719637e+03
2.792064464316226235e+02,1.124542836691699904e+03
2.796225514188531065e+02,1.135441276125567583e+03
2.800386564060835326e+02,1.171157820381105466e+03
2.804547613933139587e+02,1.199523989398739786e+03
2.808708663805444417e+02,1.250915394859216804e+03
2.812869713677748678e+02,1.226861181844157727e+03
2.817030763550052939e+02,1.263341287711207315e+03
2.821191813422357200e+02,1.266451104350537207e+03
2.825352863294662029e+02,1.309970376161600370e+03
2.829513913166966290e+02,1.289555047376681841e+03
2.833674963039270551e+02,1.238196280424255292e+03
2.837836012911574244e+02,1.237654110371722254e+03
2.841997062783879073e+02,1.215291323668541509e+03
2.846158112656183334e+02,1.207030187749338666e+03
2.850319162528487595e+02,1.181643303753898408e+03
2.854480212400792425e+02,1.169163115998233707e+03
2.858641262273096686e+02,1.117996522910148542e+03
2.862802312145400947e+02,1.081033770809666066e+03
2.866963362017705208e+02,1.049755742061614228e+03
2.871124411890010037e+02,9.886545332973540781e+02
2.875285461762314299e+02,9.459324291317275311e+02
2.879446511634617991e+02,9.008504082969399178e+02
2.883607561506922252e+02,8.157617222174443441e+02
2.887768611379227082e+02,7.828869080944124335e+02
2.891929661251531343e+02,6.944242219813684187e+02
2.896090711123835604e+02,6.448062961176933641e+02
2.900251760996140433e+02,5.792323332759336836e+02
2.904412810868444694e+02,5.101505371535754989e+02
2.908573860740748955e+02,4.323121772178909623e+02
2.912734910613053216e+02,3.654671097679085960e+02
2.916895960485358046e+02,3.004177172555666289e+02
2.921057010357662307e+02,2.464832831559969577e+02
2.925218060229965999e+02,1.876994616311144739e+02
2.929379110102270261e+02,1.537936157543264244e+02
2.933540159974575090e+02,1.532146903521093009e+02
2.937701209846879351e+02,1.827298636751301331e+02
2.941862259719183612e+02,2.352023530000859921e+02
2.946023309591488442e+02,3.032547358451059836e+02
2.950184359463792703e+02,3.713082420932736341e+02
2.954345409336096964e+02,4.287148055401940496e+02
2.958506459208401225e+02,4.984163944384205820e+02
2.962667509080706054e+02,5.591948977714706643e+02
2.966828558953009747e+02,6.128426225785948418e+02
2.970989608825314008e+02,6.903451464443512577e+02
2.975150658697618837e+02,7.262751538893973020e+02
2.979311708569923098e+02,7.969975246384783532e+02
2.983472758442227359e+02,8.333689626483451320e+02
2.987633808314531620e+02,8.932911320831616422e+02
2.991794858186836450e+02,9.382961127106922277e+02
2.995955908059140711e+02,9.761559614619235390e+02
3.000116957931444972e+02,1.002476608091506478e+03
3.004278007803749233e+02,1.048451601492266036e+03
3.008439057676054063e+02,1.059492566626699045e+03
3.012600107548357755e+02,1.083805729374740622e+03
3.016761157420662016e+02,1.128651895837513393e+03
3.020922207292966846e+02,1.108591322189141010e+03
3.025083257165271107e+02,1.137903666141558460e+03
3.029244307037575368e+02,1.150666918452278878e+03
3.033405356909879629e+02,1.141764177936687474e+03
3.037566406782184458e+02,1.162755354045476906e+03
3.041727456654488719e+02,1.136823037805843796e+03
3.045888506526792980e+02,1.137907854492750175e+03
3.050049556399097241e+02,1.134778848754454657e+03
3.054210606271401502e+02,1.085659368190397345e+03
3.058371656143705763e+02,1.047732094430140933e+03
3.062532706016010025e+02,1.019941774698466020e+03
3.066693755888314854e+02,1.004897001870017448e+03
3.070854805760619115e+02,9.777554868702660542e+02
3.075015855632923376e+02,9.192037036839856228e+02
3.079176905505227637e+02,8.670588974767406398e+02
3.083337955377532467e+02,8.179648758038134702e+02
3.087499005249836728e+02,7.566123515586717758e+02
3.091660055122140989e+02,7.211750015437355614e+02
3.095821104994444681e+02,6.677756174531181159e+02
3.099982154866749511e+02,6.140780403794810809e+02
3.104143204739053772e+02,5.591591658728391394e+02
3.108304254611358033e+02,4.879138943499530114e+02
3.112465304483662862e+02,4.261202014785056917e+02
3.116626354355967123e+02,3.775360760698114291e+02
3.120787404228271384e+02,3.083971625422508964e+02
3.124948454100575645e+02,2.517511099590992387e+02
3.129109503972880475e+02,2.004561400188769937e+02
3.133270553845184736e+02,1.602595087133759648e+02
3.137431603717488997e+02,1.444343112182956759e+02
3.141592653589792690e+02,1.640066099386902465e+02
3.145753703462097519e+02,2.020045489118570288e+02
3.149914753334401780e+02,2.577447098205200859e+02
3.154075803206706041e+02,3.049359873436041539e+02
3.158236853079010871e+02,3.659656589906210797e+02
3.162397902951315132e+02,4.173541136379330396e+02
3.166558952823619393e+02,4.922068133002919126e+02
3.170720002695923654e+02,5.390712350961188122e+02
3.174881052568228483e+02,5.875816557160085267e+02
3.179042102440532744e+02,6.378824079044649125e+02
3.183203152312836437e+02,6.950584710790161580e+02
3.187364202185140698e+02,7.400373441653706550e+02
3.191525252057445527e+02,7.815660845103265046e+02
3.195686301929749789e+02,8.347995319352429533e+02
3.199847351802054050e+02,8.720372457590865451e+02
3.204008401674358879e+02,8.905344498893171021e+02
3.208169451546663140e+02,9.324062696986197807e+02
3.212330501418967401e+02,9.535476169536349289e+02
3.216491551291271662e+02,9.793177021968757572e+02
3.220652601163576492e+02,9.985499854048140378e+02
3.224813651035880753e+02,9.983763020390147176e+02
3.228974700908184445e+02,1.046205930451575341e+03
3.233135750780488706e+02,1.045262093670916556e+03
3.237296800652793536e+02,1.045045478984936835e+03
3.241457850525097797e+02,1.037048678953867693e+03
3.245618900397402058e+02,1.041614331734890357e+03
3.249779950269706887e+02,1.008693898578632229e+03
3.253941000142011148e+02,1.004692352148687633e+03
3.258102050014315409e+02,9.919894471510541507e+02
3.262263099886619671e+02,9.654555369259018107e+02
3.266424149758924500e+02,9.428269185814012872e+02
3.270585199631228193e+02,9.077705747976801831e+02
3.274746249503532454e+02,8.763425874447019623e+02
3.278907299375836715e+02,8.806551149924524680e+02
3.283068349248141544e+02,8.152707140417414848e+02
3.287229399120445805e+02,7.739360918971174215e+02
3.291390448992750066e+02,7.365144364047663430e+02
3.295551498865054896e+02,6.675300339670318408e+02
3.299712548737359157e+02,6.444468674286791838e+02
3.303873598609663418e+02,6.018618067213519680e+02
3.308034648481967679e+02,5.249155501823220220e+02
3.312195698354272508e+02,4.851063134994186044e+02
3.316356748226576201e+02,4.227239999958836734e+02
3.320517798098880462e+02,3.672567155940561179e+02
3.324678847971184723e+02,3.194166488131712640e+02
3.328839897843489553e+02,2.615982999703367682e+02
3.333000947715793814e+02,2.098671881984405445e+02
3.337161997588098075e+02,1.714064731075206112e+02
3.341323047460402904e+02,1.485447090492193922e+02
3.345484097332707165e+02,1.494091534949153299e+02
3.349645147205011426e+02,1.749062750219900408e+02
3.353806197077315687e+02,2.164899999946148057e+02
3.357967246949619948e+02,2.583851296883049713e+02
3.362128296821924209e+02,3.122765877098332794e+02
3.366289346694228470e+02,3.546135619320478440e+02
3.370450396566532731e+02,4.160958899028476026e+02
3.374611446438837561e+02,4.646952102013288481e+02
3.378772496311141822e+02,5.145550031608743211e+02
3.382933546183446083e+02,5.703440553565956179e+02
3.387094596055750912e+02,6.157345461829477244e+02
3.391255645928055173e+02,6.594079895438567291e+02
3.395416695800359435e+02,6.995743167319573104e+02
3.399577745672663127e+02,7.318902671741552695e+02
3.403738795544967957e+02,7.684269144264086435e+02
3.407899845417272218e+02,8.257995437305493169e+02
3.412060895289576479e+02,8.315418772771766953e+02
3.416221945161880740e+02,8.667004304529967840e+02
3.420382995034185569e+02,9.011563522125416057e+02
3.424544044906489830e+02,9.005503329436581907e+02
3.428705094778794091e+02,9.110204960389468170e+02
3.432866144651098921e+02,9.273095770378643010e+02
3.437027194523403182e+02,9.473178022875536044e+02
3.441188244395707443e+02,9.680927732737882252e+02
3.445349294268011136e+02,9.577115954061711136e+02
3.449510344140315965e+02,9.356372573114929310e+02
3.453671394012620226e+02,9.427438522481689915e+02
3.457832443884924487e+02,9.345119483590458458e+02
3.461993493757229317e+02,9.123823270257631748e+02
3.466154543629533578e+02,8.996105393411878595e+02
3.470315593501837839e+02,8.865085748095642657e+02
3.474476643374142100e+02,8.490015552371336298e+02
3.478637693246446929e+02,8.267128308228546985e+02
3.482798743118751190e+02,7.985883469524256952e+02
3.486959792991054883e+02,7.713840594940636493e+02
3.491120842863359144e+02,7.270923405828896193e+02
3.495281892735663973e+02,6.783530673467183760e+02
3.499442942607968234e+02,6.539880788640587070e+02
3.503603992480272495e+02,6.068795556001811065e+02
3.507765042352577325e+02,5.556534675521930922e+02
3.511926092224881586e+02,5.074347166329753236e+02
3.516087142097185847e+02,4.596251252522735058e+02
3.520248191969490108e+02,4.085366961945588287e+02
3.524409241841794937e+02,3.635036259104133478e+02
3.528570291714099199e+02,3.179813754933185805e+02
3.532731341586402891e+02,2.689701245069323932e+02
3.536892391458707152e+02,2.253850826621013255e+02
3.541053441331011982e+02,1.829322005299004843e+02
3.545214491203316243e+02,1.574987904913009515e+02
3.549375541075620504e+02,1.487223681022732933e+02
3.553536590947925333e+02,1.570238948205077918e+02
3.557697640820229594e+02,1.839416474509839077e+02
3.561858690692533855e+02,2.211756763423964003e+02
3.566019740564838116e+02,2.716512835695126000e+02
3.570180790437142946e+02,3.159062595853931725e+02
3.574341840309446638e+02,3.603810704107112883e+02
3.578502890181750900e+02,4.085157968900196579e+02
3.582663940054055161e+02,4.482043768646203716e+02
3.586824989926359990e+02,5.052854543585265787e+02
3.590986039798664251e+02,5.431561924002879778e+02
3.595147089670968512e+02,5.837174245665663648e+02
3.599308139543273342e+02,6.227563296938467374e+02
3.603469189415577603e+02,6.631424992528848179e+02
3.607630239287881864e+02,6.948973762981556774e+02
3.611791289160186125e+02,7.260754904500350904e+02
3.615952339032490954e+02,7.585823085051247290e+02
3.620113388904794647e+02,7.930394933328450406e+02
3.624274438777098908e+02,8.172504938935950349e+02
3.628435488649403169e+02,8.191221863378693797e+02
3.632596538521707998e+02,8.323470443986295777e+02
3.636757588394012259e+02,8.604614878137681444e+02
3.640918638266316520e+02,8.559533807423730423e+02
3.645079688138621350e+02,8.913626334777924285e+02
3.649240738010925611e+02,8.619464774720171363e+02
3.653401787883229872e+02,8.588217857983527210e+02
3.657562837755533565e+02,8.628392336293870812e+02
3.661723887627838394e+02,8.647463972633053118e+02
3.665884937500142655e+02,8.621014589601693388e+02
3.670045987372446916e+02,8.352840402213668085e+02
3.674207037244751177e+02,8.244291696932508557e+02
3.678368087117056007e+02,8.005961269808191219e+02
3.682529136989360268e+02,7.766444292256197741e+02
3.686690186861664529e+02,7.357260314673218318e+02
3.690851236733969358e+02,7.088276397478078934e+02
3.695012286606273619e+02,6.790527254865504574e+02
3.699173336478577880e+02,6.606796739993802703e+02
3.703334386350881573e+02,6.206051645413334654e+02
3.707495436223186402e+02,5.792059349433606030e+02
3.711656486095490664e+02,5.366413362754855143e+02
3.715817535967794925e+02,4.915757208703716969e+02
3.719978585840099186e+02,4.510366309919027117e+02
3.724139635712404015e+02,4.046429111052479470e+02
3.728300685584708276e+02,3.584788610681005139e+02
3.732461735457012537e+02,3.272397043238049150e+02
3.736622785329317367e+02,2.741371038049490494e+02
3.740783835201621628e+02,2.245538490538539236e+02
3.744944885073925320e+02,1.957426315590558374e+02
3.749105934946229581e+02,1.639032651487116254e+02
3.753266984818534411e+02,1.489217089247619867e+02
3.757428034690838672e+02,1.496287999032884670e+02
3.761589084563142933e+02,1.675417730073816358e+02
3.765750134435447194e+02,1.951339931914471038e+02
3.769911184307752023e+02,2.308985519685231793e+02
3.774072234180056284e+02,2.741167697281270534e+02
3.778233284052360546e+02,3.146675087713511516e+02
3.782394333924665375e+02,3.710374428465924552e+02
3.786555383796969636e+02,4.017534022150274495e+02
3.790716433669273329e+02,4.433891262596375782e+02
3.794877483541577590e+02,4.922837113929572865e+02
3.799038533413882419e+02,5.250141022565885578e+02
3.803199583286186680e+02,5.595840174650795689e+02
3.807360633158490941e+02,5.869132511037271343e+02
3.811521683030795202e+02,6.294856102087228464e+02
3.815682732903100032e+02,6.553387855932146522e+02
3.819843782775404293e+02,6.943374116749560017e+02
3.824004832647708554e+02,7.182202379304776514e+02
3.828165882520013383e+02,7.312421359998883190e+02
3.832326932392317076e+02,7.584173586149204311e+02
3.836487982264621337e+02,7.623588287956773684e+02
3.840649032136925598e+02,7.833919962155943040e+02
3.844810082009230428e+02,7.934090224819891546e+02
3.848971131881534689e+02,8.032584989708301464e+02
3.853132181753838950e+02,8.035579393015192409e+02
3.857293231626143211e+02,8.088894354243581120e+02
3.861454281498448040e+02,8.118474827566938075e+02
3.865615331370752301e+02,7.838186298352263748e+02
3.869776381243056562e+02,7.805735906539237021e+02
3.873937431115361392e+02,7.855715594470594851e+02
3.878098480987665084e+02,7.606145591492476115e+02
3.882259530859969345e+02,7.489113297061991261e+02
3.886420580732273606e+02,7.196043407141567059e+02
3.890581630604578436e+02,7.087624244374402451e+02
3.894742680476882697e+02,6.750792356326769550e+02
3.898903730349186958e+02,6.544056490941817401e+02
3.903064780221491219e+02,6.146079175515900488e+02
3.907225830093796048e+02,5.820119355131029124e+02
3.911386879966100310e+02,5.457566061991730066e+02
3.915547929838404571e+02,5.142033633408040032e+02
3.919708979710708832e+02,4.831898392753815870e+02
3.923870029583013093e+02,4.414039769158760009e+02
3.928031079455317354e+02,4.036852577960010535e+02
3.932192129327621615e+02,3.565207185888777417e+02
3.936353179199926444e+02,3.170077704369390403e+02
3.940514229072230705e+02,2.744338592386532127e+02
3.944675278944534966e+02,2.411883067970969137e+02
3.948836328816839227e+02,2.032022530368242883e+02
3.952997378689144057e+02,1.722133223692513582e+02
3.957158428561448318e+02,1.547358542611289351e+02
3.961319478433752010e+02,1.433228858422404244e+02
3.965480528306056840e+02,1.528342363712292524e+02
3.969641578178361101e+02,1.747587125486992647e+02
3.973802628050665362e+02,2.055935769686499270e+02
3.977963677922969623e+02,2.396814128255287244e+02
3.982124727795274453e+02,2.755872524373514807e+02
3.986285777667578714e+02,3.146106963508158287e+02
3.990446827539882975e+02,3.622606891903463406e+02
3.994607877412187236e+02,3.895254168897664044e+02
3.998768927284492065e+02,4.373932878828940716e+02
4.002929977156796326e+02,4.788649697615982177e+02
4.007091027029100019e+02,5.092062395088531730e+02
4.011252076901404848e+02,5.401054185421980947e+02
4.015413126773709109e+02,5.754720458721761815e+02
4.019574176646013370e+02,5.986236377194252327e+02
4.023735226518317631e+02,6.118131338603216136e+02
4.027896276390622461e+02,6.490920844647798731e+02
4.032057326262926722e+02,6.654557499642189669e+02
4.036218376135230983e+02,6.916603110955154534e+02
4.040379426007535812e+02,7.065696538019900572e+02
4.044540475879840074e+02,7.093189744462439421e+02
4.048701525752143766e+02,7.349701092301229437e+02
4.052862575624448027e+02,7.329958925769424241e+02
4.057023625496752857e+02,7.322225310581203530e+02
4.061184675369057118e+02,7.430957566380646995e+02
4.065345725241361379e+02,7.339782286066611050e+02
4.069506775113665640e+02,7.511751331362610244e+02
4.073667824985970469e+02,7.328798530715663446e+02
4.077828874858274730e+02,7.291726463401810179e+02
4.081989924730578991e+02,7.142219235903032768e+02
4.086150974602883821e+02,7.076839904677071900e+02
4.090312024475188082e+02,6.891851494464353891e+02
4.094473074347491774e+02,6.719849161927622845e+02
4.098634124219796036e+02,6.437550766933097748e+02
4.102795174092100865e+02,6.123050106842511013e+02
4.106956223964405126e+02,5.932722100413469661e+02
4.111117273836709387e+02,5.505225765422545692e+02
4.115278323709013648e+02,5.284952491246892805e+02
4.119439373581318478e+02,4.982594809519083014e+02
4.123600423453622739e+02,4.651840982590643421e+02
4.127761473325927000e+02,4.270682756407507554e+02
4.131922523198231829e+02,3.948609129823808530e+02
4.136083573070535522e+02,3.537999736991408213e+02
4.140244622942839783e+02,3.181435175790438166e+02
4.144405672815144044e+02,2.832565292669301584e+02
4.148566722687448873e+02,2.446224358749199723e+02
4.152727772559753134e+02,2.109559386273722339e+02
4.156888822432057395e+02,1.809341744861863219e+02
4.161049872304361656e+02,1.587240155356593618e+02
4.165210922176666486e+02,1.463472031463616361e+02
4.169371972048970747e+02,1.493206965556558430e+02
4.173533021921275008e+02,1.632179599217728310e+02
4.177694071793579838e+02,1.869738514996624588e+02
4.181855121665883530e+02,2.174160975705968610e+02
4.186016171538187791e+02,2.455127160479592305e+02
4.190177221410492052e+02,2.813965524579757584e+02
4.194338271282796882e+02,3.149881606017825675e+02
4.198499321155101143e+02,3.541783725141084460e+02
4.202660371027405404e+02,3.955232553913135121e+02
4.206821420899709665e+02,4.183433062862091560e+02
4.210982470772014494e+02,4.452363229829489910e+02
4.215143520644318755e+02,4.871715210491876746e+02
4.219304570516623016e+02,5.177620966798480140e+02
4.223465620388927277e+02,5.477912584457492358e+02
4.227626670261231538e+02,5.683819593221035120e+02
4.231787720133535800e+02,5.886125698243047282e+02
4.235948770005840061e+02,6.150895702515354060e+02
4.240109819878144890e+02,6.324876208622760032e+02
4.244270869750449151e+02,6.504751866383687684e+02
4.248431919622753412e+02,6.745434066730875884e+02
4.252592969495057673e+02,6.714531617282607385e+02
4.256754019367362503e+02,6.909744258578053859e+02
4.260915069239666764e+02,6.943361831663678458e+02
4.265076119111970456e+02,6.870597827493126033e+02
4.269237168984275286e+02,6.842011047208791297e+02
4.273398218856579547e+02,6.829743155206178926e+02
4.277559268728883808e+02,6.852238279985525651e+02
4.281720318601188069e+02,6.919567961254555257e+02
4.285881368473492898e+02,6.766667150631634513e+02
4.290042418345797159e+02,6.548657745844535611e+02
4.294203468218101420e+02,6.374204264044057027e+02
4.298364518090405682e+02,6.263912403297651963e+02
4.302525567962710511e+02,6.056896898783268171e+02
4.306686617835014772e+02,5.928898867082676816e+02
4.310847667707318465e+02,5.645289703502357952e+02
4.315008717579623294e+02,5.371801511814898049e+02
4.319169767451927555e+02,5.070421386311068659e+02
4.323330817324231816e+02,4.775341256302979787e+02
4.327491867196536077e+02,4.496281322324055623e+02
4.331652917068840907e+02,4.152189147277777579e+02
4.335813966941145168e+02,3.838202149341822746e+02
4.339975016813449429e+02,3.513148285013954251e+02
4.344136066685753690e+02,3.167373267061629463e+02
4.348297116558058519e+02,2.864946461349084075e+02
4.352458166430362212e+02,2.506786765532327479e+02
4.356619216302666473e+02,2.215393605999401814e+02
4.360780266174971302e+02,1.892873159876202749e+02
4.364941316047275564e+02,1.658427546169096161e+02
4.369102365919579825e+02,1.497366306184120504e+02
4.373263415791884086e+02,1.454020756974622941e+02
4.377424465664188915e+02,1.537078399394254404e+02
4.381585515536493176e+02,1.668696142373241287e+02
4.385746565408797437e+02,1.914326821745683276e+02
4.389907615281101698e+02,2.205955715953332970e+02
4.394068665153406528e+02,2.552452151764653934e+02
4.398229715025710220e+02,2.855760885038035326e+02
4.402390764898014481e+02,3.203730932797623723e+02
4.406551814770319311e+02,3.538332011093945653e+02
4.410712864642623572e+02,3.815406610281085023e+02
4.414873914514927833e+02,4.116409829473487889e+02
4.419034964387232094e+02,4.420330804305364722e+02
4.423196014259536923e+02,4.631832668064600398e+02
4.427357064131841184e+02,4.940817139619936142e+02
4.431518114004145446e+02,5.227601493597120452e+02
4.435679163876449707e+02,5.471892336326304758e+02
4.439840213748753968e+02,5.651452816083975677e+02
4.444001263621058229e+02,5.796877144706095351e+02
4.448162313493362490e+02,5.890202144147343688e+02
4.452323363365667319e+02,6.183210888676679815e+02
4.456484413237971580e+02,6.322910879141641090e+02
4.460645463110275841e+02,6.390663490869940233e+02
4.464806512982580102e+02,6.336477019992966007e+02
4.468967562854884932e+02,6.547864518419870592e+02
4.473128612727189193e+02,6.565071928165253894e+02
4.477289662599493454e+02,6.498529826682162138e+02
4.481450712471797146e+02,6.570411282689231030e+02
4.485611762344101976e+02,6.427386541253226824e+02
4.489772812216406237e+02,6.260722858250268246e+02
4.493933862088710498e+02,6.191583805267872549e+02
4.498094911961015328e+02,6.132474014288607123e+02
4.502255961833319589e+02,6.063335798516438899e+02
4.506417011705623850e+02,5.770443286502953697e+02
4.510578061577928111e+02,5.542969301312036805e+02
4.514739111450232940e+02,5.334493526660876341e+02
4.518900161322537201e+02,5.213575539138973909e+02
4.523061211194841462e+02,4.992841229530505984e+02
4.527222261067145723e+02,4.615219805193235061e+02
4.531383310939449984e+02,4.385976010626759489e+02
4.535544360811754245e+02,4.043564527256345968e+02
4.539705410684058506e+02,3.745218313489504567e+02
4.543866460556363336e+02,3.408827799326335821e+02
4.548027510428667597e+02,3.202533073361014999e+02
4.552188560300971858e+02,2.816425759386888217e+02
4.556349610173276119e+02,2.573726566245118192e+02
4.560510660045580948e+02,2.277458353086669263e+02
4.564671709917885210e+02,1.948867253939508259e+02
4.568832759790188902e+02,1.716194927292397097e+02
4.572993809662493732e+02,1.536636186119822867e+02
4.577154859534797993e+02,1.449259200197564041e+02
4.581315909407102254e+02,1.481743862174797357e+02
4.585476959279406515e+02,1.546806102438131347e+02
4.589638009151711344e+02,1.770740927133875857e+02
4.593799059024015605e+02,2.024252656742922625e+02
4.597960108896319866e+02,2.271635878984315298e+02
4.602121158768624127e+02,2.587872509065109625e+02
4.606282208640928957e+02,2.821320144329451409e+02
4.610443258513233218e+02,3.187708018481833960e+02
4.614604308385536910e+02,3.462210653267497946e+02
4.618765358257841740e+02,3.683429418176787635e+02
4.622926408130146001e+02,4.037410165216597306e+02
4.627087458002450262e+02,4.306167447511645605e+02
4.631248507874754523e+02,4.519300728437514749e+02
4.635409557747059353e+02,4.791061813562520229e+02
4.639570607619363614e+02,5.044127401020799084e+02
4.643731657491667875e+02,5.200341384789164749e+02
4.647892707363972136e+02,5.405105841637708863e+02
4.652053757236276965e+02,5.608601451844314170e+02
4.656214807108580658e+02,5.774667539413650275e+02
4.660375856980884919e+02,5.859159101928411246e+02
4.664536906853189748e+02,5.811690803156069478e+02
4.668697956725494009e+02,5.982636908408200043e+02
4.672859006597798270e+02,6.147833244207710095e+02
4.677020056470102531e+02,6.120978877631808928e+02
4.681181106342407361e+02,6.110041257719149144e+02
4.685342156214711622e+02,6.024857235418207893e+02
4.689503206087015883e+02,6.107458778611122625e+02
4.693664255959320144e+02,5.999520185357660012e+02
4.697825305831624974e+02,5.881098214052369713e+02
4.701986355703928666e+02,5.733195315600549975e+02
4.706147405576232927e+02,5.686484873052980902e+02
4.710308455448537757e+02,5.492787975545462587e+02
4.714469505320842018e+02,5.303449177084793291e+02
4.718630555193146279e+02,5.086559100228373040e+02
4.722791605065450540e+02,4.937728127429237475e+02
4.726952654937755369e+02,4.779629689516040685e+02
4.731113704810059630e+02,4.579717741965663436e+02
4.735274754682363891e+02,4.236392475966944744e+02
4.739435804554668152e+02,3.939963335923165459e+02
4.743596854426972413e+02,3.749971529222920594e+02
4.747757904299276674e+02,3.471749646629614290e+02
4.751918954171580936e+02,3.105012383623801497e+02
4.756080004043885765e+02,2.837163642097107754e+02
4.760241053916190026e+02,2.568295862687784279e+02
4.764402103788494287e+02,2.272984805391196801e+02
4.768563153660798548e+02,2.011758573290710785e+02
4.772724203533103378e+02,1.795360815763096127e+02
4.776885253405407639e+02,1.602222406286828971e+02
4.781046303277711900e+02,1.494148607791368590e+02
4.785207353150015592e+02,1.465813261996717074e+02
4.789368403022320422e+02,1.498278127907314001e+02
4.793529452894624683e+02,1.654940063433389241e+02
4.797690502766928944e+02,1.853730410635908186e+02
4.801851552639233773e+02,2.084032668170210627e+02
4.806012602511538034e+02,2.319096930821124261e+02
4.810173652383842295e+02,2.569957751825064634e+02
4.814334702256146556e+02,2.877581478964671646e+02
4.818495752128451386e+02,3.130936235057079671e+02
4.822656802000755647e+02,3.443344062678061164e+02
4.826817851873059340e+02,3.690518590848301415e+02
4.830978901745363601e+02,3.956291190670006586e+02
4.835139951617668430e+02,4.167761187555592528e+02
4.839301001489972691e+02,4.440555471260800573e+02
4.843462051362276952e+02,4.640383470710016809e+02
4.847623101234581782e+02,4.864280290504685240e+02
4.851784151106886043e+02,4.993768430168057648e+02
4.855945200979190304e+02,5.203713586098912174e+02
4.860106250851494565e+02,5.364586710432745349e+02
4.864267300723799394e+02,5.370403434407833174e+02
4.868428350596103655e+02,5.478554149608849002e+02
4.872589400468407348e+02,5.601814367586360959e+02
4.876750450340711609e+02,5.699091267590299594e+02
4.880911500213016438e+02,5.778537819655487056e+02
4.885072550085320700e+02,5.699227729381158269e+02
4.889233599957624961e+02,5.765623985379980923e+02
4.893394649829929790e+02,5.672138617747378930e+02
4.897555699702234051e+02,5.646506532439028661e+02
4.901716749574538312e+02,5.664126078306051113e+02
4.905877799446842573e+02,5.498960389416894259e+02
4.910038849319147403e+02,5.390294297370344339e+02
4.914199899191451095e+02,5.272480715765422019e+02
4.918360949063755356e+02,5.068739253213609572e+02
4.922521998936059617e+02,4.930427855830656085e+02
4.926683048808364447e+02,4.709125788606399965e+02
4.930844098680668708e+02,4.560225975439236663e+02
4.935005148552972969e+02,4.346618346247145155e+02
4.939166198425277798e+02,4.142376961192798035e+02
4.943327248297582059e+02,3.908716666934225259e+02
4.947488298169886320e+02,3.665623258022029063e+02
4.951649348042190582e+02,3.397044808318661353e+02
4.955810397914495411e+02,3.119014327993018014e+02
4.959971447786799104e+02,2.787639521212526006e+02
4.964132497659103365e+02,2.556950262969120331e+02
4.968293547531407626e+02,2.297322548727942433e+02
4.972454597403712455e+02,2.065946450225666524e+02
4.976615647276016716e+02,1.832693148434410944e+02
4.980776697148320977e+02,1.678838158016970965e+02
4.984937747020625807e+02,1.515888726652584921e+02
4.989098796892930068e+02,1.471526649912428013e+02
4.993259846765234329e+02,1.473819787598521032e+02
4.997420896637538590e+02,1.546255932390187979e+02
5.001581946509842851e+02,1.702761792142639479e+02
5.005742996382147112e+02,1.894931099827967387e+02
5.009904046254451373e+02,2.114058804948094803e+02
5.014065096126755634e+02,2.361279577063928343e+02
5.018226145999060464e+02,2.654021170082439767e+02
5.022387195871364725e+02,2.878655102550715696e+02
5.026548245743668986e+02,3.122797672997418204e+02
5.030709295615973815e+02,3.358932756889734605e+02
5.034870345488278076e+02,3.632581787865171350e+02
5.039031395360582337e+02,3.908307889814703344e+02
5.043192445232886030e+02,4.120854261808650563e+02
5.047353495105190859e+02,4.284836733957166075e+02
5.051514544977495120e+02,4.422170932869562421e+02
5.055675594849799381e+02,4.654343387290220448e+02
5.059836644722103642e+02,4.789060957667736034e+02
5.063997694594408472e+02,4.931030806823862918e+02
5.068158744466712733e+02,5.038495172629333183e+02
5.072319794339016994e+02,5.204276993319638223e+02
5.076480844211321823e+02,5.211923162285041826e+02
5.080641894083626084e+02,5.354970106740116762e+02
5.084802943955930346e+02,5.400193494278652224e+02
5.088963993828234038e+02,5.472416940771611280e+02
5.093125043700538868e+02,5.416534671574605682e+02
5.097286093572843129e+02,5.380764481446411764e+02
5.101447143445147390e+02,5.354170678124718279e+02
5.105608193317452219e+02,5.246855261665033368e+02
5.109769243189756480e+02,5.207918216230002599e+02
5.113930293062060741e+02,5.166420052973288648e+02
5.118091342934365002e+02,4.973706474499565502e+02
5.122252392806669832e+02,4.871945668280924906e+02
5.126413442678973524e+02,4.742181287195775781e+02
5.130574492551278354e+02,4.592200070649195141e+02
5.134735542423582046e+02,4.446601563807959110e+02
5.138896592295886876e+02,4.213942537631468781e+02
5.143057642168191705e+02,3.985940700459265145e+02
5.147218692040495398e+02,3.743373348757557437e+02
5.151379741912800228e+02,3.630105138363631454e+02
5.155540791785103920e+02,3.280678155616299136e+02
5.159701841657408750e+02,3.123290877014366060e+02
5.163862891529712442e+02,2.859490666934455589e+02
5.168023941402017272e+02,2.597405589819355782e+02
5.172184991274322101e+02,2.376523137724163348e+02
5.176346041146625794e+02,2.123303299254222338e+02
5.180507091018930623e+02,1.896942783738539333e+02
5.184668140891235453e+02,1.715165534605087885e+02
5.188829190763539145e+02,1.559022381808715920e+02
5.192990240635843975e+02,1.473860707624009194e+02
5.197151290508147667e+02,1.455251753125700702e+02
5.201312340380452497e+02,1.490328553604474848e+02
5.205473390252756190e+02,1.598212743828513851e+02
5.209634440125061019e+02,1.775268363178728066e+02
5.213795489997365848e+02,1.951164050489489910e+02
5.217956539869669541e+02,2.181690629297502824e+02
5.222117589741974371e+02,2.405211674152157002e+02
5.226278639614278063e+02,2.653031001433537313e+02
5.230439689486582893e+02,2.918637287935882227e+02
5.234600739358887722e+02,3.115467547238176849e+02
5.238761789231191415e+02,3.326002577332459396e+02
5.242922839103496244e+02,3.576551338700891733e+02
5.247083888975799937e+02,3.802854176659056975e+02
5.251244938848104766e+02,3.937037199877028684e+02
5.255405988720408459e+02,4.220337525342877711e+02
5.259567038592713288e+02,4.295917216598263053e+02
5.263728088465018118e+02,4.500271326271973180e+02
5.267889138337321810e+02,4.550844766029807715e+02
5.272050188209626640e+02,4.763880293450290537e+02
5.276211238081931469e+02,4.889489018224226129e+02
5.280372287954235162e+02,4.870478628349444534e+02
5.284533337826538855e+02,5.079593801462557394e+02
5.288694387698843684e+02,4.980579976227506336e+02
5.292855437571148514e+02,5.132772351105589905e+02
5.297016487443452206e+02,5.082690054274638669e+02
5.301177537315757036e+02,5.114100606463148893e+02
5.305338587188061865e+02,5.126719928928255285e+02
5.309499637060365558e+02,5.019694331461711272e+02
5.313660686932670387e+02,4.971332377967812590e+02
5.317821736804974080e+02,4.897203566234089180e+02
5.321982786677278909e+02,4.814798743190485766e+02
5.326143836549582602e+02,4.729410521541039429e+02
5.330304886421887431e+02,4.636954006430773916e+02
5.334465936294192261e+02,4.454359150130604235e+02
5.338626986166495954e+02,4.267082991250855457e+02
5.342788036038800783e+02,4.079936688606075563e+02
5.346949085911104476e+02,3.948500383268335554e+02
5.351110135783409305e+02,3.728239529811885973e+02
5.355271185655714135e+02,3.472846841901123298e+02
5.359432235528017827e+02,3.277340157104391096e+02
5.363593285400322657e+02,3.047448200230534212e+02
5.367754335272627486e+02,2.843040329035353011e+02
5.371915385144931179e+02,2.604274595115994089e+02
5.376076435017234871e+02,2.394880676581180978e+02
5.380237484889539701e+02,2.148061563457211776e+02
5.384398534761844530e+02,1.948154328745231112e+02
5.388559584634148223e+02,1.764215751478932930e+02
5.392720634506453052e+02,1.610020421543997315e+02
5.396881684378757882e+02,1.511579050982547869e+02
5.401042734251061574e+02,1.449189983892177054e+02
5.405203784123366404e+02,1.448143381877967215e+02
5.409364833995670097e+02,1.554206193764408965e+02
5.413525883867974926e+02,1.675904725337165644e+02
5.417686933740278619e+02,1.820944824773775963e+02
5.421847983612583448e+02,2.031497716018897961e+02
5.426009033484887141e+02,2.226482710865971626e+02
5.430170083357191970e+02,2.458582616901282165e+02
5.434331133229496800e+02,2.635350391285055025e+02
5.438492183101800492e+02,2.880831410292969963e+02
5.442653232974105322e+02,3.077224686645099609e+02
5.446814282846409014e+02,3.251540218775563176e+02
5.450975332718713844e+02,3.505792207519311887e+02
5.455136382591018673e+02,3.698616272155447291e+02
5.459297432463322366e+02,3.880459916522563049e+02
5.463458482335627195e+02,4.080748613139704162e+02
5.467619532207932025e+02,4.180031827133852858e+02
5.471780582080235718e+02,4.378739174919916763e+02
5.475941631952540547e+02,4.500054569061955476e+02
5.480102681824845376e+02,4.505284614323898609e+02
5.484263731697149069e+02,4.610282691179899643e+02
5.488424781569453899e+02,4.717651402029836163e+02
5.492585831441757591e+02,4.714557540740427726e+02
5.496746881314062421e+02,4.872164196722084739e+02
5.500907931186366113e+02,4.862195238686838934e+02
5.505068981058669806e+02,4.845529078130876997e+02
5.509230030930974635e+02,4.883716189169423956e+02
5.513391080803279465e+02,4.844280267750921212e+02
5.517552130675583157e+02,4.815560402692009916e+02
5.521713180547887987e+02,4.686601007275424422e+02
5.525874230420192816e+02,4.595480391436796594e+02
5.530035280292496509e+02,4.501950318101698372e+02
5.534196330164801338e+02,4.438950429128591963e+02
5.538357380037105031e+02,4.231849206822537894e+02
5.542518429909409861e+02,4.142986044672655908e+02
5.546679479781714690e+02,3.964612236019843863e+02
5.550840529654018383e+02,3.811757443885841781e+02
5.555001579526323212e+02,3.608302811461686588e+02
5.559162629398628042e+02,3.437659249294545134e+02
5.563323679270931734e+02,3.246236397519645607e+02
5.567484729143236564e+02,3.030380646706215089e+02
5.571645779015541393e+02,2.813686048773052448e+02
5.575806828887845086e+02,2.593428462347407617e+02
5.579967878760149915e+02,2.411530116208098775e+02
5.584128928632452471e+02,2.166120581296857779e+02
5.588289978504757300e+02,2.017797924523912911e+02
5.592451028377062130e+02,1.792066021161344906e+02
5.596612078249365823e+02,1.684074291425105230e+02
5.600773128121670652e+02,1.550468926817511317e+02
5.604934177993975482e+02,1.480637995686946340e+02
5.609095227866279174e+02,1.469377079154556895e+02
5.613256277738584004e+02,1.523602862213129754e+02
5.617417327610888833e+02,1.580947934181626522e+02
5.621578377483192526e+02,1.709752828453708275e+02
5.625739427355497355e+02,1.876279919696315517e+02
5.629900477227801048e+02,2.043843871237928340e+02
5.634061527100105877e+02,2.241983705745654731e+02
5.638222576972410707e+02,2.441550161012708031e+02
5.642383626844714399e+02,2.700300698729966484e+02
5.646544676717019229e+02,2.860171369195098237e+02
5.650705726589324058e+02,3.037106242484628069e+02
5.654866776461627751e+02,3.226645904611668811e+02
5.659027826333932580e+02,3.466074053484711044e+02
5.663188876206237410e+02,3.657718693592249792e+02
5.667349926078541102e+02,3.796292991226692948e+02
5.671510975950845932e+02,3.893256532516979860e+02
5.675672025823148488e+02,4.031483482515407104e+02
5.679833075695453317e+02,4.183544608902759023e+02
5.683994125567758147e+02,4.336744626004751240e+02
5.688155175440061839e+02,4.415488918146268702e+02
5.692316225312366669e+02,4.464917157396098446e+02
5.696477275184671498e+02,4.478975543550195653e+02
5.700638325056975191e+02,4.562841812112551452e+02
5.704799374929280020e+02,4.554872014648890968e+02
5.708960424801584850e+02,4.582393945321786077e+02
5.713121474673888542e+02,4.635827374533877787e+02
5.717282524546193372e+02,4.618424953432241296e+02
5.721443574418497064e+02,4.495864893986694142e+02
5.725604624290801894e+02,4.518086684470953287e+02
5.729765674163106723e+02,4.446710465063466131e+02
5.733926724035410416e+02,4.365282063324104911e+02
5.738087773907715246e+02,4.231025692908568203e+02
5.742248823780020075e+02,4.128331368510541779e+02
5.746409873652323768e+02,4.032824936836987604e+02
5.750570923524628597e+02,3.898213014310406948e+02
5.754731973396933427e+02,3.688696831937439811e+02
5.758893023269235982e+02,3.555414599974060366e+02
5.763054073141540812e+02,3.432408839995839571e+02
5.767215123013844504e+02,3.176768963463042041e+02
5.771376172886149334e+02,3.024824204948825468e+02
5.775537222758454163e+02,2.825968830096263105e+02
5.779698272630757856e+02,2.611708654371395255e+02
5.783859322503062685e+02,2.426290905476930106e+02
5.788020372375367515e+02,2.229081864112575033e+02
5.792181422247671208e+02,2.008863426907147698e+02
5.796342472119976037e+02,1.853786916569647474e+02
5.800503521992280866e+02,1.700707600760202922e+02
5.804664571864584559e+02,1.569537191753696561e+02
5.808825621736889389e+02,1.516209838796218889e+02
5.812986671609193081e+02,1.457841387177479078e+02
5.817147721481497911e+02,1.479807724234719046e+02
5.821308771353802740e+02,1.547949996269635164e+02
5.825469821226106433e+02,1.622534825817716921e+02
5.829630871098411262e+02,1.766074383026710279e+02
5.833791920970716092e+02,1.925706727333423487e+02
5.837952970843019784e+02,2.080082087725952249e+02
5.842114020715324614e+02,2.302712504396717179e+02
5.846275070587629443e+02,2.430202094008789402e+02
5.850436120459931999e+02,2.706068424980131226e+02
5.854597170332236828e+02,2.828041564730309574e+02
5.858758220204540521e+02,3.045269314515829251e+02
5.862919270076845351e+02,3.236432662599679588e+02
5.867080319949150180e+02,3.382215984869907857e+02
5.871241369821453873e+02,3.512808399432458941e+02
5.875402419693758702e+02,3.694317703597310469e+02
5.879563469566063532e+02,3.761595134796100979e+02
5.883724519438367224e+02,3.894765207602731607e+02
5.887885569310672054e+02,4.040201858664647716e+02
5.892046619182976883e+02,4.099791294466143086e+02
5.896207669055280576e+02,4.262926734743116413e+02
5.900368718927585405e+02,4.335473896349270149e+02
5.904529768799890235e+02,4.336077259441349270e+02
5.908690818672193927e+02,4.343932641125098826e+02
5.912851868544498757e+02,4.447526416443305379e+02
5.917012918416802449e+02,4.425203071381309883e+02
5.921173968289107279e+02,4.404228731524114551e+02
5.925335018161412108e+02,4.387479835272834521e+02
5.929496068033715801e+02,4.342725445714039552e+02
5.933657117906019494e+02,4.280301547734788414e+02
5.937818167778324323e+02,4.187834772224084077e+02
5.941979217650628016e+02,4.097236038508680167e+02
5.946140267522932845e+02,4.024367238331580552e+02
5.950301317395237675e+02,3.858002722369178628e+02
5.954462367267541367e+02,3.762003426027508795e+02
5.958623417139846197e+02,3.653737101415398456e+02
5.962784467012149889e+02,3.537371742818721145e+02
5.966945516884454719e+02,3.293309764986475443e+02
5.971106566756759548e+02,3.182715814503031879e+02
5.975267616629063241e+02,2.964640353897714817e+02
5.979428666501368070e+02,2.788590271416791211e+02
5.983589716373672900e+02,2.615031230607762041e+02
5.987750766245976592e+02,2.423306425642603301e+02
5.991911816118281422e+02,2.256205232128298519e+02
5.996072865990586251e+02,2.060796034734441093e+02
6.000233915862889944e+02,1.881000956908241619e+02
6.004394965735194774e+02,1.763782160947287991e+02
6.008556015607498466e+02,1.629472054836632537e+02
6.012717065479803296e+02,1.525978274161179229e+02
6.016878115352108125e+02,1.466388370459822568e+02
6.021039165224410681e+02,1.473396819132756264e+02
6.025200215096715510e+02,1.507030207155752919e+02
6.029361264969020340e+02,1.553579828021291576e+02
6.033522314841324032e+02,1.678559883568337625e+02
6.037683364713628862e+02,1.829372136367395285e+02
6.041844414585933691e+02,1.949115155904921153e+02
6.046005464458237384e+02,2.172988241255926312e+02
6.050166514330542213e+02,2.330451639905527657e+02
6.054327564202845906e+02,2.489490589667794609e+02
6.058488614075150736e+02,2.663557128343771865e+02
6.062649663947455565e+02,2.870096733759502854e+02
6.066810713819759258e+02,3.000733376374707291e+02
6.070971763692064087e+02,3.172080367782002668e+02
6.075132813564368917e+02,3.305047091891379409e+02
6.079293863436672609e+02,3.502730563318589816e+02
6.083454913308977439e+02,3.608420314312986648e+02
6.087615963181282268e+02,3.706608260712258129e+02
6.091777013053585961e+02,3.778344027487757444e+02
6.095938062925890790e+02,3.913600453686711944e+02
6.100099112798194483e+02,3.963857330893764015e+02
6.104260162670498175e+02,4.029194998090603121e+02
6.108421212542803005e+02,4.143302618400979895e+02
6.112582262415106698e+02,4.141528473926814513e+02
6.116743312287411527e+02,4.188375428218487286e+02
6.120904362159716356e+02,4.194815307486693996e+02
6.125065412032020049e+02,4.209562008517766571e+02
6.129226461904324879e+02,4.160552779624144932e+02
6.133387511776629708e+02,4.155847956982174196e+02
6.137548561648933401e+02,4.135800784409761945e+02
6.141709611521238230e+02,4.097778956361834730e+02
6.145870661393541923e+02,3.959640241515110120e+02
6.150031711265846752e+02,3.909010420712429550e+02
6.154192761138151582e+02,3.803746545970764714e+02
6.158353811010455274e+02,3.654167150727967055e+02
6.162514860882760104e+02,3.555627521645490674e+02
6.166675910755064933e+02,3.410851282670269029e+02
6.170836960627368626e+02,3.253090053932436945e+02
6.174998010499673455e+02,3.075391991836860370e+02
6.179159060371978285e+02,2.954045758688267824e+02
6.183320110244281977e+02,2.799935095602438082e+02
6.187481160116586807e+02,2.619144649424515023e+02
6.191642209988889363e+02,2.474325322351340617e+02
6.195803259861194192e+02,2.258052206630838441e+02
6.199964309733499022e+02,2.109470495963391556e+02
6.204125359605802714e+02,1.934766463307876450e+02
6.208286409478107544e+02,1.804471867324131438e+02
6.212447459350412373e+02,1.652875835236979469e+02
6.216608509222716066e+02,1.562015602479483789e+02
6.220769559095020895e+02,1.502591935541088617e+02
6.224930608967325725e+02,1.476388991882714947e+02
6.229091658839629417e+02,1.489470508372001802e+02
6.233252708711934247e+02,1.531925987123022423e+02
6.237413758584237939e+02,1.604226954063038022e+02
6.241574808456542769e+02,1.737031460654674504e+02
6.245735858328847598e+02,1.841101823128215642e+02
6.249896908201151291e+02,2.045005603650208172e+02
6.254057958073456120e+02,2.145120785176487459e+02
6.258219007945760950e+02,2.320957059053618821e+02
6.262380057818064643e+02,2.531476301226399812e+02
6.266541107690369472e+02,2.705544306485574566e+02
6.270702157562674302e+02,2.832113286871864943e+02
6.274863207434977994e+02,2.932347624590678947e+02
6.279024257307281687e+02,3.153677178997677970e+02
6.283185307179585379e+02,3.268473652995797352e+02
6.287346357051890209e+02,3.381886170084513878e+02
6.291507406924195038e+02,3.521278785294105660e+02
6.295668456796498731e+02,3.667407732593713945e+02
6.299829506668803560e+02,3.662464408502436299e+02
6.303990556541108390e+02,3.844353668177118948e+02
6.308151606413412082e+02,3.852910744133457683e+02
6.312312656285716912e+02,3.909643529820974095e+02
6.316473706158021741e+02,4.013205639288706834e+02
6.320634756030325434e+02,4.013127275028178360e+02
6.324795805902630264e+02,3.998159816139406644e+02
6.328956855774933956e+02,4.103247198375036646e+02
6.333117905647238786e+02,4.066847573467076700e+02
6.337278955519543615e+02,3.997016408441094200e+02
6.341440005391847308e+02,3.914325132135976446e+02
6.345601055264152137e+02,3.898642526779316313e+02
6.349762105136456967e+02,3.822545815896789350e+02
6.353923155008760659e+02,3.725711099139551266e+02
6.358084204881065489e+02,3.687989880332815460e+02
6.362245254753370318e+02,3.593159402802489240e+02
6.366406304625672874e+02,3.427906712628140440e+02
6.370567354497977703e+02,3.368279825257394577e+02
6.374728404370281396e+02,3.168948637647961277e+02
6.378889454242586226e+02,3.078157799335821210e+02
6.383050504114891055e+02,2.916096329544031960e+02
6.387211553987194748e+02,2.772253840116271704e+02
6.391372603859499577e+02,2.624880754579946256e+02
6.395533653731804407e+02,2.397003984502515834e+02
6.399694703604108099e+02,2.285851021501135278e+02
6.403855753476412929e+02,2.098733381254362484e+02
6.408016803348717758e+02,1.977319702591900068e+02
6.412177853221021451e+02,1.842915366630818141e+02
6.416338903093326280e+02,1.707009066983931120e+02
6.420499952965629973e+02,1.641468484863439983e+02
6.424661002837934802e+02,1.540142492616677146e+02
6.428822052710239632e+02,1.496045763894704237e+02
6.432983102582543324e+02,1.475072069470645033e+02
6.437144152454848154e+02,1.510164137313636559e+02
6.441305202327152983e+02,1.564984073163388700e+02
6.445466252199456676e+02,1.669449876732020073e+02
6.449627302071761505e+02,1.768182647788325141e+02
6.453788351944065198e+02,1.904100587580213073e+02
6.457949401816368891e+02,2.030123293685165891e+02
6.462110451688673720e+02,2.169790417316635569e+02
6.466271501560977413e+02,2.346148860715627507e+02
6.470432551433282242e+02,2.498865080174600735e+02
6.474593601305587072e+02,2.655692916343971319e+02
6.478754651177890764e+02,2.836002358660840059e+02
6.482915701050195594e+02,2.901777787510139888e+02
6.487076750922500423e+02,3.076790840636006124e+02
6.491237800794804116e+02,3.246242979628428316e+02
6.495398850667108945e+02,3.305608586803951994e+02
6.499559900539413775e+02,3.378302544203715456e+02
6.503720950411717467e+02,3.548064996341294659e+02
6.507882000284022297e+02,3.625717848376445431e+02
6.512043050156325990e+02,3.690874536470244607e+02
6.516204100028630819e+02,3.778095088987743111e+02
6.520365149900935648e+02,3.807786342737014138e+02
6.524526199773239341e+02,3.832799950024083842e+02
6.528687249645544171e+02,3.875534622986137379e+02
6.532848299517849000e+02,3.843403172273342534e+02
6.537009349390151556e+02,3.878550387410711551e+02
6.541170399262456385e+02,3.863879489770812938e+02
6.545331449134761215e+02,3.827685785507765104e+02
6.549492499007064907e+02,3.752320965007316431e+02
6.553653548879369737e+02,3.694575874885825328e+02
6.557814598751673429e+02,3.640103431818106401e+02
6.561975648623978259e+02,3.542722302497257374e+02
6.566136698496283088e+02,3.501609182315873454e+02
6.570297748368586781e+02,3.366742392618487543e+02
6.574458798240891610e+02,3.315335444867406522e+02
6.578619848113196440e+02,3.153212224305787004e+02
6.582780897985500133e+02,2.990140326246529412e+02
6.586941947857804962e+02,2.889324076148785707e+02
6.591102997730109792e+02,2.755538893682399362e+02
6.595264047602413484e+02,2.609513374222519815e+02
6.599425097474718314e+02,2.464080269048679384e+02
6.603586147347022006e+02,2.279432453591774390e+02
6.607747197219326836e+02,2.158926982276847752e+02
6.611908247091631665e+02,2.022528273667543033e+02
6.616069296963935358e+02,1.848363334671597613e+02
6.620230346836240187e+02,1.751476140838530284e+02
6.624391396708545017e+02,1.656052166088138904e+02
6.628552446580847572e+02,1.564994842471773495e+02
6.632713496453152402e+02,1.510736572975158936e+02
6.636874546325457231e+02,1.493844294112023476e+02
6.641035596197760924e+02,1.502250460445207807e+02
6.645196646070065754e+02,1.539773449171853485e+02
6.649357695942369446e+02,1.592471613771469663e+02
6.653518745814674276e+02,1.689593016174715103e+02
6.657679795686979105e+02,1.819261413752664964e+02
6.661840845559282798e+02,1.936002918451056871e+02
6.666001895431587627e+02,2.085981921179547101e+02
6.670162945303892457e+02,2.241722028764007746e+02
6.674323995176196149e+02,2.395390368101437559e+02
6.678485045048500979e+02,2.481045450783773845e+02
6.682646094920805808e+02,2.679050710898363263e+02
6.686807144793109501e+02,2.754919930889603847e+02
6.690968194665414330e+02,2.927506115917399825e+02
6.695129244537718023e+02,3.046194719948729244e+02
6.699290294410022852e+02,3.141834494907003545e+02
6.703451344282327682e+02,3.227762900072675620e+02
6.707612394154631374e+02,3.358557826059064269e+02
6.711773444026935067e+02,3.441140127210563264e+02
6.715934493899239897e+02,3.498219430416870068e+02
6.720095543771543589e+02,3.630200982236602272e+02
6.724256593643848419e+02,3.627193058663700640e+02
6.728417643516153248e+02,3.662127597396483907e+02
6.732578693388456941e+02,3.705671987735508424e+02
6.736739743260761770e+02,3.715248297662699883e+02
6.740900793133065463e+02,3.720310499490367420e+02
6.745061843005370292e+02,3.712636344102815542e+02
6.749222892877675122e+02,3.723818599541601202e+02
6.753383942749978814e+02,3.654360369549800680e+02
6.757544992622283644e+02,3.618744951452032979e+02
6.761706042494588473e+02,3.527579851655833636e+02
6.765867092366892166e+02,3.496165618777259283e+02
6.770028142239196995e+02,3.432835541455999646e+02
6.774189192111501825e+02,3.289629993280333906e+02
6.778350241983805518e+02,3.197599593970496130e+02
6.782511291856110347e+02,3.058317607571009376e+02
6.786672341728414040e+02,2.989563534293042721e+02
6.790833391600718869e+02,2.848408912204262720e+02
6.794994441473023699e+02,2.705868712443294157e+02
6.799155491345326254e+02,2.593984657522830730e+02
6.803316541217631084e+02,2.441724277198927666e+02
6.807477591089935913e+02,2.311298864200366552e+02
6.811638640962239606e+02,2.168940360869182200e+02
6.815799690834544435e+02,2.034325168416355325e+02
6.819960740706849265e+02,1.876226039256224851e+02
6.824121790579152957e+02,1.785301766314418899e+02
6.828282840451457787e+02,1.697765692266235646e+02
6.832443890323761480e+02,1.597833765166266744e+02
6.836604940196066309e+02,1.537511701864880536e+02
6.840765990068371138e+02,1.512104066659902912e+02
6.844927039940674831e+02,1.495074652074529524e+02
6.849088089812979661e+02,1.516103965024281308e+02
6.853249139685284490e+02,1.555722576289779795e+02
6.857410189557588183e+02,1.642237528027023075e+02
6.861571239429893012e+02,1.748195604113359423e+02
6.865732289302197842e+02,1.885167737006308073e+02
6.869893339174501534e+02,1.982087932540127326e+02
6.874054389046806364e+02,2.124255012548536286e+02
6.878215438919110056e+02,2.259152375365167131e+02
6.882376488791414886e+02,2.359188888606732633e+02
6.886537538663718578e+02,2.470685480757144603e+02
6.890698588536022271e+02,2.661690563035329546e+02
6.894859638408327100e+02,2.787162626212340797e+02
6.899020688280631930e+02,2.917931018149561737e+02
6.903181738152935623e+02,3.000426097666255032e+02
6.907342788025240452e+02,3.108713961872908840e+02
6.911503837897545282e+02,3.203148487890520641e+02
6.915664887769848974e+02,3.332441297490739771e+02
6.919825937642153804e+02,3.345203055104582290e+02
6.923986987514458633e+02,3.433778573609491218e+02
6.928148037386762326e+02,3.491168595722710961e+02
6.932309087259067155e+02,3.493740396468338076e+02
6.936470137131370848e+02,3.589675857806673207e+02
6.940631187003675677e+02,3.562841206638780136e+02
6.944792236875980507e+02,3.557172071321261910e+02
6.948953286748284199e+02,3.504208873488628342e+02
6.953114336620589029e+02,3.600419837721344152e+02
6.957275386492893858e+02,3.537853686931460402e+02
6.961436436365197551e+02,3.452089190672399468e+02
6.965597486237502380e+02,3.441704004429111023e+02
6.969758536109807210e+02,3.393507864465839248e+02
6.973919585982109766e+02,3.285924626117263188e+02
6.978080635854414595e+02,3.242956659626911460e+02
6.982241685726718288e+02,3.123904347718668646e+02
6.986402735599023117e+02,3.034497160337373884e+02
6.990563785471327947e+02,2.932637487609068216e+02
6.994724835343631639e+02,2.814470195492481253e+02
6.998885885215936469e+02,2.713522483080996608e+02
7.003046935088241298e+02,2.593585660715251606e+02
7.007207984960544991e+02,2.466089564191383090e+02
7.011369034832849820e+02,2.309230331644639591e+02
7.015530084705154650e+02,2.202050222088568887e+02
7.019691134577458342e+02,2.054906072608091847e+02
7.023852184449763172e+02,1.954448254176053581e+02
7.028013234322066864e+02,1.830925698263766890e+02
7.032174284194371694e+02,1.727593326958630655e+02
7.036335334066676523e+02,1.606770501367014674e+02
7.040496383938980216e+02,1.562624618756670429e+02
7.044657433811285046e+02,1.518815354292970312e+02
7.048818483683589875e+02,1.490896887378937379e+02
7.052979533555893568e+02,1.490576606710896215e+02
7.057140583428198397e+02,1.533168964953768523e+02
7.061301633300502090e+02,1.606993930896576899e+02
7.065462683172805782e+02,1.674062505416648605e+02
7.069623733045110612e+02,1.754617803819264452e+02
7.073784782917414304e+02,1.897563274388535888e+02
7.077945832789719134e+02,1.994086274394963993e+02
7.082106882662023963e+02,2.120517136465436749e+02
7.086267932534327656e+02,2.250137814740342321e+02
7.090428982406632485e+02,2.379162343090189609e+02
7.094590032278937315e+02,2.520240218600028470e+02
7.098751082151241008e+02,2.632764732351050156e+02
7.102912132023545837e+02,2.764124701100209336e+02
7.107073181895850666e+02,2.817724743810906602e+02
7.111234231768154359e+02,2.936371749667209201e+02
7.115395281640459189e+02,3.099139407187525990e+02
7.119556331512762881e+02,3.090876029646887559e+02
7.123717381385067711e+02,3.224832371700659905e+02
7.127878431257372540e+02,3.212436871683782442e+02
7.132039481129676233e+02,3.321220302310430270e+02
7.136200531001981062e+02,3.392316401982937464e+02
7.140361580874285892e+02,3.369765662750398292e+02
7.144522630746588447e+02,3.502007465221214488e+02
7.148683680618893277e+02,3.479616706199706755e+02
7.152844730491198106e+02,3.497999263306409148e+02
7.157005780363501799e+02,3.489702318541600334e+02
7.161166830235806628e+02,3.461939760902773742e+02
7.165327880108110321e+02,3.410119196676972138e+02
7.169488929980415151e+02,3.385472209481937966e+02
7.173649979852719980e+02,3.304653221485597783e+02
7.177811029725023673e+02,3.249340670043949899e+02
7.181972079597328502e+02,3.148948895378313750e+02
7.186133129469633332e+02,3.077999395932362745e+02
7.190294179341937024e+02,2.994547359438091121e+02
7.194455229214241854e+02,2.872986959364757240e+02
7.198616279086546683e+02,2.780879594335033858e+02
7.202777328958850376e+02,2.664270445839546255e+02
7.206938378831155205e+02,2.548233246354037647e+02
7.211099428703458898e+02,2.430655524075889389e+02
7.215260478575763727e+02,2.304998596700522171e+02
7.219421528448068557e+02,2.191481545565667375e+02
7.223582578320372249e+02,2.085849121324682756e+02
7.227743628192677079e+02,1.969169976095438130e+02
7.231904678064981908e+02,1.848523499846378684e+02
7.236065727937284464e+02,1.749890867759014839e+02
7.240226777809589294e+02,1.656902995394953280e+02
7.244387827681894123e+02,1.589643633642173768e+02
7.248548877554197816e+02,1.516445611521643855e+02
7.252709927426502645e+02,1.496955138959573901e+02
7.256870977298806338e+02,1.524885538117967769e+02
7.261032027171111167e+02,1.519509315341998956e+02
7.265193077043415997e+02,1.560545603862051109e+02
7.269354126915719689e+02,1.638195025124799429e+02
7.273515176788024519e+02,1.727401242879624021e+02
7.277676226660329348e+02,1.848229454661102693e+02
7.281837276532633041e+02,1.909160210968121305e+02
7.285998326404937870e+02,2.021123391368581395e+02
7.290159376277242700e+02,2.162588179888707600e+02
7.294320426149546392e+02,2.285806008071878352e+02
7.298481476021851222e+02,2.399181690367979911e+02
7.302642525894154915e+02,2.472736974140856603e+02
7.306803575766459744e+02,2.644963329813361383e+02
7.310964625638764574e+02,2.707661184498745683e+02
7.315125675511067129e+02,2.830536381098233960e+02
7.319286725383371959e+02,2.926598066167298953e+02
7.323447775255676788e+02,2.988376067464107564e+02
7.327608825127980481e+02,3.102770970426845452e+02
7.331769875000285310e+02,3.176048704505963656e+02
7.335930924872590140e+02,3.168039318156389754e+02
7.340091974744893832e+02,3.213686106860426435e+02
7.344253024617198662e+02,3.291895039798762355e+02
7.348414074489502354e+02,3.286045133859863085e+02
7.352575124361807184e+02,3.358930019935291966e+02
7.356736174234112013e+02,3.330828969477693704e+02
7.360897224106415706e+02,3.347669710225591757e+02
7.365058273978720536e+02,3.308674941026908982e+02
7.369219323851025365e+02,3.336569440567691913e+02
7.373380373723329058e+02,3.286659598942339926e+02
7.377541423595633887e+02,3.191320933861844082e+02
7.381702473467938717e+02,3.156302516310804549e+02
7.385863523340242409e+02,3.126552299521438840e+02
7.390024573212547239e+02,3.045934580876767086e+02
7.394185623084850931e+02,2.953710887764886479e+02
7.398346672957155761e+02,2.860149388178603544e+02
7.402507722829460590e+02,2.765168786665062726e+02
7.406668772701763146e+02,2.664172433376415938e+02
7.410829822574067975e+02,2.573739531991382705e+02
7.414990872446372805e+02,2.433175402777534941e+02
7.419151922318676498e+02,2.313856376817052478e+02
7.423312972190981327e+02,2.194733239357862260e+02
7.427474022063286156e+02,2.089823327048533201e+02
7.431635071935589849e+02,1.974024681543810686e+02
7.435796121807894679e+02,1.863669778909913930e+02
7.439957171680198371e+02,1.785283718729068028e+02
7.444118221552503201e+02,1.697335276918876161e+02
7.448279271424808030e+02,1.611070684083077822e+02
7.452440321297111723e+02,1.555958439331764680e+02
7.456601371169416552e+02,1.519813069520605779e+02
7.460762421041721382e+02,1.513996492095308781e+02
7.464923470914025074e+02,1.526776878014686361e+02
7.469084520786329904e+02,1.561246990617183030e+02
7.473245570658634733e+02,1.614092939385915599e+02
7.477406620530938426e+02,1.664392055338250032e+02
7.481567670403243255e+02,1.741626672126941457e+02
7.485728720275546948e+02,1.842770100462384448e+02
7.489889770147850641e+02,1.940259003413297307e+02
7.494050820020155470e+02,2.062940937378385229e+02
7.498211869892459163e+02,2.153050017027427998e+02
7.502372919764763992e+02,2.321364317125450896e+02
7.506533969637068822e+02,2.414869218468041083e+02
7.510695019509372514e+02,2.484314371576225824e+02
7.514856069381677344e+02,2.569223298777993705e+02
7.519017119253982173e+02,2.711143427290317618e+02
7.523178169126285866e+02,2.778799969176145055e+02
7.527339218998590695e+02,2.895201297593383742e+02
7.531500268870894388e+02,2.994095898357935539e+02
7.535661318743199217e+02,2.995949768966561351e+02
7.539822368615504047e+02,3.044315658318483884e+02
7.543983418487807739e+02,3.069922447753722281e+02
7.548144468360112569e+02,3.197090389987379808e+02
7.552305518232417398e+02,3.250059788258504909e+02
7.556466568104721091e+02,3.191593189123860270e+02
7.560627617977025920e+02,3.232113192118873144e+02
7.564788667849330750e+02,3.237431974423883503e+02
7.568949717721634443e+02,3.201459512401659140e+02
7.573110767593939272e+02,3.227675487019956790e+02
7.577271817466241828e+02,3.186296611662868372e+02
7.581432867338546657e+02,3.154393817740178747e+02
7.585593917210851487e+02,3.120192820347139104e+02
7.589754967083155179e+02,3.045032259120932281e+02
7.593916016955460009e+02,2.978503321311383161e+02
7.598077066827764838e+02,2.913745784565729764e+02
7.602238116700068531e+02,2.794380092906875461e+02
7.606399166572373360e+02,2.738232879692440633e+02
7.610560216444678190e+02,2.661889484345679762e+02
7.614721266316981882e+02,2.539253811477687748e+02
7.618882316189286712e+02,2.423319772896261952e+02
7.623043366061590405e+02,2.312045573620344499e+02
7.627204415933895234e+02,2.207224572492448544e+02
7.631365465806200064e+02,2.113980987990615290e+02
7.635526515678503756e+02,2.005142663947856647e+02
7.639687565550808586e+02,1.904124776285088956e+02
7.643848615423113415e+02,1.790541900278360572e+02
7.648009665295417108e+02,1.713792496360900373e+02
7.652170715167721937e+02,1.637932998032763976e+02
7.656331765040026767e+02,1.579214566775813466e+02
7.660492814912330459e+02,1.541623588490129464e+02
7.664653864784634152e+02,1.510686624844045127e+02
7.668814914656937844e+02,1.526412116282882891e+02
7.672975964529242674e+02,1.547525044325503245e+02
7.677137014401547503e+02,1.581143577140568937e+02
7.681298064273851196e+02,1.628086308258994563e+02
7.685459114146156026e+02,1.715721003799164350e+02
7.689620164018460855e+02,1.758980920795908958e+02
7.693781213890764548e+02,1.893941205851258474e+02
7.697942263763069377e+02,1.963383814665512830e+02
7.702103313635374207e+02,2.037797669893272428e+02
7.706264363507677899e+02,2.175279127012924505e+02
7.710425413379982729e+02,2.309337360029676347e+02
7.714586463252286421e+02,2.417806028001421907e+02
7.718747513124591251e+02,2.479661419458640523e+02
7.722908562996896080e+02,2.556614812831869301e+02
7.727069612869199773e+02,2.654942911329531512e+02
7.731230662741504602e+02,2.756466609695877992e+02
7.735391712613809432e+02,2.850818729817338522e+02
7.739552762486113124e+02,2.911716606712736279e+02
7.743713812358417954e+02,3.008950681851752051e+02
7.747874862230722783e+02,3.042676052081037028e+02
7.752035912103025339e+02,3.057453952763873417e+02
7.756196961975330169e+02,3.057959575177430906e+02
7.760358011847633861e+02,3.076007919557562218e+02
7.764519061719938691e+02,3.098433943215262616e+02
7.768680111592243520e+02,3.157251401064561946e+02
7.772841161464547213e+02,3.152261642948785152e+02
7.777002211336852042e+02,3.134359069100153192e+02
7.781163261209156872e+02,3.104775791158827474e+02
7.785324311081460564e+02,3.052800852231655426e+02
7.789485360953765394e+02,3.052144135349412863e+02
7.793646410826070223e+02,2.992351736129699589e+02
7.797807460698373916e+02,2.916649227966623812e+02
7.801968510570678745e+02,2.877390123734014651e+02
7.806129560442982438e+02,2.790024456005090769e+02
7.810290610315287267e+02,2.705271030070032907e+02
7.814451660187592097e+02,2.589433567756049115e+02
7.818612710059895790e+02,2.518326693032028913e+02
7.822773759932200619e+02,2.396190987774794223e+02
7.826934809804505448e+02,2.304593794993379561e+02
7.831095859676809141e+02,2.203808856978332358e+02
7.835256909549113971e+02,2.129910633735373438e+02
7.839417959421417663e+02,1.991511400803363472e+02
7.843579009293721356e+02,1.915834415184295096e+02
7.847740059166026185e+02,1.853008796810314607e+02
7.851901109038329878e+02,1.754910949448436668e+02
7.856062158910634707e+02,1.683333401083754097e+02
7.860223208782939537e+02,1.602500707400543831e+02
7.864384258655243229e+02,1.551280319343075291e+02
7.868545308527548059e+02,1.536274670608043778e+02
7.872706358399852888e+02,1.526588587857964399e+02
7.876867408272156581e+02,1.535829320453497360e+02
7.881028458144461410e+02,1.545066304403716231e+02
7.885189508016766240e+02,1.607959396701485559e+02
7.889350557889069933e+02,1.647310624759064979e+02
7.893511607761374762e+02,1.737457968538024033e+02
7.897672657633678455e+02,1.806645333331226766e+02
7.901833707505983284e+02,1.890078256617586305e+02
7.905994757378288114e+02,1.997378954245380100e+02
7.910155807250591806e+02,2.092487445265453516e+02
7.914316857122896636e+02,2.225230175354863036e+02
7.918477906995201465e+02,2.297215064607896693e+02
7.922638956867504021e+02,2.404929687542309580e+02
7.926800006739808850e+02,2.486788757438762332e+02
7.930961056612113680e+02,2.554573708254995381e+02
7.935122106484417372e+02,2.654539645600636959e+02
7.939283156356722202e+02,2.715302787810040854e+02
7.943444206229025895e+02,2.820316497931367508e+02
7.947605256101330724e+02,2.835529215351783137e+02
7.951766305973635554e+02,2.903714476008118481e+02
7.955927355845939246e+02,2.966544683988054771e+02
7.960088405718244076e+02,2.992216607560878288e+02
7.964249455590548905e+02,3.027075578032556109e+02
7.968410505462852598e+02,3.038141600031349867e+02
7.972571555335157427e+02,3.045830903154929388e+02
7.976732605207462257e+02,3.035798694848492687e+02
7.980893655079765949e+02,3.050816978887941104e+02
7.985054704952070779e+02,2.983890613871206483e+02
7.989215754824374471e+02,2.978229303181895489e+02
7.993376804696679301e+02,2.948114903298767899e+02
7.997537854568984130e+02,2.887962132699421431e+02
8.001698904441287823e+02,2.853037202855841201e+02
8.005859954313592652e+02,2.808525952250554383e+02
8.010021004185897482e+02,2.751522337473260222e+02
8.014182054058200038e+02,2.650450684224117595e+02
8.018343103930504867e+02,2.593187858803207178e+02
8.022504153802809697e+02,2.500166162285572682e+02
8.026665203675113389e+02,2.439848164522725256e+02
8.030826253547418219e+02,2.329805600872145135e+02
8.034987303419723048e+02,2.245306757127622177e+02
8.039148353292026741e+02,2.151779475157436536e+02
8.043309403164331570e+02,2.029150427140105819e+02
8.047470453036635263e+02,1.949601110569736306e+02
8.051631502908940092e+02,1.855474066598366960e+02
8.055792552781244922e+02,1.780953296254425027e+02
8.059953602653548614e+02,1.689682017250731576e+02
8.064114652525853444e+02,1.651349994033538167e+02
8.068275702398158273e+02,1.592354150688218510e+02
8.072436752270461966e+02,1.535139413227488774e+02
8.076597802142766795e+02,1.535895295881933862e+02
8.080758852015071625e+02,1.540587288953294092e+02
8.084919901887375318e+02,1.549048493656733569e+02
8.089080951759680147e+02,1.589181072815135565e+02
8.093242001631983840e+02,1.631407017532496013e+02
8.097403051504287532e+02,1.685009642383723758e+02
8.101564101376592362e+02,1.770314047474512620e+02
8.105725151248896054e+02,1.852436616280081694e+02
8.109886201121200884e+02,1.923640264279850669e+02
8.114047250993505713e+02,2.009688706009252996e+02
8.118208300865809406e+02,2.127260609646517366e+02
8.122369350738114235e+02,2.212866810466765344e+02
8.126530400610419065e+02,2.330372543252120749e+02
8.130691450482722757e+02,2.385436726589550460e+02
8.134852500355027587e+02,2.461771593969081380e+02
8.139013550227331280e+02,2.589258788199736045e+02
8.143174600099636109e+02,2.614630040988274686e+02
8.147335649971940938e+02,2.690776259470932246e+02
8.151496699844244631e+02,2.782869940830698852e+02
8.155657749716549461e+02,2.796284855035801797e+02
8.159818799588854290e+02,2.864775482908871709e+02
8.163979849461157983e+02,2.903617955112684399e+02
8.168140899333462812e+02,2.931771856993468077e+02
8.172301949205767642e+02,2.943986170849986479e+02
8.176462999078071334e+02,2.961079308663546499e+02
8.180624048950376164e+02,2.983269096134740153e+02
8.184785098822678719e+02,2.976411384123899779e+02
8.188946148694983549e+02,2.946162283049419557e+02
8.193107198567288378e+02,2.922628297287487271e+02
8.197268248439592071e+02,2.919485267019348953e+02
8.201429298311896900e+02,2.885231494339248570e+02
8.205590348184201730e+02,2.812814348731940868e+02
8.209751398056505423e+02,2.771937699214631152e+02
8.213912447928810252e+02,2.720479286481117356e+02
8.218073497801115082e+02,2.660364063514040822e+02
8.222234547673418774e+02,2.566927325142609106e+02
8.226395597545723604e+02,2.514862953471364619e+02
8.230556647418027296e+02,2.386928344202713390e+02
8.234717697290332126e+02,2.341885200192436685e+02
8.238878747162636955e+02,2.215521054376619929e+02
8.243039797034940648e+02,2.152807267096196995e+02
8.247200846907245477e+02,2.044176813272516426e+02
8.251361896779550307e+02,1.930460169966874560e+02
8.255522946651853999e+02,1.878299850194010787e+02
8.259683996524158829e+02,1.787710727670260269e+02
8.263845046396463658e+02,1.718692160584720625e+02
8.268006096268767351e+02,1.677957766842397120e+02
8.272167146141071044e+02,1.616612773116512187e+02
8.276328196013374736e+02,1.564615175380961887e+02
8.280489245885679566e+02,1.549089676542610050e+02
8.284650295757984395e+02,1.541830797564387581e+02
8.288811345630288088e+02,1.563168761016001440e+02
8.292972395502592917e+02,1.562633166559631661e+02
8.297133445374897747e+02,1.615334465424965913e+02
8.301294495247201439e+02,1.653761754447091903e+02
8.305455545119506269e+02,1.725781892281790988e+02
8.309616594991811098e+02,1.792792565736378094e+02
8.313777644864114791e+02,1.911165050216592931e+02
8.317938694736419620e+02,1.944334430257704867e+02
8.322099744608723313e+02,2.049580191917234799e+02
8.326260794481028142e+02,2.141553031752331719e+02
8.330421844353332972e+02,2.216271879362267043e+02
8.334582894225636664e+02,2.296490550181012509e+02
8.338743944097941494e+02,2.365414926894656844e+02
8.342904993970246323e+02,2.460562191158118424e+02
8.347066043842550016e+02,2.522926020553212538e+02
8.351227093714854846e+02,2.625701940793462086e+02
8.355388143587159675e+02,2.684724539765605300e+02
8.359549193459462231e+02,2.717167251708690969e+02
8.363710243331767060e+02,2.756798603869706312e+02
8.367871293204070753e+02,2.787348198343820513e+02
8.372032343076375582e+02,2.824798172532969147e+02
8.376193392948680412e+02,2.878223754422675711e+02
8.380354442820984104e+02,2.876841566275264199e+02
8.384515492693288934e+02,2.888254371851829774e+02
8.388676542565593763e+02,2.868784084776347640e+02
8.392837592437897456e+02,2.885616309687303556e+02
8.396998642310202285e+02,2.852083329566046359e+02
8.401159692182507115e+02,2.837515118462381452e+02
8.405320742054810808e+02,2.813834643063790395e+02
8.409481791927115637e+02,2.801277583350849341e+02
8.413642841799419330e+02,2.739983474835999004e+02
8.417803891671724159e+02,2.682513534022973545e+02
8.421964941544028989e+02,2.605103493438891746e+02
8.426125991416332681e+02,2.554499803650989236e+02
8.430287041288637511e+02,2.469526331048770089e+02
8.434448091160942340e+02,2.366034335465841139e+02
8.438609141033246033e+02,2.314101629763386256e+02
8.442770190905549725e+02,2.238506766902914080e+02
8.446931240777854555e+02,2.143240039734207585e+02
8.451092290650158247e+02,2.064938573625495337e+02
8.455253340522463077e+02,2.000289945793376774e+02
8.459414390394766770e+02,1.909747181951300945e+02
8.463575440267071599e+02,1.809942650266897601e+02
8.467736490139376428e+02,1.749223334253235294e+02
8.471897540011680121e+02,1.680422402042318311e+02
8.476058589883984951e+02,1.642358459251399267e+02
8.480219639756289780e+02,1.573629424016059204e+02
8.484380689628593473e+02,1.559480218032631740e+02
8.488541739500898302e+02,1.525190764536530992e+02
8.492702789373203132e+02,1.563126852844912662e+02
8.496863839245506824e+02,1.567495159137612291e+02
8.501024889117811654e+02,1.593493673742788985e+02
8.505185938990115346e+02,1.657123997322672153e+02
8.509346988862420176e+02,1.700047815099449622e+02
8.513508038734725005e+02,1.775870934017726199e+02
8.517669088607028698e+02,1.827140847655483356e+02
8.521830138479333527e+02,1.902735622248059144e+02
8.525991188351638357e+02,1.962037333255305498e+02
8.530152238223940913e+02,2.052319615914285293e+02
8.534313288096245742e+02,2.143006138946791168e+02
8.538474337968550572e+02,2.239418827782864980e+02
8.542635387840854264e+02,2.307578332953061135e+02
8.546796437713159094e+02,2.380985058870437001e+02
8.550957487585462786e+02,2.451371673835155320e+02
8.555118537457767616e+02,2.519450148739316546e+02
8.559279587330072445e+02,2.602902798900219636e+02
8.563440637202376138e+02,2.647197657399690911e+02
8.567601687074680967e+02,2.674896928516116645e+02
8.571762736946985797e+02,2.712607079924065943e+02
8.575923786819289489e+02,2.783264711457570684e+02
8.580084836691594319e+02,2.783780994880705180e+02
8.584245886563899148e+02,2.840642418442287749e+02
8.588406936436202841e+02,2.835243451699091111e+02
8.592567986308507670e+02,2.818004087911738225e+02
8.596729036180811363e+02,2.841061932945580111e+02
8.600890086053116192e+02,2.833434997979480841e+02
8.605051135925421022e+02,2.774342283284395876e+02
8.609212185797724715e+02,2.778423012717137794e+02
8.613373235670029544e+02,2.684986686391189323e+02
8.617534285542333237e+02,2.687988581616100419e+02
8.621695335414636929e+02,2.618963910715013981e+02
8.625856385286941759e+02,2.584366207486604026e+02
8.630017435159246588e+02,2.502029240553450222e+02
8.634178485031550281e+02,2.456980496469219588e+02
8.638339534903855110e+02,2.383356200147140100e+02
8.642500584776158803e+02,2.290650877312816931e+02
8.646661634648463632e+02,2.248624290272076109e+02
8.650822684520768462e+02,2.162814407109994193e+02
8.654983734393072154e+02,2.063078290751188888e+02
8.659144784265376984e+02,1.999679191391189761e+02
8.663305834137681813e+02,1.932580352615463823e+02
8.667466884009985506e+02,1.827703263308742976e+02
8.671627933882290336e+02,1.773052727473674395e+02
8.675788983754595165e+02,1.716586525951088049e+02
8.679950033626898858e+02,1.664515919693975832e+02
8.684111083499203687e+02,1.622546445382784555e+02
8.688272133371507380e+02,1.565005306162019565e+02
8.692433183243812209e+02,1.577268884556686714e+02
8.696594233116117039e+02,1.564359383318005143e+02
8.700755282988419594e+02,1.569559521746489565e+02
8.704916332860724424e+02,1.589114970389116763e+02
8.709077382733029253e+02,1.608351787093169492e+02
8.713238432605332946e+02,1.672936841948813083e+02
8.717399482477637775e+02,1.722727089961856279e+02
8.721560532349942605e+02,1.791463661238600480e+02
8.725721582222246298e+02,1.837949758848945976e+02
8.729882632094551127e+02,1.949339537708719945e+02
8.734043681966854820e+02,2.023714634273935360e+02
8.738204731839159649e+02,2.076903226352794718e+02
8.742365781711464479e+02,2.153489497231170162e+02
8.746526831583768171e+02,2.235868077836749706e+02
8.750687881456073001e+02,2.313222239992070115e+02
8.754848931328377830e+02,2.365589343629961547e+02
8.759009981200681523e+02,2.427363566080287853e+02
8.763171031072986352e+02,2.478057078948063747e+02
8.767332080945291182e+02,2.526738007435689042e+02
8.771493130817594874e+02,2.597290305477166612e+02
8.775654180689899704e+02,2.676853537777195697e+02
8.779815230562203396e+02,2.731841736892937433e+02
8.783976280434508226e+02,2.675008521325999027e+02
8.788137330306813055e+02,2.741503252491802982e+02
8.792298380179115611e+02,2.733526716626486746e+02
8.796459430051420441e+02,2.737425440445326785e+02
8.800620479923725270e+02,2.757026278061667313e+02
8.804781529796028963e+02,2.731853352550887735e+02
8.808942579668333792e+02,2.765166583178562973e+02
8.813103629540638622e+02,2.725976870577935074e+02
8.817264679412942314e+02,2.679262579675196321e+02
8.821425729285247144e+02,2.599235766278344499e+02
8.825586779157550836e+02,2.616857673473803061e+02
8.829747829029855666e+02,2.577012048072437551e+02
8.833908878902160495e+02,2.495028074968204521e+02
8.838069928774464188e+02,2.440169334955855334e+02
8.842230978646769017e+02,2.343509365181379565e+02
8.846392028519073847e+02,2.306955913599521750e+02
8.850553078391377539e+02,2.224921217562066715e+02
8.854714128263682369e+02,2.169257682240855161e+02
8.858875178135987198e+02,2.081445799708055517e+02
8.863036228008290891e+02,2.006549372921706720e+02
8.867197277880595720e+02,1.953906597340149460e+02
8.871358327752899413e+02,1.868282209131749880e+02
8.875519377625203106e+02,1.804368803108753809e+02
8.879680427497507935e+02,1.744323257843821864e+02
8.883841477369811628e+02,1.696598692336471572e+02
8.888002527242116457e+02,1.655571378396643070e+02
8.892163577114421287e+02,1.607764212985644292e+02
8.896324626986724979e+02,1.566337652523644692e+02
8.900485676859029809e+02,1.566290116882645691e+02
8.904646726731334638e+02,1.571539969298609094e+02
8.908807776603638331e+02,1.577228039991118749e+02
8.912968826475943160e+02,1.618591692774767807e+02
8.917129876348246853e+02,1.647004944176017318e+02
8.921290926220551682e+02,1.703224787793614610e+02
8.925451976092856512e+02,1.752101654577147372e+02
8.929613025965160205e+02,1.827814126219258242e+02
8.933774075837465034e+02,1.893920076035842612e+02
8.937935125709769864e+02,1.934509912632587714e+02
8.942096175582073556e+02,2.032581190983923989e+02
8.946257225454378386e+02,2.097435073818332114e+02
8.950418275326683215e+02,2.172727114404530369e+02
8.954579325198986908e+02,2.201253571025434326e+02
8.958740375071291737e+02,2.276850122456288545e+02
8.962901424943594293e+02,2.373376819588089859e+02
8.967062474815899122e+02,2.447056870604940286e+02
8.971223524688203952e+02,2.488911888166821598e+02
8.975384574560507644e+02,2.525813145983828178e+02
8.979545624432812474e+02,2.580482515649895277e+02
8.983706674305117303e+02,2.591292229141216126e+02
8.987867724177420996e+02,2.638323598199765456e+02
8.992028774049725826e+02,2.664361302707340542e+02
8.996189823922030655e+02,2.677417267997528825e+02
9.000350873794334348e+02,2.674020769454020297e+02
9.004511923666639177e+02,2.720313765696939754e+02
9.008672973538942870e+02,2.709328645540269918e+02
9.012834023411247699e+02,2.684827486974404565e+02
9.016995073283552529e+02,2.652908791089880083e+02
9.021156123155856221e+02,2.601805245651538598e+02
9.025317173028161051e+02,2.633049616202437164e+02
9.029478222900465880e+02,2.590209990275178598e+02
9.033639272772769573e+02,2.518506764503946727e+02
9.037800322645074402e+02,2.481746891419596182e+02
9.041961372517379232e+02,2.419492444674450837e+02
9.046122422389682924e+02,2.358037778280447867e+02
9.050283472261986617e+02,2.309473703943865246e+02
9.054444522134291446e+02,2.242334163352857388e+02
9.058605572006595139e+02,2.182120890265480284e+02
9.062766621878899969e+02,2.096548316747314686e+02
9.066927671751203661e+02,2.027767187117335368e+02
9.071088721623508491e+02,1.964566908930299576e+02
9.075249771495813320e+02,1.900776677348857788e+02
9.079410821368117013e+02,1.798744037517015215e+02
9.083571871240421842e+02,1.755640556119564337e+02
9.087732921112726672e+02,1.718696259668668915e+02
9.091893970985030364e+02,1.657294635074586608e+02
9.096055020857335194e+02,1.611574683025824584e+02
9.100216070729640023e+02,1.585439725394737991e+02
9.104377120601943716e+02,1.582056501539325097e+02
9.108538170474248545e+02,1.581483466618448119e+02
9.112699220346552238e+02,1.582890000793289857e+02
9.116860270218857067e+02,1.608702192784517706e+02
9.121021320091161897e+02,1.639281822292249444e+02
9.125182369963465590e+02,1.676814002964487713e+02
9.129343419835770419e+02,1.715127681844464291e+02
9.133504469708075248e+02,1.780566036750570902e+02
9.137665519580377804e+02,1.838073605751374942e+02
9.141826569452682634e+02,1.908217808830678734e+02
9.145987619324987463e+02,1.959793798782467888e+02
9.150148669197291156e+02,2.034629595649838336e+02
9.154309719069595985e+02,2.113645779229173058e+02
9.158470768941899678e+02,2.178750888300082522e+02
9.162631818814204507e+02,2.236696925175689898e+02
9.166792868686509337e+02,2.288989038585782794e+02
9.170953918558813029e+02,2.348787399485297271e+02
9.175114968431117859e+02,2.413214569070190976e+02
9.179276018303422688e+02,2.461427111935882692e+02
9.183437068175726381e+02,2.480933671278525026e+02
9.187598118048031210e+02,2.557758936601405821e+02
9.191759167920336040e+02,2.590580376879129290e+02
9.195920217792639733e+02,2.618612610509460978e+02
9.200081267664944562e+02,2.607502718540020510e+02
9.204242317537248255e+02,2.657322810660032246e+02
9.208403367409553084e+02,2.637583066106781757e+02
9.212564417281857914e+02,2.652862424862985335e+02
9.216725467154161606e+02,2.637023669955975720e+02
9.220886517026466436e+02,2.605705082672692470e+02
9.225047566898770128e+02,2.605766083654059457e+02
9.229208616771073821e+02,2.588682878268267586e+02
9.233369666643378650e+02,2.545986822617049086e+02
9.237530716515683480e+02,2.512149973556692260e+02
9.241691766387987172e+02,2.474407287893151874e+02
9.245852816260292002e+02,2.413460219456736127e+02
9.250013866132595695e+02,2.354752626807285480e+02
9.254174916004900524e+02,2.320017666079865251e+02
9.258335965877205354e+02,2.228668850651656896e+02
9.262497015749509046e+02,2.158183236444622821e+02
9.266658065621813876e+02,2.114455953937233517e+02
9.270819115494118705e+02,2.048580936795181344e+02
9.274980165366422398e+02,1.984100855895816835e+02
9.279141215238727227e+02,1.899149083167340279e+02
9.283302265111032057e+02,1.829289891637501455e+02
9.287463314983335749e+02,1.776759713788462705e+02
9.291624364855640579e+02,1.733223618302597231e+02
9.295785414727944271e+02,1.682908987756121633e+02
9.299946464600249101e+02,1.639889640995231446e+02
9.304107514472553930e+02,1.611663699694666434e+02
9.308268564344856486e+02,1.578943017176017918e+02
9.312429614217161316e+02,1.598619092884147790e+02
9.316590664089466145e+02,1.593456494322244623e+02
9.320751713961769838e+02,1.585529463189848514e+02
9.324912763834074667e+02,1.615059191208622451e+02
9.329073813706379497e+02,1.640815464711540415e+02
9.333234863578683189e+02,1.696183032990015533e+02
9.337395913450988019e+02,1.757906518566052796e+02
9.341556963323291711e+02,1.807841369026101006e+02
9.345718013195596541e+02,1.864902745468625653e+02
9.349879063067901370e+02,1.933112370907679178e+02
9.354040112940205063e+02,1.992704756819010186e+02
9.358201162812509892e+02,2.073142533120853841e+02
9.362362212684814722e+02,2.130032570468500808e+02
9.366523262557118414e+02,2.195752265251337860e+02
9.370684312429423244e+02,2.261596610525327264e+02
9.374845362301728073e+02,2.306660637295693448e+02
9.379006412174031766e+02,2.337416148563806644e+02
9.383167462046336595e+02,2.387957089962425528e+02
9.387328511918640288e+02,2.437687543883517378e+02
9.391489561790945118e+02,2.481115005488407235e+02
9.395650611663249947e+02,2.517267692096769736e+02
9.399811661535552503e+02,2.554536349950354008e+02
9.403972711407857332e+02,2.553508569162279116e+02
9.408133761280162162e+02,2.609059060776795604e+02
9.412294811152465854e+02,2.587349699599884048e+02
9.416455861024770684e+02,2.605237051766745822e+02
9.420616910897075513e+02,2.589196376084017288e+02
9.424777960769379206e+02,2.551986206099363415e+02
9.428939010641684035e+02,2.549105982975022755e+02
9.433100060513987728e+02,2.517908934733595743e+02
9.437261110386292557e+02,2.499826435054452247e+02
9.441422160258597387e+02,2.485646383858503725e+02
9.445583210130901080e+02,2.423816856736946477e+02
9.449744260003205909e+02,2.363078589242601879e+02
9.453905309875510738e+02,2.337410324419514325e+02
9.458066359747814431e+02,2.297320116539573576e+02
9.462227409620119261e+02,2.239984337632611187e+02
9.466388459492424090e+02,2.192103678683359078e+02
9.470549509364727783e+02,2.146279909421793661e+02
9.474710559237032612e+02,2.055114468539410950e+02
9.478871609109336305e+02,1.962362059794384379e+02
9.483032658981639997e+02,1.928777016370686397e+02
9.487193708853944827e+02,1.876363728899861201e+02
9.491354758726248519e+02,1.809368080707224067e+02
9.495515808598553349e+02,1.756318691721548930e+02
9.499676858470858178e+02,1.710776081778940920e+02
9.503837908343161871e+02,1.668720998821297314e+02
9.507998958215466700e+02,1.641350577059045293e+02
9.512160008087771530e+02,1.622304469953951411e+02
9.516321057960075223e+02,1.596891219521337746e+02
9.520482107832380052e+02,1.594830706197762424e+02
9.524643157704683745e+02,1.607439979439732269e+02
9.528804207576988574e+02,1.619477902962357234e+02
9.532965257449293404e+02,1.643643687567934251e+02
9.537126307321597096e+02,1.693766006012004084e+02
9.541287357193901926e+02,1.740066960696481999e+02
9.545448407066206755e+02,1.783412019700310793e+02
9.549609456938510448e+02,1.811852573365292756e+02
9.553770506810815277e+02,1.876856777626224186e+02
9.557931556683120107e+02,1.969619241174590343e+02
9.562092606555423799e+02,1.997527151866690076e+02
9.566253656427728629e+02,2.075728436891890283e+02
9.570414706300031185e+02,2.158591287210315954e+02
9.574575756172336014e+02,2.179437210000849063e+02
9.578736806044640844e+02,2.231536728001368317e+02
9.582897855916944536e+02,2.283161293555655220e+02
9.587058905789249366e+02,2.333884139496515502e+02
9.591219955661554195e+02,2.399535908297703486e+02
9.595381005533857888e+02,2.431559738903233097e+02
9.599542055406162717e+02,2.459325392778829666e+02
9.603703105278467547e+02,2.489769954356646906e+02
9.607864155150771239e+02,2.511513858755441504e+02
9.612025205023076069e+02,2.537783767053480233e+02
9.616186254895379761e+02,2.533392158316147800e+02
9.620347304767684591e+02,2.543968944852875325e+02
9.624508354639989420e+02,2.523835977370389685e+02
9.628669404512293113e+02,2.537117137825901239e+02
9.632830454384597942e+02,2.547936898251721516e+02
9.636991504256902772e+02,2.508509983670520000e+02
9.641152554129206464e+02,2.461211687129744234e+02
9.645313604001511294e+02,2.457881310571878544e+02
9.649474653873816123e+02,2.414689259039561193e+02
9.653635703746118679e+02,2.361421663933843433e+02
9.657796753618423509e+02,2.328964545394059940e+02
9.661957803490727201e+02,2.293771470692838079e+02
9.666118853363032031e+02,2.216489970256219522e+02
9.670279903235336860e+02,2.180784940986807214e+02
9.674440953107640553e+02,2.111331860246122005e+02
9.678602002979945382e+02,2.048915280880226248e+02
9.682763052852250212e+02,2.023009133974521205e+02
9.686924102724553904e+02,1.924989690720391025e+02
9.691085152596858734e+02,1.883530683156965040e+02
9.695246202469163563e+02,1.836917095867956675e+02
9.699407252341467256e+02,1.775825969807928857e+02
9.703568302213772085e+02,1.744141015439531657e+02
9.707729352086075778e+02,1.691550858069844594e+02
9.711890401958380608e+02,1.652104590769491779e+02
9.716051451830685437e+02,1.632367155492044049e+02
9.720212501702989130e+02,1.609036607982069995e+02
9.724373551575293959e+02,1.630216400832294426e+02
9.728534601447598789e+02,1.612369211938145668e+02
9.732695651319902481e+02,1.622503808849582185e+02
9.736856701192207311e+02,1.640743081553826812e+02
9.741017751064512140e+02,1.694392093838654034e+02
9.745178800936814696e+02,1.699495539594131515e+02
9.749339850809119525e+02,1.750094350128268275e+02
9.753500900681423218e+02,1.800331478090065218e+02
9.757661950553728047e+02,1.870213014463513161e+02
9.761823000426032877e+02,1.908317096930648233e+02
9.765984050298336570e+02,1.961396686003810146e+02
9.770145100170641399e+02,2.035935023797302108e+02
9.774306150042946228e+02,2.061968177090265044e+02
9.778467199915249921e+02,2.150258639804572169e+02
9.782628249787554751e+02,2.201446824387985259e+02
9.786789299659859580e+02,2.241759033853281267e+02
9.790950349532163273e+02,2.274871029831560634e+02
9.795111399404468102e+02,2.337685856366625501e+02
9.799272449276771795e+02,2.378980606809844005e+02
9.803433499149076624e+02,2.422590357595673822e+02
9.807594549021381454e+02,2.419675369615073635e+02
9.811755598893685146e+02,2.457531027226959850e+02
9.815916648765989976e+02,2.496995846440334788e+02
9.820077698638294805e+02,2.521090476325870497e+02
9.824238748510598498e+02,2.503887207033954780e+02
9.828399798382902190e+02,2.515510032419506103e+02
9.832560848255207020e+02,2.506884374120772065e+02
9.836721898127510713e+02,2.495501419003071248e+02
9.840882947999815542e+02,2.488539293009024220e+02
9.845043997872119235e+02,2.431756246367030201e+02
9.849205047744424064e+02,2.419498394204631495e+02
9.853366097616728894e+02,2.399109064839358894e+02
9.857527147489032586e+02,2.338889879831655776e+02
9.861688197361337416e+02,2.303132254849231231e+02
9.865849247233642245e+02,2.256098482419636753e+02
9.870010297105945938e+02,2.242611369966800510e+02
9.874171346978250767e+02,2.163835229554707382e+02
9.878332396850555597e+02,2.135496004240704622e+02
9.882493446722859289e+02,2.078409092575497539e+02
9.886654496595164119e+02,2.011837134004825884e+02
9.890815546467467811e+02,1.968515337087976604e+02
9.894976596339772641e+02,1.894157603828556375e+02
9.899137646212077470e+02,1.863208349255572500e+02
9.903298696084381163e+02,1.784490008709268238e+02
9.907459745956685992e+02,1.775065508483114627e+02
9.911620795828990822e+02,1.711294437666816748e+02
9.915781845701293378e+02,1.684360954345645212e+02
9.919942895573598207e+02,1.652276580342481225e+02
9.924103945445903037e+02,1.628080887519068369e+02
9.928264995318206729e+02,1.648541371201692129e+02
9.932426045190511559e+02,1.630376756922858590e+02
9.936587095062815251e+02,1.634059944186567463e+02
9.940748144935120081e+02,1.649746120727279504e+02
9.944909194807424910e+02,1.660427080332866581e+02
9.949070244679728603e+02,1.701967956081968794e+02
9.953231294552033432e+02,1.719399390431802033e+02
9.957392344424338262e+02,1.790774277451336900e+02
9.961553394296641954e+02,1.836574780753272762e+02
9.965714444168946784e+02,1.881953401981327261e+02
9.969875494041251613e+02,1.939080668834950529e+02
9.974036543913555306e+02,2.000763312407360104e+02
9.978197593785860136e+02,2.056766334427255742e+02
9.982358643658163828e+02,2.096864459969266932e+02
9.986519693530468658e+02,2.169224408306176315e+02
9.990680743402773487e+02,2.212200221516510794e+02
9.994841793275077180e+02,2.247331498587898579e+02
9.999002843147382009e+02,2.289086339738912557e+02
1.000316389301968570e+03,2.334722987267664962e+02
1.000732494289198939e+03,2.355607861673559000e+02
1.001148599276429422e+03,2.394819468915468406e+02
1.001564704263659905e+03,2.414899623555348285e+02
1.001980809250890275e+03,2.440537798797647326e+02
1.002396914238120758e+03,2.416522733425019851e+02
1.002813019225351127e+03,2.460122043741658615e+02
1.003229124212581610e+03,2.474566596392255349e+02
1.003645229199812093e+03,2.477061358921036458e+02
1.004061334187042462e+03,2.433783464232287486e+02
1.004477439174272945e+03,2.452642567758162784e+02
1.004893544161503428e+03,2.443358357692328013e+02
1.005309649148733797e+03,2.421400689376094135e+02
1.005725754135964280e+03,2.378141612493950845e+02
1.006141859123194763e+03,2.345704687613249178e+02
1.006557964110425132e+03,2.313426921275820973e+02
1.006974069097655615e+03,2.254572287862991686e+02
1.007390174084885984e+03,2.231382359915005509e+02
1.007806279072116467e+03,2.150939113023745222e+02
1.008222384059346950e+03,2.134466138521137566e+02
1.008638489046577206e+03,2.092636310314932757e+02
1.009054594033807689e+03,2.036428674119189282e+02
1.009470699021038172e+03,2.004313676202479542e+02
1.009886804008268541e+03,1.925262316091306047e+02
1.010302908995499024e+03,1.839935026759339394e+02
1.010719013982729507e+03,1.833169523649838482e+02
1.011135118969959876e+03,1.765392607112729024e+02
1.011551223957190359e+03,1.747455204552936436e+02
1.011967328944420728e+03,1.708202400620877484e+02
1.012383433931651211e+03,1.661348022881946633e+02
1.012799538918881694e+03,1.647176305892137975e+02
1.013215643906112064e+03,1.652673822280170839e+02
1.013631748893342547e+03,1.640666191289695064e+02
1.014047853880573030e+03,1.659580012972444649e+02
1.014463958867803399e+03,1.654138126763383809e+02
1.014880063855033882e+03,1.667582126061958832e+02
1.015296168842264365e+03,1.714251467584085731e+02
1.015712273829494734e+03,1.720761202911105840e+02
1.016128378816725217e+03,1.769542908302360331e+02
1.016544483803955700e+03,1.802518696285039539e+02
1.016960588791186069e+03,1.862364683454037788e+02
1.017376693778416552e+03,1.900637974676847648e+02
1.017792798765646808e+03,1.933127627887267010e+02
1.018208903752877291e+03,2.009353738550647677e+02
1.018625008740107774e+03,2.056863898156895516e+02
1.019041113727338143e+03,2.106136355729241245e+02
1.019457218714568626e+03,2.153015137041861635e+02
1.019873323701799109e+03,2.199994762892748668e+02
1.020289428689029478e+03,2.242949417482338959e+02
1.020705533676259961e+03,2.297250986115481624e+02
1.021121638663490444e+03,2.314627838454934476e+02
1.021537743650720813e+03,2.376150603752584516e+02
1.021953848637951296e+03,2.380451967609049859e+02
1.022369953625181665e+03,2.388417388845805363e+02
1.022786058612412148e+03,2.418792529857345244e+02
1.023202163599642631e+03,2.442486350203921290e+02
1.023618268586873000e+03,2.400810631002778166e+02
1.024034373574103483e+03,2.441755632469949262e+02
1.024450478561333966e+03,2.426808609898110376e+02
1.024866583548564222e+03,2.429851842737366212e+02
1.025282688535794705e+03,2.409435968928001159e+02
1.025698793523025188e+03,2.374521714892212572e+02
1.026114898510255671e+03,2.376643674237450057e+02
1.026531003497486154e+03,2.324228581744994244e+02
1.026947108484716409e+03,2.310632501755795829e+02
1.027363213471946892e+03,2.276718669182384929e+02
1.027779318459177375e+03,2.208853503802706371e+02
1.028195423446407858e+03,2.167297182815631515e+02
1.028611528433638341e+03,2.154758526144274811e+02
1.029027633420868824e+03,2.081982728059440149e+02
1.029443738408099080e+03,2.030127087682274407e+02
1.029859843395329563e+03,1.992439017992952586e+02
1.030275948382560046e+03,1.952956455491124927e+02
1.030692053369790301e+03,1.897563323554620354e+02
1.031108158357020784e+03,1.851421603988333402e+02
1.031524263344251267e+03,1.796007129539650009e+02
1.031940368331481750e+03,1.746276722573778102e+02
1.032356473318712233e+03,1.738408768426481572e+02
1.032772578305942488e+03,1.699325217455574943e+02
1.033188683293172971e+03,1.676775498719506459e+02
1.033604788280403454e+03,1.674107281345223157e+02
1.034020893267633937e+03,1.645351425318146994e+02
1.034436998254864420e+03,1.648381356595584180e+02
1.034853103242094903e+03,1.661692686690582832e+02
1.035269208229325159e+03,1.657412178873480570e+02
1.035685313216555642e+03,1.696996625037784554e+02
1.036101418203786125e+03,1.723412330593554600e+02
1.036517523191016608e+03,1.760974224623760733e+02
1.036933628178247091e+03,1.806611263496316440e+02
1.037349733165477346e+03,1.845929555224445835e+02
1.037765838152707829e+03,1.889846166674667245e+02
1.038181943139938312e+03,1.941225921006965791e+02
1.038598048127168795e+03,1.975456512106162847e+02
1.039014153114399278e+03,2.025657191152287169e+02
1.039430258101629533e+03,2.070406098245944122e+02
1.039846363088860016e+03,2.114416832839347364e+02
1.040262468076090499e+03,3.279757515511582122e-01
1.040678573063320755e+03,0.000000000000000000e+00
1.041094678050551238e+03,0.000000000000000000e+00
1.041510783037781721e+03,0.000000000000000000e+00
1.041926888025012204e+03,0.000000000000000000e+00
1.042342993012242687e+03,0.000000000000000000e+00
1.042759097999473170e+03,0.000000000000000000e+00
1.043175202986703425e+03,0.000000000000000000e+00
1.043591307973933908e+03,0.000000000000000000e+00
1.044007412961164391e+03,0.000000000000000000e+00
1.044423517948394874e+03,0.000000000000000000e+00
1.044839622935625357e+03,0.000000000000000000e+00
1.045255727922855613e+03,0.000000000000000000e+00
1.045671832910086096e+03,0.000000000000000000e+00
1.046087937897316579e+03,0.000000000000000000e+00
1.046504042884547061e+03,0.000000000000000000e+00
1.046920147871777544e+03,0.000000000000000000e+00
1.047336252859008027e+03,0.000000000000000000e+00
1.047752357846238283e+03,0.000000000000000000e+00
1.048168462833468766e+03,0.000000000000000000e+00
1.048584567820699249e+03,0.000000000000000000e+00
1.049000672807929504e+03,0.000000000000000000e+00
1.049416777795159987e+03,0.000000000000000000e+00
1.049832882782390470e+03,0.000000000000000000e+00
1.050248987769620953e+03,0.000000000000000000e+00
1.050665092756851436e+03,0.000000000000000000e+00
1.051081197744081692e+03,0.000000000000000000e+00
1.051497302731312175e+03,0.000000000000000000e+00
1.051913407718542658e+03,0.000000000000000000e+00
1.052329512705773141e+03,0.000000000000000000e+00
1.052745617693003624e+03,0.000000000000000000e+00
1.053161722680234107e+03,0.000000000000000000e+00
1.053577827667464362e+03,0.000000000000000000e+00
1.053993932654694845e+03,0.000000000000000000e+00
1.054410037641925328e+03,0.000000000000000000e+00
1.054826142629155811e+03,0.000000000000000000e+00
1.055242247616386294e+03,0.000000000000000000e+00
1.055658352603616549e+03,0.000000000000000000e+00
1.056074457590847032e+03,0.000000000000000000e+00
1.056490562578077515e+03,0.000000000000000000e+00
1.056906667565307771e+03,0.000000000000000000e+00
1.057322772552538254e+03,0.000000000000000000e+00
1.057738877539768737e+03,0.000000000000000000e+00
1.058154982526999220e+03,0.000000000000000000e+00
1.058571087514229703e+03,0.000000000000000000e+00
1.058987192501459958e+03,0.000000000000000000e+00
1.059403297488690441e+03,0.000000000000000000e+00
1.059819402475920924e+03,0.000000000000000000e+00
1.060235507463151407e+03,0.000000000000000000e+00
1.060651612450381890e+03,0.000000000000000000e+00
1.061067717437612373e+03,0.000000000000000000e+00
1.061483822424842629e+03,0.000000000000000000e+00
1.061899927412073112e+03,0.000000000000000000e+00
1.062316032399303595e+03,0.000000000000000000e+00
1.062732137386534077e+03,0.000000000000000000e+00
1.063148242373764560e+03,0.000000000000000000e+00
1.063564347360994816e+03,0.000000000000000000e+00
1.063980452348225299e+03,0.000000000000000000e+00
1.064396557335455782e+03,0.000000000000000000e+00
1.064812662322686265e+03,0.000000000000000000e+00
1.065228767309916520e+03,0.000000000000000000e+00
1.065644872297147003e+03,0.000000000000000000e+00
1.066060977284377486e+03,0.000000000000000000e+00
1.066477082271607969e+03,0.000000000000000000e+00
1.066893187258838452e+03,0.000000000000000000e+00
1.067309292246068708e+03,0.000000000000000000e+00
1.067725397233299191e+03,0.000000000000000000e+00
1.068141502220529674e+03,0.000000000000000000e+00
1.068557607207760157e+03,0.000000000000000000e+00
1.068973712194990640e+03,0.000000000000000000e+00
1.069389817182220895e+03,0.000000000000000000e+00
1.069805922169451378e+03,0.000000000000000000e+00
1.070222027156681861e+03,0.000000000000000000e+00
1.070638132143912344e+03,0.000000000000000000e+00
1.071054237131142827e+03,0.000000000000000000e+00
1.071470342118373310e+03,0.000000000000000000e+00
1.071886447105603565e+03,0.000000000000000000e+00
1.072302552092834048e+03,0.000000000000000000e+00
1.072718657080064531e+03,0.000000000000000000e+00
1.073134762067295014e+03,0.000000000000000000e+00
1.073550867054525497e+03,0.000000000000000000e+00
1.073966972041755753e+03,0.000000000000000000e+00
1.074383077028986236e+03,0.000000000000000000e+00
1.074799182016216719e+03,0.000000000000000000e+00
1.075215287003446974e+03,0.000000000000000000e+00
1.075631391990677457e+03,0.000000000000000000e+00
1.076047496977907940e+03,0.000000000000000000e+00
1.076463601965138423e+03,0.000000000000000000e+00
1.076879706952368906e+03,0.000000000000000000e+00
1.077295811939599162e+03,0.000000000000000000e+00
1.077711916926829645e+03,0.000000000000000000e+00
1.078128021914060128e+03,0.000000000000000000e+00
1.078544126901290610e+03,0.000000000000000000e+00
1.078960231888521093e+03,0.000000000000000000e+00
1.079376336875751576e+03,0.000000000000000000e+00
1.079792441862981832e+03,0.000000000000000000e+00
1.080208546850212315e+03,0.000000000000000000e+00
1.080624651837442798e+03,0.000000000000000000e+00
1.081040756824673281e+03,0.000000000000000000e+00
1.081456861811903764e+03,0.000000000000000000e+00
1.081872966799134019e+03,0.000000000000000000e+00
1.082289071786364502e+03,0.000000000000000000e+00
1.082705176773594985e+03,0.000000000000000000e+00
1.083121281760825241e+03,0.000000000000000000e+00
1.083537386748055724e+03,0.000000000000000000e+00
1.083953491735286207e+03,0.000000000000000000e+00
1.084369596722516690e+03,0.000000000000000000e+00
1.084785701709747173e+03,0.000000000000000000e+00
1.085201806696977428e+03,0.000000000000000000e+00
1.085617911684207911e+03,0.000000000000000000e+00
1.086034016671438394e+03,0.000000000000000000e+00
1.086450121658668877e+03,0.000000000000000000e+00
1.086866226645899360e+03,0.000000000000000000e+00
1.087282331633129616e+03,0.000000000000000000e+00
1.087698436620360098e+03,0.000000000000000000e+00
1.088114541607590581e+03,0.000000000000000000e+00
1.088530646594821064e+03,0.000000000000000000e+00
1.088946751582051547e+03,0.000000000000000000e+00
1.089362856569281803e+03,0.000000000000000000e+00
1.089778961556512286e+03,0.000000000000000000e+00
1.090195066543742769e+03,0.000000000000000000e+00
1.090611171530973252e+03,0.000000000000000000e+00
1.091027276518203735e+03,0.000000000000000000e+00
1.091443381505434218e+03,0.000000000000000000e+00
1.091859486492664473e+03,0.000000000000000000e+00
1.092275591479894956e+03,0.000000000000000000e+00
1.092691696467125439e+03,0.000000000000000000e+00
1.093107801454355922e+03,0.000000000000000000e+00
1.093523906441586405e+03,0.000000000000000000e+00
1.093940011428816661e+03,0.000000000000000000e+00
1.094356116416047144e+03,0.000000000000000000e+00
1.094772221403277626e+03,0.000000000000000000e+00
1.095188326390508109e+03,0.000000000000000000e+00
1.095604431377738592e+03,0.000000000000000000e+00
1.096020536364969075e+03,0.000000000000000000e+00
1.096436641352199331e+03,0.000000000000000000e+00
1.096852746339429814e+03,0.000000000000000000e+00
1.097268851326660297e+03,0.000000000000000000e+00
1.097684956313890780e+03,0.000000000000000000e+00
1.098101061301121263e+03,0.000000000000000000e+00
1.098517166288351518e+03,0.000000000000000000e+00
1.098933271275582001e+03,0.000000000000000000e+00
1.099349376262812484e+03,0.000000000000000000e+00
1.099765481250042740e+03,0.000000000000000000e+00
1.100181586237273223e+03,0.000000000000000000e+00
1.100597691224503706e+03,0.000000000000000000e+00
1.101013796211733961e+03,0.000000000000000000e+00
1.101429901198964444e+03,0.000000000000000000e+00
1.101846006186194927e+03,0.000000000000000000e+00
1.102262111173425410e+03,0.000000000000000000e+00
1.102678216160655893e+03,0.000000000000000000e+00
1.103094321147886149e+03,0.000000000000000000e+00
1.103510426135116631e+03,0.000000000000000000e+00
1.103926531122347114e+03,0.000000000000000000e+00
1.104342636109577597e+03,0.000000000000000000e+00
1.104758741096808080e+03,0.000000000000000000e+00
1.105174846084038563e+03,0.000000000000000000e+00
1.105590951071268819e+03,0.000000000000000000e+00
1.106007056058499302e+03,0.000000000000000000e+00
1.106423161045729785e+03,0.000000000000000000e+00
1.106839266032960268e+03,0.000000000000000000e+00
1.107255371020190751e+03,0.000000000000000000e+00
1.107671476007421006e+03,0.000000000000000000e+00
1.108087580994651489e+03,0.000000000000000000e+00
1.108503685981881972e+03,0.000000000000000000e+00
1.108919790969112455e+03,0.000000000000000000e+00
1.109335895956342938e+03,0.000000000000000000e+00
1.109752000943573421e+03,0.000000000000000000e+00
1.110168105930803677e+03,0.000000000000000000e+00
1.110584210918034159e+03,0.000000000000000000e+00
1.111000315905264642e+03,0.000000000000000000e+00
1.111416420892495125e+03,0.000000000000000000e+00
1.111832525879725608e+03,0.000000000000000000e+00
1.112248630866955864e+03,0.000000000000000000e+00
1.112664735854186347e+03,0.000000000000000000e+00
1.113080840841416830e+03,0.000000000000000000e+00
1.113496945828647313e+03,0.000000000000000000e+00
1.113913050815877796e+03,0.000000000000000000e+00
1.114329155803108279e+03,0.000000000000000000e+00
1.114745260790338534e+03,0.000000000000000000e+00
1.115161365777569017e+03,0.000000000000000000e+00
1.115577470764799500e+03,0.000000000000000000e+00
1.115993575752029983e+03,0.000000000000000000e+00
1.116409680739260466e+03,0.000000000000000000e+00
1.116825785726490494e+03,0.000000000000000000e+00
1.117241890713720977e+03,0.000000000000000000e+00
1.117657995700951460e+03,0.000000000000000000e+00
1.118074100688181943e+03,0.000000000000000000e+00
1.118490205675412426e+03,0.000000000000000000e+00
1.118906310662642909e+03,0.000000000000000000e+00
1.119322415649873165e+03,0.000000000000000000e+00
1.119738520637103647e+03,0.000000000000000000e+00
1.120154625624334130e+03,0.000000000000000000e+00
1.120570730611564613e+03,0.000000000000000000e+00
1.120986835598795096e+03,0.000000000000000000e+00
1.121402940586025352e+03,0.000000000000000000e+00
1.121819045573255835e+03,0.000000000000000000e+00
1.122235150560486318e+03,0.000000000000000000e+00
1.122651255547716801e+03,0.000000000000000000e+00
1.123067360534947284e+03,0.000000000000000000e+00
1.123483465522177767e+03,0.000000000000000000e+00
1.123899570509408022e+03,0.000000000000000000e+00
1.124315675496638505e+03,0.000000000000000000e+00
1.124731780483868988e+03,0.000000000000000000e+00
1.125147885471099471e+03,0.000000000000000000e+00
1.125563990458329954e+03,0.000000000000000000e+00
1.125980095445560210e+03,0.000000000000000000e+00
1.126396200432790693e+03,0.000000000000000000e+00
1.126812305420021175e+03,0.000000000000000000e+00
1.127228410407251658e+03,0.000000000000000000e+00
1.127644515394482141e+03,0.000000000000000000e+00
1.128060620381712624e+03,0.000000000000000000e+00
1.128476725368942880e+03,0.000000000000000000e+00
1.128892830356173363e+03,0.000000000000000000e+00
1.129308935343403846e+03,0.000000000000000000e+00
1.129725040330634329e+03,0.000000000000000000e+00
1.130141145317864812e+03,0.000000000000000000e+00
1.130557250305095067e+03,0.000000000000000000e+00
1.130973355292325550e+03,0.000000000000000000e+00
1.131389460279556033e+03,0.000000000000000000e+00
1.131805565266786516e+03,0.000000000000000000e+00
1.132221670254016999e+03,0.000000000000000000e+00
1.132637775241247482e+03,0.000000000000000000e+00
1.133053880228477738e+03,0.000000000000000000e+00
1.133469985215708220e+03,0.000000000000000000e+00
1.133886090202938703e+03,0.000000000000000000e+00
1.134302195190169186e+03,0.000000000000000000e+00
1.134718300177399442e+03,0.000000000000000000e+00
1.135134405164629698e+03,0.000000000000000000e+00
1.135550510151860180e+03,0.000000000000000000e+00
1.135966615139090663e+03,0.000000000000000000e+00
1.136382720126321146e+03,0.000000000000000000e+00
1.136798825113551629e+03,0.000000000000000000e+00
1.137214930100782112e+03,0.000000000000000000e+00
1.137631035088012368e+03,0.000000000000000000e+00
1.138047140075242851e+03,0.000000000000000000e+00
1.138463245062473334e+03,0.000000000000000000e+00
1.138879350049703817e+03,0.000000000000000000e+00
1.139295455036934300e+03,0.000000000000000000e+00
1.139711560024164555e+03,0.000000000000000000e+00
1.140127665011395038e+03,0.000000000000000000e+00
1.140543769998625521e+03,0.000000000000000000e+00
1.140959874985856004e+03,0.000000000000000000e+00
1.141375979973086487e+03,0.000000000000000000e+00
1.141792084960316970e+03,0.000000000000000000e+00
1.142208189947547226e+03,0.000000000000000000e+00
1.142624294934777708e+03,0.000000000000000000e+00
1.143040399922008191e+03,0.000000000000000000e+00
1.143456504909238674e+03,0.000000000000000000e+00
1.143872609896469157e+03,0.000000000000000000e+00
1.144288714883699413e+03,0.000000000000000000e+00
1.144704819870929896e+03,0.000000000000000000e+00
1.145120924858160379e+03,0.000000000000000000e+00
1.145537029845390862e+03,0.000000000000000000e+00
1.145953134832621345e+03,0.000000000000000000e+00
1.146369239819851828e+03,0.000000000000000000e+00
1.146785344807082083e+03,0.000000000000000000e+00
1.147201449794312566e+03,0.000000000000000000e+00
1.147617554781543049e+03,0.000000000000000000e+00
1.148033659768773532e+03,0.000000000000000000e+00
1.148449764756004015e+03,0.000000000000000000e+00
1.148865869743234271e+03,0.000000000000000000e+00
1.149281974730464754e+03,0.000000000000000000e+00
1.149698079717695236e+03,0.000000000000000000e+00
1.150114184704925719e+03,0.000000000000000000e+00
1.150530289692156202e+03,0.000000000000000000e+00
1.150946394679386685e+03,0.000000000000000000e+00
1.151362499666616714e+03,0.000000000000000000e+00
1.151778604653847196e+03,0.000000000000000000e+00
1.152194709641077679e+03,0.000000000000000000e+00
1.152610814628308162e+03,0.000000000000000000e+00
1.153026919615538645e+03,0.000000000000000000e+00
1.153443024602768901e+03,0.000000000000000000e+00
1.153859129589999384e+03,0.000000000000000000e+00
1.154275234577229867e+03,0.000000000000000000e+00
1.154691339564460350e+03,0.000000000000000000e+00
1.155107444551690833e+03,0.000000000000000000e+00
1.155523549538921316e+03,0.000000000000000000e+00
1.155939654526151571e+03,0.000000000000000000e+00
1.156355759513382054e+03,0.000000000000000000e+00
1.156771864500612537e+03,0.000000000000000000e+00
1.157187969487843020e+03,0.000000000000000000e+00
1.157604074475073503e+03,0.000000000000000000e+00
1.158020179462303759e+03,0.000000000000000000e+00
1.158436284449534242e+03,0.000000000000000000e+00
1.158852389436764724e+03,0.000000000000000000e+00
1.159268494423995207e+03,0.000000000000000000e+00
1.159684599411225690e+03,0.000000000000000000e+00
1.160100704398456173e+03,0.000000000000000000e+00
1.160516809385686429e+03,0.000000000000000000e+00
1.160932914372916912e+03,0.000000000000000000e+00
1.161349019360147395e+03,0.000000000000000000e+00
1.161765124347377878e+03,0.000000000000000000e+00
1.162181229334608361e+03,0.000000000000000000e+00
1.162597334321838616e+03,0.000000000000000000e+00
1.163013439309069099e+03,0.000000000000000000e+00
1.163429544296299582e+03,0.000000000000000000e+00
1.163845649283530065e+03,0.000000000000000000e+00
1.164261754270760548e+03,0.000000000000000000e+00
1.164677859257991031e+03,0.000000000000000000e+00
1.165093964245221287e+03,0.000000000000000000e+00
1.165510069232451769e+03,0.000000000000000000e+00
1.165926174219682252e+03,0.000000000000000000e+00
1.166342279206912735e+03,0.000000000000000000e+00
1.166758384194143218e+03,0.000000000000000000e+00
1.167174489181373474e+03,0.000000000000000000e+00
1.167590594168603957e+03,0.000000000000000000e+00
1.168006699155834440e+03,0.000000000000000000e+00
1.168422804143064923e+03,0.000000000000000000e+00
1.168838909130295406e+03,0.000000000000000000e+00
1.169255014117525889e+03,0.000000000000000000e+00
1.169671119104755917e+03,0.000000000000000000e+00
1.170087224091986400e+03,0.000000000000000000e+00
1.170503329079216883e+03,0.000000000000000000e+00
1.170919434066447366e+03,0.000000000000000000e+00
1.171335539053677849e+03,0.000000000000000000e+00
1.171751644040908104e+03,0.000000000000000000e+00
1.172167749028138587e+03,0.000000000000000000e+00
1.172583854015369070e+03,0.000000000000000000e+00
1.172999959002599553e+03,0.000000000000000000e+00
1.173416063989830036e+03,0.000000000000000000e+00
1.173832168977060519e+03,0.000000000000000000e+00
1.174248273964290775e+03,0.000000000000000000e+00
1.174664378951521257e+03,0.000000000000000000e+00
1.175080483938751740e+03,0.000000000000000000e+00
1.175496588925982223e+03,0.000000000000000000e+00
1.175912693913212706e+03,0.000000000000000000e+00
1.176328798900443189e+03,0.000000000000000000e+00
1.176744903887673445e+03,0.000000000000000000e+00
1.177161008874903928e+03,0.000000000000000000e+00
1.177577113862134411e+03,0.000000000000000000e+00
1.177993218849364894e+03,0.000000000000000000e+00
1.178409323836595377e+03,0.000000000000000000e+00
1.178825428823825632e+03,0.000000000000000000e+00
1.179241533811056115e+03,0.000000000000000000e+00
1.179657638798286598e+03,0.000000000000000000e+00
1.180073743785517081e+03,0.000000000000000000e+00
1.180489848772747564e+03,0.000000000000000000e+00
1.180905953759978047e+03,0.000000000000000000e+00
1.181322058747208303e+03,0.000000000000000000e+00
1.181738163734438785e+03,0.000000000000000000e+00
1.182154268721669268e+03,0.000000000000000000e+00
1.182570373708899751e+03,0.000000000000000000e+00
1.182986478696130234e+03,0.000000000000000000e+00
1.183402583683360490e+03,0.000000000000000000e+00
1.183818688670590973e+03,0.000000000000000000e+00
1.184234793657821456e+03,0.000000000000000000e+00
1.184650898645051939e+03,0.000000000000000000e+00
1.185067003632282422e+03,0.000000000000000000e+00
1.185483108619512905e+03,0.000000000000000000e+00
1.185899213606743160e+03,0.000000000000000000e+00
1.186315318593973416e+03,0.000000000000000000e+00
1.186731423581203899e+03,0.000000000000000000e+00
1.187147528568434382e+03,0.000000000000000000e+00
1.187563633555664865e+03,0.000000000000000000e+00
1.187979738542895120e+03,0.000000000000000000e+00
1.188395843530125603e+03,0.000000000000000000e+00
1.188811948517356086e+03,0.000000000000000000e+00
1.189228053504586569e+03,0.000000000000000000e+00
1.189644158491817052e+03,0.000000000000000000e+00
1.190060263479047535e+03,0.000000000000000000e+00
1.190476368466277791e+03,0.000000000000000000e+00
1.190892473453508273e+03,0.000000000000000000e+00
1.191308578440738756e+03,0.000000000000000000e+00
1.191724683427969239e+03,0.000000000000000000e+00
1.192140788415199722e+03,0.000000000000000000e+00
1.192556893402429978e+03,0.000000000000000000e+00
1.192972998389660461e+03,0.000000000000000000e+00
1.193389103376890944e+03,0.000000000000000000e+00
1.193805208364121427e+03,0.000000000000000000e+00
1.194221313351351910e+03,0.000000000000000000e+00
1.194637418338582393e+03,0.000000000000000000e+00
1.195053523325812648e+03,0.000000000000000000e+00
1.195469628313043131e+03,0.000000000000000000e+00
1.195885733300273614e+03,0.000000000000000000e+00
1.196301838287504097e+03,0.000000000000000000e+00
1.196717943274734580e+03,0.000000000000000000e+00
1.197134048261964836e+03,0.000000000000000000e+00
1.197550153249195318e+03,0.000000000000000000e+00
1.197966258236425801e+03,0.000000000000000000e+00
1.198382363223656284e+03,0.000000000000000000e+00
1.198798468210886767e+03,0.000000000000000000e+00
1.199214573198117250e+03,0.000000000000000000e+00
1.199630678185347506e+03,0.000000000000000000e+00
1.200046783172577989e+03,0.000000000000000000e+00
1.200462888159808472e+03,0.000000000000000000e+00
1.200878993147038955e+03,0.000000000000000000e+00
1.201295098134269438e+03,0.000000000000000000e+00
1.201711203121499693e+03,0.000000000000000000e+00
1.202127308108730176e+03,0.000000000000000000e+00
1.202543413095960659e+03,0.000000000000000000e+00
1.202959518083191142e+03,0.000000000000000000e+00
1.203375623070421625e+03,0.000000000000000000e+00
1.203791728057652108e+03,0.000000000000000000e+00
1.204207833044882136e+03,0.000000000000000000e+00
1.204623938032112619e+03,0.000000000000000000e+00
1.205040043019343102e+03,0.000000000000000000e+00
1.205456148006573585e+03,0.000000000000000000e+00
1.205872252993804068e+03,0.000000000000000000e+00
1.206288357981034324e+03,0.000000000000000000e+00
1.206704462968264806e+03,0.000000000000000000e+00
1.207120567955495289e+03,0.000000000000000000e+00
1.207536672942725772e+03,0.000000000000000000e+00
1.207952777929956255e+03,0.000000000000000000e+00
1.208368882917186738e+03,0.000000000000000000e+00
1.208784987904416994e+03,0.000000000000000000e+00
1.209201092891647477e+03,0.000000000000000000e+00
1.209617197878877960e+03,0.000000000000000000e+00
1.210033302866108443e+03,0.000000000000000000e+00
1.210449407853338926e+03,0.000000000000000000e+00
1.210865512840569181e+03,0.000000000000000000e+00
1.211281617827799664e+03,0.000000000000000000e+00
1.211697722815030147e+03,0.000000000000000000e+00
1.212113827802260630e+03,0.000000000000000000e+00
1.212529932789491113e+03,0.000000000000000000e+00
1.212946037776721596e+03,0.000000000000000000e+00
1.213362142763951852e+03,0.000000000000000000e+00
1.213778247751182334e+03,0.000000000000000000e+00
1.214194352738412817e+03,0.000000000000000000e+00
1.214610457725643300e+03,0.000000000000000000e+00
1.215026562712873783e+03,0.000000000000000000e+00
1.215442667700104039e+03,0.000000000000000000e+00
1.215858772687334522e+03,0.000000000000000000e+00
1.216274877674565005e+03,0.000000000000000000e+00
1.216690982661795488e+03,0.000000000000000000e+00
1.217107087649025971e+03,0.000000000000000000e+00
1.217523192636256454e+03,0.000000000000000000e+00
1.217939297623486709e+03,0.000000000000000000e+00
1.218355402610717192e+03,0.000000000000000000e+00
1.218771507597947675e+03,0.000000000000000000e+00
1.219187612585178158e+03,0.000000000000000000e+00
1.219603717572408641e+03,0.000000000000000000e+00
1.220019822559638897e+03,0.000000000000000000e+00
1.220435927546869380e+03,0.000000000000000000e+00
1.220852032534099635e+03,0.000000000000000000e+00
1.221268137521330118e+03,0.000000000000000000e+00
1.221684242508560601e+03,0.000000000000000000e+00
1.222100347495791084e+03,0.000000000000000000e+00
1.222516452483021340e+03,0.000000000000000000e+00
1.222932557470251822e+03,0.000000000000000000e+00
1.223348662457482305e+03,0.000000000000000000e+00
1.223764767444712788e+03,0.000000000000000000e+00
1.224180872431943271e+03,0.000000000000000000e+00
1.224596977419173527e+03,0.000000000000000000e+00
1.225013082406404010e+03,0.000000000000000000e+00
1.225429187393634493e+03,0.000000000000000000e+00
1.225845292380864976e+03,0.000000000000000000e+00
1.226261397368095459e+03,0.000000000000000000e+00
1.226677502355325942e+03,0.000000000000000000e+00
1.227093607342556197e+03,0.000000000000000000e+00
1.227509712329786680e+03,0.000000000000000000e+00
1.227925817317017163e+03,0.000000000000000000e+00
1.228341922304247646e+03,0.000000000000000000e+00
1.228758027291478129e+03,0.000000000000000000e+00
1.229174132278708385e+03,0.000000000000000000e+00
1.229590237265938867e+03,0.000000000000000000e+00
1.230006342253169350e+03,0.000000000000000000e+00
1.230422447240399833e+03,0.000000000000000000e+00
1.230838552227630316e+03,0.000000000000000000e+00
1.231254657214860799e+03,0.000000000000000000e+00
1.231670762202091055e+03,0.000000000000000000e+00
1.232086867189321538e+03,0.000000000000000000e+00
1.232502972176552021e+03,0.000000000000000000e+00
1.232919077163782504e+03,0.000000000000000000e+00
1.233335182151012987e+03,0.000000000000000000e+00
1.233751287138243242e+03,0.000000000000000000e+00
1.234167392125473725e+03,0.000000000000000000e+00
1.234583497112704208e+03,0.000000000000000000e+00
1.234999602099934691e+03,0.000000000000000000e+00
1.235415707087165174e+03,0.000000000000000000e+00
1.235831812074395657e+03,0.000000000000000000e+00
1.236247917061625913e+03,0.000000000000000000e+00
1.236664022048856395e+03,0.000000000000000000e+00
1.237080127036086878e+03,0.000000000000000000e+00
1.237496232023317361e+03,0.000000000000000000e+00
1.237912337010547844e+03,0.000000000000000000e+00
1.238328441997777873e+03,0.000000000000000000e+00
1.238744546985008355e+03,0.000000000000000000e+00
1.239160651972238838e+03,0.000000000000000000e+00
1.239576756959469321e+03,0.000000000000000000e+00
1.239992861946699804e+03,0.000000000000000000e+00
1.240408966933930287e+03,0.000000000000000000e+00
1.240825071921160543e+03,0.000000000000000000e+00
1.241241176908391026e+03,0.000000000000000000e+00
1.241657281895621509e+03,0.000000000000000000e+00
1.242073386882851992e+03,0.000000000000000000e+00
1.242489491870082475e+03,0.000000000000000000e+00
1.242905596857312730e+03,0.000000000000000000e+00
1.243321701844543213e+03,0.000000000000000000e+00
1.243737806831773696e+03,0.000000000000000000e+00
1.244153911819004179e+03,0.000000000000000000e+00
1.244570016806234662e+03,0.000000000000000000e+00
1.244986121793465145e+03,0.000000000000000000e+00
1.245402226780695401e+03,0.000000000000000000e+00
1.245818331767925883e+03,0.000000000000000000e+00
1.246234436755156366e+03,0.000000000000000000e+00
1.246650541742386849e+03,0.000000000000000000e+00
1.247066646729617332e+03,0.000000000000000000e+00
1.247482751716847588e+03,0.000000000000000000e+00
1.247898856704078071e+03,0.000000000000000000e+00
1.248314961691308554e+03,0.000000000000000000e+00
1.248731066678539037e+03,0.000000000000000000e+00
1.249147171665769520e+03,0.000000000000000000e+00
1.249563276653000003e+03,0.000000000000000000e+00
1.249979381640230258e+03,0.000000000000000000e+00
1.250395486627460741e+03,0.000000000000000000e+00
1.250811591614691224e+03,0.000000000000000000e+00
1.251227696601921707e+03,0.000000000000000000e+00
1.251643801589152190e+03,0.000000000000000000e+00
1.252059906576382446e+03,0.000000000000000000e+00
1.252476011563612929e+03,0.000000000000000000e+00
1.252892116550843411e+03,0.000000000000000000e+00
1.253308221538073894e+03,0.000000000000000000e+00
1.253724326525304377e+03,0.000000000000000000e+00
1.254140431512534860e+03,0.000000000000000000e+00
1.254556536499765116e+03,0.000000000000000000e+00
1.254972641486995599e+03,0.000000000000000000e+00
1.255388746474226082e+03,0.000000000000000000e+00
1.255804851461456337e+03,0.000000000000000000e+00
1.256220956448686820e+03,0.000000000000000000e+00
1.256637061435917076e+03,0.000000000000000000e+00
1.257053166423147559e+03,0.000000000000000000e+00
1.257469271410378042e+03,0.000000000000000000e+00
1.257885376397608525e+03,0.000000000000000000e+00
1.258301481384839008e+03,0.000000000000000000e+00
1.258717586372069491e+03,0.000000000000000000e+00
1.259133691359299746e+03,0.000000000000000000e+00
1.259549796346530229e+03,0.000000000000000000e+00
1.259965901333760712e+03,0.000000000000000000e+00
1.260382006320991195e+03,0.000000000000000000e+00
1.260798111308221678e+03,0.000000000000000000e+00
1.261214216295451934e+03,0.000000000000000000e+00
1.261630321282682416e+03,0.000000000000000000e+00
1.262046426269912899e+03,0.000000000000000000e+00
1.262462531257143382e+03,0.000000000000000000e+00
1.262878636244373865e+03,0.000000000000000000e+00
1.263294741231604348e+03,0.000000000000000000e+00
1.263710846218834604e+03,0.000000000000000000e+00
1.264126951206065087e+03,0.000000000000000000e+00
1.264543056193295570e+03,0.000000000000000000e+00
1.264959161180526053e+03,0.000000000000000000e+00
1.265375266167756536e+03,0.000000000000000000e+00
1.265791371154986791e+03,0.000000000000000000e+00
1.266207476142217274e+03,0.000000000000000000e+00
1.266623581129447757e+03,0.000000000000000000e+00
1.267039686116678240e+03,0.000000000000000000e+00
1.267455791103908723e+03,0.000000000000000000e+00
1.267871896091139206e+03,0.000000000000000000e+00
1.268288001078369462e+03,0.000000000000000000e+00
1.268704106065599944e+03,0.000000000000000000e+00
1.269120211052830427e+03,0.000000000000000000e+00
1.269536316040060910e+03,0.000000000000000000e+00
1.269952421027291393e+03,0.000000000000000000e+00
1.270368526014521649e+03,0.000000000000000000e+00
1.270784631001752132e+03,0.000000000000000000e+00
1.271200735988982615e+03,0.000000000000000000e+00
1.271616840976213098e+03,0.000000000000000000e+00
1.272032945963443581e+03,0.000000000000000000e+00
1.272449050950674064e+03,0.000000000000000000e+00
1.272865155937904092e+03,0.000000000000000000e+00
1.273281260925134575e+03,0.000000000000000000e+00
1.273697365912365058e+03,0.000000000000000000e+00
1.274113470899595541e+03,0.000000000000000000e+00
1.274529575886826024e+03,0.000000000000000000e+00
1.274945680874056279e+03,0.000000000000000000e+00
1.275361785861286762e+03,0.000000000000000000e+00
1.275777890848517245e+03,0.000000000000000000e+00
1.276193995835747728e+03,0.000000000000000000e+00
1.276610100822978211e+03,0.000000000000000000e+00
1.277026205810208694e+03,0.000000000000000000e+00
1.277442310797438950e+03,0.000000000000000000e+00
1.277858415784669432e+03,0.000000000000000000e+00
1.278274520771899915e+03,0.000000000000000000e+00
1.278690625759130398e+03,0.000000000000000000e+00
1.279106730746360881e+03,0.000000000000000000e+00
1.279522835733591137e+03,0.000000000000000000e+00
1.279938940720821620e+03,0.000000000000000000e+00
1.280355045708052103e+03,0.000000000000000000e+00
1.280771150695282586e+03,0.000000000000000000e+00
1.281187255682513069e+03,0.000000000000000000e+00
1.281603360669743552e+03,0.000000000000000000e+00
1.282019465656973807e+03,0.000000000000000000e+00
1.282435570644204290e+03,0.000000000000000000e+00
1.282851675631434773e+03,0.000000000000000000e+00
1.283267780618665256e+03,0.000000000000000000e+00
1.283683885605895739e+03,0.000000000000000000e+00
1.284099990593125995e+03,0.000000000000000000e+00
1.284516095580356478e+03,0.000000000000000000e+00
1.284932200567586960e+03,0.000000000000000000e+00
1.285348305554817443e+03,0.000000000000000000e+00
1.285764410542047926e+03,0.000000000000000000e+00
1.286180515529278409e+03,0.000000000000000000e+00
1.286596620516508665e+03,0.000000000000000000e+00
1.287012725503739148e+03,0.000000000000000000e+00
1.287428830490969631e+03,0.000000000000000000e+00
1.287844935478200114e+03,0.000000000000000000e+00
1.288261040465430597e+03,0.000000000000000000e+00
1.288677145452660852e+03,0.000000000000000000e+00
1.289093250439891335e+03,0.000000000000000000e+00
1.289509355427121818e+03,0.000000000000000000e+00
1.289925460414352301e+03,0.000000000000000000e+00
1.290341565401582784e+03,0.000000000000000000e+00
1.290757670388813040e+03,0.000000000000000000e+00
1.291173775376043295e+03,0.000000000000000000e+00
1.291589880363273778e+03,0.000000000000000000e+00
1.292005985350504261e+03,0.000000000000000000e+00
1.292422090337734744e+03,0.000000000000000000e+00
1.292838195324965227e+03,0.000000000000000000e+00
1.293254300312195483e+03,0.000000000000000000e+00
1.293670405299425965e+03,0.000000000000000000e+00
1.294086510286656448e+03,0.000000000000000000e+00
1.294502615273886931e+03,0.000000000000000000e+00
1.294918720261117414e+03,0.000000000000000000e+00
1.295334825248347897e+03,0.000000000000000000e+00
1.295750930235578153e+03,0.000000000000000000e+00
1.296167035222808636e+03,0.000000000000000000e+00
1.296583140210039119e+03,0.000000000000000000e+00
1.296999245197269602e+03,0.000000000000000000e+00
1.297415350184500085e+03,0.000000000000000000e+00
1.297831455171730340e+03,0.000000000000000000e+00
1.298247560158960823e+03,0.000000000000000000e+00
1.298663665146191306e+03,0.000000000000000000e+00
1.299079770133421789e+03,0.000000000000000000e+00
1.299495875120652272e+03,0.000000000000000000e+00
1.299911980107882755e+03,0.000000000000000000e+00
1.300328085095113011e+03,0.000000000000000000e+00
1.300744190082343493e+03,0.000000000000000000e+00
1.301160295069573976e+03,0.000000000000000000e+00
1.301576400056804459e+03,0.000000000000000000e+00
1.301992505044034942e+03,0.000000000000000000e+00
1.302408610031265198e+03,0.000000000000000000e+00
1.302824715018495681e+03,0.000000000000000000e+00
1.303240820005726164e+03,0.000000000000000000e+00
1.303656924992956647e+03,0.000000000000000000e+00
1.304073029980187130e+03,0.000000000000000000e+00
1.304489134967417613e+03,0.000000000000000000e+00
1.304905239954647868e+03,0.000000000000000000e+00
1.305321344941878351e+03,0.000000000000000000e+00
1.305737449929108834e+03,0.000000000000000000e+00
1.306153554916339317e+03,0.000000000000000000e+00
1.306569659903569800e+03,0.000000000000000000e+00
1.306985764890799828e+03,0.000000000000000000e+00
1.307401869878030311e+03,0.000000000000000000e+00
1.307817974865260794e+03,0.000000000000000000e+00
1.308234079852491277e+03,0.000000000000000000e+00
1.308650184839721760e+03,0.000000000000000000e+00
1.309066289826952243e+03,0.000000000000000000e+00
1.309482394814182499e+03,0.000000000000000000e+00
1.309898499801412981e+03,0.000000000000000000e+00
1.310314604788643464e+03,0.000000000000000000e+00
1.310730709775873947e+03,0.000000000000000000e+00
1.311146814763104430e+03,0.000000000000000000e+00
1.311562919750334686e+03,0.000000000000000000e+00
1.311979024737565169e+03,0.000000000000000000e+00
1.312395129724795652e+03,0.000000000000000000e+00
1.312811234712026135e+03,0.000000000000000000e+00
1.313227339699256618e+03,0.000000000000000000e+00
1.313643444686487101e+03,0.000000000000000000e+00
1.314059549673717356e+03,0.000000000000000000e+00
1.314475654660947839e+03,0.000000000000000000e+00
1.314891759648178322e+03,0.000000000000000000e+00
1.315307864635408805e+03,0.000000000000000000e+00
1.315723969622639288e+03,0.000000000000000000e+00
1.316140074609869544e+03,0.000000000000000000e+00
1.316556179597100027e+03,0.000000000000000000e+00
1.316972284584330509e+03,0.000000000000000000e+00
1.317388389571560992e+03,0.000000000000000000e+00
1.317804494558791475e+03,0.000000000000000000e+00
1.318220599546021958e+03,0.000000000000000000e+00
1.318636704533252214e+03,0.000000000000000000e+00
1.319052809520482697e+03,0.000000000000000000e+00
1.319468914507713180e+03,0.000000000000000000e+00
1.319885019494943663e+03,0.000000000000000000e+00
1.320301124482174146e+03,0.000000000000000000e+00
1.320717229469404401e+03,0.000000000000000000e+00
1.321133334456634884e+03,0.000000000000000000e+00
1.321549439443865367e+03,0.000000000000000000e+00
1.321965544431095850e+03,0.000000000000000000e+00
1.322381649418326333e+03,0.000000000000000000e+00
1.322797754405556816e+03,0.000000000000000000e+00
1.323213859392787072e+03,0.000000000000000000e+00
1.323629964380017555e+03,0.000000000000000000e+00
1.324046069367248037e+03,0.000000000000000000e+00
1.324462174354478520e+03,0.000000000000000000e+00
1.324878279341709003e+03,0.000000000000000000e+00
1.325294384328939032e+03,0.000000000000000000e+00
1.325710489316169514e+03,0.000000000000000000e+00
1.326126594303399997e+03,0.000000000000000000e+00
1.326542699290630480e+03,0.000000000000000000e+00
1.326958804277860963e+03,0.000000000000000000e+00
1.327374909265091446e+03,0.000000000000000000e+00
1.327791014252321702e+03,0.000000000000000000e+00
1.328207119239552185e+03,0.000000000000000000e+00
1.328623224226782668e+03,0.000000000000000000e+00
1.329039329214013151e+03,0.000000000000000000e+00
1.329455434201243634e+03,0.000000000000000000e+00
1.329871539188473889e+03,0.000000000000000000e+00
1.330287644175704372e+03,0.000000000000000000e+00
1.330703749162934855e+03,0.000000000000000000e+00
1.331119854150165338e+03,0.000000000000000000e+00
1.331535959137395821e+03,0.000000000000000000e+00
1.331952064124626304e+03,0.000000000000000000e+00
1.332368169111856560e+03,0.000000000000000000e+00
1.332784274099087042e+03,0.000000000000000000e+00
1.333200379086317525e+03,0.000000000000000000e+00
1.333616484073548008e+03,0.000000000000000000e+00
1.334032589060778491e+03,0.000000000000000000e+00
1.334448694048008747e+03,0.000000000000000000e+00
1.334864799035239230e+03,0.000000000000000000e+00
1.335280904022469713e+03,0.000000000000000000e+00
1.335697009009700196e+03,0.000000000000000000e+00
1.336113113996930679e+03,0.000000000000000000e+00
1.336529218984161162e+03,0.000000000000000000e+00
1.336945323971391417e+03,0.000000000000000000e+00
1.337361428958621900e+03,0.000000000000000000e+00
1.337777533945852383e+03,0.000000000000000000e+00
1.338193638933082866e+03,0.000000000000000000e+00
1.338609743920313349e+03,0.000000000000000000e+00
1.339025848907543605e+03,0.000000000000000000e+00
1.339441953894774088e+03,0.000000000000000000e+00
1.339858058882004570e+03,0.000000000000000000e+00
1.340274163869235053e+03,0.000000000000000000e+00
1.340690268856465536e+03,0.000000000000000000e+00
1.341106373843696019e+03,0.000000000000000000e+00
1.341522478830926275e+03,0.000000000000000000e+00
1.341938583818156530e+03,0.000000000000000000e+00
1.342354688805387013e+03,0.000000000000000000e+00
1.342770793792617496e+03,0.000000000000000000e+00
1.343186898779847979e+03,0.000000000000000000e+00
1.343603003767078235e+03,0.000000000000000000e+00
1.344019108754308718e+03,0.000000000000000000e+00
1.344435213741539201e+03,0.000000000000000000e+00
1.344851318728769684e+03,0.000000000000000000e+00
1.345267423716000167e+03,0.000000000000000000e+00
1.345683528703230650e+03,0.000000000000000000e+00
1.346099633690460905e+03,0.000000000000000000e+00
1.346515738677691388e+03,0.000000000000000000e+00
1.346931843664921871e+03,0.000000000000000000e+00
1.347347948652152354e+03,0.000000000000000000e+00
1.347764053639382837e+03,0.000000000000000000e+00
1.348180158626613093e+03,0.000000000000000000e+00
1.348596263613843576e+03,0.000000000000000000e+00
1.349012368601074058e+03,0.000000000000000000e+00
1.349428473588304541e+03,0.000000000000000000e+00
1.349844578575535024e+03,0.000000000000000000e+00
1.350260683562765507e+03,0.000000000000000000e+00
1.350676788549995763e+03,0.000000000000000000e+00
1.351092893537226246e+03,0.000000000000000000e+00
1.351508998524456729e+03,0.000000000000000000e+00
1.351925103511687212e+03,0.000000000000000000e+00
1.352341208498917695e+03,0.000000000000000000e+00
1.352757313486147950e+03,0.000000000000000000e+00
1.353173418473378433e+03,0.000000000000000000e+00
1.353589523460608916e+03,0.000000000000000000e+00
1.354005628447839399e+03,0.000000000000000000e+00
1.354421733435069882e+03,0.000000000000000000e+00
1.354837838422300365e+03,0.000000000000000000e+00
1.355253943409530621e+03,0.000000000000000000e+00
1.355670048396761104e+03,0.000000000000000000e+00
1.356086153383991586e+03,0.000000000000000000e+00
1.356502258371222069e+03,0.000000000000000000e+00
1.356918363358452552e+03,0.000000000000000000e+00
1.357334468345682808e+03,0.000000000000000000e+00
1.357750573332913291e+03,0.000000000000000000e+00
1.358166678320143774e+03,0.000000000000000000e+00
1.358582783307374257e+03,0.000000000000000000e+00
1.358998888294604740e+03,0.000000000000000000e+00
1.359414993281835223e+03,0.000000000000000000e+00
1.359831098269065251e+03,0.000000000000000000e+00
1.360247203256295734e+03,0.000000000000000000e+00
1.360663308243526217e+03,0.000000000000000000e+00
1.361079413230756700e+03,0.000000000000000000e+00
1.361495518217987183e+03,0.000000000000000000e+00
1.361911623205217438e+03,0.000000000000000000e+00
1.362327728192447921e+03,0.000000000000000000e+00
1.362743833179678404e+03,0.000000000000000000e+00
1.363159938166908887e+03,0.000000000000000000e+00
1.363576043154139370e+03,0.000000000000000000e+00
1.363992148141369853e+03,0.000000000000000000e+00
1.364408253128600109e+03,0.000000000000000000e+00
1.364824358115830591e+03,0.000000000000000000e+00
1.365240463103061074e+03,0.000000000000000000e+00
1.365656568090291557e+03,0.000000000000000000e+00
1.366072673077522040e+03,0.000000000000000000e+00
1.366488778064752296e+03,0.000000000000000000e+00
1.366904883051982779e+03,0.000000000000000000e+00
1.367320988039213262e+03,0.000000000000000000e+00
1.367737093026443745e+03,0.000000000000000000e+00
1.368153198013674228e+03,0.000000000000000000e+00
1.368569303000904711e+03,0.000000000000000000e+00
1.368985407988134966e+03,0.000000000000000000e+00
1.369401512975365449e+03,0.000000000000000000e+00
1.369817617962595932e+03,0.000000000000000000e+00
1.370233722949826415e+03,0.000000000000000000e+00
1.370649827937056898e+03,0.000000000000000000e+00
1.371065932924287154e+03,0.000000000000000000e+00
1.371482037911517637e+03,0.000000000000000000e+00
1.371898142898748119e+03,0.000000000000000000e+00
1.372314247885978602e+03,0.000000000000000000e+00
1.372730352873209085e+03,0.000000000000000000e+00
1.373146457860439568e+03,0.000000000000000000e+00
1.373562562847669824e+03,0.000000000000000000e+00
1.373978667834900307e+03,0.000000000000000000e+00
1.374394772822130790e+03,0.000000000000000000e+00
1.374810877809361273e+03,0.000000000000000000e+00
1.375226982796591756e+03,0.000000000000000000e+00
1.375643087783822011e+03,0.000000000000000000e+00
1.376059192771052494e+03,0.000000000000000000e+00
1.376475297758282977e+03,0.000000000000000000e+00
1.376891402745513233e+03,0.000000000000000000e+00
1.377307507732743716e+03,0.000000000000000000e+00
1.377723612719974199e+03,0.000000000000000000e+00
1.378139717707204454e+03,0.000000000000000000e+00
1.378555822694434937e+03,0.000000000000000000e+00
1.378971927681665420e+03,0.000000000000000000e+00
1.379388032668895903e+03,0.000000000000000000e+00
1.379804137656126386e+03,0.000000000000000000e+00
1.380220242643356642e+03,0.000000000000000000e+00
1.380636347630587125e+03,0.000000000000000000e+00
1.381052452617817607e+03,0.000000000000000000e+00
1.381468557605048090e+03,0.000000000000000000e+00
1.381884662592278573e+03,0.000000000000000000e+00
1.382300767579509056e+03,0.000000000000000000e+00
1.382716872566739312e+03,0.000000000000000000e+00
1.383132977553969795e+03,0.000000000000000000e+00
1.383549082541200278e+03,0.000000000000000000e+00
1.383965187528430761e+03,0.000000000000000000e+00
1.384381292515661244e+03,0.000000000000000000e+00
1.384797397502891727e+03,0.000000000000000000e+00
1.385213502490121982e+03,0.000000000000000000e+00
1.385629607477352465e+03,0.000000000000000000e+00
1.386045712464582948e+03,0.000000000000000000e+00
1.386461817451813431e+03,0.000000000000000000e+00
1.386877922439043914e+03,0.000000000000000000e+00
1.387294027426274170e+03,0.000000000000000000e+00
1.387710132413504653e+03,0.000000000000000000e+00
1.388126237400735135e+03,0.000000000000000000e+00
1.388542342387965618e+03,0.000000000000000000e+00
1.388958447375196101e+03,0.000000000000000000e+00
1.389374552362426584e+03,0.000000000000000000e+00
1.389790657349656840e+03,0.000000000000000000e+00
1.390206762336887323e+03,0.000000000000000000e+00
1.390622867324117806e+03,0.000000000000000000e+00
1.391038972311348289e+03,0.000000000000000000e+00
1.391455077298578772e+03,0.000000000000000000e+00
1.391871182285809027e+03,0.000000000000000000e+00
1.392287287273039510e+03,0.000000000000000000e+00
1.392703392260269993e+03,0.000000000000000000e+00
1.393119497247500476e+03,0.000000000000000000e+00
1.393535602234730959e+03,0.000000000000000000e+00
1.393951707221961442e+03,0.000000000000000000e+00
1.394367812209191470e+03,0.000000000000000000e+00
1.394783917196421953e+03,0.000000000000000000e+00
1.395200022183652436e+03,0.000000000000000000e+00
1.395616127170882919e+03,0.000000000000000000e+00
1.396032232158113402e+03,0.000000000000000000e+00
1.396448337145343658e+03,0.000000000000000000e+00
1.396864442132574140e+03,0.000000000000000000e+00
1.397280547119804623e+03,0.000000000000000000e+00
1.397696652107035106e+03,0.000000000000000000e+00
1.398112757094265589e+03,0.000000000000000000e+00
1.398528862081496072e+03,0.000000000000000000e+00
1.398944967068726328e+03,0.000000000000000000e+00
1.399361072055956811e+03,0.000000000000000000e+00
1.399777177043187294e+03,0.000000000000000000e+00
1.400193282030417777e+03,0.000000000000000000e+00
1.400609387017648260e+03,0.000000000000000000e+00
1.401025492004878515e+03,0.000000000000000000e+00
1.401441596992108998e+03,0.000000000000000000e+00
1.401857701979339481e+03,0.000000000000000000e+00
1.402273806966569964e+03,0.000000000000000000e+00
1.402689911953800447e+03,0.000000000000000000e+00
1.403106016941030930e+03,0.000000000000000000e+00
1.403522121928261186e+03,0.000000000000000000e+00
1.403938226915491668e+03,0.000000000000000000e+00
1.404354331902722151e+03,0.000000000000000000e+00
1.404770436889952634e+03,0.000000000000000000e+00
1.405186541877183117e+03,0.000000000000000000e+00
1.405602646864413373e+03,0.000000000000000000e+00
1.406018751851643856e+03,0.000000000000000000e+00
1.406434856838874339e+03,0.000000000000000000e+00
1.406850961826104822e+03,0.000000000000000000e+00
1.407267066813335305e+03,0.000000000000000000e+00
1.407683171800565788e+03,0.000000000000000000e+00
1.408099276787796043e+03,0.000000000000000000e+00
1.408515381775026526e+03,0.000000000000000000e+00
1.408931486762257009e+03,0.000000000000000000e+00
1.409347591749487492e+03,0.000000000000000000e+00
1.409763696736717975e+03,0.000000000000000000e+00
1.410179801723948231e+03,0.000000000000000000e+00
1.410595906711178714e+03,0.000000000000000000e+00
1.411012011698409196e+03,0.000000000000000000e+00
1.411428116685639679e+03,0.000000000000000000e+00
1.411844221672869935e+03,0.000000000000000000e+00
1.412260326660100418e+03,0.000000000000000000e+00
1.412676431647330674e+03,0.000000000000000000e+00
1.413092536634561156e+03,0.000000000000000000e+00
1.413508641621791639e+03,0.000000000000000000e+00
1.413924746609022122e+03,0.000000000000000000e+00
1.414340851596252605e+03,0.000000000000000000e+00
1.414756956583482861e+03,0.000000000000000000e+00
1.415173061570713344e+03,0.000000000000000000e+00
1.415589166557943827e+03,0.000000000000000000e+00
1.416005271545174310e+03,0.000000000000000000e+00
1.416421376532404793e+03,0.000000000000000000e+00
1.416837481519635276e+03,0.000000000000000000e+00
1.417253586506865531e+03,0.000000000000000000e+00
1.417669691494096014e+03,0.000000000000000000e+00
1.418085796481326497e+03,0.000000000000000000e+00
1.418501901468556980e+03,0.000000000000000000e+00
1.418918006455787463e+03,0.000000000000000000e+00
1.419334111443017719e+03,0.000000000000000000e+00
1.419750216430248202e+03,0.000000000000000000e+00
1.420166321417478684e+03,0.000000000000000000e+00
1.420582426404709167e+03,0.000000000000000000e+00
1.420998531391939650e+03,0.000000000000000000e+00
1.421414636379170133e+03,0.000000000000000000e+00
1.421830741366400389e+03,0.000000000000000000e+00
1.422246846353630872e+03,0.000000000000000000e+00
1.422662951340861355e+03,0.000000000000000000e+00
1.423079056328091838e+03,0.000000000000000000e+00
1.423495161315322321e+03,0.000000000000000000e+00
1.423911266302552576e+03,0.000000000000000000e+00
1.424327371289783059e+03,0.000000000000000000e+00
1.424743476277013542e+03,0.000000000000000000e+00
1.425159581264244025e+03,0.000000000000000000e+00
1.425575686251474508e+03,0.000000000000000000e+00
1.425991791238704991e+03,0.000000000000000000e+00
1.426407896225935247e+03,0.000000000000000000e+00
1.426824001213165729e+03,0.000000000000000000e+00
1.427240106200396212e+03,0.000000000000000000e+00
1.427656211187626695e+03,0.000000000000000000e+00
1.428072316174857178e+03,0.000000000000000000e+00
1.428488421162087207e+03,0.000000000000000000e+00
1.428904526149317689e+03,0.000000000000000000e+00
1.429320631136548172e+03,0.000000000000000000e+00
1.429736736123778655e+03,0.000000000000000000e+00
1.430152841111009138e+03,0.000000000000000000e+00
1.430568946098239621e+03,0.000000000000000000e+00
1.430985051085469877e+03,0.000000000000000000e+00
1.431401156072700360e+03,0.000000000000000000e+00
1.431817261059930843e+03,0.000000000000000000e+00
1.432233366047161326e+03,0.000000000000000000e+00
1.432649471034391809e+03,0.000000000000000000e+00
1.433065576021622064e+03,0.000000000000000000e+00
1.433481681008852547e+03,0.000000000000000000e+00
1.433897785996083030e+03,0.000000000000000000e+00
1.434313890983313513e+03,0.000000000000000000e+00
1.434729995970543996e+03,0.000000000000000000e+00
1.435146100957774479e+03,0.000000000000000000e+00
1.435562205945004735e+03,0.000000000000000000e+00
1.435978310932235217e+03,0.000000000000000000e+00
1.436394415919465700e+03,0.000000000000000000e+00
1.436810520906696183e+03,0.000000000000000000e+00
1.437226625893926666e+03,0.000000000000000000e+00
1.437642730881156922e+03,0.000000000000000000e+00
1.438058835868387405e+03,0.000000000000000000e+00
1.438474940855617888e+03,0.000000000000000000e+00
1.438891045842848371e+03,0.000000000000000000e+00
1.439307150830078854e+03,0.000000000000000000e+00
1.439723255817309337e+03,0.000000000000000000e+00
1.440139360804539592e+03,0.000000000000000000e+00
1.440555465791770075e+03,0.000000000000000000e+00
1.440971570779000558e+03,0.000000000000000000e+00
1.441387675766231041e+03,0.000000000000000000e+00
1.441803780753461524e+03,0.000000000000000000e+00
1.442219885740691780e+03,0.000000000000000000e+00
1.442635990727922263e+03,0.000000000000000000e+00
1.443052095715152745e+03,0.000000000000000000e+00
1.443468200702383228e+03,0.000000000000000000e+00
1.443884305689613711e+03,0.000000000000000000e+00
1.444300410676844194e+03,0.000000000000000000e+00
1.444716515664074450e+03,0.000000000000000000e+00
1.445132620651304933e+03,0.000000000000000000e+00
1.445548725638535416e+03,0.000000000000000000e+00
1.445964830625765899e+03,0.000000000000000000e+00
1.446380935612996382e+03,0.000000000000000000e+00
1.446797040600226410e+03,0.000000000000000000e+00
1.447213145587456893e+03,0.000000000000000000e+00
1.447629250574687376e+03,0.000000000000000000e+00
1.448045355561917859e+03,0.000000000000000000e+00
1.448461460549148342e+03,0.000000000000000000e+00
1.448877565536378825e+03,0.000000000000000000e+00
1.449293670523609080e+03,0.000000000000000000e+00
1.449709775510839563e+03,0.000000000000000000e+00
1.450125880498070046e+03,0.000000000000000000e+00
1.450541985485300529e+03,0.000000000000000000e+00
1.450958090472531012e+03,0.000000000000000000e+00
1.451374195459761268e+03,0.000000000000000000e+00
1.451790300446991751e+03,0.000000000000000000e+00
1.452206405434222233e+03,0.000000000000000000e+00
1.452622510421452716e+03,0.000000000000000000e+00
1.453038615408683199e+03,0.000000000000000000e+00
1.453454720395913682e+03,0.000000000000000000e+00
1.453870825383143938e+03,0.000000000000000000e+00
1.454286930370374421e+03,0.000000000000000000e+00
1.454703035357604904e+03,0.000000000000000000e+00
1.455119140344835387e+03,0.000000000000000000e+00
1.455535245332065870e+03,0.000000000000000000e+00
1.455951350319296125e+03,0.000000000000000000e+00
1.456367455306526608e+03,0.000000000000000000e+00
1.456783560293757091e+03,0.000000000000000000e+00
1.457199665280987574e+03,0.000000000000000000e+00
1.457615770268218057e+03,0.000000000000000000e+00
1.458031875255448540e+03,0.000000000000000000e+00
1.458447980242678796e+03,0.000000000000000000e+00
1.458864085229909278e+03,0.000000000000000000e+00
1.459280190217139761e+03,0.000000000000000000e+00
1.459696295204370244e+03,0.000000000000000000e+00
1.460112400191600727e+03,0.000000000000000000e+00
1.460528505178830983e+03,0.000000000000000000e+00
1.460944610166061466e+03,0.000000000000000000e+00
1.461360715153291949e+03,0.000000000000000000e+00
1.461776820140522432e+03,0.000000000000000000e+00
1.462192925127752915e+03,0.000000000000000000e+00
1.462609030114983398e+03,0.000000000000000000e+00
1.463025135102213426e+03,0.000000000000000000e+00
1.463441240089443909e+03,0.000000000000000000e+00
1.463857345076674392e+03,0.000000000000000000e+00
1.464273450063904875e+03,0.000000000000000000e+00
1.464689555051135358e+03,0.000000000000000000e+00
1.465105660038365613e+03,0.000000000000000000e+00
1.465521765025596096e+03,0.000000000000000000e+00
1.465937870012826579e+03,0.000000000000000000e+00
1.466353975000057062e+03,0.000000000000000000e+00
1.466770079987287545e+03,0.000000000000000000e+00
1.467186184974518028e+03,0.000000000000000000e+00
1.467602289961748284e+03,0.000000000000000000e+00
1.468018394948978766e+03,0.000000000000000000e+00
1.468434499936209249e+03,0.000000000000000000e+00
1.468850604923439732e+03,0.000000000000000000e+00
1.469266709910670215e+03,0.000000000000000000e+00
1.469682814897900471e+03,0.000000000000000000e+00
1.470098919885130954e+03,0.000000000000000000e+00
1.470515024872361437e+03,0.000000000000000000e+00
1.470931129859591920e+03,0.000000000000000000e+00
